PublicID,UTCTime,Latitude,LatitudeUncertainty,Longitude,LongitudeUncertainty,Depth,DepthUncertainty,PreferredMag,Mw,Mw_Uncertainty,Mw_StationCount,ML,ML_Uncertainty,ML_StationCount
874283,1996-01-01T00:06:47Z,-43.25,0.0,171.57,0.0,12.0,0.0,ML,,,,2.5,0.2,3
874284,1996-01-01T00:10:26Z,-39.23,0.0,174.86,0.0,224.0,3.0,ML,,,,3.8,0.3,16
876591,1996-01-01T00:12:36Z,-40.5,0.0,176.32,0.0,39.0,2.0,ML,,,,2.6,0.2,5
874285,1996-01-01T00:23:56Z,-39.43,0.0,175.72,0.0,12.0,1.0,ML,,,,1.5,0.1,6
876764,1996-01-01T01:07:15Z,-44.96,0.0,167.59,0.0,66.0,3.0,ML,,,,2.3,0.1,2
874288,1996-01-01T01:31:32Z,-39.9,0.0,176.95,0.0,32.0,2.0,ML,,,,2.9,0.5,9
874292,1996-01-01T02:32:41Z,-40.84,0.0,175.16,0.0,27.0,1.0,ML,,,,2.6,0.2,13
876766,1996-01-01T02:35:54Z,-38.53,0.0,177.32,0.0,42.0,7.0,ML,,,,2.9,0.3,6
876592,1996-01-01T03:13:48Z,-40.78,0.0,174.23,0.0,58.0,6.0,ML,,,,2.0,0.3,5
876768,1996-01-01T04:46:39Z,-38.66,0.0,177.9,0.0,28.0,2.0,ML,,,,3.2,0.2,12
874302,1996-01-01T04:51:44Z,-39.63,0.0,176.09,0.0,33.0,0.0,ML,,,,2.3,0.1,7
874305,1996-01-01T05:19:12Z,-41.58,0.0,174.42,0.0,18.0,2.0,ML,,,,2.1,0.2,9
874308,1996-01-01T05:26:50Z,-38.66,0.0,177.93,0.0,39.0,4.0,ML,,,,3.8,0.4,6
876770,1996-01-01T05:39:14Z,-38.9,0.1,177.88,0.0,32.0,3.0,ML,,,,2.8,0.1,3
885969,1996-01-01T05:46:16Z,-39.28,0.0,175.5,0.0,10.0,2.0,ML,,,,1.1,0.2,5
876597,1996-01-01T06:19:19Z,-39.24,0.0,173.82,0.0,20.0,1.0,ML,,,,2.7,0.2,12
901349,1996-01-01T06:31:26Z,-41.49,0.0,173.9,0.0,44.0,1.0,ML,,,,2.6,0.2,6
874312,1996-01-01T06:32:10Z,-37.94,0.0,175.84,0.1,179.0,6.0,ML,,,,3.4,0.1,3
874007,1996-01-01T07:16:40Z,-45.12,0.0,167.47,0.0,105.0,2.0,ML,,,,3.4,0.1,15
876602,1996-01-01T07:55:26Z,-41.04,0.0,174.57,0.0,38.0,1.0,ML,,,,2.8,0.3,12
879047,1996-01-01T08:07:19Z,-38.66,0.0,177.93,0.0,33.0,3.0,ML,,,,3.7,0.4,18
874314,1996-01-01T08:15:00Z,-38.79,0.0,177.95,0.0,41.0,3.0,ML,,,,3.3,0.2,4
876772,1996-01-01T09:07:54Z,-38.8,0.0,177.96,0.0,42.0,3.0,ML,,,,3.0,0.1,3
901351,1996-01-01T09:10:23Z,-39.69,0.0,175.02,0.0,77.0,2.0,ML,,,,2.6,0.3,7
874315,1996-01-01T09:14:01Z,-42.92,0.0,171.84,0.0,5.0,0.0,ML,,,,2.9,0.3,7
874317,1996-01-01T09:33:30Z,-42.77,0.0,172.8,0.0,5.0,0.0,ML,,,,2.1,0.1,3
876611,1996-01-01T10:30:04Z,-41.24,0.0,174.14,0.0,49.0,1.0,ML,,,,2.4,0.2,7
876915,1996-01-01T11:47:15Z,-40.65,0.0,174.81,0.0,31.0,2.0,ML,,,,2.7,0.2,20
901353,1996-01-01T11:54:34Z,-39.31,0.0,175.5,0.0,12.0,0.0,ML,,,,1.3,0.0,3
876921,1996-01-01T13:31:02Z,-41.44,0.0,175.43,0.0,26.0,1.0,ML,,,,2.2,0.2,10
874319,1996-01-01T13:44:29Z,-42.72,0.0,172.75,0.0,5.0,0.0,ML,,,,2.1,0.2,3
901354,1996-01-01T13:44:35Z,-38.52,0.1,176.02,0.1,211.0,12.0,ML,,,,3.3,0.3,7
874320,1996-01-01T13:49:10Z,-42.98,0.0,171.87,0.0,5.0,0.0,ML,,,,3.1,0.3,6
878247,1996-01-01T15:13:22Z,-38.84,0.0,174.52,0.0,12.0,0.0,ML,,,,1.9,0.1,4
876924,1996-01-01T15:25:49Z,-40.41,0.0,176.51,0.0,41.0,2.0,ML,,,,2.6,0.2,5
876933,1996-01-01T16:24:39Z,-39.84,0.0,173.18,0.0,12.0,0.0,ML,,,,2.7,0.2,6
901355,1996-01-01T16:51:28Z,-41.68,0.0,174.19,0.0,12.0,0.0,ML,,,,2.6,0.2,13
876782,1996-01-01T16:56:37Z,-41.68,0.0,174.18,0.0,12.0,0.0,ML,,,,2.5,0.2,12
876783,1996-01-01T17:30:03Z,-38.86,0.0,175.82,0.0,116.0,3.0,ML,,,,3.0,0.3,4
876785,1996-01-01T17:44:41Z,-37.28,0.0,177.38,0.0,12.0,0.0,ML,,,,3.1,0.1,4
874328,1996-01-01T18:00:55Z,-41.69,0.0,174.19,0.0,12.0,0.0,ML,,,,2.7,0.3,14
877330,1996-01-01T18:11:47Z,-39.48,0.0,175.65,0.0,18.0,2.0,ML,,,,2.0,0.2,3
876790,1996-01-01T20:35:49Z,-37.1,0.0,177.98,0.1,102.0,13.0,ML,,,,3.7,0.1,5
874333,1996-01-01T21:04:46Z,-43.3,0.0,170.87,0.1,5.0,0.0,ML,,,,2.3,0.2,3
879061,1996-01-01T21:13:14Z,-39.32,0.0,175.29,0.0,18.0,2.0,ML,,,,1.9,0.2,5
876943,1996-01-01T21:41:30Z,-40.91,0.0,175.56,0.0,28.0,3.0,ML,,,,2.1,0.2,4
874336,1996-01-01T22:00:20Z,-39.91,0.0,174.23,0.0,118.0,4.0,ML,,,,3.4,0.3,13
874342,1996-01-01T23:40:39Z,-42.69,0.0,175.71,0.0,33.0,0.0,ML,,,,3.4,0.2,22
876796,1996-01-02T01:44:01Z,-38.8,0.0,177.96,0.0,42.0,3.0,ML,,,,3.1,0.1,3
874348,1996-01-02T01:50:50Z,-43.35,0.0,171.01,0.0,33.0,0.0,ML,,,,2.3,0.3,3
874350,1996-01-02T02:06:52Z,-43.0,0.0,171.46,0.0,5.0,0.0,ML,,,,2.8,0.3,7
874011,1996-01-02T03:12:28Z,-45.22,0.0,167.33,0.0,83.0,1.0,ML,,,,3.0,0.1,15
876946,1996-01-02T03:25:21Z,-40.11,0.0,174.97,0.0,27.0,2.0,ML,,,,2.5,0.2,12
876947,1996-01-02T03:35:52Z,-39.88,0.0,175.12,0.0,36.0,3.0,ML,,,,2.6,0.4,7
875586,1996-01-02T03:40:49Z,-41.23,0.0,175.24,0.0,25.0,2.0,ML,,,,1.7,0.1,6
878487,1996-01-02T07:08:09Z,-39.28,0.0,175.56,0.0,0.0,0.0,ML,,,,0.9,0.3,4
901356,1996-01-02T08:40:59Z,-43.18,0.0,171.62,0.0,5.0,0.0,ML,,,,2.1,0.1,4
874363,1996-01-02T08:57:30Z,-42.84,0.0,171.9,0.0,33.0,0.0,ML,,,,1.8,0.0,2
874364,1996-01-02T10:10:47Z,-43.23,0.0,170.96,0.0,5.0,0.0,ML,,,,2.4,0.4,4
888825,1996-01-02T10:29:43Z,-39.28,0.0,175.56,0.0,0.0,0.0,ML,,,,0.7,0.2,3
876903,1996-01-02T10:31:03Z,-37.9,0.0,174.44,0.0,12.0,0.0,ML,,,,2.9,0.2,11
878497,1996-01-02T10:52:20Z,-39.42,0.0,175.71,0.0,14.0,5.0,ML,,,,1.6,0.1,5
876955,1996-01-02T11:23:19Z,-40.2,0.0,174.89,0.0,12.0,0.0,ML,,,,2.1,nan,1
888827,1996-01-02T11:27:01Z,-39.44,0.0,175.72,0.0,13.0,1.0,ML,,,,2.1,0.1,9
901357,1996-01-02T11:27:28Z,-45.33,0.0,166.93,0.1,27.0,3.0,ML,,,,2.6,0.2,2
886376,1996-01-02T11:48:40Z,-39.45,0.0,175.73,0.1,10.0,3.0,ML,,,,1.1,0.1,5
877874,1996-01-02T12:02:43Z,-40.16,0.0,176.88,0.1,12.0,0.0,ML,,,,2.6,0.2,9
903911,1996-01-02T12:06:25Z,-39.43,0.0,175.72,0.0,12.0,1.0,ML,,,,1.9,0.1,7
878501,1996-01-02T12:07:11Z,-39.41,0.0,175.69,0.0,18.0,2.0,ML,,,,1.4,0.1,6
876957,1996-01-02T13:47:15Z,-40.87,0.0,176.07,0.0,32.0,3.0,ML,,,,2.7,0.4,11
876812,1996-01-02T14:42:28Z,-38.57,0.0,175.75,0.0,134.0,2.0,ML,,,,3.1,0.3,2
879745,1996-01-02T15:06:05Z,-39.29,0.0,173.66,0.0,22.0,2.0,ML,,,,1.6,0.1,3
902602,1996-01-02T15:50:12Z,-39.42,0.0,175.75,0.0,5.0,0.0,ML,,,,1.1,0.3,4
886390,1996-01-02T15:50:15Z,-39.46,0.0,175.75,0.0,5.0,0.0,ML,,,,1.8,0.1,4
876815,1996-01-02T16:38:04Z,-37.8,0.0,179.34,0.0,12.0,0.0,ML,,,,3.1,0.3,2
874372,1996-01-02T17:28:37Z,-43.02,0.0,171.87,0.0,8.0,2.0,ML,,,,2.7,0.2,6
878143,1996-01-02T18:34:47Z,-39.2,0.0,174.76,0.0,5.0,0.0,ML,,,,2.4,0.3,4
874375,1996-01-02T18:48:00Z,-40.26,0.0,173.47,0.0,164.0,3.0,ML,,,,3.4,0.3,13
901358,1996-01-02T21:58:45Z,-39.91,0.0,176.76,0.0,48.0,4.0,ML,,,,2.9,0.3,4
874381,1996-01-02T21:59:31Z,-42.06,0.0,173.14,0.0,12.0,0.0,ML,,,,3.2,0.1,13
874382,1996-01-02T22:29:21Z,-43.0,0.0,171.37,0.0,5.0,0.0,ML,,,,3.0,0.3,7
876963,1996-01-03T00:43:28Z,-41.06,0.0,175.21,0.0,26.0,1.0,ML,,,,2.5,0.2,10
874386,1996-01-03T01:13:00Z,-43.11,0.0,171.46,0.0,5.0,0.0,ML,,,,2.5,0.1,4
874391,1996-01-03T03:26:16Z,-39.45,0.0,175.72,0.0,13.0,1.0,ML,,,,2.1,0.1,8
874394,1996-01-03T04:29:00Z,-38.46,0.1,176.11,0.1,171.0,5.0,ML,,,,3.5,0.3,10
874398,1996-01-03T05:51:30Z,-42.96,0.0,171.84,0.0,5.0,0.0,ML,,,,3.8,0.3,18
901360,1996-01-03T05:53:41Z,-40.87,0.0,174.76,0.0,12.0,0.0,ML,,,,3.0,0.1,15
876911,1996-01-03T06:05:20Z,-39.21,0.0,173.61,0.0,5.0,0.0,ML,,,,1.7,0.0,2
877138,1996-01-03T06:09:09Z,-39.36,0.1,175.56,0.1,0.0,0.0,ML,,,,1.4,0.5,4
879734,1996-01-03T07:42:35Z,-39.28,0.0,175.56,0.0,0.0,0.0,ML,,,,0.7,0.1,3
876978,1996-01-03T08:53:32Z,-45.11,0.0,167.43,0.0,94.0,3.0,ML,,,,3.8,0.1,4
876979,1996-01-03T09:24:15Z,-39.49,0.0,175.62,0.0,23.0,1.0,ML,,,,2.3,0.2,10
874403,1996-01-03T09:50:49Z,-42.13,0.0,173.07,0.0,5.0,0.0,ML,,,,2.2,0.2,5
874404,1996-01-03T11:07:13Z,-42.08,0.0,173.12,0.0,9.0,3.0,ML,,,,3.4,0.2,20
901361,1996-01-03T11:09:16Z,-42.0,0.0,173.19,0.0,25.0,2.0,ML,,,,2.0,0.2,4
874405,1996-01-03T11:13:39Z,-40.45,0.0,173.75,0.0,106.0,4.0,ML,,,,3.0,0.4,9
889139,1996-01-03T13:09:20Z,-39.28,0.0,175.56,0.0,0.0,0.0,ML,,,,0.5,0.0,2
877148,1996-01-03T13:33:31Z,-38.2,0.0,178.94,0.0,25.0,2.0,ML,,,,3.1,0.3,7
901362,1996-01-03T13:35:24Z,-38.08,0.0,176.38,0.0,113.0,5.0,ML,,,,3.4,0.2,9
888644,1996-01-03T14:00:38Z,-38.24,0.0,176.39,0.0,12.0,0.0,ML,,,,2.3,0.1,4
874408,1996-01-03T15:42:17Z,-42.93,0.0,171.83,0.0,5.0,0.0,ML,,,,2.7,0.1,5
874409,1996-01-03T15:46:03Z,-42.94,0.0,171.83,0.0,5.0,0.0,ML,,,,2.6,0.2,6
879810,1996-01-03T17:11:02Z,-38.7,0.0,175.45,0.1,171.0,6.0,ML,,,,3.5,0.2,2
874411,1996-01-03T17:36:18Z,-41.26,0.0,172.75,0.0,136.0,4.0,ML,,,,3.2,0.2,10
874413,1996-01-03T17:54:05Z,-40.39,0.0,174.24,0.0,104.0,3.0,ML,,,,4.0,0.2,20
877152,1996-01-03T18:14:20Z,-37.86,0.0,178.62,0.0,19.0,1.0,ML,,,,2.6,0.3,4
879815,1996-01-03T19:45:06Z,-39.27,0.0,173.61,0.0,12.0,0.0,ML,,,,1.8,0.1,3
874415,1996-01-03T19:47:34Z,-38.91,0.0,174.07,0.0,5.0,0.0,ML,,,,1.7,0.2,3
888663,1996-01-03T20:07:18Z,-39.28,0.0,175.56,0.0,0.0,0.0,ML,,,,0.6,0.1,3
889163,1996-01-03T21:11:46Z,-39.28,0.0,175.56,0.0,0.0,0.0,ML,,,,0.7,0.1,3
874022,1996-01-03T21:53:08Z,-44.4,0.0,170.13,0.0,12.0,0.0,ML,,,,2.1,0.2,7
874425,1996-01-03T22:38:24Z,-38.3,0.0,176.17,0.0,171.0,2.0,ML,,,,4.8,0.3,4
876985,1996-01-04T00:07:04Z,-40.42,0.0,176.48,0.0,43.0,1.0,ML,,,,2.7,0.4,9
876986,1996-01-04T00:37:25Z,-40.95,0.0,174.1,0.0,57.0,2.0,ML,,,,2.5,0.4,6
874440,1996-01-04T03:49:34Z,-43.0,0.0,171.89,0.0,5.0,0.0,ML,,,,2.3,0.1,4
876988,1996-01-04T05:00:28Z,-41.64,0.0,175.32,0.0,11.0,3.0,ML,,,,2.2,0.3,10
875628,1996-01-04T05:09:44Z,-39.52,0.0,175.66,0.0,15.0,2.0,ML,,,,1.5,0.1,6
879737,1996-01-04T06:58:17Z,-39.28,0.0,175.56,0.0,0.0,0.0,ML,,,,1.1,0.2,4
901364,1996-01-04T07:29:35Z,-41.62,0.0,175.37,0.0,23.0,1.0,ML,,,,4.1,0.2,9
876990,1996-01-04T07:32:25Z,-41.59,0.0,175.34,0.0,18.0,3.0,ML,,,,2.2,0.3,9
876991,1996-01-04T07:37:22Z,-41.56,0.0,175.33,0.0,19.0,3.0,ML,,,,2.1,0.3,9
877167,1996-01-04T07:42:41Z,-41.54,0.0,175.33,0.0,21.0,2.0,ML,,,,2.4,0.3,11
901365,1996-01-04T07:43:09Z,-43.01,0.0,171.88,0.0,5.0,0.0,ML,,,,2.5,0.2,4
879820,1996-01-04T08:07:31Z,-35.93,0.1,178.25,0.1,226.0,9.0,ML,,,,4.0,0.2,6
876993,1996-01-04T08:18:16Z,-41.65,0.0,175.34,0.0,9.0,3.0,ML,,,,2.0,0.4,6
876994,1996-01-04T08:33:04Z,-41.57,0.0,175.33,0.0,21.0,2.0,ML,,,,2.1,0.3,10
877168,1996-01-04T08:58:47Z,-39.68,0.0,177.01,0.0,30.0,1.0,ML,,,,2.8,0.3,8
874447,1996-01-04T09:09:33Z,-43.24,0.0,171.58,0.0,5.0,0.0,ML,,,,2.7,0.1,6
876995,1996-01-04T09:31:19Z,-40.69,0.0,175.51,0.0,29.0,2.0,ML,,,,2.4,0.2,11
874448,1996-01-04T09:36:05Z,-43.26,0.0,170.77,0.0,5.0,0.0,ML,,,,2.6,0.4,5
874449,1996-01-04T09:42:41Z,-43.27,0.0,170.77,0.0,5.0,0.0,ML,,,,2.6,0.2,3
874026,1996-01-04T10:09:37Z,-44.31,0.0,169.72,0.0,12.0,0.0,ML,,,,1.9,0.2,7
876996,1996-01-04T10:28:15Z,-41.64,0.0,175.33,0.0,22.0,2.0,ML,,,,3.4,0.3,4
876997,1996-01-04T10:43:23Z,-41.64,0.0,175.37,0.0,22.0,2.0,ML,,,,2.8,0.2,12
877170,1996-01-04T10:49:18Z,-36.87,0.1,176.97,0.1,253.0,5.0,ML,,,,3.7,0.1,5
876999,1996-01-04T11:21:00Z,-41.61,0.0,174.01,0.0,42.0,3.0,ML,,,,2.5,0.2,8
877000,1996-01-04T12:44:05Z,-41.56,0.0,175.34,0.0,21.0,2.0,ML,,,,2.5,0.2,10
877001,1996-01-04T13:36:00Z,-41.27,0.0,175.25,0.0,27.0,1.0,ML,,,,2.7,0.1,12
888197,1996-01-04T13:39:54Z,-39.28,0.0,175.56,0.0,0.0,0.0,ML,,,,1.1,0.1,2
874452,1996-01-04T14:48:21Z,-43.0,0.0,171.9,0.0,9.0,2.0,ML,,,,2.1,0.1,4
877175,1996-01-04T15:13:47Z,-37.63,0.0,178.4,0.0,53.0,1.0,ML,,,,2.5,0.1,3
901367,1996-01-04T15:15:03Z,-39.18,0.0,173.72,0.1,12.0,0.0,ML,,,,2.5,0.2,7
877002,1996-01-04T15:51:21Z,-41.55,0.0,175.34,0.0,23.0,3.0,ML,,,,2.7,0.2,10
874453,1996-01-04T16:58:55Z,-40.34,0.0,174.73,0.0,5.0,0.0,ML,,,,3.2,0.2,6
879738,1996-01-04T17:10:55Z,-38.85,0.0,175.78,0.0,116.0,1.0,ML,,,,4.1,0.2,23
874455,1996-01-04T17:39:53Z,-40.12,0.0,174.87,0.0,38.0,6.0,ML,,,,2.8,0.2,10
874458,1996-01-04T20:06:50Z,-40.17,0.0,173.48,0.0,175.0,3.0,ML,,,,3.2,0.2,10
886407,1996-01-04T20:45:32Z,-38.77,0.0,175.29,0.0,215.0,3.0,ML,,,,3.9,0.2,19
874460,1996-01-04T21:10:35Z,-42.95,0.0,171.82,0.0,5.0,0.0,ML,,,,2.7,0.3,6
875677,1996-01-04T22:13:07Z,-39.23,0.0,175.36,0.0,14.0,1.0,ML,,,,1.9,0.2,6
889167,1996-01-04T22:44:40Z,-39.28,0.0,175.56,0.0,0.0,0.0,ML,,,,0.9,nan,1
888198,1996-01-04T23:17:47Z,-39.55,0.0,175.71,0.0,15.0,1.0,ML,,,,1.8,0.1,4
877004,1996-01-05T00:01:11Z,-41.54,0.0,175.33,0.0,21.0,2.0,ML,,,,2.3,0.2,9
877006,1996-01-05T00:07:23Z,-40.91,0.0,175.73,0.0,28.0,2.0,ML,,,,2.2,0.2,10
874470,1996-01-05T01:20:58Z,-38.51,0.0,176.1,0.0,5.0,0.0,ML,,,,2.7,0.4,12
901373,1996-01-05T01:22:10Z,-38.55,0.0,176.1,0.0,5.0,0.0,ML,,,,2.4,0.3,9
877181,1996-01-05T01:23:01Z,-38.53,0.0,176.1,0.0,5.0,0.0,ML,,,,2.8,0.3,14
879740,1996-01-05T01:41:22Z,-38.38,0.0,176.45,0.0,5.0,0.0,ML,,,,1.8,0.1,3
877182,1996-01-05T02:05:47Z,-38.48,0.0,176.07,0.0,5.0,0.0,ML,,,,2.4,0.3,11
874473,1996-01-05T02:53:35Z,-38.54,0.0,176.08,0.0,85.0,2.0,ML,,,,2.7,nan,1
874476,1996-01-05T03:21:51Z,-43.09,0.0,171.43,0.0,5.0,0.0,ML,,,,2.8,0.2,3
875683,1996-01-05T04:08:47Z,-38.86,0.0,177.95,0.0,45.0,3.0,ML,,,,2.8,0.1,3
875690,1996-01-05T04:29:40Z,-37.49,0.0,179.34,0.0,12.0,0.0,ML,,,,3.4,0.4,4
875692,1996-01-05T04:34:03Z,-40.25,0.0,174.92,0.0,18.0,4.0,ML,,,,2.1,0.3,3
901374,1996-01-05T04:34:24Z,-41.32,0.0,175.68,0.0,19.0,4.0,ML,,,,1.7,0.1,7
874478,1996-01-05T04:40:32Z,-38.51,0.0,176.09,0.0,5.0,0.0,ML,,,,2.8,0.3,17
874033,1996-01-05T04:47:48Z,-44.87,0.0,167.63,0.0,78.0,3.0,ML,,,,2.5,0.2,3
874479,1996-01-05T05:03:39Z,-36.83,0.0,176.56,0.1,270.0,4.0,ML,,,,3.9,0.2,16
874480,1996-01-05T05:47:22Z,-38.42,0.1,175.51,0.1,211.0,14.0,ML,,,,3.5,0.2,9
877014,1996-01-05T07:19:06Z,-36.85,0.1,176.94,0.1,263.0,9.0,ML,,,,4.2,0.2,19
877015,1996-01-05T07:28:17Z,-41.55,0.1,175.3,0.0,17.0,4.0,ML,,,,2.0,0.2,6
875735,1996-01-05T07:30:12Z,-41.59,0.1,175.33,0.0,14.0,4.0,ML,,,,1.9,0.2,3
875744,1996-01-05T10:10:13Z,-38.39,0.0,175.46,0.1,126.0,11.0,ML,,,,3.1,0.2,7
877025,1996-01-05T10:57:52Z,-40.54,0.0,174.61,0.0,28.0,1.0,ML,,,,1.7,0.1,5
888313,1996-01-05T11:35:15Z,-39.28,0.0,175.56,0.0,0.0,0.0,ML,,,,1.0,0.2,2
874487,1996-01-05T11:42:37Z,-39.22,0.0,175.37,0.0,11.0,1.0,ML,,,,1.9,0.2,5
901375,1996-01-05T11:43:53Z,-42.93,0.0,172.09,0.0,5.0,0.0,ML,,,,2.3,0.3,4
877196,1996-01-05T12:42:14Z,-36.4,0.0,178.59,0.0,12.0,0.0,ML,,,,3.2,0.3,4
875749,1996-01-05T12:55:27Z,-37.71,0.0,179.28,0.0,19.0,2.0,ML,,,,3.2,0.3,3
877026,1996-01-05T14:23:36Z,-37.76,0.0,179.2,0.0,23.0,2.0,ML,,,,3.6,0.2,18
874489,1996-01-05T14:54:33Z,-38.1,0.0,176.13,0.0,158.0,3.0,ML,,,,4.0,0.2,21
874490,1996-01-05T15:26:12Z,-39.99,0.0,173.75,0.0,211.0,4.0,ML,,,,3.1,0.3,10
888314,1996-01-05T15:56:02Z,-39.28,0.0,175.56,0.0,0.0,0.0,ML,,,,1.0,0.3,2
877028,1996-01-05T16:17:01Z,-40.4,0.0,176.67,0.0,17.0,4.0,ML,,,,2.3,0.2,10
879702,1996-01-05T16:53:31Z,-39.27,0.0,173.85,0.0,24.0,1.0,ML,,,,1.7,0.2,3
877029,1996-01-05T17:00:16Z,-40.89,0.0,176.04,0.0,41.0,2.0,ML,,,,2.1,0.3,3
875761,1996-01-05T17:30:28Z,-39.5,0.0,175.63,0.0,23.0,1.0,ML,,,,1.8,0.2,6
874492,1996-01-05T17:32:43Z,-42.96,0.0,171.34,0.0,5.0,0.0,ML,,,,2.2,0.3,3
875762,1996-01-05T17:36:30Z,-40.38,0.0,175.39,0.0,12.0,0.0,ML,,,,1.9,0.2,7
901377,1996-01-05T17:39:56Z,-43.02,0.1,171.98,0.1,22.0,7.0,ML,,,,2.4,0.3,3
874493,1996-01-05T17:40:18Z,-40.85,0.0,174.54,0.0,23.0,1.0,ML,,,,1.9,0.2,6
875765,1996-01-05T17:44:59Z,-39.28,0.0,175.56,0.0,0.0,0.0,ML,,,,0.8,nan,1
879703,1996-01-05T18:08:22Z,-43.24,0.0,171.57,0.0,12.0,0.0,ML,,,,2.4,0.1,3
877202,1996-01-05T18:12:24Z,-37.98,0.0,177.33,0.0,49.0,4.0,ML,,,,3.0,0.3,4
901378,1996-01-05T18:32:33Z,-39.02,0.1,178.15,0.0,50.0,6.0,ML,,,,3.2,0.5,2
877030,1996-01-05T18:33:24Z,-40.0,0.0,176.82,0.0,53.0,2.0,ML,,,,2.7,0.2,9
874494,1996-01-05T18:55:26Z,-42.99,0.0,171.87,0.0,5.0,0.0,ML,,,,2.7,0.1,6
901379,1996-01-05T19:18:41Z,-40.38,0.0,175.76,0.0,34.0,2.0,ML,,,,1.9,0.3,4
886073,1996-01-05T19:32:34Z,-39.57,0.0,175.7,0.0,13.0,4.0,ML,,,,2.2,0.1,5
874035,1996-01-05T19:33:05Z,-45.4,0.0,166.82,0.0,17.0,1.0,ML,,,,4.2,0.2,4
901381,1996-01-05T19:36:15Z,-45.45,0.0,166.77,0.0,5.0,0.0,ML,,,,2.5,0.0,1
877205,1996-01-05T20:14:14Z,-37.42,0.0,177.36,0.0,134.0,2.0,ML,,,,3.1,0.1,3
878156,1996-01-05T20:54:05Z,-39.46,0.0,174.91,0.0,33.0,0.0,ML,,,,1.9,0.1,5
877034,1996-01-05T21:39:50Z,-41.63,0.0,174.67,0.0,31.0,1.0,ML,,,,2.8,0.2,14
874497,1996-01-05T22:25:13Z,-43.2,0.0,170.91,0.0,5.0,0.0,ML,,,,3.1,0.2,6
901382,1996-01-05T22:26:12Z,-42.92,0.0,171.64,0.0,5.0,0.0,ML,,,,2.2,0.1,3
877035,1996-01-05T22:35:42Z,-41.63,0.0,174.13,0.0,25.0,4.0,ML,,,,2.4,0.2,10
875775,1996-01-05T22:59:54Z,-41.3,0.0,175.67,0.0,19.0,2.0,ML,,,,1.9,0.1,5
877036,1996-01-05T23:01:19Z,-41.33,0.0,175.68,0.0,19.0,1.0,ML,,,,1.8,0.1,5
889172,1996-01-05T23:21:21Z,-39.49,0.0,175.67,0.0,22.0,1.0,ML,,,,2.7,0.1,13
875777,1996-01-05T23:28:05Z,-41.53,0.0,175.33,0.0,20.0,3.0,ML,,,,2.2,0.2,8
877334,1996-01-05T23:35:37Z,-44.47,0.0,169.61,0.0,12.0,0.0,ML,,,,1.9,0.3,7
879838,1996-01-05T23:56:47Z,-39.22,0.0,175.54,0.1,102.0,2.0,ML,,,,2.8,nan,1
875779,1996-01-06T00:24:53Z,-41.56,0.0,174.7,0.0,29.0,1.0,ML,,,,1.9,0.2,4
886635,1996-01-06T00:41:43Z,-39.47,0.0,175.66,0.0,21.0,2.0,ML,,,,2.0,0.2,5
877041,1996-01-06T01:18:38Z,-40.69,0.0,174.56,0.0,35.0,4.0,ML,,,,2.5,0.2,9
877042,1996-01-06T02:01:22Z,-40.98,0.0,175.49,0.0,22.0,2.0,ML,,,,3.1,0.2,22
875790,1996-01-06T03:22:03Z,-40.98,0.0,175.51,0.0,29.0,1.0,ML,,,,1.8,0.3,3
877043,1996-01-06T03:45:09Z,-42.58,0.0,172.55,0.0,5.0,0.0,ML,,,,3.7,0.2,5
879597,1996-01-06T04:50:26Z,-43.02,0.0,171.34,0.0,5.0,0.0,ML,,,,2.3,0.3,3
879600,1996-01-06T07:24:35Z,-42.76,0.0,172.8,0.0,5.0,0.0,ML,,,,2.1,0.1,3
874038,1996-01-06T07:43:53Z,-42.94,0.0,171.93,0.0,5.0,0.0,ML,,,,2.4,0.2,5
877047,1996-01-06T08:34:16Z,-40.45,0.0,174.16,0.0,91.0,6.0,ML,,,,2.8,0.3,9
877048,1996-01-06T08:46:16Z,-40.59,0.0,175.68,0.0,30.0,2.0,ML,,,,2.4,0.2,14
874039,1996-01-06T09:32:01Z,-45.24,0.0,166.93,0.1,12.0,0.0,ML,,,,3.2,0.2,15
877052,1996-01-06T10:08:56Z,-39.47,0.0,175.63,0.0,20.0,1.0,ML,,,,1.9,0.2,4
877053,1996-01-06T10:13:36Z,-41.51,0.0,175.33,0.0,21.0,3.0,ML,,,,2.4,0.1,8
901385,1996-01-06T10:17:09Z,-42.98,0.0,171.85,0.0,9.0,2.0,ML,,,,3.1,0.2,8
901386,1996-01-06T10:17:56Z,-37.71,0.0,179.53,0.1,12.0,0.0,ML,,,,3.0,0.3,4
877219,1996-01-06T10:19:30Z,-39.47,0.0,175.64,0.0,19.0,1.0,ML,,,,1.8,0.2,5
877056,1996-01-06T10:48:50Z,-40.32,0.0,174.55,0.0,12.0,0.0,ML,,,,2.2,0.2,4
877059,1996-01-06T10:54:11Z,-41.75,0.0,173.75,0.1,32.0,1.0,ML,,,,2.3,0.3,4
888319,1996-01-06T10:57:38Z,-39.17,0.0,175.22,0.0,12.0,0.0,ML,,,,1.2,0.0,3
877060,1996-01-06T11:06:01Z,-41.32,0.0,175.67,0.0,19.0,1.0,ML,,,,1.9,0.1,7
877222,1996-01-06T11:23:01Z,-37.66,0.0,177.65,0.0,88.0,1.0,ML,,,,2.9,0.2,3
877226,1996-01-06T12:23:09Z,-42.07,0.0,173.11,0.0,5.0,0.0,ML,,,,2.3,0.1,5
877061,1996-01-06T12:36:33Z,-39.28,0.0,175.56,0.0,0.0,0.0,ML,,,,0.8,0.3,2
888207,1996-01-06T13:22:41Z,-39.49,0.0,175.7,0.0,14.0,3.0,ML,,,,1.6,0.1,4
886159,1996-01-06T14:03:55Z,-39.27,0.0,173.87,0.0,24.0,2.0,ML,,,,1.6,0.0,2
877066,1996-01-06T14:06:29Z,-41.06,0.0,174.42,0.0,63.0,1.0,ML,,,,2.3,0.2,6
879603,1996-01-06T14:23:24Z,-42.76,0.0,172.74,0.0,12.0,0.0,ML,,,,2.3,0.0,3
877067,1996-01-06T14:58:26Z,-39.44,0.0,175.74,0.0,9.0,2.0,ML,,,,1.7,0.1,5
901388,1996-01-06T14:59:36Z,-41.62,0.0,175.34,0.0,12.0,0.0,ML,,,,1.9,0.2,5
888209,1996-01-06T15:17:32Z,-39.42,0.0,175.77,0.0,5.0,0.0,ML,,,,1.3,0.0,3
875795,1996-01-06T15:55:04Z,-38.67,0.0,178.27,0.0,43.0,5.0,ML,,,,2.8,0.1,4
874040,1996-01-06T16:38:33Z,-44.88,0.0,170.32,0.0,12.0,0.0,ML,,,,2.2,0.1,3
879846,1996-01-06T17:01:26Z,-39.28,0.0,175.56,0.0,0.0,0.0,ML,,,,0.4,nan,1
877068,1996-01-06T17:03:19Z,-40.8,0.0,175.28,0.0,32.0,2.0,ML,,,,1.4,0.2,5
877069,1996-01-06T17:37:00Z,-41.28,0.0,175.15,0.0,26.0,0.0,ML,,,,1.3,0.2,3
886279,1996-01-06T17:42:44Z,-39.2,0.0,175.25,0.1,33.0,0.0,ML,,,,1.3,0.1,2
875796,1996-01-06T17:56:10Z,-40.63,0.0,175.83,0.0,51.0,3.0,ML,,,,2.2,nan,1
878214,1996-01-06T19:11:22Z,-43.01,0.0,171.38,0.0,5.0,0.0,ML,,,,2.8,0.3,6
901413,1996-01-06T19:12:11Z,-43.03,0.0,171.38,0.0,5.0,0.0,ML,,,,2.4,0.4,3
886293,1996-01-06T21:55:13Z,-39.28,0.0,175.56,0.0,0.0,0.0,ML,,,,0.8,0.3,4
877070,1996-01-06T22:08:09Z,-40.97,0.0,175.49,0.0,26.0,2.0,ML,,,,2.2,0.2,9
877071,1996-01-06T22:11:02Z,-41.64,0.0,175.32,0.0,5.0,0.0,ML,,,,2.0,0.2,8
877238,1996-01-06T22:16:17Z,-43.68,0.0,169.59,0.0,12.0,0.0,ML,,,,2.6,0.4,8
877240,1996-01-06T22:57:55Z,-39.08,0.0,175.74,0.0,6.0,0.0,ML,,,,1.1,0.4,3
877072,1996-01-06T23:04:52Z,-40.89,0.0,174.77,0.0,8.0,2.0,ML,,,,2.6,0.2,12
877074,1996-01-06T23:25:55Z,-43.0,0.0,171.84,0.0,5.0,0.0,ML,,,,3.8,0.2,4
877075,1996-01-07T00:41:30Z,-41.0,0.0,175.11,0.0,25.0,1.0,ML,,,,1.9,0.2,4
879619,1996-01-07T00:54:49Z,-39.56,0.0,175.63,0.0,15.0,2.0,ML,,,,1.8,0.1,7
879627,1996-01-07T02:40:16Z,-39.26,0.0,173.74,0.1,12.0,0.0,ML,,,,1.9,0.1,3
877076,1996-01-07T02:47:42Z,-40.25,0.0,175.46,0.0,38.0,4.0,ML,,,,2.4,0.3,6
889174,1996-01-07T03:15:12Z,-39.1,0.0,175.68,0.1,5.0,0.0,ML,,,,1.2,0.4,3
877077,1996-01-07T03:22:00Z,-41.03,0.0,175.28,0.0,13.0,2.0,ML,,,,2.5,0.2,15
879629,1996-01-07T03:54:30Z,-43.03,0.0,171.35,0.0,5.0,0.0,ML,,,,2.7,0.3,4
877079,1996-01-07T04:19:59Z,-43.09,0.0,171.4,0.0,12.0,0.0,ML,,,,2.8,0.4,6
875806,1996-01-07T04:26:27Z,-42.76,0.0,172.76,0.0,12.0,0.0,ML,,,,2.3,0.1,3
889175,1996-01-07T04:36:24Z,-39.31,0.1,175.57,0.1,0.0,0.0,ML,,,,0.5,0.0,3
877080,1996-01-07T05:00:34Z,-38.8,0.0,175.34,0.0,181.0,3.0,ML,,,,3.4,0.4,9
901414,1996-01-07T05:14:19Z,-40.09,0.0,174.98,0.0,25.0,2.0,ML,,,,2.6,0.2,13
877082,1996-01-07T05:18:09Z,-40.1,0.0,174.92,0.0,28.0,2.0,ML,,,,2.4,0.2,11
874044,1996-01-07T05:57:39Z,-43.27,0.0,170.95,0.0,5.0,0.0,ML,,,,3.1,0.3,17
877084,1996-01-07T06:16:26Z,-39.91,0.0,174.19,0.0,12.0,0.0,ML,,,,2.3,0.1,5
877085,1996-01-07T06:29:40Z,-36.32,0.1,178.74,0.2,229.0,12.0,ML,,,,3.8,0.3,8
877255,1996-01-07T07:54:42Z,-38.28,0.0,177.62,0.0,60.0,2.0,ML,,,,3.4,0.2,4
877090,1996-01-07T08:12:05Z,-41.09,0.0,175.48,0.0,30.0,2.0,ML,,,,2.0,0.1,8
877095,1996-01-07T09:36:32Z,-41.32,0.0,172.57,0.0,188.0,3.0,ML,,,,3.2,0.2,7
886160,1996-01-07T11:03:30Z,-39.28,0.0,173.89,0.1,17.0,1.0,ML,,,,1.4,0.0,2
878215,1996-01-07T11:32:49Z,-42.35,0.0,174.19,0.1,12.0,0.0,ML,,,,2.4,0.3,3
888800,1996-01-07T12:44:50Z,-37.65,0.0,179.47,0.0,12.0,0.0,ML,,,,2.8,0.3,4
877260,1996-01-07T12:47:23Z,-43.0,0.0,171.45,0.0,5.0,0.0,ML,,,,2.9,0.1,5
901427,1996-01-07T12:47:48Z,-43.64,0.0,169.7,0.0,12.0,0.0,ML,,,,3.3,0.3,13
879637,1996-01-07T13:29:50Z,-43.0,0.0,171.46,0.0,5.0,0.0,ML,,,,2.2,0.1,3
879638,1996-01-07T13:40:13Z,-43.33,0.0,171.49,0.0,5.0,0.0,ML,,,,2.3,0.2,3
877101,1996-01-07T15:39:04Z,-40.82,0.0,174.95,0.0,35.0,1.0,ML,,,,2.2,0.3,9
877102,1996-01-07T15:47:15Z,-41.2,0.0,175.0,0.0,15.0,1.0,ML,,,,1.5,0.1,4
877103,1996-01-07T16:16:08Z,-41.33,0.0,174.62,0.0,29.0,1.0,ML,,,,2.3,0.1,14
878163,1996-01-07T16:40:21Z,-39.17,0.0,175.03,0.0,28.0,2.0,ML,,,,2.4,0.1,8
879484,1996-01-07T17:00:26Z,-45.05,0.0,169.23,0.0,4.0,0.0,ML,,,,1.1,0.2,4
877105,1996-01-07T17:10:08Z,-41.4,0.0,174.55,0.0,28.0,1.0,ML,,,,2.7,0.1,15
877106,1996-01-07T17:13:12Z,-40.17,0.0,174.84,0.0,12.0,0.0,ML,,,,2.1,0.1,3
877107,1996-01-07T17:59:55Z,-42.3,0.0,174.14,0.0,12.0,0.0,ML,,,,2.9,0.3,12
878217,1996-01-07T18:19:02Z,-43.18,0.0,172.18,0.0,5.0,0.0,ML,,,,3.1,0.2,7
877267,1996-01-07T19:05:02Z,-41.26,0.0,172.44,0.0,12.0,0.0,ML,,,,2.3,0.2,2
879533,1996-01-07T19:09:27Z,-47.4,0.0,165.28,0.0,12.0,0.0,ML,,,,3.2,0.2,3
877268,1996-01-07T19:39:47Z,-39.27,0.0,173.87,0.0,21.0,3.0,ML,,,,1.6,0.0,3
878218,1996-01-07T19:57:07Z,-43.0,0.0,171.87,0.0,5.0,0.0,ML,,,,2.8,0.3,7
877270,1996-01-07T20:31:39Z,-44.91,0.0,167.65,0.0,76.0,5.0,ML,,,,2.4,0.2,9
886461,1996-01-07T21:13:51Z,-39.28,0.0,175.56,0.0,0.0,0.0,ML,,,,0.8,nan,1
877108,1996-01-07T21:50:50Z,-40.85,0.0,174.71,0.0,50.0,2.0,ML,,,,2.4,0.2,7
875816,1996-01-07T22:02:19Z,-39.16,0.0,175.64,0.0,0.0,0.0,ML,,,,0.8,0.2,3
877273,1996-01-07T22:05:55Z,-43.46,0.0,171.44,0.0,12.0,0.0,ML,,,,2.7,0.1,4
877274,1996-01-07T22:10:53Z,-39.42,0.0,175.49,0.0,73.0,1.0,ML,,,,2.6,nan,1
877109,1996-01-07T22:27:28Z,-41.33,0.0,174.03,0.0,55.0,1.0,ML,,,,2.8,0.2,11
879765,1996-01-08T00:52:30Z,-39.26,0.0,173.85,0.0,24.0,1.0,ML,,,,2.3,0.6,4
889009,1996-01-08T02:17:42Z,-39.29,0.1,175.64,0.1,0.0,0.0,ML,,,,0.8,0.2,2
879652,1996-01-08T02:27:21Z,-43.33,0.0,171.83,0.1,27.0,4.0,ML,,,,2.4,0.3,2
879544,1996-01-08T03:42:11Z,-39.15,0.0,175.61,0.0,0.0,0.0,ML,,,,0.9,0.2,4
874050,1996-01-08T04:16:46Z,-44.5,0.0,168.31,0.0,12.0,0.0,ML,,,,3.1,0.2,12
877110,1996-01-08T04:34:18Z,-41.28,0.0,175.04,0.0,29.0,3.0,ML,,,,1.9,0.3,5
878026,1996-01-08T04:52:32Z,-45.5,0.0,167.07,0.0,73.0,1.0,ML,,,,2.8,0.1,9
877288,1996-01-08T05:03:40Z,-40.49,0.0,176.55,0.0,50.0,2.0,ML,,,,2.8,0.1,1
877114,1996-01-08T07:07:54Z,-40.51,0.0,173.97,0.0,84.0,4.0,ML,,,,2.7,0.3,6
879773,1996-01-08T07:23:30Z,-39.12,0.0,174.39,0.0,33.0,0.0,ML,,,,2.5,0.3,9
888228,1996-01-08T07:36:36Z,-38.02,0.0,176.51,0.0,5.0,0.0,ML,,,,2.4,0.3,8
877295,1996-01-08T07:47:13Z,-38.02,0.0,176.51,0.0,9.0,3.0,ML,,,,2.3,0.3,6
877118,1996-01-08T08:38:06Z,-39.28,0.0,175.19,0.0,15.0,1.0,ML,,,,1.7,0.1,5
877296,1996-01-08T09:17:52Z,-38.65,0.0,177.43,0.0,29.0,2.0,ML,,,,2.8,0.2,11
901436,1996-01-08T09:18:46Z,-37.73,0.0,177.55,0.0,48.0,4.0,ML,,,,2.5,0.3,3
879655,1996-01-08T10:04:06Z,-43.01,0.0,171.42,0.0,12.0,0.0,ML,,,,2.2,0.4,2
877297,1996-01-08T10:08:22Z,-38.34,0.0,179.09,0.1,12.0,0.0,ML,,,,2.8,0.2,4
879774,1996-01-08T12:12:41Z,-38.13,0.0,176.26,0.0,5.0,0.0,ML,,,,2.7,0.5,7
878222,1996-01-08T15:00:37Z,-43.17,0.0,171.47,0.0,5.0,0.0,ML,,,,3.0,0.2,7
879091,1996-01-08T15:28:28Z,-40.68,0.0,173.94,0.0,83.0,2.0,ML,,,,2.1,0.1,3
877302,1996-01-08T16:08:22Z,-40.53,0.0,176.45,0.0,35.0,5.0,ML,,,,3.6,0.2,19
877303,1996-01-08T16:47:23Z,-38.35,0.0,177.16,0.0,42.0,2.0,ML,,,,3.3,0.3,4
889182,1996-01-08T16:58:25Z,-39.11,0.0,175.71,0.0,0.0,0.0,ML,,,,1.3,0.4,2
901674,1996-01-08T17:04:56Z,-39.42,0.1,175.76,0.1,5.0,0.0,ML,,,,1.3,0.0,2
879564,1996-01-08T17:18:55Z,-39.24,0.0,173.88,0.0,23.0,2.0,ML,,,,1.6,0.0,2
879656,1996-01-08T17:39:39Z,-42.92,0.0,171.66,0.0,8.0,2.0,ML,,,,2.2,0.1,4
886422,1996-01-08T17:53:32Z,-39.24,0.0,175.44,0.0,14.0,0.0,ML,,,,1.5,0.2,4
901675,1996-01-08T17:54:15Z,-38.86,0.0,178.52,0.0,19.0,2.0,ML,,,,3.4,0.1,3
878223,1996-01-08T18:02:04Z,-41.23,0.0,174.82,0.0,27.0,1.0,ML,,,,1.7,0.2,9
877306,1996-01-08T18:15:32Z,-39.45,0.0,176.05,0.0,5.0,0.0,ML,,,,1.5,0.1,2
901676,1996-01-08T18:17:37Z,-39.25,0.0,174.84,0.0,30.0,3.0,ML,,,,2.0,0.1,5
901678,1996-01-08T19:44:28Z,-40.55,0.0,174.88,0.0,62.0,5.0,ML,,,,2.0,0.1,5
879093,1996-01-08T19:45:25Z,-39.59,0.0,175.71,0.0,25.0,6.0,ML,,,,1.9,0.1,5
901677,1996-01-08T19:45:30Z,-41.56,0.0,175.34,0.0,19.0,2.0,ML,,,,2.4,0.3,11
879095,1996-01-08T20:06:25Z,-40.63,0.0,175.89,0.0,22.0,1.0,ML,,,,2.1,0.1,5
877311,1996-01-08T20:15:49Z,-37.02,0.1,-178.82,0.1,33.0,0.0,ML,,,,4.1,0.2,14
886479,1996-01-08T21:04:37Z,-39.23,0.0,175.37,0.0,14.0,1.0,ML,,,,1.7,0.2,6
888358,1996-01-08T21:21:56Z,-39.9,0.1,176.47,0.1,12.0,0.0,ML,,,,2.1,0.1,4
888805,1996-01-08T21:23:30Z,-39.67,0.0,176.61,0.0,12.0,0.0,ML,,,,1.9,0.1,3
878032,1996-01-08T21:45:31Z,-44.11,0.0,169.64,0.0,24.0,3.0,ML,,,,2.8,0.3,12
877316,1996-01-08T22:17:29Z,-39.13,0.0,174.96,0.0,29.0,1.0,ML,,,,2.7,0.2,8
877318,1996-01-08T22:26:55Z,-38.35,0.0,175.98,0.0,154.0,3.0,ML,,,,3.6,0.3,19
879658,1996-01-08T22:34:43Z,-42.92,0.0,171.98,0.0,9.0,2.0,ML,,,,2.6,0.2,7
889185,1996-01-08T22:45:02Z,-39.1,0.0,175.63,0.0,2.0,0.0,ML,,,,1.2,0.2,4
888324,1996-01-08T22:56:14Z,-39.28,0.0,175.56,0.0,0.0,0.0,ML,,,,1.2,0.2,3
877322,1996-01-09T00:20:40Z,-45.0,0.0,167.51,0.0,74.0,3.0,ML,,,,2.5,0.1,3
877323,1996-01-09T00:58:44Z,-38.76,0.0,175.9,0.0,142.0,3.0,ML,,,,3.5,0.4,13
879096,1996-01-09T01:06:48Z,-41.16,0.0,174.55,0.0,34.0,1.0,ML,,,,2.6,0.2,14
878175,1996-01-09T01:31:51Z,-40.79,0.0,175.05,0.0,14.0,1.0,ML,,,,2.6,0.1,13
889190,1996-01-09T01:58:40Z,-39.54,0.0,175.59,0.0,12.0,0.0,ML,,,,1.8,0.3,4
879097,1996-01-09T02:11:39Z,-41.2,0.0,174.62,0.0,92.0,0.0,ML,,,,1.9,0.1,3
878177,1996-01-09T03:22:10Z,-40.43,0.0,174.84,0.0,43.0,3.0,ML,,,,2.7,0.3,8
901679,1996-01-09T03:22:18Z,-42.16,0.0,172.88,0.0,65.0,3.0,ML,,,,3.3,nan,1
879098,1996-01-09T03:35:55Z,-41.27,0.0,173.41,0.0,100.0,3.0,ML,,,,3.0,0.2,11
878178,1996-01-09T04:26:51Z,-40.11,0.0,174.89,0.0,27.0,3.0,ML,,,,2.7,0.1,11
879237,1996-01-09T07:14:51Z,-39.28,0.0,175.56,0.0,0.0,0.0,ML,,,,0.6,0.1,2
879238,1996-01-09T07:24:21Z,-39.42,0.0,177.92,0.0,28.0,3.0,ML,,,,2.9,0.1,3
879100,1996-01-09T07:57:29Z,-41.6,0.0,174.31,0.0,12.0,0.0,ML,,,,2.5,0.2,13
878034,1996-01-09T08:56:27Z,-44.66,0.0,168.14,0.0,81.0,5.0,ML,,,,3.2,0.2,12
879241,1996-01-09T09:12:49Z,-43.0,0.0,171.85,0.0,5.0,0.0,ML,,,,2.7,0.2,6
879101,1996-01-09T09:15:59Z,-41.54,0.0,175.32,0.0,20.0,3.0,ML,,,,2.2,0.2,8
889198,1996-01-09T11:10:30Z,-39.1,0.0,175.69,0.0,2.0,0.0,ML,,,,1.4,0.3,3
879667,1996-01-09T12:48:31Z,-43.01,0.0,171.87,0.0,5.0,0.0,ML,,,,2.6,0.1,4
878038,1996-01-09T13:20:24Z,-37.86,0.0,177.29,0.0,85.0,3.0,ML,,,,2.9,0.2,3
879102,1996-01-09T13:52:47Z,-39.52,0.0,175.67,0.0,12.0,0.0,ML,,,,2.7,0.3,13
879103,1996-01-09T14:55:05Z,-39.51,0.0,175.64,0.0,12.0,0.0,ML,,,,3.3,0.2,32
878039,1996-01-09T15:09:57Z,-44.45,0.0,169.6,0.0,12.0,0.0,ML,,,,2.2,0.4,6
879105,1996-01-09T15:46:32Z,-40.96,0.0,175.58,0.0,33.0,3.0,ML,,,,1.6,0.1,4
879249,1996-01-09T15:54:48Z,-37.84,0.1,177.14,0.1,79.0,10.0,ML,,,,2.9,0.2,4
889041,1996-01-09T16:11:36Z,-39.93,0.0,176.87,0.0,43.0,3.0,ML,,,,2.6,0.1,3
901683,1996-01-09T16:13:06Z,-38.5,0.0,175.4,0.1,12.0,0.0,ML,,,,1.8,0.2,3
878040,1996-01-09T16:19:10Z,-41.02,0.0,172.47,0.0,5.0,0.0,ML,,,,3.6,0.2,5
879252,1996-01-09T18:18:02Z,-39.28,0.0,175.56,0.0,0.0,0.0,ML,,,,0.3,nan,1
879669,1996-01-09T18:20:40Z,-43.13,0.0,171.65,0.0,5.0,0.0,ML,,,,2.8,0.3,7
879106,1996-01-09T18:54:29Z,-42.99,0.0,171.3,0.0,12.0,0.0,ML,,,,2.1,0.1,2
875848,1996-01-09T18:59:32Z,-40.41,0.1,174.29,0.0,101.0,6.0,ML,,,,2.4,0.2,4
886346,1996-01-09T19:04:11Z,-39.28,0.0,175.56,0.0,0.0,0.0,ML,,,,0.2,0.2,2
879670,1996-01-09T19:09:59Z,-42.74,0.0,172.76,0.0,5.0,0.0,ML,,,,1.9,0.1,3
901685,1996-01-09T19:11:15Z,-39.11,0.0,175.67,0.1,5.0,0.0,ML,,,,0.8,0.3,3
886347,1996-01-09T19:16:43Z,-39.55,0.0,175.69,0.0,23.0,3.0,ML,,,,2.2,0.1,4
878043,1996-01-09T19:30:23Z,-44.91,0.0,167.55,0.0,85.0,2.0,ML,,,,3.1,0.2,11
886354,1996-01-09T19:51:53Z,-39.91,0.0,177.1,0.0,31.0,2.0,ML,,,,2.5,0.1,3
898486,1996-01-09T19:58:01Z,-39.28,0.0,175.56,0.0,0.0,0.0,ML,,,,0.7,0.1,2
886355,1996-01-09T20:04:07Z,-39.28,0.0,175.56,0.0,0.0,0.0,ML,,,,0.2,0.0,2
898234,1996-01-09T20:35:56Z,-38.09,0.0,176.46,0.0,12.0,0.0,ML,,,,1.7,0.2,3
899844,1996-01-09T20:47:56Z,-39.28,0.0,175.56,0.0,0.0,0.0,ML,,,,0.6,0.2,3
898265,1996-01-09T21:05:50Z,-39.44,0.1,175.39,0.1,0.0,0.0,ML,,,,1.2,0.1,3
875852,1996-01-09T21:31:04Z,-39.48,0.1,175.36,0.1,0.0,0.0,ML,,,,1.2,0.1,3
875860,1996-01-09T22:43:05Z,-44.84,0.0,167.33,0.0,20.0,1.0,ML,,,,2.7,0.2,9
875861,1996-01-09T22:46:14Z,-39.41,0.0,175.57,0.1,0.0,0.0,ML,,,,0.9,0.1,2
879108,1996-01-09T23:27:57Z,-41.64,0.0,175.39,0.0,23.0,1.0,ML,,,,3.3,0.2,19
901687,1996-01-09T23:30:01Z,-40.56,0.1,176.25,0.0,31.0,2.0,ML,,,,2.2,0.2,2
875865,1996-01-09T23:51:30Z,-42.88,0.0,171.77,0.0,5.0,0.0,ML,,,,2.5,0.2,7
878046,1996-01-10T03:21:16Z,-39.15,0.0,174.88,0.0,12.0,0.0,ML,,,,1.6,0.1,3
897036,1996-01-10T03:27:32Z,-39.83,0.0,176.85,0.0,46.0,3.0,ML,,,,2.4,0.2,2
902600,1996-01-10T03:56:27Z,-39.21,0.0,175.8,0.0,12.0,0.0,ML,,,,1.3,0.2,4
899845,1996-01-10T03:56:30Z,-39.14,0.0,175.85,0.1,12.0,0.0,ML,,,,1.7,0.2,4
897047,1996-01-10T04:55:55Z,-39.45,0.0,175.95,0.0,12.0,0.0,ML,,,,1.7,0.1,4
879115,1996-01-10T05:01:38Z,-39.94,0.1,173.83,0.0,142.0,7.0,ML,,,,2.9,0.4,8
879268,1996-01-10T05:50:53Z,-37.21,0.0,178.75,0.0,5.0,0.0,ML,,,,2.7,0.2,3
879116,1996-01-10T05:54:42Z,-41.56,0.0,175.32,0.0,19.0,2.0,ML,,,,2.2,0.3,11
879117,1996-01-10T06:25:17Z,-41.56,0.0,175.34,0.0,20.0,2.0,ML,,,,2.3,0.3,10
879118,1996-01-10T07:14:36Z,-40.93,0.0,175.16,0.0,31.0,4.0,ML,,,,1.8,0.2,6
901688,1996-01-10T07:16:45Z,-42.93,0.0,171.85,0.0,5.0,0.0,ML,,,,2.2,0.2,4
897922,1996-01-10T07:43:51Z,-41.33,0.0,172.29,0.0,5.0,0.0,ML,,,,2.0,0.1,3
901689,1996-01-10T07:44:39Z,-38.09,0.0,176.23,0.0,5.0,0.0,ML,,,,1.9,0.1,3
897981,1996-01-10T07:49:28Z,-39.33,0.0,173.78,0.0,16.0,3.0,ML,,,,2.4,0.2,7
879119,1996-01-10T07:59:48Z,-40.55,0.0,174.13,0.0,89.0,3.0,ML,,,,2.4,0.2,9
879120,1996-01-10T08:13:02Z,-40.13,0.0,174.73,0.0,68.0,3.0,ML,,,,3.0,0.2,15
879121,1996-01-10T08:20:27Z,-41.56,0.0,175.33,0.0,19.0,3.0,ML,,,,2.4,0.3,9
901691,1996-01-10T08:21:23Z,-38.51,0.0,177.82,0.0,28.0,2.0,ML,,,,3.2,0.2,18
901692,1996-01-10T09:05:55Z,-37.99,0.0,177.93,0.0,73.0,1.0,ML,,,,2.6,0.1,3
901693,1996-01-10T09:06:49Z,-40.14,0.0,174.84,0.0,20.0,2.0,ML,,,,2.2,0.2,9
879273,1996-01-10T10:08:11Z,-38.29,0.0,176.37,0.0,6.0,2.0,ML,,,,3.0,0.3,8
901694,1996-01-10T10:10:52Z,-38.29,0.0,176.37,0.0,12.0,0.0,ML,,,,2.1,0.1,4
898237,1996-01-10T10:11:30Z,-38.25,0.0,176.34,0.0,9.0,1.0,ML,,,,1.5,0.0,2
898238,1996-01-10T10:18:48Z,-38.34,0.0,176.4,0.0,5.0,0.0,ML,,,,1.8,0.1,4
901696,1996-01-10T10:19:08Z,-38.37,0.0,176.42,0.0,12.0,0.0,ML,,,,1.6,0.2,3
879274,1996-01-10T10:32:09Z,-38.3,0.0,176.37,0.0,5.0,0.0,ML,,,,2.5,0.3,6
878050,1996-01-10T11:56:20Z,-44.92,0.0,167.67,0.0,86.0,2.0,ML,,,,2.9,0.2,11
879275,1996-01-10T12:00:50Z,-38.3,0.0,176.36,0.0,8.0,1.0,ML,,,,2.6,0.3,6
879124,1996-01-10T12:13:55Z,-40.55,0.0,174.75,0.0,50.0,2.0,ML,,,,2.2,0.2,6
901698,1996-01-10T14:12:27Z,-40.54,0.0,174.67,0.0,30.0,2.0,ML,,,,2.0,0.1,8
878051,1996-01-10T14:14:15Z,-44.7,0.0,167.51,0.0,40.0,1.0,ML,,,,3.3,0.3,15
888719,1996-01-10T14:31:35Z,-40.53,0.0,173.42,0.0,149.0,3.0,ML,,,,4.6,0.3,25
901699,1996-01-10T15:04:29Z,-38.81,0.0,178.0,0.0,38.0,2.0,ML,,,,3.2,0.2,3
879277,1996-01-10T15:05:21Z,-42.99,0.0,171.48,0.0,5.0,0.0,ML,,,,2.6,0.1,5
879588,1996-01-10T15:48:59Z,-46.23,0.1,165.82,0.2,5.0,0.0,ML,,,,2.8,0.0,2
899848,1996-01-10T15:59:18Z,-39.11,0.0,175.7,0.0,0.0,0.0,ML,,,,1.5,0.4,2
879125,1996-01-10T16:44:28Z,-41.4,0.0,172.84,0.0,204.0,2.0,ML,,,,2.8,0.2,8
879126,1996-01-10T16:55:34Z,-39.27,0.0,174.59,0.0,179.0,4.0,ML,,,,3.1,0.2,5
898246,1996-01-10T17:26:52Z,-38.35,0.1,176.48,0.2,5.0,0.0,ML,,,,2.0,0.2,3
897924,1996-01-10T17:57:46Z,-41.8,0.0,171.85,0.2,28.0,4.0,ML,,,,2.4,0.2,3
879128,1996-01-10T18:00:13Z,-41.0,0.0,175.42,0.0,30.0,1.0,ML,,,,1.7,0.1,4
878054,1996-01-10T19:38:21Z,-43.63,0.0,169.59,0.0,12.0,0.0,ML,,,,2.7,0.4,10
879132,1996-01-10T20:51:32Z,-41.32,0.0,174.01,0.0,56.0,2.0,ML,,,,3.8,0.2,15
899852,1996-01-10T21:59:28Z,-39.28,0.0,175.56,0.0,0.0,0.0,ML,,,,0.8,nan,1
879134,1996-01-11T00:22:33Z,-41.44,0.0,174.02,0.0,58.0,3.0,ML,,,,2.4,0.2,4
879135,1996-01-11T00:51:58Z,-38.04,0.1,176.13,0.1,133.0,6.0,ML,,,,3.2,0.4,3
886656,1996-01-11T04:28:44Z,-42.93,0.0,171.84,0.0,5.0,0.0,ML,,,,3.4,0.2,8
878062,1996-01-11T05:17:21Z,-45.39,0.0,167.26,0.0,27.0,2.0,ML,,,,3.3,0.2,11
902590,1996-01-11T05:21:37Z,-39.74,0.0,176.82,0.0,31.0,4.0,ML,,,,2.6,0.3,3
879138,1996-01-11T05:31:55Z,-40.86,0.0,174.55,0.0,24.0,1.0,ML,,,,1.6,0.1,6
879485,1996-01-11T06:21:32Z,-43.03,0.0,171.39,0.0,5.0,0.0,ML,,,,3.4,0.4,15
879139,1996-01-11T06:32:48Z,-40.39,0.0,174.85,0.0,28.0,2.0,ML,,,,2.1,0.2,8
879304,1996-01-11T06:52:10Z,-37.24,0.0,177.35,0.0,12.0,0.0,ML,,,,3.2,0.2,4
879305,1996-01-11T06:58:35Z,-39.31,0.0,175.25,0.0,24.0,3.0,ML,,,,2.6,0.3,4
897316,1996-01-11T07:05:44Z,-39.48,0.0,175.61,0.0,31.0,2.0,ML,,,,2.1,0.4,4
897108,1996-01-11T07:27:22Z,-40.6,0.0,176.34,0.0,44.0,0.0,ML,,,,2.6,0.4,1
878065,1996-01-11T10:31:59Z,-37.83,0.1,176.39,0.0,157.0,3.0,ML,,,,3.6,0.2,16
879143,1996-01-11T11:23:21Z,-41.63,0.0,174.43,0.0,15.0,4.0,ML,,,,1.9,0.1,12
879144,1996-01-11T12:07:40Z,-41.52,0.0,174.79,0.0,30.0,1.0,ML,,,,1.5,0.2,8
897113,1996-01-11T12:32:32Z,-39.48,0.0,175.62,0.0,24.0,6.0,ML,,,,2.3,0.4,5
879147,1996-01-11T14:08:14Z,-41.4,0.0,175.3,0.0,15.0,1.0,ML,,,,2.0,0.2,11
902592,1996-01-11T14:17:17Z,-40.92,0.0,175.13,0.0,31.0,3.0,ML,,,,1.3,0.1,3
879148,1996-01-11T14:18:22Z,-37.74,0.0,178.35,0.0,55.0,1.0,ML,,,,3.0,0.1,3
879149,1996-01-11T14:28:39Z,-40.96,0.0,175.17,0.0,28.0,7.0,ML,,,,1.5,0.1,4
899857,1996-01-11T15:02:24Z,-39.28,0.0,175.56,0.0,0.0,0.0,ML,,,,0.6,nan,1
897114,1996-01-11T15:31:03Z,-39.29,0.0,175.49,0.0,15.0,1.0,ML,,,,2.1,0.2,6
879150,1996-01-11T16:34:08Z,-40.29,0.0,176.01,0.0,47.0,2.0,ML,,,,2.4,0.4,6
902593,1996-01-11T16:39:46Z,-40.59,0.0,176.5,0.0,45.0,1.0,ML,,,,2.0,nan,1
897115,1996-01-11T16:42:12Z,-38.76,0.0,175.86,0.0,5.0,0.0,ML,,,,2.6,0.2,8
902595,1996-01-11T16:42:27Z,-38.72,0.0,175.84,0.0,5.0,0.0,ML,,,,2.7,0.2,8
899861,1996-01-11T16:44:38Z,-39.0,0.0,175.61,0.0,12.0,0.0,ML,,,,1.2,0.2,3
886657,1996-01-11T16:48:39Z,-43.03,0.0,171.48,0.0,5.0,0.0,ML,,,,2.9,0.3,8
879322,1996-01-11T16:51:59Z,-38.76,0.0,175.87,0.0,5.0,0.0,ML,,,,2.7,0.3,8
897320,1996-01-11T16:53:27Z,-38.79,0.0,175.93,0.0,12.0,0.0,ML,,,,2.2,0.2,5
898585,1996-01-11T17:09:45Z,-43.0,0.0,171.38,0.0,12.0,0.0,ML,,,,2.2,0.3,3
878067,1996-01-11T18:38:00Z,-45.32,0.0,167.84,0.0,12.0,0.0,ML,,,,2.8,0.1,5
879151,1996-01-11T19:08:37Z,-40.42,0.0,173.66,0.0,109.0,5.0,ML,,,,2.7,0.3,9
879333,1996-01-11T19:29:48Z,-37.11,0.0,177.43,0.0,5.0,0.0,ML,,,,3.9,0.3,6
896819,1996-01-11T19:40:19Z,-39.28,0.0,175.56,0.0,0.0,0.0,ML,,,,0.6,nan,1
899863,1996-01-11T20:16:45Z,-39.28,0.0,175.56,0.0,0.0,0.0,ML,,,,0.5,nan,1
879152,1996-01-11T20:35:49Z,-40.34,0.0,174.91,0.0,5.0,0.0,ML,,,,1.9,0.2,5
879342,1996-01-11T23:22:41Z,-42.11,0.0,173.02,0.0,5.0,0.0,ML,,,,2.7,0.2,4
898471,1996-01-12T00:05:10Z,-39.22,0.0,175.75,0.2,5.0,0.0,ML,,,,1.2,0.1,2
879157,1996-01-12T00:28:17Z,-40.58,0.0,173.96,0.0,70.0,6.0,ML,,,,2.6,0.2,10
879158,1996-01-12T01:42:33Z,-41.59,0.0,174.16,0.0,14.0,1.0,ML,,,,2.0,0.2,7
878074,1996-01-12T03:30:15Z,-45.38,0.0,167.21,0.0,86.0,3.0,ML,,,,2.8,0.3,6
879159,1996-01-12T04:56:21Z,-41.47,0.0,175.22,0.0,5.0,0.0,ML,,,,1.9,0.2,5
879160,1996-01-12T05:08:51Z,-41.63,0.0,175.34,0.0,21.0,2.0,ML,,,,2.8,0.2,12
886665,1996-01-12T06:37:23Z,-43.01,0.0,171.87,0.0,5.0,0.0,ML,,,,3.4,0.1,6
897368,1996-01-12T06:58:32Z,-39.78,0.1,174.97,0.0,32.0,8.0,ML,,,,2.2,0.1,4
879162,1996-01-12T07:18:12Z,-38.9,0.0,176.45,0.0,43.0,4.0,ML,,,,3.3,0.1,9
879171,1996-01-12T10:27:55Z,-41.42,0.0,173.71,0.0,76.0,2.0,ML,,,,2.7,0.2,8
897428,1996-01-12T12:04:30Z,-39.15,0.0,175.4,0.0,13.0,1.0,ML,,,,2.1,0.1,3
897063,1996-01-12T12:16:46Z,-41.9,0.0,171.75,0.0,12.0,0.0,ML,,,,3.1,0.3,5
879176,1996-01-12T12:33:38Z,-43.07,0.0,174.03,0.0,33.0,0.0,ML,,,,3.4,0.2,16
879177,1996-01-12T12:42:22Z,-42.22,0.0,174.02,0.0,24.0,4.0,ML,,,,2.5,0.2,5
897452,1996-01-12T13:37:26Z,-38.89,0.0,176.14,0.0,95.0,4.0,ML,,,,3.6,0.2,15
879181,1996-01-12T14:27:45Z,-39.68,0.0,174.96,0.0,77.0,3.0,ML,,,,2.5,0.2,4
879183,1996-01-12T14:36:01Z,-39.26,0.0,174.84,0.0,155.0,4.0,ML,,,,3.5,0.2,15
898143,1996-01-12T16:14:35Z,-42.99,0.0,171.4,0.0,5.0,0.0,ML,,,,2.3,nan,1
902596,1996-01-12T16:16:07Z,-42.93,0.0,171.55,0.0,5.0,0.0,ML,,,,2.9,0.2,5
878079,1996-01-12T17:37:58Z,-44.75,0.0,167.84,0.0,106.0,4.0,ML,,,,3.1,0.3,6
897522,1996-01-12T18:53:57Z,-39.23,0.0,175.11,0.0,12.0,0.0,ML,,,,2.2,0.3,3
879368,1996-01-12T19:23:17Z,-41.27,0.0,172.78,0.1,147.0,7.0,ML,,,,2.8,nan,1
897531,1996-01-12T19:31:00Z,-39.26,0.0,175.09,0.1,12.0,0.0,ML,,,,2.2,0.2,4
879184,1996-01-12T19:41:57Z,-38.54,0.0,176.17,0.0,128.0,4.0,ML,,,,3.5,0.2,12
897069,1996-01-12T20:13:35Z,-43.0,0.0,171.87,0.0,5.0,0.0,ML,,,,2.7,0.3,3
879185,1996-01-12T20:27:07Z,-37.6,0.0,176.65,0.0,192.0,3.0,ML,,,,4.2,0.3,14
902597,1996-01-12T20:28:12Z,-40.88,0.0,175.67,0.0,26.0,1.0,ML,,,,2.1,0.2,3
897057,1996-01-12T21:40:27Z,-39.28,0.0,175.56,0.0,0.0,0.0,ML,,,,1.2,nan,1
879186,1996-01-12T21:52:39Z,-40.17,0.0,174.85,0.0,5.0,0.0,ML,,,,2.3,0.2,7
879188,1996-01-12T22:41:07Z,-39.29,0.0,175.05,0.0,26.0,3.0,ML,,,,3.2,0.2,17
879190,1996-01-12T23:01:25Z,-39.32,0.0,174.99,0.0,18.0,1.0,ML,,,,3.0,0.2,14
879191,1996-01-12T23:25:03Z,-42.03,0.0,173.15,0.0,5.0,0.0,ML,,,,3.1,0.3,17
897562,1996-01-12T23:30:48Z,-39.19,0.0,175.11,0.0,24.0,2.0,ML,,,,2.6,0.2,3
879378,1996-01-13T00:19:54Z,-37.89,0.0,177.58,0.0,83.0,1.0,ML,,,,3.0,0.2,3
879193,1996-01-13T00:26:08Z,-41.21,0.0,174.68,0.0,51.0,1.0,ML,,,,2.6,0.1,6
878082,1996-01-13T00:34:32Z,-44.63,0.0,167.57,0.0,5.0,0.0,ML,,,,2.7,0.2,12
879380,1996-01-13T00:52:23Z,-41.38,0.0,173.42,0.0,112.0,3.0,ML,,,,4.2,0.2,18
897132,1996-01-13T03:25:29Z,-39.17,0.0,175.06,0.0,33.0,11.0,ML,,,,2.3,nan,1
879198,1996-01-13T04:50:47Z,-39.6,0.0,174.82,0.0,109.0,3.0,ML,,,,2.9,0.4,9
879392,1996-01-13T05:06:17Z,-37.87,0.0,178.19,0.0,47.0,5.0,ML,,,,2.8,0.2,4
902598,1996-01-13T05:06:51Z,-37.89,0.0,178.27,0.1,45.0,6.0,ML,,,,2.1,0.2,4
879199,1996-01-13T05:24:56Z,-40.39,0.0,174.76,0.0,5.0,0.0,ML,,,,2.7,0.2,15
879401,1996-01-13T07:00:53Z,-35.54,0.1,178.7,0.1,238.0,7.0,ML,,,,4.2,0.2,5
897599,1996-01-13T07:11:30Z,-40.45,0.0,175.38,0.0,53.0,1.0,ML,,,,2.5,nan,1
897927,1996-01-13T07:22:49Z,-41.64,0.0,172.34,0.0,5.0,0.0,ML,,,,2.4,0.2,4
878089,1996-01-13T07:52:40Z,-45.18,0.0,167.48,0.0,113.0,2.0,ML,,,,4.9,0.1,5
902599,1996-01-13T07:53:30Z,-39.33,0.0,175.02,0.0,20.0,3.0,ML,,,,3.1,0.5,13
879201,1996-01-13T10:23:48Z,-37.01,0.0,176.43,0.1,229.0,4.0,ML,,,,3.9,0.2,9
897928,1996-01-13T11:05:26Z,-41.89,0.0,171.68,0.0,10.0,1.0,ML,,,,2.5,0.0,2
897929,1996-01-13T12:03:23Z,-41.22,0.0,172.62,0.0,12.0,0.0,ML,,,,2.3,0.2,4
879204,1996-01-13T13:58:26Z,-40.61,0.0,174.59,0.0,19.0,3.0,ML,,,,2.2,0.1,5
897072,1996-01-13T14:48:52Z,-42.52,0.0,173.82,0.0,12.0,0.0,ML,,,,3.1,0.2,4
879407,1996-01-13T14:51:59Z,-35.58,0.1,178.67,0.1,238.0,4.0,ML,,,,4.0,0.2,4
879408,1996-01-13T15:04:56Z,-37.74,0.0,177.48,0.0,55.0,3.0,ML,,,,3.3,0.2,5
897073,1996-01-13T15:20:54Z,-42.93,0.0,171.85,0.0,5.0,0.0,ML,,,,2.3,0.2,3
879205,1996-01-13T16:25:12Z,-40.37,0.0,175.23,0.0,40.0,2.0,ML,,,,2.2,0.2,3
879206,1996-01-13T18:02:15Z,-41.23,0.0,172.55,0.0,5.0,0.0,ML,,,,2.6,0.2,8
878090,1996-01-13T20:11:06Z,-44.18,0.0,168.74,0.0,5.0,0.0,ML,,,,2.6,0.2,12
879488,1996-01-13T21:53:22Z,-43.71,0.0,169.5,0.0,5.0,0.0,ML,,,,2.8,0.4,10
879209,1996-01-13T22:28:48Z,-41.14,0.0,173.98,0.0,51.0,2.0,ML,,,,2.3,0.2,4
898413,1996-01-13T22:40:41Z,-39.28,0.1,175.64,0.1,0.0,0.0,ML,,,,1.0,0.1,2
897074,1996-01-13T23:50:44Z,-42.99,0.0,171.38,0.0,12.0,0.0,ML,,,,3.1,0.3,6
897155,1996-01-14T01:00:07Z,-39.52,0.0,175.04,0.0,75.0,1.0,ML,,,,2.6,nan,1
879210,1996-01-14T01:16:55Z,-40.67,0.0,174.07,0.0,81.0,3.0,ML,,,,2.1,0.2,6
898145,1996-01-14T02:03:59Z,-43.03,0.0,171.35,0.0,5.0,0.0,ML,,,,2.4,0.5,3
878093,1996-01-14T06:32:37Z,-45.12,0.0,167.54,0.0,122.0,2.0,ML,,,,4.0,0.2,4
902603,1996-01-14T06:33:34Z,-41.65,0.0,174.56,0.0,32.0,1.0,ML,,,,1.9,0.2,9
879212,1996-01-14T07:11:24Z,-40.36,0.0,175.12,0.0,5.0,0.0,ML,,,,2.3,0.3,11
878095,1996-01-14T08:27:33Z,-43.71,0.0,168.76,0.0,33.0,0.0,ML,,,,2.6,0.4,6
897075,1996-01-14T08:42:50Z,-42.75,0.0,172.77,0.0,5.0,0.0,ML,,,,2.2,0.2,3
879213,1996-01-14T09:27:07Z,-38.49,0.0,176.06,0.0,89.0,3.0,ML,,,,3.1,0.2,13
879214,1996-01-14T09:37:10Z,-37.55,0.1,176.36,0.0,213.0,3.0,ML,,,,4.3,0.2,18
879220,1996-01-14T13:41:59Z,-40.36,0.0,174.47,0.0,78.0,6.0,ML,,,,2.5,0.2,8
897667,1996-01-14T15:02:19Z,-43.01,0.0,171.4,0.0,5.0,0.0,ML,,,,2.5,0.4,3
902605,1996-01-14T15:03:40Z,-43.02,0.0,171.4,0.0,5.0,0.0,ML,,,,2.2,0.5,3
897076,1996-01-14T15:41:39Z,-42.64,0.0,172.77,0.0,5.0,0.0,ML,,,,2.0,0.1,3
897706,1996-01-14T18:16:02Z,-39.25,0.0,175.29,0.0,12.0,0.0,ML,,,,1.9,0.1,2
897240,1996-01-14T18:21:33Z,-38.12,0.0,178.98,0.0,27.0,0.0,ML,,,,3.3,0.4,3
879224,1996-01-14T18:26:22Z,-38.48,0.0,176.15,0.0,123.0,2.0,ML,,,,4.2,0.3,17
879225,1996-01-14T20:49:07Z,-41.14,0.0,174.69,0.0,29.0,0.0,ML,,,,1.9,0.2,7
897172,1996-01-14T20:53:39Z,-38.85,0.0,175.63,0.2,114.0,10.0,ML,,,,2.6,nan,1
897735,1996-01-14T22:13:30Z,-39.28,0.0,175.25,0.0,12.0,0.0,ML,,,,1.4,0.1,3
879227,1996-01-15T00:37:36Z,-37.6,0.0,176.2,0.0,196.0,3.0,ML,,,,3.4,0.2,3
899877,1996-01-15T01:27:06Z,-39.28,0.0,175.56,0.0,0.0,0.0,ML,,,,0.5,0.0,2
897752,1996-01-15T01:42:01Z,-39.2,0.0,174.79,0.0,12.0,0.0,ML,,,,2.6,0.2,5
897754,1996-01-15T01:50:07Z,-41.15,0.0,172.57,0.0,5.0,0.0,ML,,,,2.3,0.2,4
898190,1996-01-15T02:16:26Z,-39.28,0.0,175.56,0.0,0.0,0.0,ML,,,,0.8,0.0,2
879228,1996-01-15T02:19:40Z,-41.01,0.0,176.04,0.0,34.0,2.0,ML,,,,2.1,0.1,6
879229,1996-01-15T02:39:52Z,-41.01,0.0,174.84,0.0,31.0,1.0,ML,,,,1.8,0.2,6
899199,1996-01-15T04:09:02Z,-39.9,0.0,176.42,0.0,12.0,0.0,ML,,,,2.9,0.3,5
898250,1996-01-15T04:44:50Z,-38.02,0.0,176.63,0.0,14.0,0.0,ML,,,,2.4,0.1,2
897177,1996-01-15T05:00:50Z,-40.05,0.0,175.9,0.1,89.0,4.0,ML,,,,2.7,nan,1
897242,1996-01-15T05:32:36Z,-38.02,0.0,178.74,0.0,26.0,1.0,ML,,,,2.5,0.3,3
896852,1996-01-15T06:32:19Z,-39.11,0.0,175.65,0.1,5.0,0.0,ML,,,,0.8,0.3,3
899881,1996-01-15T08:19:32Z,-39.23,0.0,175.51,0.0,13.0,1.0,ML,,,,1.1,0.2,3
897937,1996-01-15T08:55:20Z,-41.42,0.0,172.34,0.0,5.0,0.0,ML,,,,2.1,0.2,3
879230,1996-01-15T09:14:48Z,-41.92,0.0,172.79,0.0,88.0,2.0,ML,,,,3.0,0.4,6
898251,1996-01-15T09:23:10Z,-38.1,0.0,176.8,0.0,5.0,0.0,ML,,,,2.1,0.1,3
879231,1996-01-15T10:19:15Z,-42.75,0.0,172.68,0.0,5.0,0.0,ML,,,,2.1,0.1,3
879232,1996-01-15T10:41:20Z,-41.83,0.0,173.17,0.0,94.0,2.0,ML,,,,2.6,0.3,5
899882,1996-01-15T11:07:40Z,-39.55,0.0,175.68,0.0,12.0,0.0,ML,,,,1.7,0.2,4
898149,1996-01-15T12:27:41Z,-43.13,0.0,170.73,0.0,18.0,1.0,ML,,,,2.5,0.6,2
879444,1996-01-15T12:42:15Z,-39.35,0.0,177.22,0.0,33.0,0.0,ML,,,,4.0,0.3,41
878109,1996-01-15T13:16:25Z,-44.5,0.0,168.27,0.0,12.0,0.0,ML,,,,2.9,0.2,11
879448,1996-01-15T13:53:08Z,-43.23,0.0,170.86,0.0,5.0,0.0,ML,,,,2.5,0.3,5
878110,1996-01-15T14:00:31Z,-40.1,0.0,174.83,0.0,12.0,7.0,ML,,,,2.5,0.2,12
898196,1996-01-15T14:36:00Z,-37.74,0.0,179.44,0.0,12.0,0.0,ML,,,,2.9,0.3,3
899895,1996-01-15T15:12:39Z,-39.28,0.0,175.56,0.0,0.0,0.0,ML,,,,0.8,0.1,2
878111,1996-01-15T16:24:26Z,-45.1,0.0,167.25,0.0,89.0,2.0,ML,,,,3.0,0.2,8
897938,1996-01-15T18:12:37Z,-39.28,0.0,175.54,0.0,0.0,0.0,ML,,,,0.7,0.1,3
896860,1996-01-15T19:09:38Z,-45.68,0.0,166.83,0.0,79.0,2.0,ML,,,,2.7,0.3,3
896809,1996-01-15T19:53:48Z,-39.15,0.0,175.45,0.0,12.0,0.0,ML,,,,0.8,0.1,3
879459,1996-01-15T21:50:22Z,-40.42,0.0,174.26,0.0,70.0,3.0,ML,,,,3.3,0.3,15
896864,1996-01-15T23:35:12Z,-42.93,0.0,171.96,0.0,5.0,0.0,ML,,,,2.4,0.2,5
899610,1996-01-16T00:11:24Z,-39.28,0.0,175.55,0.0,0.0,0.0,ML,,,,1.0,0.1,3
897816,1996-01-16T01:50:00Z,-39.59,0.0,175.59,0.0,12.0,0.0,ML,,,,2.0,0.1,4
879471,1996-01-16T02:19:18Z,-38.5,0.0,176.06,0.0,5.0,0.0,ML,,,,2.7,0.3,7
899592,1996-01-16T02:29:51Z,-39.28,0.0,175.55,0.0,0.0,0.0,ML,,,,0.6,0.1,2
879472,1996-01-16T03:12:43Z,-38.36,0.0,176.03,0.0,5.0,0.0,ML,,,,2.4,0.4,4
897834,1996-01-16T04:26:15Z,-39.61,0.0,176.36,0.0,33.0,0.0,ML,,,,2.6,0.1,6
899615,1996-01-16T05:18:53Z,-39.54,0.0,175.72,0.0,12.0,3.0,ML,,,,2.1,0.1,4
899616,1996-01-16T06:17:52Z,-39.3,0.0,175.54,0.0,0.0,0.0,ML,,,,1.2,0.0,3
896861,1996-01-16T06:50:39Z,-39.08,0.0,175.64,0.0,5.0,0.0,ML,,,,0.7,0.4,3
896862,1996-01-16T06:53:47Z,-39.28,0.0,175.53,0.0,0.0,0.0,ML,,,,0.9,0.1,3
899918,1996-01-16T07:00:31Z,-39.1,0.0,175.67,0.1,5.0,0.0,ML,,,,0.8,0.2,3
899618,1996-01-16T07:07:54Z,-39.1,0.0,175.66,0.2,5.0,0.0,ML,,,,0.7,0.2,3
899619,1996-01-16T07:08:38Z,-39.09,0.1,175.65,0.1,5.0,0.0,ML,,,,0.5,0.2,3
899920,1996-01-16T07:16:32Z,-39.09,0.0,175.66,0.0,5.0,0.0,ML,,,,1.1,0.3,3
895955,1996-01-16T07:45:08Z,-38.92,0.0,178.69,0.0,37.0,6.0,ML,,,,3.3,0.4,4
899922,1996-01-16T08:10:04Z,-39.3,0.0,175.54,0.0,0.0,0.0,ML,,,,0.7,0.1,3
897944,1996-01-16T08:28:15Z,-39.56,0.0,175.53,0.0,12.0,0.0,ML,,,,1.4,0.2,4
897958,1996-01-16T08:34:20Z,-42.45,0.0,172.94,0.0,12.0,0.0,ML,,,,2.2,0.1,4
897945,1996-01-16T08:59:01Z,-41.72,0.0,172.21,0.0,5.0,0.0,ML,,,,2.4,0.2,3
895800,1996-01-16T09:13:42Z,-40.03,0.0,175.19,0.0,25.0,1.0,ML,,,,2.1,0.2,9
897946,1996-01-16T09:20:25Z,-41.71,0.0,172.49,0.0,5.0,0.0,ML,,,,2.4,0.3,5
902613,1996-01-16T09:21:10Z,-41.71,0.0,172.49,0.0,5.0,0.0,ML,,,,2.0,0.1,5
902614,1996-01-16T09:21:30Z,-41.56,0.0,172.51,0.0,5.0,0.0,ML,,,,2.0,0.1,3
895802,1996-01-16T10:31:44Z,-37.99,0.0,176.29,0.0,165.0,4.0,ML,,,,3.4,0.2,11
899620,1996-01-16T10:45:06Z,-39.47,0.0,175.68,0.0,14.0,3.0,ML,,,,1.5,0.1,4
896189,1996-01-16T11:28:38Z,-38.88,0.0,176.09,0.0,11.0,1.0,ML,,,,1.9,0.3,4
899923,1996-01-16T11:42:14Z,-39.56,0.0,175.55,0.0,12.0,0.0,ML,,,,1.6,0.1,4
896869,1996-01-16T11:48:06Z,-43.05,0.0,171.57,0.0,32.0,6.0,ML,,,,2.4,0.3,3
899924,1996-01-16T12:04:34Z,-39.3,0.0,175.53,0.0,0.0,0.0,ML,,,,1.0,0.1,3
899925,1996-01-16T12:46:25Z,-39.28,0.0,175.54,0.0,0.0,0.0,ML,,,,0.7,0.0,2
895804,1996-01-16T13:06:31Z,-39.53,0.0,174.59,0.0,216.0,1.0,ML,,,,3.2,0.2,12
899926,1996-01-16T13:20:23Z,-39.58,0.0,175.64,0.0,12.0,0.0,ML,,,,1.8,0.1,3
895958,1996-01-16T15:43:14Z,-39.28,0.0,175.54,0.0,0.0,0.0,ML,,,,0.1,0.2,2
895808,1996-01-16T15:47:49Z,-41.61,0.0,174.98,0.0,31.0,1.0,ML,,,,2.9,0.2,19
899930,1996-01-16T15:59:53Z,-39.3,0.0,175.58,0.0,0.0,0.0,ML,,,,0.7,0.1,2
895809,1996-01-16T16:19:40Z,-47.39,0.0,165.62,0.0,33.0,0.0,ML,,,,2.8,0.3,3
899931,1996-01-16T16:28:57Z,-39.27,0.0,175.54,0.0,0.0,0.0,ML,,,,0.5,0.1,2
897839,1996-01-16T16:42:28Z,-39.3,0.0,175.54,0.0,0.0,0.0,ML,,,,1.0,0.4,4
895810,1996-01-16T16:47:17Z,-37.68,0.1,176.02,0.1,187.0,7.0,ML,,,,3.7,0.2,5
899036,1996-01-16T16:53:22Z,-39.28,0.0,175.53,0.0,0.0,0.0,ML,,,,1.1,0.2,4
895961,1996-01-16T17:37:32Z,-38.54,0.1,179.97,0.2,12.0,0.0,ML,,,,3.2,0.1,3
899932,1996-01-16T17:42:00Z,-39.28,0.0,175.59,0.0,0.0,0.0,ML,,,,0.8,0.3,4
899933,1996-01-16T18:17:37Z,-39.56,0.0,175.64,0.0,23.0,3.0,ML,,,,1.7,0.2,4
895811,1996-01-16T18:21:39Z,-40.58,0.0,175.72,0.0,30.0,1.0,ML,,,,2.3,0.2,13
896191,1996-01-16T19:20:00Z,-45.1,0.0,167.33,0.0,50.0,2.0,ML,,,,2.6,0.1,9
895812,1996-01-16T21:00:26Z,-40.93,0.0,172.87,0.0,220.0,3.0,ML,,,,4.3,0.2,18
896871,1996-01-16T21:08:27Z,-39.14,0.0,174.8,0.0,28.0,6.0,ML,,,,2.1,0.1,5
895814,1996-01-16T21:44:27Z,-41.47,0.0,175.23,0.0,5.0,0.0,ML,,,,1.7,0.2,6
895816,1996-01-16T22:22:27Z,-40.41,0.0,176.32,0.1,31.0,2.0,ML,,,,2.8,0.2,11
895971,1996-01-16T23:44:59Z,-37.91,0.0,179.14,0.1,12.0,0.0,ML,,,,3.5,0.2,4
899209,1996-01-17T00:20:47Z,-39.01,0.0,173.88,0.0,12.0,2.0,ML,,,,1.9,0.2,2
902619,1996-01-17T00:35:15Z,-43.03,0.0,172.03,0.1,25.0,3.0,ML,,,,2.4,0.2,3
895822,1996-01-17T00:35:16Z,-40.7,0.0,175.5,0.0,29.0,1.0,ML,,,,2.4,0.2,7
895834,1996-01-17T07:52:13Z,-41.53,0.0,175.32,0.0,15.0,3.0,ML,,,,2.5,0.2,9
895990,1996-01-17T09:54:57Z,-37.56,0.1,179.62,0.1,33.0,0.0,ML,,,,3.5,0.3,5
895991,1996-01-17T10:46:53Z,-38.53,0.0,176.08,0.0,5.0,0.0,ML,,,,2.9,0.2,7
895996,1996-01-17T12:52:21Z,-36.62,0.1,176.76,0.1,265.0,8.0,ML,,,,3.6,0.1,3
898872,1996-01-17T13:31:37Z,-39.28,0.0,173.67,0.0,21.0,1.0,ML,,,,2.4,0.2,3
895846,1996-01-17T14:32:06Z,-38.52,0.0,175.94,0.0,161.0,7.0,ML,,,,3.7,0.2,12
895998,1996-01-17T14:56:49Z,-37.49,0.0,177.13,0.0,138.0,3.0,ML,,,,3.4,0.0,4
902620,1996-01-17T14:58:30Z,-37.88,0.0,175.86,0.0,5.0,0.0,ML,,,,2.5,0.1,2
898946,1996-01-17T15:31:19Z,-42.77,0.0,172.8,0.0,5.0,0.0,ML,,,,1.9,0.2,3
895847,1996-01-17T16:39:10Z,-36.98,0.0,177.48,0.0,150.0,5.0,ML,,,,4.1,0.2,14
895848,1996-01-17T16:58:47Z,-41.12,0.0,173.44,0.0,102.0,2.0,ML,,,,2.4,0.2,3
895849,1996-01-17T17:36:14Z,-40.66,0.1,174.83,0.1,109.0,6.0,ML,,,,2.4,0.2,3
898947,1996-01-17T18:21:07Z,-42.97,0.0,171.78,0.0,5.0,0.0,ML,,,,2.3,0.0,3
896882,1996-01-17T18:25:37Z,-42.97,0.0,171.8,0.0,5.0,2.0,ML,,,,2.5,0.1,5
895850,1996-01-17T18:36:15Z,-41.08,0.1,175.2,0.1,40.0,5.0,ML,,,,1.7,0.2,4
896192,1996-01-17T18:56:31Z,-45.3,0.0,167.24,0.0,68.0,2.0,ML,,,,3.8,0.2,4
896002,1996-01-17T20:09:19Z,-38.05,0.0,179.46,0.1,12.0,0.0,ML,,,,3.2,0.4,4
895851,1996-01-17T23:52:01Z,-39.25,0.0,173.66,0.0,20.0,2.0,ML,,,,3.2,0.2,15
896013,1996-01-18T00:03:54Z,-39.24,0.0,173.77,0.1,12.0,0.0,ML,,,,1.7,0.2,4
895855,1996-01-18T06:13:59Z,-40.2,0.0,173.63,0.0,167.0,4.0,ML,,,,3.2,0.3,14
895857,1996-01-18T08:30:04Z,-40.87,0.0,174.75,0.0,16.0,1.0,ML,,,,1.8,0.2,4
895858,1996-01-18T09:08:27Z,-40.11,0.0,175.06,0.0,5.0,0.0,ML,,,,2.3,0.3,8
896030,1996-01-18T11:29:02Z,-37.92,0.0,176.47,0.0,129.0,1.0,ML,,,,3.2,0.3,3
895863,1996-01-18T11:53:19Z,-38.9,0.0,175.09,0.0,213.0,8.0,ML,,,,4.2,0.2,19
895864,1996-01-18T11:58:27Z,-38.16,0.0,175.55,0.1,144.0,4.0,ML,,,,3.4,0.1,6
895865,1996-01-18T12:08:32Z,-38.16,0.1,175.75,0.2,193.0,9.0,ML,,,,3.1,0.3,3
896896,1996-01-18T12:25:16Z,-43.22,0.0,171.44,0.0,5.0,0.0,ML,,,,2.7,0.2,5
902621,1996-01-18T12:48:34Z,-37.78,0.0,179.4,0.0,17.0,3.0,ML,,,,2.8,0.3,4
895866,1996-01-18T13:03:02Z,-40.56,0.0,173.52,0.0,143.0,4.0,ML,,,,3.2,0.2,12
896898,1996-01-18T14:31:46Z,-43.18,0.0,171.46,0.0,5.0,0.0,ML,,,,2.3,0.3,4
895867,1996-01-18T15:02:01Z,-41.81,0.0,174.22,0.0,12.0,2.0,ML,,,,2.2,0.2,9
895869,1996-01-18T15:48:49Z,-40.15,0.0,174.9,0.0,25.0,2.0,ML,,,,2.6,0.3,9
896035,1996-01-18T16:09:20Z,-37.66,0.1,179.19,0.1,33.0,0.0,ML,,,,2.8,0.2,3
896036,1996-01-18T17:13:51Z,-38.55,0.0,177.87,0.0,47.0,3.0,ML,,,,3.3,0.3,4
895870,1996-01-18T17:16:27Z,-38.34,0.1,175.79,0.2,160.0,14.0,ML,,,,3.4,0.3,7
896901,1996-01-18T19:08:59Z,-42.92,0.0,171.84,0.0,12.0,0.0,ML,,,,2.5,0.2,3
898611,1996-01-18T19:29:21Z,-45.31,0.0,166.94,0.1,38.0,4.0,ML,,,,2.7,0.1,3
895873,1996-01-18T20:53:40Z,-39.26,0.0,173.87,0.1,22.0,2.0,ML,,,,3.2,0.3,16
896193,1996-01-18T21:11:39Z,-45.37,0.0,170.51,0.0,12.0,0.0,ML,,,,1.9,0.1,5
895874,1996-01-18T21:23:00Z,-39.75,0.1,174.54,0.0,140.0,8.0,ML,,,,2.6,0.3,7
895875,1996-01-18T21:47:09Z,-40.26,0.0,173.86,0.0,138.0,3.0,ML,,,,3.4,0.3,14
895876,1996-01-18T21:58:29Z,-40.24,0.0,176.88,0.0,75.0,2.0,ML,,,,2.9,0.2,4
895877,1996-01-18T22:19:32Z,-43.0,0.0,171.87,0.0,7.0,2.0,ML,,,,2.5,0.2,5
898612,1996-01-19T00:34:52Z,-45.29,0.0,167.2,0.0,65.0,1.0,ML,,,,2.6,0.2,3
895881,1996-01-19T02:56:52Z,-41.5,0.0,174.92,0.0,17.0,0.0,ML,,,,1.7,0.2,4
895882,1996-01-19T03:13:25Z,-40.64,0.0,175.51,0.0,30.0,1.0,ML,,,,2.0,0.2,7
895883,1996-01-19T04:00:29Z,-41.88,0.0,174.74,0.0,30.0,2.0,ML,,,,2.5,0.2,5
902623,1996-01-19T04:02:29Z,-40.65,0.0,176.55,0.0,21.0,2.0,ML,,,,2.8,0.4,8
896065,1996-01-19T08:08:02Z,-37.35,0.0,178.3,0.0,38.0,5.0,ML,,,,3.2,0.0,3
898756,1996-01-19T11:29:08Z,-42.61,0.0,172.56,0.0,12.0,0.0,ML,,,,2.6,0.2,5
896907,1996-01-19T11:46:11Z,-43.07,0.0,172.22,0.1,33.0,0.0,ML,,,,2.1,nan,1
898757,1996-01-19T11:56:49Z,-42.08,0.0,172.83,0.0,63.0,2.0,ML,,,,2.5,nan,1
895887,1996-01-19T12:06:03Z,-38.9,0.0,177.37,0.0,72.0,2.0,ML,,,,3.4,0.2,4
896070,1996-01-19T12:14:33Z,-38.52,0.0,178.5,0.1,33.0,0.0,ML,,,,2.6,0.1,2
895889,1996-01-19T13:29:52Z,-38.07,0.0,176.43,0.1,144.0,4.0,ML,,,,3.5,0.2,5
896073,1996-01-19T16:06:41Z,-38.63,0.0,178.73,0.1,33.0,0.0,ML,,,,3.4,0.2,5
895895,1996-01-19T18:45:14Z,-39.91,0.0,175.16,0.0,73.0,3.0,ML,,,,2.8,0.4,9
895896,1996-01-19T19:01:21Z,-40.27,0.1,176.19,0.0,54.0,4.0,ML,,,,2.4,0.2,3
895897,1996-01-19T21:21:37Z,-37.74,0.1,179.62,0.2,12.0,0.0,ML,,,,4.4,0.3,29
902979,1996-01-19T21:22:17Z,-41.29,0.0,172.83,0.0,141.0,6.0,ML,,,,3.3,0.5,7
896909,1996-01-19T23:16:30Z,-42.95,0.0,171.98,0.0,5.0,0.0,ML,,,,2.5,0.3,4
896194,1996-01-19T23:32:32Z,-45.07,0.0,167.47,0.0,83.0,2.0,ML,,,,2.7,0.2,13
895898,1996-01-20T01:45:06Z,-40.2,0.1,175.27,0.1,116.0,9.0,ML,,,,2.1,0.5,4
895899,1996-01-20T01:58:22Z,-38.99,0.0,175.24,0.0,123.0,3.0,ML,,,,3.1,0.2,7
895900,1996-01-20T02:55:25Z,-41.29,0.0,174.98,0.0,30.0,1.0,ML,,,,1.9,0.3,3
902980,1996-01-20T02:55:57Z,-40.71,0.0,176.43,0.0,31.0,2.0,ML,,,,3.8,0.2,32
896100,1996-01-20T03:25:35Z,-38.04,0.0,176.73,0.0,5.0,0.0,ML,,,,2.2,0.1,5
895902,1996-01-20T04:33:22Z,-45.34,0.0,167.2,0.0,55.0,2.0,ML,,,,2.3,0.3,5
902981,1996-01-20T04:33:41Z,-40.9,0.0,175.8,0.0,30.0,2.0,ML,,,,2.1,0.3,8
899517,1996-01-20T05:10:58Z,-38.55,0.0,176.37,0.0,12.0,0.0,ML,,,,2.5,0.5,3
896102,1996-01-20T05:29:03Z,-37.75,0.1,177.44,0.0,65.0,13.0,ML,,,,3.0,0.0,3
895904,1996-01-20T05:40:58Z,-40.9,0.0,175.78,0.0,29.0,3.0,ML,,,,2.3,0.1,3
895905,1996-01-20T05:55:43Z,-37.02,0.0,177.67,0.0,129.0,6.0,ML,,,,4.4,0.2,19
896103,1996-01-20T06:17:37Z,-39.72,0.0,177.11,0.1,24.0,5.0,ML,,,,2.9,0.1,2
903018,1996-01-20T06:21:20Z,-39.4,0.0,174.76,0.0,22.0,2.0,ML,,,,2.9,0.2,14
896921,1996-01-20T08:24:35Z,-42.12,0.0,172.88,0.0,5.0,0.0,ML,,,,3.0,0.3,6
895909,1996-01-20T09:50:21Z,-41.01,0.0,175.35,0.0,30.0,1.0,ML,,,,1.8,0.2,4
895910,1996-01-20T10:10:09Z,-42.13,0.0,172.91,0.0,5.0,0.0,ML,,,,3.7,0.2,7
895911,1996-01-20T10:30:06Z,-40.21,0.0,174.86,0.0,12.0,0.0,ML,,,,2.7,0.4,8
898636,1996-01-20T10:54:58Z,-45.09,0.0,167.17,0.0,34.0,5.0,ML,,,,2.6,0.1,3
896107,1996-01-20T12:11:56Z,-38.03,0.0,176.74,0.0,5.0,0.0,ML,,,,2.0,0.2,5
895913,1996-01-20T13:27:16Z,-39.92,0.0,174.06,0.0,112.0,10.0,ML,,,,2.6,0.2,4
898825,1996-01-20T14:07:20Z,-38.27,0.0,176.21,0.0,5.0,0.0,ML,,,,2.0,0.3,3
895915,1996-01-20T15:34:15Z,-38.98,0.0,175.43,0.0,162.0,7.0,ML,,,,3.7,0.2,16
895916,1996-01-20T15:53:30Z,-41.28,0.0,172.8,0.0,130.0,5.0,ML,,,,2.7,0.1,3
903073,1996-01-20T15:54:16Z,-41.07,0.0,175.48,0.0,8.0,2.0,ML,,,,2.5,0.2,12
896924,1996-01-20T16:23:13Z,-43.0,0.0,171.89,0.0,5.0,0.0,ML,,,,2.3,0.2,4
895918,1996-01-20T16:47:04Z,-41.19,0.0,174.84,0.0,23.0,1.0,ML,,,,0.9,0.2,3
898640,1996-01-20T18:05:33Z,-42.94,0.0,171.83,0.0,5.0,0.0,ML,,,,2.6,0.1,3
895920,1996-01-20T18:08:05Z,-40.95,0.0,175.42,0.0,24.0,2.0,ML,,,,2.3,0.2,9
903075,1996-01-20T18:08:19Z,-40.95,0.0,175.41,0.0,20.0,2.0,ML,,,,2.8,0.2,12
895921,1996-01-20T18:10:51Z,-40.95,0.0,175.41,0.0,22.0,3.0,ML,,,,2.2,0.2,8
895922,1996-01-20T18:19:12Z,-40.16,0.0,174.95,0.0,12.0,0.0,ML,,,,3.4,0.3,26
895923,1996-01-20T18:44:17Z,-41.12,0.0,174.64,0.0,55.0,1.0,ML,,,,1.9,0.2,4
895924,1996-01-20T18:53:08Z,-41.59,0.0,174.99,0.0,31.0,0.0,ML,,,,2.4,0.2,9
898643,1996-01-20T19:37:37Z,-45.14,0.0,167.33,0.0,122.0,2.0,ML,,,,3.2,0.2,11
896925,1996-01-20T19:53:11Z,-42.92,0.0,171.99,0.0,12.0,0.0,ML,,,,2.6,0.2,5
896116,1996-01-20T20:21:12Z,-36.58,0.2,176.93,0.2,250.0,14.0,ML,,,,3.8,0.2,4
895925,1996-01-20T20:45:09Z,-40.2,0.0,175.07,0.0,12.0,0.0,ML,,,,2.6,0.3,9
896196,1996-01-20T23:01:48Z,-44.95,0.0,167.56,0.0,85.0,2.0,ML,,,,2.5,0.2,6
895926,1996-01-20T23:47:57Z,-40.16,0.0,174.87,0.0,5.0,0.0,ML,,,,2.4,0.4,7
896121,1996-01-21T01:30:43Z,-37.25,0.3,179.11,0.2,12.0,0.0,ML,,,,2.8,0.2,3
895928,1996-01-21T02:18:15Z,-40.85,0.0,175.29,0.0,23.0,5.0,ML,,,,1.7,0.1,4
895931,1996-01-21T03:03:37Z,-40.9,0.0,175.66,0.0,29.0,2.0,ML,,,,2.2,0.1,8
896124,1996-01-21T03:34:58Z,-37.54,0.0,179.27,0.0,18.0,3.0,ML,,,,3.4,0.3,3
898112,1996-01-21T03:59:07Z,-46.15,0.0,167.61,0.0,12.0,0.0,ML,,,,2.4,0.2,3
896125,1996-01-21T04:11:50Z,-42.99,0.0,171.76,0.0,5.0,0.0,ML,,,,2.3,0.1,4
898931,1996-01-21T04:26:40Z,-39.24,0.0,173.82,0.1,21.0,3.0,ML,,,,2.9,0.3,7
896126,1996-01-21T05:21:09Z,-38.46,0.0,176.15,0.0,12.0,0.0,ML,,,,3.0,0.1,2
903077,1996-01-21T05:21:23Z,-38.39,0.0,176.2,0.0,5.0,0.0,ML,,,,2.4,0.5,5
903078,1996-01-21T05:21:44Z,-38.38,0.0,176.28,0.0,5.0,0.0,ML,,,,2.5,0.4,4
903079,1996-01-21T05:22:11Z,-38.43,0.0,176.17,0.0,5.0,0.0,ML,,,,2.8,0.3,3
903076,1996-01-21T05:22:42Z,-38.4,0.0,176.18,0.0,5.0,0.0,ML,,,,2.8,0.3,5
896128,1996-01-21T05:25:36Z,-38.4,0.0,176.21,0.0,5.0,0.0,ML,,,,2.9,0.3,5
896926,1996-01-21T06:44:03Z,-42.99,0.0,171.39,0.0,5.0,0.0,ML,,,,2.5,0.4,4
895932,1996-01-21T06:56:20Z,-40.61,0.0,175.32,0.0,32.0,2.0,ML,,,,2.3,0.3,9
895935,1996-01-21T08:12:35Z,-40.73,0.0,174.59,0.0,37.0,2.0,ML,,,,2.0,0.2,6
896927,1996-01-21T08:35:14Z,-38.4,0.0,179.34,0.0,12.0,0.0,ML,,,,2.6,0.5,3
895936,1996-01-21T08:41:38Z,-40.73,0.0,176.44,0.0,26.0,2.0,ML,,,,3.2,0.3,16
895937,1996-01-21T09:49:06Z,-41.15,0.0,175.83,0.0,33.0,2.0,ML,,,,2.1,0.2,6
896197,1996-01-21T10:06:32Z,-44.32,0.0,168.33,0.0,5.0,0.0,ML,,,,2.3,0.1,7
896134,1996-01-21T10:16:45Z,-38.52,0.1,178.52,0.1,12.0,0.0,ML,,,,2.5,0.2,3
895938,1996-01-21T10:43:20Z,-38.49,0.0,175.88,0.0,166.0,3.0,ML,,,,4.2,0.3,20
895939,1996-01-21T10:56:54Z,-40.21,0.0,175.06,0.0,5.0,0.0,ML,,,,2.0,0.3,6
896928,1996-01-21T11:54:35Z,-42.92,0.0,171.86,0.0,9.0,2.0,ML,,,,2.7,0.3,6
895940,1996-01-21T13:08:59Z,-37.89,0.0,177.55,0.0,72.0,4.0,ML,,,,3.2,0.2,5
895941,1996-01-21T13:12:48Z,-40.96,0.0,175.64,0.0,24.0,1.0,ML,,,,2.1,0.3,9
895942,1996-01-21T13:40:04Z,-38.18,0.0,176.19,0.0,144.0,3.0,ML,,,,3.3,0.4,14
896929,1996-01-21T14:08:49Z,-43.51,0.0,171.65,0.0,5.0,0.0,ML,,,,2.4,0.2,4
895943,1996-01-21T14:41:17Z,-41.02,0.0,174.67,0.0,33.0,1.0,ML,,,,2.7,0.2,21
898829,1996-01-21T15:16:07Z,-42.12,0.0,172.84,0.0,5.0,0.0,ML,,,,1.9,0.3,2
896931,1996-01-21T17:08:30Z,-43.01,0.0,171.36,0.0,5.0,0.0,ML,,,,3.0,0.3,7
898775,1996-01-21T17:10:35Z,-42.01,0.0,173.26,0.1,5.0,0.0,ML,,,,2.0,0.1,3
896140,1996-01-21T17:20:06Z,-42.06,0.0,172.95,0.0,5.0,0.0,ML,,,,1.8,0.3,4
895945,1996-01-21T19:24:55Z,-40.71,0.0,174.72,0.0,42.0,1.0,ML,,,,1.9,0.3,4
903882,1996-01-21T19:25:38Z,-39.27,0.0,175.56,0.0,0.0,0.0,ML,,,,1.0,0.1,3
896143,1996-01-21T19:28:25Z,-38.41,0.0,176.13,0.0,5.0,0.0,ML,,,,2.6,0.5,5
900673,1996-01-21T19:34:10Z,-39.28,0.0,175.56,0.0,0.0,0.0,ML,,,,0.4,0.0,2
899408,1996-01-21T19:39:07Z,-39.29,0.0,175.53,0.0,0.0,0.0,ML,,,,0.9,0.1,3
896933,1996-01-21T20:05:53Z,-39.13,0.0,175.35,0.0,12.0,0.0,ML,,,,1.0,0.0,3
898940,1996-01-21T20:23:38Z,-39.11,0.0,175.68,0.0,4.0,1.0,ML,,,,2.4,0.2,5
901230,1996-01-21T20:27:10Z,-39.1,0.0,175.66,0.0,4.0,0.0,ML,,,,1.5,0.3,3
898605,1996-01-21T21:42:28Z,-39.09,0.0,175.66,0.1,5.0,0.0,ML,,,,0.9,0.3,3
895946,1996-01-21T21:45:11Z,-42.47,0.0,173.8,0.0,25.0,2.0,ML,,,,2.7,0.4,11
896151,1996-01-21T22:00:59Z,-37.35,0.0,179.45,0.0,7.0,1.0,ML,,,,4.4,0.3,24
896154,1996-01-21T22:43:49Z,-37.53,0.1,179.48,0.1,12.0,0.0,ML,,,,3.5,0.2,4
899541,1996-01-21T23:48:49Z,-39.28,0.0,175.56,0.0,0.0,0.0,ML,,,,0.6,0.1,3
899546,1996-01-22T00:26:03Z,-39.18,0.0,175.37,0.0,12.0,0.0,ML,,,,1.3,0.1,4
898833,1996-01-22T01:51:53Z,-39.13,0.0,175.37,0.0,5.0,0.0,ML,,,,1.0,0.1,3
895947,1996-01-22T02:01:25Z,-37.91,0.1,176.07,0.0,206.0,5.0,ML,,,,3.9,0.3,15
899553,1996-01-22T02:20:01Z,-39.28,0.0,175.56,0.0,0.0,0.0,ML,,,,0.7,0.1,3
898834,1996-01-22T02:51:04Z,-39.09,0.0,175.66,0.0,5.0,0.0,ML,,,,1.2,0.1,4
895948,1996-01-22T03:28:16Z,-39.09,0.0,175.66,0.0,5.0,0.0,ML,,,,0.8,0.2,3
896935,1996-01-22T03:50:24Z,-42.93,0.0,171.92,0.0,5.0,0.0,ML,,,,2.5,0.2,5
899827,1996-01-22T03:59:23Z,-39.51,0.0,175.59,0.0,12.0,0.0,ML,,,,1.4,0.2,4
898129,1996-01-22T04:09:02Z,-41.78,0.0,172.63,0.0,80.0,1.0,ML,,,,2.5,nan,1
895949,1996-01-22T04:20:41Z,-41.01,0.0,174.69,0.0,33.0,1.0,ML,,,,1.9,0.2,5
914148,1996-01-22T05:43:19Z,-39.23,0.0,174.85,0.0,12.0,0.0,ML,,,,1.9,0.0,4
896936,1996-01-22T05:43:38Z,-43.0,0.0,171.38,0.0,5.0,0.0,ML,,,,2.3,0.2,3
896198,1996-01-22T05:46:29Z,-45.12,0.0,167.41,0.0,82.0,2.0,ML,,,,3.6,0.2,4
896168,1996-01-22T07:16:51Z,-37.73,0.0,179.43,0.1,12.0,0.0,ML,,,,3.0,0.4,3
896937,1996-01-22T08:03:14Z,-43.84,0.0,172.68,0.0,30.0,1.0,ML,,,,2.9,0.2,5
897303,1996-01-22T08:55:08Z,-39.28,0.0,175.56,0.0,0.0,0.0,ML,,,,0.8,0.2,3
900707,1996-01-22T09:17:58Z,-39.28,0.0,175.56,0.0,0.0,0.0,ML,,,,0.6,0.1,2
895952,1996-01-22T09:49:46Z,-40.71,0.0,174.74,0.0,39.0,1.0,ML,,,,2.5,0.2,11
901232,1996-01-22T11:08:31Z,-39.28,0.0,175.56,0.0,0.0,0.0,ML,,,,0.6,0.1,2
896201,1996-01-22T11:20:00Z,-40.77,0.0,174.72,0.0,37.0,2.0,ML,,,,1.6,0.3,5
896202,1996-01-22T11:29:20Z,-41.34,0.0,175.61,0.0,16.0,1.0,ML,,,,1.8,0.3,5
896169,1996-01-22T13:48:35Z,-37.86,0.0,178.55,0.1,12.0,0.0,ML,,,,2.6,0.1,4
896209,1996-01-22T14:59:30Z,-40.12,0.0,174.57,0.0,59.0,5.0,ML,,,,2.8,0.3,7
899366,1996-01-22T15:04:18Z,-39.28,0.0,175.56,0.0,0.0,0.0,ML,,,,0.6,0.0,2
896211,1996-01-22T15:44:59Z,-41.48,0.0,172.96,0.0,88.0,3.0,ML,,,,2.6,0.3,5
899368,1996-01-22T15:55:16Z,-39.28,0.0,175.56,0.0,0.0,0.0,ML,,,,0.7,0.0,2
900727,1996-01-22T17:24:46Z,-39.09,0.0,175.66,0.1,5.0,0.0,ML,,,,1.1,0.4,3
901235,1996-01-22T17:29:21Z,-39.09,0.0,175.64,0.0,5.0,0.0,ML,,,,0.7,0.3,3
896199,1996-01-22T18:26:53Z,-45.21,0.0,166.84,0.0,12.0,0.0,ML,,,,2.9,0.2,9
896179,1996-01-22T19:35:01Z,-39.28,0.0,175.56,0.0,0.0,0.0,ML,,,,0.7,0.0,3
896214,1996-01-22T19:46:00Z,-41.27,0.0,175.34,0.0,20.0,1.0,ML,,,,2.5,0.2,11
896185,1996-01-22T22:09:16Z,-39.28,0.0,175.56,0.0,0.0,0.0,ML,,,,1.1,0.0,2
896215,1996-01-22T22:23:52Z,-40.75,0.0,174.48,0.0,69.0,2.0,ML,,,,2.6,0.2,7
896218,1996-01-23T03:12:08Z,-40.53,0.0,176.1,0.0,32.0,1.0,ML,,,,2.9,0.3,14
896219,1996-01-23T03:33:53Z,-38.36,0.1,176.43,0.5,193.0,13.0,ML,,,,3.5,nan,1
896220,1996-01-23T03:41:56Z,-40.29,0.0,174.11,0.0,89.0,4.0,ML,,,,3.3,0.2,9
896468,1996-01-23T05:20:19Z,-39.24,0.0,175.0,0.0,12.0,0.0,ML,,,,1.8,0.1,3
900791,1996-01-23T06:52:53Z,-39.25,0.0,174.74,0.0,12.0,0.0,ML,,,,1.8,0.0,2
896768,1996-01-23T07:16:02Z,-45.06,0.0,167.45,0.0,92.0,2.0,ML,,,,3.6,0.2,14
900469,1996-01-23T07:50:46Z,-39.28,0.0,175.56,0.0,0.0,0.0,ML,,,,0.8,0.1,3
900473,1996-01-23T08:10:16Z,-39.52,0.0,175.9,0.1,5.0,0.0,ML,,,,1.7,0.0,4
896237,1996-01-23T08:24:09Z,-37.98,0.0,175.23,0.0,12.0,0.0,ML,,,,3.6,0.3,2
896267,1996-01-23T10:19:01Z,-38.29,0.0,176.35,0.0,5.0,0.0,ML,,,,1.8,0.2,3
896271,1996-01-23T10:31:04Z,-38.29,0.0,176.38,0.0,12.0,0.0,ML,,,,2.5,0.1,3
896278,1996-01-23T10:59:10Z,-38.31,0.0,176.4,0.0,5.0,0.0,ML,,,,2.0,0.2,4
896280,1996-01-23T11:03:42Z,-41.46,0.0,174.24,0.0,17.0,2.0,ML,,,,2.7,0.1,17
901239,1996-01-23T11:17:38Z,-39.28,0.0,175.56,0.0,0.0,0.0,ML,,,,1.1,0.1,3
901240,1996-01-23T11:19:48Z,-38.08,0.0,176.74,0.0,12.0,0.0,ML,,,,2.0,0.1,4
901241,1996-01-23T11:20:37Z,-38.06,0.0,176.63,0.0,12.0,0.0,ML,,,,2.0,0.2,5
914152,1996-01-23T11:22:47Z,-42.58,0.0,172.56,0.0,12.0,0.0,ML,,,,2.7,0.3,6
896477,1996-01-23T11:27:58Z,-38.08,0.0,176.71,0.0,5.0,0.0,ML,,,,2.4,0.2,5
901243,1996-01-23T11:36:10Z,-39.32,0.0,175.55,0.0,13.0,1.0,ML,,,,1.2,0.4,4
896769,1996-01-23T11:45:06Z,-45.0,0.0,167.48,0.0,62.0,2.0,ML,,,,3.2,0.2,14
898658,1996-01-23T12:49:23Z,-44.89,0.0,167.94,0.0,12.0,0.0,ML,,,,2.0,0.4,3
899567,1996-01-23T13:03:17Z,-37.61,0.0,179.22,0.1,12.0,0.0,ML,,,,3.7,0.2,9
896480,1996-01-23T13:33:11Z,-40.2,0.0,174.47,0.0,12.0,0.0,ML,,,,2.4,0.2,3
914155,1996-01-23T14:52:39Z,-38.52,0.0,175.57,0.0,212.0,8.0,ML,,,,3.6,0.1,3
896942,1996-01-23T16:11:03Z,-42.98,0.0,171.86,0.0,5.0,0.0,ML,,,,2.5,0.2,4
896943,1996-01-23T16:19:46Z,-42.99,0.0,171.76,0.0,5.0,0.0,ML,,,,3.0,0.3,7
896311,1996-01-23T16:32:19Z,-40.78,0.0,175.1,0.0,29.0,1.0,ML,,,,2.5,0.2,10
896482,1996-01-23T17:24:27Z,-36.81,0.0,177.67,0.0,12.0,0.0,ML,,,,3.3,0.1,5
896313,1996-01-23T17:52:58Z,-40.47,0.0,173.72,0.0,106.0,3.0,ML,,,,2.6,0.5,6
900831,1996-01-23T19:17:02Z,-39.28,0.0,175.73,0.1,0.0,0.0,ML,,,,1.1,0.3,3
900844,1996-01-23T21:15:39Z,-39.3,0.0,175.43,0.0,12.0,0.0,ML,,,,2.4,0.3,7
896321,1996-01-23T21:33:56Z,-40.11,0.0,174.89,0.0,26.0,2.0,ML,,,,2.5,0.2,13
896944,1996-01-23T21:46:56Z,-43.0,0.0,171.44,0.0,5.0,0.0,ML,,,,2.6,0.3,3
896323,1996-01-23T22:24:16Z,-40.89,0.0,175.37,0.0,32.0,1.0,ML,,,,2.0,0.2,6
896324,1996-01-23T23:03:33Z,-44.9,0.0,169.02,0.0,5.0,0.0,ML,,,,1.7,0.3,6
896493,1996-01-23T23:18:40Z,-38.41,0.0,178.14,0.0,12.0,0.0,ML,,,,2.3,0.1,3
901245,1996-01-24T00:53:04Z,-39.28,0.0,175.56,0.0,0.0,0.0,ML,,,,0.7,0.1,2
896495,1996-01-24T02:22:49Z,-37.73,0.0,179.23,0.0,20.0,2.0,ML,,,,3.2,0.4,4
896327,1996-01-24T03:08:35Z,-41.0,0.0,174.9,0.0,30.0,1.0,ML,,,,3.2,0.2,20
896328,1996-01-24T03:40:10Z,-40.71,0.0,174.56,0.0,35.0,5.0,ML,,,,1.9,0.1,3
901250,1996-01-24T03:47:16Z,-38.42,0.0,176.2,0.0,12.0,0.0,ML,,,,2.3,0.3,3
901251,1996-01-24T03:47:57Z,-38.39,0.0,176.28,0.0,12.0,0.0,ML,,,,2.4,0.4,3
896329,1996-01-24T04:01:55Z,-41.36,0.0,175.12,0.0,28.0,1.0,ML,,,,1.8,0.1,5
896497,1996-01-24T04:13:37Z,-38.39,0.0,178.14,0.0,33.0,0.0,ML,,,,2.6,0.0,3
901253,1996-01-24T05:13:41Z,-38.4,0.0,176.17,0.1,12.0,0.0,ML,,,,2.8,0.4,3
896330,1996-01-24T06:21:44Z,-41.32,0.0,174.92,0.0,26.0,1.0,ML,,,,1.6,0.2,6
898664,1996-01-24T06:31:30Z,-39.28,0.0,175.56,0.0,0.0,0.0,ML,,,,0.6,nan,1
914158,1996-01-24T06:33:35Z,-42.07,0.0,173.52,0.0,54.0,4.0,ML,,,,2.2,nan,1
896770,1996-01-24T06:56:01Z,-44.45,0.0,168.3,0.0,12.0,0.0,ML,,,,2.5,0.2,11
896950,1996-01-24T07:44:22Z,-41.98,0.0,171.81,0.0,5.0,0.0,ML,,,,2.7,0.2,6
896952,1996-01-24T09:29:23Z,-43.19,0.0,171.44,0.0,5.0,0.0,ML,,,,2.5,0.2,4
896331,1996-01-24T10:19:26Z,-39.2,0.0,174.86,0.0,222.0,5.0,ML,,,,4.2,0.3,17
896332,1996-01-24T10:55:00Z,-41.6,0.0,174.33,0.0,6.0,2.0,ML,,,,2.5,0.3,13
896502,1996-01-24T11:07:12Z,-45.14,0.0,169.82,0.0,12.0,0.0,ML,,,,1.3,0.2,6
896335,1996-01-24T13:57:45Z,-42.33,0.0,174.93,0.0,12.0,0.0,ML,,,,2.7,0.3,13
900921,1996-01-24T14:31:58Z,-39.23,0.0,175.6,0.0,5.0,0.0,ML,,,,1.4,0.1,2
896336,1996-01-24T15:36:56Z,-40.54,0.0,174.28,0.0,67.0,5.0,ML,,,,2.1,0.2,7
900497,1996-01-24T15:54:59Z,-39.22,0.0,174.81,0.0,12.0,0.0,ML,,,,2.5,0.2,9
896771,1996-01-24T17:44:25Z,-44.04,0.0,169.43,0.0,5.0,0.0,ML,,,,4.4,0.2,8
900939,1996-01-24T17:48:31Z,-42.79,0.0,172.73,0.0,12.0,0.0,ML,,,,2.0,0.3,3
896509,1996-01-24T17:59:23Z,-41.71,0.0,172.49,0.0,5.0,0.0,ML,,,,2.8,0.2,10
896337,1996-01-24T18:00:50Z,-41.73,0.0,172.48,0.0,5.0,0.0,ML,,,,2.1,0.2,3
896511,1996-01-24T18:40:38Z,-37.19,0.1,177.41,0.1,12.0,0.0,ML,,,,3.4,0.3,4
896953,1996-01-24T19:00:00Z,-44.05,0.0,169.41,0.1,12.0,0.0,ML,,,,2.3,0.2,3
896772,1996-01-24T21:02:38Z,-44.44,0.0,168.3,0.0,12.0,0.0,ML,,,,2.2,0.2,8
898684,1996-01-24T21:14:01Z,-43.01,0.0,171.39,0.0,5.0,0.0,ML,,,,2.5,0.1,3
896338,1996-01-24T21:31:46Z,-41.15,0.0,174.68,0.0,54.0,3.0,ML,,,,2.6,0.2,4
896773,1996-01-24T22:33:10Z,-45.22,0.0,167.36,0.0,126.0,3.0,ML,,,,3.0,0.2,13
896519,1996-01-25T00:04:05Z,-38.57,0.0,177.91,0.0,47.0,4.0,ML,,,,3.5,0.3,5
896774,1996-01-25T01:39:53Z,-44.63,0.0,169.82,0.0,5.0,0.0,ML,,,,3.2,0.2,15
896957,1996-01-25T03:30:04Z,-43.05,0.0,171.4,0.0,12.0,0.0,ML,,,,2.2,0.3,3
896525,1996-01-25T03:32:44Z,-36.99,0.1,177.31,0.1,140.0,12.0,ML,,,,3.9,0.2,5
909139,1996-01-25T05:23:32Z,-42.99,0.0,171.37,0.0,5.0,0.0,ML,,,,2.8,0.2,2
899113,1996-01-25T06:26:40Z,-40.6,0.0,173.57,0.0,106.0,3.0,ML,,,,2.7,nan,1
896343,1996-01-25T07:08:01Z,-38.92,0.0,175.77,0.1,94.0,11.0,ML,,,,3.3,0.1,4
896530,1996-01-25T07:18:19Z,-47.4,0.0,165.66,0.0,12.0,0.0,ML,,,,3.0,0.4,4
914161,1996-01-25T07:19:54Z,-38.06,0.0,179.18,0.1,12.0,0.0,ML,,,,3.7,0.3,5
896534,1996-01-25T08:03:28Z,-38.71,0.0,178.21,0.0,39.0,1.0,ML,,,,2.7,0.3,3
896344,1996-01-25T09:39:33Z,-40.91,0.0,174.89,0.0,36.0,2.0,ML,,,,1.8,0.2,5
896345,1996-01-25T09:58:49Z,-41.52,0.0,175.33,0.0,20.0,2.0,ML,,,,2.3,0.2,8
896539,1996-01-25T10:19:38Z,-38.11,0.1,179.32,0.1,12.0,0.0,ML,,,,3.1,0.2,5
898708,1996-01-25T10:43:36Z,-46.14,0.0,166.38,0.0,12.0,0.0,ML,,,,2.5,0.3,3
899462,1996-01-25T11:00:47Z,-39.81,0.0,176.86,0.1,30.0,3.0,ML,,,,2.7,0.2,3
896349,1996-01-25T13:27:08Z,-37.82,0.0,179.27,0.1,12.0,0.0,ML,,,,2.8,0.3,3
901296,1996-01-25T13:45:22Z,-38.92,0.0,175.73,0.0,5.0,0.0,ML,,,,1.9,0.2,6
901297,1996-01-25T15:03:55Z,-39.07,0.0,175.74,0.0,12.0,0.0,ML,,,,1.4,0.1,2
896353,1996-01-25T15:41:04Z,-38.71,0.0,175.39,0.0,222.0,5.0,ML,,,,4.3,0.3,19
896355,1996-01-25T16:56:32Z,-40.94,0.0,177.92,0.1,12.0,0.0,ML,,,,3.1,0.3,4
896964,1996-01-25T17:03:21Z,-42.93,0.0,171.84,0.0,5.0,0.0,ML,,,,2.5,0.2,3
896356,1996-01-25T19:44:47Z,-40.48,0.0,174.81,0.0,30.0,5.0,ML,,,,2.3,0.1,3
896359,1996-01-25T21:05:18Z,-40.14,0.0,174.83,0.0,17.0,2.0,ML,,,,3.1,0.2,12
901086,1996-01-25T21:44:20Z,-38.92,0.0,174.18,0.1,5.0,0.0,ML,,,,2.2,0.2,3
896775,1996-01-25T23:34:31Z,-44.96,0.0,167.62,0.0,79.0,2.0,ML,,,,3.2,0.1,15
896554,1996-01-26T00:02:01Z,-46.51,0.0,165.06,0.1,33.0,0.0,ML,,,,3.5,0.3,4
914162,1996-01-26T00:25:42Z,-40.41,0.0,176.32,0.0,24.0,3.0,ML,,,,2.3,0.1,6
896364,1996-01-26T02:28:01Z,-40.12,0.0,174.86,0.0,25.0,4.0,ML,,,,2.8,0.2,8
896776,1996-01-26T02:38:01Z,-45.37,0.0,170.51,0.0,12.0,0.0,ML,,,,2.4,0.2,11
896971,1996-01-26T06:09:18Z,-43.03,0.0,171.2,0.0,5.0,0.0,ML,,,,2.9,0.3,3
896972,1996-01-26T07:02:55Z,-42.98,0.0,171.44,0.0,5.0,0.0,ML,,,,2.8,0.2,5
896370,1996-01-26T07:11:45Z,-40.51,0.0,173.38,0.0,158.0,4.0,ML,,,,2.9,0.2,6
896973,1996-01-26T07:33:58Z,-43.02,0.0,171.37,0.0,5.0,0.0,ML,,,,2.5,0.5,3
896373,1996-01-26T09:07:30Z,-42.93,0.0,171.83,0.0,5.0,0.0,ML,,,,2.4,0.2,4
901159,1996-01-26T10:03:37Z,-39.18,0.0,173.7,0.1,12.0,0.0,ML,,,,2.1,0.2,4
896377,1996-01-26T10:10:28Z,-40.1,0.0,179.64,0.1,12.0,0.0,ML,,,,3.6,0.2,2
896976,1996-01-26T10:15:41Z,-43.01,0.0,171.29,0.0,12.0,0.0,ML,,,,2.3,0.3,2
896582,1996-01-26T11:11:45Z,-41.22,0.0,172.7,0.0,185.0,3.0,ML,,,,3.3,0.1,2
896777,1996-01-26T12:37:43Z,-43.02,0.0,171.34,0.0,5.0,0.0,ML,,,,3.2,0.3,15
896977,1996-01-26T16:31:22Z,-39.14,0.0,175.01,0.0,33.0,0.0,ML,,,,2.4,0.3,3
896388,1996-01-26T19:22:36Z,-41.21,0.0,172.51,0.0,5.0,0.0,ML,,,,2.9,0.2,9
896978,1996-01-26T19:54:24Z,-42.95,0.0,171.85,0.0,12.0,0.0,ML,,,,2.5,0.1,5
909352,1996-01-26T21:55:43Z,-39.3,0.0,173.95,0.0,5.0,0.0,ML,,,,1.5,0.0,2
896778,1996-01-26T22:05:55Z,-44.96,0.0,167.45,0.0,5.0,0.0,ML,,,,2.9,0.2,12
899115,1996-01-26T23:35:51Z,-41.71,0.0,172.22,0.0,96.0,1.0,ML,,,,2.5,nan,1
896603,1996-01-27T01:06:15Z,-37.54,0.1,177.01,0.1,12.0,0.0,ML,,,,2.9,0.1,2
896604,1996-01-27T01:31:39Z,-37.63,0.0,177.11,0.0,5.0,0.0,ML,,,,3.3,0.3,7
896390,1996-01-27T01:43:51Z,-41.28,0.0,175.31,0.0,26.0,1.0,ML,,,,3.4,0.2,19
909040,1996-01-27T03:15:29Z,-46.48,0.0,169.56,0.0,12.0,0.0,ML,,,,2.2,0.1,3
896608,1996-01-27T03:25:03Z,-37.92,0.1,175.58,0.2,173.0,12.0,ML,,,,3.7,0.1,4
896391,1996-01-27T04:04:10Z,-41.29,0.0,175.3,0.0,25.0,1.0,ML,,,,1.8,0.1,5
896392,1996-01-27T04:16:29Z,-40.9,0.0,175.9,0.0,31.0,3.0,ML,,,,2.5,0.2,6
896609,1996-01-27T04:45:23Z,-46.48,0.0,169.53,0.0,12.0,0.0,ML,,,,2.6,0.2,8
896779,1996-01-27T05:50:47Z,-45.12,0.0,166.88,0.1,5.0,0.0,ML,,,,3.1,0.1,14
913649,1996-01-27T06:12:01Z,-38.79,0.0,176.59,0.0,103.0,5.0,ML,,,,3.4,0.3,2
896614,1996-01-27T07:54:59Z,-42.98,0.0,171.86,0.0,12.0,0.0,ML,,,,2.8,0.3,5
896983,1996-01-27T09:55:29Z,-42.97,0.0,171.39,0.0,5.0,0.0,ML,,,,2.3,0.0,3
896398,1996-01-27T10:03:44Z,-44.55,0.0,168.25,0.0,5.0,0.0,ML,,,,2.7,0.2,12
915465,1996-01-27T10:05:46Z,-40.89,0.0,175.81,0.0,30.0,2.0,ML,,,,2.5,0.1,6
909151,1996-01-27T12:14:26Z,-39.59,0.0,174.35,0.1,170.0,10.0,ML,,,,3.3,0.4,2
896987,1996-01-27T13:10:44Z,-45.19,0.0,167.34,0.0,82.0,1.0,ML,,,,2.8,0.3,6
909231,1996-01-27T14:12:08Z,-39.15,0.0,174.96,0.0,29.0,4.0,ML,,,,2.6,0.2,5
896990,1996-01-27T14:17:51Z,-43.17,0.0,171.44,0.0,5.0,0.0,ML,,,,2.7,0.2,4
896994,1996-01-27T15:14:31Z,-42.93,0.0,171.66,0.0,12.0,0.0,ML,,,,2.3,0.1,3
896422,1996-01-27T15:53:58Z,-41.26,0.0,174.81,0.0,29.0,1.0,ML,,,,3.6,0.2,24
899065,1996-01-27T16:34:06Z,-45.22,0.0,166.91,0.0,37.0,2.0,ML,,,,2.7,0.1,2
896626,1996-01-27T17:13:30Z,-38.17,0.0,177.93,0.0,47.0,6.0,ML,,,,4.0,0.2,4
896425,1996-01-27T17:22:54Z,-38.93,0.0,175.22,0.1,226.0,5.0,ML,,,,3.8,0.3,7
896426,1996-01-27T17:33:27Z,-40.11,0.0,174.88,0.0,21.0,3.0,ML,,,,2.6,0.2,14
896783,1996-01-27T17:37:03Z,-44.92,0.0,167.59,0.0,79.0,4.0,ML,,,,2.4,0.2,5
896428,1996-01-27T17:57:53Z,-37.28,0.1,176.84,0.1,191.0,6.0,ML,,,,4.7,0.2,19
909232,1996-01-27T19:20:21Z,-39.25,0.0,175.05,0.0,27.0,7.0,ML,,,,2.6,0.3,5
896627,1996-01-27T19:27:50Z,-37.93,0.0,179.45,0.1,12.0,0.0,ML,,,,3.8,0.2,6
899066,1996-01-27T21:55:32Z,-45.05,0.0,167.41,0.0,108.0,2.0,ML,,,,3.0,0.1,4
896784,1996-01-28T01:05:00Z,-44.59,0.0,168.15,0.0,82.0,3.0,ML,,,,3.4,0.2,17
896430,1996-01-28T01:08:36Z,-37.38,0.0,176.56,0.0,201.0,3.0,ML,,,,4.0,0.2,15
896634,1996-01-28T02:36:28Z,-38.4,0.0,178.3,0.0,57.0,3.0,ML,,,,3.0,0.1,3
916355,1996-01-28T02:38:38Z,-45.14,0.0,167.35,0.0,113.0,1.0,ML,,,,2.7,0.1,3
896431,1996-01-28T03:18:10Z,-40.9,0.0,175.63,0.0,29.0,1.0,ML,,,,2.1,0.1,8
896432,1996-01-28T03:25:32Z,-39.9,0.0,-179.76,0.1,12.0,0.0,ML,,,,4.6,0.2,43
910939,1996-01-28T03:28:38Z,-39.23,0.0,175.19,0.0,33.0,0.0,ML,,,,2.2,0.1,4
896433,1996-01-28T04:37:12Z,-39.13,0.0,175.43,0.0,147.0,5.0,ML,,,,3.7,0.2,13
909396,1996-01-28T04:55:44Z,-38.08,0.0,176.79,0.1,5.0,0.0,ML,,,,2.3,0.1,4
896639,1996-01-28T05:54:19Z,-37.07,0.1,176.45,0.1,233.0,8.0,ML,,,,3.5,0.2,2
897005,1996-01-28T06:04:06Z,-42.98,0.0,171.4,0.0,5.0,0.0,ML,,,,2.5,0.3,3
896434,1996-01-28T06:22:34Z,-40.55,0.1,175.22,0.0,33.0,6.0,ML,,,,2.3,0.3,5
896435,1996-01-28T06:26:34Z,-41.46,0.0,174.66,0.0,19.0,3.0,ML,,,,1.8,0.4,3
896437,1996-01-28T06:54:07Z,-40.88,0.0,175.12,0.0,33.0,1.0,ML,,,,2.6,0.2,9
896438,1996-01-28T07:08:06Z,-39.69,0.0,174.22,0.0,137.0,8.0,ML,,,,3.3,0.3,9
896642,1996-01-28T07:54:28Z,-37.17,0.2,177.51,0.1,5.0,0.0,ML,,,,3.2,0.2,4
896441,1996-01-28T08:21:21Z,-40.05,0.0,174.89,0.0,12.0,0.0,ML,,,,3.1,0.2,15
896442,1996-01-28T08:44:16Z,-38.67,0.0,176.14,0.1,166.0,4.0,ML,,,,3.3,0.3,7
896443,1996-01-28T09:41:42Z,-40.52,0.0,173.82,0.0,102.0,5.0,ML,,,,2.7,0.4,8
899068,1996-01-28T11:04:42Z,-45.03,0.0,166.95,0.0,12.0,0.0,ML,,,,3.1,0.2,2
913669,1996-01-28T13:26:48Z,-39.36,0.0,174.93,0.0,33.0,0.0,ML,,,,1.9,0.1,4
897010,1996-01-28T13:47:32Z,-43.03,0.0,171.4,0.0,5.0,0.0,ML,,,,1.9,0.1,3
899118,1996-01-28T15:30:42Z,-42.0,0.0,173.34,0.0,5.0,0.0,ML,,,,2.1,0.2,4
896444,1996-01-28T16:33:33Z,-40.29,0.0,174.38,0.0,98.0,4.0,ML,,,,3.3,0.3,13
896445,1996-01-28T17:12:29Z,-39.26,0.0,175.05,0.0,23.0,2.0,ML,,,,3.1,0.2,17
897015,1996-01-28T17:49:43Z,-43.03,0.0,171.49,0.0,12.0,0.0,ML,,,,2.7,0.0,2
913671,1996-01-28T19:20:29Z,-39.36,0.0,175.51,0.0,12.0,0.0,ML,,,,1.4,0.1,3
896659,1996-01-28T20:18:24Z,-39.32,0.0,175.41,0.0,12.0,0.0,ML,,,,2.4,0.5,6
896785,1996-01-28T21:10:13Z,-45.23,0.0,166.84,0.0,12.0,0.0,ML,,,,3.2,0.2,12
896447,1996-01-28T21:44:59Z,-41.21,0.0,174.99,0.0,15.0,1.0,ML,,,,1.6,0.1,3
913672,1996-01-28T22:00:12Z,-39.1,0.0,175.66,0.0,5.0,0.0,ML,,,,1.6,0.3,3
896448,1996-01-28T22:40:02Z,-40.88,0.0,175.22,0.0,22.0,3.0,ML,,,,2.3,0.1,6
896449,1996-01-29T00:51:03Z,-41.25,0.0,172.81,0.0,212.0,2.0,ML,,,,3.1,0.3,6
913674,1996-01-29T01:02:20Z,-39.37,0.0,175.74,0.0,15.0,1.0,ML,,,,1.6,0.1,4
911001,1996-01-29T01:07:01Z,-39.55,0.0,175.69,0.0,12.0,0.0,ML,,,,1.8,0.2,4
909216,1996-01-29T02:06:08Z,-39.17,0.0,174.91,0.0,12.0,0.0,ML,,,,1.8,0.1,5
909336,1996-01-29T02:19:34Z,-39.42,0.0,175.76,0.0,12.0,0.0,ML,,,,1.3,0.1,4
910624,1996-01-29T03:09:43Z,-38.04,0.0,176.81,0.1,5.0,0.0,ML,,,,2.1,0.1,3
916412,1996-01-29T03:11:59Z,-45.15,0.0,167.28,0.0,12.0,0.0,ML,,,,2.6,0.1,3
909065,1996-01-29T03:45:58Z,-39.86,0.0,177.1,0.0,33.0,0.0,ML,,,,3.8,0.3,29
896452,1996-01-29T04:13:38Z,-40.15,0.1,173.23,0.0,5.0,0.0,ML,,,,2.5,0.1,8
913675,1996-01-29T05:46:16Z,-39.1,0.0,175.65,0.1,4.0,1.0,ML,,,,1.0,0.3,3
896453,1996-01-29T05:58:20Z,-41.58,0.0,173.54,0.0,67.0,3.0,ML,,,,2.8,0.2,7
909072,1996-01-29T06:34:47Z,-40.09,0.0,176.91,0.0,20.0,1.0,ML,,,,2.8,0.1,5
913676,1996-01-29T08:28:01Z,-39.23,0.0,175.57,0.0,5.0,0.0,ML,,,,1.1,0.2,4
896454,1996-01-29T08:46:09Z,-41.32,0.0,176.07,0.0,30.0,2.0,ML,,,,2.7,0.2,10
896673,1996-01-29T08:51:42Z,-37.74,0.0,176.8,0.0,5.0,0.0,ML,,,,2.8,0.2,7
896455,1996-01-29T09:26:15Z,-41.27,0.0,176.13,0.0,22.0,4.0,ML,,,,2.1,0.1,2
913679,1996-01-29T09:54:30Z,-39.43,0.0,176.12,0.0,12.0,0.0,ML,,,,1.7,0.1,2
896456,1996-01-29T09:57:12Z,-38.13,0.0,176.25,0.0,5.0,0.0,ML,,,,2.6,0.3,6
896457,1996-01-29T10:04:32Z,-39.96,0.1,174.48,0.0,202.0,4.0,ML,,,,2.7,0.2,5
909078,1996-01-29T10:22:28Z,-47.25,0.0,165.64,0.0,12.0,0.0,ML,,,,2.7,0.4,3
896677,1996-01-29T10:58:48Z,-38.47,0.0,176.18,0.0,163.0,3.0,ML,,,,3.1,0.4,3
897034,1996-01-29T11:26:11Z,-41.06,0.0,174.83,0.0,29.0,1.0,ML,,,,1.4,0.2,4
916890,1996-01-29T11:27:11Z,-39.62,0.0,174.8,0.0,27.0,2.0,ML,,,,2.2,0.2,11
896683,1996-01-29T14:28:52Z,-38.06,0.0,178.19,0.0,66.0,3.0,ML,,,,2.7,0.1,3
909355,1996-01-29T14:42:47Z,-39.2,0.0,174.45,0.0,33.0,0.0,ML,,,,1.6,0.2,2
896684,1996-01-29T14:45:47Z,-37.76,0.0,176.81,0.0,5.0,0.0,ML,,,,2.4,0.2,5
911034,1996-01-29T15:10:36Z,-39.51,0.0,175.69,0.0,26.0,5.0,ML,,,,1.8,0.2,4
896686,1996-01-29T15:47:23Z,-38.5,0.0,175.93,0.0,162.0,5.0,ML,,,,4.6,0.2,17
896689,1996-01-29T16:37:26Z,-37.77,0.1,179.32,0.1,12.0,0.0,ML,,,,3.0,0.2,3
899119,1996-01-29T17:14:50Z,-41.37,0.0,173.66,0.0,84.0,3.0,ML,,,,2.6,0.2,11
910593,1996-01-29T17:20:14Z,-39.52,0.0,175.58,0.0,12.0,0.0,ML,,,,1.5,0.2,3
913683,1996-01-29T17:45:31Z,-39.28,0.0,175.56,0.0,0.0,0.0,ML,,,,0.6,0.1,3
909238,1996-01-29T18:15:15Z,-38.85,0.0,174.58,0.0,12.0,0.0,ML,,,,1.9,0.2,4
896690,1996-01-29T19:14:04Z,-37.1,0.0,177.46,0.0,5.0,0.0,ML,,,,3.4,0.2,5
896691,1996-01-29T19:26:56Z,-43.24,0.0,171.54,0.0,5.0,0.0,ML,,,,3.0,0.2,8
916891,1996-01-29T19:29:32Z,-39.22,0.0,176.92,0.0,33.0,0.0,ML,,,,2.6,0.1,5
907835,1996-01-29T19:52:14Z,-40.51,0.0,174.99,0.0,20.0,3.0,ML,,,,1.6,0.1,4
907836,1996-01-29T20:09:10Z,-40.97,0.0,174.61,0.0,53.0,1.0,ML,,,,2.1,0.3,6
916892,1996-01-29T20:09:27Z,-40.25,0.0,176.3,0.0,61.0,4.0,ML,,,,2.7,0.2,8
899120,1996-01-29T20:43:45Z,-40.78,0.0,173.58,0.0,97.0,3.0,ML,,,,2.7,0.3,5
896696,1996-01-29T21:08:08Z,-37.74,0.0,179.21,0.1,12.0,0.0,ML,,,,2.8,0.3,4
896703,1996-01-29T22:16:57Z,-40.94,0.0,174.48,0.0,65.0,1.0,ML,,,,2.2,0.1,7
896706,1996-01-29T23:46:27Z,-38.34,0.1,176.18,0.1,150.0,10.0,ML,,,,3.4,0.3,5
910407,1996-01-29T23:54:46Z,-39.25,0.0,175.61,0.0,5.0,0.0,ML,,,,1.2,0.1,3
896709,1996-01-30T00:22:11Z,-37.5,0.0,179.35,0.1,12.0,0.0,ML,,,,3.4,0.3,3
899076,1996-01-30T00:53:33Z,-43.43,0.0,170.71,0.1,5.0,0.0,ML,,,,3.1,0.4,2
907840,1996-01-30T02:40:28Z,-39.23,0.0,175.5,0.0,12.0,0.0,ML,,,,1.2,0.3,3
896714,1996-01-30T02:55:20Z,-36.66,0.1,177.34,0.1,159.0,8.0,ML,,,,3.6,0.5,4
907841,1996-01-30T03:37:43Z,-40.29,0.0,173.43,0.0,176.0,5.0,ML,,,,3.4,0.3,14
896716,1996-01-30T04:08:53Z,-37.91,0.0,179.19,0.0,12.0,0.0,ML,,,,4.2,0.6,27
908616,1996-01-30T05:06:21Z,-44.89,0.0,167.63,0.0,66.0,1.0,ML,,,,2.3,0.2,7
896718,1996-01-30T05:22:47Z,-37.87,0.0,179.32,0.0,12.0,0.0,ML,,,,4.1,0.2,27
896719,1996-01-30T06:11:20Z,-37.86,0.0,179.33,0.0,12.0,0.0,ML,,,,3.1,0.2,5
896722,1996-01-30T06:42:04Z,-37.85,0.1,179.44,0.2,33.0,0.0,ML,,,,3.5,0.3,7
896723,1996-01-30T07:15:16Z,-44.56,0.0,170.14,0.0,5.0,0.0,ML,,,,2.2,0.2,8
896724,1996-01-30T07:39:25Z,-41.48,0.0,174.28,0.0,33.0,0.0,ML,,,,2.7,0.2,13
913694,1996-01-30T08:28:03Z,-39.07,0.1,175.59,0.0,0.0,0.0,ML,,,,0.8,0.2,2
907849,1996-01-30T10:51:29Z,-40.54,0.0,177.07,0.1,33.0,0.0,ML,,,,2.8,0.2,5
910344,1996-01-30T11:04:07Z,-39.31,0.0,175.43,0.0,14.0,2.0,ML,,,,2.3,0.3,5
909788,1996-01-30T11:07:47Z,-42.36,0.0,172.79,0.0,5.0,0.0,ML,,,,2.4,0.2,4
907853,1996-01-30T12:33:29Z,-40.43,0.0,175.88,0.0,35.0,2.0,ML,,,,2.7,0.3,4
909102,1996-01-30T14:00:40Z,-45.6,0.0,166.82,0.1,24.0,4.0,ML,,,,2.8,0.1,3
907856,1996-01-30T14:15:48Z,-40.46,0.0,175.85,0.0,28.0,2.0,ML,,,,2.0,0.2,3
896736,1996-01-30T14:21:45Z,-40.06,0.0,179.92,0.1,12.0,0.0,ML,,,,3.2,0.2,5
913701,1996-01-30T15:30:06Z,-39.29,0.0,174.68,0.0,20.0,1.0,ML,,,,2.3,0.3,11
913704,1996-01-30T15:42:34Z,-39.28,0.0,175.56,0.0,0.0,0.0,ML,,,,0.7,nan,1
913705,1996-01-30T16:07:12Z,-39.43,0.0,175.78,0.0,12.0,0.0,ML,,,,1.2,0.1,4
907859,1996-01-30T16:11:03Z,-39.09,0.0,175.66,0.1,5.0,0.0,ML,,,,0.8,0.3,4
896738,1996-01-30T16:30:02Z,-39.07,0.1,175.64,0.0,5.0,0.0,ML,,,,0.8,0.3,3
909360,1996-01-30T16:34:47Z,-39.03,0.0,173.96,0.1,5.0,0.0,ML,,,,2.0,0.3,4
913706,1996-01-30T16:58:49Z,-39.1,0.0,175.68,0.1,5.0,0.0,ML,,,,0.8,0.4,2
910374,1996-01-30T18:35:35Z,-39.17,0.0,175.52,0.0,5.0,0.0,ML,,,,1.2,0.2,4
907861,1996-01-30T18:53:25Z,-41.02,0.0,174.53,0.0,39.0,1.0,ML,,,,2.6,0.2,12
907862,1996-01-30T19:09:23Z,-40.98,0.0,174.59,0.0,30.0,0.0,ML,,,,1.4,0.1,4
908617,1996-01-30T19:25:27Z,-45.21,0.0,167.29,0.0,85.0,2.0,ML,,,,3.6,0.2,11
909928,1996-01-30T20:20:24Z,-39.17,0.1,175.64,0.1,5.0,0.0,ML,,,,0.9,0.3,3
907863,1996-01-30T21:51:41Z,-41.7,0.0,174.21,0.0,28.0,1.0,ML,,,,3.5,0.2,25
916898,1996-01-30T22:42:38Z,-41.67,0.0,174.2,0.0,29.0,2.0,ML,,,,2.5,0.2,7
910665,1996-01-31T00:48:21Z,-39.49,0.0,175.55,0.0,12.0,0.0,ML,,,,1.5,0.3,3
917079,1996-01-31T02:03:55Z,-41.64,0.0,174.64,0.0,28.0,1.0,ML,,,,2.9,0.2,16
910004,1996-01-31T04:02:47Z,-38.97,0.0,175.71,0.1,5.0,0.0,ML,,,,1.5,0.3,4
913008,1996-01-31T04:46:02Z,-39.17,0.0,175.63,0.1,5.0,0.0,ML,,,,0.9,nan,1
917206,1996-01-31T04:46:05Z,-39.15,0.0,175.61,0.0,5.0,0.0,ML,,,,1.9,0.2,3
908649,1996-01-31T05:16:32Z,-39.09,0.0,175.66,0.0,5.0,0.0,ML,,,,1.3,0.3,3
907881,1996-01-31T05:40:37Z,-40.4,0.0,176.06,0.0,57.0,3.0,ML,,,,2.4,0.2,8
908653,1996-01-31T06:42:32Z,-42.94,0.0,171.84,0.0,5.0,0.0,ML,,,,2.2,0.1,4
910631,1996-01-31T06:55:13Z,-38.37,0.0,176.18,0.0,12.0,0.0,ML,,,,2.3,0.3,3
907883,1996-01-31T07:42:46Z,-39.72,0.0,174.95,0.0,29.0,1.0,ML,,,,2.2,0.2,9
911195,1996-01-31T07:57:16Z,-39.56,0.0,175.67,0.0,12.0,0.0,ML,,,,1.7,0.2,4
911198,1996-01-31T08:19:58Z,-39.1,0.0,175.64,0.1,5.0,0.0,ML,,,,1.1,0.3,3
918370,1996-01-31T08:20:03Z,-39.09,0.0,175.63,0.0,5.0,0.0,ML,,,,0.9,0.3,3
918371,1996-01-31T08:20:13Z,-39.09,0.0,175.67,0.0,5.0,0.0,ML,,,,0.6,0.2,3
918372,1996-01-31T08:20:23Z,-39.07,0.0,175.66,0.0,5.0,0.0,ML,,,,0.6,0.3,3
913712,1996-01-31T09:12:23Z,-39.1,0.0,175.68,0.1,5.0,0.0,ML,,,,0.6,0.3,3
913191,1996-01-31T09:20:52Z,-39.54,0.0,175.57,0.0,12.0,0.0,ML,,,,2.2,0.3,4
918373,1996-01-31T09:56:14Z,-44.38,0.0,168.19,0.0,5.0,0.0,ML,,,,3.2,0.2,14
918374,1996-01-31T10:46:18Z,-40.4,0.0,173.88,0.0,99.0,4.0,ML,,,,3.2,nan,1
909804,1996-01-31T13:29:23Z,-42.93,0.0,171.94,0.0,5.0,0.0,ML,,,,2.4,0.2,6
907891,1996-01-31T13:38:09Z,-40.66,0.0,176.01,0.0,34.0,3.0,ML,,,,2.1,0.3,4
909432,1996-01-31T14:42:01Z,-43.0,0.0,171.39,0.0,5.0,0.0,ML,,,,2.4,0.4,3
907914,1996-01-31T16:04:56Z,-40.98,0.0,174.07,0.0,59.0,4.0,ML,,,,2.2,0.2,9
907918,1996-01-31T16:31:24Z,-40.94,0.0,175.34,0.0,21.0,1.0,ML,,,,1.7,0.3,6
907920,1996-01-31T17:01:19Z,-39.16,0.0,177.63,0.0,76.0,4.0,ML,,,,3.2,0.3,3
910312,1996-01-31T17:32:33Z,-39.09,0.0,175.66,0.1,5.0,0.0,ML,,,,1.0,0.4,3
907925,1996-01-31T18:26:53Z,-40.85,0.0,174.73,0.0,5.0,0.0,ML,,,,1.6,0.2,2
918376,1996-01-31T18:27:21Z,-39.12,0.0,175.66,0.0,1.0,0.0,ML,,,,0.9,0.3,3
911228,1996-01-31T18:40:59Z,-39.11,0.0,175.66,0.1,5.0,0.0,ML,,,,0.7,0.3,3
908619,1996-01-31T18:44:53Z,-44.52,0.0,167.77,0.0,9.0,2.0,ML,,,,3.5,0.3,15
907927,1996-01-31T19:29:23Z,-40.83,0.0,174.73,0.0,42.0,1.0,ML,,,,2.1,0.2,7
908707,1996-01-31T19:57:09Z,-39.28,0.0,175.34,0.0,32.0,0.0,ML,,,,2.0,0.2,5
908708,1996-01-31T20:16:07Z,-38.0,0.0,179.11,0.0,12.0,0.0,ML,,,,2.9,0.2,3
908713,1996-01-31T20:28:47Z,-42.57,0.0,172.75,0.0,12.0,0.0,ML,,,,2.1,0.2,4
909938,1996-01-31T20:47:54Z,-37.97,0.0,176.63,0.0,141.0,2.0,ML,,,,4.0,0.2,16
909806,1996-01-31T21:07:58Z,-42.92,0.0,171.83,0.0,5.0,0.0,ML,,,,3.2,0.2,8
908716,1996-01-31T21:20:19Z,-39.24,0.0,175.09,0.0,29.0,0.0,ML,,,,1.5,0.0,2
918378,1996-01-31T22:07:51Z,-39.28,0.0,175.56,0.0,0.0,0.0,ML,,,,0.3,0.0,2
909807,1996-01-31T22:12:19Z,-38.97,0.0,175.81,0.0,5.0,0.0,ML,,,,1.6,0.1,4
910350,1996-01-31T22:25:59Z,-39.0,0.0,175.73,0.0,14.0,1.0,ML,,,,1.9,0.1,5
910007,1996-01-31T23:08:08Z,-39.0,0.0,175.74,0.0,12.0,2.0,ML,,,,2.0,0.2,6
907930,1996-01-31T23:41:45Z,-40.86,0.0,175.76,0.0,29.0,2.0,ML,,,,2.0,0.1,5
907931,1996-02-01T00:00:31Z,-39.65,0.0,175.43,0.0,70.0,3.0,ML,,,,3.4,0.2,17
911252,1996-02-01T00:04:48Z,-39.28,0.0,175.56,0.0,0.0,0.0,ML,,,,0.3,0.1,3
909116,1996-02-01T00:14:05Z,-45.81,0.0,167.27,0.0,5.0,0.0,ML,,,,2.3,0.1,3
918385,1996-02-01T00:14:47Z,-39.0,0.0,175.78,0.0,12.0,0.0,ML,,,,1.0,0.1,4
908620,1996-02-01T00:32:46Z,-44.8,0.0,168.33,0.1,120.0,5.0,ML,,,,2.3,0.2,8
907933,1996-02-01T00:54:44Z,-39.47,0.0,176.25,0.0,74.0,7.0,ML,,,,2.9,0.4,8
918390,1996-02-01T00:54:48Z,-39.04,0.0,175.65,0.1,5.0,0.0,ML,,,,0.6,0.1,3
907934,1996-02-01T01:30:43Z,-41.32,0.0,174.81,0.0,22.0,0.0,ML,,,,2.0,0.2,9
911260,1996-02-01T01:37:30Z,-39.28,0.0,175.56,0.0,0.0,0.0,ML,,,,0.2,0.1,2
907935,1996-02-01T01:41:58Z,-39.95,0.0,173.14,0.0,12.0,0.0,ML,,,,2.8,0.3,13
908725,1996-02-01T02:05:59Z,-39.48,0.0,174.97,0.0,26.0,2.0,ML,,,,2.4,0.3,3
907936,1996-02-01T02:08:37Z,-38.07,0.1,176.12,0.2,174.0,8.0,ML,,,,3.5,0.3,6
911265,1996-02-01T03:06:20Z,-39.09,0.0,175.66,0.0,5.0,0.0,ML,,,,0.6,0.3,3
910354,1996-02-01T03:10:14Z,-39.16,0.0,174.94,0.0,29.0,3.0,ML,,,,2.1,0.2,5
910356,1996-02-01T03:43:43Z,-39.15,0.0,175.39,0.0,5.0,0.0,ML,,,,1.3,0.4,5
907938,1996-02-01T04:19:29Z,-41.63,0.0,174.6,0.0,27.0,1.0,ML,,,,2.0,0.2,4
918396,1996-02-01T04:27:09Z,-37.92,0.0,179.24,0.0,12.0,0.0,ML,,,,3.0,0.3,3
908737,1996-02-01T04:54:40Z,-39.09,0.1,175.64,0.1,5.0,0.0,ML,,,,0.6,0.3,3
911274,1996-02-01T05:06:59Z,-39.19,0.0,175.44,0.0,9.0,2.0,ML,,,,1.2,0.2,4
909818,1996-02-01T05:11:49Z,-43.11,0.0,171.48,0.0,12.0,0.0,ML,,,,2.5,0.1,3
907939,1996-02-01T05:23:44Z,-41.74,0.0,174.21,0.0,11.0,1.0,ML,,,,2.8,0.3,17
908621,1996-02-01T05:44:56Z,-45.13,0.0,167.48,0.0,112.0,4.0,ML,,,,2.6,0.2,9
908742,1996-02-01T05:48:14Z,-37.54,0.0,179.39,0.0,12.0,0.0,ML,,,,3.1,0.1,2
907940,1996-02-01T05:58:12Z,-41.11,0.0,174.88,0.0,28.0,1.0,ML,,,,2.4,0.1,14
907941,1996-02-01T06:07:24Z,-38.66,0.0,176.23,0.1,170.0,6.0,ML,,,,3.4,0.2,9
909819,1996-02-01T06:17:32Z,-43.07,0.0,171.45,0.0,5.0,0.0,ML,,,,2.4,0.3,4
909895,1996-02-01T07:25:05Z,-37.91,0.0,178.14,0.0,51.0,3.0,ML,,,,3.9,0.3,16
911292,1996-02-01T07:41:41Z,-39.51,0.0,175.64,0.0,12.0,0.0,ML,,,,1.5,0.1,4
907944,1996-02-01T08:34:39Z,-40.91,0.0,175.76,0.0,32.0,3.0,ML,,,,1.7,0.1,4
907946,1996-02-01T08:46:49Z,-40.92,0.0,174.94,0.0,35.0,1.0,ML,,,,2.1,0.2,9
907947,1996-02-01T08:57:53Z,-41.46,0.0,173.97,0.0,46.0,2.0,ML,,,,3.4,0.2,16
910010,1996-02-01T10:03:33Z,-39.2,0.0,173.7,0.1,12.0,0.0,ML,,,,1.8,0.3,5
911311,1996-02-01T10:34:32Z,-39.49,0.0,175.66,0.0,24.0,2.0,ML,,,,2.2,0.3,4
907950,1996-02-01T10:36:17Z,-45.2,0.0,167.45,0.1,115.0,6.0,ML,,,,2.5,0.1,4
908766,1996-02-01T11:44:50Z,-39.17,0.0,176.01,0.0,12.0,0.0,ML,,,,1.6,0.2,4
907951,1996-02-01T12:03:58Z,-38.56,0.0,176.13,0.0,188.0,3.0,ML,,,,3.3,0.2,13
924629,1996-02-01T12:05:15Z,-37.04,0.2,177.9,0.1,12.0,0.0,ML,,,,3.1,0.2,2
907952,1996-02-01T12:15:40Z,-39.31,0.0,174.83,0.0,22.0,2.0,ML,,,,2.5,0.1,8
907955,1996-02-01T12:59:38Z,-45.17,0.0,167.48,0.1,113.0,6.0,ML,,,,2.8,0.1,4
907956,1996-02-01T13:13:47Z,-38.4,0.0,176.11,0.0,149.0,3.0,ML,,,,3.9,0.2,19
907957,1996-02-01T13:33:33Z,-40.86,0.0,174.67,0.0,34.0,1.0,ML,,,,2.1,0.1,9
909823,1996-02-01T14:17:52Z,-42.97,0.0,171.91,0.0,12.0,0.0,ML,,,,2.2,0.1,3
909824,1996-02-01T15:20:22Z,-42.97,0.0,171.88,0.0,8.0,1.0,ML,,,,2.6,0.1,5
907959,1996-02-01T15:48:57Z,-43.02,0.0,171.42,0.0,5.0,0.0,ML,,,,3.0,0.3,7
907970,1996-02-01T16:25:30Z,-39.51,0.1,175.59,0.1,31.0,5.0,ML,,,,2.0,0.3,5
907977,1996-02-01T16:54:27Z,-42.04,0.0,173.1,0.0,5.0,0.0,ML,,,,2.2,0.2,3
924631,1996-02-01T16:56:37Z,-37.09,0.0,177.45,0.0,141.0,6.0,ML,,,,4.1,0.3,12
908789,1996-02-01T19:15:14Z,-39.28,0.0,175.56,0.0,0.0,0.0,ML,,,,0.7,0.1,3
908622,1996-02-01T19:47:50Z,-44.11,0.0,169.66,0.0,5.0,0.0,ML,,,,2.4,0.2,8
908800,1996-02-01T20:40:06Z,-37.55,0.0,177.18,0.0,12.0,0.0,ML,,,,4.0,0.3,16
908623,1996-02-01T20:48:04Z,-45.26,0.0,167.38,0.0,12.0,0.0,ML,,,,2.8,0.1,8
907981,1996-02-01T20:58:25Z,-40.45,0.0,174.26,0.0,69.0,6.0,ML,,,,3.0,0.3,12
907984,1996-02-01T21:26:35Z,-36.68,0.1,177.25,0.1,199.0,11.0,ML,,,,3.8,0.2,8
913717,1996-02-01T21:55:54Z,-39.28,0.0,175.56,0.0,0.0,0.0,ML,,,,0.5,0.0,2
908804,1996-02-01T21:59:40Z,-42.12,0.0,171.59,0.0,12.0,0.0,ML,,,,2.0,0.3,2
910415,1996-02-02T00:46:09Z,-38.33,0.0,176.32,0.0,5.0,0.0,ML,,,,2.8,0.3,4
908815,1996-02-02T00:48:09Z,-38.34,0.0,176.31,0.0,12.0,0.0,ML,,,,2.7,0.4,4
910633,1996-02-02T00:52:30Z,-38.32,0.0,176.31,0.0,5.0,0.0,ML,,,,1.9,0.2,3
907993,1996-02-02T01:07:53Z,-40.59,0.0,174.65,0.0,30.0,2.0,ML,,,,2.0,0.1,4
913156,1996-02-02T01:39:09Z,-39.49,0.0,174.29,0.0,12.0,0.0,ML,,,,2.3,0.1,4
910011,1996-02-02T02:51:27Z,-39.21,0.0,174.78,0.0,12.0,0.0,ML,,,,2.2,0.2,7
908000,1996-02-02T03:35:57Z,-39.28,0.0,175.56,0.0,0.0,0.0,ML,,,,0.7,nan,1
908004,1996-02-02T03:59:39Z,-41.31,0.0,173.83,0.0,79.0,3.0,ML,,,,2.6,0.2,3
909828,1996-02-02T04:34:27Z,-42.0,0.0,173.15,0.0,5.0,0.0,ML,,,,2.0,0.2,3
909830,1996-02-02T04:58:52Z,-42.31,0.0,171.56,0.0,5.0,0.0,ML,,,,2.5,0.1,3
908007,1996-02-02T05:16:31Z,-43.35,0.0,172.74,0.0,24.0,1.0,ML,,,,3.5,0.2,17
908017,1996-02-02T06:39:17Z,-42.98,0.0,171.86,0.0,5.0,0.0,ML,,,,2.5,0.1,5
908024,1996-02-02T07:24:18Z,-45.14,0.0,166.82,0.1,5.0,0.0,ML,,,,3.3,0.7,15
908035,1996-02-02T08:03:22Z,-39.86,0.0,177.21,0.1,32.0,8.0,ML,,,,3.2,0.2,9
908041,1996-02-02T08:51:42Z,-42.19,0.0,172.92,0.0,58.0,6.0,ML,,,,2.5,nan,1
908842,1996-02-02T09:16:22Z,-41.02,0.0,172.45,0.0,5.0,0.0,ML,,,,2.1,0.1,3
908843,1996-02-02T09:23:29Z,-37.82,0.0,179.18,0.1,12.0,0.0,ML,,,,3.4,0.3,5
908053,1996-02-02T09:38:39Z,-37.73,0.0,179.43,0.0,12.0,0.0,ML,,,,3.2,0.6,3
908056,1996-02-02T10:19:32Z,-38.41,0.0,178.59,0.1,25.0,3.0,ML,,,,2.9,0.2,4
909832,1996-02-02T10:36:08Z,-42.83,0.0,172.78,0.0,5.0,0.0,ML,,,,2.0,0.1,3
913444,1996-02-02T11:09:45Z,-39.28,0.0,175.56,0.0,0.0,0.0,ML,,,,0.8,0.1,2
913728,1996-02-02T12:12:49Z,-39.28,0.0,175.56,0.0,0.0,0.0,ML,,,,0.8,0.0,3
908631,1996-02-02T14:41:38Z,-44.84,0.0,167.66,0.0,79.0,2.0,ML,,,,3.7,0.2,15
908082,1996-02-02T15:06:56Z,-40.32,0.0,173.45,0.0,161.0,2.0,ML,,,,3.7,0.3,14
909833,1996-02-02T15:10:39Z,-42.72,0.0,172.76,0.0,5.0,0.0,ML,,,,2.2,0.3,3
908094,1996-02-02T16:17:35Z,-45.2,0.0,167.29,0.0,95.0,2.0,ML,,,,2.9,0.1,5
913730,1996-02-02T16:35:22Z,-39.08,0.1,175.64,0.0,5.0,0.0,ML,,,,1.3,0.1,2
909836,1996-02-02T17:04:13Z,-39.29,0.0,174.36,0.0,29.0,4.0,ML,,,,2.4,0.5,4
908103,1996-02-02T17:56:11Z,-38.49,0.1,175.73,0.1,129.0,4.0,ML,,,,3.5,0.2,12
908865,1996-02-02T18:38:00Z,-37.8,0.0,177.53,0.0,61.0,3.0,ML,,,,2.8,0.1,3
908110,1996-02-02T18:53:31Z,-40.67,0.0,175.78,0.0,27.0,1.0,ML,,,,3.6,0.2,23
926536,1996-02-02T18:56:01Z,-38.11,0.0,178.95,0.0,29.0,2.0,ML,,,,3.5,0.2,6
908120,1996-02-02T20:08:31Z,-41.22,0.0,175.0,0.0,31.0,1.0,ML,,,,2.3,0.2,10
908134,1996-02-02T21:19:43Z,-40.23,0.0,174.36,0.0,31.0,5.0,ML,,,,1.9,0.1,5
908136,1996-02-02T22:10:44Z,-41.26,0.0,175.32,0.0,29.0,3.0,ML,,,,1.6,0.3,6
908137,1996-02-02T22:46:25Z,-37.12,0.0,176.82,0.0,211.0,3.0,ML,,,,3.8,0.3,14
909951,1996-02-02T22:50:48Z,-38.67,0.0,175.98,0.0,115.0,2.0,ML,,,,3.5,0.2,8
908139,1996-02-02T23:02:46Z,-40.51,0.0,175.91,0.0,42.0,1.0,ML,,,,2.9,0.3,6
908141,1996-02-02T23:45:15Z,-40.66,0.0,174.48,0.0,71.0,2.0,ML,,,,2.4,0.1,3
908166,1996-02-03T02:15:11Z,-41.33,0.0,174.72,0.0,50.0,1.0,ML,,,,2.5,0.3,9
908188,1996-02-03T04:16:56Z,-43.68,0.0,170.12,0.0,12.0,0.0,ML,,,,2.8,0.3,10
908190,1996-02-03T04:18:59Z,-37.18,0.1,177.47,0.0,5.0,0.0,ML,,,,3.4,0.2,4
927341,1996-02-03T04:20:47Z,-37.14,0.1,177.44,0.1,12.0,0.0,ML,,,,2.8,0.2,4
908195,1996-02-03T04:23:05Z,-40.4,0.1,173.66,0.1,161.0,7.0,ML,,,,3.1,0.4,4
908196,1996-02-03T04:26:10Z,-39.45,0.1,175.69,0.1,27.0,5.0,ML,,,,2.5,0.3,4
908199,1996-02-03T04:35:00Z,-41.72,0.0,171.77,0.0,12.0,0.0,ML,,,,2.7,0.5,4
927342,1996-02-03T04:37:05Z,-39.47,0.0,175.64,0.1,23.0,5.0,ML,,,,2.4,0.3,4
908207,1996-02-03T05:17:04Z,-41.36,0.0,174.85,0.0,29.0,2.0,ML,,,,1.6,0.1,3
927343,1996-02-03T08:05:15Z,-41.67,0.0,174.73,0.0,26.0,2.0,ML,,,,1.6,0.2,3
908216,1996-02-03T08:05:29Z,-42.03,0.0,173.98,0.0,20.0,2.0,ML,,,,2.9,0.2,13
908224,1996-02-03T08:40:31Z,-40.76,0.0,174.91,0.0,33.0,1.0,ML,,,,2.4,0.3,7
908228,1996-02-03T09:17:35Z,-39.87,0.1,174.01,0.0,154.0,10.0,ML,,,,2.9,0.2,3
908229,1996-02-03T09:41:21Z,-43.1,0.0,171.46,0.0,12.0,0.0,ML,,,,2.5,0.1,3
927344,1996-02-03T09:41:49Z,-40.58,0.0,174.29,0.0,62.0,6.0,ML,,,,2.1,0.2,3
908253,1996-02-03T12:09:57Z,-39.32,0.0,174.99,0.0,12.0,0.0,ML,,,,2.3,0.4,3
908258,1996-02-03T12:48:17Z,-40.1,0.0,174.85,0.0,71.0,5.0,ML,,,,3.2,0.3,14
910141,1996-02-03T13:32:27Z,-40.07,0.0,174.01,0.0,108.0,8.0,ML,,,,3.0,nan,1
908268,1996-02-03T13:48:26Z,-44.76,0.0,167.87,0.0,99.0,4.0,ML,,,,3.5,0.2,11
909126,1996-02-03T14:07:49Z,-42.59,0.0,172.65,0.0,33.0,0.0,ML,,,,2.7,0.2,2
908295,1996-02-03T15:09:09Z,-38.28,0.0,178.36,0.1,30.0,4.0,ML,,,,2.0,0.2,3
908299,1996-02-03T15:15:38Z,-41.3,0.0,175.18,0.0,24.0,0.0,ML,,,,2.3,0.2,9
908310,1996-02-03T15:52:43Z,-41.74,0.0,173.68,0.0,21.0,3.0,ML,,,,2.6,0.1,4
908324,1996-02-03T16:10:51Z,-40.63,0.0,174.81,0.0,29.0,5.0,ML,,,,2.0,0.3,6
909850,1996-02-03T16:46:43Z,-41.42,0.0,172.32,0.0,5.0,0.0,ML,,,,2.0,0.2,3
908349,1996-02-03T18:21:50Z,-37.79,0.0,175.74,0.1,259.0,4.0,ML,,,,4.0,0.2,16
908354,1996-02-03T19:20:55Z,-45.14,0.0,167.47,0.0,115.0,4.0,ML,,,,3.1,0.2,11
908355,1996-02-03T19:24:30Z,-40.92,0.0,174.82,0.0,35.0,2.0,ML,,,,1.4,0.3,3
908359,1996-02-03T20:11:05Z,-40.57,0.0,174.64,0.0,30.0,1.0,ML,,,,2.0,0.1,5
908360,1996-02-03T20:15:56Z,-41.28,0.0,174.83,0.0,29.0,1.0,ML,,,,2.1,0.2,6
908367,1996-02-03T21:02:06Z,-41.61,0.0,174.28,0.0,5.0,0.0,ML,,,,2.5,0.1,11
908908,1996-02-03T22:46:11Z,-38.18,0.0,176.86,0.0,66.0,3.0,ML,,,,3.2,0.1,4
908398,1996-02-04T00:40:01Z,-40.88,0.0,174.73,0.0,16.0,1.0,ML,,,,1.6,0.0,2
909908,1996-02-04T00:59:11Z,-42.99,0.0,171.88,0.0,12.0,0.0,ML,,,,2.4,0.1,4
908408,1996-02-04T01:11:55Z,-39.88,0.0,175.4,0.0,33.0,0.0,ML,,,,2.8,0.2,8
908426,1996-02-04T02:02:46Z,-38.13,0.0,176.73,0.0,5.0,0.0,ML,,,,2.5,0.1,5
908428,1996-02-04T02:07:25Z,-41.28,0.0,172.8,0.0,138.0,4.0,ML,,,,3.3,0.2,9
908431,1996-02-04T02:14:29Z,-43.15,0.0,171.43,0.0,5.0,0.0,ML,,,,2.7,0.2,5
908433,1996-02-04T02:20:13Z,-43.2,0.0,171.54,0.0,5.0,0.0,ML,,,,2.3,0.2,5
908447,1996-02-04T03:02:51Z,-39.71,0.0,174.48,0.1,168.0,5.0,ML,,,,3.7,0.2,14
908482,1996-02-04T07:06:06Z,-40.24,0.0,174.48,0.0,15.0,3.0,ML,,,,2.7,0.2,8
927347,1996-02-04T10:16:52Z,-37.51,0.0,176.9,0.0,116.0,1.0,ML,,,,2.8,0.2,3
909127,1996-02-04T10:50:50Z,-45.15,0.0,167.53,0.0,5.0,0.0,ML,,,,2.2,0.1,3
908925,1996-02-04T11:41:17Z,-38.09,0.0,176.19,0.0,12.0,0.0,ML,,,,2.4,0.2,5
908545,1996-02-04T12:46:55Z,-40.01,0.0,174.27,0.0,102.0,6.0,ML,,,,3.3,0.3,11
908548,1996-02-04T13:21:39Z,-41.68,0.0,174.33,0.0,20.0,2.0,ML,,,,2.4,0.2,10
908550,1996-02-04T13:47:37Z,-41.22,0.0,174.51,0.0,34.0,1.0,ML,,,,2.6,0.2,10
908930,1996-02-04T14:10:47Z,-38.34,0.0,176.26,0.1,12.0,0.0,ML,,,,2.4,0.2,3
909129,1996-02-04T14:31:18Z,-44.78,0.0,167.43,0.0,12.0,0.0,ML,,,,2.5,0.2,3
912689,1996-02-04T15:46:25Z,-38.34,0.0,176.21,0.0,12.0,0.0,ML,,,,2.4,0.2,3
908559,1996-02-04T15:49:05Z,-39.89,0.0,175.45,0.0,28.0,5.0,ML,,,,2.5,0.2,4
908937,1996-02-04T16:37:26Z,-42.94,0.0,171.57,0.0,5.0,0.0,ML,,,,2.4,0.1,3
927348,1996-02-04T16:38:55Z,-37.58,0.0,177.7,0.0,52.0,3.0,ML,,,,2.9,0.2,4
912690,1996-02-04T17:38:04Z,-38.3,0.0,176.37,0.0,12.0,0.0,ML,,,,2.3,0.1,5
908562,1996-02-04T18:15:09Z,-38.02,0.0,175.93,0.0,152.0,4.0,ML,,,,3.5,0.2,3
909956,1996-02-04T20:49:52Z,-39.2,0.0,175.33,0.1,119.0,6.0,ML,,,,3.4,0.5,2
908632,1996-02-04T23:52:00Z,-44.83,0.0,167.71,0.0,70.0,2.0,ML,,,,2.7,0.2,10
968450,1996-02-05T00:45:06Z,-41.36,0.0,174.66,0.0,19.0,2.0,ML,,,,2.2,0.1,8
908579,1996-02-05T00:53:49Z,-41.41,0.1,173.1,0.0,102.0,8.0,ML,,,,2.3,0.3,4
908582,1996-02-05T01:02:23Z,-41.52,0.0,175.46,0.0,30.0,1.0,ML,,,,2.4,0.3,10
913364,1996-02-05T02:01:37Z,-39.35,0.1,175.46,0.1,0.0,0.0,ML,,,,1.1,0.1,3
910340,1996-02-05T02:12:38Z,-39.28,0.0,175.57,0.0,0.0,0.0,ML,,,,0.6,0.0,3
908973,1996-02-05T03:15:11Z,-37.57,0.0,178.22,0.0,55.0,6.0,ML,,,,3.4,0.2,4
931129,1996-02-05T03:25:26Z,-36.05,0.0,179.71,0.0,12.0,0.0,ML,,,,3.6,0.1,2
908976,1996-02-05T03:27:43Z,-38.89,0.0,175.89,0.0,114.0,3.0,ML,,,,3.2,0.2,4
913367,1996-02-05T03:33:45Z,-42.86,0.0,171.39,0.0,12.0,0.0,ML,,,,2.6,0.2,3
931130,1996-02-05T04:50:16Z,-41.63,0.0,175.33,0.0,10.0,2.0,ML,,,,1.9,0.1,5
908987,1996-02-05T05:33:58Z,-45.1,0.0,167.37,0.0,88.0,2.0,ML,,,,4.5,0.3,5
910016,1996-02-05T05:44:57Z,-39.33,0.0,174.75,0.0,12.0,0.0,ML,,,,2.0,0.1,4
908990,1996-02-05T06:31:02Z,-45.07,0.0,167.28,0.0,50.0,2.0,ML,,,,2.3,0.2,2
910500,1996-02-05T06:38:24Z,-39.29,0.0,175.51,0.0,0.0,0.0,ML,,,,1.3,0.7,3
908597,1996-02-05T06:40:23Z,-40.37,0.0,176.45,0.0,46.0,4.0,ML,,,,3.0,0.4,6
909016,1996-02-05T06:56:29Z,-44.49,0.0,170.29,0.0,5.0,0.0,ML,,,,2.4,0.2,9
909130,1996-02-05T07:49:50Z,-46.78,0.0,166.64,0.0,12.0,0.0,ML,,,,2.8,0.1,2
931281,1996-02-05T08:23:23Z,-39.33,0.0,173.78,0.1,12.0,0.0,ML,,,,1.8,0.1,2
908605,1996-02-05T08:25:19Z,-40.02,0.0,174.53,0.0,12.0,4.0,ML,,,,2.6,0.2,9
931280,1996-02-05T08:26:21Z,-40.86,0.0,174.76,0.0,17.0,2.0,ML,,,,2.1,0.2,5
908606,1996-02-05T08:30:51Z,-39.28,0.0,175.56,0.0,0.0,0.0,ML,,,,0.7,nan,1
913038,1996-02-05T08:38:38Z,-39.4,0.0,175.78,0.0,5.0,0.0,ML,,,,1.8,0.0,2
908614,1996-02-05T09:19:43Z,-41.3,0.0,175.16,0.0,19.0,2.0,ML,,,,1.9,0.2,6
910325,1996-02-05T12:37:44Z,-38.64,0.0,177.93,0.0,46.0,6.0,ML,,,,3.7,0.2,5
909860,1996-02-05T15:11:24Z,-41.89,0.0,172.29,0.0,5.0,0.0,ML,,,,2.1,0.1,4
909993,1996-02-05T15:36:15Z,-38.35,0.0,176.15,0.1,203.0,7.0,ML,,,,3.4,0.3,4
910327,1996-02-05T16:56:13Z,-39.21,0.0,175.69,0.0,5.0,0.0,ML,,,,0.2,0.1,3
909461,1996-02-05T17:18:42Z,-40.53,0.0,173.87,0.0,119.0,2.0,ML,,,,4.0,0.2,17
931636,1996-02-05T17:20:48Z,-41.61,0.0,175.33,0.0,17.0,3.0,ML,,,,2.0,0.2,8
909467,1996-02-05T17:43:16Z,-39.78,0.0,176.94,0.0,44.0,6.0,ML,,,,3.7,0.2,16
909862,1996-02-05T17:52:29Z,-41.42,0.0,172.26,0.0,5.0,0.0,ML,,,,2.0,0.1,3
909863,1996-02-05T18:11:23Z,-43.09,0.0,171.31,0.0,5.0,0.0,ML,,,,2.3,0.4,4
909470,1996-02-05T18:16:27Z,-39.88,0.0,173.86,0.0,142.0,3.0,ML,,,,2.7,0.1,4
909471,1996-02-05T18:29:39Z,-40.99,0.0,175.19,0.0,24.0,2.0,ML,,,,1.6,0.3,7
909472,1996-02-05T19:49:09Z,-36.82,0.0,178.78,0.0,12.0,0.0,ML,,,,4.0,0.4,9
909017,1996-02-05T20:05:33Z,-39.28,0.0,175.56,0.0,0.0,0.0,ML,,,,0.4,0.1,3
909776,1996-02-05T20:19:12Z,-46.3,0.0,169.17,0.0,19.0,3.0,ML,,,,2.0,0.2,6
909131,1996-02-05T21:02:19Z,-45.45,0.0,166.67,0.0,7.0,1.0,ML,,,,2.4,0.3,3
910282,1996-02-05T21:06:56Z,-37.43,0.0,177.03,0.0,12.0,0.0,ML,,,,3.4,0.2,3
910283,1996-02-05T21:21:48Z,-39.23,0.0,173.77,0.0,12.0,0.0,ML,,,,1.9,0.2,5
910430,1996-02-05T21:39:10Z,-39.21,0.0,173.74,0.0,5.0,0.0,ML,,,,1.8,0.3,4
909475,1996-02-05T21:55:53Z,-40.74,0.0,175.69,0.0,12.0,0.0,ML,,,,1.9,0.1,7
909476,1996-02-05T21:59:32Z,-39.28,0.0,175.56,0.0,0.0,0.0,ML,,,,0.4,0.1,2
909478,1996-02-05T23:18:51Z,-39.42,0.0,174.77,0.0,20.0,1.0,ML,,,,4.2,0.2,8
910434,1996-02-06T00:57:48Z,-39.28,0.0,175.56,0.0,0.0,0.0,ML,,,,0.8,0.1,3
913784,1996-02-06T01:00:10Z,-39.28,0.0,175.56,0.0,0.0,0.0,ML,,,,0.7,0.2,2
909481,1996-02-06T01:13:25Z,-38.65,0.1,179.53,0.1,12.0,0.0,ML,,,,2.6,0.2,2
909482,1996-02-06T01:52:51Z,-41.29,0.0,175.31,0.0,29.0,1.0,ML,,,,2.1,0.2,10
913787,1996-02-06T02:14:14Z,-39.28,0.0,175.56,0.0,0.0,0.0,ML,,,,0.2,0.2,2
909917,1996-02-06T02:42:42Z,-39.25,0.0,173.87,0.0,24.0,2.0,ML,,,,1.7,0.1,2
911698,1996-02-06T02:46:30Z,-39.28,0.0,175.56,0.0,0.0,0.0,ML,,,,0.4,nan,1
913067,1996-02-06T03:07:00Z,-39.59,0.0,175.67,0.1,12.0,0.0,ML,,,,1.7,0.1,3
909485,1996-02-06T04:13:23Z,-41.77,0.0,173.55,0.0,45.0,3.0,ML,,,,2.7,0.2,6
909486,1996-02-06T04:37:06Z,-38.74,0.0,175.53,0.1,170.0,4.0,ML,,,,3.4,0.2,5
913789,1996-02-06T04:41:58Z,-39.5,0.0,175.73,0.0,27.0,2.0,ML,,,,1.6,0.1,3
913790,1996-02-06T04:43:55Z,-39.12,0.0,175.7,0.0,5.0,0.0,ML,,,,1.1,0.3,3
913792,1996-02-06T05:08:48Z,-39.28,0.0,175.56,0.0,0.0,0.0,ML,,,,0.6,0.0,2
913794,1996-02-06T05:24:57Z,-39.28,0.0,175.56,0.0,0.0,0.0,ML,,,,0.4,nan,1
909487,1996-02-06T05:28:47Z,-40.93,0.0,176.1,0.0,32.0,3.0,ML,,,,2.2,0.1,4
931639,1996-02-06T05:48:09Z,-40.24,0.0,174.83,0.0,26.0,2.0,ML,,,,3.2,0.2,28
909489,1996-02-06T05:55:33Z,-41.96,0.0,173.99,0.0,18.0,3.0,ML,,,,2.8,0.2,15
913795,1996-02-06T06:18:44Z,-39.28,0.0,175.56,0.0,0.0,0.0,ML,,,,0.5,nan,1
912349,1996-02-06T06:57:23Z,-39.28,0.0,175.56,0.0,0.0,0.0,ML,,,,0.7,0.1,3
913797,1996-02-06T07:04:45Z,-39.28,0.0,175.56,0.0,0.0,0.0,ML,,,,0.6,0.1,2
909490,1996-02-06T07:08:36Z,-38.95,0.0,179.37,0.1,33.0,0.0,ML,,,,3.5,0.2,11
909492,1996-02-06T07:22:00Z,-40.55,0.0,174.0,0.0,113.0,4.0,ML,,,,2.5,0.3,5
910394,1996-02-06T07:46:45Z,-38.02,0.0,179.06,0.0,12.0,0.0,ML,,,,2.6,0.2,3
909493,1996-02-06T08:10:42Z,-41.4,0.0,174.96,0.0,28.0,2.0,ML,,,,1.8,0.1,6
912691,1996-02-06T08:57:30Z,-39.02,0.0,175.41,0.0,5.0,0.0,ML,,,,1.3,0.4,3
931640,1996-02-06T08:59:49Z,-37.97,0.0,176.83,0.0,5.0,0.0,ML,,,,2.1,0.2,3
909495,1996-02-06T10:04:17Z,-40.04,0.0,174.52,0.0,5.0,0.0,ML,,,,2.7,0.2,11
912257,1996-02-06T10:15:50Z,-39.27,0.0,175.21,0.0,12.0,0.0,ML,,,,1.7,0.3,5
909496,1996-02-06T10:36:18Z,-41.76,0.0,174.31,0.0,5.0,0.0,ML,,,,2.7,0.2,13
931641,1996-02-06T10:38:34Z,-39.28,0.0,175.56,0.0,0.0,0.0,ML,,,,0.6,0.0,3
909497,1996-02-06T11:00:59Z,-37.01,0.0,176.57,0.0,33.0,0.0,ML,,,,3.9,0.2,6
909498,1996-02-06T11:19:22Z,-41.85,0.0,173.97,0.0,10.0,2.0,ML,,,,2.2,0.3,3
913799,1996-02-06T13:09:33Z,-39.28,0.0,175.56,0.0,0.0,0.0,ML,,,,0.7,0.1,3
913800,1996-02-06T13:23:11Z,-39.28,0.0,175.56,0.0,0.0,0.0,ML,,,,0.5,0.0,3
913159,1996-02-06T13:27:32Z,-40.06,0.0,174.94,0.0,24.0,2.0,ML,,,,2.1,0.2,2
912526,1996-02-06T13:42:44Z,-39.48,0.0,175.64,0.1,23.0,3.0,ML,,,,1.9,0.3,4
909501,1996-02-06T15:11:54Z,-42.14,0.0,172.81,0.0,59.0,3.0,ML,,,,3.2,0.2,9
909879,1996-02-06T15:29:58Z,-43.0,0.0,171.37,0.0,5.0,0.0,ML,,,,2.6,0.2,4
909502,1996-02-06T18:06:56Z,-41.01,0.0,175.39,0.0,25.0,1.0,ML,,,,1.9,0.1,6
909881,1996-02-06T19:41:54Z,-43.24,0.0,171.55,0.0,5.0,0.0,ML,,,,2.9,0.2,6
909503,1996-02-06T20:37:26Z,-41.05,0.0,174.72,0.0,45.0,1.0,ML,,,,2.5,0.3,10
911902,1996-02-07T00:22:06Z,-42.95,0.0,171.62,0.0,5.0,0.0,ML,,,,2.4,0.2,3
910406,1996-02-07T01:12:33Z,-41.6,0.0,173.6,0.0,12.0,0.0,ML,,,,2.4,0.2,2
909505,1996-02-07T01:31:25Z,-41.2,0.0,175.0,0.0,15.0,1.0,ML,,,,1.7,0.1,4
909779,1996-02-07T02:12:33Z,-45.38,0.0,170.53,0.0,12.0,0.0,ML,,,,2.1,0.2,8
931828,1996-02-07T03:51:35Z,-41.56,0.0,174.45,0.0,12.0,0.0,ML,,,,2.4,0.2,8
909508,1996-02-07T03:51:56Z,-45.29,0.0,167.19,0.0,89.0,3.0,ML,,,,2.8,0.1,8
909510,1996-02-07T04:32:38Z,-39.66,0.0,174.61,0.0,120.0,4.0,ML,,,,3.1,0.4,8
934184,1996-02-07T05:34:05Z,-42.93,0.0,171.43,0.0,12.0,0.0,ML,,,,2.5,0.1,4
909513,1996-02-07T05:35:18Z,-41.52,0.0,174.39,0.0,12.0,0.0,ML,,,,2.9,0.2,16
909514,1996-02-07T05:38:22Z,-41.5,0.0,174.37,0.0,18.0,2.0,ML,,,,1.8,0.2,4
913826,1996-02-07T08:31:28Z,-39.1,0.0,175.67,0.0,5.0,0.0,ML,,,,1.8,0.3,3
909524,1996-02-07T09:26:32Z,-38.63,0.0,175.81,0.0,196.0,4.0,ML,,,,3.6,0.2,6
911911,1996-02-07T09:50:13Z,-43.15,0.0,171.66,0.0,5.0,0.0,ML,,,,2.7,0.2,6
913831,1996-02-07T10:13:37Z,-39.05,0.0,175.6,0.0,0.0,0.0,ML,,,,1.5,0.1,2
911912,1996-02-07T11:08:14Z,-42.93,0.0,171.93,0.0,5.0,0.0,ML,,,,2.7,0.2,6
909528,1996-02-07T12:08:18Z,-41.76,0.0,173.75,0.1,23.0,1.0,ML,,,,2.5,0.3,4
909529,1996-02-07T13:00:54Z,-43.02,0.0,171.45,0.0,12.0,0.0,ML,,,,2.3,0.2,2
909531,1996-02-07T13:17:14Z,-45.46,0.0,166.99,0.0,61.0,1.0,ML,,,,2.9,0.2,11
909535,1996-02-07T13:41:36Z,-37.53,0.0,177.05,0.0,5.0,0.0,ML,,,,3.2,0.2,9
912468,1996-02-07T13:48:20Z,-38.07,0.0,178.03,0.0,12.0,0.0,ML,,,,2.7,0.2,3
912093,1996-02-07T14:59:48Z,-43.01,0.0,171.88,0.0,5.0,0.0,ML,,,,2.2,0.2,3
909542,1996-02-07T15:11:23Z,-38.02,0.0,178.9,0.0,12.0,0.0,ML,,,,2.3,0.2,3
911913,1996-02-07T16:16:10Z,-43.01,0.0,171.88,0.0,5.0,0.0,ML,,,,2.7,0.1,5
912317,1996-02-07T17:07:36Z,-37.52,0.0,177.06,0.0,5.0,0.0,ML,,,,3.4,0.2,11
913853,1996-02-07T17:26:20Z,-39.48,0.0,175.6,0.0,12.0,0.0,ML,,,,2.2,0.2,3
911914,1996-02-07T17:47:21Z,-37.5,0.0,177.05,0.0,5.0,0.0,ML,,,,3.8,0.3,15
913855,1996-02-07T17:58:36Z,-39.28,0.0,175.56,0.0,0.0,0.0,ML,,,,0.5,nan,1
935921,1996-02-07T18:04:18Z,-39.28,0.0,175.56,0.0,0.0,0.0,ML,,,,0.4,0.1,2
912318,1996-02-07T18:05:44Z,-37.47,0.0,177.06,0.0,5.0,0.0,ML,,,,4.0,0.3,12
913857,1996-02-07T18:24:26Z,-39.28,0.0,175.56,0.0,0.0,0.0,ML,,,,0.6,nan,1
909558,1996-02-07T18:32:40Z,-37.58,0.0,177.84,0.0,59.0,7.0,ML,,,,3.7,0.2,3
923584,1996-02-07T19:00:48Z,-39.28,0.0,175.56,0.0,0.0,0.0,ML,,,,0.6,0.1,2
912321,1996-02-07T19:55:36Z,-37.55,0.0,177.02,0.0,5.0,0.0,ML,,,,2.9,0.2,6
912268,1996-02-07T20:39:11Z,-42.01,0.0,173.99,0.0,5.0,0.0,ML,,,,2.1,0.1,4
911916,1996-02-07T20:57:13Z,-42.92,0.0,171.91,0.0,5.0,0.0,ML,,,,2.4,0.2,4
912471,1996-02-07T21:14:12Z,-37.55,0.0,177.1,0.0,5.0,0.0,ML,,,,2.7,0.2,5
911918,1996-02-07T21:34:22Z,-42.03,0.0,173.15,0.0,15.0,2.0,ML,,,,2.9,0.1,6
909569,1996-02-07T23:08:58Z,-41.11,0.0,174.03,0.0,55.0,3.0,ML,,,,3.0,0.2,11
913135,1996-02-07T23:33:30Z,-39.21,0.0,175.38,0.0,5.0,0.0,ML,,,,1.3,0.1,3
909574,1996-02-07T23:43:10Z,-41.95,0.0,174.14,0.0,12.0,0.0,ML,,,,2.4,0.2,6
923587,1996-02-08T00:51:26Z,-39.28,0.0,175.56,0.0,0.0,0.0,ML,,,,0.7,0.1,3
909576,1996-02-08T01:00:41Z,-41.08,0.0,174.84,0.0,33.0,1.0,ML,,,,3.0,0.3,12
909577,1996-02-08T01:23:16Z,-39.28,0.0,175.56,0.0,0.0,0.0,ML,,,,0.9,0.1,3
923533,1996-02-08T02:01:05Z,-39.12,0.0,175.66,0.0,5.0,0.0,ML,,,,0.7,0.1,2
912719,1996-02-08T03:10:34Z,-39.55,0.0,175.69,0.0,23.0,2.0,ML,,,,2.3,0.3,4
911722,1996-02-08T03:18:05Z,-39.4,0.0,175.73,0.0,14.0,0.0,ML,,,,1.6,0.1,4
909583,1996-02-08T04:44:52Z,-41.54,0.0,174.41,0.0,9.0,2.0,ML,,,,3.0,0.2,19
909780,1996-02-08T04:47:49Z,-45.45,0.0,166.77,0.0,12.0,0.0,ML,,,,2.7,0.2,9
909584,1996-02-08T05:02:58Z,-40.36,0.0,174.37,0.0,91.0,3.0,ML,,,,3.6,0.3,13
911725,1996-02-08T06:36:01Z,-38.9,0.0,174.73,0.1,12.0,0.0,ML,,,,2.1,0.1,5
909585,1996-02-08T09:14:49Z,-41.55,0.0,174.41,0.0,5.0,0.0,ML,,,,1.8,0.0,3
923591,1996-02-08T10:01:03Z,-39.24,0.1,175.49,0.1,12.0,0.0,ML,,,,1.0,0.1,3
909586,1996-02-08T11:17:18Z,-42.12,0.0,174.04,0.0,12.0,0.0,ML,,,,2.9,0.2,14
909587,1996-02-08T11:45:42Z,-39.82,0.1,174.33,0.0,121.0,9.0,ML,,,,2.8,0.4,4
911731,1996-02-08T12:26:40Z,-43.01,0.0,171.4,0.0,12.0,0.0,ML,,,,2.5,0.3,3
923592,1996-02-08T12:42:23Z,-39.52,0.0,175.58,0.0,12.0,0.0,ML,,,,1.5,0.2,4
909590,1996-02-08T12:54:33Z,-37.52,0.1,179.53,0.1,12.0,0.0,ML,,,,3.6,0.3,4
936669,1996-02-08T12:55:57Z,-39.87,0.0,174.34,0.0,28.0,2.0,ML,,,,2.6,0.3,10
912554,1996-02-08T13:20:20Z,-39.22,0.0,175.06,0.0,12.0,0.0,ML,,,,1.8,0.1,3
910459,1996-02-08T14:29:01Z,-45.18,0.0,167.37,0.0,118.0,3.0,ML,,,,2.7,0.1,4
911930,1996-02-08T15:25:50Z,-43.0,0.0,171.46,0.0,5.0,0.0,ML,,,,2.5,0.1,4
911733,1996-02-08T17:19:39Z,-39.53,0.0,175.72,0.0,12.0,0.0,ML,,,,1.6,0.3,4
912141,1996-02-08T18:27:38Z,-38.22,0.0,178.32,0.1,12.0,0.0,ML,,,,2.9,0.1,3
911934,1996-02-08T18:58:54Z,-43.04,0.0,171.38,0.0,12.0,0.0,ML,,,,2.2,0.3,3
912142,1996-02-08T19:14:17Z,-37.73,0.1,179.71,0.1,12.0,0.0,ML,,,,3.0,0.1,3
911737,1996-02-08T19:32:56Z,-39.1,0.0,175.66,0.0,5.0,0.0,ML,,,,1.0,0.2,2
923595,1996-02-08T20:08:03Z,-39.27,0.0,175.52,0.0,0.0,0.0,ML,,,,0.6,0.1,3
909781,1996-02-08T21:23:57Z,-45.18,0.0,167.32,0.0,58.0,2.0,ML,,,,3.5,0.2,14
912411,1996-02-08T21:30:28Z,-39.28,0.0,174.82,0.0,24.0,4.0,ML,,,,2.4,0.3,6
912694,1996-02-08T21:34:02Z,-38.4,0.0,176.19,0.0,12.0,0.0,ML,,,,2.2,0.0,2
912695,1996-02-08T21:36:18Z,-38.36,0.0,176.28,0.0,12.0,0.0,ML,,,,2.0,0.4,3
923597,1996-02-08T21:56:46Z,-39.28,0.0,175.56,0.0,0.0,0.0,ML,,,,0.6,nan,1
909602,1996-02-08T22:27:51Z,-40.33,0.0,176.03,0.0,46.0,4.0,ML,,,,2.5,0.3,2
909605,1996-02-08T23:13:06Z,-39.42,0.0,175.7,0.0,14.0,2.0,ML,,,,2.4,0.2,8
936675,1996-02-08T23:14:01Z,-39.45,0.0,175.7,0.0,12.0,0.0,ML,,,,1.3,0.1,4
912412,1996-02-08T23:28:29Z,-39.13,0.0,174.52,0.0,12.0,0.0,ML,,,,1.8,0.1,3
936676,1996-02-09T00:06:06Z,-42.98,0.0,171.89,0.0,12.0,0.0,ML,,,,2.2,0.1,3
909782,1996-02-09T00:31:59Z,-44.27,0.0,168.43,0.0,5.0,0.0,ML,,,,2.8,0.2,13
911938,1996-02-09T00:40:40Z,-43.01,0.0,171.43,0.0,12.0,0.0,ML,,,,2.2,0.2,3
910460,1996-02-09T02:16:04Z,-45.37,0.0,170.51,0.0,12.0,0.0,ML,,,,2.4,0.2,10
911941,1996-02-09T03:17:32Z,-39.54,0.0,175.55,0.0,12.0,0.0,ML,,,,1.7,0.1,4
909618,1996-02-09T04:31:03Z,-40.16,0.1,173.98,0.0,162.0,11.0,ML,,,,2.3,0.1,3
909619,1996-02-09T04:50:35Z,-42.06,0.0,173.94,0.0,12.0,0.0,ML,,,,2.0,0.2,5
936677,1996-02-09T04:52:42Z,-39.21,0.0,177.24,0.0,89.0,7.0,ML,,,,3.3,0.1,2
911947,1996-02-09T04:54:48Z,-39.1,0.0,175.67,0.0,5.0,0.0,ML,,,,1.2,0.3,3
909620,1996-02-09T05:30:08Z,-38.94,0.0,175.97,0.0,5.0,0.0,ML,,,,1.7,0.1,4
936678,1996-02-09T06:41:14Z,-39.15,0.0,176.1,0.1,5.0,0.0,ML,,,,1.4,0.1,4
923600,1996-02-09T06:41:23Z,-39.12,0.0,175.91,0.0,5.0,0.0,ML,,,,1.7,0.1,3
912156,1996-02-09T07:56:48Z,-38.32,0.0,177.15,0.0,59.0,3.0,ML,,,,3.3,0.1,3
909623,1996-02-09T11:38:46Z,-40.97,0.0,175.0,0.0,46.0,1.0,ML,,,,1.8,0.2,7
911953,1996-02-09T13:37:54Z,-38.26,0.0,178.49,0.0,5.0,0.0,ML,,,,3.1,0.2,3
910463,1996-02-09T13:40:20Z,-44.58,0.0,168.59,0.0,5.0,2.0,ML,,,,2.8,0.3,12
911954,1996-02-09T14:17:53Z,-43.02,0.0,171.35,0.0,12.0,0.0,ML,,,,2.2,0.2,3
909626,1996-02-09T14:35:41Z,-39.99,0.0,176.83,0.0,72.0,4.0,ML,,,,2.9,0.2,10
923604,1996-02-09T14:45:28Z,-39.28,0.0,175.56,0.0,0.0,0.0,ML,,,,0.4,nan,1
909636,1996-02-09T19:49:15Z,-39.05,0.0,175.41,0.0,153.0,4.0,ML,,,,3.4,0.2,9
909638,1996-02-09T20:42:47Z,-40.82,0.0,173.63,0.0,96.0,5.0,ML,,,,2.8,0.2,8
911688,1996-02-09T22:59:25Z,-38.83,0.0,175.72,0.1,137.0,2.0,ML,,,,3.1,nan,1
909644,1996-02-09T23:32:02Z,-41.29,0.0,175.16,0.0,9.0,3.0,ML,,,,1.8,0.2,5
909645,1996-02-09T23:37:55Z,-41.09,0.0,174.97,0.0,24.0,1.0,ML,,,,1.6,0.2,4
923614,1996-02-10T00:02:27Z,-39.12,0.0,175.63,0.0,5.0,0.0,ML,,,,0.8,0.3,3
909649,1996-02-10T00:22:20Z,-39.16,0.0,175.46,0.0,5.0,0.0,ML,,,,1.3,0.7,3
909650,1996-02-10T00:28:06Z,-40.34,0.0,174.37,0.0,61.0,7.0,ML,,,,2.7,0.2,8
923615,1996-02-10T01:01:39Z,-39.44,0.1,176.04,0.0,12.0,0.0,ML,,,,1.5,0.0,3
912287,1996-02-10T01:39:11Z,-39.3,0.0,175.15,0.0,22.0,6.0,ML,,,,2.3,0.4,6
909658,1996-02-10T02:17:08Z,-40.64,0.0,175.62,0.0,31.0,1.0,ML,,,,2.2,0.1,4
909659,1996-02-10T02:36:31Z,-40.87,0.0,174.74,0.0,16.0,1.0,ML,,,,1.8,0.1,3
909663,1996-02-10T03:21:48Z,-39.26,0.0,174.88,0.0,29.0,2.0,ML,,,,2.4,0.3,8
909664,1996-02-10T03:40:32Z,-45.94,0.0,170.14,0.0,12.0,0.0,ML,,,,2.2,0.3,9
936680,1996-02-10T05:07:57Z,-39.66,0.0,175.08,0.0,24.0,3.0,ML,,,,1.9,0.0,5
923559,1996-02-10T05:08:21Z,-39.63,0.0,176.4,0.0,42.0,4.0,ML,,,,2.9,nan,1
912434,1996-02-10T05:52:02Z,-40.12,0.0,176.38,0.1,26.0,4.0,ML,,,,2.7,0.1,5
912158,1996-02-10T06:04:16Z,-38.02,0.0,179.27,0.0,12.0,0.0,ML,,,,2.9,0.3,3
909671,1996-02-10T06:28:41Z,-40.85,0.0,175.28,0.0,56.0,1.0,ML,,,,2.6,0.2,8
923617,1996-02-10T06:56:06Z,-39.28,0.0,175.56,0.0,0.0,0.0,ML,,,,0.6,0.0,3
923618,1996-02-10T06:56:35Z,-39.09,0.0,175.66,0.0,5.0,0.0,ML,,,,1.2,0.2,3
912161,1996-02-10T07:00:29Z,-39.5,0.0,175.47,0.0,5.0,0.0,ML,,,,1.7,0.5,4
923619,1996-02-10T07:02:22Z,-39.53,0.0,175.58,0.0,12.0,0.0,ML,,,,2.0,0.2,4
911549,1996-02-10T07:10:16Z,-46.59,0.0,166.03,0.1,33.0,0.0,ML,,,,3.0,0.3,7
909675,1996-02-10T07:51:29Z,-41.28,0.0,175.29,0.0,22.0,1.0,ML,,,,1.7,0.1,3
912163,1996-02-10T08:26:40Z,-38.03,0.0,179.28,0.0,12.0,0.0,ML,,,,3.1,0.4,3
923620,1996-02-10T09:09:25Z,-39.28,0.0,175.56,0.0,0.0,0.0,ML,,,,0.8,0.1,2
909681,1996-02-10T10:36:11Z,-40.5,0.0,174.32,0.0,30.0,3.0,ML,,,,2.1,0.0,3
938406,1996-02-10T10:36:33Z,-41.13,0.0,174.61,0.0,59.0,1.0,ML,,,,1.9,0.2,4
923621,1996-02-10T10:48:02Z,-39.3,0.0,175.55,0.0,0.0,0.0,ML,,,,0.8,0.0,3
923622,1996-02-10T11:03:09Z,-39.02,0.0,175.58,0.1,12.0,0.0,ML,,,,1.8,0.5,3
912736,1996-02-10T11:20:39Z,-39.53,0.0,175.26,0.0,12.0,0.0,ML,,,,1.9,0.2,4
912419,1996-02-10T11:26:06Z,-38.69,0.0,175.05,0.0,5.0,0.0,ML,,,,2.4,0.2,9
911963,1996-02-10T12:05:14Z,-42.03,0.0,173.31,0.0,5.0,0.0,ML,,,,2.1,0.2,5
910468,1996-02-10T12:34:33Z,-44.54,0.0,170.1,0.0,5.0,0.0,ML,,,,3.0,0.2,10
923625,1996-02-10T12:52:35Z,-39.49,0.0,175.67,0.0,23.0,5.0,ML,,,,1.8,0.2,4
936684,1996-02-10T13:10:39Z,-42.74,0.0,172.76,0.0,5.0,0.0,ML,,,,1.9,0.2,3
936685,1996-02-10T13:12:04Z,-40.1,0.0,175.0,0.0,22.0,2.0,ML,,,,2.1,0.1,6
912164,1996-02-10T13:41:21Z,-37.2,0.0,177.48,0.0,138.0,6.0,ML,,,,3.7,0.2,4
909684,1996-02-10T14:14:47Z,-42.93,0.0,171.85,0.0,12.0,0.0,ML,,,,3.0,0.2,8
936686,1996-02-10T14:15:48Z,-42.82,0.0,171.88,0.0,12.0,0.0,ML,,,,1.9,0.1,2
911965,1996-02-10T14:27:03Z,-42.93,0.0,171.84,0.0,5.0,0.0,ML,,,,2.3,0.2,4
911760,1996-02-10T15:02:04Z,-45.99,0.0,166.71,0.1,12.0,0.0,ML,,,,2.2,0.3,3
910470,1996-02-10T15:37:02Z,-45.31,0.0,167.12,0.0,74.0,1.0,ML,,,,3.6,0.2,13
923626,1996-02-10T15:44:09Z,-39.37,0.0,175.78,0.0,12.0,0.0,ML,,,,1.3,0.1,4
909685,1996-02-10T16:06:20Z,-40.8,0.0,174.31,0.0,52.0,4.0,ML,,,,2.1,0.1,6
909686,1996-02-10T16:18:50Z,-39.44,0.0,175.68,0.0,21.0,2.0,ML,,,,1.4,0.2,3
936687,1996-02-10T16:20:16Z,-40.12,0.0,174.86,0.0,25.0,3.0,ML,,,,2.8,0.3,13
909687,1996-02-10T16:24:21Z,-39.3,0.0,175.55,0.0,0.0,0.0,ML,,,,0.8,0.1,3
912625,1996-02-10T16:37:38Z,-40.11,0.0,174.88,0.0,26.0,2.0,ML,,,,2.7,0.2,12
911763,1996-02-10T16:41:26Z,-39.41,0.0,175.67,0.0,12.0,0.0,ML,,,,1.6,0.1,4
909696,1996-02-10T17:22:00Z,-40.88,0.0,172.53,0.0,12.0,0.0,ML,,,,4.1,0.2,7
911967,1996-02-10T18:12:28Z,-43.05,0.0,171.38,0.0,12.0,0.0,ML,,,,2.2,0.2,3
909699,1996-02-10T19:30:48Z,-41.01,0.0,175.36,0.0,26.0,4.0,ML,,,,1.9,0.2,5
909702,1996-02-10T20:26:58Z,-40.81,0.0,174.65,0.0,49.0,4.0,ML,,,,3.0,0.2,12
911765,1996-02-10T21:25:03Z,-45.29,0.0,166.68,0.1,12.0,0.0,ML,,,,2.7,0.0,2
909703,1996-02-10T22:41:43Z,-40.15,0.0,174.82,0.0,12.0,0.0,ML,,,,2.2,0.1,3
912494,1996-02-10T22:45:19Z,-39.01,0.0,175.72,0.0,5.0,0.0,ML,,,,1.4,0.1,4
909704,1996-02-10T22:49:45Z,-39.26,0.0,175.55,0.0,0.0,0.0,ML,,,,0.5,0.1,3
912341,1996-02-10T23:20:55Z,-39.27,0.0,175.55,0.1,0.0,0.0,ML,,,,0.8,0.1,3
911971,1996-02-10T23:30:06Z,-39.0,0.0,175.71,0.0,9.0,2.0,ML,,,,1.3,0.2,3
923634,1996-02-10T23:32:49Z,-38.96,0.0,175.77,0.0,12.0,0.0,ML,,,,1.8,0.1,3
937638,1996-02-10T23:32:52Z,-39.03,0.0,175.67,0.0,12.0,0.0,ML,,,,2.0,0.2,4
909708,1996-02-10T23:35:47Z,-38.99,0.0,175.74,0.0,5.0,0.0,ML,,,,1.0,0.1,3
923636,1996-02-10T23:37:22Z,-39.06,0.0,175.5,0.0,12.0,0.0,ML,,,,1.2,0.2,3
923638,1996-02-10T23:39:25Z,-39.03,0.0,175.73,0.0,5.0,0.0,ML,,,,1.0,0.1,4
910472,1996-02-10T23:47:21Z,-45.11,0.0,167.38,0.0,92.0,1.0,ML,,,,3.0,0.2,12
923639,1996-02-10T23:53:09Z,-39.02,0.0,175.69,0.0,5.0,0.0,ML,,,,1.5,0.1,4
923640,1996-02-10T23:54:26Z,-39.01,0.0,175.73,0.0,5.0,0.0,ML,,,,1.2,0.1,4
923641,1996-02-10T23:55:42Z,-39.02,0.0,175.7,0.0,5.0,0.0,ML,,,,1.4,0.1,4
923643,1996-02-11T00:00:26Z,-39.03,0.0,175.61,0.0,5.0,0.0,ML,,,,0.6,0.1,3
923644,1996-02-11T00:01:45Z,-39.01,0.0,175.68,0.0,5.0,0.0,ML,,,,0.7,0.1,2
923645,1996-02-11T00:03:54Z,-39.02,0.0,175.69,0.0,5.0,0.0,ML,,,,1.2,0.1,4
923646,1996-02-11T00:11:23Z,-39.05,0.0,175.6,0.0,5.0,0.0,ML,,,,0.6,0.3,3
923647,1996-02-11T00:12:18Z,-39.06,0.0,175.64,0.1,5.0,0.0,ML,,,,0.5,0.1,4
912697,1996-02-11T00:26:58Z,-38.13,0.0,176.25,0.0,5.0,0.0,ML,,,,2.5,0.3,5
936688,1996-02-11T00:28:02Z,-39.28,0.0,175.56,0.0,0.0,0.0,ML,,,,0.2,nan,1
912423,1996-02-11T00:43:34Z,-39.01,0.0,175.71,0.0,5.0,0.0,ML,,,,2.0,0.2,4
936689,1996-02-11T00:44:40Z,-39.0,0.0,175.71,0.0,5.0,0.0,ML,,,,2.2,0.1,6
936690,1996-02-11T00:45:19Z,-39.02,0.0,175.66,0.0,5.0,0.0,ML,,,,1.1,0.1,3
923649,1996-02-11T00:46:16Z,-39.07,0.0,175.73,0.0,5.0,0.0,ML,,,,1.1,0.1,4
936931,1996-02-11T00:46:38Z,-39.0,0.0,175.72,0.0,5.0,0.0,ML,,,,1.9,nan,1
923651,1996-02-11T00:47:30Z,-39.01,0.0,175.73,0.0,5.0,0.0,ML,,,,1.2,0.1,4
923652,1996-02-11T00:48:29Z,-39.04,0.0,175.6,0.0,12.0,0.0,ML,,,,0.7,0.2,4
923653,1996-02-11T00:52:01Z,-39.09,0.0,175.66,0.1,5.0,0.0,ML,,,,1.1,0.2,3
937174,1996-02-11T00:57:13Z,-39.28,0.0,175.56,0.0,0.0,0.0,ML,,,,0.6,nan,1
923654,1996-02-11T01:25:42Z,-39.09,0.0,175.65,0.0,5.0,0.0,ML,,,,0.9,0.2,3
923655,1996-02-11T01:36:59Z,-39.01,0.0,175.7,0.0,5.0,0.0,ML,,,,1.4,0.1,3
923657,1996-02-11T01:45:20Z,-39.01,0.0,175.72,0.0,5.0,0.0,ML,,,,1.0,0.2,3
912166,1996-02-11T01:55:12Z,-39.04,0.0,175.73,0.0,5.0,0.0,ML,,,,1.1,0.1,4
923658,1996-02-11T01:59:25Z,-39.02,0.0,175.72,0.0,5.0,0.0,ML,,,,1.1,0.1,3
937634,1996-02-11T02:17:49Z,-39.06,0.0,175.69,0.0,5.0,0.0,ML,,,,1.1,0.2,4
910473,1996-02-11T02:17:57Z,-39.0,0.0,175.72,0.0,5.0,0.0,ML,,,,1.9,0.1,4
912424,1996-02-11T02:19:51Z,-39.02,0.0,175.7,0.0,5.0,0.0,ML,,,,1.5,0.1,3
923659,1996-02-11T02:29:02Z,-39.02,0.0,175.71,0.0,5.0,0.0,ML,,,,1.3,0.1,4
911973,1996-02-11T02:30:22Z,-39.01,0.0,175.7,0.0,5.0,0.0,ML,,,,1.0,0.1,2
923660,1996-02-11T02:30:48Z,-39.0,0.0,175.7,0.0,5.0,0.0,ML,,,,1.1,0.1,2
923661,1996-02-11T02:33:56Z,-39.02,0.0,175.7,0.0,5.0,0.0,ML,,,,1.3,0.1,4
923662,1996-02-11T02:50:52Z,-39.02,0.0,175.67,0.0,5.0,0.0,ML,,,,1.1,0.1,4
923666,1996-02-11T03:29:34Z,-39.03,0.0,175.73,0.0,5.0,0.0,ML,,,,1.1,0.1,3
937635,1996-02-11T03:40:16Z,-39.28,0.0,175.56,0.0,0.0,0.0,ML,,,,0.9,0.1,2
909709,1996-02-11T03:41:31Z,-41.72,0.0,173.41,0.0,51.0,5.0,ML,,,,3.2,0.2,13
910474,1996-02-11T03:53:05Z,-39.01,0.0,175.7,0.0,5.0,0.0,ML,,,,1.1,0.1,3
911977,1996-02-11T03:55:06Z,-39.02,0.0,175.69,0.0,5.0,0.0,ML,,,,1.2,0.1,4
912742,1996-02-11T03:56:38Z,-39.06,0.0,175.76,0.0,5.0,0.0,ML,,,,1.0,0.1,3
923669,1996-02-11T04:00:58Z,-39.03,0.0,175.71,0.0,5.0,0.0,ML,,,,1.1,0.1,3
911768,1996-02-11T04:06:21Z,-39.02,0.0,175.67,0.0,9.0,2.0,ML,,,,1.5,0.3,5
911979,1996-02-11T04:20:24Z,-42.47,0.0,172.75,0.0,12.0,0.0,ML,,,,2.2,0.1,3
923670,1996-02-11T04:35:09Z,-39.28,0.0,175.56,0.0,0.0,0.0,ML,,,,0.8,0.1,3
911770,1996-02-11T06:03:33Z,-39.11,0.0,175.45,0.0,5.0,0.0,ML,,,,0.9,0.1,3
911771,1996-02-11T06:19:52Z,-39.98,0.0,176.69,0.0,17.0,3.0,ML,,,,2.5,0.2,5
909710,1996-02-11T06:44:16Z,-41.6,0.0,174.78,0.0,31.0,1.0,ML,,,,2.0,0.2,4
909711,1996-02-11T06:57:08Z,-39.03,0.0,175.16,0.1,161.0,2.0,ML,,,,3.6,0.3,11
912496,1996-02-11T07:08:02Z,-38.99,0.0,175.75,0.0,5.0,0.0,ML,,,,1.2,0.1,4
923673,1996-02-11T07:11:56Z,-39.0,0.0,175.71,0.0,5.0,0.0,ML,,,,1.1,0.1,2
910476,1996-02-11T07:21:42Z,-45.17,0.0,170.93,0.1,5.0,0.0,ML,,,,2.5,0.3,7
909712,1996-02-11T08:01:40Z,-40.01,0.0,176.74,0.0,72.0,3.0,ML,,,,3.7,0.2,13
937637,1996-02-11T08:23:22Z,-40.41,0.0,174.71,0.1,25.0,4.0,ML,,,,1.9,0.2,3
909713,1996-02-11T08:25:44Z,-42.92,0.0,171.88,0.0,12.0,0.0,ML,,,,2.6,0.1,3
910477,1996-02-11T10:16:12Z,-44.67,0.0,167.89,0.0,106.0,3.0,ML,,,,3.1,0.3,9
911993,1996-02-11T10:36:34Z,-37.05,0.0,177.75,0.0,77.0,2.0,ML,,,,3.7,0.1,3
909714,1996-02-11T11:12:15Z,-41.74,0.0,174.61,0.0,25.0,2.0,ML,,,,1.9,0.0,3
923677,1996-02-11T11:16:23Z,-39.28,0.0,175.56,0.0,0.0,0.0,ML,,,,0.8,0.1,3
923678,1996-02-11T12:06:09Z,-39.28,0.0,175.53,0.0,0.0,0.0,ML,,,,0.8,0.1,3
912005,1996-02-11T12:35:01Z,-39.28,0.0,175.56,0.0,0.0,0.0,ML,,,,0.9,nan,1
910478,1996-02-11T12:57:12Z,-45.04,0.0,167.53,0.0,104.0,2.0,ML,,,,3.0,0.1,12
912011,1996-02-11T13:15:27Z,-39.15,0.0,175.68,0.0,5.0,0.0,ML,,,,1.1,0.2,4
912498,1996-02-11T14:00:22Z,-37.36,0.1,177.04,0.0,12.0,0.0,ML,,,,3.4,0.2,3
937639,1996-02-11T14:00:57Z,-39.28,0.0,175.56,0.0,0.0,0.0,ML,,,,0.6,0.0,2
909719,1996-02-11T14:46:56Z,-39.67,0.0,174.35,0.1,143.0,6.0,ML,,,,2.9,0.2,7
909720,1996-02-11T15:10:56Z,-41.07,0.0,172.99,0.0,149.0,3.0,ML,,,,4.2,0.3,16
909722,1996-02-11T15:22:45Z,-41.22,0.0,175.28,0.0,21.0,2.0,ML,,,,1.7,0.2,5
912024,1996-02-11T15:51:15Z,-39.16,0.0,175.39,0.0,5.0,0.0,ML,,,,1.3,0.1,3
923573,1996-02-11T17:04:40Z,-40.05,0.0,175.1,0.0,12.0,0.0,ML,,,,2.2,0.1,5
923679,1996-02-11T18:17:48Z,-39.28,0.1,175.56,0.2,5.0,0.0,ML,,,,0.7,0.1,2
912675,1996-02-11T19:53:24Z,-39.13,0.0,175.66,0.0,5.0,0.0,ML,,,,2.0,0.3,4
909743,1996-02-11T22:11:17Z,-38.56,0.0,174.68,0.0,24.0,1.0,ML,,,,3.3,0.3,11
937832,1996-02-11T22:11:19Z,-40.65,0.0,173.94,0.0,110.0,3.0,ML,,,,2.4,0.3,5
910480,1996-02-11T23:18:13Z,-45.67,0.0,166.85,0.0,77.0,1.0,ML,,,,3.1,0.4,5
912297,1996-02-11T23:34:52Z,-39.28,0.0,175.56,0.0,0.0,0.0,ML,,,,0.7,0.0,2
923857,1996-02-12T01:05:40Z,-39.59,0.0,175.82,0.0,5.0,0.0,ML,,,,2.2,0.0,3
912521,1996-02-12T04:02:18Z,-39.28,0.0,175.56,0.0,0.0,0.0,ML,,,,0.9,0.0,2
909757,1996-02-12T06:14:58Z,-40.11,0.0,174.87,0.0,28.0,2.0,ML,,,,3.1,0.4,15
923580,1996-02-12T07:27:44Z,-39.82,0.0,176.87,0.0,30.0,2.0,ML,,,,2.9,0.2,5
924588,1996-02-12T07:30:23Z,-39.22,0.0,175.92,0.0,12.0,0.0,ML,,,,1.4,0.1,4
937920,1996-02-12T07:30:31Z,-39.33,0.0,176.03,0.0,5.0,0.0,ML,,,,1.4,0.1,4
912186,1996-02-12T07:46:33Z,-37.46,0.1,179.46,0.1,12.0,0.0,ML,,,,3.3,0.3,4
909759,1996-02-12T08:10:50Z,-41.67,0.0,174.74,0.0,18.0,5.0,ML,,,,2.2,0.2,3
924600,1996-02-12T08:51:29Z,-39.28,0.0,175.56,0.0,0.0,0.0,ML,,,,0.9,0.2,2
911343,1996-02-12T11:21:41Z,-37.79,0.0,176.16,0.0,309.0,3.0,ML,,,,4.0,0.2,11
924382,1996-02-12T11:46:21Z,-39.06,0.0,175.73,0.0,5.0,0.0,ML,,,,0.8,0.1,4
912119,1996-02-12T13:24:56Z,-43.29,0.0,170.75,0.0,5.0,0.0,ML,,,,2.3,0.1,2
924410,1996-02-12T15:28:23Z,-39.27,0.0,174.62,0.0,33.0,0.0,ML,,,,2.0,0.0,5
912040,1996-02-12T15:36:43Z,-42.75,0.0,172.74,0.0,5.0,0.0,ML,,,,2.1,0.2,3
912041,1996-02-12T16:11:32Z,-42.99,0.0,171.87,0.0,5.0,0.0,ML,,,,2.6,0.1,4
924421,1996-02-12T16:36:19Z,-39.28,0.0,175.56,0.0,0.0,0.0,ML,,,,0.4,0.0,3
912652,1996-02-12T17:15:29Z,-39.78,0.0,175.74,0.1,60.0,5.0,ML,,,,2.6,nan,1
925104,1996-02-12T17:54:42Z,-39.35,0.0,175.65,0.0,12.0,1.0,ML,,,,1.2,0.3,4
912045,1996-02-12T18:00:20Z,-41.41,0.0,172.34,0.0,5.0,0.0,ML,,,,2.7,0.2,5
912684,1996-02-12T18:21:30Z,-39.28,0.0,175.56,0.0,0.0,0.0,ML,,,,0.9,0.1,3
924426,1996-02-12T18:29:24Z,-39.28,0.0,175.56,0.0,0.0,0.0,ML,,,,0.6,0.1,2
912453,1996-02-12T18:43:43Z,-39.09,0.0,175.66,0.0,5.0,0.0,ML,,,,0.8,0.3,3
912047,1996-02-12T18:50:23Z,-42.64,0.0,172.81,0.0,5.0,0.0,ML,,,,2.3,0.4,4
912401,1996-02-12T18:55:13Z,-39.13,0.0,175.7,0.1,5.0,0.0,ML,,,,1.2,0.3,3
911356,1996-02-12T19:10:20Z,-42.06,0.0,173.94,0.0,10.0,3.0,ML,,,,2.7,0.1,14
925105,1996-02-12T19:29:47Z,-39.28,0.0,175.56,0.0,0.0,0.0,ML,,,,0.4,0.1,3
925106,1996-02-12T19:56:00Z,-39.28,0.0,175.56,0.0,0.0,0.0,ML,,,,0.3,0.1,2
922840,1996-02-12T19:59:12Z,-39.28,0.0,175.56,0.0,0.0,0.0,ML,,,,0.5,0.2,3
911358,1996-02-12T21:18:50Z,-40.77,0.0,174.96,0.0,39.0,1.0,ML,,,,2.2,0.3,6
925107,1996-02-12T21:33:40Z,-39.28,0.0,175.56,0.0,0.0,0.0,ML,,,,0.8,0.1,3
912685,1996-02-12T21:44:22Z,-39.28,0.0,175.56,0.0,0.0,0.0,ML,,,,1.0,0.1,3
912053,1996-02-12T22:14:59Z,-42.01,0.0,173.23,0.1,5.0,0.0,ML,,,,2.1,0.1,4
912056,1996-02-12T22:42:03Z,-41.7,0.0,172.19,0.0,97.0,1.0,ML,,,,2.1,nan,1
922856,1996-02-12T22:59:29Z,-39.3,0.0,175.37,0.0,5.0,0.0,ML,,,,1.4,0.1,4
911360,1996-02-12T23:11:12Z,-40.87,0.0,174.77,0.0,17.0,2.0,ML,,,,2.3,0.1,9
922859,1996-02-12T23:14:28Z,-39.28,0.0,175.56,0.0,0.0,0.0,ML,,,,0.3,0.2,3
912454,1996-02-13T01:23:22Z,-39.36,0.0,175.61,0.0,5.0,0.0,ML,,,,1.3,0.2,2
912122,1996-02-13T01:35:29Z,-39.28,0.0,175.56,0.0,0.0,0.0,ML,,,,0.6,nan,1
911363,1996-02-13T03:20:51Z,-35.97,0.0,179.19,0.0,12.0,0.0,ML,,,,4.2,0.2,21
922884,1996-02-13T03:35:46Z,-39.28,0.0,175.56,0.0,0.0,0.0,ML,,,,0.7,0.1,4
912752,1996-02-13T04:48:01Z,-39.28,0.0,175.56,0.0,0.0,0.0,ML,,,,0.9,0.1,3
925110,1996-02-13T04:54:36Z,-39.28,0.0,175.56,0.0,0.0,0.0,ML,,,,0.4,0.0,3
923889,1996-02-13T04:57:13Z,-39.28,0.0,175.56,0.0,0.0,0.0,ML,,,,0.2,0.2,3
924762,1996-02-13T05:09:42Z,-39.28,0.0,175.56,0.0,0.0,0.0,ML,,,,0.9,0.1,3
911364,1996-02-13T05:18:04Z,-39.36,0.0,175.32,0.1,12.0,0.0,ML,,,,1.1,0.3,3
911367,1996-02-13T07:09:15Z,-41.84,0.1,173.9,0.1,41.0,4.0,ML,,,,2.0,0.1,3
911551,1996-02-13T08:57:03Z,-45.54,0.0,166.96,0.0,47.0,2.0,ML,,,,3.0,0.2,15
938511,1996-02-13T08:58:03Z,-38.91,0.0,175.83,0.1,12.0,0.0,ML,,,,1.8,0.4,3
911552,1996-02-13T09:06:44Z,-44.76,0.0,167.93,0.0,96.0,3.0,ML,,,,3.0,0.1,12
922921,1996-02-13T09:26:37Z,-39.28,0.0,175.56,0.0,0.0,0.0,ML,,,,0.5,0.1,2
922931,1996-02-13T10:08:43Z,-39.4,0.0,175.63,0.0,5.0,0.0,ML,,,,1.3,0.3,3
947725,1996-02-13T10:08:52Z,-39.33,0.0,175.7,0.0,14.0,1.0,ML,,,,1.5,0.3,4
911368,1996-02-13T10:34:49Z,-41.01,0.0,175.36,0.0,27.0,1.0,ML,,,,2.3,0.1,9
911369,1996-02-13T11:06:09Z,-41.1,0.0,174.95,0.0,34.0,1.0,ML,,,,3.3,0.2,15
911370,1996-02-13T11:17:45Z,-37.26,0.0,176.99,0.0,12.0,0.0,ML,,,,3.3,0.3,2
922957,1996-02-13T11:41:47Z,-39.28,0.0,175.56,0.0,0.0,0.0,ML,,,,0.6,0.0,2
922958,1996-02-13T11:50:00Z,-39.25,0.0,175.58,0.0,0.0,0.0,ML,,,,1.1,0.1,3
912753,1996-02-13T12:31:27Z,-39.25,0.0,173.84,0.1,17.0,3.0,ML,,,,2.0,0.2,6
911371,1996-02-13T13:25:53Z,-41.28,0.0,175.31,0.0,28.0,1.0,ML,,,,2.3,0.1,10
911375,1996-02-13T13:51:15Z,-43.24,0.0,172.58,0.0,12.0,0.0,ML,,,,3.4,0.3,14
911377,1996-02-13T13:53:09Z,-38.69,0.0,175.85,0.1,189.0,4.0,ML,,,,3.5,nan,1
911380,1996-02-13T15:07:38Z,-38.46,0.0,175.9,0.1,192.0,7.0,ML,,,,3.7,0.3,7
912219,1996-02-13T15:10:57Z,-37.93,0.0,179.55,0.1,12.0,0.0,ML,,,,3.2,0.1,3
947728,1996-02-13T15:10:58Z,-37.62,0.0,177.25,0.1,5.0,0.0,ML,,,,2.7,0.1,5
911384,1996-02-13T15:55:52Z,-39.28,0.0,175.56,0.0,0.0,0.0,ML,,,,0.3,nan,2
947729,1996-02-13T15:55:57Z,-39.2,0.0,175.38,0.0,5.0,0.0,ML,,,,1.2,0.1,3
924793,1996-02-13T16:07:15Z,-39.23,0.0,175.38,0.0,12.0,0.0,ML,,,,1.4,0.2,3
922982,1996-02-13T16:11:37Z,-39.28,0.0,175.56,0.0,0.0,0.0,ML,,,,0.5,0.1,2
922983,1996-02-13T16:16:53Z,-39.28,0.0,175.56,0.0,0.0,0.0,ML,,,,0.6,0.1,2
922638,1996-02-13T16:35:22Z,-39.89,0.0,176.15,0.0,76.0,5.0,ML,,,,2.4,nan,1
922990,1996-02-13T16:58:49Z,-39.28,0.0,175.56,0.0,0.0,0.0,ML,,,,0.8,0.2,2
947730,1996-02-13T16:58:50Z,-40.12,0.0,174.87,0.0,28.0,2.0,ML,,,,2.6,0.1,7
911389,1996-02-13T17:15:42Z,-40.05,0.1,173.17,0.0,5.0,0.0,ML,,,,2.3,0.1,2
911390,1996-02-13T17:30:58Z,-41.12,0.0,174.98,0.0,28.0,2.0,ML,,,,1.7,0.1,5
925114,1996-02-13T19:45:02Z,-39.28,0.0,175.56,0.0,0.0,0.0,ML,,,,0.5,0.1,2
911391,1996-02-13T20:19:39Z,-41.09,0.0,174.97,0.0,31.0,1.0,ML,,,,2.6,0.2,12
912702,1996-02-13T20:49:12Z,-39.28,0.0,175.56,0.0,0.0,0.0,ML,,,,0.4,0.1,2
925121,1996-02-13T21:09:55Z,-39.28,0.0,175.56,0.0,0.0,0.0,ML,,,,0.3,0.1,2
911392,1996-02-13T21:16:18Z,-42.02,0.0,174.02,0.0,31.0,2.0,ML,,,,2.3,0.3,7
947731,1996-02-13T21:17:00Z,-39.28,0.0,175.56,0.0,0.0,0.0,ML,,,,0.9,0.1,2
922643,1996-02-13T21:24:03Z,-39.13,0.0,175.71,0.0,5.0,0.0,ML,,,,0.9,0.4,3
911553,1996-02-13T21:50:46Z,-45.37,0.0,170.5,0.0,12.0,0.0,ML,,,,2.2,0.3,7
911789,1996-02-13T22:10:23Z,-46.39,0.0,167.89,0.2,33.0,11.0,ML,,,,2.2,0.1,2
912225,1996-02-13T22:13:04Z,-37.86,0.0,179.54,0.0,16.0,0.0,ML,,,,2.9,0.1,3
912227,1996-02-13T22:37:39Z,-37.99,0.0,179.18,0.0,12.0,0.0,ML,,,,2.9,0.2,3
911393,1996-02-14T00:01:11Z,-41.01,0.0,175.14,0.0,25.0,5.0,ML,,,,2.1,0.2,6
923071,1996-02-14T00:49:02Z,-38.63,0.1,174.74,0.1,25.0,5.0,ML,,,,1.9,0.0,2
911554,1996-02-14T00:54:48Z,-44.63,0.0,167.12,0.0,5.0,0.0,ML,,,,3.1,0.2,14
911407,1996-02-14T04:54:52Z,-40.12,0.0,174.88,0.0,27.0,2.0,ML,,,,2.4,0.2,8
912237,1996-02-14T05:32:05Z,-38.24,0.0,179.03,0.0,12.0,0.0,ML,,,,2.9,0.3,3
911422,1996-02-14T10:25:57Z,-41.07,0.0,175.35,0.0,33.0,3.0,ML,,,,1.8,0.1,6
924798,1996-02-14T11:12:22Z,-39.17,0.0,175.41,0.0,12.0,0.0,ML,,,,1.6,0.0,3
922339,1996-02-14T12:04:40Z,-42.57,0.0,171.87,0.1,5.0,0.0,ML,,,,2.6,0.1,4
912706,1996-02-14T12:35:11Z,-38.32,0.0,176.35,0.0,5.0,0.0,ML,,,,2.4,0.3,4
911423,1996-02-14T12:54:14Z,-38.89,0.0,175.55,0.0,179.0,2.0,ML,,,,3.6,0.3,13
923164,1996-02-14T13:18:35Z,-39.09,0.0,175.72,0.0,5.0,0.0,ML,,,,1.5,nan,1
911424,1996-02-14T14:51:01Z,-41.41,0.0,173.43,0.0,97.0,4.0,ML,,,,3.3,0.3,14
911425,1996-02-14T15:21:08Z,-35.82,0.1,179.78,0.1,163.0,14.0,ML,,,,4.2,0.2,4
911427,1996-02-14T15:40:11Z,-40.89,0.0,175.69,0.0,27.0,1.0,ML,,,,2.4,0.2,8
911428,1996-02-14T15:48:36Z,-40.82,0.0,175.33,0.0,17.0,4.0,ML,,,,1.9,0.1,4
911429,1996-02-14T16:43:44Z,-39.51,0.0,175.57,0.0,12.0,0.0,ML,,,,2.4,0.1,5
911555,1996-02-14T17:25:15Z,-44.29,0.0,167.64,0.0,5.0,0.0,ML,,,,2.7,0.2,9
912886,1996-02-14T19:48:30Z,-43.13,0.0,170.98,0.0,5.0,0.0,ML,,,,2.3,nan,1
922345,1996-02-14T19:56:52Z,-40.54,0.0,176.42,0.0,49.0,3.0,ML,,,,2.6,0.1,1
925149,1996-02-14T21:22:12Z,-39.3,0.0,175.42,0.0,12.0,0.0,ML,,,,1.7,0.1,3
947732,1996-02-14T21:39:48Z,-41.29,0.0,175.31,0.0,29.0,1.0,ML,,,,2.4,0.1,10
911432,1996-02-14T23:01:32Z,-41.6,0.0,174.25,0.0,19.0,2.0,ML,,,,2.3,0.1,5
923418,1996-02-14T23:10:35Z,-40.38,0.0,176.19,0.0,25.0,5.0,ML,,,,2.7,0.2,5
923419,1996-02-14T23:43:35Z,-39.28,0.0,175.56,0.0,0.0,0.0,ML,,,,0.8,0.0,2
911434,1996-02-15T01:33:47Z,-41.76,0.0,173.68,0.0,42.0,3.0,ML,,,,2.6,0.2,7
911803,1996-02-15T03:09:40Z,-44.95,0.0,167.36,0.0,57.0,1.0,ML,,,,2.5,0.1,3
911435,1996-02-15T04:43:56Z,-38.03,0.0,176.18,0.0,152.0,8.0,ML,,,,3.7,0.2,13
922364,1996-02-15T05:51:49Z,-41.74,0.0,172.51,0.0,12.0,0.0,ML,,,,2.0,0.2,2
911436,1996-02-15T06:54:37Z,-38.61,0.0,175.21,0.1,280.0,2.0,ML,,,,3.7,0.2,8
922367,1996-02-15T07:26:52Z,-43.18,0.0,171.52,0.0,12.0,0.0,ML,,,,2.1,0.1,3
911807,1996-02-15T07:35:15Z,-39.54,0.0,175.66,0.0,25.0,1.0,ML,,,,1.9,0.2,4
925160,1996-02-15T07:56:06Z,-39.28,0.0,175.53,0.0,0.0,0.0,ML,,,,1.0,0.0,2
922368,1996-02-15T07:58:28Z,-41.71,0.0,172.49,0.0,5.0,0.0,ML,,,,2.6,0.4,5
923224,1996-02-15T08:40:49Z,-39.1,0.0,175.66,0.0,5.0,0.0,ML,,,,2.1,0.3,3
912250,1996-02-15T08:56:50Z,-37.53,0.1,179.78,0.0,12.0,0.0,ML,,,,3.4,0.2,3
922468,1996-02-15T12:33:34Z,-36.94,0.1,176.88,0.0,12.0,0.0,ML,,,,3.5,0.4,4
911438,1996-02-15T12:50:25Z,-40.45,0.0,174.23,0.0,80.0,3.0,ML,,,,2.7,0.3,8
911439,1996-02-15T13:21:37Z,-40.9,0.0,175.98,0.0,22.0,3.0,ML,,,,2.7,0.2,6
947733,1996-02-15T14:04:54Z,-41.48,0.0,174.19,0.0,52.0,1.0,ML,,,,2.4,0.2,4
911557,1996-02-15T14:33:58Z,-44.17,0.0,168.73,0.0,12.0,0.0,ML,,,,2.3,0.2,10
922369,1996-02-15T14:38:26Z,-43.27,0.0,171.0,0.0,12.0,0.0,ML,,,,2.4,0.4,3
922474,1996-02-15T16:27:29Z,-37.65,0.0,177.47,0.0,106.0,4.0,ML,,,,3.5,0.1,4
911442,1996-02-15T17:35:51Z,-40.91,0.0,175.52,0.0,21.0,2.0,ML,,,,3.1,0.2,14
911443,1996-02-15T17:44:24Z,-41.2,0.0,172.53,0.0,5.0,0.0,ML,,,,3.7,0.4,21
924663,1996-02-15T17:49:54Z,-39.28,0.0,175.56,0.0,0.0,0.0,ML,,,,0.3,nan,1
925162,1996-02-15T18:08:18Z,-39.28,0.0,175.56,0.0,0.0,0.0,ML,,,,0.5,0.1,2
922475,1996-02-15T18:22:54Z,-38.89,0.0,179.12,0.0,12.0,0.0,ML,,,,3.0,0.2,3
924910,1996-02-15T18:25:59Z,-39.28,0.0,175.56,0.0,0.0,0.0,ML,,,,0.1,nan,1
911559,1996-02-15T20:16:38Z,-45.43,0.0,167.35,0.0,100.0,5.0,ML,,,,2.2,0.2,5
911560,1996-02-15T20:24:52Z,-45.11,0.0,167.52,0.0,112.0,3.0,ML,,,,3.6,0.3,13
922374,1996-02-15T21:10:42Z,-42.99,0.0,171.85,0.0,5.0,0.0,ML,,,,2.5,0.2,4
947763,1996-02-15T21:13:12Z,-39.04,0.0,175.65,0.0,5.0,0.0,ML,,,,1.1,0.1,3
911814,1996-02-15T21:52:04Z,-39.04,0.0,175.66,0.0,5.0,0.0,ML,,,,1.1,0.1,3
911561,1996-02-15T22:24:40Z,-44.98,0.0,168.71,0.0,5.0,0.0,ML,,,,1.6,0.0,3
911562,1996-02-15T22:31:05Z,-44.34,0.0,168.27,0.0,12.0,0.0,ML,,,,1.9,0.2,4
924924,1996-02-15T22:43:08Z,-39.05,0.0,175.63,0.0,4.0,0.0,ML,,,,1.2,0.0,2
947764,1996-02-15T22:43:19Z,-39.04,0.0,175.66,0.0,5.0,0.0,ML,,,,1.1,0.1,3
947765,1996-02-15T22:43:27Z,-39.04,0.0,175.65,0.0,5.0,0.0,ML,,,,1.2,0.2,3
922768,1996-02-15T23:30:53Z,-39.07,0.0,175.65,0.0,5.0,0.0,ML,,,,1.2,0.3,2
911445,1996-02-16T00:16:55Z,-39.72,0.0,174.3,0.0,191.0,7.0,ML,,,,3.4,0.2,8
911447,1996-02-16T00:35:09Z,-39.81,0.0,175.38,0.0,12.0,0.0,ML,,,,2.7,0.2,11
925164,1996-02-16T01:11:15Z,-39.03,0.0,175.68,0.0,5.0,0.0,ML,,,,1.1,0.0,2
911448,1996-02-16T01:45:55Z,-40.74,0.0,174.51,0.0,12.0,0.0,ML,,,,1.9,0.1,6
948449,1996-02-16T03:46:37Z,-43.0,0.0,171.83,0.0,12.0,0.0,ML,,,,2.6,0.1,3
911449,1996-02-16T03:46:38Z,-41.39,0.0,174.78,0.0,28.0,1.0,ML,,,,1.9,0.2,6
949495,1996-02-16T03:48:39Z,-42.44,0.0,172.88,0.0,12.0,0.0,ML,,,,2.2,0.2,4
922383,1996-02-16T04:23:19Z,-39.04,0.0,175.65,0.0,5.0,0.0,ML,,,,1.0,0.1,3
923435,1996-02-16T04:29:28Z,-38.2,0.0,176.33,0.0,12.0,0.0,ML,,,,2.2,0.1,3
911450,1996-02-16T05:08:34Z,-38.11,0.0,176.19,0.0,155.0,5.0,ML,,,,3.8,0.1,12
911451,1996-02-16T07:52:22Z,-40.38,0.0,174.27,0.0,67.0,8.0,ML,,,,2.4,0.2,6
923358,1996-02-16T08:06:47Z,-39.28,0.0,175.56,0.0,0.0,0.0,ML,,,,0.3,0.0,2
911565,1996-02-16T08:23:37Z,-45.19,0.2,167.42,0.1,83.0,10.0,ML,,,,2.1,0.2,5
949337,1996-02-16T08:26:41Z,-45.26,0.0,166.76,0.0,12.0,0.0,ML,,,,2.6,0.2,5
923374,1996-02-16T10:21:54Z,-38.26,0.0,176.38,0.0,5.0,0.0,ML,,,,1.8,0.1,3
911566,1996-02-16T10:32:14Z,-44.59,0.0,168.12,0.0,83.0,3.0,ML,,,,2.8,0.3,7
911453,1996-02-16T11:02:03Z,-40.38,0.0,174.35,0.0,26.0,4.0,ML,,,,2.0,0.1,5
949338,1996-02-16T11:04:00Z,-39.56,0.0,175.67,0.0,12.0,0.0,ML,,,,1.7,0.1,3
922672,1996-02-16T11:17:01Z,-39.48,0.0,175.75,0.0,12.0,0.0,ML,,,,1.4,0.1,3
949391,1996-02-16T11:26:05Z,-45.45,0.0,166.73,0.0,12.0,0.0,ML,,,,2.4,0.4,3
911454,1996-02-16T11:28:28Z,-41.37,0.0,174.98,0.0,24.0,1.0,ML,,,,1.6,0.2,3
911455,1996-02-16T11:34:48Z,-38.91,0.0,175.47,0.0,119.0,3.0,ML,,,,3.8,0.3,11
911456,1996-02-16T11:44:47Z,-41.12,0.0,173.58,0.0,85.0,3.0,ML,,,,2.8,0.1,8
923384,1996-02-16T12:41:55Z,-40.48,0.0,173.75,0.0,93.0,5.0,ML,,,,2.3,nan,1
925167,1996-02-16T13:19:30Z,-39.28,0.0,175.56,0.0,0.0,0.0,ML,,,,0.2,0.0,2
923399,1996-02-16T15:10:21Z,-39.54,0.0,175.12,0.0,12.0,0.0,ML,,,,1.9,0.5,5
923405,1996-02-16T15:45:15Z,-36.76,0.1,177.0,0.0,320.0,19.0,ML,,,,3.8,0.3,8
925080,1996-02-16T16:47:56Z,-38.34,0.0,176.55,0.0,5.0,0.0,ML,,,,2.0,0.1,4
911823,1996-02-16T17:57:13Z,-36.66,0.1,177.74,0.2,33.0,0.0,ML,,,,3.6,0.4,3
922447,1996-02-16T18:04:32Z,-39.28,0.0,175.56,0.0,0.0,0.0,ML,,,,1.0,0.1,3
923440,1996-02-16T18:54:10Z,-39.31,0.0,175.56,0.0,0.0,0.0,ML,,,,1.0,0.1,4
911567,1996-02-16T18:59:38Z,-45.08,0.0,167.45,0.0,102.0,2.0,ML,,,,3.0,0.4,10
925171,1996-02-16T19:36:16Z,-39.09,0.0,175.66,0.0,5.0,0.0,ML,,,,0.8,0.3,3
924955,1996-02-16T20:52:10Z,-39.28,0.0,175.56,0.0,0.0,0.0,ML,,,,0.5,0.0,3
925173,1996-02-16T21:26:39Z,-39.54,0.0,175.24,0.1,12.0,0.0,ML,,,,1.6,0.2,3
922800,1996-02-16T22:00:54Z,-38.44,0.1,177.41,0.0,81.0,13.0,ML,,,,3.3,nan,1
924959,1996-02-16T22:18:51Z,-39.28,0.0,175.56,0.0,0.0,0.0,ML,,,,0.8,0.1,3
925174,1996-02-16T23:17:09Z,-39.28,0.0,175.56,0.0,0.0,0.0,ML,,,,0.5,0.0,2
911461,1996-02-16T23:34:54Z,-41.45,0.0,173.72,0.0,63.0,4.0,ML,,,,2.5,0.2,6
911462,1996-02-17T01:00:40Z,-38.48,0.0,175.87,0.0,165.0,1.0,ML,,,,3.7,0.3,7
911464,1996-02-17T03:47:22Z,-38.42,0.0,175.89,0.0,162.0,7.0,ML,,,,3.7,0.2,11
911830,1996-02-17T03:50:53Z,-45.28,0.0,167.0,0.1,12.0,0.0,ML,,,,2.9,0.1,4
911465,1996-02-17T04:06:01Z,-40.92,0.0,174.93,0.0,33.0,1.0,ML,,,,2.5,0.2,8
924822,1996-02-17T04:09:15Z,-39.96,0.0,176.66,0.0,29.0,1.0,ML,,,,2.6,0.2,5
911466,1996-02-17T04:25:29Z,-40.89,0.0,174.54,0.0,55.0,4.0,ML,,,,2.4,0.2,6
911467,1996-02-17T05:13:48Z,-41.28,0.0,172.55,0.0,206.0,3.0,ML,,,,3.1,0.2,5
922329,1996-02-17T06:30:14Z,-39.28,0.0,175.56,0.0,0.0,0.0,ML,,,,0.3,0.0,2
921834,1996-02-17T08:50:39Z,-39.23,0.0,176.4,0.0,65.0,3.0,ML,,,,3.5,nan,1
911471,1996-02-17T09:51:47Z,-41.15,0.0,174.72,0.0,58.0,1.0,ML,,,,2.9,0.2,7
925550,1996-02-17T10:23:24Z,-39.1,0.0,175.67,0.1,5.0,0.0,ML,,,,0.8,0.4,2
949757,1996-02-17T10:27:40Z,-41.32,0.0,173.19,0.0,90.0,4.0,ML,,,,4.1,0.2,12
911474,1996-02-17T11:22:27Z,-41.43,0.0,173.77,0.0,50.0,4.0,ML,,,,2.4,0.3,6
949758,1996-02-17T11:23:51Z,-39.1,0.0,175.66,0.1,5.0,0.0,ML,,,,1.8,0.8,4
925553,1996-02-17T11:43:55Z,-39.28,0.0,175.56,0.0,0.0,0.0,ML,,,,0.6,nan,1
927153,1996-02-17T12:03:59Z,-39.12,0.0,175.65,0.0,5.0,0.0,ML,,,,1.2,0.2,3
927154,1996-02-17T12:55:26Z,-39.28,0.0,175.56,0.0,0.0,0.0,ML,,,,0.5,0.1,2
927155,1996-02-17T13:16:32Z,-39.23,0.0,175.05,0.0,33.0,0.0,ML,,,,1.8,0.0,2
911568,1996-02-17T14:44:14Z,-45.03,0.0,169.22,0.0,10.0,0.0,ML,,,,1.4,0.0,3
911479,1996-02-17T15:58:27Z,-42.47,0.0,173.47,0.0,39.0,2.0,ML,,,,3.2,0.3,8
922583,1996-02-17T16:32:20Z,-41.62,0.0,172.3,0.0,5.0,0.0,ML,,,,1.9,0.1,3
911569,1996-02-17T16:33:23Z,-44.33,0.0,168.05,0.0,5.0,0.0,ML,,,,3.0,0.2,10
911570,1996-02-17T16:37:06Z,-44.37,0.0,168.1,0.0,5.0,0.0,ML,,,,3.2,0.2,11
924841,1996-02-17T17:03:08Z,-39.27,0.0,175.54,0.0,0.0,0.0,ML,,,,0.6,nan,1
911483,1996-02-17T18:59:27Z,-40.75,0.0,175.88,0.0,26.0,4.0,ML,,,,2.1,0.3,4
925082,1996-02-17T20:36:16Z,-38.29,0.0,176.36,0.0,5.0,0.0,ML,,,,1.9,0.0,3
912774,1996-02-17T20:40:40Z,-39.28,0.0,175.56,0.0,0.0,0.0,ML,,,,0.5,0.0,3
911837,1996-02-17T20:44:51Z,-45.11,0.0,167.23,0.0,33.0,0.0,ML,,,,1.9,nan,1
911492,1996-02-17T21:39:47Z,-40.79,0.0,174.6,0.0,74.0,3.0,ML,,,,3.3,0.3,11
911571,1996-02-17T22:14:32Z,-45.4,0.0,167.15,0.0,76.0,1.0,ML,,,,2.8,0.2,11
911838,1996-02-17T22:23:46Z,-45.22,0.0,166.72,0.1,12.0,0.0,ML,,,,3.0,0.2,4
911496,1996-02-17T23:31:25Z,-39.34,0.0,175.67,0.0,12.0,2.0,ML,,,,1.5,0.3,4
911572,1996-02-18T01:19:13Z,-45.26,0.0,166.78,0.0,12.0,0.0,ML,,,,3.9,0.2,5
924679,1996-02-18T02:47:57Z,-39.08,0.0,175.73,0.0,12.0,0.0,ML,,,,1.5,0.3,3
911503,1996-02-18T04:44:16Z,-39.12,0.0,174.64,0.0,19.0,2.0,ML,,,,3.1,0.2,20
911506,1996-02-18T05:22:19Z,-38.0,0.0,179.23,0.0,12.0,0.0,ML,,,,3.4,0.2,3
911517,1996-02-18T07:35:45Z,-38.71,0.0,175.5,0.0,182.0,1.0,ML,,,,3.4,nan,1
922411,1996-02-18T08:20:04Z,-42.69,0.0,172.9,0.0,33.0,0.0,ML,,,,2.4,0.3,5
911519,1996-02-18T08:53:18Z,-41.27,0.0,174.3,0.0,34.0,2.0,ML,,,,2.1,0.3,5
911520,1996-02-18T09:39:31Z,-38.07,0.0,176.89,0.0,92.0,2.0,ML,,,,4.4,0.2,12
911522,1996-02-18T10:36:07Z,-41.08,0.0,175.34,0.0,26.0,2.0,ML,,,,2.5,0.2,6
950417,1996-02-18T10:36:22Z,-43.02,0.0,171.88,0.0,5.0,0.0,ML,,,,2.7,0.2,4
950418,1996-02-18T10:37:35Z,-38.03,0.0,176.84,0.1,5.0,0.0,ML,,,,2.7,0.1,4
925083,1996-02-18T11:19:27Z,-38.07,0.0,176.76,0.0,5.0,0.0,ML,,,,1.7,0.2,4
911850,1996-02-18T12:17:25Z,-45.34,0.0,166.95,0.1,51.0,3.0,ML,,,,2.1,0.2,2
911851,1996-02-18T13:01:40Z,-46.7,0.0,166.15,0.1,33.0,0.0,ML,,,,2.5,0.4,3
922412,1996-02-18T13:29:15Z,-43.2,0.0,171.49,0.0,12.0,0.0,ML,,,,2.3,0.1,3
922492,1996-02-18T13:41:12Z,-37.35,0.0,179.2,0.0,12.0,0.0,ML,,,,2.9,0.4,3
950416,1996-02-18T14:07:26Z,-38.02,0.0,176.85,0.0,5.0,0.0,ML,,,,2.4,0.2,3
911525,1996-02-18T14:20:33Z,-40.95,0.0,175.49,0.0,28.0,1.0,ML,,,,2.2,0.1,4
925084,1996-02-18T14:24:15Z,-38.06,0.0,176.87,0.1,5.0,0.0,ML,,,,1.9,0.2,3
911526,1996-02-18T18:43:54Z,-41.14,0.0,174.02,0.0,54.0,1.0,ML,,,,2.5,0.2,5
911535,1996-02-18T21:13:22Z,-41.82,0.0,173.92,0.0,27.0,2.0,ML,,,,2.6,0.2,7
922414,1996-02-18T21:53:57Z,-42.93,0.0,171.91,0.0,5.0,0.0,ML,,,,2.4,0.1,4
911539,1996-02-19T00:56:09Z,-41.13,0.0,174.83,0.0,25.0,1.0,ML,,,,1.9,0.3,5
911540,1996-02-19T01:04:49Z,-40.45,0.0,173.34,0.0,150.0,3.0,ML,,,,4.0,0.3,11
911859,1996-02-19T01:10:09Z,-43.05,0.0,171.39,0.0,12.0,0.0,ML,,,,2.9,0.5,2
911865,1996-02-19T04:15:49Z,-45.16,0.0,166.86,0.1,12.0,0.0,ML,,,,2.7,0.1,3
911541,1996-02-19T04:40:42Z,-40.61,0.0,175.88,0.0,49.0,2.0,ML,,,,2.9,0.2,5
911544,1996-02-19T06:01:25Z,-37.37,0.0,179.38,0.0,12.0,0.0,ML,,,,3.4,0.4,3
911545,1996-02-19T07:36:12Z,-41.35,0.0,172.59,0.0,195.0,3.0,ML,,,,3.9,0.2,11
922499,1996-02-19T08:55:44Z,-38.01,0.0,178.61,0.0,12.0,0.0,ML,,,,3.3,0.4,3
911546,1996-02-19T09:22:12Z,-37.16,0.0,176.77,0.0,224.0,5.0,ML,,,,4.3,0.3,12
927165,1996-02-19T10:17:02Z,-39.28,0.0,175.56,0.0,0.0,0.0,ML,,,,0.8,0.1,2
922418,1996-02-19T11:10:48Z,-42.06,0.0,172.88,0.0,82.0,3.0,ML,,,,2.8,nan,1
921840,1996-02-19T11:43:28Z,-40.68,0.0,176.26,0.0,43.0,3.0,ML,,,,3.1,0.2,3
911873,1996-02-19T16:28:18Z,-45.07,0.0,167.22,0.1,22.0,6.0,ML,,,,2.3,0.1,3
921838,1996-02-19T18:11:11Z,-39.68,0.0,174.3,0.1,164.0,7.0,ML,,,,3.7,0.3,10
923471,1996-02-19T19:05:21Z,-39.28,0.0,175.56,0.0,0.0,0.0,ML,,,,0.5,0.0,2
922022,1996-02-19T20:08:44Z,-37.55,0.1,177.89,0.1,66.0,10.0,ML,,,,2.7,0.2,3
922023,1996-02-19T20:11:47Z,-37.54,0.0,175.63,0.0,5.0,0.0,ML,,,,4.1,0.3,5
922028,1996-02-19T22:02:14Z,-39.36,0.0,177.84,0.1,33.0,0.0,ML,,,,3.2,0.3,4
925891,1996-02-19T22:37:05Z,-39.28,0.0,175.56,0.0,0.0,0.0,ML,,,,0.5,0.1,2
921839,1996-02-19T22:38:39Z,-40.66,0.0,174.92,0.0,11.0,2.0,ML,,,,3.0,0.3,15
927169,1996-02-19T22:42:28Z,-39.16,0.0,175.06,0.0,27.0,7.0,ML,,,,2.1,0.1,5
957921,1996-02-19T23:30:24Z,-39.66,0.0,175.85,0.0,26.0,4.0,ML,,,,2.2,0.1,4
911574,1996-02-20T00:49:51Z,-39.73,0.0,174.52,0.0,112.0,3.0,ML,,,,4.3,0.4,4
911885,1996-02-20T01:05:46Z,-38.54,0.0,176.13,0.1,213.0,4.0,ML,,,,3.8,0.3,2
925896,1996-02-20T02:05:49Z,-39.28,0.0,175.56,0.0,0.0,0.0,ML,,,,0.4,0.1,2
927182,1996-02-20T02:39:01Z,-39.28,0.0,175.56,0.0,0.0,0.0,ML,,,,0.6,0.0,2
921845,1996-02-20T03:32:58Z,-40.64,0.0,174.95,0.0,12.0,0.0,ML,,,,2.2,0.2,7
911889,1996-02-20T04:27:17Z,-39.09,0.1,175.65,0.1,5.0,0.0,ML,,,,0.9,0.5,2
927183,1996-02-20T04:29:20Z,-45.15,0.0,166.8,0.1,12.0,0.0,ML,,,,2.5,0.1,2
927184,1996-02-20T04:30:42Z,-39.28,0.0,175.56,0.0,0.0,0.0,ML,,,,0.6,0.0,2
925904,1996-02-20T04:32:54Z,-43.3,0.0,170.91,0.0,5.0,0.0,ML,,,,2.5,0.4,3
925906,1996-02-20T04:53:40Z,-43.03,0.0,171.36,0.0,5.0,0.0,ML,,,,2.4,0.6,2
922514,1996-02-20T06:22:24Z,-39.28,0.0,175.56,0.0,0.0,0.0,ML,,,,0.5,0.0,2
925195,1996-02-20T07:50:08Z,-39.3,0.0,173.78,0.1,22.0,7.0,ML,,,,1.8,0.0,2
921849,1996-02-20T10:01:53Z,-40.82,0.0,174.69,0.0,51.0,1.0,ML,,,,2.0,0.1,3
921994,1996-02-20T10:11:50Z,-44.97,0.0,169.31,0.0,8.0,2.0,ML,,,,1.4,0.1,5
925199,1996-02-20T10:26:40Z,-39.15,0.0,173.78,0.0,32.0,1.0,ML,,,,2.0,0.1,2
921852,1996-02-20T11:14:46Z,-45.14,0.1,167.51,0.1,114.0,7.0,ML,,,,2.9,0.2,3
921856,1996-02-20T11:22:53Z,-40.75,0.1,175.65,0.1,44.0,3.0,ML,,,,2.5,0.2,3
927187,1996-02-20T12:09:48Z,-39.28,0.0,175.56,0.0,0.0,0.0,ML,,,,0.8,0.1,3
921857,1996-02-20T12:16:13Z,-41.27,0.0,175.32,0.0,28.0,2.0,ML,,,,2.3,0.2,4
922056,1996-02-20T13:43:32Z,-37.95,0.0,176.7,0.0,116.0,2.0,ML,,,,4.0,0.2,6
922758,1996-02-20T16:40:38Z,-42.96,0.0,171.83,0.0,5.0,0.0,ML,,,,2.9,0.3,6
922759,1996-02-20T17:07:56Z,-42.98,0.0,171.45,0.0,5.0,0.0,ML,,,,2.8,0.1,5
926897,1996-02-20T18:10:04Z,-43.01,0.0,171.47,0.0,12.0,0.0,ML,,,,2.5,0.1,3
925985,1996-02-20T18:17:52Z,-39.28,0.0,175.56,0.0,0.0,0.0,ML,,,,0.8,0.1,3
922063,1996-02-20T18:33:49Z,-43.12,0.0,171.43,0.0,5.0,0.0,ML,,,,2.5,0.3,4
921863,1996-02-20T19:25:43Z,-41.65,0.0,173.36,0.0,77.0,3.0,ML,,,,2.6,0.2,3
921867,1996-02-20T22:16:09Z,-40.92,0.0,174.77,0.0,66.0,1.0,ML,,,,2.0,0.2,6
921869,1996-02-21T00:38:30Z,-40.66,0.0,174.93,0.0,14.0,3.0,ML,,,,2.4,0.2,7
926899,1996-02-21T01:34:44Z,-39.28,0.0,175.56,0.0,0.0,0.0,ML,,,,0.5,nan,1
921870,1996-02-21T02:28:22Z,-39.46,0.0,174.94,0.0,29.0,2.0,ML,,,,2.7,0.3,11
922527,1996-02-21T02:31:59Z,-37.96,0.0,178.03,0.1,33.0,0.0,ML,,,,2.5,0.3,3
927192,1996-02-21T05:38:21Z,-39.28,0.0,175.56,0.0,0.0,0.0,ML,,,,0.4,nan,1
926063,1996-02-21T05:46:12Z,-39.28,0.0,175.56,0.0,0.0,0.0,ML,,,,0.6,nan,1
921995,1996-02-21T07:22:41Z,-45.03,0.0,167.53,0.0,124.0,3.0,ML,,,,2.7,0.2,13
921873,1996-02-21T07:32:27Z,-40.28,0.1,174.14,0.0,111.0,7.0,ML,,,,2.8,0.2,6
926900,1996-02-21T08:44:05Z,-42.95,0.0,171.41,0.0,5.0,0.0,ML,,,,2.5,0.3,3
922085,1996-02-21T10:55:48Z,-37.73,0.1,179.41,0.1,12.0,0.0,ML,,,,3.1,0.1,3
921997,1996-02-21T11:38:45Z,-45.73,0.0,167.03,0.0,100.0,1.0,ML,,,,3.0,0.2,10
926901,1996-02-21T12:04:40Z,-41.78,0.0,173.28,0.1,49.0,3.0,ML,,,,1.8,nan,1
921874,1996-02-21T12:18:11Z,-40.5,0.0,174.02,0.0,102.0,1.0,ML,,,,2.4,0.2,6
921998,1996-02-21T12:41:33Z,-45.01,0.0,169.34,0.0,5.0,0.0,ML,,,,0.5,0.1,3
922087,1996-02-21T14:38:23Z,-40.05,0.0,-179.88,0.1,12.0,0.0,ML,,,,3.5,0.3,3
926129,1996-02-21T15:42:30Z,-43.2,0.0,172.2,0.0,12.0,0.0,ML,,,,2.6,0.1,3
926132,1996-02-21T16:11:58Z,-43.01,0.0,171.87,0.0,5.0,0.0,ML,,,,3.0,0.3,6
926135,1996-02-21T16:33:49Z,-43.16,0.0,171.5,0.0,5.0,0.0,ML,,,,2.5,0.1,4
926140,1996-02-21T17:17:10Z,-39.94,0.0,176.51,0.1,19.0,5.0,ML,,,,2.4,0.2,4
926142,1996-02-21T17:25:34Z,-39.46,0.0,175.63,0.1,24.0,4.0,ML,,,,1.7,0.2,4
926153,1996-02-21T18:15:58Z,-39.28,0.0,175.56,0.0,0.0,0.0,ML,,,,0.3,nan,1
921999,1996-02-21T20:03:51Z,-44.94,0.0,167.5,0.0,77.0,2.0,ML,,,,3.8,0.2,5
926167,1996-02-21T20:27:11Z,-40.53,0.0,176.06,0.0,39.0,2.0,ML,,,,2.6,0.4,3
926175,1996-02-21T21:14:08Z,-39.41,0.0,175.75,0.0,12.0,0.0,ML,,,,1.9,0.1,4
950424,1996-02-21T21:14:23Z,-39.41,0.0,175.77,0.0,12.0,0.0,ML,,,,1.7,0.1,4
950425,1996-02-21T21:14:42Z,-39.42,0.0,175.75,0.0,13.0,3.0,ML,,,,1.7,0.1,4
922095,1996-02-21T21:15:12Z,-39.41,0.0,175.78,0.0,12.0,0.0,ML,,,,1.5,0.1,4
927196,1996-02-21T21:16:27Z,-39.42,0.0,175.75,0.0,12.0,0.0,ML,,,,2.0,0.1,4
921878,1996-02-21T21:37:04Z,-41.57,0.0,175.38,0.0,12.0,0.0,ML,,,,2.0,0.2,6
921879,1996-02-21T21:56:06Z,-40.02,0.0,175.18,0.0,27.0,2.0,ML,,,,2.4,0.2,11
921880,1996-02-21T22:26:45Z,-45.08,0.0,167.4,0.0,87.0,3.0,ML,,,,2.9,0.3,4
922000,1996-02-21T22:51:10Z,-45.16,0.0,167.44,0.0,117.0,2.0,ML,,,,2.9,0.3,12
926191,1996-02-21T23:35:58Z,-39.28,0.0,175.56,0.0,0.0,0.0,ML,,,,0.3,nan,1
921881,1996-02-21T23:47:03Z,-41.62,0.0,175.43,0.0,12.0,0.0,ML,,,,2.5,0.2,7
922001,1996-02-22T00:29:49Z,-44.29,0.0,168.53,0.0,5.0,0.0,ML,,,,2.4,0.2,9
921882,1996-02-22T01:45:35Z,-40.12,0.0,174.33,0.0,12.0,3.0,ML,,,,2.9,0.3,14
922104,1996-02-22T02:48:03Z,-37.98,0.0,179.25,0.0,12.0,0.0,ML,,,,3.3,0.3,3
925097,1996-02-22T03:33:15Z,-38.08,0.0,176.75,0.0,5.0,0.0,ML,,,,1.9,0.3,4
950428,1996-02-22T03:35:22Z,-39.28,0.0,175.56,0.0,0.0,0.0,ML,,,,0.2,nan,1
921883,1996-02-22T04:01:23Z,-41.73,0.0,174.3,0.1,52.0,8.0,ML,,,,2.5,0.2,4
922106,1996-02-22T04:28:18Z,-38.94,0.0,177.48,0.0,12.0,0.0,ML,,,,3.1,0.3,11
922108,1996-02-22T04:35:58Z,-38.86,0.0,177.66,0.0,55.0,5.0,ML,,,,3.8,0.3,6
921884,1996-02-22T05:04:42Z,-41.22,0.0,175.19,0.0,32.0,0.0,ML,,,,2.5,0.3,6
921885,1996-02-22T05:22:13Z,-38.85,0.0,177.64,0.0,44.0,6.0,ML,,,,3.7,0.4,7
921886,1996-02-22T05:39:37Z,-41.26,0.0,172.59,0.0,209.0,5.0,ML,,,,3.5,0.2,8
921887,1996-02-22T07:09:19Z,-36.84,0.0,176.92,0.0,224.0,3.0,ML,,,,3.8,0.2,9
926261,1996-02-22T08:30:07Z,-45.02,0.0,167.28,0.0,41.0,3.0,ML,,,,2.5,0.1,3
926909,1996-02-22T09:50:55Z,-41.52,0.0,172.71,0.0,5.0,0.0,ML,,,,2.3,0.1,4
950429,1996-02-22T09:54:31Z,-40.87,0.0,174.73,0.0,17.0,0.0,ML,,,,1.8,0.2,4
921888,1996-02-22T09:54:35Z,-38.85,0.1,176.61,0.1,124.0,5.0,ML,,,,3.0,nan,1
926304,1996-02-22T12:25:07Z,-45.3,0.0,167.27,0.1,70.0,8.0,ML,,,,2.1,0.1,3
922002,1996-02-22T12:30:56Z,-44.27,0.0,168.52,0.0,5.0,0.0,ML,,,,3.1,0.3,12
927198,1996-02-22T12:34:53Z,-39.09,0.0,175.65,0.0,5.0,0.0,ML,,,,1.9,0.2,4
922003,1996-02-22T12:42:03Z,-44.28,0.0,168.51,0.0,5.0,0.0,ML,,,,2.6,0.4,8
921891,1996-02-22T13:30:45Z,-41.01,0.0,176.03,0.0,5.0,0.0,ML,,,,3.2,0.2,7
925100,1996-02-22T14:14:59Z,-39.1,0.0,175.62,0.0,5.0,0.0,ML,,,,2.3,0.2,4
926324,1996-02-22T15:10:23Z,-42.34,0.0,173.67,0.0,53.0,2.0,ML,,,,3.0,0.3,8
926797,1996-02-22T15:49:42Z,-39.1,0.0,175.63,0.0,5.0,0.0,ML,,,,2.8,0.3,10
926330,1996-02-22T16:02:33Z,-39.1,0.0,175.64,0.0,5.0,0.0,ML,,,,1.1,nan,1
922004,1996-02-22T16:46:04Z,-45.19,0.0,167.26,0.0,89.0,1.0,ML,,,,2.6,0.2,7
922119,1996-02-22T16:58:39Z,-37.49,0.0,179.38,0.0,12.0,0.0,ML,,,,3.1,0.3,3
921895,1996-02-22T18:25:54Z,-39.49,0.0,175.59,0.0,15.0,2.0,ML,,,,2.6,0.2,10
921896,1996-02-22T18:27:01Z,-39.49,0.0,175.63,0.0,25.0,3.0,ML,,,,2.4,0.2,7
927201,1996-02-22T18:27:53Z,-39.09,0.0,175.66,0.0,5.0,0.0,ML,,,,1.2,0.2,3
922122,1996-02-22T18:34:31Z,-37.38,0.1,177.31,0.0,12.0,0.0,ML,,,,3.4,0.2,4
921897,1996-02-22T18:48:21Z,-37.68,0.1,179.35,0.1,12.0,0.0,ML,,,,3.0,0.3,2
921909,1996-02-22T19:18:02Z,-43.01,0.0,171.88,0.0,5.0,0.0,ML,,,,2.7,0.1,5
921911,1996-02-22T20:27:23Z,-40.37,0.0,174.59,0.0,49.0,3.0,ML,,,,2.4,0.0,3
922005,1996-02-22T21:26:34Z,-46.2,0.0,166.06,0.1,5.0,0.0,ML,,,,3.5,0.2,11
926367,1996-02-22T22:05:47Z,-39.91,0.0,174.87,0.0,103.0,3.0,ML,,,,2.6,nan,1
926798,1996-02-22T22:09:02Z,-39.34,0.0,174.99,0.0,22.0,6.0,ML,,,,2.5,0.2,7
922126,1996-02-22T22:41:43Z,-36.03,0.0,179.13,0.1,12.0,0.0,ML,,,,3.7,0.5,4
922127,1996-02-22T23:50:27Z,-36.91,0.1,177.65,0.1,12.0,0.0,ML,,,,3.1,0.2,3
921915,1996-02-23T00:13:21Z,-41.88,0.0,174.33,0.0,5.0,0.0,ML,,,,2.5,0.2,7
922006,1996-02-23T00:28:33Z,-45.95,0.0,166.95,0.0,93.0,2.0,ML,,,,3.4,0.2,15
926389,1996-02-23T01:20:00Z,-39.28,0.0,175.56,0.0,0.0,0.0,ML,,,,0.3,nan,1
922128,1996-02-23T01:34:06Z,-39.28,0.0,175.56,0.0,0.0,0.0,ML,,,,0.6,nan,1
922132,1996-02-23T02:26:09Z,-39.28,0.0,175.56,0.0,0.0,0.0,ML,,,,0.8,nan,1
927028,1996-02-23T03:21:41Z,-43.11,0.0,171.4,0.0,12.0,0.0,ML,,,,2.1,0.1,3
926913,1996-02-23T03:30:39Z,-43.16,0.0,171.44,0.0,5.0,0.0,ML,,,,2.6,0.2,5
931147,1996-02-23T06:14:33Z,-39.28,0.0,175.56,0.0,0.0,0.0,ML,,,,0.7,nan,1
926457,1996-02-23T07:34:54Z,-39.28,0.0,175.56,0.0,0.0,0.0,ML,,,,0.5,nan,1
922007,1996-02-23T09:34:01Z,-44.95,0.0,167.48,0.0,62.0,2.0,ML,,,,3.0,0.1,15
922008,1996-02-23T09:46:11Z,-44.62,0.0,168.18,0.0,84.0,6.0,ML,,,,2.6,0.2,13
921923,1996-02-23T10:06:05Z,-41.3,0.0,174.26,0.0,36.0,2.0,ML,,,,2.1,0.2,7
922009,1996-02-23T10:20:39Z,-44.36,0.0,168.08,0.0,5.0,0.0,ML,,,,2.5,0.2,12
921924,1996-02-23T10:49:00Z,-40.47,0.0,174.46,0.0,41.0,4.0,ML,,,,2.2,0.1,6
921925,1996-02-23T11:11:04Z,-38.05,0.0,176.52,0.0,5.0,0.0,ML,,,,2.4,0.2,6
921928,1996-02-23T11:27:26Z,-40.43,0.0,174.15,0.0,85.0,1.0,ML,,,,2.8,0.5,7
926487,1996-02-23T11:34:26Z,-43.18,0.0,171.54,0.0,12.0,0.0,ML,,,,2.2,0.2,3
921929,1996-02-23T12:11:22Z,-41.3,0.0,175.34,0.0,29.0,2.0,ML,,,,2.1,0.0,4
922141,1996-02-23T12:34:52Z,-37.71,0.2,175.9,0.2,196.0,12.0,ML,,,,3.4,0.3,4
921930,1996-02-23T13:29:49Z,-40.58,0.0,176.46,0.0,39.0,3.0,ML,,,,2.9,0.1,1
952643,1996-02-23T13:29:54Z,-40.62,0.0,176.42,0.1,35.0,2.0,ML,,,,3.0,0.2,3
931166,1996-02-23T14:05:02Z,-39.28,0.0,175.56,0.0,0.0,0.0,ML,,,,0.4,nan,1
921931,1996-02-23T14:43:08Z,-41.09,0.0,175.04,0.0,31.0,1.0,ML,,,,2.3,0.2,6
921935,1996-02-23T16:01:12Z,-42.06,0.0,173.13,0.0,12.0,0.0,ML,,,,3.3,0.1,14
952644,1996-02-23T16:03:31Z,-39.12,0.0,174.44,0.0,12.0,0.0,ML,,,,2.1,0.3,5
922149,1996-02-23T19:34:34Z,-35.54,0.0,179.32,0.1,12.0,0.0,ML,,,,4.1,0.4,5
921936,1996-02-23T19:48:16Z,-41.98,0.0,174.58,0.0,12.0,0.0,ML,,,,2.2,nan,1
952645,1996-02-23T20:52:31Z,-39.31,0.0,174.04,0.0,8.0,0.0,ML,,,,0.8,0.3,3
926921,1996-02-23T22:34:15Z,-42.94,0.0,171.82,0.0,5.0,0.0,ML,,,,3.0,0.2,5
921938,1996-02-23T23:33:17Z,-41.93,0.0,174.01,0.0,24.0,1.0,ML,,,,2.8,0.1,11
921939,1996-02-24T00:08:08Z,-41.69,0.0,174.55,0.0,27.0,1.0,ML,,,,2.7,0.2,7
927031,1996-02-24T00:34:22Z,-39.18,0.1,174.97,0.0,12.0,0.0,ML,,,,1.8,0.1,4
931186,1996-02-24T01:01:00Z,-39.28,0.0,175.56,0.0,0.0,0.0,ML,,,,0.6,0.1,3
922010,1996-02-24T01:47:44Z,-45.02,0.0,167.52,0.0,78.0,1.0,ML,,,,2.6,0.2,7
924706,1996-02-24T02:12:25Z,-39.28,0.0,175.56,0.0,0.0,0.0,ML,,,,0.2,nan,1
931187,1996-02-24T02:41:54Z,-38.99,0.0,175.64,0.0,5.0,0.0,ML,,,,1.2,0.0,4
926925,1996-02-24T03:07:11Z,-38.98,0.0,175.64,0.0,9.0,1.0,ML,,,,1.7,0.1,6
926926,1996-02-24T03:14:31Z,-38.97,0.0,175.66,0.0,12.0,0.0,ML,,,,1.2,0.1,3
922158,1996-02-24T03:16:03Z,-37.37,0.1,177.29,0.1,12.0,0.0,ML,,,,3.0,0.2,4
952647,1996-02-24T03:19:05Z,-40.32,0.2,173.88,0.2,207.0,12.0,ML,,,,2.7,0.0,2
921940,1996-02-24T03:21:36Z,-38.97,0.0,175.65,0.0,9.0,1.0,ML,,,,1.9,0.1,5
931189,1996-02-24T03:35:54Z,-39.28,0.0,175.56,0.0,0.0,0.0,ML,,,,0.4,nan,1
931190,1996-02-24T03:40:36Z,-38.98,0.0,175.64,0.0,9.0,1.0,ML,,,,2.2,0.1,6
952651,1996-02-24T03:45:08Z,-40.22,0.1,173.62,0.1,171.0,9.0,ML,,,,3.0,0.3,7
921941,1996-02-24T03:45:18Z,-40.13,0.0,174.94,0.0,23.0,1.0,ML,,,,2.4,0.2,8
931191,1996-02-24T03:49:29Z,-38.99,0.0,175.66,0.0,5.0,0.0,ML,,,,1.2,0.1,4
952648,1996-02-24T03:50:20Z,-39.0,0.0,175.61,0.0,9.0,1.0,ML,,,,1.0,0.1,4
931192,1996-02-24T03:51:19Z,-38.98,0.0,175.67,0.0,5.0,0.0,ML,,,,1.0,0.0,2
931193,1996-02-24T03:51:55Z,-38.98,0.0,175.66,0.0,5.0,0.0,ML,,,,1.5,0.1,4
952649,1996-02-24T03:52:23Z,-38.99,0.0,175.65,0.0,5.0,0.0,ML,,,,1.3,0.1,4
931194,1996-02-24T03:52:45Z,-38.98,0.0,175.67,0.0,5.0,0.0,ML,,,,1.2,0.1,4
931195,1996-02-24T03:55:30Z,-38.98,0.0,175.66,0.0,5.0,0.0,ML,,,,1.3,0.0,3
927078,1996-02-24T04:29:05Z,-38.98,0.0,175.66,0.0,5.0,0.0,ML,,,,1.8,0.0,4
927079,1996-02-24T04:33:37Z,-38.98,0.0,175.66,0.0,5.0,0.0,ML,,,,1.4,0.0,4
931196,1996-02-24T04:38:49Z,-39.28,0.0,175.56,0.0,0.0,0.0,ML,,,,0.7,0.0,3
922163,1996-02-24T04:40:20Z,-38.98,0.0,175.66,0.0,5.0,0.0,ML,,,,1.0,0.1,3
926837,1996-02-24T04:47:52Z,-39.28,0.0,175.56,0.0,0.0,0.0,ML,,,,0.7,0.0,3
921942,1996-02-24T05:04:56Z,-39.28,0.0,175.56,0.0,0.0,0.0,ML,,,,0.9,0.0,2
952650,1996-02-24T05:07:54Z,-40.28,0.0,174.19,0.0,105.0,3.0,ML,,,,2.9,0.2,7
922164,1996-02-24T05:28:19Z,-39.5,0.0,177.31,0.0,33.0,0.0,ML,,,,3.0,0.3,10
926938,1996-02-24T08:47:50Z,-42.08,0.0,173.89,0.0,12.0,0.0,ML,,,,2.5,0.2,3
922171,1996-02-24T09:38:51Z,-37.74,0.0,178.32,0.0,55.0,3.0,ML,,,,3.4,0.2,5
921945,1996-02-24T09:46:17Z,-40.62,0.0,176.07,0.0,30.0,1.0,ML,,,,2.4,0.1,7
921946,1996-02-24T09:52:49Z,-40.57,0.0,173.39,0.0,186.0,5.0,ML,,,,3.2,0.1,8
922173,1996-02-24T10:34:48Z,-38.18,0.0,179.16,0.0,17.0,1.0,ML,,,,3.0,0.3,4
922012,1996-02-24T11:41:00Z,-44.38,0.0,167.87,0.0,5.0,0.0,ML,,,,2.4,0.2,6
931207,1996-02-24T12:02:56Z,-39.27,0.1,175.52,0.1,0.0,0.0,ML,,,,1.1,0.1,3
926809,1996-02-24T13:21:03Z,-39.28,0.0,175.56,0.0,0.0,0.0,ML,,,,0.7,0.0,3
931210,1996-02-24T13:25:11Z,-39.28,0.0,175.56,0.0,0.0,0.0,ML,,,,0.7,0.0,3
931212,1996-02-24T13:37:32Z,-39.28,0.0,175.56,0.0,0.0,0.0,ML,,,,0.6,0.3,2
931213,1996-02-24T13:42:59Z,-39.28,0.0,175.56,0.0,0.0,0.0,ML,,,,1.2,0.1,3
921948,1996-02-24T13:47:29Z,-41.35,0.0,172.73,0.0,110.0,2.0,ML,,,,2.3,0.1,2
931214,1996-02-24T13:55:19Z,-38.81,0.0,175.88,0.0,12.0,0.0,ML,,,,1.7,0.0,5
922177,1996-02-24T14:28:58Z,-37.28,0.1,176.56,0.1,241.0,6.0,ML,,,,3.5,0.3,5
922179,1996-02-24T15:25:07Z,-39.28,0.0,175.56,0.0,0.0,0.0,ML,,,,0.9,0.1,3
921949,1996-02-24T15:35:13Z,-38.31,0.1,175.5,0.1,162.0,13.0,ML,,,,3.2,0.1,7
952653,1996-02-24T16:04:07Z,-39.21,0.1,174.74,0.0,33.0,0.0,ML,,,,2.0,0.0,3
926842,1996-02-24T16:22:55Z,-45.79,0.0,166.49,0.1,12.0,0.0,ML,,,,2.2,0.0,2
924737,1996-02-24T16:40:06Z,-38.35,0.0,176.42,0.0,5.0,0.0,ML,,,,1.9,0.1,4
921953,1996-02-24T16:41:30Z,-39.88,0.0,176.86,0.0,28.0,3.0,ML,,,,3.0,0.3,10
922181,1996-02-24T16:57:59Z,-37.73,0.1,179.37,0.1,12.0,0.0,ML,,,,3.1,0.4,3
926939,1996-02-24T17:27:22Z,-43.0,0.0,171.85,0.0,5.0,0.0,ML,,,,2.1,0.1,4
931215,1996-02-24T18:38:38Z,-39.28,0.0,175.56,0.0,0.0,0.0,ML,,,,1.0,0.1,3
931216,1996-02-24T19:27:30Z,-38.1,0.0,176.72,0.0,12.0,2.0,ML,,,,2.1,0.1,4
926940,1996-02-24T19:56:39Z,-42.12,0.0,172.81,0.0,54.0,2.0,ML,,,,2.2,nan,1
952655,1996-02-24T19:57:03Z,-42.13,0.0,172.81,0.0,53.0,2.0,ML,,,,2.2,nan,1
952656,1996-02-24T19:57:27Z,-42.14,0.0,172.8,0.0,33.0,0.0,ML,,,,1.7,0.2,3
931217,1996-02-24T20:08:10Z,-39.33,0.0,174.85,0.0,33.0,0.0,ML,,,,1.9,0.3,4
931218,1996-02-24T20:21:03Z,-39.28,0.0,175.56,0.0,0.0,0.0,ML,,,,0.3,0.0,2
922193,1996-02-24T20:54:45Z,-39.33,0.0,177.84,0.0,33.0,0.0,ML,,,,3.0,0.2,7
952657,1996-02-24T20:55:56Z,-39.28,0.0,175.56,0.0,0.0,0.0,ML,,,,0.9,nan,1
924743,1996-02-24T21:04:51Z,-39.28,0.0,175.56,0.0,0.0,0.0,ML,,,,0.9,0.1,3
922195,1996-02-24T21:27:11Z,-38.93,0.0,177.52,0.0,12.0,0.0,ML,,,,2.9,0.3,10
922198,1996-02-24T22:03:17Z,-39.29,0.0,177.83,0.0,89.0,7.0,ML,,,,3.0,0.3,3
922199,1996-02-24T22:36:29Z,-44.72,0.0,167.56,0.0,5.0,0.0,ML,,,,2.5,0.5,3
922201,1996-02-24T23:03:25Z,-38.84,0.0,177.65,0.0,66.0,6.0,ML,,,,3.3,0.4,3
921954,1996-02-24T23:21:16Z,-41.17,0.0,175.15,0.1,35.0,4.0,ML,,,,1.3,0.2,3
931220,1996-02-24T23:49:38Z,-39.52,0.0,175.7,0.0,21.0,4.0,ML,,,,1.9,0.1,4
921955,1996-02-25T00:08:50Z,-41.62,0.0,174.47,0.0,19.0,4.0,ML,,,,1.8,0.1,3
927102,1996-02-25T01:16:12Z,-39.14,0.0,175.17,0.0,12.0,0.0,ML,,,,1.5,0.1,3
921956,1996-02-25T01:27:15Z,-40.68,0.0,175.08,0.0,5.0,0.0,ML,,,,1.4,0.2,4
926848,1996-02-25T01:50:28Z,-39.28,0.0,175.56,0.0,0.0,0.0,ML,,,,0.8,0.1,3
927107,1996-02-25T01:59:09Z,-40.43,0.0,176.73,0.1,33.0,0.0,ML,,,,2.7,0.1,5
922013,1996-02-25T02:22:05Z,-45.36,0.1,167.32,0.0,76.0,2.0,ML,,,,2.4,0.2,4
931221,1996-02-25T02:50:13Z,-39.28,0.0,175.56,0.0,0.0,0.0,ML,,,,0.9,0.1,3
931225,1996-02-25T04:25:45Z,-39.28,0.0,175.56,0.0,0.0,0.0,ML,,,,0.9,0.1,3
931227,1996-02-25T04:46:18Z,-39.28,0.0,175.56,0.0,0.0,0.0,ML,,,,0.9,0.1,3
931228,1996-02-25T04:57:14Z,-38.2,0.1,174.39,0.1,12.0,0.0,ML,,,,2.6,0.2,6
922014,1996-02-25T05:15:22Z,-46.04,0.0,170.4,0.0,12.0,0.0,ML,,,,2.7,0.3,11
926943,1996-02-25T05:24:57Z,-43.19,0.0,171.54,0.0,12.0,0.0,ML,,,,2.5,0.2,5
931229,1996-02-25T06:44:36Z,-39.53,0.0,175.67,0.0,19.0,1.0,ML,,,,1.5,0.1,4
922216,1996-02-25T07:46:51Z,-39.34,0.0,176.57,0.0,61.0,5.0,ML,,,,3.2,0.4,2
931231,1996-02-25T07:53:03Z,-39.28,0.0,175.56,0.0,0.0,0.0,ML,,,,0.8,0.1,3
931232,1996-02-25T08:04:37Z,-39.28,0.0,175.56,0.0,0.0,0.0,ML,,,,0.6,0.0,3
931234,1996-02-25T08:54:57Z,-39.28,0.0,175.56,0.0,0.0,0.0,ML,,,,1.1,0.1,2
953176,1996-02-25T09:05:16Z,-39.28,0.0,175.56,0.0,0.0,0.0,ML,,,,0.5,0.0,2
922220,1996-02-25T09:17:19Z,-38.31,0.2,176.66,0.2,73.0,11.0,ML,,,,3.2,nan,1
922221,1996-02-25T09:21:34Z,-37.6,0.0,178.25,0.0,12.0,0.0,ML,,,,3.4,0.4,4
931235,1996-02-25T09:41:09Z,-39.28,0.0,175.56,0.0,0.0,0.0,ML,,,,1.0,0.2,3
931237,1996-02-25T09:48:09Z,-39.24,0.0,175.21,0.0,33.0,0.0,ML,,,,1.2,0.0,3
921959,1996-02-25T10:00:19Z,-41.63,0.0,173.88,0.0,10.0,1.0,ML,,,,2.1,0.3,4
931241,1996-02-25T11:28:00Z,-39.28,0.0,175.56,0.0,0.0,0.0,ML,,,,0.9,0.1,3
921960,1996-02-25T11:44:26Z,-40.35,0.0,173.48,0.0,201.0,3.0,ML,,,,3.4,0.3,10
931242,1996-02-25T11:55:40Z,-39.3,0.0,174.62,0.0,12.0,0.0,ML,,,,1.7,0.1,3
922225,1996-02-25T11:58:34Z,-37.29,0.1,178.87,0.1,5.0,0.0,ML,,,,2.6,0.2,3
953177,1996-02-25T11:59:07Z,-37.4,0.0,178.73,0.0,5.0,0.0,ML,,,,2.1,0.1,3
953178,1996-02-25T12:13:37Z,-37.4,0.0,179.11,0.1,12.0,0.0,ML,,,,2.9,0.1,3
931243,1996-02-25T12:23:05Z,-39.28,0.0,175.56,0.0,0.0,0.0,ML,,,,0.7,0.1,3
953179,1996-02-25T12:23:23Z,-39.28,0.0,175.56,0.0,0.0,0.0,ML,,,,0.7,0.1,2
931244,1996-02-25T12:28:11Z,-40.37,0.0,176.41,0.0,59.0,2.0,ML,,,,2.2,nan,1
921961,1996-02-25T13:16:58Z,-40.95,0.0,175.82,0.0,15.0,5.0,ML,,,,2.5,0.2,4
922228,1996-02-25T13:20:13Z,-39.28,0.0,175.56,0.0,0.0,0.0,ML,,,,1.0,0.1,3
931245,1996-02-25T13:43:00Z,-39.28,0.0,175.56,0.0,0.0,0.0,ML,,,,0.6,0.1,3
931246,1996-02-25T13:57:44Z,-39.28,0.0,175.56,0.0,0.0,0.0,ML,,,,0.7,0.1,3
922229,1996-02-25T14:11:14Z,-37.35,0.1,178.77,0.1,5.0,0.0,ML,,,,2.9,0.1,3
922015,1996-02-25T14:29:40Z,-45.44,0.0,167.11,0.0,54.0,1.0,ML,,,,3.0,0.2,12
927047,1996-02-25T14:45:47Z,-39.28,0.0,175.56,0.0,0.0,0.0,ML,,,,0.7,0.1,3
931247,1996-02-25T15:48:02Z,-39.42,0.0,175.78,0.0,12.0,0.0,ML,,,,1.7,0.0,3
921969,1996-02-25T16:17:52Z,-40.69,0.0,175.02,0.1,62.0,4.0,ML,,,,1.9,0.3,3
931248,1996-02-25T17:03:49Z,-39.12,0.0,175.65,0.0,8.0,1.0,ML,,,,1.1,0.3,3
931249,1996-02-25T17:18:06Z,-39.28,0.0,175.56,0.0,0.0,0.0,ML,,,,1.0,0.1,3
931250,1996-02-25T17:47:15Z,-39.28,0.0,175.56,0.0,0.0,0.0,ML,,,,0.6,0.1,3
931251,1996-02-25T17:52:22Z,-39.14,0.0,175.64,0.0,5.0,0.0,ML,,,,0.9,0.2,4
927049,1996-02-25T18:58:35Z,-43.15,0.0,171.48,0.0,12.0,0.0,ML,,,,1.9,0.1,2
922235,1996-02-25T19:31:27Z,-37.93,0.0,177.99,0.0,53.0,5.0,ML,,,,3.0,0.2,3
921972,1996-02-25T19:37:49Z,-39.46,0.0,175.61,0.0,20.0,3.0,ML,,,,2.9,0.2,12
922016,1996-02-25T19:42:36Z,-45.33,0.0,167.25,0.0,63.0,2.0,ML,,,,2.5,0.2,9
927336,1996-02-25T19:48:45Z,-39.12,0.0,175.63,0.0,5.0,0.0,ML,,,,2.0,0.1,3
938291,1996-02-25T20:07:34Z,-39.54,0.0,175.66,0.0,23.0,2.0,ML,,,,1.7,0.2,4
937104,1996-02-25T20:16:42Z,-39.13,0.0,175.66,0.1,5.0,0.0,ML,,,,0.6,0.1,3
937106,1996-02-25T20:42:08Z,-39.33,0.1,174.25,0.1,5.0,0.0,ML,,,,1.2,0.2,3
921973,1996-02-25T20:48:05Z,-40.3,0.0,176.59,0.0,57.0,3.0,ML,,,,2.9,0.3,5
949556,1996-02-25T22:17:12Z,-39.28,0.0,175.56,0.0,0.0,0.0,ML,,,,1.0,0.1,3
926853,1996-02-25T22:38:18Z,-39.09,0.0,175.67,0.0,5.0,0.0,ML,,,,1.0,0.3,3
922239,1996-02-26T00:48:00Z,-37.85,0.0,179.33,0.0,12.0,0.0,ML,,,,3.1,0.2,3
924756,1996-02-26T01:19:03Z,-42.43,0.0,172.32,0.0,12.0,0.0,ML,,,,2.3,0.3,4
921979,1996-02-26T01:56:25Z,-39.28,0.0,175.56,0.0,0.0,0.0,ML,,,,1.1,0.1,3
922242,1996-02-26T02:24:06Z,-37.15,0.0,177.2,0.0,168.0,2.0,ML,,,,3.4,0.3,4
921981,1996-02-26T02:38:42Z,-43.14,0.0,171.51,0.0,12.0,0.0,ML,,,,2.4,0.0,3
931266,1996-02-26T04:08:48Z,-38.33,0.0,176.41,0.0,5.0,0.0,ML,,,,2.6,0.5,7
949559,1996-02-26T05:01:35Z,-39.28,0.0,175.56,0.0,0.0,0.0,ML,,,,0.6,0.1,2
922245,1996-02-26T05:05:52Z,-37.57,0.1,-179.95,0.1,33.0,0.0,ML,,,,3.6,0.3,6
926801,1996-02-26T05:11:26Z,-39.22,0.0,174.98,0.0,5.0,0.0,ML,,,,2.4,0.2,10
922246,1996-02-26T05:14:34Z,-39.5,0.0,177.44,0.0,33.0,0.0,ML,,,,3.4,0.2,11
921985,1996-02-26T05:23:03Z,-38.9,0.0,176.28,0.0,75.0,2.0,ML,,,,3.3,0.2,8
926962,1996-02-26T05:30:43Z,-40.46,0.0,173.9,0.1,97.0,15.0,ML,,,,3.2,nan,1
922247,1996-02-26T05:34:42Z,-39.34,0.0,177.3,0.0,12.0,0.0,ML,,,,2.8,0.1,6
926868,1996-02-26T06:41:30Z,-39.28,0.0,175.56,0.0,0.0,0.0,ML,,,,0.8,0.1,3
949524,1996-02-26T06:44:49Z,-39.28,0.0,175.56,0.0,0.0,0.0,ML,,,,1.0,0.1,3
949525,1996-02-26T06:48:37Z,-39.28,0.0,175.56,0.0,0.0,0.0,ML,,,,1.1,0.0,3
926963,1996-02-26T07:51:17Z,-39.28,0.0,175.56,0.0,0.0,0.0,ML,,,,1.1,0.1,3
926964,1996-02-26T08:11:50Z,-41.46,0.0,173.07,0.0,77.0,3.0,ML,,,,2.1,nan,1
922248,1996-02-26T08:18:46Z,-39.13,0.0,175.66,0.0,5.0,0.0,ML,,,,1.1,0.1,3
921991,1996-02-26T08:21:57Z,-38.42,0.0,176.24,0.0,158.0,3.0,ML,,,,4.0,0.3,13
926870,1996-02-26T09:08:13Z,-44.93,0.0,167.72,0.0,63.0,2.0,ML,,,,1.8,0.1,3
922249,1996-02-26T09:12:37Z,-38.24,0.0,175.73,0.1,157.0,5.0,ML,,,,3.5,0.2,10
957232,1996-02-26T09:54:19Z,-39.28,0.0,175.56,0.0,0.0,0.0,ML,,,,0.8,0.1,2
949564,1996-02-26T11:26:01Z,-39.28,0.0,175.56,0.0,0.0,0.0,ML,,,,0.9,0.1,2
948091,1996-02-26T11:39:05Z,-39.28,0.0,175.56,0.0,0.0,0.0,ML,,,,0.9,0.1,3
922252,1996-02-26T11:47:40Z,-37.99,0.0,177.79,0.0,77.0,1.0,ML,,,,3.3,0.2,4
926875,1996-02-26T14:12:34Z,-44.72,0.0,167.57,0.0,5.0,0.0,ML,,,,1.9,0.2,2
926802,1996-02-26T14:41:53Z,-40.18,0.0,174.8,0.0,25.0,2.0,ML,,,,2.9,0.3,14
957246,1996-02-26T14:42:01Z,-39.28,0.0,175.56,0.0,0.0,0.0,ML,,,,1.3,0.2,3
926803,1996-02-26T15:14:12Z,-39.51,0.0,175.53,0.0,12.0,0.0,ML,,,,2.6,0.3,10
949566,1996-02-26T15:16:51Z,-39.5,0.0,175.69,0.0,12.0,0.0,ML,,,,1.9,0.1,4
949567,1996-02-26T15:23:59Z,-39.53,0.0,175.62,0.0,12.0,0.0,ML,,,,1.7,0.1,4
938431,1996-02-26T16:56:51Z,-39.38,0.1,175.52,0.1,0.0,0.0,ML,,,,1.2,0.1,3
922257,1996-02-26T17:16:25Z,-39.26,0.0,175.56,0.0,0.0,0.0,ML,,,,0.7,0.1,3
938034,1996-02-26T20:49:58Z,-40.9,0.0,174.99,0.0,43.0,6.0,ML,,,,1.7,0.1,7
938434,1996-02-26T21:40:30Z,-39.28,0.0,175.56,0.0,0.0,0.0,ML,,,,0.7,0.1,3
927063,1996-02-26T22:14:40Z,-39.28,0.0,175.56,0.0,0.0,0.0,ML,,,,1.0,0.1,3
926804,1996-02-26T22:18:05Z,-41.21,0.0,174.56,0.0,37.0,1.0,ML,,,,3.2,0.3,13
922267,1996-02-26T22:26:42Z,-44.69,0.0,167.59,0.0,12.0,0.0,ML,,,,2.8,0.2,5
978590,1996-02-26T22:28:31Z,-45.07,0.0,167.49,0.0,68.0,3.0,ML,,,,2.8,0.2,6
922268,1996-02-26T22:31:56Z,-39.28,0.0,175.56,0.0,0.0,0.0,ML,,,,0.9,0.1,3
937162,1996-02-26T22:57:39Z,-39.28,0.0,175.56,0.0,0.0,0.0,ML,,,,0.9,0.3,3
937163,1996-02-26T23:06:06Z,-39.29,0.2,174.36,0.2,5.0,0.0,ML,,,,1.8,0.5,3
926972,1996-02-26T23:23:11Z,-43.04,0.0,171.48,0.0,5.0,0.0,ML,,,,2.6,0.1,4
949577,1996-02-27T00:40:55Z,-39.28,0.0,175.56,0.0,0.0,0.0,ML,,,,0.8,0.2,3
926977,1996-02-27T00:50:07Z,-43.19,0.0,171.5,0.0,33.0,0.0,ML,,,,2.1,0.0,3
949578,1996-02-27T01:51:07Z,-39.51,0.0,175.68,0.0,25.0,4.0,ML,,,,1.9,0.3,4
922279,1996-02-27T02:56:52Z,-38.27,0.0,177.61,0.0,59.0,3.0,ML,,,,2.7,0.2,3
931275,1996-02-27T04:12:41Z,-39.28,0.0,175.56,0.0,0.0,0.0,ML,,,,0.8,0.0,3
926983,1996-02-27T04:37:44Z,-37.56,0.1,-179.81,0.1,12.0,0.0,ML,,,,3.4,0.2,4
926988,1996-02-27T05:01:50Z,-39.28,0.0,175.56,0.0,0.0,0.0,ML,,,,1.1,0.1,3
937187,1996-02-27T05:08:38Z,-39.57,0.0,175.52,0.0,12.0,0.0,ML,,,,2.4,0.1,5
926994,1996-02-27T05:54:38Z,-39.51,0.0,175.66,0.1,20.0,4.0,ML,,,,1.6,0.2,4
922284,1996-02-27T06:25:30Z,-37.16,0.0,178.06,0.0,30.0,2.0,ML,,,,4.0,0.2,28
937188,1996-02-27T06:46:40Z,-39.28,0.0,175.56,0.0,0.0,0.0,ML,,,,0.5,0.0,2
922286,1996-02-27T07:16:16Z,-37.87,0.0,179.28,0.0,12.0,0.0,ML,,,,3.1,0.3,3
948704,1996-02-27T07:53:16Z,-39.28,0.0,175.56,0.0,0.0,0.0,ML,,,,0.6,0.1,2
949580,1996-02-27T08:01:20Z,-39.28,0.0,175.56,0.0,0.0,0.0,ML,,,,0.9,0.1,2
949208,1996-02-27T08:03:45Z,-39.28,0.0,175.56,0.0,0.0,0.0,ML,,,,0.7,0.1,2
937190,1996-02-27T08:19:25Z,-39.28,0.0,175.56,0.0,0.0,0.0,ML,,,,0.7,0.0,2
937192,1996-02-27T08:47:43Z,-39.28,0.0,175.56,0.0,0.0,0.0,ML,,,,0.9,0.1,2
926996,1996-02-27T09:03:30Z,-41.19,0.0,172.47,0.0,5.0,0.0,ML,,,,3.1,0.3,15
949581,1996-02-27T09:19:40Z,-39.28,0.0,175.56,0.0,0.0,0.0,ML,,,,0.6,nan,1
938268,1996-02-27T09:25:15Z,-39.28,0.0,175.56,0.0,0.0,0.0,ML,,,,0.9,0.1,2
922289,1996-02-27T09:53:11Z,-39.28,0.0,175.56,0.0,0.0,0.0,ML,,,,0.6,0.0,2
949582,1996-02-27T10:08:34Z,-39.28,0.0,175.56,0.0,0.0,0.0,ML,,,,0.9,0.1,2
949583,1996-02-27T10:10:17Z,-39.28,0.0,175.56,0.0,0.0,0.0,ML,,,,1.1,0.1,3
922290,1996-02-27T10:18:01Z,-37.92,0.0,177.95,0.0,73.0,3.0,ML,,,,3.5,0.2,5
922291,1996-02-27T10:38:07Z,-43.09,0.0,171.45,0.0,12.0,0.0,ML,,,,2.4,0.2,3
949584,1996-02-27T11:02:32Z,-39.28,0.0,175.56,0.0,0.0,0.0,ML,,,,0.8,0.0,3
949031,1996-02-27T11:08:02Z,-39.32,0.0,175.55,0.0,0.0,0.0,ML,,,,0.9,0.0,2
922293,1996-02-27T11:10:26Z,-38.02,0.1,176.37,0.2,202.0,12.0,ML,,,,3.8,0.3,3
937198,1996-02-27T11:43:54Z,-39.28,0.0,175.56,0.0,0.0,0.0,ML,,,,0.5,0.0,3
957248,1996-02-27T12:38:18Z,-37.07,0.1,177.73,0.0,65.0,8.0,ML,,,,3.6,0.2,4
937201,1996-02-27T13:03:28Z,-39.28,0.0,175.56,0.0,0.0,0.0,ML,,,,0.8,0.1,2
922298,1996-02-27T13:11:03Z,-39.57,0.0,175.68,0.0,12.0,0.0,ML,,,,1.8,0.2,4
957249,1996-02-27T13:11:30Z,-39.58,0.0,175.58,0.0,12.0,0.0,ML,,,,2.2,0.2,4
937202,1996-02-27T13:33:05Z,-39.12,0.0,175.67,0.0,5.0,0.0,ML,,,,1.2,0.3,4
926998,1996-02-27T13:42:14Z,-41.51,0.0,173.52,0.0,64.0,2.0,ML,,,,2.6,0.2,8
949587,1996-02-27T14:03:49Z,-39.12,0.0,175.65,0.1,5.0,0.0,ML,,,,1.1,0.4,3
949588,1996-02-27T14:44:46Z,-39.28,0.0,175.56,0.0,0.0,0.0,ML,,,,1.0,0.1,3
937204,1996-02-27T15:31:20Z,-41.28,0.0,174.99,0.0,24.0,1.0,ML,,,,2.4,0.2,11
957250,1996-02-27T16:40:28Z,-39.28,0.0,175.56,0.0,0.0,0.0,ML,,,,0.8,0.1,3
949589,1996-02-27T17:12:03Z,-39.28,0.0,175.56,0.0,0.0,0.0,ML,,,,0.6,0.1,3
922302,1996-02-27T17:17:52Z,-38.89,0.0,177.35,0.0,12.0,0.0,ML,,,,2.9,0.2,8
922303,1996-02-27T17:46:23Z,-38.94,0.0,175.72,0.2,5.0,0.0,ML,,,,1.2,0.1,4
949216,1996-02-27T18:13:13Z,-39.28,0.0,175.56,0.0,0.0,0.0,ML,,,,0.8,0.2,3
949044,1996-02-27T18:23:11Z,-39.28,0.0,175.56,0.0,0.0,0.0,ML,,,,0.9,0.2,4
937207,1996-02-27T18:52:06Z,-39.28,0.0,175.56,0.0,0.0,0.0,ML,,,,1.0,0.1,3
927000,1996-02-27T18:53:53Z,-43.03,0.0,171.4,0.0,12.0,0.0,ML,,,,2.3,0.4,3
937210,1996-02-27T19:54:51Z,-40.47,0.0,174.09,0.0,83.0,2.0,ML,,,,2.8,0.3,8
926562,1996-02-27T20:21:51Z,-39.26,0.0,175.08,0.0,31.0,1.0,ML,,,,2.0,0.1,4
937215,1996-02-27T21:07:59Z,-39.37,0.0,175.67,0.0,12.0,0.0,ML,,,,1.2,0.2,2
949046,1996-02-27T22:04:34Z,-39.28,0.0,175.56,0.0,0.0,0.0,ML,,,,1.0,0.1,4
927140,1996-02-27T22:12:02Z,-39.28,0.0,175.56,0.0,0.0,0.0,ML,,,,0.9,0.1,3
937219,1996-02-27T22:29:09Z,-39.28,0.0,175.56,0.0,0.0,0.0,ML,,,,0.9,0.1,3
949590,1996-02-27T22:51:48Z,-39.28,0.0,175.56,0.0,0.0,0.0,ML,,,,0.9,0.1,3
926566,1996-02-27T23:06:10Z,-39.28,0.0,175.56,0.0,0.0,0.0,ML,,,,0.9,0.1,3
926805,1996-02-27T23:50:29Z,-40.05,0.0,174.93,0.0,22.0,2.0,ML,,,,2.4,0.2,10
938230,1996-02-27T23:57:14Z,-40.78,0.0,174.79,0.0,20.0,1.0,ML,,,,1.9,0.2,3
926537,1996-02-28T00:19:18Z,-45.18,0.0,168.75,0.0,12.0,0.0,ML,,,,2.3,0.1,12
926568,1996-02-28T00:25:46Z,-45.1,0.0,167.34,0.0,66.0,1.0,ML,,,,2.2,0.1,3
938231,1996-02-28T00:33:55Z,-40.86,0.0,174.4,0.0,5.0,0.0,ML,,,,1.8,0.2,4
937224,1996-02-28T01:46:02Z,-39.28,0.0,175.56,0.0,0.0,0.0,ML,,,,1.2,0.1,3
926539,1996-02-28T04:01:49Z,-44.52,0.0,167.27,0.0,12.0,2.0,ML,,,,2.4,0.2,7
937234,1996-02-28T04:05:33Z,-39.27,0.0,175.27,0.0,23.0,1.0,ML,,,,1.5,0.1,4
957252,1996-02-28T04:58:37Z,-39.28,0.0,175.56,0.0,0.0,0.0,ML,,,,0.7,0.1,3
926575,1996-02-28T05:01:12Z,-38.0,0.0,176.49,0.0,146.0,2.0,ML,,,,4.3,0.2,18
957253,1996-02-28T05:01:13Z,-39.28,0.0,175.56,0.0,0.0,0.0,ML,,,,0.6,0.1,3
937238,1996-02-28T05:06:21Z,-39.28,0.0,175.56,0.0,0.0,0.0,ML,,,,0.6,0.0,3
926577,1996-02-28T05:26:19Z,-40.76,0.0,172.79,0.0,5.0,0.0,ML,,,,3.0,0.2,12
949597,1996-02-28T05:52:17Z,-39.28,0.0,175.56,0.0,0.0,0.0,ML,,,,0.9,0.1,3
926540,1996-02-28T06:41:16Z,-45.15,0.0,166.82,0.0,5.0,0.0,ML,,,,3.2,0.2,9
926581,1996-02-28T06:58:16Z,-37.17,0.0,178.04,0.0,33.0,0.0,ML,,,,3.5,0.2,9
949538,1996-02-28T07:35:19Z,-39.28,0.0,175.56,0.0,0.0,0.0,ML,,,,0.9,0.1,3
926582,1996-02-28T07:55:53Z,-39.28,0.0,175.56,0.0,0.0,0.0,ML,,,,0.5,0.1,3
926583,1996-02-28T08:12:21Z,-40.03,0.0,176.66,0.0,48.0,7.0,ML,,,,2.5,nan,1
926541,1996-02-28T08:17:19Z,-45.14,0.0,170.77,0.0,12.0,0.0,ML,,,,2.6,0.3,10
938060,1996-02-28T08:58:01Z,-41.1,0.0,174.86,0.0,25.0,2.0,ML,,,,1.6,0.1,2
927013,1996-02-28T09:27:18Z,-39.28,0.0,175.56,0.0,0.0,0.0,ML,,,,1.0,0.0,2
926585,1996-02-28T09:50:24Z,-36.76,0.1,179.79,0.1,12.0,0.0,ML,,,,3.3,0.6,4
926542,1996-02-28T10:22:59Z,-41.01,0.0,174.56,0.0,34.0,1.0,ML,,,,1.7,0.2,7
949599,1996-02-28T10:48:22Z,-39.28,0.0,175.56,0.0,0.0,0.0,ML,,,,0.7,0.0,2
937253,1996-02-28T10:51:43Z,-39.28,0.0,175.56,0.0,0.0,0.0,ML,,,,0.8,0.1,2
948713,1996-02-28T10:55:08Z,-39.28,0.0,175.56,0.0,0.0,0.0,ML,,,,0.7,0.1,2
949005,1996-02-28T11:09:51Z,-39.19,0.0,174.92,0.0,12.0,0.0,ML,,,,2.2,0.2,3
938063,1996-02-28T11:37:24Z,-41.1,0.0,175.18,0.0,24.0,1.0,ML,,,,1.6,0.1,6
957255,1996-02-28T11:38:44Z,-39.28,0.0,175.56,0.0,0.0,0.0,ML,,,,0.7,0.0,3
927014,1996-02-28T12:04:29Z,-42.96,0.0,171.83,0.0,5.0,0.0,ML,,,,2.7,0.1,5
949241,1996-02-28T12:25:10Z,-39.28,0.0,175.56,0.0,0.0,0.0,ML,,,,0.9,0.1,3
949061,1996-02-28T13:21:43Z,-39.28,0.0,175.56,0.0,0.0,0.0,ML,,,,0.8,0.1,3
949602,1996-02-28T13:25:03Z,-39.28,0.0,175.56,0.0,0.0,0.0,ML,,,,0.7,0.1,3
926589,1996-02-28T13:31:46Z,-39.28,0.0,175.56,0.0,0.0,0.0,ML,,,,0.8,0.1,3
938064,1996-02-28T13:57:37Z,-40.55,0.0,174.31,0.0,87.0,4.0,ML,,,,2.3,0.1,7
957256,1996-02-28T14:23:10Z,-45.06,0.0,167.41,0.0,114.0,2.0,ML,,,,6.2,0.4,8
926543,1996-02-28T14:24:38Z,-39.28,0.0,175.56,0.0,0.0,0.0,ML,,,,0.8,0.0,2
949604,1996-02-28T14:52:56Z,-39.28,0.0,175.56,0.0,0.0,0.0,ML,,,,0.7,0.1,3
926593,1996-02-28T14:56:49Z,-39.86,0.0,177.26,0.0,19.0,3.0,ML,,,,3.0,0.2,6
938065,1996-02-28T15:07:59Z,-40.56,0.0,174.61,0.0,27.0,2.0,ML,,,,1.7,0.1,5
927016,1996-02-28T16:16:56Z,-43.15,0.0,171.46,0.0,5.0,0.0,ML,,,,3.1,0.2,8
926544,1996-02-28T16:20:57Z,-39.09,0.0,175.66,0.0,5.0,0.0,ML,,,,1.0,0.3,3
949605,1996-02-28T16:46:26Z,-39.28,0.0,175.56,0.0,0.0,0.0,ML,,,,0.9,0.1,3
949069,1996-02-28T17:05:44Z,-39.28,0.0,175.56,0.0,0.0,0.0,ML,,,,0.9,0.1,3
937258,1996-02-28T18:14:39Z,-40.89,0.0,175.26,0.0,26.0,1.0,ML,,,,1.9,0.1,5
927148,1996-02-28T19:21:46Z,-44.96,0.0,167.45,0.0,63.0,1.0,ML,,,,2.8,0.2,3
957257,1996-02-28T19:23:32Z,-39.28,0.0,175.56,0.0,0.0,0.0,ML,,,,1.0,0.1,3
949607,1996-02-28T19:27:39Z,-39.28,0.0,175.56,0.0,0.0,0.0,ML,,,,0.8,0.1,3
949544,1996-02-28T19:52:27Z,-39.28,0.0,175.56,0.0,0.0,0.0,ML,,,,0.9,0.1,3
937264,1996-02-28T20:42:06Z,-40.01,0.0,175.12,0.0,26.0,2.0,ML,,,,2.6,0.1,15
938069,1996-02-28T20:48:41Z,-39.28,0.0,175.56,0.0,0.0,0.0,ML,,,,0.6,0.0,3
938071,1996-02-28T21:10:29Z,-39.28,0.0,175.56,0.0,0.0,0.0,ML,,,,1.0,0.1,3
948102,1996-02-28T21:17:49Z,-39.28,0.0,175.56,0.0,0.0,0.0,ML,,,,1.0,0.1,3
926611,1996-02-28T22:13:56Z,-38.71,0.0,176.6,0.0,5.0,0.0,ML,,,,2.8,0.3,7
927150,1996-02-28T22:18:04Z,-39.28,0.0,175.56,0.0,0.0,0.0,ML,,,,0.7,0.1,3
926545,1996-02-28T22:44:12Z,-44.26,0.0,169.84,0.0,5.0,0.0,ML,,,,2.9,0.3,11
937272,1996-02-28T23:02:41Z,-39.28,0.0,175.56,0.0,0.0,0.0,ML,,,,0.9,0.3,4
926612,1996-02-28T23:27:08Z,-38.43,0.0,177.86,0.0,43.0,6.0,ML,,,,3.5,0.3,5
949609,1996-02-29T00:14:47Z,-39.58,0.0,175.59,0.0,12.0,0.0,ML,,,,1.8,0.2,4
937286,1996-02-29T00:33:48Z,-39.28,0.0,175.56,0.0,0.0,0.0,ML,,,,0.3,0.2,3
949610,1996-02-29T00:36:33Z,-39.28,0.0,175.56,0.0,0.0,0.0,ML,,,,0.3,nan,1
926613,1996-02-29T00:54:42Z,-39.28,0.0,175.56,0.0,0.0,0.0,ML,,,,0.8,0.1,3
949611,1996-02-29T00:59:32Z,-39.28,0.0,175.56,0.0,0.0,0.0,ML,,,,0.7,0.1,3
938079,1996-02-29T01:09:58Z,-39.14,0.0,174.58,0.0,5.0,0.0,ML,,,,1.9,0.1,5
957258,1996-02-29T01:10:17Z,-40.6,0.0,174.82,0.0,12.0,0.0,ML,,,,1.6,0.1,3
937289,1996-02-29T01:17:51Z,-39.28,0.0,175.56,0.0,0.0,0.0,ML,,,,0.7,0.1,3
926617,1996-02-29T01:30:58Z,-41.71,0.0,174.61,0.0,29.0,3.0,ML,,,,2.0,0.1,7
926619,1996-02-29T01:34:38Z,-39.28,0.0,175.56,0.0,0.0,0.0,ML,,,,0.6,0.0,3
949612,1996-02-29T02:06:30Z,-39.25,0.0,175.47,0.0,12.0,0.0,ML,,,,1.3,0.2,4
949006,1996-02-29T02:19:44Z,-39.28,0.0,175.56,0.0,0.0,0.0,ML,,,,0.7,0.2,3
937292,1996-02-29T02:24:24Z,-39.28,0.0,175.56,0.0,0.0,0.0,ML,,,,0.8,0.1,3
937296,1996-02-29T02:36:44Z,-39.28,0.0,175.56,0.0,0.0,0.0,ML,,,,0.7,0.1,3
926624,1996-02-29T04:54:35Z,-38.08,0.0,178.13,0.0,12.0,0.0,ML,,,,2.3,0.3,4
926625,1996-02-29T05:06:56Z,-36.95,0.1,176.64,0.1,240.0,7.0,ML,,,,4.0,0.3,5
926626,1996-02-29T05:14:17Z,-37.8,0.0,179.38,0.0,12.0,0.0,ML,,,,3.1,0.3,3
926627,1996-02-29T05:48:41Z,-37.51,0.0,179.38,0.0,12.0,0.0,ML,,,,3.1,0.3,3
949549,1996-02-29T06:01:48Z,-39.28,0.0,175.56,0.0,0.0,0.0,ML,,,,0.3,0.1,3
926628,1996-02-29T06:26:53Z,-37.84,0.0,179.36,0.0,17.0,3.0,ML,,,,3.0,0.2,3
949615,1996-02-29T06:40:19Z,-39.28,0.0,175.56,0.0,0.0,0.0,ML,,,,0.9,0.1,3
926630,1996-02-29T07:22:21Z,-40.51,0.0,173.26,0.0,5.0,0.0,ML,,,,2.9,0.2,15
949618,1996-02-29T08:50:36Z,-39.28,0.0,175.56,0.0,0.0,0.0,ML,,,,1.1,0.1,2
938094,1996-02-29T09:16:16Z,-41.68,0.0,174.62,0.0,34.0,1.0,ML,,,,2.6,0.2,14
949619,1996-02-29T09:37:34Z,-39.28,0.0,175.56,0.0,0.0,0.0,ML,,,,1.0,0.1,2
938095,1996-02-29T09:43:12Z,-42.0,0.0,173.88,0.0,16.0,2.0,ML,,,,2.5,0.2,10
937336,1996-02-29T10:37:27Z,-41.14,0.0,174.42,0.0,65.0,1.0,ML,,,,2.4,0.1,7
957259,1996-02-29T10:37:35Z,-39.51,0.0,175.59,0.1,12.0,0.0,ML,,,,1.4,0.2,4
926634,1996-02-29T10:55:40Z,-37.01,0.0,179.7,0.1,12.0,0.0,ML,,,,3.5,0.2,4
938098,1996-02-29T11:31:57Z,-41.46,0.0,173.92,0.0,45.0,2.0,ML,,,,1.9,0.2,6
937343,1996-02-29T11:36:01Z,-40.7,0.0,176.49,0.0,19.0,2.0,ML,,,,2.5,0.2,12
937345,1996-02-29T11:41:14Z,-39.28,0.0,175.56,0.0,0.0,0.0,ML,,,,0.9,0.1,3
957260,1996-02-29T11:41:26Z,-40.91,0.0,174.82,0.0,70.0,1.0,ML,,,,2.9,0.2,12
937348,1996-02-29T11:57:20Z,-39.28,0.0,175.56,0.0,0.0,0.0,ML,,,,1.0,0.1,3
949622,1996-02-29T11:58:45Z,-39.28,0.0,175.56,0.0,0.0,0.0,ML,,,,0.4,0.0,2
938099,1996-02-29T12:04:29Z,-41.21,0.0,174.79,0.0,33.0,1.0,ML,,,,2.5,0.1,12
926636,1996-02-29T12:12:33Z,-39.28,0.0,175.56,0.0,0.0,0.0,ML,,,,0.8,0.1,3
949350,1996-02-29T12:16:40Z,-39.28,0.0,175.56,0.0,0.0,0.0,ML,,,,0.6,0.1,3
937349,1996-02-29T12:17:24Z,-40.5,0.2,176.29,0.2,32.0,20.0,ML,,,,2.2,0.2,4
949352,1996-02-29T12:45:48Z,-39.28,0.0,175.56,0.0,0.0,0.0,ML,,,,0.6,0.1,2
948834,1996-02-29T12:50:00Z,-42.97,0.0,171.85,0.0,5.0,0.0,ML,,,,2.3,0.2,4
937353,1996-02-29T13:35:26Z,-39.28,0.0,175.56,0.0,0.0,0.0,ML,,,,1.0,0.1,3
937355,1996-02-29T13:40:06Z,-39.96,0.0,176.32,0.0,73.0,5.0,ML,,,,2.8,nan,1
938345,1996-02-29T14:26:15Z,-43.01,0.0,171.34,0.0,5.0,0.0,ML,,,,2.9,0.2,5
926546,1996-02-29T14:30:12Z,-44.83,0.0,175.13,0.0,33.0,0.0,ML,,,,4.3,0.2,7
948836,1996-02-29T14:47:33Z,-39.28,0.0,175.56,0.0,0.0,0.0,ML,,,,0.9,0.1,3
948837,1996-02-29T14:52:55Z,-42.97,0.0,171.41,0.0,5.0,0.0,ML,,,,2.2,0.2,3
937359,1996-02-29T15:21:07Z,-40.45,0.0,176.52,0.0,43.0,3.0,ML,,,,2.6,0.2,8
926640,1996-02-29T15:25:25Z,-37.15,0.0,177.5,0.0,128.0,5.0,ML,,,,4.1,0.3,16
948105,1996-02-29T15:32:28Z,-39.28,0.0,175.56,0.0,0.0,0.0,ML,,,,0.6,0.1,3
957261,1996-02-29T15:34:02Z,-39.09,0.0,175.68,0.1,5.0,0.0,ML,,,,1.1,0.3,3
937360,1996-02-29T15:34:28Z,-41.96,0.0,174.15,0.0,22.0,2.0,ML,,,,2.6,0.2,12
937361,1996-02-29T15:44:39Z,-39.28,0.0,175.56,0.0,0.0,0.0,ML,,,,0.8,0.1,2
949623,1996-02-29T16:32:47Z,-39.28,0.0,175.56,0.0,0.0,0.0,ML,,,,0.6,0.1,3
949625,1996-02-29T16:36:35Z,-39.28,0.0,175.56,0.0,0.0,0.0,ML,,,,0.5,0.1,2
938100,1996-02-29T16:51:22Z,-39.28,0.0,175.56,0.0,0.0,0.0,ML,,,,0.7,0.1,2
948838,1996-02-29T17:45:21Z,-42.81,0.0,172.65,0.0,21.0,1.0,ML,,,,2.2,0.1,3
937362,1996-02-29T17:59:02Z,-41.14,0.0,173.38,0.0,138.0,2.0,ML,,,,3.0,0.2,5
949628,1996-02-29T18:32:06Z,-39.28,0.0,175.56,0.0,0.0,0.0,ML,,,,0.9,0.1,3
926644,1996-02-29T18:37:57Z,-37.52,0.0,177.22,0.0,78.0,10.0,ML,,,,3.6,0.2,5
937369,1996-02-29T18:46:32Z,-39.28,0.0,175.56,0.0,0.0,0.0,ML,,,,0.9,0.1,3
949107,1996-02-29T18:53:42Z,-39.28,0.0,175.56,0.0,0.0,0.0,ML,,,,0.6,0.0,2
926646,1996-02-29T19:13:38Z,-37.92,0.0,179.16,0.1,33.0,0.0,ML,,,,3.9,0.2,8
957262,1996-02-29T19:14:10Z,-38.01,0.0,178.98,0.1,12.0,0.0,ML,,,,4.1,0.2,20
937370,1996-02-29T19:53:01Z,-39.28,0.0,175.56,0.0,0.0,0.0,ML,,,,0.9,0.1,3
949631,1996-02-29T20:23:45Z,-39.28,0.0,175.56,0.0,0.0,0.0,ML,,,,0.9,0.1,3
949632,1996-02-29T20:26:17Z,-39.28,0.0,175.56,0.0,0.0,0.0,ML,,,,0.9,0.1,3
948674,1996-02-29T20:39:43Z,-39.28,0.0,175.56,0.0,0.0,0.0,ML,,,,1.0,0.1,3
926651,1996-02-29T20:55:11Z,-39.12,0.0,177.37,0.0,12.0,0.0,ML,,,,3.0,0.3,9
926652,1996-02-29T20:59:18Z,-37.96,0.0,179.07,0.1,17.0,3.0,ML,,,,2.9,0.2,4
948971,1996-02-29T21:51:10Z,-39.28,0.0,175.56,0.0,0.0,0.0,ML,,,,0.5,0.0,3
948972,1996-02-29T22:03:51Z,-39.28,0.0,175.56,0.0,0.0,0.0,ML,,,,1.2,0.1,3
949633,1996-02-29T22:23:00Z,-39.28,0.0,175.56,0.0,0.0,0.0,ML,,,,0.8,0.1,3
949634,1996-02-29T22:57:57Z,-39.28,0.0,175.56,0.0,0.0,0.0,ML,,,,0.7,0.1,3
938113,1996-02-29T23:11:15Z,-40.95,0.0,174.36,0.0,44.0,2.0,ML,,,,2.2,0.1,9
949635,1996-03-01T00:06:49Z,-39.11,0.0,175.12,0.0,12.0,0.0,ML,,,,1.6,0.1,4
938114,1996-03-01T00:19:18Z,-40.86,0.0,174.76,0.0,16.0,4.0,ML,,,,2.6,0.1,11
957774,1996-03-01T00:21:07Z,-39.12,0.0,174.98,0.0,12.0,0.0,ML,,,,2.4,0.1,4
948844,1996-03-01T00:21:36Z,-40.27,0.0,173.46,0.0,188.0,10.0,ML,,,,3.0,0.1,2
949637,1996-03-01T00:35:59Z,-39.28,0.0,175.56,0.0,0.0,0.0,ML,,,,0.5,0.0,2
926658,1996-03-01T00:38:54Z,-37.06,0.0,179.62,0.1,12.0,0.0,ML,,,,4.0,0.2,8
937388,1996-03-01T00:54:35Z,-39.28,0.0,175.56,0.0,0.0,0.0,ML,,,,0.7,0.1,3
937389,1996-03-01T00:58:27Z,-41.14,0.0,175.19,0.0,13.0,1.0,ML,,,,2.0,0.2,10
938115,1996-03-01T01:00:54Z,-40.09,0.0,173.8,0.0,155.0,3.0,ML,,,,3.4,0.2,15
949639,1996-03-01T01:22:43Z,-39.28,0.0,175.56,0.0,0.0,0.0,ML,,,,0.7,0.1,2
937390,1996-03-01T01:28:02Z,-40.12,0.0,174.99,0.0,25.0,4.0,ML,,,,3.3,0.2,28
938118,1996-03-01T01:46:09Z,-40.0,0.0,174.4,0.0,76.0,4.0,ML,,,,2.5,0.2,3
938119,1996-03-01T02:05:43Z,-41.66,0.0,174.22,0.0,10.0,2.0,ML,,,,2.7,0.2,18
949641,1996-03-01T03:04:50Z,-39.28,0.0,175.56,0.0,0.0,0.0,ML,,,,1.0,0.1,3
949402,1996-03-01T03:19:40Z,-39.28,0.0,175.56,0.0,0.0,0.0,ML,,,,0.8,0.1,3
948847,1996-03-01T03:56:36Z,-39.28,0.0,175.56,0.0,0.0,0.0,ML,,,,0.7,0.1,3
938120,1996-03-01T04:10:31Z,-38.86,0.0,173.9,0.0,5.0,0.0,ML,,,,2.7,0.4,10
926547,1996-03-01T04:16:30Z,-37.75,0.0,177.82,0.0,44.0,3.0,ML,,,,4.7,0.2,19
949648,1996-03-01T06:23:44Z,-39.28,0.0,175.56,0.0,0.0,0.0,ML,,,,0.9,0.1,4
926665,1996-03-01T06:55:44Z,-41.96,0.0,171.82,0.0,12.0,0.0,ML,,,,2.5,0.3,3
926666,1996-03-01T07:00:13Z,-38.54,0.0,178.02,0.0,24.0,2.0,ML,,,,4.2,0.3,21
926667,1996-03-01T07:06:33Z,-38.54,0.0,177.92,0.0,12.0,0.0,ML,,,,3.0,0.1,3
938124,1996-03-01T07:35:43Z,-39.57,0.0,175.73,0.0,21.0,2.0,ML,,,,1.6,0.2,4
957775,1996-03-01T07:36:52Z,-41.51,0.0,174.4,0.0,12.0,0.0,ML,,,,2.0,0.1,4
949649,1996-03-01T07:37:23Z,-39.28,0.0,175.56,0.0,0.0,0.0,ML,,,,0.8,0.2,4
938126,1996-03-01T07:57:30Z,-40.56,0.0,175.19,0.0,33.0,2.0,ML,,,,2.0,0.2,6
926670,1996-03-01T08:11:50Z,-43.0,0.0,171.89,0.0,5.0,0.0,ML,,,,2.2,0.2,4
937420,1996-03-01T08:18:01Z,-41.62,0.0,174.28,0.0,15.0,2.0,ML,,,,2.2,0.3,9
948108,1996-03-01T08:44:01Z,-39.13,0.0,175.65,0.0,0.0,0.0,ML,,,,0.6,0.3,2
926673,1996-03-01T09:30:35Z,-37.95,0.0,179.12,0.1,12.0,0.0,ML,,,,3.2,0.1,7
949013,1996-03-01T10:42:23Z,-39.28,0.0,175.56,0.0,0.0,0.0,ML,,,,0.8,0.1,2
949654,1996-03-01T10:48:53Z,-39.28,0.0,175.56,0.0,0.0,0.0,ML,,,,0.9,0.0,2
926548,1996-03-01T11:04:10Z,-45.13,0.0,167.44,0.0,111.0,3.0,ML,,,,3.8,0.1,4
949655,1996-03-01T11:17:17Z,-39.28,0.0,175.56,0.0,0.0,0.0,ML,,,,0.8,0.1,2
949656,1996-03-01T11:49:33Z,-39.28,0.0,175.56,0.0,0.0,0.0,ML,,,,0.7,0.1,3
938128,1996-03-01T12:13:01Z,-40.94,0.0,175.51,0.0,28.0,1.0,ML,,,,2.0,0.1,8
948851,1996-03-01T12:26:04Z,-42.91,0.0,171.87,0.0,17.0,3.0,ML,,,,2.0,0.2,4
949657,1996-03-01T12:35:27Z,-39.28,0.0,175.56,0.0,0.0,0.0,ML,,,,1.0,0.2,3
948109,1996-03-01T12:47:09Z,-39.28,0.0,175.56,0.0,0.0,0.0,ML,,,,0.9,0.2,3
949658,1996-03-01T12:48:18Z,-39.56,0.0,175.69,0.0,24.0,3.0,ML,,,,2.1,0.3,4
949659,1996-03-01T13:11:09Z,-39.28,0.0,175.56,0.0,0.0,0.0,ML,,,,0.6,0.0,3
926549,1996-03-01T13:48:56Z,-44.88,0.0,169.55,0.0,5.0,0.0,ML,,,,2.3,0.2,8
938129,1996-03-01T13:57:59Z,-41.36,0.0,175.05,0.0,10.0,1.0,ML,,,,1.9,0.2,9
926677,1996-03-01T14:13:13Z,-38.89,0.0,175.84,0.0,103.0,4.0,ML,,,,3.5,0.2,9
926550,1996-03-01T15:04:36Z,-44.85,0.0,168.78,0.0,12.0,0.0,ML,,,,2.1,0.2,7
926551,1996-03-01T15:06:43Z,-44.89,0.0,168.77,0.0,12.0,0.0,ML,,,,2.0,0.3,7
957776,1996-03-01T15:07:09Z,-40.99,0.0,174.64,0.0,44.0,2.0,ML,,,,1.8,0.2,3
926678,1996-03-01T15:45:50Z,-38.33,0.1,175.64,0.1,12.0,0.0,ML,,,,2.4,0.5,4
948644,1996-03-01T16:06:54Z,-39.69,0.0,174.76,0.1,123.0,4.0,ML,,,,2.7,nan,1
937440,1996-03-01T17:36:04Z,-40.57,0.0,175.88,0.0,34.0,1.0,ML,,,,2.4,0.2,6
949662,1996-03-01T17:43:46Z,-39.09,0.0,175.65,0.1,5.0,0.0,ML,,,,1.2,0.2,3
926681,1996-03-01T17:47:26Z,-39.34,0.0,174.86,0.0,147.0,3.0,ML,,,,3.7,0.3,17
926683,1996-03-01T18:35:27Z,-38.4,0.0,178.23,0.0,33.0,0.0,ML,,,,2.2,0.0,3
938145,1996-03-01T19:10:23Z,-41.05,0.3,174.16,0.1,161.0,8.0,ML,,,,2.2,nan,1
957777,1996-03-01T19:12:29Z,-39.28,0.0,175.56,0.0,0.0,0.0,ML,,,,0.8,0.1,3
948645,1996-03-01T20:26:20Z,-39.28,0.0,175.56,0.0,0.0,0.0,ML,,,,0.8,0.0,2
926687,1996-03-01T20:43:11Z,-38.81,0.1,175.77,0.1,126.0,7.0,ML,,,,3.2,0.3,5
949663,1996-03-01T21:30:39Z,-39.28,0.0,175.56,0.0,0.0,0.0,ML,,,,0.9,0.0,2
937452,1996-03-01T22:36:30Z,-39.28,0.0,175.56,0.0,0.0,0.0,ML,,,,0.9,0.1,2
926691,1996-03-01T23:54:12Z,-40.37,0.0,173.54,0.0,195.0,4.0,ML,,,,4.0,0.2,19
926554,1996-03-02T05:27:49Z,-43.03,0.0,171.85,0.0,5.0,0.0,ML,,,,3.7,0.2,4
937510,1996-03-02T05:47:32Z,-41.51,0.0,174.5,0.0,33.0,0.0,ML,,,,2.9,0.2,15
926706,1996-03-02T08:36:03Z,-38.6,0.0,178.83,0.1,29.0,6.0,ML,,,,3.0,0.2,4
938153,1996-03-02T08:41:30Z,-39.99,0.0,173.93,0.0,221.0,3.0,ML,,,,3.4,0.3,11
937540,1996-03-02T10:10:25Z,-39.28,0.0,175.56,0.0,0.0,0.0,ML,,,,1.3,0.1,2
949666,1996-03-02T10:34:06Z,-39.28,0.0,175.56,0.0,0.0,0.0,ML,,,,1.0,0.1,2
938162,1996-03-02T10:48:03Z,-41.14,0.0,175.36,0.0,26.0,2.0,ML,,,,2.2,0.2,9
926707,1996-03-02T10:51:45Z,-36.41,0.1,178.06,0.1,96.0,18.0,ML,,,,3.4,0.2,3
926708,1996-03-02T11:03:12Z,-37.54,0.0,178.24,0.0,59.0,2.0,ML,,,,3.1,0.3,3
926709,1996-03-02T12:18:54Z,-35.17,0.0,178.59,0.1,12.0,0.0,ML,,,,3.8,0.4,4
938167,1996-03-02T13:36:41Z,-39.29,0.0,175.39,0.0,12.0,0.0,ML,,,,1.6,0.1,2
938169,1996-03-02T14:50:57Z,-40.58,0.0,174.38,0.0,66.0,4.0,ML,,,,2.2,0.2,7
948870,1996-03-02T16:12:08Z,-43.11,0.0,170.65,0.1,12.0,1.0,ML,,,,2.5,0.1,3
938174,1996-03-02T16:17:56Z,-42.26,0.0,173.62,0.0,31.0,1.0,ML,,,,3.0,0.3,11
949671,1996-03-02T17:57:44Z,-39.28,0.0,175.56,0.0,0.0,0.0,ML,,,,1.1,0.1,3
948985,1996-03-02T18:00:10Z,-39.28,0.0,175.56,0.0,0.0,0.0,ML,,,,0.8,0.0,2
949672,1996-03-02T18:28:18Z,-39.28,0.0,175.56,0.0,0.0,0.0,ML,,,,0.4,0.1,2
948878,1996-03-02T18:51:22Z,-42.98,0.0,171.38,0.0,5.0,0.0,ML,,,,2.4,0.2,4
949673,1996-03-02T19:02:26Z,-39.28,0.0,175.56,0.0,0.0,0.0,ML,,,,0.7,0.0,2
948879,1996-03-02T19:14:15Z,-42.98,0.0,171.48,0.0,5.0,0.0,ML,,,,3.2,0.2,7
948679,1996-03-02T19:31:19Z,-39.28,0.0,175.56,0.0,0.0,0.0,ML,,,,0.6,nan,1
937542,1996-03-02T19:51:16Z,-39.28,0.0,175.56,0.0,0.0,0.0,ML,,,,0.6,0.0,2
949674,1996-03-02T20:09:55Z,-39.28,0.0,175.56,0.0,0.0,0.0,ML,,,,0.7,0.1,3
948880,1996-03-02T20:34:46Z,-42.99,0.0,171.51,0.0,12.0,0.0,ML,,,,2.5,0.2,3
948727,1996-03-02T21:18:12Z,-39.28,0.0,175.56,0.0,0.0,0.0,ML,,,,0.7,0.1,2
949679,1996-03-02T22:39:59Z,-39.28,0.0,175.56,0.0,0.0,0.0,ML,,,,0.7,0.1,2
957778,1996-03-02T22:40:21Z,-39.28,0.0,175.56,0.0,0.0,0.0,ML,,,,0.9,0.0,2
937544,1996-03-02T23:01:08Z,-39.28,0.0,175.56,0.0,0.0,0.0,ML,,,,0.9,0.0,2
949176,1996-03-02T23:24:46Z,-39.28,0.0,175.56,0.0,0.0,0.0,ML,,,,0.9,0.1,3
948987,1996-03-02T23:34:40Z,-39.28,0.0,175.56,0.0,0.0,0.0,ML,,,,0.6,0.0,2
937549,1996-03-03T01:15:15Z,-40.39,0.0,174.82,0.0,75.0,3.0,ML,,,,2.3,0.2,5
926719,1996-03-03T01:45:37Z,-38.61,0.0,175.84,0.0,160.0,6.0,ML,,,,3.8,0.2,16
938182,1996-03-03T02:26:49Z,-40.92,0.0,174.94,0.0,33.0,1.0,ML,,,,1.6,0.2,7
937562,1996-03-03T02:48:34Z,-39.28,0.0,175.56,0.0,0.0,0.0,ML,,,,0.7,nan,1
937564,1996-03-03T02:59:36Z,-39.21,0.0,175.37,0.0,12.0,0.0,ML,,,,1.4,0.1,3
926720,1996-03-03T03:29:18Z,-37.4,0.0,178.2,0.0,56.0,3.0,ML,,,,3.8,0.1,4
926721,1996-03-03T03:32:01Z,-39.28,0.0,175.56,0.0,0.0,0.0,ML,,,,0.8,0.1,3
957779,1996-03-03T03:33:42Z,-37.77,0.1,177.09,0.1,79.0,8.0,ML,,,,3.0,0.2,4
937579,1996-03-03T04:07:00Z,-39.28,0.0,175.56,0.0,0.0,0.0,ML,,,,0.7,0.1,2
937581,1996-03-03T04:29:06Z,-39.28,0.0,175.56,0.0,0.0,0.0,ML,,,,0.4,nan,1
949686,1996-03-03T05:29:43Z,-39.28,0.0,175.56,0.0,0.0,0.0,ML,,,,0.5,0.0,2
949018,1996-03-03T05:54:58Z,-39.28,0.0,175.56,0.0,0.0,0.0,ML,,,,0.5,nan,1
949688,1996-03-03T06:21:41Z,-39.28,0.0,175.56,0.0,0.0,0.0,ML,,,,1.1,0.1,3
949689,1996-03-03T06:31:28Z,-39.28,0.0,175.56,0.0,0.0,0.0,ML,,,,0.8,0.2,3
949019,1996-03-03T06:36:58Z,-39.28,0.0,175.56,0.0,0.0,0.0,ML,,,,1.0,0.1,3
948648,1996-03-03T07:02:46Z,-39.28,0.0,175.56,0.0,0.0,0.0,ML,,,,0.7,0.1,2
949694,1996-03-03T08:12:51Z,-39.28,0.0,175.56,0.0,0.0,0.0,ML,,,,0.9,0.0,2
949699,1996-03-03T08:51:04Z,-39.28,0.0,175.56,0.0,0.0,0.0,ML,,,,0.6,0.0,2
926730,1996-03-03T09:25:24Z,-38.14,0.0,176.72,0.0,5.0,0.0,ML,,,,2.0,0.1,5
948653,1996-03-03T09:47:41Z,-39.28,0.0,175.56,0.0,0.0,0.0,ML,,,,1.0,0.1,3
926731,1996-03-03T09:53:13Z,-38.77,0.0,178.74,0.0,47.0,7.0,ML,,,,4.5,0.3,15
949704,1996-03-03T10:13:59Z,-39.06,0.0,175.66,0.1,5.0,0.0,ML,,,,1.1,0.3,3
957828,1996-03-03T10:14:02Z,-39.09,0.0,175.78,0.0,5.0,0.0,ML,,,,1.5,0.2,2
938202,1996-03-03T10:17:24Z,-41.04,0.1,173.96,0.0,55.0,8.0,ML,,,,2.1,0.2,4
949707,1996-03-03T10:46:00Z,-39.28,0.0,175.56,0.0,0.0,0.0,ML,,,,0.6,nan,1
949709,1996-03-03T10:50:23Z,-39.28,0.0,175.56,0.0,0.0,0.0,ML,,,,0.6,nan,1
949710,1996-03-03T10:53:00Z,-39.28,0.0,175.56,0.0,0.0,0.0,ML,,,,0.8,0.1,2
949713,1996-03-03T11:06:29Z,-39.28,0.0,175.56,0.0,0.0,0.0,ML,,,,0.7,nan,1
949717,1996-03-03T11:38:51Z,-39.28,0.0,175.56,0.0,0.0,0.0,ML,,,,0.5,nan,1
938204,1996-03-03T11:41:42Z,-40.25,0.0,174.23,0.0,93.0,2.0,ML,,,,2.7,0.3,7
949718,1996-03-03T11:58:08Z,-39.28,0.0,175.56,0.0,0.0,0.0,ML,,,,0.7,0.0,2
949722,1996-03-03T12:34:59Z,-39.28,0.0,175.56,0.0,0.0,0.0,ML,,,,0.7,nan,1
949723,1996-03-03T12:36:16Z,-39.28,0.0,175.56,0.0,0.0,0.0,ML,,,,0.6,nan,1
949725,1996-03-03T12:47:31Z,-38.92,0.0,175.81,0.0,5.0,0.0,ML,,,,1.5,0.1,3
949731,1996-03-03T13:16:02Z,-39.28,0.0,175.56,0.0,0.0,0.0,ML,,,,0.6,nan,1
949734,1996-03-03T13:24:11Z,-39.28,0.0,175.56,0.0,0.0,0.0,ML,,,,0.5,nan,1
949736,1996-03-03T13:33:56Z,-39.28,0.0,175.56,0.0,0.0,0.0,ML,,,,0.4,nan,1
949741,1996-03-03T14:07:33Z,-39.28,0.0,175.56,0.0,0.0,0.0,ML,,,,0.8,nan,1
937602,1996-03-03T14:29:13Z,-40.93,0.0,175.36,0.0,33.0,1.0,ML,,,,2.5,0.2,10
948661,1996-03-03T14:38:35Z,-39.28,0.0,175.56,0.0,0.0,0.0,ML,,,,1.0,0.1,2
948662,1996-03-03T14:45:13Z,-39.19,0.0,173.85,0.0,12.0,1.0,ML,,,,1.6,0.2,3
957782,1996-03-03T14:48:57Z,-39.28,0.0,175.56,0.0,0.0,0.0,ML,,,,0.8,0.0,2
949747,1996-03-03T15:06:57Z,-39.28,0.0,175.56,0.0,0.0,0.0,ML,,,,1.0,0.1,3
949749,1996-03-03T15:12:12Z,-39.28,0.0,175.56,0.0,0.0,0.0,ML,,,,0.4,nan,1
949751,1996-03-03T16:06:24Z,-39.28,0.0,175.56,0.0,0.0,0.0,ML,,,,0.6,nan,1
948666,1996-03-03T16:23:22Z,-39.66,0.0,174.93,0.0,79.0,4.0,ML,,,,2.3,nan,1
926734,1996-03-03T16:32:58Z,-37.13,0.0,177.44,0.0,12.0,0.0,ML,,,,2.9,0.2,5
938209,1996-03-03T16:51:42Z,-39.28,0.0,175.56,0.0,0.0,0.0,ML,,,,0.5,0.0,2
938210,1996-03-03T16:53:51Z,-39.28,0.0,175.56,0.0,0.0,0.0,ML,,,,0.3,nan,1
949752,1996-03-03T17:26:51Z,-40.29,0.0,174.87,0.1,12.0,0.0,ML,,,,2.2,0.2,4
957783,1996-03-03T17:27:25Z,-39.28,0.0,175.56,0.0,0.0,0.0,ML,,,,0.8,0.1,2
926735,1996-03-03T17:35:12Z,-38.39,0.0,178.56,0.0,27.0,2.0,ML,,,,3.0,0.1,8
949753,1996-03-03T17:44:54Z,-39.28,0.0,175.56,0.0,0.0,0.0,ML,,,,1.0,0.1,3
949754,1996-03-03T17:51:56Z,-39.28,0.0,175.56,0.0,0.0,0.0,ML,,,,0.6,0.0,2
949755,1996-03-03T17:54:40Z,-39.28,0.0,175.56,0.0,0.0,0.0,ML,,,,0.8,0.1,2
926737,1996-03-03T19:16:21Z,-39.28,0.0,175.56,0.0,0.0,0.0,ML,,,,0.7,0.1,2
937609,1996-03-03T19:47:08Z,-39.28,0.0,175.56,0.0,0.0,0.0,ML,,,,0.4,0.0,2
949384,1996-03-03T19:53:18Z,-39.28,0.0,175.56,0.0,0.0,0.0,ML,,,,0.8,nan,1
949179,1996-03-03T20:02:52Z,-39.28,0.0,175.56,0.0,0.0,0.0,ML,,,,0.9,0.1,3
949385,1996-03-03T20:05:28Z,-39.28,0.0,175.56,0.0,0.0,0.0,ML,,,,0.9,0.0,3
949159,1996-03-03T20:18:01Z,-39.09,0.0,175.66,0.1,5.0,0.0,ML,,,,0.9,0.5,2
926741,1996-03-03T20:52:21Z,-37.63,0.0,176.85,0.0,5.0,0.0,ML,,,,3.2,0.3,5
948740,1996-03-03T21:50:49Z,-39.28,0.0,175.56,0.0,0.0,0.0,ML,,,,0.9,0.1,3
950500,1996-03-03T21:58:33Z,-39.28,0.0,175.56,0.0,0.0,0.0,ML,,,,1.0,0.1,3
950501,1996-03-03T22:15:18Z,-39.28,0.0,175.56,0.0,0.0,0.0,ML,,,,0.7,0.1,3
948741,1996-03-03T22:27:22Z,-39.28,0.0,175.56,0.0,0.0,0.0,ML,,,,0.4,nan,1
950502,1996-03-03T22:50:42Z,-39.28,0.0,175.56,0.0,0.0,0.0,ML,,,,0.6,nan,1
949181,1996-03-03T23:47:18Z,-39.1,0.0,175.65,0.0,5.0,0.0,ML,,,,1.4,0.6,4
948943,1996-03-03T23:50:46Z,-43.78,0.0,171.61,0.0,12.0,0.0,ML,,,,2.3,0.0,3
948944,1996-03-04T00:36:03Z,-43.12,0.0,171.04,0.0,5.0,0.0,ML,,,,2.3,0.0,3
957784,1996-03-04T00:39:17Z,-39.28,0.0,175.56,0.0,0.0,0.0,ML,,,,0.5,nan,1
937620,1996-03-04T00:40:17Z,-39.28,0.0,175.56,0.0,0.0,0.0,ML,,,,0.9,0.2,3
957785,1996-03-04T00:41:14Z,-41.19,0.0,178.45,0.1,12.0,0.0,ML,,,,4.0,0.3,33
937622,1996-03-04T00:46:16Z,-38.31,0.0,176.39,0.0,5.0,0.0,ML,,,,1.7,0.2,3
949262,1996-03-04T00:47:28Z,-38.37,0.1,176.42,0.1,5.0,0.0,ML,,,,2.2,0.2,6
949437,1996-03-04T01:05:57Z,-39.28,0.0,175.56,0.0,0.0,0.0,ML,,,,0.9,0.1,3
948743,1996-03-04T01:31:48Z,-39.28,0.0,175.56,0.0,0.0,0.0,ML,,,,0.9,0.1,3
950209,1996-03-04T02:28:36Z,-39.28,0.0,175.56,0.0,0.0,0.0,ML,,,,0.8,0.2,3
948668,1996-03-04T02:48:18Z,-39.28,0.0,175.56,0.0,0.0,0.0,ML,,,,0.9,0.1,3
937631,1996-03-04T04:25:24Z,-39.28,0.0,175.56,0.0,0.0,0.0,ML,,,,1.1,0.1,3
948681,1996-03-04T04:39:23Z,-38.13,0.0,176.55,0.0,12.0,1.0,ML,,,,1.9,0.1,2
926752,1996-03-04T04:42:33Z,-39.28,0.0,175.56,0.0,0.0,0.0,ML,,,,0.5,0.0,2
948995,1996-03-04T04:43:12Z,-38.12,0.0,176.56,0.0,11.0,1.0,ML,,,,2.0,0.3,3
950507,1996-03-04T04:49:26Z,-39.28,0.0,175.56,0.0,0.0,0.0,ML,,,,0.8,0.1,3
937632,1996-03-04T04:51:06Z,-39.1,0.1,175.65,0.1,5.0,0.0,ML,,,,0.5,0.2,3
937633,1996-03-04T04:57:02Z,-39.12,0.0,175.68,0.3,5.0,0.0,ML,,,,0.6,0.3,3
950508,1996-03-04T04:58:15Z,-39.09,0.0,175.67,0.1,5.0,0.0,ML,,,,0.8,0.3,3
950509,1996-03-04T05:03:48Z,-39.1,0.0,175.67,0.2,5.0,0.0,ML,,,,0.8,0.2,3
950510,1996-03-04T05:04:50Z,-39.1,0.0,175.67,0.1,5.0,0.0,ML,,,,0.6,0.3,3
926753,1996-03-04T05:08:11Z,-39.28,0.0,175.56,0.0,0.0,0.0,ML,,,,0.6,nan,1
957936,1996-03-04T05:14:48Z,-39.12,0.0,175.67,0.2,5.0,0.0,ML,,,,0.2,0.3,2
950511,1996-03-04T05:14:52Z,-39.11,0.0,175.64,0.1,5.0,0.0,ML,,,,0.5,0.1,3
950512,1996-03-04T05:16:57Z,-39.09,0.0,175.66,0.1,5.0,0.0,ML,,,,0.6,0.2,3
957789,1996-03-04T05:17:08Z,-39.09,0.1,175.64,0.1,5.0,0.0,ML,,,,0.3,0.4,2
950514,1996-03-04T05:19:48Z,-39.09,0.0,175.66,0.2,5.0,0.0,ML,,,,0.8,0.1,3
949440,1996-03-04T05:22:34Z,-39.1,0.1,175.63,0.2,5.0,0.0,ML,,,,0.3,0.2,3
949441,1996-03-04T05:23:44Z,-39.1,0.1,175.64,0.1,5.0,0.0,ML,,,,0.5,0.2,3
950516,1996-03-04T05:27:52Z,-39.28,0.0,175.56,0.0,0.0,0.0,ML,,,,0.9,0.1,3
949388,1996-03-04T05:39:49Z,-39.27,0.0,174.01,0.0,12.0,0.0,ML,,,,1.4,0.3,3
950518,1996-03-04T05:48:09Z,-39.09,0.0,175.66,0.0,5.0,0.0,ML,,,,1.0,0.2,3
926754,1996-03-04T06:04:35Z,-37.55,0.1,177.13,0.1,152.0,6.0,ML,,,,3.6,0.2,6
950520,1996-03-04T06:17:28Z,-39.28,0.0,175.56,0.0,0.0,0.0,ML,,,,0.6,0.1,2
950521,1996-03-04T07:04:09Z,-39.09,0.0,175.66,0.0,5.0,0.0,ML,,,,1.1,0.4,2
950522,1996-03-04T07:10:37Z,-39.28,0.0,175.56,0.0,0.0,0.0,ML,,,,0.6,0.0,3
938223,1996-03-04T07:22:11Z,-39.15,0.0,174.97,0.0,12.0,0.0,ML,,,,2.5,0.1,4
950524,1996-03-04T08:01:55Z,-39.28,0.0,175.56,0.0,0.0,0.0,ML,,,,0.6,0.1,2
950525,1996-03-04T08:05:41Z,-39.28,0.0,175.56,0.0,0.0,0.0,ML,,,,0.7,0.0,2
950526,1996-03-04T08:17:10Z,-39.28,0.0,175.56,0.0,0.0,0.0,ML,,,,0.8,0.0,2
938226,1996-03-04T09:17:41Z,-39.28,0.0,175.56,0.0,0.0,0.0,ML,,,,0.7,0.0,2
926756,1996-03-04T09:32:49Z,-39.28,0.0,175.56,0.0,0.0,0.0,ML,,,,0.9,0.1,2
950450,1996-03-04T09:42:25Z,-39.28,0.0,175.56,0.0,0.0,0.0,ML,,,,0.7,nan,1
926557,1996-03-04T10:06:41Z,-44.44,0.0,168.55,0.0,5.0,0.0,ML,,,,3.0,0.2,12
938227,1996-03-04T10:37:43Z,-39.28,0.0,175.56,0.0,0.0,0.0,ML,,,,0.7,0.0,3
926558,1996-03-04T10:56:44Z,-44.61,0.0,168.14,0.0,12.0,0.0,ML,,,,2.8,0.3,10
950451,1996-03-04T11:00:18Z,-39.28,0.0,175.56,0.0,0.0,0.0,ML,,,,0.7,0.0,3
950528,1996-03-04T11:12:45Z,-39.28,0.0,175.56,0.0,0.0,0.0,ML,,,,0.6,0.0,2
948128,1996-03-04T11:45:47Z,-39.28,0.0,175.56,0.0,0.0,0.0,ML,,,,0.8,0.1,3
950529,1996-03-04T12:03:08Z,-39.28,0.0,175.56,0.0,0.0,0.0,ML,,,,0.9,0.1,3
948893,1996-03-04T12:21:31Z,-43.06,0.0,171.43,0.0,5.0,0.0,ML,,,,3.4,0.3,7
957795,1996-03-04T12:21:40Z,-39.28,0.0,175.56,0.0,0.0,0.0,ML,,,,0.9,0.2,4
949389,1996-03-04T12:26:09Z,-39.3,0.0,173.78,0.0,12.0,0.0,ML,,,,1.5,0.1,2
948139,1996-03-04T13:12:18Z,-39.28,0.0,175.56,0.0,0.0,0.0,ML,,,,1.1,0.1,3
950531,1996-03-04T13:23:52Z,-39.28,0.0,175.56,0.0,0.0,0.0,ML,,,,0.6,0.1,3
957796,1996-03-04T13:24:07Z,-39.28,0.0,175.56,0.0,0.0,0.0,ML,,,,0.9,0.0,2
948894,1996-03-04T13:30:58Z,-43.03,0.0,171.4,0.0,5.0,0.0,ML,,,,2.4,0.0,2
950532,1996-03-04T13:41:38Z,-39.28,0.0,175.56,0.0,0.0,0.0,ML,,,,0.8,0.1,3
948143,1996-03-04T13:43:22Z,-39.28,0.0,175.56,0.0,0.0,0.0,ML,,,,0.7,0.1,3
950533,1996-03-04T13:45:32Z,-39.28,0.0,175.56,0.0,0.0,0.0,ML,,,,0.8,0.0,3
950534,1996-03-04T13:48:05Z,-39.28,0.0,175.56,0.0,0.0,0.0,ML,,,,0.9,0.0,3
926760,1996-03-04T13:52:01Z,-39.27,0.0,175.54,0.0,0.0,0.0,ML,,,,0.5,0.1,2
948997,1996-03-04T13:56:44Z,-39.28,0.0,175.56,0.0,0.0,0.0,ML,,,,0.3,0.1,2
950537,1996-03-04T14:19:49Z,-39.08,0.1,175.66,0.1,5.0,0.0,ML,,,,0.7,0.3,3
950538,1996-03-04T14:22:39Z,-39.28,0.0,175.56,0.0,0.0,0.0,ML,,,,0.6,0.0,2
949022,1996-03-04T14:49:28Z,-42.14,0.0,172.93,0.0,5.0,0.0,ML,,,,2.1,0.2,3
926761,1996-03-04T14:51:50Z,-37.83,0.0,178.68,0.1,12.0,0.0,ML,,,,2.8,0.3,3
950455,1996-03-04T15:25:39Z,-39.28,0.0,175.56,0.0,0.0,0.0,ML,,,,0.6,0.1,2
950539,1996-03-04T15:28:53Z,-39.5,0.0,175.68,0.1,26.0,7.0,ML,,,,1.8,0.3,4
950540,1996-03-04T15:41:06Z,-39.28,0.0,175.56,0.0,0.0,0.0,ML,,,,0.7,0.1,3
948768,1996-03-04T16:14:15Z,-45.04,0.0,167.56,0.0,73.0,3.0,ML,,,,2.7,0.2,5
948769,1996-03-04T16:27:38Z,-45.45,0.0,167.5,0.0,12.0,0.0,ML,,,,2.2,0.2,3
948151,1996-03-04T16:57:18Z,-41.92,0.0,174.0,0.0,12.0,0.0,ML,,,,2.0,0.1,4
950542,1996-03-04T17:07:14Z,-39.28,0.0,175.56,0.0,0.0,0.0,ML,,,,1.0,0.1,3
957798,1996-03-04T17:21:20Z,-39.28,0.0,175.56,0.0,0.0,0.0,ML,,,,0.8,0.0,2
926766,1996-03-04T17:36:25Z,-37.79,0.0,179.25,0.0,12.0,0.0,ML,,,,3.0,0.3,3
948896,1996-03-04T18:02:07Z,-42.99,0.0,171.61,0.0,12.0,0.0,ML,,,,2.5,0.1,3
948153,1996-03-04T19:54:03Z,-40.86,0.0,175.72,0.0,22.0,1.0,ML,,,,2.2,0.2,5
949170,1996-03-04T20:14:35Z,-39.28,0.0,175.56,0.0,0.0,0.0,ML,,,,0.8,0.1,3
950544,1996-03-04T20:36:22Z,-39.28,0.0,175.56,0.0,0.0,0.0,ML,,,,1.0,0.1,3
948156,1996-03-04T21:33:09Z,-40.52,0.0,176.87,0.0,42.0,0.0,ML,,,,2.7,nan,1
948774,1996-03-04T21:39:07Z,-45.91,0.0,166.97,0.0,53.0,7.0,ML,,,,2.4,0.1,3
948158,1996-03-04T22:33:44Z,-39.87,0.0,175.36,0.0,24.0,2.0,ML,,,,2.9,0.2,16
926782,1996-03-04T22:53:32Z,-39.99,0.0,176.04,0.0,64.0,1.0,ML,,,,2.7,nan,1
926560,1996-03-04T23:28:06Z,-42.98,0.0,171.84,0.0,5.0,0.0,ML,,,,3.6,0.2,4
948160,1996-03-05T00:03:32Z,-40.9,0.0,176.4,0.0,12.0,0.0,ML,,,,2.6,0.0,1
957799,1996-03-05T00:05:03Z,-43.01,0.0,171.88,0.0,5.0,0.0,ML,,,,3.2,0.3,8
948161,1996-03-05T00:50:02Z,-40.78,0.0,175.33,0.0,30.0,1.0,ML,,,,2.2,0.1,7
926785,1996-03-05T00:54:19Z,-39.53,0.0,174.51,0.1,145.0,4.0,ML,,,,3.0,0.3,5
926786,1996-03-05T01:16:40Z,-43.05,0.0,171.39,0.0,12.0,0.0,ML,,,,2.0,0.0,2
957801,1996-03-05T01:17:16Z,-38.04,0.0,176.72,0.0,5.0,0.0,ML,,,,2.3,0.1,5
948163,1996-03-05T02:24:12Z,-40.21,0.0,174.91,0.0,5.0,0.0,ML,,,,2.3,0.2,6
948164,1996-03-05T02:58:23Z,-41.33,0.0,174.85,0.0,29.0,1.0,ML,,,,2.0,0.2,5
926789,1996-03-05T03:38:02Z,-39.28,0.0,175.56,0.0,0.0,0.0,ML,,,,1.0,0.1,3
948165,1996-03-05T03:42:05Z,-42.0,0.0,173.92,0.0,21.0,4.0,ML,,,,2.2,0.1,5
948166,1996-03-05T04:44:47Z,-39.47,0.0,174.3,0.0,139.0,5.0,ML,,,,3.2,0.2,8
948167,1996-03-05T04:55:45Z,-41.29,0.0,175.24,0.0,46.0,1.0,ML,,,,2.0,0.1,3
948168,1996-03-05T05:10:47Z,-41.92,0.0,174.02,0.0,12.0,0.0,ML,,,,2.8,0.2,10
948182,1996-03-05T10:47:22Z,-43.01,0.0,171.88,0.0,5.0,0.0,ML,,,,2.3,0.1,4
948183,1996-03-05T11:35:26Z,-41.41,0.0,174.4,0.0,32.0,1.0,ML,,,,2.1,0.1,9
952417,1996-03-05T13:38:51Z,-42.77,0.0,172.77,0.0,5.0,0.0,ML,,,,2.5,0.4,3
948188,1996-03-05T13:52:15Z,-41.03,0.0,175.46,0.0,16.0,2.0,ML,,,,1.5,0.1,3
948200,1996-03-05T14:20:46Z,-41.23,0.0,175.22,0.0,18.0,1.0,ML,,,,1.4,0.1,2
950459,1996-03-05T14:46:08Z,-39.28,0.0,175.56,0.0,0.0,0.0,ML,,,,0.5,nan,1
950574,1996-03-05T15:34:28Z,-39.28,0.0,175.56,0.0,0.0,0.0,ML,,,,0.9,nan,1
950577,1996-03-05T15:49:08Z,-39.28,0.0,175.56,0.0,0.0,0.0,ML,,,,0.9,0.0,2
950578,1996-03-05T15:56:27Z,-37.24,0.0,177.75,0.0,12.0,0.0,ML,,,,3.3,0.5,3
936692,1996-03-05T16:51:59Z,-39.2,0.0,174.17,0.0,6.0,1.0,ML,,,,1.4,0.3,3
948203,1996-03-05T19:29:24Z,-37.28,0.0,177.25,0.0,85.0,5.0,ML,,,,3.7,0.3,4
936697,1996-03-05T19:50:21Z,-44.8,0.0,168.71,0.0,5.0,0.0,ML,,,,2.7,0.2,13
957803,1996-03-05T19:52:15Z,-41.52,0.1,173.85,0.0,48.0,2.0,ML,,,,2.1,0.2,5
948204,1996-03-05T20:32:35Z,-41.3,0.0,172.55,0.0,190.0,3.0,ML,,,,3.0,0.2,12
948207,1996-03-05T21:36:25Z,-41.79,0.0,174.17,0.0,11.0,1.0,ML,,,,2.2,0.2,6
948208,1996-03-05T21:43:07Z,-38.73,0.1,176.5,0.2,187.0,37.0,ML,,,,3.2,0.3,2
948221,1996-03-05T23:27:38Z,-38.91,0.1,175.24,0.1,127.0,16.0,ML,,,,3.4,nan,1
950583,1996-03-06T00:35:06Z,-39.28,0.0,175.56,0.0,0.0,0.0,ML,,,,0.7,nan,1
948230,1996-03-06T01:05:16Z,-40.33,0.0,176.01,0.0,33.0,2.0,ML,,,,2.4,0.5,2
948233,1996-03-06T01:28:57Z,-40.86,0.0,175.59,0.0,21.0,1.0,ML,,,,2.7,0.2,11
950585,1996-03-06T02:21:32Z,-39.28,0.0,175.56,0.0,0.0,0.0,ML,,,,1.2,0.1,2
948910,1996-03-06T03:38:46Z,-42.2,0.0,173.07,0.0,12.0,0.0,ML,,,,2.3,0.1,4
936699,1996-03-06T04:43:48Z,-44.83,0.0,168.84,0.0,12.0,0.0,ML,,,,1.4,0.1,5
948241,1996-03-06T05:03:54Z,-38.36,0.0,176.02,0.0,184.0,6.0,ML,,,,3.9,0.3,14
948242,1996-03-06T05:17:36Z,-41.81,0.0,174.66,0.0,27.0,2.0,ML,,,,2.3,0.2,8
936700,1996-03-06T05:33:40Z,-46.0,0.0,166.93,0.0,104.0,2.0,ML,,,,3.6,0.2,14
948243,1996-03-06T06:18:33Z,-45.39,0.0,167.11,0.0,60.0,1.0,ML,,,,3.5,0.3,16
948815,1996-03-06T06:51:04Z,-39.28,0.0,175.56,0.0,0.0,0.0,ML,,,,0.9,nan,1
948247,1996-03-06T07:43:22Z,-40.72,0.0,174.73,0.0,34.0,1.0,ML,,,,2.3,0.2,7
949272,1996-03-06T07:52:54Z,-38.01,0.0,176.82,0.0,5.0,0.0,ML,,,,2.4,0.0,2
948914,1996-03-06T07:55:37Z,-43.04,0.0,171.85,0.0,5.0,0.0,ML,,,,2.4,0.1,3
949273,1996-03-06T08:39:42Z,-38.07,0.0,176.7,0.0,5.0,0.0,ML,,,,2.2,0.1,4
949274,1996-03-06T08:43:27Z,-38.08,0.0,176.75,0.0,5.0,0.0,ML,,,,2.0,0.1,3
950489,1996-03-06T11:39:33Z,-39.28,0.0,175.56,0.0,0.0,0.0,ML,,,,1.1,0.0,2
949277,1996-03-06T11:56:52Z,-38.03,0.0,176.8,0.1,5.0,0.0,ML,,,,2.1,0.1,4
950600,1996-03-06T12:04:19Z,-37.52,0.0,177.52,0.0,12.0,0.0,ML,,,,2.5,0.4,3
948259,1996-03-06T12:09:04Z,-38.62,0.0,175.68,0.0,197.0,3.0,ML,,,,3.7,0.1,14
948260,1996-03-06T12:37:42Z,-40.42,0.0,174.67,0.0,5.0,0.0,ML,,,,2.2,0.2,4
950606,1996-03-06T13:38:43Z,-39.28,0.0,175.56,0.0,0.0,0.0,ML,,,,0.9,nan,1
949278,1996-03-06T13:43:49Z,-37.98,0.0,176.84,0.0,12.0,0.0,ML,,,,2.4,0.3,4
950607,1996-03-06T13:47:44Z,-39.28,0.0,175.56,0.0,0.0,0.0,ML,,,,0.9,0.1,2
949279,1996-03-06T13:53:48Z,-38.72,0.0,177.44,0.0,33.0,0.0,ML,,,,3.3,0.3,15
950611,1996-03-06T14:40:41Z,-39.28,0.0,175.56,0.0,0.0,0.0,ML,,,,1.0,nan,1
948271,1996-03-06T15:08:36Z,-40.13,0.0,174.98,0.0,21.0,3.0,ML,,,,3.0,0.2,13
952146,1996-03-06T15:32:15Z,-39.74,0.0,174.02,0.0,143.0,5.0,ML,,,,3.1,nan,1
948275,1996-03-06T15:36:48Z,-39.22,0.0,175.57,0.0,99.0,3.0,ML,,,,3.2,0.1,8
948919,1996-03-06T16:24:19Z,-43.04,0.0,171.42,0.0,5.0,0.0,ML,,,,2.4,0.2,4
948277,1996-03-06T16:36:42Z,-41.07,0.0,174.82,0.0,30.0,1.0,ML,,,,2.1,0.2,8
957810,1996-03-06T16:43:51Z,-40.58,0.0,174.97,0.0,12.0,0.0,ML,,,,1.7,0.2,5
950614,1996-03-06T16:45:02Z,-39.28,0.0,175.56,0.0,0.0,0.0,ML,,,,1.0,0.1,2
948279,1996-03-06T16:50:19Z,-41.8,0.0,174.17,0.0,17.0,2.0,ML,,,,3.3,0.2,17
948280,1996-03-06T16:52:56Z,-40.68,0.0,174.97,0.0,23.0,5.0,ML,,,,1.8,0.2,6
957812,1996-03-06T16:53:26Z,-39.28,0.0,175.56,0.0,0.0,0.0,ML,,,,0.9,0.0,3
950615,1996-03-06T17:03:35Z,-39.28,0.0,175.56,0.0,0.0,0.0,ML,,,,0.7,nan,1
950616,1996-03-06T17:08:52Z,-39.28,0.0,175.56,0.0,0.0,0.0,ML,,,,0.9,0.0,2
948283,1996-03-06T17:16:02Z,-41.2,0.0,174.88,0.0,20.0,2.0,ML,,,,1.4,0.1,4
957814,1996-03-06T17:18:09Z,-39.06,0.0,175.67,0.0,5.0,0.0,ML,,,,1.3,0.1,4
950618,1996-03-06T17:19:52Z,-39.08,0.0,175.69,0.0,5.0,0.0,ML,,,,1.1,0.2,4
950619,1996-03-06T17:24:01Z,-39.07,0.0,175.65,0.0,5.0,0.0,ML,,,,1.0,0.1,3
950620,1996-03-06T17:26:01Z,-39.05,0.0,175.66,0.0,5.0,0.0,ML,,,,1.2,0.1,4
950621,1996-03-06T17:28:59Z,-39.28,0.0,175.56,0.0,0.0,0.0,ML,,,,0.7,nan,1
948284,1996-03-06T17:31:04Z,-39.08,0.0,175.68,0.0,5.0,0.0,ML,,,,0.9,0.1,3
957817,1996-03-06T17:31:42Z,-40.03,0.0,174.37,0.1,211.0,8.0,ML,,,,2.8,0.1,6
950623,1996-03-06T17:38:30Z,-39.28,0.0,175.56,0.0,0.0,0.0,ML,,,,1.0,0.1,3
957821,1996-03-06T17:42:13Z,-39.28,0.0,175.56,0.0,0.0,0.0,ML,,,,0.7,nan,1
950626,1996-03-06T17:49:39Z,-39.28,0.0,175.56,0.0,0.0,0.0,ML,,,,0.8,0.0,2
950627,1996-03-06T17:50:35Z,-39.04,0.0,175.69,0.0,5.0,0.0,ML,,,,1.2,0.1,4
949280,1996-03-06T17:57:06Z,-38.41,0.0,176.25,0.0,12.0,0.0,ML,,,,2.6,0.4,4
949281,1996-03-06T17:58:34Z,-39.05,0.0,175.65,0.0,6.0,1.0,ML,,,,1.2,0.1,4
957823,1996-03-06T17:58:49Z,-38.4,0.0,176.19,0.0,5.0,0.0,ML,,,,2.7,0.3,3
950629,1996-03-06T17:59:44Z,-39.06,0.0,175.63,0.0,5.0,0.0,ML,,,,1.2,nan,1
949282,1996-03-06T18:03:06Z,-39.08,0.0,175.59,0.0,5.0,0.0,ML,,,,1.0,0.1,3
950635,1996-03-06T18:11:29Z,-39.1,0.0,175.58,0.0,5.0,0.0,ML,,,,1.0,0.2,2
950636,1996-03-06T18:16:12Z,-39.06,0.0,175.63,0.0,5.0,0.0,ML,,,,2.0,0.1,2
950637,1996-03-06T18:18:03Z,-39.05,0.0,175.65,0.0,5.0,0.0,ML,,,,1.7,0.1,3
957824,1996-03-06T18:18:23Z,-39.05,0.0,175.65,0.0,5.0,0.0,ML,,,,1.6,0.1,3
950640,1996-03-06T18:22:55Z,-39.06,0.0,175.65,0.0,5.0,0.0,ML,,,,1.3,0.1,3
948818,1996-03-06T18:30:05Z,-39.05,0.0,175.65,0.0,5.0,0.0,ML,,,,1.2,0.0,2
950641,1996-03-06T18:34:45Z,-39.05,0.0,175.65,0.0,5.0,0.0,ML,,,,1.7,0.1,3
950642,1996-03-06T18:37:07Z,-39.05,0.0,175.65,0.0,5.0,0.0,ML,,,,1.3,0.1,3
953181,1996-03-06T18:49:32Z,-39.28,0.0,175.56,0.0,0.0,0.0,ML,,,,0.8,0.0,2
953182,1996-03-06T18:51:52Z,-39.05,0.0,175.67,0.0,5.0,0.0,ML,,,,1.5,0.1,3
953183,1996-03-06T19:03:47Z,-39.06,0.0,175.63,0.0,5.0,0.0,ML,,,,1.4,0.1,4
952870,1996-03-06T19:14:12Z,-39.44,0.0,175.79,0.0,12.0,0.0,ML,,,,2.0,0.1,4
950493,1996-03-06T19:32:38Z,-39.06,0.0,175.64,0.0,5.0,0.0,ML,,,,1.3,0.1,3
953187,1996-03-06T19:33:35Z,-39.08,0.0,175.61,0.0,5.0,0.0,ML,,,,1.2,0.1,3
948820,1996-03-06T19:38:55Z,-39.28,0.0,175.56,0.0,0.0,0.0,ML,,,,1.0,0.2,2
948285,1996-03-06T20:11:58Z,-40.5,0.0,175.91,0.0,42.0,1.0,ML,,,,2.7,0.2,4
952600,1996-03-06T20:19:39Z,-39.06,0.0,175.67,0.0,5.0,0.0,ML,,,,1.7,0.1,4
953190,1996-03-06T20:51:51Z,-39.08,0.0,175.68,0.0,5.0,0.0,ML,,,,1.2,0.1,3
952473,1996-03-06T21:02:34Z,-39.05,0.0,175.64,0.0,5.0,0.0,ML,,,,1.2,0.1,2
948286,1996-03-06T21:12:40Z,-39.05,0.0,175.67,0.0,5.0,0.0,ML,,,,1.7,0.0,4
952352,1996-03-06T21:41:42Z,-39.06,0.0,175.64,0.0,5.0,0.0,ML,,,,1.2,0.1,4
952602,1996-03-06T21:44:02Z,-39.28,0.0,175.56,0.0,0.0,0.0,ML,,,,1.1,0.4,2
952878,1996-03-06T21:56:10Z,-39.05,0.0,175.68,0.0,5.0,0.0,ML,,,,1.5,0.1,4
952474,1996-03-06T22:00:17Z,-39.02,0.0,175.61,0.0,5.0,0.0,ML,,,,1.4,0.2,3
952353,1996-03-06T22:14:36Z,-39.06,0.0,175.68,0.0,5.0,0.0,ML,,,,1.5,0.2,4
953193,1996-03-06T22:17:35Z,-39.06,0.0,175.66,0.0,7.0,2.0,ML,,,,1.5,0.2,4
953194,1996-03-06T22:21:15Z,-39.07,0.0,175.72,0.0,4.0,0.0,ML,,,,1.0,0.1,3
953195,1996-03-06T22:24:19Z,-39.04,0.0,175.72,0.0,5.0,0.0,ML,,,,1.5,0.2,3
953196,1996-03-06T22:26:03Z,-39.05,0.0,175.68,0.0,5.0,0.0,ML,,,,1.6,0.1,4
953197,1996-03-06T22:31:29Z,-39.05,0.0,175.68,0.0,5.0,0.0,ML,,,,1.4,0.1,3
953198,1996-03-06T22:33:54Z,-39.05,0.0,175.7,0.0,5.0,0.0,ML,,,,1.3,0.2,4
948822,1996-03-06T22:49:15Z,-39.08,0.0,175.68,0.0,5.0,0.0,ML,,,,1.2,0.1,3
952422,1996-03-06T22:57:47Z,-39.28,0.0,175.56,0.0,0.0,0.0,ML,,,,0.1,nan,1
952354,1996-03-06T23:01:08Z,-39.06,0.0,175.66,0.0,5.0,0.0,ML,,,,1.4,0.1,3
953045,1996-03-06T23:04:24Z,-39.08,0.0,175.74,0.0,5.0,0.0,ML,,,,1.1,0.2,3
948287,1996-03-06T23:07:48Z,-39.05,0.0,175.7,0.0,5.0,0.0,ML,,,,1.1,0.1,3
952583,1996-03-06T23:12:55Z,-39.1,0.0,175.58,0.0,5.0,0.0,ML,,,,0.8,0.3,2
953199,1996-03-06T23:13:57Z,-39.07,0.0,175.62,0.0,5.0,0.0,ML,,,,1.1,0.1,3
953200,1996-03-06T23:23:08Z,-39.09,0.0,175.6,0.0,5.0,0.0,ML,,,,1.0,0.2,2
957829,1996-03-06T23:23:17Z,-39.06,0.0,175.64,0.0,5.0,0.0,ML,,,,1.2,0.1,3
948288,1996-03-06T23:34:36Z,-39.05,0.0,175.66,0.0,5.0,0.0,ML,,,,1.1,0.1,2
948823,1996-03-06T23:38:30Z,-39.05,0.0,175.67,0.0,5.0,0.0,ML,,,,1.1,0.1,3
948289,1996-03-06T23:45:55Z,-39.05,0.0,175.69,0.0,5.0,0.0,ML,,,,1.3,0.1,4
953202,1996-03-06T23:46:28Z,-39.28,0.0,175.56,0.0,0.0,0.0,ML,,,,0.5,nan,1
949289,1996-03-06T23:52:28Z,-38.04,0.0,176.79,0.1,5.0,0.0,ML,,,,2.3,0.1,4
957832,1996-03-06T23:53:09Z,-38.04,0.0,176.79,0.0,5.0,0.0,ML,,,,2.2,0.3,4
949290,1996-03-07T00:01:26Z,-38.05,0.0,176.77,0.0,5.0,0.0,ML,,,,2.5,0.2,4
953047,1996-03-07T00:03:17Z,-39.28,0.0,175.56,0.0,0.0,0.0,ML,,,,0.9,0.0,2
952475,1996-03-07T00:11:51Z,-39.28,0.0,175.56,0.0,0.0,0.0,ML,,,,0.7,nan,1
948824,1996-03-07T00:17:40Z,-39.03,0.0,175.7,0.0,5.0,0.0,ML,,,,1.6,0.1,4
949291,1996-03-07T00:33:53Z,-39.05,0.0,175.69,0.0,5.0,0.0,ML,,,,1.7,0.1,4
953203,1996-03-07T00:53:55Z,-39.05,0.0,175.69,0.0,5.0,0.0,ML,,,,1.4,0.1,4
953204,1996-03-07T01:18:13Z,-39.05,0.0,175.73,0.0,5.0,0.0,ML,,,,1.1,0.1,3
948963,1996-03-07T01:28:11Z,-39.05,0.0,175.7,0.0,5.0,0.0,ML,,,,1.5,0.1,4
953206,1996-03-07T01:32:38Z,-39.07,0.0,175.63,0.0,5.0,0.0,ML,,,,1.7,0.1,4
953207,1996-03-07T01:35:07Z,-39.28,0.0,175.56,0.0,0.0,0.0,ML,,,,0.5,nan,1
949293,1996-03-07T01:48:27Z,-38.04,0.0,176.77,0.1,5.0,0.0,ML,,,,1.7,0.0,2
949294,1996-03-07T01:54:16Z,-38.03,0.0,176.79,0.0,5.0,0.0,ML,,,,2.0,0.1,4
953209,1996-03-07T01:58:11Z,-39.06,0.0,175.68,0.0,5.0,0.0,ML,,,,1.4,0.1,4
949296,1996-03-07T02:04:32Z,-38.05,0.0,176.76,0.0,5.0,0.0,ML,,,,2.9,0.3,5
949297,1996-03-07T02:11:19Z,-38.05,0.0,176.78,0.1,5.0,0.0,ML,,,,2.1,0.2,3
953048,1996-03-07T02:25:09Z,-39.07,0.0,175.63,0.0,5.0,0.0,ML,,,,1.6,0.1,4
952428,1996-03-07T02:32:11Z,-39.28,0.0,175.56,0.0,0.0,0.0,ML,,,,0.7,nan,1
948291,1996-03-07T02:42:01Z,-38.26,0.1,175.84,0.1,170.0,12.0,ML,,,,3.4,0.3,5
948292,1996-03-07T03:03:28Z,-41.36,0.0,174.9,0.0,27.0,1.0,ML,,,,1.5,0.2,6
948294,1996-03-07T03:12:21Z,-41.25,0.0,175.33,0.0,27.0,1.0,ML,,,,2.1,0.2,9
948965,1996-03-07T03:15:34Z,-43.11,0.0,170.79,0.1,27.0,2.0,ML,,,,2.3,0.0,3
952166,1996-03-07T03:23:31Z,-39.07,0.0,175.73,0.0,5.0,0.0,ML,,,,0.9,0.0,3
957837,1996-03-07T03:23:40Z,-39.05,0.0,175.68,0.0,5.0,0.0,ML,,,,1.5,0.1,4
957838,1996-03-07T03:28:35Z,-39.28,0.0,175.56,0.0,0.0,0.0,ML,,,,0.7,nan,1
948295,1996-03-07T03:29:31Z,-38.04,0.0,176.79,0.0,5.0,0.0,ML,,,,2.1,0.1,4
953211,1996-03-07T03:47:43Z,-39.05,0.0,175.69,0.0,5.0,0.0,ML,,,,1.3,0.1,3
949301,1996-03-07T04:10:09Z,-39.41,0.0,175.21,0.0,12.0,0.0,ML,,,,1.6,0.2,4
957839,1996-03-07T04:12:16Z,-38.03,0.0,176.8,0.1,5.0,0.0,ML,,,,2.9,0.1,4
948300,1996-03-07T04:18:55Z,-41.04,0.0,174.97,0.0,17.0,1.0,ML,,,,1.2,0.2,3
949302,1996-03-07T04:22:00Z,-38.05,0.0,176.77,0.0,5.0,0.0,ML,,,,2.3,0.1,4
949303,1996-03-07T04:25:23Z,-39.09,0.0,175.68,0.0,5.0,0.0,ML,,,,0.8,0.1,3
957840,1996-03-07T04:25:44Z,-38.04,0.0,176.8,0.1,5.0,0.0,ML,,,,2.4,0.1,4
949304,1996-03-07T04:27:14Z,-38.03,0.0,176.81,0.0,5.0,0.0,ML,,,,2.8,0.0,4
953216,1996-03-07T04:29:18Z,-39.28,0.0,175.56,0.0,0.0,0.0,ML,,,,0.7,0.0,2
948301,1996-03-07T04:31:49Z,-38.04,0.0,176.77,0.0,5.0,0.0,ML,,,,2.8,0.3,6
949305,1996-03-07T04:49:47Z,-38.04,0.0,176.82,0.0,5.0,0.0,ML,,,,2.6,0.1,4
953052,1996-03-07T05:08:24Z,-39.05,0.0,175.66,0.0,5.0,0.0,ML,,,,1.1,0.1,4
948303,1996-03-07T05:15:17Z,-39.22,0.0,173.78,0.0,5.0,0.0,ML,,,,1.8,0.4,3
953057,1996-03-07T05:40:10Z,-39.08,0.0,175.61,0.0,5.0,0.0,ML,,,,0.9,0.1,3
948307,1996-03-07T06:30:34Z,-39.06,0.0,175.67,0.0,5.0,0.0,ML,,,,1.9,0.1,4
957841,1996-03-07T06:32:44Z,-38.04,0.0,176.81,0.1,5.0,0.0,ML,,,,2.0,0.2,4
949306,1996-03-07T07:03:35Z,-45.2,0.0,167.37,0.0,78.0,1.0,ML,,,,2.2,0.1,3
957842,1996-03-07T07:05:39Z,-38.04,0.0,176.79,0.0,5.0,0.0,ML,,,,2.0,0.1,4
936726,1996-03-07T07:11:24Z,-38.05,0.0,176.72,0.0,5.0,0.0,ML,,,,2.2,0.3,5
936704,1996-03-07T07:26:17Z,-45.09,0.0,167.26,0.0,40.0,3.0,ML,,,,3.4,0.3,22
957844,1996-03-07T07:26:20Z,-41.38,0.0,174.54,0.0,27.0,1.0,ML,,,,1.8,0.1,7
957845,1996-03-07T07:27:18Z,-38.04,0.0,176.73,0.0,5.0,0.0,ML,,,,1.8,0.2,4
936729,1996-03-07T07:44:39Z,-38.44,0.0,178.6,0.1,32.0,5.0,ML,,,,3.4,0.2,5
952881,1996-03-07T07:48:03Z,-39.06,0.0,175.64,0.0,5.0,0.0,ML,,,,1.0,0.1,2
936730,1996-03-07T07:49:40Z,-39.05,0.0,175.66,0.0,5.0,0.0,ML,,,,1.0,0.2,2
957847,1996-03-07T07:49:53Z,-38.03,0.0,176.73,0.0,5.0,0.0,ML,,,,1.9,0.1,5
957848,1996-03-07T07:50:25Z,-38.01,0.0,176.83,0.1,5.0,0.0,ML,,,,1.8,0.1,3
953220,1996-03-07T08:02:37Z,-39.04,0.0,175.71,0.0,5.0,0.0,ML,,,,1.4,0.1,3
936731,1996-03-07T08:06:58Z,-38.04,0.0,176.73,0.0,5.0,0.0,ML,,,,2.0,0.2,5
953221,1996-03-07T08:08:25Z,-39.03,0.0,175.7,0.0,5.0,0.0,ML,,,,1.3,0.1,3
953223,1996-03-07T08:11:11Z,-39.07,0.0,175.65,0.0,5.0,0.0,ML,,,,0.8,0.1,3
957853,1996-03-07T08:27:18Z,-38.04,0.0,176.74,0.0,5.0,0.0,ML,,,,2.7,0.2,5
952563,1996-03-07T08:30:58Z,-39.04,0.0,175.72,0.0,5.0,0.0,ML,,,,2.4,0.1,7
953225,1996-03-07T08:35:00Z,-39.03,0.0,175.69,0.0,5.0,0.0,ML,,,,1.5,0.0,3
953226,1996-03-07T08:44:28Z,-39.06,0.0,175.65,0.0,5.0,0.0,ML,,,,1.4,0.1,3
953229,1996-03-07T08:50:16Z,-39.04,0.0,175.68,0.0,5.0,0.0,ML,,,,1.4,0.1,2
957854,1996-03-07T08:56:26Z,-39.28,0.0,175.56,0.0,0.0,0.0,ML,,,,0.8,nan,1
948310,1996-03-07T08:57:00Z,-40.17,0.0,174.84,0.0,5.0,0.0,ML,,,,2.1,0.1,5
948311,1996-03-07T08:59:09Z,-39.06,0.0,175.64,0.0,5.0,0.0,ML,,,,1.4,0.3,2
948312,1996-03-07T09:02:47Z,-41.46,0.0,174.96,0.0,26.0,1.0,ML,,,,2.5,0.1,11
952629,1996-03-07T09:09:31Z,-39.06,0.0,175.64,0.0,5.0,0.0,ML,,,,1.2,0.1,3
957857,1996-03-07T09:09:42Z,-39.04,0.0,175.69,0.0,5.0,0.0,ML,,,,1.6,0.0,3
953231,1996-03-07T09:31:40Z,-39.04,0.0,175.71,0.0,5.0,0.0,ML,,,,1.6,0.0,3
953232,1996-03-07T09:37:31Z,-39.28,0.0,175.56,0.0,0.0,0.0,ML,,,,0.8,0.1,2
952992,1996-03-07T10:01:47Z,-39.25,0.0,173.92,0.0,21.0,3.0,ML,,,,2.0,0.1,4
957859,1996-03-07T10:02:11Z,-39.06,0.0,175.64,0.0,5.0,0.0,ML,,,,1.8,0.2,3
952993,1996-03-07T10:08:07Z,-39.04,0.0,175.69,0.0,5.0,0.0,ML,,,,1.1,0.1,2
953233,1996-03-07T10:41:08Z,-39.06,0.0,175.63,0.0,5.0,0.0,ML,,,,0.9,0.2,2
936734,1996-03-07T11:09:14Z,-39.06,0.0,175.63,0.0,5.0,1.0,ML,,,,2.7,0.2,7
936735,1996-03-07T11:31:15Z,-39.0,0.1,175.6,0.1,5.0,0.0,ML,,,,1.3,0.1,2
952604,1996-03-07T11:45:09Z,-39.07,0.0,175.67,0.0,5.0,0.0,ML,,,,0.8,0.2,3
936736,1996-03-07T12:21:06Z,-39.22,0.1,177.93,0.1,33.0,0.0,ML,,,,3.0,0.1,5
953235,1996-03-07T12:25:15Z,-39.06,0.0,175.65,0.0,5.0,0.0,ML,,,,1.3,0.2,3
936737,1996-03-07T12:30:47Z,-39.65,0.0,176.32,0.0,24.0,4.0,ML,,,,2.5,0.1,6
949466,1996-03-07T12:38:27Z,-41.29,0.0,173.5,0.0,107.0,6.0,ML,,,,2.5,nan,1
952497,1996-03-07T13:17:43Z,-39.07,0.0,175.64,0.0,5.0,0.0,ML,,,,0.7,0.1,3
936738,1996-03-07T13:38:58Z,-38.83,0.0,178.57,0.0,29.0,2.0,ML,,,,3.4,0.2,3
957861,1996-03-07T13:55:44Z,-35.82,0.1,179.12,0.1,152.0,9.0,ML,,,,4.1,0.1,3
936739,1996-03-07T13:56:26Z,-42.64,0.0,173.09,0.0,45.0,4.0,ML,,,,3.3,0.2,13
952953,1996-03-07T13:58:05Z,-39.09,0.0,175.59,0.0,5.0,0.0,ML,,,,1.1,0.1,2
952310,1996-03-07T14:11:45Z,-39.28,0.0,175.56,0.0,0.0,0.0,ML,,,,1.0,0.1,2
953071,1996-03-07T14:48:18Z,-39.08,0.0,175.68,0.0,5.0,0.0,ML,,,,0.7,0.2,3
953236,1996-03-07T14:52:00Z,-39.06,0.0,175.64,0.0,5.0,0.0,ML,,,,0.9,0.3,2
953237,1996-03-07T14:52:35Z,-39.28,0.0,175.56,0.0,0.0,0.0,ML,,,,0.5,0.1,3
953238,1996-03-07T15:18:31Z,-39.05,0.0,175.69,0.0,5.0,0.0,ML,,,,0.8,0.1,4
952504,1996-03-07T15:20:08Z,-39.05,0.0,175.65,0.0,5.0,0.0,ML,,,,0.9,0.2,4
953239,1996-03-07T15:24:28Z,-39.08,0.0,175.61,0.0,5.0,0.0,ML,,,,1.7,0.1,3
936740,1996-03-07T15:34:20Z,-39.06,0.0,175.65,0.0,5.0,0.0,ML,,,,2.9,0.2,8
936742,1996-03-07T15:50:39Z,-37.56,0.0,177.36,0.0,69.0,4.0,ML,,,,3.7,0.2,10
949467,1996-03-07T16:17:12Z,-42.99,0.0,173.12,0.0,29.0,5.0,ML,,,,3.2,0.2,7
953244,1996-03-07T16:25:11Z,-39.06,0.0,175.65,0.0,5.0,0.0,ML,,,,1.2,0.1,4
952262,1996-03-07T16:49:14Z,-39.08,0.0,175.61,0.0,5.0,0.0,ML,,,,1.3,0.2,3
952177,1996-03-07T17:22:27Z,-45.22,0.0,167.34,0.0,82.0,2.0,ML,,,,2.2,0.2,3
953247,1996-03-07T17:35:53Z,-39.05,0.0,175.66,0.0,5.0,0.0,ML,,,,2.1,0.1,4
952886,1996-03-07T17:43:06Z,-39.18,0.0,175.38,0.0,5.0,0.0,ML,,,,1.2,0.1,3
948318,1996-03-07T17:53:01Z,-39.17,0.0,175.03,0.0,5.0,0.0,ML,,,,1.6,0.2,3
948319,1996-03-07T18:47:25Z,-39.22,0.0,174.92,0.0,12.0,0.0,ML,,,,1.7,0.1,4
948322,1996-03-07T19:07:10Z,-39.07,0.0,175.63,0.0,5.0,0.0,ML,,,,1.4,0.2,4
950498,1996-03-07T19:14:52Z,-39.06,0.0,175.68,0.1,5.0,0.0,ML,,,,0.8,0.1,3
936752,1996-03-07T19:29:59Z,-36.89,0.1,176.71,0.1,225.0,6.0,ML,,,,3.4,0.2,2
957864,1996-03-07T19:31:16Z,-39.12,0.0,175.59,0.0,5.0,0.0,ML,,,,0.3,0.2,3
952267,1996-03-07T20:44:56Z,-39.07,0.0,175.63,0.0,5.0,0.0,ML,,,,0.8,0.1,4
953248,1996-03-07T21:09:59Z,-39.28,0.0,175.56,0.0,0.0,0.0,ML,,,,0.6,0.1,2
948329,1996-03-07T21:37:58Z,-40.09,0.0,173.23,0.1,12.0,0.0,ML,,,,2.6,0.1,7
953249,1996-03-07T21:56:34Z,-39.06,0.0,175.65,0.0,5.0,0.0,ML,,,,0.8,0.1,3
936706,1996-03-07T22:07:22Z,-45.35,0.0,170.49,0.0,12.0,0.0,ML,,,,2.3,0.2,9
957866,1996-03-07T22:07:39Z,-39.08,0.0,175.58,0.0,12.0,0.0,ML,,,,1.1,0.3,4
952184,1996-03-07T22:32:24Z,-39.28,0.0,175.56,0.0,0.0,0.0,ML,,,,0.1,nan,1
948331,1996-03-07T22:45:32Z,-40.79,0.0,175.11,0.0,30.0,2.0,ML,,,,2.1,0.2,4
948332,1996-03-07T22:49:00Z,-41.59,0.0,174.13,0.0,12.0,0.0,ML,,,,1.6,0.2,5
953252,1996-03-07T23:03:44Z,-39.28,0.0,175.56,0.0,0.0,0.0,ML,,,,0.4,0.0,2
936760,1996-03-07T23:18:47Z,-39.09,0.0,175.68,0.0,5.0,0.0,ML,,,,0.6,0.1,4
936762,1996-03-07T23:27:59Z,-39.84,0.0,174.08,0.0,207.0,3.0,ML,,,,3.7,0.3,13
952588,1996-03-07T23:30:28Z,-39.08,0.0,175.62,0.0,5.0,0.0,ML,,,,0.9,0.2,4
952150,1996-03-07T23:32:43Z,-39.73,0.0,175.19,0.0,33.0,0.0,ML,,,,2.1,0.2,4
936764,1996-03-07T23:44:57Z,-39.07,0.0,175.62,0.0,5.0,0.0,ML,,,,2.0,0.2,5
952565,1996-03-07T23:46:35Z,-39.06,0.0,175.66,0.0,5.0,0.0,ML,,,,1.8,0.1,4
952566,1996-03-07T23:59:05Z,-39.05,0.0,175.68,0.0,5.0,0.0,ML,,,,2.4,0.2,5
953253,1996-03-08T00:04:13Z,-39.08,0.0,175.66,0.1,5.0,0.0,ML,,,,0.6,0.1,3
957868,1996-03-08T00:04:18Z,-39.28,0.0,175.56,0.0,0.0,0.0,ML,,,,0.6,0.1,2
953254,1996-03-08T00:05:37Z,-39.06,0.0,175.66,0.0,5.0,0.0,ML,,,,1.0,0.1,4
957869,1996-03-08T00:05:43Z,-39.28,0.0,175.56,0.0,0.0,0.0,ML,,,,0.6,0.1,3
952312,1996-03-08T00:07:21Z,-39.06,0.0,175.68,0.0,5.0,0.0,ML,,,,0.8,0.1,4
953255,1996-03-08T00:08:48Z,-39.09,0.0,175.63,0.0,5.0,0.0,ML,,,,0.4,0.2,3
957870,1996-03-08T00:50:08Z,-39.19,0.0,175.29,0.0,5.0,0.0,ML,,,,1.1,0.2,3
953256,1996-03-08T00:50:14Z,-39.28,0.0,175.56,0.0,0.0,0.0,ML,,,,0.7,0.1,3
936766,1996-03-08T00:53:24Z,-39.05,0.0,175.67,0.0,5.0,0.0,ML,,,,3.1,0.2,9
948338,1996-03-08T01:09:36Z,-39.06,0.0,175.65,0.0,5.0,0.0,ML,,,,2.8,0.2,7
949307,1996-03-08T01:49:18Z,-38.04,0.0,176.79,0.0,5.0,0.0,ML,,,,2.1,0.2,4
936707,1996-03-08T03:14:20Z,-44.86,0.0,169.12,0.0,5.0,0.0,ML,,,,1.5,0.1,6
936708,1996-03-08T03:43:53Z,-45.41,0.0,166.78,0.0,12.0,0.0,ML,,,,2.8,0.2,12
952569,1996-03-08T04:14:16Z,-39.28,0.0,175.56,0.0,0.0,0.0,ML,,,,0.7,0.1,2
953089,1996-03-08T04:31:27Z,-39.28,0.0,175.56,0.0,0.0,0.0,ML,,,,0.6,0.1,2
936772,1996-03-08T04:57:23Z,-38.03,0.0,176.76,0.0,5.0,0.0,ML,,,,1.8,0.1,5
936773,1996-03-08T05:03:49Z,-38.04,0.0,176.74,0.0,5.0,0.0,ML,,,,2.3,0.1,5
949308,1996-03-08T05:14:51Z,-38.03,0.0,176.78,0.0,5.0,0.0,ML,,,,1.6,0.1,4
949309,1996-03-08T05:23:17Z,-38.04,0.0,176.77,0.0,5.0,0.0,ML,,,,1.6,0.1,4
957871,1996-03-08T05:23:26Z,-38.04,0.0,176.81,0.0,5.0,0.0,ML,,,,1.8,0.1,4
957872,1996-03-08T06:00:52Z,-39.21,0.0,173.47,0.0,12.0,0.0,ML,,,,2.7,0.2,3
949310,1996-03-08T06:01:50Z,-38.03,0.0,176.79,0.0,5.0,0.0,ML,,,,1.6,0.0,4
936774,1996-03-08T06:12:44Z,-38.23,0.0,176.54,0.0,5.0,0.0,ML,,,,3.8,0.4,5
948351,1996-03-08T06:24:10Z,-41.56,0.0,175.14,0.0,20.0,1.0,ML,,,,1.9,0.1,9
953385,1996-03-08T06:24:52Z,-39.06,0.0,175.66,0.0,6.0,2.0,ML,,,,1.7,0.1,4
949311,1996-03-08T06:31:22Z,-39.28,0.0,175.56,0.0,0.0,0.0,ML,,,,0.9,0.2,3
952512,1996-03-08T07:09:55Z,-39.04,0.0,175.66,0.0,5.0,0.0,ML,,,,0.9,0.1,4
953391,1996-03-08T07:13:16Z,-39.18,0.0,176.35,0.0,58.0,5.0,ML,,,,3.1,0.3,7
953392,1996-03-08T07:15:23Z,-39.05,0.0,175.66,0.0,5.0,0.0,ML,,,,0.7,0.2,2
957873,1996-03-08T07:16:38Z,-38.52,0.0,175.88,0.0,167.0,2.0,ML,,,,4.4,0.3,18
936780,1996-03-08T07:37:13Z,-38.25,0.0,176.5,0.0,5.0,0.0,ML,,,,1.8,0.2,4
936781,1996-03-08T07:45:41Z,-46.02,0.0,165.71,0.1,12.0,0.0,ML,,,,3.0,0.2,2
953401,1996-03-08T07:50:39Z,-39.05,0.0,175.66,0.0,5.0,0.0,ML,,,,1.4,0.1,3
936709,1996-03-08T08:22:39Z,-44.98,0.0,167.56,0.0,69.0,2.0,ML,,,,2.8,0.2,10
953100,1996-03-08T08:47:31Z,-39.06,0.0,175.64,0.0,5.0,0.0,ML,,,,1.7,0.1,4
957923,1996-03-08T08:47:57Z,-39.28,0.0,175.56,0.0,0.0,0.0,ML,,,,0.8,0.1,3
953403,1996-03-08T09:00:41Z,-39.06,0.0,175.65,0.0,5.0,0.0,ML,,,,0.9,0.2,3
936783,1996-03-08T09:58:15Z,-39.44,0.0,174.7,0.0,12.0,0.0,ML,,,,2.2,0.1,4
957874,1996-03-08T10:00:16Z,-38.04,0.0,176.73,0.0,5.0,0.0,ML,,,,2.6,0.2,6
949316,1996-03-08T10:05:36Z,-38.06,0.0,176.74,0.0,5.0,0.0,ML,,,,1.6,0.0,3
949317,1996-03-08T10:07:41Z,-38.25,0.1,176.09,0.1,12.0,0.0,ML,,,,1.8,0.2,2
953407,1996-03-08T10:10:02Z,-39.28,0.0,175.56,0.0,0.0,0.0,ML,,,,0.4,0.1,3
948352,1996-03-08T10:15:57Z,-39.28,0.0,175.56,0.0,0.0,0.0,ML,,,,0.5,0.0,3
953101,1996-03-08T10:26:32Z,-39.28,0.0,175.56,0.0,0.0,0.0,ML,,,,1.0,0.2,2
948353,1996-03-08T10:43:20Z,-38.05,0.0,176.73,0.0,5.0,0.0,ML,,,,1.7,0.1,4
949319,1996-03-08T10:50:10Z,-38.03,0.0,176.8,0.0,5.0,0.0,ML,,,,1.8,0.1,4
948354,1996-03-08T10:57:03Z,-39.05,0.0,175.66,0.0,5.0,0.0,ML,,,,2.0,0.2,3
949469,1996-03-08T11:50:13Z,-39.07,0.0,175.63,0.0,5.0,0.0,ML,,,,0.7,0.2,4
952275,1996-03-08T11:57:12Z,-43.12,0.0,171.02,0.0,12.0,0.0,ML,,,,2.0,0.1,2
936786,1996-03-08T12:06:40Z,-38.04,0.0,176.73,0.0,5.0,0.0,ML,,,,2.5,0.1,5
948357,1996-03-08T12:34:39Z,-40.07,0.0,174.94,0.0,12.0,0.0,ML,,,,2.1,0.1,10
953108,1996-03-08T12:55:51Z,-39.06,0.0,175.51,0.0,5.0,0.0,ML,,,,0.6,0.1,3
952906,1996-03-08T13:02:28Z,-39.1,0.0,175.01,0.0,12.0,0.0,ML,,,,1.8,0.1,4
936711,1996-03-08T13:09:01Z,-46.87,0.0,165.35,0.0,33.0,0.0,ML,,,,3.3,0.0,6
957875,1996-03-08T13:11:31Z,-39.28,0.0,175.56,0.0,0.0,0.0,ML,,,,0.4,0.0,3
953411,1996-03-08T13:14:33Z,-39.11,0.0,175.55,0.0,5.0,0.0,ML,,,,0.3,0.3,3
948358,1996-03-08T13:32:33Z,-43.06,0.0,171.47,0.0,12.0,0.0,ML,,,,2.5,0.1,3
957876,1996-03-08T13:34:39Z,-41.12,0.0,174.57,0.0,47.0,1.0,ML,,,,2.2,0.2,7
948359,1996-03-08T13:40:37Z,-41.57,0.0,175.15,0.0,20.0,1.0,ML,,,,1.9,0.1,10
948360,1996-03-08T13:43:25Z,-41.59,0.0,175.14,0.0,22.0,1.0,ML,,,,2.6,0.2,13
948361,1996-03-08T13:46:07Z,-41.56,0.0,175.14,0.0,21.0,1.0,ML,,,,1.8,0.1,4
957877,1996-03-08T13:46:08Z,-41.55,0.0,175.13,0.0,20.0,1.0,ML,,,,2.3,0.1,11
948362,1996-03-08T13:49:46Z,-41.58,0.0,175.14,0.0,20.0,1.0,ML,,,,2.0,0.1,10
957878,1996-03-08T13:51:04Z,-41.61,0.0,175.14,0.0,22.0,2.0,ML,,,,3.0,0.2,14
948364,1996-03-08T14:06:25Z,-41.6,0.0,175.13,0.0,19.0,4.0,ML,,,,1.2,0.1,6
948365,1996-03-08T14:08:51Z,-41.57,0.0,175.15,0.0,20.0,1.0,ML,,,,2.1,0.1,10
936787,1996-03-08T14:14:41Z,-38.67,0.0,177.75,0.0,57.0,2.0,ML,,,,3.4,0.2,15
948366,1996-03-08T14:26:14Z,-41.61,0.0,175.13,0.0,16.0,3.0,ML,,,,1.3,0.1,6
948367,1996-03-08T14:28:31Z,-39.28,0.0,175.56,0.0,0.0,0.0,ML,,,,0.4,0.1,3
957880,1996-03-08T14:31:02Z,-41.58,0.0,175.14,0.0,19.0,1.0,ML,,,,1.8,0.1,11
948368,1996-03-08T14:34:19Z,-41.57,0.0,175.14,0.0,21.0,1.0,ML,,,,2.1,0.1,10
948369,1996-03-08T14:36:22Z,-41.56,0.0,175.14,0.0,19.0,2.0,ML,,,,1.5,0.1,8
948370,1996-03-08T14:43:40Z,-41.56,0.0,175.14,0.0,17.0,3.0,ML,,,,1.4,0.1,8
957881,1996-03-08T14:43:49Z,-41.57,0.0,175.12,0.0,17.0,2.0,ML,,,,1.7,0.1,8
948371,1996-03-08T15:06:49Z,-41.57,0.0,175.13,0.0,16.0,3.0,ML,,,,1.6,0.1,6
948372,1996-03-08T15:17:33Z,-41.5,0.0,175.12,0.0,15.0,2.0,ML,,,,1.7,0.1,7
936789,1996-03-08T15:34:03Z,-41.32,0.0,175.19,0.0,27.0,2.0,ML,,,,1.2,0.1,5
952431,1996-03-08T15:51:43Z,-39.28,0.0,175.56,0.0,0.0,0.0,ML,,,,0.6,nan,1
949321,1996-03-08T16:01:16Z,-39.28,0.0,175.56,0.0,0.0,0.0,ML,,,,0.4,0.3,3
948374,1996-03-08T16:32:39Z,-41.28,0.0,175.24,0.0,26.0,2.0,ML,,,,1.3,0.1,4
953110,1996-03-08T16:35:47Z,-39.08,0.0,175.67,0.0,5.0,0.0,ML,,,,0.8,0.2,3
953423,1996-03-08T16:43:46Z,-39.28,0.0,175.56,0.0,0.0,0.0,ML,,,,0.7,nan,1
936791,1996-03-08T16:51:10Z,-38.02,0.0,176.75,0.0,5.0,0.0,ML,,,,1.8,0.1,5
948376,1996-03-08T17:10:52Z,-41.33,0.0,173.73,0.0,59.0,2.0,ML,,,,2.6,0.1,9
948378,1996-03-08T18:15:08Z,-40.5,0.0,175.62,0.0,61.0,2.0,ML,,,,2.1,0.1,6
953369,1996-03-08T18:36:40Z,-39.46,0.0,175.9,0.0,12.0,0.0,ML,,,,1.8,0.3,3
948383,1996-03-08T18:58:06Z,-40.12,0.0,174.9,0.0,27.0,2.0,ML,,,,2.6,0.3,16
953424,1996-03-08T19:11:20Z,-39.28,0.0,175.56,0.0,0.0,0.0,ML,,,,0.4,nan,1
953425,1996-03-08T19:15:30Z,-39.28,0.0,175.56,0.0,0.0,0.0,ML,,,,1.0,0.1,3
948384,1996-03-08T19:25:02Z,-39.28,0.0,175.56,0.0,0.0,0.0,ML,,,,0.4,0.0,2
957882,1996-03-08T19:26:22Z,-40.64,0.0,175.49,0.0,30.0,1.0,ML,,,,2.6,0.2,11
948385,1996-03-08T19:47:30Z,-42.07,0.0,173.98,0.0,13.0,2.0,ML,,,,2.8,0.2,17
948386,1996-03-08T19:50:42Z,-42.07,0.0,173.96,0.0,15.0,3.0,ML,,,,2.5,0.2,9
957883,1996-03-08T19:51:11Z,-41.56,0.0,175.14,0.0,17.0,2.0,ML,,,,2.4,0.1,9
936793,1996-03-08T19:59:14Z,-39.16,0.0,174.11,0.1,12.0,0.0,ML,,,,2.3,0.2,5
949325,1996-03-08T20:06:15Z,-39.07,0.0,175.63,0.0,5.0,0.0,ML,,,,0.8,0.2,4
952361,1996-03-08T21:33:56Z,-39.28,0.0,175.56,0.0,0.0,0.0,ML,,,,0.4,0.1,3
953429,1996-03-08T21:43:50Z,-39.1,0.0,175.66,0.1,5.0,0.0,ML,,,,1.2,0.4,3
953430,1996-03-08T21:47:39Z,-39.28,0.0,175.56,0.0,0.0,0.0,ML,,,,0.3,0.0,2
953431,1996-03-08T21:53:43Z,-39.28,0.0,175.56,0.0,0.0,0.0,ML,,,,0.6,0.1,3
953433,1996-03-08T22:18:41Z,-39.28,0.0,175.56,0.0,0.0,0.0,ML,,,,1.1,0.1,3
936801,1996-03-08T22:22:48Z,-38.03,0.1,176.6,0.0,12.0,0.0,ML,,,,2.5,nan,1
952169,1996-03-08T22:35:21Z,-39.28,0.0,175.56,0.0,0.0,0.0,ML,,,,0.9,0.1,3
936802,1996-03-08T22:41:15Z,-39.28,0.0,175.56,0.0,0.0,0.0,ML,,,,0.7,0.1,3
953434,1996-03-08T22:51:10Z,-39.28,0.0,175.56,0.0,0.0,0.0,ML,,,,0.4,nan,1
953435,1996-03-08T23:13:26Z,-39.07,0.0,175.63,0.0,5.0,0.0,ML,,,,0.8,0.2,3
953436,1996-03-08T23:14:52Z,-39.28,0.0,175.56,0.0,0.0,0.0,ML,,,,0.7,0.1,3
948387,1996-03-08T23:17:30Z,-41.56,0.0,175.13,0.0,16.0,3.0,ML,,,,1.7,0.1,8
952276,1996-03-08T23:20:27Z,-43.01,0.0,171.43,0.0,5.0,0.0,ML,,,,2.1,0.2,4
953437,1996-03-08T23:21:19Z,-39.44,0.0,175.38,0.1,5.0,0.0,ML,,,,1.2,0.3,3
948388,1996-03-08T23:29:37Z,-39.28,0.0,175.56,0.0,0.0,0.0,ML,,,,0.8,0.1,3
953438,1996-03-08T23:50:00Z,-39.28,0.0,175.56,0.0,0.0,0.0,ML,,,,1.0,0.1,3
948389,1996-03-08T23:59:07Z,-41.58,0.0,175.15,0.0,20.0,2.0,ML,,,,1.8,0.1,9
952277,1996-03-09T00:03:04Z,-42.98,0.0,171.12,0.0,12.0,0.0,ML,,,,2.6,0.3,4
948390,1996-03-09T00:24:34Z,-40.93,0.0,175.92,0.0,31.0,2.0,ML,,,,3.2,0.2,12
948391,1996-03-09T00:39:38Z,-41.36,0.0,173.72,0.0,64.0,2.0,ML,,,,3.2,0.2,14
936805,1996-03-09T00:54:28Z,-43.04,0.0,171.99,0.0,20.0,2.0,ML,,,,2.1,0.2,3
948392,1996-03-09T01:05:46Z,-40.32,0.0,176.09,0.0,12.0,0.0,ML,,,,2.5,0.1,7
952193,1996-03-09T01:24:18Z,-45.33,0.0,167.25,0.0,58.0,4.0,ML,,,,2.6,0.1,3
948393,1996-03-09T01:37:09Z,-41.62,0.0,175.14,0.0,17.0,1.0,ML,,,,1.6,0.1,5
953439,1996-03-09T01:46:17Z,-40.51,0.0,176.85,0.0,40.0,2.0,ML,,,,2.6,nan,1
948394,1996-03-09T02:06:16Z,-41.67,0.0,175.13,0.0,12.0,0.0,ML,,,,1.5,0.1,5
952612,1996-03-09T02:52:14Z,-39.28,0.0,175.56,0.0,0.0,0.0,ML,,,,0.8,0.0,3
957885,1996-03-09T03:05:52Z,-40.41,0.0,176.55,0.0,20.0,2.0,ML,,,,2.6,0.2,7
948400,1996-03-09T03:18:35Z,-39.48,0.0,175.0,0.0,103.0,3.0,ML,,,,2.9,0.2,9
952910,1996-03-09T03:28:51Z,-39.28,0.0,175.56,0.0,0.0,0.0,ML,,,,1.0,0.2,3
953443,1996-03-09T03:29:33Z,-39.05,0.0,175.69,0.0,5.0,0.0,ML,,,,1.3,0.2,4
952529,1996-03-09T03:53:40Z,-39.28,0.0,175.56,0.0,0.0,0.0,ML,,,,0.7,0.0,3
952368,1996-03-09T04:00:07Z,-39.28,0.0,175.56,0.0,0.0,0.0,ML,,,,0.7,0.1,3
957886,1996-03-09T04:24:12Z,-43.44,0.0,170.63,0.0,5.0,0.0,ML,,,,2.5,0.2,5
936811,1996-03-09T04:25:31Z,-39.05,0.0,175.68,0.0,5.0,0.0,ML,,,,1.5,0.1,5
953286,1996-03-09T04:57:46Z,-39.16,0.0,175.06,0.0,12.0,0.0,ML,,,,1.7,0.2,3
936815,1996-03-09T05:19:14Z,-35.48,0.0,178.39,0.0,302.0,2.0,ML,,,,4.2,0.1,3
948402,1996-03-09T06:12:53Z,-40.93,0.0,175.73,0.0,29.0,1.0,ML,,,,1.6,0.1,4
936713,1996-03-09T07:10:01Z,-45.25,0.0,167.29,0.0,80.0,2.0,ML,,,,4.0,0.2,5
953125,1996-03-09T07:21:53Z,-39.28,0.0,175.56,0.0,0.0,0.0,ML,,,,0.9,0.1,3
950274,1996-03-09T07:27:46Z,-39.28,0.0,175.56,0.0,0.0,0.0,ML,,,,1.0,0.1,3
936817,1996-03-09T07:35:44Z,-38.4,0.0,177.82,0.0,29.0,4.0,ML,,,,3.0,0.1,4
952575,1996-03-09T07:46:07Z,-39.28,0.0,175.56,0.0,0.0,0.0,ML,,,,1.0,0.1,2
953445,1996-03-09T07:47:20Z,-39.07,0.0,175.63,0.0,5.0,0.0,ML,,,,2.1,0.1,4
953446,1996-03-09T07:49:06Z,-39.06,0.0,175.64,0.0,5.0,0.0,ML,,,,1.1,0.2,3
948404,1996-03-09T08:13:02Z,-41.76,0.0,174.52,0.0,32.0,4.0,ML,,,,1.9,0.2,4
953129,1996-03-09T08:44:01Z,-39.31,0.0,175.75,0.1,12.0,0.0,ML,,,,1.2,0.2,3
936819,1996-03-09T08:48:45Z,-37.34,0.0,177.38,0.0,5.0,0.0,ML,,,,3.0,0.1,4
950290,1996-03-09T09:02:55Z,-43.08,0.0,171.1,0.0,5.0,0.0,ML,,,,2.6,0.3,4
957887,1996-03-09T09:03:58Z,-40.81,0.0,175.12,0.0,28.0,1.0,ML,,,,2.7,0.2,14
948406,1996-03-09T09:08:44Z,-41.32,0.0,175.18,0.0,23.0,1.0,ML,,,,1.6,0.2,9
950291,1996-03-09T09:12:06Z,-39.24,0.0,174.97,0.0,26.0,4.0,ML,,,,1.9,0.1,4
952195,1996-03-09T09:46:18Z,-44.93,0.0,167.69,0.0,73.0,1.0,ML,,,,2.1,0.4,2
953131,1996-03-09T10:06:30Z,-39.16,0.0,175.4,0.0,12.0,0.0,ML,,,,1.0,0.1,3
936820,1996-03-09T10:19:43Z,-37.88,0.0,179.27,0.0,20.0,2.0,ML,,,,3.2,0.3,4
957889,1996-03-09T10:20:50Z,-39.11,0.0,174.96,0.0,229.0,4.0,ML,,,,4.3,0.1,18
936821,1996-03-09T10:26:01Z,-36.17,0.1,177.66,0.1,203.0,6.0,ML,,,,3.9,0.2,4
950304,1996-03-09T10:29:47Z,-39.28,0.0,175.56,0.0,0.0,0.0,ML,,,,0.5,0.0,2
950307,1996-03-09T10:43:24Z,-39.28,0.0,175.56,0.0,0.0,0.0,ML,,,,0.5,0.1,2
953450,1996-03-09T10:46:21Z,-39.28,0.0,175.56,0.0,0.0,0.0,ML,,,,0.7,0.1,2
953451,1996-03-09T10:47:32Z,-39.28,0.0,175.56,0.0,0.0,0.0,ML,,,,0.6,0.1,2
953452,1996-03-09T11:08:01Z,-39.28,0.0,175.56,0.0,0.0,0.0,ML,,,,0.2,0.1,2
950311,1996-03-09T11:11:39Z,-39.28,0.0,175.56,0.0,0.0,0.0,ML,,,,0.8,0.1,2
953453,1996-03-09T11:25:05Z,-39.41,0.0,175.88,0.0,5.0,0.0,ML,,,,1.9,0.1,4
950313,1996-03-09T11:38:16Z,-39.28,0.0,175.53,0.0,0.0,0.0,ML,,,,0.6,0.0,2
953287,1996-03-09T11:43:08Z,-39.28,0.0,175.56,0.0,0.0,0.0,ML,,,,0.9,0.1,3
936824,1996-03-09T12:03:07Z,-39.81,0.0,176.78,0.0,33.0,0.0,ML,,,,2.6,0.3,5
952531,1996-03-09T12:46:45Z,-39.28,0.0,175.56,0.0,0.0,0.0,ML,,,,0.4,0.1,2
936830,1996-03-09T13:52:56Z,-37.75,0.0,177.51,0.0,59.0,5.0,ML,,,,2.6,0.2,4
957890,1996-03-09T14:06:55Z,-38.13,0.0,176.21,0.0,168.0,3.0,ML,,,,3.8,0.2,17
936831,1996-03-09T14:06:57Z,-41.57,0.0,175.13,0.0,21.0,1.0,ML,,,,1.6,0.1,8
953455,1996-03-09T14:19:10Z,-39.06,0.0,175.64,0.0,5.0,0.0,ML,,,,1.1,0.2,3
953456,1996-03-09T14:26:45Z,-39.28,0.0,175.56,0.0,0.0,0.0,ML,,,,0.8,0.1,2
950327,1996-03-09T14:35:58Z,-39.15,0.0,175.21,0.0,12.0,0.0,ML,,,,1.2,0.1,2
953457,1996-03-09T14:47:51Z,-39.28,0.0,175.56,0.0,0.0,0.0,ML,,,,0.6,0.0,2
953458,1996-03-09T15:12:57Z,-39.28,0.0,175.56,0.0,0.0,0.0,ML,,,,0.9,0.1,2
936834,1996-03-09T15:47:41Z,-37.95,0.0,177.99,0.0,61.0,2.0,ML,,,,2.6,0.2,3
936835,1996-03-09T17:20:25Z,-41.29,0.0,175.21,0.0,15.0,2.0,ML,,,,1.8,0.1,4
950338,1996-03-09T18:43:43Z,-39.28,0.0,175.56,0.0,0.0,0.0,ML,,,,1.1,0.4,2
948416,1996-03-09T19:22:30Z,-39.06,0.0,175.66,0.0,5.0,0.0,ML,,,,1.4,0.1,4
936843,1996-03-09T20:33:29Z,-39.28,0.0,175.56,0.0,0.0,0.0,ML,,,,0.6,0.1,3
948418,1996-03-09T21:05:13Z,-40.67,0.1,173.44,0.0,232.0,3.0,ML,,,,3.1,0.1,5
936845,1996-03-09T21:15:19Z,-39.28,0.0,175.56,0.0,0.0,0.0,ML,,,,1.1,0.1,3
948420,1996-03-09T21:29:20Z,-41.26,0.0,173.0,0.0,110.0,4.0,ML,,,,2.9,0.3,9
950355,1996-03-09T21:35:06Z,-39.28,0.0,175.56,0.0,0.0,0.0,ML,,,,0.7,0.1,3
950357,1996-03-09T21:42:46Z,-39.28,0.0,175.56,0.0,0.0,0.0,ML,,,,0.8,0.1,3
953375,1996-03-09T22:02:36Z,-39.88,0.0,175.4,0.0,12.0,0.0,ML,,,,2.3,0.1,5
948421,1996-03-09T22:04:31Z,-45.34,0.0,166.71,0.1,12.0,0.0,ML,,,,2.4,0.3,2
950370,1996-03-09T23:10:15Z,-43.08,0.0,171.02,0.0,12.0,0.0,ML,,,,2.6,0.1,3
948423,1996-03-09T23:35:35Z,-40.63,0.0,174.33,0.0,41.0,3.0,ML,,,,1.8,0.1,3
952435,1996-03-09T23:48:11Z,-39.28,0.0,175.56,0.0,0.0,0.0,ML,,,,0.5,0.0,3
936848,1996-03-10T00:26:31Z,-38.33,0.0,176.21,0.0,165.0,4.0,ML,,,,4.1,0.3,16
948428,1996-03-10T00:29:41Z,-40.86,0.0,174.75,0.0,16.0,2.0,ML,,,,2.2,0.2,7
936850,1996-03-10T00:46:45Z,-40.57,0.0,173.81,0.0,139.0,4.0,ML,,,,2.9,0.2,7
936851,1996-03-10T00:54:48Z,-39.65,0.0,175.5,0.0,69.0,2.0,ML,,,,3.4,0.3,11
950385,1996-03-10T01:45:23Z,-39.28,0.0,175.56,0.0,0.0,0.0,ML,,,,1.3,0.0,2
948429,1996-03-10T01:47:47Z,-39.28,0.0,175.56,0.0,0.0,0.0,ML,,,,1.0,0.1,3
948434,1996-03-10T02:42:16Z,-39.28,0.0,175.56,0.0,0.0,0.0,ML,,,,0.6,0.0,2
950394,1996-03-10T03:21:37Z,-39.28,0.0,175.56,0.0,0.0,0.0,ML,,,,0.8,0.0,2
955792,1996-03-10T03:46:32Z,-39.28,0.0,175.56,0.0,0.0,0.0,ML,,,,0.7,0.1,3
952157,1996-03-10T03:48:39Z,-40.12,0.0,174.93,0.0,24.0,2.0,ML,,,,2.2,0.1,5
952326,1996-03-10T04:37:48Z,-39.28,0.0,175.56,0.0,0.0,0.0,ML,,,,0.3,0.0,3
948440,1996-03-10T04:43:34Z,-40.12,0.0,174.9,0.0,26.0,2.0,ML,,,,2.6,0.2,14
950402,1996-03-10T04:58:54Z,-39.28,0.0,175.56,0.0,0.0,0.0,ML,,,,0.3,nan,1
952441,1996-03-10T05:19:21Z,-39.28,0.0,175.56,0.0,0.0,0.0,ML,,,,0.5,nan,1
948444,1996-03-10T06:17:02Z,-40.91,0.0,175.45,0.0,24.0,1.0,ML,,,,3.0,0.2,16
950407,1996-03-10T06:22:36Z,-39.28,0.0,175.56,0.0,0.0,0.0,ML,,,,0.6,0.1,2
950409,1996-03-10T06:29:44Z,-39.06,0.0,175.67,0.0,5.0,0.0,ML,,,,1.7,0.2,4
957895,1996-03-10T06:30:27Z,-39.28,0.0,175.56,0.0,0.0,0.0,ML,,,,0.4,0.0,2
948445,1996-03-10T06:32:00Z,-40.81,0.0,174.64,0.0,45.0,2.0,ML,,,,3.1,0.3,13
952924,1996-03-10T06:37:17Z,-39.97,0.0,176.76,0.0,12.0,0.0,ML,,,,3.0,0.4,4
955797,1996-03-10T06:43:00Z,-39.28,0.0,175.56,0.0,0.0,0.0,ML,,,,0.4,nan,1
948447,1996-03-10T06:50:28Z,-40.87,0.0,174.77,0.0,18.0,1.0,ML,,,,2.6,0.2,14
948448,1996-03-10T07:07:05Z,-39.28,0.0,175.56,0.0,0.0,0.0,ML,,,,0.3,nan,1
948451,1996-03-10T07:17:48Z,-40.78,0.0,174.6,0.0,44.0,1.0,ML,,,,2.0,0.1,3
957896,1996-03-10T07:18:20Z,-40.78,0.0,174.59,0.0,42.0,1.0,ML,,,,1.7,0.1,3
957897,1996-03-10T07:18:21Z,-39.28,0.0,175.56,0.0,0.0,0.0,ML,,,,0.5,nan,1
936864,1996-03-10T07:54:42Z,-37.11,0.0,176.33,0.1,327.0,3.0,ML,,,,3.8,0.2,13
950415,1996-03-10T07:58:39Z,-39.28,0.0,175.56,0.0,0.0,0.0,ML,,,,0.6,nan,1
955799,1996-03-10T08:01:05Z,-39.28,0.0,175.56,0.0,0.0,0.0,ML,,,,0.7,nan,1
952201,1996-03-10T08:11:54Z,-39.28,0.0,175.56,0.0,0.0,0.0,ML,,,,0.8,nan,1
955802,1996-03-10T08:14:48Z,-39.28,0.0,175.56,0.0,0.0,0.0,ML,,,,0.7,nan,1
948455,1996-03-10T08:40:29Z,-39.28,0.0,175.56,0.0,0.0,0.0,ML,,,,0.4,nan,1
948456,1996-03-10T08:44:22Z,-40.11,0.0,174.89,0.1,12.0,0.0,ML,,,,2.1,0.2,6
952327,1996-03-10T08:52:40Z,-39.28,0.0,175.56,0.0,0.0,0.0,ML,,,,0.2,nan,1
955806,1996-03-10T09:04:11Z,-39.28,0.0,175.56,0.0,0.0,0.0,ML,,,,0.5,nan,1
936714,1996-03-10T09:41:14Z,-39.28,0.0,175.56,0.0,0.0,0.0,ML,,,,0.4,0.3,2
953345,1996-03-10T09:52:30Z,-45.26,0.0,166.98,0.1,12.0,0.0,ML,,,,3.0,0.1,12
957901,1996-03-10T09:53:21Z,-39.28,0.0,175.56,0.0,0.0,0.0,ML,,,,0.8,0.0,2
948466,1996-03-10T10:10:35Z,-39.15,0.0,175.67,0.0,5.0,0.0,ML,,,,1.3,0.3,4
952158,1996-03-10T10:52:08Z,-39.44,0.0,175.77,0.0,12.0,0.0,ML,,,,1.9,0.1,3
948475,1996-03-10T11:47:21Z,-40.82,0.0,174.6,0.0,59.0,3.0,ML,,,,2.1,0.3,6
955812,1996-03-10T12:04:22Z,-39.09,0.0,175.6,0.0,5.0,0.0,ML,,,,0.9,0.2,3
955814,1996-03-10T12:06:30Z,-39.07,0.0,175.63,0.0,5.0,0.0,ML,,,,0.8,0.2,2
955815,1996-03-10T13:24:50Z,-39.28,0.0,175.56,0.0,0.0,0.0,ML,,,,1.0,0.0,2
936867,1996-03-10T14:18:47Z,-36.57,0.1,177.65,0.1,12.0,0.0,ML,,,,3.6,0.1,5
948495,1996-03-10T17:28:44Z,-40.21,0.0,174.3,0.0,85.0,7.0,ML,,,,2.8,0.2,7
936874,1996-03-10T18:02:21Z,-40.19,0.0,173.6,0.0,157.0,4.0,ML,,,,3.7,0.3,15
955834,1996-03-10T19:12:03Z,-39.06,0.0,175.68,0.0,5.0,0.0,ML,,,,1.2,0.1,4
936882,1996-03-10T19:36:55Z,-41.67,0.0,174.28,0.0,12.0,0.0,ML,,,,2.4,0.2,8
955837,1996-03-10T19:51:24Z,-39.28,0.0,175.56,0.0,0.0,0.0,ML,,,,1.9,0.1,3
955838,1996-03-10T20:00:13Z,-39.05,0.0,175.69,0.0,5.0,0.0,ML,,,,1.3,0.1,4
957903,1996-03-10T20:53:35Z,-36.08,0.0,178.05,0.0,195.0,3.0,ML,,,,4.0,0.3,4
936884,1996-03-10T20:54:01Z,-42.94,0.0,171.86,0.0,5.0,0.0,ML,,,,3.2,0.2,7
957904,1996-03-10T21:33:59Z,-39.28,0.0,175.56,0.0,0.0,0.0,ML,,,,0.8,0.1,2
948527,1996-03-10T21:34:04Z,-41.62,0.0,174.14,0.0,16.0,1.0,ML,,,,2.4,0.2,6
948532,1996-03-10T21:47:38Z,-40.87,0.0,174.74,0.0,17.0,1.0,ML,,,,1.6,0.1,3
952378,1996-03-10T22:23:31Z,-38.43,0.0,175.91,0.0,190.0,6.0,ML,,,,4.1,0.2,11
948549,1996-03-10T22:41:13Z,-40.15,0.0,174.81,0.0,12.0,0.0,ML,,,,2.7,0.1,7
949336,1996-03-11T02:22:42Z,-39.42,0.1,175.38,0.1,5.0,0.0,ML,,,,2.0,0.1,3
949474,1996-03-11T04:47:47Z,-42.55,0.0,172.64,0.0,5.0,0.0,ML,,,,2.7,nan,1
948627,1996-03-11T04:50:58Z,-41.29,0.0,174.81,0.0,26.0,1.0,ML,,,,2.3,0.2,7
936893,1996-03-11T05:54:19Z,-39.28,0.0,175.56,0.0,0.0,0.0,ML,,,,0.8,0.1,2
949476,1996-03-11T07:41:42Z,-42.98,0.0,171.87,0.0,5.0,0.0,ML,,,,3.2,0.2,9
936895,1996-03-11T08:42:17Z,-39.74,0.0,175.11,0.0,28.0,1.0,ML,,,,3.1,0.2,16
957907,1996-03-11T08:57:22Z,-39.6,0.0,174.19,0.1,215.0,6.0,ML,,,,3.8,0.3,16
936719,1996-03-11T08:57:37Z,-43.92,0.0,168.98,0.0,5.0,0.0,ML,,,,2.8,0.3,16
948640,1996-03-11T09:35:45Z,-40.39,0.0,174.83,0.0,28.0,2.0,ML,,,,1.9,0.2,4
948641,1996-03-11T09:49:16Z,-40.9,0.0,175.73,0.0,29.0,1.0,ML,,,,2.0,0.2,7
948642,1996-03-11T10:06:17Z,-40.61,0.0,175.48,0.0,30.0,1.0,ML,,,,2.0,0.2,4
952207,1996-03-11T11:40:48Z,-45.21,0.0,166.73,0.0,12.0,0.0,ML,,,,2.3,0.2,3
950671,1996-03-11T11:49:37Z,-39.28,0.0,175.56,0.0,0.0,0.0,ML,,,,0.5,nan,1
957909,1996-03-11T11:51:19Z,-41.59,0.0,174.85,0.0,27.0,2.0,ML,,,,1.9,0.1,3
950672,1996-03-11T12:11:17Z,-40.26,0.0,174.25,0.0,96.0,2.0,ML,,,,2.2,0.1,3
949478,1996-03-11T12:34:56Z,-41.67,0.0,174.26,0.0,12.0,0.0,ML,,,,2.7,0.3,16
936720,1996-03-11T12:52:55Z,-45.33,0.0,167.29,0.0,5.0,0.0,ML,,,,2.9,0.2,10
936900,1996-03-11T13:32:46Z,-36.89,0.1,177.1,0.1,202.0,6.0,ML,,,,3.7,0.3,4
949479,1996-03-11T14:41:57Z,-39.13,0.0,174.39,0.1,5.0,0.0,ML,,,,2.3,0.3,4
953175,1996-03-11T17:17:50Z,-39.28,0.0,175.56,0.0,0.0,0.0,ML,,,,1.0,nan,1
936902,1996-03-11T17:30:11Z,-41.26,0.0,175.0,0.0,28.0,0.0,ML,,,,2.0,0.1,2
936906,1996-03-11T19:06:22Z,-45.07,0.0,167.43,0.0,5.0,0.0,ML,,,,2.5,0.4,3
936908,1996-03-11T19:30:14Z,-38.14,0.1,176.39,0.0,139.0,3.0,ML,,,,3.6,0.3,7
936913,1996-03-11T20:27:29Z,-43.09,0.0,171.42,0.0,5.0,0.0,ML,,,,2.2,0.1,3
936721,1996-03-11T20:48:59Z,-44.51,0.0,169.56,0.0,12.0,0.0,ML,,,,3.4,0.3,16
950694,1996-03-11T21:29:04Z,-40.15,0.0,174.95,0.0,12.0,0.0,ML,,,,2.6,0.2,9
957913,1996-03-11T21:37:04Z,-38.27,0.0,176.43,0.0,12.0,0.0,ML,,,,2.3,0.1,4
957929,1996-03-11T21:37:17Z,-38.36,0.0,176.47,0.0,5.0,0.0,ML,,,,2.5,0.1,4
952396,1996-03-11T22:25:04Z,-39.07,0.0,175.63,0.0,5.0,0.0,ML,,,,1.1,0.2,4
936722,1996-03-12T00:15:57Z,-46.27,0.0,169.01,0.0,12.0,0.0,ML,,,,2.3,0.3,10
950733,1996-03-12T00:31:54Z,-43.22,0.0,171.08,0.0,5.0,0.0,ML,,,,2.3,0.3,4
950768,1996-03-12T02:08:09Z,-39.26,0.0,173.88,0.0,12.0,0.0,ML,,,,2.1,0.2,5
950769,1996-03-12T02:10:34Z,-40.75,0.0,175.24,0.0,12.0,0.0,ML,,,,1.4,0.2,2
950785,1996-03-12T02:35:29Z,-42.2,0.0,174.21,0.0,12.0,0.0,ML,,,,2.4,0.3,5
936925,1996-03-12T03:16:51Z,-37.69,0.0,179.37,0.1,12.0,0.0,ML,,,,3.8,0.2,8
950796,1996-03-12T03:29:55Z,-42.96,0.0,171.88,0.0,5.0,0.0,ML,,,,2.0,0.1,3
952302,1996-03-12T04:30:14Z,-43.04,0.0,171.41,0.0,5.0,0.0,ML,,,,2.6,0.1,4
950805,1996-03-12T04:35:48Z,-40.74,0.0,175.28,0.0,30.0,3.0,ML,,,,2.0,0.3,3
936928,1996-03-12T05:02:19Z,-45.09,0.0,167.5,0.0,91.0,2.0,ML,,,,2.9,0.2,15
955033,1996-03-12T05:15:05Z,-39.24,0.0,175.63,0.0,5.0,0.0,ML,,,,1.3,0.3,3
955875,1996-03-12T05:16:02Z,-39.21,0.1,175.6,0.1,5.0,0.0,ML,,,,1.1,0.1,2
936930,1996-03-12T05:18:29Z,-40.42,0.0,176.5,0.0,40.0,2.0,ML,,,,3.5,0.2,14
955109,1996-03-12T05:24:40Z,-39.28,0.0,175.56,0.0,0.0,0.0,ML,,,,0.7,0.0,2
950808,1996-03-12T05:57:46Z,-40.15,0.0,173.77,0.0,164.0,4.0,ML,,,,3.0,0.2,10
950809,1996-03-12T06:00:41Z,-41.56,0.0,174.18,0.0,22.0,1.0,ML,,,,1.8,0.2,6
957915,1996-03-12T06:02:10Z,-39.28,0.0,175.56,0.0,0.0,0.0,ML,,,,0.7,0.0,3
950812,1996-03-12T06:57:29Z,-39.28,0.0,175.56,0.0,0.0,0.0,ML,,,,0.5,0.1,2
950813,1996-03-12T07:15:05Z,-40.37,0.0,173.6,0.0,164.0,3.0,ML,,,,3.5,0.3,14
950814,1996-03-12T07:29:59Z,-36.64,0.1,177.27,0.1,222.0,9.0,ML,,,,4.8,0.2,18
950815,1996-03-12T08:40:32Z,-39.24,0.0,175.37,0.0,12.0,0.0,ML,,,,2.5,0.4,8
952217,1996-03-12T09:13:08Z,-46.06,0.0,165.81,0.0,5.0,0.0,ML,,,,2.2,0.1,2
952335,1996-03-12T09:26:06Z,-39.28,0.0,175.56,0.0,0.0,0.0,ML,,,,0.4,0.1,2
952219,1996-03-12T09:40:44Z,-46.04,0.0,165.79,0.1,5.0,0.0,ML,,,,2.5,0.0,2
950817,1996-03-12T09:45:23Z,-40.85,0.0,174.54,0.0,25.0,1.0,ML,,,,1.8,0.2,9
952220,1996-03-12T10:07:02Z,-45.97,0.0,165.67,0.0,5.0,0.0,ML,,,,2.4,0.2,2
950818,1996-03-12T10:34:29Z,-42.93,0.0,171.64,0.0,5.0,0.0,ML,,,,2.0,0.1,3
951953,1996-03-12T10:44:54Z,-39.4,0.0,177.89,0.0,33.0,0.0,ML,,,,2.6,0.1,3
950820,1996-03-12T11:48:06Z,-41.66,0.0,174.59,0.0,30.0,2.0,ML,,,,1.9,0.2,7
950821,1996-03-12T12:02:18Z,-39.5,0.0,174.21,0.0,254.0,4.0,ML,,,,3.7,0.2,16
952225,1996-03-12T13:13:38Z,-46.11,0.1,166.16,0.1,5.0,0.0,ML,,,,2.5,0.0,2
952228,1996-03-12T13:59:46Z,-46.2,0.0,166.12,0.1,12.0,0.0,ML,,,,2.9,0.2,6
952229,1996-03-12T14:03:39Z,-46.15,0.0,166.16,0.1,12.0,0.0,ML,,,,1.9,0.0,2
955887,1996-03-12T14:27:26Z,-39.28,0.0,175.56,0.0,0.0,0.0,ML,,,,0.5,nan,1
950823,1996-03-12T14:34:02Z,-39.28,0.0,173.91,0.0,16.0,1.0,ML,,,,1.9,0.1,5
952230,1996-03-12T14:39:50Z,-46.1,0.1,166.21,0.1,5.0,0.0,ML,,,,2.4,0.0,2
952232,1996-03-12T15:07:29Z,-39.21,0.0,175.36,0.0,12.0,2.0,ML,,,,1.3,0.2,3
955120,1996-03-12T15:16:17Z,-39.28,0.0,175.54,0.0,0.0,0.0,ML,,,,0.9,0.3,2
957918,1996-03-12T15:38:31Z,-38.08,0.0,178.48,0.0,22.0,0.0,ML,,,,2.4,0.8,2
951961,1996-03-12T15:38:34Z,-40.03,0.0,175.07,0.0,12.0,0.0,ML,,,,2.0,0.1,4
955888,1996-03-12T15:58:57Z,-39.21,0.0,175.36,0.0,12.0,0.0,ML,,,,1.4,0.1,3
955889,1996-03-12T16:22:29Z,-39.31,0.0,174.97,0.0,12.0,0.0,ML,,,,1.9,0.2,3
955890,1996-03-12T17:08:30Z,-39.28,0.0,175.34,0.0,5.0,0.0,ML,,,,1.7,0.1,2
956106,1996-03-12T17:46:01Z,-39.27,0.0,173.84,0.1,12.0,0.0,ML,,,,1.4,0.1,4
950825,1996-03-12T17:52:37Z,-40.31,0.0,176.42,0.0,61.0,2.0,ML,,,,3.1,0.3,9
955088,1996-03-12T18:02:55Z,-39.2,0.0,175.39,0.0,12.0,0.0,ML,,,,1.6,0.1,3
955891,1996-03-12T18:04:57Z,-39.18,0.0,175.39,0.0,12.0,0.0,ML,,,,1.2,0.1,3
955040,1996-03-12T19:07:46Z,-39.1,0.0,175.65,0.1,5.0,0.0,ML,,,,0.7,0.3,3
951965,1996-03-12T19:41:32Z,-39.12,0.0,175.36,0.0,12.0,0.0,ML,,,,1.0,0.1,3
951932,1996-03-12T19:46:12Z,-44.33,0.0,169.55,0.0,12.0,0.0,ML,,,,2.2,0.3,7
951966,1996-03-12T20:02:51Z,-38.53,0.0,176.03,0.0,165.0,6.0,ML,,,,3.6,0.1,4
952338,1996-03-12T21:59:46Z,-43.01,0.0,171.9,0.0,12.0,0.0,ML,,,,2.3,0.1,3
950854,1996-03-12T22:59:56Z,-38.46,0.0,178.47,0.0,26.0,1.0,ML,,,,4.1,0.2,36
950858,1996-03-12T23:14:38Z,-40.95,0.0,175.08,0.0,29.0,2.0,ML,,,,2.2,0.3,3
950862,1996-03-12T23:25:42Z,-39.28,0.0,175.56,0.0,0.0,0.0,ML,,,,0.5,0.0,3
950864,1996-03-12T23:35:14Z,-39.28,0.0,175.56,0.0,0.0,0.0,ML,,,,0.2,0.1,2
950880,1996-03-13T00:35:27Z,-40.33,0.1,174.07,0.1,109.0,12.0,ML,,,,2.5,0.3,6
950883,1996-03-13T00:52:32Z,-39.28,0.0,175.56,0.0,0.0,0.0,ML,,,,0.3,0.1,3
950916,1996-03-13T02:27:40Z,-37.24,0.0,177.22,0.0,147.0,2.0,ML,,,,3.4,0.1,3
950921,1996-03-13T02:37:22Z,-43.1,0.0,171.49,0.0,12.0,0.0,ML,,,,2.6,0.3,3
952243,1996-03-13T03:50:57Z,-46.04,0.1,165.86,0.1,12.0,0.0,ML,,,,2.6,0.0,2
950934,1996-03-13T03:53:31Z,-41.23,0.0,172.7,0.0,199.0,3.0,ML,,,,3.9,0.2,13
952402,1996-03-13T04:25:35Z,-39.08,0.0,175.67,0.0,5.0,0.0,ML,,,,0.6,0.1,2
952407,1996-03-13T05:06:24Z,-39.28,0.0,175.56,0.0,0.0,0.0,ML,,,,0.4,0.1,3
951977,1996-03-13T06:46:15Z,-42.97,0.0,171.84,0.0,5.0,0.0,ML,,,,3.0,0.2,6
952249,1996-03-13T07:14:41Z,-44.67,0.0,168.15,0.0,5.0,0.0,ML,,,,2.1,0.2,1
955047,1996-03-13T07:29:23Z,-42.24,0.0,172.72,0.0,5.0,0.0,ML,,,,1.9,0.1,5
950953,1996-03-13T08:20:48Z,-39.33,0.0,173.83,0.0,5.0,0.0,ML,,,,1.2,0.1,3
950954,1996-03-13T08:31:38Z,-40.15,0.0,174.83,0.0,12.0,0.0,ML,,,,2.1,0.2,3
950955,1996-03-13T08:37:38Z,-41.34,0.0,174.53,0.0,59.0,2.0,ML,,,,2.0,0.1,5
950956,1996-03-13T08:40:15Z,-40.37,0.0,174.82,0.0,22.0,3.0,ML,,,,2.0,0.2,2
955895,1996-03-13T08:46:24Z,-39.54,0.0,175.57,0.0,5.0,0.0,ML,,,,2.0,0.1,3
950959,1996-03-13T09:03:24Z,-40.43,0.0,175.09,0.0,24.0,2.0,ML,,,,1.9,0.2,5
950962,1996-03-13T09:45:02Z,-39.6,0.0,175.74,0.0,29.0,0.0,ML,,,,1.6,0.2,3
950966,1996-03-13T10:03:33Z,-41.11,0.0,175.36,0.0,27.0,2.0,ML,,,,2.2,0.1,6
950968,1996-03-13T10:43:07Z,-44.15,0.0,168.42,0.0,5.0,0.0,ML,,,,2.8,0.2,10
955896,1996-03-13T11:05:08Z,-39.05,0.0,175.68,0.0,5.0,0.0,ML,,,,1.3,0.1,4
950970,1996-03-13T11:09:19Z,-39.04,0.0,175.68,0.0,5.0,0.0,ML,,,,1.0,0.2,3
951979,1996-03-13T11:23:19Z,-37.97,0.0,179.4,0.0,12.0,0.0,ML,,,,3.5,0.3,9
951933,1996-03-13T12:20:25Z,-45.14,0.0,167.33,0.0,12.0,0.0,ML,,,,2.6,0.1,8
950979,1996-03-13T13:17:16Z,-40.71,0.0,175.48,0.0,26.0,2.0,ML,,,,3.3,0.2,22
950982,1996-03-13T13:29:17Z,-41.29,0.0,175.32,0.0,28.0,1.0,ML,,,,1.5,0.1,6
950984,1996-03-13T13:42:54Z,-38.97,0.0,175.72,0.0,137.0,6.0,ML,,,,3.1,0.2,9
950998,1996-03-13T14:36:30Z,-34.96,0.1,178.63,0.1,271.0,5.0,ML,,,,4.0,0.4,9
951982,1996-03-13T14:43:33Z,-42.96,0.0,171.44,0.0,12.0,0.0,ML,,,,2.2,0.2,3
951006,1996-03-13T15:07:50Z,-40.9,0.0,174.97,0.0,32.0,1.0,ML,,,,2.5,0.2,12
951984,1996-03-13T16:52:08Z,-38.1,0.0,176.72,0.0,12.0,0.0,ML,,,,1.9,0.1,4
952340,1996-03-13T16:59:51Z,-43.0,0.0,171.33,0.0,5.0,0.0,ML,,,,2.1,0.1,3
952255,1996-03-13T18:40:41Z,-45.84,0.0,167.03,0.0,78.0,2.0,ML,,,,2.5,nan,1
951013,1996-03-13T18:45:28Z,-40.51,0.0,174.82,0.0,22.0,3.0,ML,,,,4.1,0.1,5
951015,1996-03-13T20:08:41Z,-40.35,0.0,176.41,0.0,50.0,7.0,ML,,,,3.0,0.3,6
951992,1996-03-13T21:42:37Z,-37.49,0.0,179.39,0.0,12.0,0.0,ML,,,,3.1,0.3,3
951052,1996-03-13T23:47:35Z,-42.98,0.0,171.88,0.0,5.0,0.0,ML,,,,2.7,0.1,4
951054,1996-03-13T23:57:35Z,-42.99,0.0,171.52,0.0,5.0,0.0,ML,,,,2.2,0.0,2
954973,1996-03-14T02:52:44Z,-41.88,0.0,171.68,0.0,12.0,1.0,ML,,,,2.6,0.1,4
951103,1996-03-14T03:02:30Z,-43.03,0.0,171.35,0.0,5.0,0.0,ML,,,,2.5,0.2,4
951123,1996-03-14T04:30:06Z,-40.85,0.0,174.73,0.0,5.0,0.0,ML,,,,3.0,0.3,22
954974,1996-03-14T05:01:17Z,-43.09,0.0,171.05,0.0,5.0,0.0,ML,,,,2.5,0.1,4
955491,1996-03-14T05:36:57Z,-39.28,0.0,175.56,0.0,0.0,0.0,ML,,,,0.6,nan,1
955904,1996-03-14T06:15:13Z,-39.28,0.0,175.56,0.0,0.0,0.0,ML,,,,0.8,0.0,3
951135,1996-03-14T06:30:51Z,-40.8,0.0,175.28,0.0,24.0,2.0,ML,,,,1.8,0.3,4
951152,1996-03-14T08:14:39Z,-43.09,0.0,171.06,0.0,5.0,0.0,ML,,,,2.6,0.1,4
955223,1996-03-14T09:30:58Z,-37.92,0.0,178.76,0.0,12.0,0.0,ML,,,,2.4,0.4,3
951172,1996-03-14T09:52:30Z,-41.55,0.0,174.79,0.0,29.0,2.0,ML,,,,2.6,0.1,11
951188,1996-03-14T10:37:04Z,-42.99,0.0,171.84,0.0,5.0,0.0,ML,,,,3.0,0.1,6
951195,1996-03-14T11:20:52Z,-40.5,0.0,174.78,0.0,18.0,3.0,ML,,,,2.9,0.2,11
951196,1996-03-14T11:26:04Z,-39.2,0.0,174.14,0.0,18.0,1.0,ML,,,,2.0,0.1,4
951997,1996-03-14T11:53:22Z,-36.39,0.0,177.08,0.0,5.0,0.0,ML,,,,3.6,0.3,3
955905,1996-03-14T12:15:46Z,-39.28,0.0,175.56,0.0,0.0,0.0,ML,,,,0.4,0.1,2
955906,1996-03-14T13:03:04Z,-39.28,0.0,175.56,0.0,0.0,0.0,ML,,,,0.7,0.1,2
951234,1996-03-14T13:14:27Z,-39.28,0.0,173.7,0.0,21.0,1.0,ML,,,,2.6,0.5,4
951240,1996-03-14T13:24:49Z,-39.28,0.0,175.56,0.0,0.0,0.0,ML,,,,0.8,0.1,2
951254,1996-03-14T13:48:39Z,-39.15,0.0,175.44,0.0,5.0,0.0,ML,,,,1.2,0.1,2
951296,1996-03-14T17:09:18Z,-39.12,0.0,174.97,0.0,220.0,4.0,ML,,,,4.8,0.2,17
955094,1996-03-14T17:27:54Z,-38.11,0.0,176.2,0.0,12.0,0.0,ML,,,,2.6,0.3,5
951329,1996-03-14T18:40:37Z,-41.07,0.0,173.97,0.0,57.0,3.0,ML,,,,2.8,0.4,5
955909,1996-03-14T18:46:27Z,-39.28,0.0,175.56,0.0,0.0,0.0,ML,,,,1.0,0.1,2
951331,1996-03-14T18:52:12Z,-40.42,0.0,174.57,0.0,97.0,4.0,ML,,,,3.3,0.2,7
955910,1996-03-14T19:34:13Z,-39.28,0.0,175.56,0.0,0.0,0.0,ML,,,,0.7,0.0,2
957933,1996-03-14T19:35:08Z,-45.24,0.0,167.33,0.0,5.0,0.0,ML,,,,2.2,0.1,3
951347,1996-03-14T19:44:58Z,-36.39,0.1,176.65,0.3,5.0,0.0,ML,,,,3.9,0.3,3
951350,1996-03-14T19:56:06Z,-44.99,0.0,167.56,0.0,94.0,3.0,ML,,,,2.8,0.2,10
955146,1996-03-14T20:22:46Z,-39.3,0.0,175.65,0.0,12.0,0.0,ML,,,,1.7,0.1,3
951353,1996-03-14T20:26:10Z,-43.1,0.0,170.99,0.0,5.0,0.0,ML,,,,3.2,0.4,6
951373,1996-03-14T21:13:32Z,-37.8,0.0,176.39,0.0,5.0,0.0,ML,,,,2.7,0.3,7
951383,1996-03-14T21:35:57Z,-40.1,0.0,174.26,0.0,95.0,4.0,ML,,,,3.1,nan,1
951443,1996-03-14T23:45:19Z,-40.95,0.0,173.8,0.0,73.0,2.0,ML,,,,3.0,0.2,8
951484,1996-03-15T01:53:29Z,-40.24,0.0,174.2,0.0,83.0,10.0,ML,,,,2.6,0.2,7
954977,1996-03-15T03:15:38Z,-41.23,0.0,172.36,0.0,12.0,0.0,ML,,,,2.5,0.1,3
954940,1996-03-15T03:47:04Z,-45.43,0.0,167.64,0.0,12.0,0.0,ML,,,,2.1,0.0,2
951515,1996-03-15T04:29:16Z,-44.95,0.0,167.55,0.0,61.0,2.0,ML,,,,3.1,0.2,15
951517,1996-03-15T05:32:18Z,-40.4,0.0,174.49,0.0,12.0,0.0,ML,,,,2.6,0.1,8
951519,1996-03-15T06:03:16Z,-40.68,0.0,174.94,0.0,20.0,2.0,ML,,,,2.5,0.2,10
952006,1996-03-15T06:34:34Z,-38.08,0.0,176.38,0.0,12.0,0.0,ML,,,,2.6,0.5,5
955007,1996-03-15T06:42:39Z,-43.06,0.0,172.11,0.0,12.0,0.0,ML,,,,2.6,0.3,3
951522,1996-03-15T07:27:10Z,-39.47,0.0,175.62,0.0,18.0,3.0,ML,,,,2.7,0.2,9
951523,1996-03-15T07:48:35Z,-38.54,0.0,178.2,0.0,31.0,1.0,ML,,,,2.8,0.1,3
955237,1996-03-15T09:39:00Z,-39.05,0.0,175.66,0.0,5.0,0.0,ML,,,,1.2,0.1,3
951558,1996-03-15T11:42:41Z,-37.59,0.1,176.03,0.1,196.0,5.0,ML,,,,3.6,0.3,5
951561,1996-03-15T12:02:25Z,-41.75,0.0,174.15,0.0,12.0,0.0,ML,,,,2.2,0.1,4
951563,1996-03-15T12:18:44Z,-39.04,0.0,175.39,0.0,205.0,4.0,ML,,,,3.9,0.2,15
951565,1996-03-15T12:42:04Z,-41.0,0.0,174.09,0.0,52.0,3.0,ML,,,,2.5,0.1,5
955983,1996-03-15T13:29:53Z,-39.05,0.0,175.67,0.0,5.0,0.0,ML,,,,2.0,0.1,4
955241,1996-03-15T15:07:16Z,-40.09,0.0,176.41,0.1,25.0,5.0,ML,,,,2.7,0.1,4
951576,1996-03-15T15:18:23Z,-45.14,0.0,167.51,0.0,77.0,5.0,ML,,,,2.3,nan,1
954980,1996-03-15T16:27:15Z,-43.03,0.0,171.91,0.0,12.0,0.0,ML,,,,3.2,0.1,5
951579,1996-03-15T16:33:58Z,-43.0,0.0,171.4,0.0,5.0,0.0,ML,,,,3.2,0.2,7
954981,1996-03-15T16:41:13Z,-42.98,0.0,171.38,0.0,5.0,0.0,ML,,,,3.3,0.2,7
954982,1996-03-15T17:05:34Z,-43.02,0.0,171.4,0.0,5.0,0.0,ML,,,,3.4,0.2,7
954983,1996-03-15T17:21:44Z,-43.02,0.0,171.4,0.0,5.0,0.0,ML,,,,2.6,0.2,3
954985,1996-03-15T18:59:05Z,-42.96,0.0,171.38,0.0,5.0,0.0,ML,,,,2.8,0.4,3
952025,1996-03-15T21:26:11Z,-38.67,0.1,178.42,0.1,12.0,0.0,ML,,,,2.5,0.3,4
951596,1996-03-15T21:53:53Z,-40.22,0.0,174.06,0.0,12.0,0.0,ML,,,,2.6,0.1,7
952026,1996-03-15T22:10:52Z,-38.18,0.0,178.33,0.1,12.0,0.0,ML,,,,3.4,0.3,4
956031,1996-03-16T01:38:33Z,-39.28,0.0,175.56,0.0,0.0,0.0,ML,,,,0.7,0.0,2
951935,1996-03-16T02:12:57Z,-45.36,0.0,170.52,0.0,12.0,0.0,ML,,,,2.4,0.2,10
951607,1996-03-16T03:08:16Z,-41.32,0.0,174.87,0.0,39.0,0.0,ML,,,,2.2,0.1,6
954944,1996-03-16T03:24:38Z,-44.48,0.0,167.86,0.0,5.0,0.0,ML,,,,2.6,0.4,4
951936,1996-03-16T04:46:54Z,-45.49,0.0,167.15,0.0,63.0,1.0,ML,,,,2.8,0.1,13
956111,1996-03-16T05:08:08Z,-39.56,0.0,175.67,0.0,12.0,0.0,ML,,,,2.3,0.1,3
951615,1996-03-16T07:16:56Z,-40.12,0.0,-179.91,0.1,33.0,0.0,ML,,,,3.5,0.1,5
952051,1996-03-16T08:25:49Z,-39.19,0.0,174.5,0.0,5.0,0.0,ML,,,,2.2,0.0,3
951620,1996-03-16T08:47:06Z,-41.61,0.0,174.14,0.0,12.0,0.0,ML,,,,2.1,0.2,5
951621,1996-03-16T09:33:31Z,-42.26,0.0,174.5,0.0,12.0,0.0,ML,,,,2.5,0.2,4
951623,1996-03-16T09:48:23Z,-40.95,0.0,175.49,0.0,17.0,4.0,ML,,,,2.0,0.1,7
951624,1996-03-16T10:44:40Z,-41.81,0.0,175.29,0.0,31.0,2.0,ML,,,,2.7,0.2,9
954946,1996-03-16T11:26:34Z,-45.4,0.0,167.21,0.0,108.0,4.0,ML,,,,2.6,0.2,4
951625,1996-03-16T11:47:30Z,-37.74,0.0,179.37,0.1,12.0,0.0,ML,,,,2.9,0.4,2
957937,1996-03-16T11:48:19Z,-40.93,0.0,175.52,0.0,29.0,2.0,ML,,,,2.2,0.2,4
952055,1996-03-16T12:38:22Z,-38.06,0.0,176.69,0.0,5.0,0.0,ML,,,,2.7,0.2,6
951636,1996-03-16T14:32:25Z,-41.11,0.0,174.0,0.0,53.0,2.0,ML,,,,2.8,0.2,9
955264,1996-03-16T14:54:26Z,-38.18,0.0,177.72,0.0,33.0,0.0,ML,,,,2.5,0.2,3
951637,1996-03-16T14:56:11Z,-41.3,0.0,173.32,0.0,93.0,3.0,ML,,,,3.1,0.2,8
952060,1996-03-16T15:57:00Z,-37.9,0.0,179.23,0.1,12.0,0.0,ML,,,,3.3,0.2,4
951639,1996-03-16T16:13:08Z,-39.0,0.0,175.01,0.1,195.0,8.0,ML,,,,3.7,0.3,11
951640,1996-03-16T16:28:05Z,-40.9,0.0,175.91,0.0,32.0,3.0,ML,,,,2.6,0.2,4
951643,1996-03-16T17:37:40Z,-41.1,0.0,172.9,0.0,171.0,4.0,ML,,,,3.5,0.2,8
952061,1996-03-16T17:44:47Z,-37.48,0.0,178.37,0.0,52.0,2.0,ML,,,,3.2,0.1,3
951644,1996-03-16T19:02:08Z,-41.62,0.0,175.34,0.0,11.0,3.0,ML,,,,2.2,0.2,4
951648,1996-03-16T19:54:06Z,-36.77,0.0,177.1,0.0,235.0,5.0,ML,,,,4.2,0.1,14
955274,1996-03-16T19:59:23Z,-45.53,0.0,167.01,0.0,65.0,2.0,ML,,,,2.8,0.2,3
952066,1996-03-16T20:08:16Z,-38.72,0.0,178.35,0.0,27.0,1.0,ML,,,,3.0,0.3,3
952067,1996-03-16T20:19:51Z,-37.85,0.0,178.75,0.0,45.0,4.0,ML,,,,3.7,0.2,4
957939,1996-03-16T21:00:48Z,-40.82,0.0,174.84,0.0,42.0,2.0,ML,,,,3.0,0.2,11
957940,1996-03-17T00:05:52Z,-41.29,0.0,175.3,0.0,28.0,1.0,ML,,,,2.1,0.1,4
951671,1996-03-17T00:06:42Z,-37.6,0.0,177.67,0.0,86.0,5.0,ML,,,,3.5,0.1,4
951672,1996-03-17T00:16:42Z,-40.81,0.0,174.74,0.0,5.0,0.0,ML,,,,1.9,0.4,2
952076,1996-03-17T02:12:59Z,-38.29,0.0,176.39,0.0,5.0,0.0,ML,,,,2.5,0.3,5
951688,1996-03-17T03:04:01Z,-39.18,0.1,174.7,0.1,221.0,9.0,ML,,,,3.5,0.1,5
955199,1996-03-17T04:17:31Z,-39.01,0.0,175.68,0.0,12.0,0.0,ML,,,,1.8,0.1,3
955303,1996-03-17T05:09:36Z,-39.0,0.0,175.69,0.0,12.0,0.0,ML,,,,1.9,0.1,2
951696,1996-03-17T05:21:07Z,-41.65,0.0,174.58,0.0,34.0,1.0,ML,,,,2.3,0.3,5
954949,1996-03-17T06:54:01Z,-45.0,0.0,166.41,0.0,12.0,0.0,ML,,,,2.6,0.3,2
951707,1996-03-17T07:02:13Z,-38.03,0.1,179.47,0.2,12.0,0.0,ML,,,,3.4,0.3,4
951730,1996-03-17T09:16:27Z,-42.08,0.0,172.85,0.0,60.0,2.0,ML,,,,3.0,0.2,4
957198,1996-03-17T10:57:26Z,-39.28,0.0,175.56,0.0,0.0,0.0,ML,,,,0.2,0.2,3
951746,1996-03-17T11:00:45Z,-43.25,0.0,171.59,0.0,5.0,0.0,ML,,,,3.1,0.2,6
955336,1996-03-17T11:17:40Z,-40.78,0.0,174.8,0.0,13.0,4.0,ML,,,,3.0,0.2,18
951938,1996-03-17T11:27:26Z,-44.34,0.0,168.71,0.0,5.0,0.0,ML,,,,3.0,0.2,12
957199,1996-03-17T12:32:13Z,-39.28,0.0,175.56,0.0,0.0,0.0,ML,,,,1.0,0.1,3
955618,1996-03-17T12:57:59Z,-39.28,0.0,175.56,0.0,0.0,0.0,ML,,,,1.1,0.5,3
957941,1996-03-17T14:53:53Z,-39.28,0.0,175.56,0.0,0.0,0.0,ML,,,,0.9,0.1,3
951939,1996-03-17T15:16:15Z,-44.54,0.0,168.28,0.0,12.0,0.0,ML,,,,3.4,0.3,12
951775,1996-03-17T16:42:39Z,-38.07,0.0,176.75,0.0,5.0,0.0,ML,,,,2.2,0.3,4
951799,1996-03-17T19:26:11Z,-43.09,0.0,171.44,0.0,12.0,0.0,ML,,,,2.9,0.2,4
951901,1996-03-18T01:42:09Z,-39.28,0.0,175.56,0.0,0.0,0.0,ML,,,,0.9,nan,1
951903,1996-03-18T01:46:27Z,-40.71,0.0,173.53,0.0,110.0,3.0,ML,,,,2.5,0.2,2
951940,1996-03-18T04:07:51Z,-44.22,0.0,168.4,0.0,5.0,0.0,ML,,,,2.4,0.2,6
953487,1996-03-18T06:42:29Z,-41.65,0.0,174.29,0.0,11.0,2.0,ML,,,,4.1,0.1,6
959580,1996-03-18T06:43:54Z,-42.96,0.0,171.87,0.0,12.0,0.0,ML,,,,2.8,0.2,3
953494,1996-03-18T08:39:43Z,-41.65,0.0,174.29,0.0,5.0,0.0,ML,,,,2.9,0.3,16
957204,1996-03-18T08:50:37Z,-39.27,0.0,175.57,0.0,5.0,0.0,ML,,,,2.2,0.2,4
952102,1996-03-18T11:19:23Z,-37.92,0.0,176.86,0.0,5.0,0.0,ML,,,,2.9,0.2,8
954997,1996-03-18T12:10:47Z,-43.07,0.1,170.27,0.2,12.0,0.0,ML,,,,2.8,0.1,3
952104,1996-03-18T12:45:15Z,-39.15,0.0,177.1,0.1,49.0,6.0,ML,,,,2.5,0.1,4
952105,1996-03-18T13:17:18Z,-36.56,0.0,177.27,0.0,183.0,5.0,ML,,,,3.4,0.2,3
955024,1996-03-18T14:33:23Z,-39.07,0.0,175.62,0.0,5.0,0.0,ML,,,,1.8,0.1,4
952110,1996-03-18T15:47:05Z,-38.08,0.0,176.74,0.0,5.0,0.0,ML,,,,2.8,0.2,5
952111,1996-03-18T15:57:20Z,-38.67,0.0,178.12,0.0,37.0,1.0,ML,,,,2.6,0.2,3
953530,1996-03-18T16:32:02Z,-39.56,0.0,174.97,0.0,103.0,2.0,ML,,,,3.3,0.3,13
952113,1996-03-18T17:54:54Z,-36.28,0.0,179.87,0.0,12.0,0.0,ML,,,,3.8,0.3,4
953533,1996-03-18T18:34:48Z,-40.3,0.0,174.1,0.0,103.0,4.0,ML,,,,2.9,0.3,9
954934,1996-03-18T18:51:18Z,-39.4,0.0,175.01,0.0,27.0,2.0,ML,,,,2.8,0.2,13
955027,1996-03-18T19:45:26Z,-39.9,0.0,176.76,0.0,36.0,5.0,ML,,,,2.8,0.4,3
955028,1996-03-18T19:52:36Z,-39.92,0.0,176.73,0.0,33.0,1.0,ML,,,,2.6,0.2,4
951941,1996-03-18T23:48:19Z,-39.61,0.0,175.86,0.0,12.0,0.0,ML,,,,2.1,0.1,4
953616,1996-03-18T23:55:39Z,-39.28,0.0,175.56,0.0,0.0,0.0,ML,,,,0.7,0.0,2
953631,1996-03-19T00:27:47Z,-41.39,0.0,175.49,0.0,29.0,2.0,ML,,,,1.7,0.0,4
959582,1996-03-19T00:50:21Z,-40.33,0.0,176.27,0.0,64.0,2.0,ML,,,,2.9,0.1,4
953636,1996-03-19T00:50:30Z,-39.31,0.0,174.97,0.0,12.0,0.0,ML,,,,2.6,0.2,5
951942,1996-03-19T01:52:00Z,-44.59,0.0,170.04,0.0,5.0,0.0,ML,,,,3.1,0.3,14
953720,1996-03-19T06:38:48Z,-36.87,0.2,178.79,0.1,5.0,0.0,ML,,,,3.5,0.2,3
954713,1996-03-19T06:59:10Z,-37.94,0.0,179.19,0.0,12.0,0.0,ML,,,,2.8,0.3,3
953734,1996-03-19T07:41:36Z,-39.29,0.0,175.22,0.1,213.0,4.0,ML,,,,3.1,0.2,6
959733,1996-03-19T07:43:06Z,-45.07,0.0,167.88,0.0,12.0,0.0,ML,,,,1.8,0.2,5
953747,1996-03-19T08:31:47Z,-46.03,0.0,165.91,0.1,12.0,0.0,ML,,,,2.2,0.0,2
953750,1996-03-19T08:39:29Z,-36.96,0.0,179.65,0.1,12.0,0.0,ML,,,,3.8,0.3,4
953754,1996-03-19T09:04:52Z,-41.39,0.0,175.08,0.0,29.0,1.0,ML,,,,2.5,0.2,9
953764,1996-03-19T10:07:51Z,-41.26,0.0,175.29,0.0,19.0,1.0,ML,,,,2.6,0.2,11
953768,1996-03-19T11:00:36Z,-42.02,0.0,173.9,0.0,20.0,2.0,ML,,,,3.4,0.2,16
954718,1996-03-19T11:29:41Z,-38.3,0.0,178.19,0.0,56.0,5.0,ML,,,,3.2,0.0,4
954720,1996-03-19T12:08:27Z,-41.56,0.0,172.18,0.0,12.0,0.0,ML,,,,2.5,0.1,3
959734,1996-03-19T12:09:55Z,-36.52,0.1,179.72,0.1,12.0,0.0,ML,,,,3.7,0.3,3
955760,1996-03-19T13:40:48Z,-37.88,0.0,175.83,0.0,5.0,0.0,ML,,,,2.7,0.3,8
954724,1996-03-19T14:14:47Z,-38.24,0.0,176.49,0.0,5.0,0.0,ML,,,,2.2,0.4,4
951945,1996-03-19T14:21:20Z,-44.6,0.0,168.59,0.0,5.0,0.0,ML,,,,2.6,0.3,11
954725,1996-03-19T14:37:34Z,-37.23,0.1,178.84,0.1,12.0,0.0,ML,,,,3.0,0.3,3
953778,1996-03-19T15:10:01Z,-39.17,0.1,175.36,0.1,237.0,11.0,ML,,,,3.3,0.0,3
954727,1996-03-19T15:23:50Z,-39.28,0.0,175.56,0.0,0.0,0.0,ML,,,,0.9,0.1,2
959735,1996-03-19T15:25:25Z,-37.58,0.1,179.3,0.0,12.0,0.0,ML,,,,2.8,0.2,3
951946,1996-03-19T16:41:19Z,-44.84,0.0,168.66,0.0,5.0,0.0,ML,,,,1.9,0.2,5
957209,1996-03-19T17:33:07Z,-39.5,0.0,175.56,0.1,12.0,0.0,ML,,,,1.7,0.3,3
954955,1996-03-19T17:57:03Z,-45.18,0.0,167.4,0.0,79.0,1.0,ML,,,,2.1,nan,1
951948,1996-03-19T18:48:06Z,-44.19,0.0,168.41,0.0,5.0,0.0,ML,,,,2.9,0.2,11
953790,1996-03-19T19:13:26Z,-39.25,0.0,175.0,0.0,12.0,0.0,ML,,,,2.1,0.2,4
953795,1996-03-19T19:35:07Z,-41.71,0.0,174.38,0.0,30.0,1.0,ML,,,,2.5,0.1,4
953805,1996-03-19T20:50:23Z,-42.47,0.0,172.93,0.0,12.0,0.0,ML,,,,2.7,0.2,5
955764,1996-03-19T20:54:32Z,-38.23,0.0,176.49,0.0,5.0,0.0,ML,,,,2.5,0.3,4
959736,1996-03-19T22:10:37Z,-39.21,0.0,175.31,0.0,12.0,0.0,ML,,,,1.7,0.2,3
953821,1996-03-19T22:10:57Z,-45.11,0.0,167.46,0.0,93.0,2.0,ML,,,,3.1,0.2,12
957214,1996-03-20T00:27:55Z,-39.28,0.0,175.56,0.0,0.0,0.0,ML,,,,1.1,0.1,3
953855,1996-03-20T00:40:02Z,-40.59,0.0,174.59,0.0,26.0,1.0,ML,,,,1.8,0.1,2
953861,1996-03-20T00:50:45Z,-40.52,0.0,174.77,0.0,30.0,3.0,ML,,,,2.6,0.2,8
953867,1996-03-20T01:03:00Z,-37.12,0.0,177.47,0.0,135.0,7.0,ML,,,,4.0,0.2,9
953868,1996-03-20T01:04:11Z,-39.51,0.0,175.81,0.1,62.0,2.0,ML,,,,2.6,0.2,2
959738,1996-03-20T01:06:02Z,-40.94,0.0,175.5,0.0,28.0,1.0,ML,,,,2.7,0.2,9
953869,1996-03-20T01:08:03Z,-39.28,0.0,175.56,0.0,0.0,0.0,ML,,,,0.7,0.0,2
953875,1996-03-20T01:18:56Z,-40.53,0.0,175.52,0.0,11.0,2.0,ML,,,,3.5,0.3,19
953890,1996-03-20T02:07:06Z,-39.64,0.0,176.44,0.0,42.0,4.0,ML,,,,3.1,0.2,2
957215,1996-03-20T02:16:15Z,-39.28,0.0,175.56,0.0,0.0,0.0,ML,,,,0.6,0.0,2
953899,1996-03-20T02:37:50Z,-39.28,0.0,175.56,0.0,0.0,0.0,ML,,,,0.7,0.1,3
953900,1996-03-20T02:43:43Z,-44.61,0.0,167.6,0.0,13.0,1.0,ML,,,,2.2,0.3,2
953905,1996-03-20T03:04:37Z,-40.98,0.0,172.45,0.0,12.0,0.0,ML,,,,2.6,0.1,3
953914,1996-03-20T03:40:57Z,-37.72,0.0,177.48,0.0,55.0,5.0,ML,,,,3.3,0.1,3
953916,1996-03-20T03:45:42Z,-41.7,0.0,174.4,0.0,12.0,0.0,ML,,,,3.2,0.2,16
953943,1996-03-20T05:26:09Z,-40.42,0.0,174.27,0.0,89.0,4.0,ML,,,,2.4,0.3,7
953950,1996-03-20T06:44:33Z,-39.87,0.0,174.93,0.0,29.0,2.0,ML,,,,2.5,0.2,8
953951,1996-03-20T08:05:54Z,-38.91,0.0,178.6,0.0,33.0,0.0,ML,,,,3.3,0.2,4
957219,1996-03-20T08:53:39Z,-39.28,0.0,175.56,0.0,0.0,0.0,ML,,,,0.3,nan,1
954740,1996-03-20T09:19:45Z,-39.28,0.0,175.56,0.0,0.0,0.0,ML,,,,0.7,0.0,2
953954,1996-03-20T09:44:16Z,-40.79,0.0,176.36,0.0,23.0,1.0,ML,,,,3.8,0.2,26
953955,1996-03-20T09:47:49Z,-40.53,0.0,174.33,0.0,62.0,5.0,ML,,,,2.4,0.3,9
953956,1996-03-20T10:06:20Z,-40.75,0.0,176.34,0.0,23.0,2.0,ML,,,,2.4,0.2,2
954741,1996-03-20T10:37:42Z,-39.3,0.0,176.05,0.0,50.0,4.0,ML,,,,2.4,nan,1
954749,1996-03-20T13:10:15Z,-35.28,0.1,177.13,0.1,33.0,0.0,ML,,,,4.1,0.5,2
954750,1996-03-20T13:32:24Z,-37.62,0.0,179.31,0.0,12.0,0.0,ML,,,,2.8,0.3,3
959739,1996-03-20T13:33:36Z,-37.49,0.0,179.4,0.0,12.0,0.0,ML,,,,2.7,0.1,3
955769,1996-03-20T14:26:46Z,-39.28,0.0,175.56,0.0,0.0,0.0,ML,,,,0.7,0.1,3
953964,1996-03-20T15:55:33Z,-39.53,0.0,175.59,0.0,12.0,0.0,ML,,,,2.5,0.3,7
957222,1996-03-20T16:14:58Z,-39.28,0.0,175.56,0.0,0.0,0.0,ML,,,,0.9,0.2,3
957636,1996-03-20T17:17:57Z,-45.25,0.0,168.75,0.0,5.0,0.0,ML,,,,2.0,0.1,3
959740,1996-03-20T17:44:55Z,-38.98,0.0,175.78,0.1,172.0,4.0,ML,,,,3.1,0.1,4
953966,1996-03-20T18:02:41Z,-39.47,0.0,174.35,0.0,138.0,7.0,ML,,,,3.0,0.2,4
953967,1996-03-20T18:57:23Z,-39.23,0.0,175.46,0.0,5.0,0.0,ML,,,,0.9,0.2,4
953969,1996-03-20T19:03:48Z,-40.91,0.0,175.5,0.0,26.0,2.0,ML,,,,1.7,0.2,5
960247,1996-03-20T19:06:02Z,-37.62,0.0,177.32,0.0,79.0,5.0,ML,,,,3.1,0.2,4
957223,1996-03-20T19:18:19Z,-39.07,0.0,175.68,0.1,5.0,0.0,ML,,,,1.0,0.4,3
953971,1996-03-20T19:20:23Z,-38.12,0.0,176.68,0.0,5.0,0.0,ML,,,,1.8,0.0,4
953973,1996-03-20T19:54:29Z,-40.56,0.0,175.91,0.0,30.0,1.0,ML,,,,2.7,0.5,3
953980,1996-03-20T20:22:09Z,-40.85,0.0,175.86,0.0,27.0,1.0,ML,,,,2.0,0.1,3
954700,1996-03-20T20:44:25Z,-46.48,0.0,169.74,0.0,5.0,0.0,ML,,,,3.0,0.6,8
953987,1996-03-20T21:07:47Z,-43.96,0.0,171.18,0.1,5.0,0.0,ML,,,,2.5,0.1,5
953990,1996-03-20T21:21:55Z,-41.77,0.0,174.22,0.0,9.0,1.0,ML,,,,2.2,0.2,4
953993,1996-03-20T21:37:34Z,-41.27,0.0,175.24,0.0,25.0,1.0,ML,,,,2.2,0.3,8
953995,1996-03-20T21:47:35Z,-39.28,0.0,175.56,0.0,0.0,0.0,ML,,,,0.8,0.1,3
956209,1996-03-20T22:23:35Z,-41.75,0.0,172.21,0.0,97.0,1.0,ML,,,,2.5,nan,1
960517,1996-03-20T22:24:45Z,-41.69,0.0,172.24,0.0,96.0,2.0,ML,,,,2.3,nan,1
954024,1996-03-20T23:43:52Z,-39.28,0.0,175.56,0.0,0.0,0.0,ML,,,,0.7,0.2,4
960518,1996-03-20T23:44:29Z,-40.61,0.0,175.57,0.0,32.0,2.0,ML,,,,2.3,0.3,4
954027,1996-03-21T00:04:14Z,-39.18,0.0,176.9,0.0,23.0,3.0,ML,,,,3.4,0.2,23
954041,1996-03-21T00:46:56Z,-41.35,0.0,174.75,0.0,28.0,0.0,ML,,,,2.4,0.9,3
954088,1996-03-21T02:28:41Z,-37.24,0.1,177.22,0.1,151.0,5.0,ML,,,,3.5,0.2,6
954112,1996-03-21T03:34:20Z,-40.34,0.0,175.67,0.0,30.0,2.0,ML,,,,2.5,0.2,5
954137,1996-03-21T04:38:16Z,-41.11,0.0,173.65,0.1,62.0,3.0,ML,,,,2.1,0.2,5
954142,1996-03-21T04:46:28Z,-41.76,0.0,174.26,0.0,9.0,2.0,ML,,,,2.2,0.3,9
954144,1996-03-21T04:48:27Z,-41.83,0.0,173.85,0.0,31.0,2.0,ML,,,,2.6,0.3,14
954154,1996-03-21T05:14:40Z,-39.28,0.0,175.56,0.0,0.0,0.0,ML,,,,1.0,0.1,3
954159,1996-03-21T05:57:21Z,-40.46,0.0,173.7,0.0,105.0,3.0,ML,,,,2.9,0.3,6
954166,1996-03-21T07:11:01Z,-38.31,0.1,176.0,0.1,177.0,6.0,ML,,,,3.6,0.2,11
954167,1996-03-21T07:21:15Z,-41.86,0.0,174.48,0.0,22.0,4.0,ML,,,,1.8,0.2,8
957507,1996-03-21T07:54:16Z,-42.97,0.0,171.33,0.0,12.0,0.0,ML,,,,2.5,0.2,3
954764,1996-03-21T08:04:13Z,-41.67,0.0,173.0,0.0,73.0,1.0,ML,,,,2.1,nan,1
956212,1996-03-21T09:30:22Z,-43.06,0.0,173.6,0.1,12.0,0.0,ML,,,,2.7,0.1,3
957225,1996-03-21T10:42:50Z,-39.28,0.0,175.56,0.0,0.0,0.0,ML,,,,0.4,0.1,3
954769,1996-03-21T11:23:44Z,-39.28,0.0,175.56,0.0,0.0,0.0,ML,,,,1.0,0.1,3
954170,1996-03-21T11:29:31Z,-37.89,0.0,177.28,0.0,71.0,1.0,ML,,,,4.1,0.2,15
954171,1996-03-21T11:41:50Z,-36.82,0.0,177.5,0.0,154.0,3.0,ML,,,,3.8,0.4,7
957226,1996-03-21T12:11:21Z,-39.05,0.0,175.71,0.0,12.0,0.0,ML,,,,1.8,0.1,4
957427,1996-03-21T12:24:30Z,-45.67,0.0,166.79,0.0,12.0,0.0,ML,,,,2.1,0.0,2
955712,1996-03-21T12:53:25Z,-42.93,0.0,171.59,0.0,12.0,0.0,ML,,,,2.9,0.2,3
954172,1996-03-21T13:18:35Z,-41.58,0.0,174.33,0.0,27.0,1.0,ML,,,,2.6,0.2,14
957228,1996-03-21T17:09:29Z,-39.28,0.0,175.56,0.0,0.0,0.0,ML,,,,0.7,0.1,3
957229,1996-03-21T17:58:28Z,-39.28,0.0,175.56,0.0,0.0,0.0,ML,,,,0.7,0.0,2
954777,1996-03-21T18:40:46Z,-39.28,0.0,175.56,0.0,0.0,0.0,ML,,,,0.8,0.1,3
954174,1996-03-21T19:09:02Z,-40.94,0.1,172.95,0.0,140.0,3.0,ML,,,,2.8,0.1,3
957231,1996-03-21T19:30:39Z,-39.51,0.0,175.68,0.0,14.0,1.0,ML,,,,2.2,0.1,4
954177,1996-03-21T20:05:26Z,-38.08,0.0,175.84,0.0,155.0,3.0,ML,,,,3.4,0.3,8
954178,1996-03-21T20:16:28Z,-39.16,0.0,174.96,0.0,12.0,0.0,ML,,,,2.3,0.1,4
960522,1996-03-21T20:22:23Z,-45.24,0.1,166.68,0.1,12.0,0.0,ML,,,,2.6,0.1,2
954179,1996-03-21T20:23:00Z,-38.05,0.0,179.05,0.1,12.0,0.0,ML,,,,3.0,0.3,5
954187,1996-03-21T21:00:09Z,-39.28,0.0,175.56,0.0,0.0,0.0,ML,,,,0.9,0.1,3
954188,1996-03-21T21:02:55Z,-39.28,0.0,175.56,0.0,0.0,0.0,ML,,,,0.9,0.1,2
954189,1996-03-21T21:08:30Z,-39.28,0.0,175.56,0.0,0.0,0.0,ML,,,,2.4,1.6,3
954193,1996-03-21T21:14:13Z,-41.93,0.0,174.1,0.0,5.0,0.0,ML,,,,2.4,0.2,3
954199,1996-03-21T21:39:50Z,-40.97,0.0,175.17,0.0,23.0,2.0,ML,,,,1.7,0.1,4
954207,1996-03-21T22:14:33Z,-45.36,0.0,170.49,0.0,12.0,0.0,ML,,,,1.9,0.2,5
954276,1996-03-22T01:48:24Z,-41.23,0.0,175.23,0.0,17.0,2.0,ML,,,,2.1,0.2,7
954310,1996-03-22T03:14:08Z,-38.51,0.0,176.25,0.0,170.0,4.0,ML,,,,3.7,0.2,7
954342,1996-03-22T04:41:02Z,-41.41,0.1,173.68,0.1,82.0,5.0,ML,,,,2.2,0.1,3
955715,1996-03-22T06:27:52Z,-43.0,0.0,171.54,0.0,12.0,0.0,ML,,,,3.0,0.2,5
957639,1996-03-22T07:03:40Z,-43.21,0.0,172.34,0.0,12.0,0.0,ML,,,,2.4,0.2,3
954357,1996-03-22T07:46:33Z,-40.97,0.0,174.91,0.0,47.0,1.0,ML,,,,1.8,0.2,5
954359,1996-03-22T09:05:26Z,-47.57,0.1,165.62,0.1,12.0,0.0,ML,,,,3.0,nan,1
954360,1996-03-22T09:38:56Z,-44.79,0.0,167.17,0.0,5.0,0.0,ML,,,,5.1,0.2,10
961169,1996-03-22T09:41:39Z,-44.74,0.0,167.2,0.1,5.0,0.0,ML,,,,3.3,0.3,10
961731,1996-03-22T09:41:57Z,-44.77,0.0,167.24,0.1,5.0,0.0,ML,,,,3.0,0.4,11
954361,1996-03-22T09:46:20Z,-40.05,0.0,174.44,0.0,81.0,8.0,ML,,,,2.4,0.3,5
960867,1996-03-22T09:46:50Z,-44.75,0.0,167.19,0.1,5.0,0.0,ML,,,,3.0,0.4,11
954362,1996-03-22T09:52:44Z,-44.77,0.0,167.21,0.0,5.0,0.0,ML,,,,4.7,0.1,9
960869,1996-03-22T09:56:23Z,-44.75,0.0,167.16,0.1,5.0,0.0,ML,,,,2.8,0.1,7
961990,1996-03-22T09:57:34Z,-44.75,0.0,167.22,0.0,5.0,0.0,ML,,,,1.8,0.2,3
956213,1996-03-22T10:01:49Z,-42.07,0.0,172.9,0.0,45.0,3.0,ML,,,,1.8,nan,1
954701,1996-03-22T10:07:32Z,-44.72,0.0,167.18,0.0,5.0,0.0,ML,,,,3.1,0.3,10
954702,1996-03-22T10:09:43Z,-44.7,0.0,167.15,0.0,5.0,0.0,ML,,,,2.5,0.2,8
957436,1996-03-22T10:42:24Z,-44.77,0.0,167.24,0.0,5.0,0.0,ML,,,,2.0,0.1,2
954364,1996-03-22T11:00:26Z,-40.62,0.0,175.04,0.0,35.0,4.0,ML,,,,1.8,0.3,6
954365,1996-03-22T11:11:23Z,-41.93,0.0,174.02,0.0,19.0,2.0,ML,,,,2.6,0.2,16
958158,1996-03-22T11:50:37Z,-39.2,0.0,175.36,0.0,12.0,0.0,ML,,,,1.5,0.2,3
954703,1996-03-22T12:03:19Z,-44.73,0.0,167.19,0.0,5.0,0.0,ML,,,,2.5,0.3,8
954366,1996-03-22T13:01:01Z,-40.47,0.0,174.54,0.0,12.0,0.0,ML,,,,1.8,0.2,6
954797,1996-03-22T13:08:30Z,-38.06,0.0,176.73,0.0,12.0,0.0,ML,,,,2.6,0.2,4
962097,1996-03-22T13:09:23Z,-39.28,0.0,175.56,0.0,0.0,0.0,ML,,,,0.7,0.1,2
954367,1996-03-22T14:43:00Z,-40.47,0.0,174.69,0.0,21.0,1.0,ML,,,,2.7,0.2,20
954368,1996-03-22T14:46:32Z,-40.45,0.0,174.51,0.0,12.0,0.0,ML,,,,2.3,0.2,10
954369,1996-03-22T15:11:40Z,-41.34,0.0,174.84,0.0,28.0,1.0,ML,,,,1.6,0.1,8
954371,1996-03-22T15:19:08Z,-40.98,0.0,174.83,0.0,5.0,0.0,ML,,,,1.8,0.2,8
957441,1996-03-22T15:39:58Z,-45.24,0.0,167.28,0.0,81.0,2.0,ML,,,,2.5,0.1,4
957442,1996-03-22T15:54:32Z,-44.68,0.1,167.39,0.1,12.0,0.0,ML,,,,1.9,0.0,2
957443,1996-03-22T16:19:39Z,-45.33,0.0,166.86,0.1,22.0,3.0,ML,,,,2.6,0.2,3
986890,1996-03-22T17:37:24Z,-40.24,0.0,174.3,0.0,86.0,4.0,ML,,,,4.0,0.3,15
954375,1996-03-22T18:29:19Z,-40.03,0.0,172.95,0.0,12.0,0.0,ML,,,,2.9,0.1,13
954376,1996-03-22T18:55:37Z,-39.28,0.0,175.56,0.0,0.0,0.0,ML,,,,0.6,nan,1
959584,1996-03-22T19:27:51Z,-39.28,0.0,175.56,0.0,0.0,0.0,ML,,,,0.5,nan,1
954806,1996-03-22T20:21:23Z,-47.43,0.0,165.7,0.0,12.0,0.0,ML,,,,3.0,0.2,3
954807,1996-03-22T20:25:28Z,-39.28,0.0,175.56,0.0,0.0,0.0,ML,,,,1.2,0.5,3
954808,1996-03-22T20:29:50Z,-37.89,0.0,177.57,0.0,12.0,0.0,ML,,,,2.9,0.2,4
959457,1996-03-22T21:11:34Z,-39.28,0.0,175.56,0.0,0.0,0.0,ML,,,,0.6,0.1,2
954382,1996-03-22T21:20:46Z,-38.27,0.1,175.97,0.0,213.0,5.0,ML,,,,4.6,0.2,17
959588,1996-03-22T22:11:02Z,-39.5,0.0,175.68,0.0,12.0,0.0,ML,,,,2.4,0.2,3
958143,1996-03-22T22:21:46Z,-39.28,0.0,175.56,0.0,0.0,0.0,ML,,,,0.7,0.0,2
954385,1996-03-22T22:29:26Z,-45.09,0.0,167.5,0.0,123.0,3.0,ML,,,,3.4,0.3,13
962299,1996-03-22T22:31:25Z,-40.54,0.0,174.66,0.0,30.0,2.0,ML,,,,2.3,0.2,5
962554,1996-03-22T22:42:14Z,-39.28,0.0,175.56,0.0,0.0,0.0,ML,,,,0.2,nan,1
954391,1996-03-22T23:55:55Z,-41.26,0.0,175.2,0.0,29.0,2.0,ML,,,,1.8,nan,1
954811,1996-03-23T00:01:50Z,-37.75,0.0,176.61,0.0,131.0,2.0,ML,,,,3.5,0.3,3
956214,1996-03-23T00:34:51Z,-43.68,0.0,171.21,0.0,12.0,0.0,ML,,,,3.3,0.2,6
954814,1996-03-23T00:47:43Z,-37.98,0.0,179.16,0.1,33.0,0.0,ML,,,,3.2,0.3,4
954395,1996-03-23T00:59:07Z,-42.08,0.0,173.92,0.0,12.0,0.0,ML,,,,3.0,0.2,13
957446,1996-03-23T01:31:16Z,-44.69,0.0,167.7,0.0,12.0,0.0,ML,,,,2.0,0.3,2
959591,1996-03-23T02:41:36Z,-39.13,0.0,175.16,0.0,12.0,0.0,ML,,,,1.6,0.1,3
954403,1996-03-23T04:18:28Z,-45.23,0.0,167.07,0.0,26.0,2.0,ML,,,,2.4,0.3,2
958005,1996-03-23T04:32:04Z,-39.28,0.0,175.56,0.0,0.0,0.0,ML,,,,1.0,0.2,3
957520,1996-03-23T05:14:41Z,-39.12,0.0,175.62,0.0,5.0,0.0,ML,,,,0.8,0.0,2
957730,1996-03-23T06:01:47Z,-45.33,0.0,167.24,0.0,63.0,2.0,ML,,,,2.6,0.2,11
959593,1996-03-23T06:51:50Z,-39.28,0.0,175.56,0.0,0.0,0.0,ML,,,,0.5,nan,1
954820,1996-03-23T07:02:20Z,-38.03,0.0,178.2,0.0,61.0,2.0,ML,,,,3.0,0.2,3
957521,1996-03-23T07:26:50Z,-43.18,0.0,171.45,0.0,12.0,0.0,ML,,,,2.3,0.2,3
954412,1996-03-23T08:50:05Z,-39.35,0.0,175.36,0.0,12.0,0.0,ML,,,,1.6,0.0,4
954437,1996-03-23T11:00:08Z,-40.92,0.0,172.49,0.0,5.0,0.0,ML,,,,2.6,0.2,3
954444,1996-03-23T12:37:34Z,-41.29,0.0,173.96,0.0,54.0,3.0,ML,,,,3.2,0.2,10
954445,1996-03-23T12:43:05Z,-41.65,0.0,174.27,0.0,16.0,3.0,ML,,,,2.1,0.3,9
954829,1996-03-23T14:03:46Z,-37.76,0.0,179.43,0.0,12.0,0.0,ML,,,,2.3,0.2,3
959594,1996-03-23T14:55:37Z,-39.28,0.0,175.56,0.0,0.0,0.0,ML,,,,0.8,nan,1
959595,1996-03-23T15:46:06Z,-39.28,0.0,175.56,0.0,0.0,0.0,ML,,,,0.9,nan,1
954450,1996-03-23T16:09:16Z,-41.81,0.0,174.03,0.0,26.0,3.0,ML,,,,2.6,0.2,11
959596,1996-03-23T16:27:50Z,-39.28,0.0,175.56,0.0,0.0,0.0,ML,,,,0.8,nan,1
959597,1996-03-23T16:45:24Z,-39.28,0.0,175.56,0.0,0.0,0.0,ML,,,,1.0,nan,1
954458,1996-03-23T18:42:02Z,-38.26,0.0,176.47,0.0,5.0,0.0,ML,,,,2.0,0.3,3
954465,1996-03-23T19:35:19Z,-42.07,0.0,173.89,0.0,12.0,0.0,ML,,,,2.8,0.4,7
954833,1996-03-23T20:24:54Z,-38.4,0.0,177.98,0.0,12.0,0.0,ML,,,,2.9,0.2,4
958118,1996-03-23T20:41:40Z,-39.28,0.0,175.56,0.0,0.0,0.0,ML,,,,0.8,0.0,2
959599,1996-03-23T20:55:21Z,-39.28,0.0,175.56,0.0,0.0,0.0,ML,,,,0.7,0.1,2
959600,1996-03-23T21:01:01Z,-39.28,0.0,175.56,0.0,0.0,0.0,ML,,,,0.9,0.1,3
954837,1996-03-23T21:25:26Z,-37.31,0.0,177.48,0.0,5.0,0.0,ML,,,,2.5,0.1,3
959467,1996-03-23T21:29:26Z,-39.28,0.0,175.56,0.0,0.0,0.0,ML,,,,1.0,0.1,3
954473,1996-03-23T22:40:49Z,-37.04,0.1,177.16,0.1,190.0,6.0,ML,,,,3.5,0.2,4
957450,1996-03-24T00:09:16Z,-45.6,0.0,167.39,0.0,5.0,0.0,ML,,,,1.7,0.0,2
954479,1996-03-24T00:31:41Z,-41.04,0.0,174.19,0.0,53.0,2.0,ML,,,,2.4,0.2,4
956216,1996-03-24T01:35:29Z,-42.92,0.0,171.93,0.0,12.0,0.0,ML,,,,2.4,0.2,3
954843,1996-03-24T02:27:18Z,-37.62,0.0,177.18,0.0,5.0,0.0,ML,,,,3.1,0.2,10
954481,1996-03-24T03:02:08Z,-39.09,0.0,175.01,0.0,224.0,1.0,ML,,,,4.1,0.3,17
958010,1996-03-24T04:32:40Z,-39.28,0.0,175.56,0.0,0.0,0.0,ML,,,,0.7,0.1,3
959344,1996-03-24T04:38:22Z,-39.28,0.0,175.56,0.0,0.0,0.0,ML,,,,0.8,0.0,3
956217,1996-03-24T05:55:36Z,-42.45,0.0,173.4,0.1,55.0,5.0,ML,,,,2.6,nan,1
964987,1996-03-24T05:55:59Z,-42.59,0.0,173.03,0.0,12.0,0.0,ML,,,,2.1,0.2,3
954487,1996-03-24T06:12:31Z,-38.55,0.0,175.89,0.0,158.0,5.0,ML,,,,4.2,0.2,18
959604,1996-03-24T06:19:21Z,-39.28,0.0,175.56,0.0,0.0,0.0,ML,,,,0.4,0.0,2
959351,1996-03-24T06:31:36Z,-39.28,0.0,175.56,0.0,0.0,0.0,ML,,,,0.2,0.0,2
954488,1996-03-24T06:54:16Z,-42.99,0.0,171.88,0.0,5.0,0.0,ML,,,,4.1,0.2,8
954489,1996-03-24T07:06:54Z,-40.28,0.1,173.43,0.0,173.0,5.0,ML,,,,3.1,0.3,6
959475,1996-03-24T07:15:22Z,-39.28,0.0,175.56,0.0,0.0,0.0,ML,,,,0.8,0.1,3
954852,1996-03-24T07:21:23Z,-38.93,0.0,176.08,0.0,83.0,3.0,ML,,,,3.4,0.3,2
954490,1996-03-24T07:31:25Z,-39.49,0.0,175.62,0.0,12.0,0.0,ML,,,,3.0,0.2,16
957454,1996-03-24T07:49:07Z,-45.64,0.0,166.88,0.0,23.0,1.0,ML,,,,2.4,0.0,2
954498,1996-03-24T08:19:55Z,-39.74,0.0,174.03,0.0,134.0,6.0,ML,,,,3.2,0.2,7
954499,1996-03-24T08:29:18Z,-45.27,0.0,167.2,0.0,54.0,4.0,ML,,,,2.3,0.2,3
954705,1996-03-24T09:13:56Z,-44.98,0.0,167.58,0.0,62.0,2.0,ML,,,,3.0,0.2,13
954706,1996-03-24T09:28:26Z,-45.29,0.0,168.08,0.0,17.0,3.0,ML,,,,2.7,0.2,11
955731,1996-03-24T09:43:09Z,-43.0,0.0,171.83,0.0,12.0,0.0,ML,,,,2.8,0.3,5
954501,1996-03-24T09:56:27Z,-44.44,0.0,170.21,0.0,5.0,0.0,ML,,,,2.0,0.1,4
954502,1996-03-24T10:25:20Z,-40.48,0.0,176.45,0.0,40.0,2.0,ML,,,,2.4,0.3,6
954503,1996-03-24T10:38:22Z,-40.76,0.1,175.33,0.0,34.0,7.0,ML,,,,1.9,0.1,3
959605,1996-03-24T10:47:49Z,-39.28,0.0,175.56,0.0,0.0,0.0,ML,,,,0.9,0.2,3
954507,1996-03-24T12:06:04Z,-39.58,0.0,175.06,0.0,103.0,4.0,ML,,,,3.2,0.2,11
954859,1996-03-24T12:12:23Z,-39.28,0.0,175.56,0.0,0.0,0.0,ML,,,,0.5,0.1,2
959606,1996-03-24T12:23:16Z,-39.28,0.0,175.56,0.0,0.0,0.0,ML,,,,1.0,0.2,3
954862,1996-03-24T12:43:18Z,-39.52,0.0,175.67,0.0,19.0,1.0,ML,,,,1.8,0.2,4
954513,1996-03-24T13:43:27Z,-41.42,0.0,175.44,0.0,15.0,1.0,ML,,,,1.4,0.2,5
959607,1996-03-24T13:56:06Z,-39.28,0.0,175.56,0.0,0.0,0.0,ML,,,,0.8,0.1,2
959370,1996-03-24T15:48:32Z,-39.54,0.0,175.57,0.0,12.0,0.0,ML,,,,1.5,0.1,3
957951,1996-03-24T15:51:10Z,-39.21,0.0,175.01,0.0,31.0,8.0,ML,,,,2.5,0.2,5
954515,1996-03-24T16:57:17Z,-40.76,0.0,173.38,0.0,166.0,2.0,ML,,,,2.5,0.1,4
954516,1996-03-24T17:06:33Z,-41.52,0.0,174.59,0.0,14.0,1.0,ML,,,,2.3,0.2,10
958090,1996-03-24T17:12:52Z,-38.09,0.0,176.22,0.0,12.0,0.0,ML,,,,1.9,0.3,3
954517,1996-03-24T17:25:03Z,-40.64,0.0,175.13,0.0,29.0,3.0,ML,,,,1.9,0.2,5
957691,1996-03-24T17:30:33Z,-39.28,0.0,175.56,0.0,0.0,0.0,ML,,,,0.8,0.0,2
958148,1996-03-24T18:07:35Z,-39.28,0.0,175.56,0.0,0.0,0.0,ML,,,,0.9,0.1,2
958125,1996-03-24T18:10:58Z,-39.26,0.0,173.84,0.0,14.0,1.0,ML,,,,2.2,0.2,3
959608,1996-03-24T18:27:56Z,-39.28,0.0,175.56,0.0,0.0,0.0,ML,,,,0.8,0.1,3
954553,1996-03-24T21:00:08Z,-39.27,0.0,175.55,0.0,5.0,0.0,ML,,,,0.8,0.1,2
964988,1996-03-24T21:01:05Z,-45.18,0.0,167.41,0.0,89.0,0.0,ML,,,,1.8,0.2,2
954565,1996-03-24T21:26:02Z,-39.28,0.0,175.56,0.0,0.0,0.0,ML,,,,0.8,0.1,2
954583,1996-03-24T22:08:42Z,-39.28,0.0,175.56,0.0,0.0,0.0,ML,,,,0.7,0.0,2
959373,1996-03-24T22:17:55Z,-39.28,0.0,175.56,0.0,0.0,0.0,ML,,,,0.7,0.0,2
954599,1996-03-24T22:53:51Z,-39.28,0.0,175.56,0.0,0.0,0.0,ML,,,,0.8,0.0,2
954625,1996-03-25T00:31:59Z,-39.28,0.0,175.56,0.0,0.0,0.0,ML,,,,0.9,0.0,2
955735,1996-03-25T01:21:48Z,-39.28,0.0,175.56,0.0,0.0,0.0,ML,,,,1.2,0.0,2
954649,1996-03-25T02:31:54Z,-44.97,0.0,167.51,0.0,71.0,2.0,ML,,,,2.5,0.2,13
957530,1996-03-25T04:42:22Z,-38.08,0.1,175.86,0.1,169.0,10.0,ML,,,,3.2,0.2,4
954685,1996-03-25T04:44:58Z,-40.43,0.0,174.44,0.0,50.0,8.0,ML,,,,2.8,0.1,10
954690,1996-03-25T05:14:59Z,-38.03,0.0,176.59,0.0,130.0,2.0,ML,,,,3.8,0.3,15
954691,1996-03-25T05:34:32Z,-41.24,0.0,175.23,0.0,28.0,1.0,ML,,,,1.7,0.1,7
959412,1996-03-25T06:21:56Z,-39.26,0.0,175.18,0.0,26.0,3.0,ML,,,,2.7,0.2,11
959421,1996-03-25T06:51:47Z,-39.28,0.0,175.56,0.0,0.0,0.0,ML,,,,0.9,0.1,3
958025,1996-03-25T09:21:06Z,-39.28,0.0,175.56,0.0,0.0,0.0,ML,,,,0.6,0.0,2
959610,1996-03-25T10:27:58Z,-39.28,0.0,175.56,0.0,0.0,0.0,ML,,,,0.9,0.1,4
954698,1996-03-25T10:34:42Z,-38.51,0.0,175.99,0.0,167.0,4.0,ML,,,,3.8,0.3,16
954889,1996-03-25T12:28:23Z,-37.85,0.1,179.1,0.3,12.0,0.0,ML,,,,2.6,0.2,3
956327,1996-03-25T13:58:27Z,-40.82,0.0,175.24,0.0,24.0,3.0,ML,,,,2.0,0.2,4
959028,1996-03-25T14:12:13Z,-39.28,0.0,175.56,0.0,0.0,0.0,ML,,,,0.2,0.0,2
956328,1996-03-25T14:21:02Z,-40.16,0.0,176.6,0.0,62.0,2.0,ML,,,,2.7,0.3,6
954708,1996-03-25T14:39:43Z,-45.19,0.0,166.73,0.1,21.0,4.0,ML,,,,2.7,0.2,7
956223,1996-03-25T14:51:51Z,-42.03,0.0,173.91,0.0,21.0,3.0,ML,,,,2.5,0.1,6
954894,1996-03-25T16:05:49Z,-40.72,0.0,175.11,0.0,5.0,0.0,ML,,,,2.1,0.2,4
956332,1996-03-25T16:54:35Z,-40.61,0.0,174.58,0.0,12.0,0.0,ML,,,,2.2,0.1,4
956335,1996-03-25T18:46:40Z,-41.28,0.0,174.98,0.0,27.0,1.0,ML,,,,2.0,0.3,3
955743,1996-03-25T19:13:49Z,-41.34,0.0,173.09,0.0,116.0,4.0,ML,,,,3.4,0.2,10
956336,1996-03-25T19:34:34Z,-40.07,0.0,174.93,0.0,12.0,0.0,ML,,,,2.3,0.1,7
956350,1996-03-25T21:05:24Z,-38.13,0.0,176.23,0.0,5.0,0.0,ML,,,,1.9,0.3,3
956353,1996-03-25T21:15:05Z,-39.28,0.0,175.56,0.0,0.0,0.0,ML,,,,0.6,0.1,3
954913,1996-03-25T21:22:39Z,-39.28,0.0,175.56,0.0,0.0,0.0,ML,,,,0.6,0.1,2
956356,1996-03-25T21:35:18Z,-41.92,0.0,171.9,0.0,12.0,0.0,ML,,,,2.6,0.1,3
954709,1996-03-25T21:50:02Z,-45.1,0.0,167.48,0.0,80.0,2.0,ML,,,,4.0,0.2,4
956366,1996-03-25T22:17:27Z,-39.28,0.0,175.56,0.0,0.0,0.0,ML,,,,0.9,0.1,3
956369,1996-03-25T22:45:07Z,-38.14,0.0,176.28,0.0,12.0,0.0,ML,,,,1.9,0.2,4
957537,1996-03-25T23:16:19Z,-42.99,0.0,171.49,0.0,12.0,0.0,ML,,,,2.9,0.1,4
957697,1996-03-26T00:12:20Z,-39.28,0.0,175.56,0.0,0.0,0.0,ML,,,,0.6,0.1,3
956379,1996-03-26T00:18:38Z,-40.96,0.0,174.77,0.0,62.0,2.0,ML,,,,2.4,0.1,9
956382,1996-03-26T00:38:31Z,-36.43,0.0,179.89,0.0,12.0,0.0,ML,,,,4.2,0.3,16
957698,1996-03-26T00:54:53Z,-36.45,0.0,179.9,0.1,12.0,0.0,ML,,,,4.0,0.3,11
954922,1996-03-26T01:01:17Z,-40.54,0.0,174.06,0.0,60.0,5.0,ML,,,,2.9,0.2,10
954926,1996-03-26T01:18:18Z,-37.91,0.1,176.49,0.1,151.0,6.0,ML,,,,3.4,0.1,4
956386,1996-03-26T01:50:56Z,-40.54,0.0,174.99,0.0,33.0,3.0,ML,,,,2.2,0.2,5
956393,1996-03-26T02:27:00Z,-38.71,0.0,175.75,0.1,182.0,5.0,ML,,,,3.2,0.0,3
954710,1996-03-26T02:46:50Z,-45.1,0.0,167.44,0.0,117.0,3.0,ML,,,,3.2,0.2,13
956403,1996-03-26T03:16:51Z,-37.53,0.0,179.38,0.1,12.0,0.0,ML,,,,3.3,0.1,3
956225,1996-03-26T03:58:10Z,-43.08,0.0,171.17,0.0,12.0,0.0,ML,,,,3.1,0.4,6
956430,1996-03-26T05:05:32Z,-38.72,0.0,175.93,0.0,228.0,4.0,ML,,,,3.4,0.3,9
957263,1996-03-26T05:54:35Z,-44.73,0.0,167.21,0.0,5.0,0.0,ML,,,,3.0,0.3,9
959612,1996-03-26T07:09:08Z,-39.28,0.0,175.56,0.0,0.0,0.0,ML,,,,0.9,0.0,2
957283,1996-03-26T07:21:59Z,-40.91,0.0,172.48,0.0,5.0,0.0,ML,,,,2.7,0.3,3
957284,1996-03-26T08:01:42Z,-36.43,0.0,-179.91,0.0,33.0,0.0,ML,,,,3.9,0.3,9
956435,1996-03-26T08:11:23Z,-39.28,0.0,175.56,0.0,0.0,0.0,ML,,,,0.7,0.0,2
956436,1996-03-26T08:14:29Z,-40.63,0.0,175.48,0.0,34.0,2.0,ML,,,,2.6,0.2,10
959045,1996-03-26T10:11:21Z,-45.61,0.0,166.05,0.0,12.0,0.0,ML,,,,2.6,0.2,3
957287,1996-03-26T10:24:47Z,-37.16,0.0,177.23,0.0,148.0,0.0,ML,,,,3.0,0.1,3
959046,1996-03-26T10:43:44Z,-39.28,0.0,175.56,0.0,0.0,0.0,ML,,,,0.8,0.1,3
956444,1996-03-26T13:41:44Z,-39.28,0.0,175.56,0.0,0.0,0.0,ML,,,,0.9,0.1,3
956445,1996-03-26T15:19:09Z,-40.72,0.0,174.57,0.0,57.0,2.0,ML,,,,2.4,0.1,6
956228,1996-03-26T15:48:06Z,-38.33,0.0,176.51,0.0,5.0,0.0,ML,,,,1.9,0.2,3
966408,1996-03-26T15:48:28Z,-42.55,0.0,173.9,0.0,12.0,0.0,ML,,,,3.0,0.2,11
957746,1996-03-26T15:52:05Z,-38.33,0.0,176.49,0.0,5.0,0.0,ML,,,,2.1,0.2,4
966409,1996-03-26T15:53:38Z,-38.34,0.0,176.49,0.0,5.0,0.0,ML,,,,2.0,0.2,4
957299,1996-03-26T15:53:54Z,-39.28,0.0,175.56,0.0,0.0,0.0,ML,,,,0.2,nan,1
966410,1996-03-26T15:54:05Z,-38.24,0.0,176.37,0.0,5.0,0.0,ML,,,,1.7,0.2,4
957466,1996-03-26T15:54:17Z,-39.28,0.0,175.56,0.0,0.0,0.0,ML,,,,0.3,nan,1
957300,1996-03-26T15:57:50Z,-38.23,0.0,176.39,0.0,5.0,0.0,ML,,,,1.6,0.2,4
966411,1996-03-26T15:58:01Z,-38.27,0.0,176.44,0.0,5.0,0.0,ML,,,,2.3,0.3,5
958098,1996-03-26T16:02:04Z,-38.27,0.0,176.42,0.0,12.0,0.0,ML,,,,2.1,0.2,4
958099,1996-03-26T16:10:31Z,-38.35,0.0,176.45,0.0,5.0,0.0,ML,,,,1.7,0.2,4
956229,1996-03-26T16:17:50Z,-39.15,0.0,175.04,0.1,197.0,3.0,ML,,,,3.4,0.2,13
957467,1996-03-26T16:39:51Z,-44.56,0.0,168.14,0.0,85.0,2.0,ML,,,,2.5,0.4,4
957264,1996-03-26T16:47:34Z,-44.72,0.0,167.23,0.0,5.0,0.0,ML,,,,2.5,0.3,8
957700,1996-03-26T16:52:49Z,-38.26,0.0,176.41,0.0,5.0,0.0,ML,,,,2.3,0.1,4
966412,1996-03-26T16:53:34Z,-38.27,0.0,176.42,0.0,5.0,0.0,ML,,,,2.4,0.4,5
966413,1996-03-26T16:54:05Z,-38.27,0.0,176.4,0.0,5.0,0.0,ML,,,,2.4,0.0,4
956230,1996-03-26T17:07:33Z,-42.55,0.1,173.82,0.1,5.0,0.0,ML,,,,2.2,0.1,4
956231,1996-03-26T17:19:42Z,-42.96,0.0,172.63,0.0,12.0,0.0,ML,,,,2.5,0.1,4
956451,1996-03-26T18:07:38Z,-40.72,0.0,174.16,0.0,68.0,4.0,ML,,,,2.9,0.2,8
956453,1996-03-26T18:27:54Z,-39.28,0.0,175.56,0.0,0.0,0.0,ML,,,,0.2,0.3,2
956464,1996-03-26T19:44:16Z,-39.26,0.0,175.57,0.0,0.0,0.0,ML,,,,1.6,0.2,3
966683,1996-03-26T19:44:41Z,-44.29,0.0,169.39,0.0,5.0,0.0,ML,,,,1.9,0.2,5
956467,1996-03-26T19:54:51Z,-41.6,0.0,-179.27,0.0,12.0,0.0,ML,,,,3.8,0.3,9
956468,1996-03-26T19:58:34Z,-39.24,0.0,175.32,0.0,12.0,0.0,ML,,,,1.3,0.1,3
956471,1996-03-26T20:02:43Z,-39.28,0.0,175.56,0.0,0.0,0.0,ML,,,,0.8,0.0,3
956232,1996-03-26T20:52:48Z,-42.55,0.0,173.89,0.0,12.0,0.0,ML,,,,3.2,0.2,12
966684,1996-03-26T20:52:51Z,-39.28,0.0,175.56,0.0,0.0,0.0,ML,,,,0.5,0.1,3
958767,1996-03-26T23:02:13Z,-40.18,0.0,176.35,0.0,12.0,0.0,ML,,,,2.3,0.1,4
956549,1996-03-26T23:30:06Z,-40.14,0.0,176.6,0.1,33.0,0.0,ML,,,,3.2,0.3,10
956561,1996-03-27T00:02:56Z,-38.73,0.1,176.16,0.1,174.0,10.0,ML,,,,3.5,0.2,5
956233,1996-03-27T00:15:54Z,-42.05,0.0,173.83,0.0,12.0,0.0,ML,,,,2.3,0.1,3
956574,1996-03-27T01:06:04Z,-42.93,0.0,171.94,0.0,12.0,0.0,ML,,,,2.3,0.1,3
956234,1996-03-27T01:12:41Z,-42.93,0.0,171.93,0.0,12.0,0.0,ML,,,,2.7,0.2,5
956602,1996-03-27T02:49:07Z,-38.17,0.0,176.0,0.0,135.0,2.0,ML,,,,3.5,0.3,10
957307,1996-03-27T03:53:32Z,-39.28,0.0,175.56,0.0,0.0,0.0,ML,,,,0.6,0.1,2
956661,1996-03-27T05:51:53Z,-45.27,0.0,167.25,0.0,88.0,4.0,ML,,,,2.4,0.0,2
956668,1996-03-27T07:37:47Z,-38.67,0.0,176.36,0.0,131.0,5.0,ML,,,,3.3,0.3,9
957313,1996-03-27T09:28:22Z,-35.84,0.0,178.19,0.0,165.0,0.0,ML,,,,3.6,0.4,4
956240,1996-03-27T09:37:08Z,-42.12,0.0,174.08,0.0,7.0,2.0,ML,,,,2.4,0.2,8
959742,1996-03-27T10:03:28Z,-39.28,0.0,175.56,0.0,0.0,0.0,ML,,,,0.5,0.0,2
956241,1996-03-27T10:25:41Z,-42.56,0.0,173.93,0.0,12.0,0.0,ML,,,,4.0,0.3,7
956670,1996-03-27T10:31:38Z,-41.11,0.0,175.37,0.0,27.0,1.0,ML,,,,1.9,0.2,9
959743,1996-03-27T10:37:57Z,-39.28,0.0,175.56,0.0,0.0,0.0,ML,,,,0.5,0.0,3
959744,1996-03-27T10:44:18Z,-39.28,0.0,175.56,0.0,0.0,0.0,ML,,,,0.8,0.1,3
959745,1996-03-27T10:58:08Z,-39.28,0.0,175.56,0.0,0.0,0.0,ML,,,,0.8,0.1,3
959746,1996-03-27T11:03:34Z,-39.28,0.0,175.56,0.0,0.0,0.0,ML,,,,0.4,0.0,3
956242,1996-03-27T12:35:00Z,-42.57,0.0,173.8,0.0,12.0,0.0,ML,,,,3.2,0.2,17
959747,1996-03-27T12:50:45Z,-39.15,0.0,175.4,0.0,12.0,0.0,ML,,,,1.5,0.1,3
958773,1996-03-27T13:06:04Z,-39.43,0.0,175.98,0.0,5.0,0.0,ML,,,,1.5,0.1,4
967287,1996-03-27T13:06:29Z,-39.28,0.0,175.56,0.0,0.0,0.0,ML,,,,0.7,0.1,3
959748,1996-03-27T13:20:07Z,-39.22,0.0,175.41,0.0,12.0,0.0,ML,,,,1.2,0.1,4
958774,1996-03-27T13:48:24Z,-37.6,0.0,175.79,0.2,12.0,0.0,ML,,,,2.3,0.2,3
959749,1996-03-27T13:53:46Z,-39.28,0.0,175.56,0.0,0.0,0.0,ML,,,,0.7,0.3,3
956673,1996-03-27T14:19:42Z,-41.12,0.0,174.71,0.0,31.0,1.0,ML,,,,2.4,0.1,11
957669,1996-03-27T16:01:19Z,-39.28,0.0,175.56,0.0,0.0,0.0,ML,,,,0.6,0.1,2
968445,1996-03-27T16:01:29Z,-39.28,0.0,175.56,0.0,0.0,0.0,ML,,,,0.8,0.2,3
957708,1996-03-27T16:50:05Z,-39.28,0.0,175.56,0.0,0.0,0.0,ML,,,,0.6,0.0,2
957325,1996-03-27T17:31:55Z,-37.34,0.1,176.94,0.1,162.0,7.0,ML,,,,3.4,0.2,5
957709,1996-03-27T17:42:42Z,-36.65,0.1,-179.82,0.2,33.0,0.0,ML,,,,4.2,0.3,10
957326,1996-03-27T18:00:42Z,-39.28,0.0,175.56,0.0,0.0,0.0,ML,,,,0.7,0.1,3
956244,1996-03-27T18:09:56Z,-41.11,0.0,173.98,0.0,68.0,2.0,ML,,,,3.0,0.2,14
957711,1996-03-27T19:54:16Z,-38.11,0.0,176.74,0.0,5.0,0.0,ML,,,,1.8,0.1,4
956247,1996-03-27T19:54:50Z,-36.9,0.1,-179.73,0.1,33.0,0.0,ML,,,,3.9,0.2,4
957327,1996-03-27T20:11:44Z,-36.45,0.0,179.89,0.0,12.0,0.0,ML,,,,3.9,0.3,3
956681,1996-03-27T20:25:44Z,-39.28,0.0,175.56,0.0,0.0,0.0,ML,,,,0.5,nan,1
967290,1996-03-27T20:41:46Z,-39.28,0.0,175.56,0.0,0.0,0.0,ML,,,,0.6,0.1,3
956688,1996-03-27T20:41:50Z,-39.55,0.0,175.73,0.0,19.0,3.0,ML,,,,1.5,0.2,4
957479,1996-03-27T20:51:34Z,-44.71,0.0,167.56,0.0,5.0,0.0,ML,,,,2.4,0.1,3
957329,1996-03-27T22:54:34Z,-36.49,0.0,179.91,0.0,12.0,0.0,ML,,,,4.4,0.7,6
956723,1996-03-27T23:11:07Z,-39.28,0.0,175.56,0.0,0.0,0.0,ML,,,,0.5,0.2,2
956725,1996-03-27T23:13:21Z,-39.51,0.0,175.59,0.0,12.0,0.0,ML,,,,1.9,0.2,4
956732,1996-03-27T23:35:07Z,-39.02,0.0,174.8,0.1,218.0,5.0,ML,,,,3.2,0.1,7
959751,1996-03-27T23:46:17Z,-39.6,0.0,175.62,0.0,12.0,0.0,ML,,,,1.5,0.1,3
956744,1996-03-28T00:19:38Z,-41.27,0.0,174.38,0.0,37.0,2.0,ML,,,,2.5,0.2,9
956756,1996-03-28T01:03:47Z,-45.0,0.0,167.29,0.0,5.0,0.0,ML,,,,3.2,0.2,17
959632,1996-03-28T01:39:54Z,-39.12,0.0,175.64,0.1,5.0,0.0,ML,,,,0.8,0.3,3
956776,1996-03-28T02:05:20Z,-41.51,0.0,175.39,0.0,21.0,1.0,ML,,,,2.9,0.1,12
956793,1996-03-28T02:42:57Z,-41.5,0.0,175.36,0.0,22.0,2.0,ML,,,,2.9,0.1,11
956826,1996-03-28T04:33:31Z,-41.16,0.0,174.99,0.0,29.0,4.0,ML,,,,2.5,0.6,3
956841,1996-03-28T05:06:31Z,-42.95,0.0,171.31,0.1,12.0,0.0,ML,,,,2.6,0.1,3
957331,1996-03-28T07:28:32Z,-38.42,0.0,178.27,0.0,30.0,2.0,ML,,,,2.4,0.1,4
957332,1996-03-28T07:38:42Z,-37.83,0.0,179.36,0.0,12.0,0.0,ML,,,,2.7,0.3,3
957266,1996-03-28T08:41:06Z,-45.99,0.0,166.97,0.0,99.0,1.0,ML,,,,3.0,0.2,13
959752,1996-03-28T08:45:21Z,-39.28,0.0,175.56,0.0,0.0,0.0,ML,,,,0.7,0.2,3
957333,1996-03-28T08:47:57Z,-37.73,0.0,179.38,0.1,12.0,0.0,ML,,,,2.9,0.4,3
959753,1996-03-28T09:13:26Z,-39.28,0.0,175.53,0.0,0.0,0.0,ML,,,,1.3,0.2,3
958506,1996-03-28T11:02:42Z,-39.41,0.0,174.91,0.0,86.0,2.0,ML,,,,2.2,nan,1
956853,1996-03-28T11:12:14Z,-41.49,0.0,175.36,0.0,20.0,2.0,ML,,,,2.4,0.1,12
956249,1996-03-28T14:01:45Z,-42.94,0.0,171.89,0.0,12.0,0.0,ML,,,,2.5,0.1,4
956857,1996-03-28T14:08:28Z,-40.31,0.0,175.8,0.0,23.0,2.0,ML,,,,2.1,0.3,3
957569,1996-03-28T14:22:09Z,-42.99,0.0,171.87,0.0,12.0,0.0,ML,,,,2.2,0.1,3
968327,1996-03-28T14:22:36Z,-39.28,0.0,175.56,0.0,0.0,0.0,ML,,,,0.5,nan,1
956858,1996-03-28T14:31:05Z,-40.46,0.0,173.77,0.0,116.0,2.0,ML,,,,2.4,0.2,5
959754,1996-03-28T14:56:54Z,-39.28,0.0,175.56,0.0,0.0,0.0,ML,,,,0.3,nan,1
968328,1996-03-28T14:56:57Z,-39.11,0.0,175.7,0.1,5.0,0.0,ML,,,,1.8,0.4,3
959755,1996-03-28T16:10:20Z,-39.19,0.0,175.38,0.0,12.0,0.0,ML,,,,1.5,0.1,4
956250,1996-03-28T16:40:47Z,-43.63,0.0,170.67,0.0,5.0,0.0,ML,,,,3.2,0.3,16
957343,1996-03-28T17:32:36Z,-38.52,0.0,176.12,0.1,175.0,7.0,ML,,,,3.1,0.2,2
956860,1996-03-28T17:35:15Z,-39.82,0.0,174.51,0.0,114.0,3.0,ML,,,,2.6,0.3,9
968331,1996-03-28T17:35:57Z,-39.32,0.0,174.93,0.0,33.0,4.0,ML,,,,2.0,0.1,4
956251,1996-03-28T17:51:06Z,-42.19,0.0,173.88,0.0,16.0,3.0,ML,,,,2.2,0.2,9
956252,1996-03-28T17:56:11Z,-42.57,0.0,173.93,0.0,5.0,0.0,ML,,,,3.4,0.2,19
959757,1996-03-28T18:11:49Z,-38.72,0.0,175.98,0.0,12.0,0.0,ML,,,,1.8,0.1,6
957572,1996-03-28T18:58:38Z,-42.99,0.0,171.4,0.0,12.0,0.0,ML,,,,2.7,0.4,4
957345,1996-03-28T19:17:24Z,-39.28,0.0,175.56,0.0,0.0,0.0,ML,,,,1.0,0.1,3
959073,1996-03-28T19:23:07Z,-39.28,0.1,175.56,0.1,2.0,0.0,ML,,,,1.0,0.0,2
959758,1996-03-28T19:32:41Z,-39.54,0.0,175.58,0.0,12.0,0.0,ML,,,,2.2,0.2,4
956871,1996-03-28T20:28:02Z,-39.28,0.0,175.56,0.0,0.0,0.0,ML,,,,0.6,0.1,3
968332,1996-03-28T20:28:55Z,-37.64,0.1,176.04,0.1,282.0,6.0,ML,,,,3.6,0.2,8
956253,1996-03-28T20:46:29Z,-42.93,0.0,171.84,0.0,12.0,0.0,ML,,,,3.2,0.2,11
956255,1996-03-28T21:36:08Z,-42.05,0.0,172.23,0.0,5.0,0.0,ML,,,,2.6,0.2,8
957574,1996-03-28T22:00:59Z,-39.3,0.0,175.52,0.1,0.0,0.0,ML,,,,1.4,0.1,2
956889,1996-03-28T22:09:47Z,-45.36,0.0,167.19,0.0,92.0,2.0,ML,,,,2.6,0.3,3
957350,1996-03-28T22:17:45Z,-38.14,0.0,178.31,0.1,12.0,0.0,ML,,,,2.1,0.2,4
956893,1996-03-28T22:43:07Z,-35.81,0.2,178.12,0.2,220.0,15.0,ML,,,,3.9,0.2,5
956900,1996-03-28T23:10:39Z,-45.37,0.0,170.77,0.1,33.0,0.0,ML,,,,2.1,0.3,8
956908,1996-03-28T23:53:40Z,-43.93,0.0,170.53,0.0,12.0,0.0,ML,,,,2.1,0.1,3
956920,1996-03-29T00:30:23Z,-39.29,0.0,175.54,0.0,0.0,0.0,ML,,,,1.2,0.1,2
956949,1996-03-29T02:00:16Z,-39.75,0.0,177.0,0.0,42.0,3.0,ML,,,,3.7,0.3,15
957351,1996-03-29T02:08:50Z,-39.75,0.0,177.02,0.0,27.0,2.0,ML,,,,2.9,0.4,7
957267,1996-03-29T02:35:28Z,-44.99,0.0,167.44,0.0,69.0,2.0,ML,,,,3.4,0.2,17
956962,1996-03-29T02:56:01Z,-41.05,0.0,174.44,0.0,60.0,2.0,ML,,,,3.7,0.2,13
958791,1996-03-29T03:05:08Z,-45.05,0.0,167.26,0.1,42.0,9.0,ML,,,,2.4,0.1,3
957494,1996-03-29T03:31:36Z,-47.17,0.1,165.3,0.1,12.0,0.0,ML,,,,2.9,0.1,3
956978,1996-03-29T04:24:07Z,-41.63,0.0,174.64,0.0,29.0,2.0,ML,,,,1.8,0.2,4
957576,1996-03-29T05:40:59Z,-39.28,0.0,175.56,0.0,0.0,0.0,ML,,,,0.7,0.1,3
958680,1996-03-29T06:23:35Z,-39.14,0.0,174.98,0.0,12.0,0.0,ML,,,,1.9,0.1,4
968336,1996-03-29T06:33:29Z,-40.9,0.0,175.75,0.0,30.0,1.0,ML,,,,2.4,0.2,9
956992,1996-03-29T06:37:44Z,-40.56,0.0,174.1,0.0,98.0,3.0,ML,,,,2.3,0.2,8
956993,1996-03-29T06:39:22Z,-40.06,0.0,173.85,0.0,27.0,3.0,ML,,,,2.9,0.2,19
956994,1996-03-29T07:20:30Z,-42.57,0.0,173.95,0.0,5.0,0.0,ML,,,,2.4,0.3,12
968338,1996-03-29T08:53:45Z,-38.29,0.0,176.32,0.0,5.0,0.0,ML,,,,1.8,0.2,3
958984,1996-03-29T08:53:52Z,-39.28,0.0,175.56,0.0,0.0,0.0,ML,,,,0.8,0.0,2
958793,1996-03-29T10:05:29Z,-39.12,0.0,175.68,0.0,5.0,0.0,ML,,,,2.0,0.2,3
959759,1996-03-29T10:07:41Z,-39.13,0.0,175.64,0.0,5.0,0.0,ML,,,,2.4,0.1,4
1009003,1996-03-29T10:07:49Z,-39.13,0.0,175.64,0.0,5.0,0.0,ML,,,,2.6,0.0,2
958507,1996-03-29T10:45:34Z,-39.22,0.0,175.39,0.0,12.0,0.0,ML,,,,2.3,0.2,6
957360,1996-03-29T11:02:10Z,-39.22,0.0,175.39,0.0,13.0,2.0,ML,,,,2.3,0.3,7
957363,1996-03-29T11:53:04Z,-38.61,0.0,177.82,0.0,46.0,3.0,ML,,,,3.0,0.1,3
959760,1996-03-29T12:03:24Z,-39.13,0.0,175.65,0.0,5.0,0.0,ML,,,,2.0,0.2,3
956997,1996-03-29T16:30:20Z,-38.18,0.0,178.34,0.0,5.0,0.0,ML,,,,3.9,0.2,29
957367,1996-03-29T16:45:21Z,-38.17,0.0,178.4,0.0,5.0,0.0,ML,,,,3.1,0.1,4
957368,1996-03-29T17:10:41Z,-45.27,0.1,165.64,0.1,5.0,0.0,ML,,,,2.3,nan,1
957268,1996-03-29T17:35:15Z,-44.32,0.0,168.47,0.0,5.0,0.0,ML,,,,2.6,0.3,12
957370,1996-03-29T17:41:21Z,-38.18,0.0,178.4,0.0,5.0,0.0,ML,,,,2.6,0.3,4
958911,1996-03-29T19:39:47Z,-39.28,0.0,175.53,0.0,0.0,0.0,ML,,,,1.0,0.1,2
956998,1996-03-29T19:45:05Z,-40.45,0.0,174.46,0.0,31.0,1.0,ML,,,,2.3,0.6,4
956999,1996-03-29T20:46:55Z,-40.68,0.0,174.4,0.0,78.0,3.0,ML,,,,2.4,0.1,5
958530,1996-03-29T21:16:23Z,-38.85,0.0,174.53,0.0,33.0,0.0,ML,,,,2.6,0.2,7
968341,1996-03-29T21:16:35Z,-44.75,0.0,167.23,0.0,5.0,0.0,ML,,,,2.7,0.3,8
957002,1996-03-29T22:34:08Z,-40.67,0.0,175.0,0.0,5.0,0.0,ML,,,,2.6,0.2,11
957003,1996-03-29T22:50:47Z,-37.97,0.1,177.68,0.0,5.0,0.0,ML,,,,2.7,0.0,3
957007,1996-03-29T23:22:23Z,-40.52,0.0,174.64,0.0,12.0,0.0,ML,,,,2.7,0.1,13
957009,1996-03-30T00:19:18Z,-41.22,0.0,173.94,0.0,12.0,0.0,ML,,,,1.7,0.2,4
957010,1996-03-30T00:37:40Z,-40.82,0.0,175.67,0.0,28.0,3.0,ML,,,,1.9,0.1,3
957270,1996-03-30T00:56:59Z,-43.6,0.0,171.22,0.0,5.0,0.0,ML,,,,3.4,0.4,22
959076,1996-03-30T01:29:12Z,-39.44,0.1,175.42,0.1,5.0,0.0,ML,,,,1.5,0.2,3
957011,1996-03-30T02:57:23Z,-40.89,0.0,174.65,0.0,57.0,3.0,ML,,,,1.8,0.2,5
957012,1996-03-30T03:14:44Z,-40.16,0.0,174.4,0.0,23.0,3.0,ML,,,,2.2,0.1,10
957379,1996-03-30T03:39:52Z,-38.78,0.0,176.69,0.0,5.0,0.0,ML,,,,3.1,0.2,12
958632,1996-03-30T04:35:18Z,-39.28,0.0,175.54,0.0,5.0,0.0,ML,,,,1.6,0.2,4
968343,1996-03-30T05:58:32Z,-38.52,0.0,175.12,0.1,213.0,6.0,ML,,,,3.3,0.0,3
957014,1996-03-30T06:00:54Z,-39.28,0.0,175.56,0.0,0.0,0.0,ML,,,,0.5,0.1,2
957016,1996-03-30T06:10:07Z,-40.38,0.0,174.5,0.0,33.0,0.0,ML,,,,2.8,0.2,19
958536,1996-03-30T06:38:56Z,-45.1,0.0,166.72,0.0,12.0,0.0,ML,,,,2.7,0.3,4
957017,1996-03-30T08:21:51Z,-40.51,0.1,173.56,0.1,142.0,5.0,ML,,,,2.4,0.2,8
959768,1996-03-30T09:03:08Z,-39.28,0.0,175.56,0.0,0.0,0.0,ML,,,,1.0,nan,1
957585,1996-03-30T11:28:53Z,-42.96,0.0,171.89,0.0,12.0,0.0,ML,,,,2.6,0.1,4
957271,1996-03-30T12:03:44Z,-44.2,0.0,168.69,0.0,5.0,0.0,ML,,,,2.2,0.2,6
957019,1996-03-30T12:11:43Z,-41.2,0.0,175.0,0.0,24.0,1.0,ML,,,,1.7,0.1,7
957020,1996-03-30T12:36:40Z,-41.48,0.0,173.16,0.0,92.0,3.0,ML,,,,2.2,0.1,2
957021,1996-03-30T14:02:27Z,-42.19,0.0,173.51,0.0,12.0,0.0,ML,,,,2.4,0.2,5
959769,1996-03-30T14:13:15Z,-39.28,0.0,175.56,0.0,0.0,0.0,ML,,,,0.9,nan,1
957023,1996-03-30T14:55:49Z,-39.33,0.0,173.86,0.0,12.0,0.0,ML,,,,1.7,0.2,3
958538,1996-03-30T16:01:46Z,-45.2,0.0,167.37,0.0,111.0,4.0,ML,,,,2.2,0.1,3
958647,1996-03-30T19:00:45Z,-43.27,0.1,171.89,0.0,12.0,0.0,ML,,,,2.2,0.1,3
959772,1996-03-30T19:10:26Z,-39.28,0.0,175.56,0.0,0.0,0.0,ML,,,,1.8,nan,1
957025,1996-03-30T19:34:21Z,-40.45,0.0,173.42,0.0,180.0,3.0,ML,,,,3.2,0.5,14
957387,1996-03-30T20:15:11Z,-38.05,0.0,178.49,0.0,18.0,1.0,ML,,,,3.4,0.2,3
957026,1996-03-30T20:59:48Z,-40.9,0.0,175.72,0.0,30.0,1.0,ML,,,,3.2,0.2,12
959774,1996-03-30T22:14:05Z,-39.28,0.0,175.56,0.0,0.0,0.0,ML,,,,0.9,nan,1
958545,1996-03-30T23:13:43Z,-45.16,0.0,166.84,0.0,12.0,0.0,ML,,,,2.2,0.0,2
959078,1996-03-30T23:29:55Z,-39.28,0.0,175.56,0.0,0.0,0.0,ML,,,,1.0,nan,1
957590,1996-03-31T00:16:18Z,-43.14,0.0,171.46,0.0,12.0,0.0,ML,,,,3.1,0.3,5
957031,1996-03-31T01:31:47Z,-41.22,0.0,175.3,0.0,24.0,1.0,ML,,,,1.9,0.1,5
957033,1996-03-31T01:49:51Z,-45.12,0.0,167.08,0.0,23.0,0.0,ML,,,,1.8,0.1,2
958517,1996-03-31T01:58:24Z,-45.19,0.0,167.39,0.0,115.0,1.0,ML,,,,2.4,0.3,2
957036,1996-03-31T03:38:19Z,-40.66,0.0,174.23,0.0,86.0,2.0,ML,,,,2.4,0.2,4
958550,1996-03-31T04:29:45Z,-39.28,0.0,175.56,0.0,0.0,0.0,ML,,,,0.7,nan,1
957037,1996-03-31T04:56:11Z,-47.95,0.0,165.86,0.1,12.0,0.0,ML,,,,3.3,0.1,2
957038,1996-03-31T05:06:57Z,-40.9,0.0,175.71,0.0,29.0,1.0,ML,,,,2.6,0.1,10
959694,1996-03-31T06:10:30Z,-39.28,0.0,175.56,0.0,0.0,0.0,ML,,,,0.9,nan,1
957399,1996-03-31T07:24:26Z,-39.06,0.0,177.69,0.0,12.0,0.0,ML,,,,3.3,0.3,4
957043,1996-03-31T07:51:04Z,-41.6,0.0,175.43,0.0,25.0,3.0,ML,,,,2.4,0.1,7
957055,1996-03-31T09:49:56Z,-41.22,0.0,175.29,0.0,25.0,1.0,ML,,,,2.1,0.2,8
957058,1996-03-31T10:10:32Z,-42.45,0.0,178.18,0.0,12.0,0.0,ML,,,,3.3,0.3,6
957598,1996-03-31T11:02:54Z,-42.98,0.0,171.36,0.0,5.0,0.0,ML,,,,2.7,0.3,5
959807,1996-03-31T11:09:44Z,-39.28,0.0,175.56,0.0,0.0,0.0,ML,,,,0.7,nan,1
957059,1996-03-31T11:12:25Z,-39.28,0.0,175.56,0.0,0.0,0.0,ML,,,,0.7,nan,1
957063,1996-03-31T11:44:14Z,-41.6,0.0,175.45,0.0,25.0,2.0,ML,,,,2.3,0.2,9
957064,1996-03-31T11:55:52Z,-45.1,0.0,167.51,0.0,124.0,3.0,ML,,,,3.1,0.2,5
957065,1996-03-31T11:57:22Z,-39.28,0.0,175.56,0.0,0.0,0.0,ML,,,,1.1,0.2,2
959819,1996-03-31T12:20:36Z,-39.28,0.0,175.56,0.0,0.0,0.0,ML,,,,0.7,nan,1
959820,1996-03-31T12:22:04Z,-39.28,0.0,175.56,0.0,0.0,0.0,ML,,,,0.7,0.0,2
957273,1996-03-31T12:26:33Z,-44.57,0.0,170.03,0.0,5.0,0.0,ML,,,,2.0,0.1,6
968425,1996-03-31T12:28:10Z,-45.16,0.0,167.48,0.0,114.0,4.0,ML,,,,3.2,0.4,4
957068,1996-03-31T12:35:24Z,-41.59,0.0,175.43,0.0,24.0,3.0,ML,,,,2.6,0.1,8
959826,1996-03-31T12:54:50Z,-39.28,0.0,175.56,0.0,0.0,0.0,ML,,,,0.9,0.1,2
957070,1996-03-31T13:31:11Z,-39.19,0.0,175.66,0.0,0.0,0.0,ML,,,,1.6,0.2,3
957071,1996-03-31T13:58:35Z,-41.64,0.0,175.45,0.0,12.0,0.0,ML,,,,2.1,0.1,6
957072,1996-03-31T14:48:49Z,-41.39,0.0,175.09,0.0,27.0,1.0,ML,,,,2.0,0.0,5
957274,1996-03-31T15:14:06Z,-45.79,0.0,169.95,0.0,5.0,0.0,ML,,,,2.9,0.2,12
968426,1996-03-31T15:15:25Z,-45.03,0.0,167.49,0.0,80.0,3.0,ML,,,,2.3,0.2,4
957074,1996-03-31T15:34:10Z,-40.87,0.0,175.0,0.0,51.0,3.0,ML,,,,2.6,0.2,8
957075,1996-03-31T16:21:17Z,-39.76,0.0,175.37,0.0,28.0,1.0,ML,,,,3.0,0.2,12
957076,1996-03-31T16:38:31Z,-40.51,0.0,174.62,0.0,33.0,0.0,ML,,,,1.9,0.1,6
957078,1996-03-31T19:21:04Z,-42.21,0.0,173.83,0.0,12.0,0.0,ML,,,,2.6,0.2,6
957086,1996-03-31T20:20:22Z,-42.22,0.0,173.89,0.0,12.0,0.0,ML,,,,3.1,0.1,12
957095,1996-03-31T22:35:25Z,-38.38,0.0,176.06,0.0,153.0,3.0,ML,,,,4.7,0.3,16
959857,1996-03-31T22:58:22Z,-39.28,0.0,175.56,0.0,0.0,0.0,ML,,,,0.8,0.0,2
957097,1996-03-31T23:17:01Z,-45.11,0.0,167.43,0.0,106.0,4.0,ML,,,,2.7,0.0,3
968427,1996-03-31T23:17:27Z,-41.42,0.0,174.08,0.0,38.0,2.0,ML,,,,3.0,0.2,12
958561,1996-04-01T00:18:13Z,-44.96,0.0,167.51,0.0,62.0,4.0,ML,,,,2.4,0.2,4
957615,1996-04-01T00:41:39Z,-40.04,0.0,176.72,0.1,12.0,0.0,ML,,,,2.3,0.2,4
957105,1996-04-01T00:59:12Z,-45.71,0.0,166.85,0.0,82.0,3.0,ML,,,,2.8,0.2,3
958687,1996-04-01T01:06:15Z,-37.62,0.1,176.41,0.3,207.0,30.0,ML,,,,3.3,0.1,3
959860,1996-04-01T01:22:07Z,-39.28,0.0,175.56,0.0,0.0,0.0,ML,,,,0.8,0.1,2
957120,1996-04-01T02:17:41Z,-39.28,0.0,175.56,0.0,0.0,0.0,ML,,,,0.7,0.1,3
957124,1996-04-01T03:14:42Z,-41.11,0.0,173.02,0.0,133.0,7.0,ML,,,,2.6,0.2,5
958563,1996-04-01T03:20:58Z,-45.19,0.0,167.35,0.0,77.0,2.0,ML,,,,2.5,0.0,3
958689,1996-04-01T03:37:28Z,-38.15,0.0,179.11,0.0,12.0,0.0,ML,,,,3.0,0.5,3
958655,1996-04-01T04:13:41Z,-38.29,0.0,176.32,0.0,12.0,0.0,ML,,,,2.0,0.1,3
959861,1996-04-01T05:29:13Z,-39.28,0.0,175.56,0.0,0.0,0.0,ML,,,,0.6,0.1,3
957133,1996-04-01T06:11:10Z,-39.19,0.0,175.12,0.1,181.0,17.0,ML,,,,3.1,0.2,8
958526,1996-04-01T06:17:06Z,-39.28,0.0,175.56,0.0,0.0,0.0,ML,,,,0.8,0.1,3
957134,1996-04-01T06:20:48Z,-41.33,0.0,174.39,0.0,16.0,4.0,ML,,,,1.7,0.1,5
958565,1996-04-01T06:27:19Z,-39.28,0.0,175.56,0.0,0.0,0.0,ML,,,,0.6,0.1,3
959862,1996-04-01T06:38:17Z,-39.28,0.0,175.56,0.0,0.0,0.0,ML,,,,0.3,nan,1
959863,1996-04-01T06:42:11Z,-39.28,0.0,175.56,0.0,0.0,0.0,ML,,,,1.0,0.1,3
957135,1996-04-01T07:25:47Z,-41.63,0.0,175.48,0.0,27.0,2.0,ML,,,,3.1,0.2,14
958527,1996-04-01T08:00:03Z,-39.28,0.0,175.56,0.0,0.0,0.0,ML,,,,0.7,0.0,3
957138,1996-04-01T08:23:13Z,-41.6,0.0,175.44,0.0,24.0,2.0,ML,,,,1.9,0.1,5
957141,1996-04-01T08:51:02Z,-45.63,0.0,167.48,0.0,17.0,2.0,ML,,,,1.8,0.0,2
968429,1996-04-01T08:53:23Z,-41.76,0.0,172.5,0.0,12.0,0.0,ML,,,,2.0,0.1,3
958566,1996-04-01T09:08:28Z,-44.93,0.0,167.65,0.0,70.0,2.0,ML,,,,2.3,nan,1
959864,1996-04-01T10:32:22Z,-39.28,0.0,175.56,0.0,0.0,0.0,ML,,,,0.8,0.1,3
957143,1996-04-01T10:36:51Z,-42.53,0.0,173.7,0.0,25.0,1.0,ML,,,,2.6,0.3,5
968430,1996-04-01T10:46:05Z,-39.28,0.0,175.56,0.0,0.0,0.0,ML,,,,0.6,0.0,2
957275,1996-04-01T10:46:07Z,-45.18,0.0,166.9,0.1,5.0,0.0,ML,,,,2.7,0.2,8
959865,1996-04-01T11:01:53Z,-39.28,0.0,175.56,0.0,0.0,0.0,ML,,,,0.8,0.1,3
958567,1996-04-01T11:21:00Z,-45.15,0.0,167.39,0.0,69.0,4.0,ML,,,,2.5,0.0,2
957146,1996-04-01T11:31:38Z,-38.59,0.0,175.77,0.0,162.0,3.0,ML,,,,4.8,0.3,17
957147,1996-04-01T11:44:41Z,-40.86,0.0,174.53,0.0,31.0,2.0,ML,,,,1.6,0.1,6
959867,1996-04-01T11:47:27Z,-39.28,0.0,175.56,0.0,0.0,0.0,ML,,,,0.8,0.1,3
959868,1996-04-01T11:59:21Z,-39.28,0.0,175.56,0.0,0.0,0.0,ML,,,,0.6,0.1,2
958692,1996-04-01T12:07:05Z,-38.44,0.1,177.84,0.2,74.0,12.0,ML,,,,3.5,0.2,4
959871,1996-04-01T12:19:20Z,-39.28,0.0,175.56,0.0,0.0,0.0,ML,,,,0.6,0.0,3
959872,1996-04-01T12:20:36Z,-39.28,0.0,175.56,0.0,0.0,0.0,ML,,,,0.8,0.0,2
959019,1996-04-01T13:06:29Z,-39.28,0.0,175.56,0.0,0.0,0.0,ML,,,,0.8,0.1,2
959873,1996-04-01T13:36:09Z,-39.28,0.0,175.56,0.0,0.0,0.0,ML,,,,0.8,0.1,3
959070,1996-04-01T14:14:36Z,-39.28,0.0,175.56,0.0,0.0,0.0,ML,,,,0.7,0.1,3
957276,1996-04-01T14:19:12Z,-44.88,0.0,167.53,0.0,56.0,3.0,ML,,,,3.8,0.3,5
959875,1996-04-01T14:28:50Z,-39.28,0.0,175.56,0.0,0.0,0.0,ML,,,,1.1,0.1,3
958186,1996-04-01T14:42:22Z,-40.99,0.1,174.86,0.0,63.0,7.0,ML,,,,1.9,0.3,4
959876,1996-04-01T14:46:06Z,-39.28,0.0,175.56,0.0,0.0,0.0,ML,,,,0.7,0.1,3
958187,1996-04-01T14:51:36Z,-40.64,0.0,174.56,0.0,45.0,7.0,ML,,,,2.1,0.2,7
959877,1996-04-01T16:23:18Z,-39.28,0.0,175.56,0.0,0.0,0.0,ML,,,,0.8,0.1,3
958190,1996-04-01T16:32:37Z,-38.95,0.1,175.58,0.1,216.0,9.0,ML,,,,3.2,0.1,2
958824,1996-04-01T17:28:39Z,-39.28,0.0,175.56,0.0,0.0,0.0,ML,,,,0.8,0.1,3
959878,1996-04-01T18:06:02Z,-39.28,0.0,175.56,0.0,0.0,0.0,ML,,,,1.1,0.1,3
957622,1996-04-01T18:47:18Z,-41.23,0.0,172.59,0.0,12.0,0.0,ML,,,,2.5,0.1,4
959879,1996-04-01T18:59:28Z,-39.28,0.0,175.56,0.0,0.0,0.0,ML,,,,0.9,0.1,3
958195,1996-04-01T19:40:19Z,-39.28,0.0,175.56,0.0,0.0,0.0,ML,,,,1.0,0.1,2
958198,1996-04-01T19:59:08Z,-41.46,0.0,173.9,0.0,45.0,1.0,ML,,,,1.8,0.3,4
958825,1996-04-01T20:04:45Z,-45.2,0.0,166.68,0.0,5.0,0.0,ML,,,,3.3,0.2,13
957277,1996-04-01T20:06:44Z,-45.2,0.0,166.68,0.1,5.0,0.0,ML,,,,3.0,0.2,11
957624,1996-04-01T20:31:44Z,-39.47,0.1,177.43,0.0,33.0,0.0,ML,,,,3.3,0.2,8
958202,1996-04-01T20:39:24Z,-41.85,0.0,174.35,0.0,31.0,2.0,ML,,,,2.2,0.0,2
958694,1996-04-01T20:44:08Z,-39.28,0.0,175.56,0.0,0.0,0.0,ML,,,,1.1,0.1,3
957626,1996-04-01T20:46:49Z,-38.33,0.0,177.14,0.0,52.0,6.0,ML,,,,3.3,0.2,3
958701,1996-04-01T22:09:35Z,-39.28,0.0,175.56,0.0,0.0,0.0,ML,,,,0.9,0.0,2
958660,1996-04-01T23:04:41Z,-39.28,0.0,175.56,0.0,0.0,0.0,ML,,,,0.8,0.1,2
960418,1996-04-01T23:20:31Z,-39.28,0.0,175.56,0.0,0.0,0.0,ML,,,,0.8,0.1,2
957279,1996-04-02T00:41:26Z,-43.95,0.0,168.96,0.0,5.0,0.0,ML,,,,3.5,0.3,16
958212,1996-04-02T00:58:03Z,-40.71,0.0,174.74,0.0,5.0,0.0,ML,,,,1.9,0.1,3
962146,1996-04-02T01:25:16Z,-39.28,0.0,175.56,0.0,0.0,0.0,ML,,,,1.2,0.1,2
958708,1996-04-02T02:18:00Z,-39.28,0.0,175.56,0.0,0.0,0.0,ML,,,,1.1,0.1,2
968433,1996-04-02T02:18:25Z,-35.55,0.1,178.69,0.6,12.0,0.0,ML,,,,3.9,0.5,3
958245,1996-04-02T07:33:04Z,-41.28,0.0,174.35,0.0,36.0,2.0,ML,,,,2.2,0.2,4
961806,1996-04-02T09:10:02Z,-38.19,0.0,174.85,0.0,12.0,0.0,ML,,,,2.7,0.1,3
961810,1996-04-02T09:42:56Z,-39.28,0.0,175.56,0.0,0.0,0.0,ML,,,,0.9,0.2,3
958495,1996-04-02T10:02:21Z,-42.95,0.0,171.85,0.0,12.0,0.0,ML,,,,3.1,0.2,7
958249,1996-04-02T10:48:03Z,-39.28,0.0,175.56,0.0,0.0,0.0,ML,,,,1.1,0.2,3
958251,1996-04-02T13:22:44Z,-39.88,0.0,174.06,0.1,221.0,4.0,ML,,,,3.4,0.2,2
960474,1996-04-02T14:11:20Z,-39.28,0.0,175.56,0.0,0.0,0.0,ML,,,,1.1,0.2,3
962099,1996-04-02T15:37:22Z,-39.28,0.0,175.56,0.0,0.0,0.0,ML,,,,1.1,0.1,2
961833,1996-04-02T15:42:51Z,-39.28,0.0,175.56,0.0,0.0,0.0,ML,,,,1.1,0.2,3
958714,1996-04-02T15:48:38Z,-37.77,0.0,179.04,0.1,12.0,0.0,ML,,,,3.3,0.4,3
958496,1996-04-02T16:54:08Z,-44.74,0.0,167.91,0.0,98.0,5.0,ML,,,,3.3,0.1,10
960057,1996-04-02T17:25:30Z,-39.4,0.0,175.91,0.0,12.0,0.0,ML,,,,2.2,0.2,3
958258,1996-04-02T17:52:34Z,-40.37,0.1,173.65,0.1,144.0,6.0,ML,,,,3.1,0.4,4
959007,1996-04-02T19:03:30Z,-41.7,0.0,172.22,0.0,96.0,2.0,ML,,,,2.5,nan,1
958266,1996-04-02T20:09:13Z,-41.01,0.0,174.73,0.0,31.0,2.0,ML,,,,2.0,0.1,5
958570,1996-04-02T20:27:58Z,-46.34,0.1,165.32,0.1,33.0,0.0,ML,,,,3.1,0.0,2
968434,1996-04-02T20:29:38Z,-45.39,0.0,167.11,0.0,64.0,3.0,ML,,,,2.6,0.2,2
958721,1996-04-03T03:28:52Z,-38.16,0.0,178.54,0.0,12.0,0.0,ML,,,,3.5,0.1,3
958299,1996-04-03T05:54:47Z,-38.11,0.0,175.92,0.0,234.0,6.0,ML,,,,4.3,0.2,17
958572,1996-04-03T06:25:55Z,-45.96,0.0,167.1,0.0,22.0,2.0,ML,,,,2.5,0.2,3
960980,1996-04-03T08:12:30Z,-43.1,0.0,171.44,0.0,12.0,0.0,ML,,,,2.4,0.3,3
962150,1996-04-03T09:47:23Z,-39.28,0.0,175.56,0.0,0.0,0.0,ML,,,,1.1,0.2,3
961183,1996-04-03T10:10:47Z,-39.02,0.0,175.73,0.0,5.0,0.0,ML,,,,1.7,0.1,3
961487,1996-04-03T10:22:13Z,-38.98,0.0,175.7,0.0,5.0,0.0,ML,,,,1.9,0.1,4
958301,1996-04-03T11:58:03Z,-41.38,0.0,174.41,0.0,13.0,3.0,ML,,,,2.2,0.1,5
958302,1996-04-03T12:21:07Z,-45.01,0.0,174.08,0.0,33.0,0.0,ML,,,,3.8,0.2,19
961387,1996-04-03T13:50:24Z,-39.28,0.0,175.56,0.0,0.0,0.0,ML,,,,1.0,0.1,2
958303,1996-04-03T16:11:14Z,-40.1,0.0,176.75,0.0,77.0,4.0,ML,,,,3.9,0.2,14
958304,1996-04-03T16:17:59Z,-39.28,0.0,175.56,0.0,0.0,0.0,ML,,,,1.0,nan,1
961391,1996-04-03T16:32:40Z,-40.62,0.0,176.34,0.0,26.0,1.0,ML,,,,2.6,0.0,1
968435,1996-04-03T16:33:21Z,-39.89,0.0,176.58,0.1,21.0,3.0,ML,,,,3.2,0.3,6
958307,1996-04-03T17:08:48Z,-40.31,0.0,176.16,0.0,64.0,3.0,ML,,,,4.1,0.3,17
958310,1996-04-03T21:13:34Z,-44.59,0.0,169.12,0.1,12.0,0.0,ML,,,,2.2,0.1,3
958311,1996-04-03T21:35:58Z,-45.23,0.0,166.74,0.0,12.0,0.0,ML,,,,2.7,0.1,2
961535,1996-04-03T22:41:57Z,-39.28,0.0,175.56,0.0,0.0,0.0,ML,,,,1.2,0.0,2
960958,1996-04-03T23:39:39Z,-40.39,0.0,176.1,0.0,66.0,3.0,ML,,,,3.1,0.1,1
958331,1996-04-03T23:49:30Z,-39.28,0.0,175.56,0.0,0.0,0.0,ML,,,,2.0,0.1,3
962173,1996-04-03T23:51:09Z,-39.28,0.0,175.56,0.0,0.0,0.0,ML,,,,1.2,0.1,3
962175,1996-04-04T00:02:35Z,-39.31,0.1,175.54,0.0,0.0,0.0,ML,,,,1.8,0.1,3
962176,1996-04-04T00:08:25Z,-39.28,0.0,175.56,0.0,0.0,0.0,ML,,,,1.6,0.1,3
961607,1996-04-04T00:11:47Z,-39.28,0.0,175.56,0.0,0.0,0.0,ML,,,,1.3,0.2,3
961516,1996-04-04T00:14:02Z,-39.28,0.0,175.56,0.0,0.0,0.0,ML,,,,1.3,0.1,3
961929,1996-04-04T00:25:10Z,-39.28,0.0,175.56,0.0,0.0,0.0,ML,,,,0.9,nan,1
958334,1996-04-04T00:41:51Z,-39.28,0.0,175.56,0.0,0.0,0.0,ML,,,,1.4,0.2,3
958336,1996-04-04T01:11:31Z,-39.28,0.0,175.56,0.0,0.0,0.0,ML,,,,1.3,0.2,3
962180,1996-04-04T01:21:43Z,-39.28,0.0,175.56,0.0,0.0,0.0,ML,,,,1.2,0.3,3
960478,1996-04-04T04:54:59Z,-39.28,0.0,175.56,0.0,0.0,0.0,ML,,,,1.1,0.2,2
958346,1996-04-04T05:22:44Z,-45.21,0.0,166.19,0.0,12.0,0.0,ML,,,,4.4,0.3,5
968437,1996-04-04T05:24:54Z,-45.16,0.0,167.41,0.0,85.0,3.0,ML,,,,2.8,0.2,8
968436,1996-04-04T06:54:27Z,-39.71,0.0,174.32,0.0,125.0,5.0,ML,,,,3.1,nan,1
958484,1996-04-04T06:54:27Z,-45.08,0.0,167.41,0.0,110.0,3.0,ML,,,,3.5,0.2,11
962182,1996-04-04T07:40:27Z,-39.28,0.0,175.56,0.0,0.0,0.0,ML,,,,0.9,0.1,2
961033,1996-04-04T13:01:05Z,-42.96,0.0,171.83,0.0,12.0,0.0,ML,,,,2.5,0.3,4
961044,1996-04-04T15:32:48Z,-43.23,0.0,171.02,0.0,5.0,0.0,ML,,,,2.6,0.4,3
958358,1996-04-04T15:41:42Z,-41.25,0.0,172.78,0.0,145.0,2.0,ML,,,,2.7,0.2,10
962190,1996-04-04T17:55:37Z,-38.4,0.0,176.14,0.0,12.0,0.0,ML,,,,2.5,0.4,2
958574,1996-04-04T18:16:49Z,-46.27,0.0,165.99,0.1,5.0,0.0,ML,,,,3.3,0.2,4
961977,1996-04-04T19:16:44Z,-38.36,0.0,176.18,0.0,5.0,0.0,ML,,,,2.4,0.3,3
958365,1996-04-04T20:14:36Z,-40.42,0.0,174.38,0.0,87.0,3.0,ML,,,,2.4,0.2,9
961191,1996-04-04T20:53:18Z,-43.15,0.0,171.43,0.0,5.0,0.0,ML,,,,2.5,0.2,4
958372,1996-04-04T23:41:20Z,-41.27,0.0,175.23,0.0,27.0,1.0,ML,,,,2.9,0.1,14
961267,1996-04-04T23:58:38Z,-38.84,0.1,178.14,0.1,30.0,2.0,ML,,,,3.7,0.2,9
958375,1996-04-05T01:39:53Z,-41.29,0.0,175.22,0.0,26.0,1.0,ML,,,,1.5,0.2,4
958376,1996-04-05T01:55:02Z,-40.91,0.0,174.73,0.0,44.0,1.0,ML,,,,1.9,0.2,5
961770,1996-04-05T01:57:52Z,-39.28,0.0,175.56,0.0,0.0,0.0,ML,,,,1.2,0.1,2
961057,1996-04-05T02:10:25Z,-39.28,0.0,175.56,0.0,0.0,0.0,ML,,,,1.1,0.2,3
961271,1996-04-05T02:47:10Z,-37.41,0.0,177.55,0.3,166.0,14.0,ML,,,,3.6,0.1,3
961061,1996-04-05T03:45:46Z,-39.28,0.0,175.56,0.0,0.0,0.0,ML,,,,0.9,nan,1
958486,1996-04-05T05:05:49Z,-45.03,0.0,167.52,0.0,110.0,3.0,ML,,,,3.5,0.1,13
961197,1996-04-05T05:34:13Z,-43.2,0.0,171.46,0.0,5.0,0.0,ML,,,,3.0,0.4,5
962038,1996-04-05T05:49:06Z,-39.53,0.1,175.42,0.4,5.0,0.0,ML,,,,1.6,0.2,2
958380,1996-04-05T05:56:31Z,-38.22,0.0,176.15,0.0,185.0,5.0,ML,,,,3.4,0.4,12
962039,1996-04-05T06:41:38Z,-39.28,0.0,175.56,0.0,0.0,0.0,ML,,,,1.3,0.2,3
958382,1996-04-05T06:46:05Z,-38.93,0.0,175.26,0.1,212.0,4.0,ML,,,,3.6,0.2,17
962226,1996-04-05T07:24:20Z,-39.28,0.0,175.56,0.0,0.0,0.0,ML,,,,0.8,nan,1
958383,1996-04-05T08:03:50Z,-41.66,0.0,174.55,0.0,33.0,1.0,ML,,,,2.5,0.2,15
958385,1996-04-05T08:32:49Z,-40.94,0.0,173.8,0.0,67.0,2.0,ML,,,,2.1,0.2,8
968439,1996-04-05T08:34:13Z,-39.28,0.0,175.56,0.0,0.0,0.0,ML,,,,1.1,0.2,3
958388,1996-04-05T10:09:36Z,-39.46,0.1,175.64,0.4,5.0,0.0,ML,,,,1.2,0.2,2
961073,1996-04-05T10:50:58Z,-39.28,0.0,175.56,0.0,0.0,0.0,ML,,,,0.1,nan,1
962228,1996-04-05T11:37:18Z,-39.3,0.0,175.61,0.0,5.0,0.0,ML,,,,1.2,0.3,3
958390,1996-04-05T11:42:50Z,-40.46,0.0,174.03,0.0,105.0,4.0,ML,,,,2.6,0.2,12
961493,1996-04-05T15:46:14Z,-39.05,0.0,175.67,0.0,7.0,2.0,ML,,,,2.6,0.4,6
961494,1996-04-05T16:08:03Z,-39.05,0.0,175.68,0.0,5.0,0.0,ML,,,,2.2,0.2,4
962232,1996-04-05T16:46:25Z,-39.28,0.0,175.56,0.0,0.0,0.0,ML,,,,0.7,nan,1
962233,1996-04-05T16:49:18Z,-39.28,0.0,175.56,0.0,0.0,0.0,ML,,,,0.5,0.1,2
958577,1996-04-05T16:51:53Z,-45.3,0.0,167.29,0.0,97.0,3.0,ML,,,,2.2,0.1,2
958396,1996-04-05T17:36:04Z,-39.2,0.0,175.03,0.0,207.0,4.0,ML,,,,3.4,0.2,5
962234,1996-04-05T17:57:32Z,-39.28,0.0,175.56,0.0,0.0,0.0,ML,,,,0.8,0.0,2
962237,1996-04-05T18:26:15Z,-39.28,0.0,175.56,0.0,0.0,0.0,ML,,,,0.9,nan,1
961281,1996-04-05T18:57:08Z,-40.24,0.0,176.82,0.0,33.0,0.0,ML,,,,2.8,0.2,4
958578,1996-04-05T20:08:25Z,-46.19,0.0,166.18,0.1,12.0,0.0,ML,,,,2.8,0.1,3
962242,1996-04-05T21:27:25Z,-39.28,0.0,175.56,0.0,0.0,0.0,ML,,,,0.8,0.0,2
961641,1996-04-05T21:57:19Z,-39.28,0.0,175.56,0.0,0.0,0.0,ML,,,,0.9,0.0,3
961094,1996-04-05T22:12:23Z,-39.28,0.0,175.56,0.0,0.0,0.0,ML,,,,0.7,0.1,3
962248,1996-04-05T22:29:47Z,-39.28,0.0,175.56,0.0,0.0,0.0,ML,,,,0.9,0.0,2
961204,1996-04-05T22:38:12Z,-37.68,0.0,179.29,0.0,12.0,0.0,ML,,,,3.5,0.4,3
961208,1996-04-05T23:22:22Z,-39.28,0.0,175.56,0.0,0.0,0.0,ML,,,,0.7,0.1,2
958402,1996-04-06T00:23:50Z,-40.66,0.0,175.77,0.0,27.0,2.0,ML,,,,2.1,0.1,3
958403,1996-04-06T01:10:30Z,-41.3,0.0,172.86,0.0,139.0,3.0,ML,,,,3.3,0.2,15
962251,1996-04-06T03:27:17Z,-39.05,0.0,175.64,0.0,5.0,0.0,ML,,,,0.9,0.1,2
962253,1996-04-06T03:49:09Z,-39.28,0.0,175.56,0.0,0.0,0.0,ML,,,,0.5,0.1,2
961294,1996-04-06T05:04:19Z,-39.14,0.0,175.66,0.0,5.0,0.0,ML,,,,1.3,0.1,4
958407,1996-04-06T05:17:06Z,-41.08,0.0,172.77,0.0,180.0,4.0,ML,,,,2.9,0.1,5
960899,1996-04-06T05:19:56Z,-39.06,0.0,175.63,0.0,5.0,0.0,ML,,,,0.9,0.2,4
960907,1996-04-06T06:19:01Z,-39.05,0.0,175.66,0.1,5.0,0.0,ML,,,,0.8,0.2,2
962254,1996-04-06T06:19:27Z,-39.05,0.0,175.65,0.1,5.0,0.0,ML,,,,0.9,0.2,3
968441,1996-04-06T06:19:52Z,-39.04,0.0,175.67,0.1,5.0,0.0,ML,,,,0.8,0.2,3
961495,1996-04-06T06:37:09Z,-39.02,0.0,175.72,0.0,5.0,0.0,ML,,,,2.2,0.3,5
960488,1996-04-06T06:44:27Z,-39.04,0.0,175.67,0.0,5.0,0.0,ML,,,,1.1,0.1,3
960911,1996-04-06T06:45:24Z,-39.28,0.0,175.56,0.0,0.0,0.0,ML,,,,0.5,0.1,2
960912,1996-04-06T06:50:41Z,-38.99,0.0,175.77,0.0,5.0,0.0,ML,,,,2.5,0.4,6
962255,1996-04-06T07:02:27Z,-39.04,0.0,175.66,0.1,5.0,0.0,ML,,,,0.9,0.1,3
958408,1996-04-06T07:07:21Z,-41.16,0.0,173.76,0.0,62.0,2.0,ML,,,,2.3,0.1,6
958409,1996-04-06T07:11:10Z,-41.19,0.0,175.05,0.0,18.0,2.0,ML,,,,2.1,0.2,12
962256,1996-04-06T07:21:24Z,-39.28,0.0,175.56,0.0,0.0,0.0,ML,,,,0.7,0.0,2
962257,1996-04-06T07:34:00Z,-39.28,0.0,175.56,0.0,0.0,0.0,ML,,,,0.9,nan,1
962258,1996-04-06T07:38:09Z,-38.8,0.0,175.99,0.0,5.0,0.0,ML,,,,2.1,0.4,5
962259,1996-04-06T07:40:16Z,-39.28,0.0,175.56,0.0,0.0,0.0,ML,,,,0.6,nan,1
962260,1996-04-06T07:44:14Z,-38.81,0.0,176.01,0.0,5.0,0.0,ML,,,,2.1,0.4,5
958410,1996-04-06T08:02:45Z,-40.86,0.0,176.31,0.0,26.0,1.0,ML,,,,2.4,nan,1
968442,1996-04-06T08:04:43Z,-40.96,0.0,173.94,0.0,78.0,3.0,ML,,,,2.2,0.1,4
961102,1996-04-06T08:11:21Z,-39.28,0.0,175.56,0.0,0.0,0.0,ML,,,,0.4,nan,1
962261,1996-04-06T08:30:13Z,-39.28,0.0,175.56,0.0,0.0,0.0,ML,,,,0.7,nan,1
958581,1996-04-06T08:34:40Z,-44.74,0.0,167.57,0.0,5.0,0.0,ML,,,,2.4,0.1,2
960917,1996-04-06T09:04:54Z,-39.28,0.0,175.56,0.0,0.0,0.0,ML,,,,0.4,nan,1
962262,1996-04-06T09:06:32Z,-39.28,0.0,175.56,0.0,0.0,0.0,ML,,,,1.0,0.1,2
962263,1996-04-06T09:07:09Z,-39.28,0.0,175.56,0.0,0.0,0.0,ML,,,,0.7,0.1,2
960918,1996-04-06T09:13:19Z,-39.28,0.0,175.56,0.0,0.0,0.0,ML,,,,0.6,0.0,2
958411,1996-04-06T09:24:55Z,-40.11,0.0,174.91,0.0,26.0,3.0,ML,,,,2.6,0.2,14
961730,1996-04-06T09:31:33Z,-39.28,0.0,175.56,0.0,0.0,0.0,ML,,,,0.6,0.1,2
961757,1996-04-06T09:46:24Z,-39.28,0.0,175.56,0.0,0.0,0.0,ML,,,,0.7,0.1,3
961496,1996-04-06T09:54:44Z,-39.05,0.0,175.64,0.0,5.0,0.0,ML,,,,1.9,0.4,5
962265,1996-04-06T09:56:08Z,-39.05,0.0,175.66,0.0,5.0,0.0,ML,,,,1.3,0.1,4
968443,1996-04-06T09:56:40Z,-39.01,0.0,175.73,0.0,5.0,0.0,ML,,,,1.3,0.1,4
962266,1996-04-06T10:03:32Z,-39.06,0.0,175.64,0.0,5.0,0.0,ML,,,,1.8,0.1,4
958412,1996-04-06T10:08:36Z,-39.05,0.0,175.66,0.0,5.0,0.0,ML,,,,0.9,0.1,2
968444,1996-04-06T10:09:31Z,-41.74,0.0,174.23,0.0,12.0,0.0,ML,,,,1.8,0.3,2
962271,1996-04-06T10:15:01Z,-39.09,0.0,175.65,0.1,5.0,0.0,ML,,,,0.6,0.1,3
958413,1996-04-06T10:17:27Z,-39.04,0.0,175.68,0.0,5.0,0.0,ML,,,,1.5,0.1,3
978592,1996-04-06T10:17:35Z,-39.04,0.0,175.67,0.1,5.0,0.0,ML,,,,1.2,0.1,3
962272,1996-04-06T10:20:41Z,-39.04,0.0,175.67,0.1,5.0,0.0,ML,,,,0.8,0.1,3
962273,1996-04-06T10:21:07Z,-39.04,0.0,175.66,0.0,5.0,0.0,ML,,,,1.0,0.1,3
961105,1996-04-06T10:27:05Z,-42.63,0.0,173.04,0.0,12.0,0.0,ML,,,,2.5,0.1,3
961297,1996-04-06T11:01:29Z,-39.05,0.0,175.66,0.1,5.0,0.0,ML,,,,1.1,0.1,4
958415,1996-04-06T11:33:31Z,-41.56,0.0,174.13,0.0,5.0,0.0,ML,,,,2.7,0.2,16
958416,1996-04-06T11:36:52Z,-41.42,0.0,173.45,0.0,74.0,4.0,ML,,,,2.6,0.2,7
958417,1996-04-06T11:56:54Z,-40.53,0.0,174.81,0.0,62.0,4.0,ML,,,,2.1,0.1,5
968447,1996-04-06T12:48:53Z,-42.11,0.1,174.07,0.0,33.0,0.0,ML,,,,1.7,0.1,3
958419,1996-04-06T13:20:16Z,-41.66,0.0,174.96,0.0,29.0,2.0,ML,,,,2.5,0.2,10
961645,1996-04-06T13:54:42Z,-39.28,0.0,175.56,0.0,0.0,0.0,ML,,,,0.7,0.0,2
958420,1996-04-06T13:58:12Z,-45.28,0.0,167.37,0.0,5.0,0.0,ML,,,,1.8,0.2,2
958421,1996-04-06T14:04:11Z,-40.35,0.0,174.22,0.0,33.0,0.0,ML,,,,2.0,0.3,3
962079,1996-04-06T14:36:36Z,-40.02,0.0,176.48,0.1,23.0,8.0,ML,,,,2.4,0.1,5
962287,1996-04-06T14:45:58Z,-39.14,0.0,175.66,0.0,5.0,0.0,ML,,,,1.6,0.2,4
958489,1996-04-06T15:20:47Z,-43.25,0.0,170.77,0.0,5.0,0.0,ML,,,,3.5,0.5,14
958424,1996-04-06T16:57:17Z,-39.46,0.0,176.5,0.0,76.0,5.0,ML,,,,3.8,0.2,17
960961,1996-04-06T17:25:19Z,-42.31,0.0,171.55,0.0,5.0,0.0,ML,,,,2.9,0.1,4
958425,1996-04-06T17:38:34Z,-36.96,0.1,176.28,0.2,135.0,41.0,ML,,,,3.5,0.2,4
958426,1996-04-06T19:24:26Z,-39.71,0.0,174.07,0.0,141.0,4.0,ML,,,,3.0,0.2,12
962531,1996-04-06T20:35:07Z,-39.28,0.0,175.56,0.0,0.0,0.0,ML,,,,0.6,0.0,2
958429,1996-04-06T20:38:14Z,-41.97,0.0,174.01,0.0,12.0,0.0,ML,,,,2.0,0.1,4
961572,1996-04-06T20:50:10Z,-39.31,0.1,175.54,0.1,5.0,0.0,ML,,,,1.0,0.0,2
958430,1996-04-06T21:21:50Z,-40.32,0.0,173.49,0.0,155.0,3.0,ML,,,,3.8,0.2,17
962583,1996-04-06T21:37:57Z,-39.28,0.0,175.56,0.0,0.0,0.0,ML,,,,0.7,nan,1
962586,1996-04-06T21:46:24Z,-39.28,0.0,175.56,0.0,0.0,0.0,ML,,,,0.7,0.1,2
962587,1996-04-06T21:53:30Z,-39.19,0.0,175.0,0.0,12.0,0.0,ML,,,,1.8,0.1,4
962588,1996-04-06T22:01:30Z,-39.28,0.0,175.56,0.0,0.0,0.0,ML,,,,0.5,0.0,2
962534,1996-04-06T22:28:17Z,-39.28,0.0,175.56,0.0,0.0,0.0,ML,,,,0.8,nan,1
961573,1996-04-06T22:52:39Z,-39.28,0.0,175.56,0.0,0.0,0.0,ML,,,,0.7,0.1,3
958490,1996-04-06T23:13:11Z,-45.45,0.0,167.22,0.0,103.0,2.0,ML,,,,3.2,0.2,12
961218,1996-04-06T23:27:27Z,-42.95,0.0,171.35,0.0,5.0,0.0,ML,,,,2.5,0.1,3
958433,1996-04-07T00:21:16Z,-45.02,0.0,167.2,0.0,5.0,0.0,ML,,,,2.6,0.2,12
958434,1996-04-07T00:42:46Z,-39.28,0.0,173.98,0.0,12.0,0.0,ML,,,,3.3,0.4,24
961220,1996-04-07T00:46:12Z,-37.66,0.0,179.32,0.0,12.0,0.0,ML,,,,3.2,0.5,3
958435,1996-04-07T01:01:49Z,-39.28,0.0,175.56,0.0,0.0,0.0,ML,,,,0.8,0.2,2
958436,1996-04-07T01:41:22Z,-39.54,0.0,175.67,0.0,12.0,0.0,ML,,,,1.9,0.1,4
968448,1996-04-07T01:43:04Z,-40.83,0.0,174.57,0.0,25.0,1.0,ML,,,,1.7,0.1,7
961499,1996-04-07T01:48:07Z,-38.93,0.0,175.69,0.0,12.0,0.0,ML,,,,1.9,0.4,5
962596,1996-04-07T02:27:26Z,-39.28,0.0,175.56,0.0,0.0,0.0,ML,,,,0.5,nan,1
962597,1996-04-07T02:35:59Z,-39.28,0.0,175.56,0.0,0.0,0.0,ML,,,,0.9,nan,1
961221,1996-04-07T02:39:16Z,-43.13,0.0,171.42,0.0,5.0,0.0,ML,,,,2.5,0.1,5
958438,1996-04-07T03:00:09Z,-41.03,0.0,174.08,0.0,58.0,2.0,ML,,,,2.1,0.1,7
962602,1996-04-07T03:28:29Z,-39.28,0.0,175.56,0.0,0.0,0.0,ML,,,,0.8,0.0,2
962605,1996-04-07T03:51:59Z,-39.28,0.0,175.56,0.0,0.0,0.0,ML,,,,0.7,0.1,2
961310,1996-04-07T04:23:30Z,-39.28,0.0,175.56,0.0,0.0,0.0,ML,,,,0.6,0.0,2
962610,1996-04-07T05:24:08Z,-39.28,0.0,175.56,0.0,0.0,0.0,ML,,,,0.6,0.0,2
960494,1996-04-07T05:33:38Z,-39.04,0.0,175.69,0.0,12.0,0.0,ML,,,,1.5,0.2,3
958440,1996-04-07T06:41:04Z,-40.86,0.0,175.81,0.0,31.0,2.0,ML,,,,2.1,0.2,7
958587,1996-04-07T06:59:39Z,-44.9,0.0,167.54,0.0,60.0,3.0,ML,,,,2.3,0.2,2
958441,1996-04-07T07:02:25Z,-37.93,0.0,176.49,0.0,186.0,5.0,ML,,,,3.7,0.2,16
961126,1996-04-07T07:29:50Z,-42.43,0.0,173.53,0.0,12.0,0.0,ML,,,,2.9,0.4,4
970606,1996-04-07T07:32:00Z,-39.28,0.0,175.56,0.0,0.0,0.0,ML,,,,0.7,nan,1
958442,1996-04-07T08:44:34Z,-38.44,0.0,174.45,0.0,16.0,2.0,ML,,,,3.7,0.3,33
970876,1996-04-07T08:45:05Z,-38.45,0.0,174.49,0.0,12.0,0.0,ML,,,,3.5,0.3,11
958443,1996-04-07T08:56:40Z,-40.38,0.0,174.79,0.0,12.0,0.0,ML,,,,2.2,0.2,11
958444,1996-04-07T09:05:35Z,-41.55,0.0,174.11,0.0,31.0,1.0,ML,,,,1.7,0.1,7
960963,1996-04-07T09:45:02Z,-39.99,0.0,174.97,0.1,32.0,3.0,ML,,,,2.1,0.1,5
958445,1996-04-07T10:10:35Z,-43.05,0.0,171.34,0.0,5.0,0.0,ML,,,,2.7,0.2,6
958447,1996-04-07T12:25:59Z,-41.71,0.0,174.62,0.0,33.0,0.0,ML,,,,1.8,0.1,4
958589,1996-04-07T12:58:50Z,-46.27,0.1,165.38,0.1,12.0,0.0,ML,,,,2.4,0.3,3
958448,1996-04-07T13:29:47Z,-45.05,0.0,167.46,0.0,109.0,2.0,ML,,,,4.7,0.2,12
958590,1996-04-07T14:29:44Z,-45.27,0.0,166.9,0.0,20.0,1.0,ML,,,,2.0,0.1,2
958449,1996-04-07T14:40:34Z,-41.3,0.0,175.02,0.0,25.0,1.0,ML,,,,1.4,0.3,4
958452,1996-04-07T15:10:01Z,-40.19,0.0,174.89,0.0,22.0,2.0,ML,,,,3.7,0.4,33
958453,1996-04-07T15:15:09Z,-41.26,0.0,175.06,0.0,12.0,0.0,ML,,,,1.6,0.2,5
958455,1996-04-07T15:42:37Z,-40.74,0.0,173.84,0.0,82.0,4.0,ML,,,,2.3,0.3,10
958458,1996-04-07T15:52:31Z,-40.66,0.0,176.4,0.0,27.0,1.0,ML,,,,4.9,0.2,6
974387,1996-04-07T15:55:34Z,-40.68,0.0,176.33,0.0,27.0,1.0,ML,,,,3.5,0.3,30
962381,1996-04-07T16:15:57Z,-40.69,0.0,176.33,0.0,26.0,1.0,ML,,,,2.5,0.1,12
961505,1996-04-07T16:53:39Z,-39.48,0.0,174.96,0.0,33.0,0.0,ML,,,,2.0,0.5,5
958591,1996-04-07T16:57:21Z,-48.05,0.0,165.78,0.0,12.0,0.0,ML,,,,3.3,0.3,4
974388,1996-04-07T16:58:11Z,-37.61,0.0,179.24,0.1,33.0,0.0,ML,,,,3.6,0.2,9
958460,1996-04-07T17:12:23Z,-39.28,0.0,175.54,0.0,0.0,0.0,ML,,,,0.7,0.2,3
974389,1996-04-07T17:12:26Z,-40.68,0.0,176.36,0.0,27.0,1.0,ML,,,,3.2,0.3,18
961150,1996-04-07T17:53:43Z,-38.33,0.0,176.04,0.0,158.0,6.0,ML,,,,3.7,0.2,15
958463,1996-04-07T17:58:42Z,-40.68,0.0,176.36,0.0,27.0,2.0,ML,,,,2.8,0.2,14
958464,1996-04-07T19:32:52Z,-41.34,0.0,174.63,0.0,28.0,1.0,ML,,,,2.1,0.1,12
958466,1996-04-07T20:04:57Z,-37.04,0.1,177.5,0.1,204.0,11.0,ML,,,,3.9,0.3,13
962651,1996-04-07T21:22:28Z,-39.28,0.0,175.56,0.0,0.0,0.0,ML,,,,0.7,0.1,3
962652,1996-04-07T21:33:06Z,-39.28,0.0,175.56,0.0,0.0,0.0,ML,,,,0.6,0.1,3
958594,1996-04-07T23:17:24Z,-46.08,0.0,167.21,0.0,19.0,1.0,ML,,,,1.9,0.1,2
974500,1996-04-07T23:17:52Z,-39.28,0.0,175.56,0.0,0.0,0.0,ML,,,,0.7,0.1,3
962655,1996-04-07T23:41:29Z,-39.28,0.0,175.56,0.0,0.0,0.0,ML,,,,0.8,0.1,2
968353,1996-04-08T00:43:17Z,-38.07,0.0,176.76,0.0,5.0,0.0,ML,,,,2.7,0.1,3
960499,1996-04-08T02:11:41Z,-38.08,0.0,176.75,0.0,5.0,0.0,ML,,,,2.4,0.2,4
958474,1996-04-08T02:44:20Z,-45.13,0.0,167.45,0.0,113.0,3.0,ML,,,,2.9,0.3,5
961658,1996-04-08T03:03:07Z,-40.51,0.0,176.39,0.0,21.0,1.0,ML,,,,2.5,0.1,1
968362,1996-04-08T04:16:18Z,-39.28,0.0,175.56,0.0,0.0,0.0,ML,,,,0.9,0.1,3
961527,1996-04-08T05:00:23Z,-39.28,0.0,175.56,0.0,0.0,0.0,ML,,,,0.7,0.1,3
961457,1996-04-08T05:08:03Z,-39.28,0.0,175.56,0.0,0.0,0.0,ML,,,,0.8,0.2,3
958491,1996-04-08T05:45:23Z,-44.43,0.0,169.5,0.0,12.0,0.0,ML,,,,2.1,0.2,7
960501,1996-04-08T05:50:10Z,-39.28,0.0,175.56,0.0,0.0,0.0,ML,,,,0.8,0.1,3
963417,1996-04-08T06:24:46Z,-39.28,0.0,175.56,0.0,0.0,0.0,ML,,,,0.5,0.1,3
961226,1996-04-08T06:45:01Z,-42.98,0.0,171.86,0.0,5.0,0.0,ML,,,,2.9,0.3,4
963432,1996-04-08T06:58:24Z,-39.28,0.0,175.56,0.0,0.0,0.0,ML,,,,0.4,0.1,2
961459,1996-04-08T06:58:47Z,-42.57,0.0,172.81,0.0,5.0,0.0,ML,,,,2.5,0.1,3
963436,1996-04-08T07:07:30Z,-39.28,0.0,175.56,0.0,0.0,0.0,ML,,,,0.6,0.1,2
961227,1996-04-08T07:25:11Z,-40.62,0.1,176.36,0.1,23.0,3.0,ML,,,,2.8,0.1,3
958478,1996-04-08T07:30:10Z,-40.57,0.0,176.44,0.0,26.0,1.0,ML,,,,2.7,0.2,4
977613,1996-04-08T07:31:08Z,-40.52,0.0,176.39,0.0,22.0,1.0,ML,,,,2.6,0.1,1
962399,1996-04-08T07:36:41Z,-40.45,0.0,176.39,0.0,15.0,1.0,ML,,,,2.4,0.1,1
962400,1996-04-08T07:45:37Z,-40.52,0.0,176.39,0.0,21.0,1.0,ML,,,,2.7,0.1,1
962401,1996-04-08T07:51:33Z,-40.44,0.0,176.37,0.0,12.0,0.0,ML,,,,2.1,nan,1
968110,1996-04-08T08:03:03Z,-39.28,0.0,175.56,0.0,0.0,0.0,ML,,,,0.5,0.0,2
958481,1996-04-08T08:21:06Z,-39.28,0.0,175.56,0.0,0.0,0.0,ML,,,,0.6,0.1,2
968379,1996-04-08T08:33:41Z,-39.28,0.0,175.56,0.0,0.0,0.0,ML,,,,0.6,0.1,2
968112,1996-04-08T08:49:54Z,-39.28,0.0,175.56,0.0,0.0,0.0,ML,,,,0.5,0.1,3
958482,1996-04-08T09:02:48Z,-39.28,0.0,175.56,0.0,0.0,0.0,ML,,,,0.8,0.1,3
962403,1996-04-08T09:11:13Z,-39.28,0.0,175.56,0.0,0.0,0.0,ML,,,,0.7,0.1,3
963453,1996-04-08T10:00:54Z,-39.28,0.0,175.56,0.0,0.0,0.0,ML,,,,0.6,0.0,2
968383,1996-04-08T10:18:33Z,-39.28,0.0,175.56,0.0,0.0,0.0,ML,,,,0.8,0.1,3
958483,1996-04-08T10:29:46Z,-41.74,0.0,174.02,0.0,31.0,1.0,ML,,,,2.2,0.1,10
968384,1996-04-08T10:35:03Z,-39.35,0.1,175.46,0.1,5.0,0.0,ML,,,,1.1,0.1,2
960964,1996-04-08T10:53:34Z,-38.99,0.0,175.74,0.0,5.0,0.0,ML,,,,2.5,0.4,7
961668,1996-04-08T10:59:58Z,-39.28,0.0,175.56,0.0,0.0,0.0,ML,,,,0.7,0.2,3
968387,1996-04-08T11:29:25Z,-39.28,0.0,175.56,0.0,0.0,0.0,ML,,,,0.4,nan,1
960524,1996-04-08T12:01:35Z,-41.72,0.0,174.13,0.0,12.0,0.0,ML,,,,1.9,0.3,7
960525,1996-04-08T12:09:08Z,-41.91,0.0,174.06,0.0,17.0,4.0,ML,,,,2.3,0.2,9
968405,1996-04-08T15:28:01Z,-39.28,0.0,175.56,0.0,0.0,0.0,ML,,,,0.8,0.1,2
960526,1996-04-08T16:52:13Z,-41.29,0.0,175.17,0.0,20.0,2.0,ML,,,,1.9,0.1,9
960527,1996-04-08T16:58:06Z,-40.61,0.0,174.67,0.0,24.0,4.0,ML,,,,2.3,0.1,5
960528,1996-04-08T17:18:03Z,-39.28,0.0,175.56,0.0,0.0,0.0,ML,,,,0.8,0.1,2
961587,1996-04-08T17:21:41Z,-39.28,0.0,175.56,0.0,0.0,0.0,ML,,,,0.9,0.1,3
960532,1996-04-08T18:09:06Z,-35.16,0.1,178.35,0.2,274.0,9.0,ML,,,,4.3,0.2,12
962415,1996-04-08T19:35:48Z,-39.28,0.0,175.56,0.0,0.0,0.0,ML,,,,0.7,0.1,2
968141,1996-04-08T20:02:44Z,-40.64,0.0,176.37,0.0,27.0,2.0,ML,,,,4.0,0.2,24
960540,1996-04-08T20:19:37Z,-41.5,0.0,174.46,0.0,19.0,1.0,ML,,,,2.1,0.2,10
968418,1996-04-08T23:10:41Z,-39.28,0.0,175.56,0.0,0.0,0.0,ML,,,,0.9,0.0,2
961677,1996-04-08T23:26:00Z,-45.84,0.0,169.92,0.0,12.0,0.0,ML,,,,2.0,0.3,2
960564,1996-04-09T01:21:23Z,-41.5,0.0,174.4,0.0,12.0,0.0,ML,,,,1.8,0.2,3
960569,1996-04-09T02:06:44Z,-41.91,0.0,174.06,0.0,12.0,0.0,ML,,,,2.7,0.3,9
960570,1996-04-09T02:14:56Z,-39.54,0.0,174.03,0.0,246.0,3.0,ML,,,,3.4,0.2,7
968163,1996-04-09T05:26:56Z,-39.28,0.0,175.56,0.0,0.0,0.0,ML,,,,0.9,0.0,2
960591,1996-04-09T08:04:04Z,-41.44,0.0,174.39,0.0,12.0,0.0,ML,,,,1.7,0.2,3
958493,1996-04-09T10:29:34Z,-39.97,0.0,173.88,0.0,181.0,7.0,ML,,,,3.3,0.3,8
978594,1996-04-09T10:31:26Z,-45.03,0.0,167.44,0.0,119.0,3.0,ML,,,,3.9,0.3,14
978593,1996-04-09T10:31:40Z,-41.51,0.0,174.44,0.0,34.0,1.0,ML,,,,2.8,0.2,12
962450,1996-04-09T11:18:55Z,-39.17,0.0,175.12,0.0,29.0,2.0,ML,,,,2.5,0.1,4
960594,1996-04-09T11:27:40Z,-40.71,0.0,173.5,0.0,133.0,4.0,ML,,,,2.9,0.1,10
961174,1996-04-09T11:58:36Z,-38.42,0.1,179.5,0.1,12.0,0.0,ML,,,,3.0,0.2,3
960595,1996-04-09T13:05:08Z,-40.2,0.0,174.98,0.0,30.0,2.0,ML,,,,2.8,0.1,14
960514,1996-04-09T13:46:45Z,-44.57,0.1,168.24,0.1,12.0,0.0,ML,,,,2.6,nan,1
960596,1996-04-09T13:49:51Z,-38.43,0.0,176.17,0.1,193.0,7.0,ML,,,,3.7,0.3,9
960597,1996-04-09T14:06:30Z,-41.21,0.0,172.74,0.0,167.0,3.0,ML,,,,3.4,0.2,11
968420,1996-04-09T14:17:38Z,-39.28,0.0,175.56,0.0,0.0,0.0,ML,,,,0.9,0.2,2
958494,1996-04-09T14:26:26Z,-44.24,0.0,168.46,0.0,5.0,0.0,ML,,,,2.6,0.3,8
968421,1996-04-09T15:22:28Z,-39.28,0.0,175.56,0.0,0.0,0.0,ML,,,,0.5,nan,1
968422,1996-04-09T15:42:13Z,-39.28,0.0,175.56,0.0,0.0,0.0,ML,,,,0.2,nan,1
960599,1996-04-09T16:33:46Z,-40.16,0.0,174.78,0.0,12.0,0.0,ML,,,,2.3,0.2,9
960603,1996-04-09T17:26:03Z,-41.91,0.0,174.07,0.0,12.0,0.0,ML,,,,2.2,0.2,9
958603,1996-04-09T18:32:24Z,-41.47,0.0,172.39,0.0,134.0,3.0,ML,,,,3.2,0.3,13
960949,1996-04-09T20:40:12Z,-40.63,0.0,175.88,0.0,36.0,4.0,ML,,,,2.5,0.1,1
960615,1996-04-09T21:02:08Z,-41.91,0.0,174.08,0.0,12.0,0.0,ML,,,,2.2,0.2,8
960621,1996-04-09T22:05:47Z,-40.97,0.0,172.81,0.1,247.0,4.0,ML,,,,3.2,0.3,10
960634,1996-04-09T23:37:05Z,-39.71,0.1,176.42,0.1,30.0,6.0,ML,,,,3.0,0.1,2
960640,1996-04-10T02:35:44Z,-43.0,0.0,171.45,0.0,12.0,0.0,ML,,,,4.2,0.2,6
960642,1996-04-10T02:56:31Z,-40.68,0.0,173.42,0.0,127.0,7.0,ML,,,,2.9,0.2,8
963544,1996-04-10T03:39:23Z,-43.01,0.0,171.33,0.0,12.0,0.0,ML,,,,2.7,0.3,3
960645,1996-04-10T04:34:05Z,-39.67,0.0,174.76,0.0,116.0,5.0,ML,,,,2.8,0.2,6
960646,1996-04-10T04:42:04Z,-40.2,0.0,174.81,0.0,21.0,3.0,ML,,,,2.6,0.2,11
960650,1996-04-10T05:47:38Z,-40.3,0.1,173.51,0.0,142.0,4.0,ML,,,,2.5,0.2,6
963184,1996-04-10T06:26:20Z,-45.69,0.0,166.87,0.0,81.0,2.0,ML,,,,2.1,nan,2
961369,1996-04-10T07:21:06Z,-37.89,0.0,178.36,0.5,12.0,0.0,ML,,,,2.4,0.0,3
960656,1996-04-10T08:52:36Z,-41.65,0.0,174.74,0.0,27.0,5.0,ML,,,,1.7,0.2,3
960659,1996-04-10T09:33:23Z,-41.11,0.0,174.21,0.0,53.0,2.0,ML,,,,2.1,0.2,7
960852,1996-04-10T10:00:53Z,-45.37,0.0,167.31,0.0,56.0,3.0,ML,,,,2.9,0.2,11
963186,1996-04-10T10:32:21Z,-46.12,0.0,167.83,0.0,5.0,0.0,ML,,,,2.2,0.1,3
960662,1996-04-10T10:35:41Z,-37.37,0.1,176.79,0.0,197.0,8.0,ML,,,,4.0,0.2,17
960663,1996-04-10T11:04:44Z,-40.52,0.0,174.64,0.0,12.0,0.0,ML,,,,2.1,0.1,8
960664,1996-04-10T11:15:37Z,-40.35,0.0,176.34,0.0,37.0,3.0,ML,,,,2.6,0.3,9
960665,1996-04-10T11:46:02Z,-41.25,0.0,172.85,0.0,131.0,3.0,ML,,,,3.0,0.2,10
960853,1996-04-10T13:28:05Z,-45.08,0.0,167.46,0.0,91.0,2.0,ML,,,,3.7,0.2,12
960666,1996-04-10T13:30:38Z,-38.4,0.0,176.28,0.2,182.0,5.0,ML,,,,3.3,0.2,4
960667,1996-04-10T14:17:56Z,-40.58,0.0,174.62,0.0,29.0,5.0,ML,,,,1.9,0.1,8
980213,1996-04-10T14:20:20Z,-42.93,0.0,171.94,0.0,12.0,0.0,ML,,,,3.1,0.3,6
963188,1996-04-10T14:31:22Z,-43.21,0.0,171.98,0.0,12.0,0.0,ML,,,,3.6,0.2,8
960854,1996-04-10T15:39:38Z,-43.34,0.0,171.15,0.0,5.0,0.0,ML,,,,3.0,0.4,12
960669,1996-04-10T16:01:30Z,-37.87,0.0,179.02,0.1,12.0,0.0,ML,,,,3.7,0.3,15
960670,1996-04-10T17:36:13Z,-40.68,0.1,174.07,0.0,83.0,6.0,ML,,,,1.8,0.2,6
960682,1996-04-10T18:56:12Z,-42.5,0.0,172.66,0.0,12.0,0.0,ML,,,,2.8,0.2,13
964377,1996-04-10T20:35:37Z,-39.28,0.0,175.56,0.0,0.0,0.0,ML,,,,0.8,0.1,3
960689,1996-04-10T20:39:23Z,-41.38,0.0,174.65,0.0,18.0,2.0,ML,,,,2.3,0.2,13
964438,1996-04-10T20:44:40Z,-42.91,0.0,172.01,0.0,5.0,0.0,ML,,,,2.6,0.1,3
964378,1996-04-10T20:54:14Z,-39.28,0.0,175.56,0.0,0.0,0.0,ML,,,,0.6,nan,1
960691,1996-04-10T21:00:44Z,-39.15,0.0,175.42,0.0,12.0,0.0,ML,,,,1.3,0.0,4
963191,1996-04-10T21:09:30Z,-45.06,0.0,167.56,0.0,5.0,0.0,ML,,,,2.0,0.1,2
960708,1996-04-10T23:34:17Z,-39.28,0.0,175.56,0.0,0.0,0.0,ML,,,,0.9,0.3,3
960717,1996-04-11T00:15:44Z,-39.45,0.0,175.42,0.0,5.0,0.0,ML,,,,1.8,0.2,3
960719,1996-04-11T00:50:38Z,-40.23,0.0,176.01,0.0,12.0,0.0,ML,,,,2.4,0.1,4
982808,1996-04-11T00:50:47Z,-39.28,0.0,175.56,0.0,0.0,0.0,ML,,,,0.6,0.1,3
964380,1996-04-11T02:09:07Z,-39.28,0.0,175.56,0.0,0.0,0.0,ML,,,,0.6,0.1,2
964381,1996-04-11T02:10:35Z,-39.28,0.0,175.56,0.0,0.0,0.0,ML,,,,0.5,0.1,3
960724,1996-04-11T02:22:59Z,-41.64,0.0,174.61,0.0,27.0,1.0,ML,,,,1.9,0.1,7
963579,1996-04-11T03:14:01Z,-45.34,0.0,170.45,0.0,12.0,0.0,ML,,,,2.0,0.3,2
964382,1996-04-11T03:23:19Z,-39.28,0.0,175.56,0.0,0.0,0.0,ML,,,,0.7,0.1,3
960734,1996-04-11T04:23:00Z,-39.51,0.0,175.69,0.0,12.0,0.0,ML,,,,2.0,0.2,4
963616,1996-04-11T05:38:08Z,-38.35,0.0,176.43,0.0,5.0,0.0,ML,,,,1.9,0.2,3
963624,1996-04-11T06:03:49Z,-39.28,0.0,175.56,0.0,0.0,0.0,ML,,,,1.3,0.0,2
960741,1996-04-11T06:44:28Z,-42.18,0.0,174.07,0.0,30.0,1.0,ML,,,,3.0,0.3,14
963635,1996-04-11T07:22:10Z,-39.28,0.0,175.56,0.0,0.0,0.0,ML,,,,0.8,nan,1
963641,1996-04-11T07:52:23Z,-39.28,0.0,175.56,0.0,0.0,0.0,ML,,,,0.5,0.0,2
964383,1996-04-11T08:01:31Z,-39.28,0.0,175.56,0.0,0.0,0.0,ML,,,,0.9,0.3,3
964384,1996-04-11T08:10:28Z,-39.26,0.0,175.57,0.0,0.0,0.0,ML,,,,1.8,0.1,3
963193,1996-04-11T12:00:37Z,-46.19,0.1,168.46,0.1,5.0,0.0,ML,,,,2.3,0.5,2
960744,1996-04-11T12:52:11Z,-40.58,0.0,174.64,0.0,30.0,7.0,ML,,,,1.9,0.1,4
960745,1996-04-11T13:15:56Z,-40.56,0.0,174.67,0.0,25.0,4.0,ML,,,,1.9,0.1,6
963227,1996-04-11T13:59:36Z,-39.28,0.0,175.56,0.0,0.0,0.0,ML,,,,0.6,0.1,3
964385,1996-04-11T14:12:39Z,-39.28,0.0,175.56,0.0,0.0,0.0,ML,,,,0.5,0.0,2
963655,1996-04-11T15:01:00Z,-39.27,0.0,175.39,0.0,12.0,0.0,ML,,,,1.5,0.1,3
963195,1996-04-11T15:32:34Z,-45.21,0.0,166.6,0.1,12.0,0.0,ML,,,,2.4,0.0,2
963231,1996-04-11T15:58:07Z,-38.21,0.0,176.22,0.0,5.0,0.0,ML,,,,2.2,0.3,5
980470,1996-04-11T15:58:48Z,-39.28,0.0,175.56,0.0,0.0,0.0,ML,,,,0.8,0.1,3
960746,1996-04-11T16:26:02Z,-41.26,0.0,173.0,0.0,158.0,3.0,ML,,,,2.8,0.3,4
960747,1996-04-11T16:51:28Z,-41.34,0.0,172.53,0.1,5.0,0.0,ML,,,,2.8,0.1,9
960748,1996-04-11T17:09:17Z,-41.92,0.0,174.08,0.0,12.0,0.0,ML,,,,2.3,0.1,9
960749,1996-04-11T17:17:27Z,-43.03,0.0,171.86,0.0,12.0,0.0,ML,,,,3.4,0.2,15
960750,1996-04-11T17:25:42Z,-41.92,0.0,174.08,0.0,12.0,0.0,ML,,,,2.4,0.2,10
960751,1996-04-11T19:11:33Z,-41.92,0.0,174.07,0.0,18.0,2.0,ML,,,,2.2,0.2,9
960752,1996-04-11T19:30:43Z,-41.92,0.0,174.07,0.0,12.0,0.0,ML,,,,2.8,0.1,11
960753,1996-04-11T19:31:54Z,-41.94,0.0,174.1,0.0,12.0,0.0,ML,,,,2.0,0.1,8
960754,1996-04-11T19:49:08Z,-41.91,0.0,174.07,0.0,12.0,0.0,ML,,,,2.4,0.2,12
960755,1996-04-11T21:07:50Z,-41.16,0.0,174.24,0.0,50.0,2.0,ML,,,,2.2,0.2,6
960759,1996-04-11T22:24:19Z,-41.92,0.0,174.06,0.0,12.0,0.0,ML,,,,2.5,0.1,10
981075,1996-04-11T22:24:51Z,-41.92,0.0,174.06,0.0,12.0,0.0,ML,,,,2.1,0.1,4
960761,1996-04-11T23:11:33Z,-37.52,0.0,179.38,0.1,12.0,0.0,ML,,,,3.2,0.3,3
963197,1996-04-12T00:30:21Z,-45.26,0.4,167.48,0.1,107.0,7.0,ML,,,,2.4,nan,1
963199,1996-04-12T01:05:29Z,-45.13,0.0,166.83,0.0,20.0,1.0,ML,,,,2.0,0.0,2
960764,1996-04-12T01:16:52Z,-41.18,0.0,175.04,0.0,19.0,2.0,ML,,,,1.4,0.1,3
960765,1996-04-12T01:18:20Z,-41.72,0.0,173.99,0.0,34.0,2.0,ML,,,,2.0,0.1,4
960767,1996-04-12T01:29:56Z,-41.28,0.0,175.35,0.0,20.0,1.0,ML,,,,2.4,0.2,14
960770,1996-04-12T01:45:34Z,-41.28,0.0,175.35,0.0,18.0,2.0,ML,,,,1.6,0.2,5
964447,1996-04-12T01:51:23Z,-43.04,0.0,171.48,0.0,12.0,0.0,ML,,,,2.9,0.3,5
964448,1996-04-12T01:56:29Z,-43.0,0.0,171.44,0.0,5.0,0.0,ML,,,,2.4,0.2,3
960771,1996-04-12T02:04:05Z,-40.46,0.0,174.39,0.0,88.0,5.0,ML,,,,2.9,0.1,9
960772,1996-04-12T02:19:37Z,-41.14,0.0,174.3,0.0,45.0,1.0,ML,,,,2.1,0.1,5
963244,1996-04-12T03:06:49Z,-39.3,0.0,176.17,0.0,33.0,0.0,ML,,,,2.0,0.1,4
982925,1996-04-12T03:06:52Z,-39.24,0.0,176.51,0.0,33.0,0.0,ML,,,,2.5,0.2,6
960774,1996-04-12T03:17:02Z,-39.09,0.0,174.99,0.0,12.0,0.0,ML,,,,2.2,0.2,5
960775,1996-04-12T03:32:48Z,-40.98,0.0,175.59,0.0,30.0,1.0,ML,,,,2.9,0.2,15
964237,1996-04-12T04:01:33Z,-39.28,0.0,175.56,0.0,0.0,0.0,ML,,,,0.7,0.1,2
960777,1996-04-12T04:58:19Z,-37.45,0.0,177.25,0.0,142.0,3.0,ML,,,,4.0,0.3,16
963200,1996-04-12T05:31:03Z,-45.05,0.0,167.31,0.0,37.0,4.0,ML,,,,1.7,0.0,2
960855,1996-04-12T05:45:23Z,-45.85,0.0,169.82,0.0,12.0,0.0,ML,,,,2.2,0.2,8
963695,1996-04-12T06:18:21Z,-39.28,0.0,175.56,0.0,0.0,0.0,ML,,,,0.9,0.1,3
963163,1996-04-12T08:05:59Z,-39.03,0.0,173.99,0.0,5.0,0.0,ML,,,,2.8,0.3,8
960782,1996-04-12T10:33:49Z,-41.74,0.0,172.22,0.1,103.0,8.0,ML,,,,3.0,nan,1
981076,1996-04-12T10:35:08Z,-42.95,0.0,171.88,0.0,12.0,0.0,ML,,,,4.3,0.2,6
964386,1996-04-12T10:46:14Z,-39.28,0.0,175.56,0.0,0.0,0.0,ML,,,,0.8,0.1,3
963720,1996-04-12T10:56:03Z,-42.92,0.0,171.94,0.0,12.0,0.0,ML,,,,2.6,0.3,3
964454,1996-04-12T12:13:23Z,-42.94,0.0,171.92,0.0,5.0,0.0,ML,,,,2.6,0.3,3
963282,1996-04-12T14:08:17Z,-40.41,0.0,176.7,0.1,43.0,6.0,ML,,,,2.6,nan,1
960783,1996-04-12T14:17:15Z,-35.45,0.0,178.92,0.0,217.0,7.0,ML,,,,4.1,0.2,11
981111,1996-04-12T14:19:50Z,-37.06,0.0,177.83,0.0,118.0,4.0,ML,,,,3.5,0.2,7
963726,1996-04-12T15:20:30Z,-40.48,0.0,176.38,0.0,17.0,2.0,ML,,,,1.8,nan,1
960785,1996-04-12T16:33:25Z,-40.05,0.0,174.98,0.0,24.0,2.0,ML,,,,2.2,0.2,7
964387,1996-04-12T16:39:37Z,-38.07,0.0,176.8,0.0,5.0,0.0,ML,,,,1.9,0.1,4
960786,1996-04-12T16:59:39Z,-41.92,0.0,174.08,0.0,12.0,0.0,ML,,,,2.4,0.1,11
960787,1996-04-12T17:09:26Z,-41.93,0.0,174.08,0.0,12.0,2.0,ML,,,,2.3,0.1,8
960788,1996-04-12T17:10:10Z,-41.91,0.0,174.06,0.0,12.0,0.0,ML,,,,2.3,0.1,7
964484,1996-04-12T17:21:26Z,-38.01,0.0,179.29,0.0,12.0,0.0,ML,,,,2.8,0.1,3
963299,1996-04-12T17:50:31Z,-42.95,0.0,171.91,0.0,12.0,0.0,ML,,,,2.5,0.2,4
964250,1996-04-12T17:59:44Z,-39.68,0.1,178.09,0.1,33.0,0.0,ML,,,,3.1,0.3,6
960789,1996-04-12T18:33:41Z,-38.86,0.0,175.74,0.0,155.0,3.0,ML,,,,3.3,0.2,8
981269,1996-04-12T18:34:25Z,-38.07,0.1,178.51,0.5,84.0,14.0,ML,,,,2.6,0.1,3
964389,1996-04-12T19:34:22Z,-39.28,0.0,175.56,0.0,0.0,0.0,ML,,,,0.7,0.1,3
960791,1996-04-12T19:44:59Z,-41.32,0.0,174.71,0.0,28.0,1.0,ML,,,,1.5,0.1,4
964390,1996-04-12T20:00:20Z,-38.8,0.0,175.81,0.0,5.0,0.0,ML,,,,1.6,0.2,3
964251,1996-04-12T20:36:02Z,-37.61,0.0,175.54,0.0,5.0,0.0,ML,,,,3.3,0.2,14
964256,1996-04-12T23:57:22Z,-42.92,0.0,171.92,0.0,5.0,0.0,ML,,,,2.3,0.3,3
964589,1996-04-13T00:40:03Z,-37.6,0.0,175.64,0.0,5.0,0.0,ML,,,,2.8,0.1,4
960794,1996-04-13T01:18:10Z,-38.42,0.0,175.82,0.0,181.0,2.0,ML,,,,4.1,0.2,18
960795,1996-04-13T01:31:41Z,-40.49,0.0,174.58,0.0,77.0,3.0,ML,,,,3.9,0.2,18
960796,1996-04-13T02:48:27Z,-41.39,0.0,175.06,0.0,28.0,1.0,ML,,,,1.8,0.2,5
960797,1996-04-13T03:20:30Z,-39.49,0.0,175.8,0.0,12.0,0.0,ML,,,,2.9,0.4,9
960798,1996-04-13T04:22:37Z,-38.3,0.0,175.99,0.0,189.0,3.0,ML,,,,4.7,0.3,19
963206,1996-04-13T05:42:04Z,-42.94,0.0,171.93,0.0,12.0,0.0,ML,,,,2.4,0.3,4
960799,1996-04-13T06:06:41Z,-41.73,0.0,173.76,0.0,12.0,0.0,ML,,,,2.6,0.2,10
960800,1996-04-13T06:34:33Z,-41.08,0.0,175.24,0.0,15.0,1.0,ML,,,,1.8,0.1,8
960801,1996-04-13T07:00:51Z,-39.49,0.0,175.79,0.0,12.0,0.0,ML,,,,2.0,0.2,4
963207,1996-04-13T07:07:07Z,-45.22,0.0,166.91,0.0,12.0,0.0,ML,,,,2.2,0.1,2
960803,1996-04-13T07:49:41Z,-45.1,0.0,167.53,0.0,112.0,4.0,ML,,,,4.5,0.1,4
963770,1996-04-13T08:14:43Z,-36.89,0.1,177.03,0.3,140.0,31.0,ML,,,,3.5,0.2,4
963774,1996-04-13T09:09:32Z,-39.53,0.0,175.6,0.0,12.0,0.0,ML,,,,2.0,0.1,4
964631,1996-04-13T10:22:40Z,-36.52,0.4,177.57,0.2,12.0,0.0,ML,,,,3.9,0.3,4
963208,1996-04-13T10:25:44Z,-39.17,0.0,175.65,0.0,0.0,0.0,ML,,,,1.6,0.1,3
963167,1996-04-13T11:07:09Z,-39.66,0.0,175.64,0.0,5.0,0.0,ML,,,,2.6,0.3,6
960805,1996-04-13T11:24:11Z,-39.63,0.0,175.61,0.0,21.0,2.0,ML,,,,3.1,0.2,15
981590,1996-04-13T11:26:00Z,-38.21,0.0,176.1,0.0,181.0,3.0,ML,,,,4.0,0.3,16
963209,1996-04-13T11:31:54Z,-45.3,0.0,166.76,0.1,12.0,0.0,ML,,,,2.6,0.1,2
960807,1996-04-13T13:43:41Z,-41.09,0.0,174.83,0.0,58.0,1.0,ML,,,,2.6,0.2,9
981215,1996-04-13T13:44:35Z,-40.63,0.0,176.36,0.0,29.0,0.0,ML,,,,2.0,nan,1
964457,1996-04-13T14:01:09Z,-42.94,0.0,172.99,0.0,12.0,0.0,ML,,,,3.3,0.1,5
960808,1996-04-13T14:47:01Z,-40.85,0.0,174.72,0.0,12.0,0.0,ML,,,,1.8,0.0,3
960856,1996-04-13T15:27:17Z,-43.64,0.0,170.47,0.0,5.0,0.0,ML,,,,2.8,0.3,7
963210,1996-04-13T16:29:59Z,-45.26,0.0,167.44,0.0,5.0,0.0,ML,,,,2.0,0.1,2
960811,1996-04-13T16:37:25Z,-41.78,0.0,173.23,0.0,77.0,3.0,ML,,,,3.4,0.4,13
964492,1996-04-13T17:29:36Z,-37.58,0.1,177.13,0.0,12.0,0.0,ML,,,,3.4,0.2,4
983027,1996-04-13T17:43:49Z,-37.9,0.1,178.97,0.2,12.0,0.0,ML,,,,2.5,0.2,3
964391,1996-04-13T17:43:52Z,-37.56,0.0,177.1,0.0,5.0,0.0,ML,,,,3.6,0.3,10
983028,1996-04-13T17:52:23Z,-37.48,0.1,177.16,0.0,12.0,0.0,ML,,,,3.9,0.2,4
964494,1996-04-13T17:57:27Z,-37.85,0.1,179.54,0.1,12.0,0.0,ML,,,,3.0,0.2,3
981783,1996-04-13T17:58:20Z,-37.91,0.0,179.29,0.1,12.0,0.0,ML,,,,2.6,0.1,3
964495,1996-04-13T18:06:57Z,-36.93,0.1,177.22,0.1,33.0,0.0,ML,,,,3.8,0.2,4
963790,1996-04-13T18:22:12Z,-37.86,0.0,179.44,0.1,33.0,0.0,ML,,,,2.8,0.2,3
964497,1996-04-13T18:58:51Z,-37.49,0.1,177.13,0.1,33.0,0.0,ML,,,,3.7,0.2,4
960813,1996-04-13T19:14:57Z,-41.4,0.0,174.01,0.0,39.0,2.0,ML,,,,2.5,0.2,5
960814,1996-04-13T20:56:44Z,-41.16,0.0,175.06,0.0,20.0,1.0,ML,,,,2.2,0.2,9
964498,1996-04-13T21:17:34Z,-37.31,0.1,177.15,0.0,33.0,0.0,ML,,,,3.6,0.3,4
964499,1996-04-13T21:41:12Z,-38.58,0.1,179.08,0.2,12.0,0.0,ML,,,,3.7,0.1,3
964394,1996-04-13T21:51:10Z,-37.85,0.0,179.29,0.0,12.0,0.0,ML,,,,3.2,0.3,3
963211,1996-04-13T21:55:31Z,-44.71,0.0,167.66,0.0,33.0,0.0,ML,,,,2.3,nan,1
964500,1996-04-13T22:05:15Z,-38.34,0.0,177.14,0.1,33.0,0.0,ML,,,,2.6,0.2,3
963797,1996-04-13T23:02:09Z,-40.37,0.0,175.87,0.0,66.0,4.0,ML,,,,2.8,0.2,1
960816,1996-04-13T23:16:01Z,-38.51,0.0,175.82,0.1,181.0,7.0,ML,,,,3.6,0.2,12
960819,1996-04-14T00:16:53Z,-41.92,0.0,174.09,0.0,12.0,0.0,ML,,,,2.5,0.2,8
960820,1996-04-14T00:30:24Z,-41.92,0.0,174.09,0.0,12.0,0.0,ML,,,,3.2,0.2,17
981814,1996-04-14T00:31:20Z,-41.92,0.0,174.08,0.0,12.0,0.0,ML,,,,3.0,0.2,16
960821,1996-04-14T00:45:11Z,-41.92,0.0,174.09,0.0,12.0,0.0,ML,,,,2.3,0.3,6
960823,1996-04-14T04:51:43Z,-40.38,0.0,176.86,0.1,45.0,5.0,ML,,,,3.7,0.2,13
963820,1996-04-14T04:58:01Z,-38.67,0.0,175.68,0.0,180.0,2.0,ML,,,,3.3,0.1,2
960824,1996-04-14T05:50:39Z,-40.35,0.0,174.72,0.0,71.0,4.0,ML,,,,2.6,0.1,6
963841,1996-04-14T07:16:53Z,-39.95,0.0,177.74,0.0,12.0,0.0,ML,,,,3.3,0.2,6
960825,1996-04-14T07:36:23Z,-42.06,0.0,172.97,0.0,81.0,3.0,ML,,,,3.6,0.4,15
960826,1996-04-14T09:03:07Z,-41.92,0.0,174.05,0.0,12.0,0.0,ML,,,,2.2,0.1,9
960827,1996-04-14T09:39:37Z,-40.68,0.0,174.4,0.0,76.0,3.0,ML,,,,2.4,0.1,5
960828,1996-04-14T10:58:54Z,-40.78,0.0,175.32,0.0,28.0,2.0,ML,,,,2.6,0.1,9
963885,1996-04-14T11:39:23Z,-37.8,0.1,179.64,0.1,12.0,0.0,ML,,,,3.0,0.3,3
964294,1996-04-14T12:11:03Z,-39.28,0.0,175.56,0.0,0.0,0.0,ML,,,,0.9,0.0,2
963890,1996-04-14T12:31:40Z,-39.46,0.0,175.74,0.1,12.0,0.0,ML,,,,1.8,0.1,3
963950,1996-04-14T16:13:52Z,-37.8,0.0,179.51,0.0,12.0,0.0,ML,,,,2.8,0.2,3
960830,1996-04-14T17:46:00Z,-40.96,0.0,174.53,0.0,56.0,2.0,ML,,,,2.9,0.4,8
964316,1996-04-14T19:25:06Z,-38.06,0.1,179.85,0.1,12.0,0.0,ML,,,,3.4,0.2,3
960831,1996-04-14T19:55:42Z,-40.07,0.0,176.5,0.0,53.0,4.0,ML,,,,4.3,0.4,17
960834,1996-04-14T20:20:47Z,-41.93,0.0,174.02,0.0,20.0,2.0,ML,,,,3.0,0.3,15
964570,1996-04-14T21:21:52Z,-42.37,0.0,173.85,0.0,5.0,0.0,ML,,,,2.8,0.1,3
960838,1996-04-14T21:35:43Z,-40.28,0.0,174.86,0.0,24.0,3.0,ML,,,,2.5,0.3,8
964017,1996-04-14T21:51:34Z,-39.28,0.0,175.56,0.0,0.0,0.0,ML,,,,0.9,0.1,3
964571,1996-04-14T21:58:43Z,-41.77,0.0,171.64,0.0,12.0,0.0,ML,,,,2.6,0.3,4
960861,1996-04-15T00:04:01Z,-44.38,0.0,170.67,0.0,27.0,2.0,ML,,,,3.1,0.2,12
964327,1996-04-15T00:37:55Z,-39.28,0.0,175.56,0.0,0.0,0.0,ML,,,,0.9,0.1,3
960841,1996-04-15T01:17:03Z,-38.91,0.0,175.84,0.0,98.0,5.0,ML,,,,3.5,0.1,15
964067,1996-04-15T01:31:43Z,-42.58,0.0,173.49,0.0,0.0,2.0,ML,,,,2.9,0.2,4
963213,1996-04-15T02:47:48Z,-45.14,0.0,167.42,0.0,73.0,4.0,ML,,,,3.2,0.2,4
960863,1996-04-15T05:43:17Z,-44.97,0.0,167.5,0.0,82.0,3.0,ML,,,,3.2,0.2,12
960847,1996-04-15T06:49:55Z,-40.86,0.0,173.85,0.0,67.0,5.0,ML,,,,2.4,0.2,3
960848,1996-04-15T08:30:49Z,-41.25,0.0,172.64,0.0,208.0,2.0,ML,,,,3.5,0.1,5
960850,1996-04-15T08:46:27Z,-41.33,0.0,173.66,0.0,86.0,3.0,ML,,,,3.0,0.1,14
982308,1996-04-15T08:46:29Z,-44.28,0.0,168.62,0.0,12.0,0.0,ML,,,,2.7,0.7,4
964117,1996-04-15T09:55:49Z,-39.02,0.0,177.86,0.0,75.0,4.0,ML,,,,3.8,0.2,4
960851,1996-04-15T11:22:49Z,-37.3,0.0,177.49,0.0,121.0,6.0,ML,,,,4.3,0.2,14
962657,1996-04-15T12:42:27Z,-42.92,0.0,171.92,0.0,12.0,0.0,ML,,,,2.6,0.2,3
982309,1996-04-15T12:43:42Z,-41.06,0.0,174.49,0.0,61.0,2.0,ML,,,,2.1,0.2,4
962658,1996-04-15T12:47:36Z,-41.92,0.0,174.06,0.0,16.0,6.0,ML,,,,2.5,0.1,8
964158,1996-04-15T15:15:42Z,-39.32,0.0,175.02,0.0,12.0,0.0,ML,,,,2.8,0.1,2
964399,1996-04-15T15:17:56Z,-37.94,0.0,177.42,0.0,59.0,4.0,ML,,,,3.2,0.3,3
962661,1996-04-15T15:28:58Z,-41.91,0.0,174.05,0.0,12.0,0.0,ML,,,,2.7,0.1,9
962665,1996-04-15T18:55:03Z,-39.7,0.0,173.63,0.0,12.0,0.0,ML,,,,3.4,0.2,15
964193,1996-04-15T19:26:18Z,-36.32,0.1,176.79,0.3,143.0,48.0,ML,,,,3.9,0.3,4
960865,1996-04-15T20:45:38Z,-44.37,0.0,169.58,0.0,12.0,0.0,ML,,,,2.5,0.2,6
962671,1996-04-15T22:47:38Z,-41.72,0.0,172.28,0.0,92.0,2.0,ML,,,,3.4,0.2,10
962677,1996-04-15T23:55:46Z,-37.84,0.0,176.18,0.1,189.0,10.0,ML,,,,3.6,0.3,6
962678,1996-04-16T00:01:39Z,-41.28,0.0,174.79,0.0,53.0,1.0,ML,,,,2.6,0.3,11
962679,1996-04-16T00:13:58Z,-38.59,0.0,175.83,0.1,161.0,6.0,ML,,,,3.4,0.3,6
964513,1996-04-16T00:33:08Z,-38.16,0.0,178.11,0.1,12.0,0.0,ML,,,,2.4,0.3,3
964514,1996-04-16T01:03:17Z,-38.24,0.0,179.23,0.1,33.0,0.0,ML,,,,2.9,0.4,3
964402,1996-04-16T02:14:55Z,-39.28,0.0,175.56,0.0,0.0,0.0,ML,,,,0.8,nan,1
962889,1996-04-16T04:15:44Z,-37.22,0.0,177.45,0.0,132.0,4.0,ML,,,,4.0,0.2,19
962682,1996-04-16T05:46:41Z,-41.05,0.0,173.53,0.0,5.0,0.0,ML,,,,2.5,0.2,10
964405,1996-04-16T06:32:56Z,-39.61,0.0,173.54,0.0,12.0,0.0,ML,,,,2.8,0.2,4
982326,1996-04-16T06:33:59Z,-39.28,0.0,175.56,0.0,0.0,0.0,ML,,,,0.6,0.1,3
962683,1996-04-16T06:46:17Z,-41.11,0.0,174.69,0.0,58.0,1.0,ML,,,,3.4,0.2,17
964819,1996-04-16T07:42:29Z,-42.87,0.0,171.33,0.0,12.0,0.0,ML,,,,2.8,0.2,5
962684,1996-04-16T08:08:45Z,-39.09,0.0,175.71,0.0,0.0,0.0,ML,,,,1.1,0.0,2
966843,1996-04-16T09:16:15Z,-40.22,0.0,176.31,0.0,54.0,1.0,ML,,,,2.7,0.2,2
964406,1996-04-16T09:23:48Z,-39.28,0.0,175.56,0.0,0.0,0.0,ML,,,,0.6,0.0,2
962876,1996-04-16T09:26:59Z,-43.16,0.0,171.42,0.0,12.0,0.0,ML,,,,3.3,0.4,10
964407,1996-04-16T09:41:32Z,-39.28,0.0,175.56,0.0,0.0,0.0,ML,,,,0.5,0.0,3
962877,1996-04-16T09:46:46Z,-45.11,0.0,167.5,0.0,72.0,2.0,ML,,,,2.7,0.2,10
962685,1996-04-16T10:39:19Z,-40.8,0.0,174.34,0.0,72.0,3.0,ML,,,,2.9,0.2,11
962897,1996-04-16T10:55:30Z,-38.65,0.0,176.77,0.0,61.0,4.0,ML,,,,3.0,0.2,6
963215,1996-04-16T10:58:05Z,-46.31,0.0,166.22,0.1,12.0,0.0,ML,,,,2.8,0.1,4
962686,1996-04-16T11:07:39Z,-43.0,0.0,171.39,0.0,12.0,0.0,ML,,,,3.3,0.4,13
979825,1996-04-16T11:15:45Z,-39.74,0.0,176.64,0.0,68.0,4.0,ML,,,,2.6,0.2,3
962687,1996-04-16T12:27:37Z,-41.82,0.0,174.28,0.0,11.0,3.0,ML,,,,2.3,0.2,10
962899,1996-04-16T12:39:09Z,-38.19,0.0,178.17,0.0,12.0,0.0,ML,,,,2.3,0.1,4
964408,1996-04-16T12:43:28Z,-39.44,0.0,174.96,0.0,12.0,0.0,ML,,,,2.0,0.1,3
964409,1996-04-16T12:56:13Z,-39.28,0.0,175.56,0.0,0.0,0.0,ML,,,,0.5,0.1,2
962688,1996-04-16T13:57:29Z,-41.49,0.0,172.83,0.0,97.0,5.0,ML,,,,2.7,0.4,7
962878,1996-04-16T14:05:05Z,-45.27,0.0,166.78,0.0,12.0,0.0,ML,,,,3.0,0.3,12
962879,1996-04-16T14:12:41Z,-44.14,0.0,168.8,0.0,5.0,0.0,ML,,,,2.9,0.2,11
964410,1996-04-16T14:32:30Z,-39.28,0.0,175.56,0.0,0.0,0.0,ML,,,,0.7,0.1,3
962689,1996-04-16T15:02:01Z,-40.16,0.0,173.69,0.0,193.0,3.0,ML,,,,4.6,0.5,4
964523,1996-04-16T15:50:41Z,-38.23,0.0,178.31,0.2,12.0,0.0,ML,,,,2.2,0.2,3
964411,1996-04-16T16:11:38Z,-38.19,0.0,176.18,0.0,5.0,0.0,ML,,,,2.0,0.3,4
962881,1996-04-16T16:19:18Z,-44.33,0.0,168.39,0.0,5.0,0.0,ML,,,,2.2,0.1,5
964709,1996-04-16T17:16:49Z,-42.92,0.0,171.93,0.0,12.0,0.0,ML,,,,2.5,0.2,3
962690,1996-04-16T17:46:45Z,-37.42,0.0,177.19,0.0,134.0,4.0,ML,,,,4.2,0.2,22
964412,1996-04-16T18:47:09Z,-39.39,0.0,175.77,0.0,71.0,3.0,ML,,,,2.8,0.1,2
964845,1996-04-16T20:48:46Z,-43.01,0.0,171.77,0.0,12.0,0.0,ML,,,,2.5,0.2,3
962694,1996-04-16T21:04:01Z,-40.38,0.0,174.0,0.0,88.0,4.0,ML,,,,3.6,0.3,14
962882,1996-04-16T21:22:06Z,-45.29,0.0,167.23,0.0,59.0,2.0,ML,,,,3.1,0.2,11
983104,1996-04-16T22:33:42Z,-38.07,0.0,176.05,0.0,166.0,4.0,ML,,,,3.6,0.2,15
962914,1996-04-17T01:20:15Z,-36.54,0.1,177.55,0.2,177.0,13.0,ML,,,,3.5,0.3,4
962696,1996-04-17T01:41:28Z,-39.89,0.0,174.17,0.1,12.0,0.0,ML,,,,2.2,0.1,4
962922,1996-04-17T03:19:07Z,-37.87,0.0,179.03,0.0,12.0,0.0,ML,,,,2.7,0.1,3
964415,1996-04-17T03:47:27Z,-39.28,0.0,175.56,0.0,0.0,0.0,ML,,,,0.6,0.0,2
962697,1996-04-17T04:16:26Z,-40.95,0.1,174.56,0.0,83.0,4.0,ML,,,,1.7,0.0,5
982905,1996-04-17T04:18:01Z,-45.43,0.0,167.13,0.0,61.0,1.0,ML,,,,2.0,0.0,2
962698,1996-04-17T04:54:57Z,-40.8,0.0,174.33,0.0,74.0,3.0,ML,,,,3.2,0.2,13
964416,1996-04-17T05:22:51Z,-39.16,0.1,176.3,0.0,12.0,0.0,ML,,,,1.6,0.0,3
962699,1996-04-17T05:32:44Z,-41.32,0.0,173.35,0.0,81.0,4.0,ML,,,,2.7,0.3,9
964417,1996-04-17T06:13:12Z,-39.28,0.0,175.56,0.0,0.0,0.0,ML,,,,0.5,0.1,3
982906,1996-04-17T06:56:38Z,-40.4,0.0,176.4,0.0,41.0,4.0,ML,,,,2.4,nan,1
964419,1996-04-17T07:37:29Z,-39.28,0.0,175.56,0.0,0.0,0.0,ML,,,,0.7,0.1,2
962935,1996-04-17T08:47:51Z,-39.45,0.0,177.43,0.0,12.0,0.0,ML,,,,2.4,0.1,6
982908,1996-04-17T09:42:18Z,-37.12,0.1,177.45,0.0,12.0,0.0,ML,,,,2.6,0.2,3
962940,1996-04-17T10:32:06Z,-36.9,0.1,176.92,0.1,233.0,6.0,ML,,,,3.5,0.0,3
964421,1996-04-17T11:01:46Z,-39.26,0.0,173.9,0.0,24.0,2.0,ML,,,,2.0,0.1,3
962700,1996-04-17T11:30:15Z,-37.61,0.0,179.45,0.0,33.0,0.0,ML,,,,4.6,0.2,41
966238,1996-04-17T11:47:35Z,-43.05,0.0,171.36,0.0,12.0,0.0,ML,,,,2.6,0.3,4
962701,1996-04-17T11:50:25Z,-38.3,0.0,175.98,0.0,154.0,4.0,ML,,,,3.8,0.3,19
964423,1996-04-17T12:41:33Z,-39.28,0.0,175.56,0.0,0.0,0.0,ML,,,,0.6,0.1,2
964424,1996-04-17T13:06:42Z,-39.28,0.0,175.56,0.0,0.0,0.0,ML,,,,0.6,0.1,3
962950,1996-04-17T14:05:27Z,-37.19,0.2,-179.48,0.1,12.0,0.0,ML,,,,3.0,0.2,3
962954,1996-04-17T14:42:25Z,-37.49,0.1,179.61,0.1,12.0,0.0,ML,,,,3.5,0.1,8
964425,1996-04-17T15:18:36Z,-39.28,0.0,175.54,0.0,0.0,0.0,ML,,,,0.7,0.1,3
966164,1996-04-17T15:36:21Z,-39.91,0.0,176.72,0.0,33.0,0.0,ML,,,,1.8,0.1,3
964426,1996-04-17T15:42:28Z,-39.12,0.0,175.34,0.0,5.0,0.0,ML,,,,1.3,0.1,3
962957,1996-04-17T15:57:26Z,-37.56,0.2,179.6,0.1,12.0,0.0,ML,,,,3.0,0.1,4
962704,1996-04-17T16:16:00Z,-40.67,0.0,175.0,0.0,5.0,0.0,ML,,,,1.8,0.2,7
962705,1996-04-17T16:31:20Z,-42.0,0.0,174.04,0.0,18.0,3.0,ML,,,,4.2,0.1,5
962706,1996-04-17T16:45:55Z,-41.96,0.0,174.04,0.0,12.0,0.0,ML,,,,2.3,0.3,5
962707,1996-04-17T17:08:34Z,-40.45,0.0,174.04,0.0,86.0,3.0,ML,,,,2.1,0.0,3
962959,1996-04-17T17:29:01Z,-37.59,0.1,179.55,0.1,12.0,0.0,ML,,,,3.1,0.2,4
962708,1996-04-17T17:55:45Z,-39.66,0.0,174.09,0.0,190.0,4.0,ML,,,,3.5,0.1,15
962710,1996-04-17T18:36:53Z,-41.94,0.0,174.09,0.0,12.0,0.0,ML,,,,2.3,0.2,8
962965,1996-04-17T19:04:21Z,-36.58,0.0,179.55,0.1,12.0,0.0,ML,,,,3.2,0.5,2
962714,1996-04-17T20:16:56Z,-42.0,0.0,174.07,0.0,12.0,0.0,ML,,,,2.3,0.2,6
962968,1996-04-17T20:51:30Z,-39.49,0.0,177.32,0.0,25.0,2.0,ML,,,,3.2,0.2,15
962720,1996-04-17T21:40:00Z,-40.27,0.0,173.51,0.0,170.0,4.0,ML,,,,3.2,0.3,8
962721,1996-04-17T22:04:54Z,-41.66,0.0,175.05,0.0,26.0,0.0,ML,,,,1.9,0.1,4
982958,1996-04-17T22:37:50Z,-42.96,0.0,171.92,0.0,12.0,0.0,ML,,,,3.1,0.2,11
962725,1996-04-17T23:02:25Z,-42.71,0.0,172.91,0.1,33.0,0.0,ML,,,,3.0,0.2,5
982976,1996-04-17T23:03:55Z,-39.28,0.0,175.56,0.0,0.0,0.0,ML,,,,0.7,0.1,3
982963,1996-04-17T23:04:09Z,-42.0,0.0,173.96,0.0,13.0,4.0,ML,,,,2.1,0.2,4
966075,1996-04-17T23:32:33Z,-42.92,0.0,171.94,0.0,12.0,0.0,ML,,,,2.5,0.2,3
962728,1996-04-17T23:51:38Z,-36.79,0.0,177.45,0.0,178.0,3.0,ML,,,,4.1,0.2,17
962971,1996-04-17T23:57:33Z,-39.28,0.0,175.53,0.0,0.0,0.0,ML,,,,0.9,0.2,3
964774,1996-04-18T00:37:04Z,-39.46,0.0,175.64,0.0,17.0,1.0,ML,,,,1.4,0.1,4
962972,1996-04-18T00:40:02Z,-38.02,0.1,175.71,0.2,118.0,22.0,ML,,,,3.4,0.3,3
962729,1996-04-18T00:51:31Z,-41.83,0.0,174.15,0.0,12.0,0.0,ML,,,,2.5,0.1,12
964975,1996-04-18T01:29:22Z,-39.74,0.0,175.1,0.1,28.0,5.0,ML,,,,2.0,0.1,6
962732,1996-04-18T01:39:30Z,-37.73,0.1,176.19,0.2,142.0,9.0,ML,,,,3.5,0.2,11
962733,1996-04-18T02:29:46Z,-39.92,0.0,174.29,0.0,113.0,6.0,ML,,,,2.8,0.3,6
962737,1996-04-18T05:27:02Z,-41.48,0.0,174.23,0.0,15.0,2.0,ML,,,,1.7,0.2,4
967085,1996-04-18T06:05:30Z,-39.31,0.0,174.99,0.0,5.0,0.0,ML,,,,2.0,0.3,4
979811,1996-04-18T07:57:21Z,-39.07,0.0,175.58,0.0,5.0,0.0,ML,,,,0.9,0.4,2
967087,1996-04-18T08:00:33Z,-39.13,0.0,175.67,0.0,5.0,0.0,ML,,,,0.8,0.5,2
967091,1996-04-18T08:41:00Z,-39.15,0.0,175.41,0.0,12.0,0.0,ML,,,,1.1,0.2,3
962741,1996-04-18T08:53:36Z,-41.68,0.0,174.29,0.0,12.0,0.0,ML,,,,2.0,0.3,4
962985,1996-04-18T09:15:10Z,-37.26,0.1,177.5,0.1,128.0,10.0,ML,,,,3.5,0.2,4
966241,1996-04-18T09:53:51Z,-43.25,0.0,171.99,0.0,12.0,0.0,ML,,,,2.8,0.1,4
966105,1996-04-18T11:42:17Z,-45.16,0.0,166.74,0.1,5.0,0.0,ML,,,,2.6,0.2,2
962745,1996-04-18T12:15:25Z,-42.97,0.0,171.89,0.0,12.0,0.0,ML,,,,3.3,0.2,13
966108,1996-04-18T15:08:44Z,-45.82,0.0,166.71,0.0,12.0,0.0,ML,,,,3.9,0.3,14
962747,1996-04-18T15:16:10Z,-40.99,0.0,173.96,0.0,50.0,3.0,ML,,,,2.4,0.2,9
962748,1996-04-18T15:29:37Z,-40.76,0.0,175.84,0.0,12.0,0.0,ML,,,,1.8,0.1,4
962749,1996-04-18T15:35:13Z,-41.69,0.0,174.26,0.0,15.0,1.0,ML,,,,1.6,0.2,7
979813,1996-04-18T15:39:37Z,-39.49,0.0,175.7,0.0,22.0,2.0,ML,,,,1.6,0.2,4
967099,1996-04-18T16:02:13Z,-38.14,0.0,176.28,0.0,5.0,0.0,ML,,,,1.9,0.3,4
962992,1996-04-18T16:11:31Z,-37.53,0.1,178.94,0.1,12.0,0.0,ML,,,,2.8,0.1,3
979814,1996-04-18T16:51:12Z,-39.27,0.0,175.58,0.0,0.0,0.0,ML,,,,0.6,0.1,3
964777,1996-04-18T17:16:49Z,-39.48,0.0,175.68,0.0,19.0,3.0,ML,,,,1.7,0.1,4
962750,1996-04-18T17:43:49Z,-40.88,0.0,175.22,0.0,25.0,2.0,ML,,,,2.1,0.2,9
962751,1996-04-18T18:28:55Z,-38.25,0.1,175.91,0.2,168.0,14.0,ML,,,,3.5,0.4,7
962884,1996-04-18T19:22:53Z,-46.19,0.0,166.47,0.1,5.0,0.0,ML,,,,3.2,0.4,5
983026,1996-04-18T19:23:25Z,-39.28,0.0,175.56,0.0,0.0,0.0,ML,,,,0.7,0.0,3
966111,1996-04-18T21:23:47Z,-46.2,0.0,166.89,0.0,12.0,0.0,ML,,,,2.2,0.1,3
962755,1996-04-18T21:47:41Z,-39.39,0.0,174.85,0.0,146.0,3.0,ML,,,,3.0,0.2,6
962756,1996-04-18T22:36:27Z,-41.92,0.0,174.02,0.0,18.0,2.0,ML,,,,2.4,0.2,7
962763,1996-04-19T02:16:33Z,-39.03,0.1,175.33,0.0,168.0,8.0,ML,,,,3.1,0.2,5
963022,1996-04-19T03:44:04Z,-37.11,0.0,177.3,0.0,142.0,4.0,ML,,,,3.3,0.2,3
962768,1996-04-19T04:43:40Z,-37.75,0.0,176.15,0.1,275.0,5.0,ML,,,,4.5,0.2,19
963027,1996-04-19T05:22:28Z,-40.06,0.0,176.72,0.0,51.0,3.0,ML,,,,3.0,0.2,4
962769,1996-04-19T05:34:42Z,-40.68,0.0,175.0,0.0,5.0,0.0,ML,,,,3.2,0.2,22
963033,1996-04-19T07:16:32Z,-37.75,0.0,176.8,0.0,12.0,0.0,ML,,,,2.6,0.2,7
963035,1996-04-19T07:21:12Z,-37.76,0.0,176.8,0.0,5.0,0.0,ML,,,,2.8,0.2,8
979816,1996-04-19T08:38:10Z,-39.16,0.0,175.37,0.0,5.0,0.0,ML,,,,1.3,0.1,3
963039,1996-04-19T08:40:54Z,-37.85,0.0,179.28,0.0,12.0,0.0,ML,,,,3.0,0.1,3
962772,1996-04-19T09:21:17Z,-41.52,0.0,174.37,0.0,19.0,3.0,ML,,,,1.6,0.1,3
979817,1996-04-19T09:40:38Z,-39.28,0.0,175.56,0.0,0.0,0.0,ML,,,,0.8,0.1,2
962773,1996-04-19T09:45:20Z,-42.19,0.0,173.81,0.0,12.0,0.0,ML,,,,2.2,0.1,4
962774,1996-04-19T10:19:37Z,-42.26,0.0,173.74,0.0,25.0,2.0,ML,,,,2.8,0.2,9
963042,1996-04-19T10:57:48Z,-38.13,0.0,176.38,0.0,151.0,3.0,ML,,,,4.8,0.2,23
963045,1996-04-19T12:17:51Z,-37.07,0.2,177.59,0.1,5.0,0.0,ML,,,,3.1,0.1,2
963047,1996-04-19T13:02:35Z,-38.54,0.0,178.66,0.0,27.0,0.0,ML,,,,2.8,0.2,3
966116,1996-04-19T13:09:28Z,-45.63,0.0,167.43,0.0,5.0,0.0,ML,,,,1.8,0.4,2
962777,1996-04-19T13:34:27Z,-41.12,0.0,174.8,0.0,29.0,1.0,ML,,,,1.7,0.1,5
962778,1996-04-19T14:04:39Z,-41.61,0.0,174.62,0.0,36.0,2.0,ML,,,,1.9,0.2,8
983089,1996-04-19T14:06:53Z,-42.16,0.0,172.8,0.0,53.0,3.0,ML,,,,2.6,0.2,9
963051,1996-04-19T14:47:01Z,-37.9,0.1,176.16,0.1,156.0,5.0,ML,,,,3.7,0.1,8
962780,1996-04-19T15:26:27Z,-37.7,0.0,176.09,0.1,197.0,4.0,ML,,,,3.6,0.2,10
962781,1996-04-19T15:31:32Z,-41.23,0.0,174.5,0.0,37.0,1.0,ML,,,,2.7,0.2,13
966245,1996-04-19T15:37:54Z,-42.95,0.0,171.85,0.0,12.0,0.0,ML,,,,2.5,0.2,3
965747,1996-04-19T16:13:15Z,-44.74,0.0,168.3,0.0,94.0,6.0,ML,,,,2.5,0.1,6
962782,1996-04-19T16:55:57Z,-38.61,0.1,175.85,0.1,168.0,10.0,ML,,,,3.4,0.2,4
967172,1996-04-19T17:02:45Z,-39.3,0.0,175.52,0.0,0.0,0.0,ML,,,,1.4,0.1,4
979843,1996-04-19T17:15:40Z,-39.47,0.0,177.1,0.0,33.0,2.0,ML,,,,1.5,0.7,3
962783,1996-04-19T17:18:42Z,-40.65,0.0,176.46,0.0,24.0,2.0,ML,,,,3.5,0.2,22
983090,1996-04-19T17:19:43Z,-40.66,0.0,176.41,0.0,26.0,2.0,ML,,,,4.0,0.2,33
963053,1996-04-19T18:13:46Z,-44.67,0.1,167.59,0.1,33.0,0.0,ML,,,,2.5,0.2,2
979820,1996-04-19T18:36:41Z,-39.28,0.0,175.56,0.0,0.0,0.0,ML,,,,0.8,0.1,3
966382,1996-04-19T19:25:58Z,-38.76,0.0,175.85,0.0,128.0,5.0,ML,,,,3.0,0.4,2
962784,1996-04-19T20:40:26Z,-38.05,0.0,176.41,0.0,143.0,3.0,ML,,,,3.9,0.2,17
963057,1996-04-19T20:57:24Z,-38.41,0.0,178.28,0.0,57.0,0.0,ML,,,,3.4,0.1,3
963058,1996-04-19T21:01:14Z,-38.41,0.0,178.29,0.0,57.0,1.0,ML,,,,3.1,0.1,3
962786,1996-04-19T22:54:57Z,-40.72,0.0,174.89,0.0,24.0,2.0,ML,,,,2.0,0.2,5
962787,1996-04-19T23:47:37Z,-38.36,0.0,176.02,0.0,151.0,5.0,ML,,,,3.7,0.4,14
962789,1996-04-20T02:23:33Z,-41.9,0.0,174.05,0.0,12.0,0.0,ML,,,,2.5,0.1,8
965749,1996-04-20T03:02:46Z,-45.01,0.0,167.42,0.0,27.0,3.0,ML,,,,2.6,0.3,9
962791,1996-04-20T03:50:52Z,-39.53,0.0,175.64,0.0,5.0,0.0,ML,,,,3.1,0.2,16
966890,1996-04-20T03:53:29Z,-39.97,0.0,176.69,0.0,50.0,4.0,ML,,,,2.2,0.0,2
962793,1996-04-20T04:50:12Z,-46.1,0.0,167.13,0.0,5.0,0.0,ML,,,,3.3,0.3,11
966123,1996-04-20T05:28:32Z,-45.2,0.0,167.33,0.0,5.0,0.0,ML,,,,2.2,0.0,2
965750,1996-04-20T06:56:54Z,-44.24,0.0,168.67,0.0,5.0,0.0,ML,,,,2.9,0.4,10
962795,1996-04-20T10:13:26Z,-41.06,0.0,174.88,0.0,29.0,2.0,ML,,,,3.1,0.2,16
983103,1996-04-20T10:13:36Z,-41.13,0.1,174.87,0.0,28.0,5.0,ML,,,,2.9,0.2,13
983091,1996-04-20T10:15:06Z,-41.07,0.0,174.87,0.0,29.0,1.0,ML,,,,2.6,0.1,14
983092,1996-04-20T10:15:21Z,-41.13,0.0,174.86,0.0,29.0,2.0,ML,,,,1.9,0.2,6
962796,1996-04-20T10:36:13Z,-41.1,0.0,174.86,0.0,29.0,1.0,ML,,,,2.4,0.2,11
979821,1996-04-20T12:20:06Z,-39.28,0.0,175.56,0.0,0.0,0.0,ML,,,,1.1,nan,1
962797,1996-04-20T12:26:47Z,-43.23,0.0,171.46,0.0,5.0,0.0,ML,,,,2.6,0.2,3
966252,1996-04-20T13:12:19Z,-43.06,0.0,170.89,0.0,5.0,0.0,ML,,,,2.7,0.3,3
966253,1996-04-20T14:07:21Z,-43.03,0.0,171.42,0.0,5.0,0.0,ML,,,,3.1,0.1,5
965751,1996-04-20T14:46:29Z,-44.69,0.1,167.44,0.1,5.0,0.0,ML,,,,2.0,0.2,4
962799,1996-04-20T15:15:50Z,-42.13,0.0,177.42,0.0,33.0,0.0,ML,,,,3.4,0.2,15
962803,1996-04-20T17:01:12Z,-42.01,0.0,173.13,0.0,53.0,3.0,ML,,,,3.8,0.2,13
966093,1996-04-20T17:23:54Z,-45.65,0.0,166.84,0.0,20.0,0.0,ML,,,,2.1,0.0,2
966255,1996-04-20T18:02:01Z,-43.01,0.0,171.36,0.0,5.0,0.0,ML,,,,2.6,0.2,4
963085,1996-04-20T19:23:52Z,-38.11,0.1,176.07,0.1,146.0,8.0,ML,,,,3.3,0.2,3
965752,1996-04-20T20:24:53Z,-45.88,0.0,167.38,0.0,12.0,0.0,ML,,,,2.7,0.2,8
966257,1996-04-20T20:31:26Z,-43.02,0.0,171.87,0.0,12.0,0.0,ML,,,,2.5,0.2,3
962806,1996-04-20T21:52:29Z,-41.24,0.0,175.33,0.0,27.0,1.0,ML,,,,1.8,0.2,9
983108,1996-04-20T22:34:32Z,-39.02,0.0,175.69,0.0,5.0,0.0,ML,,,,1.3,0.1,2
962807,1996-04-20T23:00:02Z,-41.28,0.1,173.68,0.1,51.0,5.0,ML,,,,2.2,0.1,5
962808,1996-04-20T23:03:26Z,-41.12,0.0,175.57,0.0,22.0,1.0,ML,,,,2.5,0.1,12
963091,1996-04-21T00:24:46Z,-37.77,0.0,176.81,0.0,5.0,0.0,ML,,,,2.7,0.2,7
983095,1996-04-21T00:24:48Z,-38.82,0.0,175.47,0.1,5.0,0.0,ML,,,,2.1,0.3,2
983111,1996-04-21T00:37:16Z,-39.03,0.0,175.67,0.0,5.0,0.0,ML,,,,1.2,0.1,4
979844,1996-04-21T00:50:47Z,-37.77,0.0,176.8,0.0,12.0,0.0,ML,,,,2.4,0.2,6
962811,1996-04-21T01:00:37Z,-40.09,0.0,174.89,0.0,12.0,0.0,ML,,,,2.4,0.2,9
983096,1996-04-21T01:17:07Z,-42.07,0.0,174.6,0.0,33.0,0.0,ML,,,,2.3,0.2,7
983112,1996-04-21T02:18:01Z,-39.28,0.0,175.56,0.0,0.0,0.0,ML,,,,0.6,0.0,2
983113,1996-04-21T02:27:43Z,-39.28,0.0,175.56,0.0,0.0,0.0,ML,,,,0.7,0.0,3
983097,1996-04-21T02:27:51Z,-38.09,0.0,176.22,0.0,5.0,0.0,ML,,,,2.5,0.3,5
965753,1996-04-21T03:09:46Z,-45.18,0.0,167.39,0.0,75.0,3.0,ML,,,,3.1,0.2,12
962813,1996-04-21T04:41:19Z,-41.07,0.0,173.38,0.0,106.0,4.0,ML,,,,2.9,0.2,9
983115,1996-04-21T05:15:27Z,-39.28,0.0,175.56,0.0,0.0,0.0,ML,,,,0.7,0.0,2
983116,1996-04-21T05:29:44Z,-39.28,0.0,175.56,0.0,0.0,0.0,ML,,,,1.0,0.0,3
962814,1996-04-21T05:33:31Z,-42.04,0.0,173.97,0.0,12.0,0.0,ML,,,,2.1,0.2,5
965754,1996-04-21T06:02:38Z,-45.07,0.0,167.54,0.0,114.0,3.0,ML,,,,3.1,0.2,10
962815,1996-04-21T06:40:51Z,-40.87,0.0,175.58,0.0,33.0,0.0,ML,,,,2.0,0.1,4
983118,1996-04-21T06:48:54Z,-39.28,0.0,175.56,0.0,0.0,0.0,ML,,,,0.9,0.2,2
966100,1996-04-21T07:25:59Z,-46.08,0.0,168.95,0.0,5.0,0.0,ML,,,,2.0,nan,1
983119,1996-04-21T08:24:31Z,-39.28,0.0,175.56,0.0,0.0,0.0,ML,,,,1.1,0.1,2
962817,1996-04-21T08:43:42Z,-40.88,0.0,175.53,0.0,25.0,2.0,ML,,,,2.4,0.1,5
963094,1996-04-21T09:34:02Z,-37.76,0.0,176.38,0.0,178.0,4.0,ML,,,,3.4,0.1,3
983120,1996-04-21T11:03:35Z,-39.48,0.0,175.72,0.0,12.0,0.0,ML,,,,1.6,0.2,3
983121,1996-04-21T12:08:51Z,-39.33,0.0,174.97,0.0,33.0,0.0,ML,,,,2.1,0.2,3
963098,1996-04-21T12:49:31Z,-37.47,0.0,177.45,0.0,131.0,8.0,ML,,,,3.5,0.1,3
966910,1996-04-21T13:08:40Z,-39.99,0.0,176.65,0.0,30.0,2.0,ML,,,,2.4,0.1,3
962820,1996-04-21T13:19:31Z,-41.35,0.0,174.83,0.0,28.0,1.0,ML,,,,2.0,0.1,5
963099,1996-04-21T13:58:14Z,-38.36,0.1,175.49,0.2,169.0,14.0,ML,,,,3.2,0.2,6
983123,1996-04-21T14:43:26Z,-39.0,0.0,175.74,0.1,12.0,0.0,ML,,,,1.6,0.1,2
983125,1996-04-21T14:55:30Z,-39.02,0.0,175.7,0.1,12.0,0.0,ML,,,,1.2,0.1,4
983127,1996-04-21T15:00:30Z,-39.03,0.0,175.67,0.0,5.0,0.0,ML,,,,1.6,0.1,4
983128,1996-04-21T15:02:10Z,-39.28,0.0,175.56,0.0,0.0,0.0,ML,,,,0.7,0.1,2
983130,1996-04-21T15:36:47Z,-39.17,0.0,174.96,0.0,12.0,0.0,ML,,,,2.2,0.2,4
962821,1996-04-21T15:43:48Z,-40.95,0.0,175.56,0.0,29.0,1.0,ML,,,,2.4,0.2,8
962824,1996-04-21T16:08:16Z,-40.19,0.1,173.77,0.0,110.0,8.0,ML,,,,2.7,0.2,8
962825,1996-04-21T16:24:33Z,-38.77,0.0,175.32,0.1,211.0,7.0,ML,,,,3.2,0.5,4
963103,1996-04-21T18:10:51Z,-38.67,0.0,178.18,0.0,40.0,3.0,ML,,,,2.7,0.2,3
983131,1996-04-21T18:53:52Z,-39.54,0.0,175.69,0.0,12.0,0.0,ML,,,,2.3,0.2,4
983132,1996-04-21T21:15:18Z,-39.28,0.0,175.56,0.0,0.0,0.0,ML,,,,1.0,nan,1
983134,1996-04-21T21:27:35Z,-39.28,0.0,175.56,0.0,0.0,0.0,ML,,,,0.8,0.0,2
983137,1996-04-21T21:47:01Z,-39.28,0.0,175.56,0.0,0.0,0.0,ML,,,,0.8,0.1,2
967256,1996-04-21T21:57:19Z,-39.75,0.0,176.66,0.0,46.0,1.0,ML,,,,2.1,0.5,3
966476,1996-04-21T22:05:38Z,-41.16,0.0,172.7,0.0,212.0,2.0,ML,,,,3.4,nan,1
983138,1996-04-21T22:41:14Z,-39.28,0.0,175.56,0.0,0.0,0.0,ML,,,,0.9,0.1,2
965755,1996-04-21T22:50:06Z,-45.07,0.0,167.52,0.0,104.0,2.0,ML,,,,2.8,0.1,11
962835,1996-04-21T23:03:07Z,-38.07,0.0,176.56,0.0,144.0,2.0,ML,,,,4.7,0.2,21
983140,1996-04-21T23:37:55Z,-39.42,0.0,175.87,0.0,12.0,0.0,ML,,,,2.0,0.3,4
963107,1996-04-21T23:39:23Z,-37.79,0.0,179.0,0.0,20.0,2.0,ML,,,,2.9,0.2,3
983141,1996-04-21T23:46:51Z,-39.28,0.0,175.56,0.0,0.0,0.0,ML,,,,0.7,0.1,2
963109,1996-04-22T00:02:32Z,-42.57,0.0,173.49,0.0,5.0,0.0,ML,,,,2.6,0.1,3
983146,1996-04-22T00:03:38Z,-39.28,0.0,175.56,0.0,0.0,0.0,ML,,,,0.8,0.1,2
983147,1996-04-22T00:39:02Z,-39.28,0.0,175.56,0.0,0.0,0.0,ML,,,,0.9,0.0,2
983148,1996-04-22T01:36:28Z,-39.28,0.0,175.56,0.0,0.0,0.0,ML,,,,1.0,0.1,2
962844,1996-04-22T01:40:30Z,-40.62,0.0,173.27,0.0,152.0,4.0,ML,,,,3.2,0.2,9
983149,1996-04-22T02:03:12Z,-39.28,0.0,175.56,0.0,0.0,0.0,ML,,,,0.8,0.0,2
965756,1996-04-22T03:17:50Z,-44.76,0.0,168.5,0.0,12.0,0.0,ML,,,,1.9,0.1,7
983150,1996-04-22T03:32:22Z,-39.01,0.0,175.73,0.0,5.0,0.0,ML,,,,1.6,0.1,4
983151,1996-04-22T03:43:03Z,-39.28,0.0,175.56,0.0,0.0,0.0,ML,,,,0.6,0.1,2
983152,1996-04-22T04:02:44Z,-39.06,0.0,175.68,0.0,5.0,0.0,ML,,,,2.6,0.1,4
983153,1996-04-22T04:26:32Z,-39.28,0.0,175.56,0.0,0.0,0.0,ML,,,,0.7,0.1,2
983154,1996-04-22T05:50:07Z,-39.28,0.0,175.56,0.0,0.0,0.0,ML,,,,0.7,0.2,2
983155,1996-04-22T06:05:23Z,-39.06,0.0,175.68,0.0,5.0,0.0,ML,,,,1.5,0.1,3
962863,1996-04-22T06:38:24Z,-41.68,0.0,174.56,0.0,26.0,2.0,ML,,,,1.9,0.1,4
983157,1996-04-22T07:00:27Z,-39.28,0.0,175.56,0.0,0.0,0.0,ML,,,,1.1,0.1,2
966030,1996-04-22T08:04:25Z,-43.01,0.0,171.48,0.0,12.0,0.0,ML,,,,3.0,0.1,4
983161,1996-04-22T09:08:22Z,-39.28,0.0,175.56,0.0,0.0,0.0,ML,,,,0.7,0.0,2
963126,1996-04-22T09:32:59Z,-36.95,0.0,177.03,0.0,189.0,2.0,ML,,,,3.5,0.3,11
983162,1996-04-22T10:44:34Z,-39.28,0.0,175.56,0.0,0.0,0.0,ML,,,,0.7,nan,1
962869,1996-04-22T10:58:51Z,-40.52,0.0,173.75,0.0,90.0,2.0,ML,,,,2.4,0.0,2
983098,1996-04-22T11:40:25Z,-40.43,0.0,176.44,0.0,47.0,4.0,ML,,,,3.2,0.3,4
966920,1996-04-22T11:54:03Z,-41.07,0.0,176.84,0.0,12.0,0.0,ML,,,,2.9,0.1,1
964999,1996-04-22T13:39:01Z,-40.95,0.0,174.67,0.0,50.0,4.0,ML,,,,2.1,0.2,4
983164,1996-04-22T13:46:59Z,-39.28,0.0,175.56,0.0,0.0,0.0,ML,,,,0.5,nan,1
963129,1996-04-22T14:03:59Z,-40.07,0.0,176.37,0.0,71.0,2.0,ML,,,,4.2,0.3,19
979720,1996-04-22T14:45:59Z,-40.02,0.0,176.22,0.0,18.0,4.0,ML,,,,2.8,0.1,5
965001,1996-04-22T14:53:10Z,-39.99,0.0,176.8,0.0,36.0,2.0,ML,,,,2.8,0.2,4
963136,1996-04-22T15:56:31Z,-37.24,0.0,176.83,0.0,227.0,5.0,ML,,,,5.0,0.2,19
983169,1996-04-22T16:42:59Z,-39.28,0.0,175.56,0.0,0.0,0.0,ML,,,,0.6,nan,1
964795,1996-04-22T16:43:22Z,-39.4,0.0,175.03,0.0,139.0,2.0,ML,,,,3.3,0.3,13
983099,1996-04-22T16:43:24Z,-38.06,0.0,176.2,0.0,5.0,0.0,ML,,,,2.4,0.3,3
966054,1996-04-22T18:40:50Z,-41.21,0.0,172.77,0.0,191.0,3.0,ML,,,,3.8,0.2,12
983100,1996-04-22T18:42:00Z,-37.43,0.0,176.45,0.0,168.0,4.0,ML,,,,3.2,0.2,4
983170,1996-04-22T19:00:11Z,-39.28,0.0,175.56,0.0,0.0,0.0,ML,,,,0.8,0.2,3
965003,1996-04-22T20:40:14Z,-38.07,0.0,176.78,0.0,5.0,0.0,ML,,,,2.0,0.2,3
963150,1996-04-22T20:51:30Z,-38.07,0.0,176.77,0.0,5.0,0.0,ML,,,,2.3,0.2,4
983173,1996-04-22T21:18:38Z,-39.28,0.0,175.56,0.0,0.0,0.0,ML,,,,0.4,nan,1
983175,1996-04-22T21:29:00Z,-39.28,0.0,175.56,0.0,0.0,0.0,ML,,,,0.7,0.1,2
983176,1996-04-22T21:30:00Z,-39.28,0.0,175.56,0.0,0.0,0.0,ML,,,,0.4,0.0,2
965011,1996-04-22T21:49:43Z,-40.19,0.0,173.61,0.0,158.0,3.0,ML,,,,4.2,0.3,18
983181,1996-04-22T22:05:12Z,-39.28,0.0,175.56,0.0,0.0,0.0,ML,,,,0.4,0.0,2
983182,1996-04-22T22:25:38Z,-39.28,0.0,175.56,0.0,0.0,0.0,ML,,,,0.9,0.1,3
965018,1996-04-22T22:40:55Z,-40.78,0.0,175.34,0.0,27.0,2.0,ML,,,,1.9,0.0,3
963156,1996-04-22T23:07:54Z,-36.89,0.0,177.64,0.0,160.0,5.0,ML,,,,4.0,0.4,16
983184,1996-04-23T00:03:22Z,-39.28,0.0,175.56,0.0,0.0,0.0,ML,,,,0.8,0.0,3
965022,1996-04-23T00:31:58Z,-41.08,0.0,174.66,0.0,58.0,1.0,ML,,,,2.7,0.2,10
965757,1996-04-23T01:22:27Z,-44.89,0.0,169.81,0.0,5.0,0.0,ML,,,,2.4,0.2,10
965758,1996-04-23T01:37:43Z,-44.2,0.0,168.71,0.0,12.0,0.0,ML,,,,2.4,0.6,8
965765,1996-04-23T02:56:32Z,-45.73,0.0,167.18,0.0,47.0,2.0,ML,,,,2.1,0.1,2
965027,1996-04-23T03:10:22Z,-41.53,0.0,174.65,0.0,41.0,2.0,ML,,,,2.5,0.2,7
983186,1996-04-23T03:21:19Z,-39.28,0.0,175.56,0.0,0.0,0.0,ML,,,,1.0,0.2,3
965759,1996-04-23T03:31:13Z,-44.84,0.1,168.06,0.0,88.0,9.0,ML,,,,2.6,0.2,5
983187,1996-04-23T03:39:04Z,-39.28,0.0,175.56,0.0,0.0,0.0,ML,,,,0.8,0.1,2
965030,1996-04-23T03:47:46Z,-40.93,0.0,175.15,0.0,33.0,1.0,ML,,,,1.8,0.1,4
983190,1996-04-23T05:52:41Z,-39.28,0.0,175.56,0.0,0.0,0.0,ML,,,,0.7,0.1,2
983191,1996-04-23T05:56:06Z,-39.28,0.0,175.56,0.0,0.0,0.0,ML,,,,0.9,0.1,2
965035,1996-04-23T07:12:42Z,-41.55,0.0,173.23,0.0,68.0,5.0,ML,,,,2.8,0.3,11
983192,1996-04-23T07:16:35Z,-39.28,0.0,175.56,0.0,0.0,0.0,ML,,,,0.8,0.2,2
965777,1996-04-23T08:17:55Z,-37.75,0.0,177.31,0.0,65.0,2.0,ML,,,,3.2,0.1,4
983194,1996-04-23T08:40:16Z,-39.4,0.0,176.47,0.0,33.0,0.0,ML,,,,1.9,0.1,3
965036,1996-04-23T08:47:25Z,-40.7,0.0,174.89,0.0,23.0,1.0,ML,,,,2.2,0.2,9
965778,1996-04-23T09:01:57Z,-37.42,0.1,179.18,0.1,12.0,0.0,ML,,,,3.3,0.3,4
965037,1996-04-23T09:12:26Z,-41.74,0.0,174.51,0.0,30.0,3.0,ML,,,,2.2,0.2,6
966700,1996-04-23T09:47:44Z,-39.29,0.0,174.75,0.0,12.0,0.0,ML,,,,2.4,0.2,10
983196,1996-04-23T10:07:08Z,-39.28,0.0,175.56,0.0,0.0,0.0,ML,,,,0.8,0.0,3
983205,1996-04-23T11:13:21Z,-39.28,0.0,175.56,0.0,0.0,0.0,ML,,,,0.7,0.1,3
978600,1996-04-23T11:54:29Z,-39.71,0.0,176.98,0.0,56.0,0.0,ML,,,,2.5,0.2,3
983210,1996-04-23T11:55:00Z,-39.28,0.0,175.56,0.0,0.0,0.0,ML,,,,0.6,0.0,3
965039,1996-04-23T11:59:26Z,-41.01,0.0,174.2,0.0,54.0,3.0,ML,,,,2.2,0.1,4
983211,1996-04-23T12:07:57Z,-39.28,0.0,175.56,0.0,0.0,0.0,ML,,,,0.6,0.1,3
987650,1996-04-23T12:08:08Z,-39.15,0.0,175.42,0.0,12.0,0.0,ML,,,,1.1,0.0,4
966339,1996-04-23T12:24:14Z,-43.01,0.0,171.94,0.0,12.0,0.0,ML,,,,2.6,0.3,3
983212,1996-04-23T12:31:19Z,-39.28,0.0,175.56,0.0,0.0,0.0,ML,,,,0.8,0.1,3
983213,1996-04-23T12:37:57Z,-39.28,0.3,175.55,0.4,0.0,0.0,ML,,,,0.9,0.2,3
983214,1996-04-23T12:44:46Z,-39.16,0.0,175.38,0.0,12.0,0.0,ML,,,,1.1,0.1,3
965040,1996-04-23T13:47:14Z,-38.7,0.0,175.42,0.1,226.0,7.0,ML,,,,3.6,0.2,18
983216,1996-04-23T13:49:02Z,-39.28,0.0,175.56,0.0,0.0,0.0,ML,,,,0.6,0.1,3
965760,1996-04-23T14:41:02Z,-45.38,0.0,167.2,0.0,96.0,3.0,ML,,,,4.0,0.1,4
966487,1996-04-23T16:43:09Z,-42.13,0.0,172.87,0.1,12.0,0.0,ML,,,,2.1,0.1,2
966141,1996-04-23T17:43:30Z,-48.5,0.1,165.14,0.1,33.0,0.0,ML,,,,3.0,0.1,2
965042,1996-04-23T17:54:03Z,-39.35,0.0,174.29,0.1,33.0,0.0,ML,,,,2.6,0.1,4
983219,1996-04-23T18:08:20Z,-39.28,0.0,175.56,0.0,0.0,0.0,ML,,,,0.9,0.0,2
965043,1996-04-23T18:27:06Z,-42.27,0.1,177.59,0.1,33.0,0.0,ML,,,,3.6,0.3,23
983222,1996-04-23T18:30:43Z,-39.28,0.0,175.56,0.0,0.0,0.0,ML,,,,1.0,0.1,2
965787,1996-04-23T18:51:44Z,-37.39,0.1,179.06,0.1,12.0,0.0,ML,,,,3.5,0.2,4
983223,1996-04-23T19:01:19Z,-39.28,0.0,175.56,0.0,0.0,0.0,ML,,,,0.8,0.0,2
983225,1996-04-23T19:41:33Z,-39.28,0.0,175.56,0.0,0.0,0.0,ML,,,,0.9,0.1,3
983226,1996-04-23T19:52:18Z,-39.28,0.0,175.56,0.0,0.0,0.0,ML,,,,1.0,0.0,2
983229,1996-04-23T20:47:05Z,-39.28,0.0,175.56,0.0,0.0,0.0,ML,,,,0.7,0.1,3
983230,1996-04-23T21:13:55Z,-39.28,0.0,175.56,0.0,0.0,0.0,ML,,,,1.0,0.0,2
983231,1996-04-23T21:16:17Z,-39.28,0.0,175.56,0.0,0.0,0.0,ML,,,,0.8,0.1,3
983232,1996-04-23T21:23:25Z,-39.28,0.0,175.56,0.0,0.0,0.0,ML,,,,0.6,0.1,2
983234,1996-04-23T21:35:20Z,-39.28,0.0,175.56,0.0,0.0,0.0,ML,,,,0.5,nan,2
965050,1996-04-23T22:14:44Z,-37.88,0.0,176.11,0.1,152.0,6.0,ML,,,,3.8,0.2,5
983239,1996-04-23T22:45:17Z,-39.28,0.0,175.56,0.0,0.0,0.0,ML,,,,0.9,0.0,2
965056,1996-04-23T23:03:48Z,-41.07,0.0,174.49,0.0,63.0,1.0,ML,,,,1.9,0.2,2
979143,1996-04-23T23:14:39Z,-39.94,0.0,176.28,0.0,48.0,10.0,ML,,,,2.7,0.4,3
983240,1996-04-23T23:18:10Z,-39.28,0.0,175.56,0.0,0.0,0.0,ML,,,,0.8,0.1,2
983242,1996-04-24T00:13:07Z,-39.28,0.0,175.56,0.0,0.0,0.0,ML,,,,0.6,0.0,2
965059,1996-04-24T00:36:00Z,-38.67,0.0,176.09,0.0,111.0,5.0,ML,,,,3.7,0.4,4
983437,1996-04-24T00:36:11Z,-39.24,0.0,176.04,0.0,67.0,3.0,ML,,,,3.9,0.3,19
983244,1996-04-24T00:43:49Z,-39.28,0.0,175.56,0.0,0.0,0.0,ML,,,,0.8,0.3,3
965075,1996-04-24T01:35:42Z,-37.87,0.0,179.36,0.1,12.0,0.0,ML,,,,3.4,0.3,4
983246,1996-04-24T01:36:13Z,-39.28,0.0,175.56,0.0,0.0,0.0,ML,,,,0.5,nan,1
983249,1996-04-24T01:58:19Z,-39.28,0.0,175.56,0.0,0.0,0.0,ML,,,,0.7,0.1,3
983250,1996-04-24T02:00:52Z,-39.28,0.0,175.56,0.0,0.0,0.0,ML,,,,0.8,0.1,2
983251,1996-04-24T02:04:04Z,-39.28,0.0,175.56,0.0,0.0,0.0,ML,,,,0.7,nan,1
979153,1996-04-24T03:56:45Z,-38.06,0.0,176.75,0.0,5.0,0.0,ML,,,,2.1,0.2,4
965097,1996-04-24T04:19:29Z,-38.03,0.0,176.54,0.0,5.0,0.0,ML,,,,2.9,0.3,7
983438,1996-04-24T04:19:41Z,-38.06,0.0,176.48,0.0,5.0,0.0,ML,,,,2.7,0.3,7
965098,1996-04-24T04:21:45Z,-38.04,0.0,176.53,0.0,5.0,0.0,ML,,,,2.1,0.1,4
983257,1996-04-24T04:30:13Z,-39.28,0.0,175.56,0.0,0.0,0.0,ML,,,,1.0,0.1,3
983258,1996-04-24T04:35:42Z,-39.28,0.0,175.56,0.0,0.0,0.0,ML,,,,0.7,0.0,3
983259,1996-04-24T04:36:44Z,-39.28,0.0,175.56,0.0,0.0,0.0,ML,,,,0.5,0.0,3
965108,1996-04-24T05:37:11Z,-39.3,0.0,173.94,0.0,16.0,1.0,ML,,,,1.6,0.1,3
983439,1996-04-24T06:04:00Z,-45.79,0.0,167.23,0.0,5.0,0.0,ML,,,,2.0,0.1,2
979162,1996-04-24T06:06:40Z,-39.67,0.0,176.63,0.0,23.0,3.0,ML,,,,2.2,0.2,6
978954,1996-04-24T06:33:11Z,-42.93,0.0,171.93,0.0,12.0,0.0,ML,,,,2.5,0.3,3
965112,1996-04-24T07:01:54Z,-37.76,0.0,179.2,0.1,12.0,0.0,ML,,,,2.8,0.4,4
983261,1996-04-24T07:38:26Z,-39.28,0.0,175.56,0.0,0.0,0.0,ML,,,,0.7,0.0,2
965114,1996-04-24T07:56:53Z,-41.3,0.0,174.52,0.0,36.0,2.0,ML,,,,1.7,0.3,3
965761,1996-04-24T08:12:28Z,-44.2,0.0,168.7,0.0,12.0,0.0,ML,,,,2.1,0.1,7
968272,1996-04-24T08:19:11Z,-40.2,0.0,175.88,0.0,20.0,4.0,ML,,,,2.7,0.2,8
965115,1996-04-24T08:21:59Z,-41.68,0.0,173.97,0.0,12.0,0.0,ML,,,,1.9,0.1,3
965116,1996-04-24T08:32:42Z,-40.14,0.0,173.56,0.0,167.0,5.0,ML,,,,3.7,0.3,17
965117,1996-04-24T08:46:23Z,-39.38,0.0,175.31,0.1,161.0,7.0,ML,,,,2.9,0.3,6
978808,1996-04-24T09:13:48Z,-39.15,0.0,177.82,0.0,64.0,4.0,ML,,,,3.3,0.4,9
983264,1996-04-24T09:23:36Z,-39.28,0.0,175.56,0.0,0.0,0.0,ML,,,,0.8,0.1,3
965121,1996-04-24T10:11:05Z,-40.16,0.0,174.88,0.0,20.0,3.0,ML,,,,2.3,0.2,14
965125,1996-04-24T10:43:23Z,-41.51,0.1,172.92,0.0,109.0,4.0,ML,,,,2.2,0.0,2
983266,1996-04-24T12:04:16Z,-39.28,0.0,175.56,0.0,0.0,0.0,ML,,,,0.5,0.1,2
983267,1996-04-24T12:22:08Z,-39.28,0.0,175.56,0.0,0.0,0.0,ML,,,,0.6,nan,1
983268,1996-04-24T12:59:28Z,-39.28,0.0,175.56,0.0,0.0,0.0,ML,,,,0.6,0.0,2
983269,1996-04-24T13:16:17Z,-39.28,0.0,175.56,0.0,0.0,0.0,ML,,,,0.8,0.1,4
965129,1996-04-24T13:45:22Z,-41.59,0.0,174.68,0.0,30.0,1.0,ML,,,,1.7,0.1,4
983270,1996-04-24T14:55:08Z,-39.28,0.0,175.56,0.0,0.0,0.0,ML,,,,0.8,0.1,3
965807,1996-04-24T15:29:51Z,-39.82,0.0,177.01,0.0,45.0,2.0,ML,,,,2.9,0.2,6
978810,1996-04-24T16:28:16Z,-45.02,0.0,167.49,0.0,112.0,3.0,ML,,,,2.5,0.1,2
965131,1996-04-24T16:52:57Z,-41.39,0.0,173.8,0.0,50.0,1.0,ML,,,,2.3,0.2,7
983272,1996-04-24T17:46:48Z,-39.28,0.0,175.56,0.0,0.0,0.0,ML,,,,0.8,0.0,2
965134,1996-04-24T17:50:12Z,-40.55,0.0,173.54,0.0,146.0,3.0,ML,,,,3.7,0.2,16
983274,1996-04-24T17:57:51Z,-39.28,0.0,175.56,0.0,0.0,0.0,ML,,,,0.4,0.1,2
965136,1996-04-24T18:06:28Z,-41.05,0.0,174.65,0.0,56.0,1.0,ML,,,,1.8,0.3,6
965137,1996-04-24T18:20:52Z,-41.33,0.0,175.14,0.0,26.0,1.0,ML,,,,1.4,0.3,7
983275,1996-04-24T18:45:05Z,-39.17,0.0,175.15,0.0,12.0,0.0,ML,,,,1.7,0.3,3
983276,1996-04-24T19:19:46Z,-39.28,0.0,175.56,0.0,0.0,0.0,ML,,,,0.7,0.1,3
979087,1996-04-24T20:42:10Z,-41.21,0.0,172.75,0.0,189.0,2.0,ML,,,,3.9,0.6,15
965762,1996-04-24T21:20:56Z,-44.13,0.0,168.79,0.0,12.0,0.0,ML,,,,2.8,0.2,12
983277,1996-04-24T21:59:13Z,-39.28,0.0,175.56,0.0,0.0,0.0,ML,,,,0.6,0.1,3
965141,1996-04-24T22:12:22Z,-41.32,0.0,175.15,0.0,26.0,1.0,ML,,,,2.0,0.2,9
983278,1996-04-24T22:29:43Z,-39.52,0.0,175.62,0.0,12.0,0.0,ML,,,,2.1,0.1,4
983440,1996-04-24T22:30:54Z,-39.28,0.0,175.56,0.0,0.0,0.0,ML,,,,0.7,0.1,2
965142,1996-04-24T23:04:39Z,-41.22,0.0,172.85,0.0,136.0,3.0,ML,,,,2.8,0.2,8
965145,1996-04-24T23:30:08Z,-39.28,0.0,175.56,0.0,0.0,0.0,ML,,,,0.8,0.0,2
983281,1996-04-24T23:34:32Z,-39.28,0.0,175.56,0.0,0.0,0.0,ML,,,,0.7,0.1,3
983283,1996-04-25T00:03:57Z,-39.28,0.0,175.56,0.0,0.0,0.0,ML,,,,0.8,0.1,3
983284,1996-04-25T00:16:50Z,-39.28,0.0,175.56,0.0,0.0,0.0,ML,,,,0.6,0.1,3
983286,1996-04-25T00:32:42Z,-39.28,0.0,175.56,0.0,0.0,0.0,ML,,,,0.6,0.1,3
983287,1996-04-25T00:52:40Z,-39.21,0.0,175.17,0.0,29.0,1.0,ML,,,,2.2,0.2,5
983442,1996-04-25T00:53:47Z,-39.28,0.0,175.56,0.0,0.0,0.0,ML,,,,0.8,0.1,3
968273,1996-04-25T01:11:40Z,-40.3,0.0,176.34,0.0,12.0,0.0,ML,,,,2.5,0.2,6
965816,1996-04-25T01:44:01Z,-36.92,0.1,177.09,0.1,171.0,6.0,ML,,,,3.8,0.3,4
983289,1996-04-25T02:27:23Z,-39.28,0.0,175.56,0.0,0.0,0.0,ML,,,,0.9,0.2,3
965146,1996-04-25T02:29:33Z,-41.14,0.0,175.55,0.0,21.0,3.0,ML,,,,1.9,0.2,6
965147,1996-04-25T02:46:33Z,-41.28,0.0,175.29,0.0,16.0,3.0,ML,,,,1.1,0.2,6
983290,1996-04-25T02:47:26Z,-39.28,0.0,175.56,0.0,0.0,0.0,ML,,,,0.6,0.0,3
983291,1996-04-25T02:48:52Z,-39.28,0.0,175.56,0.0,0.0,0.0,ML,,,,1.2,0.1,3
983292,1996-04-25T02:59:55Z,-39.28,0.0,175.56,0.0,0.0,0.0,ML,,,,1.1,0.2,3
978955,1996-04-25T03:14:09Z,-43.01,0.0,171.87,0.0,12.0,0.0,ML,,,,2.8,0.1,3
965148,1996-04-25T03:28:11Z,-40.76,0.0,174.72,0.0,5.0,0.0,ML,,,,2.3,0.2,10
983293,1996-04-25T03:33:31Z,-39.25,0.0,174.99,0.0,33.0,0.0,ML,,,,1.6,0.1,4
983294,1996-04-25T03:41:45Z,-39.28,0.0,175.56,0.0,0.0,0.0,ML,,,,0.8,0.1,3
979202,1996-04-25T04:21:12Z,-39.41,0.0,177.54,0.0,29.0,3.0,ML,,,,2.5,0.2,3
966498,1996-04-25T04:38:43Z,-42.95,0.0,171.84,0.0,5.0,0.0,ML,,,,2.5,0.3,4
983295,1996-04-25T04:42:13Z,-39.15,0.0,175.62,0.0,5.0,0.0,ML,,,,1.1,0.3,4
983296,1996-04-25T05:41:10Z,-39.28,0.0,175.56,0.0,0.0,0.0,ML,,,,0.9,0.1,3
983298,1996-04-25T06:01:21Z,-39.28,0.0,175.56,0.0,0.0,0.0,ML,,,,1.0,0.0,2
983299,1996-04-25T06:38:02Z,-39.28,0.0,175.56,0.0,0.0,0.0,ML,,,,0.8,0.0,2
965824,1996-04-25T07:05:57Z,-37.24,0.0,177.36,0.0,131.0,1.0,ML,,,,3.0,0.0,3
983301,1996-04-25T07:32:44Z,-39.28,0.0,175.56,0.0,0.0,0.0,ML,,,,0.9,0.1,2
965825,1996-04-25T07:52:05Z,-38.05,0.0,176.73,0.0,5.0,0.0,ML,,,,2.1,0.2,5
983444,1996-04-25T07:52:45Z,-38.05,0.0,176.72,0.0,5.0,0.0,ML,,,,2.9,0.2,7
983304,1996-04-25T07:58:04Z,-39.4,0.0,175.9,0.0,12.0,0.0,ML,,,,1.1,0.1,4
983443,1996-04-25T07:58:25Z,-39.28,0.0,175.56,0.0,0.0,0.0,ML,,,,0.6,0.0,3
983305,1996-04-25T08:06:43Z,-39.28,0.0,175.56,0.0,0.0,0.0,ML,,,,1.1,0.1,3
983306,1996-04-25T08:12:13Z,-39.28,0.0,175.56,0.0,0.0,0.0,ML,,,,0.5,0.0,2
965153,1996-04-25T08:22:07Z,-41.46,0.0,173.4,0.0,74.0,3.0,ML,,,,3.2,0.2,15
983307,1996-04-25T08:46:23Z,-39.28,0.0,175.56,0.0,0.0,0.0,ML,,,,0.7,0.0,2
965154,1996-04-25T08:46:50Z,-40.69,0.0,175.49,0.0,28.0,1.0,ML,,,,2.3,0.2,12
983308,1996-04-25T09:03:42Z,-39.28,0.0,175.56,0.0,0.0,0.0,ML,,,,0.9,0.1,4
983309,1996-04-25T09:10:00Z,-39.28,0.0,175.56,0.0,0.0,0.0,ML,,,,0.8,nan,2
965155,1996-04-25T09:23:57Z,-40.65,0.0,173.98,0.0,76.0,3.0,ML,,,,2.4,0.3,10
983310,1996-04-25T09:29:59Z,-39.28,0.0,175.56,0.0,0.0,0.0,ML,,,,0.7,0.1,3
965156,1996-04-25T10:00:41Z,-41.47,0.0,174.19,0.0,22.0,1.0,ML,,,,1.8,0.1,7
983311,1996-04-25T10:08:53Z,-39.28,0.0,175.56,0.0,0.0,0.0,ML,,,,1.0,0.1,3
983312,1996-04-25T11:10:14Z,-39.28,0.0,175.56,0.0,0.0,0.0,ML,,,,0.7,nan,1
966500,1996-04-25T11:18:50Z,-43.02,0.0,171.37,0.0,5.0,0.0,ML,,,,2.8,0.3,6
983313,1996-04-25T11:21:38Z,-39.28,0.0,175.56,0.0,0.0,0.0,ML,,,,0.5,nan,1
978958,1996-04-25T11:22:53Z,-43.09,0.0,171.43,0.0,5.0,0.0,ML,,,,2.7,0.1,4
983314,1996-04-25T11:36:25Z,-39.28,0.0,175.56,0.0,0.0,0.0,ML,,,,0.6,0.1,3
983315,1996-04-25T11:43:49Z,-39.28,0.0,175.56,0.0,0.0,0.0,ML,,,,0.7,0.0,3
983316,1996-04-25T11:51:15Z,-39.28,0.0,175.56,0.0,0.0,0.0,ML,,,,1.1,0.1,3
983317,1996-04-25T11:58:41Z,-39.28,0.0,175.56,0.0,0.0,0.0,ML,,,,0.6,0.1,3
983318,1996-04-25T12:21:08Z,-39.28,0.0,175.56,0.0,0.0,0.0,ML,,,,1.0,0.1,3
983319,1996-04-25T12:52:57Z,-39.28,0.0,175.56,0.0,0.0,0.0,ML,,,,0.7,nan,1
983320,1996-04-25T13:16:31Z,-39.28,0.0,175.56,0.0,0.0,0.0,ML,,,,0.6,0.1,3
983321,1996-04-25T13:40:13Z,-39.28,0.0,175.56,0.0,0.0,0.0,ML,,,,0.8,0.1,4
983322,1996-04-25T14:09:12Z,-39.56,0.0,175.57,0.0,12.0,0.0,ML,,,,1.6,0.2,3
965159,1996-04-25T14:21:23Z,-38.3,0.0,175.98,0.0,167.0,3.0,ML,,,,3.7,0.4,16
983324,1996-04-25T14:36:16Z,-39.28,0.0,175.56,0.0,0.0,0.0,ML,,,,0.8,0.0,2
966501,1996-04-25T14:54:14Z,-41.93,0.0,173.46,0.0,5.0,0.0,ML,,,,2.4,0.3,3
983325,1996-04-25T15:03:12Z,-39.28,0.0,175.56,0.0,0.0,0.0,ML,,,,0.9,0.1,3
983326,1996-04-25T15:37:21Z,-39.47,0.0,175.63,0.1,5.0,0.0,ML,,,,1.4,0.1,3
965160,1996-04-25T16:20:38Z,-37.86,0.0,179.8,0.0,12.0,0.0,ML,,,,5.2,0.3,9
965835,1996-04-25T17:24:26Z,-38.3,0.1,176.82,0.1,196.0,4.0,ML,,,,3.2,0.1,2
983329,1996-04-25T17:25:13Z,-39.28,0.0,175.56,0.0,0.0,0.0,ML,,,,0.5,0.1,3
979213,1996-04-25T17:41:27Z,-40.15,0.0,176.92,0.0,34.0,1.0,ML,,,,2.6,0.4,2
983330,1996-04-25T17:41:42Z,-39.28,0.0,175.56,0.0,0.0,0.0,ML,,,,0.7,0.0,3
983331,1996-04-25T17:53:39Z,-39.28,0.0,175.56,0.0,0.0,0.0,ML,,,,0.5,0.1,3
983332,1996-04-25T17:59:19Z,-39.27,0.0,175.55,0.0,0.0,0.0,ML,,,,0.5,0.1,2
983333,1996-04-25T18:19:20Z,-39.28,0.0,175.56,0.0,0.0,0.0,ML,,,,0.7,0.1,3
965839,1996-04-25T18:22:56Z,-38.0,0.1,179.78,0.1,12.0,0.0,ML,,,,3.4,0.2,3
965161,1996-04-25T18:25:51Z,-41.34,0.1,173.47,0.0,135.0,1.0,ML,,,,2.2,0.2,4
965840,1996-04-25T18:31:00Z,-36.59,0.1,177.84,0.1,161.0,12.0,ML,,,,4.1,0.2,5
978962,1996-04-25T18:55:57Z,-42.98,0.0,171.87,0.0,5.0,0.0,ML,,,,2.5,0.3,3
983334,1996-04-25T19:05:10Z,-39.28,0.0,175.56,0.0,0.0,0.0,ML,,,,0.8,0.1,3
965163,1996-04-25T19:18:26Z,-41.8,0.0,173.99,0.0,5.0,0.0,ML,,,,1.7,0.0,3
965208,1996-04-25T20:46:04Z,-37.81,0.0,179.66,0.0,12.0,0.0,ML,,,,3.7,0.2,9
965214,1996-04-25T20:55:25Z,-45.19,0.0,167.39,0.0,75.0,5.0,ML,,,,2.6,0.1,2
983338,1996-04-25T21:09:37Z,-39.28,0.0,175.56,0.0,0.0,0.0,ML,,,,1.0,0.1,3
965216,1996-04-25T21:29:30Z,-40.62,0.0,175.47,0.0,30.0,1.0,ML,,,,2.2,0.1,6
965763,1996-04-25T22:12:32Z,-44.68,0.0,168.26,0.0,84.0,5.0,ML,,,,2.7,0.1,8
965843,1996-04-25T22:21:50Z,-37.96,0.1,179.99,0.1,33.0,0.0,ML,,,,3.8,0.3,6
983339,1996-04-25T22:22:45Z,-39.28,0.0,175.56,0.0,0.0,0.0,ML,,,,0.6,0.1,2
983340,1996-04-25T22:33:22Z,-39.28,0.0,175.56,0.0,0.0,0.0,ML,,,,0.8,0.1,3
965224,1996-04-25T22:42:11Z,-37.57,0.1,176.21,0.1,163.0,8.0,ML,,,,3.6,0.2,8
965229,1996-04-25T23:24:35Z,-37.85,0.0,179.65,0.1,12.0,0.0,ML,,,,4.0,0.3,19
983342,1996-04-25T23:34:47Z,-39.28,0.0,175.56,0.0,0.0,0.0,ML,,,,0.4,0.0,2
983343,1996-04-25T23:39:23Z,-39.28,0.0,175.56,0.0,0.0,0.0,ML,,,,0.8,0.1,3
983344,1996-04-25T23:47:02Z,-39.28,0.0,175.56,0.0,0.0,0.0,ML,,,,0.5,0.1,3
983345,1996-04-25T23:50:59Z,-39.28,0.0,175.56,0.0,0.0,0.0,ML,,,,0.6,0.1,2
983346,1996-04-25T23:58:04Z,-39.28,0.0,175.56,0.0,0.0,0.0,ML,,,,0.4,0.0,3
965255,1996-04-26T00:36:28Z,-39.48,0.0,175.63,0.0,12.0,0.0,ML,,,,3.1,0.2,18
983348,1996-04-26T00:43:10Z,-39.28,0.0,175.56,0.0,0.0,0.0,ML,,,,0.8,0.1,2
978700,1996-04-26T00:53:42Z,-40.57,0.0,175.88,0.0,33.0,0.0,ML,,,,2.4,0.0,1
965259,1996-04-26T01:05:07Z,-42.49,0.0,172.54,0.0,12.0,0.0,ML,,,,3.3,0.2,13
983349,1996-04-26T01:30:49Z,-39.28,0.0,175.56,0.0,0.0,0.0,ML,,,,0.5,0.0,2
965851,1996-04-26T01:53:53Z,-38.07,0.0,178.13,0.0,12.0,0.0,ML,,,,2.5,0.3,4
983024,1996-04-26T02:14:41Z,-38.43,0.1,176.33,0.0,5.0,0.0,ML,,,,1.9,0.2,3
968275,1996-04-26T03:23:21Z,-40.02,0.0,176.6,0.0,45.0,5.0,ML,,,,3.0,0.2,4
983351,1996-04-26T03:39:22Z,-39.28,0.0,175.56,0.0,0.0,0.0,ML,,,,0.8,0.0,3
965856,1996-04-26T03:59:39Z,-39.39,0.0,177.51,0.0,31.0,3.0,ML,,,,3.4,0.2,16
983353,1996-04-26T04:19:35Z,-39.28,0.0,175.56,0.0,0.0,0.0,ML,,,,0.7,0.1,2
979229,1996-04-26T05:32:28Z,-40.76,0.0,175.19,0.0,32.0,1.0,ML,,,,2.7,0.2,15
965298,1996-04-26T05:38:12Z,-38.63,0.0,175.63,0.0,186.0,1.0,ML,,,,3.4,0.1,12
983356,1996-04-26T05:55:27Z,-39.46,0.0,175.77,0.0,12.0,0.0,ML,,,,1.6,0.2,4
983357,1996-04-26T06:34:56Z,-39.42,0.0,175.74,0.0,12.0,0.0,ML,,,,1.3,0.2,3
983358,1996-04-26T07:39:43Z,-39.28,0.0,175.56,0.0,0.0,0.0,ML,,,,0.9,0.1,3
965301,1996-04-26T07:40:59Z,-44.48,0.0,168.26,0.0,12.0,0.0,ML,,,,2.7,0.4,10
983446,1996-04-26T07:42:36Z,-40.42,0.0,174.48,0.0,93.0,3.0,ML,,,,3.4,0.3,19
983360,1996-04-26T08:30:28Z,-39.28,0.0,175.56,0.0,0.0,0.0,ML,,,,0.7,0.1,3
983361,1996-04-26T08:39:50Z,-39.28,0.0,175.56,0.0,0.0,0.0,ML,,,,0.5,0.1,2
965304,1996-04-26T09:27:52Z,-41.26,0.0,175.24,0.0,26.0,1.0,ML,,,,1.8,0.1,5
978815,1996-04-26T10:26:04Z,-45.13,0.0,167.44,0.0,74.0,2.0,ML,,,,2.3,0.1,2
983363,1996-04-26T10:30:04Z,-39.28,0.0,175.56,0.0,0.0,0.0,ML,,,,0.8,0.2,3
983364,1996-04-26T10:35:55Z,-39.28,0.0,175.56,0.0,0.0,0.0,ML,,,,0.8,0.1,3
965307,1996-04-26T10:51:36Z,-37.91,0.0,177.04,0.0,98.0,2.0,ML,,,,4.8,0.2,23
966507,1996-04-26T11:01:33Z,-45.5,0.0,167.22,0.0,106.0,2.0,ML,,,,3.7,0.2,13
983448,1996-04-26T11:01:51Z,-40.01,0.0,176.22,0.0,22.0,4.0,ML,,,,2.4,0.1,6
982430,1996-04-26T11:35:23Z,-39.56,0.0,176.14,0.0,26.0,2.0,ML,,,,2.0,0.2,5
983368,1996-04-26T13:24:39Z,-39.28,0.0,175.56,0.0,0.0,0.0,ML,,,,0.4,0.0,2
983370,1996-04-26T13:36:37Z,-39.28,0.0,175.56,0.0,0.0,0.0,ML,,,,0.8,0.1,3
965871,1996-04-26T14:13:56Z,-37.45,0.0,179.4,0.0,12.0,0.0,ML,,,,3.2,0.3,4
966508,1996-04-26T14:57:09Z,-43.26,0.0,171.57,0.0,12.0,0.0,ML,,,,3.3,0.2,7
983373,1996-04-26T15:46:18Z,-39.28,0.0,175.56,0.0,0.0,0.0,ML,,,,0.6,0.0,2
965876,1996-04-26T17:25:48Z,-37.93,0.0,176.88,0.0,5.0,0.0,ML,,,,2.7,0.2,6
965312,1996-04-26T18:00:32Z,-41.0,0.0,175.9,0.0,21.0,3.0,ML,,,,2.1,0.1,8
965313,1996-04-26T18:01:53Z,-41.0,0.0,175.9,0.0,21.0,2.0,ML,,,,2.3,0.1,9
983374,1996-04-26T18:32:45Z,-39.28,0.0,175.56,0.0,0.0,0.0,ML,,,,0.9,0.1,3
967478,1996-04-26T19:59:57Z,-44.86,0.0,169.63,0.0,5.0,0.0,ML,,,,3.1,0.2,9
965880,1996-04-26T20:31:43Z,-43.32,0.0,171.56,0.0,12.0,0.0,ML,,,,3.1,0.1,5
978966,1996-04-26T21:27:20Z,-39.3,0.0,173.76,0.0,12.0,0.0,ML,,,,2.4,0.4,5
983378,1996-04-27T00:50:15Z,-39.2,0.0,175.08,0.0,12.0,0.0,ML,,,,2.3,0.2,4
978752,1996-04-27T00:53:57Z,-45.47,0.0,167.24,0.0,12.0,0.0,ML,,,,2.3,0.2,2
983387,1996-04-27T02:24:58Z,-39.28,0.0,175.56,0.0,0.0,0.0,ML,,,,0.6,0.0,2
967479,1996-04-27T03:05:23Z,-44.68,0.0,167.98,0.0,83.0,6.0,ML,,,,2.7,0.2,9
983390,1996-04-27T04:51:37Z,-39.28,0.0,175.56,0.0,0.0,0.0,ML,,,,0.7,0.0,2
978778,1996-04-27T05:31:22Z,-45.14,0.0,167.34,0.0,73.0,2.0,ML,,,,2.0,0.1,2
965340,1996-04-27T05:43:39Z,-39.73,0.0,176.31,0.0,54.0,3.0,ML,,,,1.8,0.0,2
983391,1996-04-27T06:48:06Z,-39.28,0.0,175.56,0.0,0.0,0.0,ML,,,,0.9,0.1,4
983392,1996-04-27T07:39:32Z,-39.28,0.0,175.56,0.0,0.0,0.0,ML,,,,0.8,0.1,3
983393,1996-04-27T07:42:45Z,-39.28,0.0,175.56,0.0,0.0,0.0,ML,,,,0.6,0.0,2
983394,1996-04-27T07:57:15Z,-39.28,0.0,175.56,0.0,0.0,0.0,ML,,,,0.9,0.1,2
983395,1996-04-27T08:14:32Z,-39.28,0.0,175.56,0.0,0.0,0.0,ML,,,,0.8,0.1,3
983396,1996-04-27T08:16:48Z,-39.53,0.0,175.53,0.0,12.0,0.0,ML,,,,2.0,0.2,5
978897,1996-04-27T08:47:35Z,-39.28,0.0,173.81,0.0,14.0,0.0,ML,,,,1.7,0.2,3
983397,1996-04-27T09:01:48Z,-39.28,0.0,175.56,0.0,0.0,0.0,ML,,,,0.7,0.1,3
983398,1996-04-27T09:30:07Z,-39.42,0.0,175.23,0.0,12.0,0.0,ML,,,,1.5,0.1,3
983399,1996-04-27T09:41:25Z,-39.28,0.0,175.56,0.0,0.0,0.0,ML,,,,0.9,0.0,2
965354,1996-04-27T09:44:47Z,-41.18,0.0,175.26,0.0,24.0,1.0,ML,,,,1.7,0.2,9
983401,1996-04-27T10:07:05Z,-39.28,0.0,175.56,0.0,0.0,0.0,ML,,,,0.7,nan,1
965910,1996-04-27T10:20:05Z,-39.27,0.1,179.36,0.2,12.0,0.0,ML,,,,3.3,0.2,8
984969,1996-04-27T10:23:19Z,-36.83,0.1,176.73,0.2,197.0,8.0,ML,,,,3.3,0.2,7
965912,1996-04-27T11:12:27Z,-38.33,0.0,175.82,0.0,182.0,4.0,ML,,,,3.5,0.3,16
983404,1996-04-27T11:33:26Z,-39.28,0.0,175.56,0.0,0.0,0.0,ML,,,,0.6,0.1,3
983405,1996-04-27T13:08:24Z,-39.28,0.0,175.56,0.0,0.0,0.0,ML,,,,0.6,0.1,4
983406,1996-04-27T13:09:17Z,-39.28,0.0,175.56,0.0,0.0,0.0,ML,,,,0.7,0.1,3
983407,1996-04-27T13:17:59Z,-39.28,0.0,175.56,0.0,0.0,0.0,ML,,,,0.9,0.2,2
965372,1996-04-27T13:32:18Z,-42.14,0.0,173.6,0.0,25.0,4.0,ML,,,,2.6,0.3,10
965379,1996-04-27T13:51:05Z,-40.2,0.0,174.59,0.0,49.0,11.0,ML,,,,2.4,0.2,7
983409,1996-04-27T13:51:40Z,-39.28,0.0,175.56,0.0,0.0,0.0,ML,,,,0.8,0.1,3
983412,1996-04-27T14:03:21Z,-39.28,0.0,175.56,0.0,0.0,0.0,ML,,,,0.4,0.0,2
965383,1996-04-27T14:06:40Z,-41.8,0.0,172.47,0.0,72.0,1.0,ML,,,,2.5,0.2,3
965914,1996-04-27T14:15:02Z,-39.94,0.0,176.71,0.0,12.0,0.0,ML,,,,2.1,nan,1
965390,1996-04-27T14:40:50Z,-41.26,0.0,172.82,0.0,146.0,3.0,ML,,,,3.7,1.3,13
983414,1996-04-27T15:13:42Z,-39.28,0.0,175.56,0.0,0.0,0.0,ML,,,,0.8,0.1,3
983415,1996-04-27T15:23:50Z,-39.28,0.0,175.56,0.0,0.0,0.0,ML,,,,0.9,0.1,3
965413,1996-04-27T15:44:22Z,-40.61,0.2,173.8,0.1,209.0,12.0,ML,,,,2.4,0.1,2
983416,1996-04-27T15:52:38Z,-39.28,0.0,175.56,0.0,0.0,0.0,ML,,,,1.0,0.1,2
965420,1996-04-27T15:58:01Z,-39.85,0.0,176.73,0.0,47.0,4.0,ML,,,,2.3,0.1,4
983418,1996-04-27T16:25:01Z,-39.28,0.0,175.56,0.0,0.0,0.0,ML,,,,0.8,0.1,2
983419,1996-04-27T16:45:34Z,-39.28,0.0,175.56,0.0,0.0,0.0,ML,,,,0.9,0.1,3
983420,1996-04-27T16:52:43Z,-39.28,0.0,175.56,0.0,0.0,0.0,ML,,,,0.8,0.0,2
965457,1996-04-27T17:26:28Z,-37.26,0.0,177.38,0.0,144.0,4.0,ML,,,,3.2,0.1,5
983421,1996-04-27T17:43:22Z,-39.28,0.0,175.56,0.0,0.0,0.0,ML,,,,0.8,0.1,3
983422,1996-04-27T17:47:57Z,-39.28,0.0,175.56,0.0,0.0,0.0,ML,,,,0.8,0.1,3
965917,1996-04-27T18:06:27Z,-40.43,0.0,176.65,0.0,28.0,3.0,ML,,,,2.9,0.1,9
983424,1996-04-27T18:16:23Z,-39.28,0.0,175.56,0.0,0.0,0.0,ML,,,,0.8,0.1,2
965461,1996-04-27T18:23:05Z,-41.78,0.0,171.94,0.1,84.0,12.0,ML,,,,2.7,nan,1
965484,1996-04-27T19:25:39Z,-39.24,0.0,175.43,0.0,12.0,0.0,ML,,,,2.6,0.3,9
965921,1996-04-27T19:53:41Z,-38.29,0.0,176.44,0.0,5.0,0.0,ML,,,,2.6,0.2,6
965495,1996-04-27T20:05:00Z,-45.18,0.0,166.84,0.1,12.0,0.0,ML,,,,2.8,0.2,3
984970,1996-04-27T20:40:18Z,-40.03,0.0,176.25,0.0,25.0,4.0,ML,,,,3.0,0.3,9
968306,1996-04-27T20:41:13Z,-44.98,0.0,167.47,0.0,107.0,3.0,ML,,,,3.1,0.3,6
983428,1996-04-27T20:58:07Z,-39.25,0.0,175.37,0.1,12.0,0.0,ML,,,,1.5,0.3,3
984971,1996-04-27T20:58:22Z,-39.28,0.0,175.56,0.0,0.0,0.0,ML,,,,0.9,0.2,3
983429,1996-04-27T21:01:10Z,-39.28,0.0,175.56,0.0,0.0,0.0,ML,,,,0.9,0.1,3
983430,1996-04-27T21:18:11Z,-39.91,0.1,175.32,0.0,12.0,0.0,ML,,,,1.9,0.1,4
983431,1996-04-27T21:26:36Z,-39.28,0.0,175.56,0.0,0.0,0.0,ML,,,,1.0,0.1,3
965506,1996-04-27T22:01:37Z,-40.09,0.0,176.97,0.1,49.0,6.0,ML,,,,3.0,0.2,3
983432,1996-04-27T22:02:30Z,-39.28,0.0,175.56,0.0,0.0,0.0,ML,,,,0.7,0.1,3
983433,1996-04-27T22:31:40Z,-39.28,0.0,175.56,0.0,0.0,0.0,ML,,,,0.4,0.2,3
965526,1996-04-27T23:04:48Z,-38.53,0.1,175.43,0.1,214.0,14.0,ML,,,,3.6,0.2,14
965535,1996-04-27T23:20:09Z,-41.77,0.0,173.55,0.0,67.0,4.0,ML,,,,3.7,0.3,12
965550,1996-04-28T00:08:16Z,-41.24,0.0,172.81,0.0,143.0,3.0,ML,,,,2.9,0.2,6
985825,1996-04-28T00:32:03Z,-39.28,0.0,175.56,0.0,0.0,0.0,ML,,,,0.6,0.1,3
965929,1996-04-28T02:31:04Z,-38.52,0.0,175.78,0.0,126.0,3.0,ML,,,,3.4,0.2,8
978817,1996-04-28T02:59:24Z,-45.59,0.0,166.55,0.1,5.0,0.0,ML,,,,2.9,0.1,3
965933,1996-04-28T03:07:17Z,-39.72,0.0,177.2,0.0,33.0,0.0,ML,,,,2.7,0.1,3
965558,1996-04-28T03:59:51Z,-41.36,0.0,173.73,0.0,89.0,2.0,ML,,,,2.1,nan,1
965563,1996-04-28T04:15:42Z,-38.03,0.0,178.01,0.0,5.0,0.0,ML,,,,2.4,0.2,3
965564,1996-04-28T04:18:28Z,-40.49,0.0,176.12,0.0,24.0,3.0,ML,,,,2.9,0.2,13
979009,1996-04-28T04:33:28Z,-38.26,0.0,178.65,0.1,5.0,0.0,ML,,,,2.7,0.1,3
985830,1996-04-28T04:51:26Z,-39.28,0.0,175.26,0.0,32.0,1.0,ML,,,,1.8,0.1,3
978818,1996-04-28T05:01:43Z,-45.27,0.1,167.43,0.0,98.0,5.0,ML,,,,2.7,0.4,3
985831,1996-04-28T05:41:29Z,-39.28,0.0,175.56,0.0,0.0,0.0,ML,,,,0.5,0.1,3
979637,1996-04-28T05:53:28Z,-39.7,0.0,176.76,0.0,28.0,2.0,ML,,,,2.4,0.2,9
965570,1996-04-28T06:05:59Z,-47.81,0.1,165.21,0.1,12.0,0.0,ML,,,,3.6,0.2,4
965577,1996-04-28T06:38:29Z,-40.0,0.0,173.78,0.0,12.0,0.0,ML,,,,2.8,0.5,9
984972,1996-04-28T06:38:43Z,-39.34,0.0,177.29,0.0,27.0,1.0,ML,,,,2.9,0.1,10
985834,1996-04-28T07:02:35Z,-39.28,0.0,175.56,0.0,0.0,0.0,ML,,,,0.6,0.2,3
985835,1996-04-28T09:23:22Z,-39.28,0.0,175.56,0.0,0.0,0.0,ML,,,,0.5,0.0,3
965601,1996-04-28T09:51:58Z,-39.68,0.0,176.92,0.0,44.0,2.0,ML,,,,2.2,0.2,3
965608,1996-04-28T10:15:20Z,-40.83,0.0,175.79,0.0,30.0,2.0,ML,,,,2.6,0.2,10
985836,1996-04-28T10:16:59Z,-39.51,0.0,175.76,0.0,12.0,0.0,ML,,,,1.5,0.2,4
965609,1996-04-28T10:42:39Z,-40.63,0.0,174.91,0.0,12.0,0.0,ML,,,,1.8,0.1,3
965940,1996-04-28T10:53:13Z,-38.0,0.0,178.04,0.0,12.0,0.0,ML,,,,3.5,0.2,16
985838,1996-04-28T11:08:25Z,-39.5,0.0,175.67,0.0,20.0,2.0,ML,,,,1.9,0.2,4
978942,1996-04-28T12:00:30Z,-38.06,0.0,176.75,0.0,5.0,0.0,ML,,,,2.1,0.1,3
965617,1996-04-28T12:36:30Z,-40.53,0.0,176.48,0.0,18.0,2.0,ML,,,,1.9,nan,1
965618,1996-04-28T12:37:25Z,-40.65,0.0,175.74,0.0,5.0,0.0,ML,,,,2.1,0.2,2
965626,1996-04-28T13:29:14Z,-39.22,0.0,173.91,0.0,12.0,0.0,ML,,,,1.5,0.1,2
965632,1996-04-28T14:24:14Z,-42.22,0.0,173.73,0.0,43.0,8.0,ML,,,,2.8,0.3,6
965943,1996-04-28T15:07:45Z,-37.52,0.1,177.1,0.1,5.0,0.0,ML,,,,2.7,0.3,4
965640,1996-04-28T15:38:39Z,-45.16,0.0,167.37,0.0,74.0,1.0,ML,,,,2.5,0.2,2
979011,1996-04-28T15:59:14Z,-37.8,0.0,179.04,0.1,12.0,0.0,ML,,,,2.9,0.4,3
965646,1996-04-28T16:52:40Z,-40.27,0.0,173.51,0.0,205.0,4.0,ML,,,,4.2,0.2,20
965946,1996-04-28T16:55:48Z,-38.41,0.0,175.8,0.1,140.0,3.0,ML,,,,3.1,0.3,2
985841,1996-04-28T17:22:25Z,-39.15,0.0,175.42,0.0,13.0,1.0,ML,,,,1.9,0.2,4
979285,1996-04-28T18:18:07Z,-39.9,0.0,176.95,0.0,45.0,3.0,ML,,,,2.7,0.2,3
965653,1996-04-28T18:26:10Z,-41.03,0.0,174.68,0.0,12.0,0.0,ML,,,,1.7,0.1,4
965656,1996-04-28T19:17:46Z,-40.31,0.0,176.72,0.0,32.0,2.0,ML,,,,2.5,0.2,3
965672,1996-04-28T21:33:06Z,-40.86,0.0,175.11,0.0,37.0,2.0,ML,,,,2.8,0.2,7
965674,1996-04-28T21:43:16Z,-45.16,0.0,166.81,0.0,19.0,1.0,ML,,,,2.4,0.1,2
966517,1996-04-28T22:18:46Z,-43.02,0.0,171.39,0.0,12.0,0.0,ML,,,,3.2,0.2,3
965688,1996-04-28T23:32:14Z,-39.15,0.0,175.39,0.0,12.0,0.0,ML,,,,1.3,0.1,3
968314,1996-04-28T23:35:52Z,-40.46,0.0,175.49,0.0,65.0,4.0,ML,,,,2.5,nan,1
965689,1996-04-28T23:40:31Z,-38.62,0.1,175.55,0.1,166.0,12.0,ML,,,,3.2,0.2,11
965698,1996-04-29T01:10:17Z,-40.93,0.0,174.6,0.0,58.0,1.0,ML,,,,2.1,0.1,7
965699,1996-04-29T01:14:26Z,-45.26,0.0,167.05,0.0,12.0,0.0,ML,,,,3.0,0.2,11
965708,1996-04-29T02:43:38Z,-38.18,0.1,175.9,0.1,272.0,8.0,ML,,,,4.0,0.2,12
965711,1996-04-29T03:05:20Z,-41.14,0.0,173.4,0.0,94.0,4.0,ML,,,,2.7,0.0,2
967480,1996-04-29T04:48:39Z,-44.69,0.0,167.96,0.0,90.0,8.0,ML,,,,3.0,0.2,9
979016,1996-04-29T04:52:57Z,-37.69,0.0,179.44,0.0,12.0,0.0,ML,,,,2.9,0.5,3
965721,1996-04-29T05:05:19Z,-41.31,0.0,174.4,0.0,36.0,1.0,ML,,,,2.3,0.5,3
968315,1996-04-29T06:38:14Z,-40.34,0.0,176.85,0.0,44.0,4.0,ML,,,,2.9,0.2,2
965732,1996-04-29T06:52:32Z,-41.01,0.0,175.61,0.0,25.0,1.0,ML,,,,2.1,0.1,7
965960,1996-04-29T06:57:13Z,-37.63,0.0,178.43,0.0,60.0,1.0,ML,,,,2.9,0.3,4
965739,1996-04-29T07:57:10Z,-40.38,0.0,176.22,0.0,31.0,3.0,ML,,,,1.8,nan,1
965740,1996-04-29T08:14:00Z,-39.67,0.0,174.25,0.0,190.0,4.0,ML,,,,4.1,0.2,19
965744,1996-04-29T09:23:48Z,-41.28,0.0,174.51,0.0,34.0,1.0,ML,,,,2.1,0.1,5
965745,1996-04-29T09:25:37Z,-40.36,0.0,174.61,0.0,12.0,0.0,ML,,,,2.2,0.2,4
979308,1996-04-29T09:45:21Z,-39.01,0.0,176.22,0.0,62.0,2.0,ML,,,,2.4,nan,1
978822,1996-04-29T12:24:46Z,-46.19,0.0,166.15,0.1,5.0,0.0,ML,,,,2.8,0.2,4
965966,1996-04-29T12:53:36Z,-37.61,0.0,179.12,0.1,12.0,0.0,ML,,,,2.8,nan,1
986364,1996-04-29T12:54:22Z,-41.51,0.0,174.27,0.0,59.0,2.0,ML,,,,2.5,0.2,6
978824,1996-04-29T13:06:13Z,-45.23,0.0,167.3,0.0,69.0,2.0,ML,,,,1.9,0.1,2
982484,1996-04-29T13:14:07Z,-39.04,0.0,175.69,0.0,5.0,0.0,ML,,,,2.2,0.1,5
984915,1996-04-29T13:21:41Z,-39.07,0.0,175.61,0.0,5.0,0.0,ML,,,,1.3,0.1,4
978828,1996-04-29T14:40:31Z,-45.09,0.0,167.45,0.0,83.0,3.0,ML,,,,2.8,0.3,5
966518,1996-04-29T17:44:56Z,-40.97,0.0,172.51,0.0,5.0,0.0,ML,,,,3.4,0.2,14
966524,1996-04-29T18:24:26Z,-39.51,0.0,175.85,0.0,56.0,3.0,ML,,,,2.2,0.1,3
967308,1996-04-29T19:16:25Z,-40.84,0.0,174.88,0.0,47.0,4.0,ML,,,,2.6,0.2,9
967309,1996-04-29T19:23:36Z,-39.5,0.0,175.58,0.0,24.0,4.0,ML,,,,2.3,0.1,5
965974,1996-04-29T20:05:08Z,-38.91,0.0,175.13,0.0,238.0,5.0,ML,,,,4.0,0.2,18
966526,1996-04-29T21:19:33Z,-39.83,0.0,173.87,0.0,138.0,4.0,ML,,,,2.9,0.2,4
967481,1996-04-29T21:32:39Z,-44.45,0.0,168.28,0.0,5.0,0.0,ML,,,,2.9,0.4,7
965980,1996-04-29T22:09:38Z,-38.71,0.1,178.59,0.1,28.0,4.0,ML,,,,3.5,0.3,4
984916,1996-04-29T22:24:16Z,-39.28,0.0,175.56,0.0,0.0,0.0,ML,,,,1.0,0.1,3
984917,1996-04-30T00:17:00Z,-39.28,0.0,175.56,0.0,0.0,0.0,ML,,,,0.5,nan,1
965982,1996-04-30T00:22:12Z,-36.81,0.0,179.31,0.0,12.0,0.0,ML,,,,3.2,0.4,3
965983,1996-04-30T00:25:55Z,-45.2,0.1,167.21,0.1,90.0,5.0,ML,,,,3.0,0.3,4
978979,1996-04-30T00:38:12Z,-39.28,0.0,175.56,0.0,0.0,0.0,ML,,,,1.0,0.0,2
968317,1996-04-30T02:11:01Z,-40.06,0.0,176.32,0.0,24.0,3.0,ML,,,,3.0,0.2,8
967482,1996-04-30T02:15:11Z,-44.86,0.0,169.74,0.0,12.0,0.0,ML,,,,2.3,0.2,6
965989,1996-04-30T03:46:24Z,-38.32,0.0,176.31,0.0,5.0,0.0,ML,,,,2.8,0.2,5
986891,1996-04-30T03:46:48Z,-39.28,0.0,175.56,0.0,0.0,0.0,ML,,,,0.4,0.0,2
978832,1996-04-30T04:48:09Z,-39.28,0.0,175.56,0.0,0.0,0.0,ML,,,,0.6,0.1,2
984408,1996-04-30T04:58:18Z,-40.01,0.0,176.71,0.0,49.0,4.0,ML,,,,2.7,0.1,3
978950,1996-04-30T06:07:49Z,-43.43,0.0,170.95,0.0,5.0,0.0,ML,,,,2.6,0.2,4
984920,1996-04-30T06:26:58Z,-39.28,0.0,175.56,0.0,0.0,0.0,ML,,,,0.6,nan,1
984921,1996-04-30T07:06:49Z,-39.28,0.0,175.56,0.0,0.0,0.0,ML,,,,0.5,nan,1
967487,1996-04-30T07:17:27Z,-38.91,0.0,178.1,0.0,46.0,5.0,ML,,,,3.3,0.2,4
979555,1996-04-30T07:39:51Z,-39.28,0.0,175.56,0.0,0.0,0.0,ML,,,,0.2,nan,1
967330,1996-04-30T08:18:46Z,-40.05,0.0,174.9,0.0,48.0,3.0,ML,,,,2.7,0.2,7
984924,1996-04-30T10:07:19Z,-39.28,0.0,175.56,0.0,0.0,0.0,ML,,,,0.3,nan,1
967331,1996-04-30T10:40:21Z,-39.28,0.0,175.56,0.0,0.0,0.0,ML,,,,0.7,nan,1
967332,1996-04-30T12:15:35Z,-40.41,0.0,174.88,0.0,5.0,0.0,ML,,,,1.7,0.1,5
967493,1996-04-30T12:25:56Z,-38.14,0.1,175.68,0.2,132.0,17.0,ML,,,,3.3,0.2,4
967333,1996-04-30T12:56:30Z,-41.08,0.0,174.86,0.0,29.0,1.0,ML,,,,1.8,0.1,3
967485,1996-04-30T13:00:40Z,-45.11,0.0,168.99,0.0,12.0,0.0,ML,,,,1.5,0.0,2
967335,1996-04-30T13:21:07Z,-40.03,0.0,174.91,0.0,46.0,2.0,ML,,,,2.3,0.0,5
986893,1996-04-30T13:21:43Z,-41.01,0.0,175.63,0.0,26.0,1.0,ML,,,,2.1,0.1,7
984926,1996-04-30T14:21:14Z,-39.28,0.0,175.56,0.0,0.0,0.0,ML,,,,0.3,nan,1
967336,1996-04-30T15:09:40Z,-37.7,0.0,176.42,0.0,182.0,3.0,ML,,,,3.8,0.2,12
968320,1996-04-30T16:08:29Z,-40.38,0.0,176.39,0.0,34.0,2.0,ML,,,,3.1,0.1,3
979560,1996-04-30T16:45:37Z,-39.28,0.0,175.56,0.0,0.0,0.0,ML,,,,0.8,nan,1
967499,1996-04-30T16:59:54Z,-36.09,0.0,177.59,0.1,212.0,6.0,ML,,,,3.7,0.2,4
967339,1996-04-30T17:20:38Z,-37.59,0.1,176.09,0.1,190.0,6.0,ML,,,,3.6,0.3,8
967500,1996-04-30T17:49:08Z,-37.94,0.0,177.15,0.0,85.0,0.0,ML,,,,2.6,0.2,3
966538,1996-04-30T18:47:58Z,-39.3,0.0,175.01,0.0,141.0,3.0,ML,,,,4.5,0.3,21
984928,1996-04-30T19:15:32Z,-39.28,0.0,175.56,0.0,0.0,0.0,ML,,,,0.7,0.1,2
967341,1996-04-30T20:10:35Z,-41.12,0.0,174.76,0.0,31.0,0.0,ML,,,,2.4,0.2,10
967502,1996-04-30T21:16:56Z,-38.05,0.0,178.07,0.0,12.0,0.0,ML,,,,2.8,0.2,4
984929,1996-04-30T22:47:11Z,-39.28,0.0,175.56,0.0,0.0,0.0,ML,,,,0.8,0.0,2
967511,1996-05-01T00:32:53Z,-44.03,0.0,169.08,0.1,5.0,0.0,ML,,,,2.2,0.1,3
982681,1996-05-01T01:13:04Z,-46.72,0.0,166.29,0.0,33.0,0.0,ML,,,,2.8,0.3,3
987651,1996-05-01T01:15:54Z,-39.28,0.0,175.56,0.0,0.0,0.0,ML,,,,0.6,nan,1
984896,1996-05-01T01:44:07Z,-39.28,0.0,175.56,0.0,0.0,0.0,ML,,,,0.8,nan,1
968322,1996-05-01T02:11:34Z,-40.37,0.0,176.84,0.0,46.0,5.0,ML,,,,2.9,0.1,4
979328,1996-05-01T02:32:51Z,-39.65,0.0,176.71,0.0,50.0,4.0,ML,,,,2.6,0.2,3
967518,1996-05-01T04:38:13Z,-40.52,0.0,175.9,0.0,50.0,3.0,ML,,,,2.8,0.1,3
966546,1996-05-01T04:40:37Z,-40.44,0.0,176.85,0.0,48.0,3.0,ML,,,,4.4,0.3,20
967350,1996-05-01T05:58:33Z,-41.16,0.0,174.62,0.0,32.0,1.0,ML,,,,2.2,0.1,5
987653,1996-05-01T06:00:54Z,-40.6,0.1,175.91,0.0,34.0,6.0,ML,,,,2.3,nan,1
967521,1996-05-01T06:03:48Z,-40.32,0.0,176.65,0.0,12.0,0.0,ML,,,,3.1,0.1,8
966547,1996-05-01T07:11:09Z,-41.35,0.0,172.44,0.1,5.0,0.0,ML,,,,3.6,0.3,15
967354,1996-05-01T08:49:48Z,-41.26,0.0,174.43,0.0,18.0,1.0,ML,,,,1.4,nan,1
967356,1996-05-01T09:27:33Z,-40.79,0.0,176.28,0.0,30.0,1.0,ML,,,,1.7,nan,1
967534,1996-05-01T09:52:39Z,-37.19,0.1,176.79,0.1,324.0,5.0,ML,,,,4.9,0.2,4
967535,1996-05-01T10:12:08Z,-42.96,0.0,171.62,0.0,12.0,0.0,ML,,,,2.5,0.1,2
984679,1996-05-01T10:47:46Z,-39.58,0.0,175.51,0.0,12.0,0.0,ML,,,,2.5,0.2,4
968324,1996-05-01T11:16:06Z,-40.37,0.0,176.87,0.0,41.0,3.0,ML,,,,3.0,0.1,3
978836,1996-05-01T11:20:34Z,-45.1,0.0,167.26,0.0,12.0,0.0,ML,,,,2.3,0.0,2
966551,1996-05-01T12:45:34Z,-45.85,0.0,167.06,0.1,84.0,4.0,ML,,,,2.2,0.6,2
966552,1996-05-01T14:09:39Z,-41.18,0.0,174.68,0.0,37.0,1.0,ML,,,,3.0,0.2,12
966553,1996-05-01T14:31:30Z,-39.92,0.0,174.41,0.0,119.0,4.0,ML,,,,3.7,0.2,11
967545,1996-05-01T14:37:50Z,-39.28,0.0,175.56,0.0,0.0,0.0,ML,,,,0.3,nan,1
984933,1996-05-01T15:39:56Z,-39.13,0.0,175.67,0.0,5.0,0.0,ML,,,,1.5,0.1,3
966555,1996-05-01T15:58:25Z,-41.23,0.0,172.63,0.0,209.0,3.0,ML,,,,3.3,0.2,8
967552,1996-05-01T17:30:32Z,-41.11,0.0,175.98,0.0,12.0,0.0,ML,,,,2.5,nan,1
966557,1996-05-01T17:41:53Z,-42.98,0.0,171.58,0.0,12.0,0.0,ML,,,,3.2,0.3,6
967364,1996-05-01T18:54:37Z,-40.44,0.0,176.91,0.0,34.0,5.0,ML,,,,3.5,0.2,16
967559,1996-05-01T19:03:50Z,-37.5,0.0,179.41,0.0,12.0,0.0,ML,,,,4.0,0.2,6
967486,1996-05-01T21:36:01Z,-44.25,0.0,168.62,0.0,5.0,0.0,ML,,,,2.8,0.2,3
966559,1996-05-01T21:55:22Z,-38.21,0.0,176.2,0.0,149.0,3.0,ML,,,,3.6,0.3,8
978837,1996-05-02T00:49:43Z,-45.38,0.0,167.2,0.0,100.0,3.0,ML,,,,2.8,0.3,4
967370,1996-05-02T02:20:46Z,-40.77,0.0,174.7,0.0,36.0,2.0,ML,,,,2.2,0.2,6
966563,1996-05-02T06:54:17Z,-40.51,0.0,174.43,0.0,85.0,4.0,ML,,,,3.6,0.3,16
967372,1996-05-02T07:26:43Z,-40.85,0.0,174.72,0.0,15.0,2.0,ML,,,,2.0,0.2,5
967373,1996-05-02T08:07:47Z,-37.65,0.1,177.06,0.0,143.0,3.0,ML,,,,3.5,0.1,10
982684,1996-05-02T09:00:53Z,-45.13,0.1,167.59,0.1,89.0,6.0,ML,,,,2.6,0.3,3
984934,1996-05-02T10:00:09Z,-39.28,0.0,175.56,0.0,0.0,0.0,ML,,,,0.9,0.1,3
967579,1996-05-02T10:10:02Z,-38.28,0.0,178.41,0.0,12.0,0.0,ML,,,,2.3,0.1,3
984935,1996-05-02T10:13:18Z,-39.28,0.0,175.56,0.0,0.0,0.0,ML,,,,0.6,nan,1
984936,1996-05-02T11:33:44Z,-39.28,0.0,175.56,0.0,0.0,0.0,ML,,,,1.0,0.1,3
967376,1996-05-02T11:36:14Z,-40.8,0.0,176.26,0.0,24.0,3.0,ML,,,,2.6,0.2,10
967377,1996-05-02T12:23:59Z,-41.29,0.0,175.01,0.0,27.0,1.0,ML,,,,2.6,0.2,11
966564,1996-05-02T12:37:12Z,-39.54,0.0,175.32,0.0,12.0,0.0,ML,,,,2.8,0.3,11
984570,1996-05-02T12:58:30Z,-42.6,0.0,172.77,0.0,12.0,0.0,ML,,,,2.3,0.3,3
967378,1996-05-02T13:21:56Z,-41.29,0.0,175.31,0.0,28.0,1.0,ML,,,,2.3,0.1,9
984455,1996-05-02T14:21:52Z,-39.79,0.0,176.76,0.0,33.0,0.0,ML,,,,2.2,0.1,2
967589,1996-05-02T14:44:26Z,-37.99,0.0,179.36,0.0,12.0,0.0,ML,,,,2.8,0.2,3
988681,1996-05-02T14:45:41Z,-37.99,0.0,179.4,0.0,12.0,0.0,ML,,,,2.5,0.2,2
966566,1996-05-02T14:53:11Z,-40.49,0.0,175.95,0.0,54.0,2.0,ML,,,,3.0,0.3,10
979342,1996-05-02T15:14:49Z,-43.59,0.0,170.67,0.0,11.0,2.0,ML,,,,2.7,0.3,4
967383,1996-05-02T16:02:30Z,-40.52,0.0,174.78,0.0,12.0,0.0,ML,,,,2.4,0.2,8
984456,1996-05-02T16:07:44Z,-39.78,0.0,177.33,0.1,33.0,0.0,ML,,,,2.7,0.0,2
967384,1996-05-02T16:20:47Z,-41.12,0.0,174.74,0.0,32.0,0.0,ML,,,,1.4,0.1,3
966571,1996-05-02T18:50:38Z,-38.68,0.0,177.42,0.0,67.0,5.0,ML,,,,3.9,0.2,18
967385,1996-05-02T19:06:55Z,-36.92,0.1,176.58,0.1,202.0,6.0,ML,,,,3.7,0.2,12
967386,1996-05-02T20:09:27Z,-41.18,0.0,174.6,0.0,54.0,2.0,ML,,,,2.4,0.2,8
967387,1996-05-02T20:36:37Z,-38.1,0.1,175.55,0.1,139.0,15.0,ML,,,,3.6,0.5,10
967388,1996-05-02T21:10:41Z,-39.93,0.0,174.27,0.0,208.0,4.0,ML,,,,3.1,0.2,5
967390,1996-05-02T21:58:57Z,-41.65,0.0,174.62,0.0,30.0,3.0,ML,,,,2.1,0.1,5
979345,1996-05-02T22:22:09Z,-39.67,0.0,176.49,0.0,38.0,1.0,ML,,,,2.5,0.0,2
984472,1996-05-02T22:23:27Z,-39.61,0.0,176.57,0.0,33.0,1.0,ML,,,,2.7,0.2,3
966572,1996-05-02T23:15:43Z,-41.59,0.0,174.33,0.0,27.0,1.0,ML,,,,2.5,0.2,13
967393,1996-05-03T01:10:05Z,-40.72,0.0,174.81,0.0,36.0,1.0,ML,,,,2.5,0.2,7
984939,1996-05-03T02:17:52Z,-39.28,0.0,175.56,0.0,0.0,0.0,ML,,,,0.9,nan,1
978839,1996-05-03T02:26:00Z,-45.17,0.0,167.34,0.0,5.0,0.0,ML,,,,2.0,0.1,2
984602,1996-05-03T03:03:33Z,-39.28,0.0,175.56,0.0,0.0,0.0,ML,,,,0.7,nan,1
966576,1996-05-03T04:37:46Z,-37.45,0.0,177.82,0.0,60.0,2.0,ML,,,,4.2,0.2,18
984490,1996-05-03T04:50:07Z,-39.93,0.0,176.69,0.0,47.0,2.0,ML,,,,2.5,0.1,4
967395,1996-05-03T07:16:24Z,-40.52,0.0,174.98,0.0,30.0,1.0,ML,,,,2.3,0.2,4
984364,1996-05-03T07:56:18Z,-42.94,0.0,171.85,0.0,12.0,0.0,ML,,,,2.4,0.0,2
978842,1996-05-03T09:15:27Z,-41.92,0.0,173.34,0.1,12.0,0.0,ML,,,,2.6,0.1,2
966583,1996-05-03T10:04:57Z,-42.95,0.0,171.83,0.0,12.0,0.0,ML,,,,3.3,0.2,6
966584,1996-05-03T10:12:34Z,-43.04,0.0,171.31,0.0,12.0,0.0,ML,,,,3.2,0.3,7
984366,1996-05-03T10:30:05Z,-43.04,0.0,171.34,0.0,5.0,0.0,ML,,,,2.0,0.1,3
966586,1996-05-03T11:07:57Z,-42.94,0.0,171.84,0.0,5.0,0.0,ML,,,,2.8,0.4,6
978843,1996-05-03T11:20:27Z,-45.17,0.0,166.83,0.0,12.0,0.0,ML,,,,2.2,0.2,2
966587,1996-05-03T11:35:13Z,-38.39,0.1,175.51,0.1,261.0,12.0,ML,,,,3.9,0.2,14
978800,1996-05-03T11:59:32Z,-40.6,0.0,175.94,0.0,58.0,3.0,ML,,,,3.2,0.0,1
967620,1996-05-03T12:48:35Z,-38.33,0.0,176.61,0.0,59.0,6.0,ML,,,,3.1,0.2,7
966588,1996-05-03T14:02:21Z,-37.14,0.1,176.67,0.1,224.0,6.0,ML,,,,3.9,0.3,18
978844,1996-05-03T14:47:51Z,-45.26,0.0,166.74,0.0,21.0,0.0,ML,,,,1.9,0.3,2
966589,1996-05-03T16:25:24Z,-39.27,0.0,174.98,0.0,139.0,3.0,ML,,,,3.6,0.2,17
979401,1996-05-03T16:34:48Z,-43.67,0.0,170.74,0.1,5.0,0.0,ML,,,,2.4,0.3,3
984940,1996-05-03T16:44:43Z,-39.28,0.0,175.56,0.0,0.0,0.0,ML,,,,0.7,0.1,2
984941,1996-05-03T17:31:12Z,-39.28,0.0,175.56,0.0,0.0,0.0,ML,,,,0.6,0.0,2
967398,1996-05-03T17:33:32Z,-36.56,0.0,178.32,0.1,109.0,13.0,ML,,,,3.9,0.2,5
967400,1996-05-03T18:04:17Z,-41.48,0.0,174.65,0.0,51.0,1.0,ML,,,,2.2,0.2,9
979412,1996-05-03T19:03:36Z,-39.28,0.0,175.56,0.0,0.0,0.0,ML,,,,0.7,0.1,2
979413,1996-05-03T19:42:36Z,-39.28,0.0,175.56,0.0,0.0,0.0,ML,,,,0.7,0.1,2
967402,1996-05-03T21:30:15Z,-41.62,0.0,174.01,0.0,12.0,0.0,ML,,,,1.9,0.2,5
966596,1996-05-03T22:13:20Z,-41.46,0.0,173.11,0.0,83.0,4.0,ML,,,,2.5,0.2,7
984945,1996-05-03T22:35:46Z,-39.28,0.0,175.56,0.0,0.0,0.0,ML,,,,0.5,0.1,2
979428,1996-05-03T22:53:54Z,-39.07,0.0,174.95,0.0,32.0,1.0,ML,,,,2.2,0.2,4
984949,1996-05-03T23:25:47Z,-39.28,0.0,175.56,0.0,0.0,0.0,ML,,,,1.0,nan,1
966597,1996-05-04T00:08:37Z,-38.2,0.0,176.27,0.0,143.0,2.0,ML,,,,4.2,0.2,22
966600,1996-05-04T02:29:33Z,-41.23,0.0,172.8,0.1,12.0,0.0,ML,,,,2.0,0.0,3
966601,1996-05-04T03:02:19Z,-39.28,0.0,175.56,0.0,0.0,0.0,ML,,,,0.8,0.1,3
984952,1996-05-04T03:44:10Z,-39.28,0.0,175.56,0.0,0.0,0.0,ML,,,,0.5,0.0,2
967643,1996-05-04T03:49:48Z,-37.62,0.0,178.08,0.0,78.0,2.0,ML,,,,3.4,0.1,4
984495,1996-05-04T03:53:45Z,-39.33,0.0,175.92,0.0,12.0,0.0,ML,,,,1.6,0.1,3
990236,1996-05-04T03:54:42Z,-39.78,0.0,176.26,0.0,32.0,3.0,ML,,,,2.6,0.1,3
967644,1996-05-04T04:34:11Z,-46.6,0.0,168.13,0.0,12.0,0.0,ML,,,,2.4,0.4,3
984497,1996-05-04T04:43:35Z,-39.59,0.0,176.91,0.0,5.0,0.0,ML,,,,2.5,0.2,5
967645,1996-05-04T04:59:35Z,-38.37,0.0,178.93,0.0,19.0,3.0,ML,,,,3.3,0.1,4
979437,1996-05-04T08:15:29Z,-39.28,0.0,175.56,0.0,0.0,0.0,ML,,,,0.7,0.1,2
967407,1996-05-04T08:21:44Z,-41.12,0.0,174.98,0.0,27.0,1.0,ML,,,,2.0,0.2,9
966604,1996-05-04T08:36:37Z,-41.4,0.0,173.84,0.0,51.0,5.0,ML,,,,2.4,0.2,4
979442,1996-05-04T09:47:42Z,-39.28,0.0,175.56,0.0,0.0,0.0,ML,,,,0.7,0.0,2
990237,1996-05-04T09:50:36Z,-40.74,0.0,175.89,0.0,31.0,1.0,ML,,,,2.2,0.0,3
979443,1996-05-04T09:53:09Z,-42.94,0.0,171.91,0.0,12.0,0.0,ML,,,,2.7,0.2,4
978846,1996-05-04T10:26:41Z,-45.23,0.0,166.78,0.1,12.0,0.0,ML,,,,2.4,nan,2
966606,1996-05-04T11:36:06Z,-40.86,0.0,174.56,0.0,67.0,2.0,ML,,,,2.7,0.1,11
984953,1996-05-04T11:39:13Z,-39.46,0.0,175.62,0.0,12.0,0.0,ML,,,,1.4,0.2,3
967410,1996-05-04T12:12:04Z,-38.46,0.0,174.48,0.0,5.0,0.0,ML,,,,2.8,0.3,7
990238,1996-05-04T12:12:22Z,-41.18,0.0,174.62,0.0,56.0,1.0,ML,,,,2.3,0.2,6
984954,1996-05-04T12:16:41Z,-39.28,0.0,175.56,0.0,0.0,0.0,ML,,,,0.5,0.1,2
967655,1996-05-04T12:25:37Z,-43.31,0.0,170.76,0.0,5.0,0.0,ML,,,,2.4,0.4,3
966607,1996-05-04T12:37:14Z,-43.17,0.0,171.67,0.0,5.0,0.0,ML,,,,3.5,0.2,10
967411,1996-05-04T12:41:33Z,-39.28,0.0,175.54,0.0,0.0,0.0,ML,,,,0.6,0.1,2
984499,1996-05-04T13:57:09Z,-39.67,0.0,176.81,0.0,34.0,3.0,ML,,,,2.2,0.2,3
967656,1996-05-04T14:36:04Z,-38.52,0.0,178.12,0.1,33.0,0.0,ML,,,,3.1,0.4,3
978848,1996-05-04T15:40:44Z,-45.5,0.0,167.08,0.0,65.0,2.0,ML,,,,3.5,0.3,7
966608,1996-05-04T15:46:40Z,-41.63,0.0,174.35,0.0,21.0,2.0,ML,,,,2.8,0.2,14
978849,1996-05-04T16:01:38Z,-45.06,0.0,166.43,0.0,5.0,0.0,ML,,,,2.3,nan,1
984956,1996-05-04T16:14:03Z,-39.52,0.0,175.6,0.0,12.0,0.0,ML,,,,1.6,0.2,3
990240,1996-05-04T16:14:28Z,-39.28,0.0,175.56,0.0,0.0,0.0,ML,,,,0.3,0.0,2
967414,1996-05-04T16:19:43Z,-43.1,0.0,171.34,0.0,5.0,0.0,ML,,,,2.4,0.4,4
990241,1996-05-04T16:20:48Z,-41.54,0.0,174.31,0.0,34.0,2.0,ML,,,,2.1,0.1,3
978850,1996-05-04T16:22:55Z,-39.52,0.0,175.61,0.0,12.0,0.0,ML,,,,1.5,0.1,3
984500,1996-05-04T16:48:43Z,-40.06,0.0,176.51,0.0,33.0,0.0,ML,,,,2.6,0.3,6
966609,1996-05-04T17:23:06Z,-42.94,0.0,171.93,0.0,12.0,0.0,ML,,,,3.1,0.2,10
966611,1996-05-04T18:30:26Z,-39.62,0.0,174.57,0.0,134.0,4.0,ML,,,,3.1,0.2,11
966612,1996-05-04T18:57:03Z,-36.92,0.0,177.5,0.0,157.0,6.0,ML,,,,4.3,0.2,21
966613,1996-05-04T19:06:54Z,-39.12,0.2,174.68,0.1,208.0,13.0,ML,,,,3.2,0.3,6
984958,1996-05-04T19:20:13Z,-39.28,0.0,175.56,0.0,0.0,0.0,ML,,,,0.5,0.0,2
978853,1996-05-04T21:22:37Z,-45.67,0.0,166.94,0.0,82.0,3.0,ML,,,,2.7,0.4,4
966614,1996-05-04T22:27:09Z,-41.63,0.0,174.31,0.0,9.0,2.0,ML,,,,2.7,0.2,16
966615,1996-05-04T22:57:17Z,-44.95,0.0,167.58,0.0,79.0,2.0,ML,,,,3.4,0.2,8
966617,1996-05-04T23:07:34Z,-41.46,0.0,174.34,0.0,5.0,0.0,ML,,,,2.2,0.2,13
979454,1996-05-04T23:44:09Z,-45.06,0.0,170.33,0.0,12.0,0.0,ML,,,,2.3,0.2,3
966618,1996-05-05T00:13:25Z,-36.57,0.0,177.6,0.0,234.0,3.0,ML,,,,5.4,0.2,4
978855,1996-05-05T00:30:37Z,-45.49,0.0,167.13,0.0,97.0,3.0,ML,,,,2.9,0.2,5
990243,1996-05-05T00:37:33Z,-40.96,0.0,175.61,0.0,25.0,2.0,ML,,,,2.3,0.2,9
966619,1996-05-05T00:47:52Z,-44.22,0.0,168.12,0.0,5.0,0.0,ML,,,,3.1,0.3,6
984505,1996-05-05T01:11:29Z,-39.71,0.0,177.14,0.0,12.0,0.0,ML,,,,2.5,0.1,3
967423,1996-05-05T01:36:19Z,-37.88,0.0,176.5,0.1,242.0,3.0,ML,,,,3.8,0.3,7
967424,1996-05-05T02:35:35Z,-41.15,0.0,174.65,0.0,32.0,0.0,ML,,,,2.0,0.2,6
984699,1996-05-05T03:56:09Z,-39.03,0.0,175.62,0.0,5.0,0.0,ML,,,,1.3,0.1,5
966622,1996-05-05T04:23:39Z,-41.02,0.0,174.53,0.0,62.0,1.0,ML,,,,3.3,0.2,13
978858,1996-05-05T04:31:56Z,-45.15,0.0,166.92,0.1,5.0,0.0,ML,,,,2.9,0.2,6
967428,1996-05-05T05:27:27Z,-38.04,0.0,176.45,0.0,154.0,4.0,ML,,,,3.8,0.2,19
967430,1996-05-05T05:48:46Z,-39.94,0.0,175.31,0.0,19.0,4.0,ML,,,,2.4,0.2,5
967677,1996-05-05T05:58:49Z,-38.64,0.0,176.21,0.0,86.0,4.0,ML,,,,3.4,0.3,6
966623,1996-05-05T06:32:10Z,-42.99,0.0,171.57,0.0,12.0,0.0,ML,,,,2.9,0.5,6
967432,1996-05-05T06:38:51Z,-40.99,0.0,174.6,0.0,58.0,2.0,ML,,,,2.4,0.2,7
967440,1996-05-05T08:27:50Z,-36.89,0.1,176.71,0.1,224.0,6.0,ML,,,,3.4,0.1,5
967441,1996-05-05T08:32:50Z,-45.22,0.0,166.98,0.1,12.0,0.0,ML,,,,2.9,0.3,5
967443,1996-05-05T08:52:44Z,-39.76,0.0,176.96,0.0,38.0,6.0,ML,,,,2.9,0.3,2
978861,1996-05-05T09:26:12Z,-45.75,0.0,167.3,0.0,20.0,0.0,ML,,,,2.2,0.3,2
978863,1996-05-05T09:54:13Z,-45.63,0.0,167.27,0.0,12.0,0.0,ML,,,,2.8,0.1,2
967683,1996-05-05T11:06:45Z,-39.42,0.0,177.13,0.0,27.0,2.0,ML,,,,2.9,0.2,4
984506,1996-05-05T11:09:25Z,-39.37,0.0,177.27,0.0,28.0,1.0,ML,,,,2.8,0.2,3
984960,1996-05-05T11:25:56Z,-39.28,0.0,175.56,0.0,0.0,0.0,ML,,,,0.5,0.1,2
967690,1996-05-05T12:56:09Z,-46.36,0.0,166.54,0.1,12.0,0.0,ML,,,,2.4,0.3,3
967448,1996-05-05T12:59:54Z,-45.33,0.0,167.49,0.0,5.0,0.0,ML,,,,2.6,0.2,3
984961,1996-05-05T15:01:57Z,-39.28,0.0,175.56,0.0,0.0,0.0,ML,,,,0.9,0.0,2
966632,1996-05-05T16:07:14Z,-41.08,0.0,173.05,0.0,122.0,3.0,ML,,,,2.8,0.3,2
967454,1996-05-05T16:27:18Z,-41.41,0.0,174.64,0.0,19.0,3.0,ML,,,,1.9,0.1,4
967694,1996-05-05T16:58:10Z,-38.12,0.0,178.82,0.0,30.0,2.0,ML,,,,2.6,0.3,3
967695,1996-05-05T17:05:38Z,-38.57,0.1,176.27,0.1,190.0,6.0,ML,,,,3.4,0.2,4
990246,1996-05-05T17:10:53Z,-40.91,0.0,173.15,0.0,130.0,4.0,ML,,,,2.5,0.2,7
966633,1996-05-05T17:11:13Z,-41.85,0.0,173.69,0.1,47.0,5.0,ML,,,,2.1,0.2,5
990245,1996-05-05T17:11:54Z,-39.83,0.0,176.86,0.0,42.0,2.0,ML,,,,3.2,0.1,7
966634,1996-05-05T17:40:29Z,-42.94,0.0,171.92,0.0,12.0,0.0,ML,,,,3.4,0.2,12
966635,1996-05-05T17:50:02Z,-42.94,0.0,171.92,0.0,12.0,0.0,ML,,,,2.9,0.1,5
966636,1996-05-05T18:49:01Z,-40.6,0.0,174.19,0.0,66.0,6.0,ML,,,,2.3,0.1,4
967698,1996-05-05T19:02:45Z,-38.03,0.0,176.74,0.0,5.0,0.0,ML,,,,2.3,0.1,5
966637,1996-05-05T19:17:38Z,-42.97,0.0,171.92,0.0,12.0,0.0,ML,,,,2.9,0.3,5
966638,1996-05-05T19:29:24Z,-37.11,0.1,176.93,0.0,233.0,5.0,ML,,,,4.3,0.2,20
967710,1996-05-05T23:17:38Z,-39.75,0.0,176.85,0.0,29.0,2.0,ML,,,,2.9,0.2,8
967711,1996-05-05T23:45:41Z,-37.38,0.2,176.17,0.2,197.0,14.0,ML,,,,3.3,0.2,3
967456,1996-05-06T00:36:12Z,-40.67,0.0,174.95,0.0,5.0,0.0,ML,,,,2.0,0.2,8
967716,1996-05-06T02:04:35Z,-38.05,0.0,176.73,0.0,5.0,0.0,ML,,,,2.5,0.2,5
990247,1996-05-06T02:04:52Z,-38.05,0.0,176.73,0.0,5.0,0.0,ML,,,,2.6,0.1,5
984589,1996-05-06T03:01:29Z,-39.14,0.0,174.62,0.0,5.0,0.0,ML,,,,2.2,0.3,4
967469,1996-05-06T04:39:31Z,-37.63,0.0,177.04,0.0,139.0,2.0,ML,,,,4.0,0.2,17
966641,1996-05-06T05:05:44Z,-40.54,0.1,173.65,0.0,98.0,5.0,ML,,,,2.4,0.2,6
984963,1996-05-06T06:01:14Z,-39.28,0.0,175.56,0.0,0.0,0.0,ML,,,,0.4,0.0,2
990250,1996-05-06T07:18:10Z,-39.28,0.0,175.56,0.0,0.0,0.0,ML,,,,0.5,0.1,3
984393,1996-05-06T07:18:49Z,-43.05,0.0,171.38,0.0,5.0,0.0,ML,,,,2.3,0.4,4
984536,1996-05-06T08:41:07Z,-40.02,0.0,176.76,0.0,37.0,3.0,ML,,,,2.1,0.1,2
967730,1996-05-06T09:08:49Z,-39.15,0.0,175.4,0.0,12.0,0.0,ML,,,,1.7,0.2,4
984964,1996-05-06T09:11:44Z,-39.28,0.0,175.56,0.0,0.0,0.0,ML,,,,0.4,0.0,2
967731,1996-05-06T09:17:05Z,-39.72,0.0,176.46,0.0,32.0,2.0,ML,,,,3.4,0.2,18
967732,1996-05-06T09:22:16Z,-39.53,0.0,175.43,0.0,64.0,3.0,ML,,,,1.9,1.4,3
990251,1996-05-06T09:35:57Z,-38.62,0.0,178.22,0.0,40.0,2.0,ML,,,,2.8,0.1,3
966643,1996-05-06T09:36:40Z,-44.89,0.0,167.42,0.0,5.0,0.0,ML,,,,2.5,0.2,5
978804,1996-05-06T09:51:19Z,-39.72,0.0,176.43,0.0,32.0,2.0,ML,,,,2.8,0.4,11
966646,1996-05-06T11:24:46Z,-39.93,0.0,174.37,0.0,95.0,4.0,ML,,,,3.2,0.3,15
966650,1996-05-06T12:24:10Z,-43.04,0.0,171.37,0.0,5.0,0.0,ML,,,,2.9,0.2,6
967738,1996-05-06T12:36:16Z,-37.96,0.0,178.05,0.0,43.0,5.0,ML,,,,3.0,0.2,4
967740,1996-05-06T12:51:12Z,-39.2,0.0,173.89,0.0,21.0,3.0,ML,,,,1.3,0.1,2
984657,1996-05-06T13:43:35Z,-44.5,0.0,168.24,0.0,5.0,0.0,ML,,,,2.0,0.3,2
966651,1996-05-06T14:04:48Z,-43.1,0.0,171.4,0.0,5.0,0.0,ML,,,,3.2,0.3,7
967747,1996-05-06T14:13:52Z,-40.39,0.0,176.2,0.0,16.0,4.0,ML,,,,2.4,0.2,3
966654,1996-05-06T14:41:25Z,-45.26,0.0,167.35,0.0,81.0,6.0,ML,,,,2.8,0.3,6
978805,1996-05-06T15:03:10Z,-39.84,0.0,175.18,0.0,67.0,3.0,ML,,,,2.5,nan,1
967749,1996-05-06T15:43:14Z,-39.28,0.0,175.56,0.0,0.0,0.0,ML,,,,0.5,0.1,3
984537,1996-05-06T16:14:06Z,-39.58,0.0,176.78,0.0,24.0,2.0,ML,,,,2.4,0.1,6
966655,1996-05-06T17:46:02Z,-41.05,0.0,174.92,0.0,57.0,2.0,ML,,,,3.6,0.2,19
984968,1996-05-06T18:14:12Z,-38.67,0.0,175.94,0.0,12.0,0.0,ML,,,,1.6,0.0,3
967754,1996-05-06T18:21:38Z,-39.5,0.0,175.63,0.0,14.0,2.0,ML,,,,2.8,0.2,11
984622,1996-05-06T18:30:44Z,-45.01,0.0,167.54,0.0,77.0,3.0,ML,,,,2.6,0.3,4
967757,1996-05-06T18:38:29Z,-37.03,0.0,179.67,0.0,12.0,0.0,ML,,,,3.1,0.3,3
983543,1996-05-06T19:16:23Z,-41.11,0.0,174.41,0.0,68.0,1.0,ML,,,,1.9,0.1,5
984783,1996-05-06T19:21:59Z,-39.28,0.0,175.56,0.0,0.0,0.0,ML,,,,0.7,0.1,3
984707,1996-05-06T20:59:05Z,-39.23,0.0,175.4,0.0,14.0,1.0,ML,,,,1.6,0.2,3
990252,1996-05-06T21:41:59Z,-40.22,0.0,174.32,0.0,76.0,4.0,ML,,,,2.5,0.4,3
984556,1996-05-06T23:32:28Z,-44.53,0.0,168.18,0.0,12.0,0.0,ML,,,,2.2,0.4,3
966662,1996-05-07T00:04:49Z,-39.66,0.0,174.3,0.1,217.0,5.0,ML,,,,3.9,0.3,14
966663,1996-05-07T00:45:42Z,-39.04,0.0,173.92,0.0,5.0,0.0,ML,,,,3.6,0.3,26
984708,1996-05-07T02:10:04Z,-39.08,0.0,173.99,0.0,5.0,0.0,ML,,,,3.0,0.3,8
966668,1996-05-07T04:27:30Z,-41.29,0.0,173.29,0.0,100.0,4.0,ML,,,,2.9,0.2,3
966669,1996-05-07T04:38:33Z,-38.8,0.0,175.99,0.0,94.0,3.0,ML,,,,3.9,0.3,20
990254,1996-05-07T05:52:38Z,-39.15,0.0,175.42,0.0,5.0,0.0,ML,,,,1.2,0.1,2
984711,1996-05-07T05:52:40Z,-39.16,0.0,175.39,0.0,5.0,0.0,ML,,,,1.9,0.2,4
990230,1996-05-07T06:10:15Z,-38.99,0.0,175.83,0.0,5.0,0.0,ML,,,,1.5,0.0,3
990231,1996-05-07T06:53:31Z,-39.28,0.0,175.56,0.0,0.0,0.0,ML,,,,0.6,0.1,3
990232,1996-05-07T07:50:55Z,-39.28,0.0,175.56,0.0,0.0,0.0,ML,,,,0.5,0.0,2
966672,1996-05-07T07:55:45Z,-40.86,0.0,175.81,0.0,28.0,1.0,ML,,,,3.8,0.2,32
990253,1996-05-07T07:57:36Z,-40.86,0.0,175.76,0.0,28.0,1.0,ML,,,,3.2,0.2,22
984820,1996-05-07T08:37:46Z,-39.2,0.0,173.88,0.0,21.0,2.0,ML,,,,1.6,0.1,2
990233,1996-05-07T10:34:51Z,-39.28,0.0,175.56,0.0,0.0,0.0,ML,,,,0.6,0.1,2
985508,1996-05-07T11:00:06Z,-39.28,0.0,175.56,0.0,0.0,0.0,ML,,,,0.9,0.0,2
966674,1996-05-07T11:19:29Z,-41.6,0.0,173.5,0.0,67.0,4.0,ML,,,,3.0,0.2,11
966675,1996-05-07T11:35:40Z,-38.59,0.0,175.66,0.0,171.0,5.0,ML,,,,3.4,0.2,3
966676,1996-05-07T11:39:34Z,-40.75,0.0,174.13,0.0,68.0,5.0,ML,,,,2.5,0.1,6
986527,1996-05-07T11:53:56Z,-39.28,0.0,175.56,0.0,0.0,0.0,ML,,,,0.5,0.0,3
984721,1996-05-07T12:43:13Z,-39.53,0.0,175.63,0.0,12.0,0.0,ML,,,,1.9,0.3,4
985517,1996-05-07T14:06:18Z,-38.58,0.0,175.87,0.0,195.0,3.0,ML,,,,3.3,nan,1
983919,1996-05-07T14:28:52Z,-37.01,0.1,177.33,0.1,174.0,5.0,ML,,,,3.8,0.2,16
990234,1996-05-07T15:07:14Z,-39.28,0.0,175.56,0.0,0.0,0.0,ML,,,,0.8,0.1,3
983560,1996-05-07T15:34:40Z,-39.19,0.0,173.87,0.0,21.0,2.0,ML,,,,1.6,0.1,2
966677,1996-05-07T15:55:16Z,-43.04,0.0,171.38,0.0,5.0,0.0,ML,,,,2.6,0.3,5
983926,1996-05-07T16:52:30Z,-39.28,0.0,175.56,0.0,0.0,0.0,ML,,,,0.7,0.0,2
985526,1996-05-07T18:07:44Z,-39.28,0.0,175.56,0.0,0.0,0.0,ML,,,,0.6,nan,1
983567,1996-05-07T18:11:32Z,-39.9,0.0,175.22,0.0,20.0,2.0,ML,,,,2.6,0.3,11
983568,1996-05-07T18:16:23Z,-40.58,0.0,174.61,0.0,12.0,0.0,ML,,,,2.3,0.1,6
985530,1996-05-07T19:35:57Z,-44.99,0.0,167.81,0.1,77.0,5.0,ML,,,,2.5,0.5,3
983571,1996-05-07T19:53:25Z,-40.5,0.0,174.46,0.0,81.0,3.0,ML,,,,2.6,0.3,3
984729,1996-05-07T21:52:17Z,-39.29,0.0,174.98,0.0,12.0,0.0,ML,,,,2.6,0.2,6
983590,1996-05-07T22:14:16Z,-39.28,0.0,175.56,0.0,0.0,0.0,ML,,,,0.7,nan,1
983608,1996-05-07T23:34:16Z,-39.49,0.0,175.04,0.0,137.0,3.0,ML,,,,3.2,0.3,6
983620,1996-05-08T00:43:14Z,-47.02,0.0,166.67,0.1,12.0,0.0,ML,,,,3.1,0.5,3
983636,1996-05-08T01:40:24Z,-39.67,0.0,175.49,0.0,12.0,0.0,ML,,,,2.5,0.3,4
986108,1996-05-08T01:52:02Z,-37.88,0.1,176.14,0.2,221.0,23.0,ML,,,,3.7,0.2,11
983642,1996-05-08T02:04:06Z,-40.55,0.0,174.86,0.0,12.0,0.0,ML,,,,3.1,0.4,10
983654,1996-05-08T02:19:42Z,-39.0,0.0,174.89,0.0,219.0,5.0,ML,,,,4.3,0.2,23
983661,1996-05-08T02:33:08Z,-37.77,0.0,176.12,0.0,176.0,2.0,ML,,,,3.5,0.1,5
983674,1996-05-08T02:59:37Z,-40.25,0.0,173.94,0.0,86.0,2.0,ML,,,,3.1,0.3,5
983684,1996-05-08T03:31:38Z,-40.95,0.0,174.09,0.0,42.0,3.0,ML,,,,2.2,0.1,4
983709,1996-05-08T04:58:01Z,-39.38,0.0,174.99,0.1,233.0,6.0,ML,,,,3.3,0.2,5
984730,1996-05-08T05:21:43Z,-39.18,0.1,174.46,0.0,12.0,0.0,ML,,,,2.7,0.3,2
983941,1996-05-08T06:18:11Z,-38.09,0.0,176.21,0.1,137.0,5.0,ML,,,,3.4,0.3,9
985666,1996-05-08T07:25:20Z,-46.21,0.0,166.39,0.1,12.0,0.0,ML,,,,3.3,0.2,3
983726,1996-05-08T10:34:41Z,-39.0,0.0,178.06,0.0,48.0,2.0,ML,,,,4.8,0.3,17
983727,1996-05-08T10:40:09Z,-39.06,0.0,178.1,0.0,54.0,5.0,ML,,,,3.7,0.2,12
983740,1996-05-08T14:25:11Z,-40.41,0.0,174.69,0.0,12.0,0.0,ML,,,,2.4,0.2,7
983741,1996-05-08T14:56:33Z,-41.78,0.1,173.19,0.1,149.0,3.0,ML,,,,2.6,0.3,2
983954,1996-05-08T15:18:02Z,-38.1,0.0,176.56,0.0,137.0,3.0,ML,,,,3.8,0.2,10
983744,1996-05-08T16:40:34Z,-37.97,0.1,178.22,0.0,59.0,5.0,ML,,,,2.2,0.2,3
983956,1996-05-08T17:00:23Z,-37.91,0.1,176.49,0.1,176.0,4.0,ML,,,,3.2,0.2,3
983749,1996-05-08T18:29:17Z,-40.21,0.0,174.76,0.0,19.0,4.0,ML,,,,2.8,0.3,15
983751,1996-05-08T18:58:32Z,-39.56,0.0,175.48,0.0,12.0,0.0,ML,,,,2.1,0.3,4
990256,1996-05-08T18:59:32Z,-40.34,0.0,174.05,0.0,12.0,0.0,ML,,,,3.0,0.2,11
983761,1996-05-08T20:02:08Z,-40.74,0.0,174.1,0.0,95.0,2.0,ML,,,,2.2,0.1,7
983764,1996-05-08T20:11:22Z,-40.51,0.0,174.66,0.0,20.0,2.0,ML,,,,2.8,0.2,16
983958,1996-05-08T20:58:16Z,-38.01,0.0,178.05,0.0,12.0,0.0,ML,,,,2.4,0.2,4
983776,1996-05-08T21:03:12Z,-41.58,0.0,172.97,0.0,79.0,3.0,ML,,,,2.9,0.2,9
983782,1996-05-08T21:47:19Z,-40.8,0.0,175.18,0.0,34.0,1.0,ML,,,,2.3,0.3,6
986536,1996-05-08T23:24:44Z,-39.28,0.0,175.56,0.0,0.0,0.0,ML,,,,0.3,0.2,2
985743,1996-05-08T23:54:06Z,-39.49,0.0,175.62,0.0,22.0,2.0,ML,,,,2.3,0.3,4
983798,1996-05-09T02:49:14Z,-40.75,0.0,174.4,0.0,43.0,3.0,ML,,,,2.1,0.1,5
983804,1996-05-09T05:11:17Z,-40.74,0.0,174.62,0.0,68.0,2.0,ML,,,,2.3,0.1,5
983976,1996-05-09T08:52:38Z,-37.78,0.0,176.79,0.0,5.0,0.0,ML,,,,2.7,0.2,6
983977,1996-05-09T09:05:09Z,-37.78,0.0,176.79,0.0,5.0,0.0,ML,,,,2.7,0.2,6
983809,1996-05-09T09:36:07Z,-41.58,0.0,173.68,0.0,54.0,3.0,ML,,,,2.8,0.2,11
983980,1996-05-09T10:38:17Z,-39.95,0.0,174.16,0.0,116.0,6.0,ML,,,,2.8,0.2,8
983811,1996-05-09T10:55:00Z,-40.42,0.0,174.09,0.0,115.0,2.0,ML,,,,2.6,0.2,9
983812,1996-05-09T11:34:37Z,-44.32,0.0,168.0,0.1,5.0,0.0,ML,,,,2.8,0.5,3
983814,1996-05-09T11:46:31Z,-45.25,0.0,167.08,0.0,12.0,0.0,ML,,,,3.0,0.3,6
983818,1996-05-09T14:17:35Z,-38.2,0.0,176.27,0.0,155.0,3.0,ML,,,,4.3,0.2,24
985670,1996-05-09T15:33:55Z,-47.0,0.0,165.82,0.1,12.0,0.0,ML,,,,2.9,0.1,4
986740,1996-05-09T16:52:46Z,-39.33,0.0,173.79,0.0,12.0,0.0,ML,,,,2.0,0.0,2
983826,1996-05-09T18:42:26Z,-41.68,0.0,174.29,0.0,12.0,0.0,ML,,,,2.1,0.4,7
983830,1996-05-09T20:21:28Z,-38.32,0.0,176.48,0.0,12.0,0.0,ML,,,,2.6,0.2,4
983832,1996-05-09T21:01:51Z,-41.69,0.0,172.14,0.1,12.0,0.0,ML,,,,3.0,0.1,3
983835,1996-05-09T22:30:13Z,-41.11,0.0,174.61,0.0,32.0,1.0,ML,,,,2.2,0.2,9
983998,1996-05-09T22:33:35Z,-38.03,0.0,177.09,0.0,61.0,3.0,ML,,,,3.3,0.3,7
983999,1996-05-10T00:37:26Z,-39.28,0.0,175.56,0.0,0.0,0.0,ML,,,,0.4,0.1,2
983841,1996-05-10T00:57:04Z,-42.94,0.0,171.93,0.0,12.0,0.0,ML,,,,3.2,0.3,11
984014,1996-05-10T05:16:12Z,-39.98,0.0,176.71,0.0,36.0,4.0,ML,,,,3.1,0.2,4
984021,1996-05-10T05:59:38Z,-38.08,0.0,176.76,0.0,5.0,0.0,ML,,,,3.0,0.2,11
984023,1996-05-10T06:29:31Z,-38.11,0.0,176.7,0.1,5.0,0.0,ML,,,,1.8,0.0,3
984024,1996-05-10T06:31:04Z,-38.05,0.0,176.77,0.0,5.0,0.0,ML,,,,2.1,0.1,6
984025,1996-05-10T06:34:52Z,-38.62,0.1,175.37,0.1,202.0,9.0,ML,,,,3.6,0.2,19
990257,1996-05-10T08:30:39Z,-42.81,0.0,171.8,0.0,12.0,0.0,ML,,,,3.6,0.2,18
983848,1996-05-10T09:09:42Z,-39.28,0.0,173.92,0.0,17.0,2.0,ML,,,,3.2,0.2,17
990258,1996-05-10T09:18:19Z,-39.34,0.0,173.81,0.0,25.0,1.0,ML,,,,1.8,0.1,2
985574,1996-05-10T09:19:37Z,-45.92,0.0,166.96,0.1,106.0,3.0,ML,,,,3.2,0.3,5
984035,1996-05-10T09:36:43Z,-37.66,0.0,179.39,0.1,12.0,0.0,ML,,,,3.0,0.3,3
984036,1996-05-10T09:45:33Z,-39.45,0.0,175.61,0.0,12.0,0.0,ML,,,,1.4,0.2,3
983851,1996-05-10T11:24:17Z,-40.71,0.0,174.42,0.0,69.0,3.0,ML,,,,3.0,0.2,10
986387,1996-05-10T11:27:17Z,-39.3,0.0,173.79,0.1,21.0,1.0,ML,,,,2.6,0.3,5
986745,1996-05-10T11:38:25Z,-39.32,0.0,173.82,0.0,25.0,1.0,ML,,,,2.0,0.0,2
985576,1996-05-10T11:54:54Z,-45.14,0.0,167.07,0.1,12.0,0.0,ML,,,,2.0,0.0,2
984038,1996-05-10T12:16:04Z,-39.3,0.0,173.83,0.0,25.0,2.0,ML,,,,1.0,0.1,2
984041,1996-05-10T12:47:09Z,-38.07,0.0,176.76,0.0,5.0,0.0,ML,,,,1.8,0.3,4
985674,1996-05-10T12:58:58Z,-45.6,0.0,167.02,0.1,12.0,0.0,ML,,,,2.5,0.2,2
983852,1996-05-10T13:27:39Z,-38.49,0.1,176.75,0.1,158.0,6.0,ML,,,,3.3,0.1,3
983853,1996-05-10T13:32:30Z,-41.37,0.0,174.37,0.0,58.0,2.0,ML,,,,2.5,0.2,7
986657,1996-05-10T13:47:17Z,-39.45,0.0,175.66,0.1,12.0,0.0,ML,,,,1.7,0.1,3
990182,1996-05-10T14:01:11Z,-39.28,0.0,175.56,0.0,0.0,0.0,ML,,,,0.8,0.1,3
984044,1996-05-10T15:04:21Z,-39.46,0.1,173.74,0.1,12.0,0.0,ML,,,,1.7,0.0,2
983854,1996-05-10T15:10:40Z,-39.3,0.0,173.85,0.0,20.0,1.0,ML,,,,3.0,0.3,11
984045,1996-05-10T15:31:33Z,-39.17,0.0,173.64,0.1,12.0,0.0,ML,,,,1.3,0.1,2
991122,1996-05-10T15:33:37Z,-37.4,0.0,178.29,0.1,47.0,7.0,ML,,,,3.0,0.1,3
983856,1996-05-10T16:03:19Z,-41.76,0.0,174.15,0.0,33.0,2.0,ML,,,,2.2,0.3,4
983857,1996-05-10T17:42:59Z,-41.38,0.0,173.0,0.0,98.0,6.0,ML,,,,2.6,0.2,6
986224,1996-05-10T19:40:17Z,-41.76,0.0,171.86,0.0,65.0,2.0,ML,,,,2.4,nan,1
983858,1996-05-10T21:00:17Z,-40.79,0.0,175.33,0.0,25.0,2.0,ML,,,,2.2,0.1,7
986225,1996-05-10T21:15:04Z,-38.36,0.0,176.23,0.0,5.0,0.0,ML,,,,1.7,0.1,3
991442,1996-05-10T21:16:14Z,-39.28,0.0,175.56,0.0,0.0,0.0,ML,,,,0.6,0.1,3
990184,1996-05-10T21:51:38Z,-39.48,0.0,175.65,0.0,12.0,0.0,ML,,,,1.5,0.1,3
986163,1996-05-10T21:54:28Z,-38.12,0.0,179.04,0.1,12.0,0.0,ML,,,,2.9,0.3,3
984063,1996-05-11T00:13:29Z,-37.83,0.0,179.71,0.0,12.0,0.0,ML,,,,4.0,0.2,22
983867,1996-05-11T01:30:37Z,-38.47,0.0,175.97,0.0,188.0,4.0,ML,,,,3.5,0.2,6
984069,1996-05-11T03:40:27Z,-38.04,0.0,176.78,0.0,5.0,0.0,ML,,,,2.5,0.2,5
983869,1996-05-11T06:05:37Z,-40.85,0.0,175.72,0.0,32.0,1.0,ML,,,,2.7,0.3,10
984282,1996-05-11T06:39:10Z,-40.06,0.0,176.54,0.0,53.0,4.0,ML,,,,2.6,0.0,3
985610,1996-05-11T09:58:41Z,-40.83,0.0,176.05,0.0,31.0,4.0,ML,,,,2.7,0.4,1
983870,1996-05-11T10:09:18Z,-41.29,0.0,174.72,0.0,32.0,1.0,ML,,,,2.1,0.2,9
983871,1996-05-11T10:21:27Z,-37.5,0.0,176.63,0.0,197.0,3.0,ML,,,,4.1,0.3,24
984082,1996-05-11T10:55:48Z,-39.28,0.0,175.56,0.0,0.0,0.0,ML,,,,0.9,0.1,3
985615,1996-05-11T11:10:56Z,-45.11,0.0,167.64,0.0,59.0,4.0,ML,,,,2.2,0.2,2
984085,1996-05-11T11:25:40Z,-37.45,0.0,178.38,0.0,48.0,1.0,ML,,,,3.4,0.3,4
984087,1996-05-11T11:41:56Z,-37.52,0.0,177.27,0.0,123.0,3.0,ML,,,,3.5,0.2,10
984091,1996-05-11T13:07:21Z,-39.28,0.0,175.56,0.0,0.0,0.0,ML,,,,0.6,0.0,2
991506,1996-05-11T13:50:27Z,-37.11,0.0,175.41,0.0,12.0,0.0,ML,,,,2.7,0.3,3
990185,1996-05-11T14:41:50Z,-39.66,0.0,174.93,0.0,5.0,0.0,ML,,,,2.1,0.3,3
984092,1996-05-11T15:04:43Z,-47.41,0.0,165.56,0.0,5.0,0.0,ML,,,,3.3,0.2,2
984093,1996-05-11T15:11:36Z,-36.85,0.1,177.36,0.1,12.0,0.0,ML,,,,3.0,0.2,3
984095,1996-05-11T15:28:24Z,-37.14,0.0,176.49,0.1,12.0,0.0,ML,,,,3.3,0.2,3
983873,1996-05-11T16:07:25Z,-37.99,0.0,176.43,0.0,144.0,4.0,ML,,,,3.4,0.2,7
983874,1996-05-11T17:13:32Z,-41.72,0.0,173.79,0.0,12.0,0.0,ML,,,,2.5,0.3,14
984102,1996-05-11T17:35:59Z,-38.3,0.0,176.39,0.0,5.0,0.0,ML,,,,2.8,0.2,5
985624,1996-05-11T19:13:48Z,-39.53,0.0,175.5,0.0,12.0,0.0,ML,,,,2.1,0.4,4
985447,1996-05-11T20:17:40Z,-39.51,0.0,176.1,0.0,43.0,4.0,ML,,,,2.9,0.2,4
985625,1996-05-11T21:16:03Z,-44.78,0.0,167.54,0.0,12.0,0.0,ML,,,,2.6,0.2,2
986590,1996-05-11T21:19:33Z,-39.46,0.1,175.76,0.2,29.0,6.0,ML,,,,2.0,0.2,4
985675,1996-05-11T22:49:57Z,-45.08,0.0,167.42,0.0,84.0,2.0,ML,,,,3.1,0.3,5
986133,1996-05-11T23:57:15Z,-39.95,0.0,176.16,0.0,5.0,0.0,ML,,,,2.3,0.1,5
983877,1996-05-12T00:18:14Z,-39.78,0.0,177.04,0.0,42.0,1.0,ML,,,,4.0,0.2,21
986240,1996-05-12T01:21:03Z,-39.5,0.0,175.61,0.0,22.0,4.0,ML,,,,2.0,0.2,4
985633,1996-05-12T01:30:29Z,-39.45,0.0,175.53,0.0,12.0,0.0,ML,,,,2.2,0.4,4
984118,1996-05-12T03:17:10Z,-44.99,0.0,167.42,0.0,112.0,4.0,ML,,,,2.9,0.2,4
985641,1996-05-12T03:19:49Z,-45.12,0.0,167.29,0.0,29.0,3.0,ML,,,,2.9,0.2,4
986135,1996-05-12T05:50:26Z,-40.39,0.0,176.4,0.1,33.0,0.0,ML,,,,1.6,1.2,2
992279,1996-05-12T06:24:11Z,-45.1,0.0,166.89,0.1,5.0,0.0,ML,,,,2.6,0.1,4
986594,1996-05-12T07:11:04Z,-39.15,0.0,175.39,0.0,12.0,0.0,ML,,,,1.6,0.3,4
990186,1996-05-12T07:59:34Z,-39.28,0.0,175.56,0.0,0.0,0.0,ML,,,,0.5,0.3,2
984129,1996-05-12T08:17:49Z,-39.12,0.0,177.43,0.0,30.0,2.0,ML,,,,3.0,0.2,13
984131,1996-05-12T08:24:36Z,-38.81,0.0,177.7,0.0,33.0,0.0,ML,,,,2.6,0.1,3
984135,1996-05-12T09:13:20Z,-39.14,0.0,177.45,0.1,33.0,0.0,ML,,,,2.6,0.2,6
986598,1996-05-12T09:23:45Z,-38.05,0.0,176.87,0.1,12.0,0.0,ML,,,,2.4,0.3,5
992280,1996-05-12T09:24:19Z,-39.15,0.0,175.39,0.0,12.0,0.0,ML,,,,2.1,0.2,4
984136,1996-05-12T09:40:27Z,-40.19,0.0,176.13,0.0,59.0,4.0,ML,,,,2.4,nan,1
986137,1996-05-12T10:29:26Z,-39.66,0.0,176.88,0.0,49.0,6.0,ML,,,,2.4,0.2,3
984137,1996-05-12T10:41:14Z,-38.1,0.0,176.68,0.0,5.0,0.0,ML,,,,1.8,0.2,5
986602,1996-05-12T11:11:24Z,-39.7,0.0,176.22,0.0,24.0,2.0,ML,,,,2.4,0.2,8
983887,1996-05-12T12:02:23Z,-36.92,0.2,177.03,0.0,178.0,12.0,ML,,,,3.3,0.4,4
984140,1996-05-12T12:19:45Z,-39.77,0.0,177.07,0.0,41.0,3.0,ML,,,,3.2,0.2,9
985676,1996-05-12T12:35:48Z,-45.61,0.0,167.0,0.0,13.0,2.0,ML,,,,1.9,0.2,2
985647,1996-05-12T13:03:22Z,-44.8,0.0,169.46,0.0,5.0,0.0,ML,,,,2.8,0.1,3
984142,1996-05-12T13:25:49Z,-44.89,0.0,167.72,0.1,71.0,13.0,ML,,,,3.1,0.5,5
984143,1996-05-12T13:33:25Z,-37.77,0.1,179.35,0.1,12.0,0.0,ML,,,,2.9,0.5,3
984147,1996-05-12T14:22:49Z,-44.89,0.0,167.64,0.0,77.0,5.0,ML,,,,2.6,0.2,2
992281,1996-05-12T14:23:19Z,-40.16,0.0,176.98,0.0,20.0,1.0,ML,,,,2.7,0.4,2
984148,1996-05-12T14:31:37Z,-37.01,0.1,177.33,0.1,151.0,9.0,ML,,,,3.4,0.3,4
983890,1996-05-12T15:00:43Z,-38.5,0.0,176.5,0.0,5.0,0.0,ML,,,,3.3,0.2,24
983891,1996-05-12T15:47:17Z,-42.01,0.0,174.34,0.0,30.0,1.0,ML,,,,2.5,0.3,6
985649,1996-05-12T16:11:51Z,-45.1,0.0,167.36,0.0,120.0,3.0,ML,,,,3.1,0.2,3
983892,1996-05-12T16:27:44Z,-41.38,0.0,172.83,0.0,120.0,4.0,ML,,,,3.0,0.1,8
983894,1996-05-12T16:40:35Z,-41.11,0.0,175.4,0.0,23.0,1.0,ML,,,,2.2,0.2,8
985650,1996-05-12T16:47:07Z,-44.94,0.0,167.55,0.0,82.0,4.0,ML,,,,3.7,0.2,7
983895,1996-05-12T17:37:36Z,-40.9,0.0,175.71,0.0,29.0,1.0,ML,,,,2.9,0.2,10
983899,1996-05-12T22:06:59Z,-41.41,0.0,175.04,0.0,28.0,1.0,ML,,,,2.5,0.1,10
986679,1996-05-12T23:37:52Z,-39.28,0.0,175.56,0.0,0.0,0.0,ML,,,,0.7,0.1,3
983901,1996-05-12T23:43:00Z,-41.23,0.0,175.24,0.0,28.0,1.0,ML,,,,2.4,0.1,9
984164,1996-05-13T02:07:25Z,-37.82,0.0,176.76,0.0,5.0,0.0,ML,,,,2.5,0.2,6
983903,1996-05-13T02:38:08Z,-40.45,0.0,174.21,0.0,54.0,6.0,ML,,,,2.7,0.1,8
985460,1996-05-13T02:47:45Z,-39.15,0.0,175.39,0.0,13.0,1.0,ML,,,,2.5,0.2,4
985461,1996-05-13T03:00:15Z,-39.91,0.0,175.24,0.0,12.0,0.0,ML,,,,2.3,0.1,5
983904,1996-05-13T04:06:48Z,-37.1,0.0,177.07,0.0,193.0,3.0,ML,,,,4.4,0.2,19
985763,1996-05-13T04:25:03Z,-42.96,0.0,171.6,0.0,12.0,0.0,ML,,,,3.1,0.2,6
986569,1996-05-13T04:49:48Z,-44.58,0.0,169.75,0.0,5.0,0.0,ML,,,,2.4,0.2,3
983906,1996-05-13T05:09:25Z,-41.01,0.0,174.7,0.0,33.0,0.0,ML,,,,2.2,0.2,7
985462,1996-05-13T05:14:54Z,-39.89,0.0,175.25,0.0,19.0,3.0,ML,,,,2.7,0.3,6
986145,1996-05-13T06:10:53Z,-39.73,0.0,176.71,0.0,60.0,3.0,ML,,,,2.6,0.0,3
984177,1996-05-13T08:36:20Z,-44.55,0.0,168.61,0.0,5.0,0.0,ML,,,,3.0,0.2,5
983908,1996-05-13T09:02:33Z,-41.75,0.0,174.51,0.0,34.0,1.0,ML,,,,2.3,0.1,4
986617,1996-05-13T10:52:31Z,-39.14,0.0,175.4,0.0,12.0,0.0,ML,,,,1.7,0.2,4
990188,1996-05-13T11:55:33Z,-39.28,0.0,175.56,0.0,0.0,0.0,ML,,,,0.6,0.1,2
986621,1996-05-13T13:05:07Z,-39.11,0.0,174.83,0.0,33.0,0.0,ML,,,,2.1,0.1,5
984188,1996-05-13T14:23:48Z,-36.78,0.0,176.91,0.0,203.0,5.0,ML,,,,3.7,0.2,13
984975,1996-05-13T14:51:22Z,-40.51,0.0,174.63,0.0,12.0,0.0,ML,,,,1.7,0.1,4
984976,1996-05-13T15:21:26Z,-41.24,0.0,174.7,0.0,37.0,1.0,ML,,,,2.6,0.2,12
984192,1996-05-13T16:23:31Z,-37.9,0.0,179.31,0.0,12.0,0.0,ML,,,,3.1,0.2,3
990189,1996-05-13T16:37:08Z,-39.28,0.0,175.56,0.0,0.0,0.0,ML,,,,0.7,0.1,2
984196,1996-05-13T17:14:24Z,-45.13,0.0,167.48,0.0,118.0,5.0,ML,,,,3.7,0.2,7
990190,1996-05-13T17:36:30Z,-39.28,0.0,175.56,0.0,0.0,0.0,ML,,,,0.7,0.2,3
984201,1996-05-13T18:46:44Z,-38.24,0.0,175.91,0.0,156.0,4.0,ML,,,,3.9,0.3,21
990191,1996-05-13T19:21:58Z,-39.44,0.0,175.73,0.1,24.0,3.0,ML,,,,1.6,0.3,3
990192,1996-05-13T20:24:06Z,-39.28,0.0,175.56,0.0,0.0,0.0,ML,,,,0.8,0.0,2
985684,1996-05-13T20:27:39Z,-45.02,0.0,167.58,0.0,80.0,5.0,ML,,,,3.4,0.2,7
984977,1996-05-13T20:58:57Z,-41.44,0.0,173.0,0.0,111.0,3.0,ML,,,,2.7,0.1,4
986293,1996-05-13T21:39:33Z,-39.42,0.0,175.75,0.0,19.0,2.0,ML,,,,2.1,0.2,3
984205,1996-05-13T21:43:30Z,-37.87,0.1,179.13,0.3,12.0,0.0,ML,,,,3.0,0.1,3
987548,1996-05-14T00:23:16Z,-39.28,0.0,175.56,0.0,0.0,0.0,ML,,,,0.9,0.2,2
986628,1996-05-14T00:50:10Z,-39.74,0.0,176.39,0.0,30.0,1.0,ML,,,,2.7,0.2,8
984986,1996-05-14T03:33:35Z,-41.31,0.0,174.13,0.0,37.0,3.0,ML,,,,2.4,0.1,7
985769,1996-05-14T03:43:53Z,-43.24,0.1,171.06,0.0,5.0,0.0,ML,,,,2.4,0.1,3
987738,1996-05-14T05:20:44Z,-39.78,0.0,176.88,0.0,54.0,3.0,ML,,,,2.8,0.1,3
984224,1996-05-14T06:35:29Z,-38.3,0.0,176.35,0.0,5.0,0.0,ML,,,,1.9,0.1,3
987658,1996-05-14T12:34:41Z,-45.54,0.0,166.97,0.0,60.0,1.0,ML,,,,2.5,0.4,2
987568,1996-05-14T13:23:14Z,-45.18,0.0,167.12,0.0,5.0,0.0,ML,,,,3.0,0.2,6
987570,1996-05-14T16:37:03Z,-44.73,0.0,168.67,0.0,12.0,0.0,ML,,,,2.5,0.3,5
985158,1996-05-14T16:42:32Z,-38.27,0.0,176.27,0.0,5.0,0.0,ML,,,,2.0,0.2,4
987659,1996-05-14T17:23:00Z,-45.11,0.0,167.6,0.0,82.0,2.0,ML,,,,1.9,nan,1
988263,1996-05-14T18:39:22Z,-38.31,0.0,176.25,0.0,12.0,0.0,ML,,,,2.1,0.2,4
985162,1996-05-14T19:22:43Z,-38.2,0.0,176.74,0.0,5.0,0.0,ML,,,,2.7,0.1,4
984997,1996-05-14T21:04:07Z,-40.6,0.0,174.64,0.0,26.0,2.0,ML,,,,1.8,0.1,6
988628,1996-05-14T21:46:12Z,-39.28,0.0,175.56,0.0,0.0,0.0,ML,,,,0.6,0.1,3
990193,1996-05-14T21:53:00Z,-39.28,0.0,175.56,0.0,0.0,0.0,ML,,,,0.6,0.1,2
985477,1996-05-14T22:13:58Z,-39.65,0.0,175.91,0.0,5.0,0.0,ML,,,,2.2,0.0,4
985478,1996-05-14T23:33:13Z,-39.28,0.0,175.56,0.0,0.0,0.0,ML,,,,0.5,0.1,2
992763,1996-05-14T23:33:20Z,-39.04,0.0,175.69,0.0,5.0,0.0,ML,,,,1.3,0.1,3
992764,1996-05-14T23:33:44Z,-39.26,0.0,175.36,0.0,12.0,0.0,ML,,,,2.4,0.2,5
985175,1996-05-15T02:33:32Z,-38.42,0.0,177.92,0.0,45.0,5.0,ML,,,,2.5,0.0,3
985001,1996-05-15T03:17:13Z,-40.16,0.0,174.94,0.1,24.0,3.0,ML,,,,2.6,0.5,8
986263,1996-05-15T03:19:30Z,-43.06,0.0,171.4,0.0,5.0,0.0,ML,,,,3.4,0.3,6
985003,1996-05-15T04:03:11Z,-39.25,0.0,174.77,0.0,12.0,0.0,ML,,,,2.7,0.2,4
987743,1996-05-15T04:07:35Z,-38.88,0.0,174.7,0.0,20.0,5.0,ML,,,,2.7,0.3,4
987919,1996-05-15T04:25:25Z,-38.02,0.0,176.76,0.0,5.0,0.0,ML,,,,1.7,0.1,3
985178,1996-05-15T04:39:02Z,-37.99,0.0,176.78,0.0,5.0,0.0,ML,,,,2.4,0.1,5
987745,1996-05-15T04:53:47Z,-39.57,0.0,177.13,0.0,33.0,1.0,ML,,,,2.4,0.1,2
986206,1996-05-15T05:50:39Z,-39.85,0.0,176.69,0.0,37.0,3.0,ML,,,,2.2,0.1,3
986208,1996-05-15T06:37:30Z,-37.99,0.0,179.12,0.1,12.0,0.0,ML,,,,2.9,0.2,3
985006,1996-05-15T06:55:48Z,-41.04,0.0,174.91,0.0,55.0,1.0,ML,,,,2.1,0.1,6
986265,1996-05-15T08:53:44Z,-42.96,0.0,171.84,0.0,12.0,0.0,ML,,,,3.2,0.2,6
987589,1996-05-15T10:38:34Z,-39.28,0.0,175.56,0.0,0.0,0.0,ML,,,,0.7,nan,1
986329,1996-05-15T11:00:16Z,-37.87,0.0,175.84,0.0,5.0,0.0,ML,,,,3.2,0.4,8
985191,1996-05-15T12:47:24Z,-37.81,0.0,177.58,0.0,12.0,0.0,ML,,,,2.1,0.2,3
992765,1996-05-15T12:47:59Z,-39.28,0.0,175.56,0.0,0.0,0.0,ML,,,,0.6,nan,1
985010,1996-05-15T15:30:35Z,-46.42,0.0,166.65,0.0,12.0,0.0,ML,,,,2.8,0.2,3
992766,1996-05-15T15:32:31Z,-41.17,0.1,174.81,0.0,52.0,4.0,ML,,,,2.1,0.1,6
985012,1996-05-15T17:46:54Z,-40.4,0.0,174.77,0.0,24.0,8.0,ML,,,,2.4,0.1,4
985013,1996-05-15T20:08:17Z,-42.23,0.0,172.78,0.0,5.0,0.0,ML,,,,2.2,0.1,3
992767,1996-05-15T20:08:45Z,-40.42,0.0,173.9,0.0,84.0,3.0,ML,,,,2.8,0.2,7
985204,1996-05-15T22:12:20Z,-44.98,0.0,169.16,0.0,12.0,0.0,ML,,,,2.6,0.0,3
987750,1996-05-15T22:14:53Z,-39.77,0.0,176.49,0.0,44.0,0.0,ML,,,,2.6,0.1,3
985016,1996-05-15T23:57:07Z,-41.62,0.0,174.66,0.0,33.0,1.0,ML,,,,2.5,0.2,4
985017,1996-05-16T00:16:38Z,-41.16,0.0,173.78,0.0,63.0,3.0,ML,,,,2.7,0.1,3
985211,1996-05-16T01:12:36Z,-36.67,0.0,176.9,0.0,276.0,3.0,ML,,,,3.9,0.3,3
985019,1996-05-16T02:47:57Z,-45.11,0.0,167.38,0.0,62.0,3.0,ML,,,,4.4,0.2,5
985023,1996-05-16T04:18:55Z,-41.34,0.0,173.71,0.0,78.0,4.0,ML,,,,2.9,0.2,7
987756,1996-05-16T05:27:27Z,-40.32,0.0,176.94,0.0,31.0,2.0,ML,,,,3.2,0.2,5
985025,1996-05-16T05:34:53Z,-39.14,0.0,175.0,0.0,27.0,2.0,ML,,,,2.5,0.2,4
992768,1996-05-16T05:35:16Z,-38.15,0.1,176.99,0.0,71.0,3.0,ML,,,,3.4,0.4,2
989908,1996-05-16T05:43:14Z,-39.5,0.0,175.53,0.0,12.0,0.0,ML,,,,2.3,0.2,5
985216,1996-05-16T05:51:38Z,-44.53,0.0,169.67,0.0,5.0,0.0,ML,,,,2.2,0.1,2
985027,1996-05-16T06:48:17Z,-39.45,0.0,175.71,0.0,12.0,0.0,ML,,,,3.1,0.2,13
987661,1996-05-16T06:58:28Z,-44.95,0.0,167.58,0.0,56.0,4.0,ML,,,,2.3,0.2,3
988016,1996-05-16T08:02:45Z,-39.52,0.0,175.56,0.0,12.0,0.0,ML,,,,2.2,0.3,4
985034,1996-05-16T09:04:32Z,-39.28,0.0,175.56,0.0,0.0,0.0,ML,,,,0.7,0.2,2
985222,1996-05-16T10:32:31Z,-36.24,0.1,177.89,0.1,182.0,5.0,ML,,,,3.8,0.2,4
992769,1996-05-16T10:33:41Z,-39.75,0.0,175.22,0.0,5.0,0.0,ML,,,,2.5,0.0,4
985039,1996-05-16T11:37:30Z,-39.58,0.0,175.35,0.0,64.0,4.0,ML,,,,2.2,0.1,2
985045,1996-05-16T14:47:10Z,-41.25,0.0,172.79,0.0,203.0,2.0,ML,,,,3.1,0.1,4
985047,1996-05-16T14:59:47Z,-40.82,0.0,174.69,0.0,5.0,0.0,ML,,,,2.2,0.2,6
987662,1996-05-16T15:35:24Z,-45.19,0.0,166.8,0.0,21.0,1.0,ML,,,,2.4,0.1,2
985226,1996-05-16T16:32:38Z,-37.78,0.0,179.41,0.0,12.0,0.0,ML,,,,3.4,0.3,4
990197,1996-05-16T19:58:20Z,-39.28,0.0,175.56,0.0,0.0,0.0,ML,,,,0.9,0.0,2
985242,1996-05-16T21:12:48Z,-37.39,0.1,179.59,0.1,12.0,0.0,ML,,,,3.4,0.2,3
987610,1996-05-16T23:50:04Z,-44.92,0.0,167.64,0.0,61.0,6.0,ML,,,,2.9,0.1,5
985059,1996-05-17T02:42:13Z,-41.21,0.0,174.49,0.0,36.0,2.0,ML,,,,1.7,0.2,5
985060,1996-05-17T03:32:09Z,-41.76,0.0,174.56,0.0,31.0,3.0,ML,,,,2.1,0.1,4
987766,1996-05-17T04:40:08Z,-40.41,0.0,176.29,0.0,55.0,3.0,ML,,,,2.5,0.3,2
987932,1996-05-17T05:10:49Z,-41.68,0.0,172.27,0.0,100.0,2.0,ML,,,,3.2,0.2,4
985254,1996-05-17T06:09:49Z,-37.45,0.0,179.13,0.0,12.0,0.0,ML,,,,3.3,0.3,3
985062,1996-05-17T07:16:42Z,-41.6,0.0,173.91,0.0,43.0,3.0,ML,,,,2.0,0.1,3
985067,1996-05-17T09:26:08Z,-40.53,0.0,176.35,0.1,75.0,3.0,ML,,,,2.6,nan,1
985261,1996-05-17T10:04:27Z,-38.24,0.0,176.99,0.0,56.0,2.0,ML,,,,3.2,0.2,8
987513,1996-05-17T10:36:34Z,-39.61,0.0,174.93,0.0,77.0,2.0,ML,,,,2.9,nan,1
985069,1996-05-17T11:01:03Z,-39.55,0.0,174.46,0.0,143.0,2.0,ML,,,,3.0,0.2,9
992770,1996-05-17T11:02:31Z,-44.71,0.0,167.65,0.0,63.0,6.0,ML,,,,2.7,0.0,3
990200,1996-05-17T11:12:08Z,-38.99,0.0,175.73,0.1,12.0,0.0,ML,,,,1.3,0.2,3
985070,1996-05-17T11:50:41Z,-39.21,0.0,175.11,0.0,140.0,3.0,ML,,,,3.5,0.2,16
985270,1996-05-17T13:54:12Z,-38.83,0.1,177.72,0.0,33.0,0.0,ML,,,,2.5,0.0,2
985271,1996-05-17T14:04:43Z,-35.75,0.1,178.92,0.1,241.0,8.0,ML,,,,4.1,0.2,4
985272,1996-05-17T14:07:51Z,-36.62,0.0,176.9,0.0,282.0,0.0,ML,,,,3.6,0.3,3
985071,1996-05-17T14:43:17Z,-39.79,0.0,174.03,0.0,146.0,5.0,ML,,,,3.3,0.1,9
987768,1996-05-17T14:56:48Z,-40.45,0.0,176.3,0.1,45.0,9.0,ML,,,,2.6,nan,1
985072,1996-05-17T15:04:45Z,-40.87,0.0,175.7,0.0,29.0,1.0,ML,,,,1.7,0.1,4
990201,1996-05-17T15:21:46Z,-39.28,0.0,175.56,0.0,0.0,0.0,ML,,,,0.6,nan,1
985274,1996-05-17T15:39:26Z,-37.99,0.0,176.02,0.0,5.0,0.0,ML,,,,2.7,0.3,9
988265,1996-05-17T16:01:04Z,-37.99,0.0,176.02,0.0,5.0,0.0,ML,,,,2.2,0.1,3
992772,1996-05-17T16:02:58Z,-39.28,0.0,175.56,0.0,0.0,0.0,ML,,,,0.5,nan,1
985719,1996-05-17T16:07:19Z,-38.99,0.0,175.71,0.0,5.0,0.0,ML,,,,1.2,0.1,3
985275,1996-05-17T16:39:05Z,-38.08,0.0,176.75,0.0,5.0,0.0,ML,,,,1.9,0.3,3
990202,1996-05-17T17:03:31Z,-39.28,0.0,175.56,0.0,0.0,0.0,ML,,,,0.8,0.1,2
987723,1996-05-17T17:12:13Z,-42.83,0.0,171.83,0.0,12.0,0.0,ML,,,,2.7,0.2,3
985276,1996-05-17T17:44:41Z,-39.04,0.0,175.56,0.0,5.0,0.0,ML,,,,1.7,0.3,4
985074,1996-05-17T17:56:15Z,-40.4,0.0,176.5,0.0,25.0,2.0,ML,,,,2.9,0.2,14
985076,1996-05-17T18:53:54Z,-41.22,0.0,174.66,0.0,34.0,0.0,ML,,,,2.3,0.1,7
987895,1996-05-17T19:02:42Z,-39.28,0.0,175.56,0.0,0.0,0.0,ML,,,,0.9,0.1,3
985077,1996-05-17T19:45:58Z,-40.6,0.0,175.48,0.0,28.0,4.0,ML,,,,2.6,0.1,12
987515,1996-05-17T20:37:26Z,-43.02,0.0,171.39,0.0,12.0,0.0,ML,,,,3.9,0.2,8
987520,1996-05-17T21:49:04Z,-39.28,0.0,175.56,0.0,0.0,0.0,ML,,,,0.7,0.1,2
987846,1996-05-17T21:54:07Z,-38.31,0.0,178.52,0.0,12.0,0.0,ML,,,,2.5,0.1,3
985279,1996-05-17T21:57:56Z,-45.21,0.0,167.47,0.0,115.0,1.0,ML,,,,2.3,nan,1
992773,1996-05-17T21:58:33Z,-38.31,0.0,179.31,0.0,12.0,0.0,ML,,,,3.2,0.3,6
987725,1996-05-17T22:29:53Z,-43.04,0.0,171.37,0.0,12.0,0.0,ML,,,,2.7,0.2,4
988026,1996-05-17T22:57:16Z,-39.28,0.0,175.55,0.0,0.0,0.0,ML,,,,0.9,0.2,2
985283,1996-05-17T23:58:03Z,-37.1,0.0,177.27,0.0,161.0,10.0,ML,,,,3.7,0.1,4
987726,1996-05-18T00:31:31Z,-42.91,0.0,171.77,0.0,12.0,0.0,ML,,,,2.9,0.2,4
985286,1996-05-18T00:51:30Z,-37.62,0.0,179.81,0.0,12.0,0.0,ML,,,,3.2,0.1,4
987618,1996-05-18T02:03:53Z,-45.98,0.0,170.65,0.0,5.0,0.0,ML,,,,3.0,0.2,6
988030,1996-05-18T02:28:17Z,-39.28,0.0,175.56,0.0,0.0,0.0,ML,,,,1.0,0.1,3
985080,1996-05-18T02:49:38Z,-45.17,0.0,167.39,0.0,94.0,4.0,ML,,,,3.8,0.2,4
992774,1996-05-18T02:49:50Z,-42.22,0.0,173.73,0.0,22.0,4.0,ML,,,,2.5,0.1,8
988034,1996-05-18T04:42:54Z,-39.24,0.0,174.77,0.0,12.0,0.0,ML,,,,1.8,0.2,4
985295,1996-05-18T04:51:09Z,-37.45,0.0,176.32,0.1,204.0,4.0,ML,,,,3.3,0.2,4
987393,1996-05-18T05:13:45Z,-43.35,0.0,171.58,0.0,12.0,0.0,ML,,,,3.2,0.4,6
985082,1996-05-18T06:03:40Z,-40.34,0.0,174.12,0.0,85.0,3.0,ML,,,,2.6,0.2,10
989968,1996-05-18T06:11:42Z,-39.12,0.0,175.33,0.0,5.0,0.0,ML,,,,1.1,0.1,2
985083,1996-05-18T06:38:05Z,-40.3,0.0,176.63,0.0,55.0,4.0,ML,,,,2.5,0.0,2
985084,1996-05-18T07:20:58Z,-41.51,0.0,174.51,0.0,18.0,3.0,ML,,,,1.9,0.2,7
990204,1996-05-18T08:03:15Z,-39.28,0.0,175.56,0.0,0.0,0.0,ML,,,,0.6,0.1,2
985086,1996-05-18T09:38:57Z,-41.56,0.0,173.8,0.0,50.0,3.0,ML,,,,2.7,0.2,9
985087,1996-05-18T10:24:13Z,-41.21,0.0,173.93,0.0,57.0,1.0,ML,,,,1.9,0.1,5
985304,1996-05-18T10:43:36Z,-37.54,0.0,178.02,0.0,66.0,3.0,ML,,,,2.7,0.1,3
988065,1996-05-18T11:25:41Z,-39.28,0.0,175.56,0.0,0.0,0.0,ML,,,,0.7,0.1,2
985309,1996-05-18T11:26:33Z,-39.28,0.0,175.56,0.0,0.0,0.0,ML,,,,0.9,0.2,3
987936,1996-05-18T11:55:22Z,-39.35,0.0,175.46,0.0,12.0,0.0,ML,,,,1.8,0.1,4
985089,1996-05-18T12:07:37Z,-41.77,0.0,174.42,0.0,50.0,2.0,ML,,,,3.6,0.2,16
985090,1996-05-18T12:11:41Z,-42.23,0.0,174.87,0.0,19.0,3.0,ML,,,,2.4,0.2,8
990205,1996-05-18T12:54:08Z,-39.06,0.0,175.7,0.0,5.0,0.0,ML,,,,1.7,0.4,3
990206,1996-05-18T13:11:08Z,-39.19,0.0,174.85,0.0,33.0,0.0,ML,,,,1.8,0.1,3
985724,1996-05-18T13:16:02Z,-45.08,0.0,170.0,0.0,12.0,0.0,ML,,,,2.1,0.1,3
985091,1996-05-18T14:17:03Z,-40.62,0.0,174.58,0.0,55.0,10.0,ML,,,,2.0,0.2,6
985094,1996-05-18T15:12:27Z,-41.23,0.0,174.47,0.0,34.0,1.0,ML,,,,1.7,0.1,5
985317,1996-05-18T15:26:56Z,-39.33,0.0,173.89,0.0,26.0,2.0,ML,,,,1.3,0.1,2
985318,1996-05-18T16:01:18Z,-39.56,0.0,175.6,0.0,5.0,0.0,ML,,,,1.9,0.1,5
988309,1996-05-18T16:20:58Z,-39.26,0.0,173.87,0.0,21.0,1.0,ML,,,,1.8,0.0,2
985096,1996-05-18T16:36:59Z,-40.23,0.1,174.45,0.1,200.0,9.0,ML,,,,2.4,0.2,6
985098,1996-05-18T16:43:38Z,-40.34,0.0,174.8,0.0,12.0,0.0,ML,,,,1.9,0.1,8
985099,1996-05-18T16:59:19Z,-38.52,0.0,175.8,0.0,158.0,4.0,ML,,,,3.9,0.2,22
987524,1996-05-18T17:28:29Z,-39.28,0.0,175.56,0.0,0.0,0.0,ML,,,,0.7,0.1,2
985100,1996-05-18T18:56:51Z,-39.83,0.0,175.41,0.0,30.0,2.0,ML,,,,2.4,0.2,14
987852,1996-05-18T19:13:07Z,-39.25,0.0,174.95,0.0,33.0,0.0,ML,,,,1.9,0.0,4
990102,1996-05-18T19:55:21Z,-39.28,0.0,175.56,0.0,0.0,0.0,ML,,,,0.5,0.0,2
985101,1996-05-18T20:34:39Z,-41.15,0.0,175.09,0.0,5.0,0.0,ML,,,,2.3,0.2,13
990207,1996-05-18T20:36:10Z,-39.28,0.0,175.56,0.0,0.0,0.0,ML,,,,0.5,0.1,2
985323,1996-05-18T21:26:30Z,-37.78,0.0,179.34,0.0,16.0,2.0,ML,,,,3.1,0.3,4
990208,1996-05-18T21:48:33Z,-39.28,0.0,175.56,0.0,0.0,0.0,ML,,,,0.9,0.1,3
993371,1996-05-18T21:58:29Z,-38.18,0.0,176.6,0.0,5.0,0.0,ML,,,,1.7,0.1,3
985102,1996-05-18T21:59:34Z,-39.15,0.0,175.4,0.0,12.0,0.0,ML,,,,3.1,0.3,7
985103,1996-05-18T22:03:51Z,-40.48,0.0,174.11,0.0,33.0,0.0,ML,,,,2.1,0.2,3
985329,1996-05-18T22:12:40Z,-39.07,0.1,175.68,0.1,5.0,0.0,ML,,,,1.4,0.4,3
985330,1996-05-18T22:13:59Z,-38.25,0.0,176.27,0.0,160.0,3.0,ML,,,,4.7,0.2,24
985105,1996-05-18T22:52:56Z,-40.35,0.0,176.22,0.0,60.0,3.0,ML,,,,3.2,0.3,16
985106,1996-05-19T00:07:14Z,-40.08,0.0,176.95,0.0,36.0,6.0,ML,,,,4.1,0.2,19
987732,1996-05-19T00:38:56Z,-39.46,0.0,173.77,0.0,11.0,1.0,ML,,,,1.6,0.3,2
985337,1996-05-19T00:41:18Z,-38.47,0.0,176.7,0.0,70.0,3.0,ML,,,,3.2,0.3,7
987775,1996-05-19T01:28:49Z,-39.98,0.0,176.63,0.0,43.0,4.0,ML,,,,2.3,0.1,3
988092,1996-05-19T01:44:47Z,-39.13,0.0,175.63,0.0,5.0,0.0,ML,,,,2.0,0.2,4
993384,1996-05-19T01:44:59Z,-39.12,0.0,175.62,0.0,5.0,0.0,ML,,,,1.7,0.1,5
987627,1996-05-19T01:50:35Z,-45.12,0.0,167.4,0.0,120.0,5.0,ML,,,,3.4,0.4,6
990209,1996-05-19T01:56:41Z,-39.13,0.0,175.64,0.0,5.0,0.0,ML,,,,1.3,0.2,3
987776,1996-05-19T01:59:40Z,-39.99,0.0,176.69,0.0,43.0,4.0,ML,,,,2.5,0.2,2
985107,1996-05-19T02:10:45Z,-41.11,0.0,174.73,0.0,55.0,0.0,ML,,,,2.1,0.1,5
988098,1996-05-19T03:47:28Z,-39.28,0.0,175.56,0.0,0.0,0.0,ML,,,,0.7,0.1,4
985108,1996-05-19T03:58:51Z,-40.77,0.0,174.3,0.0,63.0,4.0,ML,,,,2.8,0.2,11
994184,1996-05-19T03:59:22Z,-39.28,0.0,175.56,0.0,0.0,0.0,ML,,,,0.8,0.1,3
987677,1996-05-19T04:47:03Z,-44.66,0.1,168.24,0.0,92.0,12.0,ML,,,,2.5,0.3,4
987678,1996-05-19T05:03:53Z,-45.15,0.0,167.35,0.0,79.0,1.0,ML,,,,2.6,0.3,3
987679,1996-05-19T05:16:15Z,-45.65,0.0,167.51,0.0,18.0,2.0,ML,,,,2.1,0.0,2
985112,1996-05-19T05:25:19Z,-39.92,0.0,173.1,0.0,33.0,0.0,ML,,,,2.8,0.3,14
985113,1996-05-19T05:52:09Z,-38.24,0.1,175.38,0.2,160.0,16.0,ML,,,,3.5,0.2,16
985116,1996-05-19T07:12:18Z,-41.22,0.0,173.67,0.0,74.0,2.0,ML,,,,2.7,0.2,10
987395,1996-05-19T07:38:57Z,-39.48,0.0,175.76,0.0,12.0,0.0,ML,,,,1.4,0.1,3
994270,1996-05-19T08:27:22Z,-39.28,0.0,175.56,0.0,0.0,0.0,ML,,,,0.6,0.0,2
985351,1996-05-19T08:28:05Z,-38.66,0.0,177.77,0.0,72.0,4.0,ML,,,,3.4,0.1,4
987777,1996-05-19T08:43:17Z,-39.76,0.0,176.82,0.0,49.0,5.0,ML,,,,2.5,0.1,3
985118,1996-05-19T09:15:47Z,-40.97,0.0,174.53,0.0,51.0,1.0,ML,,,,2.6,0.2,10
985355,1996-05-19T09:50:05Z,-37.43,0.0,179.3,0.0,12.0,0.0,ML,,,,3.3,0.3,4
985120,1996-05-19T10:16:32Z,-41.14,0.0,175.14,0.0,22.0,1.0,ML,,,,1.8,0.2,7
990211,1996-05-19T11:13:00Z,-39.28,0.0,175.56,0.0,0.0,0.0,ML,,,,1.0,0.1,3
985121,1996-05-19T11:54:11Z,-37.88,0.0,177.29,0.0,69.0,1.0,ML,,,,4.1,0.2,21
990212,1996-05-19T12:42:49Z,-39.08,0.0,175.66,0.0,5.0,0.0,ML,,,,1.4,0.4,3
985122,1996-05-19T12:56:51Z,-41.36,0.0,174.65,0.0,30.0,1.0,ML,,,,1.3,0.1,4
990213,1996-05-19T13:04:20Z,-39.08,0.0,175.67,0.1,5.0,0.0,ML,,,,0.8,0.3,3
990214,1996-05-19T13:11:10Z,-39.08,0.0,175.66,0.0,5.0,0.0,ML,,,,0.9,0.3,3
985123,1996-05-19T14:28:19Z,-41.18,0.0,174.65,0.0,51.0,2.0,ML,,,,2.8,0.2,12
987938,1996-05-19T14:59:09Z,-42.58,0.0,173.45,0.0,12.0,0.0,ML,,,,2.4,0.2,2
990215,1996-05-19T18:08:18Z,-39.28,0.0,175.56,0.0,0.0,0.0,ML,,,,0.8,0.1,2
985365,1996-05-19T18:13:42Z,-35.84,0.1,178.25,0.1,187.0,7.0,ML,,,,3.6,0.1,3
985129,1996-05-19T19:08:45Z,-40.22,0.1,173.49,0.0,155.0,9.0,ML,,,,3.0,0.3,4
985130,1996-05-19T19:39:55Z,-40.49,0.0,176.0,0.0,55.0,7.0,ML,,,,2.6,0.0,2
985133,1996-05-19T20:33:23Z,-41.04,0.0,175.55,0.0,29.0,2.0,ML,,,,2.3,0.1,6
985371,1996-05-19T20:41:19Z,-39.28,0.0,175.56,0.0,0.0,0.0,ML,,,,0.8,0.1,3
989927,1996-05-19T20:57:00Z,-39.2,0.0,175.03,0.0,12.0,0.0,ML,,,,1.6,0.2,3
994864,1996-05-19T20:57:17Z,-39.28,0.0,175.56,0.0,0.0,0.0,ML,,,,0.8,0.1,3
987634,1996-05-19T21:33:11Z,-44.98,0.0,167.75,0.0,114.0,0.0,ML,,,,3.1,0.1,2
985135,1996-05-19T21:49:02Z,-38.19,0.0,176.23,0.0,5.0,0.0,ML,,,,2.2,0.2,3
988143,1996-05-19T22:26:33Z,-39.28,0.0,175.56,0.0,0.0,0.0,ML,,,,0.8,0.1,3
985373,1996-05-19T22:33:12Z,-37.16,0.1,177.35,0.0,12.0,0.0,ML,,,,3.3,0.2,4
985136,1996-05-19T22:42:10Z,-40.13,0.0,174.96,0.0,12.0,0.0,ML,,,,2.3,0.1,6
987683,1996-05-19T22:57:41Z,-46.4,0.0,168.79,0.0,12.0,0.0,ML,,,,2.5,0.1,3
987636,1996-05-19T23:58:04Z,-44.73,0.0,167.91,0.0,92.0,7.0,ML,,,,2.8,0.1,5
985377,1996-05-20T00:36:35Z,-39.59,0.0,176.72,0.0,22.0,2.0,ML,,,,3.1,0.2,9
994271,1996-05-20T00:37:55Z,-36.77,0.2,176.48,0.2,209.0,12.0,ML,,,,3.6,0.2,6
987641,1996-05-20T02:12:33Z,-39.28,0.0,175.56,0.0,0.0,0.0,ML,,,,0.9,0.2,3
985382,1996-05-20T02:44:58Z,-35.8,0.1,177.89,0.1,194.0,13.0,ML,,,,3.6,0.4,2
987527,1996-05-20T04:14:11Z,-39.15,0.0,175.39,0.0,13.0,1.0,ML,,,,2.8,0.3,7
985140,1996-05-20T04:53:36Z,-40.29,0.1,174.33,0.0,92.0,7.0,ML,,,,2.6,0.3,6
985141,1996-05-20T05:09:04Z,-40.21,0.0,174.78,0.0,33.0,0.0,ML,,,,3.2,0.2,20
989415,1996-05-20T05:33:48Z,-39.51,0.0,175.7,0.0,12.0,0.0,ML,,,,1.7,0.1,4
985142,1996-05-20T05:42:21Z,-39.1,0.0,175.66,0.1,5.0,0.0,ML,,,,0.9,0.4,3
994272,1996-05-20T05:42:38Z,-40.58,0.0,173.46,0.0,158.0,4.0,ML,,,,3.2,0.2,9
987647,1996-05-20T06:45:17Z,-45.19,0.0,167.35,0.0,71.0,1.0,ML,,,,2.7,0.3,6
993348,1996-05-20T08:59:39Z,-39.58,0.0,175.62,0.0,22.0,3.0,ML,,,,1.9,0.1,4
987867,1996-05-20T09:04:34Z,-37.91,0.0,179.28,0.0,12.0,0.0,ML,,,,2.6,0.2,3
985389,1996-05-20T09:39:02Z,-37.69,0.2,176.2,0.2,181.0,14.0,ML,,,,3.4,0.2,7
993349,1996-05-20T11:29:40Z,-39.29,0.0,175.19,0.0,33.0,0.0,ML,,,,1.8,0.2,3
987529,1996-05-20T11:51:27Z,-39.82,0.0,175.11,0.0,28.0,2.0,ML,,,,2.4,0.3,6
987688,1996-05-20T12:15:35Z,-44.75,0.0,167.14,0.1,12.0,0.0,ML,,,,2.9,0.2,3
986894,1996-05-20T13:24:45Z,-41.74,0.0,173.67,0.0,54.0,4.0,ML,,,,2.4,0.3,4
985395,1996-05-20T14:12:10Z,-37.18,0.0,177.37,0.0,136.0,4.0,ML,,,,3.3,0.1,4
994403,1996-05-20T14:12:18Z,-45.3,0.0,167.15,0.0,67.0,3.0,ML,,,,2.0,0.0,2
986895,1996-05-20T15:54:14Z,-41.28,0.0,175.12,0.0,23.0,0.0,ML,,,,1.8,0.2,7
986896,1996-05-20T15:59:34Z,-41.14,0.0,173.98,0.0,53.0,2.0,ML,,,,2.1,0.1,3
985401,1996-05-20T16:17:29Z,-38.42,0.0,176.04,0.0,160.0,5.0,ML,,,,4.2,0.3,19
985402,1996-05-20T17:16:13Z,-38.21,0.0,176.48,0.0,12.0,0.0,ML,,,,2.1,0.2,5
994865,1996-05-20T17:20:47Z,-38.21,0.0,176.5,0.0,12.0,0.0,ML,,,,2.0,0.2,6
985403,1996-05-20T17:21:51Z,-38.29,0.1,176.0,0.1,142.0,5.0,ML,,,,3.4,0.2,9
986897,1996-05-20T17:34:18Z,-41.15,0.0,174.33,0.0,66.0,0.0,ML,,,,2.1,0.1,4
988270,1996-05-20T17:39:07Z,-38.19,0.0,176.51,0.0,13.0,1.0,ML,,,,2.3,0.2,6
986898,1996-05-20T18:49:50Z,-40.13,0.0,176.55,0.1,56.0,7.0,ML,,,,3.1,0.2,3
994529,1996-05-20T18:51:20Z,-41.5,0.0,173.77,0.0,53.0,2.0,ML,,,,2.6,0.2,5
986899,1996-05-20T19:02:02Z,-40.47,0.0,173.94,0.0,102.0,3.0,ML,,,,3.1,0.2,9
985409,1996-05-20T19:22:56Z,-40.7,0.0,174.99,0.0,12.0,0.0,ML,,,,2.0,0.2,5
986900,1996-05-20T23:05:15Z,-40.58,0.0,174.63,0.0,27.0,1.0,ML,,,,2.0,0.1,6
989182,1996-05-21T00:36:01Z,-40.1,0.0,176.52,0.0,33.0,0.0,ML,,,,2.7,0.0,3
989183,1996-05-21T01:51:15Z,-40.15,0.1,176.49,0.1,33.0,0.0,ML,,,,2.5,0.1,2
986901,1996-05-21T02:13:28Z,-41.47,0.0,173.26,0.0,74.0,4.0,ML,,,,2.4,0.2,3
986902,1996-05-21T03:34:15Z,-40.41,0.0,174.54,0.0,58.0,5.0,ML,,,,3.5,0.9,12
986904,1996-05-21T04:59:05Z,-37.25,0.1,177.11,0.1,128.0,8.0,ML,,,,3.6,0.2,3
987696,1996-05-21T05:33:59Z,-45.17,0.0,167.39,0.0,115.0,3.0,ML,,,,3.7,0.3,5
987697,1996-05-21T05:57:01Z,-44.73,0.0,167.26,0.0,12.0,0.0,ML,,,,2.7,0.3,2
986905,1996-05-21T06:59:42Z,-41.35,0.0,172.69,0.0,183.0,4.0,ML,,,,3.3,0.2,10
987093,1996-05-21T07:20:22Z,-38.37,0.0,177.24,0.0,55.0,0.0,ML,,,,2.8,0.2,3
989189,1996-05-21T07:55:20Z,-39.43,0.0,176.57,0.0,46.0,3.0,ML,,,,2.5,0.2,2
994530,1996-05-21T08:23:18Z,-40.13,0.1,174.53,0.2,160.0,12.0,ML,,,,3.0,0.1,3
986907,1996-05-21T08:43:18Z,-39.52,0.0,174.5,0.0,136.0,4.0,ML,,,,3.5,0.2,14
986908,1996-05-21T09:28:10Z,-39.67,0.0,174.24,0.0,196.0,7.0,ML,,,,3.4,0.3,13
988314,1996-05-21T09:38:37Z,-39.26,0.0,175.02,0.0,12.0,0.0,ML,,,,2.9,0.2,7
986909,1996-05-21T09:41:39Z,-42.4,0.0,172.64,0.0,33.0,0.0,ML,,,,3.8,0.4,5
989062,1996-05-21T10:09:05Z,-39.22,0.0,174.94,0.0,19.0,2.0,ML,,,,2.6,0.1,4
987098,1996-05-21T11:07:52Z,-35.95,0.0,178.05,0.0,222.0,4.0,ML,,,,3.6,0.2,3
986910,1996-05-21T11:59:47Z,-41.68,0.0,174.2,0.0,31.0,1.0,ML,,,,3.5,0.2,17
986911,1996-05-21T12:09:00Z,-41.7,0.0,174.15,0.0,34.0,1.0,ML,,,,2.4,0.2,7
986912,1996-05-21T13:46:18Z,-41.08,0.0,175.11,0.0,24.0,1.0,ML,,,,2.4,0.2,12
986913,1996-05-21T14:03:56Z,-41.67,0.0,174.19,0.0,32.0,1.0,ML,,,,3.6,0.5,18
986914,1996-05-21T16:21:58Z,-40.86,0.0,176.06,0.0,29.0,2.0,ML,,,,2.3,0.2,8
987700,1996-05-21T17:26:12Z,-45.3,0.0,167.02,0.0,64.0,2.0,ML,,,,2.4,0.0,2
986915,1996-05-21T17:30:48Z,-38.51,0.0,175.72,0.0,148.0,4.0,ML,,,,3.8,0.2,21
986916,1996-05-21T17:53:56Z,-41.09,0.0,173.38,0.0,106.0,3.0,ML,,,,3.1,0.2,8
989195,1996-05-21T18:17:34Z,-40.37,0.0,176.9,0.0,53.0,3.0,ML,,,,3.2,0.1,4
990226,1996-05-21T19:32:13Z,-39.28,0.0,175.56,0.0,0.0,0.0,ML,,,,0.5,0.0,2
986917,1996-05-21T21:29:11Z,-39.28,0.0,175.56,0.0,0.0,0.0,ML,,,,0.8,0.1,3
989421,1996-05-21T22:07:20Z,-39.25,0.0,173.81,0.0,16.0,1.0,ML,,,,1.7,0.1,2
986921,1996-05-22T00:08:03Z,-40.48,0.0,173.47,0.0,154.0,4.0,ML,,,,3.5,0.2,9
988281,1996-05-22T01:50:41Z,-38.31,0.0,176.34,0.0,5.0,0.0,ML,,,,2.1,0.1,3
986928,1996-05-22T02:55:36Z,-41.65,0.0,174.25,0.0,9.0,2.0,ML,,,,2.6,0.5,12
986935,1996-05-22T07:31:16Z,-41.34,0.0,174.62,0.0,30.0,1.0,ML,,,,2.4,0.2,13
989570,1996-05-22T09:56:40Z,-38.34,0.0,177.65,0.0,66.0,3.0,ML,,,,3.7,0.2,12
987107,1996-05-22T11:03:38Z,-39.18,0.0,176.86,0.0,29.0,3.0,ML,,,,2.9,0.2,8
989201,1996-05-22T11:06:16Z,-39.98,0.0,176.59,0.0,33.0,0.0,ML,,,,2.3,0.1,2
986936,1996-05-22T11:18:02Z,-40.22,0.0,173.63,0.0,145.0,3.0,ML,,,,4.2,0.3,17
993365,1996-05-22T12:08:17Z,-39.28,0.0,175.56,0.0,0.0,0.0,ML,,,,0.9,0.1,3
989573,1996-05-22T12:37:17Z,-39.35,0.0,175.11,0.0,12.0,0.0,ML,,,,2.3,0.2,3
989066,1996-05-22T12:45:05Z,-39.46,0.0,175.72,0.0,17.0,2.0,ML,,,,2.5,0.2,6
986941,1996-05-22T13:56:07Z,-38.7,0.1,175.76,0.0,197.0,8.0,ML,,,,3.6,0.2,5
994533,1996-05-22T13:57:47Z,-40.1,0.0,174.91,0.0,24.0,2.0,ML,,,,2.9,0.2,13
993368,1996-05-22T14:26:37Z,-39.46,0.0,175.65,0.0,12.0,0.0,ML,,,,2.0,0.1,3
989067,1996-05-22T14:41:30Z,-39.29,0.0,175.08,0.0,21.0,2.0,ML,,,,2.7,0.2,4
986943,1996-05-22T15:26:55Z,-38.38,0.0,177.74,0.0,29.0,2.0,ML,,,,4.0,0.3,34
994534,1996-05-22T15:28:07Z,-40.37,0.0,173.47,0.0,179.0,5.0,ML,,,,3.6,0.2,5
989578,1996-05-22T16:26:20Z,-39.23,0.0,175.1,0.0,33.0,0.0,ML,,,,2.6,0.2,4
986947,1996-05-22T17:44:54Z,-40.13,0.0,174.87,0.0,12.0,0.0,ML,,,,2.5,0.2,6
988284,1996-05-22T18:47:15Z,-38.35,0.0,176.24,0.0,5.0,0.0,ML,,,,1.9,0.2,3
994068,1996-05-22T19:06:40Z,-39.28,0.0,175.56,0.0,0.0,0.0,ML,,,,0.6,0.0,2
987445,1996-05-22T19:40:13Z,-45.18,0.0,167.12,0.1,5.0,0.0,ML,,,,2.4,0.4,3
986950,1996-05-22T20:51:13Z,-43.04,0.0,171.41,0.0,5.0,0.0,ML,,,,3.0,0.3,6
994071,1996-05-22T21:33:22Z,-39.28,0.0,175.56,0.0,0.0,0.0,ML,,,,0.9,0.1,2
986952,1996-05-22T22:26:47Z,-41.48,0.0,172.95,0.0,122.0,3.0,ML,,,,2.2,0.1,4
986956,1996-05-23T02:12:27Z,-41.86,0.0,173.28,0.0,80.0,4.0,ML,,,,2.7,0.2,8
989211,1996-05-23T03:24:47Z,-39.97,0.0,176.72,0.0,47.0,1.0,ML,,,,2.4,0.3,3
989347,1996-05-23T04:48:31Z,-40.54,0.0,174.13,0.0,92.0,3.0,ML,,,,3.2,0.3,11
986962,1996-05-23T05:23:28Z,-40.45,0.0,174.45,0.0,25.0,3.0,ML,,,,2.6,0.2,8
989587,1996-05-23T05:38:49Z,-39.22,0.0,175.35,0.0,12.0,0.0,ML,,,,2.1,0.2,3
986963,1996-05-23T05:46:04Z,-40.27,0.0,176.67,0.0,50.0,3.0,ML,,,,3.2,0.3,14
994072,1996-05-23T06:37:33Z,-39.28,0.0,175.56,0.0,0.0,0.0,ML,,,,0.8,0.2,3
994074,1996-05-23T06:57:28Z,-39.28,0.0,175.56,0.0,0.0,0.0,ML,,,,0.9,0.1,3
987453,1996-05-23T08:51:27Z,-39.28,0.0,175.56,0.0,0.0,0.0,ML,,,,0.7,nan,1
987454,1996-05-23T08:58:13Z,-39.28,0.0,175.56,0.0,0.0,0.0,ML,,,,0.8,0.1,3
987455,1996-05-23T09:04:57Z,-39.26,0.0,175.48,0.0,5.0,0.0,ML,,,,1.2,0.2,3
989466,1996-05-23T09:55:01Z,-43.67,0.0,170.46,0.1,5.0,0.0,ML,,,,2.5,0.2,4
989596,1996-05-23T10:40:05Z,-39.28,0.0,175.56,0.0,0.0,0.0,ML,,,,0.8,0.1,3
989130,1996-05-23T11:54:34Z,-44.99,0.0,167.5,0.0,12.0,0.0,ML,,,,2.2,nan,1
989867,1996-05-23T12:26:31Z,-38.89,0.0,176.12,0.0,82.0,4.0,ML,,,,3.9,0.2,19
986967,1996-05-23T13:16:26Z,-36.64,0.0,177.2,0.0,226.0,3.0,ML,,,,4.1,0.2,22
987134,1996-05-23T13:26:14Z,-39.42,0.0,177.96,0.0,30.0,2.0,ML,,,,3.5,0.2,16
987136,1996-05-23T14:40:26Z,-45.74,0.0,167.56,0.0,12.0,0.0,ML,,,,1.9,0.0,2
987138,1996-05-23T15:26:24Z,-41.43,0.0,172.78,0.0,98.0,2.0,ML,,,,2.0,nan,1
994083,1996-05-23T16:52:59Z,-39.28,0.0,175.56,0.0,0.0,0.0,ML,,,,0.6,0.0,2
986968,1996-05-23T17:06:45Z,-41.01,0.0,175.59,0.0,24.0,1.0,ML,,,,1.9,0.1,4
994536,1996-05-23T17:30:53Z,-39.28,0.0,175.56,0.0,0.0,0.0,ML,,,,0.6,nan,1
986969,1996-05-23T17:31:10Z,-39.94,0.0,175.31,0.0,12.0,0.0,ML,,,,2.8,0.2,10
986970,1996-05-23T17:42:51Z,-39.68,0.0,175.87,0.0,12.0,0.0,ML,,,,2.7,0.2,7
994086,1996-05-23T17:56:49Z,-39.28,0.0,175.56,0.0,0.0,0.0,ML,,,,0.5,0.0,2
986971,1996-05-23T18:17:03Z,-40.66,0.2,174.07,0.1,106.0,13.0,ML,,,,2.5,0.1,2
994537,1996-05-23T18:19:37Z,-39.28,0.0,175.56,0.0,0.0,0.0,ML,,,,0.7,0.1,3
986973,1996-05-23T18:33:14Z,-39.51,0.0,175.58,0.0,12.0,0.0,ML,,,,2.5,0.3,5
989609,1996-05-23T22:20:55Z,-39.27,0.0,173.86,0.1,12.0,0.0,ML,,,,1.4,nan,1
986980,1996-05-23T23:28:24Z,-41.25,0.0,174.89,0.0,26.0,3.0,ML,,,,2.1,0.2,5
986981,1996-05-24T00:33:12Z,-40.73,0.0,174.53,0.0,12.0,0.0,ML,,,,1.6,0.2,4
989471,1996-05-24T01:47:49Z,-43.16,0.0,171.45,0.0,12.0,0.0,ML,,,,2.4,0.3,4
989362,1996-05-24T02:58:44Z,-41.63,0.0,172.08,0.0,5.0,0.0,ML,,,,2.3,0.1,3
989233,1996-05-24T03:26:33Z,-38.24,0.0,178.78,0.0,12.0,0.0,ML,,,,2.6,0.3,3
987158,1996-05-24T04:56:19Z,-37.4,0.0,177.27,0.0,132.0,4.0,ML,,,,3.3,0.1,3
989614,1996-05-24T06:22:55Z,-38.65,0.0,175.88,0.0,12.0,0.0,ML,,,,2.1,0.3,3
989616,1996-05-24T06:46:01Z,-39.28,0.0,175.56,0.0,0.0,0.0,ML,,,,0.7,0.0,2
986983,1996-05-24T07:46:28Z,-39.9,0.0,175.33,0.0,39.0,8.0,ML,,,,2.8,0.1,5
987177,1996-05-24T12:25:25Z,-38.67,0.0,177.77,0.0,33.0,0.0,ML,,,,2.6,0.1,3
986984,1996-05-24T14:10:42Z,-41.0,0.1,174.24,0.0,78.0,5.0,ML,,,,2.2,0.2,3
994538,1996-05-24T14:13:02Z,-39.0,0.0,173.93,0.0,12.0,0.0,ML,,,,1.9,0.3,3
994093,1996-05-24T15:06:50Z,-39.28,0.0,175.56,0.0,0.0,0.0,ML,,,,0.9,0.1,3
989072,1996-05-24T15:20:04Z,-39.87,0.1,175.0,0.1,33.0,0.0,ML,,,,1.9,0.1,4
986985,1996-05-24T15:45:01Z,-41.18,0.1,174.65,0.0,42.0,4.0,ML,,,,2.0,0.2,5
994098,1996-05-24T18:19:47Z,-39.28,0.0,175.56,0.0,0.0,0.0,ML,,,,0.9,0.1,3
989878,1996-05-24T19:04:37Z,-39.28,0.0,175.56,0.0,0.0,0.0,ML,,,,0.9,0.1,3
987190,1996-05-24T19:07:46Z,-39.28,0.0,175.56,0.0,0.0,0.0,ML,,,,0.8,0.1,2
986986,1996-05-24T19:16:13Z,-42.73,0.0,175.03,0.0,33.0,0.0,ML,,,,3.8,0.3,24
996519,1996-05-24T19:16:21Z,-42.88,0.0,175.18,0.0,33.0,0.0,ML,,,,3.2,0.3,9
987191,1996-05-24T19:32:06Z,-39.28,0.0,175.56,0.0,0.0,0.0,ML,,,,0.7,0.1,2
994056,1996-05-24T20:00:55Z,-39.68,0.0,177.21,0.1,27.0,5.0,ML,,,,2.4,0.1,3
992502,1996-05-24T20:08:38Z,-38.4,0.0,176.41,0.0,5.0,0.0,ML,,,,2.1,0.0,3
986987,1996-05-24T21:22:52Z,-37.96,0.1,175.72,0.1,245.0,7.0,ML,,,,3.9,0.2,18
994539,1996-05-24T21:25:24Z,-39.38,0.0,175.07,0.0,191.0,7.0,ML,,,,3.4,0.2,5
986990,1996-05-24T21:27:22Z,-37.64,0.0,179.38,0.0,12.0,0.0,ML,,,,3.5,0.2,3
987195,1996-05-24T21:50:53Z,-37.68,0.0,177.02,0.0,5.0,0.0,ML,,,,2.9,0.3,4
991881,1996-05-24T21:57:16Z,-39.28,0.0,175.56,0.0,0.0,0.0,ML,,,,1.0,nan,1
989641,1996-05-24T22:07:04Z,-38.3,0.0,176.38,0.0,5.0,0.0,ML,,,,2.3,0.2,3
994540,1996-05-24T22:07:39Z,-38.3,0.0,176.34,0.0,5.0,0.0,ML,,,,2.0,0.2,3
987197,1996-05-24T22:17:23Z,-35.81,0.1,178.12,0.1,152.0,11.0,ML,,,,3.9,0.2,4
987211,1996-05-25T00:22:26Z,-37.33,0.0,177.41,0.0,90.0,4.0,ML,,,,3.5,0.3,4
986991,1996-05-25T01:27:15Z,-41.11,0.0,173.47,0.0,82.0,3.0,ML,,,,3.1,0.1,3
989257,1996-05-25T01:40:31Z,-39.28,0.0,175.56,0.0,0.0,0.0,ML,,,,0.8,nan,1
989133,1996-05-25T02:37:35Z,-45.28,0.0,167.02,0.0,21.0,2.0,ML,,,,2.4,0.1,1
986992,1996-05-25T06:06:52Z,-37.94,0.0,176.69,0.0,139.0,4.0,ML,,,,3.9,0.2,15
989134,1996-05-25T07:14:40Z,-45.07,0.0,167.4,0.0,62.0,3.0,ML,,,,2.7,0.4,2
987228,1996-05-25T07:54:33Z,-38.6,0.0,176.31,0.0,12.0,0.0,ML,,,,3.1,0.2,6
994863,1996-05-25T07:56:47Z,-44.88,0.0,167.67,0.0,76.0,5.0,ML,,,,3.4,0.2,5
989511,1996-05-25T07:57:29Z,-39.38,0.0,177.07,0.1,28.0,3.0,ML,,,,2.5,0.1,3
989167,1996-05-25T08:02:53Z,-40.34,0.0,176.46,0.0,52.0,7.0,ML,,,,3.1,0.1,3
986995,1996-05-25T08:15:36Z,-40.57,0.0,174.13,0.0,66.0,4.0,ML,,,,2.8,0.3,7
986997,1996-05-25T09:40:37Z,-36.72,0.0,177.27,0.0,194.0,2.0,ML,,,,3.7,0.3,4
987000,1996-05-25T11:04:28Z,-41.69,0.0,173.29,0.0,68.0,8.0,ML,,,,2.7,0.3,4
987001,1996-05-25T11:09:03Z,-41.28,0.0,174.78,0.0,24.0,1.0,ML,,,,1.9,0.1,3
989073,1996-05-25T11:19:05Z,-45.11,0.0,167.56,0.1,121.0,4.0,ML,,,,2.8,0.3,2
987003,1996-05-25T11:50:30Z,-41.59,0.0,174.66,0.0,33.0,1.0,ML,,,,2.5,0.1,5
987232,1996-05-25T12:07:18Z,-36.74,0.0,177.19,0.0,5.0,0.0,ML,,,,3.4,0.2,3
987005,1996-05-25T12:46:50Z,-39.28,0.0,175.56,0.0,0.0,0.0,ML,,,,0.9,0.0,2
987008,1996-05-25T14:08:39Z,-40.33,0.0,173.43,0.0,179.0,3.0,ML,,,,3.9,0.2,13
987013,1996-05-25T16:43:16Z,-41.27,0.0,175.23,0.0,25.0,0.0,ML,,,,1.7,0.2,7
987241,1996-05-25T19:39:36Z,-45.25,0.1,166.63,0.1,12.0,0.0,ML,,,,2.6,0.0,2
987015,1996-05-25T20:15:23Z,-41.19,0.0,173.78,0.0,44.0,5.0,ML,,,,2.2,0.2,7
987243,1996-05-25T21:27:21Z,-38.11,0.0,176.69,0.0,5.0,0.0,ML,,,,2.2,0.2,5
987244,1996-05-25T21:59:14Z,-40.71,0.1,176.52,0.1,27.0,8.0,ML,,,,3.1,0.1,3
992925,1996-05-25T22:41:19Z,-40.73,0.0,176.55,0.0,33.0,0.0,ML,,,,3.3,0.2,3
987016,1996-05-25T22:50:32Z,-40.61,0.0,176.45,0.0,44.0,5.0,ML,,,,3.7,0.2,18
987250,1996-05-25T22:54:34Z,-38.1,0.0,176.69,0.0,5.0,0.0,ML,,,,2.0,0.2,5
987252,1996-05-25T23:38:28Z,-38.02,0.0,179.15,0.1,12.0,0.0,ML,,,,3.0,0.2,3
992934,1996-05-26T01:02:36Z,-40.1,0.0,176.9,0.0,32.0,1.0,ML,,,,2.6,0.3,4
987254,1996-05-26T01:06:06Z,-38.1,0.0,176.69,0.0,9.0,2.0,ML,,,,2.7,0.2,5
989708,1996-05-26T01:27:22Z,-38.11,0.0,176.7,0.0,9.0,2.0,ML,,,,2.2,0.1,4
987259,1996-05-26T03:37:36Z,-38.12,0.0,176.67,0.0,5.0,0.0,ML,,,,2.1,0.2,5
987260,1996-05-26T04:06:32Z,-38.1,0.0,176.68,0.0,10.0,2.0,ML,,,,2.8,0.3,6
987022,1996-05-26T04:35:03Z,-40.25,0.0,175.87,0.0,40.0,4.0,ML,,,,3.0,0.1,10
987028,1996-05-26T05:22:15Z,-40.51,0.0,173.87,0.0,89.0,4.0,ML,,,,3.0,0.3,6
989138,1996-05-26T05:53:45Z,-44.92,0.0,167.61,0.0,5.0,0.0,ML,,,,2.0,0.2,2
992505,1996-05-26T06:46:10Z,-38.07,0.0,176.66,0.0,5.0,0.0,ML,,,,2.0,0.1,3
987034,1996-05-26T07:46:41Z,-41.23,0.0,174.68,0.0,33.0,1.0,ML,,,,2.6,0.2,11
987035,1996-05-26T07:59:22Z,-40.35,0.0,174.75,0.0,103.0,2.0,ML,,,,2.3,0.2,9
987037,1996-05-26T09:01:21Z,-41.18,0.0,173.53,0.0,77.0,3.0,ML,,,,2.4,0.2,3
987041,1996-05-26T10:13:02Z,-39.03,0.0,174.96,0.0,218.0,3.0,ML,,,,5.7,0.3,4
989140,1996-05-26T12:09:59Z,-47.2,0.0,165.09,0.0,12.0,0.0,ML,,,,3.9,0.2,5
987055,1996-05-26T13:02:38Z,-40.81,0.0,174.79,0.0,8.0,2.0,ML,,,,1.8,0.1,5
987057,1996-05-26T13:34:55Z,-38.02,0.0,176.01,0.0,180.0,6.0,ML,,,,3.6,0.2,15
989389,1996-05-26T16:31:09Z,-42.26,0.0,172.8,0.0,86.0,0.0,ML,,,,2.5,nan,1
987064,1996-05-26T17:25:34Z,-41.39,0.0,174.64,0.0,23.0,1.0,ML,,,,2.2,0.1,7
987065,1996-05-26T17:57:58Z,-41.38,0.0,174.64,0.0,23.0,1.0,ML,,,,1.9,0.1,4
987069,1996-05-26T19:34:31Z,-39.88,0.0,175.04,0.0,68.0,5.0,ML,,,,2.7,nan,1
987070,1996-05-26T20:21:19Z,-40.57,0.0,174.62,0.0,30.0,4.0,ML,,,,2.0,0.1,3
987073,1996-05-26T21:30:03Z,-38.01,0.0,179.18,0.1,12.0,0.0,ML,,,,3.2,0.5,4
989143,1996-05-27T01:32:51Z,-45.02,0.0,167.48,0.0,85.0,3.0,ML,,,,2.9,0.3,4
987076,1996-05-27T03:01:21Z,-41.53,0.0,172.25,0.0,5.0,0.0,ML,,,,2.9,0.1,3
989145,1996-05-27T03:59:35Z,-45.1,0.0,167.35,0.0,105.0,2.0,ML,,,,3.6,0.2,5
987079,1996-05-27T05:55:29Z,-39.78,0.0,176.7,0.0,52.0,2.0,ML,,,,4.2,0.3,4
992509,1996-05-27T06:06:01Z,-38.07,0.0,176.66,0.0,12.0,0.0,ML,,,,2.0,0.1,4
989766,1996-05-27T06:08:04Z,-38.07,0.0,176.63,0.0,12.0,0.0,ML,,,,2.0,0.1,4
987080,1996-05-27T06:14:30Z,-38.86,0.0,176.03,0.0,94.0,3.0,ML,,,,3.9,0.3,21
987303,1996-05-27T06:53:13Z,-38.11,0.0,176.68,0.0,5.0,0.0,ML,,,,2.0,0.2,5
992510,1996-05-27T06:54:23Z,-38.11,0.0,176.64,0.0,5.0,0.0,ML,,,,2.0,0.1,4
995519,1996-05-27T07:10:42Z,-38.1,0.0,176.71,0.0,12.0,0.0,ML,,,,2.1,0.1,4
989655,1996-05-27T08:55:55Z,-38.09,0.0,176.65,0.0,5.0,0.0,ML,,,,1.7,0.1,4
995618,1996-05-27T09:21:42Z,-39.32,0.0,175.9,0.0,5.0,0.0,ML,,,,2.5,0.3,2
987082,1996-05-27T09:23:50Z,-39.11,0.0,174.93,0.1,227.0,7.0,ML,,,,3.1,0.1,4
989658,1996-05-27T09:39:57Z,-40.1,0.0,176.55,0.0,25.0,1.0,ML,,,,2.6,0.1,2
989147,1996-05-27T10:07:09Z,-45.24,0.0,166.79,0.0,21.0,2.0,ML,,,,2.4,0.0,2
992759,1996-05-27T12:50:00Z,-39.23,0.0,173.71,0.0,11.0,1.0,ML,,,,1.7,0.2,2
989661,1996-05-27T13:56:20Z,-39.5,0.0,175.1,0.0,33.0,0.0,ML,,,,2.1,0.2,3
995536,1996-05-27T14:53:32Z,-39.19,0.0,175.08,0.0,5.0,0.0,ML,,,,1.9,0.1,2
995619,1996-05-27T14:54:40Z,-39.28,0.0,175.56,0.0,0.0,0.0,ML,,,,0.8,nan,1
987320,1996-05-27T18:32:15Z,-38.0,0.0,179.03,0.0,20.0,2.0,ML,,,,2.8,0.1,4
987322,1996-05-27T19:18:03Z,-45.1,0.0,167.41,0.0,88.0,2.0,ML,,,,3.9,0.1,4
992956,1996-05-27T19:44:06Z,-40.66,0.0,176.55,0.0,23.0,4.0,ML,,,,3.2,0.2,9
987330,1996-05-27T20:49:18Z,-39.22,0.0,173.69,0.0,12.0,2.0,ML,,,,1.8,0.2,2
989398,1996-05-27T21:49:06Z,-43.11,0.0,172.1,0.0,12.0,0.0,ML,,,,2.8,0.2,4
995542,1996-05-27T22:56:56Z,-39.28,0.0,175.56,0.0,0.0,0.0,ML,,,,0.8,0.1,2
988689,1996-05-27T23:18:43Z,-41.28,0.0,175.17,0.0,5.0,0.0,ML,,,,2.2,0.2,12
995543,1996-05-28T01:13:48Z,-39.28,0.0,175.56,0.0,0.0,0.0,ML,,,,0.6,0.1,2
995544,1996-05-28T02:06:49Z,-39.53,0.0,175.38,0.0,5.0,0.0,ML,,,,2.3,0.3,3
989519,1996-05-28T02:17:45Z,-43.72,0.0,170.19,0.1,12.0,0.0,ML,,,,2.2,0.0,2
988695,1996-05-28T05:17:10Z,-41.44,0.0,174.1,0.0,44.0,1.0,ML,,,,3.3,0.2,14
987340,1996-05-28T05:33:56Z,-38.37,0.1,175.84,0.1,159.0,7.0,ML,,,,3.2,0.4,6
991444,1996-05-28T06:07:26Z,-39.48,0.0,175.54,0.0,5.0,0.0,ML,,,,2.1,0.2,5
991507,1996-05-28T06:26:15Z,-45.41,0.0,166.71,0.0,12.0,0.0,ML,,,,2.5,0.1,2
988700,1996-05-28T08:04:11Z,-39.84,0.0,174.6,0.0,139.0,3.0,ML,,,,2.8,0.2,8
991508,1996-05-28T08:28:55Z,-39.87,0.0,176.63,0.0,43.0,3.0,ML,,,,2.5,0.0,4
988703,1996-05-28T08:41:50Z,-41.75,0.0,174.41,0.0,28.0,1.0,ML,,,,2.7,0.2,14
995551,1996-05-28T08:48:26Z,-39.28,0.0,175.56,0.0,0.0,0.0,ML,,,,0.7,0.1,2
991509,1996-05-28T08:56:33Z,-44.36,0.0,167.82,0.0,5.0,0.0,ML,,,,2.7,0.5,4
995552,1996-05-28T09:35:34Z,-39.28,0.0,175.56,0.0,0.0,0.0,ML,,,,0.6,0.1,2
987355,1996-05-28T12:55:42Z,-39.23,0.0,173.67,0.0,11.0,2.0,ML,,,,2.0,0.1,2
987359,1996-05-28T13:36:02Z,-39.18,0.0,176.87,0.0,28.0,2.0,ML,,,,2.5,0.3,6
987360,1996-05-28T13:52:56Z,-37.89,0.0,177.64,0.0,29.0,3.0,ML,,,,3.6,0.3,12
995569,1996-05-28T13:54:23Z,-39.28,0.0,175.56,0.0,0.0,0.0,ML,,,,0.9,nan,1
995582,1996-05-28T17:31:05Z,-39.28,0.0,175.56,0.0,0.0,0.0,ML,,,,0.7,nan,1
988712,1996-05-28T17:43:49Z,-40.05,0.0,174.81,0.0,32.0,2.0,ML,,,,2.7,0.1,11
991510,1996-05-28T18:27:59Z,-46.37,0.0,166.61,0.1,12.0,0.0,ML,,,,2.6,0.2,3
992234,1996-05-28T18:33:55Z,-39.23,0.0,173.71,0.0,12.0,0.0,ML,,,,2.4,0.2,2
995585,1996-05-28T19:07:35Z,-39.28,0.0,175.56,0.0,0.0,0.0,ML,,,,0.7,0.2,2
995586,1996-05-28T20:49:00Z,-39.28,0.0,175.56,0.0,0.0,0.0,ML,,,,0.9,0.1,2
988851,1996-05-28T20:49:41Z,-38.06,0.1,175.96,0.1,145.0,10.0,ML,,,,3.5,0.2,3
988714,1996-05-28T22:24:02Z,-37.97,0.0,176.23,0.0,185.0,4.0,ML,,,,4.0,0.3,19
989774,1996-05-28T22:32:36Z,-42.98,0.0,171.6,0.0,12.0,0.0,ML,,,,3.0,0.2,3
988854,1996-05-28T22:47:27Z,-37.93,0.1,177.47,0.1,65.0,17.0,ML,,,,3.1,0.3,3
996127,1996-05-29T00:11:00Z,-39.28,0.0,175.56,0.0,0.0,0.0,ML,,,,0.8,0.0,2
991667,1996-05-29T00:41:49Z,-39.59,0.0,176.95,0.0,50.0,6.0,ML,,,,2.4,0.2,2
988715,1996-05-29T01:07:17Z,-40.85,0.0,174.22,0.0,54.0,5.0,ML,,,,2.1,0.1,3
988716,1996-05-29T02:06:02Z,-39.7,0.0,174.88,0.0,106.0,3.0,ML,,,,3.3,0.2,10
988717,1996-05-29T03:02:55Z,-40.88,0.0,175.8,0.0,27.0,2.0,ML,,,,3.0,0.2,13
995595,1996-05-29T03:35:29Z,-39.38,0.1,175.91,0.0,5.0,0.0,ML,,,,2.3,0.2,2
988718,1996-05-29T03:41:13Z,-40.22,0.0,174.63,0.0,51.0,8.0,ML,,,,2.8,0.2,8
991671,1996-05-29T04:42:28Z,-40.37,0.0,176.3,0.0,33.0,5.0,ML,,,,2.5,0.3,3
995597,1996-05-29T05:03:37Z,-39.28,0.0,175.56,0.0,0.0,0.0,ML,,,,1.1,0.1,2
995601,1996-05-29T06:13:59Z,-39.28,0.0,175.56,0.0,0.0,0.0,ML,,,,0.8,0.1,2
991511,1996-05-29T07:44:12Z,-45.36,0.0,167.48,0.0,5.0,0.0,ML,,,,2.4,0.2,3
995602,1996-05-29T09:06:27Z,-39.28,0.0,175.56,0.0,0.0,0.0,ML,,,,0.5,0.0,2
988885,1996-05-29T09:26:41Z,-37.89,0.0,177.64,0.0,5.0,0.0,ML,,,,2.6,0.2,4
988720,1996-05-29T09:41:06Z,-41.92,0.0,174.09,0.0,12.0,0.0,ML,,,,2.7,0.2,10
988721,1996-05-29T12:42:02Z,-40.67,0.0,175.63,0.0,27.0,2.0,ML,,,,4.2,0.4,6
988893,1996-05-29T13:23:06Z,-40.68,0.1,175.59,0.1,28.0,5.0,ML,,,,2.8,0.2,1
996220,1996-05-29T13:38:57Z,-41.54,0.0,173.95,0.0,15.0,2.0,ML,,,,2.2,0.1,4
991512,1996-05-29T14:53:12Z,-47.28,0.0,165.96,0.1,5.0,0.0,ML,,,,3.9,0.1,5
988898,1996-05-29T16:08:34Z,-38.39,0.0,178.36,0.1,27.0,3.0,ML,,,,2.6,0.2,4
991555,1996-05-29T16:19:00Z,-40.07,0.0,176.43,0.0,12.0,0.0,ML,,,,1.8,0.1,3
988723,1996-05-29T16:28:39Z,-40.14,0.0,174.86,0.0,15.0,4.0,ML,,,,2.5,0.1,8
988724,1996-05-29T16:50:46Z,-40.74,0.0,175.04,0.0,5.0,0.0,ML,,,,3.0,0.3,21
988725,1996-05-29T18:01:07Z,-39.34,0.0,174.83,0.0,188.0,3.0,ML,,,,3.4,0.3,4
995612,1996-05-29T19:06:27Z,-39.28,0.0,175.56,0.0,0.0,0.0,ML,,,,0.7,0.0,2
988726,1996-05-29T19:07:02Z,-40.97,0.0,174.72,0.0,34.0,0.0,ML,,,,1.8,0.1,7
995613,1996-05-29T20:16:44Z,-39.28,0.0,175.56,0.0,0.0,0.0,ML,,,,0.7,0.0,2
988727,1996-05-29T20:31:59Z,-40.58,0.1,174.18,0.1,78.0,9.0,ML,,,,2.5,0.1,5
988728,1996-05-29T22:17:06Z,-38.67,0.1,175.8,0.1,169.0,7.0,ML,,,,3.5,0.1,10
988730,1996-05-29T22:32:55Z,-40.64,0.0,175.62,0.0,24.0,1.0,ML,,,,2.5,0.2,4
995617,1996-05-29T23:08:11Z,-39.14,0.0,175.53,0.1,5.0,0.0,ML,,,,1.8,0.3,3
996221,1996-05-30T03:16:37Z,-35.81,0.1,177.96,0.8,168.0,31.0,ML,,,,4.0,0.2,3
991945,1996-05-30T03:26:37Z,-39.08,0.0,175.56,0.0,5.0,0.0,ML,,,,1.8,0.2,3
996227,1996-05-30T03:28:30Z,-39.28,0.0,175.56,0.0,0.0,0.0,ML,,,,0.4,nan,1
988733,1996-05-30T04:06:44Z,-41.15,0.0,174.8,0.0,33.0,0.0,ML,,,,2.3,0.1,6
988734,1996-05-30T04:42:00Z,-40.85,0.0,174.68,0.0,64.0,1.0,ML,,,,2.0,0.1,2
996228,1996-05-30T04:46:07Z,-39.28,0.0,175.56,0.0,0.0,0.0,ML,,,,0.7,0.1,2
988929,1996-05-30T05:19:22Z,-44.85,0.0,167.61,0.0,33.0,0.0,ML,,,,2.9,0.3,3
988735,1996-05-30T05:32:12Z,-40.37,0.0,176.42,0.0,25.0,3.0,ML,,,,3.0,0.2,15
996231,1996-05-30T05:50:50Z,-39.28,0.0,175.56,0.0,0.0,0.0,ML,,,,0.8,0.1,2
988736,1996-05-30T06:02:57Z,-40.27,0.0,174.69,0.0,18.0,5.0,ML,,,,2.3,0.1,5
988737,1996-05-30T07:31:39Z,-41.4,0.0,174.54,0.0,32.0,2.0,ML,,,,2.0,0.2,8
996370,1996-05-30T07:31:54Z,-37.75,0.0,179.19,0.0,21.0,1.0,ML,,,,3.4,0.2,4
996239,1996-05-30T08:05:48Z,-39.28,0.0,175.56,0.0,0.0,0.0,ML,,,,1.1,nan,1
991515,1996-05-30T08:40:48Z,-45.34,0.0,166.95,0.0,54.0,3.0,ML,,,,2.9,0.1,3
988738,1996-05-30T09:26:56Z,-40.7,0.0,175.51,0.0,31.0,1.0,ML,,,,2.9,0.1,10
988950,1996-05-30T12:02:01Z,-37.74,0.0,179.17,0.0,23.0,1.0,ML,,,,4.0,0.3,15
988952,1996-05-30T12:56:41Z,-38.76,0.0,178.04,0.0,35.0,2.0,ML,,,,3.6,0.2,4
988955,1996-05-30T13:40:23Z,-38.71,0.0,178.2,0.0,32.0,1.0,ML,,,,2.8,0.3,3
988739,1996-05-30T14:26:07Z,-37.89,0.0,176.51,0.0,162.0,3.0,ML,,,,4.1,0.2,20
991516,1996-05-30T15:02:08Z,-47.48,0.1,165.82,0.1,5.0,0.0,ML,,,,3.3,0.3,5
992517,1996-05-30T15:14:24Z,-38.13,0.0,176.51,0.0,12.0,0.0,ML,,,,2.2,0.4,3
991816,1996-05-30T15:34:46Z,-38.12,0.0,176.38,0.0,12.0,0.0,ML,,,,2.5,0.4,3
988740,1996-05-30T16:17:29Z,-39.21,0.0,174.8,0.0,20.0,1.0,ML,,,,3.1,0.5,21
991447,1996-05-30T16:33:54Z,-39.23,0.0,174.82,0.0,27.0,4.0,ML,,,,2.8,0.2,7
989775,1996-05-30T16:46:09Z,-42.0,0.0,173.13,0.0,5.0,0.0,ML,,,,2.3,0.3,3
988959,1996-05-30T16:51:23Z,-38.69,0.0,178.15,0.0,32.0,1.0,ML,,,,2.4,0.1,3
988962,1996-05-30T19:11:54Z,-40.41,0.0,176.31,0.0,53.0,4.0,ML,,,,2.9,0.3,2
988742,1996-05-30T19:32:19Z,-42.09,0.0,174.1,0.0,12.0,0.0,ML,,,,4.1,0.4,18
996453,1996-05-30T19:34:20Z,-42.04,0.0,174.02,0.0,12.0,0.0,ML,,,,2.7,0.2,9
996455,1996-05-30T19:34:41Z,-42.06,0.0,174.05,0.0,12.0,0.0,ML,,,,2.8,0.3,4
988743,1996-05-30T19:36:31Z,-42.06,0.0,174.04,0.0,12.0,0.0,ML,,,,2.9,0.2,9
988744,1996-05-30T19:38:09Z,-42.04,0.0,173.98,0.0,12.0,0.0,ML,,,,2.5,0.2,5
988745,1996-05-30T19:53:04Z,-42.02,0.0,173.99,0.0,12.0,0.0,ML,,,,2.6,0.3,6
988746,1996-05-30T19:54:46Z,-42.03,0.0,173.99,0.0,12.0,0.0,ML,,,,2.5,0.2,5
988748,1996-05-30T20:09:42Z,-42.03,0.0,173.99,0.0,12.0,0.0,ML,,,,2.2,0.2,3
988750,1996-05-30T21:12:45Z,-42.03,0.0,173.98,0.0,12.0,0.0,ML,,,,2.3,0.2,3
988971,1996-05-30T21:20:39Z,-37.78,0.1,179.2,0.4,12.0,0.0,ML,,,,2.9,0.2,3
988753,1996-05-30T21:59:19Z,-42.06,0.0,173.96,0.0,23.0,2.0,ML,,,,3.1,0.2,15
988975,1996-05-30T23:57:26Z,-37.96,0.0,178.49,0.0,28.0,1.0,ML,,,,3.0,0.3,4
988760,1996-05-31T00:19:21Z,-38.14,0.0,176.5,0.0,5.0,0.0,ML,,,,2.3,0.3,4
988761,1996-05-31T00:25:18Z,-40.94,0.0,175.0,0.0,30.0,2.0,ML,,,,3.1,0.2,11
988762,1996-05-31T00:32:53Z,-42.03,0.0,173.98,0.0,12.0,0.0,ML,,,,2.6,0.2,8
988766,1996-05-31T01:31:13Z,-39.91,0.0,176.76,0.0,39.0,4.0,ML,,,,2.6,0.3,4
991449,1996-05-31T02:54:56Z,-39.27,0.0,175.43,0.0,5.0,0.0,ML,,,,2.7,0.3,6
988775,1996-05-31T04:26:22Z,-42.02,0.0,173.98,0.0,12.0,0.0,ML,,,,3.4,0.2,12
988776,1996-05-31T04:35:16Z,-42.02,0.0,174.0,0.0,12.0,0.0,ML,,,,1.9,0.0,2
998680,1996-05-31T04:35:26Z,-40.5,0.0,174.64,0.0,29.0,1.0,ML,,,,2.3,0.1,3
991519,1996-05-31T04:52:37Z,-45.14,0.0,167.13,0.0,12.0,0.0,ML,,,,3.2,0.1,4
992287,1996-05-31T05:31:36Z,-45.12,0.0,167.55,0.0,114.0,3.0,ML,,,,3.4,0.3,4
988984,1996-05-31T08:56:37Z,-38.14,0.0,176.5,0.0,5.0,0.0,ML,,,,2.2,0.2,4
991688,1996-05-31T09:17:27Z,-39.52,0.0,176.37,0.0,39.0,5.0,ML,,,,2.4,0.2,3
988986,1996-05-31T09:22:45Z,-38.07,0.0,176.75,0.0,5.0,0.0,ML,,,,1.9,0.0,2
988990,1996-05-31T10:04:52Z,-38.06,0.0,176.56,0.0,5.0,0.0,ML,,,,2.5,0.2,6
988991,1996-05-31T10:08:52Z,-38.05,0.0,176.57,0.0,5.0,0.0,ML,,,,2.2,0.1,4
991451,1996-05-31T13:42:51Z,-39.36,0.0,173.73,0.0,17.0,2.0,ML,,,,2.8,0.2,6
996278,1996-05-31T15:49:18Z,-39.39,0.0,175.94,0.0,12.0,0.0,ML,,,,2.5,0.2,2
991761,1996-05-31T15:58:52Z,-39.35,0.0,173.8,0.1,12.0,0.0,ML,,,,1.8,nan,1
996517,1996-05-31T15:59:08Z,-39.23,0.0,173.87,0.1,12.0,0.0,ML,,,,1.3,nan,1
996518,1996-05-31T15:59:49Z,-39.27,0.0,173.81,0.1,12.0,0.0,ML,,,,1.2,nan,1
991520,1996-05-31T16:20:42Z,-45.25,0.0,167.1,0.1,12.0,0.0,ML,,,,2.4,0.1,2
989000,1996-05-31T16:23:06Z,-37.34,0.1,179.1,0.1,12.0,0.0,ML,,,,3.1,0.2,3
991634,1996-05-31T17:21:31Z,-43.14,0.0,171.42,0.0,12.0,0.0,ML,,,,3.3,0.0,2
988779,1996-05-31T18:02:31Z,-42.04,0.0,173.96,0.0,21.0,3.0,ML,,,,2.7,0.2,7
988780,1996-05-31T18:05:07Z,-42.04,0.0,173.97,0.0,20.0,3.0,ML,,,,3.2,0.2,15
988781,1996-05-31T18:06:41Z,-42.03,0.0,173.98,0.0,12.0,0.0,ML,,,,2.2,0.1,3
992625,1996-05-31T18:56:04Z,-46.02,0.0,168.68,0.0,12.0,0.0,ML,,,,2.3,0.2,3
989002,1996-05-31T19:18:43Z,-45.23,0.0,166.99,0.0,12.0,0.0,ML,,,,2.8,0.1,3
989007,1996-05-31T19:57:04Z,-37.48,0.1,179.43,0.1,12.0,0.0,ML,,,,3.0,0.4,3
996292,1996-05-31T21:40:06Z,-39.38,0.1,175.24,0.1,5.0,0.0,ML,,,,1.5,0.3,2
988790,1996-05-31T22:01:32Z,-42.04,0.0,174.02,0.0,12.0,0.0,ML,,,,3.0,0.2,9
991521,1996-05-31T22:38:55Z,-45.25,0.0,166.91,0.1,12.0,0.0,ML,,,,2.9,0.0,2
991763,1996-05-31T23:22:59Z,-37.94,0.0,178.06,0.0,33.0,0.0,ML,,,,2.6,0.3,3
988793,1996-05-31T23:31:13Z,-40.67,0.0,175.42,0.0,42.0,2.0,ML,,,,5.1,0.4,11
996756,1996-05-31T23:34:19Z,-39.23,0.0,177.31,0.0,41.0,4.0,ML,,,,3.5,0.3,8
988794,1996-05-31T23:56:07Z,-40.65,0.0,175.31,0.0,29.0,1.0,ML,,,,2.8,0.1,15
996463,1996-06-01T02:03:54Z,-39.24,0.0,175.52,0.2,5.0,0.0,ML,,,,0.6,0.1,2
992291,1996-06-01T03:27:17Z,-44.22,0.0,169.56,0.0,5.0,0.0,ML,,,,2.2,0.3,2
992537,1996-06-01T04:04:19Z,-39.3,0.0,173.84,0.1,21.0,4.0,ML,,,,1.5,0.0,2
988797,1996-06-01T04:11:04Z,-42.18,0.0,173.9,0.0,58.0,6.0,ML,,,,2.6,0.2,3
988798,1996-06-01T05:38:00Z,-40.38,0.0,173.4,0.0,175.0,4.0,ML,,,,4.2,0.3,15
988799,1996-06-01T06:46:02Z,-42.04,0.0,173.97,0.0,22.0,2.0,ML,,,,3.4,0.2,17
988800,1996-06-01T08:08:32Z,-39.95,0.0,174.88,0.0,24.0,3.0,ML,,,,3.5,0.2,17
988801,1996-06-01T08:10:37Z,-40.03,0.0,174.87,0.0,12.0,0.0,ML,,,,2.7,0.2,5
989020,1996-06-01T11:17:58Z,-37.78,0.0,178.95,0.1,20.0,4.0,ML,,,,3.2,0.5,3
989021,1996-06-01T12:28:10Z,-38.28,0.1,176.25,0.1,164.0,7.0,ML,,,,3.9,0.3,5
988804,1996-06-01T13:02:21Z,-41.19,0.0,172.98,0.0,107.0,6.0,ML,,,,3.0,0.2,3
988805,1996-06-01T14:13:00Z,-39.86,0.0,174.82,0.0,87.0,5.0,ML,,,,3.2,0.1,8
996484,1996-06-01T15:01:19Z,-39.37,0.1,176.04,0.0,5.0,0.0,ML,,,,2.6,0.0,2
988806,1996-06-01T15:08:38Z,-38.23,0.0,175.51,0.1,259.0,7.0,ML,,,,3.8,0.3,7
988808,1996-06-01T15:27:15Z,-40.56,0.0,173.46,0.0,143.0,3.0,ML,,,,4.2,0.3,16
989027,1996-06-01T17:31:45Z,-38.06,0.0,179.13,0.0,12.0,0.0,ML,,,,3.2,0.2,4
996488,1996-06-01T21:27:17Z,-39.28,0.0,175.56,0.0,0.0,0.0,ML,,,,1.0,nan,1
988811,1996-06-01T22:02:09Z,-40.97,0.0,174.65,0.0,60.0,2.0,ML,,,,2.8,0.2,6
988815,1996-06-02T01:29:56Z,-37.59,0.0,178.33,0.0,49.0,1.0,ML,,,,3.8,0.3,4
989036,1996-06-02T02:39:45Z,-37.6,0.0,178.32,0.0,50.0,2.0,ML,,,,3.1,0.2,3
994256,1996-06-02T03:38:17Z,-38.3,0.0,176.52,0.0,12.0,0.0,ML,,,,2.4,0.2,4
988819,1996-06-02T03:52:29Z,-40.43,0.0,176.44,0.0,43.0,1.0,ML,,,,2.8,0.2,2
988820,1996-06-02T04:10:56Z,-41.68,0.0,174.23,0.0,12.0,0.0,ML,,,,3.2,0.2,11
988821,1996-06-02T04:56:22Z,-40.31,0.0,174.11,0.0,130.0,5.0,ML,,,,3.1,0.3,5
988823,1996-06-02T05:44:09Z,-37.7,0.2,177.68,0.3,175.0,11.0,ML,,,,3.5,nan,1
989038,1996-06-02T06:38:22Z,-35.78,0.1,178.5,0.1,256.0,8.0,ML,,,,3.9,0.1,2
988824,1996-06-02T07:04:10Z,-40.68,0.0,173.94,0.0,80.0,3.0,ML,,,,2.7,0.2,4
989039,1996-06-02T07:52:12Z,-37.34,0.0,177.84,0.0,12.0,0.0,ML,,,,3.0,0.3,4
996496,1996-06-02T08:18:38Z,-39.28,0.0,175.56,0.0,0.0,0.0,ML,,,,0.8,0.0,2
989040,1996-06-02T09:49:23Z,-39.11,0.0,176.48,0.0,83.0,3.0,ML,,,,3.0,0.2,4
991460,1996-06-02T10:22:31Z,-39.63,0.0,175.0,0.0,90.0,6.0,ML,,,,2.5,nan,1
991527,1996-06-02T11:24:31Z,-45.2,0.0,166.93,0.0,23.0,1.0,ML,,,,2.1,0.2,2
988830,1996-06-02T12:19:50Z,-37.5,0.1,177.05,0.0,177.0,7.0,ML,,,,3.7,0.3,8
996506,1996-06-02T13:26:51Z,-39.28,0.0,175.56,0.0,0.0,0.0,ML,,,,1.1,0.1,3
996507,1996-06-02T13:39:58Z,-39.28,0.0,175.56,0.0,0.0,0.0,ML,,,,0.9,0.1,2
988831,1996-06-02T14:06:47Z,-39.53,0.0,174.8,0.0,105.0,5.0,ML,,,,2.9,0.4,3
996509,1996-06-02T14:09:20Z,-40.09,0.0,174.9,0.0,12.0,0.0,ML,,,,2.4,0.2,8
988833,1996-06-02T15:15:07Z,-38.52,0.0,176.1,0.0,154.0,5.0,ML,,,,3.4,0.1,5
991701,1996-06-02T16:18:28Z,-40.05,0.0,176.57,0.1,26.0,9.0,ML,,,,2.0,0.2,2
991528,1996-06-02T16:43:47Z,-44.8,0.0,167.26,0.1,28.0,4.0,ML,,,,2.7,0.1,2
988835,1996-06-02T17:20:38Z,-40.89,0.0,175.31,0.0,27.0,2.0,ML,,,,1.3,0.2,4
996512,1996-06-02T18:22:30Z,-39.28,0.0,175.56,0.0,0.0,0.0,ML,,,,0.8,0.1,3
991462,1996-06-02T18:49:10Z,-40.31,0.0,176.11,0.0,57.0,7.0,ML,,,,2.8,0.1,1
991529,1996-06-02T20:19:06Z,-44.94,0.0,167.68,0.0,77.0,5.0,ML,,,,3.1,0.2,4
989055,1996-06-02T21:57:58Z,-46.01,0.0,166.51,0.0,5.0,0.0,ML,,,,2.4,0.0,2
996515,1996-06-02T22:45:19Z,-39.28,0.0,175.56,0.0,0.0,0.0,ML,,,,0.4,nan,1
996516,1996-06-02T22:49:08Z,-39.28,0.0,175.56,0.0,0.0,0.0,ML,,,,0.7,0.1,2
988842,1996-06-03T00:01:37Z,-42.41,0.0,173.8,0.0,34.0,5.0,ML,,,,4.5,0.3,15
991531,1996-06-03T00:57:58Z,-45.27,0.0,167.32,0.0,5.0,0.0,ML,,,,2.6,0.2,2
997428,1996-06-03T01:30:39Z,-39.28,0.0,175.56,0.0,0.0,0.0,ML,,,,0.7,0.1,3
988843,1996-06-03T01:48:53Z,-37.64,0.0,177.41,0.0,69.0,2.0,ML,,,,3.8,0.2,15
997430,1996-06-03T02:15:47Z,-38.97,0.0,175.71,0.0,5.0,0.0,ML,,,,1.3,0.2,3
992355,1996-06-03T03:48:49Z,-45.76,0.0,166.95,0.0,12.0,0.0,ML,,,,2.6,0.2,2
997448,1996-06-03T03:59:48Z,-38.04,0.0,176.78,0.0,5.0,0.0,ML,,,,2.5,0.1,4
988845,1996-06-03T04:01:35Z,-41.56,0.0,174.54,0.0,12.0,0.0,ML,,,,1.7,0.2,3
991463,1996-06-03T07:24:53Z,-39.62,0.0,175.45,0.0,69.0,4.0,ML,,,,2.8,0.0,2
988847,1996-06-03T07:55:59Z,-42.96,0.0,171.92,0.0,12.0,0.0,ML,,,,4.4,0.1,7
991768,1996-06-03T09:24:12Z,-37.7,0.1,179.39,0.1,12.0,0.0,ML,,,,3.7,0.4,4
992568,1996-06-03T09:43:55Z,-39.27,0.0,173.89,0.0,22.0,1.0,ML,,,,1.9,0.0,2
990259,1996-06-03T12:04:37Z,-41.27,0.0,175.23,0.0,27.0,1.0,ML,,,,2.0,0.1,8
990260,1996-06-03T12:26:13Z,-39.36,0.0,174.74,0.0,15.0,2.0,ML,,,,2.8,0.2,16
997436,1996-06-03T12:31:34Z,-39.28,0.0,175.56,0.0,0.0,0.0,ML,,,,0.7,0.1,2
991648,1996-06-03T13:07:53Z,-39.46,0.0,177.3,0.0,23.0,3.0,ML,,,,2.9,0.1,8
997439,1996-06-03T15:40:16Z,-39.28,0.0,175.56,0.0,0.0,0.0,ML,,,,0.8,0.1,2
991713,1996-06-03T15:44:41Z,-39.6,0.1,176.74,0.0,27.0,4.0,ML,,,,2.4,0.2,5
997443,1996-06-03T18:13:17Z,-39.21,0.0,175.4,0.0,12.0,0.0,ML,,,,1.4,0.1,4
997445,1996-06-03T18:50:56Z,-39.51,0.0,175.66,0.0,23.0,2.0,ML,,,,2.0,0.2,3
990268,1996-06-03T18:58:53Z,-40.78,0.0,174.98,0.0,56.0,1.0,ML,,,,2.0,0.1,5
997454,1996-06-03T19:02:48Z,-38.3,0.0,176.45,0.0,12.0,0.0,ML,,,,2.2,0.1,3
990269,1996-06-03T19:04:46Z,-42.19,0.0,173.94,0.0,12.0,0.0,ML,,,,2.3,0.2,3
990274,1996-06-03T20:02:42Z,-40.42,0.0,174.62,0.0,82.0,3.0,ML,,,,2.7,0.2,8
990275,1996-06-03T21:53:37Z,-41.8,0.0,172.29,0.0,78.0,4.0,ML,,,,3.0,0.2,6
991721,1996-06-03T22:06:06Z,-39.51,0.0,177.48,0.0,30.0,3.0,ML,,,,3.0,0.1,3
991650,1996-06-03T22:19:41Z,-37.78,0.2,176.38,0.2,183.0,25.0,ML,,,,3.6,0.1,3
990278,1996-06-03T22:41:00Z,-37.52,0.0,179.4,0.0,12.0,0.0,ML,,,,3.8,0.4,4
991775,1996-06-03T22:52:34Z,-37.38,0.1,177.35,0.1,5.0,0.0,ML,,,,3.1,0.5,3
990282,1996-06-04T00:28:10Z,-41.05,0.1,172.69,0.0,203.0,2.0,ML,,,,3.3,0.3,7
990283,1996-06-04T01:05:08Z,-41.2,0.0,173.84,0.0,64.0,3.0,ML,,,,3.7,0.1,11
990286,1996-06-04T03:19:45Z,-41.38,0.1,172.74,0.0,147.0,5.0,ML,,,,2.8,0.0,2
990287,1996-06-04T03:39:29Z,-37.0,0.1,176.91,0.2,191.0,27.0,ML,,,,3.7,0.4,13
996320,1996-06-04T03:56:16Z,-39.78,0.0,176.93,0.0,52.0,2.0,ML,,,,2.8,0.3,2
992638,1996-06-04T03:59:06Z,-39.28,0.0,175.56,0.0,0.0,0.0,ML,,,,0.7,0.1,3
990290,1996-06-04T05:33:08Z,-40.76,0.0,174.14,0.0,65.0,3.0,ML,,,,2.2,0.1,5
991782,1996-06-04T07:03:30Z,-39.52,0.0,175.72,0.0,12.0,0.0,ML,,,,1.5,0.1,4
991189,1996-06-04T07:47:55Z,-37.55,0.0,179.33,0.0,12.0,0.0,ML,,,,3.7,0.2,8
991191,1996-06-04T07:58:41Z,-37.52,0.0,179.41,0.0,12.0,0.0,ML,,,,3.9,0.4,15
990293,1996-06-04T08:07:01Z,-37.55,0.0,179.4,0.0,12.0,0.0,ML,,,,4.2,0.2,32
990294,1996-06-04T09:55:16Z,-37.98,0.0,176.31,0.0,154.0,3.0,ML,,,,3.8,0.3,16
990295,1996-06-04T10:00:08Z,-40.17,0.0,174.9,0.0,5.0,0.0,ML,,,,2.0,0.2,6
990299,1996-06-04T11:33:50Z,-39.94,0.0,174.38,0.0,103.0,1.0,ML,,,,2.6,0.2,7
995667,1996-06-04T12:10:44Z,-40.41,0.0,176.82,0.0,31.0,2.0,ML,,,,2.4,0.1,3
991196,1996-06-04T12:28:14Z,-37.71,0.0,178.34,0.0,68.0,0.0,ML,,,,2.6,0.2,3
995669,1996-06-04T13:00:34Z,-40.44,0.0,176.59,0.1,43.0,6.0,ML,,,,2.3,0.2,3
998912,1996-06-04T13:01:22Z,-39.57,0.0,177.48,0.0,23.0,1.0,ML,,,,2.4,0.1,4
996073,1996-06-04T13:37:34Z,-44.3,0.0,168.85,0.0,5.0,0.0,ML,,,,2.2,0.1,2
997343,1996-06-04T14:34:35Z,-39.18,0.0,175.25,0.0,12.0,0.0,ML,,,,1.5,0.2,3
990302,1996-06-04T14:40:46Z,-39.48,0.0,177.38,0.0,15.0,4.0,ML,,,,2.7,0.2,9
992317,1996-06-04T15:03:28Z,-39.49,0.0,177.38,0.0,20.0,3.0,ML,,,,2.9,0.1,8
991202,1996-06-04T15:20:38Z,-39.55,0.0,177.49,0.1,19.0,3.0,ML,,,,2.9,0.2,10
990303,1996-06-04T15:26:17Z,-41.09,0.0,175.08,0.0,20.0,2.0,ML,,,,1.7,0.1,7
990304,1996-06-04T15:55:35Z,-40.72,0.0,174.43,0.0,54.0,2.0,ML,,,,1.8,0.1,3
991203,1996-06-04T16:22:27Z,-37.56,0.0,179.37,0.0,12.0,0.0,ML,,,,3.1,0.3,3
991539,1996-06-04T16:42:47Z,-44.6,0.0,167.68,0.0,5.0,0.0,ML,,,,2.7,0.1,3
991204,1996-06-04T17:38:34Z,-37.59,0.0,177.6,0.0,100.0,3.0,ML,,,,3.5,0.2,5
999569,1996-06-04T18:57:19Z,-37.61,0.0,179.28,0.0,14.0,1.0,ML,,,,3.3,0.3,3
990305,1996-06-04T18:59:21Z,-40.37,0.0,174.49,0.0,101.0,5.0,ML,,,,3.2,0.1,9
990306,1996-06-04T19:09:13Z,-41.59,0.0,174.79,0.0,27.0,1.0,ML,,,,1.9,0.0,4
990307,1996-06-04T19:30:14Z,-35.67,0.0,-179.3,0.1,170.0,17.0,ML,,,,4.2,0.3,3
996323,1996-06-04T19:44:46Z,-39.28,0.0,175.56,0.0,0.0,0.0,ML,,,,0.9,0.1,3
991208,1996-06-04T20:00:30Z,-38.52,0.0,177.84,0.0,12.0,0.0,ML,,,,2.6,0.1,3
990309,1996-06-04T21:42:22Z,-40.8,0.0,175.7,0.0,5.0,0.0,ML,,,,2.8,0.3,13
996074,1996-06-04T21:58:54Z,-44.66,0.0,167.65,0.1,5.0,0.0,ML,,,,3.1,0.2,4
990314,1996-06-04T23:30:41Z,-39.28,0.0,175.56,0.0,0.0,0.0,ML,,,,0.9,0.1,2
996326,1996-06-05T00:43:53Z,-39.32,0.0,173.81,0.0,13.0,0.0,ML,,,,1.6,0.0,2
990316,1996-06-05T00:57:46Z,-40.0,0.1,173.85,0.0,174.0,7.0,ML,,,,3.1,0.2,6
997235,1996-06-05T01:33:53Z,-39.28,0.0,175.56,0.0,0.0,0.0,ML,,,,0.8,0.1,3
997344,1996-06-05T01:39:39Z,-39.28,0.0,175.56,0.0,0.0,0.0,ML,,,,1.0,0.1,3
996328,1996-06-05T02:15:38Z,-39.28,0.0,175.56,0.0,0.0,0.0,ML,,,,0.5,0.1,2
997345,1996-06-05T02:28:01Z,-39.28,0.0,175.56,0.0,0.0,0.0,ML,,,,0.6,0.0,3
991585,1996-06-05T02:34:44Z,-39.28,0.0,175.56,0.0,0.0,0.0,ML,,,,0.7,0.1,2
992321,1996-06-05T03:07:41Z,-39.28,0.0,175.56,0.0,0.0,0.0,ML,,,,1.1,0.1,3
991219,1996-06-05T03:12:41Z,-39.28,0.0,175.56,0.0,0.0,0.0,ML,,,,0.6,0.1,2
995622,1996-06-05T03:40:16Z,-39.28,0.0,175.56,0.0,0.0,0.0,ML,,,,0.9,0.1,3
991221,1996-06-05T04:11:03Z,-39.77,0.0,176.96,0.0,28.0,1.0,ML,,,,2.5,0.2,6
997346,1996-06-05T05:03:11Z,-39.28,0.0,175.56,0.0,0.0,0.0,ML,,,,0.9,0.1,3
990323,1996-06-05T05:10:27Z,-41.68,0.0,174.31,0.0,20.0,2.0,ML,,,,3.2,0.1,12
991542,1996-06-05T05:21:33Z,-44.98,0.0,167.55,0.0,119.0,4.0,ML,,,,2.8,0.0,3
997347,1996-06-05T05:41:49Z,-39.28,0.0,175.56,0.0,0.0,0.0,ML,,,,0.9,0.1,3
991543,1996-06-05T05:52:43Z,-45.17,0.0,166.82,0.0,20.0,0.0,ML,,,,2.0,0.1,2
995690,1996-06-05T06:27:21Z,-38.3,0.0,176.37,0.0,12.0,0.0,ML,,,,1.6,0.1,3
990325,1996-06-05T09:11:04Z,-41.73,0.0,173.5,0.0,44.0,8.0,ML,,,,2.6,0.3,5
990326,1996-06-05T09:24:06Z,-41.64,0.0,174.29,0.1,23.0,4.0,ML,,,,1.7,0.1,5
1000266,1996-06-05T10:25:36Z,-39.28,0.0,175.56,0.0,0.0,0.0,ML,,,,1.1,0.1,3
990327,1996-06-05T10:26:39Z,-39.72,0.0,174.89,0.0,123.0,2.0,ML,,,,2.5,nan,1
997349,1996-06-05T10:57:06Z,-39.28,0.0,175.56,0.0,0.0,0.0,ML,,,,1.0,0.1,3
991544,1996-06-05T11:45:56Z,-44.88,0.0,167.22,0.1,12.0,0.0,ML,,,,2.6,0.0,3
1000267,1996-06-05T11:47:05Z,-39.28,0.0,175.56,0.0,0.0,0.0,ML,,,,1.1,0.1,3
996158,1996-06-05T12:39:08Z,-45.14,0.0,170.49,0.0,5.0,0.0,ML,,,,2.5,0.4,3
997350,1996-06-05T12:42:56Z,-39.28,0.0,175.56,0.0,0.0,0.0,ML,,,,0.9,0.1,2
990335,1996-06-05T13:11:51Z,-39.28,0.0,175.56,0.0,0.0,0.0,ML,,,,1.0,0.1,3
997351,1996-06-05T13:25:33Z,-39.28,0.0,175.56,0.0,0.0,0.0,ML,,,,1.0,0.1,2
990341,1996-06-05T13:44:14Z,-40.83,0.0,175.4,0.0,22.0,1.0,ML,,,,1.4,0.1,3
990342,1996-06-05T13:51:14Z,-39.28,0.0,175.56,0.0,0.0,0.0,ML,,,,1.0,0.1,2
996088,1996-06-05T14:04:41Z,-39.28,0.0,175.56,0.0,0.0,0.0,ML,,,,1.0,0.1,3
990345,1996-06-05T14:42:55Z,-41.38,0.0,174.96,0.0,26.0,1.0,ML,,,,1.9,0.1,6
991229,1996-06-05T15:15:59Z,-39.28,0.0,175.56,0.0,0.0,0.0,ML,,,,0.9,0.1,3
997352,1996-06-05T15:36:33Z,-39.28,0.0,175.56,0.0,0.0,0.0,ML,,,,0.9,0.1,3
991230,1996-06-05T16:04:00Z,-43.12,0.0,171.44,0.0,12.0,0.0,ML,,,,2.5,0.1,3
1000268,1996-06-05T16:21:05Z,-39.28,0.0,175.56,0.0,0.0,0.0,ML,,,,1.0,0.1,3
990349,1996-06-05T16:22:49Z,-38.41,0.0,177.55,0.0,64.0,3.0,ML,,,,3.4,0.2,13
997354,1996-06-05T16:44:46Z,-39.28,0.0,175.56,0.0,0.0,0.0,ML,,,,1.2,0.1,3
990350,1996-06-05T17:05:07Z,-41.28,0.0,172.4,0.0,5.0,0.0,ML,,,,2.8,0.2,6
997355,1996-06-05T17:09:04Z,-39.28,0.0,175.56,0.0,0.0,0.0,ML,,,,0.9,0.1,3
990359,1996-06-05T17:45:50Z,-39.12,0.0,175.66,0.0,5.0,0.0,ML,,,,1.0,0.3,2
996334,1996-06-05T18:02:42Z,-39.73,0.0,176.48,0.0,50.0,4.0,ML,,,,2.3,0.1,3
996159,1996-06-05T18:12:27Z,-39.28,0.0,175.56,0.0,0.0,0.0,ML,,,,1.1,0.1,3
996336,1996-06-05T18:25:34Z,-39.28,0.0,175.56,0.0,0.0,0.0,ML,,,,1.2,0.1,3
990364,1996-06-05T18:58:32Z,-41.18,0.1,172.65,0.0,196.0,2.0,ML,,,,3.2,0.2,5
991546,1996-06-05T19:43:29Z,-45.69,0.0,166.8,0.0,77.0,2.0,ML,,,,3.3,0.2,5
990366,1996-06-05T20:32:41Z,-38.14,0.0,176.65,0.0,5.0,0.0,ML,,,,1.9,0.3,3
991240,1996-06-05T20:53:37Z,-38.13,0.0,177.76,0.0,59.0,7.0,ML,,,,3.0,0.2,3
997356,1996-06-05T21:37:36Z,-39.4,0.0,175.75,0.0,12.0,0.0,ML,,,,1.9,0.1,4
992012,1996-06-05T22:27:04Z,-39.28,0.0,175.56,0.0,0.0,0.0,ML,,,,1.1,0.1,3
991244,1996-06-05T22:31:00Z,-37.22,0.1,179.19,0.1,12.0,0.0,ML,,,,3.6,0.3,4
1000269,1996-06-05T22:31:59Z,-37.3,0.0,179.26,0.0,12.0,0.0,ML,,,,2.8,0.3,4
990367,1996-06-05T22:51:57Z,-37.37,0.0,177.4,0.1,117.0,4.0,ML,,,,3.7,0.2,6
992394,1996-06-05T23:30:03Z,-45.0,0.0,167.64,0.0,131.0,3.0,ML,,,,3.3,0.3,4
990368,1996-06-05T23:49:39Z,-41.72,0.0,174.29,0.0,12.0,0.0,ML,,,,2.7,0.1,7
992016,1996-06-06T00:20:11Z,-39.28,0.0,175.56,0.0,0.0,0.0,ML,,,,1.2,0.1,3
992017,1996-06-06T00:23:07Z,-38.97,0.0,175.83,0.0,12.0,0.0,ML,,,,2.1,0.4,5
990375,1996-06-06T00:37:21Z,-42.13,0.0,174.03,0.1,12.0,0.0,ML,,,,2.2,0.1,3
996119,1996-06-06T04:07:41Z,-41.59,0.0,174.45,0.0,12.0,0.0,ML,,,,3.2,0.1,12
995710,1996-06-06T04:17:21Z,-39.28,0.0,175.56,0.0,0.0,0.0,ML,,,,0.6,nan,1
992405,1996-06-06T05:23:32Z,-39.28,0.0,175.56,0.0,0.0,0.0,ML,,,,1.0,0.2,3
990404,1996-06-06T07:11:16Z,-35.88,0.0,179.66,0.1,137.0,18.0,ML,,,,4.1,0.4,6
992412,1996-06-06T07:36:35Z,-39.24,0.0,175.16,0.0,24.0,3.0,ML,,,,2.2,0.2,4
990406,1996-06-06T07:48:51Z,-39.28,0.0,175.56,0.0,0.0,0.0,ML,,,,1.0,0.1,3
997358,1996-06-06T08:12:52Z,-39.12,0.0,175.65,0.0,5.0,0.0,ML,,,,0.8,0.3,3
990410,1996-06-06T08:41:06Z,-40.1,0.0,174.98,0.0,20.0,4.0,ML,,,,3.3,0.2,22
992422,1996-06-06T08:55:18Z,-39.28,0.0,175.56,0.0,0.0,0.0,ML,,,,0.9,0.0,3
990413,1996-06-06T09:00:42Z,-40.67,0.0,174.9,0.0,5.0,0.0,ML,,,,1.7,0.1,4
990414,1996-06-06T09:07:36Z,-40.93,0.0,174.78,0.0,36.0,1.0,ML,,,,1.9,0.1,5
991259,1996-06-06T09:20:01Z,-37.71,0.0,179.44,0.1,21.0,6.0,ML,,,,3.5,0.2,5
997359,1996-06-06T09:24:37Z,-39.28,0.0,175.56,0.0,0.0,0.0,ML,,,,1.1,0.1,3
996075,1996-06-06T10:24:31Z,-45.19,0.0,167.32,0.0,70.0,2.0,ML,,,,4.0,0.3,4
990417,1996-06-06T12:04:21Z,-40.95,0.0,175.59,0.0,28.0,2.0,ML,,,,1.6,0.2,7
996633,1996-06-06T12:12:29Z,-39.28,0.0,175.56,0.0,0.0,0.0,ML,,,,1.2,0.1,3
997360,1996-06-06T13:02:27Z,-39.28,0.0,175.56,0.0,0.0,0.0,ML,,,,0.7,0.1,2
991262,1996-06-06T13:25:40Z,-39.01,0.0,178.21,0.0,65.0,5.0,ML,,,,3.4,0.1,3
994804,1996-06-06T14:47:14Z,-45.13,0.0,170.3,0.0,5.0,0.0,ML,,,,2.1,0.2,3
991268,1996-06-06T15:03:39Z,-39.12,0.0,177.49,0.0,29.0,3.0,ML,,,,2.8,0.3,10
1001273,1996-06-06T15:03:49Z,-39.28,0.0,175.56,0.0,0.0,0.0,ML,,,,0.9,0.1,3
991589,1996-06-06T16:32:42Z,-40.25,0.0,176.29,0.0,52.0,6.0,ML,,,,2.8,0.3,2
990444,1996-06-06T16:44:36Z,-39.28,0.0,175.56,0.0,0.0,0.0,ML,,,,1.1,0.1,3
997361,1996-06-06T16:50:35Z,-39.28,0.0,175.56,0.0,0.0,0.0,ML,,,,1.0,0.1,3
990451,1996-06-06T17:19:07Z,-39.31,0.0,175.52,0.0,0.0,0.0,ML,,,,1.4,0.1,3
990453,1996-06-06T17:29:50Z,-39.49,0.0,174.57,0.0,146.0,5.0,ML,,,,3.4,0.2,10
990459,1996-06-06T18:47:01Z,-40.12,0.0,174.28,0.0,93.0,3.0,ML,,,,2.8,0.3,7
990464,1996-06-06T19:23:13Z,-44.81,0.0,169.23,0.0,12.0,0.0,ML,,,,1.9,0.2,2
996623,1996-06-06T19:39:37Z,-39.3,0.0,175.53,0.0,0.0,0.0,ML,,,,1.0,0.0,3
990469,1996-06-06T20:20:08Z,-39.29,0.1,175.57,0.1,0.0,0.0,ML,,,,0.7,0.0,3
990475,1996-06-06T20:43:47Z,-45.15,0.0,167.33,0.1,69.0,6.0,ML,,,,2.3,0.3,2
995727,1996-06-06T21:44:49Z,-40.02,0.0,176.48,0.0,50.0,1.0,ML,,,,2.5,0.2,2
1002347,1996-06-06T21:46:27Z,-39.29,0.0,175.54,0.0,0.0,0.0,ML,,,,1.0,0.1,3
990493,1996-06-06T22:00:18Z,-39.3,0.0,175.53,0.0,0.0,0.0,ML,,,,1.1,0.1,3
997290,1996-06-06T22:58:02Z,-39.2,0.0,175.86,0.1,12.0,0.0,ML,,,,1.7,0.2,3
990519,1996-06-06T23:05:45Z,-39.33,0.1,175.52,0.1,0.0,0.0,ML,,,,1.1,0.1,3
997362,1996-06-06T23:50:57Z,-39.29,0.0,175.56,0.0,0.0,0.0,ML,,,,1.0,0.1,3
990534,1996-06-07T00:10:46Z,-39.28,0.0,175.56,0.0,0.0,0.0,ML,,,,0.7,0.2,3
990544,1996-06-07T01:03:09Z,-40.49,0.1,173.52,0.0,126.0,6.0,ML,,,,2.4,0.2,2
990558,1996-06-07T01:52:50Z,-39.28,0.0,175.56,0.0,0.0,0.0,ML,,,,0.6,0.1,3
990561,1996-06-07T02:00:48Z,-39.39,0.1,175.46,0.1,0.0,0.0,ML,,,,1.5,0.1,3
997363,1996-06-07T02:07:45Z,-39.28,0.0,175.53,0.0,0.0,0.0,ML,,,,1.0,0.1,3
990562,1996-06-07T02:18:42Z,-41.37,0.0,173.92,0.0,50.0,2.0,ML,,,,2.1,0.2,2
991279,1996-06-07T02:29:09Z,-39.3,0.0,175.54,0.0,0.0,0.0,ML,,,,1.1,0.1,3
995736,1996-06-07T04:14:30Z,-39.07,0.0,175.64,0.0,6.0,1.0,ML,,,,1.3,0.1,4
995742,1996-06-07T05:28:29Z,-39.41,0.1,175.31,0.2,0.0,0.0,ML,,,,1.6,0.1,3
990577,1996-06-07T05:44:26Z,-38.26,0.1,175.89,0.0,136.0,7.0,ML,,,,3.6,0.2,14
991286,1996-06-07T05:50:39Z,-38.19,0.0,177.77,0.0,67.0,5.0,ML,,,,3.3,0.2,3
990578,1996-06-07T06:22:13Z,-40.9,0.0,172.7,0.0,5.0,0.0,ML,,,,3.8,0.2,24
991288,1996-06-07T06:54:42Z,-39.28,0.0,175.5,0.1,0.0,0.0,ML,,,,1.3,0.2,3
990579,1996-06-07T07:34:00Z,-39.3,0.0,175.51,0.0,0.0,0.0,ML,,,,1.2,0.2,3
990580,1996-06-07T08:17:43Z,-41.09,0.0,173.36,0.0,92.0,3.0,ML,,,,2.3,0.0,2
990581,1996-06-07T08:45:42Z,-39.77,0.0,174.43,0.1,153.0,9.0,ML,,,,2.9,0.3,4
996450,1996-06-07T09:16:23Z,-39.45,0.0,175.45,0.1,0.0,0.0,ML,,,,1.4,0.1,3
991292,1996-06-07T09:59:30Z,-38.21,0.0,178.27,0.0,33.0,0.0,ML,,,,2.5,0.2,3
995751,1996-06-07T10:12:17Z,-39.29,0.0,175.52,0.0,0.0,0.0,ML,,,,1.0,0.2,3
990585,1996-06-07T10:44:38Z,-40.97,0.0,172.56,0.0,12.0,0.0,ML,,,,2.5,0.2,4
990605,1996-06-07T12:07:15Z,-39.48,0.1,175.49,0.1,0.0,0.0,ML,,,,1.1,0.1,3
1002478,1996-06-07T12:26:37Z,-41.02,0.0,175.44,0.0,34.0,2.0,ML,,,,2.0,0.1,6
990621,1996-06-07T12:27:43Z,-45.46,0.0,167.02,0.0,77.0,1.0,ML,,,,2.3,0.1,2
990639,1996-06-07T12:49:58Z,-40.62,0.1,174.5,0.1,25.0,5.0,ML,,,,1.5,0.2,4
990679,1996-06-07T13:40:20Z,-39.28,0.0,175.56,0.0,0.0,0.0,ML,,,,0.9,0.1,2
990741,1996-06-07T15:18:08Z,-40.15,0.0,174.86,0.0,5.0,0.0,ML,,,,2.2,0.2,5
990763,1996-06-07T16:19:26Z,-39.28,0.0,175.56,0.0,0.0,0.0,ML,,,,0.9,0.1,3
990778,1996-06-07T16:48:31Z,-39.28,0.0,175.56,0.0,0.0,0.0,ML,,,,1.0,0.1,2
990782,1996-06-07T17:04:57Z,-38.29,0.0,176.08,0.0,152.0,2.0,ML,,,,3.8,0.3,18
990788,1996-06-07T17:31:18Z,-39.08,0.0,177.52,0.0,27.0,2.0,ML,,,,2.9,0.2,11
990795,1996-06-07T17:54:46Z,-39.34,0.0,175.64,0.0,12.0,0.0,ML,,,,1.1,0.1,3
990800,1996-06-07T18:12:58Z,-41.44,0.0,172.2,0.0,5.0,0.0,ML,,,,4.3,0.3,8
991296,1996-06-07T19:07:22Z,-37.55,0.1,179.42,0.1,12.0,0.0,ML,,,,2.9,0.2,3
990806,1996-06-07T19:43:45Z,-41.63,0.3,173.11,0.3,82.0,11.0,ML,,,,2.2,0.1,2
990807,1996-06-07T19:50:00Z,-39.28,0.0,175.56,0.0,0.0,0.0,ML,,,,0.5,0.1,2
996712,1996-06-07T19:55:53Z,-39.28,0.0,175.56,0.0,0.0,0.0,ML,,,,1.0,0.1,3
991298,1996-06-07T20:10:37Z,-36.59,0.0,177.43,0.0,5.0,0.0,ML,,,,3.6,0.6,3
997365,1996-06-07T20:17:24Z,-39.28,0.0,175.54,0.0,0.0,0.0,ML,,,,0.9,0.0,2
996635,1996-06-07T20:33:57Z,-39.28,0.0,175.56,0.0,0.0,0.0,ML,,,,0.8,0.0,3
996176,1996-06-07T21:42:31Z,-39.28,0.0,175.56,0.0,0.0,0.0,ML,,,,0.5,0.0,2
990828,1996-06-07T21:47:53Z,-41.35,0.0,173.12,0.0,88.0,4.0,ML,,,,2.8,0.2,3
990850,1996-06-07T22:54:24Z,-39.28,0.0,175.56,0.0,0.0,0.0,ML,,,,0.7,0.1,3
995624,1996-06-07T23:13:19Z,-40.39,0.0,176.05,0.0,59.0,5.0,ML,,,,3.1,0.1,2
990857,1996-06-07T23:28:59Z,-40.57,0.0,174.07,0.0,69.0,4.0,ML,,,,2.6,0.2,6
990859,1996-06-07T23:33:58Z,-41.44,0.0,172.18,0.0,5.0,0.0,ML,,,,2.6,0.3,4
990869,1996-06-07T23:57:43Z,-41.0,0.0,175.41,0.0,28.0,1.0,ML,,,,1.9,0.2,6
990870,1996-06-08T00:03:42Z,-39.28,0.0,175.56,0.0,0.0,0.0,ML,,,,0.6,0.0,3
990876,1996-06-08T00:32:05Z,-39.28,0.0,175.56,0.0,0.0,0.0,ML,,,,0.8,0.2,3
991301,1996-06-08T01:14:07Z,-37.62,0.0,179.33,0.0,12.0,0.0,ML,,,,3.7,0.3,13
990883,1996-06-08T01:24:36Z,-39.28,0.0,175.56,0.0,0.0,0.0,ML,,,,0.6,0.1,3
990885,1996-06-08T01:41:21Z,-39.86,0.0,177.16,0.0,12.0,0.0,ML,,,,2.8,0.1,6
1002707,1996-06-08T01:41:37Z,-39.28,0.0,175.56,0.0,0.0,0.0,ML,,,,0.4,0.0,2
997368,1996-06-08T02:15:47Z,-39.28,0.0,175.56,0.0,0.0,0.0,ML,,,,0.9,0.1,3
991305,1996-06-08T02:53:54Z,-37.6,0.1,179.33,0.1,12.0,0.0,ML,,,,2.9,0.1,3
990906,1996-06-08T03:44:46Z,-38.84,0.0,177.84,0.0,12.0,0.0,ML,,,,3.1,0.2,7
990910,1996-06-08T03:57:45Z,-39.35,0.0,177.04,0.0,33.0,0.0,ML,,,,2.3,0.2,8
990912,1996-06-08T04:23:43Z,-40.48,0.0,173.69,0.0,124.0,3.0,ML,,,,2.7,0.3,8
991307,1996-06-08T05:49:57Z,-39.28,0.0,175.56,0.0,0.0,0.0,ML,,,,0.8,0.0,2
991308,1996-06-08T05:51:13Z,-39.28,0.0,175.56,0.0,0.0,0.0,ML,,,,0.5,0.0,2
990925,1996-06-08T06:33:27Z,-41.62,0.0,174.41,0.0,21.0,1.0,ML,,,,2.5,0.3,11
1002708,1996-06-08T06:35:00Z,-39.28,0.0,175.56,0.0,0.0,0.0,ML,,,,1.0,0.1,3
990930,1996-06-08T07:18:07Z,-40.66,0.0,175.89,0.0,28.0,2.0,ML,,,,2.5,0.2,14
991601,1996-06-08T07:28:29Z,-39.28,0.0,175.56,0.0,0.0,0.0,ML,,,,0.7,0.1,3
991605,1996-06-08T07:36:00Z,-39.28,0.0,175.56,0.0,0.0,0.0,ML,,,,0.5,0.0,2
997325,1996-06-08T07:40:27Z,-39.28,0.0,175.56,0.0,0.0,0.0,ML,,,,0.6,nan,1
990934,1996-06-08T07:45:44Z,-39.28,0.0,175.56,0.0,0.0,0.0,ML,,,,1.0,0.1,3
996354,1996-06-08T08:07:17Z,-38.79,0.0,175.56,0.0,159.0,5.0,ML,,,,3.0,0.2,2
997369,1996-06-08T08:55:13Z,-39.44,0.1,175.36,0.1,0.0,0.0,ML,,,,1.5,0.1,2
991313,1996-06-08T09:33:49Z,-36.71,0.0,177.47,0.1,231.0,2.0,ML,,,,3.5,0.0,2
997380,1996-06-08T11:13:57Z,-39.28,0.0,175.54,0.0,0.0,0.0,ML,,,,0.8,nan,1
990952,1996-06-08T12:06:40Z,-39.37,0.0,175.47,0.1,0.0,0.0,ML,,,,1.2,0.1,3
990954,1996-06-08T12:07:22Z,-40.94,0.0,172.82,0.0,227.0,3.0,ML,,,,3.5,0.2,11
1004468,1996-06-08T12:13:51Z,-39.28,0.0,175.56,0.0,0.0,0.0,ML,,,,0.5,0.0,2
1004576,1996-06-08T12:14:46Z,-39.28,0.0,175.56,0.0,0.0,0.0,ML,,,,0.7,0.1,2
990959,1996-06-08T12:33:39Z,-39.28,0.0,175.56,0.0,0.0,0.0,ML,,,,0.7,0.1,2
990982,1996-06-08T13:14:56Z,-39.28,0.0,175.56,0.0,0.0,0.0,ML,,,,0.6,0.1,2
990991,1996-06-08T13:26:48Z,-39.28,0.0,175.56,0.0,0.0,0.0,ML,,,,0.4,0.1,2
995765,1996-06-08T14:24:11Z,-39.4,0.1,175.48,0.1,0.0,0.0,ML,,,,1.3,0.2,2
991316,1996-06-08T15:20:10Z,-37.77,0.0,176.72,0.0,137.0,1.0,ML,,,,3.5,0.2,3
995784,1996-06-08T15:44:21Z,-39.27,0.0,175.49,0.1,0.0,0.0,ML,,,,1.0,0.2,2
996563,1996-06-08T16:44:54Z,-39.4,0.1,175.45,0.1,0.0,0.0,ML,,,,1.3,0.1,2
996565,1996-06-08T16:56:26Z,-39.28,0.1,175.56,0.1,0.0,0.0,ML,,,,1.1,0.1,3
995795,1996-06-08T17:10:32Z,-39.28,0.0,175.56,0.0,0.0,0.0,ML,,,,1.0,0.1,2
995796,1996-06-08T17:33:48Z,-40.71,0.0,176.64,0.0,32.0,1.0,ML,,,,3.0,0.2,5
994827,1996-06-08T18:03:49Z,-39.28,0.0,175.56,0.0,0.0,0.0,ML,,,,0.9,0.0,2
996572,1996-06-08T18:26:49Z,-39.28,0.0,175.56,0.0,0.0,0.0,ML,,,,0.9,0.1,3
994830,1996-06-08T19:03:23Z,-39.28,0.0,175.56,0.0,0.0,0.0,ML,,,,0.9,0.0,3
991320,1996-06-08T19:32:31Z,-38.27,0.0,176.43,0.0,5.0,0.0,ML,,,,2.3,0.3,4
1007270,1996-06-08T19:36:07Z,-38.25,0.0,176.41,0.0,12.0,0.0,ML,,,,2.4,0.2,3
996577,1996-06-08T19:36:07Z,-39.28,0.0,175.56,0.0,0.0,0.0,ML,,,,0.7,0.1,2
997391,1996-06-08T19:43:39Z,-38.24,0.0,176.4,0.0,5.0,0.0,ML,,,,2.1,0.2,3
1007466,1996-06-08T19:43:54Z,-38.28,0.0,176.41,0.0,5.0,0.0,ML,,,,2.3,0.2,3
994836,1996-06-08T19:44:48Z,-38.29,0.0,176.43,0.0,5.0,0.0,ML,,,,2.3,0.2,3
991321,1996-06-08T19:48:00Z,-38.26,0.0,176.42,0.0,5.0,0.0,ML,,,,1.6,0.1,3
1007782,1996-06-08T19:48:04Z,-38.32,0.0,176.48,0.0,5.0,0.0,ML,,,,2.7,0.3,4
997393,1996-06-08T19:49:09Z,-38.21,0.0,176.47,0.0,5.0,0.0,ML,,,,2.1,0.1,3
1007808,1996-06-08T19:49:13Z,-38.23,0.0,176.43,0.0,5.0,0.0,ML,,,,2.3,0.1,3
991322,1996-06-08T19:51:50Z,-38.31,0.0,176.48,0.0,5.0,0.0,ML,,,,2.2,0.1,3
997395,1996-06-08T19:55:49Z,-38.26,0.0,176.39,0.0,5.0,0.0,ML,,,,2.3,0.2,4
1007955,1996-06-08T19:55:57Z,-38.24,0.0,176.39,0.0,5.0,0.0,ML,,,,2.7,0.3,4
997396,1996-06-08T19:57:00Z,-38.27,0.0,176.44,0.0,5.0,0.0,ML,,,,2.3,0.3,4
996186,1996-06-08T20:00:17Z,-45.63,0.0,166.91,0.0,63.0,0.0,ML,,,,2.3,0.2,2
991012,1996-06-08T20:16:41Z,-39.28,0.0,175.56,0.0,0.0,0.0,ML,,,,0.8,0.1,3
996669,1996-06-08T20:23:39Z,-39.28,0.0,175.56,0.0,0.0,0.0,ML,,,,0.9,0.0,3
997402,1996-06-08T20:31:07Z,-39.28,0.0,175.56,0.0,0.0,0.0,ML,,,,0.8,0.1,3
998476,1996-06-08T20:39:54Z,-38.26,0.0,176.42,0.0,5.0,0.0,ML,,,,1.8,0.0,2
1008038,1996-06-08T20:40:28Z,-38.25,0.0,176.4,0.0,5.0,0.0,ML,,,,1.4,0.1,3
991325,1996-06-08T21:17:37Z,-39.28,0.0,175.56,0.0,0.0,0.0,ML,,,,0.6,0.1,3
996664,1996-06-08T21:54:23Z,-39.45,0.1,175.45,0.1,12.0,0.0,ML,,,,1.9,0.2,3
995801,1996-06-08T21:56:28Z,-39.28,0.0,175.56,0.0,0.0,0.0,ML,,,,1.1,0.0,2
996721,1996-06-08T22:00:01Z,-39.28,0.0,175.56,0.0,0.0,0.0,ML,,,,0.7,0.1,2
1008118,1996-06-08T22:00:17Z,-39.28,0.0,175.56,0.0,0.0,0.0,ML,,,,0.7,0.0,2
996722,1996-06-08T22:16:26Z,-39.28,0.0,175.56,0.0,0.0,0.0,ML,,,,1.0,0.1,3
997417,1996-06-08T22:19:24Z,-39.28,0.0,175.56,0.0,0.0,0.0,ML,,,,0.9,0.0,2
997418,1996-06-08T22:23:35Z,-38.33,0.0,176.51,0.1,5.0,0.0,ML,,,,2.1,0.2,3
1008119,1996-06-08T22:24:20Z,-38.28,0.0,176.43,0.0,5.0,0.0,ML,,,,1.9,0.1,3
997419,1996-06-08T22:25:52Z,-39.28,0.0,175.56,0.0,0.0,0.0,ML,,,,0.7,0.0,3
996724,1996-06-08T22:53:03Z,-39.28,0.0,175.56,0.0,0.0,0.0,ML,,,,0.9,0.1,3
997423,1996-06-08T23:24:09Z,-39.28,0.0,175.56,0.0,0.0,0.0,ML,,,,0.5,nan,1
995811,1996-06-09T00:19:23Z,-38.93,0.0,175.55,0.0,143.0,7.0,ML,,,,3.7,0.7,3
991017,1996-06-09T00:28:45Z,-39.28,0.0,174.84,0.0,220.0,5.0,ML,,,,3.7,0.2,15
991020,1996-06-09T01:37:45Z,-40.62,0.0,176.54,0.0,28.0,3.0,ML,,,,3.2,0.2,15
991338,1996-06-09T04:57:18Z,-37.9,0.0,179.0,0.0,12.0,0.0,ML,,,,3.3,0.2,4
991043,1996-06-09T07:24:58Z,-40.43,0.0,174.84,0.0,22.0,2.0,ML,,,,3.1,0.1,16
991045,1996-06-09T07:41:41Z,-39.97,0.0,176.54,0.0,55.0,4.0,ML,,,,3.1,0.1,4
991349,1996-06-09T09:02:42Z,-37.47,0.0,178.28,0.0,33.0,0.0,ML,,,,3.2,0.1,3
991061,1996-06-09T11:26:06Z,-38.82,0.0,175.34,0.1,153.0,6.0,ML,,,,3.4,0.3,8
991063,1996-06-09T12:01:33Z,-38.11,0.0,176.13,0.0,150.0,3.0,ML,,,,3.8,0.3,12
995845,1996-06-09T12:56:43Z,-39.99,0.0,176.5,0.0,54.0,6.0,ML,,,,2.7,0.3,3
991074,1996-06-09T13:01:54Z,-40.27,0.0,176.54,0.0,55.0,5.0,ML,,,,2.7,0.1,3
991356,1996-06-09T13:36:02Z,-38.28,0.0,178.09,0.0,12.0,0.0,ML,,,,3.2,0.2,9
991083,1996-06-09T14:05:44Z,-40.44,0.1,174.84,0.0,29.0,6.0,ML,,,,2.2,0.1,4
991106,1996-06-09T17:53:52Z,-40.58,0.0,174.22,0.0,64.0,4.0,ML,,,,2.9,0.3,10
991112,1996-06-09T19:33:51Z,-41.17,0.0,175.53,0.0,16.0,1.0,ML,,,,1.9,0.2,5
991113,1996-06-09T19:42:21Z,-39.27,0.0,176.64,0.0,81.0,5.0,ML,,,,2.9,0.1,3
991115,1996-06-09T19:58:40Z,-41.79,0.0,174.34,0.0,34.0,2.0,ML,,,,1.8,0.2,3
998506,1996-06-09T20:50:43Z,-39.28,0.0,175.56,0.0,0.0,0.0,ML,,,,0.6,0.1,2
998508,1996-06-09T20:58:54Z,-39.28,0.0,175.56,0.0,0.0,0.0,ML,,,,0.8,0.1,2
991369,1996-06-09T21:58:19Z,-37.55,0.0,177.37,0.0,69.0,4.0,ML,,,,3.7,0.1,3
995870,1996-06-09T22:38:58Z,-39.11,0.0,175.06,0.0,199.0,2.0,ML,,,,3.6,0.1,2
991376,1996-06-09T23:32:15Z,-45.02,0.0,167.57,0.0,108.0,4.0,ML,,,,3.5,0.2,6
991378,1996-06-10T00:38:39Z,-39.07,0.0,177.4,0.0,37.0,5.0,ML,,,,2.8,0.3,4
996744,1996-06-10T01:13:17Z,-38.84,0.1,175.91,0.0,5.0,0.0,ML,,,,1.9,0.2,4
991384,1996-06-10T01:20:45Z,-39.28,0.0,175.56,0.0,0.0,0.0,ML,,,,1.1,0.0,2
991137,1996-06-10T01:39:33Z,-39.28,0.0,175.54,0.0,0.0,0.0,ML,,,,0.9,0.0,2
994840,1996-06-10T02:30:11Z,-39.33,0.1,175.49,0.0,0.0,0.0,ML,,,,1.4,0.1,2
996077,1996-06-10T03:20:55Z,-45.28,0.0,170.38,0.0,5.0,0.0,ML,,,,1.7,0.3,2
998510,1996-06-10T03:55:10Z,-39.28,0.0,175.56,0.0,0.0,0.0,ML,,,,1.1,0.1,3
998477,1996-06-10T04:26:11Z,-39.28,0.0,175.56,0.0,0.0,0.0,ML,,,,0.9,0.1,3
991393,1996-06-10T04:57:31Z,-39.55,0.0,175.63,0.0,12.0,0.0,ML,,,,1.7,0.3,3
991402,1996-06-10T06:42:01Z,-38.27,0.0,178.32,0.1,33.0,0.0,ML,,,,2.4,0.1,3
991404,1996-06-10T07:07:44Z,-38.34,0.0,178.4,0.0,65.0,2.0,ML,,,,2.6,0.1,3
1009527,1996-06-10T07:09:14Z,-39.57,0.0,175.7,0.0,12.0,0.0,ML,,,,2.3,0.1,4
991406,1996-06-10T08:00:44Z,-36.72,0.1,177.11,0.1,154.0,6.0,ML,,,,3.5,0.1,6
991153,1996-06-10T08:28:12Z,-39.77,0.0,173.94,0.0,232.0,3.0,ML,,,,3.4,0.3,11
998511,1996-06-10T08:47:41Z,-39.28,0.0,175.56,0.0,0.0,0.0,ML,,,,1.0,0.2,3
991408,1996-06-10T09:08:47Z,-37.82,0.0,179.21,0.1,33.0,0.0,ML,,,,2.7,0.1,3
991156,1996-06-10T09:21:02Z,-38.66,0.1,175.8,0.1,136.0,13.0,ML,,,,3.2,0.3,6
991159,1996-06-10T09:43:56Z,-40.61,0.0,175.74,0.0,32.0,1.0,ML,,,,2.6,0.2,3
991171,1996-06-10T10:54:58Z,-41.69,0.0,174.26,0.0,32.0,2.0,ML,,,,2.9,0.2,11
998512,1996-06-10T12:36:33Z,-39.28,0.0,175.56,0.0,0.0,0.0,ML,,,,0.9,0.1,3
995625,1996-06-10T12:41:01Z,-39.27,0.0,174.85,0.0,12.0,0.0,ML,,,,2.5,0.1,7
991411,1996-06-10T13:12:26Z,-39.97,0.0,175.32,0.0,59.0,3.0,ML,,,,2.8,0.2,7
996618,1996-06-10T13:25:58Z,-39.56,0.0,175.59,0.0,5.0,0.0,ML,,,,1.7,0.2,3
994867,1996-06-10T13:54:39Z,-40.72,0.0,174.52,0.0,51.0,3.0,ML,,,,2.8,0.1,9
998513,1996-06-10T14:17:45Z,-39.28,0.0,175.56,0.0,0.0,0.0,ML,,,,1.2,0.2,3
998514,1996-06-10T14:28:41Z,-39.28,0.0,175.56,0.0,0.0,0.0,ML,,,,1.0,0.2,3
994868,1996-06-10T14:39:41Z,-40.39,0.0,175.18,0.0,43.0,4.0,ML,,,,2.5,0.6,5
996534,1996-06-10T14:49:06Z,-45.66,0.0,167.09,0.0,22.0,1.0,ML,,,,2.4,0.1,2
996359,1996-06-10T15:34:46Z,-39.65,0.0,177.05,0.1,35.0,3.0,ML,,,,2.8,0.3,4
996081,1996-06-10T15:41:42Z,-45.65,0.0,167.56,0.0,5.0,0.0,ML,,,,2.6,0.1,4
994869,1996-06-10T15:49:50Z,-38.14,0.0,176.69,0.0,12.0,0.0,ML,,,,1.7,0.1,4
994871,1996-06-10T16:10:11Z,-41.66,0.0,174.18,0.0,32.0,1.0,ML,,,,2.6,0.2,14
994848,1996-06-10T16:46:32Z,-39.28,0.0,175.56,0.0,0.0,0.0,ML,,,,1.0,0.1,3
997298,1996-06-10T18:24:26Z,-38.3,0.0,176.45,0.0,12.0,0.0,ML,,,,2.4,0.2,3
996362,1996-06-10T19:31:36Z,-39.74,0.0,176.8,0.0,33.0,0.0,ML,,,,2.4,0.1,2
994894,1996-06-10T21:48:01Z,-37.32,0.0,177.37,0.0,5.0,0.0,ML,,,,3.9,0.6,3
994897,1996-06-10T21:55:38Z,-39.28,0.0,175.56,0.0,0.0,0.0,ML,,,,1.0,0.1,3
994905,1996-06-10T22:17:18Z,-38.24,0.0,176.41,0.0,5.0,0.0,ML,,,,2.1,0.1,2
994908,1996-06-10T22:26:51Z,-38.24,0.0,176.4,0.0,12.0,0.0,ML,,,,2.7,0.2,3
994915,1996-06-10T22:46:14Z,-38.26,0.0,176.39,0.0,5.0,0.0,ML,,,,2.8,0.3,6
998482,1996-06-10T23:05:13Z,-38.27,0.0,176.42,0.0,5.0,0.0,ML,,,,3.0,0.3,9
997339,1996-06-10T23:07:27Z,-38.27,0.0,176.42,0.0,12.0,0.0,ML,,,,2.3,0.0,3
994917,1996-06-10T23:13:56Z,-39.28,0.0,175.56,0.0,0.0,0.0,ML,,,,1.1,nan,1
996747,1996-06-11T00:07:50Z,-38.44,0.0,174.65,0.0,5.0,0.0,ML,,,,2.9,0.2,5
994928,1996-06-11T03:09:24Z,-38.28,0.0,176.42,0.0,5.0,0.0,ML,,,,2.7,0.1,4
997518,1996-06-11T04:04:29Z,-44.97,0.0,167.61,0.0,72.0,4.0,ML,,,,2.6,0.2,3
997251,1996-06-11T05:06:29Z,-37.78,0.0,178.9,0.1,12.0,0.0,ML,,,,3.3,0.3,5
1011394,1996-06-11T05:27:53Z,-38.78,0.0,176.12,0.0,105.0,5.0,ML,,,,3.3,0.1,4
994957,1996-06-11T05:28:58Z,-41.23,0.0,173.81,0.0,69.0,4.0,ML,,,,2.9,0.2,6
1011295,1996-06-11T05:29:05Z,-44.03,0.0,171.28,0.0,12.0,0.0,ML,,,,2.5,0.5,3
997258,1996-06-11T07:16:34Z,-44.9,0.0,167.19,0.1,12.0,0.0,ML,,,,2.8,nan,1
994973,1996-06-11T07:44:41Z,-41.25,0.0,174.02,0.0,59.0,1.0,ML,,,,2.1,nan,1
997594,1996-06-11T08:46:03Z,-38.54,0.0,176.89,0.0,12.0,0.0,ML,,,,2.8,0.1,4
995924,1996-06-11T10:26:08Z,-39.93,0.0,176.52,0.0,45.0,4.0,ML,,,,2.9,0.0,3
996313,1996-06-11T10:35:16Z,-43.0,0.0,171.44,0.0,12.0,0.0,ML,,,,2.8,0.4,4
998516,1996-06-11T11:08:49Z,-39.28,0.0,175.56,0.0,0.0,0.0,ML,,,,0.9,0.1,3
994997,1996-06-11T13:30:54Z,-41.03,0.2,174.28,0.2,35.0,18.0,ML,,,,1.9,nan,1
998517,1996-06-11T13:44:51Z,-39.28,0.0,175.56,0.0,0.0,0.0,ML,,,,1.0,0.0,2
1011458,1996-06-11T15:26:48Z,-39.28,0.0,175.56,0.0,0.0,0.0,ML,,,,1.1,0.1,2
994999,1996-06-11T15:27:34Z,-40.69,0.0,174.54,0.0,51.0,4.0,ML,,,,2.8,0.2,7
998518,1996-06-11T16:02:44Z,-39.28,0.0,175.56,0.0,0.0,0.0,ML,,,,1.2,0.0,2
997272,1996-06-11T16:15:29Z,-39.28,0.0,175.56,0.0,0.0,0.0,ML,,,,1.1,0.0,2
995926,1996-06-11T17:01:08Z,-39.28,0.0,175.56,0.0,0.0,0.0,ML,,,,0.9,0.1,2
997274,1996-06-11T17:14:45Z,-39.28,0.0,175.56,0.0,0.0,0.0,ML,,,,0.6,0.0,2
995000,1996-06-11T17:25:42Z,-40.94,0.1,172.76,0.1,12.0,0.0,ML,,,,2.8,0.1,5
1011524,1996-06-11T17:27:53Z,-38.38,0.1,176.55,0.1,5.0,0.0,ML,,,,2.3,0.2,3
1011556,1996-06-11T18:32:53Z,-45.14,0.1,166.32,0.1,5.0,0.0,ML,,,,3.3,0.1,2
998519,1996-06-11T19:11:29Z,-39.42,0.0,175.72,0.0,20.0,0.0,ML,,,,2.0,0.2,3
995941,1996-06-11T21:30:55Z,-39.28,0.0,175.56,0.0,0.0,0.0,ML,,,,0.8,0.2,3
995002,1996-06-11T23:05:37Z,-41.92,0.0,174.06,0.0,18.0,2.0,ML,,,,2.8,0.2,7
997730,1996-06-11T23:14:55Z,-45.0,0.0,167.51,0.0,12.0,0.0,ML,,,,2.2,0.1,2
995003,1996-06-12T00:48:33Z,-41.44,0.0,174.23,0.0,22.0,3.0,ML,,,,2.1,0.1,3
998520,1996-06-12T02:27:36Z,-39.28,0.0,175.56,0.0,0.0,0.0,ML,,,,0.8,0.1,2
997671,1996-06-12T03:09:07Z,-39.83,0.1,176.83,0.1,70.0,6.0,ML,,,,3.2,0.5,3
997672,1996-06-12T03:17:05Z,-39.31,0.0,173.81,0.0,19.0,2.0,ML,,,,2.1,nan,1
996316,1996-06-12T03:28:29Z,-42.31,0.0,172.91,0.0,12.0,0.0,ML,,,,3.1,0.1,3
995004,1996-06-12T03:47:01Z,-41.42,0.1,174.26,0.0,60.0,4.0,ML,,,,2.2,0.2,3
997732,1996-06-12T04:37:26Z,-45.14,0.0,167.37,0.0,92.0,1.0,ML,,,,2.1,0.2,2
997545,1996-06-12T05:41:29Z,-39.25,0.0,175.06,0.0,21.0,4.0,ML,,,,2.3,0.3,4
997675,1996-06-12T08:02:50Z,-39.02,0.0,175.93,0.0,12.0,0.0,ML,,,,2.1,0.2,4
995005,1996-06-12T08:40:23Z,-41.92,0.0,174.06,0.0,18.0,3.0,ML,,,,2.9,0.2,8
995007,1996-06-12T09:10:01Z,-41.91,0.0,173.41,0.0,84.0,2.0,ML,,,,2.6,0.2,4
997473,1996-06-12T09:25:19Z,-44.42,0.0,167.71,0.0,18.0,3.0,ML,,,,3.3,0.1,5
995008,1996-06-12T11:15:10Z,-41.03,0.0,173.93,0.0,83.0,3.0,ML,,,,4.5,0.4,14
995009,1996-06-12T11:33:20Z,-40.99,0.0,173.8,0.0,73.0,3.0,ML,,,,2.4,0.1,4
997521,1996-06-12T13:23:13Z,-45.13,0.0,166.96,0.1,5.0,0.0,ML,,,,2.2,nan,1
997678,1996-06-12T15:27:34Z,-39.54,0.0,177.22,0.0,30.0,2.0,ML,,,,2.5,0.1,2
995018,1996-06-12T15:30:34Z,-39.23,0.0,173.83,0.1,21.0,1.0,ML,,,,2.9,0.3,7
998522,1996-06-12T15:45:44Z,-39.32,0.0,175.33,0.0,5.0,0.0,ML,,,,1.7,0.1,3
997679,1996-06-12T17:24:40Z,-39.92,0.0,177.14,0.0,13.0,3.0,ML,,,,3.0,0.3,6
995043,1996-06-12T18:00:41Z,-40.9,0.0,175.05,0.0,29.0,1.0,ML,,,,2.0,0.2,2
995051,1996-06-12T19:35:54Z,-41.9,0.0,173.39,0.0,87.0,2.0,ML,,,,3.4,0.2,10
995063,1996-06-13T01:35:46Z,-40.77,0.0,172.77,0.1,12.0,0.0,ML,,,,4.0,0.2,21
995064,1996-06-13T01:39:23Z,-40.88,0.0,172.75,0.1,12.0,0.0,ML,,,,3.2,0.1,7
997487,1996-06-13T03:30:09Z,-45.33,0.0,167.17,0.0,66.0,4.0,ML,,,,2.6,0.2,3
995065,1996-06-13T04:21:47Z,-40.88,0.0,172.75,0.1,12.0,0.0,ML,,,,3.0,0.2,9
995066,1996-06-13T05:05:59Z,-40.46,0.0,175.91,0.0,35.0,1.0,ML,,,,4.0,0.2,14
1016197,1996-06-13T05:07:35Z,-40.45,0.0,175.9,0.0,35.0,3.0,ML,,,,2.7,0.2,7
995069,1996-06-13T06:46:46Z,-39.28,0.0,175.56,0.0,0.0,0.0,ML,,,,1.1,0.1,3
997494,1996-06-13T08:39:13Z,-39.33,0.1,175.46,0.1,5.0,0.0,ML,,,,1.3,0.2,3
998086,1996-06-13T08:58:46Z,-39.28,0.0,175.56,0.0,0.0,0.0,ML,,,,0.6,0.0,2
997502,1996-06-13T10:36:20Z,-39.28,0.0,175.56,0.0,0.0,0.0,ML,,,,0.5,0.2,3
998532,1996-06-13T12:13:31Z,-39.28,0.0,175.53,0.0,0.0,0.0,ML,,,,1.0,0.1,3
998111,1996-06-13T12:29:16Z,-39.28,0.0,175.53,0.0,0.0,0.0,ML,,,,1.0,0.2,3
997735,1996-06-13T13:09:48Z,-45.43,0.0,167.07,0.0,64.0,1.0,ML,,,,1.8,nan,1
997736,1996-06-13T13:13:52Z,-45.18,0.0,167.37,0.1,73.0,9.0,ML,,,,2.3,0.0,2
997737,1996-06-13T13:36:00Z,-39.28,0.0,175.56,0.0,0.0,0.0,ML,,,,1.3,0.0,2
998533,1996-06-13T13:45:55Z,-39.29,0.0,175.54,0.0,0.0,0.0,ML,,,,0.8,0.1,3
998127,1996-06-13T13:53:23Z,-39.28,0.0,175.54,0.0,0.0,0.0,ML,,,,0.7,0.1,2
998128,1996-06-13T13:54:57Z,-39.29,0.0,175.55,0.0,0.0,0.0,ML,,,,0.9,0.1,2
998534,1996-06-13T14:07:38Z,-39.27,0.0,175.55,0.0,0.0,0.0,ML,,,,0.8,0.2,2
998139,1996-06-13T14:44:28Z,-39.27,0.0,175.55,0.0,0.0,0.0,ML,,,,0.6,0.0,2
998140,1996-06-13T14:47:10Z,-39.35,0.2,175.45,0.1,5.0,0.0,ML,,,,1.2,0.0,2
995995,1996-06-13T14:56:13Z,-39.27,0.0,175.54,0.0,0.0,0.0,ML,,,,0.7,0.1,2
998164,1996-06-13T16:17:29Z,-39.29,0.0,175.55,0.0,0.0,0.0,ML,,,,1.3,0.2,3
998535,1996-06-13T16:23:00Z,-39.29,0.0,175.52,0.1,0.0,0.0,ML,,,,1.0,0.1,2
998165,1996-06-13T16:25:06Z,-39.36,0.2,175.45,0.1,5.0,0.0,ML,,,,1.2,0.0,2
998536,1996-06-13T16:26:25Z,-39.37,0.1,175.43,0.1,0.0,0.0,ML,,,,1.7,0.3,3
998182,1996-06-13T17:30:16Z,-39.35,0.1,175.46,0.1,5.0,0.0,ML,,,,1.2,0.0,2
998188,1996-06-13T18:09:01Z,-38.54,0.1,174.63,0.0,12.0,0.0,ML,,,,2.4,0.1,6
998538,1996-06-13T19:24:29Z,-39.28,0.0,175.53,0.0,0.0,0.0,ML,,,,1.0,0.1,2
998203,1996-06-13T19:45:55Z,-39.28,0.0,175.55,0.0,0.0,0.0,ML,,,,0.7,0.0,2
997697,1996-06-13T19:54:36Z,-38.14,0.0,176.5,0.0,5.0,0.0,ML,,,,2.4,0.1,2
996400,1996-06-13T20:13:05Z,-38.15,0.0,176.59,0.0,5.0,0.0,ML,,,,2.1,0.1,3
997738,1996-06-13T21:15:54Z,-45.09,0.0,167.45,0.0,114.0,4.0,ML,,,,2.9,0.5,2
997524,1996-06-13T21:34:01Z,-43.55,0.1,168.54,0.1,5.0,0.0,ML,,,,3.1,0.2,4
997525,1996-06-13T22:47:55Z,-45.96,0.0,170.38,0.0,12.0,0.0,ML,,,,2.9,0.2,2
995074,1996-06-13T22:55:37Z,-40.28,0.0,176.02,0.0,38.0,6.0,ML,,,,2.4,0.2,3
995076,1996-06-14T01:29:39Z,-40.94,0.0,173.91,0.0,66.0,4.0,ML,,,,2.2,0.2,3
995077,1996-06-14T02:06:56Z,-41.57,0.0,174.69,0.0,25.0,1.0,ML,,,,1.9,0.1,2
995078,1996-06-14T03:01:01Z,-40.48,0.0,173.53,0.0,205.0,4.0,ML,,,,2.8,0.0,3
996028,1996-06-14T03:09:15Z,-40.31,0.0,176.59,0.1,12.0,0.0,ML,,,,2.6,0.2,4
997717,1996-06-14T03:13:31Z,-39.91,0.1,176.78,0.0,49.0,9.0,ML,,,,2.6,0.1,2
995080,1996-06-14T03:25:26Z,-38.78,0.0,175.57,0.0,164.0,4.0,ML,,,,3.1,0.2,5
995119,1996-06-14T06:11:42Z,-37.57,0.0,176.26,0.0,233.0,10.0,ML,,,,4.6,0.2,17
998249,1996-06-14T06:23:08Z,-39.71,0.0,176.45,0.0,26.0,2.0,ML,,,,2.6,0.1,8
1016198,1996-06-14T06:23:57Z,-40.38,0.0,174.42,0.0,33.0,0.0,ML,,,,1.9,0.1,2
997526,1996-06-14T06:40:57Z,-44.92,0.0,167.6,0.0,77.0,4.0,ML,,,,2.9,0.2,4
995122,1996-06-14T07:55:13Z,-41.19,0.0,174.78,0.0,30.0,1.0,ML,,,,3.1,0.2,17
1016199,1996-06-14T07:56:27Z,-41.18,0.0,174.8,0.0,28.0,1.0,ML,,,,3.2,0.2,13
995124,1996-06-14T08:23:22Z,-41.18,0.0,174.79,0.0,28.0,0.0,ML,,,,1.7,0.1,3
998258,1996-06-14T08:38:48Z,-39.28,0.0,175.56,0.0,0.0,0.0,ML,,,,0.7,0.0,2
995126,1996-06-14T09:03:23Z,-41.27,0.0,174.82,0.0,30.0,1.0,ML,,,,1.4,0.1,3
995129,1996-06-14T09:24:18Z,-41.18,0.0,174.79,0.0,27.0,1.0,ML,,,,2.0,0.1,4
996053,1996-06-14T09:34:03Z,-45.06,0.0,167.48,0.0,109.0,4.0,ML,,,,2.4,0.2,3
995130,1996-06-14T09:46:27Z,-41.17,0.0,174.78,0.0,27.0,0.0,ML,,,,1.5,0.0,2
996058,1996-06-14T10:11:48Z,-47.86,0.0,166.39,0.0,12.0,0.0,ML,,,,3.9,0.2,5
995132,1996-06-14T10:36:58Z,-39.28,0.0,175.56,0.0,0.0,0.0,ML,,,,1.0,0.2,4
998272,1996-06-14T10:59:00Z,-39.28,0.0,175.56,0.0,0.0,0.0,ML,,,,0.5,0.0,2
995133,1996-06-14T11:58:49Z,-38.02,0.0,178.12,0.0,72.0,4.0,ML,,,,4.1,0.2,16
997805,1996-06-14T15:28:06Z,-37.19,0.0,176.86,0.0,256.0,20.0,ML,,,,3.9,0.2,16
997632,1996-06-14T17:53:26Z,-44.08,0.0,172.01,0.0,33.0,0.0,ML,,,,2.3,0.2,3
995170,1996-06-14T18:19:11Z,-40.47,0.0,176.41,0.0,41.0,1.0,ML,,,,2.4,0.1,2
998539,1996-06-14T18:43:04Z,-39.28,0.0,175.56,0.0,0.0,0.0,ML,,,,0.3,0.3,2
997813,1996-06-14T18:59:11Z,-39.46,0.0,175.63,0.0,12.0,0.0,ML,,,,2.0,0.1,4
997815,1996-06-14T21:04:14Z,-39.4,0.0,174.71,0.0,5.0,0.0,ML,,,,2.1,0.2,3
997818,1996-06-14T22:48:38Z,-39.28,0.0,175.56,0.0,0.0,0.0,ML,,,,1.1,0.1,3
995221,1996-06-15T00:34:45Z,-40.92,0.1,172.8,0.1,5.0,0.0,ML,,,,3.2,0.2,10
995226,1996-06-15T01:00:16Z,-39.77,0.0,174.07,0.1,246.0,6.0,ML,,,,3.4,0.2,11
997836,1996-06-15T03:28:47Z,-39.28,0.0,175.58,0.0,12.0,0.0,ML,,,,1.8,0.1,3
1016209,1996-06-15T03:33:30Z,-39.32,0.0,175.52,0.0,5.0,0.0,ML,,,,1.5,0.1,2
995264,1996-06-15T03:33:54Z,-40.62,0.0,174.43,0.0,78.0,2.0,ML,,,,3.4,0.3,10
995290,1996-06-15T04:30:23Z,-40.95,0.0,172.79,0.1,5.0,0.0,ML,,,,3.0,0.1,7
995308,1996-06-15T05:11:38Z,-38.71,0.0,175.69,0.0,188.0,4.0,ML,,,,3.2,0.1,4
995324,1996-06-15T07:40:24Z,-38.45,0.0,176.88,0.0,12.0,0.0,ML,,,,2.6,0.1,5
995326,1996-06-15T07:52:27Z,-39.27,0.0,173.81,0.0,28.0,1.0,ML,,,,1.6,0.1,2
1016247,1996-06-15T07:57:46Z,-43.03,0.0,171.35,0.0,5.0,0.0,ML,,,,2.9,0.2,4
995328,1996-06-15T07:59:24Z,-40.88,0.0,172.75,0.1,5.0,0.0,ML,,,,3.5,0.2,11
996405,1996-06-15T13:37:25Z,-45.3,0.0,167.01,0.1,12.0,0.0,ML,,,,3.1,0.1,5
995362,1996-06-15T14:58:20Z,-40.07,0.0,176.68,0.0,30.0,6.0,ML,,,,2.7,0.0,2
995432,1996-06-15T19:31:58Z,-41.23,0.0,174.95,0.0,22.0,1.0,ML,,,,1.8,0.1,2
995440,1996-06-15T20:42:46Z,-40.85,0.0,174.72,0.0,44.0,1.0,ML,,,,3.0,0.2,11
995441,1996-06-15T21:11:19Z,-41.34,0.0,172.81,0.0,201.0,1.0,ML,,,,2.8,0.4,5
995451,1996-06-15T22:39:05Z,-38.77,0.0,175.62,0.0,132.0,3.0,ML,,,,3.7,0.2,17
995457,1996-06-16T00:38:28Z,-41.26,0.0,173.82,0.0,82.0,2.0,ML,,,,3.1,0.2,11
996407,1996-06-16T00:56:40Z,-36.29,0.2,179.99,0.2,33.0,0.0,ML,,,,5.0,0.2,17
997532,1996-06-16T01:11:06Z,-45.99,0.0,166.64,0.1,5.0,0.0,ML,,,,3.1,0.1,2
995458,1996-06-16T01:14:53Z,-40.56,0.0,175.39,0.0,5.0,0.0,ML,,,,2.3,0.1,6
997641,1996-06-16T01:51:49Z,-43.02,0.0,171.35,0.0,5.0,0.0,ML,,,,2.9,0.1,2
1016262,1996-06-16T01:53:07Z,-39.29,0.0,173.81,0.0,25.0,3.0,ML,,,,2.5,nan,1
995461,1996-06-16T02:53:30Z,-38.91,0.0,175.47,0.0,142.0,2.0,ML,,,,3.7,0.2,10
997555,1996-06-16T05:39:05Z,-40.04,0.1,174.78,0.1,103.0,6.0,ML,,,,3.2,0.1,1
997645,1996-06-16T05:43:54Z,-43.05,0.0,171.55,0.0,12.0,0.0,ML,,,,3.0,0.2,2
995478,1996-06-16T07:13:54Z,-41.03,0.0,174.53,0.0,39.0,1.0,ML,,,,2.2,0.1,4
998741,1996-06-16T08:35:33Z,-39.31,0.0,173.87,0.0,28.0,3.0,ML,,,,1.8,0.2,2
997962,1996-06-16T09:07:34Z,-37.36,0.1,176.64,0.1,12.0,0.0,ML,,,,3.5,0.2,3
997533,1996-06-16T11:02:03Z,-45.62,0.0,169.97,0.0,5.0,0.0,ML,,,,2.0,0.0,2
998020,1996-06-16T12:45:33Z,-37.93,0.0,178.2,0.1,12.0,0.0,ML,,,,3.1,0.3,4
995491,1996-06-16T13:04:02Z,-38.77,0.0,175.58,0.0,161.0,2.0,ML,,,,3.5,nan,1
998588,1996-06-16T13:11:17Z,-39.2,0.0,174.76,0.0,12.0,0.0,ML,,,,2.2,0.1,3
995493,1996-06-16T13:32:52Z,-40.89,0.0,174.47,0.0,23.0,1.0,ML,,,,1.6,0.2,5
997534,1996-06-16T14:48:23Z,-43.85,0.0,169.41,0.0,12.0,0.0,ML,,,,3.3,nan,1
995496,1996-06-16T16:06:56Z,-40.53,0.0,173.83,0.0,136.0,4.0,ML,,,,3.2,0.2,9
998021,1996-06-16T17:29:08Z,-37.04,0.1,177.47,0.1,12.0,0.0,ML,,,,3.5,0.3,3
995499,1996-06-16T19:12:12Z,-40.25,0.0,174.74,0.0,60.0,8.0,ML,,,,3.3,0.1,13
1016263,1996-06-16T19:17:17Z,-40.23,0.0,174.22,0.0,87.0,5.0,ML,,,,2.9,0.4,8
995500,1996-06-16T19:17:53Z,-39.28,0.0,175.56,0.0,0.0,0.0,ML,,,,2.0,0.1,3
995505,1996-06-16T21:20:12Z,-40.47,0.0,175.92,0.0,40.0,3.0,ML,,,,3.3,0.2,7
995506,1996-06-16T21:40:17Z,-39.95,0.0,176.52,0.0,25.0,2.0,ML,,,,3.6,0.3,18
998783,1996-06-17T01:03:24Z,-39.27,0.0,173.81,0.1,21.0,4.0,ML,,,,1.7,0.2,2
998833,1996-06-17T01:51:04Z,-39.28,0.0,175.56,0.0,0.0,0.0,ML,,,,1.6,0.0,3
998834,1996-06-17T01:57:05Z,-39.27,0.0,175.57,0.0,0.0,0.0,ML,,,,1.7,0.1,4
1016264,1996-06-17T02:03:54Z,-39.28,0.0,175.56,0.0,0.0,0.0,ML,,,,1.4,0.0,3
1016265,1996-06-17T02:34:43Z,-39.28,0.0,175.56,0.0,0.0,0.0,ML,,,,2.4,0.1,3
998835,1996-06-17T02:41:06Z,-39.28,0.0,175.56,0.0,0.0,0.0,ML,,,,1.8,0.0,3
1016266,1996-06-17T02:41:43Z,-39.28,0.0,175.56,0.0,0.0,0.0,ML,,,,1.8,0.0,3
996414,1996-06-17T02:48:38Z,-39.28,0.0,175.56,0.0,0.0,0.0,ML,,,,0.8,0.2,3
1016267,1996-06-17T02:48:50Z,-39.28,0.0,175.56,0.0,0.0,0.0,ML,,,,0.7,0.2,3
998819,1996-06-17T02:52:17Z,-39.28,0.0,175.56,0.0,0.0,0.0,ML,,,,1.8,0.0,3
1016268,1996-06-17T03:13:05Z,-39.28,0.0,175.56,0.0,0.0,0.0,ML,,,,1.6,0.1,3
998836,1996-06-17T03:21:15Z,-39.28,0.0,175.56,0.0,0.0,0.0,ML,,,,1.0,0.1,2
998837,1996-06-17T06:06:51Z,-39.28,0.0,175.56,0.0,0.0,0.0,ML,,,,1.3,0.1,3
995509,1996-06-17T06:25:54Z,-38.18,0.1,175.65,0.1,271.0,11.0,ML,,,,3.4,nan,1
997536,1996-06-17T06:51:59Z,-39.59,0.0,175.62,0.0,12.0,0.0,ML,,,,1.9,0.1,3
995510,1996-06-17T07:16:19Z,-39.96,0.0,176.5,0.0,23.0,4.0,ML,,,,3.2,0.3,16
998838,1996-06-17T07:20:38Z,-39.28,0.0,175.56,0.0,0.0,0.0,ML,,,,1.1,0.0,3
997727,1996-06-17T07:38:51Z,-39.94,0.0,176.41,0.0,5.0,0.0,ML,,,,2.3,0.3,3
995511,1996-06-17T07:51:41Z,-40.36,0.0,173.94,0.1,29.0,4.0,ML,,,,2.2,0.2,7
995512,1996-06-17T07:54:25Z,-37.34,0.0,177.83,0.0,92.0,3.0,ML,,,,4.3,0.3,19
995513,1996-06-17T07:57:02Z,-39.09,0.0,174.2,0.0,0.0,0.0,ML,,,,1.6,0.2,3
997563,1996-06-17T08:17:28Z,-39.93,0.0,176.42,0.0,16.0,4.0,ML,,,,2.8,0.2,8
995514,1996-06-17T09:33:19Z,-40.72,0.0,175.85,0.0,32.0,2.0,ML,,,,2.4,0.2,3
997729,1996-06-17T10:47:56Z,-38.73,0.0,176.73,0.0,53.0,7.0,ML,,,,2.6,0.1,2
998845,1996-06-17T11:03:16Z,-39.28,0.0,175.56,0.0,0.0,0.0,ML,,,,2.2,0.2,3
998353,1996-06-17T11:14:29Z,-39.28,0.0,175.56,0.0,0.0,0.0,ML,,,,2.3,0.1,3
1016269,1996-06-17T11:15:52Z,-39.28,0.0,175.56,0.0,0.0,0.0,ML,,,,1.6,0.1,3
998846,1996-06-17T11:23:00Z,-39.28,0.0,175.56,0.0,0.0,0.0,ML,,,,1.8,0.1,3
998354,1996-06-17T11:26:27Z,-39.28,0.0,175.56,0.0,0.0,0.0,ML,,,,2.0,0.1,2
1016270,1996-06-17T11:27:41Z,-39.28,0.0,175.56,0.0,0.0,0.0,ML,,,,1.5,0.1,3
998848,1996-06-17T11:27:56Z,-39.28,0.0,175.56,0.0,0.0,0.0,ML,,,,1.8,0.1,4
998570,1996-06-17T11:41:34Z,-39.28,0.0,175.56,0.0,0.0,0.0,ML,,,,1.8,0.2,3
998571,1996-06-17T11:44:53Z,-39.28,0.0,175.56,0.0,0.0,0.0,ML,,,,1.8,0.1,3
1016271,1996-06-17T11:45:54Z,-39.28,0.0,175.56,0.0,0.0,0.0,ML,,,,1.9,0.1,3
997949,1996-06-17T11:54:58Z,-39.28,0.0,175.56,0.0,0.0,0.0,ML,,,,1.8,0.3,4
1016272,1996-06-17T11:55:25Z,-45.12,0.0,166.3,0.1,12.0,0.0,ML,,,,2.8,0.1,2
1016273,1996-06-17T11:56:28Z,-44.92,0.0,166.46,0.0,12.0,0.0,ML,,,,2.2,0.1,2
998572,1996-06-17T11:58:33Z,-39.28,0.0,175.56,0.0,0.0,0.0,ML,,,,1.4,0.1,3
998849,1996-06-17T11:59:39Z,-39.28,0.0,175.56,0.0,0.0,0.0,ML,,,,1.4,0.1,3
998850,1996-06-17T12:01:51Z,-39.28,0.0,175.56,0.0,0.0,0.0,ML,,,,1.5,0.0,3
997537,1996-06-17T12:06:54Z,-39.29,0.2,175.23,0.2,5.0,0.0,ML,,,,2.5,0.1,3
996415,1996-06-17T12:10:40Z,-39.28,0.0,175.56,0.0,0.0,0.0,ML,,,,2.0,0.1,3
998851,1996-06-17T12:12:07Z,-39.28,0.0,175.56,0.0,0.0,0.0,ML,,,,1.6,0.1,3
998702,1996-06-17T12:15:00Z,-39.28,0.0,175.56,0.0,0.0,0.0,ML,,,,1.3,0.0,3
998355,1996-06-17T12:18:22Z,-39.28,0.0,175.56,0.0,0.0,0.0,ML,,,,1.8,0.1,3
998853,1996-06-17T12:20:42Z,-39.28,0.0,175.56,0.0,0.0,0.0,ML,,,,0.9,0.1,3
998854,1996-06-17T12:21:47Z,-39.28,0.0,175.56,0.0,0.0,0.0,ML,,,,1.5,0.1,3
998856,1996-06-17T12:23:29Z,-39.28,0.0,175.56,0.0,0.0,0.0,ML,,,,1.6,0.0,3
998356,1996-06-17T12:25:44Z,-39.28,0.0,175.56,0.0,0.0,0.0,ML,,,,1.7,0.1,3
996753,1996-06-17T12:32:43Z,-39.28,0.0,175.56,0.0,0.0,0.0,ML,,,,1.3,0.1,4
996754,1996-06-17T12:34:01Z,-39.28,0.0,175.56,0.0,0.0,0.0,ML,,,,2.2,0.1,3
998857,1996-06-17T12:36:16Z,-39.28,0.0,175.56,0.0,0.0,0.0,ML,,,,1.8,0.1,3
998859,1996-06-17T12:44:29Z,-39.28,0.0,175.56,0.0,0.0,0.0,ML,,,,1.5,0.1,3
998860,1996-06-17T12:53:19Z,-39.28,0.0,175.56,0.0,0.0,0.0,ML,,,,1.2,0.0,2
998359,1996-06-17T13:11:16Z,-39.28,0.0,175.56,0.0,0.0,0.0,ML,,,,1.0,0.1,3
998862,1996-06-17T13:12:45Z,-39.28,0.0,175.56,0.0,0.0,0.0,ML,,,,2.1,0.1,3
998863,1996-06-17T13:18:45Z,-39.28,0.0,175.56,0.0,0.0,0.0,ML,,,,1.2,0.1,3
996755,1996-06-17T13:27:52Z,-39.27,0.0,175.57,0.0,0.0,0.0,ML,,,,1.0,0.1,2
998865,1996-06-17T13:32:18Z,-39.28,0.0,175.56,0.0,0.0,0.0,ML,,,,2.0,0.1,3
998866,1996-06-17T13:41:36Z,-39.28,0.0,175.56,0.0,0.0,0.0,ML,,,,1.8,0.1,3
998361,1996-06-17T13:46:55Z,-39.28,0.0,175.56,0.0,0.0,0.0,ML,,,,1.5,0.1,3
998362,1996-06-17T13:48:10Z,-39.28,0.0,175.56,0.0,0.0,0.0,ML,,,,1.5,0.1,3
998867,1996-06-17T13:56:02Z,-39.28,0.0,175.56,0.0,0.0,0.0,ML,,,,1.3,0.0,3
998575,1996-06-17T13:58:16Z,-39.28,0.0,175.56,0.0,0.0,0.0,ML,,,,1.6,0.1,3
998869,1996-06-17T13:59:48Z,-39.28,0.0,175.56,0.0,0.0,0.0,ML,,,,1.2,0.1,3
998871,1996-06-17T14:01:58Z,-39.28,0.0,175.56,0.0,0.0,0.0,ML,,,,1.4,0.1,3
998363,1996-06-17T14:06:36Z,-39.28,0.0,175.56,0.0,0.0,0.0,ML,,,,1.9,0.1,3
998364,1996-06-17T14:09:00Z,-39.28,0.0,175.56,0.0,0.0,0.0,ML,,,,1.2,0.1,3
998873,1996-06-17T14:10:21Z,-39.28,0.0,175.56,0.0,0.0,0.0,ML,,,,0.9,0.1,3
998874,1996-06-17T14:12:29Z,-39.28,0.0,175.56,0.0,0.0,0.0,ML,,,,1.5,0.1,3
998876,1996-06-17T14:25:55Z,-39.28,0.0,175.56,0.0,0.0,0.0,ML,,,,1.7,0.1,3
998366,1996-06-17T14:27:31Z,-39.28,0.0,175.56,0.0,0.0,0.0,ML,,,,2.0,0.1,3
998576,1996-06-17T14:38:24Z,-39.28,0.0,175.56,0.0,0.0,0.0,ML,,,,1.9,0.1,3
998367,1996-06-17T14:41:44Z,-39.28,0.0,175.56,0.0,0.0,0.0,ML,,,,1.1,0.1,3
998368,1996-06-17T14:44:24Z,-39.28,0.0,175.56,0.0,0.0,0.0,ML,,,,1.6,0.1,3
998880,1996-06-17T14:59:21Z,-39.28,0.0,175.56,0.0,0.0,0.0,ML,,,,1.2,0.1,3
998881,1996-06-17T15:06:08Z,-39.28,0.0,175.56,0.0,0.0,0.0,ML,,,,1.6,0.1,3
998370,1996-06-17T15:10:11Z,-39.28,0.0,175.56,0.0,0.0,0.0,ML,,,,1.4,0.1,3
998372,1996-06-17T15:24:32Z,-39.28,0.0,175.56,0.0,0.0,0.0,ML,,,,1.0,0.0,2
998882,1996-06-17T15:54:17Z,-39.28,0.0,175.56,0.0,0.0,0.0,ML,,,,1.6,0.1,3
996757,1996-06-17T15:59:24Z,-45.39,0.0,167.11,0.0,47.0,1.0,ML,,,,2.2,nan,1
998883,1996-06-17T16:52:32Z,-39.28,0.0,175.56,0.0,0.0,0.0,ML,,,,1.7,0.1,3
1000692,1996-06-17T16:57:40Z,-39.28,0.0,175.56,0.0,0.0,0.0,ML,,,,1.2,0.0,2
999041,1996-06-17T17:23:48Z,-39.28,0.0,175.56,0.0,0.0,0.0,ML,,,,0.5,0.1,2
998388,1996-06-17T17:31:50Z,-39.28,0.0,175.56,0.0,0.0,0.0,ML,,,,1.9,0.1,3
998389,1996-06-17T17:33:23Z,-39.28,0.0,175.56,0.0,0.0,0.0,ML,,,,1.8,0.3,4
998392,1996-06-17T18:00:49Z,-39.52,0.0,175.54,0.1,12.0,0.0,ML,,,,1.9,0.1,3
998395,1996-06-17T18:28:05Z,-39.28,0.0,175.56,0.0,0.0,0.0,ML,,,,1.9,0.3,4
998396,1996-06-17T18:36:40Z,-39.28,0.0,175.56,0.0,0.0,0.0,ML,,,,1.1,0.1,2
998399,1996-06-17T18:52:10Z,-39.28,0.0,175.56,0.0,0.0,0.0,ML,,,,1.8,0.0,3
996416,1996-06-17T19:40:58Z,-39.19,0.0,175.96,0.0,68.0,3.0,ML,,,,3.6,0.2,12
996759,1996-06-17T20:21:55Z,-40.68,0.0,173.48,0.0,139.0,3.0,ML,,,,2.7,0.1,3
996417,1996-06-17T21:12:03Z,-39.28,0.0,175.56,0.0,0.0,0.0,ML,,,,1.0,0.1,2
998419,1996-06-17T21:32:40Z,-39.28,0.0,175.56,0.0,0.0,0.0,ML,,,,0.9,0.1,2
996760,1996-06-17T21:40:49Z,-39.28,0.0,175.05,0.0,162.0,3.0,ML,,,,3.2,0.1,4
998423,1996-06-17T22:04:20Z,-39.28,0.0,175.56,0.0,0.0,0.0,ML,,,,1.1,0.0,2
998030,1996-06-17T22:10:18Z,-39.28,0.0,175.56,0.0,0.0,0.0,ML,,,,1.2,0.2,3
998424,1996-06-17T22:17:35Z,-39.22,0.0,175.29,0.1,22.0,6.0,ML,,,,1.8,0.2,4
996762,1996-06-17T22:34:16Z,-40.11,0.0,174.9,0.0,12.0,0.0,ML,,,,2.7,0.2,12
997649,1996-06-17T22:44:27Z,-39.22,0.0,175.32,0.0,12.0,0.0,ML,,,,2.1,0.1,4
998826,1996-06-18T00:37:43Z,-39.28,0.0,175.56,0.0,0.0,0.0,ML,,,,1.1,0.0,3
997624,1996-06-18T01:17:18Z,-39.28,0.0,175.56,0.0,0.0,0.0,ML,,,,1.0,0.0,2
998455,1996-06-18T02:20:14Z,-38.14,0.0,176.26,0.0,5.0,0.0,ML,,,,2.5,0.3,5
1016276,1996-06-18T02:20:54Z,-38.12,0.0,176.24,0.0,5.0,0.0,ML,,,,2.2,0.2,5
998031,1996-06-18T04:44:09Z,-39.2,0.1,176.7,0.0,33.0,0.0,ML,,,,2.8,0.3,2
996765,1996-06-18T05:08:40Z,-40.39,0.0,174.08,0.0,81.0,6.0,ML,,,,2.4,0.2,4
996766,1996-06-18T05:22:06Z,-40.68,0.0,174.16,0.0,67.0,3.0,ML,,,,2.8,0.1,7
998936,1996-06-18T05:31:21Z,-39.28,0.0,175.56,0.0,0.0,0.0,ML,,,,1.2,0.1,2
996769,1996-06-18T06:59:00Z,-41.28,0.0,174.86,0.0,21.0,2.0,ML,,,,2.9,0.1,13
1000025,1996-06-18T07:08:49Z,-39.21,0.0,175.33,0.0,12.0,0.0,ML,,,,1.9,0.1,3
997652,1996-06-18T07:25:18Z,-39.19,0.0,173.91,0.0,22.0,1.0,ML,,,,1.9,0.2,2
1016277,1996-06-18T07:27:18Z,-39.28,0.0,175.56,0.0,0.0,0.0,ML,,,,1.0,0.1,3
1000694,1996-06-18T08:13:20Z,-39.28,0.0,175.56,0.0,0.0,0.0,ML,,,,1.2,0.2,3
1000031,1996-06-18T08:18:32Z,-39.28,0.0,175.56,0.0,0.0,0.0,ML,,,,0.6,0.2,2
1000695,1996-06-18T08:27:39Z,-39.28,0.0,175.56,0.0,0.0,0.0,ML,,,,1.1,0.1,3
1000696,1996-06-18T08:28:50Z,-39.28,0.0,175.56,0.0,0.0,0.0,ML,,,,1.5,0.1,3
1000697,1996-06-18T08:37:49Z,-39.28,0.0,175.56,0.0,0.0,0.0,ML,,,,0.6,0.1,3
998940,1996-06-18T08:45:57Z,-38.4,0.0,178.29,0.0,12.0,0.0,ML,,,,3.1,0.4,3
1000698,1996-06-18T08:54:29Z,-39.28,0.0,175.56,0.0,0.0,0.0,ML,,,,0.6,0.0,2
996770,1996-06-18T09:05:10Z,-39.69,0.0,175.88,0.0,5.0,0.0,ML,,,,2.4,0.2,10
996771,1996-06-18T09:12:30Z,-41.15,0.0,173.85,0.0,62.0,1.0,ML,,,,1.7,0.3,5
1000699,1996-06-18T09:15:52Z,-39.28,0.0,175.56,0.0,0.0,0.0,ML,,,,0.5,0.0,2
998828,1996-06-18T09:19:07Z,-39.28,0.0,175.56,0.0,0.0,0.0,ML,,,,0.7,0.0,2
1000034,1996-06-18T09:24:35Z,-39.28,0.0,175.56,0.0,0.0,0.0,ML,,,,2.1,0.2,4
996773,1996-06-18T09:50:19Z,-39.69,0.0,175.9,0.0,62.0,3.0,ML,,,,2.5,0.3,8
996785,1996-06-18T10:49:14Z,-39.28,0.0,175.56,0.0,0.0,0.0,ML,,,,1.1,0.1,2
1000701,1996-06-18T11:18:35Z,-39.28,0.0,175.56,0.0,0.0,0.0,ML,,,,0.8,0.2,2
997982,1996-06-18T11:26:52Z,-36.93,0.0,177.68,0.0,33.0,0.0,ML,,,,3.8,0.3,7
997654,1996-06-18T12:57:31Z,-38.04,0.0,176.51,0.0,5.0,0.0,ML,,,,2.0,0.4,3
1000702,1996-06-18T13:21:53Z,-39.28,0.0,175.56,0.0,0.0,0.0,ML,,,,1.0,0.1,3
1000703,1996-06-18T14:09:03Z,-39.28,0.0,175.56,0.0,0.0,0.0,ML,,,,0.6,0.2,3
1000704,1996-06-18T14:11:48Z,-39.28,0.0,175.56,0.0,0.0,0.0,ML,,,,0.8,0.0,2
997967,1996-06-18T14:19:27Z,-44.56,0.1,168.37,0.0,5.0,0.0,ML,,,,1.9,0.2,3
996788,1996-06-18T14:22:36Z,-41.71,0.0,173.0,0.1,99.0,5.0,ML,,,,3.1,0.1,10
1016279,1996-06-18T14:33:11Z,-36.94,0.1,-178.66,0.1,33.0,0.0,ML,,,,3.9,0.2,4
997658,1996-06-18T14:33:51Z,-39.28,0.0,175.56,0.0,0.0,0.0,ML,,,,1.0,0.0,3
1000569,1996-06-18T14:55:45Z,-39.47,0.0,175.21,0.1,87.0,7.0,ML,,,,2.7,0.3,3
997659,1996-06-18T14:58:46Z,-39.28,0.0,175.56,0.0,0.0,0.0,ML,,,,0.9,0.1,3
1000705,1996-06-18T15:07:54Z,-39.22,0.0,175.51,0.0,12.0,2.0,ML,,,,1.4,0.2,2
1000706,1996-06-18T15:09:15Z,-39.28,0.0,175.56,0.0,0.0,0.0,ML,,,,1.0,0.0,3
1002197,1996-06-18T16:30:17Z,-44.65,0.0,168.42,0.0,12.0,0.0,ML,,,,2.7,0.1,3
997538,1996-06-18T16:31:27Z,-37.51,0.0,177.21,0.0,135.0,3.0,ML,,,,3.9,0.2,18
998829,1996-06-18T17:47:49Z,-39.34,0.0,173.88,0.0,10.0,2.0,ML,,,,1.0,nan,1
996431,1996-06-18T18:06:18Z,-42.45,0.1,174.05,0.0,12.0,0.0,ML,,,,2.6,0.2,4
1000708,1996-06-18T18:30:54Z,-39.28,0.0,175.56,0.0,0.0,0.0,ML,,,,1.4,0.1,3
997660,1996-06-18T19:20:03Z,-39.28,0.0,175.56,0.0,0.0,0.0,ML,,,,1.0,0.1,3
998830,1996-06-18T19:33:19Z,-39.17,0.0,174.13,0.0,12.0,1.0,ML,,,,1.7,0.2,3
1016282,1996-06-18T19:34:16Z,-39.28,0.0,175.56,0.0,0.0,0.0,ML,,,,0.4,nan,1
996432,1996-06-18T19:47:21Z,-45.13,0.0,167.46,0.0,86.0,3.0,ML,,,,2.6,0.1,3
997539,1996-06-18T19:50:12Z,-44.86,0.0,170.57,0.0,12.0,0.0,ML,,,,2.2,0.2,2
1000709,1996-06-18T20:03:05Z,-39.28,0.0,175.56,0.0,0.0,0.0,ML,,,,0.8,0.1,3
996434,1996-06-18T20:06:19Z,-42.53,0.0,173.74,0.0,24.0,2.0,ML,,,,4.2,0.1,5
1016284,1996-06-18T20:07:59Z,-38.43,0.0,177.94,0.0,66.0,3.0,ML,,,,4.7,0.2,17
1016283,1996-06-18T20:08:04Z,-42.43,0.0,173.24,0.0,12.0,0.0,ML,,,,2.5,0.2,4
996436,1996-06-18T20:18:58Z,-40.9,0.0,174.7,0.0,5.0,0.0,ML,,,,2.8,0.2,16
996441,1996-06-18T20:37:34Z,-44.82,0.0,170.47,0.0,5.0,0.0,ML,,,,2.6,0.2,2
1000276,1996-06-18T21:32:16Z,-39.28,0.0,175.56,0.0,0.0,0.0,ML,,,,0.8,0.0,3
1000710,1996-06-18T21:33:12Z,-39.28,0.0,175.56,0.0,0.0,0.0,ML,,,,0.8,0.0,2
996790,1996-06-18T21:34:12Z,-38.36,0.1,176.48,0.2,206.0,13.0,ML,,,,3.4,0.2,5
1000688,1996-06-18T23:38:38Z,-39.14,0.0,175.15,0.0,11.0,3.0,ML,,,,3.0,0.3,16
996793,1996-06-19T00:00:32Z,-40.6,0.1,175.75,0.1,30.0,2.0,ML,,,,2.2,0.1,3
996796,1996-06-19T01:17:09Z,-39.43,0.0,175.77,0.0,71.0,3.0,ML,,,,3.3,0.2,11
996806,1996-06-19T03:54:02Z,-40.54,0.0,174.3,0.0,41.0,9.0,ML,,,,2.2,0.1,6
996812,1996-06-19T04:40:51Z,-45.33,0.0,167.34,0.0,12.0,0.0,ML,,,,2.3,0.2,2
996813,1996-06-19T04:44:23Z,-38.12,0.0,176.48,0.0,12.0,0.0,ML,,,,2.2,0.2,3
1000161,1996-06-19T04:49:14Z,-38.13,0.0,176.47,0.0,5.0,0.0,ML,,,,2.0,0.3,5
996814,1996-06-19T04:51:32Z,-39.28,0.0,175.56,0.0,0.0,0.0,ML,,,,0.7,0.0,2
997540,1996-06-19T05:36:34Z,-45.27,0.0,167.32,0.0,74.0,2.0,ML,,,,3.2,0.1,5
1000294,1996-06-19T06:28:07Z,-39.68,0.0,176.37,0.0,27.0,1.0,ML,,,,2.4,0.2,3
1016316,1996-06-19T06:53:00Z,-39.28,0.0,175.56,0.0,0.0,0.0,ML,,,,1.0,0.0,3
1000575,1996-06-19T06:54:25Z,-40.36,0.0,176.29,0.0,33.0,0.0,ML,,,,2.7,0.2,4
998949,1996-06-19T07:05:55Z,-35.67,0.0,179.28,0.0,12.0,0.0,ML,,,,3.6,0.3,3
997541,1996-06-19T07:24:03Z,-45.09,0.0,167.42,0.0,102.0,3.0,ML,,,,3.0,0.4,3
996821,1996-06-19T08:47:31Z,-37.42,0.0,176.81,0.0,171.0,3.0,ML,,,,3.7,0.2,17
1000316,1996-06-19T09:27:26Z,-39.14,0.0,175.41,0.0,12.0,0.0,ML,,,,1.4,0.2,4
996826,1996-06-19T11:26:55Z,-41.23,0.0,173.55,0.0,78.0,3.0,ML,,,,2.3,0.2,9
1000342,1996-06-19T12:31:51Z,-39.54,0.0,175.6,0.0,5.0,0.0,ML,,,,1.4,0.1,3
996827,1996-06-19T12:44:06Z,-41.27,0.0,175.23,0.0,26.0,0.0,ML,,,,1.5,0.1,6
1000347,1996-06-19T13:00:24Z,-39.79,0.0,176.87,0.0,33.0,0.0,ML,,,,2.5,0.2,5
998714,1996-06-19T13:07:38Z,-45.46,0.0,166.92,0.0,56.0,1.0,ML,,,,2.3,0.1,2
1000714,1996-06-19T13:58:16Z,-39.28,0.0,175.56,0.0,0.0,0.0,ML,,,,0.6,0.0,3
996828,1996-06-19T14:07:41Z,-41.02,0.0,174.73,0.0,32.0,1.0,ML,,,,2.6,0.1,15
996830,1996-06-19T14:55:22Z,-39.86,0.0,177.01,0.0,47.0,3.0,ML,,,,3.1,0.2,17
998953,1996-06-19T15:20:03Z,-38.29,0.0,178.92,0.0,5.0,0.0,ML,,,,2.6,0.2,3
998955,1996-06-19T15:50:34Z,-38.52,0.0,178.1,0.0,50.0,5.0,ML,,,,3.3,0.1,3
1000047,1996-06-19T18:45:37Z,-44.72,0.0,167.81,0.0,70.0,2.0,ML,,,,2.0,0.1,2
996833,1996-06-19T19:09:50Z,-41.29,0.0,174.87,0.0,21.0,1.0,ML,,,,2.8,0.2,14
997990,1996-06-19T21:27:54Z,-39.28,0.0,175.56,0.0,0.0,0.0,ML,,,,1.1,0.0,2
1000718,1996-06-19T21:30:36Z,-39.28,0.0,175.56,0.0,0.0,0.0,ML,,,,0.5,0.2,2
1000720,1996-06-19T22:00:57Z,-39.28,0.0,175.56,0.0,0.0,0.0,ML,,,,0.4,nan,1
996834,1996-06-19T22:20:57Z,-41.24,0.0,173.61,0.0,75.0,4.0,ML,,,,2.3,0.2,3
998043,1996-06-19T22:25:28Z,-39.53,0.0,176.83,0.0,42.0,3.0,ML,,,,3.5,0.4,5
1000721,1996-06-19T22:32:11Z,-39.28,0.0,175.56,0.0,0.0,0.0,ML,,,,0.6,nan,1
1000722,1996-06-19T22:43:29Z,-39.28,0.0,175.56,0.0,0.0,0.0,ML,,,,0.4,nan,1
1000944,1996-06-20T00:35:38Z,-42.53,0.0,173.7,0.0,24.0,2.0,ML,,,,3.2,0.2,10
1000723,1996-06-20T01:24:54Z,-39.28,0.0,175.56,0.0,0.0,0.0,ML,,,,0.6,0.0,3
1000580,1996-06-20T01:40:10Z,-38.67,0.0,177.56,0.0,33.0,0.0,ML,,,,3.0,0.2,6
1000746,1996-06-20T01:58:38Z,-38.87,0.0,174.06,0.0,12.0,0.0,ML,,,,2.2,0.3,3
998718,1996-06-20T02:46:51Z,-45.82,0.0,166.87,0.0,73.0,3.0,ML,,,,2.9,0.1,4
996838,1996-06-20T05:01:46Z,-40.48,0.0,174.34,0.0,88.0,2.0,ML,,,,2.5,0.1,7
996839,1996-06-20T07:27:04Z,-42.15,0.0,173.1,0.0,85.0,2.0,ML,,,,2.7,0.2,6
1000009,1996-06-20T08:01:53Z,-44.93,0.0,167.59,0.0,76.0,4.0,ML,,,,2.6,0.0,3
1000010,1996-06-20T08:07:09Z,-44.3,0.0,168.04,0.0,5.0,0.0,ML,,,,2.6,0.2,3
996840,1996-06-20T08:31:56Z,-40.95,0.1,173.62,0.1,45.0,15.0,ML,,,,1.9,0.1,2
996841,1996-06-20T09:10:52Z,-41.15,0.0,175.11,0.0,10.0,1.0,ML,,,,2.4,0.2,12
1016365,1996-06-20T09:11:48Z,-41.16,0.0,175.11,0.0,8.0,1.0,ML,,,,1.5,0.2,4
1000768,1996-06-20T09:17:37Z,-38.33,0.0,178.82,0.0,61.0,2.0,ML,,,,2.7,0.1,3
1000011,1996-06-20T12:06:09Z,-45.07,0.0,167.5,0.0,61.0,3.0,ML,,,,2.1,0.1,2
1000528,1996-06-20T13:30:55Z,-43.4,0.0,171.51,0.0,12.0,0.0,ML,,,,2.5,0.1,3
1000585,1996-06-20T13:37:55Z,-39.66,0.0,177.21,0.0,26.0,2.0,ML,,,,3.0,0.2,6
996859,1996-06-20T14:26:45Z,-40.46,0.0,174.21,0.0,135.0,1.0,ML,,,,2.5,0.1,3
996868,1996-06-20T15:09:08Z,-38.17,0.0,176.3,0.0,153.0,4.0,ML,,,,4.4,0.3,19
996902,1996-06-20T17:30:11Z,-45.19,0.0,167.37,0.0,75.0,3.0,ML,,,,5.1,0.3,5
996909,1996-06-20T17:41:14Z,-39.23,0.0,175.31,0.0,12.0,0.0,ML,,,,1.4,0.0,3
996914,1996-06-20T17:51:04Z,-44.96,0.0,167.67,0.0,75.0,2.0,ML,,,,2.1,0.0,2
996927,1996-06-20T18:35:34Z,-39.28,0.0,175.56,0.0,0.0,0.0,ML,,,,0.8,0.0,2
996934,1996-06-20T18:53:04Z,-45.34,0.0,167.09,0.0,70.0,1.0,ML,,,,2.4,0.1,2
996938,1996-06-20T19:28:30Z,-42.14,0.0,173.16,0.1,84.0,3.0,ML,,,,3.5,0.2,12
1016401,1996-06-20T19:30:36Z,-39.18,0.0,175.04,0.0,28.0,1.0,ML,,,,2.1,0.1,3
996939,1996-06-20T21:22:01Z,-40.42,0.0,174.85,0.0,29.0,2.0,ML,,,,2.2,0.2,4
996940,1996-06-20T21:38:34Z,-41.62,0.0,174.67,0.0,29.0,2.0,ML,,,,2.4,0.2,8
996941,1996-06-20T22:23:39Z,-41.01,0.0,173.48,0.0,101.0,3.0,ML,,,,3.1,0.2,9
1000587,1996-06-20T23:55:10Z,-36.93,0.2,176.69,0.2,232.0,12.0,ML,,,,3.5,0.1,4
996953,1996-06-21T00:06:17Z,-38.28,0.0,176.34,0.0,12.0,0.0,ML,,,,2.1,0.2,3
1000012,1996-06-21T01:44:02Z,-44.69,0.0,167.62,0.0,5.0,0.0,ML,,,,2.1,nan,1
1000439,1996-06-21T03:11:23Z,-39.29,0.0,175.56,0.0,0.0,0.0,ML,,,,1.0,0.1,3
1016643,1996-06-21T03:28:13Z,-38.04,0.0,176.5,0.1,5.0,0.0,ML,,,,2.4,0.3,5
1000163,1996-06-21T03:29:29Z,-43.04,0.1,171.86,0.0,12.0,0.0,ML,,,,2.6,0.2,4
996979,1996-06-21T04:34:34Z,-40.92,0.1,172.74,0.1,12.0,0.0,ML,,,,2.7,0.1,6
1000013,1996-06-21T05:19:44Z,-44.6,0.0,168.3,0.0,5.0,0.0,ML,,,,2.5,0.4,2
996983,1996-06-21T06:44:16Z,-40.75,0.0,174.66,0.0,45.0,2.0,ML,,,,3.0,0.2,12
1000732,1996-06-21T07:51:15Z,-39.28,0.0,175.56,0.0,0.0,0.0,ML,,,,0.8,0.0,2
996991,1996-06-21T08:17:34Z,-38.1,0.0,175.93,0.0,153.0,5.0,ML,,,,3.7,0.3,18
996992,1996-06-21T08:28:31Z,-41.45,0.1,173.35,0.1,100.0,4.0,ML,,,,2.3,0.2,5
996993,1996-06-21T12:21:03Z,-41.28,0.0,175.23,0.0,28.0,1.0,ML,,,,1.7,0.1,6
996994,1996-06-21T15:02:11Z,-40.29,0.0,174.3,0.0,90.0,4.0,ML,,,,2.3,0.2,4
996995,1996-06-21T15:11:06Z,-40.82,0.0,175.62,0.0,21.0,3.0,ML,,,,2.0,0.1,4
1000074,1996-06-21T15:34:55Z,-42.93,0.0,171.92,0.0,12.0,0.0,ML,,,,2.6,0.2,2
996997,1996-06-21T16:17:07Z,-39.21,0.0,175.35,0.0,13.0,2.0,ML,,,,2.4,0.3,5
1000588,1996-06-21T20:11:13Z,-39.56,0.0,177.23,0.0,48.0,3.0,ML,,,,2.9,0.3,3
1016722,1996-06-21T20:15:18Z,-40.59,0.1,175.52,0.0,10.0,3.0,ML,,,,2.3,0.2,5
997009,1996-06-21T20:26:54Z,-41.1,0.0,174.25,0.0,46.0,1.0,ML,,,,1.9,0.2,5
997010,1996-06-21T22:01:53Z,-38.72,0.1,175.8,0.2,179.0,13.0,ML,,,,3.5,0.2,5
997011,1996-06-21T22:43:11Z,-40.34,0.0,174.82,0.0,93.0,2.0,ML,,,,2.7,0.1,7
997029,1996-06-22T00:02:17Z,-44.87,0.0,167.65,0.0,77.0,7.0,ML,,,,2.3,0.1,2
1000872,1996-06-22T00:24:42Z,-45.11,0.0,167.1,0.0,30.0,1.0,ML,,,,2.4,0.1,2
997036,1996-06-22T00:31:34Z,-41.12,0.0,174.0,0.0,71.0,1.0,ML,,,,2.3,0.2,6
1000014,1996-06-22T00:51:02Z,-45.03,0.0,167.49,0.0,74.0,1.0,ML,,,,2.4,0.0,2
997037,1996-06-22T01:17:40Z,-41.28,0.1,172.83,0.1,156.0,8.0,ML,,,,2.8,0.1,6
1000959,1996-06-22T01:42:10Z,-43.33,0.0,172.55,0.0,18.0,3.0,ML,,,,2.8,0.2,3
997047,1996-06-22T04:26:15Z,-41.73,0.0,174.6,0.0,29.0,1.0,ML,,,,2.6,0.1,10
997049,1996-06-22T05:58:50Z,-41.05,0.0,175.36,0.0,28.0,1.0,ML,,,,2.4,0.1,8
997052,1996-06-22T06:03:10Z,-41.03,0.0,174.95,0.0,53.0,1.0,ML,,,,2.1,0.0,4
997064,1996-06-22T08:51:42Z,-40.95,0.0,174.53,0.0,37.0,2.0,ML,,,,1.7,0.0,3
997076,1996-06-22T10:52:37Z,-43.03,0.0,171.38,0.0,12.0,1.0,ML,,,,2.7,0.1,4
997080,1996-06-22T11:09:43Z,-42.96,0.0,171.95,0.0,5.0,0.0,ML,,,,2.7,0.1,3
1000590,1996-06-22T12:38:53Z,-38.98,0.0,176.84,0.0,29.0,3.0,ML,,,,3.0,0.2,5
997110,1996-06-22T15:25:58Z,-39.28,0.0,177.17,0.1,45.0,8.0,ML,,,,2.5,0.3,5
997121,1996-06-22T15:52:46Z,-42.32,0.0,173.04,0.0,12.0,0.0,ML,,,,2.1,0.1,2
997155,1996-06-22T19:28:37Z,-42.54,0.0,173.74,0.0,23.0,2.0,ML,,,,3.3,0.3,12
997156,1996-06-22T21:01:30Z,-38.63,0.0,175.73,0.0,120.0,2.0,ML,,,,4.5,0.2,20
997157,1996-06-22T21:11:30Z,-41.17,0.0,175.72,0.0,20.0,2.0,ML,,,,2.0,0.2,4
1000737,1996-06-22T21:41:38Z,-39.28,0.0,175.56,0.0,0.0,0.0,ML,,,,0.5,nan,1
997158,1996-06-22T22:39:58Z,-41.55,0.0,173.94,0.0,15.0,2.0,ML,,,,3.0,0.2,13
997159,1996-06-22T22:46:05Z,-36.84,0.0,177.62,0.1,136.0,3.0,ML,,,,4.7,0.1,4
997164,1996-06-23T00:08:08Z,-40.33,0.0,174.54,0.0,95.0,1.0,ML,,,,2.2,0.2,4
997181,1996-06-23T01:18:56Z,-36.95,0.0,177.42,0.0,140.0,5.0,ML,,,,4.3,0.3,14
997184,1996-06-23T02:03:42Z,-40.63,0.0,175.49,0.0,29.0,1.0,ML,,,,2.2,0.1,9
1000016,1996-06-23T05:08:14Z,-44.25,0.0,169.0,0.0,5.0,0.0,ML,,,,2.6,0.3,5
997202,1996-06-23T05:17:32Z,-41.56,0.0,173.94,0.0,17.0,1.0,ML,,,,1.8,0.3,4
1016910,1996-06-23T05:18:01Z,-45.22,0.0,167.33,0.0,114.0,0.0,ML,,,,2.7,0.4,3
997203,1996-06-23T07:14:14Z,-44.3,0.1,168.91,0.1,5.0,0.0,ML,,,,2.2,0.0,2
1016922,1996-06-23T07:15:54Z,-38.52,0.0,175.55,0.1,134.0,13.0,ML,,,,3.3,0.4,5
997204,1996-06-23T08:11:54Z,-40.24,0.0,174.34,0.0,100.0,3.0,ML,,,,3.2,0.3,13
997205,1996-06-23T08:31:41Z,-40.36,0.0,174.86,0.0,23.0,4.0,ML,,,,3.1,0.2,20
1000593,1996-06-23T09:16:06Z,-39.89,0.0,176.51,0.0,41.0,2.0,ML,,,,2.5,0.2,2
1000539,1996-06-23T09:55:20Z,-42.98,0.0,171.84,0.0,12.0,0.0,ML,,,,2.6,0.2,3
1000110,1996-06-23T11:46:52Z,-39.38,0.0,176.63,0.0,68.0,4.0,ML,,,,2.6,0.2,4
997207,1996-06-23T13:02:25Z,-40.65,0.0,175.32,0.0,31.0,1.0,ML,,,,3.4,0.2,23
1000019,1996-06-23T16:19:24Z,-45.97,0.0,166.12,0.0,5.0,0.0,ML,,,,2.7,0.0,2
997208,1996-06-23T17:13:43Z,-41.2,0.0,173.67,0.0,92.0,2.0,ML,,,,2.6,0.2,12
1000021,1996-06-23T19:07:59Z,-45.06,0.0,167.55,0.0,86.0,2.0,ML,,,,2.8,0.3,5
997209,1996-06-23T20:52:58Z,-41.4,0.0,172.74,0.0,182.0,3.0,ML,,,,3.9,0.2,13
1011248,1996-06-23T21:50:01Z,-39.56,0.0,175.59,0.0,5.0,0.0,ML,,,,1.8,0.3,3
1011249,1996-06-23T22:35:37Z,-39.62,0.0,175.73,0.1,12.0,0.0,ML,,,,1.9,0.2,3
1000542,1996-06-23T22:41:24Z,-39.51,0.0,175.81,0.0,33.0,0.0,ML,,,,1.9,0.2,3
1000022,1996-06-23T22:45:50Z,-44.7,0.0,167.5,0.0,5.0,0.0,ML,,,,2.3,0.1,3
997210,1996-06-23T23:03:42Z,-40.66,0.0,173.9,0.0,103.0,3.0,ML,,,,3.0,0.2,10
997212,1996-06-24T01:12:53Z,-40.53,0.0,174.64,0.0,28.0,3.0,ML,,,,2.1,0.1,7
997213,1996-06-24T02:42:02Z,-41.59,0.0,173.92,0.0,17.0,2.0,ML,,,,1.9,0.2,4
997214,1996-06-24T03:04:21Z,-41.03,0.0,174.85,0.0,5.0,0.0,ML,,,,1.8,0.2,8
1011251,1996-06-24T04:25:42Z,-39.23,0.0,175.5,0.0,12.0,0.0,ML,,,,1.5,0.3,3
1000023,1996-06-24T04:50:50Z,-44.5,0.0,168.5,0.0,5.0,0.0,ML,,,,2.3,nan,1
1001155,1996-06-24T05:26:18Z,-39.57,0.0,175.69,0.0,24.0,2.0,ML,,,,2.0,0.2,3
997217,1996-06-24T06:38:32Z,-40.34,0.0,174.92,0.0,12.0,0.0,ML,,,,1.8,0.1,2
1000815,1996-06-24T07:30:23Z,-39.14,0.0,175.41,0.0,12.0,0.0,ML,,,,1.6,0.2,4
997220,1996-06-24T07:37:25Z,-38.74,0.1,-179.15,0.1,33.0,0.0,ML,,,,3.8,0.2,7
997222,1996-06-24T09:27:46Z,-40.91,0.0,174.13,0.0,58.0,2.0,ML,,,,2.7,0.2,13
999069,1996-06-24T12:43:26Z,-40.45,0.0,174.27,0.0,59.0,5.0,ML,,,,2.3,0.2,9
998001,1996-06-24T14:15:50Z,-40.22,0.0,173.64,0.0,166.0,4.0,ML,,,,4.8,0.2,4
999070,1996-06-24T14:23:19Z,-40.45,0.0,174.53,0.0,84.0,2.0,ML,,,,2.9,0.2,13
999071,1996-06-24T15:29:33Z,-37.85,0.0,175.51,0.1,188.0,9.0,ML,,,,3.4,0.2,12
999072,1996-06-24T15:48:29Z,-40.18,0.0,174.9,0.0,12.0,0.0,ML,,,,1.8,0.1,2
1000598,1996-06-24T16:05:56Z,-39.67,0.0,176.91,0.0,55.0,3.0,ML,,,,2.4,0.1,2
1002316,1996-06-24T16:41:03Z,-45.59,0.0,167.43,0.0,12.0,2.0,ML,,,,2.4,0.1,3
1002317,1996-06-24T16:47:14Z,-45.59,0.0,167.43,0.0,16.0,2.0,ML,,,,2.3,0.0,2
999074,1996-06-24T18:16:50Z,-41.22,0.0,173.63,0.0,98.0,2.0,ML,,,,3.1,0.2,11
1002333,1996-06-24T19:19:51Z,-39.28,0.0,175.56,0.0,0.0,0.0,ML,,,,0.7,0.1,2
1008147,1996-06-24T19:38:50Z,-38.1,0.0,176.18,0.0,2.0,0.0,ML,,,,2.1,0.4,2
999075,1996-06-24T20:44:36Z,-41.31,0.0,174.61,0.0,31.0,1.0,ML,,,,3.1,0.2,13
1011262,1996-06-24T23:23:57Z,-39.59,0.0,175.59,0.0,5.0,0.0,ML,,,,2.3,0.0,3
1000554,1996-06-25T02:28:59Z,-43.02,0.1,171.38,0.1,5.0,0.0,ML,,,,2.6,0.1,3
999079,1996-06-25T03:06:52Z,-41.88,0.0,172.85,0.1,107.0,8.0,ML,,,,2.7,0.2,3
999080,1996-06-25T03:19:18Z,-40.82,0.0,175.52,0.0,24.0,2.0,ML,,,,2.1,0.1,6
999081,1996-06-25T04:23:24Z,-40.93,0.0,174.62,0.0,67.0,2.0,ML,,,,2.0,0.2,5
1011263,1996-06-25T04:31:04Z,-39.27,0.0,175.63,0.0,12.0,0.0,ML,,,,1.1,0.1,2
1000604,1996-06-25T07:22:37Z,-40.39,0.0,176.47,0.0,12.0,0.0,ML,,,,3.0,0.1,3
1000756,1996-06-25T07:29:24Z,-45.6,0.0,167.42,0.0,12.0,0.0,ML,,,,1.8,0.0,2
999082,1996-06-25T09:14:55Z,-40.87,0.0,174.73,0.0,16.0,1.0,ML,,,,1.7,0.1,2
1000605,1996-06-25T10:47:41Z,-38.82,0.0,175.52,0.0,142.0,2.0,ML,,,,3.1,0.2,3
999089,1996-06-25T11:47:43Z,-37.24,0.1,176.72,0.1,253.0,6.0,ML,,,,4.7,0.2,21
999102,1996-06-25T13:49:15Z,-39.9,0.0,177.08,0.0,38.0,4.0,ML,,,,3.0,0.3,9
999105,1996-06-25T14:16:48Z,-41.18,0.0,173.65,0.0,98.0,3.0,ML,,,,2.9,0.2,9
1000607,1996-06-25T15:07:46Z,-38.72,0.0,175.46,0.0,175.0,5.0,ML,,,,3.1,0.0,3
1000998,1996-06-25T20:25:51Z,-39.2,0.0,175.56,0.1,12.0,0.0,ML,,,,1.7,0.2,3
1017919,1996-06-25T20:26:05Z,-39.17,0.0,175.47,0.0,5.0,0.0,ML,,,,1.1,0.2,2
1002711,1996-06-25T21:40:28Z,-42.35,0.0,173.17,0.0,17.0,3.0,ML,,,,2.8,0.1,3
1000608,1996-06-25T21:44:12Z,-39.93,0.0,176.57,0.0,53.0,3.0,ML,,,,3.1,0.1,5
1000609,1996-06-25T22:20:50Z,-38.74,0.0,177.41,0.0,40.0,5.0,ML,,,,3.3,0.3,6
999113,1996-06-25T23:16:51Z,-41.22,0.0,174.49,0.0,37.0,2.0,ML,,,,1.8,0.1,5
999114,1996-06-26T00:00:06Z,-41.71,0.0,172.26,0.0,95.0,4.0,ML,,,,3.5,0.2,9
1000621,1996-06-26T00:09:18Z,-39.37,0.1,175.92,0.1,12.0,0.0,ML,,,,2.1,0.1,3
999115,1996-06-26T00:59:07Z,-41.33,0.0,173.0,0.0,112.0,5.0,ML,,,,3.6,0.2,12
999119,1996-06-26T01:20:40Z,-40.06,0.1,174.12,0.1,153.0,7.0,ML,,,,2.7,0.3,4
1000651,1996-06-26T03:49:03Z,-45.29,0.0,166.78,0.0,12.0,0.0,ML,,,,2.8,0.2,2
999123,1996-06-26T04:16:50Z,-40.14,0.0,174.91,0.0,12.0,0.0,ML,,,,2.2,0.2,4
1000660,1996-06-26T04:58:52Z,-39.24,0.0,177.13,0.0,27.0,1.0,ML,,,,3.0,0.2,9
999126,1996-06-26T06:36:32Z,-40.76,0.0,173.7,0.0,101.0,3.0,ML,,,,2.7,0.3,4
999127,1996-06-26T07:19:25Z,-38.85,0.0,175.8,0.0,12.0,0.0,ML,,,,1.8,0.1,4
1002713,1996-06-26T11:09:37Z,-41.49,0.0,172.56,0.0,97.0,2.0,ML,,,,2.5,nan,1
1001009,1996-06-26T12:19:17Z,-38.32,0.0,176.23,0.0,5.0,0.0,ML,,,,2.2,0.2,3
1000676,1996-06-26T12:33:17Z,-45.21,0.0,167.37,0.0,77.0,4.0,ML,,,,2.1,0.1,2
1000677,1996-06-26T12:56:11Z,-38.74,0.0,177.4,0.0,41.0,3.0,ML,,,,3.4,0.3,6
999194,1996-06-26T14:00:37Z,-45.08,0.0,167.39,0.0,12.0,0.0,ML,,,,2.3,0.0,2
999238,1996-06-26T15:22:28Z,-38.17,0.1,175.56,0.1,143.0,12.0,ML,,,,3.3,0.2,10
999276,1996-06-26T16:14:53Z,-41.98,0.0,173.85,0.0,12.0,0.0,ML,,,,2.3,0.1,3
999317,1996-06-26T17:28:08Z,-39.28,0.0,175.56,0.0,0.0,0.0,ML,,,,0.7,0.2,3
999349,1996-06-26T18:30:53Z,-40.85,0.0,174.55,0.0,24.0,1.0,ML,,,,1.7,0.2,6
999365,1996-06-26T19:09:47Z,-43.11,0.0,171.26,0.0,5.0,0.0,ML,,,,2.3,0.2,3
999385,1996-06-26T19:56:39Z,-42.97,0.0,171.45,0.0,5.0,0.0,ML,,,,3.0,0.3,7
999432,1996-06-26T22:27:54Z,-41.54,0.0,173.82,0.0,41.0,4.0,ML,,,,1.8,0.2,3
999444,1996-06-26T22:59:29Z,-40.11,0.0,174.3,0.0,66.0,14.0,ML,,,,3.0,0.3,9
999452,1996-06-27T00:33:34Z,-41.83,0.0,172.85,0.0,92.0,3.0,ML,,,,2.9,0.2,9
1002365,1996-06-27T02:58:17Z,-45.06,0.0,167.35,0.0,111.0,3.0,ML,,,,3.5,0.4,6
998009,1996-06-27T03:34:39Z,-38.43,0.0,177.5,0.0,79.0,3.0,Mw,5.0,nan,0,5.3,0.3,14
1011396,1996-06-27T03:48:38Z,-38.29,0.0,176.4,0.0,5.0,0.0,ML,,,,1.8,0.2,3
1011397,1996-06-27T05:25:51Z,-39.28,0.0,175.56,0.0,0.0,0.0,ML,,,,0.6,0.1,2
1021089,1996-06-27T05:56:57Z,-38.29,0.0,178.66,0.0,64.0,6.0,ML,,,,3.3,0.2,3
1000561,1996-06-27T05:57:18Z,-45.29,0.0,165.82,0.0,5.0,0.0,ML,,,,4.0,0.2,4
1001725,1996-06-27T06:34:18Z,-38.32,0.0,178.67,0.0,72.0,5.0,ML,,,,3.4,0.2,3
999454,1996-06-27T06:37:51Z,-41.12,0.0,174.01,0.0,54.0,2.0,ML,,,,1.8,0.1,5
999455,1996-06-27T08:28:43Z,-40.21,0.0,174.41,0.0,33.0,5.0,ML,,,,2.0,0.2,5
999456,1996-06-27T08:44:16Z,-41.69,0.0,174.22,0.0,28.0,2.0,ML,,,,2.9,0.2,15
1001728,1996-06-27T09:09:51Z,-38.17,0.0,176.99,0.0,60.0,2.0,ML,,,,2.9,0.3,3
999457,1996-06-27T10:11:06Z,-40.37,0.0,176.59,0.0,50.0,5.0,ML,,,,3.3,0.2,17
1001730,1996-06-27T10:28:45Z,-39.84,0.1,176.32,0.0,38.0,3.0,ML,,,,2.8,0.0,2
999458,1996-06-27T10:34:47Z,-41.4,0.0,174.73,0.0,16.0,2.0,ML,,,,1.6,0.1,4
1003023,1996-06-27T11:28:13Z,-39.28,0.0,175.56,0.0,0.0,0.0,ML,,,,0.5,0.0,3
999462,1996-06-27T13:09:06Z,-40.38,0.0,174.34,0.0,52.0,8.0,ML,,,,2.4,0.1,6
1022661,1996-06-27T13:11:05Z,-38.32,0.0,178.71,0.1,75.0,10.0,ML,,,,3.3,0.1,3
999464,1996-06-27T13:42:32Z,-38.18,0.0,176.76,0.1,158.0,2.0,ML,,,,2.9,0.3,7
1002368,1996-06-27T15:13:02Z,-45.59,0.0,167.46,0.0,5.0,0.0,ML,,,,2.6,0.1,3
1001037,1996-06-27T16:46:02Z,-40.32,0.0,176.51,0.0,19.0,3.0,ML,,,,2.7,0.1,6
1011399,1996-06-27T18:25:23Z,-39.28,0.0,175.56,0.0,0.0,0.0,ML,,,,0.4,0.0,3
999466,1996-06-27T20:03:39Z,-40.98,0.0,175.13,0.0,26.0,2.0,ML,,,,1.2,0.2,4
1002479,1996-06-27T21:56:06Z,-39.15,0.0,175.4,0.0,14.0,2.0,ML,,,,1.4,0.2,4
1011409,1996-06-27T22:17:02Z,-39.35,0.0,175.45,0.0,5.0,0.0,ML,,,,1.1,0.2,3
999469,1996-06-27T23:28:31Z,-40.45,0.0,176.4,0.0,5.0,0.0,ML,,,,2.9,0.2,10
1022898,1996-06-27T23:30:20Z,-39.23,0.0,177.86,0.0,52.0,3.0,ML,,,,3.6,0.2,14
999471,1996-06-27T23:44:31Z,-40.58,0.0,174.61,0.0,28.0,1.0,ML,,,,2.0,0.2,5
999472,1996-06-27T23:59:27Z,-40.86,0.0,175.31,0.0,25.0,1.0,ML,,,,2.9,0.1,17
1000564,1996-06-28T00:13:43Z,-45.88,0.0,166.91,0.0,88.0,2.0,ML,,,,3.5,0.2,5
999473,1996-06-28T00:36:17Z,-41.3,0.0,175.21,0.0,22.0,0.0,ML,,,,1.0,0.2,3
999474,1996-06-28T00:50:22Z,-41.29,0.0,175.2,0.0,22.0,1.0,ML,,,,2.2,0.2,8
999475,1996-06-28T01:35:57Z,-37.97,0.1,175.78,0.2,250.0,13.0,ML,,,,3.9,0.3,13
1001750,1996-06-28T02:38:42Z,-38.46,0.0,176.21,0.1,106.0,7.0,ML,,,,3.2,0.3,5
1023169,1996-06-28T03:14:27Z,-40.44,0.0,176.3,0.0,33.0,0.0,ML,,,,2.6,0.1,2
1002691,1996-06-28T03:14:58Z,-40.22,0.1,175.89,0.1,33.0,0.0,ML,,,,2.5,0.0,2
999477,1996-06-28T04:16:29Z,-39.6,0.0,173.65,0.0,12.0,0.0,ML,,,,3.5,0.2,14
1001755,1996-06-28T05:21:43Z,-38.01,0.0,179.06,0.1,12.0,0.0,ML,,,,3.2,0.1,3
1004414,1996-06-28T06:30:54Z,-39.28,0.0,175.56,0.0,0.0,0.0,ML,,,,0.5,0.0,2
999478,1996-06-28T06:51:21Z,-39.58,0.0,173.65,0.0,12.0,0.0,ML,,,,2.8,0.2,6
1002471,1996-06-28T08:09:04Z,-44.33,0.1,168.68,0.1,12.0,0.0,ML,,,,2.5,nan,1
1002627,1996-06-28T09:25:33Z,-39.4,0.0,175.74,0.0,12.0,0.0,ML,,,,1.7,0.1,3
999482,1996-06-28T09:48:58Z,-40.08,0.0,174.44,0.0,88.0,5.0,ML,,,,2.8,0.2,9
998011,1996-06-28T10:37:16Z,-39.11,0.0,174.92,0.0,23.0,1.0,ML,,,,4.7,0.1,9
1023590,1996-06-28T10:39:26Z,-39.17,0.0,174.93,0.0,5.0,0.0,ML,,,,2.5,0.1,4
1002630,1996-06-28T10:52:35Z,-39.14,0.0,174.93,0.0,19.0,2.0,ML,,,,3.2,0.3,8
1011417,1996-06-28T11:41:23Z,-39.39,0.0,175.72,0.0,12.0,0.0,ML,,,,1.7,0.1,3
999494,1996-06-28T12:09:54Z,-41.28,0.0,175.21,0.0,22.0,1.0,ML,,,,2.5,0.1,9
1002370,1996-06-28T12:18:02Z,-44.72,0.0,167.62,0.0,33.0,0.0,ML,,,,2.5,0.1,2
999506,1996-06-28T13:10:45Z,-39.89,0.1,174.72,0.0,108.0,15.0,ML,,,,2.6,0.2,3
999507,1996-06-28T14:15:07Z,-39.69,0.0,175.89,0.0,12.0,0.0,ML,,,,3.3,0.3,18
1000567,1996-06-28T15:03:23Z,-42.52,0.0,175.62,0.0,12.0,0.0,ML,,,,3.1,0.2,10
999508,1996-06-28T15:44:22Z,-42.49,0.0,175.55,0.0,12.0,0.0,ML,,,,3.5,0.3,20
1002693,1996-06-28T15:47:40Z,-39.63,0.0,177.13,0.0,39.0,2.0,ML,,,,2.9,0.3,2
1001765,1996-06-28T18:21:27Z,-36.42,0.1,177.51,0.1,224.0,8.0,ML,,,,3.6,0.1,2
1000568,1996-06-28T19:27:54Z,-43.81,0.0,171.61,0.0,12.0,0.0,ML,,,,2.7,0.4,4
1002694,1996-06-28T19:50:43Z,-39.96,0.1,176.26,0.0,32.0,2.0,ML,,,,2.7,0.3,5
999510,1996-06-28T20:35:03Z,-37.62,0.0,176.17,0.0,166.0,2.0,ML,,,,3.9,0.2,15
1023594,1996-06-28T21:00:50Z,-41.28,0.0,175.18,0.0,20.0,5.0,ML,,,,1.5,0.1,2
999512,1996-06-28T21:00:52Z,-41.29,0.0,175.21,0.0,22.0,0.0,ML,,,,1.8,0.1,3
999550,1996-06-29T00:09:59Z,-41.58,0.0,171.57,0.1,5.0,0.0,ML,,,,2.2,0.2,3
999559,1996-06-29T00:24:06Z,-45.22,0.0,167.0,0.1,5.0,0.0,ML,,,,2.5,0.1,2
999562,1996-06-29T00:29:22Z,-39.43,0.0,175.6,0.0,5.0,0.0,ML,,,,1.5,0.1,3
999575,1996-06-29T00:52:34Z,-40.99,0.0,175.01,0.1,32.0,5.0,ML,,,,1.8,0.3,4
1002472,1996-06-29T00:55:36Z,-44.32,0.0,168.28,0.0,5.0,0.0,ML,,,,2.4,0.3,2
999619,1996-06-29T02:03:17Z,-39.2,0.0,175.33,0.0,19.0,4.0,ML,,,,1.8,0.1,4
1001775,1996-06-29T05:28:32Z,-43.08,0.0,171.47,0.0,12.0,0.0,ML,,,,2.8,0.2,3
999725,1996-06-29T07:04:53Z,-40.82,0.0,175.35,0.0,27.0,1.0,ML,,,,3.0,0.2,12
999728,1996-06-29T07:18:33Z,-41.07,0.0,173.03,0.1,194.0,6.0,ML,,,,2.7,0.3,5
1002695,1996-06-29T07:48:05Z,-40.0,0.0,176.96,0.0,12.0,0.0,ML,,,,2.7,0.0,2
1001781,1996-06-29T10:04:39Z,-36.73,0.1,177.05,0.1,197.0,9.0,ML,,,,3.7,0.4,3
1002768,1996-06-29T12:58:11Z,-45.07,0.0,167.21,0.0,25.0,1.0,ML,,,,2.1,0.1,2
999759,1996-06-29T13:15:01Z,-41.15,0.0,175.08,0.0,5.0,0.0,ML,,,,1.9,0.1,6
1002473,1996-06-29T15:33:59Z,-44.21,0.1,168.86,0.1,5.0,0.0,ML,,,,2.3,0.0,2
999792,1996-06-29T16:06:53Z,-45.42,0.0,167.06,0.0,68.0,1.0,ML,,,,2.7,0.2,5
999803,1996-06-29T17:22:19Z,-46.32,0.1,168.09,0.1,12.0,0.0,ML,,,,2.4,nan,1
1023934,1996-06-29T17:22:59Z,-41.35,0.1,174.8,0.0,57.0,2.0,ML,,,,1.7,0.1,3
999805,1996-06-29T17:32:53Z,-45.19,0.0,166.94,0.0,22.0,2.0,ML,,,,2.0,0.1,2
1001162,1996-06-29T19:55:38Z,-43.66,0.0,170.59,0.0,12.0,0.0,ML,,,,2.9,0.2,5
1024152,1996-06-29T22:45:52Z,-45.1,0.0,170.51,0.0,12.0,0.0,ML,,,,3.3,0.1,1
999857,1996-06-30T02:21:25Z,-41.66,0.1,173.08,0.2,76.0,4.0,ML,,,,2.1,0.2,3
999866,1996-06-30T04:57:11Z,-41.31,0.0,172.82,0.0,138.0,5.0,ML,,,,2.9,0.2,11
999868,1996-06-30T05:18:17Z,-41.58,0.0,174.08,0.0,5.0,0.0,ML,,,,2.4,0.3,3
1001164,1996-06-30T10:27:28Z,-43.2,0.0,170.92,0.0,5.0,0.0,ML,,,,2.8,0.4,5
999874,1996-06-30T10:49:54Z,-40.8,0.0,175.71,0.0,40.0,2.0,ML,,,,2.9,0.4,6
999877,1996-06-30T11:09:37Z,-40.72,0.0,174.89,0.0,36.0,1.0,ML,,,,2.7,0.2,10
1001792,1996-06-30T12:43:49Z,-39.88,0.0,176.73,0.0,48.0,3.0,ML,,,,2.9,0.1,4
999882,1996-06-30T13:19:06Z,-39.22,0.0,175.33,0.0,5.0,0.0,ML,,,,3.2,0.3,10
1001793,1996-06-30T13:26:26Z,-37.32,0.0,177.22,0.0,138.0,1.0,ML,,,,3.6,0.2,3
999883,1996-06-30T13:48:23Z,-40.35,0.0,173.32,0.0,165.0,3.0,ML,,,,3.4,0.2,8
999884,1996-06-30T14:22:02Z,-40.46,0.1,174.05,0.0,90.0,4.0,ML,,,,2.2,0.3,6
999886,1996-06-30T17:32:48Z,-38.18,0.2,175.88,0.3,260.0,19.0,ML,,,,3.6,0.1,7
1001798,1996-06-30T17:52:16Z,-36.3,0.1,179.32,0.1,12.0,0.0,ML,,,,4.0,0.1,6
1002475,1996-06-30T18:36:33Z,-44.33,0.0,169.35,0.0,5.0,0.0,ML,,,,2.8,0.1,3
1002700,1996-06-30T19:57:47Z,-39.94,0.0,176.45,0.0,58.0,5.0,ML,,,,2.9,0.0,3
1002772,1996-06-30T20:19:46Z,-45.16,0.0,166.96,0.0,21.0,2.0,ML,,,,2.2,nan,1
999890,1996-06-30T22:05:54Z,-40.85,0.0,174.74,0.0,16.0,2.0,ML,,,,2.1,0.2,5
1001808,1996-06-30T23:15:53Z,-39.56,0.0,177.54,0.0,18.0,3.0,ML,,,,3.1,0.2,8
