PublicID,UTCTime,Latitude,LatitudeUncertainty,Longitude,LongitudeUncertainty,Depth,DepthUncertainty,PreferredMag,mB,mB_Uncertainty,mB_StationCount,ML,ML_Uncertainty,ML_StationCount,M,M_Uncertainty,M_StationCount,Mw(mB),Mw(mB)_Uncertainty,Mw(mB)_StationCount,MLv,MLv_Uncertainty,MLv_StationCount
2014p489195,2014-07-01T00:03:42Z,-40.61,0.7,175.71,1.1,30.0,1.0,M,,,,2.5,0.2,7,2.3,nan,8,,,,2.3,0.4,8
2014p489409,2014-07-01T01:57:14Z,-41.9,1.2,174.51,1.6,37.0,2.0,M,,,,3.0,0.2,17,2.8,nan,17,,,,2.8,0.3,17
2014p490200,2014-07-01T08:58:42Z,-40.3,2.6,173.48,4.4,173.0,5.0,M,,,,,,,2.7,nan,12,,,,2.7,0.4,12
2014p490413,2014-07-01T10:52:31Z,-38.1,1.2,177.88,1.4,70.0,2.0,M,,,,3.0,0.2,28,2.8,nan,28,,,,2.8,0.2,28
2014p490567,2014-07-01T12:14:11Z,-38.19,3.3,175.9,12.3,181.0,7.0,M,,,,,,,2.6,nan,13,,,,2.6,0.3,13
2014p490857,2014-07-01T14:48:46Z,-40.97,4.3,172.79,5.7,229.0,5.0,M,,,,,,,2.6,nan,12,,,,2.6,0.3,12
2014p491439,2014-07-01T19:58:44Z,-38.3,2.0,176.1,2.2,155.0,4.0,M,,,,,,,3.0,nan,40,,,,3.0,0.2,40
2014p491807,2014-07-01T23:14:53Z,-43.6,8.7,172.38,5.6,5.0,0.0,M,,,,2.6,0.3,6,2.5,nan,6,,,,2.5,0.3,6
2014p492027,2014-07-02T01:12:26Z,-36.61,11.6,177.4,19.1,195.0,15.0,M,,,,,,,2.6,nan,10,,,,2.6,0.2,10
2014p492310,2014-07-02T03:42:57Z,-40.13,1.0,175.31,1.1,21.0,2.0,M,,,,3.1,0.2,25,2.8,nan,25,,,,2.8,0.3,25
2014p492587,2014-07-02T06:10:29Z,-36.17,4.7,179.5,8.3,33.0,0.0,M,,,,3.6,0.3,13,3.4,nan,13,,,,3.4,0.3,13
2014p492845,2014-07-02T08:28:15Z,-38.64,4.4,178.7,3.0,33.0,0.0,M,,,,2.8,0.1,13,2.6,nan,17,,,,2.6,0.3,17
2014p492846,2014-07-02T08:28:31Z,-36.8,5.8,177.5,5.4,170.0,7.0,M,,,,,,,3.0,nan,15,,,,3.0,0.3,15
2014p493470,2014-07-02T14:01:38Z,-39.02,9.5,175.64,4.2,111.0,7.0,M,,,,1.2,0.5,2,1.6,nan,7,,,,1.6,0.7,7
2014p493529,2014-07-02T14:32:18Z,-40.61,0.8,176.37,1.6,22.0,1.0,M,,,,3.4,0.2,14,3.2,nan,14,,,,3.2,0.2,14
2014p493745,2014-07-02T16:27:51Z,-38.22,5.6,176.03,11.4,175.0,9.0,M,,,,2.7,0.2,9,2.5,nan,12,,,,2.5,0.4,12
2014p493776,2014-07-02T16:44:13Z,-40.09,1.6,174.16,2.8,102.0,4.0,M,,,,2.9,0.3,12,2.4,nan,8,,,,2.4,0.2,8
2014p493814,2014-07-02T17:04:11Z,-36.39,13.1,179.89,21.9,33.0,0.0,M,,,,3.4,0.2,10,3.2,nan,10,,,,3.2,0.3,10
2014p494119,2014-07-02T19:46:57Z,-39.38,4.2,175.8,3.5,31.0,7.0,M,,,,1.2,0.3,7,1.3,nan,7,,,,1.3,0.3,7
2014p494318,2014-07-02T21:32:52Z,-40.91,0.7,175.02,1.0,36.0,1.0,M,,,,3.0,0.3,15,2.8,nan,15,,,,2.8,0.3,15
2014p494442,2014-07-02T22:38:51Z,-38.77,4.2,175.33,8.0,244.0,8.0,M,,,,,,,2.4,nan,13,,,,2.4,0.6,13
2014p494452,2014-07-02T22:44:19Z,-39.64,1.0,176.26,1.7,37.0,2.0,M,,,,3.4,0.3,15,3.1,nan,15,,,,3.1,0.2,15
2014p494667,2014-07-03T00:38:31Z,-36.83,7.4,177.49,9.2,202.0,8.0,M,,,,3.1,0.2,6,3.0,nan,17,,,,3.0,0.3,17
2014p495150,2014-07-03T04:56:20Z,-36.77,4.7,177.17,5.7,261.0,4.0,M,4.7,nan,1,,,,3.6,nan,31,3.9,0.4,1,3.6,0.4,31
2014p495216,2014-07-03T05:31:21Z,-39.26,0.9,175.22,1.0,21.0,1.0,M,,,,1.8,0.3,10,1.5,nan,10,,,,1.5,0.3,10
2014p495429,2014-07-03T07:25:00Z,-41.32,2.0,173.45,2.8,93.0,3.0,M,,,,2.5,0.2,13,2.4,nan,13,,,,2.4,0.2,13
2014p496026,2014-07-03T12:42:42Z,-46.27,4.4,166.0,5.4,12.0,0.0,M,,,,3.2,0.2,7,3.1,nan,7,,,,3.1,0.1,7
2014p496030,2014-07-03T12:45:02Z,-41.2,2.4,172.68,4.5,171.0,4.0,M,,,,,,,2.6,nan,15,,,,2.6,0.3,15
2014p496037,2014-07-03T12:48:43Z,-36.38,8.2,178.33,10.1,155.0,13.0,M,,,,,,,2.8,nan,9,,,,2.8,0.2,9
2014p496148,2014-07-03T13:48:06Z,-40.46,0.5,175.97,1.0,24.0,1.0,M,,,,3.9,0.2,17,3.5,nan,17,,,,3.5,0.1,17
2014p496196,2014-07-03T14:13:43Z,-45.1,2.1,167.51,3.3,114.0,4.0,M,,,,,,,2.9,nan,10,,,,2.9,0.4,10
2014p496243,2014-07-03T14:38:34Z,-39.48,0.9,175.68,0.5,20.0,1.0,M,,,,2.2,0.3,19,2.1,nan,19,,,,2.1,0.3,19
2014p497782,2014-07-04T04:18:22Z,-38.26,3.9,175.91,6.7,194.0,7.0,M,,,,,,,2.4,nan,15,,,,2.4,0.3,15
2014p498501,2014-07-04T10:41:47Z,-37.8,4.6,176.08,9.9,206.0,8.0,M,,,,3.0,0.2,10,2.7,nan,15,,,,2.7,0.3,15
2014p498576,2014-07-04T11:21:47Z,-39.52,1.3,175.66,0.9,18.0,2.0,M,,,,2.3,0.2,12,2.1,nan,12,,,,2.1,0.2,12
2014p499027,2014-07-04T15:21:59Z,-39.18,4.1,175.5,4.5,103.0,8.0,M,,,,,,,2.6,nan,7,,,,2.6,0.6,7
2014p499087,2014-07-04T15:53:45Z,-37.89,1.3,176.92,0.9,10.0,1.0,M,,,,2.3,0.1,7,2.2,nan,7,,,,2.2,0.2,7
2014p499238,2014-07-04T17:14:32Z,-39.16,3.9,174.81,5.5,235.0,8.0,M,,,,,,,2.8,nan,21,,,,2.8,0.4,21
2014p499581,2014-07-04T20:17:01Z,-38.55,3.2,175.4,4.9,121.0,8.0,M,,,,3.0,0.2,7,2.9,nan,15,,,,2.9,0.2,15
2014p499801,2014-07-04T22:14:27Z,-40.43,3.4,173.31,6.3,191.0,12.0,M,,,,,,,2.9,nan,19,,,,2.9,0.3,19
2014p500094,2014-07-05T00:50:18Z,-44.11,1.8,168.79,2.2,5.0,0.0,M,,,,2.9,0.1,8,3.0,nan,8,,,,3.0,0.2,8
2014p500235,2014-07-05T02:05:30Z,-36.36,12.4,177.23,5.3,5.0,0.0,M,,,,3.1,0.2,8,3.1,nan,8,,,,3.1,0.2,8
2014p500795,2014-07-05T07:04:03Z,-37.31,10.1,177.14,6.2,5.0,0.0,M,,,,2.9,0.2,10,2.7,nan,10,,,,2.7,0.2,10
2014p500811,2014-07-05T07:12:26Z,-37.45,8.0,177.08,3.4,6.0,7.0,M,,,,2.6,0.2,8,2.4,nan,8,,,,2.4,0.2,8
2014p501103,2014-07-05T09:47:48Z,-39.53,3.7,175.68,2.7,17.0,7.0,M,,,,1.7,0.4,7,1.7,nan,7,,,,1.7,0.4,7
2014p501629,2014-07-05T14:28:24Z,-38.93,0.5,175.81,0.8,10.0,1.0,M,,,,3.0,0.2,31,2.8,nan,31,,,,2.8,0.2,31
2014p501639,2014-07-05T14:33:22Z,-38.94,1.5,175.82,2.3,7.0,4.0,M,,,,2.2,0.2,18,2.0,nan,18,,,,2.0,0.2,18
2014p501649,2014-07-05T14:38:36Z,-38.93,0.7,175.84,0.9,11.0,1.0,M,,,,2.0,0.2,8,1.8,nan,8,,,,1.8,0.2,8
2014p501658,2014-07-05T14:43:23Z,-38.94,1.1,175.88,1.4,13.0,1.0,M,,,,1.8,0.3,7,1.6,nan,7,,,,1.6,0.3,7
2014p501668,2014-07-05T14:48:51Z,-38.93,0.6,175.83,0.7,11.0,1.0,M,,,,1.9,0.2,6,1.6,nan,6,,,,1.6,0.2,6
2014p501702,2014-07-05T15:06:52Z,-38.93,0.5,175.82,0.8,10.0,1.0,M,,,,2.1,0.2,12,1.8,nan,12,,,,1.8,0.2,12
2014p501768,2014-07-05T15:42:23Z,-38.93,2.0,175.82,2.3,7.0,4.0,M,,,,2.2,0.2,13,2.0,nan,13,,,,2.0,0.2,13
2014p501776,2014-07-05T15:46:25Z,-38.93,0.6,175.84,0.8,11.0,1.0,M,,,,1.7,0.2,6,1.4,nan,6,,,,1.4,0.3,6
2014p501786,2014-07-05T15:51:55Z,-38.93,1.0,175.85,1.3,12.0,1.0,M,,,,1.8,0.3,6,1.6,nan,6,,,,1.6,0.3,6
2014p501825,2014-07-05T16:12:22Z,-38.93,0.7,175.84,1.1,10.0,2.0,M,,,,1.7,0.2,6,1.5,nan,6,,,,1.5,0.2,6
2014p501829,2014-07-05T16:14:57Z,-38.93,0.6,175.83,0.7,10.0,1.0,M,,,,2.1,0.4,9,1.9,nan,9,,,,1.9,0.4,9
2014p501839,2014-07-05T16:19:55Z,-38.93,1.1,175.82,2.0,11.0,1.0,M,,,,1.5,0.2,4,1.2,nan,4,,,,1.2,0.2,4
2014p501870,2014-07-05T16:36:44Z,-38.93,0.7,175.84,0.6,11.0,1.0,M,,,,1.8,0.3,7,1.6,nan,7,,,,1.6,0.3,7
2014p501906,2014-07-05T16:55:45Z,-38.94,0.7,175.82,1.5,10.0,2.0,M,,,,2.6,0.2,30,2.4,nan,30,,,,2.4,0.2,30
2014p501909,2014-07-05T16:57:17Z,-38.94,0.6,175.84,0.8,10.0,1.0,M,,,,1.8,0.3,8,1.6,nan,8,,,,1.6,0.3,8
2014p501965,2014-07-05T17:27:06Z,-38.93,0.5,175.84,0.5,10.0,1.0,M,,,,2.1,0.3,11,1.8,nan,11,,,,1.8,0.3,11
2014p502020,2014-07-05T17:56:21Z,-39.26,1.0,175.21,1.2,22.0,1.0,M,,,,2.0,0.4,9,1.8,nan,9,,,,1.8,0.5,9
2014p502063,2014-07-05T18:19:38Z,-38.93,0.6,175.84,0.6,11.0,1.0,M,,,,1.8,0.5,8,1.6,nan,8,,,,1.6,0.5,8
2014p502140,2014-07-05T19:00:29Z,-38.98,1.5,173.86,2.5,6.0,2.0,M,,,,2.6,0.4,7,2.5,nan,7,,,,2.5,0.5,7
2014p502915,2014-07-06T01:53:31Z,-40.64,0.9,175.86,0.8,29.0,2.0,M,,,,1.5,0.2,6,1.2,nan,6,,,,1.2,0.2,6
2014p503147,2014-07-06T03:57:04Z,-39.27,1.1,174.86,1.2,36.0,2.0,M,,,,2.6,0.2,11,2.3,nan,12,,,,2.3,0.3,12
2014p503254,2014-07-06T04:54:09Z,-37.53,7.1,178.79,5.2,33.0,0.0,M,,,,4.4,0.3,19,4.0,nan,19,,,,4.0,0.2,19
2014p503369,2014-07-06T05:55:05Z,-43.6,1.8,172.6,2.4,2.0,2.0,M,,,,2.5,0.1,7,2.4,nan,7,,,,2.4,0.2,7
2014p503559,2014-07-06T07:36:40Z,-38.32,7.4,178.73,6.0,33.0,0.0,M,,,,3.4,0.3,12,3.3,nan,12,,,,3.3,0.3,12
2014p504503,2014-07-06T15:59:34Z,-39.8,0.9,176.8,1.3,30.0,4.0,M,,,,3.7,0.3,16,3.4,nan,16,,,,3.4,0.3,16
2014p504566,2014-07-06T16:32:54Z,-42.11,1.9,172.17,2.3,2.0,2.0,M,,,,2.7,0.2,11,2.6,nan,11,,,,2.6,0.2,11
2014p504952,2014-07-06T19:58:43Z,-39.04,3.6,174.94,7.8,227.0,11.0,M,,,,,,,2.3,nan,19,,,,2.5,0.2,19
2014p505417,2014-07-07T00:06:36Z,-38.68,10.3,175.03,12.9,281.0,15.0,M,,,,,,,2.9,nan,43,,,,2.9,0.3,43
2014p505795,2014-07-07T03:27:58Z,-45.37,3.0,167.2,3.7,94.0,4.0,M,,,,,,,3.5,nan,16,,,,3.5,0.6,16
2014p505969,2014-07-07T05:00:48Z,-36.67,23.1,177.11,19.2,244.0,23.0,M,,,,,,,2.8,nan,6,,,,2.8,0.1,6
2014p505990,2014-07-07T05:11:39Z,-36.56,9.1,177.73,8.2,216.0,9.0,M,,,,,,,2.7,nan,17,,,,2.7,0.2,17
2014p506450,2014-07-07T09:16:44Z,-39.6,3.7,174.19,5.3,214.0,8.0,M,,,,,,,2.7,nan,21,,,,2.7,0.3,21
2014p506626,2014-07-07T10:50:39Z,-47.04,8.4,166.18,5.3,33.0,0.0,M,,,,3.4,0.3,8,3.4,nan,8,,,,3.4,0.2,8
2014p506894,2014-07-07T13:13:46Z,-40.54,3.0,173.36,5.4,168.0,5.0,M,,,,3.0,0.4,7,3.1,nan,12,,,,3.1,0.5,12
2014p507037,2014-07-07T14:29:27Z,-41.67,1.9,174.15,1.4,8.0,2.0,M,,,,2.8,0.2,23,2.7,nan,23,,,,2.7,0.3,23
2014p507041,2014-07-07T14:32:34Z,-39.24,1.9,175.22,1.4,19.0,3.0,M,,,,1.8,0.3,10,1.4,nan,8,,,,1.4,0.2,8
2014p507097,2014-07-07T15:01:25Z,-42.47,1.4,172.79,1.3,6.0,1.0,M,,,,2.5,0.2,7,2.6,nan,7,,,,2.6,0.2,7
2014p507139,2014-07-07T15:24:08Z,-40.25,1.1,174.84,1.5,61.0,3.0,M,,,,2.9,0.2,20,2.6,nan,20,,,,2.6,0.3,20
2014p507215,2014-07-07T16:05:03Z,-37.91,6.3,176.01,4.6,294.0,9.0,M,,,,,,,3.3,nan,63,,,,3.3,0.3,63
2014p507351,2014-07-07T17:16:54Z,-37.1,7.8,178.92,5.8,33.0,0.0,M,,,,3.2,0.2,17,3.0,nan,17,,,,3.0,0.2,17
2014p507352,2014-07-07T17:19:29Z,-45.43,4.5,166.15,5.2,12.0,0.0,M,,,,2.9,0.2,7,2.9,nan,7,,,,2.9,0.3,7
2014p507377,2014-07-07T17:30:35Z,-45.03,1.7,167.53,2.6,54.0,4.0,M,,,,3.2,0.2,8,3.1,nan,8,,,,3.1,0.1,8
2014p507733,2014-07-07T20:40:31Z,-45.1,1.9,167.56,3.3,66.0,4.0,M,,,,3.1,0.2,11,3.0,nan,11,,,,3.0,0.3,11
2014p507901,2014-07-07T22:09:55Z,-37.62,3.9,176.04,11.3,185.0,9.0,M,,,,,,,2.7,nan,17,,,,2.7,0.2,17
2014p507918,2014-07-07T22:19:13Z,-41.67,1.3,172.01,2.3,18.0,3.0,M,,,,2.6,0.1,6,2.4,nan,6,,,,2.4,0.2,6
2014p508070,2014-07-07T23:39:53Z,-40.66,0.6,175.84,1.0,27.0,1.0,M,,,,3.8,0.2,15,3.4,nan,15,,,,3.4,0.2,15
2014p508093,2014-07-07T23:52:12Z,-45.11,2.7,167.54,4.2,122.0,4.0,M,,,,,,,2.9,nan,11,,,,2.9,0.3,11
2014p508095,2014-07-07T23:53:21Z,-38.31,4.3,178.16,2.8,12.0,0.0,M,,,,2.2,0.2,9,2.0,nan,9,,,,2.0,0.2,9
2014p508692,2014-07-08T05:11:09Z,-39.92,2.1,174.37,2.9,127.0,5.0,M,,,,,,,2.8,nan,19,,,,2.8,0.2,19
2014p508782,2014-07-08T05:59:14Z,-36.91,5.1,177.82,3.3,152.0,5.0,M,,,,,,,3.8,nan,42,,,,3.8,0.2,42
2014p508789,2014-07-08T06:02:52Z,-40.67,0.6,175.83,1.0,28.0,1.0,M,,,,3.3,0.2,19,2.9,nan,19,,,,2.9,0.2,19
2014p509013,2014-07-08T08:02:39Z,-40.53,0.7,175.93,1.0,28.0,1.0,M,,,,3.0,0.1,22,2.7,nan,22,,,,2.7,0.2,22
2014p509314,2014-07-08T10:42:38Z,-41.17,2.3,172.74,3.8,168.0,4.0,M,,,,,,,3.1,nan,16,,,,3.1,0.3,16
2014p509324,2014-07-08T10:48:09Z,-43.66,1.0,172.78,0.9,6.0,1.0,M,,,,3.3,0.2,7,3.2,nan,6,,,,3.2,0.2,6
2014p509344,2014-07-08T10:58:50Z,-45.16,2.3,167.36,3.6,118.0,4.0,M,,,,,,,2.3,nan,2,,,,2.3,0.1,2
2014p509573,2014-07-08T13:00:31Z,-40.6,0.8,175.89,1.1,30.0,1.0,M,,,,2.5,0.5,13,2.0,nan,17,,,,2.0,0.3,17
2014p509955,2014-07-08T16:24:11Z,-43.09,1.7,171.03,1.6,5.0,0.0,M,,,,2.9,0.3,11,2.2,nan,4,,,,2.2,0.8,4
2014p510076,2014-07-08T17:28:49Z,-40.3,0.9,176.66,1.6,15.0,1.0,M,,,,3.4,0.1,19,3.1,nan,19,,,,3.1,0.1,19
2014p510501,2014-07-08T21:15:11Z,-41.98,1.6,171.86,2.8,5.0,0.0,M,,,,3.0,0.2,6,2.7,nan,4,,,,2.7,0.4,4
2014p511168,2014-07-09T03:10:36Z,-39.87,2.0,173.89,3.5,137.0,5.0,M,,,,,,,3.0,nan,20,,,,3.0,0.3,20
2014p511409,2014-07-09T05:18:46Z,-39.76,1.4,176.99,2.1,31.0,2.0,M,,,,3.1,0.3,25,2.9,nan,25,,,,2.9,0.2,25
2014p511892,2014-07-09T09:36:16Z,-46.77,6.6,165.75,9.1,12.0,0.0,M,,,,3.2,0.2,5,3.2,nan,5,,,,3.2,0.2,5
2014p512470,2014-07-09T14:44:33Z,-39.98,2.0,173.64,3.7,165.0,5.0,M,,,,,,,2.8,nan,24,,,,2.8,0.2,24
2014p512520,2014-07-09T15:10:50Z,-41.78,0.9,173.88,1.1,24.0,2.0,M,,,,3.1,0.1,16,2.9,nan,16,,,,2.9,0.2,16
2014p512752,2014-07-09T17:14:18Z,-39.58,8.6,174.11,12.0,248.0,9.0,M,,,,,,,3.1,nan,7,,,,3.1,0.5,7
2014p513694,2014-07-10T01:36:08Z,-40.47,1.3,174.66,1.5,80.0,3.0,M,,,,2.6,0.2,6,2.6,nan,20,,,,2.6,0.3,20
2014p514019,2014-07-10T04:29:37Z,-43.58,1.0,172.42,1.0,10.0,2.0,M,,,,2.9,0.1,8,2.8,nan,8,,,,2.8,0.1,8
2014p514276,2014-07-10T06:46:24Z,-40.34,1.9,173.94,2.3,89.0,7.0,M,,,,2.7,0.2,11,2.5,nan,13,,,,2.5,0.2,13
2014p514659,2014-07-10T10:10:21Z,-38.34,0.5,176.24,0.5,7.0,1.0,M,,,,2.0,0.2,11,1.8,nan,11,,,,1.8,0.2,11
2014p514715,2014-07-10T10:40:24Z,-36.48,17.6,177.34,10.0,289.0,11.0,M,,,,,,,2.9,nan,13,,,,2.9,0.2,13
2014p514836,2014-07-10T11:45:05Z,-42.87,3.5,173.75,3.9,33.0,0.0,M,,,,2.9,0.2,8,2.7,nan,8,,,,2.7,0.2,8
2014p515128,2014-07-10T14:20:21Z,-36.14,8.6,178.19,7.0,168.0,12.0,M,,,,,,,3.2,nan,15,,,,3.2,0.1,15
2014p515141,2014-07-10T14:27:38Z,-45.27,8.6,166.82,7.5,12.0,0.0,M,,,,3.3,0.1,6,3.2,nan,6,,,,3.2,0.2,6
2014p515228,2014-07-10T15:13:33Z,-45.05,3.4,167.66,4.5,138.0,5.0,M,,,,,,,3.0,nan,7,,,,3.0,0.4,7
2014p515512,2014-07-10T17:45:14Z,-37.93,4.0,176.32,4.5,203.0,8.0,M,,,,,,,2.9,nan,37,,,,2.9,0.4,37
2014p515688,2014-07-10T19:18:58Z,-37.31,2.5,177.72,3.2,48.0,7.0,M,,,,3.1,0.2,15,2.8,nan,15,,,,2.8,0.4,15
2014p515689,2014-07-10T19:19:05Z,-36.04,15.6,178.82,15.1,33.0,0.0,M,,,,3.8,0.2,8,3.6,nan,11,,,,3.6,0.1,11
2014p515826,2014-07-10T20:32:35Z,-38.07,2.8,176.38,5.7,154.0,5.0,M,,,,,,,2.8,nan,25,,,,2.8,0.3,25
2014p517595,2014-07-11T12:14:39Z,-36.95,5.2,176.68,17.1,251.0,12.0,M,,,,,,,3.1,nan,22,,,,3.1,0.3,22
2014p518123,2014-07-11T16:56:20Z,-44.06,1.8,169.49,1.7,5.0,0.0,M,,,,3.0,0.2,10,3.0,nan,10,,,,3.0,0.2,10
2014p518710,2014-07-11T22:09:07Z,-36.76,7.9,177.53,12.6,235.0,10.0,M,,,,,,,3.3,nan,19,,,,3.3,0.3,19
2014p518807,2014-07-11T23:00:29Z,-43.6,0.5,172.48,0.7,9.0,1.0,M,,,,2.9,0.1,6,2.8,nan,5,,,,2.8,0.3,5
2014p518978,2014-07-12T00:32:05Z,-38.35,5.4,175.74,8.0,191.0,10.0,M,,,,,,,2.5,nan,9,,,,2.5,0.4,9
2014p519242,2014-07-12T02:52:31Z,-38.33,4.6,175.56,7.4,135.0,9.0,M,,,,,,,2.6,nan,15,,,,2.6,0.4,15
2014p520271,2014-07-12T12:00:34Z,-42.02,1.5,173.87,2.3,42.0,4.0,M,,,,3.1,0.2,13,3.0,nan,13,,,,3.0,0.2,13
2014p520838,2014-07-12T17:02:49Z,-36.94,6.8,176.78,6.6,214.0,8.0,M,,,,,,,2.7,nan,10,,,,2.7,0.2,10
2014p521136,2014-07-12T19:41:16Z,-41.33,2.5,173.03,2.8,118.0,4.0,M,,,,,,,3.5,nan,13,,,,3.5,0.3,13
2014p521914,2014-07-13T02:35:53Z,-40.64,0.6,175.85,1.4,29.0,1.0,M,,,,3.1,0.1,31,2.8,nan,31,,,,2.8,0.2,31
2014p521974,2014-07-13T03:08:02Z,-43.17,1.8,172.0,2.5,5.0,0.0,M,,,,2.9,0.2,7,2.7,nan,7,,,,2.7,0.2,7
2014p521982,2014-07-13T03:12:31Z,-43.23,0.9,172.02,1.3,11.0,1.0,M,,,,2.9,0.1,7,2.8,nan,7,,,,2.8,0.1,7
2014p522003,2014-07-13T03:23:27Z,-39.18,6.1,174.8,9.6,222.0,12.0,M,,,,,,,2.5,nan,12,,,,2.5,0.5,12
2014p522047,2014-07-13T03:47:03Z,-42.2,6.0,177.6,4.4,33.0,0.0,M,,,,3.0,0.2,16,3.0,nan,16,,,,3.0,0.2,16
2014p522682,2014-07-13T09:25:04Z,-43.42,1.9,170.98,2.6,5.0,0.0,M,,,,2.8,0.4,7,2.8,nan,7,,,,2.8,0.4,7
2014p522716,2014-07-13T09:43:23Z,-37.01,7.6,177.3,6.4,121.0,9.0,M,,,,,,,2.6,nan,10,,,,2.6,0.3,10
2014p522734,2014-07-13T09:53:11Z,-46.14,4.2,165.73,4.6,5.0,0.0,M,,,,4.6,0.2,11,4.6,nan,18,,,,4.6,0.2,18
2014p523108,2014-07-13T13:12:07Z,-40.59,0.7,175.86,1.1,32.0,1.0,M,,,,3.0,0.2,13,2.7,nan,13,,,,2.7,0.3,13
2014p523118,2014-07-13T13:17:42Z,-40.6,0.6,175.86,0.8,32.0,1.0,M,,,,3.7,0.2,14,3.4,nan,14,,,,3.4,0.3,14
2014p523135,2014-07-13T13:26:53Z,-36.63,10.0,177.41,13.2,209.0,14.0,M,,,,,,,2.9,nan,12,,,,2.9,0.3,12
2014p523366,2014-07-13T15:29:30Z,-34.83,8.9,178.86,7.9,222.0,15.0,M,,,,,,,4.0,nan,15,,,,4.0,0.2,15
2014p523377,2014-07-13T15:35:39Z,-37.67,6.0,176.27,7.3,231.0,10.0,M,,,,,,,2.4,nan,15,,,,2.4,0.3,15
2014p523390,2014-07-13T15:42:20Z,-43.55,1.2,172.47,1.2,6.0,1.0,M,,,,2.8,0.2,9,2.7,nan,9,,,,2.7,0.3,9
2014p523465,2014-07-13T16:22:30Z,-37.79,4.6,176.26,3.6,213.0,7.0,M,,,,,,,2.7,nan,52,,,,2.7,0.5,52
2014p523795,2014-07-13T19:18:13Z,-37.94,4.6,176.26,4.3,191.0,7.0,M,,,,,,,2.9,nan,72,,,,2.9,0.7,72
2014p523824,2014-07-13T19:33:23Z,-45.21,3.2,167.51,3.7,116.0,4.0,M,,,,3.6,nan,1,3.5,nan,11,,,,3.5,0.4,11
2014p523905,2014-07-13T20:17:01Z,-37.79,2.4,177.07,1.3,7.0,2.0,M,,,,2.7,0.1,14,2.4,nan,14,,,,2.4,0.2,14
2014p524102,2014-07-13T22:01:39Z,-40.09,4.0,173.51,6.1,215.0,7.0,M,,,,,,,2.9,nan,12,,,,2.9,0.3,12
2014p524207,2014-07-13T22:57:24Z,-37.05,51.6,178.27,41.1,161.0,44.0,M,,,,3.0,0.4,8,2.7,nan,10,,,,2.7,0.4,10
2014p524858,2014-07-14T04:44:25Z,-36.13,10.0,177.94,15.9,237.0,15.0,M,,,,,,,3.1,nan,12,,,,3.1,0.2,12
2014p524895,2014-07-14T05:04:09Z,-38.57,1.4,177.82,2.1,18.0,2.0,M,,,,2.8,0.2,15,2.5,nan,15,,,,2.5,0.2,15
2014p524981,2014-07-14T05:50:06Z,-37.66,4.9,176.12,6.0,160.0,8.0,M,,,,,,,2.4,nan,13,,,,2.4,0.2,13
2014p525127,2014-07-14T07:07:11Z,-37.65,10.1,176.16,25.3,313.0,15.0,M,,,,,,,2.7,nan,13,,,,2.7,0.5,13
2014p525323,2014-07-14T08:52:26Z,-37.67,7.3,180.08,5.0,33.0,0.0,M,,,,4.6,0.2,18,4.3,nan,18,,,,4.3,0.2,18
2014p525401,2014-07-14T09:33:39Z,-37.97,4.3,176.08,4.5,198.0,7.0,M,,,,,,,3.1,nan,66,,,,3.1,0.6,66
2014p525874,2014-07-14T13:45:54Z,-39.17,4.4,175.06,2.5,20.0,5.0,M,,,,2.2,0.5,7,2.0,nan,7,,,,2.0,0.6,7
2014p525957,2014-07-14T14:30:37Z,-39.25,7.9,175.09,3.8,15.0,13.0,M,,,,2.1,0.3,7,1.9,nan,7,,,,1.9,0.4,7
2014p526641,2014-07-14T20:35:08Z,-39.23,3.1,175.22,4.3,10.0,6.0,M,,,,2.1,0.4,11,1.9,nan,11,,,,1.9,0.5,11
2014p527017,2014-07-14T23:54:52Z,-40.65,0.6,175.84,0.7,26.0,1.0,M,,,,3.3,0.2,14,3.0,nan,14,,,,3.0,0.2,14
2014p527272,2014-07-15T02:10:56Z,-39.28,1.9,173.75,2.1,5.0,1.0,M,,,,2.8,0.3,7,2.6,nan,8,,,,2.6,0.3,8
2014p527429,2014-07-15T03:34:11Z,-43.59,1.4,172.37,1.2,10.0,3.0,M,,,,2.3,0.2,6,2.2,nan,6,,,,2.2,0.3,6
2014p527867,2014-07-15T07:27:49Z,-37.09,4.1,177.29,3.8,105.0,7.0,M,,,,,,,2.7,nan,11,,,,2.7,0.2,11
2014p527940,2014-07-15T08:06:47Z,-36.8,5.9,179.45,7.7,33.0,0.0,M,,,,3.3,0.3,12,3.2,nan,12,,,,3.2,0.4,12
2014p527989,2014-07-15T08:32:49Z,-37.67,4.3,176.32,4.5,133.0,7.0,M,,,,,,,2.6,nan,10,,,,2.6,0.4,10
2014p528587,2014-07-15T13:51:10Z,-37.3,4.4,177.12,2.9,33.0,0.0,M,,,,2.7,0.2,8,2.6,nan,8,,,,2.6,0.2,8
2014p528609,2014-07-15T14:02:55Z,-41.83,1.6,172.79,2.1,70.0,3.0,M,,,,2.7,0.3,13,2.5,nan,10,,,,2.5,0.3,10
2014p528633,2014-07-15T14:15:42Z,-37.98,3.7,176.19,10.4,157.0,8.0,M,,,,2.8,0.2,13,2.6,nan,13,,,,2.6,0.3,13
2014p528805,2014-07-15T15:47:42Z,-37.74,8.7,176.35,5.6,5.0,0.0,M,,,,2.8,0.3,21,2.6,nan,21,,,,2.6,0.2,21
2014p528822,2014-07-15T15:56:42Z,-45.54,3.5,166.65,4.5,7.0,4.0,M,,,,3.1,0.1,6,3.0,nan,6,,,,3.0,0.2,6
2014p528836,2014-07-15T16:04:06Z,-36.9,4.9,177.45,5.1,167.0,6.0,M,,,,,,,2.9,nan,14,,,,2.9,0.2,14
2014p528907,2014-07-15T16:41:59Z,-38.69,1.8,177.97,2.6,22.0,3.0,M,,,,2.7,0.2,16,2.5,nan,16,,,,2.5,0.3,16
2014p528936,2014-07-15T16:57:20Z,-38.29,2.7,176.18,2.9,131.0,5.0,M,,,,2.6,0.3,7,2.6,nan,18,,,,2.6,0.3,18
2014p528989,2014-07-15T17:25:31Z,-38.1,2.5,177.66,2.4,33.0,4.0,M,,,,3.2,0.3,28,3.0,nan,28,,,,3.0,0.3,28
2014p529216,2014-07-15T19:26:48Z,-41.24,4.6,172.57,3.3,177.0,4.0,M,,,,,,,3.4,nan,14,,,,3.4,0.3,14
2014p529991,2014-07-16T02:19:25Z,-38.59,1.2,177.48,1.4,59.0,2.0,M,,,,3.4,0.4,12,3.0,nan,12,,,,3.0,0.2,12
2014p530528,2014-07-16T07:05:46Z,-40.63,0.9,175.84,1.3,28.0,2.0,M,,,,1.7,0.4,9,1.5,nan,9,,,,1.5,0.3,9
2014p530548,2014-07-16T07:16:00Z,-37.29,6.0,176.61,3.7,233.0,8.0,M,,,,,,,3.1,nan,46,,,,3.1,0.6,46
2014p531336,2014-07-16T14:15:54Z,-39.26,1.0,174.83,0.9,25.0,3.0,M,,,,3.8,0.2,18,3.5,nan,18,,,,3.5,0.2,18
2014p531618,2014-07-16T16:46:14Z,-45.18,2.6,167.4,3.8,109.0,4.0,M,,,,,,,3.8,nan,13,,,,3.8,0.2,13
2014p531697,2014-07-16T17:28:44Z,-37.15,4.7,176.73,4.0,239.0,7.0,M,,,,3.2,0.1,6,3.1,nan,38,,,,3.1,0.4,38
2014p531951,2014-07-16T19:43:56Z,-38.76,3.2,175.46,3.9,192.0,5.0,M,,,,,,,3.4,nan,59,,,,3.4,0.3,59
2014p531961,2014-07-16T19:49:06Z,-40.53,1.7,174.37,2.0,72.0,4.0,M,,,,2.9,0.3,15,2.7,nan,29,,,,2.7,0.4,29
2014p532521,2014-07-17T00:47:42Z,-42.93,1.5,170.95,2.4,9.0,3.0,M,,,,2.8,0.3,9,2.7,nan,9,,,,2.7,0.3,9
2014p533260,2014-07-17T07:20:59Z,-43.58,1.0,172.4,0.9,9.0,2.0,M,,,,2.6,0.1,8,2.6,nan,8,,,,2.6,0.2,8
2014p533925,2014-07-17T13:15:16Z,-38.53,2.9,175.83,4.6,161.0,6.0,M,,,,,,,2.5,nan,13,,,,2.5,0.5,13
2014p535517,2014-07-18T03:23:31Z,-45.3,8.5,167.02,5.7,33.0,0.0,M,,,,3.3,0.2,8,3.1,nan,10,,,,3.1,0.2,10
2014p535902,2014-07-18T06:48:41Z,-45.18,2.2,167.4,3.0,81.0,3.0,M,,,,3.1,0.2,10,2.7,nan,8,,,,2.7,0.2,8
2014p535974,2014-07-18T07:27:11Z,-37.55,6.0,177.11,2.5,4.0,11.0,M,,,,2.5,0.2,10,2.3,nan,10,,,,2.3,0.2,10
2014p536033,2014-07-18T07:58:39Z,-38.17,10.0,176.87,5.4,34.0,6.0,M,,,,2.2,0.3,10,2.0,nan,10,,,,2.0,0.2,10
2014p536391,2014-07-18T11:09:17Z,-36.73,9.6,176.77,7.5,230.0,12.0,M,,,,,,,2.5,nan,9,,,,2.5,0.2,9
2014p536532,2014-07-18T12:24:51Z,-40.85,0.8,175.8,1.4,24.0,2.0,M,,,,1.3,0.3,6,1.2,nan,6,,,,1.2,0.3,6
2014p537563,2014-07-18T21:33:50Z,-40.86,1.9,175.49,2.0,34.0,3.0,M,,,,2.9,0.2,9,2.7,nan,9,,,,2.7,0.1,9
2014p537596,2014-07-18T21:51:31Z,-39.53,2.2,175.65,2.5,12.0,4.0,M,,,,2.3,0.2,18,2.1,nan,18,,,,2.1,0.3,18
2014p538339,2014-07-19T04:27:11Z,-38.08,3.1,176.73,3.3,4.0,4.0,M,,,,2.1,0.1,7,2.0,nan,7,,,,2.0,0.1,7
2014p538604,2014-07-19T06:48:34Z,-45.13,2.8,167.49,4.0,124.0,4.0,M,,,,,,,3.1,nan,11,,,,3.1,0.4,11
2014p538611,2014-07-19T06:52:35Z,-40.47,1.1,174.58,1.8,63.0,4.0,M,,,,3.3,0.2,13,3.0,nan,13,,,,3.0,0.1,13
2014p538846,2014-07-19T08:57:29Z,-44.49,2.3,168.3,2.2,5.0,0.0,M,,,,3.1,0.2,11,3.1,nan,11,,,,3.1,0.2,11
2014p538868,2014-07-19T09:09:15Z,-37.88,6.3,176.4,4.6,142.0,20.0,M,,,,,,,3.1,nan,51,,,,3.1,0.3,51
2014p538979,2014-07-19T10:08:20Z,-39.48,3.4,175.71,2.7,12.0,8.0,M,,,,2.0,0.5,10,1.8,nan,10,,,,1.8,0.6,10
2014p539369,2014-07-19T13:36:54Z,-38.46,0.4,176.2,0.4,8.0,1.0,M,,,,2.1,0.2,8,1.8,nan,8,,,,1.8,0.2,8
2014p539489,2014-07-19T14:40:05Z,-41.19,3.5,172.56,5.7,181.0,6.0,M,,,,,,,2.7,nan,12,,,,2.7,0.5,12
2014p540196,2014-07-19T20:56:42Z,-44.98,3.9,167.46,3.9,84.0,5.0,M,,,,,,,3.2,nan,13,,,,3.2,0.3,13
2014p540637,2014-07-20T00:51:31Z,-39.85,4.6,173.97,4.9,229.0,6.0,M,,,,,,,2.6,nan,11,,,,2.6,0.2,11
2014p541124,2014-07-20T05:10:52Z,-46.26,3.7,166.22,4.6,12.0,0.0,M,,,,4.2,0.2,11,4.0,nan,11,,,,4.0,0.2,11
2014p541180,2014-07-20T05:40:52Z,-38.49,5.6,175.85,10.8,155.0,7.0,M,,,,2.3,0.4,7,2.4,nan,10,,,,2.4,0.4,10
2014p541504,2014-07-20T08:32:52Z,-34.51,8.8,-179.73,13.0,275.0,9.0,M,4.4,nan,1,,,,4.3,nan,18,3.6,0.4,1,4.3,0.3,18
2014p541595,2014-07-20T09:22:14Z,-41.1,1.7,174.17,3.7,61.0,3.0,M,,,,4.3,0.2,17,4.0,nan,17,,,,4.0,0.1,17
2014p542194,2014-07-20T14:40:59Z,-38.88,1.0,178.02,1.8,43.0,2.0,M,,,,3.1,0.3,31,2.8,nan,31,,,,2.8,0.3,31
2014p542249,2014-07-20T15:10:41Z,-37.89,16.4,176.21,25.2,341.0,58.0,M,,,,,,,2.6,nan,10,,,,2.6,0.3,10
2014p542273,2014-07-20T15:23:17Z,-36.74,8.9,177.39,5.0,226.0,14.0,M,,,,,,,3.1,nan,18,,,,3.1,0.3,18
2014p542503,2014-07-20T17:25:52Z,-42.06,3.0,177.64,3.7,33.0,0.0,M,,,,2.9,0.3,13,2.8,nan,13,,,,2.8,0.3,13
2014p542843,2014-07-20T20:26:54Z,-38.43,2.4,176.23,2.4,131.0,4.0,M,,,,2.6,0.2,7,2.8,nan,24,,,,2.8,0.3,24
2014p543471,2014-07-21T02:01:31Z,-41.59,1.0,174.28,0.8,15.0,2.0,M,,,,2.4,0.3,13,2.3,nan,13,,,,2.3,0.3,13
2014p543608,2014-07-21T03:14:23Z,-44.12,2.7,168.59,4.5,5.0,2.0,M,,,,2.9,0.2,6,3.0,nan,6,,,,3.0,0.2,6
2014p543794,2014-07-21T04:53:46Z,-38.6,0.9,176.01,0.9,10.0,2.0,M,,,,2.4,0.4,10,2.2,nan,10,,,,2.2,0.4,10
2014p543878,2014-07-21T05:38:17Z,-43.12,4.3,171.45,4.4,12.0,0.0,M,,,,3.5,0.2,9,3.4,nan,9,,,,3.4,0.1,9
2014p543899,2014-07-21T05:49:54Z,-41.19,0.9,175.06,0.7,18.0,1.0,M,,,,2.7,0.2,13,2.4,nan,13,,,,2.4,0.2,13
2014p544342,2014-07-21T09:45:36Z,-45.12,2.3,167.28,3.9,7.0,5.0,M,,,,2.9,0.3,6,2.9,nan,6,,,,2.9,0.3,6
2014p544404,2014-07-21T10:18:56Z,-41.33,0.8,174.81,1.2,29.0,1.0,M,,,,2.8,0.2,13,2.6,nan,13,,,,2.6,0.2,13
2014p544471,2014-07-21T10:54:40Z,-39.38,6.1,174.62,6.9,211.0,7.0,M,,,,2.9,0.3,9,2.7,nan,12,,,,2.7,0.3,12
2014p544497,2014-07-21T11:07:40Z,-35.23,8.3,178.85,9.9,182.0,14.0,M,,,,3.9,0.3,12,3.7,nan,17,,,,3.7,0.3,17
2014p545089,2014-07-21T16:23:39Z,-38.52,0.5,175.86,0.8,8.0,1.0,M,,,,2.3,0.2,12,2.0,nan,12,,,,2.0,0.3,12
2014p545302,2014-07-21T18:17:00Z,-39.3,8.6,178.27,5.6,12.0,0.0,M,,,,3.1,0.2,13,2.9,nan,13,,,,2.9,0.2,13
2014p545884,2014-07-21T23:27:30Z,-39.61,4.1,174.2,4.8,211.0,6.0,M,,,,,,,3.3,nan,19,,,,3.3,0.4,19
2014p545995,2014-07-22T00:26:17Z,-39.08,5.9,175.18,5.0,171.0,6.0,M,,,,,,,2.9,nan,13,,,,2.9,0.3,13
2014p546564,2014-07-22T05:29:51Z,-39.18,8.6,178.09,5.6,12.0,0.0,M,,,,3.1,0.2,13,2.7,nan,13,,,,2.7,0.2,13
2014p546652,2014-07-22T06:16:31Z,-38.88,2.4,175.06,2.9,222.0,3.0,M,,,,,,,4.1,nan,137,,,,4.1,0.7,137
2014p547029,2014-07-22T09:37:14Z,-38.54,8.3,178.8,6.7,33.0,0.0,M,,,,2.5,0.4,9,2.4,nan,9,,,,2.4,0.4,9
2014p547444,2014-07-22T13:18:40Z,-37.94,0.9,175.88,0.7,10.0,2.0,M,,,,2.5,0.2,12,2.2,nan,12,,,,2.2,0.3,12
2014p547697,2014-07-22T15:33:18Z,-38.44,4.4,178.91,2.8,33.0,0.0,M,,,,3.1,0.2,19,2.9,nan,19,,,,2.9,0.2,19
2014p548179,2014-07-22T19:49:52Z,-44.5,2.2,168.31,2.2,5.0,0.0,M,,,,2.7,0.2,8,2.7,nan,8,,,,2.7,0.2,8
2014p548198,2014-07-22T20:00:01Z,-37.27,4.1,176.74,2.9,226.0,6.0,M,,,,,,,3.1,nan,31,,,,3.1,0.4,31
2014p548319,2014-07-22T21:04:35Z,-38.56,8.7,178.71,5.6,12.0,0.0,M,,,,3.1,0.2,9,2.8,nan,9,,,,2.8,0.2,9
2014p548419,2014-07-22T21:56:47Z,-36.74,21.1,171.43,20.4,665.0,26.0,M,,,,4.0,0.4,6,4.0,nan,11,,,,4.0,0.3,11
2014p548434,2014-07-22T22:06:05Z,-37.73,1.9,177.28,2.7,82.0,3.0,M,,,,2.9,0.2,10,2.6,nan,12,,,,2.6,0.2,12
2014p548728,2014-07-23T00:42:45Z,-38.52,0.8,175.86,0.7,7.0,1.0,M,,,,2.9,0.2,21,2.6,nan,21,,,,2.6,0.2,21
2014p548793,2014-07-23T01:16:56Z,-36.84,8.2,177.19,5.0,12.0,0.0,M,,,,3.2,0.1,12,3.0,nan,12,,,,3.0,0.1,12
2014p548900,2014-07-23T02:14:44Z,-41.2,5.0,172.56,7.2,220.0,5.0,M,,,,,,,2.5,nan,12,,,,2.5,0.3,12
2014p549007,2014-07-23T03:11:19Z,-41.17,3.2,172.92,3.5,129.0,4.0,M,,,,,,,2.5,nan,10,,,,2.5,0.3,10
2014p549333,2014-07-23T06:04:44Z,-39.66,4.4,173.54,3.7,12.0,0.0,M,,,,2.8,0.1,11,2.6,nan,11,,,,2.6,0.1,11
2014p549800,2014-07-23T10:13:42Z,-41.19,4.3,172.58,5.9,229.0,5.0,M,,,,,,,3.3,nan,12,,,,3.3,0.2,12
2014p550174,2014-07-23T13:32:57Z,-40.47,1.8,174.06,2.1,79.0,4.0,M,,,,3.3,0.2,28,3.0,nan,28,,,,3.0,0.2,28
2014p550262,2014-07-23T14:19:35Z,-39.08,6.4,174.96,7.9,235.0,7.0,M,,,,2.6,0.1,4,2.2,nan,8,,,,2.2,0.5,8
2014p550403,2014-07-23T15:35:06Z,-41.72,0.8,173.78,1.5,19.0,2.0,M,,,,3.8,0.1,14,3.6,nan,14,,,,3.6,0.1,14
2014p550450,2014-07-23T15:59:50Z,-38.25,0.9,177.49,1.0,46.0,2.0,M,,,,3.4,0.2,36,3.1,nan,36,,,,3.1,0.2,36
2014p550809,2014-07-23T19:11:12Z,-39.74,2.3,174.21,2.9,140.0,4.0,M,,,,,,,2.6,nan,20,,,,2.6,0.2,20
2014p551596,2014-07-24T02:10:21Z,-43.5,0.9,172.16,0.8,6.0,1.0,M,,,,2.8,0.2,7,2.7,nan,7,,,,2.7,0.2,7
2014p552709,2014-07-24T12:03:43Z,-44.52,4.4,167.86,3.7,5.0,0.0,M,,,,3.1,0.2,6,3.0,nan,6,,,,3.0,0.1,6
2014p552722,2014-07-24T12:10:27Z,-39.95,0.6,176.57,0.7,12.0,2.0,M,,,,2.7,0.2,12,2.4,nan,12,,,,2.4,0.2,12
2014p552728,2014-07-24T12:13:38Z,-38.63,2.1,176.1,2.0,110.0,4.0,M,,,,,,,2.4,nan,48,,,,2.4,0.7,48
2014p552730,2014-07-24T12:14:26Z,-39.96,0.6,176.55,0.6,15.0,2.0,M,,,,3.8,0.2,12,3.4,nan,92,,,,3.4,0.3,92
2014p552729,2014-07-24T12:15:20Z,-39.95,0.8,176.58,1.0,16.0,2.0,M,,,,4.3,0.2,13,3.8,nan,90,,,,3.8,0.3,90
2014p552756,2014-07-24T12:28:52Z,-39.96,0.7,176.56,0.8,11.0,2.0,M,,,,2.8,0.2,24,2.5,nan,24,,,,2.5,0.2,24
2014p552958,2014-07-24T14:16:31Z,-43.99,3.0,169.5,2.1,2.0,3.0,M,,,,3.1,0.1,7,2.9,nan,7,,,,2.9,0.1,7
2014p552988,2014-07-24T14:32:24Z,-37.8,1.2,176.73,1.0,8.0,1.0,M,,,,2.2,0.2,10,2.0,nan,10,,,,2.0,0.2,10
2014p553436,2014-07-24T18:30:45Z,-41.66,2.1,174.11,2.1,21.0,3.0,M,,,,1.7,0.4,4,1.3,nan,4,,,,1.3,0.5,4
2014p553498,2014-07-24T19:04:00Z,-41.86,3.5,171.93,3.0,14.0,4.0,M,,,,2.7,0.3,6,2.7,nan,6,,,,2.7,0.2,6
2014p553532,2014-07-24T19:22:20Z,-40.63,0.6,175.87,0.9,28.0,1.0,M,,,,3.8,0.2,14,3.5,nan,14,,,,3.5,0.2,14
2014p553570,2014-07-24T19:42:06Z,-44.53,2.4,167.92,3.6,7.0,2.0,M,,,,3.0,0.1,7,2.9,nan,7,,,,2.9,0.1,7
2014p553731,2014-07-24T21:08:01Z,-36.41,8.6,177.66,4.7,170.0,10.0,M,,,,,,,2.9,nan,15,,,,2.9,0.2,15
2014p554141,2014-07-25T00:46:26Z,-39.95,1.0,176.57,0.7,14.0,2.0,M,,,,2.2,0.3,13,2.0,nan,13,,,,2.0,0.3,13
2014p554542,2014-07-25T04:20:11Z,-44.95,1.9,167.67,3.0,78.0,3.0,M,,,,3.0,0.2,10,2.9,nan,10,,,,2.9,0.3,10
2014p555134,2014-07-25T09:35:45Z,-40.62,0.6,175.87,0.7,28.0,1.0,M,,,,3.1,0.3,9,2.7,nan,9,,,,2.7,0.2,9
2014p555161,2014-07-25T09:49:48Z,-41.92,1.6,171.85,2.5,17.0,4.0,M,,,,2.6,0.2,6,2.6,nan,6,,,,2.6,0.2,6
2014p555167,2014-07-25T09:53:11Z,-41.91,1.9,171.86,3.3,16.0,4.0,M,,,,2.7,0.2,10,2.7,nan,10,,,,2.7,0.3,10
2014p555426,2014-07-25T12:11:14Z,-37.83,6.2,176.06,4.3,252.0,9.0,M,,,,,,,2.7,nan,39,,,,2.7,0.5,39
2014p555584,2014-07-25T13:35:28Z,-44.49,3.5,168.26,5.3,5.0,5.0,M,,,,2.7,0.1,8,2.7,nan,8,,,,2.7,0.1,8
2014p555860,2014-07-25T16:02:41Z,-43.6,8.7,172.38,5.6,5.0,0.0,M,,,,3.0,0.2,7,3.0,nan,16,,,,3.0,0.3,16
2014p556211,2014-07-25T19:09:20Z,-41.13,3.4,172.64,4.9,210.0,5.0,M,,,,,,,2.9,nan,14,,,,2.9,0.3,14
2014p556240,2014-07-25T19:24:53Z,-39.2,0.9,174.43,1.1,22.0,2.0,M,,,,2.8,0.2,17,2.5,nan,17,,,,2.5,0.2,17
2014p557107,2014-07-26T03:06:42Z,-43.43,2.8,172.72,1.8,14.0,4.0,M,,,,2.5,0.2,7,2.3,nan,7,,,,2.3,0.2,7
2014p557483,2014-07-26T06:27:24Z,-40.22,1.1,175.28,1.1,27.0,2.0,M,,,,3.1,0.2,16,2.9,nan,16,,,,2.9,0.2,16
2014p557484,2014-07-26T06:27:34Z,-44.95,1.7,167.65,2.9,77.0,3.0,M,,,,3.1,0.2,9,3.0,nan,9,,,,3.0,0.2,9
2014p557529,2014-07-26T06:51:45Z,-40.61,0.6,175.86,0.8,34.0,1.0,M,,,,3.5,0.2,14,3.2,nan,14,,,,3.2,0.2,14
2014p557652,2014-07-26T07:57:13Z,-39.5,0.8,177.24,1.1,22.0,2.0,M,,,,4.2,0.2,16,3.8,nan,16,,,,3.8,0.2,16
2014p557700,2014-07-26T08:22:49Z,-39.5,0.9,177.24,1.3,29.0,3.0,M,,,,4.0,0.3,17,3.6,nan,17,,,,3.6,0.2,17
2014p557732,2014-07-26T08:40:04Z,-37.16,3.4,177.25,3.9,175.0,4.0,M,,,,,,,2.9,nan,30,,,,2.9,0.2,30
2014p557808,2014-07-26T09:20:16Z,-39.25,1.4,175.22,1.2,21.0,1.0,M,,,,1.8,0.4,11,1.7,nan,11,,,,1.7,0.5,11
2014p557868,2014-07-26T09:52:19Z,-43.53,1.6,172.72,1.1,18.0,3.0,M,,,,2.5,0.4,5,2.3,nan,5,,,,2.3,0.4,5
2014p558062,2014-07-26T11:35:35Z,-40.47,2.1,173.7,2.6,133.0,4.0,M,,,,4.5,0.4,2,4.3,nan,101,,,,4.2,0.2,7
2014p558479,2014-07-26T15:18:03Z,-36.98,10.2,176.86,7.2,333.0,10.0,M,,,,,,,3.1,nan,45,,,,3.1,0.6,45
2014p558497,2014-07-26T15:27:21Z,-38.4,2.2,178.52,2.9,33.0,6.0,M,,,,2.7,0.2,11,2.5,nan,11,,,,2.5,0.2,11
2014p558503,2014-07-26T15:30:51Z,-39.81,1.0,176.91,1.7,48.0,1.0,M,,,,2.8,0.2,25,2.6,nan,25,,,,2.6,0.2,25
2014p558507,2014-07-26T15:32:38Z,-39.49,1.5,177.25,2.1,18.0,3.0,M,,,,2.9,0.2,27,2.7,nan,27,,,,2.7,0.1,27
2014p558729,2014-07-26T17:31:18Z,-43.68,2.2,169.99,6.1,15.0,9.0,M,,,,2.6,0.2,6,2.7,nan,6,,,,2.7,0.2,6
2014p558752,2014-07-26T17:43:12Z,-34.8,3.4,179.08,6.9,33.0,0.0,M,,,,3.9,0.2,15,3.7,nan,15,,,,3.7,0.2,15
2014p559218,2014-07-26T21:52:02Z,-39.49,1.4,175.72,0.7,16.0,1.0,M,,,,1.7,0.4,6,1.5,nan,6,,,,1.5,0.4,6
2014p559271,2014-07-26T22:19:54Z,-38.97,0.8,175.44,0.9,9.0,1.0,M,,,,2.1,0.3,10,1.8,nan,10,,,,1.8,0.3,10
2014p559459,2014-07-27T00:00:16Z,-39.32,1.7,175.36,1.4,13.0,2.0,M,,,,2.0,0.4,8,1.8,nan,8,,,,1.8,0.6,8
2014p559675,2014-07-27T01:54:54Z,-43.37,1.4,171.97,1.1,5.0,1.0,M,,,,2.6,0.2,8,2.5,nan,8,,,,2.5,0.1,8
2014p559783,2014-07-27T02:52:35Z,-36.99,8.6,176.42,22.2,205.0,16.0,M,,,,,,,2.8,nan,12,,,,2.8,0.2,12
2014p559808,2014-07-27T03:06:09Z,-37.52,4.0,178.67,2.6,30.0,3.0,M,,,,2.6,0.2,8,2.5,nan,8,,,,2.5,0.3,8
2014p559820,2014-07-27T03:12:26Z,-37.8,2.2,178.5,2.0,21.0,2.0,M,,,,2.8,0.3,9,2.5,nan,9,,,,2.5,0.2,9
2014p560492,2014-07-27T09:10:14Z,-38.95,0.7,175.42,1.0,6.0,1.0,M,,,,2.4,0.3,16,2.2,nan,16,,,,2.2,0.3,16
2014p560845,2014-07-27T12:18:14Z,-39.98,0.8,176.75,1.3,43.0,1.0,M,,,,3.6,0.1,16,3.3,nan,16,,,,3.3,0.2,16
2014p561170,2014-07-27T15:11:52Z,-39.29,1.3,175.18,1.1,29.0,2.0,M,,,,2.0,0.3,11,1.8,nan,11,,,,1.8,0.4,11
2014p561263,2014-07-27T16:01:11Z,-38.61,0.5,176.22,0.6,6.0,1.0,M,,,,2.3,0.2,15,2.0,nan,15,,,,2.0,0.2,15
2014p561328,2014-07-27T16:36:14Z,-40.58,3.3,173.74,6.3,95.0,5.0,M,,,,1.8,0.3,4,1.6,nan,7,,,,1.6,0.3,7
2014p561373,2014-07-27T16:59:47Z,-39.5,2.1,175.67,1.0,20.0,1.0,M,,,,1.3,0.2,7,1.3,nan,7,,,,1.3,0.2,7
2014p561756,2014-07-27T20:23:54Z,-37.88,12.2,179.88,8.2,33.0,0.0,M,,,,3.1,0.2,13,2.9,nan,13,,,,2.9,0.2,13
2014p561836,2014-07-27T21:06:16Z,-41.6,0.7,174.3,0.6,17.0,2.0,M,,,,3.1,0.1,20,2.8,nan,20,,,,2.8,0.2,20
2014p562084,2014-07-27T23:18:47Z,-36.21,12.1,177.58,12.6,218.0,13.0,M,,,,,,,2.9,nan,12,,,,2.9,0.2,12
2014p562279,2014-07-28T01:02:30Z,-45.35,1.7,167.53,2.3,13.0,3.0,M,,,,2.8,0.1,7,2.7,nan,7,,,,2.7,0.3,7
2014p562469,2014-07-28T02:43:58Z,-39.35,2.1,175.13,1.8,121.0,3.0,M,,,,,,,2.7,nan,20,,,,2.7,0.2,20
2014p562481,2014-07-28T02:49:56Z,-37.76,1.6,177.46,3.7,47.0,3.0,M,,,,2.5,0.2,12,2.3,nan,12,,,,2.3,0.2,12
2014p562629,2014-07-28T04:08:50Z,-40.29,0.7,176.66,1.5,13.0,2.0,M,,,,3.4,0.2,13,3.1,nan,13,,,,3.1,0.1,13
2014p562956,2014-07-28T07:03:09Z,-41.19,4.1,172.66,5.2,196.0,5.0,M,,,,,,,4.2,nan,119,,,,4.2,0.4,119
2014p563168,2014-07-28T08:56:32Z,-39.51,1.2,175.66,0.8,21.0,1.0,M,,,,1.6,0.3,8,1.4,nan,8,,,,1.4,0.2,8
2014p563723,2014-07-28T13:51:57Z,-40.53,3.2,173.23,4.4,212.0,5.0,M,,,,,,,3.4,nan,72,,,,3.4,0.4,72
2014p563763,2014-07-28T14:13:02Z,-43.22,1.8,170.89,1.9,5.0,0.0,M,,,,2.9,0.2,12,2.9,nan,12,,,,2.9,0.2,12
2014p563971,2014-07-28T16:03:54Z,-39.52,1.0,175.66,0.7,21.0,1.0,M,,,,2.4,0.2,21,2.2,nan,21,,,,2.2,0.2,21
2014p564024,2014-07-28T16:32:20Z,-40.54,1.7,173.96,2.5,78.0,4.0,M,,,,2.7,0.3,17,2.5,nan,20,,,,2.5,0.5,20
2014p564098,2014-07-28T17:11:36Z,-39.53,0.9,175.65,0.6,19.0,1.0,M,,,,2.7,0.2,25,2.5,nan,25,,,,2.5,0.2,25
2014p564111,2014-07-28T17:18:27Z,-36.85,8.6,179.31,8.0,33.0,0.0,M,,,,3.2,0.2,13,3.0,nan,13,,,,3.0,0.2,13
2014p564248,2014-07-28T18:31:20Z,-39.26,0.7,173.91,1.2,19.0,1.0,M,,,,2.2,0.4,8,1.9,nan,8,,,,1.9,0.4,8
2014p564392,2014-07-28T19:48:22Z,-40.52,3.5,173.45,4.8,160.0,5.0,M,,,,2.4,0.3,5,2.3,nan,10,,,,2.3,0.3,10
2014p564449,2014-07-28T20:18:30Z,-37.87,4.3,176.99,3.1,8.0,2.0,M,,,,2.5,0.1,6,2.2,nan,6,,,,2.2,0.2,6
2014p564460,2014-07-28T20:24:23Z,-37.8,1.9,176.94,1.4,7.0,1.0,M,,,,2.5,0.3,7,2.2,nan,7,,,,2.2,0.3,7
2014p564638,2014-07-28T21:59:14Z,-41.28,3.7,172.5,4.9,199.0,5.0,M,,,,,,,3.1,nan,33,,,,3.1,0.4,33
2014p564965,2014-07-29T00:53:25Z,-45.07,2.2,167.54,3.6,102.0,4.0,M,,,,,,,3.1,nan,12,,,,3.1,0.2,12
2014p565040,2014-07-29T01:33:28Z,-38.99,3.1,174.82,3.9,64.0,8.0,M,,,,2.8,0.2,11,2.7,nan,11,,,,2.7,0.2,11
2014p565122,2014-07-29T02:17:00Z,-40.02,8.7,173.96,5.6,12.0,0.0,M,,,,3.1,0.2,19,2.8,nan,29,,,,2.8,0.4,29
2014p565138,2014-07-29T02:25:44Z,-45.17,2.5,167.6,3.8,124.0,4.0,M,,,,,,,3.0,nan,11,,,,3.0,0.2,11
2014p565206,2014-07-29T03:02:15Z,-39.27,0.8,173.91,1.0,18.0,1.0,M,,,,2.3,0.3,8,2.0,nan,8,,,,2.0,0.3,8
2014p565223,2014-07-29T03:11:18Z,-37.42,6.3,178.89,7.4,33.0,0.0,M,,,,3.3,0.1,16,2.9,nan,16,,,,2.9,0.1,16
2014p565651,2014-07-29T06:59:16Z,-41.74,1.5,174.1,1.0,13.0,2.0,M,,,,3.2,0.2,12,2.9,nan,12,,,,2.9,0.2,12
2014p565914,2014-07-29T09:19:01Z,-38.15,0.6,176.51,0.7,5.0,1.0,M,,,,1.8,0.3,11,1.7,nan,11,,,,1.7,0.3,11
2014p566073,2014-07-29T10:43:29Z,-39.6,8.8,174.2,10.0,218.0,11.0,M,,,,2.7,0.2,8,2.6,nan,12,,,,2.6,0.3,12
2014p566523,2014-07-29T14:43:41Z,-45.45,2.8,166.68,4.3,5.0,0.0,M,,,,3.2,0.2,9,3.1,nan,9,,,,3.1,0.2,9
2014p566534,2014-07-29T14:49:40Z,-45.44,3.0,166.65,5.1,5.0,0.0,M,,,,3.1,0.2,8,3.1,nan,8,,,,3.1,0.3,8
2014p566908,2014-07-29T18:08:46Z,-43.49,1.6,172.75,1.3,10.0,2.0,M,,,,2.5,0.2,8,2.4,nan,8,,,,2.4,0.2,8
2014p567068,2014-07-29T19:33:57Z,-45.51,2.4,167.21,3.2,103.0,4.0,M,,,,,,,3.2,nan,12,,,,3.2,0.2,12
2014p567141,2014-07-29T20:13:11Z,-43.53,12.1,169.81,21.5,5.0,24.0,M,,,,2.7,0.2,6,2.6,nan,6,,,,2.6,0.2,6
2014p567671,2014-07-30T00:55:38Z,-38.83,1.8,176.24,1.2,9.0,2.0,M,,,,2.9,0.2,21,2.7,nan,21,,,,2.7,0.2,21
2014p567816,2014-07-30T02:12:21Z,-39.19,2.5,175.29,2.9,124.0,4.0,M,,,,,,,2.6,nan,43,,,,2.6,0.5,43
2014p567841,2014-07-30T02:26:13Z,-38.2,4.1,175.6,14.1,190.0,11.0,M,,,,,,,2.7,nan,18,,,,2.7,0.3,18
2014p567854,2014-07-30T02:32:42Z,-39.48,1.1,175.73,0.6,17.0,1.0,M,,,,2.4,0.3,15,2.1,nan,15,,,,2.1,0.3,15
2014p568096,2014-07-30T04:42:22Z,-38.45,2.7,176.0,3.2,161.0,7.0,M,,,,,,,3.0,nan,66,,,,3.0,0.6,66
2014p568133,2014-07-30T05:01:38Z,-40.31,1.5,176.38,1.6,37.0,3.0,M,,,,2.8,0.3,6,2.6,nan,6,,,,2.6,0.4,6
2014p568862,2014-07-30T11:29:51Z,-39.12,1.1,175.68,1.6,5.0,1.0,M,,,,1.7,0.4,7,1.5,nan,7,,,,1.5,0.3,7
2014p568889,2014-07-30T11:44:31Z,-37.78,1.2,176.77,1.1,5.0,1.0,M,,,,2.7,0.3,18,2.5,nan,18,,,,2.5,0.2,18
2014p568941,2014-07-30T12:12:16Z,-37.79,1.1,176.76,1.0,8.0,2.0,M,,,,2.2,0.2,10,2.1,nan,10,,,,2.1,0.3,10
2014p569263,2014-07-30T15:03:45Z,-37.79,0.9,176.75,1.0,9.0,2.0,M,,,,2.1,0.2,7,1.9,nan,7,,,,1.9,0.3,7
2014p569863,2014-07-30T20:23:08Z,-39.2,1.2,175.34,1.2,12.0,2.0,M,,,,2.6,0.3,25,2.4,nan,25,,,,2.4,0.3,25
2014p570896,2014-07-31T05:33:21Z,-36.72,8.3,177.05,6.4,271.0,9.0,M,,,,2.9,0.3,7,2.7,nan,15,,,,2.7,0.2,15
2014p571244,2014-07-31T08:38:46Z,-36.74,9.4,177.22,15.6,214.0,10.0,M,,,,,,,2.7,nan,13,,,,2.7,0.3,13
2014p571798,2014-07-31T13:34:15Z,-42.58,3.9,173.63,3.8,5.0,20.0,M,,,,2.7,0.2,9,2.7,nan,9,,,,2.7,0.2,9
2014p571939,2014-07-31T14:49:18Z,-38.09,8.4,179.68,5.4,33.0,0.0,M,,,,3.4,0.3,18,3.1,nan,18,,,,3.1,0.2,18
2014p572488,2014-07-31T19:42:01Z,-40.65,0.8,175.84,1.2,29.0,1.0,M,,,,2.1,0.3,11,1.9,nan,11,,,,1.9,0.2,11
2014p572732,2014-07-31T21:51:39Z,-38.93,0.7,175.82,0.8,10.0,1.0,M,,,,2.2,0.3,12,2.0,nan,12,,,,2.0,0.3,12
2014p572742,2014-07-31T21:57:14Z,-38.93,2.5,175.85,2.5,11.0,1.0,M,,,,1.6,0.2,7,1.4,nan,7,,,,1.4,0.2,7
2014p572939,2014-07-31T23:42:10Z,-37.64,3.2,176.35,3.3,208.0,6.0,M,,,,,,,2.8,nan,25,,,,2.8,0.3,25
2014p573720,2014-08-01T06:38:12Z,-38.93,0.5,175.82,0.7,10.0,1.0,M,,,,2.4,0.2,14,2.1,nan,14,,,,2.1,0.2,14
2014p573755,2014-08-01T06:56:57Z,-41.13,2.3,172.89,3.3,140.0,3.0,M,,,,,,,3.1,nan,47,,,,3.1,0.5,47
2014p574599,2014-08-01T14:27:00Z,-38.03,3.3,176.45,4.8,162.0,6.0,M,,,,,,,2.1,nan,8,,,,2.1,0.4,8
2014p574743,2014-08-01T15:43:04Z,-42.02,1.1,173.86,1.9,40.0,2.0,M,,,,3.0,0.2,15,2.8,nan,15,,,,2.8,0.2,15
2014p574748,2014-08-01T15:45:49Z,-43.55,4.4,171.27,2.8,5.0,0.0,M,,,,2.8,0.2,10,2.8,nan,10,,,,2.8,0.2,10
2014p574851,2014-08-01T16:40:43Z,-41.73,1.5,174.05,1.1,12.0,2.0,M,,,,2.1,0.3,7,2.0,nan,7,,,,2.0,0.5,7
2014p574939,2014-08-01T17:27:35Z,-43.59,1.1,172.62,1.1,5.0,2.0,M,,,,2.6,0.2,6,2.4,nan,6,,,,2.4,0.2,6
2014p575065,2014-08-01T18:34:43Z,-43.6,0.7,172.57,0.4,5.0,0.0,M,,,,2.7,0.1,8,2.5,nan,8,,,,2.5,0.1,8
2014p575378,2014-08-01T21:21:29Z,-36.42,9.9,178.76,12.2,105.0,17.0,M,,,,,,,3.1,nan,13,,,,3.1,0.1,13
2014p575859,2014-08-02T01:37:56Z,-38.15,8.8,179.12,5.6,33.0,0.0,M,,,,3.5,0.2,15,3.2,nan,15,,,,3.2,0.2,15
2014p576866,2014-08-02T10:34:24Z,-37.62,3.1,176.46,2.1,181.0,6.0,M,,,,,,,3.0,nan,58,,,,3.0,0.6,58
2014p577002,2014-08-02T11:47:06Z,-36.73,9.0,177.29,3.2,33.0,0.0,M,,,,2.8,0.1,6,2.8,nan,6,,,,2.8,0.1,6
2014p577098,2014-08-02T12:38:36Z,-40.59,1.0,175.91,0.9,32.0,1.0,M,,,,1.8,0.3,7,1.7,nan,7,,,,1.7,0.4,7
2014p577240,2014-08-02T13:53:35Z,-45.09,3.1,167.62,4.1,134.0,5.0,M,,,,,,,2.6,nan,3,,,,2.6,0.5,3
2014p577388,2014-08-02T15:12:37Z,-40.46,1.5,173.97,2.3,78.0,4.0,M,,,,2.9,0.3,18,2.6,nan,22,,,,2.6,0.4,22
2014p577460,2014-08-02T15:50:57Z,-43.5,2.7,172.05,2.9,11.0,4.0,M,,,,2.4,0.4,6,2.5,nan,6,,,,2.5,0.4,6
2014p577478,2014-08-02T16:00:36Z,-41.11,1.6,173.97,1.5,54.0,2.0,M,,,,3.7,0.1,13,3.3,nan,13,,,,3.3,0.1,13
2014p577647,2014-08-02T17:30:29Z,-39.11,4.5,174.87,6.2,239.0,8.0,M,,,,,,,2.9,nan,31,,,,2.9,0.5,31
2014p577827,2014-08-02T19:06:05Z,-37.09,7.1,178.6,3.9,113.0,6.0,M,,,,3.3,0.1,13,3.1,nan,19,,,,3.1,0.1,19
2014p577996,2014-08-02T20:36:38Z,-36.86,47.2,177.25,23.5,232.0,63.0,M,,,,,,,3.1,nan,12,,,,3.1,0.3,12
2014p578429,2014-08-03T00:27:29Z,-41.48,1.5,174.44,0.9,21.0,3.0,M,,,,3.1,0.2,9,2.8,nan,9,,,,2.8,0.2,9
2014p578805,2014-08-03T03:47:31Z,-36.88,5.2,177.0,2.9,12.0,0.0,M,,,,3.0,0.2,18,2.8,nan,18,,,,2.8,0.1,18
2014p578917,2014-08-03T04:47:23Z,-37.08,4.1,177.29,2.7,150.0,7.0,M,,,,,,,3.5,nan,22,,,,3.5,0.3,22
2014p579522,2014-08-03T10:09:37Z,-44.38,1.3,169.63,2.2,40.0,5.0,M,,,,4.1,0.2,10,4.0,nan,32,,,,4.0,0.3,32
2014p579651,2014-08-03T11:18:14Z,-43.58,0.6,172.66,0.5,5.0,0.0,M,,,,3.3,0.2,6,3.2,nan,19,,,,3.2,0.3,19
2014p580100,2014-08-03T15:17:37Z,-39.08,3.9,174.81,4.4,203.0,7.0,M,,,,,,,2.4,nan,23,,,,2.4,0.6,23
2014p580119,2014-08-03T15:28:31Z,-40.19,1.5,176.34,1.6,50.0,2.0,M,,,,1.7,0.4,6,1.5,nan,6,,,,1.5,0.3,6
2014p580157,2014-08-03T15:47:55Z,-43.58,0.8,172.63,1.1,8.0,1.0,M,,,,2.9,0.1,6,2.7,nan,6,,,,2.7,0.1,6
2014p580347,2014-08-03T17:29:08Z,-35.93,9.2,178.23,6.9,169.0,13.0,M,,,,,,,3.1,nan,14,,,,3.1,0.2,14
2014p580382,2014-08-03T17:47:57Z,-38.98,5.3,175.14,9.3,242.0,11.0,M,,,,,,,1.9,nan,17,,,,1.9,0.7,17
2014p581519,2014-08-04T03:53:18Z,-37.86,4.2,176.29,3.3,189.0,7.0,M,,,,,,,3.6,nan,107,,,,3.6,0.8,107
2014p581816,2014-08-04T06:31:57Z,-37.87,2.4,177.16,3.5,86.0,4.0,M,,,,2.4,0.3,10,2.3,nan,10,,,,2.3,0.2,10
2014p581882,2014-08-04T07:07:29Z,-39.59,0.9,176.79,1.0,33.0,2.0,M,,,,2.3,0.3,13,2.0,nan,13,,,,2.0,0.3,13
2014p582121,2014-08-04T09:14:02Z,-38.15,8.8,179.12,5.7,33.0,0.0,M,,,,2.8,0.2,7,2.7,nan,7,,,,2.7,0.3,7
2014p582901,2014-08-04T16:10:06Z,-43.15,3.7,170.95,3.4,5.0,0.0,M,,,,2.6,0.3,7,2.6,nan,7,,,,2.6,0.3,7
2014p583178,2014-08-04T18:37:22Z,-37.75,1.5,177.51,2.1,39.0,2.0,M,,,,2.6,0.2,10,2.5,nan,12,,,,2.5,0.2,12
2014p583754,2014-08-04T23:44:18Z,-41.5,0.9,172.42,1.7,10.0,3.0,M,,,,3.5,0.1,13,3.3,nan,13,,,,3.3,0.1,13
2014p583762,2014-08-04T23:48:30Z,-41.51,1.1,172.42,1.7,5.0,2.0,M,,,,2.9,0.2,17,2.8,nan,17,,,,2.8,0.3,17
2014p583775,2014-08-04T23:55:25Z,-39.82,0.8,176.67,1.1,46.0,2.0,M,,,,3.1,0.2,16,2.8,nan,16,,,,2.8,0.2,16
2014p584554,2014-08-05T06:50:26Z,-39.5,3.1,177.22,3.6,20.0,5.0,M,,,,3.2,0.2,18,2.9,nan,18,,,,2.9,0.1,18
2014p584664,2014-08-05T07:49:39Z,-38.54,3.1,176.16,10.5,127.0,10.0,M,,,,2.2,0.2,7,2.0,nan,9,,,,2.0,0.3,9
2014p584672,2014-08-05T07:53:08Z,-36.74,9.3,179.13,17.1,33.0,0.0,M,,,,3.0,0.2,6,2.9,nan,6,,,,2.9,0.3,6
2014p584778,2014-08-05T08:50:05Z,-36.84,4.6,177.19,2.9,33.0,0.0,M,,,,3.0,0.2,14,2.9,nan,15,,,,2.9,0.2,15
2014p585128,2014-08-05T11:56:11Z,-37.66,2.9,176.55,2.1,147.0,7.0,M,,,,,,,2.5,nan,19,,,,2.5,0.2,19
2014p585265,2014-08-05T13:09:22Z,-40.66,6.1,174.34,4.3,58.0,9.0,M,,,,3.3,0.2,15,3.0,nan,15,,,,3.0,0.2,15
2014p585997,2014-08-05T19:39:23Z,-44.92,1.9,167.67,2.8,55.0,4.0,M,,,,3.3,0.2,12,3.3,nan,12,,,,3.3,0.3,12
2014p586117,2014-08-05T20:43:53Z,-36.87,11.4,177.16,7.2,33.0,0.0,M,,,,2.8,0.2,7,2.7,nan,7,,,,2.7,0.2,7
2014p586143,2014-08-05T20:57:20Z,-39.24,1.3,174.78,1.0,34.0,3.0,M,,,,2.7,0.2,18,2.5,nan,18,,,,2.5,0.3,18
2014p587198,2014-08-06T06:19:32Z,-45.26,4.8,167.14,5.1,63.0,9.0,M,,,,3.3,0.2,6,3.2,nan,6,,,,3.2,0.3,6
2014p587199,2014-08-06T06:19:56Z,-38.88,4.6,179.63,4.5,33.0,0.0,M,,,,3.0,0.2,13,2.8,nan,13,,,,2.8,0.2,13
2014p587458,2014-08-06T08:37:26Z,-41.09,3.8,173.09,3.8,128.0,4.0,M,,,,,,,2.8,nan,7,,,,2.8,0.2,7
2014p587814,2014-08-06T11:47:31Z,-40.9,1.2,174.27,1.3,48.0,2.0,M,,,,2.7,0.1,13,2.5,nan,13,,,,2.5,0.2,13
2014p587878,2014-08-06T12:21:34Z,-43.19,2.4,172.02,2.5,5.0,0.0,M,,,,2.6,0.1,9,2.6,nan,9,,,,2.6,0.2,9
2014p588657,2014-08-06T19:16:31Z,-46.46,6.4,166.43,8.3,5.0,0.0,M,,,,3.6,0.2,8,3.2,nan,3,,,,3.2,0.0,3
2014p588693,2014-08-06T19:35:54Z,-39.51,3.9,174.39,6.6,209.0,6.0,M,,,,,,,2.4,nan,13,,,,2.4,0.3,13
2014p588863,2014-08-06T21:06:43Z,-40.55,2.0,173.59,2.7,134.0,3.0,M,,,,,,,3.0,nan,20,,,,3.0,0.2,20
2014p589073,2014-08-06T22:58:25Z,-41.68,1.3,174.0,1.2,17.0,3.0,M,,,,2.5,0.1,11,2.4,nan,11,,,,2.4,0.2,11
2014p589083,2014-08-06T23:03:51Z,-46.41,6.4,166.25,8.1,12.0,0.0,M,,,,3.8,0.1,8,3.7,nan,8,,,,3.7,0.2,8
2014p589110,2014-08-06T23:18:06Z,-39.38,2.7,174.45,2.9,158.0,4.0,M,,,,,,,2.6,nan,23,,,,2.6,0.2,23
2014p589671,2014-08-07T04:16:59Z,-42.25,4.4,172.62,3.0,12.0,0.0,M,,,,2.8,0.2,13,2.9,nan,13,,,,2.9,0.2,13
2014p589841,2014-08-07T05:47:40Z,-40.88,0.6,175.61,0.7,22.0,1.0,M,,,,2.2,0.1,12,2.0,nan,12,,,,2.0,0.2,12
2014p589844,2014-08-07T05:49:20Z,-45.6,3.0,167.13,3.4,70.0,5.0,M,,,,3.8,0.2,11,3.6,nan,11,,,,3.6,0.2,11
2014p590041,2014-08-07T07:34:03Z,-43.52,4.4,172.09,2.8,5.0,0.0,M,,,,2.7,0.1,6,2.6,nan,6,,,,2.6,0.1,6
2014p590317,2014-08-07T10:01:06Z,-39.45,3.1,174.25,7.4,199.0,7.0,M,,,,,,,2.6,nan,10,,,,2.6,0.5,10
2014p590714,2014-08-07T13:32:49Z,-43.63,8.7,169.52,5.6,5.0,0.0,M,,,,3.2,0.2,9,3.1,nan,9,,,,3.1,0.2,9
2014p590822,2014-08-07T14:30:04Z,-40.31,0.8,176.38,1.1,28.0,2.0,M,,,,4.4,0.2,19,4.1,nan,19,,,,4.1,0.2,19
2014p590863,2014-08-07T14:51:54Z,-40.32,0.8,176.37,1.1,23.0,2.0,M,,,,2.9,0.2,12,2.7,nan,12,,,,2.7,0.2,12
2014p590953,2014-08-07T15:39:53Z,-41.13,3.1,172.72,4.6,181.0,5.0,M,,,,,,,2.6,nan,7,,,,2.6,0.6,7
2014p591028,2014-08-07T16:19:43Z,-37.24,5.9,176.66,4.1,224.0,7.0,M,,,,,,,2.6,nan,16,,,,2.6,0.3,16
2014p591054,2014-08-07T16:33:58Z,-45.55,2.8,167.04,3.0,59.0,3.0,M,,,,3.0,0.3,7,3.1,nan,7,,,,3.1,0.4,7
2014p591241,2014-08-07T18:13:37Z,-43.56,3.1,172.37,2.8,5.0,0.0,M,,,,3.0,0.2,9,2.9,nan,9,,,,2.9,0.2,9
2014p591242,2014-08-07T18:14:10Z,-40.47,7.9,177.29,5.1,33.0,0.0,M,,,,3.5,0.2,14,3.2,nan,14,,,,3.2,0.2,14
2014p591406,2014-08-07T19:41:33Z,-43.21,3.0,172.12,3.5,5.0,0.0,M,,,,2.5,0.2,6,2.6,nan,6,,,,2.6,0.2,6
2014p591567,2014-08-07T21:07:13Z,-42.36,4.4,174.5,3.1,33.0,0.0,M,,,,2.9,0.2,13,2.7,nan,13,,,,2.7,0.3,13
2014p591929,2014-08-08T00:19:54Z,-37.91,4.7,176.07,5.8,180.0,8.0,M,,,,,,,2.4,nan,13,,,,2.4,0.2,13
2014p592404,2014-08-08T04:33:07Z,-42.34,3.9,171.36,3.4,5.0,6.0,M,,,,3.0,0.2,8,2.9,nan,8,,,,2.9,0.2,8
2014p592534,2014-08-08T05:42:34Z,-44.98,2.0,167.59,3.2,98.0,4.0,M,,,,,,,3.1,nan,10,,,,3.1,0.3,10
2014p592757,2014-08-08T07:41:28Z,-37.69,7.0,176.22,5.5,289.0,11.0,M,,,,,,,4.2,nan,142,,,,4.2,0.8,142
2014p592837,2014-08-08T08:24:00Z,-46.36,4.6,166.03,4.5,18.0,5.0,M,,,,3.6,0.3,7,3.5,nan,7,,,,3.5,0.3,7
2014p593094,2014-08-08T10:40:48Z,-37.8,3.7,176.58,2.3,153.0,5.0,M,,,,,,,3.0,nan,80,,,,3.0,0.7,80
2014p593841,2014-08-08T17:18:27Z,-39.49,2.5,175.73,2.5,14.0,2.0,M,,,,1.6,0.6,6,1.3,nan,6,,,,1.3,0.6,6
2014p593847,2014-08-08T17:22:15Z,-36.84,6.8,177.66,4.6,126.0,7.0,M,,,,,,,2.8,nan,6,,,,2.8,0.2,6
2014p593849,2014-08-08T17:22:48Z,-40.0,0.7,176.6,1.1,47.0,1.0,M,,,,3.9,0.2,17,3.6,nan,17,,,,3.6,0.2,17
2014p594120,2014-08-08T19:47:20Z,-43.24,4.4,171.94,2.8,12.0,0.0,M,,,,3.5,0.3,9,3.3,nan,27,,,,3.3,0.7,27
2014p594156,2014-08-08T20:06:45Z,-43.24,4.4,171.94,2.8,12.0,0.0,M,,,,4.2,0.3,9,3.8,nan,40,,,,3.8,0.5,40
2014p594473,2014-08-08T22:55:07Z,-37.95,3.4,176.42,8.7,140.0,5.0,M,,,,,,,2.7,nan,20,,,,2.7,0.5,20
2014p595753,2014-08-09T10:17:37Z,-40.31,1.7,174.05,3.4,105.0,4.0,M,,,,,,,2.7,nan,12,,,,2.7,0.4,12
2014p595811,2014-08-09T10:48:11Z,-37.03,1.7,175.33,2.3,10.0,3.0,M,,,,1.7,0.3,6,1.8,nan,8,,,,1.8,0.3,8
2014p595813,2014-08-09T10:49:27Z,-43.52,1.0,172.67,0.8,9.0,1.0,M,,,,3.7,0.3,7,3.5,nan,7,,,,3.5,0.2,7
2014p596005,2014-08-09T12:32:03Z,-35.74,68.5,178.71,2115.8,150.0,35.0,M,,,,3.3,0.2,7,3.2,nan,9,,,,3.2,0.2,9
2014p596009,2014-08-09T12:34:01Z,-40.84,1.9,173.68,3.6,85.0,3.0,M,,,,2.9,0.3,7,2.8,nan,12,,,,2.8,0.2,12
2014p596179,2014-08-09T14:04:17Z,-38.21,1.9,175.83,2.0,193.0,5.0,M,,,,,,,3.2,nan,63,,,,3.2,0.5,63
2014p596244,2014-08-09T14:38:59Z,-40.47,6.4,177.29,5.2,33.0,0.0,M,,,,2.7,0.2,17,2.6,nan,17,,,,2.6,0.2,17
2014p596521,2014-08-09T17:06:36Z,-40.62,1.9,175.85,1.5,31.0,3.0,M,,,,1.6,0.2,4,1.3,nan,4,,,,1.3,0.1,4
2014p597476,2014-08-10T01:35:12Z,-36.52,8.2,177.63,4.1,211.0,8.0,M,,,,,,,3.3,nan,39,,,,3.3,0.5,39
2014p598198,2014-08-10T08:00:04Z,-37.55,3.0,177.11,1.7,10.0,2.0,M,,,,3.1,0.3,12,2.8,nan,12,,,,2.8,0.2,12
2014p598437,2014-08-10T10:07:38Z,-38.65,0.8,176.08,0.7,5.0,1.0,M,,,,2.1,0.3,6,1.8,nan,6,,,,1.8,0.3,6
2014p598490,2014-08-10T10:35:43Z,-38.67,0.6,176.08,0.8,7.0,1.0,M,,,,2.1,0.2,15,1.8,nan,15,,,,1.8,0.2,15
2014p598493,2014-08-10T10:37:16Z,-38.65,0.8,176.09,0.7,5.0,1.0,M,,,,2.3,0.3,7,1.9,nan,7,,,,1.9,0.4,7
2014p598912,2014-08-10T14:20:35Z,-41.71,1.8,172.19,2.7,102.0,4.0,M,,,,2.6,0.2,7,2.7,nan,12,,,,2.7,0.3,12
2014p599134,2014-08-10T16:18:52Z,-40.63,0.7,175.87,0.8,25.0,1.0,M,,,,3.1,0.2,12,2.7,nan,12,,,,2.7,0.2,12
2014p599686,2014-08-10T21:12:59Z,-36.7,11.1,178.03,5.3,33.0,0.0,M,,,,3.1,0.3,15,2.8,nan,15,,,,2.8,0.2,15
2014p600181,2014-08-11T01:36:58Z,-36.84,5.2,177.19,2.9,12.0,0.0,M,,,,3.0,0.3,9,2.9,nan,9,,,,2.9,0.3,9
2014p600375,2014-08-11T03:20:09Z,-40.72,0.8,175.27,1.3,29.0,1.0,M,,,,3.1,0.2,13,2.8,nan,13,,,,2.8,0.2,13
2014p600585,2014-08-11T05:11:59Z,-45.0,2.5,167.6,4.1,99.0,4.0,M,,,,,,,4.5,nan,32,,,,4.5,0.4,32
2014p600621,2014-08-11T05:30:57Z,-43.45,0.8,172.79,0.7,17.0,1.0,M,,,,3.7,0.2,6,3.2,nan,22,,,,3.2,0.5,22
2014p600646,2014-08-11T05:44:22Z,-41.32,0.9,175.06,0.7,10.0,2.0,M,,,,3.0,0.2,10,2.6,nan,10,,,,2.6,0.1,10
2014p601331,2014-08-11T11:49:41Z,-36.84,4.4,177.19,2.8,12.0,0.0,M,,,,3.0,0.3,12,3.0,nan,12,,,,3.0,0.2,12
2014p602526,2014-08-11T22:26:16Z,-37.4,2.8,177.82,4.1,92.0,5.0,M,,,,3.3,0.3,8,3.0,nan,12,,,,3.0,0.2,12
2014p602611,2014-08-11T23:11:27Z,-39.68,1.8,174.62,1.8,117.0,3.0,M,,,,,,,3.1,nan,31,,,,3.1,0.2,31
2014p602763,2014-08-12T00:32:11Z,-41.72,1.2,174.05,0.8,10.0,2.0,M,,,,2.8,0.2,7,2.6,nan,7,,,,2.6,0.2,7
2014p602865,2014-08-12T01:27:08Z,-41.01,1.3,175.43,0.6,23.0,2.0,M,,,,1.6,0.2,7,1.4,nan,7,,,,1.4,0.2,7
2014p602965,2014-08-12T02:20:03Z,-43.45,5.2,172.8,4.6,7.0,14.0,M,,,,2.4,0.2,7,2.3,nan,7,,,,2.3,0.2,7
2014p603078,2014-08-12T03:20:18Z,-38.86,0.9,174.71,1.1,18.0,2.0,M,,,,2.9,0.3,13,2.6,nan,13,,,,2.6,0.3,13
2014p603687,2014-08-12T08:45:03Z,-38.6,0.4,176.23,0.6,5.0,1.0,M,,,,1.7,0.3,7,1.4,nan,7,,,,1.4,0.3,7
2014p603798,2014-08-12T09:44:01Z,-39.35,1.5,177.7,2.1,19.0,3.0,M,,,,2.6,0.1,8,2.3,nan,8,,,,2.3,0.1,8
2014p603925,2014-08-12T10:51:37Z,-42.74,1.1,173.04,1.8,31.0,3.0,M,,,,2.6,0.2,7,2.6,nan,7,,,,2.6,0.3,7
2014p604048,2014-08-12T11:57:13Z,-39.15,1.2,177.47,1.2,26.0,2.0,M,,,,3.2,0.2,10,2.8,nan,10,,,,2.8,0.2,10
2014p604753,2014-08-12T18:12:41Z,-40.72,1.0,175.26,1.4,29.0,2.0,M,,,,1.9,0.2,7,1.8,nan,7,,,,1.8,0.3,7
2014p605240,2014-08-12T22:31:45Z,-35.81,17.5,178.47,17.3,33.0,0.0,M,,,,3.7,0.2,12,3.6,nan,12,,,,3.6,0.1,12
2014p605460,2014-08-13T00:29:07Z,-37.5,3.3,177.12,4.0,142.0,5.0,M,,,,2.9,0.3,8,2.7,nan,20,,,,2.7,0.3,20
2014p605604,2014-08-13T01:45:58Z,-45.06,3.2,167.68,4.0,127.0,4.0,M,,,,2.8,0.4,7,2.7,nan,4,,,,2.7,0.4,4
2014p605667,2014-08-13T02:19:25Z,-43.62,4.6,172.36,3.7,5.0,0.0,M,,,,2.8,0.1,8,2.7,nan,8,,,,2.7,0.1,8
2014p606274,2014-08-13T07:42:54Z,-41.24,3.8,172.54,5.4,203.0,5.0,M,,,,,,,2.9,nan,14,,,,2.9,0.2,14
2014p606837,2014-08-13T12:43:07Z,-37.2,8.4,176.85,7.8,155.0,10.0,M,,,,,,,2.8,nan,16,,,,2.8,0.4,16
2014p607090,2014-08-13T14:57:52Z,-44.05,3.4,169.5,2.9,5.0,0.0,M,,,,2.7,0.2,7,2.7,nan,7,,,,2.7,0.2,7
2014p607216,2014-08-13T16:04:49Z,-38.61,1.3,176.15,1.7,103.0,4.0,M,,,,,,,2.7,nan,36,,,,2.7,0.3,36
2014p607834,2014-08-13T21:34:19Z,-40.87,2.4,176.88,3.9,26.0,8.0,M,,,,3.2,0.4,7,2.3,nan,1,,,,2.3,nan,1
2014p607835,2014-08-13T21:34:49Z,-39.14,0.6,176.68,0.8,47.0,2.0,M,,,,3.6,0.2,51,3.4,nan,51,,,,3.4,0.2,51
2014p608110,2014-08-14T00:01:33Z,-38.31,0.4,176.37,0.5,7.0,1.0,M,,,,2.3,0.2,8,1.9,nan,8,,,,1.9,0.2,8
2014p608985,2014-08-14T07:47:30Z,-37.23,3.4,177.0,2.3,161.0,5.0,M,,,,,,,3.0,nan,24,,,,3.0,0.3,24
2014p609136,2014-08-14T09:08:03Z,-40.33,0.6,176.6,1.0,13.0,1.0,M,,,,2.2,0.3,10,2.0,nan,10,,,,2.0,0.4,10
2014p609356,2014-08-14T11:05:17Z,-44.18,3.9,168.47,4.4,5.0,0.0,M,,,,2.9,0.3,8,2.9,nan,8,,,,2.9,0.3,8
2014p609603,2014-08-14T13:16:37Z,-41.42,1.5,174.82,1.3,14.0,2.0,M,,,,2.9,0.2,19,2.8,nan,19,,,,2.8,0.3,19
2014p609821,2014-08-14T15:13:12Z,-37.87,3.9,176.42,2.7,164.0,5.0,M,,,,,,,2.7,nan,24,,,,2.7,0.3,24
2014p609872,2014-08-14T15:40:01Z,-44.18,4.2,168.5,5.0,5.0,0.0,M,,,,2.8,0.2,7,2.4,nan,4,,,,2.4,0.5,4
2014p610095,2014-08-14T17:38:55Z,-41.61,3.3,174.4,3.1,5.0,0.0,M,,,,3.5,0.1,8,3.3,nan,8,,,,3.3,0.2,8
2014p610096,2014-08-14T17:39:04Z,-40.61,0.8,175.86,1.0,33.0,1.0,M,,,,2.3,0.3,7,2.1,nan,7,,,,2.1,0.3,7
2014p610165,2014-08-14T18:16:28Z,-40.47,2.0,174.08,3.3,83.0,5.0,M,,,,2.9,0.5,8,1.9,nan,3,,,,1.9,0.3,3
2014p610321,2014-08-14T19:39:32Z,-44.25,4.6,167.97,6.1,5.0,0.0,M,,,,3.6,0.3,6,3.5,nan,14,,,,3.5,0.3,14
2014p610430,2014-08-14T20:37:19Z,-40.32,0.6,176.61,1.1,15.0,1.0,M,,,,4.2,0.2,14,3.8,nan,14,,,,3.8,0.2,14
2014p610466,2014-08-14T20:56:35Z,-41.91,8.8,176.45,5.7,33.0,0.0,M,,,,2.9,0.3,11,2.5,nan,4,,,,2.5,0.3,4
2014p610560,2014-08-14T21:46:32Z,-43.97,3.4,169.55,2.6,0.0,0.0,M,,,,3.3,0.2,11,3.1,nan,11,,,,3.1,0.2,11
2014p610642,2014-08-14T22:30:13Z,-41.82,1.3,173.34,2.1,76.0,3.0,M,,,,2.9,0.2,14,2.8,nan,14,,,,2.8,0.2,14
2014p611252,2014-08-15T03:55:21Z,-43.3,4.4,170.3,3.9,5.0,0.0,M,,,,3.0,0.2,11,2.9,nan,11,,,,2.9,0.2,11
2014p611445,2014-08-15T05:38:28Z,-38.83,5.8,175.14,8.2,215.0,26.0,M,,,,,,,2.5,nan,16,,,,2.5,0.3,16
2014p611552,2014-08-15T06:35:08Z,-38.44,7.5,175.95,31.6,178.0,22.0,M,,,,,,,2.6,nan,10,,,,2.6,0.3,10
2014p611570,2014-08-15T06:44:36Z,-40.29,3.3,176.63,4.4,18.0,6.0,M,,,,2.4,0.2,8,2.1,nan,8,,,,2.1,0.3,8
2014p611660,2014-08-15T07:32:52Z,-38.2,4.3,176.17,5.0,185.0,7.0,M,,,,,,,2.5,nan,14,,,,2.5,0.2,14
2014p611729,2014-08-15T08:09:18Z,-41.69,1.1,174.09,1.1,12.0,2.0,M,,,,2.9,0.2,12,2.7,nan,12,,,,2.7,0.1,12
2014p611795,2014-08-15T08:44:48Z,-40.64,0.8,175.84,0.9,26.0,1.0,M,,,,2.7,0.3,13,2.4,nan,13,,,,2.4,0.2,13
2014p611841,2014-08-15T09:09:00Z,-37.03,5.2,177.26,3.2,162.0,7.0,M,,,,2.9,0.2,7,2.7,nan,15,,,,2.7,0.2,15
2014p612099,2014-08-15T11:26:46Z,-39.15,0.9,175.36,1.3,18.0,2.0,M,,,,2.1,0.4,10,1.8,nan,10,,,,1.8,0.4,10
2014p612716,2014-08-15T16:55:24Z,-40.4,2.6,173.27,3.5,176.0,5.0,M,,,,,,,3.0,nan,17,,,,3.0,0.2,17
2014p612769,2014-08-15T17:23:24Z,-43.44,1.1,172.74,1.2,11.0,1.0,M,,,,3.1,0.3,7,2.9,nan,7,,,,2.9,0.2,7
2014p613152,2014-08-15T20:47:18Z,-37.6,10.5,179.44,10.1,33.0,0.0,M,,,,3.1,0.2,8,3.0,nan,8,,,,3.0,0.1,8
2014p613491,2014-08-15T23:48:23Z,-36.71,5.5,177.35,4.2,33.0,0.0,M,,,,3.3,0.1,20,3.1,nan,20,,,,3.1,0.2,20
2014p613835,2014-08-16T02:51:38Z,-43.51,1.5,172.69,1.3,13.0,2.0,M,,,,3.8,0.3,9,3.7,nan,9,,,,3.7,0.3,9
2014p613970,2014-08-16T04:03:37Z,-38.36,0.4,176.22,0.4,7.0,1.0,M,,,,1.8,0.2,6,1.4,nan,6,,,,1.4,0.1,6
2014p614997,2014-08-16T13:10:25Z,-37.01,6.7,179.77,9.0,33.0,0.0,M,,,,3.5,0.2,21,3.3,nan,22,,,,3.3,0.2,22
2014p616067,2014-08-16T22:40:39Z,-45.06,5.4,167.09,6.7,5.0,0.0,M,,,,3.4,0.2,7,3.2,nan,7,,,,3.2,0.3,7
2014p616125,2014-08-16T23:11:25Z,-42.34,1.1,173.91,2.0,25.0,3.0,M,,,,3.4,0.2,20,3.2,nan,20,,,,3.2,0.2,20
2014p616607,2014-08-17T03:28:39Z,-39.13,1.5,175.19,1.7,146.0,2.0,M,,,,,,,3.0,nan,48,,,,3.0,0.3,48
2014p616688,2014-08-17T04:11:41Z,-43.5,3.1,172.7,3.9,5.0,0.0,M,,,,2.2,0.2,8,2.2,nan,8,,,,2.2,0.3,8
2014p616900,2014-08-17T06:04:32Z,-37.13,10.5,179.75,9.6,12.0,0.0,M,,,,4.0,0.2,12,3.7,nan,12,,,,3.7,0.1,12
2014p617124,2014-08-17T08:04:06Z,-38.6,0.7,176.22,0.7,5.0,1.0,M,,,,1.6,0.5,4,1.3,nan,4,,,,1.3,0.4,4
2014p617162,2014-08-17T08:23:59Z,-37.02,15.1,179.57,18.5,12.0,0.0,M,,,,3.1,0.2,12,3.1,nan,12,,,,3.1,0.1,12
2014p617165,2014-08-17T08:25:33Z,-37.07,12.6,179.66,11.7,12.0,0.0,M,,,,3.4,0.1,15,3.1,nan,15,,,,3.1,0.1,15
2014p617550,2014-08-17T11:51:08Z,-45.17,8.8,167.27,5.7,12.0,0.0,M,,,,3.6,0.2,11,3.5,nan,11,,,,3.5,0.1,11
2014p617755,2014-08-17T13:39:59Z,-40.68,0.8,176.02,1.3,27.0,1.0,M,,,,3.0,0.3,8,2.6,nan,8,,,,2.6,0.2,8
2014p617807,2014-08-17T14:07:31Z,-35.9,9.5,177.88,21.3,162.0,33.0,M,,,,3.1,0.2,9,2.9,nan,8,,,,2.9,0.3,8
2014p617843,2014-08-17T14:27:03Z,-36.22,7.9,177.88,8.7,227.0,10.0,M,,,,,,,2.9,nan,17,,,,2.9,0.2,17
2014p618005,2014-08-17T15:53:27Z,-37.6,4.0,177.99,2.4,79.0,4.0,M,,,,3.6,0.3,29,3.3,nan,29,,,,3.3,0.3,29
2014p618637,2014-08-17T21:30:10Z,-40.5,2.7,173.39,3.0,181.0,5.0,M,,,,,,,3.3,nan,23,,,,3.3,0.2,23
2014p618869,2014-08-17T23:33:25Z,-45.45,4.0,167.1,3.9,50.0,5.0,M,,,,3.0,0.3,7,2.7,nan,8,,,,2.7,0.5,8
2014p618957,2014-08-18T00:20:25Z,-41.52,1.2,174.01,0.9,17.0,1.0,M,,,,2.9,0.1,17,2.6,nan,17,,,,2.6,0.1,17
2014p619138,2014-08-18T01:57:06Z,-38.48,1.6,175.98,2.4,164.0,5.0,M,,,,,,,3.1,nan,51,,,,3.1,0.4,51
2014p619488,2014-08-18T05:03:38Z,-39.14,2.5,175.39,2.2,14.0,2.0,M,,,,0.8,0.3,6,0.6,nan,6,,,,0.6,0.4,6
2014p619586,2014-08-18T05:56:01Z,-41.03,1.2,174.4,1.6,38.0,5.0,M,,,,1.6,0.2,6,1.4,nan,6,,,,1.4,0.2,6
2014p619875,2014-08-18T08:29:51Z,-37.77,1.6,177.15,2.0,68.0,3.0,M,,,,2.6,0.2,19,2.3,nan,19,,,,2.3,0.2,19
2014p619965,2014-08-18T09:17:29Z,-37.11,8.7,176.94,16.7,234.0,10.0,M,,,,,,,2.5,nan,20,,,,2.5,0.2,20
2014p620129,2014-08-18T10:44:55Z,-39.5,2.1,175.69,1.7,21.0,3.0,M,,,,1.2,0.1,7,1.0,nan,7,,,,1.0,0.2,7
2014p620148,2014-08-18T10:55:02Z,-38.79,3.1,175.18,8.7,223.0,6.0,M,,,,2.5,0.2,7,2.6,nan,29,,,,2.6,0.3,29
2014p620209,2014-08-18T11:27:39Z,-39.55,2.9,175.64,1.5,22.0,3.0,M,,,,1.3,0.3,7,1.0,nan,7,,,,1.0,0.4,7
2014p620326,2014-08-18T12:29:48Z,-36.62,5.6,177.74,4.0,182.0,8.0,M,,,,,,,2.8,nan,20,,,,2.8,0.2,20
2014p620365,2014-08-18T12:50:55Z,-39.19,1.5,174.97,1.1,22.0,2.0,M,,,,2.1,0.2,13,1.8,nan,13,,,,1.8,0.2,13
2014p620597,2014-08-18T14:54:36Z,-39.16,2.9,175.62,2.8,7.0,3.0,M,,,,0.9,0.1,6,0.5,nan,6,,,,0.5,0.2,6
2014p620668,2014-08-18T15:32:18Z,-38.93,5.5,175.82,6.6,6.0,12.0,M,,,,1.3,0.2,6,1.1,nan,6,,,,1.1,0.1,6
2014p620744,2014-08-18T16:12:49Z,-38.94,0.6,175.83,0.7,9.0,1.0,M,,,,1.6,0.2,11,1.3,nan,11,,,,1.3,0.2,11
2014p620795,2014-08-18T16:40:42Z,-38.94,0.5,175.83,0.6,9.0,1.0,M,,,,2.3,0.2,14,2.0,nan,14,,,,2.0,0.1,14
2014p620802,2014-08-18T16:43:35Z,-38.94,0.8,175.81,0.6,9.0,1.0,M,,,,1.5,0.3,5,0.9,nan,4,,,,0.9,0.3,4
2014p620805,2014-08-18T16:45:23Z,-38.94,0.6,175.81,0.7,8.0,1.0,M,,,,1.7,0.2,14,1.5,nan,14,,,,1.5,0.2,14
2014p620982,2014-08-18T18:19:45Z,-45.03,2.7,167.45,4.4,115.0,4.0,M,,,,,,,2.5,nan,6,,,,2.5,0.3,6
2014p621006,2014-08-18T18:32:05Z,-37.16,2.4,177.15,1.5,19.0,6.0,M,,,,2.7,0.2,11,2.5,nan,11,,,,2.5,0.1,11
2014p621165,2014-08-18T19:57:16Z,-40.23,1.4,176.74,1.8,22.0,4.0,M,,,,1.8,0.2,7,1.5,nan,7,,,,1.5,0.3,7
2014p621257,2014-08-18T20:45:50Z,-39.91,4.4,173.11,5.6,33.0,0.0,M,,,,3.4,0.2,18,3.1,nan,18,,,,3.1,0.1,18
2014p621285,2014-08-18T21:00:59Z,-43.99,4.5,170.55,4.4,3.0,5.0,M,,,,2.4,0.2,6,2.3,nan,6,,,,2.3,0.3,6
2014p621405,2014-08-18T22:05:09Z,-39.01,2.9,175.82,3.6,11.0,4.0,M,,,,1.3,0.1,7,1.1,nan,7,,,,1.1,0.1,7
2014p621409,2014-08-18T22:06:55Z,-42.15,2.7,173.01,3.5,3.0,3.0,M,,,,2.8,0.1,12,2.6,nan,12,,,,2.6,0.1,12
2014p621546,2014-08-18T23:19:54Z,-39.11,1.1,175.29,2.0,16.0,2.0,M,,,,2.0,0.3,17,1.8,nan,16,,,,1.8,0.3,16
2014p621632,2014-08-19T00:05:34Z,-37.82,2.1,176.27,1.9,180.0,4.0,M,,,,,,,2.9,nan,45,,,,2.9,0.3,45
2014p621665,2014-08-19T00:23:23Z,-40.51,2.3,173.81,4.4,105.0,4.0,M,,,,,,,1.9,nan,4,,,,1.9,0.4,4
2014p621802,2014-08-19T01:36:05Z,-38.2,2.6,175.76,2.6,210.0,5.0,M,,,,,,,2.9,nan,48,,,,2.9,0.5,48
2014p621892,2014-08-19T02:24:31Z,-42.89,1.0,172.88,1.6,14.0,2.0,M,,,,3.5,0.2,6,3.2,nan,26,,,,3.2,0.3,26
2014p622095,2014-08-19T04:13:09Z,-40.61,0.6,175.88,1.0,34.0,1.0,M,,,,3.3,0.2,18,3.1,nan,18,,,,3.1,0.2,18
2014p622110,2014-08-19T04:20:20Z,-44.53,4.9,167.84,5.6,4.0,4.0,M,,,,3.4,0.3,14,3.2,nan,14,,,,3.2,0.3,14
2014p622335,2014-08-19T06:20:11Z,-41.25,1.9,172.73,3.3,161.0,4.0,M,,,,,,,3.3,nan,27,,,,3.3,0.2,27
2014p622337,2014-08-19T06:22:12Z,-39.3,1.0,174.83,0.9,26.0,2.0,M,,,,3.1,0.2,25,2.8,nan,25,,,,2.8,0.2,25
2014p622385,2014-08-19T06:46:59Z,-40.56,0.6,175.72,0.8,10.0,1.0,M,,,,3.4,0.1,18,3.1,nan,18,,,,3.1,0.1,18
2014p622391,2014-08-19T06:50:11Z,-39.57,2.7,178.31,3.7,28.0,11.0,M,,,,2.6,0.2,11,2.5,nan,11,,,,2.5,0.2,11
2014p622393,2014-08-19T06:50:54Z,-36.55,10.5,177.57,13.9,214.0,12.0,M,,,,3.4,0.3,3,2.9,nan,12,,,,2.9,0.3,12
2014p622417,2014-08-19T07:04:13Z,-39.28,0.9,175.58,1.0,5.0,1.0,M,,,,2.1,0.3,14,1.9,nan,14,,,,1.9,0.3,14
2014p622497,2014-08-19T07:46:31Z,-40.35,1.5,174.22,3.0,86.0,4.0,M,,,,2.8,0.3,19,2.4,nan,12,,,,2.4,0.4,12
2014p623067,2014-08-19T12:50:16Z,-38.57,0.4,176.22,0.8,8.0,1.0,M,,,,2.1,0.3,9,2.0,nan,10,,,,2.0,0.3,10
2014p623289,2014-08-19T14:48:52Z,-41.76,4.4,174.09,3.9,12.0,0.0,M,,,,2.9,0.2,15,2.7,nan,13,,,,2.7,0.3,13
2014p623385,2014-08-19T15:39:30Z,-36.18,12.3,178.34,12.3,150.0,14.0,M,,,,,,,3.1,nan,10,,,,3.1,0.2,10
2014p623459,2014-08-19T16:19:24Z,-37.75,5.3,176.09,7.6,283.0,8.0,M,,,,,,,3.1,nan,43,,,,3.1,0.4,43
2014p623554,2014-08-19T17:10:17Z,-40.99,4.2,173.23,2.9,108.0,4.0,M,,,,,,,1.7,nan,2,,,,1.7,0.1,2
2014p623641,2014-08-19T17:56:17Z,-41.74,1.6,174.03,1.4,14.0,2.0,M,,,,2.2,0.4,6,2.1,nan,6,,,,2.1,0.5,6
2014p624060,2014-08-19T21:39:30Z,-43.02,5.8,173.29,4.5,33.0,0.0,M,,,,2.9,0.2,6,2.6,nan,4,,,,2.6,0.2,4
2014p624771,2014-08-20T03:58:06Z,-38.48,4.8,178.71,5.8,33.0,0.0,M,,,,2.7,0.1,12,2.5,nan,12,,,,2.5,0.2,12
2014p624963,2014-08-20T05:40:40Z,-38.62,1.8,178.53,2.4,23.0,7.0,M,,,,3.1,0.2,13,2.9,nan,13,,,,2.9,0.1,13
2014p625082,2014-08-20T06:43:58Z,-40.44,1.1,174.48,1.8,81.0,4.0,M,,,,2.8,0.3,24,2.4,nan,20,,,,2.4,0.4,20
2014p625147,2014-08-20T07:18:46Z,-39.24,1.6,175.22,1.3,19.0,2.0,M,,,,1.9,0.2,19,1.7,nan,19,,,,1.7,0.3,19
2014p625692,2014-08-20T12:08:51Z,-42.34,1.7,172.9,3.1,12.0,2.0,M,,,,2.8,0.1,5,2.8,nan,5,,,,2.8,0.2,5
2014p625826,2014-08-20T13:20:32Z,-39.25,7.5,175.32,7.8,15.0,18.0,M,,,,1.3,0.3,6,1.0,nan,6,,,,1.0,0.4,6
2014p626116,2014-08-20T15:54:52Z,-39.35,2.9,175.35,1.6,16.0,2.0,M,,,,1.3,0.4,5,0.9,nan,5,,,,0.9,0.5,5
2014p626235,2014-08-20T16:58:28Z,-39.37,1.8,175.34,1.0,16.0,1.0,M,,,,1.4,0.3,5,1.0,nan,5,,,,1.0,0.4,5
2014p626406,2014-08-20T18:29:28Z,-36.6,14.8,177.21,5.7,12.0,0.0,M,,,,3.2,0.2,10,3.2,nan,10,,,,3.2,0.1,10
2014p626792,2014-08-20T21:54:47Z,-39.54,1.3,175.6,1.0,20.0,2.0,M,,,,2.7,0.2,21,2.4,nan,21,,,,2.4,0.2,21
2014p626893,2014-08-20T22:49:01Z,-40.4,0.6,176.53,1.1,16.0,1.0,M,,,,3.2,0.1,14,2.9,nan,14,,,,2.9,0.2,14
2014p626971,2014-08-20T23:30:34Z,-40.84,1.3,174.91,1.5,7.0,1.0,M,,,,2.5,0.3,12,2.5,nan,13,,,,2.5,0.4,13
2014p627248,2014-08-21T01:58:44Z,-36.36,10.5,177.52,8.8,226.0,12.0,M,,,,,,,3.3,nan,16,,,,3.3,0.2,16
2014p627255,2014-08-21T02:01:29Z,-42.31,3.8,171.41,5.3,5.0,0.0,M,,,,2.9,0.2,6,2.9,nan,6,,,,2.9,0.3,6
2014p627392,2014-08-21T03:14:31Z,-41.93,1.7,172.08,3.3,87.0,4.0,M,,,,3.0,0.2,7,2.9,nan,7,,,,2.9,0.2,7
2014p627832,2014-08-21T07:09:05Z,-38.67,0.5,176.09,0.8,7.0,1.0,M,,,,2.6,0.3,12,2.2,nan,12,,,,2.2,0.2,12
2014p627849,2014-08-21T07:17:49Z,-41.92,11.9,177.74,11.3,33.0,0.0,M,,,,3.5,0.3,11,3.4,nan,11,,,,3.4,0.3,11
2014p627904,2014-08-21T07:47:35Z,-38.66,15.8,176.11,6.8,6.0,6.0,M,,,,1.8,0.5,4,1.5,nan,4,,,,1.5,0.5,4
2014p628199,2014-08-21T10:24:45Z,-40.8,1.5,173.86,2.3,119.0,3.0,M,,,,,,,2.9,nan,21,,,,2.9,0.2,21
2014p628518,2014-08-21T13:14:53Z,-40.62,1.7,173.81,3.0,117.0,4.0,M,,,,,,,2.9,nan,21,,,,2.9,0.3,21
2014p629115,2014-08-21T18:32:44Z,-38.5,5.7,175.45,6.3,256.0,8.0,M,,,,,,,2.7,nan,21,,,,2.7,0.4,21
2014p629161,2014-08-21T18:57:32Z,-40.8,4.7,172.87,6.3,235.0,7.0,M,,,,,,,2.9,nan,11,,,,2.9,0.2,11
2014p629212,2014-08-21T19:24:19Z,-39.81,1.5,176.84,2.6,45.0,4.0,M,,,,2.0,0.4,8,1.9,nan,8,,,,1.9,0.4,8
2014p629433,2014-08-21T21:22:25Z,-39.06,7.8,178.57,5.6,33.0,0.0,M,,,,3.0,0.3,10,2.8,nan,10,,,,2.8,0.3,10
2014p630302,2014-08-22T05:05:03Z,-38.44,2.0,175.9,2.0,164.0,4.0,M,,,,,,,2.6,nan,38,,,,2.6,0.3,38
2014p630446,2014-08-22T06:21:48Z,-44.33,2.9,169.47,2.6,12.0,0.0,M,,,,2.9,0.2,10,2.9,nan,10,,,,2.9,0.2,10
2014p630557,2014-08-22T07:21:13Z,-38.13,3.6,175.75,3.8,208.0,7.0,M,,,,,,,2.5,nan,23,,,,2.5,0.3,23
2014p631045,2014-08-22T11:40:14Z,-35.45,13.4,178.6,18.6,259.0,14.0,M,,,,3.7,0.3,7,3.6,nan,16,,,,3.6,0.3,16
2014p631098,2014-08-22T12:09:24Z,-39.31,1.2,173.7,1.5,7.0,1.0,M,,,,3.0,0.2,19,2.7,nan,19,,,,2.7,0.1,19
2014p631261,2014-08-22T13:36:17Z,-45.2,4.0,167.09,6.6,12.0,0.0,M,,,,3.2,0.2,10,3.2,nan,10,,,,3.2,0.2,10
2014p632110,2014-08-22T21:08:45Z,-39.71,1.9,174.43,3.5,115.0,5.0,M,,,,,,,2.7,nan,16,,,,2.7,0.2,16
2014p632632,2014-08-23T01:46:47Z,-35.56,5.6,179.27,10.8,33.0,0.0,M,,,,3.8,0.2,18,3.7,nan,18,,,,3.7,0.1,18
2014p632676,2014-08-23T02:09:53Z,-37.64,2.8,176.51,2.5,189.0,6.0,M,,,,,,,2.5,nan,23,,,,2.5,0.3,23
2014p633588,2014-08-23T10:15:42Z,-38.5,6.2,179.28,6.1,33.0,0.0,M,,,,2.8,0.2,10,2.7,nan,10,,,,2.7,0.2,10
2014p633742,2014-08-23T11:38:16Z,-41.29,2.8,172.55,5.3,200.0,4.0,M,,,,,,,2.6,nan,15,,,,2.6,0.3,15
2014p634189,2014-08-23T15:36:25Z,-44.84,4.6,169.19,3.9,7.0,5.0,M,,,,3.4,0.2,16,3.3,nan,16,,,,3.3,0.1,16
2014p635911,2014-08-24T06:53:41Z,-38.49,0.8,177.56,1.0,70.0,2.0,M,,,,3.3,0.3,48,3.0,nan,48,,,,3.0,0.3,48
2014p635971,2014-08-24T07:25:40Z,-40.72,1.1,174.86,1.1,7.0,1.0,M,,,,3.5,0.2,31,3.3,nan,31,,,,3.3,0.1,31
2014p636384,2014-08-24T11:05:36Z,-39.19,0.7,173.86,1.1,11.0,1.0,M,,,,2.3,0.3,7,2.1,nan,7,,,,2.1,0.3,7
2014p636874,2014-08-24T15:27:02Z,-38.91,0.7,176.09,1.1,81.0,2.0,M,,,,2.8,0.2,50,2.6,nan,50,,,,2.6,0.3,50
2014p636911,2014-08-24T15:46:23Z,-43.55,1.7,172.67,1.3,7.0,1.0,M,,,,2.8,0.7,4,2.5,nan,5,,,,2.5,0.6,5
2014p637304,2014-08-24T19:15:55Z,-37.56,2.2,177.09,1.3,9.0,2.0,M,,,,2.7,0.4,8,2.5,nan,8,,,,2.5,0.3,8
2014p637449,2014-08-24T20:32:57Z,-39.48,3.6,175.75,3.2,16.0,2.0,M,,,,1.5,0.3,9,1.3,nan,9,,,,1.3,0.2,9
2014p637683,2014-08-24T22:38:09Z,-40.63,0.7,175.47,1.1,29.0,1.0,M,,,,2.5,0.2,9,2.3,nan,9,,,,2.3,0.2,9
2014p637718,2014-08-24T22:56:29Z,-39.21,0.9,177.44,1.6,26.0,2.0,M,,,,2.9,0.3,27,2.6,nan,27,,,,2.6,0.2,27
2014p637757,2014-08-24T23:17:12Z,-37.57,2.4,177.09,1.3,8.0,2.0,M,,,,3.0,0.4,7,2.7,nan,7,,,,2.7,0.3,7
2014p638109,2014-08-25T02:24:46Z,-39.23,3.8,175.4,7.4,14.0,15.0,M,,,,1.3,0.2,12,1.0,nan,12,,,,1.0,0.2,12
2014p638162,2014-08-25T02:53:11Z,-39.15,7.7,175.62,7.9,5.0,0.0,M,,,,1.5,0.3,4,1.2,nan,4,,,,1.2,0.2,4
2014p638299,2014-08-25T04:05:52Z,-43.57,1.3,172.31,1.0,5.0,1.0,M,,,,2.8,0.3,7,2.6,nan,6,,,,2.6,0.3,6
2014p638376,2014-08-25T04:46:55Z,-37.14,8.3,177.2,8.8,173.0,9.0,M,,,,,,,2.5,nan,14,,,,2.5,0.3,14
2014p638520,2014-08-25T06:04:16Z,-39.1,37.0,175.6,48.4,5.0,45.0,M,,,,0.9,0.2,7,0.7,nan,7,,,,0.7,0.2,7
2014p638714,2014-08-25T07:46:56Z,-40.65,2.7,175.87,2.7,17.0,3.0,M,,,,2.5,0.2,30,2.2,nan,30,,,,2.2,0.2,30
2014p638845,2014-08-25T08:56:44Z,-37.81,1.0,176.81,0.8,9.0,2.0,M,,,,2.4,0.2,18,2.2,nan,18,,,,2.2,0.1,18
2014p639006,2014-08-25T10:22:37Z,-39.48,0.8,175.72,0.5,17.0,1.0,M,,,,2.1,0.2,23,1.9,nan,23,,,,1.9,0.2,23
2014p639189,2014-08-25T12:00:45Z,-39.5,1.8,175.72,0.9,17.0,1.0,M,,,,1.2,0.3,8,1.1,nan,8,,,,1.1,0.2,8
2014p639194,2014-08-25T12:03:05Z,-37.86,3.9,178.45,8.8,16.0,5.0,M,,,,2.6,0.2,9,2.3,nan,9,,,,2.3,0.1,9
2014p639849,2014-08-25T17:51:25Z,-39.77,4.6,174.69,6.4,121.0,12.0,M,,,,2.2,0.1,2,2.0,nan,6,,,,2.0,0.2,6
2014p640316,2014-08-25T22:01:01Z,-39.51,9.2,175.66,6.5,14.0,11.0,M,,,,1.6,0.2,13,1.4,nan,13,,,,1.4,0.2,13
2014p640831,2014-08-26T02:34:56Z,-38.92,6.8,175.85,5.7,9.0,10.0,M,,,,1.4,0.3,8,1.2,nan,8,,,,1.2,0.3,8
2014p640990,2014-08-26T03:59:40Z,-41.34,1.3,174.33,1.4,54.0,3.0,M,,,,3.8,0.2,17,3.5,nan,17,,,,3.5,0.2,17
2014p641336,2014-08-26T07:04:09Z,-44.55,8.7,168.06,6.5,5.0,0.0,M,,,,2.8,0.2,9,2.7,nan,9,,,,2.7,0.2,9
2014p641450,2014-08-26T08:05:02Z,-38.93,3.6,175.84,5.6,9.0,8.0,M,,,,1.1,0.2,6,0.8,nan,6,,,,0.8,0.2,6
2014p641478,2014-08-26T08:20:00Z,-38.94,0.5,175.86,0.6,11.0,1.0,M,,,,1.8,0.2,19,1.6,nan,19,,,,1.6,0.1,19
2014p641508,2014-08-26T08:36:08Z,-39.6,4.1,174.27,6.1,264.0,6.0,M,,,,,,,2.2,nan,18,,,,2.2,0.3,18
2014p641758,2014-08-26T10:49:00Z,-38.92,0.7,175.86,1.0,11.0,2.0,M,,,,1.3,0.2,13,1.2,nan,13,,,,1.2,0.2,13
2014p641859,2014-08-26T11:43:01Z,-38.93,0.8,175.86,0.8,11.0,1.0,M,,,,1.2,0.2,10,1.0,nan,10,,,,1.0,0.2,10
2014p642001,2014-08-26T12:58:28Z,-38.93,0.4,175.84,0.6,11.0,1.0,M,,,,2.0,0.2,21,1.7,nan,21,,,,1.7,0.2,21
2014p642530,2014-08-26T17:40:00Z,-39.12,0.6,175.3,1.7,14.0,2.0,M,,,,1.1,0.1,8,0.7,nan,8,,,,0.7,0.2,8
2014p642825,2014-08-26T20:17:56Z,-39.3,3.7,175.49,4.6,11.0,7.0,M,,,,1.5,0.2,16,1.2,nan,16,,,,1.2,0.2,16
2014p643008,2014-08-26T21:55:08Z,-44.37,8.3,168.21,6.5,5.0,0.0,M,,,,3.0,0.2,13,2.8,nan,8,,,,2.8,0.2,8
2014p643013,2014-08-26T21:57:39Z,-41.18,2.2,172.97,3.7,148.0,4.0,M,,,,,,,2.0,nan,5,,,,2.0,0.5,5
2014p643016,2014-08-26T21:59:25Z,-40.45,4.4,175.06,2.8,12.0,0.0,M,,,,3.6,0.2,28,3.3,nan,28,,,,3.3,0.1,28
2014p643288,2014-08-27T00:24:20Z,-39.51,5.1,175.69,3.7,11.0,7.0,M,,,,1.5,0.3,13,1.4,nan,13,,,,1.4,0.2,13
2014p643304,2014-08-27T00:32:41Z,-36.7,4.6,177.57,5.8,204.0,7.0,M,,,,,,,3.2,nan,34,,,,3.2,0.3,34
2014p643416,2014-08-27T01:32:23Z,-38.61,2.3,175.56,2.6,178.0,5.0,M,,,,,,,2.6,nan,36,,,,2.6,0.3,36
2014p643639,2014-08-27T03:31:19Z,-36.71,7.6,177.28,7.9,257.0,7.0,M,,,,,,,3.3,nan,33,,,,3.3,0.3,33
2014p643692,2014-08-27T03:59:23Z,-37.18,3.4,177.37,6.6,133.0,7.0,M,,,,,,,2.6,nan,12,,,,2.6,0.2,12
2014p644029,2014-08-27T06:58:43Z,-40.36,0.9,176.54,1.6,16.0,1.0,M,,,,3.5,0.2,21,3.1,nan,21,,,,3.1,0.2,21
2014p644166,2014-08-27T08:12:00Z,-38.91,3.5,175.88,2.8,5.0,3.0,M,,,,1.7,0.2,16,1.6,nan,16,,,,1.6,0.2,16
2014p644322,2014-08-27T09:35:04Z,-39.48,1.0,175.71,0.9,15.0,1.0,M,,,,0.7,0.7,4,0.2,nan,2,,,,0.2,0.1,2
2014p644351,2014-08-27T09:50:21Z,-38.92,7.0,175.85,7.1,9.0,11.0,M,,,,1.4,0.3,7,1.5,nan,7,,,,1.5,0.3,7
2014p644355,2014-08-27T09:52:27Z,-38.91,3.7,175.84,4.3,10.0,6.0,M,,,,1.7,0.2,15,1.5,nan,15,,,,1.5,0.2,15
2014p644365,2014-08-27T09:57:46Z,-39.96,1.6,176.28,2.0,23.0,2.0,M,,,,3.4,0.2,42,3.1,nan,42,,,,3.1,0.2,42
2014p644429,2014-08-27T10:32:14Z,-38.28,0.9,177.4,0.9,51.0,2.0,M,,,,4.0,0.3,54,3.8,nan,54,,,,3.8,0.2,54
2014p644490,2014-08-27T11:04:46Z,-37.78,3.6,176.77,1.9,5.0,2.0,M,,,,2.2,0.2,15,2.1,nan,15,,,,2.1,0.1,15
2014p644523,2014-08-27T11:22:32Z,-40.53,3.9,178.78,3.9,33.0,0.0,M,,,,3.3,0.2,40,3.1,nan,40,,,,3.1,0.2,40
2014p644599,2014-08-27T12:02:45Z,-38.88,6.9,175.91,3.8,7.0,7.0,M,,,,1.6,0.2,7,1.3,nan,7,,,,1.3,0.2,7
2014p644718,2014-08-27T13:06:07Z,-39.13,4.4,175.29,6.7,12.0,11.0,M,,,,1.3,0.2,10,1.1,nan,10,,,,1.1,0.2,10
2014p644770,2014-08-27T13:33:47Z,-39.72,3.4,175.53,2.5,14.0,5.0,M,,,,1.9,0.3,9,1.7,nan,9,,,,1.7,0.3,9
2014p644913,2014-08-27T14:49:56Z,-38.91,3.4,175.87,2.7,5.0,5.0,M,,,,1.9,0.2,18,1.7,nan,18,,,,1.7,0.2,18
2014p645166,2014-08-27T17:04:34Z,-38.94,6.1,175.85,5.3,15.0,7.0,M,,,,1.5,0.3,8,1.3,nan,8,,,,1.3,0.3,8
2014p645195,2014-08-27T17:20:21Z,-38.46,5.4,175.78,12.3,170.0,9.0,M,,,,,,,2.1,nan,11,,,,2.1,0.3,11
2014p645217,2014-08-27T17:32:02Z,-37.73,1.1,177.4,1.1,62.0,2.0,M,,,,3.4,0.3,30,3.1,nan,30,,,,3.1,0.2,30
2014p645263,2014-08-27T17:56:45Z,-39.16,2.9,175.64,3.1,11.0,8.0,M,,,,1.1,0.2,6,0.8,nan,6,,,,0.8,0.2,6
2014p645347,2014-08-27T18:42:40Z,-39.23,7.1,175.39,10.1,21.0,40.0,M,,,,1.2,0.2,11,1.0,nan,11,,,,1.0,0.2,11
2014p645656,2014-08-27T21:25:43Z,-37.56,1.6,177.21,1.2,6.0,1.0,M,,,,2.9,0.3,8,2.7,nan,8,,,,2.7,0.2,8
2014p645662,2014-08-27T21:29:04Z,-37.56,2.4,177.22,2.0,5.0,2.0,M,,,,3.4,0.3,14,3.2,nan,14,,,,3.2,0.2,14
2014p645711,2014-08-27T21:55:12Z,-37.57,8.5,177.21,4.3,6.0,4.0,M,,,,2.8,0.3,6,2.6,nan,6,,,,2.6,0.2,6
2014p645727,2014-08-27T22:03:48Z,-37.56,1.5,177.2,1.2,7.0,1.0,M,,,,2.8,0.2,12,2.5,nan,12,,,,2.5,0.2,12
2014p645755,2014-08-27T22:18:28Z,-37.58,2.8,177.2,1.9,5.0,2.0,M,,,,3.0,0.3,12,2.8,nan,12,,,,2.8,0.2,12
2014p646589,2014-08-28T05:42:52Z,-37.53,2.0,177.23,1.8,7.0,2.0,M,,,,3.0,0.2,13,2.7,nan,13,,,,2.7,0.2,13
2014p646652,2014-08-28T06:16:28Z,-39.49,9.0,175.69,6.2,19.0,11.0,M,,,,1.2,0.3,8,1.1,nan,8,,,,1.1,0.3,8
2014p646825,2014-08-28T07:48:23Z,-37.57,1.9,177.22,2.9,5.0,1.0,M,,,,2.7,0.2,13,2.4,nan,13,,,,2.4,0.2,13
2014p647029,2014-08-28T09:37:57Z,-40.36,1.3,175.44,1.0,10.0,2.0,M,,,,3.4,0.2,21,3.1,nan,21,,,,3.1,0.2,21
2014p647275,2014-08-28T11:48:31Z,-45.45,3.2,167.23,4.1,147.0,5.0,M,,,,,,,3.1,nan,13,,,,3.1,0.4,13
2014p647460,2014-08-28T13:26:46Z,-39.52,1.9,175.72,0.9,19.0,2.0,M,,,,1.6,0.3,8,1.4,nan,8,,,,1.4,0.3,8
2014p647535,2014-08-28T14:06:53Z,-39.58,112.8,174.67,48.9,299.0,87.0,M,,,,,,,3.3,nan,13,,,,3.3,0.7,13
2014p647774,2014-08-28T16:14:13Z,-39.48,0.7,175.68,0.5,20.0,1.0,M,,,,2.8,0.2,24,2.5,nan,24,,,,2.5,0.2,24
2014p648212,2014-08-28T20:07:46Z,-39.23,4.4,175.39,4.4,13.0,9.0,M,,,,1.4,0.2,9,1.1,nan,9,,,,1.1,0.3,9
2014p648703,2014-08-29T00:29:03Z,-39.3,0.8,175.16,0.7,26.0,1.0,M,,,,3.5,0.3,35,3.3,nan,35,,,,3.3,0.3,35
2014p648726,2014-08-29T00:41:27Z,-43.57,1.5,172.64,0.9,13.0,3.0,M,,,,2.5,0.2,6,2.4,nan,6,,,,2.4,0.3,6
2014p648847,2014-08-29T01:46:01Z,-41.73,1.3,173.77,2.2,23.0,4.0,M,,,,2.7,0.2,16,2.6,nan,16,,,,2.6,0.2,16
2014p648907,2014-08-29T02:17:55Z,-38.78,3.9,175.29,4.6,214.0,7.0,M,,,,,,,2.5,nan,27,,,,2.5,0.3,27
2014p648997,2014-08-29T03:05:49Z,-38.62,1.8,176.2,2.1,6.0,3.0,M,,,,2.5,0.2,30,2.3,nan,30,,,,2.3,0.2,30
2014p649087,2014-08-29T03:53:54Z,-39.5,3.8,175.69,2.6,11.0,5.0,M,,,,1.9,0.3,18,1.7,nan,18,,,,1.7,0.3,18
2014p649101,2014-08-29T04:01:38Z,-39.48,1.1,175.65,1.6,23.0,2.0,M,,,,1.7,0.2,7,1.5,nan,7,,,,1.5,0.2,7
2014p649118,2014-08-29T04:10:13Z,-39.5,1.1,175.69,1.0,17.0,2.0,M,,,,1.5,0.3,13,1.3,nan,13,,,,1.3,0.2,13
2014p649151,2014-08-29T04:28:01Z,-37.78,2.5,176.63,4.1,148.0,5.0,M,,,,2.7,0.2,7,2.5,nan,16,,,,2.5,0.2,16
2014p649296,2014-08-29T05:45:05Z,-44.13,3.2,168.75,4.2,5.0,0.0,M,,,,2.9,0.1,8,2.8,nan,8,,,,2.8,0.1,8
2014p649307,2014-08-29T05:51:45Z,-39.49,8.2,175.73,5.3,12.0,10.0,M,,,,1.5,0.3,9,1.3,nan,9,,,,1.3,0.3,9
2014p649727,2014-08-29T09:34:39Z,-39.54,5.5,175.67,4.3,12.0,8.0,M,,,,1.6,0.4,12,1.4,nan,12,,,,1.4,0.3,12
2014p650124,2014-08-29T13:05:50Z,-47.89,10.1,165.28,9.8,12.0,0.0,M,,,,4.4,0.2,10,4.2,nan,10,,,,4.2,0.2,10
2014p650395,2014-08-29T15:30:32Z,-37.05,5.0,177.35,4.4,162.0,9.0,M,,,,,,,2.6,nan,12,,,,2.6,0.2,12
2014p650433,2014-08-29T15:50:45Z,-36.64,8.3,177.07,19.0,210.0,15.0,M,,,,,,,2.7,nan,12,,,,2.7,0.3,12
2014p650459,2014-08-29T16:04:43Z,-39.49,5.4,175.67,4.0,16.0,7.0,M,,,,1.8,0.3,17,1.6,nan,17,,,,1.6,0.2,17
2014p650586,2014-08-29T17:12:29Z,-39.47,5.0,175.75,4.3,7.0,8.0,M,,,,1.9,0.3,13,1.8,nan,13,,,,1.8,0.3,13
2014p650898,2014-08-29T19:58:35Z,-39.48,1.5,175.7,1.0,21.0,1.0,M,,,,1.3,0.4,7,1.1,nan,7,,,,1.1,0.4,7
2014p651062,2014-08-29T21:26:00Z,-42.66,1.1,172.84,1.6,42.0,2.0,M,,,,2.8,0.3,8,2.8,nan,8,,,,2.8,0.3,8
2014p651296,2014-08-29T23:30:54Z,-39.51,6.4,175.7,4.3,15.0,8.0,M,,,,1.5,0.4,7,1.3,nan,7,,,,1.3,0.5,7
2014p651659,2014-08-30T02:44:18Z,-40.64,0.8,175.94,1.7,33.0,2.0,M,,,,3.6,0.2,32,3.3,nan,32,,,,3.3,0.2,32
2014p651756,2014-08-30T03:35:58Z,-39.54,7.7,175.65,5.2,14.0,14.0,M,,,,1.5,0.4,8,1.3,nan,8,,,,1.3,0.4,8
2014p652112,2014-08-30T06:45:36Z,-39.48,8.6,175.7,6.0,17.0,10.0,M,,,,1.4,0.5,8,1.2,nan,8,,,,1.2,0.5,8
2014p652123,2014-08-30T06:51:36Z,-37.8,3.6,176.39,2.8,199.0,5.0,M,,,,,,,2.8,nan,30,,,,2.8,0.4,30
2014p652133,2014-08-30T06:56:54Z,-44.08,3.5,169.63,3.0,5.0,0.0,M,,,,2.8,0.3,9,2.3,nan,4,,,,2.3,0.1,4
2014p652237,2014-08-30T07:52:24Z,-39.5,9.4,175.7,5.1,16.0,12.0,M,,,,1.2,0.4,5,1.0,nan,5,,,,1.0,0.5,5
2014p652539,2014-08-30T10:33:10Z,-36.98,4.8,177.65,7.5,170.0,7.0,M,,,,,,,2.9,nan,18,,,,2.9,0.4,18
2014p652600,2014-08-30T11:05:52Z,-36.84,62.1,177.16,37.3,209.0,84.0,M,,,,,,,2.7,nan,8,,,,2.7,0.3,8
2014p652763,2014-08-30T12:32:36Z,-39.32,1.4,175.63,1.7,31.0,2.0,M,,,,1.3,0.3,7,1.0,nan,7,,,,1.0,0.3,7
2014p653017,2014-08-30T14:47:57Z,-39.41,0.9,177.02,1.2,24.0,2.0,M,,,,2.7,0.2,30,2.5,nan,30,,,,2.5,0.1,30
2014p653100,2014-08-30T15:31:43Z,-38.66,0.8,177.96,1.7,52.0,2.0,M,,,,3.0,0.2,20,2.8,nan,20,,,,2.8,0.2,20
2014p653139,2014-08-30T15:52:49Z,-39.02,1.0,175.9,1.7,6.0,3.0,M,,,,1.3,0.3,6,1.3,nan,6,,,,1.3,0.3,6
2014p653246,2014-08-30T16:49:51Z,-40.38,0.7,176.05,1.0,14.0,1.0,M,,,,3.7,0.2,20,3.3,nan,20,,,,3.3,0.2,20
2014p654037,2014-08-30T23:51:29Z,-39.5,1.6,175.7,1.1,19.0,2.0,M,,,,1.4,0.4,8,1.2,nan,8,,,,1.2,0.4,8
2014p654280,2014-08-31T02:00:49Z,-38.91,1.0,177.64,1.5,34.0,3.0,M,,,,3.5,0.2,22,3.3,nan,22,,,,3.3,0.2,22
2014p654319,2014-08-31T02:21:37Z,-39.49,4.9,175.68,4.4,17.0,8.0,M,,,,1.7,0.2,12,1.5,nan,12,,,,1.5,0.2,12
2014p655265,2014-08-31T10:45:30Z,-39.55,4.8,175.61,3.5,13.0,7.0,M,,,,1.8,0.3,19,1.6,nan,19,,,,1.6,0.3,19
2014p655704,2014-08-31T14:39:20Z,-38.93,2.3,175.05,3.0,219.0,3.0,M,,,,,,,4.2,nan,54,,,,4.2,0.4,54
2014p655849,2014-08-31T15:56:22Z,-40.35,0.9,176.71,1.7,15.0,1.0,M,,,,3.5,0.2,23,3.1,nan,23,,,,3.1,0.2,23
2014p655913,2014-08-31T16:30:43Z,-37.2,46.8,178.36,17.1,94.0,28.0,M,,,,2.8,0.3,11,2.7,nan,13,,,,2.7,0.3,13
2014p655940,2014-08-31T16:44:51Z,-40.69,0.7,175.33,1.3,31.0,1.0,M,,,,2.9,0.2,18,2.7,nan,18,,,,2.7,0.2,18
2014p655993,2014-08-31T17:13:15Z,-38.89,2.8,175.88,2.6,4.0,3.0,M,,,,1.8,0.3,20,1.6,nan,20,,,,1.6,0.3,20
2014p656176,2014-08-31T18:51:05Z,-39.26,1.3,175.0,1.0,29.0,3.0,M,,,,2.4,0.2,20,2.1,nan,20,,,,2.1,0.2,20
2014p656182,2014-08-31T18:54:08Z,-44.28,2.8,170.06,2.6,12.0,0.0,M,,,,3.0,0.1,12,2.9,nan,15,,,,2.9,0.3,15
2014p656200,2014-08-31T19:04:15Z,-40.61,4.1,175.87,4.0,29.0,10.0,M,,,,1.2,0.2,6,1.0,nan,6,,,,1.0,0.2,6
2014p656258,2014-08-31T19:34:42Z,-37.63,5.9,176.36,8.3,311.0,8.0,M,,,,,,,3.0,nan,36,,,,3.0,0.2,36
2014p656389,2014-08-31T20:44:11Z,-41.92,11.0,177.74,10.4,33.0,0.0,M,,,,3.1,0.2,14,3.0,nan,14,,,,3.0,0.2,14
2014p656501,2014-08-31T21:44:02Z,-39.53,1.5,175.65,0.9,19.0,1.0,M,,,,1.6,0.3,8,1.4,nan,8,,,,1.4,0.2,8
2014p656740,2014-08-31T23:51:15Z,-39.09,2.0,176.07,1.3,18.0,4.0,M,,,,1.8,0.2,12,1.5,nan,12,,,,1.5,0.2,12
2014p656821,2014-09-01T00:35:55Z,-39.48,1.1,175.68,0.9,19.0,2.0,M,,,,1.7,0.2,13,1.4,nan,14,,,,1.4,0.2,14
2014p656939,2014-09-01T01:37:29Z,-39.18,1.6,174.86,1.3,31.0,4.0,M,,,,2.3,0.2,15,2.1,nan,15,,,,2.1,0.3,15
2014p657317,2014-09-01T04:59:02Z,-39.07,12.4,175.57,6.0,4.0,10.0,M,,,,1.7,0.3,6,1.4,nan,6,,,,1.4,0.2,6
2014p657679,2014-09-01T08:11:28Z,-45.03,2.1,167.7,3.1,81.0,3.0,M,,,,3.1,0.3,12,2.6,nan,5,,,,2.6,0.3,5
2014p657910,2014-09-01T10:14:43Z,-39.23,1.7,175.36,1.6,15.0,1.0,M,,,,1.4,0.6,6,1.1,nan,6,,,,1.1,0.4,6
2014p657913,2014-09-01T10:16:32Z,-40.89,1.1,174.71,1.2,16.0,2.0,M,,,,3.0,0.2,21,2.7,nan,20,,,,2.7,0.2,20
2014p657997,2014-09-01T11:01:09Z,-39.24,1.2,174.93,1.1,23.0,3.0,M,,,,2.9,0.2,23,2.7,nan,23,,,,2.7,0.2,23
2014p658039,2014-09-01T11:23:33Z,-43.69,4.2,169.43,4.0,5.0,0.0,M,,,,2.8,0.3,12,2.4,nan,6,,,,2.4,0.3,6
2014p658299,2014-09-01T13:41:48Z,-37.1,5.9,177.49,4.0,12.0,0.0,M,,,,3.0,0.1,10,2.8,nan,10,,,,2.8,0.1,10
2014p658342,2014-09-01T14:05:03Z,-40.97,0.7,175.58,0.8,27.0,1.0,M,,,,3.4,0.2,18,3.0,nan,18,,,,3.0,0.2,18
2014p658453,2014-09-01T15:04:14Z,-39.22,2.8,175.1,1.4,26.0,3.0,M,,,,1.8,0.3,10,1.6,nan,10,,,,1.6,0.2,10
2014p658470,2014-09-01T15:12:59Z,-39.24,2.5,175.09,3.3,24.0,8.0,M,,,,2.5,0.4,12,2.2,nan,12,,,,2.2,0.3,12
2014p658879,2014-09-01T18:50:48Z,-37.02,10.0,176.57,29.8,315.0,21.0,M,,,,,,,2.9,nan,10,,,,2.9,0.2,10
2014p658908,2014-09-01T19:06:41Z,-38.85,7.4,175.97,5.2,13.0,11.0,M,,,,1.8,0.2,6,1.6,nan,6,,,,1.6,0.3,6
2014p659111,2014-09-01T20:54:46Z,-39.47,0.8,175.7,0.5,19.0,1.0,M,,,,3.0,0.2,29,2.7,nan,29,,,,2.7,0.2,29
2014p659476,2014-09-02T00:08:38Z,-35.75,7.0,179.33,13.1,33.0,0.0,M,,,,4.1,0.2,17,3.9,nan,17,,,,3.9,0.2,17
2014p659651,2014-09-02T01:42:28Z,-43.55,2.1,172.71,1.2,9.0,3.0,M,,,,3.2,0.2,6,3.1,nan,17,,,,3.1,0.4,17
2014p659843,2014-09-02T03:24:44Z,-38.79,0.4,176.01,0.7,10.0,1.0,M,,,,2.4,0.2,19,2.2,nan,19,,,,2.2,0.3,19
2014p659865,2014-09-02T03:35:58Z,-37.46,4.1,176.56,7.5,215.0,8.0,M,,,,2.8,0.2,6,2.7,nan,15,,,,2.7,0.2,15
2014p659987,2014-09-02T04:41:16Z,-39.3,20.9,175.11,15.8,29.0,12.0,M,,,,1.7,0.3,9,1.5,nan,9,,,,1.5,0.2,9
2014p660339,2014-09-02T07:49:03Z,-45.14,2.8,167.54,4.1,125.0,5.0,M,,,,,,,3.0,nan,9,,,,3.0,0.2,9
2014p660532,2014-09-02T09:31:38Z,-38.59,0.9,176.19,0.7,8.0,1.0,M,,,,1.9,0.3,7,1.5,nan,7,,,,1.5,0.4,7
2014p660558,2014-09-02T09:45:42Z,-37.95,0.7,176.48,0.9,7.0,1.0,M,,,,1.8,0.5,7,1.5,nan,7,,,,1.5,0.5,7
2014p660720,2014-09-02T11:11:35Z,-39.24,1.9,175.24,1.8,14.0,4.0,M,,,,1.3,0.1,6,1.0,nan,6,,,,1.0,0.3,6
2014p660969,2014-09-02T13:24:47Z,-38.06,4.9,178.84,3.3,33.0,0.0,M,,,,3.1,0.2,12,2.8,nan,12,,,,2.8,0.2,12
2014p661076,2014-09-02T14:22:18Z,-38.28,0.6,176.41,0.6,6.0,1.0,M,,,,1.4,0.3,6,1.1,nan,6,,,,1.1,0.3,6
2014p661137,2014-09-02T14:54:04Z,-39.82,2.7,173.86,4.8,192.0,6.0,M,,,,,,,2.2,nan,12,,,,2.2,0.4,12
2014p661239,2014-09-02T15:48:47Z,-39.48,1.5,175.69,0.7,20.0,1.0,M,,,,1.6,0.2,15,1.4,nan,15,,,,1.4,0.2,15
2014p661332,2014-09-02T16:37:43Z,-44.84,3.5,168.68,2.4,8.0,4.0,M,,,,3.8,0.2,10,3.7,nan,10,,,,3.7,0.2,10
2014p661501,2014-09-02T18:08:00Z,-39.25,4.1,175.24,4.9,18.0,6.0,M,,,,1.4,0.2,6,1.1,nan,6,,,,1.1,0.3,6
2014p661647,2014-09-02T19:27:13Z,-39.5,3.0,175.73,3.3,18.0,2.0,M,,,,1.2,0.4,7,1.0,nan,7,,,,1.0,0.4,7
2014p661665,2014-09-02T19:35:25Z,-37.07,4.7,176.92,5.3,199.0,7.0,M,,,,,,,2.9,nan,27,,,,2.9,0.3,27
2014p661701,2014-09-02T19:54:36Z,-39.49,1.5,175.7,1.0,17.0,1.0,M,,,,1.2,0.4,10,1.1,nan,11,,,,1.1,0.3,11
2014p662209,2014-09-03T00:25:24Z,-38.98,1.5,173.93,2.1,5.0,2.0,M,,,,2.5,0.3,13,2.2,nan,13,,,,2.2,0.3,13
2014p662235,2014-09-03T00:39:03Z,-39.13,0.6,175.39,1.1,11.0,2.0,M,,,,1.7,0.3,12,1.4,nan,12,,,,1.4,0.2,12
2014p662530,2014-09-03T03:16:28Z,-39.24,3.3,175.37,2.1,20.0,5.0,M,,,,1.2,0.1,11,1.0,nan,11,,,,1.0,0.1,11
2014p662568,2014-09-03T03:36:23Z,-37.98,1.0,176.8,0.8,11.0,2.0,M,,,,2.1,0.2,9,1.9,nan,9,,,,1.9,0.2,9
2014p662688,2014-09-03T04:40:27Z,-39.28,2.7,175.31,1.7,29.0,2.0,M,,,,1.2,0.2,8,1.0,nan,8,,,,1.0,0.3,8
2014p662776,2014-09-03T05:27:03Z,-44.15,2.8,168.76,3.6,5.0,0.0,M,,,,2.7,0.1,7,2.6,nan,7,,,,2.6,0.2,7
2014p662777,2014-09-03T05:27:45Z,-40.42,3.2,174.08,3.7,84.0,8.0,M,,,,2.4,0.2,6,2.3,nan,15,,,,2.3,0.2,15
2014p662879,2014-09-03T06:23:43Z,-39.48,2.3,175.7,1.6,20.0,2.0,M,,,,1.3,0.3,10,1.1,nan,10,,,,1.1,0.3,10
2014p662928,2014-09-03T06:48:20Z,-38.13,1.0,176.48,1.4,10.0,2.0,M,,,,1.8,0.2,6,1.6,nan,6,,,,1.6,0.2,6
2014p663001,2014-09-03T07:28:32Z,-39.44,2.7,175.76,0.8,16.0,2.0,M,,,,0.9,0.4,7,0.8,nan,7,,,,0.8,0.3,7
2014p663147,2014-09-03T08:45:05Z,-37.21,4.6,177.65,5.5,34.0,10.0,M,,,,3.0,0.2,20,2.8,nan,20,,,,2.8,0.1,20
2014p663155,2014-09-03T08:49:23Z,-37.29,6.4,177.72,5.5,93.0,5.0,M,,,,2.3,0.2,8,2.2,nan,10,,,,2.2,0.2,10
2014p663455,2014-09-03T11:29:26Z,-39.54,1.0,177.14,1.5,31.0,2.0,M,,,,2.7,0.3,14,2.3,nan,14,,,,2.3,0.2,14
2014p663573,2014-09-03T12:31:46Z,-34.63,8.1,179.44,18.4,33.0,0.0,M,4.4,nan,1,3.9,0.3,22,3.8,nan,22,3.6,0.4,1,3.8,0.3,22
2014p663593,2014-09-03T12:42:46Z,-39.12,3.7,175.9,5.5,72.0,14.0,M,,,,1.1,0.4,8,1.0,nan,8,,,,1.0,0.4,8
2014p663656,2014-09-03T13:16:07Z,-39.29,1.5,175.15,1.4,28.0,2.0,M,,,,1.6,0.2,13,1.3,nan,13,,,,1.3,0.2,13
2014p663676,2014-09-03T13:26:38Z,-39.12,3.2,175.1,4.8,26.0,4.0,M,,,,1.6,0.2,12,1.3,nan,12,,,,1.3,0.2,12
2014p663835,2014-09-03T14:51:43Z,-36.63,6.8,177.52,4.9,227.0,7.0,M,,,,,,,2.9,nan,22,,,,2.9,0.3,22
2014p663994,2014-09-03T16:16:22Z,-41.2,2.3,175.05,2.5,10.0,4.0,M,,,,2.1,0.3,21,1.9,nan,21,,,,1.9,0.2,21
2014p663999,2014-09-03T16:18:44Z,-41.21,0.9,175.02,1.0,17.0,1.0,M,,,,3.4,0.2,21,3.2,nan,21,,,,3.2,0.1,21
2014p664487,2014-09-03T20:39:08Z,-44.7,4.6,166.67,5.6,12.0,0.0,M,,,,3.6,0.2,9,3.3,nan,9,,,,3.3,0.1,9
2014p664673,2014-09-03T22:19:05Z,-39.26,1.1,175.08,1.1,29.0,3.0,M,,,,1.9,0.2,12,1.6,nan,12,,,,1.6,0.2,12
2014p664704,2014-09-03T22:34:47Z,-36.32,14.9,179.25,10.8,33.0,0.0,M,,,,3.8,0.2,12,3.6,nan,12,,,,3.6,0.1,12
2014p665545,2014-09-04T06:02:25Z,-39.13,0.5,175.65,0.6,5.0,1.0,M,,,,1.7,0.5,9,1.4,nan,9,,,,1.4,0.4,9
2014p665698,2014-09-04T07:23:44Z,-35.98,9.8,177.81,10.8,255.0,13.0,M,,,,3.2,0.3,9,3.0,nan,12,,,,3.0,0.2,12
2014p666440,2014-09-04T13:59:22Z,-41.43,2.9,172.34,4.0,153.0,5.0,M,,,,,,,2.4,nan,8,,,,2.4,0.2,8
2014p666453,2014-09-04T14:06:33Z,-38.33,1.9,175.98,1.9,168.0,3.0,M,,,,,,,2.7,nan,43,,,,2.7,0.4,43
2014p666464,2014-09-04T14:12:08Z,-42.45,1.7,172.89,2.2,57.0,7.0,M,,,,2.6,0.2,11,2.5,nan,11,,,,2.5,0.2,11
2014p666653,2014-09-04T15:52:53Z,-43.62,1.2,172.51,2.0,13.0,2.0,M,,,,2.7,0.2,10,2.4,nan,5,,,,2.4,0.2,5
2014p666782,2014-09-04T17:01:56Z,-44.04,3.0,169.64,2.7,5.0,0.0,M,,,,3.2,0.1,6,3.0,nan,6,,,,3.0,0.1,6
2014p667055,2014-09-04T19:26:47Z,-35.67,10.5,178.28,13.8,214.0,15.0,M,,,,,,,3.5,nan,16,,,,3.5,0.2,16
2014p667201,2014-09-04T20:45:03Z,-38.7,0.9,175.95,1.3,117.0,2.0,M,,,,,,,3.3,nan,60,,,,3.3,0.2,60
2014p667345,2014-09-04T22:02:39Z,-39.5,3.8,174.4,3.4,220.0,4.0,M,,,,,,,3.0,nan,32,,,,3.0,0.2,32
2014p667499,2014-09-04T23:23:54Z,-39.14,0.9,177.36,1.1,24.0,2.0,M,,,,2.4,0.2,13,2.1,nan,13,,,,2.1,0.2,13
2014p667738,2014-09-05T01:30:49Z,-36.95,4.2,177.6,7.0,150.0,7.0,M,,,,,,,2.7,nan,13,,,,2.7,0.2,13
2014p668388,2014-09-05T07:17:33Z,-43.97,3.2,169.66,3.1,5.0,0.0,M,,,,2.8,0.2,6,2.8,nan,6,,,,2.8,0.2,6
2014p668918,2014-09-05T11:59:53Z,-39.13,0.8,175.02,0.6,13.0,1.0,M,,,,2.5,0.3,23,2.3,nan,23,,,,2.3,0.4,23
2014p669159,2014-09-05T14:08:12Z,-40.58,1.1,175.98,2.4,48.0,3.0,M,,,,3.5,0.2,31,3.3,nan,31,,,,3.3,0.2,31
2014p669160,2014-09-05T14:08:26Z,-44.53,4.3,168.28,3.5,5.0,0.0,M,,,,3.0,0.3,6,2.3,nan,3,,,,2.3,0.3,3
2014p669206,2014-09-05T14:33:09Z,-40.34,1.0,176.15,1.4,59.0,2.0,M,,,,2.7,0.2,18,2.4,nan,18,,,,2.4,0.2,18
2014p669230,2014-09-05T14:46:09Z,-44.05,3.5,169.64,2.9,5.0,0.0,M,,,,2.9,0.2,9,2.7,nan,6,,,,2.7,0.3,6
2014p669331,2014-09-05T15:39:56Z,-38.24,2.3,176.22,2.4,161.0,4.0,M,,,,,,,2.5,nan,33,,,,2.5,0.3,33
2014p669463,2014-09-05T16:50:25Z,-38.77,6.1,175.36,7.3,230.0,5.0,M,,,,,,,2.3,nan,14,,,,2.3,0.5,14
2014p669484,2014-09-05T17:01:06Z,-39.28,1.1,175.23,1.6,20.0,1.0,M,,,,1.9,0.6,7,1.7,nan,7,,,,1.7,0.6,7
2014p670095,2014-09-05T22:26:02Z,-33.9,20.1,-178.8,31.5,407.0,14.0,M,4.1,0.3,6,,,,3.9,nan,19,3.1,0.4,6,4.4,0.3,19
2014p670160,2014-09-05T23:01:31Z,-40.63,2.0,175.86,2.2,22.0,3.0,M,,,,4.0,0.2,24,3.7,nan,24,,,,3.7,0.2,24
2014p670368,2014-09-06T00:52:44Z,-40.04,2.0,176.55,1.7,45.0,3.0,M,,,,1.7,0.2,7,1.4,nan,7,,,,1.4,0.3,7
2014p670724,2014-09-06T04:02:02Z,-45.12,2.4,167.71,3.3,74.0,4.0,M,,,,3.1,0.3,10,2.8,nan,4,,,,2.8,0.2,4
2014p671156,2014-09-06T07:52:12Z,-37.6,85.3,177.14,40.8,6.0,72.0,M,,,,2.6,0.4,6,2.5,nan,6,,,,2.5,0.4,6
2014p671464,2014-09-06T10:36:03Z,-37.82,0.9,176.69,0.8,5.0,1.0,M,,,,2.5,0.1,14,2.3,nan,14,,,,2.3,0.2,14
2014p671501,2014-09-06T10:55:53Z,-38.65,5.0,175.35,18.2,288.0,11.0,M,,,,2.5,0.2,4,2.6,nan,12,,,,2.6,0.3,12
2014p671502,2014-09-06T10:56:46Z,-37.98,0.5,176.45,0.7,10.0,1.0,M,,,,2.2,0.3,7,1.9,nan,12,,,,1.9,0.3,12
2014p671505,2014-09-06T10:58:17Z,-37.99,0.5,176.46,0.6,7.0,1.0,M,,,,2.5,0.2,16,2.3,nan,16,,,,2.3,0.2,16
2014p671517,2014-09-06T11:05:00Z,-37.98,0.6,176.46,0.6,10.0,3.0,M,,,,2.0,0.3,7,1.9,nan,7,,,,1.9,0.2,7
2014p671951,2014-09-06T14:55:45Z,-39.49,1.5,175.69,0.6,19.0,1.0,M,,,,1.5,0.4,8,1.3,nan,8,,,,1.3,0.4,8
2014p671959,2014-09-06T15:00:12Z,-43.96,3.1,169.63,3.0,5.0,0.0,M,,,,3.3,0.3,16,2.8,nan,6,,,,2.8,0.2,6
2014p672061,2014-09-06T15:54:07Z,-37.15,3.8,176.85,2.3,200.0,5.0,M,,,,,,,2.9,nan,33,,,,2.9,0.3,33
2014p672064,2014-09-06T15:56:06Z,-43.96,3.1,169.67,3.3,5.0,0.0,M,,,,3.0,0.3,11,2.7,nan,7,,,,2.7,0.2,7
2014p672140,2014-09-06T16:36:39Z,-39.49,0.8,175.7,0.6,17.0,1.0,M,,,,2.5,0.2,30,2.3,nan,30,,,,2.3,0.2,30
2014p672274,2014-09-06T17:47:44Z,-45.47,2.7,167.08,3.2,76.0,6.0,M,,,,4.0,0.1,11,3.8,nan,11,,,,3.8,0.1,11
2014p673047,2014-09-07T00:39:38Z,-37.79,4.0,176.1,4.5,208.0,6.0,M,,,,2.5,0.2,8,2.4,nan,19,,,,2.4,0.2,19
2014p673496,2014-09-07T04:38:59Z,-40.95,0.8,175.15,0.9,26.0,1.0,M,,,,2.1,0.2,12,1.9,nan,12,,,,1.9,0.3,12
2014p674087,2014-09-07T09:53:55Z,-38.23,4.4,178.17,2.8,12.0,0.0,M,,,,3.3,0.3,23,3.0,nan,23,,,,3.0,0.2,23
2014p674121,2014-09-07T10:11:54Z,-41.08,1.6,173.6,2.2,80.0,3.0,M,,,,2.9,0.2,12,2.7,nan,12,,,,2.7,0.1,12
2014p674151,2014-09-07T10:27:13Z,-37.05,8.2,-179.17,4.9,33.0,0.0,M,,,,3.8,0.3,13,3.6,nan,13,,,,3.6,0.2,13
2014p674159,2014-09-07T10:32:10Z,-40.68,0.6,175.83,0.8,23.0,1.0,M,,,,3.8,0.2,19,3.5,nan,19,,,,3.5,0.1,19
2014p675429,2014-09-07T21:48:54Z,-38.28,0.5,176.44,0.5,8.0,1.0,M,,,,2.0,0.3,9,1.7,nan,9,,,,1.7,0.2,9
2014p675482,2014-09-07T22:17:05Z,-39.48,1.8,175.73,0.7,18.0,1.0,M,,,,1.2,0.4,7,1.0,nan,7,,,,1.0,0.3,7
2014p675548,2014-09-07T22:52:21Z,-41.02,1.0,174.63,1.3,40.0,2.0,M,,,,3.5,0.2,19,3.1,nan,19,,,,3.1,0.2,19
2014p675666,2014-09-07T23:55:11Z,-39.03,0.4,175.74,0.8,11.0,1.0,M,,,,1.9,0.2,15,1.6,nan,15,,,,1.6,0.2,15
2014p675928,2014-09-08T02:14:54Z,-43.12,2.4,170.74,3.1,11.0,3.0,M,,,,3.1,0.1,9,3.1,nan,6,,,,3.1,0.2,6
2014p676259,2014-09-08T05:11:09Z,-44.32,4.8,168.1,5.5,5.0,0.0,M,,,,3.8,0.2,11,3.6,nan,11,,,,3.6,0.2,11
2014p676260,2014-09-08T05:11:53Z,-44.36,4.0,168.14,4.9,5.0,0.0,M,,,,3.5,0.2,6,3.2,nan,6,,,,3.2,0.3,6
2014p676548,2014-09-08T07:45:00Z,-37.14,4.3,176.75,4.7,202.0,6.0,M,,,,,,,2.4,nan,8,,,,2.4,0.3,8
2014p676631,2014-09-08T08:29:08Z,-41.72,1.7,174.04,1.2,11.0,2.0,M,,,,2.4,0.2,13,2.3,nan,13,,,,2.3,0.3,13
2014p676669,2014-09-08T08:49:32Z,-43.61,3.5,172.39,2.7,13.0,7.0,M,,,,2.9,0.2,8,2.6,nan,6,,,,2.6,0.3,6
2014p677080,2014-09-08T12:28:29Z,-43.16,2.7,170.83,2.8,5.0,0.0,M,,,,4.1,0.2,13,4.0,nan,13,,,,4.0,0.2,13
2014p677114,2014-09-08T12:46:29Z,-41.71,1.1,174.02,1.1,8.0,2.0,M,,,,2.2,0.3,6,2.1,nan,6,,,,2.1,0.4,6
2014p677417,2014-09-08T15:28:03Z,-43.2,2.5,171.99,2.9,5.0,0.0,M,,,,3.0,0.2,14,2.9,nan,10,,,,2.9,0.2,10
2014p677491,2014-09-08T16:07:25Z,-45.22,3.7,167.26,4.3,28.0,5.0,M,,,,3.1,0.2,7,2.7,nan,6,,,,2.7,0.3,6
2014p677546,2014-09-08T16:36:36Z,-39.48,1.2,175.73,0.8,17.0,1.0,M,,,,1.2,0.4,7,1.0,nan,7,,,,1.0,0.4,7
2014p677760,2014-09-08T18:31:03Z,-41.64,1.1,174.27,1.3,13.0,2.0,M,,,,2.4,0.3,9,2.3,nan,9,,,,2.3,0.4,9
2014p679701,2014-09-09T11:45:06Z,-43.2,2.4,171.99,2.5,5.0,0.0,M,,,,2.7,0.2,9,2.6,nan,9,,,,2.6,0.2,9
2014p679751,2014-09-09T12:11:31Z,-44.14,3.8,168.69,3.8,5.0,0.0,M,,,,2.7,0.1,7,2.3,nan,3,,,,2.3,0.1,3
2014p680039,2014-09-09T14:45:11Z,-38.06,0.8,176.72,0.6,7.0,1.0,M,,,,2.2,0.2,16,1.9,nan,16,,,,1.9,0.2,16
2014p680141,2014-09-09T15:39:15Z,-41.05,1.2,174.38,1.6,51.0,3.0,M,,,,3.8,0.2,23,3.5,nan,23,,,,3.5,0.2,23
2014p680147,2014-09-09T15:42:50Z,-41.29,2.4,172.71,3.7,151.0,5.0,M,,,,,,,2.4,nan,11,,,,2.4,0.3,11
2014p680618,2014-09-09T19:53:38Z,-41.36,1.2,172.36,2.4,10.0,2.0,M,,,,2.6,0.2,8,2.5,nan,8,,,,2.5,0.2,8
2014p681031,2014-09-09T23:33:55Z,-39.28,4.4,175.12,2.8,12.0,0.0,M,,,,1.7,0.3,7,1.4,nan,7,,,,1.4,0.3,7
2014p681111,2014-09-10T00:16:05Z,-37.48,3.0,176.55,4.3,192.0,6.0,M,,,,,,,2.6,nan,18,,,,2.6,0.2,18
2014p681543,2014-09-10T04:06:30Z,-46.26,7.5,166.51,17.1,33.0,0.0,M,,,,2.9,0.2,6,2.7,nan,5,,,,2.7,0.4,5
2014p682116,2014-09-10T09:11:35Z,-40.18,4.4,174.9,2.8,12.0,0.0,M,,,,3.3,0.2,31,3.0,nan,31,,,,3.0,0.1,31
2014p682415,2014-09-10T11:50:42Z,-42.73,1.7,172.56,2.0,32.0,4.0,M,,,,2.6,0.2,11,2.5,nan,11,,,,2.5,0.2,11
2014p682560,2014-09-10T13:08:22Z,-44.7,2.4,168.68,2.3,5.0,0.0,M,,,,3.2,0.1,13,3.0,nan,9,,,,3.0,0.2,9
2014p682698,2014-09-10T14:22:01Z,-40.61,3.7,175.85,3.0,25.0,6.0,M,,,,1.7,0.3,9,1.5,nan,9,,,,1.5,0.3,9
2014p682699,2014-09-10T14:22:27Z,-43.53,7.5,172.7,4.8,5.0,0.0,M,,,,2.6,0.2,7,2.5,nan,7,,,,2.5,0.3,7
2014p683223,2014-09-10T19:01:28Z,-45.29,4.6,167.44,5.4,78.0,9.0,M,,,,3.1,0.2,7,2.7,nan,6,,,,2.7,0.4,6
2014p683468,2014-09-10T21:12:07Z,-41.65,1.2,174.15,1.7,6.0,3.0,M,,,,2.2,0.2,9,2.1,nan,9,,,,2.1,0.2,9
2014p683876,2014-09-11T00:49:14Z,-37.82,1.3,176.83,0.9,8.0,3.0,M,,,,2.2,0.4,7,1.9,nan,8,,,,1.9,0.2,8
2014p683916,2014-09-11T01:10:47Z,-41.03,3.3,172.45,4.8,5.0,0.0,M,,,,2.8,0.2,7,2.6,nan,7,,,,2.6,0.1,7
2014p683926,2014-09-11T01:15:49Z,-40.14,0.8,176.6,1.4,19.0,2.0,M,,,,3.2,0.2,24,2.9,nan,24,,,,2.9,0.1,24
2014p684742,2014-09-11T08:30:40Z,-40.7,0.6,175.83,0.8,27.0,1.0,M,,,,3.0,0.2,16,2.7,nan,16,,,,2.7,0.1,16
2014p685011,2014-09-11T10:54:05Z,-37.48,5.3,177.17,3.1,9.0,1.0,M,,,,2.2,0.2,8,2.1,nan,8,,,,2.1,0.1,8
2014p685573,2014-09-11T15:53:18Z,-43.15,1.4,172.81,1.7,16.0,2.0,M,,,,2.8,0.2,7,2.7,nan,7,,,,2.7,0.2,7
2014p685750,2014-09-11T17:28:02Z,-41.45,1.9,172.67,3.1,101.0,4.0,M,,,,2.7,0.2,7,2.4,nan,8,,,,2.4,0.3,8
2014p685859,2014-09-11T18:26:10Z,-39.74,1.0,174.82,0.9,36.0,2.0,M,,,,3.5,0.3,20,3.2,nan,20,,,,3.2,0.3,20
2014p685946,2014-09-11T19:12:19Z,-40.12,1.4,176.66,2.9,53.0,3.0,M,,,,3.2,0.2,37,3.0,nan,37,,,,3.0,0.2,37
2014p686038,2014-09-11T20:01:33Z,-38.01,2.7,176.38,3.2,155.0,5.0,M,,,,,,,2.5,nan,31,,,,2.5,0.2,31
2014p686266,2014-09-11T22:02:59Z,-43.48,1.9,172.74,1.3,13.0,3.0,M,,,,3.8,0.3,5,3.6,nan,18,,,,3.6,0.3,18
2014p686327,2014-09-11T22:34:54Z,-35.73,14.1,178.86,14.7,278.0,10.0,M,4.3,0.1,4,,,,3.8,nan,25,3.4,0.4,4,4.0,0.3,25
2014p686520,2014-09-12T00:18:11Z,-43.15,1.3,172.78,1.5,18.0,1.0,M,,,,4.7,0.2,7,4.5,nan,96,,,,4.5,0.3,96
2014p686666,2014-09-12T01:36:01Z,-43.48,1.6,172.72,1.1,13.0,3.0,M,,,,2.6,0.1,6,2.4,nan,6,,,,2.4,0.2,6
2014p686803,2014-09-12T02:48:41Z,-39.47,3.6,174.42,3.8,145.0,5.0,M,,,,,,,2.3,nan,10,,,,2.3,0.2,10
2014p686805,2014-09-12T02:50:06Z,-39.49,2.7,174.32,6.0,196.0,7.0,M,,,,2.7,0.2,9,2.4,nan,17,,,,2.4,0.3,17
2014p686815,2014-09-12T02:55:11Z,-43.5,2.0,172.75,1.2,14.0,3.0,M,,,,2.5,0.2,7,2.4,nan,7,,,,2.4,0.2,7
2014p687227,2014-09-12T06:34:47Z,-42.45,1.6,172.97,2.1,19.0,4.0,M,,,,2.6,0.1,14,2.6,nan,14,,,,2.6,0.2,14
2014p687236,2014-09-12T06:39:26Z,-41.7,1.0,174.08,1.0,8.0,2.0,M,,,,2.1,0.1,11,1.9,nan,11,,,,1.9,0.2,11
2014p687442,2014-09-12T08:29:27Z,-37.79,1.3,176.77,1.2,9.0,2.0,M,,,,2.2,0.2,7,2.0,nan,7,,,,2.0,0.1,7
2014p687486,2014-09-12T08:52:35Z,-43.15,2.4,172.8,2.2,14.0,2.0,M,,,,3.3,0.3,7,3.1,nan,12,,,,3.1,0.3,12
2014p688312,2014-09-12T16:13:08Z,-45.22,2.7,167.46,3.4,83.0,4.0,M,,,,2.8,0.3,6,2.2,nan,3,,,,2.2,0.4,3
2014p690111,2014-09-13T08:11:10Z,-45.57,4.0,166.48,8.3,5.0,0.0,M,,,,4.4,0.2,7,4.5,nan,24,,,,4.5,0.3,24
2014p690285,2014-09-13T09:44:15Z,-38.46,0.8,177.55,1.2,68.0,2.0,M,,,,3.1,0.2,23,2.8,nan,23,,,,2.8,0.2,23
2014p690412,2014-09-13T10:51:34Z,-35.42,6.0,178.45,7.7,259.0,10.0,M,,,,,,,4.3,nan,26,,,,4.3,0.2,26
2014p690516,2014-09-13T11:46:53Z,-39.62,2.7,174.11,3.6,196.0,5.0,M,,,,,,,2.5,nan,25,,,,2.5,0.3,25
2014p690942,2014-09-13T15:33:53Z,-40.79,2.4,176.35,2.2,18.0,2.0,M,,,,3.0,0.3,7,2.6,nan,9,,,,2.6,0.3,9
2014p690992,2014-09-13T16:01:12Z,-38.21,2.7,176.04,2.7,165.0,5.0,M,,,,,,,2.5,nan,34,,,,2.5,0.6,34
2014p691161,2014-09-13T17:30:37Z,-45.56,5.5,166.44,8.2,5.0,0.0,M,,,,4.5,0.2,6,4.6,nan,27,,,,4.6,0.3,27
2014p691274,2014-09-13T18:30:47Z,-42.01,1.6,173.75,2.6,51.0,5.0,M,,,,2.8,0.2,13,2.7,nan,13,,,,2.7,0.3,13
2014p691281,2014-09-13T18:34:52Z,-39.43,1.7,175.77,0.5,16.0,1.0,M,,,,1.2,0.5,7,0.7,nan,3,,,,0.7,0.5,3
2014p691374,2014-09-13T19:24:20Z,-39.32,3.0,174.47,5.3,162.0,6.0,M,,,,,,,2.8,nan,12,,,,2.8,0.5,12
2014p691683,2014-09-13T22:09:26Z,-38.52,2.8,175.51,6.2,196.0,6.0,M,,,,,,,3.1,nan,47,,,,3.1,0.4,47
2014p692175,2014-09-14T02:31:00Z,-38.66,0.8,176.03,0.6,9.0,1.0,M,,,,2.5,0.3,13,2.3,nan,13,,,,2.3,0.3,13
2014p692287,2014-09-14T03:30:31Z,-38.65,1.0,176.06,0.8,10.0,1.0,M,,,,2.2,0.3,6,1.8,nan,6,,,,1.8,0.4,6
2014p692298,2014-09-14T03:36:23Z,-37.78,4.4,176.81,2.8,12.0,0.0,M,,,,3.1,0.2,18,2.8,nan,29,,,,2.8,0.3,29
2014p692351,2014-09-14T04:05:02Z,-38.71,0.6,176.02,0.4,9.0,1.0,M,,,,2.3,0.4,11,2.1,nan,11,,,,2.1,0.4,11
2014p692363,2014-09-14T04:11:01Z,-37.76,1.0,176.77,0.8,7.0,1.0,M,,,,2.9,0.2,17,2.7,nan,17,,,,2.7,0.1,17
2014p692458,2014-09-14T05:02:02Z,-41.27,3.2,172.64,5.1,200.0,4.0,M,,,,,,,2.8,nan,19,,,,2.8,0.3,19
2014p692604,2014-09-14T06:19:32Z,-38.64,0.6,176.04,0.9,10.0,1.0,M,,,,2.1,0.4,11,2.0,nan,11,,,,2.0,0.4,11
2014p692645,2014-09-14T06:41:23Z,-38.66,2.4,176.06,1.5,10.0,1.0,M,,,,2.3,0.4,6,1.9,nan,6,,,,1.9,0.4,6
2014p692652,2014-09-14T06:45:28Z,-38.64,0.7,176.03,0.9,10.0,1.0,M,,,,2.3,0.3,14,2.1,nan,14,,,,2.1,0.3,14
2014p692735,2014-09-14T07:29:26Z,-38.66,0.8,176.04,0.9,8.0,1.0,M,,,,2.0,0.4,7,1.8,nan,7,,,,1.8,0.4,7
2014p692815,2014-09-14T08:11:24Z,-36.91,5.4,177.85,3.5,139.0,6.0,M,,,,3.8,0.7,2,3.9,nan,53,,,,3.9,0.5,53
2014p692814,2014-09-14T08:11:25Z,-38.68,0.9,176.04,1.6,5.0,1.0,M,,,,2.6,0.7,6,2.5,nan,6,,,,2.5,0.7,6
2014p692813,2014-09-14T08:11:54Z,-38.08,1.7,176.7,0.8,7.0,1.0,M,,,,3.0,0.6,3,2.5,nan,5,,,,2.5,0.4,5
2014p692931,2014-09-14T09:13:51Z,-38.9,0.7,175.83,0.7,10.0,1.0,M,,,,1.9,0.3,11,1.7,nan,11,,,,1.7,0.4,11
2014p692967,2014-09-14T09:32:56Z,-39.5,5.5,178.73,6.7,33.0,0.0,M,,,,3.0,0.3,13,2.8,nan,13,,,,2.8,0.3,13
2014p693088,2014-09-14T10:37:31Z,-39.13,4.0,174.81,3.9,209.0,4.0,M,,,,2.1,0.3,6,2.5,nan,31,,,,2.5,0.4,31
2014p693092,2014-09-14T10:39:54Z,-38.06,0.6,176.72,0.6,7.0,1.0,M,,,,2.5,0.3,19,2.2,nan,19,,,,2.2,0.3,19
2014p693136,2014-09-14T11:03:09Z,-38.0,0.5,176.76,0.5,8.0,1.0,M,,,,2.2,0.3,13,2.1,nan,13,,,,2.1,0.2,13
2014p693161,2014-09-14T11:16:17Z,-41.66,1.1,174.14,1.2,14.0,2.0,M,,,,2.5,0.2,14,2.2,nan,14,,,,2.2,0.2,14
2014p693167,2014-09-14T11:19:40Z,-38.65,0.6,176.03,0.9,10.0,1.0,M,,,,2.2,0.4,11,1.9,nan,11,,,,1.9,0.4,11
2014p693278,2014-09-14T12:18:42Z,-46.27,6.3,166.85,7.3,91.0,11.0,M,,,,,,,2.1,nan,3,,,,2.1,0.7,3
2014p693303,2014-09-14T12:32:14Z,-38.65,0.4,176.04,0.6,9.0,1.0,M,,,,2.0,0.3,12,1.8,nan,12,,,,1.8,0.4,12
2014p693498,2014-09-14T14:16:08Z,-44.67,1.7,168.31,3.5,84.0,4.0,M,,,,3.2,0.3,10,2.5,nan,4,,,,2.5,0.5,4
2014p693518,2014-09-14T14:26:30Z,-38.65,1.0,176.03,1.4,10.0,2.0,M,,,,1.7,0.2,7,1.5,nan,7,,,,1.5,0.2,7
2014p693535,2014-09-14T14:35:49Z,-38.66,0.4,176.04,0.5,9.0,1.0,M,,,,2.4,0.2,29,2.2,nan,29,,,,2.2,0.3,29
2014p693621,2014-09-14T15:21:29Z,-38.66,0.4,176.04,0.5,9.0,1.0,M,,,,2.5,0.2,31,2.3,nan,31,,,,2.3,0.2,31
2014p693644,2014-09-14T15:33:45Z,-38.63,1.1,176.04,2.1,9.0,2.0,M,,,,2.1,0.2,4,1.8,nan,4,,,,1.8,0.3,4
2014p693710,2014-09-14T16:08:45Z,-37.76,1.4,176.8,1.1,5.0,2.0,M,,,,2.2,0.3,9,2.1,nan,9,,,,2.1,0.3,9
2014p693750,2014-09-14T16:30:31Z,-42.05,1.5,174.48,2.1,44.0,3.0,M,,,,2.7,0.2,13,2.6,nan,13,,,,2.6,0.3,13
2014p693905,2014-09-14T17:52:39Z,-38.52,1.0,177.87,1.7,20.0,1.0,M,,,,2.7,0.2,12,2.4,nan,12,,,,2.4,0.3,12
2014p693909,2014-09-14T17:54:18Z,-40.22,2.4,173.55,3.8,185.0,5.0,M,,,,,,,2.7,nan,18,,,,2.7,0.2,18
2014p693975,2014-09-14T18:30:20Z,-37.78,4.4,176.81,2.8,5.0,0.0,M,,,,3.5,0.2,13,3.1,nan,13,,,,3.1,0.1,13
2014p694523,2014-09-14T23:22:09Z,-38.92,0.5,175.85,0.6,9.0,1.0,M,,,,2.4,0.2,20,2.2,nan,20,,,,2.2,0.2,20
2014p694562,2014-09-14T23:42:57Z,-38.91,1.0,175.85,0.9,10.0,1.0,M,,,,2.1,0.2,15,1.9,nan,16,,,,1.9,0.2,16
2014p694578,2014-09-14T23:51:31Z,-38.66,0.6,176.03,0.8,9.0,1.0,M,,,,2.3,0.3,13,2.1,nan,13,,,,2.1,0.2,13
2014p694605,2014-09-15T00:05:41Z,-38.92,0.7,175.86,0.7,10.0,1.0,M,,,,2.7,0.2,21,2.5,nan,21,,,,2.5,0.2,21
2014p694617,2014-09-15T00:11:58Z,-38.9,0.8,175.87,0.8,11.0,1.0,M,,,,2.2,0.2,13,1.9,nan,13,,,,1.9,0.2,13
2014p694621,2014-09-15T00:14:14Z,-38.91,0.6,175.85,0.6,10.0,1.0,M,,,,1.9,0.2,13,1.7,nan,13,,,,1.7,0.2,13
2014p694915,2014-09-15T02:51:13Z,-38.9,1.0,175.88,1.0,8.0,1.0,M,,,,1.8,0.2,12,1.5,nan,12,,,,1.5,0.2,12
2014p695026,2014-09-15T03:49:57Z,-42.36,0.8,173.07,1.0,13.0,2.0,M,,,,2.6,0.2,7,2.6,nan,7,,,,2.6,0.2,7
2014p695670,2014-09-15T09:33:16Z,-41.68,1.1,174.09,1.3,7.0,3.0,M,,,,2.4,0.1,10,2.2,nan,10,,,,2.2,0.1,10
2014p695921,2014-09-15T11:46:46Z,-37.2,5.1,176.83,5.2,179.0,8.0,M,,,,2.8,0.3,12,2.6,nan,19,,,,2.6,0.3,19
2014p696263,2014-09-15T14:49:13Z,-38.5,1.8,175.81,2.2,160.0,4.0,M,,,,,,,3.6,nan,43,,,,3.6,0.5,43
2014p696508,2014-09-15T16:59:36Z,-37.93,4.2,176.25,4.0,201.0,6.0,M,,,,,,,2.5,nan,25,,,,2.5,0.3,25
2014p696774,2014-09-15T19:21:40Z,-44.83,3.3,168.67,3.2,10.0,4.0,M,,,,2.8,0.3,8,2.4,nan,5,,,,2.4,0.2,5
2014p697194,2014-09-15T23:04:52Z,-40.62,5.8,179.97,5.0,33.0,0.0,M,,,,3.6,0.2,19,3.5,nan,19,,,,3.5,0.2,19
2014p697211,2014-09-15T23:14:08Z,-37.02,10.1,176.82,12.9,304.0,10.0,M,,,,3.0,0.3,12,2.8,nan,19,,,,2.8,0.3,19
2014p697430,2014-09-16T01:11:01Z,-42.52,1.7,172.7,3.3,53.0,6.0,M,,,,2.6,0.2,7,2.2,nan,3,,,,2.2,0.1,3
2014p697539,2014-09-16T02:09:07Z,-40.33,2.4,173.37,2.8,191.0,5.0,M,,,,4.0,0.3,5,4.1,nan,25,,,,4.1,0.1,25
2014p697602,2014-09-16T02:42:54Z,-37.76,6.2,176.77,5.0,147.0,6.0,M,,,,,,,2.5,nan,5,,,,2.5,0.5,5
2014p698093,2014-09-16T07:04:08Z,-39.45,1.4,175.74,0.7,17.0,1.0,M,,,,2.2,0.2,16,1.9,nan,16,,,,1.9,0.2,16
2014p698144,2014-09-16T07:31:31Z,-40.47,4.5,177.29,5.2,33.0,0.0,M,,,,3.4,0.2,16,3.1,nan,16,,,,3.1,0.2,16
2014p698376,2014-09-16T09:34:52Z,-47.93,13.3,165.13,15.0,33.0,0.0,M,,,,5.3,0.2,8,5.1,nan,8,,,,5.1,0.2,8
2014p698677,2014-09-16T12:15:13Z,-36.04,20.1,177.83,18.3,182.0,24.0,M,,,,3.2,0.1,9,3.1,nan,9,,,,3.1,0.1,9
2014p698701,2014-09-16T12:27:36Z,-47.7,10.4,165.47,10.2,12.0,0.0,M,,,,4.5,0.1,7,4.2,nan,7,,,,4.2,0.2,7
2014p698703,2014-09-16T12:29:30Z,-39.93,1.4,176.23,1.1,24.0,2.0,M,,,,2.0,0.4,7,1.8,nan,7,,,,1.8,0.4,7
2014p699466,2014-09-16T19:15:51Z,-44.99,2.4,167.59,3.8,90.0,4.0,M,,,,,,,2.3,nan,3,,,,2.3,0.5,3
2014p699477,2014-09-16T19:21:50Z,-39.27,4.5,174.81,2.2,26.0,5.0,M,,,,2.2,0.2,6,2.0,nan,6,,,,2.0,0.2,6
2014p699490,2014-09-16T19:28:42Z,-40.17,1.5,174.8,0.8,22.0,4.0,M,,,,4.0,0.3,30,3.8,nan,30,,,,3.8,0.2,30
2014p699704,2014-09-16T21:22:41Z,-39.62,4.2,174.12,6.6,209.0,8.0,M,,,,,,,2.7,nan,13,,,,2.7,0.3,13
2014p699831,2014-09-16T22:30:20Z,-44.88,4.9,166.67,7.5,12.0,0.0,M,,,,3.2,0.3,9,2.8,nan,5,,,,2.8,0.2,5
2014p700000,2014-09-17T00:01:07Z,-38.11,2.6,176.32,3.1,163.0,5.0,M,,,,,,,2.7,nan,38,,,,2.7,0.2,38
2014p700100,2014-09-17T00:53:25Z,-47.63,8.6,165.57,8.8,12.0,0.0,M,,,,4.5,0.2,12,4.3,nan,12,,,,4.3,0.2,12
2014p700220,2014-09-17T01:57:25Z,-43.6,8.7,172.38,5.6,5.0,0.0,M,,,,2.6,0.2,7,2.5,nan,7,,,,2.5,0.3,7
2014p700223,2014-09-17T01:57:43Z,-47.68,7.4,165.49,7.4,12.0,0.0,M,,,,5.2,0.2,10,5.0,nan,10,,,,5.0,0.2,10
2014p700386,2014-09-17T03:26:50Z,-38.61,1.7,175.77,1.9,157.0,3.0,M,,,,,,,3.2,nan,48,,,,3.2,0.4,48
2014p700473,2014-09-17T04:12:57Z,-38.2,1.6,176.76,5.5,72.0,3.0,M,,,,2.2,0.2,8,2.0,nan,8,,,,2.0,0.3,8
2014p700860,2014-09-17T07:38:28Z,-41.65,1.5,174.2,1.7,5.0,5.0,M,,,,2.7,0.2,12,2.5,nan,12,,,,2.5,0.2,12
2014p700871,2014-09-17T07:44:11Z,-38.9,0.6,175.9,0.6,7.0,1.0,M,,,,1.6,0.3,8,1.3,nan,8,,,,1.3,0.3,8
2014p700965,2014-09-17T08:34:32Z,-38.91,0.6,175.85,0.8,10.0,1.0,M,,,,2.9,0.2,30,2.6,nan,30,,,,2.6,0.2,30
2014p700980,2014-09-17T08:42:28Z,-40.96,1.4,172.63,1.4,5.0,2.0,M,,,,3.1,0.2,16,2.9,nan,16,,,,2.9,0.1,16
2014p700995,2014-09-17T08:50:39Z,-41.21,1.5,173.36,3.0,86.0,3.0,M,,,,,,,2.7,nan,15,,,,2.7,0.2,15
2014p701090,2014-09-17T09:41:04Z,-38.9,0.8,175.86,0.7,8.0,1.0,M,,,,1.5,0.2,11,1.2,nan,11,,,,1.2,0.2,11
2014p701150,2014-09-17T10:13:09Z,-39.14,0.9,177.48,1.1,29.0,2.0,M,,,,3.2,0.3,12,2.9,nan,12,,,,2.9,0.2,12
2014p701166,2014-09-17T10:21:39Z,-38.48,5.7,175.33,10.4,248.0,9.0,M,,,,,,,2.3,nan,15,,,,2.3,0.3,15
2014p701182,2014-09-17T10:29:46Z,-39.28,0.8,175.52,1.0,12.0,1.0,M,,,,1.2,0.3,13,1.0,nan,13,,,,1.0,0.3,13
2014p701587,2014-09-17T14:05:56Z,-38.18,10.0,176.44,7.6,35.0,10.0,M,,,,1.6,0.2,7,1.4,nan,7,,,,1.4,0.3,7
2014p701612,2014-09-17T14:19:05Z,-37.12,2.8,177.61,2.5,138.0,5.0,M,,,,,,,3.0,nan,24,,,,3.0,0.2,24
2014p701706,2014-09-17T15:09:56Z,-37.2,4.3,176.63,12.1,230.0,8.0,M,,,,,,,2.7,nan,19,,,,2.7,0.4,19
2014p701817,2014-09-17T16:08:21Z,-46.34,5.9,166.13,7.3,12.0,0.0,M,,,,3.7,0.2,12,3.6,nan,12,,,,3.6,0.2,12
2014p701937,2014-09-17T17:12:02Z,-43.35,1.8,172.27,1.3,6.0,3.0,M,,,,2.1,0.2,8,2.1,nan,8,,,,2.1,0.3,8
2014p702066,2014-09-17T18:21:04Z,-37.92,2.1,176.28,1.8,181.0,4.0,M,,,,,,,3.1,nan,62,,,,3.1,0.4,62
2014p702144,2014-09-17T19:02:48Z,-44.95,8.7,166.91,5.6,12.0,0.0,M,,,,3.3,0.2,11,3.1,nan,11,,,,3.1,0.3,11
2014p702339,2014-09-17T20:46:43Z,-38.9,0.9,175.85,0.8,11.0,1.0,M,,,,1.7,0.2,13,1.4,nan,13,,,,1.4,0.2,13
2014p702496,2014-09-17T22:10:17Z,-38.29,0.4,176.39,0.6,6.0,2.0,M,,,,2.0,0.2,5,1.7,nan,5,,,,1.7,0.2,5
2014p702524,2014-09-17T22:24:48Z,-38.28,0.4,176.4,0.4,6.0,1.0,M,,,,2.5,0.3,15,2.2,nan,15,,,,2.2,0.2,15
2014p702927,2014-09-18T01:59:58Z,-41.64,1.0,174.18,1.7,10.0,3.0,M,,,,2.2,0.2,9,2.1,nan,9,,,,2.1,0.4,9
2014p702965,2014-09-18T02:20:06Z,-41.74,1.3,173.97,1.1,16.0,2.0,M,,,,2.7,0.1,11,2.4,nan,12,,,,2.4,0.1,12
2014p703724,2014-09-18T09:04:35Z,-36.98,4.8,177.3,3.0,149.0,6.0,M,,,,,,,2.7,nan,17,,,,2.7,0.2,17
2014p704878,2014-09-18T19:19:09Z,-43.56,1.8,172.73,1.1,14.0,4.0,M,,,,2.5,0.2,7,2.3,nan,7,,,,2.3,0.2,7
2014p705238,2014-09-18T22:31:03Z,-38.89,0.8,175.87,0.9,12.0,1.0,M,,,,2.8,0.2,17,2.5,nan,17,,,,2.5,0.2,17
2014p705245,2014-09-18T22:35:03Z,-38.89,0.5,175.88,0.6,10.0,1.0,M,,,,2.2,0.2,13,1.9,nan,13,,,,1.9,0.1,13
2014p705463,2014-09-19T00:30:54Z,-45.0,4.1,167.73,5.1,69.0,5.0,M,,,,3.7,0.2,12,3.6,nan,12,,,,3.6,0.2,12
2014p705569,2014-09-19T01:27:16Z,-39.06,3.2,175.27,3.5,155.0,4.0,M,,,,,,,2.6,nan,21,,,,2.6,0.4,21
2014p705668,2014-09-19T02:20:20Z,-39.67,2.4,177.12,2.0,31.0,2.0,M,,,,1.9,0.3,7,1.7,nan,7,,,,1.7,0.3,7
2014p705845,2014-09-19T03:54:23Z,-38.35,2.6,175.87,2.4,184.0,5.0,M,,,,,,,2.9,nan,36,,,,2.9,0.2,36
2014p706699,2014-09-19T11:29:14Z,-40.46,1.6,174.63,1.3,94.0,3.0,M,,,,4.5,0.2,7,4.3,nan,35,,,,4.3,0.2,35
2014p706718,2014-09-19T11:39:29Z,-45.08,2.9,167.6,3.9,98.0,3.0,M,,,,,,,3.2,nan,12,,,,3.2,0.3,12
2014p706772,2014-09-19T12:08:28Z,-37.86,3.9,176.06,10.0,195.0,8.0,M,,,,,,,2.6,nan,16,,,,2.6,0.2,16
2014p707040,2014-09-19T14:30:58Z,-38.86,7.8,175.1,18.3,239.0,14.0,M,,,,,,,2.7,nan,11,,,,2.7,0.3,11
2014p707424,2014-09-19T17:55:35Z,-42.11,1.0,173.85,2.6,30.0,3.0,M,,,,3.7,0.1,22,3.5,nan,22,,,,3.5,0.2,22
2014p707717,2014-09-19T20:31:59Z,-41.67,1.7,174.1,1.3,11.0,3.0,M,,,,2.1,0.3,8,2.0,nan,8,,,,2.0,0.3,8
2014p708171,2014-09-20T00:33:46Z,-43.47,1.7,172.77,1.4,7.0,2.0,M,,,,2.9,0.2,10,2.7,nan,10,,,,2.7,0.2,10
2014p708390,2014-09-20T02:30:14Z,-37.79,3.5,176.7,3.0,147.0,6.0,M,,,,,,,2.6,nan,17,,,,2.6,0.3,17
2014p708879,2014-09-20T06:51:28Z,-40.58,0.9,175.9,1.0,28.0,1.0,M,,,,1.4,0.2,6,1.3,nan,6,,,,1.3,0.2,6
2014p708914,2014-09-20T07:09:23Z,-36.75,5.5,177.57,7.3,206.0,8.0,M,,,,,,,3.3,nan,19,,,,3.3,0.4,19
2014p708981,2014-09-20T07:45:04Z,-35.96,8.3,177.94,14.2,5.0,0.0,M,,,,3.4,0.1,6,3.2,nan,6,,,,3.2,0.1,6
2014p709011,2014-09-20T08:01:09Z,-35.97,6.8,178.22,11.6,5.0,0.0,M,,,,3.5,0.1,8,3.2,nan,8,,,,3.2,0.1,8
2014p709067,2014-09-20T08:31:11Z,-36.96,3.5,177.38,3.3,186.0,5.0,M,,,,,,,3.3,nan,43,,,,3.3,0.3,43
2014p709167,2014-09-20T09:24:36Z,-41.74,2.0,174.02,1.3,11.0,2.0,M,,,,2.3,0.2,9,2.2,nan,9,,,,2.2,0.3,9
2014p709259,2014-09-20T10:13:12Z,-35.44,32.4,178.41,19.6,5.0,0.0,M,,,,3.7,0.2,12,3.5,nan,10,,,,3.5,0.2,10
2014p709320,2014-09-20T10:46:13Z,-40.6,0.7,175.88,1.0,34.0,2.0,M,,,,3.1,0.3,16,2.8,nan,16,,,,2.8,0.2,16
2014p709619,2014-09-20T13:24:54Z,-35.65,19.0,178.49,22.9,5.0,0.0,M,,,,3.5,0.2,8,3.3,nan,8,,,,3.3,0.2,8
2014p710000,2014-09-20T16:48:04Z,-39.25,0.9,174.36,1.0,22.0,2.0,M,,,,2.8,0.2,20,2.5,nan,20,,,,2.5,0.2,20
2014p710859,2014-09-21T00:26:05Z,-40.66,5.2,175.84,6.0,14.0,7.0,M,,,,1.8,0.2,12,1.6,nan,12,,,,1.6,0.1,12
2014p710914,2014-09-21T00:55:24Z,-45.15,3.2,167.62,4.3,122.0,4.0,M,,,,,,,3.4,nan,8,,,,3.4,0.2,8
2014p711018,2014-09-21T01:50:25Z,-44.04,4.6,169.61,2.8,5.0,0.0,M,,,,3.4,0.2,6,3.3,nan,6,,,,3.3,0.2,6
2014p711127,2014-09-21T02:48:41Z,-40.59,0.7,175.9,1.0,29.0,1.0,M,,,,2.1,0.2,15,2.0,nan,15,,,,2.0,0.2,15
2014p711140,2014-09-21T02:55:34Z,-40.53,0.6,175.77,0.9,5.0,2.0,M,,,,2.3,0.1,10,2.1,nan,10,,,,2.1,0.1,10
2014p711212,2014-09-21T03:34:11Z,-39.52,1.3,175.68,0.8,21.0,1.0,M,,,,1.2,0.4,7,1.1,nan,7,,,,1.1,0.5,7
2014p711283,2014-09-21T04:11:54Z,-38.27,3.9,175.97,4.4,193.0,6.0,M,,,,,,,2.4,nan,25,,,,2.4,0.2,25
2014p711324,2014-09-21T04:33:31Z,-38.57,0.5,176.22,0.7,5.0,1.0,M,,,,1.9,0.4,8,1.7,nan,8,,,,1.7,0.3,8
2014p711339,2014-09-21T04:41:36Z,-40.93,0.7,175.8,1.0,25.0,2.0,M,,,,1.9,0.2,9,1.7,nan,9,,,,1.7,0.2,9
2014p711429,2014-09-21T05:29:54Z,-39.84,0.9,176.74,1.0,46.0,2.0,M,,,,2.0,0.2,10,1.8,nan,10,,,,1.8,0.2,10
2014p711503,2014-09-21T06:08:55Z,-40.58,4.4,175.82,5.2,5.0,0.0,M,,,,2.2,0.2,17,2.1,nan,17,,,,2.1,0.1,17
2014p711620,2014-09-21T07:11:12Z,-44.28,5.7,169.55,3.1,5.0,0.0,M,,,,3.1,0.2,8,3.0,nan,8,,,,3.0,0.2,8
2014p712091,2014-09-21T11:22:10Z,-39.48,1.3,175.73,1.1,17.0,3.0,M,,,,1.7,0.2,8,1.5,nan,8,,,,1.5,0.2,8
2014p712230,2014-09-21T12:35:58Z,-35.96,11.2,178.19,8.0,5.0,0.0,M,,,,3.6,0.2,7,3.5,nan,7,,,,3.5,0.1,7
2014p712368,2014-09-21T13:49:51Z,-39.74,2.2,174.51,2.8,118.0,6.0,M,,,,,,,2.5,nan,19,,,,2.5,0.2,19
2014p712437,2014-09-21T14:26:43Z,-39.39,1.2,175.03,1.5,36.0,3.0,M,,,,2.3,0.3,12,2.0,nan,12,,,,2.0,0.3,12
2014p712505,2014-09-21T15:02:30Z,-35.94,6.6,178.6,11.3,5.0,0.0,M,,,,5.1,0.2,24,5.0,nan,77,,,,5.0,0.2,77
2014p712511,2014-09-21T15:05:30Z,-36.03,4.8,178.67,8.9,5.0,0.0,M,,,,5.1,0.2,25,4.9,nan,25,,,,4.9,0.2,25
2014p712509,2014-09-21T15:06:23Z,-38.62,0.5,176.22,0.7,8.0,1.0,M,,,,3.5,0.2,7,3.0,nan,8,,,,3.0,0.3,8
2014p712517,2014-09-21T15:09:13Z,-38.62,0.6,176.22,0.7,8.0,1.0,M,,,,3.3,0.2,25,3.0,nan,25,,,,3.0,0.2,25
2014p712523,2014-09-21T15:12:20Z,-39.68,1.2,176.11,0.6,23.0,2.0,M,,,,2.6,0.2,18,2.4,nan,18,,,,2.4,0.4,18
2014p712526,2014-09-21T15:14:16Z,-38.61,1.4,176.22,0.9,5.0,1.0,M,,,,3.0,0.2,9,2.7,nan,9,,,,2.7,0.2,9
2014p712527,2014-09-21T15:14:37Z,-39.08,1.1,177.78,2.4,54.0,2.0,M,,,,3.0,0.4,13,2.7,nan,13,,,,2.7,0.4,13
2014p712531,2014-09-21T15:16:42Z,-38.62,0.6,176.21,0.5,6.0,1.0,M,,,,2.8,0.3,24,2.5,nan,24,,,,2.5,0.2,24
2014p712536,2014-09-21T15:19:11Z,-38.61,0.5,176.22,0.6,5.0,1.0,M,,,,2.6,0.2,19,2.3,nan,19,,,,2.3,0.2,19
2014p712546,2014-09-21T15:24:38Z,-38.62,0.4,176.22,0.4,5.0,1.0,M,,,,2.0,0.2,6,1.7,nan,6,,,,1.7,0.2,6
2014p712958,2014-09-21T19:04:23Z,-38.73,23.7,176.16,13.6,145.0,27.0,M,,,,2.6,0.5,7,2.5,nan,13,,,,2.5,0.5,13
2014p713129,2014-09-21T20:35:13Z,-42.38,1.0,173.87,2.6,23.0,3.0,M,,,,3.6,0.2,16,3.4,nan,16,,,,3.4,0.2,16
2014p713136,2014-09-21T20:39:10Z,-37.61,6.0,176.41,7.8,205.0,9.0,M,,,,,,,2.4,nan,9,,,,2.4,0.1,9
2014p713233,2014-09-21T21:30:51Z,-37.61,1.9,177.94,2.8,58.0,3.0,M,,,,2.5,0.3,6,2.2,nan,6,,,,2.2,0.3,6
2014p713651,2014-09-22T01:13:33Z,-39.32,1.3,177.68,1.8,62.0,2.0,M,,,,3.0,0.3,15,2.7,nan,15,,,,2.7,0.2,15
2014p713663,2014-09-22T01:20:03Z,-44.28,2.6,169.55,2.8,5.0,0.0,M,,,,3.9,0.2,13,3.8,nan,13,,,,3.8,0.2,13
2014p713767,2014-09-22T02:15:05Z,-39.73,1.1,176.9,1.2,41.0,2.0,M,,,,3.4,0.3,9,3.0,nan,10,,,,3.0,0.3,10
2014p714750,2014-09-22T10:58:56Z,-39.05,1.9,175.71,2.6,108.0,3.0,M,,,,1.9,0.4,6,2.3,nan,19,,,,2.3,0.5,19
2014p714818,2014-09-22T11:35:14Z,-38.73,3.4,175.29,4.1,228.0,5.0,M,,,,,,,2.8,nan,21,,,,2.8,0.3,21
2014p714877,2014-09-22T12:06:46Z,-40.53,0.8,175.93,0.9,24.0,1.0,M,,,,4.2,0.2,24,3.8,nan,24,,,,3.8,0.2,24
2014p715167,2014-09-22T14:41:22Z,-40.54,1.1,175.93,2.8,25.0,3.0,M,,,,5.8,0.2,30,5.5,nan,30,,,,5.5,0.2,30
2014p715168,2014-09-22T14:41:38Z,-40.5,0.7,175.94,0.9,11.0,2.0,M,,,,5.3,0.2,5,5.2,nan,13,,,,5.2,0.3,13
2014p715530,2014-09-22T17:54:33Z,-39.03,6.4,174.87,11.9,294.0,9.0,M,,,,2.8,0.7,7,2.6,nan,13,,,,2.6,0.6,13
2014p715801,2014-09-22T20:17:41Z,-32.77,12.7,-179.38,28.8,33.0,0.0,M,5.0,0.4,3,5.0,0.4,8,4.9,nan,10,4.3,0.4,3,5.0,0.3,10
2014p716071,2014-09-22T22:43:08Z,-38.95,7.0,175.07,14.4,238.0,11.0,M,,,,,,,2.5,nan,4,,,,2.5,0.4,4
2014p716214,2014-09-22T23:59:14Z,-39.36,3.3,175.11,3.5,38.0,5.0,M,,,,2.0,0.3,9,1.8,nan,9,,,,1.8,0.3,9
2014p716283,2014-09-23T00:35:53Z,-40.86,1.2,174.5,1.5,63.0,2.0,M,,,,3.1,0.3,18,2.8,nan,18,,,,2.8,0.3,18
2014p716312,2014-09-23T00:51:43Z,-38.04,0.7,176.7,1.0,9.0,1.0,M,,,,2.4,0.3,6,2.2,nan,6,,,,2.2,0.3,6
2014p716506,2014-09-23T02:34:56Z,-44.32,3.8,167.93,4.9,5.0,0.0,M,,,,3.7,0.2,12,3.6,nan,12,,,,3.6,0.1,12
2014p716599,2014-09-23T03:24:12Z,-40.53,0.7,175.95,0.9,23.0,1.0,M,,,,4.0,0.2,19,3.7,nan,19,,,,3.7,0.2,19
2014p716610,2014-09-23T03:30:26Z,-41.09,1.2,175.05,1.1,36.0,2.0,M,,,,1.5,0.3,6,1.3,nan,6,,,,1.3,0.3,6
2014p716643,2014-09-23T03:47:54Z,-40.54,0.8,175.93,1.1,25.0,1.0,M,,,,3.2,0.2,19,2.9,nan,19,,,,2.9,0.2,19
2014p717218,2014-09-23T08:53:59Z,-44.57,6.6,167.46,7.3,5.0,0.0,M,,,,3.0,0.3,8,2.7,nan,5,,,,2.7,0.2,5
2014p718316,2014-09-23T18:38:55Z,-37.0,6.0,177.53,5.0,159.0,7.0,M,,,,2.8,0.1,6,2.7,nan,15,,,,2.7,0.1,15
2014p718783,2014-09-23T22:47:35Z,-38.39,2.8,175.9,3.4,182.0,5.0,M,,,,,,,2.7,nan,31,,,,2.7,0.3,31
2014p719711,2014-09-24T07:02:20Z,-39.48,21.1,175.4,7.8,31.0,14.0,M,,,,1.6,0.2,9,1.4,nan,9,,,,1.4,0.3,9
2014p721350,2014-09-24T21:35:52Z,-40.43,2.5,178.63,2.9,33.0,0.0,M,,,,4.3,0.2,24,4.3,nan,131,,,,4.3,0.4,131
2014p721436,2014-09-24T22:21:16Z,-38.97,2.2,176.12,2.5,66.0,8.0,M,,,,1.9,0.2,12,1.6,nan,12,,,,1.6,0.2,12
2014p721892,2014-09-25T02:24:36Z,-41.14,4.1,172.53,5.7,224.0,5.0,M,,,,,,,3.2,nan,12,,,,3.2,0.2,12
2014p721931,2014-09-25T02:45:03Z,-37.12,6.3,177.33,7.1,139.0,11.0,M,,,,,,,2.6,nan,13,,,,2.6,0.2,13
2014p722178,2014-09-25T04:56:53Z,-36.07,12.7,178.09,7.4,5.0,0.0,M,,,,4.1,0.3,18,3.8,nan,19,,,,3.8,0.3,19
2014p722248,2014-09-25T05:33:39Z,-38.28,2.1,175.84,2.4,213.0,4.0,M,,,,,,,3.0,nan,49,,,,3.0,0.3,49
2014p722273,2014-09-25T05:47:24Z,-41.24,2.3,172.79,3.5,149.0,4.0,M,,,,,,,2.8,nan,14,,,,2.8,0.2,14
2014p722426,2014-09-25T07:08:36Z,-38.29,1.7,176.13,1.8,164.0,3.0,M,,,,1.8,0.4,6,2.8,nan,43,,,,2.8,0.3,43
2014p722578,2014-09-25T08:29:46Z,-39.21,1.0,175.26,1.1,32.0,2.0,M,,,,2.0,0.2,12,1.7,nan,12,,,,1.7,0.4,12
2014p722855,2014-09-25T10:56:59Z,-38.49,5.0,175.24,7.4,262.0,8.0,M,,,,2.2,0.2,6,2.5,nan,24,,,,2.5,0.4,24
2014p723151,2014-09-25T13:35:19Z,-38.67,7.4,176.09,6.3,7.0,2.0,M,,,,2.0,0.2,6,1.7,nan,6,,,,1.7,0.2,6
2014p723616,2014-09-25T17:42:45Z,-35.8,5.5,178.27,9.2,5.0,0.0,M,,,,3.7,0.2,12,3.5,nan,12,,,,3.5,0.2,12
2014p723915,2014-09-25T20:22:10Z,-38.53,2.8,175.93,7.0,167.0,6.0,M,,,,2.1,0.2,6,2.2,nan,13,,,,2.2,0.3,13
2014p724095,2014-09-25T21:58:20Z,-38.07,6.8,179.12,4.4,33.0,0.0,M,,,,3.8,0.3,16,3.5,nan,16,,,,3.5,0.2,16
2014p724136,2014-09-25T22:19:49Z,-38.07,7.4,179.12,6.3,33.0,0.0,M,,,,3.1,0.2,11,2.8,nan,11,,,,2.8,0.2,11
2014p724303,2014-09-25T23:48:51Z,-43.45,2.6,172.81,3.6,4.0,3.0,M,,,,2.5,0.1,13,2.5,nan,13,,,,2.5,0.2,13
2014p724856,2014-09-26T04:43:32Z,-39.06,2.5,174.86,3.1,223.0,3.0,M,,,,,,,3.4,nan,46,,,,3.4,0.3,46
2014p724869,2014-09-26T04:50:28Z,-38.89,0.5,175.88,0.7,12.0,1.0,M,,,,1.9,0.2,12,1.6,nan,12,,,,1.6,0.2,12
2014p725104,2014-09-26T06:55:35Z,-36.13,13.6,178.45,10.5,5.0,0.0,M,,,,3.6,0.2,12,3.3,nan,12,,,,3.3,0.1,12
2014p725120,2014-09-26T07:04:17Z,-38.27,8.5,178.64,5.5,12.0,0.0,M,,,,3.6,0.2,13,3.3,nan,13,,,,3.3,0.2,13
2014p725455,2014-09-26T10:02:23Z,-35.94,7.3,178.39,14.6,5.0,0.0,M,,,,3.6,0.1,12,3.4,nan,12,,,,3.4,0.1,12
2014p725531,2014-09-26T10:43:11Z,-36.49,7.3,177.57,8.3,224.0,9.0,M,,,,,,,2.8,nan,12,,,,2.8,0.2,12
2014p725586,2014-09-26T11:12:12Z,-36.05,10.6,178.01,6.0,210.0,11.0,M,,,,3.4,0.2,9,3.0,nan,12,,,,3.0,0.2,12
2014p725812,2014-09-26T13:12:50Z,-38.64,2.6,175.82,2.7,128.0,5.0,M,,,,,,,2.0,nan,11,,,,2.0,0.4,11
2014p726023,2014-09-26T15:05:19Z,-37.74,2.7,176.23,2.0,222.0,5.0,M,,,,,,,3.1,nan,58,,,,3.1,0.4,58
2014p726160,2014-09-26T16:18:30Z,-38.96,0.6,175.76,1.2,14.0,1.0,M,,,,1.7,0.2,12,1.4,nan,12,,,,1.4,0.2,12
2014p726338,2014-09-26T17:52:51Z,-37.06,4.9,176.79,5.9,246.0,7.0,M,,,,,,,2.8,nan,31,,,,2.8,0.3,31
2014p726629,2014-09-26T20:28:03Z,-39.22,0.6,175.3,0.9,18.0,1.0,M,,,,3.3,0.2,25,3.0,nan,25,,,,3.0,0.2,25
2014p727392,2014-09-27T03:14:39Z,-45.2,2.3,167.52,3.2,114.0,4.0,M,,,,,,,3.2,nan,12,,,,3.2,0.2,12
2014p727535,2014-09-27T04:30:46Z,-38.49,10.7,175.23,10.0,286.0,10.0,M,,,,,,,2.3,nan,12,,,,2.3,0.3,12
2014p727717,2014-09-27T06:08:01Z,-35.5,13.9,178.77,39.3,33.0,0.0,M,,,,3.7,0.3,9,3.5,nan,9,,,,3.5,0.2,9
2014p727759,2014-09-27T06:30:24Z,-39.24,0.7,177.17,1.2,9.0,2.0,M,,,,3.2,0.2,41,2.9,nan,41,,,,2.9,0.2,41
2014p728072,2014-09-27T09:16:54Z,-39.18,1.6,175.48,3.0,15.0,2.0,M,,,,0.9,0.2,6,0.7,nan,6,,,,0.7,0.3,6
2014p728308,2014-09-27T11:22:50Z,-38.36,2.3,175.97,2.3,167.0,6.0,M,,,,,,,2.4,nan,39,,,,2.4,0.5,39
2014p728625,2014-09-27T14:11:30Z,-37.66,2.6,177.12,2.3,137.0,4.0,M,,,,3.1,0.6,7,2.8,nan,31,,,,2.8,0.3,31
2014p729672,2014-09-27T23:29:23Z,-43.62,1.2,172.58,1.1,11.0,2.0,M,,,,2.8,0.1,6,2.6,nan,6,,,,2.6,0.2,6
2014p730031,2014-09-28T02:41:04Z,-39.45,1.1,175.85,1.4,56.0,2.0,M,,,,4.0,0.2,28,3.7,nan,28,,,,3.7,0.2,28
2014p730076,2014-09-28T03:04:45Z,-44.45,4.4,168.61,4.1,5.0,0.0,M,,,,3.2,0.2,6,2.9,nan,5,,,,2.9,0.3,5
2014p730438,2014-09-28T06:17:36Z,-38.65,6.5,175.54,10.9,179.0,9.0,M,,,,,,,2.3,nan,6,,,,2.3,0.4,6
2014p730628,2014-09-28T07:59:18Z,-40.52,4.6,176.62,7.5,13.0,7.0,M,,,,2.2,0.2,7,2.0,nan,7,,,,2.0,0.2,7
2014p731381,2014-09-28T14:40:14Z,-38.43,0.4,176.19,0.4,5.0,1.0,M,,,,2.0,0.2,7,1.7,nan,7,,,,1.7,0.1,7
2014p731386,2014-09-28T14:42:45Z,-38.44,0.5,176.17,0.5,10.0,1.0,M,,,,2.4,0.2,10,2.1,nan,10,,,,2.1,0.2,10
2014p731393,2014-09-28T14:46:22Z,-41.81,1.3,172.79,2.5,74.0,5.0,M,,,,2.8,0.2,11,2.7,nan,11,,,,2.7,0.3,11
2014p731424,2014-09-28T15:02:40Z,-38.35,4.7,176.29,7.7,27.0,10.0,M,,,,2.6,0.3,9,2.3,nan,9,,,,2.3,0.3,9
2014p731524,2014-09-28T15:56:01Z,-40.37,2.4,173.34,3.2,174.0,4.0,M,,,,,,,3.0,nan,33,,,,3.0,0.3,33
2014p731611,2014-09-28T16:42:36Z,-45.3,6.0,167.02,6.9,5.0,0.0,M,,,,2.9,0.3,6,2.6,nan,3,,,,2.6,0.1,3
2014p732101,2014-09-28T21:03:35Z,-38.69,1.6,178.56,2.6,29.0,6.0,M,,,,3.1,0.2,17,2.9,nan,17,,,,2.9,0.2,17
2014p732250,2014-09-28T22:23:14Z,-38.99,1.1,177.51,1.2,28.0,2.0,M,,,,2.7,0.3,16,2.4,nan,16,,,,2.4,0.2,16
2014p732388,2014-09-28T23:36:46Z,-42.34,4.1,171.32,4.7,5.0,0.0,M,,,,2.7,0.2,6,2.3,nan,4,,,,2.3,0.4,4
2014p732919,2014-09-29T04:20:29Z,-39.24,4.4,175.27,4.6,22.0,4.0,M,,,,1.9,0.1,12,1.7,nan,12,,,,1.7,0.2,12
2014p733093,2014-09-29T05:52:06Z,-37.16,3.2,177.51,2.9,148.0,5.0,M,,,,3.5,0.4,8,3.2,nan,28,,,,3.2,0.2,28
2014p733440,2014-09-29T08:57:08Z,-39.28,0.6,175.53,0.8,10.0,2.0,M,,,,1.2,0.3,9,0.9,nan,9,,,,0.9,0.4,9
2014p733568,2014-09-29T10:05:10Z,-39.06,1.0,177.53,1.3,18.0,2.0,M,,,,3.4,0.3,25,3.0,nan,25,,,,3.0,0.2,25
2014p733662,2014-09-29T10:55:08Z,-39.29,1.8,173.86,2.3,11.0,2.0,M,,,,2.3,0.3,8,2.1,nan,8,,,,2.1,0.3,8
2014p734065,2014-09-29T14:30:12Z,-39.16,1.3,175.36,3.5,20.0,4.0,M,,,,1.8,0.2,12,1.5,nan,12,,,,1.5,0.1,12
2014p734092,2014-09-29T14:44:14Z,-36.48,7.5,177.71,13.9,209.0,12.0,M,,,,3.1,0.3,6,3.2,nan,20,,,,3.2,0.3,20
2014p734161,2014-09-29T15:21:09Z,-38.28,0.6,176.45,0.6,9.0,1.0,M,,,,2.5,0.2,14,2.2,nan,14,,,,2.2,0.2,14
2014p734192,2014-09-29T15:37:54Z,-38.36,1.4,175.99,1.8,160.0,3.0,M,,,,,,,3.1,nan,55,,,,3.1,0.5,55
2014p734929,2014-09-29T22:10:22Z,-40.24,3.1,173.48,5.3,222.0,6.0,M,,,,,,,2.6,nan,16,,,,2.6,0.4,16
2014p735820,2014-09-30T06:05:18Z,-37.17,5.4,177.09,6.4,125.0,6.0,M,,,,,,,2.8,nan,10,,,,2.8,0.3,10
2014p736203,2014-09-30T09:29:18Z,-37.59,7.2,176.48,25.8,314.0,15.0,M,,,,,,,2.6,nan,11,,,,2.6,0.4,11
2014p736464,2014-09-30T11:48:20Z,-40.31,1.9,173.37,3.2,170.0,4.0,M,,,,,,,2.7,nan,26,,,,2.7,0.3,26
2014p736635,2014-09-30T13:19:23Z,-38.41,3.5,176.02,3.5,165.0,6.0,M,,,,,,,2.4,nan,19,,,,2.4,0.3,19
2014p736880,2014-09-30T15:29:54Z,-43.25,2.5,172.14,1.6,9.0,2.0,M,,,,4.2,0.2,7,3.9,nan,51,,,,3.9,0.3,51
2014p737082,2014-09-30T17:17:34Z,-42.11,4.4,171.55,3.1,5.0,0.0,M,,,,2.8,0.1,8,2.8,nan,8,,,,2.8,0.2,8
2014p737652,2014-09-30T22:21:11Z,-37.61,5.2,176.32,7.8,222.0,8.0,M,,,,,,,2.6,nan,17,,,,2.6,0.2,17
2014p737726,2014-09-30T23:00:29Z,-38.7,4.4,177.18,2.8,5.0,0.0,M,,,,3.9,0.3,40,3.6,nan,40,,,,3.6,0.2,40
2014p737870,2014-10-01T00:17:18Z,-44.16,6.5,171.14,29.4,15.0,40.0,M,,,,2.3,0.3,6,2.3,nan,6,,,,2.3,0.3,6
2014p737893,2014-10-01T00:29:42Z,-39.54,16.5,175.65,16.8,23.0,8.0,M,,,,1.8,0.2,7,1.4,nan,10,,,,1.4,0.3,10
2014p737992,2014-10-01T01:21:30Z,-35.73,9.2,178.29,12.2,186.0,14.0,M,,,,4.3,0.2,9,3.9,nan,18,,,,3.9,0.2,18
2014p738259,2014-10-01T03:44:23Z,-39.15,1.2,175.36,2.2,19.0,3.0,M,,,,1.6,0.1,9,1.3,nan,9,,,,1.3,0.2,9
2014p738454,2014-10-01T05:28:35Z,-45.01,2.1,167.64,3.4,65.0,4.0,M,,,,3.2,0.3,12,2.7,nan,5,,,,2.7,0.2,5
2014p738464,2014-10-01T05:33:44Z,-43.28,1.4,172.14,1.6,9.0,2.0,M,,,,2.5,0.2,9,2.5,nan,9,,,,2.5,0.3,9
2014p739386,2014-10-01T13:44:43Z,-36.17,7.8,178.25,11.8,5.0,0.0,M,,,,3.6,0.1,13,3.4,nan,13,,,,3.4,0.1,13
2014p739855,2014-10-01T17:55:26Z,-39.21,1.5,175.7,1.6,70.0,2.0,M,,,,2.6,0.6,33,2.4,nan,33,,,,2.4,0.5,33
2014p740123,2014-10-01T20:17:34Z,-37.96,2.5,176.31,2.3,161.0,4.0,M,,,,,,,2.8,nan,30,,,,2.8,0.2,30
2014p740199,2014-10-01T20:58:04Z,-43.49,1.4,172.69,1.0,11.0,2.0,M,,,,3.4,0.4,5,3.1,nan,7,,,,3.1,0.4,7
2014p740459,2014-10-01T23:16:46Z,-39.36,1.1,174.67,1.2,23.0,3.0,M,,,,2.7,0.2,21,2.4,nan,21,,,,2.4,0.2,21
2014p741028,2014-10-02T04:20:10Z,-41.65,1.3,174.12,1.1,16.0,2.0,M,,,,2.4,0.2,13,2.3,nan,13,,,,2.3,0.4,13
2014p741102,2014-10-02T04:59:16Z,-38.07,8.3,179.12,5.5,33.0,0.0,M,,,,3.4,0.3,17,3.2,nan,17,,,,3.2,0.2,17
2014p741551,2014-10-02T08:58:43Z,-43.63,1.0,172.49,1.1,5.0,2.0,M,,,,2.8,0.3,3,2.2,nan,3,,,,2.2,0.4,3
2014p741621,2014-10-02T09:36:06Z,-41.77,1.5,173.86,1.3,13.0,3.0,M,,,,2.6,0.1,12,2.5,nan,12,,,,2.5,0.2,12
2014p741713,2014-10-02T10:24:44Z,-37.79,2.6,178.77,4.3,58.0,4.0,M,,,,2.7,0.2,12,2.5,nan,12,,,,2.5,0.1,12
2014p741934,2014-10-02T12:22:27Z,-37.96,1.9,178.31,6.9,12.0,2.0,M,,,,2.9,0.2,8,2.6,nan,8,,,,2.6,0.2,8
2014p742024,2014-10-02T13:10:49Z,-42.2,1.9,172.97,1.6,21.0,5.0,M,,,,2.8,0.2,10,2.8,nan,10,,,,2.8,0.3,10
2014p742057,2014-10-02T13:27:58Z,-38.37,4.9,175.78,5.8,195.0,6.0,M,,,,,,,2.5,nan,18,,,,2.5,0.4,18
2014p742158,2014-10-02T14:22:08Z,-39.92,1.2,174.38,1.6,110.0,3.0,M,,,,4.0,0.2,6,3.7,nan,36,,,,3.7,0.2,36
2014p742399,2014-10-02T16:30:16Z,-43.49,1.7,172.7,1.3,14.0,3.0,M,,,,2.4,0.5,6,2.4,nan,6,,,,2.4,0.4,6
2014p742742,2014-10-02T19:33:16Z,-38.88,1.0,178.07,2.1,42.0,2.0,M,,,,4.9,0.3,31,4.6,nan,31,,,,4.6,0.2,31
2014p742901,2014-10-02T20:58:10Z,-39.46,3.3,176.84,6.0,7.0,11.0,M,,,,2.4,0.3,6,2.1,nan,6,,,,2.1,0.3,6
2014p742961,2014-10-02T21:29:50Z,-40.58,0.7,175.91,1.0,27.0,2.0,M,,,,2.2,0.3,8,1.9,nan,8,,,,1.9,0.3,8
2014p743133,2014-10-02T23:01:31Z,-40.94,4.1,172.85,6.0,237.0,5.0,M,,,,,,,2.7,nan,5,,,,2.7,0.2,5
2014p743151,2014-10-02T23:11:14Z,-44.28,2.7,169.82,2.4,5.0,0.0,M,,,,3.1,0.2,8,2.0,nan,1,,,,2.0,nan,1
2014p743263,2014-10-03T00:10:31Z,-41.56,0.7,174.32,0.8,20.0,2.0,M,,,,3.3,0.2,15,3.1,nan,15,,,,3.1,0.1,15
2014p743293,2014-10-03T00:26:50Z,-46.45,5.1,166.15,5.4,5.0,0.0,M,,,,3.8,0.1,6,3.8,nan,7,,,,3.8,0.3,7
2014p743350,2014-10-03T00:57:14Z,-46.43,7.5,165.95,8.5,5.0,0.0,M,,,,3.7,0.1,6,3.5,nan,5,,,,3.5,0.3,5
2014p743623,2014-10-03T03:22:50Z,-37.94,19.0,179.97,13.0,33.0,0.0,M,,,,4.6,0.2,42,4.3,nan,43,,,,4.3,0.2,43
2014p743633,2014-10-03T03:27:45Z,-46.41,9.3,165.92,7.8,10.0,5.0,M,,,,4.0,0.2,8,3.6,nan,6,,,,3.6,0.3,6
2014p745331,2014-10-03T18:32:59Z,-40.78,9.2,174.91,8.7,21.0,6.0,M,,,,1.9,0.5,7,1.8,nan,7,,,,1.8,0.5,7
2014p747240,2014-10-04T11:29:42Z,-37.29,2.9,177.53,2.4,125.0,4.0,M,,,,3.0,0.2,7,3.0,nan,28,,,,3.0,0.3,28
2014p747246,2014-10-04T11:33:08Z,-43.49,1.4,171.64,1.4,15.0,3.0,M,,,,2.4,0.3,6,2.4,nan,6,,,,2.4,0.3,6
2014p747566,2014-10-04T14:23:37Z,-37.65,4.5,178.48,2.9,21.0,3.0,M,,,,2.5,0.1,6,2.3,nan,6,,,,2.3,0.2,6
2014p747575,2014-10-04T14:28:08Z,-39.87,66.7,176.94,15.7,6.0,13.0,M,,,,2.3,0.4,7,2.1,nan,7,,,,2.1,0.4,7
2014p747718,2014-10-04T15:44:13Z,-39.85,2.8,174.17,3.4,122.0,6.0,M,,,,2.9,0.2,7,2.5,nan,6,,,,2.5,0.4,6
2014p748048,2014-10-04T18:40:18Z,-43.23,1.3,172.15,1.6,10.0,2.0,M,,,,2.3,0.3,5,1.9,nan,2,,,,1.9,0.4,2
2014p748466,2014-10-04T22:23:00Z,-40.42,0.7,176.15,1.2,44.0,1.0,M,,,,3.2,0.2,21,2.9,nan,21,,,,2.9,0.2,21
2014p748816,2014-10-05T01:29:17Z,-40.46,2.0,174.06,2.6,108.0,4.0,M,,,,,,,2.5,nan,15,,,,2.5,0.2,15
2014p749150,2014-10-05T04:27:16Z,-40.05,0.8,176.43,1.0,43.0,2.0,M,,,,3.2,0.2,14,2.9,nan,14,,,,2.9,0.2,14
2014p750566,2014-10-05T17:01:50Z,-38.73,0.6,176.42,0.7,11.0,1.0,M,,,,3.3,0.2,30,3.1,nan,30,,,,3.1,0.2,30
2014p751085,2014-10-05T21:39:03Z,-38.95,4.3,178.39,5.2,33.0,0.0,M,,,,3.0,0.2,13,2.7,nan,13,,,,2.7,0.1,13
2014p751396,2014-10-06T00:24:02Z,-40.72,0.7,175.21,0.9,34.0,2.0,M,,,,3.7,0.3,30,3.5,nan,30,,,,3.5,0.2,30
2014p751468,2014-10-06T01:02:38Z,-42.56,8.1,173.88,7.9,22.0,8.0,M,,,,2.8,0.3,11,2.4,nan,6,,,,2.4,0.1,6
2014p751490,2014-10-06T01:14:32Z,-38.42,1.2,176.39,1.5,113.0,2.0,M,,,,,,,5.1,nan,52,,,,5.1,0.4,52
2014p751849,2014-10-06T04:25:15Z,-41.07,1.6,173.4,3.0,93.0,3.0,M,,,,2.9,0.2,8,3.4,nan,29,,,,3.4,0.4,29
2014p752026,2014-10-06T05:59:37Z,-41.65,1.4,174.13,1.2,14.0,3.0,M,,,,2.7,0.2,14,2.5,nan,14,,,,2.5,0.3,14
2014p752782,2014-10-06T12:42:32Z,-39.12,2.8,174.9,4.6,219.0,6.0,M,,,,2.4,0.3,6,3.0,nan,43,,,,3.0,0.3,43
2014p753178,2014-10-06T16:13:55Z,-39.97,1.1,176.74,2.2,32.0,4.0,M,,,,2.3,0.3,9,2.0,nan,9,,,,2.0,0.3,9
2014p753812,2014-10-06T21:51:08Z,-40.42,8.7,176.81,5.6,12.0,0.0,M,,,,4.9,0.2,18,4.6,nan,18,,,,4.6,0.2,18
2014p753964,2014-10-06T23:12:12Z,-40.36,1.3,176.75,1.7,9.0,1.0,M,,,,3.1,0.1,13,2.8,nan,13,,,,2.8,0.1,13
2014p754074,2014-10-07T00:11:20Z,-38.06,3.3,176.14,5.7,220.0,6.0,M,,,,,,,2.8,nan,25,,,,2.8,0.3,25
2014p754197,2014-10-07T01:16:34Z,-40.37,0.8,176.77,1.2,9.0,1.0,M,,,,4.4,0.1,16,4.0,nan,16,,,,4.0,0.2,16
2014p754222,2014-10-07T01:29:36Z,-40.37,1.1,176.75,1.3,9.0,1.0,M,,,,2.6,0.2,11,2.4,nan,11,,,,2.4,0.2,11
2014p754360,2014-10-07T02:43:26Z,-38.98,0.9,177.51,1.1,26.0,2.0,M,,,,2.7,0.3,14,2.3,nan,14,,,,2.3,0.2,14
2014p754448,2014-10-07T03:29:58Z,-40.38,1.1,176.75,1.3,8.0,1.0,M,,,,2.7,0.2,13,2.5,nan,13,,,,2.5,0.2,13
2014p754878,2014-10-07T07:19:01Z,-37.57,2.2,177.17,2.1,5.0,2.0,M,,,,2.4,0.2,7,2.3,nan,7,,,,2.3,0.1,7
2014p754894,2014-10-07T07:27:37Z,-39.37,0.9,177.66,1.7,44.0,5.0,M,,,,3.2,0.3,19,2.9,nan,19,,,,2.9,0.3,19
2014p754995,2014-10-07T08:21:32Z,-40.61,0.7,175.89,1.6,28.0,2.0,M,,,,3.9,0.2,19,3.6,nan,19,,,,3.6,0.2,19
2014p755022,2014-10-07T08:35:49Z,-36.03,9.5,177.63,19.5,208.0,17.0,M,,,,3.2,0.1,9,3.0,nan,12,,,,3.0,0.2,12
2014p755034,2014-10-07T08:42:29Z,-38.05,2.2,178.0,1.9,34.0,6.0,M,,,,1.9,0.2,7,1.7,nan,7,,,,1.7,0.3,7
2014p755035,2014-10-07T08:42:50Z,-40.59,1.0,175.91,1.2,27.0,2.0,M,,,,1.6,0.2,6,1.3,nan,6,,,,1.3,0.2,6
2014p755291,2014-10-07T10:59:08Z,-40.35,0.9,176.74,1.3,7.0,1.0,M,,,,2.9,0.1,11,2.6,nan,11,,,,2.6,0.1,11
2014p755532,2014-10-07T13:07:50Z,-39.91,0.8,176.84,1.4,37.0,2.0,M,,,,3.2,0.2,12,2.9,nan,12,,,,2.9,0.3,12
2014p755837,2014-10-07T15:50:14Z,-41.69,1.1,174.01,1.5,13.0,3.0,M,,,,2.6,0.2,12,2.5,nan,12,,,,2.5,0.3,12
2014p755897,2014-10-07T16:21:56Z,-40.4,1.7,176.75,1.7,7.0,1.0,M,,,,2.4,0.2,8,2.3,nan,8,,,,2.3,0.3,8
2014p755917,2014-10-07T16:32:35Z,-40.35,1.4,176.77,2.0,9.0,2.0,M,,,,2.6,0.1,11,2.4,nan,11,,,,2.4,0.2,11
2014p756160,2014-10-07T18:42:03Z,-41.36,1.2,174.67,1.3,30.0,2.0,M,,,,2.7,0.1,18,2.6,nan,18,,,,2.6,0.2,18
2014p756284,2014-10-07T19:48:24Z,-38.91,3.2,175.84,1.4,8.0,2.0,M,,,,1.8,0.2,8,1.5,nan,8,,,,1.5,0.2,8
2014p756570,2014-10-07T22:20:35Z,-41.42,5.1,173.56,4.2,61.0,8.0,M,,,,3.5,0.3,12,3.2,nan,12,,,,3.2,0.3,12
2014p756608,2014-10-07T22:41:08Z,-43.24,4.8,171.94,3.0,5.0,0.0,M,,,,2.8,0.2,8,2.7,nan,8,,,,2.7,0.1,8
2014p756912,2014-10-08T01:22:46Z,-40.6,2.1,173.23,3.3,156.0,4.0,M,,,,,,,3.1,nan,22,,,,3.1,0.2,22
2014p756927,2014-10-08T01:31:04Z,-38.06,8.4,-179.87,7.1,38.0,24.0,M,,,,3.6,0.2,15,3.4,nan,15,,,,3.4,0.2,15
2014p756968,2014-10-08T01:52:33Z,-38.1,7.4,-179.71,5.6,40.0,18.0,M,,,,4.1,0.2,34,3.9,nan,34,,,,3.9,0.2,34
2014p757434,2014-10-08T06:01:15Z,-40.37,1.0,176.78,1.4,8.0,2.0,M,,,,3.5,0.2,12,3.2,nan,12,,,,3.2,0.1,12
2014p757517,2014-10-08T06:45:20Z,-39.28,1.0,177.86,2.1,43.0,2.0,M,,,,3.5,0.2,21,3.2,nan,21,,,,3.2,0.2,21
2014p757713,2014-10-08T08:29:57Z,-44.72,9.4,167.81,11.6,5.0,16.0,M,,,,3.5,0.4,13,3.5,nan,13,,,,3.5,0.4,13
2014p757783,2014-10-08T09:07:37Z,-40.62,0.8,175.86,1.7,34.0,2.0,M,,,,3.3,0.2,12,3.0,nan,12,,,,3.0,0.2,12
2014p757885,2014-10-08T10:01:09Z,-45.41,2.9,167.58,4.3,11.0,8.0,M,,,,3.9,0.3,18,3.7,nan,18,,,,3.7,0.4,18
2014p757899,2014-10-08T10:09:01Z,-44.1,3.5,169.67,5.1,15.0,5.0,M,,,,2.6,0.2,5,2.6,nan,5,,,,2.6,0.2,5
2014p757959,2014-10-08T10:40:55Z,-42.25,1.6,172.66,1.4,11.0,4.0,M,,,,2.8,0.1,16,2.8,nan,16,,,,2.8,0.2,16
2014p758405,2014-10-08T14:38:32Z,-39.81,1.2,175.11,1.1,5.0,3.0,M,,,,3.1,0.2,40,2.9,nan,40,,,,2.9,0.2,40
2014p758942,2014-10-08T19:24:35Z,-37.59,2.3,176.53,1.7,185.0,5.0,M,,,,,,,3.4,nan,57,,,,3.4,0.3,57
2014p759030,2014-10-08T20:11:28Z,-37.9,2.5,176.27,3.3,168.0,5.0,M,,,,,,,2.8,nan,37,,,,2.8,0.3,37
2014p759196,2014-10-08T21:40:42Z,-38.26,1.8,176.11,1.9,193.0,4.0,M,,,,,,,3.0,nan,62,,,,3.0,0.3,62
2014p759247,2014-10-08T22:06:52Z,-37.41,5.1,177.03,10.0,130.0,7.0,M,,,,2.4,0.2,6,2.4,nan,7,,,,2.4,0.3,7
2014p759343,2014-10-08T22:58:26Z,-40.53,1.7,173.78,2.4,118.0,4.0,M,,,,,,,3.3,nan,44,,,,3.3,0.2,44
2014p759547,2014-10-09T00:45:50Z,-32.65,17.2,179.59,25.2,435.0,25.0,M,4.3,0.2,12,,,,3.8,nan,24,3.5,0.4,12,4.5,0.2,24
2014p759909,2014-10-09T03:59:37Z,-43.61,1.4,172.23,1.4,5.0,2.0,M,,,,2.9,0.2,14,2.7,nan,14,,,,2.7,0.2,14
2014p759968,2014-10-09T04:31:26Z,-40.58,1.2,174.54,2.5,90.0,4.0,M,,,,3.1,0.2,31,3.0,nan,45,,,,3.0,0.2,45
2014p760206,2014-10-09T06:37:53Z,-37.85,5.9,176.19,7.6,289.0,6.0,M,,,,,,,3.3,nan,37,,,,3.3,0.6,37
2014p760258,2014-10-09T07:05:58Z,-44.1,3.5,168.73,3.4,5.0,2.0,M,,,,3.2,0.4,11,3.2,nan,11,,,,3.2,0.4,11
2014p760699,2014-10-09T11:00:42Z,-40.35,0.8,176.76,2.1,9.0,2.0,M,,,,2.8,0.1,16,2.5,nan,16,,,,2.5,0.1,16
2014p761269,2014-10-09T16:04:35Z,-43.16,2.2,172.05,2.5,6.0,4.0,M,,,,2.5,0.2,13,2.4,nan,13,,,,2.4,0.2,13
2014p761464,2014-10-09T17:48:49Z,-41.96,3.9,178.02,8.6,54.0,17.0,M,,,,4.1,0.2,32,3.8,nan,32,,,,3.8,0.2,32
2014p762216,2014-10-10T00:28:52Z,-41.6,1.7,173.22,2.8,73.0,4.0,M,,,,3.0,0.2,17,2.7,nan,17,,,,2.7,0.2,17
2014p762285,2014-10-10T01:05:38Z,-35.96,13.6,178.19,15.1,5.0,0.0,M,,,,3.3,0.1,12,3.1,nan,12,,,,3.1,0.2,12
2014p762301,2014-10-10T01:14:16Z,-41.72,1.2,174.06,0.9,16.0,1.0,M,,,,3.1,0.2,16,2.8,nan,16,,,,2.8,0.2,16
2014p762668,2014-10-10T04:29:30Z,-45.0,3.8,167.77,4.7,65.0,5.0,M,,,,3.4,0.2,11,3.2,nan,12,,,,3.2,0.2,12
2014p762683,2014-10-10T04:37:58Z,-37.51,16.7,177.81,7.1,29.0,9.0,M,,,,3.1,0.2,27,2.9,nan,27,,,,2.9,0.2,27
2014p762827,2014-10-10T05:54:24Z,-39.34,0.8,177.05,1.5,36.0,2.0,M,,,,3.3,0.2,23,3.0,nan,23,,,,3.0,0.2,23
2014p762998,2014-10-10T07:25:30Z,-37.53,3.2,177.03,2.5,6.0,2.0,M,,,,2.4,0.3,14,2.2,nan,14,,,,2.2,0.2,14
2014p763281,2014-10-10T09:56:24Z,-37.93,1.2,176.94,0.9,10.0,2.0,M,,,,2.5,0.3,15,2.3,nan,15,,,,2.3,0.2,15
2014p763354,2014-10-10T10:35:10Z,-36.14,12.9,178.64,11.5,250.0,10.0,M,4.3,0.3,2,,,,3.6,nan,42,3.4,0.4,2,3.6,0.3,42
2014p763445,2014-10-10T11:23:35Z,-37.81,2.1,178.5,2.4,25.0,2.0,M,,,,3.3,0.3,15,3.0,nan,15,,,,3.0,0.3,15
2014p763799,2014-10-10T14:32:14Z,-41.15,4.2,172.57,6.2,231.0,6.0,M,,,,,,,2.6,nan,17,,,,2.6,0.2,17
2014p764169,2014-10-10T17:49:22Z,-41.69,1.5,174.08,1.2,14.0,3.0,M,,,,2.2,0.1,12,2.0,nan,12,,,,2.0,0.3,12
2014p764624,2014-10-10T21:52:05Z,-46.86,6.3,166.39,3.4,60.0,11.0,M,,,,3.3,0.2,6,3.1,nan,6,,,,3.1,0.1,6
2014p764974,2014-10-11T00:58:09Z,-43.48,5.2,170.0,4.7,51.0,9.0,M,,,,2.8,0.2,10,2.6,nan,10,,,,2.6,0.4,10
2014p765459,2014-10-11T05:16:39Z,-40.0,0.7,176.66,1.2,45.0,2.0,M,,,,3.4,0.2,19,3.2,nan,19,,,,3.2,0.2,19
2014p765709,2014-10-11T07:30:09Z,-39.03,2.8,175.93,2.3,20.0,4.0,M,,,,1.1,0.2,10,1.1,nan,10,,,,1.1,0.2,10
2014p766006,2014-10-11T10:08:16Z,-37.13,4.7,178.32,8.1,28.0,6.0,M,,,,3.1,0.2,25,2.8,nan,25,,,,2.8,0.2,25
2014p766062,2014-10-11T10:37:45Z,-37.75,3.2,176.98,4.6,146.0,6.0,M,,,,,,,2.2,nan,18,,,,2.2,0.2,18
2014p766319,2014-10-11T12:54:54Z,-37.14,5.9,178.38,8.7,26.0,7.0,M,,,,3.8,0.3,19,3.5,nan,19,,,,3.5,0.2,19
2014p766567,2014-10-11T15:07:02Z,-41.57,1.0,174.35,1.4,15.0,4.0,M,,,,1.4,0.3,6,1.2,nan,6,,,,1.2,0.3,6
2014p766755,2014-10-11T16:47:57Z,-39.1,3.9,175.68,0.7,5.0,1.0,M,,,,0.8,0.3,3,0.5,nan,3,,,,0.5,0.4,3
2014p766820,2014-10-11T17:22:10Z,-40.73,1.0,175.22,1.5,38.0,2.0,M,,,,3.7,0.3,20,3.4,nan,20,,,,3.4,0.3,20
2014p766979,2014-10-11T18:46:49Z,-46.33,5.0,166.61,9.3,5.0,0.0,M,,,,3.4,0.3,7,3.2,nan,7,,,,3.2,0.2,7
2014p767132,2014-10-11T20:08:17Z,-35.88,15.9,179.1,9.4,33.0,0.0,M,,,,5.2,0.3,28,4.9,nan,30,,,,4.9,0.2,30
2014p767403,2014-10-11T22:32:49Z,-42.68,1.2,173.14,1.9,40.0,3.0,M,,,,3.7,0.2,12,3.5,nan,12,,,,3.5,0.3,12
2014p767726,2014-10-12T01:24:38Z,-45.28,3.1,167.47,3.4,72.0,4.0,M,,,,3.0,0.2,10,2.9,nan,10,,,,2.9,0.2,10
2014p767995,2014-10-12T03:47:54Z,-38.65,15.8,175.92,11.8,165.0,23.0,M,,,,,,,2.2,nan,12,,,,2.2,0.4,12
2014p768089,2014-10-12T04:38:13Z,-40.36,0.8,176.78,1.5,8.0,1.0,M,,,,2.8,0.1,14,2.5,nan,14,,,,2.5,0.1,14
2014p768181,2014-10-12T05:26:55Z,-38.67,3.6,175.88,8.4,170.0,8.0,M,,,,2.1,0.3,5,2.3,nan,21,,,,2.3,0.3,21
2014p768452,2014-10-12T07:51:25Z,-41.68,2.0,174.05,1.7,17.0,2.0,M,,,,2.5,0.1,15,2.3,nan,15,,,,2.3,0.2,15
2014p768645,2014-10-12T09:34:24Z,-37.51,1.8,177.05,1.3,11.0,2.0,M,,,,2.3,0.3,9,2.1,nan,9,,,,2.1,0.3,9
2014p768916,2014-10-12T11:58:52Z,-37.5,3.3,177.04,3.6,11.0,2.0,M,,,,2.2,0.2,6,2.1,nan,7,,,,2.1,0.2,7
2014p769081,2014-10-12T13:26:31Z,-41.67,1.2,174.05,1.3,15.0,2.0,M,,,,2.3,0.2,12,2.1,nan,12,,,,2.1,0.2,12
2014p769190,2014-10-12T14:24:36Z,-39.06,0.8,174.01,1.3,12.0,2.0,M,,,,1.6,0.4,7,1.5,nan,7,,,,1.5,0.4,7
2014p769564,2014-10-12T17:44:08Z,-37.52,7.5,179.94,7.6,25.0,20.0,M,,,,3.1,0.2,11,2.9,nan,11,,,,2.9,0.1,11
2014p770799,2014-10-13T04:41:47Z,-46.18,8.9,166.02,9.7,12.0,0.0,M,,,,3.2,0.1,6,3.0,nan,4,,,,3.0,0.1,4
2014p770806,2014-10-13T04:45:46Z,-46.38,34.4,166.61,21.7,5.0,13.0,M,,,,3.2,0.3,6,3.1,nan,6,,,,3.1,0.4,6
2014p770859,2014-10-13T05:13:41Z,-46.29,9.4,165.87,8.3,10.0,6.0,M,6.3,0.0,7,6.5,0.2,22,6.2,nan,22,6.0,0.4,7,6.3,0.2,22
2014p770873,2014-10-13T05:21:25Z,-46.23,7.9,166.03,7.7,12.0,0.0,M,,,,3.9,0.2,8,3.5,nan,4,,,,3.5,0.1,4
2014p770883,2014-10-13T05:26:33Z,-46.24,6.7,166.07,7.9,12.0,0.0,M,,,,4.4,0.2,12,4.2,nan,12,,,,4.2,0.2,12
2014p770913,2014-10-13T05:42:29Z,-46.35,8.6,165.99,9.1,12.0,0.0,M,,,,3.3,0.1,6,3.1,nan,4,,,,3.1,0.2,4
2014p770953,2014-10-13T06:04:09Z,-46.28,6.1,166.11,7.1,12.0,0.0,M,,,,3.7,0.2,11,3.5,nan,11,,,,3.5,0.2,11
2014p770969,2014-10-13T06:12:26Z,-46.23,6.8,166.09,8.0,12.0,0.0,M,,,,3.8,0.1,7,3.7,nan,10,,,,3.7,0.2,10
2014p770970,2014-10-13T06:14:18Z,-46.28,6.6,166.02,8.2,12.0,0.0,M,,,,3.6,0.1,7,3.5,nan,9,,,,3.5,0.2,9
2014p770990,2014-10-13T06:23:39Z,-46.23,6.6,166.15,8.3,12.0,0.0,M,,,,5.1,0.1,9,5.0,nan,31,,,,5.0,0.2,31
2014p771119,2014-10-13T07:32:18Z,-46.25,6.1,166.25,7.0,12.0,0.0,M,,,,3.7,0.2,12,3.4,nan,9,,,,3.4,0.3,9
2014p771143,2014-10-13T07:45:20Z,-46.24,6.8,166.04,7.5,12.0,0.0,M,,,,3.9,0.1,11,3.8,nan,11,,,,3.8,0.2,11
2014p771261,2014-10-13T08:48:16Z,-45.02,3.5,167.59,4.4,35.0,0.0,M,,,,2.9,0.2,11,2.4,nan,4,,,,2.4,0.3,4
2014p771266,2014-10-13T08:50:41Z,-46.25,7.4,166.24,8.3,12.0,0.0,M,,,,3.3,0.2,8,3.2,nan,7,,,,3.2,0.2,7
2014p771512,2014-10-13T11:01:37Z,-46.21,7.3,166.03,7.7,12.0,0.0,M,,,,3.4,0.2,8,3.3,nan,7,,,,3.3,0.3,7
2014p771721,2014-10-13T12:53:17Z,-46.45,17.3,165.83,11.7,12.0,0.0,M,,,,3.4,0.1,7,3.3,nan,3,,,,3.3,0.1,3
2014p771733,2014-10-13T12:59:37Z,-46.35,11.1,165.9,7.6,12.0,0.0,M,,,,3.8,0.2,8,3.7,nan,8,,,,3.7,0.2,8
2014p771854,2014-10-13T14:04:19Z,-38.85,1.2,178.02,3.1,25.0,2.0,M,,,,2.7,0.2,23,2.6,nan,23,,,,2.6,0.2,23
2014p771947,2014-10-13T14:53:34Z,-45.06,3.8,167.69,5.6,52.0,11.0,M,,,,3.1,0.2,11,2.9,nan,5,,,,2.9,0.4,5
2014p772466,2014-10-13T19:29:58Z,-46.33,6.8,166.36,8.3,12.0,0.0,M,,,,3.8,0.1,9,3.7,nan,9,,,,3.7,0.2,9
2014p772931,2014-10-13T23:38:00Z,-46.41,7.8,166.11,8.5,12.0,0.0,M,,,,3.7,0.3,7,3.6,nan,7,,,,3.6,0.2,7
2014p772941,2014-10-13T23:43:00Z,-37.66,6.2,176.57,9.1,150.0,12.0,M,,,,,,,2.4,nan,9,,,,2.4,0.3,9
2014p773482,2014-10-14T04:31:02Z,-46.45,8.1,166.15,7.9,12.0,0.0,M,,,,3.6,0.1,6,3.6,nan,7,,,,3.6,0.3,7
2014p773485,2014-10-14T04:32:52Z,-38.27,0.6,176.41,0.7,7.0,1.0,M,,,,2.2,0.2,9,1.9,nan,9,,,,1.9,0.3,9
2014p773549,2014-10-14T05:07:05Z,-38.89,2.2,175.44,2.1,124.0,3.0,M,,,,,,,2.4,nan,26,,,,2.4,0.4,26
2014p773767,2014-10-14T07:03:13Z,-39.24,1.6,175.43,1.2,12.0,4.0,M,,,,1.3,0.2,7,1.0,nan,7,,,,1.0,0.2,7
2014p774353,2014-10-14T12:15:40Z,-46.45,6.9,166.15,7.2,12.0,0.0,M,,,,3.5,0.2,6,3.2,nan,3,,,,3.2,0.1,3
2014p774368,2014-10-14T12:23:41Z,-39.69,2.1,174.1,3.6,187.0,5.0,M,,,,,,,2.6,nan,23,,,,2.6,0.2,23
2014p774446,2014-10-14T13:05:11Z,-39.34,0.9,175.43,0.9,18.0,1.0,M,,,,1.3,0.3,9,1.1,nan,9,,,,1.1,0.3,9
2014p774551,2014-10-14T14:00:58Z,-46.39,9.3,166.01,8.6,12.0,0.0,M,,,,3.9,0.2,8,3.6,nan,8,,,,3.6,0.3,8
2014p775115,2014-10-14T19:01:45Z,-37.22,4.3,177.37,3.8,141.0,8.0,M,,,,,,,2.7,nan,16,,,,2.7,0.2,16
2014p775312,2014-10-14T20:46:22Z,-46.41,8.4,166.07,9.1,12.0,0.0,M,,,,3.6,0.1,6,3.4,nan,6,,,,3.4,0.2,6
2014p775519,2014-10-14T22:37:25Z,-39.09,0.7,175.81,1.2,11.0,2.0,M,,,,1.5,0.2,8,1.3,nan,8,,,,1.3,0.2,8
2014p775659,2014-10-14T23:51:17Z,-39.95,1.5,174.26,2.3,124.0,5.0,M,,,,,,,3.1,nan,27,,,,3.1,0.2,27
2014p775786,2014-10-15T00:59:17Z,-39.14,1.2,175.4,1.7,15.0,2.0,M,,,,1.2,0.1,6,0.8,nan,6,,,,0.8,0.2,6
2014p775917,2014-10-15T02:08:48Z,-39.04,0.7,174.08,1.2,11.0,2.0,M,,,,2.4,0.2,6,2.2,nan,6,,,,2.2,0.2,6
2014p776344,2014-10-15T05:56:13Z,-45.22,2.7,167.47,4.1,132.0,4.0,M,,,,,,,3.2,nan,11,,,,3.2,0.2,11
2014p776518,2014-10-15T07:28:56Z,-38.38,0.4,176.21,0.4,8.0,1.0,M,,,,2.3,0.3,18,2.1,nan,18,,,,2.1,0.2,18
2014p776572,2014-10-15T07:58:01Z,-38.88,2.5,176.09,2.2,16.0,5.0,M,,,,1.7,0.2,11,1.5,nan,11,,,,1.5,0.1,11
2014p776742,2014-10-15T09:29:02Z,-38.92,1.2,176.13,1.7,12.0,3.0,M,,,,2.5,0.2,14,2.3,nan,14,,,,2.3,0.2,14
2014p776755,2014-10-15T09:35:25Z,-38.95,1.6,176.15,3.5,18.0,3.0,M,,,,1.6,0.2,10,1.4,nan,10,,,,1.4,0.2,10
2014p776762,2014-10-15T09:38:59Z,-46.37,8.7,165.96,8.4,12.0,0.0,M,,,,3.5,0.2,6,3.2,nan,3,,,,3.2,0.2,3
2014p776850,2014-10-15T10:25:55Z,-38.38,2.1,175.99,2.6,179.0,4.0,M,,,,,,,2.5,nan,47,,,,2.5,0.5,47
2014p776964,2014-10-15T11:26:43Z,-38.15,1.2,176.21,1.0,8.0,1.0,M,,,,1.6,0.3,8,1.3,nan,8,,,,1.3,0.2,8
2014p777049,2014-10-15T12:12:23Z,-38.85,6.8,176.09,4.2,23.0,6.0,M,,,,1.6,0.2,10,1.4,nan,10,,,,1.4,0.2,10
2014p777109,2014-10-15T12:44:04Z,-36.94,7.2,176.96,6.0,257.0,7.0,M,,,,,,,3.2,nan,56,,,,3.2,0.3,56
2014p777296,2014-10-15T14:23:29Z,-38.23,6.2,176.14,10.5,158.0,12.0,M,,,,,,,2.2,nan,8,,,,2.2,0.3,8
2014p777323,2014-10-15T14:38:10Z,-37.39,3.4,177.12,6.6,22.0,2.0,M,,,,2.4,0.3,7,2.2,nan,7,,,,2.2,0.3,7
2014p777401,2014-10-15T15:19:37Z,-38.89,2.6,176.1,2.3,15.0,2.0,M,,,,1.6,0.2,10,1.4,nan,10,,,,1.4,0.2,10
2014p777872,2014-10-15T19:30:27Z,-38.98,1.0,174.02,2.1,6.0,1.0,M,,,,2.6,0.3,13,2.3,nan,13,,,,2.3,0.3,13
2014p777964,2014-10-15T20:19:39Z,-39.49,1.2,175.7,0.6,17.0,1.0,M,,,,1.4,0.3,11,1.3,nan,11,,,,1.3,0.2,11
2014p778199,2014-10-15T22:24:55Z,-39.12,68.9,175.65,66.9,5.0,67.0,M,,,,1.5,0.3,6,1.3,nan,6,,,,1.3,0.4,6
2014p778386,2014-10-16T00:04:18Z,-39.4,27.0,173.66,48.5,220.0,115.0,M,,,,3.0,0.2,9,3.2,nan,9,,,,3.2,0.2,9
2014p778421,2014-10-16T00:22:53Z,-38.21,0.9,176.75,0.6,10.0,2.0,M,,,,2.1,0.2,9,1.9,nan,9,,,,1.9,0.2,9
2014p778543,2014-10-16T01:27:53Z,-40.35,0.6,176.07,0.6,13.0,1.0,M,,,,1.9,0.2,9,1.7,nan,9,,,,1.7,0.2,9
2014p778682,2014-10-16T02:41:54Z,-39.15,0.9,175.39,0.8,15.0,1.0,M,,,,1.6,0.2,10,1.3,nan,10,,,,1.3,0.1,10
2014p778907,2014-10-16T04:41:53Z,-39.14,1.2,175.4,1.3,15.0,2.0,M,,,,1.0,0.1,7,1.2,nan,7,,,,1.2,0.1,7
2014p778910,2014-10-16T04:43:20Z,-39.15,0.8,175.39,0.8,15.0,1.0,M,,,,1.6,0.2,11,1.3,nan,11,,,,1.3,0.1,11
2014p779024,2014-10-16T05:44:03Z,-45.79,1.4,170.14,2.8,9.0,3.0,M,,,,4.2,0.2,19,4.0,nan,19,,,,4.0,0.2,19
2014p779352,2014-10-16T08:39:45Z,-39.14,1.1,175.4,0.8,15.0,1.0,M,,,,1.2,0.1,7,0.8,nan,7,,,,0.8,0.2,7
2014p779514,2014-10-16T10:05:47Z,-39.12,1.5,175.34,1.9,14.0,2.0,M,,,,1.3,0.1,8,1.1,nan,8,,,,1.1,0.2,8
2014p779851,2014-10-16T13:05:08Z,-39.47,1.7,175.71,0.6,21.0,1.0,M,,,,1.2,0.3,8,1.1,nan,8,,,,1.1,0.3,8
2014p780239,2014-10-16T16:31:48Z,-38.49,0.6,176.31,0.4,7.0,1.0,M,,,,1.4,0.3,6,1.1,nan,6,,,,1.1,0.3,6
2014p780404,2014-10-16T17:59:40Z,-37.08,5.5,176.72,9.1,265.0,8.0,M,,,,,,,3.0,nan,30,,,,3.0,0.3,30
2014p780446,2014-10-16T18:21:49Z,-39.15,1.0,175.39,1.2,15.0,2.0,M,,,,1.5,0.2,7,1.2,nan,7,,,,1.2,0.1,7
2014p780640,2014-10-16T20:04:51Z,-39.59,2.7,174.34,4.0,219.0,5.0,M,,,,2.6,0.4,7,3.0,nan,42,,,,3.0,0.2,42
2014p780927,2014-10-16T22:37:19Z,-35.07,12.3,-179.69,13.8,57.0,211.0,M,,,,5.4,0.2,22,5.2,nan,22,,,,5.2,0.1,22
2014p781133,2014-10-17T00:27:25Z,-32.67,9.5,-178.79,22.9,332.0,11.0,M,5.3,0.2,26,5.4,0.2,15,4.9,nan,30,4.7,0.4,26,5.6,0.2,30
2014p781158,2014-10-17T00:41:17Z,-39.27,2.2,175.22,1.9,29.0,3.0,M,,,,1.5,0.2,7,1.3,nan,7,,,,1.3,0.1,7
2014p781192,2014-10-17T00:59:38Z,-38.95,3.4,176.14,3.7,12.0,3.0,M,,,,1.7,0.2,7,1.5,nan,7,,,,1.5,0.3,7
2014p781348,2014-10-17T02:22:35Z,-38.95,3.7,176.07,4.2,5.0,8.0,M,,,,1.6,0.3,7,1.3,nan,7,,,,1.3,0.4,7
2014p781488,2014-10-17T03:37:58Z,-38.88,1.2,176.08,1.5,16.0,2.0,M,,,,1.9,0.2,11,1.7,nan,11,,,,1.7,0.2,11
2014p781498,2014-10-17T03:42:28Z,-38.88,1.1,176.09,1.3,16.0,2.0,M,,,,1.7,0.2,9,1.6,nan,9,,,,1.6,0.2,9
2014p781899,2014-10-17T07:15:37Z,-35.99,16.2,177.94,15.8,203.0,19.0,M,,,,,,,3.1,nan,13,,,,3.1,0.2,13
2014p781941,2014-10-17T07:39:55Z,-39.26,2.0,174.93,1.8,35.0,4.0,M,,,,2.3,0.2,10,2.1,nan,10,,,,2.1,0.2,10
2014p782182,2014-10-17T09:46:48Z,-39.14,0.2,175.64,0.4,6.0,0.0,M,,,,2.5,0.3,19,2.3,nan,19,,,,2.3,0.4,19
2014p782245,2014-10-17T10:20:38Z,-39.15,1.6,175.39,1.4,15.0,1.0,M,,,,1.2,0.1,7,0.9,nan,7,,,,0.9,0.2,7
2014p782401,2014-10-17T11:43:45Z,-44.78,3.1,169.09,2.4,5.0,0.0,M,,,,3.0,0.2,11,2.6,nan,5,,,,2.6,0.2,5
2014p782428,2014-10-17T11:58:11Z,-39.14,1.1,175.4,0.9,15.0,1.0,M,,,,1.1,0.1,7,0.7,nan,7,,,,0.7,0.2,7
2014p782541,2014-10-17T12:58:22Z,-37.62,1.9,177.11,2.2,10.0,3.0,M,,,,2.1,0.1,7,2.0,nan,7,,,,2.0,0.1,7
2014p782713,2014-10-17T14:29:46Z,-44.12,2.8,169.64,2.4,5.0,0.0,M,,,,2.9,0.2,9,2.6,nan,4,,,,2.6,0.2,4
2014p782861,2014-10-17T15:48:41Z,-46.25,6.4,166.24,8.2,12.0,0.0,M,,,,3.4,0.1,6,3.1,nan,5,,,,3.1,0.1,5
2014p783122,2014-10-17T18:07:40Z,-36.64,5.9,177.18,4.1,12.0,0.0,M,,,,3.1,0.2,12,2.8,nan,12,,,,2.8,0.1,12
2014p783139,2014-10-17T18:16:43Z,-39.45,1.2,175.78,0.5,12.0,1.0,M,,,,2.2,0.3,14,2.0,nan,14,,,,2.0,0.3,14
2014p783737,2014-10-17T23:35:25Z,-38.14,0.6,176.5,0.8,9.0,2.0,M,,,,1.7,0.3,7,1.6,nan,7,,,,1.6,0.1,7
2014p783874,2014-10-18T00:48:21Z,-39.18,1.1,175.06,0.8,25.0,2.0,M,,,,2.5,0.1,17,2.3,nan,17,,,,2.3,0.2,17
2014p783971,2014-10-18T01:40:01Z,-38.52,1.6,176.25,2.2,102.0,4.0,M,,,,2.0,0.4,6,2.0,nan,15,,,,2.0,0.2,15
2014p784027,2014-10-18T02:09:37Z,-37.16,4.4,176.89,4.7,246.0,6.0,M,,,,,,,3.0,nan,30,,,,3.0,0.3,30
2014p784487,2014-10-18T06:14:42Z,-38.37,0.3,176.21,0.4,8.0,1.0,M,,,,2.5,0.3,12,2.1,nan,12,,,,2.1,0.2,12
2014p784549,2014-10-18T06:48:13Z,-43.54,2.1,172.76,1.4,18.0,5.0,M,,,,2.2,0.3,4,1.9,nan,4,,,,1.9,0.3,4
2014p784608,2014-10-18T07:19:17Z,-38.37,0.3,176.21,0.4,9.0,1.0,M,,,,2.7,0.3,22,2.4,nan,22,,,,2.4,0.2,22
2014p784651,2014-10-18T07:42:11Z,-38.37,0.3,176.21,0.4,8.0,1.0,M,,,,2.8,0.4,25,2.5,nan,25,,,,2.5,0.3,25
2014p784725,2014-10-18T08:21:36Z,-43.21,8.7,173.46,6.0,33.0,0.0,M,,,,2.9,0.3,7,2.8,nan,7,,,,2.8,0.3,7
2014p784961,2014-10-18T10:27:28Z,-46.22,7.2,166.01,8.9,12.0,0.0,M,,,,3.7,0.2,7,3.6,nan,10,,,,3.6,0.2,10
2014p785173,2014-10-18T12:20:32Z,-38.31,0.5,176.38,0.5,7.0,1.0,M,,,,2.0,0.2,12,1.8,nan,12,,,,1.8,0.3,12
2014p785178,2014-10-18T12:23:12Z,-42.15,2.7,172.35,3.8,53.0,8.0,M,,,,2.7,0.2,12,2.6,nan,12,,,,2.6,0.2,12
2014p785523,2014-10-18T15:26:52Z,-39.47,120.4,175.74,127.3,15.0,94.0,M,,,,1.1,0.3,6,0.9,nan,6,,,,0.9,0.3,6
2014p785743,2014-10-18T17:23:55Z,-39.14,1.2,175.39,1.0,16.0,2.0,M,,,,1.1,0.2,7,0.8,nan,7,,,,0.8,0.3,7
2014p785891,2014-10-18T18:42:43Z,-39.71,0.9,176.82,1.1,32.0,2.0,M,,,,3.5,0.3,14,3.1,nan,14,,,,3.1,0.3,14
2014p786328,2014-10-18T22:35:46Z,-36.5,5.6,-179.67,4.9,33.0,0.0,M,,,,3.9,0.2,25,3.7,nan,27,,,,3.7,0.2,27
2014p786411,2014-10-18T23:20:17Z,-39.79,0.8,176.78,1.2,30.0,3.0,M,,,,2.2,0.2,14,1.9,nan,14,,,,1.9,0.2,14
2014p786492,2014-10-19T00:03:10Z,-38.53,2.1,177.99,2.0,22.0,3.0,M,,,,1.8,0.3,6,1.6,nan,4,,,,1.6,0.4,4
2014p786552,2014-10-19T00:35:22Z,-37.71,2.5,177.39,3.1,106.0,4.0,M,,,,2.5,0.1,10,2.3,nan,10,,,,2.3,0.1,10
2014p787032,2014-10-19T04:51:12Z,-39.58,3.0,179.28,4.2,33.0,0.0,M,,,,3.6,0.2,48,3.3,nan,48,,,,3.3,0.2,48
2014p787298,2014-10-19T07:12:52Z,-39.15,1.0,175.4,1.0,15.0,1.0,M,,,,1.4,0.2,10,1.1,nan,10,,,,1.1,0.2,10
2014p787560,2014-10-19T09:33:28Z,-38.92,0.5,176.04,0.8,20.0,1.0,M,,,,2.1,0.2,20,2.0,nan,20,,,,2.0,0.2,20
2014p787584,2014-10-19T09:45:12Z,-39.23,0.7,175.42,0.6,12.0,1.0,M,,,,1.3,0.1,12,1.1,nan,12,,,,1.1,0.1,12
2014p787597,2014-10-19T09:51:56Z,-39.23,0.6,175.42,0.7,12.0,1.0,M,,,,1.1,0.2,10,0.9,nan,10,,,,0.9,0.2,10
2014p787617,2014-10-19T10:02:39Z,-38.94,0.5,176.15,1.1,15.0,1.0,M,,,,2.2,0.2,20,2.1,nan,20,,,,2.1,0.2,20
2014p787704,2014-10-19T10:48:53Z,-36.51,9.0,-179.83,9.6,33.0,0.0,M,,,,3.8,0.2,19,3.6,nan,19,,,,3.6,0.1,19
2014p788106,2014-10-19T14:23:04Z,-40.32,5.4,179.31,7.0,33.0,0.0,M,,,,3.1,0.2,12,3.0,nan,12,,,,3.0,0.2,12
2014p788319,2014-10-19T16:16:38Z,-38.18,6.5,175.97,6.6,185.0,7.0,M,,,,,,,3.0,nan,47,,,,3.0,0.5,47
2014p788348,2014-10-19T16:31:49Z,-41.76,2.9,174.02,2.3,9.0,4.0,M,,,,3.1,0.2,13,2.9,nan,13,,,,2.9,0.2,13
2014p788409,2014-10-19T17:04:28Z,-37.04,4.9,177.28,6.0,142.0,8.0,M,,,,,,,2.8,nan,23,,,,2.8,0.2,23
2014p788527,2014-10-19T18:07:42Z,-45.18,3.3,167.46,5.0,134.0,4.0,M,5.4,0.2,5,,,,5.1,nan,25,4.9,0.4,5,5.2,0.2,25
2014p788554,2014-10-19T18:22:00Z,-40.3,5.4,178.95,5.0,33.0,0.0,M,,,,3.3,0.2,14,3.1,nan,14,,,,3.1,0.1,14
2014p788606,2014-10-19T18:49:00Z,-36.96,6.0,176.73,10.6,285.0,9.0,M,,,,2.8,0.2,9,2.9,nan,22,,,,2.9,0.2,22
2014p788884,2014-10-19T21:17:52Z,-40.69,9.2,172.4,6.0,5.0,0.0,M,,,,3.2,0.2,11,3.0,nan,11,,,,3.0,0.2,11
2014p790429,2014-10-20T11:01:01Z,-40.45,0.9,174.5,1.2,66.0,3.0,M,,,,3.6,0.2,50,3.3,nan,50,,,,3.3,0.2,50
2014p790492,2014-10-20T11:34:30Z,-46.49,5.2,166.2,4.6,5.0,4.0,M,,,,4.0,0.3,12,3.8,nan,12,,,,3.8,0.3,12
2014p791923,2014-10-21T00:16:58Z,-41.67,1.0,174.17,1.2,12.0,2.0,M,,,,2.8,0.2,17,2.5,nan,17,,,,2.5,0.3,17
2014p791955,2014-10-21T00:33:50Z,-41.67,1.1,174.16,1.4,9.0,3.0,M,,,,2.4,0.2,12,2.2,nan,12,,,,2.2,0.3,12
2014p792067,2014-10-21T01:33:26Z,-41.67,1.2,174.16,1.6,11.0,3.0,M,,,,2.3,0.3,13,2.1,nan,13,,,,2.1,0.4,13
2014p792115,2014-10-21T01:59:01Z,-38.92,3.8,179.0,4.5,33.0,0.0,M,,,,3.7,0.1,35,3.4,nan,35,,,,3.4,0.1,35
2014p792294,2014-10-21T03:34:59Z,-40.41,8.3,173.26,7.3,148.0,11.0,M,,,,,,,2.5,nan,9,,,,2.5,0.4,9
2014p792437,2014-10-21T04:50:34Z,-42.17,2.9,171.89,5.6,5.0,0.0,M,,,,2.7,0.2,7,2.2,nan,1,,,,2.2,nan,1
2014p792477,2014-10-21T05:12:13Z,-45.22,4.6,167.39,7.5,39.0,10.0,M,,,,3.1,0.2,7,2.8,nan,6,,,,2.8,0.4,6
2014p792755,2014-10-21T07:39:56Z,-42.87,1.3,172.88,2.3,44.0,4.0,M,,,,2.7,0.3,11,2.5,nan,11,,,,2.5,0.3,11
2014p793192,2014-10-21T11:32:47Z,-45.03,3.1,167.69,4.7,37.0,7.0,M,,,,3.8,0.2,15,3.5,nan,15,,,,3.5,0.2,15
2014p793413,2014-10-21T13:30:57Z,-37.56,1.1,177.14,0.9,5.0,1.0,M,,,,2.6,0.3,11,2.4,nan,11,,,,2.4,0.3,11
2014p793482,2014-10-21T14:07:38Z,-35.89,5.3,174.98,3.9,5.0,0.0,M,,,,2.1,0.4,7,1.9,nan,6,,,,1.9,0.4,6
2014p794001,2014-10-21T18:43:59Z,-36.37,6.2,177.88,7.3,146.0,11.0,M,,,,,,,3.3,nan,24,,,,3.3,0.2,24
2014p794110,2014-10-21T19:41:53Z,-41.71,1.6,174.17,1.1,16.0,2.0,M,,,,2.5,0.2,15,2.3,nan,15,,,,2.3,0.3,15
2014p794217,2014-10-21T20:39:06Z,-46.25,6.4,166.22,8.0,12.0,0.0,M,,,,4.1,0.2,7,4.1,nan,16,,,,4.1,0.2,16
2014p794748,2014-10-22T01:22:08Z,-45.07,4.3,167.0,6.1,12.0,0.0,M,,,,4.0,0.2,8,3.8,nan,8,,,,3.8,0.2,8
2014p794856,2014-10-22T02:19:28Z,-45.54,4.1,167.13,6.4,59.0,9.0,M,,,,3.0,0.2,8,2.9,nan,8,,,,2.9,0.2,8
2014p795083,2014-10-22T04:20:22Z,-43.26,2.8,170.9,3.3,5.0,0.0,M,,,,2.8,0.2,9,2.5,nan,4,,,,2.5,0.3,4
2014p795101,2014-10-22T04:29:54Z,-43.28,2.8,170.81,2.2,5.0,0.0,M,,,,4.4,0.2,17,3.4,nan,12,,,,3.4,0.3,12
2014p795103,2014-10-22T04:30:14Z,-43.28,2.6,170.82,3.1,5.0,0.0,M,,,,4.5,0.2,7,4.5,nan,43,,,,4.5,0.4,43
2014p795285,2014-10-22T06:08:03Z,-44.65,3.9,168.15,5.3,70.0,11.0,M,,,,2.9,0.3,10,2.2,nan,2,,,,2.2,0.5,2
2014p795985,2014-10-22T12:21:02Z,-43.64,1.2,172.58,1.5,10.0,2.0,M,,,,2.6,0.1,7,2.5,nan,7,,,,2.5,0.1,7
2014p796135,2014-10-22T13:41:14Z,-38.62,0.6,176.23,0.6,5.0,1.0,M,,,,1.8,0.3,8,1.4,nan,8,,,,1.4,0.3,8
2014p796385,2014-10-22T15:54:27Z,-39.13,3.4,175.65,3.1,5.0,3.0,M,,,,1.2,0.2,8,1.1,nan,8,,,,1.1,0.2,8
2014p796519,2014-10-22T17:05:27Z,-44.88,1.6,167.26,3.9,29.0,7.0,M,,,,2.9,0.1,5,2.7,nan,5,,,,2.7,0.1,5
2014p796673,2014-10-22T18:27:39Z,-41.73,1.3,174.04,1.3,11.0,2.0,M,,,,2.9,0.2,15,2.7,nan,15,,,,2.7,0.2,15
2014p796736,2014-10-22T19:00:59Z,-35.44,19.2,179.0,24.1,209.0,18.0,M,,,,,,,3.5,nan,15,,,,3.5,0.3,15
2014p796813,2014-10-22T19:42:36Z,-37.59,5.6,177.2,9.1,5.0,0.0,M,,,,2.7,0.2,6,2.3,nan,6,,,,2.3,0.1,6
2014p796840,2014-10-22T19:56:44Z,-44.62,5.5,167.38,8.4,5.0,0.0,M,,,,3.1,0.2,8,2.6,nan,3,,,,2.6,0.4,3
2014p797338,2014-10-23T00:21:50Z,-40.32,0.8,176.6,1.4,13.0,2.0,M,,,,2.6,0.2,19,2.4,nan,19,,,,2.4,0.2,19
2014p797359,2014-10-23T00:32:55Z,-40.28,2.6,173.36,2.9,188.0,6.0,M,,,,3.2,0.4,8,3.3,nan,48,,,,3.3,0.2,48
2014p797812,2014-10-23T04:34:41Z,-36.08,13.7,178.66,22.5,197.0,13.0,M,,,,,,,3.2,nan,13,,,,3.2,0.3,13
2014p797877,2014-10-23T05:09:24Z,-36.97,5.2,177.41,4.0,5.0,0.0,M,,,,3.3,0.2,12,3.0,nan,12,,,,3.0,0.1,12
2014p797882,2014-10-23T05:11:59Z,-43.61,0.9,172.63,1.2,11.0,3.0,M,,,,2.3,0.1,7,2.2,nan,7,,,,2.2,0.2,7
2014p798055,2014-10-23T06:43:48Z,-40.32,0.8,176.6,1.3,13.0,2.0,M,,,,2.4,0.2,10,2.1,nan,10,,,,2.1,0.3,10
2014p798439,2014-10-23T10:08:34Z,-39.12,3.4,174.88,3.1,225.0,4.0,M,,,,,,,2.7,nan,37,,,,2.7,0.3,37
2014p798758,2014-10-23T12:59:15Z,-39.25,5.3,177.79,5.9,33.0,0.0,M,,,,2.3,0.1,8,2.1,nan,8,,,,2.1,0.2,8
2014p799686,2014-10-23T21:12:26Z,-43.43,1.6,171.25,1.2,7.0,2.0,M,,,,2.4,0.3,6,2.4,nan,6,,,,2.4,0.3,6
2014p799727,2014-10-23T21:34:41Z,-39.13,0.7,177.28,1.0,22.0,2.0,M,,,,3.0,0.2,30,2.7,nan,30,,,,2.7,0.2,30
2014p799911,2014-10-23T23:12:35Z,-40.3,1.8,174.26,2.0,108.0,6.0,M,,,,3.1,0.3,8,2.7,nan,16,,,,2.7,0.2,16
2014p800579,2014-10-24T05:08:58Z,-43.61,1.0,172.73,1.2,11.0,2.0,M,,,,3.1,0.2,9,2.9,nan,5,,,,2.9,0.2,5
2014p800884,2014-10-24T07:51:24Z,-43.53,5.0,172.59,8.4,5.0,5.0,M,,,,2.5,0.1,4,2.3,nan,4,,,,2.3,0.2,4
2014p800934,2014-10-24T08:17:57Z,-40.34,1.3,176.38,2.0,38.0,3.0,M,,,,1.9,0.3,6,1.8,nan,6,,,,1.8,0.4,6
2014p801032,2014-10-24T09:10:00Z,-40.38,0.7,176.78,1.2,10.0,1.0,M,,,,3.7,0.1,15,3.3,nan,15,,,,3.3,0.1,15
2014p801117,2014-10-24T09:55:28Z,-41.0,0.7,175.6,0.6,25.0,1.0,M,,,,1.9,0.2,6,1.6,nan,6,,,,1.6,0.2,6
2014p801240,2014-10-24T11:01:01Z,-45.18,1.9,167.42,2.8,89.0,3.0,M,,,,2.9,0.2,6,2.5,nan,6,,,,2.5,0.3,6
2014p801326,2014-10-24T11:46:51Z,-41.5,3.6,172.38,2.8,5.0,0.0,M,,,,2.6,0.2,9,2.6,nan,9,,,,2.6,0.2,9
2014p801751,2014-10-24T15:33:08Z,-36.38,8.7,177.98,4.4,207.0,8.0,M,,,,,,,3.4,nan,28,,,,3.4,0.3,28
2014p803491,2014-10-25T07:00:31Z,-40.12,1.8,174.83,1.4,48.0,4.0,M,,,,3.4,0.3,43,3.1,nan,43,,,,3.1,0.2,43
2014p803502,2014-10-25T07:06:04Z,-45.56,1.8,166.85,3.2,6.0,2.0,M,,,,3.3,0.2,7,3.2,nan,7,,,,3.2,0.2,7
2014p804357,2014-10-25T14:41:53Z,-38.38,0.4,176.2,0.4,7.0,1.0,M,,,,2.0,0.2,8,1.6,nan,8,,,,1.6,0.2,8
2014p804732,2014-10-25T18:01:33Z,-41.09,1.0,173.62,1.7,5.0,2.0,M,,,,2.9,0.1,15,2.7,nan,15,,,,2.7,0.2,15
2014p804958,2014-10-25T20:01:58Z,-41.26,1.5,173.5,2.2,72.0,3.0,M,,,,2.9,0.3,19,2.8,nan,19,,,,2.8,0.3,19
2014p805057,2014-10-25T20:54:50Z,-40.28,1.9,175.19,2.2,22.0,4.0,M,,,,2.3,0.3,8,2.2,nan,8,,,,2.2,0.3,8
2014p806049,2014-10-26T05:43:07Z,-39.26,2.6,175.27,2.7,17.0,3.0,M,,,,3.3,0.2,42,3.1,nan,43,,,,3.1,0.2,43
2014p806715,2014-10-26T11:38:01Z,-41.73,1.1,174.11,1.0,15.0,2.0,M,,,,2.2,0.4,5,1.8,nan,5,,,,1.8,0.4,5
2014p806767,2014-10-26T12:05:36Z,-39.21,13.9,175.1,11.1,8.0,45.0,M,,,,2.0,0.3,11,1.7,nan,11,,,,1.7,0.2,11
2014p806776,2014-10-26T12:10:29Z,-38.52,2.4,175.87,3.7,178.0,4.0,M,,,,,,,2.7,nan,25,,,,2.7,0.3,25
2014p806909,2014-10-26T13:20:25Z,-32.73,18.9,-178.44,27.5,272.0,34.0,M,4.4,0.2,8,4.6,0.2,18,4.0,nan,21,3.5,0.4,8,4.5,0.2,21
2014p806930,2014-10-26T13:32:43Z,-39.51,2.5,175.69,0.7,21.0,1.0,M,,,,1.2,0.4,8,1.3,nan,10,,,,1.3,0.5,10
2014p807108,2014-10-26T15:07:11Z,-38.16,4.1,176.68,5.1,2.0,18.0,M,,,,1.8,0.2,12,1.7,nan,12,,,,1.7,0.2,12
2014p807112,2014-10-26T15:09:57Z,-39.25,7.8,175.31,7.3,27.0,12.0,M,,,,1.5,0.3,12,1.2,nan,12,,,,1.2,0.4,12
2014p807135,2014-10-26T15:21:49Z,-36.99,4.8,176.96,2.4,209.0,7.0,M,,,,3.5,0.3,7,3.5,nan,43,,,,3.5,0.3,43
2014p807208,2014-10-26T16:00:48Z,-39.11,0.8,176.84,1.3,29.0,2.0,M,,,,2.1,0.2,15,1.8,nan,15,,,,1.8,0.3,15
2014p807411,2014-10-26T17:48:35Z,-38.55,2.9,178.64,3.6,21.0,5.0,M,,,,3.1,0.3,12,2.9,nan,12,,,,2.9,0.2,12
2014p807417,2014-10-26T17:51:37Z,-44.27,2.8,168.25,4.1,5.0,2.0,M,,,,3.7,0.1,14,3.6,nan,14,,,,3.6,0.2,14
2014p807532,2014-10-26T18:53:08Z,-44.37,2.7,168.2,3.4,5.0,2.0,M,,,,2.9,0.2,8,3.0,nan,8,,,,3.0,0.1,8
2014p808073,2014-10-26T23:41:23Z,-41.47,1.2,174.09,1.4,44.0,3.0,M,,,,3.0,0.2,19,2.8,nan,19,,,,2.8,0.2,19
2014p808283,2014-10-27T01:33:34Z,-41.17,4.2,172.51,6.2,227.0,5.0,M,,,,,,,2.8,nan,13,,,,2.8,0.2,13
2014p808476,2014-10-27T03:15:39Z,-36.16,6.2,-179.38,5.4,33.0,0.0,M,,,,4.0,0.2,20,3.8,nan,20,,,,3.8,0.2,20
2014p808514,2014-10-27T03:36:16Z,-38.43,2.2,175.94,2.8,165.0,3.0,M,,,,,,,2.8,nan,40,,,,2.8,0.2,40
2014p808588,2014-10-27T04:15:46Z,-36.65,7.0,177.52,8.3,190.0,10.0,M,,,,3.3,0.2,6,2.8,nan,14,,,,2.8,0.2,14
2014p808862,2014-10-27T06:42:01Z,-45.15,4.2,167.56,5.2,98.0,8.0,M,,,,,,,2.8,nan,9,,,,2.8,0.3,9
2014p809090,2014-10-27T08:43:25Z,-38.57,0.9,178.0,1.2,24.0,2.0,M,,,,2.8,0.2,13,2.5,nan,13,,,,2.5,0.2,13
2014p809435,2014-10-27T11:47:11Z,-44.3,4.9,167.63,5.4,12.0,0.0,M,,,,3.2,0.2,12,2.8,nan,6,,,,2.8,0.2,6
2014p809562,2014-10-27T12:55:10Z,-35.48,7.9,178.63,16.0,227.0,14.0,M,,,,,,,3.4,nan,7,,,,3.4,0.2,7
2014p809670,2014-10-27T13:52:31Z,-39.29,3.5,175.3,4.0,7.0,5.0,M,,,,2.2,0.3,27,2.0,nan,27,,,,2.0,0.4,27
2014p810065,2014-10-27T17:23:17Z,-39.48,1.8,175.76,2.0,11.0,2.0,M,,,,1.5,0.4,8,1.4,nan,8,,,,1.4,0.4,8
2014p810130,2014-10-27T17:57:28Z,-45.16,2.6,167.52,3.7,84.0,5.0,M,,,,2.8,0.2,7,2.2,nan,5,,,,2.2,0.4,5
2014p810297,2014-10-27T19:26:16Z,-39.52,26.2,175.64,19.7,16.0,15.0,M,,,,1.6,0.4,9,1.5,nan,9,,,,1.5,0.4,9
2014p810782,2014-10-27T23:44:47Z,-40.66,0.9,175.84,1.0,24.0,1.0,M,,,,4.8,0.2,17,4.4,nan,17,,,,4.4,0.1,17
2014p810797,2014-10-27T23:52:39Z,-40.4,6.1,173.44,6.1,159.0,9.0,M,,,,,,,2.8,nan,5,,,,2.8,0.3,5
2014p810852,2014-10-28T00:22:31Z,-37.67,7.4,-179.57,4.9,33.0,0.0,M,,,,3.5,0.3,12,3.3,nan,12,,,,3.3,0.2,12
2014p811069,2014-10-28T02:17:40Z,-38.68,3.5,175.55,5.1,192.0,6.0,M,,,,2.4,0.1,4,2.4,nan,12,,,,2.4,0.5,12
2014p811446,2014-10-28T05:38:49Z,-37.0,26.2,176.36,29.4,311.0,71.0,M,,,,,,,3.0,nan,14,,,,3.0,0.3,14
2014p811722,2014-10-28T08:05:57Z,-45.31,3.1,166.93,4.9,6.0,4.0,M,,,,3.4,0.3,11,2.9,nan,5,,,,2.9,0.3,5
2014p811998,2014-10-28T10:32:39Z,-46.62,6.3,166.38,8.7,12.0,0.0,M,,,,3.3,0.2,6,2.8,nan,3,,,,2.8,0.2,3
2014p812235,2014-10-28T12:39:14Z,-38.03,4.8,176.09,5.7,173.0,8.0,M,,,,,,,2.7,nan,23,,,,2.7,0.4,23
2014p812301,2014-10-28T13:14:05Z,-38.9,21.1,176.13,24.0,18.0,42.0,M,,,,2.0,0.2,7,1.6,nan,7,,,,1.6,0.2,7
2014p812645,2014-10-28T16:17:34Z,-42.13,1.3,172.67,2.5,55.0,4.0,M,,,,3.0,0.2,12,2.8,nan,12,,,,2.8,0.2,12
2014p813051,2014-10-28T19:54:09Z,-39.1,0.3,175.67,0.5,5.0,0.0,M,,,,1.7,0.4,7,1.4,nan,7,,,,1.4,0.3,7
2014p813378,2014-10-28T22:48:02Z,-38.8,0.9,175.91,1.1,103.0,2.0,M,,,,3.2,0.3,48,3.2,nan,60,,,,3.2,0.2,60
2014p813385,2014-10-28T22:51:48Z,-45.68,3.1,167.25,3.3,5.0,0.0,M,,,,2.9,0.3,6,2.6,nan,4,,,,2.6,0.3,4
2014p813395,2014-10-28T22:57:14Z,-37.07,5.2,177.58,5.0,5.0,0.0,M,5.3,nan,1,3.4,0.2,22,3.2,nan,23,4.7,0.4,1,3.2,0.2,23
2014p813457,2014-10-28T23:30:19Z,-38.62,0.9,176.11,1.2,111.0,2.0,M,,,,,,,3.3,nan,70,,,,3.3,0.3,70
2014p813471,2014-10-28T23:38:38Z,-38.83,7.6,175.85,7.3,6.0,32.0,M,,,,2.1,0.1,6,1.8,nan,7,,,,1.8,0.1,7
2014p813477,2014-10-28T23:41:15Z,-38.81,0.6,175.8,1.0,13.0,1.0,M,,,,2.4,0.2,17,2.2,nan,17,,,,2.2,0.2,17
2014p813980,2014-10-29T04:07:54Z,-35.64,16.0,-178.46,18.8,137.0,30.0,M,4.7,0.2,6,4.9,0.3,25,4.4,nan,30,3.9,0.4,6,4.7,0.2,30
2014p814035,2014-10-29T04:37:54Z,-38.8,2.7,178.92,3.3,33.0,9.0,M,,,,3.7,0.2,28,3.5,nan,28,,,,3.5,0.1,28
2014p814086,2014-10-29T05:05:26Z,-45.61,1.9,167.05,2.7,75.0,4.0,M,,,,3.3,0.2,10,3.3,nan,10,,,,3.3,0.2,10
2014p814265,2014-10-29T06:40:27Z,-38.9,5.9,176.12,4.8,21.0,15.0,M,,,,2.0,0.3,7,1.8,nan,7,,,,1.8,0.3,7
2014p814330,2014-10-29T07:14:23Z,-32.81,16.7,179.5,28.6,474.0,26.0,M,4.5,0.1,7,4.7,0.2,17,4.2,nan,17,3.7,0.4,7,4.6,0.1,17
2014p814452,2014-10-29T08:20:13Z,-41.77,1.1,173.88,1.0,11.0,2.0,M,,,,2.5,0.1,8,2.5,nan,8,,,,2.5,0.2,8
2014p814925,2014-10-29T12:32:10Z,-36.67,10.9,177.7,11.0,223.0,10.0,M,,,,,,,3.4,nan,24,,,,3.4,0.4,24
2014p814932,2014-10-29T12:35:31Z,-36.95,6.7,177.44,15.7,186.0,11.0,M,,,,2.9,0.3,6,3.0,nan,12,,,,3.0,0.5,12
2014p814933,2014-10-29T12:35:46Z,-45.07,3.4,167.65,3.9,93.0,4.0,M,,,,3.0,0.3,7,3.0,nan,8,,,,3.0,0.3,8
2014p814948,2014-10-29T12:44:31Z,-43.35,2.1,170.82,3.1,5.0,2.0,M,,,,2.8,0.2,12,2.8,nan,12,,,,2.8,0.2,12
2014p815031,2014-10-29T13:28:36Z,-35.99,5.0,179.39,8.3,33.0,0.0,M,5.3,0.2,4,5.0,0.2,67,4.8,nan,66,4.7,0.4,4,4.8,0.2,66
2014p815039,2014-10-29T13:33:11Z,-37.18,7.3,177.43,3.2,36.0,8.0,M,,,,3.0,0.2,9,2.9,nan,10,,,,2.9,0.1,10
2014p815325,2014-10-29T16:05:19Z,-38.63,1.0,176.15,1.3,109.0,2.0,M,,,,,,,3.2,nan,59,,,,3.2,0.4,59
2014p815517,2014-10-29T17:47:32Z,-44.73,1.8,167.84,2.7,5.0,1.0,M,,,,3.1,0.2,7,3.1,nan,7,,,,3.1,0.3,7
2014p815691,2014-10-29T19:20:31Z,-39.73,6.2,175.57,6.4,9.0,8.0,M,,,,2.7,0.2,18,2.4,nan,19,,,,2.4,0.2,19
2014p815731,2014-10-29T19:41:39Z,-37.03,7.0,177.24,7.2,208.0,8.0,M,,,,3.0,0.2,7,3.1,nan,24,,,,3.1,0.3,24
2014p815820,2014-10-29T20:29:00Z,-38.87,3.7,175.07,4.7,2.0,6.0,M,,,,2.6,0.2,19,2.4,nan,18,,,,2.4,0.2,18
2014p815942,2014-10-29T21:34:33Z,-38.11,1.1,178.06,2.0,69.0,2.0,M,,,,3.3,0.3,20,3.0,nan,20,,,,3.0,0.1,20
2014p816000,2014-10-29T22:05:09Z,-41.65,1.1,174.11,1.1,11.0,3.0,M,,,,4.0,0.1,12,3.7,nan,12,,,,3.7,0.1,12
2014p816010,2014-10-29T22:10:37Z,-41.62,0.7,174.1,0.7,5.0,1.0,M,,,,2.5,0.2,10,2.3,nan,10,,,,2.3,0.2,10
2014p816224,2014-10-30T00:04:16Z,-38.38,3.1,176.05,3.4,154.0,10.0,M,,,,,,,3.1,nan,63,,,,3.1,0.3,63
2014p816231,2014-10-30T00:08:17Z,-45.02,3.9,167.71,4.6,57.0,8.0,M,,,,3.4,0.1,11,3.3,nan,11,,,,3.3,0.2,11
2014p816261,2014-10-30T00:24:02Z,-41.3,5.5,172.65,4.9,115.0,9.0,M,,,,,,,2.6,nan,9,,,,2.6,0.3,9
2014p816419,2014-10-30T01:48:37Z,-38.91,0.8,176.21,1.1,87.0,2.0,M,,,,3.5,0.3,46,3.4,nan,48,,,,3.4,0.3,48
2014p816436,2014-10-30T01:57:30Z,-40.41,2.2,173.44,3.6,162.0,3.0,M,,,,,,,3.0,nan,25,,,,3.0,0.4,25
2014p816470,2014-10-30T02:15:32Z,-39.16,11.5,175.37,14.0,0.0,0.0,M,,,,1.6,0.1,7,1.4,nan,7,,,,1.4,0.1,7
2014p817202,2014-10-30T08:45:19Z,-34.85,5.6,177.8,13.2,33.0,0.0,M,,,,4.0,0.2,15,3.8,nan,15,,,,3.8,0.2,15
2014p817366,2014-10-30T10:13:01Z,-41.65,1.4,174.11,1.3,6.0,4.0,M,,,,2.2,0.2,11,2.1,nan,11,,,,2.1,0.3,11
2014p817417,2014-10-30T10:40:05Z,-44.49,2.5,170.16,4.0,5.0,0.0,M,,,,2.8,0.2,9,2.5,nan,3,,,,2.5,0.2,3
2014p817760,2014-10-30T13:42:55Z,-46.13,8.4,165.99,9.3,12.0,0.0,M,,,,3.5,0.2,7,3.4,nan,7,,,,3.4,0.2,7
2014p817855,2014-10-30T14:33:34Z,-43.52,1.3,172.15,1.1,10.0,3.0,M,,,,2.6,0.2,9,2.4,nan,6,,,,2.4,0.4,6
2014p818029,2014-10-30T16:06:08Z,-41.34,1.3,172.45,1.9,7.0,2.0,M,,,,3.4,0.1,15,3.2,nan,15,,,,3.2,0.2,15
2014p818117,2014-10-30T16:53:11Z,-39.27,6.9,175.45,14.9,4.0,9.0,M,,,,1.2,0.3,7,1.0,nan,7,,,,1.0,0.3,7
2014p818338,2014-10-30T18:50:48Z,-38.11,3.5,179.18,4.9,37.0,11.0,M,,,,2.9,0.2,10,2.7,nan,10,,,,2.7,0.1,10
2014p819590,2014-10-31T05:57:41Z,-44.03,2.6,169.55,2.5,5.0,0.0,M,,,,3.1,0.3,13,2.7,nan,6,,,,2.7,0.2,6
2014p819786,2014-10-31T07:42:37Z,-39.29,1.0,173.78,1.6,14.0,1.0,M,,,,2.9,0.2,11,2.3,nan,6,,,,2.3,0.3,6
2014p819868,2014-10-31T08:25:48Z,-44.15,3.6,168.68,4.3,5.0,0.0,M,,,,2.9,0.2,8,2.4,nan,3,,,,2.4,0.5,3
2014p819895,2014-10-31T08:40:25Z,-38.92,0.8,176.13,1.6,12.0,2.0,M,,,,2.0,0.2,11,1.7,nan,11,,,,1.7,0.2,11
2014p820152,2014-10-31T10:57:25Z,-39.29,0.9,173.78,1.4,17.0,1.0,M,,,,2.8,0.2,10,2.6,nan,10,,,,2.6,0.2,10
2014p820401,2014-10-31T13:10:02Z,-39.53,3.7,174.5,4.0,159.0,5.0,M,,,,,,,2.5,nan,12,,,,2.5,0.3,12
2014p821542,2014-10-31T23:17:46Z,-43.58,1.6,172.64,1.1,7.0,1.0,M,,,,2.6,0.3,7,2.1,nan,3,,,,2.1,0.2,3
2014p822583,2014-11-01T08:33:47Z,-39.97,0.8,176.76,1.2,45.0,2.0,M,,,,3.5,0.2,16,3.1,nan,16,,,,3.1,0.2,16
2014p822616,2014-11-01T08:50:00Z,-39.48,1.2,175.73,0.7,17.0,1.0,M,,,,1.3,0.5,6,1.2,nan,6,,,,1.2,0.4,6
2014p823311,2014-11-01T15:00:07Z,-45.17,2.8,167.46,3.4,5.0,3.0,M,,,,3.2,0.2,7,3.2,nan,7,,,,3.2,0.3,7
2014p824135,2014-11-01T22:19:22Z,-37.63,50.4,176.83,105.4,132.0,133.0,M,,,,2.7,nan,1,2.2,nan,6,,,,2.2,0.2,6
2014p824343,2014-11-02T00:10:02Z,-45.05,3.3,167.68,5.1,71.0,7.0,M,,,,3.3,0.2,9,3.3,nan,9,,,,3.3,0.2,9
2014p825053,2014-11-02T06:28:26Z,-40.31,1.1,174.6,1.3,20.0,4.0,M,,,,3.3,0.2,35,3.1,nan,35,,,,3.1,0.2,35
2014p825085,2014-11-02T06:45:30Z,-44.49,1.3,170.25,2.5,15.0,4.0,M,,,,3.8,0.1,11,3.7,nan,11,,,,3.7,0.1,11
2014p825102,2014-11-02T06:54:34Z,-41.68,1.2,174.12,1.1,13.0,2.0,M,,,,2.9,0.2,11,2.7,nan,11,,,,2.7,0.2,11
2014p825646,2014-11-02T11:43:33Z,-33.8,16.1,-179.02,16.8,202.0,46.0,M,5.0,0.2,9,4.9,0.2,7,4.6,nan,13,4.4,0.4,9,5.0,0.2,13
2014p825964,2014-11-02T14:34:02Z,-42.3,3.9,173.17,3.9,5.0,0.0,M,,,,2.5,0.4,7,2.5,nan,7,,,,2.5,0.5,7
2014p825972,2014-11-02T14:37:56Z,-37.41,4.6,176.08,16.9,224.0,12.0,M,,,,,,,2.8,nan,12,,,,2.8,0.2,12
2014p826285,2014-11-02T17:25:01Z,-39.19,2.1,175.13,2.1,152.0,2.0,M,,,,,,,2.7,nan,34,,,,2.7,0.3,34
2014p826907,2014-11-02T22:56:27Z,-35.59,13.2,-179.23,16.9,149.0,27.0,M,5.1,0.2,7,4.9,0.2,26,4.6,nan,30,4.5,0.4,7,4.7,0.1,30
2014p827393,2014-11-03T03:15:26Z,-42.13,1.4,172.36,3.0,81.0,4.0,M,,,,3.2,0.2,21,3.1,nan,21,,,,3.1,0.3,21
2014p827872,2014-11-03T07:30:48Z,-40.84,1.4,174.74,1.0,13.0,2.0,M,,,,3.5,0.2,13,3.2,nan,13,,,,3.2,0.2,13
2014p828231,2014-11-03T10:41:44Z,-43.23,1.2,172.29,1.5,11.0,2.0,M,,,,2.5,0.2,11,2.5,nan,11,,,,2.5,0.3,11
2014p828390,2014-11-03T12:07:02Z,-39.24,1.2,175.43,1.5,12.0,1.0,M,,,,1.4,0.1,9,1.1,nan,9,,,,1.1,0.2,9
2014p828837,2014-11-03T16:04:40Z,-39.46,1.2,175.73,1.0,17.0,1.0,M,,,,2.2,0.3,13,1.9,nan,13,,,,1.9,0.3,13
2014p828857,2014-11-03T16:15:15Z,-41.72,1.6,174.17,1.3,20.0,2.0,M,,,,4.0,0.1,20,3.7,nan,20,,,,3.7,0.1,20
2014p829251,2014-11-03T19:45:06Z,-37.11,3.7,177.54,7.7,133.0,7.0,M,,,,,,,2.7,nan,21,,,,2.7,0.2,21
2014p829603,2014-11-03T22:52:55Z,-42.01,2.2,173.87,2.9,37.0,3.0,M,,,,2.6,0.2,8,2.3,nan,8,,,,2.3,0.2,8
2014p829714,2014-11-03T23:52:05Z,-37.81,1.1,177.61,0.9,5.0,1.0,M,,,,3.0,0.2,14,2.8,nan,14,,,,2.8,0.1,14
2014p830065,2014-11-04T02:58:50Z,-44.15,3.5,168.63,3.9,5.0,0.0,M,,,,3.0,0.2,11,2.8,nan,8,,,,2.8,0.3,8
2014p830075,2014-11-04T03:04:05Z,-43.5,1.2,171.59,1.0,10.0,2.0,M,,,,2.5,0.1,8,2.4,nan,8,,,,2.4,0.1,8
2014p831842,2014-11-04T18:45:35Z,-36.96,5.5,176.76,3.2,290.0,8.0,M,,,,,,,3.8,nan,61,,,,3.8,0.3,61
2014p831932,2014-11-04T19:33:46Z,-39.2,2.2,174.84,2.3,165.0,3.0,M,,,,,,,2.7,nan,42,,,,2.7,0.3,42
2014p831975,2014-11-04T19:56:25Z,-45.18,2.3,167.45,3.5,123.0,4.0,M,,,,,,,2.8,nan,12,,,,2.8,0.4,12
2014p832160,2014-11-04T21:35:14Z,-38.11,3.6,176.7,3.0,4.0,14.0,M,,,,2.6,0.2,18,2.3,nan,18,,,,2.3,0.2,18
2014p832329,2014-11-04T23:05:18Z,-44.45,3.9,168.59,3.6,5.0,0.0,M,,,,2.9,0.2,11,2.8,nan,12,,,,2.8,0.2,12
2014p832727,2014-11-05T02:37:22Z,-37.76,0.9,175.71,0.6,7.0,1.0,M,,,,3.9,0.3,22,3.6,nan,22,,,,3.6,0.2,22
2014p833959,2014-11-05T13:33:23Z,-39.21,15.0,174.93,7.4,22.0,10.0,M,,,,2.2,0.3,11,1.9,nan,11,,,,1.9,0.3,11
2014p834173,2014-11-05T15:27:49Z,-36.92,8.5,177.09,26.3,288.0,17.0,M,,,,,,,2.6,nan,18,,,,2.6,0.3,18
2014p834223,2014-11-05T15:54:32Z,-37.86,1.8,176.55,1.5,159.0,3.0,M,,,,,,,2.9,nan,61,,,,2.9,0.3,61
2014p834579,2014-11-05T19:04:03Z,-38.04,1.5,174.58,3.0,5.0,0.0,M,,,,3.3,0.3,36,3.0,nan,38,,,,3.0,0.2,38
2014p834695,2014-11-05T20:05:00Z,-34.8,12.1,179.7,30.6,33.0,0.0,M,,,,3.9,0.2,11,3.7,nan,11,,,,3.7,0.1,11
2014p835844,2014-11-06T06:18:10Z,-38.46,2.4,175.97,4.5,169.0,5.0,M,,,,2.2,0.2,6,2.6,nan,35,,,,2.6,0.3,35
2014p836062,2014-11-06T08:13:38Z,-36.13,15.1,178.3,17.3,6.0,25.0,M,,,,3.3,0.3,13,3.2,nan,13,,,,3.2,0.3,13
2014p836139,2014-11-06T08:55:11Z,-40.59,1.6,174.39,1.9,93.0,5.0,M,,,,3.6,0.2,31,3.3,nan,46,,,,3.3,0.2,46
2014p836159,2014-11-06T09:06:26Z,-40.56,0.8,175.92,1.0,28.0,2.0,M,,,,1.5,0.3,6,1.5,nan,6,,,,1.5,0.4,6
2014p836279,2014-11-06T10:09:44Z,-37.76,1.3,175.71,0.7,8.0,1.0,M,,,,3.1,0.3,17,2.8,nan,17,,,,2.8,0.2,17
2014p836347,2014-11-06T10:46:03Z,-39.51,6.1,175.65,5.4,16.0,11.0,M,,,,1.8,0.2,18,1.5,nan,18,,,,1.5,0.2,18
2014p836366,2014-11-06T10:55:56Z,-37.13,6.3,176.81,14.7,206.0,10.0,M,,,,,,,2.7,nan,19,,,,2.7,0.4,19
2014p836591,2014-11-06T12:56:05Z,-39.26,2.7,175.11,2.0,15.0,3.0,M,,,,2.9,0.2,43,2.7,nan,43,,,,2.7,0.2,43
2014p836758,2014-11-06T14:25:03Z,-46.5,6.3,166.46,3.9,5.0,5.0,M,,,,3.5,0.2,12,3.4,nan,12,,,,3.4,0.3,12
2014p836792,2014-11-06T14:43:10Z,-37.76,1.0,175.72,0.6,7.0,1.0,M,,,,4.0,0.3,39,3.8,nan,41,,,,3.8,0.3,41
2014p837123,2014-11-06T17:39:11Z,-37.74,1.4,175.72,3.2,5.0,2.0,M,,,,2.5,0.3,17,2.3,nan,16,,,,2.3,0.2,16
2014p837514,2014-11-06T21:07:55Z,-38.38,0.6,177.5,1.7,7.0,1.0,M,,,,2.2,0.2,6,2.0,nan,6,,,,2.0,0.2,6
2014p837686,2014-11-06T22:39:13Z,-40.52,1.8,173.38,2.4,167.0,3.0,M,,,,,,,3.3,nan,41,,,,3.3,0.2,41
2014p837746,2014-11-06T23:11:15Z,-37.89,3.2,175.89,2.9,292.0,6.0,M,,,,3.0,0.2,5,3.3,nan,61,,,,3.3,0.4,61
2014p838190,2014-11-07T03:07:44Z,-37.81,4.4,176.0,4.5,291.0,6.0,M,,,,,,,2.8,nan,35,,,,2.8,0.3,35
2014p838216,2014-11-07T03:21:47Z,-40.72,1.1,176.3,1.3,10.0,2.0,M,,,,2.0,0.2,6,1.8,nan,6,,,,1.8,0.3,6
2014p838849,2014-11-07T08:59:07Z,-37.54,8.2,179.35,7.3,33.0,0.0,M,,,,3.1,0.2,9,2.8,nan,9,,,,2.8,0.2,9
2014p839000,2014-11-07T10:19:13Z,-45.44,4.6,166.7,5.8,5.0,0.0,M,,,,4.2,0.2,12,4.0,nan,12,,,,4.0,0.2,12
2014p839422,2014-11-07T14:04:15Z,-37.74,2.2,177.47,3.2,38.0,3.0,M,,,,2.4,0.2,6,2.2,nan,6,,,,2.2,0.1,6
2014p839424,2014-11-07T14:05:32Z,-45.49,4.2,166.74,5.0,5.0,0.0,M,,,,3.1,0.3,13,2.7,nan,7,,,,2.7,0.2,7
2014p839751,2014-11-07T16:59:32Z,-40.99,1.7,173.38,1.8,79.0,3.0,M,,,,2.9,0.2,19,2.7,nan,19,,,,2.7,0.3,19
2014p840063,2014-11-07T19:45:48Z,-37.6,2.4,176.45,2.0,179.0,5.0,M,,,,,,,2.9,nan,37,,,,2.9,0.2,37
2014p840270,2014-11-07T21:36:16Z,-43.61,1.1,172.49,1.4,13.0,3.0,M,,,,2.8,0.1,6,2.5,nan,6,,,,2.5,0.2,6
2014p840289,2014-11-07T21:45:54Z,-35.61,8.2,178.07,17.2,33.0,0.0,M,,,,3.3,0.2,8,3.2,nan,8,,,,3.2,0.2,8
2014p841028,2014-11-08T04:19:54Z,-38.17,2.1,177.7,2.3,5.0,0.0,M,,,,2.2,0.2,12,2.0,nan,12,,,,2.0,0.2,12
2014p841199,2014-11-08T05:51:21Z,-44.2,9.3,167.94,9.2,5.0,0.0,M,,,,4.2,0.2,13,4.2,nan,41,,,,4.2,0.3,41
2014p841494,2014-11-08T08:28:11Z,-37.1,3.9,177.18,3.4,181.0,5.0,M,,,,,,,2.8,nan,24,,,,2.8,0.3,24
2014p841532,2014-11-08T08:48:19Z,-39.47,6.2,175.75,5.6,12.0,17.0,M,,,,1.6,0.3,14,1.3,nan,14,,,,1.3,0.3,14
2014p841568,2014-11-08T09:07:43Z,-36.93,5.2,176.99,10.3,169.0,9.0,M,,,,,,,2.5,nan,13,,,,2.5,0.3,13
2014p842552,2014-11-08T17:51:50Z,-38.1,2.1,176.69,1.8,4.0,2.0,M,,,,2.7,0.2,25,2.4,nan,25,,,,2.4,0.2,25
2014p842583,2014-11-08T18:08:34Z,-38.09,6.0,176.7,5.5,5.0,17.0,M,,,,1.9,0.3,6,1.8,nan,6,,,,1.8,0.3,6
2014p842616,2014-11-08T18:26:03Z,-39.28,7.3,174.99,3.0,24.0,9.0,M,,,,2.7,0.2,22,2.4,nan,22,,,,2.4,0.2,22
2014p842741,2014-11-08T19:32:40Z,-38.11,3.6,176.69,3.0,4.0,13.0,M,,,,2.4,0.2,19,2.2,nan,19,,,,2.2,0.2,19
2014p842935,2014-11-08T21:16:28Z,-38.49,5.0,175.92,4.0,8.0,9.0,M,,,,2.1,0.2,13,1.8,nan,13,,,,1.8,0.3,13
2014p843435,2014-11-09T01:42:16Z,-38.54,0.7,177.63,1.0,55.0,1.0,M,,,,3.7,0.3,36,3.4,nan,36,,,,3.4,0.3,36
2014p843871,2014-11-09T05:34:29Z,-40.41,2.7,173.58,4.2,163.0,5.0,M,,,,,,,2.9,nan,30,,,,2.9,0.2,30
2014p844253,2014-11-09T08:58:03Z,-40.92,0.7,175.64,0.5,10.0,1.0,M,,,,2.2,0.2,9,1.9,nan,9,,,,1.9,0.2,9
2014p844759,2014-11-09T13:27:40Z,-38.03,3.7,176.77,4.1,7.0,8.0,M,,,,1.9,0.4,7,1.8,nan,7,,,,1.8,0.4,7
2014p844971,2014-11-09T15:21:00Z,-39.54,3.7,175.66,3.9,14.0,10.0,M,,,,1.5,0.4,10,1.4,nan,10,,,,1.4,0.4,10
2014p845086,2014-11-09T16:22:17Z,-38.1,2.3,176.7,2.3,6.0,5.0,M,,,,2.3,0.2,19,2.0,nan,19,,,,2.0,0.2,19
2014p845106,2014-11-09T16:32:28Z,-45.21,2.1,167.43,3.0,106.0,4.0,M,,,,,,,3.6,nan,12,,,,3.6,0.1,12
2014p846121,2014-11-10T01:33:15Z,-38.61,1.8,175.54,2.2,187.0,4.0,M,,,,,,,3.3,nan,54,,,,3.3,0.4,54
2014p846765,2014-11-10T07:16:27Z,-39.5,2.0,175.72,0.7,17.0,2.0,M,,,,1.3,0.3,6,1.1,nan,6,,,,1.1,0.3,6
2014p847405,2014-11-10T12:57:37Z,-37.6,14.0,179.44,10.6,33.0,0.0,M,,,,3.2,0.3,20,3.0,nan,20,,,,3.0,0.2,20
2014p847676,2014-11-10T15:21:51Z,-38.9,4.0,174.96,3.6,207.0,5.0,M,,,,2.4,0.4,6,3.3,nan,24,,,,3.3,0.4,24
2014p847678,2014-11-10T15:23:05Z,-36.19,4.0,-179.61,5.2,33.0,0.0,M,,,,5.2,0.2,30,5.0,nan,30,,,,5.0,0.1,30
2014p847825,2014-11-10T16:41:29Z,-45.09,7.5,167.32,10.1,112.0,8.0,M,,,,,,,2.8,nan,5,,,,2.8,0.3,5
2014p848077,2014-11-10T18:55:22Z,-36.51,7.1,-179.72,5.3,132.0,0.0,M,,,,3.9,0.2,12,3.7,nan,14,,,,3.7,0.1,14
2014p848299,2014-11-10T20:53:47Z,-39.95,3.2,175.07,3.6,82.0,9.0,M,,,,3.1,0.2,29,2.9,nan,42,,,,2.9,0.2,42
2014p848439,2014-11-10T22:08:37Z,-35.96,8.4,179.24,9.1,153.0,16.0,M,,,,,,,3.6,nan,18,,,,3.6,0.1,18
2014p848580,2014-11-10T23:23:54Z,-42.72,4.8,172.76,4.6,28.0,5.0,M,,,,2.6,0.2,12,2.6,nan,12,,,,2.6,0.2,12
2014p848697,2014-11-11T00:25:55Z,-39.78,3.3,173.46,9.8,9.0,7.0,M,,,,2.8,0.2,6,2.6,nan,6,,,,2.6,0.3,6
2014p848912,2014-11-11T02:20:41Z,-37.53,4.3,176.46,4.7,208.0,7.0,M,,,,,,,3.2,nan,55,,,,3.2,0.3,55
2014p849122,2014-11-11T04:12:25Z,-43.65,4.4,172.48,3.4,5.0,0.0,M,,,,2.9,0.3,9,2.5,nan,5,,,,2.5,0.3,5
2014p849547,2014-11-11T07:58:51Z,-38.44,4.0,175.82,3.3,182.0,5.0,M,,,,,,,2.6,nan,24,,,,2.6,0.3,24
2014p849555,2014-11-11T08:03:00Z,-40.66,0.6,175.84,1.2,31.0,1.0,M,,,,2.8,0.2,22,2.5,nan,22,,,,2.5,0.2,22
2014p849610,2014-11-11T08:32:11Z,-37.81,5.5,179.24,5.5,33.0,0.0,M,,,,3.2,0.3,13,3.0,nan,13,,,,3.0,0.3,13
2014p849634,2014-11-11T08:45:15Z,-39.51,7.2,175.71,5.7,12.0,10.0,M,,,,2.1,0.2,13,1.9,nan,13,,,,1.9,0.3,13
2014p849965,2014-11-11T11:42:09Z,-39.25,5.3,175.45,3.3,9.0,9.0,M,,,,1.3,0.3,7,1.0,nan,7,,,,1.0,0.2,7
2014p850124,2014-11-11T13:06:34Z,-44.14,4.5,168.65,5.6,5.0,0.0,M,,,,2.9,0.1,6,2.8,nan,6,,,,2.8,0.2,6
2014p850374,2014-11-11T15:19:46Z,-37.75,1.4,175.72,0.7,5.0,1.0,M,,,,3.1,0.3,36,2.9,nan,38,,,,2.9,0.2,38
2014p850609,2014-11-11T17:24:58Z,-45.07,4.2,167.44,5.7,114.0,7.0,M,,,,,,,2.7,nan,7,,,,2.7,0.4,7
2014p850731,2014-11-11T18:29:49Z,-39.46,3.4,175.82,2.2,60.0,3.0,M,,,,1.5,0.6,6,1.4,nan,6,,,,1.4,0.4,6
2014p851233,2014-11-11T22:56:48Z,-36.11,9.4,177.69,10.8,224.0,11.0,M,,,,,,,3.3,nan,15,,,,3.3,0.2,15
2014p851375,2014-11-12T00:12:50Z,-39.29,1.0,173.85,1.6,19.0,1.0,M,,,,2.7,0.3,8,2.4,nan,8,,,,2.4,0.3,8
2014p851557,2014-11-12T01:49:36Z,-39.14,4.5,175.64,5.2,1.0,0.0,M,,,,2.0,0.3,7,1.8,nan,7,,,,1.8,0.2,7
2014p852222,2014-11-12T07:44:15Z,-38.43,1.7,175.99,1.9,164.0,3.0,M,,,,,,,2.9,nan,54,,,,2.9,0.3,54
2014p852304,2014-11-12T08:27:39Z,-46.14,7.3,166.16,9.0,12.0,0.0,M,,,,3.3,0.1,7,3.2,nan,7,,,,3.2,0.2,7
2014p852336,2014-11-12T08:44:45Z,-46.34,9.2,166.16,10.3,11.0,7.0,M,,,,3.4,0.4,8,2.7,nan,2,,,,2.7,0.4,2
2014p852350,2014-11-12T08:52:21Z,-38.66,0.7,176.09,0.5,7.0,1.0,M,,,,2.2,0.3,7,1.9,nan,7,,,,1.9,0.3,7
2014p852362,2014-11-12T08:58:48Z,-37.07,3.7,176.85,2.8,216.0,5.0,M,,,,,,,3.0,nan,33,,,,3.0,0.3,33
2014p852525,2014-11-12T10:25:35Z,-39.12,8.1,178.66,5.5,33.0,0.0,M,,,,2.6,0.2,8,2.5,nan,8,,,,2.5,0.3,8
2014p853358,2014-11-12T17:49:21Z,-35.59,8.5,178.03,12.6,205.0,13.0,M,,,,,,,3.4,nan,15,,,,3.4,0.2,15
2014p853608,2014-11-12T20:02:38Z,-36.77,3.0,174.94,3.5,4.0,3.0,M,,,,2.8,0.2,12,2.7,nan,14,,,,2.7,0.3,14
2014p853828,2014-11-12T21:59:44Z,-38.89,0.9,174.62,1.2,18.0,3.0,M,,,,2.5,0.2,17,2.3,nan,17,,,,2.3,0.3,17
2014p853922,2014-11-12T22:49:58Z,-42.04,3.7,171.66,8.9,5.0,0.0,M,,,,2.7,0.2,7,2.6,nan,7,,,,2.6,0.2,7
2014p853949,2014-11-12T23:04:24Z,-38.89,3.4,174.64,3.5,20.0,5.0,M,,,,2.3,0.3,7,2.1,nan,7,,,,2.1,0.3,7
2014p854330,2014-11-13T02:27:31Z,-40.63,2.9,175.84,3.3,22.0,4.0,M,,,,2.9,0.2,17,2.5,nan,17,,,,2.5,0.2,17
2014p854398,2014-11-13T03:03:33Z,-38.83,0.7,175.66,0.8,7.0,2.0,M,,,,2.3,0.2,7,1.9,nan,7,,,,1.9,0.3,7
2014p854486,2014-11-13T03:50:31Z,-40.62,1.0,175.87,1.1,27.0,2.0,M,,,,1.6,0.1,6,1.3,nan,6,,,,1.3,0.2,6
2014p854517,2014-11-13T04:07:04Z,-40.2,2.6,174.36,2.9,84.0,8.0,M,,,,2.8,0.3,8,2.7,nan,25,,,,2.7,0.3,25
2014p854640,2014-11-13T05:12:25Z,-38.61,1.5,177.87,1.7,27.0,4.0,M,,,,2.1,0.2,7,1.9,nan,7,,,,1.9,0.4,7
2014p854752,2014-11-13T06:12:32Z,-38.52,4.2,175.91,3.0,8.0,5.0,M,,,,2.2,0.3,11,2.0,nan,11,,,,2.0,0.3,11
2014p854760,2014-11-13T06:16:48Z,-38.49,2.9,175.92,2.4,5.0,3.0,M,,,,2.4,0.2,18,2.1,nan,18,,,,2.1,0.2,18
2014p855138,2014-11-13T09:37:57Z,-38.68,4.6,176.06,3.2,3.0,4.0,M,,,,2.1,0.3,7,1.9,nan,7,,,,1.9,0.3,7
2014p855256,2014-11-13T10:40:54Z,-39.88,1.1,175.35,0.9,17.0,3.0,M,,,,3.2,0.2,22,2.9,nan,22,,,,2.9,0.2,22
2014p855377,2014-11-13T11:45:01Z,-41.45,1.7,173.84,2.1,50.0,3.0,M,,,,3.1,0.2,14,2.8,nan,14,,,,2.8,0.2,14
2014p855748,2014-11-13T15:02:36Z,-45.03,7.6,167.45,10.4,72.0,10.0,M,,,,2.9,0.2,9,2.6,nan,7,,,,2.6,0.2,7
2014p855827,2014-11-13T15:44:58Z,-46.18,4.5,166.93,3.1,5.0,0.0,M,,,,2.9,0.1,6,2.7,nan,5,,,,2.7,0.1,5
2014p855867,2014-11-13T16:06:17Z,-45.26,5.9,167.2,6.4,43.0,9.0,M,,,,3.3,0.1,8,3.1,nan,9,,,,3.1,0.3,9
2014p855923,2014-11-13T16:35:55Z,-38.73,2.7,175.74,3.1,143.0,5.0,M,,,,,,,2.1,nan,22,,,,2.1,0.5,22
2014p856242,2014-11-13T19:25:44Z,-37.24,8.4,-179.18,4.8,33.0,0.0,M,,,,4.0,0.3,12,3.7,nan,12,,,,3.7,0.2,12
2014p856254,2014-11-13T19:33:03Z,-39.23,1.0,175.36,0.9,17.0,2.0,M,,,,1.6,0.2,7,1.3,nan,7,,,,1.3,0.2,7
2014p856258,2014-11-13T19:35:26Z,-39.22,1.0,175.35,1.3,15.0,2.0,M,,,,1.3,0.2,6,1.1,nan,6,,,,1.1,0.3,6
2014p856895,2014-11-14T01:14:02Z,-41.69,1.1,171.99,2.2,16.0,2.0,M,,,,3.5,0.2,16,3.3,nan,16,,,,3.3,0.1,16
2014p857062,2014-11-14T02:42:49Z,-45.31,2.3,170.38,2.8,5.0,4.0,M,,,,2.5,0.2,7,2.5,nan,7,,,,2.5,0.3,7
2014p857068,2014-11-14T02:46:11Z,-39.44,2.7,175.8,1.5,15.0,3.0,M,,,,1.3,0.5,6,1.2,nan,6,,,,1.2,0.5,6
2014p857142,2014-11-14T03:25:31Z,-41.71,3.9,173.86,1.7,9.0,4.0,M,,,,2.9,0.2,13,2.8,nan,13,,,,2.8,0.2,13
2014p857194,2014-11-14T03:52:58Z,-37.18,3.8,177.5,3.3,158.0,6.0,M,,,,,,,2.8,nan,26,,,,2.8,0.3,26
2014p857419,2014-11-14T05:52:54Z,-39.54,5.2,175.65,3.8,12.0,10.0,M,,,,1.5,0.4,8,1.3,nan,8,,,,1.3,0.4,8
2014p857576,2014-11-14T07:16:52Z,-39.25,1.1,175.21,1.1,21.0,1.0,M,,,,2.1,0.3,16,1.9,nan,16,,,,1.9,0.3,16
2014p857811,2014-11-14T09:21:48Z,-45.64,3.4,167.17,4.0,5.0,0.0,M,,,,2.9,0.2,7,2.6,nan,2,,,,2.6,0.0,2
2014p858092,2014-11-14T11:51:54Z,-45.33,6.5,167.32,11.9,110.0,12.0,M,,,,,,,3.1,nan,11,,,,3.1,0.2,11
2014p858145,2014-11-14T12:19:50Z,-40.79,3.8,172.91,5.2,219.0,5.0,M,,,,,,,2.8,nan,15,,,,2.8,0.2,15
2014p858280,2014-11-14T13:32:16Z,-39.12,0.8,175.36,1.1,11.0,1.0,M,,,,1.3,0.1,6,1.0,nan,6,,,,1.0,0.2,6
2014p859081,2014-11-14T20:38:34Z,-36.97,7.0,178.33,6.8,33.0,0.0,M,,,,3.4,0.2,18,3.2,nan,18,,,,3.2,0.2,18
2014p859569,2014-11-15T00:58:32Z,-44.99,2.8,167.55,4.9,5.0,0.0,M,,,,3.4,0.1,12,3.1,nan,8,,,,3.1,0.3,8
2014p860217,2014-11-15T06:43:41Z,-38.92,5.1,174.65,4.2,9.0,12.0,M,,,,2.5,0.4,9,2.4,nan,9,,,,2.4,0.4,9
2014p860582,2014-11-15T09:58:33Z,-39.03,4.4,173.92,2.8,5.0,0.0,M,,,,4.0,0.2,24,3.6,nan,24,,,,3.6,0.2,24
2014p860646,2014-11-15T10:32:37Z,-40.65,3.7,175.83,3.8,14.0,6.0,M,,,,2.1,0.3,8,1.8,nan,8,,,,1.8,0.4,8
2014p860853,2014-11-15T12:22:37Z,-40.43,1.0,175.54,1.1,42.0,2.0,M,,,,3.3,0.2,34,3.0,nan,34,,,,3.0,0.2,34
2014p860916,2014-11-15T12:56:09Z,-40.43,2.3,175.55,3.7,28.0,3.0,M,,,,2.9,0.2,37,2.7,nan,37,,,,2.7,0.2,37
2014p860970,2014-11-15T13:24:50Z,-39.02,0.3,175.72,0.6,10.0,1.0,M,,,,2.3,0.3,21,2.0,nan,21,,,,2.0,0.3,21
2014p861156,2014-11-15T15:04:08Z,-41.21,3.1,172.54,5.1,233.0,5.0,M,,,,,,,2.8,nan,13,,,,2.8,0.3,13
2014p861210,2014-11-15T15:33:06Z,-45.45,4.7,167.09,5.2,69.0,4.0,M,,,,3.0,0.3,6,1.9,nan,3,,,,1.9,1.0,3
2014p861301,2014-11-15T16:21:25Z,-38.46,1.2,178.26,1.9,28.0,3.0,M,,,,3.3,0.2,18,3.0,nan,18,,,,3.0,0.2,18
2014p862132,2014-11-15T23:44:20Z,-39.51,1.2,175.66,0.9,20.0,1.0,M,,,,1.9,0.3,12,1.6,nan,12,,,,1.6,0.3,12
2014p862359,2014-11-16T01:45:06Z,-41.24,0.6,175.18,0.6,27.0,1.0,M,,,,3.3,0.2,19,3.0,nan,19,,,,3.0,0.2,19
2014p862739,2014-11-16T05:07:49Z,-40.06,1.4,177.0,3.4,45.0,3.0,M,,,,4.2,0.3,69,3.9,nan,69,,,,3.9,0.2,69
2014p863242,2014-11-16T09:35:49Z,-39.39,3.7,175.86,2.2,61.0,3.0,M,,,,1.3,0.4,8,1.1,nan,8,,,,1.1,0.4,8
2014p863418,2014-11-16T11:09:15Z,-41.32,1.5,173.47,2.1,105.0,2.0,M,,,,,,,3.1,nan,27,,,,3.1,0.4,27
2014p863573,2014-11-16T12:31:42Z,-44.18,1.9,169.71,3.4,12.0,3.0,M,,,,2.9,0.2,10,2.8,nan,10,,,,2.8,0.2,10
2014p863825,2014-11-16T14:46:22Z,-37.09,6.1,177.85,7.0,102.0,9.0,M,,,,2.8,0.3,10,2.7,nan,25,,,,2.7,0.2,25
2014p863832,2014-11-16T14:49:57Z,-45.2,1.9,167.33,2.5,61.0,3.0,M,,,,3.5,0.2,12,3.3,nan,12,,,,3.3,0.2,12
2014p864024,2014-11-16T16:32:32Z,-39.22,2.3,175.34,2.9,14.0,4.0,M,,,,1.2,0.3,7,1.0,nan,7,,,,1.0,0.3,7
2014p864181,2014-11-16T17:55:47Z,-40.02,2.0,173.68,3.6,240.0,5.0,M,,,,,,,3.3,nan,61,,,,3.3,0.2,61
2014p864646,2014-11-16T22:03:38Z,-38.67,10.7,175.84,16.8,167.0,14.0,M,,,,,,,2.0,nan,13,,,,2.0,0.4,13
2014p864702,2014-11-16T22:33:17Z,-37.6,7.2,-179.89,8.1,32.0,26.0,M,,,,6.8,0.1,13,6.5,nan,13,,,,6.5,0.1,13
2014p864770,2014-11-16T23:09:48Z,-37.64,9.6,179.9,7.1,33.0,0.0,M,,,,3.5,0.3,8,3.1,nan,8,,,,3.1,0.4,8
2014p864773,2014-11-16T23:11:15Z,-37.64,9.3,179.75,8.2,42.0,87.0,M,,,,3.9,0.2,14,3.6,nan,14,,,,3.6,0.1,14
2014p864776,2014-11-16T23:12:49Z,-37.43,9.1,179.79,10.7,36.0,20.0,M,,,,3.3,0.2,6,3.1,nan,6,,,,3.1,0.2,6
2014p864805,2014-11-16T23:28:35Z,-44.1,1.4,168.78,2.3,5.0,2.0,M,,,,3.2,0.2,10,3.1,nan,16,,,,3.1,0.2,16
2014p864808,2014-11-16T23:30:19Z,-37.54,6.0,179.73,8.5,89.0,15.0,M,,,,,,,3.2,nan,17,,,,3.2,0.2,17
2014p864818,2014-11-16T23:35:13Z,-37.57,14.2,179.79,6.8,11.0,12.0,M,,,,3.1,0.2,12,2.9,nan,12,,,,2.9,0.2,12
2014p864871,2014-11-17T00:03:31Z,-37.56,10.8,179.91,7.0,33.0,0.0,M,,,,3.3,0.1,12,3.0,nan,12,,,,3.0,0.1,12
2014p864925,2014-11-17T00:32:23Z,-37.56,8.6,179.91,6.2,33.0,0.0,M,,,,3.3,0.1,10,3.1,nan,10,,,,3.1,0.1,10
2014p864930,2014-11-17T00:34:53Z,-37.64,9.3,179.9,6.6,33.0,0.0,M,,,,2.7,0.2,9,2.6,nan,9,,,,2.6,0.1,9
2014p865160,2014-11-17T02:37:38Z,-37.58,10.8,179.88,7.1,33.0,0.0,M,,,,3.4,0.2,12,3.2,nan,12,,,,3.2,0.2,12
2014p865214,2014-11-17T03:06:16Z,-37.5,9.9,179.83,6.5,33.0,0.0,M,,,,3.7,0.2,18,3.3,nan,18,,,,3.3,0.1,18
2014p865221,2014-11-17T03:10:13Z,-35.37,15.1,178.33,25.3,190.0,48.0,M,,,,,,,3.3,nan,8,,,,3.3,0.2,8
2014p865307,2014-11-17T03:55:52Z,-37.73,7.5,179.95,5.8,34.0,20.0,M,,,,3.2,0.2,9,2.9,nan,9,,,,2.9,0.1,9
2014p865334,2014-11-17T04:10:09Z,-37.66,7.3,179.77,6.9,33.0,0.0,M,,,,3.5,0.2,12,3.3,nan,12,,,,3.3,0.1,12
2014p865363,2014-11-17T04:25:44Z,-41.74,0.8,173.85,1.0,19.0,3.0,M,,,,3.7,0.1,19,3.5,nan,19,,,,3.5,0.2,19
2014p865396,2014-11-17T04:43:09Z,-41.74,1.6,173.84,1.3,8.0,3.0,M,,,,2.6,0.2,12,2.4,nan,12,,,,2.4,0.3,12
2014p865418,2014-11-17T04:55:12Z,-40.76,0.7,176.28,2.0,10.0,1.0,M,,,,2.2,0.2,12,1.9,nan,12,,,,1.9,0.2,12
2014p865422,2014-11-17T04:57:09Z,-36.38,6.8,-179.74,17.8,115.0,46.0,M,,,,4.1,0.1,10,3.8,nan,10,,,,3.8,0.1,10
2014p865496,2014-11-17T05:36:26Z,-36.04,13.8,-179.93,16.5,33.0,0.0,M,,,,4.4,0.2,9,4.1,nan,9,,,,4.1,0.1,9
2014p865580,2014-11-17T06:21:01Z,-41.62,1.0,174.17,1.6,8.0,3.0,M,,,,2.2,0.4,7,1.9,nan,11,,,,1.9,0.6,11
2014p865604,2014-11-17T06:34:22Z,-37.64,8.7,179.9,6.5,33.0,0.0,M,,,,3.3,0.2,11,3.1,nan,11,,,,3.1,0.1,11
2014p865647,2014-11-17T06:57:06Z,-37.5,5.5,179.29,4.4,16.0,9.0,M,,,,3.0,0.3,8,2.8,nan,8,,,,2.8,0.1,8
2014p865749,2014-11-17T07:51:16Z,-41.74,1.1,173.86,1.3,7.0,3.0,M,,,,2.5,0.3,13,2.4,nan,13,,,,2.4,0.4,13
2014p865846,2014-11-17T08:43:00Z,-37.66,8.9,179.81,6.1,33.0,0.0,M,,,,3.6,0.2,13,3.3,nan,13,,,,3.3,0.2,13
2014p866204,2014-11-17T11:53:55Z,-41.75,1.1,173.88,1.6,9.0,5.0,M,,,,2.7,0.2,19,2.6,nan,19,,,,2.6,0.3,19
2014p866219,2014-11-17T12:01:33Z,-41.76,0.8,174.02,0.9,9.0,2.0,M,,,,2.0,0.6,5,1.8,nan,5,,,,1.8,0.7,5
2014p866265,2014-11-17T12:26:14Z,-36.2,8.5,-179.83,11.3,128.0,24.0,M,,,,4.0,0.2,13,3.9,nan,18,,,,3.9,0.3,18
2014p866272,2014-11-17T12:30:15Z,-37.72,8.9,179.89,6.6,33.0,0.0,M,,,,3.4,0.2,12,3.2,nan,12,,,,3.2,0.2,12
2014p866386,2014-11-17T13:30:47Z,-39.17,1.8,175.29,3.8,126.0,5.0,M,,,,2.2,0.3,7,2.9,nan,50,,,,2.9,0.4,50
2014p866422,2014-11-17T13:50:11Z,-37.54,10.3,179.85,7.2,33.0,0.0,M,,,,3.8,0.2,16,3.5,nan,16,,,,3.5,0.2,16
2014p866430,2014-11-17T13:54:06Z,-38.2,1.1,178.17,1.6,19.0,2.0,M,,,,2.9,0.2,11,2.7,nan,11,,,,2.7,0.2,11
2014p866535,2014-11-17T14:50:06Z,-38.19,1.6,178.16,1.8,19.0,2.0,M,,,,2.4,0.1,8,2.2,nan,8,,,,2.2,0.3,8
2014p866592,2014-11-17T15:20:34Z,-38.2,1.2,178.16,1.5,18.0,2.0,M,,,,2.7,0.2,12,2.5,nan,12,,,,2.5,0.2,12
2014p866609,2014-11-17T15:29:21Z,-36.46,7.8,177.23,3.1,9.0,26.0,M,,,,3.1,0.2,10,2.9,nan,10,,,,2.9,0.1,10
2014p866841,2014-11-17T17:33:15Z,-37.72,6.4,179.88,5.0,32.0,19.0,M,,,,4.1,0.2,15,3.8,nan,15,,,,3.8,0.1,15
2014p867070,2014-11-17T19:35:31Z,-37.56,8.3,179.91,5.9,33.0,0.0,M,,,,3.4,0.2,10,3.2,nan,10,,,,3.2,0.2,10
2014p867084,2014-11-17T19:42:34Z,-37.64,9.5,179.83,6.1,33.0,0.0,M,,,,3.8,0.3,17,3.6,nan,17,,,,3.6,0.2,17
2014p867486,2014-11-17T23:16:47Z,-41.01,1.5,172.42,2.6,5.0,2.0,M,,,,4.0,0.2,19,3.8,nan,19,,,,3.8,0.2,19
2014p867537,2014-11-17T23:43:55Z,-37.89,9.0,-179.84,8.3,33.0,0.0,M,,,,3.5,0.2,10,3.3,nan,10,,,,3.3,0.1,10
2014p867656,2014-11-18T00:47:18Z,-37.75,8.8,-179.92,5.7,33.0,0.0,M,,,,4.3,0.2,15,4.0,nan,15,,,,4.0,0.1,15
2014p867694,2014-11-18T01:08:48Z,-39.06,9.0,-179.66,8.7,25.0,24.0,M,,,,4.6,0.3,15,4.2,nan,15,,,,4.2,0.2,15
2014p867851,2014-11-18T02:31:19Z,-37.75,9.6,-179.92,6.3,33.0,0.0,M,,,,3.8,0.2,13,3.6,nan,13,,,,3.6,0.1,13
2014p867862,2014-11-18T02:37:01Z,-37.75,8.8,-179.92,5.8,33.0,0.0,M,,,,4.5,0.2,26,4.2,nan,26,,,,4.2,0.1,26
2014p867909,2014-11-18T03:02:18Z,-37.7,7.2,-179.94,6.3,30.0,23.0,M,,,,3.6,0.1,11,3.3,nan,11,,,,3.3,0.1,11
2014p867931,2014-11-18T03:14:01Z,-39.45,1.9,175.73,0.9,18.0,1.0,M,,,,2.0,0.3,7,1.8,nan,7,,,,1.8,0.3,7
2014p868042,2014-11-18T04:14:06Z,-37.75,10.0,-179.92,6.3,33.0,0.0,M,,,,3.9,0.2,11,3.6,nan,11,,,,3.6,0.2,11
2014p868071,2014-11-18T04:28:22Z,-37.62,8.6,179.99,9.0,33.0,0.0,M,,,,3.6,0.2,11,3.4,nan,11,,,,3.4,0.1,11
2014p868145,2014-11-18T05:08:05Z,-37.68,8.1,-179.98,6.2,29.0,23.0,M,,,,3.1,0.2,7,2.9,nan,7,,,,2.9,0.2,7
2014p868266,2014-11-18T06:12:38Z,-38.56,1.1,177.93,1.3,18.0,2.0,M,,,,2.5,0.2,12,2.2,nan,12,,,,2.2,0.2,12
2014p868492,2014-11-18T08:13:06Z,-37.78,14.6,179.98,9.7,33.0,0.0,M,,,,3.5,0.2,14,3.3,nan,14,,,,3.3,0.2,14
2014p868505,2014-11-18T08:19:45Z,-37.67,8.4,180.0,6.6,27.0,23.0,M,,,,3.3,0.1,8,3.1,nan,8,,,,3.1,0.1,8
2014p868737,2014-11-18T10:23:27Z,-36.87,8.8,178.35,3.9,57.0,12.0,M,,,,3.3,0.2,24,3.1,nan,24,,,,3.1,0.2,24
2014p868816,2014-11-18T11:05:21Z,-37.56,10.3,179.96,7.3,33.0,0.0,M,,,,3.7,0.2,19,3.4,nan,19,,,,3.4,0.1,19
2014p868847,2014-11-18T11:21:46Z,-43.58,3.4,172.79,3.8,5.0,0.0,M,,,,2.4,0.2,7,2.3,nan,7,,,,2.3,0.3,7
2014p868874,2014-11-18T11:36:37Z,-36.8,10.8,-179.86,19.7,33.0,0.0,M,,,,3.7,0.2,6,3.4,nan,6,,,,3.4,0.1,6
2014p869073,2014-11-18T13:21:58Z,-35.93,10.0,178.28,16.8,212.0,17.0,M,,,,,,,3.3,nan,13,,,,3.3,0.1,13
2014p869181,2014-11-18T14:19:41Z,-43.49,1.1,172.79,1.1,11.0,2.0,M,,,,3.4,0.2,10,3.2,nan,10,,,,3.2,0.1,10
2014p869187,2014-11-18T14:23:19Z,-43.49,1.2,172.79,1.1,11.0,3.0,M,,,,2.7,0.2,8,2.5,nan,8,,,,2.5,0.2,8
2014p869427,2014-11-18T16:30:59Z,-41.03,2.2,173.39,2.7,103.0,3.0,M,,,,,,,2.8,nan,11,,,,2.8,0.2,11
2014p869435,2014-11-18T16:35:30Z,-37.49,6.6,179.84,7.0,34.0,19.0,M,,,,4.4,0.3,10,4.1,nan,10,,,,4.1,0.2,10
2014p869447,2014-11-18T16:41:28Z,-37.58,6.0,179.89,6.3,33.0,19.0,M,,,,4.5,0.3,12,4.2,nan,12,,,,4.2,0.2,12
2014p869539,2014-11-18T17:30:46Z,-37.69,7.2,179.93,5.9,35.0,19.0,M,,,,3.4,0.2,13,3.2,nan,13,,,,3.2,0.2,13
2014p869546,2014-11-18T17:34:19Z,-43.19,1.1,172.22,2.2,13.0,3.0,M,,,,2.4,0.2,6,2.3,nan,6,,,,2.3,0.2,6
2014p869730,2014-11-18T19:12:00Z,-37.73,8.1,-179.97,5.9,30.0,21.0,M,,,,3.6,0.2,10,3.3,nan,10,,,,3.3,0.2,10
2014p869736,2014-11-18T19:14:24Z,-32.67,15.7,-179.45,44.8,120.0,63.0,M,5.1,0.2,8,4.7,0.3,10,4.5,nan,12,4.5,0.4,8,4.6,0.1,12
2014p869762,2014-11-18T19:29:39Z,-37.63,7.4,180.0,6.0,35.0,20.0,M,,,,3.4,0.2,12,3.2,nan,12,,,,3.2,0.2,12
2014p870260,2014-11-18T23:54:50Z,-38.39,1.5,176.64,5.3,65.0,3.0,M,,,,2.5,0.3,12,2.2,nan,12,,,,2.2,0.2,12
2014p870420,2014-11-19T01:19:32Z,-49.04,13.1,167.68,13.5,6.0,23.0,M,,,,4.5,0.1,9,4.4,nan,9,,,,4.4,0.1,9
2014p870756,2014-11-19T04:18:59Z,-37.54,8.9,179.83,7.4,33.0,0.0,M,,,,4.0,0.2,12,3.7,nan,12,,,,3.7,0.2,12
2014p870799,2014-11-19T04:41:58Z,-37.92,8.6,-179.85,6.2,31.0,20.0,M,,,,4.6,0.3,28,4.4,nan,28,,,,4.4,0.2,28
2014p870820,2014-11-19T04:53:32Z,-37.64,11.0,179.93,7.3,33.0,0.0,M,,,,3.7,0.2,12,3.4,nan,12,,,,3.4,0.2,12
2014p870849,2014-11-19T05:08:51Z,-37.75,6.8,-179.83,5.7,30.0,21.0,M,,,,4.6,0.2,18,4.3,nan,18,,,,4.3,0.1,18
2014p870871,2014-11-19T05:20:30Z,-41.96,2.6,174.08,1.6,12.0,4.0,M,,,,3.3,0.3,7,3.0,nan,7,,,,3.0,0.1,7
2014p870928,2014-11-19T05:50:37Z,-37.73,6.1,-179.96,5.8,42.0,19.0,M,,,,4.1,0.2,18,3.8,nan,18,,,,3.8,0.1,18
2014p870934,2014-11-19T05:54:03Z,-37.76,6.9,-179.93,6.5,43.0,22.0,M,,,,3.2,0.2,11,3.0,nan,11,,,,3.0,0.1,11
2014p871022,2014-11-19T06:40:50Z,-37.62,13.1,179.97,16.3,29.0,37.0,M,,,,5.0,0.2,17,4.7,nan,17,,,,4.7,0.1,17
2014p871073,2014-11-19T07:07:42Z,-37.49,3.7,176.51,2.9,219.0,6.0,M,,,,,,,2.9,nan,30,,,,2.9,0.3,30
2014p871178,2014-11-19T08:03:49Z,-37.77,7.7,178.96,3.8,5.0,11.0,M,,,,3.4,0.2,14,3.1,nan,14,,,,3.1,0.2,14
2014p871208,2014-11-19T08:20:06Z,-37.62,9.5,179.98,6.9,33.0,0.0,M,,,,4.1,0.2,16,3.9,nan,16,,,,3.9,0.1,16
2014p871218,2014-11-19T08:25:21Z,-37.75,7.4,-179.98,7.3,34.0,25.0,M,,,,3.4,0.1,12,3.1,nan,12,,,,3.1,0.1,12
2014p871225,2014-11-19T08:28:47Z,-41.65,0.8,174.18,0.9,14.0,2.0,M,,,,2.9,0.2,12,2.6,nan,12,,,,2.6,0.3,12
2014p871344,2014-11-19T09:32:31Z,-37.49,9.6,-179.99,12.3,36.0,25.0,M,,,,4.4,0.1,7,3.2,nan,13,,,,3.2,0.3,13
2014p871346,2014-11-19T09:33:42Z,-37.73,6.6,-179.94,5.5,30.0,22.0,M,,,,4.3,0.2,12,4.0,nan,12,,,,4.0,0.1,12
2014p871406,2014-11-19T10:05:19Z,-37.6,13.9,179.9,8.2,33.0,0.0,M,,,,3.0,0.2,7,2.8,nan,7,,,,2.8,0.1,7
2014p871556,2014-11-19T11:25:15Z,-37.74,6.8,-179.9,5.9,40.0,21.0,M,,,,4.2,0.2,17,3.9,nan,17,,,,3.9,0.1,17
2014p871643,2014-11-19T12:11:52Z,-37.87,1.2,176.78,1.1,14.0,2.0,M,,,,2.1,0.2,7,1.8,nan,7,,,,1.8,0.2,7
2014p872138,2014-11-19T16:35:26Z,-37.5,6.3,179.96,8.1,52.0,22.0,M,,,,3.5,0.2,11,3.2,nan,11,,,,3.2,0.1,11
2014p872365,2014-11-19T18:36:29Z,-43.41,3.1,172.8,3.8,8.0,6.0,M,,,,2.8,0.2,11,2.6,nan,11,,,,2.6,0.1,11
2014p872440,2014-11-19T19:16:25Z,-37.62,13.6,-180.0,9.0,33.0,0.0,M,,,,3.7,0.2,9,3.4,nan,9,,,,3.4,0.2,9
2014p872574,2014-11-19T20:27:14Z,-38.59,4.8,175.92,6.2,167.0,6.0,M,,,,2.8,0.3,7,2.3,nan,13,,,,2.3,0.4,13
2014p872631,2014-11-19T20:58:11Z,-37.53,6.6,179.87,9.2,58.0,20.0,M,,,,3.2,0.2,11,3.0,nan,11,,,,3.0,0.1,11
2014p872706,2014-11-19T21:38:09Z,-37.49,2.8,177.14,1.8,8.0,1.0,M,,,,3.2,0.4,12,2.9,nan,23,,,,2.9,0.3,23
2014p872749,2014-11-19T22:01:15Z,-37.6,9.7,179.76,6.7,33.0,0.0,M,,,,3.4,0.1,11,3.0,nan,11,,,,3.0,0.1,11
2014p872820,2014-11-19T22:38:40Z,-39.82,1.0,176.55,1.1,12.0,2.0,M,,,,2.5,0.3,17,2.3,nan,17,,,,2.3,0.2,17
2014p872847,2014-11-19T22:52:58Z,-39.69,0.7,175.74,0.5,14.0,2.0,M,,,,2.8,0.2,26,2.5,nan,26,,,,2.5,0.2,26
2014p872926,2014-11-19T23:35:17Z,-37.44,2.4,176.98,1.8,9.0,3.0,M,,,,2.9,0.2,9,2.8,nan,9,,,,2.8,0.2,9
2014p872940,2014-11-19T23:42:49Z,-37.48,2.5,177.16,2.1,8.0,1.0,M,,,,2.9,0.4,9,2.7,nan,9,,,,2.7,0.3,9
2014p873011,2014-11-20T00:20:41Z,-37.19,5.0,176.79,5.1,224.0,7.0,M,,,,,,,2.9,nan,16,,,,2.9,0.2,16
2014p873036,2014-11-20T00:33:56Z,-37.48,12.1,179.75,12.0,73.0,24.0,M,,,,3.4,0.2,19,3.1,nan,19,,,,3.1,0.2,19
2014p873073,2014-11-20T00:53:44Z,-37.59,5.6,179.91,5.1,33.0,0.0,M,,,,4.8,0.2,51,4.5,nan,51,,,,4.5,0.2,51
2014p873280,2014-11-20T02:44:07Z,-37.59,11.5,179.93,7.8,33.0,0.0,M,,,,3.3,0.1,10,3.1,nan,10,,,,3.1,0.1,10
2014p873316,2014-11-20T03:03:17Z,-37.67,9.4,-179.92,10.8,33.0,0.0,M,,,,3.5,0.2,9,3.2,nan,9,,,,3.2,0.1,9
2014p873335,2014-11-20T03:13:22Z,-37.41,10.9,179.89,7.7,33.0,0.0,M,,,,3.4,0.2,11,3.2,nan,11,,,,3.2,0.2,11
2014p873395,2014-11-20T03:44:57Z,-41.24,1.0,174.67,0.8,28.0,1.0,M,,,,3.2,0.2,14,2.9,nan,14,,,,2.9,0.2,14
2014p873590,2014-11-20T05:29:08Z,-40.2,1.8,175.01,1.6,24.0,2.0,M,,,,2.9,0.2,12,2.7,nan,12,,,,2.7,0.2,12
2014p873600,2014-11-20T05:34:10Z,-43.22,1.3,172.24,1.8,10.0,2.0,M,,,,2.7,0.2,13,2.6,nan,13,,,,2.6,0.1,13
2014p873725,2014-11-20T06:40:57Z,-37.49,9.5,179.97,6.7,33.0,0.0,M,,,,4.0,0.2,13,3.7,nan,13,,,,3.7,0.1,13
2014p873779,2014-11-20T07:09:32Z,-37.86,2.6,178.58,4.0,14.0,2.0,M,,,,3.9,0.2,22,3.6,nan,22,,,,3.6,0.2,22
2014p873784,2014-11-20T07:12:36Z,-37.51,11.0,179.97,7.8,33.0,0.0,M,,,,3.3,0.2,12,3.1,nan,12,,,,3.1,0.1,12
2014p873884,2014-11-20T08:05:55Z,-39.13,2.6,174.72,2.9,201.0,3.0,M,,,,,,,3.5,nan,114,,,,3.5,0.6,114
2014p873919,2014-11-20T08:24:24Z,-43.42,1.3,172.78,1.3,10.0,2.0,M,,,,3.3,0.2,13,3.1,nan,13,,,,3.1,0.2,13
2014p873940,2014-11-20T08:35:33Z,-37.5,10.0,179.95,7.8,33.0,0.0,M,,,,3.8,0.2,18,3.5,nan,18,,,,3.5,0.1,18
2014p874128,2014-11-20T10:15:34Z,-37.49,2.3,177.65,2.2,56.0,3.0,M,,,,2.7,0.2,12,2.5,nan,12,,,,2.5,0.2,12
2014p874166,2014-11-20T10:35:52Z,-37.49,9.5,179.95,7.2,33.0,0.0,M,,,,3.9,0.2,12,3.6,nan,12,,,,3.6,0.2,12
2014p874329,2014-11-20T12:02:39Z,-37.66,7.0,-179.92,5.6,25.0,22.0,M,,,,3.7,0.3,17,3.4,nan,17,,,,3.4,0.2,17
2014p874394,2014-11-20T12:37:37Z,-40.34,0.8,176.54,1.7,13.0,2.0,M,,,,2.6,0.2,12,2.3,nan,12,,,,2.3,0.2,12
2014p874518,2014-11-20T13:43:38Z,-37.41,10.0,179.92,8.3,33.0,0.0,M,,,,3.6,0.2,16,3.3,nan,16,,,,3.3,0.1,16
2014p874550,2014-11-20T14:00:25Z,-37.55,9.3,179.94,7.1,33.0,0.0,M,,,,4.2,0.3,23,3.8,nan,23,,,,3.8,0.2,23
2014p874766,2014-11-20T15:55:35Z,-41.68,1.1,174.12,1.1,13.0,2.0,M,,,,2.4,0.1,13,2.2,nan,13,,,,2.2,0.3,13
2014p874833,2014-11-20T16:31:12Z,-40.27,2.5,176.53,2.5,12.0,3.0,M,,,,2.7,0.2,17,2.5,nan,17,,,,2.5,0.1,17
2014p875074,2014-11-20T18:40:04Z,-37.66,10.7,179.89,8.0,33.0,0.0,M,,,,3.3,0.1,12,3.0,nan,12,,,,3.0,0.1,12
2014p875134,2014-11-20T19:11:23Z,-34.52,26.1,178.98,28.2,249.0,29.0,M,4.0,0.2,5,4.1,0.3,18,3.7,nan,18,3.1,0.4,5,3.9,0.2,18
2014p875520,2014-11-20T22:37:16Z,-39.55,3.0,174.34,2.7,208.0,5.0,M,,,,,,,3.5,nan,89,,,,3.5,0.6,89
2014p875557,2014-11-20T22:56:56Z,-37.75,14.5,-179.92,9.7,33.0,0.0,M,,,,3.7,0.3,11,3.4,nan,11,,,,3.4,0.2,11
2014p875571,2014-11-20T23:04:33Z,-37.6,7.5,179.99,4.7,33.0,0.0,M,,,,3.2,0.2,12,3.0,nan,12,,,,3.0,0.2,12
2014p875775,2014-11-21T00:53:30Z,-37.67,11.7,-179.92,6.6,33.0,0.0,M,,,,3.1,0.2,13,2.9,nan,13,,,,2.9,0.3,13
2014p875901,2014-11-21T02:00:46Z,-40.31,1.6,176.52,2.4,5.0,2.0,M,,,,2.2,0.2,8,1.9,nan,8,,,,1.9,0.3,8
2014p875932,2014-11-21T02:16:40Z,-37.79,7.3,179.96,4.7,33.0,0.0,M,,,,3.6,0.2,12,3.3,nan,12,,,,3.3,0.2,12
2014p875950,2014-11-21T02:26:48Z,-37.67,5.6,179.92,3.9,33.0,0.0,M,,,,4.4,0.3,25,4.1,nan,59,,,,4.1,0.3,59
2014p876034,2014-11-21T03:11:02Z,-35.59,10.3,179.73,11.5,152.0,22.0,M,,,,3.9,0.2,12,3.8,nan,18,,,,3.8,0.3,18
2014p876039,2014-11-21T03:13:58Z,-37.68,5.8,-179.96,3.9,33.0,0.0,M,,,,3.7,0.3,24,3.4,nan,24,,,,3.4,0.2,24
2014p876066,2014-11-21T03:28:31Z,-37.62,7.3,-179.88,5.5,33.0,0.0,M,,,,3.3,0.3,11,3.1,nan,11,,,,3.1,0.2,11
2014p876137,2014-11-21T04:06:00Z,-40.35,0.7,176.55,1.1,16.0,1.0,M,,,,3.4,0.2,13,3.1,nan,13,,,,3.1,0.2,13
2014p876170,2014-11-21T04:23:37Z,-37.79,8.2,-179.74,8.1,33.0,0.0,M,,,,3.8,0.2,25,3.5,nan,25,,,,3.5,0.2,25
2014p876208,2014-11-21T04:43:45Z,-37.46,17.8,-180.0,11.7,33.0,0.0,M,,,,3.0,0.1,9,2.8,nan,9,,,,2.8,0.2,9
2014p876222,2014-11-21T04:51:32Z,-37.67,9.1,-179.92,6.2,33.0,0.0,M,,,,3.0,0.1,9,2.8,nan,9,,,,2.8,0.1,9
2014p876473,2014-11-21T07:05:08Z,-37.73,5.7,179.92,4.2,33.0,0.0,M,,,,3.5,0.2,17,3.2,nan,17,,,,3.2,0.3,17
2014p876643,2014-11-21T08:35:36Z,-39.96,1.1,176.54,1.2,11.0,3.0,M,,,,2.1,0.3,13,1.9,nan,13,,,,1.9,0.3,13
2014p876769,2014-11-21T09:43:05Z,-37.96,7.9,179.53,7.1,33.0,0.0,M,,,,2.8,0.1,12,2.5,nan,12,,,,2.5,0.1,12
2014p877030,2014-11-21T12:01:53Z,-37.74,6.0,179.99,4.1,33.0,0.0,M,,,,3.4,0.2,17,3.1,nan,17,,,,3.1,0.2,17
2014p877085,2014-11-21T12:30:53Z,-37.71,4.2,-179.98,3.8,33.0,0.0,M,,,,3.7,0.2,36,3.4,nan,37,,,,3.4,0.2,37
2014p877090,2014-11-21T12:34:00Z,-37.7,6.7,179.97,4.7,33.0,0.0,M,,,,3.1,0.2,15,2.9,nan,15,,,,2.9,0.2,15
2014p877424,2014-11-21T15:31:42Z,-37.77,4.1,179.85,3.9,33.0,0.0,M,,,,3.7,0.3,38,3.5,nan,39,,,,3.5,0.2,39
2014p877484,2014-11-21T16:03:43Z,-39.33,1.3,173.71,1.3,13.0,2.0,M,,,,2.7,0.3,7,2.5,nan,7,,,,2.5,0.2,7
2014p877601,2014-11-21T17:05:52Z,-37.65,4.4,176.79,5.8,151.0,8.0,M,,,,,,,2.5,nan,19,,,,2.5,0.3,19
2014p877619,2014-11-21T17:15:26Z,-43.53,1.6,172.39,1.0,10.0,2.0,M,,,,2.3,0.4,6,2.0,nan,4,,,,2.0,0.3,4
2014p877932,2014-11-21T20:02:25Z,-37.44,5.0,-179.97,4.0,33.0,0.0,M,4.7,nan,1,3.7,0.2,18,3.5,nan,18,4.0,0.4,1,3.5,0.2,18
2014p878297,2014-11-21T23:16:48Z,-35.56,11.4,179.94,19.2,33.0,0.0,M,,,,4.0,0.3,14,3.9,nan,14,,,,3.9,0.3,14
2014p878776,2014-11-22T03:32:08Z,-40.29,0.8,176.56,0.8,14.0,1.0,M,,,,2.7,0.2,11,2.4,nan,11,,,,2.4,0.1,11
2014p879114,2014-11-22T06:32:19Z,-35.89,8.6,179.6,9.8,148.0,19.0,M,,,,,,,3.5,nan,12,,,,3.5,0.2,12
2014p879260,2014-11-22T07:49:49Z,-38.58,2.2,175.84,1.9,164.0,7.0,M,,,,2.7,0.7,7,2.9,nan,38,,,,2.9,0.3,38
2014p879411,2014-11-22T09:10:08Z,-43.23,4.7,176.48,5.6,33.0,0.0,M,,,,3.3,0.3,16,3.2,nan,16,,,,3.2,0.3,16
2014p879611,2014-11-22T10:57:02Z,-40.44,1.1,174.2,1.4,70.0,4.0,M,,,,3.2,0.2,33,2.9,nan,33,,,,2.9,0.2,33
2014p879847,2014-11-22T13:02:53Z,-38.64,0.6,176.08,0.6,7.0,1.0,M,,,,2.4,0.2,11,2.0,nan,11,,,,2.0,0.2,11
2014p879852,2014-11-22T13:05:38Z,-38.66,0.7,176.13,0.9,6.0,2.0,M,,,,2.2,0.4,5,1.9,nan,5,,,,1.9,0.3,5
2014p879864,2014-11-22T13:11:42Z,-43.86,3.1,169.33,3.1,5.0,0.0,M,,,,2.9,0.2,12,2.5,nan,3,,,,2.5,0.2,3
2014p879870,2014-11-22T13:15:03Z,-38.7,5.2,176.1,5.3,6.0,15.0,M,,,,1.9,0.4,7,1.6,nan,7,,,,1.6,0.3,7
2014p879958,2014-11-22T14:01:51Z,-40.44,1.5,173.91,2.8,81.0,4.0,M,,,,3.0,0.3,14,2.3,nan,5,,,,2.3,0.3,5
2014p880101,2014-11-22T15:18:10Z,-37.72,8.7,179.97,5.9,33.0,0.0,M,,,,3.4,0.2,15,3.0,nan,15,,,,3.0,0.2,15
2014p880510,2014-11-22T18:55:46Z,-36.69,5.6,177.13,3.6,12.0,0.0,M,,,,3.1,0.2,11,2.8,nan,11,,,,2.8,0.2,11
2014p880615,2014-11-22T19:52:02Z,-36.62,14.0,177.12,5.6,12.0,0.0,M,,,,3.8,0.2,16,3.5,nan,16,,,,3.5,0.2,16
2014p880643,2014-11-22T20:06:51Z,-36.6,9.2,177.21,5.7,12.0,0.0,M,,,,3.8,0.3,7,3.5,nan,7,,,,3.5,0.2,7
2014p880655,2014-11-22T20:13:16Z,-36.6,8.7,177.21,5.6,12.0,0.0,M,,,,2.9,0.2,9,2.7,nan,9,,,,2.7,0.2,9
2014p880804,2014-11-22T21:32:57Z,-37.64,10.7,-179.83,9.2,33.0,0.0,M,,,,3.5,0.2,15,3.2,nan,15,,,,3.2,0.2,15
2014p880828,2014-11-22T21:45:30Z,-43.49,1.3,172.79,1.3,11.0,3.0,M,,,,3.0,0.2,8,2.7,nan,8,,,,2.7,0.1,8
2014p880906,2014-11-22T22:27:07Z,-37.74,6.5,179.89,4.7,33.0,0.0,M,,,,3.5,0.2,23,3.3,nan,23,,,,3.3,0.2,23
2014p880916,2014-11-22T22:32:31Z,-36.72,6.3,177.14,4.4,12.0,0.0,M,,,,3.0,0.2,12,2.8,nan,12,,,,2.8,0.1,12
2014p880975,2014-11-22T23:03:48Z,-36.61,5.7,177.16,3.6,12.0,0.0,M,,,,3.5,0.2,19,3.2,nan,19,,,,3.2,0.1,19
2014p881184,2014-11-23T00:55:13Z,-37.7,8.5,179.49,5.4,33.0,0.0,M,,,,3.3,0.3,12,3.0,nan,12,,,,3.0,0.2,12
2014p881267,2014-11-23T01:39:06Z,-36.65,6.2,177.18,4.2,12.0,0.0,M,,,,3.3,0.3,8,3.1,nan,8,,,,3.1,0.2,8
2014p881302,2014-11-23T01:57:49Z,-36.68,4.5,177.13,3.6,12.0,0.0,M,,,,4.5,0.2,35,4.3,nan,37,,,,4.3,0.2,37
2014p881314,2014-11-23T02:04:33Z,-37.67,9.7,179.95,8.3,33.0,0.0,M,,,,3.1,0.1,7,2.9,nan,7,,,,2.9,0.1,7
2014p881330,2014-11-23T02:13:07Z,-37.77,6.1,179.98,4.4,33.0,0.0,M,,,,3.7,0.2,20,3.4,nan,20,,,,3.4,0.2,20
2014p881536,2014-11-23T04:02:42Z,-37.77,6.4,179.97,4.6,33.0,0.0,M,,,,3.4,0.1,11,3.1,nan,11,,,,3.1,0.1,11
2014p881599,2014-11-23T04:36:08Z,-37.77,8.2,179.98,5.2,33.0,0.0,M,,,,3.5,0.1,15,3.2,nan,15,,,,3.2,0.1,15
2014p881650,2014-11-23T05:03:11Z,-37.79,8.8,-180.0,5.1,33.0,0.0,M,,,,3.7,0.3,12,3.4,nan,12,,,,3.4,0.2,12
2014p881670,2014-11-23T05:14:01Z,-37.75,12.7,179.91,9.4,33.0,0.0,M,,,,3.3,0.3,17,3.1,nan,17,,,,3.1,0.3,17
2014p881758,2014-11-23T06:00:53Z,-37.74,9.5,180.0,6.2,33.0,0.0,M,,,,4.8,0.2,18,4.4,nan,18,,,,4.4,0.1,18
2014p881840,2014-11-23T06:44:44Z,-37.82,13.1,179.98,9.5,33.0,0.0,M,,,,3.2,0.3,10,3.0,nan,10,,,,3.0,0.3,10
2014p881970,2014-11-23T07:53:56Z,-37.47,35.2,-179.6,34.0,33.0,0.0,M,,,,3.2,0.2,9,3.0,nan,9,,,,3.0,0.2,9
2014p882091,2014-11-23T08:58:20Z,-36.6,10.0,177.25,6.1,33.0,0.0,M,,,,2.7,0.2,7,2.3,nan,4,,,,2.3,0.3,4
2014p882094,2014-11-23T09:00:00Z,-36.72,4.7,177.01,2.8,12.0,0.0,M,,,,4.1,0.2,30,3.9,nan,30,,,,3.9,0.2,30
2014p882176,2014-11-23T09:43:48Z,-37.73,7.6,179.98,5.3,33.0,0.0,M,,,,3.9,0.2,18,3.6,nan,18,,,,3.6,0.1,18
2014p882181,2014-11-23T09:46:16Z,-37.68,6.1,-179.99,4.9,33.0,0.0,M,,,,4.1,0.3,26,3.8,nan,26,,,,3.8,0.2,26
2014p882219,2014-11-23T10:06:40Z,-42.41,2.6,171.3,3.7,9.0,4.0,M,,,,2.6,0.2,12,2.6,nan,12,,,,2.6,0.4,12
2014p882222,2014-11-23T10:07:58Z,-37.75,7.1,180.0,5.3,33.0,0.0,M,,,,3.4,0.2,13,3.2,nan,13,,,,3.2,0.2,13
2014p882324,2014-11-23T11:02:34Z,-37.7,7.2,-179.97,5.1,33.0,0.0,M,,,,3.5,0.2,16,3.2,nan,16,,,,3.2,0.2,16
2014p882372,2014-11-23T11:28:16Z,-37.7,10.1,-179.99,6.5,33.0,0.0,M,,,,3.2,0.2,12,3.0,nan,12,,,,3.0,0.1,12
2014p882389,2014-11-23T11:36:57Z,-37.71,6.1,179.98,4.3,33.0,0.0,M,,,,5.0,0.2,18,4.7,nan,18,,,,4.7,0.1,18
2014p882410,2014-11-23T11:48:29Z,-37.8,10.1,180.0,7.5,33.0,0.0,M,,,,3.5,0.3,18,3.2,nan,18,,,,3.2,0.2,18
2014p882438,2014-11-23T12:03:09Z,-37.9,13.8,179.92,9.6,33.0,0.0,M,,,,3.2,0.2,12,2.9,nan,12,,,,2.9,0.1,12
2014p882477,2014-11-23T12:23:55Z,-37.78,6.3,179.96,4.2,33.0,0.0,M,,,,3.6,0.2,19,3.3,nan,19,,,,3.3,0.1,19
2014p882518,2014-11-23T12:45:57Z,-37.83,7.8,179.93,5.8,33.0,0.0,M,,,,3.5,0.2,19,3.2,nan,19,,,,3.2,0.2,19
2014p882691,2014-11-23T14:17:52Z,-37.74,7.9,-179.96,5.7,33.0,0.0,M,,,,4.0,0.2,26,3.7,nan,26,,,,3.7,0.1,26
2014p882719,2014-11-23T14:33:22Z,-37.82,8.8,179.97,5.7,33.0,0.0,M,,,,3.5,0.2,14,3.2,nan,14,,,,3.2,0.2,14
2014p882752,2014-11-23T14:50:29Z,-37.7,7.2,-179.92,5.6,33.0,0.0,M,,,,3.6,0.2,20,3.3,nan,20,,,,3.3,0.2,20
2014p882763,2014-11-23T14:56:18Z,-37.74,7.6,-179.99,5.5,33.0,0.0,M,,,,3.1,0.3,17,2.9,nan,17,,,,2.9,0.3,17
2014p882799,2014-11-23T15:15:51Z,-37.58,7.8,-179.95,5.8,33.0,0.0,M,,,,3.4,0.3,18,3.1,nan,18,,,,3.1,0.2,18
2014p882950,2014-11-23T16:36:13Z,-37.81,6.3,179.94,5.1,33.0,0.0,M,,,,3.1,0.3,10,2.9,nan,10,,,,2.9,0.3,10
2014p883111,2014-11-23T18:01:32Z,-36.17,9.2,-179.56,6.1,33.0,0.0,M,,,,4.0,0.5,8,3.7,nan,8,,,,3.7,0.3,8
2014p883195,2014-11-23T18:46:28Z,-37.68,10.8,179.98,6.6,33.0,0.0,M,,,,3.6,0.3,11,3.6,nan,11,,,,3.6,0.2,11
2014p883197,2014-11-23T18:47:56Z,-37.71,5.3,-179.99,4.8,33.0,0.0,M,,,,3.9,0.2,34,3.7,nan,34,,,,3.7,0.2,34
2014p883198,2014-11-23T18:48:19Z,-37.68,5.8,180.0,4.3,33.0,0.0,M,,,,4.0,0.3,9,3.7,nan,21,,,,3.7,0.4,21
2014p883205,2014-11-23T18:51:57Z,-37.78,9.8,179.89,5.7,33.0,0.0,M,,,,3.0,0.2,8,2.8,nan,8,,,,2.8,0.2,8
2014p883243,2014-11-23T19:12:06Z,-37.81,6.7,179.45,4.9,33.0,0.0,M,,,,4.3,0.3,24,4.0,nan,24,,,,4.0,0.2,24
2014p883366,2014-11-23T20:17:47Z,-36.74,6.7,177.14,4.7,12.0,0.0,M,,,,2.9,0.3,9,2.7,nan,9,,,,2.7,0.3,9
2014p883729,2014-11-23T23:31:07Z,-45.62,3.9,166.6,7.9,5.0,0.0,M,,,,3.1,0.2,8,3.0,nan,9,,,,3.0,0.3,9
2014p883831,2014-11-24T00:25:29Z,-37.46,12.9,179.31,9.4,33.0,0.0,M,,,,3.3,0.2,11,3.0,nan,11,,,,3.0,0.1,11
2014p883841,2014-11-24T00:30:40Z,-37.5,7.1,179.3,5.0,33.0,0.0,M,,,,3.1,0.2,16,3.0,nan,16,,,,3.0,0.2,16
2014p883987,2014-11-24T01:48:40Z,-38.46,1.0,177.61,1.2,64.0,2.0,M,,,,3.1,0.3,24,2.8,nan,24,,,,2.8,0.2,24
2014p884110,2014-11-24T02:54:14Z,-37.83,8.5,179.96,5.9,33.0,0.0,M,,,,3.3,0.3,15,3.0,nan,15,,,,3.0,0.2,15
2014p884375,2014-11-24T05:15:32Z,-37.76,8.9,179.99,5.1,33.0,0.0,M,,,,3.4,0.3,13,3.1,nan,13,,,,3.1,0.2,13
2014p884468,2014-11-24T06:04:51Z,-37.74,7.7,179.83,5.1,33.0,0.0,M,,,,3.9,0.3,24,3.5,nan,24,,,,3.5,0.2,24
2014p884605,2014-11-24T07:17:33Z,-37.75,6.9,-180.0,4.9,33.0,0.0,M,,,,3.8,0.2,24,3.4,nan,24,,,,3.4,0.2,24
2014p884620,2014-11-24T07:26:01Z,-37.67,8.1,-179.52,5.2,33.0,0.0,M,,,,3.5,0.2,11,3.2,nan,11,,,,3.2,0.1,11
2014p884662,2014-11-24T07:48:27Z,-37.79,8.8,179.99,6.0,33.0,0.0,M,,,,3.7,0.2,10,3.4,nan,10,,,,3.4,0.1,10
2014p884821,2014-11-24T09:13:01Z,-36.59,6.4,177.72,3.1,189.0,6.0,M,,,,,,,3.5,nan,32,,,,3.5,0.3,32
2014p884966,2014-11-24T10:30:26Z,-37.82,9.0,179.95,6.5,33.0,0.0,M,,,,2.9,0.2,13,2.7,nan,13,,,,2.7,0.2,13
2014p885551,2014-11-24T15:41:51Z,-37.57,6.8,179.39,4.5,33.0,0.0,M,,,,3.2,0.3,18,2.9,nan,18,,,,2.9,0.2,18
2014p885570,2014-11-24T15:52:02Z,-37.78,5.9,179.96,4.3,33.0,0.0,M,,,,3.4,0.4,13,2.6,nan,18,,,,2.6,0.3,18
2014p885573,2014-11-24T15:53:27Z,-36.68,5.1,177.12,4.0,12.0,0.0,M,,,,3.7,0.2,29,3.5,nan,31,,,,3.5,0.2,31
2014p885628,2014-11-24T16:22:48Z,-37.75,8.1,-179.99,5.2,33.0,0.0,M,,,,3.3,0.3,10,2.9,nan,10,,,,2.9,0.1,10
2014p885650,2014-11-24T16:34:17Z,-36.66,6.4,177.14,3.8,12.0,0.0,M,,,,2.9,0.2,7,2.6,nan,7,,,,2.6,0.1,7
2014p885862,2014-11-24T18:27:15Z,-37.51,11.5,179.16,8.0,12.0,0.0,M,,,,3.4,0.2,11,3.2,nan,11,,,,3.2,0.1,11
2014p885881,2014-11-24T18:37:43Z,-37.84,6.7,179.99,4.6,33.0,0.0,M,,,,4.1,0.2,18,3.8,nan,18,,,,3.8,0.1,18
2014p886064,2014-11-24T20:15:23Z,-37.75,6.8,179.97,4.7,52.0,0.0,M,,,,3.1,0.3,12,2.9,nan,12,,,,2.9,0.2,12
2014p886279,2014-11-24T22:09:49Z,-37.82,9.1,179.78,5.9,33.0,0.0,M,,,,3.1,0.2,10,2.8,nan,10,,,,2.8,0.1,10
2014p886608,2014-11-25T01:04:50Z,-37.8,7.1,179.93,4.9,33.0,0.0,M,,,,3.0,0.2,12,2.8,nan,12,,,,2.8,0.1,12
2014p886797,2014-11-25T02:45:51Z,-40.38,1.6,176.8,2.0,9.0,2.0,M,,,,3.1,0.2,26,2.8,nan,26,,,,2.8,0.2,26
2014p887084,2014-11-25T05:18:49Z,-37.79,7.3,179.98,4.9,33.0,0.0,M,,,,3.0,0.2,12,2.8,nan,12,,,,2.8,0.2,12
2014p887168,2014-11-25T06:03:32Z,-37.46,10.4,179.84,6.0,33.0,0.0,M,,,,2.8,0.1,7,2.6,nan,7,,,,2.6,0.2,7
2014p887191,2014-11-25T06:15:28Z,-37.86,8.0,-179.87,8.0,45.0,25.0,M,,,,3.5,0.2,12,3.2,nan,12,,,,3.2,0.1,12
2014p887272,2014-11-25T06:58:41Z,-36.7,4.7,177.14,1.8,25.0,13.0,M,,,,3.0,0.3,13,2.8,nan,13,,,,2.8,0.3,13
2014p887284,2014-11-25T07:05:25Z,-37.76,8.3,-180.0,5.6,33.0,0.0,M,,,,3.3,0.2,11,3.0,nan,11,,,,3.0,0.1,11
2014p887832,2014-11-25T11:57:14Z,-40.73,2.2,173.95,1.8,106.0,7.0,M,,,,,,,4.1,nan,48,,,,4.1,0.2,48
2014p888137,2014-11-25T14:39:47Z,-38.18,2.3,175.97,1.8,166.0,7.0,M,,,,,,,2.7,nan,37,,,,2.7,0.3,37
2014p888175,2014-11-25T14:59:52Z,-37.72,8.2,179.96,6.2,33.0,0.0,M,,,,3.1,0.2,13,2.9,nan,13,,,,2.9,0.2,13
2014p888330,2014-11-25T16:22:43Z,-37.68,15.8,179.86,8.2,33.0,0.0,M,,,,3.5,0.3,11,3.2,nan,11,,,,3.2,0.1,11
2014p888518,2014-11-25T18:02:02Z,-36.68,24.2,177.05,20.3,244.0,37.0,M,,,,3.1,0.4,8,3.1,nan,15,,,,3.1,0.4,15
2014p888804,2014-11-25T20:34:57Z,-41.19,3.9,172.56,5.6,214.0,6.0,M,,,,,,,2.7,nan,11,,,,2.7,0.3,11
2014p888886,2014-11-25T21:18:39Z,-37.83,8.8,-179.93,6.9,33.0,0.0,M,,,,4.0,0.2,24,3.7,nan,24,,,,3.7,0.1,24
2014p888905,2014-11-25T21:29:13Z,-37.62,9.5,179.95,10.5,33.0,0.0,M,,,,3.3,0.1,11,3.0,nan,11,,,,3.0,0.1,11
2014p888981,2014-11-25T22:09:04Z,-38.66,0.5,176.1,0.7,7.0,1.0,M,,,,2.3,0.3,6,1.9,nan,6,,,,1.9,0.3,6
2014p889058,2014-11-25T22:50:20Z,-40.19,3.0,173.38,5.2,187.0,7.0,M,,,,,,,3.1,nan,18,,,,3.1,0.2,18
2014p889083,2014-11-25T23:03:33Z,-37.68,8.5,179.95,6.0,33.0,0.0,M,,,,4.4,0.2,21,4.0,nan,21,,,,4.0,0.2,21
2014p889112,2014-11-25T23:19:10Z,-38.01,0.8,176.7,0.5,5.0,1.0,M,,,,2.2,0.3,10,2.0,nan,10,,,,2.0,0.2,10
2014p889221,2014-11-26T00:17:19Z,-36.79,7.2,179.53,9.0,33.0,0.0,M,,,,3.6,0.1,13,3.3,nan,15,,,,3.3,0.2,15
2014p889260,2014-11-26T00:38:03Z,-42.35,2.2,172.76,1.8,15.0,6.0,M,,,,2.6,0.2,10,2.6,nan,10,,,,2.6,0.2,10
2014p889313,2014-11-26T01:06:07Z,-44.22,3.0,168.7,3.9,5.0,0.0,M,,,,2.9,0.1,7,2.8,nan,7,,,,2.8,0.2,7
2014p889390,2014-11-26T01:47:11Z,-36.6,8.0,177.17,4.3,33.0,0.0,M,,,,3.2,0.2,10,2.9,nan,11,,,,2.9,0.2,11
2014p889755,2014-11-26T05:01:48Z,-45.12,3.8,167.48,4.7,108.0,7.0,M,,,,,,,3.3,nan,13,,,,3.3,0.2,13
2014p889851,2014-11-26T05:52:56Z,-39.11,0.5,175.67,0.7,5.0,1.0,M,,,,1.7,0.4,11,1.5,nan,11,,,,1.5,0.3,11
2014p889954,2014-11-26T06:47:58Z,-45.01,3.8,167.65,5.8,56.0,9.0,M,,,,3.2,0.2,9,2.8,nan,6,,,,2.8,0.3,6
2014p890409,2014-11-26T10:50:18Z,-44.18,5.6,168.09,6.5,12.0,0.0,M,,,,3.3,0.2,9,3.1,nan,5,,,,3.1,0.2,5
2014p890568,2014-11-26T12:14:47Z,-37.15,25.9,179.88,51.7,33.0,0.0,M,,,,3.1,0.1,13,2.9,nan,13,,,,2.9,0.1,13
2014p890825,2014-11-26T14:32:00Z,-44.03,4.1,168.99,3.0,12.0,0.0,M,,,,3.0,0.2,9,2.5,nan,4,,,,2.5,0.4,4
2014p891446,2014-11-26T20:02:31Z,-37.85,1.4,178.39,1.3,13.0,1.0,M,,,,3.8,0.2,18,3.5,nan,18,,,,3.5,0.2,18
2014p891666,2014-11-26T22:00:35Z,-37.78,7.9,179.98,4.9,33.0,0.0,M,,,,4.4,0.2,13,4.1,nan,13,,,,4.1,0.1,13
2014p891694,2014-11-26T22:15:06Z,-37.71,7.7,180.0,5.2,33.0,0.0,M,,,,3.3,0.2,12,3.0,nan,12,,,,3.0,0.1,12
2014p891710,2014-11-26T22:23:38Z,-37.74,9.9,179.95,7.2,33.0,0.0,M,,,,3.1,0.3,11,3.0,nan,11,,,,3.0,0.4,11
2014p891723,2014-11-26T22:30:30Z,-37.72,7.0,179.98,4.6,33.0,0.0,M,,,,3.6,0.3,14,3.3,nan,14,,,,3.3,0.2,14
2014p891761,2014-11-26T22:50:50Z,-37.72,7.1,-179.99,5.3,33.0,0.0,M,,,,3.9,0.3,20,3.6,nan,20,,,,3.6,0.2,20
2014p891876,2014-11-26T23:52:09Z,-37.48,8.4,179.96,5.1,33.0,0.0,M,,,,3.4,0.2,10,3.1,nan,10,,,,3.1,0.1,10
2014p891954,2014-11-27T00:32:59Z,-35.67,5.0,178.65,8.1,33.0,0.0,M,,,,4.7,0.3,22,4.4,nan,22,,,,4.4,0.2,22
2014p891955,2014-11-27T00:34:10Z,-41.69,1.4,174.17,1.1,16.0,2.0,M,,,,3.7,0.2,15,3.4,nan,15,,,,3.4,0.2,15
2014p892156,2014-11-27T02:21:09Z,-37.79,8.2,179.93,5.5,33.0,0.0,M,,,,3.0,0.1,11,2.8,nan,11,,,,2.8,0.1,11
2014p892179,2014-11-27T02:33:24Z,-38.64,0.8,176.08,0.7,5.0,1.0,M,,,,2.6,0.6,6,2.4,nan,6,,,,2.4,0.6,6
2014p892210,2014-11-27T02:50:17Z,-38.63,0.5,176.08,1.0,5.0,1.0,M,,,,2.8,0.3,15,2.5,nan,15,,,,2.5,0.2,15
2014p892510,2014-11-27T05:29:26Z,-37.54,2.7,177.13,3.3,5.0,1.0,M,,,,2.4,0.3,6,2.3,nan,6,,,,2.3,0.2,6
2014p892533,2014-11-27T05:41:53Z,-37.89,2.0,176.23,1.8,189.0,4.0,M,,,,,,,3.2,nan,60,,,,3.2,0.4,60
2014p892698,2014-11-27T07:09:49Z,-39.11,0.7,175.29,1.0,18.0,3.0,M,,,,2.5,0.3,20,2.3,nan,20,,,,2.3,0.3,20
2014p892703,2014-11-27T07:12:37Z,-37.5,1.9,177.14,1.5,7.0,1.0,M,,,,2.6,0.3,11,2.5,nan,11,,,,2.5,0.2,11
2014p892995,2014-11-27T09:48:10Z,-36.64,7.4,177.19,4.7,12.0,0.0,M,,,,2.8,0.3,10,2.7,nan,10,,,,2.7,0.3,10
2014p893041,2014-11-27T10:12:39Z,-37.76,5.6,179.96,4.0,33.0,0.0,M,,,,3.5,0.2,18,3.2,nan,18,,,,3.2,0.2,18
2014p893115,2014-11-27T10:51:44Z,-37.87,11.6,179.95,8.9,33.0,0.0,M,,,,2.9,0.0,6,2.7,nan,6,,,,2.7,0.2,6
2014p893289,2014-11-27T12:24:48Z,-36.67,8.2,177.19,6.1,12.0,0.0,M,,,,2.9,0.2,17,2.8,nan,19,,,,2.8,0.2,19
2014p893315,2014-11-27T12:38:25Z,-42.46,2.6,172.22,2.9,5.0,0.0,M,,,,2.9,0.2,14,2.8,nan,14,,,,2.8,0.2,14
2014p893366,2014-11-27T13:05:45Z,-41.31,6.4,172.81,4.4,132.0,7.0,M,,,,,,,2.2,nan,2,,,,2.2,0.1,2
2014p893736,2014-11-27T16:23:14Z,-37.62,6.3,179.98,4.2,33.0,0.0,M,,,,3.6,0.1,16,3.3,nan,16,,,,3.3,0.2,16
2014p893844,2014-11-27T17:20:32Z,-39.12,0.7,175.31,1.3,14.0,2.0,M,,,,3.3,0.3,30,3.0,nan,30,,,,3.0,0.3,30
2014p893851,2014-11-27T17:23:58Z,-37.71,6.8,179.99,4.8,33.0,0.0,M,,,,3.3,0.2,14,3.1,nan,14,,,,3.1,0.2,14
2014p893857,2014-11-27T17:27:15Z,-36.64,4.5,177.18,3.3,12.0,0.0,M,,,,3.5,0.2,22,3.4,nan,24,,,,3.4,0.2,24
2014p893874,2014-11-27T17:36:15Z,-37.92,1.2,176.94,1.1,9.0,2.0,M,,,,3.3,0.3,27,3.1,nan,27,,,,3.1,0.3,27
2014p894006,2014-11-27T18:46:52Z,-37.95,0.9,176.98,0.9,5.0,1.0,M,,,,2.5,0.3,12,2.3,nan,12,,,,2.3,0.2,12
2014p894517,2014-11-27T23:19:04Z,-40.59,3.0,175.85,3.0,22.0,6.0,M,,,,1.9,0.2,7,1.6,nan,7,,,,1.6,0.2,7
2014p894551,2014-11-27T23:37:12Z,-37.65,7.9,179.92,4.7,33.0,0.0,M,,,,3.5,0.2,12,3.2,nan,12,,,,3.2,0.2,12
2014p894810,2014-11-28T01:55:16Z,-39.49,4.6,175.72,4.0,19.0,2.0,M,,,,1.7,0.4,8,1.5,nan,8,,,,1.5,0.3,8
2014p894917,2014-11-28T02:51:52Z,-39.74,1.0,176.07,0.6,37.0,2.0,M,,,,3.9,0.2,31,3.5,nan,31,,,,3.5,0.2,31
2014p895111,2014-11-28T04:35:35Z,-41.73,3.0,174.15,2.7,22.0,3.0,M,,,,3.1,0.2,19,2.9,nan,19,,,,2.9,0.2,19
2014p895332,2014-11-28T06:33:10Z,-39.12,1.1,175.29,1.9,18.0,2.0,M,,,,2.0,0.3,15,1.7,nan,15,,,,1.7,0.2,15
2014p895667,2014-11-28T09:31:47Z,-38.97,21.5,176.19,7.6,10.0,7.0,M,,,,1.9,0.2,7,1.7,nan,7,,,,1.7,0.3,7
2014p896013,2014-11-28T12:36:12Z,-39.1,1.4,175.27,2.7,18.0,3.0,M,,,,1.8,0.3,11,1.5,nan,11,,,,1.5,0.4,11
2014p896048,2014-11-28T12:54:40Z,-38.37,4.5,178.7,7.8,28.0,5.0,M,,,,3.2,0.2,22,2.9,nan,22,,,,2.9,0.2,22
2014p896361,2014-11-28T15:41:34Z,-37.57,9.1,-179.82,9.0,33.0,0.0,M,,,,3.7,0.2,14,3.3,nan,14,,,,3.3,0.1,14
2014p896398,2014-11-28T16:01:01Z,-45.62,17.5,166.55,9.9,5.0,6.0,M,,,,2.8,0.2,5,2.9,nan,8,,,,2.9,0.2,8
2014p896642,2014-11-28T18:11:19Z,-37.56,7.8,179.76,6.6,33.0,0.0,M,,,,3.8,0.2,23,3.5,nan,23,,,,3.5,0.2,23
2014p896721,2014-11-28T18:53:05Z,-37.23,8.2,177.63,10.9,104.0,9.0,M,,,,2.8,0.3,13,2.6,nan,13,,,,2.6,0.4,13
2014p896912,2014-11-28T20:34:58Z,-41.01,0.6,175.42,0.7,28.0,1.0,M,,,,3.2,0.3,19,3.0,nan,19,,,,3.0,0.3,19
2014p897015,2014-11-28T21:29:53Z,-41.74,1.5,174.01,1.1,11.0,2.0,M,,,,2.4,0.1,13,2.2,nan,13,,,,2.2,0.2,13
2014p897370,2014-11-29T00:38:52Z,-35.38,10.4,178.66,15.2,281.0,13.0,M,,,,,,,3.6,nan,14,,,,3.6,0.2,14
2014p897588,2014-11-29T02:35:08Z,-36.63,7.3,177.23,4.8,12.0,0.0,M,,,,3.9,0.2,16,3.8,nan,18,,,,3.8,0.2,18
2014p897675,2014-11-29T03:21:22Z,-41.28,5.4,172.04,10.5,337.0,7.0,M,,,,,,,3.0,nan,20,,,,3.0,0.3,20
2014p897935,2014-11-29T05:39:45Z,-38.94,1.1,178.1,2.6,41.0,2.0,M,,,,3.2,0.3,20,2.9,nan,20,,,,2.9,0.2,20
2014p898116,2014-11-29T07:16:15Z,-37.73,11.0,179.98,7.1,33.0,0.0,M,,,,3.5,0.3,14,3.2,nan,14,,,,3.2,0.2,14
2014p898372,2014-11-29T09:33:04Z,-35.96,6.9,178.61,15.5,12.0,0.0,M,,,,3.3,0.2,11,2.8,nan,6,,,,2.8,0.2,6
2014p898486,2014-11-29T10:33:57Z,-37.79,5.4,179.88,3.8,33.0,0.0,M,,,,4.4,0.2,19,4.0,nan,19,,,,4.0,0.2,19
2014p898542,2014-11-29T11:03:26Z,-36.72,6.2,177.17,3.8,12.0,0.0,M,,,,2.9,0.2,16,2.7,nan,17,,,,2.7,0.2,17
2014p898584,2014-11-29T11:25:55Z,-41.73,1.3,174.03,1.1,10.0,2.0,M,,,,2.3,0.3,9,2.2,nan,9,,,,2.2,0.4,9
2014p898630,2014-11-29T11:50:32Z,-42.4,1.4,172.81,2.2,55.0,5.0,M,,,,2.5,0.2,10,2.5,nan,10,,,,2.5,0.2,10
2014p898754,2014-11-29T12:56:29Z,-38.25,2.6,175.98,3.0,174.0,5.0,M,,,,2.4,0.1,8,2.6,nan,35,,,,2.6,0.3,35
2014p899126,2014-11-29T16:14:32Z,-39.53,7.2,175.65,6.2,22.0,5.0,M,,,,1.7,0.4,8,1.5,nan,8,,,,1.5,0.3,8
2014p899179,2014-11-29T16:42:53Z,-37.39,3.7,176.63,2.2,208.0,7.0,M,,,,,,,2.9,nan,37,,,,2.9,0.3,37
2014p899624,2014-11-29T20:39:43Z,-41.25,2.0,172.92,3.1,106.0,4.0,M,,,,,,,2.8,nan,16,,,,2.8,0.3,16
2014p899880,2014-11-29T22:56:21Z,-38.17,3.2,178.32,5.3,19.0,6.0,M,,,,2.6,0.2,9,2.4,nan,9,,,,2.4,0.3,9
2014p899979,2014-11-29T23:49:17Z,-37.71,11.8,179.95,7.9,33.0,0.0,M,,,,3.5,0.2,13,3.2,nan,13,,,,3.2,0.2,13
2014p900034,2014-11-30T00:18:39Z,-38.09,1.1,178.25,1.3,24.0,1.0,M,,,,2.8,0.2,10,2.5,nan,10,,,,2.5,0.2,10
2014p900125,2014-11-30T01:07:06Z,-36.68,5.2,177.13,3.5,12.0,0.0,M,,,,3.3,0.2,15,3.1,nan,17,,,,3.1,0.2,17
2014p900532,2014-11-30T04:43:45Z,-45.23,8.7,166.31,10.0,12.0,0.0,M,,,,3.5,0.2,11,3.5,nan,11,,,,3.5,0.2,11
2014p900896,2014-11-30T07:57:24Z,-37.65,3.6,176.43,6.5,144.0,9.0,M,,,,2.6,0.3,7,2.5,nan,12,,,,2.5,0.3,12
2014p900917,2014-11-30T08:08:51Z,-45.17,3.8,167.57,5.6,149.0,5.0,M,,,,,,,2.8,nan,7,,,,2.8,0.3,7
2014p901017,2014-11-30T09:01:55Z,-37.05,8.1,178.42,9.7,34.0,10.0,M,,,,5.4,0.3,41,5.1,nan,41,,,,5.1,0.2,41
2014p901074,2014-11-30T09:32:17Z,-39.44,2.5,175.77,0.8,18.0,1.0,M,,,,1.4,0.4,6,1.3,nan,6,,,,1.3,0.3,6
2014p901339,2014-11-30T11:53:36Z,-35.28,7.7,178.97,10.3,207.0,13.0,M,,,,,,,3.7,nan,19,,,,3.7,0.2,19
2014p901366,2014-11-30T12:07:48Z,-42.94,1.3,171.66,1.2,5.0,2.0,M,,,,2.6,0.2,12,2.5,nan,12,,,,2.5,0.3,12
2014p901596,2014-11-30T14:10:46Z,-37.68,5.9,-179.99,4.1,33.0,0.0,M,,,,3.5,0.2,17,3.2,nan,17,,,,3.2,0.2,17
2014p901826,2014-11-30T16:13:06Z,-37.29,7.1,179.11,7.6,33.0,0.0,M,,,,3.3,0.2,18,3.1,nan,18,,,,3.1,0.2,18
2014p901945,2014-11-30T17:16:46Z,-38.6,4.1,175.96,4.4,5.0,0.0,M,,,,2.0,0.4,6,1.8,nan,6,,,,1.8,0.4,6
2014p902073,2014-11-30T18:24:54Z,-37.7,11.6,179.67,7.9,33.0,0.0,M,,,,3.0,0.2,8,2.7,nan,8,,,,2.7,0.2,8
2014p902087,2014-11-30T18:32:21Z,-37.66,10.6,179.7,7.2,33.0,0.0,M,,,,3.2,0.1,11,2.9,nan,11,,,,2.9,0.1,11
2014p902449,2014-11-30T21:45:04Z,-37.47,10.6,179.93,6.7,33.0,0.0,M,,,,3.3,0.1,13,3.0,nan,13,,,,3.0,0.1,13
2014p902560,2014-11-30T22:44:08Z,-37.35,13.3,179.83,10.1,33.0,0.0,M,,,,3.8,0.2,15,3.5,nan,15,,,,3.5,0.1,15
2014p902575,2014-11-30T22:52:26Z,-37.37,5.4,177.96,2.3,63.0,5.0,M,,,,3.7,0.3,29,3.4,nan,29,,,,3.4,0.2,29
2014p902864,2014-12-01T01:26:23Z,-44.64,4.2,167.67,4.6,3.0,3.0,M,,,,3.3,0.2,12,3.2,nan,12,,,,3.2,0.2,12
2014p903596,2014-12-01T07:56:20Z,-39.16,4.9,175.65,4.4,20.0,10.0,M,,,,2.5,0.4,7,2.1,nan,9,,,,2.1,0.5,9
2014p903717,2014-12-01T09:00:36Z,-37.77,8.3,179.74,5.6,33.0,0.0,M,,,,2.9,0.1,8,2.7,nan,8,,,,2.7,0.2,8
2014p904055,2014-12-01T12:02:22Z,-37.56,13.1,179.75,18.0,72.0,32.0,M,,,,4.1,0.1,7,3.7,nan,7,,,,3.7,0.1,7
2014p904058,2014-12-01T12:02:25Z,-37.81,5.5,179.73,4.0,33.0,0.0,M,,,,4.1,0.2,35,3.8,nan,35,,,,3.8,0.2,35
2014p904068,2014-12-01T12:07:51Z,-37.72,9.9,179.64,7.3,33.0,0.0,M,,,,2.9,0.2,11,2.7,nan,11,,,,2.7,0.2,11
2014p904091,2014-12-01T12:19:31Z,-37.64,12.3,179.88,6.9,33.0,0.0,M,,,,3.0,0.2,11,2.8,nan,11,,,,2.8,0.2,11
2014p904115,2014-12-01T12:33:05Z,-37.84,10.6,179.75,7.2,33.0,0.0,M,,,,3.1,0.2,10,2.9,nan,10,,,,2.9,0.3,10
2014p904132,2014-12-01T12:41:53Z,-37.59,7.1,179.9,4.6,33.0,0.0,M,,,,3.1,0.2,16,3.0,nan,16,,,,3.0,0.2,16
2014p904136,2014-12-01T12:44:01Z,-37.85,5.5,179.73,4.2,33.0,0.0,M,,,,3.0,0.2,14,2.8,nan,14,,,,2.8,0.2,14
2014p904159,2014-12-01T12:56:18Z,-37.83,6.8,179.75,4.8,33.0,0.0,M,,,,3.1,0.2,13,2.9,nan,13,,,,2.9,0.3,13
2014p904222,2014-12-01T13:29:45Z,-36.6,8.2,177.18,5.9,12.0,0.0,M,,,,2.8,0.1,11,2.8,nan,11,,,,2.8,0.1,11
2014p904227,2014-12-01T13:32:24Z,-36.78,7.8,176.98,2.8,5.0,12.0,M,,,,2.9,0.2,13,2.7,nan,14,,,,2.7,0.2,14
2014p904302,2014-12-01T14:12:27Z,-37.8,5.8,179.88,4.6,33.0,0.0,M,,,,4.8,0.2,45,4.4,nan,45,,,,4.4,0.2,45
2014p904392,2014-12-01T15:00:08Z,-37.58,7.2,179.93,4.4,33.0,0.0,M,,,,3.2,0.2,13,3.1,nan,13,,,,3.1,0.2,13
2014p904409,2014-12-01T15:09:52Z,-39.28,4.9,175.14,3.8,25.0,12.0,M,,,,1.9,0.4,6,1.8,nan,6,,,,1.8,0.5,6
2014p904539,2014-12-01T16:18:57Z,-37.77,8.0,179.65,7.7,33.0,0.0,M,,,,3.0,0.4,12,3.0,nan,12,,,,3.0,0.2,12
2014p904695,2014-12-01T17:42:00Z,-45.04,4.4,167.29,6.0,29.0,5.0,M,,,,2.8,0.3,9,2.7,nan,9,,,,2.7,0.2,9
2014p904925,2014-12-01T19:44:11Z,-39.31,5.1,174.77,3.0,25.0,8.0,M,,,,2.3,0.3,7,2.1,nan,7,,,,2.1,0.4,7
2014p904938,2014-12-01T19:50:57Z,-44.91,2.0,167.73,3.4,56.0,6.0,M,,,,2.9,0.2,11,2.9,nan,11,,,,2.9,0.3,11
2014p905013,2014-12-01T20:31:22Z,-37.83,9.6,179.72,6.5,33.0,0.0,M,,,,3.7,0.2,13,3.0,nan,15,,,,3.0,0.5,15
2014p905015,2014-12-01T20:32:33Z,-37.84,8.7,179.78,6.8,33.0,0.0,M,,,,3.7,0.2,18,3.4,nan,18,,,,3.4,0.2,18
2014p905035,2014-12-01T20:43:11Z,-37.83,7.7,179.85,5.0,33.0,0.0,M,,,,3.2,0.2,12,2.9,nan,12,,,,2.9,0.1,12
2014p905067,2014-12-01T21:00:10Z,-37.71,8.7,179.85,6.4,33.0,0.0,M,,,,4.3,0.2,25,3.9,nan,25,,,,3.9,0.2,25
2014p905207,2014-12-01T22:14:32Z,-37.77,7.5,179.81,5.3,33.0,0.0,M,,,,3.4,0.2,17,3.2,nan,17,,,,3.2,0.2,17
2014p905253,2014-12-01T22:39:01Z,-42.7,2.4,171.76,2.7,5.0,0.0,M,,,,2.8,0.2,13,2.7,nan,9,,,,2.7,0.4,9
2014p905405,2014-12-02T00:00:02Z,-37.8,7.7,179.79,6.1,33.0,0.0,M,,,,4.3,0.2,30,3.9,nan,30,,,,3.9,0.2,30
2014p905513,2014-12-02T00:57:46Z,-38.8,0.8,177.69,1.5,55.0,2.0,M,,,,3.5,0.3,31,3.2,nan,31,,,,3.2,0.3,31
2014p905813,2014-12-02T03:37:37Z,-38.64,4.1,176.19,5.3,11.0,10.0,M,,,,2.1,0.2,7,1.8,nan,7,,,,1.8,0.3,7
2014p905855,2014-12-02T04:00:04Z,-37.76,6.8,179.85,4.8,33.0,0.0,M,,,,3.2,0.2,13,2.9,nan,13,,,,2.9,0.2,13
2014p906041,2014-12-02T05:38:58Z,-36.68,5.6,177.09,3.3,5.0,0.0,M,,,,3.1,0.2,17,3.0,nan,17,,,,3.0,0.1,17
2014p906274,2014-12-02T07:43:11Z,-36.65,43.6,177.15,12.7,5.0,140.0,M,,,,3.0,0.3,12,2.8,nan,13,,,,2.8,0.2,13
2014p906295,2014-12-02T07:54:25Z,-39.3,1.3,174.69,1.8,29.0,3.0,M,,,,2.4,0.2,12,2.1,nan,12,,,,2.1,0.3,12
2014p906366,2014-12-02T08:32:07Z,-38.24,1.2,178.27,1.7,13.0,2.0,M,,,,3.6,0.2,13,3.3,nan,13,,,,3.3,0.2,13
2014p906370,2014-12-02T08:34:08Z,-38.24,1.4,178.29,2.3,13.0,2.0,M,,,,3.1,0.3,19,2.8,nan,19,,,,2.8,0.2,19
2014p906443,2014-12-02T09:12:49Z,-37.78,5.8,179.82,5.8,33.0,0.0,M,,,,3.7,0.3,41,3.5,nan,42,,,,3.5,0.2,42
2014p906461,2014-12-02T09:23:04Z,-37.83,12.4,179.77,9.4,33.0,0.0,M,,,,3.0,0.2,13,2.7,nan,13,,,,2.7,0.2,13
2014p906517,2014-12-02T09:52:26Z,-38.93,0.6,175.91,1.0,7.0,1.0,M,,,,1.7,0.2,16,1.5,nan,16,,,,1.5,0.2,16
2014p906761,2014-12-02T12:02:24Z,-38.22,1.5,178.27,2.5,15.0,2.0,M,,,,2.7,0.2,13,2.4,nan,13,,,,2.4,0.2,13
2014p907042,2014-12-02T14:32:22Z,-38.29,1.7,176.09,1.9,148.0,4.0,M,,,,,,,2.6,nan,41,,,,2.6,0.3,41
2014p907087,2014-12-02T14:56:03Z,-36.7,7.5,177.12,4.1,5.0,0.0,M,,,,3.4,0.2,19,3.2,nan,19,,,,3.2,0.2,19
2014p907095,2014-12-02T15:00:34Z,-38.95,1.3,175.9,1.5,10.0,1.0,M,,,,1.5,0.2,7,1.2,nan,7,,,,1.2,0.2,7
2014p907108,2014-12-02T15:07:17Z,-39.48,0.8,175.72,0.5,19.0,1.0,M,,,,2.0,0.2,19,1.7,nan,19,,,,1.7,0.2,19
2014p907227,2014-12-02T16:11:05Z,-37.73,8.8,179.68,7.2,33.0,0.0,M,,,,3.1,0.4,13,2.9,nan,13,,,,2.9,0.3,13
2014p907328,2014-12-02T17:05:00Z,-37.07,24.0,176.77,2.7,122.0,26.0,M,,,,2.7,0.4,2,2.2,nan,4,,,,2.2,0.4,4
2014p907483,2014-12-02T18:27:27Z,-40.9,0.8,175.03,1.0,9.0,1.0,M,,,,3.2,0.2,19,2.9,nan,19,,,,2.9,0.2,19
2014p907544,2014-12-02T18:59:42Z,-38.94,0.8,175.92,1.4,8.0,1.0,M,,,,1.5,0.2,8,1.2,nan,8,,,,1.2,0.2,8
2014p907758,2014-12-02T20:53:40Z,-38.22,3.9,178.3,6.0,11.0,5.0,M,,,,3.0,0.2,16,2.7,nan,20,,,,2.7,0.3,20
2014p907924,2014-12-02T22:22:14Z,-37.67,1.7,177.74,1.5,60.0,3.0,M,,,,4.0,0.3,34,3.7,nan,34,,,,3.7,0.2,34
2014p908271,2014-12-03T01:26:53Z,-38.01,1.1,176.77,0.8,8.0,1.0,M,,,,2.1,0.2,12,1.9,nan,12,,,,1.9,0.2,12
2014p908340,2014-12-03T02:03:37Z,-37.74,9.9,179.78,10.8,26.0,23.0,M,,,,4.1,0.2,25,3.7,nan,25,,,,3.7,0.2,25
2014p908439,2014-12-03T02:56:43Z,-38.03,0.6,176.75,0.5,7.0,1.0,M,,,,2.8,0.2,18,2.5,nan,18,,,,2.5,0.1,18
2014p908739,2014-12-03T05:36:16Z,-46.23,6.0,166.92,3.9,5.0,4.0,M,,,,3.2,0.2,6,3.0,nan,6,,,,3.0,0.2,6
2014p909119,2014-12-03T08:58:56Z,-36.17,9.4,177.92,7.6,233.0,8.0,M,,,,,,,3.3,nan,23,,,,3.3,0.2,23
2014p909149,2014-12-03T09:14:47Z,-39.18,1.7,174.85,1.6,28.0,4.0,M,,,,2.0,0.2,12,1.9,nan,12,,,,1.9,0.2,12
2014p909190,2014-12-03T09:36:45Z,-37.71,7.9,179.69,6.6,33.0,0.0,M,,,,3.2,0.2,23,3.0,nan,23,,,,3.0,0.2,23
2014p909249,2014-12-03T10:07:57Z,-37.99,2.5,176.95,1.9,2.0,2.0,M,,,,3.1,0.3,55,2.9,nan,54,,,,2.9,0.2,54
2014p910044,2014-12-03T17:11:50Z,-37.24,11.6,179.66,9.7,33.0,0.0,M,,,,3.1,0.2,12,2.9,nan,12,,,,2.9,0.1,12
2014p910108,2014-12-03T17:45:56Z,-37.71,7.6,179.86,7.2,33.0,0.0,M,,,,3.7,0.2,18,3.4,nan,18,,,,3.4,0.2,18
2014p910492,2014-12-03T21:11:00Z,-38.42,2.2,176.09,2.4,146.0,4.0,M,,,,,,,2.6,nan,35,,,,2.6,0.3,35
2014p910607,2014-12-03T22:11:38Z,-42.86,1.7,173.09,2.2,40.0,4.0,M,,,,2.5,0.2,8,2.4,nan,10,,,,2.4,0.3,10
2014p910986,2014-12-04T01:33:29Z,-39.5,2.3,174.28,5.6,225.0,5.0,M,,,,,,,2.9,nan,36,,,,2.9,0.3,36
2014p911157,2014-12-04T03:04:41Z,-38.87,6.6,175.81,10.8,10.0,35.0,M,,,,1.6,0.2,6,1.3,nan,6,,,,1.3,0.2,6
2014p911307,2014-12-04T04:24:17Z,-35.74,8.9,178.16,17.3,323.0,16.0,M,4.4,0.3,6,4.4,0.2,13,3.8,nan,18,3.6,0.4,6,3.9,0.3,18
2014p911735,2014-12-04T08:12:54Z,-39.3,14.0,175.35,7.0,37.0,11.0,M,,,,1.2,0.2,7,1.0,nan,7,,,,1.0,0.2,7
2014p911886,2014-12-04T09:33:17Z,-38.88,5.0,175.74,13.5,13.0,32.0,M,,,,1.8,0.3,6,1.6,nan,6,,,,1.6,0.3,6
2014p912019,2014-12-04T10:43:45Z,-38.0,1.2,177.76,1.3,77.0,2.0,M,,,,5.0,0.3,47,4.7,nan,47,,,,4.7,0.2,47
2014p912083,2014-12-04T11:18:08Z,-41.73,5.1,173.99,4.9,7.0,7.0,M,,,,2.3,0.3,8,2.2,nan,8,,,,2.2,0.4,8
2014p912404,2014-12-04T14:09:16Z,-38.06,1.0,176.73,0.9,7.0,2.0,M,,,,2.3,0.2,19,2.0,nan,19,,,,2.0,0.2,19
2014p912475,2014-12-04T14:46:53Z,-38.05,1.6,176.74,0.8,5.0,1.0,M,,,,1.7,0.2,6,1.6,nan,6,,,,1.6,0.2,6
2014p912570,2014-12-04T15:37:34Z,-37.57,11.0,179.81,7.3,33.0,0.0,M,,,,3.3,0.2,16,3.0,nan,16,,,,3.0,0.2,16
2014p912829,2014-12-04T17:55:37Z,-38.64,4.5,176.21,3.3,3.0,4.0,M,,,,2.5,0.2,12,2.2,nan,12,,,,2.2,0.2,12
2014p912844,2014-12-04T18:03:33Z,-38.62,0.3,176.21,0.5,6.0,1.0,M,,,,2.8,0.2,11,2.5,nan,11,,,,2.5,0.2,11
2014p912914,2014-12-04T18:40:50Z,-39.55,19.4,175.63,13.3,11.0,21.0,M,,,,1.4,0.4,7,1.3,nan,7,,,,1.3,0.4,7
2014p913028,2014-12-04T19:41:41Z,-37.7,9.9,179.69,7.1,33.0,0.0,M,,,,3.3,0.2,15,3.0,nan,15,,,,3.0,0.2,15
2014p913172,2014-12-04T20:58:13Z,-38.82,2.5,175.67,4.0,5.0,3.0,M,,,,2.2,0.3,13,1.9,nan,13,,,,1.9,0.2,13
2014p913276,2014-12-04T21:53:44Z,-38.29,0.4,176.38,0.4,7.0,1.0,M,,,,3.2,0.3,23,2.8,nan,23,,,,2.8,0.2,23
2014p913283,2014-12-04T21:57:38Z,-38.3,0.4,176.38,0.3,8.0,1.0,M,,,,2.2,0.2,9,2.0,nan,9,,,,2.0,0.3,9
2014p913291,2014-12-04T22:01:43Z,-45.32,2.4,168.88,2.6,5.0,0.0,M,,,,2.5,0.1,8,2.6,nan,8,,,,2.6,0.2,8
2014p913292,2014-12-04T22:02:40Z,-38.3,0.5,176.37,0.4,7.0,1.0,M,,,,2.6,0.2,17,2.3,nan,17,,,,2.3,0.1,17
2014p913321,2014-12-04T22:17:40Z,-38.29,2.7,176.38,2.9,5.0,3.0,M,,,,1.9,0.2,10,1.7,nan,10,,,,1.7,0.2,10
2014p913329,2014-12-04T22:22:12Z,-38.3,2.4,176.38,2.6,9.0,5.0,M,,,,2.4,0.3,14,2.2,nan,14,,,,2.2,0.3,14
2014p913863,2014-12-05T03:06:21Z,-44.15,3.1,169.84,3.6,5.0,0.0,M,,,,2.9,0.2,11,2.7,nan,11,,,,2.7,0.2,11
2014p913963,2014-12-05T03:59:24Z,-39.15,3.1,174.84,4.5,233.0,5.0,M,,,,,,,2.7,nan,30,,,,2.7,0.3,30
2014p913982,2014-12-05T04:09:52Z,-45.52,4.2,167.09,5.8,66.0,8.0,M,,,,3.9,0.1,9,3.6,nan,9,,,,3.6,0.2,9
2014p914157,2014-12-05T05:42:51Z,-39.5,4.9,175.72,4.0,15.0,7.0,M,,,,1.8,0.3,16,1.6,nan,16,,,,1.6,0.3,16
2014p914473,2014-12-05T08:31:39Z,-44.84,2.0,167.37,4.2,45.0,5.0,M,,,,3.3,0.1,11,3.1,nan,11,,,,3.1,0.1,11
2014p914921,2014-12-05T12:30:19Z,-39.74,1.0,176.49,1.1,18.0,2.0,M,,,,3.1,0.2,36,2.8,nan,36,,,,2.8,0.2,36
2014p915181,2014-12-05T14:48:51Z,-39.33,4.6,175.2,4.3,9.0,8.0,M,,,,1.7,0.2,15,1.5,nan,15,,,,1.5,0.2,15
2014p915258,2014-12-05T15:30:09Z,-39.37,7.4,175.44,4.2,5.0,5.0,M,,,,1.1,0.5,6,1.0,nan,6,,,,1.0,0.5,6
2014p915298,2014-12-05T15:52:09Z,-41.04,0.7,175.32,0.5,13.0,1.0,M,,,,3.3,0.2,25,3.0,nan,25,,,,3.0,0.2,25
2014p915304,2014-12-05T15:54:21Z,-37.79,6.9,179.84,7.1,62.0,27.0,M,,,,2.9,0.2,10,2.8,nan,10,,,,2.8,0.2,10
2014p915583,2014-12-05T18:22:44Z,-39.98,0.9,176.56,0.9,7.0,2.0,M,,,,2.2,0.2,21,2.0,nan,21,,,,2.0,0.3,21
2014p915909,2014-12-05T21:16:47Z,-40.69,0.8,175.88,1.7,27.0,2.0,M,,,,4.9,0.2,43,4.6,nan,43,,,,4.6,0.2,43
2014p915986,2014-12-05T21:57:32Z,-39.4,10.6,175.4,7.3,80.0,4.0,M,,,,1.2,0.3,7,0.9,nan,7,,,,0.9,0.3,7
2014p916039,2014-12-05T22:25:50Z,-38.14,2.4,176.09,3.0,181.0,5.0,M,,,,,,,2.8,nan,39,,,,2.8,0.3,39
2014p916288,2014-12-06T00:38:36Z,-38.06,2.9,176.73,3.5,7.0,7.0,M,,,,2.2,0.3,10,1.8,nan,10,,,,1.8,0.3,10
2014p916304,2014-12-06T00:47:15Z,-38.08,0.6,176.72,0.5,6.0,1.0,M,,,,2.5,0.3,18,2.2,nan,18,,,,2.2,0.2,18
2014p916373,2014-12-06T01:23:52Z,-38.06,2.2,176.7,2.4,4.0,3.0,M,,,,2.7,0.2,32,2.4,nan,32,,,,2.4,0.2,32
2014p916384,2014-12-06T01:29:48Z,-38.07,2.6,176.73,2.7,4.0,3.0,M,,,,2.2,0.3,13,1.9,nan,13,,,,1.9,0.2,13
2014p916389,2014-12-06T01:32:32Z,-38.06,2.9,176.74,4.0,5.0,3.0,M,,,,1.9,0.5,6,1.7,nan,6,,,,1.7,0.4,6
2014p916412,2014-12-06T01:44:39Z,-38.06,4.1,176.74,3.5,0.0,0.0,M,,,,2.1,0.4,12,1.9,nan,12,,,,1.9,0.2,12
2014p916506,2014-12-06T02:34:52Z,-38.06,3.5,176.75,2.9,0.0,0.0,M,,,,2.7,0.3,19,2.4,nan,19,,,,2.4,0.2,19
2014p916696,2014-12-06T04:15:46Z,-38.06,0.7,176.73,0.9,10.0,1.0,M,,,,2.0,0.4,6,1.8,nan,6,,,,1.8,0.4,6
2014p916730,2014-12-06T04:34:12Z,-38.22,1.0,178.26,2.3,11.0,2.0,M,,,,2.5,0.2,12,2.3,nan,12,,,,2.3,0.2,12
2014p916772,2014-12-06T04:56:28Z,-40.26,3.2,176.57,3.7,15.0,5.0,M,,,,2.3,0.1,14,2.0,nan,14,,,,2.0,0.1,14
2014p916815,2014-12-06T05:19:08Z,-38.06,3.1,176.76,5.6,5.0,4.0,M,,,,2.2,0.6,6,2.0,nan,6,,,,2.0,0.4,6
2014p916878,2014-12-06T05:52:44Z,-38.08,1.2,176.71,1.1,7.0,2.0,M,,,,2.2,0.2,12,2.0,nan,12,,,,2.0,0.2,12
2014p916892,2014-12-06T06:00:09Z,-38.06,5.3,176.75,3.8,0.0,0.0,M,,,,1.9,0.4,7,1.7,nan,8,,,,1.7,0.3,8
2014p916915,2014-12-06T06:12:46Z,-44.41,3.3,169.5,2.4,5.0,0.0,M,,,,3.0,0.1,12,2.8,nan,12,,,,2.8,0.2,12
2014p917120,2014-12-06T08:01:48Z,-37.88,9.3,179.84,7.4,33.0,0.0,M,,,,3.4,0.3,19,3.1,nan,19,,,,3.1,0.2,19
2014p917280,2014-12-06T09:27:07Z,-39.97,3.5,176.71,3.5,12.0,6.0,M,,,,2.6,0.2,17,2.3,nan,17,,,,2.3,0.2,17
2014p917537,2014-12-06T11:44:11Z,-40.09,3.6,176.37,3.2,19.0,4.0,M,,,,2.0,0.2,13,1.9,nan,13,,,,1.9,0.2,13
2014p918348,2014-12-06T18:56:03Z,-37.63,8.5,180.0,4.9,33.0,0.0,M,,,,3.5,0.2,14,3.1,nan,14,,,,3.1,0.1,14
2014p918726,2014-12-06T22:17:25Z,-39.15,4.2,175.63,4.0,0.0,0.0,M,,,,2.5,0.5,12,2.3,nan,12,,,,2.3,0.5,12
2014p918882,2014-12-06T23:40:26Z,-36.44,8.3,177.78,6.3,216.0,6.0,M,,,,,,,3.3,nan,24,,,,3.3,0.3,24
2014p919199,2014-12-07T02:29:39Z,-38.21,2.1,178.27,3.0,15.0,2.0,M,,,,1.9,0.2,6,1.8,nan,6,,,,1.8,0.3,6
2014p919319,2014-12-07T03:33:30Z,-38.9,1.4,175.03,1.0,18.0,7.0,M,,,,1.9,0.1,6,1.7,nan,6,,,,1.7,0.2,6
2014p919336,2014-12-07T03:42:30Z,-38.11,2.8,176.03,4.0,185.0,5.0,M,,,,,,,2.9,nan,36,,,,2.9,0.2,36
2014p919349,2014-12-07T03:49:28Z,-37.9,0.9,176.95,1.0,10.0,1.0,M,,,,2.6,0.3,10,2.3,nan,10,,,,2.3,0.2,10
2014p919442,2014-12-07T04:39:07Z,-37.9,1.1,176.94,1.4,10.0,2.0,M,,,,2.2,0.3,7,2.0,nan,7,,,,2.0,0.3,7
2014p919451,2014-12-07T04:43:55Z,-37.89,5.6,176.94,3.9,6.0,10.0,M,,,,2.6,0.2,12,2.3,nan,12,,,,2.3,0.1,12
2014p919805,2014-12-07T07:52:09Z,-37.67,4.1,176.34,3.8,240.0,6.0,M,,,,,,,2.8,nan,53,,,,2.8,0.7,53
2014p920107,2014-12-07T10:33:10Z,-38.21,11.0,176.61,12.0,70.0,74.0,M,,,,1.5,0.1,6,1.4,nan,6,,,,1.4,0.2,6
2014p920154,2014-12-07T10:58:05Z,-39.28,3.5,175.91,2.6,67.0,4.0,M,,,,1.4,0.4,7,1.2,nan,7,,,,1.2,0.3,7
2014p920228,2014-12-07T11:37:55Z,-40.55,2.3,174.31,3.1,88.0,4.0,M,,,,3.7,0.5,7,2.3,nan,13,,,,2.3,0.5,13
2014p920230,2014-12-07T11:38:42Z,-38.83,0.9,175.92,1.3,96.0,2.0,M,,,,4.1,0.3,46,4.2,nan,132,,,,4.2,0.6,132
2014p920308,2014-12-07T12:20:01Z,-34.15,14.8,-179.02,24.9,33.0,0.0,M,4.8,0.2,6,4.4,0.1,17,4.2,nan,17,4.1,0.4,6,4.2,0.1,17
2014p920661,2014-12-07T15:28:37Z,-38.88,3.4,175.73,3.9,6.0,9.0,M,,,,2.1,0.3,18,1.8,nan,18,,,,1.8,0.3,18
2014p920736,2014-12-07T16:08:16Z,-40.46,0.9,174.34,0.8,27.0,4.0,M,,,,3.6,0.2,47,3.3,nan,47,,,,3.3,0.2,47
2014p921463,2014-12-07T22:35:58Z,-38.52,2.1,178.84,2.8,22.0,7.0,M,,,,3.0,0.2,16,2.9,nan,16,,,,2.9,0.2,16
2014p921466,2014-12-07T22:37:18Z,-45.14,2.6,167.44,3.9,97.0,4.0,M,,,,,,,4.0,nan,12,,,,4.0,0.2,12
2014p921468,2014-12-07T22:38:32Z,-39.91,2.5,176.35,3.4,19.0,4.0,M,,,,2.0,0.4,12,1.8,nan,12,,,,1.8,0.4,12
2014p921544,2014-12-07T23:18:41Z,-45.32,2.4,167.32,3.2,84.0,4.0,M,,,,3.5,0.2,12,3.3,nan,13,,,,3.3,0.2,13
2014p922041,2014-12-08T03:43:26Z,-36.48,5.7,177.64,4.8,225.0,6.0,M,,,,,,,3.3,nan,39,,,,3.3,0.3,39
2014p922429,2014-12-08T07:10:00Z,-36.75,6.2,176.89,14.3,190.0,14.0,M,,,,3.0,0.2,7,2.7,nan,13,,,,2.7,0.2,13
2014p922677,2014-12-08T09:22:34Z,-37.7,7.1,179.76,4.9,33.0,0.0,M,,,,3.1,0.3,22,2.9,nan,22,,,,2.9,0.2,22
2014p923848,2014-12-08T19:46:41Z,-37.9,5.8,179.88,4.2,33.0,0.0,M,,,,4.0,0.3,24,3.7,nan,24,,,,3.7,0.2,24
2014p923905,2014-12-08T20:16:37Z,-37.74,6.2,179.26,4.3,33.0,0.0,M,,,,3.2,0.2,15,2.9,nan,15,,,,2.9,0.2,15
2014p923985,2014-12-08T20:59:22Z,-38.52,4.1,175.29,5.9,252.0,5.0,M,,,,,,,2.7,nan,29,,,,2.7,0.3,29
2014p924083,2014-12-08T21:52:37Z,-37.72,6.8,176.03,11.4,297.0,8.0,M,,,,,,,2.7,nan,30,,,,2.7,0.2,30
2014p924462,2014-12-09T01:13:45Z,-38.23,1.0,178.26,1.8,14.0,2.0,M,,,,2.9,0.2,14,2.7,nan,14,,,,2.7,0.2,14
2014p924488,2014-12-09T01:27:37Z,-37.69,7.4,-179.97,5.2,33.0,0.0,M,,,,3.9,0.2,14,3.6,nan,14,,,,3.6,0.1,14
2014p924702,2014-12-09T03:21:22Z,-41.73,1.3,174.04,1.1,12.0,2.0,M,,,,2.5,0.2,12,2.3,nan,12,,,,2.3,0.2,12
2014p924855,2014-12-09T04:43:12Z,-43.68,1.1,172.81,1.0,9.0,2.0,M,,,,3.0,0.2,9,2.8,nan,9,,,,2.8,0.2,9
2014p925480,2014-12-09T10:16:03Z,-37.69,9.5,179.83,7.2,33.0,0.0,M,,,,3.9,0.2,37,3.6,nan,37,,,,3.6,0.2,37
2014p925606,2014-12-09T11:23:04Z,-39.21,3.2,174.44,3.1,15.0,5.0,M,,,,2.1,0.3,10,1.9,nan,10,,,,1.9,0.3,10
2014p925808,2014-12-09T13:10:56Z,-38.23,1.3,178.27,1.7,13.0,2.0,M,,,,2.7,0.2,13,2.4,nan,13,,,,2.4,0.2,13
2014p925844,2014-12-09T13:29:59Z,-42.17,2.3,171.95,3.0,5.0,0.0,M,,,,4.1,0.2,12,3.9,nan,12,,,,3.9,0.2,12
2014p925882,2014-12-09T13:50:03Z,-36.69,9.2,177.14,6.7,12.0,0.0,M,,,,2.8,0.2,12,2.7,nan,14,,,,2.7,0.2,14
2014p925924,2014-12-09T14:12:37Z,-40.18,3.8,178.88,4.0,33.0,0.0,M,,,,2.9,0.2,13,2.8,nan,13,,,,2.8,0.3,13
2014p926050,2014-12-09T15:19:35Z,-39.53,4.6,175.65,3.8,14.0,8.0,M,,,,1.7,0.3,12,1.5,nan,12,,,,1.5,0.3,12
2014p926074,2014-12-09T15:32:15Z,-41.68,1.7,174.14,1.6,8.0,3.0,M,,,,2.3,0.2,10,2.1,nan,10,,,,2.1,0.4,10
2014p926337,2014-12-09T17:52:37Z,-37.78,35.3,179.96,29.3,63.0,30.0,M,,,,3.1,0.3,12,2.9,nan,12,,,,2.9,0.3,12
2014p926615,2014-12-09T20:20:50Z,-36.18,11.8,178.94,17.1,12.0,0.0,M,,,,3.0,0.2,8,2.9,nan,8,,,,2.9,0.2,8
2014p926726,2014-12-09T21:19:46Z,-37.74,5.5,179.96,4.3,33.0,0.0,M,5.7,nan,1,3.7,0.3,25,3.4,nan,25,5.2,0.4,1,3.4,0.2,25
2014p926806,2014-12-09T22:02:26Z,-37.79,10.7,179.84,8.4,33.0,0.0,M,,,,3.3,0.3,12,2.9,nan,7,,,,2.9,0.1,7
2014p926840,2014-12-09T22:20:21Z,-40.47,4.3,177.29,5.1,33.0,0.0,M,,,,3.3,0.2,14,3.0,nan,14,,,,3.0,0.2,14
2014p927200,2014-12-10T01:32:24Z,-38.68,3.8,176.07,3.6,5.0,8.0,M,,,,2.5,0.3,9,2.1,nan,9,,,,2.1,0.3,9
2014p927654,2014-12-10T05:33:47Z,-37.83,6.2,179.85,4.5,33.0,0.0,M,,,,3.2,0.2,12,2.9,nan,12,,,,2.9,0.2,12
2014p927660,2014-12-10T05:37:44Z,-37.79,6.8,179.89,4.6,33.0,0.0,M,,,,3.9,0.2,19,3.6,nan,19,,,,3.6,0.2,19
2014p927827,2014-12-10T07:06:12Z,-37.76,5.5,179.26,4.9,33.0,0.0,M,,,,3.3,0.3,19,3.1,nan,18,,,,3.1,0.3,18
2014p927852,2014-12-10T07:19:57Z,-38.52,0.5,175.9,0.9,12.0,2.0,M,,,,2.7,0.2,17,2.3,nan,17,,,,2.3,0.2,17
2014p927859,2014-12-10T07:24:56Z,-40.59,5.1,175.86,4.2,28.0,12.0,M,,,,1.5,0.2,6,1.3,nan,6,,,,1.3,0.3,6
2014p927895,2014-12-10T07:42:36Z,-37.75,6.7,179.34,8.4,33.0,0.0,M,,,,3.6,0.3,32,3.4,nan,33,,,,3.4,0.3,33
2014p928001,2014-12-10T08:39:27Z,-43.28,1.2,172.07,3.7,10.0,2.0,M,,,,2.3,0.3,6,2.3,nan,6,,,,2.3,0.3,6
2014p928131,2014-12-10T09:48:30Z,-39.23,1.0,175.38,1.2,18.0,1.0,M,,,,1.7,0.2,13,1.5,nan,13,,,,1.5,0.2,13
2014p928156,2014-12-10T10:01:46Z,-42.16,2.4,171.93,3.5,5.0,0.0,M,,,,2.9,0.2,10,3.0,nan,10,,,,3.0,0.3,10
2014p928360,2014-12-10T11:50:30Z,-37.78,7.9,179.82,5.1,33.0,0.0,M,,,,3.0,0.3,12,2.8,nan,12,,,,2.8,0.2,12
2014p928363,2014-12-10T11:52:08Z,-37.8,6.1,179.84,4.2,33.0,0.0,M,,,,3.2,0.3,18,3.1,nan,18,,,,3.1,0.3,18
2014p928397,2014-12-10T12:10:08Z,-37.93,9.2,179.91,6.0,33.0,0.0,M,,,,2.9,0.3,13,2.8,nan,13,,,,2.8,0.3,13
2014p928581,2014-12-10T13:48:04Z,-37.77,6.3,179.8,4.4,33.0,0.0,M,,,,3.4,0.2,24,3.2,nan,24,,,,3.2,0.3,24
2014p928611,2014-12-10T14:04:26Z,-39.0,99.3,177.29,76.4,15.0,122.0,M,,,,2.6,0.5,6,2.4,nan,6,,,,2.4,0.5,6
2014p928777,2014-12-10T15:32:27Z,-42.18,2.1,171.92,3.3,5.0,0.0,M,,,,3.6,0.2,23,3.4,nan,23,,,,3.4,0.2,23
2014p928954,2014-12-10T17:07:06Z,-37.8,8.0,179.9,5.4,33.0,0.0,M,,,,3.0,0.2,10,2.8,nan,10,,,,2.8,0.2,10
2014p929101,2014-12-10T18:25:10Z,-39.37,6.3,175.05,3.5,16.0,8.0,M,,,,2.3,0.3,10,2.1,nan,10,,,,2.1,0.4,10
2014p929160,2014-12-10T18:56:42Z,-37.88,8.3,179.84,6.0,33.0,0.0,M,,,,3.0,0.2,12,2.8,nan,12,,,,2.8,0.3,12
2014p929170,2014-12-10T19:02:25Z,-37.79,8.1,179.89,5.7,33.0,0.0,M,,,,3.7,0.2,18,3.4,nan,18,,,,3.4,0.1,18
2014p929375,2014-12-10T20:51:31Z,-41.62,4.3,172.05,3.8,5.0,0.0,M,,,,2.8,0.2,9,2.7,nan,9,,,,2.7,0.3,9
2014p929391,2014-12-10T20:59:46Z,-38.37,1.5,178.44,2.8,24.0,3.0,M,,,,3.0,0.2,11,2.6,nan,11,,,,2.6,0.1,11
2014p929429,2014-12-10T21:20:07Z,-37.84,7.3,179.85,4.8,33.0,0.0,M,,,,3.2,0.2,13,2.9,nan,13,,,,2.9,0.2,13
2014p929552,2014-12-10T22:25:38Z,-38.22,1.7,176.26,1.8,160.0,4.0,M,,,,,,,2.9,nan,50,,,,2.9,0.3,50
2014p929666,2014-12-10T23:25:58Z,-38.01,4.0,175.92,3.9,300.0,10.0,M,,,,,,,3.2,nan,42,,,,3.2,0.3,42
2014p929737,2014-12-11T00:03:56Z,-37.77,10.7,179.95,7.5,33.0,0.0,M,,,,3.9,0.3,9,3.1,nan,10,,,,3.1,0.2,10
2014p929736,2014-12-11T00:04:07Z,-38.05,2.9,176.12,2.5,177.0,6.0,M,,,,,,,3.0,nan,37,,,,3.0,0.4,37
2014p929784,2014-12-11T00:29:13Z,-42.12,5.1,171.98,4.7,10.0,4.0,M,,,,2.8,0.2,8,2.8,nan,8,,,,2.8,0.2,8
2014p929836,2014-12-11T00:57:02Z,-37.41,5.4,176.71,5.0,301.0,8.0,M,,,,,,,3.4,nan,66,,,,3.4,0.4,66
2014p930147,2014-12-11T03:42:46Z,-39.28,6.3,175.01,3.1,24.0,7.0,M,,,,2.2,0.3,14,2.0,nan,14,,,,2.0,0.4,14
2014p931120,2014-12-11T12:21:12Z,-38.57,2.9,176.2,3.1,5.0,3.0,M,,,,1.5,0.3,8,1.2,nan,8,,,,1.2,0.3,8
2014p931427,2014-12-11T15:04:45Z,-39.5,4.2,175.71,4.0,13.0,7.0,M,,,,1.8,0.3,13,1.6,nan,13,,,,1.6,0.3,13
2014p931491,2014-12-11T15:38:36Z,-47.48,17.3,165.5,18.7,33.0,0.0,M,,,,3.5,0.2,6,3.6,nan,6,,,,3.6,0.4,6
2014p931687,2014-12-11T17:22:52Z,-42.13,1.6,173.93,3.9,42.0,3.0,M,,,,2.4,0.2,8,2.3,nan,8,,,,2.3,0.3,8
2014p932129,2014-12-11T21:18:25Z,-38.17,3.0,176.6,3.2,4.0,4.0,M,,,,1.8,0.2,7,1.6,nan,7,,,,1.6,0.1,7
2014p932161,2014-12-11T21:36:04Z,-37.71,6.9,179.86,6.4,33.0,0.0,M,,,,4.3,0.2,19,4.0,nan,19,,,,4.0,0.2,19
2014p932739,2014-12-12T02:43:29Z,-37.8,7.6,179.94,4.8,33.0,0.0,M,,,,3.0,0.2,12,2.8,nan,12,,,,2.8,0.1,12
2014p932851,2014-12-12T03:43:17Z,-37.02,10.8,176.87,9.2,202.0,11.0,M,,,,,,,2.5,nan,11,,,,2.5,0.2,11
2014p933098,2014-12-12T05:54:45Z,-38.02,3.3,176.71,3.1,4.0,3.0,M,,,,2.0,0.2,10,1.7,nan,10,,,,1.7,0.2,10
2014p933336,2014-12-12T08:01:38Z,-37.83,5.7,179.92,8.2,33.0,0.0,M,,,,4.4,0.3,66,4.1,nan,60,,,,4.1,0.4,60
2014p933337,2014-12-12T08:02:09Z,-46.97,6.5,165.91,5.9,12.0,0.0,M,5.7,0.1,3,5.9,0.1,15,5.6,nan,15,5.2,0.4,3,5.7,0.2,15
2014p933359,2014-12-12T08:13:44Z,-37.79,7.2,179.88,5.0,33.0,0.0,M,,,,3.1,0.1,11,2.9,nan,11,,,,2.9,0.1,11
2014p933577,2014-12-12T10:10:01Z,-46.79,6.4,165.98,8.2,12.0,0.0,M,,,,3.3,0.1,6,3.3,nan,6,,,,3.3,0.3,6
2014p933592,2014-12-12T10:18:16Z,-38.28,2.2,176.36,2.9,5.0,0.0,M,,,,1.6,0.3,11,1.3,nan,11,,,,1.3,0.3,11
2014p933699,2014-12-12T11:15:20Z,-39.46,0.9,175.28,1.0,11.0,1.0,M,,,,2.8,0.3,33,2.6,nan,33,,,,2.6,0.2,33
2014p933706,2014-12-12T11:18:58Z,-39.16,2.9,175.37,4.5,11.0,6.0,M,,,,1.3,0.2,12,1.0,nan,12,,,,1.0,0.3,12
2014p933768,2014-12-12T11:52:03Z,-41.32,1.8,172.89,3.1,140.0,4.0,M,,,,,,,3.0,nan,24,,,,3.0,0.2,24
2014p933775,2014-12-12T11:55:28Z,-40.55,0.8,176.34,2.1,19.0,2.0,M,,,,2.6,0.2,17,2.3,nan,17,,,,2.3,0.2,17
2014p933943,2014-12-12T13:25:12Z,-44.39,3.1,168.41,3.2,5.0,0.0,M,,,,3.0,0.1,11,2.8,nan,11,,,,2.8,0.1,11
2014p933966,2014-12-12T13:37:04Z,-43.63,1.4,172.37,1.1,9.0,2.0,M,,,,4.6,0.2,11,4.5,nan,11,,,,4.5,0.2,11
2014p934009,2014-12-12T14:00:14Z,-45.09,4.5,166.74,7.0,5.0,0.0,M,,,,2.9,0.1,6,2.7,nan,6,,,,2.7,0.2,6
2014p934044,2014-12-12T14:18:45Z,-43.62,0.8,172.38,0.6,6.0,1.0,M,,,,2.9,0.1,10,2.8,nan,10,,,,2.8,0.2,10
2014p934064,2014-12-12T14:29:45Z,-40.26,8.7,176.32,8.8,5.0,0.0,M,,,,2.5,0.3,18,2.2,nan,18,,,,2.2,0.3,18
2014p934077,2014-12-12T14:36:23Z,-37.87,9.1,179.9,6.7,33.0,0.0,M,,,,3.6,0.2,20,3.3,nan,20,,,,3.3,0.2,20
2014p934112,2014-12-12T14:55:22Z,-37.85,8.7,179.94,7.2,33.0,0.0,M,,,,3.3,0.2,18,3.0,nan,18,,,,3.0,0.1,18
2014p934148,2014-12-12T15:14:23Z,-37.91,10.4,179.86,7.4,33.0,0.0,M,,,,2.8,0.1,13,2.6,nan,13,,,,2.6,0.2,13
2014p934153,2014-12-12T15:16:49Z,-38.68,4.3,174.58,3.9,14.0,5.0,M,,,,2.6,0.2,20,2.3,nan,20,,,,2.3,0.2,20
2014p934308,2014-12-12T16:39:39Z,-37.79,6.9,179.92,5.1,33.0,0.0,M,,,,3.1,0.2,12,2.9,nan,12,,,,2.9,0.2,12
2014p934328,2014-12-12T16:51:06Z,-37.94,6.5,179.79,5.2,33.0,0.0,M,,,,4.0,0.2,25,3.7,nan,25,,,,3.7,0.2,25
2014p934593,2014-12-12T19:11:32Z,-37.82,13.3,-179.94,12.3,33.0,0.0,M,,,,3.4,0.2,18,3.1,nan,18,,,,3.1,0.2,18
2014p934759,2014-12-12T20:40:00Z,-37.78,7.9,179.86,5.3,33.0,0.0,M,,,,3.4,0.2,19,3.1,nan,19,,,,3.1,0.2,19
2014p934908,2014-12-12T21:59:05Z,-36.82,7.7,179.98,5.1,33.0,0.0,M,,,,3.7,0.2,19,3.4,nan,19,,,,3.4,0.2,19
2014p935029,2014-12-12T23:03:44Z,-36.77,5.0,-179.89,4.7,33.0,0.0,M,,,,4.0,0.2,45,3.8,nan,47,,,,3.8,0.2,47
2014p935044,2014-12-12T23:11:32Z,-42.4,3.4,171.33,3.3,5.0,2.0,M,,,,2.6,0.3,8,2.6,nan,8,,,,2.6,0.3,8
2014p935116,2014-12-12T23:49:49Z,-36.34,5.2,178.14,7.9,33.0,0.0,M,,,,3.2,0.2,14,2.9,nan,14,,,,2.9,0.1,14
2014p935123,2014-12-12T23:53:53Z,-41.22,1.1,174.64,1.2,40.0,1.0,M,,,,3.2,0.2,32,2.9,nan,32,,,,2.9,0.2,32
2014p935245,2014-12-13T00:58:59Z,-37.8,7.2,179.85,4.8,33.0,0.0,M,,,,3.4,0.2,19,3.1,nan,19,,,,3.1,0.3,19
2014p935278,2014-12-13T01:16:14Z,-37.8,10.0,179.84,6.9,33.0,0.0,M,,,,4.0,0.2,19,3.6,nan,19,,,,3.6,0.1,19
2014p935316,2014-12-13T01:36:43Z,-41.72,1.3,174.1,1.1,6.0,2.0,M,,,,2.4,0.2,8,2.6,nan,8,,,,2.6,0.3,8
2014p935318,2014-12-13T01:37:55Z,-41.74,1.5,174.1,1.2,12.0,2.0,M,,,,2.7,0.2,18,2.6,nan,18,,,,2.6,0.2,18
2014p935479,2014-12-13T03:03:47Z,-39.11,7.5,175.28,11.1,11.0,12.0,M,,,,1.3,0.1,9,1.0,nan,9,,,,1.0,0.3,9
2014p935817,2014-12-13T06:03:38Z,-39.07,3.8,176.09,3.0,75.0,3.0,M,,,,1.6,0.4,8,1.5,nan,8,,,,1.5,0.3,8
2014p936002,2014-12-13T07:41:54Z,-39.22,0.7,175.37,0.7,13.0,1.0,M,,,,2.0,0.3,17,1.7,nan,17,,,,1.7,0.3,17
2014p936186,2014-12-13T09:19:56Z,-37.8,6.4,179.81,5.2,33.0,0.0,M,,,,3.4,0.2,28,3.1,nan,29,,,,3.1,0.2,29
2014p936402,2014-12-13T11:15:18Z,-41.05,1.1,174.49,1.6,52.0,3.0,M,,,,4.1,0.2,32,3.9,nan,32,,,,3.9,0.3,32
2014p936468,2014-12-13T11:50:26Z,-37.7,11.8,179.76,7.5,33.0,0.0,M,,,,3.1,0.2,19,2.8,nan,19,,,,2.8,0.2,19
2014p936543,2014-12-13T12:30:27Z,-38.65,1.4,176.13,1.1,5.0,2.0,M,,,,2.2,0.5,5,1.9,nan,5,,,,1.9,0.5,5
2014p936554,2014-12-13T12:36:19Z,-38.67,3.1,176.09,2.6,4.0,3.0,M,,,,2.0,0.3,12,1.7,nan,12,,,,1.7,0.3,12
2014p936620,2014-12-13T13:11:29Z,-37.77,8.5,179.88,6.6,33.0,0.0,M,,,,3.3,0.2,23,3.0,nan,23,,,,3.0,0.2,23
2014p936765,2014-12-13T14:29:43Z,-37.89,1.9,176.92,1.5,138.0,2.0,M,,,,,,,3.7,nan,60,,,,3.7,0.3,60
2014p936840,2014-12-13T15:08:45Z,-42.71,1.1,172.92,2.1,38.0,4.0,M,,,,3.0,0.2,15,2.8,nan,15,,,,2.8,0.3,15
2014p936966,2014-12-13T16:15:47Z,-46.27,9.9,166.2,10.1,19.0,6.0,M,,,,3.3,0.3,6,3.2,nan,6,,,,3.2,0.3,6
2014p936984,2014-12-13T16:25:12Z,-46.23,6.7,166.32,9.6,22.0,5.0,M,,,,3.0,0.2,7,2.8,nan,3,,,,2.8,0.2,3
2014p937021,2014-12-13T16:44:35Z,-35.16,8.9,178.69,21.5,33.0,0.0,M,,,,3.7,0.2,12,3.5,nan,12,,,,3.5,0.2,12
2014p937113,2014-12-13T17:33:50Z,-45.17,5.5,167.46,6.0,98.0,9.0,M,,,,,,,3.1,nan,9,,,,3.1,0.2,9
2014p937304,2014-12-13T19:15:38Z,-37.79,2.4,176.83,2.6,155.0,3.0,M,,,,,,,2.6,nan,33,,,,2.6,0.3,33
2014p937657,2014-12-13T22:24:08Z,-44.44,4.9,167.14,5.6,5.0,0.0,M,,,,3.3,0.2,9,3.0,nan,7,,,,3.0,0.2,7
2014p937675,2014-12-13T22:33:37Z,-44.39,4.3,167.12,5.3,5.0,0.0,M,,,,3.4,0.1,12,3.3,nan,12,,,,3.3,0.2,12
2014p937691,2014-12-13T22:41:46Z,-43.58,2.8,172.2,3.2,10.0,4.0,M,,,,2.7,0.2,11,2.5,nan,11,,,,2.5,0.3,11
2014p937758,2014-12-13T23:17:31Z,-40.64,2.0,175.9,2.5,26.0,2.0,M,,,,4.1,0.3,37,3.7,nan,37,,,,3.7,0.2,37
2014p937769,2014-12-13T23:23:28Z,-44.55,4.2,167.2,5.8,5.0,0.0,M,,,,3.0,0.3,8,2.7,nan,4,,,,2.7,0.6,4
2014p937785,2014-12-13T23:32:16Z,-39.23,11.9,174.91,4.1,25.0,9.0,M,,,,2.2,0.3,8,2.1,nan,8,,,,2.1,0.3,8
2014p937886,2014-12-14T00:26:10Z,-44.46,5.6,167.13,5.6,5.0,0.0,M,,,,4.0,0.2,6,3.7,nan,6,,,,3.7,0.2,6
2014p937916,2014-12-14T00:42:07Z,-44.56,7.3,167.28,7.9,5.0,0.0,M,,,,3.0,0.2,8,2.8,nan,6,,,,2.8,0.3,6
2014p937924,2014-12-14T00:46:09Z,-44.57,7.1,167.27,7.9,5.0,0.0,M,,,,3.0,0.3,8,2.7,nan,5,,,,2.7,0.2,5
2014p937956,2014-12-14T01:02:50Z,-35.1,6.0,178.85,12.6,33.0,0.0,M,,,,4.2,0.2,22,4.0,nan,22,,,,4.0,0.1,22
2014p937965,2014-12-14T01:07:52Z,-45.06,3.5,170.12,3.1,5.0,3.0,M,,,,2.6,0.2,7,2.6,nan,7,,,,2.6,0.2,7
2014p938274,2014-12-14T03:52:28Z,-38.39,2.7,177.13,2.6,5.0,4.0,M,,,,2.3,0.2,12,2.0,nan,12,,,,2.0,0.2,12
2014p938365,2014-12-14T04:41:23Z,-41.77,1.2,174.01,0.9,12.0,2.0,M,,,,2.5,0.3,13,2.3,nan,13,,,,2.3,0.3,13
2014p938496,2014-12-14T05:50:41Z,-38.38,5.3,178.66,9.6,33.0,0.0,M,,,,2.9,0.2,13,2.7,nan,13,,,,2.7,0.1,13
2014p938838,2014-12-14T08:53:18Z,-43.63,0.9,172.36,0.8,5.0,1.0,M,,,,3.3,0.2,8,3.2,nan,8,,,,3.2,0.2,8
2014p939107,2014-12-14T11:16:24Z,-44.45,5.0,167.15,6.2,5.0,0.0,M,,,,3.0,0.3,7,2.4,nan,3,,,,2.4,0.4,3
2014p939310,2014-12-14T13:04:31Z,-44.38,3.4,167.13,4.8,5.0,0.0,M,,,,3.5,0.4,17,3.1,nan,13,,,,3.1,0.3,13
2014p939311,2014-12-14T13:05:06Z,-38.03,6.0,179.19,5.4,33.0,0.0,M,,,,3.3,0.3,23,3.0,nan,23,,,,3.0,0.3,23
2014p939320,2014-12-14T13:09:48Z,-44.43,4.8,167.12,5.8,5.0,0.0,M,,,,3.3,0.1,8,3.2,nan,8,,,,3.2,0.2,8
2014p939352,2014-12-14T13:26:53Z,-44.45,5.1,167.2,6.6,5.0,0.0,M,,,,3.0,0.2,7,2.8,nan,7,,,,2.8,0.2,7
2014p939359,2014-12-14T13:30:47Z,-44.39,3.6,167.1,6.6,5.0,0.0,M,,,,4.2,0.2,23,4.0,nan,23,,,,4.0,0.2,23
2014p939388,2014-12-14T13:41:31Z,-44.48,5.3,167.14,5.3,5.0,0.0,M,,,,4.2,0.2,10,4.0,nan,10,,,,4.0,0.2,10
2014p939379,2014-12-14T13:46:12Z,-44.42,5.9,167.16,6.3,5.0,0.0,M,,,,3.3,0.1,6,3.1,nan,6,,,,3.1,0.2,6
2014p939419,2014-12-14T14:02:37Z,-44.63,7.5,167.26,8.7,5.0,0.0,M,,,,2.9,0.3,7,2.5,nan,4,,,,2.5,0.4,4
2014p939432,2014-12-14T14:09:45Z,-44.45,5.2,167.15,7.8,5.0,0.0,M,,,,3.0,0.2,8,2.7,nan,6,,,,2.7,0.2,6
2014p939481,2014-12-14T14:35:34Z,-44.78,7.2,167.32,60.9,5.0,25.0,M,,,,3.0,0.2,7,2.9,nan,7,,,,2.9,0.3,7
2014p939484,2014-12-14T14:37:26Z,-44.52,7.2,167.28,7.6,5.0,0.0,M,,,,3.1,0.2,7,2.8,nan,6,,,,2.8,0.3,6
2014p939501,2014-12-14T14:46:37Z,-44.44,4.7,167.18,6.2,5.0,0.0,M,,,,3.7,0.1,13,3.5,nan,14,,,,3.5,0.2,14
2014p939515,2014-12-14T14:53:55Z,-44.52,10.5,167.18,7.5,5.0,0.0,M,,,,2.7,0.2,7,2.6,nan,7,,,,2.6,0.2,7
2014p939538,2014-12-14T15:06:10Z,-44.43,6.1,167.19,7.3,5.0,0.0,M,,,,3.2,0.2,9,2.8,nan,6,,,,2.8,0.2,6
2014p939567,2014-12-14T15:21:32Z,-44.4,4.9,167.17,5.7,5.0,0.0,M,,,,3.9,0.2,14,3.7,nan,17,,,,3.7,0.2,17
2014p939585,2014-12-14T15:31:24Z,-37.78,12.6,179.97,9.0,33.0,0.0,M,,,,3.3,0.2,13,3.1,nan,13,,,,3.1,0.1,13
2014p939636,2014-12-14T15:58:15Z,-43.59,1.7,172.75,2.1,16.0,4.0,M,,,,2.2,0.4,8,2.1,nan,8,,,,2.1,0.4,8
2014p939768,2014-12-14T17:09:08Z,-39.03,8.7,175.53,21.2,14.0,25.0,M,,,,1.2,0.2,7,0.9,nan,7,,,,0.9,0.3,7
2014p939840,2014-12-14T17:47:09Z,-39.4,8.5,175.85,5.0,10.0,11.0,M,,,,0.9,0.5,6,0.7,nan,6,,,,0.7,0.5,6
2014p939930,2014-12-14T18:34:53Z,-44.47,6.5,167.17,7.9,5.0,0.0,M,,,,3.2,0.1,8,2.9,nan,7,,,,2.9,0.2,7
2014p939945,2014-12-14T18:42:54Z,-44.42,4.4,167.14,5.7,5.0,0.0,M,,,,3.9,0.1,14,3.7,nan,14,,,,3.7,0.2,14
2014p939980,2014-12-14T19:01:31Z,-43.65,4.4,172.38,2.4,5.0,0.0,M,,,,2.6,0.2,11,2.5,nan,11,,,,2.5,0.3,11
2014p940163,2014-12-14T20:38:37Z,-37.78,4.2,176.14,10.4,207.0,8.0,M,,,,,,,2.4,nan,19,,,,2.4,0.3,19
2014p940186,2014-12-14T20:51:35Z,-44.36,7.8,167.08,8.2,0.0,0.0,M,,,,3.4,0.2,7,3.2,nan,8,,,,3.2,0.2,8
2014p940210,2014-12-14T21:04:16Z,-44.42,6.4,167.16,6.8,5.0,0.0,M,,,,3.6,0.2,9,3.4,nan,9,,,,3.4,0.2,9
2014p940244,2014-12-14T21:22:16Z,-44.55,8.2,167.19,8.9,5.0,0.0,M,,,,3.0,0.2,7,2.7,nan,7,,,,2.7,0.2,7
2014p940312,2014-12-14T21:58:21Z,-44.22,6.5,166.96,7.7,5.0,0.0,M,,,,3.8,0.1,8,3.6,nan,8,,,,3.6,0.2,8
2014p940602,2014-12-15T00:33:04Z,-37.85,8.1,179.85,5.9,33.0,0.0,M,,,,3.5,0.2,12,3.2,nan,12,,,,3.2,0.1,12
2014p940637,2014-12-15T00:51:40Z,-39.11,0.6,175.29,0.8,15.0,1.0,M,,,,1.9,0.3,14,1.7,nan,14,,,,1.7,0.3,14
2014p940720,2014-12-15T01:35:49Z,-37.48,5.6,176.57,9.3,153.0,8.0,M,,,,,,,2.6,nan,8,,,,2.6,0.2,8
2014p940813,2014-12-15T02:25:34Z,-37.67,8.0,179.86,5.0,33.0,0.0,M,,,,3.9,0.2,18,3.6,nan,18,,,,3.6,0.2,18
2014p941091,2014-12-15T04:53:38Z,-39.22,1.0,175.25,1.1,17.0,1.0,M,,,,1.7,0.2,12,1.4,nan,12,,,,1.4,0.2,12
2014p941136,2014-12-15T05:17:19Z,-39.92,1.0,176.88,1.7,22.0,2.0,M,,,,2.0,0.3,11,1.8,nan,11,,,,1.8,0.2,11
2014p941336,2014-12-15T07:04:13Z,-39.12,0.9,175.34,1.5,15.0,1.0,M,,,,1.3,0.2,10,1.0,nan,10,,,,1.0,0.3,10
2014p941352,2014-12-15T07:12:39Z,-38.89,0.6,176.1,1.1,16.0,1.0,M,,,,2.1,0.2,12,1.9,nan,12,,,,1.9,0.2,12
2014p941374,2014-12-15T07:24:35Z,-39.11,0.6,175.28,1.1,15.0,1.0,M,,,,2.1,0.3,16,1.8,nan,16,,,,1.8,0.3,16
2014p941434,2014-12-15T07:56:28Z,-38.85,1.0,175.96,1.3,119.0,2.0,M,,,,,,,3.1,nan,59,,,,3.1,0.3,59
2014p941747,2014-12-15T10:43:29Z,-39.51,1.9,175.67,0.9,20.0,1.0,M,,,,1.4,0.3,12,1.2,nan,12,,,,1.2,0.3,12
2014p941972,2014-12-15T12:42:46Z,-39.39,1.6,173.66,1.5,11.0,2.0,M,,,,2.4,0.3,8,2.3,nan,8,,,,2.3,0.2,8
2014p942077,2014-12-15T13:39:00Z,-38.96,5.4,179.63,5.9,33.0,0.0,M,,,,2.9,0.3,15,2.7,nan,15,,,,2.7,0.4,15
2014p942185,2014-12-15T14:36:26Z,-37.67,10.0,179.82,6.2,33.0,0.0,M,,,,3.4,0.2,17,3.1,nan,17,,,,3.1,0.1,17
2014p942520,2014-12-15T17:35:26Z,-39.22,1.2,175.41,1.4,18.0,1.0,M,,,,1.6,0.3,9,1.4,nan,9,,,,1.4,0.4,9
2014p943028,2014-12-15T22:05:38Z,-39.02,1.5,177.86,2.7,25.0,2.0,M,,,,2.2,0.2,8,1.9,nan,8,,,,1.9,0.2,8
2014p943338,2014-12-16T00:50:57Z,-40.46,1.7,174.22,1.7,110.0,4.0,M,,,,3.3,0.3,8,2.9,nan,36,,,,2.9,0.2,36
2014p943369,2014-12-16T01:07:10Z,-44.44,5.7,167.14,6.3,5.0,0.0,M,,,,2.8,0.1,7,2.6,nan,7,,,,2.6,0.2,7
2014p943427,2014-12-16T01:38:05Z,-39.57,0.8,176.79,1.2,34.0,2.0,M,,,,3.4,0.3,13,2.9,nan,53,,,,2.9,0.3,53
2014p943706,2014-12-16T04:07:01Z,-43.98,4.0,169.47,3.0,5.0,0.0,M,,,,2.9,0.1,16,2.7,nan,16,,,,2.7,0.1,16
2014p943910,2014-12-16T05:55:26Z,-37.8,2.0,176.74,2.0,12.0,3.0,M,,,,2.3,0.2,6,2.2,nan,6,,,,2.2,0.1,6
2014p944072,2014-12-16T07:21:58Z,-38.27,2.1,176.08,2.1,174.0,4.0,M,,,,,,,2.8,nan,42,,,,2.8,0.2,42
2014p944198,2014-12-16T08:29:07Z,-39.0,0.9,175.44,1.2,16.0,1.0,M,,,,2.1,0.2,14,1.9,nan,14,,,,1.9,0.3,14
2014p944351,2014-12-16T09:50:45Z,-40.68,2.9,173.37,3.7,159.0,4.0,M,,,,,,,2.7,nan,18,,,,2.7,0.2,18
2014p944691,2014-12-16T12:51:56Z,-37.73,9.2,179.98,5.5,33.0,0.0,M,,,,3.1,0.2,11,2.9,nan,11,,,,2.9,0.2,11
2014p944950,2014-12-16T15:09:51Z,-39.28,1.2,175.38,2.5,18.0,2.0,M,,,,2.1,0.8,7,2.0,nan,7,,,,2.0,0.8,7
2014p945192,2014-12-16T17:18:22Z,-43.51,1.3,172.73,0.9,14.0,1.0,M,,,,2.4,0.3,7,2.3,nan,7,,,,2.3,0.3,7
2014p945670,2014-12-16T21:33:12Z,-39.88,0.7,176.6,0.9,21.0,3.0,M,,,,2.0,0.3,8,1.7,nan,8,,,,1.7,0.2,8
2014p945931,2014-12-16T23:52:08Z,-44.44,4.7,167.18,6.0,5.0,0.0,M,,,,3.0,0.2,10,2.7,nan,7,,,,2.7,0.2,7
2014p945973,2014-12-17T00:14:24Z,-38.23,2.8,176.1,9.9,69.0,18.0,M,,,,2.5,0.1,6,2.5,nan,6,,,,2.5,0.1,6
2014p946083,2014-12-17T01:13:33Z,-44.95,4.1,167.47,5.2,5.0,3.0,M,,,,3.6,0.1,10,3.3,nan,10,,,,3.3,0.2,10
2014p946303,2014-12-17T03:10:37Z,-41.8,2.0,174.21,1.8,18.0,2.0,M,,,,3.0,0.1,15,2.8,nan,15,,,,2.8,0.2,15
2014p946415,2014-12-17T04:10:13Z,-43.59,1.0,172.59,0.7,5.0,0.0,M,,,,3.1,0.2,4,2.6,nan,5,,,,2.6,0.7,5
2014p946528,2014-12-17T05:10:13Z,-39.8,2.4,174.82,1.8,45.0,3.0,M,,,,2.6,0.4,6,2.5,nan,6,,,,2.5,0.4,6
2014p946614,2014-12-17T05:56:24Z,-44.15,4.3,168.65,4.7,5.0,0.0,M,,,,2.8,0.1,9,2.8,nan,9,,,,2.8,0.2,9
2014p946696,2014-12-17T06:40:01Z,-37.57,4.8,177.02,5.5,151.0,9.0,M,,,,,,,2.6,nan,7,,,,2.6,0.2,7
2014p946767,2014-12-17T07:17:27Z,-39.12,0.6,175.29,0.7,15.0,1.0,M,,,,2.0,0.3,15,1.9,nan,15,,,,1.9,0.3,15
2014p947096,2014-12-17T10:13:15Z,-39.56,0.9,176.87,1.9,23.0,3.0,M,,,,3.6,0.3,18,3.3,nan,18,,,,3.3,0.2,18
2014p947140,2014-12-17T10:36:40Z,-39.62,0.7,175.69,0.6,21.0,1.0,M,,,,2.4,0.2,21,2.2,nan,21,,,,2.2,0.2,21
2014p947183,2014-12-17T10:59:30Z,-39.62,1.2,175.72,0.8,22.0,2.0,M,,,,2.0,0.4,10,1.8,nan,10,,,,1.8,0.4,10
2014p947239,2014-12-17T11:28:56Z,-44.98,3.3,167.42,4.7,5.0,0.0,M,,,,3.2,0.1,7,3.0,nan,7,,,,3.0,0.1,7
2014p947311,2014-12-17T12:07:38Z,-44.39,7.2,167.26,9.9,5.0,0.0,M,,,,3.3,0.2,10,3.3,nan,10,,,,3.3,0.3,10
2014p947318,2014-12-17T12:11:18Z,-44.47,5.6,167.21,6.8,5.0,0.0,M,,,,3.2,0.1,8,3.0,nan,6,,,,3.0,0.2,6
2014p947366,2014-12-17T12:36:45Z,-36.65,5.4,177.81,5.0,162.0,7.0,M,,,,,,,3.0,nan,19,,,,3.0,0.2,19
2014p947437,2014-12-17T13:14:35Z,-38.49,6.2,175.49,11.0,94.0,16.0,M,,,,2.4,0.5,6,2.2,nan,6,,,,2.2,0.5,6
2014p947442,2014-12-17T13:17:34Z,-37.87,9.5,179.84,6.7,33.0,0.0,M,,,,3.0,0.3,9,2.9,nan,9,,,,2.9,0.4,9
2014p947531,2014-12-17T14:04:45Z,-39.3,0.7,175.28,0.8,27.0,1.0,M,,,,2.3,0.2,19,2.1,nan,19,,,,2.1,0.3,19
2014p947630,2014-12-17T14:57:28Z,-38.65,1.6,175.9,1.9,132.0,4.0,M,,,,,,,2.7,nan,45,,,,2.7,0.4,45
2014p947809,2014-12-17T16:33:06Z,-39.5,1.2,175.69,0.7,21.0,1.0,M,,,,1.9,0.4,12,1.7,nan,12,,,,1.7,0.4,12
2014p947940,2014-12-17T17:42:45Z,-45.38,4.4,166.81,6.3,12.0,0.0,M,,,,3.8,0.2,13,3.6,nan,13,,,,3.6,0.1,13
2014p948400,2014-12-17T21:47:57Z,-40.4,2.6,173.33,3.3,190.0,7.0,M,,,,,,,2.9,nan,18,,,,2.9,0.1,18
2014p948567,2014-12-17T23:16:45Z,-39.23,2.9,175.0,2.2,16.0,7.0,M,,,,2.2,0.2,7,2.0,nan,7,,,,2.0,0.1,7
2014p948586,2014-12-17T23:26:53Z,-45.21,6.7,167.42,5.4,67.0,9.0,M,,,,3.0,0.2,11,2.5,nan,5,,,,2.5,0.4,5
2014p948765,2014-12-18T01:01:24Z,-35.03,12.2,178.72,13.1,204.0,22.0,M,,,,4.2,0.2,7,3.9,nan,13,,,,3.9,0.2,13
2014p949018,2014-12-18T03:17:08Z,-43.65,3.3,172.36,2.4,5.0,0.0,M,,,,2.5,0.3,12,2.4,nan,12,,,,2.4,0.3,12
2014p949061,2014-12-18T03:40:05Z,-37.61,12.0,179.92,7.5,33.0,0.0,M,,,,3.3,0.2,12,3.1,nan,12,,,,3.1,0.1,12
2014p949322,2014-12-18T05:58:51Z,-40.63,0.7,175.46,1.3,30.0,1.0,M,,,,2.0,0.2,8,1.7,nan,8,,,,1.7,0.3,8
2014p949433,2014-12-18T06:58:26Z,-39.75,1.6,176.06,1.5,36.0,3.0,M,,,,2.2,0.4,12,2.0,nan,12,,,,2.0,0.3,12
2014p949544,2014-12-18T07:57:07Z,-46.81,7.2,165.74,8.8,12.0,0.0,M,,,,3.6,0.1,7,3.3,nan,7,,,,3.3,0.1,7
2014p949549,2014-12-18T08:00:14Z,-37.65,7.3,179.8,4.7,33.0,0.0,M,,,,3.3,0.2,18,3.1,nan,18,,,,3.1,0.2,18
2014p949592,2014-12-18T08:22:44Z,-38.85,0.5,175.88,0.6,10.0,1.0,M,,,,2.0,0.2,12,1.7,nan,12,,,,1.7,0.2,12
2014p949827,2014-12-18T10:28:07Z,-39.48,2.1,175.74,0.6,18.0,1.0,M,,,,1.6,0.5,7,1.5,nan,7,,,,1.5,0.5,7
2014p950359,2014-12-18T15:11:46Z,-38.75,8.0,175.38,17.7,125.0,19.0,M,,,,2.2,0.5,6,2.0,nan,6,,,,2.0,0.4,6
2014p951083,2014-12-18T21:37:17Z,-40.34,3.1,178.99,3.3,33.0,0.0,M,,,,3.0,0.2,18,2.8,nan,18,,,,2.8,0.2,18
2014p951178,2014-12-18T22:27:40Z,-39.28,5.8,175.28,3.0,9.0,3.0,M,,,,1.2,0.2,10,1.1,nan,10,,,,1.1,0.2,10
2014p951294,2014-12-18T23:30:09Z,-38.97,3.5,174.89,7.3,231.0,8.0,M,,,,,,,2.5,nan,18,,,,2.5,0.3,18
2014p951515,2014-12-19T01:27:34Z,-38.64,0.4,175.98,0.5,10.0,1.0,M,,,,2.9,0.2,21,2.6,nan,21,,,,2.6,0.2,21
2014p951554,2014-12-19T01:48:28Z,-38.87,6.2,174.7,7.6,26.0,8.0,M,,,,2.2,0.3,6,2.0,nan,6,,,,2.0,0.3,6
2014p951701,2014-12-19T03:06:20Z,-43.45,3.3,172.15,3.9,5.0,0.0,M,,,,2.2,0.3,9,2.1,nan,9,,,,2.1,0.4,9
2014p952085,2014-12-19T06:31:11Z,-39.01,4.4,175.44,4.7,105.0,3.0,M,,,,,,,1.5,nan,11,,,,1.5,0.6,11
2014p952262,2014-12-19T08:05:01Z,-37.79,7.0,179.87,4.9,33.0,0.0,M,,,,3.6,0.2,30,3.3,nan,30,,,,3.3,0.2,30
2014p952321,2014-12-19T08:37:04Z,-39.15,0.8,175.36,0.8,14.0,1.0,M,,,,1.8,0.3,15,1.5,nan,15,,,,1.5,0.3,15
2014p952577,2014-12-19T10:53:16Z,-39.16,0.9,175.36,1.3,12.0,1.0,M,,,,1.1,0.1,9,0.9,nan,9,,,,0.9,0.2,9
2014p952740,2014-12-19T12:21:31Z,-39.51,0.9,175.68,0.5,21.0,1.0,M,,,,2.2,0.2,20,2.0,nan,20,,,,2.0,0.2,20
2014p952799,2014-12-19T12:51:22Z,-38.25,0.8,177.99,1.3,33.0,2.0,M,,,,5.2,0.2,39,4.9,nan,39,,,,4.9,0.2,39
2014p953067,2014-12-19T15:14:28Z,-40.42,2.3,173.37,2.9,183.0,5.0,M,,,,,,,3.5,nan,45,,,,3.5,0.2,45
2014p953103,2014-12-19T15:33:08Z,-36.68,6.3,177.41,4.5,212.0,10.0,M,,,,3.2,0.3,8,2.8,nan,16,,,,2.8,0.3,16
2014p953149,2014-12-19T15:57:58Z,-38.45,1.7,176.54,4.6,69.0,5.0,M,,,,2.1,0.3,9,1.7,nan,9,,,,1.7,0.3,9
2014p953183,2014-12-19T16:16:08Z,-36.72,5.5,177.7,5.9,161.0,8.0,M,,,,,,,3.4,nan,39,,,,3.4,0.3,39
2014p953867,2014-12-19T22:20:35Z,-43.57,3.1,172.71,1.7,23.0,4.0,M,,,,2.1,0.3,5,2.0,nan,5,,,,2.0,0.4,5
2014p953939,2014-12-19T22:58:36Z,-49.25,8.0,175.0,7.6,33.0,0.0,M,5.4,0.2,7,5.5,0.1,13,5.1,nan,13,4.8,0.4,7,5.3,0.1,13
2014p954421,2014-12-20T03:16:09Z,-39.27,0.6,175.46,0.8,14.0,1.0,M,,,,2.1,0.2,9,1.8,nan,9,,,,1.8,0.1,9
2014p954424,2014-12-20T03:17:33Z,-39.27,2.2,175.51,1.9,15.0,2.0,M,,,,1.1,0.2,7,0.7,nan,7,,,,0.7,0.1,7
2014p955039,2014-12-20T08:44:48Z,-38.99,1.3,176.26,1.7,75.0,2.0,M,,,,2.3,0.3,13,2.2,nan,13,,,,2.2,0.3,13
2014p955172,2014-12-20T09:56:01Z,-39.16,2.5,176.91,2.7,38.0,3.0,M,,,,1.6,0.3,6,1.3,nan,6,,,,1.3,0.2,6
2014p955283,2014-12-20T10:55:10Z,-40.07,0.8,176.73,1.3,43.0,2.0,M,,,,2.4,0.1,12,2.1,nan,12,,,,2.1,0.2,12
2014p955427,2014-12-20T12:11:50Z,-39.5,0.9,175.68,0.6,19.0,1.0,M,,,,1.9,0.2,21,1.7,nan,21,,,,1.7,0.3,21
2014p955539,2014-12-20T13:11:03Z,-36.96,5.8,177.7,7.5,137.0,8.0,M,,,,2.8,0.3,8,2.8,nan,23,,,,2.8,0.2,23
2014p955725,2014-12-20T14:50:41Z,-44.21,3.2,168.68,3.3,5.0,0.0,M,,,,3.1,0.1,11,3.0,nan,9,,,,3.0,0.2,9
2014p955774,2014-12-20T15:16:20Z,-39.52,1.0,175.65,0.9,20.0,1.0,M,,,,1.5,0.4,9,1.3,nan,9,,,,1.3,0.4,9
2014p956130,2014-12-20T18:26:12Z,-42.61,4.3,173.52,4.8,6.0,5.0,M,,,,2.8,0.2,9,2.7,nan,9,,,,2.7,0.2,9
2014p956140,2014-12-20T18:31:29Z,-38.01,2.3,176.26,2.7,161.0,5.0,M,,,,,,,2.6,nan,33,,,,2.6,0.2,33
2014p956201,2014-12-20T19:04:03Z,-36.77,7.0,178.56,7.3,82.0,12.0,M,,,,,,,3.0,nan,20,,,,3.0,0.2,20
2014p956505,2014-12-20T21:46:23Z,-39.13,0.2,175.65,0.4,5.0,0.0,M,,,,2.5,0.4,16,2.2,nan,16,,,,2.2,0.3,16
2014p956595,2014-12-20T22:34:08Z,-39.05,0.9,174.01,1.4,11.0,3.0,M,,,,1.6,0.4,5,1.5,nan,5,,,,1.5,0.3,5
2014p956750,2014-12-20T23:56:45Z,-39.27,0.8,177.54,1.5,14.0,2.0,M,,,,2.7,0.3,16,2.4,nan,16,,,,2.4,0.2,16
2014p957108,2014-12-21T03:07:34Z,-39.1,0.5,176.04,1.0,17.0,2.0,M,,,,2.8,0.2,18,2.5,nan,18,,,,2.5,0.1,18
2014p957143,2014-12-21T03:26:01Z,-38.94,0.8,175.58,1.0,5.0,1.0,M,,,,1.4,0.2,7,1.2,nan,7,,,,1.2,0.2,7
2014p957231,2014-12-21T04:13:27Z,-39.3,1.5,175.62,1.8,26.0,2.0,M,,,,1.2,0.2,7,0.9,nan,7,,,,0.9,0.3,7
2014p957756,2014-12-21T08:53:10Z,-39.04,0.5,176.08,0.9,13.0,2.0,M,,,,2.4,0.1,12,2.2,nan,12,,,,2.2,0.2,12
2014p957981,2014-12-21T10:52:42Z,-39.25,4.1,175.65,5.1,38.0,6.0,M,,,,1.1,0.3,6,0.7,nan,6,,,,0.7,0.3,6
2014p958361,2014-12-21T14:15:16Z,-45.3,3.5,166.97,4.5,42.0,6.0,M,,,,3.9,0.2,19,3.7,nan,19,,,,3.7,0.2,19
2014p958410,2014-12-21T14:40:45Z,-36.99,4.8,176.9,9.3,228.0,8.0,M,,,,,,,2.6,nan,19,,,,2.6,0.3,19
2014p958458,2014-12-21T15:06:34Z,-39.29,1.2,175.54,1.6,21.0,2.0,M,,,,1.1,0.3,7,0.8,nan,7,,,,0.8,0.3,7
2014p958596,2014-12-21T16:20:45Z,-39.48,1.0,175.73,0.5,18.0,1.0,M,,,,1.7,0.3,18,1.6,nan,18,,,,1.6,0.2,18
2014p958609,2014-12-21T16:27:10Z,-39.11,0.8,175.2,0.8,24.0,1.0,M,,,,2.1,0.2,16,1.9,nan,16,,,,1.9,0.2,16
2014p958648,2014-12-21T16:47:54Z,-37.78,10.5,179.93,10.6,33.0,0.0,M,,,,3.4,0.3,18,3.2,nan,18,,,,3.2,0.3,18
2014p958657,2014-12-21T16:52:49Z,-39.28,1.1,175.45,1.0,12.0,1.0,M,,,,2.4,0.2,22,2.2,nan,22,,,,2.2,0.2,22
2014p958752,2014-12-21T17:43:22Z,-37.82,2.1,177.8,2.0,65.0,4.0,M,,,,2.7,0.3,28,2.4,nan,29,,,,2.4,0.2,29
2014p958866,2014-12-21T18:44:11Z,-39.26,2.6,175.81,2.7,24.0,3.0,M,,,,1.3,0.2,6,0.9,nan,6,,,,0.9,0.3,6
2014p959005,2014-12-21T19:58:46Z,-39.49,1.2,175.71,0.7,16.0,1.0,M,,,,1.7,0.3,12,1.5,nan,12,,,,1.5,0.3,12
2014p959435,2014-12-21T23:47:04Z,-39.49,1.1,175.71,0.6,17.0,1.0,M,,,,1.5,0.3,10,1.4,nan,10,,,,1.4,0.3,10
2014p959558,2014-12-22T00:52:50Z,-39.13,0.8,175.31,1.2,14.0,1.0,M,,,,1.6,0.2,12,1.3,nan,12,,,,1.3,0.2,12
2014p959613,2014-12-22T01:21:59Z,-37.27,11.8,176.67,16.0,187.0,15.0,M,,,,,,,2.7,nan,18,,,,2.7,0.5,18
2014p959823,2014-12-22T03:14:01Z,-40.14,1.3,174.31,2.0,99.0,4.0,M,,,,3.2,0.3,28,2.9,nan,40,,,,2.9,0.2,40
2014p959904,2014-12-22T03:57:18Z,-36.94,0.6,174.98,0.5,7.0,1.0,M,,,,1.5,0.4,6,1.5,nan,6,,,,1.5,0.2,6
2014p960129,2014-12-22T05:56:52Z,-39.51,4.7,175.68,1.4,20.0,2.0,M,,,,1.6,0.2,9,1.4,nan,9,,,,1.4,0.2,9
2014p960138,2014-12-22T06:02:04Z,-39.2,0.6,175.36,0.7,12.0,1.0,M,,,,3.0,0.2,36,2.6,nan,36,,,,2.6,0.3,36
2014p960143,2014-12-22T06:05:02Z,-39.23,1.4,175.35,1.3,17.0,2.0,M,,,,1.4,0.2,12,1.1,nan,12,,,,1.1,0.2,12
2014p960297,2014-12-22T07:26:33Z,-39.2,0.9,174.83,1.0,33.0,3.0,M,,,,2.7,0.2,25,2.5,nan,25,,,,2.5,0.2,25
2014p960334,2014-12-22T07:46:01Z,-36.71,6.3,177.58,3.9,187.0,6.0,M,,,,,,,3.1,nan,25,,,,3.1,0.3,25
2014p960600,2014-12-22T10:08:15Z,-39.36,1.4,175.68,1.7,19.0,2.0,M,,,,1.3,0.2,12,1.2,nan,12,,,,1.2,0.3,12
2014p960685,2014-12-22T10:53:48Z,-38.97,4.1,177.91,5.6,37.0,4.0,M,,,,1.1,0.5,3,1.0,nan,3,,,,1.0,0.6,3
2014p960706,2014-12-22T11:04:20Z,-36.84,5.3,177.64,2.6,136.0,6.0,M,,,,2.9,0.3,9,2.7,nan,24,,,,2.7,0.2,24
2014p960769,2014-12-22T11:38:08Z,-39.49,3.7,175.69,3.0,21.0,4.0,M,,,,1.2,0.4,7,1.2,nan,7,,,,1.2,0.3,7
2014p960770,2014-12-22T11:39:20Z,-39.28,3.4,175.7,9.5,28.0,7.0,M,,,,1.0,0.2,6,0.6,nan,6,,,,0.6,0.2,6
2014p960942,2014-12-22T13:11:48Z,-38.61,0.5,176.22,0.7,5.0,1.0,M,,,,2.6,0.3,37,2.4,nan,37,,,,2.4,0.2,37
2014p960956,2014-12-22T13:17:45Z,-38.63,7.2,176.21,6.1,10.0,4.0,M,,,,1.6,0.3,6,1.2,nan,6,,,,1.2,0.3,6
2014p960959,2014-12-22T13:19:37Z,-39.1,1.2,175.26,1.8,18.0,2.0,M,,,,1.8,0.3,16,1.5,nan,16,,,,1.5,0.3,16
2014p961137,2014-12-22T14:54:04Z,-39.3,1.8,175.63,2.0,23.0,5.0,M,,,,1.0,0.3,6,0.6,nan,6,,,,0.6,0.3,6
2014p961162,2014-12-22T15:07:29Z,-46.24,1.5,168.8,1.8,10.0,3.0,M,,,,2.8,0.2,10,2.7,nan,10,,,,2.7,0.2,10
2014p961303,2014-12-22T16:22:47Z,-39.24,1.1,175.38,1.7,14.0,2.0,M,,,,0.9,0.3,6,0.6,nan,6,,,,0.6,0.4,6
2014p961476,2014-12-22T17:54:52Z,-38.82,4.1,176.02,5.5,6.0,3.0,M,,,,2.0,0.3,7,1.8,nan,7,,,,1.8,0.1,7
2014p961484,2014-12-22T17:59:02Z,-38.88,0.7,175.95,1.0,11.0,2.0,M,,,,1.9,0.3,13,1.7,nan,13,,,,1.7,0.3,13
2014p961486,2014-12-22T18:00:13Z,-38.84,0.9,175.99,2.1,10.0,3.0,M,,,,1.9,0.2,12,1.6,nan,12,,,,1.6,0.1,12
2014p961612,2014-12-22T19:07:26Z,-39.33,8.6,175.73,4.7,24.0,5.0,M,,,,1.2,0.3,7,0.9,nan,7,,,,0.9,0.2,7
2014p961926,2014-12-22T21:55:37Z,-39.3,8.6,175.43,9.2,5.0,6.0,M,,,,,,,1.4,nan,2,,,,1.4,0.5,2
2014p962084,2014-12-22T23:18:38Z,-38.15,1.8,176.88,3.6,65.0,3.0,M,,,,2.1,0.1,6,1.7,nan,6,,,,1.7,0.1,6
2014p962185,2014-12-23T00:12:14Z,-37.09,20.0,176.49,45.8,228.0,49.0,M,,,,,,,2.3,nan,6,,,,2.3,0.1,6
2014p962567,2014-12-23T03:36:03Z,-39.16,1.1,175.37,2.7,12.0,3.0,M,,,,1.3,0.2,10,1.0,nan,10,,,,1.0,0.2,10
2014p962941,2014-12-23T06:55:12Z,-41.7,1.4,174.07,0.9,15.0,2.0,M,,,,2.2,0.2,12,2.1,nan,12,,,,2.1,0.2,12
2014p963094,2014-12-23T08:16:53Z,-40.09,0.7,176.58,1.0,48.0,2.0,M,,,,3.3,0.2,17,3.0,nan,84,,,,3.0,0.3,84
2014p963176,2014-12-23T09:00:14Z,-44.47,4.4,169.84,2.8,5.0,0.0,M,,,,2.9,0.2,10,2.8,nan,10,,,,2.8,0.1,10
2014p963187,2014-12-23T09:06:23Z,-39.49,1.9,175.7,1.9,21.0,3.0,M,,,,1.3,0.4,6,1.2,nan,6,,,,1.2,0.4,6
2014p963712,2014-12-23T13:46:16Z,-39.3,1.8,175.72,2.1,31.0,2.0,M,,,,0.9,0.2,6,0.6,nan,6,,,,0.6,0.3,6
2014p963727,2014-12-23T13:54:00Z,-39.49,1.2,175.74,0.8,18.0,1.0,M,,,,1.1,0.3,6,0.9,nan,6,,,,0.9,0.3,6
2014p963914,2014-12-23T15:33:54Z,-37.38,4.0,177.14,5.1,72.0,6.0,M,,,,2.4,0.2,14,2.2,nan,14,,,,2.2,0.1,14
2014p963941,2014-12-23T15:48:59Z,-39.28,4.7,175.69,4.6,68.0,7.0,M,,,,0.8,0.2,7,0.9,nan,7,,,,0.9,0.2,7
2014p964049,2014-12-23T16:45:35Z,-39.12,0.9,175.32,1.7,15.0,2.0,M,,,,1.3,0.2,10,1.0,nan,10,,,,1.0,0.2,10
2014p964078,2014-12-23T17:01:05Z,-39.15,0.6,175.44,1.2,10.0,2.0,M,,,,1.0,0.2,8,0.9,nan,8,,,,0.9,0.3,8
2014p964111,2014-12-23T17:18:33Z,-39.29,2.2,175.72,4.3,30.0,4.0,M,,,,0.9,0.1,6,0.5,nan,6,,,,0.5,0.2,6
2014p964289,2014-12-23T18:53:16Z,-41.25,0.7,175.27,0.6,12.0,2.0,M,,,,1.8,0.2,12,1.5,nan,12,,,,1.5,0.2,12
2014p964328,2014-12-23T19:13:57Z,-38.28,1.6,177.23,2.3,51.0,2.0,M,,,,1.8,0.3,7,1.5,nan,7,,,,1.5,0.3,7
2014p964342,2014-12-23T19:21:28Z,-39.29,1.7,175.6,3.2,32.0,2.0,M,,,,1.1,0.6,9,0.8,nan,9,,,,0.8,0.7,9
2014p964630,2014-12-23T21:54:57Z,-39.09,1.8,175.01,1.2,13.0,4.0,M,,,,1.9,0.2,13,1.7,nan,13,,,,1.7,0.2,13
2014p964706,2014-12-23T22:35:45Z,-39.25,1.0,173.9,1.5,19.0,1.0,M,,,,2.0,0.4,7,1.8,nan,7,,,,1.8,0.3,7
2014p964847,2014-12-23T23:51:48Z,-38.23,2.3,175.9,2.1,204.0,5.0,M,,,,,,,3.4,nan,61,,,,3.4,0.5,61
2014p965009,2014-12-24T01:17:05Z,-39.37,1.4,178.01,2.1,16.0,2.0,M,,,,3.1,0.2,25,2.8,nan,25,,,,2.8,0.2,25
2014p965508,2014-12-24T05:42:42Z,-41.03,1.1,174.48,1.2,49.0,2.0,M,,,,3.2,0.2,20,2.9,nan,20,,,,2.9,0.2,20
2014p965536,2014-12-24T05:57:56Z,-38.75,4.7,175.19,5.2,40.0,9.0,M,,,,2.2,0.5,11,2.0,nan,11,,,,2.0,0.5,11
2014p965589,2014-12-24T06:26:06Z,-38.84,2.2,175.82,2.7,14.0,1.0,M,,,,1.6,0.2,10,1.3,nan,10,,,,1.3,0.2,10
2014p965609,2014-12-24T06:36:50Z,-38.79,2.1,175.2,4.8,10.0,4.0,M,,,,1.8,0.2,9,1.6,nan,9,,,,1.6,0.2,9
2014p965622,2014-12-24T06:43:44Z,-43.56,1.4,172.72,0.7,6.0,1.0,M,,,,4.3,0.3,7,4.1,nan,74,,,,4.1,0.3,74
2014p965661,2014-12-24T07:04:36Z,-39.14,4.4,175.63,3.7,10.0,5.0,M,,,,1.8,0.4,8,1.6,nan,8,,,,1.6,0.2,8
2014p965719,2014-12-24T07:35:30Z,-39.34,3.3,176.03,3.0,5.0,8.0,M,,,,1.6,0.2,7,1.2,nan,7,,,,1.2,0.1,7
2014p965741,2014-12-24T07:46:47Z,-43.58,1.6,172.71,2.0,14.0,3.0,M,,,,3.4,0.3,18,3.2,nan,18,,,,3.2,0.2,18
2014p965765,2014-12-24T08:00:00Z,-43.59,1.1,172.71,1.0,14.0,3.0,M,,,,2.5,0.1,8,2.4,nan,8,,,,2.4,0.2,8
2014p965859,2014-12-24T08:49:52Z,-38.87,26.5,176.79,5.2,15.0,13.0,M,,,,2.9,0.3,8,2.7,nan,8,,,,2.7,0.3,8
2014p966194,2014-12-24T11:48:27Z,-45.13,3.7,167.37,4.9,5.0,0.0,M,,,,2.9,0.1,9,2.8,nan,9,,,,2.8,0.2,9
2014p966256,2014-12-24T12:21:34Z,-39.27,3.4,175.46,5.2,29.0,3.0,M,,,,1.2,0.3,6,0.8,nan,6,,,,0.8,0.3,6
2014p966799,2014-12-24T17:10:46Z,-41.66,5.0,174.5,5.4,5.0,0.0,M,,,,2.1,0.3,7,2.0,nan,7,,,,2.0,0.3,7
2014p966929,2014-12-24T18:20:20Z,-39.09,0.7,175.28,0.8,9.0,2.0,M,,,,3.0,0.2,51,2.7,nan,53,,,,2.7,0.2,53
2014p966942,2014-12-24T18:26:43Z,-39.12,0.7,175.3,1.2,15.0,1.0,M,,,,1.4,0.3,11,1.1,nan,11,,,,1.1,0.3,11
2014p966953,2014-12-24T18:32:36Z,-43.66,1.5,172.55,1.8,15.0,3.0,M,,,,2.4,0.2,7,2.4,nan,7,,,,2.4,0.3,7
2014p967139,2014-12-24T20:11:53Z,-39.3,3.1,175.6,1.4,9.0,1.0,M,,,,1.2,0.7,6,0.9,nan,6,,,,0.9,0.8,6
2014p967163,2014-12-24T20:24:39Z,-39.88,2.3,173.78,4.0,195.0,5.0,M,,,,2.8,0.4,6,2.7,nan,41,,,,2.7,0.2,41
2014p967202,2014-12-24T20:45:15Z,-39.5,2.6,175.68,1.0,21.0,1.0,M,,,,1.0,0.4,7,0.9,nan,7,,,,0.9,0.3,7
2014p967295,2014-12-24T21:35:11Z,-39.36,5.3,175.55,5.7,23.0,5.0,M,,,,1.1,0.3,7,0.8,nan,7,,,,0.8,0.3,7
2014p967444,2014-12-24T22:54:21Z,-39.1,0.8,175.29,1.0,9.0,2.0,M,,,,2.3,0.2,23,2.1,nan,23,,,,2.1,0.3,23
2014p967506,2014-12-24T23:27:28Z,-43.62,1.8,172.46,1.4,8.0,2.0,M,,,,3.1,0.2,6,2.9,nan,6,,,,2.9,0.2,6
2014p967779,2014-12-25T01:53:00Z,-38.27,5.4,178.47,7.9,16.0,9.0,M,,,,1.9,0.3,6,1.5,nan,6,,,,1.5,0.3,6
2014p967839,2014-12-25T02:24:41Z,-37.72,6.2,179.84,4.5,33.0,0.0,M,5.9,nan,1,5.3,0.3,19,5.0,nan,19,5.5,0.4,1,5.0,0.2,19
2014p967853,2014-12-25T02:32:14Z,-46.33,25.4,166.58,13.4,14.0,14.0,M,,,,3.6,0.2,12,3.7,nan,14,,,,3.7,0.3,14
2014p967919,2014-12-25T03:07:36Z,-38.39,1.8,177.16,1.3,39.0,3.0,M,,,,2.6,0.2,27,2.3,nan,27,,,,2.3,0.2,27
2014p967940,2014-12-25T03:19:09Z,-38.9,2.4,177.6,2.7,22.0,3.0,M,,,,3.6,0.3,40,3.3,nan,40,,,,3.3,0.2,40
2014p968028,2014-12-25T04:05:22Z,-39.28,1.2,177.46,2.3,32.0,3.0,M,,,,3.9,0.3,39,3.6,nan,39,,,,3.6,0.2,39
2014p968470,2014-12-25T08:01:09Z,-39.27,1.3,174.83,1.4,25.0,3.0,M,,,,2.0,0.2,12,1.8,nan,12,,,,1.8,0.2,12
2014p968625,2014-12-25T09:23:40Z,-39.3,1.9,175.6,2.6,31.0,4.0,M,,,,1.1,0.1,7,0.7,nan,7,,,,0.7,0.2,7
2014p968799,2014-12-25T10:56:40Z,-39.33,1.9,175.73,4.2,31.0,3.0,M,,,,1.2,0.1,6,0.8,nan,6,,,,0.8,0.2,6
2014p969203,2014-12-25T14:31:27Z,-38.15,0.8,176.68,0.8,12.0,1.0,M,,,,1.6,0.2,7,1.4,nan,7,,,,1.4,0.1,7
2014p969417,2014-12-25T16:25:31Z,-41.78,1.3,172.26,1.9,16.0,4.0,M,,,,3.5,0.2,12,3.2,nan,12,,,,3.2,0.1,12
2014p969631,2014-12-25T18:19:16Z,-36.17,12.4,177.37,21.7,292.0,19.0,M,,,,,,,2.8,nan,11,,,,2.8,0.1,11
2014p969795,2014-12-25T19:47:14Z,-39.19,5.5,175.7,3.8,35.0,4.0,M,,,,1.0,0.3,6,0.6,nan,6,,,,0.6,0.3,6
2014p969996,2014-12-25T21:34:23Z,-45.36,4.8,166.8,5.4,12.0,0.0,M,,,,3.8,0.2,8,3.7,nan,20,,,,3.7,0.2,20
2014p970054,2014-12-25T22:04:53Z,-39.15,0.9,175.27,1.7,17.0,2.0,M,,,,1.5,0.2,13,1.3,nan,13,,,,1.3,0.2,13
2014p970125,2014-12-25T22:43:14Z,-39.34,2.3,175.72,4.5,28.0,3.0,M,,,,1.1,0.2,6,0.8,nan,6,,,,0.8,0.4,6
2014p970429,2014-12-26T01:25:08Z,-39.49,1.1,175.7,0.9,14.0,2.0,M,,,,2.6,0.3,23,2.5,nan,23,,,,2.5,0.2,23
2014p970522,2014-12-26T02:14:29Z,-40.53,2.7,173.51,3.7,163.0,7.0,M,,,,,,,3.4,nan,18,,,,3.4,0.2,18
2014p971154,2014-12-26T07:51:19Z,-40.32,14.3,176.07,11.6,0.0,0.0,M,,,,2.6,0.3,12,2.2,nan,12,,,,2.2,0.2,12
2014p971414,2014-12-26T10:09:23Z,-39.26,0.9,174.45,1.4,17.0,2.0,M,,,,2.2,0.4,12,2.0,nan,12,,,,2.0,0.4,12
2014p971476,2014-12-26T10:42:52Z,-39.21,1.1,174.41,2.1,24.0,3.0,M,,,,2.1,0.3,9,1.8,nan,9,,,,1.8,0.3,9
2014p971511,2014-12-26T11:01:24Z,-36.38,10.2,179.98,12.3,33.0,0.0,M,,,,4.0,0.2,18,3.8,nan,18,,,,3.8,0.1,18
2014p971530,2014-12-26T11:11:19Z,-39.21,1.1,174.41,1.3,25.0,2.0,M,,,,2.6,0.2,25,2.3,nan,25,,,,2.3,0.2,25
2014p971585,2014-12-26T11:40:59Z,-38.82,0.5,175.99,0.7,11.0,2.0,M,,,,1.7,0.2,14,1.4,nan,14,,,,1.4,0.1,14
2014p971791,2014-12-26T13:30:44Z,-35.64,9.3,-179.84,11.2,196.0,21.0,M,,,,3.8,0.2,14,3.6,nan,15,,,,3.6,0.1,15
2014p972040,2014-12-26T15:43:11Z,-37.9,2.4,176.12,2.0,193.0,5.0,M,,,,,,,2.7,nan,49,,,,2.7,0.4,49
2014p972395,2014-12-26T18:52:18Z,-39.29,31.2,175.37,18.2,16.0,18.0,M,,,,1.1,0.2,7,1.0,nan,7,,,,1.0,0.2,7
2014p972531,2014-12-26T20:05:09Z,-42.51,4.7,176.12,4.6,33.0,0.0,M,,,,4.2,0.2,33,3.9,nan,33,,,,3.9,0.2,33
2014p972546,2014-12-26T20:12:35Z,-39.76,1.4,174.53,1.7,125.0,3.0,M,,,,3.3,0.2,7,2.9,nan,49,,,,2.9,0.2,49
2014p972573,2014-12-26T20:27:01Z,-40.16,2.3,173.59,3.7,199.0,5.0,M,,,,,,,2.9,nan,31,,,,2.9,0.2,31
2014p972748,2014-12-26T22:00:32Z,-44.3,5.8,167.81,5.2,5.0,0.0,M,,,,3.0,0.2,6,3.0,nan,6,,,,3.0,0.1,6
2014p973282,2014-12-27T02:45:01Z,-38.92,4.7,175.85,3.2,4.0,4.0,M,,,,1.5,0.3,8,1.2,nan,8,,,,1.2,0.3,8
2014p973297,2014-12-27T02:52:54Z,-39.5,1.9,175.67,0.6,18.0,1.0,M,,,,1.3,0.2,13,1.3,nan,13,,,,1.3,0.1,13
2014p973347,2014-12-27T03:19:31Z,-38.79,5.6,175.96,4.9,109.0,9.0,M,,,,,,,2.3,nan,32,,,,2.3,0.3,32
2014p973449,2014-12-27T04:14:01Z,-37.57,9.6,179.9,5.6,33.0,0.0,M,,,,3.4,0.2,14,3.1,nan,14,,,,3.1,0.1,14
2014p973479,2014-12-27T04:30:30Z,-38.96,7.4,175.91,6.4,19.0,8.0,M,,,,1.4,0.3,8,1.2,nan,9,,,,1.2,0.3,9
2014p973509,2014-12-27T04:45:50Z,-38.92,3.1,175.85,2.2,1.0,2.0,M,,,,2.6,0.2,24,2.4,nan,24,,,,2.4,0.2,24
2014p973513,2014-12-27T04:47:50Z,-38.93,5.9,175.84,4.4,4.0,4.0,M,,,,1.6,0.2,10,1.3,nan,10,,,,1.3,0.2,10
2014p973517,2014-12-27T04:50:03Z,-38.93,5.3,175.83,4.1,4.0,4.0,M,,,,1.6,0.3,13,1.4,nan,13,,,,1.4,0.3,13
2014p973525,2014-12-27T04:54:30Z,-38.93,5.9,175.84,4.5,5.0,4.0,M,,,,1.5,0.3,11,1.3,nan,11,,,,1.3,0.2,11
2014p973553,2014-12-27T05:09:27Z,-38.92,5.3,175.85,4.5,4.0,4.0,M,,,,1.5,0.2,10,1.2,nan,10,,,,1.2,0.2,10
2014p973598,2014-12-27T05:33:25Z,-38.93,0.6,175.86,0.9,11.0,2.0,M,,,,1.9,0.3,11,1.6,nan,11,,,,1.6,0.2,11
2014p973611,2014-12-27T05:40:04Z,-38.93,0.8,175.84,1.0,11.0,1.0,M,,,,1.7,0.3,13,2.0,nan,13,,,,2.0,0.2,13
2014p973613,2014-12-27T05:41:20Z,-38.93,0.7,175.85,1.0,11.0,1.0,M,,,,2.3,0.3,15,2.0,nan,15,,,,2.0,0.2,15
2014p973719,2014-12-27T06:37:54Z,-38.93,1.2,175.84,1.0,9.0,1.0,M,,,,1.4,0.3,6,1.2,nan,6,,,,1.2,0.3,6
2014p973739,2014-12-27T06:48:17Z,-38.93,4.1,175.87,2.5,11.0,3.0,M,,,,1.2,0.3,7,0.9,nan,7,,,,0.9,0.3,7
2014p973837,2014-12-27T07:40:22Z,-38.93,0.9,175.86,0.8,10.0,1.0,M,,,,1.6,0.2,12,1.3,nan,12,,,,1.3,0.2,12
2014p973895,2014-12-27T08:11:44Z,-38.93,0.6,175.85,1.0,11.0,2.0,M,,,,1.7,0.3,12,1.4,nan,12,,,,1.4,0.2,12
2014p974048,2014-12-27T09:32:55Z,-38.93,1.0,175.86,1.0,10.0,1.0,M,,,,1.6,0.3,10,1.6,nan,10,,,,1.6,0.2,10
2014p974049,2014-12-27T09:33:51Z,-40.47,2.9,173.34,2.9,176.0,6.0,M,,,,,,,3.5,nan,25,,,,3.5,0.1,25
2014p974324,2014-12-27T12:00:06Z,-40.37,1.6,174.43,1.7,67.0,6.0,M,,,,3.3,0.2,38,3.0,nan,38,,,,3.0,0.2,38
2014p974424,2014-12-27T12:53:31Z,-38.94,1.2,175.87,1.0,11.0,1.0,M,,,,1.6,0.2,11,1.4,nan,11,,,,1.4,0.2,11
2014p974431,2014-12-27T12:57:15Z,-39.14,3.9,175.88,6.7,21.0,12.0,M,,,,1.1,0.2,6,0.9,nan,6,,,,0.9,0.1,6
2014p974454,2014-12-27T13:09:34Z,-38.93,1.1,175.88,1.1,12.0,1.0,M,,,,1.4,0.2,8,1.1,nan,8,,,,1.1,0.2,8
2014p974626,2014-12-27T14:41:06Z,-38.18,5.0,178.47,3.4,12.0,3.0,M,,,,2.2,0.2,10,2.0,nan,10,,,,2.0,0.2,10
2014p974667,2014-12-27T15:03:06Z,-39.15,1.3,174.88,1.1,32.0,3.0,M,,,,2.0,0.2,16,1.8,nan,16,,,,1.8,0.2,16
2014p974892,2014-12-27T17:02:45Z,-37.16,4.7,177.25,3.3,180.0,5.0,M,,,,2.9,0.3,8,2.7,nan,19,,,,2.7,0.2,19
2014p975037,2014-12-27T18:19:50Z,-37.64,3.0,176.32,2.2,217.0,6.0,M,,,,2.4,0.8,7,2.8,nan,48,,,,2.8,0.3,48
2014p975602,2014-12-27T23:21:15Z,-38.88,1.5,176.04,3.0,85.0,5.0,M,,,,2.0,0.2,18,1.8,nan,18,,,,1.8,0.3,18
2014p975959,2014-12-28T02:31:20Z,-40.9,0.6,175.51,0.8,26.0,2.0,M,,,,3.5,0.2,18,3.2,nan,18,,,,3.2,0.2,18
2014p975978,2014-12-28T02:41:31Z,-39.5,1.7,177.08,2.5,19.0,4.0,M,,,,2.8,0.2,33,2.6,nan,33,,,,2.6,0.2,33
2014p976105,2014-12-28T03:48:43Z,-43.21,1.4,172.23,1.4,6.0,2.0,M,,,,2.5,0.2,10,2.5,nan,10,,,,2.5,0.2,10
2014p976266,2014-12-28T05:14:45Z,-39.11,0.8,175.3,0.9,15.0,1.0,M,,,,2.0,0.3,18,1.7,nan,18,,,,1.7,0.3,18
2014p976282,2014-12-28T05:23:31Z,-39.45,3.6,175.76,1.0,17.0,2.0,M,,,,1.1,0.3,9,1.0,nan,8,,,,1.0,0.3,8
2014p976680,2014-12-28T08:55:30Z,-43.76,3.4,169.97,4.2,5.0,0.0,M,,,,2.6,0.2,6,2.6,nan,6,,,,2.6,0.2,6
2014p976768,2014-12-28T09:42:06Z,-45.16,2.4,167.47,3.7,121.0,4.0,M,,,,,,,3.2,nan,12,,,,3.2,0.2,12
2014p977050,2014-12-28T12:12:33Z,-39.24,2.5,174.94,3.6,27.0,9.0,M,,,,1.8,0.3,7,1.6,nan,7,,,,1.6,0.2,7
2014p977052,2014-12-28T12:13:18Z,-45.93,2.4,167.03,3.4,80.0,4.0,M,,,,3.3,0.2,8,3.1,nan,8,,,,3.1,0.1,8
2014p977140,2014-12-28T13:00:28Z,-41.33,2.3,173.02,3.6,103.0,3.0,M,,,,,,,2.7,nan,18,,,,2.7,0.2,18
2014p977253,2014-12-28T14:00:29Z,-38.04,1.0,175.9,0.8,14.0,2.0,M,,,,2.0,0.2,12,1.7,nan,12,,,,1.7,0.2,12
2014p977403,2014-12-28T15:20:56Z,-39.45,3.5,175.79,0.6,17.0,1.0,M,,,,1.3,0.5,4,1.2,nan,4,,,,1.2,0.6,4
2014p977479,2014-12-28T16:01:17Z,-38.09,1.5,176.65,0.9,11.0,2.0,M,,,,1.6,0.2,7,1.4,nan,7,,,,1.4,0.2,7
2014p977511,2014-12-28T16:18:10Z,-38.98,1.2,173.97,1.7,5.0,2.0,M,,,,2.0,0.3,6,1.8,nan,6,,,,1.8,0.3,6
2014p977593,2014-12-28T17:01:39Z,-38.61,145.6,176.11,176.7,5.0,218.0,M,,,,2.1,0.4,6,1.8,nan,6,,,,1.8,0.4,6
2014p977824,2014-12-28T19:05:10Z,-39.48,1.0,175.69,0.8,19.0,1.0,M,,,,1.9,0.2,18,1.7,nan,18,,,,1.7,0.2,18
2014p978067,2014-12-28T21:14:12Z,-42.34,1.7,172.07,2.7,5.0,4.0,M,,,,3.0,0.2,15,2.8,nan,15,,,,2.8,0.2,15
2014p978271,2014-12-28T23:03:11Z,-41.4,1.9,173.59,2.3,88.0,3.0,M,,,,3.2,0.3,18,2.9,nan,18,,,,2.9,0.2,18
2014p978508,2014-12-29T01:09:08Z,-39.77,1.0,175.24,0.9,71.0,2.0,M,,,,3.6,0.2,43,3.3,nan,43,,,,3.3,0.2,43
2014p978545,2014-12-29T01:28:47Z,-43.53,0.9,172.61,1.1,14.0,3.0,M,,,,2.7,0.2,8,2.5,nan,8,,,,2.5,0.2,8
2014p978549,2014-12-29T01:31:03Z,-38.92,1.1,175.86,2.2,12.0,2.0,M,,,,1.5,0.2,9,1.2,nan,9,,,,1.2,0.2,9
2014p978657,2014-12-29T02:29:12Z,-38.93,1.1,175.87,1.3,12.0,2.0,M,,,,1.5,0.2,8,1.1,nan,9,,,,1.1,0.2,9
2014p978748,2014-12-29T03:17:13Z,-38.1,4.0,176.72,3.3,5.0,5.0,M,,,,1.9,0.3,10,1.8,nan,10,,,,1.8,0.2,10
2014p978783,2014-12-29T03:36:01Z,-35.51,6.9,177.27,10.6,33.0,0.0,M,,,,3.6,0.4,14,3.4,nan,14,,,,3.4,0.4,14
2014p978948,2014-12-29T05:03:58Z,-37.22,8.7,179.09,10.7,33.0,0.0,M,,,,3.2,0.3,6,2.8,nan,6,,,,2.8,0.2,6
2014p979735,2014-12-29T12:02:51Z,-36.09,13.2,178.25,15.8,189.0,13.0,M,4.2,0.0,2,,,,3.2,nan,21,3.2,0.4,2,3.2,0.4,21
2014p980086,2014-12-29T15:10:14Z,-40.82,1.7,175.19,3.2,75.0,5.0,M,,,,3.1,0.2,47,2.9,nan,47,,,,2.9,0.2,47
2014p980733,2014-12-29T20:55:00Z,-38.91,1.8,175.84,1.5,10.0,1.0,M,,,,1.4,0.2,7,1.1,nan,7,,,,1.1,0.2,7
2014p981100,2014-12-30T00:10:44Z,-39.22,2.8,175.47,3.2,17.0,3.0,M,,,,0.7,0.3,4,0.4,nan,4,,,,0.4,0.2,4
2014p981220,2014-12-30T01:14:18Z,-38.66,1.2,176.07,1.6,6.0,1.0,M,,,,2.2,0.4,9,2.0,nan,9,,,,2.0,0.4,9
2014p981238,2014-12-30T01:23:36Z,-35.85,7.5,178.48,14.8,33.0,0.0,M,,,,4.0,0.2,17,3.8,nan,17,,,,3.8,0.2,17
2014p981390,2014-12-30T02:44:36Z,-40.63,0.7,175.85,1.2,28.0,1.0,M,,,,3.4,0.2,13,3.0,nan,13,,,,3.0,0.2,13
2014p981515,2014-12-30T03:51:27Z,-39.47,41.8,175.73,28.3,16.0,19.0,M,,,,1.2,0.4,7,1.0,nan,7,,,,1.0,0.3,7
2014p981751,2014-12-30T05:57:25Z,-38.82,3.0,175.95,4.8,7.0,5.0,M,,,,1.6,0.2,10,1.4,nan,10,,,,1.4,0.2,10
2014p981919,2014-12-30T07:26:54Z,-44.72,5.7,167.77,5.8,2.0,4.0,M,,,,3.2,0.1,9,3.1,nan,9,,,,3.1,0.2,9
2014p981982,2014-12-30T08:00:08Z,-39.14,3.4,175.64,4.2,1.0,0.0,M,,,,2.1,0.3,12,1.9,nan,12,,,,1.9,0.3,12
2014p982124,2014-12-30T09:16:06Z,-37.95,1.4,177.21,1.2,66.0,3.0,M,,,,3.3,0.3,48,3.0,nan,48,,,,3.0,0.3,48
2014p982175,2014-12-30T09:43:07Z,-48.8,11.3,164.88,14.6,33.0,0.0,M,4.3,nan,1,4.7,0.2,19,4.7,nan,19,3.4,0.4,1,4.7,0.2,19
2014p982459,2014-12-30T12:14:15Z,-39.13,7.1,174.61,3.2,23.0,5.0,M,,,,2.4,0.2,19,2.1,nan,19,,,,2.1,0.2,19
2014p982592,2014-12-30T13:25:04Z,-43.2,3.6,172.02,2.9,8.0,11.0,M,,,,2.9,0.2,10,2.8,nan,10,,,,2.8,0.2,10
2014p982910,2014-12-30T16:14:27Z,-38.93,0.8,175.85,1.1,11.0,1.0,M,,,,1.5,0.2,7,1.2,nan,7,,,,1.2,0.2,7
2014p983664,2014-12-30T22:57:17Z,-40.47,8.2,173.29,13.4,223.0,9.0,M,,,,,,,2.3,nan,7,,,,2.3,0.2,7
2014p984557,2014-12-31T06:51:58Z,-36.85,6.4,177.48,4.4,173.0,8.0,M,,,,,,,3.2,nan,35,,,,3.2,0.3,35
2014p984696,2014-12-31T08:06:26Z,-40.51,2.7,173.72,3.5,124.0,5.0,M,,,,,,,2.8,nan,17,,,,2.8,0.3,17
2014p985053,2014-12-31T11:16:43Z,-39.68,2.2,173.51,6.2,14.0,5.0,M,,,,2.8,0.2,6,2.6,nan,6,,,,2.6,0.3,6
2014p985282,2014-12-31T13:18:23Z,-41.74,1.0,174.04,1.0,11.0,2.0,M,,,,2.6,0.2,12,2.4,nan,12,,,,2.4,0.3,12
2014p985394,2014-12-31T14:18:03Z,-46.95,15.1,165.26,9.9,5.0,0.0,M,,,,4.2,0.4,11,4.2,nan,12,,,,4.2,0.4,12
2014p985553,2014-12-31T15:42:56Z,-38.79,0.4,175.99,0.8,11.0,1.0,M,,,,2.3,0.2,24,2.1,nan,24,,,,2.1,0.2,24
2014p985691,2014-12-31T16:57:13Z,-38.98,1.2,177.28,1.7,58.0,3.0,M,,,,4.1,0.2,10,3.8,nan,10,,,,3.8,0.2,10
2014p985926,2014-12-31T19:01:53Z,-38.65,0.5,176.08,0.7,9.0,1.0,M,,,,2.3,0.3,10,1.9,nan,10,,,,1.9,0.2,10
2014p985936,2014-12-31T19:06:48Z,-38.28,0.6,176.46,0.9,10.0,1.0,M,,,,1.6,0.4,6,1.4,nan,6,,,,1.4,0.4,6
2014p986441,2014-12-31T23:35:54Z,-39.26,1.0,174.49,1.2,31.0,2.0,M,,,,2.3,0.3,8,2.0,nan,8,,,,2.0,0.4,8
