PublicID,UTCTime,Latitude,LatitudeUncertainty,Longitude,LongitudeUncertainty,Depth,DepthUncertainty,PreferredMag,Mw,Mw_Uncertainty,Mw_StationCount,ML,ML_Uncertainty,ML_StationCount
1151053,1997-07-01T00:48:53Z,-42.58,0.0,172.47,0.0,12.0,0.0,ML,,,,2.5,0.3,3
1150921,1997-07-01T01:37:19Z,-39.28,0.0,175.56,0.0,0.0,0.0,ML,,,,1.5,0.0,2
1151865,1997-07-01T02:34:40Z,-41.1,0.0,175.79,0.0,31.0,1.0,ML,,,,2.2,0.1,4
1150874,1997-07-01T02:58:24Z,-41.12,0.0,174.51,0.0,43.0,1.0,ML,,,,4.3,0.4,9
1153244,1997-07-01T03:24:35Z,-41.1,0.0,174.51,0.0,33.0,1.0,ML,,,,2.3,0.2,5
1153245,1997-07-01T04:15:12Z,-41.33,0.0,174.79,0.0,28.0,1.0,ML,,,,2.1,0.1,6
1152830,1997-07-01T07:10:37Z,-39.28,0.0,175.56,0.0,0.0,0.0,ML,,,,1.6,0.0,2
1152831,1997-07-01T08:06:53Z,-39.67,0.0,175.49,0.1,12.0,0.0,ML,,,,3.0,0.1,4
1150875,1997-07-01T08:16:01Z,-40.86,0.0,175.09,0.0,30.0,1.0,ML,,,,2.8,0.2,13
1151055,1997-07-01T08:19:48Z,-42.96,0.0,173.97,0.0,12.0,0.0,ML,,,,2.4,0.2,3
1152832,1997-07-01T09:54:28Z,-39.44,0.0,175.68,0.1,12.0,0.0,ML,,,,2.6,0.1,3
1151002,1997-07-01T11:00:39Z,-45.87,0.0,166.95,0.0,87.0,1.0,ML,,,,2.8,0.2,5
1152841,1997-07-01T12:25:44Z,-39.32,0.0,175.9,0.0,12.0,0.0,ML,,,,2.6,0.1,3
1151104,1997-07-01T13:40:40Z,-47.33,0.0,165.69,0.1,12.0,0.0,ML,,,,2.9,0.1,4
1150929,1997-07-01T14:55:07Z,-43.32,0.0,170.84,0.0,5.0,0.0,ML,,,,2.5,0.3,6
1153247,1997-07-01T18:23:23Z,-40.9,0.0,176.55,0.1,12.0,0.0,ML,,,,2.6,0.3,7
1152276,1997-07-01T18:28:54Z,-37.39,0.1,177.6,0.1,176.0,20.0,ML,,,,3.7,0.3,2
1153390,1997-07-01T19:08:34Z,-40.88,0.0,176.53,0.1,12.0,0.0,ML,,,,2.9,0.2,7
1149388,1997-07-01T19:36:28Z,-37.33,0.0,177.13,0.0,5.0,0.0,ML,,,,3.9,0.1,3
1153248,1997-07-01T21:06:01Z,-40.83,0.0,175.8,0.0,29.0,1.0,ML,,,,2.2,0.3,7
1159311,1997-07-01T21:06:36Z,-40.84,0.0,175.79,0.0,26.0,3.0,ML,,,,2.3,0.3,6
1152510,1997-07-01T21:23:03Z,-39.02,0.0,175.87,0.2,0.0,0.0,ML,,,,2.9,0.3,3
1150933,1997-07-01T23:51:30Z,-44.28,0.0,167.65,0.0,12.0,0.0,ML,,,,3.1,0.3,7
1152688,1997-07-02T01:30:38Z,-41.41,0.0,173.36,0.0,103.0,2.0,ML,,,,3.4,0.2,7
1150877,1997-07-02T01:56:35Z,-38.63,0.0,175.69,0.0,184.0,5.0,ML,,,,3.9,0.3,9
1150937,1997-07-02T02:29:16Z,-45.23,0.0,166.95,0.0,42.0,4.0,ML,,,,2.8,0.2,6
1152690,1997-07-02T02:42:18Z,-43.82,0.0,171.71,0.0,12.0,0.0,ML,,,,2.9,0.3,6
1150878,1997-07-02T03:39:52Z,-41.1,0.0,174.49,0.0,37.0,1.0,ML,,,,3.6,0.2,9
1153251,1997-07-02T04:47:59Z,-41.31,0.0,174.16,0.0,18.0,4.0,ML,,,,2.3,0.2,6
1152613,1997-07-02T05:59:53Z,-44.77,0.0,167.39,0.0,5.0,0.0,ML,,,,2.5,0.2,5
1150880,1997-07-02T06:48:28Z,-39.74,0.0,174.48,0.0,110.0,6.0,ML,,,,3.2,0.2,8
1152547,1997-07-02T09:01:23Z,-43.09,0.0,171.11,0.0,5.0,0.0,ML,,,,2.1,0.0,2
1150938,1997-07-02T10:09:19Z,-43.4,0.0,170.66,0.0,5.0,0.0,ML,,,,2.4,0.3,4
1152846,1997-07-02T10:44:06Z,-39.26,0.0,175.55,0.0,5.0,0.0,ML,,,,2.0,0.1,4
1153253,1997-07-02T11:06:35Z,-40.37,0.0,174.36,0.0,28.0,4.0,ML,,,,2.1,0.3,6
1152847,1997-07-02T13:06:51Z,-39.28,0.0,175.56,0.0,0.0,0.0,ML,,,,1.6,0.2,4
1150939,1997-07-02T13:44:56Z,-42.99,0.0,171.88,0.0,12.0,0.0,ML,,,,3.2,0.2,5
1152849,1997-07-02T15:05:12Z,-39.28,0.0,175.56,0.0,0.0,0.0,ML,,,,1.6,0.3,4
1150942,1997-07-02T15:36:22Z,-43.0,0.0,171.39,0.0,5.0,0.0,ML,,,,2.8,0.2,5
1152548,1997-07-02T15:44:31Z,-42.95,0.0,171.38,0.0,12.0,0.0,ML,,,,2.8,0.5,3
1152850,1997-07-02T15:55:04Z,-39.28,0.0,175.56,0.0,0.0,0.0,ML,,,,1.4,0.1,2
1152851,1997-07-02T16:26:32Z,-39.28,0.0,175.56,0.0,0.0,0.0,ML,,,,1.5,0.3,4
1149391,1997-07-02T16:45:06Z,-36.91,0.1,177.45,0.0,177.0,8.0,ML,,,,3.9,0.4,3
1150881,1997-07-02T16:49:09Z,-40.03,0.0,175.11,0.0,24.0,2.0,ML,,,,2.7,0.3,5
1152852,1997-07-02T17:17:32Z,-39.28,0.0,175.56,0.0,0.0,0.0,ML,,,,1.8,0.2,4
1152853,1997-07-02T18:43:47Z,-39.28,0.0,175.56,0.0,0.0,0.0,ML,,,,1.5,0.2,4
1152854,1997-07-02T19:10:56Z,-40.55,0.0,175.02,0.0,5.0,0.0,ML,,,,2.5,0.4,7
1152743,1997-07-02T19:13:14Z,-39.21,0.0,175.28,0.0,5.0,0.0,ML,,,,2.2,0.2,4
1152016,1997-07-02T19:47:02Z,-45.08,0.0,167.45,0.0,5.0,0.0,ML,,,,2.3,0.2,3
1151886,1997-07-02T20:02:37Z,-39.28,0.0,175.56,0.0,0.0,0.0,ML,,,,1.3,0.2,3
1152550,1997-07-02T20:11:03Z,-39.28,0.0,175.56,0.0,0.0,0.0,ML,,,,1.7,0.2,4
1150947,1997-07-02T20:29:12Z,-45.93,0.0,168.24,0.0,12.0,2.0,ML,,,,4.0,0.3,7
1152855,1997-07-02T20:48:09Z,-39.28,0.0,175.56,0.0,0.0,0.0,ML,,,,1.3,0.3,3
1152023,1997-07-02T21:27:49Z,-39.28,0.0,175.56,0.0,0.0,0.0,ML,,,,1.4,0.3,4
1150949,1997-07-02T22:02:34Z,-39.28,0.0,175.56,0.0,0.0,0.0,ML,,,,1.5,0.1,4
1150950,1997-07-02T22:12:28Z,-44.89,0.0,167.58,0.0,66.0,4.0,ML,,,,2.6,0.2,3
1152856,1997-07-02T22:20:46Z,-39.9,0.0,176.22,0.1,33.0,0.0,ML,,,,2.7,0.2,4
1152857,1997-07-02T22:52:05Z,-39.28,0.0,175.56,0.0,0.0,0.0,ML,,,,1.5,0.1,4
1152858,1997-07-02T23:33:42Z,-39.28,0.0,175.56,0.0,0.0,0.0,ML,,,,1.5,0.1,4
1152860,1997-07-03T00:12:58Z,-39.28,0.0,175.56,0.0,0.0,0.0,ML,,,,1.6,0.2,4
1152735,1997-07-03T00:22:05Z,-39.28,0.0,175.56,0.0,0.0,0.0,ML,,,,1.5,0.1,4
1152861,1997-07-03T00:59:23Z,-39.28,0.0,175.56,0.0,0.0,0.0,ML,,,,1.6,0.2,4
1152862,1997-07-03T01:33:14Z,-39.28,0.0,175.56,0.0,0.0,0.0,ML,,,,1.3,0.2,4
1152863,1997-07-03T01:37:58Z,-39.22,0.0,173.77,0.1,18.0,3.0,ML,,,,3.0,0.3,6
1152864,1997-07-03T02:05:58Z,-39.28,0.0,175.56,0.0,0.0,0.0,ML,,,,1.6,0.3,4
1150882,1997-07-03T02:13:31Z,-38.98,0.0,175.6,0.0,116.0,3.0,ML,,,,4.1,0.3,13
1152865,1997-07-03T02:17:22Z,-39.28,0.0,175.56,0.0,0.0,0.0,ML,,,,1.6,0.2,4
1152623,1997-07-03T02:27:02Z,-47.32,0.1,166.07,0.1,33.0,0.0,ML,,,,2.9,0.3,4
1153268,1997-07-03T02:59:55Z,-41.12,0.0,174.49,0.0,35.0,1.0,ML,,,,2.3,0.2,5
1152628,1997-07-03T03:03:44Z,-39.18,0.0,175.34,0.0,12.0,0.0,ML,,,,2.1,0.2,3
1152866,1997-07-03T03:24:22Z,-39.28,0.0,175.56,0.0,0.0,0.0,ML,,,,1.2,0.1,4
1152867,1997-07-03T04:39:25Z,-39.28,0.0,175.56,0.0,0.0,0.0,ML,,,,1.7,0.3,3
1150957,1997-07-03T05:28:56Z,-39.28,0.0,175.56,0.0,0.0,0.0,ML,,,,1.5,0.2,4
1151515,1997-07-03T05:58:10Z,-38.76,0.0,175.82,0.0,12.0,0.0,ML,,,,1.9,0.2,3
1152551,1997-07-03T06:00:31Z,-41.1,0.0,174.51,0.0,36.0,2.0,ML,,,,3.1,0.2,9
1152868,1997-07-03T06:08:29Z,-39.28,0.0,175.56,0.0,0.0,0.0,ML,,,,1.6,0.1,3
1152869,1997-07-03T06:45:57Z,-39.34,0.0,174.7,0.0,12.0,0.0,ML,,,,2.4,0.1,3
1152870,1997-07-03T06:47:47Z,-39.28,0.0,175.56,0.0,0.0,0.0,ML,,,,1.5,0.1,3
1152871,1997-07-03T07:12:11Z,-39.28,0.0,175.56,0.0,0.0,0.0,ML,,,,1.3,0.1,3
1152872,1997-07-03T07:22:11Z,-39.28,0.0,175.56,0.0,0.0,0.0,ML,,,,1.6,0.2,4
1152874,1997-07-03T08:54:35Z,-39.28,0.0,175.56,0.0,0.0,0.0,ML,,,,1.6,0.1,4
1152875,1997-07-03T08:58:06Z,-39.28,0.0,175.56,0.0,0.0,0.0,ML,,,,1.2,0.2,4
1152876,1997-07-03T09:32:51Z,-39.28,0.0,175.56,0.0,0.0,0.0,ML,,,,1.1,nan,1
1153075,1997-07-03T09:47:31Z,-41.1,0.0,174.5,0.0,35.0,1.0,ML,,,,2.7,0.2,9
1150964,1997-07-03T10:19:01Z,-39.28,0.0,175.56,0.0,0.0,0.0,ML,,,,1.6,0.2,4
1152877,1997-07-03T10:36:17Z,-39.28,0.0,175.56,0.0,0.0,0.0,ML,,,,1.5,0.2,4
1152878,1997-07-03T10:45:52Z,-39.14,0.0,175.61,0.1,0.0,0.0,ML,,,,2.4,0.1,2
1152879,1997-07-03T11:19:50Z,-39.28,0.0,175.56,0.0,0.0,0.0,ML,,,,1.5,0.2,3
1152880,1997-07-03T11:22:44Z,-39.28,0.0,175.56,0.0,0.0,0.0,ML,,,,1.6,0.1,4
1152881,1997-07-03T11:44:00Z,-39.28,0.0,175.56,0.0,0.0,0.0,ML,,,,1.6,0.2,4
1152694,1997-07-03T12:23:56Z,-39.28,0.0,175.56,0.0,0.0,0.0,ML,,,,1.3,0.1,4
1152749,1997-07-03T13:14:59Z,-39.68,0.0,175.14,0.0,33.0,0.0,ML,,,,3.0,0.5,3
1152883,1997-07-03T13:23:19Z,-39.28,0.0,175.56,0.0,0.0,0.0,ML,,,,1.3,0.1,4
1152695,1997-07-03T14:02:08Z,-41.77,0.0,174.55,0.0,29.0,2.0,ML,,,,3.1,0.2,9
1152031,1997-07-03T14:34:22Z,-41.1,0.0,174.51,0.0,35.0,1.0,ML,,,,2.4,0.2,7
1151516,1997-07-03T14:55:25Z,-38.78,0.0,177.59,0.0,33.0,0.0,ML,,,,3.5,0.3,14
1152884,1997-07-03T17:35:27Z,-39.28,0.0,175.56,0.0,0.0,0.0,ML,,,,1.6,0.2,4
1152885,1997-07-03T18:33:04Z,-39.28,0.0,175.56,0.0,0.0,0.0,ML,,,,1.5,0.2,4
1152886,1997-07-03T19:23:32Z,-39.28,0.0,175.56,0.0,0.0,0.0,ML,,,,1.3,0.1,2
1153271,1997-07-03T19:30:11Z,-40.51,0.0,174.92,0.0,41.0,2.0,ML,,,,2.1,0.2,3
1152888,1997-07-03T23:37:15Z,-39.17,0.0,176.66,0.0,33.0,0.0,ML,,,,2.8,0.3,3
1150883,1997-07-04T00:12:29Z,-39.4,0.0,175.0,0.0,23.0,1.0,ML,,,,3.2,0.3,12
1152889,1997-07-04T00:25:31Z,-39.28,0.0,175.56,0.0,0.0,0.0,ML,,,,1.7,0.1,4
1150884,1997-07-04T01:20:27Z,-39.38,0.0,174.97,0.0,12.0,0.0,ML,,,,2.8,0.4,6
1150885,1997-07-04T01:22:56Z,-39.39,0.0,174.98,0.0,12.0,0.0,ML,,,,2.9,0.4,5
1151517,1997-07-04T01:32:23Z,-38.84,0.0,176.03,0.0,5.0,0.0,ML,,,,2.4,0.0,2
1152697,1997-07-04T01:39:06Z,-40.78,0.0,174.48,0.0,61.0,2.0,ML,,,,3.0,0.2,6
1152892,1997-07-04T05:59:03Z,-39.28,0.0,175.56,0.0,0.0,0.0,ML,,,,1.6,0.2,4
1152893,1997-07-04T06:41:26Z,-39.28,0.0,175.56,0.0,0.0,0.0,ML,,,,1.6,0.2,4
1152894,1997-07-04T06:56:03Z,-39.28,0.0,175.56,0.0,0.0,0.0,ML,,,,1.6,0.2,4
1152640,1997-07-04T08:35:10Z,-45.73,0.0,166.91,0.1,12.0,0.0,ML,,,,2.3,0.1,5
1151520,1997-07-04T09:11:58Z,-38.85,0.0,175.95,0.0,5.0,0.0,ML,,,,2.0,0.1,3
1151890,1997-07-04T11:40:34Z,-39.36,0.0,175.0,0.1,26.0,5.0,ML,,,,2.9,0.4,5
1152643,1997-07-04T12:42:52Z,-40.94,0.0,174.12,0.0,60.0,2.0,ML,,,,2.3,0.1,5
1150886,1997-07-04T13:26:00Z,-39.4,0.0,174.97,0.0,20.0,3.0,ML,,,,2.9,0.4,9
1152553,1997-07-04T14:15:59Z,-43.19,0.0,171.46,0.0,12.0,0.0,ML,,,,2.5,0.2,3
1152896,1997-07-04T14:29:17Z,-39.28,0.0,175.56,0.0,0.0,0.0,ML,,,,1.8,0.2,4
1152700,1997-07-04T14:50:59Z,-41.39,0.0,173.42,0.0,115.0,4.0,ML,,,,3.3,0.2,9
1151522,1997-07-04T14:55:28Z,-38.11,0.0,177.0,0.0,66.0,1.0,ML,,,,3.5,nan,1
1152554,1997-07-04T15:00:46Z,-43.47,0.0,171.71,0.0,5.0,0.0,ML,,,,2.5,0.2,3
1152052,1997-07-04T15:06:40Z,-38.4,0.0,178.77,0.0,30.0,3.0,ML,,,,3.5,0.2,5
1152898,1997-07-04T16:41:45Z,-39.5,0.0,175.65,0.0,12.0,0.0,ML,,,,2.2,0.1,3
1152902,1997-07-04T18:35:11Z,-39.28,0.0,175.56,0.0,0.0,0.0,ML,,,,1.5,0.2,4
1150887,1997-07-04T19:51:11Z,-39.4,0.0,175.01,0.0,20.0,3.0,ML,,,,2.9,0.3,9
1152646,1997-07-04T20:13:31Z,-45.11,0.0,167.44,0.0,105.0,4.0,ML,,,,3.3,0.2,6
1150888,1997-07-04T20:33:50Z,-40.87,0.0,174.7,0.0,38.0,2.0,ML,,,,3.2,0.2,11
1149398,1997-07-04T20:57:37Z,-40.23,0.1,173.93,0.0,153.0,3.0,ML,,,,3.0,0.3,4
1152903,1997-07-04T21:54:55Z,-39.28,0.0,175.56,0.0,0.0,0.0,ML,,,,1.6,0.1,4
1152647,1997-07-04T21:56:24Z,-40.36,0.0,174.83,0.0,30.0,2.0,ML,,,,2.2,0.1,2
1153094,1997-07-04T22:29:45Z,-39.21,0.0,174.86,0.0,228.0,3.0,ML,,,,3.4,0.1,8
1152904,1997-07-05T00:38:42Z,-39.28,0.0,175.56,0.0,0.0,0.0,ML,,,,1.5,0.2,4
1152060,1997-07-05T01:32:27Z,-39.25,0.0,175.42,0.0,5.0,0.0,ML,,,,2.5,0.2,4
1152905,1997-07-05T01:57:07Z,-39.28,0.0,175.56,0.0,0.0,0.0,ML,,,,1.5,0.2,4
1152906,1997-07-05T02:08:52Z,-39.43,0.0,175.71,0.0,24.0,1.0,ML,,,,2.0,0.2,3
1159416,1997-07-05T02:31:13Z,-39.28,0.0,175.56,0.0,0.0,0.0,ML,,,,1.5,0.2,4
1152557,1997-07-05T03:20:24Z,-42.96,0.0,171.44,0.0,5.0,0.0,ML,,,,2.2,0.3,2
1152758,1997-07-05T03:44:09Z,-39.14,0.0,175.59,0.1,0.0,0.0,ML,,,,2.4,0.2,2
1152907,1997-07-05T04:03:33Z,-39.28,0.0,175.56,0.0,0.0,0.0,ML,,,,1.4,0.1,4
1150889,1997-07-05T04:07:09Z,-40.09,0.0,174.93,0.0,29.0,2.0,ML,,,,3.0,0.4,13
1153077,1997-07-05T04:11:24Z,-41.29,0.0,175.73,0.0,20.0,1.0,ML,,,,3.0,0.1,11
1150890,1997-07-05T04:28:11Z,-39.63,0.0,174.48,0.0,129.0,5.0,ML,,,,3.3,0.2,11
1152655,1997-07-05T05:08:10Z,-44.73,0.0,167.55,0.0,12.0,0.0,ML,,,,2.6,0.2,3
1152908,1997-07-05T05:16:30Z,-39.28,0.0,175.56,0.0,0.0,0.0,ML,,,,1.4,0.1,4
1152558,1997-07-05T06:39:34Z,-45.07,0.0,167.51,0.0,125.0,4.0,ML,,,,3.8,0.3,8
1152065,1997-07-05T07:23:50Z,-35.47,0.2,178.18,0.5,198.0,36.0,ML,,,,4.2,0.2,4
1151523,1997-07-05T07:28:26Z,-38.33,0.0,176.36,0.0,12.0,0.0,ML,,,,2.7,0.3,5
1159418,1997-07-05T07:29:12Z,-38.36,0.0,176.3,0.0,12.0,0.0,ML,,,,2.1,0.2,4
1152681,1997-07-05T07:57:44Z,-44.54,0.0,168.58,0.0,12.0,0.0,ML,,,,2.2,0.2,4
1151525,1997-07-05T08:18:23Z,-38.33,0.0,176.34,0.0,12.0,0.0,ML,,,,2.0,0.1,3
1151526,1997-07-05T08:22:35Z,-38.32,0.0,176.28,0.0,12.0,0.0,ML,,,,2.0,0.1,3
1153283,1997-07-05T08:56:24Z,-40.95,0.0,174.08,0.0,63.0,3.0,ML,,,,2.4,0.2,9
1153284,1997-07-05T08:59:48Z,-40.54,0.0,174.35,0.0,84.0,3.0,ML,,,,2.2,0.2,5
1153285,1997-07-05T10:36:46Z,-40.45,0.0,175.05,0.0,34.0,2.0,ML,,,,2.3,0.1,5
1150891,1997-07-05T11:21:46Z,-39.4,0.0,175.01,0.0,24.0,2.0,ML,,,,2.8,0.4,9
1152910,1997-07-05T11:57:40Z,-39.28,0.0,175.56,0.0,0.0,0.0,ML,,,,1.3,0.2,2
1152559,1997-07-05T12:27:49Z,-43.18,0.0,170.82,0.0,5.0,0.0,ML,,,,2.1,0.1,3
1152911,1997-07-05T12:46:44Z,-39.28,0.0,175.56,0.0,0.0,0.0,ML,,,,1.5,0.1,4
1150892,1997-07-05T13:01:11Z,-40.11,0.0,174.95,0.0,26.0,2.0,ML,,,,2.8,0.3,8
1151528,1997-07-05T14:02:19Z,-39.58,0.0,177.02,0.1,33.0,0.0,ML,,,,3.1,0.4,6
1152914,1997-07-05T14:28:39Z,-39.67,0.1,177.09,0.2,33.0,0.0,ML,,,,3.4,0.3,5
1152915,1997-07-05T14:43:13Z,-39.73,0.0,176.77,0.0,33.0,0.0,ML,,,,3.0,0.2,4
1150893,1997-07-05T17:13:34Z,-40.11,0.0,174.94,0.0,27.0,2.0,ML,,,,2.9,0.4,12
1152916,1997-07-05T17:23:46Z,-39.8,0.1,176.72,0.1,33.0,0.0,ML,,,,3.1,0.1,2
1153224,1997-07-05T17:43:43Z,-40.97,0.0,175.12,0.0,35.0,2.0,ML,,,,2.1,0.1,5
1152917,1997-07-05T18:30:08Z,-39.28,0.0,175.56,0.0,0.0,0.0,ML,,,,1.2,0.2,3
1153206,1997-07-05T20:46:21Z,-39.33,0.0,173.88,0.0,12.0,0.0,ML,,,,1.2,0.1,2
1159422,1997-07-05T23:24:57Z,-41.75,0.0,172.4,0.0,12.0,0.0,ML,,,,3.7,0.3,11
1152072,1997-07-06T02:18:29Z,-37.04,0.1,177.15,0.1,231.0,10.0,ML,,,,3.9,0.2,13
1152918,1997-07-06T03:02:01Z,-39.52,0.0,175.69,0.0,25.0,1.0,ML,,,,2.2,0.3,3
1152920,1997-07-06T04:01:46Z,-39.28,0.0,175.56,0.0,0.0,0.0,ML,,,,1.6,0.1,4
1153292,1997-07-06T04:46:14Z,-40.85,0.0,174.82,0.0,60.0,1.0,ML,,,,2.7,0.1,9
1153293,1997-07-06T04:55:01Z,-41.92,0.0,173.19,0.0,111.0,2.0,ML,,,,2.8,0.2,5
1152921,1997-07-06T05:39:17Z,-39.36,0.0,177.04,0.0,12.0,0.0,ML,,,,3.4,0.3,4
1152922,1997-07-06T06:15:58Z,-39.28,0.0,175.56,0.0,0.0,0.0,ML,,,,1.5,0.3,4
1152923,1997-07-06T06:35:58Z,-39.28,0.0,175.56,0.0,0.0,0.0,ML,,,,1.5,0.1,4
1152661,1997-07-06T07:18:52Z,-45.45,0.0,166.76,0.0,12.0,0.0,ML,,,,2.5,0.1,2
1152924,1997-07-06T08:19:49Z,-39.28,0.0,175.56,0.0,0.0,0.0,ML,,,,1.4,0.1,4
1152925,1997-07-06T08:32:58Z,-39.28,0.0,175.56,0.0,0.0,0.0,ML,,,,1.4,0.2,4
1151533,1997-07-06T08:59:01Z,-38.18,0.0,176.21,0.0,5.0,0.0,ML,,,,2.0,0.2,5
1152926,1997-07-06T09:13:04Z,-39.14,0.0,175.65,0.1,5.0,0.0,ML,,,,1.2,0.2,2
1152927,1997-07-06T09:44:07Z,-39.21,0.0,175.49,0.0,12.0,0.0,ML,,,,1.7,0.3,2
1152663,1997-07-06T12:02:30Z,-45.1,0.0,167.13,0.0,34.0,4.0,ML,,,,2.5,0.4,4
1152932,1997-07-06T13:37:32Z,-38.79,0.0,175.98,0.1,129.0,7.0,ML,,,,3.1,0.3,2
1153295,1997-07-06T13:43:23Z,-40.64,0.0,174.53,0.0,5.0,0.0,ML,,,,2.0,0.1,6
1159781,1997-07-06T14:42:50Z,-39.16,0.0,175.41,0.0,12.0,0.0,ML,,,,1.4,0.2,2
1152933,1997-07-06T14:43:28Z,-39.29,0.0,173.87,0.0,13.0,4.0,ML,,,,1.2,0.1,2
1152934,1997-07-06T16:03:20Z,-40.74,0.0,176.74,0.0,29.0,2.0,ML,,,,2.8,0.3,9
1153296,1997-07-06T16:34:36Z,-41.7,0.0,174.52,0.0,29.0,2.0,ML,,,,2.0,0.1,5
1159863,1997-07-06T16:34:42Z,-41.71,0.0,174.53,0.0,28.0,2.0,ML,,,,2.2,0.2,6
1150897,1997-07-06T16:51:07Z,-39.4,0.0,175.01,0.0,24.0,2.0,ML,,,,2.7,0.4,10
1153078,1997-07-06T17:37:12Z,-41.36,0.0,174.26,0.0,36.0,3.0,ML,,,,2.6,0.2,10
1152762,1997-07-06T17:49:26Z,-39.37,0.0,175.02,0.0,26.0,4.0,ML,,,,2.4,0.4,6
1152082,1997-07-06T18:04:31Z,-37.82,0.1,178.36,0.3,74.0,13.0,ML,,,,3.3,0.1,4
1152706,1997-07-06T18:08:03Z,-39.65,0.1,175.83,0.2,12.0,0.0,ML,,,,2.5,0.3,2
1159970,1997-07-06T18:08:08Z,-39.42,0.0,174.95,0.0,12.0,0.0,ML,,,,2.7,0.1,3
1150898,1997-07-06T20:33:53Z,-38.83,0.0,176.03,0.0,5.0,0.0,ML,,,,4.1,0.2,5
1150899,1997-07-06T20:43:14Z,-39.41,0.0,175.03,0.0,26.0,3.0,ML,,,,2.7,0.5,7
1155311,1997-07-06T21:30:58Z,-38.82,0.0,176.05,0.0,5.0,0.0,ML,,,,2.1,0.1,5
1152565,1997-07-06T21:39:06Z,-39.4,0.0,175.03,0.0,27.0,3.0,ML,,,,2.9,0.2,5
1152664,1997-07-06T22:47:04Z,-46.25,0.1,165.72,0.2,12.0,0.0,ML,,,,2.9,0.1,3
1155333,1997-07-06T23:16:51Z,-39.22,0.0,175.24,0.0,12.0,0.0,ML,,,,2.2,0.2,3
1153316,1997-07-06T23:37:20Z,-40.81,0.0,176.28,0.0,25.0,3.0,ML,,,,2.1,0.3,5
1153172,1997-07-06T23:50:00Z,-39.93,0.0,175.11,0.0,61.0,3.0,ML,,,,2.6,0.1,5
1153173,1997-07-07T00:32:00Z,-39.28,0.0,175.54,0.0,12.0,0.0,ML,,,,1.4,0.1,3
1153177,1997-07-07T00:56:35Z,-39.3,0.0,175.52,0.0,14.0,0.0,ML,,,,2.0,0.1,3
1152764,1997-07-07T01:19:16Z,-39.44,0.0,175.66,0.0,27.0,2.0,ML,,,,2.9,0.3,5
1155334,1997-07-07T01:28:19Z,-39.31,0.0,175.49,0.0,13.0,1.0,ML,,,,2.0,0.1,3
1152096,1997-07-07T01:39:11Z,-39.29,0.0,175.6,0.0,5.0,0.0,ML,,,,1.4,0.2,2
1152103,1997-07-07T01:59:56Z,-46.52,0.0,167.84,0.0,12.0,0.0,ML,,,,3.3,0.3,5
1153769,1997-07-07T02:19:36Z,-40.04,0.0,176.57,0.0,33.0,0.0,ML,,,,2.8,0.3,5
1153331,1997-07-07T04:20:40Z,-41.74,0.0,174.68,0.0,23.0,1.0,ML,,,,2.2,0.1,4
1152766,1997-07-07T04:26:30Z,-39.17,0.0,175.64,0.0,0.0,0.0,ML,,,,2.3,0.0,2
1155337,1997-07-07T06:19:39Z,-39.28,0.0,175.56,0.0,0.0,0.0,ML,,,,1.4,0.1,4
1155338,1997-07-07T06:28:42Z,-39.3,0.0,175.51,0.0,13.0,1.0,ML,,,,1.7,0.1,3
1155339,1997-07-07T06:53:50Z,-39.28,0.0,175.56,0.0,0.0,0.0,ML,,,,1.4,0.1,4
1153334,1997-07-07T07:28:22Z,-38.36,0.0,176.45,0.1,156.0,10.0,ML,,,,3.5,0.3,7
1153335,1997-07-07T10:33:37Z,-40.17,0.0,174.89,0.0,12.0,0.0,ML,,,,2.3,0.1,3
1155341,1997-07-07T11:12:49Z,-39.5,0.0,175.75,0.0,19.0,6.0,ML,,,,2.0,0.2,3
1152573,1997-07-07T12:51:00Z,-43.01,0.0,171.38,0.0,5.0,0.0,ML,,,,2.9,0.1,3
1153683,1997-07-07T13:13:52Z,-38.79,0.1,175.88,0.1,158.0,9.0,ML,,,,3.4,0.4,12
1150902,1997-07-07T13:48:05Z,-39.91,0.0,174.12,0.0,147.0,3.0,ML,,,,3.0,0.1,10
1153775,1997-07-07T14:35:57Z,-41.11,0.0,174.5,0.0,34.0,1.0,ML,,,,2.0,0.2,9
1155344,1997-07-07T17:55:30Z,-39.28,0.0,175.56,0.0,0.0,0.0,ML,,,,1.5,0.2,4
1153778,1997-07-07T19:12:18Z,-41.76,0.0,174.09,0.0,14.0,2.0,ML,,,,2.5,0.4,6
1152117,1997-07-07T19:23:27Z,-37.02,0.0,176.82,0.0,285.0,4.0,ML,,,,4.2,0.2,13
1155345,1997-07-07T20:48:27Z,-38.83,0.0,176.86,0.0,33.0,0.0,ML,,,,3.2,0.1,3
1152730,1997-07-07T23:58:10Z,-44.85,0.1,168.2,0.1,108.0,10.0,ML,,,,3.1,0.1,4
1155346,1997-07-08T00:11:40Z,-39.28,0.0,175.56,0.0,0.0,0.0,ML,,,,1.5,0.1,3
1152120,1997-07-08T00:31:30Z,-37.88,0.0,176.81,0.0,152.0,5.0,ML,,,,4.3,0.2,12
1153106,1997-07-08T01:14:38Z,-41.12,0.0,174.47,0.0,37.0,2.0,ML,,,,3.2,0.2,12
1155382,1997-07-08T01:21:48Z,-41.1,0.0,174.49,0.0,35.0,1.0,ML,,,,2.0,0.2,6
1152133,1997-07-08T03:23:43Z,-40.18,0.0,177.04,0.0,12.0,0.0,ML,,,,3.3,0.4,4
1154051,1997-07-08T04:14:50Z,-45.69,0.0,166.86,0.2,5.0,0.0,ML,,,,2.6,0.2,3
1153783,1997-07-08T04:47:22Z,-40.36,0.1,176.43,0.1,33.0,0.0,ML,,,,2.3,0.2,5
1153043,1997-07-08T07:57:54Z,-40.68,0.0,175.84,0.0,28.0,2.0,ML,,,,2.3,0.3,8
1160006,1997-07-08T07:58:35Z,-44.55,0.0,169.91,0.0,12.0,0.0,ML,,,,3.4,0.2,7
1155348,1997-07-08T10:08:15Z,-39.28,0.0,175.56,0.0,0.0,0.0,ML,,,,1.5,0.1,3
1155349,1997-07-08T10:51:23Z,-39.24,0.0,175.72,0.1,12.0,0.0,ML,,,,2.0,0.1,2
1152154,1997-07-08T11:17:36Z,-38.55,0.0,178.57,0.0,12.0,0.0,ML,,,,3.0,0.2,3
1153922,1997-07-08T13:51:05Z,-41.4,0.0,174.65,0.0,21.0,1.0,ML,,,,3.0,0.2,13
1155350,1997-07-08T14:17:01Z,-39.31,0.0,175.79,0.0,12.0,0.0,ML,,,,1.7,0.1,2
1152158,1997-07-08T15:23:06Z,-38.59,0.0,178.63,0.1,12.0,0.0,ML,,,,2.6,0.3,3
1153923,1997-07-08T15:44:49Z,-39.62,0.0,175.67,0.0,19.0,3.0,ML,,,,3.2,0.3,14
1160008,1997-07-08T16:05:59Z,-38.9,0.0,175.84,0.0,5.0,0.0,ML,,,,1.6,0.4,4
1153117,1997-07-08T16:06:03Z,-38.88,0.0,175.84,0.0,5.0,0.0,ML,,,,2.1,0.2,5
1155314,1997-07-08T16:10:29Z,-38.88,0.0,175.84,0.0,5.0,0.0,ML,,,,1.7,0.2,3
1154684,1997-07-08T17:05:13Z,-41.69,0.0,174.1,0.0,21.0,2.0,ML,,,,2.7,0.1,7
1152160,1997-07-08T17:23:14Z,-36.41,0.0,178.44,0.4,140.0,5.0,ML,,,,3.7,0.5,3
1152162,1997-07-08T18:24:33Z,-37.82,0.0,-179.85,0.1,12.0,0.0,ML,,,,3.4,0.2,3
1153924,1997-07-08T18:56:09Z,-40.06,0.0,176.17,0.0,68.0,5.0,ML,,,,3.1,0.2,8
1152165,1997-07-08T19:39:27Z,-38.27,0.0,178.62,0.1,12.0,0.0,ML,,,,2.6,0.2,3
1153925,1997-07-09T01:03:22Z,-39.29,0.0,175.17,0.0,5.0,0.0,ML,,,,3.1,0.3,13
1155352,1997-07-09T03:33:57Z,-39.37,0.0,175.65,0.0,12.0,0.0,ML,,,,1.8,0.2,3
1154719,1997-07-09T03:38:47Z,-39.28,0.0,175.56,0.0,0.0,0.0,ML,,,,1.7,0.2,4
1154385,1997-07-09T03:40:28Z,-44.1,0.0,170.52,0.0,12.0,0.0,ML,,,,2.9,0.3,5
1154616,1997-07-09T07:22:08Z,-38.15,0.1,175.97,0.2,113.0,36.0,ML,,,,3.7,0.2,4
1154054,1997-07-09T08:31:31Z,-44.99,0.1,166.86,0.3,12.0,0.0,ML,,,,2.7,0.2,4
1154438,1997-07-09T09:29:07Z,-45.28,0.0,170.57,0.1,5.0,0.0,ML,,,,2.4,0.2,3
1153926,1997-07-09T10:39:07Z,-40.0,0.0,176.28,0.0,68.0,8.0,ML,,,,2.9,0.2,2
1154439,1997-07-09T17:02:11Z,-44.44,0.0,169.9,0.0,12.0,0.0,ML,,,,3.0,0.2,4
1153490,1997-07-09T21:14:22Z,-36.99,0.0,175.88,0.1,33.0,0.0,ML,,,,3.3,0.2,2
1154738,1997-07-10T03:09:46Z,-41.21,0.0,173.68,0.0,76.0,1.0,ML,,,,2.0,0.2,3
1153494,1997-07-10T05:01:41Z,-39.03,0.0,173.96,0.0,12.0,0.0,ML,,,,3.2,0.5,10
1155356,1997-07-10T07:03:55Z,-39.38,0.0,175.53,0.0,12.0,0.0,ML,,,,2.1,0.2,3
1154064,1997-07-10T09:16:00Z,-44.99,0.0,167.52,0.0,64.0,5.0,ML,,,,3.1,0.3,5
1154066,1997-07-10T10:01:18Z,-44.14,0.0,169.81,0.0,12.0,0.0,ML,,,,3.6,0.2,7
1153930,1997-07-10T15:07:24Z,-39.64,0.0,175.0,0.0,26.0,1.0,ML,,,,2.6,0.2,4
1155358,1997-07-10T19:31:33Z,-39.33,0.0,175.75,0.0,14.0,1.0,ML,,,,2.0,0.1,3
1153931,1997-07-10T20:33:34Z,-39.59,0.0,174.52,0.1,141.0,4.0,ML,,,,3.2,0.1,3
1154071,1997-07-10T20:41:10Z,-45.33,0.1,167.43,0.1,88.0,8.0,ML,,,,3.4,0.3,5
1154636,1997-07-11T01:13:19Z,-41.74,0.0,173.31,0.0,99.0,8.0,ML,,,,2.9,0.4,2
1154704,1997-07-11T01:23:44Z,-41.78,0.0,174.48,0.0,32.0,4.0,ML,,,,2.6,0.3,3
1152203,1997-07-11T01:50:04Z,-35.77,0.0,-179.59,0.1,12.0,0.0,ML,,,,3.7,0.5,3
1153932,1997-07-11T02:38:50Z,-39.31,0.0,174.78,0.0,17.0,2.0,ML,,,,3.1,0.3,13
1154770,1997-07-11T03:43:24Z,-41.33,0.1,172.69,0.1,208.0,6.0,ML,,,,3.5,0.3,4
1155322,1997-07-11T04:31:42Z,-38.37,0.0,176.41,0.0,5.0,0.0,ML,,,,2.5,0.2,4
1154393,1997-07-11T06:51:28Z,-41.33,0.1,175.01,0.0,21.0,5.0,ML,,,,2.2,0.2,3
1159431,1997-07-11T08:31:13Z,-40.81,0.0,174.86,0.0,57.0,1.0,ML,,,,3.0,0.1,4
1154306,1997-07-11T08:31:33Z,-46.32,0.1,168.45,0.1,5.0,0.0,ML,,,,2.4,0.3,3
1154074,1997-07-11T12:07:11Z,-45.24,0.0,166.77,0.0,20.0,0.0,ML,,,,2.2,0.1,2
1154075,1997-07-11T12:30:28Z,-46.1,0.0,166.2,0.1,5.0,0.0,ML,,,,3.0,0.3,6
1155363,1997-07-11T14:02:00Z,-39.35,0.1,176.42,0.0,33.0,0.0,ML,,,,3.0,0.2,5
1154076,1997-07-11T14:37:04Z,-45.09,0.0,167.25,0.0,67.0,1.0,ML,,,,2.3,0.2,3
1155364,1997-07-11T14:46:33Z,-39.31,0.0,175.7,0.0,12.0,0.0,ML,,,,1.8,0.2,2
1153934,1997-07-11T14:56:54Z,-40.1,0.0,174.96,0.0,26.0,2.0,ML,,,,3.0,0.4,11
1152220,1997-07-11T15:05:18Z,-39.14,0.0,175.12,0.1,224.0,4.0,ML,,,,3.7,0.4,7
1153937,1997-07-11T15:59:44Z,-39.94,0.0,174.35,0.0,5.0,0.0,ML,,,,3.2,0.4,4
1159432,1997-07-11T16:39:58Z,-41.27,0.0,174.84,0.0,26.0,1.0,ML,,,,2.1,0.3,4
1154396,1997-07-11T17:34:04Z,-42.85,0.0,171.4,0.0,12.0,0.0,ML,,,,2.5,0.3,3
1154397,1997-07-11T18:46:42Z,-43.51,0.0,171.4,0.0,12.0,0.0,ML,,,,2.3,0.1,3
1155436,1997-07-11T20:07:41Z,-41.12,0.0,175.16,0.0,20.0,2.0,ML,,,,2.3,0.2,6
1154077,1997-07-11T20:12:56Z,-45.27,0.0,167.26,0.0,17.0,3.0,ML,,,,2.4,0.2,4
1154078,1997-07-11T20:39:13Z,-45.51,0.0,167.02,0.0,71.0,2.0,ML,,,,2.6,0.2,4
1154308,1997-07-11T20:52:53Z,-39.3,0.0,175.04,0.0,12.0,0.0,ML,,,,2.6,0.3,5
1153938,1997-07-11T22:04:25Z,-39.29,0.0,175.08,0.0,29.0,3.0,ML,,,,3.0,0.3,7
1153939,1997-07-12T03:30:40Z,-38.95,0.0,176.25,0.0,67.0,3.0,ML,,,,3.3,0.4,4
1152226,1997-07-12T04:19:29Z,-36.63,0.2,177.49,0.1,33.0,0.0,ML,,,,3.9,0.5,4
1154081,1997-07-12T06:01:03Z,-45.13,0.0,167.04,0.0,47.0,2.0,ML,,,,2.3,0.2,3
1151945,1997-07-12T06:23:10Z,-44.97,0.0,167.49,0.0,66.0,2.0,ML,,,,4.2,0.4,8
1153940,1997-07-12T06:53:39Z,-40.17,0.0,174.92,0.0,5.0,0.0,ML,,,,2.5,0.2,6
1153941,1997-07-12T07:46:26Z,-40.11,0.0,174.96,0.0,27.0,2.0,ML,,,,2.9,0.3,9
1154082,1997-07-12T08:02:27Z,-45.33,0.0,166.86,0.0,41.0,1.0,ML,,,,2.4,0.0,3
1153942,1997-07-12T11:52:18Z,-40.15,0.0,174.89,0.0,12.0,0.0,ML,,,,2.3,0.2,6
1159446,1997-07-12T12:29:42Z,-37.66,0.2,176.64,0.4,159.0,54.0,ML,,,,3.2,0.2,5
1152230,1997-07-12T14:06:03Z,-35.94,0.1,178.6,0.1,196.0,6.0,ML,,,,4.2,0.3,11
1155325,1997-07-12T14:11:47Z,-38.33,0.0,176.29,0.0,5.0,0.0,ML,,,,2.1,0.1,4
1155366,1997-07-12T14:51:18Z,-38.77,0.0,175.8,0.1,12.0,1.0,ML,,,,1.8,0.0,2
1154084,1997-07-12T15:07:50Z,-45.2,0.0,166.99,0.1,5.0,0.0,ML,,,,3.4,0.2,8
1154707,1997-07-12T15:12:03Z,-41.12,0.0,174.51,0.0,36.0,1.0,ML,,,,2.2,0.2,6
1154402,1997-07-12T15:20:45Z,-40.9,0.0,174.15,0.0,58.0,4.0,ML,,,,2.8,0.2,8
1154651,1997-07-12T15:51:35Z,-40.84,0.0,173.86,0.0,84.0,2.0,ML,,,,3.0,0.2,7
1153943,1997-07-12T16:00:31Z,-40.14,0.0,174.99,0.0,23.0,3.0,ML,,,,2.7,0.3,8
1154312,1997-07-12T16:50:58Z,-44.74,0.1,168.19,0.0,91.0,9.0,ML,,,,2.8,0.1,2
1154564,1997-07-12T21:01:17Z,-40.9,0.0,173.6,0.0,96.0,2.0,ML,,,,2.5,0.3,4
1154085,1997-07-12T21:18:11Z,-45.16,0.0,167.42,0.0,125.0,3.0,ML,,,,2.8,0.2,5
1152235,1997-07-12T22:18:02Z,-38.13,0.0,176.09,0.0,198.0,5.0,ML,,,,4.0,0.2,13
1154408,1997-07-13T03:04:38Z,-42.98,0.0,171.88,0.0,12.0,0.0,ML,,,,2.3,0.1,3
1153944,1997-07-13T03:38:49Z,-41.25,0.0,172.75,0.1,178.0,4.0,ML,,,,4.2,0.2,14
1155481,1997-07-13T04:42:02Z,-40.39,0.1,174.23,0.0,62.0,6.0,ML,,,,2.2,0.3,6
1153945,1997-07-13T04:47:34Z,-38.23,0.0,176.06,0.0,163.0,4.0,ML,,,,3.8,0.4,11
1154088,1997-07-13T05:41:10Z,-45.29,0.0,167.28,0.0,89.0,3.0,ML,,,,3.1,0.3,5
1154089,1997-07-13T06:01:51Z,-45.8,0.0,166.91,0.0,74.0,0.0,ML,,,,2.1,0.2,3
1155482,1997-07-13T07:02:31Z,-40.08,0.0,173.62,0.1,33.0,5.0,ML,,,,2.1,0.3,3
1154675,1997-07-13T07:52:49Z,-39.5,0.0,174.59,0.0,153.0,4.0,ML,,,,3.1,0.2,7
1154411,1997-07-13T08:09:26Z,-42.39,0.0,173.77,0.0,48.0,2.0,ML,,,,2.5,nan,1
1160291,1997-07-13T08:09:40Z,-39.28,0.0,175.56,0.0,0.0,0.0,ML,,,,1.3,0.2,3
1155089,1997-07-13T08:31:16Z,-41.26,0.0,175.23,0.0,25.0,1.0,ML,,,,2.1,0.2,10
1154655,1997-07-13T08:39:45Z,-36.95,0.0,177.18,0.0,201.0,3.0,ML,,,,3.9,0.3,13
1159455,1997-07-13T08:44:38Z,-41.27,0.0,175.23,0.0,27.0,1.0,ML,,,,1.3,0.1,4
1153946,1997-07-13T09:03:48Z,-37.85,0.0,176.08,0.0,310.0,2.0,ML,,,,4.0,0.2,12
1155253,1997-07-13T09:41:26Z,-39.28,0.0,175.56,0.0,0.0,0.0,ML,,,,1.5,0.1,4
1154787,1997-07-13T10:08:56Z,-41.28,0.0,175.22,0.0,20.0,1.0,ML,,,,1.7,0.2,4
1154789,1997-07-13T12:28:29Z,-39.21,0.0,175.05,0.0,12.0,0.0,ML,,,,2.4,0.2,4
1155373,1997-07-13T12:34:17Z,-39.28,0.0,175.56,0.0,0.0,0.0,ML,,,,1.5,0.1,3
1154790,1997-07-13T13:20:22Z,-39.18,0.0,174.41,0.0,5.0,0.0,ML,,,,2.9,0.2,4
1155328,1997-07-13T13:33:45Z,-38.88,0.0,175.68,0.0,5.0,0.0,ML,,,,1.8,0.2,4
1155329,1997-07-13T14:00:06Z,-38.88,0.0,175.81,0.0,5.0,0.0,ML,,,,2.0,0.2,6
1159460,1997-07-13T14:01:51Z,-41.61,0.0,173.36,0.0,5.0,0.0,ML,,,,2.6,0.1,2
1155091,1997-07-13T14:08:53Z,-40.09,0.0,176.11,0.0,57.0,4.0,ML,,,,2.8,0.2,4
1154568,1997-07-13T15:15:33Z,-42.98,0.0,171.33,0.0,12.0,0.0,ML,,,,1.8,0.0,2
1155092,1997-07-13T15:23:28Z,-40.13,0.0,174.8,0.0,12.0,0.0,ML,,,,2.6,0.5,9
1155374,1997-07-13T17:20:46Z,-39.52,0.0,175.58,0.0,12.0,0.0,ML,,,,2.1,0.1,3
1155094,1997-07-13T21:10:06Z,-40.95,0.0,176.84,0.0,33.0,0.0,ML,,,,2.7,0.2,5
1159467,1997-07-13T22:07:30Z,-41.11,0.0,174.47,0.0,33.0,1.0,ML,,,,2.0,0.2,4
1154415,1997-07-13T23:00:00Z,-38.52,0.0,175.89,0.1,168.0,6.0,ML,,,,3.9,0.2,11
1160292,1997-07-13T23:01:42Z,-39.9,0.0,178.33,0.1,12.0,0.0,ML,,,,3.6,0.3,9
1159468,1997-07-14T00:21:46Z,-41.56,0.0,174.72,0.0,24.0,1.0,ML,,,,2.2,0.1,3
1154680,1997-07-14T00:32:18Z,-40.38,0.0,174.12,0.0,84.0,4.0,ML,,,,2.8,0.2,6
1151948,1997-07-14T01:57:01Z,-37.3,0.0,177.76,0.0,26.0,3.0,ML,,,,4.3,0.4,18
1154908,1997-07-14T02:03:17Z,-41.57,0.0,174.66,0.0,31.0,0.0,ML,,,,2.3,0.1,3
1154710,1997-07-14T02:08:46Z,-40.99,0.0,174.77,0.0,32.0,0.0,ML,,,,2.4,0.1,5
1154318,1997-07-14T03:04:55Z,-44.88,0.0,167.52,0.0,42.0,5.0,ML,,,,2.5,0.1,3
1154419,1997-07-14T03:07:18Z,-35.26,0.0,178.21,0.1,288.0,3.0,ML,,,,4.4,0.1,10
1153993,1997-07-14T06:04:05Z,-43.22,0.0,170.88,0.0,5.0,0.0,ML,,,,2.2,nan,1
1154000,1997-07-14T07:41:51Z,-45.08,0.0,167.33,0.0,110.0,2.0,ML,,,,2.9,0.2,5
1154462,1997-07-14T08:32:35Z,-39.27,0.0,175.24,0.0,13.0,3.0,ML,,,,2.1,nan,1
1155106,1997-07-14T12:38:03Z,-41.01,0.0,175.41,0.0,28.0,2.0,ML,,,,1.8,0.1,3
1154007,1997-07-14T13:56:30Z,-45.22,0.0,167.48,0.0,5.0,0.0,ML,,,,3.2,0.1,8
1154570,1997-07-14T14:11:46Z,-40.06,0.0,174.33,0.0,150.0,3.0,ML,,,,2.7,0.3,4
1159473,1997-07-14T15:24:11Z,-41.62,0.0,174.17,0.0,12.0,0.0,ML,,,,1.7,0.1,4
1154425,1997-07-14T16:18:04Z,-41.78,0.0,175.1,0.0,38.0,3.0,ML,,,,3.0,0.1,9
1154518,1997-07-14T16:53:57Z,-41.43,0.0,173.65,0.0,102.0,1.0,ML,,,,2.8,0.1,4
1154101,1997-07-14T20:10:19Z,-41.13,0.0,175.84,0.0,31.0,2.0,ML,,,,2.5,0.1,7
1155108,1997-07-14T20:50:11Z,-40.91,0.0,176.04,0.0,31.0,3.0,ML,,,,2.3,0.1,4
1154426,1997-07-14T21:26:43Z,-42.92,0.0,171.59,0.0,5.0,0.0,ML,,,,3.0,0.3,3
1156905,1997-07-14T22:38:28Z,-39.96,0.0,174.71,0.0,116.0,5.0,ML,,,,2.4,0.3,4
1154572,1997-07-15T01:30:33Z,-42.98,0.0,174.74,0.0,33.0,0.0,ML,,,,3.2,0.2,10
1154012,1997-07-15T04:41:02Z,-41.12,0.0,175.84,0.0,31.0,2.0,ML,,,,2.5,0.1,7
1154013,1997-07-15T04:50:14Z,-40.47,0.0,174.26,0.0,39.0,4.0,ML,,,,2.0,0.2,4
1156634,1997-07-15T07:50:58Z,-40.88,0.0,175.73,0.1,33.0,4.0,ML,,,,1.4,0.2,3
1154465,1997-07-15T08:12:31Z,-39.3,0.0,175.41,0.0,12.0,0.0,ML,,,,2.4,0.2,4
1154018,1997-07-15T09:18:22Z,-43.14,0.0,170.95,0.0,5.0,0.0,ML,,,,2.5,0.2,4
1156642,1997-07-15T14:53:23Z,-38.85,0.0,175.38,0.1,181.0,3.0,ML,,,,3.2,0.3,5
1154573,1997-07-15T18:06:20Z,-41.17,0.0,174.52,0.0,34.0,1.0,ML,,,,2.0,0.1,5
1153948,1997-07-15T18:33:47Z,-40.1,0.0,174.95,0.0,12.0,0.0,ML,,,,3.1,0.3,16
1153949,1997-07-15T18:57:08Z,-39.41,0.0,175.02,0.0,25.0,1.0,ML,,,,2.4,0.1,8
1156772,1997-07-15T19:02:45Z,-38.09,0.0,176.24,0.0,231.0,5.0,ML,,,,3.3,0.3,3
1159501,1997-07-15T19:12:51Z,-41.83,0.0,174.92,0.0,34.0,4.0,ML,,,,1.9,0.2,4
1154021,1997-07-15T20:47:59Z,-43.45,0.0,171.45,0.0,12.0,0.0,ML,,,,2.7,0.2,5
1160566,1997-07-15T20:48:12Z,-40.92,0.0,175.74,0.0,31.0,1.0,ML,,,,2.2,0.2,7
1156645,1997-07-15T21:14:58Z,-38.8,0.0,175.73,0.1,154.0,5.0,ML,,,,3.4,0.2,5
1156647,1997-07-15T22:42:34Z,-40.97,0.0,174.66,0.0,40.0,1.0,ML,,,,2.7,0.2,7
1156009,1997-07-15T23:36:46Z,-41.23,0.0,174.56,0.0,57.0,0.0,ML,,,,2.2,0.2,6
1153950,1997-07-16T01:12:12Z,-40.68,0.0,175.51,0.0,29.0,2.0,ML,,,,2.7,0.2,8
1153951,1997-07-16T01:50:29Z,-40.34,0.0,174.29,0.0,62.0,7.0,ML,,,,2.4,0.4,5
1153952,1997-07-16T02:58:52Z,-40.31,0.0,175.48,0.0,33.0,2.0,ML,,,,2.8,0.2,13
1156589,1997-07-16T03:01:05Z,-39.56,0.0,175.01,0.0,90.0,3.0,ML,,,,3.4,0.2,10
1154334,1997-07-16T04:43:07Z,-46.78,0.0,169.0,0.0,12.0,0.0,ML,,,,2.8,0.4,4
1154128,1997-07-16T05:29:03Z,-46.21,0.0,167.1,0.0,12.0,0.0,ML,,,,2.9,0.3,5
1157002,1997-07-16T05:32:03Z,-41.27,0.0,175.24,0.0,25.0,1.0,ML,,,,1.5,0.2,6
1153953,1997-07-16T06:08:16Z,-39.65,0.0,176.45,0.0,20.0,3.0,ML,,,,3.5,0.3,24
1155893,1997-07-16T06:28:54Z,-40.92,0.0,175.72,0.0,28.0,2.0,ML,,,,2.0,0.1,5
1157009,1997-07-16T07:15:57Z,-39.46,0.0,174.5,0.0,255.0,3.0,ML,,,,3.4,0.2,12
1154022,1997-07-16T08:39:41Z,-45.44,0.0,167.09,0.0,57.0,2.0,ML,,,,2.8,0.2,7
1157596,1997-07-16T08:50:51Z,-39.07,0.0,174.15,0.0,12.0,0.0,ML,,,,1.1,0.1,2
1155839,1997-07-16T10:03:54Z,-41.37,0.0,174.53,0.0,56.0,1.0,ML,,,,1.5,0.2,3
1153954,1997-07-16T10:47:49Z,-40.15,0.0,174.87,0.0,12.0,0.0,ML,,,,3.0,0.3,18
1156655,1997-07-16T15:09:52Z,-40.98,0.0,175.17,0.0,34.0,1.0,ML,,,,2.5,0.2,8
1156656,1997-07-16T15:22:26Z,-41.26,0.0,174.89,0.0,19.0,1.0,ML,,,,2.5,0.2,12
1154024,1997-07-16T16:34:14Z,-45.71,0.0,166.92,0.0,75.0,2.0,ML,,,,4.0,0.2,5
1154025,1997-07-16T17:02:15Z,-45.16,0.0,167.4,0.0,88.0,3.0,ML,,,,3.3,0.2,7
1156591,1997-07-16T17:42:25Z,-39.32,0.0,173.85,0.0,12.0,0.0,ML,,,,1.2,nan,1
1153955,1997-07-16T17:43:42Z,-39.28,0.0,173.88,0.0,12.0,1.0,ML,,,,3.5,0.2,19
1160646,1997-07-16T17:45:12Z,-39.31,0.0,173.82,0.0,17.0,1.0,ML,,,,1.6,0.2,2
1156548,1997-07-16T22:30:10Z,-39.01,0.0,175.25,0.1,116.0,8.0,ML,,,,2.9,0.3,6
1156662,1997-07-16T23:15:53Z,-38.17,0.0,175.72,0.0,283.0,2.0,ML,,,,3.8,0.2,5
1156663,1997-07-17T01:06:28Z,-40.4,0.0,174.53,0.0,91.0,2.0,ML,,,,2.5,0.1,7
1156664,1997-07-17T01:28:39Z,-40.76,0.0,176.76,0.0,12.0,0.0,ML,,,,3.4,0.4,12
1156665,1997-07-17T02:15:29Z,-40.91,0.0,175.39,0.0,16.0,4.0,ML,,,,2.2,0.2,7
1155841,1997-07-17T02:35:35Z,-41.2,0.0,175.78,0.0,21.0,1.0,ML,,,,2.3,0.2,6
1154026,1997-07-17T03:16:06Z,-45.07,0.0,167.56,0.0,85.0,3.0,ML,,,,3.4,0.2,7
1154028,1997-07-17T04:31:04Z,-39.0,0.0,175.2,0.0,163.0,3.0,ML,,,,3.2,0.3,9
1154029,1997-07-17T05:14:32Z,-45.1,0.0,167.11,0.1,24.0,4.0,ML,,,,3.1,0.3,8
1153958,1997-07-17T06:04:34Z,-40.41,0.0,174.13,0.0,92.0,3.0,ML,,,,3.2,0.3,10
1155845,1997-07-17T09:08:55Z,-38.38,0.1,-179.87,0.1,12.0,0.0,ML,,,,3.5,0.4,3
1154030,1997-07-17T11:14:40Z,-45.99,0.0,167.06,0.0,96.0,4.0,ML,,,,3.2,0.2,7
1153960,1997-07-17T16:26:12Z,-40.55,0.0,174.38,0.0,54.0,6.0,ML,,,,2.9,0.2,8
1153961,1997-07-17T17:56:08Z,-37.08,0.0,177.85,0.0,62.0,5.0,ML,,,,5.0,0.3,5
1160975,1997-07-17T18:00:05Z,-39.16,0.0,174.93,0.0,223.0,3.0,ML,,,,3.2,0.4,9
1155948,1997-07-17T18:37:06Z,-39.18,0.0,175.21,0.0,12.0,0.0,ML,,,,2.1,0.2,2
1155949,1997-07-17T20:03:18Z,-39.11,0.0,175.07,0.0,5.0,0.0,ML,,,,2.5,0.0,2
1162935,1997-07-17T20:03:58Z,-40.76,0.0,175.88,0.0,5.0,0.0,ML,,,,2.1,0.2,7
1154134,1997-07-17T21:46:54Z,-45.2,0.0,167.41,0.0,112.0,3.0,ML,,,,3.5,0.2,7
1153962,1997-07-17T22:17:10Z,-40.19,0.0,174.25,0.0,93.0,4.0,ML,,,,2.8,0.5,4
1153963,1997-07-17T22:55:09Z,-37.15,0.0,177.83,0.0,49.0,4.0,ML,,,,4.0,0.3,13
1153964,1997-07-18T00:00:05Z,-39.72,0.0,176.96,0.0,49.0,4.0,ML,,,,4.3,0.1,4
1154975,1997-07-18T00:37:59Z,-37.9,0.0,176.91,0.0,12.0,0.0,ML,,,,3.4,0.2,5
1154136,1997-07-18T02:31:53Z,-45.22,0.0,166.83,0.1,5.0,0.0,ML,,,,2.7,0.2,3
1155952,1997-07-18T04:00:41Z,-39.32,0.0,175.75,0.0,15.0,0.0,ML,,,,2.5,0.2,4
1155953,1997-07-18T04:29:11Z,-39.28,0.0,174.95,0.0,25.0,6.0,ML,,,,2.8,0.2,3
1154477,1997-07-18T06:15:33Z,-39.22,0.0,174.99,0.0,12.0,0.0,ML,,,,2.2,0.1,3
1153965,1997-07-18T07:55:35Z,-40.12,0.0,174.95,0.0,24.0,2.0,ML,,,,2.3,0.3,8
1155908,1997-07-18T08:02:44Z,-39.36,0.0,175.67,0.0,12.0,0.0,ML,,,,1.9,0.2,3
1154138,1997-07-18T09:25:33Z,-45.22,0.0,167.01,0.1,12.0,0.0,ML,,,,2.4,0.3,3
1153966,1997-07-18T10:45:27Z,-40.4,0.0,174.8,0.0,39.0,8.0,ML,,,,3.0,0.2,10
1153967,1997-07-18T13:23:24Z,-39.1,0.0,174.9,0.1,210.0,7.0,ML,,,,4.0,0.3,14
1155954,1997-07-18T14:27:50Z,-39.33,0.0,175.74,0.1,14.0,1.0,ML,,,,2.4,0.2,3
1154146,1997-07-18T15:30:32Z,-38.25,0.1,179.19,0.1,12.0,0.0,ML,,,,2.7,0.2,3
1155956,1997-07-18T16:22:49Z,-38.95,0.0,176.17,0.0,5.0,0.0,ML,,,,2.2,0.1,4
1154147,1997-07-18T16:40:55Z,-46.08,0.0,167.26,0.0,12.0,0.0,ML,,,,3.2,0.2,5
1155957,1997-07-18T16:46:28Z,-38.99,0.1,176.82,0.0,33.0,0.0,ML,,,,3.2,0.1,3
1155911,1997-07-18T17:36:13Z,-39.3,0.0,175.78,0.0,12.0,0.0,ML,,,,1.8,0.2,3
1154977,1997-07-18T17:45:30Z,-37.9,0.0,179.26,0.0,12.0,0.0,ML,,,,3.0,0.2,3
1155912,1997-07-18T18:20:42Z,-39.19,0.0,177.72,0.0,12.0,0.0,ML,,,,3.7,0.4,2
1154149,1997-07-18T19:50:39Z,-44.76,0.0,167.46,0.0,24.0,7.0,ML,,,,2.8,0.3,2
1154580,1997-07-18T20:46:19Z,-43.0,0.0,171.87,0.0,5.0,0.0,ML,,,,2.9,0.2,5
1154150,1997-07-18T21:14:46Z,-45.37,0.0,167.18,0.0,81.0,1.0,ML,,,,2.7,0.1,4
1154151,1997-07-19T00:19:01Z,-44.84,0.0,167.59,0.0,60.0,7.0,ML,,,,3.0,0.3,4
1155961,1997-07-19T00:35:03Z,-39.34,0.0,175.7,0.0,15.0,0.0,ML,,,,2.3,0.2,4
1153969,1997-07-19T02:05:11Z,-40.69,0.0,174.11,0.0,78.0,5.0,ML,,,,3.2,0.3,9
1157493,1997-07-19T05:20:13Z,-42.32,0.0,172.72,0.0,5.0,0.0,ML,,,,2.1,0.2,3
1155962,1997-07-19T06:16:17Z,-38.85,0.0,175.89,0.0,12.0,0.0,ML,,,,1.9,0.1,4
1154152,1997-07-19T06:30:16Z,-45.55,0.0,167.49,0.0,5.0,0.0,ML,,,,3.1,0.2,7
1155963,1997-07-19T06:35:54Z,-39.26,0.0,175.83,0.0,12.0,0.0,ML,,,,1.7,0.2,3
1154153,1997-07-19T06:54:33Z,-45.4,0.2,167.44,0.1,12.0,0.0,ML,,,,2.7,0.3,3
1155919,1997-07-19T08:07:33Z,-37.29,0.0,177.41,0.0,12.0,0.0,ML,,,,3.4,0.1,3
1154154,1997-07-19T08:15:30Z,-45.13,0.0,166.31,0.0,19.0,1.0,ML,,,,2.8,0.2,3
1154482,1997-07-19T08:37:50Z,-39.47,0.0,175.66,0.0,22.0,4.0,ML,,,,2.6,0.4,5
1154156,1997-07-19T09:35:33Z,-45.51,0.0,167.49,0.0,5.0,0.0,ML,,,,2.9,0.3,3
1162941,1997-07-19T09:36:12Z,-42.92,0.0,171.37,0.0,5.0,0.0,ML,,,,3.4,0.3,11
1154158,1997-07-19T10:11:37Z,-45.56,0.1,167.49,0.0,5.0,0.0,ML,,,,2.6,0.1,4
1155964,1997-07-19T10:17:49Z,-39.32,0.0,175.76,0.0,14.0,0.0,ML,,,,2.1,0.2,3
1157680,1997-07-19T11:38:33Z,-39.3,0.0,173.94,0.0,5.0,0.0,ML,,,,1.2,0.1,2
1156721,1997-07-19T12:21:48Z,-41.11,0.0,174.52,0.0,42.0,1.0,ML,,,,2.7,0.2,7
1156724,1997-07-19T13:17:28Z,-41.12,0.0,174.51,0.0,39.0,1.0,ML,,,,2.5,0.2,8
1155966,1997-07-19T14:49:58Z,-39.32,0.0,175.75,0.0,15.0,0.0,ML,,,,2.5,0.2,4
1153971,1997-07-19T15:10:01Z,-40.11,0.0,174.94,0.0,24.0,3.0,ML,,,,2.9,0.3,10
1157724,1997-07-19T16:49:33Z,-38.09,0.0,176.69,0.0,5.0,0.0,ML,,,,2.7,0.3,5
1155971,1997-07-19T17:27:06Z,-39.16,0.0,175.67,0.0,12.0,0.0,ML,,,,1.5,0.3,3
1154586,1997-07-19T17:44:32Z,-42.96,0.0,171.39,0.0,5.0,0.0,ML,,,,2.6,nan,1
1155973,1997-07-19T17:49:39Z,-39.32,0.0,175.77,0.0,14.0,0.0,ML,,,,1.8,0.1,3
1153972,1997-07-19T17:57:45Z,-40.09,0.0,176.12,0.0,61.0,3.0,ML,,,,2.9,0.3,7
1155880,1997-07-19T18:41:42Z,-42.47,0.0,172.88,0.0,5.0,0.0,ML,,,,2.6,0.2,4
1155974,1997-07-19T19:31:54Z,-39.32,0.0,175.75,0.0,15.0,1.0,ML,,,,2.0,0.2,3
1156119,1997-07-19T19:43:43Z,-41.13,0.0,174.5,0.0,34.0,1.0,ML,,,,2.4,0.2,10
1155975,1997-07-19T20:37:08Z,-39.14,0.1,175.11,0.1,33.0,0.0,ML,,,,2.3,0.0,2
1155923,1997-07-19T20:52:27Z,-38.33,0.1,-179.01,0.1,12.0,0.0,ML,,,,4.1,0.2,5
1155977,1997-07-20T00:05:50Z,-39.31,0.0,175.75,0.0,14.0,0.0,ML,,,,2.4,0.1,4
1155979,1997-07-20T00:28:52Z,-39.43,0.0,174.77,0.1,33.0,0.0,ML,,,,2.3,0.3,3
1153973,1997-07-20T00:31:39Z,-39.99,0.0,174.91,0.0,38.0,3.0,ML,,,,2.6,0.2,6
1156734,1997-07-20T01:12:09Z,-40.76,0.0,174.64,0.0,44.0,2.0,ML,,,,2.0,0.1,4
1155926,1997-07-20T03:36:58Z,-37.08,0.0,177.69,0.0,129.0,4.0,ML,,,,3.8,0.2,8
1155980,1997-07-20T03:52:37Z,-39.21,0.0,177.22,0.0,12.0,0.0,ML,,,,3.4,0.2,3
1157142,1997-07-20T04:11:22Z,-41.42,0.1,174.23,0.1,33.0,0.0,ML,,,,1.9,0.1,4
1153974,1997-07-20T04:17:00Z,-39.41,0.0,174.98,0.0,21.0,4.0,ML,,,,2.5,0.4,6
1155887,1997-07-20T04:23:13Z,-41.3,0.0,172.76,0.0,137.0,4.0,ML,,,,2.9,0.1,6
1155982,1997-07-20T05:17:59Z,-39.48,0.0,175.54,0.1,12.0,0.0,ML,,,,2.1,0.2,3
1155983,1997-07-20T05:35:47Z,-39.28,0.0,175.56,0.0,0.0,0.0,ML,,,,1.5,0.2,4
1155888,1997-07-20T05:47:58Z,-41.42,0.0,173.61,0.0,88.0,3.0,ML,,,,3.1,0.2,12
1162989,1997-07-20T05:57:07Z,-39.32,0.0,175.73,0.0,15.0,1.0,ML,,,,2.0,0.2,3
1154590,1997-07-20T05:57:20Z,-43.13,0.0,170.7,0.1,20.0,1.0,ML,,,,2.7,0.5,2
1156737,1997-07-20T08:06:28Z,-42.09,0.0,174.51,0.0,20.0,2.0,ML,,,,2.5,0.2,5
1155984,1997-07-20T08:28:57Z,-39.28,0.0,175.56,0.0,0.0,0.0,ML,,,,1.3,0.2,4
1155927,1997-07-20T08:32:17Z,-39.32,0.0,177.94,0.1,33.0,0.0,ML,,,,3.3,0.3,4
1155986,1997-07-20T11:05:59Z,-38.89,0.0,175.89,0.0,5.0,0.0,ML,,,,1.6,0.3,4
1157692,1997-07-20T11:51:32Z,-39.08,0.0,174.13,0.0,5.0,0.0,ML,,,,1.1,0.1,2
1155988,1997-07-20T13:11:12Z,-40.47,0.0,174.68,0.0,27.0,3.0,ML,,,,2.4,0.2,10
1155989,1997-07-20T13:13:43Z,-39.31,0.0,175.75,0.0,15.0,0.0,ML,,,,2.2,0.2,3
1153975,1997-07-20T13:45:56Z,-40.62,0.0,175.77,0.0,53.0,2.0,ML,,,,3.4,0.2,13
1155990,1997-07-20T14:45:23Z,-39.32,0.0,175.75,0.0,15.0,1.0,ML,,,,1.8,0.2,3
1153976,1997-07-20T17:05:53Z,-39.23,0.0,174.99,0.0,158.0,3.0,ML,,,,5.0,0.2,4
1155994,1997-07-20T17:36:45Z,-39.28,0.0,175.56,0.0,0.0,0.0,ML,,,,1.4,0.2,4
1155995,1997-07-20T18:19:16Z,-39.32,0.0,175.75,0.0,15.0,0.0,ML,,,,1.9,0.2,3
1155996,1997-07-20T18:25:48Z,-39.32,0.0,175.75,0.0,15.0,0.0,ML,,,,2.3,0.1,3
1155997,1997-07-20T18:28:42Z,-39.41,0.0,175.59,0.0,5.0,0.0,ML,,,,1.5,0.2,3
1155998,1997-07-20T18:48:14Z,-39.28,0.0,175.56,0.0,0.0,0.0,ML,,,,1.5,0.2,4
1156000,1997-07-20T19:49:09Z,-39.31,0.0,175.73,0.0,16.0,1.0,ML,,,,1.7,0.2,3
1157156,1997-07-20T20:19:58Z,-41.11,0.0,175.32,0.0,28.0,1.0,ML,,,,2.1,0.1,6
1153977,1997-07-20T20:49:07Z,-40.91,0.0,176.05,0.0,31.0,2.0,ML,,,,3.8,0.2,25
1156137,1997-07-20T21:08:26Z,-39.31,0.0,175.75,0.0,14.0,1.0,ML,,,,2.0,0.1,3
1156150,1997-07-20T21:59:17Z,-41.41,0.0,174.04,0.0,42.0,3.0,ML,,,,2.4,0.2,9
1156167,1997-07-20T23:23:27Z,-40.91,0.0,176.05,0.0,32.0,2.0,ML,,,,1.7,0.2,4
1157196,1997-07-20T23:34:13Z,-39.51,0.0,175.6,0.0,12.0,0.0,ML,,,,2.1,0.2,3
1156858,1997-07-21T00:28:41Z,-39.07,0.0,174.35,0.1,12.0,0.0,ML,,,,1.7,0.1,3
1158255,1997-07-21T00:54:45Z,-39.76,0.1,176.82,0.0,12.0,0.0,ML,,,,3.2,0.2,2
1156860,1997-07-21T01:05:21Z,-40.47,0.0,174.67,0.0,12.0,0.0,ML,,,,1.7,0.2,3
1156747,1997-07-21T01:06:00Z,-40.91,0.0,176.05,0.0,33.0,3.0,ML,,,,2.1,0.2,7
1157380,1997-07-21T01:14:02Z,-41.25,0.0,174.44,0.0,20.0,1.0,ML,,,,1.4,0.1,4
1157696,1997-07-21T02:39:38Z,-39.28,0.0,175.56,0.0,0.0,0.0,ML,,,,1.6,0.3,4
1158256,1997-07-21T03:38:38Z,-39.28,0.0,175.56,0.0,0.0,0.0,ML,,,,1.8,0.2,4
1158257,1997-07-21T03:51:27Z,-39.28,0.0,175.56,0.0,0.0,0.0,ML,,,,1.4,0.1,3
1153978,1997-07-21T04:44:57Z,-39.59,0.0,174.48,0.0,122.0,3.0,ML,,,,4.0,0.2,15
1157744,1997-07-21T05:50:44Z,-42.37,0.0,172.82,0.0,5.0,0.0,ML,,,,2.1,0.3,3
1158258,1997-07-21T07:42:55Z,-39.53,0.1,176.22,0.1,12.0,0.0,ML,,,,2.1,0.1,2
1156751,1997-07-21T09:47:57Z,-40.8,0.0,175.33,0.0,27.0,6.0,ML,,,,1.4,0.2,3
1156178,1997-07-21T10:30:55Z,-37.08,0.0,177.8,0.0,57.0,7.0,ML,,,,3.3,0.3,8
1154593,1997-07-21T10:42:02Z,-43.17,0.0,170.78,0.0,12.0,0.0,ML,,,,2.5,0.4,3
1159514,1997-07-21T11:04:34Z,-41.04,0.0,174.79,0.0,56.0,1.0,ML,,,,2.1,0.2,5
1156426,1997-07-21T11:15:03Z,-41.0,0.1,173.0,0.1,195.0,5.0,ML,,,,2.9,0.3,5
1157830,1997-07-21T12:07:49Z,-40.39,0.0,173.45,0.1,209.0,5.0,ML,,,,2.6,0.2,6
1154594,1997-07-21T12:34:33Z,-42.94,0.0,171.93,0.0,5.0,0.0,ML,,,,2.5,0.1,4
1153979,1997-07-21T13:34:06Z,-41.16,0.0,173.28,0.0,106.0,3.0,ML,,,,4.1,0.1,4
1159518,1997-07-21T13:37:54Z,-41.01,0.0,174.33,0.0,39.0,3.0,ML,,,,2.0,0.2,3
1153980,1997-07-21T13:39:32Z,-40.26,0.0,173.66,0.0,174.0,3.0,ML,,,,3.6,0.2,13
1159519,1997-07-21T13:50:09Z,-41.19,0.0,173.91,0.0,72.0,4.0,ML,,,,2.0,0.1,4
1156752,1997-07-21T14:12:21Z,-40.84,0.0,176.21,0.0,29.0,3.0,ML,,,,2.4,0.2,7
1155944,1997-07-21T14:16:45Z,-41.76,0.0,172.31,0.0,5.0,0.0,ML,,,,2.8,0.2,9
1156863,1997-07-21T15:21:57Z,-39.11,0.0,175.64,0.0,5.0,0.0,ML,,,,1.6,0.1,2
1156753,1997-07-21T16:08:08Z,-38.93,0.0,175.56,0.0,188.0,1.0,ML,,,,3.1,0.1,5
1164937,1997-07-21T16:08:15Z,-40.41,0.0,173.41,0.0,213.0,4.0,ML,,,,3.0,0.3,3
1156864,1997-07-21T16:42:39Z,-38.89,0.0,175.9,0.0,5.0,0.0,ML,,,,1.8,0.2,3
1158259,1997-07-21T17:08:04Z,-39.28,0.0,175.56,0.0,0.0,0.0,ML,,,,1.5,0.2,4
1159521,1997-07-21T17:48:01Z,-41.05,0.0,174.43,0.0,61.0,3.0,ML,,,,1.9,0.2,3
1155945,1997-07-21T20:14:47Z,-41.75,0.0,172.32,0.0,5.0,0.0,ML,,,,2.8,0.6,2
1157751,1997-07-21T22:01:30Z,-42.3,0.0,172.71,0.0,12.0,0.0,ML,,,,2.0,0.2,3
1154183,1997-07-21T22:04:59Z,-45.15,0.1,167.45,0.1,120.0,8.0,ML,,,,3.1,0.3,4
1154595,1997-07-21T23:26:43Z,-40.89,0.0,174.24,0.0,59.0,3.0,ML,,,,3.0,0.2,13
1154192,1997-07-21T23:33:40Z,-39.28,0.0,175.56,0.0,0.0,0.0,ML,,,,1.7,0.2,4
1156868,1997-07-22T00:29:28Z,-41.02,0.0,176.29,0.0,20.0,3.0,ML,,,,2.4,0.3,6
1158369,1997-07-22T01:28:14Z,-41.32,0.0,174.79,0.0,29.0,1.0,ML,,,,2.3,0.2,8
1157717,1997-07-22T03:35:44Z,-39.28,0.0,175.56,0.0,0.0,0.0,ML,,,,1.7,0.2,4
1158262,1997-07-22T04:04:01Z,-39.28,0.0,175.56,0.0,0.0,0.0,ML,,,,1.5,0.2,4
1158263,1997-07-22T05:19:15Z,-39.28,0.0,175.56,0.0,0.0,0.0,ML,,,,1.6,0.2,4
1158264,1997-07-22T05:35:43Z,-39.28,0.0,175.56,0.0,0.0,0.0,ML,,,,1.5,0.1,4
1158265,1997-07-22T05:41:49Z,-39.28,0.0,175.56,0.0,0.0,0.0,ML,,,,1.6,0.2,4
1158266,1997-07-22T05:45:58Z,-39.28,0.0,175.56,0.0,0.0,0.0,ML,,,,1.7,0.2,4
1158267,1997-07-22T05:49:11Z,-39.28,0.0,175.56,0.0,0.0,0.0,ML,,,,1.4,0.1,4
1154359,1997-07-22T06:00:44Z,-44.44,0.0,169.91,0.0,8.0,0.0,ML,,,,2.8,0.2,7
1156560,1997-07-22T08:32:01Z,-40.53,0.0,174.36,0.0,12.0,0.0,ML,,,,2.4,0.2,7
1157757,1997-07-22T08:55:06Z,-41.25,0.0,174.39,0.0,24.0,1.0,ML,,,,2.5,0.1,8
1158269,1997-07-22T09:06:22Z,-39.28,0.0,175.56,0.0,0.0,0.0,ML,,,,1.5,0.2,4
1157758,1997-07-22T09:24:11Z,-41.0,0.0,172.22,0.0,12.0,0.0,ML,,,,2.8,0.7,4
1158270,1997-07-22T09:41:09Z,-39.28,0.0,175.56,0.0,0.0,0.0,ML,,,,1.5,0.1,4
1158426,1997-07-22T09:49:52Z,-40.52,0.0,175.08,0.0,5.0,0.0,ML,,,,1.8,0.2,4
1158271,1997-07-22T11:00:21Z,-39.28,0.0,175.56,0.0,0.0,0.0,ML,,,,1.6,0.2,4
1158272,1997-07-22T11:56:47Z,-39.28,0.0,175.56,0.0,0.0,0.0,ML,,,,1.5,0.2,4
1158273,1997-07-22T12:07:24Z,-39.28,0.0,175.56,0.0,0.0,0.0,ML,,,,1.4,0.1,3
1154200,1997-07-22T12:18:41Z,-45.18,0.0,167.0,0.0,21.0,1.0,ML,,,,2.3,0.0,2
1156489,1997-07-22T12:55:19Z,-39.28,0.0,175.56,0.0,0.0,0.0,ML,,,,1.8,0.2,4
1158428,1997-07-22T13:55:34Z,-39.68,0.0,174.49,0.0,137.0,3.0,ML,,,,2.5,0.2,3
1156191,1997-07-22T14:02:05Z,-38.48,0.0,178.3,0.1,33.0,0.0,ML,,,,2.8,0.3,3
1159568,1997-07-22T14:44:20Z,-41.1,0.0,175.19,0.0,25.0,1.0,ML,,,,1.7,0.1,3
1158274,1997-07-22T14:49:10Z,-39.28,0.0,175.56,0.0,0.0,0.0,ML,,,,1.4,0.1,3
1156193,1997-07-22T14:52:52Z,-38.8,0.0,175.7,0.0,131.0,6.0,ML,,,,3.5,0.2,14
1156052,1997-07-22T15:51:38Z,-40.3,0.0,174.67,0.0,29.0,2.0,ML,,,,1.9,0.2,5
1158277,1997-07-22T16:06:43Z,-39.28,0.0,175.56,0.0,0.0,0.0,ML,,,,1.8,0.2,4
1158278,1997-07-22T17:07:46Z,-41.79,0.0,174.17,0.0,12.0,0.0,ML,,,,2.2,0.1,6
1163495,1997-07-22T17:08:27Z,-39.28,0.0,175.56,0.0,0.0,0.0,ML,,,,1.8,0.1,4
1157760,1997-07-22T17:12:38Z,-43.18,0.0,170.76,0.0,5.0,0.0,ML,,,,3.1,0.3,11
1158279,1997-07-22T17:38:48Z,-39.39,0.0,175.71,0.1,25.0,3.0,ML,,,,2.6,0.2,3
1158429,1997-07-22T17:44:31Z,-41.18,0.0,174.57,0.0,32.0,1.0,ML,,,,2.0,0.1,3
1163497,1997-07-22T17:44:38Z,-41.66,0.0,174.59,0.0,28.0,3.0,ML,,,,1.9,0.3,4
1153982,1997-07-22T17:46:12Z,-40.09,0.0,174.95,0.0,20.0,3.0,ML,,,,2.7,0.4,9
1158280,1997-07-22T20:28:44Z,-39.59,0.0,175.6,0.0,12.0,0.0,ML,,,,2.1,0.2,3
1154204,1997-07-22T20:31:28Z,-45.11,0.0,167.38,0.0,85.0,2.0,ML,,,,3.4,0.2,8
1158281,1997-07-22T20:43:43Z,-39.29,0.0,175.82,0.0,5.0,0.0,ML,,,,2.0,0.3,4
1156054,1997-07-22T21:11:50Z,-39.28,0.0,175.56,0.0,0.0,0.0,ML,,,,1.5,0.1,4
1158434,1997-07-22T21:58:57Z,-41.18,0.0,174.46,0.0,34.0,1.0,ML,,,,1.7,0.2,5
1156199,1997-07-22T22:48:09Z,-37.48,0.0,177.22,0.0,12.0,0.0,ML,,,,3.5,0.3,10
1156497,1997-07-22T23:16:38Z,-41.13,0.0,174.49,0.0,34.0,1.0,ML,,,,2.6,0.2,9
1154207,1997-07-22T23:24:09Z,-45.92,0.0,167.51,0.0,12.0,0.0,ML,,,,2.4,0.3,3
1158283,1997-07-22T23:58:17Z,-40.08,0.0,176.93,0.1,12.0,0.0,ML,,,,2.9,0.4,4
1158733,1997-07-23T00:04:44Z,-40.98,0.0,175.47,0.0,27.0,2.0,ML,,,,1.7,0.1,5
1159591,1997-07-23T01:39:34Z,-41.12,0.0,175.02,0.0,20.0,1.0,ML,,,,2.0,0.1,3
1154209,1997-07-23T03:08:48Z,-45.11,0.0,167.42,0.0,89.0,3.0,ML,,,,3.0,0.4,5
1157975,1997-07-23T04:40:31Z,-39.74,0.0,175.44,0.0,29.0,2.0,ML,,,,3.1,0.3,8
1158443,1997-07-23T04:49:19Z,-40.88,0.0,176.05,0.0,32.0,3.0,ML,,,,2.8,0.2,8
1156245,1997-07-23T05:23:22Z,-38.91,0.0,175.76,0.0,5.0,0.0,ML,,,,1.8,0.3,3
1154210,1997-07-23T06:59:38Z,-44.63,0.0,168.26,0.0,5.0,0.0,ML,,,,2.7,0.1,6
1158445,1997-07-23T08:21:50Z,-41.32,0.0,174.87,0.0,38.0,2.0,ML,,,,1.8,0.1,4
1158285,1997-07-23T10:12:57Z,-39.28,0.0,175.56,0.0,0.0,0.0,ML,,,,1.7,0.1,4
1158372,1997-07-23T10:28:10Z,-41.12,0.0,174.5,0.0,35.0,1.0,ML,,,,2.2,0.2,7
1158286,1997-07-23T11:40:51Z,-39.38,0.0,175.8,0.0,5.0,0.0,ML,,,,3.0,0.3,5
1156562,1997-07-23T12:54:04Z,-39.45,0.0,175.48,0.1,75.0,4.0,ML,,,,2.5,0.2,4
1157977,1997-07-23T13:26:55Z,-39.75,0.0,175.44,0.0,29.0,3.0,ML,,,,2.5,0.3,10
1154211,1997-07-23T14:19:05Z,-45.04,0.0,167.49,0.0,78.0,2.0,ML,,,,4.0,0.3,6
1156261,1997-07-23T15:22:51Z,-38.04,0.0,176.59,0.0,159.0,11.0,ML,,,,3.4,0.4,6
1158446,1997-07-23T15:43:45Z,-38.45,0.0,176.0,0.0,204.0,4.0,ML,,,,3.3,0.4,8
1158287,1997-07-23T16:42:31Z,-40.82,0.0,174.27,0.0,45.0,4.0,ML,,,,2.3,0.2,9
1163502,1997-07-23T16:43:07Z,-39.51,0.0,175.69,0.0,14.0,1.0,ML,,,,2.9,0.2,3
1159619,1997-07-23T17:02:57Z,-41.26,0.0,175.05,0.0,26.0,2.0,ML,,,,1.3,0.1,2
1155946,1997-07-23T18:57:17Z,-41.41,0.0,173.38,0.0,100.0,3.0,ML,,,,3.1,0.2,9
1158800,1997-07-23T19:02:52Z,-40.64,0.0,175.47,0.0,29.0,1.0,ML,,,,2.1,0.2,8
1156269,1997-07-23T19:36:34Z,-38.41,0.0,175.98,0.0,166.0,3.0,ML,,,,3.5,0.2,10
1158288,1997-07-23T21:15:26Z,-39.44,0.0,175.68,0.0,12.0,1.0,ML,,,,2.5,0.2,5
1158289,1997-07-23T21:16:19Z,-39.34,0.0,175.85,0.0,12.0,0.0,ML,,,,2.6,0.2,4
1154212,1997-07-23T22:03:30Z,-44.98,0.0,167.6,0.0,64.0,2.0,ML,,,,2.6,0.1,4
1157517,1997-07-23T22:14:44Z,-39.34,0.0,175.7,0.0,15.0,1.0,ML,,,,2.0,0.2,3
1155947,1997-07-23T23:19:13Z,-41.59,0.0,172.41,0.0,5.0,0.0,ML,,,,2.3,0.1,3
1158456,1997-07-24T00:56:09Z,-40.84,0.0,174.85,0.0,37.0,1.0,ML,,,,2.2,0.3,5
1154221,1997-07-24T02:25:40Z,-37.83,0.0,176.91,0.0,5.0,0.0,ML,,,,3.5,0.3,11
1154222,1997-07-24T02:54:11Z,-45.07,0.0,167.36,0.0,49.0,5.0,ML,,,,2.7,0.2,4
1158462,1997-07-24T03:01:19Z,-40.41,0.0,176.6,0.0,56.0,3.0,ML,,,,2.7,0.2,5
1158463,1997-07-24T03:04:50Z,-40.24,0.0,174.56,0.0,12.0,0.0,ML,,,,2.0,0.0,4
1158668,1997-07-24T03:57:05Z,-40.93,0.0,176.02,0.0,30.0,2.0,ML,,,,2.3,0.2,6
1159698,1997-07-24T04:25:13Z,-40.9,0.0,175.0,0.0,30.0,1.0,ML,,,,1.3,0.1,3
1159702,1997-07-24T04:51:01Z,-41.2,0.0,174.56,0.0,31.0,0.0,ML,,,,1.4,0.1,3
1158478,1997-07-24T05:46:56Z,-41.16,0.0,174.72,0.0,29.0,1.0,ML,,,,2.5,0.1,8
1158290,1997-07-24T06:05:54Z,-39.28,0.0,175.56,0.0,0.0,0.0,ML,,,,1.6,0.2,4
1157958,1997-07-24T06:30:33Z,-39.28,0.0,175.56,0.0,0.0,0.0,ML,,,,1.5,0.1,4
1158291,1997-07-24T07:04:30Z,-39.28,0.0,175.56,0.0,0.0,0.0,ML,,,,1.6,0.1,4
1158184,1997-07-24T07:20:25Z,-38.04,0.0,175.97,0.0,228.0,3.0,ML,,,,3.8,0.1,11
1158292,1997-07-24T07:33:35Z,-39.28,0.0,175.56,0.0,0.0,0.0,ML,,,,1.6,0.2,4
1158293,1997-07-24T07:45:16Z,-39.28,0.0,175.56,0.0,0.0,0.0,ML,,,,1.8,0.2,4
1158294,1997-07-24T08:24:05Z,-39.28,0.0,175.56,0.0,0.0,0.0,ML,,,,1.6,0.1,4
1157772,1997-07-24T08:25:45Z,-42.17,0.0,173.87,0.0,32.0,1.0,ML,,,,2.4,0.1,4
1158295,1997-07-24T08:28:27Z,-39.46,0.0,175.77,0.1,23.0,4.0,ML,,,,2.3,0.3,3
1158297,1997-07-24T09:41:58Z,-39.28,0.0,175.56,0.0,0.0,0.0,ML,,,,1.6,0.1,4
1158298,1997-07-24T10:37:08Z,-39.28,0.0,175.56,0.0,0.0,0.0,ML,,,,1.8,0.2,4
1156289,1997-07-24T11:00:18Z,-41.64,0.0,174.3,0.0,22.0,3.0,ML,,,,2.6,0.2,11
1156565,1997-07-24T11:06:46Z,-39.81,0.0,174.09,0.0,155.0,4.0,ML,,,,3.3,0.2,10
1158299,1997-07-24T11:25:15Z,-39.28,0.0,175.56,0.0,0.0,0.0,ML,,,,1.9,0.1,4
1159709,1997-07-24T11:49:52Z,-41.13,0.0,174.45,0.1,34.0,1.0,ML,,,,1.9,0.0,4
1158483,1997-07-24T12:36:11Z,-41.19,0.0,176.17,0.0,33.0,2.0,ML,,,,2.7,0.2,8
1158484,1997-07-24T12:44:09Z,-40.38,0.0,176.65,0.1,55.0,10.0,ML,,,,3.3,0.3,10
1158300,1997-07-24T13:16:33Z,-39.28,0.0,175.56,0.0,0.0,0.0,ML,,,,1.6,0.1,4
1158301,1997-07-24T13:35:58Z,-39.28,0.0,175.56,0.0,0.0,0.0,ML,,,,1.7,0.1,4
1158485,1997-07-24T13:46:26Z,-40.63,0.0,174.22,0.0,88.0,3.0,ML,,,,2.6,0.2,6
1158302,1997-07-24T14:09:04Z,-39.28,0.0,175.56,0.0,0.0,0.0,ML,,,,1.8,0.1,4
1163508,1997-07-24T14:27:53Z,-39.28,0.0,175.56,0.0,0.0,0.0,ML,,,,1.8,0.2,4
1158303,1997-07-24T14:27:53Z,-40.91,0.0,175.07,0.0,25.0,2.0,ML,,,,2.4,0.2,8
1158304,1997-07-24T14:37:18Z,-39.73,0.0,174.88,0.1,98.0,8.0,ML,,,,3.1,nan,1
1158305,1997-07-24T14:45:43Z,-39.28,0.0,175.56,0.0,0.0,0.0,ML,,,,1.7,0.1,3
1157776,1997-07-24T15:01:43Z,-41.53,0.0,173.46,0.0,91.0,3.0,ML,,,,2.2,0.1,4
1154226,1997-07-24T15:08:01Z,-45.21,0.0,167.33,0.0,69.0,2.0,ML,,,,3.8,0.3,5
1158306,1997-07-24T15:34:11Z,-39.28,0.0,175.56,0.0,0.0,0.0,ML,,,,1.5,0.1,3
1158307,1997-07-24T16:11:21Z,-39.28,0.0,175.56,0.0,0.0,0.0,ML,,,,1.7,0.1,4
1158308,1997-07-24T16:31:57Z,-39.28,0.0,175.56,0.0,0.0,0.0,ML,,,,1.8,0.2,4
1158309,1997-07-24T18:31:16Z,-39.28,0.0,175.56,0.0,0.0,0.0,ML,,,,1.8,0.2,4
1158310,1997-07-24T19:23:39Z,-39.28,0.0,175.56,0.0,0.0,0.0,ML,,,,1.7,0.1,4
1156510,1997-07-24T20:10:57Z,-39.28,0.0,175.56,0.0,0.0,0.0,ML,,,,1.5,0.1,4
1158311,1997-07-24T20:48:09Z,-39.28,0.0,175.56,0.0,0.0,0.0,ML,,,,1.8,0.1,4
1158312,1997-07-24T20:48:41Z,-39.52,0.0,175.68,0.1,12.0,0.0,ML,,,,2.6,0.2,3
1158215,1997-07-24T21:32:36Z,-39.28,0.0,175.56,0.0,0.0,0.0,ML,,,,1.8,0.2,4
1158313,1997-07-24T22:26:31Z,-39.05,0.0,175.16,0.0,5.0,0.0,ML,,,,2.0,0.1,2
1156318,1997-07-24T22:30:38Z,-38.19,0.0,178.74,0.0,12.0,0.0,ML,,,,3.1,0.3,3
1158314,1997-07-24T22:50:29Z,-39.28,0.0,175.56,0.0,0.0,0.0,ML,,,,1.5,0.1,4
1158315,1997-07-25T00:02:05Z,-39.28,0.0,175.56,0.0,0.0,0.0,ML,,,,1.6,0.1,4
1158316,1997-07-25T00:19:41Z,-39.28,0.0,175.56,0.0,0.0,0.0,ML,,,,1.8,0.1,4
1158510,1997-07-25T00:35:49Z,-40.79,0.0,174.93,0.0,25.0,1.0,ML,,,,2.1,0.1,4
1156098,1997-07-25T00:43:27Z,-43.01,0.0,171.41,0.0,5.0,0.0,ML,,,,2.9,0.4,4
1156322,1997-07-25T00:57:21Z,-39.28,0.0,175.56,0.0,0.0,0.0,ML,,,,1.8,0.1,4
1156324,1997-07-25T01:15:57Z,-39.31,0.0,175.77,0.0,14.0,1.0,ML,,,,2.6,0.2,4
1158318,1997-07-25T02:31:57Z,-39.28,0.0,175.56,0.0,0.0,0.0,ML,,,,1.6,0.2,4
1156100,1997-07-25T02:51:06Z,-43.18,0.0,170.81,0.0,5.0,0.0,ML,,,,2.5,0.1,2
1158319,1997-07-25T02:55:02Z,-39.28,0.0,175.56,0.0,0.0,0.0,ML,,,,1.6,0.1,4
1158320,1997-07-25T03:46:57Z,-39.28,0.0,175.56,0.0,0.0,0.0,ML,,,,1.7,0.1,4
1158321,1997-07-25T04:53:31Z,-39.28,0.0,175.56,0.0,0.0,0.0,ML,,,,1.8,0.1,4
1156567,1997-07-25T04:57:57Z,-39.23,0.0,173.72,0.0,12.0,0.0,ML,,,,2.5,0.5,3
1158322,1997-07-25T05:50:40Z,-39.28,0.0,175.56,0.0,0.0,0.0,ML,,,,1.7,0.1,4
1157961,1997-07-25T06:21:07Z,-39.28,0.0,175.56,0.0,0.0,0.0,ML,,,,1.8,0.1,4
1157962,1997-07-25T06:37:54Z,-39.28,0.0,175.56,0.0,0.0,0.0,ML,,,,1.7,0.1,4
1156333,1997-07-25T07:20:16Z,-39.06,0.2,177.25,0.1,12.0,0.0,ML,,,,3.7,0.1,3
1158323,1997-07-25T07:35:03Z,-39.48,0.0,175.64,0.1,12.0,0.0,ML,,,,2.4,0.2,3
1159739,1997-07-25T07:42:50Z,-41.09,0.0,175.03,0.0,27.0,2.0,ML,,,,1.6,0.1,3
1158324,1997-07-25T07:47:06Z,-39.28,0.0,175.56,0.0,0.0,0.0,ML,,,,1.6,0.1,4
1156568,1997-07-25T07:52:56Z,-39.34,0.0,175.4,0.0,12.0,0.0,ML,,,,2.1,0.1,4
1158325,1997-07-25T08:35:16Z,-39.28,0.0,175.56,0.0,0.0,0.0,ML,,,,1.8,0.2,4
1154243,1997-07-25T08:38:46Z,-45.02,0.0,167.58,0.0,5.0,0.0,ML,,,,2.1,0.1,4
1158840,1997-07-25T09:02:04Z,-40.96,0.0,175.4,0.0,47.0,2.0,ML,,,,1.9,0.2,6
1157978,1997-07-25T09:42:44Z,-40.41,0.0,174.88,0.0,28.0,2.0,ML,,,,2.9,0.3,12
1157783,1997-07-25T10:31:20Z,-43.02,0.0,171.37,0.0,5.0,0.0,ML,,,,2.2,0.1,3
1157979,1997-07-25T11:18:42Z,-39.45,0.0,175.71,0.0,23.0,2.0,ML,,,,3.0,0.3,4
1158841,1997-07-25T11:20:32Z,-41.21,0.0,176.16,0.1,34.0,2.0,ML,,,,1.9,0.2,6
1157784,1997-07-25T11:21:58Z,-39.31,0.0,175.79,0.0,12.0,0.0,ML,,,,2.4,0.2,4
1156101,1997-07-25T12:11:24Z,-38.89,0.0,174.98,0.0,229.0,3.0,ML,,,,4.4,0.2,14
1158327,1997-07-25T13:28:03Z,-39.28,0.0,175.56,0.0,0.0,0.0,ML,,,,1.6,0.1,4
1156339,1997-07-25T13:34:25Z,-38.81,0.0,175.99,0.0,110.0,2.0,ML,,,,3.5,0.3,12
1158328,1997-07-25T14:05:00Z,-39.42,0.0,175.74,0.1,23.0,2.0,ML,,,,2.0,0.2,3
1157787,1997-07-25T16:20:25Z,-43.24,0.0,170.85,0.0,12.0,0.0,ML,,,,2.1,0.2,2
1156341,1997-07-25T16:25:00Z,-38.3,0.1,176.22,0.1,185.0,11.0,ML,,,,3.2,0.3,5
1156342,1997-07-25T17:03:50Z,-35.49,0.1,179.29,0.1,235.0,11.0,ML,,,,4.6,0.3,15
1156343,1997-07-25T17:54:17Z,-36.22,0.2,177.22,0.1,33.0,0.0,ML,,,,3.8,0.3,4
1157790,1997-07-25T19:55:37Z,-41.22,0.0,175.37,0.0,23.0,1.0,ML,,,,3.1,0.2,11
1158329,1997-07-25T20:00:06Z,-38.88,0.0,176.73,0.1,33.0,0.0,ML,,,,2.9,0.3,5
1156344,1997-07-25T20:07:00Z,-37.86,0.0,177.38,0.0,60.0,3.0,ML,,,,3.7,0.2,12
1156346,1997-07-25T22:27:54Z,-38.49,0.1,175.87,0.1,146.0,18.0,ML,,,,3.3,0.2,7
1158330,1997-07-25T22:39:56Z,-39.25,0.0,175.53,0.0,13.0,1.0,ML,,,,2.1,0.2,3
1157521,1997-07-25T23:05:28Z,-40.72,0.0,174.2,0.1,81.0,4.0,ML,,,,1.9,0.1,3
1158375,1997-07-25T23:46:13Z,-41.85,0.0,174.58,0.0,27.0,2.0,ML,,,,2.6,0.2,9
1156570,1997-07-26T00:42:09Z,-38.82,0.0,175.89,0.0,5.0,0.0,ML,,,,2.3,0.2,8
1158849,1997-07-26T01:11:42Z,-40.48,0.0,174.68,0.0,29.0,3.0,ML,,,,2.0,0.1,5
1154250,1997-07-26T02:32:50Z,-45.36,0.0,166.64,0.0,22.0,1.0,ML,,,,2.7,0.2,4
1158543,1997-07-26T02:35:59Z,-40.51,0.0,173.42,0.0,207.0,3.0,ML,,,,3.3,0.3,8
1158331,1997-07-26T04:57:32Z,-38.81,0.0,175.88,0.0,12.0,1.0,ML,,,,2.1,0.1,3
1158332,1997-07-26T05:40:40Z,-39.28,0.0,175.56,0.0,0.0,0.0,ML,,,,1.7,0.2,4
1156356,1997-07-26T06:12:21Z,-36.8,0.0,178.76,0.1,33.0,0.0,ML,,,,2.9,0.5,2
1157965,1997-07-26T06:51:55Z,-39.7,0.0,174.95,0.0,76.0,3.0,ML,,,,2.5,0.2,6
1158333,1997-07-26T08:42:39Z,-38.83,0.0,175.88,0.0,5.0,0.0,ML,,,,1.7,0.2,2
1159772,1997-07-26T08:44:40Z,-40.65,0.1,175.46,0.0,12.0,0.0,ML,,,,1.7,0.2,2
1156571,1997-07-26T09:59:05Z,-41.1,0.0,173.52,0.0,87.0,3.0,ML,,,,2.5,0.2,4
1158334,1997-07-26T10:10:42Z,-38.81,0.0,175.87,0.0,12.0,0.0,ML,,,,1.5,0.2,2
1158147,1997-07-26T11:22:55Z,-42.53,0.0,174.0,0.0,33.0,0.0,ML,,,,2.6,0.2,6
1158376,1997-07-26T11:56:35Z,-40.33,0.0,174.54,0.0,84.0,3.0,ML,,,,3.0,0.2,9
1164673,1997-07-26T13:27:00Z,-39.28,0.0,175.56,0.0,0.0,0.0,ML,,,,1.6,0.1,3
1159778,1997-07-26T13:59:01Z,-40.66,0.0,175.0,0.0,36.0,2.0,ML,,,,1.8,0.2,4
1158335,1997-07-26T14:26:47Z,-39.28,0.0,175.56,0.0,0.0,0.0,ML,,,,1.8,0.1,4
1159779,1997-07-26T15:36:25Z,-41.15,0.0,175.78,0.0,28.0,1.0,ML,,,,1.6,0.1,5
1154255,1997-07-26T15:43:19Z,-39.28,0.0,175.56,0.0,0.0,0.0,ML,,,,1.8,0.1,4
1156572,1997-07-26T15:54:40Z,-40.28,0.0,174.4,0.0,67.0,6.0,ML,,,,2.4,0.3,4
1158337,1997-07-26T16:30:52Z,-39.31,0.0,175.78,0.0,12.0,0.0,ML,,,,1.7,0.2,3
1158338,1997-07-26T16:41:29Z,-38.81,0.0,175.86,0.0,11.0,1.0,ML,,,,1.9,0.2,2
1158860,1997-07-26T16:44:41Z,-40.55,0.0,175.54,0.0,38.0,2.0,ML,,,,1.8,0.4,5
1158377,1997-07-26T17:09:49Z,-41.27,0.0,174.9,0.0,28.0,1.0,ML,,,,2.4,0.2,11
1158339,1997-07-26T17:42:35Z,-39.56,0.0,175.66,0.0,24.0,2.0,ML,,,,2.6,0.2,3
1158340,1997-07-26T18:15:32Z,-39.28,0.0,175.56,0.0,0.0,0.0,ML,,,,1.5,0.1,4
1158341,1997-07-26T19:20:44Z,-39.28,0.0,175.56,0.0,0.0,0.0,ML,,,,1.9,0.1,4
1156573,1997-07-26T19:20:54Z,-38.35,0.0,176.08,0.0,163.0,5.0,ML,,,,3.9,0.5,10
1154257,1997-07-26T19:49:35Z,-45.19,0.0,167.04,0.1,12.0,0.0,ML,,,,2.5,0.2,6
1158342,1997-07-26T20:17:04Z,-39.28,0.0,175.56,0.0,0.0,0.0,ML,,,,1.4,0.1,4
1156366,1997-07-26T20:24:05Z,-37.16,0.1,176.9,0.1,251.0,8.0,ML,,,,4.1,0.2,10
1158343,1997-07-26T20:41:59Z,-39.28,0.0,175.56,0.0,0.0,0.0,ML,,,,1.6,0.1,4
1158344,1997-07-26T21:33:29Z,-39.14,0.0,175.65,0.0,5.0,0.0,ML,,,,1.4,0.1,2
1156369,1997-07-26T22:12:48Z,-41.61,0.0,174.7,0.0,24.0,2.0,ML,,,,2.0,0.3,5
1154263,1997-07-26T22:29:35Z,-39.28,0.0,175.56,0.0,0.0,0.0,ML,,,,1.6,0.1,4
1158194,1997-07-26T22:34:30Z,-40.91,0.0,175.68,0.0,15.0,3.0,ML,,,,2.8,0.2,7
1154266,1997-07-26T22:44:42Z,-41.09,0.0,174.46,0.0,34.0,1.0,ML,,,,2.5,0.2,12
1158648,1997-07-26T23:14:27Z,-43.21,0.0,170.99,0.0,5.0,0.0,ML,,,,2.2,0.2,2
1156575,1997-07-27T00:10:49Z,-39.95,0.0,174.58,0.0,94.0,3.0,ML,,,,2.4,0.3,5
1154272,1997-07-27T00:20:25Z,-39.28,0.0,175.56,0.0,0.0,0.0,ML,,,,1.8,0.1,4
1158346,1997-07-27T01:32:29Z,-39.28,0.0,175.56,0.0,0.0,0.0,ML,,,,1.8,0.1,4
1156371,1997-07-27T02:32:25Z,-38.47,0.0,176.0,0.0,166.0,3.0,ML,,,,3.8,0.3,12
1154285,1997-07-27T03:13:09Z,-45.31,0.0,167.47,0.0,5.0,0.0,ML,,,,1.6,0.1,3
1158347,1997-07-27T03:14:41Z,-39.28,0.0,175.56,0.0,0.0,0.0,ML,,,,1.7,0.1,4
1154286,1997-07-27T03:29:09Z,-45.01,0.0,167.47,0.0,5.0,0.0,ML,,,,3.6,0.2,6
1154288,1997-07-27T04:21:27Z,-45.0,0.0,167.49,0.0,5.0,0.0,ML,,,,2.2,0.2,3
1154289,1997-07-27T04:31:17Z,-45.15,0.0,166.85,0.0,20.0,1.0,ML,,,,2.2,0.3,3
1156576,1997-07-27T04:52:51Z,-40.08,0.0,174.57,0.0,107.0,4.0,ML,,,,3.2,0.2,9
1158547,1997-07-27T04:59:12Z,-41.01,0.0,175.35,0.0,37.0,7.0,ML,,,,1.8,0.1,7
1157969,1997-07-27T05:01:29Z,-39.28,0.0,175.56,0.0,0.0,0.0,ML,,,,1.8,0.1,4
1156577,1997-07-27T05:19:46Z,-39.27,0.0,175.07,0.0,30.0,4.0,ML,,,,2.5,0.3,3
1164678,1997-07-27T05:20:00Z,-39.23,0.0,175.09,0.0,29.0,1.0,ML,,,,2.7,0.2,4
1158548,1997-07-27T05:44:19Z,-41.24,0.0,175.44,0.0,18.0,1.0,ML,,,,1.6,0.2,7
1154291,1997-07-27T06:09:57Z,-44.28,0.0,168.27,0.0,5.0,0.0,ML,,,,3.3,0.3,11
1158348,1997-07-27T06:32:39Z,-39.28,0.0,175.56,0.0,0.0,0.0,ML,,,,1.7,0.1,4
1159788,1997-07-27T06:34:08Z,-41.08,0.0,174.92,0.0,29.0,2.0,ML,,,,1.4,0.2,5
1158550,1997-07-27T07:42:40Z,-40.76,0.0,176.45,0.0,27.0,4.0,ML,,,,2.4,0.3,4
1158551,1997-07-27T08:55:41Z,-40.6,0.0,174.31,0.0,73.0,3.0,ML,,,,2.2,0.2,4
1158351,1997-07-27T09:17:58Z,-39.73,0.0,174.33,0.1,121.0,8.0,ML,,,,2.5,0.1,4
1158552,1997-07-27T09:48:14Z,-41.08,0.0,176.15,0.0,33.0,1.0,ML,,,,1.8,0.1,4
1158652,1997-07-27T10:55:56Z,-43.07,0.0,170.66,0.0,10.0,1.0,ML,,,,2.5,0.1,4
1154376,1997-07-27T12:30:27Z,-45.34,0.0,167.32,0.0,110.0,3.0,ML,,,,2.9,0.4,4
1159792,1997-07-27T12:38:35Z,-40.98,0.0,174.76,0.0,34.0,1.0,ML,,,,1.6,0.2,4
1158871,1997-07-27T12:49:59Z,-40.88,0.0,176.03,0.1,32.0,3.0,ML,,,,2.0,0.1,5
1158353,1997-07-27T13:01:17Z,-39.41,0.0,175.73,0.0,17.0,1.0,ML,,,,2.3,0.1,3
1158354,1997-07-27T13:16:14Z,-39.42,0.0,175.63,0.0,30.0,0.0,ML,,,,1.9,0.3,3
1158355,1997-07-27T13:21:45Z,-39.28,0.0,175.56,0.0,0.0,0.0,ML,,,,1.6,0.1,4
1158153,1997-07-27T13:26:11Z,-39.82,0.0,174.02,0.0,232.0,3.0,ML,,,,3.2,0.2,8
1154293,1997-07-27T13:30:29Z,-46.33,0.0,166.84,0.0,96.0,2.0,ML,,,,4.2,0.3,6
1154294,1997-07-27T13:45:17Z,-45.04,0.0,167.34,0.0,5.0,0.0,ML,,,,2.4,0.2,3
1164763,1997-07-27T13:46:03Z,-39.28,0.0,175.56,0.0,0.0,0.0,ML,,,,1.6,0.2,4
1154377,1997-07-27T14:17:34Z,-44.45,0.0,168.88,0.0,12.0,0.0,ML,,,,2.8,0.2,8
1159796,1997-07-27T14:28:03Z,-41.19,0.0,174.64,0.0,34.0,1.0,ML,,,,1.6,0.1,4
1154295,1997-07-27T14:44:30Z,-45.06,0.0,167.53,0.0,113.0,4.0,ML,,,,3.7,0.2,6
1158553,1997-07-27T15:10:20Z,-39.81,0.0,174.0,0.0,142.0,4.0,ML,,,,3.1,0.2,7
1156581,1997-07-27T16:15:54Z,-38.58,0.0,177.04,0.0,5.0,0.0,ML,,,,3.7,0.3,28
1158356,1997-07-27T16:34:26Z,-38.68,0.0,175.57,0.1,184.0,3.0,ML,,,,2.9,0.2,4
1158404,1997-07-27T16:56:49Z,-38.12,0.0,176.24,0.0,5.0,0.0,ML,,,,2.5,0.3,6
1158554,1997-07-27T17:40:58Z,-40.22,0.0,174.31,0.0,96.0,4.0,ML,,,,2.4,0.1,7
1154297,1997-07-27T18:56:17Z,-44.04,0.0,169.5,0.0,12.0,0.0,ML,,,,3.3,0.2,9
1158557,1997-07-27T20:30:40Z,-41.42,0.0,174.58,0.0,26.0,3.0,ML,,,,1.4,0.1,5
1158378,1997-07-27T20:46:56Z,-41.73,0.0,174.66,0.0,32.0,1.0,ML,,,,2.6,0.2,9
1158203,1997-07-27T21:25:22Z,-37.86,0.0,178.43,0.2,12.0,0.0,ML,,,,2.6,0.1,3
1158560,1997-07-27T21:33:24Z,-41.66,0.0,174.58,0.0,25.0,1.0,ML,,,,2.0,0.3,5
1158561,1997-07-27T21:55:23Z,-41.72,0.0,174.17,0.0,14.0,2.0,ML,,,,1.6,0.3,3
1162402,1997-07-27T23:30:03Z,-39.22,0.0,173.87,0.0,12.0,0.0,ML,,,,1.1,0.1,2
1158157,1997-07-28T00:45:33Z,-41.02,0.0,174.92,0.0,52.0,2.0,ML,,,,2.1,0.2,5
1158878,1997-07-28T02:06:48Z,-38.42,0.1,175.8,0.1,223.0,14.0,ML,,,,3.2,0.2,5
1158569,1997-07-28T02:18:49Z,-40.84,0.0,174.06,0.0,66.0,4.0,ML,,,,2.3,0.2,4
1159850,1997-07-28T02:22:31Z,-39.09,0.0,175.32,0.0,5.0,0.0,ML,,,,1.5,0.0,2
1158570,1997-07-28T02:43:49Z,-41.14,0.0,174.49,0.0,37.0,2.0,ML,,,,1.4,0.0,3
1160494,1997-07-28T03:54:25Z,-39.37,0.0,175.76,0.0,12.0,0.0,ML,,,,2.2,0.2,3
1160495,1997-07-28T04:47:02Z,-39.48,0.0,175.82,0.0,12.0,0.0,ML,,,,2.1,0.2,3
1158596,1997-07-28T06:08:02Z,-40.9,0.0,175.08,0.0,32.0,1.0,ML,,,,1.4,0.1,3
1160497,1997-07-28T07:07:04Z,-39.16,0.0,175.61,0.1,12.0,0.0,ML,,,,1.0,0.1,2
1160498,1997-07-28T07:51:21Z,-39.3,0.0,175.52,0.0,14.0,1.0,ML,,,,1.7,0.1,3
1158160,1997-07-28T08:24:01Z,-41.0,0.0,174.5,0.0,62.0,1.0,ML,,,,2.9,0.2,11
1156113,1997-07-28T10:33:04Z,-43.18,0.0,170.84,0.0,1.0,1.0,ML,,,,2.7,0.1,3
1158205,1997-07-28T10:49:35Z,-37.91,0.0,178.23,0.0,57.0,2.0,ML,,,,3.3,0.1,4
1159876,1997-07-28T11:37:11Z,-41.69,0.0,174.56,0.1,33.0,0.0,ML,,,,1.9,0.2,5
1158206,1997-07-28T14:00:13Z,-38.26,0.0,178.52,0.0,5.0,0.0,ML,,,,2.4,0.1,3
1158245,1997-07-28T14:19:24Z,-39.31,0.0,175.74,0.0,12.0,0.0,ML,,,,2.7,0.2,4
1160499,1997-07-28T14:28:15Z,-39.33,0.0,175.74,0.0,15.0,1.0,ML,,,,1.8,0.2,3
1157987,1997-07-28T14:36:10Z,-40.48,0.0,176.27,0.1,33.0,0.0,ML,,,,2.8,0.4,4
1158881,1997-07-28T14:52:29Z,-38.52,0.1,176.07,0.1,216.0,9.0,ML,,,,3.2,0.2,4
1157988,1997-07-28T16:04:56Z,-39.74,0.0,174.97,0.0,29.0,1.0,ML,,,,2.3,0.3,5
1158638,1997-07-28T17:03:47Z,-38.29,0.0,175.92,0.1,190.0,4.0,ML,,,,3.2,0.2,4
1160503,1997-07-28T17:18:38Z,-39.33,0.0,175.78,0.0,12.0,0.0,ML,,,,1.5,0.1,2
1159884,1997-07-28T17:51:20Z,-40.93,0.0,175.0,0.0,33.0,1.0,ML,,,,1.7,0.3,3
1158882,1997-07-28T18:25:16Z,-38.0,0.0,176.12,0.1,201.0,6.0,ML,,,,3.4,0.2,7
1158641,1997-07-28T18:49:02Z,-38.16,0.0,176.08,0.0,5.0,0.0,ML,,,,2.1,0.4,3
1158164,1997-07-28T20:16:14Z,-42.04,0.0,172.06,0.0,12.0,0.0,ML,,,,2.7,0.3,2
1165000,1997-07-28T21:35:26Z,-38.17,0.0,176.08,0.0,5.0,0.0,ML,,,,2.3,0.4,5
1158643,1997-07-28T21:36:27Z,-41.7,0.0,174.65,0.1,28.0,4.0,ML,,,,2.3,0.1,3
1160599,1997-07-28T21:59:07Z,-38.16,0.0,176.26,0.0,5.0,0.0,ML,,,,2.2,0.5,3
1157551,1997-07-28T22:09:50Z,-39.28,0.0,175.56,0.0,0.0,0.0,ML,,,,1.5,0.2,3
1159891,1997-07-28T22:20:19Z,-41.11,0.0,174.54,0.1,34.0,3.0,ML,,,,2.2,0.2,5
1160504,1997-07-28T22:50:51Z,-39.28,0.0,175.56,0.0,0.0,0.0,ML,,,,1.7,0.2,3
1160307,1997-07-28T22:58:11Z,-36.62,0.1,176.48,0.2,240.0,30.0,ML,,,,3.7,0.1,4
1159893,1997-07-28T23:07:56Z,-39.1,0.0,175.02,0.0,12.0,0.0,ML,,,,2.1,0.1,2
1159894,1997-07-28T23:15:47Z,-41.61,0.0,174.22,0.0,58.0,3.0,ML,,,,2.5,0.2,6
1159897,1997-07-28T23:24:32Z,-41.03,0.0,174.79,0.0,58.0,1.0,ML,,,,2.5,0.2,5
1160506,1997-07-28T23:53:33Z,-39.28,0.0,175.56,0.0,0.0,0.0,ML,,,,1.6,0.3,3
1160509,1997-07-29T01:30:36Z,-38.66,0.0,175.11,0.1,5.0,0.0,ML,,,,2.3,0.1,2
1159907,1997-07-29T02:10:01Z,-40.98,0.0,175.13,0.0,31.0,2.0,ML,,,,1.5,0.4,2
1158903,1997-07-29T02:37:40Z,-44.37,0.0,168.67,0.0,5.0,0.0,ML,,,,3.7,0.1,4
1158248,1997-07-29T03:21:04Z,-42.27,0.0,173.07,0.1,12.0,0.0,ML,,,,2.8,0.2,3
1160510,1997-07-29T03:41:02Z,-39.54,0.0,177.22,0.1,26.0,2.0,ML,,,,3.2,0.3,8
1159928,1997-07-29T04:15:09Z,-37.6,0.0,176.55,0.0,201.0,6.0,ML,,,,3.5,0.1,12
1157991,1997-07-29T05:42:03Z,-39.34,0.0,175.72,0.0,16.0,1.0,ML,,,,2.8,0.4,6
1160511,1997-07-29T05:44:16Z,-39.27,0.0,175.77,0.0,12.0,0.0,ML,,,,1.4,0.1,3
1160512,1997-07-29T06:16:48Z,-38.97,0.0,177.16,0.0,33.0,0.0,ML,,,,2.9,0.4,7
1165127,1997-07-29T06:17:33Z,-40.25,0.0,176.49,0.0,12.0,0.0,ML,,,,2.7,0.2,5
1160443,1997-07-29T06:36:10Z,-39.12,0.0,174.94,0.0,22.0,4.0,ML,,,,2.5,0.2,5
1159941,1997-07-29T07:18:15Z,-43.17,0.0,171.48,0.0,5.0,0.0,ML,,,,2.4,0.1,5
1165128,1997-07-29T07:18:54Z,-39.34,0.0,175.74,0.0,14.0,2.0,ML,,,,2.6,0.3,12
1160513,1997-07-29T08:39:38Z,-39.32,0.0,175.76,0.0,14.0,1.0,ML,,,,1.9,0.2,3
1160514,1997-07-29T08:46:15Z,-39.34,0.0,175.73,0.0,16.0,1.0,ML,,,,1.5,0.1,3
1160515,1997-07-29T09:45:55Z,-39.28,0.0,175.56,0.0,0.0,0.0,ML,,,,1.4,0.2,4
1160516,1997-07-29T10:02:00Z,-38.61,0.0,175.97,0.1,176.0,6.0,ML,,,,3.0,0.1,2
1159942,1997-07-29T10:31:01Z,-39.8,0.0,177.06,0.0,37.0,2.0,ML,,,,3.3,0.2,10
1158249,1997-07-29T11:22:24Z,-41.57,0.0,172.35,0.0,5.0,0.0,ML,,,,2.7,0.1,2
1160517,1997-07-29T11:28:46Z,-39.28,0.0,175.81,0.0,5.0,0.0,ML,,,,1.4,0.1,3
1158034,1997-07-29T12:21:08Z,-44.37,0.0,168.66,0.0,5.0,0.0,ML,,,,3.4,0.1,8
1160518,1997-07-29T14:11:11Z,-39.58,0.0,177.03,0.0,24.0,1.0,ML,,,,3.0,0.3,7
1157992,1997-07-29T15:07:18Z,-41.34,0.0,173.44,0.0,89.0,3.0,ML,,,,3.9,0.2,9
1160232,1997-07-29T16:21:03Z,-43.3,0.0,171.12,0.0,12.0,0.0,ML,,,,2.4,0.2,4
1159943,1997-07-29T16:37:01Z,-41.28,0.0,174.85,0.0,28.0,1.0,ML,,,,1.9,0.2,4
1160233,1997-07-29T17:09:40Z,-37.79,0.0,176.84,0.0,5.0,0.0,ML,,,,3.1,0.3,5
1159944,1997-07-29T17:22:38Z,-37.95,0.0,176.06,0.1,194.0,6.0,ML,,,,3.2,0.1,7
1160445,1997-07-29T17:34:29Z,-39.17,0.0,174.74,0.0,27.0,2.0,ML,,,,2.9,0.2,6
1158035,1997-07-29T17:56:41Z,-44.37,0.0,168.68,0.0,12.0,0.0,ML,,,,2.6,0.1,4
1160520,1997-07-29T20:44:55Z,-39.27,0.0,175.35,0.0,12.0,0.0,ML,,,,2.0,0.1,3
1159948,1997-07-29T21:05:36Z,-44.59,0.0,167.53,0.0,20.0,2.0,ML,,,,2.5,0.1,2
1160521,1997-07-29T21:06:38Z,-39.33,0.0,175.75,0.0,15.0,1.0,ML,,,,2.4,0.2,3
1160522,1997-07-29T21:34:23Z,-39.32,0.0,175.76,0.0,15.0,1.0,ML,,,,1.7,0.2,3
1159951,1997-07-29T22:22:47Z,-40.62,0.0,175.31,0.0,33.0,1.0,ML,,,,2.0,0.2,4
1158918,1997-07-30T00:43:17Z,-39.31,0.0,175.76,0.0,14.0,1.0,ML,,,,1.7,0.2,3
1158921,1997-07-30T00:55:08Z,-39.56,0.0,175.57,0.0,12.0,0.0,ML,,,,2.2,0.2,3
1160523,1997-07-30T01:50:37Z,-38.82,0.0,175.89,0.0,5.0,0.0,ML,,,,2.2,0.1,5
1160524,1997-07-30T02:25:24Z,-39.25,0.0,174.91,0.0,33.0,0.0,ML,,,,2.4,0.0,2
1158039,1997-07-30T03:45:00Z,-44.37,0.0,168.66,0.0,5.0,0.0,ML,,,,3.2,0.1,8
1160446,1997-07-30T03:58:54Z,-38.83,0.0,175.9,0.0,5.0,2.0,ML,,,,2.6,0.2,9
1157993,1997-07-30T04:07:44Z,-39.63,0.0,174.2,0.0,191.0,6.0,ML,,,,3.6,0.3,12
1160600,1997-07-30T04:33:10Z,-37.92,0.0,176.55,0.0,5.0,0.0,ML,,,,2.2,0.3,4
1160447,1997-07-30T04:55:25Z,-39.31,0.0,175.71,0.0,15.0,1.0,ML,,,,2.9,0.2,4
1160525,1997-07-30T05:46:56Z,-39.07,0.0,174.87,0.1,24.0,6.0,ML,,,,2.5,0.2,4
1160526,1997-07-30T05:48:13Z,-39.27,0.0,175.45,0.0,5.0,0.0,ML,,,,1.5,0.2,3
1160448,1997-07-30T07:59:47Z,-38.91,0.0,175.72,0.0,5.0,0.0,ML,,,,2.7,0.2,10
1165134,1997-07-30T08:00:30Z,-38.92,0.0,175.73,0.0,5.0,0.0,ML,,,,2.0,0.1,4
1160527,1997-07-30T08:43:47Z,-39.22,0.0,174.84,0.0,12.0,0.0,ML,,,,2.4,0.3,3
1160676,1997-07-30T09:33:24Z,-38.55,0.1,176.09,0.2,194.0,13.0,ML,,,,3.2,0.2,10
1158044,1997-07-30T11:25:22Z,-38.89,0.0,175.98,0.0,12.0,0.0,ML,,,,2.1,0.1,6
1165136,1997-07-30T11:25:54Z,-45.39,0.0,170.23,0.0,12.0,0.0,ML,,,,2.1,0.2,2
1160529,1997-07-30T12:29:22Z,-39.12,0.0,175.7,0.0,5.0,0.0,ML,,,,1.5,0.1,2
1157994,1997-07-30T12:40:58Z,-39.4,0.0,174.99,0.0,21.0,4.0,ML,,,,2.4,0.5,5
1165139,1997-07-30T12:41:23Z,-39.41,0.0,174.99,0.0,21.0,3.0,ML,,,,2.3,0.5,6
1162417,1997-07-30T13:26:35Z,-39.26,0.0,173.85,0.0,21.0,1.0,ML,,,,1.6,0.1,2
1158047,1997-07-30T13:29:03Z,-45.11,0.0,167.39,0.0,63.0,4.0,ML,,,,3.5,0.2,9
1160530,1997-07-30T16:09:29Z,-39.28,0.0,175.56,0.0,0.0,0.0,ML,,,,1.6,0.2,4
1160320,1997-07-30T16:42:14Z,-37.07,0.1,177.37,0.2,155.0,20.0,ML,,,,3.7,0.2,13
1157995,1997-07-30T18:28:34Z,-40.47,0.0,174.4,0.0,76.0,5.0,ML,,,,2.6,0.3,5
1157996,1997-07-30T19:12:48Z,-39.95,0.0,175.66,0.0,61.0,3.0,ML,,,,4.6,0.2,4
1165146,1997-07-30T19:17:25Z,-39.94,0.0,175.65,0.0,12.0,0.0,ML,,,,2.4,0.3,6
1157998,1997-07-30T19:48:03Z,-40.4,0.0,175.89,0.0,40.0,3.0,ML,,,,3.6,0.3,12
1157999,1997-07-30T19:56:51Z,-40.41,0.0,174.38,0.0,76.0,4.0,ML,,,,3.4,0.3,13
1158048,1997-07-30T20:21:21Z,-44.78,0.0,167.5,0.0,58.0,4.0,ML,,,,2.6,0.1,4
1158000,1997-07-30T20:52:31Z,-39.92,0.0,175.54,0.0,61.0,4.0,ML,,,,2.6,0.2,3
1160533,1997-07-30T21:44:57Z,-39.94,0.0,175.72,0.0,69.0,3.0,ML,,,,2.5,0.1,3
1160326,1997-07-30T23:15:57Z,-40.7,0.0,176.25,0.0,34.0,2.0,ML,,,,2.7,0.4,6
1158001,1997-07-31T00:36:44Z,-39.43,0.0,174.71,0.0,22.0,4.0,ML,,,,2.6,0.2,6
1158051,1997-07-31T01:04:16Z,-44.52,0.0,168.97,0.1,12.0,0.0,ML,,,,2.4,0.2,3
1160020,1997-07-31T01:46:50Z,-41.1,0.0,174.42,0.0,43.0,1.0,ML,,,,3.3,0.2,13
1158054,1997-07-31T03:15:02Z,-44.21,0.0,170.37,0.0,5.0,0.0,ML,,,,2.6,0.3,4
1160571,1997-07-31T03:49:39Z,-40.82,0.0,175.8,0.0,25.0,2.0,ML,,,,3.3,0.2,17
1158251,1997-07-31T04:12:01Z,-42.94,0.0,172.92,0.0,33.0,0.0,ML,,,,3.0,0.2,6
1158003,1997-07-31T04:36:22Z,-39.96,0.0,175.59,0.0,46.0,6.0,ML,,,,3.4,0.2,11
1160602,1997-07-31T04:56:20Z,-38.12,0.0,176.48,0.0,5.0,0.0,ML,,,,2.7,0.3,5
1158056,1997-07-31T05:16:07Z,-45.02,0.1,167.58,0.1,103.0,12.0,ML,,,,2.9,0.4,3
1160534,1997-07-31T05:25:37Z,-39.28,0.0,175.56,0.0,0.0,0.0,ML,,,,1.7,0.1,3
1158057,1997-07-31T05:30:20Z,-45.48,0.0,168.26,0.0,12.0,0.0,ML,,,,3.0,0.4,6
1163161,1997-07-31T05:41:16Z,-40.41,0.1,173.59,0.0,151.0,7.0,ML,,,,3.1,0.2,6
1160572,1997-07-31T09:51:29Z,-41.78,0.0,174.54,0.0,32.0,2.0,ML,,,,3.2,0.2,14
1158059,1997-07-31T09:56:17Z,-44.62,0.0,168.19,0.0,75.0,7.0,ML,,,,3.3,0.3,8
1158062,1997-07-31T11:52:12Z,-45.6,0.0,171.07,0.0,12.0,0.0,ML,,,,2.8,0.2,4
1160451,1997-07-31T13:24:23Z,-38.91,0.0,175.74,0.0,12.0,0.0,ML,,,,2.6,0.1,5
1160242,1997-07-31T15:05:45Z,-41.16,0.0,173.07,0.0,168.0,5.0,ML,,,,3.2,0.1,5
1158004,1997-07-31T15:28:07Z,-39.93,0.0,175.55,0.0,65.0,3.0,ML,,,,2.4,nan,1
1160694,1997-07-31T15:56:36Z,-40.85,0.0,176.0,0.0,32.0,2.0,ML,,,,2.8,0.2,8
1158252,1997-07-31T16:26:43Z,-41.37,0.0,172.34,0.0,5.0,0.0,ML,,,,2.7,0.1,2
1158063,1997-07-31T16:39:28Z,-43.48,0.0,170.23,0.0,5.0,0.0,ML,,,,3.6,0.3,10
1162421,1997-07-31T16:41:26Z,-39.25,0.0,173.83,0.0,19.0,2.0,ML,,,,1.5,0.0,2
1160243,1997-07-31T18:29:47Z,-36.71,0.0,177.73,0.0,154.0,4.0,ML,,,,3.9,0.2,11
1158064,1997-07-31T19:23:03Z,-44.4,0.0,168.74,0.0,12.0,0.0,ML,,,,2.5,0.2,6
1162261,1997-07-31T21:25:58Z,-40.87,0.0,174.73,0.0,17.0,1.0,ML,,,,2.1,0.1,3
1160821,1997-07-31T22:22:39Z,-43.1,0.0,171.41,0.0,5.0,0.0,ML,,,,2.6,0.2,3
1158007,1997-07-31T23:17:52Z,-38.58,0.0,176.39,0.0,109.0,3.0,ML,,,,4.0,0.2,17
1160337,1997-08-01T01:06:07Z,-36.75,0.1,-179.09,0.2,283.0,11.0,ML,,,,4.0,0.3,8
1160409,1997-08-01T02:21:45Z,-41.14,0.0,174.47,0.0,35.0,1.0,ML,,,,2.7,0.3,7
1160603,1997-08-01T06:02:30Z,-38.31,0.0,176.27,0.0,5.0,0.0,ML,,,,1.9,0.1,3
1160344,1997-08-01T06:15:40Z,-38.8,0.0,178.02,0.0,44.0,3.0,ML,,,,3.8,0.3,3
1160537,1997-08-01T06:52:05Z,-39.67,0.0,176.5,0.0,41.0,1.0,ML,,,,3.1,0.3,3
1160539,1997-08-01T07:15:15Z,-39.92,0.0,175.72,0.1,67.0,4.0,ML,,,,3.2,0.6,3
1160707,1997-08-01T09:29:23Z,-41.19,0.0,174.02,0.0,54.0,2.0,ML,,,,2.2,0.2,7
1160541,1997-08-01T10:42:18Z,-39.13,0.0,175.66,0.0,5.0,0.0,ML,,,,2.0,0.2,3
1160711,1997-08-01T11:53:54Z,-40.56,0.0,174.31,0.0,45.0,4.0,ML,,,,2.0,0.2,6
1160347,1997-08-01T12:34:00Z,-35.67,0.1,179.2,0.1,247.0,6.0,ML,,,,4.0,0.3,13
1160412,1997-08-01T13:14:24Z,-44.36,0.0,169.86,0.0,5.0,0.0,ML,,,,2.7,0.4,4
1162136,1997-08-01T15:24:36Z,-40.39,0.1,175.41,0.0,34.0,3.0,ML,,,,1.8,0.2,5
1160460,1997-08-01T16:29:55Z,-39.43,0.0,174.67,0.0,12.0,0.0,ML,,,,2.4,0.2,8
1158077,1997-08-01T17:38:30Z,-39.87,0.0,176.74,0.0,26.0,2.0,ML,,,,2.8,0.4,7
1165157,1997-08-01T17:39:01Z,-44.36,0.0,169.87,0.0,10.0,1.0,ML,,,,2.9,0.3,6
1163219,1997-08-01T19:35:41Z,-40.16,0.0,174.82,0.0,12.0,0.0,ML,,,,2.3,0.1,5
1158011,1997-08-01T19:51:14Z,-39.93,0.0,175.56,0.0,59.0,3.0,ML,,,,2.3,0.3,5
1160352,1997-08-01T20:40:02Z,-38.13,0.1,176.43,0.1,246.0,6.0,ML,,,,3.3,0.2,9
1158012,1997-08-01T20:52:58Z,-40.0,0.0,176.67,0.0,36.0,6.0,ML,,,,3.0,0.2,11
1158080,1997-08-01T21:31:25Z,-44.36,0.0,168.65,0.0,5.0,0.0,ML,,,,3.0,0.1,6
1162671,1997-08-01T22:19:04Z,-41.32,0.0,174.73,0.0,27.0,1.0,ML,,,,1.9,0.3,4
1160543,1997-08-01T23:21:04Z,-39.83,0.0,176.27,0.0,44.0,2.0,ML,,,,2.9,nan,1
1162142,1997-08-01T23:43:17Z,-40.89,0.0,175.71,0.0,27.0,2.0,ML,,,,1.9,0.3,4
1160416,1997-08-02T00:07:45Z,-39.2,0.0,176.37,0.0,12.0,0.0,ML,,,,2.5,0.2,3
1160544,1997-08-02T00:39:25Z,-39.31,0.0,176.87,0.0,73.0,6.0,ML,,,,2.9,0.1,3
1163226,1997-08-02T03:25:46Z,-40.88,0.0,174.94,0.0,52.0,4.0,ML,,,,2.0,0.2,3
1160359,1997-08-02T03:57:58Z,-34.68,0.1,177.21,0.1,12.0,0.0,ML,,,,5.0,0.4,4
1160037,1997-08-02T08:20:27Z,-40.37,0.0,176.5,0.0,42.0,4.0,ML,,,,2.7,0.2,5
1163229,1997-08-02T10:15:40Z,-40.63,0.0,174.23,0.0,88.0,3.0,ML,,,,2.4,0.1,4
1160362,1997-08-02T11:33:31Z,-36.99,0.1,176.74,0.2,257.0,18.0,ML,,,,4.0,0.2,12
1158013,1997-08-02T12:04:28Z,-38.74,0.0,175.22,0.1,236.0,7.0,ML,,,,3.9,0.2,16
1160725,1997-08-02T13:18:25Z,-39.94,0.0,174.56,0.0,131.0,3.0,ML,,,,2.8,0.3,5
1160726,1997-08-02T14:19:36Z,-40.37,0.0,174.79,0.0,25.0,3.0,ML,,,,1.9,0.2,6
1160727,1997-08-02T14:23:00Z,-40.39,0.0,175.92,0.0,31.0,2.0,ML,,,,2.6,0.2,7
1160365,1997-08-02T14:57:09Z,-38.16,0.0,178.37,0.1,12.0,0.0,ML,,,,2.9,0.3,3
1165211,1997-08-02T14:57:43Z,-38.2,0.0,178.48,0.0,5.0,0.0,ML,,,,2.5,0.5,3
1161912,1997-08-02T15:43:09Z,-38.12,0.0,175.9,0.1,209.0,8.0,ML,,,,3.3,0.2,7
1160366,1997-08-02T16:01:08Z,-38.36,0.0,178.91,0.0,12.0,0.0,ML,,,,2.8,0.2,3
1162528,1997-08-02T16:21:25Z,-39.58,0.0,177.13,0.0,30.0,2.0,ML,,,,2.6,0.3,3
1158087,1997-08-02T16:37:56Z,-45.35,0.0,166.64,0.1,17.0,4.0,ML,,,,2.9,0.1,4
1162153,1997-08-02T17:16:14Z,-38.52,0.1,175.68,0.3,132.0,25.0,ML,,,,3.2,0.3,5
1158088,1997-08-02T17:32:14Z,-45.32,0.0,167.4,0.0,98.0,3.0,ML,,,,3.3,0.2,6
1163234,1997-08-02T18:55:47Z,-41.16,0.0,175.19,0.0,27.0,1.0,ML,,,,1.5,0.2,3
1160728,1997-08-02T19:05:37Z,-40.53,0.0,174.9,0.0,26.0,2.0,ML,,,,2.5,0.3,7
1160584,1997-08-02T19:35:29Z,-41.65,0.0,174.17,0.0,17.0,4.0,ML,,,,3.0,0.3,10
1160732,1997-08-02T21:23:45Z,-41.41,0.0,173.13,0.0,114.0,3.0,ML,,,,2.2,0.3,4
1162994,1997-08-02T23:35:01Z,-41.17,0.0,174.74,0.0,30.0,0.0,ML,,,,1.5,0.3,2
1158096,1997-08-03T00:04:21Z,-41.4,0.0,175.05,0.0,26.0,1.0,ML,,,,2.4,0.2,10
1160547,1997-08-03T03:56:31Z,-39.71,0.0,176.85,0.0,23.0,1.0,ML,,,,3.3,0.3,6
1160548,1997-08-03T04:14:04Z,-39.29,0.0,175.08,0.0,30.0,3.0,ML,,,,2.6,0.3,5
1165216,1997-08-03T04:14:52Z,-42.4,0.0,172.33,0.0,5.0,0.0,ML,,,,2.6,0.1,2
1160549,1997-08-03T04:27:43Z,-39.46,0.0,175.7,0.0,22.0,5.0,ML,,,,2.5,0.2,2
1160550,1997-08-03T04:49:21Z,-39.7,0.0,176.93,0.0,25.0,1.0,ML,,,,3.4,0.4,9
1160369,1997-08-03T05:02:13Z,-39.28,0.0,173.84,0.0,24.0,1.0,ML,,,,2.2,0.1,2
1165217,1997-08-03T05:02:25Z,-37.38,0.0,177.12,0.0,5.0,0.0,ML,,,,3.8,0.3,4
1165218,1997-08-03T05:03:59Z,-37.34,0.0,177.16,0.0,5.0,0.0,ML,,,,3.1,0.0,3
1160370,1997-08-03T05:05:52Z,-37.47,0.0,177.24,0.0,5.0,0.0,ML,,,,3.3,0.3,3
1165219,1997-08-03T05:10:06Z,-37.47,0.0,177.22,0.0,5.0,0.0,ML,,,,2.9,0.3,2
1160371,1997-08-03T05:10:12Z,-38.47,0.0,176.06,0.0,5.0,0.0,ML,,,,2.5,0.4,3
1161924,1997-08-03T05:11:22Z,-37.74,0.0,179.76,0.0,12.0,0.0,ML,,,,3.4,0.3,3
1160372,1997-08-03T05:13:41Z,-37.43,0.0,177.15,0.0,5.0,0.0,ML,,,,3.9,0.2,10
1160374,1997-08-03T05:39:19Z,-37.34,0.0,177.13,0.0,5.0,0.0,ML,,,,3.3,0.2,3
1160375,1997-08-03T07:00:08Z,-37.39,0.0,177.16,0.0,5.0,0.0,ML,,,,3.3,0.2,3
1160377,1997-08-03T10:28:41Z,-37.45,0.0,177.19,0.0,5.0,0.0,ML,,,,3.6,0.2,4
1160378,1997-08-03T10:53:28Z,-37.36,0.1,177.44,0.1,5.0,0.0,ML,,,,3.6,0.2,3
1160380,1997-08-03T13:22:24Z,-37.56,0.0,177.2,0.0,5.0,0.0,ML,,,,3.0,0.2,3
1160472,1997-08-03T14:56:27Z,-39.13,0.0,175.42,0.0,5.0,0.0,ML,,,,2.0,0.0,3
1158101,1997-08-03T15:27:38Z,-45.11,0.0,167.29,0.0,49.0,3.0,ML,,,,2.3,0.1,3
1158014,1997-08-03T18:10:38Z,-40.6,0.0,174.6,0.0,83.0,2.0,ML,,,,3.7,0.1,11
1158102,1997-08-03T18:37:56Z,-45.6,0.0,167.23,0.0,90.0,3.0,ML,,,,2.7,0.3,6
1162900,1997-08-03T20:28:31Z,-44.17,0.0,169.33,0.0,5.0,0.0,ML,,,,3.2,0.3,7
1163011,1997-08-03T20:53:57Z,-39.94,0.1,174.41,0.1,104.0,12.0,ML,,,,2.7,0.3,3
1160747,1997-08-03T21:03:33Z,-41.14,0.0,175.11,0.0,25.0,1.0,ML,,,,2.6,0.2,6
1165222,1997-08-03T21:04:08Z,-41.14,0.0,175.09,0.0,24.0,1.0,ML,,,,1.6,0.2,3
1160473,1997-08-03T21:51:04Z,-38.63,0.1,175.51,0.1,193.0,15.0,ML,,,,3.6,0.1,6
1160043,1997-08-03T22:20:57Z,-45.08,0.0,167.56,0.0,12.0,0.0,ML,,,,2.6,0.1,3
1163017,1997-08-03T23:15:58Z,-41.27,0.0,175.23,0.0,17.0,4.0,ML,,,,1.8,0.1,5
1165224,1997-08-03T23:42:14Z,-37.4,0.1,177.11,0.0,5.0,0.0,ML,,,,3.5,0.3,3
1160384,1997-08-03T23:42:32Z,-37.45,0.1,177.15,0.0,5.0,0.0,ML,,,,4.6,0.4,22
1160752,1997-08-03T23:54:35Z,-37.52,0.1,176.3,0.2,216.0,17.0,ML,,,,4.0,0.2,12
1160385,1997-08-04T01:45:25Z,-38.55,0.0,178.32,0.0,33.0,0.0,ML,,,,3.0,0.1,3
1158107,1997-08-04T02:06:05Z,-45.19,0.0,167.4,0.0,85.0,5.0,ML,,,,2.8,0.3,5
1160047,1997-08-04T04:02:31Z,-38.34,0.0,176.27,0.0,112.0,2.0,ML,,,,4.3,0.2,14
1160257,1997-08-04T06:02:00Z,-40.69,0.0,174.29,0.0,76.0,6.0,ML,,,,2.7,0.3,5
1161950,1997-08-04T06:28:01Z,-40.7,0.0,174.63,0.1,25.0,5.0,ML,,,,2.0,0.2,3
1160055,1997-08-04T07:32:33Z,-45.22,0.0,166.79,0.0,21.0,2.0,ML,,,,2.3,0.1,3
1158111,1997-08-04T07:52:58Z,-44.68,0.0,167.45,0.0,33.0,5.0,ML,,,,2.7,0.4,2
1158016,1997-08-04T09:35:58Z,-40.15,0.0,174.88,0.0,12.0,0.0,ML,,,,2.7,0.2,7
1162181,1997-08-04T09:50:59Z,-41.47,0.0,174.5,0.0,56.0,1.0,ML,,,,2.6,0.2,3
1158017,1997-08-04T09:55:20Z,-38.72,0.0,175.85,0.0,105.0,3.0,ML,,,,3.9,0.2,15
1162544,1997-08-04T10:09:00Z,-41.0,0.0,174.53,0.0,61.0,1.0,ML,,,,2.3,0.2,4
1160805,1997-08-04T11:53:33Z,-41.62,0.1,174.59,0.1,31.0,3.0,ML,,,,2.0,0.1,3
1165231,1997-08-04T11:54:09Z,-38.45,0.0,176.15,0.0,5.0,0.0,ML,,,,2.4,0.4,4
1160056,1997-08-04T13:55:35Z,-45.09,0.0,167.5,0.0,64.0,3.0,ML,,,,2.2,0.3,4
1161464,1997-08-04T15:54:08Z,-40.18,0.1,173.77,0.1,161.0,5.0,ML,,,,3.1,0.3,7
1161135,1997-08-04T16:48:44Z,-40.58,0.0,175.11,0.0,34.0,1.0,ML,,,,2.6,0.3,8
1161465,1997-08-04T17:16:27Z,-40.98,0.0,175.36,0.0,25.0,2.0,ML,,,,2.0,0.3,6
1161137,1997-08-04T17:34:38Z,-38.78,0.0,175.81,0.0,5.0,0.0,ML,,,,1.5,nan,1
1160829,1997-08-04T17:53:47Z,-43.05,0.0,171.4,0.0,5.0,0.0,ML,,,,2.1,0.3,2
1160393,1997-08-04T18:18:59Z,-37.94,0.0,179.54,0.0,12.0,0.0,ML,,,,3.2,0.2,3
1165233,1997-08-04T18:39:05Z,-40.16,0.0,174.92,0.0,12.0,0.0,ML,,,,2.1,0.2,5
1161466,1997-08-04T19:02:20Z,-40.89,0.0,176.01,0.0,24.0,2.0,ML,,,,2.8,0.2,9
1158018,1997-08-04T19:45:29Z,-39.64,0.0,174.69,0.0,147.0,3.0,ML,,,,3.2,0.1,8
1160807,1997-08-04T20:22:15Z,-39.57,0.0,175.6,0.0,12.0,0.0,ML,,,,2.6,0.2,4
1158112,1997-08-04T22:35:15Z,-43.47,0.0,170.52,0.0,5.0,0.0,ML,,,,3.0,0.3,5
1160477,1997-08-04T23:22:39Z,-40.76,0.0,173.47,0.0,137.0,5.0,ML,,,,3.2,0.2,8
1161029,1997-08-04T23:50:20Z,-37.98,0.0,176.16,0.0,275.0,7.0,ML,,,,3.7,0.4,9
1161138,1997-08-05T00:03:19Z,-41.03,0.0,175.12,0.0,26.0,2.0,ML,,,,1.6,0.2,3
1161139,1997-08-05T02:30:46Z,-38.91,0.0,175.99,0.0,5.0,0.0,ML,,,,2.5,0.2,2
1160478,1997-08-05T02:31:32Z,-40.43,0.0,176.27,0.0,30.0,2.0,ML,,,,4.0,0.2,6
1161104,1997-08-05T02:42:58Z,-40.44,0.0,176.31,0.0,31.0,2.0,ML,,,,3.8,0.2,21
1160435,1997-08-05T03:17:26Z,-43.13,0.0,171.49,0.0,5.0,0.0,ML,,,,2.3,0.1,3
1161030,1997-08-05T03:29:05Z,-37.3,0.1,178.63,0.2,98.0,5.0,ML,,,,3.7,0.1,4
1161204,1997-08-05T04:50:17Z,-41.28,0.0,174.85,0.0,27.0,1.0,ML,,,,2.1,0.2,11
1160832,1997-08-05T05:30:09Z,-40.21,0.0,174.84,0.0,12.0,0.0,ML,,,,2.2,0.3,6
1161402,1997-08-05T06:38:05Z,-38.34,0.0,176.13,0.1,12.0,0.0,ML,,,,2.5,0.2,4
1161405,1997-08-05T07:27:37Z,-38.3,0.0,176.17,0.0,5.0,0.0,ML,,,,2.8,0.2,5
1165499,1997-08-05T07:27:51Z,-38.35,0.0,176.14,0.0,5.0,0.0,ML,,,,2.9,0.3,5
1165500,1997-08-05T07:28:21Z,-38.31,0.0,176.16,0.0,5.0,0.0,ML,,,,2.7,0.2,5
1165501,1997-08-05T07:28:58Z,-38.28,0.0,176.21,0.0,5.0,0.0,ML,,,,2.5,0.2,5
1161406,1997-08-05T07:38:17Z,-38.3,0.0,176.21,0.0,12.0,0.0,ML,,,,2.1,0.2,3
1161407,1997-08-05T07:59:11Z,-38.32,0.0,176.12,0.0,12.0,0.0,ML,,,,2.1,0.2,3
1161408,1997-08-05T07:59:45Z,-38.29,0.0,176.21,0.0,5.0,0.0,ML,,,,2.1,0.2,3
1161409,1997-08-05T08:27:10Z,-38.3,0.0,176.22,0.0,12.0,0.0,ML,,,,2.3,0.2,3
1162193,1997-08-05T10:13:38Z,-40.2,0.0,174.79,0.0,23.0,5.0,ML,,,,1.9,0.2,5
1161105,1997-08-05T10:41:09Z,-38.3,0.0,176.18,0.0,5.0,0.0,ML,,,,2.0,0.2,3
1165505,1997-08-05T11:17:28Z,-38.37,0.0,176.14,0.0,12.0,0.0,ML,,,,2.9,0.0,2
1165506,1997-08-05T11:23:51Z,-38.38,0.0,176.09,0.0,5.0,0.0,ML,,,,2.7,0.4,3
1161140,1997-08-05T11:27:20Z,-39.41,0.0,175.79,0.0,12.0,0.0,ML,,,,2.5,0.1,3
1161415,1997-08-05T11:30:42Z,-38.34,0.0,176.26,0.0,12.0,0.0,ML,,,,2.4,0.1,2
1161416,1997-08-05T11:32:42Z,-38.36,0.0,176.06,0.1,12.0,0.0,ML,,,,2.5,0.0,2
1161418,1997-08-05T11:38:30Z,-38.38,0.0,176.1,0.0,5.0,0.0,ML,,,,2.3,0.5,4
1161419,1997-08-05T11:38:58Z,-38.37,0.0,176.15,0.0,12.0,0.0,ML,,,,2.5,0.5,4
1165508,1997-08-05T11:39:33Z,-38.34,0.0,176.15,0.0,5.0,0.0,ML,,,,2.2,0.6,4
1161035,1997-08-05T11:40:56Z,-38.38,0.0,176.09,0.0,5.0,0.0,ML,,,,2.7,0.4,3
1161420,1997-08-05T11:45:46Z,-38.36,0.0,176.12,0.0,5.0,0.0,ML,,,,2.6,0.4,4
1161421,1997-08-05T11:47:58Z,-38.32,0.0,176.28,0.0,5.0,0.0,ML,,,,2.2,0.4,3
1161205,1997-08-05T11:55:31Z,-40.86,0.0,174.75,0.0,16.0,2.0,ML,,,,2.2,0.2,4
1161423,1997-08-05T12:05:30Z,-38.32,0.0,176.28,0.0,5.0,0.0,ML,,,,2.3,0.5,3
1161424,1997-08-05T12:06:07Z,-38.36,0.0,176.1,0.0,5.0,0.0,ML,,,,2.4,0.4,4
1161426,1997-08-05T12:10:02Z,-38.38,0.0,176.1,0.0,5.0,0.0,ML,,,,2.4,0.4,4
1161428,1997-08-05T13:56:28Z,-38.33,0.0,176.23,0.0,12.0,0.0,ML,,,,2.6,0.4,4
1161433,1997-08-05T14:41:10Z,-38.36,0.0,176.15,0.0,12.0,0.0,ML,,,,2.6,0.1,2
1161143,1997-08-05T14:59:16Z,-38.8,0.0,176.22,0.0,5.0,0.0,ML,,,,2.5,0.2,7
1161475,1997-08-05T15:09:22Z,-38.97,0.1,175.62,0.1,158.0,9.0,ML,,,,3.2,0.2,5
1161729,1997-08-05T15:35:13Z,-41.21,0.0,172.01,0.0,12.0,0.0,ML,,,,2.6,0.2,2
1161107,1997-08-05T15:50:57Z,-38.29,0.0,176.2,0.0,5.0,0.0,ML,,,,2.9,0.1,5
1161144,1997-08-05T17:12:45Z,-39.24,0.0,175.55,0.0,5.0,0.0,ML,,,,1.7,0.1,4
1161145,1997-08-05T17:17:25Z,-39.24,0.0,175.54,0.0,5.0,0.0,ML,,,,1.3,0.1,3
1158118,1997-08-05T17:45:04Z,-44.35,0.0,168.68,0.0,12.0,0.0,ML,,,,2.7,0.6,6
1161206,1997-08-05T18:43:22Z,-41.67,0.0,174.27,0.0,13.0,1.0,ML,,,,2.5,0.3,9
1160833,1997-08-05T18:53:40Z,-40.19,0.0,174.87,0.0,24.0,2.0,ML,,,,2.8,0.3,8
1161146,1997-08-05T22:23:29Z,-39.39,0.0,175.76,0.0,13.0,2.0,ML,,,,2.4,0.1,3
1161486,1997-08-06T01:15:07Z,-41.93,0.0,174.04,0.0,30.0,1.0,ML,,,,2.5,0.2,6
1160834,1997-08-06T02:20:43Z,-40.79,0.0,175.48,0.0,25.0,1.0,ML,,,,2.9,0.2,12
1162200,1997-08-06T02:24:05Z,-40.75,0.0,175.47,0.0,28.0,1.0,ML,,,,2.3,0.3,6
1163105,1997-08-06T04:12:02Z,-41.02,0.0,174.84,0.1,48.0,7.0,ML,,,,2.0,0.2,3
1161147,1997-08-06T04:27:48Z,-39.04,0.0,177.13,0.1,64.0,5.0,ML,,,,3.0,0.1,3
1161497,1997-08-06T04:29:19Z,-40.98,0.0,175.04,0.0,43.0,3.0,ML,,,,1.8,0.2,4
1160089,1997-08-06T04:49:35Z,-38.05,0.0,176.26,0.1,236.0,8.0,ML,,,,3.4,0.4,7
1161592,1997-08-06T04:55:23Z,-43.0,0.0,171.39,0.0,5.0,0.0,ML,,,,2.2,0.3,3
1160835,1997-08-06T05:03:16Z,-39.67,0.0,175.05,0.0,77.0,2.0,ML,,,,2.6,0.1,3
1160091,1997-08-06T07:00:53Z,-39.15,0.0,175.49,0.0,5.0,0.0,ML,,,,1.4,0.1,3
1160982,1997-08-06T09:07:49Z,-39.93,0.0,173.97,0.1,157.0,7.0,ML,,,,2.9,0.1,4
1161498,1997-08-06T10:50:16Z,-40.93,0.0,176.3,0.0,30.0,2.0,ML,,,,2.6,0.3,8
1164693,1997-08-06T12:06:30Z,-38.51,0.0,174.14,0.0,12.0,0.0,ML,,,,1.9,0.1,3
1160094,1997-08-06T12:58:32Z,-45.15,0.0,167.07,0.0,22.0,1.0,ML,,,,2.1,0.2,3
1158127,1997-08-06T14:53:25Z,-44.49,0.0,167.74,0.0,5.0,0.0,ML,,,,2.6,0.5,3
1161148,1997-08-06T15:27:42Z,-39.22,0.0,174.79,0.0,27.0,7.0,ML,,,,2.3,0.3,5
1160836,1997-08-06T16:25:00Z,-39.63,0.0,174.09,0.1,174.0,8.0,ML,,,,3.6,0.3,12
1160837,1997-08-06T16:30:04Z,-40.16,0.0,174.91,0.0,5.0,0.0,ML,,,,2.2,0.2,5
1163107,1997-08-06T17:34:58Z,-40.43,0.0,174.85,0.0,76.0,2.0,ML,,,,2.1,0.1,2
1164695,1997-08-06T20:03:38Z,-39.35,0.0,173.85,0.0,12.0,0.0,ML,,,,1.3,0.1,2
1165846,1997-08-06T20:04:35Z,-39.46,0.1,173.88,0.0,12.0,0.0,ML,,,,1.4,0.1,2
1161041,1997-08-06T20:09:03Z,-37.66,0.0,179.69,0.0,12.0,0.0,ML,,,,3.7,0.2,3
1161149,1997-08-06T20:12:05Z,-39.96,0.0,176.15,0.0,33.0,0.0,ML,,,,2.3,0.3,2
1164696,1997-08-06T20:13:27Z,-39.37,0.0,173.89,0.0,12.0,0.0,ML,,,,1.4,0.1,2
1163108,1997-08-06T20:38:48Z,-40.5,0.1,173.91,0.1,81.0,14.0,ML,,,,2.3,0.1,4
1163109,1997-08-06T21:36:58Z,-40.84,0.0,174.74,0.0,16.0,1.0,ML,,,,2.3,0.2,4
1161446,1997-08-06T21:52:13Z,-38.3,0.0,176.22,0.0,12.0,0.0,ML,,,,2.5,0.2,3
1160985,1997-08-06T22:06:31Z,-41.2,0.1,173.41,0.0,91.0,6.0,ML,,,,2.5,0.1,6
1161499,1997-08-06T22:43:47Z,-40.95,0.0,175.57,0.0,27.0,2.0,ML,,,,2.1,0.2,7
1161500,1997-08-06T23:10:37Z,-40.45,0.0,173.87,0.0,80.0,4.0,ML,,,,2.7,0.2,7
1161150,1997-08-06T23:24:04Z,-39.24,0.0,175.43,0.0,10.0,3.0,ML,,,,1.7,0.2,3
1161151,1997-08-07T00:04:55Z,-39.45,0.0,175.61,0.0,12.0,0.0,ML,,,,2.3,0.3,3
1158131,1997-08-07T00:24:42Z,-45.14,0.0,167.59,0.0,126.0,4.0,ML,,,,2.9,0.1,5
1161504,1997-08-07T03:23:59Z,-39.69,0.0,174.47,0.0,209.0,2.0,ML,,,,3.6,0.3,12
1161449,1997-08-07T04:32:10Z,-38.31,0.0,176.2,0.0,12.0,0.0,ML,,,,2.1,0.3,4
1161450,1997-08-07T04:35:22Z,-38.31,0.0,176.11,0.1,5.0,0.0,ML,,,,2.1,0.2,3
1161451,1997-08-07T05:06:39Z,-38.39,0.0,176.14,0.0,12.0,0.0,ML,,,,2.4,0.3,4
1167500,1997-08-07T05:07:04Z,-38.3,0.0,176.21,0.0,5.0,0.0,ML,,,,2.2,0.3,4
1161043,1997-08-07T05:18:29Z,-37.73,0.0,179.42,0.0,12.0,0.0,ML,,,,2.8,0.4,3
1161505,1997-08-07T05:19:31Z,-37.91,0.2,176.23,0.4,210.0,34.0,ML,,,,3.2,0.2,9
1164202,1997-08-07T05:30:28Z,-40.99,0.0,174.86,0.0,54.0,1.0,ML,,,,2.0,0.1,4
1158135,1997-08-07T05:49:44Z,-43.16,0.0,171.04,0.0,5.0,0.0,ML,,,,2.2,0.2,3
1160103,1997-08-07T06:43:16Z,-40.98,0.0,175.35,0.0,25.0,2.0,ML,,,,1.9,0.2,7
1160483,1997-08-07T07:00:43Z,-42.14,0.0,172.87,0.0,65.0,6.0,ML,,,,2.9,0.1,7
1162906,1997-08-07T07:14:45Z,-42.79,0.0,171.9,0.0,33.0,0.0,ML,,,,2.3,0.1,3
1161154,1997-08-07T07:39:49Z,-39.5,0.0,175.6,0.0,12.0,0.0,ML,,,,1.7,0.2,3
1158138,1997-08-07T09:07:12Z,-42.97,0.0,171.45,0.0,12.0,0.0,ML,,,,3.7,0.5,12
1161157,1997-08-07T10:53:42Z,-38.84,0.0,175.61,0.0,5.0,0.0,ML,,,,1.9,0.1,2
1161158,1997-08-07T11:58:48Z,-40.06,0.0,176.89,0.1,12.0,0.0,ML,,,,2.8,0.3,5
1160839,1997-08-07T12:11:45Z,-40.29,0.0,175.01,0.0,28.0,2.0,ML,,,,2.7,0.3,11
1161159,1997-08-07T13:43:49Z,-39.28,0.0,175.56,0.0,0.0,0.0,ML,,,,1.5,0.2,4
1160107,1997-08-07T13:56:00Z,-44.95,0.0,166.72,0.1,12.0,0.0,ML,,,,3.1,0.3,6
1168445,1997-08-07T14:24:02Z,-39.28,0.0,175.56,0.0,0.0,0.0,ML,,,,1.6,0.1,4
1161161,1997-08-07T14:46:03Z,-39.28,0.0,175.56,0.0,0.0,0.0,ML,,,,1.6,0.2,4
1161210,1997-08-07T14:57:48Z,-41.12,0.0,174.49,0.0,36.0,1.0,ML,,,,2.6,0.2,12
1161162,1997-08-07T15:01:44Z,-39.28,0.0,175.56,0.0,0.0,0.0,ML,,,,1.6,0.1,4
1160987,1997-08-07T16:17:58Z,-42.59,0.0,172.84,0.0,33.0,0.0,ML,,,,2.7,0.2,4
1161164,1997-08-07T17:22:08Z,-39.28,0.0,175.56,0.0,0.0,0.0,ML,,,,1.8,0.1,4
1161165,1997-08-07T17:38:05Z,-39.28,0.0,175.56,0.0,0.0,0.0,ML,,,,1.8,0.1,4
1161166,1997-08-07T18:45:06Z,-41.33,0.0,174.79,0.0,28.0,1.0,ML,,,,1.5,0.2,5
1168446,1997-08-07T18:45:14Z,-41.38,0.0,174.78,0.0,25.0,2.0,ML,,,,1.4,nan,1
1160108,1997-08-07T18:51:17Z,-45.15,0.0,167.4,0.0,12.0,0.0,ML,,,,2.1,0.1,3
1160111,1997-08-07T19:10:58Z,-39.28,0.0,175.56,0.0,0.0,0.0,ML,,,,1.7,0.1,4
1161167,1997-08-07T19:34:22Z,-39.28,0.0,175.56,0.0,0.0,0.0,ML,,,,1.6,0.1,3
1161168,1997-08-07T19:49:19Z,-39.28,0.0,175.56,0.0,0.0,0.0,ML,,,,1.4,0.1,4
1161211,1997-08-07T20:14:38Z,-41.29,0.0,175.2,0.0,25.0,1.0,ML,,,,2.7,0.2,11
1161169,1997-08-07T20:37:42Z,-39.57,0.0,177.22,0.1,36.0,4.0,ML,,,,2.8,0.0,2
1158139,1997-08-07T20:40:51Z,-45.13,0.0,167.42,0.0,116.0,3.0,ML,,,,3.8,0.4,10
1164945,1997-08-07T22:12:59Z,-40.98,0.0,175.57,0.0,28.0,5.0,ML,,,,1.8,0.1,5
1161170,1997-08-07T23:05:14Z,-39.28,0.0,175.56,0.0,0.0,0.0,ML,,,,1.4,0.1,2
1161171,1997-08-08T00:40:31Z,-39.45,0.0,175.79,0.0,12.0,0.0,ML,,,,2.4,0.2,3
1161172,1997-08-08T01:55:38Z,-39.28,0.0,175.56,0.0,0.0,0.0,ML,,,,1.2,0.1,2
1160116,1997-08-08T03:37:01Z,-45.19,0.0,167.13,0.0,12.0,0.0,ML,,,,3.1,0.4,7
1161048,1997-08-08T04:01:00Z,-37.01,0.0,177.67,0.0,128.0,3.0,ML,,,,3.8,0.2,12
1161174,1997-08-08T04:29:35Z,-40.35,0.0,176.73,0.1,33.0,0.0,ML,,,,2.6,0.3,4
1161175,1997-08-08T04:53:24Z,-42.69,0.1,175.17,0.1,33.0,0.0,ML,,,,3.0,0.5,8
1161176,1997-08-08T05:52:12Z,-39.44,0.0,175.77,0.0,12.0,0.0,ML,,,,2.6,0.1,3
1164949,1997-08-08T06:00:11Z,-40.39,0.0,174.53,0.1,79.0,7.0,ML,,,,2.2,0.1,5
1160840,1997-08-08T06:44:43Z,-39.44,0.0,175.73,0.0,25.0,6.0,ML,,,,2.7,0.4,8
1161115,1997-08-08T07:38:38Z,-39.25,0.0,174.97,0.0,5.0,0.0,ML,,,,2.3,0.1,4
1160119,1997-08-08T07:44:52Z,-43.73,0.0,169.49,0.0,5.0,0.0,ML,,,,3.1,0.4,7
1161212,1997-08-08T08:17:47Z,-41.63,0.0,174.58,0.0,32.0,1.0,ML,,,,2.3,0.2,10
1164403,1997-08-08T08:49:05Z,-39.03,0.0,175.17,0.0,109.0,5.0,ML,,,,3.0,0.3,4
1160120,1997-08-08T09:32:37Z,-44.85,0.0,167.11,0.0,12.0,0.0,ML,,,,2.6,0.2,4
1168449,1997-08-08T09:49:17Z,-40.85,0.0,175.54,0.0,29.0,1.0,ML,,,,2.3,0.2,8
1160490,1997-08-08T09:49:19Z,-38.82,0.0,175.15,0.0,225.0,4.0,ML,,,,4.2,0.3,16
1161519,1997-08-08T09:52:02Z,-40.85,0.0,175.54,0.0,28.0,1.0,ML,,,,1.8,0.2,6
1161049,1997-08-08T10:03:49Z,-38.33,0.1,176.93,0.2,248.0,8.0,ML,,,,3.1,0.4,8
1160121,1997-08-08T11:06:24Z,-37.52,0.0,176.6,0.0,209.0,4.0,ML,,,,4.9,0.1,4
1160122,1997-08-08T11:23:21Z,-45.68,0.0,166.95,0.0,88.0,2.0,ML,,,,3.2,0.2,6
1161562,1997-08-08T11:27:58Z,-41.02,0.0,175.93,0.0,33.0,2.0,ML,,,,1.6,0.2,5
1161178,1997-08-08T11:29:38Z,-39.53,0.0,175.23,0.1,28.0,5.0,ML,,,,2.6,0.1,3
1161520,1997-08-08T13:56:51Z,-41.25,0.0,175.21,0.0,22.0,2.0,ML,,,,1.8,0.1,8
1164954,1997-08-08T14:29:26Z,-40.57,0.0,174.64,0.0,27.0,1.0,ML,,,,1.6,0.1,3
1160123,1997-08-08T14:59:03Z,-45.2,0.0,167.07,0.1,12.0,0.0,ML,,,,2.1,0.1,4
1161180,1997-08-08T15:01:10Z,-39.1,0.0,175.51,0.0,5.0,0.0,ML,,,,2.1,0.1,3
1160992,1997-08-08T15:13:22Z,-40.8,0.0,175.85,0.0,32.0,2.0,ML,,,,1.8,0.2,5
1168452,1997-08-08T15:13:53Z,-42.91,0.0,171.52,0.0,5.0,0.0,ML,,,,2.2,0.1,3
1161521,1997-08-08T15:34:09Z,-40.19,0.0,173.72,0.0,153.0,3.0,ML,,,,2.9,0.3,9
1164728,1997-08-08T16:47:40Z,-39.12,0.0,174.11,0.0,12.0,0.0,ML,,,,1.5,0.1,2
1161183,1997-08-08T19:08:01Z,-39.28,0.0,175.56,0.0,0.0,0.0,ML,,,,1.4,0.2,4
1160129,1997-08-08T20:08:02Z,-44.98,0.0,167.49,0.0,100.0,0.0,ML,,,,2.5,0.1,3
1160493,1997-08-08T20:36:08Z,-38.3,0.0,175.87,0.0,180.0,2.0,ML,,,,4.5,0.3,4
1164406,1997-08-08T21:41:55Z,-40.76,0.0,174.46,0.0,56.0,2.0,ML,,,,2.3,0.2,7
1161522,1997-08-08T22:45:29Z,-40.65,0.0,175.48,0.0,29.0,1.0,ML,,,,2.6,0.2,8
1164408,1997-08-08T23:57:23Z,-39.73,0.0,176.59,0.0,57.0,4.0,ML,,,,2.9,0.2,6
1168454,1997-08-08T23:58:02Z,-40.84,0.0,174.77,0.0,18.0,1.0,ML,,,,2.8,0.3,11
1161570,1997-08-08T23:59:59Z,-40.84,0.0,174.73,0.0,15.0,1.0,ML,,,,2.1,0.3,4
1161185,1997-08-09T00:40:28Z,-39.28,0.0,175.56,0.0,0.0,0.0,ML,,,,1.0,0.3,2
1160996,1997-08-09T01:34:51Z,-42.09,0.0,172.82,0.0,33.0,0.0,ML,,,,2.4,0.1,3
1160842,1997-08-09T05:36:57Z,-39.3,0.0,175.1,0.0,12.0,0.0,ML,,,,2.3,0.2,5
1161186,1997-08-09T05:39:47Z,-39.33,0.0,175.49,0.0,5.0,0.0,ML,,,,1.6,0.1,3
1160133,1997-08-09T05:58:22Z,-45.07,0.0,167.54,0.0,121.0,5.0,ML,,,,3.3,0.2,5
1161523,1997-08-09T06:15:28Z,-40.75,0.0,174.59,0.0,36.0,2.0,ML,,,,2.2,0.1,5
1164411,1997-08-09T06:47:26Z,-41.19,0.0,176.31,0.0,47.0,8.0,ML,,,,2.3,0.2,6
1160134,1997-08-09T06:53:07Z,-41.68,0.0,174.19,0.0,12.0,0.0,ML,,,,3.2,0.3,18
1161460,1997-08-09T07:41:12Z,-38.3,0.0,176.24,0.0,5.0,0.0,ML,,,,2.4,0.3,4
1160843,1997-08-09T07:42:56Z,-41.6,0.0,174.47,0.0,16.0,2.0,ML,,,,3.3,0.3,21
1160135,1997-08-09T08:13:39Z,-44.4,0.0,167.9,0.0,12.0,0.0,ML,,,,2.9,0.5,5
1160844,1997-08-09T08:31:35Z,-39.41,0.0,175.02,0.0,26.0,1.0,ML,,,,2.9,0.3,17
1161188,1997-08-09T08:39:56Z,-39.5,0.0,175.13,0.0,33.0,0.0,ML,,,,2.0,0.2,3
1160845,1997-08-09T08:54:55Z,-39.4,0.0,174.98,0.0,21.0,2.0,ML,,,,2.7,0.4,6
1161525,1997-08-09T09:59:06Z,-41.59,0.0,174.48,0.0,16.0,4.0,ML,,,,1.8,0.1,6
1161191,1997-08-09T10:15:20Z,-39.41,0.0,175.01,0.0,27.0,5.0,ML,,,,2.8,0.2,3
1161192,1997-08-09T10:42:54Z,-39.28,0.0,175.56,0.0,0.0,0.0,ML,,,,1.7,0.2,4
1164956,1997-08-09T10:46:10Z,-41.58,0.0,174.47,0.0,17.0,5.0,ML,,,,1.7,0.1,6
1161193,1997-08-09T10:58:05Z,-39.07,0.0,175.25,0.0,157.0,3.0,ML,,,,3.3,0.2,9
1164412,1997-08-09T11:14:51Z,-40.5,0.0,175.58,0.0,34.0,1.0,ML,,,,2.1,0.2,7
1161195,1997-08-09T12:33:34Z,-39.15,0.0,174.75,0.0,5.0,0.0,ML,,,,2.4,0.2,7
1161117,1997-08-09T13:12:14Z,-39.22,0.0,175.44,0.0,94.0,1.0,ML,,,,3.1,0.1,8
1160846,1997-08-09T13:30:48Z,-37.72,0.0,179.13,0.0,30.0,3.0,ML,,,,4.4,0.4,38
1160847,1997-08-09T13:43:51Z,-38.78,0.0,176.4,0.0,91.0,3.0,ML,,,,3.9,0.3,18
1164414,1997-08-09T16:27:43Z,-37.54,0.0,176.72,0.1,12.0,0.0,ML,,,,3.7,0.1,7
1164960,1997-08-09T16:43:44Z,-41.34,0.0,173.21,0.1,128.0,3.0,ML,,,,2.5,0.2,3
1160959,1997-08-09T17:24:50Z,-40.27,0.0,174.45,0.1,102.0,5.0,ML,,,,2.4,0.1,2
1160848,1997-08-09T18:02:33Z,-40.09,0.0,174.98,0.0,21.0,3.0,ML,,,,2.4,0.3,8
1162360,1997-08-09T18:32:28Z,-41.01,0.0,175.3,0.0,22.0,5.0,ML,,,,2.0,0.4,2
1161002,1997-08-09T18:40:59Z,-41.71,0.0,173.67,0.0,44.0,2.0,ML,,,,3.0,0.2,11
1168458,1997-08-09T18:42:13Z,-41.38,0.0,173.84,0.0,59.0,3.0,ML,,,,2.8,0.2,7
1164239,1997-08-09T20:56:53Z,-40.51,0.0,173.87,0.0,12.0,0.0,ML,,,,2.0,0.1,4
1164962,1997-08-09T21:51:20Z,-41.05,0.0,174.81,0.0,45.0,5.0,ML,,,,1.6,0.2,3
1168459,1997-08-09T22:00:46Z,-40.83,0.0,175.68,0.0,25.0,1.0,ML,,,,2.0,0.2,4
1161526,1997-08-09T22:01:01Z,-41.28,0.0,174.98,0.0,24.0,1.0,ML,,,,2.2,0.2,6
1160136,1997-08-09T22:02:47Z,-45.26,0.0,167.3,0.0,65.0,3.0,ML,,,,3.4,0.3,7
1161197,1997-08-09T23:33:11Z,-38.83,0.0,175.93,0.0,12.0,2.0,ML,,,,2.2,0.1,2
1160849,1997-08-09T23:52:07Z,-38.58,0.0,176.55,0.0,76.0,3.0,ML,,,,3.7,0.2,13
1160137,1997-08-10T00:03:16Z,-39.48,0.0,175.68,0.0,14.0,2.0,ML,,,,2.9,0.3,9
1168460,1997-08-10T00:03:32Z,-45.77,0.0,166.47,0.1,12.0,0.0,ML,,,,2.8,0.3,4
1161198,1997-08-10T00:38:48Z,-39.5,0.0,175.61,0.0,12.0,0.0,ML,,,,2.5,0.2,3
1160850,1997-08-10T00:42:48Z,-41.29,0.0,172.62,0.0,208.0,4.0,ML,,,,4.0,0.2,14
1161527,1997-08-10T02:59:15Z,-40.79,0.0,175.01,0.0,33.0,1.0,ML,,,,1.9,0.3,4
1160851,1997-08-10T03:28:45Z,-39.33,0.0,174.94,0.0,25.0,1.0,ML,,,,2.9,0.3,5
1161004,1997-08-10T05:04:07Z,-42.51,0.0,172.77,0.0,12.0,0.0,ML,,,,2.3,0.1,2
1161199,1997-08-10T05:30:40Z,-39.49,0.0,175.63,0.0,12.0,0.0,ML,,,,2.1,0.2,3
1160966,1997-08-10T05:52:20Z,-46.42,0.0,167.31,0.1,5.0,0.0,ML,,,,2.7,0.3,4
1160852,1997-08-10T06:24:59Z,-39.41,0.0,174.99,0.0,22.0,5.0,ML,,,,2.7,0.5,5
1160882,1997-08-10T06:55:11Z,-44.88,0.0,167.55,0.1,68.0,8.0,ML,,,,3.1,0.3,3
1168462,1997-08-10T06:55:47Z,-43.64,0.0,171.39,0.0,12.0,0.0,ML,,,,2.9,0.4,3
1160853,1997-08-10T07:22:21Z,-39.29,0.0,174.87,0.0,5.0,0.0,ML,,,,2.7,0.1,7
1160854,1997-08-10T07:39:23Z,-40.27,0.0,174.43,0.0,51.0,8.0,ML,,,,2.3,0.1,4
1160855,1997-08-10T08:05:17Z,-39.57,0.0,174.52,0.0,119.0,6.0,ML,,,,3.3,0.2,9
1160883,1997-08-10T08:49:14Z,-44.41,0.0,168.71,0.0,5.0,0.0,ML,,,,2.3,0.1,2
1168467,1997-08-10T09:29:10Z,-41.18,0.0,173.67,0.0,91.0,3.0,ML,,,,2.9,0.2,10
1161005,1997-08-10T10:02:38Z,-42.92,0.0,171.65,0.0,5.0,0.0,ML,,,,2.2,0.2,4
1160968,1997-08-10T11:29:49Z,-45.61,0.0,168.13,0.0,12.0,0.0,ML,,,,2.2,0.2,3
1161065,1997-08-10T12:43:45Z,-39.19,0.0,178.68,0.1,33.0,0.0,ML,,,,3.4,0.2,11
1164423,1997-08-10T13:27:05Z,-38.35,0.0,175.99,0.0,186.0,3.0,ML,,,,3.5,0.3,10
1164427,1997-08-10T16:50:17Z,-40.91,0.0,176.02,0.0,30.0,2.0,ML,,,,2.3,0.2,7
1161602,1997-08-10T18:53:06Z,-42.96,0.0,171.4,0.0,5.0,0.0,ML,,,,2.7,0.2,3
1161235,1997-08-10T19:36:18Z,-41.22,0.0,174.65,0.0,36.0,1.0,ML,,,,2.2,0.2,9
1160886,1997-08-10T21:03:38Z,-43.47,0.0,170.26,0.0,12.0,0.0,ML,,,,3.3,0.5,9
1161070,1997-08-10T21:12:13Z,-38.18,0.0,178.39,0.1,12.0,0.0,ML,,,,2.6,0.2,3
1161010,1997-08-10T23:12:44Z,-41.26,0.0,172.65,0.0,162.0,3.0,ML,,,,3.4,0.3,12
1161583,1997-08-11T00:13:21Z,-38.11,0.0,176.25,0.0,5.0,0.0,ML,,,,2.8,0.2,4
1161071,1997-08-11T00:22:43Z,-38.2,0.0,178.49,0.1,5.0,0.0,ML,,,,2.9,0.2,2
1161529,1997-08-11T01:33:46Z,-40.89,0.0,174.89,0.0,35.0,1.0,ML,,,,2.0,0.2,4
1161531,1997-08-11T01:46:56Z,-40.8,0.0,176.25,0.0,29.0,1.0,ML,,,,2.3,0.4,7
1161535,1997-08-11T02:17:27Z,-41.01,0.0,175.41,0.0,29.0,2.0,ML,,,,1.4,0.3,5
1161072,1997-08-11T03:08:28Z,-37.27,0.1,178.53,0.2,91.0,8.0,ML,,,,3.7,0.3,6
1161348,1997-08-11T03:36:33Z,-38.29,0.0,176.22,0.0,11.0,2.0,ML,,,,2.7,0.2,5
1161073,1997-08-11T04:07:03Z,-37.3,0.0,178.64,0.1,100.0,3.0,ML,,,,3.5,0.2,5
1161538,1997-08-11T07:09:59Z,-40.55,0.0,174.3,0.0,29.0,4.0,ML,,,,1.9,0.1,5
1160971,1997-08-11T07:14:29Z,-44.93,0.0,167.66,0.0,75.0,5.0,ML,,,,2.7,0.2,3
1161012,1997-08-11T08:55:33Z,-42.32,0.0,172.73,0.0,16.0,1.0,ML,,,,2.3,0.2,4
1161096,1997-08-11T09:14:25Z,-40.56,0.0,175.79,0.0,32.0,2.0,ML,,,,2.0,0.1,6
1160896,1997-08-11T11:55:18Z,-40.91,0.0,174.4,0.0,57.0,2.0,ML,,,,2.2,0.1,7
1168515,1997-08-11T11:55:45Z,-44.79,0.0,169.68,0.0,5.0,0.0,ML,,,,1.9,0.1,2
1163742,1997-08-11T13:06:21Z,-39.94,0.0,174.6,0.0,113.0,3.0,ML,,,,2.6,0.2,8
1161013,1997-08-11T13:08:09Z,-40.04,0.0,175.48,0.0,12.0,0.0,ML,,,,2.4,0.1,3
1160897,1997-08-11T13:09:59Z,-44.8,0.0,169.69,0.0,5.0,0.0,ML,,,,2.4,0.1,3
1163743,1997-08-11T13:40:57Z,-39.13,0.0,175.64,0.0,5.0,0.0,ML,,,,1.3,0.1,2
1165011,1997-08-11T14:33:48Z,-40.45,0.0,174.66,0.0,87.0,3.0,ML,,,,2.2,0.1,5
1161075,1997-08-11T15:39:59Z,-38.83,0.0,178.02,0.0,53.0,1.0,ML,,,,3.3,0.5,4
1164033,1997-08-11T15:49:25Z,-41.21,0.0,175.67,0.0,24.0,1.0,ML,,,,1.5,0.2,4
1160899,1997-08-11T16:05:07Z,-43.92,0.0,170.71,0.0,5.0,0.0,ML,,,,2.8,0.2,5
1160859,1997-08-11T16:09:02Z,-40.02,0.0,174.65,0.0,101.0,3.0,ML,,,,4.0,0.2,17
1161393,1997-08-11T17:13:01Z,-40.96,0.0,175.57,0.0,24.0,2.0,ML,,,,1.7,0.2,6
1160860,1997-08-11T17:59:14Z,-40.19,0.0,174.76,0.0,17.0,6.0,ML,,,,2.3,0.2,8
1161396,1997-08-11T18:08:58Z,-40.62,0.0,174.31,0.0,67.0,3.0,ML,,,,3.0,0.3,11
1160900,1997-08-11T19:22:29Z,-45.1,0.0,167.6,0.1,88.0,5.0,ML,,,,3.2,0.3,4
1163745,1997-08-11T21:28:21Z,-39.32,0.0,174.88,0.0,12.0,0.0,ML,,,,2.6,0.2,4
1161098,1997-08-11T22:06:30Z,-40.23,0.0,176.55,0.0,12.0,0.0,ML,,,,3.0,0.1,4
1161589,1997-08-12T02:59:30Z,-38.03,0.0,176.54,0.0,167.0,6.0,ML,,,,4.0,0.4,15
1163719,1997-08-12T04:11:18Z,-39.28,0.0,175.51,0.0,15.0,1.0,ML,,,,2.4,0.2,5
1163720,1997-08-12T06:09:54Z,-39.41,0.0,174.96,0.0,19.0,6.0,ML,,,,2.6,0.5,5
1160862,1997-08-12T11:06:25Z,-41.62,0.0,172.92,0.0,81.0,2.0,ML,,,,3.6,0.2,12
1163721,1997-08-12T11:25:07Z,-39.31,0.0,175.92,0.0,62.0,5.0,ML,,,,2.6,nan,1
1163360,1997-08-12T11:47:13Z,-45.27,0.0,167.25,0.1,64.0,8.0,ML,,,,2.6,0.5,4
1163749,1997-08-12T12:15:22Z,-39.2,0.0,175.49,0.0,10.0,1.0,ML,,,,2.1,0.1,3
1165020,1997-08-12T13:04:12Z,-36.79,0.1,176.56,0.2,173.0,23.0,ML,,,,4.0,0.2,12
1163544,1997-08-12T13:14:48Z,-40.4,0.0,173.83,0.0,149.0,4.0,ML,,,,3.1,0.3,8
1163615,1997-08-12T16:44:40Z,-36.84,0.0,177.58,0.0,267.0,0.0,ML,,,,3.5,0.2,3
1160908,1997-08-12T16:47:53Z,-43.03,0.0,171.41,0.0,5.0,0.0,ML,,,,2.7,0.2,4
1161121,1997-08-12T17:03:07Z,-42.09,0.0,172.87,0.1,67.0,10.0,ML,,,,2.9,nan,1
1163750,1997-08-12T17:10:36Z,-39.43,0.0,174.98,0.0,12.0,0.0,ML,,,,2.6,0.5,4
1165057,1997-08-12T19:39:19Z,-41.54,0.1,174.14,0.1,20.0,6.0,ML,,,,2.3,0.1,3
1163616,1997-08-12T20:53:42Z,-37.45,0.0,177.69,0.0,102.0,2.0,ML,,,,4.1,0.2,8
1163618,1997-08-13T01:01:43Z,-35.73,0.1,179.09,0.3,162.0,15.0,ML,,,,4.8,0.8,4
1163752,1997-08-13T05:58:12Z,-38.84,0.0,176.0,0.0,5.0,0.0,ML,,,,2.3,nan,1
1161122,1997-08-13T06:36:14Z,-38.0,0.1,175.81,0.2,248.0,15.0,ML,,,,4.0,0.2,7
1160915,1997-08-13T07:11:00Z,-43.27,0.0,171.54,0.0,5.0,0.0,ML,,,,3.2,0.2,5
1160865,1997-08-13T07:36:55Z,-40.78,0.0,174.48,0.0,64.0,2.0,ML,,,,2.8,0.3,6
1164040,1997-08-13T08:27:29Z,-40.96,0.0,175.05,0.0,45.0,3.0,ML,,,,2.4,0.0,2
1160866,1997-08-13T08:48:49Z,-38.1,0.0,176.01,0.1,200.0,14.0,ML,,,,3.9,0.2,12
1160916,1997-08-13T11:35:42Z,-44.25,0.1,168.93,0.1,12.0,0.0,ML,,,,2.5,0.5,3
1163753,1997-08-13T13:42:57Z,-38.81,0.0,175.99,0.0,5.0,0.0,ML,,,,2.4,0.2,4
1160867,1997-08-13T15:20:37Z,-39.64,0.0,176.42,0.0,34.0,3.0,ML,,,,3.6,0.2,14
1164041,1997-08-13T15:34:33Z,-41.27,0.0,175.34,0.0,21.0,1.0,ML,,,,1.6,0.0,4
1163361,1997-08-13T16:29:11Z,-39.22,0.0,175.32,0.0,12.0,0.0,ML,,,,2.1,0.1,2
1163910,1997-08-13T16:53:58Z,-39.85,0.0,176.9,0.0,43.0,3.0,ML,,,,3.4,0.3,15
1161123,1997-08-13T17:15:55Z,-41.08,0.0,174.65,0.0,33.0,1.0,ML,,,,2.9,0.2,14
1163362,1997-08-13T17:43:56Z,-45.08,0.0,167.89,0.0,26.0,3.0,ML,,,,2.2,0.2,3
1160869,1997-08-13T18:23:58Z,-40.15,0.0,174.9,0.0,12.0,0.0,ML,,,,2.2,0.2,8
1163625,1997-08-14T01:51:40Z,-36.27,0.1,177.22,0.1,294.0,9.0,ML,,,,3.8,0.1,4
1160870,1997-08-14T02:09:21Z,-39.52,0.0,175.64,0.0,14.0,2.0,ML,,,,3.1,0.3,16
1163757,1997-08-14T04:32:31Z,-39.31,0.0,175.63,0.0,12.0,1.0,ML,,,,2.4,0.4,3
1163758,1997-08-14T04:37:52Z,-39.36,0.0,175.26,0.0,12.0,0.0,ML,,,,2.4,0.2,3
1163368,1997-08-14T05:34:18Z,-39.52,0.0,175.63,0.0,12.0,0.0,ML,,,,2.4,0.2,3
1164043,1997-08-14T05:43:34Z,-40.31,0.0,174.61,0.0,12.0,0.0,ML,,,,2.3,0.1,6
1160923,1997-08-14T06:57:42Z,-44.9,0.0,168.79,0.0,5.0,0.0,ML,,,,2.4,0.1,5
1163369,1997-08-14T07:16:01Z,-45.18,0.0,167.51,0.0,108.0,3.0,ML,,,,2.8,0.2,4
1161124,1997-08-14T11:27:26Z,-41.85,0.0,174.09,0.0,31.0,1.0,ML,,,,3.2,0.2,17
1163627,1997-08-14T11:52:00Z,-38.67,0.1,178.21,0.3,41.0,5.0,ML,,,,3.4,0.4,4
1163561,1997-08-14T12:12:17Z,-41.84,0.0,174.07,0.0,31.0,1.0,ML,,,,2.7,0.2,12
1160925,1997-08-14T12:46:06Z,-44.56,0.0,170.78,0.0,5.0,0.0,ML,,,,3.0,0.2,6
1163628,1997-08-14T13:42:38Z,-37.02,0.1,176.07,0.2,172.0,37.0,ML,,,,3.8,0.2,3
1163629,1997-08-14T14:55:13Z,-36.44,0.1,176.27,0.1,200.0,0.0,ML,,,,3.7,0.2,3
1163562,1997-08-14T15:30:54Z,-42.46,0.0,177.11,0.1,12.0,0.0,ML,,,,3.6,0.5,13
1160871,1997-08-14T16:04:35Z,-39.52,0.0,175.64,0.0,18.0,3.0,ML,,,,3.0,0.3,9
1163760,1997-08-14T16:50:43Z,-39.53,0.0,175.56,0.1,12.0,0.0,ML,,,,2.6,0.2,4
1163635,1997-08-14T20:53:22Z,-39.03,0.0,177.6,0.0,33.0,0.0,ML,,,,3.4,0.4,11
1168534,1997-08-14T20:53:48Z,-39.08,0.1,177.54,0.1,21.0,8.0,ML,,,,3.4,0.3,6
1160872,1997-08-14T22:42:49Z,-39.74,0.0,175.54,0.0,22.0,8.0,ML,,,,2.6,0.2,4
1163592,1997-08-14T23:03:37Z,-38.05,0.0,176.76,0.1,1.0,0.0,ML,,,,2.3,0.1,4
1163376,1997-08-14T23:39:08Z,-39.08,0.0,177.59,0.0,5.0,0.0,ML,,,,3.4,0.3,15
1163761,1997-08-15T00:33:59Z,-38.59,0.0,176.09,0.0,5.0,0.0,ML,,,,2.6,nan,1
1167207,1997-08-15T01:42:15Z,-36.89,0.0,175.04,0.0,5.0,0.0,ML,,,,1.9,0.1,2
1163568,1997-08-15T01:55:21Z,-42.89,0.0,173.15,0.0,33.0,6.0,ML,,,,2.5,0.4,3
1164028,1997-08-15T02:07:22Z,-38.12,0.0,176.49,0.0,5.0,0.0,ML,,,,2.2,0.1,3
1163282,1997-08-15T02:20:40Z,-44.44,0.0,168.56,0.0,5.0,0.0,ML,,,,3.0,0.1,3
1163731,1997-08-15T03:34:41Z,-39.01,0.0,175.3,0.0,12.0,0.0,ML,,,,1.9,0.1,3
1161125,1997-08-15T05:00:47Z,-41.43,0.0,172.83,0.0,116.0,6.0,ML,,,,3.3,0.3,9
1162944,1997-08-15T07:33:49Z,-43.0,0.0,171.86,0.0,5.0,0.0,ML,,,,2.7,0.1,4
1163292,1997-08-15T08:53:45Z,-44.89,0.0,168.79,0.0,5.0,0.0,ML,,,,2.2,0.1,5
1164066,1997-08-15T10:00:11Z,-40.46,0.0,174.1,0.0,95.0,3.0,ML,,,,3.2,0.2,9
1162945,1997-08-15T10:08:58Z,-39.52,0.0,175.64,0.0,16.0,2.0,ML,,,,2.8,0.3,10
1166740,1997-08-15T10:48:50Z,-38.4,0.2,175.65,0.1,207.0,19.0,ML,,,,3.4,0.2,7
1167222,1997-08-15T11:47:51Z,-39.21,0.0,174.49,0.0,27.0,2.0,ML,,,,2.0,0.2,4
1166337,1997-08-15T12:23:11Z,-40.04,0.0,174.16,0.0,115.0,4.0,ML,,,,3.1,0.3,8
1163762,1997-08-15T13:10:39Z,-39.64,0.0,177.15,0.1,25.0,2.0,ML,,,,3.1,0.3,5
1163646,1997-08-15T15:50:04Z,-38.19,0.0,178.35,0.1,12.0,0.0,ML,,,,3.0,0.2,3
1166760,1997-08-15T16:42:35Z,-39.34,0.0,173.78,0.0,12.0,0.0,ML,,,,1.8,0.1,2
1163647,1997-08-15T16:52:22Z,-38.16,0.1,178.19,0.2,12.0,0.0,ML,,,,2.2,0.1,3
1163763,1997-08-15T17:02:05Z,-39.52,0.0,175.16,0.0,33.0,0.0,ML,,,,2.7,0.2,3
1161609,1997-08-15T22:55:58Z,-43.03,0.0,171.34,0.0,12.0,0.0,ML,,,,2.2,0.3,2
1162947,1997-08-16T00:12:41Z,-40.24,0.0,176.68,0.0,20.0,2.0,ML,,,,3.1,0.4,11
1162948,1997-08-16T00:26:15Z,-40.37,0.0,174.57,0.0,25.0,3.0,ML,,,,2.8,0.2,13
1162949,1997-08-16T01:49:07Z,-39.88,0.0,175.26,0.0,80.0,3.0,ML,,,,3.0,0.2,5
1163300,1997-08-16T03:35:06Z,-44.48,0.1,169.86,0.0,10.0,2.0,ML,,,,2.5,0.3,3
1163302,1997-08-16T04:25:12Z,-44.89,0.0,168.77,0.0,5.0,0.0,ML,,,,2.0,0.0,4
1167227,1997-08-16T05:10:21Z,-39.28,0.0,173.84,0.0,12.0,0.0,ML,,,,1.5,0.0,2
1163655,1997-08-16T07:34:07Z,-38.18,0.1,176.87,0.0,12.0,0.0,ML,,,,3.0,0.4,4
1162950,1997-08-16T09:33:21Z,-38.18,0.0,178.38,0.1,12.0,0.0,ML,,,,2.5,0.1,3
1166881,1997-08-16T10:34:52Z,-40.17,0.0,174.9,0.0,5.0,0.0,ML,,,,2.3,0.3,5
1168048,1997-08-16T10:38:25Z,-40.79,0.0,175.26,0.0,32.0,3.0,ML,,,,1.7,0.2,4
1161127,1997-08-16T10:42:24Z,-41.49,0.0,173.23,0.0,75.0,4.0,ML,,,,2.9,0.2,9
1163765,1997-08-16T10:44:20Z,-39.49,0.0,175.74,0.1,17.0,4.0,ML,,,,2.5,0.3,3
1163766,1997-08-16T11:18:45Z,-39.44,0.0,175.76,0.0,12.0,0.0,ML,,,,2.6,0.2,11
1163767,1997-08-16T11:20:33Z,-39.47,0.0,175.72,0.0,12.0,0.0,ML,,,,2.8,0.2,5
1170181,1997-08-16T11:20:58Z,-39.35,0.0,175.9,0.0,5.0,0.0,ML,,,,2.5,0.2,5
1170182,1997-08-16T11:21:20Z,-39.48,0.0,175.59,0.0,12.0,0.0,ML,,,,2.1,0.2,3
1163658,1997-08-16T11:28:37Z,-38.75,0.0,178.01,0.1,28.0,1.0,ML,,,,3.5,0.3,6
1168049,1997-08-16T11:36:08Z,-40.86,0.0,174.82,0.0,62.0,1.0,ML,,,,2.3,0.2,6
1164031,1997-08-16T12:44:49Z,-38.32,0.0,176.38,0.0,12.0,0.0,ML,,,,2.0,0.0,4
1163659,1997-08-16T13:39:26Z,-38.81,0.0,178.07,0.0,30.0,1.0,ML,,,,3.7,0.3,17
1163916,1997-08-16T14:01:11Z,-41.49,0.0,174.55,0.0,17.0,2.0,ML,,,,2.1,0.2,9
1161128,1997-08-16T14:12:07Z,-36.87,0.0,177.62,0.0,147.0,2.0,ML,,,,4.8,0.1,5
1163305,1997-08-16T14:30:53Z,-44.72,0.0,168.15,0.0,79.0,7.0,ML,,,,2.8,0.3,5
1161129,1997-08-16T14:40:51Z,-41.15,0.0,173.35,0.0,96.0,3.0,ML,,,,2.7,0.2,9
1163661,1997-08-16T14:42:51Z,-37.71,0.0,177.28,0.0,126.0,10.0,ML,,,,3.5,0.2,4
1163917,1997-08-16T15:12:54Z,-38.55,0.0,175.7,0.0,168.0,10.0,ML,,,,3.6,0.3,13
1168050,1997-08-16T15:30:31Z,-41.09,0.0,175.19,0.0,32.0,2.0,ML,,,,1.7,0.2,3
1163662,1997-08-16T15:35:01Z,-38.21,0.0,178.13,0.1,12.0,0.0,ML,,,,3.1,0.2,3
1163770,1997-08-16T16:26:22Z,-39.42,0.0,175.66,0.1,12.0,0.0,ML,,,,1.6,0.2,3
1163771,1997-08-16T16:35:17Z,-39.61,0.1,176.5,0.1,34.0,6.0,ML,,,,2.7,nan,1
1161130,1997-08-16T16:45:46Z,-41.31,0.0,172.56,0.0,191.0,3.0,ML,,,,3.4,0.3,10
1170184,1997-08-16T16:54:35Z,-39.82,0.0,174.7,0.0,20.0,2.0,ML,,,,2.7,0.2,8
1162951,1997-08-16T16:55:31Z,-40.68,0.0,176.24,0.0,25.0,2.0,ML,,,,2.8,0.3,11
1164076,1997-08-16T20:29:10Z,-40.8,0.0,175.06,0.0,34.0,1.0,ML,,,,2.4,0.3,4
1164077,1997-08-16T21:15:12Z,-40.87,0.0,174.83,0.0,5.0,2.0,ML,,,,2.1,0.3,5
1166903,1997-08-16T21:31:42Z,-40.9,0.0,175.96,0.1,30.0,3.0,ML,,,,2.1,0.1,5
1166904,1997-08-16T22:14:36Z,-40.9,0.0,176.01,0.1,32.0,4.0,ML,,,,1.9,0.2,3
1163306,1997-08-17T00:04:06Z,-44.98,0.0,167.42,0.1,70.0,5.0,ML,,,,2.9,0.3,5
1163776,1997-08-17T03:54:05Z,-39.6,0.1,177.13,0.1,20.0,4.0,ML,,,,3.0,0.1,3
1163777,1997-08-17T04:51:52Z,-39.03,0.0,173.87,0.0,17.0,5.0,ML,,,,3.1,0.6,6
1170189,1997-08-17T05:02:57Z,-39.0,0.0,175.73,0.0,5.0,0.0,ML,,,,1.7,0.0,2
1163778,1997-08-17T06:39:34Z,-38.99,0.0,175.72,0.0,5.0,0.0,ML,,,,1.7,0.0,2
1163779,1997-08-17T08:02:13Z,-38.92,0.0,175.41,0.1,115.0,6.0,ML,,,,2.8,nan,2
1163387,1997-08-17T10:25:02Z,-39.05,0.0,175.43,0.0,5.0,0.0,ML,,,,1.6,0.1,2
1164084,1997-08-17T11:00:13Z,-41.09,0.0,174.46,0.0,34.0,1.0,ML,,,,1.9,0.2,4
1168066,1997-08-17T13:03:49Z,-41.11,0.0,175.19,0.0,23.0,1.0,ML,,,,1.5,0.1,3
1164085,1997-08-17T16:18:08Z,-38.13,0.0,176.13,0.0,147.0,8.0,ML,,,,3.6,0.1,13
1163316,1997-08-17T16:24:07Z,-45.31,0.0,166.92,0.0,5.0,0.0,ML,,,,2.7,0.3,3
1163580,1997-08-17T17:11:46Z,-40.18,0.0,173.76,0.0,153.0,4.0,ML,,,,3.1,0.3,5
1163781,1997-08-17T17:24:00Z,-39.47,0.1,175.63,0.1,12.0,0.0,ML,,,,1.9,0.1,3
1163711,1997-08-17T23:08:13Z,-38.92,0.0,175.86,0.0,5.0,0.0,ML,,,,2.1,0.2,3
1164086,1997-08-18T01:02:58Z,-40.82,0.0,175.06,0.0,32.0,1.0,ML,,,,2.5,0.3,4
1163682,1997-08-18T02:00:56Z,-39.13,0.0,177.54,0.0,12.0,0.0,ML,,,,3.6,0.2,10
1163683,1997-08-18T03:55:56Z,-38.32,0.1,-179.06,0.1,33.0,0.0,ML,,,,4.1,0.1,3
1167962,1997-08-18T04:44:51Z,-41.15,0.0,174.8,0.0,31.0,0.0,ML,,,,2.2,0.0,2
1161622,1997-08-18T05:24:44Z,-38.12,0.0,176.24,0.0,5.0,0.0,ML,,,,2.4,0.2,3
1167050,1997-08-18T05:50:32Z,-39.51,0.0,175.65,0.0,12.0,0.0,ML,,,,2.3,0.2,3
1164087,1997-08-18T06:40:41Z,-41.19,0.0,174.96,0.0,28.0,1.0,ML,,,,1.7,0.1,5
1163686,1997-08-18T08:08:52Z,-38.2,0.0,178.35,0.0,12.0,0.0,ML,,,,3.5,0.1,6
1163327,1997-08-18T08:26:54Z,-45.19,0.0,167.46,0.0,119.0,3.0,ML,,,,3.2,0.2,6
1161134,1997-08-18T09:09:27Z,-40.82,0.0,175.12,0.0,30.0,2.0,ML,,,,3.8,0.1,5
1164088,1997-08-18T09:15:38Z,-40.78,0.0,175.06,0.0,34.0,1.0,ML,,,,1.8,0.4,4
1168095,1997-08-18T09:20:34Z,-40.79,0.0,175.05,0.0,34.0,1.0,ML,,,,1.9,0.2,4
1165244,1997-08-18T12:55:37Z,-38.78,0.0,175.88,0.0,5.0,0.0,ML,,,,2.0,nan,1
1165975,1997-08-18T13:12:19Z,-41.76,0.0,174.22,0.0,14.0,3.0,ML,,,,2.0,0.3,5
1161624,1997-08-18T13:22:11Z,-43.01,0.0,171.78,0.0,5.0,0.0,ML,,,,2.6,0.1,3
1165976,1997-08-18T13:28:42Z,-40.84,0.0,174.64,0.0,35.0,1.0,ML,,,,2.3,0.2,7
1165947,1997-08-18T13:56:27Z,-40.43,0.0,176.46,0.0,46.0,1.0,ML,,,,2.3,0.3,3
1165948,1997-08-18T14:23:53Z,-41.52,0.0,174.47,0.0,21.0,1.0,ML,,,,2.6,0.1,13
1163586,1997-08-18T15:53:38Z,-37.15,0.0,177.29,0.0,157.0,3.0,ML,,,,4.2,0.2,17
1165977,1997-08-18T16:08:54Z,-40.78,0.0,175.09,0.0,30.0,2.0,ML,,,,2.1,0.3,4
1168097,1997-08-18T16:18:54Z,-41.41,0.0,174.61,0.0,23.0,1.0,ML,,,,2.1,0.1,5
1167088,1997-08-18T19:09:00Z,-41.07,0.0,176.0,0.1,34.0,4.0,ML,,,,2.1,0.3,3
1163328,1997-08-18T19:48:52Z,-44.69,0.0,168.31,0.1,90.0,8.0,ML,,,,2.4,0.1,2
1162952,1997-08-18T19:53:00Z,-39.3,0.0,175.04,0.0,27.0,3.0,ML,,,,2.9,0.3,5
1165978,1997-08-18T21:55:54Z,-41.34,0.0,175.13,0.0,26.0,1.0,ML,,,,2.1,0.1,5
1165256,1997-08-19T01:07:41Z,-38.44,0.1,176.35,0.0,5.0,0.0,ML,,,,2.6,0.0,2
1165979,1997-08-19T02:22:42Z,-40.77,0.0,175.09,0.0,31.0,2.0,ML,,,,2.0,0.3,4
1165980,1997-08-19T02:47:43Z,-41.35,0.0,175.0,0.0,27.0,1.0,ML,,,,1.9,0.2,6
1165981,1997-08-19T04:10:01Z,-41.33,0.0,175.13,0.0,24.0,1.0,ML,,,,2.5,0.9,5
1165259,1997-08-19T05:48:26Z,-38.46,0.0,176.37,0.0,5.0,0.0,ML,,,,2.3,0.2,4
1165511,1997-08-19T06:00:07Z,-40.37,0.0,174.35,0.0,87.0,3.0,ML,,,,3.2,0.3,12
1169976,1997-08-19T07:17:22Z,-40.96,0.0,175.04,0.0,25.0,2.0,ML,,,,1.6,0.1,3
1168954,1997-08-19T09:02:00Z,-40.02,0.0,176.61,0.1,30.0,2.0,ML,,,,2.7,0.3,6
1169977,1997-08-19T10:10:28Z,-41.65,0.0,174.58,0.0,26.0,3.0,ML,,,,2.1,0.1,5
1165690,1997-08-19T12:04:28Z,-39.36,0.0,175.94,0.0,12.0,0.0,ML,,,,1.9,0.2,3
1170204,1997-08-19T12:06:24Z,-45.39,0.2,167.44,0.1,5.0,0.0,ML,,,,2.1,0.1,3
1165512,1997-08-19T12:33:23Z,-40.19,0.0,174.89,0.0,19.0,4.0,ML,,,,2.6,0.4,11
1169994,1997-08-19T13:36:27Z,-40.34,0.0,175.07,0.0,5.0,0.0,ML,,,,2.3,0.3,4
1165985,1997-08-19T13:54:19Z,-40.58,0.0,175.48,0.0,27.0,2.0,ML,,,,2.1,0.2,8
1165862,1997-08-19T14:09:10Z,-38.32,0.0,178.94,0.0,12.0,0.0,ML,,,,2.6,0.2,3
1169995,1997-08-19T14:26:19Z,-41.13,0.0,174.64,0.0,33.0,1.0,ML,,,,1.9,0.2,4
1168955,1997-08-19T14:29:22Z,-38.88,0.0,176.02,0.0,12.0,0.0,ML,,,,2.0,0.1,2
1165786,1997-08-19T15:07:12Z,-42.31,0.0,173.98,0.0,13.0,3.0,ML,,,,3.7,0.2,4
1169444,1997-08-19T15:33:24Z,-40.51,0.0,174.75,0.0,23.0,3.0,ML,,,,2.0,0.1,6
1166180,1997-08-19T16:32:20Z,-41.82,0.0,172.75,0.0,71.0,2.0,ML,,,,2.0,nan,1
1163339,1997-08-19T16:39:07Z,-44.99,0.0,167.49,0.0,71.0,2.0,ML,,,,3.8,0.3,5
1166181,1997-08-19T16:53:54Z,-42.46,0.0,173.95,0.0,12.0,0.0,ML,,,,2.3,0.1,3
1165865,1997-08-19T18:35:05Z,-38.79,0.0,175.76,0.0,167.0,3.0,ML,,,,3.2,0.1,6
1165260,1997-08-19T19:12:00Z,-39.23,0.0,174.77,0.0,12.0,0.0,ML,,,,2.6,0.2,6
1165787,1997-08-19T21:28:01Z,-38.27,0.0,175.91,0.0,207.0,4.0,ML,,,,3.6,0.2,12
1165990,1997-08-19T22:04:36Z,-40.74,0.0,175.05,0.0,37.0,4.0,ML,,,,2.1,0.3,4
1168956,1997-08-19T23:52:58Z,-40.18,0.0,174.62,0.0,12.0,0.0,ML,,,,2.7,0.3,9
1169448,1997-08-20T00:20:09Z,-41.64,0.0,174.58,0.0,31.0,2.0,ML,,,,2.6,0.4,3
1165752,1997-08-20T00:51:37Z,-47.63,0.1,165.43,0.1,33.0,0.0,ML,,,,3.6,0.3,4
1170015,1997-08-20T01:24:59Z,-41.76,0.0,174.52,0.0,32.0,6.0,ML,,,,2.3,0.3,3
1169449,1997-08-20T02:57:29Z,-41.15,0.0,175.33,0.0,27.0,0.0,ML,,,,1.8,0.3,4
1165307,1997-08-20T06:42:09Z,-44.61,0.1,167.85,0.1,12.0,0.0,ML,,,,2.3,0.2,5
1163345,1997-08-20T06:45:31Z,-45.54,0.2,167.03,0.1,57.0,3.0,ML,,,,2.5,0.1,3
1165513,1997-08-20T07:30:57Z,-38.97,0.0,175.25,0.0,12.0,0.0,ML,,,,3.1,0.4,12
1169673,1997-08-20T10:12:14Z,-39.24,0.0,173.79,0.0,18.0,1.0,ML,,,,1.6,0.1,2
1165994,1997-08-20T10:55:05Z,-40.74,0.0,174.89,0.0,60.0,1.0,ML,,,,2.7,0.1,10
1165875,1997-08-20T11:03:42Z,-37.0,0.0,177.72,0.0,148.0,4.0,ML,,,,4.0,0.3,18
1163348,1997-08-20T12:46:33Z,-42.32,0.0,173.99,0.0,12.0,2.0,ML,,,,4.4,0.2,10
1170210,1997-08-20T12:47:59Z,-42.35,0.0,173.99,0.0,12.0,0.0,ML,,,,2.9,0.3,9
1165937,1997-08-20T12:50:46Z,-42.28,0.0,173.97,0.0,12.0,0.0,ML,,,,2.6,0.2,7
1165340,1997-08-20T12:52:39Z,-42.32,0.0,173.98,0.0,12.0,0.0,ML,,,,2.9,0.2,15
1170600,1997-08-20T12:53:05Z,-42.31,0.0,173.97,0.0,12.0,0.0,ML,,,,2.6,0.2,8
1165938,1997-08-20T12:54:26Z,-42.29,0.0,173.95,0.0,11.0,2.0,ML,,,,2.5,0.3,10
1165939,1997-08-20T12:57:00Z,-42.28,0.0,173.95,0.0,12.0,0.0,ML,,,,2.6,0.3,13
1170602,1997-08-20T12:57:49Z,-42.29,0.0,173.96,0.0,12.0,2.0,ML,,,,2.7,0.2,12
1166375,1997-08-20T13:04:50Z,-42.33,0.0,174.01,0.0,11.0,2.0,ML,,,,2.2,0.2,6
1165791,1997-08-20T13:14:44Z,-42.32,0.0,173.98,0.0,12.0,3.0,ML,,,,3.0,0.2,16
1170021,1997-08-20T13:24:29Z,-41.1,0.0,175.43,0.0,25.0,1.0,ML,,,,1.7,0.2,6
1170604,1997-08-20T13:25:20Z,-42.3,0.0,173.97,0.0,14.0,3.0,ML,,,,2.6,0.2,11
1166383,1997-08-20T13:59:25Z,-42.34,0.0,174.03,0.0,12.0,0.0,ML,,,,2.4,0.2,6
1169454,1997-08-20T14:06:47Z,-40.79,0.0,175.32,0.0,27.0,3.0,ML,,,,1.7,0.2,6
1165792,1997-08-20T14:11:07Z,-42.31,0.0,173.96,0.0,12.0,0.0,ML,,,,3.0,0.2,14
1169455,1997-08-20T14:13:42Z,-40.34,0.0,175.09,0.0,5.0,0.0,ML,,,,2.3,0.2,4
1165793,1997-08-20T14:26:36Z,-42.31,0.0,173.97,0.0,12.0,0.0,ML,,,,3.2,0.2,16
1165794,1997-08-20T14:42:28Z,-42.32,0.0,173.97,0.0,12.0,0.0,ML,,,,2.9,0.2,8
1165795,1997-08-20T14:55:37Z,-42.29,0.0,174.0,0.0,12.0,0.0,ML,,,,2.8,0.1,7
1166389,1997-08-20T15:03:15Z,-42.28,0.0,173.93,0.0,12.0,0.0,ML,,,,2.5,0.0,2
1165796,1997-08-20T15:21:09Z,-42.32,0.0,174.0,0.0,12.0,0.0,ML,,,,2.7,0.1,4
1166391,1997-08-20T15:52:53Z,-42.43,0.0,173.97,0.0,12.0,0.0,ML,,,,2.6,0.0,2
1163349,1997-08-20T16:15:20Z,-43.13,0.0,171.43,0.0,5.0,0.0,ML,,,,3.8,0.1,11
1170608,1997-08-20T16:15:30Z,-41.34,0.0,174.06,0.0,75.0,2.0,ML,,,,3.0,0.2,11
1165797,1997-08-20T16:53:12Z,-42.26,0.0,173.94,0.0,12.0,0.0,ML,,,,2.9,0.1,4
1165798,1997-08-20T16:56:56Z,-40.46,0.0,175.86,0.0,30.0,1.0,ML,,,,2.2,0.2,2
1170609,1997-08-20T16:57:09Z,-42.33,0.0,174.03,0.0,12.0,0.0,ML,,,,2.7,0.0,3
1166398,1997-08-20T17:40:37Z,-42.34,0.0,174.02,0.0,12.0,0.0,ML,,,,2.5,0.0,2
1165799,1997-08-20T17:41:56Z,-40.78,0.0,175.08,0.0,31.0,2.0,ML,,,,2.0,0.5,4
1165956,1997-08-20T20:13:22Z,-41.15,0.0,174.81,0.0,30.0,1.0,ML,,,,2.2,0.1,7
1165800,1997-08-20T20:43:47Z,-42.3,0.0,173.97,0.0,12.0,0.0,ML,,,,3.1,0.2,10
1165957,1997-08-20T22:09:41Z,-41.14,0.0,174.49,0.0,38.0,1.0,ML,,,,2.6,0.2,9
1166407,1997-08-21T01:02:05Z,-42.46,0.0,173.94,0.0,12.0,0.0,ML,,,,2.8,0.3,3
1165414,1997-08-21T01:10:06Z,-41.3,0.0,175.62,0.0,28.0,1.0,ML,,,,3.2,0.2,10
1166012,1997-08-21T06:23:22Z,-41.3,0.0,175.62,0.0,28.0,1.0,ML,,,,2.0,0.2,8
1165447,1997-08-21T07:43:28Z,-45.76,0.1,166.12,0.1,12.0,0.0,ML,,,,3.0,0.3,2
1166013,1997-08-21T08:36:47Z,-40.98,0.0,174.69,0.0,61.0,1.0,ML,,,,2.7,0.3,8
1166014,1997-08-21T09:29:39Z,-40.47,0.0,174.42,0.0,33.0,0.0,ML,,,,2.1,0.1,3
1165878,1997-08-21T13:13:43Z,-36.08,0.1,179.22,0.1,12.0,0.0,ML,,,,4.3,0.4,6
1169228,1997-08-21T13:16:36Z,-43.08,0.0,171.4,0.0,12.0,0.0,ML,,,,2.5,0.2,3
1165515,1997-08-21T13:47:24Z,-40.09,0.0,174.81,0.0,23.0,2.0,ML,,,,2.5,0.2,5
1166016,1997-08-21T13:51:31Z,-40.82,0.0,175.07,0.0,40.0,2.0,ML,,,,2.3,0.2,6
1163356,1997-08-21T14:10:54Z,-43.22,0.0,171.12,0.0,12.0,0.0,ML,,,,2.6,0.2,2
1170033,1997-08-21T14:36:46Z,-41.89,0.0,174.97,0.0,31.0,6.0,ML,,,,2.5,0.1,3
1169018,1997-08-21T15:44:49Z,-39.42,0.1,175.93,0.0,12.0,0.0,ML,,,,2.3,0.2,3
1165448,1997-08-21T16:54:53Z,-42.31,0.0,173.98,0.0,12.0,0.0,ML,,,,3.1,0.2,13
1170905,1997-08-21T16:56:21Z,-42.29,0.0,173.96,0.0,12.0,0.0,ML,,,,3.0,0.2,9
1166022,1997-08-21T17:16:35Z,-40.92,0.0,175.74,0.0,29.0,1.0,ML,,,,2.1,0.2,5
1166024,1997-08-21T19:15:13Z,-40.89,0.0,175.72,0.0,27.0,2.0,ML,,,,1.9,0.2,5
1165533,1997-08-21T23:23:55Z,-44.92,0.0,167.66,0.0,77.0,4.0,ML,,,,2.9,0.2,4
1165534,1997-08-21T23:39:34Z,-41.27,0.0,175.2,0.0,22.0,2.0,ML,,,,1.9,0.2,4
1166033,1997-08-22T00:04:37Z,-41.29,0.0,175.19,0.0,25.0,1.0,ML,,,,1.9,0.2,8
1166046,1997-08-22T00:35:03Z,-41.32,0.0,174.78,0.0,28.0,1.0,ML,,,,1.8,0.2,4
1165802,1997-08-22T00:49:08Z,-39.77,0.0,177.02,0.0,32.0,2.0,ML,,,,3.3,0.5,16
1166057,1997-08-22T02:18:55Z,-41.28,0.0,175.18,0.0,25.0,1.0,ML,,,,2.1,0.2,8
1165449,1997-08-22T02:32:26Z,-41.29,0.0,175.2,0.0,22.0,1.0,ML,,,,1.8,0.6,4
1166059,1997-08-22T02:48:13Z,-40.66,0.1,175.89,0.0,28.0,3.0,ML,,,,2.6,0.3,5
1166060,1997-08-22T02:50:28Z,-41.47,0.0,174.18,0.0,32.0,3.0,ML,,,,2.2,0.2,7
1165699,1997-08-22T02:57:04Z,-45.23,0.0,167.15,0.0,52.0,3.0,ML,,,,2.7,0.3,4
1170035,1997-08-22T03:06:03Z,-41.28,0.0,175.2,0.0,22.0,1.0,ML,,,,2.0,0.2,4
1165958,1997-08-22T03:06:56Z,-41.77,0.0,174.83,0.0,30.0,2.0,ML,,,,2.5,0.2,8
1165941,1997-08-22T03:09:26Z,-42.25,0.0,173.93,0.0,14.0,1.0,ML,,,,2.5,0.1,3
1165538,1997-08-22T03:16:24Z,-42.32,0.0,174.02,0.0,12.0,0.0,ML,,,,2.5,0.1,3
1165804,1997-08-22T03:52:42Z,-41.72,0.0,172.23,0.0,98.0,1.0,ML,,,,3.1,0.1,7
1165806,1997-08-22T04:04:48Z,-43.01,0.0,171.39,0.0,12.0,0.0,ML,,,,3.0,0.5,4
1165880,1997-08-22T05:00:50Z,-38.2,0.0,178.49,0.0,5.0,0.0,ML,,,,2.8,0.3,3
1165450,1997-08-22T05:29:56Z,-39.61,0.0,174.28,0.0,182.0,5.0,ML,,,,4.2,0.3,14
1165703,1997-08-22T06:10:21Z,-45.29,0.0,167.01,0.0,16.0,2.0,ML,,,,2.5,0.1,3
1165882,1997-08-22T06:31:44Z,-37.59,0.0,178.67,0.0,12.0,0.0,ML,,,,3.8,0.2,3
1165704,1997-08-22T06:35:26Z,-37.03,0.1,177.39,0.0,154.0,7.0,ML,,,,3.9,0.3,9
1169286,1997-08-22T09:11:15Z,-41.21,0.0,175.68,0.1,17.0,2.0,ML,,,,1.9,0.0,2
1165888,1997-08-22T10:53:45Z,-40.57,0.0,174.25,0.0,76.0,2.0,ML,,,,2.7,0.2,5
1169477,1997-08-22T11:31:22Z,-40.94,0.0,174.82,0.0,69.0,1.0,ML,,,,2.5,0.3,5
1165707,1997-08-22T11:53:26Z,-45.55,0.0,167.71,0.0,12.0,0.0,ML,,,,2.2,0.2,3
1169020,1997-08-22T13:14:18Z,-39.33,0.0,175.54,0.0,5.0,0.0,ML,,,,2.2,0.2,4
1165451,1997-08-22T13:24:02Z,-41.47,0.0,173.94,0.0,45.0,3.0,ML,,,,4.7,0.1,4
1169480,1997-08-22T15:13:12Z,-40.34,0.0,176.32,0.0,47.0,3.0,ML,,,,2.7,0.1,4
1170048,1997-08-22T15:26:17Z,-41.48,0.0,174.01,0.0,33.0,2.0,ML,,,,2.5,0.3,3
1169021,1997-08-22T15:56:46Z,-39.25,0.0,174.94,0.0,5.0,0.0,ML,,,,2.6,0.2,7
1169233,1997-08-22T16:11:28Z,-42.45,0.0,173.95,0.0,12.0,0.0,ML,,,,2.4,0.2,3
1165809,1997-08-22T16:24:22Z,-42.37,0.0,173.97,0.1,12.0,0.0,ML,,,,2.5,0.2,3
1165889,1997-08-22T17:21:26Z,-37.67,0.0,177.81,0.0,12.0,0.0,ML,,,,4.0,0.2,5
1166119,1997-08-22T17:46:49Z,-40.42,0.0,175.1,0.1,35.0,9.0,ML,,,,2.3,0.2,3
1165516,1997-08-22T18:04:42Z,-41.46,0.0,173.94,0.0,42.0,2.0,ML,,,,4.1,0.2,4
1170052,1997-08-22T19:39:18Z,-41.48,0.1,174.02,0.0,33.0,4.0,ML,,,,2.6,0.4,3
1165453,1997-08-22T19:51:30Z,-39.77,0.0,177.09,0.0,33.0,0.0,ML,,,,3.7,0.6,14
1165454,1997-08-22T20:00:13Z,-39.43,0.0,175.77,0.0,12.0,0.0,ML,,,,3.0,0.2,6
1169022,1997-08-22T20:02:50Z,-39.42,0.0,175.7,0.0,16.0,2.0,ML,,,,2.6,0.2,4
1165455,1997-08-22T20:03:36Z,-39.43,0.0,175.77,0.0,12.0,0.0,ML,,,,3.2,0.2,13
1169023,1997-08-22T20:05:14Z,-39.41,0.0,175.7,0.1,12.0,0.0,ML,,,,2.4,0.2,4
1171152,1997-08-22T20:05:25Z,-39.34,0.0,175.81,0.0,12.0,0.0,ML,,,,2.7,0.2,3
1165711,1997-08-22T20:46:27Z,-38.09,0.0,178.88,0.0,12.0,0.0,ML,,,,2.6,0.2,3
1165891,1997-08-22T21:06:56Z,-37.59,0.0,178.35,0.3,165.0,2.0,ML,,,,4.0,0.1,3
1169024,1997-08-22T21:17:40Z,-39.45,0.0,175.54,0.0,12.0,0.0,ML,,,,2.4,0.2,3
1169025,1997-08-22T21:22:13Z,-39.43,0.0,175.36,0.0,5.0,0.0,ML,,,,3.2,0.5,5
1165942,1997-08-22T21:51:56Z,-41.46,0.0,173.95,0.0,37.0,2.0,ML,,,,3.2,0.2,12
1165546,1997-08-22T22:09:34Z,-44.82,0.0,166.58,0.0,5.0,0.0,ML,,,,4.2,0.3,4
1165456,1997-08-22T22:31:59Z,-39.42,0.0,174.73,0.0,18.0,2.0,ML,,,,3.2,0.2,14
1166072,1997-08-23T00:15:55Z,-41.08,0.0,174.06,0.0,56.0,3.0,ML,,,,2.5,0.2,6
1173767,1997-08-23T02:07:42Z,-40.08,0.0,174.85,0.0,12.0,0.0,ML,,,,2.9,0.6,4
1165549,1997-08-23T02:56:13Z,-45.04,0.0,167.56,0.0,84.0,3.0,ML,,,,4.0,0.3,5
1173770,1997-08-23T02:57:39Z,-41.49,0.0,173.97,0.0,37.0,3.0,ML,,,,2.7,0.3,4
1165892,1997-08-23T03:21:55Z,-38.09,0.1,176.51,0.2,212.0,17.0,ML,,,,3.9,0.4,13
1169026,1997-08-23T03:31:33Z,-39.74,0.0,177.29,0.0,19.0,1.0,ML,,,,3.4,0.5,6
1173774,1997-08-23T03:55:01Z,-41.55,0.0,173.78,0.0,52.0,2.0,ML,,,,2.8,0.2,3
1173778,1997-08-23T05:00:37Z,-40.99,0.0,174.77,0.0,32.0,0.0,ML,,,,2.6,0.2,5
1165719,1997-08-23T05:52:48Z,-41.81,0.0,172.63,0.0,83.0,3.0,ML,,,,2.9,nan,1
1165457,1997-08-23T08:26:47Z,-39.03,0.0,175.72,0.0,5.0,0.0,ML,,,,2.4,0.2,3
1169028,1997-08-23T09:05:52Z,-39.04,0.0,175.73,0.0,5.0,0.0,ML,,,,2.0,0.2,3
1165932,1997-08-23T09:38:06Z,-42.57,0.1,177.31,0.1,5.0,0.0,ML,,,,2.9,0.4,7
1171413,1997-08-23T09:38:16Z,-38.99,0.0,175.2,0.0,5.0,0.0,ML,,,,2.2,0.3,5
1169029,1997-08-23T10:29:03Z,-39.06,0.0,175.72,0.0,12.0,0.0,ML,,,,1.8,nan,1
1165553,1997-08-23T10:33:20Z,-44.72,0.0,166.42,0.1,12.0,0.0,ML,,,,3.5,0.3,7
1165554,1997-08-23T11:06:08Z,-47.19,0.1,165.19,0.1,12.0,0.0,ML,,,,4.2,0.2,4
1165555,1997-08-23T11:27:47Z,-44.39,0.1,166.78,0.1,5.0,0.0,ML,,,,2.8,0.2,4
1165894,1997-08-23T12:06:32Z,-36.97,0.0,-179.64,0.0,12.0,0.0,ML,,,,3.6,0.6,2
1166086,1997-08-23T13:32:50Z,-41.3,0.0,172.58,0.0,187.0,3.0,ML,,,,3.3,0.2,8
1169238,1997-08-23T14:18:36Z,-42.46,0.0,173.94,0.0,12.0,0.0,ML,,,,2.2,0.1,3
1173811,1997-08-23T14:28:09Z,-40.82,0.0,174.94,0.0,26.0,2.0,ML,,,,1.8,0.2,4
1173812,1997-08-23T16:41:52Z,-41.55,0.0,173.91,0.0,44.0,4.0,ML,,,,2.5,0.4,3
1173813,1997-08-23T19:08:10Z,-41.04,0.0,175.32,0.0,12.0,0.0,ML,,,,1.7,0.1,2
1173814,1997-08-23T19:39:41Z,-40.9,0.0,174.88,0.0,35.0,3.0,ML,,,,1.8,0.2,4
1165815,1997-08-23T20:46:46Z,-41.73,0.0,172.25,0.0,93.0,2.0,ML,,,,2.8,0.2,9
1165458,1997-08-23T21:39:43Z,-39.04,0.0,175.69,0.0,12.0,0.0,ML,,,,1.7,nan,1
1169033,1997-08-23T23:04:55Z,-39.63,0.0,175.7,0.1,12.0,0.0,ML,,,,2.3,0.1,3
1165519,1997-08-23T23:09:53Z,-40.16,0.0,174.9,0.0,21.0,2.0,ML,,,,2.8,0.3,10
1166088,1997-08-24T01:10:40Z,-39.98,0.0,174.51,0.0,110.0,4.0,ML,,,,2.3,0.2,7
1166089,1997-08-24T02:24:32Z,-41.29,0.0,175.27,0.0,27.0,1.0,ML,,,,2.2,0.1,6
1165460,1997-08-24T02:34:07Z,-38.2,0.0,176.62,0.0,12.0,0.0,ML,,,,2.4,0.3,5
1165901,1997-08-24T05:03:48Z,-38.27,0.1,179.09,0.1,12.0,0.0,ML,,,,3.4,0.2,4
1165463,1997-08-24T05:21:29Z,-38.89,0.0,175.88,0.0,9.0,1.0,ML,,,,2.1,0.5,2
1173600,1997-08-24T05:21:54Z,-38.9,0.0,175.88,0.0,5.0,0.0,ML,,,,2.1,0.4,2
1166090,1997-08-24T06:00:13Z,-41.48,0.0,173.96,0.0,38.0,3.0,ML,,,,2.0,0.3,7
1169035,1997-08-24T06:57:42Z,-39.58,0.0,175.59,0.0,5.0,0.0,ML,,,,2.2,0.2,3
1173825,1997-08-24T07:29:50Z,-40.92,0.0,175.44,0.0,12.0,0.0,ML,,,,1.6,0.1,2
1165819,1997-08-24T10:08:23Z,-43.01,0.0,171.35,0.0,5.0,0.0,ML,,,,2.3,0.2,4
1165520,1997-08-24T13:41:44Z,-37.94,0.0,176.11,0.0,204.0,9.0,ML,,,,3.9,0.4,17
1169036,1997-08-24T13:49:29Z,-39.23,0.0,175.13,0.0,32.0,4.0,ML,,,,2.4,0.1,3
1169037,1997-08-24T13:53:46Z,-38.64,0.0,176.01,0.0,12.0,0.0,ML,,,,2.4,0.2,2
1169038,1997-08-24T14:08:37Z,-39.97,0.0,176.53,0.0,5.0,0.0,ML,,,,2.7,0.3,6
1166091,1997-08-24T14:23:13Z,-41.49,0.0,173.89,0.0,45.0,4.0,ML,,,,2.2,0.3,8
1165561,1997-08-24T14:31:23Z,-44.89,0.0,167.41,0.1,12.0,0.0,ML,,,,3.3,0.1,4
1173833,1997-08-24T16:07:52Z,-40.85,0.0,174.77,0.0,17.0,1.0,ML,,,,1.9,0.1,2
1166092,1997-08-24T16:08:31Z,-42.0,0.0,173.97,0.0,14.0,4.0,ML,,,,2.2,0.3,6
1166093,1997-08-24T16:13:38Z,-40.92,0.0,175.43,0.0,15.0,3.0,ML,,,,2.0,0.2,8
1165521,1997-08-24T17:23:34Z,-40.04,0.0,174.52,0.0,66.0,6.0,ML,,,,2.4,0.3,7
1169040,1997-08-24T17:25:17Z,-39.52,0.0,175.59,0.0,5.0,0.0,ML,,,,1.8,0.2,3
1165464,1997-08-24T17:38:20Z,-38.72,0.0,175.25,0.0,234.0,7.0,ML,,,,4.3,0.3,17
1165465,1997-08-24T19:05:34Z,-36.72,0.1,177.33,0.1,249.0,14.0,ML,,,,4.9,0.3,5
1173601,1997-08-24T19:07:46Z,-44.81,0.0,167.4,0.0,5.0,0.0,ML,,,,3.3,0.1,6
1165903,1997-08-24T20:12:54Z,-37.79,0.0,176.68,0.0,221.0,5.0,ML,,,,3.5,0.2,7
1166094,1997-08-24T20:23:24Z,-39.8,0.0,176.99,0.0,39.0,4.0,ML,,,,4.1,0.2,18
1165904,1997-08-24T20:30:23Z,-39.81,0.0,176.93,0.0,30.0,2.0,ML,,,,3.0,0.2,6
1173840,1997-08-24T20:51:25Z,-40.59,0.0,175.31,0.0,30.0,2.0,ML,,,,1.8,0.0,2
1165728,1997-08-24T21:10:54Z,-42.78,0.0,172.84,0.0,12.0,0.0,ML,,,,2.5,0.1,4
1165523,1997-08-24T22:22:33Z,-42.33,0.0,174.02,0.0,12.0,0.0,ML,,,,4.0,0.2,8
1165524,1997-08-24T22:48:49Z,-40.93,0.0,175.57,0.0,10.0,2.0,ML,,,,3.5,0.5,5
1165824,1997-08-24T23:11:29Z,-37.92,0.0,179.17,0.0,12.0,0.0,ML,,,,4.3,0.2,28
1165732,1997-08-25T00:34:27Z,-45.26,0.0,166.82,0.0,17.0,1.0,ML,,,,2.5,0.3,3
1166095,1997-08-25T00:41:12Z,-41.16,0.0,174.48,0.0,37.0,2.0,ML,,,,2.0,0.2,7
1165734,1997-08-25T00:54:23Z,-38.06,0.0,175.93,0.1,262.0,8.0,ML,,,,3.8,0.2,11
1173857,1997-08-25T01:54:01Z,-40.81,0.1,174.86,0.2,104.0,16.0,ML,,,,2.3,0.2,3
1166096,1997-08-25T02:08:13Z,-41.7,0.0,174.34,0.0,5.0,0.0,ML,,,,2.5,0.2,11
1165526,1997-08-25T04:29:35Z,-40.16,0.0,174.9,0.0,5.0,0.0,ML,,,,2.3,0.2,6
1173604,1997-08-25T05:55:14Z,-38.37,0.0,176.2,0.0,5.0,0.0,ML,,,,2.7,0.0,2
1169067,1997-08-25T05:55:54Z,-38.36,0.0,176.29,0.0,5.0,0.0,ML,,,,2.5,0.4,4
1169068,1997-08-25T05:57:23Z,-38.36,0.0,176.24,0.0,5.0,0.0,ML,,,,2.2,0.3,3
1165909,1997-08-25T06:01:46Z,-36.18,0.0,179.39,0.1,12.0,0.0,ML,,,,3.8,0.5,3
1165527,1997-08-25T06:19:32Z,-37.65,0.0,175.68,0.0,5.0,0.0,ML,,,,4.3,0.3,30
1173865,1997-08-25T06:29:02Z,-41.47,0.0,173.94,0.0,39.0,2.0,ML,,,,2.3,0.3,6
1165735,1997-08-25T06:31:35Z,-44.83,0.0,167.4,0.0,5.0,0.0,ML,,,,2.4,0.1,4
1165827,1997-08-25T07:11:21Z,-42.71,0.0,173.21,0.0,5.0,0.0,ML,,,,2.7,0.5,3
1166101,1997-08-25T07:17:28Z,-41.03,0.0,174.55,0.0,50.0,1.0,ML,,,,1.9,0.2,5
1166150,1997-08-25T08:10:03Z,-37.65,0.0,175.69,0.0,5.0,0.0,ML,,,,3.2,0.3,10
1169071,1997-08-25T08:22:40Z,-38.36,0.0,176.41,0.0,5.0,0.0,ML,,,,2.2,0.1,3
1169072,1997-08-25T08:24:06Z,-38.4,0.1,176.43,0.0,5.0,0.0,ML,,,,2.3,0.2,4
1168683,1997-08-25T09:23:41Z,-38.84,0.0,175.53,0.0,152.0,2.0,ML,,,,3.4,0.5,2
1169512,1997-08-25T10:02:59Z,-40.7,0.0,176.73,0.0,30.0,1.0,ML,,,,2.8,0.1,3
1165529,1997-08-25T10:23:52Z,-37.65,0.0,175.69,0.0,5.0,0.0,ML,,,,3.9,0.4,21
1165530,1997-08-25T12:00:04Z,-40.52,0.0,173.24,0.0,169.0,5.0,ML,,,,3.5,0.2,3
1168685,1997-08-25T14:45:48Z,-39.53,0.0,175.6,0.0,12.0,0.0,ML,,,,2.0,0.1,3
1165830,1997-08-25T16:03:19Z,-43.0,0.0,171.35,0.0,12.0,0.0,ML,,,,2.7,0.3,4
1165567,1997-08-25T17:34:45Z,-45.17,0.0,166.94,0.1,5.0,0.0,ML,,,,3.0,0.5,6
1169130,1997-08-25T17:54:55Z,-40.61,0.0,174.35,0.0,49.0,8.0,ML,,,,2.5,0.2,7
1169131,1997-08-25T18:05:38Z,-41.46,0.0,173.96,0.0,38.0,3.0,ML,,,,2.5,0.3,6
1165568,1997-08-25T18:23:16Z,-44.63,0.0,167.75,0.0,5.0,0.0,ML,,,,2.9,0.5,6
1170221,1997-08-25T20:31:21Z,-39.31,0.0,173.86,0.0,12.0,0.0,ML,,,,1.5,0.1,3
1173866,1997-08-25T21:05:08Z,-41.64,0.0,174.24,0.0,12.0,0.0,ML,,,,2.1,0.0,2
1169075,1997-08-25T21:16:49Z,-38.31,0.0,176.39,0.0,12.0,0.0,ML,,,,2.4,0.1,3
1166151,1997-08-25T21:18:38Z,-38.29,0.0,176.37,0.0,5.0,0.0,ML,,,,2.9,0.3,5
1169076,1997-08-25T21:20:05Z,-38.29,0.0,176.37,0.0,5.0,0.0,ML,,,,2.6,0.2,4
1173607,1997-08-25T21:20:49Z,-38.3,0.0,176.38,0.0,5.0,0.0,ML,,,,2.8,0.2,4
1168699,1997-08-25T23:25:03Z,-39.49,0.0,175.64,0.0,12.0,0.0,ML,,,,2.4,0.2,3
1165571,1997-08-25T23:39:22Z,-44.6,0.0,167.66,0.0,5.0,0.0,ML,,,,2.6,0.3,4
1168361,1997-08-26T00:18:38Z,-42.45,0.0,172.81,0.0,5.0,0.0,ML,,,,2.9,0.1,4
1165572,1997-08-26T00:52:36Z,-44.81,0.0,167.4,0.0,5.0,0.0,ML,,,,3.3,0.1,5
1165739,1997-08-26T01:05:40Z,-46.83,0.1,165.63,0.1,33.0,0.0,ML,,,,3.5,0.3,5
1173868,1997-08-26T02:22:24Z,-40.25,0.0,175.15,0.0,28.0,3.0,ML,,,,2.5,0.0,2
1168736,1997-08-26T03:33:46Z,-41.11,0.0,174.47,0.0,34.0,1.0,ML,,,,2.6,0.2,9
1168672,1997-08-26T05:54:32Z,-42.27,0.0,173.94,0.0,12.0,0.0,ML,,,,2.4,0.2,2
1168245,1997-08-26T06:47:49Z,-39.36,0.0,175.52,0.0,5.0,0.0,ML,,,,3.1,0.3,11
1169522,1997-08-26T09:11:32Z,-40.39,0.0,176.41,0.0,48.0,1.0,ML,,,,2.8,0.2,3
1165577,1997-08-26T10:19:01Z,-45.27,0.0,166.97,0.0,12.0,0.0,ML,,,,3.2,0.3,5
1168364,1997-08-26T10:54:05Z,-41.82,0.0,172.13,0.1,100.0,8.0,ML,,,,2.5,nan,1
1165741,1997-08-26T13:21:08Z,-38.98,0.0,175.31,0.0,148.0,5.0,ML,,,,3.4,0.2,14
1165742,1997-08-26T13:39:08Z,-46.14,0.1,166.17,0.2,12.0,0.0,ML,,,,2.9,0.2,4
1169120,1997-08-26T15:21:14Z,-38.31,0.0,176.26,0.0,5.0,0.0,ML,,,,2.2,0.3,2
1168366,1997-08-26T15:48:02Z,-42.35,0.0,172.88,0.0,12.0,0.0,ML,,,,2.7,0.2,4
1169121,1997-08-26T16:38:32Z,-38.34,0.0,176.18,0.0,5.0,0.0,ML,,,,2.4,0.1,3
1165743,1997-08-26T16:41:50Z,-44.85,0.0,166.57,0.0,5.0,0.0,ML,,,,2.6,0.1,3
1168562,1997-08-26T18:02:32Z,-38.39,0.0,178.45,0.0,33.0,0.0,ML,,,,3.2,0.3,11
1165580,1997-08-26T20:43:10Z,-43.97,0.0,170.5,0.0,5.0,0.0,ML,,,,3.0,0.2,6
1165582,1997-08-26T22:30:29Z,-40.93,0.0,175.53,0.0,25.0,3.0,ML,,,,2.2,0.1,5
1165583,1997-08-26T22:42:23Z,-45.53,0.0,167.05,0.0,69.0,2.0,ML,,,,3.2,0.2,6
1168564,1997-08-26T22:50:47Z,-37.7,0.0,177.82,0.2,87.0,9.0,ML,,,,3.3,0.2,3
1168877,1997-08-27T00:41:08Z,-39.31,0.0,175.7,0.0,5.0,0.0,ML,,,,2.0,0.2,3
1173887,1997-08-27T01:35:13Z,-41.61,0.0,174.14,0.0,13.0,2.0,ML,,,,2.4,0.2,6
1168318,1997-08-27T04:21:40Z,-42.98,0.0,171.4,0.0,5.0,0.0,ML,,,,2.9,0.4,4
1168572,1997-08-27T04:33:06Z,-38.87,0.0,175.99,0.0,93.0,6.0,ML,,,,3.1,0.1,2
1169320,1997-08-27T05:00:50Z,-39.31,0.0,173.83,0.0,13.0,1.0,ML,,,,2.1,0.3,3
1168577,1997-08-27T06:51:30Z,-35.22,0.0,-179.99,0.1,12.0,0.0,ML,,,,4.0,0.5,3
1168246,1997-08-27T08:44:51Z,-40.06,0.0,174.99,0.0,24.0,2.0,ML,,,,3.3,0.4,22
1168878,1997-08-27T08:51:03Z,-39.51,0.0,177.2,0.0,28.0,2.0,ML,,,,3.5,0.5,12
1168247,1997-08-27T09:27:25Z,-39.36,0.0,175.51,0.0,104.0,3.0,ML,,,,3.7,0.2,16
1168582,1997-08-27T11:34:38Z,-37.59,0.0,178.72,0.0,12.0,0.0,ML,,,,3.3,0.2,3
1168248,1997-08-27T12:56:30Z,-40.09,0.0,175.03,0.0,58.0,3.0,ML,,,,3.0,0.3,11
1168831,1997-08-27T13:46:59Z,-41.01,0.0,174.18,0.0,57.0,2.0,ML,,,,2.7,0.1,10
1173761,1997-08-27T13:49:28Z,-42.94,0.0,171.37,0.0,12.0,0.0,ML,,,,2.5,0.1,4
1169136,1997-08-27T14:28:39Z,-41.65,0.0,174.34,0.0,5.0,0.0,ML,,,,2.6,0.3,9
1168777,1997-08-27T15:40:27Z,-38.83,0.0,176.45,0.0,56.0,3.0,ML,,,,3.3,0.2,2
1168547,1997-08-27T16:21:47Z,-40.62,0.0,174.74,0.0,28.0,1.0,ML,,,,1.8,0.2,4
1165588,1997-08-27T17:13:48Z,-44.98,0.0,167.55,0.0,50.0,5.0,ML,,,,2.7,0.3,5
1173966,1997-08-27T19:40:01Z,-41.11,0.0,174.48,0.0,33.0,1.0,ML,,,,1.9,0.2,3
1168249,1997-08-27T21:05:57Z,-40.01,0.0,175.69,0.0,66.0,4.0,ML,,,,3.7,0.2,18
1168548,1997-08-27T21:27:02Z,-39.2,0.0,174.89,0.0,27.0,4.0,ML,,,,2.7,0.1,5
1168250,1997-08-27T22:21:05Z,-40.53,0.0,174.55,0.0,24.0,2.0,ML,,,,3.3,0.3,18
1168832,1997-08-28T02:15:13Z,-41.69,0.0,174.6,0.0,32.0,2.0,ML,,,,2.8,0.2,7
1169142,1997-08-28T03:08:11Z,-41.72,0.0,174.29,0.0,31.0,6.0,ML,,,,2.1,0.1,3
1169144,1997-08-28T03:31:37Z,-41.48,0.0,173.98,0.0,36.0,2.0,ML,,,,2.7,0.4,4
1168324,1997-08-28T03:49:51Z,-46.75,0.0,169.1,0.0,12.0,0.0,ML,,,,3.5,0.2,5
1168374,1997-08-28T05:10:55Z,-41.51,0.0,175.05,0.0,39.0,1.0,ML,,,,2.7,0.2,9
1168594,1997-08-28T06:20:59Z,-37.31,0.1,177.55,0.1,185.0,10.0,ML,,,,3.7,0.3,6
1174040,1997-08-28T06:54:27Z,-40.99,0.0,175.18,0.0,31.0,1.0,ML,,,,1.6,0.1,3
1174000,1997-08-28T06:54:31Z,-41.56,0.0,174.49,0.0,14.0,1.0,ML,,,,1.7,0.2,2
1168251,1997-08-28T08:39:04Z,-40.41,0.0,176.42,0.0,42.0,2.0,ML,,,,3.0,0.3,8
1174008,1997-08-28T09:31:01Z,-40.53,0.0,174.37,0.0,87.0,2.0,ML,,,,2.7,0.2,5
1168595,1997-08-28T09:36:30Z,-36.49,0.0,178.61,0.2,12.0,0.0,ML,,,,3.7,0.4,2
1168376,1997-08-28T10:16:09Z,-40.73,0.0,173.74,0.0,118.0,2.0,ML,,,,3.4,0.3,11
1168833,1997-08-28T10:49:33Z,-41.84,0.0,173.61,0.0,51.0,3.0,ML,,,,2.7,0.2,7
1168886,1997-08-28T10:52:46Z,-39.7,0.0,177.18,0.0,24.0,1.0,ML,,,,3.5,0.3,6
1169147,1997-08-28T11:18:44Z,-40.61,0.0,175.86,0.0,31.0,1.0,ML,,,,2.1,0.1,3
1168887,1997-08-28T13:15:05Z,-39.36,0.0,175.67,0.0,12.0,0.0,ML,,,,1.8,0.1,3
1168834,1997-08-28T13:16:43Z,-40.92,0.0,175.02,0.0,35.0,1.0,ML,,,,2.4,0.3,8
1168888,1997-08-28T13:28:52Z,-39.26,0.0,175.82,0.0,12.0,0.0,ML,,,,1.7,0.1,2
1168889,1997-08-28T13:46:44Z,-39.79,0.0,176.83,0.0,33.0,0.0,ML,,,,2.9,0.2,6
1168331,1997-08-28T14:06:05Z,-47.8,0.0,166.16,0.1,12.0,0.0,ML,,,,3.2,0.2,2
1174025,1997-08-28T14:41:48Z,-41.15,0.0,175.15,0.0,26.0,2.0,ML,,,,1.5,0.2,4
1168891,1997-08-28T16:25:01Z,-39.31,0.0,175.79,0.0,12.0,0.0,ML,,,,1.8,0.1,2
1168253,1997-08-28T17:48:22Z,-40.11,0.0,174.88,0.0,24.0,3.0,ML,,,,2.5,0.3,8
1168378,1997-08-28T19:18:42Z,-42.46,0.0,172.81,0.0,12.0,0.0,ML,,,,3.4,0.2,15
1168892,1997-08-28T19:55:56Z,-40.45,0.0,175.82,0.0,61.0,2.0,ML,,,,2.6,0.1,2
1169148,1997-08-28T20:23:08Z,-41.26,0.0,175.19,0.0,24.0,1.0,ML,,,,1.9,0.2,4
1168550,1997-08-28T21:02:17Z,-37.63,0.0,175.7,0.0,5.0,0.0,ML,,,,3.3,0.3,12
1169150,1997-08-28T21:41:27Z,-40.71,0.0,174.57,0.0,35.0,2.0,ML,,,,1.7,0.2,4
1168333,1997-08-28T22:54:39Z,-44.98,0.0,167.61,0.0,102.0,3.0,ML,,,,3.2,0.4,3
1168380,1997-08-29T00:19:33Z,-42.9,0.0,173.09,0.0,5.0,0.0,ML,,,,2.1,0.2,3
1169158,1997-08-29T01:07:56Z,-38.42,0.0,176.05,0.0,157.0,8.0,ML,,,,3.4,0.3,8
1168780,1997-08-29T01:37:16Z,-39.24,0.0,175.12,0.0,21.0,5.0,ML,,,,2.4,0.1,4
1169159,1997-08-29T01:38:17Z,-41.35,0.0,174.72,0.0,10.0,1.0,ML,,,,1.7,0.1,4
1165606,1997-08-29T05:00:40Z,-40.02,0.0,175.23,0.0,33.0,0.0,ML,,,,2.7,0.2,4
1168279,1997-08-29T06:04:46Z,-45.15,0.0,167.08,0.0,25.0,1.0,ML,,,,2.5,0.2,3
1169164,1997-08-29T06:16:07Z,-40.74,0.0,176.69,0.0,27.0,1.0,ML,,,,2.7,0.2,8
1172266,1997-08-29T07:27:14Z,-39.91,0.0,176.71,0.0,32.0,3.0,ML,,,,3.1,0.2,7
1172409,1997-08-29T08:21:44Z,-40.93,0.0,174.06,0.0,97.0,3.0,ML,,,,2.7,0.1,5
1168254,1997-08-29T09:08:00Z,-39.37,0.0,175.56,0.1,105.0,6.0,ML,,,,2.8,0.0,2
1168909,1997-08-29T09:19:32Z,-39.13,0.0,175.43,0.0,12.0,0.0,ML,,,,1.4,0.1,3
1168910,1997-08-29T10:32:57Z,-39.31,0.0,175.78,0.0,12.0,0.0,ML,,,,1.9,0.1,3
1168911,1997-08-29T13:18:11Z,-39.31,0.0,175.6,0.0,12.0,0.0,ML,,,,1.8,0.2,3
1168603,1997-08-29T13:55:58Z,-38.31,0.0,176.31,0.0,5.0,0.0,ML,,,,2.9,0.3,5
1168912,1997-08-29T13:57:53Z,-38.95,0.0,175.77,0.0,5.0,0.0,ML,,,,2.1,0.2,4
1168913,1997-08-29T13:59:39Z,-38.95,0.1,175.76,0.2,12.0,0.0,ML,,,,1.4,0.0,2
1168914,1997-08-29T14:01:08Z,-38.96,0.0,175.73,0.0,5.0,0.0,ML,,,,1.5,0.0,2
1168915,1997-08-29T14:03:52Z,-38.92,0.0,175.67,0.0,5.0,0.0,ML,,,,1.4,nan,1
1174032,1997-08-29T14:04:03Z,-38.96,0.0,175.8,0.0,5.0,0.0,ML,,,,2.1,0.1,4
1168385,1997-08-29T14:09:07Z,-43.05,0.0,171.36,0.0,12.0,0.0,ML,,,,2.6,0.0,2
1168916,1997-08-29T15:21:33Z,-40.18,0.0,176.55,0.1,33.0,0.0,ML,,,,2.8,0.1,5
1168917,1997-08-29T15:39:18Z,-40.09,0.0,174.93,0.0,12.0,0.0,ML,,,,2.4,0.2,4
1168918,1997-08-29T16:46:25Z,-39.51,0.0,175.73,0.0,21.0,3.0,ML,,,,1.8,0.1,3
1169166,1997-08-29T17:10:13Z,-41.48,0.0,173.89,0.0,43.0,2.0,ML,,,,2.0,0.3,6
1165613,1997-08-29T17:12:37Z,-44.32,0.0,167.65,0.0,12.0,0.0,ML,,,,2.5,0.2,4
1168386,1997-08-29T17:38:19Z,-40.24,0.0,173.6,0.0,174.0,2.0,ML,,,,3.1,0.3,9
1168605,1997-08-29T19:16:10Z,-38.11,0.1,176.58,0.1,232.0,12.0,ML,,,,3.5,0.3,5
1168919,1997-08-29T19:52:51Z,-39.3,0.0,175.78,0.0,12.0,0.0,ML,,,,1.8,0.1,3
1168920,1997-08-29T20:06:00Z,-38.8,0.0,175.82,0.0,14.0,1.0,ML,,,,1.8,0.1,4
1174033,1997-08-29T20:06:05Z,-38.86,0.0,175.85,0.0,12.0,0.0,ML,,,,2.0,0.0,3
1168387,1997-08-29T20:21:43Z,-43.23,0.0,170.98,0.0,12.0,0.0,ML,,,,2.5,0.3,3
1168921,1997-08-29T21:32:58Z,-39.39,0.0,177.3,0.1,12.0,0.0,ML,,,,3.0,0.2,4
1168922,1997-08-29T21:47:05Z,-39.43,0.0,175.69,0.0,20.0,2.0,ML,,,,2.7,0.1,3
1169126,1997-08-29T22:18:53Z,-38.32,0.0,176.23,0.0,5.0,0.0,ML,,,,1.9,0.1,3
1165624,1997-08-29T23:04:51Z,-39.13,0.0,177.57,0.0,33.0,0.0,ML,,,,3.3,0.2,9
1168923,1997-08-29T23:06:09Z,-39.51,0.0,175.62,0.0,12.0,0.0,ML,,,,2.2,0.2,2
1169167,1997-08-30T00:18:12Z,-40.89,0.0,175.79,0.0,29.0,1.0,ML,,,,2.6,0.2,9
1165625,1997-08-30T01:00:09Z,-38.99,0.0,177.5,0.0,29.0,1.0,ML,,,,3.9,0.3,31
1172012,1997-08-30T01:03:21Z,-42.29,0.0,174.39,0.0,33.0,0.0,ML,,,,2.6,0.1,5
1168255,1997-08-30T01:06:36Z,-39.83,0.0,173.85,0.1,138.0,8.0,ML,,,,3.1,0.2,8
1168610,1997-08-30T01:26:19Z,-38.83,0.0,178.43,0.1,12.0,0.0,ML,,,,3.4,0.2,7
1168926,1997-08-30T02:24:47Z,-39.31,0.0,175.78,0.0,12.0,0.0,ML,,,,2.0,0.1,3
1168664,1997-08-30T03:03:38Z,-39.43,0.0,175.38,0.0,12.0,0.0,ML,,,,2.0,0.1,3
1165630,1997-08-30T03:18:19Z,-41.3,0.0,175.69,0.0,19.0,1.0,ML,,,,1.5,0.1,4
1168927,1997-08-30T04:04:49Z,-39.87,0.4,176.69,0.3,26.0,5.0,ML,,,,3.2,0.3,4
1172015,1997-08-30T04:18:37Z,-37.91,0.0,177.08,0.0,278.0,2.0,ML,,,,3.4,0.3,4
1168674,1997-08-30T04:41:24Z,-41.66,0.0,172.43,0.0,5.0,0.0,ML,,,,2.4,0.1,2
1165636,1997-08-30T08:40:22Z,-41.45,0.0,173.93,0.0,41.0,2.0,ML,,,,3.9,0.2,4
1165637,1997-08-30T09:33:37Z,-44.97,0.0,167.62,0.0,62.0,2.0,ML,,,,3.3,0.2,6
1169168,1997-08-30T10:21:10Z,-40.47,0.0,174.46,0.0,43.0,7.0,ML,,,,2.0,0.1,7
1168256,1997-08-30T10:40:28Z,-38.54,0.0,175.31,0.0,240.0,3.0,ML,,,,4.3,0.2,18
1165639,1997-08-30T12:15:58Z,-45.25,0.0,166.87,0.0,20.0,2.0,ML,,,,2.2,0.2,4
1175918,1997-08-30T12:16:51Z,-39.01,0.0,175.26,0.1,112.0,6.0,ML,,,,2.8,0.3,8
1168280,1997-08-30T12:36:11Z,-45.45,0.0,166.73,0.0,23.0,0.0,ML,,,,2.1,0.2,3
1168393,1997-08-30T12:50:28Z,-38.54,0.0,175.78,0.0,158.0,2.0,ML,,,,3.9,0.3,19
1168340,1997-08-30T13:12:35Z,-39.28,0.0,174.96,0.0,5.0,0.0,ML,,,,2.4,0.4,10
1175920,1997-08-30T13:14:28Z,-45.44,0.0,166.73,0.0,24.0,0.0,ML,,,,2.2,0.2,3
1171279,1997-08-30T13:32:16Z,-38.34,0.0,176.16,0.1,197.0,4.0,ML,,,,3.1,0.1,6
1165640,1997-08-30T13:39:33Z,-44.05,0.0,169.43,0.0,12.0,0.0,ML,,,,2.4,0.3,3
1172285,1997-08-30T13:42:53Z,-39.69,0.0,176.79,0.0,57.0,4.0,ML,,,,2.6,0.2,4
1168395,1997-08-30T13:45:31Z,-39.9,0.0,175.03,0.0,12.0,0.0,ML,,,,2.4,0.1,3
1168928,1997-08-30T14:24:23Z,-39.55,0.0,175.62,0.0,12.0,0.0,ML,,,,1.9,0.1,3
1168675,1997-08-30T15:31:44Z,-42.32,0.0,172.93,0.0,19.0,2.0,ML,,,,2.9,0.1,13
1168930,1997-08-30T16:13:19Z,-39.21,0.0,174.89,0.0,27.0,3.0,ML,,,,2.5,0.2,4
1168397,1997-08-30T16:19:34Z,-39.93,0.0,176.8,0.0,33.0,0.0,ML,,,,3.2,0.3,24
1168931,1997-08-30T17:06:59Z,-39.33,0.0,175.42,0.0,14.0,1.0,ML,,,,1.9,0.1,3
1169169,1997-08-30T17:37:14Z,-40.14,0.0,173.24,0.0,5.0,0.0,ML,,,,2.3,0.1,6
1168617,1997-08-30T17:55:23Z,-37.75,0.0,176.36,0.0,194.0,11.0,ML,,,,3.6,0.3,8
1168258,1997-08-30T18:18:50Z,-39.34,0.0,174.88,0.0,28.0,2.0,ML,,,,2.6,0.3,15
1165643,1997-08-30T18:51:31Z,-44.91,0.0,167.66,0.0,72.0,3.0,ML,,,,2.6,0.3,5
1168259,1997-08-30T19:24:15Z,-39.88,0.0,174.43,0.0,20.0,2.0,ML,,,,2.8,0.5,14
1165646,1997-08-30T20:14:22Z,-39.55,0.0,174.5,0.0,134.0,4.0,ML,,,,2.6,0.2,5
1175922,1997-08-30T20:15:15Z,-37.82,0.1,-179.97,0.2,12.0,0.0,ML,,,,3.6,0.2,5
1172654,1997-08-30T20:16:47Z,-42.05,0.1,176.4,0.1,12.0,0.0,ML,,,,2.4,0.2,4
1169170,1997-08-30T21:22:12Z,-40.24,0.0,176.59,0.1,53.0,4.0,ML,,,,3.5,0.2,14
1168401,1997-08-30T22:22:27Z,-42.49,0.0,172.97,0.0,33.0,0.0,ML,,,,2.2,0.4,3
1168618,1997-08-30T22:26:54Z,-36.66,0.2,177.6,0.1,12.0,0.0,ML,,,,4.0,0.3,4
1169171,1997-08-30T23:10:00Z,-41.06,0.0,175.06,0.0,17.0,1.0,ML,,,,1.5,0.1,5
1165662,1997-08-30T23:39:15Z,-38.72,0.0,175.51,0.0,176.0,5.0,ML,,,,3.3,0.2,8
1165666,1997-08-31T00:33:10Z,-38.95,0.0,177.54,0.0,33.0,0.0,ML,,,,3.5,0.2,9
1169172,1997-08-31T02:16:18Z,-41.3,0.0,175.99,0.0,26.0,2.0,ML,,,,1.8,0.2,5
1172690,1997-08-31T02:40:44Z,-40.46,0.1,173.94,0.0,12.0,0.0,ML,,,,2.3,0.1,3
1172296,1997-08-31T03:19:21Z,-41.61,0.0,174.54,0.0,12.0,0.0,ML,,,,1.8,0.1,6
1168939,1997-08-31T07:09:13Z,-40.58,0.0,175.78,0.0,29.0,1.0,ML,,,,2.5,0.2,13
1169178,1997-08-31T07:28:21Z,-41.5,0.0,173.96,0.0,39.0,2.0,ML,,,,2.2,0.3,7
1165674,1997-08-31T07:49:47Z,-42.29,0.0,173.93,0.0,16.0,3.0,ML,,,,4.1,0.2,8
1165675,1997-08-31T08:02:26Z,-42.29,0.0,173.93,0.0,16.0,3.0,ML,,,,3.8,0.3,6
1168405,1997-08-31T08:21:35Z,-42.47,0.0,173.72,0.1,12.0,0.0,ML,,,,3.1,0.1,3
1168406,1997-08-31T08:25:27Z,-42.28,0.0,173.94,0.0,12.0,0.0,ML,,,,2.7,0.2,14
1168941,1997-08-31T09:14:08Z,-39.13,0.0,175.39,0.0,10.0,2.0,ML,,,,1.6,0.1,3
1169179,1997-08-31T09:18:37Z,-42.3,0.0,173.98,0.0,12.0,0.0,ML,,,,2.3,0.2,7
1168676,1997-08-31T09:49:22Z,-42.28,0.0,173.92,0.0,18.0,3.0,ML,,,,3.2,0.2,14
1168677,1997-08-31T09:57:39Z,-42.3,0.0,173.93,0.0,19.0,3.0,ML,,,,2.6,0.2,10
1168261,1997-08-31T10:18:04Z,-40.33,0.0,174.61,0.0,55.0,6.0,ML,,,,2.7,0.2,11
1168408,1997-08-31T10:25:46Z,-42.32,0.0,173.99,0.0,13.0,5.0,ML,,,,2.6,0.2,11
1169180,1997-08-31T10:53:30Z,-40.87,0.0,175.79,0.0,30.0,1.0,ML,,,,1.7,0.1,7
1168942,1997-08-31T11:42:47Z,-39.38,0.0,175.62,0.0,12.0,0.0,ML,,,,1.4,0.2,2
1168944,1997-08-31T13:56:21Z,-40.34,0.0,176.23,0.0,60.0,4.0,ML,,,,2.7,0.3,7
1168631,1997-08-31T14:09:23Z,-39.02,0.0,175.13,0.0,12.0,0.0,ML,,,,2.4,0.2,4
1168412,1997-08-31T14:28:22Z,-42.31,0.0,174.0,0.0,12.0,0.0,ML,,,,2.6,0.2,7
1171826,1997-08-31T15:06:26Z,-37.3,0.1,175.59,0.1,231.0,13.0,ML,,,,3.6,0.1,9
1168945,1997-08-31T15:24:48Z,-39.54,0.0,175.5,0.1,5.0,0.0,ML,,,,1.8,0.2,3
1169181,1997-08-31T16:03:53Z,-42.3,0.0,173.98,0.0,12.0,0.0,ML,,,,2.4,0.3,10
1168946,1997-08-31T16:05:50Z,-39.49,0.0,175.71,0.1,30.0,4.0,ML,,,,2.4,0.2,3
1168947,1997-08-31T16:37:12Z,-39.66,0.1,175.04,0.1,12.0,0.0,ML,,,,2.4,0.1,2
1168262,1997-08-31T17:09:52Z,-39.6,0.0,174.96,0.0,31.0,1.0,ML,,,,2.8,0.3,17
1168948,1997-08-31T17:23:49Z,-40.36,0.0,175.92,0.0,43.0,3.0,ML,,,,2.5,0.2,7
1168836,1997-08-31T19:05:05Z,-41.58,0.0,174.33,0.0,27.0,1.0,ML,,,,2.7,0.2,12
1168286,1997-08-31T19:42:59Z,-38.73,0.0,176.23,0.0,94.0,6.0,ML,,,,3.0,nan,1
1169182,1997-08-31T19:44:43Z,-40.57,0.0,175.16,0.0,32.0,3.0,ML,,,,2.1,0.2,6
1168263,1997-08-31T20:24:27Z,-39.42,0.0,175.03,0.0,27.0,2.0,ML,,,,2.8,0.4,9
1168413,1997-08-31T20:53:29Z,-38.57,0.0,175.72,0.0,196.0,1.0,ML,,,,3.4,0.3,11
1171426,1997-08-31T21:32:11Z,-39.58,0.0,175.7,0.0,12.0,0.0,ML,,,,1.9,0.1,3
1175924,1997-08-31T21:32:49Z,-39.58,0.0,175.61,0.0,12.0,0.0,ML,,,,2.6,0.0,2
1168838,1997-08-31T22:26:18Z,-41.39,0.0,174.96,0.0,28.0,1.0,ML,,,,2.5,0.2,11
1169183,1997-08-31T22:36:15Z,-41.26,0.0,175.16,0.0,22.0,1.0,ML,,,,1.2,0.0,2
1169184,1997-08-31T23:43:41Z,-39.89,0.0,176.75,0.0,29.0,2.0,ML,,,,3.0,0.3,13
1165682,1997-09-01T01:17:56Z,-39.55,0.0,175.69,0.0,12.0,0.0,ML,,,,2.7,0.3,5
1168552,1997-09-01T01:19:43Z,-38.39,0.0,176.31,0.0,98.0,8.0,ML,,,,3.1,0.2,8
1168264,1997-09-01T01:37:12Z,-40.11,0.0,174.91,0.0,19.0,3.0,ML,,,,3.1,0.4,12
1171427,1997-09-01T02:21:30Z,-39.6,0.0,175.6,0.0,12.0,0.0,ML,,,,2.2,0.1,3
1171428,1997-09-01T03:01:11Z,-39.34,0.0,175.24,0.0,12.0,0.0,ML,,,,2.2,0.3,3
1171429,1997-09-01T05:54:56Z,-39.34,0.0,175.74,0.0,12.0,0.0,ML,,,,1.8,0.2,3
1171431,1997-09-01T07:48:06Z,-39.09,0.0,175.48,0.0,112.0,2.0,ML,,,,2.8,0.2,6
1165685,1997-09-01T08:25:37Z,-45.04,0.0,167.5,0.0,70.0,2.0,ML,,,,3.4,0.2,8
1172317,1997-09-01T08:38:44Z,-40.44,0.0,175.18,0.0,5.0,0.0,ML,,,,2.2,0.1,5
1168265,1997-09-01T09:03:23Z,-38.99,0.0,175.1,0.0,211.0,2.0,ML,,,,3.8,0.4,17
1171432,1997-09-01T09:38:31Z,-38.44,0.0,175.7,0.0,12.0,0.0,ML,,,,2.3,0.1,4
1168418,1997-09-01T10:16:30Z,-42.68,0.0,173.91,0.0,24.0,2.0,ML,,,,3.2,0.3,11
1168266,1997-09-01T10:29:45Z,-39.15,0.0,174.82,0.0,5.0,0.0,ML,,,,2.7,0.2,14
1168267,1997-09-01T11:22:24Z,-40.36,0.0,174.92,0.0,5.0,0.0,ML,,,,2.5,0.3,11
1171433,1997-09-01T11:30:31Z,-39.82,0.0,176.33,0.0,36.0,2.0,ML,,,,2.7,0.2,2
1168419,1997-09-01T11:51:24Z,-42.98,0.0,171.49,0.0,12.0,0.0,ML,,,,2.2,0.1,3
1168268,1997-09-01T12:39:40Z,-39.95,0.0,175.17,0.0,33.0,0.0,ML,,,,2.4,0.1,4
1165687,1997-09-01T12:43:42Z,-43.05,0.0,171.4,0.0,12.0,0.0,ML,,,,2.4,0.2,4
1169222,1997-09-01T13:45:31Z,-39.14,0.0,174.76,0.0,5.0,0.0,ML,,,,2.5,0.2,6
1168269,1997-09-01T14:39:19Z,-40.15,0.0,174.88,0.0,12.0,0.0,ML,,,,2.7,0.4,11
1171434,1997-09-01T14:43:37Z,-39.93,0.0,175.64,0.0,66.0,2.0,ML,,,,2.3,0.2,5
1171435,1997-09-01T15:56:33Z,-39.61,0.0,175.82,0.1,12.0,0.0,ML,,,,2.1,0.2,3
1168647,1997-09-01T16:18:19Z,-37.82,0.0,179.2,0.0,46.0,9.0,ML,,,,3.7,0.2,12
1171607,1997-09-01T16:31:03Z,-38.37,0.0,176.22,0.0,5.0,0.0,ML,,,,2.4,0.2,3
1171436,1997-09-01T17:06:59Z,-38.9,0.0,175.82,0.0,6.0,0.0,ML,,,,2.0,0.3,5
1171437,1997-09-01T18:01:37Z,-39.39,0.0,175.57,0.0,12.0,0.0,ML,,,,1.4,0.1,3
1171438,1997-09-01T20:15:31Z,-39.32,0.0,175.74,0.0,15.0,0.0,ML,,,,2.0,0.1,3
1168271,1997-09-01T20:33:28Z,-40.14,0.0,174.32,0.0,85.0,3.0,ML,,,,2.5,nan,1
1171611,1997-09-01T21:44:54Z,-38.32,0.0,176.45,0.0,5.0,0.0,ML,,,,2.0,0.1,3
1171440,1997-09-01T22:09:00Z,-39.32,0.0,175.74,0.0,15.0,0.0,ML,,,,1.8,0.2,3
1171741,1997-09-01T22:11:31Z,-40.76,0.0,175.11,0.0,34.0,1.0,ML,,,,2.1,0.3,4
1168426,1997-09-01T22:26:40Z,-37.44,0.0,176.56,0.0,230.0,5.0,ML,,,,4.1,0.2,11
1171742,1997-09-01T23:18:50Z,-42.02,0.0,174.03,0.0,12.0,0.0,ML,,,,2.6,0.2,4
1168289,1997-09-02T00:00:33Z,-45.6,0.0,167.93,0.0,12.0,0.0,ML,,,,2.2,0.3,5
1171743,1997-09-02T00:51:56Z,-40.53,0.1,174.0,0.1,81.0,11.0,ML,,,,2.5,0.0,6
1168272,1997-09-02T01:38:07Z,-38.71,0.0,175.98,0.0,94.0,2.0,ML,,,,3.8,0.2,15
1171744,1997-09-02T02:11:06Z,-41.14,0.0,174.64,0.0,32.0,1.0,ML,,,,2.0,0.1,5
1177929,1997-09-02T06:31:37Z,-38.31,0.0,178.53,0.0,12.0,0.0,ML,,,,2.8,0.2,3
1170430,1997-09-02T06:32:30Z,-40.52,0.0,175.94,0.0,15.0,2.0,ML,,,,2.1,0.2,7
1172701,1997-09-02T07:10:01Z,-41.63,0.0,174.94,0.0,30.0,2.0,ML,,,,2.0,0.1,5
1170326,1997-09-02T07:26:07Z,-39.61,0.0,175.64,0.0,12.0,0.0,ML,,,,2.2,0.1,3
1171444,1997-09-02T09:08:39Z,-39.37,0.0,175.89,0.0,5.0,0.0,ML,,,,2.2,0.1,3
1171445,1997-09-02T10:17:53Z,-39.96,0.0,176.71,0.0,9.0,2.0,ML,,,,2.9,0.2,4
1171330,1997-09-02T10:38:36Z,-38.59,0.1,175.33,0.1,292.0,10.0,ML,,,,3.4,0.1,6
1168292,1997-09-02T11:45:16Z,-45.17,0.0,166.95,0.0,12.0,0.0,ML,,,,2.8,0.2,3
1172702,1997-09-02T11:49:52Z,-40.83,0.0,175.5,0.0,26.0,1.0,ML,,,,1.9,0.2,6
1170415,1997-09-02T12:02:49Z,-38.9,0.0,175.73,0.0,5.0,0.0,ML,,,,1.8,0.0,3
1171447,1997-09-02T13:20:13Z,-39.19,0.1,176.08,0.1,69.0,6.0,ML,,,,2.9,nan,1
1168293,1997-09-02T13:52:10Z,-45.16,0.0,166.16,0.0,12.0,0.0,ML,,,,2.4,0.0,2
1172703,1997-09-02T20:20:26Z,-41.63,0.0,174.19,0.0,5.0,0.0,ML,,,,2.5,0.3,7
1170332,1997-09-02T20:39:20Z,-38.06,0.0,176.5,0.0,196.0,7.0,ML,,,,3.6,0.2,11
1168274,1997-09-02T21:06:25Z,-40.12,0.0,174.05,0.0,100.0,6.0,ML,,,,3.3,0.1,9
1171451,1997-09-02T21:07:42Z,-38.54,0.0,175.64,0.1,178.0,5.0,ML,,,,3.3,0.2,7
1168296,1997-09-02T21:58:24Z,-44.41,0.0,168.25,0.0,5.0,0.0,ML,,,,3.3,0.2,7
1172704,1997-09-02T22:28:10Z,-41.14,0.0,174.66,0.0,33.0,1.0,ML,,,,2.0,0.1,4
1168297,1997-09-02T22:48:52Z,-45.04,0.0,167.28,0.0,40.0,6.0,ML,,,,2.7,0.1,5
1168862,1997-09-02T22:50:41Z,-46.3,0.0,169.29,0.1,26.0,4.0,ML,,,,2.6,0.3,5
1171458,1997-09-03T00:32:41Z,-39.99,0.0,176.64,0.0,12.0,0.0,ML,,,,2.9,0.2,4
1171460,1997-09-03T00:42:39Z,-39.55,0.0,175.43,0.0,5.0,0.0,ML,,,,2.0,0.3,3
1168275,1997-09-03T02:34:44Z,-39.32,0.0,174.74,0.0,28.0,2.0,ML,,,,2.8,0.3,14
1172710,1997-09-03T02:52:14Z,-41.87,0.0,175.4,0.0,34.0,0.0,ML,,,,2.0,0.2,3
1171466,1997-09-03T03:51:16Z,-38.3,0.0,175.86,0.0,204.0,2.0,ML,,,,3.4,0.3,9
1171467,1997-09-03T05:29:31Z,-39.49,0.0,175.74,0.0,19.0,1.0,ML,,,,2.6,0.2,3
1171470,1997-09-03T05:54:01Z,-38.71,0.0,175.85,0.0,12.0,0.0,ML,,,,2.1,nan,1
1170440,1997-09-03T06:32:25Z,-38.15,0.0,178.35,0.1,12.0,0.0,ML,,,,2.6,0.1,3
1170441,1997-09-03T06:40:48Z,-38.16,0.1,178.36,0.1,12.0,0.0,ML,,,,2.7,0.2,3
1170442,1997-09-03T06:57:58Z,-38.1,0.1,178.38,0.1,12.0,0.0,ML,,,,2.2,0.2,3
1170443,1997-09-03T07:51:54Z,-38.17,0.0,178.37,0.2,12.0,0.0,ML,,,,2.5,0.2,3
1171339,1997-09-03T07:54:08Z,-41.0,0.0,175.97,0.0,31.0,1.0,ML,,,,2.8,0.3,9
1171474,1997-09-03T08:29:12Z,-39.6,0.0,175.55,0.0,12.0,0.0,ML,,,,2.2,0.3,3
1170444,1997-09-03T08:36:05Z,-38.04,0.0,178.92,0.1,12.0,0.0,ML,,,,2.3,0.3,3
1171748,1997-09-03T09:22:46Z,-40.96,0.0,175.58,0.0,31.0,1.0,ML,,,,2.3,0.2,9
1172724,1997-09-03T09:31:53Z,-41.64,0.0,174.19,0.0,5.0,0.0,ML,,,,2.1,0.1,7
1171477,1997-09-03T09:37:39Z,-40.39,0.0,174.54,0.0,12.0,0.0,ML,,,,2.5,0.2,9
1171907,1997-09-03T09:43:20Z,-40.53,0.0,174.27,0.1,90.0,4.0,ML,,,,2.2,0.2,4
1170447,1997-09-03T09:55:38Z,-36.68,0.0,178.27,0.0,23.0,4.0,ML,,,,3.7,0.2,5
1171483,1997-09-03T11:08:05Z,-39.38,0.0,175.66,0.0,12.0,0.0,ML,,,,1.3,0.2,3
1170384,1997-09-03T13:53:15Z,-42.26,0.0,172.62,0.0,12.0,0.0,ML,,,,3.7,0.4,19
1179360,1997-09-03T13:54:22Z,-40.64,0.1,176.45,0.1,24.0,2.0,ML,,,,2.6,0.2,4
1179207,1997-09-03T13:54:36Z,-42.29,0.0,172.75,0.0,12.0,0.0,ML,,,,2.3,0.1,3
1168276,1997-09-03T15:56:33Z,-40.12,0.0,174.94,0.0,24.0,3.0,ML,,,,2.7,0.3,10
1171488,1997-09-03T16:10:55Z,-39.18,0.0,175.29,0.0,12.0,0.0,ML,,,,1.7,0.1,3
1168301,1997-09-03T17:34:40Z,-45.1,0.0,167.42,0.0,88.0,3.0,ML,,,,2.8,0.3,6
1168302,1997-09-03T17:41:29Z,-44.63,0.0,168.19,0.0,84.0,6.0,ML,,,,3.8,0.3,5
1170455,1997-09-03T17:49:40Z,-38.0,0.0,179.18,0.0,12.0,0.0,ML,,,,2.8,0.2,3
1170385,1997-09-03T18:04:09Z,-41.48,0.0,172.86,0.0,226.0,3.0,ML,,,,3.7,0.3,11
1172728,1997-09-03T18:34:14Z,-40.94,0.0,175.16,0.0,29.0,3.0,ML,,,,2.0,0.2,4
1168303,1997-09-03T19:09:43Z,-45.11,0.0,167.48,0.0,115.0,3.0,ML,,,,3.5,0.2,6
1171588,1997-09-03T21:41:09Z,-41.25,0.0,175.34,0.0,27.0,1.0,ML,,,,2.7,0.1,10
1171492,1997-09-03T21:59:41Z,-39.14,0.0,175.67,0.0,5.0,0.0,ML,,,,1.8,0.3,3
1170222,1997-09-03T22:43:09Z,-40.22,0.0,174.32,0.0,105.0,3.0,ML,,,,3.9,0.4,15
1170342,1997-09-04T01:06:06Z,-41.73,0.0,173.48,0.0,42.0,2.0,ML,,,,2.6,0.1,4
1170465,1997-09-04T01:51:34Z,-38.36,0.0,176.14,0.0,142.0,5.0,ML,,,,3.6,0.2,11
1170223,1997-09-04T02:21:01Z,-40.34,0.0,176.87,0.0,33.0,0.0,ML,,,,3.3,0.3,16
1172741,1997-09-04T02:24:50Z,-40.25,0.0,175.43,0.0,31.0,2.0,ML,,,,2.0,0.1,5
1171752,1997-09-04T03:02:19Z,-41.24,0.0,175.05,0.0,19.0,3.0,ML,,,,1.8,0.2,5
1171761,1997-09-04T04:41:17Z,-41.06,0.0,174.8,0.0,41.0,3.0,ML,,,,2.0,0.1,4
1171496,1997-09-04T05:36:44Z,-40.11,0.0,174.92,0.0,12.0,0.0,ML,,,,2.7,0.2,5
1170471,1997-09-04T05:50:47Z,-39.73,0.0,177.18,0.0,46.0,3.0,ML,,,,3.0,0.3,4
1170248,1997-09-04T06:01:28Z,-45.04,0.0,167.49,0.0,75.0,2.0,ML,,,,2.5,0.3,5
1170473,1997-09-04T06:23:58Z,-40.59,0.0,176.1,0.0,31.0,2.0,ML,,,,2.7,0.3,13
1170474,1997-09-04T06:37:01Z,-36.31,0.1,178.03,0.2,259.0,15.0,ML,,,,3.8,0.2,8
1170418,1997-09-04T07:08:04Z,-39.28,0.0,175.56,0.0,0.0,0.0,ML,,,,1.4,0.4,3
1170389,1997-09-04T07:23:40Z,-36.95,0.0,176.96,0.1,203.0,9.0,ML,,,,4.0,0.3,14
1170226,1997-09-04T07:41:53Z,-39.44,0.0,174.89,0.0,26.0,2.0,ML,,,,2.9,0.3,6
1171919,1997-09-04T08:24:02Z,-36.47,0.0,177.18,0.2,190.0,17.0,ML,,,,3.7,0.6,3
1171497,1997-09-04T08:32:04Z,-40.0,0.0,176.67,0.1,33.0,0.0,ML,,,,2.8,0.2,11
1171591,1997-09-04T09:32:36Z,-41.95,0.0,174.14,0.0,12.0,0.0,ML,,,,2.6,0.1,9
1170249,1997-09-04T09:49:31Z,-45.1,0.1,167.56,0.0,97.0,4.0,ML,,,,2.8,0.2,4
1170250,1997-09-04T09:53:11Z,-37.87,0.0,178.8,0.0,12.0,0.0,ML,,,,2.5,0.4,3
1180538,1997-09-04T09:53:32Z,-45.09,0.0,167.46,0.0,86.0,2.0,ML,,,,3.0,0.3,6
1171763,1997-09-04T10:15:58Z,-40.73,0.0,174.61,0.0,12.0,0.0,ML,,,,2.0,0.1,7
1170562,1997-09-04T10:45:32Z,-38.88,0.0,175.41,0.2,116.0,4.0,ML,,,,3.0,nan,1
1171764,1997-09-04T10:54:51Z,-41.39,0.0,175.53,0.0,14.0,1.0,ML,,,,2.2,0.2,10
1170485,1997-09-04T11:46:53Z,-35.4,0.1,178.11,0.1,280.0,6.0,ML,,,,3.6,0.1,8
1170251,1997-09-04T12:21:49Z,-45.22,0.1,167.46,0.0,112.0,4.0,ML,,,,2.6,0.3,4
1170227,1997-09-04T12:34:49Z,-41.25,0.0,174.89,0.0,31.0,0.0,ML,,,,3.2,0.2,16
1171499,1997-09-04T12:42:19Z,-40.17,0.0,175.57,0.0,68.0,6.0,ML,,,,2.3,0.1,2
1170489,1997-09-04T12:45:20Z,-40.96,0.0,175.16,0.0,26.0,2.0,ML,,,,1.6,0.2,5
1171800,1997-09-04T13:51:48Z,-41.03,0.0,174.62,0.1,34.0,2.0,ML,,,,1.4,0.1,4
1170228,1997-09-04T14:43:07Z,-38.99,0.0,175.46,0.0,16.0,2.0,ML,,,,2.9,0.4,12
1170563,1997-09-04T15:02:43Z,-38.99,0.0,175.46,0.0,16.0,1.0,ML,,,,2.7,0.5,7
1170564,1997-09-04T15:07:03Z,-39.78,0.0,176.74,0.0,20.0,4.0,ML,,,,3.2,0.6,6
1171501,1997-09-04T15:36:17Z,-39.0,0.0,175.51,0.1,15.0,2.0,ML,,,,2.0,0.0,3
1170253,1997-09-04T15:52:42Z,-45.14,0.0,166.83,0.0,20.0,1.0,ML,,,,2.5,0.1,4
1170229,1997-09-04T20:41:54Z,-40.12,0.0,174.94,0.0,24.0,3.0,ML,,,,2.6,0.3,9
1172744,1997-09-04T20:48:46Z,-40.82,0.0,174.64,0.0,38.0,1.0,ML,,,,2.3,0.1,4
1170499,1997-09-05T01:04:35Z,-37.48,0.1,175.99,0.1,214.0,21.0,ML,,,,4.1,0.2,11
1170230,1997-09-05T01:16:04Z,-39.46,0.0,175.48,0.0,26.0,2.0,ML,,,,2.7,0.3,6
1171766,1997-09-05T01:49:33Z,-40.84,0.0,175.17,0.0,35.0,1.0,ML,,,,2.3,0.2,5
1171703,1997-09-05T02:07:46Z,-41.69,0.0,174.26,0.0,22.0,3.0,ML,,,,2.4,0.1,3
1171510,1997-09-05T02:09:22Z,-39.03,0.0,176.48,0.0,69.0,3.0,ML,,,,3.1,0.1,2
1170567,1997-09-05T02:30:06Z,-39.14,0.0,175.06,0.0,26.0,3.0,ML,,,,2.5,0.2,5
1172436,1997-09-05T02:44:30Z,-39.26,0.0,173.67,0.0,25.0,1.0,ML,,,,2.7,0.5,4
1170504,1997-09-05T04:17:16Z,-38.22,0.0,179.25,0.1,12.0,0.0,ML,,,,3.3,0.2,3
1171769,1997-09-05T05:43:06Z,-41.86,0.0,174.23,0.0,12.0,0.0,ML,,,,2.4,0.1,4
1171771,1997-09-05T08:04:08Z,-41.28,0.0,174.96,0.0,28.0,1.0,ML,,,,2.1,0.2,2
1171772,1997-09-05T08:51:15Z,-41.25,0.0,175.16,0.0,24.0,1.0,ML,,,,1.9,0.1,5
1170260,1997-09-05T10:43:18Z,-44.8,0.0,167.3,0.0,12.0,0.0,ML,,,,2.4,0.3,2
1170232,1997-09-05T15:24:25Z,-39.58,0.0,174.5,0.0,139.0,4.0,ML,,,,3.6,0.4,13
1175650,1997-09-05T16:28:07Z,-43.08,0.0,171.2,0.0,12.0,0.0,ML,,,,2.5,0.3,3
1170514,1997-09-05T16:40:02Z,-37.95,0.0,177.48,0.0,71.0,7.0,ML,,,,3.3,0.1,3
1170262,1997-09-05T19:37:50Z,-45.09,0.0,166.9,0.0,21.0,3.0,ML,,,,2.1,0.2,3
1170233,1997-09-05T21:55:49Z,-40.28,0.0,173.59,0.0,157.0,2.0,ML,,,,3.3,0.2,11
1175657,1997-09-05T21:57:30Z,-42.93,0.0,171.94,0.0,5.0,0.0,ML,,,,2.3,0.1,4
1175793,1997-09-05T22:25:43Z,-43.06,0.0,171.4,0.0,12.0,0.0,ML,,,,2.5,0.4,3
1170264,1997-09-05T23:40:43Z,-45.04,0.0,167.59,0.0,80.0,2.0,ML,,,,3.6,0.3,7
1175660,1997-09-05T23:53:53Z,-43.08,0.0,171.2,0.0,12.0,0.0,ML,,,,2.3,0.4,3
1175309,1997-09-05T23:58:16Z,-40.44,0.1,175.02,0.0,5.0,0.0,ML,,,,1.9,0.2,4
1171784,1997-09-06T01:14:26Z,-40.97,0.0,174.72,0.0,64.0,1.0,ML,,,,2.3,0.2,7
1171785,1997-09-06T02:25:24Z,-40.63,0.0,174.66,0.0,26.0,2.0,ML,,,,1.8,0.2,5
1170397,1997-09-06T03:54:27Z,-41.62,0.0,173.54,0.0,82.0,1.0,ML,,,,2.7,0.2,5
1170398,1997-09-06T04:18:15Z,-42.61,0.0,174.66,0.0,33.0,0.0,ML,,,,2.7,0.3,11
1175318,1997-09-06T05:19:38Z,-41.16,0.0,176.01,0.0,23.0,3.0,ML,,,,2.1,0.2,6
1180547,1997-09-06T06:08:13Z,-48.29,0.0,165.4,0.0,33.0,0.0,ML,,,,3.2,0.2,4
1170517,1997-09-06T08:15:29Z,-41.25,0.0,175.35,0.0,27.0,1.0,ML,,,,1.8,0.2,7
1170234,1997-09-06T08:49:43Z,-39.27,0.0,176.27,0.0,60.0,3.0,ML,,,,3.3,0.2,11
1170235,1997-09-06T08:56:17Z,-40.54,0.0,173.38,0.0,156.0,9.0,ML,,,,3.1,0.2,11
1171787,1997-09-06T10:00:33Z,-40.23,0.0,174.9,0.0,5.0,0.0,ML,,,,2.0,0.2,8
1171788,1997-09-06T11:33:29Z,-40.24,0.0,174.74,0.0,19.0,6.0,ML,,,,1.8,0.1,4
1170274,1997-09-06T12:05:44Z,-44.57,0.0,168.47,0.0,12.0,0.0,ML,,,,2.7,0.2,7
1170275,1997-09-06T12:12:24Z,-45.02,0.0,167.43,0.0,53.0,3.0,ML,,,,3.1,0.2,6
1175322,1997-09-06T12:36:18Z,-40.82,0.0,175.5,0.0,25.0,2.0,ML,,,,1.9,0.2,6
1175888,1997-09-06T12:49:55Z,-41.09,0.0,174.47,0.1,32.0,1.0,ML,,,,1.6,0.1,4
1170276,1997-09-06T13:04:44Z,-39.28,0.0,174.72,0.0,41.0,4.0,ML,,,,2.4,0.2,5
1170279,1997-09-06T13:55:20Z,-45.24,0.0,167.24,0.0,74.0,1.0,ML,,,,2.2,0.2,3
1170520,1997-09-06T14:11:20Z,-36.46,0.2,178.22,0.3,141.0,28.0,ML,,,,3.4,0.2,4
1170236,1997-09-06T15:04:31Z,-40.18,0.0,174.9,0.0,5.0,0.0,ML,,,,2.6,0.2,9
1175324,1997-09-06T15:17:00Z,-40.76,0.0,175.59,0.0,12.0,0.0,ML,,,,2.0,0.2,7
1170403,1997-09-06T15:46:16Z,-43.29,0.0,171.56,0.0,5.0,0.0,ML,,,,3.0,0.2,4
1170404,1997-09-06T16:58:33Z,-43.0,0.0,171.39,0.0,12.0,0.0,ML,,,,2.2,0.2,4
1175889,1997-09-06T17:01:10Z,-41.0,0.0,174.81,0.0,33.0,1.0,ML,,,,1.3,0.1,4
1171789,1997-09-06T17:11:07Z,-41.27,0.1,172.81,0.0,227.0,2.0,ML,,,,2.9,0.3,7
1175326,1997-09-06T17:21:44Z,-40.93,0.0,175.41,0.0,24.0,3.0,ML,,,,1.6,0.1,7
1175666,1997-09-06T17:46:03Z,-43.02,0.0,171.46,0.0,12.0,0.0,ML,,,,2.4,0.1,3
1170280,1997-09-06T17:52:45Z,-44.94,0.0,167.44,0.0,5.0,0.0,ML,,,,3.7,0.1,5
1170522,1997-09-06T18:11:39Z,-38.56,0.0,178.64,0.1,12.0,0.0,ML,,,,2.9,0.2,3
1175332,1997-09-06T21:30:55Z,-40.33,0.0,176.88,0.0,54.0,2.0,ML,,,,2.6,0.1,3
1170285,1997-09-06T23:35:22Z,-44.88,0.0,166.42,0.0,5.0,0.0,ML,,,,3.0,0.2,4
1171790,1997-09-07T00:51:18Z,-40.74,0.0,174.72,0.0,42.0,1.0,ML,,,,2.0,0.1,4
1170405,1997-09-07T02:18:21Z,-42.03,0.0,173.14,0.1,12.0,0.0,ML,,,,2.7,0.2,2
1170288,1997-09-07T02:24:47Z,-42.02,0.0,173.16,0.0,12.0,0.0,ML,,,,2.7,0.0,2
1170524,1997-09-07T02:55:13Z,-38.95,0.0,177.53,0.0,92.0,2.0,ML,,,,3.0,nan,1
1170525,1997-09-07T04:31:08Z,-36.84,0.1,177.29,0.0,12.0,0.0,ML,,,,3.5,0.4,3
1170527,1997-09-07T07:05:49Z,-37.34,0.0,179.44,0.1,110.0,4.0,ML,,,,3.8,0.2,4
1175895,1997-09-07T07:31:07Z,-41.11,0.0,173.97,0.0,66.0,4.0,ML,,,,2.6,0.2,5
1170237,1997-09-07T08:22:27Z,-39.25,0.0,175.04,0.0,5.0,0.0,ML,,,,3.2,0.2,17
1170238,1997-09-07T08:54:06Z,-39.49,0.0,175.67,0.0,12.0,0.0,ML,,,,2.5,0.2,10
1170239,1997-09-07T09:49:44Z,-40.18,0.0,174.9,0.0,5.0,0.0,ML,,,,2.4,0.2,9
1170367,1997-09-07T10:44:22Z,-43.25,0.0,171.01,0.0,12.0,0.0,ML,,,,2.8,0.3,4
1171593,1997-09-07T10:47:24Z,-40.9,0.0,176.02,0.0,30.0,2.0,ML,,,,3.6,0.2,18
1170528,1997-09-07T11:47:55Z,-38.57,0.0,179.76,0.1,12.0,0.0,ML,,,,3.0,0.4,3
1170529,1997-09-07T13:11:52Z,-38.66,0.0,178.51,0.1,12.0,0.0,ML,,,,3.0,0.2,3
1170299,1997-09-07T21:29:44Z,-45.18,0.0,166.96,0.0,5.0,0.0,ML,,,,2.5,0.1,3
1170371,1997-09-07T22:49:20Z,-40.17,0.0,172.98,0.0,12.0,0.0,ML,,,,2.8,0.3,7
1170301,1997-09-08T01:08:18Z,-45.52,0.1,166.5,0.1,23.0,3.0,ML,,,,2.3,0.2,3
1172452,1997-09-08T02:01:06Z,-38.31,0.0,176.36,0.0,5.0,0.0,ML,,,,2.1,0.1,3
1170302,1997-09-08T04:59:25Z,-45.04,0.0,167.5,0.0,78.0,2.0,ML,,,,3.1,0.3,6
1170241,1997-09-08T05:11:50Z,-40.23,0.0,174.91,0.0,5.0,0.0,ML,,,,2.5,0.1,7
1170411,1997-09-08T09:43:33Z,-41.82,0.1,172.56,0.1,87.0,3.0,ML,,,,3.7,0.2,11
1175357,1997-09-08T10:40:44Z,-40.64,0.0,174.53,0.0,40.0,4.0,ML,,,,2.1,0.1,4
1170243,1997-09-08T13:14:07Z,-39.69,0.0,174.77,0.0,137.0,4.0,ML,,,,3.5,0.2,11
1170244,1997-09-08T13:31:49Z,-38.63,0.0,175.82,0.0,157.0,3.0,ML,,,,4.4,0.3,4
1170549,1997-09-08T15:56:20Z,-35.9,0.1,178.61,0.1,241.0,15.0,ML,,,,4.3,0.3,7
1170307,1997-09-08T16:12:59Z,-44.67,0.0,168.18,0.0,79.0,8.0,ML,,,,2.8,0.3,5
1170308,1997-09-08T16:28:59Z,-44.81,0.0,167.73,0.0,77.0,2.0,ML,,,,3.1,0.4,6
1175424,1997-09-08T16:55:16Z,-39.32,0.0,173.84,0.0,12.0,1.0,ML,,,,2.0,0.0,2
1175362,1997-09-08T20:34:04Z,-41.2,0.0,176.15,0.0,32.0,2.0,ML,,,,2.6,0.2,8
1174103,1997-09-08T22:21:45Z,-39.65,0.0,174.36,0.0,122.0,3.0,ML,,,,2.6,0.2,5
1174665,1997-09-08T22:34:19Z,-46.9,0.0,165.53,0.0,12.0,0.0,ML,,,,2.9,0.3,3
1175899,1997-09-08T23:11:10Z,-40.99,0.0,174.77,0.0,35.0,2.0,ML,,,,2.2,0.1,2
1170314,1997-09-08T23:41:33Z,-44.75,0.0,166.59,0.0,12.0,0.0,ML,,,,2.3,0.0,3
1170315,1997-09-09T00:33:17Z,-44.64,0.0,168.17,0.0,85.0,6.0,ML,,,,3.3,0.3,6
1174104,1997-09-09T01:38:53Z,-39.72,0.0,175.12,0.0,27.0,1.0,ML,,,,2.8,0.4,5
1175901,1997-09-09T01:50:33Z,-41.26,0.0,175.32,0.0,27.0,2.0,ML,,,,1.7,0.2,6
1174105,1997-09-09T02:04:49Z,-41.26,0.0,175.34,0.0,28.0,1.0,ML,,,,3.6,0.2,16
1175023,1997-09-09T02:06:05Z,-41.24,0.0,175.32,0.0,22.0,1.0,ML,,,,2.0,0.0,4
1174106,1997-09-09T02:10:10Z,-40.85,0.0,175.49,0.0,19.0,1.0,ML,,,,2.7,0.2,12
1175096,1997-09-09T02:26:55Z,-41.25,0.0,175.34,0.0,27.0,1.0,ML,,,,2.8,0.2,10
1174667,1997-09-09T02:29:22Z,-41.35,0.0,173.81,0.0,76.0,3.0,ML,,,,2.7,0.1,4
1170316,1997-09-09T03:32:09Z,-46.84,0.0,165.37,0.1,12.0,0.0,ML,,,,3.8,0.2,8
1175902,1997-09-09T03:37:49Z,-40.72,0.0,175.86,0.0,33.0,4.0,ML,,,,2.1,0.1,4
1175903,1997-09-09T05:11:34Z,-40.86,0.0,174.74,0.0,65.0,1.0,ML,,,,2.0,0.2,3
1174043,1997-09-09T07:22:31Z,-44.2,0.0,168.42,0.0,5.0,0.0,ML,,,,3.4,0.2,8
1174044,1997-09-09T07:36:57Z,-44.97,0.0,167.48,0.0,72.0,5.0,ML,,,,2.7,0.2,5
1174462,1997-09-09T07:39:20Z,-38.13,0.1,177.18,0.2,263.0,8.0,ML,,,,3.6,0.2,7
1171422,1997-09-09T07:58:33Z,-38.63,0.0,175.76,0.0,160.0,2.0,ML,,,,4.8,0.4,5
1174172,1997-09-09T08:36:17Z,-44.9,0.0,167.54,0.0,70.0,2.0,ML,,,,2.3,0.2,3
1174827,1997-09-09T08:54:47Z,-41.95,0.0,175.04,0.0,41.0,4.0,ML,,,,2.2,0.2,8
1174507,1997-09-09T11:43:33Z,-43.0,0.0,171.88,0.0,5.0,0.0,ML,,,,2.9,0.2,4
1175904,1997-09-09T11:49:50Z,-41.26,0.0,175.33,0.0,26.0,1.0,ML,,,,1.9,0.2,7
1174108,1997-09-09T13:13:14Z,-40.15,0.0,174.91,0.0,12.0,0.0,ML,,,,2.9,0.4,10
1175025,1997-09-09T13:25:47Z,-39.38,0.1,175.8,0.1,12.0,0.0,ML,,,,2.0,0.2,2
1175026,1997-09-09T15:22:44Z,-39.57,0.0,175.68,0.1,12.0,0.0,ML,,,,2.4,0.3,3
1175780,1997-09-09T15:50:15Z,-40.53,0.0,174.4,0.0,77.0,7.0,ML,,,,2.3,0.1,3
1174418,1997-09-09T15:59:05Z,-45.17,0.0,166.81,0.0,12.0,0.0,ML,,,,2.0,0.1,3
1175027,1997-09-09T17:17:32Z,-39.39,0.0,175.67,0.0,18.0,1.0,ML,,,,2.3,0.3,3
1174047,1997-09-09T18:21:01Z,-44.96,0.0,167.53,0.0,65.0,4.0,ML,,,,3.1,0.2,6
1174048,1997-09-09T18:35:38Z,-44.7,0.0,167.86,0.0,99.0,4.0,ML,,,,3.0,0.2,6
1174510,1997-09-09T19:56:01Z,-42.13,0.0,174.31,0.0,26.0,1.0,ML,,,,2.6,0.3,7
1175118,1997-09-09T20:41:57Z,-38.26,0.0,176.27,0.0,5.0,0.0,ML,,,,2.4,0.2,4
1174877,1997-09-09T21:10:35Z,-36.92,0.0,178.3,0.1,57.0,6.0,ML,,,,3.8,0.3,4
1175907,1997-09-09T21:19:32Z,-41.21,0.0,176.17,0.0,33.0,2.0,ML,,,,2.5,0.2,6
1174113,1997-09-09T21:32:04Z,-38.2,0.0,176.19,0.0,161.0,4.0,ML,,,,4.2,0.2,15
1174512,1997-09-09T23:00:34Z,-41.82,0.0,174.13,0.0,12.0,0.0,ML,,,,2.6,0.1,5
1174514,1997-09-09T23:13:23Z,-36.81,0.3,177.59,0.7,187.0,47.0,ML,,,,4.0,0.3,11
1174420,1997-09-09T23:52:07Z,-45.35,0.0,166.95,0.0,59.0,1.0,ML,,,,2.4,0.0,2
1177941,1997-09-10T01:19:33Z,-41.25,0.0,175.34,0.0,27.0,1.0,ML,,,,2.4,0.4,9
1174466,1997-09-10T01:46:49Z,-39.47,0.0,175.77,0.0,64.0,1.0,ML,,,,2.4,0.3,2
1171424,1997-09-10T02:49:57Z,-41.41,0.0,172.51,0.0,5.0,0.0,ML,,,,3.2,0.1,12
1174190,1997-09-10T03:25:49Z,-39.3,0.0,175.79,0.0,12.0,0.0,ML,,,,1.8,0.1,3
1174887,1997-09-10T04:03:10Z,-38.34,0.0,177.17,0.0,45.0,9.0,ML,,,,3.1,nan,1
1174890,1997-09-10T05:04:33Z,-39.17,0.0,176.4,0.0,33.0,0.0,ML,,,,2.7,0.1,3
1175034,1997-09-10T06:35:33Z,-39.58,0.0,175.54,0.0,5.0,0.0,ML,,,,2.3,0.2,3
1174051,1997-09-10T07:16:43Z,-45.2,0.0,167.25,0.0,93.0,2.0,ML,,,,2.9,0.3,6
1174421,1997-09-10T08:46:35Z,-45.67,0.0,167.58,0.0,17.0,2.0,ML,,,,1.8,0.1,3
1178467,1997-09-10T09:42:30Z,-40.8,0.0,175.11,0.0,28.0,2.0,ML,,,,1.9,0.2,2
1174052,1997-09-10T10:38:23Z,-45.04,0.0,167.44,0.0,105.0,4.0,ML,,,,3.6,0.1,5
1181061,1997-09-10T10:39:03Z,-38.18,0.1,176.7,0.1,240.0,8.0,ML,,,,3.6,0.2,6
1174897,1997-09-10T11:25:47Z,-37.51,0.0,179.38,0.0,12.0,0.0,ML,,,,3.5,0.2,4
1175101,1997-09-10T11:50:19Z,-40.84,0.0,175.51,0.0,30.0,1.0,ML,,,,3.3,0.1,14
1174422,1997-09-10T13:00:44Z,-45.18,0.0,166.91,0.0,12.0,0.0,ML,,,,2.5,0.6,2
1174115,1997-09-10T13:05:29Z,-40.52,0.0,176.56,0.0,34.0,2.0,ML,,,,3.0,0.2,9
1175035,1997-09-10T14:04:12Z,-39.31,0.0,175.79,0.0,12.0,0.0,ML,,,,1.7,0.2,3
1177946,1997-09-10T14:29:47Z,-41.32,0.0,175.65,0.0,18.0,2.0,ML,,,,1.9,0.1,5
1174900,1997-09-10T15:21:12Z,-36.49,0.3,178.23,2.4,284.0,32.0,ML,,,,3.8,0.2,4
1178468,1997-09-10T15:33:22Z,-40.73,0.0,174.09,0.0,86.0,5.0,ML,,,,2.6,0.1,5
1177947,1997-09-10T16:03:51Z,-40.97,0.0,175.39,0.0,26.0,2.0,ML,,,,1.9,0.3,7
1174054,1997-09-10T16:33:10Z,-45.2,0.0,167.44,0.0,93.0,4.0,ML,,,,2.5,0.2,4
1174901,1997-09-10T16:41:23Z,-38.8,0.1,175.62,0.0,136.0,5.0,ML,,,,3.3,nan,1
1171425,1997-09-10T16:48:51Z,-42.48,0.0,172.83,0.0,12.0,0.0,ML,,,,2.9,0.2,4
1181084,1997-09-10T16:50:01Z,-39.3,0.0,175.77,0.0,12.0,0.0,ML,,,,1.7,0.1,2
1174116,1997-09-10T17:42:19Z,-40.19,0.0,175.62,0.1,52.0,4.0,ML,,,,2.2,0.2,6
1174117,1997-09-10T19:06:03Z,-40.12,0.0,174.19,0.0,55.0,7.0,ML,,,,2.8,0.2,4
1174055,1997-09-10T19:55:40Z,-45.25,0.0,168.85,0.0,5.0,0.0,ML,,,,2.1,0.2,4
1177949,1997-09-10T20:07:54Z,-38.67,0.1,175.68,0.1,184.0,12.0,ML,,,,3.3,0.3,9
1175036,1997-09-10T20:19:59Z,-39.74,0.0,175.67,0.0,12.0,0.0,ML,,,,2.9,0.1,3
1174469,1997-09-11T00:40:29Z,-39.92,0.0,177.27,0.0,12.0,0.0,ML,,,,3.5,0.3,8
1174471,1997-09-11T01:42:17Z,-39.91,0.0,176.88,0.0,25.0,2.0,ML,,,,3.1,0.3,15
1174221,1997-09-11T03:14:07Z,-45.09,0.0,167.65,0.1,125.0,4.0,ML,,,,2.9,0.3,3
1174222,1997-09-11T03:36:57Z,-37.38,0.1,177.4,0.1,179.0,13.0,ML,,,,3.5,0.4,4
1174790,1997-09-11T04:20:10Z,-40.06,0.0,174.47,0.0,97.0,4.0,ML,,,,2.7,0.3,7
1174056,1997-09-11T04:29:18Z,-45.21,0.0,167.32,0.0,5.0,0.0,ML,,,,3.1,0.1,5
1174689,1997-09-11T04:36:34Z,-41.01,0.0,174.52,0.0,37.0,1.0,ML,,,,1.5,0.1,4
1174118,1997-09-11T05:18:23Z,-39.67,0.0,175.65,0.0,15.0,2.0,ML,,,,2.8,0.5,12
1174526,1997-09-11T06:31:23Z,-39.02,0.0,174.93,0.1,208.0,8.0,ML,,,,3.4,0.3,14
1178091,1997-09-11T07:53:42Z,-40.56,0.0,175.01,0.0,5.0,0.0,ML,,,,1.5,0.1,6
1174920,1997-09-11T08:53:32Z,-38.22,0.0,176.09,0.0,231.0,2.0,ML,,,,3.3,0.3,11
1175037,1997-09-11T10:00:47Z,-40.44,0.0,176.01,0.0,59.0,2.0,ML,,,,2.3,0.1,2
1181086,1997-09-11T10:02:46Z,-45.66,0.0,166.88,0.0,80.0,2.0,ML,,,,3.5,0.1,5
1174472,1997-09-11T10:39:16Z,-40.2,0.0,176.47,0.1,45.0,6.0,ML,,,,2.4,0.3,9
1177958,1997-09-11T11:24:36Z,-41.32,0.0,175.65,0.0,19.0,2.0,ML,,,,1.9,0.1,6
1177960,1997-09-11T13:39:10Z,-40.96,0.0,175.58,0.0,27.0,1.0,ML,,,,1.6,0.2,7
1174791,1997-09-11T14:01:52Z,-39.23,0.0,175.37,0.0,5.0,0.0,ML,,,,2.0,0.2,5
1177961,1997-09-11T14:07:42Z,-38.91,0.1,175.42,0.2,133.0,14.0,ML,,,,3.2,0.1,5
1174119,1997-09-11T14:41:57Z,-39.17,0.0,175.84,0.0,83.0,4.0,ML,,,,3.0,0.1,4
1174528,1997-09-11T14:43:45Z,-42.28,0.0,172.68,0.0,12.0,0.0,ML,,,,2.1,0.2,3
1175105,1997-09-11T15:58:19Z,-41.17,0.0,174.74,0.0,31.0,0.0,ML,,,,2.7,0.1,9
1174120,1997-09-11T20:08:27Z,-40.14,0.0,175.09,0.0,12.0,0.0,ML,,,,2.4,0.2,6
1174931,1997-09-11T21:34:16Z,-37.43,0.1,179.24,0.1,12.0,0.0,ML,,,,3.5,0.5,2
1174712,1997-09-11T21:51:55Z,-39.01,0.0,175.71,0.0,5.0,0.0,ML,,,,2.4,0.5,5
1174637,1997-09-11T22:49:01Z,-41.28,0.0,175.27,0.0,27.0,2.0,ML,,,,2.1,nan,1
1175040,1997-09-11T22:55:50Z,-39.31,0.0,175.79,0.0,12.0,0.0,ML,,,,2.1,0.1,3
1175041,1997-09-11T23:05:00Z,-38.99,0.0,175.66,0.0,8.0,4.0,ML,,,,1.8,0.1,2
1174800,1997-09-11T23:37:59Z,-39.24,0.0,174.73,0.0,12.0,0.0,ML,,,,2.6,0.0,4
1178472,1997-09-12T01:18:31Z,-41.17,0.0,175.66,0.0,17.0,1.0,ML,,,,2.2,0.2,2
1175224,1997-09-12T02:11:16Z,-40.88,0.0,176.16,0.0,32.0,2.0,ML,,,,2.8,0.1,7
1175267,1997-09-12T04:16:35Z,-40.44,0.0,174.39,0.0,25.0,5.0,ML,,,,2.4,0.1,4
1174121,1997-09-12T05:12:26Z,-38.47,0.0,174.41,0.0,12.0,0.0,ML,,,,3.0,0.2,6
1174122,1997-09-12T05:47:08Z,-39.49,0.0,175.7,0.0,12.0,0.0,ML,,,,2.9,0.3,9
1174641,1997-09-12T08:38:28Z,-43.09,0.0,171.11,0.0,12.0,0.0,ML,,,,2.3,0.1,2
1174949,1997-09-12T11:04:37Z,-38.06,0.0,179.34,0.0,12.0,0.0,ML,,,,3.1,0.1,1
1174069,1997-09-12T11:16:45Z,-45.41,0.0,167.15,0.0,97.0,3.0,ML,,,,3.1,0.2,5
1174435,1997-09-12T11:53:18Z,-46.15,0.0,166.45,0.1,12.0,0.0,ML,,,,2.5,0.3,3
1174530,1997-09-12T12:01:25Z,-41.41,0.0,173.7,0.0,61.0,2.0,ML,,,,3.0,0.2,9
1174123,1997-09-12T12:26:27Z,-40.75,0.0,174.61,0.0,12.0,0.0,ML,,,,2.6,0.1,6
1174070,1997-09-12T14:40:11Z,-46.61,0.1,165.78,0.3,5.0,0.0,ML,,,,3.1,0.2,3
1174724,1997-09-12T14:56:00Z,-40.23,0.0,174.92,0.0,5.0,0.0,ML,,,,2.4,0.2,4
1174071,1997-09-12T15:09:45Z,-45.19,0.0,167.27,0.0,92.0,2.0,ML,,,,2.8,0.3,7
1175111,1997-09-12T15:30:10Z,-40.87,0.0,174.45,0.0,38.0,5.0,ML,,,,2.4,0.1,4
1177971,1997-09-12T15:41:48Z,-40.5,0.0,174.59,0.0,17.0,6.0,ML,,,,2.5,0.2,4
1174124,1997-09-12T16:03:01Z,-40.91,0.0,174.77,0.0,20.0,2.0,ML,,,,3.3,0.2,13
1174125,1997-09-12T17:24:23Z,-40.09,0.0,174.27,0.0,12.0,0.0,ML,,,,2.5,0.1,6
1174126,1997-09-12T19:28:35Z,-39.99,0.0,174.75,0.0,65.0,3.0,ML,,,,2.6,0.3,5
1175140,1997-09-12T20:14:57Z,-37.74,0.0,176.11,0.0,287.0,4.0,ML,,,,5.1,0.1,4
1175142,1997-09-12T20:50:44Z,-40.99,0.0,175.35,0.0,25.0,6.0,ML,,,,2.2,0.3,7
1174475,1997-09-12T22:24:34Z,-38.62,0.1,176.7,0.2,229.0,11.0,ML,,,,3.6,0.4,11
1174748,1997-09-12T23:40:16Z,-39.24,0.0,173.8,0.0,30.0,2.0,ML,,,,1.8,0.0,2
1181114,1997-09-12T23:40:38Z,-39.25,0.0,173.8,0.0,28.0,2.0,ML,,,,1.8,0.0,2
1174127,1997-09-13T00:50:13Z,-40.19,0.0,174.88,0.0,5.0,0.0,ML,,,,2.5,0.2,8
1178513,1997-09-13T02:35:08Z,-41.16,0.1,173.89,0.0,66.0,6.0,ML,,,,2.0,0.1,4
1175049,1997-09-13T02:39:01Z,-39.47,0.1,175.78,0.2,29.0,8.0,ML,,,,2.1,0.2,3
1174533,1997-09-13T02:48:47Z,-41.16,0.0,174.5,0.0,58.0,1.0,ML,,,,2.2,0.2,4
1174646,1997-09-13T04:36:23Z,-43.05,0.0,171.44,0.0,5.0,0.0,ML,,,,2.1,0.2,3
1175050,1997-09-13T04:38:57Z,-39.33,0.0,175.75,0.0,15.0,1.0,ML,,,,2.8,0.2,4
1181470,1997-09-13T04:39:13Z,-39.33,0.0,175.77,0.0,12.0,0.0,ML,,,,1.9,0.1,3
1174128,1997-09-13T04:40:22Z,-39.31,0.0,174.67,0.0,5.0,0.0,ML,,,,2.9,0.2,6
1174283,1997-09-13T06:44:55Z,-39.3,0.0,175.77,0.0,12.0,0.0,ML,,,,1.7,0.1,3
1178517,1997-09-13T07:03:26Z,-41.76,0.0,174.24,0.0,12.0,0.0,ML,,,,2.2,0.2,4
1174539,1997-09-13T07:26:29Z,-42.25,0.0,172.62,0.0,12.0,0.0,ML,,,,1.9,0.1,2
1174129,1997-09-13T08:02:58Z,-39.47,0.0,175.74,0.0,13.0,1.0,ML,,,,2.6,0.2,12
1175051,1997-09-13T08:36:09Z,-39.32,0.0,175.74,0.0,15.0,0.0,ML,,,,2.3,0.2,3
1174074,1997-09-13T09:19:17Z,-45.67,0.0,166.92,0.0,12.0,0.0,ML,,,,2.8,0.2,5
1174075,1997-09-13T11:39:18Z,-45.21,0.0,167.31,0.0,5.0,0.0,ML,,,,2.5,0.1,3
1174130,1997-09-13T11:46:32Z,-39.93,0.0,175.55,0.0,54.0,4.0,ML,,,,2.7,0.1,5
1174479,1997-09-13T12:56:34Z,-37.73,0.0,176.57,0.0,148.0,5.0,ML,,,,3.7,0.1,11
1174840,1997-09-13T13:00:34Z,-39.34,0.0,175.59,0.0,12.0,0.0,ML,,,,1.7,0.3,3
1174131,1997-09-13T13:23:15Z,-39.41,0.0,175.02,0.0,28.0,4.0,ML,,,,2.3,0.3,5
1174481,1997-09-13T14:25:50Z,-40.06,0.0,177.35,0.0,12.0,0.0,ML,,,,3.4,0.3,6
1178518,1997-09-13T14:44:16Z,-41.08,0.0,174.87,0.0,25.0,2.0,ML,,,,1.5,0.2,4
1174132,1997-09-13T14:49:58Z,-39.45,0.0,175.78,0.0,5.0,0.0,ML,,,,3.1,0.3,19
1175067,1997-09-13T14:59:53Z,-39.5,0.0,175.59,0.0,12.0,0.0,ML,,,,2.0,0.3,3
1174482,1997-09-13T15:37:55Z,-40.43,0.0,176.87,0.0,23.0,2.0,ML,,,,3.0,0.2,4
1178275,1997-09-13T16:15:42Z,-36.56,0.0,176.48,0.0,100.0,0.0,ML,,,,3.6,0.2,9
1181452,1997-09-13T16:47:01Z,-40.8,0.0,174.72,0.0,40.0,2.0,ML,,,,1.9,0.0,4
1174076,1997-09-13T17:16:59Z,-45.1,0.0,167.37,0.0,84.0,3.0,ML,,,,2.6,0.4,5
1178276,1997-09-13T17:30:53Z,-40.61,0.0,175.45,0.0,26.0,9.0,ML,,,,1.9,0.1,5
1175068,1997-09-13T18:34:11Z,-39.31,0.0,175.79,0.0,12.0,0.0,ML,,,,1.7,0.2,3
1174077,1997-09-13T18:42:34Z,-45.62,0.0,167.15,0.0,94.0,2.0,ML,,,,3.2,0.3,5
1178519,1997-09-13T18:45:45Z,-40.76,0.0,174.04,0.1,75.0,9.0,ML,,,,2.2,0.1,4
1174078,1997-09-13T19:12:28Z,-46.67,0.1,165.81,0.2,12.0,0.0,ML,,,,3.1,0.1,6
1175069,1997-09-13T19:38:06Z,-39.39,0.0,175.61,0.0,12.0,0.0,ML,,,,1.6,0.1,3
1174133,1997-09-13T19:40:26Z,-40.23,0.0,174.76,0.0,21.0,3.0,ML,,,,3.7,0.3,27
1174134,1997-09-13T19:49:08Z,-39.56,0.0,174.49,0.0,143.0,2.0,ML,,,,2.7,0.2,5
1175244,1997-09-13T20:24:25Z,-38.38,0.0,176.24,0.0,5.0,0.0,ML,,,,2.6,0.1,3
1174080,1997-09-13T20:57:23Z,-39.98,0.0,176.73,0.0,31.0,3.0,ML,,,,3.4,0.4,19
1174135,1997-09-13T21:09:56Z,-39.17,0.0,174.98,0.0,12.0,0.0,ML,,,,2.3,0.1,4
1174969,1997-09-13T21:27:52Z,-35.21,0.1,177.62,0.4,249.0,22.0,ML,,,,4.2,0.3,8
1174758,1997-09-13T22:01:57Z,-41.06,0.0,174.58,0.0,59.0,1.0,ML,,,,2.6,0.3,7
1174759,1997-09-13T22:06:52Z,-38.06,0.0,178.33,0.1,12.0,0.0,ML,,,,2.6,0.3,3
1181459,1997-09-13T22:09:16Z,-38.06,0.1,178.3,0.3,12.0,0.0,ML,,,,2.7,0.3,3
1174971,1997-09-13T22:12:56Z,-38.05,0.0,178.31,0.2,12.0,0.0,ML,,,,2.3,0.2,3
1178102,1997-09-13T22:34:52Z,-40.9,0.0,175.1,0.0,26.0,1.0,ML,,,,2.3,0.3,7
1174485,1997-09-13T22:59:37Z,-38.64,0.0,175.77,0.0,149.0,7.0,ML,,,,3.3,0.2,12
1175073,1997-09-13T23:57:25Z,-39.53,0.0,175.74,0.0,12.0,0.0,ML,,,,2.8,0.3,4
1178521,1997-09-14T01:05:37Z,-40.74,0.0,174.6,0.0,12.0,0.0,ML,,,,1.7,0.1,4
1174766,1997-09-14T01:48:25Z,-38.27,0.0,176.31,0.0,5.0,0.0,ML,,,,2.8,0.1,3
1174136,1997-09-14T03:21:36Z,-41.35,0.0,173.75,0.0,73.0,4.0,ML,,,,3.6,0.2,10
1174137,1997-09-14T03:24:16Z,-39.3,0.0,175.82,0.0,63.0,1.0,ML,,,,2.4,nan,1
1174495,1997-09-14T04:39:58Z,-40.21,0.0,176.59,0.0,45.0,1.0,ML,,,,2.7,0.2,2
1174138,1997-09-14T04:45:40Z,-38.61,0.0,175.68,0.0,175.0,6.0,ML,,,,3.5,0.3,7
1174819,1997-09-14T05:47:41Z,-40.03,0.0,173.92,0.0,5.0,0.0,ML,,,,2.7,0.5,12
1175004,1997-09-14T06:38:00Z,-40.74,0.0,174.6,0.0,12.0,0.0,ML,,,,2.0,0.1,4
1174090,1997-09-14T07:32:01Z,-44.86,0.0,167.38,0.0,32.0,5.0,ML,,,,2.4,0.2,3
1174558,1997-09-14T08:40:20Z,-39.08,0.0,175.46,0.1,203.0,8.0,ML,,,,3.3,0.2,7
1175115,1997-09-14T10:42:45Z,-41.29,0.0,175.01,0.0,28.0,1.0,ML,,,,2.1,0.2,7
1175075,1997-09-14T11:33:32Z,-38.91,0.0,175.8,0.0,5.0,0.0,ML,,,,1.9,0.1,4
1174822,1997-09-14T12:09:52Z,-39.14,0.0,174.09,0.0,17.0,4.0,ML,,,,2.6,0.5,7
1174977,1997-09-14T12:24:06Z,-37.79,0.0,179.03,0.0,19.0,0.0,ML,,,,3.4,0.2,3
1178106,1997-09-14T15:17:01Z,-41.24,0.0,176.28,0.1,34.0,3.0,ML,,,,2.0,0.2,8
1174139,1997-09-14T15:34:55Z,-40.15,0.0,174.88,0.0,12.0,0.0,ML,,,,2.5,0.4,5
1174979,1997-09-14T16:03:31Z,-39.15,0.1,174.09,0.0,19.0,8.0,ML,,,,1.7,0.0,2
1174091,1997-09-14T17:00:32Z,-38.28,0.0,175.91,0.0,205.0,3.0,ML,,,,5.2,0.3,4
1178079,1997-09-14T17:40:08Z,-39.1,0.1,173.9,0.1,12.0,0.0,ML,,,,1.4,0.0,2
1181495,1997-09-14T17:41:04Z,-39.14,0.0,173.91,0.0,8.0,2.0,ML,,,,3.2,0.5,13
1174497,1997-09-14T18:16:11Z,-38.44,0.1,175.98,0.0,151.0,17.0,ML,,,,3.4,0.3,10
1174559,1997-09-14T18:18:42Z,-41.25,0.0,175.33,0.0,27.0,2.0,ML,,,,1.5,0.2,6
1174560,1997-09-14T20:11:31Z,-40.17,0.0,175.0,0.1,12.0,0.0,ML,,,,2.7,0.3,6
1181496,1997-09-14T20:11:51Z,-42.47,0.0,172.81,0.0,12.0,0.0,ML,,,,2.3,0.3,4
1174458,1997-09-14T20:42:34Z,-45.03,0.0,167.31,0.0,30.0,0.0,ML,,,,2.1,0.3,3
1174980,1997-09-14T21:48:52Z,-37.61,0.1,179.12,0.3,118.0,16.0,ML,,,,3.2,0.3,4
1177661,1997-09-14T21:54:45Z,-39.73,0.0,175.23,0.0,12.0,0.0,ML,,,,2.7,0.2,2
1174501,1997-09-14T22:40:07Z,-39.75,0.1,176.31,0.0,33.0,0.0,ML,,,,2.3,0.1,4
1174504,1997-09-15T01:45:03Z,-39.85,0.0,176.87,0.0,28.0,1.0,ML,,,,3.1,0.3,5
1175090,1997-09-15T03:09:18Z,-39.5,0.0,175.7,0.1,22.0,9.0,ML,,,,2.8,0.3,4
1175091,1997-09-15T03:25:25Z,-39.41,0.1,176.59,0.0,33.0,0.0,ML,,,,2.2,0.2,3
1178328,1997-09-15T03:27:43Z,-40.15,0.0,174.91,0.0,12.0,0.0,ML,,,,2.7,0.3,6
1180207,1997-09-15T04:09:40Z,-38.38,0.1,176.26,0.0,5.0,0.0,ML,,,,2.4,0.2,3
1178542,1997-09-15T04:59:17Z,-40.98,0.0,175.37,0.0,29.0,1.0,ML,,,,1.6,0.2,3
1174386,1997-09-15T07:18:56Z,-39.19,0.0,173.85,0.0,12.0,0.0,ML,,,,1.1,0.0,2
1175160,1997-09-15T09:37:10Z,-39.56,0.0,175.71,0.0,18.0,5.0,ML,,,,2.7,0.2,3
1183437,1997-09-15T09:37:19Z,-39.49,0.0,175.68,0.0,19.0,4.0,ML,,,,2.5,0.2,3
1174505,1997-09-15T10:18:59Z,-40.48,0.0,176.32,0.0,44.0,2.0,ML,,,,2.8,0.2,6
1175116,1997-09-15T10:29:49Z,-41.46,0.0,173.94,0.0,41.0,2.0,ML,,,,2.8,0.2,9
1174568,1997-09-15T10:44:05Z,-42.82,0.0,172.79,0.0,37.0,7.0,ML,,,,2.7,nan,1
1174140,1997-09-15T10:46:15Z,-37.3,0.0,177.27,0.0,103.0,6.0,ML,,,,3.9,0.3,18
1178080,1997-09-15T10:50:05Z,-39.14,0.1,173.88,0.0,12.0,0.0,ML,,,,1.4,0.0,2
1178110,1997-09-15T10:51:53Z,-40.88,0.0,175.69,0.0,30.0,2.0,ML,,,,2.2,0.1,5
1174569,1997-09-15T11:03:18Z,-42.88,0.0,172.85,0.0,12.0,0.0,ML,,,,2.6,0.2,3
1174141,1997-09-15T12:21:19Z,-40.12,0.0,174.94,0.0,26.0,2.0,ML,,,,2.6,0.2,8
1183439,1997-09-15T12:22:12Z,-41.01,0.0,175.42,0.0,27.0,4.0,ML,,,,1.5,0.2,7
1174411,1997-09-15T13:51:43Z,-39.15,0.0,173.9,0.0,12.0,0.0,ML,,,,1.3,0.0,2
1174142,1997-09-15T14:48:40Z,-40.71,0.0,173.92,0.0,90.0,5.0,ML,,,,3.2,0.1,9
1174990,1997-09-15T15:06:24Z,-39.18,0.0,177.94,0.0,33.0,0.0,ML,,,,3.3,0.3,8
1178543,1997-09-15T15:52:41Z,-40.26,0.0,174.85,0.0,5.0,0.0,ML,,,,2.4,0.2,4
1174826,1997-09-15T16:30:19Z,-39.1,0.0,173.9,0.0,5.0,0.0,ML,,,,2.9,0.7,7
1174144,1997-09-15T16:34:12Z,-40.18,0.0,174.86,0.0,55.0,3.0,ML,,,,3.1,0.2,11
1177673,1997-09-15T17:00:06Z,-39.17,0.0,175.46,0.0,12.0,0.0,ML,,,,2.1,0.3,2
1178544,1997-09-15T19:23:56Z,-41.0,0.0,174.88,0.0,30.0,1.0,ML,,,,2.5,0.2,6
1177675,1997-09-15T20:06:32Z,-40.39,0.0,176.38,0.0,62.0,2.0,ML,,,,2.4,0.1,2
1178081,1997-09-15T20:44:15Z,-39.69,0.0,174.65,0.0,107.0,5.0,ML,,,,2.9,0.2,5
1174506,1997-09-15T22:21:43Z,-40.08,0.0,177.0,0.1,12.0,0.0,ML,,,,3.1,0.1,4
1178051,1997-09-15T22:24:55Z,-41.11,0.0,174.45,0.0,36.0,1.0,ML,,,,2.3,0.1,6
1178052,1997-09-15T22:45:47Z,-41.73,0.1,173.66,0.1,58.0,5.0,ML,,,,2.5,0.1,4
1174145,1997-09-16T00:23:53Z,-38.91,0.0,175.47,0.0,122.0,3.0,ML,,,,3.6,0.2,13
1177423,1997-09-16T02:11:48Z,-37.17,0.0,177.37,0.0,5.0,0.0,ML,,,,3.7,0.4,4
1174146,1997-09-16T02:45:12Z,-40.14,0.0,174.58,0.0,104.0,6.0,ML,,,,2.7,0.4,7
1174147,1997-09-16T03:32:42Z,-40.43,0.0,173.65,0.0,121.0,3.0,ML,,,,3.7,0.2,11
1178082,1997-09-16T04:06:13Z,-39.17,0.0,173.89,0.0,10.0,1.0,ML,,,,1.2,0.0,2
1180065,1997-09-16T04:08:00Z,-42.16,0.0,173.89,0.0,12.0,0.0,ML,,,,2.8,0.4,5
1177263,1997-09-16T05:33:28Z,-39.54,0.0,177.34,0.0,24.0,2.0,ML,,,,3.3,0.2,5
1177699,1997-09-16T06:52:18Z,-39.51,0.0,175.61,0.0,12.0,0.0,ML,,,,2.3,0.2,3
1177700,1997-09-16T07:07:54Z,-39.09,0.0,176.35,0.0,12.0,0.0,ML,,,,2.6,0.2,3
1178554,1997-09-16T08:25:41Z,-41.34,0.0,174.65,0.0,32.0,1.0,ML,,,,2.0,0.2,6
1174574,1997-09-16T08:31:24Z,-42.07,0.0,172.84,0.0,67.0,6.0,ML,,,,2.6,nan,1
1178555,1997-09-16T09:12:13Z,-40.43,0.0,175.35,0.0,33.0,1.0,ML,,,,2.2,0.2,3
1183443,1997-09-16T10:07:49Z,-39.66,0.0,174.01,0.1,219.0,8.0,ML,,,,3.3,0.2,6
1177704,1997-09-16T10:08:17Z,-43.67,0.0,170.29,0.0,5.0,0.0,ML,,,,5.0,0.3,12
1174093,1997-09-16T10:29:22Z,-43.66,0.0,170.24,0.0,5.0,0.0,ML,,,,3.4,0.5,8
1174094,1997-09-16T10:37:05Z,-43.71,0.0,170.39,0.0,5.0,0.0,ML,,,,2.9,0.2,5
1178556,1997-09-16T10:45:59Z,-41.33,0.0,174.65,0.0,31.0,0.0,ML,,,,2.3,0.2,2
1174577,1997-09-16T10:49:18Z,-41.4,0.0,173.29,0.0,146.0,3.0,ML,,,,3.1,0.1,6
1176779,1997-09-16T10:56:58Z,-39.6,0.0,175.6,0.0,12.0,0.0,ML,,,,2.3,0.3,3
1183449,1997-09-16T10:57:19Z,-40.41,0.0,174.52,0.0,18.0,4.0,ML,,,,2.7,0.2,5
1174095,1997-09-16T10:57:32Z,-43.67,0.0,170.29,0.0,5.0,0.0,ML,,,,3.8,0.3,10
1174096,1997-09-16T11:05:23Z,-43.76,0.0,170.45,0.1,5.0,0.0,ML,,,,3.0,0.2,6
1177707,1997-09-16T11:19:53Z,-39.55,0.0,175.57,0.0,5.0,0.0,ML,,,,2.2,0.2,3
1177708,1997-09-16T11:23:26Z,-39.61,0.0,175.59,0.0,12.0,0.0,ML,,,,2.1,0.2,3
1174578,1997-09-16T11:32:31Z,-42.88,0.0,171.81,0.0,5.0,0.0,ML,,,,2.6,0.1,4
1177435,1997-09-16T12:20:22Z,-39.08,0.0,173.89,0.0,12.0,0.0,ML,,,,1.3,0.0,2
1178174,1997-09-16T12:36:31Z,-41.28,0.0,175.29,0.0,25.0,1.0,ML,,,,2.2,0.1,7
1178401,1997-09-16T13:03:46Z,-40.65,0.0,174.18,0.0,80.0,6.0,ML,,,,2.7,0.1,5
1177709,1997-09-16T13:44:10Z,-39.28,0.0,175.97,0.0,12.0,0.0,ML,,,,2.1,0.2,2
1177710,1997-09-16T14:19:05Z,-40.14,0.0,177.26,0.0,12.0,0.0,ML,,,,3.2,0.3,6
1174098,1997-09-16T14:40:04Z,-43.78,0.0,170.47,0.0,5.0,0.0,ML,,,,3.2,0.2,5
1174099,1997-09-16T15:05:46Z,-43.72,0.0,170.36,0.1,5.0,0.0,ML,,,,2.8,0.2,6
1174100,1997-09-16T15:24:05Z,-43.64,0.0,170.26,0.0,5.0,0.0,ML,,,,5.0,0.3,12
1183457,1997-09-16T16:20:41Z,-43.02,0.0,171.33,0.0,5.0,0.0,ML,,,,3.2,0.3,9
1178067,1997-09-16T18:17:01Z,-40.89,0.0,175.32,0.0,27.0,1.0,ML,,,,1.9,0.3,6
1176796,1997-09-16T18:23:36Z,-37.54,0.1,177.17,0.0,5.0,0.0,ML,,,,3.1,0.2,7
1176798,1997-09-16T19:00:30Z,-40.39,0.0,174.16,0.0,20.0,6.0,ML,,,,2.2,0.2,5
1178557,1997-09-16T19:03:02Z,-40.77,0.0,175.01,0.0,22.0,1.0,ML,,,,1.7,0.3,4
1174102,1997-09-16T19:33:09Z,-43.79,0.1,170.49,0.2,5.0,0.0,ML,,,,2.8,0.2,5
1177721,1997-09-16T19:58:36Z,-39.62,0.0,175.65,0.1,29.0,6.0,ML,,,,2.9,0.2,4
1174148,1997-09-16T20:20:08Z,-39.15,0.0,174.82,0.1,211.0,7.0,ML,,,,3.7,0.2,13
1174581,1997-09-16T20:25:29Z,-42.11,0.0,172.84,0.0,55.0,3.0,ML,,,,3.3,0.2,5
1176801,1997-09-16T22:03:06Z,-45.25,0.0,166.83,0.1,12.0,0.0,ML,,,,3.5,0.2,5
1177819,1997-09-16T22:09:11Z,-35.59,0.1,179.5,0.1,176.0,13.0,ML,,,,4.1,0.3,13
1180066,1997-09-16T23:25:17Z,-40.73,0.0,175.83,0.0,30.0,2.0,ML,,,,2.6,0.1,7
1176803,1997-09-16T23:43:15Z,-35.83,0.5,179.61,0.8,178.0,29.0,ML,,,,4.4,0.2,5
1183374,1997-09-16T23:54:40Z,-40.05,0.1,174.48,0.0,108.0,7.0,ML,,,,3.1,0.2,5
1176716,1997-09-17T00:05:27Z,-43.67,0.0,170.3,0.0,5.0,0.0,ML,,,,3.4,0.4,8
1176717,1997-09-17T00:11:49Z,-40.42,0.0,175.86,0.0,30.0,2.0,ML,,,,2.5,0.2,8
1183482,1997-09-17T00:12:41Z,-45.03,0.0,167.55,0.1,84.0,5.0,ML,,,,2.9,0.3,5
1176718,1997-09-17T00:23:37Z,-43.74,0.0,170.36,0.0,5.0,0.0,ML,,,,3.1,0.4,9
1183483,1997-09-17T00:23:39Z,-37.58,0.0,178.47,0.3,41.0,10.0,ML,,,,3.6,0.3,3
1177801,1997-09-17T00:35:57Z,-40.37,0.0,175.22,0.0,35.0,7.0,ML,,,,2.9,0.2,11
1174151,1997-09-17T00:58:14Z,-40.25,0.0,174.74,0.0,50.0,4.0,ML,,,,2.9,0.2,6
1177440,1997-09-17T03:30:09Z,-38.2,0.1,176.18,0.2,219.0,15.0,ML,,,,3.6,0.4,4
1174586,1997-09-17T06:53:36Z,-42.57,0.0,173.23,0.0,33.0,0.0,ML,,,,2.5,0.2,3
1177449,1997-09-17T08:25:56Z,-37.52,0.1,179.59,0.1,12.0,0.0,ML,,,,3.7,0.2,5
1180054,1997-09-17T08:31:43Z,-39.81,0.0,176.68,0.0,43.0,4.0,ML,,,,2.7,0.1,3
1180067,1997-09-17T08:44:10Z,-41.09,0.0,174.07,0.0,55.0,6.0,ML,,,,2.3,0.1,7
1176719,1997-09-17T09:40:11Z,-44.61,0.0,168.7,0.0,5.0,0.0,ML,,,,2.0,0.0,3
1177454,1997-09-17T10:02:06Z,-41.25,0.0,175.34,0.0,28.0,1.0,ML,,,,2.2,0.1,7
1174152,1997-09-17T10:53:02Z,-39.13,0.0,175.43,0.0,8.0,2.0,ML,,,,3.9,0.3,6
1180069,1997-09-17T12:12:10Z,-40.4,0.0,174.56,0.0,12.0,0.0,ML,,,,2.4,0.2,7
1180372,1997-09-17T13:09:21Z,-41.12,0.0,174.29,0.0,66.0,2.0,ML,,,,2.3,0.2,6
1174589,1997-09-17T13:13:31Z,-41.2,0.0,173.3,0.0,111.0,3.0,ML,,,,2.8,0.1,7
1177723,1997-09-17T14:00:21Z,-39.13,0.0,175.43,0.0,5.0,0.0,ML,,,,1.9,0.2,3
1180262,1997-09-17T15:12:06Z,-40.27,0.1,173.48,0.0,166.0,7.0,ML,,,,3.0,0.2,6
1177725,1997-09-17T15:48:24Z,-39.07,0.0,175.01,0.1,198.0,6.0,ML,,,,3.4,0.3,5
1175017,1997-09-17T16:07:24Z,-47.3,0.0,166.13,0.1,12.0,0.0,ML,,,,3.2,nan,1
1175018,1997-09-17T16:32:48Z,-46.26,0.1,165.33,0.2,12.0,0.0,ML,,,,3.3,0.2,6
1183375,1997-09-17T20:05:38Z,-38.99,0.0,175.11,0.1,223.0,3.0,ML,,,,3.6,0.2,7
1177374,1997-09-17T22:16:10Z,-37.19,0.0,178.38,0.0,12.0,0.0,ML,,,,4.2,0.4,9
1180058,1997-09-17T22:29:21Z,-40.44,0.0,176.33,0.0,43.0,2.0,ML,,,,2.4,0.2,3
1177180,1997-09-17T23:23:21Z,-39.29,0.0,174.96,0.0,33.0,0.0,ML,,,,2.3,0.1,2
1174153,1997-09-18T00:00:57Z,-40.04,0.0,175.49,0.0,41.0,4.0,ML,,,,2.6,0.4,5
1177736,1997-09-18T01:13:34Z,-39.28,0.0,175.56,0.0,0.0,0.0,ML,,,,1.3,0.1,3
1177336,1997-09-18T01:30:47Z,-39.19,0.0,173.89,0.0,12.0,0.0,ML,,,,2.3,0.2,3
1180266,1997-09-18T01:37:37Z,-41.23,0.0,172.75,0.0,132.0,4.0,ML,,,,4.1,0.3,14
1183489,1997-09-18T01:37:39Z,-41.19,0.4,172.68,0.1,221.0,14.0,ML,,,,3.8,0.1,3
1177473,1997-09-18T01:45:57Z,-41.16,0.0,176.1,0.0,32.0,3.0,ML,,,,2.9,0.1,7
1180086,1997-09-18T03:11:24Z,-41.25,0.0,176.26,0.0,33.0,0.0,ML,,,,2.4,0.2,6
1177741,1997-09-18T04:01:21Z,-39.03,0.0,175.98,0.0,5.0,0.0,ML,,,,2.6,0.0,4
1180093,1997-09-18T04:21:03Z,-41.3,0.0,175.24,0.0,28.0,1.0,ML,,,,2.1,0.2,6
1180046,1997-09-18T04:36:26Z,-39.27,0.0,173.86,0.0,12.0,0.0,ML,,,,1.6,0.0,2
1177806,1997-09-18T05:22:41Z,-41.3,0.0,175.31,0.0,30.0,1.0,ML,,,,3.2,0.1,9
1174155,1997-09-18T05:24:35Z,-41.3,0.0,175.32,0.0,30.0,1.0,ML,,,,3.4,0.3,8
1177612,1997-09-18T06:02:49Z,-35.2,0.0,177.43,0.0,12.0,0.0,ML,,,,4.7,0.3,10
1176833,1997-09-18T06:28:20Z,-41.29,0.0,175.31,0.0,26.0,1.0,ML,,,,1.7,0.2,6
1177123,1997-09-18T08:00:05Z,-46.0,0.0,165.86,0.1,5.0,0.0,ML,,,,2.5,0.1,3
1180098,1997-09-18T08:07:00Z,-40.4,0.0,174.54,0.0,12.0,0.0,ML,,,,2.2,0.2,6
1177478,1997-09-18T08:16:58Z,-38.63,0.0,178.71,0.1,12.0,0.0,ML,,,,3.0,0.4,3
1177807,1997-09-18T10:34:29Z,-40.97,0.0,174.86,0.0,31.0,1.0,ML,,,,2.4,0.2,9
1176845,1997-09-18T10:38:30Z,-41.3,0.0,175.3,0.0,28.0,1.0,ML,,,,2.9,0.2,10
1177742,1997-09-18T10:42:12Z,-39.7,0.0,175.69,0.0,25.0,1.0,ML,,,,2.8,0.1,3
1177125,1997-09-18T11:07:35Z,-46.07,0.0,166.57,0.0,12.0,0.0,ML,,,,2.2,0.2,2
1177127,1997-09-18T12:28:57Z,-45.96,0.0,165.8,0.0,12.0,0.0,ML,,,,2.4,nan,1
1177808,1997-09-18T13:07:27Z,-41.28,0.0,174.82,0.0,23.0,1.0,ML,,,,2.7,0.1,11
1174597,1997-09-18T13:23:36Z,-42.69,0.0,172.92,0.0,33.0,0.0,ML,,,,2.6,0.3,4
1180099,1997-09-18T14:34:54Z,-40.81,0.0,175.08,0.0,31.0,1.0,ML,,,,2.7,0.3,7
1177376,1997-09-18T16:06:11Z,-38.85,0.0,175.64,0.0,116.0,7.0,ML,,,,3.5,0.6,4
1174600,1997-09-18T18:27:42Z,-41.35,0.0,173.93,0.0,43.0,3.0,ML,,,,2.4,0.2,4
1176870,1997-09-18T18:31:52Z,-40.97,0.0,174.71,0.0,34.0,1.0,ML,,,,2.4,0.1,5
1177377,1997-09-18T19:25:37Z,-39.32,0.0,173.72,0.0,16.0,1.0,ML,,,,3.2,0.5,14
1183517,1997-09-18T19:26:46Z,-39.32,0.0,173.48,0.0,20.0,2.0,ML,,,,3.4,0.4,15
1183378,1997-09-18T20:01:14Z,-40.97,0.0,175.16,0.0,27.0,3.0,ML,,,,1.4,0.1,4
1176742,1997-09-18T22:54:17Z,-40.13,0.0,174.92,0.0,12.0,0.0,ML,,,,3.0,0.3,12
1183381,1997-09-18T23:42:47Z,-41.05,0.0,174.76,0.0,57.0,1.0,ML,,,,2.0,0.1,3
1177378,1997-09-19T01:14:58Z,-39.15,0.0,175.06,0.0,28.0,4.0,ML,,,,2.5,0.3,4
1177128,1997-09-19T02:54:27Z,-37.63,0.0,177.1,0.0,90.0,4.0,ML,,,,3.9,0.2,12
1180391,1997-09-19T03:43:49Z,-40.98,0.0,175.55,0.0,27.0,2.0,ML,,,,2.0,0.2,4
1180102,1997-09-19T06:16:30Z,-40.38,0.0,174.54,0.0,41.0,8.0,ML,,,,2.1,0.1,4
1176743,1997-09-19T06:17:53Z,-39.79,0.0,175.19,0.0,12.0,0.0,ML,,,,2.8,0.2,10
1174607,1997-09-19T06:38:54Z,-39.13,0.0,174.83,0.1,228.0,5.0,ML,,,,3.3,0.2,7
1177747,1997-09-19T07:00:18Z,-39.63,0.0,175.57,0.0,12.0,0.0,ML,,,,2.6,0.1,3
1176901,1997-09-19T07:44:05Z,-38.34,0.0,178.55,0.0,12.0,0.0,ML,,,,2.6,0.2,3
1176724,1997-09-19T09:48:59Z,-45.15,0.0,168.78,0.0,5.0,0.0,ML,,,,1.9,0.3,4
1176744,1997-09-19T11:44:36Z,-40.78,0.0,175.11,0.0,29.0,1.0,ML,,,,3.1,0.2,14
1177750,1997-09-19T12:15:39Z,-40.82,0.0,174.72,0.0,15.0,2.0,ML,,,,2.9,0.3,12
1183553,1997-09-19T12:16:09Z,-40.75,0.2,174.67,0.2,12.0,0.0,ML,,,,2.3,0.5,2
1174610,1997-09-19T12:21:58Z,-37.57,0.0,175.83,0.1,193.0,14.0,ML,,,,3.4,0.2,10
1176725,1997-09-19T12:46:06Z,-45.09,0.0,167.21,0.0,90.0,4.0,ML,,,,2.7,0.4,4
1176745,1997-09-19T14:07:26Z,-38.74,0.0,175.91,0.0,94.0,3.0,ML,,,,3.8,0.2,19
1183384,1997-09-19T14:40:26Z,-41.06,0.0,175.45,0.0,5.0,0.0,ML,,,,1.6,0.1,5
1176726,1997-09-19T15:00:23Z,-45.1,0.0,167.39,0.0,106.0,2.0,ML,,,,2.8,0.2,6
1183385,1997-09-19T16:17:45Z,-40.88,0.0,174.91,0.0,41.0,2.0,ML,,,,1.9,0.1,2
1174612,1997-09-19T16:59:33Z,-40.23,0.0,174.28,0.0,104.0,3.0,ML,,,,3.7,0.4,11
1177379,1997-09-19T18:17:24Z,-37.66,0.0,177.28,0.1,184.0,13.0,ML,,,,3.8,0.1,11
1177810,1997-09-19T18:38:47Z,-40.96,0.0,174.31,0.0,42.0,2.0,ML,,,,2.8,0.2,8
1174614,1997-09-19T19:09:21Z,-36.81,0.1,177.53,0.1,221.0,16.0,ML,,,,3.7,0.3,11
1180105,1997-09-19T19:32:51Z,-40.92,0.0,175.07,0.0,28.0,3.0,ML,,,,1.6,0.2,6
1177528,1997-09-19T21:08:12Z,-39.68,0.0,177.09,0.0,23.0,1.0,ML,,,,3.4,0.4,10
1174616,1997-09-19T21:37:22Z,-43.18,0.0,171.57,0.0,12.0,0.0,ML,,,,4.9,0.2,12
1177292,1997-09-19T21:59:00Z,-43.18,0.0,171.55,0.0,12.0,0.0,ML,,,,2.3,0.2,3
1180405,1997-09-20T00:01:24Z,-40.37,0.1,175.87,0.0,29.0,2.0,ML,,,,2.0,0.1,6
1174619,1997-09-20T00:47:14Z,-41.47,0.0,173.95,0.0,41.0,2.0,ML,,,,3.8,0.2,12
1177751,1997-09-20T02:31:06Z,-39.33,0.0,175.74,0.0,15.0,0.0,ML,,,,1.8,0.2,3
1183391,1997-09-20T02:48:26Z,-41.71,0.0,174.51,0.0,30.0,2.0,ML,,,,2.1,0.2,5
1176746,1997-09-20T03:01:18Z,-39.69,0.0,173.72,0.0,12.0,0.0,ML,,,,3.4,0.4,14
1177536,1997-09-20T03:26:25Z,-41.28,0.0,175.24,0.0,27.0,1.0,ML,,,,2.2,0.1,7
1176747,1997-09-20T03:29:59Z,-40.38,0.0,174.56,0.0,12.0,0.0,ML,,,,3.1,0.3,14
1174620,1997-09-20T03:31:54Z,-38.81,0.0,176.55,0.0,51.0,3.0,ML,,,,4.1,0.2,19
1177234,1997-09-20T05:33:09Z,-37.18,0.1,177.47,0.1,142.0,11.0,ML,,,,3.9,0.3,4
1177387,1997-09-20T06:31:53Z,-38.12,0.0,176.49,0.0,135.0,7.0,ML,,,,3.9,0.2,13
1176952,1997-09-20T07:06:48Z,-43.6,0.0,170.25,0.0,12.0,0.0,ML,,,,2.0,0.1,2
1176953,1997-09-20T07:15:18Z,-41.3,0.0,175.36,0.0,37.0,3.0,ML,,,,1.5,0.1,4
1177752,1997-09-20T08:09:39Z,-40.08,0.0,176.12,0.0,60.0,3.0,ML,,,,2.7,0.3,5
1176748,1997-09-20T08:25:56Z,-40.15,0.0,174.92,0.0,12.0,0.0,ML,,,,2.7,0.3,10
1177753,1997-09-20T08:38:00Z,-40.12,0.0,174.92,0.0,12.0,0.0,ML,,,,2.5,0.3,8
1176969,1997-09-20T08:59:28Z,-41.13,0.0,174.47,0.0,37.0,1.0,ML,,,,2.6,0.2,9
1177754,1997-09-20T10:26:50Z,-39.46,0.0,175.69,0.0,19.0,1.0,ML,,,,1.9,0.3,3
1174625,1997-09-20T11:15:59Z,-37.3,0.0,177.61,0.0,93.0,3.0,ML,,,,5.1,0.2,5
1176987,1997-09-20T12:19:47Z,-38.42,0.0,176.21,0.0,118.0,7.0,ML,,,,3.4,0.1,11
1176989,1997-09-20T12:38:23Z,-41.26,0.0,175.35,0.0,30.0,1.0,ML,,,,3.3,0.2,11
1185282,1997-09-20T12:39:28Z,-41.25,0.0,175.34,0.0,27.0,1.0,ML,,,,2.0,0.2,7
1183392,1997-09-20T12:41:02Z,-41.25,0.0,175.34,0.0,26.0,1.0,ML,,,,1.6,0.2,5
1176991,1997-09-20T12:59:53Z,-41.26,0.0,175.34,0.0,29.0,1.0,ML,,,,2.7,0.2,10
1180111,1997-09-20T13:13:41Z,-41.26,0.0,175.34,0.0,27.0,1.0,ML,,,,1.9,0.1,5
1183393,1997-09-20T13:26:52Z,-41.25,0.0,175.33,0.0,25.0,1.0,ML,,,,1.4,0.2,6
1185284,1997-09-20T13:44:04Z,-41.99,0.0,173.96,0.0,12.0,0.0,ML,,,,1.8,0.3,2
1180413,1997-09-20T13:44:16Z,-40.65,0.0,175.44,0.0,32.0,1.0,ML,,,,1.7,0.1,3
1177755,1997-09-20T14:25:11Z,-40.09,0.0,175.19,0.0,12.0,0.0,ML,,,,2.3,0.3,6
1176997,1997-09-20T14:35:03Z,-39.25,0.0,175.14,0.0,12.0,0.0,ML,,,,1.9,0.1,3
1183394,1997-09-20T14:36:23Z,-41.24,0.0,175.32,0.0,20.0,1.0,ML,,,,1.6,0.2,5
1180414,1997-09-20T14:59:59Z,-40.25,0.0,174.71,0.0,12.0,0.0,ML,,,,1.8,0.2,4
1176999,1997-09-20T15:39:34Z,-37.37,0.1,177.04,0.0,12.0,0.0,ML,,,,3.1,0.2,4
1177814,1997-09-20T16:54:29Z,-41.83,0.0,174.52,0.0,37.0,3.0,ML,,,,2.6,0.2,8
1177150,1997-09-20T17:33:03Z,-45.13,0.1,167.41,0.0,109.0,4.0,ML,,,,2.4,0.1,4
1177756,1997-09-20T17:41:26Z,-40.54,0.0,174.38,0.0,29.0,3.0,ML,,,,2.8,0.3,9
1177815,1997-09-20T17:50:47Z,-41.13,0.0,174.47,0.0,35.0,1.0,ML,,,,3.0,0.2,10
1177757,1997-09-20T19:59:26Z,-39.76,0.0,176.91,0.0,42.0,4.0,ML,,,,3.0,0.2,2
1177549,1997-09-20T22:45:01Z,-39.35,0.0,177.94,0.0,67.0,7.0,ML,,,,3.6,0.3,13
1177005,1997-09-20T22:52:35Z,-42.96,0.0,171.9,0.0,10.0,2.0,ML,,,,2.6,0.1,4
1177008,1997-09-21T00:16:12Z,-40.49,0.0,175.8,0.0,27.0,0.0,ML,,,,2.2,0.1,4
1180425,1997-09-21T01:07:12Z,-40.54,0.0,174.75,0.0,30.0,1.0,ML,,,,2.4,0.1,6
1183398,1997-09-21T01:16:47Z,-41.24,0.0,175.32,0.0,21.0,1.0,ML,,,,1.7,0.2,5
1177758,1997-09-21T01:24:44Z,-39.5,0.0,175.45,0.0,12.0,0.0,ML,,,,1.9,0.1,3
1177388,1997-09-21T01:44:55Z,-41.11,0.0,174.8,0.0,28.0,1.0,ML,,,,1.7,0.1,3
1177197,1997-09-21T02:17:34Z,-42.49,0.0,172.88,0.0,12.0,0.0,ML,,,,2.8,0.2,3
1176728,1997-09-21T02:22:41Z,-43.99,0.0,170.03,0.0,5.0,0.0,ML,,,,2.5,0.2,6
1185491,1997-09-21T02:23:20Z,-40.9,0.0,175.93,0.1,32.0,5.0,ML,,,,2.2,0.1,6
1176729,1997-09-21T04:00:12Z,-45.34,0.0,166.87,0.0,54.0,3.0,ML,,,,3.0,0.3,6
1176730,1997-09-21T05:24:15Z,-45.41,0.0,167.59,0.0,5.0,0.0,ML,,,,2.9,0.3,7
1177013,1997-09-21T05:31:28Z,-37.27,0.1,176.87,0.1,12.0,0.0,ML,,,,3.5,0.3,3
1177023,1997-09-21T06:37:43Z,-40.82,0.0,175.64,0.0,21.0,2.0,ML,,,,2.0,0.1,4
1177565,1997-09-21T07:48:50Z,-40.57,0.0,175.94,0.0,22.0,2.0,ML,,,,2.6,0.1,7
1177029,1997-09-21T08:02:12Z,-40.77,0.0,175.1,0.0,31.0,1.0,ML,,,,2.5,0.3,5
1180450,1997-09-21T08:09:56Z,-40.49,0.0,175.94,0.0,19.0,2.0,ML,,,,2.1,0.2,4
1177761,1997-09-21T09:32:36Z,-38.8,0.0,175.97,0.0,5.0,0.0,ML,,,,2.0,0.2,5
1180119,1997-09-21T09:41:18Z,-41.19,0.0,175.78,0.0,18.0,6.0,ML,,,,2.1,0.2,6
1180120,1997-09-21T09:58:01Z,-40.51,0.0,175.94,0.0,22.0,2.0,ML,,,,2.4,0.1,4
1176750,1997-09-21T09:59:04Z,-39.46,0.0,175.24,0.0,106.0,3.0,ML,,,,3.2,0.2,6
1177039,1997-09-21T10:18:25Z,-43.59,0.0,170.24,0.0,5.0,0.0,ML,,,,2.0,0.3,2
1180121,1997-09-21T13:13:56Z,-42.02,0.0,173.99,0.0,12.0,0.0,ML,,,,2.2,0.2,6
1180122,1997-09-21T13:25:53Z,-41.87,0.0,173.61,0.0,44.0,1.0,ML,,,,2.4,0.2,6
1176732,1997-09-21T13:52:43Z,-45.27,0.0,167.36,0.0,5.0,0.0,ML,,,,3.0,0.3,8
1180257,1997-09-21T14:03:35Z,-38.17,0.0,176.89,0.0,5.0,0.0,ML,,,,2.5,0.4,4
1177765,1997-09-21T14:47:12Z,-39.12,0.0,173.88,0.0,5.0,0.0,ML,,,,2.6,0.8,4
1177307,1997-09-21T15:05:12Z,-39.28,0.0,175.56,0.0,0.0,0.0,ML,,,,1.4,0.5,3
1176751,1997-09-21T16:27:39Z,-39.65,0.0,173.97,0.1,154.0,6.0,ML,,,,3.5,0.2,8
1180258,1997-09-21T16:38:40Z,-38.1,0.0,176.77,0.0,5.0,0.0,ML,,,,2.5,0.1,3
1180259,1997-09-21T16:42:32Z,-38.09,0.0,176.78,0.1,5.0,0.0,ML,,,,2.3,0.2,4
1183399,1997-09-21T17:07:29Z,-41.14,0.0,175.12,0.0,25.0,1.0,ML,,,,1.5,0.2,4
1176733,1997-09-21T17:09:08Z,-45.12,0.0,167.2,0.0,84.0,2.0,ML,,,,2.6,0.4,4
1185502,1997-09-21T17:11:25Z,-39.54,0.0,175.62,0.0,12.0,0.0,ML,,,,2.0,0.2,3
1176752,1997-09-21T17:31:41Z,-38.3,0.0,175.85,0.0,189.0,8.0,ML,,,,4.1,0.2,16
1176753,1997-09-21T19:10:20Z,-40.15,0.0,174.9,0.0,12.0,0.0,ML,,,,2.3,0.2,6
1176754,1997-09-21T19:26:54Z,-40.21,0.0,175.02,0.0,12.0,0.0,ML,,,,2.8,0.5,5
1180123,1997-09-21T19:55:09Z,-40.78,0.0,174.06,0.0,87.0,4.0,ML,,,,2.8,0.2,4
1177634,1997-09-21T22:11:12Z,-41.12,0.0,174.46,0.0,34.0,1.0,ML,,,,2.7,0.1,8
1177414,1997-09-21T22:14:19Z,-39.4,0.0,175.56,0.0,12.0,0.0,ML,,,,1.8,0.2,3
1180131,1997-09-22T01:09:04Z,-40.22,0.0,174.92,0.0,5.0,0.0,ML,,,,2.0,0.3,4
1177390,1997-09-22T01:11:13Z,-39.46,0.0,174.69,0.0,33.0,0.0,ML,,,,2.4,0.3,3
1180050,1997-09-22T01:12:42Z,-39.32,0.0,173.88,0.0,12.0,0.0,ML,,,,1.3,0.1,3
1176755,1997-09-22T01:28:03Z,-40.53,0.0,175.33,0.0,30.0,2.0,ML,,,,2.7,0.3,8
1177768,1997-09-22T03:18:46Z,-39.58,0.0,175.5,0.0,5.0,0.0,ML,,,,2.8,0.4,4
1180138,1997-09-22T04:21:31Z,-40.54,0.0,175.37,0.0,32.0,2.0,ML,,,,2.3,0.1,5
1176735,1997-09-22T04:38:14Z,-45.41,0.0,167.6,0.0,5.0,0.0,ML,,,,2.5,0.3,4
1176756,1997-09-22T04:44:06Z,-39.36,0.0,175.74,0.0,15.0,1.0,ML,,,,2.6,0.2,5
1176736,1997-09-22T05:33:12Z,-43.94,0.0,169.73,0.0,5.0,0.0,ML,,,,3.2,0.4,7
1177639,1997-09-22T06:43:20Z,-38.01,0.1,175.91,0.1,246.0,7.0,ML,,,,3.9,0.3,17
1177769,1997-09-22T07:38:38Z,-39.22,0.0,175.09,0.0,28.0,2.0,ML,,,,2.3,0.2,3
1177081,1997-09-22T07:48:06Z,-39.83,0.0,174.03,0.0,208.0,4.0,ML,,,,3.4,0.2,10
1177162,1997-09-22T07:57:57Z,-39.89,0.0,176.71,0.0,26.0,1.0,ML,,,,2.8,0.3,6
1176737,1997-09-22T08:58:30Z,-44.84,0.0,167.52,0.0,54.0,8.0,ML,,,,2.6,0.3,4
1177092,1997-09-22T09:36:24Z,-36.6,0.1,179.53,0.1,12.0,0.0,ML,,,,2.9,0.3,3
1185821,1997-09-22T09:38:31Z,-40.42,0.0,176.06,0.0,12.0,0.0,ML,,,,2.0,0.2,8
1180638,1997-09-22T10:11:31Z,-40.85,0.0,175.5,0.0,27.0,2.0,ML,,,,1.7,0.2,3
1176738,1997-09-22T10:43:09Z,-44.95,0.0,167.49,0.0,91.0,3.0,ML,,,,4.3,0.3,6
1176757,1997-09-22T12:22:38Z,-39.33,0.0,174.9,0.0,27.0,1.0,ML,,,,3.1,0.3,18
1180641,1997-09-22T13:54:24Z,-38.94,0.0,175.14,0.1,252.0,6.0,ML,,,,3.2,0.3,3
1177592,1997-09-22T14:11:04Z,-37.29,0.0,177.75,0.0,106.0,5.0,ML,,,,3.5,0.2,6
1179811,1997-09-22T14:44:39Z,-40.72,0.0,175.87,0.0,29.0,2.0,ML,,,,3.4,0.2,18
1183405,1997-09-22T14:59:00Z,-41.24,0.0,175.32,0.0,21.0,2.0,ML,,,,1.8,0.2,5
1176740,1997-09-22T15:44:13Z,-43.17,0.0,168.86,0.0,12.0,0.0,ML,,,,3.7,0.2,15
1176760,1997-09-22T16:01:09Z,-38.88,0.0,175.47,0.1,233.0,6.0,ML,,,,3.6,0.3,13
1177598,1997-09-22T17:50:22Z,-40.18,0.0,174.88,0.0,12.0,0.0,ML,,,,2.5,0.4,8
1177602,1997-09-22T19:03:17Z,-39.38,0.0,177.2,0.0,12.0,0.0,ML,,,,2.9,0.5,5
1177893,1997-09-22T19:44:33Z,-38.49,0.0,176.71,0.0,54.0,3.0,ML,,,,3.3,0.3,5
1184330,1997-09-22T21:54:56Z,-41.24,0.0,175.32,0.0,20.0,1.0,ML,,,,1.8,0.2,6
1179495,1997-09-22T22:27:37Z,-37.77,0.0,177.46,0.0,56.0,4.0,ML,,,,2.9,0.1,4
1177242,1997-09-22T22:33:19Z,-37.27,0.0,177.14,0.0,5.0,0.0,ML,,,,3.5,0.6,5
1176763,1997-09-22T22:54:51Z,-39.32,0.0,174.9,0.0,23.0,2.0,ML,,,,2.9,0.3,9
1177320,1997-09-23T00:15:43Z,-42.37,0.0,173.76,0.0,12.0,0.0,ML,,,,2.2,0.2,3
1180830,1997-09-23T00:24:51Z,-40.71,0.0,175.34,0.0,29.0,1.0,ML,,,,2.4,0.2,8
1184169,1997-09-23T00:51:55Z,-41.28,0.0,174.76,0.0,29.0,1.0,ML,,,,2.1,0.1,4
1179136,1997-09-23T01:10:25Z,-40.51,0.0,175.98,0.0,41.0,5.0,ML,,,,2.8,0.1,8
1177209,1997-09-23T01:37:17Z,-41.42,0.1,172.34,0.0,5.0,0.0,ML,,,,2.9,0.2,2
1183703,1997-09-23T01:44:52Z,-40.94,0.0,176.2,0.1,28.0,4.0,ML,,,,2.6,0.2,6
1178561,1997-09-23T02:01:22Z,-38.52,0.0,178.47,0.1,24.0,4.0,ML,,,,2.7,0.2,3
1177321,1997-09-23T02:10:14Z,-43.6,0.0,170.23,0.0,5.0,0.0,ML,,,,3.0,0.4,5
1183705,1997-09-23T02:13:37Z,-40.96,0.0,175.58,0.0,27.0,2.0,ML,,,,2.1,0.2,6
1183707,1997-09-23T03:15:39Z,-40.75,0.0,173.82,0.0,80.0,3.0,ML,,,,2.5,0.3,7
1179423,1997-09-23T04:58:52Z,-39.38,0.0,174.78,0.0,32.0,2.0,ML,,,,2.8,0.3,7
1177249,1997-09-23T05:36:52Z,-39.28,0.0,173.92,0.0,17.0,2.0,ML,,,,3.5,0.3,18
1179746,1997-09-23T06:48:09Z,-39.29,0.0,176.01,0.0,5.0,0.0,ML,,,,2.2,0.2,3
1184332,1997-09-23T06:56:00Z,-40.2,0.0,174.59,0.0,25.0,3.0,ML,,,,2.0,0.1,5
1178945,1997-09-23T08:06:29Z,-37.47,0.0,177.5,0.0,109.0,3.0,ML,,,,3.5,0.2,5
1178625,1997-09-23T08:38:56Z,-40.75,0.0,174.51,0.0,26.0,2.0,ML,,,,2.3,0.2,7
1178946,1997-09-23T09:05:08Z,-45.57,0.0,167.48,0.0,12.0,0.0,ML,,,,1.7,0.1,3
1176764,1997-09-23T11:42:37Z,-39.43,0.0,173.71,0.0,12.0,0.0,ML,,,,3.5,0.4,18
1187866,1997-09-23T11:43:24Z,-39.28,0.0,173.39,0.1,12.0,0.0,ML,,,,2.4,0.2,5
1178568,1997-09-23T12:07:37Z,-45.96,0.0,165.86,0.1,12.0,0.0,ML,,,,3.3,0.2,5
1183712,1997-09-23T15:36:46Z,-40.56,0.0,174.18,0.0,95.0,3.0,ML,,,,2.8,0.3,5
1178641,1997-09-23T16:18:20Z,-37.59,0.0,179.29,0.1,33.0,0.0,ML,,,,3.3,0.3,4
1179512,1997-09-23T16:57:59Z,-39.37,0.0,177.58,0.0,33.0,0.0,ML,,,,3.2,0.3,6
1179983,1997-09-23T17:11:15Z,-39.33,0.1,173.66,0.1,5.0,0.0,ML,,,,2.0,0.1,3
1179722,1997-09-23T17:40:45Z,-40.11,0.0,176.94,0.0,62.0,6.0,ML,,,,3.3,0.1,2
1179782,1997-09-23T18:13:14Z,-41.35,0.0,172.75,0.0,198.0,2.0,ML,,,,3.0,0.2,6
1179513,1997-09-23T19:03:44Z,-38.73,0.0,177.77,0.0,48.0,7.0,ML,,,,3.5,0.3,4
1178569,1997-09-23T19:56:16Z,-44.26,0.0,167.89,0.1,33.0,0.0,ML,,,,2.9,0.7,6
1184221,1997-09-23T20:29:20Z,-38.98,0.1,175.26,0.1,233.0,9.0,ML,,,,3.5,0.3,7
1181126,1997-09-23T21:44:41Z,-40.82,0.0,174.81,0.0,5.0,0.0,ML,,,,2.0,0.2,6
1184334,1997-09-23T21:48:03Z,-40.6,0.0,174.34,0.0,29.0,2.0,ML,,,,2.6,0.1,4
1179429,1997-09-24T03:57:14Z,-39.33,0.0,174.86,0.0,12.0,0.0,ML,,,,2.6,0.2,4
1177649,1997-09-24T07:52:38Z,-42.11,0.0,174.17,0.0,12.0,0.0,ML,,,,2.4,0.3,6
1178570,1997-09-24T08:16:48Z,-45.9,0.0,170.34,0.0,12.0,0.0,ML,,,,2.2,0.2,2
1178681,1997-09-24T10:07:17Z,-38.15,0.0,177.94,0.0,58.0,4.0,ML,,,,3.1,0.2,5
1178571,1997-09-24T10:30:13Z,-45.04,0.0,169.63,0.0,12.0,0.0,ML,,,,2.2,0.3,3
1188924,1997-09-24T10:31:11Z,-45.23,0.0,166.76,0.1,12.0,0.0,ML,,,,2.1,0.2,3
1178958,1997-09-24T10:36:10Z,-45.88,0.0,166.43,0.1,12.0,0.0,ML,,,,2.3,0.3,3
1183717,1997-09-24T12:41:42Z,-40.58,0.0,173.8,0.0,12.0,0.0,ML,,,,2.5,0.1,5
1178572,1997-09-24T13:12:35Z,-45.17,0.0,167.42,0.0,115.0,4.0,ML,,,,3.7,0.3,7
1177222,1997-09-24T16:02:59Z,-42.07,0.0,172.95,0.0,81.0,3.0,ML,,,,3.2,0.2,10
1179211,1997-09-24T18:36:12Z,-41.46,0.0,173.95,0.0,40.0,2.0,ML,,,,2.5,0.2,9
1178694,1997-09-24T19:37:38Z,-43.6,0.0,170.22,0.0,5.0,0.0,ML,,,,2.0,0.1,2
1183686,1997-09-24T20:11:02Z,-39.37,0.0,173.32,0.0,5.0,0.0,ML,,,,2.0,0.2,3
1184198,1997-09-24T20:48:39Z,-38.33,0.0,175.8,0.1,179.0,3.0,ML,,,,3.2,0.2,7
1177252,1997-09-24T21:28:21Z,-40.34,0.0,175.39,0.0,46.0,4.0,ML,,,,2.0,0.1,4
1178695,1997-09-24T22:13:42Z,-44.94,0.0,167.6,0.0,84.0,2.0,ML,,,,2.6,0.2,4
1183719,1997-09-24T22:21:31Z,-40.6,0.0,175.94,0.0,32.0,1.0,ML,,,,2.7,0.2,5
1183720,1997-09-24T22:39:45Z,-41.0,0.0,174.91,0.0,32.0,3.0,ML,,,,1.6,0.3,3
1179747,1997-09-25T00:21:19Z,-39.4,0.0,175.41,0.0,12.0,0.0,ML,,,,1.7,0.1,3
1184354,1997-09-25T00:51:06Z,-41.57,0.0,174.6,0.0,5.0,0.0,ML,,,,1.8,0.1,4
1179324,1997-09-25T01:47:16Z,-43.21,0.0,171.02,0.0,12.0,0.0,ML,,,,2.0,0.1,2
1179374,1997-09-25T01:54:08Z,-38.98,0.0,175.57,0.1,119.0,5.0,ML,,,,2.9,0.2,5
1183687,1997-09-25T02:41:42Z,-39.23,0.1,173.87,0.0,23.0,4.0,ML,,,,1.4,nan,1
1184233,1997-09-25T03:51:18Z,-40.83,0.0,175.49,0.0,25.0,1.0,ML,,,,2.0,0.2,6
1177652,1997-09-25T05:07:44Z,-42.62,0.0,173.4,0.0,12.0,0.0,ML,,,,3.8,0.2,16
1189306,1997-09-25T05:08:01Z,-36.7,0.0,179.57,0.0,12.0,0.0,ML,,,,3.7,0.7,3
1189172,1997-09-25T05:08:13Z,-42.62,0.0,173.39,0.0,12.0,0.0,ML,,,,4.2,0.3,6
1179215,1997-09-25T05:34:50Z,-39.72,0.0,175.12,0.0,74.0,5.0,ML,,,,2.5,0.3,2
1179726,1997-09-25T05:47:13Z,-39.25,0.0,175.18,0.0,27.0,2.0,ML,,,,2.4,0.2,3
1177653,1997-09-25T07:41:40Z,-42.6,0.0,173.43,0.0,17.0,2.0,ML,,,,2.4,0.2,3
1184356,1997-09-25T07:47:17Z,-40.83,0.0,174.83,0.0,62.0,0.0,ML,,,,2.1,0.2,3
1178708,1997-09-25T08:10:42Z,-41.12,0.0,174.44,0.0,33.0,1.0,ML,,,,1.9,0.1,5
1178710,1997-09-25T08:21:26Z,-37.4,0.1,178.81,0.1,12.0,0.0,ML,,,,2.9,0.3,3
1184357,1997-09-25T08:25:38Z,-41.25,0.0,175.33,0.0,26.0,1.0,ML,,,,1.7,0.2,3
1179222,1997-09-25T10:00:00Z,-42.63,0.0,173.45,0.0,12.0,0.0,ML,,,,3.0,0.4,2
1179537,1997-09-25T10:40:34Z,-37.22,0.1,177.52,0.0,5.0,0.0,ML,,,,3.3,0.5,4
1178598,1997-09-25T11:45:57Z,-40.87,0.0,175.15,0.0,25.0,1.0,ML,,,,3.1,0.3,15
1179748,1997-09-25T12:33:02Z,-39.32,0.0,175.75,0.0,15.0,0.0,ML,,,,1.6,0.1,3
1179749,1997-09-25T13:47:48Z,-39.43,0.0,175.67,0.1,12.0,0.0,ML,,,,1.7,0.1,3
1179538,1997-09-25T14:37:45Z,-37.93,0.0,177.72,0.0,55.0,7.0,ML,,,,2.7,0.2,4
1178736,1997-09-25T15:08:41Z,-37.35,0.1,177.47,0.0,5.0,0.0,ML,,,,2.6,0.2,3
1178741,1997-09-25T16:10:23Z,-40.59,0.0,173.51,0.0,177.0,1.0,ML,,,,2.9,0.4,4
1179750,1997-09-25T16:33:11Z,-39.59,0.0,175.59,0.0,12.0,0.0,ML,,,,2.6,0.1,3
1178745,1997-09-25T17:25:06Z,-40.96,0.0,175.58,0.0,30.0,1.0,ML,,,,2.6,0.2,9
1189681,1997-09-25T17:31:37Z,-42.62,0.0,173.45,0.0,12.0,0.0,ML,,,,2.8,0.1,4
1189682,1997-09-25T17:32:52Z,-37.88,0.1,175.87,0.1,168.0,5.0,ML,,,,3.3,0.2,8
1177229,1997-09-25T18:34:06Z,-42.63,0.0,173.47,0.0,12.0,0.0,ML,,,,3.1,0.2,4
1184358,1997-09-25T18:47:52Z,-41.14,0.0,174.8,0.0,30.0,4.0,ML,,,,1.8,0.2,3
1178599,1997-09-25T19:29:19Z,-39.14,0.0,174.99,0.0,30.0,1.0,ML,,,,2.9,0.3,6
1181237,1997-09-25T22:25:12Z,-40.9,0.0,176.07,0.0,30.0,2.0,ML,,,,2.3,0.1,6
1178575,1997-09-25T22:32:29Z,-45.67,0.0,168.17,0.0,31.0,1.0,ML,,,,2.5,0.1,5
1179867,1997-09-26T01:05:52Z,-38.24,0.0,176.4,0.0,5.0,0.0,ML,,,,1.8,0.1,4
1178600,1997-09-26T02:12:38Z,-39.6,0.0,175.97,0.0,56.0,3.0,ML,,,,3.3,0.2,12
1178601,1997-09-26T03:07:05Z,-40.1,0.0,174.39,0.0,94.0,4.0,ML,,,,2.8,0.3,8
1179756,1997-09-26T03:42:35Z,-39.62,0.0,175.04,0.1,79.0,10.0,ML,,,,2.4,0.1,3
1179707,1997-09-26T03:46:00Z,-39.82,0.0,177.05,0.0,45.0,3.0,ML,,,,3.8,0.2,14
1179151,1997-09-26T04:32:36Z,-38.59,0.0,175.71,0.1,168.0,16.0,ML,,,,3.7,0.4,12
1179757,1997-09-26T05:12:35Z,-39.69,0.0,175.82,0.0,12.0,0.0,ML,,,,3.1,0.2,3
1179708,1997-09-26T05:29:50Z,-41.15,0.0,172.72,0.0,228.0,1.0,ML,,,,2.8,0.2,6
1179554,1997-09-26T05:48:48Z,-41.08,0.0,174.79,0.0,25.0,2.0,ML,,,,1.7,0.2,3
1190447,1997-09-26T05:49:05Z,-41.16,0.0,174.72,0.0,39.0,3.0,ML,,,,1.4,0.2,2
1183599,1997-09-26T06:17:03Z,-39.32,0.0,173.85,0.0,12.0,0.0,ML,,,,1.2,0.1,2
1184247,1997-09-26T07:12:30Z,-40.17,0.0,175.5,0.0,31.0,2.0,ML,,,,2.3,0.1,4
1179557,1997-09-26T07:14:23Z,-41.35,0.0,173.48,0.0,99.0,2.0,ML,,,,2.6,0.3,4
1178765,1997-09-26T08:43:57Z,-39.31,0.0,174.88,0.0,33.0,0.0,ML,,,,2.5,0.3,4
1178577,1997-09-26T10:09:05Z,-45.04,0.0,168.93,0.0,5.0,0.0,ML,,,,2.2,0.2,3
1178780,1997-09-26T10:21:41Z,-40.44,0.1,178.59,0.1,12.0,0.0,ML,,,,3.4,0.2,10
1183756,1997-09-26T10:34:59Z,-40.44,0.0,176.37,0.0,33.0,0.0,ML,,,,3.2,0.3,15
1178782,1997-09-26T10:53:11Z,-43.6,0.0,170.23,0.0,5.0,1.0,ML,,,,2.2,0.0,2
1177659,1997-09-26T11:55:52Z,-40.42,0.0,173.55,0.0,191.0,4.0,ML,,,,3.9,0.4,15
1183757,1997-09-26T12:03:58Z,-40.98,0.0,175.57,0.0,14.0,2.0,ML,,,,2.1,0.2,6
1178603,1997-09-26T12:15:52Z,-40.71,0.0,175.48,0.0,29.0,1.0,ML,,,,2.7,0.1,11
1183758,1997-09-26T13:01:31Z,-39.18,0.0,174.77,0.0,209.0,4.0,ML,,,,3.1,0.2,6
1179759,1997-09-26T13:06:03Z,-39.68,0.0,176.12,0.0,33.0,0.0,ML,,,,2.7,0.2,4
1178604,1997-09-26T13:07:00Z,-39.6,0.0,174.01,0.1,193.0,7.0,ML,,,,3.7,0.3,14
1179469,1997-09-26T13:08:38Z,-41.29,0.0,173.85,0.0,61.0,3.0,ML,,,,3.0,0.3,9
1178605,1997-09-26T14:40:04Z,-38.14,0.0,174.65,0.0,12.0,0.0,ML,,,,3.4,0.3,19
1190415,1997-09-26T15:57:30Z,-45.5,0.0,167.04,0.0,76.0,2.0,ML,,,,2.4,0.2,4
1179560,1997-09-26T16:41:46Z,-37.79,0.0,179.35,0.0,16.0,5.0,ML,,,,3.4,0.3,3
1179761,1997-09-26T18:00:17Z,-38.79,0.0,176.01,0.0,5.0,0.0,ML,,,,2.1,0.3,3
1179763,1997-09-26T21:13:32Z,-38.81,0.0,175.73,0.0,5.0,0.0,ML,,,,1.9,0.4,2
1178797,1997-09-26T21:16:11Z,-39.71,0.0,176.96,0.0,48.0,4.0,ML,,,,2.8,0.3,3
1183761,1997-09-26T22:23:41Z,-41.23,0.0,173.36,0.0,118.0,1.0,ML,,,,2.9,0.2,7
1178578,1997-09-27T00:26:42Z,-45.15,0.0,167.37,0.0,94.0,2.0,ML,,,,2.9,0.4,6
1179337,1997-09-27T01:07:50Z,-43.05,0.0,172.13,0.0,33.0,0.0,ML,,,,2.7,0.1,3
1179157,1997-09-27T01:56:50Z,-40.26,0.0,176.35,0.1,12.0,0.0,ML,,,,3.0,0.2,4
1179290,1997-09-27T02:06:32Z,-39.97,0.0,174.78,0.0,39.0,3.0,ML,,,,2.1,0.2,3
1181330,1997-09-27T02:41:52Z,-41.29,0.0,175.31,0.0,27.0,1.0,ML,,,,1.8,0.2,6
1179573,1997-09-27T03:57:48Z,-40.63,0.0,175.48,0.0,29.0,1.0,ML,,,,2.3,0.2,9
1183765,1997-09-27T05:02:37Z,-40.36,0.0,174.54,0.0,62.0,7.0,ML,,,,2.5,0.2,6
1179578,1997-09-27T06:18:00Z,-38.71,0.0,177.86,0.0,72.0,3.0,ML,,,,3.2,0.3,9
1190416,1997-09-27T06:19:34Z,-37.52,0.0,177.46,0.0,60.0,2.0,ML,,,,4.3,0.2,18
1184367,1997-09-27T07:05:02Z,-40.73,0.0,174.64,0.0,42.0,2.0,ML,,,,1.5,0.1,3
1178579,1997-09-27T07:10:06Z,-44.19,0.0,168.39,0.0,5.0,0.0,ML,,,,3.6,0.1,5
1183768,1997-09-27T09:46:20Z,-40.55,0.0,176.0,0.0,51.0,4.0,ML,,,,3.0,0.2,12
1179159,1997-09-27T10:01:51Z,-39.11,0.0,176.21,0.0,52.0,6.0,ML,,,,2.7,nan,1
1178581,1997-09-27T10:50:36Z,-44.8,0.0,167.35,0.0,12.0,0.0,ML,,,,2.9,0.1,5
1179585,1997-09-27T11:29:44Z,-37.52,0.0,179.32,0.0,12.0,0.0,ML,,,,3.6,0.3,3
1190422,1997-09-27T11:30:00Z,-40.78,0.0,174.5,0.0,23.0,3.0,ML,,,,2.0,0.1,4
1178830,1997-09-27T13:29:11Z,-45.02,0.0,167.19,0.0,98.0,3.0,ML,,,,2.5,0.2,3
1178831,1997-09-27T13:33:37Z,-38.33,0.0,176.29,0.1,199.0,7.0,ML,,,,3.4,0.3,7
1179766,1997-09-27T15:46:05Z,-39.34,0.0,175.72,0.0,15.0,0.0,ML,,,,2.1,0.1,3
1179589,1997-09-27T17:00:12Z,-37.4,0.0,178.96,0.0,12.0,0.0,ML,,,,2.8,0.4,3
1179728,1997-09-27T17:18:11Z,-39.13,0.0,175.43,0.0,101.0,2.0,ML,,,,3.3,0.1,2
1183615,1997-09-27T17:24:39Z,-40.99,0.0,175.41,0.0,25.0,3.0,ML,,,,1.6,0.2,7
1178846,1997-09-27T18:11:31Z,-42.65,0.0,173.43,0.0,5.0,0.0,ML,,,,2.8,0.2,3
1179767,1997-09-27T20:39:15Z,-39.32,0.0,175.75,0.0,15.0,0.0,ML,,,,1.7,0.2,3
1183182,1997-09-27T20:52:23Z,-37.05,0.0,176.72,0.0,12.0,0.0,ML,,,,4.3,0.3,10
1179600,1997-09-27T21:37:38Z,-40.9,0.0,175.46,0.0,23.0,2.0,ML,,,,1.5,0.2,4
1183635,1997-09-27T22:27:29Z,-41.46,0.0,173.73,0.0,93.0,0.0,ML,,,,2.3,0.1,3
1179444,1997-09-27T23:16:14Z,-39.12,0.0,173.88,0.0,12.0,0.0,ML,,,,2.1,0.6,4
1178851,1997-09-27T23:49:48Z,-39.29,0.0,173.81,0.0,11.0,1.0,ML,,,,1.6,0.0,2
1184372,1997-09-28T02:57:28Z,-40.62,0.0,174.11,0.0,60.0,4.0,ML,,,,2.6,0.4,4
1179446,1997-09-28T03:18:35Z,-40.98,0.0,175.95,0.0,31.0,2.0,ML,,,,3.2,0.2,14
1184373,1997-09-28T03:49:52Z,-40.99,0.0,173.91,0.0,66.0,4.0,ML,,,,2.4,0.0,3
1179768,1997-09-28T04:03:10Z,-39.51,0.0,175.65,0.0,12.0,0.0,ML,,,,2.2,0.2,3
1183770,1997-09-28T05:22:35Z,-41.29,0.0,174.83,0.0,28.0,1.0,ML,,,,2.2,0.1,5
1179769,1997-09-28T07:14:51Z,-39.73,0.0,175.25,0.1,12.0,0.0,ML,,,,2.4,0.2,3
1184374,1997-09-28T09:32:52Z,-40.91,0.0,174.89,0.0,44.0,1.0,ML,,,,1.8,nan,1
1179770,1997-09-28T10:46:48Z,-38.8,0.0,175.87,0.0,5.0,0.0,ML,,,,2.1,0.1,2
1179258,1997-09-28T11:37:35Z,-42.94,0.0,172.89,0.0,12.0,0.0,ML,,,,2.3,0.3,3
1178582,1997-09-28T11:52:00Z,-43.24,0.0,171.63,0.0,5.0,0.0,ML,,,,3.2,0.1,5
1183771,1997-09-28T12:30:49Z,-40.83,0.0,174.82,0.0,38.0,3.0,ML,,,,1.7,0.3,4
1179618,1997-09-28T13:04:34Z,-37.48,0.0,178.32,0.1,50.0,1.0,ML,,,,2.8,0.2,3
1179170,1997-09-28T13:21:21Z,-40.13,0.0,176.71,0.0,23.0,1.0,ML,,,,3.1,0.3,6
1178583,1997-09-28T13:59:39Z,-45.61,0.0,167.41,0.1,115.0,3.0,ML,,,,2.6,0.4,4
1179405,1997-09-28T14:29:05Z,-40.95,0.0,175.21,0.0,23.0,2.0,ML,,,,1.8,0.3,3
1179822,1997-09-28T14:43:45Z,-41.3,0.0,175.2,0.0,26.0,1.0,ML,,,,2.6,0.2,12
1179823,1997-09-28T15:32:10Z,-41.1,0.0,174.19,0.0,52.0,3.0,ML,,,,2.9,0.2,11
1179447,1997-09-28T16:05:03Z,-38.43,0.0,174.45,0.0,15.0,2.0,ML,,,,2.7,0.4,8
1179772,1997-09-28T17:38:06Z,-39.45,0.0,175.75,0.0,20.0,2.0,ML,,,,2.5,0.3,3
1178891,1997-09-28T18:47:40Z,-39.31,0.0,175.74,0.0,14.0,0.0,ML,,,,2.2,0.2,3
1179773,1997-09-28T18:51:00Z,-39.35,0.0,175.66,0.0,12.0,0.0,ML,,,,1.7,0.2,3
1178608,1997-09-28T19:46:13Z,-39.32,0.0,174.68,0.0,19.0,1.0,ML,,,,3.5,0.2,22
1179454,1997-09-28T20:04:45Z,-38.44,0.0,174.47,0.0,16.0,3.0,ML,,,,3.0,0.3,8
1179293,1997-09-28T20:07:19Z,-38.45,0.0,174.47,0.0,18.0,2.0,ML,,,,3.3,0.3,9
1179353,1997-09-28T20:31:26Z,-38.12,0.0,176.71,0.0,5.0,0.0,ML,,,,2.7,0.2,5
1178609,1997-09-28T22:26:19Z,-39.25,0.0,176.2,0.0,56.0,4.0,ML,,,,3.4,0.1,11
1181512,1997-09-28T22:50:19Z,-39.67,0.0,176.28,0.0,39.0,3.0,ML,,,,2.8,0.1,2
1181513,1997-09-28T22:53:23Z,-38.1,0.0,176.69,0.0,5.0,0.0,ML,,,,2.2,0.1,4
1178610,1997-09-28T23:29:09Z,-39.11,0.0,175.42,0.0,5.0,0.0,ML,,,,3.2,0.4,10
1190449,1997-09-28T23:29:14Z,-39.1,0.0,175.44,0.0,5.0,0.0,ML,,,,4.6,0.3,7
1190450,1997-09-28T23:30:43Z,-39.13,0.0,175.4,0.0,5.0,0.0,ML,,,,2.8,0.3,9
1181517,1997-09-28T23:32:51Z,-39.13,0.0,175.43,0.0,5.0,0.0,ML,,,,2.0,0.1,3
1179733,1997-09-28T23:34:56Z,-39.13,0.0,175.41,0.0,5.0,0.0,ML,,,,1.8,0.1,4
1179735,1997-09-28T23:37:45Z,-39.13,0.0,175.41,0.0,5.0,0.0,ML,,,,1.5,0.1,3
1179738,1997-09-29T00:07:05Z,-39.09,0.0,175.48,0.0,5.0,0.0,ML,,,,1.4,0.1,3
1185692,1997-09-29T00:16:22Z,-38.1,0.0,176.7,0.0,5.0,0.0,ML,,,,2.3,0.1,4
1179172,1997-09-29T00:45:13Z,-41.51,0.0,172.43,0.0,5.0,0.0,ML,,,,2.7,nan,1
1181526,1997-09-29T01:12:36Z,-38.09,0.0,176.69,0.0,5.0,0.0,ML,,,,2.1,0.2,4
1181527,1997-09-29T01:21:56Z,-41.49,0.0,173.99,0.0,37.0,4.0,ML,,,,2.6,0.2,10
1181534,1997-09-29T02:15:21Z,-39.13,0.0,175.43,0.0,5.0,0.0,ML,,,,1.9,0.2,3
1178585,1997-09-29T02:52:14Z,-45.67,0.0,168.16,0.0,30.0,1.0,ML,,,,4.0,0.3,7
1179174,1997-09-29T03:26:34Z,-38.39,0.0,176.07,0.0,154.0,8.0,ML,,,,3.8,0.2,14
1178611,1997-09-29T03:30:28Z,-39.95,0.0,174.7,0.0,71.0,3.0,ML,,,,2.8,0.2,6
1179740,1997-09-29T03:48:44Z,-39.09,0.0,175.43,0.0,5.0,0.0,ML,,,,1.6,0.0,2
1178612,1997-09-29T04:24:51Z,-38.42,0.0,175.75,0.0,170.0,3.0,ML,,,,4.2,0.1,17
1183646,1997-09-29T04:31:16Z,-41.14,0.0,173.72,0.0,60.0,5.0,ML,,,,2.3,0.1,2
1181567,1997-09-29T05:57:27Z,-39.15,0.1,175.45,0.0,12.0,0.0,ML,,,,1.4,0.1,3
1184387,1997-09-29T07:35:49Z,-40.32,0.0,174.54,0.1,5.0,0.0,ML,,,,1.7,0.2,3
1179272,1997-09-29T07:57:41Z,-42.98,0.0,173.32,0.0,33.0,0.0,ML,,,,2.6,0.3,3
1178613,1997-09-29T08:48:17Z,-39.82,0.0,174.71,0.0,21.0,3.0,ML,,,,2.8,0.3,9
1178933,1997-09-29T11:43:52Z,-40.83,0.0,174.75,0.0,17.0,1.0,ML,,,,1.9,0.2,5
1178934,1997-09-29T12:02:13Z,-43.59,0.0,170.23,0.0,5.0,0.0,ML,,,,2.2,0.2,2
1178588,1997-09-29T12:14:59Z,-45.66,0.0,168.16,0.0,31.0,1.0,ML,,,,2.7,0.2,6
1179644,1997-09-29T12:23:14Z,-41.01,0.0,175.44,0.0,33.0,0.0,ML,,,,2.5,0.8,3
1179000,1997-09-29T13:40:56Z,-43.01,0.0,171.48,0.0,12.0,0.0,ML,,,,2.4,0.3,3
1185483,1997-09-29T16:11:16Z,-39.24,0.0,175.77,0.0,5.0,0.0,ML,,,,1.8,0.2,3
1179273,1997-09-29T16:29:44Z,-39.1,0.0,175.06,0.0,214.0,3.0,ML,,,,3.5,0.2,8
1179359,1997-09-29T17:49:25Z,-40.45,0.0,174.4,0.0,79.0,4.0,ML,,,,2.3,0.0,2
1190456,1997-09-29T17:50:01Z,-43.18,0.0,171.5,0.0,12.0,0.0,ML,,,,2.6,0.1,2
1179456,1997-09-29T17:58:23Z,-38.44,0.0,174.38,0.0,8.0,1.0,ML,,,,3.0,0.3,4
1184389,1997-09-29T18:11:48Z,-41.68,0.0,174.38,0.0,5.0,0.0,ML,,,,2.3,0.0,2
1184390,1997-09-29T18:52:38Z,-41.7,0.0,174.39,0.0,10.0,2.0,ML,,,,2.0,0.2,8
1179484,1997-09-29T19:15:17Z,-42.29,0.0,174.6,0.0,12.0,0.0,ML,,,,2.9,0.3,5
1178591,1997-09-29T19:21:13Z,-37.91,0.0,179.51,0.1,12.0,0.0,ML,,,,3.4,0.2,3
1190457,1997-09-29T19:22:42Z,-44.79,0.0,168.0,0.0,106.0,7.0,ML,,,,2.9,0.1,4
1178614,1997-09-29T19:35:14Z,-40.13,0.0,174.94,0.0,12.0,0.0,ML,,,,2.9,0.3,8
1179177,1997-09-29T20:26:08Z,-39.29,0.0,175.69,0.0,12.0,0.0,ML,,,,2.8,0.3,5
1190459,1997-09-29T20:26:56Z,-39.64,0.0,177.14,0.0,26.0,1.0,ML,,,,3.5,0.3,5
1185759,1997-09-29T21:34:16Z,-40.24,0.0,174.81,0.0,5.0,0.0,ML,,,,3.2,1.0,2
1179055,1997-09-29T22:20:58Z,-39.31,0.0,175.51,0.0,8.0,2.0,ML,,,,2.0,0.0,3
1179097,1997-09-29T23:37:41Z,-40.79,0.0,175.34,0.0,30.0,2.0,ML,,,,1.9,0.2,7
1184290,1997-09-30T00:19:18Z,-40.88,0.0,175.78,0.0,28.0,2.0,ML,,,,2.2,0.1,6
1185541,1997-09-30T00:27:58Z,-41.1,0.0,174.69,0.0,32.0,1.0,ML,,,,2.2,0.2,5
1179277,1997-09-30T01:49:39Z,-42.21,0.0,172.69,0.0,19.0,2.0,ML,,,,2.7,0.1,3
1185484,1997-09-30T02:26:57Z,-39.51,0.0,175.69,0.0,20.0,3.0,ML,,,,2.3,0.2,2
1178592,1997-09-30T02:29:27Z,-44.93,0.0,167.65,0.0,83.0,3.0,ML,,,,3.4,0.3,9
1184293,1997-09-30T04:26:40Z,-40.35,0.0,174.47,0.0,32.0,1.0,ML,,,,2.4,0.2,4
1179282,1997-09-30T04:55:35Z,-41.83,0.1,172.27,0.1,104.0,10.0,ML,,,,2.7,nan,1
1178594,1997-09-30T06:27:58Z,-45.39,0.0,166.78,0.0,12.0,0.0,ML,,,,4.0,0.4,7
1185729,1997-09-30T10:32:39Z,-41.0,0.0,175.26,0.0,25.0,2.0,ML,,,,2.2,0.3,6
1185327,1997-09-30T11:38:46Z,-38.48,0.0,174.46,0.0,12.0,0.0,ML,,,,2.8,0.3,4
1179674,1997-09-30T11:41:05Z,-40.06,0.1,177.08,0.1,12.0,0.0,ML,,,,2.5,0.2,2
1179284,1997-09-30T14:27:17Z,-41.64,0.0,174.19,0.0,5.0,0.0,ML,,,,2.9,0.2,13
1185770,1997-09-30T14:44:33Z,-41.66,0.0,174.22,0.0,5.0,0.0,ML,,,,2.2,0.2,5
1179285,1997-09-30T15:10:12Z,-41.69,0.0,174.2,0.0,12.0,0.0,ML,,,,2.4,0.2,5
1179678,1997-09-30T15:36:32Z,-38.0,0.0,179.08,0.0,12.0,0.0,ML,,,,2.7,0.3,3
1185025,1997-09-30T15:55:14Z,-45.67,0.0,168.19,0.0,31.0,1.0,ML,,,,2.0,0.2,2
1179116,1997-09-30T16:04:56Z,-42.37,0.0,172.81,0.0,12.0,0.0,ML,,,,2.7,0.1,4
1181646,1997-09-30T18:36:03Z,-43.59,0.0,170.22,0.0,5.0,0.0,ML,,,,2.0,nan,1
1179286,1997-09-30T19:13:40Z,-41.64,0.0,174.2,0.0,5.0,0.0,ML,,,,2.7,0.2,11
1185772,1997-09-30T19:16:07Z,-41.66,0.0,174.22,0.0,5.0,0.0,ML,,,,2.2,0.2,6
1190464,1997-09-30T19:16:18Z,-37.94,0.0,178.56,0.0,5.0,0.0,ML,,,,2.4,0.2,3
1178595,1997-09-30T19:18:07Z,-43.55,0.0,168.16,0.0,12.0,0.0,ML,,,,4.6,0.2,11
1179287,1997-09-30T19:23:40Z,-41.64,0.0,174.2,0.0,5.0,0.0,ML,,,,2.7,0.2,12
1178615,1997-09-30T19:43:56Z,-40.08,0.0,174.95,0.0,12.0,0.0,ML,,,,2.9,0.3,10
1178596,1997-09-30T20:56:40Z,-43.72,0.0,168.34,0.0,12.0,0.0,ML,,,,3.1,0.3,5
1185775,1997-10-01T00:31:41Z,-41.66,0.0,174.56,0.0,23.0,3.0,ML,,,,2.1,0.3,3
1185486,1997-10-01T00:33:04Z,-39.28,0.0,175.79,0.0,12.0,0.0,ML,,,,2.5,0.2,3
1185732,1997-10-01T02:55:27Z,-41.11,0.0,175.7,0.0,14.0,1.0,ML,,,,2.8,0.2,8
1183534,1997-10-01T03:48:17Z,-41.65,0.0,174.18,0.0,5.0,0.0,ML,,,,4.5,0.2,6
1191723,1997-10-01T03:48:38Z,-41.66,0.0,174.21,0.0,5.0,0.0,ML,,,,4.2,0.1,4
1190485,1997-10-01T03:49:32Z,-41.67,0.0,174.24,0.0,5.0,0.0,ML,,,,3.2,0.2,11
1190488,1997-10-01T03:51:25Z,-41.66,0.0,174.23,0.0,5.0,0.0,ML,,,,2.1,0.1,3
1185777,1997-10-01T03:52:51Z,-41.73,0.0,173.98,0.0,5.0,0.0,ML,,,,2.5,0.3,4
1179720,1997-10-01T03:54:42Z,-41.64,0.0,174.19,0.0,5.0,0.0,ML,,,,4.3,0.1,6
1190489,1997-10-01T03:57:30Z,-41.65,0.0,174.25,0.0,5.0,0.0,ML,,,,2.4,0.2,8
1185734,1997-10-01T04:01:13Z,-41.65,0.0,174.22,0.0,5.0,0.0,ML,,,,2.5,0.2,9
1190496,1997-10-01T04:01:55Z,-41.66,0.0,174.2,0.0,5.0,0.0,ML,,,,3.6,0.4,17
1190491,1997-10-01T04:03:06Z,-41.66,0.0,174.25,0.0,5.0,0.0,ML,,,,2.3,0.2,7
1185735,1997-10-01T04:04:04Z,-41.65,0.0,174.23,0.0,5.0,0.0,ML,,,,2.7,0.2,9
1181739,1997-10-01T04:05:23Z,-41.65,0.0,174.22,0.0,5.0,0.0,ML,,,,2.9,0.1,6
1190497,1997-10-01T04:05:32Z,-41.67,0.0,174.22,0.0,5.0,0.0,ML,,,,3.8,0.3,20
1190498,1997-10-01T04:07:07Z,-41.65,0.0,174.23,0.0,5.0,0.0,ML,,,,2.3,nan,1
1185075,1997-10-01T04:09:06Z,-41.65,0.0,174.23,0.0,5.0,0.0,ML,,,,2.4,0.2,7
1181747,1997-10-01T04:18:20Z,-41.65,0.0,174.21,0.0,5.0,0.0,ML,,,,2.3,0.2,8
1185779,1997-10-01T04:20:23Z,-41.65,0.0,174.22,0.0,5.0,0.0,ML,,,,2.2,0.2,8
1185737,1997-10-01T04:30:59Z,-41.65,0.0,174.22,0.0,5.0,0.0,ML,,,,2.5,0.2,5
1185077,1997-10-01T04:32:35Z,-41.67,0.0,174.22,0.0,8.0,2.0,ML,,,,2.4,0.1,8
1181750,1997-10-01T04:49:25Z,-41.64,0.0,174.18,0.0,5.0,0.0,ML,,,,3.1,0.3,15
1185078,1997-10-01T04:52:13Z,-41.64,0.0,174.21,0.0,5.0,0.0,ML,,,,2.4,0.2,7
1184394,1997-10-01T05:02:28Z,-44.81,0.0,167.5,0.0,12.0,0.0,ML,,,,2.5,0.1,4
1185079,1997-10-01T05:05:35Z,-41.65,0.0,174.23,0.0,5.0,0.0,ML,,,,1.9,0.1,6
1184317,1997-10-01T05:07:26Z,-41.66,0.0,174.21,0.0,5.0,0.0,ML,,,,3.5,0.3,18
1183660,1997-10-01T05:13:08Z,-41.63,0.0,174.2,0.0,5.0,0.0,ML,,,,2.9,0.2,11
1181754,1997-10-01T05:21:10Z,-39.21,0.0,174.79,0.0,23.0,1.0,ML,,,,3.3,0.4,16
1185080,1997-10-01T05:39:43Z,-41.65,0.0,174.22,0.0,5.0,0.0,ML,,,,2.5,0.2,9
1185781,1997-10-01T06:16:09Z,-41.66,0.0,174.22,0.0,5.0,0.0,ML,,,,2.0,0.2,6
1185081,1997-10-01T06:27:46Z,-41.64,0.0,174.2,0.0,5.0,0.0,ML,,,,2.8,0.2,12
1183871,1997-10-01T07:57:34Z,-38.25,0.0,176.08,0.0,177.0,3.0,ML,,,,4.1,0.2,16
1185083,1997-10-01T09:24:41Z,-41.65,0.0,174.24,0.0,5.0,0.0,ML,,,,2.2,0.2,8
1179122,1997-10-01T09:35:13Z,-41.32,0.0,174.2,0.0,39.0,2.0,ML,,,,3.3,0.3,12
1190500,1997-10-01T09:35:55Z,-45.9,0.0,166.94,0.0,90.0,2.0,ML,,,,3.7,0.3,5
1183873,1997-10-01T09:42:37Z,-35.92,0.1,179.41,0.0,133.0,15.0,ML,,,,3.8,0.4,10
1185084,1997-10-01T09:54:04Z,-39.45,0.0,175.8,0.0,17.0,1.0,ML,,,,2.6,0.2,3
1184482,1997-10-01T10:03:34Z,-39.03,0.0,176.23,0.0,60.0,2.0,ML,,,,3.4,0.2,17
1179123,1997-10-01T11:02:18Z,-41.92,0.0,172.48,0.0,5.0,0.0,ML,,,,2.6,0.1,5
1184395,1997-10-01T11:49:37Z,-47.34,0.1,165.76,0.1,33.0,0.0,ML,,,,3.7,0.4,6
1185085,1997-10-01T13:29:47Z,-40.5,0.0,173.8,0.0,100.0,3.0,ML,,,,2.7,0.3,8
1184483,1997-10-01T13:38:27Z,-39.52,0.0,175.64,0.0,12.0,3.0,ML,,,,3.1,0.3,17
1184484,1997-10-01T14:30:48Z,-40.05,0.0,174.95,0.0,21.0,3.0,ML,,,,2.5,0.3,14
1185027,1997-10-01T15:20:38Z,-41.65,0.0,174.22,0.0,5.0,0.0,ML,,,,2.7,nan,1
1185052,1997-10-01T17:00:25Z,-41.65,0.0,174.23,0.0,5.0,0.0,ML,,,,2.4,0.2,10
1185738,1997-10-01T17:08:07Z,-41.07,0.0,174.98,0.0,26.0,3.0,ML,,,,1.8,0.0,3
1185087,1997-10-01T17:36:59Z,-41.67,0.0,174.23,0.0,5.0,0.0,ML,,,,2.3,0.2,5
1184558,1997-10-01T18:22:21Z,-40.63,0.0,174.71,0.0,12.0,0.0,ML,,,,2.3,0.0,3
1185739,1997-10-01T18:26:53Z,-41.62,0.0,174.62,0.0,32.0,1.0,ML,,,,2.4,0.2,5
1185088,1997-10-01T18:42:29Z,-41.69,0.0,174.22,0.0,12.0,0.0,ML,,,,2.6,0.3,7
1185783,1997-10-01T18:43:59Z,-41.3,0.0,175.34,0.0,25.0,1.0,ML,,,,1.9,0.1,5
1185089,1997-10-01T19:07:47Z,-41.66,0.0,174.22,0.0,5.0,0.0,ML,,,,2.5,0.2,6
1181766,1997-10-01T19:42:47Z,-41.02,0.0,174.51,0.0,49.0,2.0,ML,,,,2.4,0.2,4
1183665,1997-10-01T20:10:53Z,-40.81,0.0,175.09,0.0,31.0,1.0,ML,,,,2.9,0.3,11
1181772,1997-10-01T20:37:26Z,-39.28,0.0,175.56,0.0,0.0,0.0,ML,,,,1.8,0.1,3
1190503,1997-10-01T20:37:37Z,-40.93,0.0,175.09,0.0,33.0,3.0,ML,,,,1.7,0.2,2
1181779,1997-10-01T21:16:13Z,-39.26,0.0,174.06,0.0,12.0,0.0,ML,,,,1.7,0.2,3
1181790,1997-10-01T21:59:28Z,-41.64,0.0,174.22,0.0,5.0,0.0,ML,,,,1.9,0.2,7
1181808,1997-10-01T23:15:40Z,-40.12,0.0,174.64,0.0,63.0,4.0,ML,,,,2.9,0.1,5
1185183,1997-10-02T00:00:04Z,-40.58,0.0,176.13,0.0,21.0,2.0,ML,,,,2.7,0.2,7
1185380,1997-10-02T01:37:08Z,-38.15,0.1,176.36,0.1,194.0,12.0,ML,,,,3.3,0.3,8
1181827,1997-10-02T01:40:49Z,-42.08,0.0,172.95,0.0,68.0,4.0,ML,,,,3.3,0.3,9
1184486,1997-10-02T01:56:31Z,-39.52,0.0,175.6,0.0,12.0,0.0,ML,,,,2.9,0.2,8
1181840,1997-10-02T02:08:40Z,-41.64,0.0,174.24,0.0,5.0,0.0,ML,,,,2.1,0.1,6
1179302,1997-10-02T02:24:57Z,-39.33,0.0,176.17,0.0,76.0,2.0,ML,,,,4.0,0.3,18
1184397,1997-10-02T02:47:52Z,-44.41,0.0,168.22,0.0,12.0,0.0,ML,,,,2.7,0.6,4
1184319,1997-10-02T03:03:46Z,-41.64,0.0,174.2,0.0,5.0,0.0,ML,,,,3.0,0.2,12
1184320,1997-10-02T03:18:47Z,-41.64,0.0,174.21,0.0,5.0,0.0,ML,,,,3.3,0.3,18
1181859,1997-10-02T04:02:54Z,-39.26,0.0,175.56,0.1,0.0,0.0,ML,,,,1.6,0.2,4
1185488,1997-10-02T04:15:03Z,-39.28,0.0,175.56,0.0,0.0,0.0,ML,,,,2.0,0.1,4
1185489,1997-10-02T04:16:01Z,-39.27,0.2,175.54,0.3,0.0,0.0,ML,,,,2.6,0.2,3
1181866,1997-10-02T04:57:50Z,-41.39,0.0,174.61,0.0,49.0,3.0,ML,,,,2.2,0.1,4
1185786,1997-10-02T05:45:12Z,-40.33,0.0,174.51,0.0,89.0,5.0,ML,,,,2.5,0.2,4
1183296,1997-10-02T06:32:14Z,-39.28,0.0,175.56,0.0,0.0,0.0,ML,,,,2.1,0.1,3
1185186,1997-10-02T07:00:25Z,-39.28,0.0,175.56,0.0,0.0,0.0,ML,,,,1.7,0.1,4
1185490,1997-10-02T07:27:59Z,-39.28,0.0,175.56,0.0,0.0,0.0,ML,,,,1.6,0.1,4
1185470,1997-10-02T07:35:09Z,-39.12,0.0,175.42,0.0,5.0,0.0,ML,,,,1.6,0.1,3
1185492,1997-10-02T07:47:08Z,-39.28,0.0,175.56,0.0,0.0,0.0,ML,,,,1.6,0.1,4
1184487,1997-10-02T08:06:08Z,-40.19,0.0,175.05,0.0,51.0,4.0,ML,,,,2.5,0.2,5
1184399,1997-10-02T08:08:27Z,-44.61,0.0,169.41,0.0,5.0,0.0,ML,,,,2.5,0.2,5
1179305,1997-10-02T08:49:50Z,-36.53,0.3,177.33,0.1,5.0,0.0,ML,,,,3.7,0.6,5
1184400,1997-10-02T08:54:48Z,-44.85,0.0,167.62,0.0,66.0,7.0,ML,,,,2.4,0.2,5
1184401,1997-10-02T09:12:13Z,-45.13,0.0,166.9,0.0,12.0,0.0,ML,,,,2.4,0.1,4
1190658,1997-10-02T09:12:33Z,-45.13,0.0,166.88,0.0,12.0,0.0,ML,,,,2.7,0.2,4
1183540,1997-10-02T09:20:35Z,-42.96,0.0,171.48,0.0,12.0,0.0,ML,,,,2.2,0.3,3
1184488,1997-10-02T09:30:11Z,-39.36,0.0,175.77,0.0,13.0,2.0,ML,,,,2.9,0.3,8
1179129,1997-10-02T09:34:16Z,-38.88,0.0,175.13,0.1,218.0,6.0,ML,,,,4.0,0.3,19
1185493,1997-10-02T11:15:13Z,-39.28,0.0,175.56,0.0,0.0,0.0,ML,,,,1.9,0.1,4
1183889,1997-10-02T11:49:46Z,-37.43,0.1,178.57,0.2,74.0,6.0,ML,,,,3.4,0.2,4
1185741,1997-10-02T12:51:10Z,-40.29,0.1,173.62,0.0,169.0,7.0,ML,,,,2.7,0.3,5
1185792,1997-10-02T13:33:21Z,-40.37,0.1,174.44,0.0,27.0,5.0,ML,,,,2.1,0.4,4
1184489,1997-10-02T13:44:59Z,-40.4,0.0,176.21,0.0,59.0,2.0,ML,,,,2.7,0.2,4
1179131,1997-10-02T17:38:32Z,-43.59,0.0,170.21,0.0,6.0,1.0,ML,,,,4.1,0.2,9
1185495,1997-10-02T17:43:19Z,-39.54,0.0,175.63,0.0,12.0,0.0,ML,,,,2.1,0.2,3
1185194,1997-10-02T18:13:06Z,-39.47,0.0,175.77,0.1,21.0,3.0,ML,,,,2.3,0.2,3
1185195,1997-10-02T18:13:54Z,-39.28,0.1,173.71,0.1,12.0,0.0,ML,,,,2.1,0.1,3
1184405,1997-10-02T18:55:54Z,-45.65,0.0,168.07,0.0,38.0,3.0,ML,,,,2.5,0.4,5
1184406,1997-10-02T20:14:48Z,-45.06,0.0,170.49,0.0,12.0,0.0,ML,,,,2.3,0.2,3
1182301,1997-10-02T21:41:10Z,-41.15,0.0,175.64,0.0,20.0,6.0,ML,,,,2.1,0.3,5
1182307,1997-10-02T22:00:18Z,-38.27,0.0,177.15,0.0,65.0,5.0,ML,,,,3.3,0.1,3
1184414,1997-10-02T22:44:44Z,-39.97,0.0,174.4,0.0,108.0,4.0,ML,,,,3.7,0.3,10
1184433,1997-10-03T01:39:22Z,-41.23,0.0,175.44,0.0,34.0,1.0,ML,,,,2.3,0.1,2
1184321,1997-10-03T01:41:43Z,-39.95,0.0,174.0,0.0,137.0,4.0,ML,,,,4.0,0.3,13
1185053,1997-10-03T05:12:00Z,-39.38,0.0,176.78,0.1,64.0,8.0,ML,,,,2.9,0.4,2
1185496,1997-10-03T06:39:45Z,-39.0,0.0,176.04,0.1,12.0,0.0,ML,,,,2.2,0.0,2
1185110,1997-10-03T07:03:09Z,-41.65,0.0,174.21,0.0,5.0,0.0,ML,,,,2.5,0.3,5
1185112,1997-10-03T09:23:25Z,-41.63,0.0,174.22,0.0,5.0,0.0,ML,,,,2.2,0.1,4
1184454,1997-10-03T11:27:41Z,-45.19,0.0,167.38,0.0,75.0,2.0,ML,,,,2.6,0.4,5
1185114,1997-10-03T12:07:27Z,-41.64,0.0,174.21,0.0,5.0,0.0,ML,,,,2.5,0.2,8
1184490,1997-10-03T12:47:40Z,-40.08,0.0,175.2,0.0,57.0,2.0,ML,,,,3.1,0.2,8
1184322,1997-10-03T13:25:53Z,-41.65,0.0,174.21,0.0,5.0,0.0,ML,,,,3.0,0.2,14
1185656,1997-10-03T13:58:28Z,-41.65,0.0,174.21,0.0,5.0,0.0,ML,,,,2.6,0.3,7
1185591,1997-10-03T15:18:21Z,-41.11,0.0,175.72,0.0,20.0,1.0,ML,,,,3.4,0.4,11
1185743,1997-10-03T15:35:20Z,-41.11,0.0,175.7,0.0,17.0,3.0,ML,,,,2.5,0.2,6
1185474,1997-10-03T18:10:01Z,-39.37,0.1,176.95,0.2,28.0,9.0,ML,,,,3.6,0.2,5
1185744,1997-10-03T18:29:09Z,-40.89,0.0,175.29,0.0,27.0,2.0,ML,,,,2.4,0.2,6
1185745,1997-10-03T19:13:04Z,-40.63,0.0,173.99,0.0,112.0,5.0,ML,,,,2.6,0.1,7
1185746,1997-10-03T20:42:58Z,-41.66,0.0,174.19,0.0,5.0,0.0,ML,,,,2.5,0.3,8
1184326,1997-10-03T23:53:19Z,-42.61,0.0,173.45,0.0,18.0,3.0,ML,,,,3.0,0.2,2
1185747,1997-10-04T03:08:26Z,-41.12,0.0,174.0,0.0,61.0,4.0,ML,,,,3.0,0.1,4
1185476,1997-10-04T03:58:16Z,-39.21,0.0,175.44,0.0,10.0,2.0,ML,,,,2.6,0.3,5
1184467,1997-10-04T05:18:05Z,-45.09,0.0,167.44,0.0,84.0,3.0,ML,,,,3.0,0.3,6
1182418,1997-10-04T05:27:05Z,-40.29,0.1,176.76,0.1,33.0,0.0,ML,,,,2.9,0.1,3
1184491,1997-10-04T06:00:20Z,-39.53,0.0,175.62,0.0,24.0,3.0,ML,,,,3.0,0.3,5
1183910,1997-10-04T06:26:34Z,-38.09,0.0,179.1,0.0,12.0,0.0,ML,,,,3.2,0.1,3
1185497,1997-10-04T06:37:56Z,-38.81,0.0,175.99,0.0,12.0,0.0,ML,,,,2.3,nan,1
1183318,1997-10-04T08:18:09Z,-37.86,0.0,179.24,0.0,12.0,0.0,ML,,,,3.0,0.3,3
1185134,1997-10-04T10:33:19Z,-41.12,0.0,174.53,0.0,61.0,1.0,ML,,,,3.4,0.2,13
1185477,1997-10-04T10:39:51Z,-39.52,0.0,175.21,0.0,12.0,0.0,ML,,,,2.9,0.2,4
1184496,1997-10-04T11:02:57Z,-40.42,0.0,175.76,0.0,34.0,2.0,ML,,,,3.1,0.1,7
1185818,1997-10-04T11:09:18Z,-41.23,0.0,174.59,0.0,35.0,1.0,ML,,,,2.1,0.2,7
1185749,1997-10-04T12:48:45Z,-40.72,0.0,174.36,0.0,59.0,4.0,ML,,,,2.7,0.1,4
1184469,1997-10-04T13:09:37Z,-45.13,0.0,167.39,0.0,114.0,4.0,ML,,,,3.0,0.1,6
1185722,1997-10-04T15:04:45Z,-40.55,0.0,175.33,0.0,33.0,2.0,ML,,,,2.3,0.1,4
1185819,1997-10-04T16:17:24Z,-40.91,0.0,174.61,0.0,39.0,1.0,ML,,,,1.5,0.1,3
1185135,1997-10-04T17:28:12Z,-41.64,0.0,174.21,0.0,5.0,0.0,ML,,,,2.8,0.3,13
1183548,1997-10-04T19:15:07Z,-41.64,0.0,174.2,0.0,5.0,0.0,ML,,,,3.6,0.3,15
1183915,1997-10-04T20:02:12Z,-38.21,0.0,-179.48,0.1,12.0,0.0,ML,,,,4.4,0.6,11
1182451,1997-10-04T22:43:58Z,-39.33,0.0,175.74,0.0,16.0,1.0,ML,,,,2.3,0.2,3
1182453,1997-10-04T22:59:44Z,-41.63,0.0,174.21,0.0,5.0,0.0,ML,,,,2.7,0.3,9
1185499,1997-10-04T23:24:07Z,-39.26,0.0,175.18,0.0,12.0,0.0,ML,,,,2.2,0.2,3
1182463,1997-10-05T00:14:19Z,-43.59,0.0,170.22,0.0,5.0,0.0,ML,,,,3.2,0.1,7
1182480,1997-10-05T01:36:54Z,-41.17,0.0,175.33,0.0,25.0,0.0,ML,,,,1.8,0.2,2
1183920,1997-10-05T03:21:00Z,-39.04,0.0,175.79,0.0,5.0,0.0,ML,,,,2.4,0.1,4
1182501,1997-10-05T03:29:00Z,-40.21,0.0,174.25,0.0,110.0,3.0,ML,,,,2.7,0.1,4
1184498,1997-10-05T03:33:02Z,-40.32,0.0,175.82,0.0,38.0,5.0,ML,,,,3.7,0.1,10
1185136,1997-10-05T03:42:40Z,-41.65,0.0,174.21,0.0,5.0,0.0,ML,,,,2.4,0.3,7
1182502,1997-10-05T03:44:26Z,-39.28,0.0,174.98,0.0,12.0,0.0,ML,,,,2.6,0.2,3
1183550,1997-10-05T05:04:50Z,-41.65,0.0,174.19,0.0,5.0,0.0,ML,,,,4.7,0.3,9
1190662,1997-10-05T05:05:48Z,-41.63,0.0,174.23,0.1,5.0,0.0,ML,,,,3.0,0.2,4
1190665,1997-10-05T05:06:28Z,-41.64,0.0,174.24,0.0,5.0,0.0,ML,,,,2.6,0.1,7
1190666,1997-10-05T05:07:11Z,-41.66,0.0,174.21,0.0,5.0,0.0,ML,,,,2.9,0.3,11
1190667,1997-10-05T05:07:36Z,-41.64,0.0,174.2,0.0,5.0,0.0,ML,,,,3.0,0.2,11
1185138,1997-10-05T05:09:12Z,-41.64,0.0,174.22,0.0,5.0,0.0,ML,,,,3.1,0.2,12
1190663,1997-10-05T05:10:28Z,-41.63,0.0,174.2,0.0,5.0,0.0,ML,,,,3.8,0.4,5
1185139,1997-10-05T05:20:13Z,-41.65,0.0,174.23,0.0,5.0,0.0,ML,,,,2.5,0.2,8
1182510,1997-10-05T05:22:47Z,-41.63,0.0,174.2,0.0,5.0,0.0,ML,,,,2.9,0.2,9
1182512,1997-10-05T05:35:25Z,-41.74,0.0,174.21,0.0,12.0,0.0,ML,,,,2.3,0.1,2
1185141,1997-10-05T05:43:51Z,-39.13,0.0,175.41,0.0,8.0,1.0,ML,,,,2.9,0.3,7
1182516,1997-10-05T05:51:47Z,-41.68,0.0,174.2,0.0,12.0,0.0,ML,,,,2.4,0.3,3
1182517,1997-10-05T06:05:17Z,-41.29,0.0,172.93,0.0,170.0,4.0,ML,,,,3.3,0.2,5
1190668,1997-10-05T06:06:23Z,-44.98,0.0,167.45,0.0,86.0,5.0,ML,,,,2.9,0.3,5
1182518,1997-10-05T06:12:12Z,-41.65,0.0,174.23,0.0,5.0,0.0,ML,,,,2.8,0.1,4
1184604,1997-10-05T06:13:59Z,-41.67,0.0,174.23,0.0,5.0,0.0,ML,,,,2.6,0.2,8
1182519,1997-10-05T06:15:55Z,-41.65,0.0,174.2,0.0,5.0,0.0,ML,,,,2.9,0.2,8
1184327,1997-10-05T06:27:13Z,-41.64,0.0,174.21,0.0,5.0,0.0,ML,,,,3.0,0.2,12
1184608,1997-10-05T06:37:15Z,-41.64,0.0,174.22,0.0,5.0,0.0,ML,,,,2.9,0.2,6
1184499,1997-10-05T06:43:52Z,-39.98,0.0,174.97,0.1,34.0,5.0,ML,,,,3.1,0.2,7
1182520,1997-10-05T06:47:35Z,-41.64,0.0,174.23,0.0,5.0,0.0,ML,,,,2.5,0.1,5
1183552,1997-10-05T06:53:18Z,-41.66,0.0,174.22,0.0,5.0,0.0,ML,,,,4.4,0.1,7
1185479,1997-10-05T07:04:46Z,-39.13,0.0,175.42,0.0,5.0,0.0,ML,,,,2.3,0.2,4
1184328,1997-10-05T07:19:20Z,-41.63,0.0,174.23,0.0,5.0,0.0,ML,,,,2.9,0.2,11
1185142,1997-10-05T07:38:03Z,-41.66,0.0,174.25,0.0,5.0,0.0,ML,,,,2.1,0.7,6
1185444,1997-10-05T09:03:53Z,-41.41,0.0,174.61,0.0,21.0,1.0,ML,,,,2.6,0.2,8
1185143,1997-10-05T10:28:58Z,-41.64,0.0,174.22,0.0,5.0,0.0,ML,,,,2.6,0.1,8
1185753,1997-10-05T10:43:16Z,-40.83,0.0,175.25,0.0,26.0,2.0,ML,,,,2.6,0.2,9
1184618,1997-10-05T11:22:17Z,-41.21,0.0,174.51,0.0,35.0,1.0,ML,,,,3.0,0.2,11
1183555,1997-10-05T11:31:40Z,-41.64,0.0,174.2,0.0,5.0,0.0,ML,,,,4.0,0.3,5
1190670,1997-10-05T11:32:36Z,-41.68,0.0,174.18,0.0,5.0,0.0,ML,,,,2.9,0.1,2
1184620,1997-10-05T11:34:29Z,-41.66,0.0,174.24,0.0,5.0,0.0,ML,,,,2.8,0.2,10
1184621,1997-10-05T11:37:25Z,-41.64,0.0,174.22,0.0,5.0,0.0,ML,,,,3.0,0.2,11
1185144,1997-10-05T11:52:40Z,-41.67,0.0,174.22,0.0,5.0,0.0,ML,,,,2.1,0.1,5
1183556,1997-10-05T12:32:13Z,-41.66,0.0,174.21,0.0,5.0,0.0,ML,,,,3.2,0.2,14
1190673,1997-10-05T12:32:53Z,-38.21,0.0,178.51,0.1,5.0,0.0,ML,,,,2.4,0.2,3
1190672,1997-10-05T12:33:24Z,-41.65,0.0,174.23,0.0,5.0,0.0,ML,,,,2.9,0.2,13
1184626,1997-10-05T12:43:28Z,-41.66,0.0,174.24,0.0,5.0,0.0,ML,,,,2.6,0.1,3
1185146,1997-10-05T13:00:54Z,-38.95,0.0,175.66,0.1,150.0,2.0,ML,,,,3.5,0.1,6
1185147,1997-10-05T13:08:46Z,-41.67,0.0,174.21,0.0,5.0,0.0,ML,,,,2.4,0.2,5
1190674,1997-10-05T13:08:55Z,-41.66,0.0,174.19,0.0,5.0,0.0,ML,,,,2.4,0.2,3
1185148,1997-10-05T13:28:30Z,-41.63,0.0,174.23,0.0,5.0,0.0,ML,,,,2.3,0.2,7
1183558,1997-10-05T14:21:37Z,-42.94,0.0,171.44,0.0,12.0,0.0,ML,,,,2.2,0.1,3
1185754,1997-10-05T14:40:44Z,-41.71,0.0,174.21,0.0,12.0,3.0,ML,,,,2.6,0.3,8
1185820,1997-10-05T14:58:49Z,-40.87,0.0,175.02,0.0,55.0,1.0,ML,,,,2.1,0.1,4
1185149,1997-10-05T15:36:55Z,-41.64,0.0,174.24,0.0,5.0,0.0,ML,,,,2.4,0.3,10
1185036,1997-10-05T16:20:17Z,-41.65,0.0,174.22,0.0,5.0,0.0,ML,,,,3.0,0.2,14
1184501,1997-10-05T16:32:01Z,-40.31,0.0,175.75,0.0,37.0,3.0,ML,,,,2.7,0.2,7
1182524,1997-10-05T17:56:21Z,-43.59,0.0,170.23,0.0,5.0,0.0,ML,,,,2.9,0.2,6
1185755,1997-10-05T19:51:31Z,-41.02,0.0,174.64,0.0,33.0,1.0,ML,,,,2.2,0.1,7
1186611,1997-10-05T21:33:45Z,-39.11,0.0,176.54,0.0,12.0,0.0,ML,,,,2.7,0.0,3
1185037,1997-10-05T22:19:34Z,-43.2,0.0,171.57,0.0,12.0,0.0,ML,,,,2.6,0.1,4
1182548,1997-10-05T22:23:24Z,-43.58,0.0,170.24,0.0,5.0,0.0,ML,,,,2.5,0.2,2
1185067,1997-10-05T23:02:22Z,-38.54,0.1,176.45,0.1,223.0,7.0,ML,,,,3.4,0.2,5
1190714,1997-10-05T23:03:10Z,-41.23,0.0,174.22,0.0,35.0,2.0,ML,,,,2.3,0.1,5
1183926,1997-10-05T23:34:25Z,-38.01,0.0,178.88,0.0,12.0,0.0,ML,,,,2.8,0.1,3
1183346,1997-10-06T02:56:02Z,-44.72,0.0,168.03,0.0,94.0,4.0,ML,,,,3.1,0.4,5
1182606,1997-10-06T04:30:08Z,-41.64,0.0,174.22,0.0,5.0,0.0,ML,,,,2.6,0.2,10
1185041,1997-10-06T05:41:32Z,-42.48,0.0,172.73,0.0,5.0,0.0,ML,,,,2.5,0.2,4
1182615,1997-10-06T06:09:30Z,-37.63,0.0,175.7,0.0,5.0,0.0,ML,,,,2.9,0.4,2
1185068,1997-10-06T06:19:26Z,-39.24,0.0,177.13,0.0,28.0,2.0,ML,,,,3.5,0.4,19
1185069,1997-10-06T08:05:27Z,-39.73,0.2,176.12,0.2,60.0,9.0,ML,,,,2.5,nan,1
1183348,1997-10-06T09:01:14Z,-44.53,0.0,168.32,0.0,5.0,0.0,ML,,,,2.9,0.4,9
1184503,1997-10-06T09:41:11Z,-41.63,0.0,174.21,0.0,5.0,0.0,ML,,,,3.4,0.2,13
1190949,1997-10-06T09:41:46Z,-41.67,0.0,174.21,0.0,5.0,0.0,ML,,,,2.7,0.3,4
1186946,1997-10-06T12:07:09Z,-41.3,0.0,175.16,0.0,20.0,2.0,ML,,,,1.6,0.1,4
1185726,1997-10-06T13:09:31Z,-39.27,0.0,173.8,0.0,17.0,3.0,ML,,,,2.0,0.2,3
1186612,1997-10-06T14:31:23Z,-39.28,0.0,175.56,0.0,0.0,0.0,ML,,,,1.9,0.1,3
1184481,1997-10-06T15:09:56Z,-46.12,0.1,166.02,0.1,12.0,0.0,ML,,,,2.7,0.2,4
1186099,1997-10-06T16:46:44Z,-41.1,0.0,175.48,0.0,28.0,1.0,ML,,,,3.3,0.2,10
1185875,1997-10-06T17:38:02Z,-41.1,0.0,175.47,0.0,28.0,3.0,ML,,,,1.8,0.1,6
1185876,1997-10-06T17:47:32Z,-41.0,0.0,175.59,0.0,27.0,1.0,ML,,,,1.8,0.1,5
1185879,1997-10-06T18:51:48Z,-40.9,0.0,174.2,0.0,50.0,4.0,ML,,,,2.5,0.2,9
1186103,1997-10-06T19:16:19Z,-40.0,0.0,174.65,0.0,104.0,4.0,ML,,,,3.0,0.1,4
1186614,1997-10-06T21:16:07Z,-39.5,0.0,175.67,0.0,14.0,3.0,ML,,,,2.4,0.2,3
1182637,1997-10-06T22:01:39Z,-39.45,0.1,175.74,0.1,30.0,6.0,ML,,,,2.8,0.4,3
1185043,1997-10-07T00:43:42Z,-43.01,0.0,171.39,0.0,12.0,0.0,ML,,,,2.3,0.3,4
1184659,1997-10-07T03:11:46Z,-45.28,0.0,166.99,0.0,12.0,0.0,ML,,,,3.5,0.3,8
1186741,1997-10-07T05:13:17Z,-40.87,0.0,175.67,0.0,27.0,1.0,ML,,,,1.9,0.1,6
1184666,1997-10-07T06:16:11Z,-45.02,0.0,167.53,0.0,85.0,3.0,ML,,,,4.0,0.3,6
1185044,1997-10-07T07:34:16Z,-41.11,0.0,175.46,0.0,24.0,1.0,ML,,,,1.5,0.1,6
1186561,1997-10-07T07:41:42Z,-41.24,0.0,173.33,0.0,118.0,1.0,ML,,,,2.6,0.2,6
1186992,1997-10-07T09:03:26Z,-40.89,0.0,175.17,0.0,21.0,4.0,ML,,,,1.9,0.1,5
1186247,1997-10-07T10:42:11Z,-38.21,0.1,176.22,0.1,217.0,5.0,ML,,,,3.2,0.2,8
1186926,1997-10-07T11:08:23Z,-38.4,0.0,176.32,0.0,5.0,0.0,ML,,,,2.4,0.4,2
1186138,1997-10-07T11:38:38Z,-45.53,0.0,167.07,0.0,69.0,2.0,ML,,,,2.9,0.2,4
1186616,1997-10-07T12:57:30Z,-39.5,0.0,175.61,0.0,12.0,0.0,ML,,,,2.5,0.3,3
1186953,1997-10-07T14:15:56Z,-41.68,0.0,174.24,0.0,5.0,0.0,ML,,,,2.1,0.2,9
1193084,1997-10-07T14:16:27Z,-41.67,0.0,174.23,0.0,5.0,0.0,ML,,,,1.8,0.2,4
1185160,1997-10-07T14:29:09Z,-41.65,0.0,174.23,0.0,5.0,0.0,ML,,,,2.6,0.2,10
1185274,1997-10-07T14:39:32Z,-39.51,0.0,175.6,0.0,12.0,0.0,ML,,,,2.1,0.5,2
1183943,1997-10-07T14:42:21Z,-37.98,0.0,176.72,0.0,144.0,3.0,ML,,,,3.7,0.3,16
1186954,1997-10-07T15:01:00Z,-41.66,0.0,174.24,0.0,5.0,0.0,ML,,,,2.4,0.1,5
1186618,1997-10-07T15:36:53Z,-39.29,0.0,175.79,0.0,12.0,0.0,ML,,,,1.8,0.1,3
1186955,1997-10-07T15:52:11Z,-40.19,0.0,173.69,0.0,169.0,2.0,ML,,,,2.7,0.4,3
1184669,1997-10-07T15:56:09Z,-45.14,0.0,167.04,0.0,5.0,0.0,ML,,,,3.2,0.2,7
1186956,1997-10-07T16:35:48Z,-41.66,0.0,174.24,0.0,5.0,0.0,ML,,,,1.8,0.2,2
1186957,1997-10-07T18:05:06Z,-39.99,0.0,174.24,0.0,155.0,3.0,ML,,,,2.6,0.2,7
1182732,1997-10-07T18:23:05Z,-38.12,0.0,176.24,0.0,5.0,0.0,ML,,,,2.6,0.3,5
1193089,1997-10-07T18:24:27Z,-43.59,0.0,170.23,0.0,5.0,0.0,ML,,,,2.3,0.1,2
1185047,1997-10-07T18:50:32Z,-43.02,0.0,171.42,0.0,12.0,0.0,ML,,,,2.6,0.1,4
1185048,1997-10-07T19:47:18Z,-41.09,0.1,172.48,0.0,5.0,0.0,ML,,,,3.3,0.3,10
1182740,1997-10-07T20:01:02Z,-40.94,0.0,174.47,0.0,53.0,1.0,ML,,,,2.5,0.2,6
1183947,1997-10-07T20:17:10Z,-39.21,0.0,176.25,0.0,64.0,4.0,ML,,,,2.9,0.2,9
1186958,1997-10-07T21:14:28Z,-35.57,0.0,176.96,0.1,166.0,8.0,ML,,,,4.1,0.2,8
1186959,1997-10-07T21:27:37Z,-41.67,0.0,174.25,0.0,5.0,0.0,ML,,,,2.6,0.3,6
1182777,1997-10-07T23:42:38Z,-38.77,0.1,177.07,0.1,33.0,0.0,ML,,,,3.3,0.1,3
1186625,1997-10-07T23:47:32Z,-39.28,0.0,175.56,0.0,0.0,0.0,ML,,,,1.7,0.2,4
1182797,1997-10-08T01:53:07Z,-37.15,0.0,174.96,0.0,12.0,0.0,ML,,,,2.2,0.1,2
1186996,1997-10-08T03:53:12Z,-40.2,0.0,175.67,0.0,29.0,3.0,ML,,,,2.4,0.1,4
1186997,1997-10-08T04:40:17Z,-40.69,0.0,173.61,0.0,142.0,2.0,ML,,,,2.9,0.3,4
1186197,1997-10-08T05:20:11Z,-40.15,0.0,174.98,0.0,12.0,0.0,ML,,,,2.4,0.2,4
1186626,1997-10-08T05:36:16Z,-39.28,0.0,175.56,0.0,0.0,0.0,ML,,,,2.0,0.1,3
1186627,1997-10-08T05:48:53Z,-39.5,0.0,175.65,0.0,12.0,0.0,ML,,,,1.9,0.2,3
1183952,1997-10-08T06:12:31Z,-38.57,0.1,175.99,0.1,190.0,13.0,ML,,,,3.9,0.2,17
1186250,1997-10-08T06:34:34Z,-39.59,0.1,176.71,0.0,47.0,6.0,ML,,,,2.6,0.3,2
1186628,1997-10-08T07:21:21Z,-39.28,0.0,175.56,0.0,0.0,0.0,ML,,,,1.7,0.1,3
1186629,1997-10-08T07:50:50Z,-39.28,0.0,175.56,0.0,0.0,0.0,ML,,,,1.9,0.2,3
1186630,1997-10-08T08:31:41Z,-39.28,0.0,175.56,0.0,0.0,0.0,ML,,,,1.8,0.2,3
1186631,1997-10-08T08:38:52Z,-39.28,0.0,175.56,0.0,0.0,0.0,ML,,,,1.9,0.1,3
1186632,1997-10-08T10:12:56Z,-39.28,0.0,175.56,0.0,0.0,0.0,ML,,,,1.8,0.1,4
1186252,1997-10-08T10:38:42Z,-39.85,0.0,176.91,0.0,29.0,2.0,ML,,,,3.0,0.4,5
1195246,1997-10-08T10:39:42Z,-38.24,0.0,178.47,0.0,62.0,0.0,ML,,,,3.1,0.2,3
1186633,1997-10-08T11:11:01Z,-39.28,0.0,175.56,0.0,0.0,0.0,ML,,,,1.8,0.1,4
1185166,1997-10-08T11:15:56Z,-39.28,0.0,175.56,0.0,0.0,0.0,ML,,,,1.9,0.1,3
1185167,1997-10-08T11:26:00Z,-40.51,0.0,174.39,0.0,86.0,2.0,ML,,,,3.1,0.2,10
1186634,1997-10-08T12:06:08Z,-39.13,0.0,175.45,0.0,5.0,0.0,ML,,,,1.6,0.2,3
1186635,1997-10-08T13:02:04Z,-39.28,0.0,175.56,0.0,0.0,0.0,ML,,,,2.3,0.2,3
1186636,1997-10-08T13:31:58Z,-39.28,0.0,175.56,0.0,0.0,0.0,ML,,,,1.8,0.1,3
1186637,1997-10-08T13:34:13Z,-39.28,0.0,175.56,0.0,0.0,0.0,ML,,,,1.5,0.2,4
1183959,1997-10-08T13:36:25Z,-35.28,0.0,177.54,0.0,12.0,0.0,ML,,,,4.5,0.2,13
1195247,1997-10-08T13:37:19Z,-39.28,0.0,175.56,0.0,0.0,0.0,ML,,,,1.8,0.2,3
1186638,1997-10-08T14:42:23Z,-39.28,0.0,175.56,0.0,0.0,0.0,ML,,,,1.9,0.2,3
1185170,1997-10-08T14:57:11Z,-41.65,0.0,174.23,0.0,5.0,0.0,ML,,,,2.7,0.2,3
1186639,1997-10-08T14:59:32Z,-39.28,0.0,175.56,0.0,0.0,0.0,ML,,,,2.2,0.2,3
1186640,1997-10-08T15:06:38Z,-39.28,0.0,175.56,0.0,0.0,0.0,ML,,,,2.3,0.2,3
1186963,1997-10-08T15:45:17Z,-40.74,0.0,175.05,0.0,36.0,3.0,ML,,,,2.5,0.2,3
1186537,1997-10-08T16:11:59Z,-39.47,0.0,174.68,0.0,33.0,0.0,ML,,,,2.4,0.4,3
1186641,1997-10-08T16:22:56Z,-39.28,0.0,175.56,0.0,0.0,0.0,ML,,,,2.1,0.1,3
1186642,1997-10-08T18:10:39Z,-39.28,0.0,175.56,0.0,0.0,0.0,ML,,,,2.3,0.1,3
1186643,1997-10-08T18:19:03Z,-39.28,0.0,175.56,0.0,0.0,0.0,ML,,,,2.2,0.1,3
1186644,1997-10-08T18:33:30Z,-39.28,0.0,175.56,0.0,0.0,0.0,ML,,,,2.1,0.1,3
1182838,1997-10-08T18:38:19Z,-39.28,0.0,175.56,0.0,0.0,0.0,ML,,,,2.3,0.1,3
1186645,1997-10-08T18:56:27Z,-39.28,0.0,175.56,0.0,0.0,0.0,ML,,,,2.2,0.2,3
1186647,1997-10-08T19:31:16Z,-39.28,0.0,175.56,0.0,0.0,0.0,ML,,,,2.0,0.1,3
1186496,1997-10-08T19:47:39Z,-47.33,0.0,165.72,0.1,5.0,0.0,ML,,,,2.9,0.2,2
1186964,1997-10-08T20:28:29Z,-41.67,0.0,174.25,0.0,5.0,0.0,ML,,,,2.7,0.2,2
1184689,1997-10-08T21:19:34Z,-44.66,0.0,167.8,0.0,95.0,4.0,ML,,,,3.2,0.3,7
1182859,1997-10-08T21:46:33Z,-39.32,0.0,173.82,0.0,13.0,2.0,ML,,,,2.2,0.2,3
1182865,1997-10-08T22:02:36Z,-39.28,0.0,175.56,0.0,0.0,0.0,ML,,,,2.1,0.1,3
1186649,1997-10-08T22:04:43Z,-39.28,0.0,175.56,0.0,0.0,0.0,ML,,,,2.4,0.1,3
1185171,1997-10-08T22:09:59Z,-39.28,0.0,175.56,0.0,0.0,0.0,ML,,,,1.9,0.1,3
1186650,1997-10-08T22:18:43Z,-39.28,0.0,175.56,0.0,0.0,0.0,ML,,,,2.2,0.2,3
1182871,1997-10-08T22:38:17Z,-39.28,0.0,175.56,0.0,0.0,0.0,ML,,,,1.9,0.1,3
1182883,1997-10-08T23:40:52Z,-39.32,0.0,173.76,0.1,20.0,2.0,ML,,,,2.1,0.2,4
1195326,1997-10-09T00:09:04Z,-39.28,0.0,175.56,0.0,0.0,0.0,ML,,,,2.1,0.1,3
1182887,1997-10-09T00:09:14Z,-40.37,0.0,173.65,0.0,150.0,4.0,ML,,,,3.0,0.3,5
1186651,1997-10-09T00:12:03Z,-39.28,0.0,175.56,0.0,0.0,0.0,ML,,,,2.3,0.1,3
1186652,1997-10-09T00:12:53Z,-39.28,0.0,175.56,0.0,0.0,0.0,ML,,,,1.9,0.1,3
1182888,1997-10-09T00:18:22Z,-39.28,0.0,175.56,0.0,0.0,0.0,ML,,,,1.9,0.1,3
1186998,1997-10-09T01:41:58Z,-41.66,0.0,174.23,0.0,5.0,0.0,ML,,,,1.8,0.3,2
1186653,1997-10-09T02:10:35Z,-39.3,0.0,175.51,0.0,12.0,0.0,ML,,,,2.2,0.1,3
1182904,1997-10-09T02:15:42Z,-40.19,0.0,174.88,0.0,22.0,2.0,ML,,,,2.8,0.3,10
1182907,1997-10-09T02:25:17Z,-39.28,0.0,175.56,0.0,0.0,0.0,ML,,,,1.6,0.1,3
1182908,1997-10-09T02:34:52Z,-39.28,0.0,175.56,0.0,0.0,0.0,ML,,,,2.0,0.1,3
1184697,1997-10-09T02:41:42Z,-45.14,0.0,170.1,0.0,5.0,0.0,ML,,,,2.1,0.3,3
1182910,1997-10-09T02:45:05Z,-39.28,0.0,175.56,0.0,0.0,0.0,ML,,,,2.1,0.1,3
1186654,1997-10-09T02:57:20Z,-39.28,0.0,175.56,0.0,0.0,0.0,ML,,,,1.9,0.1,3
1186655,1997-10-09T02:58:41Z,-39.28,0.0,175.56,0.0,0.0,0.0,ML,,,,2.1,0.1,3
1182912,1997-10-09T03:03:15Z,-39.28,0.0,175.56,0.0,0.0,0.0,ML,,,,1.8,0.1,3
1182916,1997-10-09T03:17:12Z,-39.28,0.0,175.56,0.0,0.0,0.0,ML,,,,2.1,0.1,3
1186656,1997-10-09T03:39:59Z,-39.28,0.0,175.56,0.0,0.0,0.0,ML,,,,2.0,0.1,3
1186657,1997-10-09T04:01:04Z,-39.28,0.0,175.56,0.0,0.0,0.0,ML,,,,1.8,0.1,3
1182921,1997-10-09T04:08:38Z,-39.55,0.0,175.62,0.0,12.0,0.0,ML,,,,2.2,0.2,3
1182924,1997-10-09T04:16:20Z,-39.28,0.0,175.56,0.0,0.0,0.0,ML,,,,1.9,0.1,3
1182925,1997-10-09T04:22:46Z,-39.28,0.0,175.56,0.0,0.0,0.0,ML,,,,2.2,0.1,3
1182926,1997-10-09T04:25:37Z,-39.28,0.0,175.56,0.0,0.0,0.0,ML,,,,2.0,0.1,3
1186500,1997-10-09T05:18:19Z,-39.28,0.0,175.56,0.0,0.0,0.0,ML,,,,1.7,0.1,3
1186501,1997-10-09T05:23:07Z,-39.28,0.0,175.56,0.0,0.0,0.0,ML,,,,1.6,0.2,4
1186225,1997-10-09T05:25:22Z,-39.28,0.0,175.56,0.0,0.0,0.0,ML,,,,2.0,0.1,3
1186658,1997-10-09T05:27:51Z,-39.28,0.0,175.56,0.0,0.0,0.0,ML,,,,2.4,0.1,3
1186227,1997-10-09T05:44:47Z,-39.28,0.0,175.56,0.0,0.0,0.0,ML,,,,2.1,0.2,3
1186659,1997-10-09T05:50:03Z,-39.28,0.0,175.56,0.0,0.0,0.0,ML,,,,1.9,0.1,3
1186660,1997-10-09T05:55:16Z,-39.28,0.0,175.56,0.0,0.0,0.0,ML,,,,2.2,0.1,3
1182935,1997-10-09T06:35:06Z,-40.11,0.0,174.82,0.0,25.0,2.0,ML,,,,3.0,0.3,11
1186545,1997-10-09T06:45:16Z,-39.25,0.0,174.87,0.0,32.0,5.0,ML,,,,2.6,0.3,7
1196982,1997-10-09T06:45:45Z,-39.28,0.0,175.56,0.0,0.0,0.0,ML,,,,1.9,0.1,3
1186661,1997-10-09T06:52:16Z,-39.28,0.0,175.56,0.0,0.0,0.0,ML,,,,1.7,0.1,3
1186199,1997-10-09T07:17:03Z,-40.02,0.0,176.91,0.0,23.0,3.0,ML,,,,3.4,0.3,13
1186662,1997-10-09T07:58:04Z,-39.28,0.0,175.56,0.0,0.0,0.0,ML,,,,1.5,0.2,4
1186663,1997-10-09T08:19:46Z,-39.28,0.0,175.56,0.0,0.0,0.0,ML,,,,1.9,0.1,3
1186664,1997-10-09T08:25:21Z,-39.28,0.0,175.56,0.0,0.0,0.0,ML,,,,2.3,0.1,4
1186665,1997-10-09T08:34:53Z,-39.28,0.0,175.56,0.0,0.0,0.0,ML,,,,2.3,0.1,3
1186666,1997-10-09T08:46:37Z,-39.28,0.0,175.56,0.0,0.0,0.0,ML,,,,2.1,0.1,3
1182937,1997-10-09T08:52:10Z,-43.59,0.0,170.23,0.0,5.0,0.0,ML,,,,1.9,nan,1
1196996,1997-10-09T08:53:24Z,-39.28,0.0,175.56,0.0,0.0,0.0,ML,,,,2.3,0.1,3
1186667,1997-10-09T08:55:21Z,-39.28,0.0,175.56,0.0,0.0,0.0,ML,,,,2.0,0.1,3
1186668,1997-10-09T09:34:07Z,-39.28,0.0,175.56,0.0,0.0,0.0,ML,,,,1.7,0.2,4
1187003,1997-10-09T09:54:39Z,-40.85,0.0,175.24,0.0,33.0,0.0,ML,,,,1.6,0.2,4
1186201,1997-10-09T10:58:06Z,-38.5,0.0,175.81,0.0,178.0,6.0,ML,,,,4.0,0.2,15
1186669,1997-10-09T11:14:16Z,-39.28,0.0,175.56,0.0,0.0,0.0,ML,,,,1.6,0.2,4
1186670,1997-10-09T11:26:48Z,-39.28,0.0,175.56,0.0,0.0,0.0,ML,,,,1.9,0.1,4
1186671,1997-10-09T11:36:25Z,-39.28,0.0,175.56,0.0,0.0,0.0,ML,,,,2.1,0.1,3
1186672,1997-10-09T11:58:23Z,-39.28,0.0,175.56,0.0,0.0,0.0,ML,,,,2.0,0.1,3
1186504,1997-10-09T12:05:14Z,-39.28,0.0,175.56,0.0,0.0,0.0,ML,,,,1.9,0.2,3
1186673,1997-10-09T12:08:46Z,-39.28,0.0,175.56,0.0,0.0,0.0,ML,,,,2.2,0.1,3
1186674,1997-10-09T12:13:10Z,-39.28,0.0,175.56,0.0,0.0,0.0,ML,,,,2.3,0.1,3
1186675,1997-10-09T12:24:18Z,-39.28,0.0,175.56,0.0,0.0,0.0,ML,,,,2.2,0.1,3
1186676,1997-10-09T12:46:47Z,-39.28,0.0,175.56,0.0,0.0,0.0,ML,,,,1.9,0.1,3
1186677,1997-10-09T12:54:31Z,-39.28,0.0,175.56,0.0,0.0,0.0,ML,,,,2.1,0.1,3
1186678,1997-10-09T12:57:39Z,-39.28,0.0,175.56,0.0,0.0,0.0,ML,,,,2.0,0.1,3
1186228,1997-10-09T13:07:55Z,-39.28,0.0,175.56,0.0,0.0,0.0,ML,,,,1.9,0.1,4
1183975,1997-10-09T13:12:48Z,-37.27,0.1,176.34,0.2,221.0,22.0,ML,,,,4.1,0.3,4
1186679,1997-10-09T13:30:04Z,-39.28,0.0,175.56,0.0,0.0,0.0,ML,,,,1.8,0.1,3
1183976,1997-10-09T13:31:34Z,-37.89,0.0,176.57,0.0,177.0,8.0,ML,,,,3.8,0.3,6
1186680,1997-10-09T13:37:03Z,-39.28,0.0,175.56,0.0,0.0,0.0,ML,,,,2.0,0.1,3
1186968,1997-10-09T13:50:27Z,-40.36,0.0,173.55,0.0,162.0,5.0,ML,,,,3.2,0.2,6
1186681,1997-10-09T13:55:02Z,-39.28,0.0,175.56,0.0,0.0,0.0,ML,,,,1.7,0.1,4
1186682,1997-10-09T13:58:21Z,-39.28,0.0,175.56,0.0,0.0,0.0,ML,,,,2.0,0.1,3
1186683,1997-10-09T14:04:55Z,-39.28,0.0,175.56,0.0,0.0,0.0,ML,,,,2.1,0.1,3
1186202,1997-10-09T14:21:23Z,-39.59,0.0,174.2,0.0,190.0,6.0,ML,,,,4.1,0.3,16
1182938,1997-10-09T14:33:02Z,-39.28,0.0,175.56,0.0,0.0,0.0,ML,,,,1.9,0.1,4
1186684,1997-10-09T14:39:34Z,-39.28,0.0,175.56,0.0,0.0,0.0,ML,,,,2.1,0.1,3
1186685,1997-10-09T14:41:11Z,-40.65,0.0,176.22,0.0,29.0,3.0,ML,,,,2.2,0.1,3
1197013,1997-10-09T14:41:45Z,-39.28,0.0,175.56,0.0,0.0,0.0,ML,,,,1.8,0.1,3
1186686,1997-10-09T15:05:49Z,-39.28,0.0,175.56,0.0,0.0,0.0,ML,,,,1.9,0.1,3
1186256,1997-10-09T15:09:23Z,-38.02,0.0,176.12,0.0,224.0,13.0,ML,,,,3.7,0.1,4
1186687,1997-10-09T15:19:21Z,-39.28,0.0,175.56,0.0,0.0,0.0,ML,,,,1.7,0.1,3
1186203,1997-10-09T15:29:11Z,-39.91,0.0,175.19,0.0,63.0,3.0,ML,,,,2.9,0.2,7
1197015,1997-10-09T15:29:18Z,-39.28,0.0,175.56,0.0,0.0,0.0,ML,,,,1.6,nan,1
1186688,1997-10-09T15:48:13Z,-39.28,0.0,175.56,0.0,0.0,0.0,ML,,,,1.6,0.2,4
1186689,1997-10-09T16:07:08Z,-39.37,0.1,175.45,0.1,0.0,0.0,ML,,,,2.3,0.4,4
1186279,1997-10-09T16:52:01Z,-39.54,0.0,175.59,0.0,12.0,0.0,ML,,,,2.1,0.4,3
1183978,1997-10-09T17:15:38Z,-37.77,0.0,179.84,0.0,5.0,0.0,ML,,,,3.3,0.3,3
1186229,1997-10-09T17:44:19Z,-45.19,0.0,166.79,0.0,20.0,1.0,ML,,,,2.5,0.1,3
1186690,1997-10-09T18:00:09Z,-39.28,0.0,175.56,0.0,0.0,0.0,ML,,,,1.4,0.1,4
1186281,1997-10-09T18:01:50Z,-39.28,0.0,175.56,0.0,0.0,0.0,ML,,,,2.0,0.1,3
1186385,1997-10-09T18:05:26Z,-43.24,0.0,170.89,0.0,12.0,0.0,ML,,,,3.3,0.3,10
1186691,1997-10-09T18:14:05Z,-39.42,0.1,175.38,0.1,0.0,0.0,ML,,,,2.6,0.3,4
1186969,1997-10-09T18:38:50Z,-41.94,0.0,174.23,0.0,12.0,0.0,ML,,,,2.5,0.2,8
1184700,1997-10-09T19:10:21Z,-43.01,0.0,171.36,0.0,5.0,0.0,ML,,,,2.9,0.3,7
1183981,1997-10-09T20:11:29Z,-39.5,0.0,175.78,0.0,25.0,0.0,ML,,,,2.4,0.2,3
1186141,1997-10-09T21:11:20Z,-45.99,0.0,170.29,0.0,12.0,0.0,ML,,,,2.9,0.2,4
1187009,1997-10-09T21:57:17Z,-41.07,0.1,173.1,0.0,185.0,4.0,ML,,,,2.8,0.3,5
1186692,1997-10-09T22:23:01Z,-39.28,0.0,175.56,0.0,0.0,0.0,ML,,,,2.1,0.1,3
1186393,1997-10-09T22:25:03Z,-43.23,0.0,171.56,0.0,5.0,0.0,ML,,,,2.2,0.1,3
1184703,1997-10-09T22:27:34Z,-45.07,0.0,166.83,0.1,5.0,0.0,ML,,,,2.5,0.2,4
1187011,1997-10-09T23:17:00Z,-40.96,0.0,175.59,0.0,33.0,3.0,ML,,,,2.1,0.3,5
1183359,1997-10-10T00:14:03Z,-45.21,0.0,167.44,0.0,119.0,5.0,ML,,,,4.1,0.2,6
1186258,1997-10-10T02:22:16Z,-39.28,0.0,174.86,0.0,211.0,4.0,ML,,,,3.7,0.3,5
1218282,1997-10-10T02:46:18Z,-38.54,0.1,176.02,0.1,180.0,11.0,ML,,,,4.0,0.2,14
1197043,1997-10-10T02:47:02Z,-45.63,0.0,166.59,0.1,33.0,0.0,ML,,,,2.6,0.5,2
1182990,1997-10-10T02:50:44Z,-41.68,0.0,174.2,0.0,10.0,2.0,ML,,,,3.3,0.2,13
1186693,1997-10-10T03:02:03Z,-39.49,0.0,175.62,0.0,12.0,0.0,ML,,,,2.7,0.1,3
1182998,1997-10-10T03:59:57Z,-45.09,0.0,166.96,0.1,12.0,0.0,ML,,,,3.0,0.1,4
1186150,1997-10-10T04:42:25Z,-41.56,0.0,174.04,0.0,69.0,2.0,ML,,,,3.0,0.3,9
1186295,1997-10-10T04:57:51Z,-41.65,0.0,174.24,0.0,5.0,0.0,ML,,,,2.7,0.2,8
1183363,1997-10-10T05:59:33Z,-42.03,0.0,174.29,0.0,5.0,0.0,ML,,,,2.0,0.2,4
1184005,1997-10-10T07:52:12Z,-37.54,0.0,177.47,0.0,12.0,0.0,ML,,,,3.2,0.2,8
1184007,1997-10-10T08:24:25Z,-43.14,0.0,171.44,0.0,5.0,0.0,ML,,,,2.6,0.2,3
1186204,1997-10-10T08:47:15Z,-39.8,0.0,174.68,0.0,21.0,2.0,ML,,,,2.7,0.2,12
1184012,1997-10-10T09:13:33Z,-37.95,0.0,179.25,0.0,16.0,3.0,ML,,,,3.1,0.2,3
1184734,1997-10-10T09:17:26Z,-45.14,0.0,167.36,0.0,84.0,2.0,ML,,,,3.0,0.2,6
1187727,1997-10-10T10:05:24Z,-39.26,0.0,173.85,0.0,20.0,3.0,ML,,,,1.7,0.2,3
1184014,1997-10-10T10:29:41Z,-35.27,0.1,177.47,0.4,194.0,36.0,ML,,,,4.1,0.3,14
1184019,1997-10-10T14:04:31Z,-38.27,0.0,178.52,0.1,12.0,0.0,ML,,,,2.1,0.3,3
1186401,1997-10-10T14:18:33Z,-40.52,0.0,174.65,0.1,32.0,3.0,ML,,,,1.8,0.2,4
1184020,1997-10-10T14:41:08Z,-37.79,0.0,179.35,0.0,12.0,0.0,ML,,,,2.7,0.2,3
1186207,1997-10-10T15:22:01Z,-40.47,0.0,175.21,0.0,5.0,0.0,ML,,,,3.5,0.4,25
1184021,1997-10-10T16:19:51Z,-37.15,0.0,177.57,0.0,150.0,5.0,ML,,,,3.9,0.2,13
1184735,1997-10-10T16:29:05Z,-45.11,0.0,167.43,0.0,93.0,3.0,ML,,,,3.3,0.4,7
1184736,1997-10-10T16:39:29Z,-44.99,0.1,167.57,0.0,126.0,5.0,ML,,,,3.4,0.4,6
1186695,1997-10-10T18:15:18Z,-39.28,0.0,175.56,0.0,0.0,0.0,ML,,,,2.2,0.1,3
1184025,1997-10-10T18:38:29Z,-38.07,0.0,179.13,0.0,12.0,0.0,ML,,,,2.7,0.3,3
1184031,1997-10-10T19:28:25Z,-40.51,0.0,174.73,0.0,25.0,2.0,ML,,,,2.2,0.2,4
1183020,1997-10-10T20:22:38Z,-38.35,0.0,175.83,0.0,161.0,3.0,ML,,,,4.2,0.2,20
1183025,1997-10-10T20:56:12Z,-45.1,0.0,166.76,0.0,12.0,0.0,ML,,,,2.5,0.3,2
1186977,1997-10-10T21:02:23Z,-40.83,0.0,176.17,0.0,29.0,3.0,ML,,,,2.8,0.1,7
1187018,1997-10-10T21:16:24Z,-40.99,0.0,175.15,0.0,25.0,3.0,ML,,,,1.4,0.2,3
1183051,1997-10-10T23:25:26Z,-37.51,0.0,179.35,0.0,12.0,0.0,ML,,,,3.1,0.3,3
1184045,1997-10-11T00:02:51Z,-39.28,0.0,175.56,0.0,0.0,0.0,ML,,,,2.0,0.1,3
1183057,1997-10-11T00:05:48Z,-39.28,0.0,175.56,0.0,0.0,0.0,ML,,,,1.8,0.1,4
1183068,1997-10-11T01:37:53Z,-39.28,0.0,175.56,0.0,0.0,0.0,ML,,,,1.7,0.1,3
1186696,1997-10-11T01:39:11Z,-39.28,0.0,175.56,0.0,0.0,0.0,ML,,,,2.2,0.1,3
1187019,1997-10-11T01:59:27Z,-37.15,0.1,176.78,0.0,12.0,0.0,ML,,,,3.5,0.5,4
1186603,1997-10-11T02:28:31Z,-39.28,0.0,175.56,0.0,0.0,0.0,ML,,,,1.7,0.0,3
1186299,1997-10-11T02:38:56Z,-41.64,0.0,174.21,0.0,5.0,0.0,ML,,,,2.1,0.4,8
1183080,1997-10-11T02:48:12Z,-39.28,0.0,175.56,0.0,0.0,0.0,ML,,,,1.8,0.1,3
1184056,1997-10-11T02:52:57Z,-39.28,0.0,175.56,0.0,0.0,0.0,ML,,,,1.8,0.0,3
1184057,1997-10-11T02:56:37Z,-45.5,0.0,169.98,0.0,5.0,0.0,ML,,,,2.3,0.2,2
1186697,1997-10-11T03:25:44Z,-39.28,0.0,175.56,0.0,0.0,0.0,ML,,,,1.6,0.1,3
1186698,1997-10-11T03:27:24Z,-39.28,0.0,175.56,0.0,0.0,0.0,ML,,,,2.0,0.1,3
1187020,1997-10-11T04:07:18Z,-40.24,0.0,174.86,0.0,5.0,0.0,ML,,,,2.6,0.2,6
1183091,1997-10-11T04:20:45Z,-39.28,0.0,175.56,0.0,0.0,0.0,ML,,,,1.7,0.2,4
1186699,1997-10-11T04:21:45Z,-39.28,0.0,175.56,0.0,0.0,0.0,ML,,,,2.1,0.1,3
1186511,1997-10-11T04:27:43Z,-39.28,0.0,175.56,0.0,0.0,0.0,ML,,,,1.8,0.2,4
1187021,1997-10-11T04:30:52Z,-41.09,0.0,175.07,0.0,26.0,2.0,ML,,,,1.4,0.0,2
1199281,1997-10-11T04:31:09Z,-41.09,0.0,175.08,0.0,19.0,1.0,ML,,,,1.3,0.0,2
1184758,1997-10-11T05:21:36Z,-39.28,0.0,175.56,0.0,0.0,0.0,ML,,,,1.6,0.1,4
1184765,1997-10-11T06:52:02Z,-40.17,0.0,174.34,0.0,96.0,3.0,ML,,,,3.2,0.3,10
1186158,1997-10-11T07:33:58Z,-45.94,0.0,170.29,0.0,5.0,0.0,ML,,,,2.3,0.2,2
1186700,1997-10-11T08:16:33Z,-39.28,0.0,175.56,0.0,0.0,0.0,ML,,,,1.3,0.0,2
1186301,1997-10-11T08:40:43Z,-41.83,0.0,174.39,0.0,5.0,0.0,ML,,,,2.7,0.2,12
1186210,1997-10-11T09:53:44Z,-40.2,0.0,174.64,0.0,5.0,0.0,ML,,,,3.2,0.4,17
1187023,1997-10-11T09:59:12Z,-40.18,0.0,175.08,0.0,12.0,0.0,ML,,,,2.1,0.0,2
1186302,1997-10-11T12:32:21Z,-41.64,0.0,174.23,0.0,5.0,0.0,ML,,,,2.6,0.2,8
1186303,1997-10-11T12:49:59Z,-41.19,0.0,173.57,0.0,90.0,2.0,ML,,,,3.0,0.2,9
1186701,1997-10-11T14:55:25Z,-39.47,0.1,175.78,0.1,27.0,5.0,ML,,,,2.2,0.2,3
1186702,1997-10-11T15:00:34Z,-39.28,0.0,175.56,0.0,0.0,0.0,ML,,,,1.3,0.1,3
1186703,1997-10-11T15:52:07Z,-39.28,0.0,175.56,0.0,0.0,0.0,ML,,,,1.5,nan,1
1186704,1997-10-11T16:20:48Z,-39.28,0.0,175.56,0.0,0.0,0.0,ML,,,,1.5,0.3,3
1187024,1997-10-11T16:48:45Z,-38.38,0.1,176.39,0.1,195.0,8.0,ML,,,,3.3,0.2,3
1186705,1997-10-11T16:51:42Z,-39.28,0.0,175.56,0.0,0.0,0.0,ML,,,,1.5,0.1,4
1186706,1997-10-11T16:57:30Z,-39.28,0.0,175.56,0.0,0.0,0.0,ML,,,,1.8,0.3,2
1184083,1997-10-11T17:06:16Z,-39.28,0.0,175.56,0.0,0.0,0.0,ML,,,,1.6,0.2,4
1183105,1997-10-11T19:15:43Z,-45.66,0.0,168.11,0.0,33.0,7.0,ML,,,,2.7,0.1,3
1186211,1997-10-11T19:19:33Z,-40.57,0.0,174.67,0.0,37.0,5.0,ML,,,,3.0,0.2,10
1184088,1997-10-11T19:41:54Z,-37.4,0.0,177.23,0.0,151.0,5.0,ML,,,,3.9,0.4,3
1183110,1997-10-11T20:23:51Z,-39.28,0.0,175.56,0.0,0.0,0.0,ML,,,,1.5,0.2,2
1186708,1997-10-11T20:25:03Z,-39.28,0.0,175.56,0.0,0.0,0.0,ML,,,,1.9,0.2,3
1186709,1997-10-11T21:03:34Z,-39.28,0.0,175.56,0.0,0.0,0.0,ML,,,,1.8,0.0,3
1186710,1997-10-11T21:04:35Z,-39.28,0.0,175.56,0.0,0.0,0.0,ML,,,,1.7,0.1,4
1199693,1997-10-11T21:08:49Z,-39.28,0.0,175.56,0.0,0.0,0.0,ML,,,,1.6,0.1,4
1186306,1997-10-11T21:09:02Z,-41.63,0.0,174.19,0.0,5.0,0.0,ML,,,,2.2,0.2,5
1183117,1997-10-11T21:20:06Z,-39.51,0.0,177.15,0.0,40.0,2.0,ML,,,,2.6,nan,1
1186164,1997-10-11T22:21:54Z,-39.28,0.0,175.56,0.0,0.0,0.0,ML,,,,1.8,0.2,4
1186711,1997-10-11T22:35:33Z,-39.28,0.0,175.56,0.0,0.0,0.0,ML,,,,1.4,0.1,4
1186307,1997-10-11T23:16:19Z,-41.79,0.0,174.35,0.0,12.0,0.0,ML,,,,2.6,0.2,6
1186308,1997-10-11T23:35:39Z,-41.83,0.0,174.4,0.0,5.0,0.0,ML,,,,2.4,0.2,8
1186309,1997-10-12T00:02:52Z,-39.28,0.0,175.56,0.0,0.0,0.0,ML,,,,1.5,0.0,3
1186713,1997-10-12T00:12:02Z,-39.28,0.0,175.56,0.0,0.0,0.0,ML,,,,1.7,0.2,4
1183138,1997-10-12T00:28:04Z,-43.58,0.0,170.23,0.0,5.0,0.0,ML,,,,2.2,nan,1
1183140,1997-10-12T00:39:17Z,-39.28,0.0,175.56,0.0,0.0,0.0,ML,,,,1.6,0.1,4
1186580,1997-10-12T00:54:34Z,-39.28,0.0,175.56,0.0,0.0,0.0,ML,,,,1.4,0.0,2
1186715,1997-10-12T01:20:25Z,-39.28,0.0,175.56,0.0,0.0,0.0,ML,,,,1.5,0.1,3
1186716,1997-10-12T01:23:46Z,-39.28,0.0,175.56,0.0,0.0,0.0,ML,,,,1.8,0.1,4
1183142,1997-10-12T01:29:06Z,-39.91,0.0,174.38,0.1,115.0,8.0,ML,,,,3.1,0.2,6
1187025,1997-10-12T01:44:22Z,-40.93,0.0,175.0,0.0,29.0,2.0,ML,,,,1.6,0.1,2
1184792,1997-10-12T02:03:17Z,-39.28,0.0,175.56,0.0,0.0,0.0,ML,,,,2.2,0.1,3
1186718,1997-10-12T03:50:12Z,-39.28,0.0,175.56,0.0,0.0,0.0,ML,,,,2.1,0.1,3
1184103,1997-10-12T04:25:43Z,-39.28,0.0,175.56,0.0,0.0,0.0,ML,,,,1.9,0.1,4
1186719,1997-10-12T04:26:29Z,-39.28,0.0,175.56,0.0,0.0,0.0,ML,,,,1.7,0.1,3
1186720,1997-10-12T04:27:21Z,-39.28,0.0,175.56,0.0,0.0,0.0,ML,,,,2.4,0.2,3
1186721,1997-10-12T04:52:03Z,-39.28,0.0,175.56,0.0,0.0,0.0,ML,,,,2.2,0.1,3
1186313,1997-10-12T05:16:21Z,-41.51,0.0,173.69,0.0,55.0,3.0,ML,,,,2.7,0.4,7
1186980,1997-10-12T05:38:24Z,-41.15,0.0,175.55,0.0,25.0,1.0,ML,,,,2.1,0.2,4
1186722,1997-10-12T05:45:10Z,-39.28,0.0,175.56,0.0,0.0,0.0,ML,,,,2.4,0.1,3
1186723,1997-10-12T07:30:04Z,-39.28,0.0,175.56,0.0,0.0,0.0,ML,,,,1.4,0.0,2
1184802,1997-10-12T07:41:25Z,-39.28,0.0,175.56,0.0,0.0,0.0,ML,,,,1.7,0.2,4
1186724,1997-10-12T07:42:29Z,-39.28,0.0,175.56,0.0,0.0,0.0,ML,,,,2.0,0.1,3
1186315,1997-10-12T08:27:18Z,-41.21,0.0,173.6,0.0,93.0,4.0,ML,,,,3.1,0.2,6
1184804,1997-10-12T08:30:40Z,-39.28,0.0,175.56,0.0,0.0,0.0,ML,,,,1.9,0.1,4
1186725,1997-10-12T09:31:51Z,-39.28,0.0,175.56,0.0,0.0,0.0,ML,,,,1.7,0.3,3
1186453,1997-10-12T10:42:42Z,-39.28,0.0,175.56,0.0,0.0,0.0,ML,,,,1.5,0.1,4
1186550,1997-10-12T10:54:20Z,-39.32,0.0,174.84,0.0,12.0,0.0,ML,,,,2.2,0.2,4
1186726,1997-10-12T10:59:31Z,-39.28,0.0,175.56,0.0,0.0,0.0,ML,,,,1.7,0.1,4
1184810,1997-10-12T11:20:37Z,-45.35,0.0,167.27,0.0,79.0,3.0,ML,,,,2.8,0.2,4
1186461,1997-10-12T11:36:59Z,-39.28,0.0,175.56,0.0,0.0,0.0,ML,,,,1.5,0.1,4
1186727,1997-10-12T11:38:13Z,-39.28,0.0,175.56,0.0,0.0,0.0,ML,,,,1.6,0.2,4
1184811,1997-10-12T11:46:33Z,-39.28,0.0,175.56,0.0,0.0,0.0,ML,,,,1.5,0.1,4
1186728,1997-10-12T12:14:32Z,-39.28,0.0,175.56,0.0,0.0,0.0,ML,,,,1.6,0.4,3
1199969,1997-10-12T12:14:47Z,-39.28,0.0,175.56,0.0,0.0,0.0,ML,,,,1.4,0.4,3
1186729,1997-10-12T12:38:30Z,-39.28,0.0,175.56,0.0,0.0,0.0,ML,,,,1.5,0.2,4
1186730,1997-10-12T13:15:40Z,-39.28,0.0,175.56,0.0,0.0,0.0,ML,,,,1.9,0.0,3
1187026,1997-10-12T13:18:00Z,-40.95,0.0,175.17,0.0,27.0,2.0,ML,,,,1.4,0.3,3
1186733,1997-10-12T14:04:10Z,-39.28,0.0,175.56,0.0,0.0,0.0,ML,,,,1.3,0.0,2
1186734,1997-10-12T14:05:04Z,-39.28,0.0,175.56,0.0,0.0,0.0,ML,,,,1.4,0.4,3
1184815,1997-10-12T15:24:17Z,-46.12,0.1,165.65,0.1,33.0,0.0,ML,,,,2.9,0.2,4
1186735,1997-10-12T15:32:57Z,-39.28,0.0,175.56,0.0,0.0,0.0,ML,,,,1.5,0.5,2
1184816,1997-10-12T15:37:35Z,-39.28,0.0,175.56,0.0,0.0,0.0,ML,,,,1.6,0.4,2
1184114,1997-10-12T15:40:46Z,-37.16,0.0,176.75,0.0,216.0,4.0,ML,,,,4.6,0.2,16
1186736,1997-10-12T15:57:59Z,-39.28,0.0,175.56,0.0,0.0,0.0,ML,,,,1.5,0.4,3
1186737,1997-10-12T16:12:02Z,-39.28,0.0,175.56,0.0,0.0,0.0,ML,,,,1.5,0.1,2
1186212,1997-10-12T16:59:15Z,-39.36,0.0,175.72,0.0,14.0,1.0,ML,,,,2.8,0.3,11
1184820,1997-10-12T17:01:43Z,-39.3,0.0,175.79,0.0,12.0,0.0,ML,,,,1.6,0.1,3
1184821,1997-10-12T17:06:16Z,-39.28,0.0,175.56,0.0,0.0,0.0,ML,,,,1.3,0.0,2
1186738,1997-10-12T17:09:48Z,-39.28,0.0,175.56,0.0,0.0,0.0,ML,,,,1.5,0.4,3
1186739,1997-10-12T17:30:48Z,-39.28,0.1,175.53,0.1,0.0,0.0,ML,,,,1.6,0.2,2
1187732,1997-10-12T18:12:08Z,-39.36,0.2,175.44,0.2,0.0,0.0,ML,,,,1.8,0.1,2
1186767,1997-10-12T18:13:04Z,-40.74,0.0,174.61,0.0,12.0,0.0,ML,,,,1.6,0.1,3
1186268,1997-10-12T18:30:45Z,-40.22,0.1,176.42,0.1,94.0,6.0,ML,,,,3.1,0.0,3
1187734,1997-10-12T20:45:14Z,-39.28,0.0,175.56,0.0,0.0,0.0,ML,,,,1.3,0.0,2
1187735,1997-10-12T21:06:58Z,-39.37,0.2,175.44,0.1,0.0,0.0,ML,,,,1.8,0.1,2
1187355,1997-10-12T21:21:57Z,-37.18,0.0,177.13,0.0,147.0,2.0,ML,,,,4.5,0.2,19
1186270,1997-10-12T21:26:16Z,-40.55,0.0,176.27,0.0,27.0,4.0,ML,,,,2.6,0.1,7
1186321,1997-10-12T22:18:21Z,-42.46,0.0,172.27,0.0,12.0,0.0,ML,,,,3.0,0.3,4
1187736,1997-10-12T22:45:53Z,-39.27,0.1,175.55,0.1,0.0,0.0,ML,,,,1.2,0.1,2
1200253,1997-10-12T23:01:15Z,-39.28,0.0,175.56,0.0,0.0,0.0,ML,,,,1.3,0.5,2
1187737,1997-10-12T23:01:26Z,-39.28,0.0,175.54,0.0,0.0,0.0,ML,,,,1.4,0.1,2
1186169,1997-10-12T23:36:35Z,-40.79,0.0,175.58,0.1,31.0,4.0,ML,,,,2.1,0.2,4
1200254,1997-10-12T23:44:42Z,-38.11,0.0,176.71,0.0,5.0,0.0,ML,,,,1.9,0.2,4
1186582,1997-10-12T23:45:12Z,-41.06,0.0,174.25,0.0,55.0,3.0,ML,,,,2.8,0.3,8
1186324,1997-10-13T00:44:44Z,-43.62,0.0,172.46,0.0,15.0,2.0,ML,,,,2.5,0.1,2
1187738,1997-10-13T02:40:48Z,-39.34,0.0,175.58,0.0,12.0,0.0,ML,,,,1.9,0.1,3
1186327,1997-10-13T04:04:41Z,-40.88,0.0,174.74,0.0,51.0,2.0,ML,,,,3.0,0.2,8
1187496,1997-10-13T04:18:24Z,-39.48,0.0,175.66,0.0,12.0,0.0,ML,,,,2.2,0.1,3
1186328,1997-10-13T04:22:20Z,-39.47,0.0,175.64,0.0,12.0,0.0,ML,,,,2.1,0.1,3
1186273,1997-10-13T05:30:33Z,-37.78,0.0,176.54,0.0,242.0,4.0,ML,,,,3.8,0.1,9
1184137,1997-10-13T07:18:01Z,-37.25,0.0,177.58,0.0,103.0,2.0,ML,,,,5.0,0.2,19
1187739,1997-10-13T10:54:15Z,-39.5,0.0,175.64,0.0,12.0,0.0,ML,,,,1.8,0.0,3
1187740,1997-10-13T11:29:22Z,-39.55,0.0,175.68,0.0,17.0,6.0,ML,,,,2.9,0.3,4
1186484,1997-10-13T11:53:36Z,-41.58,0.0,174.54,0.0,14.0,2.0,ML,,,,2.4,0.1,10
1186330,1997-10-13T12:29:37Z,-41.66,0.0,174.39,0.0,5.0,0.0,ML,,,,2.4,0.2,7
1184862,1997-10-13T14:05:13Z,-45.34,0.0,166.87,0.0,12.0,0.0,ML,,,,2.8,0.1,5
1186331,1997-10-13T15:09:54Z,-41.85,0.0,173.32,0.0,92.0,2.0,ML,,,,2.5,0.1,6
1187029,1997-10-13T15:21:19Z,-40.98,0.0,175.09,0.0,26.0,5.0,ML,,,,1.6,0.1,2
1187030,1997-10-13T15:29:02Z,-40.08,0.0,177.04,0.0,12.0,0.0,ML,,,,3.3,0.6,7
1187033,1997-10-13T18:07:37Z,-41.21,0.0,173.16,0.0,142.0,2.0,ML,,,,2.8,0.1,4
1186553,1997-10-13T18:44:50Z,-38.85,0.0,174.17,0.0,5.0,0.0,ML,,,,1.9,0.1,4
1187034,1997-10-13T19:23:52Z,-40.77,0.0,176.26,0.0,33.0,0.0,ML,,,,3.1,0.2,11
1186275,1997-10-13T19:38:29Z,-39.64,0.0,174.73,0.0,33.0,0.0,ML,,,,2.7,0.2,7
1181896,1997-10-13T19:59:32Z,-40.77,0.0,176.33,0.0,29.0,3.0,ML,,,,2.5,0.2,6
1186773,1997-10-13T20:13:52Z,-36.71,0.2,177.18,0.1,249.0,14.0,ML,,,,4.8,0.2,18
1186488,1997-10-13T20:46:29Z,-43.03,0.0,171.23,0.0,5.0,0.0,ML,,,,2.8,0.4,5
1187741,1997-10-13T21:51:17Z,-39.42,0.0,174.74,0.0,12.0,0.0,ML,,,,2.8,0.2,3
1187035,1997-10-13T22:53:20Z,-37.89,0.1,176.07,0.2,135.0,32.0,ML,,,,3.5,0.3,9
1186587,1997-10-13T23:17:28Z,-41.06,0.0,174.3,0.0,66.0,3.0,ML,,,,2.5,0.2,6
1187036,1997-10-14T01:35:51Z,-41.03,0.0,175.54,0.0,19.0,2.0,ML,,,,1.7,0.1,4
1181958,1997-10-14T03:48:41Z,-37.54,0.1,178.41,0.9,231.0,6.0,ML,,,,4.1,0.2,3
1187038,1997-10-14T05:31:51Z,-40.83,0.0,175.22,0.0,53.0,3.0,ML,,,,2.3,0.2,3
1181975,1997-10-14T05:56:36Z,-41.55,0.0,173.49,0.0,94.0,2.0,ML,,,,2.6,0.3,6
1181977,1997-10-14T06:31:43Z,-40.59,0.0,174.71,0.0,29.0,2.0,ML,,,,2.0,0.1,4
1187039,1997-10-14T07:03:59Z,-41.25,0.0,175.79,0.0,23.0,1.0,ML,,,,3.5,0.2,15
1189053,1997-10-14T08:49:35Z,-38.34,0.0,176.38,0.0,5.0,0.0,ML,,,,2.3,0.3,3
1187759,1997-10-14T11:50:43Z,-44.53,0.0,168.3,0.0,5.0,0.0,ML,,,,3.3,0.2,8
1187064,1997-10-14T12:50:50Z,-38.31,0.2,175.86,0.3,153.0,36.0,ML,,,,3.6,0.2,9
1186353,1997-10-14T17:42:01Z,-42.52,0.0,173.16,0.0,12.0,0.0,ML,,,,2.4,0.3,3
1186359,1997-10-14T18:17:49Z,-39.62,0.0,174.43,0.0,148.0,5.0,ML,,,,3.9,0.3,14
1187065,1997-10-14T19:04:15Z,-40.94,0.0,175.15,0.0,28.0,1.0,ML,,,,2.0,0.4,4
1187066,1997-10-14T20:12:36Z,-39.92,0.0,175.72,0.0,68.0,8.0,ML,,,,2.4,0.2,5
1186363,1997-10-14T21:53:50Z,-42.5,0.0,172.82,0.0,33.0,0.0,ML,,,,2.8,0.3,4
1182005,1997-10-14T22:22:54Z,-40.74,0.0,174.62,0.0,12.0,0.0,ML,,,,2.5,0.1,7
1182021,1997-10-14T23:42:38Z,-41.47,0.0,174.21,0.0,38.0,2.0,ML,,,,2.7,0.3,10
1187069,1997-10-15T00:35:53Z,-40.38,0.0,175.05,0.0,12.0,0.0,ML,,,,2.0,0.1,5
1186367,1997-10-15T01:37:52Z,-42.25,0.0,172.59,0.0,5.0,0.0,ML,,,,3.9,0.3,6
1182050,1997-10-15T01:50:08Z,-40.97,0.0,175.43,0.0,27.0,2.0,ML,,,,2.0,0.2,5
1188936,1997-10-15T01:51:54Z,-39.13,0.0,175.63,0.0,5.0,0.0,ML,,,,1.8,0.2,3
1186369,1997-10-15T02:31:57Z,-42.19,0.0,172.6,0.0,12.0,0.0,ML,,,,2.3,0.1,3
1189058,1997-10-15T05:08:44Z,-38.13,0.0,176.24,0.0,5.0,0.0,ML,,,,2.5,0.2,5
1187934,1997-10-15T06:12:55Z,-45.05,0.0,167.39,0.0,138.0,4.0,ML,,,,3.3,0.4,6
1187070,1997-10-15T07:31:48Z,-39.27,0.0,175.19,0.0,90.0,5.0,ML,,,,2.9,0.3,6
1188937,1997-10-15T07:55:43Z,-39.53,0.0,175.63,0.1,12.0,0.0,ML,,,,2.4,0.2,3
1187522,1997-10-15T08:14:42Z,-36.54,0.1,178.06,0.4,12.0,0.0,ML,,,,3.5,0.5,3
1187071,1997-10-15T08:41:16Z,-38.03,0.0,176.37,0.0,203.0,7.0,ML,,,,3.5,0.2,7
1187072,1997-10-15T09:33:06Z,-38.86,0.1,176.61,0.2,232.0,11.0,ML,,,,3.4,0.2,7
1188486,1997-10-15T11:20:44Z,-41.43,0.0,172.35,0.0,5.0,0.0,ML,,,,2.3,0.0,2
1187524,1997-10-15T12:08:31Z,-36.65,0.2,178.61,0.8,12.0,0.0,ML,,,,3.3,0.5,3
1188732,1997-10-15T12:38:54Z,-36.71,0.1,177.85,0.1,12.0,0.0,ML,,,,3.7,0.2,5
1186373,1997-10-15T15:27:16Z,-41.73,0.0,172.27,0.0,5.0,0.0,ML,,,,2.3,0.3,4
1187073,1997-10-15T15:35:39Z,-40.99,0.0,175.61,0.0,27.0,2.0,ML,,,,2.1,0.2,5
1189300,1997-10-15T15:46:06Z,-39.3,0.0,173.82,0.0,12.0,0.0,ML,,,,2.2,0.1,2
1189301,1997-10-15T15:57:21Z,-39.25,0.0,173.79,0.0,13.0,1.0,ML,,,,1.3,0.1,2
1187074,1997-10-15T16:06:44Z,-40.7,0.0,175.56,0.0,31.0,3.0,ML,,,,2.2,0.2,6
1187075,1997-10-15T17:29:55Z,-40.43,0.0,176.71,0.0,33.0,0.0,ML,,,,2.4,0.2,3
1188093,1997-10-15T17:36:16Z,-39.52,0.0,175.77,0.0,12.0,0.0,ML,,,,1.9,0.1,3
1187077,1997-10-15T17:47:29Z,-40.68,0.0,175.84,0.0,36.0,2.0,ML,,,,3.0,0.3,9
1187078,1997-10-15T17:50:09Z,-40.56,0.1,176.02,0.1,33.0,0.0,ML,,,,2.4,0.2,3
1186374,1997-10-15T19:04:18Z,-44.85,0.0,167.7,0.0,58.0,3.0,ML,,,,2.8,0.2,5
1187080,1997-10-15T20:03:56Z,-40.38,0.0,174.92,0.0,12.0,0.0,ML,,,,2.8,0.4,11
1187662,1997-10-15T20:37:01Z,-44.92,0.0,167.69,0.0,77.0,3.0,ML,,,,3.1,0.4,4
1182100,1997-10-15T20:54:26Z,-40.77,0.0,174.83,0.0,36.0,2.0,ML,,,,2.5,0.1,6
1188438,1997-10-15T22:02:47Z,-41.75,0.0,173.79,0.0,47.0,6.0,ML,,,,2.7,0.2,3
1188108,1997-10-15T22:19:17Z,-37.71,0.1,178.82,0.4,81.0,14.0,ML,,,,3.5,0.1,3
1187936,1997-10-15T23:55:11Z,-45.84,0.0,166.92,0.0,90.0,2.0,ML,,,,3.2,0.2,6
1182132,1997-10-16T00:21:44Z,-38.08,0.0,176.81,0.1,5.0,0.0,ML,,,,2.3,0.3,3
1187541,1997-10-16T02:00:54Z,-40.75,0.0,174.99,0.0,35.0,1.0,ML,,,,2.3,0.3,6
1182146,1997-10-16T02:27:58Z,-38.01,0.0,179.1,0.0,12.0,0.0,ML,,,,2.9,0.1,3
1182160,1997-10-16T03:50:51Z,-40.65,0.0,174.77,0.0,40.0,1.0,ML,,,,1.8,0.4,3
1182167,1997-10-16T04:42:56Z,-38.0,0.0,179.14,0.0,12.0,0.0,ML,,,,3.2,0.3,3
1187552,1997-10-16T06:11:08Z,-38.01,0.0,179.17,0.0,12.0,0.0,ML,,,,2.9,0.0,3
1187988,1997-10-16T06:13:35Z,-40.31,0.0,173.63,0.0,162.0,5.0,ML,,,,3.6,0.2,12
1204053,1997-10-16T06:14:05Z,-39.19,0.0,175.13,0.0,155.0,4.0,ML,,,,4.3,0.4,17
1182175,1997-10-16T06:28:38Z,-39.2,0.0,173.77,0.0,12.0,0.0,ML,,,,1.7,0.1,2
1188448,1997-10-16T06:31:27Z,-41.66,0.0,174.38,0.0,5.0,0.0,ML,,,,2.8,0.3,13
1189026,1997-10-16T07:06:50Z,-41.3,0.0,173.03,0.0,154.0,1.0,ML,,,,2.6,0.2,6
1189028,1997-10-16T09:21:01Z,-40.4,0.0,174.35,0.0,63.0,8.0,ML,,,,2.5,0.1,7
1188128,1997-10-16T11:00:57Z,-42.75,0.0,172.79,0.0,40.0,4.0,ML,,,,2.9,0.3,2
1200711,1997-10-16T11:03:55Z,-35.83,0.1,179.89,0.2,258.0,3.0,ML,,,,3.7,0.1,7
1204354,1997-10-16T11:06:12Z,-41.81,0.0,172.51,0.0,72.0,2.0,ML,,,,3.2,0.3,6
1200712,1997-10-16T11:36:15Z,-40.9,0.0,174.74,0.0,58.0,1.0,ML,,,,1.8,0.1,3
1188132,1997-10-16T11:44:44Z,-38.65,0.1,176.0,0.1,225.0,8.0,ML,,,,3.0,0.3,8
1188135,1997-10-16T12:00:03Z,-42.9,0.0,171.79,0.0,12.0,0.0,ML,,,,2.7,0.1,4
1187556,1997-10-16T12:12:43Z,-37.26,0.0,177.44,0.0,135.0,1.0,ML,,,,3.6,0.3,5
1188137,1997-10-16T12:26:50Z,-41.62,0.0,175.35,0.0,24.0,1.0,ML,,,,2.0,0.3,3
1189032,1997-10-16T13:24:33Z,-41.67,0.0,174.38,0.0,5.0,0.0,ML,,,,2.2,0.2,8
1188766,1997-10-16T14:05:24Z,-40.53,0.0,174.72,0.0,27.0,3.0,ML,,,,2.3,0.2,7
1188145,1997-10-16T15:25:20Z,-45.21,0.0,166.89,0.1,12.0,0.0,ML,,,,2.4,0.2,2
1187773,1997-10-16T18:35:02Z,-43.28,0.0,171.34,0.0,5.0,0.0,ML,,,,2.0,0.3,3
1187557,1997-10-16T18:51:35Z,-37.05,0.0,177.8,0.0,118.0,2.0,ML,,,,3.6,0.2,9
1188658,1997-10-16T20:44:12Z,-40.48,0.0,173.72,0.0,109.0,4.0,ML,,,,2.9,0.3,3
1182198,1997-10-16T21:59:46Z,-43.28,0.0,171.34,0.0,12.0,0.0,ML,,,,4.6,0.2,13
1204355,1997-10-16T22:30:26Z,-38.3,0.1,178.3,0.3,12.0,0.0,ML,,,,2.2,0.1,3
1182211,1997-10-16T23:12:27Z,-38.38,0.0,177.15,0.0,43.0,6.0,ML,,,,2.9,nan,1
1182212,1997-10-16T23:27:08Z,-43.29,0.0,171.35,0.0,12.0,0.0,ML,,,,4.1,0.2,8
1188159,1997-10-16T23:30:36Z,-43.29,0.0,171.36,0.0,5.0,0.0,ML,,,,3.3,0.2,8
1182217,1997-10-17T00:19:59Z,-43.59,0.0,170.23,0.0,5.0,0.0,ML,,,,2.7,0.2,3
1188503,1997-10-17T00:39:54Z,-38.83,0.0,175.28,0.1,242.0,4.0,ML,,,,3.6,0.2,7
1182237,1997-10-17T02:39:30Z,-39.13,0.0,174.92,0.0,25.0,3.0,ML,,,,2.6,0.2,5
1188160,1997-10-17T02:46:48Z,-41.18,0.0,176.26,0.0,34.0,2.0,ML,,,,2.2,0.2,5
1188626,1997-10-17T03:21:24Z,-39.31,0.0,175.76,0.0,15.0,0.0,ML,,,,2.1,0.2,3
1188370,1997-10-17T04:14:36Z,-40.55,0.0,175.96,0.0,20.0,4.0,ML,,,,2.6,0.3,9
1188940,1997-10-17T05:04:41Z,-39.51,0.0,175.64,0.0,12.0,0.0,ML,,,,2.1,0.1,2
1188371,1997-10-17T05:42:50Z,-41.23,0.0,176.22,0.1,32.0,3.0,ML,,,,2.8,0.1,7
1188518,1997-10-17T07:59:38Z,-38.08,0.0,176.12,0.0,182.0,3.0,ML,,,,4.3,0.2,16
1188530,1997-10-17T09:54:03Z,-40.2,0.1,173.51,0.0,168.0,7.0,ML,,,,3.5,0.5,2
1188792,1997-10-17T11:00:44Z,-41.14,0.0,174.46,0.0,34.0,1.0,ML,,,,2.0,0.1,3
1188796,1997-10-17T12:38:44Z,-39.34,0.0,176.93,0.0,48.0,5.0,ML,,,,2.8,nan,1
1187575,1997-10-17T12:52:38Z,-38.74,0.0,176.69,0.0,53.0,3.0,ML,,,,3.9,0.2,11
1187989,1997-10-17T13:04:10Z,-39.52,0.0,174.37,0.1,139.0,5.0,ML,,,,3.4,0.2,8
1187953,1997-10-17T19:38:59Z,-45.28,0.0,167.46,0.0,5.0,0.0,ML,,,,2.5,0.2,5
1182251,1997-10-17T19:45:58Z,-35.69,0.1,179.42,0.3,33.0,0.0,ML,,,,4.2,0.3,2
1182260,1997-10-17T21:02:20Z,-39.09,0.0,175.52,0.0,0.0,0.0,ML,,,,2.5,0.2,3
1182267,1997-10-17T21:40:25Z,-38.29,0.0,176.35,0.0,5.0,0.0,ML,,,,2.2,0.1,3
1187990,1997-10-17T22:11:19Z,-39.12,0.0,175.41,0.0,5.0,0.0,ML,,,,3.2,0.3,15
1182272,1997-10-17T22:14:26Z,-38.32,0.0,178.39,0.1,12.0,0.0,ML,,,,2.6,0.1,3
1182294,1997-10-18T01:36:05Z,-38.02,0.0,176.85,0.1,5.0,0.0,ML,,,,2.4,0.1,4
1187780,1997-10-18T02:16:17Z,-43.29,0.0,171.33,0.0,12.0,0.0,ML,,,,2.4,0.3,3
1188374,1997-10-18T03:36:21Z,-38.68,0.0,175.77,0.0,171.0,4.0,ML,,,,3.7,0.2,3
1204979,1997-10-18T03:36:42Z,-38.07,0.0,176.79,0.0,5.0,0.0,ML,,,,2.8,0.3,4
1188596,1997-10-18T04:03:36Z,-38.03,0.0,176.97,0.1,5.0,0.0,ML,,,,2.9,0.3,4
1187957,1997-10-18T04:32:34Z,-38.5,0.0,176.13,0.0,5.0,0.0,ML,,,,2.6,0.4,4
1189068,1997-10-18T04:40:03Z,-38.48,0.0,176.17,0.0,5.0,0.0,ML,,,,2.4,0.3,3
1189069,1997-10-18T04:40:58Z,-38.48,0.0,176.16,0.0,5.0,0.0,ML,,,,2.6,0.2,2
1187784,1997-10-18T07:47:17Z,-45.11,0.0,169.25,0.0,12.0,0.0,ML,,,,3.5,0.2,5
1188210,1997-10-18T08:17:24Z,-39.28,0.0,175.56,0.0,0.0,0.0,ML,,,,2.8,0.1,3
1188218,1997-10-18T09:36:34Z,-38.0,0.1,176.75,0.2,195.0,20.0,ML,,,,3.5,0.2,2
1189036,1997-10-18T10:38:19Z,-41.11,0.0,175.66,0.0,14.0,0.0,ML,,,,1.7,0.1,7
1188599,1997-10-18T10:51:51Z,-38.34,0.0,176.23,0.0,5.0,0.0,ML,,,,2.5,0.2,3
1188941,1997-10-18T11:11:49Z,-39.32,0.0,175.74,0.0,15.0,1.0,ML,,,,2.4,0.2,3
1188919,1997-10-18T11:32:48Z,-41.43,0.0,174.17,0.0,50.0,2.0,ML,,,,3.7,0.3,10
1187977,1997-10-18T11:41:43Z,-45.28,0.0,166.88,0.1,12.0,0.0,ML,,,,3.3,0.2,7
1188229,1997-10-18T12:10:26Z,-39.38,0.0,175.65,0.0,12.0,0.0,ML,,,,1.7,0.2,3
1187978,1997-10-18T13:05:08Z,-45.19,0.0,168.8,0.0,5.0,0.0,ML,,,,2.2,0.1,3
1188468,1997-10-18T13:21:52Z,-38.19,0.0,176.27,0.0,168.0,4.0,ML,,,,4.1,0.3,14
1188817,1997-10-18T13:26:16Z,-41.58,0.0,174.66,0.0,31.0,1.0,ML,,,,2.0,0.1,3
1187588,1997-10-18T15:48:48Z,-40.76,0.0,172.93,0.0,208.0,3.0,ML,,,,4.4,0.3,16
1189037,1997-10-18T17:13:52Z,-41.07,0.0,174.58,0.0,35.0,1.0,ML,,,,2.5,0.2,10
1205084,1997-10-18T17:14:35Z,-41.06,0.0,174.57,0.0,34.0,1.0,ML,,,,2.1,0.1,6
1189038,1997-10-18T17:22:35Z,-40.86,0.0,175.63,0.0,21.0,2.0,ML,,,,2.2,0.1,3
1189039,1997-10-18T19:04:06Z,-41.18,0.0,176.01,0.1,33.0,2.0,ML,,,,2.0,0.1,3
1189040,1997-10-18T19:18:42Z,-40.15,0.0,174.69,0.1,20.0,5.0,ML,,,,2.0,0.3,4
1189070,1997-10-18T19:21:40Z,-38.31,0.0,176.32,0.0,5.0,0.0,ML,,,,2.7,0.2,4
1205145,1997-10-18T19:21:55Z,-38.41,0.0,176.37,0.0,5.0,0.0,ML,,,,2.5,0.2,3
1187590,1997-10-18T19:29:21Z,-37.31,0.1,179.09,0.1,12.0,0.0,ML,,,,3.0,0.4,2
1187991,1997-10-18T22:30:36Z,-39.02,0.0,173.87,0.0,12.0,0.0,ML,,,,3.0,0.4,4
1188356,1997-10-18T22:39:07Z,-44.91,0.0,167.38,0.0,54.0,1.0,ML,,,,2.2,0.1,3
1188393,1997-10-19T02:07:06Z,-41.2,0.0,175.22,0.0,12.0,1.0,ML,,,,1.8,0.1,2
1188395,1997-10-19T02:24:51Z,-41.26,0.0,175.32,0.0,28.0,1.0,ML,,,,2.7,0.1,9
1188399,1997-10-19T03:10:01Z,-39.45,0.1,175.95,0.1,57.0,3.0,ML,,,,2.8,nan,1
1188412,1997-10-19T04:38:29Z,-41.65,0.0,174.22,0.0,5.0,0.0,ML,,,,2.8,0.2,11
1189041,1997-10-19T04:56:00Z,-41.57,0.0,174.16,0.0,5.0,0.0,ML,,,,2.9,0.3,15
1188637,1997-10-19T05:04:52Z,-39.29,0.0,173.87,0.0,12.0,1.0,ML,,,,3.0,0.4,10
1187993,1997-10-19T07:05:08Z,-40.08,0.0,174.95,0.0,17.0,4.0,ML,,,,2.8,0.3,12
1188256,1997-10-19T07:55:02Z,-39.23,0.0,175.31,0.0,5.0,0.0,ML,,,,2.2,0.1,4
1188846,1997-10-19T09:03:17Z,-37.93,0.0,178.55,0.0,12.0,0.0,ML,,,,2.7,0.2,2
1188921,1997-10-19T10:01:57Z,-39.02,0.0,175.72,0.1,93.0,3.0,ML,,,,3.1,0.2,6
1188275,1997-10-19T10:51:50Z,-37.88,0.0,178.92,0.0,12.0,0.0,ML,,,,2.9,0.1,2
1187791,1997-10-19T11:14:45Z,-43.21,0.0,171.49,0.0,5.0,0.0,ML,,,,2.4,0.4,4
1188283,1997-10-19T13:17:49Z,-44.91,0.0,167.34,0.0,104.0,1.0,ML,,,,2.7,0.3,3
1189043,1997-10-19T15:27:26Z,-38.54,0.1,175.73,0.1,184.0,16.0,ML,,,,3.6,0.3,6
1188427,1997-10-19T19:18:37Z,-38.85,0.0,176.02,0.0,5.0,0.0,ML,,,,2.2,0.1,5
1194612,1997-10-19T20:16:32Z,-40.84,0.0,174.87,0.0,50.0,1.0,ML,,,,2.0,0.2,4
1188567,1997-10-19T20:24:08Z,-38.21,0.1,176.48,0.1,190.0,8.0,ML,,,,3.3,0.1,5
1189046,1997-10-19T21:10:13Z,-41.32,0.0,172.85,0.0,192.0,2.0,ML,,,,2.9,0.3,7
1188604,1997-10-19T22:42:13Z,-40.89,0.0,175.01,0.0,34.0,1.0,ML,,,,2.0,0.2,4
1188428,1997-10-20T00:40:56Z,-38.79,0.1,175.9,0.2,226.0,13.0,ML,,,,3.6,0.1,8
1189303,1997-10-20T00:54:59Z,-39.33,0.0,173.82,0.0,10.0,2.0,ML,,,,1.6,0.2,3
1188297,1997-10-20T01:59:54Z,-39.49,0.1,177.69,0.1,33.0,0.0,ML,,,,3.6,0.3,10
1188607,1997-10-20T04:13:28Z,-39.34,0.0,174.99,0.0,33.0,0.0,ML,,,,2.7,0.2,3
1188886,1997-10-20T11:25:57Z,-37.84,0.0,178.58,0.1,12.0,0.0,ML,,,,2.3,0.3,3
1187799,1997-10-20T12:30:01Z,-43.2,0.0,172.66,0.0,12.0,0.0,ML,,,,2.8,0.1,3
1187800,1997-10-20T13:05:39Z,-43.14,0.0,171.44,0.0,5.0,0.0,ML,,,,2.6,0.1,3
1200182,1997-10-20T13:23:40Z,-41.51,0.0,175.5,0.0,22.0,1.0,ML,,,,2.3,0.2,8
1195103,1997-10-20T13:31:11Z,-41.31,0.0,174.21,0.0,32.0,2.0,ML,,,,2.4,0.2,7
1189304,1997-10-20T14:27:02Z,-38.06,0.0,176.63,0.0,12.0,0.0,ML,,,,2.1,0.1,4
1188677,1997-10-20T14:56:01Z,-40.27,0.0,173.38,0.0,185.0,5.0,ML,,,,3.6,0.2,9
1194407,1997-10-20T15:55:03Z,-39.33,0.0,175.75,0.0,15.0,0.0,ML,,,,2.1,0.2,3
1187801,1997-10-20T16:18:30Z,-39.65,0.0,174.86,0.0,101.0,5.0,ML,,,,2.9,0.2,5
1187982,1997-10-20T16:41:43Z,-45.71,0.0,168.05,0.0,12.0,0.0,ML,,,,1.8,0.1,3
1183215,1997-10-20T17:53:56Z,-43.45,0.0,170.56,0.0,5.0,0.0,ML,,,,3.6,0.2,11
1187983,1997-10-20T18:31:08Z,-45.34,0.0,166.61,0.1,19.0,2.0,ML,,,,2.6,0.2,4
1187804,1997-10-20T18:44:37Z,-43.3,0.0,171.35,0.0,5.0,0.0,ML,,,,2.9,0.3,5
1200185,1997-10-20T18:53:12Z,-40.08,0.0,174.02,0.0,158.0,4.0,ML,,,,2.9,0.4,7
1189284,1997-10-20T19:09:43Z,-41.04,0.0,175.51,0.0,21.0,1.0,ML,,,,2.2,0.2,8
1195073,1997-10-20T19:36:01Z,-41.65,0.0,173.58,0.0,63.0,3.0,ML,,,,3.1,0.3,8
1195194,1997-10-20T19:58:15Z,-41.38,0.0,173.06,0.0,104.0,5.0,ML,,,,2.6,0.1,8
1205849,1997-10-20T20:27:15Z,-38.07,0.1,177.01,0.2,245.0,8.0,ML,,,,3.4,0.2,7
1188432,1997-10-20T20:27:28Z,-40.68,0.1,175.27,0.0,34.0,6.0,ML,,,,1.8,0.1,4
1189646,1997-10-20T20:41:04Z,-40.02,0.0,174.94,0.0,26.0,6.0,ML,,,,2.4,0.3,3
1188433,1997-10-20T21:26:55Z,-40.38,0.0,177.29,0.0,28.0,6.0,ML,,,,3.6,0.3,19
1189288,1997-10-20T21:38:11Z,-41.13,0.0,173.95,0.0,60.0,3.0,ML,,,,3.0,0.3,12
1189289,1997-10-20T21:58:15Z,-40.9,0.0,175.89,0.1,31.0,3.0,ML,,,,1.7,0.1,6
1187984,1997-10-20T23:05:06Z,-41.66,0.0,172.81,0.0,72.0,1.0,ML,,,,2.2,nan,1
1194305,1997-10-20T23:50:37Z,-39.15,0.0,175.42,0.0,10.0,1.0,ML,,,,2.0,0.1,3
1188576,1997-10-21T01:06:17Z,-39.24,0.0,174.85,0.0,147.0,3.0,ML,,,,3.5,0.3,10
1205850,1997-10-21T01:07:13Z,-41.59,0.0,173.46,0.0,62.0,4.0,ML,,,,2.6,0.3,6
1189305,1997-10-21T01:20:18Z,-39.22,0.0,173.85,0.1,19.0,5.0,ML,,,,1.9,0.3,4
1187994,1997-10-21T01:51:08Z,-39.28,0.0,175.01,0.0,25.0,3.0,ML,,,,2.9,0.3,4
1189291,1997-10-21T01:59:12Z,-39.05,0.1,175.64,0.2,127.0,13.0,ML,,,,3.1,0.4,6
1189293,1997-10-21T02:20:31Z,-39.32,0.0,175.77,0.0,11.0,3.0,ML,,,,2.5,0.1,3
1205852,1997-10-21T02:21:20Z,-40.53,0.1,175.42,0.0,30.0,3.0,ML,,,,2.2,0.1,7
1188684,1997-10-21T02:50:05Z,-45.08,0.0,167.47,0.0,110.0,3.0,ML,,,,3.4,0.1,5
1205853,1997-10-21T02:51:09Z,-39.19,0.0,174.51,0.0,27.0,2.0,ML,,,,2.1,0.1,4
1189294,1997-10-21T03:47:57Z,-37.62,0.1,178.83,0.4,78.0,17.0,ML,,,,3.7,0.3,3
1193632,1997-10-21T07:30:44Z,-40.4,0.0,176.6,0.0,20.0,4.0,ML,,,,2.9,0.4,10
1199808,1997-10-21T07:48:02Z,-40.98,0.0,176.17,0.1,28.0,4.0,ML,,,,1.8,0.2,4
1189651,1997-10-21T08:00:45Z,-40.97,0.0,176.13,0.1,28.0,4.0,ML,,,,2.0,0.2,6
1194310,1997-10-21T08:48:24Z,-39.48,0.0,175.61,0.0,26.0,5.0,ML,,,,2.5,0.3,10
1194000,1997-10-21T09:50:00Z,-40.91,0.0,175.69,0.0,26.0,2.0,ML,,,,1.9,0.1,4
1193204,1997-10-21T10:07:26Z,-39.82,0.1,176.97,0.1,56.0,13.0,ML,,,,2.7,0.1,4
1194085,1997-10-21T12:15:56Z,-39.33,0.0,175.51,0.0,5.0,0.0,ML,,,,2.1,0.3,3
1200190,1997-10-21T12:24:08Z,-40.81,0.0,175.03,0.0,34.0,1.0,ML,,,,1.5,0.4,4
1189379,1997-10-21T13:47:47Z,-38.34,0.1,175.85,0.1,195.0,14.0,ML,,,,3.7,0.3,10
1193095,1997-10-21T14:14:41Z,-45.01,0.2,167.67,0.1,127.0,7.0,ML,,,,3.2,0.1,2
1200192,1997-10-21T14:28:35Z,-40.66,0.0,175.02,0.0,32.0,1.0,ML,,,,1.8,0.2,5
1193213,1997-10-21T15:47:59Z,-40.28,0.1,176.15,0.1,40.0,6.0,ML,,,,1.9,0.1,4
1183216,1997-10-21T16:10:22Z,-44.06,0.0,168.74,0.1,5.0,0.0,ML,,,,2.4,0.2,3
1187996,1997-10-21T18:25:25Z,-40.09,0.0,174.79,0.0,58.0,3.0,ML,,,,2.7,0.2,7
1187997,1997-10-21T18:30:35Z,-41.07,0.0,175.52,0.0,13.0,2.0,ML,,,,3.5,0.3,17
1199814,1997-10-21T18:40:21Z,-41.05,0.0,175.5,0.0,12.0,2.0,ML,,,,2.0,0.1,4
1193096,1997-10-21T20:23:35Z,-44.89,0.0,167.65,0.0,77.0,3.0,ML,,,,3.1,0.2,6
1199816,1997-10-21T21:23:24Z,-40.9,0.0,175.72,0.0,31.0,1.0,ML,,,,2.2,0.0,3
1200195,1997-10-21T21:34:50Z,-40.76,0.0,174.65,0.0,16.0,2.0,ML,,,,1.8,0.0,3
1194545,1997-10-21T22:34:48Z,-40.92,0.0,175.67,0.0,30.0,2.0,ML,,,,2.8,0.1,10
1200196,1997-10-21T23:14:00Z,-41.3,0.0,175.27,0.0,24.0,1.0,ML,,,,1.8,0.2,3
1199817,1997-10-21T23:40:04Z,-41.13,0.0,174.4,0.0,59.0,2.0,ML,,,,2.0,0.2,5
1193708,1997-10-22T01:09:48Z,-42.1,0.0,171.51,0.1,12.0,0.0,ML,,,,2.7,0.1,4
1193709,1997-10-22T03:21:26Z,-41.84,0.0,173.76,0.0,52.0,4.0,ML,,,,2.1,0.2,3
1193637,1997-10-22T03:55:13Z,-39.96,0.0,176.77,0.0,20.0,4.0,ML,,,,2.9,0.4,6
1189394,1997-10-22T04:05:09Z,-39.33,0.0,175.73,0.0,16.0,0.0,ML,,,,2.0,0.1,3
1194431,1997-10-22T06:57:48Z,-40.89,0.0,175.06,0.0,28.0,1.0,ML,,,,3.0,0.2,14
1189403,1997-10-22T07:13:07Z,-41.02,0.0,174.78,0.0,32.0,1.0,ML,,,,2.0,0.2,5
1193161,1997-10-22T07:27:09Z,-38.76,0.0,175.31,0.0,212.0,3.0,ML,,,,4.7,0.2,18
1189404,1997-10-22T07:47:36Z,-38.28,0.0,175.89,0.1,190.0,9.0,ML,,,,3.3,0.2,8
1193162,1997-10-22T08:25:31Z,-40.2,0.0,174.18,0.0,94.0,6.0,ML,,,,3.0,0.2,7
1205861,1997-10-22T08:26:04Z,-37.92,0.0,179.15,0.0,12.0,0.0,ML,,,,3.2,0.2,3
1194315,1997-10-22T09:18:18Z,-39.21,0.0,175.37,0.0,5.0,0.0,ML,,,,2.0,0.2,4
1194432,1997-10-22T11:58:38Z,-39.28,0.0,175.56,0.0,0.0,0.0,ML,,,,1.2,0.1,4
1200177,1997-10-22T12:23:46Z,-39.22,0.0,173.72,0.1,16.0,4.0,ML,,,,1.7,0.2,3
1200200,1997-10-22T13:12:20Z,-41.28,0.0,175.17,0.0,22.0,1.0,ML,,,,1.9,0.1,3
1194338,1997-10-22T13:20:38Z,-39.83,0.0,174.75,0.1,33.0,0.0,ML,,,,2.5,0.0,6
1193714,1997-10-22T13:56:46Z,-37.19,0.0,178.99,0.1,12.0,0.0,ML,,,,4.2,0.3,26
1200202,1997-10-22T15:25:46Z,-41.01,0.0,175.36,0.0,28.0,2.0,ML,,,,1.6,0.1,4
1193105,1997-10-22T15:34:59Z,-45.03,0.0,167.54,0.0,83.0,3.0,ML,,,,3.1,0.2,6
1189412,1997-10-22T15:46:16Z,-39.46,0.0,174.3,0.1,222.0,5.0,ML,,,,4.1,0.2,14
1193106,1997-10-22T16:41:50Z,-44.96,0.0,167.49,0.0,58.0,8.0,ML,,,,2.5,0.1,5
1199826,1997-10-22T16:45:24Z,-40.26,0.0,174.4,0.0,5.0,0.0,ML,,,,2.5,0.4,6
1193240,1997-10-22T17:25:37Z,-43.0,0.0,171.36,0.0,5.0,0.0,ML,,,,2.8,0.3,6
1205865,1997-10-22T17:58:18Z,-37.41,0.0,176.38,0.1,131.0,16.0,ML,,,,3.3,0.1,7
1189414,1997-10-22T17:58:55Z,-39.28,0.0,173.88,0.0,12.0,0.0,ML,,,,1.4,0.1,2
1193242,1997-10-22T18:03:58Z,-39.14,0.0,175.38,0.1,5.0,0.0,ML,,,,1.6,0.2,3
1193163,1997-10-22T18:08:54Z,-39.26,0.0,174.73,0.0,33.0,3.0,ML,,,,2.6,0.3,9
1189418,1997-10-22T19:03:49Z,-38.43,0.0,177.33,0.0,139.0,8.0,ML,,,,3.2,0.1,5
1193107,1997-10-22T19:59:18Z,-44.99,0.0,167.53,0.0,102.0,5.0,ML,,,,3.1,0.2,6
1193164,1997-10-22T20:54:28Z,-40.51,0.0,174.75,0.0,25.0,2.0,ML,,,,3.0,0.3,16
1194317,1997-10-22T21:54:02Z,-39.33,0.0,175.74,0.0,16.0,1.0,ML,,,,2.8,0.2,4
1194434,1997-10-22T22:00:16Z,-39.28,0.0,175.56,0.0,0.0,0.0,ML,,,,1.4,0.1,4
1189430,1997-10-23T00:17:32Z,-39.87,0.1,176.14,0.0,33.0,0.0,ML,,,,2.6,0.1,3
1200209,1997-10-23T01:13:03Z,-41.29,0.0,175.24,0.0,27.0,3.0,ML,,,,1.4,0.0,2
1193650,1997-10-23T04:57:29Z,-38.44,0.0,175.84,0.1,229.0,5.0,ML,,,,3.4,0.3,3
1189441,1997-10-23T05:03:00Z,-45.23,0.0,166.86,0.1,12.0,0.0,ML,,,,2.7,0.2,5
1200755,1997-10-23T05:47:06Z,-40.23,0.0,174.89,0.0,5.0,0.0,ML,,,,1.9,0.1,4
1194436,1997-10-23T06:10:32Z,-39.56,0.0,175.57,0.0,12.0,0.0,ML,,,,1.8,0.2,3
1194437,1997-10-23T07:13:48Z,-39.28,0.0,175.56,0.0,0.0,0.0,ML,,,,1.6,0.3,4
1189445,1997-10-23T07:44:32Z,-37.21,0.0,179.23,0.0,12.0,0.0,ML,,,,4.1,0.3,9
1193255,1997-10-23T08:42:42Z,-42.99,0.0,171.39,0.0,12.0,0.0,ML,,,,2.8,0.2,5
1193383,1997-10-23T10:26:41Z,-45.31,0.0,166.98,0.0,48.0,2.0,ML,,,,2.6,0.1,3
1193725,1997-10-23T10:44:19Z,-39.28,0.0,175.56,0.0,0.0,0.0,ML,,,,1.6,0.3,3
1200211,1997-10-23T10:49:29Z,-40.77,0.0,174.61,0.0,12.0,0.0,ML,,,,1.8,0.1,6
1199838,1997-10-23T11:11:00Z,-40.49,0.0,174.49,0.0,79.0,3.0,ML,,,,2.6,0.2,6
1199839,1997-10-23T11:43:13Z,-40.24,0.0,174.65,0.0,33.0,4.0,ML,,,,2.0,0.3,4
1193262,1997-10-23T12:47:54Z,-40.74,0.0,174.65,0.0,17.0,3.0,ML,,,,2.3,0.1,4
1193727,1997-10-23T13:21:46Z,-42.66,0.0,172.38,0.0,16.0,1.0,ML,,,,2.8,0.4,3
1194342,1997-10-23T14:58:37Z,-40.67,0.0,174.01,0.0,97.0,3.0,ML,,,,2.9,0.2,8
1194442,1997-10-23T16:35:49Z,-39.16,0.0,175.48,0.0,5.0,0.0,ML,,,,1.6,0.2,3
1200214,1997-10-23T18:41:57Z,-41.15,0.0,174.65,0.0,31.0,1.0,ML,,,,2.2,0.1,4
1183220,1997-10-23T18:43:09Z,-44.06,0.0,168.73,0.0,5.0,0.0,ML,,,,3.2,0.2,8
1193656,1997-10-23T18:59:34Z,-40.01,0.0,176.42,0.1,33.0,3.0,ML,,,,3.1,0.4,5
1193110,1997-10-23T20:40:40Z,-45.03,0.0,167.54,0.0,64.0,3.0,ML,,,,3.1,0.2,6
1193903,1997-10-23T22:50:05Z,-43.0,0.0,171.35,0.0,12.0,0.0,ML,,,,2.3,0.2,3
1194443,1997-10-23T22:51:56Z,-39.28,0.0,175.56,0.0,0.0,0.0,ML,,,,1.4,0.2,4
1193660,1997-10-23T23:06:28Z,-38.44,0.1,175.7,0.1,290.0,7.0,ML,,,,4.0,0.2,13
1194321,1997-10-24T05:06:03Z,-39.34,0.0,175.03,0.0,33.0,0.0,ML,,,,2.9,0.2,4
1189491,1997-10-24T08:27:11Z,-36.88,0.1,176.51,0.2,258.0,20.0,ML,,,,4.2,0.2,12
1194010,1997-10-24T09:13:11Z,-39.16,0.0,175.63,0.0,0.0,0.0,ML,,,,2.0,0.1,3
1193165,1997-10-24T09:15:12Z,-41.07,0.0,175.12,0.0,29.0,1.0,ML,,,,3.0,0.2,13
1193908,1997-10-24T09:27:03Z,-38.91,0.0,177.59,0.0,30.0,2.0,ML,,,,3.4,0.3,26
1193139,1997-10-24T11:47:57Z,-44.82,0.0,169.66,0.0,5.0,0.0,ML,,,,2.9,0.2,8
1189493,1997-10-24T11:59:00Z,-37.02,0.1,176.75,0.0,12.0,0.0,ML,,,,3.9,0.2,6
1193399,1997-10-24T13:06:55Z,-42.28,0.0,172.98,0.0,12.0,0.0,ML,,,,3.5,0.3,17
1193166,1997-10-24T13:39:44Z,-40.52,0.0,174.74,0.0,25.0,1.0,ML,,,,2.9,0.3,14
1193293,1997-10-24T14:02:44Z,-38.61,0.0,175.97,0.0,5.0,0.0,ML,,,,2.7,0.1,6
1200178,1997-10-24T14:07:05Z,-39.27,0.0,173.78,0.0,12.0,0.0,ML,,,,1.7,0.0,2
1194171,1997-10-24T15:01:49Z,-41.47,0.0,174.27,0.0,35.0,2.0,ML,,,,2.6,0.2,9
1194324,1997-10-24T17:54:11Z,-39.13,0.0,175.4,0.0,5.0,0.0,ML,,,,2.1,0.1,4
1193401,1997-10-24T18:22:21Z,-42.24,0.0,172.96,0.0,12.0,0.0,ML,,,,2.3,0.3,3
1200217,1997-10-24T19:51:01Z,-41.54,0.0,175.91,0.1,24.0,4.0,ML,,,,2.1,0.1,2
1189501,1997-10-24T20:13:51Z,-40.58,0.0,174.22,0.0,31.0,3.0,ML,,,,2.4,0.2,5
1199895,1997-10-24T20:24:49Z,-40.39,0.0,175.8,0.0,34.0,0.0,ML,,,,2.2,0.2,4
1193732,1997-10-24T20:53:43Z,-38.04,0.0,176.77,0.0,5.0,0.0,ML,,,,2.2,0.1,4
1193663,1997-10-24T20:55:56Z,-39.7,0.1,176.81,0.1,53.0,8.0,ML,,,,2.5,0.3,3
1194015,1997-10-24T21:11:11Z,-39.01,0.0,174.06,0.0,11.0,2.0,ML,,,,3.0,0.5,9
1193733,1997-10-24T22:15:52Z,-41.64,0.0,174.22,0.0,5.0,0.0,ML,,,,3.2,0.2,16
1189503,1997-10-24T22:29:52Z,-38.36,0.1,176.57,0.2,232.0,8.0,ML,,,,3.4,0.2,10
1199897,1997-10-24T22:44:04Z,-40.69,0.0,175.33,0.0,31.0,2.0,ML,,,,2.1,0.1,3
1194185,1997-10-24T23:02:04Z,-41.17,0.0,172.68,0.0,215.0,4.0,ML,,,,3.4,0.1,6
1199899,1997-10-25T01:55:38Z,-40.38,0.0,174.5,0.0,85.0,4.0,ML,,,,2.7,0.1,8
1194191,1997-10-25T02:03:04Z,-37.55,0.0,177.07,0.0,12.0,0.0,ML,,,,3.3,0.3,7
1194508,1997-10-25T02:12:18Z,-40.38,0.0,174.8,0.0,20.0,3.0,ML,,,,2.2,0.2,7
1193140,1997-10-25T03:26:25Z,-44.99,0.0,167.49,0.0,51.0,7.0,ML,,,,2.7,0.3,4
1194192,1997-10-25T03:40:17Z,-36.86,0.1,176.5,0.5,218.0,40.0,ML,,,,3.7,0.3,12
1183228,1997-10-25T04:05:50Z,-45.22,0.0,166.83,0.0,12.0,0.0,ML,,,,2.8,0.2,4
1193669,1997-10-25T04:24:59Z,-38.83,0.0,176.5,0.0,12.0,0.0,ML,,,,2.8,0.1,5
1193167,1997-10-25T04:58:31Z,-40.06,0.0,174.8,0.0,12.0,0.0,ML,,,,2.3,0.2,6
1193141,1997-10-25T05:09:19Z,-47.44,0.0,166.38,0.1,12.0,0.0,ML,,,,3.2,0.3,4
1194363,1997-10-25T06:03:44Z,-40.33,0.0,174.52,0.0,72.0,5.0,ML,,,,2.9,0.2,6
1193671,1997-10-25T07:52:58Z,-39.7,0.0,176.76,0.0,55.0,5.0,ML,,,,2.6,0.1,3
1194033,1997-10-25T08:03:32Z,-39.19,0.0,174.88,0.0,5.0,0.0,ML,,,,2.5,0.2,4
1193931,1997-10-25T08:28:15Z,-41.6,0.0,174.49,0.0,5.0,0.0,ML,,,,2.0,0.2,4
1193168,1997-10-25T08:57:52Z,-41.07,0.0,174.8,0.0,30.0,1.0,ML,,,,3.7,0.3,17
1194547,1997-10-25T08:59:52Z,-41.05,0.0,174.77,0.0,31.0,1.0,ML,,,,2.7,0.2,10
1200218,1997-10-25T09:24:49Z,-41.05,0.0,174.78,0.0,30.0,1.0,ML,,,,2.1,0.1,6
1193144,1997-10-25T10:05:27Z,-45.13,0.0,167.1,0.0,5.0,0.0,ML,,,,3.5,0.2,7
1205950,1997-10-25T10:06:53Z,-45.02,0.0,167.46,0.0,105.0,3.0,ML,,,,2.9,0.2,6
1194454,1997-10-25T10:54:12Z,-39.48,0.0,175.66,0.0,12.0,0.0,ML,,,,2.0,0.2,3
1193169,1997-10-25T14:02:31Z,-40.57,0.0,174.36,0.0,85.0,3.0,ML,,,,3.1,0.3,12
1194059,1997-10-25T15:07:37Z,-40.6,0.0,174.53,0.0,74.0,2.0,ML,,,,3.3,0.2,12
1199996,1997-10-25T17:30:43Z,-41.06,0.0,174.79,0.0,30.0,1.0,ML,,,,3.0,0.2,13
1189528,1997-10-25T18:26:34Z,-37.89,0.0,176.53,0.0,235.0,4.0,ML,,,,3.1,0.3,7
1194455,1997-10-25T18:55:32Z,-39.5,0.0,175.65,0.0,23.0,2.0,ML,,,,2.7,0.3,4
1193145,1997-10-25T20:01:50Z,-45.1,0.0,167.39,0.0,115.0,3.0,ML,,,,3.2,0.2,6
1193146,1997-10-25T22:30:24Z,-45.67,0.0,167.17,0.0,97.0,2.0,ML,,,,3.1,0.4,6
1193390,1997-10-25T23:28:58Z,-45.41,0.0,167.03,0.0,55.0,2.0,ML,,,,2.0,0.0,3
1193988,1997-10-26T00:14:44Z,-38.35,0.0,176.49,0.0,5.0,0.0,ML,,,,2.1,0.1,3
1193942,1997-10-26T00:36:06Z,-41.29,0.0,175.25,0.0,28.0,1.0,ML,,,,2.0,0.1,5
1199923,1997-10-26T00:40:40Z,-41.29,0.0,175.25,0.0,28.0,1.0,ML,,,,2.0,0.1,6
1200222,1997-10-26T01:22:32Z,-41.08,0.0,174.49,0.0,48.0,0.0,ML,,,,2.4,0.2,6
1189539,1997-10-26T01:37:46Z,-45.13,0.0,166.81,0.0,19.0,2.0,ML,,,,2.7,0.1,3
1189541,1997-10-26T01:47:06Z,-40.67,0.0,173.89,0.0,79.0,3.0,ML,,,,2.7,0.2,5
1193416,1997-10-26T05:00:21Z,-39.04,0.0,174.92,0.1,221.0,4.0,ML,,,,3.4,0.2,9
1199924,1997-10-26T05:16:40Z,-41.08,0.0,175.19,0.0,26.0,3.0,ML,,,,2.2,0.2,6
1193677,1997-10-26T06:05:54Z,-39.81,0.0,176.36,0.0,38.0,2.0,ML,,,,3.0,0.3,3
1189566,1997-10-26T06:28:51Z,-37.37,0.0,178.48,0.1,5.0,0.0,ML,,,,3.5,0.3,3
1200225,1997-10-26T06:33:50Z,-40.76,0.0,174.89,0.0,5.0,0.0,ML,,,,1.9,0.2,2
1193150,1997-10-26T07:38:46Z,-41.4,0.0,174.89,0.0,12.0,1.0,ML,,,,1.5,0.1,7
1194521,1997-10-26T07:40:42Z,-41.08,0.0,174.86,0.0,31.0,1.0,ML,,,,1.9,0.2,4
1193315,1997-10-26T08:12:26Z,-40.5,0.0,174.11,0.0,64.0,4.0,ML,,,,2.2,0.2,5
1189568,1997-10-26T08:58:06Z,-38.11,0.1,176.0,0.1,175.0,8.0,ML,,,,3.9,0.2,16
1189570,1997-10-26T09:34:21Z,-37.28,0.1,176.11,0.1,12.0,0.0,ML,,,,3.8,0.7,4
1193678,1997-10-26T09:51:05Z,-40.37,0.0,176.48,0.0,12.0,0.0,ML,,,,3.1,0.2,13
1193323,1997-10-26T10:08:25Z,-38.46,0.1,175.79,0.2,188.0,21.0,ML,,,,3.3,0.3,4
1194461,1997-10-26T10:42:17Z,-38.85,0.0,175.95,0.0,5.0,0.0,ML,,,,1.8,0.1,3
1194653,1997-10-26T11:23:54Z,-38.12,0.0,176.45,0.0,5.0,0.0,ML,,,,2.7,0.3,6
1193329,1997-10-26T11:33:21Z,-43.42,0.0,170.99,0.0,5.0,0.0,ML,,,,3.0,0.4,5
1194548,1997-10-26T11:42:09Z,-41.3,0.0,175.0,0.0,25.0,0.0,ML,,,,2.2,0.2,7
1193331,1997-10-26T11:47:15Z,-42.0,0.0,173.28,0.0,22.0,0.0,ML,,,,2.3,0.1,2
1189571,1997-10-26T12:50:08Z,-37.08,0.1,177.47,0.1,148.0,20.0,ML,,,,4.0,0.2,13
1193763,1997-10-26T13:00:16Z,-41.99,0.0,173.89,0.0,14.0,2.0,ML,,,,2.6,0.3,8
1189573,1997-10-26T13:57:57Z,-39.46,0.0,175.61,0.0,22.0,2.0,ML,,,,2.6,0.3,10
1206002,1997-10-26T13:58:37Z,-39.6,0.0,174.88,0.0,104.0,3.0,ML,,,,4.3,0.2,4
1200230,1997-10-26T14:40:19Z,-40.86,0.0,173.11,0.0,234.0,1.0,ML,,,,2.7,0.3,8
1200231,1997-10-26T15:19:34Z,-40.81,0.0,174.86,0.0,60.0,1.0,ML,,,,2.3,0.2,8
1199927,1997-10-26T15:36:22Z,-38.81,0.0,175.04,0.1,281.0,6.0,ML,,,,3.4,0.2,8
1193393,1997-10-26T15:41:26Z,-45.17,0.0,167.07,0.0,51.0,1.0,ML,,,,2.6,0.1,3
1200180,1997-10-26T15:50:06Z,-39.28,0.0,173.87,0.0,27.0,2.0,ML,,,,1.8,0.0,2
1193343,1997-10-26T16:01:09Z,-42.98,0.0,171.41,0.0,5.0,0.0,ML,,,,3.1,0.4,6
1206009,1997-10-26T16:01:36Z,-42.04,0.0,174.18,0.0,12.0,3.0,ML,,,,2.2,0.2,5
1193170,1997-10-26T16:33:18Z,-40.38,0.0,175.29,0.0,40.0,3.0,ML,,,,3.3,0.2,12
1193171,1997-10-26T17:50:04Z,-40.58,0.0,176.71,0.0,12.0,0.0,ML,,,,3.3,0.3,14
1189576,1997-10-26T18:40:45Z,-40.3,0.0,175.98,0.0,69.0,3.0,ML,,,,3.6,0.2,19
1194035,1997-10-26T19:03:34Z,-39.25,0.0,174.98,0.0,31.0,3.0,ML,,,,2.7,0.3,7
1183233,1997-10-26T19:21:25Z,-41.22,0.0,173.4,0.0,100.0,3.0,ML,,,,3.5,0.2,11
1189578,1997-10-26T20:04:29Z,-44.43,0.0,168.2,0.0,5.0,0.0,ML,,,,2.4,0.2,5
1193172,1997-10-26T20:38:13Z,-39.15,0.0,174.91,0.0,222.0,4.0,ML,,,,4.0,0.2,13
1206015,1997-10-26T20:39:22Z,-39.13,0.0,175.64,0.0,5.0,0.0,ML,,,,1.5,0.0,2
1193173,1997-10-26T20:46:03Z,-39.37,0.0,174.9,0.0,27.0,2.0,ML,,,,2.3,0.3,4
1193681,1997-10-26T20:55:40Z,-41.61,0.0,173.38,0.0,61.0,4.0,ML,,,,2.6,0.2,8
1206014,1997-10-26T20:56:49Z,-38.74,0.0,175.89,0.0,121.0,4.0,ML,,,,3.3,0.3,13
1200233,1997-10-26T21:47:10Z,-41.26,0.0,174.98,0.0,24.0,1.0,ML,,,,1.7,0.2,4
1193153,1997-10-26T22:02:48Z,-45.03,0.0,166.9,0.0,12.0,0.0,ML,,,,2.6,0.1,5
1200763,1997-10-26T22:14:02Z,-40.7,0.0,174.49,0.0,5.0,0.0,ML,,,,2.1,0.2,4
1193427,1997-10-26T22:18:21Z,-42.62,0.0,172.74,0.0,33.0,0.0,ML,,,,3.0,0.4,6
1194229,1997-10-26T22:45:09Z,-41.15,0.0,174.08,0.0,53.0,8.0,ML,,,,2.1,0.3,5
1189584,1997-10-26T23:28:23Z,-42.63,0.0,172.78,0.0,33.0,0.0,ML,,,,2.8,0.2,4
1193686,1997-10-26T23:34:03Z,-39.34,0.0,176.91,0.0,59.0,2.0,ML,,,,2.6,0.2,3
1193689,1997-10-27T00:18:52Z,-41.15,0.0,173.66,0.0,64.0,4.0,ML,,,,2.4,0.4,6
1189586,1997-10-27T01:24:05Z,-36.65,0.1,177.97,0.1,12.0,0.0,ML,,,,3.6,0.5,3
1194039,1997-10-27T01:38:21Z,-39.25,0.0,173.69,0.0,18.0,3.0,ML,,,,2.1,0.2,3
1194656,1997-10-27T02:00:46Z,-38.03,0.0,176.79,0.1,5.0,0.0,ML,,,,3.0,0.1,4
1193952,1997-10-27T03:44:20Z,-43.01,0.0,171.39,0.0,5.0,0.0,ML,,,,2.3,0.2,2
1193396,1997-10-27T04:23:47Z,-45.09,0.0,167.14,0.0,25.0,2.0,ML,,,,2.1,0.2,3
1206707,1997-10-27T04:25:32Z,-39.09,0.0,175.66,0.0,5.0,0.0,ML,,,,1.4,0.0,2
1193694,1997-10-27T04:36:47Z,-38.02,0.0,176.79,0.1,5.0,0.0,ML,,,,3.5,1.1,7
1183237,1997-10-27T05:35:20Z,-44.29,0.0,168.14,0.0,5.0,0.0,ML,,,,2.9,0.4,8
1200238,1997-10-27T06:28:41Z,-40.79,0.0,174.87,0.0,33.0,1.0,ML,,,,1.8,0.2,3
1193174,1997-10-27T07:34:05Z,-39.78,0.0,174.7,0.0,110.0,3.0,ML,,,,3.3,0.2,9
1194464,1997-10-27T09:08:14Z,-39.31,0.0,175.75,0.0,14.0,0.0,ML,,,,1.6,0.1,3
1193358,1997-10-27T09:24:38Z,-40.0,0.0,176.97,0.0,21.0,2.0,ML,,,,3.0,0.1,5
1193367,1997-10-27T11:30:51Z,-41.87,0.0,174.02,0.0,19.0,2.0,ML,,,,2.9,0.3,12
1206710,1997-10-27T11:31:59Z,-41.3,0.0,173.76,0.0,52.0,2.0,ML,,,,2.3,0.1,4
1194045,1997-10-27T11:46:21Z,-39.21,0.0,173.67,0.0,12.0,0.0,ML,,,,2.7,0.5,7
1203714,1997-10-27T12:39:33Z,-40.79,0.0,175.05,0.0,33.0,2.0,ML,,,,2.3,0.1,2
1199946,1997-10-27T13:04:03Z,-40.73,0.0,176.35,0.0,29.0,4.0,ML,,,,2.3,0.1,2
1193781,1997-10-27T13:19:41Z,-41.43,0.0,172.62,0.0,94.0,4.0,ML,,,,2.8,0.2,7
1199947,1997-10-27T15:08:06Z,-40.89,0.0,175.26,0.0,35.0,4.0,ML,,,,1.7,0.3,3
1189594,1997-10-27T15:37:31Z,-38.69,0.0,177.41,0.0,33.0,0.0,ML,,,,3.0,0.3,11
1203903,1997-10-27T16:05:01Z,-41.39,0.0,175.09,0.0,23.0,0.0,ML,,,,1.9,0.2,4
1200181,1997-10-27T16:12:41Z,-39.28,0.0,173.67,0.0,12.0,0.0,ML,,,,1.3,0.1,2
1194278,1997-10-27T17:14:00Z,-41.28,0.0,173.58,0.0,68.0,3.0,ML,,,,3.0,0.0,3
1193783,1997-10-27T18:10:17Z,-42.41,0.0,173.56,0.0,33.0,0.0,ML,,,,2.1,0.1,2
1193176,1997-10-27T18:21:25Z,-39.49,0.0,175.67,0.0,14.0,2.0,ML,,,,2.9,0.2,9
1193154,1997-10-27T18:37:59Z,-45.21,0.0,166.85,0.0,12.0,0.0,ML,,,,3.1,0.2,7
1193784,1997-10-27T19:03:43Z,-38.83,0.0,175.84,0.0,123.0,4.0,ML,,,,3.2,0.2,9
1193155,1997-10-27T20:14:42Z,-45.66,0.0,167.1,0.0,94.0,3.0,ML,,,,3.9,0.3,6
1193156,1997-10-27T20:37:13Z,-40.29,0.0,176.38,0.0,49.0,5.0,ML,,,,2.7,0.3,7
1193786,1997-10-27T23:51:05Z,-42.46,0.0,172.76,0.0,12.0,0.0,ML,,,,2.9,0.3,4
1183244,1997-10-28T00:20:21Z,-40.92,0.0,176.03,0.1,30.0,3.0,ML,,,,2.6,0.2,7
1206712,1997-10-28T00:20:33Z,-43.08,0.2,170.47,0.1,12.0,0.0,ML,,,,2.5,0.1,2
1199963,1997-10-28T00:28:59Z,-40.91,0.0,176.06,0.1,32.0,3.0,ML,,,,2.6,0.2,5
1203719,1997-10-28T00:35:27Z,-39.61,0.0,174.53,0.0,214.0,2.0,ML,,,,3.1,0.2,9
1194728,1997-10-28T01:12:37Z,-39.18,0.0,175.03,0.0,26.0,2.0,ML,,,,2.9,0.2,7
1197865,1997-10-28T02:33:29Z,-38.65,0.1,175.86,0.1,137.0,21.0,ML,,,,3.4,0.2,10
1203720,1997-10-28T02:39:31Z,-41.15,0.0,174.64,0.0,30.0,0.0,ML,,,,2.0,0.2,6
1183245,1997-10-28T02:44:34Z,-41.72,0.0,172.26,0.0,98.0,3.0,ML,,,,3.7,0.2,11
1194605,1997-10-28T02:49:59Z,-44.84,0.0,167.94,0.1,92.0,4.0,ML,,,,2.7,0.2,3
1193790,1997-10-28T03:56:10Z,-41.46,0.0,173.62,0.0,79.0,3.0,ML,,,,2.6,0.1,5
1199282,1997-10-28T04:10:55Z,-39.33,0.0,175.07,0.0,33.0,4.0,ML,,,,2.6,0.2,3
1198822,1997-10-28T04:54:17Z,-34.53,0.1,177.22,0.3,33.0,0.0,ML,,,,5.3,0.5,3
1198824,1997-10-28T05:24:25Z,-40.89,0.0,175.78,0.0,28.0,2.0,ML,,,,1.7,0.1,6
1193791,1997-10-28T05:50:44Z,-40.39,0.0,173.78,0.0,132.0,4.0,ML,,,,3.1,0.3,10
1193792,1997-10-28T06:02:33Z,-39.03,0.0,175.8,0.0,5.0,0.0,ML,,,,2.2,0.1,3
1194729,1997-10-28T06:09:53Z,-39.03,0.0,175.81,0.0,5.0,0.0,ML,,,,3.0,0.2,8
1203450,1997-10-28T06:40:11Z,-40.86,0.0,175.77,0.0,30.0,2.0,ML,,,,1.9,0.1,6
1194751,1997-10-28T06:54:49Z,-41.01,0.0,175.6,0.0,25.0,2.0,ML,,,,1.8,0.1,3
1194758,1997-10-28T08:22:18Z,-40.61,0.0,175.28,0.0,32.0,2.0,ML,,,,1.8,0.2,3
1199411,1997-10-28T09:18:05Z,-41.71,0.0,174.52,0.0,12.0,0.0,ML,,,,2.2,0.1,2
1198828,1997-10-28T09:35:34Z,-39.46,0.0,175.67,0.0,19.0,2.0,ML,,,,2.4,0.2,4
1203452,1997-10-28T10:10:54Z,-40.38,0.0,174.24,0.0,33.0,0.0,ML,,,,2.3,0.1,6
1198535,1997-10-28T10:44:32Z,-39.51,0.0,175.68,0.1,12.0,0.0,ML,,,,2.5,0.2,6
1199423,1997-10-28T11:00:04Z,-37.81,0.0,179.16,0.1,12.0,0.0,ML,,,,4.1,0.2,20
1194731,1997-10-28T11:07:19Z,-40.31,0.0,176.71,0.0,62.0,6.0,ML,,,,3.3,0.2,12
1199285,1997-10-28T11:15:12Z,-39.56,0.0,175.04,0.0,33.0,0.0,ML,,,,2.3,0.1,3
1199014,1997-10-28T12:47:24Z,-39.76,0.0,176.11,0.2,108.0,9.0,ML,,,,2.7,nan,1
1198840,1997-10-28T12:48:28Z,-37.83,0.0,179.19,0.0,12.0,0.0,ML,,,,2.4,0.1,2
1194300,1997-10-28T13:14:46Z,-44.42,0.0,168.38,0.0,5.0,0.0,ML,,,,2.7,0.1,3
1198848,1997-10-28T15:28:37Z,-40.78,0.0,175.04,0.0,33.0,1.0,ML,,,,1.8,0.2,6
1193455,1997-10-28T16:50:28Z,-42.31,0.0,172.86,0.0,12.0,0.0,ML,,,,2.7,0.2,6
1198859,1997-10-28T18:20:50Z,-37.25,0.1,178.43,0.4,12.0,0.0,ML,,,,3.4,0.2,3
1194777,1997-10-28T18:45:05Z,-45.52,0.0,167.02,0.0,86.0,3.0,ML,,,,2.9,0.2,5
1198735,1997-10-28T19:38:11Z,-40.93,0.0,174.4,0.0,45.0,1.0,ML,,,,2.0,0.0,3
1203723,1997-10-28T19:46:44Z,-40.97,0.0,174.64,0.0,37.0,1.0,ML,,,,2.2,0.2,6
1193804,1997-10-28T20:25:10Z,-41.7,0.0,174.24,0.0,20.0,4.0,ML,,,,1.8,0.2,6
1197873,1997-10-28T21:07:23Z,-40.28,0.0,174.7,0.0,25.0,5.0,ML,,,,2.1,0.1,4
1197876,1997-10-28T21:41:51Z,-41.3,0.0,175.27,0.0,27.0,1.0,ML,,,,1.6,0.1,4
1203460,1997-10-28T22:36:42Z,-37.15,0.1,176.86,0.2,140.0,37.0,ML,,,,3.3,0.2,6
1194732,1997-10-28T23:17:56Z,-40.09,0.0,175.13,0.0,12.0,0.0,ML,,,,2.7,0.4,8
1194733,1997-10-28T23:21:29Z,-40.12,0.0,175.0,0.0,5.0,0.0,ML,,,,2.4,0.4,5
1194734,1997-10-28T23:41:46Z,-38.83,0.0,176.68,0.0,54.0,1.0,ML,,,,2.9,0.2,5
1194735,1997-10-29T00:44:38Z,-39.24,0.0,174.88,0.0,23.0,3.0,ML,,,,2.5,0.3,6
1194781,1997-10-29T01:37:01Z,-39.04,0.0,174.07,0.0,12.0,0.0,ML,,,,1.7,0.1,4
1198864,1997-10-29T01:45:23Z,-38.2,0.0,179.04,0.0,12.0,0.0,ML,,,,3.0,0.2,3
1199329,1997-10-29T02:27:57Z,-41.28,0.0,175.18,0.0,22.0,2.0,ML,,,,1.8,0.2,2
1197914,1997-10-29T03:30:48Z,-39.05,0.0,174.08,0.0,12.0,0.0,ML,,,,2.2,0.3,5
1197915,1997-10-29T03:31:23Z,-39.16,0.0,175.5,0.0,5.0,0.0,ML,,,,1.7,0.2,4
1193811,1997-10-29T04:22:23Z,-41.17,0.0,173.45,0.0,95.0,3.0,ML,,,,3.5,0.2,12
1199340,1997-10-29T04:29:34Z,-39.5,0.0,175.62,0.0,12.0,0.0,ML,,,,2.1,0.3,3
1198663,1997-10-29T04:58:05Z,-39.04,0.0,174.07,0.0,5.0,0.0,ML,,,,1.4,0.3,2
1198665,1997-10-29T05:46:53Z,-46.03,0.0,168.39,0.0,26.0,4.0,ML,,,,2.0,0.1,3
1197928,1997-10-29T06:04:53Z,-38.12,0.0,179.01,0.0,12.0,0.0,ML,,,,3.0,0.2,3
1197929,1997-10-29T06:15:37Z,-40.76,0.0,174.21,0.0,51.0,5.0,ML,,,,2.1,0.2,4
1194736,1997-10-29T07:02:26Z,-39.25,0.0,174.95,0.0,5.0,0.0,ML,,,,2.8,0.3,16
1203705,1997-10-29T07:16:48Z,-39.03,0.0,174.07,0.0,5.0,0.0,ML,,,,1.2,0.2,2
1203706,1997-10-29T07:20:05Z,-38.97,0.0,174.06,0.0,5.0,0.0,ML,,,,1.6,0.1,3
1194737,1997-10-29T08:00:02Z,-40.31,0.0,175.92,0.0,39.0,3.0,ML,,,,2.5,0.1,5
1194302,1997-10-29T08:13:53Z,-45.16,0.0,167.38,0.0,115.0,5.0,ML,,,,3.5,0.1,6
1193814,1997-10-29T08:34:17Z,-41.61,0.0,174.33,0.0,5.0,0.0,ML,,,,2.3,0.2,7
1193815,1997-10-29T08:39:11Z,-41.7,0.0,174.24,0.0,11.0,2.0,ML,,,,2.3,0.2,8
1198742,1997-10-29T09:34:07Z,-39.21,0.0,175.47,0.0,105.0,4.0,ML,,,,2.6,0.3,4
1194303,1997-10-29T09:40:07Z,-45.07,0.0,167.38,0.0,94.0,3.0,ML,,,,3.4,0.1,5
1203908,1997-10-29T10:14:52Z,-41.29,0.0,174.74,0.0,27.0,1.0,ML,,,,1.6,0.2,3
1203465,1997-10-29T11:17:32Z,-40.9,0.0,175.96,0.1,32.0,4.0,ML,,,,2.6,0.1,5
1194793,1997-10-29T11:23:59Z,-37.63,0.1,177.15,0.1,149.0,16.0,ML,,,,3.6,0.2,8
1194738,1997-10-29T11:35:51Z,-39.51,0.0,175.64,0.0,5.0,0.0,ML,,,,2.6,0.2,9
1193817,1997-10-29T13:13:50Z,-40.1,0.0,173.73,0.0,167.0,5.0,ML,,,,3.9,0.3,13
1193818,1997-10-29T13:25:00Z,-37.92,0.0,176.41,0.0,191.0,7.0,ML,,,,4.1,0.3,13
1199386,1997-10-29T14:15:39Z,-41.35,0.0,174.73,0.0,10.0,1.0,ML,,,,1.9,0.2,6
1193820,1997-10-29T14:59:54Z,-38.26,0.0,175.89,0.0,226.0,3.0,ML,,,,4.9,0.2,4
1193469,1997-10-29T16:38:19Z,-40.22,0.0,173.62,0.0,157.0,6.0,ML,,,,3.1,0.4,5
1203733,1997-10-29T17:10:23Z,-40.97,0.0,174.54,0.0,61.0,1.0,ML,,,,2.5,0.3,8
1194807,1997-10-29T19:11:17Z,-44.02,0.0,168.52,0.0,5.0,0.0,ML,,,,2.3,0.1,3
1193503,1997-10-29T20:07:37Z,-39.14,0.0,175.94,0.0,12.0,0.0,ML,,,,2.1,0.1,3
1198884,1997-10-29T20:33:59Z,-38.2,0.0,178.93,0.0,33.0,0.0,ML,,,,3.1,0.2,3
1197932,1997-10-29T21:19:09Z,-40.28,0.0,176.68,0.0,24.0,3.0,ML,,,,3.1,0.4,7
1197933,1997-10-29T21:41:40Z,-40.22,0.0,176.55,0.0,26.0,2.0,ML,,,,3.4,0.3,6
1193528,1997-10-29T22:36:55Z,-40.55,0.0,174.49,0.0,25.0,3.0,ML,,,,2.6,0.1,6
1193558,1997-10-30T00:10:10Z,-40.77,0.0,173.54,0.0,82.0,6.0,ML,,,,2.5,0.3,2
1193826,1997-10-30T04:24:19Z,-41.44,0.0,172.84,0.0,105.0,5.0,ML,,,,2.6,0.3,6
1193827,1997-10-30T06:46:18Z,-37.46,0.1,175.85,0.1,12.0,0.0,ML,,,,4.1,0.3,3
1203471,1997-10-30T08:10:22Z,-40.88,0.0,176.11,0.1,33.0,0.0,ML,,,,2.3,0.2,3
1199198,1997-10-30T08:38:11Z,-41.11,0.0,175.44,0.0,12.0,0.0,ML,,,,2.6,1.3,4
1193838,1997-10-30T10:20:19Z,-37.97,0.0,176.21,0.0,169.0,3.0,ML,,,,4.2,0.3,15
1203474,1997-10-30T13:27:46Z,-40.8,0.0,175.2,0.0,35.0,3.0,ML,,,,2.0,0.2,6
1203475,1997-10-30T15:26:17Z,-41.14,0.0,175.14,0.0,19.0,1.0,ML,,,,1.9,0.2,6
1197649,1997-10-30T16:14:57Z,-45.23,0.0,167.51,0.0,71.0,2.0,ML,,,,2.1,0.1,3
1198903,1997-10-30T16:49:30Z,-37.93,0.0,178.34,0.3,12.0,0.0,ML,,,,2.0,0.3,3
1199517,1997-10-30T16:55:23Z,-41.15,0.0,175.13,0.0,20.0,2.0,ML,,,,1.6,0.2,2
1198904,1997-10-30T17:16:49Z,-38.96,0.0,175.79,0.0,5.0,0.0,ML,,,,2.0,0.1,2
1197704,1997-10-30T17:25:55Z,-41.17,0.0,174.49,0.0,35.0,0.0,ML,,,,2.1,0.0,3
1199199,1997-10-30T18:23:55Z,-41.11,0.0,174.47,0.0,39.0,1.0,ML,,,,2.4,0.2,8
1194825,1997-10-30T20:54:08Z,-45.04,0.0,167.58,0.0,81.0,5.0,ML,,,,2.8,0.2,3
1194740,1997-10-31T03:14:55Z,-39.88,0.0,175.18,0.0,21.0,3.0,ML,,,,2.6,0.3,8
1197956,1997-10-31T03:16:59Z,-38.7,0.0,175.9,0.1,185.0,5.0,ML,,,,3.4,0.2,8
1193846,1997-10-31T03:40:07Z,-37.56,0.0,177.29,0.0,140.0,5.0,ML,,,,4.0,0.3,11
1193849,1997-10-31T05:33:35Z,-41.17,0.0,174.53,0.0,36.0,2.0,ML,,,,3.2,0.3,12
1203744,1997-10-31T06:03:14Z,-41.74,0.0,174.29,0.0,12.0,0.0,ML,,,,2.2,0.3,4
1199203,1997-10-31T06:16:18Z,-40.89,0.0,175.5,0.0,31.0,2.0,ML,,,,2.2,0.1,5
1193853,1997-10-31T07:15:20Z,-38.73,0.0,175.68,0.0,128.0,1.0,ML,,,,5.1,0.4,4
1193857,1997-10-31T09:41:09Z,-42.19,0.0,174.38,0.0,29.0,2.0,ML,,,,3.0,0.3,14
1199352,1997-10-31T10:20:52Z,-40.55,0.0,174.1,0.0,66.0,3.0,ML,,,,2.5,0.2,6
1199392,1997-10-31T11:48:56Z,-41.48,0.0,174.59,0.0,18.0,1.0,ML,,,,2.2,0.2,7
1194741,1997-10-31T13:58:04Z,-38.47,0.0,176.59,0.0,12.0,0.0,ML,,,,3.1,0.5,6
1198933,1997-10-31T14:14:40Z,-38.06,0.0,178.88,0.0,12.0,0.0,ML,,,,2.9,0.2,3
1199578,1997-10-31T14:22:32Z,-40.51,0.0,174.17,0.0,97.0,5.0,ML,,,,2.3,0.3,5
1193861,1997-10-31T14:43:24Z,-41.02,0.0,174.51,0.0,67.0,2.0,ML,,,,2.7,0.1,9
1199580,1997-10-31T15:10:25Z,-40.57,0.0,174.62,0.0,27.0,2.0,ML,,,,1.9,0.1,5
1209681,1997-10-31T17:22:59Z,-46.87,0.0,165.69,0.0,12.0,0.0,ML,,,,2.8,0.3,4
1193862,1997-10-31T17:23:18Z,-42.1,0.0,172.92,0.0,46.0,8.0,ML,,,,2.7,nan,1
1194658,1997-10-31T17:55:25Z,-44.06,0.0,168.86,0.0,5.0,0.0,ML,,,,2.9,0.3,7
1203745,1997-10-31T19:42:07Z,-41.21,0.0,175.06,0.0,6.0,1.0,ML,,,,2.2,0.2,8
1198942,1997-10-31T20:52:10Z,-37.78,0.0,179.09,0.0,12.0,0.0,ML,,,,3.2,0.3,3
1197739,1997-10-31T21:16:23Z,-39.12,0.0,173.83,0.0,12.0,0.0,ML,,,,1.5,nan,1
1198456,1997-10-31T22:00:21Z,-41.08,0.0,174.79,0.0,12.0,2.0,ML,,,,1.8,0.3,3
1194378,1997-10-31T22:53:15Z,-38.0,0.0,176.79,0.0,139.0,3.0,ML,,,,5.5,0.2,4
1199213,1997-10-31T23:53:35Z,-40.58,0.0,174.23,0.0,58.0,4.0,ML,,,,2.1,0.2,5
1203746,1997-11-01T01:35:05Z,-40.01,0.1,174.06,0.0,120.0,7.0,ML,,,,2.6,0.2,5
1203918,1997-11-01T02:04:41Z,-40.89,0.0,174.76,0.0,54.0,3.0,ML,,,,2.1,0.3,3
1194660,1997-11-01T03:31:02Z,-45.47,0.0,167.28,0.0,108.0,4.0,ML,,,,2.8,0.2,4
1194742,1997-11-01T03:39:48Z,-38.71,0.0,176.2,0.0,85.0,2.0,ML,,,,3.9,0.2,18
1194380,1997-11-01T04:20:37Z,-41.8,0.0,172.6,0.0,87.0,3.0,ML,,,,3.2,0.4,8
1203518,1997-11-01T04:28:59Z,-38.82,0.0,175.74,0.0,196.0,4.0,ML,,,,3.3,0.2,7
1194661,1997-11-01T05:34:03Z,-44.77,0.0,168.07,0.0,94.0,8.0,ML,,,,3.0,0.4,5
1194381,1997-11-01T07:02:31Z,-41.31,0.0,172.89,0.0,109.0,6.0,ML,,,,3.1,0.2,9
1194382,1997-11-01T07:39:01Z,-38.92,0.0,176.59,0.0,52.0,2.0,ML,,,,3.5,0.2,14
1198947,1997-11-01T09:08:45Z,-37.65,0.1,178.46,0.4,73.0,10.0,ML,,,,3.3,0.3,4
1199357,1997-11-01T09:56:26Z,-39.31,0.0,175.75,0.0,14.0,1.0,ML,,,,1.7,0.2,3
1199358,1997-11-01T10:01:12Z,-39.25,0.0,175.13,0.0,31.0,2.0,ML,,,,2.4,0.3,2
1198471,1997-11-01T10:33:50Z,-41.62,0.0,174.22,0.0,5.0,0.0,ML,,,,2.4,0.2,9
1194872,1997-11-01T11:18:50Z,-39.15,0.0,175.09,0.0,25.0,3.0,ML,,,,2.1,0.1,3
1194873,1997-11-01T11:33:43Z,-40.87,0.0,174.52,0.0,52.0,2.0,ML,,,,2.1,0.1,5
1198950,1997-11-01T11:50:40Z,-36.42,0.0,180.0,0.1,12.0,0.0,ML,,,,4.1,0.2,8
1199359,1997-11-01T12:28:31Z,-39.32,0.0,175.79,0.0,12.0,0.0,ML,,,,1.8,0.2,3
1199360,1997-11-01T12:37:13Z,-39.4,0.0,175.76,0.0,12.0,0.0,ML,,,,2.1,0.2,3
1199361,1997-11-01T12:46:29Z,-40.37,0.0,174.79,0.0,28.0,2.0,ML,,,,2.7,0.2,12
1194385,1997-11-01T13:36:32Z,-39.32,0.0,174.68,0.0,207.0,2.0,ML,,,,3.9,0.1,14
1198472,1997-11-01T13:47:11Z,-38.68,0.1,175.49,0.1,181.0,12.0,ML,,,,3.6,0.2,12
1194875,1997-11-01T14:15:11Z,-39.99,0.0,176.82,0.0,80.0,6.0,ML,,,,3.2,0.2,10
1198953,1997-11-01T15:21:38Z,-38.79,0.0,175.89,0.0,118.0,2.0,ML,,,,3.3,0.3,9
1194663,1997-11-01T16:00:33Z,-45.08,0.1,167.45,0.0,114.0,4.0,ML,,,,3.2,0.2,5
1199027,1997-11-01T16:25:26Z,-39.13,0.0,175.41,0.0,5.0,0.0,ML,,,,1.6,0.1,4
1194664,1997-11-01T16:47:46Z,-44.94,0.0,167.54,0.0,94.0,3.0,ML,,,,2.9,0.2,4
1198475,1997-11-01T17:09:48Z,-41.68,0.0,172.47,0.0,99.0,4.0,ML,,,,2.8,0.2,4
1198956,1997-11-01T18:01:57Z,-37.71,0.0,178.92,0.0,26.0,2.0,ML,,,,3.7,0.2,6
1194388,1997-11-01T19:55:34Z,-41.47,0.0,172.52,0.1,5.0,0.0,ML,,,,2.1,0.3,2
1198006,1997-11-01T20:01:48Z,-36.93,0.0,177.51,0.0,153.0,6.0,ML,,,,4.0,0.2,10
1200116,1997-11-01T20:41:10Z,-40.96,0.0,174.89,0.0,33.0,1.0,ML,,,,1.5,0.1,4
1203919,1997-11-01T21:11:28Z,-41.23,0.0,173.68,0.0,88.0,3.0,ML,,,,2.2,0.2,5
1203920,1997-11-01T21:56:35Z,-41.55,0.0,174.5,0.0,52.0,2.0,ML,,,,2.0,0.1,6
1203750,1997-11-01T22:44:23Z,-41.46,0.0,174.44,0.0,12.0,0.0,ML,,,,2.0,0.1,8
1194389,1997-11-01T23:10:12Z,-41.06,0.0,174.2,0.0,54.0,4.0,ML,,,,3.1,0.2,10
1199394,1997-11-01T23:32:30Z,-41.2,0.0,175.2,0.0,18.0,2.0,ML,,,,2.9,0.2,9
1195036,1997-11-02T00:01:11Z,-41.27,0.0,175.24,0.0,27.0,1.0,ML,,,,2.1,0.1,6
1194665,1997-11-02T00:39:04Z,-45.36,0.0,166.98,0.0,64.0,3.0,ML,,,,2.9,0.2,4
1203921,1997-11-02T01:46:46Z,-41.09,0.0,174.18,0.0,52.0,5.0,ML,,,,2.0,0.1,5
1194666,1997-11-02T03:46:57Z,-45.32,0.0,167.21,0.0,93.0,4.0,ML,,,,3.3,0.1,5
1198486,1997-11-02T09:02:35Z,-39.46,0.0,174.96,0.0,204.0,3.0,ML,,,,3.3,0.2,9
1194390,1997-11-02T09:35:11Z,-42.27,0.0,172.8,0.0,5.0,0.0,ML,,,,3.5,0.3,5
1198973,1997-11-02T09:57:17Z,-38.05,0.0,179.14,0.0,12.0,0.0,ML,,,,3.1,0.1,3
1203752,1997-11-02T11:39:36Z,-40.69,0.0,174.89,0.0,12.0,0.0,ML,,,,2.0,0.2,2
1198488,1997-11-02T12:34:02Z,-41.47,0.0,174.0,0.0,35.0,2.0,ML,,,,2.4,0.4,10
1200140,1997-11-02T13:19:12Z,-37.02,0.1,177.09,0.0,12.0,0.0,ML,,,,3.3,0.4,3
1203566,1997-11-02T15:53:15Z,-41.1,0.0,175.47,0.0,25.0,1.0,ML,,,,2.4,0.1,7
1203567,1997-11-02T16:28:22Z,-40.88,0.0,175.47,0.0,25.0,1.0,ML,,,,2.0,0.1,2
1198010,1997-11-02T20:49:41Z,-37.69,0.0,177.35,0.1,117.0,9.0,ML,,,,3.7,0.2,7
1198493,1997-11-02T21:34:05Z,-39.88,0.0,174.14,0.0,203.0,3.0,ML,,,,3.4,0.1,8
1198767,1997-11-02T21:41:21Z,-39.17,0.0,174.8,0.0,21.0,5.0,ML,,,,2.4,0.2,8
1200153,1997-11-02T22:08:38Z,-39.27,0.0,173.94,0.0,12.0,0.0,ML,,,,1.2,0.0,2
1199032,1997-11-02T23:02:23Z,-39.16,0.0,175.42,0.0,11.0,1.0,ML,,,,2.2,0.2,5
1194898,1997-11-02T23:39:25Z,-39.29,0.0,174.8,0.0,12.0,0.0,ML,,,,2.5,0.1,5
1198031,1997-11-02T23:58:11Z,-39.99,0.1,176.8,0.0,24.0,3.0,ML,,,,3.1,0.2,5
1202069,1997-11-03T01:39:39Z,-39.28,0.0,175.56,0.0,0.0,0.0,ML,,,,2.5,0.1,3
1203929,1997-11-03T02:53:56Z,-40.69,0.0,174.82,0.0,12.0,0.0,ML,,,,1.9,0.1,3
1198042,1997-11-03T03:24:46Z,-39.82,0.0,174.74,0.0,20.0,2.0,ML,,,,3.3,0.3,19
1203709,1997-11-03T06:50:54Z,-39.25,0.0,173.92,0.0,12.0,0.0,ML,,,,1.2,0.1,2
1203710,1997-11-03T07:26:22Z,-39.28,0.1,173.86,0.0,28.0,3.0,ML,,,,1.7,0.0,2
1194395,1997-11-03T08:03:27Z,-41.65,0.0,174.21,0.0,5.0,0.0,ML,,,,4.1,0.2,7
1198513,1997-11-03T08:14:42Z,-41.64,0.0,174.22,0.0,5.0,0.0,ML,,,,2.6,0.3,13
1198515,1997-11-03T08:55:54Z,-41.64,0.0,174.22,0.0,5.0,0.0,ML,,,,2.4,0.3,14
1198516,1997-11-03T09:31:45Z,-41.64,0.0,174.19,0.0,5.0,0.0,ML,,,,2.2,0.3,9
1203711,1997-11-03T09:35:49Z,-39.32,0.0,173.8,0.0,20.0,3.0,ML,,,,1.6,0.2,2
1198519,1997-11-03T09:59:40Z,-41.63,0.0,174.22,0.0,5.0,0.0,ML,,,,2.5,0.3,13
1194397,1997-11-03T10:06:30Z,-42.56,0.0,173.94,0.0,5.0,0.0,ML,,,,3.2,0.3,15
1199231,1997-11-03T10:32:24Z,-41.67,0.0,174.23,0.0,5.0,0.0,ML,,,,2.0,0.2,8
1198520,1997-11-03T10:40:09Z,-42.56,0.0,173.91,0.1,5.0,0.0,ML,,,,2.4,0.1,3
1194923,1997-11-03T11:58:51Z,-40.9,0.0,175.71,0.0,26.0,3.0,ML,,,,1.8,0.1,7
1194667,1997-11-03T12:05:29Z,-44.64,0.0,168.22,0.0,85.0,9.0,ML,,,,2.9,0.3,6
1198813,1997-11-03T14:58:29Z,-40.52,0.0,174.0,0.0,85.0,3.0,ML,,,,2.9,0.2,8
1198769,1997-11-03T15:51:28Z,-38.8,0.0,176.17,0.0,87.0,3.0,ML,,,,3.4,0.2,11
1198770,1997-11-03T17:01:54Z,-40.33,0.0,174.63,0.0,22.0,2.0,ML,,,,2.5,0.2,8
1198815,1997-11-03T20:19:31Z,-37.79,0.0,179.08,0.0,12.0,0.0,ML,,,,3.1,0.3,3
1203630,1997-11-03T21:08:12Z,-41.0,0.0,175.56,0.0,27.0,2.0,ML,,,,1.9,0.1,3
1200173,1997-11-03T22:58:51Z,-36.83,0.1,177.08,0.0,12.0,0.0,ML,,,,3.8,0.3,3
1201766,1997-11-03T23:22:38Z,-37.19,0.0,177.13,0.0,5.0,0.0,ML,,,,3.8,0.3,11
1198063,1997-11-03T23:57:43Z,-38.88,0.0,176.01,0.0,5.0,0.0,ML,,,,2.3,0.1,4
1194693,1997-11-04T01:20:36Z,-38.75,0.0,175.25,0.1,270.0,3.0,ML,,,,3.7,0.1,5
1199239,1997-11-04T02:01:24Z,-41.21,0.0,173.41,0.0,91.0,4.0,ML,,,,2.7,0.2,5
1202170,1997-11-04T03:07:29Z,-40.66,0.0,175.64,0.0,29.0,1.0,ML,,,,2.6,0.2,8
1199242,1997-11-04T03:29:55Z,-40.46,0.1,173.46,0.0,176.0,5.0,ML,,,,3.2,0.4,7
1199033,1997-11-04T03:48:52Z,-39.26,0.0,175.17,0.0,33.0,0.0,ML,,,,2.4,0.2,3
1202072,1997-11-04T04:02:58Z,-39.28,0.0,175.56,0.0,0.0,0.0,ML,,,,2.4,0.1,3
1201475,1997-11-04T04:35:35Z,-41.44,0.0,172.74,0.0,196.0,5.0,ML,,,,3.1,0.2,8
1201231,1997-11-04T05:07:50Z,-40.17,0.0,176.57,0.0,27.0,3.0,ML,,,,3.1,0.4,14
1199035,1997-11-04T06:00:24Z,-40.1,0.0,176.73,0.0,29.0,2.0,ML,,,,3.5,0.3,18
1209741,1997-11-04T06:01:41Z,-39.28,0.0,175.56,0.0,0.0,0.0,ML,,,,1.5,0.1,3
1194698,1997-11-04T06:07:58Z,-44.95,0.0,167.56,0.0,59.0,9.0,ML,,,,2.8,0.2,5
1202073,1997-11-04T08:07:35Z,-39.23,0.0,175.13,0.0,12.0,0.0,ML,,,,2.1,0.2,3
1198708,1997-11-04T09:02:39Z,-42.98,0.0,171.37,0.0,12.0,0.0,ML,,,,3.7,0.2,11
1201479,1997-11-04T09:30:33Z,-42.61,0.0,174.02,0.0,5.0,0.0,ML,,,,2.8,0.2,3
1194708,1997-11-04T09:39:36Z,-44.92,0.0,167.58,0.0,58.0,8.0,ML,,,,2.7,0.2,4
1201480,1997-11-04T10:05:30Z,-39.11,0.0,175.62,0.1,0.0,0.0,ML,,,,2.1,0.2,3
1197661,1997-11-04T10:07:22Z,-45.64,0.0,167.04,0.0,17.0,1.0,ML,,,,2.2,0.1,3
1200951,1997-11-04T10:20:52Z,-39.26,0.0,175.51,0.0,6.0,2.0,ML,,,,2.4,0.3,4
1199036,1997-11-04T11:04:43Z,-39.26,0.0,174.85,0.0,28.0,1.0,ML,,,,3.4,0.3,19
1206586,1997-11-04T11:39:34Z,-41.11,0.0,175.07,0.0,24.0,1.0,ML,,,,1.1,0.1,4
1203677,1997-11-04T11:43:15Z,-40.64,0.0,175.35,0.0,30.0,3.0,ML,,,,2.3,0.2,8
1206587,1997-11-04T12:00:51Z,-41.11,0.0,175.07,0.0,24.0,1.0,ML,,,,1.4,0.1,4
1202074,1997-11-04T12:39:15Z,-39.22,0.0,175.55,0.0,5.0,0.0,ML,,,,1.6,0.3,3
1202075,1997-11-04T12:57:16Z,-39.3,0.0,175.49,0.0,5.0,0.0,ML,,,,1.8,0.2,2
1202076,1997-11-04T13:34:30Z,-39.28,0.0,175.56,0.0,0.0,0.0,ML,,,,1.4,0.4,3
1200956,1997-11-04T13:55:43Z,-42.99,0.0,171.37,0.0,5.0,0.0,ML,,,,5.1,0.3,14
1197835,1997-11-04T14:15:53Z,-42.99,0.0,171.4,0.0,12.0,0.0,ML,,,,2.5,0.3,3
1197841,1997-11-04T15:43:31Z,-43.0,0.0,171.34,0.0,5.0,0.0,ML,,,,2.6,0.4,4
1206309,1997-11-04T15:52:22Z,-41.36,0.0,173.92,0.0,46.0,4.0,ML,,,,2.4,0.2,9
1197846,1997-11-04T19:44:51Z,-43.13,0.0,171.5,0.0,5.0,0.0,ML,,,,2.9,0.2,4
1202078,1997-11-04T20:02:20Z,-40.64,0.0,175.3,0.0,29.0,1.0,ML,,,,2.8,0.2,10
1197847,1997-11-04T21:07:25Z,-40.86,0.0,175.11,0.0,41.0,7.0,ML,,,,1.6,0.3,4
1202080,1997-11-04T22:54:15Z,-39.31,0.0,175.74,0.0,15.0,0.0,ML,,,,2.5,0.2,4
1200917,1997-11-05T01:14:53Z,-39.17,0.0,174.85,0.1,210.0,4.0,ML,,,,3.6,0.2,9
1200984,1997-11-05T03:52:38Z,-43.23,0.0,170.97,0.0,5.0,0.0,ML,,,,2.6,0.4,4
1194713,1997-11-05T04:12:48Z,-44.57,0.1,168.62,0.0,5.0,0.0,ML,,,,2.2,0.1,3
1200985,1997-11-05T04:49:42Z,-39.49,0.0,176.22,0.0,12.0,0.0,ML,,,,2.4,0.1,3
1202086,1997-11-05T06:16:49Z,-41.05,0.0,174.83,0.0,58.0,1.0,ML,,,,2.6,0.3,10
1200918,1997-11-05T06:31:25Z,-39.39,0.0,174.74,0.0,26.0,2.0,ML,,,,2.7,0.3,14
1202087,1997-11-05T06:38:12Z,-39.13,0.0,175.15,0.0,12.0,0.0,ML,,,,2.2,0.0,2
1199041,1997-11-05T06:41:51Z,-39.27,0.0,174.87,0.0,35.0,7.0,ML,,,,2.8,0.2,5
1194716,1997-11-05T07:09:14Z,-44.69,0.0,169.54,0.1,5.0,0.0,ML,,,,2.2,0.1,3
1200991,1997-11-05T07:35:54Z,-43.02,0.0,171.41,0.0,12.0,0.0,ML,,,,2.8,0.2,5
1194717,1997-11-05T08:23:38Z,-44.53,0.0,168.29,0.0,5.0,0.0,ML,,,,2.2,0.1,2
1201491,1997-11-05T10:32:55Z,-42.24,0.0,172.79,0.0,5.0,0.0,ML,,,,2.9,0.2,7
1201269,1997-11-05T10:51:19Z,-39.68,0.0,177.2,0.0,33.0,0.0,ML,,,,2.3,0.3,3
1202088,1997-11-05T11:00:07Z,-39.08,0.0,175.65,0.0,5.0,0.0,ML,,,,1.3,0.1,2
1203046,1997-11-05T12:09:24Z,-41.08,0.0,175.46,0.0,23.0,3.0,ML,,,,1.7,0.2,8
1203048,1997-11-05T12:51:41Z,-40.38,0.0,174.83,0.0,28.0,3.0,ML,,,,1.9,0.1,5
1206249,1997-11-05T13:05:58Z,-38.18,0.0,176.23,0.0,5.0,0.0,ML,,,,2.2,0.3,4
1206589,1997-11-05T13:07:15Z,-41.14,0.0,175.11,0.0,9.0,1.0,ML,,,,1.6,0.2,4
1197852,1997-11-05T13:35:43Z,-36.67,0.1,179.03,0.2,12.0,0.0,ML,,,,3.9,0.3,7
1203383,1997-11-05T13:57:10Z,-36.06,0.2,179.34,0.3,12.0,0.0,ML,,,,3.3,0.6,2
1194719,1997-11-05T14:19:13Z,-43.0,0.0,171.38,0.0,5.0,0.0,ML,,,,3.6,0.2,17
1199044,1997-11-05T14:45:46Z,-38.98,0.0,173.92,0.0,5.0,0.0,ML,,,,3.2,0.5,18
1206297,1997-11-05T15:27:48Z,-39.29,0.0,173.86,0.0,19.0,3.0,ML,,,,1.3,0.1,2
1203049,1997-11-05T17:08:01Z,-41.66,0.0,174.19,0.0,5.0,0.0,ML,,,,2.6,0.2,6
1206322,1997-11-05T17:11:47Z,-41.68,0.0,174.22,0.0,5.0,0.0,ML,,,,1.8,0.4,3
1197854,1997-11-05T18:15:19Z,-41.33,0.0,172.4,0.0,5.0,0.0,ML,,,,2.4,0.2,6
1197667,1997-11-05T18:50:33Z,-40.0,0.0,173.29,0.0,5.0,0.0,ML,,,,3.5,0.4,17
1194720,1997-11-05T20:42:22Z,-45.92,0.0,166.6,0.1,5.0,0.0,ML,,,,4.0,0.3,6
1202092,1997-11-05T20:56:57Z,-38.92,0.0,175.85,0.0,5.0,0.0,ML,,,,2.0,0.2,3
1206596,1997-11-05T23:02:04Z,-41.33,0.0,174.96,0.0,24.0,0.0,ML,,,,1.4,0.1,2
1201006,1997-11-06T02:14:12Z,-39.28,0.0,175.56,0.0,0.0,0.0,ML,,,,1.2,0.1,2
1203054,1997-11-06T02:38:33Z,-40.63,0.0,176.46,0.0,28.0,5.0,ML,,,,2.7,0.1,4
1206605,1997-11-06T04:30:18Z,-40.43,0.0,174.41,0.0,95.0,2.0,ML,,,,2.2,0.1,4
1199047,1997-11-06T06:23:02Z,-37.26,0.0,177.4,0.0,12.0,0.0,ML,,,,3.8,0.2,13
1199048,1997-11-06T06:31:30Z,-39.74,0.0,174.43,0.0,124.0,5.0,ML,,,,3.3,0.2,8
1202094,1997-11-06T08:05:18Z,-39.28,0.0,175.56,0.0,0.0,0.0,ML,,,,1.4,0.2,3
1201270,1997-11-06T08:10:32Z,-40.19,0.0,176.58,0.0,33.0,0.0,ML,,,,2.9,0.3,5
1201018,1997-11-06T09:57:55Z,-40.18,0.1,174.1,0.0,105.0,7.0,ML,,,,2.9,0.2,7
1199049,1997-11-06T10:09:37Z,-39.35,0.0,175.79,0.0,12.0,0.0,ML,,,,3.0,0.3,19
1203057,1997-11-06T10:30:55Z,-40.97,0.0,175.56,0.0,5.0,0.0,ML,,,,1.9,0.2,7
1202095,1997-11-06T10:31:59Z,-39.28,0.0,175.56,0.0,0.0,0.0,ML,,,,1.3,nan,1
1201023,1997-11-06T10:57:44Z,-40.54,0.0,174.37,0.0,83.0,3.0,ML,,,,3.0,0.4,9
1202096,1997-11-06T11:07:39Z,-39.28,0.0,175.56,0.0,0.0,0.0,ML,,,,1.4,0.4,3
1206537,1997-11-06T11:56:04Z,-40.8,0.0,175.1,0.0,29.0,3.0,ML,,,,1.7,0.1,2
1202097,1997-11-06T12:05:53Z,-39.28,0.0,175.56,0.0,0.0,0.0,ML,,,,1.3,0.4,3
1206329,1997-11-06T13:00:44Z,-41.27,0.0,175.24,0.0,25.0,1.0,ML,,,,1.8,0.2,8
1201177,1997-11-06T13:06:15Z,-41.65,0.0,173.47,0.0,53.0,3.0,ML,,,,3.3,0.3,12
1209798,1997-11-06T14:19:56Z,-39.28,0.0,175.56,0.0,0.0,0.0,ML,,,,1.4,0.1,4
1202099,1997-11-06T14:20:53Z,-41.3,0.0,175.29,0.0,28.0,1.0,ML,,,,1.8,0.2,6
1202100,1997-11-06T14:34:12Z,-40.05,0.0,175.04,0.0,12.0,0.0,ML,,,,2.6,0.3,10
1194722,1997-11-06T15:26:28Z,-45.36,0.1,167.33,0.1,117.0,6.0,ML,,,,3.1,0.6,5
1201925,1997-11-06T15:30:02Z,-37.78,0.0,179.11,0.0,12.0,0.0,ML,,,,2.5,0.4,3
1194723,1997-11-06T15:54:15Z,-45.1,0.1,167.5,0.0,116.0,5.0,ML,,,,3.2,0.2,6
1201513,1997-11-06T16:32:31Z,-38.54,0.2,175.79,0.1,205.0,18.0,ML,,,,3.2,0.2,7
1201791,1997-11-06T17:52:39Z,-39.23,0.0,173.81,0.0,15.0,2.0,ML,,,,2.8,0.5,7
1194724,1997-11-06T17:59:52Z,-44.97,0.0,168.81,0.0,5.0,0.0,ML,,,,2.3,0.1,3
1206299,1997-11-06T18:24:11Z,-39.31,0.0,173.84,0.0,16.0,1.0,ML,,,,1.4,0.2,2
1206332,1997-11-06T18:29:10Z,-41.26,0.0,174.32,0.0,39.0,2.0,ML,,,,2.6,0.2,5
1203069,1997-11-06T18:45:40Z,-41.0,0.0,174.53,0.0,61.0,1.0,ML,,,,3.6,0.2,12
1201792,1997-11-06T19:22:39Z,-39.28,0.0,175.08,0.0,12.0,0.0,ML,,,,2.4,0.4,3
1201932,1997-11-06T19:26:46Z,-37.79,0.0,179.11,0.0,12.0,0.0,ML,,,,3.3,0.3,3
1202103,1997-11-06T20:57:52Z,-40.07,0.0,175.09,0.0,33.0,0.0,ML,,,,2.8,0.4,4
1202104,1997-11-06T21:26:20Z,-39.28,0.0,175.56,0.0,0.0,0.0,ML,,,,1.5,0.1,4
1194726,1997-11-06T22:22:04Z,-45.49,0.0,168.3,0.0,12.0,0.0,ML,,,,2.6,0.2,5
1199053,1997-11-06T23:02:33Z,-39.28,0.0,175.42,0.0,12.0,0.0,ML,,,,2.4,0.1,3
1206333,1997-11-06T23:31:21Z,-40.45,0.0,174.41,0.0,28.0,2.0,ML,,,,2.4,0.4,4
1202014,1997-11-06T23:58:58Z,-41.66,0.0,174.21,0.0,5.0,0.0,ML,,,,2.8,0.2,7
1199054,1997-11-07T00:41:00Z,-37.76,0.0,175.71,0.0,7.0,0.0,ML,,,,2.8,0.3,2
1199055,1997-11-07T02:26:53Z,-38.55,0.0,175.9,0.0,152.0,4.0,ML,,,,4.3,0.3,15
1199056,1997-11-07T05:35:21Z,-39.87,0.0,175.05,0.0,33.0,0.0,ML,,,,2.8,0.3,4
1210791,1997-11-07T06:01:06Z,-39.28,0.0,175.56,0.0,0.0,0.0,ML,,,,1.5,0.0,2
1199059,1997-11-07T07:29:44Z,-40.44,0.0,176.78,0.0,15.0,4.0,ML,,,,3.3,0.3,16
1200773,1997-11-07T07:43:34Z,-40.78,0.0,175.73,0.0,28.0,1.0,ML,,,,2.8,0.2,9
1201654,1997-11-07T08:02:46Z,-39.28,0.0,175.56,0.0,0.0,0.0,ML,,,,1.5,0.0,2
1202107,1997-11-07T08:17:01Z,-39.28,0.0,175.56,0.0,0.0,0.0,ML,,,,1.2,0.1,2
1201281,1997-11-07T09:09:08Z,-39.75,0.0,177.07,0.0,23.0,1.0,ML,,,,3.3,0.3,5
1201196,1997-11-07T09:43:25Z,-39.41,0.0,175.71,0.0,23.0,3.0,ML,,,,2.6,0.2,3
1201040,1997-11-07T10:00:33Z,-39.28,0.0,175.56,0.0,0.0,0.0,ML,,,,1.6,0.5,2
1201558,1997-11-07T10:43:01Z,-45.66,0.0,167.17,0.0,12.0,0.0,ML,,,,2.5,0.1,3
1199060,1997-11-07T11:43:44Z,-41.84,0.0,174.15,0.0,12.0,0.0,ML,,,,3.8,0.2,6
1203183,1997-11-07T15:24:32Z,-41.91,0.0,174.12,0.0,12.0,0.0,ML,,,,2.7,0.1,4
1201597,1997-11-07T15:29:47Z,-42.16,0.0,173.02,0.0,5.0,0.0,ML,,,,2.6,0.4,2
1200920,1997-11-07T15:39:50Z,-40.24,0.0,174.25,0.0,72.0,5.0,ML,,,,3.3,0.4,8
1201288,1997-11-07T16:49:22Z,-40.21,0.0,176.44,0.0,52.0,2.0,ML,,,,2.6,0.0,2
1202268,1997-11-07T19:55:40Z,-41.01,0.0,175.6,0.0,26.0,1.0,ML,,,,2.9,0.2,7
1206640,1997-11-07T21:43:51Z,-41.56,0.0,174.49,0.0,27.0,1.0,ML,,,,2.2,0.1,7
1199065,1997-11-07T22:30:01Z,-40.43,0.0,176.84,0.0,16.0,2.0,ML,,,,5.4,0.4,13
1206335,1997-11-07T22:37:39Z,-41.48,0.0,174.93,0.0,24.0,1.0,ML,,,,2.2,0.2,7
1200921,1997-11-07T22:52:00Z,-40.36,0.0,176.84,0.0,19.0,4.0,ML,,,,3.1,0.2,7
1202031,1997-11-07T23:26:36Z,-40.39,0.0,176.79,0.0,15.0,3.0,ML,,,,4.0,0.3,27
1201307,1997-11-07T23:49:09Z,-39.82,0.1,175.86,0.1,98.0,6.0,ML,,,,3.2,0.1,3
1200782,1997-11-08T00:26:02Z,-40.38,0.0,176.77,0.0,12.0,0.0,ML,,,,2.9,0.2,2
1199068,1997-11-08T01:57:08Z,-40.43,0.0,176.88,0.0,12.0,0.0,ML,,,,3.6,0.4,15
1206646,1997-11-08T02:14:14Z,-41.02,0.0,174.25,0.0,39.0,5.0,ML,,,,2.2,0.1,3
1201324,1997-11-08T03:49:56Z,-40.37,0.0,176.8,0.0,12.0,0.0,ML,,,,2.5,0.2,2
1201331,1997-11-08T06:21:09Z,-41.13,0.0,172.69,0.0,216.0,2.0,ML,,,,3.5,0.2,7
1201614,1997-11-08T06:36:10Z,-38.08,0.1,-179.98,0.1,12.0,0.0,ML,,,,3.7,0.2,3
1206339,1997-11-08T07:49:44Z,-41.66,0.0,174.5,0.0,30.0,1.0,ML,,,,2.3,0.1,3
1206649,1997-11-08T07:58:33Z,-38.78,0.0,175.65,0.0,201.0,3.0,ML,,,,3.8,0.1,4
1202035,1997-11-08T08:20:14Z,-41.82,0.0,174.16,0.0,12.0,0.0,ML,,,,2.8,0.2,9
1201336,1997-11-08T08:43:36Z,-40.48,0.0,176.97,0.1,12.0,0.0,ML,,,,3.4,0.3,9
1199069,1997-11-08T09:23:40Z,-40.48,0.0,176.85,0.0,12.0,0.0,ML,,,,3.3,0.3,8
1202039,1997-11-08T10:03:24Z,-40.3,0.1,173.82,0.0,121.0,11.0,ML,,,,2.8,0.4,6
1199070,1997-11-08T12:39:11Z,-40.35,0.0,176.7,0.0,12.0,0.0,ML,,,,3.4,0.3,6
1199071,1997-11-08T12:58:10Z,-40.36,0.0,176.68,0.0,12.0,0.0,ML,,,,3.5,0.4,10
1199072,1997-11-08T14:32:38Z,-39.27,0.0,174.81,0.0,12.0,0.0,ML,,,,2.5,0.3,5
1197679,1997-11-08T15:14:30Z,-45.14,0.0,167.45,0.0,87.0,3.0,ML,,,,3.5,0.3,7
1202126,1997-11-08T17:07:27Z,-39.5,0.0,175.63,0.0,12.0,0.0,ML,,,,2.6,0.3,3
1203269,1997-11-08T18:03:34Z,-40.56,0.0,175.51,0.0,26.0,2.0,ML,,,,2.5,0.1,3
1201357,1997-11-08T21:39:23Z,-35.93,0.1,179.15,0.0,109.0,13.0,ML,,,,4.5,0.2,17
1201370,1997-11-08T23:58:27Z,-40.35,0.0,176.77,0.0,5.0,0.0,ML,,,,3.2,0.4,5
1199073,1997-11-09T03:23:44Z,-38.04,0.0,176.45,0.0,163.0,3.0,ML,,,,4.4,0.3,18
1201380,1997-11-09T03:58:23Z,-40.39,0.0,176.83,0.0,12.0,0.0,ML,,,,3.1,0.2,3
1199074,1997-11-09T04:06:41Z,-40.31,0.0,174.25,0.0,71.0,5.0,ML,,,,3.1,0.4,10
1206343,1997-11-09T04:34:31Z,-41.37,0.0,175.6,0.0,19.0,5.0,ML,,,,2.0,0.1,4
1201113,1997-11-09T07:08:25Z,-42.29,0.0,172.84,0.0,5.0,0.0,ML,,,,2.2,0.1,3
1201627,1997-11-09T07:18:58Z,-42.61,0.0,173.87,0.0,5.0,0.0,ML,,,,2.9,0.4,3
1200922,1997-11-09T08:28:55Z,-37.58,0.0,177.18,0.0,139.0,3.0,ML,,,,5.0,0.3,18
1200795,1997-11-09T09:06:58Z,-43.08,0.0,171.49,0.0,5.0,0.0,ML,,,,2.6,0.3,3
1199075,1997-11-09T10:07:51Z,-39.25,0.0,174.74,0.0,23.0,2.0,ML,,,,2.9,0.2,8
1201118,1997-11-09T10:21:23Z,-42.99,0.0,171.48,0.0,5.0,0.0,ML,,,,2.5,0.3,3
1201224,1997-11-09T10:48:17Z,-41.28,0.0,172.67,0.0,5.0,0.0,ML,,,,2.9,0.2,6
1199076,1997-11-09T11:45:47Z,-39.02,0.0,175.71,0.0,5.0,0.0,ML,,,,3.0,0.1,8
1199077,1997-11-09T11:52:45Z,-39.02,0.0,175.71,0.0,12.0,0.0,ML,,,,2.4,0.2,4
1200796,1997-11-09T12:41:37Z,-45.09,0.1,167.45,0.1,88.0,8.0,ML,,,,3.1,0.1,3
1201398,1997-11-09T14:06:27Z,-36.92,0.0,177.58,0.0,157.0,4.0,ML,,,,4.3,0.3,18
1199080,1997-11-09T14:15:04Z,-39.02,0.0,175.71,0.0,5.0,0.0,ML,,,,2.5,0.2,7
1202046,1997-11-09T14:27:57Z,-41.02,0.0,174.33,0.0,42.0,2.0,ML,,,,3.0,0.2,13
1201968,1997-11-09T16:16:55Z,-37.8,0.0,179.1,0.0,12.0,0.0,ML,,,,2.9,0.3,3
1202190,1997-11-09T16:52:35Z,-41.17,0.0,175.82,0.0,30.0,2.0,ML,,,,2.7,0.2,8
1200797,1997-11-09T16:59:18Z,-45.64,0.0,169.57,0.0,12.0,0.0,ML,,,,2.3,0.0,2
1201971,1997-11-09T19:18:51Z,-38.06,0.0,176.5,0.0,215.0,5.0,ML,,,,3.6,0.4,7
1201972,1997-11-09T19:53:56Z,-40.79,0.0,175.95,0.1,30.0,4.0,ML,,,,2.3,0.0,3
1197683,1997-11-10T03:52:54Z,-44.79,0.0,166.6,0.1,12.0,0.0,ML,,,,3.9,0.1,4
1201137,1997-11-10T04:29:36Z,-43.27,0.0,171.56,0.0,12.0,0.0,ML,,,,2.5,0.2,3
1201634,1997-11-10T05:18:55Z,-42.34,0.0,172.99,0.0,12.0,0.0,ML,,,,3.2,0.1,3
1201636,1997-11-10T05:34:01Z,-41.29,0.0,173.3,0.0,101.0,3.0,ML,,,,3.3,0.3,9
1201980,1997-11-10T08:55:12Z,-41.1,0.0,175.39,0.0,22.0,1.0,ML,,,,1.8,0.2,5
1202276,1997-11-10T08:57:18Z,-41.68,0.0,174.6,0.0,26.0,1.0,ML,,,,2.8,0.2,7
1201640,1997-11-10T09:30:29Z,-42.31,0.0,172.76,0.0,5.0,0.0,ML,,,,2.5,0.0,2
1201895,1997-11-10T10:08:03Z,-41.54,0.0,175.35,0.0,25.0,2.0,ML,,,,3.5,0.3,11
1212363,1997-11-10T10:09:13Z,-41.51,0.0,175.36,0.0,20.0,2.0,ML,,,,2.3,0.2,8
1201465,1997-11-10T10:44:25Z,-39.26,0.0,176.4,0.0,89.0,4.0,ML,,,,3.1,0.3,5
1212365,1997-11-10T10:44:35Z,-39.44,0.0,173.61,0.0,12.0,0.0,ML,,,,2.1,0.1,2
1201152,1997-11-10T11:35:23Z,-42.99,0.0,171.38,0.0,12.0,0.0,ML,,,,2.8,0.2,3
1199084,1997-11-10T13:58:26Z,-39.34,0.0,174.99,0.0,27.0,3.0,ML,,,,2.1,0.1,3
1201470,1997-11-10T16:17:01Z,-38.73,0.0,175.47,0.0,164.0,3.0,ML,,,,3.5,0.2,6
1202051,1997-11-10T16:49:54Z,-39.77,0.0,174.04,0.0,143.0,4.0,ML,,,,3.3,0.2,8
1199085,1997-11-10T17:08:16Z,-36.29,0.0,-179.85,0.0,12.0,0.0,ML,,,,4.4,0.2,15
1201471,1997-11-10T17:31:48Z,-38.89,0.0,175.24,0.0,226.0,4.0,ML,,,,3.7,0.3,8
1200815,1997-11-10T18:18:14Z,-47.45,0.0,165.29,0.0,12.0,0.0,ML,,,,3.0,0.1,4
1203340,1997-11-10T18:45:19Z,-40.92,0.0,175.66,0.0,24.0,2.0,ML,,,,2.1,0.2,4
1201472,1997-11-10T19:35:40Z,-38.12,0.0,179.03,0.0,12.0,0.0,ML,,,,3.9,0.4,9
1202052,1997-11-10T20:38:26Z,-40.8,0.1,172.93,0.1,216.0,8.0,ML,,,,3.3,0.2,5
1212370,1997-11-10T20:39:30Z,-38.93,0.0,175.17,0.1,247.0,4.0,ML,,,,3.7,0.2,8
1203344,1997-11-10T22:24:02Z,-40.57,0.0,175.94,0.0,31.0,1.0,ML,,,,2.7,0.2,6
1202053,1997-11-10T22:34:32Z,-41.08,0.0,173.19,0.0,125.0,4.0,ML,,,,3.4,0.2,7
1208932,1997-11-11T02:58:53Z,-41.12,0.0,175.81,0.0,28.0,3.0,ML,,,,1.9,0.2,4
1204658,1997-11-11T03:10:09Z,-39.91,0.0,176.97,0.0,28.0,2.0,ML,,,,3.0,0.4,10
1199091,1997-11-11T04:02:22Z,-39.26,0.0,174.92,0.0,5.0,0.0,ML,,,,2.8,0.2,11
1204376,1997-11-11T04:42:15Z,-39.07,0.0,177.03,0.1,65.0,5.0,ML,,,,3.2,0.2,4
1200846,1997-11-11T06:07:30Z,-40.85,0.0,175.73,0.0,31.0,3.0,ML,,,,2.2,0.2,4
1199093,1997-11-11T08:50:35Z,-39.66,0.0,175.77,0.0,16.0,3.0,ML,,,,2.6,0.1,7
1205435,1997-11-11T09:13:00Z,-41.11,0.0,175.04,0.0,30.0,1.0,ML,,,,2.9,0.1,7
1204805,1997-11-11T12:19:42Z,-41.27,0.0,175.31,0.0,28.0,1.0,ML,,,,2.6,0.2,7
1203446,1997-11-11T13:06:47Z,-38.34,0.0,177.84,0.1,12.0,0.0,ML,,,,2.4,0.3,3
1197691,1997-11-11T14:27:13Z,-45.32,0.0,167.22,0.0,70.0,2.0,ML,,,,2.8,0.2,5
1200887,1997-11-11T14:39:50Z,-43.04,0.0,171.54,0.0,12.0,0.0,ML,,,,3.5,0.3,9
1205163,1997-11-11T15:37:22Z,-36.15,0.1,174.54,0.2,12.0,0.0,ML,,,,2.7,0.1,2
1199094,1997-11-11T16:21:31Z,-37.91,0.0,176.62,0.0,147.0,3.0,ML,,,,4.1,0.3,16
1201681,1997-11-11T20:45:19Z,-43.01,0.0,171.39,0.0,5.0,0.0,ML,,,,3.2,0.3,6
1199095,1997-11-11T21:26:42Z,-39.59,0.0,175.91,0.0,33.0,0.0,ML,,,,2.7,0.1,3
1208942,1997-11-11T23:02:46Z,-41.12,0.0,175.68,0.0,16.0,2.0,ML,,,,2.2,0.2,5
1204677,1997-11-12T01:30:01Z,-38.25,0.0,176.42,0.0,5.0,0.0,ML,,,,2.4,0.0,3
1205702,1997-11-12T02:05:20Z,-38.23,0.0,176.43,0.0,5.0,0.0,ML,,,,2.8,0.1,3
1204678,1997-11-12T02:11:02Z,-38.31,0.1,176.43,0.0,5.0,0.0,ML,,,,3.1,0.0,3
1200898,1997-11-12T03:36:44Z,-44.58,0.0,168.17,0.0,85.0,4.0,ML,,,,3.1,0.4,4
1200900,1997-11-12T08:34:51Z,-45.07,0.0,167.32,0.0,29.0,2.0,ML,,,,3.2,0.3,6
1199096,1997-11-12T09:59:39Z,-39.25,0.0,176.08,0.0,55.0,3.0,ML,,,,3.6,0.2,12
1200901,1997-11-12T10:39:46Z,-45.38,0.0,167.02,0.0,53.0,1.0,ML,,,,3.2,0.3,6
1202064,1997-11-12T11:00:43Z,-41.27,0.0,172.85,0.1,24.0,2.0,ML,,,,2.7,0.2,2
1200902,1997-11-12T12:42:20Z,-44.53,0.0,168.31,0.0,5.0,0.0,ML,,,,3.1,0.2,8
1200903,1997-11-12T12:52:50Z,-44.53,0.0,168.3,0.0,5.0,0.0,ML,,,,3.2,0.3,9
1200905,1997-11-12T13:12:08Z,-44.54,0.0,168.33,0.0,5.0,0.0,ML,,,,2.8,0.4,7
1200906,1997-11-12T13:19:01Z,-44.54,0.0,168.32,0.0,5.0,0.0,ML,,,,2.7,0.2,5
1200907,1997-11-12T13:30:58Z,-45.08,0.0,167.54,0.1,115.0,5.0,ML,,,,3.2,0.3,5
1208760,1997-11-12T15:00:18Z,-40.77,0.0,174.87,0.0,37.0,2.0,ML,,,,2.6,0.1,6
1205114,1997-11-12T18:04:05Z,-40.61,0.1,174.39,0.1,126.0,7.0,ML,,,,2.7,0.1,4
1208954,1997-11-13T00:15:12Z,-41.3,0.0,175.27,0.0,26.0,1.0,ML,,,,2.0,0.1,6
1204743,1997-11-13T00:21:32Z,-41.32,0.0,172.68,0.0,192.0,5.0,ML,,,,3.4,0.2,8
1205171,1997-11-13T02:11:29Z,-38.4,0.0,177.12,0.0,47.0,7.0,ML,,,,3.2,nan,1
1208955,1997-11-13T02:45:02Z,-40.5,0.0,174.79,0.0,27.0,5.0,ML,,,,2.2,0.2,5
1204745,1997-11-13T03:59:44Z,-41.72,0.0,174.11,0.0,11.0,1.0,ML,,,,2.2,0.1,8
1206224,1997-11-13T04:41:15Z,-40.39,0.1,173.58,0.0,164.0,5.0,ML,,,,3.3,0.3,4
1205175,1997-11-13T12:28:51Z,-38.64,0.0,178.49,0.0,12.0,0.0,ML,,,,3.4,0.2,3
1214158,1997-11-13T12:30:00Z,-38.64,0.0,178.47,0.0,12.0,0.0,ML,,,,2.7,0.3,3
1204469,1997-11-13T15:11:12Z,-43.01,0.0,171.37,0.0,5.0,0.0,ML,,,,2.6,0.3,5
1204358,1997-11-13T15:57:34Z,-40.2,0.0,174.88,0.0,12.0,0.0,ML,,,,2.3,0.4,6
1205641,1997-11-13T16:54:19Z,-41.48,0.0,174.03,0.0,40.0,3.0,ML,,,,2.4,0.2,5
1205642,1997-11-13T17:04:36Z,-39.3,0.0,173.81,0.1,18.0,3.0,ML,,,,1.7,nan,1
1204933,1997-11-13T18:54:31Z,-40.84,0.0,175.2,0.0,30.0,1.0,ML,,,,2.2,0.3,6
1208725,1997-11-13T19:08:14Z,-39.23,0.0,173.74,0.0,14.0,1.0,ML,,,,1.6,0.1,2
1201710,1997-11-13T21:12:39Z,-45.1,0.0,166.84,0.0,20.0,2.0,ML,,,,2.6,0.1,3
1199103,1997-11-13T22:25:48Z,-38.61,0.0,175.73,0.0,162.0,3.0,ML,,,,4.2,0.4,15
1201711,1997-11-13T23:09:12Z,-45.11,0.0,166.86,0.0,12.0,0.0,ML,,,,2.4,0.1,3
1205355,1997-11-14T03:36:06Z,-40.3,0.0,173.88,0.0,107.0,3.0,ML,,,,3.4,0.3,7
1204359,1997-11-14T04:32:20Z,-39.05,0.0,175.77,0.0,80.0,2.0,ML,,,,3.5,0.1,8
1204706,1997-11-14T05:45:01Z,-38.25,0.1,176.61,0.2,179.0,16.0,ML,,,,3.4,0.2,4
1204707,1997-11-14T05:47:43Z,-38.07,0.2,176.64,0.4,167.0,26.0,ML,,,,3.3,0.2,3
1201715,1997-11-14T07:17:39Z,-45.53,0.0,167.01,0.0,75.0,1.0,ML,,,,2.8,0.1,4
1202067,1997-11-14T07:35:11Z,-42.01,0.0,173.21,0.0,21.0,3.0,ML,,,,2.7,0.1,6
1201716,1997-11-14T10:11:05Z,-45.28,0.0,167.12,0.0,70.0,3.0,ML,,,,3.0,0.3,6
1208962,1997-11-14T10:32:52Z,-40.83,0.0,175.48,0.0,27.0,5.0,ML,,,,1.7,0.0,5
1202068,1997-11-14T12:29:57Z,-41.92,0.0,172.55,0.0,12.0,0.0,ML,,,,2.4,0.4,2
1199109,1997-11-14T14:59:05Z,-39.13,0.0,175.43,0.0,8.0,1.0,ML,,,,2.8,0.3,13
1204967,1997-11-14T17:32:10Z,-41.02,0.0,175.54,0.0,22.0,1.0,ML,,,,2.4,0.2,7
1204715,1997-11-14T19:27:38Z,-37.96,0.0,176.5,0.0,153.0,7.0,ML,,,,3.6,0.2,13
1199112,1997-11-14T21:36:26Z,-39.26,0.0,173.86,0.0,14.0,2.0,ML,,,,3.4,0.3,17
1208963,1997-11-15T00:25:19Z,-41.27,0.0,175.23,0.0,25.0,1.0,ML,,,,2.1,0.1,6
1208964,1997-11-15T00:46:18Z,-41.46,0.0,174.93,0.0,26.0,1.0,ML,,,,2.2,0.2,2
1201719,1997-11-15T01:09:45Z,-45.6,0.0,167.5,0.0,5.0,0.0,ML,,,,2.3,0.2,5
1199116,1997-11-15T02:09:54Z,-39.53,0.0,175.63,0.0,12.0,0.0,ML,,,,2.7,0.3,5
1205379,1997-11-15T03:14:14Z,-39.33,0.0,175.74,0.0,15.0,0.0,ML,,,,2.5,0.2,3
1201722,1997-11-15T08:42:54Z,-45.07,0.0,167.49,0.0,80.0,2.0,ML,,,,3.3,0.4,7
1201723,1997-11-15T09:38:10Z,-44.86,0.0,166.62,0.1,5.0,0.0,ML,,,,4.1,0.2,6
1208781,1997-11-15T11:43:12Z,-41.12,0.0,175.34,0.0,23.0,1.0,ML,,,,2.4,0.2,7
1199117,1997-11-15T11:44:39Z,-40.23,0.0,173.53,0.0,177.0,4.0,ML,,,,3.5,0.3,10
1204719,1997-11-15T12:09:33Z,-39.76,0.0,176.86,0.0,24.0,0.0,ML,,,,3.0,0.3,5
1201725,1997-11-15T12:38:55Z,-45.3,0.0,167.23,0.0,65.0,2.0,ML,,,,2.7,0.4,6
1201726,1997-11-15T13:50:06Z,-45.14,0.0,167.51,0.0,96.0,3.0,ML,,,,3.5,0.4,7
1201863,1997-11-15T13:54:12Z,-40.44,0.0,176.73,0.0,12.0,0.0,ML,,,,3.8,0.3,24
1204721,1997-11-15T15:08:25Z,-40.43,0.0,176.74,0.0,12.0,0.0,ML,,,,3.2,0.3,13
1204722,1997-11-15T15:58:17Z,-40.43,0.0,176.67,0.1,12.0,0.0,ML,,,,3.1,0.4,11
1208785,1997-11-15T17:36:06Z,-40.61,0.0,174.59,0.0,21.0,4.0,ML,,,,2.0,0.2,6
1204544,1997-11-15T18:42:56Z,-40.4,0.0,176.63,0.1,12.0,0.0,ML,,,,3.2,0.4,7
1201727,1997-11-15T18:46:10Z,-45.04,0.0,167.47,0.0,127.0,4.0,ML,,,,3.9,0.3,7
1204725,1997-11-15T20:03:02Z,-40.41,0.0,176.65,0.0,12.0,0.0,ML,,,,2.8,0.4,11
1199120,1997-11-15T21:40:12Z,-40.45,0.0,176.92,0.0,12.0,0.0,ML,,,,4.1,0.3,31
1199121,1997-11-15T22:06:05Z,-40.43,0.0,176.84,0.0,12.0,0.0,ML,,,,3.5,0.3,20
1205134,1997-11-15T22:24:46Z,-40.43,0.0,173.32,0.0,164.0,4.0,ML,,,,3.5,0.1,8
1199122,1997-11-16T00:03:15Z,-39.89,0.0,175.34,0.0,15.0,4.0,ML,,,,2.8,0.3,12
1204728,1997-11-16T00:11:05Z,-38.21,0.0,178.84,0.0,12.0,0.0,ML,,,,3.2,0.2,4
1215476,1997-11-16T00:11:39Z,-39.91,0.0,177.32,0.0,12.0,0.0,ML,,,,3.2,0.1,4
1204730,1997-11-16T02:16:05Z,-40.37,0.1,176.68,0.2,12.0,0.0,ML,,,,2.8,0.1,3
1205385,1997-11-16T02:40:28Z,-39.62,0.0,175.62,0.1,12.0,0.0,ML,,,,2.6,0.2,3
1201729,1997-11-16T02:50:29Z,-45.91,0.0,168.25,0.0,12.0,0.0,ML,,,,3.4,0.2,5
1205401,1997-11-16T06:58:07Z,-39.3,0.0,175.51,0.0,12.0,0.0,ML,,,,2.2,0.2,4
1205403,1997-11-16T07:07:20Z,-39.32,0.0,175.51,0.0,12.0,0.0,ML,,,,1.6,0.1,3
1201734,1997-11-16T07:48:07Z,-44.96,0.0,167.56,0.0,76.0,4.0,ML,,,,2.4,0.2,3
1204732,1997-11-16T08:17:17Z,-39.83,0.0,177.3,0.0,12.0,0.0,ML,,,,3.1,0.2,4
1199123,1997-11-16T09:04:44Z,-39.28,0.0,175.03,0.0,28.0,2.0,ML,,,,2.6,0.2,4
1204763,1997-11-16T09:52:52Z,-40.29,0.1,173.5,0.0,196.0,5.0,ML,,,,3.2,0.2,5
1201735,1997-11-16T11:13:07Z,-43.24,0.0,171.59,0.0,5.0,0.0,ML,,,,3.2,0.3,9
1204508,1997-11-16T11:34:40Z,-43.64,0.0,171.64,0.0,12.0,0.0,ML,,,,2.4,0.1,3
1204733,1997-11-16T11:46:08Z,-39.6,0.0,175.59,0.0,12.0,0.0,ML,,,,2.5,0.2,4
1199125,1997-11-16T13:06:31Z,-39.33,0.0,175.83,0.0,66.0,2.0,ML,,,,2.8,0.0,3
1205236,1997-11-16T14:44:39Z,-37.8,0.0,179.1,0.0,12.0,0.0,ML,,,,3.2,0.4,3
1205416,1997-11-16T14:48:58Z,-39.59,0.0,175.66,0.0,23.0,2.0,ML,,,,2.6,0.2,4
1205238,1997-11-16T15:25:36Z,-37.78,0.0,179.09,0.0,12.0,0.0,ML,,,,3.0,0.3,3
1208968,1997-11-16T15:28:55Z,-42.12,0.0,175.34,0.0,12.0,0.0,ML,,,,2.4,0.3,5
1205239,1997-11-16T15:31:35Z,-37.8,0.0,179.16,0.1,12.0,0.0,ML,,,,2.9,0.3,3
1204734,1997-11-16T15:54:38Z,-40.34,0.1,176.96,0.2,12.0,0.0,ML,,,,3.0,0.1,4
1199126,1997-11-16T16:16:49Z,-39.17,0.0,175.23,0.0,24.0,2.0,ML,,,,2.3,0.2,5
1204554,1997-11-16T16:40:48Z,-37.79,0.0,179.13,0.0,12.0,0.0,ML,,,,3.2,0.3,3
1204735,1997-11-16T18:16:57Z,-40.52,0.0,176.34,0.1,12.0,0.0,ML,,,,2.9,0.4,7
1205241,1997-11-16T19:05:16Z,-37.79,0.0,179.14,0.0,12.0,0.0,ML,,,,3.0,0.3,3
1205008,1997-11-16T19:28:42Z,-39.39,0.0,174.67,0.0,33.0,0.0,ML,,,,2.7,0.2,3
1208231,1997-11-16T21:14:12Z,-39.73,0.0,175.7,0.1,5.0,0.0,ML,,,,2.8,0.2,6
1199127,1997-11-16T21:57:34Z,-35.73,0.1,179.62,0.1,97.0,15.0,ML,,,,4.5,0.3,17
1199128,1997-11-16T22:04:41Z,-39.32,0.0,175.1,0.0,26.0,2.0,ML,,,,2.7,0.3,7
1203994,1997-11-17T00:32:14Z,-38.29,0.0,178.94,0.1,12.0,0.0,ML,,,,2.9,0.3,3
1203998,1997-11-17T01:15:39Z,-37.79,0.0,179.11,0.0,12.0,0.0,ML,,,,3.7,0.3,3
1203999,1997-11-17T01:19:55Z,-37.94,0.0,179.2,0.0,12.0,0.0,ML,,,,3.1,0.3,3
1201869,1997-11-17T03:28:19Z,-40.85,0.0,175.45,0.0,24.0,2.0,ML,,,,2.0,0.4,4
1208796,1997-11-17T06:39:45Z,-40.86,0.0,174.97,0.0,32.0,1.0,ML,,,,2.6,0.2,8
1205251,1997-11-17T08:29:27Z,-37.79,0.0,179.14,0.0,12.0,0.0,ML,,,,3.3,0.3,3
1201746,1997-11-17T08:52:48Z,-44.56,0.0,168.29,0.0,5.0,0.0,ML,,,,2.5,0.3,5
1208797,1997-11-17T10:27:05Z,-41.39,0.0,174.98,0.0,25.0,0.0,ML,,,,2.1,0.1,4
1208976,1997-11-17T11:18:21Z,-40.67,0.0,174.41,0.0,53.0,4.0,ML,,,,2.4,0.1,5
1201747,1997-11-17T11:51:25Z,-45.51,0.0,167.36,0.0,5.0,0.0,ML,,,,2.7,0.4,4
1208316,1997-11-17T12:49:27Z,-41.26,0.0,175.31,0.0,27.0,1.0,ML,,,,2.9,0.2,10
1199132,1997-11-17T13:04:16Z,-37.2,0.1,177.71,0.1,132.0,13.0,ML,,,,3.7,0.2,4
1199133,1997-11-17T13:13:17Z,-39.74,0.0,176.37,0.0,38.0,2.0,ML,,,,3.5,0.2,8
1204645,1997-11-17T14:10:46Z,-41.99,0.0,173.34,0.0,12.0,0.0,ML,,,,3.1,0.2,7
1204740,1997-11-17T18:07:38Z,-38.88,0.0,175.18,0.0,216.0,8.0,ML,,,,3.6,0.1,6
1199134,1997-11-17T20:48:44Z,-39.23,0.0,175.33,0.0,12.0,0.0,ML,,,,2.3,0.1,3
1204010,1997-11-17T21:32:29Z,-45.37,0.0,170.44,0.0,5.0,0.0,ML,,,,2.5,0.1,3
1199135,1997-11-17T21:49:22Z,-39.25,0.0,175.31,0.0,5.0,0.0,ML,,,,2.1,0.1,3
1208980,1997-11-17T23:54:56Z,-40.98,0.0,174.62,0.0,49.0,3.0,ML,,,,2.3,0.2,3
1204031,1997-11-18T03:04:13Z,-39.09,0.0,175.01,0.0,204.0,3.0,ML,,,,3.4,0.2,9
1204780,1997-11-18T03:39:07Z,-40.49,0.0,174.89,0.0,25.0,1.0,ML,,,,3.3,0.4,23
1207794,1997-11-18T05:08:47Z,-39.72,0.0,174.89,0.0,12.0,0.0,ML,,,,2.4,0.2,3
1204649,1997-11-18T05:51:18Z,-43.04,0.0,171.42,0.0,12.0,0.0,ML,,,,2.4,0.2,4
1208318,1997-11-18T06:48:09Z,-41.66,0.0,174.2,0.0,5.0,0.0,ML,,,,2.4,0.3,7
1201751,1997-11-18T07:33:46Z,-44.8,0.0,167.65,0.0,60.0,10.0,ML,,,,2.5,0.1,2
1201752,1997-11-18T08:01:12Z,-44.27,0.0,168.74,0.0,5.0,0.0,ML,,,,2.9,0.2,5
1208320,1997-11-18T08:45:13Z,-37.62,0.2,176.86,0.3,234.0,22.0,ML,,,,3.8,0.4,4
1208129,1997-11-18T09:28:21Z,-40.66,0.0,173.7,0.0,95.0,2.0,ML,,,,2.6,0.2,5
1206987,1997-11-18T12:13:37Z,-37.83,0.0,176.31,0.0,311.0,3.0,ML,,,,4.0,0.2,12
1199139,1997-11-18T14:42:46Z,-40.4,0.0,176.26,0.0,47.0,3.0,ML,,,,3.4,0.2,11
1201753,1997-11-18T14:52:47Z,-45.57,0.0,169.39,0.0,5.0,0.0,ML,,,,2.2,0.1,4
1199140,1997-11-18T15:04:02Z,-40.15,0.0,174.94,0.0,16.0,4.0,ML,,,,3.2,0.4,22
1199141,1997-11-18T15:39:41Z,-37.17,0.0,178.1,0.0,12.0,0.0,ML,,,,4.0,0.3,5
1199142,1997-11-18T15:42:15Z,-37.11,0.0,178.29,0.0,27.0,2.0,ML,,,,4.2,0.3,31
1201754,1997-11-18T16:34:41Z,-45.23,0.0,167.27,0.0,96.0,3.0,ML,,,,3.0,0.3,5
1208233,1997-11-18T17:15:20Z,-39.28,0.0,175.59,0.0,5.0,0.0,ML,,,,1.3,0.3,2
1201755,1997-11-18T17:41:43Z,-44.86,0.0,167.41,0.0,12.0,0.0,ML,,,,2.7,0.2,3
1208234,1997-11-18T18:29:23Z,-39.18,0.0,175.4,0.0,5.0,0.0,ML,,,,2.2,0.1,2
1199143,1997-11-18T19:04:40Z,-39.2,0.0,175.4,0.0,11.0,0.0,ML,,,,3.3,0.3,11
1201757,1997-11-18T19:12:28Z,-40.88,0.0,174.77,0.0,15.0,1.0,ML,,,,2.0,0.1,5
1199144,1997-11-18T20:04:31Z,-39.22,0.0,175.38,0.0,12.0,0.0,ML,,,,2.9,0.4,9
1199145,1997-11-18T20:25:09Z,-38.49,0.0,175.83,0.0,187.0,3.0,ML,,,,4.5,0.2,15
1216778,1997-11-18T20:27:40Z,-40.02,0.0,173.96,0.0,113.0,6.0,ML,,,,3.0,0.3,4
1210732,1997-11-18T20:34:12Z,-39.3,0.0,173.92,0.0,12.0,0.0,ML,,,,1.3,nan,1
1199147,1997-11-18T21:50:49Z,-40.62,0.0,173.32,0.0,156.0,3.0,ML,,,,3.9,0.3,12
1204655,1997-11-19T00:20:43Z,-42.8,0.0,171.59,0.0,5.0,0.0,ML,,,,2.6,0.3,3
1207036,1997-11-19T01:38:03Z,-45.02,0.0,167.73,0.1,115.0,5.0,ML,,,,3.1,0.3,4
1201764,1997-11-19T03:49:12Z,-44.68,0.0,168.35,0.0,84.0,7.0,ML,,,,3.1,0.3,5
1208331,1997-11-19T04:14:27Z,-40.88,0.0,174.72,0.0,19.0,3.0,ML,,,,2.6,0.2,8
1207824,1997-11-19T04:21:08Z,-40.64,0.0,173.15,0.0,144.0,2.0,ML,,,,3.1,0.1,4
1208235,1997-11-19T05:37:31Z,-39.59,0.0,175.63,0.0,5.0,0.0,ML,,,,2.3,0.2,3
1199149,1997-11-19T06:17:15Z,-39.32,0.0,175.76,0.0,16.0,1.0,ML,,,,2.8,0.2,4
1208025,1997-11-19T09:02:00Z,-37.78,0.0,179.31,0.0,12.0,0.0,ML,,,,3.4,0.3,3
1208982,1997-11-19T11:49:28Z,-41.01,0.0,175.46,0.0,30.0,1.0,ML,,,,1.9,0.1,2
1208237,1997-11-19T13:30:56Z,-39.28,0.0,175.56,0.0,0.0,0.0,ML,,,,1.9,0.1,4
1208028,1997-11-19T14:28:04Z,-37.26,0.1,179.65,0.1,12.0,0.0,ML,,,,3.1,0.6,3
1207061,1997-11-19T15:21:51Z,-37.94,0.0,179.23,0.0,12.0,0.0,ML,,,,2.9,0.2,3
1208985,1997-11-19T17:15:08Z,-40.65,0.0,174.65,0.0,12.0,0.0,ML,,,,2.4,0.1,3
1208238,1997-11-19T19:20:06Z,-39.38,0.0,175.63,0.0,12.0,0.0,ML,,,,2.4,0.2,3
1204559,1997-11-19T19:28:31Z,-45.11,0.1,167.47,0.0,94.0,6.0,ML,,,,3.5,0.2,5
1206924,1997-11-19T20:43:33Z,-39.5,0.0,175.59,0.0,12.0,0.0,ML,,,,2.8,0.3,3
1208989,1997-11-19T22:45:56Z,-40.24,0.0,174.89,0.0,12.0,0.0,ML,,,,2.4,0.2,5
1205275,1997-11-19T22:49:21Z,-43.55,0.0,171.7,0.0,5.0,0.0,ML,,,,2.8,0.1,3
1208348,1997-11-19T23:42:16Z,-39.26,0.0,173.81,0.0,12.0,2.0,ML,,,,1.6,0.2,3
1208351,1997-11-20T01:31:01Z,-40.74,0.0,174.72,0.0,5.0,0.0,ML,,,,2.8,0.2,5
1205054,1997-11-20T03:03:55Z,-40.91,0.0,173.7,0.0,71.0,4.0,ML,,,,3.1,0.2,6
1207895,1997-11-20T04:31:02Z,-39.94,0.0,174.59,0.1,106.0,7.0,ML,,,,3.1,0.2,4
1206989,1997-11-20T06:30:55Z,-39.71,0.0,176.25,0.0,29.0,2.0,ML,,,,2.8,0.3,5
1204560,1997-11-20T06:36:35Z,-45.06,0.1,167.48,0.0,97.0,6.0,ML,,,,3.8,0.2,5
1199152,1997-11-20T11:06:57Z,-39.27,0.0,174.8,0.0,25.0,2.0,ML,,,,2.8,0.2,6
1206945,1997-11-20T11:47:11Z,-44.97,0.1,167.57,0.1,113.0,12.0,ML,,,,3.3,nan,1
1199153,1997-11-20T13:02:48Z,-39.32,0.0,175.74,0.0,16.0,2.0,ML,,,,3.1,0.2,4
1208995,1997-11-20T13:14:48Z,-41.1,0.0,175.07,0.0,24.0,1.0,ML,,,,1.8,0.1,3
1199155,1997-11-20T14:23:59Z,-39.29,0.0,177.41,0.0,28.0,2.0,ML,,,,4.0,0.3,35
1208039,1997-11-20T17:26:05Z,-38.88,0.1,178.88,0.2,12.0,0.0,ML,,,,3.1,0.3,3
1207905,1997-11-21T01:53:24Z,-37.88,0.0,179.25,0.0,12.0,0.0,ML,,,,3.1,0.2,3
1207736,1997-11-21T02:27:23Z,-39.82,0.0,176.07,0.0,28.0,4.0,ML,,,,2.5,0.2,3
1207562,1997-11-21T02:39:43Z,-41.86,0.0,172.17,0.0,12.0,0.0,ML,,,,2.3,0.2,3
1208161,1997-11-21T03:07:46Z,-41.07,0.0,174.54,0.0,41.0,1.0,ML,,,,2.8,0.2,9
1207909,1997-11-21T03:42:50Z,-41.99,0.0,174.22,0.0,5.0,0.0,ML,,,,3.1,0.2,14
1204562,1997-11-21T05:17:55Z,-44.42,0.0,168.3,0.0,5.0,0.0,ML,,,,3.4,0.2,7
1206959,1997-11-21T05:27:23Z,-40.16,0.0,174.59,0.0,48.0,10.0,ML,,,,2.3,0.1,6
1204563,1997-11-21T06:21:48Z,-45.1,0.0,167.45,0.0,115.0,4.0,ML,,,,3.6,0.2,8
1218278,1997-11-21T08:16:00Z,-41.12,0.0,174.65,0.0,31.0,1.0,ML,,,,1.7,0.2,5
1208999,1997-11-21T08:16:18Z,-41.02,0.0,175.38,0.0,30.0,2.0,ML,,,,2.3,0.3,8
1207585,1997-11-21T08:56:17Z,-41.41,0.0,172.34,0.0,5.0,0.0,ML,,,,2.6,0.1,3
1207137,1997-11-21T08:57:53Z,-41.25,0.0,174.61,0.0,39.0,1.0,ML,,,,1.9,0.2,8
1209000,1997-11-21T11:02:36Z,-41.01,0.0,175.24,0.0,23.0,2.0,ML,,,,1.7,0.3,6
1208357,1997-11-21T14:01:52Z,-41.5,0.0,174.5,0.0,29.0,1.0,ML,,,,2.3,0.1,10
1218280,1997-11-21T15:21:52Z,-41.84,0.0,171.99,0.0,5.0,0.0,ML,,,,3.7,0.3,16
1208254,1997-11-21T16:24:25Z,-39.68,0.1,174.67,0.1,5.0,0.0,ML,,,,2.5,0.3,3
1205278,1997-11-21T17:35:41Z,-46.28,0.0,167.25,0.0,5.0,0.0,ML,,,,3.1,0.2,5
1209002,1997-11-21T19:05:25Z,-41.17,0.0,174.62,0.0,32.0,1.0,ML,,,,2.1,0.2,8
1199161,1997-11-21T19:58:23Z,-39.98,0.0,176.8,0.0,41.0,6.0,ML,,,,3.3,0.3,14
1218281,1997-11-21T19:59:49Z,-41.36,0.0,174.55,0.0,52.0,2.0,ML,,,,2.6,0.2,4
1209004,1997-11-21T20:22:14Z,-41.24,0.0,175.2,0.0,17.0,3.0,ML,,,,1.8,0.2,6
1207591,1997-11-21T23:06:46Z,-40.74,0.0,173.21,0.0,170.0,4.0,ML,,,,3.4,0.3,9
1206990,1997-11-21T23:09:28Z,-40.17,0.0,174.77,0.0,18.0,4.0,ML,,,,2.6,0.1,8
1206991,1997-11-21T23:40:13Z,-40.17,0.0,174.76,0.0,19.0,3.0,ML,,,,2.5,0.2,8
1199162,1997-11-21T23:57:40Z,-38.95,0.0,175.61,0.0,12.0,0.0,ML,,,,2.0,0.1,2
1206967,1997-11-22T01:03:03Z,-45.16,0.0,167.0,0.0,12.0,0.0,ML,,,,2.1,0.2,4
1209006,1997-11-22T06:11:45Z,-41.24,0.0,174.39,0.0,59.0,1.0,ML,,,,2.5,0.2,6
1209007,1997-11-22T06:49:19Z,-41.04,0.0,174.54,0.0,35.0,2.0,ML,,,,1.8,0.3,5
1199164,1997-11-22T08:31:46Z,-42.48,0.0,172.85,0.0,5.0,0.0,ML,,,,4.2,0.2,8
1199165,1997-11-22T08:44:33Z,-39.21,0.0,175.34,0.0,18.0,0.0,ML,,,,2.3,0.2,4
1210698,1997-11-22T11:21:27Z,-40.2,0.2,174.59,0.1,169.0,10.0,ML,,,,2.4,0.1,6
1208184,1997-11-22T12:10:25Z,-41.01,0.0,172.94,0.0,5.0,0.0,ML,,,,2.9,0.1,7
1199167,1997-11-22T13:05:24Z,-39.2,0.0,174.75,0.0,12.0,0.0,ML,,,,2.8,0.3,6
1205281,1997-11-22T13:48:17Z,-43.01,0.0,171.49,0.0,5.0,0.0,ML,,,,3.2,0.1,5
1208410,1997-11-22T14:24:00Z,-38.35,0.0,176.31,0.0,5.0,0.0,ML,,,,2.1,0.2,4
1208261,1997-11-22T14:31:53Z,-39.5,0.0,174.83,0.0,33.0,0.0,ML,,,,2.4,0.1,3
1206969,1997-11-22T14:47:51Z,-44.41,0.1,169.05,0.1,5.0,0.0,ML,,,,2.1,0.0,3
1207193,1997-11-22T15:31:04Z,-40.79,0.0,175.09,0.0,28.0,1.0,ML,,,,2.3,0.3,7
1207749,1997-11-22T15:58:55Z,-39.52,0.0,177.56,0.0,12.0,0.0,ML,,,,2.7,0.4,3
1205282,1997-11-22T16:30:00Z,-45.08,0.0,167.39,0.0,49.0,3.0,ML,,,,3.3,0.3,6
1210733,1997-11-22T17:20:53Z,-39.27,0.0,173.82,0.0,14.0,1.0,ML,,,,1.8,0.2,2
1205283,1997-11-22T17:52:50Z,-45.58,0.0,167.51,0.0,5.0,0.0,ML,,,,3.2,0.2,4
1208622,1997-11-22T19:12:46Z,-40.86,0.0,175.12,0.0,33.0,1.0,ML,,,,1.5,0.3,4
1206971,1997-11-22T21:57:59Z,-45.21,0.1,166.38,0.1,5.0,0.0,ML,,,,3.0,0.2,4
1199169,1997-11-23T00:29:38Z,-40.06,0.0,174.78,0.0,29.0,2.0,ML,,,,2.6,0.3,9
1209008,1997-11-23T03:30:49Z,-40.33,0.0,174.33,0.0,93.0,4.0,ML,,,,2.7,0.2,5
1207947,1997-11-23T03:44:21Z,-38.12,0.0,178.9,0.0,12.0,0.0,ML,,,,3.3,0.3,3
1199170,1997-11-23T05:46:21Z,-39.23,0.0,175.14,0.0,29.0,2.0,ML,,,,2.5,0.3,3
1205093,1997-11-23T05:59:45Z,-36.63,0.1,176.49,0.1,265.0,15.0,ML,,,,3.7,0.2,8
1209009,1997-11-23T06:23:51Z,-41.76,0.0,174.37,0.0,5.0,0.0,ML,,,,1.9,0.2,6
1199171,1997-11-23T06:31:45Z,-39.25,0.0,175.11,0.0,27.0,2.0,ML,,,,2.7,0.3,7
1207953,1997-11-23T06:41:45Z,-40.49,0.0,174.55,0.0,57.0,2.0,ML,,,,2.6,0.2,7
1208361,1997-11-23T07:52:35Z,-41.28,0.0,175.19,0.0,22.0,2.0,ML,,,,2.6,0.2,9
1208012,1997-11-23T08:00:14Z,-40.19,0.1,173.55,0.0,199.0,5.0,ML,,,,3.2,0.3,6
1209011,1997-11-23T08:17:24Z,-41.26,0.0,175.19,0.0,17.0,3.0,ML,,,,1.5,0.1,3
1205285,1997-11-23T08:36:15Z,-42.55,0.0,171.15,0.0,12.0,0.0,ML,,,,3.2,0.0,3
1208013,1997-11-23T08:53:31Z,-41.61,0.0,173.58,0.0,78.0,4.0,ML,,,,3.1,0.3,7
1208270,1997-11-23T09:59:55Z,-39.37,0.0,175.63,0.0,12.0,0.0,ML,,,,1.7,0.2,3
1208423,1997-11-23T10:02:08Z,-38.2,0.0,176.75,0.0,5.0,0.0,ML,,,,2.1,0.3,4
1199172,1997-11-23T11:12:44Z,-39.12,0.0,175.38,0.0,12.0,0.0,ML,,,,2.0,0.1,4
1199173,1997-11-23T11:32:42Z,-39.27,0.0,175.05,0.0,5.0,0.0,ML,,,,2.4,0.3,8
1199174,1997-11-23T11:56:07Z,-39.2,0.0,175.4,0.0,11.0,0.0,ML,,,,3.0,0.3,12
1199175,1997-11-23T12:02:30Z,-39.22,0.0,175.37,0.0,14.0,2.0,ML,,,,2.3,0.3,4
1208273,1997-11-23T12:47:16Z,-39.22,0.0,175.39,0.0,12.0,0.0,ML,,,,2.0,0.2,2
1208274,1997-11-23T13:33:33Z,-39.25,0.0,175.16,0.0,33.0,0.0,ML,,,,2.2,0.1,2
1207764,1997-11-23T13:43:56Z,-39.47,0.1,176.09,0.1,27.0,6.0,ML,,,,2.3,0.1,4
1208073,1997-11-23T14:16:39Z,-38.16,0.0,178.11,0.1,12.0,0.0,ML,,,,3.0,0.2,3
1207765,1997-11-23T14:54:54Z,-38.06,0.1,176.48,0.1,191.0,14.0,ML,,,,3.3,0.2,10
1205286,1997-11-23T15:15:28Z,-44.22,0.0,168.52,0.0,5.0,0.0,ML,,,,2.9,0.6,3
1209012,1997-11-23T15:39:14Z,-41.01,0.0,175.41,0.0,28.0,2.0,ML,,,,2.7,0.2,7
1199176,1997-11-23T17:06:31Z,-39.75,0.0,176.42,0.0,44.0,7.0,ML,,,,3.7,0.2,12
1206992,1997-11-23T17:30:43Z,-40.47,0.0,176.75,0.0,12.0,0.0,ML,,,,3.2,0.3,12
1205100,1997-11-23T20:30:31Z,-40.95,0.0,176.09,0.0,31.0,3.0,ML,,,,3.5,0.4,17
1206982,1997-11-23T20:42:14Z,-44.97,0.0,167.1,0.0,5.0,0.0,ML,,,,2.9,0.2,5
1207612,1997-11-23T21:45:15Z,-43.04,0.0,171.31,0.1,12.0,0.0,ML,,,,2.8,0.1,2
1210261,1997-11-23T22:40:32Z,-38.21,0.0,176.35,0.0,5.0,0.0,ML,,,,1.9,0.1,3
1206984,1997-11-24T01:16:29Z,-45.8,0.0,168.06,0.1,28.0,4.0,ML,,,,2.3,0.2,4
1206985,1997-11-24T01:51:36Z,-38.36,0.0,178.82,0.0,12.0,0.0,ML,,,,2.8,0.3,3
1199178,1997-11-24T02:23:56Z,-40.49,0.0,174.65,0.0,70.0,4.0,ML,,,,5.2,0.2,7
1199179,1997-11-24T02:49:10Z,-40.48,0.0,174.62,0.0,63.0,4.0,ML,,,,3.2,0.2,11
1210289,1997-11-24T03:05:56Z,-40.43,0.0,174.53,0.0,49.0,6.0,ML,,,,2.5,0.2,5
1208019,1997-11-24T04:24:53Z,-41.16,0.0,172.89,0.0,169.0,5.0,ML,,,,3.7,0.2,9
1207772,1997-11-24T06:03:27Z,-39.62,0.1,177.56,0.1,33.0,0.0,ML,,,,2.8,0.1,3
1207235,1997-11-24T11:49:42Z,-45.27,0.0,166.94,0.0,12.0,0.0,ML,,,,2.4,0.2,4
1210647,1997-11-24T12:56:15Z,-40.87,0.0,174.73,0.0,12.0,0.0,ML,,,,2.1,0.2,8
1207239,1997-11-24T13:17:26Z,-39.81,0.0,176.09,0.0,28.0,2.0,ML,,,,2.8,0.2,6
1205288,1997-11-24T13:39:12Z,-43.03,0.0,171.41,0.0,12.0,0.0,ML,,,,3.0,0.2,4
1199181,1997-11-24T16:22:19Z,-39.15,0.0,175.36,0.0,5.0,0.0,ML,,,,2.5,0.0,5
1210333,1997-11-24T16:45:29Z,-39.04,0.0,173.9,0.1,12.0,0.0,ML,,,,2.8,0.7,5
1199182,1997-11-24T17:45:53Z,-40.48,0.0,174.6,0.0,60.0,5.0,ML,,,,3.7,0.2,12
1207784,1997-11-24T18:53:41Z,-39.71,0.0,176.46,0.0,69.0,4.0,ML,,,,2.7,0.2,6
1207261,1997-11-24T19:36:10Z,-43.07,0.0,171.4,0.0,12.0,0.0,ML,,,,3.0,0.2,4
1211903,1997-11-24T19:45:38Z,-40.41,0.0,174.54,0.0,31.0,2.0,ML,,,,2.2,0.3,5
1208209,1997-11-24T19:56:44Z,-42.19,0.0,174.14,0.0,24.0,3.0,ML,,,,2.6,0.2,8
1208204,1997-11-24T20:22:14Z,-41.14,0.1,172.71,0.0,180.0,3.0,ML,,,,3.0,0.1,3
1206993,1997-11-24T20:26:52Z,-40.2,0.0,174.33,0.0,90.0,5.0,ML,,,,3.3,0.4,9
1206994,1997-11-24T21:14:49Z,-39.19,0.0,174.75,0.1,225.0,7.0,ML,,,,3.8,0.1,11
1207264,1997-11-24T21:39:52Z,-41.42,0.0,173.75,0.0,53.0,2.0,ML,,,,2.7,nan,1
1207270,1997-11-25T01:24:16Z,-44.9,0.1,167.6,0.1,65.0,9.0,ML,,,,2.7,0.2,4
1211929,1997-11-25T01:31:45Z,-40.41,0.1,174.5,0.1,29.0,5.0,ML,,,,2.0,0.1,3
1207273,1997-11-25T05:07:36Z,-44.78,0.0,167.73,0.0,51.0,3.0,ML,,,,3.3,0.4,7
1209273,1997-11-25T06:59:39Z,-39.54,0.0,176.6,0.0,33.0,0.0,ML,,,,2.4,0.0,4
1209275,1997-11-25T07:23:52Z,-39.74,0.1,176.94,0.1,50.0,5.0,ML,,,,2.7,0.2,2
1207286,1997-11-25T09:18:39Z,-41.13,0.0,174.46,0.0,33.0,2.0,ML,,,,2.3,0.1,7
1211308,1997-11-25T12:39:27Z,-40.81,0.0,175.48,0.0,28.0,2.0,ML,,,,2.2,0.2,6
1207295,1997-11-25T12:59:47Z,-44.79,0.0,167.49,0.0,25.0,2.0,ML,,,,2.8,0.3,5
1207296,1997-11-25T13:10:15Z,-40.04,0.0,176.91,0.0,12.0,0.0,ML,,,,3.2,0.4,7
1209277,1997-11-25T13:15:50Z,-40.1,0.0,177.02,0.0,12.0,0.0,ML,,,,3.3,0.3,15
1211909,1997-11-25T14:09:25Z,-40.99,0.0,175.16,0.0,26.0,3.0,ML,,,,1.7,nan,1
1207627,1997-11-25T15:10:59Z,-41.48,0.0,173.44,0.0,71.0,3.0,ML,,,,3.0,0.2,8
1207297,1997-11-25T15:48:24Z,-45.58,0.0,167.53,0.0,5.0,0.0,ML,,,,2.9,0.1,5
1207629,1997-11-25T16:35:28Z,-38.36,0.1,176.35,0.2,181.0,19.0,ML,,,,3.5,0.2,14
1207298,1997-11-25T17:18:22Z,-44.34,0.0,168.28,0.0,5.0,0.0,ML,,,,3.4,0.2,9
1209019,1997-11-25T17:46:15Z,-44.76,0.1,167.44,0.1,12.0,0.0,ML,,,,2.4,0.1,4
1211930,1997-11-25T18:12:49Z,-41.07,0.0,175.28,0.0,22.0,4.0,ML,,,,1.8,0.3,4
1211313,1997-11-25T18:20:48Z,-41.3,0.0,175.26,0.0,29.0,2.0,ML,,,,2.2,0.1,5
1209280,1997-11-25T21:31:09Z,-39.1,0.0,176.99,0.1,45.0,15.0,ML,,,,3.0,0.1,3
1210801,1997-11-25T22:00:26Z,-39.31,0.0,174.99,0.0,12.0,0.0,ML,,,,2.8,0.2,5
1211911,1997-11-25T23:01:27Z,-41.66,0.0,173.91,0.0,12.0,0.0,ML,,,,2.1,0.3,3
1210802,1997-11-25T23:06:28Z,-39.78,0.0,175.01,0.1,12.0,0.0,ML,,,,2.8,0.2,3
1211314,1997-11-25T23:11:35Z,-40.92,0.0,175.25,0.0,19.0,2.0,ML,,,,2.3,0.2,8
1209287,1997-11-25T23:30:08Z,-38.99,0.0,175.3,0.0,119.0,2.0,ML,,,,3.4,0.2,5
1207302,1997-11-25T23:56:37Z,-44.25,0.0,168.72,0.1,12.0,0.0,ML,,,,2.6,0.1,4
1210819,1997-11-26T00:59:05Z,-39.62,0.0,174.1,0.0,139.0,8.0,ML,,,,3.2,0.2,8
1207305,1997-11-26T04:44:10Z,-43.68,0.0,170.36,0.1,5.0,0.0,ML,,,,2.7,0.2,4
1207637,1997-11-26T05:23:35Z,-46.24,0.0,169.69,0.0,5.0,0.0,ML,,,,2.1,0.4,2
1207638,1997-11-26T06:34:27Z,-38.07,0.0,175.96,0.0,196.0,5.0,ML,,,,4.6,0.3,17
1209021,1997-11-26T07:48:53Z,-45.41,0.0,167.14,0.0,105.0,1.0,ML,,,,3.1,0.3,5
1207306,1997-11-26T09:41:50Z,-45.24,0.0,167.36,0.0,89.0,5.0,ML,,,,3.2,0.2,6
1211321,1997-11-26T10:22:30Z,-39.83,0.0,174.7,0.0,122.0,4.0,ML,,,,2.6,0.1,8
1211322,1997-11-26T10:56:52Z,-40.86,0.0,175.13,0.0,31.0,1.0,ML,,,,2.3,0.2,9
1209141,1997-11-26T11:34:13Z,-39.87,0.0,177.01,0.0,38.0,2.0,ML,,,,3.8,0.2,16
1209300,1997-11-26T12:22:35Z,-39.8,0.0,176.93,0.1,38.0,5.0,ML,,,,2.9,0.2,4
1211005,1997-11-26T12:45:10Z,-41.91,0.0,174.56,0.0,31.0,2.0,ML,,,,2.6,0.2,10
1207310,1997-11-26T13:49:10Z,-44.83,0.1,172.14,0.1,33.0,0.0,ML,,,,2.9,0.1,4
1207311,1997-11-26T13:54:58Z,-43.1,0.0,171.4,0.0,5.0,0.0,ML,,,,2.8,0.4,4
1210971,1997-11-26T17:04:25Z,-41.63,0.0,174.81,0.0,25.0,3.0,ML,,,,2.1,0.3,3
1210427,1997-11-26T17:09:11Z,-37.71,0.0,177.58,0.0,66.0,7.0,ML,,,,3.2,0.2,3
1209029,1997-11-26T18:07:40Z,-40.39,0.0,174.57,0.0,28.0,4.0,ML,,,,2.7,0.3,9
1207649,1997-11-26T19:32:51Z,-41.24,0.0,173.3,0.0,98.0,5.0,ML,,,,3.1,0.4,6
1209142,1997-11-26T19:38:18Z,-39.73,0.0,175.03,0.0,34.0,4.0,ML,,,,2.8,0.3,6
1207318,1997-11-26T19:46:41Z,-45.16,0.0,166.84,0.1,12.0,0.0,ML,,,,2.7,0.4,5
1211330,1997-11-26T21:04:34Z,-40.42,0.0,174.58,0.0,28.0,7.0,ML,,,,2.2,0.2,7
1210754,1997-11-26T23:02:43Z,-38.69,0.0,175.61,0.1,184.0,8.0,ML,,,,3.3,0.1,7
1211341,1997-11-27T01:25:57Z,-38.31,0.0,176.27,0.0,13.0,2.0,ML,,,,3.1,0.1,7
1211742,1997-11-27T01:30:06Z,-38.45,0.0,176.25,0.0,12.0,0.0,ML,,,,2.9,0.2,3
1209308,1997-11-27T02:27:40Z,-39.2,0.0,177.39,0.0,33.0,5.0,ML,,,,3.5,0.2,9
1209452,1997-11-27T03:17:51Z,-38.35,0.0,176.29,0.0,12.0,0.0,ML,,,,2.9,0.3,5
1210830,1997-11-27T05:45:01Z,-40.25,0.0,173.6,0.0,135.0,5.0,ML,,,,3.4,0.3,6
1209143,1997-11-27T06:32:34Z,-39.25,0.0,175.3,0.0,27.0,3.0,ML,,,,2.9,0.2,3
1208112,1997-11-27T06:47:00Z,-43.03,0.0,171.36,0.0,5.0,0.0,ML,,,,2.8,0.0,3
1209312,1997-11-27T07:52:33Z,-39.76,0.0,176.57,0.0,26.0,1.0,ML,,,,2.8,0.1,5
1211369,1997-11-27T08:20:35Z,-41.29,0.0,175.77,0.0,17.0,4.0,ML,,,,1.5,0.2,4
1210833,1997-11-27T10:02:18Z,-41.49,0.0,174.38,0.0,32.0,1.0,ML,,,,1.9,0.2,7
1211377,1997-11-27T10:04:42Z,-37.0,0.0,177.41,0.0,146.0,4.0,ML,,,,3.6,0.2,10
1209528,1997-11-27T10:07:08Z,-41.47,0.0,174.39,0.0,31.0,1.0,ML,,,,2.1,0.2,9
1211951,1997-11-27T10:20:10Z,-41.18,0.0,175.78,0.0,19.0,2.0,ML,,,,2.0,0.2,4
1210439,1997-11-27T11:48:59Z,-37.32,0.0,177.34,0.0,96.0,0.0,ML,,,,3.3,0.4,2
1211383,1997-11-27T12:52:58Z,-40.42,0.0,174.57,0.0,29.0,4.0,ML,,,,2.5,0.1,3
1211388,1997-11-27T15:06:29Z,-40.73,0.0,174.56,0.0,5.0,0.0,ML,,,,2.5,0.2,8
1211390,1997-11-27T16:45:21Z,-40.89,0.0,175.3,0.0,29.0,3.0,ML,,,,2.2,0.2,5
1209315,1997-11-27T18:36:49Z,-39.86,0.0,177.03,0.0,32.0,2.0,ML,,,,3.6,0.3,18
1209464,1997-11-27T19:39:02Z,-39.13,0.0,175.41,0.0,7.0,1.0,ML,,,,2.4,0.2,6
1208218,1997-11-27T20:20:41Z,-41.35,0.0,174.37,0.0,37.0,3.0,ML,,,,3.5,0.3,10
1209317,1997-11-27T21:08:21Z,-39.81,0.0,174.72,0.0,23.0,2.0,ML,,,,3.2,0.2,19
1211959,1997-11-27T21:20:56Z,-41.32,0.0,174.33,0.0,33.0,2.0,ML,,,,1.9,0.2,4
1209195,1997-11-27T21:34:11Z,-39.3,0.0,175.81,0.0,13.0,1.0,ML,,,,2.4,0.2,4
1208220,1997-11-28T01:06:37Z,-40.45,0.0,175.04,0.0,12.0,0.0,ML,,,,3.5,0.3,23
1210838,1997-11-28T02:39:33Z,-41.18,0.0,173.99,0.0,50.0,3.0,ML,,,,2.6,0.2,4
1208221,1997-11-28T03:20:51Z,-40.63,0.0,173.74,0.0,104.0,4.0,ML,,,,3.6,0.2,10
1209145,1997-11-28T03:45:13Z,-40.6,0.0,176.59,0.0,33.0,0.0,ML,,,,3.6,0.2,21
1209083,1997-11-28T04:04:08Z,-38.47,0.0,175.66,0.1,164.0,7.0,ML,,,,3.4,0.2,8
1210769,1997-11-28T04:08:37Z,-39.28,0.0,175.56,0.0,0.0,0.0,ML,,,,1.9,0.1,3
1209146,1997-11-28T04:30:35Z,-39.28,0.0,174.91,0.0,28.0,2.0,ML,,,,3.0,0.2,8
1208119,1997-11-28T05:57:16Z,-42.98,0.0,171.07,0.0,12.0,0.0,ML,,,,2.6,0.2,3
1207355,1997-11-28T09:40:13Z,-38.53,0.0,178.09,0.0,47.0,5.0,ML,,,,3.6,0.1,3
1209147,1997-11-28T10:02:13Z,-38.1,0.0,177.97,0.0,51.0,4.0,ML,,,,4.0,0.2,8
1211054,1997-11-28T11:39:11Z,-40.92,0.0,175.24,0.0,29.0,1.0,ML,,,,3.1,0.2,16
1210909,1997-11-28T12:34:09Z,-39.27,0.0,175.6,0.0,0.0,0.0,ML,,,,1.5,0.0,2
1207373,1997-11-28T14:06:00Z,-45.11,0.0,167.3,0.0,5.0,0.0,ML,,,,2.4,0.1,5
1210453,1997-11-28T15:24:56Z,-37.12,0.0,177.41,0.0,12.0,0.0,ML,,,,3.2,0.2,3
1210913,1997-11-28T15:44:24Z,-38.64,0.0,175.69,0.0,173.0,7.0,ML,,,,3.3,0.1,13
1210914,1997-11-28T16:03:41Z,-39.24,0.0,175.33,0.0,12.0,0.0,ML,,,,2.3,0.2,2
1209149,1997-11-28T17:15:36Z,-40.1,0.0,174.81,0.0,58.0,7.0,ML,,,,2.7,0.3,7
1209327,1997-11-28T17:48:11Z,-41.52,0.0,175.7,0.0,30.0,1.0,ML,,,,3.1,0.2,13
1209475,1997-11-28T18:54:44Z,-38.43,0.0,176.24,0.0,5.0,0.0,ML,,,,2.9,0.5,5
1211744,1997-11-28T19:00:32Z,-38.47,0.0,176.2,0.0,12.0,0.0,ML,,,,3.0,0.3,3
1211746,1997-11-28T19:08:27Z,-38.46,0.0,176.25,0.0,12.0,0.0,ML,,,,2.4,0.3,2
1211747,1997-11-28T19:09:15Z,-38.39,0.0,176.28,0.0,5.0,0.0,ML,,,,2.3,0.2,3
1211748,1997-11-28T19:30:16Z,-38.37,0.0,176.29,0.0,5.0,0.0,ML,,,,2.0,0.3,2
1211915,1997-11-28T19:37:58Z,-41.54,0.0,175.71,0.0,28.0,1.0,ML,,,,2.4,0.3,6
1211749,1997-11-28T22:08:06Z,-38.38,0.0,176.26,0.0,5.0,0.0,ML,,,,2.7,0.3,3
1210916,1997-11-28T22:44:05Z,-39.56,0.0,175.73,0.0,12.0,0.0,ML,,,,2.7,0.2,4
1211488,1997-11-29T00:42:47Z,-41.23,0.0,175.21,0.0,28.0,1.0,ML,,,,1.7,0.1,6
1211917,1997-11-29T02:18:14Z,-41.85,0.0,174.49,0.0,26.0,2.0,ML,,,,2.6,0.3,8
1210917,1997-11-29T03:54:41Z,-38.88,0.0,175.76,0.0,12.0,0.0,ML,,,,2.1,0.2,2
1211062,1997-11-29T06:00:39Z,-40.56,0.0,175.88,0.0,33.0,1.0,ML,,,,2.0,0.2,5
1211919,1997-11-29T08:01:37Z,-41.53,0.0,175.71,0.0,29.0,1.0,ML,,,,2.5,0.3,6
1211982,1997-11-29T08:04:50Z,-41.59,0.1,175.68,0.1,24.0,10.0,ML,,,,1.7,0.1,4
1211920,1997-11-29T08:53:01Z,-41.58,0.0,172.99,0.0,87.0,4.0,ML,,,,3.3,0.2,7
1209335,1997-11-29T09:00:48Z,-38.88,0.0,175.39,0.1,168.0,8.0,ML,,,,3.6,0.2,12
1209215,1997-11-29T11:55:49Z,-38.06,0.0,176.18,0.0,5.0,0.0,ML,,,,2.8,0.4,5
1211065,1997-11-29T12:37:04Z,-41.05,0.0,174.85,0.0,30.0,0.0,ML,,,,2.8,0.1,12
1221068,1997-11-29T12:37:39Z,-42.01,0.0,173.98,0.0,12.0,0.0,ML,,,,2.9,0.2,8
1221071,1997-11-29T12:38:05Z,-40.45,0.0,176.53,0.1,64.0,9.0,ML,,,,2.9,0.2,8
1209484,1997-11-29T13:34:11Z,-39.16,0.0,173.63,0.0,15.0,4.0,ML,,,,2.8,0.5,12
1211900,1997-11-29T13:41:50Z,-39.32,0.0,173.91,0.0,12.0,0.0,ML,,,,1.5,nan,1
1210918,1997-11-29T14:09:54Z,-39.13,0.0,175.17,0.0,12.0,0.0,ML,,,,2.3,0.0,3
1211984,1997-11-29T14:15:16Z,-42.03,0.0,173.95,0.0,12.0,0.0,ML,,,,2.6,0.4,5
1211066,1997-11-29T14:18:53Z,-41.52,0.0,174.54,0.0,17.0,2.0,ML,,,,1.9,0.2,7
1211563,1997-11-29T16:23:59Z,-41.51,0.0,175.69,0.0,29.0,1.0,ML,,,,2.8,0.3,7
1207417,1997-11-29T18:12:30Z,-45.37,0.0,167.05,0.0,65.0,2.0,ML,,,,3.2,0.3,7
1207418,1997-11-29T19:43:33Z,-44.77,0.0,168.52,0.0,5.0,0.0,ML,,,,2.3,0.1,3
1207424,1997-11-29T21:03:32Z,-41.1,0.0,173.52,0.0,91.0,2.0,Mw,5.2,nan,0,5.7,0.2,7
1221075,1997-11-29T21:08:34Z,-41.09,0.0,173.48,0.0,88.0,5.0,ML,,,,3.1,0.4,3
1209150,1997-11-29T21:24:24Z,-41.11,0.0,173.5,0.0,96.0,3.0,ML,,,,3.4,0.2,11
1209151,1997-11-29T21:47:58Z,-41.18,0.0,175.09,0.0,27.0,1.0,ML,,,,3.3,0.2,15
1211070,1997-11-29T22:08:50Z,-40.51,0.0,176.11,0.0,20.0,2.0,ML,,,,4.0,0.3,28
1209219,1997-11-29T22:22:06Z,-41.34,0.0,174.36,0.0,37.0,2.0,ML,,,,3.6,0.3,5
1210849,1997-11-29T22:50:35Z,-40.16,0.1,173.56,0.0,173.0,4.0,ML,,,,3.4,0.5,8
1211921,1997-11-29T23:28:51Z,-41.32,0.0,175.65,0.0,18.0,2.0,ML,,,,1.9,0.2,5
1209153,1997-11-30T00:25:15Z,-40.52,0.0,174.18,0.0,67.0,6.0,ML,,,,2.9,0.3,7
1209154,1997-11-30T01:27:25Z,-40.48,0.0,174.6,0.0,51.0,4.0,ML,,,,3.4,0.2,13
1209414,1997-11-30T01:32:59Z,-40.56,0.0,174.08,0.0,78.0,4.0,ML,,,,2.6,0.2,5
1209340,1997-11-30T04:35:29Z,-40.79,0.0,174.75,0.0,5.0,0.0,ML,,,,2.6,0.2,9
1221080,1997-11-30T04:35:34Z,-40.86,0.0,174.8,0.0,5.0,0.0,ML,,,,3.4,0.3,13
1211078,1997-11-30T04:38:15Z,-40.81,0.0,174.77,0.0,5.0,0.0,ML,,,,3.8,0.4,20
1209341,1997-11-30T05:54:08Z,-38.9,0.0,175.97,0.0,141.0,3.0,ML,,,,3.4,0.2,12
1209108,1997-11-30T06:32:42Z,-39.89,0.0,176.96,0.0,28.0,2.0,ML,,,,3.9,0.3,23
1208123,1997-11-30T06:39:13Z,-39.83,0.0,176.87,0.0,33.0,0.0,ML,,,,3.2,0.0,2
1210854,1997-11-30T07:49:38Z,-39.64,0.0,174.33,0.0,131.0,5.0,ML,,,,3.3,0.3,8
1207448,1997-11-30T10:03:56Z,-38.38,0.0,176.35,0.0,5.0,0.0,ML,,,,2.1,0.3,2
1207452,1997-11-30T11:27:43Z,-45.14,0.0,167.43,0.0,96.0,3.0,ML,,,,3.8,0.1,5
1209349,1997-11-30T14:56:59Z,-38.36,0.0,176.39,0.0,12.0,0.0,ML,,,,2.8,0.5,2
1207462,1997-11-30T16:27:23Z,-37.75,0.0,176.31,0.0,202.0,4.0,ML,,,,4.8,0.3,18
1209119,1997-11-30T16:37:45Z,-44.98,0.0,167.78,0.0,12.0,0.0,ML,,,,2.2,0.1,4
1210967,1997-11-30T17:17:30Z,-40.4,0.0,174.59,0.0,33.0,0.0,ML,,,,3.0,0.2,8
1209352,1997-11-30T17:36:49Z,-39.62,0.0,177.0,0.0,21.0,2.0,ML,,,,3.3,0.3,6
1207464,1997-11-30T18:58:49Z,-45.19,0.0,167.06,0.0,12.0,0.0,ML,,,,3.9,0.2,6
1209172,1997-11-30T19:16:25Z,-45.18,0.0,167.01,0.0,24.0,2.0,ML,,,,2.1,0.2,3
1210855,1997-11-30T19:28:13Z,-41.18,0.0,172.95,0.0,132.0,3.0,ML,,,,3.0,0.1,2
1207465,1997-11-30T19:48:55Z,-45.17,0.0,167.35,0.0,104.0,4.0,ML,,,,3.6,0.3,7
1211999,1997-11-30T20:07:01Z,-38.39,0.1,176.21,0.1,5.0,0.0,ML,,,,2.8,0.2,3
1211648,1997-11-30T20:13:41Z,-40.9,0.0,174.47,0.0,57.0,3.0,ML,,,,2.5,0.0,2
1208687,1997-11-30T22:12:42Z,-44.97,0.0,167.5,0.0,69.0,3.0,ML,,,,3.0,0.4,4
1211994,1997-12-01T00:02:05Z,-41.66,0.0,174.64,0.0,31.0,2.0,ML,,,,2.0,0.3,3
1209359,1997-12-01T01:40:57Z,-40.43,0.0,176.74,0.0,12.0,0.0,ML,,,,2.6,0.3,7
1211667,1997-12-01T01:45:53Z,-40.44,0.0,176.29,0.0,41.0,6.0,ML,,,,2.9,0.2,2
1211668,1997-12-01T01:54:01Z,-39.43,0.0,175.63,0.0,12.0,0.0,ML,,,,2.6,0.1,3
1210861,1997-12-01T03:00:26Z,-42.07,0.0,173.99,0.0,12.0,0.0,ML,,,,2.7,0.2,3
1212090,1997-12-01T03:24:47Z,-39.41,0.0,175.72,0.1,24.0,3.0,ML,,,,2.1,0.2,3
1209362,1997-12-01T04:25:49Z,-37.35,0.1,177.47,0.0,126.0,8.0,ML,,,,3.6,0.3,12
1209157,1997-12-01T05:32:17Z,-39.11,0.0,175.22,0.0,145.0,4.0,ML,,,,3.7,0.1,11
1210482,1997-12-01T06:45:51Z,-38.84,0.1,177.37,0.0,28.0,6.0,ML,,,,3.1,0.2,6
1208693,1997-12-01T07:02:11Z,-39.48,0.0,175.66,0.0,19.0,2.0,ML,,,,2.7,0.3,3
1207481,1997-12-01T08:38:31Z,-45.21,0.0,166.91,0.1,12.0,0.0,ML,,,,2.5,0.3,4
1207484,1997-12-01T09:44:26Z,-43.02,0.0,171.32,0.0,12.0,0.0,ML,,,,2.3,0.4,4
1207485,1997-12-01T10:01:26Z,-39.21,0.0,175.47,0.0,12.0,0.0,ML,,,,1.9,0.3,3
1212091,1997-12-01T11:43:54Z,-39.31,0.0,175.74,0.0,13.0,1.0,ML,,,,2.0,0.2,3
1210484,1997-12-01T11:45:27Z,-37.62,0.0,178.97,0.0,12.0,0.0,ML,,,,3.1,0.2,3
1221133,1997-12-01T11:45:51Z,-39.18,0.0,175.15,0.0,12.0,0.0,ML,,,,2.2,0.1,3
1209241,1997-12-01T12:57:40Z,-43.02,0.0,171.39,0.0,12.0,0.0,ML,,,,2.8,0.5,3
1210857,1997-12-01T13:39:31Z,-39.6,0.0,174.39,0.0,227.0,4.0,ML,,,,3.8,0.2,13
1212092,1997-12-01T15:28:44Z,-39.28,0.0,175.56,0.0,0.0,0.0,ML,,,,1.4,0.1,2
1207497,1997-12-01T16:18:30Z,-40.94,0.0,175.52,0.0,25.0,3.0,ML,,,,2.2,0.1,6
1209160,1997-12-01T17:15:11Z,-40.23,0.0,175.43,0.0,44.0,3.0,ML,,,,2.6,0.1,5
1211676,1997-12-01T18:07:12Z,-40.86,0.0,174.89,0.0,34.0,1.0,ML,,,,2.6,0.2,7
1209124,1997-12-01T18:25:45Z,-45.13,0.0,166.82,0.0,12.0,0.0,ML,,,,2.3,0.1,4
1209161,1997-12-01T19:01:25Z,-40.46,0.0,174.58,0.0,53.0,3.0,ML,,,,2.9,0.2,8
1212093,1997-12-01T21:19:52Z,-39.5,0.0,174.73,0.0,33.0,0.0,ML,,,,2.8,0.3,3
1221136,1997-12-01T21:20:10Z,-45.1,0.0,166.91,0.0,5.0,0.0,ML,,,,2.4,0.1,3
1209125,1997-12-01T21:20:45Z,-38.68,0.1,175.87,0.1,160.0,16.0,ML,,,,3.6,0.2,9
1209248,1997-12-01T23:27:29Z,-41.65,0.0,174.18,0.0,9.0,2.0,ML,,,,3.6,0.3,19
1221139,1997-12-01T23:28:22Z,-41.66,0.0,174.22,0.0,5.0,0.0,ML,,,,2.5,0.4,4
1221138,1997-12-01T23:29:15Z,-41.65,0.0,174.24,0.0,5.0,0.0,ML,,,,2.5,0.3,3
1211700,1997-12-01T23:37:09Z,-41.66,0.0,174.2,0.0,10.0,3.0,ML,,,,2.8,0.3,7
1209249,1997-12-01T23:52:51Z,-40.91,0.0,174.49,0.0,58.0,2.0,ML,,,,2.0,0.2,3
1209250,1997-12-02T02:22:02Z,-40.47,0.0,174.63,0.0,62.0,7.0,ML,,,,4.4,0.2,5
1212008,1997-12-02T03:51:06Z,-39.36,0.0,176.5,0.0,60.0,12.0,ML,,,,3.3,0.0,3
1209127,1997-12-02T04:32:56Z,-46.27,0.0,169.74,0.0,12.0,0.0,ML,,,,2.3,0.5,2
1215924,1997-12-02T06:23:19Z,-40.35,0.0,174.05,0.0,23.0,4.0,ML,,,,2.5,0.1,3
1212097,1997-12-02T06:24:29Z,-40.32,0.0,176.44,0.1,12.0,0.0,ML,,,,3.2,0.3,5
1212098,1997-12-02T08:01:46Z,-40.45,0.0,174.56,0.0,54.0,4.0,ML,,,,3.1,0.3,7
1213441,1997-12-02T08:47:33Z,-41.27,0.0,175.14,0.0,17.0,3.0,ML,,,,2.4,0.3,5
1210792,1997-12-02T11:19:59Z,-43.18,0.0,171.45,0.0,5.0,0.0,ML,,,,2.8,0.2,3
1209128,1997-12-02T11:44:56Z,-45.0,0.0,167.62,0.1,121.0,5.0,ML,,,,3.0,0.3,4
1213462,1997-12-02T13:21:08Z,-41.02,0.0,174.04,0.0,61.0,2.0,ML,,,,2.7,0.1,4
1212100,1997-12-02T14:51:04Z,-39.35,0.0,175.02,0.0,33.0,0.0,ML,,,,3.1,0.4,6
1209131,1997-12-02T15:57:03Z,-45.19,0.0,166.81,0.1,5.0,0.0,ML,,,,3.3,0.3,6
1210499,1997-12-02T17:28:19Z,-37.45,0.1,177.07,0.0,5.0,0.0,ML,,,,3.8,0.2,4
1208707,1997-12-02T19:27:53Z,-45.05,0.0,167.36,0.0,48.0,2.0,ML,,,,2.6,0.3,3
1210863,1997-12-02T20:54:10Z,-41.36,0.0,174.0,0.0,37.0,5.0,ML,,,,3.1,0.2,7
1209132,1997-12-02T22:00:26Z,-39.57,0.0,174.4,0.0,212.0,5.0,ML,,,,4.7,0.2,14
1212475,1997-12-02T22:12:22Z,-38.42,0.1,176.04,0.2,164.0,12.0,ML,,,,3.4,0.2,7
1213849,1997-12-02T22:37:37Z,-41.1,0.0,175.54,0.0,5.0,0.0,ML,,,,1.8,0.0,5
1209140,1997-12-03T00:41:01Z,-44.98,0.0,167.51,0.0,72.0,3.0,ML,,,,3.4,0.2,7
1212433,1997-12-03T03:20:16Z,-40.13,0.0,175.17,0.0,21.0,4.0,ML,,,,2.8,0.2,6
1212032,1997-12-03T03:44:32Z,-38.36,0.0,176.29,0.0,5.0,0.0,ML,,,,2.5,0.2,3
1212385,1997-12-03T04:47:02Z,-45.33,0.0,166.92,0.0,46.0,4.0,ML,,,,2.9,0.2,4
1213501,1997-12-03T05:49:18Z,-41.34,0.0,175.37,0.0,10.0,1.0,ML,,,,2.4,0.2,8
1213502,1997-12-03T05:50:02Z,-41.34,0.0,175.38,0.0,11.0,1.0,ML,,,,2.6,0.1,7
1212034,1997-12-03T06:02:02Z,-38.36,0.0,176.24,0.0,5.0,0.0,ML,,,,2.7,0.1,2
1212036,1997-12-03T06:08:54Z,-38.38,0.0,176.22,0.0,5.0,0.0,ML,,,,2.2,0.2,3
1213166,1997-12-03T06:14:36Z,-40.66,0.0,174.72,0.0,25.0,3.0,ML,,,,1.7,0.2,4
1215926,1997-12-03T06:23:09Z,-39.36,0.0,174.97,0.0,138.0,2.0,ML,,,,2.9,0.3,4
1212037,1997-12-03T07:43:15Z,-38.41,0.1,176.15,0.1,5.0,0.0,ML,,,,2.7,0.2,2
1210797,1997-12-03T09:49:41Z,-44.58,0.0,167.85,0.0,12.0,0.0,ML,,,,3.3,0.2,6
1213853,1997-12-03T11:14:46Z,-41.27,0.0,175.21,0.0,20.0,0.0,ML,,,,1.7,0.2,4
1212132,1997-12-03T12:36:59Z,-39.46,0.0,175.68,0.0,12.0,0.0,ML,,,,2.3,0.2,3
1213098,1997-12-03T12:59:28Z,-38.34,0.0,178.92,0.0,12.0,0.0,ML,,,,3.1,0.2,3
1210865,1997-12-03T15:57:38Z,-40.07,0.0,175.14,0.0,16.0,3.0,ML,,,,3.5,0.4,26
1212133,1997-12-03T16:29:34Z,-39.28,0.0,175.56,0.0,0.0,0.0,ML,,,,1.6,0.2,4
1212499,1997-12-03T17:22:21Z,-44.98,0.0,166.11,0.1,12.0,0.0,ML,,,,3.6,0.2,6
1212500,1997-12-03T18:21:00Z,-40.61,0.0,175.49,0.0,30.0,2.0,ML,,,,2.6,0.2,8
1213532,1997-12-03T19:35:59Z,-40.39,0.0,174.58,0.0,37.0,7.0,ML,,,,2.6,0.2,6
1212135,1997-12-03T20:16:46Z,-40.44,0.0,174.57,0.0,55.0,5.0,ML,,,,3.0,0.2,9
1212044,1997-12-03T21:39:18Z,-38.36,0.0,176.29,0.0,5.0,0.0,ML,,,,2.5,0.2,2
1214337,1997-12-03T22:27:47Z,-39.31,0.0,173.83,0.0,16.0,3.0,ML,,,,1.9,0.2,2
1212045,1997-12-04T00:52:11Z,-38.37,0.0,176.29,0.0,5.0,0.0,ML,,,,2.3,0.2,3
1215930,1997-12-04T00:55:59Z,-41.41,0.0,174.64,0.0,21.0,1.0,ML,,,,2.1,0.1,4
1213179,1997-12-04T02:14:02Z,-41.22,0.0,173.15,0.0,149.0,2.0,ML,,,,2.7,0.3,6
1215931,1997-12-04T02:25:25Z,-41.0,0.0,174.95,0.0,54.0,2.0,ML,,,,2.1,0.1,4
1213855,1997-12-04T03:08:43Z,-41.52,0.0,175.7,0.0,28.0,1.0,ML,,,,2.4,0.2,6
1212137,1997-12-04T04:47:25Z,-45.21,0.0,166.74,0.1,12.0,0.0,ML,,,,3.1,0.2,5
1212392,1997-12-04T05:42:16Z,-45.45,0.1,166.6,0.1,12.0,0.0,ML,,,,2.8,0.4,3
1212138,1997-12-04T07:35:14Z,-40.15,0.0,174.89,0.0,33.0,0.0,ML,,,,2.4,0.3,9
1212393,1997-12-04T08:39:55Z,-45.05,0.0,167.46,0.0,114.0,4.0,ML,,,,3.2,0.3,6
1210868,1997-12-04T09:24:16Z,-41.1,0.0,173.5,0.0,94.0,5.0,ML,,,,3.0,0.2,6
1212678,1997-12-04T10:18:19Z,-45.85,0.0,166.46,0.0,11.0,3.0,ML,,,,2.7,0.4,3
1213856,1997-12-04T10:34:16Z,-41.12,0.0,173.83,0.0,57.0,4.0,ML,,,,2.5,0.1,5
1215933,1997-12-04T10:38:41Z,-40.68,0.0,173.55,0.0,115.0,3.0,ML,,,,2.3,0.2,6
1212140,1997-12-04T10:40:00Z,-39.05,0.0,175.67,0.1,5.0,0.0,ML,,,,1.5,0.0,2
1212394,1997-12-04T10:47:11Z,-44.23,0.1,169.64,0.1,5.0,0.0,ML,,,,2.2,0.4,3
1215934,1997-12-04T11:01:12Z,-41.16,0.0,174.62,0.0,36.0,2.0,ML,,,,1.6,0.2,5
1215939,1997-12-04T12:27:26Z,-41.51,0.0,174.42,0.0,12.0,0.0,ML,,,,1.6,0.2,6
1212050,1997-12-04T14:10:11Z,-38.4,0.0,178.65,0.1,33.0,0.0,ML,,,,3.4,0.3,16
1212141,1997-12-04T14:49:33Z,-39.2,0.0,174.73,0.0,31.0,3.0,ML,,,,2.5,0.2,8
1212142,1997-12-04T15:31:26Z,-39.95,0.0,174.68,0.0,69.0,3.0,ML,,,,2.6,0.3,7
1212051,1997-12-04T16:12:14Z,-38.49,0.0,178.78,0.0,27.0,3.0,ML,,,,3.4,0.3,15
1213543,1997-12-04T17:08:07Z,-40.89,0.0,175.22,0.0,26.0,3.0,ML,,,,1.5,0.2,4
1212143,1997-12-04T17:14:33Z,-39.51,0.0,175.59,0.0,12.0,0.0,ML,,,,2.1,0.1,3
1213859,1997-12-04T17:16:55Z,-41.52,0.0,175.48,0.0,14.0,1.0,ML,,,,2.1,0.1,7
1212144,1997-12-04T17:51:24Z,-39.35,0.0,175.78,0.0,14.0,1.0,ML,,,,2.8,0.3,7
1212145,1997-12-04T17:56:00Z,-39.26,0.0,175.46,0.0,12.0,0.0,ML,,,,2.1,0.0,2
1213860,1997-12-04T18:49:38Z,-41.68,0.0,174.21,0.0,12.0,0.0,ML,,,,2.3,0.2,6
1213745,1997-12-04T21:14:07Z,-40.67,0.0,173.72,0.0,92.0,2.0,ML,,,,3.3,0.3,6
1213109,1997-12-04T22:39:23Z,-36.99,0.0,177.39,0.0,12.0,0.0,ML,,,,3.0,0.4,3
1212194,1997-12-05T01:02:18Z,-43.23,0.0,171.08,0.0,12.0,0.0,ML,,,,2.7,0.5,5
1212149,1997-12-05T05:23:30Z,-40.05,0.0,175.14,0.0,24.0,3.0,ML,,,,2.7,0.3,10
1212407,1997-12-05T05:29:37Z,-46.02,0.0,169.95,0.0,12.0,0.0,ML,,,,2.1,nan,1
1212546,1997-12-05T06:14:40Z,-41.37,0.0,175.39,0.0,13.0,1.0,ML,,,,2.8,0.1,9
1212063,1997-12-05T09:26:01Z,-38.09,0.0,176.77,0.0,5.0,0.0,ML,,,,2.4,0.2,4
1212151,1997-12-05T09:37:12Z,-39.13,0.0,175.35,0.1,5.0,0.0,ML,,,,1.7,0.2,3
1213576,1997-12-05T09:48:02Z,-40.72,0.0,175.55,0.0,29.0,1.0,ML,,,,2.6,0.2,8
1215952,1997-12-05T12:32:00Z,-41.32,0.0,175.73,0.0,12.0,0.0,ML,,,,1.2,0.2,3
1212408,1997-12-05T12:52:18Z,-45.66,0.0,166.53,0.1,12.0,0.0,ML,,,,2.7,0.1,5
1213861,1997-12-05T13:19:01Z,-41.41,0.0,175.5,0.0,21.0,2.0,ML,,,,1.6,0.2,4
1212064,1997-12-05T13:38:30Z,-38.37,0.0,177.67,0.0,65.0,3.0,ML,,,,3.2,0.0,3
1212683,1997-12-05T13:43:18Z,-45.04,0.0,167.4,0.0,12.0,0.0,ML,,,,2.1,0.1,3
1212409,1997-12-05T13:51:17Z,-45.54,0.0,167.29,0.0,88.0,4.0,ML,,,,3.0,0.4,6
1212410,1997-12-05T15:05:37Z,-44.2,0.1,168.65,0.1,5.0,0.0,ML,,,,2.7,0.5,5
1212065,1997-12-05T15:13:08Z,-39.24,0.0,175.13,0.0,26.0,2.0,ML,,,,3.1,0.3,11
1212152,1997-12-05T16:53:45Z,-39.68,0.0,175.64,0.0,20.0,2.0,ML,,,,2.6,0.3,12
1212153,1997-12-05T17:03:06Z,-39.7,0.0,175.68,0.1,12.0,0.0,ML,,,,2.3,0.1,3
1212066,1997-12-05T17:22:32Z,-39.25,0.0,175.13,0.0,22.0,2.0,ML,,,,2.9,0.3,10
1212154,1997-12-05T17:30:29Z,-39.37,0.0,177.26,0.1,43.0,5.0,ML,,,,2.8,0.1,3
1212067,1997-12-05T17:35:08Z,-38.4,0.0,176.28,0.0,5.0,0.0,ML,,,,2.1,0.1,4
1210871,1997-12-05T20:12:02Z,-40.49,0.0,174.66,0.0,63.0,5.0,ML,,,,4.3,0.2,11
1210872,1997-12-05T20:57:18Z,-40.16,0.0,174.46,0.0,5.0,0.0,ML,,,,3.8,0.1,4
1213862,1997-12-05T21:02:07Z,-41.26,0.0,175.24,0.0,22.0,1.0,ML,,,,1.7,0.2,4
1212156,1997-12-05T21:04:40Z,-40.12,0.0,176.64,0.0,26.0,3.0,ML,,,,3.4,0.4,16
1212068,1997-12-06T00:40:20Z,-38.1,0.0,176.77,0.0,5.0,0.0,ML,,,,2.1,0.2,4
1212159,1997-12-06T03:38:11Z,-39.25,0.0,175.1,0.0,24.0,4.0,ML,,,,2.9,0.3,6
1212070,1997-12-06T03:51:05Z,-39.24,0.0,175.15,0.0,27.0,2.0,ML,,,,3.1,0.2,11
1213609,1997-12-06T08:51:25Z,-40.91,0.0,175.11,0.0,31.0,1.0,ML,,,,1.8,0.1,6
1212161,1997-12-06T09:10:45Z,-39.09,0.0,177.59,0.0,28.0,5.0,ML,,,,3.2,0.3,10
1212752,1997-12-06T10:25:50Z,-40.6,0.0,175.89,0.0,29.0,2.0,ML,,,,2.3,0.1,9
1213864,1997-12-06T10:29:29Z,-41.36,0.0,175.79,0.1,18.0,3.0,ML,,,,2.0,0.1,6
1212073,1997-12-06T11:51:28Z,-38.53,0.0,176.35,0.0,5.0,0.0,ML,,,,2.8,0.1,6
1210875,1997-12-06T17:17:13Z,-41.81,0.0,173.65,0.0,43.0,2.0,ML,,,,2.6,0.2,6
1210876,1997-12-06T17:52:14Z,-40.71,0.0,173.91,0.0,80.0,7.0,ML,,,,3.6,0.3,13
1212077,1997-12-06T18:36:46Z,-38.13,0.0,176.51,0.0,5.0,0.0,ML,,,,2.5,0.4,5
1213072,1997-12-06T18:45:19Z,-40.73,0.0,173.85,0.0,83.0,3.0,ML,,,,2.6,0.2,6
1212163,1997-12-06T19:01:01Z,-39.14,0.0,175.88,0.0,81.0,2.0,ML,,,,2.9,0.6,1
1212624,1997-12-06T19:09:00Z,-41.05,0.0,175.34,0.0,28.0,2.0,ML,,,,1.7,0.2,6
1212422,1997-12-06T19:11:03Z,-45.14,0.0,166.85,0.0,12.0,0.0,ML,,,,2.3,0.1,3
1212164,1997-12-06T19:35:11Z,-40.42,0.0,176.48,0.0,22.0,4.0,ML,,,,3.2,0.4,13
1213618,1997-12-06T19:41:16Z,-40.86,0.0,175.71,0.0,24.0,2.0,ML,,,,1.7,0.2,6
1212165,1997-12-06T20:01:13Z,-40.05,0.0,175.03,0.0,12.0,0.0,ML,,,,2.5,0.3,8
1212078,1997-12-06T20:45:42Z,-37.46,0.0,177.2,0.0,146.0,2.0,ML,,,,4.1,0.2,15
1212166,1997-12-06T21:06:29Z,-38.39,0.0,175.77,0.0,163.0,4.0,ML,,,,4.1,0.2,17
1212881,1997-12-06T21:52:39Z,-41.31,0.0,172.69,0.0,197.0,3.0,ML,,,,3.1,0.2,6
1213619,1997-12-06T22:42:45Z,-39.74,0.0,174.43,0.0,221.0,2.0,ML,,,,2.9,0.2,9
1213409,1997-12-07T01:36:30Z,-41.28,0.1,173.75,0.0,81.0,4.0,ML,,,,2.3,0.1,5
1213791,1997-12-07T01:44:03Z,-41.63,0.0,174.25,0.0,14.0,2.0,ML,,,,2.1,0.3,5
1213866,1997-12-07T04:13:53Z,-41.39,0.0,175.87,0.0,17.0,1.0,ML,,,,2.0,0.2,4
1213811,1997-12-07T04:43:13Z,-41.05,0.1,173.13,0.0,136.0,6.0,ML,,,,2.4,0.2,3
1212080,1997-12-07T06:35:28Z,-40.02,0.0,176.8,0.0,28.0,2.0,ML,,,,3.6,0.4,25
1212169,1997-12-07T07:31:26Z,-39.97,0.0,176.74,0.0,33.0,0.0,ML,,,,3.0,0.5,12
1212170,1997-12-07T07:36:35Z,-40.08,0.0,176.44,0.0,22.0,1.0,ML,,,,2.7,0.1,4
1212172,1997-12-07T09:49:23Z,-39.49,0.0,175.58,0.0,12.0,0.0,ML,,,,2.1,0.1,3
1212083,1997-12-07T10:08:35Z,-38.38,0.0,176.34,0.0,5.0,0.0,ML,,,,2.0,0.1,4
1212648,1997-12-07T10:19:55Z,-40.95,0.0,175.98,0.0,33.0,3.0,ML,,,,2.2,0.2,6
1213621,1997-12-07T11:26:53Z,-38.99,0.0,175.55,0.1,139.0,6.0,ML,,,,2.5,0.3,6
1212898,1997-12-07T12:38:14Z,-42.5,0.0,171.9,0.1,5.0,0.0,ML,,,,1.9,0.0,3
1213622,1997-12-07T12:53:56Z,-39.03,0.1,175.56,0.1,122.0,11.0,ML,,,,2.7,0.3,6
1213348,1997-12-07T13:45:22Z,-41.14,0.0,174.64,0.0,31.0,1.0,ML,,,,2.5,0.1,12
1213626,1997-12-07T15:21:31Z,-41.05,0.0,175.35,0.0,28.0,2.0,ML,,,,1.9,0.2,7
1210877,1997-12-07T15:55:00Z,-41.35,0.0,173.36,0.0,102.0,5.0,ML,,,,2.9,0.1,8
1212173,1997-12-07T16:15:54Z,-39.28,0.0,175.56,0.0,0.0,0.0,ML,,,,1.6,0.2,4
1212902,1997-12-07T16:31:49Z,-37.27,0.0,177.27,0.0,12.0,0.0,ML,,,,2.9,0.3,3
1212213,1997-12-07T17:01:44Z,-43.18,0.0,171.45,0.0,5.0,2.0,ML,,,,2.8,0.3,5
1212658,1997-12-07T17:18:36Z,-40.9,0.0,175.84,0.1,32.0,2.0,ML,,,,2.4,0.1,7
1210878,1997-12-07T17:20:34Z,-42.65,0.0,171.97,0.0,12.0,0.0,ML,,,,3.1,0.3,6
1210879,1997-12-07T18:13:42Z,-40.23,0.0,173.66,0.0,150.0,3.0,ML,,,,3.8,0.4,13
1213868,1997-12-07T20:20:47Z,-41.53,0.0,175.7,0.0,28.0,2.0,ML,,,,2.0,0.0,4
1212085,1997-12-07T21:03:06Z,-38.87,0.0,176.01,0.0,5.0,0.0,ML,,,,2.0,0.1,2
1212088,1997-12-07T23:34:25Z,-38.51,0.0,175.94,0.0,5.0,0.0,ML,,,,2.9,0.3,5
1212429,1997-12-08T01:02:12Z,-44.95,0.0,167.5,0.0,73.0,2.0,ML,,,,2.9,0.3,6
1213870,1997-12-08T01:35:01Z,-41.51,0.0,175.7,0.0,27.0,2.0,ML,,,,2.2,0.3,6
1212215,1997-12-08T10:36:55Z,-43.38,0.0,172.61,0.1,23.0,3.0,ML,,,,3.3,0.2,4
1212216,1997-12-08T11:44:40Z,-45.97,0.0,167.0,0.0,110.0,2.0,ML,,,,2.9,0.2,5
1212431,1997-12-08T11:56:02Z,-45.5,0.0,166.51,0.0,20.0,3.0,ML,,,,3.1,0.2,6
1210880,1997-12-08T16:06:32Z,-40.01,0.0,174.05,0.0,111.0,5.0,ML,,,,3.5,0.3,10
1224161,1997-12-08T16:06:37Z,-40.72,0.0,175.53,0.0,28.0,1.0,ML,,,,2.3,0.1,3
1212432,1997-12-08T17:11:06Z,-45.18,0.0,167.33,0.0,59.0,5.0,ML,,,,2.8,0.2,4
1212762,1997-12-08T18:41:32Z,-37.28,0.1,176.57,0.2,232.0,18.0,ML,,,,3.7,0.3,11
1213643,1997-12-08T20:55:54Z,-40.71,0.0,175.55,0.0,29.0,1.0,ML,,,,2.8,0.1,9
1210882,1997-12-08T21:05:55Z,-43.01,0.0,171.36,0.0,5.0,0.0,ML,,,,3.1,0.2,7
1210883,1997-12-08T23:07:13Z,-41.68,0.0,173.35,0.0,61.0,2.0,ML,,,,2.9,0.4,5
1210884,1997-12-09T00:25:23Z,-38.54,0.0,175.69,0.0,189.0,8.0,ML,,,,4.0,0.3,15
1212220,1997-12-09T00:36:43Z,-42.98,0.0,171.51,0.0,12.0,0.0,ML,,,,2.4,0.2,3
1214373,1997-12-09T01:07:11Z,-40.32,0.1,174.62,0.0,86.0,5.0,ML,,,,2.9,0.0,7
1212929,1997-12-09T01:22:47Z,-40.59,0.0,176.61,0.1,33.0,0.0,ML,,,,2.6,0.1,6
1214502,1997-12-09T02:38:31Z,-39.22,0.1,173.76,0.1,20.0,6.0,ML,,,,1.5,0.2,2
1212439,1997-12-09T02:48:10Z,-40.8,0.0,175.5,0.0,30.0,2.0,ML,,,,3.3,0.2,12
1214764,1997-12-09T04:31:31Z,-38.12,0.0,176.52,0.0,166.0,5.0,ML,,,,3.6,0.2,11
1216335,1997-12-09T07:08:11Z,-39.26,0.1,173.87,0.0,25.0,4.0,ML,,,,1.8,0.1,2
1214765,1997-12-09T08:59:24Z,-36.13,0.1,179.71,0.1,12.0,0.0,ML,,,,3.8,0.3,8
1212441,1997-12-09T09:34:17Z,-39.31,0.0,175.01,0.0,26.0,1.0,ML,,,,3.0,0.3,14
1212442,1997-12-09T10:04:45Z,-38.1,0.0,176.29,0.0,176.0,5.0,ML,,,,4.3,0.3,17
1215131,1997-12-09T10:10:38Z,-35.96,0.1,177.56,0.1,12.0,0.0,ML,,,,3.9,0.3,5
1214376,1997-12-09T10:33:06Z,-38.46,0.1,175.85,0.1,163.0,12.0,ML,,,,3.5,0.4,12
1214503,1997-12-09T10:35:50Z,-44.55,0.1,168.77,0.0,12.0,0.0,ML,,,,2.0,0.2,3
1215960,1997-12-09T11:44:41Z,-41.45,0.0,174.44,0.0,12.0,0.0,ML,,,,1.5,0.2,5
1214377,1997-12-09T11:47:46Z,-41.47,0.0,174.07,0.0,35.0,4.0,ML,,,,2.5,0.2,9
1215897,1997-12-09T14:15:35Z,-41.03,0.0,175.36,0.0,21.0,5.0,ML,,,,2.1,0.3,5
1210889,1997-12-09T17:38:55Z,-42.64,0.0,171.98,0.0,17.0,2.0,ML,,,,2.7,0.2,5
1212222,1997-12-09T18:01:40Z,-43.59,0.0,171.11,0.0,11.0,3.0,ML,,,,2.4,0.3,3
1214380,1997-12-09T18:43:51Z,-40.55,0.0,173.5,0.0,133.0,2.0,ML,,,,3.0,0.2,7
1214381,1997-12-09T19:10:18Z,-40.47,0.0,174.36,0.0,61.0,4.0,ML,,,,3.1,0.2,8
1212952,1997-12-09T19:25:24Z,-41.31,0.0,172.76,0.0,163.0,4.0,ML,,,,3.2,0.1,5
1215962,1997-12-09T20:15:03Z,-41.18,0.0,175.07,0.0,25.0,1.0,ML,,,,1.8,0.2,5
1212223,1997-12-09T21:17:20Z,-44.9,0.0,168.01,0.0,5.0,0.0,ML,,,,4.0,0.3,5
1214515,1997-12-09T23:06:06Z,-40.97,0.0,175.51,0.0,25.0,2.0,ML,,,,3.0,0.2,10
1215899,1997-12-09T23:30:09Z,-40.96,0.0,175.5,0.0,15.0,2.0,ML,,,,2.5,0.3,8
1216336,1997-12-10T02:36:28Z,-39.35,0.0,173.85,0.0,12.0,2.0,ML,,,,1.7,0.2,4
1214624,1997-12-10T03:01:19Z,-39.41,0.0,174.73,0.0,27.0,2.0,ML,,,,2.6,0.2,10
1215211,1997-12-10T03:07:35Z,-41.13,0.0,174.47,0.0,35.0,1.0,ML,,,,2.5,0.1,7
1214769,1997-12-10T04:04:21Z,-38.34,0.0,175.94,0.0,183.0,11.0,ML,,,,3.6,0.2,9
1215674,1997-12-10T04:15:54Z,-38.34,0.0,176.22,0.0,5.0,0.0,ML,,,,2.4,0.3,3
1215966,1997-12-10T04:20:19Z,-40.22,0.0,174.83,0.0,5.0,0.0,ML,,,,2.4,0.4,3
1214625,1997-12-10T04:25:29Z,-38.7,0.0,175.67,0.0,145.0,6.0,ML,,,,3.8,0.2,12
1214526,1997-12-10T05:02:26Z,-45.29,0.0,166.82,0.0,12.0,0.0,ML,,,,2.9,0.2,3
1215050,1997-12-10T05:31:30Z,-41.01,0.0,174.05,0.0,62.0,4.0,ML,,,,2.4,0.1,4
1214657,1997-12-10T06:22:34Z,-39.37,0.0,175.76,0.0,14.0,1.0,ML,,,,3.0,0.3,6
1214770,1997-12-10T06:25:12Z,-39.37,0.0,175.38,0.1,80.0,3.0,ML,,,,2.7,nan,1
1214669,1997-12-10T09:18:46Z,-39.04,0.0,175.62,0.0,5.0,0.0,ML,,,,1.8,0.0,2
1224173,1997-12-10T09:19:04Z,-39.03,0.0,175.64,0.0,5.0,0.0,ML,,,,1.5,0.1,2
1215322,1997-12-10T09:19:49Z,-39.03,0.0,175.64,0.0,5.0,0.0,ML,,,,1.4,0.1,2
1215323,1997-12-10T09:32:20Z,-39.0,0.0,175.7,0.0,5.0,0.0,ML,,,,2.1,0.0,2
1224174,1997-12-10T09:32:30Z,-39.0,0.0,175.69,0.0,5.0,0.0,ML,,,,1.7,0.0,3
1214533,1997-12-10T09:43:18Z,-45.09,0.0,167.35,0.0,54.0,6.0,ML,,,,2.5,0.5,4
1215970,1997-12-10T11:10:55Z,-40.41,0.0,174.48,0.1,30.0,4.0,ML,,,,2.2,0.1,4
1215054,1997-12-10T11:31:07Z,-39.0,0.0,175.69,0.0,6.0,1.0,ML,,,,2.3,0.1,4
1212231,1997-12-10T11:33:45Z,-43.59,0.0,170.54,0.0,5.0,0.0,ML,,,,2.7,0.3,5
1215217,1997-12-10T12:37:27Z,-40.32,0.1,173.41,0.0,175.0,5.0,ML,,,,3.4,0.3,6
1212232,1997-12-10T12:57:18Z,-42.98,0.0,171.49,0.0,5.0,0.0,ML,,,,2.9,0.2,4
1215325,1997-12-10T14:41:20Z,-39.12,0.0,175.44,0.0,5.0,0.0,ML,,,,1.6,0.2,3
1214628,1997-12-10T15:34:34Z,-39.32,0.0,174.65,0.0,5.0,0.0,ML,,,,2.6,0.1,9
1215971,1997-12-10T17:07:14Z,-41.76,0.0,174.68,0.0,29.0,2.0,ML,,,,2.4,0.2,3
1214853,1997-12-10T17:39:42Z,-42.56,0.0,173.79,0.0,12.0,0.0,ML,,,,2.9,0.3,7
1214854,1997-12-10T18:19:18Z,-42.55,0.0,173.79,0.0,33.0,0.0,ML,,,,3.0,0.3,5
1224176,1997-12-10T18:51:35Z,-45.18,0.0,166.84,0.0,5.0,0.0,ML,,,,3.5,0.2,6
1214541,1997-12-10T19:20:01Z,-45.2,0.0,166.85,0.1,12.0,0.0,ML,,,,2.7,0.3,4
1214630,1997-12-10T22:08:47Z,-39.55,0.0,175.91,0.0,12.0,0.0,ML,,,,3.0,0.4,11
1215972,1997-12-11T01:52:47Z,-40.7,0.0,174.86,0.0,20.0,5.0,ML,,,,2.1,0.2,5
1215223,1997-12-11T04:30:06Z,-40.57,0.0,174.29,0.0,90.0,3.0,ML,,,,3.0,0.2,6
1215356,1997-12-11T05:38:12Z,-39.6,0.0,175.61,0.0,12.0,0.0,ML,,,,2.5,0.2,3
1224210,1997-12-11T05:38:39Z,-39.41,0.0,175.79,0.0,12.0,0.0,ML,,,,1.7,0.1,3
1214799,1997-12-11T07:47:22Z,-39.84,0.1,176.95,0.0,31.0,3.0,ML,,,,3.2,0.3,4
1215614,1997-12-11T08:34:33Z,-40.32,0.0,174.91,0.1,5.0,0.0,ML,,,,1.9,0.1,3
1215224,1997-12-11T08:55:01Z,-42.07,0.0,172.72,0.0,56.0,4.0,ML,,,,2.9,0.2,4
1215901,1997-12-11T09:03:10Z,-40.76,0.0,174.8,0.0,5.0,0.0,ML,,,,1.4,0.1,2
1214801,1997-12-11T09:24:00Z,-38.39,0.0,176.17,0.0,160.0,5.0,ML,,,,3.7,0.3,10
1214867,1997-12-11T10:02:57Z,-39.16,0.0,174.73,0.0,12.0,0.0,ML,,,,2.2,0.1,3
1215364,1997-12-11T10:57:50Z,-39.46,0.0,175.76,0.0,18.0,1.0,ML,,,,1.8,0.0,3
1214631,1997-12-11T11:28:52Z,-39.01,0.0,176.31,0.0,52.0,2.0,ML,,,,3.2,0.2,6
1224217,1997-12-11T11:30:22Z,-45.09,0.0,167.52,0.1,91.0,3.0,ML,,,,2.7,0.5,2
1215902,1997-12-11T14:47:43Z,-40.81,0.0,175.11,0.0,31.0,1.0,ML,,,,2.4,0.3,6
1215512,1997-12-11T14:54:26Z,-41.6,0.0,174.62,0.0,28.0,1.0,ML,,,,2.0,0.2,6
1214632,1997-12-11T14:55:49Z,-40.14,0.0,174.89,0.0,12.0,4.0,ML,,,,3.2,0.3,16
1215973,1997-12-11T15:11:05Z,-41.01,0.0,175.3,0.0,24.0,1.0,ML,,,,1.7,0.3,5
1214802,1997-12-11T16:08:40Z,-39.3,0.0,176.19,0.0,75.0,2.0,ML,,,,3.1,0.1,3
1214803,1997-12-11T16:12:09Z,-38.31,0.0,176.78,0.0,106.0,5.0,ML,,,,3.0,0.2,4
1215903,1997-12-11T16:20:24Z,-40.31,0.0,174.51,0.1,30.0,6.0,ML,,,,1.9,0.3,4
1214805,1997-12-11T17:33:49Z,-40.33,0.0,176.67,0.0,12.0,0.0,ML,,,,3.5,0.2,5
1214881,1997-12-11T17:54:00Z,-41.24,0.0,172.57,0.0,206.0,4.0,ML,,,,3.5,0.3,7
1215366,1997-12-11T17:56:46Z,-39.31,0.0,175.5,0.0,12.0,0.0,ML,,,,1.9,0.1,3
1215974,1997-12-11T18:03:38Z,-40.23,0.0,174.71,0.0,12.0,0.0,ML,,,,2.2,0.1,4
1214806,1997-12-11T18:05:18Z,-40.02,0.0,176.75,0.0,12.0,0.0,ML,,,,2.9,0.3,5
1214807,1997-12-11T19:38:19Z,-40.11,0.2,177.09,0.2,12.0,0.0,ML,,,,3.3,0.1,4
1215156,1997-12-11T19:43:48Z,-37.49,0.1,179.71,0.1,12.0,0.0,ML,,,,3.3,0.4,3
1214808,1997-12-11T20:54:01Z,-40.35,0.3,176.72,0.2,12.0,0.0,ML,,,,3.4,0.4,5
1215905,1997-12-11T21:05:54Z,-40.95,0.0,175.75,0.0,32.0,2.0,ML,,,,2.3,0.2,7
1215906,1997-12-11T21:54:26Z,-41.73,0.0,174.57,0.0,40.0,3.0,ML,,,,2.5,0.3,7
1215975,1997-12-11T22:07:09Z,-40.29,0.0,175.51,0.0,5.0,0.0,ML,,,,2.5,0.2,8
1215976,1997-12-11T22:09:10Z,-41.74,0.0,174.71,0.0,29.0,4.0,ML,,,,2.0,0.2,4
1214633,1997-12-11T22:47:49Z,-39.24,0.0,175.46,0.0,13.0,1.0,ML,,,,3.0,0.4,9
1215067,1997-12-12T01:15:19Z,-41.02,0.0,175.29,0.0,17.0,4.0,ML,,,,2.2,0.3,5
1215069,1997-12-12T02:06:54Z,-39.27,0.0,173.87,0.0,15.0,2.0,ML,,,,2.3,0.2,5
1215368,1997-12-12T02:16:55Z,-40.27,0.0,174.87,0.1,5.0,0.0,ML,,,,2.6,0.2,7
1214809,1997-12-12T03:28:47Z,-40.32,0.0,176.07,0.1,33.0,0.0,ML,,,,2.5,0.2,6
1215851,1997-12-12T03:52:19Z,-41.11,0.0,174.47,0.0,36.0,2.0,ML,,,,1.9,0.1,4
1215003,1997-12-12T05:36:31Z,-44.45,0.0,168.34,0.1,79.0,8.0,ML,,,,2.0,nan,1
1215369,1997-12-12T07:42:02Z,-39.62,0.0,175.56,0.0,5.0,0.0,ML,,,,2.6,0.1,3
1215370,1997-12-12T08:44:51Z,-39.34,0.0,175.17,0.0,12.0,0.0,ML,,,,2.2,0.2,3
1215371,1997-12-12T11:09:15Z,-39.55,0.0,175.63,0.0,5.0,0.0,ML,,,,1.8,0.2,3
1212236,1997-12-12T11:49:40Z,-41.47,0.0,173.8,0.0,56.0,3.0,ML,,,,3.7,0.2,10
1214634,1997-12-12T14:07:08Z,-38.29,0.0,175.73,0.1,191.0,6.0,ML,,,,3.5,0.3,13
1214567,1997-12-12T14:16:55Z,-47.58,0.1,165.5,0.1,12.0,0.0,ML,,,,2.9,0.1,4
1214568,1997-12-12T14:22:53Z,-45.14,0.0,167.51,0.0,82.0,3.0,ML,,,,3.2,0.3,5
1215232,1997-12-12T14:53:54Z,-40.92,0.0,174.28,0.0,76.0,3.0,ML,,,,2.5,0.2,6
1214812,1997-12-12T15:20:23Z,-39.13,0.0,177.42,0.1,33.0,0.0,ML,,,,2.4,0.1,3
1215233,1997-12-12T15:41:39Z,-41.17,0.0,174.19,0.0,42.0,3.0,ML,,,,2.3,0.3,7
1215169,1997-12-12T15:45:11Z,-38.46,0.0,175.88,0.0,151.0,10.0,ML,,,,3.2,0.1,7
1215984,1997-12-12T16:13:52Z,-41.06,0.0,175.35,0.0,29.0,1.0,ML,,,,1.6,0.1,3
1214635,1997-12-12T16:21:15Z,-39.86,0.0,174.65,0.0,20.0,2.0,ML,,,,3.3,0.4,17
1215985,1997-12-12T16:40:05Z,-41.03,0.0,174.22,0.0,47.0,3.0,ML,,,,2.5,0.1,4
1215088,1997-12-12T17:03:02Z,-41.02,0.0,174.18,0.0,68.0,2.0,ML,,,,3.1,0.3,7
1214569,1997-12-12T17:28:57Z,-45.76,0.0,166.45,0.0,25.0,3.0,ML,,,,2.7,0.1,4
1215907,1997-12-12T19:20:28Z,-41.03,0.0,175.17,0.0,39.0,2.0,ML,,,,2.5,0.2,5
1215090,1997-12-12T20:20:47Z,-41.34,0.0,172.91,0.1,132.0,11.0,ML,,,,3.2,0.2,3
1214636,1997-12-12T21:06:56Z,-40.52,0.0,176.43,0.0,33.0,0.0,ML,,,,3.1,0.3,10
1215908,1997-12-12T22:15:45Z,-41.35,0.0,173.01,0.0,114.0,6.0,ML,,,,3.5,0.2,10
1224263,1997-12-12T22:49:50Z,-45.32,0.0,167.74,0.0,95.0,2.0,ML,,,,2.4,0.0,2
1214719,1997-12-13T01:28:21Z,-42.27,0.0,173.04,0.0,50.0,5.0,ML,,,,3.3,0.1,5
1214637,1997-12-13T02:05:26Z,-40.26,0.0,175.61,0.0,12.0,0.0,ML,,,,2.6,0.2,4
1215179,1997-12-13T02:26:32Z,-38.67,0.1,177.99,0.4,33.0,0.0,ML,,,,2.8,0.3,3
1215911,1997-12-13T02:28:44Z,-40.46,0.0,174.53,0.0,86.0,2.0,ML,,,,2.9,0.3,7
1214174,1997-12-13T02:54:07Z,-39.83,0.0,174.69,0.0,19.0,2.0,ML,,,,4.3,0.3,6
1224266,1997-12-13T04:42:28Z,-38.34,0.0,176.38,0.0,5.0,0.0,ML,,,,2.1,0.2,4
1214585,1997-12-13T04:54:58Z,-45.22,0.0,167.46,0.1,12.0,0.0,ML,,,,2.3,0.1,3
1215986,1997-12-13T05:29:52Z,-41.36,0.0,175.1,0.0,24.0,0.0,ML,,,,1.7,0.2,3
1215373,1997-12-13T07:12:20Z,-39.34,0.0,175.74,0.0,16.0,1.0,ML,,,,2.2,0.2,3
1214589,1997-12-13T07:25:17Z,-45.19,0.0,166.79,0.0,5.0,0.0,ML,,,,2.5,0.0,3
1214914,1997-12-13T07:36:20Z,-41.79,0.0,173.29,0.0,77.0,4.0,ML,,,,2.7,0.2,7
1215912,1997-12-13T07:59:18Z,-41.29,0.0,174.92,0.0,38.0,1.0,ML,,,,1.8,0.1,5
1215374,1997-12-13T08:07:09Z,-39.33,0.0,175.74,0.0,16.0,1.0,ML,,,,2.6,0.2,3
1214638,1997-12-13T10:14:05Z,-40.13,0.0,176.76,0.0,25.0,2.0,ML,,,,4.4,0.2,6
1215375,1997-12-13T12:05:10Z,-39.27,0.0,175.2,0.0,29.0,2.0,ML,,,,2.3,0.2,3
1214821,1997-12-13T12:34:35Z,-38.51,0.0,176.11,0.0,109.0,5.0,ML,,,,3.1,0.2,10
1214822,1997-12-13T13:58:04Z,-38.2,0.1,175.66,0.1,158.0,19.0,ML,,,,3.3,0.3,13
1215012,1997-12-13T14:06:17Z,-47.41,0.0,165.95,0.0,5.0,0.0,ML,,,,2.9,0.3,4
1215693,1997-12-13T14:36:59Z,-38.12,0.0,176.25,0.0,5.0,0.0,ML,,,,2.6,0.3,6
1215376,1997-12-13T14:39:56Z,-39.29,0.0,174.85,0.0,12.0,0.0,ML,,,,2.6,0.1,2
1214639,1997-12-13T14:52:40Z,-40.11,0.0,174.94,0.1,24.0,5.0,ML,,,,2.4,0.3,9
1214640,1997-12-13T15:45:37Z,-40.16,0.0,174.91,0.0,12.0,0.0,ML,,,,2.5,0.3,11
1214823,1997-12-13T16:20:24Z,-38.5,0.0,175.87,0.0,168.0,3.0,ML,,,,3.4,0.1,2
1215988,1997-12-13T17:25:39Z,-41.26,0.0,175.12,0.0,21.0,1.0,ML,,,,1.5,0.2,3
1215378,1997-12-13T19:10:10Z,-39.13,0.0,175.44,0.0,5.0,0.0,ML,,,,1.7,0.1,3
1215379,1997-12-13T19:15:13Z,-39.28,0.0,175.56,0.0,0.0,0.0,ML,,,,1.5,0.1,4
1215380,1997-12-13T19:19:50Z,-39.13,0.0,175.43,0.0,5.0,0.0,ML,,,,1.7,0.2,3
1215381,1997-12-13T19:43:50Z,-39.57,0.0,175.61,0.0,5.0,0.0,ML,,,,2.2,0.2,3
1214185,1997-12-13T19:50:58Z,-39.13,0.0,175.45,0.0,5.0,0.0,ML,,,,2.2,0.1,3
1215013,1997-12-13T20:02:33Z,-40.74,0.0,175.52,0.0,29.0,1.0,ML,,,,2.1,0.1,5
1215989,1997-12-13T20:15:43Z,-40.56,0.0,175.1,0.0,24.0,2.0,ML,,,,2.0,0.2,4
1214824,1997-12-13T20:43:49Z,-39.21,0.0,176.41,0.0,84.0,3.0,ML,,,,2.9,0.1,2
1215694,1997-12-13T21:31:22Z,-38.22,0.0,176.27,0.0,5.0,0.0,ML,,,,1.8,0.3,4
1214641,1997-12-14T00:38:55Z,-40.16,0.0,174.91,0.0,21.0,3.0,ML,,,,2.9,0.3,9
1214642,1997-12-14T00:45:28Z,-40.15,0.0,174.91,0.0,12.0,0.0,ML,,,,3.3,0.4,21
1215384,1997-12-14T03:12:03Z,-39.44,0.0,175.66,0.0,12.0,0.0,ML,,,,2.0,0.1,3
1215697,1997-12-14T04:06:04Z,-38.3,0.0,176.36,0.0,10.0,0.0,ML,,,,2.1,0.1,4
1214930,1997-12-14T04:31:01Z,-38.3,0.0,176.36,0.0,5.0,0.0,ML,,,,2.8,0.2,5
1224277,1997-12-14T04:31:16Z,-42.71,0.0,174.02,0.0,33.0,0.0,ML,,,,3.0,0.4,7
1224278,1997-12-14T04:31:59Z,-38.29,0.0,176.35,0.0,5.0,0.0,ML,,,,1.9,0.0,2
1214599,1997-12-14T04:58:22Z,-45.16,0.0,167.5,0.0,118.0,2.0,ML,,,,3.3,0.3,4
1214600,1997-12-14T05:00:29Z,-45.19,0.0,167.47,0.0,78.0,3.0,ML,,,,3.1,0.3,3
1214933,1997-12-14T05:39:09Z,-41.3,0.0,172.92,0.0,167.0,1.0,ML,,,,3.1,0.3,3
1214934,1997-12-14T05:47:10Z,-41.41,0.0,172.76,0.0,182.0,3.0,ML,,,,2.9,0.3,4
1215913,1997-12-14T06:50:01Z,-40.96,0.0,174.9,0.0,31.0,0.0,ML,,,,2.2,0.1,6
1215095,1997-12-14T07:20:00Z,-40.24,0.1,174.15,0.1,212.0,6.0,ML,,,,3.1,0.2,7
1214644,1997-12-14T07:29:39Z,-40.82,0.0,174.8,0.0,35.0,1.0,ML,,,,3.3,0.2,11
1215096,1997-12-14T08:15:12Z,-40.98,0.0,173.15,0.0,126.0,4.0,ML,,,,2.8,0.2,7
1214645,1997-12-14T10:24:17Z,-40.15,0.0,176.82,0.0,12.0,0.0,ML,,,,3.5,0.4,14
1215991,1997-12-14T10:35:02Z,-40.99,0.0,173.91,0.0,72.0,4.0,ML,,,,2.3,0.2,5
1215734,1997-12-14T12:19:27Z,-38.41,0.0,176.09,0.1,200.0,0.0,ML,,,,3.5,0.1,3
1215388,1997-12-14T12:40:21Z,-39.59,0.0,175.55,0.0,12.0,0.0,ML,,,,2.7,0.1,3
1215253,1997-12-14T12:49:58Z,-40.57,0.0,173.81,0.0,118.0,3.0,ML,,,,2.5,0.3,5
1214646,1997-12-14T13:02:46Z,-38.52,0.0,177.66,0.0,56.0,4.0,ML,,,,4.1,0.2,15
1214938,1997-12-14T14:18:13Z,-41.0,0.0,173.87,0.0,65.0,3.0,ML,,,,3.4,0.2,12
1214601,1997-12-14T16:34:29Z,-45.32,0.0,166.94,0.0,12.0,0.0,ML,,,,2.5,0.5,3
1215550,1997-12-14T17:50:53Z,-41.13,0.0,174.71,0.0,30.0,0.0,ML,,,,2.3,0.2,4
1214829,1997-12-14T18:33:10Z,-39.47,0.0,175.65,0.1,23.0,4.0,ML,,,,2.6,0.3,3
1212245,1997-12-14T19:34:15Z,-45.66,0.0,165.38,0.1,33.0,0.0,ML,,,,3.9,0.2,7
1224289,1997-12-14T19:35:43Z,-40.48,0.0,174.59,0.0,52.0,2.0,ML,,,,2.7,0.1,6
1214647,1997-12-14T19:58:42Z,-40.68,0.0,175.43,0.0,24.0,2.0,ML,,,,2.5,0.2,9
1224330,1997-12-14T20:52:37Z,-40.13,0.0,174.74,0.0,12.0,0.0,ML,,,,2.4,0.4,6
1214648,1997-12-14T22:53:57Z,-39.5,0.0,175.64,0.0,11.0,5.0,ML,,,,2.9,0.2,9
1215492,1997-12-14T23:12:44Z,-40.78,0.0,175.09,0.0,35.0,0.0,ML,,,,1.6,0.2,3
1212247,1997-12-14T23:49:27Z,-42.47,0.0,175.66,0.0,33.0,0.0,ML,,,,3.4,0.3,17
1215914,1997-12-14T23:53:30Z,-40.5,0.0,174.04,0.1,70.0,7.0,ML,,,,2.4,0.2,5
1214610,1997-12-15T00:28:06Z,-41.29,0.0,175.31,0.0,28.0,1.0,ML,,,,2.3,0.2,7
1215871,1997-12-15T03:10:48Z,-41.95,0.1,174.04,0.0,18.0,5.0,ML,,,,2.3,0.2,5
1214616,1997-12-15T04:22:20Z,-41.63,0.0,174.6,0.0,34.0,2.0,ML,,,,2.5,0.2,7
1215078,1997-12-15T06:47:50Z,-38.8,0.0,175.85,0.0,8.0,1.0,ML,,,,2.5,0.0,3
1215569,1997-12-15T07:13:43Z,-39.13,0.0,175.66,0.0,5.0,0.0,ML,,,,2.1,0.0,2
1214953,1997-12-15T10:09:46Z,-40.76,0.0,174.43,0.0,48.0,4.0,ML,,,,2.9,0.2,7
1214620,1997-12-15T10:54:48Z,-44.98,0.0,167.6,0.0,68.0,2.0,ML,,,,2.7,0.3,4
1215997,1997-12-15T11:23:39Z,-40.93,0.0,174.45,0.0,61.0,3.0,ML,,,,2.5,0.1,4
1215033,1997-12-15T14:43:40Z,-47.45,0.0,166.35,0.1,5.0,0.0,ML,,,,2.9,0.2,3
1215034,1997-12-15T17:34:32Z,-41.14,0.0,175.85,0.0,29.0,1.0,ML,,,,2.2,0.1,4
1217244,1997-12-15T17:58:26Z,-38.29,0.0,176.25,0.0,5.0,0.0,ML,,,,2.2,0.1,3
1212252,1997-12-15T18:01:31Z,-42.17,0.0,172.31,0.0,12.0,0.0,ML,,,,2.9,0.2,4
1214650,1997-12-15T19:55:53Z,-39.79,0.0,174.49,0.0,5.0,0.0,ML,,,,2.7,0.2,6
1212253,1997-12-15T21:48:11Z,-40.41,0.0,174.1,0.0,80.0,5.0,ML,,,,3.2,0.3,8
1214623,1997-12-15T22:14:12Z,-46.16,0.0,167.04,0.1,12.0,0.0,ML,,,,2.8,0.2,5
1216016,1997-12-15T23:43:05Z,-38.3,0.1,176.18,0.2,188.0,10.0,ML,,,,3.6,0.2,10
1216017,1997-12-16T01:06:35Z,-38.72,0.0,175.56,0.0,185.0,2.0,ML,,,,3.6,0.1,10
1214974,1997-12-16T01:32:10Z,-41.34,0.0,172.69,0.0,183.0,5.0,ML,,,,3.3,0.1,6
1214194,1997-12-16T03:29:48Z,-37.9,0.0,179.29,0.0,25.0,3.0,ML,,,,4.2,0.2,17
1215505,1997-12-16T05:12:50Z,-44.95,0.0,167.6,0.0,66.0,3.0,ML,,,,3.2,0.2,4
1215889,1997-12-16T07:06:33Z,-37.97,0.1,176.56,0.2,218.0,10.0,ML,,,,3.4,0.3,7
1216024,1997-12-16T07:50:24Z,-41.04,0.0,174.43,0.0,5.0,0.0,ML,,,,1.5,0.1,3
1216025,1997-12-16T10:21:09Z,-36.71,0.2,177.23,0.3,276.0,19.0,ML,,,,4.2,0.2,15
1214652,1997-12-16T10:35:43Z,-39.82,0.0,174.7,0.0,22.0,2.0,ML,,,,3.5,0.3,23
1217190,1997-12-16T10:55:53Z,-39.3,0.0,175.76,0.0,12.0,0.0,ML,,,,2.6,0.2,4
1216026,1997-12-16T12:04:04Z,-40.62,0.0,174.89,0.0,12.0,0.0,ML,,,,2.5,0.3,7
1212255,1997-12-16T13:33:51Z,-44.1,0.0,168.62,0.0,12.0,0.0,ML,,,,3.4,0.2,6
1217567,1997-12-16T15:12:48Z,-40.96,0.0,175.48,0.0,27.0,2.0,ML,,,,1.9,0.3,8
1215315,1997-12-16T17:57:15Z,-42.22,0.0,174.09,0.0,33.0,0.0,ML,,,,2.7,0.3,7
1216355,1997-12-16T18:00:37Z,-39.51,0.0,175.6,0.1,12.0,0.0,ML,,,,2.0,0.3,3
1217192,1997-12-16T18:01:22Z,-38.85,0.0,175.94,0.0,139.0,2.0,ML,,,,3.1,0.2,3
1216033,1997-12-16T18:13:53Z,-40.96,0.0,175.56,0.0,25.0,2.0,ML,,,,1.9,0.1,4
1216842,1997-12-16T18:43:48Z,-38.09,0.0,176.22,0.0,5.0,0.0,ML,,,,2.4,0.3,5
1217250,1997-12-16T18:51:11Z,-38.43,0.1,176.41,0.1,5.0,0.0,ML,,,,2.1,0.1,3
1217194,1997-12-16T22:11:30Z,-39.31,0.0,175.75,0.0,14.0,0.0,ML,,,,2.6,0.2,3
1216238,1997-12-16T23:47:03Z,-38.29,0.0,176.27,0.0,12.0,0.0,ML,,,,2.3,0.2,3
1216847,1997-12-17T00:21:56Z,-38.28,0.0,176.27,0.0,5.0,0.0,ML,,,,2.4,0.1,3
1216035,1997-12-17T00:34:48Z,-40.18,0.0,174.92,0.0,25.0,2.0,ML,,,,2.9,0.4,10
1216036,1997-12-17T01:03:16Z,-40.97,0.0,175.26,0.0,26.0,3.0,ML,,,,2.3,0.2,6
1214207,1997-12-17T03:55:46Z,-39.89,0.0,177.1,0.0,30.0,2.0,ML,,,,3.4,0.3,13
1215317,1997-12-17T06:39:35Z,-40.68,0.0,173.59,0.0,97.0,3.0,ML,,,,3.4,0.2,10
1216044,1997-12-17T07:08:17Z,-41.04,0.0,174.37,0.0,62.0,1.0,ML,,,,2.7,0.3,7
1216045,1997-12-17T07:17:49Z,-40.02,0.0,176.68,0.0,29.0,2.0,ML,,,,3.3,0.2,11
1216046,1997-12-17T07:24:52Z,-40.03,0.0,176.65,0.0,26.0,2.0,ML,,,,3.0,0.3,10
1217196,1997-12-17T08:14:45Z,-39.0,0.0,175.41,0.0,5.0,0.0,ML,,,,2.0,0.1,3
1217197,1997-12-17T08:22:31Z,-39.28,0.0,175.56,0.0,0.0,0.0,ML,,,,1.6,0.2,4
1217253,1997-12-17T09:59:14Z,-38.52,0.0,176.19,0.0,5.0,0.0,ML,,,,2.3,0.2,5
1214209,1997-12-17T10:34:45Z,-44.21,0.0,168.73,0.0,12.0,0.0,ML,,,,3.0,0.6,3
1216197,1997-12-17T14:42:41Z,-39.45,0.0,177.36,0.1,33.0,0.0,ML,,,,2.5,0.1,3
1212262,1997-12-17T16:08:14Z,-41.05,0.0,173.15,0.0,142.0,4.0,ML,,,,4.7,0.2,15
1216050,1997-12-17T16:28:57Z,-41.01,0.0,175.6,0.0,26.0,2.0,ML,,,,2.2,0.1,5
1217202,1997-12-17T16:53:12Z,-39.53,0.0,175.63,0.0,12.0,0.0,ML,,,,2.0,0.2,3
1216051,1997-12-17T17:30:55Z,-40.54,0.0,176.3,0.0,33.0,0.0,ML,,,,2.9,0.4,9
1216052,1997-12-17T18:15:48Z,-40.68,0.0,174.44,0.0,5.0,0.0,ML,,,,2.3,0.1,5
1216198,1997-12-17T19:16:21Z,-39.13,0.0,178.01,0.0,33.0,0.0,ML,,,,3.7,0.3,16
1216053,1997-12-17T19:58:24Z,-41.64,0.0,174.62,0.0,29.0,2.0,ML,,,,2.5,0.3,6
1216054,1997-12-17T20:18:04Z,-40.38,0.0,174.06,0.0,73.0,8.0,ML,,,,2.5,0.3,4
1216859,1997-12-17T21:14:53Z,-38.28,0.0,176.3,0.0,5.0,0.0,ML,,,,2.6,0.1,4
1216055,1997-12-17T22:21:15Z,-41.25,0.0,175.16,0.0,23.0,1.0,ML,,,,2.0,0.2,4
1217205,1997-12-17T22:27:40Z,-39.64,0.0,175.53,0.1,33.0,0.0,ML,,,,2.5,0.1,3
1216056,1997-12-17T22:46:59Z,-41.37,0.0,175.45,0.0,14.0,1.0,ML,,,,1.9,0.2,5
1216057,1997-12-17T23:02:33Z,-41.38,0.0,175.45,0.0,16.0,1.0,ML,,,,2.3,0.2,6
1217256,1997-12-17T23:44:06Z,-38.29,0.0,176.3,0.0,5.0,0.0,ML,,,,2.7,0.2,4
1216116,1997-12-17T23:53:07Z,-38.24,0.0,176.28,0.0,5.0,0.0,ML,,,,3.5,0.3,12
1224456,1997-12-17T23:53:54Z,-38.27,0.0,176.32,0.0,5.0,0.0,ML,,,,2.3,0.2,4
1224458,1997-12-17T23:54:23Z,-38.28,0.0,176.31,0.0,5.0,0.0,ML,,,,2.1,0.2,4
1216117,1997-12-17T23:56:37Z,-38.28,0.0,176.27,0.0,5.0,0.0,ML,,,,2.1,0.2,4
1224455,1997-12-17T23:56:44Z,-38.28,0.0,176.3,0.0,5.0,0.0,ML,,,,2.8,0.3,3
1217257,1997-12-17T23:58:03Z,-38.28,0.0,176.3,0.0,5.0,0.0,ML,,,,2.4,0.2,4
1224457,1997-12-17T23:58:35Z,-38.29,0.0,176.3,0.0,5.0,0.0,ML,,,,2.2,0.2,4
1216253,1997-12-17T23:59:33Z,-39.54,0.0,175.64,0.0,12.0,0.0,ML,,,,2.7,0.2,3
1217258,1997-12-18T00:00:32Z,-38.28,0.0,176.31,0.0,5.0,0.0,ML,,,,2.9,0.4,3
1224459,1997-12-18T00:00:58Z,-38.27,0.0,176.29,0.0,5.0,0.0,ML,,,,3.0,0.3,3
1224460,1997-12-18T00:02:20Z,-38.31,0.0,176.38,0.0,5.0,0.0,ML,,,,2.0,0.2,4
1216791,1997-12-18T00:04:10Z,-38.27,0.0,176.29,0.0,5.0,0.0,ML,,,,2.6,0.5,4
1217259,1997-12-18T00:09:10Z,-38.28,0.0,176.29,0.0,9.0,1.0,ML,,,,2.8,0.3,3
1216793,1997-12-18T00:37:58Z,-38.24,0.0,176.27,0.0,5.0,0.0,ML,,,,4.0,0.3,11
1216118,1997-12-18T00:41:21Z,-38.29,0.0,176.27,0.0,5.0,0.0,ML,,,,2.8,0.1,4
1224461,1997-12-18T00:41:36Z,-38.36,0.0,176.25,0.0,5.0,0.0,ML,,,,2.4,0.1,4
1224462,1997-12-18T00:42:23Z,-38.33,0.0,176.29,0.0,5.0,0.0,ML,,,,2.1,0.1,4
1216427,1997-12-18T00:43:17Z,-38.29,0.0,176.3,0.0,5.0,0.0,ML,,,,2.3,0.2,4
1216428,1997-12-18T00:44:02Z,-38.28,0.0,176.3,0.0,5.0,0.0,ML,,,,2.1,0.2,4
1224463,1997-12-18T00:44:25Z,-38.27,0.0,176.29,0.0,5.0,0.0,ML,,,,2.8,0.3,5
1216429,1997-12-18T00:45:29Z,-38.28,0.0,176.31,0.0,5.0,0.0,ML,,,,2.1,0.1,4
1216119,1997-12-18T00:48:34Z,-44.09,0.0,168.68,0.1,5.0,0.0,ML,,,,2.9,0.2,4
1224466,1997-12-18T00:48:45Z,-38.29,0.0,176.28,0.0,5.0,0.0,ML,,,,2.4,0.2,4
1224467,1997-12-18T00:49:02Z,-38.29,0.0,176.29,0.0,5.0,0.0,ML,,,,2.1,0.2,4
1224587,1997-12-18T00:49:17Z,-38.28,0.0,176.31,0.0,5.0,0.0,ML,,,,2.2,0.3,4
1224464,1997-12-18T00:49:24Z,-38.27,0.0,176.3,0.0,5.0,0.0,ML,,,,3.0,0.3,6
1224469,1997-12-18T00:50:00Z,-38.33,0.0,176.32,0.0,5.0,0.0,ML,,,,2.0,0.1,4
1217260,1997-12-18T00:51:44Z,-38.27,0.0,176.28,0.0,5.0,0.0,ML,,,,2.1,0.1,4
1224465,1997-12-18T00:52:12Z,-38.28,0.0,176.3,0.0,5.0,0.0,ML,,,,2.8,0.2,4
1217261,1997-12-18T00:53:03Z,-38.28,0.0,176.29,0.0,5.0,0.0,ML,,,,2.4,0.1,4
1217262,1997-12-18T00:53:41Z,-38.28,0.0,176.29,0.0,5.0,0.0,ML,,,,2.3,0.0,2
1217263,1997-12-18T00:55:44Z,-38.28,0.0,176.3,0.0,5.0,0.0,ML,,,,2.5,0.1,4
1216433,1997-12-18T00:56:14Z,-38.29,0.0,176.29,0.0,5.0,0.0,ML,,,,2.3,0.1,4
1224470,1997-12-18T00:56:34Z,-38.28,0.0,176.31,0.0,5.0,0.0,ML,,,,2.3,0.1,4
1224471,1997-12-18T00:56:48Z,-38.28,0.0,176.3,0.0,5.0,0.0,ML,,,,2.4,0.2,4
1224472,1997-12-18T00:57:18Z,-38.28,0.0,176.3,0.0,5.0,0.0,ML,,,,2.4,0.4,6
1217264,1997-12-18T00:59:02Z,-38.28,0.0,176.29,0.0,5.0,0.0,ML,,,,2.5,0.2,4
1224474,1997-12-18T00:59:59Z,-38.28,0.0,176.3,0.0,5.0,0.0,ML,,,,2.5,0.2,4
1216436,1997-12-18T01:03:28Z,-38.28,0.0,176.29,0.0,5.0,0.0,ML,,,,2.7,0.2,4
1217265,1997-12-18T01:06:14Z,-38.28,0.0,176.29,0.0,7.0,2.0,ML,,,,2.7,0.3,5
1217266,1997-12-18T01:15:16Z,-38.28,0.0,176.29,0.0,5.0,0.0,ML,,,,2.4,0.1,4
1217267,1997-12-18T01:26:02Z,-38.3,0.0,176.27,0.0,5.0,0.0,ML,,,,1.9,0.1,3
1216795,1997-12-18T01:30:26Z,-38.27,0.0,176.29,0.0,5.0,0.0,ML,,,,3.1,0.3,5
1224479,1997-12-18T01:30:51Z,-38.28,0.0,176.3,0.0,5.0,0.0,ML,,,,2.8,0.1,3
1216860,1997-12-18T01:32:58Z,-38.28,0.0,176.32,0.0,5.0,0.0,ML,,,,2.6,0.1,4
1217268,1997-12-18T01:34:23Z,-38.32,0.0,176.16,0.1,5.0,0.0,ML,,,,2.1,0.1,4
1217269,1997-12-18T01:37:46Z,-38.28,0.0,176.27,0.0,5.0,0.0,ML,,,,2.4,0.1,4
1224480,1997-12-18T01:38:09Z,-38.34,0.0,176.28,0.0,5.0,0.0,ML,,,,2.6,0.1,4
1216861,1997-12-18T01:39:04Z,-38.28,0.0,176.29,0.0,5.0,0.0,ML,,,,2.3,0.2,4
1224481,1997-12-18T01:39:21Z,-38.28,0.0,176.29,0.0,5.0,0.0,ML,,,,2.4,0.2,4
1216120,1997-12-18T01:43:29Z,-38.28,0.0,176.29,0.0,5.0,0.0,ML,,,,2.4,0.2,4
1217270,1997-12-18T01:44:06Z,-38.28,0.0,176.29,0.0,5.0,0.0,ML,,,,2.5,0.2,4
1217271,1997-12-18T01:47:09Z,-38.28,0.0,176.28,0.0,5.0,0.0,ML,,,,2.4,0.1,4
1217272,1997-12-18T01:48:37Z,-38.28,0.0,176.26,0.0,5.0,0.0,ML,,,,2.1,0.1,4
1216438,1997-12-18T01:54:48Z,-38.28,0.0,176.29,0.0,5.0,0.0,ML,,,,2.9,0.1,3
1217273,1997-12-18T01:57:04Z,-38.28,0.0,176.26,0.0,5.0,0.0,ML,,,,2.1,0.2,4
1224483,1997-12-18T01:58:02Z,-38.28,0.0,176.29,0.0,5.0,0.0,ML,,,,2.8,0.2,7
1224484,1997-12-18T01:58:35Z,-38.28,0.0,176.3,0.0,5.0,0.0,ML,,,,3.4,0.3,4
1224485,1997-12-18T01:59:39Z,-38.27,0.0,176.29,0.0,5.0,0.0,ML,,,,2.7,0.4,5
1217275,1997-12-18T02:01:20Z,-38.28,0.0,176.29,0.0,5.0,0.0,ML,,,,2.1,0.2,3
1217276,1997-12-18T02:07:05Z,-38.29,0.0,176.24,0.0,5.0,0.0,ML,,,,2.0,0.1,4
1216058,1997-12-18T02:08:23Z,-40.14,0.0,174.86,0.1,12.0,0.0,ML,,,,2.7,0.3,6
1217051,1997-12-18T02:09:34Z,-38.3,0.0,176.3,0.0,5.0,0.0,ML,,,,2.0,0.1,4
1217052,1997-12-18T02:11:38Z,-38.3,0.0,176.29,0.0,5.0,0.0,ML,,,,2.0,0.1,4
1217277,1997-12-18T02:12:42Z,-38.28,0.0,176.29,0.0,5.0,0.0,ML,,,,2.0,0.1,4
1217278,1997-12-18T02:15:19Z,-38.27,0.0,176.29,0.0,5.0,0.0,ML,,,,3.0,0.3,4
1224486,1997-12-18T02:15:53Z,-38.27,0.0,176.32,0.0,5.0,0.0,ML,,,,2.0,0.1,4
1216439,1997-12-18T02:17:26Z,-38.28,0.0,176.29,0.0,5.0,0.0,ML,,,,2.6,0.1,4
1224491,1997-12-18T02:17:48Z,-38.28,0.0,176.28,0.0,5.0,0.0,ML,,,,2.2,0.1,4
1217279,1997-12-18T02:19:21Z,-38.28,0.0,176.3,0.0,8.0,1.0,ML,,,,2.9,0.3,4
1216440,1997-12-18T02:22:48Z,-38.28,0.0,176.28,0.0,5.0,0.0,ML,,,,2.5,0.1,4
1216123,1997-12-18T02:26:27Z,-38.28,0.0,176.31,0.0,5.0,0.0,ML,,,,2.3,0.2,4
1217280,1997-12-18T02:28:49Z,-38.27,0.0,176.29,0.0,5.0,0.0,ML,,,,2.6,0.3,4
1216444,1997-12-18T02:38:44Z,-38.29,0.0,176.22,0.0,5.0,0.0,ML,,,,2.2,0.2,3
1216125,1997-12-18T02:40:11Z,-38.28,0.0,176.27,0.0,5.0,0.0,ML,,,,2.1,0.1,4
1216124,1997-12-18T02:40:53Z,-38.27,0.0,176.29,0.0,5.0,0.0,ML,,,,2.7,0.4,6
1216126,1997-12-18T02:44:41Z,-38.29,0.0,176.26,0.0,5.0,0.0,ML,,,,2.1,0.1,4
1216130,1997-12-18T02:58:19Z,-38.26,0.0,176.33,0.0,12.0,0.0,ML,,,,2.0,0.2,4
1216446,1997-12-18T03:04:20Z,-38.27,0.0,176.3,0.0,5.0,0.0,ML,,,,3.0,0.1,3
1216447,1997-12-18T03:06:02Z,-38.31,0.0,176.13,0.1,5.0,0.0,ML,,,,2.1,0.1,3
1217281,1997-12-18T03:08:20Z,-38.27,0.0,176.28,0.0,5.0,0.0,ML,,,,2.6,0.2,4
1214210,1997-12-18T03:09:33Z,-38.28,0.0,176.28,0.0,12.0,0.0,ML,,,,2.7,0.2,4
1224493,1997-12-18T03:09:58Z,-38.28,0.0,176.3,0.0,5.0,0.0,ML,,,,2.2,0.2,4
1216448,1997-12-18T03:15:17Z,-38.28,0.0,176.26,0.0,5.0,0.0,ML,,,,2.1,0.1,4
1214211,1997-12-18T03:19:30Z,-38.28,0.0,176.26,0.0,5.0,0.0,ML,,,,2.1,0.1,4
1217282,1997-12-18T03:20:58Z,-38.3,0.0,176.21,0.0,5.0,0.0,ML,,,,2.2,0.1,3
1217283,1997-12-18T03:25:45Z,-38.29,0.0,176.29,0.0,5.0,0.0,ML,,,,2.7,0.2,4
1217284,1997-12-18T03:27:07Z,-38.28,0.0,176.28,0.0,5.0,0.0,ML,,,,2.8,0.2,5
1224494,1997-12-18T03:27:16Z,-38.28,0.0,176.29,0.0,5.0,0.0,ML,,,,2.7,0.3,4
1224495,1997-12-18T03:28:04Z,-38.28,0.0,176.23,0.0,5.0,0.0,ML,,,,1.8,0.2,3
1217285,1997-12-18T03:31:15Z,-38.29,0.0,176.25,0.0,5.0,0.0,ML,,,,2.2,0.1,3
1217286,1997-12-18T03:39:14Z,-38.27,0.0,176.3,0.0,5.0,0.0,ML,,,,2.8,0.2,4
1216450,1997-12-18T03:42:48Z,-38.28,0.0,176.27,0.0,5.0,0.0,ML,,,,2.0,0.2,4
1217287,1997-12-18T03:46:21Z,-38.3,0.0,176.32,0.0,12.0,0.0,ML,,,,2.1,0.2,4
1214217,1997-12-18T03:47:17Z,-38.3,0.0,176.32,0.0,12.0,0.0,ML,,,,2.2,0.2,4
1224496,1997-12-18T03:47:41Z,-38.27,0.0,176.31,0.0,5.0,0.0,ML,,,,2.6,0.2,4
1217288,1997-12-18T03:49:40Z,-38.29,0.0,176.29,0.0,5.0,0.0,ML,,,,2.5,0.1,5
1216451,1997-12-18T03:56:23Z,-38.28,0.0,176.3,0.0,5.0,0.0,ML,,,,2.7,0.1,4
1224527,1997-12-18T03:57:28Z,-38.28,0.0,176.29,0.0,5.0,0.0,ML,,,,2.6,0.1,4
1224529,1997-12-18T03:57:57Z,-38.28,0.0,176.32,0.0,5.0,0.0,ML,,,,2.1,0.2,4
1217289,1997-12-18T03:59:36Z,-38.28,0.0,176.33,0.0,5.0,0.0,ML,,,,2.2,0.2,3
1217290,1997-12-18T04:00:23Z,-38.28,0.0,176.28,0.0,5.0,0.0,ML,,,,2.6,0.1,4
1214221,1997-12-18T04:01:34Z,-38.3,0.0,176.33,0.0,5.0,0.0,ML,,,,2.0,0.0,3
1217291,1997-12-18T04:02:26Z,-38.28,0.0,176.29,0.0,5.0,0.0,ML,,,,2.4,0.2,4
1214222,1997-12-18T04:05:37Z,-38.28,0.0,176.26,0.0,5.0,0.0,ML,,,,2.2,0.1,4
1217293,1997-12-18T04:07:24Z,-38.29,0.0,176.28,0.0,5.0,0.0,ML,,,,2.7,0.1,4
1216132,1997-12-18T04:12:39Z,-38.27,0.0,176.29,0.0,5.0,0.0,ML,,,,2.8,0.2,4
1224533,1997-12-18T04:13:08Z,-38.28,0.0,176.3,0.0,5.0,0.0,ML,,,,2.4,0.2,4
1217294,1997-12-18T04:15:33Z,-38.25,0.0,176.27,0.0,5.0,0.0,ML,,,,2.0,0.1,4
1217295,1997-12-18T04:16:29Z,-38.27,0.0,176.29,0.0,5.0,0.0,ML,,,,2.7,0.4,4
1224534,1997-12-18T04:16:49Z,-38.27,0.0,176.28,0.0,5.0,0.0,ML,,,,2.2,0.3,5
1214225,1997-12-18T04:21:56Z,-38.28,0.0,176.24,0.0,5.0,0.0,ML,,,,2.3,0.1,4
1216864,1997-12-18T04:32:37Z,-38.28,0.0,176.29,0.0,8.0,2.0,ML,,,,2.6,0.3,4
1216744,1997-12-18T04:36:47Z,-45.64,0.0,167.35,0.0,5.0,0.0,ML,,,,2.8,0.2,4
1224535,1997-12-18T04:37:40Z,-38.28,0.0,176.27,0.0,5.0,0.0,ML,,,,2.6,0.2,4
1214229,1997-12-18T04:39:34Z,-38.28,0.0,176.27,0.0,5.0,0.0,ML,,,,2.1,0.1,4
1214230,1997-12-18T04:42:14Z,-41.71,0.0,174.33,0.0,10.0,2.0,ML,,,,2.4,0.2,5
1224536,1997-12-18T04:43:26Z,-38.28,0.0,176.29,0.0,5.0,0.0,ML,,,,2.3,0.2,4
1216454,1997-12-18T04:53:01Z,-38.27,0.0,176.27,0.0,5.0,0.0,ML,,,,2.3,0.1,4
1217053,1997-12-18T04:57:14Z,-38.41,0.0,176.2,0.0,5.0,0.0,ML,,,,2.4,0.1,2
1216796,1997-12-18T04:58:46Z,-38.27,0.0,176.3,0.0,5.0,0.0,ML,,,,2.9,0.4,4
1224538,1997-12-18T04:58:56Z,-38.26,0.0,176.28,0.0,5.0,0.0,ML,,,,2.9,0.3,4
1224539,1997-12-18T04:59:28Z,-38.28,0.0,176.29,0.0,5.0,0.0,ML,,,,3.0,0.1,3
1224540,1997-12-18T05:00:02Z,-38.29,0.0,176.3,0.0,5.0,0.0,ML,,,,2.8,0.1,4
1217296,1997-12-18T05:01:17Z,-38.28,0.0,176.31,0.0,5.0,0.0,ML,,,,2.1,0.1,4
1216798,1997-12-18T05:03:57Z,-38.27,0.0,176.3,0.0,9.0,1.0,ML,,,,2.9,0.3,4
1224541,1997-12-18T05:05:03Z,-38.26,0.0,176.3,0.0,5.0,0.0,ML,,,,2.6,0.5,6
1216133,1997-12-18T05:07:29Z,-38.3,0.0,176.17,0.0,5.0,0.0,ML,,,,2.2,0.1,4
1217297,1997-12-18T05:10:06Z,-38.28,0.0,176.28,0.0,8.0,1.0,ML,,,,2.8,0.3,4
1217299,1997-12-18T05:13:24Z,-38.28,0.0,176.29,0.0,5.0,0.0,ML,,,,2.3,0.1,4
1224542,1997-12-18T05:13:47Z,-38.27,0.0,176.3,0.0,5.0,0.0,ML,,,,2.4,0.2,4
1217300,1997-12-18T05:15:02Z,-38.3,0.0,176.29,0.0,8.0,2.0,ML,,,,2.6,0.3,4
1217301,1997-12-18T05:18:29Z,-38.37,0.0,176.03,0.0,5.0,0.0,ML,,,,2.4,0.1,3
1217302,1997-12-18T05:22:25Z,-38.27,0.0,176.28,0.0,5.0,0.0,ML,,,,2.6,0.3,4
1224543,1997-12-18T05:22:59Z,-38.28,0.0,176.25,0.0,5.0,0.0,ML,,,,2.1,0.1,4
1217303,1997-12-18T05:31:01Z,-38.28,0.0,176.27,0.0,5.0,0.0,ML,,,,2.5,0.2,4
1224544,1997-12-18T05:31:10Z,-38.28,0.0,176.26,0.0,5.0,0.0,ML,,,,2.7,0.4,4
1224545,1997-12-18T05:31:48Z,-38.28,0.0,176.29,0.0,5.0,0.0,ML,,,,2.4,0.2,4
1216455,1997-12-18T05:41:58Z,-38.27,0.0,176.27,0.0,5.0,0.0,ML,,,,2.2,0.1,4
1224547,1997-12-18T05:42:11Z,-38.28,0.0,176.27,0.0,5.0,0.0,ML,,,,2.2,0.2,4
1216260,1997-12-18T05:52:01Z,-38.28,0.0,176.26,0.0,5.0,0.0,ML,,,,2.2,0.1,4
1216262,1997-12-18T05:57:28Z,-38.28,0.0,176.27,0.0,5.0,0.0,ML,,,,2.5,0.2,4
1216457,1997-12-18T06:01:49Z,-38.28,0.0,176.3,0.0,5.0,0.0,ML,,,,2.6,0.2,4
1224548,1997-12-18T06:02:12Z,-38.26,0.0,176.28,0.0,5.0,0.0,ML,,,,2.0,0.2,4
1216059,1997-12-18T06:05:26Z,-38.28,0.0,176.27,0.0,5.0,0.0,ML,,,,2.4,0.1,4
1216458,1997-12-18T06:06:13Z,-38.27,0.0,176.29,0.0,5.0,0.0,ML,,,,2.6,0.4,6
1216459,1997-12-18T06:08:09Z,-38.31,0.0,176.12,0.0,5.0,0.0,ML,,,,2.2,0.1,4
1224550,1997-12-18T06:08:28Z,-38.31,0.0,176.16,0.0,5.0,0.0,ML,,,,2.2,0.1,4
1217304,1997-12-18T06:15:10Z,-38.26,0.0,176.26,0.0,5.0,0.0,ML,,,,2.1,0.1,3
1224553,1997-12-18T06:15:22Z,-38.25,0.0,176.26,0.0,5.0,0.0,ML,,,,2.4,0.1,4
1224554,1997-12-18T06:15:34Z,-38.27,0.0,176.28,0.0,5.0,0.0,ML,,,,2.3,0.2,4
1217305,1997-12-18T06:16:43Z,-38.26,0.0,176.28,0.0,5.0,0.0,ML,,,,2.1,0.1,4
1224551,1997-12-18T06:16:59Z,-38.27,0.0,176.26,0.0,5.0,0.0,ML,,,,2.5,0.1,2
1224555,1997-12-18T06:17:04Z,-38.27,0.0,176.27,0.0,5.0,0.0,ML,,,,2.7,0.3,5
1224552,1997-12-18T06:17:38Z,-38.31,0.0,176.31,0.0,5.0,0.0,ML,,,,2.1,0.1,4
1217165,1997-12-18T06:22:59Z,-38.29,0.0,176.28,0.0,5.0,0.0,ML,,,,2.5,0.1,4
1217306,1997-12-18T06:25:18Z,-38.28,0.0,176.27,0.0,5.0,0.0,ML,,,,2.7,0.3,4
1216135,1997-12-18T06:27:27Z,-38.29,0.0,176.27,0.0,5.0,0.0,ML,,,,2.6,0.2,4
1224557,1997-12-18T06:27:44Z,-38.28,0.0,176.34,0.0,5.0,0.0,ML,,,,2.1,0.2,4
1224558,1997-12-18T06:28:05Z,-38.28,0.0,176.29,0.0,5.0,0.0,ML,,,,2.0,0.2,4
1217307,1997-12-18T06:29:03Z,-38.27,0.0,176.23,0.0,5.0,0.0,ML,,,,2.3,0.1,4
1224559,1997-12-18T06:32:24Z,-45.12,0.0,167.47,0.0,115.0,3.0,ML,,,,2.9,0.2,4
1216136,1997-12-18T06:34:46Z,-38.28,0.0,176.24,0.0,5.0,0.0,ML,,,,2.1,0.2,4
1217309,1997-12-18T06:57:55Z,-38.28,0.0,176.3,0.0,8.0,1.0,ML,,,,2.9,0.2,4
1216159,1997-12-18T07:00:33Z,-39.23,0.0,174.73,0.0,12.0,0.0,ML,,,,2.7,0.2,5
1224560,1997-12-18T07:00:52Z,-38.24,0.0,176.29,0.0,5.0,0.0,ML,,,,3.6,0.3,12
1217311,1997-12-18T07:22:11Z,-38.27,0.0,176.29,0.0,5.0,0.0,ML,,,,2.8,0.3,4
1224561,1997-12-18T07:23:00Z,-38.27,0.0,176.27,0.0,5.0,0.0,ML,,,,2.1,0.2,4
1217312,1997-12-18T07:25:54Z,-38.28,0.0,176.3,0.0,5.0,0.0,ML,,,,2.5,0.2,4
1217313,1997-12-18T07:26:48Z,-38.28,0.0,176.29,0.0,12.0,0.0,ML,,,,2.1,0.1,4
1217208,1997-12-18T07:30:40Z,-39.29,0.0,175.8,0.1,12.0,0.0,ML,,,,1.8,0.2,3
1224562,1997-12-18T07:30:46Z,-38.28,0.0,176.27,0.0,12.0,0.0,ML,,,,2.5,0.1,4
1216466,1997-12-18T07:44:16Z,-38.28,0.0,176.28,0.0,5.0,0.0,ML,,,,2.2,0.2,4
1217315,1997-12-18T07:49:42Z,-38.29,0.0,176.23,0.0,5.0,0.0,ML,,,,2.2,0.1,4
1217316,1997-12-18T07:58:14Z,-38.28,0.0,176.32,0.0,5.0,0.0,ML,,,,2.7,0.2,4
1217317,1997-12-18T08:07:13Z,-38.27,0.0,176.31,0.0,5.0,0.0,ML,,,,2.4,0.1,4
1216137,1997-12-18T08:25:25Z,-44.99,0.0,167.57,0.1,64.0,4.0,ML,,,,2.9,0.0,3
1216063,1997-12-18T08:31:40Z,-41.02,0.0,174.87,0.0,51.0,2.0,ML,,,,2.5,0.3,2
1217318,1997-12-18T08:43:16Z,-38.29,0.0,176.29,0.0,12.0,0.0,ML,,,,2.9,0.1,4
1217319,1997-12-18T08:45:17Z,-38.28,0.0,176.26,0.0,5.0,0.0,ML,,,,2.1,0.1,4
1216471,1997-12-18T08:52:15Z,-38.3,0.0,176.21,0.0,5.0,0.0,ML,,,,2.1,0.1,4
1217320,1997-12-18T08:54:14Z,-38.29,0.0,176.28,0.0,5.0,0.0,ML,,,,2.1,0.2,4
1217321,1997-12-18T09:03:16Z,-38.27,0.0,176.3,0.0,5.0,0.0,ML,,,,2.5,0.2,4
1216473,1997-12-18T09:08:16Z,-38.27,0.0,176.31,0.0,5.0,0.0,ML,,,,2.6,0.1,4
1224564,1997-12-18T09:08:51Z,-38.27,0.0,176.3,0.0,5.0,0.0,ML,,,,2.1,0.1,4
1217322,1997-12-18T09:09:28Z,-38.28,0.0,176.33,0.0,5.0,0.0,ML,,,,2.2,0.2,4
1216474,1997-12-18T09:19:45Z,-38.27,0.0,176.3,0.0,5.0,0.0,ML,,,,3.1,nan,1
1224565,1997-12-18T09:19:50Z,-38.26,0.0,176.29,0.0,5.0,0.0,ML,,,,2.8,0.4,6
1217324,1997-12-18T09:20:55Z,-38.27,0.0,176.3,0.0,5.0,0.0,ML,,,,2.2,0.1,4
1217325,1997-12-18T09:23:28Z,-38.27,0.0,176.29,0.0,5.0,0.0,ML,,,,2.2,0.2,4
1224567,1997-12-18T09:23:40Z,-38.27,0.0,176.3,0.0,5.0,0.0,ML,,,,2.0,0.2,4
1216475,1997-12-18T09:24:13Z,-38.26,0.0,176.31,0.0,5.0,0.0,ML,,,,2.6,0.3,6
1224568,1997-12-18T09:24:33Z,-38.27,0.0,176.29,0.0,5.0,0.0,ML,,,,2.6,0.3,4
1217326,1997-12-18T09:25:27Z,-38.27,0.0,176.31,0.0,5.0,0.0,ML,,,,2.1,0.2,3
1217327,1997-12-18T09:27:10Z,-38.27,0.0,176.29,0.0,12.0,0.0,ML,,,,2.4,0.1,4
1216476,1997-12-18T09:28:24Z,-38.28,0.0,176.32,0.0,5.0,0.0,ML,,,,1.9,0.2,4
1217328,1997-12-18T09:29:12Z,-38.27,0.0,176.29,0.0,5.0,0.0,ML,,,,3.0,0.3,4
1224570,1997-12-18T09:30:16Z,-38.28,0.0,176.32,0.0,5.0,0.0,ML,,,,2.0,0.1,4
1224569,1997-12-18T09:30:28Z,-38.27,0.0,176.31,0.0,5.0,0.0,ML,,,,2.5,0.2,4
1217329,1997-12-18T09:32:10Z,-38.26,0.0,176.29,0.0,5.0,0.0,ML,,,,2.4,0.2,5
1224571,1997-12-18T09:32:50Z,-38.27,0.0,176.27,0.0,5.0,0.0,ML,,,,2.3,0.1,4
1217330,1997-12-18T09:33:37Z,-38.28,0.0,176.29,0.0,5.0,0.0,ML,,,,2.4,0.1,4
1224573,1997-12-18T09:33:51Z,-38.29,0.0,176.31,0.0,5.0,0.0,ML,,,,2.6,0.1,4
1224574,1997-12-18T09:34:20Z,-38.34,0.0,176.23,0.0,5.0,0.0,ML,,,,2.0,0.2,3
1224575,1997-12-18T09:34:28Z,-38.27,0.0,176.32,0.0,5.0,0.0,ML,,,,2.9,0.3,3
1224576,1997-12-18T09:35:03Z,-38.28,0.0,176.29,0.0,5.0,0.0,ML,,,,1.7,0.1,4
1216477,1997-12-18T09:35:45Z,-38.27,0.0,176.29,0.0,5.0,0.0,ML,,,,2.6,0.1,4
1217331,1997-12-18T09:36:45Z,-38.27,0.0,176.32,0.0,5.0,0.0,ML,,,,2.1,0.2,4
1217332,1997-12-18T09:38:29Z,-38.26,0.0,176.29,0.0,5.0,0.0,ML,,,,2.7,0.3,5
1216478,1997-12-18T09:40:32Z,-38.27,0.0,176.29,0.0,5.0,0.0,ML,,,,2.0,0.1,4
1217333,1997-12-18T09:41:43Z,-38.27,0.0,176.29,0.0,5.0,0.0,ML,,,,1.9,0.1,3
1217334,1997-12-18T09:43:00Z,-38.28,0.0,176.28,0.0,5.0,0.0,ML,,,,2.2,0.2,4
1217335,1997-12-18T09:44:24Z,-38.27,0.0,176.29,0.0,5.0,0.0,ML,,,,2.0,0.1,4
1217336,1997-12-18T09:48:46Z,-38.28,0.0,176.24,0.0,5.0,0.0,ML,,,,1.9,0.1,4
1217337,1997-12-18T09:50:49Z,-38.3,0.0,176.3,0.0,5.0,0.0,ML,,,,1.9,0.1,4
1217338,1997-12-18T09:55:05Z,-38.3,0.0,176.19,0.0,5.0,0.0,ML,,,,2.0,0.1,4
1217339,1997-12-18T09:55:56Z,-38.27,0.0,176.27,0.0,5.0,0.0,ML,,,,2.2,0.2,5
1217340,1997-12-18T09:58:00Z,-38.28,0.0,176.28,0.0,5.0,0.0,ML,,,,2.0,0.1,4
1217341,1997-12-18T09:59:26Z,-38.27,0.0,176.3,0.0,8.0,2.0,ML,,,,2.5,0.3,5
1224577,1997-12-18T09:59:34Z,-38.27,0.0,176.27,0.0,5.0,0.0,ML,,,,2.9,0.3,5
1216799,1997-12-18T10:01:38Z,-38.26,0.0,176.3,0.0,5.0,0.0,ML,,,,2.6,0.4,6
1224578,1997-12-18T10:02:08Z,-38.28,0.0,176.25,0.0,5.0,0.0,ML,,,,2.3,0.1,4
1217342,1997-12-18T10:03:43Z,-38.27,0.0,176.28,0.0,5.0,0.0,ML,,,,2.0,0.1,4
1217343,1997-12-18T10:04:43Z,-38.31,0.0,176.13,0.1,5.0,0.0,ML,,,,2.1,0.1,4
1216479,1997-12-18T10:07:06Z,-38.29,0.0,176.22,0.0,5.0,0.0,ML,,,,2.4,0.2,5
1217344,1997-12-18T10:19:08Z,-38.27,0.0,176.27,0.0,5.0,0.0,ML,,,,2.2,0.1,4
1217345,1997-12-18T10:20:55Z,-38.29,0.0,176.29,0.0,5.0,0.0,ML,,,,2.2,0.1,4
1217346,1997-12-18T10:36:48Z,-38.28,0.0,176.28,0.0,5.0,0.0,ML,,,,2.3,0.3,5
1216480,1997-12-18T10:39:07Z,-38.29,0.0,176.29,0.0,8.0,2.0,ML,,,,2.6,0.3,4
1217347,1997-12-18T10:40:55Z,-38.29,0.0,176.29,0.0,5.0,0.0,ML,,,,2.2,0.2,4
1217348,1997-12-18T10:52:07Z,-38.32,0.0,176.17,0.0,5.0,0.0,ML,,,,2.0,0.1,3
1217349,1997-12-18T11:17:27Z,-38.3,0.0,176.24,0.0,5.0,0.0,ML,,,,1.9,0.1,4
1217350,1997-12-18T11:22:45Z,-38.27,0.0,176.29,0.0,5.0,0.0,ML,,,,2.3,0.2,4
1217209,1997-12-18T12:30:07Z,-39.2,0.0,175.49,0.0,12.0,0.0,ML,,,,2.0,0.1,2
1216201,1997-12-18T13:10:27Z,-38.28,0.0,176.27,0.0,5.0,0.0,ML,,,,3.0,0.4,8
1217352,1997-12-18T13:22:49Z,-38.28,0.0,176.25,0.0,5.0,0.0,ML,,,,2.0,0.1,3
1217210,1997-12-18T13:24:19Z,-38.31,0.0,176.18,0.0,5.0,0.0,ML,,,,1.9,0.1,4
1217353,1997-12-18T13:56:00Z,-38.27,0.0,176.28,0.0,8.0,1.0,ML,,,,2.5,0.2,5
1216202,1997-12-18T14:00:57Z,-37.62,0.0,179.42,0.0,33.0,0.0,ML,,,,3.8,0.3,7
1216866,1997-12-18T14:03:30Z,-38.32,0.0,176.12,0.0,5.0,0.0,ML,,,,2.3,0.0,4
1216067,1997-12-18T14:05:58Z,-40.15,0.0,174.9,0.0,5.0,0.0,ML,,,,2.7,0.4,7
1224582,1997-12-18T14:06:03Z,-39.13,0.0,175.66,0.0,5.0,0.0,ML,,,,2.2,0.1,3
1217354,1997-12-18T14:26:38Z,-38.29,0.0,176.28,0.0,5.0,0.0,ML,,,,1.8,0.1,4
1216489,1997-12-18T15:27:50Z,-38.29,0.0,176.26,0.0,5.0,0.0,ML,,,,1.8,0.1,4
1216068,1997-12-18T15:47:34Z,-39.7,0.0,174.28,0.0,195.0,3.0,ML,,,,3.6,0.4,12
1217355,1997-12-18T16:28:27Z,-38.29,0.0,176.28,0.0,5.0,0.0,ML,,,,1.9,0.1,4
1217356,1997-12-18T17:29:58Z,-38.28,0.0,176.3,0.0,5.0,0.0,ML,,,,2.3,0.2,4
1224583,1997-12-18T17:30:05Z,-38.29,0.0,176.24,0.0,5.0,0.0,ML,,,,2.6,0.3,4
1216138,1997-12-18T17:54:19Z,-44.63,0.1,168.17,0.1,79.0,9.0,ML,,,,2.6,0.6,2
1216069,1997-12-18T18:00:22Z,-39.79,0.0,174.56,0.0,12.0,0.0,ML,,,,2.8,0.2,8
1216070,1997-12-18T18:55:21Z,-40.16,0.0,174.89,0.0,23.0,2.0,ML,,,,3.0,0.3,10
1217212,1997-12-18T19:15:27Z,-39.48,0.0,175.72,0.0,19.0,2.0,ML,,,,2.4,0.2,3
1217357,1997-12-18T19:35:05Z,-38.29,0.0,176.28,0.0,5.0,0.0,ML,,,,2.4,0.2,4
1216203,1997-12-18T20:25:03Z,-38.81,0.0,176.08,0.0,74.0,4.0,ML,,,,3.2,0.1,3
1224584,1997-12-18T20:33:38Z,-38.3,0.0,176.26,0.0,5.0,0.0,ML,,,,2.2,0.1,4
1217358,1997-12-18T20:39:48Z,-38.3,0.0,176.28,0.0,5.0,0.0,ML,,,,2.0,0.2,4
1216071,1997-12-18T20:55:27Z,-40.16,0.0,176.66,0.0,12.0,0.0,ML,,,,2.7,0.1,3
1217213,1997-12-18T22:19:10Z,-39.28,0.0,175.56,0.0,0.0,0.0,ML,,,,2.0,0.0,4
1216072,1997-12-18T22:21:19Z,-39.57,0.0,177.42,0.0,20.0,1.0,ML,,,,3.9,0.4,25
1214246,1997-12-18T23:52:22Z,-45.14,0.0,167.55,0.0,121.0,2.0,ML,,,,3.3,0.3,5
1214248,1997-12-18T23:58:55Z,-40.18,0.0,174.15,0.0,85.0,5.0,ML,,,,3.3,0.4,10
1214253,1997-12-19T00:23:41Z,-42.21,0.0,172.97,0.0,5.0,0.0,ML,,,,2.5,0.1,3
1216268,1997-12-19T01:06:13Z,-38.32,0.0,176.24,0.0,12.0,0.0,ML,,,,2.1,0.1,3
1217359,1997-12-19T01:07:13Z,-38.29,0.0,176.3,0.0,5.0,0.0,ML,,,,2.6,0.2,4
1217360,1997-12-19T01:07:55Z,-38.28,0.0,176.26,0.0,5.0,0.0,ML,,,,2.6,0.1,4
1214267,1997-12-19T01:44:32Z,-44.42,0.0,168.01,0.0,5.0,0.0,ML,,,,2.6,0.4,5
1212266,1997-12-19T01:46:05Z,-39.23,0.0,175.78,0.0,12.0,0.0,ML,,,,2.0,0.0,3
1224586,1997-12-19T01:46:11Z,-39.24,0.0,175.7,0.0,12.0,0.0,ML,,,,2.0,0.1,3
1217361,1997-12-19T01:52:22Z,-38.29,0.0,176.29,0.0,5.0,0.0,ML,,,,2.6,0.2,4
1217362,1997-12-19T01:53:47Z,-38.3,0.0,176.29,0.0,12.0,0.0,ML,,,,3.1,0.1,4
1214268,1997-12-19T01:59:48Z,-42.21,0.0,172.96,0.0,5.0,0.0,ML,,,,2.0,0.2,2
1216139,1997-12-19T02:12:01Z,-45.49,0.0,167.2,0.0,103.0,2.0,ML,,,,3.7,0.2,4
1216074,1997-12-19T02:41:51Z,-39.97,0.0,174.13,0.1,215.0,6.0,ML,,,,3.2,0.3,4
1214282,1997-12-19T03:24:53Z,-38.28,0.0,176.3,0.0,5.0,0.0,ML,,,,2.8,0.3,5
1214283,1997-12-19T03:26:33Z,-38.3,0.0,176.23,0.0,5.0,0.0,ML,,,,2.5,0.1,4
1216076,1997-12-19T03:50:45Z,-39.25,0.0,175.46,0.0,11.0,2.0,ML,,,,3.0,0.3,12
1217364,1997-12-19T04:02:11Z,-38.29,0.0,176.29,0.0,5.0,0.0,ML,,,,2.9,0.1,4
1224636,1997-12-19T04:02:45Z,-38.28,0.0,176.29,0.0,7.0,2.0,ML,,,,3.2,0.5,6
1224637,1997-12-19T04:03:07Z,-38.37,0.1,176.36,0.1,5.0,0.0,ML,,,,3.1,0.2,3
1224638,1997-12-19T04:03:37Z,-38.3,0.0,176.27,0.0,12.0,0.0,ML,,,,3.0,0.2,3
1214288,1997-12-19T04:05:31Z,-38.28,0.0,176.3,0.0,5.0,0.0,ML,,,,2.6,0.2,4
1224639,1997-12-19T04:05:36Z,-38.31,0.0,176.29,0.0,5.0,0.0,ML,,,,2.8,0.2,4
1224640,1997-12-19T04:06:19Z,-38.29,0.0,176.27,0.0,5.0,0.0,ML,,,,2.0,0.1,4
1216269,1997-12-19T04:28:56Z,-38.29,0.0,176.29,0.0,5.0,0.0,ML,,,,2.8,0.1,4
1214294,1997-12-19T04:45:29Z,-44.94,0.0,167.64,0.0,78.0,2.0,ML,,,,3.0,0.2,4
1216140,1997-12-19T04:58:18Z,-48.55,0.0,165.94,0.1,12.0,0.0,ML,,,,3.5,0.3,5
1224641,1997-12-19T04:59:18Z,-38.32,0.1,175.51,0.1,159.0,16.0,ML,,,,3.3,0.2,4
1216078,1997-12-19T05:56:07Z,-38.23,0.0,176.26,0.0,235.0,6.0,ML,,,,3.7,0.2,9
1216873,1997-12-19T05:59:12Z,-37.14,0.1,177.53,0.0,68.0,8.0,ML,,,,4.0,0.2,11
1216080,1997-12-19T06:46:20Z,-41.01,0.0,175.42,0.0,21.0,2.0,ML,,,,2.7,0.2,7
1216081,1997-12-19T09:27:04Z,-41.53,0.0,173.78,0.0,54.0,2.0,ML,,,,2.7,0.2,9
1217365,1997-12-19T09:39:22Z,-38.29,0.0,176.29,0.0,8.0,1.0,ML,,,,2.6,0.2,4
1217366,1997-12-19T10:30:50Z,-38.3,0.0,176.29,0.0,5.0,0.0,ML,,,,2.0,0.2,4
1217367,1997-12-19T11:45:05Z,-38.27,0.0,176.29,0.0,5.0,0.0,ML,,,,2.4,0.2,5
1216082,1997-12-19T11:50:50Z,-41.41,0.0,174.19,0.0,35.0,7.0,ML,,,,2.1,0.2,5
1214305,1997-12-19T12:47:20Z,-38.29,0.0,176.27,0.0,5.0,0.0,ML,,,,2.5,0.2,4
1216083,1997-12-19T13:33:35Z,-38.11,0.1,175.68,0.3,176.0,28.0,ML,,,,3.6,0.4,9
1216084,1997-12-19T13:47:11Z,-41.35,0.0,174.72,0.0,10.0,1.0,ML,,,,1.9,0.1,8
1216085,1997-12-19T14:43:05Z,-41.39,0.0,174.46,0.0,28.0,2.0,ML,,,,1.6,0.2,6
1217368,1997-12-19T14:59:50Z,-38.29,0.0,176.29,0.0,5.0,0.0,ML,,,,1.8,0.1,3
1224643,1997-12-19T15:00:15Z,-38.31,0.0,176.26,0.0,5.0,0.0,ML,,,,1.9,0.2,3
1217369,1997-12-19T16:50:45Z,-38.31,0.0,176.27,0.0,5.0,0.0,ML,,,,1.9,0.1,4
1216208,1997-12-19T16:51:57Z,-39.48,0.0,177.25,0.1,33.0,0.0,ML,,,,3.0,0.2,6
1216087,1997-12-19T16:54:28Z,-40.32,0.0,174.63,0.0,62.0,0.0,ML,,,,2.1,0.1,3
1212269,1997-12-19T17:21:15Z,-38.56,0.0,175.8,0.0,162.0,4.0,ML,,,,5.2,0.4,15
1214310,1997-12-19T17:43:02Z,-40.79,0.0,176.8,0.0,12.0,0.0,ML,,,,2.6,0.2,6
1217370,1997-12-19T18:13:22Z,-38.26,0.0,176.32,0.0,5.0,0.0,ML,,,,2.4,0.1,4
1217371,1997-12-19T18:16:55Z,-38.29,0.0,176.26,0.0,5.0,0.0,ML,,,,2.2,0.2,4
1217372,1997-12-19T18:18:03Z,-38.29,0.0,176.25,0.0,5.0,0.0,ML,,,,2.2,0.2,4
1216088,1997-12-19T18:26:59Z,-41.1,0.0,173.9,0.0,53.0,4.0,ML,,,,1.9,0.2,5
1217373,1997-12-19T18:31:34Z,-38.31,0.0,176.32,0.0,5.0,0.0,ML,,,,2.1,0.1,4
1216141,1997-12-19T19:39:23Z,-44.84,0.0,167.36,0.1,12.0,0.0,ML,,,,2.4,0.0,2
1216090,1997-12-19T20:53:27Z,-40.71,0.0,176.9,0.0,33.0,0.0,ML,,,,3.4,0.2,14
1217841,1997-12-19T21:01:40Z,-40.73,0.0,176.83,0.0,12.0,0.0,ML,,,,3.2,0.2,12
1216209,1997-12-19T21:04:59Z,-40.71,0.0,176.87,0.0,33.0,0.0,ML,,,,3.1,0.2,11
1217844,1997-12-19T22:02:14Z,-40.4,0.0,174.6,0.0,81.0,2.0,ML,,,,3.0,0.3,8
1217215,1997-12-19T22:21:36Z,-39.56,0.0,175.64,0.0,12.0,0.0,ML,,,,2.2,0.3,3
1216211,1997-12-19T23:13:40Z,-39.74,0.0,177.09,0.0,32.0,0.0,ML,,,,2.5,0.2,3
1218264,1997-12-19T23:54:18Z,-41.72,0.0,174.57,0.0,32.0,3.0,ML,,,,2.4,0.3,8
1217377,1997-12-20T02:59:11Z,-38.29,0.0,176.31,0.0,5.0,0.0,ML,,,,2.5,0.1,3
1217381,1997-12-20T04:24:29Z,-38.27,0.0,176.28,0.0,12.0,0.0,ML,,,,2.3,0.1,3
1216212,1997-12-20T05:44:24Z,-39.82,0.0,177.09,0.0,42.0,3.0,ML,,,,3.8,0.2,14
1217218,1997-12-20T06:05:20Z,-39.34,0.0,175.84,0.0,12.0,0.0,ML,,,,2.5,0.1,3
1224648,1997-12-20T06:05:28Z,-39.31,0.0,175.79,0.0,12.0,0.0,ML,,,,2.2,0.1,3
1217219,1997-12-20T07:37:43Z,-39.13,0.0,175.36,0.0,5.0,0.0,ML,,,,2.3,0.1,2
1217383,1997-12-20T08:39:07Z,-38.04,0.0,176.83,0.0,5.0,0.0,ML,,,,2.8,0.1,4
1217853,1997-12-20T08:44:25Z,-40.75,0.0,176.93,0.0,33.0,0.0,ML,,,,3.1,0.2,10
1216214,1997-12-20T09:14:53Z,-40.73,0.0,176.81,0.0,23.0,3.0,ML,,,,3.4,0.3,10
1218265,1997-12-20T09:33:30Z,-41.29,0.0,175.12,0.0,27.0,1.0,ML,,,,2.1,0.2,6
1215321,1997-12-20T14:22:12Z,-41.58,0.0,172.19,0.0,12.0,0.0,ML,,,,2.9,0.1,3
1216216,1997-12-20T14:24:41Z,-38.89,0.0,177.67,0.0,66.0,7.0,ML,,,,3.4,0.2,5
1216217,1997-12-20T15:47:09Z,-37.15,0.4,176.48,0.5,245.0,48.0,ML,,,,3.7,0.3,12
1217556,1997-12-20T16:42:48Z,-41.31,0.0,174.88,0.0,37.0,1.0,ML,,,,2.4,0.2,9
1217860,1997-12-20T17:54:42Z,-40.49,0.0,176.05,0.0,55.0,2.0,ML,,,,2.5,0.2,8
1216162,1997-12-20T20:14:48Z,-41.15,0.0,174.98,0.0,33.0,1.0,ML,,,,3.4,0.3,10
1217239,1997-12-20T21:04:48Z,-39.34,0.0,175.74,0.0,12.0,0.0,ML,,,,2.5,0.2,3
1216220,1997-12-20T21:13:47Z,-37.39,0.1,177.52,0.1,152.0,14.0,ML,,,,3.6,0.1,5
1216285,1997-12-20T21:18:40Z,-40.04,0.1,173.91,0.0,155.0,4.0,ML,,,,3.4,0.2,11
1212280,1997-12-20T23:25:41Z,-41.78,0.0,172.6,0.0,90.0,1.0,ML,,,,3.7,0.3,11
1216142,1997-12-20T23:57:01Z,-45.15,0.0,167.48,0.0,69.0,3.0,ML,,,,2.7,0.6,4
1217240,1997-12-21T01:15:34Z,-39.56,0.0,175.71,0.0,5.0,0.0,ML,,,,2.8,0.3,3
1212281,1997-12-21T01:53:18Z,-42.91,0.0,171.35,0.0,12.0,0.0,ML,,,,2.4,0.0,3
1216143,1997-12-21T03:56:32Z,-45.17,0.1,167.51,0.1,112.0,5.0,ML,,,,2.7,0.2,3
1216762,1997-12-21T07:38:22Z,-45.2,0.0,167.44,0.0,46.0,7.0,ML,,,,2.5,0.5,2
1216291,1997-12-21T08:05:53Z,-41.19,0.0,172.6,0.0,5.0,0.0,ML,,,,3.2,0.2,12
1216292,1997-12-21T08:57:16Z,-42.22,0.0,172.98,0.0,12.0,0.0,ML,,,,3.4,0.5,4
1216144,1997-12-21T09:02:01Z,-44.99,0.0,167.58,0.0,58.0,3.0,ML,,,,2.6,0.2,3
1217560,1997-12-21T10:26:45Z,-41.29,0.0,175.2,0.0,22.0,1.0,ML,,,,2.6,0.2,11
1216221,1997-12-21T10:39:40Z,-38.73,0.0,175.84,0.1,113.0,12.0,ML,,,,3.3,0.3,9
1216294,1997-12-21T11:56:39Z,-39.15,0.0,175.93,0.0,12.0,0.0,ML,,,,1.9,0.1,2
1216145,1997-12-21T12:10:19Z,-45.4,0.0,166.91,0.1,57.0,9.0,ML,,,,2.5,0.1,3
1212283,1997-12-21T13:11:10Z,-44.6,0.0,168.38,0.0,5.0,0.0,ML,,,,3.2,0.2,6
1216163,1997-12-21T13:14:26Z,-40.16,0.0,174.89,0.0,22.0,2.0,ML,,,,2.6,0.3,13
1216822,1997-12-21T13:18:16Z,-39.14,0.0,175.42,0.0,9.0,2.0,ML,,,,2.5,0.3,5
1216146,1997-12-21T13:40:13Z,-44.58,0.0,168.37,0.0,5.0,0.0,ML,,,,2.6,0.3,4
1217242,1997-12-21T14:36:26Z,-38.99,0.0,175.78,0.0,5.0,0.0,ML,,,,1.4,0.2,2
1216147,1997-12-21T14:38:43Z,-44.49,0.1,168.2,0.1,31.0,6.0,ML,,,,2.1,0.3,2
1216148,1997-12-21T15:03:13Z,-44.83,0.0,167.29,0.1,5.0,0.0,ML,,,,3.0,0.2,3
1216222,1997-12-21T15:12:18Z,-40.01,0.0,177.02,0.0,26.0,2.0,ML,,,,2.9,0.3,16
1216223,1997-12-21T15:28:29Z,-39.35,0.0,175.8,0.0,14.0,1.0,ML,,,,2.8,0.3,6
1217019,1997-12-21T15:30:58Z,-35.16,0.1,177.32,0.1,150.0,0.0,ML,,,,4.1,0.3,3
1216149,1997-12-21T16:01:12Z,-44.78,0.0,167.99,0.1,99.0,6.0,ML,,,,2.4,0.2,3
1216150,1997-12-21T16:42:38Z,-44.58,0.0,168.32,0.0,12.0,0.0,ML,,,,2.3,0.1,3
1216296,1997-12-21T17:03:40Z,-42.44,0.0,173.04,0.0,57.0,5.0,ML,,,,2.2,nan,1
1212284,1997-12-21T17:11:37Z,-42.24,0.0,172.97,0.0,12.0,0.0,ML,,,,4.0,0.3,7
1216224,1997-12-21T17:22:17Z,-39.26,0.0,176.18,0.0,77.0,1.0,ML,,,,3.2,0.2,2
1216823,1997-12-21T17:33:32Z,-39.14,0.0,175.14,0.0,31.0,2.0,ML,,,,2.5,0.3,4
1217243,1997-12-21T17:47:21Z,-39.16,0.0,175.22,0.0,12.0,0.0,ML,,,,2.1,0.1,3
1218274,1997-12-21T18:12:26Z,-41.76,0.0,175.0,0.0,34.0,1.0,ML,,,,1.8,0.2,5
1212285,1997-12-21T18:23:05Z,-39.08,0.0,174.85,0.0,201.0,4.0,ML,,,,4.5,0.3,18
1216152,1997-12-21T20:27:00Z,-45.1,0.0,167.58,0.0,123.0,3.0,ML,,,,3.2,0.4,4
1212286,1997-12-21T21:22:52Z,-42.95,0.0,171.38,0.0,12.0,0.0,ML,,,,2.7,0.1,3
1216550,1997-12-21T22:33:05Z,-39.6,0.0,175.49,0.0,12.0,0.0,ML,,,,2.1,0.2,2
1216226,1997-12-21T23:50:28Z,-39.85,0.0,176.96,0.0,33.0,3.0,ML,,,,3.1,0.3,8
1216153,1997-12-22T00:23:55Z,-44.56,0.0,168.39,0.0,5.0,0.0,ML,,,,2.5,0.1,3
1216227,1997-12-22T00:59:00Z,-38.43,0.0,178.71,0.1,12.0,0.0,ML,,,,3.4,0.2,10
1216937,1997-12-22T01:27:29Z,-38.29,0.0,176.24,0.0,5.0,0.0,ML,,,,2.2,0.0,4
1219765,1997-12-22T01:29:03Z,-39.31,0.0,175.79,0.0,12.0,0.0,ML,,,,2.3,0.2,3
1217869,1997-12-22T01:54:45Z,-40.87,0.1,176.65,0.0,22.0,6.0,ML,,,,2.6,0.2,3
1216154,1997-12-22T02:24:10Z,-45.77,0.0,168.31,0.0,33.0,0.0,ML,,,,1.8,0.3,4
1212289,1997-12-22T02:42:45Z,-43.96,0.0,169.57,0.0,5.0,0.0,ML,,,,3.8,0.2,5
1216902,1997-12-22T03:54:58Z,-39.68,0.2,174.61,0.1,146.0,20.0,ML,,,,2.9,0.3,7
1216228,1997-12-22T03:56:58Z,-38.71,0.0,177.19,0.0,45.0,3.0,ML,,,,3.0,0.3,5
1216165,1997-12-22T04:18:27Z,-40.64,0.0,176.92,0.0,30.0,3.0,ML,,,,3.2,0.3,13
1217561,1997-12-22T04:54:00Z,-41.64,0.0,174.65,0.0,30.0,1.0,ML,,,,2.4,0.2,9
1216768,1997-12-22T05:11:14Z,-45.84,0.0,167.17,0.0,90.0,4.0,ML,,,,2.9,0.3,4
1216229,1997-12-22T06:50:43Z,-39.84,0.0,176.9,0.0,38.0,5.0,ML,,,,2.9,0.2,9
1219768,1997-12-22T10:01:20Z,-39.33,0.0,175.74,0.0,15.0,0.0,ML,,,,2.2,0.2,3
1219769,1997-12-22T10:12:57Z,-39.32,0.0,175.77,0.0,14.0,0.0,ML,,,,2.1,0.2,3
1216772,1997-12-22T10:25:19Z,-45.2,0.0,167.38,0.1,94.0,4.0,ML,,,,2.4,0.3,4
1217158,1997-12-22T12:27:43Z,-39.85,0.0,174.35,0.0,115.0,6.0,ML,,,,3.0,0.3,7
1216305,1997-12-22T13:20:35Z,-42.51,0.0,172.82,0.0,5.0,0.0,ML,,,,2.0,0.1,4
1216167,1997-12-22T13:50:48Z,-39.17,0.0,175.19,0.0,25.0,1.0,ML,,,,2.9,0.2,7
1216168,1997-12-22T14:20:22Z,-38.91,0.0,175.35,0.0,122.0,4.0,ML,,,,3.6,0.3,18
1216169,1997-12-22T15:29:41Z,-40.28,0.0,174.43,0.0,66.0,2.0,ML,,,,3.3,0.3,14
1216593,1997-12-22T17:23:41Z,-39.31,0.0,175.74,0.0,15.0,0.0,ML,,,,1.7,0.2,3
1219770,1997-12-22T17:28:28Z,-39.22,0.0,175.44,0.0,12.0,0.0,ML,,,,2.1,0.0,2
1224691,1997-12-22T17:28:46Z,-39.32,0.0,175.74,0.0,15.0,0.0,ML,,,,2.0,0.2,3
1216170,1997-12-22T17:45:03Z,-39.85,0.0,174.08,0.0,120.0,8.0,ML,,,,2.8,0.2,6
1216596,1997-12-22T17:49:18Z,-40.61,0.0,174.57,0.0,48.0,3.0,ML,,,,2.1,0.1,4
1216774,1997-12-22T17:56:19Z,-45.17,0.0,167.57,0.0,122.0,3.0,ML,,,,3.6,0.3,5
1216230,1997-12-22T19:54:19Z,-38.43,0.0,175.92,0.1,188.0,5.0,ML,,,,3.4,0.0,2
1212295,1997-12-22T21:57:31Z,-42.99,0.0,171.5,0.0,5.0,0.0,ML,,,,2.8,0.2,3
1216171,1997-12-22T22:23:40Z,-38.5,0.0,175.83,0.0,165.0,3.0,ML,,,,4.8,0.3,4
1212296,1997-12-22T23:07:55Z,-44.58,0.0,168.39,0.0,5.0,0.0,ML,,,,3.7,0.1,5
1219972,1997-12-23T00:27:32Z,-41.01,0.0,174.89,0.0,25.0,1.0,ML,,,,1.6,0.3,4
1220305,1997-12-23T00:57:58Z,-38.34,0.0,176.47,0.0,5.0,0.0,ML,,,,2.0,0.0,3
1217074,1997-12-23T01:43:55Z,-44.59,0.0,168.38,0.0,5.0,0.0,ML,,,,2.7,0.1,3
1216628,1997-12-23T02:23:18Z,-37.92,0.0,177.73,0.0,33.0,0.0,ML,,,,3.7,0.2,11
1212297,1997-12-23T02:51:15Z,-42.99,0.0,171.35,0.0,12.0,0.0,ML,,,,2.3,0.1,3
1218865,1997-12-23T03:27:07Z,-39.02,0.0,175.75,0.0,5.0,0.0,ML,,,,2.7,0.2,7
1216632,1997-12-23T03:46:55Z,-39.34,0.0,175.82,0.0,12.0,0.0,ML,,,,2.3,0.2,3
1219773,1997-12-23T03:48:05Z,-39.02,0.0,175.77,0.0,5.0,0.0,ML,,,,2.2,0.1,4
1219002,1997-12-23T04:00:54Z,-39.39,0.0,176.51,0.0,65.0,10.0,ML,,,,3.5,0.1,3
1219774,1997-12-23T04:10:56Z,-39.01,0.0,175.74,0.0,5.0,0.0,ML,,,,1.9,0.0,3
1219004,1997-12-23T05:45:46Z,-40.12,0.0,176.51,0.1,33.0,0.0,ML,,,,3.1,0.2,6
1216173,1997-12-23T06:38:52Z,-39.82,0.0,174.6,0.0,13.0,6.0,ML,,,,3.1,0.4,15
1212300,1997-12-23T10:17:21Z,-42.93,0.0,171.97,0.0,12.0,0.0,ML,,,,2.7,0.2,3
1219006,1997-12-23T11:23:03Z,-39.25,0.0,175.74,0.0,103.0,1.0,ML,,,,3.0,0.1,2
1216327,1997-12-23T12:13:53Z,-41.24,0.0,172.8,0.0,171.0,3.0,ML,,,,3.2,0.2,10
1216174,1997-12-23T15:14:28Z,-41.05,0.0,174.99,0.0,41.0,2.0,ML,,,,2.8,0.3,10
1220440,1997-12-23T15:36:51Z,-40.75,0.0,175.05,0.0,39.0,2.0,ML,,,,2.6,0.3,6
1220441,1997-12-23T15:41:55Z,-40.5,0.1,174.05,0.1,88.0,6.0,ML,,,,2.5,0.2,4
1219775,1997-12-23T18:06:15Z,-39.21,0.0,175.48,0.0,12.0,1.0,ML,,,,2.5,0.3,3
1220306,1997-12-23T18:13:46Z,-38.28,0.0,176.27,0.0,5.0,0.0,ML,,,,2.5,0.1,4
1219776,1997-12-23T18:33:09Z,-39.0,0.0,175.79,0.0,5.0,0.0,ML,,,,1.5,nan,1
1219777,1997-12-23T18:33:44Z,-38.99,0.0,175.76,0.0,5.0,0.0,ML,,,,2.1,0.2,3
1219778,1997-12-23T19:06:26Z,-39.0,0.0,175.78,0.0,5.0,0.0,ML,,,,1.5,0.0,2
1219779,1997-12-23T21:19:38Z,-39.18,0.1,175.02,0.0,12.0,0.0,ML,,,,2.7,0.1,2
1217076,1997-12-23T22:20:44Z,-44.93,0.0,167.36,0.0,15.0,2.0,ML,,,,3.1,0.2,5
1220828,1997-12-23T23:15:25Z,-40.85,0.0,174.7,0.0,54.0,1.0,ML,,,,2.8,0.2,7
1220309,1997-12-23T23:59:23Z,-38.29,0.0,176.29,0.0,5.0,0.0,ML,,,,2.3,0.1,4
1220829,1997-12-24T00:01:38Z,-41.42,0.0,174.98,0.0,40.0,1.0,ML,,,,2.5,0.2,8
1217979,1997-12-24T00:05:40Z,-38.18,0.0,178.85,0.0,12.0,0.0,ML,,,,2.9,0.3,3
1212302,1997-12-24T01:14:33Z,-36.94,0.1,176.91,0.0,242.0,5.0,ML,,,,5.0,0.3,5
1216696,1997-12-24T05:55:36Z,-39.24,0.0,173.88,0.0,21.0,1.0,ML,,,,2.1,0.3,5
1217987,1997-12-24T06:22:58Z,-41.31,0.0,174.09,0.0,68.0,2.0,ML,,,,2.4,0.1,4
1212304,1997-12-24T08:29:00Z,-45.39,0.0,168.79,0.0,5.0,0.0,ML,,,,3.0,0.2,6
1217083,1997-12-24T10:36:01Z,-45.12,0.0,167.49,0.0,114.0,2.0,ML,,,,3.5,0.2,5
1216175,1997-12-24T12:42:49Z,-37.97,0.0,179.26,0.0,12.0,0.0,ML,,,,4.3,0.2,32
1218870,1997-12-24T12:53:39Z,-45.44,0.1,166.77,0.1,5.0,0.0,ML,,,,2.6,0.3,5
1212305,1997-12-24T12:57:50Z,-43.16,0.1,171.02,0.1,5.0,0.0,ML,,,,2.3,0.1,2
1216176,1997-12-24T13:35:00Z,-38.56,0.0,175.63,0.0,194.0,7.0,ML,,,,3.7,0.2,12
1218871,1997-12-24T18:40:51Z,-45.32,0.1,167.42,0.1,105.0,7.0,ML,,,,2.4,0.2,3
1219093,1997-12-24T20:42:11Z,-41.65,0.0,174.34,0.0,20.0,2.0,ML,,,,2.5,0.2,7
1219096,1997-12-24T21:47:20Z,-40.29,0.0,173.72,0.0,156.0,3.0,ML,,,,3.3,0.1,5
1219098,1997-12-24T23:31:38Z,-41.41,0.0,172.5,0.0,122.0,3.0,ML,,,,2.7,nan,1
1218880,1997-12-25T01:49:25Z,-39.54,0.0,175.67,0.1,12.0,0.0,ML,,,,2.4,0.2,3
1219119,1997-12-25T05:31:17Z,-41.79,0.0,173.94,0.0,29.0,1.0,ML,,,,2.6,0.1,5
1218014,1997-12-25T06:10:37Z,-38.46,0.0,178.74,0.0,12.0,0.0,ML,,,,2.9,0.1,3
1218015,1997-12-25T06:44:29Z,-37.77,0.0,179.66,0.0,12.0,0.0,ML,,,,3.3,0.4,3
1219014,1997-12-25T15:23:55Z,-40.27,0.0,176.53,0.1,12.0,0.0,ML,,,,2.9,0.4,6
1219873,1997-12-25T16:38:33Z,-40.49,0.0,174.57,0.0,31.0,1.0,ML,,,,2.0,0.1,4
1218028,1997-12-25T17:05:37Z,-38.54,0.0,178.43,0.0,25.0,1.0,ML,,,,2.8,0.1,3
1219879,1997-12-25T17:15:49Z,-40.27,0.0,174.83,0.0,5.0,0.0,ML,,,,2.6,0.1,4
1217088,1997-12-25T17:41:23Z,-44.24,0.0,168.7,0.0,5.0,0.0,ML,,,,2.4,0.1,2
1219796,1997-12-25T18:46:54Z,-39.13,0.0,175.44,0.0,5.0,0.0,ML,,,,1.6,0.1,2
1219016,1997-12-25T18:53:11Z,-38.1,0.0,176.62,0.0,211.0,3.0,ML,,,,3.6,0.2,9
1220837,1997-12-25T22:48:06Z,-40.39,0.0,173.54,0.0,184.0,4.0,ML,,,,2.9,0.2,6
1212312,1997-12-25T23:36:30Z,-45.35,0.0,167.15,0.1,65.0,5.0,ML,,,,3.3,0.3,5
1219598,1997-12-25T23:39:53Z,-39.31,0.0,175.74,0.0,14.0,2.0,ML,,,,2.7,0.2,3
1219639,1997-12-26T01:09:39Z,-38.29,0.0,176.25,0.0,5.0,0.0,ML,,,,2.1,0.2,4
1220838,1997-12-26T01:54:27Z,-41.31,0.0,176.04,0.0,32.0,1.0,ML,,,,2.0,0.2,6
1212313,1997-12-26T04:24:19Z,-42.47,0.0,172.8,0.0,5.0,0.0,ML,,,,2.9,0.1,4
1219800,1997-12-26T04:56:40Z,-40.56,0.0,174.3,0.0,12.0,0.0,ML,,,,2.9,0.3,12
1220531,1997-12-26T05:09:34Z,-40.89,0.0,175.79,0.0,29.0,2.0,ML,,,,2.4,0.2,9
1220207,1997-12-26T05:09:50Z,-38.36,0.0,176.21,0.0,9.0,4.0,ML,,,,2.5,0.3,5
1220316,1997-12-26T05:11:40Z,-38.28,0.0,176.26,0.0,5.0,0.0,ML,,,,1.9,0.1,4
1219713,1997-12-26T05:28:32Z,-40.79,0.0,174.77,0.0,5.0,0.0,ML,,,,2.5,0.2,9
1218036,1997-12-26T05:53:16Z,-37.14,0.0,177.19,0.0,12.0,0.0,ML,,,,3.2,0.2,3
1220840,1997-12-26T06:17:49Z,-40.81,0.0,174.75,0.0,5.0,0.0,ML,,,,2.1,0.2,7
1217099,1997-12-26T07:45:02Z,-44.7,0.0,168.0,0.0,91.0,4.0,ML,,,,3.3,0.2,3
1217172,1997-12-26T08:01:45Z,-41.25,0.0,172.79,0.0,153.0,3.0,ML,,,,2.9,0.2,7
1219746,1997-12-26T08:58:06Z,-40.95,0.0,174.73,0.0,32.0,1.0,ML,,,,2.9,0.3,15
1220533,1997-12-26T09:21:02Z,-40.77,0.0,174.8,0.0,5.0,0.0,ML,,,,2.3,0.2,10
1219747,1997-12-26T10:02:32Z,-40.79,0.0,174.76,0.0,5.0,0.0,ML,,,,2.9,0.3,15
1219195,1997-12-26T10:37:01Z,-40.91,0.0,175.49,0.0,24.0,1.0,ML,,,,2.2,0.1,8
1219802,1997-12-26T10:39:09Z,-39.58,0.0,175.66,0.0,12.0,0.0,ML,,,,1.9,0.3,3
1220844,1997-12-26T11:41:46Z,-40.23,0.0,174.85,0.0,5.0,0.0,ML,,,,2.2,0.2,6
1220845,1997-12-26T12:58:49Z,-40.95,0.0,174.72,0.0,34.0,1.0,ML,,,,2.5,0.1,6
1218046,1997-12-26T13:39:58Z,-38.73,0.0,177.39,0.0,53.0,10.0,ML,,,,3.4,0.4,7
1219576,1997-12-26T13:41:45Z,-38.77,0.0,177.37,0.0,33.0,0.0,ML,,,,3.0,0.3,7
1220538,1997-12-26T13:43:02Z,-40.67,0.0,175.1,0.0,5.0,0.0,ML,,,,2.1,0.2,8
1219748,1997-12-26T14:32:16Z,-41.09,0.0,174.24,0.0,51.0,1.0,ML,,,,2.5,0.3,9
1219803,1997-12-26T15:21:25Z,-39.2,0.1,175.44,0.1,12.0,0.0,ML,,,,1.4,0.1,2
1218047,1997-12-26T16:04:22Z,-38.36,0.0,178.63,0.0,12.0,0.0,ML,,,,3.1,0.0,3
1219804,1997-12-26T16:11:58Z,-39.34,0.0,175.51,0.0,5.0,0.0,ML,,,,1.6,0.2,3
1220317,1997-12-26T16:22:03Z,-38.35,0.0,176.28,0.0,5.0,0.0,ML,,,,2.2,0.1,3
1219915,1997-12-26T16:49:25Z,-38.28,0.0,176.28,0.0,5.0,0.0,ML,,,,2.6,0.3,4
1219916,1997-12-26T17:01:33Z,-38.33,0.0,176.12,0.0,5.0,0.0,ML,,,,2.2,0.1,4
1219805,1997-12-26T17:11:29Z,-39.28,0.0,175.56,0.0,0.0,0.0,ML,,,,1.4,0.3,4
1220318,1997-12-26T19:15:39Z,-38.46,0.0,176.31,0.0,5.0,0.0,ML,,,,2.0,0.1,3
1217101,1997-12-26T20:15:44Z,-44.43,0.0,167.94,0.0,5.0,0.0,ML,,,,2.2,0.1,4
1220319,1997-12-26T20:48:02Z,-38.35,0.0,176.28,0.0,5.0,0.0,ML,,,,2.6,0.3,4
1220546,1997-12-26T20:51:01Z,-40.78,0.0,175.05,0.0,37.0,2.0,ML,,,,2.4,0.2,5
1220322,1997-12-26T21:18:14Z,-38.36,0.0,176.3,0.0,5.0,0.0,ML,,,,2.3,0.2,3
1218053,1997-12-26T22:37:31Z,-39.28,0.0,175.56,0.0,0.0,0.0,ML,,,,1.4,0.4,4
1217173,1997-12-27T00:48:26Z,-42.24,0.0,173.46,0.1,36.0,7.0,ML,,,,2.6,nan,1
1219135,1997-12-27T01:00:49Z,-41.47,0.0,172.58,0.0,103.0,4.0,ML,,,,2.4,nan,1
1216178,1997-12-27T01:39:05Z,-41.28,0.0,174.13,0.0,42.0,2.0,ML,,,,3.5,0.3,12
1219667,1997-12-27T01:55:00Z,-39.31,0.0,175.75,0.0,15.0,1.0,ML,,,,1.9,0.2,3
1219137,1997-12-27T01:59:00Z,-41.64,0.0,174.36,0.0,12.0,2.0,ML,,,,2.6,0.2,7
1217174,1997-12-27T03:25:02Z,-35.1,0.1,178.12,0.4,201.0,26.0,ML,,,,3.9,0.3,5
1220849,1997-12-27T03:31:25Z,-40.73,0.0,174.72,0.0,5.0,0.0,ML,,,,2.0,0.2,5
1220107,1997-12-27T03:47:56Z,-38.08,0.0,176.7,0.0,5.0,0.0,ML,,,,2.4,0.1,4
1219809,1997-12-27T04:15:01Z,-39.33,0.0,175.73,0.0,15.0,1.0,ML,,,,2.4,0.2,3
1220328,1997-12-27T04:32:07Z,-38.07,0.0,176.73,0.0,5.0,0.0,ML,,,,1.9,0.1,4
1219764,1997-12-27T04:43:46Z,-39.28,0.0,173.83,0.0,12.0,0.0,ML,,,,1.7,0.1,3
1220554,1997-12-27T05:58:44Z,-40.9,0.0,175.49,0.0,25.0,3.0,ML,,,,2.0,0.1,5
1219212,1997-12-27T06:12:15Z,-39.13,0.0,175.21,0.0,33.0,0.0,ML,,,,2.6,0.1,3
1221012,1997-12-27T07:19:53Z,-41.27,0.1,172.93,0.0,223.0,2.0,ML,,,,3.0,0.1,3
1220330,1997-12-27T07:26:49Z,-38.51,0.0,176.29,0.0,5.0,0.0,ML,,,,2.7,0.1,3
1219020,1997-12-27T09:43:22Z,-37.92,0.1,176.83,0.2,267.0,16.0,ML,,,,3.5,0.2,8
1219751,1997-12-27T10:11:59Z,-41.5,0.0,174.05,0.0,41.0,1.0,ML,,,,2.4,0.3,5
1220272,1997-12-27T12:32:23Z,-38.39,0.0,176.3,0.0,5.0,0.0,ML,,,,2.5,0.1,3
1216179,1997-12-27T14:16:10Z,-39.84,0.0,174.46,0.0,121.0,4.0,ML,,,,3.5,0.3,13
1219249,1997-12-27T14:20:49Z,-38.41,0.1,176.32,0.0,5.0,0.0,ML,,,,2.1,0.1,3
1219022,1997-12-27T14:30:43Z,-40.07,0.0,176.46,0.1,64.0,5.0,ML,,,,2.8,0.2,3
1220851,1997-12-27T15:27:16Z,-41.45,0.1,175.93,0.1,21.0,5.0,ML,,,,2.3,0.2,3
1219259,1997-12-27T15:37:05Z,-40.77,0.0,173.97,0.0,95.0,5.0,ML,,,,2.8,0.2,8
1219275,1997-12-27T17:21:37Z,-39.41,0.1,175.36,0.1,5.0,0.0,ML,,,,2.2,0.6,4
1219810,1997-12-27T17:51:28Z,-39.23,0.0,175.82,0.0,5.0,0.0,ML,,,,1.7,0.2,3
1219529,1997-12-27T18:21:15Z,-39.51,0.1,174.64,0.0,31.0,8.0,ML,,,,2.6,0.3,4
1212319,1997-12-27T19:14:41Z,-38.41,0.1,176.33,0.0,5.0,0.0,ML,,,,2.2,0.2,3
1217175,1997-12-27T20:39:01Z,-41.41,0.0,172.91,0.0,111.0,5.0,ML,,,,2.9,0.2,6
1217176,1997-12-27T20:53:49Z,-42.6,0.0,173.84,0.0,5.0,0.0,ML,,,,3.0,0.1,4
1217177,1997-12-27T22:32:18Z,-42.6,0.0,173.9,0.0,5.0,0.0,ML,,,,3.1,0.2,9
1219811,1997-12-28T00:17:17Z,-39.02,0.0,175.75,0.0,5.0,0.0,ML,,,,2.1,0.1,3
1218929,1997-12-28T00:55:00Z,-47.35,0.0,165.77,0.0,12.0,0.0,ML,,,,3.3,0.3,5
1220334,1997-12-28T02:48:48Z,-38.27,0.0,176.32,0.0,5.0,0.0,ML,,,,2.0,0.1,3
1216180,1997-12-28T02:55:06Z,-39.03,0.0,175.13,0.1,225.0,5.0,ML,,,,3.6,0.2,9
1216181,1997-12-28T03:52:20Z,-40.32,0.0,176.16,0.0,59.0,5.0,ML,,,,2.7,0.2,6
1217113,1997-12-28T08:09:18Z,-44.55,0.0,169.47,0.0,12.0,0.0,ML,,,,2.7,0.0,2
1219546,1997-12-28T08:59:02Z,-40.53,0.0,174.65,0.0,12.0,0.0,ML,,,,2.5,0.3,6
1219026,1997-12-28T10:39:31Z,-40.23,0.0,176.18,0.0,57.0,0.0,ML,,,,2.7,0.1,3
1220606,1997-12-28T11:22:38Z,-40.81,0.0,175.56,0.0,44.0,2.0,ML,,,,2.6,0.3,4
1220180,1997-12-28T12:29:05Z,-40.76,0.0,174.81,0.0,19.0,3.0,ML,,,,2.5,0.1,8
1221014,1997-12-28T13:04:33Z,-40.36,0.0,174.59,0.0,89.0,4.0,ML,,,,2.4,0.2,5
1216182,1997-12-28T16:39:33Z,-40.4,0.0,174.71,0.0,79.0,4.0,ML,,,,4.2,0.2,9
1219154,1997-12-28T17:32:12Z,-41.84,0.0,174.64,0.0,38.0,2.0,ML,,,,2.9,0.3,11
1216183,1997-12-28T17:51:08Z,-40.37,0.0,174.65,0.0,55.0,5.0,ML,,,,3.1,0.1,8
1218083,1997-12-28T17:52:55Z,-38.81,0.1,178.17,0.1,25.0,3.0,ML,,,,3.4,0.3,7
1224975,1997-12-28T17:53:30Z,-38.85,0.0,178.26,0.0,23.0,1.0,ML,,,,2.9,0.5,3
1217114,1997-12-28T19:26:09Z,-44.05,0.0,169.54,0.0,5.0,0.0,ML,,,,2.8,0.3,5
1220296,1997-12-28T20:07:48Z,-38.27,0.0,176.11,0.0,170.0,13.0,ML,,,,4.0,0.4,12
1218085,1997-12-28T21:00:17Z,-39.12,0.0,178.0,0.0,53.0,7.0,ML,,,,3.6,0.2,8
1221015,1997-12-28T21:29:38Z,-41.11,0.0,174.7,0.0,46.0,1.0,ML,,,,2.2,0.2,3
1216184,1997-12-28T21:55:33Z,-40.15,0.0,174.89,0.0,12.0,0.0,ML,,,,3.0,0.2,8
1217180,1997-12-28T22:04:59Z,-42.48,0.0,172.86,0.1,5.0,0.0,ML,,,,3.0,0.5,3
1223160,1997-12-28T22:13:12Z,-39.28,0.0,175.56,0.0,0.0,0.0,ML,,,,1.6,0.2,3
1219756,1997-12-28T22:44:42Z,-40.86,0.0,174.4,0.0,51.0,1.0,ML,,,,2.7,0.1,6
1216185,1997-12-28T23:13:42Z,-40.11,0.0,174.93,0.0,33.0,0.0,ML,,,,3.5,0.3,15
1219952,1997-12-29T01:37:16Z,-40.17,0.0,174.92,0.0,12.0,0.0,ML,,,,2.3,0.1,4
1218092,1997-12-29T01:47:45Z,-37.25,0.0,178.88,0.1,80.0,4.0,ML,,,,3.8,0.3,4
1219584,1997-12-29T01:52:27Z,-39.26,0.0,173.85,0.0,23.0,2.0,ML,,,,2.9,0.4,8
1220985,1997-12-29T02:17:34Z,-41.11,0.0,174.5,0.0,35.0,1.0,ML,,,,2.3,0.1,6
1219035,1997-12-29T02:42:21Z,-37.15,0.1,176.87,0.1,301.0,9.0,ML,,,,3.5,0.2,7
1217181,1997-12-29T03:18:45Z,-40.15,0.0,174.87,0.0,12.0,0.0,ML,,,,3.5,0.4,24
1217116,1997-12-29T04:02:09Z,-44.56,0.0,168.32,0.0,12.0,0.0,ML,,,,2.2,0.1,2
1220627,1997-12-29T06:20:45Z,-40.32,0.0,176.25,0.0,12.0,0.0,ML,,,,2.7,0.3,4
1218952,1997-12-29T07:02:22Z,-39.28,0.0,175.56,0.0,0.0,0.0,ML,,,,1.8,0.1,3
1223161,1997-12-29T07:50:13Z,-39.28,0.0,175.54,0.0,0.0,0.0,ML,,,,1.8,0.5,2
1220628,1997-12-29T08:12:58Z,-39.13,0.0,175.45,0.0,5.0,0.0,ML,,,,1.5,0.1,3
1221017,1997-12-29T09:07:47Z,-38.11,0.0,176.71,0.0,5.0,0.0,ML,,,,2.0,0.1,4
1224990,1997-12-29T09:08:33Z,-40.94,0.0,175.21,0.0,12.0,0.0,ML,,,,1.7,0.2,4
1217182,1997-12-29T10:24:49Z,-41.71,0.0,172.24,0.0,100.0,3.0,ML,,,,3.1,0.3,9
1220630,1997-12-29T11:40:03Z,-40.63,0.0,175.47,0.0,30.0,3.0,ML,,,,1.9,0.1,4
1223248,1997-12-29T12:47:03Z,-38.1,0.0,176.2,0.1,5.0,0.0,ML,,,,2.3,0.3,5
1221019,1997-12-29T13:11:23Z,-39.67,0.0,174.81,0.1,101.0,12.0,ML,,,,2.7,0.2,5
1219038,1997-12-29T13:50:56Z,-40.16,0.0,176.63,0.1,12.0,0.0,ML,,,,3.1,0.5,6
1221020,1997-12-29T14:49:02Z,-39.67,0.1,174.59,0.0,151.0,8.0,ML,,,,2.7,0.2,5
1220631,1997-12-29T15:16:36Z,-40.81,0.0,176.2,0.0,28.0,1.0,ML,,,,2.5,0.3,7
1223164,1997-12-29T15:51:20Z,-39.27,0.0,175.54,0.0,0.0,0.0,ML,,,,1.3,0.5,3
1219557,1997-12-29T17:36:01Z,-39.23,0.0,173.79,0.0,15.0,1.0,ML,,,,1.9,0.2,5
1223165,1997-12-29T18:19:16Z,-39.28,0.0,175.53,0.0,0.0,0.0,ML,,,,1.6,0.3,3
1217183,1997-12-29T18:22:37Z,-41.24,0.0,172.57,0.0,5.0,0.0,ML,,,,2.6,0.2,7
1219709,1997-12-29T19:03:48Z,-39.3,0.0,175.55,0.0,0.0,0.0,ML,,,,1.4,0.5,3
1223166,1997-12-29T19:24:35Z,-39.28,0.0,175.53,0.0,0.0,0.0,ML,,,,1.7,0.5,3
1219587,1997-12-29T19:44:01Z,-39.26,0.0,173.75,0.1,12.0,0.0,ML,,,,1.3,0.2,3
1223167,1997-12-29T20:02:50Z,-39.3,0.0,175.57,0.0,0.0,0.0,ML,,,,1.4,0.1,2
1224997,1997-12-29T20:03:06Z,-39.28,0.0,175.54,0.0,0.0,0.0,ML,,,,1.7,0.4,3
1219588,1997-12-29T21:15:17Z,-41.24,0.1,172.92,0.0,134.0,7.0,ML,,,,3.0,0.2,6
1222984,1997-12-29T21:22:43Z,-39.19,0.0,175.23,0.0,12.0,0.0,ML,,,,2.1,0.3,3
1218963,1997-12-29T21:37:48Z,-39.14,0.0,175.14,0.0,32.0,1.0,ML,,,,3.0,0.3,6
1221021,1997-12-29T21:48:44Z,-41.06,0.0,175.33,0.0,24.0,1.0,ML,,,,2.7,0.1,6
1218964,1997-12-29T22:29:55Z,-40.1,0.0,174.86,0.0,12.0,0.0,ML,,,,3.5,0.4,26
1219039,1997-12-29T22:53:12Z,-38.95,0.4,176.61,0.6,181.0,19.0,ML,,,,3.3,0.1,4
1221022,1997-12-29T23:15:15Z,-41.48,0.0,174.33,0.0,12.0,0.0,ML,,,,2.3,0.3,8
1223171,1997-12-29T23:39:20Z,-39.24,0.0,175.26,0.0,12.0,0.0,ML,,,,2.2,0.1,3
1219299,1997-12-30T01:16:25Z,-41.43,0.0,172.36,0.0,12.0,0.0,ML,,,,3.2,0.2,8
1223173,1997-12-30T01:28:41Z,-39.28,0.0,175.56,0.0,0.0,0.0,ML,,,,1.6,0.1,2
1219300,1997-12-30T01:54:40Z,-41.43,0.1,172.77,0.0,199.0,3.0,ML,,,,2.8,0.2,5
1223252,1997-12-30T01:56:30Z,-38.12,0.0,176.47,0.0,5.0,0.0,ML,,,,2.5,0.3,5
1221024,1997-12-30T02:13:02Z,-41.47,0.0,174.38,0.0,5.0,0.0,ML,,,,1.9,0.2,3
1221003,1997-12-30T02:26:43Z,-44.12,0.0,168.74,0.0,5.0,0.0,ML,,,,3.3,0.1,6
1223174,1997-12-30T02:27:58Z,-39.28,0.0,175.56,0.0,0.0,0.0,ML,,,,1.5,0.3,3
1223175,1997-12-30T02:44:24Z,-39.28,0.0,175.56,0.0,0.0,0.0,ML,,,,1.4,0.1,3
1219302,1997-12-30T04:30:24Z,-39.12,0.0,173.92,0.0,12.0,0.0,ML,,,,1.7,0.3,4
1223176,1997-12-30T04:36:45Z,-39.28,0.0,175.56,0.0,0.0,0.0,ML,,,,1.4,0.2,3
1223177,1997-12-30T04:42:07Z,-39.28,0.0,175.56,0.0,0.0,0.0,ML,,,,1.5,0.2,3
1219041,1997-12-30T05:03:06Z,-39.61,0.0,177.85,0.0,33.0,0.0,ML,,,,3.0,0.2,3
1223178,1997-12-30T05:40:06Z,-39.28,0.0,175.56,0.0,0.0,0.0,ML,,,,1.2,0.2,2
1219558,1997-12-30T05:48:50Z,-38.84,0.0,175.93,0.0,5.0,0.0,ML,,,,2.1,0.1,6
1219718,1997-12-30T06:11:06Z,-45.68,0.0,167.21,0.1,5.0,0.0,ML,,,,2.9,0.2,4
1222993,1997-12-30T06:24:37Z,-39.22,0.0,175.34,0.0,22.0,2.0,ML,,,,2.2,0.1,3
1219305,1997-12-30T06:54:13Z,-42.4,0.0,173.1,0.0,12.0,0.0,ML,,,,2.2,0.2,4
1221025,1997-12-30T07:06:34Z,-40.47,0.0,174.53,0.0,29.0,1.0,ML,,,,2.0,0.1,5
1221026,1997-12-30T07:14:33Z,-40.92,0.0,175.76,0.0,29.0,3.0,ML,,,,1.7,0.1,4
1223179,1997-12-30T08:42:27Z,-39.19,0.0,175.65,0.0,0.0,0.0,ML,,,,1.2,0.1,2
1221027,1997-12-30T08:55:24Z,-41.44,0.0,174.67,0.0,21.0,2.0,ML,,,,1.6,0.1,6
1219042,1997-12-30T11:41:10Z,-40.04,0.0,176.89,0.0,12.0,0.0,ML,,,,3.4,0.5,6
1218128,1997-12-30T13:19:59Z,-36.7,0.1,176.26,0.2,142.0,40.0,ML,,,,3.7,0.3,4
1218965,1997-12-30T15:14:08Z,-40.11,0.0,174.87,0.0,20.0,4.0,ML,,,,2.7,0.3,10
1219314,1997-12-30T15:36:38Z,-42.98,0.0,171.32,0.0,5.0,0.0,ML,,,,2.2,0.2,3
1223180,1997-12-30T15:38:33Z,-39.28,0.0,175.56,0.0,0.0,0.0,ML,,,,1.5,0.2,3
1225080,1997-12-30T16:13:57Z,-45.02,0.0,167.5,0.0,80.0,2.0,ML,,,,2.6,0.3,2
1221187,1997-12-30T16:13:59Z,-39.28,0.0,175.56,0.0,0.0,0.0,ML,,,,1.4,0.2,3
1218966,1997-12-30T16:46:05Z,-40.12,0.0,174.91,0.0,21.0,5.0,ML,,,,2.6,0.3,9
1221028,1997-12-30T18:17:18Z,-40.74,0.0,176.34,0.0,29.0,1.0,ML,,,,2.3,0.3,6
1221029,1997-12-30T19:50:08Z,-39.52,0.1,174.41,0.0,151.0,9.0,ML,,,,2.9,0.2,6
1221030,1997-12-30T21:37:45Z,-40.77,0.0,174.73,0.0,5.0,0.0,ML,,,,2.3,0.2,8
1221188,1997-12-30T22:27:44Z,-44.57,0.0,168.39,0.0,5.0,0.0,ML,,,,2.7,0.1,3
1221031,1997-12-30T23:46:04Z,-41.48,0.0,174.46,0.0,12.0,0.0,ML,,,,1.8,0.1,4
1221696,1997-12-30T23:49:33Z,-38.13,0.0,176.47,0.0,5.0,0.0,ML,,,,1.9,0.0,2
1218142,1997-12-30T23:51:52Z,-38.14,0.0,176.47,0.0,5.0,0.0,ML,,,,2.6,0.3,7
1223254,1997-12-30T23:54:46Z,-38.13,0.0,176.49,0.0,5.0,0.0,ML,,,,2.2,0.3,6
1223277,1997-12-31T00:26:03Z,-41.59,0.0,174.4,0.0,5.0,0.0,ML,,,,1.8,0.3,6
1225086,1997-12-31T00:36:31Z,-41.48,0.0,174.43,0.0,14.0,3.0,ML,,,,2.2,0.2,8
1219320,1997-12-31T00:37:49Z,-45.1,0.0,167.45,0.0,84.0,2.0,ML,,,,4.1,0.2,5
1221033,1997-12-31T01:22:15Z,-41.13,0.0,174.5,0.0,36.0,2.0,ML,,,,2.9,0.2,9
1223181,1997-12-31T02:08:30Z,-39.22,0.0,175.5,0.0,16.0,1.0,ML,,,,2.7,0.3,3
1223011,1997-12-31T03:18:39Z,-39.51,0.0,175.72,0.0,5.0,0.0,ML,,,,2.9,0.2,13
1225087,1997-12-31T03:19:03Z,-39.26,0.0,173.9,0.0,19.0,2.0,ML,,,,3.1,0.3,9
1218968,1997-12-31T06:27:26Z,-39.37,0.0,175.77,0.0,14.0,1.0,ML,,,,2.8,0.2,7
1218152,1997-12-31T07:44:48Z,-38.77,0.0,175.75,0.0,110.0,2.0,ML,,,,3.9,0.2,13
1219321,1997-12-31T08:31:52Z,-42.62,0.0,173.41,0.0,12.0,0.0,ML,,,,2.7,0.2,10
1223189,1997-12-31T09:21:08Z,-39.4,0.0,175.67,0.0,12.0,0.0,ML,,,,1.4,0.2,3
1221196,1997-12-31T09:41:29Z,-45.18,0.0,171.12,0.1,5.0,0.0,ML,,,,2.3,0.2,2
1225390,1997-12-31T09:42:30Z,-39.28,0.0,175.56,0.0,0.0,0.0,ML,,,,1.4,0.1,4
1219050,1997-12-31T11:00:54Z,-38.69,0.0,176.59,0.0,50.0,4.0,ML,,,,2.6,0.1,2
1218969,1997-12-31T11:49:12Z,-40.24,0.0,176.42,0.0,47.0,6.0,ML,,,,2.8,0.2,8
1221991,1997-12-31T12:48:24Z,-39.32,0.1,175.05,0.0,175.0,5.0,ML,,,,3.1,0.4,5
1218970,1997-12-31T13:12:44Z,-40.29,0.0,174.22,0.0,101.0,4.0,ML,,,,3.2,0.2,10
1221935,1997-12-31T13:18:53Z,-40.45,0.0,174.38,0.0,80.0,3.0,ML,,,,2.3,0.3,6
1221198,1997-12-31T14:47:25Z,-45.05,0.0,167.44,0.1,114.0,2.0,ML,,,,2.8,0.3,2
1223154,1997-12-31T15:35:10Z,-39.29,0.0,173.72,0.0,5.0,0.0,ML,,,,1.3,0.2,2
1221704,1997-12-31T17:40:44Z,-40.31,0.0,173.58,0.0,168.0,4.0,ML,,,,3.3,0.4,9
1218971,1997-12-31T19:21:14Z,-42.05,0.0,173.91,0.0,21.0,2.0,ML,,,,4.0,0.2,7
1223192,1997-12-31T20:05:51Z,-39.13,0.0,175.43,0.0,5.0,0.0,ML,,,,1.8,0.0,3
1219052,1997-12-31T20:16:25Z,-39.42,0.0,177.86,0.1,33.0,0.0,ML,,,,3.5,0.3,26
1221937,1997-12-31T20:44:51Z,-41.01,0.0,174.58,0.0,31.0,2.0,ML,,,,2.7,0.2,11
1219053,1997-12-31T23:46:26Z,-41.55,0.0,172.11,0.0,5.0,0.0,ML,,,,2.8,0.2,7
