PublicID,UTCTime,Latitude,LatitudeUncertainty,Longitude,LongitudeUncertainty,Depth,DepthUncertainty,PreferredMag,MS,MS_Uncertainty,MS_StationCount,Mw,Mw_Uncertainty,Mw_StationCount,ML,ML_Uncertainty,ML_StationCount,Md,Md_Uncertainty,Md_StationCount
59006,1987-07-01T04:22:42Z,-42.69,0.0,171.71,0.0,12.0,0.0,ML,,,,,,,4.1,0.3,24,,,
59376,1987-07-01T06:00:26Z,-40.79,0.0,174.36,0.0,71.0,1.0,ML,,,,,,,3.2,0.1,9,,,
59008,1987-07-01T07:53:01Z,-41.26,0.0,172.67,0.0,193.0,6.0,ML,,,,,,,4.3,0.2,8,,,
59394,1987-07-01T10:05:04Z,-41.25,0.0,175.18,0.0,26.0,1.0,ML,,,,,,,1.7,0.1,7,,,
59395,1987-07-01T10:30:45Z,-41.14,0.0,173.71,0.1,74.0,5.0,ML,,,,,,,3.2,0.1,8,,,
59115,1987-07-01T15:03:13Z,-38.59,0.0,177.09,0.1,115.0,4.0,ML,,,,,,,3.1,0.1,2,,,
60500,1987-07-01T15:03:43Z,-40.0,0.1,174.63,0.0,102.0,7.0,ML,,,,,,,3.1,0.2,9,,,
59397,1987-07-01T15:42:41Z,-40.89,0.0,174.71,0.0,68.0,3.0,ML,,,,,,,2.7,0.2,6,,,
59399,1987-07-01T18:31:30Z,-41.03,0.0,174.52,0.0,56.0,1.0,ML,,,,,,,2.9,0.2,7,,,
59402,1987-07-01T20:35:57Z,-40.78,0.0,175.35,0.0,24.0,1.0,ML,,,,,,,2.1,0.0,2,,,
59116,1987-07-01T20:51:38Z,-40.02,0.0,176.74,0.0,55.0,3.0,ML,,,,,,,3.4,0.2,10,,,
59412,1987-07-02T03:52:45Z,-40.81,0.0,174.67,0.0,43.0,1.0,ML,,,,,,,2.6,0.1,5,,,
59413,1987-07-02T07:45:59Z,-40.46,0.0,174.34,0.0,22.0,3.0,ML,,,,,,,2.8,0.1,7,,,
59414,1987-07-02T07:49:39Z,-40.57,0.0,174.1,0.1,53.0,10.0,ML,,,,,,,3.2,0.1,9,,,
59415,1987-07-02T10:32:22Z,-41.63,0.0,174.66,0.0,33.0,1.0,ML,,,,,,,3.2,0.1,8,,,
59417,1987-07-02T14:46:43Z,-38.75,0.0,175.97,0.0,139.0,5.0,ML,,,,,,,3.6,0.2,9,,,
59419,1987-07-02T16:19:21Z,-40.58,0.0,175.81,0.0,67.0,5.0,ML,,,,,,,2.6,0.2,7,,,
59423,1987-07-02T17:40:33Z,-36.62,0.1,177.81,0.0,138.0,8.0,ML,,,,,,,4.2,0.1,12,,,
59425,1987-07-02T19:21:14Z,-41.33,0.0,174.99,0.0,28.0,1.0,ML,,,,,,,2.1,0.2,9,,,
59117,1987-07-02T22:50:13Z,-39.63,0.0,177.05,0.0,27.0,1.0,ML,,,,,,,2.7,0.2,4,,,
59627,1987-07-03T02:17:45Z,-37.59,0.0,176.93,0.0,5.0,0.0,ML,,,,,,,3.2,0.2,4,,,
59119,1987-07-03T02:55:05Z,-38.51,0.0,175.62,0.1,125.0,10.0,ML,,,,,,,3.6,0.1,12,,,
59027,1987-07-03T03:19:43Z,-44.68,0.1,168.5,0.1,99.0,8.0,ML,,,,,,,2.8,0.1,8,,,
59628,1987-07-03T04:12:08Z,-37.96,0.0,176.92,0.0,5.0,0.0,ML,,,,,,,2.6,0.2,5,2.5,0.2,2
59120,1987-07-03T04:15:52Z,-37.44,0.1,177.21,0.1,187.0,13.0,ML,,,,,,,4.1,0.3,14,,,
59428,1987-07-03T05:22:44Z,-41.58,0.0,174.66,0.0,30.0,1.0,ML,,,,,,,1.9,0.1,4,,,
59429,1987-07-03T05:26:41Z,-40.67,0.1,175.95,0.1,43.0,12.0,ML,,,,,,,2.2,0.1,4,,,
59430,1987-07-03T06:12:55Z,-40.81,0.0,174.86,0.1,41.0,5.0,ML,,,,,,,2.2,0.2,6,,,
59431,1987-07-03T06:50:45Z,-35.48,0.1,-179.35,0.1,33.0,0.0,ML,,,,,,,4.5,0.2,16,,,
60723,1987-07-03T07:43:36Z,-35.97,0.2,179.94,0.5,33.0,0.0,ML,,,,,,,4.4,0.3,9,,,
59433,1987-07-03T12:25:07Z,-41.02,0.0,174.49,0.0,11.0,1.0,ML,,,,,,,2.5,0.1,6,,,
59435,1987-07-03T15:34:27Z,-41.76,0.0,174.1,0.0,14.0,1.0,ML,,,,,,,2.2,0.0,5,,,
59121,1987-07-03T17:29:54Z,-39.06,0.1,177.84,0.1,33.0,0.0,ML,,,,,,,2.7,nan,1,,,
59036,1987-07-03T22:58:27Z,-41.27,0.0,178.59,0.1,33.0,0.0,Mw,5.0,nan,0,5.1,nan,0,5.0,0.2,18,,,
59437,1987-07-04T03:27:43Z,-40.96,0.0,175.47,0.0,17.0,5.0,ML,,,,,,,1.9,0.2,4,,,
59629,1987-07-04T03:29:54Z,-38.7,0.1,176.17,0.1,5.0,0.0,ML,,,,,,,1.1,nan,1,2.2,0.0,2
59439,1987-07-04T08:29:58Z,-41.38,0.0,175.1,0.0,24.0,0.0,ML,,,,,,,2.6,0.1,9,,,
59440,1987-07-04T08:31:29Z,-41.17,0.0,175.03,0.0,28.0,0.0,ML,,,,,,,2.0,0.2,4,,,
59443,1987-07-04T14:48:42Z,-41.15,0.0,175.77,0.0,42.0,1.0,ML,,,,,,,2.8,0.2,9,,,
59447,1987-07-04T21:17:51Z,-41.44,0.0,173.65,0.0,93.0,1.0,ML,,,,,,,2.7,0.2,7,,,
59448,1987-07-04T21:36:15Z,-40.54,0.1,174.63,0.0,27.0,3.0,ML,,,,,,,2.3,0.1,7,,,
59039,1987-07-04T21:50:59Z,-40.5,0.0,175.62,0.0,30.0,3.0,ML,,,,,,,2.8,0.3,9,,,
59449,1987-07-04T22:03:56Z,-41.1,0.0,174.65,0.0,31.0,1.0,ML,,,,,,,2.3,0.1,8,,,
59632,1987-07-04T23:45:49Z,-38.08,0.0,176.59,0.0,5.0,0.0,ML,,,,,,,2.9,0.2,6,2.9,0.1,3
59633,1987-07-05T00:41:55Z,-39.39,0.1,175.7,0.1,5.0,0.0,ML,,,,,,,2.1,nan,1,,,
59453,1987-07-05T03:31:55Z,-41.03,0.0,175.22,0.0,15.0,1.0,ML,,,,,,,2.0,0.1,6,,,
59041,1987-07-05T03:46:38Z,-44.34,0.0,168.6,0.1,12.0,0.0,ML,,,,,,,2.2,0.1,7,,,
59455,1987-07-05T12:19:26Z,-41.88,0.0,175.21,0.0,30.0,5.0,ML,,,,,,,2.5,0.1,7,,,
59456,1987-07-05T12:37:38Z,-41.57,0.0,174.57,0.0,56.0,1.0,ML,,,,,,,3.3,0.2,8,,,
59127,1987-07-05T13:29:11Z,-40.12,0.0,174.96,0.0,5.0,0.0,ML,,,,,,,3.6,0.3,16,,,
59044,1987-07-05T20:06:51Z,-36.74,0.0,177.47,0.0,147.0,4.0,ML,,,,,,,5.2,0.1,11,,,
59047,1987-07-05T23:08:16Z,-48.39,0.0,164.99,0.0,33.0,0.0,ML,,,,,,,4.7,0.2,10,,,
59463,1987-07-06T07:33:03Z,-41.79,0.0,173.78,0.0,5.0,3.0,ML,,,,,,,2.1,0.3,2,,,
59466,1987-07-06T12:01:28Z,-41.79,0.0,174.68,0.0,28.0,1.0,ML,,,,,,,2.9,0.5,7,,,
59468,1987-07-06T14:31:35Z,-40.65,0.0,175.72,0.0,33.0,4.0,ML,,,,,,,2.2,0.1,5,,,
59469,1987-07-06T17:15:06Z,-41.62,0.0,174.18,0.0,22.0,3.0,ML,,,,,,,1.8,0.1,4,,,
59470,1987-07-06T18:13:34Z,-40.98,0.0,174.61,0.0,34.0,1.0,ML,,,,,,,2.9,0.1,9,,,
59471,1987-07-06T18:33:21Z,-40.46,0.0,174.59,0.0,44.0,0.0,ML,,,,,,,2.0,0.2,2,,,
59472,1987-07-06T20:43:18Z,-40.99,0.0,174.27,0.0,52.0,2.0,ML,,,,,,,3.4,0.1,8,,,
59473,1987-07-06T22:40:15Z,-40.21,0.1,174.16,0.1,13.0,12.0,ML,,,,,,,2.5,0.1,7,,,
59474,1987-07-07T04:35:05Z,-41.02,0.0,174.53,0.0,37.0,2.0,ML,,,,,,,2.2,0.1,6,,,
59063,1987-07-07T06:23:40Z,-44.3,0.0,168.72,0.0,27.0,3.0,ML,,,,,,,3.5,0.2,7,,,
59476,1987-07-07T09:10:52Z,-41.67,0.0,174.12,0.0,14.0,1.0,ML,,,,,,,2.4,0.2,8,,,
59477,1987-07-07T09:48:44Z,-41.65,0.0,174.2,0.0,0.0,3.0,ML,,,,,,,1.9,0.2,7,,,
59481,1987-07-07T13:57:29Z,-40.15,0.0,174.28,0.0,90.0,4.0,ML,,,,,,,3.2,0.1,10,,,
59484,1987-07-07T17:48:08Z,-40.97,0.0,175.37,0.0,26.0,2.0,ML,,,,,,,1.9,0.2,8,,,
59485,1987-07-07T18:12:37Z,-41.19,0.0,174.58,0.0,38.0,1.0,ML,,,,,,,3.4,0.2,7,,,
59487,1987-07-07T21:09:44Z,-40.33,0.0,176.3,0.0,85.0,9.0,ML,,,,,,,3.6,0.1,10,,,
59488,1987-07-07T21:56:14Z,-40.64,0.0,175.84,0.0,51.0,6.0,ML,,,,,,,2.4,0.1,5,,,
59489,1987-07-07T23:22:02Z,-40.81,0.0,175.03,0.0,30.0,1.0,ML,,,,,,,2.1,0.1,6,,,
59490,1987-07-07T23:23:15Z,-40.77,0.0,174.98,0.0,37.0,2.0,ML,,,,,,,2.1,0.2,5,,,
59496,1987-07-08T01:49:28Z,-40.25,0.0,174.22,0.0,89.0,5.0,ML,,,,,,,3.8,0.3,14,,,
59504,1987-07-08T04:10:59Z,-41.78,0.0,174.51,0.0,31.0,2.0,ML,,,,,,,2.2,0.2,5,,,
59509,1987-07-08T05:59:20Z,-40.99,0.0,174.46,0.0,64.0,1.0,ML,,,,,,,2.1,0.1,7,,,
60788,1987-07-08T05:59:33Z,-41.27,0.0,173.82,0.0,57.0,1.0,ML,,,,,,,2.3,0.2,6,,,
59510,1987-07-08T06:26:24Z,-41.02,0.0,173.87,0.0,95.0,2.0,ML,,,,,,,3.1,0.2,9,,,
59511,1987-07-08T06:42:25Z,-41.16,0.0,175.73,0.0,20.0,1.0,ML,,,,,,,1.9,0.2,7,,,
59518,1987-07-08T07:36:16Z,-40.95,0.0,174.73,0.0,59.0,1.0,ML,,,,,,,1.8,0.1,3,,,
59523,1987-07-08T09:38:59Z,-38.68,0.0,175.48,0.1,169.0,6.0,ML,,,,,,,4.1,0.4,13,,,
59525,1987-07-08T13:28:16Z,-40.46,0.0,174.04,0.0,103.0,5.0,ML,,,,,,,2.7,0.1,6,,,
59073,1987-07-08T13:55:31Z,-44.31,0.0,168.82,0.0,12.0,0.0,ML,,,,,,,2.7,0.6,5,,,
59530,1987-07-09T02:30:38Z,-40.98,0.0,175.45,0.0,16.0,2.0,ML,,,,,,,2.5,0.1,8,,,
59531,1987-07-09T04:18:36Z,-40.54,0.0,174.6,0.0,79.0,2.0,ML,,,,,,,3.3,0.1,9,,,
59533,1987-07-09T06:21:21Z,-39.5,0.0,175.67,0.0,5.0,0.0,ML,,,,,,,3.3,0.3,9,,,
60902,1987-07-09T06:51:11Z,-43.82,0.1,171.24,0.1,1.0,0.0,ML,,,,,,,3.0,0.1,3,,,
59535,1987-07-09T07:52:43Z,-41.0,0.0,174.8,0.0,55.0,2.0,ML,,,,,,,2.2,0.1,6,,,
59536,1987-07-09T09:28:53Z,-41.34,0.0,174.99,0.0,27.0,0.0,ML,,,,,,,2.0,0.2,5,,,
60901,1987-07-09T09:29:54Z,-37.34,0.1,-179.72,0.1,33.0,0.0,ML,,,,,,,3.5,0.3,4,,,
59537,1987-07-09T13:26:15Z,-41.29,0.0,175.21,0.0,21.0,1.0,ML,,,,,,,2.1,0.2,8,,,
59538,1987-07-09T14:46:39Z,-41.42,0.1,173.24,0.1,140.0,6.0,ML,,,,,,,3.2,0.2,6,,,
59086,1987-07-09T15:24:29Z,-44.57,0.1,169.8,0.1,12.0,11.0,ML,,,,,,,2.6,0.2,5,,,
59542,1987-07-09T23:24:18Z,-40.26,0.0,174.76,0.0,33.0,0.0,ML,,,,,,,2.4,0.1,4,,,
59543,1987-07-09T23:50:38Z,-40.09,0.0,174.85,0.0,13.0,5.0,ML,,,,,,,2.9,0.3,8,,,
59550,1987-07-10T02:52:56Z,-42.08,0.0,174.17,0.0,12.0,0.0,ML,,,,,,,2.2,0.1,4,,,
59637,1987-07-10T05:41:50Z,-38.84,0.0,175.93,0.0,5.0,0.0,ML,,,,,,,1.5,nan,1,2.2,0.4,3
60441,1987-07-10T08:18:40Z,-41.08,0.0,175.5,0.0,28.0,1.0,ML,,,,,,,2.3,0.1,8,,,
60442,1987-07-10T08:57:20Z,-40.87,0.0,175.16,0.0,33.0,1.0,ML,,,,,,,2.2,0.3,9,,,
60446,1987-07-10T14:41:56Z,-41.06,0.0,175.2,0.0,15.0,1.0,ML,,,,,,,2.7,0.1,8,,,
59638,1987-07-10T15:18:17Z,-41.28,0.0,174.77,0.0,58.0,2.0,ML,,,,,,,4.0,0.2,6,,,
61207,1987-07-10T16:39:40Z,-38.06,0.0,176.65,0.0,12.0,0.0,ML,,,,,,,2.6,0.2,3,,,
61216,1987-07-10T17:10:06Z,-42.56,0.0,171.39,0.0,12.0,0.0,ML,,,,,,,3.3,0.3,6,,,
60447,1987-07-10T17:24:33Z,-41.27,0.0,175.28,0.0,23.0,1.0,ML,,,,,,,2.4,0.1,9,,,
59639,1987-07-10T19:08:00Z,-38.41,0.0,175.92,0.0,162.0,7.0,ML,,,,,,,4.3,0.3,15,,,
60448,1987-07-10T22:08:49Z,-40.39,0.0,174.57,0.0,92.0,2.0,ML,,,,,,,3.5,0.1,9,,,
59640,1987-07-11T01:36:39Z,-40.08,0.0,174.88,0.0,33.0,0.0,ML,,,,,,,3.6,0.2,13,,,
59097,1987-07-11T03:48:43Z,-44.52,0.0,168.28,0.0,58.0,4.0,ML,,,,,,,3.4,0.1,11,,,
60451,1987-07-11T04:15:46Z,-41.27,0.0,174.57,0.0,54.0,2.0,ML,,,,,,,2.2,0.1,5,,,
60456,1987-07-11T08:58:18Z,-40.79,0.0,174.48,0.0,25.0,1.0,ML,,,,,,,2.0,0.2,5,,,
60457,1987-07-11T09:50:32Z,-40.83,0.0,175.78,0.1,31.0,2.0,ML,,,,,,,2.5,0.1,9,,,
60459,1987-07-11T15:53:42Z,-41.61,0.1,173.73,0.1,54.0,8.0,ML,,,,,,,2.2,0.0,3,,,
60460,1987-07-11T16:21:26Z,-40.82,0.0,174.0,0.0,28.0,3.0,ML,,,,,,,2.7,0.2,7,,,
60462,1987-07-11T20:42:22Z,-41.29,0.0,175.31,0.0,29.0,3.0,ML,,,,,,,2.1,0.1,9,,,
60465,1987-07-12T03:05:19Z,-40.96,0.0,174.69,0.0,57.0,1.0,ML,,,,,,,2.4,0.2,8,,,
60466,1987-07-12T06:29:55Z,-40.48,0.0,174.4,0.0,33.0,0.0,ML,,,,,,,2.4,0.1,6,,,
59654,1987-07-12T07:09:09Z,-38.95,0.1,177.61,0.1,75.0,10.0,ML,,,,,,,3.2,0.0,2,,,
60469,1987-07-12T15:50:40Z,-40.95,0.0,175.03,0.0,30.0,1.0,ML,,,,,,,1.7,0.1,6,,,
59102,1987-07-12T17:04:10Z,-44.18,0.0,168.68,0.0,12.0,0.0,ML,,,,,,,3.4,0.6,8,,,
60470,1987-07-12T17:57:29Z,-41.28,0.0,175.32,0.0,28.0,1.0,ML,,,,,,,2.3,0.1,8,,,
60471,1987-07-12T18:56:23Z,-40.78,0.0,175.31,0.0,33.0,0.0,ML,,,,,,,2.2,0.1,5,,,
60472,1987-07-12T18:59:46Z,-40.98,0.0,175.57,0.0,27.0,2.0,ML,,,,,,,1.7,0.1,4,,,
60473,1987-07-12T21:16:04Z,-40.22,0.0,174.84,0.0,2.0,2.0,ML,,,,,,,2.5,0.1,5,,,
60474,1987-07-12T21:37:51Z,-40.96,0.0,175.06,0.0,28.0,1.0,ML,,,,,,,2.0,0.2,8,,,
60475,1987-07-12T22:21:45Z,-41.28,0.0,174.5,0.0,17.0,2.0,ML,,,,,,,1.4,0.1,3,,,
60540,1987-07-13T00:25:47Z,-45.27,0.0,167.38,0.1,122.0,5.0,ML,,,,,,,3.5,0.4,4,,,
60476,1987-07-13T01:41:02Z,-40.64,0.0,174.54,0.0,60.0,4.0,ML,,,,,,,3.0,0.2,8,,,
60478,1987-07-13T01:57:37Z,-40.71,0.0,174.55,0.0,63.0,2.0,ML,,,,,,,3.1,0.1,8,,,
60479,1987-07-13T03:49:37Z,-41.75,0.0,174.48,0.0,32.0,1.0,ML,,,,,,,2.9,0.2,9,,,
60481,1987-07-13T05:48:41Z,-40.94,0.0,174.89,0.0,47.0,3.0,ML,,,,,,,2.2,0.1,8,,,
60482,1987-07-13T05:50:22Z,-41.27,0.0,173.83,0.0,64.0,1.0,ML,,,,,,,2.4,0.3,4,,,
60484,1987-07-13T09:43:16Z,-42.01,0.0,174.05,0.0,33.0,0.0,ML,,,,,,,2.5,0.2,6,,,
60543,1987-07-13T11:26:51Z,-45.94,0.0,166.47,0.1,5.0,0.0,ML,,,,,,,3.3,0.3,4,,,
60487,1987-07-13T12:20:04Z,-40.97,0.0,175.13,0.0,25.0,2.0,ML,,,,,,,1.9,0.3,9,,,
60488,1987-07-13T15:55:37Z,-40.29,0.0,174.68,0.0,21.0,4.0,ML,,,,,,,2.8,0.3,9,,,
60490,1987-07-13T22:55:13Z,-41.14,0.0,175.78,0.0,32.0,2.0,ML,,,,,,,2.4,0.1,6,,,
60493,1987-07-14T05:34:26Z,-37.7,0.1,176.09,0.1,253.0,7.0,ML,,,,,,,4.6,0.3,13,,,
60496,1987-07-14T09:17:02Z,-42.01,0.0,173.83,0.1,33.0,2.0,ML,,,,,,,2.8,0.3,6,,,
60498,1987-07-14T12:38:45Z,-41.05,0.0,174.79,0.0,55.0,2.0,ML,,,,,,,2.4,0.1,5,,,
60499,1987-07-14T17:56:15Z,-41.11,0.0,175.36,0.0,27.0,2.0,ML,,,,,,,1.9,0.2,6,,,
60512,1987-07-15T06:25:32Z,-36.82,0.1,179.73,0.1,33.0,0.0,ML,,,,,,,4.8,0.3,12,,,
61379,1987-07-15T07:27:05Z,-40.33,0.0,174.14,0.0,91.0,5.0,ML,,,,,,,4.1,0.3,3,,,
60556,1987-07-15T10:17:13Z,-44.12,0.1,168.32,0.1,12.0,0.0,ML,,,,,,,3.5,0.1,9,,,
60565,1987-07-15T16:18:55Z,-44.53,0.3,168.37,0.2,69.0,69.0,ML,,,,,,,2.7,0.0,3,,,
59669,1987-07-15T20:31:02Z,-38.9,0.0,177.35,0.0,5.0,0.0,ML,,,,,,,3.0,nan,1,,,
61381,1987-07-16T03:56:41Z,-36.41,0.1,177.81,0.1,33.0,0.0,ML,,,,,,,4.1,0.2,3,,,
60516,1987-07-16T07:37:44Z,-39.42,0.1,175.78,0.0,5.0,0.0,ML,,,,,,,2.2,nan,1,,,
59676,1987-07-16T15:23:21Z,-38.01,0.1,178.51,0.2,5.0,0.0,ML,,,,,,,3.5,0.1,3,,,
60517,1987-07-16T15:25:52Z,-40.01,0.0,174.37,0.0,153.0,6.0,ML,,,,,,,4.1,0.2,6,,,
59681,1987-07-17T03:43:48Z,-40.3,0.0,173.52,0.0,195.0,4.0,ML,,,,,,,4.3,0.1,5,,,
59682,1987-07-17T08:46:42Z,-38.04,0.1,175.98,0.1,135.0,19.0,ML,,,,,,,3.6,0.4,3,,,
59683,1987-07-17T19:58:39Z,-37.96,0.0,176.24,0.0,163.0,6.0,ML,,,,,,,4.6,0.1,6,,,
60520,1987-07-18T19:28:14Z,-38.89,0.0,175.9,0.0,5.0,0.0,ML,,,,,,,2.1,nan,1,2.5,0.2,3
60521,1987-07-18T19:30:24Z,-38.91,0.0,175.9,0.0,8.0,4.0,ML,,,,,,,2.1,nan,1,2.4,0.2,6
61409,1987-07-19T06:02:05Z,-45.04,0.0,167.62,0.1,83.0,5.0,ML,,,,,,,3.7,0.3,4,,,
59684,1987-07-19T14:25:55Z,-37.83,0.0,-179.99,0.1,33.0,0.0,ML,,,,,,,4.0,0.1,9,,,
61417,1987-07-20T01:11:35Z,-45.86,0.0,168.74,0.0,12.0,0.0,ML,,,,,,,3.5,0.1,2,,,
60524,1987-07-20T03:39:19Z,-39.04,0.0,175.72,0.0,8.0,2.0,ML,,,,,,,2.2,nan,1,3.3,0.2,4
60525,1987-07-20T03:42:37Z,-39.03,0.0,175.73,0.0,2.0,2.0,ML,,,,,,,1.8,nan,1,2.3,0.2,3
59690,1987-07-20T19:34:07Z,-36.58,0.0,177.78,0.1,8.0,17.0,ML,,,,,,,4.3,0.4,7,4.2,0.3,3
61438,1987-07-21T06:17:30Z,-44.16,0.1,168.32,0.1,12.0,0.0,ML,,,,,,,3.8,0.2,3,,,
61517,1987-07-21T10:52:19Z,-40.79,0.1,172.56,0.1,12.0,0.0,ML,,,,,,,3.6,0.1,4,,,
59691,1987-07-21T17:08:25Z,-38.2,0.0,176.25,0.0,154.0,5.0,ML,,,,,,,3.9,0.1,5,,,
60626,1987-07-21T23:16:41Z,-45.91,0.0,168.69,0.0,12.0,0.0,ML,,,,,,,2.3,0.1,8,,,
59692,1987-07-22T02:15:29Z,-39.05,0.0,174.88,0.0,215.0,4.0,ML,,,,,,,4.4,0.2,7,,,
59693,1987-07-22T03:39:16Z,-40.26,0.0,173.52,0.0,178.0,5.0,ML,,,,,,,4.0,0.9,9,,,
61561,1987-07-22T13:39:41Z,-41.57,0.0,174.57,0.0,56.0,2.0,ML,,,,,,,3.9,0.0,1,,,
61578,1987-07-22T15:28:59Z,-36.52,0.1,178.03,0.1,146.0,11.0,ML,,,,,,,4.1,0.1,5,,,
61583,1987-07-22T16:55:17Z,-38.14,0.1,175.88,0.1,185.0,6.0,ML,,,,,,,3.9,0.1,6,,,
59694,1987-07-22T16:58:02Z,-39.88,0.0,177.17,0.1,3.0,6.0,ML,,,,,,,2.8,0.1,2,,,
61584,1987-07-22T19:02:37Z,-45.74,0.1,167.14,0.1,120.0,9.0,ML,,,,,,,4.3,0.1,2,,,
59696,1987-07-23T01:39:13Z,-39.3,0.0,176.44,0.0,74.0,3.0,ML,,,,,,,3.4,0.2,3,,,
62268,1987-07-23T03:54:10Z,-41.98,0.0,171.71,0.1,12.0,0.0,ML,,,,,,,3.5,0.1,4,,,
59697,1987-07-23T05:34:18Z,-39.91,0.0,177.24,0.1,5.0,0.0,ML,,,,,,,3.1,0.2,4,,,
60530,1987-07-23T14:05:55Z,-40.84,0.0,175.83,0.1,32.0,3.0,ML,,,,,,,3.2,0.1,3,,,
59698,1987-07-23T21:09:16Z,-38.61,0.0,176.16,0.0,95.0,4.0,ML,,,,,,,3.8,0.2,7,,,
60532,1987-07-24T03:11:17Z,-40.05,0.0,176.39,0.0,65.0,13.0,ML,,,,,,,3.3,nan,1,,,
62269,1987-07-24T09:20:14Z,-45.06,0.0,167.47,0.1,12.0,0.0,ML,,,,,,,3.8,0.2,4,,,
60533,1987-07-24T11:25:35Z,-38.8,0.0,176.46,0.0,5.0,3.0,ML,,,,,,,2.5,0.3,2,2.6,0.2,5
62270,1987-07-24T19:12:14Z,-37.15,0.0,177.43,0.0,12.0,0.0,ML,,,,,,,3.7,0.2,3,,,
59699,1987-07-24T22:02:51Z,-38.73,0.0,175.6,0.1,71.0,11.0,ML,,,,,,,3.4,0.0,2,,,
60664,1987-07-24T23:42:50Z,-44.93,0.0,167.98,0.0,12.0,0.0,ML,,,,,,,3.8,0.1,7,,,
60669,1987-07-25T03:22:35Z,-45.16,0.0,168.88,0.0,7.0,1.0,ML,,,,,,,1.8,0.1,5,,,
61856,1987-07-25T04:13:26Z,-40.33,0.0,174.38,0.0,22.0,7.0,ML,,,,,,,3.1,0.2,3,,,
61857,1987-07-25T08:32:35Z,-41.08,0.0,172.94,0.0,150.0,3.0,ML,,,,,,,3.9,0.1,2,,,
62271,1987-07-25T09:14:06Z,-37.68,0.0,177.15,0.0,5.0,0.0,ML,,,,,,,3.6,0.1,4,,,
60535,1987-07-25T11:04:38Z,-39.38,0.1,175.51,0.1,27.0,6.0,ML,,,,,,,3.4,nan,1,,,
61966,1987-07-25T12:51:36Z,-40.32,0.0,174.47,0.0,22.0,4.0,ML,,,,,,,2.7,nan,1,,,
60536,1987-07-25T12:54:58Z,-38.29,0.0,176.37,0.0,5.0,0.0,ML,,,,,,,1.7,nan,1,1.4,nan,1
61965,1987-07-25T14:33:31Z,-41.06,0.0,174.64,0.0,28.0,1.0,ML,,,,,,,2.6,0.2,3,,,
60537,1987-07-25T15:28:57Z,-38.66,0.0,176.01,0.0,5.0,2.0,ML,,,,,,,1.8,nan,1,1.9,nan,1
62272,1987-07-25T17:37:51Z,-45.98,0.1,165.3,0.2,12.0,0.0,ML,,,,,,,4.9,0.1,7,,,
60538,1987-07-25T18:54:59Z,-36.74,0.1,177.55,0.0,33.0,0.0,ML,,,,,,,3.8,0.3,5,3.5,0.3,4
60681,1987-07-26T02:43:27Z,-46.26,0.0,165.22,0.1,33.0,0.0,ML,,,,,,,3.8,0.2,10,,,
60682,1987-07-26T08:37:47Z,-46.79,0.0,169.33,0.4,33.0,0.0,ML,,,,,,,2.6,0.1,3,,,
60683,1987-07-26T09:21:43Z,-44.94,0.0,167.94,0.0,33.0,0.0,ML,,,,,,,2.5,0.2,3,,,
60684,1987-07-26T11:25:54Z,-42.09,0.0,172.94,0.0,72.0,3.0,ML,,,,,,,3.7,0.1,2,,,
60685,1987-07-26T16:14:10Z,-44.25,0.0,168.6,0.1,12.0,0.0,ML,,,,,,,2.3,0.0,3,,,
61645,1987-07-26T22:02:49Z,-38.69,0.0,175.82,0.0,122.0,3.0,ML,,,,,,,4.4,0.3,8,,,
61646,1987-07-27T00:13:26Z,-39.39,0.1,175.75,0.1,5.0,0.0,ML,,,,,,,2.9,0.1,2,3.2,0.2,5
61694,1987-07-27T04:06:42Z,-39.99,0.0,174.8,0.0,12.0,0.0,ML,,,,,,,2.5,0.3,5,,,
61696,1987-07-27T08:18:14Z,-41.64,0.0,174.48,0.0,28.0,2.0,ML,,,,,,,2.1,0.2,7,,,
60693,1987-07-28T00:17:28Z,-44.96,0.0,168.81,0.0,28.0,3.0,ML,,,,,,,1.7,0.1,7,,,
61702,1987-07-28T03:09:10Z,-40.92,0.0,174.91,0.0,54.0,2.0,ML,,,,,,,2.3,0.1,6,,,
61703,1987-07-28T03:57:42Z,-41.34,0.0,174.79,0.0,28.0,1.0,ML,,,,,,,1.8,0.1,6,,,
61705,1987-07-28T06:49:33Z,-40.24,0.0,174.98,0.0,12.0,0.0,ML,,,,,,,3.0,0.2,8,,,
61648,1987-07-28T07:35:25Z,-39.22,0.0,175.02,0.0,0.0,3.0,ML,,,,,,,2.9,nan,1,3.2,0.3,3
61649,1987-07-28T13:24:54Z,-39.48,0.0,175.7,0.0,5.0,0.0,ML,,,,,,,3.1,0.1,2,,,
62184,1987-07-28T19:20:24Z,-37.58,0.0,176.54,0.0,225.0,3.0,ML,,,,,,,4.0,0.3,3,,,
60698,1987-07-29T00:06:02Z,-45.2,0.0,167.42,0.0,127.0,2.0,ML,,,,,,,3.9,0.2,10,,,
62266,1987-07-29T02:13:36Z,-36.34,0.3,-179.03,0.7,33.0,0.0,ML,,,,,,,4.1,0.1,3,,,
61707,1987-07-29T02:14:50Z,-41.41,0.0,174.04,0.0,103.0,1.0,ML,,,,,,,2.3,0.1,3,,,
60700,1987-07-29T04:30:32Z,-40.3,0.0,173.85,0.0,142.0,4.0,ML,,,,,,,4.8,0.1,10,,,
61651,1987-07-29T05:54:30Z,-38.18,0.0,176.26,0.0,0.0,0.0,ML,,,,,,,2.2,0.2,4,2.8,0.2,3
61710,1987-07-29T06:22:55Z,-41.15,0.0,174.66,0.0,31.0,1.0,ML,,,,,,,1.6,0.1,5,,,
60702,1987-07-29T10:00:10Z,-41.44,0.0,175.46,0.0,18.0,2.0,ML,,,,,,,1.9,0.2,5,,,
61712,1987-07-29T19:22:41Z,-41.26,0.0,175.15,0.0,27.0,1.0,ML,,,,,,,2.6,0.2,8,,,
61652,1987-07-29T21:08:25Z,-40.1,0.0,174.82,0.0,12.0,0.0,ML,,,,,,,3.4,0.1,12,,,
61713,1987-07-30T02:55:27Z,-40.76,0.0,174.21,0.0,91.0,1.0,ML,,,,,,,2.8,0.1,8,,,
61715,1987-07-30T03:50:43Z,-41.01,0.0,174.86,0.0,28.0,0.0,ML,,,,,,,1.8,0.2,6,,,
61717,1987-07-30T09:21:38Z,-40.77,0.0,175.33,0.0,25.0,2.0,ML,,,,,,,1.7,0.1,3,,,
61719,1987-07-31T02:19:28Z,-41.4,0.0,173.79,0.0,57.0,1.0,ML,,,,,,,2.3,0.1,4,,,
61654,1987-07-31T03:40:50Z,-38.48,0.0,176.2,0.0,6.0,10.0,ML,,,,,,,2.0,0.3,2,1.8,0.1,2
61655,1987-07-31T04:16:06Z,-39.33,0.0,175.0,0.0,24.0,3.0,ML,,,,,,,3.3,0.3,10,,,
61721,1987-07-31T04:59:18Z,-41.03,0.0,175.24,0.0,24.0,1.0,ML,,,,,,,1.8,0.2,7,,,
61722,1987-07-31T06:43:46Z,-40.47,0.0,174.41,0.0,81.0,3.0,ML,,,,,,,2.7,0.1,8,,,
61656,1987-07-31T08:19:46Z,-39.76,0.0,176.43,0.0,50.0,12.0,ML,,,,,,,3.0,0.1,6,,,
61657,1987-07-31T08:47:36Z,-40.52,0.0,174.19,0.0,76.0,6.0,ML,,,,,,,4.0,0.1,4,,,
61658,1987-07-31T17:25:19Z,-38.55,0.0,176.02,0.0,83.0,7.0,ML,,,,,,,4.1,0.2,11,,,
61978,1987-07-31T19:58:44Z,-44.76,0.0,168.8,0.0,12.0,0.0,ML,,,,,,,1.8,0.0,2,,,
62273,1987-07-31T19:59:22Z,-44.14,0.1,169.56,0.4,12.0,0.0,ML,,,,,,,2.0,0.0,2,,,
61726,1987-07-31T20:22:50Z,-40.88,0.0,175.14,0.0,31.0,1.0,ML,,,,,,,2.4,0.2,8,,,
61728,1987-08-01T00:50:22Z,-40.97,0.0,175.61,0.0,19.0,5.0,ML,,,,,,,1.8,0.1,4,,,
62276,1987-08-01T00:50:38Z,-41.07,0.0,176.0,0.1,33.0,0.0,ML,,,,,,,2.5,0.1,7,,,
61729,1987-08-01T00:54:38Z,-41.08,0.0,176.1,0.0,32.0,4.0,ML,,,,,,,2.3,0.1,4,,,
61733,1987-08-01T13:13:59Z,-40.97,0.0,174.17,0.1,61.0,5.0,ML,,,,,,,2.3,0.1,6,,,
61661,1987-08-01T14:32:42Z,-40.69,0.0,176.95,0.1,77.0,5.0,ML,,,,,,,3.8,0.2,12,,,
61737,1987-08-01T16:14:20Z,-41.22,0.0,174.61,0.0,57.0,1.0,ML,,,,,,,2.4,0.2,5,,,
61738,1987-08-01T16:22:36Z,-41.71,0.0,174.85,0.0,26.0,1.0,ML,,,,,,,2.9,0.1,8,,,
61739,1987-08-01T18:24:43Z,-40.63,0.1,174.51,0.1,30.0,4.0,ML,,,,,,,1.9,0.1,7,,,
61740,1987-08-01T20:55:13Z,-40.36,0.0,175.08,0.0,74.0,2.0,ML,,,,,,,3.4,0.1,7,,,
61741,1987-08-02T03:32:11Z,-40.94,0.0,174.42,0.0,38.0,2.0,ML,,,,,,,2.4,0.1,8,,,
61988,1987-08-02T04:19:06Z,-45.39,0.0,169.8,0.0,6.0,1.0,ML,,,,,,,3.8,0.4,5,,,
61742,1987-08-02T06:52:35Z,-41.34,0.0,173.25,0.1,123.0,6.0,ML,,,,,,,3.0,0.1,5,,,
61669,1987-08-02T07:04:30Z,-39.32,0.0,177.64,0.0,26.0,1.0,ML,,,,,,,2.7,0.4,5,,,
62485,1987-08-03T08:33:51Z,-40.98,0.0,175.59,0.0,26.0,2.0,ML,,,,,,,2.0,0.1,7,,,
62773,1987-08-03T08:34:19Z,-40.82,0.0,174.92,0.0,10.0,1.0,ML,,,,,,,1.8,0.2,8,,,
61997,1987-08-03T09:55:35Z,-44.56,0.0,169.83,0.0,5.0,0.0,ML,,,,,,,1.9,0.1,5,,,
62587,1987-08-03T11:56:24Z,-38.16,0.0,176.26,0.0,2.0,0.0,ML,,,,,,,2.0,0.0,2,2.3,0.3,2
62486,1987-08-03T13:36:42Z,-41.19,0.0,175.09,0.0,5.0,0.0,ML,,,,,,,1.5,0.5,9,,,
61673,1987-08-03T14:06:47Z,-39.77,0.0,176.69,0.0,30.0,2.0,ML,,,,,,,2.5,0.0,2,,,
61674,1987-08-03T14:08:39Z,-37.55,0.0,179.97,0.1,33.0,0.0,ML,,,,,,,4.9,0.2,15,,,
61675,1987-08-03T14:12:52Z,-37.58,0.0,-179.75,0.0,33.0,0.0,ML,,,,,,,4.1,0.1,3,,,
62487,1987-08-03T16:08:37Z,-39.68,0.0,175.74,0.0,5.0,0.0,ML,,,,,,,2.5,0.2,8,,,
62005,1987-08-03T16:19:48Z,-43.64,0.0,169.76,0.0,5.0,0.0,ML,,,,,,,2.8,0.1,7,,,
62488,1987-08-03T16:53:57Z,-41.32,0.0,174.09,0.0,48.0,1.0,ML,,,,,,,2.3,0.1,6,,,
62590,1987-08-03T17:24:49Z,-38.35,0.0,176.38,0.0,7.0,4.0,ML,,,,,,,2.7,0.2,6,2.6,0.3,5
62591,1987-08-03T17:27:10Z,-38.33,0.0,176.36,0.0,9.0,2.0,ML,,,,,,,2.7,0.3,5,2.9,0.0,2
62489,1987-08-03T17:37:56Z,-41.67,0.0,174.3,0.0,10.0,2.0,ML,,,,,,,2.2,0.2,8,,,
62490,1987-08-03T18:38:51Z,-40.61,0.0,173.83,0.0,108.0,3.0,ML,,,,,,,3.2,0.1,9,,,
62491,1987-08-03T18:53:33Z,-41.81,0.0,174.14,0.0,33.0,0.0,ML,,,,,,,2.0,0.1,9,,,
62492,1987-08-03T19:00:44Z,-40.84,0.0,174.0,0.0,103.0,2.0,ML,,,,,,,2.5,0.1,6,,,
61676,1987-08-04T02:06:28Z,-39.56,0.1,177.29,0.1,30.0,8.0,ML,,,,,,,3.4,nan,1,,,
62494,1987-08-04T02:30:56Z,-41.7,0.0,174.13,0.0,12.0,0.0,ML,,,,,,,2.1,0.2,7,,,
62495,1987-08-04T03:25:22Z,-41.34,0.0,174.75,0.0,8.0,1.0,ML,,,,,,,3.0,0.3,7,,,
62498,1987-08-04T06:50:52Z,-40.82,0.0,175.01,0.0,33.0,2.0,ML,,,,,,,2.4,0.2,9,,,
62015,1987-08-04T09:42:24Z,-46.13,0.0,170.36,0.1,12.0,0.0,ML,,,,,,,3.0,0.1,4,,,
62858,1987-08-04T14:12:56Z,-37.31,0.1,179.7,0.1,33.0,0.0,ML,,,,,,,4.1,0.2,6,,,
62499,1987-08-04T17:09:46Z,-40.15,0.0,174.62,0.0,12.0,0.0,ML,,,,,,,3.5,0.1,9,,,
62501,1987-08-04T19:15:39Z,-41.5,0.0,174.12,0.0,39.0,2.0,ML,,,,,,,2.4,0.1,5,,,
62502,1987-08-04T19:22:30Z,-40.01,0.0,174.41,0.0,128.0,4.0,ML,,,,,,,4.1,0.2,11,,,
62503,1987-08-04T19:43:10Z,-40.77,0.0,175.41,0.0,28.0,2.0,ML,,,,,,,2.3,0.2,6,,,
62027,1987-08-04T21:57:57Z,-44.97,0.1,167.9,0.3,107.0,24.0,ML,,,,,,,3.0,0.1,4,,,
62508,1987-08-05T00:57:25Z,-41.07,0.0,174.67,0.0,36.0,1.0,ML,,,,,,,2.1,0.2,4,,,
62510,1987-08-05T06:12:48Z,-39.19,0.0,175.35,0.0,5.0,0.0,ML,,,,,,,3.4,0.2,6,3.1,0.2,5
62511,1987-08-05T07:12:32Z,-41.04,0.0,175.41,0.0,26.0,1.0,ML,,,,,,,1.9,0.0,3,,,
62512,1987-08-05T16:39:14Z,-41.43,0.0,173.91,0.0,56.0,2.0,ML,,,,,,,2.6,0.1,6,,,
62042,1987-08-05T16:53:16Z,-45.65,0.2,169.05,0.9,5.0,0.0,ML,,,,,,,2.2,0.0,2,,,
62513,1987-08-05T18:58:11Z,-40.16,0.0,174.82,0.0,1.0,3.0,ML,,,,,,,3.0,0.2,8,,,
61690,1987-08-05T20:08:29Z,-40.16,0.0,176.87,0.0,52.0,4.0,ML,,,,,,,3.9,0.2,14,,,
62516,1987-08-06T04:20:23Z,-41.32,0.0,175.1,0.0,23.0,0.0,ML,,,,,,,2.1,0.2,7,,,
62050,1987-08-06T09:24:32Z,-44.93,0.0,168.41,0.1,122.0,4.0,ML,,,,,,,2.7,0.1,6,,,
62522,1987-08-06T12:45:50Z,-37.12,0.0,177.55,0.0,156.0,6.0,ML,,,,,,,4.0,0.1,10,,,
62053,1987-08-06T23:06:34Z,-41.12,0.0,174.83,0.0,27.0,0.0,ML,,,,,,,2.7,0.5,9,,,
62528,1987-08-07T03:25:21Z,-39.75,0.1,174.84,0.0,182.0,13.0,ML,,,,,,,3.0,0.2,5,,,
62600,1987-08-07T03:47:13Z,-39.08,0.0,173.93,0.0,12.0,0.0,ML,,,,,,,3.0,0.1,3,,,
62057,1987-08-07T03:51:43Z,-44.33,0.1,168.48,0.1,5.0,0.0,ML,,,,,,,3.4,0.1,8,,,
62529,1987-08-07T04:18:23Z,-40.27,0.0,174.03,0.0,17.0,2.0,ML,,,,,,,2.6,0.1,6,,,
62530,1987-08-07T04:45:43Z,-41.77,0.0,174.5,0.0,36.0,4.0,ML,,,,,,,2.5,0.2,8,,,
62535,1987-08-07T11:01:38Z,-40.93,0.0,176.83,0.1,25.0,5.0,ML,,,,,,,2.8,0.2,8,,,
62536,1987-08-07T13:36:41Z,-41.48,0.0,174.42,0.0,59.0,1.0,ML,,,,,,,2.4,0.1,9,,,
62539,1987-08-07T14:50:53Z,-42.33,0.2,175.17,0.1,33.0,44.0,ML,,,,,,,2.4,0.1,6,,,
62540,1987-08-07T15:46:29Z,-41.26,0.0,175.33,0.0,29.0,1.0,ML,,,,,,,1.9,0.1,9,,,
62542,1987-08-07T16:39:18Z,-41.33,0.0,174.6,0.0,21.0,1.0,ML,,,,,,,1.4,0.3,6,,,
62544,1987-08-07T20:51:38Z,-40.18,0.0,174.96,0.0,2.0,0.0,ML,,,,,,,2.3,0.2,6,,,
62545,1987-08-07T21:26:54Z,-41.48,0.0,174.76,0.0,33.0,0.0,ML,,,,,,,1.8,0.1,4,,,
62546,1987-08-07T22:27:31Z,-38.06,0.0,178.75,0.0,43.0,5.0,ML,,,,,,,4.0,0.2,16,,,
62547,1987-08-08T00:40:15Z,-40.58,0.0,175.85,0.0,54.0,4.0,ML,,,,,,,2.5,0.1,8,,,
62550,1987-08-08T03:27:47Z,-40.69,0.0,174.5,0.0,29.0,2.0,ML,,,,,,,2.1,0.1,9,,,
62552,1987-08-08T05:35:35Z,-42.23,0.0,173.88,0.0,32.0,3.0,ML,,,,,,,3.1,0.3,9,,,
62555,1987-08-08T06:58:32Z,-41.24,0.0,175.26,0.0,25.0,1.0,ML,,,,,,,2.2,0.1,9,,,
62556,1987-08-08T07:00:41Z,-41.08,0.0,174.65,0.0,32.0,1.0,ML,,,,,,,1.8,0.2,7,,,
62070,1987-08-08T07:48:02Z,-37.07,0.1,179.17,0.1,5.0,0.0,Mw,5.8,nan,0,5.7,nan,0,5.1,0.2,25,,,
62071,1987-08-08T09:35:05Z,-42.08,0.0,178.28,0.0,33.0,0.0,ML,,,,,,,5.0,0.2,17,,,
62561,1987-08-08T09:42:35Z,-40.16,0.0,174.84,0.0,5.0,0.0,ML,,,,,,,2.7,0.1,9,,,
62072,1987-08-08T11:04:58Z,-44.66,0.1,167.63,0.0,12.0,0.0,ML,,,,,,,3.0,0.2,3,,,
62073,1987-08-08T14:14:12Z,-44.81,0.1,167.19,0.0,33.0,0.0,ML,,,,,,,2.6,0.1,3,,,
62564,1987-08-08T16:49:05Z,-40.17,0.0,174.8,0.0,5.0,8.0,ML,,,,,,,2.4,0.1,6,,,
62565,1987-08-08T17:55:39Z,-41.52,0.0,174.61,0.0,57.0,1.0,ML,,,,,,,2.5,0.3,8,,,
62074,1987-08-08T18:21:12Z,-45.54,0.0,167.27,0.0,93.0,9.0,ML,,,,,,,4.2,0.1,3,,,
62569,1987-08-08T22:00:14Z,-39.29,0.0,174.99,0.0,29.0,3.0,ML,,,,,,,3.4,0.2,10,,,
62574,1987-08-09T01:42:44Z,-41.64,0.0,174.64,0.0,30.0,1.0,ML,,,,,,,1.9,0.2,9,,,
62077,1987-08-09T03:01:28Z,-45.4,0.0,167.5,0.0,12.0,0.0,ML,,,,,,,3.7,0.2,10,,,
62575,1987-08-09T03:14:07Z,-40.81,0.0,173.75,0.0,92.0,7.0,ML,,,,,,,2.7,0.1,8,,,
62576,1987-08-09T05:41:48Z,-36.74,0.0,177.86,0.0,159.0,4.0,ML,,,,,,,4.3,0.2,17,,,
62578,1987-08-09T10:31:40Z,-40.14,0.1,174.84,0.0,12.0,0.0,ML,,,,,,,2.2,0.1,4,,,
62583,1987-08-09T17:23:28Z,-41.69,0.0,174.48,0.0,35.0,6.0,ML,,,,,,,2.2,0.2,5,,,
62622,1987-08-09T22:20:34Z,-40.78,0.0,174.89,0.0,19.0,2.0,ML,,,,,,,2.6,0.1,9,,,
62093,1987-08-10T01:12:27Z,-41.14,0.0,175.33,0.0,26.0,1.0,ML,,,,,,,2.0,0.2,7,,,
62605,1987-08-10T04:53:20Z,-36.99,0.1,179.45,0.1,65.0,25.0,ML,,,,,,,4.7,0.2,17,,,
63792,1987-08-10T05:36:52Z,-37.08,0.0,178.82,0.1,33.0,0.0,ML,,,,,,,3.6,0.3,5,,,
62626,1987-08-10T08:51:50Z,-40.63,0.0,174.68,0.0,27.0,1.0,ML,,,,,,,2.6,0.1,9,,,
62631,1987-08-10T12:13:50Z,-41.01,0.0,174.34,0.0,48.0,2.0,ML,,,,,,,2.3,0.1,6,,,
62632,1987-08-10T12:31:00Z,-41.08,0.1,173.93,0.1,58.0,5.0,ML,,,,,,,2.3,0.2,2,,,
62606,1987-08-10T13:56:36Z,-39.28,0.0,175.01,0.1,28.0,8.0,ML,,,,,,,2.9,0.0,4,3.2,0.3,3
62636,1987-08-10T14:43:08Z,-40.04,0.0,174.3,0.0,127.0,5.0,ML,,,,,,,2.8,0.3,6,,,
62638,1987-08-10T21:22:04Z,-40.63,0.0,174.35,0.0,64.0,4.0,ML,,,,,,,2.6,0.2,6,,,
62639,1987-08-10T21:30:45Z,-40.23,0.0,174.8,0.0,14.0,5.0,ML,,,,,,,2.4,0.2,6,,,
62641,1987-08-10T23:12:41Z,-41.06,0.0,174.46,0.0,62.0,1.0,ML,,,,,,,2.7,0.2,9,,,
64352,1987-08-11T02:27:59Z,-35.41,0.1,178.97,0.1,33.0,0.0,ML,,,,,,,4.4,0.2,6,,,
62644,1987-08-11T03:04:50Z,-40.99,0.0,176.08,0.0,33.0,0.0,ML,,,,,,,2.4,0.1,5,,,
62645,1987-08-11T03:21:53Z,-41.18,0.0,174.06,0.0,74.0,1.0,ML,,,,,,,2.3,0.2,2,,,
62609,1987-08-11T06:08:22Z,-37.87,0.0,176.35,0.0,165.0,3.0,ML,,,,,,,4.3,0.3,15,,,
62649,1987-08-11T14:08:38Z,-42.19,0.0,173.94,0.0,42.0,5.0,ML,,,,,,,3.6,0.2,9,,,
62650,1987-08-11T14:38:25Z,-41.55,0.0,175.02,0.0,25.0,1.0,ML,,,,,,,1.7,0.2,4,,,
62652,1987-08-11T21:49:58Z,-40.81,0.0,175.68,0.0,34.0,2.0,ML,,,,,,,2.3,0.1,5,,,
62653,1987-08-11T22:38:34Z,-40.85,0.0,175.21,0.0,29.0,1.0,ML,,,,,,,1.8,0.1,4,,,
62657,1987-08-12T02:38:21Z,-41.09,0.0,175.39,0.0,25.0,1.0,ML,,,,,,,1.8,0.2,5,,,
62663,1987-08-12T08:11:21Z,-40.42,0.0,173.74,0.0,174.0,2.0,ML,,,,,,,3.7,0.3,8,,,
62675,1987-08-12T20:56:04Z,-41.72,0.0,174.51,0.0,33.0,2.0,ML,,,,,,,2.3,0.2,7,,,
62126,1987-08-12T22:02:58Z,-44.34,0.1,168.7,0.1,26.0,31.0,ML,,,,,,,2.0,0.0,8,,,
62676,1987-08-13T00:14:05Z,-41.51,0.0,174.92,0.0,24.0,1.0,ML,,,,,,,1.5,0.1,4,,,
62677,1987-08-13T03:05:26Z,-40.44,0.0,174.31,0.0,27.0,6.0,ML,,,,,,,1.8,0.1,4,,,
62681,1987-08-13T06:42:02Z,-41.64,0.0,174.55,0.0,32.0,1.0,ML,,,,,,,2.0,0.1,7,,,
62683,1987-08-13T06:54:11Z,-40.53,0.0,173.8,0.0,150.0,2.0,ML,,,,,,,3.1,0.2,8,,,
62615,1987-08-13T10:04:04Z,-38.72,0.0,176.69,0.0,60.0,3.0,ML,,,,,,,2.9,nan,1,,,
62687,1987-08-13T12:13:17Z,-40.94,0.0,175.75,0.1,33.0,2.0,ML,,,,,,,1.7,0.1,6,,,
62690,1987-08-13T14:37:29Z,-40.43,0.0,174.55,0.0,90.0,1.0,ML,,,,,,,2.5,0.1,6,,,
62692,1987-08-13T15:52:44Z,-40.97,0.0,174.54,0.0,59.0,1.0,ML,,,,,,,2.7,0.1,7,,,
62136,1987-08-13T16:15:52Z,-44.64,0.1,168.38,0.1,12.0,0.0,ML,,,,,,,2.3,0.1,5,,,
62693,1987-08-13T18:35:30Z,-41.59,0.0,174.68,0.0,33.0,1.0,ML,,,,,,,2.0,0.1,6,,,
64028,1987-08-13T18:58:01Z,-36.82,0.1,179.85,0.1,33.0,0.0,ML,,,,,,,3.7,0.3,5,,,
62694,1987-08-13T19:45:30Z,-41.04,0.0,174.82,0.0,49.0,2.0,ML,,,,,,,2.1,0.1,7,,,
64029,1987-08-13T20:45:43Z,-37.67,0.0,178.2,0.1,12.0,0.0,ML,,,,,,,3.2,0.3,6,,,
62696,1987-08-13T22:13:44Z,-40.99,0.0,175.35,0.0,20.0,3.0,ML,,,,,,,1.9,0.2,4,,,
62698,1987-08-13T23:06:01Z,-41.72,0.0,174.51,0.0,29.0,1.0,ML,,,,,,,2.1,0.1,5,,,
62699,1987-08-14T00:17:28Z,-40.45,0.0,174.23,0.0,84.0,5.0,ML,,,,,,,2.9,0.2,8,,,
62618,1987-08-14T01:04:06Z,-38.81,0.0,177.55,0.0,17.0,4.0,ML,,,,,,,3.4,0.2,19,,,
64034,1987-08-14T02:11:09Z,-40.08,0.0,174.85,0.0,19.0,3.0,ML,,,,,,,2.7,0.2,7,,,
62701,1987-08-14T02:28:14Z,-40.2,0.0,174.96,0.1,5.0,0.0,ML,,,,,,,2.3,0.3,6,,,
62151,1987-08-14T07:00:19Z,-40.51,0.0,176.57,0.0,86.0,2.0,ML,,,,,,,4.6,0.1,8,,,
64077,1987-08-14T07:03:09Z,-40.52,0.0,176.6,0.0,89.0,2.0,ML,,,,,,,4.0,0.2,12,,,
62762,1987-08-14T07:36:27Z,-39.41,0.0,177.71,0.0,30.0,2.0,ML,,,,,,,2.7,0.4,3,,,
62152,1987-08-14T09:06:05Z,-43.89,0.0,169.84,0.1,33.0,0.0,ML,,,,,,,2.5,0.2,6,,,
62153,1987-08-14T09:54:05Z,-44.99,0.0,168.75,0.0,33.0,0.0,ML,,,,,,,1.9,0.1,5,,,
62704,1987-08-14T12:43:31Z,-40.47,0.0,174.42,0.0,27.0,2.0,ML,,,,,,,2.4,0.2,7,,,
62705,1987-08-14T13:29:24Z,-41.26,0.0,175.52,0.0,22.0,0.0,ML,,,,,,,1.5,0.2,5,,,
62706,1987-08-14T14:14:42Z,-40.62,0.0,174.97,0.0,34.0,1.0,ML,,,,,,,2.0,0.2,6,,,
62709,1987-08-14T18:21:19Z,-41.33,0.0,174.77,0.0,26.0,1.0,ML,,,,,,,1.6,0.1,9,,,
62710,1987-08-14T19:50:34Z,-40.28,0.0,174.4,0.0,24.0,4.0,ML,,,,,,,2.4,0.2,8,,,
62155,1987-08-14T20:31:45Z,-44.94,0.0,167.5,0.0,107.0,2.0,ML,,,,,,,4.4,0.2,5,,,
62156,1987-08-14T21:55:57Z,-45.11,0.0,167.63,0.0,127.0,3.0,ML,,,,,,,4.5,0.3,5,,,
62712,1987-08-15T00:23:13Z,-41.82,0.0,174.93,0.0,33.0,3.0,ML,,,,,,,2.1,0.1,5,,,
62713,1987-08-15T00:28:23Z,-40.78,0.0,174.2,0.0,64.0,3.0,ML,,,,,,,2.4,0.1,6,,,
62716,1987-08-15T07:43:49Z,-41.03,0.0,174.53,0.0,35.0,1.0,ML,,,,,,,1.9,0.1,6,,,
62717,1987-08-15T08:00:34Z,-40.93,0.0,174.47,0.0,42.0,2.0,ML,,,,,,,2.2,0.1,7,,,
62718,1987-08-15T10:38:21Z,-41.24,0.0,175.21,0.0,24.0,1.0,ML,,,,,,,1.9,0.1,9,,,
62719,1987-08-15T13:36:46Z,-42.09,0.0,173.81,0.0,31.0,3.0,ML,,,,,,,3.5,0.1,14,,,
62721,1987-08-15T16:28:36Z,-39.64,0.0,177.27,0.1,17.0,3.0,ML,,,,,,,3.2,0.2,13,,,
62722,1987-08-15T17:04:28Z,-41.08,0.0,175.75,0.1,34.0,1.0,ML,,,,,,,2.0,0.2,2,,,
62723,1987-08-15T19:08:24Z,-41.31,0.0,175.17,0.0,10.0,1.0,ML,,,,,,,1.9,0.2,7,,,
62725,1987-08-15T20:31:31Z,-40.67,0.0,174.09,0.0,98.0,3.0,ML,,,,,,,2.7,0.2,7,,,
62726,1987-08-15T20:57:31Z,-40.18,0.0,174.73,0.0,25.0,2.0,ML,,,,,,,2.7,0.1,8,,,
62727,1987-08-15T23:20:09Z,-37.23,0.1,176.8,0.1,328.0,8.0,ML,,,,,,,4.3,0.1,14,,,
62728,1987-08-15T23:59:37Z,-39.42,0.0,174.89,0.0,17.0,6.0,ML,,,,,,,2.9,0.1,9,,,
62729,1987-08-16T02:17:20Z,-38.94,0.0,175.93,0.0,112.0,2.0,ML,,,,,,,3.7,0.2,9,,,
62730,1987-08-16T02:36:01Z,-36.7,0.0,177.25,0.1,248.0,5.0,ML,,,,,,,5.0,0.2,16,,,
62165,1987-08-16T04:09:30Z,-44.56,0.0,168.35,0.0,33.0,0.0,ML,,,,,,,4.1,0.2,13,,,
62731,1987-08-16T05:18:10Z,-40.19,0.0,175.15,0.0,20.0,3.0,ML,,,,,,,4.5,0.3,16,,,
62732,1987-08-16T05:47:24Z,-40.2,0.0,175.23,0.0,21.0,3.0,ML,,,,,,,3.9,0.3,13,,,
62733,1987-08-16T06:01:24Z,-38.24,0.1,176.22,0.1,203.0,17.0,ML,,,,,,,3.8,0.3,7,,,
62166,1987-08-16T07:10:38Z,-43.23,0.0,172.13,0.0,12.0,0.0,ML,,,,,,,3.8,0.2,11,,,
62734,1987-08-16T08:14:45Z,-40.24,0.0,175.12,0.0,1.0,5.0,ML,,,,,,,2.5,0.4,6,,,
62735,1987-08-16T09:50:16Z,-40.18,0.0,175.14,0.0,12.0,0.0,ML,,,,,,,4.3,0.3,14,,,
62736,1987-08-16T10:00:59Z,-40.19,0.0,175.19,0.0,17.0,4.0,ML,,,,,,,3.3,0.3,16,,,
62737,1987-08-16T10:14:29Z,-40.17,0.0,175.15,0.0,2.0,3.0,ML,,,,,,,3.0,0.1,10,,,
62738,1987-08-16T10:23:47Z,-40.89,0.0,175.85,0.1,36.0,5.0,ML,,,,,,,2.3,0.3,5,,,
64233,1987-08-16T10:25:29Z,-38.27,0.0,176.18,0.0,11.0,0.0,ML,,,,,,,2.0,nan,1,2.1,0.4,3
62739,1987-08-16T10:44:28Z,-40.19,0.0,175.13,0.0,5.0,0.0,ML,,,,,,,2.9,0.1,8,,,
62742,1987-08-16T13:58:55Z,-40.21,0.0,175.13,0.0,12.0,0.0,ML,,,,,,,2.9,0.1,9,,,
62743,1987-08-16T14:04:00Z,-39.42,0.0,174.97,0.0,138.0,3.0,ML,,,,,,,3.9,0.3,15,,,
62744,1987-08-16T14:30:13Z,-40.27,0.1,175.16,0.1,12.0,0.0,ML,,,,,,,2.2,0.1,6,,,
62746,1987-08-16T19:17:56Z,-41.82,0.1,174.4,0.0,29.0,6.0,ML,,,,,,,2.1,0.2,3,,,
62747,1987-08-16T19:42:53Z,-40.7,0.0,174.69,0.0,42.0,1.0,ML,,,,,,,3.2,0.1,9,,,
62748,1987-08-16T19:49:06Z,-41.38,0.0,175.33,0.0,16.0,1.0,ML,,,,,,,1.9,0.3,5,,,
62749,1987-08-16T20:30:05Z,-41.0,0.0,175.33,0.0,21.0,2.0,ML,,,,,,,1.8,0.2,4,,,
62752,1987-08-16T23:44:53Z,-41.1,0.0,174.14,0.0,56.0,1.0,ML,,,,,,,2.5,0.1,6,,,
62753,1987-08-17T00:57:22Z,-37.87,0.0,176.19,0.0,182.0,5.0,ML,,,,,,,4.2,0.3,18,,,
63128,1987-08-17T05:31:49Z,-41.38,0.0,174.58,0.0,30.0,1.0,ML,,,,,,,2.1,0.2,5,,,
63097,1987-08-17T06:02:38Z,-40.29,0.0,174.67,0.0,94.0,5.0,ML,,,,,,,3.5,0.1,12,,,
64234,1987-08-17T07:25:32Z,-37.11,0.0,177.5,0.0,12.0,0.0,ML,,,,,,,3.4,0.4,4,,,
64235,1987-08-17T08:31:12Z,-43.13,0.0,171.82,0.0,2.0,5.0,ML,,,,,,,2.9,0.4,6,,,
63129,1987-08-17T08:35:17Z,-40.88,0.0,174.56,0.0,18.0,3.0,ML,,,,,,,2.1,0.1,5,,,
63130,1987-08-17T08:54:14Z,-41.27,0.0,174.37,0.0,34.0,0.0,ML,,,,,,,2.6,0.2,7,,,
63133,1987-08-17T11:49:37Z,-41.64,0.0,174.07,0.0,22.0,1.0,ML,,,,,,,1.8,0.1,3,,,
63134,1987-08-17T13:13:21Z,-40.74,0.0,174.84,0.0,14.0,2.0,ML,,,,,,,2.0,0.2,6,,,
63137,1987-08-17T18:30:49Z,-41.4,0.0,174.58,0.0,24.0,1.0,ML,,,,,,,1.7,nan,1,,,
62764,1987-08-17T20:02:07Z,-41.28,0.0,174.6,0.0,33.0,0.0,ML,,,,,,,2.5,0.1,9,,,
64377,1987-08-17T20:02:58Z,-41.01,0.0,175.57,0.0,24.0,3.0,ML,,,,,,,1.7,0.1,3,,,
63140,1987-08-17T23:39:20Z,-41.37,0.0,174.93,0.0,25.0,0.0,ML,,,,,,,1.9,0.2,5,,,
63143,1987-08-18T01:14:56Z,-40.98,0.0,175.62,0.0,31.0,1.0,ML,,,,,,,3.1,0.1,8,,,
63145,1987-08-18T02:35:06Z,-41.37,0.0,174.65,0.0,21.0,1.0,ML,,,,,,,2.5,0.1,7,,,
63148,1987-08-18T05:38:12Z,-41.22,0.0,173.72,0.1,61.0,5.0,ML,,,,,,,2.6,0.1,6,,,
63149,1987-08-18T06:48:13Z,-41.34,0.0,174.89,0.0,30.0,1.0,ML,,,,,,,1.8,0.1,6,,,
63098,1987-08-18T09:06:37Z,-40.17,0.0,175.15,0.0,3.0,3.0,ML,,,,,,,2.9,0.2,11,,,
63151,1987-08-18T09:13:27Z,-42.29,0.0,174.65,0.0,27.0,2.0,ML,,,,,,,2.4,0.3,9,,,
63152,1987-08-18T09:23:30Z,-40.98,0.0,174.65,0.0,49.0,2.0,ML,,,,,,,1.7,0.1,4,,,
63153,1987-08-18T10:48:26Z,-41.33,0.0,173.13,0.0,161.0,3.0,ML,,,,,,,3.5,0.1,9,,,
63154,1987-08-18T13:07:21Z,-40.6,0.0,174.1,0.0,93.0,3.0,ML,,,,,,,2.5,0.1,8,,,
62765,1987-08-18T13:16:30Z,-40.84,0.0,179.71,0.1,32.0,17.0,ML,,,,,,,4.1,0.3,20,,,
63155,1987-08-18T14:05:16Z,-40.18,0.0,174.74,0.0,5.0,0.0,ML,,,,,,,2.5,0.1,9,,,
63156,1987-08-18T14:56:46Z,-40.61,0.0,175.5,0.0,31.0,7.0,ML,,,,,,,2.0,0.1,4,,,
63157,1987-08-18T16:00:24Z,-40.73,0.0,175.09,0.0,32.0,1.0,ML,,,,,,,2.4,0.1,9,,,
63160,1987-08-18T16:30:32Z,-42.04,0.0,173.76,0.0,12.0,0.0,ML,,,,,,,2.6,0.2,9,,,
63099,1987-08-18T17:28:20Z,-40.18,0.0,175.18,0.0,12.0,0.0,ML,,,,,,,3.5,0.3,17,,,
63163,1987-08-18T17:55:30Z,-40.25,0.0,174.91,0.0,2.0,0.0,ML,,,,,,,2.1,0.1,7,,,
63165,1987-08-18T18:46:00Z,-41.2,0.0,173.5,0.1,55.0,7.0,ML,,,,,,,2.2,0.1,4,,,
63166,1987-08-18T19:11:07Z,-40.93,0.0,175.75,0.1,31.0,2.0,ML,,,,,,,1.9,0.1,6,,,
63169,1987-08-19T03:46:16Z,-40.72,0.0,175.89,0.0,61.0,4.0,ML,,,,,,,2.5,0.1,5,,,
63170,1987-08-19T07:42:22Z,-40.69,0.0,174.39,0.0,51.0,4.0,ML,,,,,,,2.3,0.2,6,,,
63171,1987-08-19T08:10:22Z,-41.29,0.0,174.04,0.0,47.0,2.0,ML,,,,,,,2.6,0.2,7,,,
63172,1987-08-19T09:25:23Z,-41.88,0.0,174.12,0.1,34.0,1.0,ML,,,,,,,2.5,0.2,6,,,
64490,1987-08-19T09:26:06Z,-41.73,0.0,174.2,0.0,15.0,1.0,ML,,,,,,,1.9,0.1,5,,,
63175,1987-08-19T11:40:48Z,-40.92,0.0,175.66,0.0,21.0,2.0,ML,,,,,,,1.7,0.1,2,,,
63176,1987-08-19T13:21:48Z,-41.09,0.0,174.85,0.0,30.0,1.0,ML,,,,,,,1.3,0.1,4,,,
63101,1987-08-19T17:42:07Z,-41.1,0.0,173.09,0.0,140.0,2.0,ML,,,,,,,4.2,0.2,9,,,
63102,1987-08-19T19:17:01Z,-37.05,0.0,176.83,0.0,242.0,4.0,ML,,,,,,,5.3,0.2,4,,,
63177,1987-08-19T19:35:15Z,-41.63,0.0,174.63,0.0,29.0,1.0,ML,,,,,,,2.0,0.2,5,,,
63178,1987-08-19T19:41:18Z,-41.29,0.0,175.21,0.0,23.0,3.0,ML,,,,,,,1.5,0.2,5,,,
63180,1987-08-19T20:13:13Z,-40.2,0.0,174.77,0.0,19.0,5.0,ML,,,,,,,2.3,0.3,6,,,
63103,1987-08-19T22:11:59Z,-38.1,0.0,176.6,0.0,96.0,4.0,ML,,,,,,,3.7,0.2,13,,,
63181,1987-08-19T23:20:19Z,-40.2,0.0,174.73,0.0,17.0,8.0,ML,,,,,,,2.6,0.1,5,,,
63183,1987-08-20T00:39:21Z,-40.2,0.0,174.67,0.0,12.0,0.0,ML,,,,,,,2.3,0.1,5,,,
63190,1987-08-20T05:59:26Z,-40.21,0.0,173.8,0.0,179.0,3.0,ML,,,,,,,3.7,0.3,8,,,
63191,1987-08-20T07:47:23Z,-41.29,0.0,175.31,0.0,32.0,1.0,ML,,,,,,,1.9,0.1,9,,,
63106,1987-08-20T09:50:09Z,-37.68,0.0,176.27,0.0,202.0,4.0,ML,,,,,,,4.6,0.2,18,,,
63108,1987-08-20T12:22:41Z,-39.35,0.0,174.97,0.0,33.0,0.0,ML,,,,,,,3.0,nan,1,,,
63194,1987-08-20T16:43:11Z,-41.01,0.0,175.58,0.0,28.0,1.0,ML,,,,,,,1.9,0.1,5,,,
63111,1987-08-21T00:43:43Z,-39.22,0.0,175.41,0.0,12.0,0.0,ML,,,,,,,3.8,0.2,17,,,
63113,1987-08-21T07:15:07Z,-41.27,0.0,173.44,0.0,96.0,4.0,ML,,,,,,,4.3,0.2,9,,,
63200,1987-08-21T07:22:46Z,-40.47,0.0,174.56,0.0,80.0,2.0,ML,,,,,,,2.7,0.2,8,,,
63205,1987-08-21T12:56:04Z,-41.12,0.0,174.41,0.0,35.0,1.0,ML,,,,,,,1.9,0.1,3,,,
63206,1987-08-21T13:40:57Z,-42.05,0.0,173.72,0.0,5.0,5.0,ML,,,,,,,2.7,0.1,6,,,
63209,1987-08-21T18:50:59Z,-41.04,0.0,175.07,0.0,31.0,2.0,ML,,,,,,,1.7,0.1,7,,,
63212,1987-08-21T20:37:59Z,-40.34,0.0,174.54,0.0,29.0,1.0,ML,,,,,,,2.4,0.2,5,,,
63115,1987-08-21T23:27:11Z,-38.86,0.0,175.02,0.0,233.0,4.0,ML,,,,,,,4.2,0.2,20,,,
63215,1987-08-22T03:11:09Z,-41.22,0.0,173.93,0.0,53.0,2.0,ML,,,,,,,2.6,0.1,7,,,
63116,1987-08-22T05:04:16Z,-40.22,0.0,174.11,0.0,130.0,4.0,ML,,,,,,,3.6,0.2,9,,,
63286,1987-08-22T06:26:06Z,-45.13,0.2,168.15,0.4,117.0,25.0,ML,,,,,,,3.0,0.2,4,,,
63287,1987-08-22T07:42:00Z,-44.45,0.1,170.27,0.1,5.0,0.0,ML,,,,,,,3.3,0.1,4,,,
63217,1987-08-22T08:54:23Z,-40.35,0.1,174.11,0.1,19.0,8.0,ML,,,,,,,2.3,0.1,7,,,
63218,1987-08-22T09:41:46Z,-41.42,0.0,174.42,0.0,24.0,2.0,ML,,,,,,,1.9,0.1,7,,,
63117,1987-08-22T11:06:26Z,-39.99,0.0,174.79,0.0,13.0,5.0,ML,,,,,,,3.3,0.2,10,,,
63119,1987-08-22T14:35:47Z,-39.38,0.0,177.68,0.0,23.0,2.0,ML,,,,,,,3.4,0.2,18,,,
63221,1987-08-22T14:53:48Z,-41.66,0.0,174.99,0.0,29.0,1.0,ML,,,,,,,1.8,0.2,7,,,
63222,1987-08-22T18:42:04Z,-40.72,0.0,174.94,0.0,37.0,2.0,ML,,,,,,,2.0,0.1,6,,,
63223,1987-08-22T18:47:02Z,-41.72,0.0,174.46,0.0,28.0,2.0,ML,,,,,,,1.9,0.1,5,,,
63224,1987-08-22T19:06:42Z,-41.06,0.0,175.34,0.0,24.0,1.0,ML,,,,,,,1.9,0.2,8,,,
63225,1987-08-22T20:28:01Z,-41.76,0.0,174.17,0.0,17.0,2.0,ML,,,,,,,2.4,0.2,8,,,
63226,1987-08-22T21:10:22Z,-41.09,0.0,174.46,0.0,36.0,1.0,ML,,,,,,,2.7,0.2,9,,,
63288,1987-08-22T21:31:27Z,-43.97,0.3,170.13,0.8,12.0,0.0,ML,,,,,,,2.5,0.1,4,,,
63289,1987-08-22T21:42:18Z,-45.27,0.1,167.77,0.2,124.0,15.0,ML,,,,,,,3.5,0.1,4,,,
63227,1987-08-22T22:27:53Z,-41.98,0.0,174.07,0.0,11.0,3.0,ML,,,,,,,2.2,0.2,6,,,
63228,1987-08-22T23:32:51Z,-41.08,0.0,175.44,0.0,32.0,2.0,ML,,,,,,,1.9,0.2,7,,,
63122,1987-08-23T03:23:38Z,-39.96,0.0,176.92,0.0,51.0,2.0,ML,,,,,,,3.1,0.2,12,,,
63124,1987-08-23T04:36:02Z,-40.15,0.0,176.57,0.0,31.0,3.0,ML,,,,,,,3.1,0.2,13,,,
63229,1987-08-23T04:51:10Z,-40.13,0.0,174.79,0.0,5.0,0.0,ML,,,,,,,2.5,0.2,9,,,
63291,1987-08-23T08:12:02Z,-46.21,0.0,167.29,0.0,33.0,0.0,ML,,,,,,,3.9,0.3,7,,,
63230,1987-08-23T08:29:21Z,-40.1,0.0,174.41,0.0,92.0,2.0,ML,,,,,,,2.5,0.1,7,,,
63232,1987-08-23T08:52:42Z,-36.75,0.1,176.7,0.2,295.0,15.0,ML,,,,,,,4.0,0.1,13,,,
63293,1987-08-23T11:14:27Z,-46.53,0.0,169.37,0.1,33.0,0.0,ML,,,,,,,2.7,0.3,4,,,
63235,1987-08-23T14:33:21Z,-40.55,0.0,174.5,0.0,76.0,2.0,ML,,,,,,,2.3,0.2,7,,,
63125,1987-08-23T15:21:09Z,-38.88,0.0,175.34,0.0,123.0,7.0,ML,,,,,,,3.6,0.2,16,,,
63237,1987-08-23T16:44:08Z,-40.73,0.0,174.49,0.0,65.0,2.0,ML,,,,,,,2.2,0.2,7,,,
63303,1987-08-23T17:14:33Z,-45.08,0.0,168.97,0.0,5.0,0.0,ML,,,,,,,2.0,0.2,4,,,
63239,1987-08-23T19:04:11Z,-40.96,0.0,175.79,0.0,33.0,0.0,ML,,,,,,,2.0,0.1,8,,,
63240,1987-08-23T19:52:17Z,-41.11,0.0,174.64,0.0,32.0,1.0,ML,,,,,,,1.5,0.1,4,,,
63241,1987-08-23T22:22:44Z,-40.6,0.0,176.65,0.2,78.0,19.0,ML,,,,,,,3.2,0.0,2,,,
63243,1987-08-24T01:52:34Z,-41.08,0.0,174.76,0.0,30.0,0.0,ML,,,,,,,1.4,0.1,5,,,
63244,1987-08-24T03:14:16Z,-42.28,0.0,172.76,0.0,11.0,4.0,ML,,,,,,,3.4,0.3,14,,,
63245,1987-08-24T05:50:49Z,-40.96,0.0,174.89,0.0,34.0,1.0,ML,,,,,,,2.0,0.2,6,,,
63246,1987-08-24T07:26:11Z,-40.22,0.0,174.92,0.0,5.0,0.0,ML,,,,,,,2.0,0.1,6,,,
64008,1987-08-24T12:17:19Z,-38.48,0.0,176.21,0.0,7.0,1.0,ML,,,,,,,1.9,0.2,2,2.2,0.3,4
64010,1987-08-24T12:34:23Z,-38.47,0.0,176.21,0.0,9.0,1.0,ML,,,,,,,1.7,0.2,2,2.1,0.2,3
64011,1987-08-24T13:13:55Z,-38.47,0.0,176.2,0.0,10.0,1.0,ML,,,,,,,1.8,0.1,2,2.1,0.1,3
63252,1987-08-24T16:43:36Z,-41.16,0.0,174.68,0.0,30.0,1.0,ML,,,,,,,1.7,0.2,8,,,
63253,1987-08-24T18:08:03Z,-41.26,0.0,172.9,0.1,175.0,3.0,ML,,,,,,,2.6,0.1,6,,,
63256,1987-08-24T21:49:29Z,-42.29,0.1,174.63,0.0,23.0,3.0,ML,,,,,,,2.4,0.4,7,,,
63312,1987-08-24T22:41:20Z,-46.4,0.0,165.97,0.1,5.0,0.0,ML,,,,,,,3.6,0.1,8,,,
63260,1987-08-25T05:10:40Z,-41.76,0.0,174.09,0.0,14.0,1.0,ML,,,,,,,2.1,0.2,5,,,
63261,1987-08-25T05:12:37Z,-41.76,0.0,172.61,0.0,89.0,6.0,ML,,,,,,,4.1,0.2,9,,,
63262,1987-08-25T05:29:03Z,-40.44,0.0,174.62,0.0,76.0,2.0,ML,,,,,,,2.5,0.2,6,,,
63263,1987-08-25T06:26:30Z,-40.35,0.1,174.26,0.1,20.0,6.0,ML,,,,,,,2.3,0.2,6,,,
63264,1987-08-25T06:49:54Z,-40.21,0.0,174.56,0.0,12.0,0.0,ML,,,,,,,2.3,0.1,6,,,
63265,1987-08-25T07:21:07Z,-39.91,0.0,174.32,0.0,203.0,4.0,ML,,,,,,,3.4,0.1,7,,,
63315,1987-08-25T07:48:38Z,-44.59,0.0,168.6,0.0,12.0,0.0,ML,,,,,,,2.2,0.1,5,,,
63266,1987-08-25T10:36:29Z,-40.52,0.0,176.61,0.1,3.0,5.0,ML,,,,,,,2.5,0.1,7,,,
63267,1987-08-25T12:17:58Z,-41.38,0.0,175.11,0.0,27.0,1.0,ML,,,,,,,1.5,0.1,9,,,
63268,1987-08-25T12:31:41Z,-39.98,0.1,175.06,0.1,83.0,9.0,ML,,,,,,,2.4,0.2,7,,,
63269,1987-08-25T13:57:54Z,-40.83,0.0,174.63,0.0,51.0,0.0,ML,,,,,,,1.8,0.1,6,,,
63270,1987-08-25T14:24:00Z,-41.24,0.0,174.55,0.0,22.0,1.0,ML,,,,,,,1.7,0.1,6,,,
63271,1987-08-25T14:45:57Z,-38.57,0.0,175.8,0.0,142.0,3.0,ML,,,,,,,4.1,0.3,16,,,
63317,1987-08-25T14:50:44Z,-44.05,0.0,168.72,0.1,33.0,0.0,ML,,,,,,,2.7,0.1,4,,,
63272,1987-08-25T15:12:10Z,-40.89,0.0,175.91,0.0,31.0,2.0,ML,,,,,,,2.6,0.1,9,,,
63273,1987-08-25T17:21:00Z,-41.06,0.0,174.25,0.0,51.0,1.0,ML,,,,,,,2.5,0.2,9,,,
63274,1987-08-25T18:32:05Z,-40.19,0.0,175.21,0.0,1.0,2.0,ML,,,,,,,1.9,0.1,6,,,
63275,1987-08-25T18:35:49Z,-41.43,0.0,174.35,0.0,20.0,2.0,ML,,,,,,,1.5,0.1,5,,,
63276,1987-08-25T18:52:29Z,-41.49,0.0,174.47,0.0,25.0,2.0,ML,,,,,,,3.5,0.2,10,,,
64030,1987-08-26T04:05:45Z,-41.64,0.0,174.58,0.0,31.0,1.0,ML,,,,,,,1.6,0.0,3,,,
64031,1987-08-26T05:52:23Z,-41.24,0.0,175.21,0.0,28.0,3.0,ML,,,,,,,1.7,0.2,8,,,
64038,1987-08-26T07:47:24Z,-40.97,0.0,174.76,0.0,56.0,2.0,ML,,,,,,,2.3,0.2,6,,,
63954,1987-08-26T07:57:08Z,-40.08,0.0,176.74,0.0,56.0,5.0,ML,,,,,,,3.5,0.3,12,,,
63657,1987-08-26T10:08:11Z,-41.76,0.0,174.47,0.0,32.0,2.0,ML,,,,,,,2.5,0.2,6,,,
63658,1987-08-26T10:19:14Z,-41.74,0.0,174.47,0.0,31.0,2.0,ML,,,,,,,2.2,0.2,7,,,
64039,1987-08-26T10:51:54Z,-40.95,0.0,176.13,0.1,50.0,19.0,ML,,,,,,,2.3,0.1,7,,,
64041,1987-08-26T11:40:17Z,-41.15,0.0,174.76,0.0,31.0,1.0,ML,,,,,,,1.9,0.2,4,,,
64748,1987-08-26T12:52:12Z,-38.21,0.2,175.96,0.1,12.0,0.0,ML,,,,,,,1.7,nan,1,,,
63661,1987-08-26T13:57:56Z,-37.49,0.1,176.52,0.0,221.0,7.0,ML,,,,,,,4.1,0.1,13,,,
63663,1987-08-26T15:16:40Z,-39.21,0.0,175.15,0.0,5.0,0.0,ML,,,,,,,3.3,0.1,8,3.4,0.2,4
63957,1987-08-26T15:45:11Z,-41.44,0.0,174.21,0.0,58.0,2.0,ML,,,,,,,2.0,0.1,4,,,
64044,1987-08-26T16:21:42Z,-41.41,0.0,175.0,0.0,25.0,1.0,ML,,,,,,,1.6,0.1,6,,,
64046,1987-08-26T18:54:18Z,-40.41,0.1,174.36,0.1,55.0,14.0,ML,,,,,,,2.9,0.1,7,,,
64047,1987-08-26T19:10:10Z,-41.68,0.0,173.7,0.1,17.0,3.0,ML,,,,,,,2.7,0.2,4,,,
64049,1987-08-26T19:52:08Z,-40.84,0.0,174.54,0.0,25.0,3.0,ML,,,,,,,1.8,0.1,5,,,
63668,1987-08-26T21:58:11Z,-41.04,0.0,174.82,0.0,51.0,1.0,ML,,,,,,,2.9,0.2,8,,,
63984,1987-08-26T23:47:52Z,-38.64,0.0,176.25,0.0,2.0,1.0,ML,,,,,,,2.9,0.2,8,3.0,0.2,10
63986,1987-08-26T23:57:13Z,-40.1,0.0,174.46,0.0,12.0,0.0,ML,,,,,,,2.3,0.1,4,,,
63995,1987-08-27T02:56:43Z,-40.33,0.1,174.79,0.0,114.0,7.0,ML,,,,,,,2.5,0.2,7,,,
64055,1987-08-27T06:51:04Z,-41.01,0.0,175.54,0.0,28.0,1.0,ML,,,,,,,2.4,0.1,8,,,
63669,1987-08-27T08:25:46Z,-40.08,0.0,176.67,0.0,66.0,3.0,ML,,,,,,,3.8,0.2,17,,,
63670,1987-08-27T08:34:40Z,-42.13,0.0,173.15,0.0,98.0,4.0,ML,,,,,,,3.3,0.1,8,,,
63676,1987-08-28T02:23:09Z,-40.02,0.0,175.88,0.0,54.0,5.0,ML,,,,,,,3.9,0.2,14,,,
64023,1987-08-28T04:27:34Z,-39.21,0.0,175.26,0.0,4.0,3.0,ML,,,,,,,3.0,0.3,5,2.7,0.3,3
64059,1987-08-28T05:33:18Z,-41.1,0.0,173.39,0.0,151.0,1.0,ML,,,,,,,3.0,0.2,7,,,
63677,1987-08-28T06:00:53Z,-39.25,0.0,175.41,0.0,16.0,4.0,ML,,,,,,,3.7,0.3,12,3.3,0.2,5
64060,1987-08-28T06:40:19Z,-41.22,0.0,175.59,0.0,21.0,2.0,ML,,,,,,,1.8,0.1,8,,,
64061,1987-08-28T08:31:17Z,-41.21,0.0,175.68,0.0,24.0,1.0,ML,,,,,,,1.9,0.1,5,,,
63679,1987-08-28T12:03:20Z,-40.2,0.0,175.14,0.0,12.0,0.0,ML,,,,,,,2.5,0.1,7,,,
64064,1987-08-28T12:44:38Z,-41.61,0.0,174.64,0.0,26.0,1.0,ML,,,,,,,1.8,0.2,7,,,
63681,1987-08-28T15:42:58Z,-41.12,0.0,174.62,0.0,35.0,0.0,ML,,,,,,,2.3,0.1,8,,,
64069,1987-08-28T17:44:47Z,-40.66,0.0,174.35,0.0,59.0,5.0,ML,,,,,,,2.4,0.2,5,,,
64024,1987-08-28T18:22:18Z,-38.97,0.0,178.03,0.0,12.0,0.0,ML,,,,,,,3.2,0.1,4,,,
64070,1987-08-28T22:48:56Z,-39.86,0.1,174.33,0.0,207.0,5.0,ML,,,,,,,3.6,0.2,9,,,
64025,1987-08-29T06:09:11Z,-38.62,0.0,175.89,0.0,182.0,6.0,ML,,,,,,,3.6,0.2,10,,,
63685,1987-08-29T09:18:04Z,-41.38,0.0,174.6,0.0,29.0,1.0,ML,,,,,,,2.0,0.2,7,,,
63693,1987-08-29T17:25:30Z,-40.23,0.0,174.91,0.0,12.0,8.0,ML,,,,,,,3.0,0.2,8,,,
63699,1987-08-29T22:01:39Z,-37.27,0.0,177.85,0.0,128.0,4.0,ML,,,,,,,4.2,0.2,15,,,
64083,1987-08-29T22:06:24Z,-41.4,0.0,175.11,0.0,26.0,1.0,ML,,,,,,,1.4,0.1,5,,,
63337,1987-08-29T22:35:53Z,-44.76,0.1,168.57,0.2,102.0,13.0,ML,,,,,,,3.0,0.1,4,,,
64084,1987-08-29T23:09:31Z,-41.58,0.0,173.63,0.1,33.0,5.0,ML,,,,,,,2.1,0.1,4,,,
64089,1987-08-30T03:58:35Z,-40.23,0.0,174.87,0.0,5.0,0.0,ML,,,,,,,2.5,0.2,7,,,
64093,1987-08-30T08:38:27Z,-41.01,0.0,175.59,0.0,28.0,0.0,ML,,,,,,,1.4,0.1,5,,,
64738,1987-08-30T10:57:51Z,-39.41,0.0,178.09,0.0,19.0,6.0,ML,,,,,,,3.0,0.2,5,,,
64740,1987-08-30T13:14:09Z,-39.01,0.0,176.08,0.1,68.0,5.0,ML,,,,,,,3.2,0.0,3,,,
63707,1987-08-30T14:19:47Z,-40.95,0.0,174.88,0.0,28.0,0.0,ML,,,,,,,2.6,0.1,8,,,
64095,1987-08-30T17:38:40Z,-41.49,0.0,173.72,0.0,80.0,2.0,ML,,,,,,,2.7,0.2,8,,,
64096,1987-08-30T20:37:41Z,-41.03,0.0,174.19,0.0,49.0,2.0,ML,,,,,,,2.3,0.2,4,,,
66656,1987-08-30T21:58:53Z,-39.13,0.0,175.32,0.0,164.0,3.0,ML,,,,,,,3.7,0.2,12,,,
66826,1987-08-30T23:57:31Z,-41.1,0.0,175.76,0.0,29.0,1.0,ML,,,,,,,2.0,0.1,7,,,
66667,1987-08-31T00:09:43Z,-39.04,0.0,176.18,0.0,52.0,6.0,ML,,,,,,,3.0,0.1,4,,,
66828,1987-08-31T01:29:20Z,-40.96,0.0,175.62,0.0,31.0,1.0,ML,,,,,,,1.8,0.1,6,,,
66670,1987-08-31T04:48:05Z,-39.53,0.0,175.66,0.0,4.0,3.0,ML,,,,,,,2.8,0.2,11,,,
66829,1987-08-31T05:03:41Z,-41.38,0.0,175.11,0.0,26.0,1.0,ML,,,,,,,1.6,0.1,8,,,
66830,1987-08-31T05:04:49Z,-39.67,0.2,174.46,0.1,122.0,34.0,ML,,,,,,,2.7,0.2,7,,,
66672,1987-08-31T09:09:04Z,-39.8,0.0,177.33,0.0,5.0,0.0,ML,,,,,,,2.6,0.1,4,,,
63716,1987-08-31T09:19:16Z,-39.76,0.0,177.44,0.0,5.0,0.0,ML,,,,,,,2.6,0.2,3,,,
63717,1987-08-31T09:44:04Z,-40.76,0.0,174.62,0.0,43.0,1.0,ML,,,,,,,3.1,0.1,8,,,
66832,1987-08-31T10:15:58Z,-40.78,0.0,174.62,0.0,39.0,3.0,ML,,,,,,,2.0,0.2,6,,,
67831,1987-08-31T10:16:56Z,-38.55,0.0,176.5,0.0,5.0,0.0,ML,,,,,,,2.0,0.0,2,1.6,nan,1
66833,1987-08-31T10:36:15Z,-40.76,0.0,174.61,0.0,41.0,3.0,ML,,,,,,,2.1,0.1,7,,,
63356,1987-08-31T10:40:23Z,-40.45,0.0,174.48,0.0,31.0,2.0,ML,,,,,,,1.7,0.1,5,,,
66834,1987-08-31T12:16:57Z,-40.41,0.0,174.39,0.0,89.0,3.0,ML,,,,,,,2.6,0.1,8,,,
66703,1987-08-31T12:37:03Z,-41.69,0.0,174.24,0.0,15.0,1.0,ML,,,,,,,1.8,0.2,7,,,
63719,1987-08-31T13:42:43Z,-40.42,0.0,173.58,0.0,197.0,3.0,ML,,,,,,,3.1,0.3,5,,,
66737,1987-08-31T14:24:34Z,-41.11,0.0,174.1,0.0,53.0,1.0,ML,,,,,,,1.8,0.1,5,,,
63720,1987-08-31T14:34:36Z,-40.9,0.0,175.82,0.0,33.0,0.0,ML,,,,,,,2.6,0.2,7,,,
66740,1987-08-31T14:44:51Z,-38.3,0.1,176.45,0.0,212.0,17.0,ML,,,,,,,3.4,0.3,8,,,
63359,1987-08-31T16:19:42Z,-41.91,0.0,172.71,0.0,141.0,4.0,ML,,,,,,,3.3,0.2,8,,,
63723,1987-08-31T17:02:50Z,-38.65,0.0,175.66,0.1,142.0,7.0,ML,,,,,,,4.3,0.3,10,,,
66837,1987-08-31T17:06:54Z,-40.29,0.1,174.34,0.1,19.0,6.0,ML,,,,,,,2.3,0.1,7,,,
66838,1987-08-31T18:16:44Z,-41.19,0.0,174.46,0.0,33.0,1.0,ML,,,,,,,1.5,0.2,5,,,
63360,1987-08-31T18:37:41Z,-44.64,0.1,168.56,0.1,107.0,7.0,ML,,,,,,,2.4,0.1,4,,,
66840,1987-08-31T21:19:18Z,-40.6,0.0,174.2,0.0,80.0,5.0,ML,,,,,,,2.6,0.1,6,,,
67955,1987-08-31T21:45:38Z,-41.32,0.0,174.97,0.0,22.0,1.0,ML,,,,,,,1.4,0.1,7,,,
66841,1987-08-31T22:48:02Z,-40.92,0.0,175.45,0.0,28.0,1.0,ML,,,,,,,2.0,0.2,8,,,
67025,1987-09-01T00:36:03Z,-38.87,0.0,175.98,0.0,5.0,0.0,ML,,,,,,,1.7,nan,1,2.5,0.4,5
66842,1987-09-01T00:53:40Z,-40.79,0.0,174.72,0.0,35.0,1.0,ML,,,,,,,2.4,0.1,8,,,
66845,1987-09-01T04:56:52Z,-40.82,0.0,174.22,0.0,56.0,4.0,ML,,,,,,,2.1,0.1,5,,,
66847,1987-09-01T05:59:18Z,-39.23,0.0,175.26,0.0,6.0,5.0,ML,,,,,,,3.1,0.3,8,3.0,0.2,3
66851,1987-09-01T15:37:13Z,-40.1,0.0,174.92,0.0,0.0,4.0,ML,,,,,,,2.3,0.4,6,,,
67026,1987-09-01T15:47:52Z,-38.63,0.0,175.98,0.0,3.0,2.0,ML,,,,,,,3.0,0.3,10,3.0,0.5,9
66784,1987-09-01T16:08:43Z,-39.74,0.0,176.11,0.0,42.0,0.0,ML,,,,,,,2.8,0.2,2,,,
63372,1987-09-01T16:43:24Z,-44.28,0.1,168.37,0.1,0.0,57.0,ML,,,,,,,2.3,0.1,4,,,
63733,1987-09-02T05:23:14Z,-39.22,0.0,174.7,0.0,209.0,4.0,ML,,,,,,,5.4,0.3,5,,,
66932,1987-09-02T08:43:39Z,-45.11,0.0,167.53,0.1,114.0,7.0,ML,,,,,,,4.0,0.3,5,,,
66856,1987-09-02T11:36:04Z,-41.08,0.0,174.13,0.0,58.0,2.0,ML,,,,,,,2.5,0.1,6,,,
63734,1987-09-02T11:46:02Z,-41.37,0.0,173.46,0.0,117.0,2.0,ML,,,,,,,3.4,0.2,8,,,
66857,1987-09-02T13:49:33Z,-39.21,0.0,175.23,0.0,5.0,0.0,ML,,,,,,,3.0,0.3,6,2.8,0.3,3
66859,1987-09-02T14:24:05Z,-41.05,0.0,174.97,0.0,58.0,1.0,ML,,,,,,,2.4,0.2,8,,,
66860,1987-09-02T20:11:40Z,-40.97,0.0,175.67,0.0,32.0,4.0,ML,,,,,,,2.2,0.1,6,,,
75128,1987-09-03T00:07:29Z,-41.49,0.0,174.76,0.0,26.0,1.0,ML,,,,,,,1.9,0.1,5,,,
77197,1987-09-03T02:14:50Z,-38.71,0.0,175.96,0.0,5.0,0.0,ML,,,,,,,1.6,nan,1,,,
75332,1987-09-03T02:15:35Z,-38.64,0.0,175.97,0.0,5.0,0.0,ML,,,,,,,2.7,0.4,6,2.5,0.2,2
75129,1987-09-03T04:34:03Z,-41.05,0.0,174.54,0.0,30.0,3.0,ML,,,,,,,1.7,0.0,3,,,
75131,1987-09-03T05:35:39Z,-40.5,0.0,175.54,0.0,31.0,2.0,ML,,,,,,,2.3,0.2,6,,,
78208,1987-09-03T10:59:25Z,-45.15,0.0,167.19,0.0,33.0,0.0,ML,,,,,,,3.8,0.2,6,,,
75138,1987-09-03T11:36:25Z,-41.12,0.0,175.25,0.0,26.0,2.0,ML,,,,,,,2.0,0.2,4,,,
75139,1987-09-03T12:27:17Z,-40.87,0.0,174.72,0.0,14.0,1.0,ML,,,,,,,2.7,0.2,9,,,
78209,1987-09-03T19:37:33Z,-44.46,0.0,168.01,0.0,12.0,0.0,ML,,,,,,,3.6,0.4,8,,,
75141,1987-09-03T22:27:54Z,-41.43,0.0,174.63,0.0,19.0,1.0,ML,,,,,,,1.7,0.0,5,,,
75142,1987-09-03T22:32:37Z,-41.39,0.0,174.64,0.0,21.0,1.0,ML,,,,,,,2.2,0.1,7,,,
75143,1987-09-04T01:03:27Z,-38.7,0.0,175.85,0.0,136.0,2.0,ML,,,,,,,3.6,0.2,8,,,
77605,1987-09-04T02:27:39Z,-43.89,0.0,169.24,0.0,12.0,0.0,ML,,,,,,,3.7,0.3,10,,,
74482,1987-09-04T03:31:36Z,-44.41,0.0,169.45,0.1,25.0,7.0,ML,,,,,,,2.4,0.2,8,,,
74485,1987-09-04T03:45:21Z,-38.64,0.0,177.6,0.0,62.0,4.0,ML,,,,,,,3.5,0.3,4,,,
74486,1987-09-04T03:54:59Z,-43.82,0.0,169.28,0.0,7.0,0.0,ML,,,,,,,3.7,0.2,13,,,
75147,1987-09-04T05:09:13Z,-41.56,0.1,173.69,0.1,43.0,14.0,ML,,,,,,,2.3,0.1,3,,,
75150,1987-09-04T09:05:43Z,-41.66,0.0,173.71,0.1,11.0,3.0,ML,,,,,,,2.5,0.2,7,,,
75151,1987-09-04T09:18:19Z,-41.7,0.0,173.67,0.1,13.0,4.0,ML,,,,,,,2.2,0.2,4,,,
75152,1987-09-04T09:23:04Z,-40.16,0.0,174.81,0.0,4.0,6.0,ML,,,,,,,2.7,0.1,9,,,
75153,1987-09-04T12:04:24Z,-40.36,0.0,173.75,0.0,174.0,6.0,ML,,,,,,,3.3,0.3,9,,,
75156,1987-09-04T13:59:32Z,-41.22,0.0,172.82,0.1,221.0,4.0,ML,,,,,,,3.2,0.3,7,,,
75157,1987-09-04T14:32:54Z,-41.31,0.0,174.23,0.0,36.0,2.0,ML,,,,,,,2.1,0.1,7,,,
75159,1987-09-04T15:43:42Z,-41.22,0.0,173.67,0.1,94.0,4.0,ML,,,,,,,2.4,0.2,5,,,
75164,1987-09-04T20:59:12Z,-41.15,0.0,174.55,0.0,33.0,0.0,ML,,,,,,,2.3,0.1,7,,,
75167,1987-09-04T22:07:18Z,-40.17,0.0,174.8,0.0,15.0,5.0,ML,,,,,,,2.7,0.1,7,,,
75335,1987-09-04T22:31:17Z,-38.08,0.0,176.3,0.0,159.0,4.0,ML,,,,,,,4.8,0.3,10,,,
75168,1987-09-04T23:17:39Z,-40.53,0.0,175.08,0.0,35.0,6.0,ML,,,,,,,2.3,0.2,6,,,
75169,1987-09-05T00:29:26Z,-38.87,0.1,175.86,0.1,179.0,6.0,ML,,,,,,,3.4,0.2,9,,,
75173,1987-09-05T03:55:40Z,-40.65,0.0,175.02,0.0,39.0,2.0,ML,,,,,,,2.7,0.1,8,,,
75174,1987-09-05T05:31:14Z,-41.1,0.0,174.66,0.0,34.0,1.0,ML,,,,,,,2.0,0.1,5,,,
74496,1987-09-05T07:09:28Z,-44.9,0.0,168.97,0.0,33.0,0.0,ML,,,,,,,1.8,nan,1,,,
75175,1987-09-05T07:45:33Z,-41.06,0.0,174.66,0.0,60.0,1.0,ML,,,,,,,2.5,0.1,7,,,
74497,1987-09-05T08:16:38Z,-44.45,0.0,169.47,0.1,5.0,0.0,ML,,,,,,,2.7,0.1,4,,,
75176,1987-09-05T09:56:42Z,-40.32,0.0,174.81,0.0,33.0,0.0,ML,,,,,,,2.2,0.1,4,,,
75932,1987-09-05T11:42:51Z,-39.21,0.0,176.72,0.0,44.0,4.0,ML,,,,,,,3.0,0.1,4,,,
75179,1987-09-05T13:42:15Z,-41.17,0.0,174.68,0.0,31.0,0.0,ML,,,,,,,1.8,0.1,6,,,
75182,1987-09-05T16:31:32Z,-41.04,0.0,174.45,0.0,47.0,1.0,ML,,,,,,,3.7,0.2,6,,,
75187,1987-09-05T18:39:59Z,-40.93,0.0,175.79,0.1,33.0,0.0,ML,,,,,,,2.0,0.1,3,,,
77916,1987-09-05T19:45:24Z,-37.96,0.0,176.89,0.0,5.0,4.0,ML,,,,,,,2.8,0.3,5,,,
75190,1987-09-05T22:57:25Z,-41.22,0.0,175.2,0.0,26.0,2.0,ML,,,,,,,1.8,0.2,8,,,
75195,1987-09-06T03:22:40Z,-38.95,0.0,174.77,0.0,5.0,0.0,ML,,,,,,,3.0,0.1,6,,,
75198,1987-09-06T06:08:38Z,-40.48,0.0,175.9,0.0,33.0,0.0,ML,,,,,,,3.2,0.2,15,,,
74503,1987-09-06T08:26:36Z,-44.96,0.0,169.17,0.0,1.0,2.0,ML,,,,,,,1.5,0.1,4,,,
75202,1987-09-06T13:59:31Z,-40.71,0.0,174.2,0.0,64.0,6.0,ML,,,,,,,2.4,0.1,7,,,
75208,1987-09-06T21:54:58Z,-41.23,0.0,175.37,0.0,26.0,1.0,ML,,,,,,,2.6,0.2,9,,,
75209,1987-09-06T22:48:04Z,-41.75,0.0,174.5,0.0,32.0,2.0,ML,,,,,,,2.6,0.3,7,,,
74508,1987-09-07T03:16:48Z,-45.18,0.0,168.04,0.1,158.0,6.0,ML,,,,,,,3.1,0.1,8,,,
75210,1987-09-07T04:03:49Z,-41.25,0.0,174.99,0.0,26.0,0.0,ML,,,,,,,1.9,0.2,6,,,
75211,1987-09-07T05:10:40Z,-40.42,0.0,174.42,0.0,18.0,4.0,ML,,,,,,,3.5,0.2,16,,,
75213,1987-09-07T06:15:55Z,-41.7,0.0,175.05,0.0,39.0,1.0,ML,,,,,,,2.9,0.2,8,,,
74511,1987-09-07T08:35:07Z,-42.63,0.0,173.12,0.0,61.0,3.0,ML,,,,,,,3.9,0.1,11,,,
75216,1987-09-07T09:02:31Z,-42.62,0.0,173.11,0.0,67.0,3.0,ML,,,,,,,4.1,0.1,11,,,
75218,1987-09-07T10:54:21Z,-38.87,0.0,175.61,0.0,165.0,3.0,ML,,,,,,,3.8,0.5,9,,,
75336,1987-09-07T14:49:06Z,-38.88,0.0,175.89,0.0,5.0,0.0,ML,,,,,,,1.5,nan,1,1.9,0.3,4
75222,1987-09-07T15:58:45Z,-40.99,0.0,175.57,0.0,27.0,1.0,ML,,,,,,,1.9,0.1,6,,,
75223,1987-09-07T16:16:40Z,-42.09,0.0,174.26,0.0,27.0,0.0,ML,,,,,,,2.3,0.2,5,,,
75230,1987-09-07T20:25:20Z,-41.64,0.0,174.42,0.0,12.0,0.0,ML,,,,,,,2.1,0.2,5,,,
75231,1987-09-07T20:52:57Z,-40.53,0.1,174.64,0.0,27.0,2.0,ML,,,,,,,3.1,0.0,9,,,
75232,1987-09-07T21:12:48Z,-40.92,0.0,173.41,0.0,138.0,2.0,ML,,,,,,,3.1,0.1,7,,,
75233,1987-09-07T21:16:37Z,-41.03,0.0,173.73,0.0,80.0,2.0,ML,,,,,,,2.3,0.1,3,,,
75235,1987-09-08T01:47:19Z,-41.32,0.0,174.57,0.0,11.0,1.0,ML,,,,,,,1.8,0.2,6,,,
75236,1987-09-08T02:41:00Z,-40.88,0.0,173.88,0.0,55.0,4.0,ML,,,,,,,2.9,0.1,9,,,
75238,1987-09-08T04:00:43Z,-41.35,0.0,173.9,0.1,59.0,3.0,ML,,,,,,,2.9,0.2,5,,,
74546,1987-09-08T06:52:10Z,-39.09,0.0,175.21,0.0,226.0,6.0,ML,,,,,,,4.4,0.2,12,,,
75949,1987-09-08T07:50:02Z,-39.2,0.0,176.66,0.0,26.0,0.0,ML,,,,,,,2.5,0.2,2,,,
75241,1987-09-08T08:13:12Z,-39.8,0.0,176.84,0.0,44.0,2.0,ML,,,,,,,3.7,0.2,16,,,
74548,1987-09-08T15:15:17Z,-44.86,0.0,168.81,0.0,5.0,0.0,ML,,,,,,,1.8,0.1,2,,,
74554,1987-09-08T23:42:15Z,-34.6,0.1,178.63,0.1,427.0,11.0,ML,,,,,,,5.2,0.1,15,,,
75247,1987-09-09T04:45:21Z,-40.26,0.0,176.36,0.0,58.0,5.0,ML,,,,,,,4.0,0.1,16,,,
75249,1987-09-09T08:34:07Z,-41.02,0.0,174.58,0.0,36.0,1.0,ML,,,,,,,2.7,0.1,9,,,
74556,1987-09-09T10:36:46Z,-45.09,0.0,167.98,0.1,135.0,4.0,ML,,,,,,,2.9,0.2,6,,,
75252,1987-09-09T13:07:16Z,-40.17,0.0,174.82,0.0,0.0,2.0,ML,,,,,,,2.7,0.1,7,,,
75961,1987-09-09T17:59:25Z,-39.86,0.0,176.97,0.0,41.0,1.0,ML,,,,,,,2.9,0.2,2,,,
75258,1987-09-09T19:19:57Z,-40.83,0.0,174.54,0.0,30.0,1.0,ML,,,,,,,1.6,0.1,3,,,
75259,1987-09-09T20:54:18Z,-40.37,0.0,174.72,0.0,86.0,3.0,ML,,,,,,,2.7,0.1,5,,,
75338,1987-09-09T22:43:59Z,-38.62,0.0,176.02,0.0,8.0,2.0,ML,,,,,,,1.5,nan,1,2.0,nan,1
75963,1987-09-09T23:08:59Z,-39.12,0.0,176.45,0.0,69.0,2.0,ML,,,,,,,3.2,0.2,4,,,
75260,1987-09-09T23:18:50Z,-41.36,0.0,175.12,0.0,28.0,1.0,ML,,,,,,,2.0,0.2,9,,,
75262,1987-09-10T01:40:06Z,-40.48,0.0,173.95,0.0,98.0,3.0,ML,,,,,,,2.6,0.1,6,,,
75263,1987-09-10T03:05:42Z,-40.96,0.0,174.4,0.0,60.0,1.0,ML,,,,,,,2.7,0.2,5,,,
75264,1987-09-10T03:08:31Z,-40.09,0.0,176.37,0.0,76.0,4.0,ML,,,,,,,3.2,0.3,11,,,
75266,1987-09-10T03:28:36Z,-41.72,0.0,174.18,0.0,18.0,2.0,ML,,,,,,,2.1,0.1,6,,,
78197,1987-09-10T04:14:44Z,-37.21,0.1,178.41,0.1,12.0,0.0,ML,,,,,,,3.7,0.3,3,,,
75267,1987-09-10T04:40:38Z,-41.02,0.0,174.79,0.0,30.0,1.0,ML,,,,,,,2.1,0.1,6,,,
75269,1987-09-10T06:19:10Z,-41.01,0.0,175.37,0.0,29.0,1.0,ML,,,,,,,2.0,0.1,8,,,
75271,1987-09-10T07:37:03Z,-41.29,0.0,175.25,0.0,28.0,1.0,ML,,,,,,,1.8,0.1,8,,,
74571,1987-09-10T18:30:21Z,-45.08,0.1,168.92,0.6,169.0,10.0,ML,,,,,,,2.3,0.1,4,,,
75275,1987-09-10T22:00:57Z,-40.52,0.0,173.58,0.0,167.0,2.0,ML,,,,,,,3.0,0.2,8,,,
74573,1987-09-11T02:12:33Z,-43.96,0.0,169.1,0.1,33.0,0.0,ML,,,,,,,2.6,0.1,6,,,
74574,1987-09-11T05:15:05Z,-45.21,0.1,168.24,0.2,157.0,12.0,ML,,,,,,,2.7,0.2,4,,,
75277,1987-09-11T05:42:36Z,-41.28,0.0,174.48,0.0,59.0,1.0,ML,,,,,,,2.2,0.1,4,,,
75278,1987-09-11T06:22:19Z,-40.93,0.0,175.51,0.1,24.0,5.0,ML,,,,,,,1.8,0.1,4,,,
78198,1987-09-11T06:27:39Z,-41.72,0.0,174.12,0.0,26.0,7.0,ML,,,,,,,2.1,0.2,3,,,
75280,1987-09-11T08:54:29Z,-39.68,0.0,176.92,0.1,59.0,7.0,ML,,,,,,,3.1,0.1,9,,,
75339,1987-09-11T09:49:30Z,-38.63,0.0,175.99,0.0,7.0,3.0,ML,,,,,,,2.0,0.1,2,2.3,0.4,4
75281,1987-09-11T18:03:32Z,-41.4,0.0,173.53,0.0,108.0,0.0,ML,,,,,,,2.6,0.1,4,,,
75283,1987-09-11T23:48:48Z,-40.16,0.1,176.33,0.1,45.0,25.0,ML,,,,,,,3.0,0.2,9,,,
75284,1987-09-12T00:29:19Z,-40.11,0.0,174.7,0.0,125.0,4.0,ML,,,,,,,2.9,0.2,6,,,
74577,1987-09-12T01:43:14Z,-45.07,0.0,168.93,0.2,0.0,23.0,ML,,,,,,,1.3,0.4,7,,,
75285,1987-09-12T03:24:19Z,-41.69,0.1,174.84,0.1,145.0,4.0,ML,,,,,,,2.6,0.2,5,,,
75286,1987-09-12T06:30:23Z,-37.07,0.9,-179.51,2.1,30.0,288.0,ML,,,,,,,4.3,0.1,20,,,
75287,1987-09-12T08:05:05Z,-41.65,0.0,174.58,0.0,32.0,1.0,ML,,,,,,,2.5,0.3,8,,,
75288,1987-09-12T09:24:21Z,-40.7,0.0,174.93,0.0,33.0,1.0,ML,,,,,,,2.6,0.3,8,,,
75290,1987-09-12T10:19:37Z,-40.71,0.0,174.96,0.0,33.0,1.0,ML,,,,,,,2.2,0.2,6,,,
75291,1987-09-12T12:32:42Z,-41.71,0.0,173.96,0.1,31.0,3.0,ML,,,,,,,2.2,0.1,4,,,
75292,1987-09-12T14:37:02Z,-40.98,0.0,174.47,0.0,66.0,2.0,ML,,,,,,,2.2,0.1,6,,,
75293,1987-09-12T14:52:36Z,-40.88,0.0,175.85,0.1,36.0,5.0,ML,,,,,,,2.3,0.1,5,,,
75295,1987-09-12T16:28:02Z,-41.8,0.0,174.76,0.0,49.0,3.0,ML,,,,,,,2.5,0.1,8,,,
75296,1987-09-12T17:03:41Z,-41.6,0.0,174.66,0.0,32.0,1.0,ML,,,,,,,2.0,0.1,6,,,
75297,1987-09-12T18:12:22Z,-41.71,0.0,174.52,0.0,34.0,4.0,ML,,,,,,,2.1,0.2,3,,,
75299,1987-09-12T20:09:40Z,-40.2,0.0,175.23,0.0,12.0,3.0,ML,,,,,,,4.3,0.3,10,,,
75968,1987-09-12T20:13:48Z,-40.05,0.0,176.87,0.0,28.0,0.0,ML,,,,,,,2.7,0.3,3,,,
75300,1987-09-12T20:55:17Z,-40.2,0.0,175.12,0.0,5.0,0.0,ML,,,,,,,2.7,0.1,9,,,
75301,1987-09-12T23:14:20Z,-41.35,0.0,173.97,0.0,43.0,2.0,ML,,,,,,,2.7,0.2,4,,,
75970,1987-09-13T03:48:44Z,-39.0,0.0,177.0,0.0,50.0,6.0,ML,,,,,,,3.1,0.2,5,,,
75302,1987-09-13T03:53:09Z,-41.11,0.0,175.36,0.0,28.0,2.0,ML,,,,,,,1.9,0.2,4,,,
75303,1987-09-13T04:35:55Z,-40.2,0.0,175.12,0.0,6.0,5.0,ML,,,,,,,2.4,0.1,7,,,
75309,1987-09-13T11:23:48Z,-35.22,0.1,179.48,0.2,217.0,22.0,ML,,,,,,,4.3,0.3,12,,,
75312,1987-09-13T13:10:12Z,-41.1,0.0,174.53,0.0,35.0,1.0,ML,,,,,,,3.1,0.1,9,,,
75314,1987-09-13T15:41:28Z,-40.23,0.0,175.13,0.0,6.0,3.0,ML,,,,,,,2.6,0.1,9,,,
76092,1987-09-14T05:09:23Z,-41.43,0.0,174.45,0.0,16.0,3.0,ML,,,,,,,1.8,0.1,4,,,
76094,1987-09-14T07:38:13Z,-41.68,0.0,174.65,0.0,27.0,2.0,ML,,,,,,,2.0,0.1,5,,,
76095,1987-09-14T11:00:41Z,-41.41,0.0,174.68,0.0,24.0,1.0,ML,,,,,,,1.8,0.1,4,,,
75973,1987-09-14T11:35:27Z,-37.82,0.0,176.47,0.0,181.0,3.0,ML,,,,,,,4.1,0.2,17,,,
76096,1987-09-14T12:49:21Z,-40.4,0.0,174.43,0.0,4.0,5.0,ML,,,,,,,2.1,0.1,5,,,
76097,1987-09-14T13:47:26Z,-40.99,0.0,175.37,0.0,25.0,1.0,ML,,,,,,,2.0,0.2,8,,,
76098,1987-09-14T16:01:28Z,-40.81,0.0,176.14,0.0,44.0,10.0,ML,,,,,,,2.4,0.2,6,,,
76032,1987-09-14T17:47:26Z,-41.03,0.0,174.02,0.0,68.0,2.0,ML,,,,,,,2.6,0.1,7,,,
76178,1987-09-15T00:39:13Z,-44.87,0.0,169.58,0.0,5.0,0.0,ML,,,,,,,2.4,0.2,6,,,
76182,1987-09-15T05:13:43Z,-44.71,0.0,168.27,0.2,80.0,22.0,ML,,,,,,,3.0,0.1,6,,,
78199,1987-09-15T09:19:19Z,-37.57,0.1,178.22,0.1,22.0,5.0,ML,,,,,,,3.5,0.1,4,,,
76041,1987-09-15T17:54:39Z,-41.25,0.0,174.64,0.0,26.0,0.0,ML,,,,,,,2.9,0.1,10,,,
76106,1987-09-15T18:06:21Z,-41.25,0.0,174.63,0.0,26.0,1.0,ML,,,,,,,1.9,0.1,5,,,
76107,1987-09-15T18:43:43Z,-40.8,0.0,174.61,0.0,46.0,2.0,ML,,,,,,,2.4,0.3,5,,,
76108,1987-09-15T22:31:43Z,-40.61,0.0,174.17,0.0,75.0,6.0,ML,,,,,,,2.5,0.2,2,,,
75979,1987-09-15T22:47:24Z,-40.22,0.0,175.23,0.0,1.0,3.0,ML,,,,,,,2.6,0.1,7,,,
76189,1987-09-16T00:52:49Z,-46.35,0.1,165.34,0.2,12.0,0.0,ML,,,,,,,3.9,0.2,8,,,
76110,1987-09-16T01:43:41Z,-40.86,0.0,175.82,0.0,33.0,2.0,ML,,,,,,,2.4,0.0,6,,,
75980,1987-09-16T02:58:05Z,-39.5,0.0,177.06,0.1,28.0,2.0,ML,,,,,,,2.8,0.2,4,,,
75981,1987-09-16T06:18:57Z,-40.0,0.0,176.13,0.0,24.0,4.0,ML,,,,,,,2.9,0.2,12,,,
76120,1987-09-16T13:59:56Z,-40.47,0.0,174.21,0.0,23.0,3.0,ML,,,,,,,2.4,0.1,5,,,
76121,1987-09-16T14:28:05Z,-40.45,0.0,174.14,0.0,24.0,9.0,ML,,,,,,,2.4,0.0,2,,,
76122,1987-09-16T15:16:30Z,-40.03,0.1,174.5,0.0,106.0,10.0,ML,,,,,,,2.9,0.2,8,,,
76046,1987-09-16T15:39:45Z,-41.25,0.0,174.64,0.0,26.0,0.0,ML,,,,,,,2.4,0.2,9,,,
76124,1987-09-16T21:21:54Z,-44.76,0.0,168.32,0.0,12.0,0.0,ML,,,,,,,3.2,0.1,8,,,
76125,1987-09-16T21:47:09Z,-41.57,0.0,174.33,0.0,24.0,1.0,ML,,,,,,,2.4,0.1,5,,,
76126,1987-09-16T21:50:00Z,-41.59,0.0,174.31,0.0,23.0,2.0,ML,,,,,,,2.3,0.1,4,,,
75982,1987-09-16T22:16:01Z,-39.25,0.0,176.41,0.0,55.0,3.0,ML,,,,,,,3.0,0.2,4,,,
76198,1987-09-16T22:57:44Z,-45.2,0.1,167.86,0.3,137.0,20.0,ML,,,,,,,2.6,0.1,6,,,
75920,1987-09-17T00:28:09Z,-39.76,0.0,177.03,0.0,42.0,3.0,ML,,,,,,,4.1,0.1,12,,,
76127,1987-09-17T03:11:40Z,-42.04,0.1,174.07,0.0,53.0,17.0,ML,,,,,,,2.7,0.1,2,,,
77530,1987-09-17T08:14:52Z,-38.95,0.1,177.78,0.1,29.0,14.0,ML,,,,,,,2.9,0.2,3,,,
76204,1987-09-17T10:09:16Z,-44.96,0.3,168.79,1.0,124.0,31.0,ML,,,,,,,2.5,0.1,6,,,
76130,1987-09-17T10:57:37Z,-40.61,0.0,174.9,0.0,32.0,3.0,ML,,,,,,,2.1,0.1,6,,,
76132,1987-09-17T16:47:14Z,-40.59,0.0,174.91,0.0,30.0,1.0,ML,,,,,,,2.0,0.2,3,,,
76055,1987-09-17T16:50:13Z,-42.06,0.0,172.96,0.0,79.0,4.0,ML,,,,,,,4.4,0.2,14,,,
76134,1987-09-17T18:41:17Z,-41.59,0.0,174.79,0.0,30.0,1.0,ML,,,,,,,1.9,0.1,5,,,
77536,1987-09-17T20:21:29Z,-39.62,0.0,177.35,0.2,33.0,0.0,ML,,,,,,,2.6,0.2,2,,,
76135,1987-09-17T21:25:39Z,-41.67,0.0,174.1,0.0,33.0,1.0,ML,,,,,,,2.3,0.1,3,,,
77539,1987-09-18T00:12:21Z,-39.41,0.0,177.47,0.0,32.0,3.0,ML,,,,,,,2.3,0.0,3,,,
76139,1987-09-18T01:00:09Z,-41.45,0.0,174.76,0.0,30.0,1.0,ML,,,,,,,1.8,0.2,6,,,
76215,1987-09-18T04:06:52Z,-45.08,0.0,167.51,0.0,101.0,2.0,ML,,,,,,,3.7,0.1,10,,,
77542,1987-09-18T06:56:47Z,-39.57,0.0,176.9,0.0,33.0,1.0,ML,,,,,,,2.3,0.1,3,,,
76141,1987-09-18T07:05:09Z,-41.43,0.0,174.94,0.0,22.0,1.0,ML,,,,,,,1.4,nan,1,,,
76142,1987-09-18T09:24:30Z,-41.35,0.0,173.14,0.0,152.0,1.0,ML,,,,,,,3.0,0.1,7,,,
75924,1987-09-18T09:39:21Z,-38.33,0.0,176.32,0.0,5.0,3.0,ML,,,,,,,2.2,0.2,4,2.3,0.2,2
76062,1987-09-18T11:02:53Z,-41.27,0.0,174.92,0.0,21.0,1.0,ML,,,,,,,2.2,0.2,9,,,
76145,1987-09-18T12:12:08Z,-36.12,0.0,178.82,0.1,240.0,3.0,ML,,,,,,,4.0,0.2,5,,,
76147,1987-09-18T15:42:32Z,-40.75,0.0,175.07,0.0,33.0,1.0,ML,,,,,,,1.9,0.2,3,,,
75926,1987-09-18T17:04:57Z,-38.45,0.0,175.83,0.0,177.0,4.0,ML,,,,,,,5.0,0.1,6,,,
76221,1987-09-19T08:40:36Z,-44.45,0.0,168.65,0.0,12.0,0.0,ML,,,,,,,2.1,0.1,4,,,
77551,1987-09-19T09:57:46Z,-39.7,0.0,176.98,0.0,54.0,1.0,ML,,,,,,,2.6,0.1,3,,,
76152,1987-09-19T13:49:29Z,-41.54,0.0,173.96,0.0,20.0,3.0,ML,,,,,,,2.0,0.1,4,,,
75927,1987-09-19T13:57:51Z,-37.63,0.0,177.46,0.0,84.0,3.0,ML,,,,,,,3.7,0.1,12,,,
76070,1987-09-19T17:04:03Z,-40.52,0.0,175.73,0.0,45.0,8.0,ML,,,,,,,2.8,0.2,10,,,
76155,1987-09-19T19:30:25Z,-40.9,0.0,175.71,0.0,31.0,1.0,ML,,,,,,,2.2,0.1,8,,,
77556,1987-09-19T19:44:10Z,-39.97,0.0,176.8,0.0,45.0,1.0,ML,,,,,,,2.7,0.1,3,,,
76156,1987-09-19T21:35:36Z,-40.86,0.0,174.66,0.0,70.0,1.0,ML,,,,,,,2.1,0.1,6,,,
76222,1987-09-19T21:49:02Z,-46.39,0.0,166.05,0.1,12.0,0.0,ML,,,,,,,4.0,0.2,11,,,
76157,1987-09-19T21:59:41Z,-41.85,0.0,173.85,0.1,45.0,2.0,ML,,,,,,,2.4,0.1,3,,,
76158,1987-09-19T22:20:49Z,-38.19,0.1,175.88,0.1,184.0,10.0,ML,,,,,,,3.8,0.1,14,,,
76159,1987-09-20T00:26:55Z,-40.93,0.0,175.68,0.1,34.0,1.0,ML,,,,,,,2.8,0.3,8,,,
76160,1987-09-20T01:28:12Z,-41.71,0.0,173.24,0.0,113.0,2.0,ML,,,,,,,2.8,0.1,5,,,
76161,1987-09-20T01:37:22Z,-41.23,0.0,174.35,0.0,37.0,1.0,ML,,,,,,,2.6,0.1,7,,,
76162,1987-09-20T03:10:13Z,-40.4,0.0,173.81,0.0,164.0,4.0,ML,,,,,,,3.2,0.3,8,,,
76165,1987-09-20T07:04:17Z,-41.71,0.0,173.75,0.1,16.0,5.0,ML,,,,,,,2.3,0.1,5,,,
76166,1987-09-20T12:06:34Z,-41.74,0.0,174.33,0.0,5.0,0.0,ML,,,,,,,1.5,0.2,4,,,
76242,1987-09-20T12:24:16Z,-43.16,0.0,171.99,0.1,5.0,0.0,ML,,,,,,,3.3,0.2,12,,,
76167,1987-09-20T12:42:14Z,-39.86,0.0,176.64,0.0,32.0,2.0,ML,,,,,,,2.6,0.1,6,,,
76079,1987-09-20T16:23:09Z,-40.99,0.0,175.37,0.0,26.0,1.0,ML,,,,,,,2.5,0.2,9,,,
75930,1987-09-20T17:31:18Z,-39.1,0.0,176.2,0.0,2.0,0.0,ML,,,,,,,2.6,nan,1,2.5,0.1,4
76170,1987-09-20T19:20:32Z,-40.87,0.0,176.04,0.0,33.0,3.0,ML,,,,,,,1.9,0.0,3,,,
76250,1987-09-20T21:26:05Z,-44.63,0.0,168.86,0.0,12.0,0.0,ML,,,,,,,2.1,0.1,5,,,
77261,1987-09-20T22:09:52Z,-41.88,0.1,173.97,0.1,17.0,11.0,ML,,,,,,,2.4,0.1,6,,,
77565,1987-09-21T05:25:48Z,-39.31,0.0,176.99,0.0,35.0,1.0,ML,,,,,,,2.4,0.2,3,,,
77567,1987-09-21T06:01:00Z,-40.04,0.0,176.7,0.0,50.0,3.0,ML,,,,,,,3.0,0.2,4,,,
77264,1987-09-21T06:29:40Z,-38.48,0.1,175.53,0.0,256.0,8.0,ML,,,,,,,3.8,0.2,10,,,
77265,1987-09-21T07:39:10Z,-41.25,0.0,174.36,0.0,15.0,2.0,ML,,,,,,,1.6,0.1,3,,,
76087,1987-09-21T08:51:21Z,-37.74,0.1,175.93,0.1,279.0,8.0,ML,,,,,,,4.2,0.1,18,,,
77266,1987-09-21T10:50:28Z,-38.25,0.0,178.73,0.1,12.0,0.0,ML,,,,,,,3.5,0.2,17,,,
77267,1987-09-21T10:54:24Z,-40.56,0.0,174.74,0.0,35.0,1.0,ML,,,,,,,2.0,0.1,5,,,
77270,1987-09-21T13:13:26Z,-41.35,0.0,174.64,0.0,18.0,1.0,ML,,,,,,,1.7,0.1,6,,,
77272,1987-09-21T14:52:56Z,-40.85,0.0,176.11,0.1,37.0,5.0,ML,,,,,,,2.3,0.1,5,,,
77275,1987-09-21T18:00:02Z,-40.47,0.0,174.4,0.0,81.0,2.0,ML,,,,,,,2.5,0.2,5,,,
76256,1987-09-21T22:47:37Z,-41.27,0.0,173.44,0.0,96.0,5.0,ML,,,,,,,5.2,0.2,8,,,
77279,1987-09-22T02:23:12Z,-41.05,0.0,174.68,0.0,29.0,1.0,ML,,,,,,,1.9,0.1,7,,,
76259,1987-09-22T05:20:16Z,-39.22,0.0,175.35,0.0,8.0,2.0,ML,,,,,,,3.7,0.4,15,3.5,0.2,6
77281,1987-09-22T05:44:25Z,-40.74,0.0,173.67,0.0,33.0,0.0,ML,,,,,,,2.2,0.2,5,,,
77282,1987-09-22T07:45:01Z,-39.22,0.0,175.39,0.0,10.0,2.0,ML,,,,,,,2.9,0.3,8,2.6,0.3,3
77283,1987-09-22T09:06:40Z,-40.1,0.1,174.88,0.0,52.0,18.0,ML,,,,,,,2.5,0.5,6,,,
76265,1987-09-22T09:20:25Z,-41.38,0.0,175.12,0.0,29.0,1.0,ML,,,,,,,1.5,0.2,3,,,
77285,1987-09-22T09:46:35Z,-41.35,0.0,174.91,0.0,28.0,1.0,ML,,,,,,,1.9,0.2,7,,,
78949,1987-09-22T09:57:10Z,-43.15,0.0,172.29,0.0,5.0,0.0,ML,,,,,,,3.3,0.2,5,,,
77286,1987-09-22T10:17:05Z,-39.19,0.0,175.63,0.0,17.0,1.0,ML,,,,,,,2.9,0.3,7,2.4,0.3,3
77287,1987-09-22T10:38:14Z,-40.6,0.0,174.8,0.0,34.0,1.0,ML,,,,,,,2.8,0.2,9,,,
77290,1987-09-22T13:11:17Z,-41.45,0.0,175.3,0.0,16.0,1.0,ML,,,,,,,2.0,0.2,8,,,
77291,1987-09-22T14:24:24Z,-40.57,0.0,173.89,0.0,135.0,3.0,ML,,,,,,,2.7,0.1,4,,,
77292,1987-09-22T16:51:17Z,-40.78,0.0,174.44,0.0,23.0,1.0,ML,,,,,,,1.8,0.1,4,,,
77294,1987-09-22T18:27:41Z,-40.37,0.0,174.58,0.0,89.0,3.0,ML,,,,,,,2.6,0.1,7,,,
77578,1987-09-22T20:58:53Z,-39.88,0.0,176.68,0.0,29.0,2.0,ML,,,,,,,2.7,0.1,4,,,
77300,1987-09-23T04:53:09Z,-41.22,0.0,174.8,0.0,27.0,1.0,ML,,,,,,,1.8,0.1,6,,,
76281,1987-09-23T07:30:26Z,-41.04,0.0,174.86,0.0,28.0,1.0,ML,,,,,,,1.5,0.1,3,,,
77302,1987-09-23T10:19:37Z,-41.28,0.0,175.01,0.0,22.0,0.0,ML,,,,,,,1.7,0.2,4,,,
77303,1987-09-23T12:01:13Z,-40.29,0.0,174.79,0.0,92.0,3.0,ML,,,,,,,3.2,0.1,7,,,
76292,1987-09-23T12:51:59Z,-44.85,0.0,168.81,0.0,5.0,0.0,ML,,,,,,,1.9,0.1,5,,,
76295,1987-09-23T17:46:43Z,-41.0,0.0,173.96,0.0,60.0,4.0,ML,,,,,,,3.1,0.1,7,,,
77306,1987-09-23T19:47:26Z,-40.6,0.0,175.92,0.0,12.0,0.0,ML,,,,,,,3.9,0.2,9,,,
77307,1987-09-23T20:01:30Z,-41.04,0.0,175.9,0.0,31.0,2.0,ML,,,,,,,2.2,0.1,5,,,
77308,1987-09-23T20:52:03Z,-41.23,0.0,173.78,0.1,100.0,4.0,ML,,,,,,,3.4,0.2,8,,,
77312,1987-09-23T23:08:18Z,-41.74,0.0,174.46,0.0,29.0,1.0,ML,,,,,,,2.4,0.2,8,,,
77315,1987-09-24T01:26:54Z,-41.45,0.0,174.56,0.0,22.0,1.0,ML,,,,,,,2.6,0.1,9,,,
77591,1987-09-24T02:37:53Z,-39.47,0.0,177.13,0.0,29.0,2.0,ML,,,,,,,2.5,0.0,2,,,
77317,1987-09-24T06:07:52Z,-41.52,0.0,174.46,0.0,22.0,2.0,ML,,,,,,,2.1,0.3,5,,,
77320,1987-09-24T11:44:31Z,-39.3,0.0,175.11,0.0,29.0,2.0,ML,,,,,,,2.8,0.2,6,2.7,nan,1
77321,1987-09-24T11:48:38Z,-40.0,0.0,176.71,0.0,36.0,2.0,ML,,,,,,,3.2,0.1,9,,,
77322,1987-09-24T14:46:43Z,-37.77,0.1,175.98,0.1,277.0,7.0,ML,,,,,,,4.2,0.1,17,,,
77323,1987-09-24T14:52:14Z,-41.04,0.1,176.27,0.1,32.0,6.0,ML,,,,,,,2.6,0.0,3,,,
77326,1987-09-24T19:37:54Z,-37.62,0.1,176.43,0.1,207.0,11.0,ML,,,,,,,3.9,0.1,11,,,
77327,1987-09-24T20:56:01Z,-41.06,0.0,174.86,0.0,30.0,1.0,ML,,,,,,,1.8,0.3,6,,,
77328,1987-09-25T00:00:15Z,-40.92,0.0,174.49,0.0,66.0,3.0,ML,,,,,,,2.1,0.1,5,,,
77330,1987-09-25T01:30:14Z,-40.95,0.1,176.28,0.0,26.0,6.0,ML,,,,,,,2.4,0.2,8,,,
76323,1987-09-25T01:32:47Z,-40.42,0.0,174.23,0.0,61.0,6.0,ML,,,,,,,3.8,0.2,11,,,
77331,1987-09-25T01:39:34Z,-40.45,0.0,174.18,0.0,27.0,6.0,ML,,,,,,,2.6,0.1,5,,,
77334,1987-09-25T04:22:25Z,-40.45,0.0,174.2,0.0,95.0,4.0,ML,,,,,,,2.7,0.2,6,,,
77336,1987-09-25T06:37:34Z,-40.79,0.0,174.29,0.0,60.0,3.0,ML,,,,,,,2.3,0.1,5,,,
76325,1987-09-25T08:20:44Z,-44.97,0.1,168.45,0.2,130.0,12.0,ML,,,,,,,2.4,0.1,4,,,
77603,1987-09-25T13:30:16Z,-39.81,0.0,177.15,0.1,26.0,4.0,ML,,,,,,,2.7,0.1,3,,,
77338,1987-09-25T15:43:54Z,-40.91,0.0,174.94,0.0,33.0,0.0,ML,,,,,,,2.3,0.2,6,,,
77343,1987-09-26T02:08:11Z,-39.92,0.0,175.69,0.0,26.0,7.0,ML,,,,,,,2.6,0.1,7,,,
77349,1987-09-26T06:31:06Z,-40.29,0.0,174.57,0.0,25.0,2.0,ML,,,,,,,2.8,0.2,9,,,
77350,1987-09-26T07:11:41Z,-39.39,0.0,177.62,0.0,25.0,1.0,ML,,,,,,,3.6,0.2,21,,,
76334,1987-09-26T08:14:52Z,-45.17,0.0,168.86,0.0,6.0,3.0,ML,,,,,,,1.6,0.1,6,,,
77352,1987-09-26T10:16:34Z,-39.24,0.0,176.36,0.1,54.0,9.0,ML,,,,,,,2.4,0.0,2,,,
80484,1987-09-26T10:17:45Z,-40.3,0.0,174.61,0.0,21.0,7.0,ML,,,,,,,2.6,0.1,9,,,
77353,1987-09-26T10:31:19Z,-40.32,0.0,174.63,0.0,26.0,2.0,ML,,,,,,,2.2,0.1,7,,,
77608,1987-09-26T10:33:31Z,-39.28,0.0,177.97,0.1,16.0,15.0,ML,,,,,,,2.5,0.2,5,,,
77354,1987-09-26T10:46:58Z,-40.31,0.0,174.62,0.0,20.0,5.0,ML,,,,,,,2.1,0.1,7,,,
77355,1987-09-26T14:39:46Z,-39.87,0.0,176.69,0.0,48.0,2.0,ML,,,,,,,3.0,0.3,13,,,
77358,1987-09-26T19:21:17Z,-41.27,0.0,175.21,0.0,15.0,1.0,ML,,,,,,,1.9,0.2,9,,,
77516,1987-09-26T19:36:41Z,-38.47,0.0,176.17,0.0,5.0,0.0,ML,,,,,,,1.8,0.0,2,2.2,nan,1
77361,1987-09-26T20:48:03Z,-41.0,0.0,175.63,0.0,28.0,1.0,ML,,,,,,,1.7,0.2,4,,,
77363,1987-09-26T22:02:51Z,-41.45,0.0,174.48,0.0,58.0,1.0,ML,,,,,,,2.3,0.1,6,,,
77366,1987-09-27T02:16:37Z,-40.86,0.0,172.98,0.0,196.0,3.0,ML,,,,,,,4.0,0.2,12,,,
77611,1987-09-27T03:21:57Z,-36.49,0.1,177.87,0.1,248.0,6.0,ML,,,,,,,4.0,0.2,4,,,
77369,1987-09-27T05:00:18Z,-40.82,0.0,174.75,0.0,16.0,1.0,ML,,,,,,,1.8,0.2,3,,,
77613,1987-09-27T17:26:29Z,-39.55,0.0,176.8,0.0,45.0,5.0,ML,,,,,,,2.5,0.2,3,,,
77375,1987-09-28T00:17:52Z,-40.93,0.0,175.21,0.0,33.0,0.0,ML,,,,,,,1.8,0.2,3,,,
77376,1987-09-28T01:13:48Z,-40.5,0.0,174.15,0.0,33.0,0.0,ML,,,,,,,2.4,0.1,5,,,
78212,1987-09-28T01:51:22Z,-41.71,0.0,174.21,0.0,16.0,5.0,ML,,,,,,,2.1,0.1,4,,,
78213,1987-09-28T05:07:52Z,-41.0,0.0,175.67,0.0,33.0,0.0,ML,,,,,,,2.0,0.0,4,,,
77431,1987-09-28T05:51:56Z,-41.05,0.0,174.63,0.0,34.0,0.0,ML,,,,,,,3.1,0.1,9,,,
78217,1987-09-28T11:01:05Z,-41.02,0.0,174.73,0.0,30.0,1.0,ML,,,,,,,2.0,0.2,5,,,
78218,1987-09-28T11:09:24Z,-41.78,0.0,174.7,0.0,23.0,2.0,ML,,,,,,,2.1,0.0,3,,,
77618,1987-09-28T11:51:23Z,-41.02,0.0,174.74,0.0,31.0,1.0,ML,,,,,,,2.2,0.2,7,,,
77438,1987-09-28T15:22:33Z,-40.22,0.0,176.66,0.0,42.0,4.0,ML,,,,,,,3.6,0.1,12,,,
77439,1987-09-28T16:52:21Z,-41.19,0.0,173.66,0.0,101.0,1.0,ML,,,,,,,2.8,0.2,5,,,
77520,1987-09-28T22:48:41Z,-38.87,0.0,175.14,0.0,207.0,3.0,ML,,,,,,,4.7,0.3,16,,,
78225,1987-09-28T22:59:22Z,-40.62,0.0,175.04,0.0,32.0,1.0,ML,,,,,,,2.1,0.1,4,,,
78227,1987-09-29T00:44:11Z,-41.67,0.0,174.96,0.0,30.0,1.0,ML,,,,,,,2.3,0.1,5,,,
78229,1987-09-29T02:04:45Z,-40.42,0.0,174.6,0.0,87.0,2.0,ML,,,,,,,2.7,0.2,8,,,
78230,1987-09-29T02:08:41Z,-40.45,0.0,174.19,0.0,59.0,1.0,ML,,,,,,,2.7,0.1,6,,,
77447,1987-09-29T03:42:23Z,-41.16,0.0,174.12,0.0,55.0,2.0,ML,,,,,,,3.3,0.2,9,,,
77522,1987-09-29T04:31:31Z,-38.04,0.0,176.36,0.0,2.0,0.0,ML,,,,,,,2.0,0.0,2,2.0,nan,1
78236,1987-09-29T07:40:14Z,-35.5,0.1,178.88,0.1,221.0,10.0,ML,,,,,,,4.3,0.3,15,,,
78828,1987-09-29T08:04:38Z,-38.7,0.0,176.78,0.0,57.0,2.0,ML,,,,,,,2.7,0.1,4,,,
78829,1987-09-29T09:24:13Z,-39.14,0.1,176.84,0.1,31.0,10.0,ML,,,,,,,2.7,0.3,5,,,
77452,1987-09-29T10:14:18Z,-41.37,0.0,173.88,0.1,51.0,2.0,ML,,,,,,,2.5,0.1,6,,,
77457,1987-09-29T11:14:02Z,-41.33,0.0,174.46,0.0,20.0,1.0,ML,,,,,,,1.7,0.1,3,,,
77473,1987-09-29T15:14:51Z,-41.23,0.0,174.65,0.0,33.0,0.0,ML,,,,,,,2.4,0.2,5,,,
78242,1987-09-29T16:28:28Z,-40.86,0.0,174.32,0.0,60.0,4.0,ML,,,,,,,2.6,0.1,6,,,
78243,1987-09-29T19:45:45Z,-40.68,0.0,174.48,0.0,83.0,4.0,ML,,,,,,,2.6,0.1,4,,,
77524,1987-09-29T21:20:32Z,-38.6,0.0,176.16,0.0,3.0,2.0,ML,,,,,,,3.7,0.3,18,3.9,0.3,9
80486,1987-09-29T21:22:46Z,-38.61,0.0,176.17,0.0,5.0,0.0,ML,,,,,,,2.6,0.1,4,,,
77525,1987-09-29T21:25:43Z,-38.63,0.0,176.21,0.0,2.0,0.0,ML,,,,,,,1.8,0.1,2,2.1,0.3,5
78329,1987-09-29T21:52:00Z,-44.6,0.0,168.67,0.0,33.0,0.0,ML,,,,,,,2.1,0.2,2,,,
78802,1987-09-30T00:39:10Z,-38.61,0.0,176.17,0.0,5.0,0.0,ML,,,,,,,1.8,0.1,3,1.8,0.3,3
78248,1987-09-30T04:18:12Z,-41.33,0.0,175.14,0.0,26.0,1.0,ML,,,,,,,2.1,0.1,5,,,
78838,1987-09-30T04:46:42Z,-39.88,0.0,176.44,0.0,33.0,0.0,ML,,,,,,,2.3,0.1,3,,,
78839,1987-09-30T04:51:23Z,-39.95,0.0,176.63,0.0,47.0,0.0,ML,,,,,,,2.6,0.1,3,,,
78255,1987-09-30T18:56:34Z,-41.19,0.0,174.56,0.0,34.0,0.0,ML,,,,,,,2.2,0.1,8,,,
78256,1987-09-30T20:12:58Z,-40.04,0.0,176.52,0.0,38.0,4.0,ML,,,,,,,3.0,0.1,6,,,
78257,1987-09-30T21:23:32Z,-41.23,0.0,174.65,0.0,34.0,1.0,ML,,,,,,,2.0,0.2,4,,,
78812,1987-10-01T08:52:45Z,-38.61,0.0,176.18,0.0,1.0,1.0,ML,,,,,,,2.3,0.1,4,2.7,0.2,5
78262,1987-10-01T12:07:29Z,-41.07,0.0,175.92,0.0,31.0,1.0,ML,,,,,,,2.1,0.2,4,,,
78813,1987-10-01T12:44:11Z,-38.66,0.0,176.05,0.0,5.0,0.0,ML,,,,,,,2.4,0.3,2,2.6,0.4,2
78264,1987-10-01T14:00:54Z,-40.59,0.1,176.67,0.1,33.0,0.0,ML,,,,,,,3.2,0.1,9,,,
78265,1987-10-01T17:44:05Z,-38.04,0.0,176.16,0.0,184.0,4.0,ML,,,,,,,4.4,0.2,15,,,
78266,1987-10-01T18:06:55Z,-41.1,0.0,174.63,0.0,35.0,1.0,ML,,,,,,,1.8,0.1,5,,,
78864,1987-10-01T19:30:55Z,-39.89,0.1,176.63,0.1,60.0,8.0,ML,,,,,,,2.3,0.0,3,,,
78865,1987-10-01T21:06:42Z,-40.07,0.0,176.63,0.0,33.0,0.0,ML,,,,,,,2.0,0.0,3,,,
78267,1987-10-01T21:15:33Z,-41.84,0.0,174.93,0.0,40.0,4.0,ML,,,,,,,2.4,0.2,5,,,
78866,1987-10-01T21:22:01Z,-39.15,0.0,177.67,0.0,23.0,5.0,ML,,,,,,,2.4,0.1,3,,,
78868,1987-10-02T03:33:22Z,-39.88,0.0,176.89,0.0,33.0,0.0,ML,,,,,,,2.0,0.1,3,,,
78869,1987-10-02T05:50:49Z,-39.77,0.0,176.76,0.0,33.0,0.0,ML,,,,,,,2.1,0.1,4,,,
78874,1987-10-02T22:57:24Z,-39.68,0.0,176.05,0.1,40.0,6.0,ML,,,,,,,3.2,0.5,5,,,
78279,1987-10-02T23:59:32Z,-40.44,0.0,174.19,0.0,93.0,5.0,ML,,,,,,,2.4,0.1,3,,,
78280,1987-10-03T01:27:51Z,-41.0,0.0,175.19,0.0,24.0,2.0,ML,,,,,,,1.8,0.1,5,,,
78281,1987-10-03T05:55:06Z,-40.41,0.0,176.84,0.0,16.0,2.0,ML,,,,,,,2.7,0.2,4,,,
78284,1987-10-03T07:11:26Z,-39.09,0.0,175.07,0.1,224.0,8.0,ML,,,,,,,3.8,0.2,13,,,
78285,1987-10-03T07:59:12Z,-41.18,0.0,174.46,0.0,32.0,1.0,ML,,,,,,,1.9,0.2,5,,,
78287,1987-10-03T10:32:50Z,-41.01,0.0,174.92,0.0,26.0,1.0,ML,,,,,,,2.1,0.1,7,,,
78289,1987-10-03T15:26:25Z,-39.81,0.0,176.76,0.0,41.0,4.0,ML,,,,,,,3.0,0.1,6,,,
78290,1987-10-03T16:05:55Z,-41.73,0.0,174.5,0.0,32.0,2.0,ML,,,,,,,2.2,0.1,5,,,
78291,1987-10-03T16:43:01Z,-41.76,0.0,174.55,0.0,27.0,2.0,ML,,,,,,,2.1,0.1,5,,,
78294,1987-10-04T01:35:04Z,-36.23,0.0,178.18,0.0,186.0,2.0,ML,,,,,,,4.3,0.1,19,,,
78295,1987-10-04T02:41:54Z,-39.2,0.0,175.46,0.0,11.0,2.0,ML,,,,,,,2.9,0.3,6,2.6,0.3,2
78297,1987-10-04T04:36:23Z,-40.73,0.0,174.9,0.0,12.0,1.0,ML,,,,,,,2.0,0.2,3,,,
78886,1987-10-04T09:11:32Z,-39.75,0.0,176.12,0.1,41.0,6.0,ML,,,,,,,2.8,0.4,4,,,
78299,1987-10-04T09:57:18Z,-40.29,0.0,174.56,0.0,20.0,4.0,ML,,,,,,,3.0,0.1,10,,,
78302,1987-10-04T11:49:47Z,-47.62,0.0,165.64,0.0,33.0,0.0,ML,,,,,,,3.9,0.1,8,,,
80489,1987-10-04T11:50:49Z,-41.0,0.0,175.49,0.0,5.0,10.0,ML,,,,,,,1.9,0.1,4,,,
78303,1987-10-04T11:57:38Z,-41.69,0.0,174.37,0.0,5.0,0.0,ML,,,,,,,1.9,0.1,4,,,
78306,1987-10-04T14:48:12Z,-41.33,0.0,174.64,0.0,18.0,1.0,ML,,,,,,,2.7,0.2,9,,,
78307,1987-10-04T17:47:53Z,-41.33,0.0,173.53,0.0,115.0,1.0,ML,,,,,,,3.9,0.1,11,,,
78308,1987-10-04T19:08:49Z,-40.69,0.0,174.71,0.0,38.0,2.0,ML,,,,,,,2.8,0.2,8,,,
78599,1987-10-05T00:01:07Z,-41.73,0.0,174.28,0.0,23.0,2.0,ML,,,,,,,2.3,0.2,5,,,
78446,1987-10-05T00:52:42Z,-47.06,0.1,168.94,1.2,33.0,0.0,ML,,,,,,,3.2,0.2,6,,,
78824,1987-10-05T03:27:57Z,-39.71,0.0,176.37,0.0,36.0,3.0,ML,,,,,,,3.2,0.2,5,,,
78600,1987-10-05T03:49:48Z,-39.94,0.0,176.65,0.0,38.0,4.0,ML,,,,,,,3.0,0.1,5,,,
78894,1987-10-05T08:48:05Z,-39.15,0.0,175.84,0.1,33.0,0.0,ML,,,,,,,2.4,0.2,4,,,
78467,1987-10-05T12:08:41Z,-41.54,0.0,174.46,0.0,57.0,3.0,ML,,,,,,,2.4,0.3,2,,,
78481,1987-10-05T18:24:27Z,-41.32,0.0,174.92,0.0,27.0,1.0,ML,,,,,,,2.4,0.2,9,,,
80534,1987-10-05T18:24:57Z,-41.32,0.0,174.93,0.0,28.0,1.0,ML,,,,,,,2.4,0.2,9,,,
78606,1987-10-05T18:54:11Z,-39.0,0.0,175.93,0.0,92.0,4.0,ML,,,,,,,3.9,0.2,14,,,
78608,1987-10-05T20:08:26Z,-40.95,0.0,174.81,0.0,33.0,0.0,ML,,,,,,,2.1,0.2,8,,,
78609,1987-10-05T20:12:44Z,-40.01,0.0,176.82,0.0,54.0,2.0,ML,,,,,,,3.7,0.2,12,,,
78611,1987-10-06T01:21:02Z,-40.92,0.0,175.58,0.0,33.0,1.0,ML,,,,,,,2.1,0.1,5,,,
78614,1987-10-06T03:37:50Z,-41.28,0.0,173.76,0.0,85.0,1.0,ML,,,,,,,2.7,0.2,7,,,
78616,1987-10-06T05:32:19Z,-41.31,0.0,174.93,0.0,25.0,1.0,ML,,,,,,,2.3,0.2,9,,,
78617,1987-10-06T05:59:18Z,-40.41,0.0,174.59,0.0,89.0,1.0,ML,,,,,,,2.7,0.2,8,,,
78487,1987-10-06T13:14:19Z,-41.86,0.0,173.9,0.0,44.0,2.0,ML,,,,,,,3.0,0.1,9,,,
78621,1987-10-06T13:59:54Z,-40.39,0.0,176.36,0.0,55.0,11.0,ML,,,,,,,2.4,0.1,6,,,
78488,1987-10-06T14:49:31Z,-41.28,0.0,174.3,0.0,63.0,1.0,ML,,,,,,,4.4,0.2,12,,,
78730,1987-10-06T15:27:19Z,-45.05,0.0,169.3,0.0,5.0,1.0,ML,,,,,,,1.0,0.1,5,,,
78825,1987-10-06T16:02:36Z,-38.73,0.0,177.06,0.0,43.0,6.0,ML,,,,,,,3.1,0.3,4,,,
78623,1987-10-06T17:46:02Z,-41.3,0.0,175.3,0.0,29.0,2.0,ML,,,,,,,2.6,0.1,9,,,
78910,1987-10-06T20:51:25Z,-39.71,0.0,176.16,0.0,43.0,2.0,ML,,,,,,,3.0,0.1,3,,,
78490,1987-10-06T21:35:40Z,-40.41,0.0,174.73,0.0,72.0,4.0,ML,,,,,,,3.5,0.5,10,,,
78627,1987-10-06T22:22:02Z,-40.4,0.0,174.61,0.0,28.0,4.0,ML,,,,,,,2.2,0.1,4,,,
78637,1987-10-07T14:02:59Z,-40.95,0.0,175.67,0.1,33.0,3.0,ML,,,,,,,2.3,0.2,5,,,
78639,1987-10-07T16:28:57Z,-40.13,0.0,176.61,0.0,42.0,5.0,ML,,,,,,,3.3,0.2,10,,,
78641,1987-10-07T19:52:51Z,-40.91,0.0,175.18,0.0,30.0,1.0,ML,,,,,,,1.7,0.0,2,,,
78645,1987-10-07T22:57:55Z,-41.27,0.0,175.19,0.0,25.0,1.0,ML,,,,,,,1.8,0.1,4,,,
78646,1987-10-07T22:58:27Z,-41.27,0.0,175.19,0.0,28.0,1.0,ML,,,,,,,2.1,0.1,6,,,
78657,1987-10-08T13:15:02Z,-39.33,0.0,175.47,0.0,2.0,0.0,ML,,,,,,,2.6,0.2,2,2.5,0.3,2
78755,1987-10-08T16:22:49Z,-45.05,0.0,169.31,0.0,5.0,0.0,ML,,,,,,,1.3,0.1,4,,,
78658,1987-10-08T16:31:02Z,-41.62,0.0,175.63,0.0,35.0,1.0,ML,,,,,,,2.3,0.1,6,,,
78659,1987-10-08T23:34:00Z,-40.68,0.0,174.11,0.0,87.0,2.0,ML,,,,,,,2.4,0.1,5,,,
78548,1987-10-09T02:22:53Z,-39.73,0.0,174.39,0.0,188.0,3.0,ML,,,,,,,3.8,0.2,7,,,
78666,1987-10-09T10:08:52Z,-41.01,0.0,175.57,0.0,27.0,2.0,ML,,,,,,,2.5,0.1,7,,,
78667,1987-10-09T11:47:32Z,-41.01,0.0,174.49,0.0,10.0,1.0,ML,,,,,,,2.0,0.1,5,,,
78764,1987-10-09T20:08:05Z,-44.84,0.0,167.85,0.1,59.0,7.0,ML,,,,,,,4.1,0.2,5,,,
80928,1987-10-09T21:43:26Z,-39.77,0.0,176.88,0.0,52.0,3.0,ML,,,,,,,3.2,0.1,4,,,
80929,1987-10-09T23:57:35Z,-39.75,0.0,176.89,0.0,59.0,1.0,ML,,,,,,,2.4,0.1,2,,,
80930,1987-10-10T00:04:37Z,-39.92,0.0,176.79,0.0,33.0,0.0,ML,,,,,,,2.3,0.2,3,,,
78569,1987-10-10T07:30:11Z,-40.93,0.0,174.7,0.0,58.0,1.0,ML,,,,,,,3.0,0.2,8,,,
78571,1987-10-10T10:40:33Z,-38.91,0.0,177.17,0.0,65.0,2.0,ML,,,,,,,3.8,0.2,18,,,
80943,1987-10-11T00:36:43Z,-38.22,0.1,176.94,0.1,57.0,8.0,ML,,,,,,,3.4,0.3,5,,,
78577,1987-10-11T01:13:30Z,-41.32,0.0,174.92,0.0,28.0,1.0,ML,,,,,,,2.2,0.1,9,,,
78687,1987-10-11T02:00:11Z,-41.06,0.0,174.22,0.0,49.0,2.0,ML,,,,,,,2.8,0.1,7,,,
80698,1987-10-11T03:42:51Z,-39.13,0.0,177.36,0.0,32.0,2.0,ML,,,,,,,2.9,0.2,5,,,
81966,1987-10-11T03:44:03Z,-39.17,0.0,177.25,0.0,28.0,2.0,ML,,,,,,,3.3,0.2,5,,,
80945,1987-10-11T03:57:26Z,-39.14,0.0,177.35,0.0,33.0,1.0,ML,,,,,,,2.5,0.2,5,,,
80946,1987-10-11T03:58:50Z,-39.15,0.0,177.26,0.0,32.0,2.0,ML,,,,,,,2.9,0.2,5,,,
80947,1987-10-11T04:05:18Z,-39.27,0.0,177.57,0.0,19.0,4.0,ML,,,,,,,2.9,0.2,5,,,
78690,1987-10-11T11:07:03Z,-40.67,0.0,173.85,0.0,12.0,8.0,ML,,,,,,,2.3,0.1,5,,,
78691,1987-10-11T11:20:48Z,-41.31,0.0,174.93,0.0,24.0,0.0,ML,,,,,,,1.7,0.1,7,,,
80699,1987-10-11T12:44:51Z,-38.47,0.0,176.33,0.0,5.0,0.0,ML,,,,,,,2.3,0.1,3,2.6,0.2,5
78694,1987-10-11T15:19:32Z,-41.15,0.0,175.31,0.0,26.0,2.0,ML,,,,,,,1.5,0.0,3,,,
78695,1987-10-11T15:24:04Z,-41.18,0.0,174.82,0.0,24.0,1.0,ML,,,,,,,1.7,0.1,6,,,
78696,1987-10-11T16:19:00Z,-40.88,0.0,175.09,0.0,31.0,1.0,ML,,,,,,,1.8,0.1,5,,,
78698,1987-10-11T16:50:31Z,-40.91,0.0,175.68,0.0,27.0,3.0,ML,,,,,,,1.7,0.1,3,,,
78588,1987-10-11T18:23:30Z,-39.75,0.0,174.3,0.0,132.0,3.0,ML,,,,,,,4.5,0.3,10,,,
80950,1987-10-11T19:19:25Z,-39.62,0.0,176.2,0.0,43.0,1.0,ML,,,,,,,2.9,0.3,3,,,
80951,1987-10-11T20:47:23Z,-39.14,0.0,177.27,0.0,32.0,2.0,ML,,,,,,,2.6,0.3,5,,,
78700,1987-10-11T23:14:54Z,-37.64,0.0,177.16,0.0,136.0,3.0,ML,,,,,,,4.0,0.2,18,,,
78701,1987-10-12T00:55:48Z,-40.6,0.0,175.57,0.0,25.0,2.0,ML,,,,,,,2.2,0.1,5,,,
80952,1987-10-12T01:04:05Z,-37.18,0.1,177.59,0.1,165.0,12.0,ML,,,,,,,3.7,0.3,5,,,
80539,1987-10-12T11:55:14Z,-40.13,0.0,176.5,0.0,31.0,2.0,ML,,,,,,,2.3,0.1,2,,,
78591,1987-10-12T13:06:38Z,-41.78,0.0,174.23,0.0,16.0,1.0,ML,,,,,,,2.1,0.1,6,,,
80542,1987-10-12T14:57:33Z,-40.55,0.1,173.93,0.0,65.0,13.0,ML,,,,,,,2.8,0.1,7,,,
80543,1987-10-12T15:30:27Z,-40.72,0.0,175.01,0.0,31.0,2.0,ML,,,,,,,2.1,0.2,6,,,
80544,1987-10-12T15:56:57Z,-41.69,0.0,174.72,0.0,31.0,2.0,ML,,,,,,,1.9,0.2,6,,,
78596,1987-10-12T16:41:44Z,-41.86,0.0,174.81,0.0,31.0,3.0,ML,,,,,,,3.2,0.2,7,,,
80547,1987-10-12T18:34:41Z,-38.34,0.0,178.74,0.0,51.0,3.0,ML,,,,,,,4.2,0.2,18,,,
80548,1987-10-12T19:28:47Z,-41.83,0.0,174.81,0.0,34.0,6.0,ML,,,,,,,2.3,0.1,6,,,
78598,1987-10-12T19:31:11Z,-41.85,0.0,174.81,0.0,31.0,4.0,ML,,,,,,,3.1,0.2,8,,,
80551,1987-10-13T00:02:43Z,-40.48,0.0,174.04,0.0,83.0,5.0,ML,,,,,,,3.2,0.2,7,,,
80705,1987-10-13T00:17:58Z,-38.8,0.0,176.58,0.0,53.0,5.0,ML,,,,,,,3.1,0.2,6,,,
80967,1987-10-13T00:55:27Z,-39.13,0.0,177.74,0.0,26.0,3.0,ML,,,,,,,3.0,0.3,6,,,
80553,1987-10-13T02:49:41Z,-40.31,0.0,174.82,0.0,22.0,4.0,ML,,,,,,,2.4,0.1,4,,,
80554,1987-10-13T04:40:08Z,-39.81,0.0,177.04,0.0,49.0,2.0,ML,,,,,,,3.7,0.2,13,,,
80556,1987-10-13T04:57:01Z,-41.42,0.0,174.58,0.0,27.0,1.0,ML,,,,,,,2.0,0.1,5,,,
80558,1987-10-13T06:18:24Z,-39.77,0.0,176.87,0.0,50.0,4.0,ML,,,,,,,2.2,0.1,2,,,
80559,1987-10-13T06:49:04Z,-38.3,0.1,175.83,0.1,279.0,5.0,ML,,,,,,,4.2,0.2,16,,,
80972,1987-10-13T14:25:22Z,-39.69,0.0,176.71,0.0,27.0,3.0,ML,,,,,,,2.9,0.1,5,,,
80562,1987-10-13T16:26:30Z,-38.87,0.0,175.68,0.0,171.0,4.0,ML,,,,,,,3.7,0.1,12,,,
80563,1987-10-13T17:54:43Z,-40.7,0.0,175.34,0.0,28.0,2.0,ML,,,,,,,1.9,0.1,4,,,
80565,1987-10-13T18:00:00Z,-39.13,0.0,175.03,0.0,160.0,3.0,ML,,,,,,,4.3,0.2,19,,,
80566,1987-10-13T18:33:51Z,-41.27,0.0,175.18,0.0,27.0,1.0,ML,,,,,,,2.4,0.1,9,,,
80567,1987-10-13T18:57:00Z,-40.24,0.0,174.86,0.0,91.0,5.0,ML,,,,,,,2.7,0.1,6,,,
80568,1987-10-13T20:57:23Z,-41.99,0.0,174.05,0.0,12.0,0.0,ML,,,,,,,2.6,0.1,6,,,
80570,1987-10-13T22:46:44Z,-41.97,0.0,175.03,0.0,33.0,2.0,ML,,,,,,,2.3,0.2,5,,,
80572,1987-10-13T23:28:51Z,-41.84,0.0,174.44,0.0,37.0,2.0,ML,,,,,,,2.7,0.1,5,,,
80573,1987-10-14T00:02:30Z,-41.83,0.0,174.94,0.0,32.0,6.0,ML,,,,,,,2.4,0.2,4,,,
80580,1987-10-14T09:16:02Z,-40.04,0.0,176.71,0.0,46.0,2.0,ML,,,,,,,3.1,0.3,12,,,
80581,1987-10-14T10:35:20Z,-39.01,0.0,175.73,0.0,127.0,5.0,ML,,,,,,,3.7,0.1,12,,,
78799,1987-10-14T15:32:15Z,-48.83,0.5,164.43,0.7,33.0,0.0,ML,,,,,,,4.5,0.1,5,,,
81276,1987-10-14T21:35:34Z,-44.99,0.1,167.52,0.0,33.0,0.0,ML,,,,,,,3.0,0.1,7,,,
80591,1987-10-14T22:51:47Z,-41.33,0.0,174.62,0.0,17.0,3.0,ML,,,,,,,2.6,0.2,9,,,
80593,1987-10-15T00:12:52Z,-41.74,0.0,174.83,0.0,33.0,1.0,ML,,,,,,,3.5,0.2,7,,,
80594,1987-10-15T00:17:19Z,-41.7,0.0,174.83,0.0,34.0,3.0,ML,,,,,,,2.6,0.2,9,,,
80595,1987-10-15T00:38:33Z,-41.29,0.0,175.22,0.0,26.0,1.0,ML,,,,,,,1.7,0.1,5,,,
80981,1987-10-15T01:55:17Z,-39.98,0.0,176.82,0.0,33.0,0.0,ML,,,,,,,2.1,0.0,3,,,
80598,1987-10-15T02:00:18Z,-41.73,0.0,174.8,0.0,30.0,2.0,ML,,,,,,,2.2,0.1,5,,,
80599,1987-10-15T03:54:39Z,-41.04,0.0,175.25,0.0,25.0,1.0,ML,,,,,,,2.1,0.2,5,,,
80600,1987-10-15T06:18:46Z,-41.04,0.0,175.23,0.0,25.0,2.0,ML,,,,,,,1.8,0.1,6,,,
80603,1987-10-15T09:45:36Z,-40.45,0.0,176.84,0.1,14.0,5.0,ML,,,,,,,3.2,0.2,10,,,
80605,1987-10-15T10:39:16Z,-40.96,0.0,174.91,0.0,31.0,1.0,ML,,,,,,,2.0,0.2,9,,,
80614,1987-10-15T23:35:34Z,-41.42,0.0,174.83,0.0,29.0,2.0,ML,,,,,,,1.5,0.2,4,,,
84684,1987-10-16T01:09:58Z,-38.98,0.0,177.08,0.0,28.0,1.0,ML,,,,,,,3.3,nan,0,,,
82659,1987-10-16T01:11:06Z,-43.29,0.2,167.36,0.3,33.0,0.0,ML,,,,,,,3.1,0.1,5,,,
80618,1987-10-16T04:02:07Z,-41.83,0.0,174.4,0.0,30.0,3.0,ML,,,,,,,2.3,0.2,5,,,
80621,1987-10-16T04:25:36Z,-38.26,0.0,176.5,0.0,134.0,5.0,ML,,,,,,,3.6,0.2,13,,,
81012,1987-10-16T07:46:58Z,-39.75,0.0,177.02,0.1,18.0,12.0,ML,,,,,,,2.1,0.1,4,,,
80632,1987-10-16T09:49:03Z,-40.82,0.0,174.54,0.0,65.0,3.0,ML,,,,,,,1.8,0.0,2,,,
80633,1987-10-16T10:21:42Z,-40.99,0.0,175.3,0.0,22.0,1.0,ML,,,,,,,1.9,0.2,8,,,
80634,1987-10-16T12:20:43Z,-41.63,0.0,174.06,0.0,14.0,2.0,ML,,,,,,,2.0,0.1,3,,,
80635,1987-10-16T12:43:50Z,-41.81,0.0,174.81,0.0,31.0,3.0,ML,,,,,,,1.9,0.1,5,,,
80636,1987-10-16T13:02:54Z,-40.82,0.0,174.2,0.0,63.0,4.0,ML,,,,,,,2.4,0.1,5,,,
80637,1987-10-16T14:32:55Z,-41.16,0.0,174.66,0.0,31.0,1.0,ML,,,,,,,1.5,0.1,6,,,
80638,1987-10-16T18:57:59Z,-41.69,0.0,174.52,0.0,30.0,2.0,ML,,,,,,,1.8,0.2,6,,,
80639,1987-10-16T20:18:40Z,-41.22,0.0,173.78,0.0,96.0,2.0,ML,,,,,,,2.9,0.3,7,,,
80642,1987-10-16T23:02:05Z,-40.42,0.0,176.75,0.0,19.0,2.0,ML,,,,,,,2.7,0.2,6,,,
81015,1987-10-16T23:36:34Z,-39.81,0.0,177.36,0.1,12.0,0.0,ML,,,,,,,2.1,0.1,3,,,
80646,1987-10-17T02:26:41Z,-41.29,0.0,175.59,0.0,22.0,1.0,ML,,,,,,,1.5,0.1,4,,,
80647,1987-10-17T03:39:12Z,-39.88,0.0,176.66,0.0,46.0,2.0,ML,,,,,,,2.9,0.1,11,,,
81017,1987-10-17T04:17:26Z,-39.37,0.0,176.89,0.0,20.0,3.0,ML,,,,,,,2.7,0.1,4,,,
80650,1987-10-17T04:52:37Z,-39.12,0.0,175.78,0.1,62.0,12.0,ML,,,,,,,2.5,0.1,3,,,
81018,1987-10-17T07:42:43Z,-39.63,0.0,176.51,0.0,26.0,4.0,ML,,,,,,,2.2,0.0,4,,,
80657,1987-10-17T09:38:12Z,-41.13,0.0,174.75,0.0,30.0,1.0,ML,,,,,,,1.6,0.3,6,,,
80658,1987-10-17T10:44:16Z,-41.61,0.0,174.62,0.0,32.0,0.0,ML,,,,,,,2.2,0.2,9,,,
80664,1987-10-17T17:03:27Z,-38.02,0.0,176.13,0.0,171.0,6.0,ML,,,,,,,4.0,0.2,18,,,
81024,1987-10-17T19:26:26Z,-38.86,0.0,177.27,0.1,34.0,4.0,ML,,,,,,,2.7,0.2,2,,,
80666,1987-10-17T23:51:58Z,-40.48,0.0,174.86,0.0,24.0,2.0,ML,,,,,,,2.5,0.1,7,,,
80669,1987-10-18T03:50:12Z,-41.24,0.0,175.04,0.0,20.0,1.0,ML,,,,,,,1.7,0.3,4,,,
80671,1987-10-18T05:20:54Z,-41.38,0.0,174.99,0.0,24.0,1.0,ML,,,,,,,1.8,0.1,7,,,
80672,1987-10-18T07:31:35Z,-41.1,0.0,174.98,0.0,26.0,2.0,ML,,,,,,,1.9,0.1,8,,,
80674,1987-10-18T08:13:12Z,-36.75,0.0,177.15,0.0,218.0,3.0,ML,,,,,,,4.2,0.2,8,,,
80677,1987-10-18T11:44:06Z,-44.77,0.0,171.9,0.0,33.0,0.0,ML,,,,,,,3.8,0.2,8,,,
83090,1987-10-18T11:44:53Z,-41.75,0.0,174.73,0.0,38.0,2.0,ML,,,,,,,2.4,0.3,8,,,
80679,1987-10-18T13:48:31Z,-40.96,0.0,175.42,0.0,24.0,1.0,ML,,,,,,,1.9,0.2,5,,,
80680,1987-10-18T16:09:28Z,-35.65,0.0,178.41,0.0,223.0,4.0,ML,,,,,,,4.9,0.1,19,,,
81035,1987-10-18T18:18:38Z,-39.38,0.1,176.92,0.1,31.0,2.0,ML,,,,,,,2.1,0.1,2,,,
80682,1987-10-18T18:22:52Z,-40.7,0.1,174.64,0.1,66.0,9.0,ML,,,,,,,2.0,0.1,3,,,
80716,1987-10-19T05:19:40Z,-40.97,0.0,174.93,0.0,29.0,0.0,ML,,,,,,,1.9,0.1,6,,,
80718,1987-10-19T06:08:44Z,-41.81,0.0,171.81,0.0,12.0,0.0,ML,,,,,,,4.0,0.2,23,,,
80723,1987-10-19T09:41:27Z,-41.24,0.0,175.02,0.0,22.0,1.0,ML,,,,,,,1.5,0.2,5,,,
80724,1987-10-19T12:26:13Z,-41.35,0.0,175.03,0.0,28.0,0.0,ML,,,,,,,1.9,0.2,9,,,
80725,1987-10-19T13:07:53Z,-41.14,0.0,174.5,0.0,35.0,1.0,ML,,,,,,,2.2,0.2,5,,,
81050,1987-10-19T22:01:25Z,-39.5,0.0,176.8,0.0,38.0,4.0,ML,,,,,,,2.4,0.2,5,,,
80727,1987-10-20T03:08:09Z,-40.23,0.0,176.47,0.0,24.0,3.0,ML,,,,,,,3.5,0.2,13,,,
81052,1987-10-20T03:40:38Z,-39.72,0.0,176.87,0.0,32.0,3.0,ML,,,,,,,2.1,0.1,4,,,
81054,1987-10-20T04:21:13Z,-40.23,0.0,176.29,0.0,21.0,1.0,ML,,,,,,,2.7,0.1,3,,,
80729,1987-10-20T05:18:09Z,-37.2,0.0,177.54,0.0,165.0,5.0,ML,,,,,,,4.1,0.2,16,,,
80730,1987-10-20T07:41:08Z,-41.41,0.0,174.62,0.0,21.0,1.0,ML,,,,,,,2.0,0.1,7,,,
80884,1987-10-20T10:28:17Z,-39.13,0.0,177.55,0.0,28.0,2.0,ML,,,,,,,3.5,0.3,9,,,
80735,1987-10-20T12:18:59Z,-41.18,0.0,175.06,0.0,19.0,1.0,ML,,,,,,,1.7,0.2,8,,,
80737,1987-10-20T12:56:08Z,-40.92,0.0,174.89,0.0,60.0,1.0,ML,,,,,,,3.6,0.1,6,,,
81313,1987-10-20T14:25:28Z,-44.3,0.0,169.72,0.1,12.0,0.0,ML,,,,,,,2.2,0.3,5,,,
81314,1987-10-20T17:34:21Z,-44.91,0.0,168.66,0.0,33.0,0.0,ML,,,,,,,1.9,0.1,4,,,
80738,1987-10-20T17:53:41Z,-41.14,0.0,175.38,0.0,26.0,1.0,ML,,,,,,,2.0,0.1,8,,,
80739,1987-10-20T20:26:20Z,-40.56,0.0,175.07,0.0,29.0,2.0,ML,,,,,,,2.1,0.1,4,,,
83934,1987-10-20T20:26:59Z,-40.42,0.0,176.46,0.0,77.0,4.0,ML,,,,,,,3.0,0.2,7,,,
80744,1987-10-21T00:10:25Z,-40.95,0.0,174.41,0.0,67.0,3.0,ML,,,,,,,2.3,0.1,7,,,
80748,1987-10-21T03:00:42Z,-40.47,0.0,174.63,0.0,83.0,2.0,ML,,,,,,,2.6,0.2,7,,,
80755,1987-10-21T10:28:31Z,-41.86,0.0,174.83,0.0,30.0,4.0,ML,,,,,,,2.5,0.2,8,,,
80758,1987-10-21T14:12:40Z,-40.82,0.0,174.25,0.0,30.0,5.0,ML,,,,,,,2.4,0.1,8,,,
80760,1987-10-21T15:15:01Z,-40.96,0.0,174.88,0.0,51.0,3.0,ML,,,,,,,2.5,0.1,8,,,
80761,1987-10-21T16:49:48Z,-41.61,0.0,174.08,0.0,16.0,2.0,ML,,,,,,,2.0,0.1,3,,,
80764,1987-10-21T18:26:11Z,-41.75,0.0,174.15,0.0,36.0,2.0,ML,,,,,,,2.9,0.1,8,,,
80765,1987-10-21T18:53:40Z,-41.3,0.0,175.21,0.0,33.0,0.0,ML,,,,,,,2.4,0.1,9,,,
80768,1987-10-21T22:03:03Z,-40.6,0.0,174.02,0.0,117.0,2.0,ML,,,,,,,2.5,0.1,6,,,
81063,1987-10-21T23:19:32Z,-39.11,0.0,177.06,0.0,24.0,3.0,ML,,,,,,,2.2,0.3,5,,,
80770,1987-10-21T23:27:39Z,-40.61,0.0,176.33,0.0,56.0,8.0,ML,,,,,,,2.9,0.3,8,,,
81065,1987-10-22T06:51:14Z,-39.68,0.0,176.06,0.1,38.0,4.0,ML,,,,,,,2.7,0.2,4,,,
80776,1987-10-22T09:05:48Z,-40.82,0.0,175.56,0.0,20.0,1.0,ML,,,,,,,2.3,0.1,8,,,
80779,1987-10-22T13:27:45Z,-41.17,0.0,175.23,0.0,27.0,1.0,ML,,,,,,,1.6,0.1,7,,,
80780,1987-10-22T14:54:00Z,-41.66,0.0,174.26,0.0,12.0,0.0,ML,,,,,,,2.2,0.1,8,,,
80782,1987-10-22T16:43:45Z,-41.02,0.1,174.0,0.0,53.0,5.0,ML,,,,,,,2.2,0.2,4,,,
80784,1987-10-22T21:34:39Z,-40.49,0.0,173.93,0.1,33.0,0.0,ML,,,,,,,2.1,0.1,3,,,
80786,1987-10-23T01:30:34Z,-40.85,0.0,175.82,0.1,33.0,0.0,ML,,,,,,,2.2,0.1,6,,,
80790,1987-10-23T06:33:25Z,-40.97,0.0,175.63,0.0,28.0,2.0,ML,,,,,,,1.9,0.1,6,,,
80791,1987-10-23T09:26:40Z,-40.98,0.0,175.37,0.0,11.0,1.0,ML,,,,,,,3.5,0.3,10,,,
80795,1987-10-23T10:26:04Z,-41.71,0.0,174.34,0.0,31.0,2.0,ML,,,,,,,2.1,0.1,8,,,
80796,1987-10-23T11:31:39Z,-38.8,0.0,175.61,0.0,143.0,5.0,ML,,,,,,,3.4,0.1,12,,,
80797,1987-10-23T11:48:05Z,-40.27,0.0,176.33,0.0,33.0,0.0,ML,,,,,,,2.5,0.1,6,,,
80798,1987-10-23T12:07:31Z,-41.75,0.0,174.48,0.0,32.0,2.0,ML,,,,,,,2.0,0.1,7,,,
81072,1987-10-23T12:54:23Z,-39.24,0.0,177.57,0.0,27.0,3.0,ML,,,,,,,2.8,0.2,3,,,
80799,1987-10-23T14:09:56Z,-44.59,0.0,167.53,0.0,33.0,0.0,ML,,,,,,,3.2,0.2,5,,,
83940,1987-10-23T14:11:13Z,-40.85,0.0,175.76,0.0,43.0,3.0,ML,,,,,,,1.9,0.1,6,,,
80800,1987-10-23T14:17:31Z,-40.35,0.1,173.8,0.0,190.0,6.0,ML,,,,,,,3.1,0.3,8,,,
80801,1987-10-23T14:20:34Z,-40.83,0.0,175.2,0.0,32.0,2.0,ML,,,,,,,2.2,0.2,8,,,
80803,1987-10-23T16:21:32Z,-40.66,0.0,174.37,0.0,29.0,2.0,ML,,,,,,,1.9,0.1,3,,,
80806,1987-10-23T20:39:07Z,-40.8,0.0,175.26,0.0,29.0,2.0,ML,,,,,,,2.3,0.2,7,,,
80807,1987-10-23T21:17:12Z,-40.92,0.0,175.7,0.0,32.0,1.0,ML,,,,,,,2.0,0.1,6,,,
81081,1987-10-24T04:10:18Z,-39.07,0.0,176.28,0.1,78.0,4.0,ML,,,,,,,3.0,0.3,6,,,
80901,1987-10-24T10:51:23Z,-39.03,0.1,177.74,0.1,32.0,5.0,ML,,,,,,,2.9,0.4,5,,,
81083,1987-10-24T10:52:59Z,-39.01,0.0,177.72,0.1,30.0,5.0,ML,,,,,,,3.2,0.3,5,,,
81084,1987-10-24T10:58:03Z,-39.78,0.0,176.58,0.0,29.0,3.0,ML,,,,,,,2.2,0.2,3,,,
80811,1987-10-24T11:08:34Z,-40.5,0.0,174.36,0.0,27.0,2.0,ML,,,,,,,2.2,0.1,7,,,
81338,1987-10-24T13:18:36Z,-45.13,0.0,169.38,0.0,6.0,1.0,ML,,,,,,,0.8,0.1,4,,,
81339,1987-10-24T13:29:25Z,-43.94,0.0,169.1,0.2,33.0,0.0,ML,,,,,,,2.3,0.1,3,,,
81340,1987-10-24T13:38:17Z,-44.8,0.0,168.46,0.1,111.0,9.0,ML,,,,,,,2.6,0.2,5,,,
81088,1987-10-24T16:16:57Z,-39.47,0.0,177.36,0.0,23.0,8.0,ML,,,,,,,2.3,0.1,3,,,
80819,1987-10-24T19:08:17Z,-40.71,0.0,174.74,0.0,44.0,1.0,ML,,,,,,,3.4,0.1,9,,,
80821,1987-10-24T20:10:45Z,-35.49,0.0,178.52,0.0,224.0,7.0,ML,,,,,,,4.7,0.2,14,,,
80902,1987-10-24T20:36:20Z,-38.04,0.0,176.68,0.0,2.0,0.0,ML,,,,,,,3.3,0.2,10,2.9,0.2,4
80822,1987-10-24T21:29:46Z,-41.86,0.0,174.82,0.0,43.0,4.0,ML,,,,,,,2.2,nan,1,,,
83947,1987-10-24T21:31:18Z,-45.37,0.1,168.01,0.3,151.0,22.0,ML,,,,,,,1.8,nan,1,,,
80904,1987-10-24T21:33:26Z,-44.58,0.1,168.42,0.1,25.0,46.0,ML,,,,,,,2.2,0.1,7,,,
80823,1987-10-24T23:05:04Z,-41.37,0.0,175.04,0.0,21.0,2.0,ML,,,,,,,1.7,0.2,7,,,
80825,1987-10-25T03:26:22Z,-41.19,0.0,174.59,0.0,35.0,0.0,ML,,,,,,,2.3,0.2,7,,,
80826,1987-10-25T03:43:10Z,-40.26,0.0,176.46,0.0,45.0,5.0,ML,,,,,,,3.3,0.2,10,,,
80831,1987-10-25T05:45:02Z,-41.36,0.0,174.86,0.0,28.0,1.0,ML,,,,,,,1.8,0.1,8,,,
81342,1987-10-25T07:07:56Z,-44.4,0.0,167.37,0.0,18.0,1.0,ML,,,,,,,3.9,0.2,9,,,
81096,1987-10-25T08:40:42Z,-40.22,0.0,176.67,0.0,53.0,4.0,ML,,,,,,,2.7,0.2,4,,,
80833,1987-10-25T10:37:44Z,-41.42,0.0,175.49,0.0,17.0,3.0,ML,,,,,,,1.5,0.1,5,,,
80835,1987-10-25T13:00:39Z,-41.32,0.0,174.58,0.0,32.0,1.0,ML,,,,,,,1.9,0.2,5,,,
80841,1987-10-25T18:27:10Z,-40.25,0.0,174.69,0.0,22.0,4.0,ML,,,,,,,2.1,0.1,6,,,
81101,1987-10-25T21:20:08Z,-39.56,0.0,176.96,0.0,31.0,1.0,ML,,,,,,,1.9,0.1,4,,,
81103,1987-10-25T21:41:42Z,-39.09,0.0,176.62,0.1,46.0,4.0,ML,,,,,,,2.4,0.2,3,,,
80844,1987-10-25T22:20:45Z,-41.1,0.0,174.64,0.0,35.0,0.0,ML,,,,,,,2.5,0.2,8,,,
80845,1987-10-25T22:34:32Z,-41.43,0.0,174.74,0.0,31.0,1.0,ML,,,,,,,2.6,0.2,8,,,
81344,1987-10-25T22:59:13Z,-44.97,0.0,169.19,0.0,6.0,1.0,ML,,,,,,,1.4,0.2,7,,,
80847,1987-10-25T23:53:17Z,-41.95,0.0,174.16,0.0,18.0,4.0,ML,,,,,,,2.5,0.2,8,,,
80848,1987-10-26T01:22:15Z,-40.92,0.0,176.04,0.1,33.0,5.0,ML,,,,,,,2.0,0.1,4,,,
80851,1987-10-26T03:12:52Z,-41.89,0.0,174.42,0.0,5.0,0.0,ML,,,,,,,2.0,0.2,4,,,
80853,1987-10-26T03:35:10Z,-37.72,0.0,176.33,0.0,184.0,4.0,ML,,,,,,,4.0,0.2,17,,,
80854,1987-10-26T03:54:48Z,-41.37,0.0,174.38,0.0,58.0,0.0,ML,,,,,,,1.9,0.2,5,,,
80856,1987-10-26T04:11:55Z,-41.31,0.0,174.89,0.0,27.0,1.0,ML,,,,,,,1.4,0.1,4,,,
80857,1987-10-26T04:56:20Z,-41.06,0.1,173.56,0.0,126.0,2.0,ML,,,,,,,2.7,0.2,5,,,
80860,1987-10-26T07:34:45Z,-36.12,0.1,179.93,0.1,37.0,295.0,ML,,,,,,,4.0,0.3,8,,,
80861,1987-10-26T07:55:25Z,-40.69,0.0,174.5,0.0,42.0,4.0,ML,,,,,,,2.5,0.1,7,,,
80863,1987-10-26T08:42:45Z,-40.69,0.0,174.51,0.0,46.0,3.0,ML,,,,,,,2.7,0.2,9,,,
80864,1987-10-26T08:54:28Z,-41.42,0.0,175.0,0.0,13.0,0.0,ML,,,,,,,1.8,0.2,8,,,
80865,1987-10-26T12:58:49Z,-41.33,0.0,175.27,0.0,34.0,2.0,ML,,,,,,,1.7,0.2,7,,,
80866,1987-10-26T13:04:19Z,-41.53,0.0,174.8,0.0,31.0,1.0,ML,,,,,,,2.0,0.2,9,,,
80868,1987-10-26T15:58:05Z,-42.24,0.0,172.8,0.0,12.0,0.0,ML,,,,,,,3.6,0.2,16,,,
80869,1987-10-26T16:03:42Z,-40.48,0.1,173.99,0.0,113.0,9.0,ML,,,,,,,2.3,0.1,5,,,
80871,1987-10-26T16:55:06Z,-40.81,0.0,175.13,0.0,31.0,1.0,ML,,,,,,,1.9,0.2,7,,,
80872,1987-10-26T19:06:34Z,-40.9,0.0,175.89,0.0,33.0,0.0,ML,,,,,,,3.6,0.3,8,,,
80873,1987-10-26T19:50:30Z,-39.48,0.0,175.65,0.0,5.0,0.0,ML,,,,,,,3.2,0.4,11,,,
81113,1987-10-26T21:37:19Z,-40.09,0.0,176.68,0.0,46.0,3.0,ML,,,,,,,2.5,0.0,2,,,
80876,1987-10-26T22:16:55Z,-40.88,0.0,175.65,0.0,17.0,4.0,ML,,,,,,,2.1,0.2,6,,,
81351,1987-10-27T03:14:59Z,-42.23,0.0,172.78,0.0,12.0,0.0,ML,,,,,,,4.6,0.3,21,,,
81118,1987-10-27T04:37:16Z,-39.06,0.0,176.78,0.0,5.0,3.0,ML,,,,,,,2.8,0.2,5,,,
81352,1987-10-27T05:09:29Z,-44.81,0.0,168.43,0.1,97.0,11.0,ML,,,,,,,2.9,0.1,7,,,
81353,1987-10-27T07:13:51Z,-46.65,0.8,164.65,0.5,12.0,0.0,ML,,,,,,,3.2,0.1,6,,,
81801,1987-10-27T08:04:51Z,-42.26,0.0,172.82,0.0,5.0,0.0,ML,,,,,,,3.2,0.2,11,,,
81121,1987-10-27T09:23:06Z,-41.84,0.0,174.34,0.0,12.0,0.0,ML,,,,,,,4.9,0.4,23,,,
84669,1987-10-27T09:36:20Z,-41.84,0.0,174.24,0.0,12.0,0.0,ML,,,,,,,2.3,0.1,6,,,
84672,1987-10-27T09:36:40Z,-41.78,0.0,174.27,0.0,12.0,0.0,ML,,,,,,,2.5,0.1,2,,,
84670,1987-10-27T09:36:56Z,-41.89,0.0,174.26,0.0,12.0,0.0,ML,,,,,,,2.2,0.2,6,,,
84671,1987-10-27T09:37:33Z,-41.81,0.0,174.26,0.0,12.0,0.0,ML,,,,,,,1.9,0.2,3,,,
81356,1987-10-27T09:39:47Z,-41.79,0.0,174.34,0.0,12.0,0.0,ML,,,,,,,3.4,0.2,10,,,
83949,1987-10-27T09:41:26Z,-41.91,0.0,174.19,0.0,12.0,0.0,ML,,,,,,,3.0,0.1,8,,,
81586,1987-10-27T09:46:19Z,-41.87,0.0,174.23,0.0,12.0,0.0,ML,,,,,,,2.4,0.1,8,,,
84343,1987-10-27T09:47:18Z,-40.82,0.0,174.79,0.0,10.0,2.0,ML,,,,,,,2.4,0.1,8,,,
84344,1987-10-27T09:47:48Z,-41.88,0.0,174.22,0.0,12.0,0.0,ML,,,,,,,2.8,0.1,8,,,
81804,1987-10-27T09:55:04Z,-41.83,0.0,174.28,0.0,12.0,0.0,ML,,,,,,,2.1,0.2,8,,,
81588,1987-10-27T10:00:20Z,-41.84,0.0,174.23,0.0,12.0,0.0,ML,,,,,,,2.7,0.1,8,,,
81589,1987-10-27T10:04:04Z,-41.83,0.0,174.29,0.0,12.0,0.0,ML,,,,,,,2.6,0.2,8,,,
81805,1987-10-27T10:19:52Z,-41.76,0.0,174.3,0.0,12.0,0.0,ML,,,,,,,2.0,0.1,8,,,
81591,1987-10-27T10:57:22Z,-41.81,0.0,174.32,0.0,9.0,3.0,ML,,,,,,,3.1,0.1,11,,,
81592,1987-10-27T11:10:07Z,-41.88,0.0,174.23,0.0,16.0,2.0,ML,,,,,,,2.3,0.2,7,,,
81593,1987-10-27T11:12:01Z,-41.87,0.0,174.25,0.0,12.0,0.0,ML,,,,,,,2.7,0.1,8,,,
81807,1987-10-27T11:14:22Z,-41.88,0.0,174.25,0.0,12.0,0.0,ML,,,,,,,2.3,0.1,9,,,
81594,1987-10-27T11:22:48Z,-41.88,0.0,174.24,0.0,12.0,0.0,ML,,,,,,,2.5,0.1,9,,,
81808,1987-10-27T11:52:06Z,-41.85,0.0,174.28,0.0,12.0,0.0,ML,,,,,,,2.2,0.2,8,,,
81595,1987-10-27T12:08:20Z,-41.77,0.0,174.33,0.0,12.0,0.0,ML,,,,,,,3.9,0.3,9,,,
81362,1987-10-27T12:16:56Z,-40.44,0.0,173.47,0.0,135.0,3.0,ML,,,,,,,4.0,0.2,9,,,
81599,1987-10-27T12:35:13Z,-41.82,0.0,174.3,0.0,12.0,0.0,ML,,,,,,,2.7,0.1,8,,,
84680,1987-10-27T12:59:34Z,-42.25,0.0,172.88,0.0,9.0,3.0,ML,,,,,,,3.3,0.1,5,,,
81602,1987-10-27T13:16:34Z,-41.82,0.0,174.3,0.0,12.0,0.0,ML,,,,,,,2.9,0.1,8,,,
81605,1987-10-27T13:49:26Z,-41.9,0.0,174.16,0.0,15.0,3.0,ML,,,,,,,2.0,0.1,7,,,
81809,1987-10-27T13:51:17Z,-41.78,0.0,174.24,0.0,15.0,2.0,ML,,,,,,,2.0,0.2,9,,,
81810,1987-10-27T14:00:03Z,-41.8,0.0,174.11,0.1,18.0,1.0,ML,,,,,,,2.0,0.2,7,,,
81811,1987-10-27T14:24:03Z,-40.86,0.1,173.47,0.0,203.0,3.0,ML,,,,,,,3.1,0.1,9,,,
81608,1987-10-27T15:59:32Z,-41.91,0.0,174.22,0.0,12.0,0.0,ML,,,,,,,2.5,0.1,8,,,
81813,1987-10-27T16:23:52Z,-40.82,0.0,174.53,0.0,24.0,2.0,ML,,,,,,,1.5,0.1,4,,,
81610,1987-10-27T16:46:36Z,-41.86,0.0,174.18,0.0,21.0,3.0,ML,,,,,,,2.1,0.2,8,,,
81612,1987-10-27T17:43:18Z,-41.76,0.0,174.36,0.0,12.0,0.0,ML,,,,,,,3.3,0.1,11,,,
81814,1987-10-27T18:29:38Z,-41.36,0.0,175.73,0.0,15.0,2.0,ML,,,,,,,1.9,0.1,6,,,
81125,1987-10-27T18:34:34Z,-41.29,0.0,175.74,0.0,26.0,1.0,ML,,,,,,,1.7,0.1,4,,,
81815,1987-10-27T19:26:32Z,-41.8,0.0,174.81,0.0,12.0,0.0,ML,,,,,,,2.0,0.2,7,,,
84678,1987-10-27T21:27:25Z,-39.36,0.0,176.78,0.0,56.0,3.0,ML,,,,,,,2.6,0.3,3,,,
81137,1987-10-27T21:28:02Z,-41.87,0.0,174.2,0.0,16.0,4.0,ML,,,,,,,2.0,0.2,5,,,
81140,1987-10-27T22:39:54Z,-37.32,0.0,177.03,0.0,150.0,3.0,ML,,,,,,,4.7,0.2,18,,,
81817,1987-10-27T23:30:13Z,-41.1,0.0,174.3,0.0,69.0,1.0,ML,,,,,,,2.5,0.2,8,,,
81614,1987-10-27T23:58:36Z,-41.88,0.0,174.18,0.0,18.0,4.0,ML,,,,,,,2.8,0.6,8,,,
81615,1987-10-28T03:22:12Z,-41.86,0.0,174.21,0.0,20.0,4.0,ML,,,,,,,3.2,0.1,7,,,
81825,1987-10-28T03:59:26Z,-41.95,0.0,174.11,0.1,11.0,4.0,ML,,,,,,,2.2,0.2,5,,,
81145,1987-10-28T04:11:01Z,-39.98,0.0,174.95,0.0,0.0,17.0,ML,,,,,,,2.5,0.4,9,,,
81828,1987-10-28T05:29:28Z,-41.84,0.0,174.2,0.0,14.0,1.0,ML,,,,,,,2.1,0.2,4,,,
81148,1987-10-28T06:16:37Z,-41.67,0.1,174.68,0.0,13.0,12.0,ML,,,,,,,1.6,0.2,2,,,
81832,1987-10-28T07:26:30Z,-41.93,0.0,174.17,0.1,12.0,0.0,ML,,,,,,,2.1,0.2,5,,,
81377,1987-10-28T08:04:18Z,-41.7,0.0,174.85,0.0,31.0,3.0,ML,,,,,,,2.1,0.4,4,,,
81833,1987-10-28T08:16:57Z,-41.7,0.0,174.88,0.0,28.0,1.0,ML,,,,,,,2.2,0.2,7,,,
81616,1987-10-28T11:03:53Z,-41.87,0.0,174.18,0.0,14.0,1.0,ML,,,,,,,2.2,0.0,6,,,
81618,1987-10-28T13:52:02Z,-41.89,0.0,174.26,0.0,12.0,0.0,ML,,,,,,,2.5,0.1,8,,,
81385,1987-10-29T00:07:04Z,-42.67,0.0,171.14,0.0,88.0,3.0,ML,,,,,,,3.6,0.2,11,,,
81386,1987-10-29T04:06:12Z,-44.88,0.0,167.61,0.0,77.0,6.0,ML,,,,,,,3.4,0.2,10,,,
81893,1987-10-29T04:48:41Z,-41.77,0.0,174.3,0.0,12.0,0.0,ML,,,,,,,2.2,0.2,3,,,
81387,1987-10-29T05:08:51Z,-41.38,0.0,175.73,0.0,15.0,1.0,ML,,,,,,,2.7,0.5,7,,,
81895,1987-10-29T06:15:31Z,-41.37,0.0,175.73,0.0,15.0,2.0,ML,,,,,,,2.0,0.1,5,,,
81176,1987-10-29T06:30:10Z,-39.01,0.0,177.08,0.0,29.0,0.0,ML,,,,,,,2.6,0.1,3,,,
81626,1987-10-29T06:49:58Z,-41.39,0.0,175.75,0.1,17.0,5.0,ML,,,,,,,1.7,0.1,3,,,
81180,1987-10-29T08:11:58Z,-38.61,0.0,177.66,0.0,57.0,5.0,ML,,,,,,,3.4,0.3,2,,,
81904,1987-10-29T11:57:18Z,-41.08,0.0,175.95,0.1,29.0,4.0,ML,,,,,,,2.2,0.2,4,,,
81906,1987-10-29T12:51:51Z,-40.4,0.0,174.62,0.0,94.0,6.0,ML,,,,,,,2.9,0.1,6,,,
81916,1987-10-29T19:42:26Z,-40.59,0.0,174.72,0.0,59.0,5.0,ML,,,,,,,2.4,0.1,3,,,
81200,1987-10-29T23:54:27Z,-39.35,0.0,177.77,0.0,21.0,6.0,ML,,,,,,,2.6,0.2,4,,,
81641,1987-10-30T07:38:50Z,-40.78,0.0,174.14,0.0,21.0,5.0,ML,,,,,,,2.4,0.2,6,,,
81395,1987-10-30T14:02:04Z,-42.07,0.0,174.69,0.0,34.0,3.0,ML,,,,,,,3.8,0.2,6,,,
81644,1987-10-30T15:35:59Z,-37.33,0.0,176.73,0.0,233.0,5.0,ML,,,,,,,4.0,0.2,13,,,
81936,1987-10-30T19:14:47Z,-41.04,0.0,175.93,0.0,30.0,1.0,ML,,,,,,,2.0,0.2,6,,,
81223,1987-10-30T19:21:19Z,-41.03,0.0,175.84,0.0,28.0,1.0,ML,,,,,,,2.4,0.2,7,,,
81937,1987-10-30T20:17:51Z,-41.04,0.0,175.79,0.0,27.0,1.0,ML,,,,,,,2.4,0.1,8,,,
81938,1987-10-30T21:20:44Z,-40.97,0.1,173.98,0.0,99.0,3.0,ML,,,,,,,2.8,0.2,7,,,
81939,1987-10-30T22:24:20Z,-41.88,0.0,174.26,0.0,12.0,0.0,ML,,,,,,,2.1,0.2,6,,,
81920,1987-10-30T22:42:04Z,-38.14,0.0,176.21,0.0,5.0,0.0,ML,,,,,,,2.4,0.2,4,2.6,0.1,3
81225,1987-10-30T22:46:54Z,-36.82,0.1,176.79,0.1,312.0,9.0,ML,,,,,,,4.4,0.2,18,,,
81649,1987-10-30T22:50:01Z,-41.83,0.0,174.33,0.0,8.0,3.0,ML,,,,,,,3.1,0.2,10,,,
81227,1987-10-30T23:21:18Z,-38.88,0.0,177.21,0.0,53.0,3.0,ML,,,,,,,2.9,0.3,5,,,
81231,1987-10-31T04:25:36Z,-39.0,0.0,174.95,0.0,212.0,4.0,ML,,,,,,,4.3,0.3,18,,,
81948,1987-10-31T05:19:47Z,-40.85,0.0,173.87,0.0,45.0,4.0,ML,,,,,,,2.5,0.2,4,,,
81950,1987-10-31T07:08:12Z,-40.65,0.0,173.62,0.0,143.0,1.0,ML,,,,,,,3.5,0.2,8,,,
81951,1987-10-31T07:16:08Z,-41.27,0.0,175.59,0.0,25.0,3.0,ML,,,,,,,1.7,0.2,4,,,
81953,1987-10-31T09:02:58Z,-41.22,0.0,175.19,0.0,25.0,2.0,ML,,,,,,,1.9,0.1,7,,,
81662,1987-10-31T14:33:25Z,-40.88,0.0,172.9,0.0,5.0,0.0,ML,,,,,,,3.8,0.2,12,,,
81663,1987-10-31T16:12:15Z,-41.91,0.0,174.2,0.0,12.0,0.0,ML,,,,,,,2.7,0.2,7,,,
81664,1987-10-31T16:15:52Z,-41.41,0.0,175.11,0.0,18.0,0.0,ML,,,,,,,2.1,0.1,7,,,
81956,1987-10-31T16:20:23Z,-42.07,0.0,174.32,0.0,26.0,2.0,ML,,,,,,,2.2,0.0,4,,,
81250,1987-10-31T19:41:09Z,-45.13,0.1,168.26,0.5,141.0,24.0,ML,,,,,,,3.3,0.1,7,,,
81667,1987-10-31T20:26:29Z,-41.53,0.0,173.79,0.1,55.0,5.0,ML,,,,,,,3.4,0.2,8,,,
81252,1987-11-01T02:08:02Z,-39.58,0.0,177.03,0.0,33.0,0.0,ML,,,,,,,2.1,0.0,4,,,
81926,1987-11-01T09:10:13Z,-38.42,0.0,176.28,0.0,5.0,0.0,ML,,,,,,,1.9,0.0,2,2.4,nan,1
81927,1987-11-01T09:12:06Z,-38.43,0.0,176.22,0.0,5.0,0.0,ML,,,,,,,1.9,0.1,2,2.0,0.3,5
81928,1987-11-01T09:14:42Z,-38.42,0.0,176.22,0.0,8.0,3.0,ML,,,,,,,2.0,0.0,2,2.3,0.2,3
81930,1987-11-01T09:23:00Z,-38.42,0.0,176.2,0.0,5.0,0.0,ML,,,,,,,2.3,0.2,2,2.5,0.2,4
81963,1987-11-01T11:05:12Z,-41.28,0.0,175.3,0.0,28.0,1.0,ML,,,,,,,1.9,0.1,6,,,
81673,1987-11-01T11:11:18Z,-40.79,0.0,174.06,0.0,59.0,4.0,ML,,,,,,,3.7,0.2,7,,,
81964,1987-11-01T19:36:28Z,-41.23,0.0,174.44,0.0,34.0,0.0,ML,,,,,,,2.2,0.1,3,,,
81965,1987-11-01T21:47:19Z,-41.6,0.0,174.79,0.0,29.0,1.0,ML,,,,,,,2.4,0.2,6,,,
81265,1987-11-01T23:01:46Z,-39.26,0.0,177.25,0.0,37.0,2.0,ML,,,,,,,3.0,0.1,5,,,
81266,1987-11-01T23:43:35Z,-38.59,0.1,175.72,0.1,150.0,11.0,ML,,,,,,,3.7,0.2,10,,,
81678,1987-11-02T02:36:29Z,-41.29,0.0,174.84,0.0,27.0,1.0,ML,,,,,,,2.2,0.1,7,,,
82317,1987-11-02T17:51:41Z,-38.47,0.0,176.25,0.0,5.0,0.0,ML,,,,,,,1.5,0.0,2,1.6,0.3,3
81973,1987-11-03T04:10:00Z,-41.38,0.0,174.56,0.0,10.0,2.0,ML,,,,,,,1.7,0.2,5,,,
81975,1987-11-03T05:36:58Z,-40.78,0.1,174.29,0.0,65.0,9.0,ML,,,,,,,2.8,0.1,5,,,
81977,1987-11-03T11:05:31Z,-40.93,0.0,175.49,0.0,24.0,1.0,ML,,,,,,,2.2,0.2,6,,,
82573,1987-11-03T18:35:13Z,-37.25,0.0,177.5,0.0,129.0,9.0,ML,,,,,,,4.0,0.1,8,,,
81978,1987-11-03T19:22:17Z,-41.89,0.0,174.23,0.0,12.0,0.0,ML,,,,,,,2.9,0.5,8,,,
81429,1987-11-04T00:37:09Z,-41.63,0.0,174.67,0.0,30.0,2.0,ML,,,,,,,2.3,0.1,5,,,
81984,1987-11-04T02:35:18Z,-41.83,0.0,173.81,0.1,24.0,2.0,ML,,,,,,,2.5,0.2,3,,,
81741,1987-11-04T13:30:35Z,-40.6,0.0,174.39,0.0,80.0,2.0,ML,,,,,,,3.4,0.2,9,,,
81988,1987-11-04T22:12:15Z,-41.01,0.0,175.49,0.0,23.0,1.0,ML,,,,,,,2.5,0.1,7,,,
81991,1987-11-04T23:37:39Z,-40.48,0.0,174.46,0.0,5.0,0.0,ML,,,,,,,2.0,0.1,5,,,
81993,1987-11-05T00:02:50Z,-40.97,0.0,175.54,0.0,25.0,1.0,ML,,,,,,,2.1,0.1,7,,,
82577,1987-11-05T02:13:20Z,-38.78,0.1,175.67,0.1,175.0,10.0,ML,,,,,,,3.1,0.1,2,,,
82005,1987-11-05T02:40:59Z,-41.39,0.0,174.52,0.0,56.0,1.0,ML,,,,,,,2.7,0.2,7,,,
82010,1987-11-05T04:03:43Z,-41.59,0.0,174.11,0.0,12.0,0.0,ML,,,,,,,2.4,0.2,6,,,
82022,1987-11-05T07:08:02Z,-40.83,0.0,175.95,0.0,32.0,1.0,ML,,,,,,,2.2,0.1,5,,,
82024,1987-11-05T07:28:10Z,-40.58,0.1,174.24,0.0,22.0,11.0,ML,,,,,,,2.1,0.1,4,,,
82580,1987-11-05T10:02:33Z,-39.28,0.0,176.39,0.1,53.0,7.0,ML,,,,,,,2.2,0.1,3,,,
82027,1987-11-05T14:02:42Z,-40.56,0.0,174.42,0.0,92.0,2.0,ML,,,,,,,2.7,0.1,7,,,
82581,1987-11-05T14:31:59Z,-38.88,0.0,175.68,0.0,12.0,0.0,ML,,,,,,,2.5,0.1,3,,,
82029,1987-11-05T16:08:50Z,-37.61,0.1,176.31,0.1,237.0,9.0,ML,,,,,,,4.0,0.4,16,,,
81458,1987-11-05T19:23:40Z,-42.09,0.0,174.0,0.1,12.0,0.0,ML,,,,,,,2.0,0.0,2,,,
81459,1987-11-05T19:48:20Z,-38.27,0.0,175.94,0.0,165.0,3.0,ML,,,,,,,5.3,0.2,3,,,
81460,1987-11-05T20:39:30Z,-45.5,0.0,167.0,0.0,86.0,2.0,ML,,,,,,,3.9,0.1,9,,,
81461,1987-11-05T20:48:44Z,-45.13,0.0,169.37,0.0,4.0,1.0,ML,,,,,,,1.0,0.1,7,,,
81754,1987-11-05T22:36:52Z,-35.89,0.0,178.39,0.0,202.0,5.0,ML,,,,,,,4.9,0.2,20,,,
82041,1987-11-06T00:04:18Z,-38.26,0.1,175.83,0.1,175.0,10.0,ML,,,,,,,3.7,0.2,12,,,
82042,1987-11-06T00:38:27Z,-40.65,0.0,174.0,0.0,92.0,5.0,ML,,,,,,,2.6,0.0,3,,,
82700,1987-11-06T03:08:21Z,-45.14,0.0,167.51,0.0,82.0,10.0,ML,,,,,,,4.4,0.2,6,,,
81756,1987-11-06T05:06:50Z,-41.03,0.0,173.86,0.0,79.0,1.0,ML,,,,,,,2.7,0.2,5,,,
82052,1987-11-06T05:32:04Z,-41.43,0.0,175.3,0.0,14.0,0.0,ML,,,,,,,2.1,0.3,8,,,
82053,1987-11-06T05:39:13Z,-41.45,0.0,175.31,0.0,16.0,1.0,ML,,,,,,,2.3,0.2,7,,,
82054,1987-11-06T05:46:15Z,-40.85,0.0,175.63,0.0,21.0,2.0,ML,,,,,,,2.3,0.5,7,,,
82055,1987-11-06T07:11:07Z,-35.81,0.1,178.11,0.2,287.0,9.0,ML,,,,,,,4.0,0.2,10,,,
82056,1987-11-06T07:38:17Z,-40.56,0.0,174.43,0.0,79.0,3.0,ML,,,,,,,2.5,0.1,9,,,
82349,1987-11-06T08:14:05Z,-39.8,0.0,177.07,0.0,49.0,2.0,ML,,,,,,,2.4,0.1,2,,,
82061,1987-11-06T09:03:04Z,-40.24,0.0,176.5,0.0,12.0,0.0,ML,,,,,,,2.2,0.1,3,,,
81757,1987-11-06T13:00:05Z,-41.01,0.0,174.68,0.0,34.0,0.0,ML,,,,,,,2.0,0.1,7,,,
82702,1987-11-06T21:32:47Z,-44.74,0.1,166.99,0.0,33.0,0.0,ML,,,,,,,3.3,0.1,7,,,
81773,1987-11-06T22:05:59Z,-40.8,0.0,174.33,0.0,67.0,5.0,ML,,,,,,,3.0,0.2,8,,,
82076,1987-11-06T22:23:40Z,-41.64,0.0,174.63,0.0,30.0,2.0,ML,,,,,,,1.9,0.2,3,,,
82091,1987-11-07T10:03:00Z,-40.24,0.0,174.81,0.0,3.0,3.0,ML,,,,,,,2.7,0.1,9,,,
82092,1987-11-07T11:03:44Z,-41.89,0.0,175.39,0.0,72.0,4.0,ML,,,,,,,2.1,0.1,4,,,
82093,1987-11-07T11:09:21Z,-40.03,0.0,175.0,0.0,14.0,7.0,ML,,,,,,,2.5,0.1,3,,,
86188,1987-11-07T11:10:39Z,-39.46,0.0,177.41,0.0,31.0,2.0,ML,,,,,,,2.3,0.2,2,,,
81777,1987-11-07T11:57:16Z,-41.1,0.0,173.29,0.0,155.0,1.0,ML,,,,,,,3.4,0.3,9,,,
82098,1987-11-07T13:47:15Z,-41.52,0.0,175.75,0.0,12.0,6.0,ML,,,,,,,2.3,0.2,9,,,
81781,1987-11-07T15:52:32Z,-42.17,0.0,174.2,0.1,33.0,3.0,ML,,,,,,,2.7,0.3,5,,,
82104,1987-11-07T16:24:33Z,-41.51,0.1,175.72,0.1,13.0,13.0,ML,,,,,,,1.8,0.2,5,,,
81783,1987-11-07T16:43:48Z,-41.68,0.0,174.28,0.0,12.0,0.0,ML,,,,,,,2.2,0.1,8,,,
81784,1987-11-07T16:49:42Z,-40.8,0.0,174.51,0.0,14.0,6.0,ML,,,,,,,2.0,0.2,6,,,
82106,1987-11-07T17:13:25Z,-40.82,0.0,175.6,0.0,31.0,2.0,ML,,,,,,,2.0,0.1,6,,,
82111,1987-11-07T19:15:00Z,-41.98,0.2,173.67,0.1,77.0,25.0,ML,,,,,,,2.6,nan,1,,,
82112,1987-11-07T21:30:26Z,-41.72,0.0,174.32,0.0,28.0,2.0,ML,,,,,,,1.8,0.1,3,,,
82116,1987-11-08T01:04:28Z,-40.75,0.0,174.91,0.0,37.0,1.0,ML,,,,,,,2.7,0.2,7,,,
82593,1987-11-08T01:27:04Z,-39.2,0.0,177.61,0.1,28.0,3.0,ML,,,,,,,3.0,0.2,4,,,
82705,1987-11-08T07:15:23Z,-45.38,0.3,168.7,1.3,175.0,31.0,ML,,,,,,,2.7,0.1,5,,,
82128,1987-11-08T10:42:41Z,-40.17,0.2,176.18,0.1,74.0,69.0,ML,,,,,,,2.8,0.1,7,,,
82707,1987-11-08T16:19:51Z,-44.91,0.1,168.72,0.2,138.0,7.0,ML,,,,,,,2.8,0.1,5,,,
81797,1987-11-08T17:24:01Z,-38.42,0.0,175.98,0.0,136.0,5.0,ML,,,,,,,4.1,0.4,17,,,
82142,1987-11-08T21:57:26Z,-40.5,0.0,174.51,0.0,82.0,2.0,ML,,,,,,,2.6,0.3,5,,,
82143,1987-11-08T22:20:21Z,-41.15,0.1,173.68,0.1,63.0,7.0,ML,,,,,,,2.6,0.1,4,,,
82710,1987-11-08T23:28:43Z,-44.85,0.2,167.93,0.5,120.0,43.0,ML,,,,,,,2.5,0.1,7,,,
82145,1987-11-09T02:15:25Z,-41.58,0.0,173.67,0.0,77.0,2.0,ML,,,,,,,3.1,0.2,6,,,
82149,1987-11-09T02:53:54Z,-41.76,0.0,174.72,0.0,32.0,3.0,ML,,,,,,,2.1,0.1,4,,,
82446,1987-11-09T06:52:59Z,-39.24,0.0,177.17,0.0,29.0,2.0,ML,,,,,,,3.1,0.1,7,,,
82626,1987-11-09T06:57:34Z,-39.22,0.0,177.2,0.0,32.0,1.0,ML,,,,,,,2.2,0.1,4,,,
82175,1987-11-09T07:43:33Z,-40.87,0.0,175.49,0.0,20.0,2.0,ML,,,,,,,2.5,0.2,8,,,
82176,1987-11-09T08:58:51Z,-40.09,0.0,176.71,0.0,44.0,2.0,ML,,,,,,,2.2,0.0,3,,,
86190,1987-11-09T08:59:59Z,-39.21,0.0,175.37,0.0,5.0,0.0,ML,,,,,,,2.6,nan,1,3.1,nan,1
82177,1987-11-09T10:08:49Z,-39.17,0.1,175.43,0.0,183.0,15.0,ML,,,,,,,3.4,0.2,6,,,
82179,1987-11-09T13:10:24Z,-41.57,0.0,174.18,0.1,8.0,6.0,ML,,,,,,,2.1,0.2,6,,,
82181,1987-11-09T14:15:19Z,-40.49,0.1,174.29,0.0,5.0,0.0,ML,,,,,,,2.0,0.0,4,,,
87197,1987-11-09T14:36:50Z,-38.64,0.0,176.02,0.1,5.0,0.0,ML,,,,,,,1.7,nan,1,2.6,0.2,2
82459,1987-11-09T14:38:29Z,-38.64,0.0,176.09,0.0,2.0,0.0,ML,,,,,,,1.7,nan,1,2.8,0.1,3
82467,1987-11-09T15:10:22Z,-38.63,0.0,176.16,0.0,5.0,0.0,ML,,,,,,,1.1,0.1,2,,,
82182,1987-11-09T17:48:48Z,-37.74,0.1,177.38,0.1,233.0,4.0,ML,,,,,,,3.7,nan,1,,,
82183,1987-11-09T18:02:11Z,-41.72,0.0,174.48,0.0,29.0,2.0,ML,,,,,,,2.3,0.2,7,,,
82186,1987-11-09T19:44:56Z,-40.47,0.0,175.14,0.0,26.0,3.0,ML,,,,,,,1.8,0.0,3,,,
82713,1987-11-09T20:51:05Z,-44.4,0.2,170.24,0.3,33.0,0.0,ML,,,,,,,2.0,0.3,5,,,
82189,1987-11-09T23:12:51Z,-40.5,0.0,174.48,0.0,5.0,0.0,ML,,,,,,,1.9,0.1,3,,,
82190,1987-11-09T23:55:34Z,-38.9,0.0,175.83,0.0,157.0,3.0,ML,,,,,,,3.1,0.3,3,,,
82192,1987-11-10T00:11:33Z,-40.61,0.0,175.03,0.0,55.0,5.0,ML,,,,,,,3.6,0.1,9,,,
82199,1987-11-10T03:22:06Z,-41.63,0.0,174.19,0.0,18.0,3.0,ML,,,,,,,2.2,0.1,7,,,
82201,1987-11-10T04:14:20Z,-40.73,0.0,174.26,0.0,73.0,2.0,ML,,,,,,,3.6,0.2,6,,,
82202,1987-11-10T04:37:13Z,-41.07,0.0,174.1,0.0,45.0,4.0,ML,,,,,,,2.9,0.2,9,,,
82481,1987-11-10T06:02:09Z,-38.67,0.0,177.45,0.0,42.0,7.0,ML,,,,,,,3.6,0.3,4,,,
82207,1987-11-10T07:07:38Z,-39.77,0.0,173.92,0.0,253.0,3.0,ML,,,,,,,5.0,0.2,11,,,
82212,1987-11-10T08:52:01Z,-41.04,0.0,174.2,0.0,57.0,3.0,ML,,,,,,,4.3,0.2,10,,,
82219,1987-11-10T20:27:25Z,-41.04,0.0,175.2,0.0,25.0,1.0,ML,,,,,,,1.9,0.1,8,,,
82220,1987-11-10T21:08:34Z,-41.79,0.0,174.54,0.0,33.0,2.0,ML,,,,,,,2.6,0.3,9,,,
82224,1987-11-11T00:09:24Z,-41.74,0.0,174.49,0.0,32.0,2.0,ML,,,,,,,2.7,0.2,9,,,
82719,1987-11-11T01:55:59Z,-44.79,0.0,168.74,0.0,12.0,0.0,ML,,,,,,,1.7,0.1,6,,,
82230,1987-11-11T07:01:38Z,-40.4,0.0,176.67,0.0,17.0,4.0,ML,,,,,,,2.8,0.1,10,,,
82231,1987-11-11T08:33:35Z,-41.4,0.0,174.68,0.0,30.0,1.0,ML,,,,,,,2.3,0.2,9,,,
82233,1987-11-11T12:29:13Z,-40.71,0.0,175.34,0.0,29.0,1.0,ML,,,,,,,2.7,0.2,9,,,
82236,1987-11-11T15:33:17Z,-41.67,0.0,174.22,0.0,12.0,0.0,ML,,,,,,,2.0,0.1,6,,,
82238,1987-11-11T18:47:18Z,-40.38,0.0,174.73,0.0,23.0,2.0,ML,,,,,,,2.5,0.2,7,,,
82244,1987-11-11T23:55:08Z,-39.01,0.0,176.29,0.0,53.0,4.0,ML,,,,,,,2.6,0.0,3,,,
82250,1987-11-12T06:53:35Z,-41.65,0.0,174.31,0.0,10.0,2.0,ML,,,,,,,2.9,0.1,8,,,
82251,1987-11-12T07:44:45Z,-41.25,0.0,174.66,0.0,34.0,1.0,ML,,,,,,,1.7,0.1,6,,,
82252,1987-11-12T09:39:33Z,-39.38,0.0,174.78,0.0,27.0,1.0,ML,,,,,,,3.6,0.3,15,,,
82253,1987-11-12T11:26:14Z,-39.97,0.1,175.64,0.0,59.0,18.0,ML,,,,,,,2.7,0.2,6,,,
82254,1987-11-12T11:55:11Z,-40.18,0.0,174.8,0.0,12.0,0.0,ML,,,,,,,2.1,0.2,6,,,
82255,1987-11-12T12:10:42Z,-41.09,0.0,174.38,0.0,68.0,1.0,ML,,,,,,,2.6,0.1,9,,,
82732,1987-11-12T12:24:05Z,-44.82,0.0,168.8,0.1,18.0,34.0,ML,,,,,,,1.8,0.1,3,,,
82256,1987-11-12T13:37:13Z,-41.07,0.0,174.84,0.0,29.0,1.0,ML,,,,,,,2.0,0.1,9,,,
82735,1987-11-12T14:49:52Z,-44.67,0.0,168.63,0.0,12.0,0.0,ML,,,,,,,1.9,0.1,2,,,
82661,1987-11-12T16:57:16Z,-39.47,0.0,176.72,0.0,38.0,3.0,ML,,,,,,,2.6,0.2,3,,,
82257,1987-11-12T17:02:31Z,-40.51,0.0,174.34,0.0,28.0,3.0,ML,,,,,,,2.3,0.1,8,,,
82258,1987-11-12T18:08:14Z,-40.98,0.0,175.09,0.0,32.0,0.0,ML,,,,,,,2.3,0.2,7,,,
82259,1987-11-12T21:08:38Z,-41.16,0.0,175.1,0.0,27.0,1.0,ML,,,,,,,1.8,0.1,7,,,
82260,1987-11-12T23:39:32Z,-42.24,0.0,174.07,0.0,33.0,0.0,ML,,,,,,,2.4,0.3,7,,,
82262,1987-11-13T01:49:21Z,-40.5,0.2,174.03,1.1,31.0,73.0,ML,,,,,,,2.1,0.2,3,,,
82263,1987-11-13T03:51:31Z,-37.72,0.0,177.9,0.0,94.0,3.0,ML,,,,,,,3.8,0.2,17,,,
82265,1987-11-13T05:30:21Z,-41.56,0.0,174.47,0.0,19.0,5.0,ML,,,,,,,1.5,0.1,5,,,
82266,1987-11-13T09:47:09Z,-41.9,0.0,174.26,0.0,12.0,0.0,ML,,,,,,,2.2,0.3,6,,,
82663,1987-11-13T13:21:00Z,-40.15,0.1,176.42,0.1,33.0,8.0,ML,,,,,,,2.7,0.1,3,,,
82267,1987-11-13T15:03:14Z,-40.44,0.0,173.85,0.0,127.0,4.0,ML,,,,,,,2.5,0.2,6,,,
82268,1987-11-13T17:28:35Z,-40.83,0.0,175.62,0.0,20.0,2.0,ML,,,,,,,2.0,0.1,6,,,
82269,1987-11-13T19:11:43Z,-41.03,0.0,174.16,0.0,53.0,2.0,ML,,,,,,,2.4,0.2,5,,,
82270,1987-11-13T21:18:55Z,-41.27,0.0,173.11,0.0,161.0,2.0,ML,,,,,,,3.0,0.1,6,,,
82664,1987-11-13T22:06:53Z,-39.31,0.0,175.99,0.1,0.0,3.0,ML,,,,,,,2.6,0.2,5,,,
82271,1987-11-13T22:19:46Z,-41.03,0.0,173.57,0.0,129.0,3.0,ML,,,,,,,3.5,0.2,9,,,
82273,1987-11-14T00:44:15Z,-40.15,0.0,174.91,0.0,12.0,0.0,ML,,,,,,,3.5,0.3,16,,,
82274,1987-11-14T01:25:20Z,-38.71,0.0,175.75,0.1,179.0,7.0,ML,,,,,,,3.3,0.3,11,,,
82275,1987-11-14T02:16:07Z,-40.99,0.1,173.85,0.0,61.0,5.0,ML,,,,,,,2.6,0.2,6,,,
82276,1987-11-14T02:32:59Z,-41.09,0.1,173.86,0.0,65.0,4.0,ML,,,,,,,2.7,0.2,6,,,
82277,1987-11-14T03:21:21Z,-40.35,0.0,174.13,0.1,26.0,11.0,ML,,,,,,,2.1,0.1,4,,,
82279,1987-11-14T09:23:33Z,-41.26,0.0,174.86,0.0,33.0,1.0,ML,,,,,,,2.7,0.2,9,,,
82284,1987-11-14T11:13:17Z,-41.08,0.0,174.2,0.0,58.0,4.0,ML,,,,,,,2.7,0.2,4,,,
82287,1987-11-14T14:09:54Z,-38.25,0.0,176.04,0.0,157.0,6.0,ML,,,,,,,4.6,0.3,13,,,
82290,1987-11-14T17:30:04Z,-40.87,0.0,175.55,0.0,23.0,3.0,ML,,,,,,,2.3,0.4,7,,,
82291,1987-11-14T18:45:31Z,-40.58,0.0,174.66,0.0,52.0,3.0,ML,,,,,,,2.6,0.2,6,,,
82666,1987-11-14T19:50:17Z,-39.02,0.0,177.08,0.0,28.0,1.0,ML,,,,,,,2.8,0.0,2,,,
82292,1987-11-14T20:58:22Z,-40.9,0.0,175.08,0.0,30.0,0.0,ML,,,,,,,2.6,0.1,8,,,
82301,1987-11-15T16:20:08Z,-40.55,0.0,174.57,0.0,19.0,3.0,ML,,,,,,,2.3,0.1,7,,,
82304,1987-11-15T18:25:28Z,-37.8,0.0,177.08,0.0,111.0,4.0,ML,,,,,,,3.9,0.2,15,,,
82306,1987-11-15T19:05:54Z,-38.7,0.1,175.49,0.1,127.0,12.0,ML,,,,,,,3.9,0.2,12,,,
82779,1987-11-15T20:09:05Z,-45.05,0.0,168.36,0.2,135.0,8.0,ML,,,,,,,2.3,0.1,4,,,
88429,1987-11-16T05:03:42Z,-38.24,0.0,176.44,0.0,7.0,7.0,ML,,,,,,,2.1,0.0,2,,,
82560,1987-11-16T05:35:05Z,-38.23,0.0,176.45,0.0,2.0,2.0,ML,,,,,,,3.3,0.2,9,,,
82668,1987-11-16T06:36:39Z,-39.76,0.0,177.27,0.0,31.0,4.0,ML,,,,,,,2.6,0.4,6,,,
83042,1987-11-16T19:28:39Z,-41.03,0.0,174.64,0.0,62.0,1.0,ML,,,,,,,1.9,0.1,5,,,
82789,1987-11-17T07:46:54Z,-45.18,0.0,167.52,0.1,121.0,4.0,ML,,,,,,,3.2,0.4,9,,,
83053,1987-11-17T10:35:01Z,-41.78,0.0,174.47,0.0,34.0,3.0,ML,,,,,,,2.4,0.1,4,,,
83055,1987-11-17T12:04:13Z,-40.79,0.0,175.07,0.0,33.0,1.0,ML,,,,,,,2.3,0.2,9,,,
83062,1987-11-17T19:21:01Z,-40.95,0.0,176.11,0.0,38.0,4.0,ML,,,,,,,2.4,0.1,6,,,
83064,1987-11-17T23:59:29Z,-40.73,0.1,174.0,0.0,83.0,11.0,ML,,,,,,,2.8,0.1,6,,,
83065,1987-11-18T00:28:12Z,-41.38,0.0,174.34,0.0,36.0,1.0,ML,,,,,,,2.8,0.2,8,,,
82972,1987-11-18T12:29:52Z,-41.71,0.0,174.6,0.0,20.0,4.0,ML,,,,,,,2.3,0.2,9,,,
83069,1987-11-18T12:33:58Z,-41.94,0.0,173.94,0.0,41.0,1.0,ML,,,,,,,2.5,0.1,5,,,
83071,1987-11-18T19:16:10Z,-41.17,0.0,174.37,0.0,34.0,1.0,ML,,,,,,,2.4,0.2,8,,,
83077,1987-11-19T01:13:24Z,-41.26,0.0,174.35,0.0,36.0,1.0,ML,,,,,,,2.1,0.1,5,,,
83080,1987-11-19T05:55:17Z,-40.53,0.0,173.95,0.2,30.0,9.0,ML,,,,,,,2.4,0.2,5,,,
83082,1987-11-19T08:28:14Z,-40.14,0.1,174.76,0.0,155.0,4.0,ML,,,,,,,2.6,0.2,5,,,
82813,1987-11-19T09:25:02Z,-44.78,0.0,168.77,0.0,12.0,0.0,ML,,,,,,,2.3,0.1,5,,,
83084,1987-11-19T12:09:36Z,-41.03,0.0,175.58,0.0,27.0,2.0,ML,,,,,,,1.7,0.1,7,,,
82985,1987-11-19T13:01:27Z,-41.73,0.0,174.95,0.0,32.0,2.0,ML,,,,,,,2.2,0.2,8,,,
82814,1987-11-19T15:11:48Z,-46.82,0.1,165.29,0.1,33.0,0.0,ML,,,,,,,3.6,0.1,8,,,
82819,1987-11-19T20:39:42Z,-41.24,0.0,175.22,0.0,22.0,0.0,ML,,,,,,,1.5,0.1,7,,,
82675,1987-11-19T21:50:48Z,-39.6,0.0,176.78,0.0,32.0,3.0,ML,,,,,,,2.4,0.1,4,,,
83087,1987-11-20T00:10:59Z,-41.22,0.0,173.83,0.1,56.0,3.0,ML,,,,,,,2.1,0.1,5,,,
89712,1987-11-20T04:03:01Z,-41.66,0.0,174.33,0.0,10.0,3.0,ML,,,,,,,2.1,0.1,6,,,
82676,1987-11-20T06:43:32Z,-38.45,0.0,175.75,0.0,166.0,5.0,ML,,,,,,,4.0,0.3,18,,,
82993,1987-11-20T06:54:58Z,-41.78,0.0,174.53,0.0,34.0,2.0,ML,,,,,,,3.5,0.2,6,,,
82677,1987-11-20T08:04:17Z,-38.56,0.0,177.4,0.0,30.0,2.0,ML,,,,,,,2.9,0.6,4,,,
89718,1987-11-20T10:38:45Z,-41.75,0.0,174.28,0.0,12.0,0.0,ML,,,,,,,1.8,0.1,5,,,
82994,1987-11-20T11:33:19Z,-41.65,0.0,174.3,0.0,12.0,0.0,ML,,,,,,,3.0,0.1,9,,,
82995,1987-11-20T11:44:33Z,-41.64,0.0,174.31,0.0,12.0,0.0,ML,,,,,,,2.1,0.1,7,,,
89720,1987-11-20T15:12:31Z,-40.57,0.0,174.23,0.0,29.0,3.0,ML,,,,,,,2.1,0.1,7,,,
83001,1987-11-20T18:25:22Z,-41.06,0.0,174.77,0.0,54.0,1.0,ML,,,,,,,2.7,0.2,9,,,
89722,1987-11-20T18:54:47Z,-41.74,0.0,174.91,0.0,25.0,3.0,ML,,,,,,,1.9,0.2,8,,,
89723,1987-11-20T20:40:17Z,-40.85,0.0,174.13,0.1,61.0,5.0,ML,,,,,,,2.2,0.1,5,,,
89724,1987-11-20T22:06:06Z,-40.84,0.0,174.71,0.0,51.0,1.0,ML,,,,,,,2.2,0.1,4,,,
89726,1987-11-20T22:23:36Z,-40.86,0.0,173.89,0.0,88.0,3.0,ML,,,,,,,2.4,0.1,2,,,
82830,1987-11-21T05:12:00Z,-45.35,0.0,166.7,0.0,42.0,10.0,ML,,,,,,,3.5,0.2,10,,,
83008,1987-11-21T07:56:33Z,-41.01,0.0,174.69,0.0,37.0,1.0,ML,,,,,,,2.4,0.2,8,,,
82833,1987-11-21T09:05:57Z,-44.8,0.0,168.79,0.0,12.0,0.0,ML,,,,,,,1.5,0.1,4,,,
83009,1987-11-21T09:23:27Z,-41.88,0.0,174.46,0.0,28.0,2.0,ML,,,,,,,2.0,0.1,5,,,
82679,1987-11-21T13:10:18Z,-39.23,0.0,177.46,0.1,105.0,8.0,ML,,,,,,,3.4,0.5,3,,,
82683,1987-11-21T22:14:45Z,-34.71,0.1,179.85,0.2,33.0,0.0,ML,,,,,,,4.6,0.4,11,,,
89733,1987-11-22T00:41:29Z,-40.84,0.0,174.95,0.0,34.0,1.0,ML,,,,,,,1.9,0.2,6,,,
82686,1987-11-22T00:55:30Z,-38.13,0.0,176.67,0.0,5.0,0.0,ML,,,,,,,3.2,0.2,6,,,
89736,1987-11-22T04:34:59Z,-40.87,0.0,175.89,0.1,31.0,2.0,ML,,,,,,,2.6,0.1,9,,,
83019,1987-11-22T05:45:55Z,-40.46,0.0,174.57,0.0,87.0,2.0,ML,,,,,,,3.8,0.1,8,,,
83020,1987-11-22T06:43:08Z,-41.66,0.0,174.33,0.0,4.0,2.0,ML,,,,,,,3.3,0.2,14,,,
89738,1987-11-22T10:15:09Z,-41.66,0.0,174.33,0.0,10.0,3.0,ML,,,,,,,1.8,0.1,3,,,
91154,1987-11-22T17:08:17Z,-36.53,0.1,177.82,0.1,12.0,0.0,ML,,,,,,,3.9,0.3,4,,,
82839,1987-11-22T17:18:36Z,-44.25,0.0,167.89,0.0,12.0,0.0,ML,,,,,,,3.5,0.2,7,,,
83027,1987-11-22T18:06:58Z,-41.66,0.0,174.3,0.0,14.0,2.0,ML,,,,,,,2.3,0.1,6,,,
83028,1987-11-22T18:22:54Z,-41.38,0.0,174.43,0.0,10.0,1.0,ML,,,,,,,3.5,0.3,9,,,
91155,1987-11-22T18:24:28Z,-40.86,0.0,174.72,0.0,15.0,1.0,ML,,,,,,,3.1,0.6,11,,,
89744,1987-11-22T20:51:51Z,-41.66,0.0,174.36,0.0,5.0,0.0,ML,,,,,,,1.9,0.1,4,,,
89745,1987-11-22T21:11:38Z,-41.03,0.0,174.79,0.0,53.0,1.0,ML,,,,,,,2.1,0.1,5,,,
82696,1987-11-23T10:35:34Z,-38.83,0.1,176.47,0.2,94.0,10.0,ML,,,,,,,2.9,0.4,3,,,
82697,1987-11-23T18:45:46Z,-39.33,0.0,177.46,0.0,30.0,2.0,ML,,,,,,,3.2,0.0,2,,,
89812,1987-11-24T00:32:16Z,-40.69,0.0,174.96,0.0,12.0,0.0,ML,,,,,,,2.6,0.2,7,,,
89988,1987-11-24T03:35:18Z,-38.5,0.1,177.24,0.1,33.0,0.0,ML,,,,,,,3.1,0.2,5,,,
89814,1987-11-24T06:56:36Z,-40.92,0.0,175.89,0.0,33.0,0.0,ML,,,,,,,2.4,0.1,6,,,
89917,1987-11-24T08:16:48Z,-39.69,0.0,176.95,0.1,46.0,3.0,ML,,,,,,,3.3,0.2,2,,,
89989,1987-11-24T10:22:28Z,-39.25,0.0,177.49,0.1,33.0,0.0,ML,,,,,,,2.7,0.2,2,,,
89990,1987-11-24T15:39:17Z,-38.85,0.0,177.99,0.0,35.0,6.0,ML,,,,,,,3.5,0.3,6,,,
89836,1987-11-24T18:59:04Z,-41.29,0.0,175.21,0.0,22.0,1.0,ML,,,,,,,1.8,0.2,4,,,
89841,1987-11-24T22:32:39Z,-40.88,0.0,175.09,0.0,37.0,1.0,ML,,,,,,,2.2,0.3,3,,,
89991,1987-11-24T22:52:51Z,-39.23,0.0,177.67,0.0,9.0,0.0,ML,,,,,,,2.2,0.4,3,,,
92532,1987-11-25T00:39:36Z,-38.24,0.1,176.25,0.0,5.0,0.0,ML,,,,,,,2.2,nan,1,,,
89842,1987-11-25T02:30:57Z,-40.88,0.0,175.91,0.0,32.0,1.0,ML,,,,,,,2.9,0.1,7,,,
89992,1987-11-25T08:55:44Z,-38.93,0.0,177.66,0.0,28.0,2.0,ML,,,,,,,2.9,0.0,2,,,
89849,1987-11-25T11:12:16Z,-41.53,0.0,175.18,0.0,29.0,2.0,ML,,,,,,,2.1,0.2,5,,,
89853,1987-11-25T16:41:55Z,-41.26,0.0,175.24,0.0,23.0,1.0,ML,,,,,,,1.5,0.1,6,,,
89856,1987-11-26T00:13:54Z,-41.14,0.0,174.57,0.0,40.0,1.0,ML,,,,,,,3.0,0.2,7,,,
89858,1987-11-26T01:20:04Z,-41.66,0.0,174.32,0.0,12.0,0.0,ML,,,,,,,2.1,0.1,4,,,
89861,1987-11-26T02:43:35Z,-40.6,0.0,174.3,0.0,87.0,4.0,ML,,,,,,,2.3,0.1,5,,,
89862,1987-11-26T03:04:28Z,-41.65,0.0,174.32,0.0,10.0,2.0,ML,,,,,,,1.9,0.2,5,,,
89863,1987-11-26T03:05:43Z,-40.61,0.0,174.11,0.0,109.0,2.0,ML,,,,,,,3.6,0.1,8,,,
82890,1987-11-26T04:58:47Z,-40.81,0.0,174.72,0.0,42.0,6.0,ML,,,,,,,2.0,0.1,3,,,
82901,1987-11-26T11:41:05Z,-46.57,0.0,167.02,0.1,188.0,2.0,ML,,,,,,,3.2,0.2,7,,,
89866,1987-11-26T19:09:32Z,-40.87,0.0,175.8,0.0,30.0,2.0,ML,,,,,,,3.0,0.1,6,,,
89871,1987-11-27T02:30:08Z,-40.89,0.0,175.8,0.0,30.0,1.0,ML,,,,,,,3.0,0.2,8,,,
92102,1987-11-27T07:01:31Z,-37.95,0.0,176.84,0.0,5.0,0.0,ML,,,,,,,3.3,0.1,4,,,
89998,1987-11-27T08:33:59Z,-40.09,0.0,176.91,0.0,33.0,1.0,ML,,,,,,,3.2,0.3,2,,,
90000,1987-11-27T16:26:12Z,-40.02,0.0,175.86,0.0,18.0,2.0,ML,,,,,,,2.5,0.1,3,,,
90001,1987-11-27T17:41:33Z,-40.0,0.0,176.55,0.0,42.0,0.0,ML,,,,,,,2.7,0.1,3,,,
89875,1987-11-27T19:55:34Z,-40.95,0.0,175.75,0.0,32.0,1.0,ML,,,,,,,2.4,0.1,5,,,
89876,1987-11-27T22:12:20Z,-41.41,0.2,173.29,0.1,121.0,9.0,ML,,,,,,,2.9,0.2,5,,,
89879,1987-11-28T08:35:33Z,-40.37,0.0,173.76,0.0,186.0,4.0,ML,,,,,,,3.6,0.3,8,,,
89884,1987-11-28T20:48:10Z,-40.59,0.0,174.61,0.0,36.0,18.0,ML,,,,,,,2.9,0.1,7,,,
89885,1987-11-28T21:11:19Z,-41.45,0.0,174.2,0.0,35.0,3.0,ML,,,,,,,3.4,0.2,7,,,
89892,1987-11-29T01:31:09Z,-41.47,0.1,174.14,0.0,36.0,8.0,ML,,,,,,,2.4,0.0,3,,,
89893,1987-11-29T06:12:06Z,-41.07,0.0,174.65,0.0,35.0,2.0,ML,,,,,,,1.9,0.3,3,,,
89895,1987-11-29T07:33:12Z,-41.41,0.0,173.89,0.0,48.0,1.0,ML,,,,,,,2.4,0.0,2,,,
89900,1987-11-29T11:02:48Z,-41.29,0.0,174.76,0.0,50.0,1.0,ML,,,,,,,2.8,0.1,8,,,
90006,1987-11-29T12:05:20Z,-39.71,0.0,176.88,0.0,53.0,1.0,ML,,,,,,,2.5,0.1,3,,,
90007,1987-11-29T12:54:43Z,-37.89,0.0,176.89,0.0,5.0,0.0,ML,,,,,,,4.0,0.2,10,,,
90008,1987-11-29T13:00:01Z,-37.86,0.0,176.88,0.0,5.0,0.0,ML,,,,,,,3.8,0.3,10,,,
89909,1987-11-29T22:16:20Z,-41.2,0.0,174.59,0.0,20.0,1.0,ML,,,,,,,1.7,0.1,4,,,
90011,1987-11-30T00:38:44Z,-35.38,0.1,179.18,0.1,264.0,14.0,ML,,,,,,,4.8,0.2,18,,,
90012,1987-11-30T01:50:12Z,-39.3,0.0,176.4,0.0,56.0,2.0,ML,,,,,,,3.1,0.2,6,,,
92264,1987-11-30T03:45:00Z,-37.91,0.0,176.88,0.0,5.0,0.0,ML,,,,,,,3.3,0.2,4,,,
90060,1987-11-30T06:01:14Z,-43.68,0.5,170.69,1.2,12.0,0.0,ML,,,,,,,3.9,0.2,10,,,
90125,1987-11-30T13:09:39Z,-41.06,0.0,174.6,0.0,58.0,1.0,ML,,,,,,,2.0,0.1,6,,,
89987,1987-11-30T18:16:11Z,-38.67,0.0,175.46,0.0,172.0,4.0,ML,,,,,,,4.5,0.2,19,,,
90133,1987-11-30T20:34:59Z,-41.71,0.0,174.2,0.0,31.0,2.0,ML,,,,,,,1.8,0.1,2,,,
90135,1987-11-30T23:31:19Z,-41.39,0.0,175.18,0.0,12.0,0.0,ML,,,,,,,1.4,0.2,4,,,
90136,1987-11-30T23:33:56Z,-40.48,0.0,174.15,0.0,102.0,1.0,ML,,,,,,,2.6,0.1,6,,,
90138,1987-12-01T01:28:42Z,-41.01,0.0,175.42,0.0,26.0,1.0,ML,,,,,,,2.5,0.2,7,,,
90139,1987-12-01T01:32:23Z,-40.96,0.0,174.51,0.0,13.0,1.0,ML,,,,,,,2.4,0.2,8,,,
90142,1987-12-01T04:14:09Z,-40.86,0.0,175.89,0.0,32.0,2.0,ML,,,,,,,3.1,0.2,9,,,
90144,1987-12-01T07:24:30Z,-41.12,0.0,175.36,0.0,22.0,1.0,ML,,,,,,,2.0,0.2,8,,,
90015,1987-12-01T11:31:14Z,-39.67,0.0,176.91,0.0,45.0,2.0,ML,,,,,,,2.3,0.2,3,,,
90070,1987-12-01T12:07:49Z,-45.38,0.0,167.14,0.1,82.0,10.0,ML,,,,,,,3.4,0.2,6,,,
90016,1987-12-01T13:03:29Z,-39.69,0.0,176.23,0.0,38.0,2.0,ML,,,,,,,3.2,nan,1,,,
90076,1987-12-01T23:59:36Z,-44.94,0.1,168.08,0.2,117.0,12.0,ML,,,,,,,2.6,0.1,7,,,
90017,1987-12-02T03:51:37Z,-39.58,0.0,176.57,0.0,43.0,2.0,ML,,,,,,,2.3,0.2,3,,,
90154,1987-12-02T03:56:19Z,-41.4,0.0,175.83,0.0,21.0,2.0,ML,,,,,,,2.2,0.2,3,,,
90155,1987-12-02T04:40:24Z,-41.48,0.0,174.51,0.0,19.0,1.0,ML,,,,,,,2.8,0.2,9,,,
90160,1987-12-02T12:44:14Z,-41.37,0.0,175.82,0.0,24.0,1.0,ML,,,,,,,1.9,0.2,6,,,
90018,1987-12-02T14:32:48Z,-38.84,0.0,177.59,0.0,33.0,2.0,ML,,,,,,,3.4,0.2,17,,,
90164,1987-12-02T18:19:32Z,-41.19,0.0,174.5,0.0,33.0,1.0,ML,,,,,,,2.0,0.1,6,,,
90165,1987-12-02T19:26:59Z,-40.51,0.0,175.75,0.0,40.0,8.0,ML,,,,,,,2.4,0.1,4,,,
90168,1987-12-02T20:55:51Z,-40.93,0.0,173.79,0.0,115.0,1.0,ML,,,,,,,2.8,0.3,7,,,
90371,1987-12-02T23:08:45Z,-39.63,0.0,176.8,0.0,40.0,2.0,ML,,,,,,,2.0,0.0,3,,,
90170,1987-12-03T01:51:44Z,-41.66,0.0,174.36,0.0,2.0,3.0,ML,,,,,,,2.1,0.2,6,,,
90175,1987-12-03T06:57:57Z,-41.79,0.0,174.46,0.0,34.0,1.0,ML,,,,,,,2.7,0.3,8,,,
90177,1987-12-03T08:55:06Z,-40.58,0.0,174.45,0.0,12.0,0.0,ML,,,,,,,2.2,0.1,4,,,
90178,1987-12-03T09:02:28Z,-41.12,0.0,175.94,0.0,31.0,2.0,ML,,,,,,,2.7,0.1,6,,,
90372,1987-12-03T10:32:57Z,-39.22,0.0,176.4,0.0,37.0,6.0,ML,,,,,,,3.1,0.1,2,,,
90182,1987-12-03T13:58:12Z,-41.2,0.0,174.88,0.0,53.0,1.0,ML,,,,,,,2.2,0.2,7,,,
90183,1987-12-03T20:10:51Z,-40.87,0.0,175.47,0.0,22.0,3.0,ML,,,,,,,2.0,0.2,5,,,
90089,1987-12-03T23:00:11Z,-45.18,0.0,169.35,0.0,10.0,2.0,ML,,,,,,,1.3,0.1,6,,,
90374,1987-12-03T23:22:16Z,-39.23,0.1,175.73,0.1,77.0,14.0,ML,,,,,,,3.2,0.2,5,,,
90184,1987-12-04T00:34:29Z,-41.3,0.0,172.79,0.1,182.0,5.0,ML,,,,,,,3.2,0.2,6,,,
90185,1987-12-04T00:35:41Z,-38.4,0.0,175.62,0.0,174.0,3.0,ML,,,,,,,4.6,0.2,20,,,
90091,1987-12-04T07:22:29Z,-45.1,0.0,167.56,0.0,96.0,4.0,ML,,,,,,,5.1,0.4,4,,,
90375,1987-12-04T08:32:02Z,-39.78,0.0,177.32,0.0,31.0,6.0,ML,,,,,,,2.2,0.1,3,,,
90188,1987-12-04T08:38:05Z,-41.3,0.0,174.36,0.0,36.0,1.0,ML,,,,,,,2.8,0.1,9,,,
90190,1987-12-04T19:36:42Z,-41.26,0.0,175.04,0.0,19.0,1.0,ML,,,,,,,2.1,0.2,8,,,
90192,1987-12-04T20:28:33Z,-41.91,0.0,174.26,0.0,14.0,1.0,ML,,,,,,,2.2,0.2,4,,,
90376,1987-12-04T21:10:17Z,-39.8,0.0,176.84,0.0,49.0,5.0,ML,,,,,,,2.9,0.1,3,,,
90197,1987-12-05T00:18:28Z,-40.91,0.0,174.25,0.0,46.0,4.0,ML,,,,,,,2.9,0.2,9,,,
90200,1987-12-05T04:39:06Z,-40.88,0.0,175.94,0.0,32.0,3.0,ML,,,,,,,2.9,0.1,7,,,
90201,1987-12-05T06:51:02Z,-41.76,0.0,174.52,0.0,33.0,2.0,ML,,,,,,,2.3,0.2,8,,,
90377,1987-12-05T09:28:45Z,-39.95,0.0,176.74,0.0,53.0,1.0,ML,,,,,,,2.3,0.1,3,,,
90202,1987-12-05T10:30:43Z,-41.6,0.0,174.47,0.0,16.0,3.0,ML,,,,,,,1.8,0.1,6,,,
90204,1987-12-05T12:21:53Z,-40.57,0.0,174.65,0.0,26.0,1.0,ML,,,,,,,2.0,0.1,7,,,
90205,1987-12-05T14:57:34Z,-39.91,0.0,174.5,0.0,0.0,6.0,ML,,,,,,,3.2,0.2,9,,,
90209,1987-12-05T22:47:20Z,-41.19,0.0,173.91,0.0,53.0,4.0,ML,,,,,,,2.3,0.1,5,,,
90210,1987-12-05T22:53:23Z,-40.15,0.0,174.61,0.0,91.0,4.0,ML,,,,,,,3.1,0.1,8,,,
90213,1987-12-06T00:45:07Z,-39.81,0.0,176.88,0.0,48.0,2.0,ML,,,,,,,2.6,0.1,4,,,
90103,1987-12-06T02:33:07Z,-45.0,0.0,167.89,0.1,104.0,11.0,ML,,,,,,,3.2,0.1,6,,,
90378,1987-12-06T03:39:39Z,-39.32,0.0,177.02,0.1,23.0,5.0,ML,,,,,,,1.9,0.2,4,,,
90217,1987-12-06T04:11:59Z,-41.87,0.0,174.1,0.1,33.0,2.0,ML,,,,,,,2.3,0.2,6,,,
90219,1987-12-06T05:37:51Z,-40.49,0.0,175.17,0.0,29.0,1.0,ML,,,,,,,2.5,0.1,7,,,
90220,1987-12-06T08:20:02Z,-41.58,0.0,174.03,0.1,20.0,2.0,ML,,,,,,,2.2,0.1,7,,,
90222,1987-12-06T08:41:11Z,-41.75,0.0,174.46,0.0,31.0,1.0,ML,,,,,,,2.6,0.3,9,,,
90223,1987-12-06T09:46:18Z,-37.3,0.0,177.46,0.0,138.0,6.0,ML,,,,,,,4.0,0.1,13,,,
90224,1987-12-06T11:37:34Z,-40.52,0.0,174.41,0.0,30.0,4.0,ML,,,,,,,3.0,0.2,8,,,
90225,1987-12-06T12:04:46Z,-40.12,0.0,176.41,0.0,50.0,4.0,ML,,,,,,,3.0,0.2,12,,,
90226,1987-12-06T12:22:18Z,-40.02,0.1,174.16,0.0,170.0,7.0,ML,,,,,,,2.6,0.1,6,,,
90227,1987-12-06T14:17:36Z,-41.57,0.0,174.09,0.0,12.0,0.0,ML,,,,,,,2.6,0.1,9,,,
90228,1987-12-06T14:33:15Z,-41.33,0.0,175.13,0.0,28.0,1.0,ML,,,,,,,2.6,0.2,9,,,
90229,1987-12-06T16:34:56Z,-42.25,0.0,173.66,0.0,5.0,0.0,ML,,,,,,,2.5,0.1,8,,,
90230,1987-12-06T16:37:12Z,-39.9,0.0,174.81,0.1,12.0,0.0,ML,,,,,,,2.8,0.2,5,,,
90231,1987-12-06T17:26:34Z,-41.42,0.0,174.54,0.0,20.0,1.0,ML,,,,,,,3.6,0.4,8,,,
90232,1987-12-06T17:43:38Z,-40.53,0.0,174.53,0.0,6.0,3.0,ML,,,,,,,1.8,0.1,6,,,
90233,1987-12-06T18:44:31Z,-41.78,0.0,174.5,0.0,37.0,2.0,ML,,,,,,,2.6,0.2,9,,,
90108,1987-12-06T18:54:05Z,-44.79,0.0,168.78,0.0,19.0,8.0,ML,,,,,,,2.0,0.1,4,,,
90109,1987-12-06T20:12:46Z,-38.15,0.0,176.11,0.0,170.0,5.0,ML,,,,,,,4.9,0.2,7,,,
92389,1987-12-07T04:14:19Z,-41.44,0.0,174.99,0.0,21.0,1.0,ML,,,,,,,1.7,0.1,4,,,
92390,1987-12-07T04:50:35Z,-40.91,0.0,174.75,0.0,34.0,1.0,ML,,,,,,,2.4,0.1,9,,,
90379,1987-12-07T05:12:44Z,-34.8,0.1,-179.6,0.1,12.0,0.0,ML,,,,,,,4.2,0.3,12,,,
92391,1987-12-07T06:48:07Z,-41.11,0.0,175.25,0.0,24.0,1.0,ML,,,,,,,1.7,0.1,8,,,
90380,1987-12-07T07:37:33Z,-39.66,0.0,176.88,0.0,46.0,7.0,ML,,,,,,,1.9,0.1,3,,,
90381,1987-12-07T07:50:43Z,-39.03,0.0,176.34,0.0,64.0,5.0,ML,,,,,,,2.5,0.1,5,,,
92392,1987-12-07T08:48:06Z,-40.97,0.0,175.65,0.0,27.0,1.0,ML,,,,,,,2.9,0.1,8,,,
90382,1987-12-07T15:50:13Z,-39.95,0.0,176.65,0.0,52.0,1.0,ML,,,,,,,2.4,0.1,3,,,
92397,1987-12-07T16:59:19Z,-41.3,0.0,174.43,0.0,62.0,1.0,ML,,,,,,,3.6,0.1,7,,,
92399,1987-12-07T18:37:26Z,-40.9,0.0,174.64,0.0,51.0,2.0,ML,,,,,,,2.5,0.1,9,,,
92400,1987-12-07T18:53:08Z,-41.14,0.0,172.61,0.0,5.0,0.0,ML,,,,,,,3.3,0.2,11,,,
90384,1987-12-07T20:45:31Z,-39.92,0.0,176.6,0.0,56.0,2.0,ML,,,,,,,2.9,0.1,3,,,
92402,1987-12-08T00:11:09Z,-40.67,0.0,174.61,0.0,36.0,2.0,ML,,,,,,,2.6,0.2,9,,,
90385,1987-12-08T04:54:53Z,-36.44,0.1,177.36,0.1,262.0,9.0,ML,,,,,,,4.2,0.2,18,,,
92404,1987-12-08T06:49:47Z,-41.46,0.0,174.02,0.0,41.0,2.0,ML,,,,,,,2.8,0.1,9,,,
90386,1987-12-08T08:39:31Z,-38.12,0.0,176.01,0.1,162.0,4.0,ML,,,,,,,3.8,0.3,12,,,
90387,1987-12-08T08:55:37Z,-39.84,0.0,175.93,0.0,61.0,4.0,ML,,,,,,,3.6,0.1,14,,,
93675,1987-12-08T14:33:32Z,-33.87,0.0,-177.77,0.1,12.0,0.0,ML,,,,,,,4.9,0.3,7,,,
93676,1987-12-08T14:42:58Z,-33.55,0.1,-178.14,0.1,33.0,0.0,ML,,,,,,,4.7,0.3,5,,,
92408,1987-12-08T15:06:48Z,-40.98,0.0,174.23,0.0,48.0,2.0,ML,,,,,,,2.5,0.2,8,,,
93677,1987-12-08T17:27:29Z,-33.37,0.0,-178.05,0.1,33.0,0.0,ML,,,,,,,4.7,0.3,5,,,
92413,1987-12-09T00:12:22Z,-41.84,0.0,174.8,0.0,32.0,2.0,ML,,,,,,,2.3,0.2,8,,,
92415,1987-12-09T01:12:19Z,-40.91,0.0,174.96,0.0,36.0,1.0,ML,,,,,,,2.0,0.1,6,,,
92293,1987-12-09T01:19:59Z,-41.0,0.0,175.33,0.0,21.0,1.0,ML,,,,,,,2.3,0.3,8,,,
92418,1987-12-09T07:29:38Z,-41.02,0.0,175.32,0.0,20.0,2.0,ML,,,,,,,3.4,0.4,4,,,
92419,1987-12-09T09:38:24Z,-39.76,0.1,174.48,0.0,211.0,6.0,ML,,,,,,,3.5,0.2,9,,,
92421,1987-12-09T11:54:30Z,-40.62,0.0,175.83,0.0,51.0,11.0,ML,,,,,,,2.3,0.1,7,,,
92422,1987-12-09T12:56:25Z,-40.37,0.0,174.28,0.0,19.0,3.0,ML,,,,,,,2.8,0.2,9,,,
92423,1987-12-09T13:58:19Z,-41.31,0.0,174.48,0.0,35.0,0.0,ML,,,,,,,2.0,0.1,9,,,
92424,1987-12-09T18:25:44Z,-40.3,0.0,174.95,0.0,4.0,2.0,ML,,,,,,,2.4,0.1,6,,,
92425,1987-12-09T19:12:00Z,-41.0,0.0,175.34,0.0,23.0,1.0,ML,,,,,,,1.9,0.2,7,,,
94084,1987-12-09T21:06:10Z,-35.95,0.1,177.37,0.1,266.0,6.0,ML,,,,,,,4.1,0.1,3,,,
90391,1987-12-10T02:18:10Z,-38.52,0.0,175.92,0.0,158.0,5.0,ML,,,,,,,4.5,0.3,18,,,
92434,1987-12-10T03:58:53Z,-41.56,0.0,173.8,0.0,52.0,2.0,ML,,,,,,,3.2,0.1,8,,,
92436,1987-12-10T06:09:45Z,-41.32,0.0,174.13,0.0,44.0,1.0,ML,,,,,,,2.8,0.2,8,,,
92442,1987-12-10T10:47:03Z,-38.72,0.0,175.8,0.1,93.0,6.0,ML,,,,,,,3.4,0.2,11,,,
90395,1987-12-10T10:51:29Z,-39.26,0.0,177.77,0.0,29.0,2.0,ML,,,,,,,3.3,0.2,11,,,
92443,1987-12-10T11:19:17Z,-41.13,0.0,175.06,0.0,23.0,1.0,ML,,,,,,,2.0,0.2,9,,,
90396,1987-12-10T13:14:22Z,-37.9,0.0,176.82,0.0,2.0,3.0,ML,,,,,,,3.4,0.2,8,,,
92444,1987-12-10T13:49:56Z,-40.14,0.0,174.94,0.0,5.0,0.0,ML,,,,,,,2.2,0.2,7,,,
94698,1987-12-10T20:16:21Z,-37.64,0.0,177.08,0.0,6.0,5.0,ML,,,,,,,3.5,0.2,4,,,
94699,1987-12-10T20:48:06Z,-37.61,0.0,177.03,0.0,6.0,6.0,ML,,,,,,,3.5,0.2,5,,,
92450,1987-12-10T21:18:45Z,-40.11,0.0,174.92,0.0,0.0,4.0,ML,,,,,,,2.6,0.2,7,,,
90397,1987-12-11T01:39:19Z,-39.78,0.0,176.99,0.0,32.0,2.0,ML,,,,,,,2.6,0.2,5,,,
90398,1987-12-11T02:21:43Z,-39.24,0.0,175.51,0.1,26.0,8.0,ML,,,,,,,2.9,0.3,5,,,
94290,1987-12-11T06:25:17Z,-39.81,0.0,176.88,0.0,54.0,2.0,ML,,,,,,,2.2,0.1,3,,,
94291,1987-12-11T07:03:26Z,-39.28,0.0,176.3,0.0,59.0,3.0,ML,,,,,,,2.5,0.2,2,,,
92459,1987-12-11T12:05:09Z,-40.01,0.0,174.64,0.0,118.0,6.0,ML,,,,,,,2.7,0.1,7,,,
92462,1987-12-11T17:09:19Z,-41.4,0.0,174.58,0.0,20.0,1.0,ML,,,,,,,1.9,0.2,8,,,
94701,1987-12-11T23:04:18Z,-37.63,0.1,177.09,0.1,2.0,6.0,ML,,,,,,,3.4,0.2,4,,,
92465,1987-12-11T23:11:57Z,-42.14,0.0,173.19,0.0,80.0,5.0,ML,,,,,,,2.8,0.2,8,,,
92319,1987-12-11T23:31:10Z,-43.15,0.0,170.73,0.0,5.0,0.0,ML,,,,,,,3.8,0.2,11,,,
92467,1987-12-12T00:38:30Z,-40.94,0.0,175.12,0.0,25.0,3.0,ML,,,,,,,1.9,0.1,7,,,
92469,1987-12-12T05:00:09Z,-41.42,0.0,174.71,0.0,27.0,0.0,ML,,,,,,,3.1,0.2,9,,,
94292,1987-12-12T06:35:12Z,-39.24,0.0,176.84,0.0,53.0,1.0,ML,,,,,,,2.3,0.1,2,,,
92473,1987-12-12T06:47:10Z,-40.88,0.0,174.26,0.0,61.0,1.0,ML,,,,,,,3.7,0.1,4,,,
92474,1987-12-12T06:52:28Z,-39.54,0.0,174.53,0.0,214.0,5.0,ML,,,,,,,3.6,0.2,11,,,
92478,1987-12-12T11:08:22Z,-40.78,0.0,175.03,0.0,34.0,1.0,ML,,,,,,,2.2,0.2,7,,,
92321,1987-12-12T11:39:48Z,-45.14,0.0,167.53,0.0,122.0,2.0,ML,,,,,,,3.9,0.2,8,,,
94294,1987-12-12T11:50:56Z,-39.07,0.0,177.05,0.0,25.0,3.0,ML,,,,,,,2.6,0.4,4,,,
92480,1987-12-12T16:28:17Z,-41.38,0.0,175.11,0.0,24.0,0.0,ML,,,,,,,1.7,0.2,9,,,
92485,1987-12-12T23:26:18Z,-41.05,0.0,174.45,0.0,10.0,3.0,ML,,,,,,,1.4,0.2,6,,,
92486,1987-12-13T01:44:19Z,-41.07,0.0,175.3,0.0,14.0,2.0,ML,,,,,,,1.6,0.1,5,,,
92490,1987-12-13T05:24:18Z,-40.3,0.0,174.27,0.0,91.0,3.0,ML,,,,,,,2.6,0.1,5,,,
92491,1987-12-13T07:00:45Z,-40.25,0.0,174.77,0.0,14.0,8.0,ML,,,,,,,2.4,0.1,6,,,
92492,1987-12-13T07:26:09Z,-36.92,0.1,177.33,0.0,199.0,7.0,ML,,,,,,,4.8,0.1,18,,,
92493,1987-12-13T08:17:02Z,-41.4,0.0,175.09,0.0,22.0,0.0,ML,,,,,,,2.1,0.2,6,,,
92495,1987-12-13T12:35:03Z,-40.48,0.0,174.3,0.0,86.0,2.0,ML,,,,,,,2.2,0.1,3,,,
92497,1987-12-13T14:13:58Z,-40.49,0.0,174.66,0.0,33.0,1.0,ML,,,,,,,2.1,0.1,7,,,
92499,1987-12-13T14:34:21Z,-41.26,0.0,173.5,0.0,97.0,2.0,ML,,,,,,,2.7,0.2,8,,,
92501,1987-12-13T18:34:07Z,-41.39,0.0,175.1,0.0,20.0,1.0,ML,,,,,,,1.5,0.2,5,,,
94096,1987-12-13T19:40:59Z,-38.38,0.2,175.97,0.3,221.0,15.0,ML,,,,,,,3.7,0.2,10,,,
94298,1987-12-13T20:17:36Z,-39.68,0.1,177.67,0.3,50.0,49.0,ML,,,,,,,2.5,0.1,3,,,
94099,1987-12-13T21:04:49Z,-40.74,0.0,174.63,0.0,72.0,1.0,ML,,,,,,,3.2,0.1,9,,,
94299,1987-12-14T00:04:50Z,-39.66,0.0,176.96,0.1,33.0,4.0,ML,,,,,,,2.0,0.2,3,,,
94100,1987-12-14T01:01:11Z,-41.14,0.0,175.08,0.0,4.0,1.0,ML,,,,,,,3.3,0.4,8,,,
94103,1987-12-14T03:09:53Z,-41.0,0.0,174.68,0.0,32.0,1.0,ML,,,,,,,1.7,0.1,4,,,
94104,1987-12-14T03:12:38Z,-41.55,0.0,172.65,0.0,183.0,2.0,ML,,,,,,,3.3,0.2,8,,,
94106,1987-12-14T04:45:24Z,-40.2,0.1,175.71,0.1,28.0,14.0,ML,,,,,,,2.6,0.2,7,,,
94107,1987-12-14T04:48:52Z,-40.97,0.0,174.4,0.0,52.0,1.0,ML,,,,,,,2.1,0.1,5,,,
94109,1987-12-14T05:21:54Z,-40.11,0.0,176.45,0.0,35.0,2.0,ML,,,,,,,3.0,0.1,3,,,
94112,1987-12-14T11:11:39Z,-41.0,0.0,174.34,0.0,49.0,3.0,ML,,,,,,,2.3,0.2,8,,,
94114,1987-12-14T13:32:30Z,-41.45,0.0,173.62,0.0,96.0,1.0,ML,,,,,,,3.0,0.2,9,,,
95133,1987-12-14T13:48:33Z,-42.76,0.0,171.67,0.0,3.0,8.0,ML,,,,,,,3.4,0.2,5,,,
94115,1987-12-14T14:15:19Z,-40.2,0.0,174.82,0.0,0.0,3.0,ML,,,,,,,2.8,0.2,8,,,
94116,1987-12-14T16:58:46Z,-41.22,0.0,175.09,0.0,17.0,2.0,ML,,,,,,,1.7,0.2,9,,,
94117,1987-12-14T17:27:19Z,-40.9,0.0,175.14,0.0,33.0,1.0,ML,,,,,,,1.9,0.1,6,,,
94118,1987-12-14T18:12:23Z,-40.2,0.0,174.76,0.0,5.0,0.0,ML,,,,,,,2.2,0.1,6,,,
94120,1987-12-14T19:35:29Z,-38.83,0.0,175.1,0.0,217.0,3.0,ML,,,,,,,4.4,0.2,19,,,
94302,1987-12-14T20:06:31Z,-39.34,0.0,177.65,0.0,6.0,4.0,ML,,,,,,,2.3,0.1,2,,,
94303,1987-12-14T21:31:55Z,-38.93,0.0,176.17,0.0,109.0,2.0,ML,,,,,,,2.9,0.0,4,,,
94150,1987-12-15T02:14:20Z,-40.99,0.0,173.64,0.0,101.0,3.0,ML,,,,,,,4.2,0.4,3,,,
92347,1987-12-15T03:53:42Z,-41.7,0.0,174.26,0.0,12.0,0.0,ML,,,,,,,2.0,0.2,7,,,
94156,1987-12-15T05:26:40Z,-41.05,0.0,175.35,0.0,27.0,1.0,ML,,,,,,,2.0,0.2,8,,,
94157,1987-12-15T06:37:02Z,-41.33,0.0,174.41,0.0,17.0,2.0,ML,,,,,,,1.5,0.1,6,,,
94158,1987-12-15T09:23:39Z,-41.34,0.0,174.97,0.0,25.0,0.0,ML,,,,,,,1.8,0.2,9,,,
94159,1987-12-15T10:05:57Z,-41.46,0.0,174.41,0.0,33.0,1.0,ML,,,,,,,1.9,0.1,8,,,
94160,1987-12-15T10:23:58Z,-40.97,0.0,175.63,0.0,18.0,7.0,ML,,,,,,,1.6,0.1,7,,,
94161,1987-12-15T10:29:47Z,-38.46,0.0,175.35,0.0,180.0,6.0,ML,,,,,,,4.0,0.4,14,,,
92353,1987-12-15T10:43:25Z,-41.59,0.0,174.2,0.0,17.0,2.0,ML,,,,,,,1.7,0.1,5,,,
94176,1987-12-15T23:13:04Z,-41.42,0.0,175.83,0.0,28.0,2.0,ML,,,,,,,2.1,0.1,4,,,
94308,1987-12-15T23:56:17Z,-38.7,0.0,177.82,0.0,32.0,3.0,ML,,,,,,,3.8,0.2,11,,,
94309,1987-12-16T00:58:38Z,-38.69,0.0,177.79,0.1,28.0,5.0,ML,,,,,,,3.2,0.2,8,,,
94180,1987-12-16T03:45:37Z,-41.28,0.0,175.32,0.0,27.0,1.0,ML,,,,,,,2.0,0.1,6,,,
94181,1987-12-16T03:49:35Z,-41.27,0.1,172.74,0.1,216.0,4.0,ML,,,,,,,3.3,0.3,6,,,
94310,1987-12-16T04:00:28Z,-39.72,0.0,176.75,0.0,32.0,1.0,ML,,,,,,,2.8,0.1,5,,,
94185,1987-12-16T05:35:20Z,-40.61,0.0,174.4,0.0,69.0,2.0,ML,,,,,,,2.5,0.1,5,,,
94186,1987-12-16T06:38:36Z,-40.27,0.0,175.15,0.0,77.0,4.0,ML,,,,,,,2.6,0.2,7,,,
94187,1987-12-16T07:19:01Z,-41.02,0.0,175.02,0.0,26.0,1.0,ML,,,,,,,1.7,0.1,6,,,
94189,1987-12-16T11:11:52Z,-41.24,0.0,174.69,0.0,27.0,1.0,ML,,,,,,,2.0,0.2,6,,,
94190,1987-12-16T11:21:37Z,-40.75,0.0,174.6,0.0,10.0,2.0,ML,,,,,,,1.9,0.1,6,,,
96067,1987-12-16T11:56:38Z,-38.72,0.0,177.78,0.0,33.0,0.0,ML,,,,,,,3.2,0.2,5,,,
94191,1987-12-16T13:40:33Z,-41.12,0.0,175.04,0.0,6.0,2.0,ML,,,,,,,2.1,0.2,6,,,
94194,1987-12-16T15:33:26Z,-40.2,0.0,176.74,0.0,63.0,6.0,ML,,,,,,,3.9,0.2,13,,,
94197,1987-12-16T17:25:04Z,-40.51,0.0,174.31,0.0,28.0,9.0,ML,,,,,,,2.2,0.4,4,,,
94312,1987-12-16T19:33:50Z,-38.3,0.1,176.08,0.5,94.0,21.0,ML,,,,,,,3.3,0.0,2,,,
94201,1987-12-16T23:07:26Z,-40.22,0.1,174.61,0.0,8.0,19.0,ML,,,,,,,2.2,0.1,5,,,
94205,1987-12-16T23:56:03Z,-40.77,0.0,175.05,0.0,34.0,1.0,ML,,,,,,,2.4,0.2,8,,,
94313,1987-12-17T00:01:16Z,-39.74,0.0,176.4,0.0,33.0,3.0,ML,,,,,,,2.4,0.0,3,,,
94209,1987-12-17T04:14:19Z,-38.95,0.0,175.75,0.0,5.0,0.0,ML,,,,,,,3.4,0.1,7,,,
94314,1987-12-17T05:18:34Z,-37.42,0.0,179.04,0.0,33.0,0.0,ML,,,,,,,3.4,0.2,7,,,
94221,1987-12-17T07:16:31Z,-40.89,0.0,174.81,0.0,49.0,1.0,ML,,,,,,,2.3,0.1,3,,,
94225,1987-12-17T14:17:40Z,-41.07,0.0,175.37,0.0,10.0,1.0,ML,,,,,,,1.8,0.2,7,,,
94227,1987-12-17T17:55:15Z,-41.17,0.0,175.09,0.0,8.0,0.0,ML,,,,,,,1.9,0.2,7,,,
94228,1987-12-17T18:26:37Z,-40.34,0.0,174.59,0.0,23.0,2.0,ML,,,,,,,2.4,0.4,6,,,
94232,1987-12-17T22:09:26Z,-41.04,0.0,174.82,0.0,51.0,1.0,ML,,,,,,,2.3,0.1,8,,,
94315,1987-12-17T22:39:02Z,-39.28,0.0,177.8,0.0,26.0,4.0,ML,,,,,,,3.1,0.3,5,,,
94236,1987-12-18T04:14:29Z,-40.91,0.0,174.46,0.0,56.0,1.0,ML,,,,,,,2.8,0.2,8,,,
94237,1987-12-18T04:37:50Z,-39.81,0.0,176.76,0.0,46.0,2.0,ML,,,,,,,3.1,0.1,13,,,
94318,1987-12-18T06:32:21Z,-39.46,0.0,177.11,0.0,25.0,2.0,ML,,,,,,,2.4,0.2,5,,,
94242,1987-12-18T08:40:37Z,-41.49,0.1,172.97,0.0,86.0,6.0,ML,,,,,,,3.8,0.2,10,,,
94244,1987-12-18T09:55:21Z,-40.36,0.0,174.47,0.0,27.0,4.0,ML,,,,,,,2.2,0.2,7,,,
94248,1987-12-18T16:09:43Z,-41.79,0.0,173.76,0.1,12.0,0.0,ML,,,,,,,2.4,0.1,7,,,
94249,1987-12-18T20:22:56Z,-41.52,0.0,175.29,0.0,21.0,2.0,ML,,,,,,,1.9,0.2,6,,,
94320,1987-12-19T04:32:36Z,-38.63,0.0,177.44,0.0,28.0,2.0,ML,,,,,,,2.7,0.2,5,,,
94250,1987-12-19T06:23:47Z,-40.48,0.0,173.97,0.0,106.0,2.0,ML,,,,,,,3.0,0.2,6,,,
94258,1987-12-19T19:53:49Z,-40.9,0.0,176.11,0.1,30.0,4.0,ML,,,,,,,3.0,0.1,9,,,
94259,1987-12-19T21:14:52Z,-41.44,0.0,175.3,0.0,16.0,1.0,ML,,,,,,,2.3,0.2,8,,,
94321,1987-12-19T23:17:06Z,-39.82,0.0,176.84,0.0,50.0,4.0,ML,,,,,,,2.6,0.1,3,,,
94265,1987-12-20T01:55:58Z,-40.7,0.0,175.45,0.0,24.0,2.0,ML,,,,,,,2.2,0.1,9,,,
92378,1987-12-20T04:54:03Z,-45.19,0.0,167.34,0.0,33.0,0.0,ML,,,,,,,3.2,0.2,8,,,
92379,1987-12-20T05:03:13Z,-38.39,0.0,175.94,0.0,147.0,4.0,ML,,,,,,,5.1,0.0,2,,,
94322,1987-12-20T09:01:55Z,-39.71,0.0,176.74,0.1,31.0,5.0,ML,,,,,,,3.0,0.1,4,,,
94270,1987-12-20T10:57:04Z,-40.84,0.0,174.56,0.0,58.0,1.0,ML,,,,,,,2.7,0.2,8,,,
92386,1987-12-20T14:36:18Z,-41.24,0.1,173.49,0.1,54.0,13.0,ML,,,,,,,2.4,0.2,4,,,
94275,1987-12-20T16:10:12Z,-41.29,0.0,173.36,0.0,121.0,1.0,ML,,,,,,,3.9,0.2,9,,,
94276,1987-12-20T16:58:47Z,-41.38,0.0,173.97,0.0,52.0,1.0,ML,,,,,,,2.2,0.2,7,,,
94277,1987-12-20T18:53:02Z,-40.62,0.0,174.19,0.0,84.0,4.0,ML,,,,,,,2.7,0.2,8,,,
94280,1987-12-20T22:05:28Z,-41.37,0.0,174.48,0.0,34.0,0.0,ML,,,,,,,3.1,0.1,9,,,
94282,1987-12-20T23:40:19Z,-41.56,0.0,173.87,0.0,40.0,3.0,ML,,,,,,,2.2,0.1,4,,,
94853,1987-12-21T00:16:03Z,-45.32,0.0,166.9,0.0,33.0,0.0,ML,,,,,,,3.7,0.1,6,,,
94855,1987-12-21T03:04:31Z,-44.94,0.0,167.61,0.1,62.0,3.0,ML,,,,,,,3.6,0.1,9,,,
95056,1987-12-21T04:37:56Z,-41.58,0.0,173.6,0.1,58.0,4.0,ML,,,,,,,2.6,0.1,7,,,
95079,1987-12-21T08:40:37Z,-41.91,0.0,175.16,0.0,34.0,3.0,ML,,,,,,,2.4,0.1,6,,,
94323,1987-12-21T09:22:59Z,-36.28,0.0,-179.22,0.1,93.0,12.0,ML,,,,,,,5.3,0.4,15,,,
95087,1987-12-21T18:42:57Z,-41.18,0.0,174.39,0.0,54.0,1.0,ML,,,,,,,2.0,0.3,5,,,
95113,1987-12-22T03:44:22Z,-40.91,0.0,175.01,0.0,29.0,1.0,ML,,,,,,,2.4,0.3,7,,,
95115,1987-12-22T05:30:52Z,-41.18,0.0,174.57,0.0,32.0,0.0,ML,,,,,,,1.6,0.2,6,,,
95118,1987-12-22T07:15:24Z,-40.93,0.0,176.04,0.0,30.0,2.0,ML,,,,,,,2.2,0.1,6,,,
94324,1987-12-22T07:30:38Z,-39.79,0.0,177.25,0.1,31.0,5.0,ML,,,,,,,2.5,0.1,2,,,
94325,1987-12-22T21:05:56Z,-39.51,0.0,177.16,0.1,34.0,6.0,ML,,,,,,,2.4,0.2,3,,,
95155,1987-12-23T00:48:06Z,-41.18,0.0,174.56,0.0,33.0,1.0,ML,,,,,,,2.1,0.2,5,,,
95156,1987-12-23T03:17:05Z,-41.21,0.0,173.67,0.0,87.0,3.0,ML,,,,,,,2.4,0.2,4,,,
95157,1987-12-23T04:33:26Z,-41.1,0.0,175.48,0.0,26.0,1.0,ML,,,,,,,2.2,0.1,8,,,
94326,1987-12-23T04:43:36Z,-39.5,0.0,177.32,0.0,23.0,3.0,ML,,,,,,,2.6,0.1,6,,,
95011,1987-12-23T07:01:25Z,-39.19,0.0,176.28,0.0,183.0,6.0,ML,,,,,,,3.3,0.1,5,,,
95014,1987-12-23T07:55:27Z,-40.93,0.0,174.86,0.0,34.0,1.0,ML,,,,,,,2.7,0.2,8,,,
94327,1987-12-23T10:06:07Z,-39.83,0.0,176.96,0.0,43.0,2.0,ML,,,,,,,3.5,0.2,11,,,
94329,1987-12-23T15:29:02Z,-39.67,0.1,179.95,0.5,28.0,60.0,ML,,,,,,,4.0,0.3,10,,,
94333,1987-12-23T21:54:45Z,-37.74,0.0,177.76,0.0,101.0,4.0,ML,,,,,,,4.0,0.3,17,,,
95164,1987-12-24T02:08:18Z,-41.29,0.0,175.27,0.0,25.0,1.0,ML,,,,,,,2.4,0.2,8,,,
95167,1987-12-24T04:47:07Z,-39.98,0.0,176.61,0.0,41.0,1.0,ML,,,,,,,2.6,0.2,3,,,
95168,1987-12-24T05:43:32Z,-41.17,0.0,174.46,0.0,34.0,0.0,ML,,,,,,,2.1,0.1,6,,,
95169,1987-12-24T06:34:51Z,-35.74,0.1,179.24,0.1,149.0,15.0,ML,,,,,,,4.7,0.2,12,,,
95171,1987-12-24T07:54:06Z,-41.27,0.0,175.31,0.0,29.0,1.0,ML,,,,,,,2.2,0.1,9,,,
95172,1987-12-24T09:36:12Z,-40.36,0.1,174.02,0.0,105.0,5.0,ML,,,,,,,2.9,0.1,6,,,
95174,1987-12-24T11:30:09Z,-39.06,0.0,177.94,0.0,64.0,6.0,ML,,,,,,,3.6,0.2,13,,,
95175,1987-12-24T14:04:10Z,-41.4,0.0,174.96,0.0,26.0,1.0,ML,,,,,,,1.5,0.1,7,,,
95299,1987-12-24T15:52:59Z,-39.51,0.0,177.34,0.0,29.0,1.0,ML,,,,,,,2.3,0.0,3,,,
95177,1987-12-24T17:46:16Z,-36.79,0.1,177.68,0.1,196.0,17.0,ML,,,,,,,4.5,0.2,19,,,
94868,1987-12-24T21:43:52Z,-44.64,0.0,168.49,0.1,91.0,7.0,ML,,,,,,,2.9,0.1,6,,,
94873,1987-12-24T22:27:37Z,-41.3,0.0,173.07,0.0,163.0,3.0,ML,,,,,,,3.9,0.2,9,,,
95300,1987-12-25T11:09:47Z,-39.66,0.0,176.32,0.0,52.0,4.0,ML,,,,,,,2.9,0.1,3,,,
95202,1987-12-25T11:25:10Z,-40.22,0.0,174.68,0.0,5.0,8.0,ML,,,,,,,2.3,0.1,6,,,
95203,1987-12-25T14:54:07Z,-41.36,0.0,173.93,0.0,40.0,1.0,ML,,,,,,,2.5,0.1,7,,,
95207,1987-12-25T18:58:35Z,-41.05,0.0,174.52,0.0,60.0,1.0,ML,,,,,,,2.1,0.1,5,,,
94882,1987-12-25T19:13:29Z,-40.12,0.0,174.93,0.0,5.0,0.0,ML,,,,,,,3.5,0.4,19,,,
95210,1987-12-25T23:12:08Z,-41.63,0.0,173.66,0.0,43.0,3.0,ML,,,,,,,2.9,0.1,8,,,
95215,1987-12-26T03:36:12Z,-40.04,0.0,173.49,0.0,147.0,7.0,ML,,,,,,,4.2,0.3,14,,,
95224,1987-12-26T09:52:12Z,-41.93,0.0,175.17,0.0,31.0,2.0,ML,,,,,,,2.2,0.1,8,,,
95225,1987-12-26T10:50:48Z,-40.63,0.0,175.13,0.0,33.0,2.0,ML,,,,,,,2.1,0.2,6,,,
95226,1987-12-26T12:19:26Z,-41.07,0.0,174.27,0.0,42.0,1.0,ML,,,,,,,3.0,0.1,8,,,
95228,1987-12-26T12:43:25Z,-41.09,0.0,175.06,0.0,29.0,1.0,ML,,,,,,,1.7,0.2,5,,,
95230,1987-12-26T16:32:42Z,-41.65,0.0,174.28,0.0,13.0,2.0,ML,,,,,,,2.3,0.1,8,,,
95231,1987-12-26T17:14:07Z,-41.65,0.0,174.31,0.0,10.0,3.0,ML,,,,,,,2.4,0.1,9,,,
96591,1987-12-26T17:44:19Z,-38.11,0.0,176.22,0.0,5.0,0.0,ML,,,,,,,2.1,nan,1,,,
95232,1987-12-26T19:38:56Z,-41.69,0.0,174.53,0.0,32.0,2.0,ML,,,,,,,1.9,0.1,5,,,
94887,1987-12-26T22:54:59Z,-44.77,0.0,168.53,0.0,103.0,3.0,ML,,,,,,,2.5,0.1,7,,,
95234,1987-12-27T00:18:58Z,-40.65,0.0,174.31,0.0,44.0,3.0,ML,,,,,,,2.2,0.1,7,,,
95239,1987-12-27T06:35:22Z,-40.95,0.0,174.93,0.0,33.0,0.0,ML,,,,,,,1.9,0.1,9,,,
95240,1987-12-27T09:48:24Z,-41.71,0.0,174.04,0.0,27.0,4.0,ML,,,,,,,2.1,0.1,6,,,
95241,1987-12-27T10:55:23Z,-40.79,0.0,175.92,0.0,37.0,5.0,ML,,,,,,,3.1,0.3,9,,,
95242,1987-12-27T11:50:48Z,-41.06,0.0,174.25,0.0,43.0,2.0,ML,,,,,,,2.5,0.1,9,,,
95243,1987-12-27T12:46:32Z,-42.77,0.0,173.51,0.1,33.0,0.0,ML,,,,,,,2.7,0.1,6,,,
95246,1987-12-27T17:33:23Z,-40.9,0.0,175.45,0.0,25.0,1.0,ML,,,,,,,2.5,0.2,9,,,
96597,1987-12-27T17:34:10Z,-40.88,0.0,175.47,0.0,23.0,3.0,ML,,,,,,,1.8,0.2,4,,,
95247,1987-12-27T18:23:27Z,-40.6,0.0,174.5,0.0,59.0,3.0,ML,,,,,,,2.3,0.1,7,,,
94889,1987-12-27T21:56:32Z,-42.57,0.0,173.11,0.0,50.0,25.0,ML,,,,,,,3.5,0.2,9,,,
95302,1987-12-28T03:01:26Z,-39.83,0.0,176.53,0.0,35.0,4.0,ML,,,,,,,2.8,0.0,3,,,
95255,1987-12-28T05:09:26Z,-38.88,0.0,176.35,0.0,68.0,4.0,ML,,,,,,,3.0,0.1,3,,,
94891,1987-12-28T05:17:20Z,-44.27,0.1,168.72,0.1,5.0,0.0,ML,,,,,,,4.1,0.2,6,,,
95257,1987-12-28T06:16:45Z,-41.44,0.0,174.45,0.0,31.0,2.0,ML,,,,,,,2.3,0.2,4,,,
95258,1987-12-28T06:24:26Z,-41.19,0.0,175.76,0.1,18.0,2.0,ML,,,,,,,2.0,0.1,7,,,
95259,1987-12-28T08:24:20Z,-40.74,0.0,175.83,0.0,51.0,6.0,ML,,,,,,,2.4,0.2,5,,,
95304,1987-12-28T14:13:02Z,-39.76,0.0,176.81,0.0,56.0,3.0,ML,,,,,,,2.6,0.0,3,,,
95261,1987-12-28T18:07:23Z,-40.21,0.0,174.82,0.0,1.0,4.0,ML,,,,,,,2.8,0.1,7,,,
95262,1987-12-28T19:32:12Z,-41.71,0.0,174.35,0.0,30.0,2.0,ML,,,,,,,2.5,0.1,8,,,
95263,1987-12-28T22:24:06Z,-41.35,0.0,174.91,0.0,27.0,1.0,ML,,,,,,,1.7,0.1,7,,,
95264,1987-12-29T00:47:25Z,-40.7,0.0,174.44,0.0,69.0,3.0,ML,,,,,,,2.4,0.1,5,,,
95267,1987-12-29T02:53:38Z,-40.94,0.0,175.04,0.0,29.0,1.0,ML,,,,,,,2.7,0.1,8,,,
95269,1987-12-29T03:51:42Z,-37.76,0.0,176.74,0.0,175.0,2.0,ML,,,,,,,3.9,0.2,15,,,
95271,1987-12-29T09:32:18Z,-41.31,0.0,173.89,0.0,79.0,1.0,ML,,,,,,,3.0,0.2,9,,,
95272,1987-12-29T10:46:18Z,-41.23,0.0,175.28,0.0,22.0,1.0,ML,,,,,,,1.8,0.2,4,,,
95274,1987-12-29T12:23:15Z,-41.26,0.0,174.84,0.0,29.0,1.0,ML,,,,,,,2.7,0.2,9,,,
95275,1987-12-29T15:06:38Z,-41.27,0.0,175.19,0.0,11.0,1.0,ML,,,,,,,2.1,0.2,8,,,
95307,1987-12-29T20:00:52Z,-39.16,0.0,176.0,0.0,92.0,3.0,ML,,,,,,,3.0,0.3,4,,,
95278,1987-12-29T21:23:10Z,-41.77,0.0,175.17,0.0,22.0,4.0,ML,,,,,,,1.8,0.1,4,,,
95282,1987-12-30T02:53:55Z,-38.22,0.0,175.88,0.1,217.0,9.0,ML,,,,,,,3.8,0.2,15,,,
95308,1987-12-30T07:07:01Z,-39.83,0.0,176.88,0.0,44.0,3.0,ML,,,,,,,2.5,0.1,3,,,
95285,1987-12-30T07:31:51Z,-39.97,0.1,174.38,0.1,196.0,9.0,ML,,,,,,,3.1,0.1,6,,,
95309,1987-12-30T07:54:03Z,-39.59,0.0,176.72,0.0,38.0,4.0,ML,,,,,,,2.1,0.1,2,,,
95288,1987-12-30T10:51:49Z,-40.26,0.0,174.39,0.0,92.0,6.0,ML,,,,,,,2.7,0.1,8,,,
95310,1987-12-30T13:22:12Z,-39.93,0.0,176.97,0.0,37.0,3.0,ML,,,,,,,2.6,0.2,3,,,
95291,1987-12-30T14:20:52Z,-41.27,0.0,175.03,0.0,12.0,1.0,ML,,,,,,,1.9,0.1,8,,,
95292,1987-12-30T14:44:52Z,-41.86,0.1,172.14,0.2,128.0,19.0,ML,,,,,,,3.2,0.2,7,,,
95293,1987-12-30T16:56:35Z,-40.21,0.0,175.15,0.0,12.0,0.0,ML,,,,,,,2.6,0.1,8,,,
95294,1987-12-30T17:35:40Z,-41.16,0.0,175.07,0.0,3.0,2.0,ML,,,,,,,1.8,0.2,8,,,
95311,1987-12-30T19:03:50Z,-39.42,0.0,177.08,0.0,29.0,1.0,ML,,,,,,,2.6,0.1,6,,,
95541,1987-12-30T21:13:38Z,-41.96,0.1,173.71,0.1,115.0,8.0,ML,,,,,,,2.6,0.2,8,,,
95545,1987-12-30T23:25:49Z,-41.15,0.0,175.18,0.0,12.0,1.0,ML,,,,,,,2.3,0.2,8,,,
95547,1987-12-31T03:40:44Z,-40.3,0.0,174.27,0.0,102.0,2.0,ML,,,,,,,3.1,0.2,9,,,
95549,1987-12-31T07:11:32Z,-40.8,0.0,174.99,0.0,11.0,1.0,ML,,,,,,,2.3,0.2,8,,,
95312,1987-12-31T07:41:42Z,-37.18,0.0,177.79,0.0,33.0,0.0,ML,,,,,,,3.8,0.2,17,,,
95462,1987-12-31T08:07:59Z,-41.72,0.0,174.16,0.0,15.0,1.0,ML,,,,,,,2.6,0.2,7,,,
94900,1987-12-31T09:22:07Z,-44.62,0.0,167.93,0.1,66.0,2.0,ML,,,,,,,3.8,0.2,9,,,
95552,1987-12-31T09:34:11Z,-41.34,0.0,175.0,0.0,27.0,0.0,ML,,,,,,,1.9,0.1,8,,,
95313,1987-12-31T11:26:52Z,-38.14,0.0,176.2,0.1,162.0,10.0,ML,,,,,,,3.9,0.3,15,,,
94902,1987-12-31T15:43:39Z,-44.14,0.0,169.27,0.3,12.0,0.0,ML,,,,,,,1.9,0.9,8,,,
95468,1987-12-31T16:07:49Z,-40.76,0.0,174.72,0.0,70.0,1.0,ML,,,,,,,3.1,0.2,9,,,
95315,1987-12-31T16:43:30Z,-39.64,0.0,176.88,0.0,28.0,1.0,ML,,,,,,,3.2,0.2,8,,,
95471,1987-12-31T17:14:26Z,-41.1,0.0,174.13,0.0,56.0,1.0,ML,,,,,,,2.7,0.1,8,,,
95316,1987-12-31T18:03:08Z,-39.63,0.0,176.88,0.0,26.0,2.0,ML,,,,,,,2.8,0.1,5,,,
95317,1987-12-31T18:45:06Z,-39.64,0.0,176.88,0.0,28.0,1.0,ML,,,,,,,3.4,0.2,9,,,
95318,1987-12-31T19:14:42Z,-39.55,0.0,176.95,0.0,38.0,3.0,ML,,,,,,,2.4,0.1,3,,,
95555,1987-12-31T20:22:44Z,-41.59,0.0,174.73,0.0,25.0,1.0,ML,,,,,,,1.7,0.1,5,,,
95319,1987-12-31T21:06:17Z,-39.36,0.0,174.92,0.0,225.0,2.0,ML,,,,,,,3.7,0.2,11,,,
95474,1987-12-31T23:30:22Z,-41.38,0.0,174.93,0.0,28.0,0.0,ML,,,,,,,1.9,0.2,7,,,
