PublicID,UTCTime,Latitude,LatitudeUncertainty,Longitude,LongitudeUncertainty,Depth,DepthUncertainty,PreferredMag,Mw,Mw_Uncertainty,Mw_StationCount,ML,ML_Uncertainty,ML_StationCount
3538727,2011-07-01T00:09:23Z,-40.9,0.0,173.83,0.0,71.0,3.0,ML,,,,2.1,0.1,3
3538751,2011-07-01T01:32:01Z,-43.58,0.0,172.67,0.0,2.0,1.0,ML,,,,2.6,0.1,4
3538757,2011-07-01T01:50:57Z,-38.66,0.0,175.9,0.0,102.0,3.0,ML,,,,2.8,0.3,12
3538761,2011-07-01T02:02:10Z,-37.82,0.0,176.87,0.0,122.0,3.0,ML,,,,2.8,0.3,5
3538765,2011-07-01T02:13:14Z,-39.72,0.0,176.85,0.0,44.0,2.0,ML,,,,2.6,0.1,9
3538792,2011-07-01T03:35:09Z,-40.92,0.0,177.14,0.0,33.0,0.0,ML,,,,2.6,0.2,10
3538802,2011-07-01T03:59:53Z,-43.56,0.0,172.65,0.0,8.0,1.0,ML,,,,2.2,0.2,5
3538810,2011-07-01T04:23:40Z,-43.59,0.0,172.52,0.0,5.0,2.0,ML,,,,3.1,0.2,4
3538839,2011-07-01T05:54:15Z,-45.6,0.0,166.64,0.0,5.0,0.0,Mw,4.3,nan,0,4.6,0.2,25
3538845,2011-07-01T06:06:39Z,-40.66,0.0,176.73,0.0,29.0,1.0,ML,,,,2.7,0.1,12
3538847,2011-07-01T06:13:43Z,-39.24,0.0,177.2,0.0,31.0,1.0,ML,,,,2.5,0.1,7
3538860,2011-07-01T06:50:10Z,-40.42,0.0,174.94,0.0,25.0,1.0,ML,,,,2.9,0.2,27
3538865,2011-07-01T07:10:46Z,-36.9,0.1,177.52,0.1,131.0,6.0,ML,,,,3.0,0.2,4
3538866,2011-07-01T07:17:10Z,-40.69,0.0,176.8,0.0,29.0,2.0,ML,,,,2.2,0.3,10
3538867,2011-07-01T07:20:13Z,-45.58,0.0,166.63,0.0,5.0,0.0,ML,,,,3.1,0.2,7
3538883,2011-07-01T08:13:43Z,-36.8,0.0,177.55,0.0,128.0,3.0,ML,,,,3.1,0.1,6
3538890,2011-07-01T08:38:38Z,-40.03,0.0,174.52,0.0,122.0,2.0,ML,,,,3.1,0.2,22
3538896,2011-07-01T09:00:30Z,-45.39,0.0,166.81,0.0,40.0,2.0,ML,,,,2.8,0.1,6
3538900,2011-07-01T09:09:32Z,-36.84,0.0,174.84,0.0,9.0,1.0,ML,,,,2.9,0.1,5
3538902,2011-07-01T09:14:51Z,-41.51,0.0,173.48,0.0,49.0,3.0,ML,,,,2.1,0.1,3
3538906,2011-07-01T09:28:54Z,-43.58,0.0,172.69,0.0,8.0,2.0,ML,,,,2.1,0.3,5
3538914,2011-07-01T09:50:06Z,-40.52,0.0,175.84,0.0,32.0,1.0,ML,,,,2.7,0.2,14
3538940,2011-07-01T11:09:33Z,-37.68,0.0,179.18,0.0,25.0,0.0,ML,,,,2.8,0.3,4
3538955,2011-07-01T11:52:00Z,-39.98,0.0,176.76,0.0,40.0,4.0,ML,,,,2.1,0.2,4
3538964,2011-07-01T12:14:55Z,-41.74,0.0,174.16,0.0,12.0,0.0,ML,,,,2.3,0.2,9
3538969,2011-07-01T12:33:01Z,-38.34,0.0,178.23,0.0,26.0,1.0,ML,,,,2.6,0.2,8
3538993,2011-07-01T13:40:09Z,-43.55,0.0,172.31,0.0,9.0,1.0,ML,,,,2.6,0.2,3
3538994,2011-07-01T13:43:58Z,-38.01,0.0,177.88,0.0,52.0,2.0,ML,,,,2.5,0.1,6
3538999,2011-07-01T14:05:05Z,-40.73,0.0,176.85,0.0,28.0,1.0,ML,,,,2.2,0.2,9
3539029,2011-07-01T15:23:11Z,-39.9,0.0,176.69,0.0,38.0,2.0,ML,,,,2.7,0.1,13
3539047,2011-07-01T16:16:39Z,-43.55,0.0,172.8,0.0,5.0,0.0,ML,,,,2.7,0.3,10
3539082,2011-07-01T17:56:23Z,-40.66,0.0,176.73,0.0,33.0,0.0,ML,,,,2.7,0.1,12
3539097,2011-07-01T18:35:16Z,-39.9,0.0,175.17,0.0,33.0,0.0,ML,,,,2.6,0.1,12
3539098,2011-07-01T18:36:01Z,-37.77,0.0,176.54,0.1,166.0,4.0,ML,,,,3.6,0.3,21
3539129,2011-07-01T20:02:46Z,-40.2,0.0,176.35,0.0,52.0,2.0,ML,,,,2.4,0.2,5
3539145,2011-07-01T20:42:32Z,-42.93,0.0,171.93,0.0,5.0,0.0,ML,,,,3.3,0.3,12
3539151,2011-07-01T21:07:43Z,-39.03,0.0,176.33,0.0,79.0,4.0,ML,,,,2.8,0.1,7
3539157,2011-07-01T21:20:25Z,-40.86,0.0,177.29,0.0,33.0,0.0,ML,,,,2.8,0.1,9
3539183,2011-07-01T22:39:00Z,-40.57,0.0,175.86,0.0,30.0,1.0,ML,,,,2.1,0.1,4
3539185,2011-07-01T22:45:01Z,-39.26,0.0,177.29,0.0,28.0,1.0,ML,,,,2.5,0.2,12
3539191,2011-07-01T23:05:08Z,-40.92,0.0,175.69,0.0,24.0,1.0,ML,,,,2.3,0.1,6
3539198,2011-07-01T23:20:07Z,-37.79,0.0,177.97,0.0,77.0,3.0,ML,,,,2.8,0.1,5
3539202,2011-07-01T23:29:22Z,-43.6,0.0,172.51,0.0,5.0,0.0,ML,,,,2.6,0.3,6
3539218,2011-07-02T00:17:49Z,-46.02,0.0,166.17,0.1,23.0,4.0,ML,,,,2.5,0.2,5
3539247,2011-07-02T02:01:11Z,-39.22,0.0,175.08,0.0,26.0,1.0,ML,,,,2.4,0.1,16
3615293,2011-07-02T02:19:01Z,-40.91,0.0,175.33,0.0,29.0,2.0,ML,,,,1.6,0.2,5
3539254,2011-07-02T02:19:38Z,-43.58,0.0,172.42,0.0,10.0,1.0,ML,,,,3.3,0.2,11
3539258,2011-07-02T02:35:13Z,-36.75,0.1,177.53,0.1,128.0,5.0,ML,,,,3.4,0.2,8
3539260,2011-07-02T02:37:35Z,-46.24,0.0,165.7,0.1,12.0,0.0,ML,,,,2.6,0.3,5
3539284,2011-07-02T03:54:39Z,-39.69,0.0,176.81,0.0,29.0,2.0,ML,,,,2.2,0.1,7
3539301,2011-07-02T04:36:30Z,-40.33,0.0,175.79,0.0,30.0,1.0,ML,,,,2.4,0.1,16
3539303,2011-07-02T04:42:15Z,-41.73,0.0,171.74,0.0,16.0,3.0,ML,,,,2.4,0.3,3
3539304,2011-07-02T04:48:22Z,-45.32,0.0,167.32,0.0,54.0,4.0,ML,,,,2.1,0.1,7
3539311,2011-07-02T05:10:05Z,-40.66,0.0,176.82,0.0,25.0,2.0,ML,,,,2.3,0.2,7
3539317,2011-07-02T05:32:19Z,-40.7,0.0,174.9,0.0,39.0,1.0,ML,,,,2.3,0.3,5
3539323,2011-07-02T05:48:38Z,-41.24,0.0,175.91,0.0,10.0,2.0,ML,,,,1.9,0.2,6
3539341,2011-07-02T06:42:14Z,-43.6,0.0,172.43,0.0,12.0,0.0,ML,,,,2.2,0.2,4
3539344,2011-07-02T06:52:38Z,-39.18,0.0,175.06,0.0,31.0,1.0,ML,,,,1.9,0.2,6
3622989,2011-07-02T06:53:17Z,-39.08,0.0,177.5,0.0,28.0,2.0,ML,,,,2.3,0.2,7
3539360,2011-07-02T07:36:33Z,-40.04,0.0,176.52,0.0,24.0,2.0,ML,,,,1.8,0.2,5
3622992,2011-07-02T07:38:21Z,-43.61,0.0,172.05,0.0,5.0,0.0,ML,,,,2.3,0.4,7
3622994,2011-07-02T07:39:36Z,-37.8,0.0,177.45,0.0,56.0,1.0,ML,,,,2.1,0.2,3
3539364,2011-07-02T07:43:31Z,-40.66,0.0,176.74,0.0,29.0,2.0,ML,,,,2.8,0.1,16
3539367,2011-07-02T07:48:08Z,-37.91,0.0,178.34,0.0,31.0,2.0,ML,,,,2.3,0.2,4
3539370,2011-07-02T07:57:13Z,-40.67,0.0,176.77,0.0,29.0,2.0,ML,,,,2.3,0.2,11
3539374,2011-07-02T08:07:28Z,-39.77,0.0,176.9,0.0,46.0,3.0,ML,,,,2.6,0.1,9
3539381,2011-07-02T08:29:18Z,-37.93,0.0,179.16,0.0,33.0,0.0,ML,,,,2.2,0.2,4
3539399,2011-07-02T09:36:20Z,-41.43,0.0,172.33,0.0,12.0,0.0,ML,,,,1.9,0.4,4
3539401,2011-07-02T09:44:41Z,-40.19,0.0,176.54,0.0,28.0,2.0,ML,,,,1.6,0.2,6
3539406,2011-07-02T09:55:47Z,-43.52,0.0,171.76,0.0,5.0,0.0,ML,,,,2.2,0.2,7
3539412,2011-07-02T10:13:03Z,-43.61,0.0,172.58,0.0,5.0,0.0,ML,,,,2.3,0.3,4
3623519,2011-07-02T10:13:49Z,-38.67,0.0,177.11,0.0,10.0,2.0,ML,,,,1.9,0.2,7
3539418,2011-07-02T10:32:28Z,-43.59,0.0,172.55,0.0,10.0,1.0,ML,,,,2.2,0.3,4
3623533,2011-07-02T10:33:08Z,-45.4,0.0,166.93,0.0,50.0,1.0,ML,,,,2.2,0.2,8
3539419,2011-07-02T10:37:14Z,-44.54,0.0,167.38,0.0,6.0,0.0,ML,,,,2.5,0.3,10
3539429,2011-07-02T11:10:02Z,-45.19,0.0,167.32,0.0,82.0,2.0,ML,,,,2.6,0.2,3
3539451,2011-07-02T12:32:07Z,-40.74,0.0,176.74,0.0,28.0,2.0,ML,,,,2.0,0.3,7
3539452,2011-07-02T12:35:15Z,-40.4,0.0,176.27,0.0,21.0,2.0,ML,,,,1.9,0.2,10
3539453,2011-07-02T12:36:08Z,-40.76,0.0,176.77,0.0,30.0,3.0,ML,,,,2.3,0.2,10
3539455,2011-07-02T12:43:41Z,-44.54,0.0,167.41,0.0,12.0,0.0,ML,,,,2.1,0.4,8
3539462,2011-07-02T13:05:41Z,-40.62,0.0,173.29,0.0,151.0,3.0,ML,,,,2.8,0.2,2
3539469,2011-07-02T13:25:31Z,-40.68,0.0,176.79,0.0,30.0,2.0,ML,,,,2.1,0.3,9
3539473,2011-07-02T13:35:32Z,-40.14,0.0,174.94,0.0,28.0,3.0,ML,,,,1.5,0.2,4
3624065,2011-07-02T13:35:35Z,-43.6,0.0,172.55,0.0,5.0,0.0,ML,,,,2.4,0.2,3
3624066,2011-07-02T13:36:07Z,-37.79,0.0,176.72,0.0,5.0,0.0,ML,,,,1.8,0.2,5
3539476,2011-07-02T13:43:00Z,-37.82,0.0,176.7,0.0,5.0,0.0,ML,,,,1.7,0.2,7
3539490,2011-07-02T14:25:05Z,-40.78,0.0,176.79,0.0,29.0,1.0,ML,,,,2.1,0.2,7
3539494,2011-07-02T14:36:52Z,-41.6,0.0,173.06,0.0,90.0,2.0,ML,,,,2.8,0.3,8
3539503,2011-07-02T15:00:11Z,-40.74,0.0,176.75,0.0,28.0,2.0,ML,,,,2.6,0.1,10
3539506,2011-07-02T15:11:22Z,-43.56,0.0,172.69,0.0,8.0,1.0,ML,,,,2.5,0.3,5
3625492,2011-07-02T15:12:48Z,-40.73,0.0,176.73,0.0,28.0,3.0,ML,,,,1.9,0.4,5
3539516,2011-07-02T15:41:14Z,-36.79,0.1,177.29,0.0,145.0,8.0,ML,,,,3.1,0.3,7
3539521,2011-07-02T15:57:36Z,-39.76,0.0,176.69,0.0,53.0,3.0,ML,,,,2.1,0.2,8
3539525,2011-07-02T16:15:28Z,-39.41,0.0,176.96,0.0,30.0,1.0,ML,,,,2.3,0.1,13
3539526,2011-07-02T16:20:13Z,-40.19,0.0,174.9,0.0,12.0,0.0,ML,,,,2.5,0.2,38
3539533,2011-07-02T16:46:01Z,-45.18,0.0,166.96,0.0,12.0,0.0,ML,,,,2.7,0.3,5
3626060,2011-07-02T16:49:29Z,-43.74,0.0,173.02,0.0,5.0,0.0,ML,,,,1.7,0.2,3
3539534,2011-07-02T16:50:23Z,-39.16,0.0,177.47,0.0,28.0,2.0,ML,,,,2.2,0.1,4
3539537,2011-07-02T16:57:56Z,-37.71,0.0,177.13,0.0,122.0,4.0,ML,,,,3.1,0.1,10
3539543,2011-07-02T17:12:40Z,-41.44,0.0,172.67,0.0,96.0,2.0,ML,,,,2.4,0.2,3
3539544,2011-07-02T17:17:24Z,-39.13,0.0,174.69,0.0,21.0,2.0,ML,,,,2.3,0.1,6
3539545,2011-07-02T17:24:55Z,-40.36,0.0,176.33,0.0,49.0,2.0,ML,,,,2.8,0.2,15
3539552,2011-07-02T17:46:57Z,-41.08,0.0,174.7,0.0,32.0,1.0,ML,,,,1.9,0.2,8
3539556,2011-07-02T18:02:18Z,-39.41,0.0,177.67,0.0,31.0,2.0,ML,,,,2.1,0.2,9
3539557,2011-07-02T18:04:27Z,-36.24,0.0,177.55,0.0,190.0,5.0,ML,,,,3.7,0.2,8
3626112,2011-07-02T18:04:53Z,-40.75,0.0,176.77,0.0,27.0,2.0,ML,,,,2.4,0.1,5
3539558,2011-07-02T18:07:53Z,-38.01,0.0,175.99,0.1,169.0,4.0,ML,,,,2.8,0.2,13
3626115,2011-07-02T18:09:58Z,-44.53,0.0,168.41,0.0,5.0,0.0,ML,,,,1.7,0.2,6
3539569,2011-07-02T18:42:18Z,-43.64,0.0,172.85,0.0,7.0,1.0,ML,,,,3.6,0.2,16
3539570,2011-07-02T18:46:29Z,-41.19,0.0,174.15,0.0,58.0,2.0,ML,,,,2.3,0.2,8
3539582,2011-07-02T19:21:51Z,-40.71,0.0,176.99,0.0,28.0,2.0,ML,,,,2.2,0.2,5
3539593,2011-07-02T19:57:57Z,-47.34,0.0,165.8,0.1,33.0,0.0,ML,,,,2.8,0.3,9
3539613,2011-07-02T21:07:21Z,-41.07,0.0,175.08,0.0,31.0,2.0,ML,,,,2.0,0.2,6
3539620,2011-07-02T21:25:52Z,-41.62,0.0,174.64,0.0,29.0,2.0,ML,,,,2.2,0.2,11
3539629,2011-07-02T21:55:34Z,-40.68,0.0,176.86,0.0,27.0,2.0,ML,,,,2.4,0.2,6
3627080,2011-07-02T21:55:39Z,-43.55,0.0,172.79,0.0,5.0,0.0,ML,,,,2.3,0.2,3
3539633,2011-07-02T22:08:35Z,-39.19,0.0,174.84,0.0,31.0,1.0,ML,,,,1.8,0.2,6
3539681,2011-07-03T00:17:21Z,-40.64,0.0,176.8,0.0,33.0,0.0,ML,,,,3.0,0.2,18
3539685,2011-07-03T00:24:11Z,-38.89,0.0,175.86,0.0,5.0,0.0,ML,,,,1.7,0.2,8
3539692,2011-07-03T00:42:33Z,-40.61,0.0,176.75,0.0,29.0,1.0,ML,,,,2.7,0.1,11
3539722,2011-07-03T02:16:35Z,-39.78,0.0,177.04,0.0,16.0,3.0,ML,,,,2.5,0.1,10
3539739,2011-07-03T03:03:53Z,-37.97,0.0,178.5,0.1,49.0,3.0,ML,,,,2.3,0.1,7
3539744,2011-07-03T03:17:17Z,-40.66,0.0,176.79,0.0,29.0,2.0,ML,,,,2.9,0.1,15
3539750,2011-07-03T03:35:42Z,-43.62,0.0,172.15,0.0,5.0,0.0,ML,,,,2.5,0.3,8
3539755,2011-07-03T03:49:41Z,-39.23,0.0,175.33,0.0,17.0,1.0,ML,,,,1.5,0.1,8
3539785,2011-07-03T05:09:45Z,-43.61,0.0,172.65,0.0,8.0,1.0,ML,,,,2.5,0.1,3
3539788,2011-07-03T05:19:37Z,-43.57,0.0,172.57,0.0,13.0,2.0,ML,,,,2.5,0.3,4
3539811,2011-07-03T06:27:50Z,-40.34,0.0,176.55,0.0,20.0,2.0,ML,,,,1.6,0.1,5
3539815,2011-07-03T06:40:25Z,-40.67,0.0,176.8,0.0,27.0,2.0,ML,,,,3.1,0.2,21
3539819,2011-07-03T06:50:15Z,-41.67,0.0,172.96,0.0,100.0,2.0,ML,,,,3.1,0.2,6
3539821,2011-07-03T06:58:05Z,-38.48,0.0,175.83,0.0,155.0,4.0,ML,,,,3.1,0.3,16
3539826,2011-07-03T07:12:28Z,-38.68,0.0,175.98,0.0,132.0,4.0,ML,,,,3.0,0.3,13
3539827,2011-07-03T07:16:09Z,-39.84,0.0,175.01,0.0,32.0,1.0,ML,,,,2.0,0.2,15
3539830,2011-07-03T07:24:07Z,-42.06,0.0,174.53,0.0,12.0,0.0,ML,,,,2.1,0.3,6
3607702,2011-07-03T07:25:04Z,-39.35,0.0,177.51,0.0,29.0,1.0,ML,,,,2.4,0.1,7
3539840,2011-07-03T08:02:09Z,-40.77,0.0,176.7,0.0,33.0,0.0,ML,,,,4.0,0.2,81
3539851,2011-07-03T08:47:37Z,-38.77,0.0,176.27,0.0,8.0,2.0,ML,,,,2.0,0.2,13
3539858,2011-07-03T09:08:09Z,-40.71,0.0,176.82,0.0,27.0,2.0,ML,,,,3.2,0.2,36
3539860,2011-07-03T09:12:49Z,-39.36,0.0,177.09,0.0,35.0,2.0,ML,,,,2.5,0.1,11
3539865,2011-07-03T09:29:27Z,-37.53,0.0,178.78,0.1,27.0,3.0,ML,,,,2.2,0.1,6
3607723,2011-07-03T09:29:47Z,-40.73,0.0,176.71,0.0,30.0,1.0,ML,,,,2.6,0.1,12
3539867,2011-07-03T09:34:24Z,-40.75,0.0,176.74,0.0,30.0,1.0,ML,,,,2.5,0.1,7
3539870,2011-07-03T09:40:15Z,-40.72,0.0,176.72,0.0,29.0,2.0,ML,,,,2.4,0.1,10
3539884,2011-07-03T10:28:47Z,-43.67,0.0,172.87,0.0,5.0,0.0,ML,,,,2.7,0.4,11
3539885,2011-07-03T10:33:32Z,-39.24,0.0,175.34,0.0,16.0,1.0,ML,,,,1.7,0.2,13
3539887,2011-07-03T10:40:21Z,-43.58,0.0,172.41,0.0,10.0,1.0,ML,,,,2.5,0.1,3
3539889,2011-07-03T10:47:43Z,-40.69,0.0,175.88,0.0,27.0,1.0,ML,,,,2.2,0.1,5
3539900,2011-07-03T11:31:55Z,-43.63,0.0,172.29,0.0,12.0,0.0,ML,,,,2.9,0.1,5
3539913,2011-07-03T12:07:22Z,-38.24,0.0,175.93,0.1,98.0,4.0,ML,,,,2.7,0.2,11
3539914,2011-07-03T12:09:34Z,-40.79,0.0,176.77,0.0,29.0,2.0,ML,,,,2.4,0.2,9
3539924,2011-07-03T12:48:30Z,-45.09,0.0,167.41,0.0,126.0,3.0,ML,,,,2.9,0.2,9
3539926,2011-07-03T12:53:15Z,-37.83,0.0,176.41,0.0,140.0,3.0,ML,,,,3.1,0.1,5
3539927,2011-07-03T12:55:49Z,-39.26,0.0,173.95,0.0,25.0,1.0,ML,,,,1.7,0.1,3
3539938,2011-07-03T13:29:28Z,-40.7,0.0,176.71,0.0,28.0,2.0,ML,,,,2.2,0.1,9
3539968,2011-07-03T15:15:15Z,-44.7,0.0,168.69,0.0,5.0,0.0,ML,,,,2.2,0.3,9
3539973,2011-07-03T15:30:15Z,-39.3,0.0,175.05,0.0,29.0,1.0,ML,,,,2.3,0.1,5
3539975,2011-07-03T15:38:27Z,-41.16,0.0,173.22,0.0,84.0,4.0,ML,,,,2.1,0.0,2
3539976,2011-07-03T15:40:48Z,-40.3,0.0,174.59,0.0,12.0,0.0,ML,,,,1.8,0.2,5
3539977,2011-07-03T15:43:12Z,-41.3,0.0,172.56,0.0,225.0,3.0,ML,,,,3.6,0.4,14
3539981,2011-07-03T15:53:02Z,-40.68,0.0,176.88,0.0,30.0,1.0,ML,,,,2.4,0.2,10
3539983,2011-07-03T15:56:48Z,-37.14,0.0,176.64,0.0,177.0,3.0,ML,,,,3.5,0.2,14
3539986,2011-07-03T16:06:59Z,-40.72,0.0,176.89,0.0,33.0,0.0,Mw,4.1,nan,0,4.4,0.3,92
3539991,2011-07-03T16:18:22Z,-37.5,0.0,177.09,0.0,131.0,3.0,ML,,,,3.1,0.2,5
3540000,2011-07-03T16:48:19Z,-38.43,0.0,175.8,0.0,155.0,4.0,ML,,,,2.8,0.2,10
3540001,2011-07-03T16:49:36Z,-40.65,0.0,176.82,0.0,29.0,1.0,ML,,,,3.3,0.1,13
3608198,2011-07-03T16:50:17Z,-40.62,0.0,176.81,0.0,29.0,2.0,ML,,,,3.3,0.2,18
3540030,2011-07-03T18:24:22Z,-42.56,0.0,172.85,0.0,8.0,1.0,ML,,,,2.4,0.2,4
3540037,2011-07-03T18:52:24Z,-38.81,0.0,176.27,0.0,90.0,2.0,ML,,,,2.8,0.2,9
3540053,2011-07-03T19:41:20Z,-39.3,0.0,174.84,0.0,31.0,1.0,ML,,,,1.9,0.1,7
3540068,2011-07-03T20:22:16Z,-41.22,0.0,176.23,0.0,33.0,0.0,ML,,,,2.2,0.3,5
3540094,2011-07-03T21:40:56Z,-45.59,0.0,167.33,0.0,107.0,3.0,ML,,,,2.7,0.3,6
3540103,2011-07-03T22:15:57Z,-40.31,0.0,176.38,0.0,27.0,1.0,ML,,,,2.7,0.2,19
3540104,2011-07-03T22:17:04Z,-40.32,0.0,176.42,0.0,33.0,0.0,ML,,,,2.1,0.3,6
3540105,2011-07-03T22:23:28Z,-40.32,0.0,176.37,0.0,30.0,1.0,ML,,,,2.2,0.1,6
3540107,2011-07-03T22:30:50Z,-40.67,0.0,176.39,0.0,24.0,1.0,ML,,,,2.4,0.1,9
3540120,2011-07-03T23:05:37Z,-43.6,0.0,172.47,0.0,5.0,0.0,ML,,,,2.2,0.3,4
3540135,2011-07-04T00:02:33Z,-41.52,0.0,172.41,0.0,5.0,0.0,ML,,,,2.5,0.4,3
3540136,2011-07-04T00:06:42Z,-41.25,0.0,172.73,0.0,136.0,3.0,ML,,,,2.7,0.2,4
3540164,2011-07-04T01:32:19Z,-40.69,0.0,176.72,0.0,28.0,2.0,ML,,,,2.4,0.2,8
3540175,2011-07-04T02:02:01Z,-41.92,0.0,172.04,0.0,90.0,4.0,ML,,,,2.8,0.2,2
3540177,2011-07-04T02:09:29Z,-40.6,0.0,176.76,0.0,27.0,1.0,ML,,,,3.0,0.2,18
3540189,2011-07-04T02:40:28Z,-43.56,0.0,172.68,0.0,10.0,2.0,ML,,,,2.5,0.3,4
3540198,2011-07-04T03:08:19Z,-40.6,0.0,176.8,0.0,26.0,2.0,ML,,,,2.4,0.1,5
3540209,2011-07-04T03:20:00Z,-40.67,0.0,176.86,0.0,29.0,2.0,ML,,,,2.3,0.2,8
3540218,2011-07-04T03:43:10Z,-41.6,0.0,174.15,0.0,17.0,1.0,ML,,,,2.4,0.1,5
3540219,2011-07-04T03:48:22Z,-41.58,0.0,174.14,0.0,19.0,2.0,ML,,,,2.5,0.1,5
3540221,2011-07-04T03:51:14Z,-40.51,0.0,173.6,0.0,119.0,2.0,ML,,,,3.2,0.3,15
3540223,2011-07-04T03:55:33Z,-40.6,0.0,176.86,0.0,30.0,2.0,ML,,,,2.4,0.1,9
3540226,2011-07-04T04:06:26Z,-43.54,0.0,172.67,0.0,5.0,0.0,ML,,,,3.2,0.4,4
3540230,2011-07-04T04:19:38Z,-40.72,0.1,176.7,0.1,23.0,6.0,ML,,,,2.1,0.2,5
3540231,2011-07-04T04:21:24Z,-40.37,0.0,173.25,0.0,239.0,2.0,ML,,,,3.5,0.3,16
3540232,2011-07-04T04:27:53Z,-38.87,0.0,177.95,0.0,17.0,3.0,ML,,,,2.5,0.1,5
3540236,2011-07-04T04:33:04Z,-40.67,0.0,176.81,0.0,29.0,1.0,ML,,,,2.8,0.1,13
3540238,2011-07-04T04:35:07Z,-37.39,0.0,177.45,0.0,86.0,3.0,ML,,,,3.0,0.1,6
3540245,2011-07-04T04:56:30Z,-43.65,0.0,172.79,0.0,8.0,1.0,ML,,,,2.8,0.3,5
3540265,2011-07-04T05:53:38Z,-40.73,0.1,176.7,0.1,23.0,6.0,ML,,,,1.9,0.2,5
3540267,2011-07-04T06:00:16Z,-45.12,0.0,167.4,0.0,66.0,3.0,ML,,,,2.5,0.2,7
3540269,2011-07-04T06:03:40Z,-40.67,0.0,176.66,0.0,24.0,1.0,ML,,,,2.4,0.1,7
3540270,2011-07-04T06:07:07Z,-40.83,0.0,175.51,0.0,25.0,1.0,ML,,,,2.3,0.2,6
3540272,2011-07-04T06:13:34Z,-44.54,0.0,167.79,0.0,12.0,0.0,ML,,,,2.5,0.3,11
3540276,2011-07-04T06:26:46Z,-42.1,0.0,171.6,0.0,5.0,0.0,ML,,,,2.2,0.3,5
3540280,2011-07-04T06:38:23Z,-38.6,0.0,176.02,0.0,5.0,0.0,ML,,,,1.8,0.2,7
3540286,2011-07-04T06:58:32Z,-40.63,0.0,176.77,0.0,28.0,1.0,ML,,,,2.7,0.1,13
3540287,2011-07-04T07:01:13Z,-39.75,0.0,176.89,0.0,32.0,1.0,ML,,,,3.1,0.2,37
3540295,2011-07-04T07:21:34Z,-39.36,0.0,177.59,0.0,27.0,3.0,ML,,,,2.1,0.1,9
3540299,2011-07-04T07:35:53Z,-40.75,0.0,176.77,0.0,28.0,2.0,ML,,,,2.0,0.2,7
3540307,2011-07-04T08:04:55Z,-43.56,0.0,172.75,0.0,7.0,1.0,ML,,,,2.6,0.2,5
3540639,2011-07-04T08:05:01Z,-44.66,0.0,169.37,0.0,5.0,0.0,ML,,,,2.4,0.3,9
3540318,2011-07-04T08:36:51Z,-40.79,0.0,177.01,0.0,12.0,0.0,Mw,4.8,nan,0,5.1,0.3,107
3540324,2011-07-04T08:58:50Z,-43.6,0.0,172.75,0.0,8.0,1.0,ML,,,,3.3,0.3,6
3540325,2011-07-04T09:01:44Z,-40.66,0.0,176.86,0.0,29.0,2.0,ML,,,,2.2,0.2,7
3540337,2011-07-04T09:39:56Z,-44.38,0.0,168.31,0.0,5.0,0.0,ML,,,,2.6,0.1,3
3540343,2011-07-04T10:02:46Z,-40.67,0.0,176.85,0.0,33.0,0.0,ML,,,,4.2,0.2,76
3540353,2011-07-04T10:26:47Z,-40.67,0.0,176.83,0.0,28.0,1.0,ML,,,,3.2,0.2,32
3540355,2011-07-04T10:33:39Z,-40.67,0.0,176.85,0.0,30.0,1.0,ML,,,,2.9,0.1,13
3540356,2011-07-04T10:34:50Z,-40.62,0.0,176.83,0.0,31.0,2.0,ML,,,,2.7,0.1,10
3540357,2011-07-04T10:38:57Z,-40.65,0.0,176.9,0.0,27.0,2.0,ML,,,,2.5,0.2,10
3540358,2011-07-04T10:43:18Z,-40.61,0.0,176.8,0.0,29.0,1.0,ML,,,,3.5,0.2,54
3540359,2011-07-04T10:45:19Z,-40.69,0.0,176.88,0.0,29.0,2.0,ML,,,,3.0,0.2,14
3540360,2011-07-04T10:47:05Z,-40.66,0.0,176.87,0.0,29.0,1.0,ML,,,,3.2,0.2,28
3540363,2011-07-04T10:56:46Z,-40.67,0.0,176.87,0.0,28.0,2.0,ML,,,,2.3,0.2,8
3540364,2011-07-04T11:00:59Z,-40.58,0.0,176.82,0.0,29.0,1.0,ML,,,,2.4,0.2,12
3540369,2011-07-04T11:14:40Z,-40.66,0.0,176.85,0.0,30.0,1.0,ML,,,,2.7,0.1,12
3540375,2011-07-04T11:33:07Z,-43.58,0.0,172.7,0.0,14.0,0.0,ML,,,,2.4,0.1,3
3540386,2011-07-04T11:57:55Z,-36.89,0.0,176.55,0.0,231.0,3.0,ML,,,,3.6,0.2,10
3540391,2011-07-04T12:19:36Z,-44.53,0.0,168.42,0.0,5.0,0.0,ML,,,,2.2,0.3,8
3540392,2011-07-04T12:25:15Z,-40.83,0.0,175.69,0.0,24.0,1.0,ML,,,,2.5,0.1,15
3540394,2011-07-04T12:32:06Z,-38.79,0.0,175.97,0.0,9.0,2.0,ML,,,,1.8,0.1,6
3540395,2011-07-04T12:33:11Z,-39.31,0.0,177.33,0.0,30.0,2.0,ML,,,,2.3,0.1,6
3540402,2011-07-04T12:56:58Z,-41.59,0.0,174.15,0.0,17.0,2.0,ML,,,,2.2,0.4,9
3540403,2011-07-04T13:02:44Z,-43.57,0.0,172.08,0.0,12.0,0.0,ML,,,,2.7,0.4,11
3540412,2011-07-04T13:30:43Z,-39.33,0.0,175.23,0.0,30.0,1.0,ML,,,,2.0,0.2,5
3540433,2011-07-04T14:36:39Z,-40.63,0.0,176.88,0.0,29.0,2.0,ML,,,,2.3,0.2,9
3540435,2011-07-04T14:40:41Z,-43.58,0.0,172.16,0.0,10.0,1.0,ML,,,,2.4,0.3,6
3610671,2011-07-04T14:42:08Z,-40.62,0.0,176.88,0.0,27.0,2.0,ML,,,,2.4,0.1,10
3540437,2011-07-04T14:48:00Z,-40.64,0.0,176.88,0.0,30.0,1.0,ML,,,,2.7,0.1,11
3540439,2011-07-04T14:55:55Z,-39.35,0.0,174.03,0.0,23.0,1.0,ML,,,,1.8,0.2,3
3540456,2011-07-04T15:47:58Z,-40.66,0.0,176.95,0.0,24.0,3.0,ML,,,,2.2,0.1,6
3652899,2011-07-04T16:06:03Z,-40.61,0.0,176.74,0.0,30.0,2.0,ML,,,,2.3,0.2,10
3540462,2011-07-04T16:06:34Z,-44.73,0.0,167.51,0.0,12.0,0.0,ML,,,,2.4,0.2,4
3540475,2011-07-04T16:39:58Z,-40.72,0.0,176.96,0.0,33.0,0.0,ML,,,,2.7,0.1,6
3540484,2011-07-04T17:06:10Z,-39.84,0.0,176.73,0.0,46.0,3.0,ML,,,,2.1,0.2,10
3540490,2011-07-04T17:27:48Z,-43.58,0.0,172.75,0.0,5.0,1.0,ML,,,,3.6,0.3,15
3540502,2011-07-04T18:00:11Z,-40.71,0.0,176.69,0.0,21.0,3.0,ML,,,,2.0,0.3,7
3540503,2011-07-04T18:01:56Z,-38.24,0.0,176.13,0.0,108.0,4.0,ML,,,,3.1,0.2,8
3540513,2011-07-04T18:33:34Z,-43.64,0.0,172.88,0.0,5.0,0.0,ML,,,,2.8,0.2,3
3540514,2011-07-04T18:37:14Z,-40.61,0.0,176.83,0.0,30.0,1.0,ML,,,,2.7,0.1,13
3540515,2011-07-04T18:38:12Z,-40.64,0.0,176.86,0.0,29.0,2.0,ML,,,,2.8,0.1,15
3540521,2011-07-04T18:53:42Z,-40.66,0.0,176.87,0.0,28.0,2.0,ML,,,,2.8,0.2,13
3540522,2011-07-04T18:56:07Z,-40.64,0.0,176.93,0.0,30.0,2.0,ML,,,,2.3,0.2,8
3540590,2011-07-04T18:57:03Z,-45.25,0.0,167.32,0.0,69.0,4.0,ML,,,,2.3,0.2,6
3540529,2011-07-04T19:15:44Z,-40.65,0.0,176.84,0.0,28.0,2.0,ML,,,,3.3,0.2,32
3610744,2011-07-04T19:17:01Z,-40.63,0.0,176.84,0.0,28.0,2.0,ML,,,,2.6,0.1,8
3540538,2011-07-04T19:37:22Z,-43.0,0.0,171.76,0.0,5.0,0.0,ML,,,,3.9,0.2,26
3540545,2011-07-04T19:58:05Z,-35.93,0.0,179.41,0.1,5.0,0.0,ML,,,,3.8,0.1,11
3540659,2011-07-04T19:58:47Z,-40.68,0.0,176.77,0.0,29.0,1.0,ML,,,,2.6,0.1,9
3540546,2011-07-04T19:59:27Z,-43.59,0.0,172.52,0.0,5.0,0.0,ML,,,,2.8,0.3,4
3540553,2011-07-04T20:21:58Z,-43.02,0.0,171.75,0.0,5.0,0.0,ML,,,,2.6,0.4,7
3540555,2011-07-04T20:28:28Z,-44.57,0.0,168.13,0.0,95.0,5.0,ML,,,,2.8,0.3,10
3540558,2011-07-04T20:33:03Z,-40.73,0.0,176.79,0.0,29.0,2.0,ML,,,,2.6,0.1,7
3540564,2011-07-04T20:44:05Z,-40.58,0.0,176.79,0.0,26.0,1.0,ML,,,,2.6,0.1,9
3540589,2011-07-04T21:36:58Z,-44.0,0.0,168.71,0.0,5.0,0.0,ML,,,,2.6,0.2,8
3540609,2011-07-04T22:18:29Z,-41.31,0.0,172.76,0.0,113.0,3.0,ML,,,,2.6,0.3,2
3540614,2011-07-04T22:34:22Z,-41.8,0.0,173.22,0.0,78.0,2.0,ML,,,,2.6,0.3,3
3540615,2011-07-04T22:36:43Z,-39.26,0.0,173.89,0.0,21.0,1.0,ML,,,,1.6,0.1,2
3540620,2011-07-04T22:44:28Z,-40.24,0.0,176.16,0.0,51.0,2.0,ML,,,,2.5,0.1,5
3540633,2011-07-04T23:24:16Z,-40.73,0.0,174.52,0.0,24.0,1.0,ML,,,,3.2,0.2,40
3540638,2011-07-04T23:37:30Z,-43.6,0.0,172.53,0.0,8.0,1.0,ML,,,,3.3,0.2,7
3540653,2011-07-05T00:05:36Z,-43.01,0.0,171.76,0.0,5.0,0.0,ML,,,,2.8,0.2,10
3540654,2011-07-05T00:09:12Z,-40.63,0.0,176.77,0.0,30.0,2.0,ML,,,,2.5,0.1,7
3540663,2011-07-05T00:30:02Z,-40.69,0.0,176.84,0.0,30.0,2.0,ML,,,,2.5,0.3,10
3540670,2011-07-05T00:45:56Z,-44.99,0.0,167.48,0.0,99.0,3.0,ML,,,,3.3,0.1,10
3540729,2011-07-05T00:46:55Z,-43.59,0.0,172.54,0.0,6.0,3.0,ML,,,,2.8,0.1,3
3540681,2011-07-05T01:11:10Z,-40.65,0.0,176.84,0.0,27.0,2.0,ML,,,,3.2,0.2,27
3540683,2011-07-05T01:16:37Z,-40.26,0.0,173.43,0.0,166.0,3.0,ML,,,,3.6,0.2,30
3540702,2011-07-05T02:03:57Z,-38.87,0.0,175.84,0.0,5.0,2.0,ML,,,,2.0,0.2,9
3540732,2011-07-05T03:23:10Z,-40.76,0.0,176.17,0.0,30.0,1.0,ML,,,,2.3,0.1,7
3540736,2011-07-05T03:36:25Z,-38.65,0.0,175.71,0.0,153.0,2.0,Mw,5.5,nan,0,6.5,0.2,57
3540739,2011-07-05T03:46:29Z,-38.86,0.0,175.59,0.1,141.0,4.0,ML,,,,3.1,0.1,13
3540744,2011-07-05T04:03:45Z,-38.66,0.0,175.67,0.1,139.0,6.0,ML,,,,3.2,0.2,13
3540757,2011-07-05T04:29:43Z,-38.62,0.0,176.22,0.0,5.0,0.0,ML,,,,2.0,0.3,3
3540761,2011-07-05T04:41:45Z,-38.05,0.0,176.53,0.0,87.0,6.0,ML,,,,3.1,0.2,13
3540766,2011-07-05T04:53:18Z,-38.98,0.0,175.05,0.0,27.0,1.0,ML,,,,2.3,0.1,11
3540770,2011-07-05T05:12:33Z,-38.16,0.0,179.54,0.1,33.0,0.0,ML,,,,3.6,0.4,10
3540772,2011-07-05T05:18:58Z,-41.92,0.0,171.81,0.0,12.0,5.0,ML,,,,2.3,0.4,4
3541114,2011-07-05T05:21:44Z,-38.17,0.0,179.54,0.0,33.0,0.0,ML,,,,3.9,0.3,21
3540773,2011-07-05T05:21:48Z,-41.08,0.0,175.08,0.0,28.0,0.0,ML,,,,2.1,0.1,4
3540776,2011-07-05T05:28:11Z,-38.77,0.0,175.57,0.1,151.0,11.0,ML,,,,3.3,0.4,12
3623672,2011-07-05T05:29:19Z,-46.23,0.0,165.99,0.1,33.0,0.0,ML,,,,2.7,0.3,5
3540795,2011-07-05T06:34:57Z,-43.6,0.0,172.64,0.0,7.0,1.0,ML,,,,2.7,0.3,7
3540801,2011-07-05T06:51:35Z,-39.16,0.0,176.13,0.0,72.0,2.0,ML,,,,3.0,0.2,20
3540824,2011-07-05T08:17:59Z,-43.6,0.0,172.5,0.0,5.0,0.0,ML,,,,2.9,0.2,5
3540828,2011-07-05T08:35:27Z,-40.73,0.0,172.94,0.0,207.0,2.0,ML,,,,3.1,0.3,2
3540852,2011-07-05T09:54:20Z,-39.87,0.0,176.65,0.0,40.0,2.0,ML,,,,2.5,0.1,9
3540857,2011-07-05T10:04:18Z,-47.7,0.1,165.17,0.2,33.0,0.0,ML,,,,3.5,0.2,10
3540863,2011-07-05T10:23:33Z,-43.59,0.0,172.7,0.0,8.0,1.0,ML,,,,3.4,0.2,14
3540864,2011-07-05T10:30:31Z,-39.72,0.0,176.92,0.0,44.0,3.0,ML,,,,2.8,0.2,10
3540870,2011-07-05T10:46:14Z,-38.14,0.0,176.99,0.0,105.0,3.0,ML,,,,3.0,0.2,8
3540874,2011-07-05T11:01:25Z,-43.64,0.0,172.25,0.0,11.0,1.0,ML,,,,3.2,0.2,10
3540878,2011-07-05T11:15:45Z,-45.58,0.0,166.62,0.1,5.0,0.0,ML,,,,3.0,0.2,4
3540882,2011-07-05T11:38:40Z,-44.75,0.0,167.93,0.0,94.0,3.0,ML,,,,3.0,0.3,4
3652902,2011-07-05T11:39:45Z,-40.19,0.0,175.01,0.0,22.0,3.0,ML,,,,2.3,0.2,13
3540888,2011-07-05T12:00:48Z,-45.18,0.0,167.4,0.0,88.0,2.0,ML,,,,2.8,0.4,7
3540895,2011-07-05T12:23:01Z,-41.68,0.0,174.18,0.0,20.0,1.0,ML,,,,2.7,0.1,11
3540900,2011-07-05T12:48:25Z,-40.93,0.0,176.47,0.0,29.0,1.0,ML,,,,2.9,0.2,19
3540909,2011-07-05T13:11:59Z,-41.69,0.0,174.22,0.0,13.0,2.0,ML,,,,2.4,0.3,11
3540919,2011-07-05T13:46:25Z,-43.58,0.0,172.39,0.0,5.0,0.0,ML,,,,3.0,0.3,8
3540921,2011-07-05T13:52:53Z,-45.1,0.0,167.29,0.0,22.0,2.0,ML,,,,2.6,0.3,4
3540922,2011-07-05T13:55:08Z,-43.01,0.0,171.76,0.0,5.0,0.0,ML,,,,2.9,0.3,6
3540923,2011-07-05T13:59:03Z,-40.74,0.0,176.7,0.0,26.0,3.0,ML,,,,2.4,0.2,8
3540924,2011-07-05T14:00:18Z,-41.31,0.0,172.91,0.0,92.0,2.0,ML,,,,2.1,0.0,2
3540929,2011-07-05T14:21:00Z,-43.6,0.0,172.66,0.0,8.0,1.0,ML,,,,2.7,0.2,5
3541142,2011-07-05T14:23:20Z,-38.41,0.0,176.15,0.0,5.0,0.0,ML,,,,1.8,0.1,6
3541145,2011-07-05T14:24:55Z,-38.41,0.0,176.16,0.0,2.0,0.0,ML,,,,1.4,0.1,5
3540930,2011-07-05T14:25:19Z,-40.61,0.0,176.81,0.0,28.0,2.0,ML,,,,2.6,0.1,6
3540931,2011-07-05T14:26:24Z,-38.4,0.0,176.15,0.0,5.0,0.0,ML,,,,1.8,0.1,7
3541107,2011-07-05T14:31:50Z,-43.56,0.0,172.38,0.0,5.0,0.0,ML,,,,2.4,0.3,5
3540933,2011-07-05T14:32:50Z,-38.4,0.0,176.15,0.0,6.0,2.0,ML,,,,2.0,0.1,11
3540937,2011-07-05T14:40:01Z,-41.69,0.0,174.22,0.0,12.0,2.0,ML,,,,2.6,0.3,7
3628823,2011-07-05T14:42:01Z,-38.41,0.0,176.16,0.0,5.0,0.0,ML,,,,1.5,0.1,4
3540940,2011-07-05T14:50:18Z,-38.4,0.0,176.16,0.0,5.0,0.0,ML,,,,1.5,0.1,6
3540943,2011-07-05T14:55:52Z,-41.71,0.0,174.2,0.0,14.0,2.0,ML,,,,2.2,0.3,8
3540950,2011-07-05T15:07:12Z,-41.68,0.0,174.19,0.0,21.0,2.0,ML,,,,3.5,0.2,42
3540951,2011-07-05T15:10:36Z,-43.18,0.0,171.95,0.1,15.0,4.0,ML,,,,2.0,0.2,4
3540964,2011-07-05T15:52:59Z,-39.79,0.0,176.91,0.0,41.0,1.0,ML,,,,2.5,0.1,8
3540968,2011-07-05T16:03:23Z,-43.59,0.0,172.35,0.0,5.0,0.0,ML,,,,2.5,0.3,5
3540979,2011-07-05T16:35:45Z,-37.03,0.0,177.36,0.1,135.0,3.0,ML,,,,3.5,0.3,5
3640237,2011-07-05T16:36:22Z,-40.72,0.0,174.31,0.0,46.0,7.0,ML,,,,2.2,0.1,4
3540985,2011-07-05T16:57:14Z,-46.37,0.0,166.65,0.0,17.0,3.0,ML,,,,2.1,0.4,3
3540988,2011-07-05T17:04:15Z,-43.59,0.0,172.8,0.0,6.0,1.0,ML,,,,3.1,0.2,5
3540991,2011-07-05T17:15:26Z,-38.41,0.0,176.16,0.0,5.0,0.0,ML,,,,1.9,0.1,6
3540999,2011-07-05T17:40:12Z,-41.68,0.0,174.2,0.0,14.0,2.0,ML,,,,2.5,0.2,8
3541007,2011-07-05T18:01:34Z,-39.78,0.0,176.9,0.0,49.0,3.0,ML,,,,2.3,0.1,6
3541009,2011-07-05T18:03:56Z,-39.91,0.0,176.57,0.0,61.0,2.0,ML,,,,2.3,0.1,4
3541010,2011-07-05T18:08:01Z,-40.65,0.0,176.87,0.0,28.0,2.0,ML,,,,2.8,0.2,12
3640742,2011-07-05T18:09:01Z,-43.59,0.0,172.48,0.0,5.0,0.0,ML,,,,2.2,0.3,4
3541015,2011-07-05T18:19:13Z,-39.25,0.0,173.9,0.0,17.0,1.0,ML,,,,2.0,0.2,3
3541016,2011-07-05T18:22:25Z,-40.71,0.0,176.64,0.0,29.0,2.0,ML,,,,2.8,0.1,16
3541025,2011-07-05T18:39:58Z,-38.89,0.0,177.91,0.0,27.0,2.0,ML,,,,2.8,0.2,17
3541026,2011-07-05T18:44:21Z,-38.41,0.0,176.15,0.0,5.0,0.0,ML,,,,2.1,0.1,7
3541040,2011-07-05T19:13:55Z,-40.71,0.0,176.64,0.0,31.0,1.0,ML,,,,3.0,0.1,21
3541061,2011-07-05T20:18:32Z,-39.17,0.0,175.39,0.0,15.0,1.0,ML,,,,1.8,0.2,6
3541062,2011-07-05T20:20:22Z,-40.61,0.0,176.83,0.0,28.0,2.0,ML,,,,3.2,0.2,30
3541063,2011-07-05T20:21:38Z,-40.7,0.0,176.93,0.0,25.0,2.0,Mw,4.2,nan,0,4.0,0.2,53
3541070,2011-07-05T20:37:05Z,-42.37,0.0,174.48,0.0,39.0,11.0,ML,,,,2.7,0.2,5
3541073,2011-07-05T20:42:28Z,-40.75,0.0,176.99,0.0,12.0,0.0,ML,,,,3.5,0.2,39
3541084,2011-07-05T21:08:03Z,-37.76,0.0,178.19,0.0,32.0,3.0,ML,,,,2.6,0.1,3
3541095,2011-07-05T21:30:48Z,-43.57,0.0,172.65,0.0,6.0,1.0,ML,,,,2.7,0.2,4
3541100,2011-07-05T21:42:23Z,-44.54,0.0,168.49,0.0,5.0,0.0,ML,,,,2.7,0.3,4
3541103,2011-07-05T21:48:10Z,-38.66,0.0,177.77,0.0,26.0,2.0,ML,,,,2.5,0.2,5
3541104,2011-07-05T21:51:07Z,-39.9,0.0,176.68,0.0,43.0,2.0,ML,,,,3.0,0.2,21
3541105,2011-07-05T21:56:00Z,-45.48,0.0,167.12,0.0,106.0,3.0,ML,,,,2.6,0.2,4
3541117,2011-07-05T22:23:23Z,-41.79,0.0,172.63,0.0,79.0,3.0,ML,,,,2.4,nan,1
3541125,2011-07-05T22:44:18Z,-46.83,0.0,166.48,0.0,12.0,0.0,ML,,,,3.1,0.3,11
3541126,2011-07-05T22:46:10Z,-40.43,0.0,174.23,0.0,68.0,6.0,ML,,,,2.8,0.1,7
3541141,2011-07-05T23:19:48Z,-43.6,0.0,172.37,0.0,5.0,0.0,ML,,,,2.2,0.3,5
3541147,2011-07-05T23:27:28Z,-40.76,0.0,176.7,0.0,26.0,2.0,ML,,,,3.4,0.2,31
3541151,2011-07-05T23:38:22Z,-38.94,0.0,178.07,0.1,33.0,3.0,ML,,,,2.4,0.2,4
3541158,2011-07-05T23:55:51Z,-40.74,0.0,176.69,0.0,26.0,2.0,ML,,,,2.6,0.1,10
3541165,2011-07-06T00:06:57Z,-39.46,0.0,175.74,0.0,14.0,1.0,ML,,,,1.9,0.2,6
3611832,2011-07-06T00:07:28Z,-39.27,0.0,175.57,0.0,5.0,0.0,ML,,,,1.1,0.3,3
3541198,2011-07-06T01:22:06Z,-40.75,0.0,176.68,0.0,24.0,1.0,ML,,,,3.4,0.2,31
3541207,2011-07-06T01:42:46Z,-37.7,0.0,176.74,0.0,147.0,3.0,ML,,,,3.4,0.2,7
3541211,2011-07-06T01:52:11Z,-41.38,0.0,173.56,0.0,73.0,2.0,ML,,,,3.9,0.2,25
3541223,2011-07-06T02:18:33Z,-43.6,0.0,172.64,0.0,6.0,1.0,ML,,,,2.3,0.2,4
3541228,2011-07-06T02:28:26Z,-41.69,0.0,174.2,0.0,11.0,1.0,ML,,,,2.2,0.3,8
3541237,2011-07-06T02:47:17Z,-40.32,0.0,176.21,0.0,44.0,2.0,ML,,,,2.5,0.2,5
3541238,2011-07-06T02:48:15Z,-36.48,0.1,176.65,0.1,257.0,5.0,ML,,,,4.3,0.2,46
3541255,2011-07-06T03:29:19Z,-40.75,0.0,176.7,0.0,27.0,2.0,ML,,,,2.6,0.2,10
3541271,2011-07-06T03:58:45Z,-40.74,0.0,176.69,0.0,29.0,1.0,ML,,,,2.4,0.2,7
3541288,2011-07-06T04:41:17Z,-43.59,0.0,172.76,0.0,5.0,1.0,ML,,,,2.9,0.2,6
3541293,2011-07-06T04:51:31Z,-40.7,0.0,176.75,0.0,23.0,2.0,ML,,,,2.3,0.2,5
3541339,2011-07-06T06:28:58Z,-43.6,0.0,172.67,0.0,8.0,0.0,ML,,,,3.7,0.2,17
3541342,2011-07-06T06:39:06Z,-39.24,0.0,175.42,0.0,16.0,1.0,ML,,,,2.7,0.2,24
3541357,2011-07-06T07:11:50Z,-39.24,0.0,175.41,0.0,19.0,1.0,ML,,,,2.0,0.4,6
3541376,2011-07-06T07:49:44Z,-43.61,0.0,172.69,0.0,8.0,1.0,ML,,,,2.8,0.4,6
3541378,2011-07-06T07:57:52Z,-45.06,0.0,167.54,0.0,120.0,3.0,ML,,,,3.0,0.3,8
3541384,2011-07-06T08:12:27Z,-40.88,0.0,177.15,0.0,33.0,0.0,ML,,,,2.9,0.1,8
3541390,2011-07-06T08:30:47Z,-43.59,0.0,172.52,0.0,5.0,0.0,ML,,,,2.6,0.2,4
3541395,2011-07-06T08:43:58Z,-43.63,0.0,172.51,0.0,8.0,1.0,ML,,,,3.1,0.2,8
3541415,2011-07-06T09:31:38Z,-39.84,0.0,176.21,0.0,31.0,1.0,ML,,,,2.6,0.1,17
3541419,2011-07-06T09:39:34Z,-40.55,0.0,176.78,0.0,21.0,2.0,ML,,,,2.7,0.1,12
3541425,2011-07-06T09:50:49Z,-43.53,0.0,172.65,0.0,12.0,1.0,ML,,,,2.9,0.2,6
3541430,2011-07-06T10:04:40Z,-41.3,0.0,172.78,0.0,141.0,3.0,ML,,,,2.8,0.2,2
3541441,2011-07-06T10:32:48Z,-44.3,0.0,168.3,0.0,12.0,0.0,ML,,,,2.7,0.5,5
3541481,2011-07-06T11:59:54Z,-41.82,0.0,174.47,0.0,27.0,4.0,ML,,,,2.3,0.2,4
3541483,2011-07-06T12:05:00Z,-43.17,0.0,172.05,0.0,7.0,3.0,ML,,,,3.1,0.3,12
3541485,2011-07-06T12:09:55Z,-40.88,0.0,177.23,0.0,33.0,0.0,ML,,,,3.4,0.2,42
3541488,2011-07-06T12:20:42Z,-43.96,0.0,171.21,0.0,23.0,2.0,ML,,,,2.9,0.3,5
3541506,2011-07-06T13:10:05Z,-43.58,0.0,172.71,0.0,5.0,0.0,ML,,,,2.7,0.2,3
3541519,2011-07-06T13:43:23Z,-43.56,0.0,172.38,0.0,9.0,1.0,ML,,,,2.9,0.3,8
3541533,2011-07-06T14:21:33Z,-40.86,0.0,175.71,0.0,25.0,1.0,ML,,,,2.2,0.1,5
3541548,2011-07-06T14:58:15Z,-40.76,0.0,174.85,0.0,38.0,2.0,ML,,,,2.5,0.2,6
3541569,2011-07-06T15:57:33Z,-43.59,0.0,172.06,0.0,17.0,1.0,ML,,,,2.8,0.2,7
3541589,2011-07-06T16:53:32Z,-37.14,0.0,177.27,0.0,136.0,4.0,ML,,,,3.4,0.1,7
3541612,2011-07-06T17:50:34Z,-40.86,0.0,175.82,0.0,22.0,2.0,ML,,,,1.9,0.1,4
3541619,2011-07-06T18:07:38Z,-43.59,0.0,172.69,0.0,5.0,0.0,ML,,,,2.7,0.1,5
3541621,2011-07-06T18:13:32Z,-41.64,0.0,174.77,0.0,33.0,1.0,ML,,,,2.2,0.1,7
3541668,2011-07-06T20:36:06Z,-43.55,0.0,172.65,0.0,8.0,1.0,ML,,,,2.5,0.1,3
3541710,2011-07-06T21:53:01Z,-41.42,0.0,174.24,0.0,33.0,1.0,ML,,,,2.6,0.2,8
3541745,2011-07-06T23:35:45Z,-44.51,0.0,168.35,0.0,5.0,0.0,ML,,,,2.6,0.3,7
3541769,2011-07-07T00:28:10Z,-39.1,0.0,177.43,0.0,26.0,1.0,ML,,,,2.8,0.2,14
3541806,2011-07-07T02:08:23Z,-43.59,0.0,172.39,0.0,9.0,3.0,ML,,,,2.5,0.1,4
3541829,2011-07-07T03:03:53Z,-43.62,0.0,172.42,0.0,9.0,1.0,ML,,,,3.0,0.2,8
3541846,2011-07-07T03:39:26Z,-38.43,0.0,175.66,0.0,152.0,4.0,ML,,,,3.4,0.1,9
3541902,2011-07-07T04:47:23Z,-40.89,0.0,176.05,0.0,27.0,1.0,ML,,,,2.6,0.1,14
3541878,2011-07-07T04:49:59Z,-37.63,0.0,178.24,0.0,46.0,4.0,ML,,,,3.1,0.2,7
3541895,2011-07-07T05:30:05Z,-37.56,0.0,178.33,0.0,42.0,4.0,ML,,,,3.1,0.1,6
3541896,2011-07-07T05:32:22Z,-43.48,0.0,172.77,0.0,5.0,0.0,ML,,,,3.1,0.3,9
3541921,2011-07-07T06:39:01Z,-43.2,0.0,172.22,0.0,10.0,2.0,Mw,4.1,nan,0,4.4,0.2,56
3541947,2011-07-07T07:45:17Z,-41.31,0.0,172.51,0.0,191.0,4.0,ML,,,,3.4,0.2,3
3541970,2011-07-07T08:41:35Z,-43.57,0.0,172.36,0.0,5.0,0.0,ML,,,,2.5,0.3,3
3541982,2011-07-07T09:11:41Z,-43.6,0.0,172.39,0.0,9.0,1.0,ML,,,,2.4,0.2,5
3542247,2011-07-07T09:19:36Z,-39.27,0.0,175.37,0.0,12.0,0.0,ML,,,,2.1,0.3,4
3541997,2011-07-07T09:47:42Z,-42.71,0.0,173.43,0.0,30.0,2.0,ML,,,,2.7,0.3,6
3541998,2011-07-07T09:51:44Z,-43.4,0.0,170.79,0.0,5.0,0.0,ML,,,,2.6,0.3,7
3542007,2011-07-07T10:12:43Z,-38.86,0.0,177.55,0.0,29.0,2.0,ML,,,,2.3,0.1,5
3542024,2011-07-07T10:52:37Z,-43.5,0.0,172.74,0.0,10.0,1.0,ML,,,,2.8,0.3,6
3542032,2011-07-07T11:11:40Z,-39.67,0.0,176.8,0.0,38.0,3.0,ML,,,,2.2,0.2,5
3542254,2011-07-07T12:20:35Z,-44.9,0.0,168.57,0.0,12.0,0.0,ML,,,,2.1,0.3,6
3542059,2011-07-07T12:20:39Z,-43.58,0.0,172.78,0.0,8.0,1.0,ML,,,,2.5,0.3,3
3542083,2011-07-07T13:31:34Z,-37.92,0.0,176.35,0.0,136.0,3.0,ML,,,,3.6,0.2,29
3542086,2011-07-07T13:38:03Z,-40.65,0.0,176.83,0.0,30.0,2.0,ML,,,,3.4,0.3,34
3542110,2011-07-07T14:38:35Z,-43.57,0.0,172.41,0.0,5.0,0.0,ML,,,,2.8,0.2,5
3542125,2011-07-07T15:14:52Z,-36.97,0.0,177.01,0.0,217.0,5.0,ML,,,,4.7,0.2,53
3542139,2011-07-07T15:54:59Z,-37.38,0.0,176.49,0.0,229.0,4.0,ML,,,,4.1,0.2,49
3542147,2011-07-07T16:15:14Z,-43.58,0.0,172.37,0.0,5.0,0.0,ML,,,,2.7,0.3,6
3542149,2011-07-07T16:22:50Z,-43.71,0.0,172.88,0.0,5.0,0.0,ML,,,,2.8,0.3,5
3542171,2011-07-07T17:28:52Z,-43.61,0.0,172.48,0.0,5.0,0.0,ML,,,,2.7,0.4,6
3542187,2011-07-07T18:19:04Z,-44.11,0.0,169.71,0.0,5.0,0.0,ML,,,,2.8,0.3,9
3542191,2011-07-07T18:35:22Z,-43.7,0.0,172.9,0.0,5.0,0.0,ML,,,,3.4,0.2,7
3542259,2011-07-07T22:07:09Z,-39.14,0.0,177.26,0.0,29.0,1.0,ML,,,,2.8,0.2,15
3542274,2011-07-07T22:55:35Z,-44.53,0.0,168.41,0.0,5.0,0.0,ML,,,,2.4,0.4,6
3542277,2011-07-07T23:00:07Z,-41.54,0.0,172.74,0.0,94.0,2.0,ML,,,,3.0,0.3,4
3542289,2011-07-07T23:36:19Z,-43.55,0.0,172.74,0.0,6.0,1.0,ML,,,,3.8,0.2,29
3542411,2011-07-08T00:16:50Z,-43.57,0.0,172.76,0.0,3.0,1.0,ML,,,,2.3,0.3,3
3542305,2011-07-08T00:17:43Z,-38.27,0.0,175.63,0.0,161.0,4.0,ML,,,,3.4,0.2,16
3542318,2011-07-08T00:36:40Z,-41.1,0.0,175.06,0.0,30.0,1.0,ML,,,,2.1,0.1,5
3542320,2011-07-08T00:43:33Z,-43.7,0.0,170.14,0.0,7.0,1.0,ML,,,,3.9,0.2,24
3542327,2011-07-08T00:59:08Z,-44.98,0.0,167.47,0.1,122.0,3.0,ML,,,,3.2,0.3,7
3542335,2011-07-08T01:19:19Z,-43.6,0.0,172.51,0.0,6.0,2.0,ML,,,,2.9,0.3,7
3542351,2011-07-08T02:06:51Z,-41.53,0.0,175.91,0.0,21.0,3.0,ML,,,,1.9,0.1,3
3542361,2011-07-08T02:31:18Z,-40.3,0.0,174.04,0.0,97.0,3.0,ML,,,,2.9,0.4,3
3542365,2011-07-08T02:37:01Z,-43.61,0.0,172.48,0.0,5.0,0.0,ML,,,,2.6,0.3,4
3542380,2011-07-08T03:08:40Z,-38.74,0.0,176.53,0.0,58.0,2.0,ML,,,,3.0,0.2,13
3542396,2011-07-08T03:50:21Z,-37.46,0.0,177.41,0.0,5.0,0.0,ML,,,,3.0,0.3,6
3542407,2011-07-08T04:12:19Z,-37.64,0.0,176.44,0.0,159.0,3.0,ML,,,,3.6,0.2,13
3542414,2011-07-08T04:31:00Z,-44.39,0.0,168.33,0.0,5.0,0.0,ML,,,,2.3,0.3,5
3542432,2011-07-08T05:07:02Z,-41.82,0.0,174.87,0.0,38.0,1.0,ML,,,,2.2,0.0,3
3542439,2011-07-08T05:24:51Z,-37.03,0.0,179.11,0.0,5.0,0.0,ML,,,,3.2,0.2,8
3542461,2011-07-08T06:18:22Z,-40.21,0.0,174.84,0.0,12.0,0.0,ML,,,,2.1,0.1,4
3542465,2011-07-08T06:29:24Z,-43.5,0.0,172.81,0.0,13.0,2.0,ML,,,,3.5,0.2,17
3542473,2011-07-08T06:55:36Z,-43.17,0.0,171.99,0.0,5.0,0.0,ML,,,,3.1,0.3,9
3542477,2011-07-08T07:07:09Z,-39.98,0.0,176.62,0.0,41.0,2.0,ML,,,,2.4,0.2,10
3542859,2011-07-08T07:07:21Z,-46.33,0.0,169.29,0.0,12.0,0.0,ML,,,,2.8,0.3,6
3542493,2011-07-08T07:46:52Z,-37.77,0.0,176.56,0.0,137.0,3.0,ML,,,,3.1,0.2,6
3542496,2011-07-08T07:58:56Z,-45.51,0.0,167.15,0.0,72.0,2.0,ML,,,,2.9,0.3,5
3542531,2011-07-08T09:19:09Z,-43.5,0.0,172.8,0.0,11.0,1.0,ML,,,,2.8,0.4,6
3542572,2011-07-08T11:04:24Z,-39.76,0.0,173.91,0.0,159.0,4.0,ML,,,,3.4,0.2,13
3542581,2011-07-08T11:18:14Z,-39.15,0.0,177.98,0.0,28.0,1.0,ML,,,,2.3,0.1,6
3542587,2011-07-08T11:26:32Z,-43.58,0.0,172.87,0.0,5.0,0.0,ML,,,,2.9,0.1,5
3542598,2011-07-08T11:53:22Z,-39.44,0.0,177.8,0.0,61.0,3.0,ML,,,,2.4,0.3,4
3542608,2011-07-08T12:18:12Z,-40.86,0.0,175.82,0.0,27.0,1.0,ML,,,,2.4,0.1,5
3542641,2011-07-08T13:45:19Z,-43.58,0.0,172.76,0.0,5.0,0.0,ML,,,,3.2,0.3,8
3542652,2011-07-08T14:04:01Z,-43.56,0.0,172.16,0.0,5.0,0.0,ML,,,,2.8,0.3,5
3542676,2011-07-08T14:59:56Z,-37.85,0.0,177.45,0.0,39.0,2.0,ML,,,,2.6,0.1,6
3542698,2011-07-08T15:41:56Z,-43.59,0.0,172.79,0.0,8.0,0.0,ML,,,,3.2,0.4,9
3542705,2011-07-08T15:59:38Z,-43.58,0.0,172.05,0.0,5.0,0.0,ML,,,,2.6,0.4,7
3542710,2011-07-08T16:12:02Z,-40.92,0.0,174.99,0.0,31.0,1.0,ML,,,,2.1,0.2,4
3542725,2011-07-08T16:49:56Z,-39.53,0.0,175.64,0.0,13.0,1.0,ML,,,,2.4,0.2,18
3542737,2011-07-08T17:17:57Z,-43.61,0.0,172.5,0.0,5.0,0.0,ML,,,,2.5,0.2,4
3542740,2011-07-08T17:24:36Z,-43.59,0.0,172.73,0.0,6.0,1.0,ML,,,,2.7,0.2,5
3542741,2011-07-08T17:30:17Z,-43.6,0.0,172.76,0.0,8.0,0.0,ML,,,,3.7,0.2,15
3542769,2011-07-08T18:30:45Z,-37.75,0.1,176.33,0.1,141.0,7.0,ML,,,,2.8,0.2,4
3542805,2011-07-08T20:10:47Z,-42.98,0.0,171.88,0.0,5.0,0.0,ML,,,,2.4,0.3,3
3542806,2011-07-08T20:13:14Z,-37.84,0.0,176.3,0.0,152.0,3.0,ML,,,,3.6,0.2,18
3542815,2011-07-08T20:26:51Z,-43.49,0.0,172.77,0.0,8.0,1.0,ML,,,,3.6,0.2,19
3542820,2011-07-08T20:41:44Z,-38.93,0.0,177.51,0.0,25.0,2.0,ML,,,,2.6,0.3,10
3542847,2011-07-08T21:43:29Z,-43.6,0.0,172.52,0.0,7.0,1.0,ML,,,,3.3,0.2,12
3542850,2011-07-08T21:49:41Z,-43.52,0.0,172.76,0.0,12.0,0.0,ML,,,,2.9,0.3,7
3542857,2011-07-08T22:10:10Z,-43.51,0.0,172.76,0.0,11.0,1.0,ML,,,,3.1,0.4,7
3542875,2011-07-08T22:50:11Z,-36.84,0.0,177.73,0.0,121.0,4.0,ML,,,,3.6,0.2,10
3542921,2011-07-09T00:45:21Z,-37.09,0.0,177.09,0.0,127.0,6.0,ML,,,,3.5,0.2,7
3542927,2011-07-09T00:59:17Z,-37.85,0.0,176.02,0.0,10.0,1.0,ML,,,,2.1,0.1,5
3542958,2011-07-09T02:14:33Z,-40.92,0.0,172.9,0.0,185.0,3.0,ML,,,,3.3,0.1,4
3542973,2011-07-09T02:52:39Z,-43.64,0.0,172.3,0.0,15.0,4.0,ML,,,,2.5,0.1,3
3616506,2011-07-09T02:54:22Z,-39.61,0.0,177.15,0.0,57.0,2.0,ML,,,,2.7,0.1,4
3542984,2011-07-09T03:21:05Z,-39.8,0.0,176.91,0.0,41.0,2.0,ML,,,,2.4,0.1,7
3542988,2011-07-09T03:31:52Z,-43.58,0.0,172.55,0.0,11.0,2.0,ML,,,,2.3,0.2,3
3542994,2011-07-09T03:33:05Z,-39.71,0.0,176.74,0.0,41.0,2.0,ML,,,,2.7,0.1,9
3543007,2011-07-09T04:05:21Z,-43.62,0.0,172.47,0.0,5.0,0.0,ML,,,,2.6,0.3,5
3543045,2011-07-09T05:24:09Z,-40.41,0.0,174.67,0.0,62.0,4.0,ML,,,,2.7,0.1,6
3543077,2011-07-09T06:15:46Z,-43.63,0.0,172.81,0.0,5.0,0.0,ML,,,,3.6,0.2,10
3543071,2011-07-09T06:16:37Z,-40.2,0.0,173.52,0.0,175.0,4.0,ML,,,,3.6,0.1,17
3618105,2011-07-09T06:17:24Z,-43.61,0.0,172.82,0.0,8.0,2.0,ML,,,,2.7,0.1,5
3543074,2011-07-09T06:22:57Z,-43.56,0.0,172.81,0.0,5.0,0.0,ML,,,,2.7,0.2,6
3543107,2011-07-09T07:30:33Z,-41.34,0.0,174.7,0.0,27.0,1.0,ML,,,,2.2,0.3,5
3543118,2011-07-09T07:53:47Z,-41.92,0.0,173.36,0.0,39.0,3.0,ML,,,,2.7,0.3,3
3543133,2011-07-09T08:20:38Z,-37.16,0.0,177.4,0.0,126.0,4.0,ML,,,,3.9,0.2,27
3543147,2011-07-09T08:53:27Z,-43.54,0.0,172.8,0.0,5.0,0.0,ML,,,,2.9,0.2,7
3543154,2011-07-09T09:06:32Z,-38.59,0.0,177.75,0.0,21.0,1.0,ML,,,,2.9,0.2,11
3543173,2011-07-09T09:42:48Z,-40.42,0.0,176.95,0.0,12.0,0.0,ML,,,,2.5,0.1,6
3543195,2011-07-09T10:36:39Z,-40.16,0.0,175.03,0.0,27.0,2.0,ML,,,,2.7,0.1,10
3543216,2011-07-09T11:18:42Z,-43.57,0.0,172.13,0.0,12.0,0.0,ML,,,,2.7,0.4,4
3543292,2011-07-09T14:07:47Z,-45.01,0.0,167.36,0.0,110.0,3.0,ML,,,,3.3,0.3,7
3543295,2011-07-09T14:16:21Z,-43.48,0.0,172.79,0.0,5.0,0.0,ML,,,,3.4,0.3,10
3543309,2011-07-09T14:54:36Z,-37.26,0.0,176.29,0.1,178.0,4.0,ML,,,,3.6,0.2,8
3543519,2011-07-09T15:29:20Z,-43.2,0.0,170.97,0.0,5.0,0.0,ML,,,,3.0,0.4,7
3543332,2011-07-09T15:46:23Z,-43.55,0.0,172.41,0.0,12.0,2.0,ML,,,,2.1,0.2,2
3543336,2011-07-09T15:55:36Z,-37.68,0.0,179.39,0.0,33.0,0.0,ML,,,,3.4,0.3,5
3543372,2011-07-09T17:27:58Z,-37.94,0.0,176.26,0.1,154.0,4.0,ML,,,,3.4,0.3,6
3543384,2011-07-09T17:58:56Z,-43.6,0.0,172.41,0.0,10.0,1.0,ML,,,,2.6,0.3,6
3543386,2011-07-09T18:06:41Z,-45.35,0.0,167.38,0.0,104.0,3.0,ML,,,,3.1,0.4,5
3543431,2011-07-09T19:54:42Z,-43.65,0.0,172.8,0.0,8.0,2.0,ML,,,,2.6,0.2,4
3543438,2011-07-09T20:14:50Z,-44.16,0.0,169.69,0.0,5.0,0.0,ML,,,,3.5,0.3,14
3543442,2011-07-09T20:27:28Z,-43.18,0.0,171.99,0.0,5.0,0.0,ML,,,,3.2,0.2,10
3543445,2011-07-09T20:35:21Z,-40.05,0.0,176.66,0.0,46.0,2.0,ML,,,,2.4,0.1,5
3543457,2011-07-09T21:05:48Z,-39.74,0.0,176.81,0.0,49.0,1.0,ML,,,,2.7,0.1,10
3543467,2011-07-09T21:30:45Z,-43.59,0.0,172.69,0.0,7.0,1.0,ML,,,,3.0,0.2,6
3543528,2011-07-09T21:31:12Z,-37.12,0.1,179.69,0.1,33.0,0.0,ML,,,,3.8,0.2,7
3543469,2011-07-09T21:38:24Z,-44.53,0.0,168.39,0.0,12.0,0.0,ML,,,,2.9,0.3,9
3653400,2011-07-09T22:23:19Z,-38.23,0.0,176.05,0.0,157.0,5.0,ML,,,,3.4,0.2,13
3543499,2011-07-09T22:52:10Z,-45.14,0.0,167.51,0.0,111.0,4.0,ML,,,,3.3,0.2,9
3543539,2011-07-10T00:29:20Z,-39.27,0.0,175.57,0.0,9.0,0.0,ML,,,,1.5,0.3,2
3543541,2011-07-10T00:33:36Z,-43.43,0.0,172.67,0.0,5.0,0.0,ML,,,,2.6,0.3,4
3543550,2011-07-10T00:52:16Z,-41.42,0.0,172.32,0.0,5.0,0.0,ML,,,,3.2,0.3,10
3543558,2011-07-10T01:12:18Z,-43.57,0.0,172.38,0.0,12.0,0.0,ML,,,,2.3,0.2,3
3543580,2011-07-10T02:01:14Z,-39.93,0.0,176.78,0.0,20.0,3.0,ML,,,,2.6,0.1,12
3543583,2011-07-10T02:09:36Z,-37.98,0.0,177.14,0.0,71.0,1.0,ML,,,,4.2,0.2,47
3543592,2011-07-10T02:34:34Z,-43.58,0.0,172.51,0.0,5.0,0.0,ML,,,,2.6,0.1,5
3543646,2011-07-10T04:54:12Z,-37.93,0.0,176.62,0.0,129.0,3.0,ML,,,,3.2,0.2,5
3543672,2011-07-10T06:05:06Z,-43.64,0.0,172.86,0.0,5.0,0.0,ML,,,,2.8,0.3,5
3543673,2011-07-10T06:09:42Z,-40.53,0.0,174.81,0.0,37.0,2.0,ML,,,,2.7,0.1,15
3543682,2011-07-10T06:33:55Z,-40.56,0.0,175.52,0.0,8.0,1.0,ML,,,,2.1,0.2,7
3543689,2011-07-10T06:51:30Z,-43.6,0.0,171.91,0.0,5.0,0.0,ML,,,,2.6,0.4,8
3543703,2011-07-10T07:33:18Z,-40.8,0.0,174.53,0.0,48.0,2.0,ML,,,,2.3,0.1,6
3543706,2011-07-10T07:42:27Z,-40.76,0.0,176.24,0.0,31.0,1.0,ML,,,,3.0,0.2,19
3543719,2011-07-10T08:12:08Z,-37.15,0.1,176.94,0.1,154.0,4.0,ML,,,,2.8,0.2,4
3543725,2011-07-10T08:27:03Z,-38.04,0.0,177.08,0.0,64.0,3.0,ML,,,,2.8,0.1,4
3543746,2011-07-10T09:25:15Z,-44.87,0.0,167.6,0.0,77.0,2.0,ML,,,,3.2,0.2,12
3543806,2011-07-10T11:57:23Z,-39.93,0.0,176.81,0.0,33.0,2.0,ML,,,,2.5,0.2,8
3543819,2011-07-10T12:35:03Z,-42.24,0.0,173.94,0.0,25.0,2.0,ML,,,,2.7,0.3,7
3543845,2011-07-10T13:37:40Z,-38.47,0.0,178.87,0.0,33.0,0.0,ML,,,,2.7,0.1,5
3543855,2011-07-10T14:06:10Z,-40.37,0.0,176.35,0.0,32.0,1.0,ML,,,,2.5,0.2,10
3543878,2011-07-10T15:04:58Z,-43.66,0.0,172.88,0.0,5.0,0.0,ML,,,,3.1,0.2,5
3543886,2011-07-10T15:31:08Z,-43.6,0.0,172.74,0.0,8.0,1.0,ML,,,,3.3,0.2,7
3543890,2011-07-10T15:42:35Z,-43.59,0.0,172.74,0.0,7.0,1.0,ML,,,,3.2,0.3,8
3543897,2011-07-10T15:54:56Z,-37.23,0.1,176.13,0.1,204.0,10.0,ML,,,,3.2,0.3,4
3543932,2011-07-10T17:08:58Z,-36.15,0.0,177.85,0.0,201.0,4.0,ML,,,,4.4,0.1,30
3543951,2011-07-10T17:55:46Z,-43.56,0.0,172.39,0.0,7.0,1.0,ML,,,,3.5,0.2,15
3543962,2011-07-10T18:23:18Z,-39.94,0.0,176.53,0.0,32.0,2.0,ML,,,,2.2,0.1,4
3543983,2011-07-10T19:18:56Z,-43.59,0.0,172.51,0.0,8.0,1.0,ML,,,,3.7,0.2,16
3543996,2011-07-10T19:54:45Z,-40.38,0.0,176.77,0.0,12.0,0.0,ML,,,,2.4,0.2,5
3544000,2011-07-10T20:06:28Z,-43.4,0.0,172.18,0.0,5.0,0.0,ML,,,,2.9,0.3,7
3544010,2011-07-10T20:27:39Z,-41.6,0.0,174.45,0.0,12.0,0.0,ML,,,,2.4,0.4,5
3544021,2011-07-10T21:02:05Z,-43.36,0.0,172.2,0.0,5.0,0.0,ML,,,,3.2,0.3,10
3544030,2011-07-10T21:25:30Z,-40.26,0.0,173.48,0.1,184.0,4.0,ML,,,,3.3,0.2,5
3544060,2011-07-10T22:47:40Z,-43.48,0.0,172.78,0.0,5.0,0.0,ML,,,,2.9,0.3,7
3544064,2011-07-10T22:58:10Z,-44.73,0.0,167.97,0.0,93.0,3.0,ML,,,,3.1,0.2,5
3544095,2011-07-11T00:13:08Z,-43.56,0.0,172.62,0.0,8.0,0.0,Mw,3.9,nan,0,4.2,0.3,40
3544100,2011-07-11T00:27:59Z,-43.68,0.0,172.77,0.0,7.0,1.0,ML,,,,3.2,0.3,10
3544135,2011-07-11T01:56:23Z,-38.59,0.0,175.74,0.0,184.0,3.0,ML,,,,3.4,0.1,6
3544138,2011-07-11T02:05:00Z,-43.57,0.0,172.38,0.0,5.0,0.0,ML,,,,2.9,0.4,6
3544149,2011-07-11T02:28:14Z,-40.7,0.0,174.48,0.0,71.0,3.0,ML,,,,2.5,0.1,5
3544164,2011-07-11T03:09:40Z,-35.89,0.1,178.1,0.1,33.0,0.0,ML,,,,4.5,0.2,10
3623001,2011-07-11T03:53:14Z,-39.91,0.0,176.91,0.1,28.0,4.0,ML,,,,2.5,0.1,4
3544188,2011-07-11T03:54:27Z,-43.59,0.0,172.51,0.0,5.0,0.0,ML,,,,2.9,0.2,6
3544241,2011-07-11T05:37:29Z,-43.52,0.0,172.18,0.0,5.0,0.0,ML,,,,2.6,0.4,5
3544243,2011-07-11T05:44:31Z,-40.04,0.0,176.2,0.0,29.0,1.0,ML,,,,2.9,0.2,34
3544246,2011-07-11T05:54:45Z,-37.49,0.0,178.01,0.0,48.0,2.0,ML,,,,3.1,0.2,7
3544255,2011-07-11T06:15:01Z,-43.58,0.0,172.73,0.0,5.0,0.0,ML,,,,2.8,0.4,4
3623371,2011-07-11T06:16:46Z,-42.25,0.0,174.02,0.1,22.0,3.0,ML,,,,2.8,0.4,6
3544257,2011-07-11T06:17:46Z,-39.73,0.0,176.87,0.0,47.0,2.0,ML,,,,2.5,0.2,8
3544260,2011-07-11T06:25:15Z,-39.45,0.0,177.14,0.0,32.0,1.0,ML,,,,2.7,0.1,11
3544265,2011-07-11T06:34:53Z,-43.58,0.0,172.35,0.0,5.0,0.0,ML,,,,2.4,0.2,4
3544279,2011-07-11T07:06:10Z,-43.6,0.0,172.52,0.0,5.0,0.0,ML,,,,2.8,0.3,4
3544307,2011-07-11T08:22:16Z,-43.52,0.0,172.78,0.0,5.0,2.0,ML,,,,2.6,0.2,5
3544318,2011-07-11T08:56:15Z,-39.49,0.0,177.04,0.0,32.0,1.0,ML,,,,2.4,0.2,8
3544345,2011-07-11T10:15:43Z,-40.65,0.0,176.03,0.0,25.0,1.0,ML,,,,3.7,0.3,49
3544353,2011-07-11T10:40:15Z,-42.26,0.0,174.02,0.0,12.0,0.0,ML,,,,3.0,0.3,11
3544391,2011-07-11T12:12:34Z,-38.07,0.0,176.25,0.0,137.0,5.0,ML,,,,3.2,0.3,20
3544396,2011-07-11T12:22:33Z,-43.51,0.0,172.15,0.0,5.0,0.0,ML,,,,3.0,0.4,6
3544405,2011-07-11T12:41:45Z,-39.11,0.0,177.49,0.0,26.0,3.0,ML,,,,2.3,0.1,6
3544414,2011-07-11T13:00:54Z,-39.52,0.0,175.68,0.0,12.0,1.0,ML,,,,2.0,0.1,7
3544429,2011-07-11T13:39:46Z,-39.22,0.0,176.08,0.0,5.0,0.0,ML,,,,3.1,0.2,49
3544437,2011-07-11T14:05:09Z,-43.63,0.0,172.73,0.0,9.0,1.0,ML,,,,3.4,0.2,12
3544443,2011-07-11T14:25:19Z,-38.5,0.0,176.67,0.0,64.0,2.0,ML,,,,2.8,0.2,9
3544449,2011-07-11T14:39:38Z,-38.74,0.0,178.05,0.0,30.0,2.0,ML,,,,2.2,0.1,7
3544454,2011-07-11T14:52:19Z,-39.61,0.0,177.12,0.0,30.0,1.0,ML,,,,2.4,0.1,8
3544457,2011-07-11T15:00:49Z,-44.55,0.0,167.51,0.0,12.0,0.0,ML,,,,3.1,0.4,7
3544468,2011-07-11T15:30:23Z,-43.14,0.0,171.99,0.0,5.0,0.0,ML,,,,3.0,0.2,6
3544472,2011-07-11T15:41:34Z,-38.36,0.0,177.1,0.0,65.0,4.0,ML,,,,2.4,0.1,4
3544473,2011-07-11T15:46:58Z,-45.1,0.0,167.42,0.0,116.0,2.0,ML,,,,3.1,0.3,8
3544496,2011-07-11T17:03:16Z,-38.92,0.0,177.53,0.0,27.0,2.0,ML,,,,2.4,0.2,7
3544513,2011-07-11T17:51:29Z,-43.35,0.0,172.06,0.0,9.0,1.0,ML,,,,2.4,0.2,4
3544516,2011-07-11T18:04:29Z,-40.88,0.0,174.76,0.0,18.0,2.0,ML,,,,2.3,0.2,10
3544520,2011-07-11T18:14:09Z,-45.5,0.0,167.23,0.0,104.0,3.0,ML,,,,3.0,0.2,5
3544549,2011-07-11T19:42:48Z,-40.56,0.0,176.76,0.0,22.0,2.0,ML,,,,2.6,0.1,8
3544578,2011-07-11T20:50:16Z,-44.44,0.0,168.31,0.0,12.0,0.0,ML,,,,2.9,0.3,7
3544686,2011-07-11T20:52:09Z,-43.68,0.0,172.83,0.0,9.0,1.0,ML,,,,3.3,0.2,10
3544579,2011-07-11T20:53:27Z,-43.65,0.0,172.89,0.0,5.0,0.0,ML,,,,2.5,0.2,3
3544580,2011-07-11T20:56:49Z,-43.52,0.0,172.69,0.0,8.0,1.0,ML,,,,2.7,0.4,6
3544600,2011-07-11T21:43:05Z,-43.53,0.0,172.66,0.0,9.0,1.0,ML,,,,2.9,0.3,7
3544625,2011-07-11T22:34:28Z,-44.54,0.0,168.6,0.0,5.0,0.0,ML,,,,2.6,0.3,5
3544631,2011-07-11T22:48:28Z,-43.59,0.0,172.65,0.0,8.0,1.0,ML,,,,2.4,0.3,5
3544658,2011-07-11T23:52:33Z,-37.38,0.1,177.47,0.1,87.0,9.0,ML,,,,2.9,0.1,3
3544660,2011-07-12T00:00:41Z,-41.66,0.0,174.34,0.0,12.0,0.0,ML,,,,2.7,0.4,6
3544661,2011-07-12T00:03:09Z,-40.14,0.0,174.92,0.0,25.0,2.0,ML,,,,2.9,0.1,15
3544664,2011-07-12T00:09:35Z,-42.25,0.0,174.05,0.0,12.0,0.0,ML,,,,2.9,0.3,7
3544695,2011-07-12T01:31:01Z,-40.62,0.0,174.55,0.0,45.0,3.0,ML,,,,2.6,0.1,4
3544813,2011-07-12T04:02:40Z,-43.78,0.0,172.95,0.0,5.0,0.0,ML,,,,3.0,0.1,5
3544841,2011-07-12T04:56:53Z,-43.57,0.0,172.41,0.0,12.0,0.0,ML,,,,2.5,0.1,4
3544958,2011-07-12T09:37:42Z,-39.21,0.0,174.44,0.0,24.0,1.0,ML,,,,2.8,0.2,5
3545003,2011-07-12T11:27:19Z,-37.8,0.0,178.14,0.0,33.0,0.0,ML,,,,2.4,0.1,4
3545023,2011-07-12T12:27:37Z,-41.69,0.0,174.1,0.0,33.0,1.0,ML,,,,2.4,0.1,5
3545040,2011-07-12T13:00:25Z,-36.48,0.1,177.79,0.1,129.0,12.0,ML,,,,3.5,0.1,8
3545115,2011-07-12T16:33:23Z,-38.33,0.0,176.39,0.0,5.0,0.0,ML,,,,1.9,0.1,6
3651264,2011-07-12T17:53:36Z,-42.06,0.0,173.08,0.0,5.0,0.0,ML,,,,2.7,0.2,5
3545148,2011-07-12T18:01:48Z,-44.29,0.0,168.14,0.0,5.0,0.0,ML,,,,3.0,0.2,8
3545200,2011-07-12T20:29:05Z,-43.57,0.0,172.74,0.0,5.0,0.0,ML,,,,2.6,0.2,4
3545210,2011-07-12T20:51:36Z,-43.62,0.0,171.77,0.0,5.0,0.0,ML,,,,2.9,0.2,7
3545243,2011-07-12T22:14:24Z,-40.34,0.0,176.8,0.0,15.0,0.0,ML,,,,2.4,0.1,6
3545255,2011-07-12T22:37:27Z,-37.73,0.0,176.93,0.0,123.0,3.0,ML,,,,3.3,0.1,5
3545314,2011-07-13T00:28:08Z,-43.51,0.0,172.3,0.0,5.0,0.0,ML,,,,2.9,0.3,7
3545350,2011-07-13T01:54:18Z,-37.45,0.1,176.23,0.1,171.0,6.0,ML,,,,3.6,0.2,6
3545357,2011-07-13T02:12:25Z,-40.25,0.0,177.03,0.0,5.0,0.0,ML,,,,2.6,0.2,4
3545403,2011-07-13T03:56:24Z,-40.22,0.0,177.12,0.0,5.0,0.0,ML,,,,2.3,0.2,6
3545418,2011-07-13T04:22:34Z,-43.58,0.0,172.68,0.0,9.0,0.0,ML,,,,3.6,0.2,18
3545442,2011-07-13T05:07:55Z,-39.32,0.0,175.52,0.0,85.0,4.0,ML,,,,2.7,0.1,3
3545449,2011-07-13T05:22:36Z,-40.78,0.0,175.1,0.0,32.0,1.0,ML,,,,2.4,0.1,8
3545501,2011-07-13T07:29:00Z,-43.58,0.0,172.61,0.0,4.0,1.0,ML,,,,3.1,0.3,7
3545546,2011-07-13T09:33:41Z,-43.57,0.0,172.6,0.0,5.0,1.0,ML,,,,2.5,0.1,4
3545549,2011-07-13T09:45:27Z,-45.03,0.0,167.53,0.0,77.0,2.0,ML,,,,2.9,0.2,7
3545564,2011-07-13T10:21:37Z,-39.95,0.0,176.88,0.0,31.0,3.0,ML,,,,2.3,0.1,4
3545574,2011-07-13T10:49:37Z,-40.89,0.0,174.74,0.0,42.0,1.0,ML,,,,2.2,0.1,3
3545604,2011-07-13T12:08:41Z,-39.84,0.0,176.9,0.0,36.0,2.0,ML,,,,2.5,0.2,4
3545612,2011-07-13T12:27:14Z,-43.64,0.0,172.84,0.0,7.0,1.0,ML,,,,3.4,0.2,10
3545716,2011-07-13T17:19:29Z,-44.43,0.0,168.05,0.0,5.0,0.0,ML,,,,3.4,0.2,13
3545749,2011-07-13T18:51:44Z,-43.5,0.0,172.79,0.0,10.0,2.0,ML,,,,2.2,0.3,3
3545753,2011-07-13T19:01:33Z,-41.17,0.1,172.79,0.0,118.0,3.0,ML,,,,2.5,0.0,2
3545785,2011-07-13T20:28:48Z,-43.48,0.0,172.68,0.0,5.0,0.0,ML,,,,3.2,0.2,7
3545795,2011-07-13T20:55:53Z,-43.58,0.0,172.78,0.0,7.0,1.0,ML,,,,2.8,0.2,4
3545812,2011-07-13T21:47:20Z,-41.56,0.0,172.88,0.0,81.0,4.0,ML,,,,3.0,0.2,3
3545821,2011-07-13T22:14:19Z,-43.57,0.0,172.21,0.0,16.0,3.0,ML,,,,2.6,0.1,5
3545835,2011-07-13T23:02:51Z,-43.63,0.0,172.8,0.0,7.0,0.0,ML,,,,2.5,0.3,3
3545838,2011-07-13T23:13:02Z,-37.78,0.0,176.74,0.0,5.0,0.0,ML,,,,2.3,0.1,5
3545843,2011-07-13T23:27:23Z,-43.65,0.0,172.75,0.0,5.0,0.0,ML,,,,2.6,0.1,4
3545893,2011-07-14T01:39:46Z,-40.21,0.0,174.69,0.0,67.0,7.0,ML,,,,2.6,0.1,5
3545914,2011-07-14T02:28:07Z,-40.05,0.0,176.73,0.0,47.0,2.0,ML,,,,2.9,0.2,14
3545922,2011-07-14T02:42:14Z,-38.06,0.0,176.08,0.0,134.0,4.0,ML,,,,3.5,0.1,22
3545927,2011-07-14T02:50:45Z,-43.6,0.0,172.41,0.0,9.0,1.0,ML,,,,2.9,0.2,6
3545941,2011-07-14T03:22:19Z,-43.61,0.0,172.79,0.0,8.0,1.0,ML,,,,2.8,0.3,5
3623433,2011-07-14T03:29:12Z,-37.61,0.0,178.24,0.0,47.0,2.0,ML,,,,2.7,0.1,4
3545942,2011-07-14T03:29:48Z,-40.76,0.0,174.51,0.0,74.0,3.0,ML,,,,2.6,0.1,4
3545990,2011-07-14T05:36:08Z,-40.35,0.0,176.44,0.0,20.0,2.0,ML,,,,2.1,0.2,8
3546008,2011-07-14T06:32:04Z,-39.87,0.0,176.71,0.0,49.0,2.0,ML,,,,2.3,0.2,5
3546012,2011-07-14T06:43:49Z,-41.1,0.0,173.45,0.0,95.0,3.0,ML,,,,3.0,0.1,7
3546025,2011-07-14T07:30:28Z,-37.36,0.0,177.42,0.0,5.0,0.0,ML,,,,3.2,0.2,12
3546043,2011-07-14T08:15:21Z,-39.24,0.0,176.76,0.0,42.0,2.0,ML,,,,2.7,0.1,12
3546054,2011-07-14T08:48:10Z,-38.57,0.0,177.85,0.0,12.0,0.0,ML,,,,2.1,0.2,6
3546058,2011-07-14T09:04:13Z,-43.56,0.0,172.61,0.0,4.0,0.0,ML,,,,2.6,0.2,3
3546068,2011-07-14T09:32:40Z,-40.66,0.0,175.82,0.0,22.0,1.0,ML,,,,2.2,0.1,6
3546080,2011-07-14T10:04:56Z,-38.57,0.0,177.89,0.0,18.0,3.0,ML,,,,2.2,0.2,6
3546084,2011-07-14T10:11:39Z,-43.59,0.0,172.54,0.0,6.0,1.0,ML,,,,3.4,0.1,11
3546093,2011-07-14T10:36:44Z,-43.47,0.0,172.15,0.0,5.0,0.0,ML,,,,2.9,0.3,6
3546095,2011-07-14T10:43:25Z,-37.72,0.0,177.57,0.0,43.0,2.0,ML,,,,2.8,0.2,8
3546118,2011-07-14T11:50:20Z,-37.61,0.0,176.44,0.0,5.0,0.0,ML,,,,2.6,0.3,5
3546130,2011-07-14T12:27:35Z,-38.57,0.0,177.88,0.0,16.0,2.0,ML,,,,2.6,0.1,13
3546131,2011-07-14T12:32:08Z,-40.88,0.0,176.16,0.0,27.0,1.0,ML,,,,2.1,0.2,5
3546153,2011-07-14T13:27:17Z,-42.98,0.0,171.43,0.0,6.0,2.0,ML,,,,3.0,0.3,6
3546157,2011-07-14T13:36:09Z,-38.66,0.0,175.52,0.1,147.0,7.0,ML,,,,3.2,0.4,10
3547889,2011-07-14T13:59:43Z,-43.59,0.0,172.22,0.0,5.0,0.0,ML,,,,2.4,0.1,5
3546166,2011-07-14T14:00:11Z,-42.98,0.0,171.44,0.0,5.0,0.0,ML,,,,2.9,0.2,5
3546173,2011-07-14T14:22:47Z,-44.79,0.0,168.72,0.0,5.0,0.0,ML,,,,2.5,0.3,9
3546180,2011-07-14T14:42:34Z,-37.59,0.0,177.63,0.0,88.0,3.0,ML,,,,2.9,0.1,3
3546192,2011-07-14T15:16:00Z,-39.22,0.0,173.86,0.0,20.0,1.0,ML,,,,2.5,0.1,4
3546200,2011-07-14T15:38:02Z,-39.78,0.0,175.96,0.0,5.0,0.0,ML,,,,2.4,0.2,7
3546235,2011-07-14T17:06:01Z,-45.04,0.0,167.51,0.0,80.0,3.0,ML,,,,2.8,0.3,7
3546363,2011-07-14T17:26:03Z,-39.26,0.1,175.18,0.0,165.0,7.0,ML,,,,3.2,0.1,7
3546282,2011-07-14T19:25:07Z,-42.3,0.0,174.18,0.0,12.0,0.0,ML,,,,3.0,0.3,6
3546286,2011-07-14T19:37:24Z,-43.02,0.0,171.74,0.0,5.0,0.0,ML,,,,3.1,0.2,6
3546293,2011-07-14T20:02:47Z,-43.34,0.0,172.01,0.0,9.0,1.0,ML,,,,3.5,0.2,13
3546296,2011-07-14T20:11:49Z,-40.15,0.0,176.31,0.0,47.0,1.0,ML,,,,2.6,0.2,8
3546301,2011-07-14T20:28:11Z,-39.36,0.0,177.57,0.0,30.0,2.0,ML,,,,2.5,0.1,6
3546379,2011-07-14T20:28:23Z,-45.27,0.0,167.3,0.0,123.0,4.0,ML,,,,3.1,0.1,6
3546304,2011-07-14T20:38:23Z,-39.88,0.0,176.75,0.0,38.0,2.0,ML,,,,2.4,0.1,6
3546322,2011-07-14T21:39:20Z,-41.34,0.0,175.72,0.0,14.0,1.0,ML,,,,2.1,0.1,9
3546347,2011-07-14T22:46:35Z,-38.78,0.0,177.86,0.0,28.0,2.0,ML,,,,2.5,0.2,6
3546385,2011-07-15T00:05:53Z,-43.52,0.0,172.72,0.0,12.0,0.0,ML,,,,2.5,0.2,4
3546388,2011-07-15T00:14:57Z,-43.54,0.0,172.16,0.0,5.0,0.0,ML,,,,2.5,0.2,5
3546402,2011-07-15T00:54:33Z,-40.32,0.0,176.59,0.0,15.0,1.0,ML,,,,3.6,0.2,45
3546410,2011-07-15T01:14:49Z,-38.79,0.0,175.49,0.0,5.0,0.0,ML,,,,2.3,0.1,13
3546415,2011-07-15T01:28:16Z,-44.17,0.0,168.57,0.0,5.0,0.0,ML,,,,2.9,0.2,3
3546422,2011-07-15T01:49:55Z,-40.32,0.0,176.58,0.0,12.0,0.0,ML,,,,2.3,0.2,8
3546423,2011-07-15T01:54:52Z,-44.95,0.0,167.6,0.0,73.0,2.0,ML,,,,2.4,0.1,5
3546442,2011-07-15T02:48:51Z,-38.37,0.0,178.62,0.1,29.0,5.0,ML,,,,2.3,0.2,4
3546444,2011-07-15T02:58:34Z,-44.54,0.0,168.41,0.0,5.0,0.0,ML,,,,2.7,0.1,3
3546454,2011-07-15T03:21:37Z,-39.76,0.0,176.91,0.0,50.0,2.0,ML,,,,2.9,0.1,15
3546475,2011-07-15T04:11:16Z,-40.17,0.0,176.59,0.0,50.0,1.0,ML,,,,2.4,0.1,8
3546476,2011-07-15T04:14:56Z,-43.57,0.0,172.6,0.0,5.0,0.0,ML,,,,2.9,0.1,3
3546488,2011-07-15T04:47:15Z,-38.07,0.0,176.73,0.0,5.0,0.0,ML,,,,1.6,0.1,3
3546513,2011-07-15T05:59:26Z,-40.17,0.0,174.34,0.0,33.0,0.0,ML,,,,2.9,0.2,22
3546520,2011-07-15T06:22:59Z,-40.35,0.0,176.63,0.0,24.0,2.0,ML,,,,4.4,0.2,92
3546521,2011-07-15T06:26:31Z,-40.37,0.0,176.68,0.0,12.0,0.0,ML,,,,3.3,0.2,39
3546528,2011-07-15T06:42:36Z,-40.36,0.0,176.61,0.0,18.0,1.0,ML,,,,2.6,0.1,16
3546533,2011-07-15T06:52:22Z,-46.4,0.0,166.43,0.1,12.0,0.0,ML,,,,3.2,0.1,7
3546535,2011-07-15T07:00:05Z,-43.6,0.0,172.72,0.0,9.0,1.0,ML,,,,2.9,0.1,4
3546541,2011-07-15T07:11:30Z,-45.36,0.0,170.0,0.0,5.0,0.0,ML,,,,2.5,0.3,6
3546560,2011-07-15T08:02:55Z,-40.41,0.0,176.67,0.0,26.0,1.0,ML,,,,3.2,0.2,32
3546565,2011-07-15T08:19:36Z,-40.32,0.0,176.59,0.0,15.0,2.0,ML,,,,2.4,0.1,12
3546613,2011-07-15T10:10:53Z,-39.59,0.0,175.64,0.0,12.0,0.0,ML,,,,1.8,0.2,5
3546648,2011-07-15T11:42:51Z,-40.38,0.0,176.82,0.0,12.0,0.0,ML,,,,2.1,0.1,5
3546710,2011-07-15T14:11:16Z,-43.58,0.0,172.66,0.0,5.0,0.0,ML,,,,2.7,0.4,6
3546715,2011-07-15T14:26:20Z,-43.18,0.0,172.01,0.0,5.0,0.0,ML,,,,2.6,0.3,4
3546733,2011-07-15T15:17:22Z,-40.92,0.0,176.01,0.0,30.0,1.0,ML,,,,2.0,0.1,6
3546763,2011-07-15T16:52:33Z,-43.18,0.0,172.02,0.0,9.0,1.0,ML,,,,2.7,0.2,5
3546777,2011-07-15T17:35:37Z,-37.81,0.0,176.77,0.0,5.0,0.0,ML,,,,1.8,0.2,6
3546789,2011-07-15T18:09:51Z,-40.41,0.0,173.81,0.0,100.0,4.0,ML,,,,2.5,0.2,4
3546792,2011-07-15T18:17:59Z,-39.96,0.0,174.97,0.0,27.0,2.0,ML,,,,2.3,0.1,5
3546796,2011-07-15T18:27:26Z,-40.49,0.0,175.83,0.0,27.0,1.0,ML,,,,2.7,0.2,12
3546813,2011-07-15T19:17:38Z,-43.17,0.0,172.07,0.0,5.0,0.0,ML,,,,2.6,0.2,4
3625504,2011-07-15T19:18:46Z,-40.28,0.0,174.2,0.0,99.0,7.0,ML,,,,2.3,0.0,2
3546816,2011-07-15T19:27:34Z,-43.61,0.0,172.56,0.0,10.0,1.0,ML,,,,2.8,0.3,5
3546826,2011-07-15T19:59:25Z,-38.48,0.0,175.71,0.1,149.0,4.0,ML,,,,3.1,0.3,11
3546829,2011-07-15T20:07:55Z,-38.16,0.0,178.29,0.0,21.0,2.0,ML,,,,2.0,0.1,5
3546853,2011-07-15T21:24:44Z,-40.98,0.0,174.68,0.0,34.0,1.0,ML,,,,2.7,0.1,13
3546887,2011-07-15T23:11:40Z,-43.56,0.0,172.77,0.0,11.0,0.0,Mw,3.9,nan,0,4.3,0.3,21
3625536,2011-07-15T23:12:51Z,-38.4,0.0,176.0,0.0,166.0,4.0,ML,,,,3.8,0.1,34
3546904,2011-07-15T23:48:20Z,-37.62,0.0,179.75,0.0,33.0,0.0,ML,,,,3.3,0.3,5
3546905,2011-07-15T23:51:11Z,-38.01,0.0,176.29,0.0,148.0,3.0,ML,,,,3.6,0.2,29
3546931,2011-07-16T00:51:08Z,-40.05,0.0,176.54,0.0,48.0,2.0,ML,,,,2.6,0.2,5
3546938,2011-07-16T01:09:01Z,-43.61,0.0,172.67,0.0,8.0,1.0,ML,,,,2.4,0.3,4
3546940,2011-07-16T01:15:17Z,-43.44,0.0,172.68,0.0,5.0,0.0,ML,,,,2.6,0.1,4
3546957,2011-07-16T02:01:41Z,-36.18,0.1,178.8,0.2,33.0,0.0,ML,,,,4.0,0.2,14
3546969,2011-07-16T02:35:44Z,-40.32,0.0,176.65,0.0,22.0,2.0,ML,,,,2.2,0.2,7
3546974,2011-07-16T02:46:45Z,-41.68,0.0,172.04,0.0,12.0,0.0,ML,,,,2.5,0.4,4
3625481,2011-07-16T02:48:44Z,-36.08,0.1,178.55,0.2,33.0,0.0,ML,,,,3.5,0.3,3
3546977,2011-07-16T02:58:45Z,-36.56,0.1,177.01,0.1,224.0,9.0,ML,,,,3.5,0.1,7
3546984,2011-07-16T03:18:07Z,-39.67,0.0,175.31,0.0,76.0,2.0,ML,,,,2.3,0.2,2
3546988,2011-07-16T03:34:07Z,-41.8,0.0,173.94,0.0,12.0,0.0,ML,,,,2.9,0.1,15
3546996,2011-07-16T03:58:32Z,-45.16,0.0,167.28,0.0,77.0,2.0,ML,,,,3.2,0.2,8
3547000,2011-07-16T04:04:19Z,-37.65,0.0,177.04,0.1,124.0,5.0,ML,,,,2.9,0.2,4
3547009,2011-07-16T04:32:31Z,-41.77,0.0,172.02,0.0,12.0,0.0,ML,,,,2.2,0.4,3
3625491,2011-07-16T04:33:04Z,-36.21,0.1,177.99,0.2,33.0,0.0,ML,,,,3.3,0.2,5
3547017,2011-07-16T04:53:23Z,-40.79,0.0,175.61,0.0,12.0,0.0,ML,,,,1.8,0.1,5
3625496,2011-07-16T04:54:44Z,-40.39,0.0,176.58,0.0,29.0,2.0,ML,,,,2.1,0.2,6
3547022,2011-07-16T05:09:17Z,-37.14,0.1,179.81,0.0,33.0,0.0,ML,,,,3.0,0.2,4
3547026,2011-07-16T05:19:07Z,-37.34,0.0,179.71,0.1,33.0,0.0,ML,,,,3.4,0.1,8
3547036,2011-07-16T05:46:08Z,-39.74,0.0,176.81,0.0,41.0,2.0,ML,,,,2.6,0.1,13
3547047,2011-07-16T06:12:32Z,-40.15,0.0,176.37,0.0,54.0,1.0,ML,,,,2.4,0.2,9
3547053,2011-07-16T06:28:06Z,-43.58,0.0,172.36,0.0,5.0,0.0,ML,,,,2.7,0.3,6
3547066,2011-07-16T06:58:55Z,-38.57,0.0,177.84,0.0,12.0,0.0,ML,,,,1.9,0.1,4
3547069,2011-07-16T07:07:17Z,-42.44,0.0,173.11,0.0,12.0,0.0,ML,,,,3.0,0.4,8
3547090,2011-07-16T08:01:04Z,-41.37,0.0,173.0,0.0,86.0,5.0,ML,,,,2.3,0.1,2
3547114,2011-07-16T09:09:16Z,-38.32,0.1,176.17,0.2,179.0,14.0,ML,,,,3.1,0.4,9
3625555,2011-07-16T09:09:47Z,-38.54,0.1,176.41,0.1,59.0,7.0,ML,,,,2.4,0.1,3
3547117,2011-07-16T09:22:16Z,-39.23,0.0,175.43,0.0,12.0,0.0,ML,,,,1.3,0.1,2
3547123,2011-07-16T09:40:15Z,-39.21,0.0,178.15,0.0,12.0,0.0,ML,,,,2.5,0.2,4
3547141,2011-07-16T10:33:56Z,-39.17,0.0,177.38,0.0,28.0,1.0,ML,,,,2.8,0.2,14
3547143,2011-07-16T10:36:33Z,-38.4,0.0,175.93,0.0,157.0,4.0,ML,,,,3.6,0.2,37
3547152,2011-07-16T11:13:48Z,-38.37,0.0,178.65,0.0,33.0,0.0,ML,,,,2.5,0.1,7
3547154,2011-07-16T11:18:44Z,-40.84,0.0,174.72,0.0,12.0,2.0,ML,,,,2.4,0.2,5
3547179,2011-07-16T12:28:21Z,-43.55,0.0,172.5,0.0,5.0,0.0,ML,,,,2.5,0.3,5
3547182,2011-07-16T12:40:21Z,-40.85,0.0,172.73,0.0,5.0,0.0,ML,,,,2.9,0.2,8
3547184,2011-07-16T12:46:54Z,-43.64,0.0,172.48,0.0,10.0,1.0,ML,,,,3.4,0.2,10
3547186,2011-07-16T12:53:03Z,-40.84,0.0,172.74,0.0,5.0,0.0,ML,,,,2.5,0.4,4
3547197,2011-07-16T13:25:50Z,-41.8,0.0,174.29,0.0,12.0,1.0,ML,,,,2.0,0.4,4
3625583,2011-07-16T13:27:11Z,-37.96,0.0,176.86,0.0,5.0,0.0,ML,,,,1.9,nan,1
3625588,2011-07-16T13:41:39Z,-42.57,0.0,174.29,0.0,5.0,0.0,ML,,,,2.9,0.3,9
3547208,2011-07-16T14:00:24Z,-43.54,0.0,172.26,0.0,11.0,1.0,Mw,3.7,nan,0,4.0,0.2,33
3547219,2011-07-16T14:42:21Z,-37.32,0.1,176.84,0.2,240.0,10.0,ML,,,,3.0,0.2,5
3547222,2011-07-16T14:52:39Z,-37.55,0.0,176.43,0.0,216.0,4.0,ML,,,,4.3,0.2,51
3547238,2011-07-16T15:43:38Z,-39.34,0.0,174.71,0.0,33.0,0.0,ML,,,,1.9,0.1,5
3547248,2011-07-16T16:19:34Z,-38.79,0.0,177.87,0.0,29.0,2.0,ML,,,,2.3,0.2,4
3547253,2011-07-16T16:33:14Z,-43.59,0.0,172.76,0.0,8.0,0.0,ML,,,,3.1,0.2,4
3547267,2011-07-16T17:19:10Z,-38.77,0.0,175.46,0.0,5.0,0.0,ML,,,,1.6,0.2,4
3626022,2011-07-16T17:21:04Z,-38.98,0.0,177.49,0.0,31.0,1.0,ML,,,,2.3,0.1,4
3547268,2011-07-16T17:23:26Z,-43.63,0.0,172.82,0.1,12.0,0.0,ML,,,,2.9,0.2,5
3547280,2011-07-16T17:56:31Z,-40.4,0.0,176.75,0.0,21.0,3.0,ML,,,,2.3,0.2,5
3547295,2011-07-16T18:35:16Z,-35.63,0.1,178.0,0.1,182.0,10.0,ML,,,,3.4,0.3,7
3547297,2011-07-16T18:39:43Z,-43.59,0.0,172.37,0.0,10.0,2.0,ML,,,,2.6,0.1,5
3547310,2011-07-16T19:33:41Z,-40.57,0.0,174.54,0.0,33.0,0.0,ML,,,,2.1,0.2,6
3547325,2011-07-16T20:15:14Z,-43.63,0.0,172.82,0.0,5.0,0.0,ML,,,,2.6,0.3,5
3547351,2011-07-16T21:27:46Z,-39.23,0.0,174.82,0.0,24.0,1.0,ML,,,,2.4,0.2,7
3547375,2011-07-16T22:38:05Z,-43.42,0.0,172.15,0.0,5.0,0.0,ML,,,,2.8,0.2,4
3547380,2011-07-16T22:56:05Z,-43.6,0.0,172.61,0.0,5.0,0.0,ML,,,,2.7,0.3,3
3547389,2011-07-16T23:20:31Z,-37.78,0.0,176.78,0.0,5.0,0.0,ML,,,,2.1,0.3,6
3547413,2011-07-17T00:33:02Z,-40.16,0.0,176.52,0.0,43.0,3.0,ML,,,,2.3,0.2,5
3547423,2011-07-17T01:06:22Z,-40.72,0.0,174.53,0.0,53.0,3.0,ML,,,,2.8,0.1,15
3547429,2011-07-17T01:26:03Z,-45.05,0.0,167.38,0.0,109.0,3.0,ML,,,,2.8,0.2,9
3547445,2011-07-17T02:11:31Z,-41.48,0.0,174.51,0.0,26.0,2.0,ML,,,,2.2,0.3,6
3547465,2011-07-17T03:07:58Z,-40.27,0.0,174.19,0.0,116.0,5.0,ML,,,,2.6,0.2,4
3547468,2011-07-17T03:18:02Z,-45.11,0.0,167.43,0.0,117.0,3.0,ML,,,,2.9,0.2,9
3547469,2011-07-17T03:21:32Z,-40.23,0.0,176.52,0.0,50.0,2.0,ML,,,,2.4,0.1,9
3547470,2011-07-17T03:24:23Z,-40.06,0.0,176.69,0.0,51.0,2.0,ML,,,,2.3,0.1,5
3625568,2011-07-17T03:24:59Z,-39.54,0.0,175.67,0.0,17.0,1.0,ML,,,,2.1,0.2,3
3625570,2011-07-17T03:26:21Z,-43.19,0.0,172.02,0.0,8.0,1.0,ML,,,,2.8,0.3,7
3547492,2011-07-17T04:19:29Z,-42.9,0.0,171.45,0.0,5.0,0.0,ML,,,,2.9,0.3,10
3547565,2011-07-17T07:57:03Z,-43.65,0.0,172.8,0.0,8.0,0.0,ML,,,,3.5,0.1,6
3547575,2011-07-17T08:21:13Z,-38.71,0.0,175.34,0.1,91.0,14.0,ML,,,,2.8,0.3,8
3547579,2011-07-17T08:32:10Z,-38.88,0.0,176.4,0.0,5.0,0.0,ML,,,,2.2,0.2,14
3547583,2011-07-17T08:42:52Z,-39.17,0.0,177.38,0.0,27.0,1.0,ML,,,,2.4,0.1,7
3547629,2011-07-17T11:00:08Z,-39.12,0.0,175.01,0.0,176.0,3.0,ML,,,,3.5,0.2,18
3547631,2011-07-17T11:07:23Z,-40.64,0.0,176.37,0.0,25.0,2.0,ML,,,,2.2,0.3,6
3547634,2011-07-17T11:14:08Z,-39.27,0.0,174.95,0.0,29.0,1.0,ML,,,,2.3,0.3,15
3547648,2011-07-17T12:00:26Z,-40.3,0.0,176.72,0.0,13.0,2.0,ML,,,,2.0,0.2,6
3547656,2011-07-17T12:15:29Z,-38.49,0.0,175.83,0.0,141.0,3.0,ML,,,,3.0,0.4,15
3547665,2011-07-17T12:42:52Z,-43.67,0.0,172.36,0.0,12.0,0.0,ML,,,,2.4,0.1,4
3547671,2011-07-17T12:58:31Z,-37.37,0.0,179.44,0.0,5.0,0.0,ML,,,,3.0,0.2,5
3547673,2011-07-17T13:03:01Z,-40.15,0.0,175.04,0.0,27.0,1.0,ML,,,,2.3,0.3,9
3547696,2011-07-17T14:08:10Z,-40.31,0.0,176.72,0.0,14.0,1.0,ML,,,,2.0,0.2,6
3547699,2011-07-17T14:15:13Z,-40.85,0.0,173.59,0.0,91.0,2.0,ML,,,,2.7,0.2,9
3547712,2011-07-17T14:58:29Z,-43.62,0.0,172.76,0.0,10.0,0.0,Mw,3.8,nan,0,4.2,0.2,39
3547718,2011-07-17T15:11:34Z,-39.74,0.0,176.84,0.0,48.0,1.0,ML,,,,2.1,0.1,5
3547719,2011-07-17T15:12:29Z,-39.1,0.0,177.89,0.0,29.0,1.0,ML,,,,2.4,0.1,7
3547722,2011-07-17T15:24:11Z,-43.59,0.0,172.12,0.0,5.0,0.0,ML,,,,2.2,0.1,5
3626003,2011-07-17T15:24:22Z,-40.96,0.0,175.57,0.0,28.0,1.0,ML,,,,2.3,0.1,5
3547744,2011-07-17T16:40:27Z,-39.95,0.0,176.53,0.0,45.0,4.0,ML,,,,2.0,0.2,4
3547753,2011-07-17T17:06:20Z,-43.6,0.0,172.78,0.0,8.0,0.0,ML,,,,3.7,0.2,19
3547758,2011-07-17T17:21:52Z,-39.52,0.0,175.7,0.0,17.0,1.0,ML,,,,1.7,0.2,6
3547759,2011-07-17T17:27:38Z,-44.53,0.0,168.4,0.0,5.0,0.0,ML,,,,2.5,0.1,3
3547761,2011-07-17T17:31:45Z,-38.93,0.0,176.06,0.0,70.0,2.0,ML,,,,2.8,0.2,5
3547770,2011-07-17T17:55:46Z,-38.39,0.0,176.39,0.0,97.0,1.0,ML,,,,3.7,0.2,40
3547776,2011-07-17T18:09:50Z,-43.59,0.0,172.8,0.0,8.0,1.0,ML,,,,2.8,0.3,8
3547778,2011-07-17T18:19:59Z,-39.92,0.0,174.44,0.0,130.0,2.0,ML,,,,4.0,0.2,49
3547790,2011-07-17T18:50:51Z,-41.05,0.0,176.03,0.0,28.0,1.0,ML,,,,2.3,0.1,6
3547811,2011-07-17T19:40:28Z,-40.88,0.0,176.06,0.0,25.0,1.0,ML,,,,2.1,0.1,7
3547829,2011-07-17T20:33:32Z,-44.99,0.0,167.44,0.0,97.0,3.0,ML,,,,2.8,0.3,11
3547833,2011-07-17T20:44:18Z,-40.69,0.0,176.55,0.0,33.0,0.0,ML,,,,2.7,0.1,13
3547834,2011-07-17T20:48:48Z,-39.22,0.0,175.34,0.0,14.0,2.0,ML,,,,1.4,0.3,7
3547839,2011-07-17T21:03:57Z,-38.14,0.0,176.04,0.0,172.0,4.0,ML,,,,3.2,0.3,14
3547844,2011-07-17T21:19:33Z,-41.27,0.0,175.22,0.0,20.0,1.0,ML,,,,2.2,0.3,5
3547852,2011-07-17T21:41:36Z,-43.44,0.0,172.16,0.0,2.0,0.0,ML,,,,2.8,0.2,6
3547861,2011-07-17T22:07:17Z,-40.91,0.0,175.67,0.0,25.0,2.0,ML,,,,2.1,0.2,7
3547883,2011-07-17T23:04:00Z,-42.58,0.0,172.88,0.0,5.0,0.0,ML,,,,3.1,0.2,5
3547886,2011-07-17T23:13:55Z,-40.74,0.0,175.35,0.0,33.0,2.0,ML,,,,1.8,0.2,3
3547919,2011-07-18T00:36:00Z,-39.31,0.0,175.47,0.0,10.0,1.0,ML,,,,2.1,0.3,12
3547927,2011-07-18T00:58:13Z,-43.56,0.0,172.73,0.0,7.0,0.0,ML,,,,2.3,0.3,3
3547929,2011-07-18T01:05:49Z,-41.29,0.0,173.19,0.0,78.0,5.0,ML,,,,2.4,0.0,3
3547949,2011-07-18T02:06:41Z,-43.58,0.0,171.89,0.0,5.0,0.0,ML,,,,2.6,0.1,5
3548259,2011-07-18T03:22:43Z,-43.63,0.0,172.61,0.0,5.0,0.0,ML,,,,2.7,0.3,3
3548261,2011-07-18T03:32:49Z,-41.33,0.0,172.77,0.0,134.0,4.0,ML,,,,2.8,0.1,2
3548278,2011-07-18T04:07:12Z,-43.59,0.0,172.41,0.0,5.0,0.0,ML,,,,2.7,0.3,7
3548293,2011-07-18T04:38:51Z,-40.34,0.0,175.03,0.0,19.0,3.0,ML,,,,2.5,0.3,18
3548296,2011-07-18T04:45:56Z,-39.13,0.0,177.44,0.0,27.0,1.0,ML,,,,2.3,0.1,10
3548297,2011-07-18T04:47:07Z,-39.14,0.0,177.45,0.0,28.0,1.0,ML,,,,2.3,0.1,11
3548301,2011-07-18T04:53:32Z,-40.62,0.0,178.88,0.0,33.0,0.0,ML,,,,3.3,0.3,35
3548319,2011-07-18T05:36:02Z,-37.28,0.0,177.58,0.0,59.0,5.0,ML,,,,2.9,0.1,4
3548325,2011-07-18T05:55:46Z,-43.91,0.0,173.18,0.0,26.0,2.0,ML,,,,2.6,0.3,5
3626071,2011-07-18T05:56:42Z,-39.23,0.0,173.77,0.0,12.0,2.0,ML,,,,1.8,0.1,3
3548331,2011-07-18T06:10:44Z,-44.5,0.0,169.25,0.0,5.0,0.0,ML,,,,2.1,0.3,6
3626073,2011-07-18T06:11:11Z,-41.21,0.0,172.63,0.0,221.0,4.0,ML,,,,3.1,0.1,4
3548343,2011-07-18T06:40:38Z,-39.17,0.0,175.37,0.0,15.0,1.0,ML,,,,1.6,0.2,8
3548344,2011-07-18T06:44:17Z,-38.46,0.0,178.85,0.1,33.0,0.0,ML,,,,2.3,0.2,5
3548347,2011-07-18T06:56:16Z,-43.52,0.0,172.63,0.0,12.0,1.0,ML,,,,2.3,0.2,4
3548348,2011-07-18T06:58:53Z,-40.03,0.0,177.11,0.1,22.0,3.0,ML,,,,2.1,0.2,6
3548352,2011-07-18T07:09:29Z,-40.43,0.0,176.53,0.0,17.0,2.0,ML,,,,1.7,0.1,5
3548359,2011-07-18T07:30:33Z,-40.08,0.0,177.16,0.1,21.0,3.0,ML,,,,2.3,0.2,12
3548374,2011-07-18T08:20:23Z,-41.08,0.0,175.09,0.0,26.0,1.0,ML,,,,2.1,0.2,11
3548378,2011-07-18T08:32:02Z,-43.65,0.0,172.87,0.0,5.0,0.0,ML,,,,2.8,0.3,5
3548382,2011-07-18T08:49:20Z,-41.7,0.0,174.99,0.0,29.0,1.0,ML,,,,2.1,0.3,9
3548385,2011-07-18T08:57:16Z,-40.11,0.0,177.17,0.1,19.0,3.0,ML,,,,2.2,0.2,10
3548398,2011-07-18T09:34:13Z,-40.35,0.0,175.41,0.0,12.0,0.0,ML,,,,1.9,0.2,11
3548417,2011-07-18T10:43:50Z,-41.21,0.0,175.4,0.0,18.0,1.0,ML,,,,2.1,0.1,4
3548425,2011-07-18T11:13:36Z,-39.23,0.0,175.43,0.0,17.0,2.0,ML,,,,1.4,0.1,6
3548436,2011-07-18T11:49:11Z,-39.48,0.0,175.7,0.0,19.0,1.0,ML,,,,1.5,0.1,7
3548444,2011-07-18T12:19:55Z,-38.2,0.0,176.09,0.0,129.0,7.0,ML,,,,3.1,0.3,21
3548449,2011-07-18T12:36:58Z,-37.81,0.0,176.12,0.1,183.0,6.0,ML,,,,3.0,0.3,14
3548451,2011-07-18T12:41:39Z,-40.32,0.0,176.57,0.0,12.0,0.0,ML,,,,1.9,0.1,9
3548454,2011-07-18T12:51:30Z,-37.61,0.0,176.88,0.1,131.0,4.0,ML,,,,2.7,0.2,7
3548470,2011-07-18T13:45:32Z,-41.24,0.0,172.6,0.0,178.0,3.0,ML,,,,3.3,0.3,8
3548472,2011-07-18T13:55:53Z,-38.35,0.0,177.21,0.0,43.0,3.0,ML,,,,2.8,0.1,10
3548476,2011-07-18T14:12:02Z,-43.56,0.0,172.74,0.0,10.0,0.0,ML,,,,3.7,0.2,13
3548607,2011-07-18T14:49:32Z,-37.74,0.0,177.56,0.0,41.0,3.0,ML,,,,2.1,0.3,6
3548619,2011-07-18T15:28:09Z,-41.27,0.0,174.88,0.0,29.0,1.0,ML,,,,1.9,0.4,3
3548630,2011-07-18T15:52:17Z,-39.95,0.0,176.78,0.0,33.0,1.0,ML,,,,2.4,0.1,6
3548636,2011-07-18T16:12:45Z,-37.9,0.0,178.05,0.0,39.0,2.0,ML,,,,1.9,0.2,4
3626509,2011-07-18T16:14:43Z,-37.88,0.0,178.06,0.0,42.0,2.0,ML,,,,2.0,0.2,4
3548637,2011-07-18T16:15:20Z,-44.49,0.0,168.36,0.0,5.0,0.0,ML,,,,2.0,0.3,6
3548657,2011-07-18T17:08:19Z,-37.49,0.0,179.33,0.0,12.0,0.0,ML,,,,3.2,0.2,5
3626513,2011-07-18T17:08:28Z,-38.61,0.0,176.21,0.0,5.0,0.0,ML,,,,1.6,0.2,3
3548661,2011-07-18T17:15:56Z,-39.37,0.0,175.96,0.0,45.0,4.0,ML,,,,1.9,0.0,4
3548680,2011-07-18T18:03:56Z,-37.44,0.0,177.05,0.0,128.0,3.0,ML,,,,2.8,0.4,15
3548683,2011-07-18T18:11:14Z,-45.08,0.0,167.47,0.0,122.0,3.0,ML,,,,2.8,0.3,11
3548686,2011-07-18T18:20:54Z,-35.98,0.1,177.62,0.1,242.0,14.0,ML,,,,3.2,0.2,7
3548689,2011-07-18T18:30:38Z,-39.58,0.0,177.13,0.0,23.0,2.0,ML,,,,2.1,0.2,9
3548691,2011-07-18T18:35:47Z,-40.12,0.0,174.81,0.0,28.0,2.0,ML,,,,2.3,0.2,23
3548707,2011-07-18T19:18:14Z,-40.53,0.0,173.29,0.0,141.0,3.0,ML,,,,2.5,0.3,4
3548712,2011-07-18T19:28:16Z,-42.93,0.0,171.62,0.0,5.0,0.0,ML,,,,2.2,0.3,7
3548721,2011-07-18T19:59:32Z,-43.62,0.0,172.58,0.0,6.0,1.0,ML,,,,3.1,0.2,4
3548725,2011-07-18T20:12:18Z,-39.07,0.0,176.39,0.0,90.0,3.0,ML,,,,2.9,0.2,9
3548732,2011-07-18T20:31:59Z,-44.26,0.0,168.1,0.0,5.0,0.0,ML,,,,3.0,0.2,8
3548733,2011-07-18T20:35:03Z,-43.6,0.0,172.52,0.0,5.0,0.0,ML,,,,2.5,0.1,3
3548737,2011-07-18T20:49:30Z,-43.6,0.0,172.51,0.0,5.0,0.0,ML,,,,2.7,0.3,7
3548751,2011-07-18T21:38:33Z,-39.67,0.0,174.18,0.0,212.0,5.0,ML,,,,3.3,0.3,14
3548753,2011-07-18T21:43:25Z,-43.56,0.0,172.79,0.0,9.0,2.0,ML,,,,2.9,0.3,7
3548835,2011-07-19T00:32:06Z,-44.25,0.0,168.07,0.0,5.0,0.0,ML,,,,2.3,0.2,8
3548862,2011-07-19T01:50:02Z,-41.53,0.0,174.27,0.0,12.0,0.0,ML,,,,2.4,0.2,9
3548894,2011-07-19T03:08:52Z,-41.46,0.0,172.57,0.0,99.0,2.0,ML,,,,2.5,0.1,3
3548897,2011-07-19T03:14:50Z,-44.41,0.0,168.35,0.0,5.0,0.0,ML,,,,3.6,0.3,9
3548920,2011-07-19T04:00:16Z,-40.21,0.0,176.45,0.0,49.0,2.0,ML,,,,2.9,0.2,21
3548948,2011-07-19T05:29:27Z,-38.06,0.0,176.74,0.0,5.0,0.0,ML,,,,1.8,0.3,6
3548954,2011-07-19T05:46:36Z,-39.28,0.0,175.42,0.0,15.0,1.0,ML,,,,1.3,0.2,6
3548978,2011-07-19T06:59:37Z,-38.14,0.0,178.8,0.0,33.0,0.0,ML,,,,2.4,0.2,7
3548983,2011-07-19T07:13:09Z,-40.43,0.0,175.83,0.0,24.0,1.0,ML,,,,2.4,0.1,11
3548990,2011-07-19T07:32:32Z,-45.16,0.0,166.79,0.1,5.0,0.0,ML,,,,3.6,0.2,10
3549283,2011-07-19T07:34:39Z,-43.56,0.0,172.63,0.0,4.0,0.0,ML,,,,2.7,0.3,4
3549012,2011-07-19T08:45:27Z,-43.24,0.0,171.93,0.0,7.0,1.0,ML,,,,2.2,0.2,6
3549025,2011-07-19T09:23:46Z,-40.21,0.0,174.89,0.0,23.0,2.0,ML,,,,2.3,0.4,10
3549032,2011-07-19T09:42:59Z,-43.59,0.0,172.83,0.0,6.0,1.0,ML,,,,3.0,0.2,4
3626497,2011-07-19T09:43:56Z,-40.24,0.0,176.2,0.0,50.0,1.0,ML,,,,2.1,0.2,7
3549036,2011-07-19T09:55:10Z,-45.12,0.0,167.27,0.0,114.0,2.0,ML,,,,4.1,0.1,14
3549037,2011-07-19T09:58:11Z,-37.09,0.0,176.6,0.1,215.0,4.0,ML,,,,2.7,0.1,4
3549045,2011-07-19T10:20:47Z,-43.58,0.0,172.62,0.0,5.0,0.0,ML,,,,3.3,0.4,6
3549052,2011-07-19T10:42:49Z,-39.82,0.0,176.78,0.0,29.0,1.0,ML,,,,2.2,0.2,11
3549059,2011-07-19T11:04:15Z,-39.33,0.0,177.22,0.0,28.0,2.0,ML,,,,2.4,0.2,6
3549060,2011-07-19T11:05:53Z,-40.68,0.0,173.77,0.0,114.0,2.0,ML,,,,2.8,0.3,12
3626558,2011-07-19T11:06:47Z,-38.17,0.0,176.08,0.0,136.0,4.0,ML,,,,3.0,0.1,7
3549065,2011-07-19T11:17:44Z,-41.29,0.0,172.61,0.0,192.0,3.0,ML,,,,2.8,0.1,2
3626568,2011-07-19T11:18:25Z,-40.83,0.0,175.32,0.0,28.0,2.0,ML,,,,1.7,0.1,5
3549074,2011-07-19T11:58:37Z,-43.61,0.0,172.47,0.0,5.0,0.0,ML,,,,2.5,0.3,6
3549076,2011-07-19T12:05:58Z,-38.22,0.0,178.18,0.0,17.0,3.0,ML,,,,1.8,0.1,3
3549083,2011-07-19T12:27:56Z,-37.99,0.0,177.98,0.0,33.0,0.0,ML,,,,1.7,0.1,4
3549088,2011-07-19T12:38:12Z,-37.08,0.1,176.45,0.1,220.0,5.0,ML,,,,3.6,0.3,10
3549091,2011-07-19T12:48:23Z,-39.98,0.0,173.2,0.0,5.0,0.0,ML,,,,2.7,0.3,14
3549095,2011-07-19T12:59:59Z,-39.97,0.0,176.89,0.0,28.0,1.0,ML,,,,2.3,0.2,6
3549105,2011-07-19T13:27:47Z,-38.84,0.0,176.01,0.0,108.0,2.0,ML,,,,3.1,0.2,7
3549111,2011-07-19T13:45:53Z,-40.95,0.0,175.51,0.0,24.0,1.0,ML,,,,2.0,0.1,9
3626582,2011-07-19T13:46:11Z,-38.92,0.0,178.04,0.0,32.0,1.0,ML,,,,2.3,0.1,7
3549123,2011-07-19T14:30:55Z,-41.45,0.0,172.84,0.0,106.0,3.0,ML,,,,3.1,0.2,11
3549129,2011-07-19T14:51:03Z,-38.12,0.0,176.67,0.0,5.0,1.0,ML,,,,1.9,0.1,5
3549154,2011-07-19T16:03:06Z,-41.3,0.0,175.63,0.0,14.0,1.0,ML,,,,1.7,0.1,6
3549170,2011-07-19T16:49:11Z,-44.53,0.0,168.41,0.0,5.0,0.0,ML,,,,2.1,0.3,6
3626621,2011-07-19T16:49:32Z,-41.29,0.0,174.5,0.0,38.0,2.0,ML,,,,1.8,0.1,4
3549171,2011-07-19T16:55:23Z,-43.65,0.0,172.87,0.0,5.0,0.0,ML,,,,2.8,0.1,4
3549189,2011-07-19T17:49:48Z,-39.42,0.0,175.15,0.0,29.0,1.0,ML,,,,1.7,0.1,5
3549193,2011-07-19T18:00:18Z,-43.58,0.0,172.78,0.0,10.0,1.0,ML,,,,2.6,0.3,8
3549194,2011-07-19T18:02:46Z,-39.97,0.0,176.2,0.0,29.0,1.0,ML,,,,2.3,0.1,6
3549220,2011-07-19T19:12:47Z,-38.49,0.0,177.71,0.0,41.0,2.0,ML,,,,2.6,0.3,6
3549248,2011-07-19T20:38:57Z,-39.3,0.0,176.26,0.0,14.0,4.0,ML,,,,1.7,0.2,6
3549252,2011-07-19T20:53:06Z,-40.84,0.0,175.5,0.0,24.0,1.0,ML,,,,2.1,0.2,8
3549255,2011-07-19T21:00:24Z,-38.93,0.0,177.34,0.0,34.0,1.0,ML,,,,2.4,0.2,7
3549257,2011-07-19T21:05:38Z,-41.1,0.0,175.36,0.0,25.0,1.0,ML,,,,2.6,0.4,4
3549262,2011-07-19T21:20:14Z,-40.4,0.0,175.54,0.0,35.0,1.0,ML,,,,2.8,0.2,22
3549271,2011-07-19T21:49:34Z,-36.8,0.0,179.77,0.0,5.0,0.0,ML,,,,3.5,0.1,7
3549279,2011-07-19T22:16:13Z,-38.51,0.0,178.61,0.0,29.0,2.0,ML,,,,2.0,0.1,5
3549289,2011-07-19T22:41:08Z,-38.4,0.0,175.79,0.0,152.0,4.0,ML,,,,3.4,0.3,13
3549295,2011-07-19T23:00:02Z,-40.23,0.0,175.52,0.0,36.0,3.0,ML,,,,3.0,0.1,24
3549305,2011-07-19T23:34:59Z,-43.59,0.0,172.6,0.0,3.0,1.0,ML,,,,2.7,0.2,4
3549316,2011-07-20T00:01:27Z,-39.27,0.0,177.63,0.0,28.0,1.0,ML,,,,2.3,0.1,5
3549342,2011-07-20T01:03:25Z,-43.58,0.0,172.68,0.0,7.0,1.0,ML,,,,3.0,0.4,12
3626680,2011-07-20T01:27:29Z,-43.63,0.0,172.84,0.0,5.0,0.0,ML,,,,2.4,0.3,4
3549350,2011-07-20T01:28:15Z,-39.23,0.0,173.9,0.0,17.0,1.0,ML,,,,2.9,0.2,9
3549389,2011-07-20T03:12:14Z,-38.58,0.0,175.7,0.0,132.0,4.0,ML,,,,3.0,0.2,5
3549392,2011-07-20T03:18:44Z,-43.62,0.0,172.38,0.0,5.0,0.0,ML,,,,2.7,0.4,5
3627155,2011-07-20T03:19:50Z,-39.8,0.0,176.88,0.0,42.0,2.0,ML,,,,2.9,0.2,16
3549396,2011-07-20T03:26:32Z,-40.76,0.0,178.98,0.1,33.0,0.0,ML,,,,3.3,0.3,26
3549399,2011-07-20T03:40:25Z,-43.57,0.0,172.72,0.0,8.0,2.0,ML,,,,2.2,0.2,3
3549403,2011-07-20T03:51:24Z,-41.23,0.0,174.35,0.0,63.0,3.0,ML,,,,2.3,0.2,3
3549407,2011-07-20T04:09:20Z,-43.59,0.0,172.63,0.0,9.0,1.0,ML,,,,2.1,0.1,4
3549416,2011-07-20T04:36:22Z,-39.8,0.0,176.85,0.0,39.0,2.0,ML,,,,2.5,0.1,9
3549434,2011-07-20T05:35:28Z,-43.58,0.0,172.77,0.0,8.0,2.0,ML,,,,2.6,0.3,4
3627649,2011-07-20T05:47:56Z,-39.73,0.0,175.41,0.0,66.0,4.0,ML,,,,2.3,0.2,2
3549438,2011-07-20T05:48:32Z,-38.72,0.0,177.42,0.0,31.0,1.0,ML,,,,2.6,0.2,12
3549446,2011-07-20T06:10:16Z,-43.74,0.0,172.39,0.0,5.0,0.0,ML,,,,2.6,0.1,4
3549448,2011-07-20T06:14:53Z,-39.98,0.0,175.09,0.0,26.0,2.0,ML,,,,2.4,0.3,10
3549453,2011-07-20T06:28:37Z,-36.42,0.1,177.34,0.1,197.0,9.0,ML,,,,3.0,0.2,5
3549454,2011-07-20T06:29:51Z,-36.19,0.0,177.71,0.1,214.0,4.0,ML,,,,3.8,0.2,13
3549455,2011-07-20T06:33:04Z,-40.35,0.0,176.69,0.0,21.0,2.0,ML,,,,2.9,0.2,19
3549458,2011-07-20T06:39:15Z,-41.35,0.0,172.88,0.0,102.0,2.0,ML,,,,2.6,0.2,3
3549460,2011-07-20T06:48:06Z,-40.07,0.0,176.38,0.0,27.0,1.0,ML,,,,2.1,0.2,13
3549465,2011-07-20T07:01:08Z,-41.64,0.0,172.69,0.0,80.0,2.0,ML,,,,2.3,0.1,3
3549469,2011-07-20T07:14:08Z,-40.62,0.0,176.49,0.0,18.0,2.0,ML,,,,2.4,0.1,7
3549489,2011-07-20T08:08:09Z,-40.27,0.0,176.65,0.0,13.0,2.0,ML,,,,1.7,0.2,6
3549490,2011-07-20T08:10:31Z,-40.28,0.0,174.15,0.0,95.0,4.0,ML,,,,1.9,0.1,4
3549518,2011-07-20T09:12:55Z,-40.9,0.0,175.95,0.0,30.0,1.0,ML,,,,2.4,0.2,11
3549520,2011-07-20T09:16:35Z,-40.79,0.0,174.16,0.0,57.0,2.0,ML,,,,2.4,0.2,6
3549538,2011-07-20T10:16:54Z,-39.89,0.0,176.83,0.0,21.0,2.0,ML,,,,2.1,0.2,12
3549541,2011-07-20T10:27:47Z,-38.4,0.0,178.6,0.1,33.0,0.0,ML,,,,2.1,0.1,6
3549543,2011-07-20T10:37:14Z,-40.37,0.0,175.99,0.0,56.0,2.0,ML,,,,2.3,0.2,18
3549545,2011-07-20T10:41:21Z,-38.1,0.0,175.95,0.1,155.0,6.0,ML,,,,2.9,0.2,8
3549548,2011-07-20T10:49:45Z,-40.39,0.0,176.03,0.0,41.0,5.0,ML,,,,1.9,0.3,6
3627688,2011-07-20T10:50:40Z,-45.62,0.1,166.74,0.1,5.0,0.0,ML,,,,2.1,0.0,3
3549567,2011-07-20T11:34:05Z,-39.13,0.0,175.04,0.0,5.0,0.0,ML,,,,2.0,0.1,6
3627695,2011-07-20T11:57:42Z,-43.6,0.0,172.68,0.0,8.0,1.0,ML,,,,2.5,0.4,5
3549601,2011-07-20T13:24:27Z,-39.51,0.0,177.04,0.0,32.0,1.0,ML,,,,2.2,0.1,10
3627705,2011-07-20T13:27:20Z,-41.71,0.0,172.27,0.0,5.0,0.0,ML,,,,2.4,0.3,5
3549603,2011-07-20T13:27:47Z,-41.03,0.0,175.92,0.0,27.0,1.0,ML,,,,2.4,0.1,8
3549605,2011-07-20T13:32:54Z,-40.25,0.0,176.19,0.0,51.0,2.0,ML,,,,2.1,0.2,8
3549614,2011-07-20T13:51:31Z,-40.27,0.0,176.35,0.0,42.0,1.0,ML,,,,2.7,0.2,13
3549621,2011-07-20T14:12:42Z,-38.0,0.0,175.83,0.0,171.0,5.0,ML,,,,3.1,0.2,22
3549625,2011-07-20T14:22:09Z,-39.63,0.0,176.24,0.0,33.0,0.0,ML,,,,2.0,0.1,9
3549626,2011-07-20T14:26:27Z,-43.5,0.0,173.0,0.0,5.0,0.0,ML,,,,2.4,0.2,4
3549628,2011-07-20T14:30:04Z,-39.78,0.0,174.62,0.0,132.0,2.0,ML,,,,3.4,0.2,32
3549640,2011-07-20T15:01:38Z,-39.17,0.0,175.14,0.0,23.0,2.0,ML,,,,1.8,0.2,8
3549641,2011-07-20T15:04:20Z,-40.1,0.0,176.24,0.0,25.0,2.0,ML,,,,1.8,0.1,5
3549656,2011-07-20T15:45:03Z,-40.35,0.0,176.13,0.0,35.0,3.0,ML,,,,1.9,0.3,5
3549660,2011-07-20T15:55:38Z,-43.2,0.0,172.23,0.0,12.0,0.0,ML,,,,2.6,0.3,7
3549667,2011-07-20T16:10:14Z,-42.09,0.0,173.08,0.0,79.0,4.0,ML,,,,2.5,0.3,4
3549671,2011-07-20T16:20:28Z,-39.72,0.0,176.92,0.0,45.0,1.0,ML,,,,2.7,0.1,10
3549678,2011-07-20T16:39:48Z,-43.57,0.0,168.24,0.1,12.0,0.0,ML,,,,3.0,0.2,15
3549689,2011-07-20T17:15:40Z,-43.65,0.0,172.44,0.0,5.0,0.0,ML,,,,2.7,0.2,5
3627735,2011-07-20T17:17:56Z,-38.57,0.0,177.87,0.0,18.0,2.0,ML,,,,2.1,0.1,5
3627729,2011-07-20T17:18:13Z,-40.36,0.0,174.39,0.0,84.0,5.0,ML,,,,2.7,0.2,13
3549692,2011-07-20T17:29:00Z,-37.68,0.0,177.79,0.0,71.0,3.0,ML,,,,2.1,0.1,5
3549694,2011-07-20T17:35:32Z,-43.6,0.0,172.79,0.0,7.0,2.0,ML,,,,2.8,0.2,4
3549714,2011-07-20T18:45:58Z,-36.85,0.1,177.11,0.1,153.0,11.0,ML,,,,2.8,0.2,6
3549719,2011-07-20T18:55:10Z,-39.02,0.0,177.84,0.0,31.0,1.0,ML,,,,2.2,0.2,9
3549744,2011-07-20T20:14:20Z,-37.95,0.0,178.01,0.0,33.0,0.0,ML,,,,2.0,0.1,2
3549753,2011-07-20T20:38:22Z,-45.68,0.0,166.79,0.0,5.0,0.0,Mw,4.1,nan,0,4.7,0.1,22
3549765,2011-07-20T21:08:56Z,-40.64,0.0,176.3,0.0,23.0,2.0,ML,,,,2.1,0.3,5
3549778,2011-07-20T21:44:21Z,-38.57,0.0,177.85,0.0,19.0,2.0,ML,,,,2.1,0.1,5
3629192,2011-07-20T21:45:44Z,-43.51,0.0,172.85,0.0,12.0,0.0,ML,,,,2.2,0.1,4
3549803,2011-07-20T22:45:14Z,-39.51,0.0,177.04,0.0,30.0,1.0,ML,,,,2.8,0.1,17
3549814,2011-07-20T23:08:05Z,-43.19,0.0,172.03,0.0,12.0,0.0,ML,,,,2.7,0.3,6
3549826,2011-07-20T23:35:11Z,-42.12,0.0,171.46,0.0,12.0,0.0,ML,,,,2.3,0.2,4
3549831,2011-07-20T23:51:35Z,-39.51,0.0,177.03,0.0,33.0,0.0,ML,,,,2.4,0.1,10
3549842,2011-07-21T00:33:26Z,-38.52,0.0,175.57,0.0,154.0,7.0,ML,,,,3.2,0.2,5
3549865,2011-07-21T01:35:23Z,-43.68,0.0,172.88,0.0,5.0,0.0,ML,,,,2.7,0.2,4
3549870,2011-07-21T01:51:06Z,-39.66,0.0,176.69,0.0,29.0,2.0,ML,,,,2.2,0.1,9
3549908,2011-07-21T03:35:50Z,-39.11,0.0,177.52,0.0,32.0,1.0,ML,,,,2.4,0.1,6
3549930,2011-07-21T04:41:57Z,-43.3,0.0,172.17,0.0,5.0,0.0,ML,,,,3.0,0.4,8
3549944,2011-07-21T05:19:00Z,-43.61,0.0,172.28,0.0,9.0,2.0,ML,,,,2.7,0.1,5
3549960,2011-07-21T06:05:25Z,-37.53,0.0,177.23,0.0,5.0,0.0,ML,,,,2.5,0.1,4
3549965,2011-07-21T06:26:22Z,-40.93,0.0,173.66,0.0,79.0,2.0,ML,,,,2.7,0.2,2
3549980,2011-07-21T07:10:18Z,-39.12,0.0,177.43,0.0,28.0,1.0,ML,,,,2.3,0.1,8
3550014,2011-07-21T08:39:38Z,-38.61,0.0,176.21,0.0,5.0,0.0,ML,,,,1.9,0.2,6
3550020,2011-07-21T08:58:09Z,-39.7,0.0,176.88,0.0,46.0,2.0,ML,,,,2.3,0.1,5
3550029,2011-07-21T09:30:19Z,-44.93,0.0,167.64,0.0,85.0,1.0,ML,,,,3.1,0.2,6
3550049,2011-07-21T10:35:36Z,-41.25,0.0,172.61,0.0,205.0,3.0,ML,,,,3.4,0.1,7
3550050,2011-07-21T10:39:00Z,-38.82,0.0,177.94,0.0,42.0,2.0,ML,,,,2.6,0.1,10
3550051,2011-07-21T10:44:21Z,-39.3,0.0,177.47,0.0,26.0,1.0,ML,,,,2.2,0.1,6
3550054,2011-07-21T10:54:48Z,-41.2,0.0,175.1,0.0,10.0,1.0,ML,,,,2.7,0.2,15
3550071,2011-07-21T11:45:33Z,-43.55,0.0,172.64,0.0,12.0,0.0,ML,,,,2.7,0.1,5
3550109,2011-07-21T13:55:31Z,-45.44,0.0,167.0,0.0,61.0,1.0,ML,,,,2.7,0.2,9
3550116,2011-07-21T14:22:09Z,-39.85,0.0,176.76,0.0,45.0,2.0,ML,,,,2.2,0.1,5
3550128,2011-07-21T14:58:12Z,-43.92,0.0,169.29,0.0,5.0,0.0,ML,,,,2.6,0.2,10
3550139,2011-07-21T15:30:53Z,-44.88,0.0,167.63,0.0,70.0,1.0,ML,,,,3.0,0.2,6
3550149,2011-07-21T16:09:51Z,-41.29,0.0,172.6,0.0,176.0,2.0,ML,,,,3.1,0.2,6
3550165,2011-07-21T17:04:55Z,-45.54,0.0,166.67,0.0,5.0,0.0,ML,,,,2.6,0.1,7
3550168,2011-07-21T17:18:34Z,-45.4,0.0,167.14,0.0,87.0,3.0,ML,,,,2.6,0.4,6
3550170,2011-07-21T17:28:29Z,-45.08,0.0,167.34,0.0,117.0,2.0,ML,,,,3.2,0.3,5
3550173,2011-07-21T17:39:32Z,-43.63,0.0,172.21,0.0,12.0,1.0,Mw,4.7,nan,0,5.2,0.3,84
3550177,2011-07-21T17:51:05Z,-43.64,0.0,172.24,0.0,10.0,2.0,ML,,,,2.5,0.1,4
3550182,2011-07-21T18:04:41Z,-40.99,0.0,174.74,0.0,33.0,1.0,ML,,,,2.5,0.2,7
3550198,2011-07-21T18:57:45Z,-39.17,0.0,177.78,0.0,17.0,2.0,ML,,,,2.4,0.2,4
3550199,2011-07-21T18:58:50Z,-43.6,0.0,172.5,0.0,5.0,0.0,ML,,,,2.5,0.3,4
3627129,2011-07-21T19:00:15Z,-43.57,0.0,172.86,0.0,5.0,0.0,ML,,,,2.3,0.2,4
3550219,2011-07-21T20:07:31Z,-37.75,0.0,176.19,0.0,163.0,3.0,ML,,,,3.4,0.3,6
3550270,2011-07-21T22:41:51Z,-41.24,0.0,172.81,0.0,180.0,2.0,ML,,,,3.6,0.2,13
3550271,2011-07-21T22:47:28Z,-39.51,0.0,175.66,0.0,11.0,1.0,ML,,,,1.9,0.2,6
3550301,2011-07-22T00:16:49Z,-40.49,0.0,174.41,0.0,88.0,3.0,ML,,,,3.4,0.2,19
3550317,2011-07-22T01:03:44Z,-39.19,0.0,175.14,0.0,95.0,4.0,ML,,,,3.1,0.2,4
3550338,2011-07-22T01:53:03Z,-42.28,0.0,172.79,0.0,12.0,0.0,ML,,,,2.9,0.3,7
3550341,2011-07-22T02:03:21Z,-37.86,0.0,177.27,0.0,54.0,3.0,ML,,,,2.8,0.1,5
3550345,2011-07-22T02:12:08Z,-43.61,0.0,172.23,0.0,11.0,1.0,ML,,,,2.9,0.2,6
3550370,2011-07-22T03:16:37Z,-40.31,0.0,176.81,0.0,12.0,0.0,ML,,,,2.4,0.1,7
3550389,2011-07-22T04:04:07Z,-41.73,0.0,174.31,0.0,5.0,0.0,ML,,,,2.4,0.4,4
3550391,2011-07-22T04:10:33Z,-39.11,0.0,175.71,0.0,107.0,2.0,ML,,,,3.2,0.2,7
3550397,2011-07-22T04:25:43Z,-37.9,0.0,176.38,0.0,132.0,4.0,ML,,,,3.4,0.2,18
3550403,2011-07-22T04:43:48Z,-43.7,0.0,172.91,0.0,5.0,0.0,ML,,,,3.1,0.3,6
3550408,2011-07-22T04:58:25Z,-39.52,0.0,175.68,0.0,15.0,1.0,ML,,,,2.0,0.1,3
3550423,2011-07-22T05:45:39Z,-43.31,0.0,172.16,0.0,5.0,0.0,ML,,,,3.1,0.3,7
3550458,2011-07-22T07:28:18Z,-41.07,0.0,175.41,0.0,27.0,1.0,ML,,,,2.0,0.1,5
3550461,2011-07-22T07:36:00Z,-42.02,0.0,174.33,0.0,26.0,2.0,ML,,,,2.8,0.1,9
3550482,2011-07-22T08:47:41Z,-44.58,0.0,168.11,0.0,94.0,3.0,ML,,,,3.3,0.1,9
3550488,2011-07-22T09:06:43Z,-45.23,0.0,167.41,0.0,5.0,0.0,ML,,,,2.6,0.1,2
3550496,2011-07-22T09:33:26Z,-38.45,0.0,176.17,0.0,5.0,0.0,ML,,,,2.0,0.1,6
3550505,2011-07-22T09:55:18Z,-37.12,0.0,177.14,0.0,79.0,7.0,ML,,,,3.1,0.2,4
3550509,2011-07-22T10:07:40Z,-45.4,0.0,167.25,0.0,105.0,2.0,ML,,,,2.6,0.1,10
3550514,2011-07-22T10:25:58Z,-43.48,0.0,172.81,0.0,5.0,0.0,ML,,,,3.1,0.3,7
3550523,2011-07-22T10:52:47Z,-41.45,0.0,174.87,0.0,30.0,1.0,ML,,,,2.2,0.2,6
3550539,2011-07-22T11:40:48Z,-41.24,0.0,173.32,0.0,104.0,2.0,ML,,,,2.9,0.2,4
3550542,2011-07-22T11:52:41Z,-42.48,0.0,173.5,0.0,53.0,3.0,ML,,,,2.6,0.2,2
3550548,2011-07-22T12:12:04Z,-39.34,0.0,174.95,0.0,30.0,1.0,ML,,,,2.1,0.2,5
3550551,2011-07-22T12:23:02Z,-43.52,0.0,172.76,0.0,12.0,0.0,ML,,,,2.4,0.2,4
3550574,2011-07-22T13:25:40Z,-44.93,0.0,167.3,0.0,51.0,2.0,ML,,,,2.1,0.1,5
3627632,2011-07-22T14:44:11Z,-43.54,0.0,172.71,0.0,12.0,0.0,ML,,,,2.4,0.2,4
3550606,2011-07-22T15:07:17Z,-41.08,0.0,175.08,0.0,29.0,1.0,ML,,,,2.3,0.1,5
3550626,2011-07-22T16:12:38Z,-39.42,0.0,174.67,0.0,158.0,5.0,ML,,,,3.3,0.3,9
3550637,2011-07-22T16:54:50Z,-44.95,0.0,167.55,0.0,68.0,2.0,ML,,,,2.2,0.2,8
3550640,2011-07-22T17:06:53Z,-43.18,0.0,172.01,0.0,5.0,0.0,ML,,,,2.2,0.3,4
3550656,2011-07-22T17:44:16Z,-37.49,0.0,178.27,0.0,37.0,3.0,ML,,,,2.7,0.1,6
3550675,2011-07-22T18:52:49Z,-38.19,0.0,178.81,0.0,33.0,0.0,ML,,,,3.0,0.3,11
3550681,2011-07-22T19:14:23Z,-43.58,0.0,172.58,0.0,2.0,0.0,ML,,,,2.7,0.2,4
3550690,2011-07-22T19:45:39Z,-43.64,0.0,172.2,0.0,12.0,1.0,Mw,3.9,nan,0,4.3,0.3,35
3550692,2011-07-22T19:52:06Z,-40.31,0.0,176.81,0.0,11.0,2.0,ML,,,,2.2,0.1,6
3550727,2011-07-22T21:30:54Z,-38.08,0.0,178.2,0.0,12.0,2.0,ML,,,,2.1,0.2,5
3550756,2011-07-22T23:07:56Z,-40.35,0.0,176.55,0.0,12.0,0.0,ML,,,,2.2,0.2,5
3550764,2011-07-22T23:32:03Z,-39.62,0.0,176.91,0.0,25.0,2.0,ML,,,,2.4,0.1,9
3550782,2011-07-23T00:33:37Z,-42.1,0.0,173.13,0.0,11.0,1.0,Mw,4.0,nan,0,4.3,0.2,67
3550786,2011-07-23T00:45:29Z,-38.81,0.0,177.87,0.0,28.0,2.0,ML,,,,2.2,0.2,6
3550829,2011-07-23T03:03:01Z,-43.56,0.0,172.38,0.0,5.0,0.0,ML,,,,2.7,0.2,6
3550835,2011-07-23T03:20:38Z,-38.81,0.0,177.84,0.0,30.0,1.0,ML,,,,2.4,0.1,10
3550836,2011-07-23T03:22:38Z,-45.25,0.0,167.39,0.0,87.0,2.0,ML,,,,3.1,0.1,7
3550840,2011-07-23T03:36:00Z,-43.52,0.0,172.01,0.0,12.0,0.0,ML,,,,2.0,0.1,5
3550857,2011-07-23T04:38:01Z,-41.72,0.0,172.09,0.0,5.0,0.0,ML,,,,2.1,0.4,3
3627750,2011-07-23T04:39:23Z,-44.5,0.0,169.29,0.0,12.0,0.0,ML,,,,2.1,0.3,5
3550863,2011-07-23T04:51:12Z,-39.22,0.1,174.89,0.1,216.0,6.0,ML,,,,3.2,0.3,12
3550870,2011-07-23T05:05:53Z,-36.93,0.0,177.58,0.0,123.0,5.0,ML,,,,3.6,0.3,16
3550874,2011-07-23T05:20:02Z,-38.16,0.0,176.25,0.0,5.0,0.0,ML,,,,1.8,0.1,5
3550892,2011-07-23T06:09:32Z,-37.88,0.0,175.79,0.1,174.0,5.0,ML,,,,3.3,0.2,10
3550923,2011-07-23T07:45:30Z,-44.23,0.0,168.6,0.0,5.0,0.0,ML,,,,2.0,0.3,6
3550931,2011-07-23T08:17:55Z,-43.58,0.0,172.81,0.0,11.0,2.0,ML,,,,2.9,0.1,4
3550932,2011-07-23T08:19:56Z,-36.96,0.1,176.34,0.1,197.0,9.0,ML,,,,3.2,0.3,15
3550938,2011-07-23T08:44:13Z,-45.52,0.0,166.78,0.0,12.0,0.0,ML,,,,2.5,0.3,7
3550941,2011-07-23T08:54:06Z,-37.69,0.0,178.95,0.1,33.0,0.0,ML,,,,2.9,0.3,7
3550942,2011-07-23T08:58:16Z,-44.53,0.0,168.41,0.0,5.0,0.0,ML,,,,1.9,0.2,7
3550949,2011-07-23T09:19:48Z,-44.53,0.0,168.41,0.0,12.0,0.0,ML,,,,1.6,0.2,4
3550977,2011-07-23T10:35:27Z,-39.25,0.0,173.77,0.0,23.0,1.0,ML,,,,2.2,0.3,9
3640681,2011-07-23T10:38:23Z,-38.23,0.0,178.28,0.0,20.0,1.0,ML,,,,1.8,0.1,3
3550980,2011-07-23T10:49:37Z,-38.26,0.0,178.7,0.0,28.0,2.0,ML,,,,3.6,0.3,42
3550996,2011-07-23T11:38:45Z,-43.57,0.0,172.6,0.0,2.0,0.0,ML,,,,2.3,0.3,4
3551026,2011-07-23T13:07:53Z,-40.32,0.0,176.38,0.0,20.0,2.0,ML,,,,2.1,0.1,5
3551027,2011-07-23T13:12:37Z,-43.51,0.0,172.73,0.0,7.0,1.0,ML,,,,2.6,0.3,10
3641096,2011-07-23T14:04:27Z,-43.44,0.0,172.6,0.0,14.0,1.0,ML,,,,1.3,0.1,3
3551043,2011-07-23T14:06:28Z,-37.84,0.0,176.63,0.0,5.0,0.0,ML,,,,1.9,0.2,11
3551061,2011-07-23T14:59:44Z,-41.23,0.0,173.31,0.0,91.0,2.0,ML,,,,2.4,0.3,2
3551065,2011-07-23T15:10:02Z,-40.57,0.0,174.15,0.0,92.0,3.0,ML,,,,3.1,0.2,17
3551067,2011-07-23T15:18:10Z,-41.42,0.0,173.59,0.0,87.0,2.0,ML,,,,2.9,0.1,8
3551076,2011-07-23T15:45:42Z,-40.46,0.0,174.23,0.0,33.0,0.0,ML,,,,2.5,0.4,13
3551087,2011-07-23T16:16:18Z,-43.65,0.0,171.6,0.0,5.0,0.0,ML,,,,2.9,0.3,8
3551091,2011-07-23T16:27:37Z,-43.66,0.0,171.58,0.0,5.0,0.0,ML,,,,2.4,0.4,8
3551097,2011-07-23T16:44:58Z,-43.19,0.0,172.05,0.0,12.0,0.0,ML,,,,2.4,0.3,7
3551105,2011-07-23T17:13:23Z,-36.67,0.1,179.33,0.1,33.0,0.0,ML,,,,2.9,0.2,7
3551110,2011-07-23T17:26:16Z,-44.53,0.0,168.4,0.0,5.0,0.0,ML,,,,2.1,0.2,7
3551118,2011-07-23T17:55:31Z,-38.26,0.0,178.05,0.0,31.0,2.0,ML,,,,1.8,0.2,8
3551119,2011-07-23T17:58:13Z,-41.87,0.0,172.07,0.0,97.0,2.0,ML,,,,2.6,nan,1
3644487,2011-07-23T17:58:59Z,-36.07,0.0,176.69,0.1,33.0,0.0,ML,,,,3.4,0.3,4
3551139,2011-07-23T19:01:44Z,-38.47,0.0,178.28,0.0,35.0,3.0,ML,,,,3.7,0.3,16
3551140,2011-07-23T19:06:26Z,-36.89,0.0,177.96,0.0,12.0,0.0,ML,,,,3.5,0.2,16
3551146,2011-07-23T19:22:20Z,-38.86,0.0,174.72,0.0,27.0,1.0,ML,,,,1.9,0.2,8
3551151,2011-07-23T19:38:58Z,-40.38,0.0,176.01,0.0,53.0,2.0,ML,,,,2.4,0.1,7
3551168,2011-07-23T20:27:26Z,-38.06,0.0,176.39,0.0,146.0,3.0,ML,,,,3.5,0.2,28
3551171,2011-07-23T20:36:10Z,-38.05,0.0,176.73,0.0,2.0,0.0,ML,,,,2.5,0.2,17
3551176,2011-07-23T20:48:33Z,-39.89,0.0,177.28,0.0,27.0,2.0,ML,,,,2.7,0.1,12
3551181,2011-07-23T21:01:42Z,-37.7,0.0,179.03,0.0,12.0,0.0,ML,,,,2.3,0.4,2
3551183,2011-07-23T21:07:47Z,-39.52,0.0,175.68,0.0,15.0,1.0,ML,,,,1.7,0.2,7
3648597,2011-07-23T21:08:13Z,-38.06,0.0,176.75,0.0,5.0,0.0,ML,,,,0.7,0.2,2
3650580,2011-07-23T21:08:47Z,-38.06,0.0,176.73,0.0,5.0,0.0,ML,,,,1.2,0.1,2
3551187,2011-07-23T21:20:04Z,-43.52,0.0,172.16,0.0,5.0,0.0,ML,,,,2.8,0.3,5
3551188,2011-07-23T21:22:17Z,-38.05,0.0,176.74,0.0,2.0,0.0,ML,,,,1.7,0.1,5
3551194,2011-07-23T21:49:48Z,-46.17,0.0,166.78,0.0,92.0,3.0,ML,,,,2.9,0.2,8
3551197,2011-07-23T21:54:46Z,-37.77,0.0,175.73,0.0,5.0,0.0,ML,,,,2.3,0.1,5
3551210,2011-07-23T22:40:11Z,-40.31,0.0,176.67,0.0,24.0,2.0,ML,,,,2.8,0.2,17
3551212,2011-07-23T22:48:46Z,-38.61,0.0,176.22,0.0,5.0,0.0,ML,,,,1.4,0.2,3
3551271,2011-07-24T01:59:49Z,-43.9,0.0,171.56,0.0,26.0,2.0,ML,,,,2.9,0.2,5
3551320,2011-07-24T04:50:43Z,-43.57,0.0,172.65,0.0,9.0,1.0,ML,,,,2.5,0.2,4
3551329,2011-07-24T05:17:15Z,-40.02,0.0,176.76,0.0,43.0,2.0,ML,,,,2.4,0.1,5
3551330,2011-07-24T05:18:45Z,-38.53,0.0,175.52,0.0,153.0,2.0,ML,,,,3.3,0.2,10
3551341,2011-07-24T05:49:00Z,-37.83,0.1,175.84,0.1,174.0,8.0,ML,,,,3.4,0.2,9
3551371,2011-07-24T07:18:19Z,-38.55,0.0,175.83,0.0,150.0,3.0,ML,,,,3.3,0.2,10
3551378,2011-07-24T07:41:11Z,-38.11,0.0,176.71,0.0,5.0,0.0,ML,,,,1.9,0.0,5
3551380,2011-07-24T07:47:50Z,-41.87,0.0,172.82,0.0,86.0,3.0,ML,,,,3.4,0.2,15
3551385,2011-07-24T08:02:02Z,-43.56,0.0,172.35,0.0,10.0,1.0,ML,,,,2.6,0.3,5
3551394,2011-07-24T08:40:22Z,-39.71,0.0,176.77,0.0,18.0,2.0,ML,,,,2.8,0.2,23
3551412,2011-07-24T09:33:38Z,-40.3,0.0,174.16,0.0,124.0,2.0,Mw,4.5,nan,0,5.2,0.2,55
3551452,2011-07-24T11:39:51Z,-40.91,0.0,175.55,0.0,21.0,1.0,ML,,,,2.0,0.2,5
3551455,2011-07-24T11:49:35Z,-43.58,0.0,172.66,0.0,9.0,1.0,ML,,,,2.4,0.3,4
3551469,2011-07-24T12:26:51Z,-38.99,0.0,178.14,0.0,28.0,1.0,ML,,,,2.7,0.2,9
3551494,2011-07-24T14:00:43Z,-43.55,0.0,172.4,0.0,2.0,0.0,ML,,,,2.5,0.1,4
3551526,2011-07-24T15:36:04Z,-39.46,0.0,176.38,0.0,61.0,2.0,ML,,,,2.5,0.2,6
3551529,2011-07-24T15:45:05Z,-37.64,0.0,177.29,0.0,104.0,2.0,ML,,,,3.0,0.1,8
3551547,2011-07-24T16:29:17Z,-40.27,0.0,176.5,0.0,12.0,0.0,ML,,,,2.7,0.1,23
3551569,2011-07-24T17:29:07Z,-43.58,0.0,172.74,0.0,5.0,0.0,ML,,,,2.8,0.2,4
3551575,2011-07-24T17:49:24Z,-39.39,0.0,174.47,0.0,188.0,4.0,ML,,,,3.7,0.2,28
3551618,2011-07-24T19:40:20Z,-45.18,0.0,167.32,0.0,80.0,4.0,ML,,,,2.6,0.2,8
3551621,2011-07-24T19:49:22Z,-41.41,0.0,173.18,0.0,85.0,3.0,ML,,,,2.8,0.1,4
3551627,2011-07-24T20:09:39Z,-45.11,0.0,167.26,0.0,63.0,3.0,ML,,,,3.0,0.2,7
3551640,2011-07-24T20:49:59Z,-45.12,0.0,167.51,0.0,78.0,4.0,ML,,,,2.5,0.3,6
3551649,2011-07-24T21:19:02Z,-43.73,0.0,172.92,0.0,5.0,0.0,ML,,,,2.8,0.1,5
3551700,2011-07-24T23:55:08Z,-38.58,0.0,175.6,0.1,168.0,6.0,ML,,,,3.4,0.2,7
3551708,2011-07-25T00:28:37Z,-40.88,0.0,173.81,0.0,73.0,2.0,ML,,,,3.0,0.1,7
3551731,2011-07-25T01:35:43Z,-39.26,0.0,173.96,0.0,27.0,3.0,ML,,,,2.4,0.2,4
3551732,2011-07-25T01:39:16Z,-42.83,0.0,172.82,0.0,33.0,0.0,ML,,,,3.1,0.4,7
3629247,2011-07-25T03:13:42Z,-40.34,0.0,176.03,0.0,26.0,2.0,ML,,,,2.0,0.1,5
3551775,2011-07-25T03:47:55Z,-43.59,0.0,172.76,0.0,5.0,0.0,ML,,,,2.7,0.2,4
3551803,2011-07-25T04:58:26Z,-45.35,0.0,167.11,0.0,72.0,1.0,ML,,,,2.7,0.3,8
3551822,2011-07-25T05:47:50Z,-43.51,0.0,172.76,0.0,10.0,1.0,ML,,,,3.0,0.2,8
3629254,2011-07-25T07:15:38Z,-40.64,0.0,176.95,0.0,29.0,2.0,ML,,,,2.4,0.3,4
3551852,2011-07-25T07:15:41Z,-43.61,0.0,172.33,0.0,5.0,0.0,ML,,,,2.3,0.1,4
3551868,2011-07-25T08:03:20Z,-41.08,0.0,175.06,0.0,29.0,1.0,ML,,,,2.1,0.1,5
3551874,2011-07-25T08:21:08Z,-40.97,0.0,175.52,0.0,30.0,1.0,ML,,,,2.4,0.2,9
3551896,2011-07-25T09:24:53Z,-39.22,0.0,173.61,0.0,17.0,3.0,ML,,,,2.4,0.3,5
3551915,2011-07-25T10:31:27Z,-43.3,0.0,172.05,0.0,9.0,0.0,ML,,,,2.3,0.2,5
3551923,2011-07-25T11:00:03Z,-43.6,0.0,172.43,0.0,5.0,0.0,ML,,,,2.9,0.2,6
3551954,2011-07-25T12:30:53Z,-43.53,0.0,170.26,0.0,5.0,0.0,ML,,,,2.2,0.2,8
3551959,2011-07-25T12:43:19Z,-37.43,0.1,176.37,0.1,212.0,6.0,ML,,,,3.5,0.3,15
3551960,2011-07-25T12:47:33Z,-38.5,0.0,177.54,0.0,34.0,2.0,ML,,,,2.4,0.2,4
3551963,2011-07-25T12:56:12Z,-41.25,0.0,172.53,0.0,188.0,3.0,ML,,,,2.9,0.0,2
3551968,2011-07-25T13:13:45Z,-39.2,0.0,175.03,0.0,30.0,1.0,ML,,,,2.2,0.1,8
3551969,2011-07-25T13:20:34Z,-43.54,0.0,172.89,0.0,5.0,0.0,ML,,,,2.6,0.3,7
3552001,2011-07-25T15:04:16Z,-38.85,0.0,177.98,0.0,29.0,2.0,ML,,,,2.4,0.1,6
3552031,2011-07-25T16:33:54Z,-40.18,0.0,174.2,0.0,108.0,4.0,ML,,,,2.1,0.0,2
3552043,2011-07-25T17:17:39Z,-40.61,0.0,175.73,0.0,14.0,1.0,ML,,,,2.0,0.2,5
3552046,2011-07-25T17:30:08Z,-43.45,0.0,172.17,0.0,5.0,0.0,ML,,,,2.5,0.2,6
3552145,2011-07-25T19:28:02Z,-39.51,0.0,175.69,0.0,15.0,1.0,ML,,,,2.1,0.3,13
3552104,2011-07-25T20:47:08Z,-39.34,0.0,174.88,0.0,30.0,1.0,ML,,,,1.9,0.2,4
3552107,2011-07-25T20:55:57Z,-39.22,0.0,173.83,0.0,15.0,2.0,ML,,,,2.4,0.2,8
3552147,2011-07-25T22:58:24Z,-43.6,0.0,172.64,0.0,6.0,1.0,ML,,,,2.6,0.1,4
3552149,2011-07-25T23:07:41Z,-39.27,0.0,174.81,0.0,31.0,1.0,ML,,,,2.2,0.2,8
3552151,2011-07-25T23:08:39Z,-44.23,0.0,168.65,0.0,5.0,0.0,ML,,,,2.8,0.2,4
3552217,2011-07-26T02:07:07Z,-37.5,0.0,177.61,0.0,85.0,3.0,ML,,,,3.3,0.1,10
3552222,2011-07-26T02:20:51Z,-36.63,0.1,177.18,0.1,135.0,15.0,ML,,,,3.1,0.2,5
3552232,2011-07-26T02:49:29Z,-37.46,0.1,179.08,0.1,33.0,0.0,ML,,,,3.8,0.2,15
3552253,2011-07-26T03:44:05Z,-43.64,0.0,172.2,0.0,12.0,0.0,ML,,,,2.6,0.3,5
3552282,2011-07-26T05:09:16Z,-41.07,0.0,175.07,0.0,27.0,1.0,ML,,,,2.2,0.1,8
3552287,2011-07-26T05:27:26Z,-38.15,0.1,176.16,0.1,209.0,7.0,ML,,,,3.4,0.3,8
3629250,2011-07-26T05:28:45Z,-41.27,0.0,174.41,0.0,38.0,2.0,ML,,,,2.4,0.1,5
3552300,2011-07-26T06:10:13Z,-43.51,0.0,172.12,0.0,5.0,0.0,ML,,,,2.7,0.3,10
3552311,2011-07-26T06:43:07Z,-43.68,0.0,172.89,0.0,5.0,0.0,ML,,,,3.2,0.2,8
3552321,2011-07-26T07:06:49Z,-39.74,0.1,174.09,0.0,172.0,14.0,ML,,,,3.2,0.1,4
3552330,2011-07-26T07:27:14Z,-38.4,0.0,178.4,0.0,26.0,2.0,ML,,,,2.5,0.2,5
3552348,2011-07-26T08:18:19Z,-39.2,0.0,174.44,0.0,27.0,1.0,ML,,,,1.6,0.2,6
3552354,2011-07-26T08:32:46Z,-41.03,0.0,175.31,0.0,25.0,1.0,ML,,,,2.1,0.3,5
3552359,2011-07-26T08:48:20Z,-37.53,0.0,178.83,0.0,26.0,2.0,ML,,,,2.3,0.2,7
3552366,2011-07-26T09:12:14Z,-39.88,0.0,176.23,0.0,36.0,2.0,ML,,,,2.3,0.2,6
3552371,2011-07-26T09:25:07Z,-41.01,0.0,174.78,0.0,33.0,1.0,ML,,,,2.5,0.1,12
3552383,2011-07-26T09:53:29Z,-40.4,0.0,176.03,0.0,52.0,3.0,ML,,,,2.5,0.1,5
3552395,2011-07-26T10:24:42Z,-39.24,0.0,175.5,0.0,9.0,2.0,ML,,,,1.5,0.3,7
3552396,2011-07-26T10:27:22Z,-40.17,0.0,176.51,0.0,28.0,1.0,ML,,,,2.4,0.1,9
3552401,2011-07-26T10:38:52Z,-38.35,0.0,177.34,0.0,40.0,2.0,ML,,,,2.1,0.1,5
3629714,2011-07-26T12:12:40Z,-43.58,0.0,172.82,0.0,5.0,0.0,ML,,,,2.9,0.3,5
3552654,2011-07-26T13:05:39Z,-43.64,0.0,172.13,0.0,12.0,0.0,ML,,,,2.6,0.2,4
3552446,2011-07-26T13:06:41Z,-36.31,0.0,175.69,0.0,5.0,0.0,ML,,,,2.5,0.2,5
3552453,2011-07-26T13:20:42Z,-39.83,0.0,176.66,0.0,41.0,3.0,ML,,,,2.2,0.2,6
3552459,2011-07-26T13:31:51Z,-44.49,0.0,168.36,0.0,5.0,0.0,ML,,,,2.6,0.1,4
3552466,2011-07-26T13:50:44Z,-37.76,0.0,175.73,0.0,5.0,0.0,ML,,,,2.0,0.2,6
3552470,2011-07-26T14:03:59Z,-37.06,0.1,177.37,0.1,132.0,5.0,ML,,,,2.7,0.1,5
3552510,2011-07-26T15:38:12Z,-40.85,0.0,174.74,0.0,20.0,2.0,ML,,,,2.2,0.2,7
3552519,2011-07-26T16:00:43Z,-40.19,0.0,174.34,0.0,110.0,3.0,ML,,,,3.1,0.1,15
3552536,2011-07-26T16:43:13Z,-38.29,0.0,176.43,0.0,5.0,0.0,ML,,,,1.5,0.1,5
3552545,2011-07-26T17:08:44Z,-39.99,0.0,176.7,0.0,44.0,2.0,ML,,,,2.6,0.1,5
3552612,2011-07-26T19:58:29Z,-40.16,0.0,174.34,0.0,12.0,0.0,ML,,,,2.6,0.2,9
3552639,2011-07-26T21:21:36Z,-39.95,0.0,176.71,0.0,41.0,4.0,ML,,,,2.5,0.2,5
3552649,2011-07-26T21:47:01Z,-43.48,0.0,172.73,0.0,22.0,1.0,ML,,,,2.7,0.1,4
3552664,2011-07-26T22:26:10Z,-40.32,0.0,175.65,0.0,39.0,2.0,ML,,,,2.7,0.1,13
3552676,2011-07-26T22:57:08Z,-36.49,0.1,177.27,0.1,131.0,20.0,ML,,,,3.5,0.2,7
3552693,2011-07-26T23:47:52Z,-40.28,0.0,176.69,0.0,16.0,2.0,ML,,,,2.4,0.1,6
3552707,2011-07-27T00:35:38Z,-43.43,0.0,170.75,0.0,5.0,0.0,ML,,,,2.7,0.1,5
3552729,2011-07-27T01:27:36Z,-38.46,0.0,175.99,0.0,140.0,5.0,ML,,,,3.4,0.4,14
3552748,2011-07-27T02:08:36Z,-39.66,0.0,173.9,0.0,227.0,4.0,ML,,,,3.8,0.2,20
3552763,2011-07-27T02:48:49Z,-43.62,0.0,171.87,0.0,5.0,0.0,ML,,,,2.6,0.4,8
3552783,2011-07-27T03:30:46Z,-38.93,0.0,175.83,0.0,5.0,0.0,ML,,,,1.8,0.3,5
3552790,2011-07-27T03:47:54Z,-38.34,0.0,178.01,0.0,61.0,3.0,ML,,,,2.7,0.2,7
3552827,2011-07-27T05:37:50Z,-39.25,0.0,173.87,0.0,23.0,1.0,ML,,,,2.2,0.2,3
3629689,2011-07-27T05:37:55Z,-41.33,0.0,174.84,0.0,29.0,0.0,ML,,,,2.4,0.1,9
3552868,2011-07-27T07:18:51Z,-43.56,0.0,172.77,0.0,7.0,1.0,ML,,,,3.2,0.2,9
3552906,2011-07-27T09:02:31Z,-42.35,0.0,172.35,0.0,25.0,5.0,ML,,,,1.7,0.2,3
3629692,2011-07-27T09:03:06Z,-38.62,0.0,176.21,0.0,5.0,0.0,ML,,,,1.9,0.1,3
3552921,2011-07-27T09:40:09Z,-41.4,0.0,175.09,0.0,24.0,1.0,ML,,,,2.1,0.1,3
3552927,2011-07-27T09:55:36Z,-38.56,0.0,175.71,0.0,171.0,5.0,ML,,,,3.5,0.3,26
3552930,2011-07-27T10:04:44Z,-45.09,0.0,167.38,0.0,127.0,4.0,ML,,,,3.2,0.2,8
3552943,2011-07-27T10:41:19Z,-41.4,0.0,175.09,0.0,24.0,1.0,ML,,,,2.1,0.1,8
3552949,2011-07-27T10:59:03Z,-39.24,0.0,173.87,0.0,22.0,1.0,ML,,,,2.6,0.1,5
3552956,2011-07-27T11:15:24Z,-39.11,0.0,175.66,0.0,4.0,0.0,ML,,,,2.1,0.2,8
3552975,2011-07-27T12:03:33Z,-39.9,0.0,176.72,0.0,38.0,4.0,ML,,,,2.4,0.2,7
3553019,2011-07-27T13:56:20Z,-40.11,0.0,174.95,0.0,28.0,2.0,ML,,,,2.7,0.2,18
3553025,2011-07-27T14:11:32Z,-40.31,0.0,174.71,0.0,29.0,3.0,ML,,,,2.3,0.3,8
3553043,2011-07-27T15:00:14Z,-39.86,0.0,176.65,0.0,38.0,2.0,ML,,,,2.5,0.1,11
3553044,2011-07-27T15:01:39Z,-40.4,0.0,176.34,0.0,30.0,1.0,ML,,,,2.4,0.1,6
3553053,2011-07-27T15:35:08Z,-40.84,0.0,175.51,0.0,28.0,1.0,ML,,,,2.6,0.2,12
3553065,2011-07-27T16:05:13Z,-43.59,0.0,172.61,0.0,6.0,1.0,ML,,,,2.7,0.1,5
3553095,2011-07-27T17:31:35Z,-43.6,0.0,172.76,0.0,5.0,0.0,ML,,,,2.5,0.2,4
3553097,2011-07-27T17:34:34Z,-39.93,0.0,176.67,0.0,47.0,2.0,ML,,,,3.0,0.2,21
3553103,2011-07-27T17:53:11Z,-43.41,0.0,172.57,0.0,5.0,0.0,ML,,,,2.6,0.3,10
3553129,2011-07-27T18:59:53Z,-43.57,0.0,172.42,0.0,5.0,0.0,ML,,,,2.7,0.3,6
3553141,2011-07-27T19:33:21Z,-43.58,0.0,172.02,0.0,7.0,1.0,ML,,,,3.6,0.2,17
3553178,2011-07-27T21:16:32Z,-39.36,0.0,175.0,0.0,30.0,1.0,ML,,,,2.3,0.1,9
3553221,2011-07-27T23:25:09Z,-43.66,0.0,172.85,0.0,7.0,1.0,ML,,,,3.3,0.3,7
3553240,2011-07-28T00:21:23Z,-44.92,0.0,167.88,0.0,12.0,0.0,ML,,,,2.9,0.1,8
3553257,2011-07-28T01:09:11Z,-40.38,0.0,176.87,0.0,18.0,3.0,ML,,,,3.5,0.2,45
3553258,2011-07-28T01:13:07Z,-40.3,0.0,176.74,0.0,26.0,2.0,ML,,,,2.7,0.1,11
3553261,2011-07-28T01:20:20Z,-40.29,0.0,176.75,0.0,12.0,0.0,ML,,,,1.9,0.2,6
3553275,2011-07-28T01:54:38Z,-38.77,0.0,176.28,0.0,63.0,3.0,ML,,,,2.7,0.1,5
3553294,2011-07-28T02:35:55Z,-43.67,0.0,171.59,0.0,5.0,0.0,ML,,,,2.7,0.4,7
3553301,2011-07-28T02:56:28Z,-43.58,0.0,172.32,0.0,5.0,0.0,ML,,,,2.6,0.3,5
3553307,2011-07-28T03:10:18Z,-39.8,0.0,173.9,0.0,198.0,7.0,ML,,,,3.4,0.3,14
3553314,2011-07-28T03:32:48Z,-37.93,0.0,178.56,0.0,15.0,4.0,ML,,,,2.7,0.2,8
3553334,2011-07-28T04:36:08Z,-43.6,0.0,172.49,0.0,5.0,0.0,ML,,,,2.5,0.1,3
3553335,2011-07-28T04:38:49Z,-43.59,0.0,172.77,0.0,8.0,0.0,ML,,,,2.6,0.2,4
3630908,2011-07-28T04:39:19Z,-38.66,0.0,177.42,0.0,59.0,3.0,ML,,,,2.5,0.2,5
3553341,2011-07-28T04:55:29Z,-37.94,0.0,178.51,0.1,15.0,5.0,ML,,,,2.2,0.2,4
3553345,2011-07-28T05:09:26Z,-43.65,0.0,171.59,0.0,5.0,0.0,ML,,,,2.6,0.3,6
3553352,2011-07-28T05:31:36Z,-40.18,0.0,174.95,0.0,20.0,2.0,ML,,,,3.1,0.2,39
3553354,2011-07-28T05:35:35Z,-40.18,0.0,174.87,0.0,12.0,0.0,ML,,,,3.0,0.1,30
3553362,2011-07-28T05:55:37Z,-41.47,0.0,172.93,0.0,93.0,2.0,ML,,,,2.7,0.3,5
3553366,2011-07-28T06:06:47Z,-39.62,0.0,176.22,0.0,30.0,1.0,ML,,,,2.3,0.2,9
3553376,2011-07-28T06:40:06Z,-38.99,0.0,178.37,0.0,26.0,2.0,ML,,,,3.4,0.2,24
3553391,2011-07-28T07:20:48Z,-42.21,0.0,174.66,0.0,33.0,2.0,ML,,,,3.8,0.2,37
3553398,2011-07-28T07:43:10Z,-39.4,0.0,173.63,0.0,16.0,2.0,ML,,,,2.1,0.2,4
3553426,2011-07-28T08:57:25Z,-40.63,0.0,176.06,0.0,29.0,1.0,ML,,,,3.2,0.2,36
3643081,2011-07-28T09:03:11Z,-36.18,0.1,178.44,0.1,33.0,0.0,ML,,,,2.9,0.2,5
3553427,2011-07-28T09:04:13Z,-39.07,0.0,177.56,0.0,12.0,0.0,ML,,,,2.0,0.1,7
3553474,2011-07-28T11:09:21Z,-38.82,0.0,177.91,0.0,41.0,2.0,ML,,,,2.1,0.1,8
3643495,2011-07-28T11:16:40Z,-38.28,0.0,176.42,0.0,7.0,4.0,ML,,,,1.7,0.1,3
3553476,2011-07-28T11:17:29Z,-40.19,0.0,174.93,0.0,17.0,3.0,ML,,,,2.4,0.1,16
3553495,2011-07-28T12:17:36Z,-43.58,0.0,172.49,0.0,5.0,0.0,ML,,,,2.7,0.2,4
3553710,2011-07-28T12:19:06Z,-39.32,0.0,174.91,0.0,33.0,0.0,ML,,,,2.1,0.1,7
3553507,2011-07-28T12:50:22Z,-40.3,0.0,176.79,0.0,11.0,2.0,ML,,,,2.2,0.2,8
3648065,2011-07-28T15:15:25Z,-40.82,0.0,172.75,0.0,5.0,0.0,ML,,,,1.6,0.1,3
3553570,2011-07-28T15:25:52Z,-37.93,0.0,178.5,0.0,16.0,3.0,ML,,,,2.3,0.2,6
3553578,2011-07-28T15:48:55Z,-41.07,0.0,175.09,0.0,28.0,1.0,ML,,,,2.4,0.1,9
3553590,2011-07-28T16:20:49Z,-39.72,0.0,177.04,0.0,12.0,0.0,ML,,,,2.2,0.1,6
3553598,2011-07-28T16:38:10Z,-37.67,0.0,179.02,0.1,33.0,0.0,ML,,,,2.7,0.1,8
3553600,2011-07-28T16:45:56Z,-44.5,0.0,167.97,0.0,12.0,0.0,ML,,,,2.8,0.3,7
3553635,2011-07-28T18:29:10Z,-43.61,0.0,172.74,0.1,5.0,0.0,ML,,,,2.9,0.4,6
3553637,2011-07-28T18:30:12Z,-43.6,0.0,172.52,0.0,7.0,2.0,ML,,,,2.9,0.2,5
3553640,2011-07-28T18:40:18Z,-40.59,0.0,175.86,0.0,33.0,0.0,ML,,,,2.4,0.1,9
3553652,2011-07-28T19:12:10Z,-45.11,0.0,167.43,0.0,74.0,1.0,ML,,,,3.6,0.2,15
3553654,2011-07-28T19:17:40Z,-40.6,0.0,174.1,0.0,78.0,3.0,ML,,,,2.8,0.3,11
3553664,2011-07-28T19:47:59Z,-45.35,0.1,166.62,0.1,5.0,0.0,ML,,,,2.7,0.3,6
3553694,2011-07-28T21:11:09Z,-42.26,0.0,172.74,0.0,5.0,0.0,ML,,,,2.8,0.3,9
3553734,2011-07-28T23:10:07Z,-41.51,0.0,172.31,0.0,5.0,0.0,ML,,,,2.4,0.3,4
3553790,2011-07-29T01:55:43Z,-39.12,0.0,175.96,0.0,63.0,4.0,ML,,,,2.6,0.1,4
3553856,2011-07-29T04:33:14Z,-40.09,0.0,176.39,0.0,23.0,3.0,ML,,,,2.2,0.2,4
3553863,2011-07-29T04:48:47Z,-40.62,0.0,175.32,0.0,31.0,1.0,ML,,,,2.3,0.2,6
3553871,2011-07-29T05:18:02Z,-39.75,0.0,175.08,0.0,31.0,1.0,ML,,,,2.3,0.2,11
3553873,2011-07-29T05:26:52Z,-43.47,0.0,172.72,0.0,10.0,1.0,ML,,,,2.4,0.1,3
3553915,2011-07-29T07:21:40Z,-40.9,0.0,174.12,0.0,52.0,5.0,ML,,,,2.4,0.2,6
3553955,2011-07-29T09:00:38Z,-39.41,0.0,175.19,0.0,27.0,2.0,ML,,,,2.2,0.3,8
3553958,2011-07-29T09:10:51Z,-43.58,0.0,172.4,0.0,9.0,1.0,ML,,,,3.4,0.1,11
3553966,2011-07-29T09:27:46Z,-40.2,0.0,174.96,0.0,23.0,3.0,ML,,,,2.6,0.1,9
3553990,2011-07-29T10:22:33Z,-39.62,0.0,174.24,0.0,209.0,4.0,ML,,,,3.3,0.1,5
3553994,2011-07-29T10:34:34Z,-39.73,0.0,175.36,0.0,70.0,2.0,ML,,,,4.1,0.3,50
3553997,2011-07-29T10:43:59Z,-40.95,0.0,174.48,0.0,59.0,2.0,ML,,,,2.9,0.2,10
3554002,2011-07-29T10:59:17Z,-38.6,0.0,176.21,0.0,5.0,0.0,ML,,,,1.9,0.2,7
3554011,2011-07-29T11:19:52Z,-40.43,0.1,173.6,0.1,201.0,10.0,ML,,,,3.4,0.2,2
3554018,2011-07-29T11:42:00Z,-37.75,0.0,175.74,0.0,5.0,0.0,ML,,,,2.2,0.1,4
3554022,2011-07-29T11:54:05Z,-36.32,0.1,177.49,0.1,209.0,8.0,ML,,,,3.4,0.3,4
3554048,2011-07-29T13:05:24Z,-42.27,0.0,177.63,0.1,33.0,0.0,ML,,,,3.7,0.3,8
3554087,2011-07-29T14:52:25Z,-39.36,0.0,175.01,0.0,31.0,1.0,ML,,,,2.3,0.1,6
3554119,2011-07-29T16:04:38Z,-34.45,0.0,178.33,0.0,33.0,0.0,ML,,,,3.9,0.2,4
3554126,2011-07-29T16:24:56Z,-39.2,0.0,174.79,0.0,26.0,1.0,ML,,,,2.6,0.3,6
3554165,2011-07-29T18:02:02Z,-41.3,0.0,174.99,0.0,25.0,0.0,ML,,,,1.9,0.1,6
3554166,2011-07-29T18:04:24Z,-43.6,0.0,172.77,0.0,9.0,0.0,ML,,,,3.6,0.2,14
3554172,2011-07-29T18:19:44Z,-40.06,0.0,176.41,0.0,27.0,2.0,ML,,,,2.0,0.1,5
3554174,2011-07-29T18:23:37Z,-43.58,0.0,172.64,0.0,5.0,0.0,ML,,,,2.7,0.3,7
3554175,2011-07-29T18:25:51Z,-39.83,0.0,174.79,0.0,33.0,0.0,ML,,,,3.0,0.2,35
3554176,2011-07-29T18:28:24Z,-44.83,0.0,167.7,0.0,78.0,2.0,ML,,,,2.5,0.2,6
3554210,2011-07-29T20:12:23Z,-43.61,0.0,172.42,0.0,8.0,2.0,ML,,,,3.6,0.2,16
3554255,2011-07-29T22:18:04Z,-40.62,0.0,176.74,0.0,30.0,1.0,ML,,,,2.5,0.1,8
3554274,2011-07-29T23:10:51Z,-44.62,0.0,168.19,0.0,76.0,4.0,ML,,,,2.7,0.2,9
3554278,2011-07-29T23:23:24Z,-40.21,0.0,174.87,0.0,12.0,0.0,ML,,,,2.1,0.1,6
3554279,2011-07-29T23:26:16Z,-43.65,0.0,172.83,0.0,5.0,0.0,ML,,,,2.3,0.3,4
3554284,2011-07-29T23:42:16Z,-43.31,0.0,170.82,0.0,5.0,0.0,ML,,,,2.1,0.2,5
3554285,2011-07-29T23:47:56Z,-40.41,0.0,176.06,0.0,34.0,1.0,ML,,,,2.5,0.2,13
3554287,2011-07-29T23:51:43Z,-45.95,0.0,166.86,0.0,66.0,3.0,ML,,,,2.7,0.3,7
3554293,2011-07-30T00:13:32Z,-40.04,0.0,176.44,0.0,24.0,1.0,ML,,,,2.1,0.1,7
3554305,2011-07-30T00:52:08Z,-39.51,0.0,176.2,0.0,67.0,2.0,ML,,,,2.5,0.2,8
3630323,2011-07-30T01:21:25Z,-36.95,0.0,177.42,0.0,127.0,5.0,ML,,,,2.8,0.2,4
3554324,2011-07-30T01:48:36Z,-45.48,0.0,167.01,0.0,74.0,3.0,ML,,,,2.6,0.2,5
3554330,2011-07-30T02:10:34Z,-43.31,0.0,170.84,0.0,5.0,0.0,ML,,,,2.4,0.2,6
3554337,2011-07-30T02:35:35Z,-43.3,0.0,170.85,0.0,5.0,0.0,ML,,,,2.5,0.2,9
3554346,2011-07-30T03:03:22Z,-42.52,0.0,173.01,0.0,33.0,0.0,ML,,,,2.8,0.3,8
3554360,2011-07-30T03:41:12Z,-39.57,0.0,177.12,0.0,27.0,1.0,ML,,,,2.5,0.2,9
3554362,2011-07-30T03:44:17Z,-43.59,0.0,172.61,0.0,5.0,0.0,ML,,,,2.5,0.3,4
3554380,2011-07-30T04:36:27Z,-39.72,0.0,176.52,0.0,33.0,1.0,ML,,,,3.1,0.2,38
3554385,2011-07-30T04:46:12Z,-39.29,0.0,175.98,0.0,59.0,2.0,ML,,,,2.9,0.2,13
3554420,2011-07-30T06:28:58Z,-41.3,0.0,172.71,0.0,146.0,4.0,ML,,,,2.5,nan,1
3630337,2011-07-30T06:30:00Z,-38.17,0.0,178.98,0.0,33.0,0.0,ML,,,,2.4,0.1,4
3554430,2011-07-30T07:00:59Z,-40.14,0.0,176.38,0.0,48.0,1.0,ML,,,,2.5,0.2,8
3554444,2011-07-30T07:37:57Z,-36.14,0.1,177.41,0.1,186.0,15.0,ML,,,,3.5,0.2,7
3554465,2011-07-30T08:29:07Z,-40.26,0.0,176.13,0.0,26.0,2.0,ML,,,,2.2,0.2,8
3554469,2011-07-30T08:42:29Z,-40.83,0.0,175.51,0.0,27.0,1.0,ML,,,,2.7,0.2,20
3554471,2011-07-30T08:50:18Z,-39.93,0.0,176.63,0.0,48.0,2.0,ML,,,,2.2,0.3,6
3554490,2011-07-30T09:46:51Z,-35.82,0.0,178.22,0.1,33.0,0.0,ML,,,,3.4,0.2,5
3554494,2011-07-30T10:00:14Z,-37.06,0.1,177.05,0.0,139.0,7.0,ML,,,,3.1,0.2,10
3554495,2011-07-30T10:04:37Z,-38.98,0.0,178.28,0.0,30.0,1.0,ML,,,,2.3,0.2,4
3554502,2011-07-30T10:26:08Z,-38.26,0.0,176.11,0.0,139.0,4.0,ML,,,,3.1,0.2,11
3554525,2011-07-30T11:22:08Z,-40.19,0.0,174.68,0.0,27.0,3.0,ML,,,,2.7,0.2,8
3554528,2011-07-30T11:28:32Z,-40.34,0.0,173.89,0.0,116.0,6.0,ML,,,,2.6,0.1,4
3630362,2011-07-30T11:29:32Z,-43.6,0.0,172.49,0.0,5.0,0.0,ML,,,,2.6,0.2,3
3554552,2011-07-30T12:39:35Z,-44.91,0.0,167.65,0.0,85.0,2.0,ML,,,,3.0,0.1,5
3554555,2011-07-30T12:52:51Z,-39.7,0.0,176.49,0.0,32.0,1.0,ML,,,,2.4,0.1,8
3554565,2011-07-30T13:26:47Z,-40.85,0.0,175.52,0.0,26.0,1.0,ML,,,,1.8,0.1,4
3554587,2011-07-30T14:44:40Z,-43.31,0.0,170.86,0.0,5.0,0.0,ML,,,,2.7,0.3,13
3554591,2011-07-30T14:59:50Z,-45.53,0.0,167.07,0.0,70.0,3.0,ML,,,,2.2,0.2,4
3554621,2011-07-30T16:43:45Z,-40.2,0.0,174.9,0.0,12.0,0.0,ML,,,,1.9,0.1,5
3554636,2011-07-30T17:34:15Z,-41.37,0.0,172.71,0.0,127.0,5.0,ML,,,,2.7,0.1,2
3554637,2011-07-30T17:36:39Z,-43.3,0.0,170.84,0.0,5.0,0.0,ML,,,,2.2,0.3,3
3554639,2011-07-30T17:42:40Z,-43.29,0.0,170.85,0.0,5.0,0.0,ML,,,,2.2,0.2,5
3554653,2011-07-30T18:34:51Z,-38.49,0.0,174.75,0.0,12.0,0.0,ML,,,,1.9,0.2,8
3554655,2011-07-30T18:39:07Z,-39.5,0.0,175.69,0.0,13.0,1.0,ML,,,,1.7,0.1,6
3554656,2011-07-30T18:40:38Z,-39.24,0.0,175.23,0.0,5.0,0.0,ML,,,,1.8,0.2,4
3554659,2011-07-30T18:47:02Z,-40.19,0.0,174.84,0.0,12.0,0.0,ML,,,,2.3,0.3,13
3554663,2011-07-30T18:56:22Z,-43.25,0.0,170.81,0.0,12.0,0.0,ML,,,,2.3,0.2,8
3554667,2011-07-30T19:08:23Z,-37.3,0.0,177.48,0.0,55.0,6.0,ML,,,,2.7,0.1,3
3554669,2011-07-30T19:14:22Z,-36.81,0.0,177.4,0.0,33.0,0.0,ML,,,,3.1,0.2,6
3554672,2011-07-30T19:23:56Z,-40.84,0.0,172.57,0.0,17.0,1.0,ML,,,,2.3,0.2,5
3554683,2011-07-30T20:03:41Z,-39.77,0.0,176.56,0.0,24.0,2.0,ML,,,,2.0,0.2,8
3554686,2011-07-30T20:14:12Z,-43.61,0.0,172.59,0.0,6.0,1.0,ML,,,,3.2,0.2,6
3554691,2011-07-30T20:31:26Z,-41.06,0.0,174.05,0.0,47.0,3.0,ML,,,,2.5,0.1,6
3554692,2011-07-30T20:36:33Z,-43.53,0.0,172.73,0.0,6.0,1.0,ML,,,,2.7,0.2,5
3554703,2011-07-30T21:11:54Z,-43.57,0.0,172.74,0.0,5.0,0.0,ML,,,,2.7,0.3,6
3554704,2011-07-30T21:15:11Z,-40.54,0.0,176.49,0.0,29.0,1.0,ML,,,,2.4,0.2,11
3554705,2011-07-30T21:16:53Z,-37.81,0.0,176.76,0.0,5.0,0.0,ML,,,,2.2,0.1,11
3554707,2011-07-30T21:22:33Z,-43.25,0.0,170.81,0.0,5.0,0.0,ML,,,,2.6,0.3,9
3554722,2011-07-30T22:12:13Z,-39.67,0.0,176.95,0.0,37.0,2.0,ML,,,,2.7,0.1,9
3554734,2011-07-30T22:51:57Z,-41.03,0.0,174.65,0.0,34.0,1.0,ML,,,,2.4,0.1,8
3554735,2011-07-30T22:55:50Z,-37.31,0.1,176.36,0.1,179.0,8.0,ML,,,,3.1,0.3,13
3554762,2011-07-31T00:09:28Z,-39.13,0.0,175.64,0.0,4.0,1.0,ML,,,,2.0,0.2,7
3554765,2011-07-31T00:13:20Z,-40.94,0.0,175.03,0.0,56.0,2.0,ML,,,,3.1,0.2,19
3554771,2011-07-31T00:31:16Z,-39.26,0.0,178.73,0.0,33.0,0.0,ML,,,,2.8,0.2,10
3554809,2011-07-31T02:27:38Z,-44.47,0.0,168.1,0.0,5.0,0.0,ML,,,,2.2,0.2,5
3554814,2011-07-31T02:49:00Z,-45.73,0.0,167.08,0.0,5.0,0.0,ML,,,,3.3,0.1,4
3554850,2011-07-31T04:20:20Z,-41.28,0.1,172.74,0.1,209.0,5.0,ML,,,,3.1,0.1,4
3554854,2011-07-31T04:35:09Z,-39.72,0.0,176.48,0.0,29.0,1.0,ML,,,,2.5,0.2,19
3554860,2011-07-31T04:54:34Z,-43.48,0.0,172.81,0.0,5.0,0.0,ML,,,,2.7,0.2,4
3554874,2011-07-31T05:36:14Z,-44.94,0.0,167.63,0.0,77.0,2.0,ML,,,,2.3,0.2,6
3554875,2011-07-31T05:38:09Z,-43.57,0.0,172.4,0.0,5.0,0.0,ML,,,,2.3,0.1,3
3554892,2011-07-31T06:23:27Z,-39.56,0.0,177.11,0.0,29.0,1.0,ML,,,,2.8,0.2,19
3554894,2011-07-31T06:31:32Z,-40.82,0.0,176.14,0.0,24.0,3.0,ML,,,,1.8,0.3,5
3554903,2011-07-31T07:00:42Z,-39.59,0.0,177.16,0.0,34.0,6.0,ML,,,,2.0,0.2,6
3554910,2011-07-31T07:18:00Z,-38.1,0.0,175.81,0.0,143.0,5.0,ML,,,,3.2,0.2,10
3554920,2011-07-31T07:46:20Z,-39.61,0.0,176.16,0.0,34.0,2.0,ML,,,,1.9,0.2,5
3554921,2011-07-31T07:47:59Z,-39.27,0.0,176.27,0.0,62.0,3.0,ML,,,,2.3,0.2,5
3554926,2011-07-31T08:01:30Z,-41.03,0.0,174.63,0.0,34.0,1.0,ML,,,,2.3,0.2,13
3554933,2011-07-31T08:22:28Z,-38.5,0.0,175.77,0.0,157.0,4.0,ML,,,,3.0,0.3,11
3554934,2011-07-31T08:26:45Z,-39.25,0.0,173.83,0.0,16.0,1.0,ML,,,,2.0,0.2,5
3554943,2011-07-31T08:50:15Z,-41.89,0.0,174.12,0.0,5.0,0.0,ML,,,,2.2,0.2,9
3554944,2011-07-31T08:53:30Z,-38.37,0.0,177.81,0.0,25.0,1.0,ML,,,,2.5,0.2,8
3554945,2011-07-31T08:55:18Z,-37.15,0.0,179.55,0.0,5.0,0.0,ML,,,,2.9,0.2,8
3554948,2011-07-31T09:08:09Z,-41.94,0.0,174.16,0.0,5.0,0.0,ML,,,,2.1,0.2,7
3554950,2011-07-31T09:15:03Z,-40.27,0.0,174.91,0.0,31.0,2.0,ML,,,,2.2,0.2,8
3554957,2011-07-31T09:40:09Z,-41.63,0.0,173.2,0.0,64.0,3.0,ML,,,,2.2,0.0,2
3554961,2011-07-31T09:53:11Z,-39.58,0.0,177.25,0.1,33.0,0.0,ML,,,,2.4,0.2,5
3554975,2011-07-31T10:24:04Z,-45.02,0.0,167.53,0.0,78.0,1.0,ML,,,,2.8,0.1,5
3554991,2011-07-31T11:03:21Z,-38.35,0.0,177.8,0.0,20.0,3.0,ML,,,,2.0,0.2,9
3555041,2011-07-31T13:43:18Z,-39.49,0.0,177.07,0.0,33.0,0.0,ML,,,,2.4,0.1,5
3555049,2011-07-31T14:07:29Z,-45.09,0.0,167.31,0.0,100.0,1.0,Mw,4.6,nan,0,4.9,0.2,25
3555054,2011-07-31T14:25:01Z,-43.3,0.0,170.84,0.0,5.0,0.0,ML,,,,2.4,0.2,11
3555069,2011-07-31T15:16:07Z,-43.58,0.0,172.63,0.0,7.0,0.0,ML,,,,3.6,0.3,14
3555082,2011-07-31T15:56:05Z,-40.39,0.0,176.12,0.0,39.0,1.0,ML,,,,2.4,0.1,7
3555083,2011-07-31T16:01:15Z,-40.8,0.0,173.8,0.0,83.0,3.0,ML,,,,2.3,0.2,6
3555087,2011-07-31T16:15:15Z,-36.76,0.0,177.3,0.0,141.0,5.0,ML,,,,3.3,0.1,6
3555089,2011-07-31T16:19:00Z,-38.52,0.0,175.92,0.0,121.0,5.0,ML,,,,2.9,0.3,19
3555094,2011-07-31T16:33:13Z,-39.31,0.0,177.7,0.0,29.0,1.0,ML,,,,2.5,0.2,5
3555115,2011-07-31T17:26:20Z,-45.19,0.0,167.36,0.0,75.0,2.0,ML,,,,2.7,0.1,3
3555119,2011-07-31T17:35:28Z,-36.5,0.1,176.8,0.1,210.0,6.0,ML,,,,3.8,0.2,11
3555125,2011-07-31T17:51:56Z,-40.36,0.0,174.27,0.0,85.0,2.0,ML,,,,3.5,0.2,38
3555132,2011-07-31T18:21:59Z,-43.52,0.0,172.37,0.0,8.0,2.0,ML,,,,2.8,0.1,5
3555160,2011-07-31T19:55:42Z,-37.82,0.0,176.16,0.1,145.0,5.0,ML,,,,3.2,0.3,14
3555173,2011-07-31T20:35:46Z,-45.08,0.0,167.42,0.0,90.0,3.0,ML,,,,2.6,0.3,8
3555182,2011-07-31T20:58:25Z,-39.24,0.0,175.34,0.0,17.0,1.0,ML,,,,1.8,0.1,6
3555209,2011-07-31T22:22:56Z,-39.77,0.0,176.11,0.0,5.0,0.0,ML,,,,2.2,0.2,8
3555233,2011-07-31T23:35:24Z,-43.57,0.0,172.38,0.0,5.0,0.0,ML,,,,3.3,0.1,8
3555246,2011-08-01T00:16:26Z,-40.68,0.0,174.66,0.0,33.0,0.0,ML,,,,2.3,0.1,5
3555252,2011-08-01T00:34:39Z,-43.57,0.0,172.39,0.0,9.0,1.0,ML,,,,3.5,0.2,12
3555289,2011-08-01T02:30:33Z,-41.35,0.0,172.86,0.0,117.0,2.0,ML,,,,2.5,0.0,2
3555294,2011-08-01T02:45:26Z,-43.59,0.0,172.36,0.0,5.0,0.0,ML,,,,2.4,0.4,3
3555304,2011-08-01T03:14:51Z,-38.93,0.0,176.37,0.0,46.0,3.0,ML,,,,2.3,0.2,7
3555305,2011-08-01T03:17:37Z,-39.44,0.0,175.69,0.0,64.0,3.0,ML,,,,2.4,0.2,9
3555322,2011-08-01T03:59:27Z,-40.81,0.0,176.39,0.0,27.0,2.0,ML,,,,3.2,0.3,31
3555703,2011-08-01T05:14:45Z,-45.48,0.0,167.07,0.0,75.0,0.0,ML,,,,2.6,0.2,8
3555350,2011-08-01T05:15:27Z,-43.57,0.0,172.39,0.0,5.0,0.0,ML,,,,3.2,0.1,7
3555355,2011-08-01T05:25:07Z,-39.17,0.0,174.94,0.1,217.0,3.0,ML,,,,3.3,0.2,19
3555356,2011-08-01T05:27:47Z,-43.64,0.0,172.79,0.0,5.0,0.0,ML,,,,2.6,0.3,5
3555358,2011-08-01T05:29:53Z,-44.35,0.0,168.1,0.0,5.0,0.0,ML,,,,2.9,0.2,5
3555365,2011-08-01T05:53:46Z,-41.6,0.0,174.32,0.0,15.0,1.0,ML,,,,2.8,0.1,15
3555378,2011-08-01T06:33:31Z,-36.95,0.0,177.43,0.0,128.0,4.0,ML,,,,3.1,0.3,17
3630787,2011-08-01T06:34:04Z,-43.54,0.0,170.65,0.0,5.0,0.0,ML,,,,2.1,0.3,6
3555383,2011-08-01T06:52:21Z,-41.16,0.1,172.56,0.0,211.0,3.0,ML,,,,3.4,0.3,9
3555386,2011-08-01T07:03:03Z,-44.54,0.0,166.9,0.1,12.0,0.0,ML,,,,2.6,0.1,9
3555393,2011-08-01T07:24:15Z,-43.6,0.0,172.5,0.0,5.0,0.0,ML,,,,2.5,0.2,5
3555395,2011-08-01T07:32:06Z,-39.47,0.0,175.69,0.0,13.0,1.0,ML,,,,2.1,0.1,10
3555396,2011-08-01T07:33:21Z,-40.39,0.0,174.52,0.0,61.0,4.0,ML,,,,2.6,0.2,16
3555397,2011-08-01T07:35:02Z,-38.84,0.0,175.87,0.0,5.0,0.0,ML,,,,1.6,0.3,6
3555402,2011-08-01T07:48:40Z,-44.25,0.0,169.84,0.0,5.0,0.0,ML,,,,2.6,0.3,11
3555408,2011-08-01T08:05:02Z,-44.63,0.0,170.19,0.0,5.0,0.0,ML,,,,2.9,0.2,8
3555421,2011-08-01T08:41:45Z,-44.34,0.0,169.51,0.0,5.0,0.0,ML,,,,3.2,0.3,11
3555425,2011-08-01T08:50:43Z,-39.28,0.0,177.13,0.0,30.0,2.0,ML,,,,2.2,0.1,7
3555426,2011-08-01T08:53:02Z,-38.03,0.0,177.53,0.0,75.0,2.0,ML,,,,2.3,0.2,5
3555429,2011-08-01T09:03:32Z,-40.31,0.0,173.4,0.0,174.0,4.0,ML,,,,3.3,0.3,18
3555439,2011-08-01T09:33:24Z,-41.33,0.0,172.37,0.0,5.0,0.0,ML,,,,1.9,0.3,4
3555440,2011-08-01T09:37:05Z,-44.35,0.0,168.12,0.0,5.0,0.0,ML,,,,2.6,0.3,11
3555450,2011-08-01T10:06:15Z,-45.73,0.0,167.05,0.0,5.0,0.0,ML,,,,2.5,0.3,11
3555456,2011-08-01T10:32:32Z,-40.42,0.0,176.32,0.0,27.0,1.0,ML,,,,1.9,0.2,9
3555467,2011-08-01T11:01:00Z,-38.88,0.0,175.86,0.0,5.0,0.0,ML,,,,1.5,0.3,7
3555474,2011-08-01T11:27:17Z,-43.33,0.0,172.04,0.0,10.0,2.0,ML,,,,2.8,0.4,9
3555477,2011-08-01T11:36:23Z,-39.88,0.0,176.61,0.0,45.0,2.0,ML,,,,2.6,0.1,10
3630831,2011-08-01T11:37:07Z,-43.46,0.0,172.73,0.0,12.0,0.0,ML,,,,2.3,0.2,5
3555481,2011-08-01T11:49:13Z,-39.41,0.0,174.89,0.0,29.0,1.0,ML,,,,1.9,0.2,14
3555490,2011-08-01T12:18:09Z,-40.12,0.0,176.87,0.0,29.0,1.0,ML,,,,2.3,0.2,15
3555494,2011-08-01T12:27:20Z,-38.67,0.0,176.87,0.0,52.0,4.0,ML,,,,2.1,0.2,7
3555511,2011-08-01T13:20:55Z,-45.12,0.0,167.43,0.0,119.0,2.0,ML,,,,3.1,0.3,13
3555518,2011-08-01T13:43:47Z,-43.61,0.0,172.68,0.0,9.0,2.0,ML,,,,2.6,0.4,8
3630845,2011-08-01T14:35:12Z,-43.59,0.0,172.07,0.0,5.0,0.0,ML,,,,2.5,0.3,7
3555537,2011-08-01T14:35:32Z,-38.5,0.0,177.9,0.0,38.0,2.0,ML,,,,2.9,0.2,12
3555540,2011-08-01T14:39:58Z,-39.4,0.0,174.33,0.0,253.0,3.0,ML,,,,4.1,0.2,48
3555546,2011-08-01T14:54:09Z,-39.22,0.0,173.6,0.0,12.0,0.0,ML,,,,2.0,0.2,6
3555556,2011-08-01T15:25:45Z,-39.29,0.0,174.92,0.0,32.0,1.0,ML,,,,2.0,0.1,12
3555573,2011-08-01T16:16:35Z,-41.02,0.0,173.41,0.0,96.0,6.0,ML,,,,2.5,0.1,4
3630861,2011-08-01T16:17:34Z,-38.76,0.0,177.99,0.0,48.0,2.0,ML,,,,2.2,0.1,7
3555574,2011-08-01T16:22:15Z,-47.52,0.0,165.74,0.1,33.0,0.0,ML,,,,3.5,0.2,9
3555578,2011-08-01T16:27:13Z,-47.42,0.1,165.77,0.1,33.0,0.0,ML,,,,3.0,0.3,7
3555586,2011-08-01T16:45:56Z,-40.66,0.0,176.69,0.0,29.0,1.0,ML,,,,2.3,0.2,10
3555591,2011-08-01T17:03:46Z,-39.21,0.0,175.66,0.0,84.0,2.0,ML,,,,2.7,0.2,18
3555593,2011-08-01T17:10:34Z,-37.01,0.0,177.61,0.0,33.0,0.0,ML,,,,2.5,0.1,8
3555605,2011-08-01T17:47:42Z,-37.09,0.0,177.04,0.0,137.0,6.0,ML,,,,2.9,0.2,14
3555608,2011-08-01T17:58:35Z,-38.25,0.0,176.61,0.0,81.0,2.0,ML,,,,2.1,0.2,5
3555618,2011-08-01T18:19:04Z,-38.77,0.0,177.76,0.0,39.0,3.0,ML,,,,2.1,0.1,4
3555632,2011-08-01T18:57:57Z,-40.0,0.0,176.64,0.0,49.0,2.0,ML,,,,2.3,0.2,11
3555636,2011-08-01T19:09:23Z,-45.56,0.1,167.08,0.1,78.0,7.0,ML,,,,2.4,0.4,6
3555638,2011-08-01T19:15:52Z,-38.66,0.0,176.0,0.0,90.0,4.0,ML,,,,2.7,0.2,11
3555640,2011-08-01T19:23:08Z,-43.63,0.0,172.37,0.0,16.0,2.0,ML,,,,2.5,0.2,4
3555650,2011-08-01T19:55:51Z,-45.14,0.0,167.32,0.0,116.0,2.0,ML,,,,3.1,0.3,10
3555651,2011-08-01T20:01:57Z,-43.59,0.0,172.68,0.0,8.0,1.0,ML,,,,2.7,0.1,4
3630891,2011-08-01T20:20:40Z,-43.62,0.0,172.32,0.0,5.0,0.0,ML,,,,2.5,0.2,5
3630892,2011-08-01T20:22:45Z,-38.35,0.0,178.08,0.0,36.0,3.0,ML,,,,2.2,0.1,7
3555657,2011-08-01T20:22:46Z,-40.46,0.0,174.07,0.0,78.0,5.0,ML,,,,3.5,0.2,31
3555661,2011-08-01T20:35:48Z,-46.18,0.0,166.05,0.1,12.0,0.0,ML,,,,2.9,0.2,9
3555678,2011-08-01T21:23:12Z,-43.22,0.0,172.09,0.0,5.0,0.0,ML,,,,2.2,0.3,5
3555686,2011-08-01T21:37:25Z,-43.52,0.0,172.17,0.0,5.0,0.0,ML,,,,2.5,0.3,8
3555693,2011-08-01T21:56:22Z,-44.71,0.0,167.89,0.0,97.0,4.0,ML,,,,2.8,0.3,10
3555696,2011-08-01T22:04:04Z,-38.17,0.0,176.98,0.0,71.0,2.0,ML,,,,3.6,0.2,28
3555708,2011-08-01T22:36:47Z,-43.42,0.0,170.76,0.0,5.0,0.0,ML,,,,2.4,0.3,9
3555732,2011-08-01T23:46:53Z,-36.79,0.1,177.17,0.2,147.0,7.0,ML,,,,2.9,0.2,5
3555747,2011-08-02T00:34:34Z,-43.21,0.0,172.09,0.0,5.0,0.0,ML,,,,3.1,0.4,12
3555749,2011-08-02T00:36:07Z,-43.21,0.0,172.09,0.0,5.0,0.0,ML,,,,2.7,0.4,11
3555766,2011-08-02T01:23:00Z,-37.76,0.0,177.98,0.0,73.0,2.0,ML,,,,2.3,0.1,3
3555767,2011-08-02T01:29:26Z,-45.9,0.0,166.98,0.1,76.0,4.0,ML,,,,2.4,0.3,5
3555778,2011-08-02T01:59:51Z,-41.09,0.0,173.65,0.0,64.0,2.0,ML,,,,2.1,0.1,3
3555779,2011-08-02T02:01:35Z,-35.29,0.1,178.84,0.1,223.0,12.0,ML,,,,3.8,0.3,22
3555790,2011-08-02T02:35:51Z,-38.12,0.0,175.96,0.0,173.0,4.0,ML,,,,3.3,0.1,7
3555794,2011-08-02T02:53:09Z,-38.56,0.0,177.88,0.0,23.0,2.0,ML,,,,2.5,0.1,7
3555802,2011-08-02T03:09:09Z,-43.21,0.0,172.08,0.0,7.0,1.0,ML,,,,2.4,0.2,4
3555803,2011-08-02T03:14:56Z,-44.86,0.0,167.38,0.0,5.0,0.0,ML,,,,2.5,0.3,4
3555807,2011-08-02T03:25:12Z,-38.97,0.0,177.38,0.0,38.0,2.0,ML,,,,3.6,0.3,34
3555810,2011-08-02T03:31:11Z,-44.89,0.0,167.72,0.1,77.0,6.0,ML,,,,2.4,0.4,5
3631305,2011-08-02T04:21:25Z,-44.32,0.0,168.04,0.0,5.0,0.0,ML,,,,3.1,0.2,10
3555833,2011-08-02T04:25:02Z,-37.77,0.0,176.23,0.0,198.0,5.0,ML,,,,4.2,0.2,51
3555838,2011-08-02T04:39:17Z,-38.78,0.0,177.96,0.0,29.0,1.0,ML,,,,2.8,0.2,11
3555846,2011-08-02T05:02:13Z,-37.11,0.0,176.69,0.0,189.0,6.0,ML,,,,3.3,0.3,12
3555853,2011-08-02T05:25:04Z,-35.3,0.1,178.65,0.1,210.0,9.0,ML,,,,3.8,0.1,6
3555859,2011-08-02T05:36:02Z,-36.99,0.0,-179.42,0.0,33.0,0.0,ML,,,,4.0,0.1,16
3555863,2011-08-02T05:47:31Z,-43.28,0.0,170.84,0.0,5.0,0.0,ML,,,,2.6,0.3,10
3555876,2011-08-02T06:20:57Z,-43.56,0.0,172.6,0.0,3.0,0.0,ML,,,,2.6,0.3,5
3555889,2011-08-02T06:53:46Z,-35.8,0.1,178.4,0.1,174.0,12.0,ML,,,,3.5,0.1,5
3633759,2011-08-02T06:54:19Z,-38.9,0.0,178.5,0.0,33.0,0.0,ML,,,,2.5,0.2,6
3555892,2011-08-02T07:05:34Z,-39.21,0.0,177.73,0.0,29.0,1.0,ML,,,,2.2,0.1,7
3555900,2011-08-02T07:29:04Z,-42.21,0.0,172.89,0.0,33.0,0.0,ML,,,,2.3,0.4,6
3555901,2011-08-02T07:33:28Z,-39.71,0.0,177.03,0.0,43.0,2.0,ML,,,,2.7,0.2,10
3633772,2011-08-02T07:41:16Z,-43.62,0.0,172.3,0.0,5.0,0.0,ML,,,,2.2,0.1,4
3555905,2011-08-02T07:42:50Z,-39.77,0.0,176.82,0.0,49.0,2.0,ML,,,,2.2,0.1,8
3633770,2011-08-02T07:43:39Z,-42.14,0.0,173.43,0.0,28.0,2.0,ML,,,,2.6,0.4,8
3555912,2011-08-02T08:02:00Z,-40.05,0.0,176.73,0.0,12.0,0.0,ML,,,,1.6,0.2,5
3633779,2011-08-02T08:02:06Z,-43.62,0.0,172.81,0.0,5.0,0.0,ML,,,,2.5,0.3,5
3555918,2011-08-02T08:14:36Z,-43.62,0.0,172.58,0.0,5.0,0.0,ML,,,,2.7,0.3,4
3555922,2011-08-02T08:20:53Z,-39.83,0.0,176.66,0.0,47.0,3.0,ML,,,,1.9,0.2,6
3555923,2011-08-02T08:23:34Z,-40.53,0.0,173.47,0.0,161.0,3.0,ML,,,,3.1,0.3,15
3555925,2011-08-02T08:27:14Z,-40.79,0.0,175.25,0.0,31.0,1.0,ML,,,,2.4,0.2,6
3555934,2011-08-02T08:44:19Z,-39.19,0.0,174.75,0.0,23.0,1.0,ML,,,,2.0,0.2,13
3555942,2011-08-02T09:05:18Z,-38.34,0.0,175.84,0.1,168.0,5.0,ML,,,,3.1,0.4,19
3555954,2011-08-02T09:35:27Z,-43.62,0.0,172.31,0.0,5.0,0.0,ML,,,,2.0,0.2,4
3555956,2011-08-02T09:41:23Z,-43.51,0.0,172.91,0.0,5.0,0.0,ML,,,,2.6,0.2,5
3555960,2011-08-02T09:50:34Z,-36.97,0.0,177.6,0.0,33.0,0.0,ML,,,,2.5,0.1,8
3555962,2011-08-02T09:53:37Z,-40.58,0.0,174.16,0.0,96.0,3.0,ML,,,,3.0,0.1,9
3633800,2011-08-02T09:54:20Z,-37.22,0.0,179.51,0.1,33.0,0.0,ML,,,,3.6,0.1,13
3555967,2011-08-02T10:09:15Z,-46.32,0.0,168.8,0.0,21.0,2.0,ML,,,,2.6,0.3,11
3555981,2011-08-02T10:58:30Z,-40.85,0.0,174.73,0.0,15.0,2.0,ML,,,,2.3,0.2,5
3555982,2011-08-02T10:59:37Z,-40.85,0.0,174.74,0.0,19.0,1.0,ML,,,,2.0,0.2,6
3633825,2011-08-02T11:00:20Z,-38.33,0.0,176.34,0.0,5.0,0.0,ML,,,,1.2,0.2,5
3555983,2011-08-02T11:01:24Z,-38.33,0.0,176.35,0.0,5.0,0.0,ML,,,,1.3,0.2,5
3555990,2011-08-02T11:23:52Z,-40.96,0.0,172.92,0.0,195.0,3.0,ML,,,,3.4,0.2,8
3555998,2011-08-02T11:44:26Z,-38.98,0.0,177.47,0.0,29.0,1.0,ML,,,,2.3,0.1,9
3556002,2011-08-02T11:59:59Z,-37.19,0.0,179.52,0.0,12.0,0.0,ML,,,,2.9,0.1,10
3556007,2011-08-02T12:20:52Z,-43.59,0.0,172.51,0.0,5.0,0.0,ML,,,,2.2,0.2,3
3556021,2011-08-02T13:06:29Z,-43.32,0.0,172.04,0.0,10.0,1.0,ML,,,,2.6,0.3,8
3556034,2011-08-02T13:38:24Z,-39.0,0.0,177.51,0.0,30.0,1.0,ML,,,,2.9,0.2,20
3556040,2011-08-02T13:55:12Z,-37.07,0.0,179.46,0.0,12.0,0.0,ML,,,,3.6,0.1,14
3556049,2011-08-02T14:22:31Z,-38.16,0.0,176.64,0.0,86.0,2.0,ML,,,,2.6,0.4,6
3556062,2011-08-02T14:50:56Z,-40.23,0.0,176.38,0.0,49.0,1.0,ML,,,,2.2,0.2,8
3556065,2011-08-02T14:59:25Z,-38.94,0.0,177.33,0.0,32.0,1.0,ML,,,,1.6,0.2,5
3633856,2011-08-02T14:59:53Z,-40.22,0.0,175.98,0.0,68.0,1.0,ML,,,,2.3,0.2,13
3556073,2011-08-02T15:18:25Z,-39.93,0.0,176.61,0.0,45.0,2.0,ML,,,,2.2,0.3,13
3556074,2011-08-02T15:22:48Z,-39.78,0.0,177.12,0.1,12.0,0.0,ML,,,,2.0,0.1,7
3556076,2011-08-02T15:25:52Z,-39.78,0.0,177.15,0.1,12.0,0.0,ML,,,,1.9,0.1,7
3556077,2011-08-02T15:28:52Z,-41.35,0.0,173.75,0.0,60.0,3.0,ML,,,,2.6,0.2,14
3556086,2011-08-02T15:47:16Z,-37.87,0.0,176.36,0.0,133.0,4.0,ML,,,,2.9,0.3,15
3556099,2011-08-02T16:25:48Z,-43.57,0.0,172.69,0.0,9.0,1.0,ML,,,,3.0,0.2,4
3556109,2011-08-02T16:56:46Z,-47.32,0.1,166.01,0.1,12.0,0.0,ML,,,,2.9,0.3,7
3556110,2011-08-02T16:59:56Z,-47.45,0.1,165.87,0.1,33.0,0.0,ML,,,,2.9,0.4,3
3556751,2011-08-02T17:00:10Z,-43.58,0.0,172.42,0.0,2.0,0.0,ML,,,,2.9,0.3,7
3633879,2011-08-02T17:00:24Z,-44.47,0.0,167.86,0.0,5.0,0.0,ML,,,,2.3,0.1,4
3556124,2011-08-02T17:47:34Z,-47.68,0.1,165.68,0.1,12.0,0.0,ML,,,,3.4,0.2,10
3633900,2011-08-02T19:19:41Z,-39.88,0.0,176.97,0.1,26.0,3.0,ML,,,,2.4,0.1,4
3556174,2011-08-02T20:13:02Z,-37.58,0.0,177.52,0.0,54.0,2.0,ML,,,,3.4,0.1,18
3556176,2011-08-02T20:18:34Z,-37.92,0.0,179.03,0.0,30.0,1.0,ML,,,,2.8,0.2,6
3556184,2011-08-02T20:48:49Z,-40.94,0.0,172.9,0.0,194.0,5.0,ML,,,,3.1,0.3,6
3556185,2011-08-02T20:53:12Z,-45.43,0.0,166.67,0.0,12.0,0.0,ML,,,,2.4,0.2,5
3556187,2011-08-02T20:58:54Z,-43.59,0.0,172.61,0.0,5.0,0.0,ML,,,,2.5,0.1,3
3634223,2011-08-02T20:59:25Z,-44.26,0.0,169.83,0.0,5.0,0.0,ML,,,,2.2,0.3,7
3556208,2011-08-02T22:03:47Z,-40.84,0.0,175.51,0.0,25.0,1.0,ML,,,,1.8,0.2,5
3556213,2011-08-02T22:27:02Z,-43.5,0.0,172.6,0.0,12.0,1.0,ML,,,,2.6,0.3,6
3556216,2011-08-02T22:30:41Z,-36.88,0.1,176.66,0.1,211.0,5.0,ML,,,,3.3,0.3,11
3556263,2011-08-03T00:19:40Z,-44.34,0.0,168.06,0.0,5.0,0.0,ML,,,,2.5,0.4,4
3556267,2011-08-03T00:35:24Z,-41.3,0.0,172.58,0.0,189.0,3.0,ML,,,,2.8,0.1,2
3556282,2011-08-03T01:24:03Z,-41.68,0.0,172.6,0.0,82.0,2.0,ML,,,,2.5,nan,1
3556294,2011-08-03T01:50:31Z,-40.97,0.0,176.0,0.0,28.0,1.0,ML,,,,2.2,0.1,11
3634241,2011-08-03T01:54:03Z,-45.11,0.0,167.39,0.0,12.0,0.0,ML,,,,2.5,0.2,10
3556297,2011-08-03T01:54:14Z,-39.61,0.0,174.56,0.1,206.0,4.0,ML,,,,3.3,0.3,14
3556311,2011-08-03T02:23:50Z,-43.59,0.0,172.8,0.0,7.0,0.0,ML,,,,3.5,0.2,14
3556322,2011-08-03T02:49:48Z,-43.57,0.0,172.82,0.0,5.0,0.0,ML,,,,2.9,0.2,4
3556324,2011-08-03T02:55:56Z,-38.56,0.0,177.91,0.0,20.0,3.0,ML,,,,2.4,0.1,4
3556380,2011-08-03T05:26:49Z,-40.72,0.0,173.99,0.0,59.0,5.0,ML,,,,2.4,0.3,7
3556381,2011-08-03T05:32:36Z,-45.12,0.0,167.36,0.0,5.0,0.0,ML,,,,2.7,0.1,3
3556386,2011-08-03T05:46:29Z,-37.8,0.0,176.76,0.0,5.0,0.0,ML,,,,2.0,0.1,5
3556392,2011-08-03T05:59:17Z,-39.66,0.0,176.3,0.0,31.0,1.0,ML,,,,2.4,0.2,16
3556396,2011-08-03T06:11:57Z,-39.94,0.0,176.62,0.0,47.0,3.0,ML,,,,2.2,0.2,6
3556398,2011-08-03T06:15:50Z,-39.62,0.0,176.26,0.0,33.0,1.0,ML,,,,2.0,0.2,5
3556410,2011-08-03T06:47:07Z,-38.43,0.0,176.76,0.0,62.0,2.0,ML,,,,2.7,0.1,7
3556412,2011-08-03T06:53:37Z,-40.04,0.0,176.7,0.0,49.0,1.0,ML,,,,2.3,0.2,12
3556421,2011-08-03T07:26:31Z,-40.67,0.0,174.71,0.0,70.0,2.0,ML,,,,2.8,0.2,13
3556450,2011-08-03T08:55:11Z,-40.4,0.0,176.28,0.0,23.0,1.0,ML,,,,2.4,0.1,5
3556451,2011-08-03T08:56:54Z,-43.57,0.0,172.4,0.0,10.0,1.0,ML,,,,3.0,0.2,6
3556452,2011-08-03T09:03:23Z,-39.78,0.0,176.86,0.0,47.0,3.0,ML,,,,2.0,0.2,7
3556460,2011-08-03T09:20:17Z,-40.33,0.0,176.8,0.1,18.0,3.0,ML,,,,2.0,0.3,8
3556466,2011-08-03T09:32:24Z,-37.18,0.0,177.37,0.0,5.0,0.0,ML,,,,3.4,0.2,14
3556470,2011-08-03T09:45:06Z,-43.61,0.0,172.68,0.0,8.0,1.0,ML,,,,2.5,0.4,6
3556477,2011-08-03T10:09:25Z,-43.57,0.0,172.8,0.0,5.0,0.0,ML,,,,2.4,0.2,5
3556479,2011-08-03T10:15:01Z,-40.47,0.0,174.47,0.0,33.0,0.0,ML,,,,2.2,0.3,6
3556484,2011-08-03T10:35:11Z,-38.43,0.0,176.87,0.0,97.0,3.0,ML,,,,2.8,0.3,9
3556495,2011-08-03T11:15:05Z,-40.35,0.0,176.7,0.0,18.0,3.0,ML,,,,2.3,0.2,9
3556505,2011-08-03T11:37:01Z,-39.92,0.0,176.6,0.0,31.0,1.0,ML,,,,2.2,0.2,12
3556523,2011-08-03T12:34:07Z,-39.68,0.0,176.89,0.0,30.0,2.0,ML,,,,2.1,0.1,10
3556524,2011-08-03T12:36:18Z,-39.22,0.0,177.33,0.0,27.0,2.0,ML,,,,2.5,0.1,8
3556531,2011-08-03T12:57:26Z,-38.28,0.0,178.27,0.0,32.0,1.0,ML,,,,2.0,0.1,3
3556545,2011-08-03T13:38:21Z,-38.31,0.1,175.98,0.1,115.0,8.0,ML,,,,2.7,0.4,5
3634323,2011-08-03T14:36:59Z,-42.11,0.0,173.68,0.0,33.0,0.0,ML,,,,2.7,0.2,5
3556563,2011-08-03T14:39:39Z,-43.6,0.0,172.51,0.0,5.0,0.0,ML,,,,2.7,0.3,4
3556574,2011-08-03T15:08:36Z,-43.59,0.0,172.88,0.0,8.0,1.0,Mw,4.0,nan,0,4.2,0.3,58
3556586,2011-08-03T15:44:09Z,-40.58,0.0,173.73,0.0,115.0,8.0,ML,,,,2.5,0.2,6
3556589,2011-08-03T15:51:23Z,-39.22,0.0,174.84,0.0,33.0,0.0,ML,,,,2.0,0.3,3
3556597,2011-08-03T16:19:05Z,-39.56,0.0,176.98,0.0,27.0,1.0,ML,,,,2.4,0.1,7
3556599,2011-08-03T16:23:49Z,-39.55,0.0,176.96,0.0,27.0,2.0,ML,,,,2.0,0.2,8
3556604,2011-08-03T16:37:05Z,-42.13,0.0,172.96,0.0,12.0,0.0,ML,,,,2.6,0.3,6
3556607,2011-08-03T16:47:21Z,-38.93,0.0,177.29,0.0,30.0,2.0,ML,,,,1.8,0.1,5
3556614,2011-08-03T17:06:33Z,-35.62,0.1,178.44,0.2,222.0,15.0,ML,,,,3.3,0.2,4
3556619,2011-08-03T17:25:03Z,-38.62,0.0,176.21,0.0,5.0,0.0,ML,,,,2.0,0.2,8
3634349,2011-08-03T17:26:38Z,-43.55,0.0,170.65,0.0,5.0,0.0,ML,,,,2.2,0.3,8
3556631,2011-08-03T17:56:19Z,-38.65,0.0,175.74,0.0,153.0,3.0,ML,,,,3.5,0.2,30
3556642,2011-08-03T18:25:44Z,-41.03,0.0,175.42,0.0,27.0,1.0,ML,,,,1.7,0.1,7
3556645,2011-08-03T18:30:24Z,-46.11,0.0,166.26,0.1,12.0,0.0,ML,,,,3.4,0.2,8
3556649,2011-08-03T18:41:08Z,-43.61,0.0,172.52,0.0,5.0,0.0,ML,,,,2.8,0.1,3
3556660,2011-08-03T19:08:17Z,-39.24,0.0,173.88,0.0,19.0,1.0,ML,,,,1.6,0.0,3
3634360,2011-08-03T19:11:52Z,-38.78,0.0,177.48,0.0,45.0,3.0,ML,,,,3.0,0.2,17
3556667,2011-08-03T19:34:43Z,-38.59,0.0,177.3,0.0,56.0,3.0,ML,,,,2.5,0.2,6
3556711,2011-08-03T21:48:59Z,-43.57,0.0,172.19,0.0,8.0,2.0,ML,,,,2.7,0.3,7
3556712,2011-08-03T21:53:28Z,-43.46,0.0,172.75,0.0,12.0,0.0,ML,,,,2.6,0.2,4
3556715,2011-08-03T22:02:53Z,-39.6,0.0,176.45,0.0,46.0,3.0,ML,,,,2.9,0.2,17
3556716,2011-08-03T22:05:24Z,-35.81,0.1,178.21,0.1,193.0,10.0,ML,,,,3.6,0.2,8
3556726,2011-08-03T22:29:24Z,-38.3,0.0,177.76,0.0,33.0,1.0,ML,,,,2.3,0.1,6
3556754,2011-08-03T23:27:23Z,-40.9,0.0,172.88,0.0,187.0,2.0,ML,,,,2.6,0.1,2
3556760,2011-08-03T23:43:16Z,-38.06,0.0,176.99,0.0,61.0,3.0,ML,,,,2.4,0.1,4
3556775,2011-08-04T00:23:12Z,-43.64,0.0,172.47,0.0,5.0,0.0,ML,,,,2.6,0.3,5
3556792,2011-08-04T00:56:37Z,-43.6,0.0,172.35,0.0,5.0,0.0,ML,,,,2.3,0.2,5
3556819,2011-08-04T02:10:53Z,-40.18,0.0,176.51,0.0,34.0,1.0,ML,,,,2.2,0.2,8
3556840,2011-08-04T03:04:38Z,-41.87,0.0,174.01,0.0,12.0,0.0,ML,,,,2.3,0.2,10
3556850,2011-08-04T03:24:42Z,-38.66,0.0,178.58,0.0,33.0,0.0,ML,,,,2.5,0.1,5
3556855,2011-08-04T03:42:00Z,-39.76,0.0,176.65,0.0,43.0,3.0,ML,,,,1.9,0.1,5
3556863,2011-08-04T04:02:35Z,-39.25,0.0,173.77,0.0,12.0,0.0,ML,,,,2.1,0.2,3
3556893,2011-08-04T05:22:18Z,-38.9,0.0,178.01,0.0,27.0,2.0,ML,,,,2.6,0.1,6
3556905,2011-08-04T05:52:24Z,-41.87,0.0,174.02,0.0,12.0,0.0,ML,,,,2.1,0.1,5
3556910,2011-08-04T06:04:18Z,-40.44,0.0,176.44,0.0,22.0,1.0,ML,,,,2.1,0.2,7
3556924,2011-08-04T06:36:34Z,-38.17,0.0,176.01,0.0,135.0,7.0,ML,,,,3.1,0.3,15
3556967,2011-08-04T08:38:19Z,-45.73,0.0,167.06,0.0,5.0,0.0,ML,,,,2.6,0.2,8
3556980,2011-08-04T09:19:30Z,-39.25,0.0,175.43,0.0,20.0,2.0,ML,,,,1.4,0.3,5
3556994,2011-08-04T09:57:19Z,-44.39,0.0,168.33,0.0,5.0,0.0,ML,,,,2.2,0.3,9
3556998,2011-08-04T10:14:22Z,-39.25,0.0,174.95,0.0,224.0,4.0,ML,,,,3.1,0.3,17
3557003,2011-08-04T10:30:47Z,-39.77,0.0,177.08,0.0,10.0,2.0,ML,,,,2.0,0.1,6
3634742,2011-08-04T10:50:43Z,-37.19,0.1,177.06,0.1,135.0,8.0,ML,,,,2.7,0.3,6
3557010,2011-08-04T10:50:46Z,-41.2,0.0,173.37,0.0,110.0,5.0,ML,,,,2.3,0.2,2
3557014,2011-08-04T11:05:55Z,-40.14,0.0,176.61,0.0,21.0,2.0,ML,,,,2.0,0.2,10
3557035,2011-08-04T12:14:03Z,-36.42,0.1,176.8,0.2,223.0,13.0,ML,,,,3.5,0.3,11
3557068,2011-08-04T13:35:24Z,-41.84,0.0,172.01,0.0,5.0,0.0,ML,,,,2.0,0.4,4
3557078,2011-08-04T13:58:34Z,-41.14,0.0,173.32,0.0,102.0,5.0,ML,,,,2.5,0.2,5
3557087,2011-08-04T14:28:49Z,-44.52,0.0,168.37,0.0,5.0,0.0,ML,,,,2.3,0.3,8
3557104,2011-08-04T15:24:46Z,-41.0,0.0,176.43,0.0,32.0,1.0,ML,,,,2.8,0.2,11
3557113,2011-08-04T15:51:29Z,-39.94,0.0,176.79,0.0,12.0,0.0,ML,,,,2.0,0.2,10
3557114,2011-08-04T15:53:39Z,-39.94,0.0,176.56,0.0,30.0,1.0,ML,,,,1.8,0.2,11
3557135,2011-08-04T16:52:07Z,-39.52,0.0,175.65,0.0,19.0,1.0,ML,,,,1.6,0.2,9
3557136,2011-08-04T16:57:26Z,-43.39,0.0,172.12,0.0,5.0,0.0,ML,,,,2.5,0.3,7
3557148,2011-08-04T17:23:03Z,-44.6,0.0,167.66,0.0,5.0,0.0,ML,,,,2.7,0.2,13
3557165,2011-08-04T18:16:34Z,-45.58,0.0,167.0,0.0,76.0,2.0,ML,,,,2.6,0.2,11
3557167,2011-08-04T18:27:16Z,-40.44,0.0,174.29,0.0,73.0,4.0,ML,,,,2.8,0.1,7
3557184,2011-08-04T19:09:54Z,-38.86,0.0,177.92,0.0,28.0,1.0,ML,,,,3.1,0.2,24
3557188,2011-08-04T19:19:12Z,-38.23,0.0,178.67,0.0,29.0,2.0,ML,,,,2.8,0.2,8
3557196,2011-08-04T19:40:47Z,-40.56,0.0,176.77,0.0,12.0,0.0,ML,,,,2.4,0.1,7
3557199,2011-08-04T19:50:49Z,-43.62,0.0,172.66,0.0,9.0,1.0,ML,,,,2.8,0.3,7
3557203,2011-08-04T20:04:08Z,-40.99,0.0,175.21,0.0,31.0,1.0,ML,,,,2.3,0.2,11
3557230,2011-08-04T21:04:07Z,-39.67,0.0,174.05,0.0,156.0,4.0,ML,,,,3.1,0.2,8
3557238,2011-08-04T21:21:52Z,-39.52,0.0,175.09,0.0,99.0,3.0,ML,,,,3.0,0.3,14
3557252,2011-08-04T22:08:13Z,-38.74,0.0,176.04,0.0,94.0,1.0,ML,,,,2.5,0.1,4
3557267,2011-08-04T22:42:27Z,-38.86,0.0,177.92,0.0,27.0,1.0,ML,,,,2.9,0.2,15
3557270,2011-08-04T22:48:44Z,-43.53,0.0,172.72,0.0,6.0,1.0,ML,,,,2.8,0.2,5
3557277,2011-08-04T23:09:55Z,-43.65,0.0,172.45,0.0,5.0,0.0,ML,,,,2.7,0.1,4
3557280,2011-08-04T23:14:11Z,-40.98,0.0,175.6,0.0,28.0,1.0,ML,,,,2.2,0.1,6
3557330,2011-08-05T01:13:35Z,-45.72,0.0,167.06,0.0,5.0,0.0,ML,,,,3.1,0.3,4
3557344,2011-08-05T01:50:35Z,-38.89,0.0,178.02,0.0,26.0,1.0,ML,,,,2.3,0.1,3
3557354,2011-08-05T02:17:01Z,-38.07,0.1,176.36,0.1,179.0,5.0,ML,,,,3.0,0.2,6
3557356,2011-08-05T02:22:44Z,-41.26,0.0,173.15,0.0,115.0,3.0,ML,,,,3.1,0.1,8
3557380,2011-08-05T03:10:59Z,-40.91,0.0,175.22,0.0,31.0,1.0,ML,,,,1.8,0.2,6
3557401,2011-08-05T04:07:48Z,-37.03,0.0,176.37,0.0,217.0,4.0,ML,,,,3.9,0.2,39
3557420,2011-08-05T04:36:20Z,-35.52,0.1,179.04,0.1,218.0,11.0,ML,,,,4.0,0.2,8
3557440,2011-08-05T05:16:39Z,-37.87,0.0,176.06,0.0,171.0,4.0,ML,,,,3.6,0.2,23
3557453,2011-08-05T05:55:04Z,-43.6,0.0,172.48,0.0,5.0,0.0,ML,,,,2.8,0.2,4
3557456,2011-08-05T06:06:40Z,-45.88,0.0,167.01,0.0,5.0,0.0,ML,,,,2.3,0.1,6
3557468,2011-08-05T06:35:01Z,-39.53,0.0,177.25,0.1,24.0,3.0,ML,,,,2.3,0.1,5
3557470,2011-08-05T06:41:18Z,-40.1,0.0,174.41,0.0,110.0,4.0,ML,,,,2.9,0.2,10
3557492,2011-08-05T07:37:52Z,-45.18,0.0,166.8,0.1,12.0,0.0,ML,,,,3.9,0.2,17
3557506,2011-08-05T08:09:27Z,-38.21,0.0,176.65,0.0,79.0,2.0,ML,,,,2.4,0.2,4
3557512,2011-08-05T08:26:29Z,-43.6,0.0,172.51,0.0,5.0,0.0,ML,,,,2.6,0.2,4
3559924,2011-08-05T08:27:15Z,-37.85,0.0,178.43,0.0,12.0,0.0,ML,,,,2.4,0.1,6
3557518,2011-08-05T08:40:26Z,-38.9,0.0,175.85,0.0,5.0,0.0,ML,,,,1.8,0.2,9
3557529,2011-08-05T09:13:17Z,-39.25,0.0,173.84,0.0,17.0,1.0,ML,,,,1.6,0.1,4
3557538,2011-08-05T09:38:01Z,-43.56,0.0,172.79,0.0,10.0,1.0,ML,,,,2.7,0.2,4
3557554,2011-08-05T10:29:05Z,-39.09,0.0,177.52,0.0,28.0,1.0,ML,,,,2.5,0.1,14
3557567,2011-08-05T11:01:00Z,-38.53,0.0,176.45,0.0,5.0,0.0,ML,,,,1.7,0.2,5
3557583,2011-08-05T11:41:27Z,-39.22,0.0,175.33,0.0,11.0,1.0,ML,,,,2.3,0.2,17
3557586,2011-08-05T11:49:37Z,-38.08,0.0,176.74,0.0,5.0,1.0,ML,,,,1.4,0.0,1
3557589,2011-08-05T11:56:50Z,-38.07,0.0,176.74,0.0,5.0,0.0,ML,,,,1.7,0.2,4
3557597,2011-08-05T12:22:18Z,-37.83,0.0,178.8,0.0,33.0,0.0,ML,,,,2.5,0.1,8
3634837,2011-08-05T12:23:44Z,-45.63,0.0,167.23,0.0,5.0,0.0,ML,,,,2.3,0.1,4
3557607,2011-08-05T12:54:59Z,-38.07,0.0,176.73,0.0,5.0,0.0,ML,,,,1.6,0.2,5
3634843,2011-08-05T13:08:12Z,-42.06,0.0,173.63,0.0,29.0,2.0,ML,,,,2.4,0.4,9
3557620,2011-08-05T13:35:00Z,-37.88,0.0,178.29,0.0,22.0,2.0,ML,,,,2.2,0.2,5
3557626,2011-08-05T13:52:36Z,-39.34,0.0,175.42,0.0,19.0,1.0,ML,,,,1.9,0.1,4
3557645,2011-08-05T14:40:05Z,-43.62,0.0,172.57,0.0,11.0,1.0,ML,,,,3.7,0.2,17
3557648,2011-08-05T14:53:28Z,-41.07,0.0,176.37,0.1,29.0,2.0,ML,,,,2.1,0.2,5
3557653,2011-08-05T15:05:22Z,-38.88,0.0,175.52,0.0,112.0,3.0,ML,,,,3.2,0.1,14
3557662,2011-08-05T15:40:33Z,-38.86,0.0,177.91,0.0,26.0,1.0,ML,,,,2.5,0.2,8
3557665,2011-08-05T15:52:50Z,-38.52,0.0,176.43,0.0,5.0,0.0,ML,,,,1.7,0.1,4
3557667,2011-08-05T15:59:27Z,-41.22,0.0,173.28,0.0,104.0,2.0,ML,,,,2.4,0.1,3
3557680,2011-08-05T16:50:48Z,-43.59,0.0,172.6,0.0,5.0,0.0,ML,,,,2.5,0.2,3
3557682,2011-08-05T16:55:14Z,-43.32,0.0,170.63,0.0,5.0,0.0,ML,,,,2.9,0.3,12
3557698,2011-08-05T17:45:37Z,-43.63,0.0,172.46,0.0,5.0,0.0,ML,,,,2.6,0.3,4
3634860,2011-08-05T17:47:22Z,-38.91,0.0,177.92,0.0,27.0,2.0,ML,,,,2.1,0.1,6
3557699,2011-08-05T17:53:50Z,-39.19,0.0,174.75,0.0,25.0,1.0,ML,,,,2.1,0.1,5
3557700,2011-08-05T17:57:39Z,-40.62,0.0,174.68,0.0,28.0,2.0,ML,,,,2.4,0.1,17
3557717,2011-08-05T18:46:54Z,-38.3,0.0,175.86,0.0,193.0,2.0,ML,,,,4.5,0.2,55
3557730,2011-08-05T19:22:52Z,-45.72,0.0,167.08,0.0,5.0,0.0,ML,,,,2.6,0.3,8
3557734,2011-08-05T19:36:35Z,-41.28,0.0,175.0,0.0,27.0,1.0,ML,,,,2.3,0.0,6
3557737,2011-08-05T19:45:38Z,-39.99,0.0,175.9,0.0,15.0,1.0,ML,,,,2.3,0.2,14
3634870,2011-08-05T19:46:29Z,-39.52,0.0,177.14,0.0,35.0,3.0,ML,,,,2.2,0.2,5
3634871,2011-08-05T19:46:42Z,-45.89,0.0,167.0,0.0,5.0,0.0,ML,,,,2.8,0.2,4
3557749,2011-08-05T20:18:09Z,-36.81,0.1,-179.37,0.1,33.0,0.0,ML,,,,4.2,0.1,18
3557768,2011-08-05T21:09:06Z,-40.72,0.0,176.52,0.0,20.0,2.0,ML,,,,2.6,0.1,11
3557779,2011-08-05T21:42:02Z,-43.5,0.0,172.75,0.0,7.0,1.0,ML,,,,3.1,0.1,4
3557800,2011-08-05T22:38:53Z,-38.21,0.0,176.05,0.0,141.0,4.0,ML,,,,3.3,0.1,8
3557802,2011-08-05T22:43:12Z,-37.64,0.0,176.85,0.0,5.0,0.0,ML,,,,2.8,0.2,14
3557803,2011-08-05T22:44:44Z,-43.61,0.0,171.89,0.0,5.0,0.0,ML,,,,2.2,0.2,3
3637130,2011-08-05T22:45:37Z,-40.3,0.0,174.48,0.0,79.0,6.0,ML,,,,2.5,0.2,3
3557816,2011-08-05T23:21:48Z,-39.87,0.0,175.02,0.0,41.0,3.0,ML,,,,2.8,0.2,14
3557818,2011-08-05T23:30:17Z,-40.26,0.0,173.52,0.0,174.0,5.0,ML,,,,3.2,0.3,8
3557822,2011-08-05T23:39:09Z,-40.22,0.0,176.62,0.0,12.0,0.0,ML,,,,2.2,0.2,7
3557834,2011-08-06T00:20:28Z,-38.81,0.0,177.97,0.0,28.0,2.0,ML,,,,2.1,0.2,4
3557859,2011-08-06T01:32:00Z,-43.59,0.0,172.63,0.0,5.0,0.0,ML,,,,3.2,0.3,5
3557887,2011-08-06T02:51:45Z,-39.54,0.0,174.44,0.0,217.0,3.0,ML,,,,3.6,0.3,16
3557893,2011-08-06T03:07:25Z,-41.78,0.0,174.23,0.0,10.0,1.0,ML,,,,2.3,0.3,9
3557905,2011-08-06T03:31:48Z,-41.21,0.0,172.87,0.0,158.0,5.0,ML,,,,3.1,0.1,5
3557920,2011-08-06T04:08:42Z,-39.89,0.0,176.57,0.0,33.0,0.0,ML,,,,2.2,0.1,6
3557938,2011-08-06T04:58:51Z,-38.19,0.0,176.61,0.0,5.0,0.0,ML,,,,1.9,0.3,6
3557977,2011-08-06T06:32:58Z,-38.07,0.0,175.87,0.0,133.0,7.0,ML,,,,3.3,0.2,16
3558043,2011-08-06T09:09:37Z,-37.18,0.0,177.64,0.0,33.0,0.0,ML,,,,2.5,0.2,6
3558053,2011-08-06T09:34:48Z,-40.72,0.0,176.54,0.0,14.0,1.0,ML,,,,2.4,0.1,6
3558055,2011-08-06T09:37:33Z,-38.61,0.0,177.86,0.0,28.0,1.0,ML,,,,2.3,0.1,6
3558057,2011-08-06T09:40:44Z,-43.54,0.0,172.79,0.0,7.0,1.0,ML,,,,2.5,0.2,3
3558067,2011-08-06T10:02:54Z,-43.48,0.0,172.69,0.0,11.0,1.0,ML,,,,2.5,0.3,3
3558120,2011-08-06T12:11:06Z,-38.35,0.0,175.61,0.1,158.0,7.0,ML,,,,3.2,0.4,8
3558133,2011-08-06T12:40:14Z,-38.36,0.0,175.87,0.0,157.0,3.0,Mw,4.4,nan,0,5.3,0.2,56
3558145,2011-08-06T13:06:31Z,-40.53,0.0,174.02,0.0,33.0,0.0,ML,,,,2.3,0.1,4
3558178,2011-08-06T14:27:09Z,-35.99,0.1,177.83,0.1,229.0,9.0,ML,,,,3.4,0.3,4
3558195,2011-08-06T15:06:50Z,-43.49,0.0,172.12,0.0,9.0,1.0,ML,,,,3.4,0.2,13
3558219,2011-08-06T16:03:40Z,-37.8,0.0,176.76,0.0,5.0,0.0,ML,,,,2.4,0.1,12
3558244,2011-08-06T17:07:12Z,-37.13,0.0,177.59,0.0,51.0,5.0,ML,,,,2.7,0.1,4
3558268,2011-08-06T17:57:35Z,-40.0,0.1,174.24,0.1,223.0,11.0,ML,,,,3.3,0.3,3
3558315,2011-08-06T19:34:04Z,-40.01,0.0,176.7,0.0,44.0,3.0,ML,,,,2.6,0.1,5
3558339,2011-08-06T20:32:32Z,-43.57,0.0,172.63,0.0,8.0,1.0,ML,,,,2.2,0.2,4
3558343,2011-08-06T20:43:54Z,-39.25,0.0,177.41,0.0,28.0,2.0,ML,,,,2.5,0.2,5
3558347,2011-08-06T20:55:16Z,-41.74,0.0,174.22,0.0,11.0,2.0,ML,,,,2.4,0.1,6
3558352,2011-08-06T21:06:59Z,-46.19,0.0,166.26,0.2,12.0,0.0,ML,,,,2.9,0.3,6
3558353,2011-08-06T21:08:28Z,-45.1,0.0,167.4,0.0,116.0,3.0,ML,,,,3.2,0.3,6
3558361,2011-08-06T21:36:44Z,-36.15,0.1,177.66,0.1,197.0,7.0,ML,,,,3.6,0.1,6
3558402,2011-08-06T23:10:08Z,-39.94,0.0,176.78,0.0,41.0,3.0,ML,,,,2.4,0.1,4
3558404,2011-08-06T23:12:10Z,-38.24,0.0,177.51,0.0,33.0,0.0,ML,,,,2.3,0.2,5
3558422,2011-08-07T00:00:32Z,-43.58,0.0,172.4,0.0,5.0,0.0,ML,,,,2.4,0.1,4
3558464,2011-08-07T01:46:07Z,-43.6,0.0,172.12,0.0,9.0,2.0,ML,,,,3.0,0.2,7
3558466,2011-08-07T01:52:53Z,-41.26,0.0,174.34,0.0,34.0,1.0,ML,,,,3.0,0.2,15
3558480,2011-08-07T02:29:59Z,-40.32,0.0,174.85,0.0,100.0,3.0,ML,,,,3.8,0.2,31
3558482,2011-08-07T02:38:04Z,-37.58,0.0,177.65,0.0,44.0,3.0,ML,,,,2.8,0.1,6
3558549,2011-08-07T05:30:04Z,-44.53,0.0,168.41,0.0,5.0,0.0,ML,,,,2.6,0.4,7
3558567,2011-08-07T06:17:28Z,-36.61,0.1,177.77,0.1,141.0,6.0,ML,,,,3.9,0.2,22
3558592,2011-08-07T07:12:31Z,-38.52,0.0,176.5,0.0,63.0,3.0,ML,,,,2.9,0.2,13
3558606,2011-08-07T07:45:25Z,-43.6,0.0,172.6,0.0,5.0,0.0,ML,,,,2.5,0.3,5
3558610,2011-08-07T07:57:45Z,-43.66,0.0,169.49,0.0,5.0,0.0,ML,,,,2.2,0.2,5
3558640,2011-08-07T09:28:27Z,-38.13,0.0,176.26,0.0,2.0,0.0,ML,,,,1.8,0.2,5
3558669,2011-08-07T10:50:18Z,-43.19,0.0,172.02,0.0,10.0,1.0,ML,,,,3.0,0.3,9
3637254,2011-08-07T10:50:22Z,-41.4,0.0,172.36,0.0,5.0,0.0,ML,,,,2.2,0.2,4
3558671,2011-08-07T10:57:41Z,-39.99,0.0,173.95,0.0,119.0,9.0,ML,,,,2.8,0.3,6
3558675,2011-08-07T11:11:54Z,-39.96,0.0,174.78,0.0,76.0,3.0,ML,,,,2.4,0.3,3
3558680,2011-08-07T11:29:54Z,-39.93,0.0,176.74,0.0,32.0,1.0,ML,,,,2.3,0.1,8
3558709,2011-08-07T13:02:04Z,-41.72,0.0,174.17,0.0,13.0,1.0,ML,,,,2.3,0.3,9
3558711,2011-08-07T13:06:53Z,-39.69,0.0,174.61,0.0,129.0,2.0,ML,,,,3.4,0.2,27
3558720,2011-08-07T13:27:58Z,-39.33,0.0,174.86,0.1,214.0,5.0,ML,,,,3.2,0.1,8
3558745,2011-08-07T14:39:40Z,-38.9,0.0,177.92,0.0,33.0,0.0,ML,,,,2.3,0.3,5
3558776,2011-08-07T16:15:59Z,-36.11,0.1,177.91,0.1,112.0,12.0,ML,,,,3.9,0.2,20
3558781,2011-08-07T16:35:11Z,-43.61,0.0,172.54,0.0,5.0,0.0,ML,,,,2.9,0.1,5
3558786,2011-08-07T16:48:19Z,-43.63,0.0,172.56,0.0,9.0,1.0,ML,,,,3.3,0.2,9
3558802,2011-08-07T17:34:31Z,-38.76,0.0,178.37,0.0,33.0,0.0,ML,,,,2.1,0.1,7
3558807,2011-08-07T17:54:15Z,-37.86,0.0,176.03,0.0,5.0,0.0,ML,,,,2.0,0.1,6
3558828,2011-08-07T18:50:01Z,-38.53,0.0,175.71,0.1,160.0,5.0,ML,,,,3.3,0.2,6
3558853,2011-08-07T20:11:33Z,-40.69,0.0,174.61,0.0,47.0,4.0,ML,,,,2.7,0.1,12
3558879,2011-08-07T21:24:31Z,-38.35,0.0,177.79,0.0,25.0,1.0,ML,,,,2.9,0.2,11
3558886,2011-08-07T21:44:37Z,-37.48,0.0,177.75,0.0,90.0,3.0,ML,,,,4.0,0.2,39
3558903,2011-08-07T22:29:35Z,-43.56,0.0,172.67,0.0,5.0,0.0,ML,,,,2.8,0.2,4
3558947,2011-08-08T00:11:05Z,-41.36,0.0,172.55,0.0,199.0,4.0,ML,,,,3.3,0.1,4
3558956,2011-08-08T00:27:28Z,-43.67,0.0,172.81,0.0,9.0,1.0,ML,,,,3.0,0.2,4
3558963,2011-08-08T00:47:55Z,-41.06,0.0,173.08,0.0,120.0,0.0,ML,,,,2.6,nan,1
3558970,2011-08-08T01:09:22Z,-40.69,0.0,174.59,0.0,43.0,4.0,ML,,,,2.5,0.1,5
3559009,2011-08-08T02:37:30Z,-43.6,0.0,172.33,0.0,5.0,0.0,ML,,,,2.6,0.3,5
3559010,2011-08-08T02:39:44Z,-38.63,0.0,176.76,0.0,59.0,2.0,ML,,,,2.9,0.1,11
3559013,2011-08-08T02:50:22Z,-44.27,0.0,169.74,0.0,12.0,0.0,ML,,,,2.3,0.3,6
3559030,2011-08-08T03:34:35Z,-38.55,0.0,175.89,0.0,134.0,4.0,ML,,,,3.4,0.2,17
3559035,2011-08-08T03:47:18Z,-44.31,0.0,169.33,0.0,12.0,0.0,ML,,,,2.4,0.3,7
3559037,2011-08-08T03:56:57Z,-43.58,0.0,172.5,0.0,5.0,0.0,ML,,,,3.3,0.2,8
3559038,2011-08-08T04:00:41Z,-39.39,0.0,176.94,0.0,33.0,1.0,ML,,,,2.2,0.2,4
3559044,2011-08-08T04:08:48Z,-40.01,0.1,174.18,0.1,212.0,9.0,ML,,,,3.1,0.1,3
3559063,2011-08-08T04:59:21Z,-41.68,0.0,171.88,0.0,5.0,0.0,ML,,,,1.7,0.2,2
3559067,2011-08-08T05:09:43Z,-35.75,0.1,177.74,0.1,234.0,8.0,ML,,,,3.5,0.2,6
3559074,2011-08-08T05:24:45Z,-39.65,0.0,175.62,0.0,5.0,0.0,ML,,,,3.4,0.2,64
3559093,2011-08-08T06:23:27Z,-43.58,0.0,172.76,0.0,5.0,0.0,ML,,,,2.6,0.3,4
3559107,2011-08-08T06:58:25Z,-41.75,0.0,172.79,0.0,87.0,2.0,ML,,,,2.6,0.3,2
3559127,2011-08-08T07:40:49Z,-38.1,0.0,178.25,0.0,12.0,0.0,ML,,,,2.3,0.2,4
3637656,2011-08-08T07:41:31Z,-38.1,0.0,178.25,0.0,9.0,1.0,ML,,,,2.8,0.2,6
3559147,2011-08-08T08:33:01Z,-43.73,0.0,169.59,0.0,5.0,0.0,ML,,,,2.5,0.3,9
3559159,2011-08-08T09:01:35Z,-43.58,0.0,172.54,0.0,12.0,1.0,ML,,,,2.7,0.2,3
3559170,2011-08-08T09:29:19Z,-40.04,0.0,176.27,0.0,31.0,1.0,ML,,,,2.2,0.2,4
3559172,2011-08-08T09:35:10Z,-45.29,0.0,167.2,0.0,12.0,0.0,ML,,,,2.7,0.2,3
3559201,2011-08-08T11:07:51Z,-43.66,0.0,172.86,0.0,5.0,0.0,ML,,,,2.7,0.2,6
3559202,2011-08-08T11:10:14Z,-41.06,0.0,172.44,0.0,5.0,0.0,ML,,,,2.4,0.4,4
3559213,2011-08-08T11:39:17Z,-39.17,0.0,177.46,0.0,27.0,1.0,ML,,,,2.3,0.2,7
3559222,2011-08-08T12:02:39Z,-39.16,0.0,177.45,0.0,26.0,2.0,ML,,,,2.2,0.1,5
3559243,2011-08-08T12:49:25Z,-43.63,0.0,172.38,0.0,15.0,2.0,ML,,,,2.5,0.4,7
3559258,2011-08-08T13:38:58Z,-43.16,0.0,171.45,0.0,5.0,0.0,ML,,,,2.4,0.3,8
3559270,2011-08-08T14:19:00Z,-43.19,0.0,172.01,0.0,9.0,1.0,ML,,,,2.5,0.3,8
3637677,2011-08-08T14:33:14Z,-44.11,0.0,168.45,0.0,5.0,0.0,ML,,,,2.1,0.3,5
3559298,2011-08-08T15:37:32Z,-41.13,0.0,172.8,0.0,152.0,2.0,ML,,,,2.7,0.2,2
3637681,2011-08-08T15:39:23Z,-39.16,0.0,178.06,0.0,12.0,0.0,ML,,,,2.3,0.2,5
3559302,2011-08-08T15:50:24Z,-40.96,0.0,175.28,0.0,24.0,1.0,ML,,,,1.7,0.2,7
3559303,2011-08-08T15:54:53Z,-38.67,0.0,177.88,0.0,29.0,1.0,ML,,,,2.2,0.1,7
3559311,2011-08-08T16:21:29Z,-38.8,0.0,177.89,0.0,29.0,1.0,ML,,,,2.1,0.1,6
3559335,2011-08-08T17:34:17Z,-43.31,0.0,170.54,0.0,5.0,0.0,ML,,,,2.5,0.2,11
3559345,2011-08-08T18:07:24Z,-36.79,0.0,177.2,0.0,12.0,0.0,ML,,,,3.1,0.2,8
3559362,2011-08-08T18:43:52Z,-38.75,0.0,178.03,0.0,25.0,2.0,ML,,,,2.5,0.2,7
3559365,2011-08-08T18:52:37Z,-44.54,0.0,168.31,0.0,5.0,0.0,ML,,,,2.3,0.3,7
3559374,2011-08-08T19:17:23Z,-37.3,0.0,179.4,0.0,12.0,0.0,ML,,,,2.7,0.2,6
3559378,2011-08-08T19:27:27Z,-43.55,0.0,172.75,0.0,11.0,1.0,ML,,,,3.4,0.2,7
3637710,2011-08-08T19:28:10Z,-43.5,0.0,172.06,0.0,5.0,0.0,ML,,,,2.5,0.2,5
3637704,2011-08-08T19:28:51Z,-43.57,0.0,172.68,0.1,12.0,0.0,ML,,,,2.8,0.2,4
3559379,2011-08-08T19:29:53Z,-41.0,0.0,172.86,0.0,192.0,5.0,ML,,,,3.1,0.3,3
3559394,2011-08-08T20:12:08Z,-41.66,0.0,174.36,0.0,12.0,0.0,ML,,,,2.0,0.2,5
3559401,2011-08-08T20:33:20Z,-38.32,0.0,176.24,0.0,5.0,0.0,ML,,,,1.7,0.2,4
3559424,2011-08-08T21:34:10Z,-43.59,0.0,172.83,0.0,5.0,0.0,ML,,,,2.8,0.3,6
3559447,2011-08-08T22:35:45Z,-43.55,0.0,172.51,0.0,5.0,0.0,ML,,,,2.5,0.3,6
3559453,2011-08-08T22:53:21Z,-43.64,0.0,171.87,0.0,5.0,0.0,ML,,,,3.4,0.2,13
3559461,2011-08-08T23:15:00Z,-43.44,0.0,172.78,0.0,27.0,1.0,ML,,,,3.1,0.4,11
3559475,2011-08-08T23:50:35Z,-42.49,0.0,172.87,0.0,5.0,0.0,ML,,,,3.1,0.4,7
3559481,2011-08-09T00:09:41Z,-43.61,0.0,172.41,0.0,5.0,0.0,ML,,,,2.5,0.3,5
3559506,2011-08-09T01:24:09Z,-44.91,0.0,167.63,0.0,65.0,2.0,ML,,,,3.4,0.2,15
3559511,2011-08-09T01:35:08Z,-40.85,0.0,175.49,0.0,27.0,1.0,ML,,,,3.3,0.2,37
3559513,2011-08-09T01:42:01Z,-43.35,0.0,171.03,0.0,5.0,0.0,ML,,,,2.0,0.1,5
3559514,2011-08-09T01:46:15Z,-38.63,0.0,176.08,0.0,100.0,1.0,Mw,4.3,nan,0,5.1,0.2,55
3559547,2011-08-09T03:01:16Z,-40.52,0.0,174.78,0.0,33.0,2.0,ML,,,,2.6,0.1,7
3559576,2011-08-09T04:15:24Z,-39.13,0.0,175.65,0.0,5.0,0.0,ML,,,,2.0,0.3,6
3559595,2011-08-09T05:05:31Z,-43.39,0.0,170.49,0.0,5.0,0.0,ML,,,,2.5,0.2,9
3559615,2011-08-09T06:03:33Z,-40.44,0.0,175.16,0.0,34.0,1.0,ML,,,,1.9,0.1,7
3559618,2011-08-09T06:12:32Z,-39.23,0.0,174.78,0.0,22.0,1.0,ML,,,,2.8,0.2,25
3559635,2011-08-09T06:52:10Z,-40.91,0.0,174.95,0.0,60.0,2.0,ML,,,,2.2,0.3,3
3559902,2011-08-09T06:53:25Z,-43.59,0.0,172.37,0.0,5.0,0.0,ML,,,,2.4,0.2,4
3559655,2011-08-09T07:54:42Z,-43.64,0.0,171.86,0.0,5.0,0.0,ML,,,,2.3,0.3,5
3559662,2011-08-09T08:13:23Z,-40.33,0.0,176.46,0.0,22.0,2.0,ML,,,,1.7,0.2,5
3559675,2011-08-09T08:54:20Z,-45.2,0.0,167.33,0.0,85.0,3.0,ML,,,,2.4,0.2,4
3559679,2011-08-09T09:08:29Z,-40.66,0.0,175.46,0.0,30.0,1.0,ML,,,,2.1,0.2,9
3559692,2011-08-09T09:53:15Z,-40.0,0.0,176.49,0.0,54.0,1.0,ML,,,,2.2,0.2,8
3559708,2011-08-09T10:34:16Z,-43.56,0.0,172.43,0.0,5.0,0.0,ML,,,,2.4,0.3,8
3559712,2011-08-09T10:42:34Z,-40.93,0.0,176.03,0.0,28.0,1.0,ML,,,,2.0,0.2,10
3559715,2011-08-09T10:54:22Z,-43.68,0.0,172.9,0.0,5.0,0.0,ML,,,,2.4,0.3,7
3638199,2011-08-09T11:51:37Z,-40.85,0.0,175.5,0.0,26.0,1.0,ML,,,,2.2,0.2,9
3559734,2011-08-09T11:56:58Z,-40.85,0.0,175.5,0.0,24.0,1.0,ML,,,,2.1,0.2,7
3559741,2011-08-09T12:14:34Z,-35.65,0.0,177.17,0.0,12.0,0.0,ML,,,,4.3,0.2,7
3559769,2011-08-09T13:37:32Z,-40.35,0.0,176.38,0.0,27.0,2.0,ML,,,,2.1,0.2,8
3559774,2011-08-09T13:51:05Z,-41.41,0.0,175.01,0.0,26.0,1.0,ML,,,,2.3,0.1,10
3559776,2011-08-09T13:55:50Z,-37.04,0.0,179.95,0.1,33.0,0.0,ML,,,,3.3,0.2,8
3559783,2011-08-09T14:16:17Z,-41.59,0.0,174.43,0.0,12.0,0.0,ML,,,,2.4,0.3,13
3559803,2011-08-09T15:11:12Z,-40.65,0.0,176.56,0.0,30.0,1.0,ML,,,,2.3,0.2,7
3559809,2011-08-09T15:27:14Z,-38.75,0.0,175.23,0.0,198.0,4.0,ML,,,,3.3,0.3,17
3559815,2011-08-09T15:50:32Z,-40.63,0.0,175.78,0.0,34.0,1.0,ML,,,,2.1,0.2,8
3559824,2011-08-09T16:21:19Z,-40.94,0.0,174.96,0.0,59.0,1.0,ML,,,,2.7,0.1,12
3559832,2011-08-09T16:43:29Z,-40.24,0.0,176.46,0.0,49.0,1.0,ML,,,,2.2,0.1,8
3559833,2011-08-09T16:48:13Z,-37.77,0.0,175.73,0.0,5.0,0.0,ML,,,,1.8,0.1,5
3559857,2011-08-09T18:04:33Z,-44.87,0.0,167.45,0.0,106.0,3.0,ML,,,,2.7,0.3,9
3559858,2011-08-09T18:08:15Z,-43.6,0.0,172.59,0.0,7.0,1.0,ML,,,,3.2,0.2,5
3559861,2011-08-09T18:16:12Z,-40.34,0.0,176.41,0.0,27.0,1.0,ML,,,,2.5,0.2,15
3559862,2011-08-09T18:20:48Z,-40.35,0.0,176.39,0.0,28.0,1.0,ML,,,,2.4,0.2,7
3559889,2011-08-09T19:37:39Z,-41.87,0.0,171.46,0.0,5.0,0.0,ML,,,,2.8,0.3,8
3638267,2011-08-09T19:38:29Z,-41.65,0.0,174.49,0.0,52.0,2.0,ML,,,,2.6,0.1,7
3559894,2011-08-09T19:56:57Z,-43.5,0.0,172.82,0.0,5.0,0.0,ML,,,,2.3,0.2,4
3559897,2011-08-09T20:07:17Z,-40.95,0.0,175.63,0.0,26.0,1.0,ML,,,,1.8,0.3,5
3559916,2011-08-09T20:56:58Z,-38.04,0.0,177.85,0.0,32.0,1.0,ML,,,,2.5,0.1,10
3560049,2011-08-09T20:57:31Z,-43.55,0.0,172.2,0.0,5.0,0.0,ML,,,,2.3,0.4,6
3559936,2011-08-09T21:45:49Z,-38.46,0.0,177.96,0.0,26.0,2.0,ML,,,,2.2,0.2,6
3559937,2011-08-09T21:47:49Z,-40.6,0.0,175.52,0.0,27.0,0.0,ML,,,,2.3,0.1,6
3559952,2011-08-09T22:28:54Z,-38.2,0.0,176.06,0.0,156.0,4.0,ML,,,,3.5,0.3,10
3559954,2011-08-09T22:32:52Z,-43.6,0.0,172.21,0.0,5.0,0.0,ML,,,,2.2,0.1,3
3559956,2011-08-09T22:35:59Z,-43.57,0.0,172.4,0.0,5.0,0.0,ML,,,,2.4,0.1,3
3559958,2011-08-09T22:39:42Z,-37.84,0.0,177.58,0.0,36.0,2.0,ML,,,,2.6,0.1,5
3559988,2011-08-09T23:57:22Z,-37.73,0.0,175.74,0.0,5.0,0.0,ML,,,,3.2,0.3,26
3559994,2011-08-10T00:14:03Z,-41.1,0.0,172.92,0.0,143.0,1.0,ML,,,,2.5,nan,1
3560013,2011-08-10T01:05:20Z,-41.64,0.0,172.4,0.0,5.0,0.0,ML,,,,2.5,0.2,3
3560021,2011-08-10T01:27:39Z,-39.99,0.0,176.72,0.0,36.0,3.0,ML,,,,2.2,0.1,5
3560043,2011-08-10T02:34:59Z,-38.64,0.0,175.78,0.0,158.0,3.0,ML,,,,3.5,0.2,14
3560046,2011-08-10T02:49:06Z,-37.31,0.0,177.15,0.0,67.0,8.0,ML,,,,2.5,0.2,4
3560083,2011-08-10T04:36:43Z,-40.73,0.0,175.43,0.0,28.0,1.0,ML,,,,2.1,0.2,9
3560087,2011-08-10T04:50:43Z,-43.27,0.0,170.84,0.0,5.0,0.0,ML,,,,2.8,0.3,11
3637733,2011-08-10T04:51:46Z,-43.36,0.0,171.96,0.0,8.0,1.0,ML,,,,2.8,0.3,6
3560102,2011-08-10T05:24:28Z,-38.37,0.0,178.21,0.0,28.0,1.0,ML,,,,2.1,0.1,7
3560119,2011-08-10T06:16:04Z,-41.71,0.0,174.58,0.0,28.0,2.0,ML,,,,2.5,0.3,11
3560122,2011-08-10T06:28:12Z,-41.82,0.0,174.33,0.0,12.0,0.0,ML,,,,2.5,0.3,12
3560125,2011-08-10T06:37:10Z,-37.84,0.0,176.67,0.0,5.0,0.0,ML,,,,1.8,0.1,5
3560149,2011-08-10T07:40:33Z,-43.47,0.0,172.14,0.0,5.0,0.0,ML,,,,2.6,0.1,3
3560166,2011-08-10T08:27:01Z,-43.52,0.0,170.26,0.0,5.0,0.0,ML,,,,2.6,0.3,12
3560173,2011-08-10T08:42:03Z,-43.39,0.0,172.42,0.0,5.0,0.0,ML,,,,2.6,0.1,4
3560190,2011-08-10T09:23:06Z,-45.09,0.0,166.88,0.0,12.0,0.0,ML,,,,3.2,0.1,9
3560191,2011-08-10T09:25:42Z,-45.14,0.0,166.85,0.0,12.0,0.0,ML,,,,3.3,0.2,10
3560199,2011-08-10T09:49:30Z,-38.21,0.0,176.06,0.0,162.0,5.0,ML,,,,3.4,0.3,18
3560202,2011-08-10T09:58:54Z,-36.7,0.1,-179.12,0.1,33.0,0.0,ML,,,,3.6,0.1,6
3560203,2011-08-10T10:01:11Z,-43.46,0.0,171.55,0.0,5.0,0.0,ML,,,,2.4,0.3,8
3637759,2011-08-10T10:02:41Z,-45.4,0.0,167.02,0.0,61.0,1.0,ML,,,,2.5,0.2,11
3560216,2011-08-10T10:32:58Z,-42.29,0.0,172.78,0.0,18.0,2.0,ML,,,,3.1,0.2,13
3560226,2011-08-10T10:59:46Z,-43.58,0.0,172.41,0.0,13.0,0.0,ML,,,,2.5,0.3,6
3560229,2011-08-10T11:09:06Z,-41.64,0.0,172.41,0.0,5.0,0.0,ML,,,,2.5,0.4,7
3560230,2011-08-10T11:12:12Z,-41.65,0.0,172.41,0.0,5.0,0.0,ML,,,,2.4,0.3,4
3560242,2011-08-10T11:44:47Z,-45.19,0.0,167.05,0.0,12.0,0.0,ML,,,,2.6,0.3,11
3560243,2011-08-10T11:46:25Z,-45.1,0.0,166.92,0.0,12.0,0.0,ML,,,,2.7,0.3,11
3560264,2011-08-10T12:49:44Z,-40.25,0.0,176.15,0.0,34.0,1.0,ML,,,,2.2,0.2,8
3560287,2011-08-10T13:51:53Z,-36.54,0.2,176.65,0.2,219.0,20.0,ML,,,,3.1,0.3,6
3560295,2011-08-10T14:11:27Z,-39.62,0.0,176.9,0.0,29.0,2.0,ML,,,,2.1,0.2,9
3560298,2011-08-10T14:20:28Z,-38.36,0.0,176.34,0.0,5.0,0.0,ML,,,,1.5,0.1,4
3639624,2011-08-10T14:20:54Z,-45.32,0.0,167.3,0.0,71.0,5.0,ML,,,,2.0,0.1,4
3560302,2011-08-10T14:33:42Z,-43.6,0.0,172.37,0.0,5.0,0.0,ML,,,,2.5,0.3,5
3560324,2011-08-10T15:34:40Z,-43.59,0.0,172.36,0.0,5.0,0.0,ML,,,,2.4,0.3,6
3560336,2011-08-10T16:16:20Z,-39.26,0.0,177.0,0.0,20.0,3.0,ML,,,,2.2,0.2,4
3560346,2011-08-10T16:41:31Z,-39.91,0.0,176.7,0.0,41.0,2.0,ML,,,,1.9,0.2,9
3560358,2011-08-10T17:21:13Z,-36.87,0.0,178.32,0.0,12.0,0.0,ML,,,,3.0,0.2,6
3560361,2011-08-10T17:29:55Z,-44.14,0.0,168.41,0.0,5.0,0.0,ML,,,,2.5,0.2,11
3560366,2011-08-10T17:48:15Z,-40.93,0.0,172.64,0.0,5.0,0.0,ML,,,,2.4,0.2,4
3560373,2011-08-10T18:09:14Z,-38.21,0.0,176.01,0.1,106.0,7.0,ML,,,,2.9,0.4,11
3560375,2011-08-10T18:13:53Z,-45.6,0.0,167.73,0.0,12.0,0.0,ML,,,,2.4,0.1,4
3560377,2011-08-10T18:17:03Z,-37.91,0.0,178.35,0.0,12.0,0.0,ML,,,,2.7,0.1,8
3560380,2011-08-10T18:24:59Z,-41.05,0.0,173.24,0.0,97.0,2.0,ML,,,,2.5,0.2,4
3560384,2011-08-10T18:38:52Z,-39.31,0.0,173.85,0.0,12.0,0.0,ML,,,,1.6,0.1,3
3560390,2011-08-10T18:58:43Z,-37.93,0.0,178.33,0.0,5.0,0.0,ML,,,,2.1,0.1,6
3560420,2011-08-10T20:20:24Z,-44.63,0.0,167.2,0.0,12.0,0.0,ML,,,,2.2,0.3,4
3560426,2011-08-10T20:37:31Z,-45.7,0.0,166.96,0.0,5.0,0.0,ML,,,,2.6,0.1,9
3560441,2011-08-10T21:21:38Z,-44.13,0.0,168.77,0.0,5.0,0.0,ML,,,,2.4,0.3,6
3560447,2011-08-10T21:35:27Z,-36.89,0.0,177.27,0.1,33.0,0.0,ML,,,,2.8,0.1,3
3560451,2011-08-10T21:48:34Z,-40.78,0.0,176.74,0.0,30.0,2.0,ML,,,,2.4,0.2,4
3560453,2011-08-10T21:58:22Z,-41.82,0.0,174.33,0.0,12.0,0.0,ML,,,,2.7,0.4,9
3560455,2011-08-10T22:05:37Z,-37.8,0.0,176.76,0.0,5.0,0.0,ML,,,,2.1,0.1,7
3560460,2011-08-10T22:24:30Z,-40.68,0.0,176.68,0.0,24.0,2.0,ML,,,,2.3,0.1,5
3560468,2011-08-10T22:46:14Z,-43.56,0.0,172.41,0.0,9.0,1.0,ML,,,,3.0,0.3,8
3560478,2011-08-10T23:19:23Z,-38.07,0.0,176.06,0.0,137.0,6.0,ML,,,,3.6,0.2,21
3560482,2011-08-10T23:31:31Z,-41.86,0.0,174.37,0.0,12.0,0.0,ML,,,,3.1,0.2,21
3560502,2011-08-11T00:06:48Z,-35.84,0.1,178.17,0.1,33.0,0.0,ML,,,,3.1,0.1,4
3560505,2011-08-11T00:17:01Z,-37.78,0.0,178.92,0.0,27.0,1.0,ML,,,,2.6,0.2,6
3560512,2011-08-11T00:38:47Z,-40.72,0.0,176.69,0.0,31.0,2.0,ML,,,,2.4,0.1,6
3639698,2011-08-11T00:42:13Z,-35.79,0.1,177.74,0.1,179.0,11.0,ML,,,,3.3,0.1,3
3560513,2011-08-11T00:43:20Z,-39.25,0.0,176.95,0.0,18.0,2.0,ML,,,,2.4,0.3,6
3560514,2011-08-11T00:45:15Z,-46.15,0.0,166.32,0.1,33.0,0.0,ML,,,,3.1,0.2,3
3560517,2011-08-11T00:53:16Z,-37.79,0.0,178.93,0.0,28.0,2.0,ML,,,,2.5,0.2,4
3639710,2011-08-11T01:10:41Z,-40.02,0.0,176.56,0.0,45.0,2.0,ML,,,,2.2,0.1,8
3560537,2011-08-11T01:34:05Z,-40.69,0.0,175.15,0.0,32.0,1.0,ML,,,,2.2,0.1,7
3560540,2011-08-11T01:46:11Z,-38.93,0.0,177.04,0.0,39.0,3.0,ML,,,,2.2,0.1,5
3560546,2011-08-11T02:06:25Z,-43.61,0.0,172.32,0.0,5.0,0.0,ML,,,,2.5,0.1,4
3560557,2011-08-11T02:42:45Z,-44.94,0.0,167.53,0.0,89.0,3.0,ML,,,,2.9,0.1,5
3560560,2011-08-11T02:54:46Z,-47.45,0.1,165.78,0.1,12.0,0.0,ML,,,,3.1,0.3,7
3560584,2011-08-11T03:57:05Z,-42.58,0.0,171.93,0.0,5.0,0.0,ML,,,,2.9,0.2,7
3560592,2011-08-11T04:17:42Z,-43.61,0.0,172.1,0.0,13.0,2.0,ML,,,,2.7,0.4,7
3560603,2011-08-11T04:45:18Z,-45.99,0.0,166.03,0.1,12.0,0.0,ML,,,,2.6,0.2,5
3560616,2011-08-11T05:16:11Z,-39.16,0.0,175.36,0.0,14.0,1.0,ML,,,,1.6,0.3,7
3560640,2011-08-11T06:18:15Z,-39.71,0.0,174.19,0.0,214.0,3.0,ML,,,,3.8,0.2,42
3560653,2011-08-11T06:53:01Z,-37.35,0.0,177.37,0.0,120.0,3.0,ML,,,,3.7,0.2,26
3560658,2011-08-11T07:07:44Z,-38.62,0.0,176.21,0.0,5.0,0.0,ML,,,,1.7,0.2,3
3560668,2011-08-11T07:36:51Z,-41.35,0.0,175.14,0.0,29.0,1.0,ML,,,,1.8,0.2,6
3560674,2011-08-11T07:51:26Z,-38.49,0.0,175.79,0.0,154.0,5.0,ML,,,,3.1,0.4,18
3560677,2011-08-11T07:58:42Z,-43.82,0.0,171.73,0.0,12.0,0.0,ML,,,,2.2,0.3,5
3560682,2011-08-11T08:10:20Z,-37.73,0.0,176.73,0.0,130.0,5.0,ML,,,,3.2,0.3,19
3560956,2011-08-11T08:11:16Z,-41.4,0.0,174.98,0.0,23.0,1.0,ML,,,,2.0,0.1,5
3560686,2011-08-11T08:25:35Z,-38.97,0.0,178.08,0.0,39.0,2.0,ML,,,,3.8,0.3,47
3560691,2011-08-11T08:36:16Z,-43.97,0.0,169.64,0.0,5.0,0.0,ML,,,,1.9,0.2,4
3560701,2011-08-11T09:06:53Z,-40.18,0.0,176.14,0.0,26.0,1.0,ML,,,,1.8,0.2,5
3560742,2011-08-11T10:55:23Z,-39.04,0.0,177.59,0.0,45.0,2.0,ML,,,,2.6,0.1,4
3560746,2011-08-11T11:11:46Z,-43.53,0.0,172.69,0.0,12.0,0.0,ML,,,,2.3,0.2,4
3560965,2011-08-11T11:12:54Z,-39.54,0.0,175.67,0.0,19.0,2.0,ML,,,,1.8,0.1,4
3560748,2011-08-11T11:18:39Z,-40.91,0.0,173.54,0.0,88.0,2.0,ML,,,,2.8,0.3,6
3560750,2011-08-11T11:24:44Z,-39.7,0.0,174.75,0.0,106.0,2.0,ML,,,,2.3,0.3,2
3560770,2011-08-11T12:26:40Z,-41.19,0.0,174.57,0.0,19.0,1.0,ML,,,,2.7,0.2,15
3560779,2011-08-11T12:44:12Z,-35.49,0.1,178.48,0.1,234.0,8.0,ML,,,,3.4,0.1,8
3560801,2011-08-11T13:23:03Z,-39.8,0.0,176.91,0.0,37.0,2.0,ML,,,,2.2,0.2,8
3560802,2011-08-11T13:25:45Z,-47.72,0.1,165.24,0.1,33.0,0.0,ML,,,,3.8,0.2,9
3560814,2011-08-11T13:57:16Z,-37.56,0.0,178.49,0.0,33.0,1.0,ML,,,,3.4,0.2,17
3560816,2011-08-11T14:02:30Z,-37.28,0.1,178.44,0.1,12.0,0.0,ML,,,,2.3,0.2,3
3560967,2011-08-11T14:04:29Z,-44.33,0.0,167.92,0.0,5.0,0.0,ML,,,,2.7,0.2,12
3560830,2011-08-11T14:29:43Z,-39.96,0.0,176.84,0.0,27.0,1.0,ML,,,,2.4,0.1,3
3560852,2011-08-11T15:29:04Z,-38.42,0.0,175.28,0.0,5.0,0.0,ML,,,,1.7,0.2,3
3560855,2011-08-11T15:37:30Z,-37.83,0.0,176.47,0.0,140.0,5.0,ML,,,,3.0,0.3,13
3560969,2011-08-11T15:40:01Z,-43.5,0.0,172.65,0.0,5.0,0.0,ML,,,,2.5,0.2,5
3560909,2011-08-11T18:08:27Z,-41.42,0.0,175.09,0.0,28.0,1.0,ML,,,,2.4,0.1,11
3560910,2011-08-11T18:12:47Z,-45.6,0.0,167.73,0.0,12.0,0.0,ML,,,,2.2,0.2,10
3560914,2011-08-11T18:21:20Z,-42.11,0.0,174.36,0.0,12.0,0.0,ML,,,,2.4,0.3,6
3560918,2011-08-11T18:34:30Z,-40.37,0.0,176.79,0.0,24.0,2.0,ML,,,,2.9,0.2,23
3560919,2011-08-11T18:37:37Z,-38.68,0.0,177.66,0.0,47.0,2.0,ML,,,,2.2,0.1,6
3560921,2011-08-11T18:39:40Z,-38.12,0.0,178.82,0.0,33.0,0.0,ML,,,,2.5,0.2,5
3560942,2011-08-11T19:32:11Z,-45.12,0.0,167.35,0.0,86.0,3.0,ML,,,,3.1,0.2,7
3560943,2011-08-11T19:35:15Z,-44.93,0.0,167.51,0.0,73.0,3.0,ML,,,,2.8,0.1,4
3560948,2011-08-11T19:52:02Z,-38.85,0.0,177.58,0.0,32.0,1.0,ML,,,,2.7,0.2,10
3560970,2011-08-11T20:48:10Z,-38.42,0.0,175.89,0.1,122.0,6.0,ML,,,,2.9,0.2,7
3560977,2011-08-11T20:55:25Z,-45.2,0.0,168.7,0.0,12.0,0.0,ML,,,,2.1,0.3,7
3560988,2011-08-11T21:26:29Z,-42.24,0.0,173.9,0.0,12.0,0.0,ML,,,,2.7,0.2,6
3561000,2011-08-11T21:55:56Z,-36.69,0.1,176.48,0.1,267.0,9.0,ML,,,,3.8,0.1,11
3561004,2011-08-11T22:08:45Z,-43.53,0.0,172.35,0.0,5.0,0.0,ML,,,,2.5,0.1,4
3640162,2011-08-11T22:56:06Z,-38.36,0.0,177.8,0.0,20.0,3.0,ML,,,,2.2,0.2,6
3561026,2011-08-11T23:02:54Z,-40.3,0.0,176.64,0.0,12.0,0.0,ML,,,,2.3,0.2,9
3561028,2011-08-11T23:09:48Z,-39.68,0.0,176.91,0.0,49.0,3.0,ML,,,,2.4,0.1,8
3561032,2011-08-11T23:27:17Z,-45.25,0.0,167.33,0.1,89.0,4.0,ML,,,,2.3,0.3,5
3561048,2011-08-12T00:11:11Z,-40.36,0.0,176.81,0.0,13.0,3.0,ML,,,,2.7,0.1,12
3561053,2011-08-12T00:19:38Z,-40.37,0.0,176.78,0.0,12.0,0.0,ML,,,,2.8,0.1,14
3561062,2011-08-12T00:42:54Z,-37.92,0.0,178.34,0.0,7.0,1.0,ML,,,,2.7,0.1,8
3561078,2011-08-12T01:03:30Z,-42.68,0.0,171.74,0.0,5.0,0.0,ML,,,,2.8,0.2,5
3561109,2011-08-12T02:09:30Z,-39.22,0.0,174.75,0.0,30.0,1.0,ML,,,,2.8,0.2,22
3561135,2011-08-12T03:11:12Z,-41.4,0.0,175.1,0.0,25.0,1.0,ML,,,,2.0,0.1,5
3561138,2011-08-12T03:19:50Z,-39.23,0.0,174.75,0.0,31.0,1.0,ML,,,,2.3,0.2,14
3561156,2011-08-12T04:14:05Z,-40.19,0.0,174.82,0.0,27.0,2.0,ML,,,,2.4,0.1,5
3561157,2011-08-12T04:20:44Z,-41.51,0.0,174.07,0.0,37.0,2.0,ML,,,,2.3,0.2,5
3561159,2011-08-12T04:24:51Z,-43.59,0.0,172.26,0.0,5.0,0.0,ML,,,,2.5,0.2,5
3561160,2011-08-12T04:28:33Z,-37.61,0.0,176.54,0.0,145.0,3.0,ML,,,,3.2,0.2,8
3561167,2011-08-12T04:50:31Z,-39.22,0.0,174.74,0.0,32.0,1.0,ML,,,,2.2,0.1,8
3561174,2011-08-12T05:09:09Z,-40.08,0.0,176.52,0.0,38.0,2.0,ML,,,,2.3,0.1,6
3561179,2011-08-12T05:21:39Z,-36.63,0.1,176.74,0.1,193.0,10.0,ML,,,,3.0,0.3,5
3561210,2011-08-12T06:41:12Z,-44.4,0.0,167.98,0.0,5.0,0.0,ML,,,,2.3,0.2,6
3561218,2011-08-12T07:03:29Z,-37.96,0.0,176.32,0.0,148.0,4.0,ML,,,,3.4,0.3,17
3561222,2011-08-12T07:18:08Z,-36.86,0.1,177.01,0.1,152.0,8.0,ML,,,,2.5,0.1,3
3561230,2011-08-12T07:39:55Z,-39.99,0.0,176.47,0.0,41.0,2.0,ML,,,,2.1,0.2,7
3561245,2011-08-12T08:20:08Z,-41.24,0.0,172.69,0.0,142.0,4.0,ML,,,,2.2,nan,1
3561246,2011-08-12T08:22:06Z,-43.3,0.0,170.8,0.0,5.0,0.0,ML,,,,2.9,0.2,11
3561249,2011-08-12T08:31:47Z,-45.11,0.0,167.32,0.0,86.0,3.0,ML,,,,2.8,0.1,3
3561253,2011-08-12T08:46:35Z,-45.37,0.0,167.19,0.0,111.0,3.0,ML,,,,2.9,0.2,12
3561256,2011-08-12T08:53:35Z,-40.31,0.0,176.65,0.0,12.0,1.0,ML,,,,2.3,0.1,9
3561263,2011-08-12T09:04:14Z,-41.01,0.0,175.61,0.0,27.0,1.0,ML,,,,2.2,0.2,6
3561272,2011-08-12T09:26:45Z,-41.29,0.0,174.97,0.0,27.0,1.0,ML,,,,1.8,0.2,3
3561274,2011-08-12T09:32:13Z,-43.63,0.0,172.36,0.0,9.0,1.0,ML,,,,2.2,0.1,3
3561278,2011-08-12T09:47:21Z,-40.9,0.0,175.61,0.0,22.0,1.0,ML,,,,1.9,0.2,9
3561279,2011-08-12T09:51:43Z,-42.7,0.0,171.74,0.0,5.0,0.0,ML,,,,2.2,0.3,5
3561286,2011-08-12T10:17:34Z,-43.63,0.0,172.44,0.0,11.0,1.0,ML,,,,3.8,0.2,22
3561287,2011-08-12T10:20:25Z,-36.54,0.1,177.58,0.1,189.0,8.0,ML,,,,3.1,0.2,6
3561531,2011-08-12T10:23:22Z,-44.99,0.0,167.5,0.0,80.0,5.0,ML,,,,2.6,0.2,8
3561289,2011-08-12T10:29:15Z,-39.23,0.0,173.89,0.0,23.0,2.0,ML,,,,1.8,0.1,4
3561291,2011-08-12T10:35:52Z,-43.59,0.0,171.73,0.0,5.0,0.0,ML,,,,2.4,0.2,7
3561293,2011-08-12T10:45:32Z,-40.89,0.0,175.5,0.0,22.0,1.0,ML,,,,1.9,0.2,8
3561296,2011-08-12T10:51:41Z,-38.11,0.0,178.92,0.0,33.0,0.0,ML,,,,3.2,0.2,20
3561313,2011-08-12T11:28:29Z,-38.56,0.0,177.46,0.0,65.0,2.0,ML,,,,2.6,0.1,9
3561337,2011-08-12T12:24:24Z,-37.43,0.1,177.28,0.0,72.0,5.0,ML,,,,2.5,0.2,4
3561354,2011-08-12T13:06:59Z,-41.7,0.0,172.22,0.0,5.0,0.0,ML,,,,2.7,0.3,8
3561358,2011-08-12T13:16:51Z,-43.46,0.0,171.55,0.0,12.0,0.0,ML,,,,2.8,0.3,15
3561365,2011-08-12T13:31:27Z,-42.68,0.0,171.74,0.0,5.0,0.0,ML,,,,2.5,0.3,10
3561378,2011-08-12T14:03:42Z,-44.53,0.0,168.19,0.0,5.0,0.0,ML,,,,3.2,0.2,6
3561387,2011-08-12T14:23:06Z,-41.08,0.0,175.08,0.0,27.0,2.0,ML,,,,1.8,0.2,5
3561396,2011-08-12T14:46:15Z,-40.99,0.0,172.64,0.0,205.0,4.0,ML,,,,2.6,0.1,2
3561407,2011-08-12T15:29:07Z,-44.38,0.0,167.91,0.0,5.0,0.0,ML,,,,2.9,0.2,5
3561412,2011-08-12T15:44:55Z,-43.49,0.0,172.75,0.0,5.0,0.0,ML,,,,2.2,0.2,6
3561417,2011-08-12T15:54:12Z,-43.58,0.0,172.41,0.0,12.0,0.0,ML,,,,2.8,0.1,4
3561424,2011-08-12T16:12:50Z,-44.29,0.0,169.79,0.0,5.0,0.0,ML,,,,2.5,0.3,10
3640615,2011-08-12T16:15:16Z,-40.6,0.0,176.51,0.0,25.0,1.0,ML,,,,2.0,0.3,8
3561431,2011-08-12T16:33:28Z,-41.01,0.0,175.58,0.0,27.0,1.0,ML,,,,2.8,0.2,17
3561438,2011-08-12T16:56:59Z,-42.93,0.0,171.4,0.0,5.0,0.0,ML,,,,2.1,0.4,4
3561445,2011-08-12T17:19:09Z,-37.23,0.0,177.36,0.0,107.0,4.0,ML,,,,3.3,0.2,14
3561447,2011-08-12T17:24:51Z,-43.56,0.0,172.34,0.0,12.0,2.0,ML,,,,3.8,0.2,23
3561456,2011-08-12T17:47:13Z,-40.91,0.0,175.53,0.0,24.0,1.0,ML,,,,2.1,0.2,5
3561457,2011-08-12T17:49:40Z,-44.38,0.0,167.93,0.0,5.0,0.0,ML,,,,2.5,0.2,7
3561459,2011-08-12T17:53:17Z,-37.18,0.0,177.75,0.0,105.0,3.0,ML,,,,3.0,0.2,11
3561464,2011-08-12T18:04:43Z,-43.62,0.0,172.39,0.0,5.0,0.0,ML,,,,2.4,0.4,8
3561476,2011-08-12T18:33:01Z,-37.16,0.0,177.0,0.0,134.0,4.0,ML,,,,3.2,0.2,11
3561477,2011-08-12T18:37:23Z,-40.9,0.0,175.53,0.0,23.0,1.0,ML,,,,1.6,0.2,6
3561478,2011-08-12T18:39:31Z,-40.08,0.0,176.11,0.0,24.0,1.0,ML,,,,2.3,0.2,4
3561482,2011-08-12T18:49:23Z,-39.89,0.0,176.72,0.0,41.0,3.0,ML,,,,2.1,0.3,6
3561505,2011-08-12T19:22:30Z,-38.51,0.0,175.78,0.0,154.0,2.0,ML,,,,4.1,0.2,52
3561516,2011-08-12T19:35:52Z,-38.68,0.0,175.9,0.0,119.0,2.0,ML,,,,2.9,0.1,7
3561520,2011-08-12T19:47:23Z,-43.62,0.0,172.47,0.0,5.0,0.0,ML,,,,2.4,0.3,4
3561521,2011-08-12T19:48:45Z,-40.81,0.0,174.28,0.0,65.0,3.0,ML,,,,2.4,0.1,3
3561556,2011-08-12T21:09:06Z,-38.48,0.1,175.15,0.1,257.0,13.0,ML,,,,3.2,0.1,5
3561581,2011-08-12T22:14:52Z,-40.18,0.0,174.83,0.0,59.0,4.0,ML,,,,2.1,0.1,4
3561583,2011-08-12T22:20:04Z,-39.23,0.0,174.75,0.0,30.0,1.0,ML,,,,2.5,0.2,23
3561595,2011-08-12T22:47:59Z,-40.24,0.0,176.45,0.0,50.0,3.0,ML,,,,2.0,0.0,4
3561600,2011-08-12T22:57:00Z,-38.03,0.0,177.77,0.0,53.0,3.0,ML,,,,3.8,0.3,33
3561609,2011-08-12T23:22:12Z,-40.39,0.0,175.81,0.0,29.0,1.0,ML,,,,2.1,0.2,9
3561618,2011-08-12T23:39:44Z,-38.65,0.0,177.62,0.0,50.0,2.0,ML,,,,1.9,0.3,5
3561625,2011-08-13T00:00:30Z,-40.54,0.0,174.36,0.0,59.0,4.0,ML,,,,2.7,0.2,12
3561634,2011-08-13T00:23:28Z,-37.84,0.0,177.58,0.0,39.0,2.0,ML,,,,2.7,0.1,7
3561642,2011-08-13T00:44:02Z,-39.46,0.0,177.32,0.0,33.0,0.0,ML,,,,2.2,0.1,6
3561651,2011-08-13T01:05:30Z,-39.23,0.0,174.75,0.0,31.0,1.0,ML,,,,2.5,0.2,6
3640211,2011-08-13T01:05:45Z,-38.57,0.0,177.85,0.0,23.0,3.0,ML,,,,2.0,0.2,4
3640216,2011-08-13T01:06:25Z,-37.82,0.0,177.58,0.0,42.0,2.0,ML,,,,2.0,0.4,2
3561653,2011-08-13T01:11:23Z,-39.39,0.0,175.4,0.0,78.0,3.0,ML,,,,2.4,0.3,5
3561669,2011-08-13T01:41:01Z,-37.82,0.0,177.57,0.0,40.0,3.0,ML,,,,2.8,0.2,12
3561672,2011-08-13T01:49:25Z,-39.78,0.0,176.71,0.0,46.0,2.0,ML,,,,2.4,0.1,4
3640220,2011-08-13T01:55:16Z,-43.95,0.1,167.48,0.1,33.0,0.0,ML,,,,2.8,0.1,6
3561673,2011-08-13T01:55:37Z,-40.08,0.0,176.3,0.0,19.0,2.0,ML,,,,1.9,0.2,7
3561676,2011-08-13T02:01:16Z,-39.23,0.0,174.74,0.0,32.0,1.0,ML,,,,2.6,0.2,10
3561683,2011-08-13T02:14:03Z,-38.38,0.0,178.01,0.0,32.0,1.0,ML,,,,2.6,0.2,10
3561697,2011-08-13T03:05:02Z,-37.81,0.0,177.59,0.0,39.0,2.0,ML,,,,2.3,0.1,6
3561707,2011-08-13T03:33:00Z,-40.85,0.0,175.55,0.0,23.0,1.0,ML,,,,2.1,0.2,7
3561709,2011-08-13T03:39:28Z,-43.64,0.0,172.37,0.0,11.0,1.0,ML,,,,2.7,0.1,4
3561763,2011-08-13T06:00:54Z,-43.66,0.0,169.54,0.0,5.0,0.0,ML,,,,2.5,0.3,8
3561771,2011-08-13T06:24:47Z,-42.53,0.0,171.95,0.0,5.0,0.0,ML,,,,3.4,0.2,14
3561775,2011-08-13T06:36:11Z,-38.32,0.0,176.33,0.0,5.0,0.0,ML,,,,2.0,0.1,10
3561776,2011-08-13T06:37:58Z,-38.11,0.0,178.87,0.0,33.0,0.0,ML,,,,2.7,0.2,8
3561808,2011-08-13T08:05:11Z,-47.79,0.1,165.21,0.1,33.0,0.0,ML,,,,3.3,0.2,9
3561836,2011-08-13T09:06:23Z,-44.13,0.0,168.35,0.0,5.0,0.0,ML,,,,2.9,0.2,5
3561853,2011-08-13T09:50:13Z,-41.2,0.0,173.65,0.0,70.0,2.0,ML,,,,2.4,0.1,8
3561863,2011-08-13T10:20:45Z,-36.89,0.1,177.29,0.0,144.0,7.0,ML,,,,2.6,0.1,5
3561864,2011-08-13T10:26:16Z,-38.24,0.0,176.12,0.0,154.0,4.0,ML,,,,3.4,0.2,21
3561898,2011-08-13T12:13:34Z,-37.77,0.0,176.71,0.0,5.0,0.0,ML,,,,2.0,0.1,10
3561936,2011-08-13T13:39:03Z,-38.9,0.0,177.13,0.0,32.0,1.0,ML,,,,2.5,0.3,10
3561947,2011-08-13T14:10:03Z,-41.42,0.0,175.29,0.0,24.0,1.0,ML,,,,2.0,0.2,9
3561948,2011-08-13T14:12:59Z,-37.89,0.1,176.35,0.2,185.0,9.0,ML,,,,2.5,0.2,5
3561950,2011-08-13T14:21:31Z,-39.92,0.0,176.04,0.0,40.0,1.0,ML,,,,3.8,0.2,45
3561968,2011-08-13T15:03:06Z,-37.52,0.0,177.06,0.0,5.0,0.0,ML,,,,2.1,0.1,4
3561969,2011-08-13T15:07:34Z,-39.47,0.0,177.03,0.0,31.0,1.0,ML,,,,2.0,0.1,6
3561973,2011-08-13T15:21:01Z,-39.52,0.0,177.39,0.0,29.0,1.0,ML,,,,2.6,0.1,13
3561987,2011-08-13T15:56:10Z,-39.77,0.0,176.83,0.0,38.0,1.0,ML,,,,2.2,0.2,9
3640689,2011-08-13T15:56:51Z,-37.5,0.0,179.24,0.0,12.0,0.0,ML,,,,2.1,0.2,3
3561988,2011-08-13T15:58:41Z,-39.59,0.0,177.28,0.0,28.0,1.0,ML,,,,2.5,0.2,14
3562000,2011-08-13T16:40:31Z,-40.1,0.0,176.59,0.0,29.0,1.0,ML,,,,1.8,0.3,7
3562011,2011-08-13T17:13:30Z,-37.26,0.1,176.92,0.1,118.0,7.0,ML,,,,2.6,0.2,8
3562012,2011-08-13T17:16:52Z,-40.84,0.0,175.51,0.0,23.0,2.0,ML,,,,2.1,0.2,10
3562015,2011-08-13T17:22:27Z,-40.17,0.1,179.96,0.1,33.0,0.0,ML,,,,3.0,0.2,8
3562037,2011-08-13T18:17:28Z,-39.56,0.0,175.57,0.0,18.0,2.0,ML,,,,1.9,0.2,9
3562038,2011-08-13T18:20:50Z,-39.85,0.0,176.69,0.0,5.0,0.0,ML,,,,2.1,0.2,11
3640707,2011-08-13T18:21:49Z,-40.04,0.0,176.62,0.0,41.0,1.0,ML,,,,2.2,0.2,14
3562048,2011-08-13T18:52:28Z,-38.78,0.0,177.93,0.0,27.0,1.0,ML,,,,2.7,0.1,10
3562056,2011-08-13T19:14:04Z,-39.76,0.0,176.93,0.0,48.0,4.0,ML,,,,2.4,0.1,7
3562060,2011-08-13T19:25:42Z,-35.8,0.1,178.25,0.1,200.0,9.0,ML,,,,3.6,0.2,14
3562061,2011-08-13T19:28:56Z,-36.72,0.1,177.06,0.1,176.0,10.0,ML,,,,3.2,0.2,7
3562088,2011-08-13T20:39:39Z,-44.0,0.0,169.62,0.0,5.0,0.0,ML,,,,2.5,0.2,8
3562097,2011-08-13T21:04:19Z,-40.34,0.0,176.73,0.0,11.0,2.0,ML,,,,2.2,0.1,9
3562124,2011-08-13T22:16:01Z,-40.3,0.0,176.66,0.0,12.0,0.0,ML,,,,2.3,0.1,7
3562147,2011-08-13T23:12:27Z,-37.97,0.0,176.42,0.1,129.0,5.0,ML,,,,3.0,0.3,11
3562155,2011-08-13T23:36:36Z,-40.12,0.0,174.94,0.0,12.0,0.0,ML,,,,3.0,0.2,40
3562157,2011-08-13T23:44:25Z,-45.14,0.0,167.34,0.1,120.0,4.0,ML,,,,3.0,0.2,7
3562166,2011-08-14T00:05:16Z,-43.53,0.0,170.25,0.0,5.0,0.0,ML,,,,3.0,0.3,6
3562184,2011-08-14T00:58:06Z,-39.97,0.0,176.64,0.0,36.0,2.0,ML,,,,2.3,0.1,6
3562204,2011-08-14T01:54:48Z,-43.65,0.0,172.08,0.0,12.0,0.0,ML,,,,2.8,0.3,8
3562208,2011-08-14T02:03:08Z,-38.34,0.0,177.67,0.0,66.0,2.0,ML,,,,3.2,0.2,18
3562209,2011-08-14T02:07:16Z,-38.09,0.0,176.68,0.0,5.0,0.0,ML,,,,2.1,0.1,5
3562212,2011-08-14T02:15:30Z,-38.71,0.0,175.68,0.1,194.0,8.0,ML,,,,3.3,0.3,10
3562243,2011-08-14T03:44:20Z,-39.91,0.0,176.01,0.0,32.0,1.0,ML,,,,2.3,0.2,13
3562244,2011-08-14T03:45:51Z,-41.54,0.0,174.58,0.0,17.0,3.0,ML,,,,2.0,0.1,5
3562256,2011-08-14T04:21:03Z,-40.39,0.0,175.02,0.0,5.0,0.0,ML,,,,2.6,0.2,6
3562261,2011-08-14T04:35:33Z,-39.25,0.0,173.91,0.0,16.0,1.0,ML,,,,2.5,0.1,6
3562269,2011-08-14T04:58:47Z,-39.3,0.0,174.92,0.0,30.0,1.0,ML,,,,2.3,0.1,7
3562296,2011-08-14T05:58:09Z,-37.82,0.0,177.66,0.0,43.0,2.0,ML,,,,2.7,0.2,7
3562313,2011-08-14T06:42:40Z,-40.39,0.0,175.01,0.0,5.0,0.0,ML,,,,2.5,0.3,14
3562339,2011-08-14T07:32:19Z,-37.79,0.0,176.31,0.1,159.0,5.0,ML,,,,3.1,0.3,9
3562341,2011-08-14T07:36:08Z,-37.92,0.0,176.15,0.0,155.0,5.0,ML,,,,3.4,0.3,14
3562349,2011-08-14T08:02:59Z,-39.98,0.0,176.72,0.0,44.0,3.0,ML,,,,2.1,0.1,6
3562353,2011-08-14T08:10:41Z,-35.86,0.1,179.14,0.1,152.0,15.0,ML,,,,3.7,0.2,8
3562376,2011-08-14T08:58:52Z,-40.73,0.0,174.77,0.0,35.0,1.0,ML,,,,2.3,0.1,5
3562379,2011-08-14T09:03:57Z,-41.1,0.0,175.07,0.0,7.0,2.0,ML,,,,2.2,0.1,5
3562398,2011-08-14T10:09:26Z,-40.01,0.0,176.59,0.0,46.0,2.0,ML,,,,2.6,0.1,6
3562427,2011-08-14T11:33:34Z,-37.84,0.0,176.63,0.0,5.0,0.0,ML,,,,2.3,0.2,6
3562437,2011-08-14T12:05:24Z,-39.96,0.0,176.66,0.0,19.0,2.0,ML,,,,3.1,0.1,33
3562440,2011-08-14T12:15:09Z,-40.01,0.0,176.58,0.0,48.0,2.0,ML,,,,2.5,0.1,8
3562447,2011-08-14T12:33:15Z,-38.09,0.0,178.68,0.0,33.0,0.0,ML,,,,2.5,0.1,6
3562481,2011-08-14T14:16:43Z,-38.59,0.0,177.86,0.0,24.0,1.0,ML,,,,3.2,0.2,18
3562504,2011-08-14T15:20:29Z,-40.33,0.0,176.32,0.0,32.0,1.0,ML,,,,2.4,0.2,6
3562557,2011-08-14T17:49:12Z,-37.88,0.0,176.59,0.0,5.0,0.0,ML,,,,1.9,0.2,6
3562603,2011-08-14T19:52:56Z,-43.61,0.0,172.48,0.0,3.0,0.0,ML,,,,2.4,0.1,4
3562613,2011-08-14T20:25:18Z,-39.25,0.0,173.87,0.0,19.0,1.0,ML,,,,2.1,0.1,2
3562638,2011-08-14T21:31:31Z,-43.57,0.0,172.4,0.0,5.0,0.0,ML,,,,2.8,0.3,7
3562673,2011-08-14T23:04:32Z,-43.51,0.0,172.19,0.0,9.0,1.0,ML,,,,3.2,0.2,10
3562682,2011-08-14T23:29:01Z,-40.88,0.0,176.39,0.0,30.0,1.0,ML,,,,2.5,0.1,8
3640744,2011-08-15T01:05:35Z,-44.3,0.0,168.19,0.0,5.0,0.0,ML,,,,2.7,0.4,5
3562718,2011-08-15T01:06:52Z,-40.23,0.0,174.15,0.0,103.0,9.0,ML,,,,2.4,0.2,4
3562805,2011-08-15T05:24:42Z,-40.43,0.0,176.18,0.0,35.0,1.0,ML,,,,4.1,0.3,49
3562807,2011-08-15T05:28:10Z,-40.4,0.0,176.15,0.0,32.0,1.0,ML,,,,2.8,0.2,18
3562808,2011-08-15T05:31:36Z,-40.42,0.0,176.15,0.0,35.0,2.0,ML,,,,3.1,0.2,21
3562823,2011-08-15T06:13:26Z,-40.31,0.0,176.95,0.0,30.0,1.0,ML,,,,2.8,0.1,12
3562832,2011-08-15T06:40:20Z,-38.59,0.0,177.86,0.0,25.0,1.0,ML,,,,3.4,0.2,22
3562834,2011-08-15T06:44:51Z,-43.62,0.0,172.59,0.0,5.0,0.0,ML,,,,2.7,0.3,4
3562883,2011-08-15T06:55:21Z,-43.5,0.0,171.16,0.0,12.0,0.0,ML,,,,2.9,0.2,7
3562841,2011-08-15T07:05:32Z,-41.17,0.0,172.75,0.0,125.0,4.0,ML,,,,2.6,0.1,3
3562846,2011-08-15T07:19:12Z,-41.61,0.0,172.86,0.0,82.0,2.0,ML,,,,2.1,nan,1
3562856,2011-08-15T07:49:35Z,-38.59,0.0,177.84,0.0,19.0,2.0,ML,,,,2.2,0.1,8
3641104,2011-08-15T07:49:57Z,-40.4,0.0,176.17,0.0,35.0,1.0,ML,,,,2.2,0.1,7
3562865,2011-08-15T08:05:50Z,-38.67,0.0,176.09,0.1,122.0,6.0,ML,,,,2.9,0.3,9
3562868,2011-08-15T08:14:09Z,-45.01,0.0,167.58,0.0,84.0,2.0,ML,,,,3.1,0.3,6
3562881,2011-08-15T08:50:06Z,-40.1,0.0,175.36,0.0,32.0,2.0,ML,,,,2.8,0.1,35
3562895,2011-08-15T09:32:58Z,-43.17,0.0,171.99,0.0,5.0,0.0,ML,,,,2.5,0.3,7
3562914,2011-08-15T10:22:41Z,-38.59,0.0,177.86,0.0,21.0,2.0,ML,,,,2.3,0.1,5
3562927,2011-08-15T10:57:59Z,-40.83,0.0,175.51,0.0,25.0,1.0,ML,,,,2.5,0.2,14
3562930,2011-08-15T11:06:23Z,-39.24,0.0,176.29,0.0,50.0,2.0,ML,,,,3.7,0.2,37
3562934,2011-08-15T11:18:05Z,-40.83,0.0,174.87,0.0,36.0,2.0,ML,,,,2.6,0.1,14
3562957,2011-08-15T12:27:05Z,-39.29,0.0,177.74,0.0,29.0,1.0,ML,,,,2.7,0.2,9
3562960,2011-08-15T12:34:11Z,-40.39,0.0,176.15,0.0,33.0,1.0,ML,,,,2.0,0.2,4
3562965,2011-08-15T12:51:58Z,-42.2,0.0,173.83,0.0,12.0,0.0,ML,,,,2.3,0.1,5
3562970,2011-08-15T13:08:04Z,-38.58,0.0,177.84,0.0,12.0,0.0,ML,,,,2.2,0.1,5
3563010,2011-08-15T15:15:22Z,-39.85,0.0,176.67,0.0,47.0,2.0,ML,,,,2.4,0.2,12
3563013,2011-08-15T15:27:51Z,-41.86,0.0,172.32,0.0,5.0,0.0,ML,,,,2.2,0.4,4
3563021,2011-08-15T15:54:15Z,-39.26,0.0,176.09,0.0,51.0,3.0,ML,,,,2.1,0.1,3
3563031,2011-08-15T16:18:09Z,-39.0,0.0,175.84,0.0,9.0,1.0,ML,,,,1.7,0.1,6
3563042,2011-08-15T16:52:51Z,-40.84,0.0,175.51,0.0,25.0,1.0,ML,,,,2.6,0.2,12
3563043,2011-08-15T16:54:17Z,-40.84,0.0,175.5,0.0,24.0,1.0,ML,,,,2.3,0.2,6
3563048,2011-08-15T17:12:54Z,-39.88,0.0,176.74,0.0,48.0,2.0,ML,,,,2.7,0.1,14
3563049,2011-08-15T17:16:02Z,-40.52,0.0,176.75,0.0,25.0,2.0,ML,,,,2.5,0.1,9
3563068,2011-08-15T18:23:13Z,-41.0,0.0,175.58,0.0,24.0,1.0,ML,,,,1.9,0.2,8
3563074,2011-08-15T18:42:55Z,-40.33,0.0,174.5,0.0,85.0,6.0,ML,,,,2.6,0.1,8
3563082,2011-08-15T19:01:28Z,-43.6,0.0,172.19,0.0,5.0,0.0,ML,,,,2.9,0.2,7
3563089,2011-08-15T19:23:37Z,-36.83,0.1,176.95,0.1,185.0,5.0,ML,,,,3.3,0.2,16
3563100,2011-08-15T19:56:49Z,-39.84,0.0,175.96,0.0,17.0,2.0,ML,,,,2.2,0.2,9
3563111,2011-08-15T20:32:00Z,-36.76,0.1,176.28,0.1,187.0,12.0,ML,,,,3.0,0.2,3
3563112,2011-08-15T20:33:55Z,-43.56,0.0,172.2,0.0,7.0,1.0,ML,,,,3.2,0.2,8
3563125,2011-08-15T21:21:45Z,-39.25,0.0,176.27,0.0,34.0,2.0,ML,,,,2.4,0.1,8
3563128,2011-08-15T21:25:51Z,-39.76,0.0,176.69,0.0,33.0,1.0,ML,,,,2.2,0.3,7
3563134,2011-08-15T21:47:31Z,-43.49,0.0,172.8,0.0,5.0,0.0,ML,,,,2.8,0.1,4
3563161,2011-08-15T23:18:28Z,-40.26,0.0,174.23,0.0,83.0,4.0,ML,,,,2.0,0.2,3
3563173,2011-08-15T23:55:20Z,-43.61,0.0,172.64,0.0,9.0,1.0,ML,,,,2.7,0.2,4
3563177,2011-08-16T00:10:33Z,-38.31,0.0,176.21,0.0,5.0,0.0,ML,,,,1.6,0.2,4
3563179,2011-08-16T00:12:33Z,-39.25,0.0,176.27,0.0,35.0,2.0,ML,,,,2.3,0.1,5
3563181,2011-08-16T00:18:20Z,-37.81,0.0,176.76,0.0,5.0,0.0,ML,,,,1.9,0.2,9
3563183,2011-08-16T00:23:36Z,-41.03,0.0,173.3,0.0,117.0,3.0,ML,,,,3.1,0.2,5
3563194,2011-08-16T00:24:05Z,-37.61,0.0,179.66,0.0,12.0,0.0,ML,,,,3.4,0.2,8
3563186,2011-08-16T00:31:10Z,-37.47,0.0,177.74,0.0,90.0,3.0,ML,,,,2.8,0.1,5
3563190,2011-08-16T00:41:28Z,-42.05,0.0,172.98,0.0,82.0,3.0,ML,,,,2.9,0.2,5
3563228,2011-08-16T02:29:53Z,-46.13,0.0,165.87,0.1,12.0,0.0,ML,,,,2.7,0.2,4
3563234,2011-08-16T02:49:57Z,-46.14,0.1,165.92,0.1,12.0,0.0,ML,,,,2.5,0.3,4
3563242,2011-08-16T03:10:32Z,-40.68,0.0,175.5,0.0,27.0,1.0,ML,,,,2.4,0.1,7
3563246,2011-08-16T03:19:19Z,-38.25,0.0,176.4,0.0,5.0,0.0,ML,,,,1.6,0.2,4
3641175,2011-08-16T03:20:44Z,-38.27,0.0,176.41,0.0,5.0,0.0,ML,,,,1.7,0.1,4
3563247,2011-08-16T03:23:37Z,-37.61,0.0,176.65,0.0,146.0,3.0,ML,,,,3.5,0.2,13
3563253,2011-08-16T03:42:13Z,-40.87,0.0,175.81,0.0,26.0,1.0,ML,,,,2.5,0.2,9
3563282,2011-08-16T05:04:23Z,-40.09,0.0,176.45,0.0,42.0,2.0,ML,,,,2.3,0.1,6
3563296,2011-08-16T05:52:52Z,-39.72,0.0,173.96,0.0,213.0,4.0,ML,,,,3.7,0.2,26
3563314,2011-08-16T06:37:34Z,-39.15,0.0,174.74,0.0,194.0,6.0,ML,,,,3.2,0.1,8
3641193,2011-08-16T06:46:32Z,-43.32,0.0,171.98,0.0,9.0,1.0,ML,,,,2.5,0.2,4
3563318,2011-08-16T06:46:37Z,-41.1,0.0,174.64,0.0,31.0,1.0,ML,,,,2.8,0.1,14
3563328,2011-08-16T07:23:57Z,-43.54,0.0,172.34,0.0,5.0,0.0,ML,,,,2.4,0.1,4
3563335,2011-08-16T07:46:13Z,-40.68,0.0,176.3,0.0,32.0,1.0,ML,,,,2.2,0.4,4
3563337,2011-08-16T07:52:30Z,-41.33,0.0,172.63,0.0,155.0,5.0,ML,,,,2.7,nan,1
3563381,2011-08-16T09:32:50Z,-39.81,0.0,176.74,0.0,29.0,2.0,ML,,,,1.9,0.2,6
3563393,2011-08-16T10:07:19Z,-39.41,0.0,177.61,0.0,29.0,1.0,ML,,,,2.6,0.1,7
3563395,2011-08-16T10:11:30Z,-38.14,0.0,178.7,0.0,33.0,0.0,ML,,,,2.4,0.2,7
3563413,2011-08-16T11:05:54Z,-40.52,0.0,175.91,0.0,29.0,1.0,ML,,,,2.2,0.2,6
3563417,2011-08-16T11:16:28Z,-39.07,0.0,176.28,0.0,57.0,2.0,ML,,,,2.5,0.2,10
3563441,2011-08-16T12:23:32Z,-38.03,0.0,177.54,0.0,54.0,1.0,ML,,,,2.4,0.1,3
3563528,2011-08-16T16:28:18Z,-44.22,0.0,168.29,0.0,5.0,0.0,ML,,,,2.6,0.3,3
3563561,2011-08-16T17:50:46Z,-38.85,0.0,179.59,0.0,33.0,0.0,ML,,,,3.0,0.1,10
3563562,2011-08-16T17:52:48Z,-38.61,0.0,175.78,0.0,140.0,4.0,ML,,,,3.0,0.3,6
3563573,2011-08-16T18:26:15Z,-38.13,0.0,176.26,0.0,4.0,1.0,ML,,,,1.9,0.1,8
3563602,2011-08-16T19:37:33Z,-43.59,0.0,172.85,0.0,5.0,0.0,ML,,,,2.6,0.3,5
3563606,2011-08-16T19:42:14Z,-35.77,0.1,178.42,0.1,209.0,6.0,ML,,,,4.5,0.2,39
3563673,2011-08-16T22:41:56Z,-43.59,0.0,172.5,0.0,11.0,0.0,ML,,,,3.6,0.2,19
3563687,2011-08-16T23:21:22Z,-44.8,0.0,167.35,0.0,5.0,0.0,ML,,,,3.1,0.2,7
3563689,2011-08-16T23:28:45Z,-43.55,0.0,172.72,0.0,5.0,0.0,ML,,,,2.5,0.3,4
3563695,2011-08-16T23:44:01Z,-43.59,0.0,172.48,0.0,5.0,0.0,ML,,,,2.7,0.2,5
3563696,2011-08-16T23:46:45Z,-40.4,0.0,175.78,0.0,29.0,2.0,ML,,,,2.0,0.1,6
3563705,2011-08-17T00:13:35Z,-39.78,0.0,174.99,0.0,33.0,0.0,ML,,,,2.4,0.3,9
3563720,2011-08-17T00:47:00Z,-41.39,0.0,172.35,0.0,5.0,0.0,ML,,,,2.3,0.1,3
3563721,2011-08-17T00:50:06Z,-40.38,0.0,174.33,0.0,58.0,8.0,ML,,,,2.5,0.1,5
3563722,2011-08-17T00:56:01Z,-43.28,0.0,170.85,0.0,5.0,0.0,ML,,,,2.5,0.2,7
3563724,2011-08-17T00:56:59Z,-38.59,0.0,177.92,0.0,32.0,1.0,ML,,,,3.1,0.2,10
3563731,2011-08-17T01:13:08Z,-39.2,0.0,174.44,0.0,25.0,2.0,ML,,,,2.2,0.1,7
3563741,2011-08-17T01:35:42Z,-43.27,0.0,170.85,0.0,5.0,0.0,ML,,,,2.6,0.2,6
3563742,2011-08-17T01:37:23Z,-43.28,0.0,170.88,0.0,5.0,0.0,ML,,,,2.2,0.2,6
3563759,2011-08-17T02:23:28Z,-38.07,0.0,176.72,0.0,5.0,0.0,ML,,,,1.5,0.2,3
3641245,2011-08-17T02:24:14Z,-38.08,0.0,176.71,0.0,5.0,0.0,ML,,,,1.4,0.1,3
3563772,2011-08-17T03:00:05Z,-42.15,0.0,173.02,0.0,59.0,2.0,ML,,,,2.6,nan,1
3563777,2011-08-17T03:17:05Z,-40.3,0.0,176.5,0.0,34.0,2.0,ML,,,,2.4,0.2,5
3563794,2011-08-17T04:17:22Z,-40.68,0.0,175.73,0.0,33.0,1.0,ML,,,,2.3,0.2,7
3563795,2011-08-17T04:19:20Z,-41.4,0.0,172.19,0.0,5.0,0.0,ML,,,,2.4,0.3,4
3563841,2011-08-17T06:28:32Z,-43.58,0.0,172.7,0.0,6.0,1.0,ML,,,,2.7,0.1,4
3563867,2011-08-17T07:39:24Z,-40.39,0.0,176.16,0.0,34.0,1.0,ML,,,,2.0,0.1,7
3563875,2011-08-17T07:59:54Z,-43.37,0.0,172.18,0.0,5.0,0.0,ML,,,,3.1,0.2,6
3641254,2011-08-17T08:01:36Z,-39.64,0.0,176.71,0.0,30.0,1.0,ML,,,,2.3,0.1,6
3563879,2011-08-17T08:13:04Z,-39.77,0.0,176.82,0.0,46.0,2.0,ML,,,,3.1,0.2,26
3563916,2011-08-17T09:45:45Z,-43.8,0.0,171.73,0.0,17.0,2.0,ML,,,,3.6,0.2,17
3563920,2011-08-17T09:55:20Z,-40.27,0.0,176.31,0.0,38.0,1.0,ML,,,,2.3,0.1,5
3563924,2011-08-17T10:03:27Z,-43.6,0.0,172.5,0.0,5.0,0.0,ML,,,,2.7,0.2,4
3563938,2011-08-17T10:27:10Z,-38.07,0.1,176.12,0.1,134.0,8.0,ML,,,,2.6,0.2,6
3563959,2011-08-17T11:25:23Z,-40.33,0.0,176.58,0.0,19.0,2.0,ML,,,,2.0,0.1,5
3563988,2011-08-17T12:46:38Z,-38.82,0.0,178.48,0.0,29.0,1.0,ML,,,,3.0,0.1,14
3564034,2011-08-17T14:55:03Z,-38.48,0.0,176.2,0.0,5.0,0.0,ML,,,,1.5,0.1,4
3564037,2011-08-17T15:00:44Z,-40.13,0.0,174.71,0.0,79.0,4.0,ML,,,,2.2,0.2,3
3564050,2011-08-17T15:22:42Z,-43.58,0.0,172.49,0.0,5.0,0.0,ML,,,,2.8,0.2,3
3564063,2011-08-17T15:56:10Z,-45.01,0.0,167.46,0.0,103.0,3.0,ML,,,,3.1,0.2,5
3564078,2011-08-17T16:42:03Z,-44.38,0.0,167.94,0.0,5.0,0.0,ML,,,,2.6,0.2,9
3564081,2011-08-17T16:45:59Z,-40.24,0.0,176.34,0.0,53.0,4.0,ML,,,,2.3,0.2,5
3564085,2011-08-17T16:54:35Z,-38.67,0.0,178.39,0.0,33.0,0.0,ML,,,,2.7,0.1,9
3564095,2011-08-17T17:21:02Z,-41.29,0.0,174.94,0.0,26.0,1.0,ML,,,,2.3,0.1,4
3564104,2011-08-17T17:40:53Z,-37.53,0.0,178.27,0.0,33.0,0.0,ML,,,,2.5,0.2,6
3564109,2011-08-17T17:50:30Z,-38.45,0.0,178.0,0.0,12.0,0.0,ML,,,,1.8,0.2,7
3564114,2011-08-17T18:05:40Z,-43.57,0.0,171.62,0.0,5.0,0.0,ML,,,,2.4,0.4,6
3564116,2011-08-17T18:10:46Z,-39.8,0.0,176.27,0.0,27.0,1.0,ML,,,,2.1,0.2,8
3564124,2011-08-17T18:28:08Z,-39.23,0.0,174.75,0.0,30.0,1.0,ML,,,,3.1,0.2,24
3564135,2011-08-17T18:29:47Z,-44.17,0.0,168.4,0.0,5.0,0.0,ML,,,,2.2,0.2,7
3564129,2011-08-17T18:42:37Z,-39.37,0.0,177.6,0.0,31.0,2.0,ML,,,,2.6,0.1,6
3564165,2011-08-17T18:43:17Z,-43.6,0.0,172.51,0.0,5.0,0.0,ML,,,,2.4,0.3,5
3564137,2011-08-17T19:05:17Z,-37.98,0.0,176.57,0.0,129.0,4.0,ML,,,,3.1,0.3,9
3564162,2011-08-17T20:06:25Z,-35.9,0.1,178.07,0.1,181.0,10.0,ML,,,,3.3,0.1,5
3564163,2011-08-17T20:10:02Z,-38.33,0.0,176.8,0.0,64.0,1.0,ML,,,,2.6,0.2,5
3564172,2011-08-17T20:26:34Z,-43.6,0.0,172.57,0.0,5.0,0.0,ML,,,,3.0,0.2,5
3564181,2011-08-17T20:46:49Z,-39.51,0.0,175.69,0.0,15.0,1.0,ML,,,,2.0,0.2,7
3564184,2011-08-17T20:53:10Z,-43.28,0.0,170.82,0.0,5.0,0.0,ML,,,,3.2,0.2,8
3564188,2011-08-17T21:02:06Z,-39.2,0.0,175.02,0.0,5.0,0.0,ML,,,,2.3,0.3,5
3564189,2011-08-17T21:05:31Z,-38.08,0.0,176.01,0.1,171.0,5.0,ML,,,,3.3,0.3,15
3564210,2011-08-17T21:59:12Z,-45.71,0.0,167.25,0.0,12.0,0.0,ML,,,,2.3,0.3,3
3564242,2011-08-17T23:25:09Z,-43.58,0.0,172.65,0.0,6.0,1.0,ML,,,,2.5,0.3,6
3564251,2011-08-17T23:52:11Z,-43.59,0.0,172.52,0.0,5.0,0.0,ML,,,,2.4,0.1,3
3564262,2011-08-18T00:21:29Z,-40.5,0.0,174.38,0.0,84.0,4.0,ML,,,,3.0,0.1,12
3564267,2011-08-18T00:38:52Z,-45.45,0.0,167.07,0.0,63.0,2.0,ML,,,,2.8,0.3,10
3564277,2011-08-18T01:07:13Z,-43.59,0.0,172.35,0.0,5.0,0.0,ML,,,,2.5,0.3,5
3564299,2011-08-18T02:05:56Z,-37.75,0.1,176.25,0.1,182.0,6.0,ML,,,,3.2,0.2,6
3564302,2011-08-18T02:18:52Z,-40.74,0.0,175.23,0.0,32.0,1.0,ML,,,,2.3,0.2,6
3564339,2011-08-18T03:47:15Z,-39.75,0.0,176.92,0.0,46.0,3.0,ML,,,,2.6,0.1,8
3564374,2011-08-18T05:19:51Z,-40.32,0.0,176.48,0.0,18.0,2.0,ML,,,,2.3,0.1,10
3564406,2011-08-18T06:44:34Z,-39.59,0.0,174.18,0.0,208.0,5.0,ML,,,,3.7,0.1,22
3564413,2011-08-18T06:57:17Z,-38.37,0.0,177.15,0.0,36.0,3.0,ML,,,,2.3,0.1,5
3564461,2011-08-18T08:58:47Z,-38.16,0.0,177.71,0.0,5.0,0.0,ML,,,,2.4,0.2,5
3564464,2011-08-18T09:05:53Z,-43.59,0.0,172.71,0.0,8.0,1.0,ML,,,,2.9,0.1,5
3564492,2011-08-18T10:25:27Z,-40.42,0.0,174.25,0.0,64.0,5.0,ML,,,,2.3,0.2,4
3564498,2011-08-18T10:40:18Z,-38.86,0.0,175.46,0.0,118.0,3.0,ML,,,,3.2,0.2,12
3564499,2011-08-18T10:43:09Z,-37.51,0.0,176.96,0.0,119.0,4.0,ML,,,,2.7,0.2,3
3564506,2011-08-18T11:11:39Z,-41.41,0.0,172.18,0.0,5.0,0.0,ML,,,,2.3,0.4,4
3564523,2011-08-18T12:01:25Z,-44.79,0.0,167.83,0.0,83.0,3.0,ML,,,,2.5,0.3,9
3564535,2011-08-18T12:33:02Z,-39.57,0.0,174.9,0.0,130.0,3.0,ML,,,,3.0,0.2,12
3564548,2011-08-18T13:00:26Z,-40.23,0.0,176.78,0.0,12.0,0.0,ML,,,,2.1,0.1,6
3564551,2011-08-18T13:05:43Z,-38.04,0.0,176.57,0.0,90.0,3.0,ML,,,,2.9,0.3,8
3564558,2011-08-18T13:27:15Z,-38.03,0.0,176.17,0.0,145.0,4.0,ML,,,,3.3,0.3,8
3564589,2011-08-18T15:00:14Z,-43.57,0.0,172.39,0.0,5.0,0.0,ML,,,,2.8,0.2,5
3564592,2011-08-18T15:10:09Z,-41.4,0.0,172.36,0.0,12.0,0.0,ML,,,,2.0,0.3,4
3564607,2011-08-18T16:02:22Z,-40.23,0.0,173.39,0.0,176.0,5.0,ML,,,,3.2,0.2,6
3564618,2011-08-18T16:33:29Z,-38.57,0.0,177.92,0.0,21.0,2.0,ML,,,,2.5,0.2,7
3564625,2011-08-18T16:57:26Z,-43.57,0.0,172.39,0.0,5.0,0.0,ML,,,,2.5,0.1,5
3564632,2011-08-18T17:18:56Z,-39.71,0.0,176.88,0.0,42.0,2.0,ML,,,,2.4,0.2,6
3564635,2011-08-18T17:26:00Z,-44.88,0.0,168.54,0.0,5.0,0.0,ML,,,,2.3,0.3,8
3564701,2011-08-18T17:26:44Z,-40.84,0.0,173.96,0.0,12.0,0.0,ML,,,,2.4,0.2,10
3564648,2011-08-18T17:57:30Z,-39.18,0.0,174.63,0.1,174.0,9.0,ML,,,,3.1,0.2,7
3564664,2011-08-18T18:42:36Z,-43.05,0.0,178.33,0.0,33.0,0.0,ML,,,,3.7,0.2,8
3564668,2011-08-18T18:53:17Z,-38.53,0.0,175.97,0.0,151.0,2.0,ML,,,,3.6,0.2,38
3644353,2011-08-18T18:54:14Z,-38.37,0.0,177.82,0.0,19.0,2.0,ML,,,,2.7,0.2,9
3564696,2011-08-18T20:09:26Z,-36.12,0.1,176.96,0.1,250.0,10.0,ML,,,,3.6,0.2,5
3564707,2011-08-18T20:39:10Z,-43.59,0.0,172.74,0.0,6.0,1.0,ML,,,,2.6,0.1,4
3564717,2011-08-18T21:06:28Z,-40.2,0.0,175.0,0.0,18.0,2.0,ML,,,,3.1,0.1,32
3564744,2011-08-18T22:14:08Z,-37.03,0.1,176.37,0.1,185.0,5.0,ML,,,,3.5,0.3,6
3564825,2011-08-19T01:54:11Z,-45.51,0.0,167.12,0.0,77.0,1.0,ML,,,,2.3,0.2,5
3564831,2011-08-19T02:11:35Z,-41.2,0.0,173.56,0.0,86.0,3.0,ML,,,,2.7,0.2,2
3564846,2011-08-19T02:45:06Z,-37.7,0.0,178.16,0.0,32.0,1.0,ML,,,,2.6,0.1,4
3643426,2011-08-19T02:55:59Z,-43.88,0.0,169.67,0.0,5.0,0.0,ML,,,,2.6,0.3,8
3564868,2011-08-19T03:35:05Z,-41.67,0.0,174.27,0.0,30.0,1.0,ML,,,,2.4,0.3,9
3564889,2011-08-19T04:23:48Z,-36.92,0.1,-178.97,0.0,33.0,0.0,ML,,,,3.6,0.2,6
3564894,2011-08-19T04:36:08Z,-39.01,0.0,175.8,0.0,5.0,0.0,ML,,,,1.8,0.2,7
3564929,2011-08-19T06:09:14Z,-38.28,0.0,176.29,0.1,163.0,4.0,ML,,,,3.2,0.4,8
3564936,2011-08-19T06:33:53Z,-42.58,0.0,173.54,0.0,31.0,2.0,ML,,,,2.6,0.3,8
3564967,2011-08-19T07:57:21Z,-43.64,0.0,172.85,0.0,5.0,0.0,ML,,,,2.0,0.2,3
3564993,2011-08-19T09:08:29Z,-40.33,0.0,176.51,0.0,22.0,2.0,ML,,,,2.2,0.1,5
3565008,2011-08-19T09:47:50Z,-39.11,0.0,175.58,0.0,105.0,2.0,ML,,,,3.1,0.3,19
3565024,2011-08-19T10:42:39Z,-37.5,0.0,176.2,0.1,205.0,5.0,ML,,,,3.4,0.1,5
3565046,2011-08-19T11:54:38Z,-37.88,0.0,176.62,0.0,153.0,2.0,ML,,,,4.5,0.2,55
3565083,2011-08-19T13:25:23Z,-40.27,0.0,173.45,0.1,171.0,8.0,ML,,,,2.7,0.3,3
3643483,2011-08-19T13:27:04Z,-44.28,0.0,167.73,0.0,5.0,0.0,ML,,,,2.2,0.2,6
3565085,2011-08-19T13:32:25Z,-43.6,0.0,172.63,0.0,5.0,0.0,ML,,,,2.6,0.1,4
3565089,2011-08-19T13:43:16Z,-40.72,0.0,176.42,0.0,25.0,1.0,ML,,,,2.2,0.2,5
3565104,2011-08-19T14:28:17Z,-39.11,0.0,177.5,0.0,30.0,2.0,ML,,,,2.1,0.2,6
3565116,2011-08-19T15:07:22Z,-44.51,0.0,168.36,0.0,5.0,0.0,ML,,,,2.0,0.3,6
3565135,2011-08-19T16:06:33Z,-44.97,0.0,167.64,0.0,88.0,4.0,ML,,,,2.4,0.2,8
3565152,2011-08-19T17:08:39Z,-38.85,0.0,177.56,0.0,29.0,1.0,ML,,,,2.7,0.2,9
3565155,2011-08-19T17:14:17Z,-43.6,0.0,172.78,0.0,7.0,0.0,Mw,3.8,nan,0,4.1,0.2,44
3565159,2011-08-19T17:22:35Z,-37.15,0.0,177.23,0.0,139.0,4.0,ML,,,,3.2,0.1,7
3643503,2011-08-19T17:23:54Z,-43.59,0.0,172.76,0.0,7.0,1.0,ML,,,,2.3,0.2,3
3565158,2011-08-19T17:27:42Z,-39.23,0.0,174.74,0.0,32.0,1.0,ML,,,,2.3,0.1,6
3643507,2011-08-19T17:27:59Z,-38.46,0.0,178.7,0.0,32.0,2.0,ML,,,,2.5,0.1,9
3565163,2011-08-19T17:30:47Z,-39.27,0.0,175.2,0.0,17.0,1.0,ML,,,,1.5,0.2,8
3565184,2011-08-19T18:28:16Z,-38.46,0.0,178.75,0.0,33.0,0.0,ML,,,,2.2,0.2,4
3565194,2011-08-19T18:56:07Z,-39.26,0.0,175.14,0.0,25.0,1.0,ML,,,,2.2,0.1,12
3565201,2011-08-19T19:12:52Z,-39.22,0.0,174.76,0.0,31.0,2.0,ML,,,,2.1,0.1,7
3643516,2011-08-19T20:04:08Z,-44.15,0.0,168.75,0.0,5.0,0.0,ML,,,,2.6,0.2,3
3565216,2011-08-19T20:04:09Z,-43.6,0.0,172.49,0.0,5.0,2.0,ML,,,,3.4,0.2,11
3565222,2011-08-19T20:19:34Z,-37.45,0.1,176.43,0.1,214.0,9.0,ML,,,,3.1,0.2,8
3565237,2011-08-19T21:02:32Z,-44.87,0.0,167.39,0.0,5.0,0.0,ML,,,,3.0,0.1,6
3565246,2011-08-19T21:28:20Z,-41.19,0.0,174.5,0.0,28.0,2.0,ML,,,,2.1,0.3,8
3565269,2011-08-19T22:29:01Z,-39.84,0.0,176.92,0.0,32.0,1.0,ML,,,,2.9,0.2,19
3565277,2011-08-19T22:52:39Z,-43.63,0.0,172.41,0.0,12.0,1.0,ML,,,,2.8,0.2,5
3565290,2011-08-19T23:31:27Z,-39.22,0.0,175.03,0.0,27.0,1.0,ML,,,,2.2,0.2,12
3565304,2011-08-20T00:06:57Z,-42.49,0.0,172.75,0.0,33.0,0.0,ML,,,,2.5,0.3,4
3565329,2011-08-20T01:20:26Z,-38.84,0.0,177.9,0.0,31.0,1.0,ML,,,,3.1,0.2,21
3565332,2011-08-20T01:33:02Z,-44.76,0.0,167.37,0.0,12.0,0.0,ML,,,,2.8,0.3,8
3565359,2011-08-20T02:45:47Z,-41.24,0.0,174.67,0.0,34.0,0.0,ML,,,,3.2,0.2,22
3565405,2011-08-20T05:00:44Z,-43.58,0.0,172.62,0.0,5.0,0.0,ML,,,,2.8,0.1,4
3565409,2011-08-20T05:14:00Z,-41.92,0.0,174.1,0.0,12.0,0.0,ML,,,,2.7,0.2,6
3565542,2011-08-20T05:14:05Z,-44.54,0.0,170.12,0.0,5.0,0.0,ML,,,,2.1,0.2,6
3565437,2011-08-20T06:27:05Z,-41.07,0.0,173.13,0.0,132.0,1.0,ML,,,,2.6,nan,1
3565441,2011-08-20T06:41:15Z,-39.95,0.0,176.69,0.0,12.0,0.0,ML,,,,2.0,0.2,7
3565442,2011-08-20T06:43:27Z,-38.42,0.0,176.39,0.0,110.0,3.0,ML,,,,3.0,0.3,6
3565444,2011-08-20T06:51:02Z,-41.33,0.0,172.56,0.0,174.0,4.0,ML,,,,2.6,0.2,2
3565451,2011-08-20T07:12:13Z,-40.31,0.0,176.44,0.0,21.0,1.0,ML,,,,1.9,0.2,7
3565458,2011-08-20T07:31:12Z,-43.56,0.0,172.62,0.0,9.0,0.0,Mw,3.7,nan,0,4.0,0.3,37
3565461,2011-08-20T07:40:47Z,-41.71,0.0,174.95,0.0,31.0,1.0,ML,,,,2.0,0.2,8
3565463,2011-08-20T07:44:31Z,-40.91,0.0,174.12,0.0,43.0,2.0,ML,,,,2.1,0.3,4
3565465,2011-08-20T07:48:55Z,-42.78,0.0,174.84,0.0,33.0,0.0,ML,,,,3.3,0.2,23
3565471,2011-08-20T08:05:07Z,-41.93,0.0,174.09,0.0,12.0,0.0,ML,,,,2.4,0.2,11
3565537,2011-08-20T08:05:33Z,-45.06,0.0,167.54,0.0,91.0,4.0,ML,,,,2.5,0.2,5
3565487,2011-08-20T08:53:17Z,-40.06,0.0,176.69,0.0,50.0,2.0,ML,,,,2.2,0.3,7
3565488,2011-08-20T08:54:43Z,-37.95,0.0,176.58,0.0,146.0,2.0,ML,,,,4.6,0.2,55
3565490,2011-08-20T09:00:33Z,-43.51,0.0,172.12,0.0,5.0,0.0,ML,,,,2.6,0.4,7
3565492,2011-08-20T09:06:09Z,-37.73,0.0,177.61,0.0,46.0,3.0,ML,,,,2.1,0.3,3
3565498,2011-08-20T09:18:44Z,-44.18,0.0,168.58,0.0,2.0,0.0,ML,,,,2.7,0.1,4
3565502,2011-08-20T09:31:53Z,-37.66,0.0,178.36,0.0,61.0,3.0,ML,,,,2.2,0.2,5
3565522,2011-08-20T09:45:56Z,-41.28,0.0,172.76,0.0,106.0,2.0,ML,,,,2.1,nan,1
3565509,2011-08-20T09:46:38Z,-40.26,0.0,174.78,0.0,51.0,5.0,ML,,,,2.4,0.1,10
3565523,2011-08-20T09:47:44Z,-43.52,0.0,172.76,0.0,8.0,0.0,ML,,,,2.2,0.2,3
3565532,2011-08-20T10:44:27Z,-39.94,0.0,176.13,0.0,29.0,1.0,ML,,,,2.2,0.1,6
3565589,2011-08-20T13:05:50Z,-39.6,0.0,176.33,0.0,66.0,2.0,ML,,,,2.4,0.2,11
3565591,2011-08-20T13:11:00Z,-43.58,0.0,172.72,0.0,8.0,0.0,ML,,,,3.8,0.3,19
3565595,2011-08-20T13:23:28Z,-41.39,0.0,174.99,0.0,23.0,1.0,ML,,,,1.9,0.1,10
3565597,2011-08-20T13:29:41Z,-43.6,0.0,172.49,0.0,5.0,0.0,ML,,,,2.8,0.3,7
3565602,2011-08-20T13:43:36Z,-43.59,0.0,172.78,0.0,8.0,0.0,ML,,,,2.5,0.2,4
3565621,2011-08-20T14:24:28Z,-45.51,0.0,166.99,0.0,54.0,2.0,ML,,,,2.5,0.2,9
3565626,2011-08-20T14:37:33Z,-36.49,0.1,177.36,0.1,162.0,9.0,ML,,,,3.4,0.3,14
3565633,2011-08-20T14:47:13Z,-39.97,0.0,176.62,0.0,43.0,1.0,ML,,,,2.3,0.2,13
3565637,2011-08-20T14:59:45Z,-45.12,0.0,167.4,0.0,67.0,4.0,ML,,,,2.5,0.2,8
3565643,2011-08-20T15:13:13Z,-43.6,0.0,172.82,0.0,5.0,0.0,ML,,,,3.1,0.4,16
3565647,2011-08-20T15:26:28Z,-39.85,0.0,176.54,0.0,25.0,2.0,ML,,,,2.0,0.1,9
3565650,2011-08-20T15:37:04Z,-40.88,0.0,174.72,0.0,66.0,2.0,ML,,,,3.2,0.2,16
3565653,2011-08-20T15:46:17Z,-39.24,0.0,175.33,0.0,18.0,1.0,ML,,,,1.4,0.1,7
3565663,2011-08-20T16:10:29Z,-38.6,0.0,178.47,0.0,27.0,2.0,ML,,,,2.9,0.2,12
3565667,2011-08-20T16:22:52Z,-37.55,0.1,176.85,0.1,114.0,7.0,ML,,,,2.7,0.2,6
3644447,2011-08-20T17:08:10Z,-43.59,0.0,172.51,0.0,5.0,0.0,ML,,,,2.8,0.3,3
3644478,2011-08-20T17:20:17Z,-40.42,0.0,176.14,0.0,33.0,1.0,ML,,,,2.4,0.2,9
3565689,2011-08-20T17:36:36Z,-43.56,0.0,172.78,0.0,5.0,0.0,ML,,,,2.7,0.4,4
3565694,2011-08-20T17:44:19Z,-39.27,0.0,175.42,0.0,16.0,1.0,ML,,,,1.9,0.2,8
3565705,2011-08-20T18:20:50Z,-38.99,0.0,177.95,0.0,32.0,2.0,ML,,,,1.8,0.1,5
3565711,2011-08-20T18:36:33Z,-43.23,0.0,172.03,0.0,9.0,1.0,ML,,,,3.2,0.4,10
3565748,2011-08-20T20:01:21Z,-39.34,0.0,174.92,0.0,12.0,0.0,ML,,,,1.6,0.1,8
3565738,2011-08-20T20:01:36Z,-39.47,0.0,178.96,0.0,33.0,0.0,ML,,,,4.0,0.2,75
3565783,2011-08-20T22:13:26Z,-38.19,0.0,176.43,0.0,79.0,4.0,ML,,,,2.2,0.1,4
3565790,2011-08-20T22:35:58Z,-38.7,0.0,176.49,0.0,56.0,2.0,ML,,,,2.3,0.1,7
3565808,2011-08-20T23:12:32Z,-41.1,0.0,175.54,0.0,13.0,1.0,ML,,,,1.7,0.2,6
3565836,2011-08-21T00:28:22Z,-43.58,0.0,172.98,0.0,5.0,0.0,ML,,,,3.1,0.2,5
3565841,2011-08-21T00:42:22Z,-39.93,0.0,174.94,0.0,80.0,3.0,ML,,,,3.1,0.2,21
3565846,2011-08-21T01:03:37Z,-37.62,0.0,176.46,0.0,152.0,4.0,ML,,,,3.2,0.3,14
3565850,2011-08-21T01:17:37Z,-38.93,0.0,177.32,0.0,31.0,1.0,ML,,,,2.6,0.1,13
3565855,2011-08-21T01:23:44Z,-38.11,0.0,176.38,0.1,128.0,4.0,ML,,,,2.8,0.2,6
3565876,2011-08-21T02:20:53Z,-41.24,0.0,175.13,0.0,22.0,1.0,ML,,,,2.1,0.1,5
3565878,2011-08-21T02:25:05Z,-40.44,0.0,173.22,0.0,165.0,3.0,ML,,,,3.3,0.3,12
3565883,2011-08-21T02:37:08Z,-43.58,0.0,172.93,0.0,5.0,0.0,ML,,,,3.2,0.3,10
3565910,2011-08-21T03:53:05Z,-43.56,0.0,172.89,0.0,5.0,0.0,ML,,,,2.8,0.3,5
3565920,2011-08-21T04:20:14Z,-38.67,0.0,176.09,0.0,5.0,0.0,ML,,,,1.9,0.1,4
3565934,2011-08-21T05:02:55Z,-43.59,0.0,172.48,0.0,3.0,0.0,ML,,,,2.4,0.3,4
3565944,2011-08-21T05:30:50Z,-44.32,0.0,169.41,0.0,12.0,0.0,ML,,,,2.6,0.3,7
3565949,2011-08-21T05:46:01Z,-40.22,0.0,175.01,0.0,23.0,2.0,ML,,,,2.9,0.1,25
3565970,2011-08-21T06:49:10Z,-39.31,0.0,177.02,0.0,31.0,1.0,ML,,,,2.2,0.2,12
3565973,2011-08-21T06:54:20Z,-41.57,0.0,174.42,0.0,19.0,1.0,ML,,,,2.4,0.1,6
3565984,2011-08-21T07:23:37Z,-39.83,0.0,176.69,0.0,45.0,2.0,ML,,,,2.5,0.1,8
3566013,2011-08-21T08:35:07Z,-46.4,0.0,166.69,0.0,5.0,0.0,ML,,,,3.0,0.2,10
3566075,2011-08-21T11:11:53Z,-41.08,0.0,173.34,0.0,105.0,3.0,ML,,,,3.4,0.2,22
3566116,2011-08-21T13:15:55Z,-43.16,0.0,172.26,0.0,5.0,0.0,ML,,,,2.6,0.1,4
3566134,2011-08-21T14:07:58Z,-39.26,0.0,173.93,0.0,20.0,0.0,ML,,,,1.8,0.0,2
3566262,2011-08-21T14:08:53Z,-40.46,0.0,175.88,0.0,27.0,1.0,ML,,,,2.2,0.1,9
3566140,2011-08-21T14:25:47Z,-42.43,0.0,173.03,0.0,12.0,0.0,ML,,,,2.5,0.2,8
3566167,2011-08-21T16:01:57Z,-41.07,0.0,175.09,0.0,26.0,1.0,ML,,,,1.9,0.2,6
3566172,2011-08-21T16:16:32Z,-38.59,0.0,175.84,0.0,108.0,3.0,ML,,,,3.0,0.2,7
3566195,2011-08-21T17:28:56Z,-44.96,0.0,167.44,0.0,62.0,4.0,ML,,,,3.0,0.2,4
3566197,2011-08-21T17:38:28Z,-43.6,0.0,172.49,0.0,5.0,0.0,ML,,,,2.5,0.3,5
3566206,2011-08-21T18:02:26Z,-37.75,0.0,176.51,0.0,118.0,4.0,ML,,,,2.6,0.1,6
3566211,2011-08-21T18:16:27Z,-37.77,0.1,176.38,0.1,142.0,5.0,ML,,,,2.5,0.1,4
3566218,2011-08-21T18:36:46Z,-40.99,0.0,174.9,0.0,5.0,0.0,ML,,,,1.7,0.1,3
3566222,2011-08-21T18:52:43Z,-40.67,0.0,175.73,0.0,29.0,1.0,ML,,,,2.3,0.3,7
3566232,2011-08-21T19:13:45Z,-40.87,0.0,175.74,0.0,27.0,1.0,ML,,,,2.2,0.2,10
3566251,2011-08-21T20:07:26Z,-39.19,0.0,174.14,0.0,13.0,1.0,ML,,,,2.1,0.2,9
3566261,2011-08-21T20:38:52Z,-43.62,0.0,172.77,0.0,8.0,0.0,Mw,3.8,nan,0,4.1,0.3,25
3566274,2011-08-21T21:14:13Z,-37.83,0.0,176.64,0.0,5.0,0.0,Mw,3.7,nan,0,3.8,0.2,50
3566281,2011-08-21T21:21:58Z,-37.83,0.0,176.64,0.0,3.0,0.0,ML,,,,2.4,0.2,8
3648438,2011-08-21T21:22:08Z,-37.86,0.0,176.62,0.0,3.0,0.0,ML,,,,2.8,0.2,15
3566315,2011-08-21T22:56:22Z,-37.85,0.0,176.62,0.0,5.0,0.0,ML,,,,2.2,0.2,5
3566374,2011-08-22T01:42:01Z,-45.2,0.0,167.29,0.1,78.0,8.0,ML,,,,2.7,0.3,7
3566377,2011-08-22T01:52:34Z,-41.23,0.0,178.66,0.1,33.0,0.0,ML,,,,3.4,0.3,23
3566379,2011-08-22T01:57:52Z,-41.48,0.0,173.62,0.0,58.0,2.0,ML,,,,2.9,0.1,8
3566395,2011-08-22T02:42:40Z,-41.47,0.0,173.86,0.0,51.0,3.0,ML,,,,2.9,0.2,10
3566400,2011-08-22T02:54:06Z,-37.84,0.0,176.63,0.0,5.0,0.0,ML,,,,2.2,0.2,6
3566446,2011-08-22T04:54:58Z,-40.46,0.0,176.58,0.0,14.0,2.0,ML,,,,2.2,0.2,6
3566451,2011-08-22T05:06:02Z,-41.28,0.0,174.84,0.0,26.0,0.0,ML,,,,2.5,0.1,11
3566454,2011-08-22T05:15:57Z,-45.54,0.0,167.01,0.0,82.0,2.0,ML,,,,2.7,0.2,6
3566455,2011-08-22T05:18:37Z,-43.63,0.0,172.44,0.0,5.0,0.0,ML,,,,2.6,0.1,3
3644930,2011-08-22T05:19:28Z,-39.23,0.0,174.75,0.0,32.0,1.0,ML,,,,2.4,0.2,6
3566467,2011-08-22T05:48:03Z,-41.28,0.0,174.85,0.0,27.0,1.0,ML,,,,2.0,0.1,6
3566486,2011-08-22T06:36:30Z,-40.55,0.0,176.5,0.0,26.0,1.0,ML,,,,2.5,0.2,8
3566492,2011-08-22T06:55:23Z,-39.68,0.0,176.43,0.0,33.0,1.0,ML,,,,2.0,0.1,5
3566493,2011-08-22T06:57:40Z,-45.24,0.0,167.3,0.0,89.0,4.0,ML,,,,2.4,0.2,6
3566496,2011-08-22T07:07:05Z,-43.57,0.0,172.95,0.0,5.0,0.0,ML,,,,3.5,0.2,9
3566507,2011-08-22T07:39:18Z,-40.8,0.0,174.01,0.0,68.0,3.0,ML,,,,2.3,0.2,4
3566517,2011-08-22T08:06:24Z,-37.58,0.0,178.24,0.0,40.0,3.0,ML,,,,2.7,0.1,5
3566526,2011-08-22T08:36:34Z,-43.58,0.0,172.07,0.0,9.0,1.0,Mw,4.0,nan,0,4.3,0.3,51
3566537,2011-08-22T09:12:34Z,-41.2,0.0,174.65,0.0,35.0,1.0,ML,,,,2.3,0.2,13
3566541,2011-08-22T09:25:01Z,-36.61,0.1,176.73,0.1,186.0,7.0,ML,,,,3.7,0.2,12
3566556,2011-08-22T10:08:33Z,-39.62,0.0,176.8,0.0,28.0,2.0,ML,,,,2.3,0.2,9
3566571,2011-08-22T11:01:13Z,-39.22,0.0,174.75,0.0,32.0,2.0,ML,,,,1.9,0.2,8
3566573,2011-08-22T11:09:08Z,-43.59,0.0,172.08,0.0,9.0,2.0,ML,,,,3.5,0.2,15
3566588,2011-08-22T12:05:00Z,-41.37,0.0,174.96,0.0,29.0,1.0,ML,,,,1.9,0.1,8
3566591,2011-08-22T12:10:59Z,-41.31,0.0,174.8,0.0,23.0,1.0,ML,,,,2.4,0.1,10
3566596,2011-08-22T12:26:33Z,-40.0,0.0,176.62,0.0,40.0,1.0,ML,,,,2.1,0.2,9
3566600,2011-08-22T12:40:30Z,-43.55,0.0,172.92,0.0,5.0,0.0,ML,,,,2.8,0.3,7
3566611,2011-08-22T13:18:46Z,-39.27,0.0,175.17,0.0,25.0,1.0,ML,,,,2.6,0.1,16
3566613,2011-08-22T13:27:00Z,-38.87,0.0,177.99,0.1,33.0,0.0,ML,,,,2.1,0.1,6
3566614,2011-08-22T13:27:32Z,-36.37,0.1,177.42,0.1,272.0,11.0,ML,,,,2.9,0.1,4
3566619,2011-08-22T13:46:57Z,-41.8,0.0,172.52,0.0,91.0,4.0,ML,,,,3.2,0.1,6
3566631,2011-08-22T14:30:01Z,-38.94,0.0,177.8,0.0,32.0,1.0,ML,,,,2.4,0.2,5
3566638,2011-08-22T14:50:04Z,-37.79,0.0,178.62,0.0,33.0,2.0,ML,,,,1.8,0.1,3
3645010,2011-08-22T14:50:39Z,-37.96,0.0,176.37,0.1,112.0,5.0,ML,,,,2.1,0.1,3
3566651,2011-08-22T15:25:34Z,-40.11,0.0,176.6,0.0,30.0,1.0,ML,,,,2.1,0.2,12
3566663,2011-08-22T16:05:57Z,-41.32,0.0,172.97,0.0,126.0,3.0,ML,,,,3.1,0.1,5
3566671,2011-08-22T16:26:49Z,-39.94,0.0,176.95,0.0,26.0,1.0,ML,,,,2.4,0.2,8
3566676,2011-08-22T16:43:50Z,-40.44,0.0,176.05,0.0,48.0,2.0,ML,,,,2.3,0.2,8
3566679,2011-08-22T16:52:43Z,-44.56,0.0,168.1,0.0,85.0,3.0,ML,,,,2.5,0.2,8
3645017,2011-08-22T16:55:24Z,-40.6,0.0,176.39,0.0,25.0,1.0,ML,,,,2.2,0.1,4
3566684,2011-08-22T17:14:09Z,-45.33,0.0,167.35,0.0,112.0,5.0,ML,,,,2.7,0.4,7
3566685,2011-08-22T17:19:54Z,-39.28,0.0,173.87,0.0,23.0,1.0,ML,,,,1.8,0.1,6
3566686,2011-08-22T17:21:44Z,-39.12,0.0,174.69,0.0,23.0,1.0,ML,,,,3.4,0.2,40
3566700,2011-08-22T18:01:39Z,-39.24,0.0,175.31,0.0,15.0,1.0,ML,,,,1.9,0.3,17
3566703,2011-08-22T18:09:00Z,-39.49,0.0,175.69,0.0,15.0,1.0,ML,,,,2.1,0.2,6
3566713,2011-08-22T18:39:33Z,-40.5,0.0,176.74,0.0,21.0,3.0,ML,,,,2.3,0.2,9
3566719,2011-08-22T18:57:07Z,-43.56,0.0,172.74,0.0,5.0,0.0,ML,,,,2.3,0.2,4
3645030,2011-08-22T18:57:08Z,-40.55,0.0,176.49,0.0,22.0,2.0,ML,,,,2.1,0.2,6
3566720,2011-08-22T19:01:13Z,-45.47,0.0,166.97,0.0,45.0,1.0,ML,,,,2.5,0.2,8
3566721,2011-08-22T19:03:49Z,-37.3,0.0,176.41,0.0,271.0,5.0,ML,,,,3.9,0.2,21
3645036,2011-08-22T19:04:14Z,-38.9,0.0,175.85,0.0,5.0,0.0,ML,,,,1.5,0.3,6
3566725,2011-08-22T19:12:05Z,-40.58,0.0,176.45,0.0,23.0,2.0,ML,,,,2.4,0.2,9
3566726,2011-08-22T19:14:26Z,-39.63,0.0,177.24,0.0,24.0,2.0,ML,,,,2.5,0.1,8
3566728,2011-08-22T19:21:46Z,-39.64,0.0,177.24,0.0,24.0,2.0,ML,,,,2.6,0.1,10
3647429,2011-08-22T19:29:04Z,-40.54,0.0,176.42,0.0,15.0,2.0,ML,,,,2.1,0.2,6
3566734,2011-08-22T19:37:10Z,-46.01,0.0,166.26,0.1,21.0,3.0,ML,,,,3.5,0.1,7
3566747,2011-08-22T20:13:09Z,-42.04,0.0,172.9,0.0,84.0,3.0,ML,,,,2.7,0.3,3
3647438,2011-08-22T20:24:52Z,-38.02,0.0,178.17,0.0,27.0,2.0,ML,,,,2.4,0.2,5
3566767,2011-08-22T21:18:37Z,-43.57,0.0,172.72,0.0,9.0,1.0,ML,,,,2.7,0.1,3
3566771,2011-08-22T21:29:14Z,-40.84,0.0,175.17,0.0,30.0,1.0,ML,,,,3.2,0.2,40
3566782,2011-08-22T21:54:10Z,-37.85,0.0,176.63,0.0,5.0,0.0,ML,,,,2.2,0.2,5
3647451,2011-08-22T22:01:58Z,-36.87,0.0,176.6,0.1,220.0,4.0,ML,,,,3.7,0.2,17
3566786,2011-08-22T22:04:23Z,-43.6,0.0,172.76,0.0,7.0,1.0,ML,,,,3.3,0.2,4
3566803,2011-08-22T22:55:27Z,-38.68,0.0,176.6,0.0,51.0,4.0,ML,,,,2.4,0.2,6
3566805,2011-08-22T23:04:25Z,-43.54,0.0,172.41,0.0,12.0,0.0,ML,,,,2.6,0.3,7
3566836,2011-08-23T00:33:50Z,-40.54,0.0,176.41,0.0,14.0,2.0,ML,,,,2.1,0.2,7
3566840,2011-08-23T00:42:30Z,-43.49,0.0,172.84,0.0,12.0,0.0,ML,,,,2.3,0.2,3
3566861,2011-08-23T01:45:57Z,-40.89,0.0,174.67,0.0,53.0,2.0,ML,,,,2.9,0.2,14
3566883,2011-08-23T02:49:43Z,-43.49,0.0,170.26,0.0,5.0,0.0,ML,,,,2.5,0.3,7
3566913,2011-08-23T03:49:08Z,-39.75,0.0,177.34,0.0,12.0,0.0,ML,,,,2.4,0.1,6
3566917,2011-08-23T03:57:15Z,-39.95,0.0,176.59,0.0,47.0,3.0,ML,,,,2.2,0.1,6
3566922,2011-08-23T04:09:12Z,-44.53,0.0,167.68,0.0,5.0,0.0,ML,,,,2.9,0.3,10
3566933,2011-08-23T04:43:05Z,-40.66,0.0,175.47,0.0,28.0,1.0,ML,,,,2.4,0.1,7
3566944,2011-08-23T05:05:37Z,-41.56,0.0,174.42,0.0,22.0,2.0,ML,,,,2.2,0.4,10
3566979,2011-08-23T05:33:05Z,-37.31,0.0,177.98,0.0,61.0,3.0,ML,,,,4.1,0.2,39
3566985,2011-08-23T05:41:09Z,-39.22,0.0,175.44,0.1,102.0,4.0,ML,,,,2.7,0.2,6
3567001,2011-08-23T06:24:39Z,-40.07,0.0,176.38,0.0,30.0,2.0,ML,,,,2.1,0.2,5
3648470,2011-08-23T06:26:06Z,-43.27,0.0,170.87,0.0,12.0,0.0,ML,,,,2.0,0.4,3
3567010,2011-08-23T06:49:09Z,-37.6,0.0,178.26,0.0,40.0,4.0,ML,,,,2.3,0.2,7
3567015,2011-08-23T06:59:00Z,-41.49,0.0,172.3,0.0,5.0,0.0,ML,,,,1.8,0.3,4
3567037,2011-08-23T08:00:20Z,-40.84,0.0,176.38,0.0,20.0,3.0,ML,,,,2.0,0.1,6
3567042,2011-08-23T08:17:16Z,-39.19,0.0,174.15,0.0,9.0,1.0,ML,,,,2.6,0.3,21
3567046,2011-08-23T08:30:39Z,-37.83,0.0,178.57,0.0,11.0,2.0,ML,,,,2.0,0.2,4
3567051,2011-08-23T08:45:07Z,-43.58,0.0,172.5,0.0,5.0,0.0,ML,,,,2.6,0.1,3
3567056,2011-08-23T08:59:57Z,-41.14,0.0,175.15,0.0,29.0,1.0,ML,,,,1.8,0.2,6
3648494,2011-08-23T09:00:47Z,-37.88,0.0,176.4,0.0,146.0,4.0,ML,,,,3.1,0.3,19
3567062,2011-08-23T09:18:41Z,-36.58,0.1,177.35,0.1,167.0,6.0,ML,,,,3.2,0.4,11
3567096,2011-08-23T11:12:51Z,-39.96,0.0,176.8,0.0,35.0,2.0,ML,,,,2.3,0.2,9
3567103,2011-08-23T11:40:28Z,-38.04,0.0,176.5,0.0,124.0,2.0,ML,,,,4.2,0.2,49
3567119,2011-08-23T12:29:26Z,-40.48,0.0,176.03,0.0,29.0,2.0,ML,,,,1.9,0.1,4
3567124,2011-08-23T12:47:55Z,-43.36,0.0,172.39,0.0,14.0,2.0,ML,,,,2.6,0.4,8
3567131,2011-08-23T13:16:00Z,-37.83,0.0,176.63,0.0,5.0,0.0,ML,,,,2.0,0.2,8
3567138,2011-08-23T13:33:46Z,-39.34,0.0,177.32,0.0,32.0,1.0,ML,,,,3.8,0.3,74
3567144,2011-08-23T13:52:29Z,-39.31,0.0,177.29,0.0,31.0,1.0,ML,,,,2.1,0.2,7
3567145,2011-08-23T13:54:41Z,-39.32,0.0,177.3,0.0,31.0,1.0,ML,,,,2.8,0.2,12
3567148,2011-08-23T14:01:22Z,-39.32,0.0,177.29,0.0,31.0,1.0,ML,,,,2.9,0.2,17
3567152,2011-08-23T14:14:36Z,-40.94,0.0,172.88,0.0,219.0,4.0,ML,,,,3.3,0.2,6
3567153,2011-08-23T14:18:51Z,-43.63,0.0,172.63,0.0,5.0,0.0,ML,,,,2.6,0.3,3
3567154,2011-08-23T14:23:56Z,-43.63,0.0,172.33,0.0,17.0,2.0,ML,,,,2.8,0.3,9
3567170,2011-08-23T15:08:05Z,-40.16,0.0,174.46,0.0,114.0,2.0,ML,,,,3.5,0.2,29
3648535,2011-08-23T15:17:57Z,-43.46,0.0,171.28,0.0,5.0,0.0,ML,,,,2.8,0.4,13
3567200,2011-08-23T16:43:10Z,-44.13,0.0,172.64,0.0,12.0,0.0,ML,,,,3.0,0.2,6
3648540,2011-08-23T16:43:58Z,-38.75,0.0,175.7,0.0,106.0,2.0,ML,,,,2.8,0.3,8
3567208,2011-08-23T17:07:37Z,-39.73,0.0,174.73,0.0,124.0,2.0,ML,,,,3.1,0.2,15
3567237,2011-08-23T18:24:28Z,-39.78,0.0,176.78,0.0,18.0,3.0,ML,,,,2.2,0.1,7
3567238,2011-08-23T18:28:11Z,-44.4,0.0,168.23,0.0,5.0,0.0,ML,,,,2.6,0.3,8
3567242,2011-08-23T18:40:07Z,-39.22,0.0,174.75,0.0,32.0,1.0,ML,,,,2.2,0.2,7
3567244,2011-08-23T18:44:42Z,-43.02,0.0,171.74,0.0,5.0,0.0,ML,,,,2.9,0.3,12
3567249,2011-08-23T18:58:43Z,-39.64,0.0,177.23,0.0,26.0,2.0,ML,,,,2.7,0.2,10
3567265,2011-08-23T19:36:46Z,-39.35,0.0,177.29,0.0,28.0,2.0,ML,,,,2.3,0.2,5
3567267,2011-08-23T19:40:00Z,-39.26,0.0,173.92,0.0,15.0,2.0,ML,,,,1.8,0.1,3
3567281,2011-08-23T20:19:21Z,-37.91,0.0,177.54,0.0,42.0,3.0,ML,,,,2.9,0.2,8
3567305,2011-08-23T21:27:00Z,-36.97,0.1,177.75,0.1,130.0,6.0,ML,,,,3.2,0.1,5
3567329,2011-08-23T22:36:28Z,-44.16,0.0,168.74,0.0,5.0,0.0,ML,,,,2.5,0.3,6
3567346,2011-08-23T23:12:41Z,-41.85,0.0,172.33,0.0,5.0,0.0,ML,,,,2.4,0.2,4
3567382,2011-08-24T00:45:37Z,-37.97,0.0,176.37,0.1,130.0,4.0,ML,,,,3.0,0.3,4
3567383,2011-08-24T00:48:43Z,-39.86,0.0,176.14,0.0,30.0,1.0,ML,,,,3.2,0.2,37
3567413,2011-08-24T01:54:43Z,-44.51,0.0,168.36,0.0,5.0,0.0,ML,,,,2.6,0.3,8
3567440,2011-08-24T03:08:45Z,-38.66,0.0,176.07,0.0,2.0,0.0,ML,,,,1.9,0.1,4
3567483,2011-08-24T04:55:04Z,-38.36,0.0,175.9,0.0,170.0,3.0,ML,,,,3.8,0.2,39
3648067,2011-08-24T06:06:50Z,-36.66,0.1,177.41,0.1,144.0,8.0,ML,,,,3.3,0.1,7
3567507,2011-08-24T06:06:59Z,-42.12,0.0,171.49,0.0,2.0,0.0,ML,,,,2.8,0.3,9
3567538,2011-08-24T07:35:52Z,-39.66,0.0,176.69,0.0,28.0,1.0,ML,,,,2.4,0.1,10
3567555,2011-08-24T08:30:38Z,-37.9,0.0,176.92,0.0,88.0,2.0,ML,,,,2.4,0.2,5
3567564,2011-08-24T08:57:03Z,-43.6,0.0,172.61,0.0,5.0,0.0,ML,,,,2.8,0.3,6
3567568,2011-08-24T09:12:08Z,-38.33,0.0,177.18,0.0,40.0,2.0,ML,,,,2.6,0.1,7
3567576,2011-08-24T09:29:52Z,-40.7,0.0,176.32,0.0,29.0,1.0,ML,,,,2.3,0.2,5
3648098,2011-08-24T09:30:57Z,-37.7,0.0,177.57,0.0,74.0,3.0,ML,,,,2.5,0.1,4
3567585,2011-08-24T10:04:03Z,-38.1,0.1,176.12,0.1,137.0,6.0,ML,,,,2.9,0.2,5
3567603,2011-08-24T11:06:47Z,-38.34,0.0,177.18,0.0,43.0,2.0,ML,,,,2.3,0.1,6
3567604,2011-08-24T11:13:10Z,-45.41,0.0,167.15,0.0,107.0,3.0,ML,,,,3.0,0.4,9
3567623,2011-08-24T12:12:04Z,-41.02,0.0,175.6,0.0,29.0,1.0,ML,,,,2.3,0.1,8
3567624,2011-08-24T12:13:44Z,-40.84,0.0,175.5,0.0,25.0,1.0,ML,,,,2.1,0.2,7
3567625,2011-08-24T12:17:54Z,-37.27,0.1,176.29,0.1,201.0,5.0,ML,,,,3.1,0.3,6
3567632,2011-08-24T12:45:57Z,-43.58,0.0,172.58,0.0,6.0,1.0,ML,,,,2.5,0.2,4
3567645,2011-08-24T13:34:48Z,-43.57,0.0,172.2,0.0,10.0,2.0,ML,,,,2.7,0.3,11
3567654,2011-08-24T14:03:53Z,-40.99,0.0,175.57,0.0,28.0,1.0,ML,,,,3.0,0.2,24
3567660,2011-08-24T14:24:01Z,-41.08,0.0,175.07,0.0,30.0,1.0,ML,,,,2.2,0.1,5
3567669,2011-08-24T14:52:40Z,-43.6,0.0,172.59,0.0,7.0,1.0,ML,,,,2.8,0.3,6
3567670,2011-08-24T14:56:23Z,-39.36,0.0,173.62,0.0,12.0,0.0,ML,,,,1.9,0.3,4
3567682,2011-08-24T15:42:53Z,-38.31,0.0,176.01,0.0,5.0,0.0,ML,,,,1.9,0.1,7
3567692,2011-08-24T16:09:21Z,-39.3,0.0,177.29,0.0,28.0,1.0,ML,,,,2.2,0.1,7
3567698,2011-08-24T16:20:38Z,-40.39,0.0,176.06,0.0,23.0,2.0,ML,,,,2.1,0.2,6
3567702,2011-08-24T16:33:58Z,-39.52,0.0,175.64,0.0,14.0,1.0,ML,,,,2.0,0.1,7
3567719,2011-08-24T17:29:27Z,-38.3,0.0,176.01,0.0,5.0,0.0,ML,,,,1.9,0.1,6
3567721,2011-08-24T17:31:13Z,-38.31,0.0,176.01,0.0,5.0,0.0,ML,,,,2.0,0.1,7
3567729,2011-08-24T17:55:21Z,-37.95,0.0,179.2,0.0,33.0,0.0,ML,,,,2.4,0.1,6
3567734,2011-08-24T18:06:33Z,-38.31,0.0,176.02,0.0,5.0,0.0,ML,,,,2.1,0.1,8
3567741,2011-08-24T18:27:26Z,-39.63,0.0,177.23,0.0,26.0,2.0,ML,,,,2.5,0.1,7
3567746,2011-08-24T18:39:01Z,-38.33,0.0,175.69,0.0,158.0,4.0,ML,,,,3.4,0.3,12
3567752,2011-08-24T19:01:43Z,-40.05,0.0,176.77,0.0,44.0,1.0,ML,,,,2.3,0.1,7
3567782,2011-08-24T20:14:19Z,-44.75,0.0,167.34,0.0,12.0,0.0,ML,,,,2.7,0.3,8
3567810,2011-08-24T21:26:39Z,-38.54,0.0,177.81,0.0,31.0,1.0,ML,,,,3.1,0.2,15
3567813,2011-08-24T21:33:28Z,-43.59,0.0,172.92,0.0,9.0,1.0,ML,,,,3.8,0.2,21
3567828,2011-08-24T22:09:29Z,-41.78,0.0,174.22,0.0,15.0,1.0,ML,,,,2.7,0.2,8
3567833,2011-08-24T22:22:27Z,-43.58,0.0,172.66,0.0,8.0,1.0,ML,,,,2.9,0.2,4
3567834,2011-08-24T22:28:22Z,-38.88,0.0,175.91,0.0,5.0,0.0,ML,,,,1.7,0.2,9
3567847,2011-08-24T22:51:32Z,-39.32,0.0,174.86,0.0,27.0,2.0,ML,,,,2.5,0.1,13
3567865,2011-08-24T23:36:11Z,-43.59,0.0,172.82,0.0,5.0,0.0,ML,,,,2.7,0.3,5
3567871,2011-08-24T23:50:56Z,-37.83,0.0,176.62,0.0,5.0,0.0,ML,,,,4.2,0.2,59
3567873,2011-08-24T23:56:37Z,-37.84,0.0,176.63,0.0,5.0,0.0,ML,,,,2.7,0.2,11
3567874,2011-08-24T23:59:26Z,-40.83,0.0,175.51,0.0,25.0,1.0,ML,,,,2.2,0.2,5
3567875,2011-08-25T00:02:25Z,-43.6,0.0,172.34,0.0,5.0,0.0,ML,,,,2.8,0.3,7
3567890,2011-08-25T00:36:36Z,-38.32,0.0,177.49,0.0,43.0,3.0,ML,,,,2.5,0.2,6
3567895,2011-08-25T00:49:47Z,-37.71,0.0,179.12,0.0,22.0,0.0,ML,,,,2.9,0.3,4
3567905,2011-08-25T01:07:50Z,-39.81,0.0,176.92,0.0,46.0,2.0,ML,,,,2.2,0.1,6
3567909,2011-08-25T01:20:06Z,-37.85,0.0,176.63,0.0,5.0,0.0,ML,,,,2.4,0.2,11
3567916,2011-08-25T01:29:28Z,-43.58,0.0,172.03,0.0,8.0,2.0,ML,,,,3.2,0.2,6
3567934,2011-08-25T02:12:39Z,-37.84,0.0,176.62,0.0,5.0,0.0,ML,,,,2.2,0.2,5
3567944,2011-08-25T02:32:35Z,-37.83,0.0,176.63,0.0,4.0,1.0,ML,,,,2.2,0.2,6
3567949,2011-08-25T02:46:29Z,-37.72,0.0,178.89,0.0,28.0,2.0,ML,,,,2.9,0.2,5
3567978,2011-08-25T04:16:44Z,-38.24,0.0,179.0,0.0,33.0,0.0,ML,,,,2.6,0.2,4
3567982,2011-08-25T04:24:41Z,-37.82,0.0,177.99,0.0,34.0,3.0,ML,,,,2.3,0.2,6
3568003,2011-08-25T05:18:42Z,-38.26,0.0,178.15,0.0,28.0,2.0,ML,,,,2.1,0.1,6
3568011,2011-08-25T05:51:02Z,-40.88,0.0,175.61,0.0,23.0,1.0,ML,,,,2.0,0.1,5
3568033,2011-08-25T06:47:30Z,-38.34,0.0,176.86,0.0,67.0,2.0,ML,,,,3.1,0.1,16
3568035,2011-08-25T06:52:20Z,-37.26,0.0,177.43,0.0,122.0,3.0,ML,,,,3.9,0.2,38
3568038,2011-08-25T06:59:30Z,-44.91,0.0,167.61,0.0,71.0,3.0,ML,,,,2.8,0.2,10
3568040,2011-08-25T07:03:21Z,-41.24,0.0,172.68,0.0,167.0,2.0,ML,,,,3.0,0.2,3
3568071,2011-08-25T08:30:36Z,-40.85,0.0,174.17,0.0,62.0,3.0,ML,,,,3.1,0.1,17
3568091,2011-08-25T09:25:32Z,-37.7,0.0,176.11,0.1,184.0,4.0,ML,,,,3.1,0.2,12
3568096,2011-08-25T09:34:49Z,-37.23,0.0,177.83,0.0,111.0,4.0,ML,,,,2.5,0.2,5
3650714,2011-08-25T09:36:42Z,-44.13,0.0,168.58,0.0,5.0,0.0,ML,,,,2.7,0.3,8
3568103,2011-08-25T10:06:15Z,-38.12,0.0,177.8,0.0,72.0,2.0,ML,,,,2.1,0.1,4
3568121,2011-08-25T10:52:31Z,-37.23,0.1,177.67,0.0,91.0,4.0,ML,,,,2.6,0.2,5
3568154,2011-08-25T12:23:02Z,-39.57,0.0,177.44,0.0,5.0,0.0,ML,,,,2.2,0.1,4
3568169,2011-08-25T12:59:52Z,-38.87,0.0,175.11,0.0,204.0,3.0,ML,,,,3.5,0.2,9
3568172,2011-08-25T13:04:33Z,-38.36,0.0,176.17,0.0,4.0,1.0,ML,,,,1.6,0.1,6
3568173,2011-08-25T13:08:22Z,-37.21,0.0,177.88,0.0,52.0,5.0,ML,,,,2.2,0.2,4
3568175,2011-08-25T13:14:35Z,-38.36,0.0,176.17,0.0,4.0,1.0,ML,,,,1.6,0.2,7
3568185,2011-08-25T13:40:27Z,-41.3,0.0,174.41,0.0,15.0,1.0,ML,,,,1.8,0.1,4
3568197,2011-08-25T14:15:56Z,-39.35,0.0,173.77,0.0,13.0,3.0,ML,,,,1.9,0.2,3
3568199,2011-08-25T14:20:27Z,-38.36,0.0,176.17,0.0,4.0,1.0,ML,,,,1.6,0.1,5
3568206,2011-08-25T14:44:15Z,-43.57,0.0,172.92,0.0,5.0,0.0,ML,,,,2.8,0.2,4
3651108,2011-08-25T14:44:50Z,-43.57,0.0,172.91,0.0,5.0,0.0,ML,,,,3.4,0.2,7
3568213,2011-08-25T15:07:03Z,-44.53,0.0,168.42,0.0,5.0,0.0,ML,,,,2.7,0.1,4
3568214,2011-08-25T15:08:26Z,-39.91,0.0,176.63,0.0,46.0,2.0,ML,,,,2.4,0.2,11
3568227,2011-08-25T15:46:39Z,-37.63,0.0,176.85,0.1,125.0,4.0,ML,,,,2.4,0.3,4
3568248,2011-08-25T16:54:28Z,-43.44,0.0,172.13,0.0,5.0,0.0,ML,,,,2.8,0.3,5
3568261,2011-08-25T17:31:06Z,-43.61,0.0,172.85,0.0,5.0,0.0,ML,,,,3.0,0.3,5
3568276,2011-08-25T18:14:23Z,-37.76,0.0,176.71,0.0,121.0,4.0,ML,,,,3.1,0.2,13
3568278,2011-08-25T18:22:47Z,-40.39,0.0,176.36,0.0,33.0,2.0,ML,,,,2.0,0.2,6
3568340,2011-08-25T21:05:20Z,-43.59,0.0,172.51,0.0,5.0,0.0,ML,,,,3.0,0.2,4
3568342,2011-08-25T21:11:41Z,-45.09,0.0,167.4,0.0,62.0,2.0,ML,,,,3.3,0.2,9
3568349,2011-08-25T21:31:36Z,-39.84,0.0,175.03,0.0,37.0,3.0,ML,,,,2.8,0.1,12
3568350,2011-08-25T21:34:20Z,-43.19,0.0,172.02,0.0,8.0,1.0,ML,,,,2.9,0.3,11
3568360,2011-08-25T22:06:14Z,-38.31,0.0,177.21,0.0,39.0,3.0,ML,,,,1.9,0.1,5
3568364,2011-08-25T22:16:05Z,-39.49,0.0,177.22,0.0,26.0,1.0,ML,,,,3.2,0.2,34
3568374,2011-08-25T22:41:58Z,-39.76,0.0,176.85,0.0,43.0,3.0,ML,,,,2.6,0.1,6
3568393,2011-08-25T23:27:25Z,-43.58,0.0,172.36,0.0,5.0,0.0,ML,,,,2.8,0.1,5
3568412,2011-08-26T00:13:39Z,-39.4,0.0,175.6,0.0,10.0,1.0,ML,,,,1.6,0.2,6
3568415,2011-08-26T00:21:35Z,-40.98,0.0,173.35,0.0,88.0,2.0,ML,,,,2.4,0.1,2
3648580,2011-08-26T00:22:12Z,-39.76,0.0,176.75,0.0,39.0,3.0,ML,,,,2.4,0.2,8
3568425,2011-08-26T00:43:39Z,-40.16,0.0,176.8,0.0,29.0,1.0,ML,,,,2.2,0.2,6
3568459,2011-08-26T02:15:25Z,-36.86,0.1,177.47,0.1,126.0,10.0,ML,,,,3.1,0.3,5
3568464,2011-08-26T02:31:12Z,-38.9,0.0,177.06,0.0,35.0,2.0,ML,,,,2.3,0.1,7
3568474,2011-08-26T02:56:46Z,-38.13,0.0,176.48,0.0,2.0,0.0,ML,,,,2.0,0.2,4
3568494,2011-08-26T03:43:30Z,-43.53,0.0,172.67,0.0,5.0,0.0,ML,,,,2.7,0.3,6
3568495,2011-08-26T03:47:22Z,-43.55,0.0,172.4,0.0,5.0,0.0,ML,,,,2.8,0.1,4
3568500,2011-08-26T03:59:45Z,-38.01,0.0,177.97,0.0,40.0,4.0,ML,,,,2.1,0.1,3
3648590,2011-08-26T04:01:00Z,-41.3,0.0,172.68,0.0,151.0,5.0,ML,,,,3.1,0.2,3
3568512,2011-08-26T04:27:52Z,-39.79,0.0,176.88,0.0,34.0,1.0,ML,,,,2.4,0.1,10
3568526,2011-08-26T04:55:08Z,-39.74,0.0,176.99,0.0,32.0,1.0,ML,,,,2.7,0.1,11
3568533,2011-08-26T05:09:06Z,-45.21,0.0,167.41,0.0,78.0,3.0,ML,,,,2.7,0.2,5
3568595,2011-08-26T07:46:21Z,-43.51,0.0,172.7,0.0,9.0,1.0,ML,,,,2.7,0.1,4
3568599,2011-08-26T07:56:23Z,-41.36,0.0,172.4,0.0,5.0,0.0,ML,,,,2.0,nan,1
3568618,2011-08-26T08:41:18Z,-45.39,0.0,166.77,0.0,16.0,3.0,ML,,,,2.7,0.2,5
3648600,2011-08-26T08:42:20Z,-39.88,0.0,176.76,0.0,46.0,3.0,ML,,,,2.1,0.2,7
3568629,2011-08-26T09:04:33Z,-38.32,0.0,177.62,0.0,56.0,2.0,ML,,,,2.3,0.1,4
3648603,2011-08-26T09:04:42Z,-40.18,0.0,176.49,0.0,45.0,2.0,ML,,,,2.4,0.1,5
3568637,2011-08-26T09:24:16Z,-39.81,0.0,177.07,0.0,26.0,2.0,ML,,,,2.5,0.0,6
3568640,2011-08-26T09:33:25Z,-43.01,0.0,171.28,0.0,5.0,0.0,ML,,,,3.1,0.3,6
3648610,2011-08-26T09:33:33Z,-36.69,0.0,179.3,0.1,33.0,0.0,ML,,,,3.0,0.1,8
3568642,2011-08-26T09:38:37Z,-47.37,0.1,165.85,0.1,33.0,0.0,ML,,,,3.6,0.2,7
3568650,2011-08-26T09:59:00Z,-43.58,0.0,171.85,0.0,5.0,0.0,ML,,,,2.8,0.2,5
3568655,2011-08-26T10:09:16Z,-36.8,0.0,177.52,0.0,134.0,4.0,ML,,,,2.7,0.2,6
3648619,2011-08-26T10:23:33Z,-40.6,0.0,175.85,0.0,30.0,1.0,ML,,,,2.6,0.1,13
3568660,2011-08-26T10:24:16Z,-36.86,0.0,179.25,0.0,33.0,0.0,ML,,,,4.4,0.3,63
3568661,2011-08-26T10:28:13Z,-39.79,0.0,177.12,0.0,12.0,0.0,ML,,,,2.2,0.1,6
3568664,2011-08-26T10:33:20Z,-36.98,0.1,179.1,0.1,33.0,0.0,ML,,,,4.0,0.2,40
3568668,2011-08-26T10:44:54Z,-39.81,0.0,177.11,0.1,25.0,3.0,ML,,,,2.6,0.1,10
3568675,2011-08-26T11:06:13Z,-43.58,0.0,172.75,0.0,10.0,0.0,ML,,,,3.8,0.3,20
3568692,2011-08-26T11:36:14Z,-38.36,0.0,178.59,0.0,27.0,2.0,ML,,,,2.7,0.1,7
3650691,2011-08-26T11:37:11Z,-39.63,0.0,177.26,0.0,12.0,0.0,ML,,,,2.4,0.2,6
3568694,2011-08-26T11:43:27Z,-36.82,0.1,179.08,0.1,33.0,0.0,ML,,,,2.9,0.1,6
3650696,2011-08-26T11:43:36Z,-38.26,0.0,175.59,0.1,185.0,7.0,ML,,,,3.3,0.3,10
3568703,2011-08-26T12:01:43Z,-37.93,0.0,178.32,0.0,33.0,1.0,ML,,,,2.5,0.2,5
3568709,2011-08-26T12:20:06Z,-37.32,0.0,177.65,0.0,108.0,3.0,ML,,,,3.8,0.2,21
3568713,2011-08-26T12:28:55Z,-38.93,0.0,176.48,0.0,51.0,2.0,ML,,,,2.5,0.2,4
3568714,2011-08-26T12:30:25Z,-40.34,0.0,176.11,0.0,39.0,2.0,ML,,,,2.3,0.2,8
3568718,2011-08-26T12:39:56Z,-40.02,0.0,174.83,0.0,65.0,3.0,ML,,,,2.2,0.2,2
3568729,2011-08-26T13:03:19Z,-38.3,0.0,176.39,0.0,5.0,0.0,ML,,,,1.9,0.1,6
3568730,2011-08-26T13:04:54Z,-38.42,0.0,175.93,0.0,150.0,4.0,ML,,,,3.5,0.3,11
3568731,2011-08-26T13:08:25Z,-44.19,0.0,168.67,0.0,5.0,0.0,ML,,,,2.5,0.3,9
3568748,2011-08-26T13:40:21Z,-38.25,0.0,176.0,0.0,157.0,5.0,ML,,,,3.4,0.4,27
3568750,2011-08-26T13:46:27Z,-43.57,0.0,172.8,0.0,5.0,0.0,ML,,,,2.7,0.2,5
3568752,2011-08-26T13:51:23Z,-43.32,0.0,173.7,0.0,12.0,0.0,ML,,,,3.3,0.4,10
3568763,2011-08-26T14:22:46Z,-37.61,0.0,177.2,0.0,5.0,0.0,ML,,,,2.2,0.2,5
3568765,2011-08-26T14:24:43Z,-37.53,0.0,176.87,0.0,119.0,2.0,ML,,,,2.5,0.1,5
3568795,2011-08-26T15:39:14Z,-41.08,0.0,175.08,0.0,27.0,1.0,ML,,,,2.1,0.1,6
3568796,2011-08-26T15:41:11Z,-38.62,0.0,176.21,0.0,5.0,0.0,ML,,,,1.9,0.2,6
3568799,2011-08-26T15:47:51Z,-41.29,0.0,175.18,0.0,12.0,0.0,ML,,,,2.0,0.3,6
3568807,2011-08-26T16:06:03Z,-37.91,0.0,176.53,0.0,114.0,4.0,ML,,,,2.4,0.1,3
3650730,2011-08-26T16:08:05Z,-43.61,0.0,172.75,0.0,8.0,1.0,ML,,,,2.4,0.3,3
3568805,2011-08-26T16:08:23Z,-37.86,0.0,176.63,0.0,5.0,0.0,ML,,,,2.2,0.2,6
3568813,2011-08-26T16:21:03Z,-39.47,0.0,174.68,0.0,23.0,2.0,ML,,,,2.3,0.2,16
3651234,2011-08-26T16:53:21Z,-41.08,0.0,175.04,0.0,29.0,2.0,ML,,,,2.0,0.1,6
3568825,2011-08-26T16:54:40Z,-37.83,0.0,176.63,0.0,5.0,1.0,ML,,,,1.9,0.2,5
3568839,2011-08-26T17:16:10Z,-38.94,0.0,177.99,0.0,25.0,2.0,ML,,,,2.2,0.2,6
3568837,2011-08-26T17:17:20Z,-37.83,0.0,176.63,0.0,5.0,1.0,ML,,,,1.8,0.2,5
3568842,2011-08-26T17:24:38Z,-36.91,0.0,178.52,0.1,12.0,0.0,ML,,,,3.1,0.2,7
3568844,2011-08-26T17:31:20Z,-39.81,0.0,176.52,0.0,28.0,3.0,ML,,,,2.0,0.1,7
3568849,2011-08-26T17:45:09Z,-40.35,0.0,176.41,0.0,23.0,2.0,ML,,,,2.8,0.2,16
3568863,2011-08-26T18:23:39Z,-45.24,0.0,166.71,0.0,12.0,0.0,ML,,,,3.9,0.2,16
3568876,2011-08-26T18:56:01Z,-38.93,0.0,177.31,0.0,32.0,1.0,ML,,,,2.2,0.2,9
3568893,2011-08-26T19:40:51Z,-43.6,0.0,172.5,0.0,5.0,0.0,ML,,,,3.1,0.2,7
3568895,2011-08-26T19:45:38Z,-43.6,0.0,172.51,0.0,6.0,1.0,ML,,,,2.8,0.2,5
3568896,2011-08-26T19:49:27Z,-43.6,0.0,172.51,0.0,6.0,1.0,ML,,,,3.5,0.2,9
3568901,2011-08-26T19:56:12Z,-43.61,0.0,172.5,0.0,5.0,0.0,ML,,,,2.7,0.3,5
3568902,2011-08-26T20:00:09Z,-43.61,0.0,172.49,0.0,6.0,2.0,ML,,,,2.4,0.3,6
3568927,2011-08-26T21:05:18Z,-41.76,0.0,171.99,0.0,5.0,0.0,ML,,,,2.4,0.4,3
3568930,2011-08-26T21:11:31Z,-38.58,0.0,175.99,0.0,5.0,0.0,ML,,,,2.0,0.2,4
3568938,2011-08-26T21:32:43Z,-45.06,0.0,167.46,0.0,94.0,2.0,ML,,,,3.9,0.2,15
3568941,2011-08-26T21:41:10Z,-37.46,0.0,176.57,0.0,182.0,3.0,ML,,,,4.7,0.2,55
3568942,2011-08-26T21:45:53Z,-37.83,0.0,176.63,0.0,5.0,0.0,ML,,,,2.5,0.1,11
3568986,2011-08-26T23:30:29Z,-41.17,0.0,172.92,0.0,157.0,2.0,ML,,,,3.6,0.2,17
3569038,2011-08-27T01:34:45Z,-36.54,0.0,177.96,0.1,12.0,0.0,ML,,,,2.9,0.2,6
3569065,2011-08-27T02:43:59Z,-43.61,0.0,172.49,0.0,5.0,0.0,ML,,,,2.1,0.1,4
3569067,2011-08-27T02:49:12Z,-39.73,0.0,176.92,0.0,46.0,3.0,ML,,,,2.5,0.1,6
3569088,2011-08-27T03:41:43Z,-39.5,0.0,175.71,0.0,14.0,1.0,ML,,,,1.9,0.2,11
3569091,2011-08-27T03:53:29Z,-43.1,0.0,171.47,0.0,5.0,0.0,ML,,,,3.0,0.3,9
3569096,2011-08-27T04:01:08Z,-43.58,0.0,172.74,0.0,9.0,1.0,ML,,,,2.9,0.3,6
3569099,2011-08-27T04:08:58Z,-37.74,0.0,179.41,0.0,33.0,0.0,ML,,,,3.2,0.2,9
3569105,2011-08-27T04:25:26Z,-39.58,0.0,175.83,0.0,17.0,1.0,ML,,,,2.2,0.1,7
3652196,2011-08-27T05:37:33Z,-39.29,0.0,174.74,0.1,212.0,6.0,ML,,,,3.1,0.2,10
3569129,2011-08-27T05:38:25Z,-39.76,0.0,176.78,0.0,33.0,0.0,ML,,,,2.6,0.1,17
3569193,2011-08-27T08:09:29Z,-41.17,0.0,175.29,0.0,25.0,0.0,ML,,,,2.1,0.1,6
3569202,2011-08-27T08:28:13Z,-38.6,0.0,178.58,0.0,30.0,2.0,ML,,,,3.2,0.2,14
3569204,2011-08-27T08:34:22Z,-38.61,0.0,178.56,0.0,28.0,2.0,ML,,,,2.2,0.1,4
3569205,2011-08-27T08:35:25Z,-37.33,0.0,179.76,0.0,33.0,0.0,ML,,,,3.4,0.2,9
3569223,2011-08-27T09:18:56Z,-40.67,0.0,174.19,0.0,75.0,3.0,ML,,,,2.8,0.2,5
3569228,2011-08-27T09:30:59Z,-38.31,0.0,176.01,0.0,5.0,0.0,ML,,,,1.9,0.2,5
3569229,2011-08-27T09:36:37Z,-38.3,0.0,176.01,0.0,5.0,0.0,ML,,,,1.6,0.1,5
3569234,2011-08-27T09:47:24Z,-39.32,0.0,176.75,0.0,32.0,1.0,ML,,,,2.1,0.2,8
3569250,2011-08-27T10:36:43Z,-45.19,0.0,167.35,0.0,85.0,3.0,ML,,,,2.8,0.3,11
3651701,2011-08-27T11:26:44Z,-45.32,0.0,166.61,0.0,12.0,0.0,ML,,,,4.2,0.2,18
3569268,2011-08-27T11:29:36Z,-39.17,0.0,174.87,0.0,30.0,1.0,ML,,,,2.6,0.1,18
3569275,2011-08-27T11:52:51Z,-40.0,0.0,176.69,0.0,17.0,2.0,ML,,,,2.5,0.1,14
3569288,2011-08-27T12:28:16Z,-35.16,0.1,179.04,0.1,235.0,9.0,ML,,,,3.6,0.2,11
3569289,2011-08-27T12:31:56Z,-38.28,0.0,178.86,0.0,32.0,2.0,ML,,,,2.3,0.1,4
3569293,2011-08-27T12:40:51Z,-39.06,0.0,174.06,0.0,19.0,3.0,ML,,,,1.5,0.2,4
3569320,2011-08-27T14:03:03Z,-37.47,0.0,177.28,0.0,5.0,0.0,ML,,,,2.5,0.1,6
3569343,2011-08-27T15:07:38Z,-37.51,0.0,178.08,0.0,75.0,4.0,ML,,,,2.2,0.2,6
3569350,2011-08-27T15:24:44Z,-36.7,0.0,179.15,0.1,33.0,0.0,ML,,,,3.5,0.2,13
3569368,2011-08-27T16:20:57Z,-39.42,0.0,176.45,0.0,33.0,0.0,ML,,,,2.0,0.1,9
3569371,2011-08-27T16:28:52Z,-39.63,0.0,175.62,0.0,12.0,0.0,ML,,,,1.9,0.3,13
3569372,2011-08-27T16:30:52Z,-40.45,0.0,173.4,0.0,155.0,5.0,ML,,,,2.6,0.2,4
3569374,2011-08-27T16:35:52Z,-39.06,0.0,178.64,0.0,25.0,0.0,ML,,,,2.2,0.2,6
3569376,2011-08-27T16:41:22Z,-38.34,0.0,176.09,0.1,99.0,5.0,ML,,,,2.2,0.2,4
3569377,2011-08-27T16:47:43Z,-38.12,0.0,178.86,0.0,33.0,0.0,ML,,,,2.5,0.2,4
3569386,2011-08-27T17:12:54Z,-37.09,0.1,177.15,0.1,126.0,7.0,ML,,,,2.3,0.3,4
3569391,2011-08-27T17:27:45Z,-39.36,0.0,177.04,0.0,33.0,0.0,ML,,,,2.7,0.1,14
3569397,2011-08-27T17:41:32Z,-39.67,0.0,175.64,0.0,5.0,0.0,ML,,,,1.6,0.2,7
3569400,2011-08-27T17:52:02Z,-43.56,0.0,172.77,0.0,7.0,0.0,ML,,,,3.6,0.2,18
3569410,2011-08-27T18:19:07Z,-38.96,0.0,176.48,0.0,52.0,2.0,ML,,,,2.9,0.2,13
3569433,2011-08-27T19:19:05Z,-39.03,0.0,175.7,0.0,5.0,2.0,ML,,,,1.7,0.2,16
3569439,2011-08-27T19:35:47Z,-37.19,0.0,177.3,0.0,122.0,3.0,ML,,,,3.3,0.2,5
3569442,2011-08-27T19:42:09Z,-41.33,0.0,174.93,0.0,29.0,1.0,ML,,,,2.0,0.1,11
3569451,2011-08-27T20:06:23Z,-37.79,0.0,176.75,0.0,3.0,0.0,ML,,,,2.3,0.1,7
3569456,2011-08-27T20:20:33Z,-37.89,0.0,178.44,0.0,22.0,3.0,ML,,,,1.9,0.2,4
3569463,2011-08-27T20:39:50Z,-40.21,0.0,175.29,0.0,28.0,1.0,ML,,,,2.5,0.2,26
3569469,2011-08-27T21:00:04Z,-44.15,0.0,168.63,0.1,5.0,0.0,ML,,,,2.4,0.2,8
3569476,2011-08-27T21:16:00Z,-41.94,0.0,177.95,0.0,33.0,0.0,ML,,,,3.4,0.4,27
3569485,2011-08-27T21:36:31Z,-43.61,0.0,172.87,0.0,5.0,0.0,ML,,,,2.7,0.2,3
3652256,2011-08-27T21:36:57Z,-39.02,0.0,175.69,0.0,5.0,0.0,ML,,,,1.5,0.2,6
3569500,2011-08-27T22:12:02Z,-37.81,0.0,176.76,0.0,5.0,0.0,ML,,,,1.8,0.1,5
3569506,2011-08-27T22:26:56Z,-37.56,0.0,177.08,0.0,120.0,3.0,ML,,,,3.0,0.2,7
3569511,2011-08-27T22:38:39Z,-43.61,0.0,172.88,0.0,3.0,0.0,ML,,,,2.9,0.4,4
3569514,2011-08-27T22:48:50Z,-43.59,0.0,172.7,0.0,10.0,1.0,ML,,,,3.1,0.2,5
3569518,2011-08-27T22:52:46Z,-39.55,0.0,176.94,0.0,26.0,2.0,ML,,,,2.4,0.1,8
3570046,2011-08-27T23:09:40Z,-35.79,0.1,178.16,0.1,203.0,6.0,ML,,,,3.9,0.1,13
3569523,2011-08-27T23:10:20Z,-43.6,0.0,172.72,0.0,9.0,1.0,ML,,,,3.1,0.2,5
3569530,2011-08-27T23:26:43Z,-38.55,0.0,178.07,0.0,33.0,0.0,ML,,,,2.2,0.1,9
3569531,2011-08-27T23:29:39Z,-37.21,0.0,180.0,0.0,33.0,0.0,ML,,,,3.2,0.1,6
3652321,2011-08-27T23:30:19Z,-37.39,0.1,-179.88,0.1,33.0,0.0,ML,,,,3.3,0.1,5
3652323,2011-08-27T23:31:06Z,-37.29,0.0,-179.99,0.0,33.0,0.0,ML,,,,3.2,0.2,6
3569541,2011-08-27T23:59:34Z,-38.66,0.0,176.13,0.0,5.0,0.0,ML,,,,1.9,0.1,4
3651712,2011-08-28T00:30:26Z,-45.02,0.0,167.57,0.1,68.0,6.0,ML,,,,2.2,0.2,6
3569553,2011-08-28T00:30:54Z,-37.79,0.0,176.76,0.0,5.0,0.0,ML,,,,1.9,0.2,9
3569558,2011-08-28T00:45:41Z,-37.22,0.0,178.5,0.1,12.0,0.0,ML,,,,2.6,0.2,4
3569556,2011-08-28T00:49:16Z,-38.56,0.0,178.67,0.0,33.0,0.0,ML,,,,2.4,0.2,9
3569571,2011-08-28T01:17:01Z,-45.3,0.0,166.74,0.0,5.0,0.0,ML,,,,2.7,0.2,9
3569578,2011-08-28T01:38:49Z,-43.18,0.0,172.02,0.0,9.0,1.0,ML,,,,3.6,0.2,17
3569586,2011-08-28T02:00:11Z,-40.54,0.0,175.96,0.0,26.0,1.0,ML,,,,2.5,0.1,13
3569590,2011-08-28T02:14:46Z,-39.65,0.0,176.68,0.0,30.0,2.0,ML,,,,2.0,0.2,8
3569591,2011-08-28T02:16:20Z,-38.99,0.0,174.05,0.0,15.0,4.0,ML,,,,2.0,0.2,4
3569592,2011-08-28T02:18:25Z,-41.28,0.0,174.85,0.0,27.0,1.0,ML,,,,2.1,0.1,6
3569600,2011-08-28T02:44:14Z,-40.86,0.0,175.59,0.0,25.0,1.0,ML,,,,2.4,0.1,8
3569605,2011-08-28T03:01:13Z,-39.74,0.0,176.85,0.0,50.0,2.0,ML,,,,2.2,0.1,8
3569608,2011-08-28T03:16:26Z,-43.55,0.0,172.62,0.0,9.0,1.0,ML,,,,2.9,0.3,5
3569611,2011-08-28T03:25:58Z,-39.0,0.0,175.77,0.0,7.0,1.0,ML,,,,1.5,0.3,5
3569617,2011-08-28T03:38:48Z,-44.55,0.0,167.67,0.0,5.0,0.0,ML,,,,2.9,0.2,6
3569622,2011-08-28T03:50:33Z,-41.29,0.0,174.67,0.0,31.0,1.0,ML,,,,2.5,0.1,8
3569628,2011-08-28T04:15:35Z,-43.63,0.0,172.46,0.0,13.0,0.0,ML,,,,2.5,0.3,6
3569636,2011-08-28T04:35:54Z,-43.18,0.0,172.0,0.0,10.0,1.0,ML,,,,2.6,0.3,8
3569640,2011-08-28T04:48:52Z,-43.18,0.0,172.01,0.0,5.0,0.0,ML,,,,2.6,0.3,8
3569642,2011-08-28T04:55:31Z,-39.24,0.0,174.84,0.0,28.0,1.0,ML,,,,2.4,0.2,22
3569646,2011-08-28T05:07:43Z,-39.34,0.0,175.8,0.0,63.0,2.0,ML,,,,2.7,0.1,5
3569648,2011-08-28T05:16:02Z,-38.59,0.0,178.53,0.1,33.0,0.0,ML,,,,1.9,0.2,4
3569656,2011-08-28T05:35:25Z,-43.59,0.0,172.38,0.0,5.0,0.0,ML,,,,2.6,0.3,5
3569668,2011-08-28T05:54:42Z,-43.59,0.0,172.51,0.0,5.0,0.0,ML,,,,2.7,0.1,3
3651797,2011-08-28T05:56:01Z,-43.59,0.0,172.37,0.0,5.0,0.0,ML,,,,2.1,0.3,4
3569707,2011-08-28T07:33:04Z,-39.2,0.0,175.23,0.0,14.0,1.0,ML,,,,1.5,0.1,11
3651803,2011-08-28T08:06:03Z,-45.15,0.0,167.37,0.0,93.0,3.0,ML,,,,2.5,0.2,5
3569730,2011-08-28T08:34:17Z,-39.25,0.0,173.78,0.0,19.0,1.0,ML,,,,2.2,0.2,12
3569734,2011-08-28T08:47:38Z,-40.53,0.0,175.95,0.0,31.0,2.0,ML,,,,1.5,0.3,5
3569740,2011-08-28T09:05:20Z,-40.51,0.0,175.86,0.0,29.0,1.0,ML,,,,2.1,0.2,18
3569742,2011-08-28T09:09:33Z,-43.45,0.0,172.15,0.0,5.0,0.0,ML,,,,2.5,0.3,6
3569743,2011-08-28T09:12:22Z,-40.21,0.0,176.43,0.0,49.0,2.0,ML,,,,2.2,0.1,7
3569745,2011-08-28T09:19:42Z,-40.94,0.0,175.93,0.0,12.0,2.0,ML,,,,1.6,0.2,7
3651817,2011-08-28T09:20:23Z,-43.18,0.0,172.01,0.0,9.0,1.0,ML,,,,2.3,0.2,3
3569756,2011-08-28T09:54:31Z,-40.19,0.0,176.41,0.0,23.0,1.0,ML,,,,2.4,0.1,11
3569763,2011-08-28T10:18:13Z,-37.79,0.0,176.76,0.0,5.0,0.0,ML,,,,1.7,0.1,8
3652782,2011-08-28T10:18:38Z,-39.31,0.0,175.18,0.0,29.0,2.0,ML,,,,1.8,0.2,4
3569771,2011-08-28T10:44:04Z,-39.92,0.0,176.65,0.0,44.0,2.0,ML,,,,2.8,0.2,14
3569772,2011-08-28T10:46:58Z,-37.8,0.0,176.76,0.0,5.0,0.0,ML,,,,1.8,0.2,8
3652849,2011-08-28T10:47:29Z,-37.81,0.0,176.74,0.0,5.0,0.0,ML,,,,1.4,0.1,5
3569778,2011-08-28T11:02:32Z,-44.18,0.0,168.62,0.0,12.0,0.0,ML,,,,3.3,0.2,10
3652821,2011-08-28T11:03:11Z,-39.34,0.0,177.15,0.0,34.0,1.0,ML,,,,1.6,0.1,3
3569782,2011-08-28T11:19:30Z,-38.3,0.0,176.38,0.0,5.0,1.0,ML,,,,2.3,0.2,12
3569783,2011-08-28T11:20:54Z,-39.62,0.0,176.86,0.0,33.0,0.0,ML,,,,2.8,0.2,20
3569787,2011-08-28T11:29:12Z,-37.15,0.0,177.46,0.0,5.0,0.0,ML,,,,2.3,0.2,5
3569796,2011-08-28T11:57:10Z,-40.97,0.0,175.03,0.0,30.0,1.0,ML,,,,2.3,0.1,10
3569800,2011-08-28T12:11:01Z,-40.47,0.0,173.31,0.0,163.0,4.0,ML,,,,3.1,0.3,17
3569805,2011-08-28T12:23:58Z,-36.92,0.0,178.44,0.0,82.0,3.0,ML,,,,2.9,0.1,5
3655235,2011-08-28T12:25:23Z,-38.99,0.0,175.75,0.0,5.0,0.0,ML,,,,1.5,0.2,11
3569806,2011-08-28T12:33:23Z,-43.57,0.0,172.39,0.0,8.0,1.0,ML,,,,3.4,0.1,14
3569811,2011-08-28T12:40:20Z,-43.54,0.0,170.3,0.0,5.0,0.0,ML,,,,2.6,0.3,15
3569812,2011-08-28T12:43:00Z,-39.95,0.0,176.59,0.0,43.0,2.0,ML,,,,2.6,0.1,12
3655340,2011-08-28T13:41:23Z,-41.89,0.0,173.15,0.0,18.0,3.0,ML,,,,2.2,0.3,7
3655344,2011-08-28T13:41:59Z,-41.71,0.0,172.27,0.0,5.0,0.0,ML,,,,2.1,0.3,5
3569830,2011-08-28T13:45:53Z,-36.93,0.0,177.41,0.0,169.0,4.0,ML,,,,4.1,0.2,50
3569838,2011-08-28T14:04:37Z,-39.01,0.0,177.33,0.0,19.0,2.0,ML,,,,2.4,0.1,10
3569847,2011-08-28T14:40:22Z,-45.05,0.0,167.39,0.0,113.0,1.0,ML,,,,3.7,0.1,14
3569848,2011-08-28T14:45:30Z,-41.26,0.0,172.65,0.0,163.0,3.0,ML,,,,3.2,0.4,8
3569881,2011-08-28T16:20:38Z,-38.15,0.1,175.97,0.1,109.0,14.0,ML,,,,2.1,0.0,3
3569883,2011-08-28T16:24:37Z,-43.6,0.0,172.4,0.0,12.0,0.0,ML,,,,2.5,0.3,5
3655844,2011-08-28T16:24:52Z,-37.95,0.0,176.42,0.1,94.0,7.0,ML,,,,2.0,0.2,3
3569887,2011-08-28T16:35:42Z,-38.31,0.0,177.92,0.0,29.0,2.0,ML,,,,1.8,0.1,6
3569895,2011-08-28T17:04:49Z,-45.4,0.0,167.16,0.0,105.0,2.0,ML,,,,3.4,0.2,13
3569899,2011-08-28T17:12:40Z,-40.59,0.0,175.88,0.0,26.0,1.0,ML,,,,2.0,0.1,5
3569903,2011-08-28T17:20:45Z,-39.23,0.0,176.62,0.0,47.0,1.0,ML,,,,1.8,0.2,3
3655885,2011-08-28T17:21:12Z,-41.02,0.0,175.0,0.0,51.0,1.0,ML,,,,2.3,0.2,12
3569904,2011-08-28T17:24:20Z,-38.69,0.0,175.71,0.0,133.0,6.0,ML,,,,2.9,0.2,24
3569909,2011-08-28T17:39:47Z,-38.93,0.0,177.32,0.0,32.0,1.0,ML,,,,1.7,0.2,5
3569921,2011-08-28T18:17:10Z,-38.31,0.0,176.13,0.0,103.0,5.0,ML,,,,2.6,0.2,11
3656260,2011-08-28T18:25:52Z,-37.82,0.0,176.63,0.0,5.0,0.0,ML,,,,1.7,0.2,4
3569923,2011-08-28T18:26:40Z,-39.68,0.0,176.91,0.0,35.0,2.0,ML,,,,2.2,0.2,10
3569945,2011-08-28T19:23:15Z,-40.92,0.0,175.2,0.0,29.0,1.0,ML,,,,2.2,0.2,11
3569951,2011-08-28T19:30:02Z,-38.99,0.0,175.76,0.0,5.0,2.0,ML,,,,2.9,0.3,27
3569952,2011-08-28T19:32:15Z,-38.99,0.0,175.77,0.0,6.0,1.0,ML,,,,1.9,0.1,7
3569953,2011-08-28T19:34:08Z,-37.95,0.0,177.13,0.0,68.0,4.0,ML,,,,2.9,0.1,13
3569955,2011-08-28T19:38:30Z,-38.94,0.0,175.63,0.0,5.0,0.0,ML,,,,1.3,0.3,4
3656382,2011-08-28T20:10:19Z,-38.3,0.0,176.01,0.0,5.0,18.0,ML,,,,1.7,0.1,3
3656383,2011-08-28T20:11:07Z,-38.29,0.0,177.52,0.1,49.0,3.0,ML,,,,2.1,0.2,3
3569968,2011-08-28T20:11:11Z,-43.18,0.0,171.99,0.0,9.0,1.0,ML,,,,2.4,0.2,3
3569967,2011-08-28T20:18:53Z,-39.0,0.0,175.77,0.0,5.0,0.0,ML,,,,3.6,0.3,63
3569971,2011-08-28T20:20:38Z,-39.01,0.0,175.78,0.0,5.0,0.0,ML,,,,1.6,0.1,5
3569973,2011-08-28T20:23:34Z,-38.99,0.0,175.77,0.0,5.0,2.0,ML,,,,3.1,0.3,35
3569975,2011-08-28T20:27:12Z,-38.99,0.0,175.78,0.0,9.0,1.0,ML,,,,2.1,0.2,6
3569972,2011-08-28T20:28:28Z,-39.0,0.0,175.77,0.0,7.0,1.0,ML,,,,1.7,0.3,7
3569976,2011-08-28T20:30:30Z,-39.0,0.0,175.77,0.0,8.0,1.0,ML,,,,2.1,0.1,10
3569995,2011-08-28T20:31:35Z,-39.0,0.0,175.77,0.0,9.0,1.0,ML,,,,1.8,0.1,6
3569996,2011-08-28T20:31:53Z,-39.0,0.0,175.78,0.0,9.0,1.0,ML,,,,2.5,0.2,15
3569979,2011-08-28T20:34:15Z,-39.0,0.0,175.77,0.0,8.0,1.0,ML,,,,1.7,0.1,7
3569981,2011-08-28T20:35:21Z,-38.99,0.0,175.78,0.0,6.0,4.0,ML,,,,1.7,0.2,9
3569987,2011-08-28T20:43:45Z,-40.06,0.0,176.09,0.0,31.0,1.0,ML,,,,2.2,0.2,5
3657791,2011-08-28T20:44:03Z,-38.99,0.0,175.77,0.0,8.0,2.0,ML,,,,1.9,0.1,8
3569988,2011-08-28T20:46:14Z,-38.99,0.0,175.76,0.0,8.0,0.0,ML,,,,1.7,0.2,10
3569990,2011-08-28T20:49:38Z,-38.99,0.0,175.77,0.0,8.0,1.0,ML,,,,1.9,0.1,6
3569983,2011-08-28T20:59:24Z,-39.0,0.0,175.78,0.0,8.0,1.0,ML,,,,1.8,0.1,8
3570002,2011-08-28T21:18:49Z,-43.62,0.0,172.46,0.0,5.0,0.0,ML,,,,2.7,0.3,6
3657838,2011-08-28T21:19:07Z,-38.99,0.0,175.77,0.0,8.0,1.0,ML,,,,1.8,0.1,6
3569999,2011-08-28T21:19:54Z,-38.99,0.0,175.79,0.0,9.0,1.0,ML,,,,2.5,0.2,21
3657848,2011-08-28T21:32:38Z,-39.98,0.1,173.5,0.0,148.0,8.0,ML,,,,2.9,0.3,3
3570006,2011-08-28T21:32:59Z,-39.0,0.0,175.77,0.0,7.0,2.0,ML,,,,1.5,0.3,7
3570016,2011-08-28T21:51:27Z,-38.99,0.0,175.77,0.0,7.0,1.0,ML,,,,1.8,0.3,7
3570017,2011-08-28T21:55:01Z,-43.48,0.0,172.64,0.0,11.0,1.0,ML,,,,2.1,0.1,4
3570015,2011-08-28T22:00:57Z,-39.0,0.0,175.77,0.0,8.0,1.0,ML,,,,2.4,0.2,18
3570028,2011-08-28T22:25:00Z,-38.99,0.0,175.78,0.0,7.0,1.0,ML,,,,2.5,0.2,20
3570030,2011-08-28T22:32:57Z,-39.81,0.0,176.89,0.0,44.0,2.0,ML,,,,2.3,0.2,10
3570033,2011-08-28T22:40:03Z,-38.26,0.0,175.98,0.0,132.0,7.0,ML,,,,3.3,0.4,19
3570040,2011-08-28T22:55:52Z,-38.27,0.0,175.79,0.0,150.0,5.0,ML,,,,3.2,0.3,29
3570051,2011-08-28T23:21:47Z,-38.99,0.0,175.77,0.0,5.0,2.0,ML,,,,1.7,0.2,10
3657920,2011-08-28T23:30:12Z,-40.91,0.0,175.19,0.0,29.0,1.0,ML,,,,2.0,0.2,3
3570054,2011-08-28T23:30:22Z,-38.99,0.0,175.77,0.0,7.0,2.0,ML,,,,1.5,0.3,4
3657924,2011-08-28T23:34:41Z,-37.32,0.1,177.06,0.1,86.0,14.0,ML,,,,2.5,0.1,5
3570059,2011-08-28T23:35:03Z,-39.0,0.0,175.77,0.0,7.0,1.0,ML,,,,1.7,0.2,10
3570084,2011-08-29T00:47:45Z,-38.99,0.0,175.76,0.0,7.0,2.0,ML,,,,2.0,0.1,9
3570092,2011-08-29T01:10:25Z,-47.5,0.0,166.41,0.0,5.0,0.0,ML,,,,3.1,0.2,7
3651686,2011-08-29T01:12:26Z,-39.0,0.0,175.77,0.0,5.0,0.0,ML,,,,1.6,0.1,5
3570094,2011-08-29T01:16:30Z,-39.88,0.0,176.67,0.0,45.0,2.0,ML,,,,2.3,0.2,10
3570119,2011-08-29T02:23:53Z,-40.16,0.0,174.82,0.0,45.0,4.0,ML,,,,3.6,0.2,33
3570125,2011-08-29T02:31:47Z,-41.93,0.0,172.23,0.0,92.0,4.0,ML,,,,2.5,nan,1
3570130,2011-08-29T02:44:29Z,-38.99,0.0,175.77,0.0,5.0,0.0,ML,,,,1.6,0.3,6
3570137,2011-08-29T03:19:31Z,-41.74,0.0,172.02,0.0,15.0,2.0,ML,,,,3.9,0.2,25
3570148,2011-08-29T03:46:15Z,-38.31,0.0,176.01,0.0,5.0,0.0,ML,,,,1.9,0.1,5
3570150,2011-08-29T03:51:29Z,-41.72,0.0,172.04,0.0,12.0,0.0,ML,,,,2.4,0.4,4
3570155,2011-08-29T04:03:56Z,-41.22,0.0,175.23,0.0,19.0,1.0,ML,,,,2.1,0.1,5
3570156,2011-08-29T04:05:49Z,-39.61,0.0,176.9,0.0,35.0,2.0,ML,,,,2.1,0.1,8
3570158,2011-08-29T04:10:09Z,-39.0,0.0,175.77,0.0,8.0,1.0,ML,,,,1.7,0.2,8
3570161,2011-08-29T04:23:49Z,-40.18,0.0,174.74,0.0,33.0,0.0,ML,,,,2.3,0.3,14
3570165,2011-08-29T04:37:13Z,-43.57,0.0,172.88,0.0,5.0,0.0,ML,,,,2.8,0.3,5
3651716,2011-08-29T04:37:33Z,-38.99,0.0,175.77,0.0,5.0,0.0,ML,,,,1.5,0.3,4
3570170,2011-08-29T04:42:39Z,-39.92,0.0,176.64,0.0,43.0,2.0,ML,,,,2.4,0.2,10
3570176,2011-08-29T04:54:41Z,-38.99,0.0,175.78,0.0,5.0,0.0,ML,,,,1.5,0.2,6
3570183,2011-08-29T05:12:43Z,-39.03,0.0,176.55,0.0,46.0,5.0,ML,,,,2.4,0.1,5
3570182,2011-08-29T05:17:10Z,-38.58,0.0,177.87,0.0,38.0,3.0,ML,,,,2.2,0.1,3
3570188,2011-08-29T05:31:08Z,-38.99,0.0,175.78,0.0,5.0,0.0,ML,,,,1.7,0.3,5
3570203,2011-08-29T06:08:59Z,-43.56,0.0,172.61,0.0,10.0,1.0,ML,,,,2.3,0.2,4
3570211,2011-08-29T06:31:18Z,-40.81,0.0,172.45,0.0,17.0,1.0,ML,,,,2.6,0.4,6
3570213,2011-08-29T06:38:12Z,-40.85,0.0,176.09,0.0,23.0,1.0,ML,,,,2.1,0.1,5
3570239,2011-08-29T07:33:06Z,-37.77,0.0,177.08,0.0,74.0,3.0,ML,,,,2.5,0.3,8
3570251,2011-08-29T08:01:06Z,-39.17,0.0,175.32,0.0,9.0,2.0,ML,,,,1.7,0.3,8
3570265,2011-08-29T08:35:03Z,-43.59,0.0,172.59,0.0,5.0,0.0,ML,,,,1.8,0.2,3
3570266,2011-08-29T08:38:16Z,-38.38,0.0,178.6,0.0,31.0,2.0,ML,,,,2.1,0.1,7
3570267,2011-08-29T08:51:37Z,-43.58,0.0,172.67,0.0,5.0,0.0,ML,,,,3.0,0.2,5
3570284,2011-08-29T09:32:20Z,-40.34,0.0,176.31,0.0,33.0,1.0,ML,,,,2.1,0.2,10
3570297,2011-08-29T10:12:21Z,-39.87,0.0,175.16,0.0,38.0,3.0,ML,,,,2.3,0.1,16
3570307,2011-08-29T10:38:38Z,-43.58,0.0,172.75,0.0,6.0,1.0,ML,,,,2.7,0.2,3
3570334,2011-08-29T12:00:40Z,-40.86,0.0,175.08,0.0,31.0,1.0,ML,,,,2.5,0.2,13
3570335,2011-08-29T12:05:22Z,-40.02,0.0,176.52,0.0,46.0,1.0,ML,,,,2.3,0.2,12
3570341,2011-08-29T12:22:39Z,-38.3,0.0,176.02,0.0,5.0,0.0,ML,,,,1.8,0.1,4
3570348,2011-08-29T12:37:20Z,-39.17,0.0,177.53,0.0,27.0,1.0,ML,,,,2.4,0.1,8
3570545,2011-08-29T12:37:33Z,-37.84,0.0,176.65,0.0,5.0,0.0,ML,,,,2.4,0.2,5
3570351,2011-08-29T12:46:44Z,-41.66,0.0,174.28,0.0,11.0,1.0,ML,,,,2.3,0.1,5
3570358,2011-08-29T13:09:07Z,-38.19,0.0,177.57,0.0,53.0,2.0,ML,,,,3.0,0.2,13
3570549,2011-08-29T13:09:14Z,-41.41,0.0,172.36,0.0,5.0,0.0,ML,,,,2.7,0.4,6
3570364,2011-08-29T13:28:13Z,-38.87,0.0,175.84,0.0,5.0,0.0,ML,,,,3.1,0.3,44
3570365,2011-08-29T13:30:18Z,-38.88,0.0,175.86,0.0,5.0,0.0,ML,,,,1.9,0.1,8
3570366,2011-08-29T13:34:17Z,-37.73,0.0,178.71,0.0,33.0,0.0,ML,,,,2.6,0.3,11
3570373,2011-08-29T13:51:34Z,-39.77,0.0,175.22,0.0,77.0,3.0,ML,,,,2.2,0.1,9
3570381,2011-08-29T14:17:41Z,-38.88,0.0,175.86,0.0,5.0,0.0,ML,,,,2.2,0.1,14
3570383,2011-08-29T14:24:36Z,-40.16,0.0,176.72,0.0,29.0,1.0,ML,,,,1.8,0.1,9
3570388,2011-08-29T14:33:19Z,-44.09,0.0,168.65,0.0,5.0,0.0,ML,,,,2.6,0.2,10
3570402,2011-08-29T15:05:23Z,-40.04,0.0,175.04,0.0,64.0,2.0,ML,,,,2.8,0.1,6
3570433,2011-08-29T16:35:02Z,-39.0,0.0,175.78,0.0,6.0,1.0,ML,,,,1.7,0.2,11
3570441,2011-08-29T16:54:48Z,-39.15,0.0,174.81,0.0,28.0,1.0,ML,,,,1.9,0.2,4
3570462,2011-08-29T18:13:34Z,-40.4,0.0,176.15,0.0,33.0,1.0,ML,,,,1.8,0.2,9
3570467,2011-08-29T18:26:32Z,-37.87,0.0,175.76,0.0,5.0,0.0,ML,,,,2.4,0.1,8
3570477,2011-08-29T18:51:43Z,-35.62,0.2,179.04,0.2,257.0,21.0,ML,,,,3.6,0.2,13
3570478,2011-08-29T18:55:40Z,-37.84,0.0,176.63,0.0,5.0,0.0,ML,,,,2.9,0.2,20
3570483,2011-08-29T19:11:53Z,-37.83,0.0,176.63,0.0,3.0,0.0,Mw,4.5,nan,0,4.3,0.2,70
3651828,2011-08-29T19:14:51Z,-37.83,0.0,176.64,0.0,5.0,0.0,ML,,,,2.5,0.2,9
3570484,2011-08-29T19:15:12Z,-37.83,0.0,176.63,0.0,5.0,0.0,ML,,,,3.2,0.3,25
3570485,2011-08-29T19:16:22Z,-37.82,0.0,176.65,0.0,3.0,0.0,ML,,,,3.2,0.3,25
3570486,2011-08-29T19:19:20Z,-37.85,0.0,176.63,0.0,3.0,0.0,ML,,,,2.3,0.2,5
3570489,2011-08-29T19:24:05Z,-45.17,0.0,166.71,0.0,12.0,0.0,ML,,,,3.7,0.2,14
3570556,2011-08-29T19:25:21Z,-37.84,0.0,176.63,0.0,5.0,0.0,ML,,,,2.3,0.2,6
3570493,2011-08-29T19:31:47Z,-43.56,0.0,172.4,0.0,5.0,0.0,ML,,,,2.8,0.2,5
3570490,2011-08-29T19:33:45Z,-36.52,0.1,176.59,0.1,221.0,7.0,ML,,,,4.1,0.2,35
3570494,2011-08-29T19:36:35Z,-37.84,0.0,176.62,0.0,3.0,0.0,ML,,,,1.7,0.1,4
3570496,2011-08-29T19:40:36Z,-40.74,0.0,176.22,0.0,30.0,2.0,ML,,,,2.2,0.2,7
3570504,2011-08-29T19:58:55Z,-37.82,0.0,176.64,0.0,3.0,0.0,ML,,,,2.2,0.2,6
3570507,2011-08-29T20:04:27Z,-37.81,0.0,176.64,0.0,3.0,0.0,ML,,,,2.0,0.1,5
3570511,2011-08-29T20:17:07Z,-37.81,0.0,176.65,0.0,5.0,0.0,ML,,,,2.4,0.1,6
3570512,2011-08-29T20:19:49Z,-37.81,0.0,176.65,0.0,3.0,0.0,ML,,,,2.2,0.2,6
3570525,2011-08-29T20:46:55Z,-39.79,0.0,176.01,0.0,12.0,0.0,ML,,,,2.0,0.2,8
3570527,2011-08-29T20:51:48Z,-40.74,0.0,174.79,0.0,35.0,1.0,ML,,,,2.5,0.2,9
3570529,2011-08-29T20:58:26Z,-45.24,0.0,167.05,0.0,12.0,0.0,ML,,,,3.4,0.2,10
3570538,2011-08-29T21:24:19Z,-35.83,0.1,179.23,0.0,263.0,5.0,ML,,,,3.6,0.2,3
3570547,2011-08-29T21:46:59Z,-40.54,0.0,174.67,0.0,44.0,4.0,ML,,,,2.6,0.2,10
3570551,2011-08-29T21:56:49Z,-45.39,0.0,166.84,0.0,44.0,2.0,ML,,,,2.7,0.2,7
3570553,2011-08-29T22:00:49Z,-40.35,0.0,174.99,0.0,58.0,2.0,ML,,,,3.8,0.2,44
3570559,2011-08-29T22:10:20Z,-37.06,0.0,177.22,0.0,12.0,0.0,ML,,,,2.7,0.1,4
3570563,2011-08-29T22:18:00Z,-41.19,0.0,172.39,0.0,5.0,0.0,ML,,,,2.2,0.4,4
3570578,2011-08-29T23:05:13Z,-43.6,0.0,172.55,0.0,7.0,1.0,ML,,,,2.9,0.2,5
3570584,2011-08-29T23:19:56Z,-37.83,0.0,176.63,0.0,3.0,0.0,ML,,,,3.2,0.2,21
3570593,2011-08-29T23:39:22Z,-38.69,0.0,177.6,0.0,35.0,1.0,ML,,,,2.6,0.2,6
3570599,2011-08-29T23:53:57Z,-41.09,0.0,173.28,0.0,95.0,3.0,ML,,,,2.7,0.3,4
3570624,2011-08-30T01:05:05Z,-43.0,0.0,171.46,0.0,5.0,0.0,ML,,,,2.8,0.3,8
3570642,2011-08-30T01:17:35Z,-36.79,0.0,178.13,0.0,33.0,0.0,ML,,,,3.8,0.3,30
3570671,2011-08-30T02:29:45Z,-37.86,0.0,175.78,0.0,5.0,0.0,ML,,,,2.7,0.2,12
3570682,2011-08-30T02:51:21Z,-39.62,0.0,176.19,0.0,41.0,2.0,ML,,,,2.6,0.4,8
3570707,2011-08-30T04:06:30Z,-41.53,0.0,172.4,0.0,5.0,0.0,ML,,,,2.5,0.4,4
3570715,2011-08-30T04:26:48Z,-39.64,0.0,177.26,0.0,23.0,2.0,ML,,,,2.4,0.1,5
3570737,2011-08-30T05:34:30Z,-45.05,0.0,167.52,0.0,116.0,2.0,ML,,,,3.1,0.3,9
3570746,2011-08-30T06:04:56Z,-38.55,0.0,175.74,0.1,148.0,4.0,ML,,,,3.0,0.4,12
3570748,2011-08-30T06:12:12Z,-36.32,0.3,177.88,0.2,223.0,22.0,ML,,,,3.2,0.1,3
3570753,2011-08-30T06:24:04Z,-37.81,0.0,176.64,0.0,3.0,0.0,ML,,,,2.7,0.2,12
3570787,2011-08-30T07:49:27Z,-44.58,0.0,168.19,0.0,5.0,0.0,ML,,,,2.5,0.3,10
3570790,2011-08-30T07:58:15Z,-43.56,0.0,172.68,0.0,10.0,1.0,ML,,,,2.5,0.4,5
3570791,2011-08-30T07:59:59Z,-41.44,0.0,172.34,0.0,5.0,0.0,ML,,,,2.6,0.3,6
3570793,2011-08-30T08:04:45Z,-40.07,0.0,175.3,0.0,51.0,2.0,ML,,,,2.4,0.1,17
3570800,2011-08-30T08:27:00Z,-37.4,0.1,176.72,0.1,164.0,4.0,ML,,,,2.8,0.3,11
3570810,2011-08-30T08:58:35Z,-37.83,0.0,176.63,0.0,2.0,0.0,ML,,,,3.3,0.3,41
3570821,2011-08-30T09:26:27Z,-39.28,0.0,173.89,0.0,20.0,1.0,ML,,,,2.1,0.2,8
3570828,2011-08-30T09:45:30Z,-39.23,0.0,174.85,0.0,26.0,1.0,ML,,,,2.4,0.2,6
3570835,2011-08-30T10:03:46Z,-37.82,0.0,176.64,0.0,2.0,0.0,ML,,,,2.1,0.1,12
3570851,2011-08-30T10:52:29Z,-37.8,0.0,176.65,0.0,2.0,0.0,ML,,,,1.9,0.1,5
3570885,2011-08-30T12:25:09Z,-38.65,0.0,175.74,0.0,132.0,4.0,ML,,,,2.9,0.3,14
3570912,2011-08-30T13:47:18Z,-43.63,0.0,172.17,0.0,10.0,1.0,ML,,,,2.8,0.2,6
3570925,2011-08-30T14:21:03Z,-37.8,0.0,176.66,0.0,2.0,0.0,ML,,,,2.0,0.1,8
3654732,2011-08-30T14:40:37Z,-41.29,0.0,172.81,0.0,133.0,3.0,ML,,,,2.7,0.0,2
3570934,2011-08-30T14:41:21Z,-41.4,0.0,172.85,0.0,89.0,2.0,ML,,,,2.3,0.1,2
3570943,2011-08-30T15:08:30Z,-40.96,0.0,175.45,0.0,24.0,1.0,ML,,,,1.8,0.2,6
3570961,2011-08-30T15:53:09Z,-37.79,0.0,176.76,0.0,3.0,0.0,ML,,,,2.0,0.2,11
3570981,2011-08-30T16:39:33Z,-39.91,0.0,176.28,0.0,32.0,1.0,ML,,,,2.2,0.2,14
3570982,2011-08-30T16:42:03Z,-39.26,0.0,173.82,0.0,27.0,1.0,ML,,,,1.6,0.3,2
3570991,2011-08-30T17:08:51Z,-43.61,0.0,172.47,0.0,5.0,0.0,ML,,,,2.2,0.2,4
3571127,2011-08-30T17:10:09Z,-37.84,0.0,176.62,0.0,5.0,0.0,ML,,,,2.1,0.2,12
3571003,2011-08-30T17:43:08Z,-39.7,0.0,176.2,0.0,26.0,1.0,ML,,,,2.3,0.1,9
3571024,2011-08-30T18:31:55Z,-40.34,0.0,176.1,0.0,34.0,1.0,ML,,,,2.0,0.2,9
3571039,2011-08-30T19:11:11Z,-44.67,0.0,167.99,0.0,79.0,3.0,ML,,,,2.7,0.1,3
3571055,2011-08-30T19:46:14Z,-38.09,0.0,178.82,0.0,33.0,0.0,ML,,,,2.5,0.2,6
3571064,2011-08-30T20:10:59Z,-39.58,0.0,175.52,0.0,82.0,3.0,ML,,,,2.9,0.2,13
3571072,2011-08-30T20:31:17Z,-38.51,0.0,178.64,0.0,33.0,0.0,ML,,,,2.4,0.2,7
3571078,2011-08-30T20:51:19Z,-39.57,0.0,176.95,0.0,33.0,0.0,ML,,,,2.2,0.1,7
3571081,2011-08-30T20:58:13Z,-37.84,0.0,176.62,0.0,3.0,0.0,ML,,,,1.7,0.2,3
3571098,2011-08-30T21:39:22Z,-38.37,0.1,176.3,0.1,131.0,9.0,ML,,,,2.8,0.4,7
3571107,2011-08-30T22:02:11Z,-43.64,0.0,172.45,0.0,5.0,0.0,ML,,,,3.1,0.2,6
3571122,2011-08-30T22:33:42Z,-41.0,0.0,175.97,0.0,24.0,1.0,ML,,,,2.0,0.2,7
3571125,2011-08-30T22:39:59Z,-39.82,0.0,176.72,0.0,39.0,2.0,ML,,,,2.3,0.2,9
3571148,2011-08-30T23:34:21Z,-41.66,0.0,173.9,0.0,14.0,1.0,ML,,,,2.2,0.3,7
3571156,2011-08-30T23:58:28Z,-39.86,0.1,174.03,0.0,138.0,7.0,ML,,,,2.9,0.3,6
3571158,2011-08-31T00:00:58Z,-39.33,0.0,176.42,0.0,41.0,2.0,ML,,,,2.2,0.1,8
3571175,2011-08-31T00:46:32Z,-42.88,0.0,171.61,0.0,5.0,0.0,ML,,,,2.8,0.3,8
3571187,2011-08-31T01:15:18Z,-43.61,0.0,172.77,0.0,8.0,0.0,ML,,,,4.0,0.3,26
3571190,2011-08-31T01:25:12Z,-43.59,0.0,171.76,0.0,5.0,0.0,ML,,,,2.6,0.4,6
3571192,2011-08-31T01:30:51Z,-43.6,0.0,172.44,0.0,9.0,1.0,Mw,4.3,nan,0,4.7,0.3,78
3652809,2011-08-31T01:44:00Z,-38.44,0.0,178.67,0.0,33.0,0.0,ML,,,,2.1,0.1,4
3571219,2011-08-31T01:44:11Z,-43.6,0.0,172.75,0.0,5.0,0.0,ML,,,,2.8,0.2,5
3571245,2011-08-31T02:26:10Z,-43.6,0.0,172.45,0.0,11.0,1.0,ML,,,,3.4,0.2,11
3571269,2011-08-31T03:20:56Z,-38.99,0.0,175.76,0.0,5.0,4.0,ML,,,,1.6,0.3,5
3571270,2011-08-31T03:25:43Z,-38.99,0.0,175.82,0.0,5.0,0.0,ML,,,,2.2,0.2,10
3571305,2011-08-31T04:56:13Z,-36.91,0.0,176.59,0.1,244.0,5.0,ML,,,,3.4,0.3,5
3571319,2011-08-31T05:39:47Z,-37.01,0.0,177.45,0.0,52.0,8.0,ML,,,,2.7,0.2,5
3571327,2011-08-31T06:04:18Z,-40.58,0.0,175.87,0.0,32.0,1.0,ML,,,,2.0,0.2,6
3571361,2011-08-31T07:38:16Z,-43.61,0.0,172.42,0.0,3.0,0.0,ML,,,,2.6,0.3,6
3571370,2011-08-31T08:03:10Z,-39.46,0.0,178.0,0.0,25.0,1.0,ML,,,,2.6,0.1,6
3571382,2011-08-31T08:40:08Z,-40.89,0.0,174.03,0.0,58.0,2.0,ML,,,,2.4,0.1,7
3571394,2011-08-31T09:13:21Z,-37.82,0.0,176.64,0.0,5.0,1.0,ML,,,,2.2,0.2,6
3571397,2011-08-31T09:24:05Z,-45.3,0.0,166.95,0.0,24.0,2.0,ML,,,,2.8,0.2,4
3571400,2011-08-31T09:34:18Z,-41.09,0.0,175.36,0.0,28.0,1.0,ML,,,,2.5,0.2,12
3571679,2011-08-31T09:36:59Z,-38.52,0.0,178.17,0.0,30.0,1.0,ML,,,,2.1,0.1,5
3571417,2011-08-31T10:14:36Z,-39.91,0.0,175.05,0.0,22.0,1.0,ML,,,,3.2,0.2,49
3571422,2011-08-31T10:33:49Z,-38.83,0.0,176.55,0.0,45.0,2.0,ML,,,,2.2,0.2,7
3571445,2011-08-31T11:39:26Z,-35.45,0.1,178.86,0.1,235.0,10.0,ML,,,,3.6,0.2,6
3571452,2011-08-31T11:56:40Z,-43.62,0.0,172.73,0.0,7.0,1.0,ML,,,,2.9,0.3,7
3571464,2011-08-31T12:26:01Z,-39.69,0.0,176.98,0.0,51.0,2.0,ML,,,,2.5,0.2,11
3571687,2011-08-31T13:16:23Z,-44.92,0.0,167.47,0.0,120.0,3.0,ML,,,,3.0,0.2,7
3571495,2011-08-31T13:50:47Z,-44.7,0.0,168.08,0.0,84.0,3.0,ML,,,,3.2,0.2,9
3571691,2011-08-31T14:20:40Z,-40.35,0.0,176.78,0.0,26.0,1.0,ML,,,,2.5,0.1,6
3571535,2011-08-31T15:29:22Z,-38.13,0.0,175.91,0.1,181.0,4.0,ML,,,,3.0,0.2,5
3571551,2011-08-31T16:10:11Z,-41.73,0.0,172.04,0.0,12.0,0.0,ML,,,,2.5,0.4,5
3571567,2011-08-31T16:49:51Z,-44.52,0.0,169.78,0.0,5.0,0.0,ML,,,,2.0,0.2,6
3571595,2011-08-31T18:07:03Z,-43.59,0.0,172.62,0.0,5.0,0.0,ML,,,,2.3,0.3,4
3571597,2011-08-31T18:09:35Z,-43.18,0.0,172.02,0.0,9.0,1.0,ML,,,,2.6,0.3,9
3571610,2011-08-31T18:38:02Z,-39.76,0.0,176.81,0.0,28.0,1.0,ML,,,,3.0,0.2,18
3571611,2011-08-31T18:39:17Z,-39.76,0.0,176.8,0.0,26.0,1.0,ML,,,,2.6,0.1,10
3571621,2011-08-31T19:03:37Z,-43.55,0.0,172.7,0.0,5.0,0.0,ML,,,,2.8,0.3,5
3571632,2011-08-31T19:24:15Z,-43.6,0.0,172.64,0.0,5.0,0.0,ML,,,,2.6,0.1,3
3571635,2011-08-31T19:32:45Z,-43.59,0.0,172.62,0.0,5.0,0.0,ML,,,,2.7,0.2,5
3571649,2011-08-31T20:10:51Z,-41.13,0.0,174.62,0.0,56.0,1.0,ML,,,,3.1,0.2,13
3571705,2011-08-31T22:24:29Z,-43.62,0.0,172.41,0.0,5.0,0.0,ML,,,,2.4,0.1,4
3571720,2011-08-31T23:07:25Z,-41.1,0.0,174.61,0.0,36.0,1.0,ML,,,,2.6,0.1,14
3571721,2011-08-31T23:09:13Z,-43.61,0.0,172.34,0.0,5.0,0.0,ML,,,,2.7,0.3,5
3571739,2011-08-31T23:53:10Z,-43.18,0.0,172.0,0.0,10.0,2.0,ML,,,,3.0,0.3,7
3571749,2011-09-01T00:18:03Z,-38.61,0.0,176.23,0.0,2.0,0.0,ML,,,,2.3,0.2,4
3571759,2011-09-01T00:47:21Z,-38.67,0.0,177.07,0.0,11.0,2.0,ML,,,,2.2,0.1,5
3571763,2011-09-01T00:56:21Z,-43.59,0.0,172.82,0.0,5.0,0.0,ML,,,,2.5,0.2,4
3571799,2011-09-01T02:48:15Z,-43.57,0.0,172.64,0.0,5.0,0.0,ML,,,,2.5,0.3,3
3571800,2011-09-01T02:48:29Z,-40.88,0.0,175.6,0.0,26.0,2.0,ML,,,,1.7,0.1,3
3571802,2011-09-01T02:54:46Z,-39.8,0.0,174.95,0.0,33.0,0.0,ML,,,,2.6,0.3,5
3571806,2011-09-01T03:04:17Z,-39.86,0.0,175.07,0.0,46.0,4.0,ML,,,,1.9,0.3,2
3571855,2011-09-01T05:21:51Z,-45.78,0.0,166.91,0.0,5.0,0.0,ML,,,,2.7,0.1,4
3571857,2011-09-01T05:28:01Z,-39.23,0.0,175.36,0.0,130.0,3.0,ML,,,,3.1,0.4,14
3571883,2011-09-01T06:38:29Z,-39.72,0.0,177.23,0.1,22.0,3.0,ML,,,,2.1,0.2,8
3571886,2011-09-01T06:48:02Z,-43.49,0.0,172.19,0.0,5.0,0.0,ML,,,,2.7,0.3,9
3571887,2011-09-01T06:49:21Z,-39.66,0.0,177.41,0.0,12.0,0.0,ML,,,,2.0,0.1,6
3571894,2011-09-01T07:05:02Z,-43.59,0.0,172.6,0.0,5.0,0.0,ML,,,,2.4,0.3,4
3571895,2011-09-01T07:07:47Z,-41.66,0.0,174.26,0.0,10.0,2.0,ML,,,,2.7,0.2,11
3571914,2011-09-01T07:59:24Z,-37.81,0.0,176.7,0.0,5.0,0.0,ML,,,,1.9,0.1,5
3571916,2011-09-01T08:03:19Z,-43.59,0.0,172.34,0.0,5.0,0.0,ML,,,,2.3,0.2,7
3571922,2011-09-01T08:21:42Z,-43.59,0.0,172.33,0.0,5.0,0.0,ML,,,,2.6,0.4,6
3662049,2011-09-01T08:28:10Z,-40.9,0.0,176.22,0.0,32.0,2.0,ML,,,,1.8,0.1,3
3571924,2011-09-01T08:28:19Z,-45.17,0.0,167.04,0.0,12.0,0.0,ML,,,,2.3,0.2,3
3571934,2011-09-01T08:56:30Z,-37.81,0.0,176.64,0.0,5.0,0.0,ML,,,,1.8,0.1,5
3571943,2011-09-01T09:20:28Z,-40.45,0.0,174.0,0.0,90.0,5.0,ML,,,,2.4,0.0,2
3571951,2011-09-01T09:43:08Z,-37.88,0.0,178.44,0.0,21.0,3.0,ML,,,,1.9,0.2,4
3572221,2011-09-01T09:43:17Z,-46.2,0.0,166.03,0.1,12.0,0.0,ML,,,,2.8,0.2,10
3571964,2011-09-01T10:19:55Z,-41.65,0.0,174.25,0.0,12.0,1.0,ML,,,,2.7,0.2,10
3571965,2011-09-01T10:23:47Z,-41.64,0.0,174.24,0.0,13.0,2.0,ML,,,,2.7,0.2,10
3571970,2011-09-01T10:36:27Z,-39.68,0.0,177.28,0.0,12.0,0.0,ML,,,,2.1,0.2,10
3572009,2011-09-01T12:22:57Z,-36.0,0.1,177.75,0.1,165.0,17.0,ML,,,,3.5,0.1,5
3662144,2011-09-01T12:25:16Z,-45.38,0.0,166.67,0.0,12.0,0.0,ML,,,,2.0,0.1,3
3572011,2011-09-01T12:30:34Z,-45.34,0.0,166.63,0.0,12.0,0.0,ML,,,,2.8,0.1,4
3572019,2011-09-01T12:51:49Z,-37.64,0.0,177.7,0.0,86.0,2.0,ML,,,,3.3,0.2,14
3572023,2011-09-01T13:03:24Z,-43.65,0.0,172.83,0.0,5.0,0.0,ML,,,,2.5,0.2,3
3662148,2011-09-01T13:05:19Z,-38.3,0.0,176.23,0.0,5.0,0.0,ML,,,,1.4,0.1,2
3572028,2011-09-01T13:19:59Z,-45.06,0.0,167.49,0.0,67.0,2.0,ML,,,,3.8,0.2,19
3572047,2011-09-01T14:18:24Z,-43.71,0.0,172.83,0.0,10.0,2.0,ML,,,,3.3,0.2,7
3572052,2011-09-01T14:44:04Z,-43.61,0.0,172.61,0.0,6.0,1.0,ML,,,,2.1,0.3,4
3572054,2011-09-01T14:49:42Z,-36.57,0.1,177.36,0.1,133.0,12.0,ML,,,,2.8,0.3,10
3572058,2011-09-01T15:01:00Z,-44.59,0.0,168.57,0.0,5.0,0.0,ML,,,,2.2,0.2,7
3572061,2011-09-01T15:08:15Z,-43.59,0.0,172.55,0.0,8.0,1.0,ML,,,,3.0,0.2,7
3572067,2011-09-01T15:29:51Z,-43.58,0.0,172.84,0.0,9.0,1.0,Mw,4.6,nan,0,4.9,0.2,97
3572070,2011-09-01T15:41:00Z,-43.55,0.0,172.86,0.0,5.0,0.0,ML,,,,2.2,0.2,5
3572075,2011-09-01T15:56:14Z,-37.84,0.0,176.61,0.0,5.0,0.0,ML,,,,1.7,0.2,5
3572180,2011-09-01T15:56:20Z,-43.57,0.0,172.81,0.0,5.0,0.0,ML,,,,2.4,0.2,6
3572079,2011-09-01T16:03:06Z,-35.85,0.1,178.93,0.1,174.0,12.0,ML,,,,3.1,0.2,5
3572086,2011-09-01T16:16:24Z,-37.67,0.0,177.33,0.0,113.0,3.0,ML,,,,2.5,0.2,6
3573259,2011-09-01T16:22:44Z,-43.61,0.0,172.47,0.0,12.0,0.0,ML,,,,1.8,0.1,3
3572088,2011-09-01T16:22:56Z,-38.3,0.0,176.66,0.1,86.0,5.0,ML,,,,1.9,0.1,4
3572090,2011-09-01T16:35:05Z,-43.56,0.0,172.81,0.0,5.0,0.0,ML,,,,2.0,0.2,4
3572099,2011-09-01T17:02:35Z,-43.56,0.0,172.87,0.0,5.0,0.0,ML,,,,2.4,0.3,5
3572183,2011-09-01T17:03:28Z,-37.83,0.0,176.63,0.0,7.0,1.0,ML,,,,1.9,0.2,4
3572106,2011-09-01T17:20:52Z,-44.94,0.0,167.58,0.0,86.0,4.0,ML,,,,2.3,0.1,5
3662587,2011-09-01T17:21:47Z,-37.72,0.0,179.26,0.0,33.0,0.0,ML,,,,1.9,0.2,5
3572110,2011-09-01T17:33:51Z,-43.32,0.0,172.24,0.0,5.0,0.0,ML,,,,3.0,0.4,11
3572122,2011-09-01T18:05:53Z,-38.56,0.0,177.11,0.0,46.0,2.0,ML,,,,2.4,0.1,8
3572126,2011-09-01T18:19:13Z,-39.98,0.0,176.63,0.0,12.0,0.0,ML,,,,1.6,0.1,6
3572236,2011-09-01T18:19:42Z,-41.08,0.0,175.08,0.0,28.0,1.0,ML,,,,2.2,0.1,10
3572130,2011-09-01T18:34:29Z,-43.58,0.0,172.77,0.0,9.0,2.0,ML,,,,2.2,0.3,4
3572240,2011-09-01T18:35:57Z,-37.84,0.0,176.63,0.0,6.0,1.0,ML,,,,2.0,0.2,4
3572135,2011-09-01T18:46:21Z,-37.71,0.0,176.25,0.0,174.0,2.0,ML,,,,3.3,0.2,11
3572138,2011-09-01T18:58:28Z,-37.46,0.0,179.8,0.0,33.0,0.0,ML,,,,5.1,0.2,105
3572142,2011-09-01T19:09:23Z,-41.74,0.0,173.8,0.0,15.0,2.0,ML,,,,2.5,0.2,11
3572247,2011-09-01T19:34:44Z,-45.27,0.0,167.13,0.0,22.0,1.0,ML,,,,3.2,0.2,9
3572152,2011-09-01T19:44:23Z,-38.68,0.0,178.05,0.0,29.0,3.0,ML,,,,2.0,0.2,6
3572155,2011-09-01T19:49:59Z,-39.64,0.0,176.4,0.0,33.0,2.0,ML,,,,2.1,0.2,6
3572214,2011-09-01T21:59:38Z,-40.31,0.0,176.17,0.0,52.0,2.0,ML,,,,2.7,0.2,14
3572218,2011-09-01T22:09:42Z,-38.07,0.0,176.72,0.0,4.0,1.0,ML,,,,1.9,0.3,4
3572219,2011-09-01T22:11:57Z,-41.27,0.0,172.57,0.0,183.0,2.0,ML,,,,3.4,0.4,8
3572222,2011-09-01T22:17:25Z,-40.01,0.0,176.83,0.0,46.0,2.0,ML,,,,2.3,0.3,14
3572255,2011-09-01T23:29:17Z,-43.56,0.0,172.8,0.0,5.0,0.0,ML,,,,2.4,0.2,4
3667408,2011-09-01T23:31:16Z,-40.37,0.0,176.59,0.0,18.0,1.0,ML,,,,2.1,0.2,6
3572273,2011-09-02T00:23:08Z,-40.32,0.0,176.53,0.0,17.0,2.0,ML,,,,2.4,0.1,7
3572274,2011-09-02T00:29:00Z,-40.33,0.0,176.54,0.0,18.0,2.0,ML,,,,2.5,0.1,14
3572299,2011-09-02T01:35:02Z,-43.6,0.0,172.38,0.0,5.0,0.0,ML,,,,2.5,0.1,4
3572309,2011-09-02T02:04:10Z,-43.84,0.0,171.65,0.0,18.0,2.0,ML,,,,2.9,0.4,10
3572336,2011-09-02T03:16:35Z,-40.3,0.0,176.42,0.0,30.0,1.0,ML,,,,2.4,0.2,7
3572338,2011-09-02T03:21:35Z,-43.62,0.0,172.39,0.0,5.0,0.0,ML,,,,2.5,0.3,4
3572355,2011-09-02T04:03:36Z,-39.43,0.0,175.88,0.0,58.0,2.0,ML,,,,2.6,0.2,7
3572364,2011-09-02T04:23:33Z,-43.99,0.0,169.58,0.0,5.0,0.0,ML,,,,2.4,0.2,5
3572378,2011-09-02T05:05:43Z,-43.36,0.0,172.2,0.0,5.0,0.0,ML,,,,2.8,0.3,6
3572385,2011-09-02T05:21:25Z,-37.36,0.1,177.34,0.2,173.0,10.0,ML,,,,3.1,0.3,6
3572394,2011-09-02T05:45:03Z,-40.78,0.0,175.27,0.0,29.0,1.0,ML,,,,2.1,0.3,6
3572409,2011-09-02T06:17:53Z,-39.8,0.0,176.92,0.0,37.0,1.0,ML,,,,2.4,0.1,6
3572422,2011-09-02T06:54:01Z,-44.51,0.0,168.35,0.0,5.0,0.0,ML,,,,2.1,0.3,6
3655321,2011-09-02T06:56:03Z,-37.97,0.0,179.61,0.1,33.0,0.0,ML,,,,2.2,0.3,3
3572423,2011-09-02T06:58:11Z,-38.3,0.0,176.01,0.0,5.0,0.0,ML,,,,2.4,0.2,13
3655325,2011-09-02T06:58:50Z,-44.92,0.0,167.69,0.0,78.0,2.0,ML,,,,2.5,0.2,6
3572438,2011-09-02T07:32:41Z,-38.87,0.1,176.18,0.3,199.0,8.0,ML,,,,3.0,0.4,6
3572457,2011-09-02T08:22:20Z,-40.34,0.0,176.26,0.0,51.0,2.0,ML,,,,2.2,0.3,8
3572461,2011-09-02T08:30:57Z,-35.52,0.0,178.88,0.0,202.0,6.0,ML,,,,4.4,0.2,41
3572470,2011-09-02T08:55:45Z,-39.7,0.0,177.15,0.0,24.0,2.0,ML,,,,2.2,0.1,4
3572474,2011-09-02T09:06:43Z,-38.36,0.0,177.32,0.0,38.0,2.0,ML,,,,2.2,0.1,6
3572476,2011-09-02T09:11:20Z,-41.55,0.0,175.09,0.0,27.0,1.0,ML,,,,2.2,0.2,11
3572479,2011-09-02T09:13:54Z,-39.29,0.0,175.32,0.0,9.0,1.0,ML,,,,2.1,0.3,24
3572483,2011-09-02T09:22:49Z,-39.25,0.0,173.78,0.0,12.0,1.0,ML,,,,1.8,0.1,3
3572489,2011-09-02T09:32:26Z,-39.12,0.0,177.44,0.0,27.0,1.0,ML,,,,2.1,0.2,11
3572496,2011-09-02T09:48:54Z,-43.6,0.0,172.45,0.0,7.0,1.0,ML,,,,2.6,0.1,3
3572497,2011-09-02T09:52:22Z,-39.36,0.0,175.03,0.0,28.0,1.0,ML,,,,3.3,0.2,50
3572523,2011-09-02T10:49:29Z,-39.38,0.0,175.05,0.0,30.0,1.0,ML,,,,1.9,0.2,7
3572537,2011-09-02T11:38:14Z,-43.59,0.0,172.41,0.0,7.0,1.0,ML,,,,3.2,0.2,9
3572540,2011-09-02T11:51:56Z,-43.6,0.0,172.17,0.0,5.0,0.0,ML,,,,2.4,0.3,6
3572551,2011-09-02T12:22:54Z,-40.02,0.0,176.75,0.0,24.0,1.0,ML,,,,2.7,0.1,17
3572563,2011-09-02T12:50:53Z,-37.87,0.0,175.78,0.0,5.0,0.0,ML,,,,2.4,0.1,7
3655759,2011-09-02T12:51:28Z,-45.02,0.0,166.84,0.1,12.0,0.0,ML,,,,2.7,0.3,4
3572565,2011-09-02T12:55:00Z,-40.88,0.0,175.22,0.0,28.0,1.0,ML,,,,3.0,0.2,28
3572574,2011-09-02T13:22:29Z,-38.31,0.0,176.05,0.0,106.0,4.0,ML,,,,2.5,0.2,5
3572575,2011-09-02T13:25:13Z,-43.53,0.0,172.19,0.0,5.0,0.0,ML,,,,2.7,0.3,10
3572585,2011-09-02T13:54:05Z,-38.64,0.0,175.38,0.0,200.0,3.0,ML,,,,3.3,0.3,25
3572592,2011-09-02T14:15:56Z,-38.29,0.0,178.84,0.0,33.0,0.0,ML,,,,4.1,0.2,64
3572595,2011-09-02T14:22:19Z,-36.68,0.1,177.13,0.1,170.0,7.0,ML,,,,3.2,0.2,8
3572600,2011-09-02T14:35:21Z,-41.19,0.0,174.43,0.0,63.0,1.0,ML,,,,2.2,0.2,7
3572611,2011-09-02T15:04:55Z,-43.54,0.0,172.82,0.0,10.0,1.0,ML,,,,3.0,0.3,7
3572641,2011-09-02T16:26:20Z,-43.55,0.0,172.85,0.0,5.0,0.0,ML,,,,2.3,0.2,4
3572651,2011-09-02T16:54:07Z,-40.85,0.0,174.73,0.0,14.0,2.0,ML,,,,2.3,0.2,5
3572669,2011-09-02T17:47:12Z,-39.48,0.0,175.7,0.0,19.0,1.0,ML,,,,1.9,0.2,11
3572701,2011-09-02T19:18:55Z,-43.48,0.0,172.12,0.0,9.0,1.0,ML,,,,3.1,0.2,8
3572737,2011-09-02T21:11:39Z,-39.42,0.0,175.02,0.0,33.0,0.0,ML,,,,1.8,0.2,5
3655832,2011-09-02T21:12:01Z,-43.53,0.0,170.32,0.0,5.0,0.0,ML,,,,2.4,0.3,4
3572752,2011-09-02T21:50:34Z,-41.19,0.0,174.71,0.0,38.0,1.0,ML,,,,3.1,0.2,17
3572758,2011-09-02T22:04:41Z,-37.84,0.0,176.63,0.0,5.0,0.0,ML,,,,2.8,0.2,15
3572770,2011-09-02T22:33:58Z,-39.93,0.0,176.83,0.0,23.0,1.0,ML,,,,2.4,0.1,9
3572772,2011-09-02T22:36:19Z,-39.94,0.0,176.86,0.0,26.0,1.0,ML,,,,2.5,0.1,9
3572779,2011-09-02T22:55:18Z,-41.14,0.0,173.32,0.0,95.0,4.0,ML,,,,3.0,0.2,9
3572795,2011-09-02T23:37:00Z,-39.53,0.0,175.57,0.0,62.0,3.0,ML,,,,2.5,0.1,5
3572803,2011-09-02T23:59:15Z,-44.4,0.0,168.31,0.0,5.0,0.0,ML,,,,2.4,0.2,9
3572836,2011-09-03T01:29:05Z,-36.89,0.0,179.48,0.0,33.0,0.0,ML,,,,3.8,0.2,12
3572846,2011-09-03T02:01:38Z,-38.91,0.0,175.48,0.0,127.0,4.0,ML,,,,3.1,0.3,11
3572854,2011-09-03T02:24:44Z,-41.65,0.0,174.25,0.0,10.0,2.0,ML,,,,3.0,0.2,22
3572861,2011-09-03T02:49:34Z,-43.62,0.0,172.47,0.0,5.0,0.0,ML,,,,2.4,0.2,4
3572862,2011-09-03T02:55:44Z,-39.32,0.0,174.47,0.0,12.0,0.0,ML,,,,2.0,0.3,4
3572885,2011-09-03T03:57:21Z,-41.58,0.0,172.3,0.0,5.0,0.0,ML,,,,2.5,0.4,4
3572902,2011-09-03T04:49:03Z,-42.5,0.0,173.74,0.1,17.0,2.0,ML,,,,2.6,0.4,5
3572904,2011-09-03T04:53:44Z,-42.54,0.0,173.77,0.0,17.0,3.0,ML,,,,2.8,0.3,7
3572915,2011-09-03T05:22:45Z,-39.25,0.0,173.94,0.0,25.0,1.0,ML,,,,2.1,0.1,2
3572934,2011-09-03T06:16:00Z,-37.83,0.0,176.62,0.0,3.0,0.0,ML,,,,2.3,0.2,7
3572936,2011-09-03T06:21:15Z,-43.55,0.0,172.85,0.0,5.0,0.0,ML,,,,2.2,0.2,3
3572955,2011-09-03T07:16:16Z,-43.2,0.0,172.05,0.0,9.0,2.0,ML,,,,2.6,0.2,9
3572962,2011-09-03T07:34:27Z,-39.51,0.0,175.7,0.0,14.0,1.0,ML,,,,1.7,0.2,4
3655314,2011-09-03T07:35:10Z,-37.83,0.0,176.63,0.0,5.0,0.0,ML,,,,1.6,0.1,4
3572969,2011-09-03T07:57:27Z,-43.6,0.0,172.27,0.0,5.0,0.0,ML,,,,2.4,0.3,6
3655316,2011-09-03T07:58:14Z,-37.26,0.0,177.34,0.0,77.0,3.0,ML,,,,2.5,0.1,4
3572971,2011-09-03T08:06:37Z,-41.26,0.0,174.7,0.0,33.0,1.0,ML,,,,2.6,0.1,9
3572972,2011-09-03T08:10:57Z,-44.56,0.0,168.36,0.0,5.0,0.0,ML,,,,2.7,0.2,6
3573228,2011-09-03T08:12:01Z,-37.68,0.0,176.67,0.0,144.0,4.0,ML,,,,3.1,0.3,13
3573226,2011-09-03T08:12:37Z,-43.6,0.0,172.35,0.0,5.0,0.0,ML,,,,2.7,0.3,6
3572977,2011-09-03T08:25:35Z,-40.82,0.0,175.21,0.0,31.0,1.0,ML,,,,1.9,0.2,6
3572978,2011-09-03T08:28:10Z,-38.21,0.0,178.26,0.0,14.0,3.0,ML,,,,2.1,0.2,7
3572988,2011-09-03T09:01:12Z,-40.4,0.0,174.16,0.0,86.0,7.0,ML,,,,2.2,0.3,5
3573035,2011-09-03T11:19:00Z,-36.68,0.1,177.47,0.1,179.0,8.0,ML,,,,2.7,0.1,4
3573041,2011-09-03T11:38:38Z,-38.57,0.0,175.88,0.0,160.0,3.0,ML,,,,3.2,0.2,9
3573045,2011-09-03T11:49:55Z,-38.35,0.0,176.95,0.0,5.0,0.0,ML,,,,1.7,0.1,2
3573054,2011-09-03T12:17:30Z,-39.97,0.0,174.25,0.0,20.0,0.0,ML,,,,3.1,0.2,23
3573060,2011-09-03T12:42:05Z,-43.54,0.0,172.42,0.0,9.0,1.0,ML,,,,3.4,0.2,12
3573063,2011-09-03T12:52:07Z,-40.21,0.0,176.27,0.0,51.0,2.0,ML,,,,2.4,0.2,3
3573070,2011-09-03T13:12:20Z,-38.25,0.0,178.37,0.1,19.0,3.0,ML,,,,1.9,0.2,6
3573074,2011-09-03T13:25:30Z,-43.5,0.0,172.17,0.0,5.0,0.0,ML,,,,2.6,0.3,8
3573087,2011-09-03T14:11:39Z,-43.56,0.0,172.37,0.0,5.0,0.0,ML,,,,2.6,0.4,7
3573095,2011-09-03T14:35:22Z,-38.2,0.0,178.26,0.0,12.0,0.0,ML,,,,2.4,0.1,9
3573096,2011-09-03T14:37:28Z,-38.19,0.0,178.3,0.0,17.0,3.0,ML,,,,2.0,0.1,6
3573100,2011-09-03T14:50:57Z,-39.38,0.0,175.05,0.0,33.0,0.0,ML,,,,2.5,0.2,13
3573105,2011-09-03T15:08:22Z,-39.62,0.0,174.68,0.0,107.0,2.0,ML,,,,2.0,0.2,3
3573106,2011-09-03T15:09:32Z,-39.37,0.0,175.05,0.0,32.0,1.0,ML,,,,2.1,0.2,20
3573109,2011-09-03T15:14:49Z,-40.12,0.0,173.48,0.0,168.0,2.0,ML,,,,3.2,0.3,15
3573113,2011-09-03T15:27:11Z,-39.26,0.0,173.9,0.0,18.0,2.0,ML,,,,1.8,0.1,4
3573240,2011-09-03T15:38:24Z,-38.3,0.0,178.44,0.0,20.0,4.0,ML,,,,2.0,0.1,6
3573116,2011-09-03T15:38:24Z,-43.58,0.0,172.16,0.0,7.0,1.0,ML,,,,2.5,0.1,5
3573122,2011-09-03T15:52:17Z,-36.78,0.0,178.46,0.0,122.0,3.0,ML,,,,4.4,0.2,49
3656289,2011-09-03T15:54:59Z,-43.56,0.0,171.95,0.0,5.0,0.0,ML,,,,2.5,0.3,7
3573129,2011-09-03T16:12:26Z,-40.99,0.0,175.2,0.0,31.0,1.0,ML,,,,2.0,0.2,6
3573132,2011-09-03T16:24:21Z,-40.11,0.0,174.89,0.0,33.0,0.0,ML,,,,2.6,0.1,5
3573133,2011-09-03T16:30:22Z,-44.91,0.0,167.58,0.0,81.0,2.0,ML,,,,2.1,0.1,5
3573137,2011-09-03T16:43:00Z,-41.9,0.0,173.79,0.0,37.0,1.0,ML,,,,2.3,0.3,4
3573140,2011-09-03T16:52:08Z,-43.61,0.0,172.17,0.0,7.0,2.0,ML,,,,2.4,0.3,6
3573146,2011-09-03T17:09:33Z,-43.54,0.0,172.62,0.0,10.0,2.0,ML,,,,2.3,0.1,4
3573149,2011-09-03T17:17:22Z,-41.04,0.0,173.62,0.0,79.0,2.0,ML,,,,2.7,0.2,6
3573159,2011-09-03T17:52:39Z,-40.82,0.0,173.19,0.0,152.0,4.0,ML,,,,2.9,0.2,6
3573163,2011-09-03T18:01:54Z,-38.19,0.0,178.26,0.0,12.0,0.0,ML,,,,2.1,0.1,4
3573167,2011-09-03T18:12:57Z,-44.35,0.0,168.51,0.0,5.0,0.0,ML,,,,2.1,0.4,5
3656352,2011-09-03T18:13:47Z,-40.2,0.0,176.55,0.0,45.0,2.0,ML,,,,1.9,0.1,4
3573168,2011-09-03T18:17:07Z,-45.01,0.0,167.65,0.0,84.0,1.0,ML,,,,2.4,0.2,6
3573169,2011-09-03T18:20:41Z,-39.93,0.0,176.69,0.0,43.0,2.0,ML,,,,2.7,0.2,16
3573170,2011-09-03T18:23:05Z,-36.44,0.1,177.62,0.0,198.0,5.0,ML,,,,3.0,0.2,5
3573177,2011-09-03T18:40:08Z,-39.35,0.0,179.02,0.0,33.0,0.0,ML,,,,2.8,0.2,7
3573181,2011-09-03T18:53:13Z,-37.74,0.0,179.1,0.0,12.0,0.0,ML,,,,3.4,0.3,9
3573199,2011-09-03T19:39:55Z,-38.19,0.0,178.28,0.0,15.0,3.0,ML,,,,3.2,0.1,13
3573201,2011-09-03T19:48:39Z,-44.49,0.0,168.24,0.0,12.0,0.0,ML,,,,2.5,0.2,8
3573203,2011-09-03T19:55:07Z,-40.67,0.0,175.92,0.0,30.0,2.0,ML,,,,2.2,0.2,4
3573208,2011-09-03T20:07:10Z,-41.51,0.0,173.08,0.0,74.0,2.0,ML,,,,2.5,0.3,3
3573220,2011-09-03T20:44:34Z,-40.94,0.0,175.41,0.0,22.0,1.0,ML,,,,2.0,0.1,5
3573244,2011-09-03T21:38:38Z,-39.0,0.0,177.5,0.0,19.0,2.0,ML,,,,2.3,0.1,6
3573246,2011-09-03T21:40:57Z,-35.82,0.1,178.25,0.1,194.0,10.0,ML,,,,3.8,0.1,7
3573265,2011-09-03T22:29:27Z,-38.15,0.0,178.31,0.0,12.0,0.0,ML,,,,3.1,0.1,9
3573268,2011-09-03T22:35:20Z,-38.19,0.0,178.28,0.0,15.0,2.0,ML,,,,2.7,0.1,9
3573316,2011-09-04T00:59:35Z,-39.26,0.0,173.86,0.0,18.0,2.0,ML,,,,1.6,0.0,2
3573345,2011-09-04T02:20:27Z,-39.68,0.0,174.71,0.0,148.0,2.0,ML,,,,4.0,0.2,50
3573352,2011-09-04T02:35:32Z,-40.79,0.0,175.33,0.0,29.0,2.0,ML,,,,1.9,0.2,6
3573357,2011-09-04T02:56:52Z,-43.57,0.0,172.38,0.0,8.0,1.0,ML,,,,3.5,0.2,17
3573361,2011-09-04T03:13:08Z,-37.77,0.0,176.13,0.0,168.0,4.0,ML,,,,3.3,0.2,8
3573363,2011-09-04T03:16:31Z,-40.85,0.0,175.5,0.0,26.0,1.0,ML,,,,2.1,0.1,5
3573392,2011-09-04T04:39:05Z,-39.84,0.0,176.71,0.0,44.0,2.0,ML,,,,2.9,0.2,21
3573396,2011-09-04T04:51:59Z,-41.46,0.0,174.31,0.0,29.0,2.0,ML,,,,2.4,0.3,10
3573397,2011-09-04T04:55:51Z,-42.16,0.0,173.88,0.0,12.0,0.0,ML,,,,2.4,0.4,6
3573401,2011-09-04T05:06:58Z,-40.84,0.0,175.81,0.0,25.0,1.0,ML,,,,2.1,0.2,9
3573410,2011-09-04T05:32:03Z,-38.18,0.0,178.36,0.0,10.0,3.0,ML,,,,2.4,0.2,6
3573416,2011-09-04T05:49:29Z,-44.94,0.0,167.52,0.0,84.0,3.0,ML,,,,2.7,0.3,10
3573429,2011-09-04T06:26:01Z,-39.16,0.0,175.36,0.0,13.0,1.0,ML,,,,1.6,0.3,10
3573438,2011-09-04T06:48:15Z,-39.24,0.0,173.89,0.0,23.0,1.0,ML,,,,2.0,0.1,5
3659995,2011-09-04T06:49:01Z,-43.6,0.0,172.38,0.0,5.0,0.0,ML,,,,2.6,0.3,5
3573448,2011-09-04T07:16:58Z,-39.23,0.0,175.41,0.0,12.0,0.0,ML,,,,1.4,0.3,5
3573744,2011-09-04T07:17:08Z,-37.54,0.0,177.88,0.0,82.0,2.0,ML,,,,2.9,0.2,7
3573457,2011-09-04T07:35:54Z,-38.2,0.0,178.35,0.0,17.0,3.0,ML,,,,2.9,0.1,12
3573459,2011-09-04T07:41:55Z,-43.56,0.0,172.39,0.0,7.0,1.0,Mw,3.9,nan,0,4.3,0.3,61
3666882,2011-09-04T07:53:40Z,-40.1,0.0,174.86,0.0,33.0,0.0,ML,,,,1.6,0.1,4
3573465,2011-09-04T07:53:41Z,-43.57,0.0,172.37,0.0,5.0,0.0,ML,,,,2.0,0.3,4
3573467,2011-09-04T07:56:29Z,-43.6,0.0,172.65,0.0,8.0,1.0,ML,,,,2.3,0.3,5
3573472,2011-09-04T08:09:35Z,-43.58,0.0,172.37,0.0,5.0,0.0,ML,,,,2.5,0.3,5
3573476,2011-09-04T08:21:19Z,-40.39,0.0,175.97,0.0,49.0,3.0,ML,,,,2.3,0.2,10
3573479,2011-09-04T08:32:25Z,-40.26,0.0,176.34,0.0,32.0,1.0,ML,,,,1.9,0.3,6
3573487,2011-09-04T08:54:20Z,-38.36,0.0,177.2,0.0,32.0,2.0,ML,,,,1.9,0.1,4
3573504,2011-09-04T09:50:48Z,-41.64,0.0,172.34,0.0,5.0,0.0,ML,,,,2.2,0.3,4
3573509,2011-09-04T10:02:54Z,-40.75,0.0,174.84,0.0,5.0,0.0,ML,,,,2.0,0.3,8
3573524,2011-09-04T10:54:36Z,-45.56,0.0,167.56,0.0,5.0,0.0,ML,,,,2.2,0.3,10
3573528,2011-09-04T11:07:00Z,-43.58,0.0,172.39,0.0,5.0,0.0,ML,,,,2.5,0.3,6
3666918,2011-09-04T11:08:12Z,-37.83,0.0,176.64,0.0,5.0,0.0,ML,,,,1.5,0.1,4
3573535,2011-09-04T11:24:21Z,-36.49,0.0,-179.77,0.0,33.0,0.0,ML,,,,3.1,0.1,7
3573748,2011-09-04T11:25:16Z,-41.07,0.0,175.1,0.0,30.0,1.0,ML,,,,2.1,0.1,9
3573746,2011-09-04T11:25:32Z,-39.12,0.0,175.65,0.0,0.0,0.0,ML,,,,1.0,0.2,3
3573541,2011-09-04T11:43:24Z,-39.0,0.0,176.69,0.0,46.0,2.0,ML,,,,2.3,0.1,5
3573552,2011-09-04T12:18:56Z,-45.13,0.0,167.19,0.0,27.0,3.0,ML,,,,2.6,0.1,2
3573750,2011-09-04T12:19:01Z,-37.31,0.1,176.25,0.1,210.0,6.0,ML,,,,3.2,0.4,7
3667373,2011-09-04T13:06:22Z,-38.21,0.0,178.41,0.0,19.0,2.0,ML,,,,3.1,0.2,16
3573569,2011-09-04T13:07:34Z,-38.2,0.0,178.37,0.0,17.0,2.0,ML,,,,3.1,0.2,15
3573568,2011-09-04T13:08:23Z,-38.2,0.0,178.35,0.0,17.0,2.0,ML,,,,3.6,0.2,23
3573576,2011-09-04T13:31:40Z,-38.05,0.0,177.99,0.0,32.0,2.0,ML,,,,2.8,0.2,10
3573583,2011-09-04T13:52:19Z,-45.0,0.0,167.6,0.0,64.0,2.0,ML,,,,2.6,0.1,9
3573585,2011-09-04T13:57:30Z,-40.39,0.0,174.94,0.0,31.0,2.0,ML,,,,2.1,0.1,10
3573589,2011-09-04T14:06:42Z,-37.41,0.0,177.07,0.0,126.0,4.0,ML,,,,2.8,0.3,7
3573590,2011-09-04T14:10:14Z,-39.35,0.0,174.76,0.0,130.0,2.0,ML,,,,2.9,0.3,16
3573607,2011-09-04T15:05:03Z,-39.53,0.0,175.63,0.0,13.0,1.0,ML,,,,1.8,0.2,16
3573608,2011-09-04T15:06:26Z,-39.31,0.0,175.53,0.0,82.0,2.0,ML,,,,2.6,0.2,17
3669028,2011-09-04T15:21:11Z,-40.39,0.0,176.16,0.0,34.0,1.0,ML,,,,2.0,0.2,9
3573613,2011-09-04T15:22:13Z,-41.74,0.1,172.33,0.0,31.0,10.0,ML,,,,2.1,0.3,3
3573620,2011-09-04T15:39:22Z,-44.33,0.0,168.27,0.0,5.0,0.0,ML,,,,3.4,0.1,12
3669042,2011-09-04T15:42:51Z,-44.43,0.0,169.41,0.0,5.0,0.0,ML,,,,2.0,0.2,5
3573621,2011-09-04T15:44:07Z,-38.16,0.0,178.35,0.0,19.0,3.0,ML,,,,2.6,0.1,9
3573637,2011-09-04T16:28:17Z,-42.69,0.0,171.72,0.0,5.0,0.0,ML,,,,2.3,0.4,6
3573638,2011-09-04T16:32:23Z,-40.65,0.0,174.0,0.0,85.0,5.0,ML,,,,2.2,0.2,7
3573644,2011-09-04T16:48:25Z,-38.16,0.0,178.39,0.0,13.0,6.0,ML,,,,1.7,0.2,5
3573645,2011-09-04T16:51:46Z,-43.52,0.0,172.16,0.0,5.0,0.0,ML,,,,2.7,0.3,7
3573652,2011-09-04T17:12:31Z,-39.23,0.0,174.85,0.0,27.0,2.0,ML,,,,2.2,0.2,17
3573765,2011-09-04T17:12:52Z,-38.66,0.0,177.4,0.0,31.0,1.0,ML,,,,2.4,0.1,10
3573658,2011-09-04T17:29:38Z,-39.09,0.0,175.56,0.0,5.0,0.0,ML,,,,1.2,0.2,6
3573659,2011-09-04T17:31:14Z,-36.88,0.0,176.76,0.0,174.0,6.0,ML,,,,3.1,0.3,23
3573671,2011-09-04T18:10:50Z,-37.45,0.0,-179.3,0.0,33.0,0.0,ML,,,,3.3,0.2,13
3573674,2011-09-04T18:15:47Z,-39.53,0.0,175.64,0.0,13.0,1.0,ML,,,,2.1,0.1,6
3573681,2011-09-04T18:31:24Z,-45.14,0.0,167.3,0.0,119.0,3.0,ML,,,,3.0,0.3,11
3573701,2011-09-04T19:19:12Z,-38.01,0.0,176.2,0.1,153.0,4.0,ML,,,,2.9,0.3,6
3573707,2011-09-04T19:37:36Z,-41.29,0.0,175.38,0.0,23.0,1.0,ML,,,,3.0,0.2,24
3573710,2011-09-04T19:42:55Z,-38.56,0.0,178.31,0.0,41.0,3.0,ML,,,,2.2,0.2,5
3573718,2011-09-04T20:04:29Z,-39.27,0.0,173.98,0.0,27.0,2.0,ML,,,,1.9,0.4,3
3573747,2011-09-04T21:27:11Z,-43.58,0.0,172.8,0.0,9.0,1.0,ML,,,,3.1,0.2,5
3669611,2011-09-04T21:27:45Z,-43.59,0.0,172.79,0.0,9.0,2.0,ML,,,,2.8,0.2,4
3573769,2011-09-04T22:10:13Z,-43.5,0.0,171.96,0.0,5.0,0.0,ML,,,,2.3,0.2,3
3573779,2011-09-04T22:33:00Z,-43.45,0.0,172.12,0.0,6.0,1.0,ML,,,,3.2,0.2,7
3573787,2011-09-04T22:47:56Z,-43.46,0.0,172.11,0.0,5.0,0.0,ML,,,,2.8,0.2,4
3670058,2011-09-04T22:48:32Z,-43.44,0.0,172.14,0.0,5.0,0.0,ML,,,,2.2,0.2,5
3573792,2011-09-04T22:58:04Z,-42.04,0.0,171.98,0.0,101.0,4.0,ML,,,,2.8,0.2,2
3670153,2011-09-04T23:09:30Z,-43.44,0.0,172.14,0.0,5.0,0.0,ML,,,,2.2,0.2,4
3573797,2011-09-04T23:13:50Z,-38.54,0.0,178.3,0.0,26.0,2.0,ML,,,,2.3,0.1,5
3573806,2011-09-04T23:41:09Z,-41.98,0.0,173.1,0.0,17.0,1.0,ML,,,,2.5,0.3,8
3573809,2011-09-04T23:45:51Z,-38.06,0.0,176.12,0.1,160.0,6.0,ML,,,,3.3,0.2,23
3573814,2011-09-05T00:01:25Z,-43.59,0.0,172.53,0.0,9.0,1.0,ML,,,,2.9,0.1,4
3573815,2011-09-05T00:05:38Z,-43.67,0.0,172.65,0.0,5.0,0.0,ML,,,,2.2,0.2,3
3573842,2011-09-05T01:07:47Z,-43.16,0.0,171.96,0.0,5.0,0.0,ML,,,,2.2,0.3,3
3573845,2011-09-05T01:16:01Z,-39.21,0.0,174.78,0.0,30.0,1.0,ML,,,,1.9,0.2,8
3573859,2011-09-05T01:46:07Z,-43.52,0.0,172.75,0.0,11.0,1.0,ML,,,,2.4,0.2,4
3573878,2011-09-05T02:31:11Z,-37.78,0.0,179.16,0.0,33.0,0.0,ML,,,,3.2,0.2,8
3573882,2011-09-05T02:46:46Z,-43.59,0.0,172.65,0.0,7.0,1.0,ML,,,,2.6,0.3,5
3573897,2011-09-05T03:29:28Z,-43.59,0.0,172.63,0.0,9.0,0.0,ML,,,,2.2,0.2,4
3573914,2011-09-05T04:04:59Z,-40.88,0.0,174.75,0.0,5.0,0.0,ML,,,,2.4,0.1,10
3573939,2011-09-05T05:03:16Z,-37.88,0.0,179.08,0.0,31.0,3.0,ML,,,,2.8,0.1,5
3657827,2011-09-05T05:03:59Z,-43.58,0.0,172.63,0.0,7.0,0.0,ML,,,,2.1,0.3,3
3573955,2011-09-05T05:52:19Z,-39.96,0.0,176.76,0.0,42.0,2.0,ML,,,,2.8,0.2,15
3573970,2011-09-05T06:39:24Z,-37.82,0.0,176.66,0.0,5.0,0.0,ML,,,,1.9,0.1,5
3573974,2011-09-05T06:49:52Z,-38.24,0.0,175.75,0.1,180.0,5.0,ML,,,,3.3,0.3,27
3573978,2011-09-05T06:59:59Z,-39.61,0.0,176.53,0.0,43.0,2.0,ML,,,,2.3,0.1,10
3573994,2011-09-05T07:40:23Z,-43.57,0.0,172.75,0.0,7.0,2.0,ML,,,,2.6,0.3,4
3574012,2011-09-05T08:33:23Z,-44.91,0.0,167.55,0.0,71.0,2.0,ML,,,,2.1,0.1,5
3574018,2011-09-05T08:48:51Z,-40.85,0.0,175.51,0.0,26.0,1.0,ML,,,,1.9,0.3,5
3574028,2011-09-05T09:17:18Z,-36.87,0.1,176.5,0.2,137.0,17.0,ML,,,,2.8,0.3,4
3657906,2011-09-05T09:18:19Z,-43.63,0.0,172.32,0.0,5.0,0.0,ML,,,,2.5,0.2,4
3574032,2011-09-05T09:24:49Z,-39.38,0.0,175.06,0.0,32.0,1.0,ML,,,,2.4,0.1,7
3574041,2011-09-05T09:42:45Z,-39.93,0.0,176.78,0.0,39.0,3.0,ML,,,,2.2,0.2,7
3574060,2011-09-05T10:32:18Z,-38.56,0.0,177.75,0.0,21.0,2.0,ML,,,,2.1,0.1,6
3574063,2011-09-05T10:39:31Z,-43.27,0.0,170.87,0.0,12.0,0.0,ML,,,,2.4,0.4,5
3574101,2011-09-05T12:13:24Z,-44.94,0.0,167.59,0.0,88.0,3.0,ML,,,,2.5,0.2,8
3574103,2011-09-05T12:20:12Z,-38.25,0.0,178.33,0.0,19.0,3.0,ML,,,,1.8,0.1,6
3574108,2011-09-05T12:28:23Z,-38.41,0.0,177.65,0.0,58.0,2.0,ML,,,,2.6,0.2,5
3574122,2011-09-05T13:01:29Z,-45.03,0.0,170.4,0.0,5.0,0.0,ML,,,,2.6,0.3,10
3574124,2011-09-05T13:11:22Z,-43.6,0.0,172.52,0.0,5.0,0.0,ML,,,,2.6,0.3,6
3574125,2011-09-05T13:13:40Z,-38.8,0.0,176.0,0.0,78.0,3.0,ML,,,,2.6,0.3,10
3574136,2011-09-05T13:39:16Z,-40.29,0.0,176.69,0.0,12.0,0.0,ML,,,,2.0,0.1,8
3574145,2011-09-05T13:58:24Z,-38.15,0.0,178.31,0.0,18.0,2.0,ML,,,,2.7,0.1,10
3574163,2011-09-05T14:44:41Z,-38.19,0.0,178.31,0.0,10.0,2.0,ML,,,,2.4,0.1,8
3574164,2011-09-05T14:46:20Z,-40.88,0.0,176.12,0.0,30.0,1.0,ML,,,,3.3,0.2,39
3574170,2011-09-05T15:08:39Z,-45.16,0.0,167.38,0.0,84.0,1.0,ML,,,,3.0,0.2,5
3574297,2011-09-05T15:10:52Z,-38.62,0.0,176.21,0.0,5.0,0.0,ML,,,,1.9,0.2,6
3574180,2011-09-05T15:28:19Z,-39.25,0.0,173.89,0.0,14.0,2.0,ML,,,,1.8,0.3,2
3574188,2011-09-05T15:54:12Z,-39.24,0.0,173.74,0.0,10.0,1.0,ML,,,,1.9,0.1,6
3574199,2011-09-05T16:20:58Z,-39.93,0.0,176.91,0.0,27.0,1.0,ML,,,,2.7,0.2,17
3574207,2011-09-05T16:45:17Z,-45.73,0.0,167.49,0.0,12.0,0.0,ML,,,,2.2,0.2,9
3574222,2011-09-05T17:29:38Z,-39.38,0.0,177.84,0.0,26.0,2.0,ML,,,,2.2,0.2,6
3574224,2011-09-05T17:36:43Z,-44.4,0.0,167.93,0.0,12.0,0.0,ML,,,,2.8,0.3,13
3574225,2011-09-05T17:38:30Z,-40.39,0.0,176.1,0.0,51.0,2.0,ML,,,,2.6,0.2,11
3574228,2011-09-05T17:44:39Z,-38.18,0.0,178.29,0.0,12.0,0.0,ML,,,,2.0,0.1,5
3574231,2011-09-05T17:50:39Z,-38.18,0.0,178.28,0.0,10.0,1.0,ML,,,,2.1,0.1,5
3574236,2011-09-05T18:04:59Z,-43.61,0.0,172.77,0.0,9.0,1.0,ML,,,,3.6,0.2,16
3574241,2011-09-05T18:15:16Z,-38.28,0.0,176.68,0.0,77.0,2.0,ML,,,,3.3,0.2,16
3574245,2011-09-05T18:24:25Z,-43.6,0.0,172.79,0.0,9.0,1.0,ML,,,,3.0,0.2,5
3574266,2011-09-05T19:14:18Z,-39.41,0.0,174.65,0.0,190.0,4.0,ML,,,,3.4,0.3,23
3574370,2011-09-05T23:18:29Z,-38.33,0.0,178.56,0.0,30.0,2.0,ML,,,,2.6,0.2,4
3574373,2011-09-05T23:23:07Z,-38.38,0.0,178.61,0.0,33.0,0.0,ML,,,,2.1,0.2,5
3574382,2011-09-05T23:51:53Z,-41.03,0.0,176.17,0.0,27.0,2.0,ML,,,,2.4,0.1,7
3574392,2011-09-06T00:20:30Z,-37.83,0.0,178.1,0.0,33.0,0.0,ML,,,,2.0,0.2,3
3574404,2011-09-06T00:59:31Z,-38.33,0.1,175.54,0.1,227.0,6.0,ML,,,,3.4,0.2,20
3574421,2011-09-06T01:36:09Z,-41.72,0.0,172.21,0.0,100.0,2.0,ML,,,,2.5,nan,1
3574424,2011-09-06T01:46:21Z,-43.56,0.0,172.01,0.0,13.0,2.0,ML,,,,3.3,0.1,7
3574436,2011-09-06T02:19:52Z,-38.15,0.0,176.62,0.0,5.0,0.0,ML,,,,1.7,0.2,4
3574444,2011-09-06T02:40:44Z,-40.34,0.0,174.4,0.0,33.0,0.0,ML,,,,2.6,0.2,18
3574446,2011-09-06T02:47:16Z,-43.58,0.0,172.75,0.0,5.0,1.0,ML,,,,3.1,0.2,7
3574453,2011-09-06T03:05:48Z,-39.28,0.0,174.79,0.0,29.0,1.0,ML,,,,2.2,0.2,11
3574461,2011-09-06T03:18:40Z,-44.36,0.0,169.5,0.0,5.0,0.0,ML,,,,2.0,0.1,5
3574469,2011-09-06T03:42:14Z,-45.02,0.0,167.55,0.0,66.0,9.0,ML,,,,2.1,0.1,3
3658386,2011-09-06T04:50:12Z,-39.89,0.0,175.12,0.0,44.0,2.0,ML,,,,1.8,0.1,2
3574491,2011-09-06T04:51:08Z,-41.3,0.0,174.69,0.0,27.0,1.0,ML,,,,2.8,0.2,15
3574494,2011-09-06T05:00:04Z,-38.57,0.0,178.11,0.0,29.0,2.0,ML,,,,2.1,0.2,5
3574499,2011-09-06T05:13:27Z,-43.55,0.0,172.39,0.0,6.0,2.0,ML,,,,2.7,0.4,7
3574509,2011-09-06T05:45:12Z,-42.55,0.0,177.01,0.0,33.0,0.0,ML,,,,3.3,0.2,6
3574518,2011-09-06T06:07:40Z,-39.55,0.0,177.0,0.0,32.0,2.0,ML,,,,2.1,0.1,8
3574520,2011-09-06T06:14:46Z,-40.02,0.0,176.73,0.0,43.0,3.0,ML,,,,2.4,0.1,6
3574556,2011-09-06T07:57:41Z,-40.4,0.0,176.23,0.0,36.0,1.0,ML,,,,2.2,0.2,7
3574557,2011-09-06T07:59:04Z,-38.37,0.1,176.26,0.1,139.0,5.0,ML,,,,2.4,0.1,4
3574559,2011-09-06T08:03:35Z,-43.39,0.0,171.94,0.0,5.0,0.0,ML,,,,2.6,0.2,5
3574564,2011-09-06T08:21:53Z,-39.64,0.0,176.91,0.0,53.0,1.0,ML,,,,2.1,0.1,9
3658420,2011-09-06T08:22:21Z,-44.99,0.0,167.56,0.0,99.0,4.0,ML,,,,2.2,0.2,6
3574594,2011-09-06T09:52:17Z,-41.5,0.0,175.52,0.0,18.0,1.0,ML,,,,1.9,0.1,7
3574596,2011-09-06T09:58:46Z,-41.22,0.0,174.73,0.0,34.0,0.0,ML,,,,3.3,0.2,27
3574598,2011-09-06T10:04:22Z,-44.15,0.0,168.62,0.0,5.0,0.0,ML,,,,2.6,0.2,4
3574803,2011-09-06T10:51:27Z,-44.36,0.0,168.35,0.0,5.0,0.0,ML,,,,2.4,0.3,10
3574631,2011-09-06T11:39:23Z,-39.4,0.0,174.44,0.0,161.0,8.0,ML,,,,2.9,0.1,2
3574635,2011-09-06T11:56:03Z,-37.82,0.0,176.63,0.0,5.0,0.0,ML,,,,2.6,0.2,9
3574640,2011-09-06T12:09:05Z,-38.77,0.0,178.36,0.0,33.0,0.0,ML,,,,2.8,0.2,11
3574657,2011-09-06T12:56:12Z,-38.31,0.0,178.11,0.0,32.0,1.0,ML,,,,2.4,0.1,8
3574666,2011-09-06T13:17:26Z,-43.53,0.0,172.68,0.0,5.0,0.0,ML,,,,2.7,0.3,6
3574687,2011-09-06T14:22:00Z,-38.73,0.0,176.03,0.0,5.0,0.0,ML,,,,1.8,0.1,4
3574688,2011-09-06T14:22:51Z,-38.65,0.0,176.07,0.0,3.0,1.0,ML,,,,1.6,0.1,6
3574810,2011-09-06T14:22:59Z,-38.65,0.0,176.08,0.0,2.0,0.0,ML,,,,1.9,0.1,5
3574691,2011-09-06T14:30:13Z,-38.66,0.0,176.08,0.0,6.0,2.0,ML,,,,1.5,0.2,5
3574696,2011-09-06T14:43:53Z,-42.0,0.0,173.14,0.0,12.0,0.0,ML,,,,2.8,0.1,6
3574699,2011-09-06T14:56:37Z,-41.45,0.0,174.22,0.0,20.0,2.0,ML,,,,2.1,0.2,12
3574703,2011-09-06T15:11:13Z,-40.98,0.0,174.48,0.0,12.0,0.0,ML,,,,2.1,0.2,12
3574717,2011-09-06T16:03:10Z,-38.94,0.1,174.72,0.1,198.0,15.0,ML,,,,2.7,0.2,3
3574720,2011-09-06T16:12:23Z,-40.5,0.0,174.58,0.0,90.0,3.0,ML,,,,2.4,0.3,11
3574726,2011-09-06T16:28:50Z,-40.98,0.0,174.46,0.0,12.0,0.0,ML,,,,2.3,0.2,13
3574736,2011-09-06T17:03:15Z,-39.1,0.0,176.16,0.0,67.0,1.0,ML,,,,3.4,0.2,35
3574741,2011-09-06T17:16:52Z,-39.9,0.0,176.83,0.0,30.0,1.0,ML,,,,2.2,0.1,5
3574748,2011-09-06T17:42:54Z,-40.56,0.0,173.98,0.0,94.0,3.0,ML,,,,3.0,0.1,6
3574749,2011-09-06T17:48:12Z,-39.1,0.0,176.38,0.0,49.0,2.0,ML,,,,2.6,0.1,6
3574754,2011-09-06T18:02:39Z,-37.83,0.0,176.63,0.0,5.0,0.0,ML,,,,1.8,0.2,7
3574758,2011-09-06T18:17:26Z,-43.52,0.0,172.42,0.0,9.0,1.0,ML,,,,2.4,0.2,3
3574767,2011-09-06T18:40:30Z,-36.3,0.0,175.71,0.0,5.0,0.0,ML,,,,2.2,0.2,4
3574772,2011-09-06T18:51:32Z,-38.64,0.0,176.06,0.0,2.0,0.0,ML,,,,1.8,0.1,2
3574816,2011-09-06T18:52:33Z,-41.65,0.0,174.25,0.0,11.0,1.0,ML,,,,3.0,0.2,20
3574821,2011-09-06T18:53:34Z,-38.65,0.0,176.07,0.0,2.0,0.0,ML,,,,1.9,0.1,3
3574783,2011-09-06T19:24:04Z,-40.4,0.0,176.27,0.0,23.0,1.0,ML,,,,2.4,0.2,6
3574785,2011-09-06T19:28:15Z,-37.82,0.0,176.65,0.0,2.0,0.0,ML,,,,2.1,0.1,7
3574799,2011-09-06T20:14:47Z,-39.96,0.0,176.88,0.0,40.0,2.0,ML,,,,2.2,0.2,7
3574804,2011-09-06T20:23:26Z,-43.55,0.0,172.4,0.0,5.0,0.0,ML,,,,2.6,0.3,7
3574808,2011-09-06T20:33:45Z,-39.93,0.0,176.76,0.0,42.0,2.0,ML,,,,2.4,0.1,7
3574826,2011-09-06T21:22:39Z,-46.18,0.0,167.29,0.0,12.0,0.0,ML,,,,2.8,0.3,10
3574836,2011-09-06T21:55:02Z,-45.69,0.0,166.99,0.0,85.0,3.0,ML,,,,2.7,0.3,8
3574840,2011-09-06T22:06:25Z,-41.67,0.0,174.29,0.0,5.0,0.0,ML,,,,2.3,0.3,9
3574847,2011-09-06T22:23:54Z,-41.66,0.0,174.27,0.0,5.0,0.0,ML,,,,2.1,0.4,5
3574851,2011-09-06T22:35:41Z,-36.81,0.1,179.09,0.1,33.0,0.0,ML,,,,2.9,0.3,5
3574857,2011-09-06T22:47:42Z,-35.61,0.1,178.09,0.2,33.0,0.0,ML,,,,3.4,0.2,4
3574870,2011-09-06T23:17:06Z,-38.19,0.0,178.32,0.0,12.0,0.0,ML,,,,2.5,0.1,8
3574958,2011-09-06T23:17:21Z,-39.41,0.0,175.04,0.0,33.0,0.0,ML,,,,1.8,0.3,5
3574873,2011-09-06T23:25:41Z,-41.87,0.0,174.0,0.0,13.0,2.0,ML,,,,3.4,0.2,30
3574877,2011-09-06T23:37:53Z,-37.37,0.0,178.47,0.0,43.0,4.0,ML,,,,3.3,0.2,9
3574878,2011-09-06T23:40:16Z,-41.86,0.0,173.97,0.0,14.0,1.0,ML,,,,3.0,0.2,16
3574884,2011-09-06T23:48:54Z,-37.49,0.1,176.68,0.1,164.0,4.0,ML,,,,3.3,0.4,11
3574887,2011-09-06T23:54:44Z,-43.6,0.0,172.36,0.0,9.0,1.0,ML,,,,2.5,0.1,3
3574899,2011-09-07T00:23:57Z,-36.63,0.1,176.79,0.1,219.0,7.0,ML,,,,3.4,0.1,5
3574901,2011-09-07T00:26:17Z,-35.75,0.1,178.43,0.1,214.0,6.0,ML,,,,3.6,0.1,5
3574909,2011-09-07T00:49:00Z,-41.67,0.0,173.56,0.0,46.0,5.0,ML,,,,2.4,0.1,5
3574924,2011-09-07T01:26:54Z,-37.22,0.0,176.52,0.0,157.0,5.0,ML,,,,3.7,0.3,26
3574938,2011-09-07T01:59:57Z,-38.48,0.0,176.03,0.0,111.0,3.0,ML,,,,2.9,0.4,11
3574944,2011-09-07T02:12:32Z,-41.61,0.0,174.23,0.0,22.0,2.0,ML,,,,2.2,0.4,7
3574948,2011-09-07T02:21:58Z,-37.55,0.0,178.26,0.0,33.0,0.0,ML,,,,2.3,0.2,4
3574962,2011-09-07T02:54:23Z,-38.49,0.0,175.91,0.0,5.0,0.0,ML,,,,2.0,0.3,3
3574982,2011-09-07T03:40:36Z,-39.67,0.0,175.09,0.0,79.0,3.0,ML,,,,2.8,0.2,5
3574989,2011-09-07T04:02:05Z,-36.74,0.0,178.28,0.1,33.0,0.0,ML,,,,3.2,0.2,4
3574995,2011-09-07T04:16:56Z,-38.32,0.0,176.04,0.0,166.0,5.0,ML,,,,3.4,0.4,16
3574999,2011-09-07T04:31:43Z,-40.39,0.0,173.61,0.0,139.0,3.0,ML,,,,3.2,0.4,5
3575002,2011-09-07T04:43:15Z,-37.45,0.0,176.69,0.0,152.0,4.0,ML,,,,3.1,0.1,6
3575028,2011-09-07T06:02:29Z,-42.52,0.0,173.82,0.0,12.0,0.0,ML,,,,2.6,0.4,6
3575031,2011-09-07T06:13:21Z,-37.82,0.0,176.75,0.0,5.0,0.0,ML,,,,1.7,0.1,4
3575039,2011-09-07T06:36:55Z,-38.02,0.0,178.01,0.0,59.0,3.0,ML,,,,2.5,0.1,8
3575048,2011-09-07T06:57:35Z,-41.5,0.0,173.71,0.0,43.0,4.0,ML,,,,2.1,0.1,3
3575050,2011-09-07T07:06:06Z,-43.64,0.0,172.37,0.0,2.0,0.0,ML,,,,2.6,0.3,7
3575063,2011-09-07T07:39:30Z,-41.87,0.0,173.96,0.0,12.0,0.0,ML,,,,2.6,0.3,9
3575065,2011-09-07T07:46:30Z,-39.15,0.0,175.29,0.0,11.0,1.0,ML,,,,1.2,0.2,6
3575074,2011-09-07T08:12:53Z,-35.61,0.1,178.57,0.2,280.0,11.0,ML,,,,3.1,0.3,4
3575097,2011-09-07T09:27:22Z,-40.4,0.0,176.39,0.0,27.0,1.0,ML,,,,2.5,0.2,6
3575107,2011-09-07T09:52:12Z,-41.87,0.0,173.95,0.0,9.0,2.0,ML,,,,2.2,0.2,6
3575116,2011-09-07T10:27:59Z,-40.85,0.0,175.5,0.0,25.0,1.0,ML,,,,2.3,0.2,9
3575121,2011-09-07T10:46:56Z,-42.22,0.0,173.36,0.0,33.0,0.0,ML,,,,2.6,0.4,6
3575125,2011-09-07T10:58:51Z,-43.19,0.0,172.01,0.0,12.0,0.0,ML,,,,2.1,0.2,3
3575132,2011-09-07T11:22:59Z,-38.47,0.0,178.66,0.0,33.0,0.0,ML,,,,3.0,0.1,16
3575139,2011-09-07T11:45:28Z,-40.19,0.0,174.87,0.0,12.0,0.0,ML,,,,2.4,0.2,21
3575142,2011-09-07T11:56:40Z,-40.2,0.0,176.5,0.0,29.0,1.0,ML,,,,1.8,0.1,6
3575145,2011-09-07T12:03:55Z,-41.37,0.0,173.51,0.0,78.0,3.0,ML,,,,3.0,0.1,7
3575148,2011-09-07T12:16:19Z,-41.61,0.0,174.0,0.0,55.0,2.0,ML,,,,2.8,0.2,7
3575151,2011-09-07T12:27:38Z,-41.87,0.0,173.97,0.0,11.0,2.0,ML,,,,2.1,0.1,7
3577561,2011-09-07T12:28:28Z,-39.39,0.0,177.17,0.0,26.0,2.0,ML,,,,2.2,0.1,11
3575154,2011-09-07T12:40:41Z,-37.06,0.0,177.12,0.0,12.0,0.0,ML,,,,2.5,0.2,6
3575155,2011-09-07T12:42:59Z,-39.12,0.0,177.47,0.0,28.0,1.0,ML,,,,2.3,0.3,7
3575162,2011-09-07T13:06:34Z,-41.11,0.0,174.01,0.0,57.0,2.0,ML,,,,3.1,0.2,15
3575172,2011-09-07T13:34:38Z,-40.21,0.0,176.35,0.0,41.0,2.0,ML,,,,2.2,0.1,10
3575175,2011-09-07T13:43:14Z,-43.58,0.0,171.73,0.0,6.0,1.0,ML,,,,2.6,0.4,7
3575203,2011-09-07T15:09:53Z,-38.02,0.0,176.53,0.0,101.0,4.0,ML,,,,2.8,0.4,14
3575204,2011-09-07T15:12:40Z,-44.45,0.0,169.75,0.0,5.0,0.0,ML,,,,2.5,0.2,8
3575214,2011-09-07T15:37:32Z,-40.08,0.0,176.66,0.0,41.0,3.0,ML,,,,2.2,0.1,10
3575334,2011-09-07T15:46:57Z,-37.0,0.0,177.46,0.0,133.0,4.0,ML,,,,2.8,0.2,8
3575217,2011-09-07T15:47:48Z,-38.62,0.0,176.05,0.0,2.0,0.0,ML,,,,1.5,nan,1
3575232,2011-09-07T16:31:59Z,-40.95,0.0,175.43,0.0,24.0,1.0,ML,,,,2.7,0.1,13
3575239,2011-09-07T16:57:13Z,-39.73,0.0,174.03,0.0,143.0,5.0,ML,,,,2.9,0.4,5
3575247,2011-09-07T17:14:47Z,-45.75,0.0,166.75,0.0,5.0,0.0,ML,,,,2.2,0.1,6
3575248,2011-09-07T17:16:37Z,-43.58,0.0,172.77,0.0,8.0,1.0,ML,,,,2.9,0.2,4
3575254,2011-09-07T17:32:57Z,-38.32,0.0,177.34,0.0,49.0,2.0,ML,,,,2.4,0.1,7
3575256,2011-09-07T17:37:01Z,-39.27,0.0,174.94,0.0,31.0,1.0,ML,,,,1.9,0.4,6
3575257,2011-09-07T17:40:08Z,-37.86,0.1,176.08,0.1,134.0,9.0,ML,,,,2.7,0.3,5
3575263,2011-09-07T17:52:36Z,-37.21,0.0,177.27,0.0,125.0,4.0,ML,,,,3.1,0.1,8
3575264,2011-09-07T17:55:17Z,-37.12,0.0,176.99,0.0,167.0,6.0,ML,,,,2.5,0.2,3
3575279,2011-09-07T18:31:30Z,-39.44,0.0,177.04,0.0,30.0,2.0,ML,,,,2.2,0.2,5
3575280,2011-09-07T18:34:06Z,-38.18,0.0,178.3,0.0,12.0,0.0,ML,,,,2.1,0.1,6
3575331,2011-09-07T18:50:45Z,-37.03,0.0,177.21,0.0,5.0,0.0,ML,,,,2.6,0.2,7
3575288,2011-09-07T18:52:28Z,-45.99,0.0,166.13,0.1,12.0,0.0,ML,,,,3.4,0.2,8
3575291,2011-09-07T18:58:20Z,-41.75,0.0,174.14,0.0,31.0,1.0,ML,,,,2.6,0.3,12
3575300,2011-09-07T19:23:06Z,-38.18,0.0,178.29,0.0,10.0,2.0,ML,,,,2.4,0.1,8
3575304,2011-09-07T19:31:44Z,-38.19,0.0,178.32,0.0,12.0,0.0,ML,,,,1.7,0.0,2
3575309,2011-09-07T19:49:02Z,-37.31,0.0,179.53,0.0,33.0,0.0,ML,,,,2.8,0.2,5
3575314,2011-09-07T19:57:27Z,-37.81,0.0,176.81,0.0,5.0,0.0,ML,,,,1.6,0.1,3
3662010,2011-09-07T19:57:43Z,-38.17,0.0,178.3,0.0,12.0,0.0,ML,,,,1.9,0.1,5
3575337,2011-09-07T20:44:12Z,-45.15,0.0,166.86,0.0,12.0,0.0,ML,,,,2.6,0.3,10
3575366,2011-09-07T21:49:06Z,-37.84,0.0,176.61,0.0,2.0,0.0,ML,,,,2.3,0.1,7
3575367,2011-09-07T21:50:41Z,-37.18,0.0,176.75,0.0,12.0,0.0,ML,,,,2.9,0.2,4
3575376,2011-09-07T22:15:36Z,-39.25,0.0,177.12,0.0,28.0,1.0,ML,,,,2.8,0.1,11
3575382,2011-09-07T22:30:16Z,-37.76,0.0,-179.6,0.0,33.0,0.0,ML,,,,3.0,0.1,7
3575395,2011-09-07T22:56:52Z,-45.14,0.0,167.46,0.0,124.0,2.0,ML,,,,3.2,0.1,7
3575402,2011-09-07T23:11:30Z,-37.39,0.0,176.85,0.0,171.0,4.0,ML,,,,4.2,0.2,52
3575415,2011-09-07T23:39:08Z,-40.99,0.0,174.48,0.0,12.0,0.0,ML,,,,2.2,0.1,4
3575429,2011-09-08T00:02:15Z,-43.59,0.0,172.39,0.0,11.0,1.0,ML,,,,3.2,0.2,6
3575451,2011-09-08T00:53:28Z,-38.76,0.0,176.27,0.0,5.0,0.0,ML,,,,2.3,0.2,7
3575476,2011-09-08T01:48:24Z,-43.6,0.0,172.7,0.0,12.0,0.0,ML,,,,3.0,0.3,6
3575484,2011-09-08T02:12:31Z,-38.51,0.0,176.51,0.0,78.0,1.0,Mw,4.1,nan,0,4.4,0.2,51
3575487,2011-09-08T02:16:18Z,-41.44,0.0,172.6,0.0,100.0,5.0,ML,,,,2.4,nan,1
3575489,2011-09-08T02:21:35Z,-42.4,0.0,172.92,0.0,8.0,2.0,ML,,,,2.9,0.2,5
3575490,2011-09-08T02:27:47Z,-39.23,0.0,177.33,0.0,27.0,1.0,ML,,,,2.3,0.1,6
3575558,2011-09-08T05:21:00Z,-37.81,0.0,176.74,0.0,5.0,0.0,ML,,,,2.0,0.1,7
3575564,2011-09-08T05:36:00Z,-41.09,0.0,174.74,0.0,30.0,1.0,ML,,,,2.4,0.1,5
3575568,2011-09-08T05:43:44Z,-39.91,0.0,176.82,0.0,35.0,2.0,ML,,,,2.3,0.2,9
3575570,2011-09-08T05:49:13Z,-39.8,0.0,176.56,0.0,42.0,4.0,ML,,,,2.2,0.1,7
3575574,2011-09-08T05:58:35Z,-44.25,0.0,168.74,0.0,5.0,0.0,ML,,,,2.7,0.2,3
3575589,2011-09-08T06:32:01Z,-39.84,0.0,173.78,0.0,247.0,4.0,ML,,,,3.9,0.2,33
3575596,2011-09-08T06:48:14Z,-40.62,0.0,175.84,0.0,25.0,1.0,ML,,,,2.0,0.2,5
3575615,2011-09-08T07:30:47Z,-40.48,0.0,173.53,0.0,120.0,6.0,ML,,,,2.7,0.1,4
3575621,2011-09-08T07:47:33Z,-39.33,0.0,173.77,0.0,19.0,1.0,ML,,,,1.7,0.1,2
3575623,2011-09-08T07:51:02Z,-38.52,0.0,174.12,0.0,12.0,0.0,ML,,,,2.6,0.3,16
3575631,2011-09-08T08:09:40Z,-38.53,0.0,174.13,0.0,5.0,0.0,ML,,,,2.3,0.3,9
3575634,2011-09-08T08:14:21Z,-37.23,0.1,175.94,0.1,251.0,7.0,ML,,,,3.6,0.1,8
3575650,2011-09-08T08:56:38Z,-37.67,0.0,176.12,0.0,183.0,3.0,ML,,,,3.7,0.2,33
3575654,2011-09-08T09:05:55Z,-45.15,0.0,167.46,0.0,99.0,2.0,ML,,,,2.8,0.3,7
3575656,2011-09-08T09:08:49Z,-41.64,0.0,172.4,0.0,5.0,0.0,ML,,,,2.7,0.3,8
3575915,2011-09-08T09:59:44Z,-40.39,0.0,176.26,0.0,23.0,1.0,ML,,,,2.1,0.1,7
3575677,2011-09-08T10:01:07Z,-37.76,0.0,176.31,0.0,161.0,3.0,ML,,,,2.9,0.1,8
3575678,2011-09-08T10:03:08Z,-39.7,0.1,174.05,0.0,173.0,7.0,ML,,,,2.9,0.0,2
3575686,2011-09-08T10:25:28Z,-40.38,0.0,175.56,0.0,38.0,2.0,ML,,,,2.3,0.1,7
3575721,2011-09-08T12:01:01Z,-41.11,0.0,174.62,0.0,49.0,3.0,ML,,,,2.4,0.2,5
3575723,2011-09-08T12:06:44Z,-43.6,0.0,172.51,0.0,5.0,0.0,ML,,,,2.8,0.3,6
3575736,2011-09-08T12:40:23Z,-37.92,0.0,176.38,0.0,136.0,3.0,ML,,,,2.9,0.4,6
3575745,2011-09-08T13:04:40Z,-41.64,0.0,172.42,0.0,5.0,0.0,ML,,,,2.3,0.3,7
3575759,2011-09-08T13:42:28Z,-37.72,0.0,-179.98,0.0,12.0,0.0,ML,,,,2.7,0.1,5
3575765,2011-09-08T13:58:52Z,-37.62,0.0,177.01,0.0,5.0,0.0,ML,,,,2.2,0.1,5
3575772,2011-09-08T14:17:10Z,-44.14,0.0,168.75,0.0,5.0,0.0,ML,,,,2.5,0.4,7
3575777,2011-09-08T14:33:27Z,-39.39,0.0,177.03,0.0,25.0,2.0,ML,,,,2.2,0.2,7
3575918,2011-09-08T14:46:10Z,-39.78,0.0,176.52,0.0,29.0,1.0,ML,,,,2.1,0.2,11
3575793,2011-09-08T15:17:36Z,-38.59,0.0,175.21,0.1,246.0,4.0,ML,,,,3.3,0.2,26
3575798,2011-09-08T15:32:33Z,-43.61,0.0,172.75,0.0,9.0,1.0,ML,,,,2.6,0.4,6
3575920,2011-09-08T15:33:38Z,-38.45,0.0,176.94,0.0,5.0,0.0,ML,,,,1.7,0.2,3
3575818,2011-09-08T16:21:08Z,-39.25,0.0,177.12,0.0,27.0,1.0,ML,,,,2.7,0.1,15
3575829,2011-09-08T16:51:01Z,-40.34,0.0,176.37,0.0,32.0,1.0,ML,,,,2.5,0.1,12
3575838,2011-09-08T17:08:32Z,-40.89,0.0,173.92,0.0,61.0,2.0,ML,,,,2.5,0.2,8
3575841,2011-09-08T17:16:08Z,-37.37,0.0,177.42,0.0,105.0,4.0,ML,,,,3.0,0.2,7
3575856,2011-09-08T17:59:07Z,-39.75,0.0,176.89,0.0,43.0,2.0,ML,,,,2.3,0.1,11
3575858,2011-09-08T18:04:52Z,-38.69,0.0,175.77,0.0,141.0,4.0,ML,,,,3.0,0.2,9
3575874,2011-09-08T18:39:44Z,-40.11,0.0,176.57,0.0,48.0,2.0,ML,,,,2.3,0.2,9
3575897,2011-09-08T19:48:10Z,-40.92,0.0,175.74,0.0,28.0,1.0,ML,,,,2.2,0.1,6
3575945,2011-09-08T21:49:59Z,-39.75,0.0,176.94,0.0,54.0,3.0,ML,,,,2.3,0.1,5
3576011,2011-09-09T00:26:22Z,-36.55,0.0,177.54,0.0,135.0,6.0,ML,,,,3.6,0.1,7
3660009,2011-09-09T00:27:01Z,-40.36,0.0,176.3,0.0,25.0,3.0,ML,,,,2.3,0.2,9
3576031,2011-09-09T01:12:32Z,-40.75,0.0,174.42,0.0,51.0,4.0,ML,,,,2.8,0.1,8
3576035,2011-09-09T01:22:34Z,-39.11,0.0,175.46,0.0,105.0,3.0,ML,,,,3.0,0.3,12
3576041,2011-09-09T01:44:10Z,-40.27,0.0,175.08,0.0,24.0,2.0,ML,,,,2.2,0.2,11
3576070,2011-09-09T03:04:58Z,-37.74,0.0,176.74,0.0,140.0,4.0,ML,,,,3.2,0.3,16
3576087,2011-09-09T03:47:29Z,-36.68,0.1,177.33,0.1,139.0,8.0,ML,,,,3.5,0.1,7
3660020,2011-09-09T03:47:56Z,-40.98,0.0,174.5,0.0,5.0,0.0,ML,,,,2.2,0.3,5
3576111,2011-09-09T04:44:37Z,-41.79,0.0,174.58,0.0,31.0,1.0,ML,,,,2.8,0.1,6
3576117,2011-09-09T05:05:05Z,-37.1,0.0,177.53,0.0,115.0,4.0,ML,,,,3.2,0.1,5
3576121,2011-09-09T05:17:35Z,-39.65,0.0,177.16,0.1,33.0,3.0,ML,,,,2.2,0.2,6
3576123,2011-09-09T05:24:30Z,-37.74,0.0,177.59,0.0,43.0,3.0,ML,,,,3.0,0.2,11
3576125,2011-09-09T05:30:12Z,-36.93,0.0,177.34,0.1,142.0,5.0,ML,,,,3.2,0.3,15
3576131,2011-09-09T05:46:21Z,-38.26,0.0,176.92,0.0,65.0,1.0,ML,,,,2.1,0.2,2
3576135,2011-09-09T05:56:33Z,-38.92,0.0,177.6,0.0,28.0,1.0,ML,,,,3.6,0.2,48
3576137,2011-09-09T06:02:22Z,-45.13,0.0,167.37,0.0,60.0,3.0,ML,,,,3.3,0.3,11
3576142,2011-09-09T06:19:44Z,-38.94,0.0,177.58,0.0,29.0,2.0,ML,,,,2.4,0.2,7
3661494,2011-09-09T06:21:05Z,-44.53,0.0,168.41,0.0,5.0,0.0,ML,,,,2.6,0.1,3
3576160,2011-09-09T06:59:27Z,-42.18,0.0,171.92,0.0,5.0,0.0,ML,,,,2.3,0.4,4
3576177,2011-09-09T07:34:11Z,-37.87,0.0,179.18,0.1,33.0,0.0,ML,,,,3.0,0.3,6
3576197,2011-09-09T08:21:14Z,-39.27,0.0,173.73,0.0,11.0,3.0,ML,,,,2.0,0.2,3
3576230,2011-09-09T09:40:31Z,-39.36,0.0,175.35,0.0,16.0,1.0,ML,,,,1.8,0.1,5
3576234,2011-09-09T09:50:12Z,-38.58,0.0,177.72,0.0,31.0,1.0,ML,,,,2.7,0.1,4
3576236,2011-09-09T09:53:50Z,-38.3,0.0,176.38,0.0,5.0,0.0,ML,,,,1.7,0.2,4
3576239,2011-09-09T09:58:57Z,-38.29,0.0,176.42,0.0,2.0,0.0,ML,,,,1.8,0.2,4
3576245,2011-09-09T10:15:01Z,-38.3,0.0,176.42,0.0,5.0,0.0,ML,,,,1.8,0.2,5
3576256,2011-09-09T10:51:29Z,-40.94,0.0,172.41,0.0,12.0,0.0,ML,,,,2.4,0.4,4
3576261,2011-09-09T11:03:00Z,-41.64,0.0,172.41,0.0,5.0,0.0,ML,,,,2.2,0.2,4
3661588,2011-09-09T11:04:21Z,-39.1,0.0,175.64,0.0,0.0,0.0,ML,,,,0.7,0.2,2
3576268,2011-09-09T11:21:51Z,-41.51,0.0,172.69,0.0,98.0,2.0,ML,,,,2.6,0.3,3
3576278,2011-09-09T11:47:29Z,-39.23,0.0,177.13,0.0,32.0,1.0,ML,,,,2.4,0.1,7
3576282,2011-09-09T11:53:11Z,-39.49,0.0,175.68,0.0,18.0,1.0,ML,,,,2.0,0.3,12
3576283,2011-09-09T11:55:41Z,-39.79,0.0,176.95,0.0,43.0,2.0,ML,,,,3.0,0.2,19
3576287,2011-09-09T12:07:49Z,-39.05,0.0,176.11,0.0,62.0,4.0,ML,,,,2.5,0.2,11
3576293,2011-09-09T12:28:56Z,-44.15,0.0,168.48,0.0,5.0,0.0,ML,,,,2.3,0.2,8
3576308,2011-09-09T13:05:46Z,-40.9,0.0,172.72,0.0,5.0,0.0,ML,,,,2.9,0.4,12
3576319,2011-09-09T13:37:02Z,-43.58,0.0,172.67,0.0,5.0,1.0,ML,,,,3.5,0.2,10
3576335,2011-09-09T14:28:19Z,-45.03,0.0,167.5,0.0,95.0,2.0,ML,,,,2.7,0.2,9
3576351,2011-09-09T15:20:49Z,-38.77,0.0,178.0,0.0,28.0,2.0,ML,,,,1.8,0.1,8
3576357,2011-09-09T15:38:53Z,-41.01,0.0,175.56,0.0,12.0,1.0,ML,,,,1.8,0.1,8
3576361,2011-09-09T15:52:58Z,-43.62,0.0,172.38,0.0,5.0,0.0,ML,,,,2.5,0.3,7
3576368,2011-09-09T16:12:19Z,-39.77,0.0,176.99,0.0,39.0,2.0,ML,,,,2.2,0.2,15
3576373,2011-09-09T16:24:28Z,-43.61,0.0,172.46,0.0,6.0,2.0,ML,,,,2.5,0.3,5
3576374,2011-09-09T16:28:07Z,-35.68,0.1,177.95,0.2,179.0,21.0,ML,,,,3.6,0.1,5
3576391,2011-09-09T17:17:30Z,-43.57,0.0,172.67,0.0,4.0,2.0,ML,,,,2.7,0.2,6
3576392,2011-09-09T17:19:40Z,-37.31,0.0,177.08,0.0,141.0,3.0,ML,,,,3.3,0.3,10
3576393,2011-09-09T17:22:14Z,-38.89,0.0,176.09,0.0,79.0,3.0,ML,,,,2.4,0.2,5
3576395,2011-09-09T17:30:25Z,-37.11,0.0,177.37,0.0,120.0,4.0,ML,,,,3.1,0.2,7
3576405,2011-09-09T18:03:33Z,-37.97,0.1,176.16,0.1,146.0,9.0,ML,,,,2.6,0.3,5
3576430,2011-09-09T19:10:38Z,-41.13,0.0,176.37,0.0,32.0,1.0,ML,,,,2.6,0.1,5
3576440,2011-09-09T19:37:38Z,-37.2,0.0,176.65,0.0,165.0,3.0,ML,,,,3.4,0.3,22
3576450,2011-09-09T20:12:30Z,-37.05,0.0,176.55,0.0,195.0,3.0,ML,,,,3.5,0.2,6
3576461,2011-09-09T20:42:44Z,-39.25,0.0,176.49,0.0,38.0,4.0,ML,,,,2.1,0.1,9
3576465,2011-09-09T20:54:54Z,-38.33,0.0,178.41,0.0,25.0,3.0,ML,,,,2.3,0.2,6
3576467,2011-09-09T20:58:54Z,-39.14,0.0,175.64,0.0,5.0,0.0,ML,,,,1.3,0.2,6
3576490,2011-09-09T21:57:12Z,-40.65,0.0,175.2,0.0,42.0,2.0,ML,,,,2.2,0.1,6
3576496,2011-09-09T22:13:18Z,-39.27,0.0,175.4,0.0,14.0,2.0,ML,,,,1.6,0.2,7
3576502,2011-09-09T22:30:04Z,-44.79,0.0,167.99,0.0,95.0,2.0,ML,,,,2.6,0.2,7
3576522,2011-09-09T23:25:59Z,-37.39,0.1,176.31,0.1,260.0,6.0,ML,,,,3.5,0.3,9
3576534,2011-09-09T23:51:45Z,-38.52,0.0,177.61,0.0,57.0,3.0,ML,,,,2.6,0.3,7
3576552,2011-09-10T00:47:47Z,-36.48,0.1,178.15,0.1,89.0,8.0,ML,,,,3.2,0.1,6
3576563,2011-09-10T01:14:37Z,-36.34,0.0,177.77,0.1,70.0,8.0,ML,,,,3.2,0.2,6
3576577,2011-09-10T01:57:20Z,-38.29,0.0,178.44,0.0,21.0,2.0,ML,,,,2.5,0.2,9
3576587,2011-09-10T02:24:45Z,-39.22,0.0,177.42,0.0,33.0,0.0,ML,,,,2.3,0.1,5
3576616,2011-09-10T03:46:39Z,-41.01,0.0,173.69,0.0,91.0,2.0,ML,,,,3.7,0.2,28
3576665,2011-09-10T06:02:08Z,-41.3,0.0,174.57,0.0,33.0,1.0,ML,,,,2.5,0.1,11
3576685,2011-09-10T06:52:20Z,-37.1,0.1,176.16,0.1,142.0,15.0,ML,,,,2.9,0.3,6
3576696,2011-09-10T07:18:00Z,-40.63,0.0,176.49,0.0,24.0,1.0,ML,,,,3.2,0.2,33
3576699,2011-09-10T07:24:00Z,-41.73,0.0,173.82,0.0,12.0,0.0,ML,,,,2.9,0.2,15
3576707,2011-09-10T07:42:30Z,-42.98,0.0,171.38,0.0,5.0,0.0,ML,,,,2.6,0.3,7
3576710,2011-09-10T07:51:45Z,-34.89,0.0,178.03,0.0,33.0,0.0,ML,,,,3.9,0.1,6
3576718,2011-09-10T08:13:24Z,-43.6,0.0,172.51,0.0,7.0,1.0,ML,,,,2.9,0.2,6
3576727,2011-09-10T08:38:42Z,-39.07,0.0,177.54,0.0,28.0,1.0,ML,,,,2.3,0.1,8
3576735,2011-09-10T09:09:25Z,-40.23,0.0,176.28,0.0,54.0,1.0,ML,,,,3.4,0.3,38
3576738,2011-09-10T09:17:29Z,-39.2,0.0,177.15,0.0,30.0,1.0,ML,,,,2.4,0.1,8
3576740,2011-09-10T09:24:01Z,-39.96,0.0,176.73,0.0,41.0,2.0,ML,,,,3.1,0.2,23
3576741,2011-09-10T09:26:37Z,-40.45,0.0,176.32,0.0,27.0,1.0,ML,,,,2.5,0.1,7
3576745,2011-09-10T09:37:48Z,-38.31,0.0,176.21,0.0,6.0,1.0,ML,,,,1.6,0.3,5
3576748,2011-09-10T09:44:48Z,-40.44,0.0,176.31,0.0,26.0,1.0,ML,,,,2.5,0.1,11
3576756,2011-09-10T10:06:30Z,-38.31,0.0,176.2,0.0,6.0,1.0,ML,,,,1.6,0.2,4
3576759,2011-09-10T10:19:04Z,-38.31,0.0,176.22,0.0,4.0,1.0,ML,,,,1.7,0.1,4
3576765,2011-09-10T10:35:57Z,-37.82,0.0,177.57,0.0,39.0,2.0,ML,,,,1.9,0.2,4
3576768,2011-09-10T10:43:37Z,-39.84,0.0,173.82,0.0,189.0,7.0,ML,,,,2.9,0.2,4
3576791,2011-09-10T11:51:30Z,-36.23,0.1,177.81,0.1,209.0,8.0,ML,,,,3.4,0.3,8
3576793,2011-09-10T11:57:27Z,-38.31,0.0,176.22,0.0,6.0,2.0,ML,,,,2.1,0.2,9
3576813,2011-09-10T13:00:10Z,-39.24,0.0,173.87,0.0,19.0,1.0,ML,,,,2.6,0.3,12
3576823,2011-09-10T13:24:33Z,-43.56,0.0,172.66,0.0,5.0,0.0,ML,,,,2.4,0.3,4
3576831,2011-09-10T13:42:55Z,-45.96,0.0,166.97,0.0,91.0,3.0,ML,,,,2.8,0.2,6
3662014,2011-09-10T13:43:31Z,-40.42,0.0,174.17,0.0,80.0,4.0,ML,,,,1.9,0.1,2
3576835,2011-09-10T13:50:28Z,-39.28,0.0,175.5,0.0,5.0,1.0,ML,,,,1.7,0.1,9
3576842,2011-09-10T14:12:04Z,-43.62,0.0,172.5,0.0,12.0,1.0,ML,,,,2.8,0.3,6
3576852,2011-09-10T14:41:34Z,-41.53,0.0,172.4,0.0,5.0,0.0,ML,,,,2.2,0.3,4
3576862,2011-09-10T15:12:14Z,-39.69,0.0,176.8,0.0,34.0,2.0,ML,,,,2.2,0.2,6
3576864,2011-09-10T15:17:09Z,-39.86,0.0,174.45,0.0,114.0,2.0,ML,,,,2.8,0.3,17
3576868,2011-09-10T15:31:21Z,-38.21,0.0,178.15,0.0,19.0,3.0,ML,,,,1.9,0.2,6
3576870,2011-09-10T15:33:34Z,-38.2,0.0,178.15,0.0,18.0,2.0,ML,,,,2.0,0.1,5
3576906,2011-09-10T17:15:30Z,-39.27,0.0,175.04,0.0,30.0,1.0,ML,,,,2.0,0.2,6
3576914,2011-09-10T17:34:29Z,-38.24,0.0,176.02,0.0,180.0,3.0,ML,,,,4.1,0.2,53
3576917,2011-09-10T17:42:42Z,-38.16,0.0,175.93,0.0,164.0,7.0,ML,,,,3.3,0.3,6
3576932,2011-09-10T18:13:49Z,-43.49,0.0,172.13,0.0,9.0,1.0,ML,,,,3.2,0.3,10
3576951,2011-09-10T19:04:29Z,-43.65,0.0,172.81,0.0,8.0,1.0,ML,,,,3.6,0.2,13
3576990,2011-09-10T20:55:09Z,-39.88,0.0,176.65,0.0,46.0,3.0,ML,,,,2.2,0.1,2
3577010,2011-09-10T21:53:11Z,-45.1,0.0,167.51,0.1,131.0,6.0,ML,,,,3.3,0.2,6
3577019,2011-09-10T22:19:28Z,-40.87,0.0,174.53,0.0,53.0,1.0,ML,,,,2.7,0.1,7
3577037,2011-09-10T23:14:16Z,-39.75,0.0,176.89,0.0,45.0,1.0,ML,,,,2.4,0.1,5
3577039,2011-09-10T23:19:09Z,-43.6,0.0,172.76,0.0,10.0,0.0,Mw,4.3,nan,0,4.6,0.3,58
3577063,2011-09-11T00:16:59Z,-44.91,0.0,167.61,0.0,56.0,2.0,ML,,,,2.9,0.2,5
3577064,2011-09-11T00:19:29Z,-38.47,0.1,175.34,0.1,210.0,8.0,ML,,,,3.5,0.3,20
3577083,2011-09-11T01:05:05Z,-43.59,0.0,172.74,0.0,9.0,0.0,ML,,,,3.3,0.3,10
3577088,2011-09-11T01:16:06Z,-43.58,0.0,172.74,0.0,5.0,0.0,ML,,,,2.6,0.2,4
3577110,2011-09-11T02:01:09Z,-38.21,0.0,178.16,0.0,12.0,0.0,ML,,,,2.1,0.1,5
3577159,2011-09-11T04:06:27Z,-43.61,0.0,172.46,0.0,5.0,0.0,ML,,,,3.2,0.2,10
3577171,2011-09-11T04:40:39Z,-41.99,0.0,173.13,0.0,12.0,0.0,ML,,,,2.5,0.2,5
3577179,2011-09-11T05:06:35Z,-37.63,0.0,177.26,0.1,33.0,0.0,ML,,,,2.6,0.1,4
3577180,2011-09-11T05:09:09Z,-42.53,0.0,173.09,0.0,60.0,6.0,ML,,,,2.5,nan,1
3577181,2011-09-11T05:10:36Z,-43.47,0.0,171.48,0.0,5.0,0.0,ML,,,,2.7,0.3,8
3577204,2011-09-11T06:07:34Z,-45.28,0.0,167.24,0.0,12.0,0.0,ML,,,,2.7,0.1,9
3577206,2011-09-11T06:12:20Z,-38.59,0.0,176.0,0.0,5.0,0.0,ML,,,,1.8,0.1,2
3577209,2011-09-11T06:20:50Z,-38.59,0.0,176.0,0.0,5.0,0.0,ML,,,,1.8,0.1,4
3577217,2011-09-11T06:38:46Z,-38.59,0.0,175.99,0.0,5.0,0.0,ML,,,,2.1,0.1,8
3577224,2011-09-11T06:50:51Z,-38.58,0.0,176.0,0.0,5.0,1.0,ML,,,,1.7,0.2,2
3577230,2011-09-11T07:12:37Z,-44.53,0.0,168.19,0.0,5.0,0.0,ML,,,,2.4,0.3,7
3577261,2011-09-11T08:25:18Z,-43.52,0.0,168.48,0.1,12.0,0.0,ML,,,,2.9,0.4,8
3577273,2011-09-11T08:53:27Z,-40.24,0.0,175.28,0.0,29.0,2.0,ML,,,,1.8,0.3,4
3577545,2011-09-11T09:39:46Z,-38.64,0.0,175.98,0.0,5.0,0.0,ML,,,,1.5,0.3,3
3577292,2011-09-11T09:39:47Z,-39.36,0.0,174.97,0.0,23.0,1.0,ML,,,,2.8,0.3,23
3577305,2011-09-11T10:14:15Z,-45.41,0.0,166.65,0.0,5.0,0.0,ML,,,,3.8,0.2,16
3577308,2011-09-11T10:23:15Z,-37.81,0.0,177.93,0.0,77.0,5.0,ML,,,,2.4,0.1,5
3577548,2011-09-11T10:49:35Z,-37.8,0.0,175.97,0.0,193.0,5.0,ML,,,,3.3,0.3,5
3577320,2011-09-11T10:50:55Z,-44.64,0.0,170.15,0.0,5.0,0.0,ML,,,,2.1,0.4,4
3577322,2011-09-11T10:55:47Z,-45.38,0.0,166.89,0.1,44.0,3.0,ML,,,,2.1,0.1,5
3577340,2011-09-11T11:40:03Z,-38.87,0.0,175.15,0.0,238.0,4.0,ML,,,,3.6,0.1,9
3577372,2011-09-11T12:56:08Z,-37.02,0.0,179.41,0.0,33.0,0.0,ML,,,,3.0,0.3,2
3577382,2011-09-11T13:26:44Z,-46.14,0.1,165.66,0.1,33.0,0.0,ML,,,,2.8,0.1,5
3577383,2011-09-11T13:30:16Z,-39.24,0.0,177.4,0.0,29.0,1.0,ML,,,,2.6,0.1,9
3577398,2011-09-11T14:01:01Z,-36.18,0.1,178.37,0.0,188.0,7.0,ML,,,,3.1,0.2,5
3577409,2011-09-11T14:30:45Z,-43.54,0.0,172.87,0.0,5.0,0.0,ML,,,,2.8,0.4,7
3577411,2011-09-11T14:38:27Z,-40.03,0.0,175.35,0.0,53.0,3.0,ML,,,,2.2,0.2,4
3577416,2011-09-11T14:50:57Z,-40.03,0.0,174.91,0.0,29.0,2.0,ML,,,,2.4,0.3,8
3577436,2011-09-11T15:49:51Z,-41.67,0.0,174.22,0.0,5.0,0.0,ML,,,,2.2,0.4,6
3577439,2011-09-11T15:58:12Z,-39.18,0.0,176.8,0.0,32.0,1.0,ML,,,,2.1,0.1,7
3577556,2011-09-11T15:58:31Z,-38.73,0.1,175.19,0.1,262.0,7.0,ML,,,,3.1,0.3,4
3577451,2011-09-11T16:27:12Z,-45.3,0.0,166.6,0.0,12.0,0.0,Mw,4.0,nan,0,4.3,0.2,19
3577454,2011-09-11T16:33:16Z,-45.32,0.0,166.64,0.0,5.0,0.0,ML,,,,3.3,0.3,5
3662621,2011-09-11T16:34:59Z,-45.32,0.0,166.66,0.0,21.0,1.0,ML,,,,2.7,0.3,7
3577456,2011-09-11T16:37:04Z,-45.31,0.0,166.63,0.0,5.0,0.0,ML,,,,3.1,0.1,5
3577457,2011-09-11T16:41:45Z,-45.31,0.0,166.63,0.0,12.0,0.0,ML,,,,3.3,0.1,10
3577462,2011-09-11T16:56:52Z,-45.01,0.0,167.49,0.0,61.0,1.0,ML,,,,3.1,0.1,9
3577477,2011-09-11T17:30:35Z,-41.8,0.0,174.6,0.0,32.0,1.0,ML,,,,3.5,0.3,32
3577505,2011-09-11T18:29:49Z,-45.81,0.0,166.59,0.0,5.0,0.0,ML,,,,2.3,0.1,4
3577521,2011-09-11T19:06:55Z,-43.61,0.0,172.72,0.0,8.0,1.0,ML,,,,2.9,0.4,6
3577542,2011-09-11T20:02:06Z,-45.34,0.0,166.66,0.0,5.0,0.0,ML,,,,2.9,0.2,5
3577543,2011-09-11T20:04:33Z,-36.24,0.1,177.7,0.1,178.0,8.0,ML,,,,4.1,0.2,22
3577564,2011-09-11T20:43:55Z,-38.63,0.0,175.77,0.0,142.0,3.0,ML,,,,3.4,0.2,27
3577574,2011-09-11T21:09:30Z,-44.96,0.0,167.75,0.0,79.0,2.0,ML,,,,2.6,0.2,7
3577584,2011-09-11T21:34:44Z,-42.73,0.0,171.76,0.0,5.0,0.0,ML,,,,2.5,0.2,5
3577586,2011-09-11T21:37:06Z,-45.3,0.0,166.64,0.0,12.0,0.0,ML,,,,3.6,0.2,14
3663066,2011-09-11T21:37:19Z,-42.71,0.0,171.77,0.0,5.0,0.0,ML,,,,2.7,0.2,7
3577592,2011-09-11T21:53:40Z,-43.59,0.0,172.74,0.0,5.0,0.0,ML,,,,2.8,0.3,6
3577607,2011-09-11T22:30:09Z,-39.77,0.0,176.89,0.0,47.0,1.0,ML,,,,2.6,0.1,9
3577611,2011-09-11T22:37:05Z,-40.56,0.0,173.24,0.0,186.0,4.0,ML,,,,3.5,0.2,10
3663085,2011-09-11T22:37:59Z,-38.55,0.0,176.36,0.1,252.0,4.0,ML,,,,3.4,0.3,5
3577615,2011-09-11T22:52:03Z,-41.92,0.0,171.77,0.0,5.0,0.0,ML,,,,2.5,0.2,3
3577620,2011-09-11T22:59:11Z,-40.51,0.0,176.34,0.0,26.0,2.0,ML,,,,2.4,0.2,7
3577641,2011-09-11T23:43:04Z,-45.11,0.0,167.41,0.0,115.0,4.0,ML,,,,3.0,0.2,7
3577642,2011-09-11T23:45:40Z,-43.56,0.0,172.3,0.0,5.0,0.0,ML,,,,2.4,0.1,5
3577653,2011-09-12T00:10:44Z,-44.63,0.0,168.32,0.0,79.0,5.0,ML,,,,2.7,0.3,6
3577655,2011-09-12T00:17:26Z,-45.36,0.0,167.2,0.0,69.0,2.0,ML,,,,2.7,0.2,6
3577686,2011-09-12T01:23:25Z,-40.85,0.0,175.49,0.0,25.0,1.0,ML,,,,2.2,0.1,4
3577706,2011-09-12T02:02:57Z,-40.08,0.0,174.76,0.0,83.0,2.0,ML,,,,3.2,0.2,16
3577711,2011-09-12T02:14:37Z,-37.99,0.0,179.11,0.0,33.0,0.0,ML,,,,2.7,0.1,3
3577726,2011-09-12T02:44:42Z,-38.25,0.0,178.15,0.0,26.0,2.0,ML,,,,2.8,0.2,9
3577740,2011-09-12T03:17:08Z,-41.08,0.0,175.08,0.0,27.0,1.0,ML,,,,2.2,0.1,5
3577753,2011-09-12T03:51:10Z,-40.82,0.0,175.62,0.0,14.0,1.0,ML,,,,2.0,0.1,5
3577789,2011-09-12T05:10:29Z,-38.17,0.0,176.24,0.0,5.0,0.0,ML,,,,2.0,0.2,4
3577792,2011-09-12T05:19:45Z,-43.59,0.0,172.24,0.0,5.0,0.0,ML,,,,2.6,0.3,7
3577796,2011-09-12T05:31:08Z,-43.61,0.0,172.22,0.0,5.0,0.0,ML,,,,2.2,0.1,3
3577798,2011-09-12T05:36:04Z,-43.57,0.0,172.89,0.0,11.0,2.0,ML,,,,2.9,0.5,6
3577812,2011-09-12T06:09:25Z,-37.94,0.0,177.46,0.0,51.0,2.0,ML,,,,2.7,0.2,3
3577817,2011-09-12T06:22:35Z,-39.3,0.0,177.26,0.0,30.0,2.0,ML,,,,2.3,0.1,4
3577835,2011-09-12T07:05:53Z,-40.5,0.0,173.91,0.0,81.0,4.0,ML,,,,2.6,0.1,3
3577840,2011-09-12T07:20:31Z,-40.0,0.0,175.97,0.0,36.0,2.0,ML,,,,2.3,0.2,4
3577845,2011-09-12T07:29:46Z,-39.51,0.0,177.05,0.0,26.0,1.0,ML,,,,3.4,0.2,35
3577846,2011-09-12T07:33:46Z,-39.5,0.0,177.03,0.0,32.0,2.0,ML,,,,2.5,0.1,8
3577850,2011-09-12T07:42:31Z,-41.71,0.0,173.79,0.0,43.0,2.0,ML,,,,2.5,0.2,8
3577874,2011-09-12T08:29:35Z,-43.57,0.0,172.66,0.0,5.0,0.0,ML,,,,2.7,0.2,6
3577904,2011-09-12T09:36:00Z,-46.01,0.0,167.34,0.0,12.0,0.0,ML,,,,3.2,0.2,8
3577908,2011-09-12T09:43:25Z,-39.73,0.0,174.5,0.0,116.0,6.0,ML,,,,2.7,0.2,5
3577925,2011-09-12T10:22:40Z,-40.45,0.0,174.12,0.0,76.0,3.0,ML,,,,3.0,0.1,7
3577932,2011-09-12T10:39:05Z,-45.89,0.0,166.92,0.0,78.0,3.0,ML,,,,3.0,0.2,7
3577956,2011-09-12T11:45:53Z,-38.32,0.0,176.19,0.0,5.0,0.0,ML,,,,1.6,0.2,5
3577972,2011-09-12T12:24:20Z,-37.76,0.0,177.53,0.0,40.0,3.0,ML,,,,2.6,0.1,5
3577975,2011-09-12T12:32:31Z,-43.67,0.0,172.86,0.0,5.0,0.0,ML,,,,2.7,0.4,5
3578006,2011-09-12T13:46:10Z,-43.63,0.0,172.94,0.0,12.0,0.0,ML,,,,3.1,0.4,7
3578017,2011-09-12T14:12:37Z,-38.36,0.0,176.21,0.0,134.0,4.0,ML,,,,3.2,0.3,19
3578020,2011-09-12T14:22:31Z,-39.34,0.0,175.03,0.0,30.0,1.0,ML,,,,2.2,0.1,7
3578044,2011-09-12T15:18:11Z,-43.6,0.0,172.35,0.0,11.0,1.0,ML,,,,2.7,0.2,6
3578046,2011-09-12T15:22:11Z,-37.57,0.0,176.67,0.0,163.0,3.0,ML,,,,3.3,0.3,15
3578048,2011-09-12T15:26:57Z,-43.56,0.0,172.04,0.0,5.0,0.0,ML,,,,2.4,0.4,6
3578056,2011-09-12T15:46:38Z,-40.73,0.0,174.99,0.0,19.0,2.0,ML,,,,2.3,0.1,5
3578069,2011-09-12T16:20:46Z,-38.11,0.0,176.69,0.0,7.0,2.0,ML,,,,2.0,0.2,7
3578071,2011-09-12T16:22:05Z,-40.52,0.0,176.76,0.0,14.0,3.0,ML,,,,2.3,0.2,6
3578086,2011-09-12T16:57:54Z,-40.08,0.0,176.69,0.0,44.0,1.0,ML,,,,2.5,0.2,9
3578108,2011-09-12T17:53:53Z,-37.84,0.0,176.62,0.0,4.0,1.0,ML,,,,2.0,0.1,5
3578130,2011-09-12T18:52:12Z,-43.22,0.0,172.04,0.0,5.0,0.0,ML,,,,2.2,0.3,3
3578139,2011-09-12T19:24:15Z,-36.67,0.0,177.28,0.1,33.0,0.0,ML,,,,3.3,0.2,5
3578149,2011-09-12T19:54:02Z,-39.49,0.0,175.72,0.0,13.0,1.0,ML,,,,1.9,0.1,7
3578175,2011-09-12T21:01:35Z,-40.44,0.0,173.46,0.0,170.0,3.0,ML,,,,3.2,0.3,6
3578190,2011-09-12T21:45:33Z,-38.8,0.0,175.28,0.1,144.0,4.0,ML,,,,3.1,0.3,14
3578197,2011-09-12T22:10:28Z,-38.94,0.0,177.34,0.0,32.0,1.0,ML,,,,3.1,0.2,25
3578208,2011-09-12T22:33:53Z,-37.51,0.0,179.26,0.0,33.0,0.0,ML,,,,2.9,0.2,3
3578211,2011-09-12T22:42:42Z,-40.0,0.0,174.49,0.0,12.0,0.0,ML,,,,2.6,0.2,9
3578231,2011-09-12T23:19:58Z,-39.76,0.0,175.08,0.0,70.0,3.0,ML,,,,2.5,0.2,7
3578240,2011-09-12T23:44:12Z,-43.53,0.0,172.69,0.0,18.0,5.0,ML,,,,2.4,0.1,3
3578307,2011-09-13T02:10:42Z,-37.85,0.0,176.62,0.0,4.0,1.0,ML,,,,2.2,0.1,4
3578316,2011-09-13T02:29:04Z,-44.87,0.0,167.36,0.0,26.0,2.0,ML,,,,2.4,0.2,5
3578330,2011-09-13T03:01:28Z,-38.29,0.0,176.38,0.0,104.0,3.0,ML,,,,3.4,0.2,29
3578348,2011-09-13T03:28:12Z,-45.94,0.0,167.04,0.0,5.0,0.0,ML,,,,2.7,0.1,4
3578351,2011-09-13T03:35:53Z,-35.91,0.1,178.39,0.1,33.0,0.0,ML,,,,4.1,0.1,28
3578362,2011-09-13T03:58:45Z,-39.69,0.0,173.96,0.0,238.0,4.0,ML,,,,3.4,0.1,6
3578367,2011-09-13T04:07:33Z,-44.62,0.0,169.47,0.0,5.0,0.0,ML,,,,2.3,0.4,6
3578395,2011-09-13T05:20:27Z,-43.65,0.0,172.46,0.0,5.0,0.0,ML,,,,3.2,0.2,9
3578405,2011-09-13T05:47:38Z,-39.55,0.0,176.43,0.0,55.0,3.0,ML,,,,2.6,0.1,7
3578412,2011-09-13T06:11:41Z,-45.47,0.0,167.31,0.0,5.0,0.0,ML,,,,2.7,0.2,10
3578419,2011-09-13T06:24:02Z,-39.47,0.0,175.74,0.0,16.0,1.0,ML,,,,2.0,0.3,4
3578421,2011-09-13T06:25:42Z,-44.15,0.0,168.56,0.0,5.0,0.0,ML,,,,2.3,0.3,7
3578444,2011-09-13T07:33:50Z,-45.45,0.0,166.91,0.0,23.0,3.0,ML,,,,2.9,0.3,5
3578475,2011-09-13T08:53:32Z,-41.08,0.0,175.08,0.0,28.0,1.0,ML,,,,2.4,0.1,12
3578489,2011-09-13T09:28:24Z,-39.14,0.0,177.54,0.0,28.0,2.0,ML,,,,2.2,0.1,4
3578549,2011-09-13T11:59:04Z,-37.85,0.0,176.63,0.0,5.0,0.0,ML,,,,2.8,0.2,14
3578551,2011-09-13T12:03:58Z,-41.75,0.0,173.69,0.0,42.0,3.0,ML,,,,2.6,0.2,8
3578554,2011-09-13T12:11:33Z,-37.83,0.0,176.64,0.0,5.0,0.0,ML,,,,2.5,0.2,7
3578568,2011-09-13T12:41:47Z,-37.83,0.0,176.63,0.0,5.0,0.0,ML,,,,2.3,0.2,5
3578589,2011-09-13T13:28:53Z,-41.08,0.0,175.09,0.0,27.0,1.0,ML,,,,2.5,0.1,14
3578623,2011-09-13T14:36:27Z,-40.86,0.0,174.53,0.0,53.0,1.0,ML,,,,2.5,0.2,6
3578630,2011-09-13T14:45:52Z,-43.58,0.0,172.4,0.0,5.0,0.0,ML,,,,2.5,0.2,4
3578653,2011-09-13T15:39:24Z,-43.61,0.0,172.27,0.0,7.0,1.0,ML,,,,2.5,0.3,6
3578657,2011-09-13T15:49:05Z,-40.25,0.0,174.12,0.0,94.0,4.0,ML,,,,2.6,0.3,6
3578666,2011-09-13T16:14:35Z,-37.16,0.1,177.69,0.0,99.0,5.0,ML,,,,3.2,0.1,5
3578674,2011-09-13T16:34:09Z,-39.91,0.0,173.75,0.0,177.0,3.0,ML,,,,3.3,0.0,3
3578675,2011-09-13T16:38:29Z,-37.72,0.0,177.01,0.0,5.0,0.0,ML,,,,2.1,0.2,4
3578680,2011-09-13T16:47:58Z,-41.52,0.0,171.8,0.0,12.0,0.0,ML,,,,3.1,0.2,5
3578739,2011-09-13T19:27:43Z,-43.6,0.0,172.72,0.0,8.0,1.0,ML,,,,2.7,0.3,5
3662570,2011-09-13T19:28:27Z,-43.6,0.0,172.72,0.0,8.0,1.0,ML,,,,2.7,0.3,5
3578742,2011-09-13T19:33:11Z,-40.3,0.0,175.8,0.0,26.0,1.0,ML,,,,2.1,0.1,6
3578784,2011-09-13T21:23:17Z,-39.89,0.0,176.58,0.0,28.0,1.0,ML,,,,2.3,0.1,10
3578802,2011-09-13T22:08:29Z,-38.52,0.0,176.47,0.0,67.0,2.0,ML,,,,2.9,0.1,12
3578813,2011-09-13T22:40:11Z,-44.63,0.0,168.22,0.0,90.0,3.0,ML,,,,2.9,0.2,5
3578846,2011-09-14T00:01:53Z,-42.15,0.0,173.88,0.0,12.0,0.0,ML,,,,2.7,0.3,7
3578856,2011-09-14T00:28:44Z,-38.26,0.1,176.06,0.1,169.0,5.0,ML,,,,3.1,0.2,6
3578858,2011-09-14T00:33:48Z,-40.57,0.0,174.42,0.0,79.0,3.0,ML,,,,2.8,0.1,10
3578925,2011-09-14T03:17:17Z,-37.8,0.0,176.76,0.0,5.0,0.0,ML,,,,2.3,0.1,7
3578990,2011-09-14T05:30:34Z,-38.37,0.0,177.77,0.0,23.0,2.0,ML,,,,2.1,0.2,8
3662645,2011-09-14T05:31:03Z,-41.64,0.0,172.1,0.0,5.0,0.0,ML,,,,2.4,0.1,3
3579009,2011-09-14T06:14:04Z,-39.73,0.0,176.97,0.0,46.0,2.0,ML,,,,3.6,0.2,46
3579010,2011-09-14T06:17:33Z,-45.34,0.0,166.66,0.0,12.0,0.0,ML,,,,2.6,0.1,7
3579011,2011-09-14T06:21:38Z,-38.25,0.0,176.0,0.1,150.0,4.0,ML,,,,3.2,0.1,7
3579024,2011-09-14T06:56:07Z,-37.76,0.0,176.74,0.0,5.0,0.0,ML,,,,3.1,0.2,22
3663133,2011-09-14T07:16:54Z,-40.11,0.0,176.35,0.0,22.0,1.0,ML,,,,1.9,0.1,2
3579032,2011-09-14T07:17:35Z,-39.53,0.0,173.62,0.0,12.0,0.0,ML,,,,3.0,0.3,6
3579036,2011-09-14T07:25:11Z,-45.29,0.0,166.58,0.0,5.0,0.0,ML,,,,3.2,0.1,6
3579037,2011-09-14T07:28:56Z,-46.78,0.0,165.84,0.1,12.0,0.0,ML,,,,2.8,0.1,7
3579065,2011-09-14T08:31:28Z,-37.79,0.0,176.75,0.0,5.0,0.0,ML,,,,2.3,0.1,7
3579070,2011-09-14T08:41:55Z,-40.88,0.0,175.49,0.0,24.0,1.0,ML,,,,2.2,0.1,7
3579074,2011-09-14T08:50:18Z,-37.09,0.1,177.23,0.1,188.0,9.0,ML,,,,2.9,0.3,7
3579080,2011-09-14T09:07:03Z,-38.53,0.0,175.87,0.0,124.0,5.0,ML,,,,3.3,0.2,8
3579094,2011-09-14T09:40:04Z,-38.33,0.0,178.5,0.0,28.0,2.0,ML,,,,3.1,0.2,14
3579115,2011-09-14T10:39:27Z,-37.69,0.0,179.92,0.0,33.0,0.0,ML,,,,2.8,0.1,8
3579125,2011-09-14T11:04:56Z,-43.58,0.0,172.71,0.0,10.0,1.0,ML,,,,2.8,0.1,4
3579141,2011-09-14T11:44:38Z,-43.57,0.0,172.39,0.0,7.0,1.0,ML,,,,3.2,0.1,9
3579158,2011-09-14T12:29:31Z,-38.65,0.0,177.42,0.0,29.0,1.0,ML,,,,2.9,0.1,18
3579180,2011-09-14T13:27:42Z,-45.35,0.0,166.66,0.0,12.0,0.0,ML,,,,2.7,0.2,11
3579182,2011-09-14T13:35:15Z,-40.37,0.0,175.89,0.0,28.0,1.0,ML,,,,2.1,0.1,5
3579222,2011-09-14T15:00:04Z,-43.51,0.0,172.74,0.0,7.0,1.0,ML,,,,2.6,0.2,4
3663225,2011-09-14T15:02:26Z,-37.83,0.0,176.63,0.0,5.0,1.0,ML,,,,2.1,0.0,3
3579237,2011-09-14T15:39:33Z,-41.2,0.0,173.98,0.0,47.0,2.0,ML,,,,2.4,0.2,5
3579270,2011-09-14T17:00:23Z,-45.16,0.0,167.54,0.0,118.0,2.0,ML,,,,2.6,0.2,5
3579289,2011-09-14T17:53:07Z,-39.02,0.1,174.77,0.1,218.0,8.0,ML,,,,3.1,0.2,7
3579302,2011-09-14T18:28:15Z,-37.17,0.0,179.65,0.0,33.0,0.0,ML,,,,3.1,0.1,7
3579315,2011-09-14T18:59:15Z,-38.72,0.0,178.07,0.0,32.0,1.0,ML,,,,2.3,0.1,5
3579339,2011-09-14T19:58:40Z,-39.92,0.0,176.7,0.0,38.0,2.0,ML,,,,2.4,0.2,10
3579348,2011-09-14T20:17:25Z,-38.33,0.0,177.17,0.0,42.0,3.0,ML,,,,2.9,0.1,9
3579360,2011-09-14T20:47:05Z,-37.35,0.0,179.98,0.0,33.0,0.0,ML,,,,3.8,0.1,10
3579385,2011-09-14T21:37:04Z,-35.52,0.1,177.89,0.1,252.0,8.0,ML,,,,3.8,0.2,11
3579424,2011-09-14T22:59:03Z,-40.05,0.0,174.91,0.0,43.0,3.0,ML,,,,2.6,0.1,9
3579429,2011-09-14T23:07:31Z,-41.22,0.0,172.82,0.0,138.0,3.0,ML,,,,3.2,0.3,8
3579434,2011-09-14T23:20:44Z,-41.74,0.0,172.31,0.0,96.0,2.0,ML,,,,2.8,nan,1
3579444,2011-09-14T23:42:03Z,-46.43,0.0,166.18,0.1,20.0,0.0,ML,,,,3.3,0.1,9
3579450,2011-09-14T23:53:11Z,-41.34,0.0,173.44,0.0,70.0,2.0,ML,,,,2.8,0.2,5
3579485,2011-09-15T01:12:32Z,-36.61,0.1,177.21,0.0,143.0,7.0,ML,,,,3.7,0.2,10
3579519,2011-09-15T02:09:17Z,-45.42,0.0,166.69,0.0,12.0,0.0,ML,,,,2.6,0.2,7
3579531,2011-09-15T02:33:41Z,-42.25,0.0,173.99,0.0,22.0,1.0,ML,,,,3.2,0.2,14
3579534,2011-09-15T02:40:06Z,-36.49,0.1,177.84,0.1,123.0,7.0,ML,,,,3.6,0.2,9
3579536,2011-09-15T02:45:39Z,-42.25,0.0,174.01,0.1,22.0,3.0,ML,,,,2.7,0.3,6
3579543,2011-09-15T03:00:43Z,-42.24,0.0,173.96,0.0,23.0,2.0,ML,,,,2.5,0.3,7
3579560,2011-09-15T03:38:21Z,-41.58,0.0,172.14,0.0,5.0,0.0,ML,,,,2.1,0.1,3
3579576,2011-09-15T04:16:08Z,-44.52,0.0,168.36,0.0,5.0,0.0,ML,,,,2.6,0.3,7
3579595,2011-09-15T05:02:58Z,-38.18,0.0,178.39,0.0,32.0,1.0,ML,,,,3.2,0.2,12
3665327,2011-09-15T05:04:38Z,-42.21,0.0,173.92,0.0,20.0,2.0,ML,,,,2.9,0.3,5
3579601,2011-09-15T05:15:46Z,-41.86,0.0,173.96,0.0,14.0,1.0,ML,,,,3.2,0.2,21
3579618,2011-09-15T06:00:29Z,-43.43,0.0,172.54,0.0,5.0,0.0,ML,,,,2.9,0.3,6
3579638,2011-09-15T06:51:50Z,-43.45,0.0,172.51,0.0,10.0,1.0,ML,,,,2.8,0.3,5
3579641,2011-09-15T06:57:46Z,-43.45,0.0,172.51,0.0,10.0,1.0,ML,,,,2.8,0.3,6
3579654,2011-09-15T07:25:50Z,-43.59,0.0,172.77,0.0,5.0,1.0,ML,,,,2.9,0.4,6
3665338,2011-09-15T07:27:33Z,-36.72,0.0,177.91,0.0,12.0,0.0,ML,,,,2.8,0.2,3
3579668,2011-09-15T07:53:20Z,-35.42,0.0,-178.45,0.0,56.0,0.0,Mw,6.1,nan,0,6.2,0.2,55
3579753,2011-09-15T11:04:51Z,-45.39,0.0,166.82,0.1,12.0,0.0,ML,,,,2.2,0.2,3
3579758,2011-09-15T11:12:06Z,-37.48,0.0,176.51,0.0,187.0,2.0,ML,,,,4.0,0.2,50
3579759,2011-09-15T11:17:21Z,-44.51,0.0,167.93,0.0,5.0,0.0,ML,,,,2.6,0.1,3
3579763,2011-09-15T11:26:02Z,-41.72,0.0,172.21,0.0,98.0,3.0,ML,,,,2.7,0.2,3
3579768,2011-09-15T11:44:43Z,-41.88,0.0,173.98,0.0,12.0,0.0,ML,,,,2.5,0.2,13
3579785,2011-09-15T12:23:35Z,-41.87,0.0,173.99,0.0,10.0,2.0,ML,,,,2.7,0.2,9
3579791,2011-09-15T12:35:26Z,-37.85,0.0,176.62,0.0,5.0,1.0,ML,,,,2.2,0.2,7
3579794,2011-09-15T12:42:36Z,-41.86,0.0,173.95,0.0,11.0,1.0,ML,,,,2.1,0.2,7
3579796,2011-09-15T12:47:56Z,-37.68,0.0,176.55,0.0,144.0,3.0,ML,,,,3.2,0.2,11
3579800,2011-09-15T12:52:49Z,-36.05,0.1,178.12,0.1,199.0,6.0,ML,,,,4.1,0.1,29
3669155,2011-09-15T13:26:27Z,-41.73,0.0,175.59,0.0,33.0,0.0,ML,,,,2.2,0.1,4
3579815,2011-09-15T13:28:02Z,-38.04,0.0,176.72,0.0,5.0,0.0,ML,,,,1.4,0.0,1
3579876,2011-09-15T15:56:07Z,-45.84,0.0,166.53,0.1,5.0,0.0,ML,,,,2.7,0.2,7
3579884,2011-09-15T16:20:58Z,-41.27,0.0,172.81,0.0,144.0,2.0,ML,,,,3.1,0.1,5
3579886,2011-09-15T16:24:43Z,-39.29,0.0,175.11,0.0,27.0,1.0,ML,,,,3.1,0.2,33
3670136,2011-09-15T16:31:16Z,-39.36,0.0,177.58,0.0,33.0,0.0,ML,,,,2.3,0.1,6
3579895,2011-09-15T16:45:47Z,-36.99,0.0,177.22,0.0,141.0,4.0,ML,,,,3.5,0.2,10
3579945,2011-09-15T18:35:57Z,-37.36,0.0,177.72,0.0,84.0,2.0,ML,,,,3.0,0.1,6
3579947,2011-09-15T18:40:19Z,-45.43,0.0,167.11,0.0,69.0,1.0,ML,,,,2.4,0.1,5
3579956,2011-09-15T19:01:44Z,-43.65,0.0,172.36,0.0,9.0,1.0,ML,,,,2.9,0.2,7
3580046,2011-09-15T22:15:45Z,-38.13,0.0,177.97,0.0,31.0,1.0,ML,,,,2.9,0.1,11
3580052,2011-09-15T22:30:12Z,-40.68,0.0,176.48,0.0,17.0,3.0,ML,,,,2.3,0.1,5
3580054,2011-09-15T22:37:43Z,-37.72,0.0,176.21,0.0,174.0,3.0,ML,,,,4.0,0.2,43
3580079,2011-09-15T23:34:41Z,-37.83,0.0,176.64,0.0,5.0,0.0,ML,,,,2.2,0.2,4
3580121,2011-09-16T01:05:51Z,-41.23,0.0,172.79,0.0,148.0,2.0,ML,,,,2.8,0.1,2
3580125,2011-09-16T01:20:17Z,-41.4,0.0,175.44,0.0,15.0,1.0,ML,,,,2.0,0.1,5
3580134,2011-09-16T01:37:53Z,-41.39,0.0,175.45,0.0,15.0,1.0,ML,,,,2.3,0.2,11
3580135,2011-09-16T01:42:11Z,-43.48,0.0,171.02,0.0,5.0,0.0,ML,,,,2.4,0.4,6
3580138,2011-09-16T01:48:35Z,-41.4,0.0,175.45,0.0,16.0,1.0,ML,,,,2.4,0.2,12
3580157,2011-09-16T02:26:21Z,-41.4,0.0,175.45,0.0,16.0,1.0,ML,,,,2.1,0.2,4
3580179,2011-09-16T03:21:23Z,-37.5,0.0,177.35,0.0,3.0,0.0,ML,,,,2.5,0.2,4
3580182,2011-09-16T03:27:04Z,-41.39,0.0,175.45,0.0,16.0,1.0,ML,,,,2.1,0.2,4
3662599,2011-09-16T03:28:56Z,-46.99,0.0,166.3,0.1,33.0,0.0,ML,,,,3.5,0.2,7
3580194,2011-09-16T03:55:34Z,-41.39,0.0,175.45,0.0,16.0,1.0,ML,,,,2.2,0.2,5
3580203,2011-09-16T04:19:49Z,-44.66,0.0,168.12,0.0,84.0,4.0,ML,,,,2.5,0.3,5
3580213,2011-09-16T04:43:45Z,-39.29,0.0,174.85,0.0,12.0,0.0,ML,,,,2.3,0.4,5
3580231,2011-09-16T05:27:55Z,-41.14,0.0,174.69,0.0,53.0,1.0,ML,,,,4.2,0.2,44
3580237,2011-09-16T05:42:29Z,-38.56,0.0,175.73,0.0,165.0,4.0,ML,,,,3.4,0.2,16
3663594,2011-09-16T05:43:18Z,-40.89,0.0,176.06,0.0,29.0,1.0,ML,,,,2.5,0.1,5
3580250,2011-09-16T06:17:48Z,-38.13,0.0,176.27,0.0,5.0,0.0,ML,,,,1.8,0.1,7
3580265,2011-09-16T06:51:06Z,-37.86,0.0,177.16,0.0,58.0,3.0,ML,,,,2.7,0.1,5
3663608,2011-09-16T06:51:57Z,-44.25,0.0,167.78,0.1,2.0,0.0,ML,,,,2.5,0.2,6
3580268,2011-09-16T06:56:12Z,-38.68,0.0,177.87,0.0,29.0,2.0,ML,,,,2.2,0.1,7
3580276,2011-09-16T07:14:40Z,-41.39,0.0,175.45,0.0,16.0,1.0,ML,,,,2.1,0.2,5
3580277,2011-09-16T07:16:07Z,-38.56,0.0,175.59,0.1,156.0,6.0,ML,,,,3.4,0.2,7
3580298,2011-09-16T08:00:30Z,-38.17,0.0,175.93,0.0,168.0,4.0,ML,,,,3.8,0.3,43
3663622,2011-09-16T08:00:57Z,-44.47,0.0,168.37,0.0,2.0,0.0,ML,,,,2.5,0.1,3
3580302,2011-09-16T08:08:10Z,-44.93,0.0,167.55,0.0,76.0,2.0,ML,,,,3.1,0.2,6
3580308,2011-09-16T08:21:02Z,-43.56,0.0,172.37,0.0,5.0,0.0,ML,,,,2.4,0.3,4
3580315,2011-09-16T08:34:56Z,-43.45,0.0,172.62,0.0,18.0,3.0,ML,,,,2.6,0.2,5
3580368,2011-09-16T10:42:29Z,-44.87,0.0,167.25,0.0,12.0,0.0,ML,,,,2.3,0.3,5
3580370,2011-09-16T10:43:52Z,-39.26,0.0,177.44,0.0,33.0,0.0,ML,,,,3.1,0.2,29
3580377,2011-09-16T11:00:03Z,-44.19,0.0,168.61,0.0,2.0,0.0,ML,,,,2.5,0.3,8
3580425,2011-09-16T12:56:47Z,-45.08,0.0,167.44,0.0,82.0,2.0,ML,,,,2.8,0.2,5
3580454,2011-09-16T14:02:41Z,-45.38,0.0,167.32,0.0,5.0,0.0,ML,,,,2.2,0.1,5
3580481,2011-09-16T14:59:50Z,-38.31,0.0,176.32,0.0,5.0,0.0,ML,,,,1.7,0.1,6
3580511,2011-09-16T16:12:36Z,-43.59,0.0,171.89,0.0,5.0,0.0,ML,,,,3.8,0.3,20
3580513,2011-09-16T16:18:44Z,-43.6,0.0,171.89,0.0,5.0,0.0,ML,,,,3.3,0.1,11
3580542,2011-09-16T17:28:38Z,-44.94,0.0,167.71,0.0,79.0,2.0,ML,,,,2.4,0.3,9
3580548,2011-09-16T17:47:50Z,-41.08,0.0,173.62,0.0,75.0,3.0,ML,,,,2.6,0.1,4
3580576,2011-09-16T19:11:32Z,-38.57,0.0,177.86,0.0,20.0,2.0,ML,,,,2.4,0.1,4
3580645,2011-09-16T22:13:40Z,-39.9,0.0,175.8,0.0,55.0,8.0,ML,,,,2.6,0.1,3
3580659,2011-09-16T22:49:46Z,-43.5,0.0,172.62,0.0,12.0,0.0,ML,,,,2.7,0.3,4
3580666,2011-09-16T23:09:37Z,-38.34,0.0,177.59,0.0,60.0,2.0,ML,,,,3.3,0.2,26
3580675,2011-09-16T23:40:39Z,-41.05,0.0,175.96,0.0,26.0,2.0,ML,,,,2.2,0.2,7
3580695,2011-09-17T00:35:22Z,-42.03,0.0,176.85,0.0,12.0,0.0,ML,,,,3.4,0.4,51
3580701,2011-09-17T00:49:25Z,-39.82,0.0,176.72,0.0,49.0,2.0,ML,,,,3.0,0.2,22
3580732,2011-09-17T02:17:37Z,-39.88,0.0,176.81,0.0,37.0,2.0,ML,,,,2.4,0.1,10
3580748,2011-09-17T02:59:14Z,-39.79,0.0,176.48,0.0,18.0,1.0,ML,,,,2.9,0.1,32
3580774,2011-09-17T04:10:46Z,-38.46,0.0,175.75,0.0,142.0,3.0,ML,,,,3.5,0.2,26
3580779,2011-09-17T04:25:28Z,-39.06,0.0,176.22,0.0,73.0,2.0,ML,,,,2.7,0.1,6
3580800,2011-09-17T05:24:03Z,-40.82,0.0,176.15,0.0,28.0,2.0,ML,,,,2.2,0.2,7
3580828,2011-09-17T06:44:05Z,-40.48,0.0,174.67,0.0,33.0,0.0,ML,,,,2.4,0.3,8
3580837,2011-09-17T07:03:25Z,-40.12,0.0,176.38,0.0,31.0,1.0,ML,,,,2.1,0.1,8
3580848,2011-09-17T07:29:25Z,-43.5,0.0,172.18,0.0,5.0,0.0,ML,,,,2.2,0.1,4
3580857,2011-09-17T07:59:13Z,-43.56,0.0,172.75,0.0,10.0,0.0,ML,,,,3.3,0.3,6
3580870,2011-09-17T08:41:47Z,-45.4,0.0,166.84,0.0,50.0,3.0,ML,,,,2.3,0.2,6
3580876,2011-09-17T09:03:56Z,-39.84,0.0,176.86,0.0,39.0,2.0,ML,,,,2.3,0.2,13
3580880,2011-09-17T09:13:19Z,-39.7,0.0,174.18,0.0,203.0,5.0,ML,,,,3.0,0.3,15
3665250,2011-09-17T09:14:51Z,-39.82,0.0,176.69,0.0,40.0,2.0,ML,,,,2.3,0.2,11
3580888,2011-09-17T09:40:55Z,-40.84,0.0,175.51,0.0,25.0,1.0,ML,,,,1.9,0.2,7
3580893,2011-09-17T09:54:36Z,-45.46,0.0,167.11,0.0,61.0,2.0,ML,,,,3.2,0.2,11
3665259,2011-09-17T11:01:57Z,-46.17,0.0,166.18,0.1,33.0,0.0,ML,,,,3.0,0.2,3
3580915,2011-09-17T11:02:56Z,-39.09,0.0,177.49,0.0,33.0,1.0,ML,,,,2.4,0.2,9
3580946,2011-09-17T12:25:29Z,-40.23,0.0,174.89,0.0,22.0,3.0,ML,,,,1.9,0.1,6
3580951,2011-09-17T12:36:47Z,-39.73,0.0,174.8,0.0,32.0,1.0,ML,,,,2.4,0.3,23
3580954,2011-09-17T12:49:02Z,-44.53,0.0,168.41,0.0,5.0,0.0,ML,,,,2.4,0.2,8
3580965,2011-09-17T13:27:57Z,-37.79,0.0,179.75,0.0,12.0,0.0,ML,,,,3.1,0.2,11
3580967,2011-09-17T13:34:49Z,-37.52,0.0,176.55,0.0,5.0,0.0,ML,,,,2.2,0.2,3
3580990,2011-09-17T14:41:41Z,-39.24,0.0,173.92,0.0,24.0,2.0,ML,,,,2.1,0.1,4
3665297,2011-09-17T14:42:59Z,-44.73,0.0,168.7,0.0,5.0,0.0,ML,,,,2.5,0.3,6
3665295,2011-09-17T14:44:12Z,-40.28,0.0,174.07,0.0,12.0,0.0,ML,,,,2.1,0.2,5
3581001,2011-09-17T15:13:56Z,-44.57,0.0,167.55,0.0,5.0,0.0,ML,,,,2.9,0.1,4
3581018,2011-09-17T16:04:37Z,-37.34,0.1,-179.95,0.0,33.0,0.0,ML,,,,3.4,0.2,6
3581027,2011-09-17T16:30:37Z,-39.58,0.0,176.4,0.0,33.0,0.0,ML,,,,2.9,0.2,41
3581031,2011-09-17T16:41:31Z,-36.82,0.1,176.87,0.1,231.0,5.0,ML,,,,2.8,0.2,5
3581045,2011-09-17T17:25:26Z,-40.57,0.0,174.99,0.0,28.0,1.0,ML,,,,2.3,0.2,15
3581070,2011-09-17T18:37:57Z,-45.47,0.0,167.09,0.0,62.0,2.0,ML,,,,3.0,0.1,6
3581072,2011-09-17T18:41:58Z,-40.81,0.0,176.15,0.0,27.0,1.0,ML,,,,2.2,0.2,10
3581081,2011-09-17T19:10:02Z,-37.93,0.0,177.22,0.0,65.0,2.0,ML,,,,3.5,0.2,25
3581085,2011-09-17T19:22:05Z,-37.87,0.0,177.18,0.0,56.0,3.0,ML,,,,2.6,0.1,5
3581090,2011-09-17T19:35:15Z,-40.54,0.0,176.2,0.0,33.0,0.0,ML,,,,2.2,0.1,11
3581116,2011-09-17T20:57:06Z,-39.22,0.0,177.46,0.0,29.0,1.0,ML,,,,2.7,0.1,10
3581118,2011-09-17T20:58:57Z,-42.48,0.0,172.85,0.0,5.0,0.0,ML,,,,2.9,0.2,8
3581121,2011-09-17T21:09:53Z,-42.46,0.0,172.84,0.0,5.0,0.0,ML,,,,2.7,0.2,6
3665332,2011-09-17T21:10:39Z,-39.72,0.0,176.93,0.0,47.0,2.0,ML,,,,2.4,0.2,10
3581136,2011-09-17T21:49:01Z,-39.15,0.0,174.88,0.0,238.0,4.0,ML,,,,3.5,0.2,9
3581138,2011-09-17T21:51:32Z,-35.19,0.0,179.03,0.1,228.0,6.0,ML,,,,3.8,0.3,9
3581165,2011-09-17T23:03:24Z,-40.25,0.0,174.06,0.0,5.0,0.0,ML,,,,3.2,0.2,39
3581194,2011-09-18T00:28:30Z,-37.98,0.0,177.85,0.0,71.0,2.0,ML,,,,3.2,0.2,14
3581198,2011-09-18T00:41:32Z,-39.12,0.0,177.49,0.0,30.0,1.0,ML,,,,2.3,0.1,12
3581207,2011-09-18T01:02:44Z,-43.47,0.0,172.13,0.0,5.0,0.0,ML,,,,2.8,0.3,8
3581220,2011-09-18T01:47:15Z,-41.08,0.0,175.08,0.0,27.0,1.0,ML,,,,1.9,0.2,7
3581230,2011-09-18T02:10:25Z,-41.06,0.0,174.47,0.0,39.0,2.0,ML,,,,2.4,0.2,13
3581232,2011-09-18T02:13:58Z,-44.0,0.0,168.7,0.0,5.0,0.0,ML,,,,2.2,0.2,6
3581235,2011-09-18T02:26:13Z,-40.55,0.0,174.67,0.0,33.0,0.0,ML,,,,2.2,0.3,6
3581241,2011-09-18T02:42:03Z,-36.98,0.0,177.23,0.0,151.0,3.0,ML,,,,3.2,0.2,11
3581248,2011-09-18T03:03:51Z,-40.84,0.0,175.51,0.0,25.0,1.0,ML,,,,2.6,0.2,14
3581272,2011-09-18T04:12:44Z,-43.55,0.0,172.64,0.0,6.0,1.0,ML,,,,3.2,0.1,4
3581286,2011-09-18T04:52:07Z,-39.04,0.0,178.37,0.0,28.0,2.0,ML,,,,2.4,0.1,5
3581295,2011-09-18T05:14:26Z,-37.91,0.0,177.24,0.0,58.0,2.0,ML,,,,3.2,0.1,13
3665226,2011-09-18T05:15:49Z,-43.63,0.0,172.24,0.0,9.0,2.0,ML,,,,2.6,0.1,5
3581311,2011-09-18T06:01:41Z,-39.29,0.0,173.89,0.0,18.0,0.0,ML,,,,1.4,0.1,2
3581313,2011-09-18T06:06:06Z,-40.18,0.0,176.27,0.0,50.0,2.0,ML,,,,2.4,0.1,4
3665232,2011-09-18T06:07:37Z,-43.5,0.0,172.14,0.0,5.0,0.0,ML,,,,2.6,0.3,7
3581331,2011-09-18T06:47:09Z,-39.84,0.0,176.9,0.0,33.0,0.0,ML,,,,2.3,0.2,9
3581375,2011-09-18T08:44:42Z,-38.31,0.0,176.42,0.0,5.0,0.0,ML,,,,1.5,0.2,4
3581378,2011-09-18T08:49:14Z,-39.02,0.0,177.74,0.0,25.0,2.0,ML,,,,1.9,0.1,6
3581380,2011-09-18T08:56:51Z,-40.37,0.0,175.94,0.0,24.0,2.0,ML,,,,2.0,0.2,9
3581386,2011-09-18T09:12:45Z,-39.26,0.0,174.96,0.0,25.0,1.0,ML,,,,2.4,0.1,13
3665248,2011-09-18T09:14:21Z,-43.42,0.0,172.56,0.0,5.0,0.0,ML,,,,2.5,0.3,7
3581391,2011-09-18T09:24:59Z,-40.3,0.0,176.26,0.0,49.0,1.0,ML,,,,2.1,0.1,4
3581394,2011-09-18T09:30:53Z,-38.06,0.1,176.12,0.1,110.0,15.0,ML,,,,2.1,0.1,4
3581395,2011-09-18T09:35:21Z,-43.65,0.0,172.81,0.0,9.0,1.0,ML,,,,3.3,0.2,6
3581397,2011-09-18T09:46:28Z,-46.17,0.1,165.86,0.1,12.0,0.0,ML,,,,2.7,0.2,7
3581406,2011-09-18T10:12:25Z,-38.3,0.0,176.26,0.0,102.0,5.0,ML,,,,2.6,0.2,12
3581418,2011-09-18T10:44:35Z,-38.77,0.0,177.26,0.0,35.0,3.0,ML,,,,2.6,0.1,13
3581422,2011-09-18T10:56:06Z,-41.06,0.0,174.64,0.0,32.0,1.0,ML,,,,2.0,0.3,7
3665261,2011-09-18T10:56:19Z,-41.06,0.0,174.64,0.0,32.0,1.0,ML,,,,2.2,0.3,7
3581426,2011-09-18T11:02:53Z,-38.2,0.0,175.77,0.1,172.0,5.0,ML,,,,3.2,0.3,24
3581428,2011-09-18T11:09:28Z,-41.4,0.0,175.1,0.0,24.0,1.0,ML,,,,2.0,0.3,8
3581441,2011-09-18T11:59:28Z,-40.63,0.0,175.92,0.0,33.0,1.0,ML,,,,1.9,0.3,5
3581454,2011-09-18T12:54:29Z,-44.43,0.0,169.42,0.0,12.0,0.0,ML,,,,2.6,0.3,9
3581458,2011-09-18T13:07:04Z,-41.79,0.0,174.59,0.0,30.0,2.0,ML,,,,2.8,0.2,8
3581460,2011-09-18T13:13:37Z,-41.39,0.0,175.1,0.0,23.0,1.0,ML,,,,2.1,0.1,6
3581465,2011-09-18T13:26:18Z,-40.11,0.0,176.52,0.0,41.0,1.0,ML,,,,2.3,0.1,7
3581469,2011-09-18T13:34:27Z,-41.41,0.0,175.09,0.0,23.0,1.0,ML,,,,1.9,0.1,4
3581498,2011-09-18T15:14:32Z,-40.78,0.0,173.67,0.0,81.0,2.0,ML,,,,2.0,nan,1
3581504,2011-09-18T15:29:12Z,-38.0,0.0,177.7,0.0,65.0,2.0,ML,,,,2.3,0.1,11
3581509,2011-09-18T15:35:19Z,-39.65,0.0,173.55,0.0,5.0,0.0,ML,,,,3.3,0.3,26
3581520,2011-09-18T16:09:41Z,-37.83,0.0,176.62,0.0,5.0,0.0,ML,,,,2.2,0.1,4
3581537,2011-09-18T17:13:43Z,-35.87,0.1,178.11,0.1,191.0,6.0,ML,,,,2.9,0.2,4
3581538,2011-09-18T17:17:57Z,-43.09,0.0,172.15,0.0,5.0,0.0,ML,,,,2.4,0.2,7
3581546,2011-09-18T17:44:24Z,-41.73,0.0,174.55,0.0,30.0,2.0,ML,,,,2.6,0.4,14
3581557,2011-09-18T18:16:17Z,-40.84,0.0,175.1,0.0,36.0,1.0,ML,,,,1.7,0.2,4
3581582,2011-09-18T19:32:35Z,-44.73,0.0,168.7,0.0,5.0,0.0,ML,,,,2.5,0.3,5
3581587,2011-09-18T19:43:07Z,-39.8,0.0,176.7,0.0,39.0,2.0,ML,,,,2.9,0.1,14
3581604,2011-09-18T20:36:17Z,-37.17,0.0,176.36,0.0,194.0,4.0,ML,,,,3.1,0.1,2
3581619,2011-09-18T21:11:42Z,-44.92,0.0,167.54,0.0,77.0,3.0,ML,,,,2.7,0.2,8
3581640,2011-09-18T22:00:44Z,-38.29,0.1,175.77,0.1,148.0,7.0,ML,,,,3.0,0.3,13
3581642,2011-09-18T22:05:22Z,-39.85,0.0,174.03,0.0,138.0,5.0,ML,,,,3.3,0.3,9
3581655,2011-09-18T22:47:07Z,-38.14,0.0,177.94,0.0,33.0,0.0,ML,,,,1.9,0.1,4
3581672,2011-09-18T23:35:01Z,-44.99,0.0,167.49,0.0,83.0,2.0,ML,,,,2.8,0.1,5
3581675,2011-09-18T23:40:05Z,-38.04,0.0,178.29,0.0,33.0,2.0,ML,,,,2.9,0.2,6
3581714,2011-09-19T01:22:52Z,-38.38,0.0,178.16,0.0,24.0,2.0,ML,,,,2.3,0.1,6
3581719,2011-09-19T01:34:16Z,-40.47,0.0,174.16,0.0,106.0,2.0,ML,,,,3.0,0.1,10
3581725,2011-09-19T01:51:33Z,-43.62,0.0,172.79,0.0,10.0,0.0,Mw,3.7,nan,0,4.0,0.3,33
3581733,2011-09-19T02:16:27Z,-40.76,0.0,174.51,0.0,78.0,2.0,ML,,,,3.2,0.2,23
3581741,2011-09-19T02:41:00Z,-39.21,0.0,177.97,0.0,39.0,2.0,ML,,,,2.9,0.2,12
3581746,2011-09-19T02:57:18Z,-39.02,0.0,178.05,0.0,25.0,0.0,ML,,,,2.0,0.4,2
3581753,2011-09-19T03:07:41Z,-37.15,0.1,176.76,0.0,149.0,6.0,ML,,,,3.4,0.3,23
3581768,2011-09-19T03:47:36Z,-43.34,0.0,170.98,0.0,5.0,0.0,ML,,,,2.7,0.3,11
3581791,2011-09-19T04:53:49Z,-37.87,0.0,177.17,0.0,59.0,3.0,ML,,,,2.5,0.1,4
3581803,2011-09-19T05:21:39Z,-35.54,0.1,-177.81,0.1,33.0,0.0,,,,,,,
3581808,2011-09-19T05:41:00Z,-43.59,0.0,172.52,0.0,12.0,0.0,Mw,3.8,nan,0,4.2,0.3,39
3581810,2011-09-19T05:49:58Z,-43.6,0.0,172.48,0.0,5.0,0.0,ML,,,,2.4,0.3,4
3581815,2011-09-19T06:02:06Z,-39.64,0.0,176.2,0.0,41.0,2.0,ML,,,,2.7,0.1,10
3581825,2011-09-19T06:30:14Z,-37.79,0.0,176.76,0.0,5.0,0.0,ML,,,,1.8,0.1,6
3581830,2011-09-19T06:49:15Z,-37.78,0.0,178.33,0.0,31.0,1.0,ML,,,,3.0,0.2,10
3581831,2011-09-19T06:53:58Z,-43.59,0.0,172.51,0.0,5.0,0.0,ML,,,,2.8,0.3,7
3581846,2011-09-19T07:26:15Z,-43.58,0.0,172.51,0.0,5.0,0.0,ML,,,,2.6,0.2,6
3581855,2011-09-19T07:46:59Z,-37.81,0.0,176.8,0.0,5.0,0.0,ML,,,,1.7,0.1,6
3581857,2011-09-19T07:51:03Z,-39.78,0.0,175.15,0.0,25.0,1.0,ML,,,,2.7,0.2,15
3581862,2011-09-19T08:04:40Z,-45.04,0.0,167.13,0.0,5.0,0.0,ML,,,,2.6,0.2,3
3581871,2011-09-19T08:19:07Z,-43.15,0.0,172.01,0.0,12.0,0.0,ML,,,,2.2,0.2,3
3581890,2011-09-19T09:12:53Z,-41.98,0.0,171.57,0.0,12.0,0.0,ML,,,,3.4,0.2,9
3581892,2011-09-19T09:15:37Z,-41.72,0.0,173.82,0.0,14.0,1.0,ML,,,,3.4,0.2,27
3581899,2011-09-19T09:29:07Z,-43.58,0.0,172.48,0.0,5.0,0.0,ML,,,,2.0,0.3,3
3666334,2011-09-19T09:29:37Z,-43.35,0.0,170.99,0.0,5.0,0.0,ML,,,,2.5,0.2,8
3581913,2011-09-19T10:12:40Z,-41.31,0.0,173.43,0.0,71.0,1.0,ML,,,,2.4,nan,1
3581925,2011-09-19T10:40:58Z,-40.19,0.0,176.43,0.0,40.0,2.0,ML,,,,3.0,0.2,20
3581933,2011-09-19T11:07:00Z,-43.64,0.0,172.85,0.0,5.0,0.0,ML,,,,2.7,0.3,7
3581936,2011-09-19T11:15:00Z,-44.17,0.0,168.41,0.0,5.0,0.0,ML,,,,2.6,0.3,10
3581967,2011-09-19T12:32:32Z,-41.73,0.0,173.83,0.0,13.0,2.0,ML,,,,2.6,0.2,5
3581971,2011-09-19T12:42:47Z,-37.64,0.0,176.31,0.0,173.0,3.0,ML,,,,3.1,0.2,13
3581977,2011-09-19T12:50:09Z,-37.5,0.1,175.98,0.1,185.0,6.0,ML,,,,3.1,0.2,7
3581983,2011-09-19T13:07:45Z,-39.86,0.0,178.97,0.0,33.0,0.0,ML,,,,3.1,0.3,11
3582020,2011-09-19T14:52:07Z,-40.64,0.0,175.53,0.0,27.0,1.0,ML,,,,2.6,0.2,11
3582022,2011-09-19T14:53:49Z,-38.38,0.0,178.01,0.0,32.0,1.0,ML,,,,2.5,0.2,5
3582033,2011-09-19T15:20:58Z,-43.58,0.0,172.51,0.0,7.0,1.0,ML,,,,2.8,0.2,5
3582041,2011-09-19T15:37:13Z,-41.72,0.0,173.83,0.0,12.0,0.0,ML,,,,2.7,0.1,8
3582047,2011-09-19T15:55:03Z,-42.47,0.0,172.84,0.0,45.0,4.0,ML,,,,2.8,0.2,5
3582078,2011-09-19T17:16:25Z,-38.12,0.0,176.17,0.0,147.0,3.0,ML,,,,3.4,0.3,15
3582094,2011-09-19T17:53:41Z,-44.93,0.0,167.56,0.0,77.0,2.0,ML,,,,2.6,0.2,10
3582113,2011-09-19T18:45:11Z,-40.0,0.0,176.54,0.0,30.0,1.0,ML,,,,3.3,0.2,40
3582151,2011-09-19T20:13:18Z,-44.92,0.0,167.44,0.0,75.0,3.0,ML,,,,2.7,0.2,9
3582263,2011-09-20T01:05:00Z,-45.18,0.0,167.38,0.0,83.0,3.0,ML,,,,3.2,0.1,7
3582282,2011-09-20T01:57:18Z,-45.07,0.0,167.46,0.0,125.0,3.0,ML,,,,2.8,0.3,8
3582286,2011-09-20T02:03:56Z,-40.51,0.0,175.98,0.0,26.0,1.0,ML,,,,2.1,0.1,5
3582288,2011-09-20T02:07:04Z,-41.74,0.0,173.83,0.0,12.0,2.0,ML,,,,2.2,0.2,6
3582296,2011-09-20T02:22:39Z,-39.25,0.0,173.88,0.0,22.0,1.0,ML,,,,2.0,0.1,2
3582304,2011-09-20T02:40:21Z,-45.29,0.0,167.35,0.0,69.0,3.0,ML,,,,2.7,0.3,9
3582310,2011-09-20T02:58:45Z,-42.58,0.0,172.55,0.0,12.0,0.0,ML,,,,2.6,0.3,3
3582330,2011-09-20T03:49:24Z,-41.64,0.0,172.41,0.0,5.0,0.0,ML,,,,2.6,0.3,4
3582341,2011-09-20T04:30:16Z,-43.59,0.0,172.49,0.0,6.0,1.0,Mw,3.9,nan,0,4.2,0.2,35
3582346,2011-09-20T04:40:13Z,-41.29,0.0,175.29,0.0,26.0,1.0,ML,,,,1.9,0.1,5
3582352,2011-09-20T04:58:17Z,-43.59,0.0,172.49,0.0,5.0,0.0,ML,,,,2.8,0.3,6
3582357,2011-09-20T05:15:46Z,-43.59,0.0,172.48,0.0,7.0,1.0,ML,,,,2.3,0.3,4
3582362,2011-09-20T05:31:26Z,-43.57,0.0,172.5,0.0,8.0,1.0,Mw,3.7,nan,0,4.1,0.3,24
3667456,2011-09-20T05:33:48Z,-43.59,0.0,172.49,0.0,5.0,0.0,ML,,,,2.6,0.3,5
3582364,2011-09-20T05:40:54Z,-43.59,0.0,172.49,0.0,5.0,0.0,ML,,,,2.4,0.3,3
3582373,2011-09-20T05:57:44Z,-37.88,0.1,176.53,0.1,128.0,8.0,ML,,,,2.6,0.2,5
3582377,2011-09-20T06:05:18Z,-43.59,0.0,172.49,0.0,5.0,0.0,ML,,,,2.4,0.3,5
3582387,2011-09-20T06:32:33Z,-43.58,0.0,172.52,0.0,6.0,1.0,ML,,,,2.8,0.4,10
3667465,2011-09-20T06:45:25Z,-41.26,0.0,172.33,0.0,5.0,0.0,ML,,,,2.1,0.3,4
3582391,2011-09-20T06:46:00Z,-43.58,0.0,172.49,0.0,5.0,0.0,ML,,,,2.0,0.3,3
3582400,2011-09-20T07:04:19Z,-40.32,0.0,176.09,0.0,51.0,3.0,ML,,,,2.5,0.1,5
3582425,2011-09-20T08:08:14Z,-38.35,0.0,177.31,0.0,43.0,2.0,ML,,,,2.8,0.2,11
3582440,2011-09-20T08:55:56Z,-43.59,0.0,172.48,0.0,5.0,0.0,ML,,,,2.2,0.3,5
3667471,2011-09-20T08:56:10Z,-38.25,0.0,179.02,0.1,33.0,0.0,ML,,,,2.5,0.2,4
3582446,2011-09-20T09:10:40Z,-43.58,0.0,172.51,0.0,5.0,0.0,ML,,,,2.7,0.2,6
3582457,2011-09-20T09:40:54Z,-43.03,0.0,171.38,0.0,5.0,0.0,ML,,,,2.0,0.4,4
3582460,2011-09-20T09:52:40Z,-43.59,0.0,172.5,0.0,6.0,1.0,ML,,,,2.9,0.2,5
3582463,2011-09-20T10:03:34Z,-38.94,0.0,175.83,0.0,5.0,0.0,ML,,,,1.7,0.3,6
3582465,2011-09-20T10:09:38Z,-36.08,0.1,178.47,0.1,114.0,14.0,ML,,,,3.4,0.3,10
3582467,2011-09-20T10:14:15Z,-38.5,0.0,175.84,0.1,145.0,7.0,ML,,,,2.9,0.3,8
3582479,2011-09-20T10:51:25Z,-41.9,0.0,174.15,0.0,12.0,2.0,ML,,,,2.1,0.3,6
3582484,2011-09-20T10:58:43Z,-40.06,0.0,175.42,0.0,28.0,3.0,ML,,,,1.5,0.2,3
3668966,2011-09-20T10:59:09Z,-41.29,0.0,172.55,0.0,183.0,3.0,ML,,,,2.9,0.1,3
3582486,2011-09-20T11:04:25Z,-41.78,0.0,173.86,0.0,12.0,0.0,ML,,,,1.9,0.2,5
3582487,2011-09-20T11:09:16Z,-36.46,0.1,177.71,0.1,134.0,12.0,ML,,,,3.5,0.2,7
3668973,2011-09-20T11:09:40Z,-38.67,0.0,175.88,0.1,152.0,6.0,ML,,,,3.1,0.3,14
3582497,2011-09-20T11:29:21Z,-39.54,0.0,177.12,0.0,27.0,2.0,ML,,,,2.4,0.1,6
3582505,2011-09-20T11:47:44Z,-43.49,0.0,172.17,0.0,5.0,0.0,ML,,,,2.7,0.2,5
3582513,2011-09-20T12:09:28Z,-41.41,0.0,175.0,0.0,24.0,1.0,ML,,,,1.9,0.1,6
3582516,2011-09-20T12:22:55Z,-36.8,0.1,176.68,0.1,232.0,5.0,ML,,,,3.7,0.2,11
3582526,2011-09-20T12:56:19Z,-38.29,0.0,175.65,0.0,170.0,4.0,ML,,,,3.5,0.2,25
3582531,2011-09-20T13:14:03Z,-41.08,0.0,175.09,0.0,27.0,1.0,ML,,,,2.1,0.2,11
3582532,2011-09-20T13:15:15Z,-41.42,0.0,174.4,0.0,29.0,1.0,ML,,,,2.5,0.1,7
3582535,2011-09-20T13:24:30Z,-43.55,0.0,172.2,0.0,5.0,0.0,ML,,,,2.4,0.3,8
3582540,2011-09-20T13:43:22Z,-39.79,0.0,176.87,0.0,43.0,2.0,ML,,,,2.0,0.1,6
3582553,2011-09-20T14:10:27Z,-37.79,0.0,176.52,0.0,164.0,3.0,ML,,,,3.5,0.2,13
3582560,2011-09-20T14:27:31Z,-40.97,0.0,175.46,0.0,25.0,1.0,ML,,,,2.0,0.2,11
3582569,2011-09-20T14:51:29Z,-37.9,0.0,178.12,0.0,31.0,2.0,ML,,,,2.3,0.1,7
3669008,2011-09-20T14:51:41Z,-43.59,0.0,172.47,0.0,5.0,0.0,ML,,,,2.4,0.3,5
3582583,2011-09-20T15:32:57Z,-40.24,0.0,176.3,0.0,52.0,2.0,ML,,,,2.1,0.2,5
3582593,2011-09-20T15:55:40Z,-38.11,0.0,176.4,0.0,135.0,3.0,ML,,,,2.9,0.4,7
3582594,2011-09-20T15:58:33Z,-45.99,0.0,165.85,0.1,12.0,0.0,ML,,,,3.6,0.2,10
3582597,2011-09-20T16:09:55Z,-43.26,0.0,171.93,0.0,5.0,0.0,ML,,,,2.3,0.3,8
3582598,2011-09-20T16:12:55Z,-45.05,0.0,167.58,0.0,95.0,2.0,ML,,,,2.4,0.2,7
3582599,2011-09-20T16:16:49Z,-43.57,0.0,172.72,0.0,5.0,0.0,ML,,,,2.3,0.3,6
3582631,2011-09-20T17:41:27Z,-39.68,0.0,177.07,0.0,42.0,2.0,ML,,,,2.3,0.2,6
3582633,2011-09-20T17:46:21Z,-40.53,0.0,173.34,0.0,164.0,3.0,ML,,,,3.2,0.5,9
3582634,2011-09-20T17:51:53Z,-46.0,0.0,166.32,0.1,12.0,0.0,ML,,,,2.2,0.2,5
3582641,2011-09-20T18:09:16Z,-43.59,0.0,172.49,0.0,6.0,1.0,ML,,,,3.3,0.2,8
3669063,2011-09-20T18:15:08Z,-35.84,0.2,178.24,0.2,204.0,17.0,ML,,,,3.3,0.1,4
3582643,2011-09-20T18:17:08Z,-43.58,0.0,172.51,0.0,7.0,1.0,ML,,,,3.1,0.3,6
3582644,2011-09-20T18:21:13Z,-43.59,0.0,172.5,0.0,8.0,1.0,ML,,,,3.2,0.2,8
3582691,2011-09-20T18:22:03Z,-43.57,0.0,172.51,0.0,7.0,1.0,ML,,,,2.7,0.2,5
3582653,2011-09-20T18:45:28Z,-41.67,0.0,174.94,0.0,30.0,1.0,ML,,,,2.7,0.1,11
3582661,2011-09-20T19:14:36Z,-39.29,0.0,173.89,0.0,17.0,1.0,ML,,,,1.5,0.2,2
3582674,2011-09-20T19:51:59Z,-40.63,0.0,176.37,0.0,31.0,1.0,ML,,,,2.4,0.1,8
3582675,2011-09-20T19:55:22Z,-41.13,0.0,174.57,0.0,58.0,2.0,ML,,,,2.5,0.2,5
3582681,2011-09-20T20:03:05Z,-38.39,0.0,177.14,0.0,47.0,3.0,ML,,,,2.3,0.1,3
3582700,2011-09-20T20:58:33Z,-39.62,0.0,176.92,0.0,43.0,5.0,ML,,,,2.1,0.1,5
3582731,2011-09-20T22:18:18Z,-39.81,0.0,177.01,0.0,27.0,1.0,ML,,,,2.2,0.1,6
3582732,2011-09-20T22:21:13Z,-43.59,0.0,172.51,0.0,5.0,0.0,ML,,,,2.6,0.3,9
3582743,2011-09-20T22:47:31Z,-36.94,0.0,177.62,0.0,33.0,0.0,ML,,,,2.5,0.1,4
3582762,2011-09-20T23:38:24Z,-40.83,0.0,175.51,0.0,26.0,1.0,ML,,,,2.4,0.2,7
3582778,2011-09-21T00:18:38Z,-40.39,0.0,175.91,0.0,27.0,1.0,ML,,,,2.4,0.1,13
3582805,2011-09-21T01:31:43Z,-45.69,0.0,167.46,0.0,12.0,0.0,ML,,,,2.6,0.3,9
3582818,2011-09-21T01:56:19Z,-38.51,0.0,175.94,0.0,155.0,3.0,ML,,,,3.4,0.3,10
3582830,2011-09-21T02:23:26Z,-37.72,0.0,177.22,0.0,56.0,4.0,ML,,,,2.5,0.1,6
3582836,2011-09-21T02:38:21Z,-43.57,0.0,172.08,0.0,5.0,0.0,ML,,,,2.1,0.1,5
3582839,2011-09-21T02:50:30Z,-43.59,0.0,172.47,0.0,5.0,0.0,ML,,,,2.2,0.3,4
3582842,2011-09-21T02:58:47Z,-40.36,0.0,176.14,0.0,26.0,1.0,ML,,,,2.3,0.1,6
3582854,2011-09-21T03:30:00Z,-38.33,0.0,176.25,0.0,7.0,1.0,ML,,,,2.0,0.2,6
3582860,2011-09-21T03:46:26Z,-38.33,0.0,176.27,0.0,6.0,1.0,ML,,,,2.6,0.2,11
3582863,2011-09-21T03:55:23Z,-38.33,0.0,176.28,0.0,5.0,0.0,ML,,,,1.8,0.1,6
3670101,2011-09-21T04:15:25Z,-42.27,0.0,172.73,0.0,5.0,0.0,ML,,,,2.5,0.3,9
3582872,2011-09-21T04:22:55Z,-38.36,0.0,178.2,0.0,29.0,1.0,ML,,,,2.4,0.1,7
3582873,2011-09-21T04:23:58Z,-40.34,0.0,173.74,0.0,102.0,4.0,ML,,,,2.7,0.2,5
3671258,2011-09-21T04:24:42Z,-37.53,0.0,178.3,0.0,44.0,2.0,ML,,,,2.1,0.3,3
3671274,2011-09-21T04:25:28Z,-43.6,0.0,172.72,0.0,9.0,1.0,ML,,,,2.7,0.4,4
3582874,2011-09-21T04:26:40Z,-39.98,0.0,176.53,0.0,31.0,1.0,ML,,,,2.0,0.1,8
3582885,2011-09-21T05:04:53Z,-43.59,0.0,172.52,0.0,5.0,0.0,ML,,,,2.5,0.3,6
3582900,2011-09-21T05:46:51Z,-37.56,0.0,177.0,0.0,119.0,3.0,ML,,,,2.8,0.2,3
3582912,2011-09-21T06:25:32Z,-40.96,0.0,175.64,0.0,24.0,0.0,ML,,,,1.8,0.2,4
3582919,2011-09-21T06:45:31Z,-43.59,0.0,172.75,0.0,5.0,0.0,ML,,,,2.7,0.3,5
3582930,2011-09-21T07:22:31Z,-42.41,0.0,172.82,0.0,5.0,0.0,ML,,,,2.1,0.2,4
3582944,2011-09-21T07:54:23Z,-39.56,0.0,177.76,0.0,29.0,4.0,ML,,,,2.2,0.1,6
3582947,2011-09-21T08:03:41Z,-41.73,0.0,174.46,0.0,32.0,2.0,ML,,,,2.3,0.3,12
3582950,2011-09-21T08:14:13Z,-37.36,0.0,177.26,0.0,82.0,6.0,ML,,,,2.9,0.1,7
3582970,2011-09-21T09:16:17Z,-45.29,0.0,166.79,0.0,12.0,0.0,ML,,,,2.2,0.3,9
3582974,2011-09-21T09:30:59Z,-37.91,0.0,177.5,0.0,5.0,0.0,ML,,,,2.6,0.3,5
3582987,2011-09-21T10:15:07Z,-38.4,0.0,177.31,0.0,41.0,3.0,ML,,,,3.4,0.2,25
3582989,2011-09-21T10:20:26Z,-38.36,0.0,177.32,0.0,40.0,2.0,ML,,,,2.3,0.1,6
3582993,2011-09-21T10:32:00Z,-39.06,0.0,177.76,0.0,28.0,1.0,ML,,,,2.3,0.1,11
3583003,2011-09-21T11:04:04Z,-40.35,0.0,174.04,0.0,107.0,2.0,ML,,,,3.9,0.2,45
3583005,2011-09-21T11:06:41Z,-41.75,0.0,174.57,0.0,37.0,4.0,ML,,,,2.4,0.2,6
3583006,2011-09-21T11:08:39Z,-39.82,0.0,176.94,0.0,37.0,2.0,ML,,,,2.3,0.2,14
3583010,2011-09-21T11:24:10Z,-36.99,0.1,177.03,0.1,131.0,8.0,ML,,,,2.9,0.2,4
3583015,2011-09-21T11:39:02Z,-43.59,0.0,172.62,0.0,5.0,0.0,ML,,,,3.1,0.3,7
3583017,2011-09-21T11:48:50Z,-39.33,0.0,175.79,0.0,66.0,2.0,ML,,,,2.5,0.3,10
3583025,2011-09-21T12:09:07Z,-38.57,0.0,175.88,0.1,167.0,4.0,ML,,,,2.3,0.1,3
3583038,2011-09-21T12:43:53Z,-38.56,0.0,178.57,0.0,33.0,0.0,ML,,,,3.3,0.2,23
3583066,2011-09-21T13:57:19Z,-40.88,0.0,175.6,0.0,23.0,1.0,ML,,,,1.8,0.2,8
3583068,2011-09-21T14:04:44Z,-44.91,0.0,167.62,0.0,76.0,2.0,ML,,,,3.0,0.1,5
3583093,2011-09-21T15:21:02Z,-40.35,0.0,176.17,0.0,29.0,2.0,ML,,,,1.6,0.3,5
3583094,2011-09-21T15:23:17Z,-43.58,0.0,172.5,0.0,8.0,1.0,ML,,,,3.5,0.2,16
3583096,2011-09-21T15:33:25Z,-43.57,0.0,172.51,0.0,7.0,1.0,ML,,,,2.8,0.3,11
3583099,2011-09-21T15:40:39Z,-43.58,0.0,172.5,0.0,7.0,1.0,ML,,,,3.0,0.2,5
3583101,2011-09-21T15:49:28Z,-34.94,0.0,178.2,0.1,33.0,0.0,ML,,,,3.7,0.1,6
3583102,2011-09-21T15:54:07Z,-38.73,0.0,177.99,0.0,30.0,1.0,ML,,,,2.0,0.2,9
3583103,2011-09-21T15:56:42Z,-40.36,0.0,176.13,0.0,29.0,1.0,ML,,,,2.0,0.2,13
3583115,2011-09-21T16:44:18Z,-40.35,0.0,175.98,0.0,53.0,2.0,ML,,,,2.1,0.2,7
3583121,2011-09-21T17:11:32Z,-40.64,0.0,175.53,0.0,28.0,1.0,ML,,,,2.0,0.2,8
3583147,2011-09-21T18:41:55Z,-39.92,0.0,176.87,0.0,41.0,2.0,ML,,,,2.6,0.1,9
3583148,2011-09-21T18:43:03Z,-39.9,0.0,176.73,0.0,47.0,2.0,ML,,,,2.6,0.1,12
3583155,2011-09-21T18:58:19Z,-41.75,0.0,174.5,0.0,33.0,0.0,ML,,,,2.3,0.2,11
3680745,2011-09-21T18:58:47Z,-38.33,0.0,176.27,0.0,6.0,1.0,ML,,,,2.0,0.2,10
3583156,2011-09-21T19:01:02Z,-38.33,0.0,176.28,0.0,5.0,0.0,ML,,,,1.9,0.2,6
3583162,2011-09-21T19:17:38Z,-38.45,0.0,176.93,0.0,5.0,0.0,ML,,,,2.2,0.1,5
3583238,2011-09-21T19:19:05Z,-43.62,0.0,172.98,0.0,5.0,0.0,ML,,,,2.6,0.3,4
3583199,2011-09-21T20:57:54Z,-37.84,0.0,176.65,0.0,5.0,0.0,ML,,,,2.2,0.1,6
3583219,2011-09-21T21:57:56Z,-40.31,0.0,176.71,0.0,17.0,3.0,ML,,,,2.1,0.2,5
3583222,2011-09-21T22:01:46Z,-39.93,0.0,176.83,0.0,46.0,3.0,ML,,,,2.2,0.2,6
3583230,2011-09-21T22:23:02Z,-43.56,0.0,172.67,0.0,5.0,0.0,ML,,,,2.1,0.3,3
3680768,2011-09-21T22:23:26Z,-37.29,0.0,179.61,0.0,12.0,0.0,ML,,,,2.4,0.2,4
3583240,2011-09-21T22:44:12Z,-38.82,0.0,175.55,0.1,155.0,5.0,ML,,,,2.9,0.2,10
3583245,2011-09-21T22:59:11Z,-39.99,0.0,176.53,0.0,31.0,1.0,ML,,,,2.0,0.2,8
3583248,2011-09-21T23:09:09Z,-40.78,0.0,173.66,0.0,88.0,2.0,ML,,,,2.8,0.4,2
3583258,2011-09-21T23:41:37Z,-45.99,0.0,166.98,0.0,5.0,0.0,ML,,,,2.2,0.2,5
3583272,2011-09-22T00:28:05Z,-38.61,0.0,176.2,0.0,12.0,0.0,ML,,,,2.0,0.2,4
3583276,2011-09-22T00:37:20Z,-38.38,0.0,177.33,0.0,42.0,2.0,ML,,,,2.3,0.1,5
3583295,2011-09-22T01:28:32Z,-37.7,0.0,176.37,0.0,148.0,4.0,ML,,,,3.5,0.2,19
3583311,2011-09-22T02:16:24Z,-43.57,0.0,172.63,0.0,5.0,0.0,ML,,,,2.8,0.4,5
3583347,2011-09-22T03:58:58Z,-39.28,0.0,175.46,0.0,14.0,1.0,ML,,,,1.1,0.3,3
3583350,2011-09-22T04:05:41Z,-45.13,0.0,167.49,0.0,115.0,1.0,ML,,,,3.0,0.3,8
3583380,2011-09-22T05:31:09Z,-45.98,0.0,166.97,0.0,5.0,0.0,ML,,,,2.6,0.2,7
3583393,2011-09-22T06:16:48Z,-41.14,0.0,173.64,0.0,80.0,2.0,ML,,,,3.1,0.2,12
3583402,2011-09-22T06:46:59Z,-41.55,0.0,173.75,0.0,41.0,1.0,ML,,,,2.1,0.1,3
3583406,2011-09-22T06:57:16Z,-41.33,0.0,172.63,0.0,190.0,4.0,ML,,,,2.7,0.2,3
3583426,2011-09-22T07:55:10Z,-41.02,0.0,175.37,0.0,22.0,1.0,ML,,,,2.1,0.2,12
3583428,2011-09-22T08:02:33Z,-40.09,0.0,176.05,0.0,29.0,1.0,ML,,,,2.6,0.2,23
3583432,2011-09-22T08:12:46Z,-40.33,0.0,176.09,0.0,29.0,1.0,ML,,,,2.3,0.1,6
3583433,2011-09-22T08:17:21Z,-37.79,0.0,176.13,0.0,166.0,3.0,ML,,,,3.2,0.1,8
3583437,2011-09-22T08:29:27Z,-38.43,0.0,177.48,0.0,27.0,1.0,ML,,,,2.5,0.2,7
3583439,2011-09-22T08:33:53Z,-40.12,0.0,174.95,0.0,25.0,1.0,ML,,,,2.2,0.2,18
3583440,2011-09-22T08:36:16Z,-43.52,0.0,170.72,0.0,5.0,0.0,ML,,,,2.6,0.2,13
3583447,2011-09-22T08:54:20Z,-40.06,0.0,174.99,0.0,33.0,0.0,ML,,,,2.2,0.3,22
3583448,2011-09-22T08:56:21Z,-36.56,0.0,177.4,0.1,161.0,5.0,ML,,,,3.7,0.1,19
3583450,2011-09-22T09:03:05Z,-45.07,0.0,167.43,0.0,130.0,3.0,ML,,,,3.5,0.1,9
3583459,2011-09-22T09:26:41Z,-40.44,0.0,174.43,0.0,84.0,2.0,ML,,,,2.9,0.2,12
3583465,2011-09-22T09:42:48Z,-39.66,0.0,173.5,0.0,12.0,0.0,ML,,,,2.1,0.4,5
3583470,2011-09-22T09:58:53Z,-37.0,0.0,177.34,0.0,138.0,4.0,ML,,,,3.2,0.2,6
3583471,2011-09-22T10:02:42Z,-39.25,0.0,173.86,0.0,17.0,2.0,ML,,,,1.5,0.1,2
3583477,2011-09-22T10:21:09Z,-37.85,0.0,176.39,0.0,109.0,3.0,ML,,,,2.7,0.2,8
3583492,2011-09-22T10:58:24Z,-41.43,0.0,173.55,0.0,89.0,2.0,ML,,,,3.0,0.2,7
3583496,2011-09-22T11:12:19Z,-43.58,0.0,172.5,0.0,5.0,0.0,ML,,,,3.0,0.2,9
3583497,2011-09-22T11:16:41Z,-37.04,0.1,177.32,0.1,120.0,9.0,ML,,,,2.8,0.3,6
3583514,2011-09-22T12:11:45Z,-40.01,0.0,176.69,0.0,38.0,3.0,ML,,,,2.0,0.1,7
3583526,2011-09-22T12:52:02Z,-43.58,0.0,172.5,0.0,5.0,0.0,ML,,,,2.8,0.4,8
3583531,2011-09-22T13:08:52Z,-40.22,0.0,176.23,0.0,48.0,1.0,ML,,,,2.4,0.2,13
3583547,2011-09-22T13:54:08Z,-41.3,0.0,172.94,0.0,119.0,2.0,ML,,,,2.9,0.3,9
3583549,2011-09-22T13:59:08Z,-45.0,0.0,167.36,0.0,109.0,3.0,ML,,,,2.8,0.3,10
3583558,2011-09-22T14:32:21Z,-39.64,0.0,173.46,0.0,5.0,0.0,ML,,,,2.4,0.4,6
3583560,2011-09-22T14:41:28Z,-40.9,0.0,176.06,0.0,25.0,1.0,ML,,,,2.0,0.2,13
3583564,2011-09-22T14:57:12Z,-38.24,0.0,176.16,0.0,125.0,3.0,ML,,,,2.9,0.1,8
3583572,2011-09-22T15:22:57Z,-39.34,0.0,175.54,0.0,80.0,1.0,ML,,,,3.0,0.1,14
3583574,2011-09-22T15:31:18Z,-43.59,0.0,172.49,0.0,5.0,0.0,ML,,,,3.3,0.2,8
3583585,2011-09-22T16:08:29Z,-40.26,0.0,176.7,0.0,23.0,1.0,ML,,,,2.8,0.2,15
3583590,2011-09-22T16:24:02Z,-40.2,0.0,174.87,0.0,12.0,0.0,ML,,,,2.4,0.3,30
3583594,2011-09-22T16:35:18Z,-43.53,0.0,172.86,0.0,12.0,0.0,ML,,,,2.8,0.3,11
3583603,2011-09-22T17:00:18Z,-40.88,0.0,175.76,0.0,27.0,1.0,ML,,,,2.3,0.1,5
3583621,2011-09-22T17:51:12Z,-39.28,0.0,175.71,0.0,75.0,2.0,ML,,,,2.8,0.2,13
3583634,2011-09-22T18:30:32Z,-39.65,0.0,174.1,0.0,153.0,3.0,ML,,,,3.4,0.2,15
3583654,2011-09-22T19:33:24Z,-38.28,0.0,178.51,0.0,30.0,2.0,ML,,,,2.6,0.1,6
3583656,2011-09-22T19:36:21Z,-37.57,0.0,176.43,0.1,136.0,4.0,ML,,,,3.3,0.1,13
3583665,2011-09-22T20:04:04Z,-41.13,0.0,173.6,0.0,72.0,2.0,ML,,,,2.4,0.2,3
3583676,2011-09-22T20:36:39Z,-38.36,0.0,178.01,0.0,30.0,1.0,ML,,,,2.6,0.2,8
3583680,2011-09-22T20:50:20Z,-38.22,0.0,176.13,0.0,146.0,3.0,ML,,,,3.3,0.3,16
3583681,2011-09-22T20:52:45Z,-43.64,0.0,172.86,0.0,5.0,0.0,ML,,,,2.8,0.2,5
3583690,2011-09-22T21:12:49Z,-40.9,0.0,173.3,0.0,125.0,4.0,ML,,,,2.9,0.1,2
3583696,2011-09-22T21:30:17Z,-38.2,0.0,178.01,0.0,58.0,3.0,ML,,,,2.3,0.1,4
3583707,2011-09-22T22:00:05Z,-43.59,0.0,172.61,0.0,3.0,1.0,ML,,,,2.2,0.3,4
3669580,2011-09-22T22:01:20Z,-45.99,0.0,166.93,0.0,18.0,1.0,ML,,,,2.1,0.1,5
3583714,2011-09-22T22:16:14Z,-41.23,0.0,172.61,0.0,220.0,3.0,ML,,,,3.4,0.1,5
3583756,2011-09-23T00:04:51Z,-38.89,0.0,178.44,0.0,33.0,0.0,ML,,,,2.2,0.2,3
3583766,2011-09-23T00:31:38Z,-37.8,0.0,179.24,0.0,33.0,0.0,ML,,,,2.2,0.0,3
3583792,2011-09-23T01:46:44Z,-38.12,0.1,175.86,0.1,169.0,11.0,ML,,,,3.2,0.3,5
3583796,2011-09-23T02:04:24Z,-37.61,0.0,178.71,0.0,30.0,2.0,ML,,,,2.1,0.1,2
3583800,2011-09-23T02:15:45Z,-40.56,0.0,173.27,0.0,187.0,3.0,ML,,,,3.1,0.3,9
3583802,2011-09-23T02:20:52Z,-40.47,0.0,176.38,0.0,17.0,2.0,ML,,,,2.5,0.2,9
3583825,2011-09-23T03:24:02Z,-43.58,0.0,172.49,0.0,5.0,0.0,ML,,,,2.7,0.3,6
3583835,2011-09-23T03:58:20Z,-39.27,0.0,175.45,0.0,15.0,2.0,ML,,,,1.5,0.2,6
3583842,2011-09-23T04:21:51Z,-37.75,0.0,178.13,0.0,36.0,4.0,ML,,,,2.4,0.2,5
3583849,2011-09-23T04:46:17Z,-41.73,0.0,174.51,0.0,29.0,1.0,ML,,,,2.6,0.1,7
3583850,2011-09-23T04:48:03Z,-40.6,0.0,175.89,0.0,32.0,1.0,ML,,,,2.0,0.2,6
3583858,2011-09-23T05:09:34Z,-39.26,0.0,175.45,0.0,15.0,1.0,ML,,,,2.0,0.1,12
3583869,2011-09-23T05:32:37Z,-39.34,0.0,173.87,0.0,28.0,2.0,ML,,,,1.4,0.1,2
3583870,2011-09-23T05:36:24Z,-40.18,0.0,173.6,0.0,197.0,3.0,ML,,,,3.4,0.1,7
3583873,2011-09-23T05:48:54Z,-39.27,0.0,173.82,0.0,26.0,2.0,ML,,,,1.5,0.2,2
3670150,2011-09-23T05:49:11Z,-39.26,0.0,175.54,0.0,15.0,1.0,ML,,,,1.6,0.4,4
3583917,2011-09-23T07:47:38Z,-37.8,0.0,178.9,0.0,27.0,3.0,ML,,,,2.4,0.3,6
3583920,2011-09-23T07:55:38Z,-39.27,0.0,175.46,0.0,16.0,2.0,ML,,,,1.3,0.2,5
3583927,2011-09-23T08:17:11Z,-39.26,0.0,175.46,0.0,11.0,1.0,ML,,,,2.5,0.2,20
3583936,2011-09-23T08:40:09Z,-39.27,0.0,175.45,0.0,16.0,1.0,ML,,,,1.8,0.1,6
3583946,2011-09-23T09:11:19Z,-43.18,0.0,172.02,0.0,12.0,0.0,ML,,,,2.7,0.3,9
3583963,2011-09-23T10:02:43Z,-39.27,0.0,175.45,0.0,17.0,1.0,ML,,,,1.5,0.2,6
3583966,2011-09-23T10:07:48Z,-39.65,0.0,176.42,0.0,33.0,1.0,ML,,,,2.6,0.2,16
3583967,2011-09-23T10:10:35Z,-42.7,0.0,171.84,0.0,5.0,0.0,ML,,,,2.2,0.3,5
3583971,2011-09-23T10:27:03Z,-38.19,0.0,178.18,0.0,20.0,3.0,ML,,,,2.0,0.2,8
3583985,2011-09-23T10:55:35Z,-39.82,0.1,173.79,0.0,132.0,11.0,ML,,,,2.3,0.2,2
3584010,2011-09-23T12:14:24Z,-37.61,0.0,176.3,0.0,181.0,4.0,ML,,,,3.5,0.2,14
3584014,2011-09-23T12:25:57Z,-40.61,0.0,174.45,0.0,76.0,3.0,ML,,,,2.2,0.2,2
3584021,2011-09-23T12:48:08Z,-40.44,0.0,174.04,0.0,94.0,4.0,ML,,,,2.7,0.4,7
3584026,2011-09-23T13:03:48Z,-43.44,0.0,172.12,0.0,5.0,0.0,ML,,,,3.0,0.3,5
3584027,2011-09-23T13:06:36Z,-37.86,0.0,177.23,0.0,59.0,4.0,ML,,,,2.7,0.2,7
3584032,2011-09-23T13:18:25Z,-40.63,0.0,174.97,0.0,5.0,0.0,ML,,,,2.6,0.2,13
3584035,2011-09-23T13:28:30Z,-39.26,0.0,175.45,0.0,16.0,1.0,ML,,,,1.4,0.2,6
3584038,2011-09-23T13:37:19Z,-37.45,0.0,177.31,0.0,125.0,3.0,ML,,,,3.3,0.2,9
3584400,2011-09-23T13:38:09Z,-40.85,0.0,174.85,0.0,50.0,1.0,ML,,,,3.0,0.2,15
3584041,2011-09-23T13:50:39Z,-40.58,0.0,173.4,0.0,145.0,5.0,ML,,,,2.5,0.2,3
3584042,2011-09-23T13:55:12Z,-43.58,0.0,172.73,0.0,8.0,0.0,ML,,,,3.3,0.3,5
3584058,2011-09-23T14:50:10Z,-39.1,0.0,173.91,0.0,5.0,0.0,ML,,,,1.5,0.3,6
3584063,2011-09-23T15:06:31Z,-41.45,0.0,173.03,0.0,81.0,2.0,ML,,,,2.1,nan,1
3584068,2011-09-23T15:24:49Z,-42.11,0.0,173.68,0.0,12.0,0.0,ML,,,,2.2,0.4,6
3670558,2011-09-23T15:30:57Z,-38.2,0.0,178.23,0.0,26.0,2.0,ML,,,,1.8,0.2,3
3584071,2011-09-23T15:33:24Z,-45.79,0.0,166.54,0.1,5.0,0.0,ML,,,,3.2,0.2,6
3584082,2011-09-23T16:08:33Z,-40.92,0.0,176.0,0.0,25.0,1.0,ML,,,,2.2,0.1,8
3584086,2011-09-23T16:16:18Z,-39.09,0.0,173.92,0.0,5.0,0.0,ML,,,,1.6,0.2,4
3584088,2011-09-23T16:21:24Z,-39.48,0.0,174.99,0.0,26.0,2.0,ML,,,,1.5,0.1,4
3670565,2011-09-23T16:56:24Z,-39.47,0.0,175.7,0.0,13.0,1.0,ML,,,,1.6,0.1,8
3584099,2011-09-23T16:57:09Z,-43.57,0.0,172.62,0.0,7.0,1.0,ML,,,,3.0,0.1,4
3670571,2011-09-23T17:20:56Z,-42.62,0.0,171.87,0.0,5.0,0.0,ML,,,,2.2,0.2,4
3584110,2011-09-23T17:21:13Z,-39.18,0.0,174.81,0.0,203.0,4.0,ML,,,,3.5,0.2,15
3670570,2011-09-23T17:21:24Z,-38.18,0.0,178.2,0.0,23.0,2.0,ML,,,,2.2,0.2,6
3584117,2011-09-23T17:35:25Z,-43.6,0.0,172.06,0.0,5.0,0.0,ML,,,,2.8,0.4,10
3584121,2011-09-23T17:45:57Z,-41.66,0.0,174.19,0.0,12.0,0.0,ML,,,,2.0,0.4,5
3584122,2011-09-23T17:51:02Z,-43.57,0.0,172.8,0.0,5.0,0.0,ML,,,,2.6,0.3,7
3584126,2011-09-23T18:03:28Z,-43.58,0.0,172.7,0.0,5.0,0.0,ML,,,,2.8,0.2,5
3670586,2011-09-23T18:05:13Z,-38.19,0.0,178.17,0.0,18.0,3.0,ML,,,,2.2,0.2,5
3584147,2011-09-23T19:01:37Z,-43.58,0.0,172.64,0.0,6.0,1.0,Mw,3.6,nan,0,3.9,0.3,26
3584158,2011-09-23T19:32:37Z,-37.85,0.0,176.61,0.0,144.0,3.0,ML,,,,3.1,0.3,7
3584168,2011-09-23T20:07:09Z,-39.26,0.0,175.45,0.0,16.0,1.0,ML,,,,1.4,0.2,4
3589412,2011-09-23T20:08:01Z,-37.68,0.0,178.08,0.0,43.0,4.0,ML,,,,2.2,0.1,4
3670602,2011-09-23T21:14:31Z,-36.92,0.1,177.56,0.1,109.0,8.0,ML,,,,2.7,0.3,7
3584193,2011-09-23T21:14:32Z,-39.25,0.0,175.43,0.0,5.0,0.0,ML,,,,2.9,0.2,31
3584213,2011-09-23T22:20:05Z,-38.86,0.0,178.06,0.1,40.0,3.0,ML,,,,2.4,0.1,3
3584221,2011-09-23T22:40:46Z,-39.9,0.0,177.2,0.1,12.0,0.0,ML,,,,2.2,0.1,5
3670613,2011-09-23T22:41:19Z,-44.42,0.0,168.25,0.0,5.0,0.0,ML,,,,2.6,0.2,4
3584225,2011-09-23T22:56:42Z,-40.99,0.0,174.49,0.0,17.0,3.0,ML,,,,2.3,0.3,7
3584226,2011-09-23T23:00:48Z,-41.83,0.0,172.92,0.0,62.0,3.0,ML,,,,2.2,0.1,2
3584227,2011-09-23T23:07:07Z,-37.82,0.0,177.5,0.0,40.0,4.0,ML,,,,2.6,0.1,4
3670622,2011-09-23T23:36:16Z,-38.22,0.0,178.23,0.0,26.0,2.0,ML,,,,2.2,0.3,3
3584240,2011-09-23T23:36:24Z,-37.02,0.1,177.75,0.1,109.0,6.0,ML,,,,3.3,0.2,6
3584253,2011-09-24T00:09:53Z,-39.93,0.0,176.61,0.0,40.0,2.0,ML,,,,2.8,0.1,16
3584283,2011-09-24T01:25:33Z,-41.2,0.0,174.89,0.0,17.0,1.0,ML,,,,2.3,0.2,11
3584308,2011-09-24T02:34:59Z,-44.52,0.0,167.83,0.0,9.0,2.0,ML,,,,3.0,0.3,8
3584313,2011-09-24T02:53:42Z,-38.2,0.0,178.22,0.0,25.0,1.0,ML,,,,2.6,0.2,4
3584328,2011-09-24T03:30:38Z,-38.37,0.0,177.17,0.0,38.0,2.0,ML,,,,3.2,0.2,15
3584335,2011-09-24T03:51:57Z,-39.65,0.0,174.84,0.0,100.0,2.0,ML,,,,3.3,0.2,24
3584345,2011-09-24T04:17:18Z,-43.59,0.0,172.48,0.0,5.0,0.0,ML,,,,2.8,0.3,6
3584361,2011-09-24T04:58:25Z,-38.36,0.0,175.96,0.0,162.0,4.0,ML,,,,3.5,0.2,14
3584386,2011-09-24T06:10:16Z,-38.03,0.0,176.44,0.0,135.0,4.0,ML,,,,3.2,0.3,9
3584395,2011-09-24T06:35:52Z,-43.57,0.0,172.64,0.0,5.0,1.0,ML,,,,3.4,0.3,10
3584418,2011-09-24T07:37:07Z,-38.22,0.0,178.23,0.0,26.0,1.0,ML,,,,2.1,0.2,3
3584423,2011-09-24T07:47:02Z,-39.97,0.0,176.71,0.0,45.0,3.0,ML,,,,2.1,0.1,4
3584429,2011-09-24T08:01:37Z,-38.31,0.0,176.22,0.0,154.0,4.0,ML,,,,3.5,0.4,15
3584432,2011-09-24T08:09:23Z,-43.6,0.0,172.75,0.0,6.0,1.0,ML,,,,2.6,0.2,4
3584457,2011-09-24T09:19:13Z,-43.57,0.0,172.72,0.0,7.0,1.0,ML,,,,3.1,0.2,6
3670060,2011-09-24T10:20:15Z,-41.21,0.0,173.35,0.0,96.0,2.0,ML,,,,2.7,0.0,2
3584474,2011-09-24T10:24:57Z,-43.62,0.0,172.39,0.0,12.0,0.0,ML,,,,2.7,0.2,6
3670070,2011-09-24T10:25:05Z,-39.74,0.0,176.81,0.0,44.0,3.0,ML,,,,2.2,0.2,6
3584490,2011-09-24T11:12:39Z,-43.55,0.0,172.81,0.0,5.0,0.0,ML,,,,2.7,0.3,5
3584503,2011-09-24T11:46:10Z,-39.26,0.0,175.45,0.0,17.0,1.0,ML,,,,1.9,0.3,7
3584536,2011-09-24T13:44:32Z,-39.26,0.0,175.46,0.0,15.0,1.0,ML,,,,1.8,0.3,10
3584551,2011-09-24T14:38:10Z,-38.2,0.0,178.17,0.0,18.0,3.0,ML,,,,2.2,0.2,4
3584553,2011-09-24T14:43:02Z,-38.96,0.0,175.79,0.0,7.0,1.0,ML,,,,1.8,0.1,6
3584567,2011-09-24T15:21:42Z,-38.17,0.0,176.18,0.1,150.0,4.0,ML,,,,3.1,0.2,5
3584572,2011-09-24T15:36:29Z,-39.68,0.0,176.91,0.0,48.0,1.0,ML,,,,2.7,0.2,11
3584583,2011-09-24T16:06:58Z,-44.84,0.0,168.72,0.0,5.0,0.0,ML,,,,2.4,0.2,5
3584606,2011-09-24T17:20:03Z,-37.27,0.0,177.1,0.0,134.0,5.0,ML,,,,2.8,0.3,5
3584609,2011-09-24T17:26:27Z,-43.59,0.0,172.47,0.0,5.0,0.0,ML,,,,2.4,0.2,4
3584622,2011-09-24T18:07:27Z,-44.64,0.0,167.34,0.0,5.0,0.0,ML,,,,3.4,0.1,11
3584625,2011-09-24T18:15:14Z,-39.27,0.0,175.45,0.0,18.0,1.0,ML,,,,1.7,0.2,5
3584642,2011-09-24T19:08:15Z,-39.94,0.0,174.08,0.0,126.0,3.0,ML,,,,3.2,0.3,5
3584643,2011-09-24T19:12:04Z,-45.08,0.0,167.43,0.0,65.0,3.0,ML,,,,2.5,0.2,5
3584649,2011-09-24T19:31:15Z,-37.85,0.0,176.62,0.0,5.0,0.0,ML,,,,2.2,0.2,5
3584685,2011-09-24T21:34:07Z,-39.27,0.0,175.45,0.0,18.0,2.0,ML,,,,1.8,0.1,6
3584687,2011-09-24T21:40:14Z,-39.73,0.0,176.85,0.0,39.0,2.0,ML,,,,2.3,0.1,6
3584695,2011-09-24T22:00:08Z,-40.41,0.0,175.92,0.0,29.0,1.0,ML,,,,2.4,0.1,8
3584703,2011-09-24T22:23:57Z,-45.15,0.0,166.66,0.0,5.0,0.0,ML,,,,4.0,0.2,18
3584707,2011-09-24T22:39:04Z,-45.21,0.0,167.0,0.1,5.0,0.0,ML,,,,2.3,0.2,2
3584714,2011-09-24T23:01:49Z,-39.68,0.0,176.74,0.0,27.0,1.0,ML,,,,2.4,0.1,8
3584734,2011-09-24T23:52:53Z,-39.66,0.0,173.48,0.0,12.0,0.0,ML,,,,3.3,0.2,22
3584748,2011-09-25T00:39:58Z,-39.22,0.0,175.4,0.0,12.0,2.0,ML,,,,1.7,0.3,6
3584762,2011-09-25T01:16:51Z,-40.57,0.0,174.18,0.0,59.0,3.0,ML,,,,3.0,0.1,14
3584792,2011-09-25T02:47:06Z,-40.84,0.0,175.32,0.0,28.0,1.0,ML,,,,1.8,0.1,4
3584842,2011-09-25T05:12:32Z,-41.66,0.0,172.29,0.0,104.0,2.0,ML,,,,2.5,nan,1
3584865,2011-09-25T06:28:30Z,-41.76,0.0,172.05,0.0,10.0,2.0,ML,,,,2.7,0.3,6
3584871,2011-09-25T06:48:48Z,-37.82,0.0,176.64,0.0,5.0,0.0,ML,,,,3.1,0.2,19
3584881,2011-09-25T07:15:35Z,-42.06,0.0,173.2,0.0,10.0,1.0,ML,,,,2.7,0.2,3
3584893,2011-09-25T07:48:48Z,-40.28,0.0,176.64,0.0,12.0,0.0,ML,,,,1.9,0.3,4
3584902,2011-09-25T08:19:23Z,-38.6,0.0,178.08,0.0,29.0,1.0,ML,,,,2.3,0.2,7
3584906,2011-09-25T08:29:49Z,-40.9,0.0,176.08,0.0,29.0,1.0,ML,,,,3.7,0.2,55
3584911,2011-09-25T08:40:31Z,-40.88,0.0,176.08,0.0,28.0,1.0,ML,,,,3.2,0.2,30
3584913,2011-09-25T08:50:21Z,-39.56,0.0,177.05,0.0,33.0,0.0,ML,,,,2.5,0.2,9
3584915,2011-09-25T08:58:48Z,-40.87,0.0,176.05,0.0,23.0,1.0,ML,,,,1.9,0.1,7
3584916,2011-09-25T09:00:19Z,-39.16,0.0,177.7,0.0,27.0,2.0,ML,,,,2.1,0.2,6
3584921,2011-09-25T09:18:20Z,-37.84,0.0,176.62,0.0,5.0,0.0,ML,,,,2.2,0.1,8
3584924,2011-09-25T09:28:08Z,-40.87,0.0,176.05,0.0,25.0,1.0,ML,,,,2.3,0.2,7
3584926,2011-09-25T09:33:52Z,-40.88,0.0,176.06,0.0,27.0,1.0,ML,,,,2.4,0.1,10
3584933,2011-09-25T09:53:04Z,-43.63,0.0,172.86,0.0,5.0,0.0,ML,,,,2.6,0.3,5
3584940,2011-09-25T10:16:58Z,-43.46,0.0,170.3,0.0,5.0,0.0,ML,,,,2.9,0.2,14
3584951,2011-09-25T10:52:40Z,-40.87,0.0,176.06,0.0,24.0,1.0,ML,,,,2.0,0.2,8
3584953,2011-09-25T10:59:29Z,-40.87,0.0,176.08,0.0,27.0,1.0,ML,,,,2.1,0.2,8
3584956,2011-09-25T11:09:27Z,-40.87,0.0,176.05,0.0,23.0,2.0,ML,,,,2.0,0.2,8
3589419,2011-09-25T11:11:12Z,-43.68,0.0,172.32,0.0,5.0,0.0,ML,,,,2.4,0.2,5
3584974,2011-09-25T11:59:02Z,-39.26,0.0,173.86,0.0,14.0,1.0,ML,,,,2.5,0.3,4
3584975,2011-09-25T12:01:15Z,-40.76,0.0,176.35,0.0,23.0,2.0,ML,,,,2.4,0.2,7
3584983,2011-09-25T12:26:11Z,-37.82,0.0,176.62,0.0,5.0,0.0,ML,,,,1.8,0.2,2
3670719,2011-09-25T12:26:47Z,-39.25,0.0,177.45,0.0,33.0,0.0,ML,,,,1.9,0.4,2
3584993,2011-09-25T12:58:02Z,-38.01,0.0,176.88,0.0,94.0,1.0,ML,,,,3.8,0.2,41
3584997,2011-09-25T13:11:48Z,-40.48,0.0,173.57,0.0,131.0,3.0,ML,,,,3.1,0.2,6
3585009,2011-09-25T13:40:45Z,-40.48,0.0,174.82,0.0,27.0,2.0,ML,,,,2.3,0.1,12
3671120,2011-09-25T13:42:01Z,-38.76,0.0,178.65,0.0,33.0,0.0,ML,,,,2.5,0.2,6
3585032,2011-09-25T14:59:45Z,-41.08,0.0,175.09,0.0,27.0,1.0,ML,,,,3.0,0.1,24
3585047,2011-09-25T15:57:33Z,-37.66,0.0,177.29,0.0,95.0,4.0,ML,,,,2.5,0.3,3
3585050,2011-09-25T16:06:22Z,-40.17,0.0,174.86,0.0,33.0,0.0,ML,,,,2.7,0.2,7
3585052,2011-09-25T16:12:55Z,-46.35,0.0,169.13,0.0,12.0,0.0,ML,,,,2.8,0.3,5
3585054,2011-09-25T16:25:05Z,-43.25,0.0,172.02,0.0,12.0,0.0,ML,,,,2.8,0.3,9
3585092,2011-09-25T18:14:13Z,-39.21,0.0,174.45,0.0,25.0,2.0,ML,,,,2.1,0.2,5
3585101,2011-09-25T18:42:36Z,-40.35,0.0,176.39,0.0,29.0,1.0,ML,,,,2.7,0.2,17
3585129,2011-09-25T19:53:07Z,-40.77,0.0,172.84,0.0,5.0,0.0,ML,,,,2.2,0.4,3
3585162,2011-09-25T21:25:57Z,-37.86,0.0,176.02,0.0,195.0,5.0,ML,,,,3.7,0.2,32
3585170,2011-09-25T21:54:44Z,-45.53,0.0,167.06,0.0,94.0,2.0,ML,,,,2.5,0.1,5
3585179,2011-09-25T22:21:45Z,-41.56,0.0,173.55,0.0,50.0,3.0,ML,,,,2.4,0.1,5
3585192,2011-09-25T22:56:55Z,-35.22,0.1,178.93,0.1,174.0,10.0,ML,,,,3.9,0.2,9
3585199,2011-09-25T23:16:22Z,-43.33,0.0,172.21,0.0,5.0,0.0,ML,,,,2.6,0.3,6
3585202,2011-09-25T23:21:15Z,-40.74,0.0,176.32,0.0,12.0,0.0,ML,,,,2.3,0.3,13
3585208,2011-09-25T23:40:12Z,-41.27,0.0,172.67,0.0,193.0,4.0,ML,,,,3.1,0.4,3
3585216,2011-09-26T00:07:04Z,-45.85,0.0,166.4,0.0,5.0,0.0,ML,,,,3.3,0.2,8
3585227,2011-09-26T00:34:39Z,-37.75,0.0,177.95,0.0,78.0,5.0,ML,,,,2.7,0.1,6
3585234,2011-09-26T00:57:06Z,-39.43,0.0,174.97,0.0,26.0,1.0,ML,,,,2.3,0.3,17
3585238,2011-09-26T01:11:26Z,-40.27,0.0,176.36,0.0,28.0,2.0,ML,,,,2.1,0.1,6
3585244,2011-09-26T01:27:28Z,-41.66,0.0,174.21,0.0,8.0,2.0,ML,,,,2.3,0.1,6
3585246,2011-09-26T01:34:21Z,-37.83,0.0,176.63,0.0,5.0,0.0,ML,,,,1.7,0.1,3
3585262,2011-09-26T02:20:46Z,-38.14,0.1,176.03,0.1,108.0,7.0,ML,,,,3.0,0.3,13
3585270,2011-09-26T02:45:31Z,-39.16,0.0,175.36,0.0,13.0,1.0,ML,,,,1.5,0.3,5
3585282,2011-09-26T03:11:25Z,-46.17,0.0,165.8,0.1,12.0,0.0,ML,,,,3.1,0.2,9
3585287,2011-09-26T03:28:23Z,-38.02,0.0,178.82,0.0,31.0,2.0,ML,,,,3.4,0.3,18
3585289,2011-09-26T03:32:55Z,-44.11,0.0,169.89,0.0,12.0,0.0,ML,,,,2.6,0.3,6
3671221,2011-09-26T03:35:32Z,-43.63,0.0,172.52,0.0,5.0,0.0,ML,,,,2.3,0.3,3
3585328,2011-09-26T03:45:49Z,-39.28,0.0,175.56,0.0,0.0,0.0,ML,,,,1.0,0.4,3
3585293,2011-09-26T03:46:37Z,-41.98,0.0,173.97,0.0,16.0,4.0,ML,,,,2.5,0.3,7
3585304,2011-09-26T04:25:34Z,-44.87,0.0,167.76,0.0,12.0,0.0,ML,,,,2.5,0.3,10
3585306,2011-09-26T04:33:54Z,-39.57,0.0,173.53,0.0,12.0,0.0,ML,,,,3.4,0.3,31
3585318,2011-09-26T05:05:36Z,-46.11,0.0,165.87,0.0,12.0,0.0,ML,,,,2.7,0.2,5
3585357,2011-09-26T06:37:39Z,-43.65,0.0,172.82,0.0,5.0,0.0,ML,,,,2.8,0.3,8
3585360,2011-09-26T06:44:08Z,-38.13,0.0,177.95,0.0,30.0,1.0,ML,,,,2.1,0.1,9
3585383,2011-09-26T07:48:49Z,-41.99,0.0,172.23,0.0,73.0,5.0,ML,,,,2.1,nan,1
3585397,2011-09-26T08:29:46Z,-37.85,0.0,178.44,0.0,17.0,2.0,ML,,,,2.2,0.3,5
3585403,2011-09-26T08:46:08Z,-39.87,0.0,175.04,0.0,32.0,1.0,ML,,,,2.1,0.3,9
3585439,2011-09-26T09:20:18Z,-43.58,0.0,172.4,0.0,14.0,2.0,ML,,,,2.6,0.3,4
3585420,2011-09-26T09:35:19Z,-45.7,0.0,166.88,0.0,77.0,2.0,ML,,,,2.9,0.2,12
3585422,2011-09-26T09:43:02Z,-39.0,0.0,175.17,0.0,12.0,0.0,ML,,,,1.5,0.2,8
3585424,2011-09-26T09:47:54Z,-39.33,0.0,175.25,0.0,15.0,1.0,ML,,,,1.4,0.2,8
3585426,2011-09-26T09:56:10Z,-43.16,0.0,172.08,0.0,5.0,0.0,ML,,,,2.2,0.3,4
3585444,2011-09-26T10:45:58Z,-43.61,0.0,172.84,0.0,5.0,0.0,ML,,,,2.7,0.4,6
3585445,2011-09-26T10:48:20Z,-42.38,0.0,174.1,0.0,12.0,0.0,ML,,,,2.7,0.3,14
3585473,2011-09-26T12:06:26Z,-38.04,0.0,176.45,0.0,152.0,2.0,ML,,,,3.4,0.4,17
3585478,2011-09-26T12:21:09Z,-41.07,0.0,175.09,0.0,29.0,2.0,ML,,,,1.7,0.0,3
3585519,2011-09-26T14:15:21Z,-39.47,0.0,174.87,0.0,28.0,1.0,ML,,,,1.9,0.2,4
3585528,2011-09-26T14:41:19Z,-39.76,0.0,175.28,0.0,63.0,3.0,ML,,,,1.8,nan,1
3585630,2011-09-26T14:42:47Z,-43.57,0.0,172.39,0.0,5.0,0.0,ML,,,,2.3,0.3,4
3585629,2011-09-26T14:43:58Z,-38.09,0.0,178.97,0.1,33.0,0.0,ML,,,,2.2,0.1,8
3585532,2011-09-26T14:59:07Z,-39.28,0.0,177.74,0.0,29.0,1.0,ML,,,,2.1,0.1,6
3585534,2011-09-26T15:02:09Z,-37.99,0.0,175.95,0.0,164.0,4.0,ML,,,,3.3,0.2,9
3585538,2011-09-26T15:13:18Z,-43.47,0.0,172.75,0.0,9.0,1.0,ML,,,,2.4,0.2,4
3585542,2011-09-26T15:24:51Z,-39.16,0.0,175.36,0.0,9.0,1.0,ML,,,,2.0,0.1,12
3585643,2011-09-26T15:29:55Z,-44.53,0.0,168.41,0.0,5.0,0.0,ML,,,,2.2,0.2,8
3585545,2011-09-26T15:31:17Z,-36.89,0.0,177.52,0.0,139.0,5.0,ML,,,,3.2,0.1,5
3680127,2011-09-26T15:31:50Z,-43.69,0.0,172.92,0.0,5.0,0.0,ML,,,,1.8,0.2,3
3585547,2011-09-26T15:36:02Z,-39.62,0.0,173.58,0.0,12.0,0.0,ML,,,,2.6,0.3,24
3585554,2011-09-26T16:00:02Z,-45.86,0.0,166.96,0.0,12.0,0.0,ML,,,,2.4,0.1,7
3585557,2011-09-26T16:09:34Z,-43.67,0.0,172.89,0.0,5.0,0.0,ML,,,,2.2,0.3,5
3585568,2011-09-26T16:52:09Z,-40.39,0.0,174.02,0.0,110.0,3.0,ML,,,,2.8,0.3,12
3585571,2011-09-26T17:02:45Z,-40.35,0.0,174.0,0.0,120.0,5.0,ML,,,,2.2,0.3,3
3585605,2011-09-26T18:50:12Z,-39.16,0.0,175.38,0.0,13.0,1.0,ML,,,,2.0,0.2,7
3680162,2011-09-26T18:50:28Z,-43.01,0.0,171.77,0.0,5.0,0.0,ML,,,,2.1,0.1,3
3585611,2011-09-26T19:03:57Z,-39.25,0.0,175.45,0.0,10.0,1.0,ML,,,,2.5,0.2,19
3585628,2011-09-26T19:53:43Z,-36.02,0.1,177.55,0.1,220.0,5.0,ML,,,,4.3,0.2,34
3585661,2011-09-26T21:02:43Z,-37.84,0.0,177.24,0.0,55.0,4.0,ML,,,,2.3,0.1,5
3585667,2011-09-26T21:19:09Z,-40.71,0.0,175.94,0.0,29.0,1.0,ML,,,,2.4,0.2,6
3585668,2011-09-26T21:21:03Z,-37.08,0.1,177.26,0.1,161.0,7.0,ML,,,,2.7,0.2,4
3585697,2011-09-26T22:36:35Z,-40.03,0.0,176.34,0.0,27.0,1.0,ML,,,,3.1,0.1,32
3585715,2011-09-26T23:19:44Z,-38.06,0.0,176.74,0.0,2.0,1.0,ML,,,,1.7,0.2,2
3585724,2011-09-26T23:37:54Z,-39.96,0.0,176.52,0.0,30.0,2.0,ML,,,,2.3,0.3,7
3585727,2011-09-26T23:46:03Z,-41.57,0.0,173.82,0.0,44.0,1.0,ML,,,,3.3,0.2,23
3585731,2011-09-27T00:00:09Z,-41.53,0.0,173.27,0.0,63.0,2.0,ML,,,,2.5,0.1,4
3585752,2011-09-27T00:55:16Z,-35.23,0.1,178.31,0.1,235.0,14.0,ML,,,,3.9,0.1,14
3585788,2011-09-27T02:44:58Z,-43.63,0.0,172.42,0.0,5.0,0.0,ML,,,,2.6,0.3,4
3673326,2011-09-27T04:32:33Z,-38.39,0.0,178.23,0.0,33.0,0.0,ML,,,,2.2,0.3,5
3585836,2011-09-27T04:57:12Z,-40.15,0.0,175.15,0.0,31.0,2.0,ML,,,,2.5,0.1,5
3585849,2011-09-27T05:26:19Z,-40.0,0.0,176.58,0.0,49.0,2.0,ML,,,,2.3,0.2,6
3585853,2011-09-27T05:38:13Z,-41.85,0.0,174.59,0.0,33.0,0.0,ML,,,,2.6,0.1,4
3585869,2011-09-27T06:24:31Z,-41.34,0.0,175.93,0.0,32.0,2.0,ML,,,,2.1,0.1,6
3585871,2011-09-27T06:28:24Z,-38.57,0.0,177.93,0.0,31.0,1.0,ML,,,,2.7,0.2,9
3673344,2011-09-27T06:29:56Z,-43.55,0.0,172.6,0.0,5.0,1.0,ML,,,,2.6,0.3,5
3585872,2011-09-27T06:30:02Z,-38.58,0.0,177.95,0.0,31.0,2.0,ML,,,,2.3,0.2,5
3585874,2011-09-27T06:35:32Z,-41.88,0.0,174.6,0.0,33.0,0.0,ML,,,,2.5,0.3,12
3585888,2011-09-27T07:19:59Z,-38.3,0.0,178.2,0.0,32.0,1.0,ML,,,,1.9,0.2,6
3585899,2011-09-27T07:45:55Z,-42.65,0.0,172.19,0.0,11.0,2.0,ML,,,,2.4,0.2,4
3585906,2011-09-27T08:08:52Z,-39.14,0.0,177.52,0.0,31.0,1.0,ML,,,,3.4,0.2,55
3585910,2011-09-27T08:17:14Z,-41.45,0.0,174.43,0.0,31.0,1.0,ML,,,,2.3,0.2,14
3585926,2011-09-27T09:02:18Z,-40.35,0.0,176.44,0.0,19.0,2.0,ML,,,,2.1,0.1,10
3585946,2011-09-27T10:05:32Z,-40.12,0.0,174.77,0.1,32.0,7.0,ML,,,,2.1,0.2,5
3585967,2011-09-27T11:17:24Z,-39.24,0.0,173.9,0.0,18.0,1.0,ML,,,,3.4,0.2,31
3585977,2011-09-27T11:50:10Z,-37.67,0.0,179.22,0.0,12.0,0.0,ML,,,,2.7,0.2,7
3585980,2011-09-27T11:57:28Z,-43.56,0.0,172.39,0.0,8.0,1.0,Mw,3.8,nan,0,4.0,0.2,28
3586005,2011-09-27T13:18:15Z,-39.37,0.0,177.61,0.0,30.0,2.0,ML,,,,2.3,0.2,9
3586007,2011-09-27T13:26:57Z,-39.9,0.0,176.9,0.0,43.0,3.0,ML,,,,2.1,0.2,5
3586009,2011-09-27T13:32:00Z,-37.66,0.0,179.18,0.0,33.0,0.0,ML,,,,2.4,0.1,5
3586010,2011-09-27T13:35:08Z,-43.17,0.0,172.07,0.0,5.0,0.0,ML,,,,2.4,0.4,7
3586018,2011-09-27T13:57:21Z,-45.13,0.0,167.44,0.0,86.0,3.0,ML,,,,2.9,0.1,5
3586024,2011-09-27T14:07:49Z,-43.55,0.0,172.39,0.0,5.0,0.0,ML,,,,3.4,0.1,13
3586027,2011-09-27T14:14:31Z,-38.26,0.0,177.77,0.0,67.0,2.0,ML,,,,2.4,0.1,6
3586039,2011-09-27T14:41:27Z,-40.99,0.0,175.4,0.0,27.0,1.0,ML,,,,2.0,0.1,10
3586051,2011-09-27T15:20:31Z,-37.39,0.0,178.88,0.0,12.0,0.0,ML,,,,2.5,0.2,6
3586054,2011-09-27T15:28:49Z,-39.27,0.0,175.45,0.0,18.0,1.0,ML,,,,1.8,0.1,5
3586060,2011-09-27T15:49:02Z,-40.0,0.0,176.3,0.0,55.0,2.0,ML,,,,2.1,0.2,7
3586061,2011-09-27T15:53:19Z,-40.69,0.0,176.25,0.0,32.0,1.0,ML,,,,2.6,0.2,11
3673891,2011-09-27T15:54:26Z,-37.23,0.1,178.97,0.1,33.0,0.0,ML,,,,2.3,0.2,4
3586067,2011-09-27T16:10:43Z,-43.57,0.0,172.39,0.0,9.0,1.0,ML,,,,3.7,0.2,18
3586070,2011-09-27T16:22:24Z,-38.69,0.0,176.2,0.0,113.0,5.0,ML,,,,2.7,0.2,11
3586072,2011-09-27T16:28:25Z,-39.0,0.0,177.67,0.0,27.0,2.0,ML,,,,2.2,0.1,6
3586076,2011-09-27T16:41:51Z,-42.74,0.0,172.85,0.0,12.0,0.0,ML,,,,2.3,0.3,5
3586083,2011-09-27T16:58:00Z,-41.03,0.0,172.79,0.0,193.0,4.0,ML,,,,3.0,0.5,3
3586086,2011-09-27T17:07:28Z,-37.89,0.1,176.46,0.1,102.0,10.0,ML,,,,2.6,0.1,6
3586097,2011-09-27T17:40:52Z,-36.53,0.0,178.95,0.1,12.0,0.0,ML,,,,3.4,0.1,9
3586099,2011-09-27T17:47:13Z,-37.96,0.0,177.97,0.0,57.0,6.0,ML,,,,2.3,0.1,4
3586106,2011-09-27T18:08:05Z,-40.33,0.0,174.26,0.0,69.0,5.0,ML,,,,2.7,0.2,11
3586119,2011-09-27T18:58:25Z,-40.34,0.0,176.33,0.0,39.0,2.0,ML,,,,2.9,0.3,11
3586137,2011-09-27T19:38:31Z,-39.55,0.0,175.64,0.0,17.0,3.0,ML,,,,2.0,0.2,7
3586155,2011-09-27T20:36:46Z,-39.52,0.0,175.65,0.0,16.0,2.0,ML,,,,2.1,0.2,13
3586165,2011-09-27T21:10:05Z,-44.18,0.0,168.66,0.1,5.0,0.0,ML,,,,2.6,0.2,4
3586176,2011-09-27T21:38:36Z,-40.79,0.0,175.75,0.0,30.0,2.0,ML,,,,2.1,0.1,4
3586185,2011-09-27T22:06:17Z,-44.56,0.0,168.37,0.0,5.0,0.0,ML,,,,2.5,0.2,4
3586212,2011-09-27T23:17:31Z,-43.55,0.0,172.9,0.0,5.0,0.0,ML,,,,2.9,0.3,7
3586244,2011-09-28T00:53:52Z,-43.91,0.0,169.3,0.0,5.0,0.0,ML,,,,2.5,0.2,7
3586272,2011-09-28T02:13:00Z,-38.13,0.0,176.1,0.1,140.0,5.0,ML,,,,3.3,0.2,7
3586287,2011-09-28T02:57:08Z,-37.41,0.0,179.91,0.0,33.0,0.0,ML,,,,4.1,0.2,40
3586305,2011-09-28T03:48:06Z,-43.59,0.0,172.49,0.0,6.0,1.0,ML,,,,3.4,0.2,9
3586308,2011-09-28T03:59:59Z,-39.52,0.0,175.66,0.0,20.0,1.0,ML,,,,1.9,0.1,4
3586333,2011-09-28T05:06:35Z,-37.7,0.0,177.19,0.0,64.0,4.0,ML,,,,2.3,0.1,3
3586338,2011-09-28T05:23:07Z,-43.58,0.0,172.51,0.0,5.0,0.0,ML,,,,2.7,0.1,5
3586342,2011-09-28T05:37:38Z,-42.71,0.0,173.03,0.0,5.0,0.0,ML,,,,2.8,0.3,9
3586343,2011-09-28T05:43:02Z,-40.83,0.0,175.97,0.0,48.0,1.0,ML,,,,3.0,0.2,18
3586344,2011-09-28T05:43:15Z,-43.61,0.0,172.59,0.0,11.0,1.0,ML,,,,2.2,0.3,3
3586392,2011-09-28T05:44:36Z,-41.85,0.0,172.32,0.0,5.0,0.0,ML,,,,2.2,0.2,3
3586393,2011-09-28T05:45:08Z,-39.0,0.0,177.7,0.0,33.0,0.0,ML,,,,2.6,0.2,11
3586347,2011-09-28T05:53:29Z,-39.58,0.0,176.77,0.0,30.0,1.0,ML,,,,2.1,0.1,7
3586350,2011-09-28T06:06:20Z,-40.25,0.0,176.2,0.0,48.0,1.0,ML,,,,2.4,0.2,8
3586401,2011-09-28T06:14:14Z,-45.16,0.0,167.06,0.0,39.0,3.0,ML,,,,2.3,0.1,3
3586353,2011-09-28T06:16:14Z,-39.13,0.0,176.16,0.0,58.0,2.0,ML,,,,2.8,0.1,8
3586367,2011-09-28T06:59:46Z,-42.48,0.0,172.84,0.0,5.0,0.0,ML,,,,2.4,0.3,6
3586368,2011-09-28T07:01:53Z,-39.35,0.0,175.2,0.0,30.0,1.0,ML,,,,2.2,0.1,6
3586369,2011-09-28T07:05:07Z,-37.39,0.0,179.86,0.0,33.0,0.0,ML,,,,2.8,0.2,4
3586374,2011-09-28T07:23:25Z,-38.48,0.0,175.82,0.1,168.0,7.0,ML,,,,3.0,0.3,14
3586385,2011-09-28T07:58:35Z,-43.58,0.0,172.49,0.0,5.0,0.0,ML,,,,2.6,0.3,7
3586399,2011-09-28T08:26:14Z,-40.25,0.0,176.33,0.0,49.0,2.0,ML,,,,2.4,0.2,10
3586412,2011-09-28T08:26:47Z,-37.5,0.0,177.26,0.1,71.0,8.0,ML,,,,2.2,0.3,2
3586403,2011-09-28T08:36:45Z,-37.62,0.0,177.2,0.0,110.0,3.0,ML,,,,2.7,0.1,7
3586415,2011-09-28T08:37:56Z,-42.93,0.0,171.63,0.0,5.0,0.0,ML,,,,1.8,0.1,4
3586405,2011-09-28T08:42:44Z,-41.85,0.0,172.25,0.0,83.0,3.0,ML,,,,2.4,0.2,2
3586411,2011-09-28T08:57:17Z,-39.67,0.0,175.67,0.0,24.0,3.0,ML,,,,1.7,0.2,7
3586417,2011-09-28T09:06:58Z,-39.67,0.0,175.67,0.0,19.0,4.0,ML,,,,1.8,0.2,9
3586429,2011-09-28T09:41:50Z,-37.89,0.0,178.53,0.1,26.0,2.0,ML,,,,2.4,0.1,7
3586430,2011-09-28T09:43:38Z,-38.76,0.0,176.53,0.0,5.0,0.0,ML,,,,2.1,0.1,6
3586432,2011-09-28T09:46:46Z,-39.38,0.0,176.22,0.0,44.0,3.0,ML,,,,2.3,0.1,10
3586449,2011-09-28T10:44:45Z,-44.37,0.0,169.28,0.0,5.0,0.0,ML,,,,1.6,0.2,3
3586457,2011-09-28T11:02:18Z,-39.47,0.0,176.91,0.0,34.0,2.0,ML,,,,2.0,0.1,8
3672702,2011-09-28T11:16:33Z,-37.67,0.0,178.69,0.0,32.0,1.0,ML,,,,2.5,0.1,4
3586466,2011-09-28T11:27:26Z,-38.11,0.0,178.37,0.0,9.0,1.0,ML,,,,2.4,0.2,4
3586476,2011-09-28T11:49:19Z,-40.98,0.0,176.22,0.0,22.0,2.0,ML,,,,2.6,0.2,17
3586480,2011-09-28T12:01:41Z,-43.59,0.0,172.69,0.0,8.0,1.0,ML,,,,3.0,0.1,5
3586483,2011-09-28T12:08:45Z,-37.42,0.0,176.4,0.1,175.0,4.0,ML,,,,2.9,0.3,16
3586493,2011-09-28T12:33:02Z,-40.96,0.0,172.74,0.0,191.0,3.0,ML,,,,2.8,0.1,3
3586494,2011-09-28T12:38:59Z,-40.81,0.0,174.99,0.0,58.0,2.0,ML,,,,3.7,0.3,47
3586498,2011-09-28T12:51:09Z,-41.42,0.0,174.99,0.0,26.0,1.0,ML,,,,2.2,0.1,9
3586512,2011-09-28T13:34:24Z,-40.87,0.0,176.05,0.0,22.0,2.0,ML,,,,1.7,0.2,7
3673708,2011-09-28T13:35:11Z,-44.92,0.0,167.64,0.0,69.0,1.0,ML,,,,2.1,0.3,4
3586515,2011-09-28T13:47:06Z,-43.6,0.0,172.49,0.0,5.0,0.0,ML,,,,2.2,0.3,5
3586518,2011-09-28T13:58:53Z,-38.07,0.0,178.32,0.0,11.0,1.0,ML,,,,2.5,0.2,7
3586520,2011-09-28T14:04:41Z,-39.11,0.0,177.48,0.0,29.0,1.0,ML,,,,2.3,0.1,7
3586524,2011-09-28T14:14:08Z,-45.07,0.0,167.56,0.0,80.0,2.0,ML,,,,2.4,0.3,9
3673716,2011-09-28T14:55:23Z,-44.96,0.0,167.68,0.0,5.0,0.0,ML,,,,2.1,0.3,6
3586537,2011-09-28T14:57:09Z,-41.73,0.0,174.16,0.0,28.0,0.0,ML,,,,2.0,0.4,4
3586538,2011-09-28T14:58:07Z,-37.98,0.0,176.26,0.0,149.0,4.0,ML,,,,3.2,0.3,30
3586541,2011-09-28T15:06:51Z,-45.07,0.0,167.46,0.0,96.0,1.0,ML,,,,3.2,0.1,7
3586643,2011-09-28T15:07:44Z,-43.59,0.0,172.6,0.0,5.0,0.0,ML,,,,2.0,0.3,2
3586549,2011-09-28T15:21:50Z,-43.6,0.0,172.34,0.0,10.0,2.0,ML,,,,2.6,0.4,8
3586558,2011-09-28T15:48:14Z,-39.3,0.0,177.35,0.0,28.0,2.0,ML,,,,2.0,0.2,10
3586559,2011-09-28T15:50:58Z,-38.08,0.0,177.86,0.0,67.0,2.0,ML,,,,2.0,0.1,6
3586562,2011-09-28T15:57:08Z,-40.24,0.0,174.23,0.0,96.0,3.0,ML,,,,2.8,0.3,13
3586574,2011-09-28T16:29:33Z,-40.69,0.0,176.3,0.0,28.0,2.0,ML,,,,2.3,0.4,5
3586576,2011-09-28T16:36:27Z,-45.36,0.0,166.98,0.1,12.0,0.0,ML,,,,2.2,0.3,7
3586578,2011-09-28T16:42:10Z,-37.5,0.0,176.89,0.1,122.0,5.0,ML,,,,2.7,0.2,6
3586599,2011-09-28T17:49:08Z,-39.95,0.0,176.71,0.0,43.0,3.0,ML,,,,3.0,0.2,19
3586602,2011-09-28T18:00:44Z,-39.5,0.0,177.28,0.0,29.0,1.0,ML,,,,3.4,0.2,45
3586613,2011-09-28T18:01:23Z,-43.61,0.0,172.35,0.0,5.0,0.0,ML,,,,2.1,0.1,3
3586605,2011-09-28T18:11:50Z,-39.35,0.0,176.93,0.0,29.0,1.0,ML,,,,2.1,0.2,6
3586607,2011-09-28T18:16:21Z,-37.06,0.0,178.06,0.0,86.0,4.0,ML,,,,3.4,0.2,10
3586619,2011-09-28T18:53:25Z,-38.84,0.0,177.89,0.0,31.0,2.0,ML,,,,2.4,0.2,5
3586621,2011-09-28T18:57:34Z,-38.64,0.0,177.05,0.0,49.0,3.0,ML,,,,2.8,0.1,11
3586623,2011-09-28T19:00:07Z,-39.78,0.0,176.89,0.0,44.0,3.0,ML,,,,2.4,0.1,9
3586629,2011-09-28T19:20:18Z,-43.62,0.0,172.31,0.0,5.0,0.0,ML,,,,2.5,0.2,4
3586635,2011-09-28T19:37:46Z,-43.59,0.0,172.58,0.0,12.0,0.0,ML,,,,2.5,0.3,5
3586648,2011-09-28T20:08:08Z,-37.83,0.0,176.64,0.0,3.0,0.0,ML,,,,2.3,0.1,7
3586652,2011-09-28T20:16:57Z,-39.48,0.0,177.8,0.0,32.0,3.0,ML,,,,2.1,0.2,6
3586660,2011-09-28T20:42:44Z,-43.11,0.0,171.14,0.0,5.0,0.0,ML,,,,2.1,0.1,4
3586664,2011-09-28T20:51:44Z,-39.74,0.0,175.04,0.0,30.0,1.0,ML,,,,2.1,0.1,11
3586722,2011-09-28T23:29:58Z,-40.21,0.0,174.09,0.0,99.0,3.0,ML,,,,2.8,0.5,5
3586758,2011-09-29T01:09:24Z,-43.61,0.0,172.52,0.0,13.0,2.0,ML,,,,2.6,0.3,7
3586762,2011-09-29T01:21:58Z,-43.55,0.0,172.62,0.0,6.0,2.0,ML,,,,2.4,0.2,4
3586771,2011-09-29T01:35:41Z,-43.57,0.0,172.66,0.0,9.0,1.0,ML,,,,2.5,0.2,4
3586772,2011-09-29T01:38:31Z,-39.28,0.0,175.45,0.0,16.0,1.0,ML,,,,2.3,0.2,11
3586784,2011-09-29T02:08:47Z,-38.26,0.0,176.82,0.0,71.0,1.0,ML,,,,3.5,0.2,31
3586801,2011-09-29T02:49:25Z,-40.67,0.0,173.26,0.0,159.0,3.0,ML,,,,2.8,0.1,2
3586803,2011-09-29T02:51:35Z,-40.5,0.0,174.41,0.0,31.0,3.0,ML,,,,2.1,0.3,6
3672700,2011-09-29T02:52:32Z,-45.06,0.0,167.48,0.0,74.0,3.0,ML,,,,2.6,0.2,8
3586844,2011-09-29T04:51:59Z,-43.18,0.0,171.45,0.0,5.0,0.0,ML,,,,2.3,0.2,8
3586864,2011-09-29T05:46:40Z,-43.59,0.0,172.51,0.0,5.0,0.0,ML,,,,2.8,0.1,4
3586874,2011-09-29T06:17:25Z,-37.83,0.0,176.63,0.0,2.0,0.0,ML,,,,3.1,0.2,25
3586891,2011-09-29T06:59:33Z,-39.28,0.0,173.83,0.0,12.0,0.0,ML,,,,1.5,0.0,2
3586913,2011-09-29T08:09:41Z,-43.58,0.0,172.52,0.0,5.0,0.0,ML,,,,2.3,0.4,5
3586942,2011-09-29T09:12:44Z,-43.57,0.0,171.9,0.0,5.0,0.0,ML,,,,2.7,0.2,5
3586951,2011-09-29T09:39:32Z,-39.48,0.0,177.05,0.0,33.0,0.0,ML,,,,2.2,0.1,6
3586960,2011-09-29T10:02:37Z,-38.18,0.0,177.72,0.0,68.0,2.0,ML,,,,3.1,0.2,16
3586969,2011-09-29T10:31:02Z,-43.23,0.0,172.62,0.0,30.0,1.0,ML,,,,3.0,0.1,4
3586998,2011-09-29T11:45:20Z,-37.77,0.0,176.7,0.0,5.0,0.0,ML,,,,2.3,0.1,9
3586999,2011-09-29T11:47:30Z,-35.51,0.1,178.79,0.1,222.0,8.0,ML,,,,3.6,0.2,16
3587012,2011-09-29T12:20:22Z,-40.04,0.0,176.51,0.0,38.0,2.0,ML,,,,2.1,0.3,8
3587014,2011-09-29T12:26:22Z,-40.12,0.0,174.45,0.0,78.0,3.0,ML,,,,2.4,0.3,6
3587018,2011-09-29T12:37:42Z,-40.14,0.0,176.35,0.0,51.0,1.0,ML,,,,2.3,0.3,9
3587036,2011-09-29T13:18:33Z,-37.49,0.0,-179.99,0.0,33.0,0.0,ML,,,,3.1,0.1,5
3587045,2011-09-29T13:46:42Z,-38.37,0.0,177.5,0.0,39.0,2.0,ML,,,,3.6,0.2,37
3587049,2011-09-29T14:04:56Z,-45.94,0.0,166.39,0.0,12.0,0.0,ML,,,,2.6,0.1,2
3587051,2011-09-29T14:12:06Z,-43.04,0.0,171.95,0.0,5.0,0.0,ML,,,,2.2,0.2,6
3587077,2011-09-29T15:22:37Z,-38.08,0.0,177.96,0.0,31.0,1.0,ML,,,,2.1,0.2,6
3587078,2011-09-29T15:28:04Z,-43.6,0.0,172.48,0.0,5.0,0.0,ML,,,,2.3,0.3,6
3587097,2011-09-29T16:15:53Z,-38.52,0.0,177.59,0.0,54.0,2.0,ML,,,,2.2,0.2,7
3587105,2011-09-29T16:30:24Z,-37.61,0.0,177.21,0.0,79.0,5.0,ML,,,,2.4,0.2,4
3587115,2011-09-29T17:00:50Z,-38.36,0.0,176.23,0.0,5.0,0.0,ML,,,,2.4,0.2,11
3587117,2011-09-29T17:03:58Z,-38.36,0.0,176.23,0.0,5.0,0.0,ML,,,,1.7,0.1,6
3587135,2011-09-29T17:43:53Z,-45.1,0.0,167.44,0.0,125.0,3.0,ML,,,,2.6,0.1,6
3587139,2011-09-29T17:58:01Z,-40.36,0.0,176.16,0.0,26.0,1.0,ML,,,,2.0,0.1,8
3587151,2011-09-29T18:26:16Z,-41.77,0.0,174.1,0.0,12.0,0.0,ML,,,,2.4,0.4,8
3587166,2011-09-29T19:16:03Z,-43.56,0.0,171.94,0.0,5.0,0.0,ML,,,,3.3,0.1,8
3587176,2011-09-29T19:47:02Z,-36.61,0.1,176.71,0.1,200.0,8.0,ML,,,,3.8,0.2,8
3672769,2011-09-29T19:47:37Z,-39.14,0.0,174.57,0.0,17.0,1.0,ML,,,,2.2,0.1,6
3587208,2011-09-29T21:18:53Z,-45.25,0.0,166.83,0.0,26.0,2.0,ML,,,,2.2,0.2,3
3587237,2011-09-29T21:19:27Z,-44.48,0.0,170.09,0.0,10.0,2.0,ML,,,,2.3,0.2,7
3587227,2011-09-29T22:15:58Z,-39.1,0.0,177.45,0.0,27.0,1.0,ML,,,,2.5,0.2,8
3587245,2011-09-29T23:05:04Z,-37.77,0.0,178.88,0.0,28.0,1.0,ML,,,,3.6,0.3,18
3587271,2011-09-30T00:13:14Z,-40.32,0.0,174.24,0.0,76.0,2.0,ML,,,,2.4,0.2,3
3587279,2011-09-30T00:41:16Z,-40.34,0.0,176.5,0.0,15.0,2.0,ML,,,,2.5,0.1,14
3587292,2011-09-30T01:17:36Z,-39.16,0.0,175.38,0.0,13.0,1.0,ML,,,,1.8,0.1,5
3587314,2011-09-30T02:12:29Z,-42.14,0.0,172.81,0.0,40.0,4.0,ML,,,,2.6,0.3,2
3587320,2011-09-30T02:28:28Z,-43.53,0.0,172.73,0.0,10.0,2.0,ML,,,,2.6,0.3,6
3587324,2011-09-30T02:38:54Z,-36.58,0.0,175.04,0.0,5.0,0.0,ML,,,,2.3,0.2,3
3587328,2011-09-30T02:50:11Z,-38.54,0.0,175.79,0.1,159.0,8.0,ML,,,,3.2,0.4,10
3587345,2011-09-30T03:43:22Z,-41.77,0.0,174.33,0.0,5.0,0.0,ML,,,,2.3,0.3,6
3587355,2011-09-30T04:13:33Z,-44.99,0.0,167.44,0.0,124.0,2.0,ML,,,,3.5,0.1,11
3587443,2011-09-30T04:15:10Z,-39.25,0.0,177.71,0.0,29.0,3.0,ML,,,,2.3,0.1,4
3587379,2011-09-30T05:36:20Z,-40.33,0.0,176.54,0.0,16.0,3.0,ML,,,,2.2,0.1,9
3587390,2011-09-30T06:09:25Z,-37.82,0.0,176.63,0.0,5.0,0.0,ML,,,,2.2,0.1,8
3587414,2011-09-30T07:14:07Z,-38.12,0.0,178.33,0.0,26.0,2.0,ML,,,,2.1,0.2,5
3587448,2011-09-30T07:15:02Z,-43.22,0.0,170.61,0.0,5.0,0.0,ML,,,,2.6,0.2,9
3587415,2011-09-30T07:17:30Z,-37.92,0.0,176.12,0.0,147.0,5.0,ML,,,,3.2,0.3,17
3587416,2011-09-30T07:21:54Z,-39.33,0.0,175.39,0.0,12.0,1.0,ML,,,,1.5,0.3,7
3587417,2011-09-30T07:24:43Z,-36.59,0.1,177.34,0.1,131.0,11.0,ML,,,,2.9,0.2,6
3587433,2011-09-30T08:14:56Z,-43.59,0.0,172.49,0.0,5.0,0.0,ML,,,,2.5,0.3,5
3587438,2011-09-30T08:29:19Z,-41.42,0.0,172.72,0.0,94.0,3.0,ML,,,,2.5,0.2,7
3587456,2011-09-30T09:14:14Z,-43.45,0.0,172.09,0.0,5.0,0.0,ML,,,,1.8,0.1,4
3587454,2011-09-30T09:14:16Z,-40.58,0.0,176.43,0.0,23.0,1.0,ML,,,,2.5,0.2,13
3672714,2011-09-30T09:34:08Z,-40.44,0.0,174.13,0.0,78.0,3.0,ML,,,,2.3,0.3,3
3587459,2011-09-30T09:34:22Z,-40.67,0.0,175.42,0.0,36.0,1.0,ML,,,,2.3,0.1,5
3587650,2011-09-30T09:35:04Z,-45.36,0.0,167.13,0.0,102.0,2.0,ML,,,,3.0,0.2,6
3587469,2011-09-30T10:10:37Z,-40.71,0.0,176.46,0.0,26.0,2.0,ML,,,,2.9,0.2,14
3587661,2011-09-30T10:11:41Z,-43.51,0.0,172.58,0.0,10.0,2.0,ML,,,,1.8,0.2,3
3587477,2011-09-30T10:36:17Z,-40.08,0.0,176.57,0.0,45.0,2.0,ML,,,,2.6,0.2,12
3587479,2011-09-30T10:42:25Z,-36.57,0.0,177.74,0.0,158.0,4.0,Mw,4.8,nan,0,5.7,0.3,56
3587671,2011-09-30T10:50:00Z,-45.3,0.0,167.44,0.0,103.0,3.0,ML,,,,2.4,0.3,8
3587480,2011-09-30T10:51:18Z,-43.61,0.0,172.52,0.0,5.0,2.0,ML,,,,2.8,0.1,3
3587490,2011-09-30T11:18:58Z,-38.6,0.0,178.11,0.0,31.0,1.0,ML,,,,1.9,0.2,6
3587514,2011-09-30T12:48:04Z,-40.69,0.0,176.49,0.0,25.0,1.0,ML,,,,2.4,0.2,7
3587532,2011-09-30T13:41:02Z,-38.92,0.0,178.03,0.0,36.0,2.0,ML,,,,2.1,0.1,9
3587543,2011-09-30T14:10:47Z,-38.08,0.0,177.77,0.0,71.0,2.0,ML,,,,1.9,0.0,2
3587679,2011-09-30T14:11:24Z,-36.57,0.0,175.05,0.0,5.0,0.0,ML,,,,2.6,0.2,4
3587552,2011-09-30T14:38:09Z,-35.39,0.1,179.33,0.1,259.0,22.0,ML,,,,3.4,0.1,6
3587553,2011-09-30T14:40:13Z,-36.58,0.0,175.04,0.0,5.0,0.0,ML,,,,2.1,0.2,7
3587557,2011-09-30T14:53:02Z,-39.55,0.0,175.56,0.0,19.0,1.0,ML,,,,2.2,0.1,11
3587558,2011-09-30T14:55:05Z,-37.85,0.0,176.63,0.0,5.0,0.0,ML,,,,2.3,0.2,10
3587575,2011-09-30T16:01:38Z,-38.6,0.0,177.48,0.0,32.0,1.0,ML,,,,2.4,0.2,6
3587581,2011-09-30T16:19:14Z,-43.59,0.0,172.29,0.0,5.0,0.0,ML,,,,1.9,0.1,4
3673152,2011-09-30T16:19:41Z,-38.85,0.0,177.43,0.0,10.0,1.0,ML,,,,1.9,0.3,3
3587598,2011-09-30T17:05:15Z,-40.36,0.0,176.16,0.0,28.0,2.0,ML,,,,1.9,0.2,9
3587693,2011-09-30T17:05:30Z,-38.5,0.0,178.17,0.0,30.0,1.0,ML,,,,2.3,0.3,6
3587607,2011-09-30T17:44:42Z,-36.29,0.0,178.44,0.1,12.0,0.0,ML,,,,3.5,0.3,12
3587634,2011-09-30T19:07:37Z,-39.87,0.0,176.65,0.0,44.0,3.0,ML,,,,2.4,0.1,9
3587636,2011-09-30T19:13:00Z,-39.97,0.0,175.24,0.0,15.0,3.0,ML,,,,2.7,0.1,16
3587642,2011-09-30T19:28:32Z,-40.7,0.0,176.29,0.0,30.0,2.0,ML,,,,2.0,0.1,5
3587656,2011-09-30T20:04:32Z,-45.64,0.0,167.08,0.0,80.0,2.0,ML,,,,2.7,0.2,9
3587682,2011-09-30T21:16:52Z,-39.36,0.0,177.74,0.0,43.0,4.0,ML,,,,2.5,0.1,5
3587685,2011-09-30T21:23:22Z,-43.6,0.0,172.49,0.0,13.0,5.0,ML,,,,2.6,0.4,4
3587698,2011-09-30T21:54:22Z,-39.87,0.0,173.58,0.0,5.0,0.0,ML,,,,3.1,0.3,13
3587702,2011-09-30T22:05:46Z,-39.81,0.0,173.93,0.0,185.0,6.0,ML,,,,3.2,0.3,11
3587956,2011-09-30T23:07:58Z,-45.04,0.0,167.45,0.0,117.0,2.0,ML,,,,3.2,0.3,12
3587722,2011-09-30T23:09:02Z,-39.66,0.0,176.24,0.0,32.0,1.0,ML,,,,2.9,0.2,32
3587734,2011-09-30T23:47:49Z,-40.14,0.0,174.78,0.0,29.0,3.0,ML,,,,2.5,0.3,5
3587744,2011-10-01T00:15:31Z,-40.86,0.0,175.52,0.0,27.0,1.0,ML,,,,3.3,0.2,37
3587745,2011-10-01T00:17:12Z,-40.84,0.0,175.5,0.0,26.0,1.0,ML,,,,2.6,0.2,14
3587746,2011-10-01T00:18:39Z,-40.85,0.0,175.52,0.0,26.0,1.0,ML,,,,2.7,0.2,15
3587747,2011-10-01T00:21:40Z,-40.57,0.0,175.34,0.0,32.0,1.0,ML,,,,2.5,0.2,11
3587750,2011-10-01T00:33:18Z,-40.85,0.0,175.54,0.0,28.0,0.0,ML,,,,2.1,0.2,4
3587760,2011-10-01T01:10:48Z,-40.55,0.0,174.66,0.0,28.0,1.0,ML,,,,2.6,0.3,12
3587798,2011-10-01T03:09:39Z,-43.57,0.0,172.5,0.0,5.0,0.0,ML,,,,2.7,0.2,5
3587799,2011-10-01T03:12:39Z,-41.75,0.0,174.31,0.0,12.0,2.0,ML,,,,3.0,0.2,17
3587812,2011-10-01T03:48:25Z,-36.57,0.0,175.04,0.0,5.0,0.0,ML,,,,2.7,0.2,5
3587837,2011-10-01T05:01:18Z,-45.49,0.0,166.99,0.0,63.0,2.0,ML,,,,2.8,0.3,9
3587843,2011-10-01T05:19:55Z,-43.61,0.0,171.9,0.0,5.0,0.0,ML,,,,3.0,0.2,9
3587872,2011-10-01T06:45:56Z,-40.34,0.0,176.31,0.0,29.0,2.0,ML,,,,2.2,0.2,7
3587877,2011-10-01T06:59:42Z,-41.76,0.0,174.33,0.0,12.0,0.0,ML,,,,3.0,0.2,18
3587881,2011-10-01T07:12:46Z,-38.65,0.0,178.78,0.0,33.0,0.0,ML,,,,3.5,0.1,17
3587911,2011-10-01T08:28:34Z,-43.6,0.0,172.48,0.0,5.0,0.0,ML,,,,2.4,0.3,4
3587964,2011-10-01T10:43:02Z,-43.63,0.0,171.88,0.0,5.0,0.0,ML,,,,2.6,0.3,7
3587966,2011-10-01T10:54:29Z,-48.98,0.0,164.54,0.0,10.0,0.0,Mw,5.6,nan,0,5.6,0.4,35
3587986,2011-10-01T11:57:50Z,-38.38,0.0,177.3,0.0,42.0,3.0,ML,,,,3.0,0.2,8
3587988,2011-10-01T12:02:30Z,-36.58,0.0,175.04,0.0,5.0,0.0,ML,,,,1.9,0.2,5
3587992,2011-10-01T12:10:27Z,-40.0,0.0,173.7,0.0,222.0,3.0,ML,,,,3.3,0.2,6
3588200,2011-10-01T12:11:18Z,-36.58,0.0,175.03,0.0,8.0,1.0,ML,,,,2.2,0.2,6
3588016,2011-10-01T13:08:18Z,-38.95,0.0,177.83,0.0,36.0,1.0,ML,,,,2.2,0.2,11
3588036,2011-10-01T13:58:12Z,-40.39,0.0,173.94,0.0,101.0,3.0,ML,,,,3.0,0.2,8
3588053,2011-10-01T14:40:19Z,-41.05,0.0,172.05,0.0,5.0,0.0,ML,,,,2.8,0.1,5
3588454,2011-10-01T14:40:53Z,-45.54,0.0,166.61,0.0,5.0,0.0,ML,,,,2.3,0.2,4
3588064,2011-10-01T15:18:38Z,-40.06,0.0,176.74,0.0,40.0,2.0,ML,,,,1.9,0.3,8
3673266,2011-10-01T15:19:01Z,-38.17,0.0,178.22,0.0,10.0,2.0,ML,,,,1.9,0.2,5
3588071,2011-10-01T15:41:38Z,-38.58,0.0,177.89,0.0,32.0,1.0,ML,,,,2.0,0.1,7
3588072,2011-10-01T15:43:14Z,-38.48,0.0,176.17,0.0,5.0,0.0,ML,,,,1.8,0.2,7
3588073,2011-10-01T15:48:32Z,-38.59,0.0,177.72,0.0,28.0,1.0,ML,,,,2.6,0.2,9
3588074,2011-10-01T15:49:29Z,-39.76,0.0,176.67,0.0,58.0,3.0,ML,,,,2.3,0.2,7
3588096,2011-10-01T16:51:12Z,-43.01,0.0,171.76,0.0,5.0,0.0,ML,,,,3.2,0.2,10
3588142,2011-10-01T19:03:56Z,-39.26,0.0,175.43,0.0,88.0,3.0,ML,,,,2.8,0.1,9
3588144,2011-10-01T19:11:32Z,-45.42,0.0,167.01,0.0,65.0,1.0,ML,,,,2.4,0.2,6
3588157,2011-10-01T19:49:00Z,-40.16,0.0,176.35,0.0,49.0,1.0,ML,,,,2.8,0.2,13
3588159,2011-10-01T19:53:58Z,-42.11,0.0,177.38,0.1,12.0,0.0,ML,,,,3.3,0.2,7
3588177,2011-10-01T20:47:42Z,-38.34,0.0,176.32,0.0,4.0,1.0,ML,,,,1.7,0.2,4
3588178,2011-10-01T20:49:10Z,-38.33,0.0,176.33,0.0,5.0,0.0,ML,,,,2.1,0.2,11
3588181,2011-10-01T20:55:33Z,-38.33,0.0,176.32,0.0,5.0,0.0,ML,,,,2.2,0.2,9
3588183,2011-10-01T21:00:41Z,-38.33,0.0,176.32,0.0,5.0,0.0,ML,,,,1.8,0.1,4
3588188,2011-10-01T21:10:57Z,-38.34,0.0,176.31,0.0,5.0,0.0,ML,,,,1.9,0.2,10
3588938,2011-10-01T21:11:33Z,-38.34,0.0,176.33,0.0,2.0,0.0,ML,,,,2.2,0.2,11
3588190,2011-10-01T21:16:08Z,-38.34,0.0,176.32,0.0,5.0,0.0,ML,,,,1.9,0.2,6
3588195,2011-10-01T21:28:16Z,-38.34,0.0,176.33,0.0,2.0,0.0,ML,,,,2.6,0.2,13
3588199,2011-10-01T21:34:52Z,-38.33,0.0,176.33,0.0,2.0,0.0,ML,,,,1.8,0.1,7
3588203,2011-10-01T21:39:14Z,-40.93,0.0,175.99,0.0,25.0,2.0,ML,,,,2.2,0.1,9
3588204,2011-10-01T21:43:55Z,-38.2,0.0,175.81,0.0,170.0,4.0,ML,,,,3.4,0.2,11
3588208,2011-10-01T21:54:16Z,-38.34,0.0,176.31,0.0,5.0,0.0,ML,,,,2.0,0.2,8
3588217,2011-10-01T22:13:46Z,-38.33,0.0,176.33,0.0,5.0,2.0,ML,,,,1.7,0.2,4
3588226,2011-10-01T22:46:50Z,-43.62,0.0,172.35,0.0,5.0,0.0,ML,,,,2.5,0.3,4
3588262,2011-10-02T00:35:02Z,-38.34,0.0,176.32,0.0,5.0,0.0,ML,,,,1.9,0.1,4
3588290,2011-10-02T01:47:55Z,-41.01,0.0,176.08,0.0,25.0,1.0,ML,,,,2.1,0.2,9
3588318,2011-10-02T03:18:55Z,-40.77,0.0,175.73,0.0,28.0,3.0,ML,,,,1.8,0.1,4
3588341,2011-10-02T04:10:20Z,-41.21,0.0,173.66,0.0,67.0,2.0,ML,,,,2.3,0.1,3
3673213,2011-10-02T04:12:47Z,-45.18,0.0,167.31,0.0,63.0,3.0,ML,,,,2.5,0.2,6
3588346,2011-10-02T04:28:37Z,-43.61,0.0,172.23,0.0,6.0,2.0,ML,,,,2.6,0.3,7
3588347,2011-10-02T04:32:02Z,-39.3,0.0,176.39,0.0,66.0,2.0,ML,,,,2.6,0.1,4
3588362,2011-10-02T05:08:47Z,-40.83,0.0,175.65,0.0,21.0,2.0,ML,,,,1.9,0.1,4
3588377,2011-10-02T05:58:06Z,-38.73,0.0,176.07,0.0,95.0,2.0,ML,,,,3.1,0.2,9
3588379,2011-10-02T06:04:18Z,-38.11,0.0,175.73,0.0,191.0,6.0,ML,,,,3.4,0.2,7
3588386,2011-10-02T06:30:52Z,-41.36,0.0,175.18,0.0,18.0,1.0,ML,,,,1.8,0.1,6
3588390,2011-10-02T06:38:55Z,-38.45,0.0,176.17,0.0,7.0,2.0,ML,,,,2.1,0.1,9
3588391,2011-10-02T06:42:12Z,-38.46,0.0,176.19,0.0,5.0,0.0,ML,,,,1.6,0.1,5
3673268,2011-10-02T06:42:21Z,-38.45,0.0,176.19,0.0,5.0,0.0,ML,,,,1.8,0.1,5
3588403,2011-10-02T07:12:46Z,-39.59,0.0,177.86,0.0,33.0,0.0,ML,,,,2.6,0.1,6
3588439,2011-10-02T08:39:35Z,-40.13,0.0,175.95,0.0,28.0,2.0,ML,,,,1.9,0.2,7
3588462,2011-10-02T09:36:02Z,-35.32,0.0,178.98,0.0,239.0,7.0,ML,,,,4.9,0.2,54
3588500,2011-10-02T11:26:33Z,-39.15,0.0,175.36,0.0,9.0,1.0,ML,,,,2.2,0.1,16
3673290,2011-10-02T11:26:43Z,-43.5,0.0,171.13,0.0,12.0,0.0,ML,,,,2.4,0.4,9
3588657,2011-10-02T11:27:44Z,-43.5,0.0,171.14,0.0,17.0,2.0,ML,,,,3.4,0.2,16
3588531,2011-10-02T12:47:57Z,-38.28,0.1,175.37,0.1,153.0,8.0,ML,,,,3.1,0.3,16
3588538,2011-10-02T13:08:10Z,-43.19,0.0,170.87,0.0,5.0,0.0,ML,,,,2.8,0.3,12
3588555,2011-10-02T13:50:40Z,-40.48,0.0,174.5,0.0,45.0,5.0,ML,,,,2.2,0.2,8
3588569,2011-10-02T14:28:34Z,-43.27,0.0,171.99,0.0,8.0,1.0,ML,,,,3.3,0.2,13
3588578,2011-10-02T14:53:16Z,-41.37,0.0,175.38,0.0,37.0,2.0,ML,,,,1.7,0.1,5
3588579,2011-10-02T14:56:14Z,-47.34,0.1,165.5,0.1,33.0,0.0,ML,,,,2.7,0.2,6
3588663,2011-10-02T15:08:50Z,-40.07,0.0,176.75,0.0,42.0,1.0,ML,,,,2.9,0.2,13
3588585,2011-10-02T15:08:53Z,-43.57,0.0,172.72,0.0,9.0,1.0,ML,,,,2.9,0.3,5
3588641,2011-10-02T17:44:34Z,-45.05,0.0,167.51,0.0,65.0,1.0,ML,,,,2.3,0.2,8
3588646,2011-10-02T18:00:27Z,-37.45,0.0,176.65,0.1,151.0,5.0,ML,,,,3.3,0.3,9
3588650,2011-10-02T18:16:16Z,-39.09,0.0,175.22,0.0,61.0,7.0,ML,,,,2.9,0.2,6
3588653,2011-10-02T18:21:48Z,-38.32,0.0,178.08,0.0,32.0,2.0,ML,,,,2.6,0.1,7
3588667,2011-10-02T18:54:09Z,-43.6,0.0,172.49,0.0,5.0,0.0,ML,,,,2.7,0.3,4
3588693,2011-10-02T20:06:12Z,-43.59,0.0,172.04,0.0,5.0,0.0,ML,,,,2.7,0.3,8
3588711,2011-10-02T20:51:44Z,-43.59,0.0,172.71,0.0,6.0,1.0,ML,,,,3.0,0.2,5
3588713,2011-10-02T20:56:56Z,-41.25,0.0,172.88,0.0,195.0,4.0,ML,,,,3.2,0.2,6
3588730,2011-10-02T21:36:09Z,-43.6,0.0,172.48,0.0,5.0,0.0,ML,,,,2.5,0.3,5
3588733,2011-10-02T21:46:29Z,-40.23,0.0,175.03,0.0,5.0,0.0,ML,,,,3.5,0.2,60
3673833,2011-10-02T22:39:10Z,-40.93,0.0,175.41,0.0,23.0,1.0,ML,,,,1.5,0.2,4
3588754,2011-10-02T22:39:39Z,-43.66,0.0,172.31,0.0,5.0,0.0,ML,,,,2.3,0.2,3
3588759,2011-10-02T22:49:55Z,-40.08,0.0,174.81,0.0,12.0,0.0,ML,,,,2.7,0.2,14
3588764,2011-10-02T22:59:33Z,-40.29,0.0,175.02,0.0,12.0,0.0,ML,,,,2.3,0.3,9
3588765,2011-10-02T23:04:22Z,-43.51,0.0,172.19,0.0,9.0,1.0,ML,,,,3.1,0.2,9
3588767,2011-10-02T23:11:44Z,-39.48,0.0,177.36,0.0,29.0,1.0,ML,,,,2.4,0.1,10
3588789,2011-10-03T00:09:54Z,-38.13,0.0,178.82,0.0,33.0,0.0,ML,,,,3.1,0.2,13
3588801,2011-10-03T00:43:20Z,-43.58,0.0,172.39,0.0,5.0,0.0,ML,,,,2.4,0.1,5
3588803,2011-10-03T00:50:39Z,-39.79,0.0,176.86,0.0,44.0,2.0,ML,,,,2.2,0.1,5
3673236,2011-10-03T00:52:45Z,-43.6,0.0,172.6,0.0,5.0,0.0,ML,,,,2.7,0.2,3
3588822,2011-10-03T01:40:14Z,-39.34,0.0,177.58,0.0,33.0,0.0,ML,,,,2.1,0.1,9
3673243,2011-10-03T02:17:49Z,-38.47,0.0,178.08,0.0,12.0,0.0,ML,,,,2.0,0.1,4
3673240,2011-10-03T02:18:54Z,-40.29,0.0,175.02,0.0,12.0,0.0,ML,,,,2.5,0.5,6
3588838,2011-10-03T02:18:57Z,-44.97,0.0,167.6,0.0,59.0,2.0,ML,,,,3.0,0.2,8
3588894,2011-10-03T04:54:46Z,-37.85,0.0,176.62,0.0,2.0,0.0,ML,,,,2.5,0.1,10
3588895,2011-10-03T04:58:21Z,-37.82,0.0,176.64,0.0,2.0,0.0,ML,,,,2.6,0.2,6
3588902,2011-10-03T05:16:04Z,-37.82,0.0,176.64,0.0,5.0,0.0,ML,,,,2.4,0.1,4
3588926,2011-10-03T06:15:05Z,-39.85,0.0,177.08,0.0,56.0,2.0,ML,,,,2.8,0.1,11
3588936,2011-10-03T06:43:42Z,-44.74,0.0,168.06,0.0,90.0,4.0,ML,,,,2.6,0.2,5
3588959,2011-10-03T07:44:25Z,-43.58,0.0,172.71,0.0,6.0,0.0,ML,,,,2.8,0.3,6
3588966,2011-10-03T08:01:58Z,-37.04,0.1,176.33,0.1,223.0,4.0,ML,,,,3.6,0.2,12
3588969,2011-10-03T08:08:58Z,-41.02,0.0,175.13,0.0,28.0,1.0,ML,,,,2.3,0.2,9
3588973,2011-10-03T08:18:17Z,-43.57,0.0,172.76,0.0,5.0,0.0,ML,,,,2.7,0.2,6
3588990,2011-10-03T08:50:49Z,-40.26,0.0,175.03,0.0,12.0,0.0,ML,,,,2.6,0.3,17
3588995,2011-10-03T08:57:18Z,-40.36,0.0,176.01,0.0,50.0,2.0,ML,,,,2.2,0.2,2
3589032,2011-10-03T10:29:02Z,-45.27,0.0,167.29,0.0,67.0,3.0,ML,,,,2.5,0.3,7
3589037,2011-10-03T10:38:49Z,-37.83,0.0,176.74,0.0,5.0,0.0,ML,,,,2.3,0.2,3
3589052,2011-10-03T11:12:45Z,-41.29,0.0,174.03,0.0,45.0,2.0,ML,,,,2.2,0.2,5
3589054,2011-10-03T11:17:17Z,-40.3,0.1,173.73,0.1,187.0,6.0,ML,,,,2.9,0.3,6
3589083,2011-10-03T12:23:39Z,-44.88,0.0,167.67,0.0,82.0,2.0,ML,,,,2.8,0.3,11
3589092,2011-10-03T12:50:05Z,-39.12,0.0,177.87,0.0,57.0,2.0,ML,,,,3.1,0.2,19
3589094,2011-10-03T12:58:45Z,-43.57,0.0,172.6,0.0,6.0,1.0,ML,,,,2.8,0.3,6
3589096,2011-10-03T13:01:21Z,-39.74,0.1,174.28,0.0,196.0,6.0,ML,,,,3.0,0.1,8
3589126,2011-10-03T14:19:30Z,-38.45,0.0,178.77,0.0,33.0,0.0,Mw,4.4,nan,0,4.3,0.2,61
3589127,2011-10-03T14:26:19Z,-37.75,0.0,176.78,0.0,5.0,0.0,ML,,,,2.6,0.3,7
3589130,2011-10-03T14:30:37Z,-37.72,0.1,176.06,0.1,183.0,7.0,ML,,,,3.1,0.3,20
3589145,2011-10-03T15:17:12Z,-38.23,0.0,178.43,0.0,12.0,0.0,ML,,,,2.7,0.1,9
3589149,2011-10-03T15:26:31Z,-38.25,0.0,178.48,0.1,12.0,0.0,ML,,,,2.2,0.1,4
3589151,2011-10-03T15:31:35Z,-40.06,0.0,176.33,0.0,30.0,1.0,ML,,,,2.1,0.2,11
3589155,2011-10-03T15:44:07Z,-37.81,0.0,176.74,0.0,2.0,0.0,ML,,,,2.1,0.1,9
3589167,2011-10-03T16:14:43Z,-39.99,0.0,176.57,0.0,46.0,2.0,ML,,,,1.9,0.2,8
3589177,2011-10-03T16:34:43Z,-41.26,0.0,172.73,0.0,149.0,2.0,ML,,,,3.3,0.1,9
3589179,2011-10-03T16:42:37Z,-39.99,0.0,176.74,0.0,41.0,3.0,ML,,,,2.0,0.3,6
3589185,2011-10-03T16:54:11Z,-40.25,0.0,176.34,0.0,5.0,0.0,ML,,,,2.1,0.1,7
3589188,2011-10-03T17:04:04Z,-37.81,0.0,179.33,0.1,33.0,0.0,ML,,,,3.1,0.3,7
3589195,2011-10-03T17:27:05Z,-38.39,0.0,177.87,0.0,25.0,1.0,ML,,,,2.7,0.2,10
3589209,2011-10-03T18:00:40Z,-37.85,0.0,179.36,0.0,33.0,0.0,ML,,,,3.1,0.2,5
3589211,2011-10-03T18:08:11Z,-39.55,0.0,175.67,0.0,11.0,2.0,ML,,,,2.1,0.2,10
3589225,2011-10-03T18:55:46Z,-41.36,0.0,175.43,0.0,36.0,1.0,ML,,,,2.1,0.1,7
3589264,2011-10-03T20:50:00Z,-39.27,0.0,173.83,0.0,18.0,1.0,ML,,,,3.2,0.2,30
3589280,2011-10-03T21:35:45Z,-43.58,0.0,172.69,0.0,7.0,0.0,ML,,,,3.5,0.2,15
3673329,2011-10-03T21:37:42Z,-38.52,0.0,178.71,0.1,33.0,0.0,ML,,,,2.5,0.1,4
3589309,2011-10-03T22:45:12Z,-42.04,0.0,171.77,0.0,5.0,0.0,ML,,,,2.2,0.2,3
3589326,2011-10-03T23:32:26Z,-39.16,0.0,177.44,0.0,26.0,4.0,ML,,,,2.1,0.2,6
3589340,2011-10-04T00:09:31Z,-45.62,0.0,166.75,0.0,12.0,0.0,ML,,,,2.7,0.2,8
3589341,2011-10-04T00:11:33Z,-43.66,0.0,172.36,0.0,10.0,1.0,ML,,,,3.2,0.2,10
3589349,2011-10-04T00:36:19Z,-41.15,0.0,174.7,0.0,36.0,2.0,ML,,,,2.7,0.2,16
3589394,2011-10-04T02:26:38Z,-37.51,0.0,176.3,0.0,177.0,2.0,ML,,,,3.2,0.1,9
3589402,2011-10-04T02:42:59Z,-39.86,0.0,176.71,0.0,49.0,2.0,ML,,,,2.1,0.2,6
3589436,2011-10-04T04:22:18Z,-43.59,0.0,172.62,0.0,5.0,0.0,ML,,,,2.7,0.3,4
3589445,2011-10-04T04:50:38Z,-39.56,0.0,176.95,0.0,29.0,2.0,ML,,,,2.2,0.0,5
3589452,2011-10-04T05:10:08Z,-44.6,0.0,167.7,0.0,12.0,0.0,ML,,,,3.6,0.2,18
3589462,2011-10-04T05:42:38Z,-40.28,0.0,175.06,0.0,88.0,2.0,ML,,,,3.0,0.1,17
3589485,2011-10-04T06:53:38Z,-40.05,0.0,176.54,0.0,45.0,3.0,ML,,,,2.4,0.2,11
3589522,2011-10-04T08:36:03Z,-38.13,0.0,178.26,0.0,33.0,0.0,ML,,,,3.0,0.2,13
3589524,2011-10-04T08:41:59Z,-38.14,0.0,178.23,0.0,27.0,2.0,ML,,,,2.2,0.2,5
3589534,2011-10-04T09:11:24Z,-39.2,0.0,175.0,0.0,145.0,3.0,ML,,,,3.3,0.2,14
3674242,2011-10-04T09:12:43Z,-38.12,0.0,176.73,0.0,5.0,0.0,ML,,,,1.5,0.2,6
3589541,2011-10-04T09:33:01Z,-39.23,0.0,176.24,0.0,65.0,2.0,ML,,,,2.5,0.1,5
3589567,2011-10-04T10:50:07Z,-43.61,0.0,172.65,0.0,9.0,0.0,ML,,,,3.6,0.2,15
3589596,2011-10-04T12:24:03Z,-44.15,0.0,168.4,0.0,5.0,0.0,ML,,,,2.4,0.3,10
3589601,2011-10-04T12:48:25Z,-39.69,0.0,177.0,0.0,47.0,2.0,ML,,,,2.2,0.2,8
3589619,2011-10-04T13:46:59Z,-37.15,0.0,177.68,0.0,94.0,4.0,ML,,,,3.1,0.2,8
3589623,2011-10-04T14:01:26Z,-37.76,0.1,176.07,0.1,126.0,16.0,ML,,,,3.0,0.5,6
3589645,2011-10-04T15:04:11Z,-41.19,0.0,175.26,0.0,20.0,1.0,ML,,,,1.9,0.2,6
3589647,2011-10-04T15:11:52Z,-39.92,0.0,176.84,0.0,39.0,2.0,ML,,,,2.1,0.1,10
3589650,2011-10-04T15:21:47Z,-37.53,0.0,176.81,0.0,163.0,4.0,ML,,,,3.6,0.3,30
3589666,2011-10-04T16:09:58Z,-39.84,0.0,176.68,0.0,44.0,1.0,ML,,,,2.4,0.1,9
3589667,2011-10-04T16:12:47Z,-40.01,0.0,176.59,0.0,45.0,3.0,ML,,,,2.3,0.1,5
3589672,2011-10-04T16:29:53Z,-38.2,0.0,175.9,0.0,97.0,5.0,ML,,,,2.6,0.3,5
3589673,2011-10-04T16:32:06Z,-38.82,0.0,175.28,0.0,196.0,5.0,ML,,,,3.0,0.3,11
3589685,2011-10-04T17:03:59Z,-39.79,0.0,176.78,0.0,43.0,1.0,ML,,,,2.1,0.1,11
3589721,2011-10-04T18:45:58Z,-43.63,0.0,172.4,0.0,9.0,1.0,ML,,,,2.9,0.2,8
3589723,2011-10-04T18:53:40Z,-44.23,0.0,169.57,0.0,12.0,0.0,ML,,,,2.4,0.2,6
3589763,2011-10-04T20:34:24Z,-41.36,0.0,172.77,0.0,128.0,2.0,ML,,,,3.0,0.2,3
3589764,2011-10-04T20:38:08Z,-40.01,0.0,176.95,0.0,46.0,2.0,ML,,,,3.5,0.3,46
3589767,2011-10-04T20:43:39Z,-35.75,0.1,178.51,0.1,216.0,7.0,ML,,,,4.0,0.2,18
3589769,2011-10-04T20:50:06Z,-39.81,0.0,177.08,0.0,33.0,0.0,ML,,,,3.1,0.2,19
3589772,2011-10-04T20:56:46Z,-39.44,0.0,175.55,0.0,19.0,2.0,ML,,,,2.2,0.1,6
3589793,2011-10-04T21:48:09Z,-38.45,0.0,176.17,0.0,6.0,2.0,ML,,,,2.1,0.2,11
3589807,2011-10-04T22:18:12Z,-38.45,0.0,176.16,0.0,6.0,2.0,ML,,,,2.0,0.1,10
3589812,2011-10-04T22:28:52Z,-39.16,0.0,175.36,0.0,12.0,1.0,ML,,,,1.6,0.2,5
3589823,2011-10-04T22:59:52Z,-38.44,0.0,176.18,0.0,5.0,0.0,ML,,,,1.8,0.1,5
3589855,2011-10-04T23:01:54Z,-38.98,0.0,175.75,0.0,7.0,1.0,ML,,,,1.8,0.1,5
3589827,2011-10-04T23:08:01Z,-38.45,0.0,176.17,0.0,5.0,0.0,ML,,,,2.1,0.1,8
3674258,2011-10-04T23:08:07Z,-38.98,0.0,175.76,0.0,5.0,0.0,ML,,,,1.7,0.1,6
3589828,2011-10-04T23:08:49Z,-37.05,0.1,179.39,0.1,12.0,0.0,ML,,,,3.4,0.3,10
3589831,2011-10-04T23:16:43Z,-40.95,0.0,173.4,0.0,88.0,2.0,ML,,,,2.9,0.3,3
3589833,2011-10-04T23:20:39Z,-38.44,0.0,176.17,0.0,5.0,0.0,ML,,,,1.9,0.1,5
3589835,2011-10-04T23:26:51Z,-39.8,0.0,177.13,0.0,23.0,1.0,ML,,,,3.6,0.2,48
3589836,2011-10-04T23:29:38Z,-38.43,0.0,176.2,0.0,2.0,0.0,ML,,,,1.7,0.1,5
3589837,2011-10-04T23:32:43Z,-39.78,0.0,177.06,0.0,25.0,1.0,ML,,,,2.8,0.2,17
3589842,2011-10-04T23:48:34Z,-43.6,0.0,172.48,0.0,5.0,0.0,ML,,,,2.6,0.1,4
3589872,2011-10-04T23:48:58Z,-39.78,0.0,177.07,0.0,12.0,0.0,ML,,,,2.7,0.2,12
3589844,2011-10-04T23:51:58Z,-39.59,0.0,177.01,0.0,58.0,3.0,ML,,,,2.5,0.1,6
3589846,2011-10-04T23:55:22Z,-38.07,0.0,178.98,0.0,29.0,2.0,ML,,,,3.1,0.2,9
3589851,2011-10-05T00:11:20Z,-40.88,0.0,175.13,0.0,30.0,1.0,ML,,,,2.4,0.2,10
3589854,2011-10-05T00:20:51Z,-38.07,0.0,178.78,0.0,33.0,3.0,ML,,,,2.6,0.1,4
3589889,2011-10-05T01:51:33Z,-42.17,0.0,171.86,0.0,5.0,0.0,ML,,,,2.0,0.2,3
3674361,2011-10-05T01:51:43Z,-45.48,0.0,166.73,0.0,12.0,0.0,ML,,,,2.2,0.2,3
3589902,2011-10-05T02:32:10Z,-38.53,0.0,175.92,0.0,2.0,0.0,ML,,,,2.8,0.2,25
3589904,2011-10-05T02:33:19Z,-38.53,0.0,175.91,0.0,2.0,0.0,ML,,,,2.3,0.2,9
3589926,2011-10-05T03:43:06Z,-39.18,0.0,177.81,0.0,26.0,2.0,ML,,,,2.3,0.1,9
3589939,2011-10-05T04:24:24Z,-43.59,0.0,172.75,0.0,7.0,1.0,ML,,,,3.1,0.2,8
3589986,2011-10-05T06:55:04Z,-38.27,0.0,175.98,0.0,140.0,5.0,ML,,,,3.3,0.4,18
3589994,2011-10-05T07:10:58Z,-39.86,0.0,176.68,0.0,33.0,0.0,ML,,,,1.9,0.1,6
3589996,2011-10-05T07:14:18Z,-39.89,0.0,176.67,0.0,31.0,1.0,ML,,,,3.7,0.2,75
3590002,2011-10-05T07:28:29Z,-39.86,0.0,176.62,0.0,28.0,2.0,ML,,,,2.1,0.1,9
3590016,2011-10-05T08:06:02Z,-45.07,0.0,167.56,0.0,99.0,1.0,ML,,,,2.5,0.3,5
3590017,2011-10-05T08:12:19Z,-44.68,0.0,168.21,0.0,5.0,0.0,ML,,,,2.1,0.2,5
3590027,2011-10-05T08:45:47Z,-45.3,0.0,166.91,0.0,12.0,0.0,ML,,,,2.2,0.2,6
3590029,2011-10-05T08:48:05Z,-39.15,0.0,177.46,0.0,28.0,1.0,ML,,,,2.0,0.2,10
3590033,2011-10-05T09:00:30Z,-39.87,0.0,176.62,0.0,27.0,1.0,ML,,,,2.4,0.1,13
3590035,2011-10-05T09:05:11Z,-39.86,0.0,176.61,0.0,22.0,2.0,ML,,,,1.9,0.1,12
3590043,2011-10-05T09:32:55Z,-35.46,0.1,178.68,0.1,213.0,7.0,ML,,,,3.7,0.3,8
3590051,2011-10-05T09:57:44Z,-37.55,0.0,176.3,0.0,303.0,4.0,Mw,4.6,nan,0,5.7,0.2,57
3590056,2011-10-05T10:16:39Z,-43.18,0.0,172.0,0.0,8.0,1.0,ML,,,,2.6,0.2,6
3590073,2011-10-05T11:03:15Z,-43.59,0.0,172.5,0.0,5.0,0.0,ML,,,,3.5,0.2,14
3590076,2011-10-05T11:18:58Z,-37.12,0.1,177.39,0.0,128.0,5.0,ML,,,,2.9,0.2,10
3590094,2011-10-05T12:15:41Z,-38.14,0.0,178.23,0.0,28.0,1.0,ML,,,,3.0,0.2,11
3590095,2011-10-05T12:20:29Z,-38.14,0.0,178.23,0.0,26.0,2.0,ML,,,,2.3,0.2,5
3590101,2011-10-05T12:35:00Z,-37.03,0.1,179.03,0.1,5.0,0.0,ML,,,,3.4,0.2,8
3590103,2011-10-05T12:39:57Z,-35.43,0.2,178.42,0.2,197.0,21.0,ML,,,,3.4,0.3,9
3590105,2011-10-05T12:44:51Z,-38.14,0.0,178.23,0.0,27.0,1.0,ML,,,,2.3,0.2,6
3590108,2011-10-05T12:55:00Z,-40.0,0.0,176.59,0.0,44.0,2.0,ML,,,,2.2,0.3,9
3590117,2011-10-05T13:15:51Z,-40.39,0.0,176.21,0.0,25.0,1.0,ML,,,,2.0,0.2,14
3590122,2011-10-05T13:29:14Z,-40.56,0.0,174.4,0.0,82.0,4.0,ML,,,,2.5,0.2,5
3590129,2011-10-05T13:42:51Z,-40.32,0.0,176.68,0.0,49.0,1.0,Mw,4.3,nan,0,4.6,0.4,55
3590131,2011-10-05T13:48:18Z,-38.14,0.0,178.24,0.0,27.0,2.0,ML,,,,2.2,0.1,6
3590146,2011-10-05T14:39:48Z,-43.61,0.0,172.55,0.0,5.0,0.0,ML,,,,3.0,0.2,8
3590151,2011-10-05T14:57:04Z,-39.85,0.0,177.2,0.0,22.0,1.0,ML,,,,2.0,0.2,6
3590159,2011-10-05T15:19:02Z,-39.49,0.0,175.69,0.0,17.0,2.0,ML,,,,1.9,0.3,11
3590174,2011-10-05T15:56:08Z,-40.87,0.0,173.82,0.0,77.0,2.0,ML,,,,3.0,0.1,11
3590178,2011-10-05T16:05:06Z,-37.3,0.0,177.14,0.1,123.0,4.0,ML,,,,2.8,0.2,5
3590180,2011-10-05T16:10:16Z,-38.16,0.0,176.24,0.0,5.0,0.0,ML,,,,1.6,0.1,4
3676328,2011-10-05T16:12:51Z,-46.22,0.0,166.05,0.1,33.0,0.0,ML,,,,2.7,0.2,7
3590181,2011-10-05T16:16:45Z,-38.45,0.0,175.78,0.0,160.0,5.0,ML,,,,2.9,0.3,15
3590192,2011-10-05T16:43:03Z,-40.76,0.0,174.51,0.0,25.0,2.0,ML,,,,2.2,0.3,11
3590199,2011-10-05T17:04:22Z,-37.01,0.1,176.7,0.2,237.0,8.0,ML,,,,3.0,0.3,7
3590201,2011-10-05T17:11:00Z,-43.64,0.0,172.32,0.0,5.0,0.0,ML,,,,2.6,0.3,6
3590205,2011-10-05T17:20:49Z,-43.59,0.0,172.21,0.0,6.0,2.0,ML,,,,2.6,0.2,5
3590239,2011-10-05T19:08:26Z,-38.88,0.0,175.81,0.0,5.0,0.0,ML,,,,2.3,0.2,20
3590242,2011-10-05T19:19:27Z,-35.71,0.1,178.0,0.1,182.0,11.0,ML,,,,3.3,0.1,10
3590251,2011-10-05T19:42:17Z,-38.89,0.0,175.8,0.0,5.0,0.0,ML,,,,1.7,0.2,9
3590272,2011-10-05T20:33:41Z,-39.29,0.0,177.24,0.0,27.0,1.0,ML,,,,2.4,0.1,4
3590283,2011-10-05T20:56:22Z,-43.56,0.0,172.19,0.0,5.0,0.0,ML,,,,2.6,0.3,7
3590309,2011-10-05T22:17:09Z,-36.91,0.0,177.39,0.0,33.0,0.0,ML,,,,2.6,0.1,4
3590327,2011-10-05T23:02:56Z,-40.35,0.0,176.4,0.0,24.0,1.0,ML,,,,2.3,0.1,8
3590333,2011-10-05T23:19:54Z,-40.05,0.0,176.81,0.0,28.0,1.0,ML,,,,2.7,0.3,12
3590334,2011-10-05T23:22:26Z,-38.35,0.0,177.59,0.0,57.0,4.0,ML,,,,2.3,0.1,4
3590338,2011-10-05T23:30:01Z,-40.0,0.0,176.57,0.0,48.0,3.0,ML,,,,2.2,0.2,6
3590340,2011-10-05T23:37:25Z,-41.86,0.0,174.48,0.0,12.0,0.0,ML,,,,2.8,0.6,6
3590370,2011-10-06T01:02:38Z,-40.78,0.0,174.01,0.0,102.0,3.0,ML,,,,2.9,0.2,8
3590377,2011-10-06T01:26:38Z,-40.85,0.0,175.5,0.0,24.0,1.0,ML,,,,2.1,0.1,8
3590384,2011-10-06T01:41:20Z,-38.38,0.0,179.01,0.1,33.0,0.0,ML,,,,2.8,0.1,7
3590444,2011-10-06T04:32:28Z,-37.85,0.0,176.34,0.0,142.0,3.0,ML,,,,3.1,0.4,8
3590451,2011-10-06T04:56:18Z,-41.47,0.0,173.24,0.0,74.0,3.0,ML,,,,3.1,0.1,9
3590452,2011-10-06T05:01:50Z,-41.11,0.0,175.49,0.0,27.0,1.0,ML,,,,1.8,0.1,4
3590475,2011-10-06T05:58:05Z,-38.89,0.0,175.78,0.0,6.0,1.0,ML,,,,1.6,0.3,4
3674317,2011-10-06T05:58:51Z,-39.0,0.0,177.91,0.0,32.0,1.0,ML,,,,2.2,0.2,3
3590497,2011-10-06T06:59:24Z,-41.0,0.0,175.05,0.0,41.0,1.0,ML,,,,2.3,0.2,9
3590533,2011-10-06T08:26:03Z,-37.63,0.0,176.13,0.0,262.0,3.0,ML,,,,3.9,0.2,37
3590538,2011-10-06T08:35:41Z,-45.18,0.0,166.84,0.0,22.0,1.0,ML,,,,2.4,0.3,9
3590553,2011-10-06T09:09:28Z,-41.52,0.0,178.17,0.0,33.0,0.0,ML,,,,3.3,0.3,21
3590559,2011-10-06T09:27:06Z,-37.76,0.0,176.7,0.0,5.0,0.0,ML,,,,1.7,0.1,5
3590564,2011-10-06T09:40:25Z,-38.88,0.0,177.57,0.0,26.0,1.0,ML,,,,2.5,0.2,7
3590570,2011-10-06T09:56:17Z,-40.63,0.0,175.95,0.0,31.0,1.0,ML,,,,2.2,0.1,6
3590572,2011-10-06T10:02:39Z,-39.49,0.0,174.4,0.0,141.0,3.0,ML,,,,3.0,0.3,10
3590589,2011-10-06T10:50:30Z,-44.76,0.0,167.69,0.0,55.0,2.0,ML,,,,2.2,0.2,7
3590643,2011-10-06T13:04:19Z,-37.74,0.0,177.49,0.0,47.0,2.0,ML,,,,2.5,0.1,4
3590654,2011-10-06T13:26:58Z,-37.4,0.0,177.72,0.0,86.0,3.0,ML,,,,3.0,0.2,9
3590659,2011-10-06T13:42:52Z,-40.86,0.0,176.06,0.0,24.0,1.0,ML,,,,1.9,0.1,7
3590695,2011-10-06T15:18:16Z,-40.91,0.0,176.04,0.0,28.0,1.0,ML,,,,2.1,0.2,11
3590707,2011-10-06T15:47:58Z,-38.17,0.1,176.17,0.1,145.0,5.0,ML,,,,2.8,0.4,9
3590723,2011-10-06T16:38:07Z,-44.81,0.0,167.37,0.0,5.0,0.0,ML,,,,2.3,0.2,10
3590770,2011-10-06T18:57:41Z,-40.52,0.0,174.32,0.0,72.0,3.0,ML,,,,2.6,0.3,10
3590771,2011-10-06T19:03:29Z,-37.84,0.0,178.42,0.0,5.0,0.0,ML,,,,3.0,0.1,11
3590796,2011-10-06T20:15:59Z,-39.08,0.0,177.98,0.0,24.0,1.0,ML,,,,3.0,0.2,21
3590803,2011-10-06T20:42:20Z,-40.48,0.0,176.37,0.1,49.0,3.0,ML,,,,2.3,0.2,5
3590857,2011-10-06T23:06:55Z,-40.67,0.0,175.5,0.0,28.0,1.0,ML,,,,2.4,0.2,10
3590858,2011-10-06T23:10:21Z,-39.64,0.0,176.25,0.0,45.0,2.0,ML,,,,3.3,0.2,27
3590863,2011-10-06T23:21:35Z,-44.18,0.0,169.19,0.0,9.0,2.0,ML,,,,2.7,0.2,5
3590931,2011-10-07T02:48:11Z,-45.14,0.0,169.4,0.0,5.0,0.0,ML,,,,2.5,0.2,5
3590936,2011-10-07T03:02:11Z,-45.13,0.0,169.38,0.0,7.0,2.0,ML,,,,3.0,0.3,6
3590957,2011-10-07T04:06:13Z,-43.72,0.0,172.84,0.0,5.0,0.0,ML,,,,2.9,0.1,4
3590981,2011-10-07T05:17:07Z,-40.11,0.0,176.67,0.0,44.0,2.0,ML,,,,2.4,0.1,8
3590985,2011-10-07T05:28:27Z,-41.24,0.0,172.75,0.0,139.0,3.0,ML,,,,2.6,0.2,3
3590987,2011-10-07T05:35:57Z,-40.0,0.0,176.56,0.0,51.0,2.0,ML,,,,2.7,0.1,12
3590993,2011-10-07T05:57:02Z,-40.51,0.0,175.89,0.0,30.0,1.0,ML,,,,2.2,0.2,7
3591007,2011-10-07T06:30:11Z,-41.56,0.0,174.14,0.0,33.0,0.0,ML,,,,2.5,0.3,10
3591034,2011-10-07T07:48:07Z,-37.25,0.0,177.46,0.0,118.0,4.0,ML,,,,3.0,0.1,9
3591043,2011-10-07T08:16:57Z,-38.92,0.0,178.03,0.0,32.0,1.0,ML,,,,3.5,0.2,56
3591058,2011-10-07T08:54:29Z,-37.46,0.1,176.6,0.1,206.0,7.0,ML,,,,2.7,0.2,9
3591078,2011-10-07T09:53:02Z,-39.25,0.0,173.77,0.0,16.0,2.0,ML,,,,1.9,0.2,3
3591085,2011-10-07T10:12:42Z,-38.37,0.0,178.0,0.0,30.0,1.0,ML,,,,2.1,0.2,7
3591087,2011-10-07T10:19:53Z,-39.92,0.0,176.55,0.0,41.0,2.0,ML,,,,2.2,0.3,10
3591092,2011-10-07T10:37:34Z,-43.59,0.0,172.5,0.0,5.0,1.0,ML,,,,3.5,0.2,10
3591100,2011-10-07T10:38:01Z,-45.12,0.0,167.43,0.0,117.0,2.0,ML,,,,3.4,0.2,9
3591093,2011-10-07T10:40:54Z,-39.16,0.0,175.36,0.0,12.0,1.0,ML,,,,1.3,0.3,4
3591096,2011-10-07T10:45:37Z,-42.04,0.0,172.88,0.0,84.0,3.0,ML,,,,2.7,0.3,4
3591106,2011-10-07T11:07:40Z,-39.99,0.0,176.62,0.0,37.0,2.0,ML,,,,2.4,0.1,6
3591110,2011-10-07T11:17:50Z,-39.61,0.0,174.05,0.0,183.0,6.0,ML,,,,3.1,0.2,11
3591117,2011-10-07T11:39:18Z,-40.08,0.0,173.12,0.0,5.0,0.0,ML,,,,2.8,0.3,12
3591125,2011-10-07T11:59:50Z,-39.26,0.0,173.85,0.0,25.0,2.0,ML,,,,1.7,0.1,4
3676372,2011-10-07T12:00:04Z,-40.44,0.0,174.77,0.0,28.0,2.0,ML,,,,2.5,0.3,18
3591133,2011-10-07T12:24:38Z,-43.55,0.0,171.93,0.0,5.0,0.0,ML,,,,2.7,0.1,5
3591147,2011-10-07T13:04:11Z,-43.45,0.0,172.56,0.0,5.0,0.0,ML,,,,2.4,0.2,4
3591152,2011-10-07T13:18:27Z,-45.11,0.0,167.52,0.0,117.0,3.0,ML,,,,2.6,0.3,6
3591169,2011-10-07T14:10:31Z,-38.28,0.0,178.96,0.1,33.0,0.0,ML,,,,2.5,0.1,7
3591171,2011-10-07T14:14:52Z,-45.43,0.0,166.69,0.0,12.0,0.0,ML,,,,3.0,0.1,5
3591175,2011-10-07T14:27:21Z,-39.52,0.0,175.69,0.0,16.0,1.0,ML,,,,1.8,0.2,7
3591183,2011-10-07T14:49:24Z,-37.82,0.0,178.35,0.0,5.0,0.0,ML,,,,2.6,0.2,8
3591184,2011-10-07T14:53:12Z,-38.53,0.0,175.91,0.0,5.0,0.0,ML,,,,2.6,0.3,18
3591210,2011-10-07T16:01:06Z,-39.95,0.0,176.57,0.0,49.0,2.0,ML,,,,2.3,0.2,7
3591216,2011-10-07T16:15:07Z,-38.24,0.0,178.92,0.0,33.0,0.0,ML,,,,2.5,0.2,4
3591239,2011-10-07T17:23:04Z,-41.2,0.0,173.26,0.0,97.0,3.0,ML,,,,2.3,0.1,2
3591241,2011-10-07T17:28:53Z,-38.53,0.0,177.83,0.0,33.0,0.0,ML,,,,2.8,0.2,16
3591293,2011-10-07T19:51:54Z,-38.78,0.0,177.6,0.0,33.0,0.0,ML,,,,2.3,0.1,4
3591303,2011-10-07T20:20:24Z,-43.6,0.0,171.84,0.0,5.0,0.0,ML,,,,2.6,0.3,9
3591348,2011-10-07T22:15:23Z,-39.9,0.0,175.5,0.0,30.0,1.0,ML,,,,2.4,0.2,8
3591350,2011-10-07T22:21:51Z,-41.27,0.0,173.25,0.0,77.0,1.0,ML,,,,2.4,nan,1
3676460,2011-10-07T22:23:24Z,-39.92,0.0,176.68,0.0,46.0,3.0,ML,,,,2.4,0.1,7
3591355,2011-10-07T22:38:09Z,-37.17,0.0,179.45,0.0,33.0,0.0,ML,,,,2.7,0.2,4
3591367,2011-10-07T23:12:14Z,-39.22,0.0,176.08,0.0,5.0,0.0,ML,,,,2.4,0.2,22
3591385,2011-10-08T00:01:10Z,-40.13,0.0,176.62,0.0,46.0,2.0,ML,,,,2.5,0.2,6
3591388,2011-10-08T00:11:38Z,-37.54,0.0,177.97,0.0,80.0,2.0,ML,,,,2.7,0.1,6
3591394,2011-10-08T00:24:20Z,-39.21,0.0,176.07,0.0,5.0,0.0,ML,,,,2.5,0.2,27
3591408,2011-10-08T01:08:52Z,-41.68,0.0,174.33,0.0,5.0,0.0,ML,,,,2.7,0.4,10
3591426,2011-10-08T02:06:09Z,-40.7,0.0,176.59,0.0,24.0,2.0,ML,,,,2.4,0.1,7
3591448,2011-10-08T03:17:48Z,-43.68,0.0,172.81,0.0,7.0,1.0,Mw,4.6,nan,0,4.8,0.3,75
3591451,2011-10-08T03:22:45Z,-38.26,0.0,178.93,0.0,33.0,0.0,ML,,,,2.7,0.2,8
3591450,2011-10-08T03:27:18Z,-43.65,0.0,172.82,0.0,7.0,1.0,ML,,,,3.6,0.2,18
3591453,2011-10-08T03:30:25Z,-43.66,0.0,172.83,0.0,5.0,0.0,ML,,,,2.7,0.2,6
3591454,2011-10-08T03:32:17Z,-43.66,0.0,172.8,0.0,5.0,0.0,ML,,,,3.2,0.3,8
3676522,2011-10-08T03:32:44Z,-38.45,0.0,175.71,0.0,167.0,6.0,ML,,,,3.4,0.3,14
3676519,2011-10-08T03:33:54Z,-43.66,0.0,172.82,0.0,5.0,0.0,ML,,,,2.8,0.3,6
3591455,2011-10-08T03:36:19Z,-38.3,0.0,178.92,0.0,33.0,0.0,ML,,,,2.6,0.1,6
3591458,2011-10-08T03:40:01Z,-43.67,0.0,172.8,0.0,5.0,0.0,ML,,,,2.6,0.1,4
3591457,2011-10-08T03:48:40Z,-43.68,0.0,172.83,0.0,6.0,1.0,Mw,3.8,nan,0,4.1,0.3,31
3591462,2011-10-08T03:55:25Z,-43.69,0.0,172.8,0.0,7.0,2.0,ML,,,,2.9,0.3,8
3591463,2011-10-08T03:56:51Z,-43.67,0.0,172.81,0.0,8.0,1.0,ML,,,,3.0,0.2,5
3591477,2011-10-08T04:35:16Z,-44.78,0.0,167.73,0.0,79.0,3.0,ML,,,,3.2,0.2,9
3591479,2011-10-08T04:37:34Z,-44.78,0.0,167.8,0.0,80.0,3.0,ML,,,,2.8,0.3,9
3591484,2011-10-08T05:00:23Z,-43.7,0.0,172.77,0.0,16.0,5.0,ML,,,,2.4,0.3,3
3591488,2011-10-08T05:10:03Z,-41.96,0.0,174.04,0.0,19.0,2.0,ML,,,,2.7,0.3,11
3591494,2011-10-08T05:28:07Z,-41.35,0.0,172.39,0.0,5.0,0.0,ML,,,,2.4,0.3,4
3591506,2011-10-08T06:01:11Z,-43.34,0.0,172.23,0.0,5.0,0.0,ML,,,,3.0,0.3,7
3591511,2011-10-08T06:16:44Z,-41.97,0.0,174.04,0.0,19.0,2.0,ML,,,,3.1,0.1,20
3591516,2011-10-08T06:29:40Z,-36.71,0.1,176.76,0.1,238.0,8.0,ML,,,,4.1,0.2,45
3591531,2011-10-08T07:22:55Z,-41.28,0.0,172.56,0.0,199.0,5.0,ML,,,,3.4,0.3,6
3591534,2011-10-08T07:31:51Z,-43.67,0.0,172.82,0.0,7.0,1.0,ML,,,,3.5,0.2,12
3591543,2011-10-08T08:01:08Z,-36.09,0.1,177.54,0.1,207.0,7.0,ML,,,,3.7,0.2,4
3591544,2011-10-08T08:04:55Z,-43.67,0.0,172.82,0.0,7.0,1.0,Mw,3.6,nan,0,3.9,0.2,27
3591547,2011-10-08T08:11:57Z,-45.09,0.0,167.42,0.0,108.0,3.0,ML,,,,2.9,0.1,5
3591553,2011-10-08T08:22:50Z,-45.19,0.0,166.82,0.0,12.0,0.0,ML,,,,2.3,0.3,6
3591567,2011-10-08T09:15:04Z,-38.66,0.0,175.77,0.0,145.0,4.0,ML,,,,3.2,0.3,16
3591579,2011-10-08T09:53:47Z,-38.05,0.0,175.8,0.0,174.0,7.0,ML,,,,3.3,0.2,23
3591581,2011-10-08T09:58:41Z,-37.0,0.1,176.49,0.1,204.0,10.0,ML,,,,3.2,0.2,9
3591602,2011-10-08T11:04:34Z,-37.19,0.0,179.87,0.0,33.0,0.0,ML,,,,3.5,0.1,8
3591607,2011-10-08T11:20:41Z,-45.32,0.0,167.26,0.0,62.0,2.0,ML,,,,3.5,0.2,16
3591609,2011-10-08T11:29:31Z,-44.44,0.0,167.94,0.0,5.0,0.0,ML,,,,2.3,0.2,9
3591615,2011-10-08T11:50:17Z,-43.66,0.0,172.8,0.0,5.0,0.0,ML,,,,3.5,0.1,13
3591617,2011-10-08T11:59:10Z,-40.87,0.0,174.75,0.0,16.0,3.0,ML,,,,2.2,0.2,8
3591619,2011-10-08T12:06:23Z,-40.47,0.0,175.92,0.0,30.0,1.0,ML,,,,2.1,0.2,8
3591624,2011-10-08T12:22:15Z,-43.56,0.0,172.42,0.0,5.0,0.0,ML,,,,2.7,0.1,3
3591633,2011-10-08T12:47:43Z,-40.51,0.0,173.15,0.0,170.0,4.0,ML,,,,3.2,0.3,9
3591655,2011-10-08T14:04:52Z,-40.68,0.0,173.42,0.0,133.0,3.0,ML,,,,3.0,0.2,8
3591698,2011-10-08T16:31:31Z,-43.13,0.0,173.19,0.0,33.0,0.0,ML,,,,2.9,0.3,10
3591701,2011-10-08T16:42:36Z,-35.64,0.1,178.15,0.1,209.0,13.0,ML,,,,3.3,0.2,10
3591706,2011-10-08T17:01:39Z,-42.17,0.0,173.99,0.0,32.0,2.0,ML,,,,2.7,0.4,14
3591715,2011-10-08T17:30:09Z,-46.25,0.0,166.5,0.1,12.0,0.0,ML,,,,2.3,0.4,5
3591718,2011-10-08T17:45:16Z,-37.85,0.0,177.58,0.0,36.0,3.0,ML,,,,2.3,0.1,5
3591725,2011-10-08T18:01:03Z,-40.15,0.0,176.49,0.0,12.0,0.0,ML,,,,1.8,0.3,4
3591728,2011-10-08T18:07:13Z,-37.81,0.0,177.58,0.0,41.0,1.0,Mw,4.5,nan,0,5.1,0.2,55
3591735,2011-10-08T18:26:34Z,-37.83,0.0,177.58,0.0,37.0,2.0,ML,,,,2.5,0.1,5
3591738,2011-10-08T18:37:56Z,-37.82,0.0,177.57,0.0,37.0,2.0,ML,,,,2.3,0.2,5
3591755,2011-10-08T19:17:02Z,-43.6,0.0,171.78,0.0,7.0,1.0,ML,,,,2.5,0.2,4
3592043,2011-10-08T19:18:23Z,-36.85,0.0,178.32,0.0,33.0,0.0,ML,,,,3.3,0.2,8
3591758,2011-10-08T19:28:39Z,-37.83,0.0,177.58,0.0,33.0,0.0,ML,,,,2.3,0.1,3
3591761,2011-10-08T19:36:16Z,-43.65,0.0,172.49,0.0,12.0,3.0,ML,,,,3.0,0.1,3
3591764,2011-10-08T19:46:23Z,-37.85,0.0,177.57,0.0,33.0,0.0,ML,,,,2.4,0.1,4
3591768,2011-10-08T19:55:54Z,-44.39,0.0,168.28,0.0,5.0,0.0,ML,,,,2.5,0.3,11
3591773,2011-10-08T20:12:34Z,-41.08,0.0,175.08,0.0,27.0,1.0,ML,,,,2.1,0.1,8
3680145,2011-10-08T20:15:24Z,-39.38,0.0,173.99,0.0,9.0,3.0,ML,,,,2.0,0.5,2
3591775,2011-10-08T20:19:58Z,-40.12,0.0,174.93,0.0,27.0,3.0,ML,,,,2.2,0.3,8
3680149,2011-10-08T20:21:32Z,-44.11,0.0,168.78,0.0,5.0,0.0,ML,,,,2.3,0.3,8
3591798,2011-10-08T21:23:43Z,-39.51,0.0,175.68,0.0,13.0,1.0,ML,,,,2.0,0.2,13
3591801,2011-10-08T21:30:35Z,-38.4,0.0,177.72,0.0,61.0,2.0,ML,,,,3.7,0.2,44
3591807,2011-10-08T21:48:19Z,-43.45,0.0,172.06,0.0,7.0,1.0,ML,,,,2.5,0.4,5
3591811,2011-10-08T22:05:16Z,-39.38,0.0,174.01,0.0,10.0,2.0,ML,,,,1.8,0.5,2
3591812,2011-10-08T22:10:56Z,-43.28,0.0,170.86,0.0,5.0,0.0,ML,,,,2.3,0.3,9
3591814,2011-10-08T22:14:02Z,-39.31,0.0,173.97,0.0,10.0,3.0,ML,,,,2.0,0.4,3
3591821,2011-10-08T22:37:08Z,-44.51,0.0,168.36,0.0,5.0,0.0,ML,,,,2.7,0.3,11
3591825,2011-10-08T22:49:08Z,-39.93,0.0,176.76,0.0,32.0,1.0,ML,,,,2.4,0.1,9
3591826,2011-10-08T22:51:50Z,-38.04,0.1,176.45,0.1,150.0,11.0,ML,,,,3.2,0.3,7
3591829,2011-10-08T22:59:29Z,-39.27,0.0,175.14,0.0,30.0,1.0,ML,,,,2.1,0.2,12
3591844,2011-10-08T23:45:02Z,-44.92,0.0,167.58,0.0,73.0,2.0,ML,,,,2.4,0.2,7
3591855,2011-10-09T00:17:28Z,-37.38,0.0,178.71,0.0,27.0,2.0,ML,,,,2.3,0.1,3
3591868,2011-10-09T00:56:56Z,-41.31,0.0,173.68,0.0,67.0,2.0,ML,,,,2.8,0.1,10
3591891,2011-10-09T02:03:40Z,-41.26,0.0,172.53,0.0,192.0,5.0,ML,,,,2.9,0.1,2
3591893,2011-10-09T02:12:28Z,-44.78,0.0,166.46,0.1,12.0,0.0,ML,,,,2.6,0.3,7
3591895,2011-10-09T02:21:16Z,-43.03,0.0,170.96,0.0,5.0,0.0,ML,,,,2.8,0.3,11
3591901,2011-10-09T02:39:13Z,-40.41,0.0,176.29,0.0,53.0,2.0,ML,,,,2.4,0.2,7
3591907,2011-10-09T02:57:46Z,-38.01,0.0,177.92,0.0,39.0,2.0,ML,,,,2.7,0.2,8
3591911,2011-10-09T03:09:24Z,-41.05,0.0,174.25,0.0,59.0,3.0,ML,,,,2.2,0.2,5
3591955,2011-10-09T05:17:20Z,-39.94,0.0,176.57,0.0,31.0,1.0,ML,,,,2.1,0.2,9
3676886,2011-10-09T05:19:49Z,-41.24,0.0,172.35,0.0,5.0,0.0,ML,,,,2.6,0.4,5
3591956,2011-10-09T05:20:13Z,-37.69,0.0,176.34,0.0,150.0,4.0,ML,,,,3.3,0.2,7
3591959,2011-10-09T05:30:45Z,-40.51,0.0,174.72,0.0,55.0,3.0,ML,,,,2.6,0.2,7
3591964,2011-10-09T05:48:29Z,-45.07,0.0,167.39,0.0,109.0,2.0,ML,,,,2.4,0.1,3
3676896,2011-10-09T05:50:43Z,-40.98,0.0,174.69,0.0,38.0,2.0,ML,,,,2.4,0.1,8
3591970,2011-10-09T06:07:32Z,-38.52,0.1,176.23,0.1,174.0,9.0,ML,,,,2.9,0.4,7
3591979,2011-10-09T06:35:45Z,-38.47,0.0,178.67,0.0,26.0,2.0,ML,,,,3.5,0.2,17
3591991,2011-10-09T07:05:47Z,-37.84,0.0,177.58,0.0,36.0,2.0,ML,,,,2.7,0.1,6
3591995,2011-10-09T07:21:19Z,-38.48,0.0,178.71,0.0,26.0,2.0,ML,,,,3.2,0.2,14
3676921,2011-10-09T07:34:02Z,-45.13,0.0,167.02,0.0,12.0,0.0,ML,,,,2.4,0.2,9
3591999,2011-10-09T07:34:41Z,-43.57,0.0,172.84,0.0,8.0,0.0,Mw,4.9,nan,0,5.4,0.3,14
3592002,2011-10-09T07:40:58Z,-43.55,0.0,172.81,0.0,5.0,0.0,ML,,,,2.7,0.2,5
3592008,2011-10-09T07:59:00Z,-43.57,0.0,172.42,0.0,5.0,0.0,ML,,,,2.8,0.1,3
3592009,2011-10-09T08:03:57Z,-43.16,0.0,172.03,0.0,5.0,0.0,ML,,,,2.3,0.3,6
3592003,2011-10-09T08:07:28Z,-43.59,0.0,172.79,0.0,11.0,0.0,ML,,,,2.8,0.2,4
3676940,2011-10-09T08:07:37Z,-38.44,0.0,175.98,0.0,157.0,3.0,ML,,,,3.1,0.2,9
3592014,2011-10-09T08:17:15Z,-40.03,0.0,176.59,0.0,26.0,1.0,ML,,,,1.9,0.2,12
3592016,2011-10-09T08:23:40Z,-38.07,0.0,176.64,0.0,5.0,0.0,ML,,,,1.7,0.2,5
3592019,2011-10-09T08:28:46Z,-39.24,0.0,175.34,0.0,16.0,1.0,ML,,,,1.7,0.3,13
3592034,2011-10-09T09:02:53Z,-37.82,0.0,177.59,0.0,41.0,2.0,ML,,,,3.7,0.2,41
3676954,2011-10-09T09:04:57Z,-37.83,0.0,177.58,0.0,36.0,2.0,ML,,,,2.4,0.1,5
3592051,2011-10-09T09:48:00Z,-40.59,0.0,176.39,0.0,17.0,1.0,ML,,,,2.4,0.1,9
3592054,2011-10-09T09:53:09Z,-37.39,0.0,179.89,0.0,12.0,0.0,ML,,,,4.5,0.2,80
3592059,2011-10-09T10:11:31Z,-38.6,0.0,175.87,0.0,156.0,4.0,ML,,,,2.9,0.3,8
3592065,2011-10-09T10:29:33Z,-41.38,0.0,175.26,0.0,13.0,1.0,ML,,,,2.1,0.3,9
3592074,2011-10-09T10:57:45Z,-35.55,0.1,178.37,0.1,218.0,22.0,ML,,,,3.2,0.1,5
3592085,2011-10-09T11:29:00Z,-41.24,0.0,172.35,0.0,5.0,0.0,ML,,,,2.7,0.3,9
3592096,2011-10-09T12:09:43Z,-37.82,0.0,177.56,0.0,37.0,2.0,ML,,,,3.5,0.2,23
3592097,2011-10-09T12:12:50Z,-39.24,0.0,173.86,0.0,12.0,0.0,ML,,,,1.8,0.2,4
3592102,2011-10-09T12:28:01Z,-39.4,0.0,175.03,0.0,27.0,2.0,ML,,,,2.0,0.3,14
3592107,2011-10-09T12:37:12Z,-39.65,0.0,174.79,0.0,101.0,3.0,ML,,,,1.9,0.2,2
3592109,2011-10-09T12:43:44Z,-41.42,0.0,173.3,0.0,83.0,3.0,ML,,,,3.1,0.1,4
3592118,2011-10-09T13:00:49Z,-43.59,0.0,172.78,0.0,11.0,1.0,ML,,,,2.7,0.2,3
3592122,2011-10-09T13:17:52Z,-41.38,0.0,172.36,0.0,5.0,0.0,ML,,,,2.4,0.3,4
3592128,2011-10-09T13:36:07Z,-43.6,0.0,172.5,0.0,6.0,2.0,ML,,,,3.2,0.2,6
3592140,2011-10-09T14:15:18Z,-37.59,0.0,-179.88,0.0,33.0,0.0,ML,,,,3.0,0.2,15
3592142,2011-10-09T14:20:58Z,-44.78,0.0,167.37,0.0,5.0,0.0,ML,,,,3.0,0.1,7
3592150,2011-10-09T14:42:14Z,-39.46,0.0,177.17,0.0,30.0,1.0,ML,,,,2.1,0.1,9
3592154,2011-10-09T14:53:49Z,-40.36,0.0,176.14,0.0,26.0,1.0,ML,,,,2.1,0.2,15
3592160,2011-10-09T15:08:56Z,-43.61,0.0,172.58,0.0,5.0,0.0,ML,,,,2.4,0.1,3
3592167,2011-10-09T15:35:16Z,-43.58,0.0,172.8,0.0,8.0,0.0,ML,,,,3.4,0.2,9
3592174,2011-10-09T16:02:36Z,-41.48,0.0,173.67,0.0,55.0,2.0,ML,,,,2.8,0.2,17
3592175,2011-10-09T16:05:04Z,-39.17,0.0,177.45,0.0,30.0,1.0,ML,,,,2.2,0.1,8
3592187,2011-10-09T16:35:27Z,-37.8,0.0,177.56,0.0,39.0,2.0,ML,,,,2.0,0.3,4
3592207,2011-10-09T17:46:41Z,-37.65,0.0,179.91,0.0,33.0,0.0,ML,,,,3.2,0.2,11
3592211,2011-10-09T17:59:56Z,-39.79,0.0,176.9,0.0,41.0,2.0,ML,,,,2.2,0.2,12
3677436,2011-10-09T18:02:24Z,-45.53,0.0,166.76,0.0,12.0,0.0,ML,,,,2.2,0.1,5
3592231,2011-10-09T19:16:13Z,-46.27,0.0,169.14,0.0,23.0,4.0,ML,,,,2.3,0.3,6
3592233,2011-10-09T19:20:30Z,-37.27,0.0,179.84,0.0,33.0,0.0,ML,,,,3.3,0.1,5
3592235,2011-10-09T19:25:09Z,-45.22,0.0,166.77,0.0,12.0,0.0,ML,,,,3.3,0.2,9
3592240,2011-10-09T19:45:30Z,-45.23,0.0,166.79,0.0,12.0,0.0,ML,,,,3.6,0.2,14
3592254,2011-10-09T20:19:55Z,-39.15,0.0,175.35,0.0,5.0,0.0,ML,,,,2.8,0.2,30
3592266,2011-10-09T20:56:17Z,-39.54,0.0,176.98,0.0,30.0,3.0,ML,,,,2.0,0.1,5
3592272,2011-10-09T21:17:20Z,-40.94,0.0,176.0,0.0,30.0,1.0,ML,,,,2.4,0.1,7
3592285,2011-10-09T21:48:31Z,-37.82,0.0,176.63,0.0,5.0,1.0,ML,,,,2.1,0.2,5
3592286,2011-10-09T21:51:10Z,-43.58,0.0,172.79,0.0,9.0,1.0,ML,,,,3.2,0.2,6
3592290,2011-10-09T22:01:53Z,-43.66,0.0,172.88,0.0,5.0,0.0,ML,,,,2.6,0.3,4
3592315,2011-10-09T22:01:59Z,-38.13,0.0,176.05,0.0,147.0,5.0,ML,,,,3.4,0.2,19
3592292,2011-10-09T22:06:34Z,-38.64,0.0,176.22,0.0,2.0,0.0,ML,,,,2.1,0.1,4
3592307,2011-10-09T22:33:06Z,-42.12,0.0,173.91,0.0,26.0,2.0,ML,,,,2.8,0.4,9
3592308,2011-10-09T22:35:22Z,-43.56,0.0,172.33,0.0,5.0,0.0,ML,,,,2.7,0.2,5
3592318,2011-10-09T23:05:39Z,-40.98,0.0,173.41,0.0,84.0,1.0,ML,,,,1.9,nan,1
3592330,2011-10-09T23:40:01Z,-40.49,0.0,176.49,0.0,23.0,2.0,ML,,,,2.1,0.1,4
3592361,2011-10-10T01:10:40Z,-44.71,0.0,168.14,0.0,76.0,4.0,ML,,,,2.4,0.3,6
3676491,2011-10-10T01:11:09Z,-40.35,0.0,176.28,0.0,31.0,1.0,ML,,,,2.4,0.2,8
3592383,2011-10-10T02:14:16Z,-37.82,0.0,177.55,0.0,36.0,2.0,ML,,,,2.5,0.2,4
3592387,2011-10-10T02:24:52Z,-37.9,0.0,177.13,0.0,49.0,4.0,ML,,,,2.7,0.1,5
3592414,2011-10-10T03:41:10Z,-45.47,0.0,167.02,0.0,78.0,1.0,ML,,,,2.5,0.1,6
3592432,2011-10-10T04:36:49Z,-39.55,0.0,176.99,0.0,31.0,2.0,ML,,,,2.3,0.1,6
3592437,2011-10-10T04:55:04Z,-45.91,0.0,167.07,0.0,5.0,0.0,ML,,,,2.1,0.2,5
3592444,2011-10-10T05:13:59Z,-43.24,0.0,172.58,0.0,12.0,0.0,ML,,,,3.1,0.1,4
3592455,2011-10-10T05:42:35Z,-44.24,0.0,168.74,0.0,5.0,0.0,ML,,,,3.0,0.2,8
3592458,2011-10-10T05:55:03Z,-37.39,0.0,179.82,0.0,5.0,0.0,ML,,,,3.3,0.1,7
3592470,2011-10-10T06:30:05Z,-39.55,0.0,176.98,0.0,30.0,1.0,ML,,,,2.4,0.1,7
3592490,2011-10-10T07:19:26Z,-36.67,0.1,176.89,0.1,202.0,7.0,ML,,,,3.9,0.2,17
3592493,2011-10-10T07:29:59Z,-44.6,0.0,168.1,0.0,93.0,3.0,ML,,,,3.3,0.2,8
3592512,2011-10-10T08:32:18Z,-39.94,0.0,176.61,0.0,37.0,4.0,ML,,,,2.1,0.3,3
3592542,2011-10-10T09:59:52Z,-37.59,0.0,176.29,0.1,175.0,4.0,ML,,,,3.0,0.2,6
3592544,2011-10-10T10:06:20Z,-43.63,0.0,171.76,0.0,8.0,1.0,ML,,,,3.2,0.3,11
3592547,2011-10-10T10:16:24Z,-43.58,0.0,172.49,0.0,8.0,0.0,ML,,,,2.5,0.4,5
3592564,2011-10-10T11:11:23Z,-39.9,0.0,176.47,0.0,47.0,2.0,ML,,,,2.4,0.1,8
3592572,2011-10-10T11:38:25Z,-37.86,0.0,175.91,0.0,172.0,5.0,ML,,,,3.4,0.1,13
3592579,2011-10-10T11:58:02Z,-44.08,0.0,168.8,0.0,5.0,0.0,ML,,,,2.7,0.2,5
3592603,2011-10-10T13:20:40Z,-43.61,0.0,172.81,0.0,5.0,0.0,ML,,,,2.7,0.3,7
3592614,2011-10-10T13:52:17Z,-37.39,0.0,177.66,0.0,74.0,2.0,ML,,,,3.8,0.2,26
3592624,2011-10-10T14:21:19Z,-44.75,0.0,167.96,0.0,90.0,4.0,ML,,,,2.7,0.3,6
3592650,2011-10-10T15:47:53Z,-37.89,0.0,178.1,0.0,39.0,2.0,ML,,,,2.7,0.1,6
3592667,2011-10-10T16:34:03Z,-40.14,0.0,174.92,0.0,12.0,0.0,ML,,,,3.1,0.1,41
3592671,2011-10-10T16:48:54Z,-37.07,0.1,176.75,0.1,247.0,5.0,ML,,,,3.4,0.2,6
3592690,2011-10-10T17:44:30Z,-39.28,0.0,173.9,0.0,17.0,2.0,ML,,,,2.0,0.1,5
3592695,2011-10-10T18:03:38Z,-42.14,0.0,177.31,0.0,33.0,0.0,ML,,,,3.9,0.3,66
3592701,2011-10-10T18:22:59Z,-40.21,0.0,174.69,0.0,58.0,3.0,ML,,,,2.3,0.1,5
3592704,2011-10-10T18:32:53Z,-43.56,0.0,172.75,0.0,7.0,3.0,ML,,,,2.2,0.2,4
3592723,2011-10-10T19:41:18Z,-38.56,0.0,176.59,0.0,63.0,2.0,ML,,,,3.3,0.1,17
3592741,2011-10-10T20:38:55Z,-44.16,0.0,168.44,0.0,5.0,0.0,ML,,,,2.9,0.3,8
3592746,2011-10-10T20:56:47Z,-39.28,0.0,175.05,0.0,33.0,0.0,ML,,,,1.9,0.1,4
3592762,2011-10-10T21:44:17Z,-45.02,0.0,167.54,0.0,133.0,1.0,ML,,,,3.1,0.3,6
3592774,2011-10-10T22:19:51Z,-43.58,0.0,172.73,0.0,5.0,0.0,ML,,,,3.0,0.2,7
3592791,2011-10-10T23:17:23Z,-44.96,0.0,167.5,0.0,102.0,3.0,Mw,4.2,nan,0,4.8,0.2,23
3592801,2011-10-10T23:46:45Z,-40.76,0.0,176.48,0.0,23.0,2.0,ML,,,,2.7,0.1,14
3592814,2011-10-11T00:26:06Z,-42.15,0.0,173.72,0.0,33.0,0.0,ML,,,,2.9,0.3,9
3592830,2011-10-11T01:15:35Z,-39.6,0.0,175.64,0.0,23.0,1.0,ML,,,,2.4,0.1,8
3592852,2011-10-11T02:17:30Z,-39.49,0.0,177.2,0.0,26.0,2.0,ML,,,,2.4,0.1,8
3677023,2011-10-11T02:17:35Z,-39.53,0.0,177.24,0.0,33.0,0.0,ML,,,,2.6,0.1,9
3592898,2011-10-11T04:56:03Z,-38.59,0.0,177.83,0.0,12.0,0.0,ML,,,,2.2,0.1,5
3592904,2011-10-11T05:14:55Z,-38.59,0.0,177.96,0.0,12.0,0.0,ML,,,,2.4,0.1,5
3592914,2011-10-11T05:47:27Z,-38.1,0.0,176.03,0.0,168.0,4.0,ML,,,,3.9,0.3,43
3592919,2011-10-11T06:07:53Z,-40.71,0.0,174.03,0.0,100.0,3.0,ML,,,,2.7,0.3,8
3592947,2011-10-11T07:38:38Z,-39.12,0.0,175.23,0.0,25.0,2.0,ML,,,,1.7,0.2,5
3592958,2011-10-11T08:17:13Z,-43.68,0.0,172.83,0.0,5.0,0.0,ML,,,,2.4,0.1,5
3592966,2011-10-11T08:39:23Z,-40.13,0.0,176.5,0.0,49.0,2.0,ML,,,,2.8,0.1,17
3592967,2011-10-11T08:44:01Z,-41.33,0.0,172.35,0.0,5.0,0.0,ML,,,,2.4,0.3,5
3592969,2011-10-11T08:51:44Z,-45.19,0.0,167.35,0.0,118.0,3.0,ML,,,,3.0,0.3,8
3592971,2011-10-11T08:59:35Z,-45.76,0.0,165.73,0.1,5.0,0.0,ML,,,,3.6,0.2,6
3592974,2011-10-11T09:09:23Z,-40.37,0.0,176.34,0.0,32.0,1.0,ML,,,,2.4,0.2,5
3592978,2011-10-11T09:20:44Z,-41.39,0.0,175.01,0.0,30.0,1.0,ML,,,,2.6,0.1,15
3592986,2011-10-11T09:50:58Z,-40.37,0.0,176.33,0.0,30.0,1.0,ML,,,,2.4,0.2,6
3593008,2011-10-11T10:58:26Z,-42.25,0.0,172.98,0.0,5.0,0.0,ML,,,,2.4,0.2,6
3593017,2011-10-11T11:30:26Z,-39.85,0.0,176.47,0.0,12.0,0.0,ML,,,,2.0,0.1,7
3593024,2011-10-11T11:49:53Z,-44.34,0.0,169.78,0.0,12.0,0.0,ML,,,,2.6,0.4,6
3593037,2011-10-11T12:30:25Z,-45.11,0.0,167.43,0.0,120.0,2.0,ML,,,,3.2,0.3,11
3593070,2011-10-11T13:52:05Z,-37.12,0.1,177.45,0.1,123.0,5.0,ML,,,,3.2,0.2,4
3593084,2011-10-11T14:38:58Z,-47.29,0.0,165.54,0.1,33.0,0.0,ML,,,,3.5,0.3,10
3593097,2011-10-11T15:11:43Z,-44.81,0.0,167.43,0.0,12.0,0.0,ML,,,,2.4,0.3,5
3593103,2011-10-11T15:38:44Z,-38.48,0.1,175.73,0.1,140.0,10.0,ML,,,,3.2,0.2,12
3593105,2011-10-11T15:45:09Z,-42.76,0.0,171.74,0.0,5.0,0.0,ML,,,,2.7,0.1,3
3593111,2011-10-11T16:04:58Z,-39.49,0.0,175.71,0.0,15.0,0.0,ML,,,,2.0,0.2,6
3593116,2011-10-11T16:16:13Z,-41.66,0.0,174.29,0.0,10.0,2.0,ML,,,,2.2,0.4,8
3593142,2011-10-11T17:36:52Z,-42.02,0.0,173.89,0.0,5.0,0.0,ML,,,,2.5,0.5,6
3593174,2011-10-11T19:14:28Z,-43.58,0.0,172.84,0.0,15.0,3.0,ML,,,,3.1,0.2,5
3593203,2011-10-11T20:29:37Z,-41.77,0.0,172.01,0.0,5.0,0.0,ML,,,,2.6,0.2,3
3593230,2011-10-11T21:46:39Z,-42.29,0.0,171.12,0.0,5.0,0.0,ML,,,,2.1,0.2,3
3593234,2011-10-11T21:58:38Z,-37.31,0.0,177.0,0.1,153.0,6.0,ML,,,,3.3,0.2,7
3593245,2011-10-11T22:32:50Z,-43.6,0.0,172.61,0.0,5.0,0.0,ML,,,,2.7,0.3,4
3593250,2011-10-11T22:42:28Z,-40.88,0.0,175.72,0.0,25.0,1.0,ML,,,,2.1,0.2,8
3593255,2011-10-11T22:52:28Z,-42.61,0.0,173.28,0.0,44.0,5.0,ML,,,,2.8,0.5,2
3593277,2011-10-12T00:00:47Z,-40.9,0.0,175.24,0.0,25.0,1.0,ML,,,,2.3,0.3,10
3593305,2011-10-12T01:06:17Z,-38.3,0.0,175.8,0.0,148.0,6.0,ML,,,,3.4,0.1,13
3593318,2011-10-12T01:38:55Z,-39.81,0.0,174.07,0.0,225.0,4.0,ML,,,,3.4,0.1,5
3593335,2011-10-12T02:43:16Z,-38.75,0.1,175.78,0.1,187.0,10.0,ML,,,,3.4,0.3,5
3593353,2011-10-12T03:34:37Z,-41.94,0.0,173.8,0.0,14.0,2.0,ML,,,,2.6,0.3,9
3593379,2011-10-12T04:46:26Z,-39.83,0.0,175.16,0.0,32.0,2.0,ML,,,,2.5,0.2,7
3593383,2011-10-12T05:00:38Z,-42.31,0.0,173.83,0.0,18.0,2.0,ML,,,,2.5,0.4,7
3593412,2011-10-12T06:27:18Z,-38.76,0.0,175.24,0.1,201.0,5.0,ML,,,,3.4,0.3,14
3593420,2011-10-12T06:51:41Z,-41.33,0.0,172.21,0.0,5.0,0.0,ML,,,,2.9,0.2,6
3593435,2011-10-12T07:38:00Z,-40.44,0.0,173.94,0.0,102.0,4.0,ML,,,,2.7,0.4,10
3593460,2011-10-12T09:01:55Z,-41.66,0.0,173.16,0.0,59.0,1.0,ML,,,,2.2,nan,1
3593473,2011-10-12T09:43:43Z,-40.46,0.0,175.86,0.0,56.0,1.0,ML,,,,2.4,0.1,10
3593476,2011-10-12T09:53:58Z,-42.65,0.0,171.86,0.0,5.0,0.0,ML,,,,2.0,0.0,2
3593685,2011-10-12T09:55:18Z,-38.32,0.0,177.23,0.0,44.0,1.0,ML,,,,2.3,0.1,3
3593508,2011-10-12T11:25:39Z,-37.87,0.0,177.62,0.0,47.0,2.0,ML,,,,3.0,0.2,14
3593509,2011-10-12T11:30:36Z,-39.76,0.0,177.04,0.0,12.0,0.0,ML,,,,2.1,0.1,6
3593530,2011-10-12T12:30:43Z,-40.1,0.0,173.58,0.0,207.0,4.0,ML,,,,3.6,0.1,12
3593538,2011-10-12T12:55:50Z,-39.87,0.0,176.6,0.0,42.0,5.0,ML,,,,2.1,0.1,5
3593541,2011-10-12T13:05:12Z,-39.55,0.0,175.35,0.0,81.0,4.0,ML,,,,2.6,0.3,8
3593542,2011-10-12T13:06:33Z,-38.61,0.0,176.21,0.0,5.0,0.0,ML,,,,2.0,0.2,6
3593547,2011-10-12T13:18:25Z,-45.15,0.0,167.25,0.0,51.0,3.0,ML,,,,2.3,0.2,4
3593560,2011-10-12T14:06:56Z,-38.63,0.0,176.21,0.0,5.0,0.0,ML,,,,1.6,0.1,3
3593563,2011-10-12T14:11:26Z,-38.62,0.0,176.21,0.0,5.0,0.0,ML,,,,1.8,0.1,3
3593584,2011-10-12T15:18:45Z,-36.69,0.1,177.19,0.0,153.0,6.0,ML,,,,3.5,0.2,10
3593587,2011-10-12T15:33:37Z,-44.72,0.0,167.98,0.0,74.0,2.0,ML,,,,2.3,0.3,9
3593589,2011-10-12T15:40:11Z,-41.3,0.0,172.34,0.0,5.0,0.0,ML,,,,1.8,0.4,4
3593599,2011-10-12T16:03:29Z,-38.7,0.0,178.44,0.0,33.0,0.0,ML,,,,2.6,0.1,9
3593703,2011-10-12T16:05:48Z,-45.37,0.0,166.89,0.0,12.0,0.0,ML,,,,2.5,0.3,11
3593612,2011-10-12T16:53:10Z,-37.85,0.1,175.86,0.1,184.0,6.0,ML,,,,3.1,0.2,13
3593624,2011-10-12T17:29:51Z,-40.3,0.0,176.42,0.0,27.0,1.0,ML,,,,2.0,0.2,5
3593627,2011-10-12T17:40:14Z,-39.26,0.0,175.95,0.0,79.0,2.0,ML,,,,2.7,0.2,9
3593636,2011-10-12T18:05:32Z,-38.15,0.0,176.25,0.0,162.0,4.0,ML,,,,3.5,0.2,29
3593656,2011-10-12T19:16:38Z,-37.78,0.0,176.06,0.0,188.0,4.0,ML,,,,3.5,0.3,14
3593658,2011-10-12T19:25:09Z,-42.75,0.0,172.58,0.0,33.0,0.0,ML,,,,2.9,0.2,6
3593664,2011-10-12T19:42:54Z,-37.91,0.0,177.63,0.0,59.0,4.0,ML,,,,2.3,0.2,4
3593673,2011-10-12T20:14:40Z,-43.62,0.0,172.49,0.0,8.0,1.0,ML,,,,3.3,0.2,8
3593688,2011-10-12T20:48:55Z,-42.34,0.0,173.83,0.0,22.0,2.0,ML,,,,2.6,0.3,9
3593694,2011-10-12T21:08:12Z,-41.24,0.0,175.26,0.0,24.0,1.0,ML,,,,2.2,0.3,9
3593700,2011-10-12T21:23:43Z,-40.97,0.0,175.46,0.0,21.0,1.0,ML,,,,2.1,0.3,8
3593704,2011-10-12T21:35:15Z,-38.07,0.0,178.24,0.0,26.0,1.0,ML,,,,3.2,0.2,12
3677593,2011-10-12T21:35:44Z,-38.06,0.0,178.25,0.0,25.0,2.0,ML,,,,3.1,0.2,12
3593713,2011-10-12T22:01:30Z,-40.42,0.0,174.05,0.0,84.0,3.0,ML,,,,2.7,0.1,3
3593716,2011-10-12T22:10:49Z,-37.29,0.0,179.81,0.0,12.0,0.0,ML,,,,3.5,0.2,10
3593739,2011-10-12T23:11:14Z,-36.26,0.1,177.2,0.1,208.0,11.0,ML,,,,3.6,0.1,6
3593747,2011-10-12T23:34:01Z,-41.72,0.0,172.21,0.0,101.0,4.0,ML,,,,2.9,0.0,2
3593759,2011-10-13T00:10:37Z,-38.06,0.0,175.96,0.0,194.0,3.0,ML,,,,3.8,0.2,41
3593766,2011-10-13T00:26:42Z,-40.31,0.0,173.94,0.0,5.0,0.0,ML,,,,2.5,0.3,8
3593827,2011-10-13T02:58:18Z,-45.07,0.0,167.42,0.0,5.0,0.0,ML,,,,2.6,0.2,8
3593831,2011-10-13T03:14:54Z,-45.66,0.0,167.3,0.0,5.0,0.0,ML,,,,2.7,0.1,4
3593839,2011-10-13T03:40:48Z,-37.42,0.1,176.32,0.1,283.0,5.0,ML,,,,3.5,0.3,11
3593855,2011-10-13T04:34:26Z,-40.73,0.0,173.49,0.0,135.0,2.0,ML,,,,3.3,0.3,12
3593865,2011-10-13T05:06:17Z,-39.83,0.0,173.86,0.0,151.0,5.0,ML,,,,3.1,0.2,6
3593882,2011-10-13T05:51:42Z,-40.43,0.0,172.81,0.0,5.0,0.0,ML,,,,3.1,0.2,10
3677998,2011-10-13T06:30:30Z,-41.21,0.0,173.85,0.0,48.0,2.0,ML,,,,2.3,0.0,5
3593897,2011-10-13T06:31:38Z,-37.79,0.0,176.75,0.0,5.0,0.0,ML,,,,3.0,0.2,20
3593898,2011-10-13T06:37:07Z,-45.1,0.0,167.26,0.0,26.0,2.0,ML,,,,2.5,0.2,3
3593956,2011-10-13T09:37:27Z,-40.28,0.0,176.13,0.0,58.0,2.0,ML,,,,2.5,0.1,6
3593961,2011-10-13T09:59:33Z,-45.5,0.0,167.1,0.0,69.0,2.0,ML,,,,2.5,0.2,9
3593962,2011-10-13T10:02:20Z,-40.3,0.0,175.9,0.0,27.0,1.0,ML,,,,2.0,0.1,4
3594007,2011-10-13T12:12:45Z,-45.0,0.0,167.93,0.0,21.0,3.0,ML,,,,2.1,0.2,6
3594014,2011-10-13T12:23:51Z,-41.0,0.0,175.58,0.0,27.0,1.0,ML,,,,3.4,0.2,44
3594017,2011-10-13T12:34:27Z,-40.99,0.0,175.59,0.0,23.0,2.0,ML,,,,1.9,0.1,5
3594020,2011-10-13T12:43:14Z,-40.63,0.0,173.71,0.0,91.0,3.0,ML,,,,2.6,0.2,4
3594037,2011-10-13T13:22:19Z,-45.14,0.0,167.41,0.0,113.0,3.0,ML,,,,2.9,0.2,13
3594041,2011-10-13T13:31:17Z,-45.12,0.0,167.41,0.0,124.0,3.0,ML,,,,2.8,0.1,2
3594043,2011-10-13T13:34:06Z,-41.01,0.0,175.58,0.0,26.0,1.0,ML,,,,3.0,0.2,22
3594061,2011-10-13T14:19:41Z,-39.92,0.0,176.6,0.0,21.0,3.0,ML,,,,2.1,0.1,6
3594073,2011-10-13T14:45:21Z,-41.28,0.0,175.3,0.0,25.0,3.0,ML,,,,1.6,0.0,2
3594074,2011-10-13T14:49:53Z,-43.57,0.0,172.67,0.0,6.0,2.0,ML,,,,2.8,0.2,5
3594075,2011-10-13T14:54:21Z,-41.0,0.0,175.58,0.0,25.0,1.0,ML,,,,2.1,0.1,5
3594084,2011-10-13T15:11:57Z,-40.99,0.0,175.35,0.0,24.0,1.0,ML,,,,2.4,0.1,11
3594085,2011-10-13T15:14:47Z,-38.29,0.0,178.11,0.0,28.0,1.0,ML,,,,2.9,0.1,12
3594086,2011-10-13T15:18:20Z,-44.61,0.0,167.57,0.0,5.0,0.0,ML,,,,2.6,0.2,11
3594103,2011-10-13T16:09:01Z,-41.82,0.0,172.75,0.0,73.0,3.0,ML,,,,2.3,0.0,2
3594135,2011-10-13T17:40:23Z,-40.64,0.0,175.91,0.0,30.0,1.0,ML,,,,2.5,0.1,10
3594139,2011-10-13T17:47:04Z,-41.71,0.0,172.27,0.0,5.0,0.0,ML,,,,2.3,0.2,3
3594143,2011-10-13T17:58:43Z,-37.81,0.0,176.77,0.0,2.0,0.0,ML,,,,2.0,0.2,5
3594146,2011-10-13T18:05:05Z,-37.78,0.0,176.81,0.0,5.0,0.0,ML,,,,2.2,0.2,5
3594180,2011-10-13T19:41:21Z,-38.54,0.0,177.93,0.0,21.0,1.0,ML,,,,3.2,0.2,16
3594200,2011-10-13T20:23:49Z,-44.99,0.0,167.48,0.0,101.0,3.0,ML,,,,3.9,0.2,19
3594226,2011-10-13T20:26:00Z,-43.59,0.0,172.68,0.0,5.0,1.0,ML,,,,2.8,0.1,5
3594209,2011-10-13T20:44:53Z,-43.64,0.0,172.53,0.0,12.0,0.0,ML,,,,2.9,0.4,8
3594217,2011-10-13T21:03:14Z,-41.0,0.0,175.58,0.0,23.0,2.0,ML,,,,2.0,0.1,5
3678101,2011-10-13T21:03:24Z,-43.7,0.0,172.49,0.0,12.0,2.0,ML,,,,2.2,0.2,3
3594246,2011-10-13T22:18:37Z,-39.8,0.0,174.29,0.0,197.0,4.0,ML,,,,3.4,0.3,8
3594245,2011-10-13T22:18:49Z,-45.45,0.0,167.02,0.0,50.0,2.0,ML,,,,2.4,0.1,5
3594252,2011-10-13T22:37:21Z,-44.6,0.0,167.56,0.0,5.0,0.0,ML,,,,3.2,0.2,12
3594304,2011-10-13T23:12:00Z,-41.93,0.0,173.33,0.0,41.0,3.0,ML,,,,2.6,0.3,4
3594265,2011-10-13T23:13:41Z,-44.61,0.0,167.58,0.0,5.0,0.0,ML,,,,3.6,0.2,14
3594283,2011-10-14T00:01:18Z,-45.16,0.0,167.38,0.0,62.0,2.0,ML,,,,2.5,0.3,11
3594285,2011-10-14T00:09:04Z,-43.48,0.0,172.45,0.0,5.0,0.0,ML,,,,2.6,0.3,7
3594288,2011-10-14T00:18:31Z,-44.63,0.0,167.6,0.0,5.0,0.0,ML,,,,2.6,0.2,9
3594301,2011-10-14T00:56:15Z,-41.02,0.0,175.41,0.0,31.0,0.0,ML,,,,1.9,0.2,5
3594316,2011-10-14T01:41:47Z,-41.02,0.0,175.44,0.0,30.0,1.0,ML,,,,2.0,0.1,7
3594317,2011-10-14T01:45:37Z,-44.91,0.0,167.64,0.0,84.0,2.0,ML,,,,2.6,0.2,12
3594323,2011-10-14T02:05:52Z,-41.19,0.0,172.75,0.0,132.0,3.0,ML,,,,2.6,0.1,3
3594330,2011-10-14T02:25:12Z,-38.13,0.0,178.26,0.0,26.0,2.0,ML,,,,2.2,0.2,4
3678007,2011-10-14T02:52:08Z,-44.62,0.0,167.59,0.0,5.0,0.0,ML,,,,2.6,0.2,11
3594337,2011-10-14T02:54:58Z,-39.32,0.0,176.9,0.0,27.0,1.0,ML,,,,3.5,0.2,61
3594369,2011-10-14T04:06:44Z,-38.3,0.0,179.07,0.0,33.0,0.0,ML,,,,3.3,0.2,12
3594388,2011-10-14T04:52:28Z,-38.31,0.0,179.01,0.1,33.0,0.0,ML,,,,2.8,0.2,7
3594391,2011-10-14T05:02:44Z,-37.64,0.0,176.52,0.0,152.0,3.0,ML,,,,3.4,0.1,11
3594404,2011-10-14T05:35:18Z,-38.37,0.0,177.67,0.0,63.0,4.0,ML,,,,2.5,0.1,4
3594414,2011-10-14T06:02:31Z,-43.6,0.0,172.25,0.0,5.0,0.0,ML,,,,2.5,0.4,5
3594443,2011-10-14T07:13:42Z,-37.31,0.0,176.88,0.0,142.0,3.0,ML,,,,3.2,0.2,6
3594454,2011-10-14T07:45:52Z,-39.52,0.0,174.45,0.0,155.0,3.0,ML,,,,3.0,0.3,6
3594457,2011-10-14T07:54:05Z,-44.53,0.0,168.32,0.0,5.0,0.0,ML,,,,2.3,0.3,8
3594459,2011-10-14T08:00:24Z,-38.57,0.0,175.75,0.1,134.0,6.0,ML,,,,3.3,0.1,5
3594489,2011-10-14T09:30:31Z,-38.36,0.0,177.34,0.0,39.0,3.0,ML,,,,2.2,0.1,5
3678037,2011-10-14T09:31:00Z,-39.91,0.0,176.55,0.0,25.0,1.0,ML,,,,2.2,0.1,7
3678034,2011-10-14T09:31:40Z,-38.44,0.0,178.54,0.0,27.0,2.0,ML,,,,2.1,0.2,8
3594491,2011-10-14T09:39:49Z,-38.28,0.0,179.1,0.1,33.0,0.0,ML,,,,2.5,0.1,7
3678048,2011-10-14T09:40:10Z,-41.55,0.0,174.82,0.0,33.0,1.0,ML,,,,2.3,0.1,4
3594498,2011-10-14T10:05:30Z,-41.54,0.0,174.83,0.0,32.0,1.0,ML,,,,2.2,0.3,7
3594506,2011-10-14T10:35:27Z,-40.15,0.0,176.34,0.0,26.0,1.0,ML,,,,2.6,0.2,16
3594510,2011-10-14T10:42:23Z,-41.03,0.0,174.64,0.0,53.0,1.0,ML,,,,2.3,0.1,4
3594520,2011-10-14T11:21:19Z,-42.0,0.0,172.86,0.0,54.0,2.0,ML,,,,2.3,nan,1
3594522,2011-10-14T11:26:19Z,-37.44,0.1,176.2,0.1,161.0,10.0,ML,,,,2.8,0.2,11
3594545,2011-10-14T12:31:38Z,-36.28,0.1,178.01,0.1,194.0,8.0,ML,,,,3.0,0.2,7
3594549,2011-10-14T12:39:18Z,-38.85,0.0,176.58,0.0,52.0,2.0,ML,,,,2.7,0.1,8
3594563,2011-10-14T13:20:50Z,-41.38,0.0,175.08,0.0,26.0,1.0,ML,,,,2.1,0.1,6
3594575,2011-10-14T14:01:03Z,-39.96,0.0,176.65,0.0,49.0,1.0,ML,,,,2.0,0.1,5
3594584,2011-10-14T14:21:50Z,-42.67,0.0,173.2,0.0,45.0,3.0,ML,,,,2.4,0.4,2
3594585,2011-10-14T14:24:19Z,-40.47,0.0,175.87,0.0,5.0,0.0,ML,,,,1.7,0.2,5
3594605,2011-10-14T15:38:57Z,-40.16,0.0,176.78,0.0,32.0,1.0,ML,,,,2.0,0.2,5
3594607,2011-10-14T15:47:04Z,-45.03,0.0,167.46,0.0,96.0,2.0,ML,,,,3.1,0.2,5
3594609,2011-10-14T15:53:52Z,-37.35,0.0,177.4,0.0,128.0,2.0,ML,,,,3.5,0.1,18
3594616,2011-10-14T16:13:31Z,-42.12,0.0,172.21,0.0,5.0,0.0,ML,,,,2.1,0.3,4
3594621,2011-10-14T16:28:57Z,-43.59,0.0,172.6,0.0,4.0,1.0,ML,,,,2.7,0.4,8
3594624,2011-10-14T16:36:22Z,-39.75,0.0,176.86,0.0,44.0,2.0,ML,,,,2.1,0.1,5
3594632,2011-10-14T17:00:59Z,-38.05,0.0,176.77,0.0,4.0,1.0,ML,,,,2.7,0.2,24
3594633,2011-10-14T17:02:55Z,-38.04,0.0,176.78,0.0,5.0,0.0,ML,,,,1.4,0.2,3
3594639,2011-10-14T17:15:40Z,-36.09,0.1,178.15,0.1,180.0,13.0,ML,,,,3.4,0.2,10
3678089,2011-10-14T18:05:43Z,-37.55,0.0,-179.98,0.0,33.0,0.0,ML,,,,3.1,0.4,8
3594669,2011-10-14T18:34:57Z,-38.98,0.0,175.79,0.0,8.0,1.0,ML,,,,1.8,0.1,4
3594678,2011-10-14T18:54:09Z,-39.24,0.0,175.4,0.0,19.0,1.0,ML,,,,1.5,0.3,6
3594680,2011-10-14T18:58:04Z,-38.33,0.1,175.76,0.1,175.0,11.0,ML,,,,3.1,0.2,7
3594700,2011-10-14T19:51:05Z,-40.55,0.0,174.53,0.0,31.0,2.0,ML,,,,2.5,0.2,12
3594708,2011-10-14T20:17:52Z,-46.21,0.0,166.09,0.1,33.0,0.0,ML,,,,2.7,0.2,5
3594712,2011-10-14T20:30:49Z,-46.17,0.0,166.07,0.1,33.0,0.0,ML,,,,3.4,0.1,7
3594758,2011-10-14T22:25:52Z,-37.85,0.0,176.63,0.0,4.0,1.0,ML,,,,2.2,0.1,7
3594763,2011-10-14T22:40:39Z,-39.96,0.0,176.49,0.0,32.0,2.0,ML,,,,2.0,0.2,7
3594769,2011-10-14T23:00:36Z,-40.87,0.0,174.44,0.0,44.0,2.0,ML,,,,2.6,0.1,7
3594783,2011-10-14T23:37:17Z,-40.23,0.0,176.37,0.0,41.0,1.0,ML,,,,2.4,0.2,10
3594803,2011-10-15T00:34:29Z,-41.26,0.0,174.7,0.0,31.0,1.0,ML,,,,2.1,0.4,5
3680132,2011-10-15T00:35:26Z,-38.89,0.0,177.61,0.0,27.0,3.0,ML,,,,2.2,0.2,6
3594816,2011-10-15T01:19:18Z,-43.1,0.0,171.42,0.0,5.0,0.0,ML,,,,2.8,0.3,10
3594823,2011-10-15T01:42:22Z,-38.24,0.0,176.53,0.0,5.0,0.0,ML,,,,2.2,0.4,4
3594827,2011-10-15T01:55:02Z,-43.47,0.0,172.12,0.0,6.0,1.0,ML,,,,3.5,0.2,16
3594833,2011-10-15T02:16:43Z,-38.06,0.0,177.18,0.0,63.0,2.0,ML,,,,3.1,0.2,16
3594843,2011-10-15T02:41:23Z,-39.27,0.0,175.45,0.0,16.0,1.0,ML,,,,2.3,0.2,14
3594851,2011-10-15T03:03:39Z,-35.45,0.2,179.07,0.1,263.0,20.0,ML,,,,3.4,0.1,3
3594880,2011-10-15T04:33:55Z,-39.69,0.0,176.73,0.0,31.0,1.0,ML,,,,2.3,0.2,12
3594881,2011-10-15T04:36:53Z,-39.91,0.0,176.72,0.0,48.0,4.0,ML,,,,2.1,0.2,8
3594883,2011-10-15T04:38:18Z,-40.23,0.0,175.86,0.0,27.0,1.0,ML,,,,2.8,0.2,25
3594886,2011-10-15T04:49:47Z,-40.85,0.0,174.76,0.0,21.0,3.0,ML,,,,2.1,0.2,6
3594890,2011-10-15T05:01:52Z,-39.83,0.0,176.76,0.0,48.0,2.0,ML,,,,2.0,0.1,6
3594891,2011-10-15T05:04:41Z,-42.12,0.0,172.75,0.0,5.0,0.0,ML,,,,2.4,0.2,4
3594893,2011-10-15T05:10:53Z,-40.23,0.0,175.85,0.0,26.0,1.0,ML,,,,2.2,0.2,13
3594912,2011-10-15T05:59:28Z,-40.36,0.0,176.33,0.0,33.0,1.0,ML,,,,2.2,0.2,7
3594920,2011-10-15T06:25:09Z,-37.75,0.0,176.24,0.0,200.0,4.0,ML,,,,4.1,0.2,52
3594922,2011-10-15T06:28:49Z,-39.01,0.0,175.17,0.0,208.0,5.0,ML,,,,3.3,0.3,15
3680164,2011-10-15T06:29:25Z,-44.22,0.0,170.13,0.0,12.0,0.0,ML,,,,2.5,0.4,8
3594946,2011-10-15T07:33:18Z,-46.15,0.0,166.31,0.1,33.0,0.0,ML,,,,2.2,0.2,4
3594950,2011-10-15T07:42:07Z,-38.82,0.0,178.37,0.0,33.0,0.0,ML,,,,2.0,0.1,6
3594951,2011-10-15T07:43:59Z,-39.99,0.0,176.5,0.0,25.0,2.0,ML,,,,1.8,0.2,8
3594953,2011-10-15T07:48:10Z,-38.79,0.0,174.14,0.0,5.0,0.0,ML,,,,1.7,0.2,5
3594959,2011-10-15T08:02:47Z,-42.89,0.0,174.77,0.1,33.0,0.0,ML,,,,2.9,0.3,7
3594961,2011-10-15T08:08:36Z,-40.16,0.0,176.7,0.0,50.0,1.0,ML,,,,2.3,0.2,14
3594975,2011-10-15T08:49:57Z,-40.98,0.0,174.77,0.0,33.0,0.0,ML,,,,2.1,0.1,9
3594976,2011-10-15T08:52:18Z,-39.48,0.0,175.71,0.0,12.0,1.0,ML,,,,2.1,0.2,12
3595008,2011-10-15T10:36:12Z,-43.6,0.0,172.43,0.0,5.0,0.0,ML,,,,2.6,0.3,6
3595030,2011-10-15T11:39:37Z,-41.7,0.0,172.19,0.0,5.0,0.0,ML,,,,3.0,0.1,7
3595054,2011-10-15T12:54:12Z,-46.11,0.0,166.41,0.1,33.0,0.0,ML,,,,3.1,0.1,4
3595058,2011-10-15T12:59:29Z,-39.29,0.0,174.98,0.0,28.0,1.0,ML,,,,2.6,0.2,19
3595074,2011-10-15T13:46:43Z,-41.06,0.0,175.53,0.0,26.0,1.0,ML,,,,1.9,0.1,11
3595082,2011-10-15T14:15:09Z,-39.8,0.0,173.95,0.0,211.0,4.0,ML,,,,3.1,0.3,15
3595086,2011-10-15T14:23:32Z,-39.27,0.0,177.39,0.0,23.0,3.0,ML,,,,2.1,0.2,8
3595106,2011-10-15T15:27:41Z,-39.45,0.0,175.72,0.0,13.0,1.0,ML,,,,1.9,0.2,12
3595111,2011-10-15T15:48:11Z,-41.11,0.0,173.35,0.0,92.0,2.0,ML,,,,2.3,0.1,2
3595113,2011-10-15T15:51:48Z,-38.73,0.0,175.21,0.0,226.0,5.0,ML,,,,3.6,0.2,19
3595122,2011-10-15T16:17:33Z,-34.95,0.1,178.42,0.1,299.0,9.0,ML,,,,3.9,0.1,7
3595127,2011-10-15T16:35:42Z,-40.93,0.0,173.12,0.0,129.0,2.0,ML,,,,2.4,0.0,2
3595136,2011-10-15T16:59:11Z,-35.86,0.1,178.08,0.1,33.0,0.0,ML,,,,3.3,0.2,6
3595168,2011-10-15T18:14:24Z,-44.92,0.0,167.68,0.0,76.0,2.0,ML,,,,2.2,0.2,3
3595176,2011-10-15T18:36:42Z,-45.78,0.0,165.96,0.1,12.0,0.0,ML,,,,3.3,0.2,3
3595182,2011-10-15T18:52:09Z,-40.76,0.0,175.95,0.0,27.0,1.0,ML,,,,2.2,0.2,7
3595190,2011-10-15T19:10:48Z,-40.06,0.0,175.08,0.0,28.0,1.0,ML,,,,2.4,0.3,13
3595207,2011-10-15T20:12:57Z,-44.52,0.0,168.38,0.0,5.0,0.0,ML,,,,2.2,0.2,9
3595217,2011-10-15T20:39:09Z,-39.32,0.0,178.02,0.0,43.0,2.0,ML,,,,4.3,0.3,55
3595235,2011-10-15T21:31:19Z,-40.05,0.0,175.07,0.0,28.0,2.0,ML,,,,2.4,0.2,16
3595236,2011-10-15T21:32:59Z,-38.29,0.0,179.06,0.0,33.0,0.0,ML,,,,3.1,0.2,10
3595237,2011-10-15T21:34:29Z,-37.47,0.0,176.34,0.0,199.0,4.0,ML,,,,3.3,0.2,8
3595249,2011-10-15T22:05:58Z,-43.55,0.0,172.42,0.0,5.0,0.0,ML,,,,3.3,0.1,8
3595254,2011-10-15T22:21:32Z,-44.95,0.0,167.39,0.0,5.0,0.0,ML,,,,2.3,0.4,6
3595268,2011-10-15T22:56:21Z,-45.37,0.0,166.8,0.0,12.0,0.0,ML,,,,2.4,0.2,6
3595273,2011-10-15T23:13:13Z,-40.47,0.1,173.39,0.1,186.0,6.0,ML,,,,3.0,nan,1
3595287,2011-10-16T00:00:35Z,-40.27,0.0,175.07,0.0,23.0,2.0,ML,,,,2.4,0.2,5
3678133,2011-10-16T00:01:20Z,-43.6,0.0,172.51,0.0,5.0,0.0,ML,,,,2.8,0.3,5
3595307,2011-10-16T00:55:42Z,-43.61,0.0,172.74,0.0,6.0,1.0,ML,,,,2.8,0.2,4
3595325,2011-10-16T01:50:30Z,-38.65,0.0,178.65,0.0,33.0,0.0,ML,,,,2.6,0.1,5
3595332,2011-10-16T02:16:28Z,-41.86,0.0,173.92,0.0,12.0,0.0,ML,,,,2.3,0.3,9
3595333,2011-10-16T02:21:05Z,-40.83,0.0,175.52,0.0,25.0,1.0,ML,,,,2.4,0.2,9
3595337,2011-10-16T02:37:20Z,-44.98,0.0,167.54,0.0,62.0,1.0,ML,,,,2.5,0.2,7
3595345,2011-10-16T02:53:57Z,-40.9,0.0,174.96,0.0,58.0,1.0,ML,,,,2.5,0.1,8
3595346,2011-10-16T02:57:58Z,-45.42,0.0,166.73,0.0,12.0,0.0,ML,,,,3.0,0.2,6
3595355,2011-10-16T03:20:39Z,-37.51,0.0,176.92,0.0,128.0,3.0,ML,,,,3.1,0.3,5
3595366,2011-10-16T03:59:19Z,-39.54,0.0,175.66,0.0,12.0,0.0,ML,,,,2.0,0.2,9
3595371,2011-10-16T04:11:23Z,-44.62,0.0,167.58,0.0,5.0,0.0,ML,,,,2.5,0.2,9
3595384,2011-10-16T04:49:17Z,-45.46,0.0,167.06,0.0,88.0,1.0,ML,,,,2.8,0.2,10
3595722,2011-10-16T04:52:02Z,-36.42,0.1,178.02,0.1,157.0,9.0,ML,,,,3.7,0.2,13
3595393,2011-10-16T05:17:52Z,-41.77,0.0,174.58,0.0,27.0,2.0,ML,,,,2.4,0.2,10
3595452,2011-10-16T08:04:58Z,-39.84,0.0,176.73,0.0,48.0,1.0,ML,,,,2.5,0.1,15
3595456,2011-10-16T08:21:06Z,-37.74,0.0,177.55,0.0,37.0,2.0,ML,,,,2.5,0.2,6
3595461,2011-10-16T08:31:54Z,-37.68,0.0,176.69,0.1,110.0,3.0,ML,,,,2.9,0.3,6
3595465,2011-10-16T08:44:51Z,-41.32,0.0,173.73,0.0,54.0,2.0,ML,,,,2.3,0.1,4
3595467,2011-10-16T08:49:01Z,-36.45,0.0,177.25,0.0,5.0,0.0,ML,,,,3.9,0.2,15
3595470,2011-10-16T09:01:40Z,-36.37,0.0,177.29,0.0,5.0,0.0,ML,,,,4.1,0.2,23
3595481,2011-10-16T09:39:51Z,-39.34,0.0,174.9,0.0,190.0,4.0,ML,,,,3.1,0.4,10
3595503,2011-10-16T10:39:56Z,-41.65,0.0,174.28,0.0,12.0,0.0,ML,,,,2.5,0.1,6
3595506,2011-10-16T10:48:42Z,-36.31,0.0,177.42,0.0,5.0,0.0,ML,,,,4.5,0.2,28
3595516,2011-10-16T11:18:43Z,-45.21,0.0,167.35,0.0,126.0,2.0,ML,,,,3.0,0.2,13
3595535,2011-10-16T12:09:18Z,-44.81,0.0,167.62,0.0,79.0,2.0,ML,,,,2.3,0.1,6
3595537,2011-10-16T12:12:01Z,-43.62,0.0,172.49,0.0,8.0,1.0,ML,,,,3.3,0.2,5
3595541,2011-10-16T12:12:04Z,-37.72,0.0,176.38,0.0,157.0,3.0,ML,,,,3.5,0.3,8
3595551,2011-10-16T12:49:56Z,-37.93,0.0,177.19,0.0,83.0,3.0,ML,,,,2.8,0.1,4
3595565,2011-10-16T13:24:54Z,-39.01,0.0,174.95,0.0,227.0,6.0,ML,,,,3.6,0.1,31
3595568,2011-10-16T13:36:39Z,-39.37,0.0,175.27,0.0,25.0,1.0,ML,,,,3.5,0.2,62
3595573,2011-10-16T13:48:33Z,-40.05,0.0,175.1,0.0,29.0,1.0,ML,,,,2.3,0.3,17
3595583,2011-10-16T14:21:47Z,-38.08,0.0,176.73,0.0,4.0,1.0,ML,,,,1.8,0.3,5
3595590,2011-10-16T14:44:45Z,-40.51,0.0,175.98,0.0,24.0,1.0,ML,,,,2.2,0.2,12
3595592,2011-10-16T14:47:37Z,-42.09,0.0,173.56,0.0,30.0,2.0,ML,,,,2.8,0.3,4
3595732,2011-10-16T14:49:22Z,-38.08,0.0,176.74,0.0,5.0,0.0,ML,,,,1.8,0.3,7
3595603,2011-10-16T15:19:44Z,-40.06,0.0,174.99,0.0,29.0,1.0,ML,,,,2.8,0.2,19
3595606,2011-10-16T15:26:17Z,-41.04,0.0,175.35,0.0,26.0,1.0,ML,,,,1.8,0.1,7
3595607,2011-10-16T15:28:34Z,-45.51,0.0,167.08,0.0,94.0,2.0,ML,,,,2.7,0.2,12
3595609,2011-10-16T15:36:34Z,-39.4,0.0,175.27,0.0,29.0,1.0,ML,,,,2.1,0.2,4
3595612,2011-10-16T15:44:56Z,-37.5,0.0,178.47,0.0,53.0,3.0,ML,,,,3.6,0.2,20
3595617,2011-10-16T16:01:42Z,-39.21,0.0,173.81,0.0,26.0,2.0,ML,,,,2.1,0.2,4
3595621,2011-10-16T16:13:36Z,-39.33,0.0,176.25,0.0,72.0,2.0,ML,,,,2.4,0.1,11
3595625,2011-10-16T16:25:03Z,-39.37,0.0,175.27,0.0,32.0,1.0,ML,,,,2.0,0.3,8
3595631,2011-10-16T16:40:27Z,-40.48,0.0,176.28,0.0,28.0,1.0,ML,,,,2.7,0.2,16
3595638,2011-10-16T16:55:59Z,-39.36,0.0,175.27,0.0,31.0,1.0,ML,,,,2.0,0.3,5
3595644,2011-10-16T17:17:43Z,-40.91,0.0,175.75,0.0,26.0,2.0,ML,,,,2.0,0.1,6
3595652,2011-10-16T17:43:39Z,-43.54,0.0,171.9,0.0,5.0,0.0,ML,,,,2.6,0.2,5
3595659,2011-10-16T18:07:36Z,-39.36,0.0,175.3,0.0,28.0,1.0,ML,,,,2.4,0.1,14
3595664,2011-10-16T18:16:36Z,-38.77,0.0,175.35,0.0,214.0,4.0,ML,,,,3.9,0.2,37
3595678,2011-10-16T19:00:17Z,-43.24,0.0,171.99,0.0,12.0,0.0,ML,,,,3.0,0.3,10
3595688,2011-10-16T19:38:24Z,-37.62,0.0,179.28,0.0,33.0,0.0,ML,,,,2.8,0.2,5
3595715,2011-10-16T20:49:42Z,-38.59,0.0,177.67,0.0,33.0,1.0,ML,,,,2.3,0.2,6
3595733,2011-10-16T21:35:11Z,-37.63,0.0,179.29,0.0,33.0,0.0,ML,,,,2.8,0.2,6
3595747,2011-10-16T22:18:24Z,-39.37,0.0,175.27,0.0,32.0,1.0,ML,,,,2.0,0.2,12
3595760,2011-10-16T22:52:57Z,-43.6,0.0,172.7,0.0,8.0,1.0,ML,,,,2.7,0.1,4
3680104,2011-10-16T22:53:59Z,-41.79,0.0,174.59,0.0,31.0,2.0,ML,,,,2.8,0.2,9
3595770,2011-10-16T23:27:06Z,-34.88,0.0,178.55,0.1,280.0,4.0,ML,,,,4.1,0.1,7
3595777,2011-10-16T23:45:03Z,-43.48,0.0,172.83,0.0,12.0,0.0,ML,,,,3.0,0.3,5
3595789,2011-10-17T00:25:34Z,-39.37,0.0,175.29,0.0,29.0,1.0,ML,,,,1.9,0.2,9
3595795,2011-10-17T00:40:36Z,-43.64,0.0,172.85,0.0,5.0,0.0,ML,,,,2.7,0.3,8
3595809,2011-10-17T01:24:26Z,-36.93,0.1,177.21,0.1,145.0,5.0,ML,,,,3.1,0.1,7
3595815,2011-10-17T01:40:18Z,-40.7,0.0,173.18,0.0,160.0,6.0,ML,,,,3.1,0.4,6
3595829,2011-10-17T02:29:45Z,-40.01,0.0,176.22,0.0,23.0,1.0,ML,,,,2.2,0.1,7
3595844,2011-10-17T03:03:22Z,-41.87,0.0,173.92,0.0,12.0,1.0,ML,,,,2.6,0.2,8
3595899,2011-10-17T06:02:58Z,-43.58,0.0,172.85,0.0,9.0,1.0,ML,,,,3.1,0.2,6
3595929,2011-10-17T07:16:49Z,-39.56,0.0,176.71,0.0,29.0,1.0,ML,,,,2.5,0.1,11
3595930,2011-10-17T07:19:56Z,-40.83,0.0,173.97,0.0,67.0,3.0,ML,,,,2.1,0.1,2
3595952,2011-10-17T08:10:59Z,-43.61,0.0,172.65,0.0,8.0,1.0,ML,,,,2.6,0.4,5
3595962,2011-10-17T08:41:34Z,-40.89,0.0,174.76,0.0,19.0,2.0,ML,,,,2.2,0.2,7
3595969,2011-10-17T09:00:49Z,-38.2,0.0,177.74,0.0,65.0,2.0,ML,,,,2.1,0.1,4
3595973,2011-10-17T09:10:43Z,-43.55,0.0,171.92,0.0,5.0,0.0,ML,,,,2.7,0.2,8
3595987,2011-10-17T09:59:00Z,-41.33,0.0,172.4,0.0,5.0,0.0,ML,,,,2.5,0.2,4
3595991,2011-10-17T10:09:04Z,-44.39,0.0,168.9,0.0,5.0,0.0,ML,,,,2.6,0.2,7
3596032,2011-10-17T12:06:00Z,-38.82,0.0,175.25,0.0,203.0,3.0,ML,,,,3.5,0.1,18
3596045,2011-10-17T12:43:15Z,-36.12,0.0,178.69,0.0,171.0,6.0,ML,,,,4.6,0.2,50
3596049,2011-10-17T12:56:34Z,-43.57,0.0,172.41,0.0,10.0,1.0,ML,,,,2.7,0.3,5
3596055,2011-10-17T13:14:50Z,-45.7,0.0,166.74,0.0,69.0,2.0,ML,,,,2.6,0.2,7
3596063,2011-10-17T13:41:57Z,-37.16,0.0,177.44,0.0,133.0,4.0,ML,,,,4.2,0.2,53
3596125,2011-10-17T16:43:22Z,-40.08,0.0,176.37,0.0,30.0,1.0,ML,,,,2.2,0.2,12
3596128,2011-10-17T16:49:41Z,-40.03,0.0,175.03,0.0,38.0,2.0,ML,,,,2.2,0.2,4
3596149,2011-10-17T17:53:35Z,-38.93,0.0,177.32,0.0,32.0,1.0,ML,,,,2.8,0.1,18
3596160,2011-10-17T18:18:45Z,-43.56,0.0,172.43,0.0,5.0,0.0,ML,,,,2.9,0.2,8
3596164,2011-10-17T18:30:32Z,-41.39,0.0,173.44,0.0,63.0,2.0,ML,,,,2.8,0.1,5
3596186,2011-10-17T19:35:44Z,-39.31,0.0,174.94,0.0,26.0,2.0,ML,,,,2.2,0.3,7
3596211,2011-10-17T20:52:19Z,-39.91,0.0,176.56,0.0,30.0,1.0,ML,,,,2.6,0.1,13
3596224,2011-10-17T21:24:46Z,-45.14,0.0,167.38,0.0,95.0,1.0,ML,,,,3.0,0.2,5
3596240,2011-10-17T22:10:34Z,-39.38,0.0,175.28,0.0,30.0,1.0,ML,,,,2.2,0.1,9
3596243,2011-10-17T22:18:41Z,-37.51,0.0,177.74,0.0,48.0,2.0,ML,,,,3.2,0.2,11
3596263,2011-10-17T23:15:31Z,-43.46,0.0,172.55,0.0,5.0,0.0,ML,,,,2.7,0.3,5
3596294,2011-10-18T00:53:45Z,-45.03,0.0,167.62,0.1,119.0,6.0,ML,,,,3.1,0.2,4
3596301,2011-10-18T01:15:39Z,-43.6,0.0,172.64,0.0,5.0,0.0,ML,,,,2.5,0.1,4
3596310,2011-10-18T01:37:47Z,-45.16,0.0,167.34,0.0,124.0,3.0,ML,,,,3.3,0.2,6
3596344,2011-10-18T03:05:02Z,-43.0,0.0,171.41,0.0,5.0,0.0,ML,,,,2.7,0.4,7
3596347,2011-10-18T03:13:38Z,-39.39,0.0,175.29,0.0,26.0,2.0,ML,,,,2.2,0.1,8
3596367,2011-10-18T04:15:28Z,-45.42,0.0,167.4,0.0,5.0,0.0,ML,,,,3.1,0.2,7
3596409,2011-10-18T06:20:27Z,-43.07,0.0,175.18,0.0,33.0,0.0,ML,,,,3.7,0.2,34
3596428,2011-10-18T07:08:54Z,-41.14,0.0,174.37,0.0,58.0,1.0,ML,,,,2.7,0.1,9
3596450,2011-10-18T08:09:32Z,-43.62,0.0,172.68,0.0,7.0,1.0,ML,,,,3.1,0.3,7
3680636,2011-10-18T08:10:35Z,-36.51,0.0,177.16,0.0,5.0,0.0,ML,,,,3.0,0.1,5
3596458,2011-10-18T08:36:37Z,-38.43,0.0,176.2,0.0,5.0,0.0,ML,,,,1.5,0.1,5
3596460,2011-10-18T08:39:26Z,-38.43,0.0,176.2,0.0,5.0,0.0,ML,,,,1.8,0.1,5
3596461,2011-10-18T08:42:26Z,-38.42,0.0,176.18,0.0,5.0,0.0,ML,,,,1.4,0.1,5
3596463,2011-10-18T08:47:44Z,-38.44,0.0,176.19,0.0,5.0,0.0,ML,,,,2.0,0.1,8
3596465,2011-10-18T08:51:23Z,-38.43,0.0,176.2,0.0,5.0,0.0,ML,,,,1.6,0.1,8
3680645,2011-10-18T08:54:40Z,-38.43,0.0,176.2,0.0,5.0,0.0,ML,,,,1.8,0.1,5
3596468,2011-10-18T08:58:16Z,-38.43,0.0,176.2,0.0,5.0,0.0,ML,,,,2.1,0.2,11
3596471,2011-10-18T09:04:32Z,-38.43,0.0,176.2,0.0,5.0,0.0,ML,,,,1.9,0.1,7
3596478,2011-10-18T09:25:43Z,-38.86,0.0,178.0,0.0,28.0,3.0,ML,,,,2.1,0.1,5
3596482,2011-10-18T09:38:13Z,-38.43,0.0,176.19,0.0,5.0,0.0,ML,,,,1.4,0.1,5
3596488,2011-10-18T09:56:44Z,-40.35,0.0,176.53,0.0,16.0,2.0,ML,,,,1.9,0.2,9
3596493,2011-10-18T10:12:37Z,-39.69,0.0,176.87,0.0,39.0,2.0,ML,,,,2.3,0.2,9
3596495,2011-10-18T10:19:05Z,-40.83,0.0,175.1,0.0,58.0,2.0,ML,,,,1.9,0.2,5
3596504,2011-10-18T10:48:46Z,-45.74,0.0,165.83,0.1,12.0,0.0,ML,,,,2.8,0.2,4
3680655,2011-10-18T10:50:45Z,-41.43,0.0,175.34,0.0,41.0,1.0,ML,,,,2.9,0.1,20
3596511,2011-10-18T11:12:37Z,-43.59,0.0,172.13,0.0,6.0,2.0,ML,,,,3.0,0.3,8
3596513,2011-10-18T11:18:11Z,-40.06,0.0,176.65,0.0,49.0,3.0,ML,,,,2.1,0.3,6
3596516,2011-10-18T11:28:38Z,-39.22,0.0,174.44,0.0,23.0,1.0,ML,,,,2.3,0.1,6
3596522,2011-10-18T11:41:25Z,-39.82,0.0,176.94,0.0,32.0,1.0,ML,,,,2.4,0.1,8
3596528,2011-10-18T11:55:33Z,-39.77,0.0,177.02,0.0,52.0,2.0,ML,,,,2.8,0.2,14
3596531,2011-10-18T12:03:20Z,-39.32,0.0,174.66,0.0,19.0,2.0,ML,,,,2.5,0.2,12
3596534,2011-10-18T12:08:16Z,-39.78,0.0,176.86,0.0,40.0,2.0,ML,,,,2.1,0.2,8
3596537,2011-10-18T12:13:59Z,-36.97,0.1,176.54,0.1,254.0,6.0,ML,,,,3.5,0.2,18
3596539,2011-10-18T12:20:45Z,-38.43,0.0,176.2,0.0,5.0,0.0,ML,,,,1.3,0.1,3
3596541,2011-10-18T12:24:15Z,-38.43,0.0,176.2,0.0,5.0,0.0,ML,,,,1.6,0.1,6
3596543,2011-10-18T12:33:46Z,-38.43,0.0,176.2,0.0,7.0,1.0,ML,,,,1.6,0.1,6
3596545,2011-10-18T12:37:54Z,-39.5,0.0,177.1,0.0,34.0,2.0,ML,,,,2.4,0.1,7
3596547,2011-10-18T12:43:43Z,-38.43,0.0,176.2,0.0,5.0,0.0,ML,,,,1.5,0.1,3
3596548,2011-10-18T12:45:21Z,-40.59,0.0,173.25,0.0,178.0,3.0,ML,,,,3.1,0.3,5
3596549,2011-10-18T12:52:26Z,-45.53,0.0,167.06,0.0,71.0,2.0,ML,,,,2.8,0.2,5
3596552,2011-10-18T13:01:43Z,-41.2,0.0,175.03,0.0,24.0,2.0,ML,,,,2.1,0.4,5
3596567,2011-10-18T13:42:51Z,-38.45,0.0,176.23,0.0,71.0,3.0,ML,,,,2.2,0.1,4
3596574,2011-10-18T13:58:06Z,-38.59,0.0,178.67,0.0,32.0,2.0,ML,,,,2.6,0.2,7
3596578,2011-10-18T14:11:29Z,-39.73,0.0,176.93,0.0,43.0,2.0,ML,,,,2.3,0.2,7
3596593,2011-10-18T14:50:03Z,-39.94,0.0,175.25,0.0,27.0,2.0,ML,,,,2.7,0.1,21
3681116,2011-10-18T14:50:24Z,-41.28,0.0,172.42,0.0,5.0,0.0,ML,,,,2.3,0.1,3
3596622,2011-10-18T16:17:23Z,-39.69,0.0,176.89,0.0,32.0,1.0,ML,,,,2.0,0.2,6
3596625,2011-10-18T16:25:36Z,-39.37,0.0,175.26,0.0,31.0,1.0,ML,,,,2.0,0.1,7
3596633,2011-10-18T16:42:20Z,-39.73,0.0,176.91,0.0,44.0,2.0,ML,,,,2.7,0.2,14
3596655,2011-10-18T17:35:18Z,-37.88,0.0,176.03,0.1,170.0,5.0,ML,,,,3.2,0.3,20
3596659,2011-10-18T17:44:48Z,-39.37,0.0,175.28,0.0,32.0,1.0,ML,,,,2.1,0.3,6
3596670,2011-10-18T18:16:18Z,-38.6,0.0,175.9,0.0,150.0,7.0,ML,,,,3.2,0.3,7
3596678,2011-10-18T18:44:41Z,-39.28,0.0,173.8,0.0,12.0,2.0,ML,,,,2.7,0.1,2
3596691,2011-10-18T19:31:13Z,-39.45,0.0,177.24,0.0,27.0,2.0,ML,,,,2.4,0.1,7
3596695,2011-10-18T19:42:27Z,-41.47,0.0,175.54,0.0,20.0,1.0,ML,,,,1.9,0.2,7
3596716,2011-10-18T20:56:42Z,-40.03,0.0,176.55,0.0,43.0,1.0,ML,,,,2.4,0.2,13
3596723,2011-10-18T21:17:22Z,-41.5,0.0,173.35,0.0,80.0,4.0,ML,,,,2.9,0.2,9
3596731,2011-10-18T21:47:32Z,-43.67,0.0,168.82,0.0,5.0,0.0,ML,,,,3.1,0.3,9
3596754,2011-10-18T22:54:44Z,-44.15,0.0,168.4,0.0,5.0,0.0,ML,,,,3.1,0.1,10
3596797,2011-10-18T22:54:58Z,-39.22,0.0,174.45,0.0,23.0,1.0,ML,,,,2.7,0.2,9
3596781,2011-10-19T00:20:06Z,-41.21,0.0,175.03,0.0,23.0,1.0,ML,,,,2.0,0.2,4
3596785,2011-10-19T00:39:18Z,-37.5,0.0,178.08,0.0,77.0,3.0,ML,,,,3.1,0.2,12
3596791,2011-10-19T01:00:50Z,-39.27,0.0,173.77,0.0,14.0,2.0,ML,,,,2.4,0.3,2
3596793,2011-10-19T01:07:01Z,-38.43,0.0,176.2,0.0,2.0,0.0,ML,,,,2.1,0.1,6
3596794,2011-10-19T01:09:31Z,-39.28,0.0,173.78,0.0,16.0,1.0,ML,,,,2.2,0.2,4
3596796,2011-10-19T01:13:52Z,-40.12,0.0,174.96,0.0,27.0,1.0,ML,,,,2.5,0.3,13
3596814,2011-10-19T01:58:34Z,-38.42,0.0,176.2,0.0,5.0,0.0,ML,,,,1.8,0.1,5
3596819,2011-10-19T02:16:43Z,-44.53,0.0,168.46,0.0,5.0,0.0,ML,,,,2.6,0.1,4
3680604,2011-10-19T02:17:36Z,-38.43,0.0,176.2,0.0,5.0,0.0,ML,,,,2.0,0.1,6
3596826,2011-10-19T02:37:51Z,-40.53,0.0,176.63,0.0,16.0,2.0,ML,,,,2.3,0.1,5
3596835,2011-10-19T03:11:28Z,-39.39,0.0,175.3,0.0,28.0,1.0,ML,,,,3.2,0.2,48
3596854,2011-10-19T04:06:06Z,-39.71,0.0,174.03,0.0,235.0,3.0,ML,,,,3.7,0.2,14
3596867,2011-10-19T04:42:21Z,-37.83,0.0,176.63,0.0,4.0,1.0,ML,,,,2.2,0.1,7
3596872,2011-10-19T04:59:33Z,-40.66,0.0,176.32,0.0,27.0,2.0,ML,,,,2.6,0.2,12
3596887,2011-10-19T05:48:15Z,-39.27,0.0,173.84,0.0,12.0,0.0,ML,,,,2.0,0.2,3
3596890,2011-10-19T06:00:34Z,-39.67,0.0,176.77,0.0,33.0,0.0,ML,,,,2.3,0.2,5
3596904,2011-10-19T06:37:55Z,-41.15,0.0,172.92,0.0,132.0,2.0,ML,,,,4.0,0.2,35
3596938,2011-10-19T08:03:07Z,-40.86,0.0,175.82,0.0,26.0,1.0,ML,,,,2.4,0.1,12
3596943,2011-10-19T08:23:31Z,-43.61,0.0,172.43,0.0,11.0,1.0,ML,,,,3.3,0.2,10
3596980,2011-10-19T10:12:57Z,-42.51,0.0,172.22,0.0,5.0,0.0,ML,,,,2.7,0.3,7
3596981,2011-10-19T10:15:48Z,-39.3,0.0,175.4,0.0,91.0,2.0,ML,,,,3.0,0.1,10
3596984,2011-10-19T10:26:07Z,-39.71,0.0,175.1,0.0,31.0,1.0,ML,,,,2.3,0.3,8
3596996,2011-10-19T11:08:01Z,-45.12,0.0,167.38,0.0,121.0,2.0,ML,,,,3.1,0.3,10
3596997,2011-10-19T11:13:12Z,-43.61,0.0,172.35,0.0,13.0,3.0,ML,,,,2.5,0.1,5
3597028,2011-10-19T12:50:30Z,-39.38,0.0,175.29,0.0,31.0,1.0,ML,,,,1.9,0.1,5
3597036,2011-10-19T13:12:59Z,-41.12,0.0,174.17,0.0,46.0,1.0,ML,,,,2.5,0.1,5
3597052,2011-10-19T14:06:11Z,-39.28,0.0,173.79,0.0,12.0,1.0,ML,,,,2.3,0.2,3
3597058,2011-10-19T14:21:39Z,-40.93,0.0,176.01,0.0,28.0,1.0,ML,,,,2.4,0.1,10
3597082,2011-10-19T15:34:05Z,-39.38,0.0,175.28,0.0,32.0,1.0,ML,,,,2.0,0.2,7
3597086,2011-10-19T15:43:52Z,-39.67,0.1,173.92,0.1,221.0,8.0,ML,,,,3.1,0.1,2
3597101,2011-10-19T16:33:44Z,-45.17,0.0,167.09,0.0,12.0,0.0,ML,,,,2.9,0.1,6
3597113,2011-10-19T17:06:59Z,-38.18,0.1,175.85,0.1,191.0,7.0,ML,,,,3.4,0.4,15
3597178,2011-10-19T20:06:18Z,-41.35,0.0,175.15,0.0,22.0,1.0,ML,,,,2.3,0.3,8
3597189,2011-10-19T20:41:45Z,-41.24,0.0,175.24,0.0,27.0,1.0,ML,,,,2.2,0.1,8
3597242,2011-10-19T23:01:03Z,-41.36,0.0,175.15,0.0,22.0,1.0,ML,,,,2.0,0.3,7
3597278,2011-10-20T00:44:17Z,-37.66,0.0,178.23,0.0,37.0,3.0,ML,,,,2.9,0.1,7
3597314,2011-10-20T02:21:20Z,-38.95,0.0,178.07,0.0,43.0,1.0,Mw,4.3,nan,0,4.5,0.3,56
3597318,2011-10-20T02:40:14Z,-40.47,0.0,176.78,0.0,12.0,0.0,ML,,,,3.7,0.2,53
3597326,2011-10-20T02:53:14Z,-40.3,0.0,176.55,0.0,12.0,0.0,ML,,,,2.1,0.1,10
3597360,2011-10-20T04:29:39Z,-42.09,0.0,178.22,0.1,33.0,0.0,ML,,,,3.3,0.4,31
3597369,2011-10-20T04:51:03Z,-38.91,0.0,177.99,0.0,37.0,1.0,ML,,,,3.0,0.2,19
3597373,2011-10-20T04:59:35Z,-39.6,0.0,175.46,0.0,72.0,4.0,ML,,,,2.7,0.2,12
3597386,2011-10-20T05:35:26Z,-37.88,0.0,176.28,0.0,152.0,4.0,ML,,,,3.2,0.2,8
3597391,2011-10-20T05:53:01Z,-37.82,0.0,176.75,0.0,5.0,0.0,ML,,,,1.9,0.1,2
3597393,2011-10-20T05:57:49Z,-38.53,0.0,175.4,0.0,251.0,4.0,ML,,,,3.6,0.1,15
3597399,2011-10-20T06:18:28Z,-37.72,0.0,176.84,0.0,5.0,0.0,ML,,,,2.2,0.1,8
3597420,2011-10-20T07:13:11Z,-36.78,0.0,176.63,0.1,167.0,8.0,ML,,,,3.2,0.4,4
3597445,2011-10-20T08:26:14Z,-37.68,0.0,178.09,0.0,36.0,3.0,ML,,,,2.2,0.1,7
3597457,2011-10-20T09:01:57Z,-41.17,0.0,173.36,0.0,98.0,3.0,ML,,,,2.7,0.1,2
3597475,2011-10-20T09:49:46Z,-37.66,0.0,177.06,0.0,142.0,3.0,ML,,,,3.9,0.2,48
3597486,2011-10-20T10:27:09Z,-36.26,0.1,177.36,0.1,190.0,6.0,ML,,,,3.5,0.3,22
3597500,2011-10-20T11:16:53Z,-43.61,0.0,172.63,0.0,6.0,1.0,ML,,,,2.4,0.1,3
3597513,2011-10-20T11:54:39Z,-38.98,0.0,176.14,0.0,66.0,2.0,ML,,,,2.6,0.2,11
3597522,2011-10-20T12:20:52Z,-37.88,0.0,176.57,0.1,125.0,5.0,ML,,,,2.8,0.2,5
3597526,2011-10-20T12:28:43Z,-41.35,0.0,175.15,0.0,22.0,1.0,ML,,,,2.4,0.1,12
3597527,2011-10-20T12:31:06Z,-35.97,0.0,177.49,0.0,121.0,8.0,ML,,,,3.0,0.2,5
3597531,2011-10-20T12:41:35Z,-41.35,0.0,175.16,0.0,23.0,1.0,ML,,,,2.1,0.3,7
3597540,2011-10-20T13:06:17Z,-41.35,0.0,175.16,0.0,23.0,1.0,ML,,,,2.0,0.1,6
3597553,2011-10-20T13:48:56Z,-41.35,0.0,175.16,0.0,24.0,0.0,ML,,,,2.0,0.1,7
3597557,2011-10-20T14:04:13Z,-41.35,0.0,175.16,0.0,24.0,1.0,ML,,,,1.8,0.1,6
3597567,2011-10-20T14:37:40Z,-39.62,0.0,174.19,0.0,236.0,3.0,ML,,,,3.9,0.2,43
3597602,2011-10-20T16:29:03Z,-36.42,0.1,177.13,0.1,169.0,9.0,ML,,,,3.4,0.2,9
3597628,2011-10-20T17:40:22Z,-38.79,0.0,175.77,0.0,105.0,2.0,ML,,,,3.3,0.2,20
3597643,2011-10-20T18:25:45Z,-40.54,0.0,173.98,0.0,75.0,3.0,ML,,,,2.3,0.0,2
3597644,2011-10-20T18:28:40Z,-45.97,0.0,167.24,0.0,12.0,0.0,ML,,,,2.8,0.1,3
3597645,2011-10-20T18:32:14Z,-42.92,0.0,173.01,0.0,5.0,0.0,ML,,,,2.7,0.2,5
3597682,2011-10-20T20:19:41Z,-36.57,0.1,177.87,0.1,154.0,7.0,ML,,,,4.1,0.2,37
3597735,2011-10-20T22:54:38Z,-38.43,0.0,176.2,0.0,2.0,0.0,ML,,,,2.3,0.2,10
3597778,2011-10-21T00:48:13Z,-38.43,0.0,176.2,0.0,5.0,0.0,ML,,,,2.0,0.1,5
3597808,2011-10-21T02:11:57Z,-37.8,0.0,176.81,0.0,5.0,0.0,ML,,,,1.9,0.1,4
3597836,2011-10-21T03:30:58Z,-37.82,0.0,176.64,0.0,5.0,1.0,ML,,,,2.8,0.2,14
3597853,2011-10-21T04:13:33Z,-45.2,0.0,167.37,0.0,124.0,3.0,ML,,,,3.0,0.1,5
3597858,2011-10-21T04:27:45Z,-41.29,0.0,173.64,0.0,64.0,2.0,ML,,,,2.4,0.1,4
3597863,2011-10-21T04:42:35Z,-38.73,0.0,177.41,0.0,33.0,1.0,ML,,,,2.1,0.1,6
3597886,2011-10-21T05:37:23Z,-39.02,0.0,178.23,0.0,30.0,1.0,ML,,,,2.7,0.2,12
3597897,2011-10-21T06:07:45Z,-40.3,0.0,175.47,0.0,40.0,2.0,ML,,,,2.6,0.2,8
3597924,2011-10-21T07:10:33Z,-37.3,0.0,177.76,0.0,49.0,4.0,ML,,,,3.9,0.2,38
3597926,2011-10-21T07:18:43Z,-41.89,0.0,172.74,0.0,83.0,3.0,ML,,,,3.3,0.1,7
3597940,2011-10-21T07:55:59Z,-39.96,0.0,176.74,0.0,45.0,1.0,ML,,,,2.2,0.2,10
3597956,2011-10-21T08:42:40Z,-44.17,0.0,168.42,0.0,5.0,0.0,ML,,,,2.3,0.3,7
3597962,2011-10-21T08:59:16Z,-40.83,0.0,175.52,0.0,24.0,1.0,ML,,,,2.0,0.1,7
3597968,2011-10-21T09:17:59Z,-40.93,0.0,175.62,0.0,27.0,1.0,ML,,,,2.0,0.2,9
3597970,2011-10-21T09:26:55Z,-41.08,0.0,175.35,0.0,26.0,1.0,ML,,,,2.5,0.1,14
3597975,2011-10-21T09:39:27Z,-41.35,0.0,175.15,0.0,23.0,1.0,ML,,,,2.3,0.3,9
3597977,2011-10-21T09:50:34Z,-43.58,0.0,172.41,0.0,9.0,2.0,ML,,,,2.8,0.2,4
3597978,2011-10-21T09:53:11Z,-39.36,0.0,175.3,0.0,29.0,1.0,ML,,,,2.1,0.1,10
3598036,2011-10-21T12:41:49Z,-42.39,0.0,172.26,0.0,29.0,5.0,ML,,,,1.9,0.1,3
3598053,2011-10-21T13:38:32Z,-40.08,0.0,175.57,0.0,41.0,2.0,ML,,,,2.7,0.1,14
3598058,2011-10-21T13:57:20Z,-39.16,0.0,177.26,0.0,27.0,1.0,ML,,,,2.0,0.1,11
3598067,2011-10-21T14:33:24Z,-37.85,0.0,176.38,0.1,108.0,6.0,ML,,,,2.9,0.3,20
3598071,2011-10-21T14:48:43Z,-38.34,0.0,175.53,0.0,157.0,5.0,ML,,,,2.8,0.4,8
3598072,2011-10-21T14:51:17Z,-40.29,0.0,176.57,0.0,12.0,0.0,ML,,,,1.4,0.1,4
3598077,2011-10-21T15:04:59Z,-38.92,0.0,178.01,0.0,37.0,2.0,ML,,,,2.4,0.2,6
3598083,2011-10-21T15:21:20Z,-37.75,0.1,176.39,0.1,135.0,9.0,ML,,,,2.7,0.3,6
3598089,2011-10-21T15:40:49Z,-45.85,0.0,166.76,0.0,5.0,0.0,ML,,,,2.8,0.3,4
3598114,2011-10-21T17:12:49Z,-41.35,0.0,173.44,0.0,97.0,1.0,ML,,,,3.6,0.2,30
3598130,2011-10-21T17:54:29Z,-43.45,0.0,172.14,0.0,5.0,0.0,ML,,,,2.8,0.4,13
3598143,2011-10-21T18:30:15Z,-43.57,0.0,172.58,0.0,16.0,3.0,ML,,,,2.6,0.2,3
3682400,2011-10-21T18:33:15Z,-38.08,0.0,178.43,0.0,49.0,3.0,ML,,,,2.3,0.2,6
3598145,2011-10-21T18:39:43Z,-38.33,0.0,178.59,0.0,31.0,2.0,ML,,,,2.4,0.2,6
3682402,2011-10-21T18:41:23Z,-44.99,0.0,167.5,0.0,80.0,2.0,ML,,,,3.1,0.1,5
3598147,2011-10-21T18:49:39Z,-37.11,0.0,177.32,0.0,123.0,4.0,ML,,,,3.1,0.2,5
3598169,2011-10-21T19:50:39Z,-41.18,0.0,172.95,0.0,124.0,4.0,ML,,,,2.3,nan,1
3598172,2011-10-21T19:59:09Z,-40.27,0.0,174.32,0.0,98.0,3.0,ML,,,,2.9,0.4,9
3598182,2011-10-21T20:31:43Z,-39.01,0.0,175.96,0.0,5.0,0.0,ML,,,,2.4,0.2,20
3598197,2011-10-21T21:12:27Z,-43.58,0.0,172.37,0.0,8.0,1.0,ML,,,,3.8,0.2,26
3598203,2011-10-21T21:33:50Z,-46.23,0.0,166.82,0.0,99.0,2.0,ML,,,,3.1,0.4,10
3688502,2011-10-21T21:34:33Z,-43.51,0.0,172.56,0.0,7.0,2.0,ML,,,,2.6,0.2,4
3598206,2011-10-21T21:39:56Z,-40.89,0.0,174.68,0.0,50.0,2.0,ML,,,,2.2,0.2,8
3598212,2011-10-21T21:59:55Z,-38.35,0.0,177.77,0.0,25.0,2.0,ML,,,,2.2,0.1,5
3598221,2011-10-21T22:26:08Z,-39.26,0.0,173.77,0.0,11.0,1.0,ML,,,,2.7,0.4,16
3598226,2011-10-21T22:36:04Z,-39.5,0.0,177.16,0.0,38.0,2.0,ML,,,,2.3,0.1,9
3598237,2011-10-21T23:00:26Z,-38.26,0.1,176.12,0.1,111.0,11.0,ML,,,,2.8,0.4,6
3598253,2011-10-21T23:50:03Z,-36.47,0.0,177.23,0.0,5.0,0.0,ML,,,,3.7,0.1,12
3598267,2011-10-22T00:34:43Z,-41.35,0.0,175.16,0.0,25.0,1.0,ML,,,,2.7,0.1,15
3598269,2011-10-22T00:40:49Z,-39.27,0.0,173.76,0.0,16.0,2.0,ML,,,,2.2,0.2,5
3683798,2011-10-22T00:41:01Z,-39.24,0.0,174.96,0.0,12.0,0.0,ML,,,,1.8,0.2,7
3598275,2011-10-22T00:55:59Z,-41.35,0.0,175.15,0.0,23.0,1.0,ML,,,,1.9,0.2,8
3598277,2011-10-22T01:03:57Z,-40.9,0.0,172.79,0.0,12.0,0.0,ML,,,,2.0,0.4,4
3684920,2011-10-22T01:05:51Z,-40.93,0.0,172.8,0.0,5.0,0.0,ML,,,,2.1,0.4,5
3598299,2011-10-22T02:06:46Z,-43.64,0.0,172.27,0.0,12.0,0.0,ML,,,,2.5,0.3,5
3598304,2011-10-22T02:20:27Z,-40.83,0.0,172.74,0.0,5.0,0.0,ML,,,,1.8,0.2,3
3598314,2011-10-22T02:49:08Z,-40.95,0.0,172.8,0.0,5.0,0.0,ML,,,,2.0,0.4,4
3598323,2011-10-22T03:17:59Z,-43.47,0.0,172.11,0.0,5.0,0.0,ML,,,,2.6,0.2,6
3598329,2011-10-22T03:34:56Z,-38.98,0.0,175.76,0.0,5.0,0.0,ML,,,,1.5,0.3,7
3598351,2011-10-22T04:46:40Z,-43.55,0.0,172.77,0.0,11.0,1.0,ML,,,,3.0,0.2,7
3598367,2011-10-22T05:35:58Z,-39.39,0.0,177.23,0.0,29.0,1.0,ML,,,,2.2,0.1,6
3598376,2011-10-22T06:04:36Z,-43.57,0.0,172.08,0.0,5.0,0.0,ML,,,,2.5,0.3,5
3598385,2011-10-22T06:31:08Z,-42.13,0.0,173.86,0.0,5.0,0.0,ML,,,,2.2,0.4,6
3598388,2011-10-22T06:41:45Z,-43.66,0.0,172.84,0.0,5.0,0.0,ML,,,,2.8,0.2,5
3598394,2011-10-22T06:59:56Z,-41.08,0.0,175.08,0.0,29.0,1.0,ML,,,,1.9,0.2,6
3598416,2011-10-22T07:53:33Z,-39.28,0.0,173.77,0.0,12.0,1.0,ML,,,,1.8,0.1,3
3598425,2011-10-22T08:24:48Z,-39.34,0.0,173.73,0.0,14.0,1.0,ML,,,,1.8,0.1,4
3598430,2011-10-22T08:41:25Z,-39.18,0.0,174.45,0.0,14.0,1.0,ML,,,,3.1,0.2,28
3598435,2011-10-22T08:52:20Z,-39.29,0.0,177.39,0.0,31.0,2.0,ML,,,,1.9,0.2,9
3598439,2011-10-22T09:01:25Z,-35.95,0.1,177.61,0.1,204.0,8.0,ML,,,,3.3,0.2,19
3688471,2011-10-22T09:01:27Z,-39.68,0.0,177.1,0.0,51.0,2.0,ML,,,,2.1,0.2,8
3598440,2011-10-22T09:06:52Z,-39.92,0.0,176.52,0.0,32.0,2.0,ML,,,,1.8,0.2,10
3598452,2011-10-22T09:35:30Z,-37.04,0.0,176.92,0.0,228.0,3.0,ML,,,,4.1,0.2,45
3598462,2011-10-22T10:10:03Z,-40.13,0.0,176.34,0.0,52.0,2.0,ML,,,,2.0,0.3,6
3598463,2011-10-22T10:14:35Z,-39.71,0.0,176.45,0.0,31.0,1.0,ML,,,,1.9,0.1,11
3598465,2011-10-22T10:17:09Z,-43.46,0.0,171.01,0.0,5.0,0.0,ML,,,,2.0,0.3,7
3598488,2011-10-22T11:24:47Z,-39.82,0.0,177.14,0.0,24.0,2.0,ML,,,,2.8,0.2,17
3598489,2011-10-22T11:26:52Z,-39.79,0.0,177.11,0.0,28.0,2.0,ML,,,,2.2,0.2,12
3598496,2011-10-22T11:41:21Z,-39.94,0.0,175.21,0.0,27.0,2.0,ML,,,,2.1,0.3,7
3598508,2011-10-22T12:09:13Z,-40.87,0.0,175.06,0.0,34.0,1.0,ML,,,,2.4,0.1,10
3598509,2011-10-22T12:13:35Z,-39.8,0.0,177.1,0.0,28.0,1.0,ML,,,,2.6,0.2,8
3598516,2011-10-22T12:34:09Z,-40.53,0.0,175.5,0.0,5.0,0.0,ML,,,,1.7,0.2,6
3700506,2011-10-22T12:34:58Z,-39.51,0.0,175.67,0.0,22.0,3.0,ML,,,,1.5,0.1,3
3598521,2011-10-22T12:49:33Z,-41.77,0.0,172.63,0.0,73.0,2.0,ML,,,,2.1,nan,1
3598527,2011-10-22T13:10:23Z,-39.78,0.0,177.1,0.0,28.0,2.0,ML,,,,2.4,0.2,6
3598531,2011-10-22T13:19:42Z,-37.34,0.0,177.74,0.0,54.0,2.0,Mw,4.4,nan,0,5.0,0.2,57
3598533,2011-10-22T13:26:58Z,-39.83,0.0,177.13,0.0,19.0,2.0,ML,,,,2.1,0.2,9
3598548,2011-10-22T14:08:43Z,-40.31,0.0,176.35,0.0,26.0,1.0,ML,,,,2.1,0.2,15
3598555,2011-10-22T14:26:26Z,-35.98,0.0,178.38,0.1,12.0,0.0,ML,,,,2.7,0.2,7
3598578,2011-10-22T15:36:35Z,-39.38,0.0,175.28,0.0,30.0,1.0,ML,,,,1.7,0.4,7
3598581,2011-10-22T15:46:25Z,-37.19,0.0,177.61,0.0,33.0,0.0,ML,,,,2.0,0.2,7
3598588,2011-10-22T16:09:06Z,-41.08,0.0,173.75,0.0,65.0,2.0,ML,,,,1.7,0.0,2
3598592,2011-10-22T16:25:09Z,-35.34,0.1,178.11,0.1,194.0,15.0,ML,,,,3.2,0.1,7
3598599,2011-10-22T16:45:51Z,-36.99,0.1,177.1,0.1,140.0,7.0,ML,,,,2.5,0.4,7
3598625,2011-10-22T17:57:33Z,-40.83,0.0,175.52,0.0,26.0,1.0,ML,,,,2.7,0.2,16
3598635,2011-10-22T18:26:10Z,-39.23,0.0,174.87,0.0,207.0,2.0,ML,,,,3.1,0.1,9
3598644,2011-10-22T18:50:58Z,-38.13,0.0,175.88,0.0,169.0,3.0,ML,,,,3.5,0.2,23
3598646,2011-10-22T18:59:26Z,-43.54,0.0,172.31,0.0,5.0,0.0,ML,,,,2.6,0.2,11
3598666,2011-10-22T20:05:46Z,-40.37,0.0,176.31,0.0,31.0,1.0,ML,,,,2.1,0.2,5
3702502,2011-10-22T20:06:10Z,-38.27,0.0,178.67,0.0,33.0,0.0,ML,,,,2.2,0.2,4
3598671,2011-10-22T20:16:51Z,-41.22,0.0,173.29,0.0,100.0,3.0,ML,,,,2.7,0.2,5
3598677,2011-10-22T20:33:29Z,-38.61,0.0,175.73,0.0,130.0,3.0,ML,,,,2.9,0.3,19
3598678,2011-10-22T20:36:35Z,-35.85,0.0,177.23,0.1,33.0,0.0,ML,,,,3.5,0.2,4
3598694,2011-10-22T21:27:42Z,-38.73,0.0,175.72,0.0,137.0,3.0,ML,,,,3.1,0.3,15
3598700,2011-10-22T21:41:09Z,-37.89,0.0,175.94,0.0,179.0,4.0,ML,,,,3.2,0.1,5
3598713,2011-10-22T22:25:30Z,-42.42,0.0,173.67,0.0,29.0,2.0,ML,,,,2.4,0.3,10
3598715,2011-10-22T22:34:00Z,-37.24,0.0,177.64,0.0,33.0,0.0,ML,,,,2.4,0.2,6
3598738,2011-10-22T23:40:45Z,-43.57,0.0,170.62,0.0,5.0,0.0,ML,,,,2.5,0.2,8
3598746,2011-10-22T23:55:17Z,-42.32,0.0,177.52,0.1,33.0,0.0,ML,,,,3.0,0.3,7
3598791,2011-10-23T02:13:16Z,-43.6,0.0,172.04,0.0,5.0,0.0,ML,,,,2.7,0.3,9
3598793,2011-10-23T02:16:53Z,-40.23,0.0,176.54,0.0,45.0,1.0,ML,,,,2.4,0.1,8
3598794,2011-10-23T02:18:10Z,-40.07,0.0,176.39,0.0,30.0,1.0,ML,,,,2.1,0.1,6
3598801,2011-10-23T02:41:00Z,-41.4,0.0,173.48,0.0,50.0,3.0,ML,,,,2.2,0.1,2
3598804,2011-10-23T02:49:50Z,-35.61,0.1,178.43,0.1,210.0,9.0,ML,,,,3.5,0.1,5
3598836,2011-10-23T04:35:41Z,-39.37,0.0,175.29,0.0,29.0,1.0,ML,,,,2.1,0.1,11
3598837,2011-10-23T04:38:59Z,-43.65,0.0,170.69,0.0,5.0,0.0,ML,,,,2.3,0.4,4
3598897,2011-10-23T07:15:34Z,-38.31,0.0,179.02,0.1,33.0,0.0,ML,,,,2.6,0.1,5
3598920,2011-10-23T08:17:48Z,-40.1,0.0,174.89,0.0,5.0,0.0,ML,,,,2.3,0.3,18
3598922,2011-10-23T08:24:48Z,-38.3,0.0,179.04,0.0,33.0,0.0,ML,,,,2.4,0.1,9
3598944,2011-10-23T09:22:14Z,-38.59,0.0,177.07,0.0,10.0,2.0,ML,,,,1.8,0.1,6
3598954,2011-10-23T09:45:27Z,-39.64,0.0,176.55,0.0,57.0,2.0,ML,,,,1.9,0.1,7
3598955,2011-10-23T09:48:43Z,-43.49,0.0,172.1,0.0,5.0,0.0,ML,,,,2.4,0.2,5
3598966,2011-10-23T10:20:48Z,-41.42,0.0,175.07,0.0,39.0,1.0,ML,,,,2.2,0.2,10
3598975,2011-10-23T10:53:39Z,-39.72,0.0,176.85,0.0,45.0,2.0,ML,,,,2.2,0.2,11
3599002,2011-10-23T12:18:14Z,-43.62,0.0,172.88,0.0,5.0,0.0,ML,,,,2.6,0.2,5
3599004,2011-10-23T12:24:24Z,-38.9,0.0,176.99,0.0,39.0,2.0,ML,,,,3.6,0.2,42
3599007,2011-10-23T12:39:24Z,-39.72,0.0,176.86,0.0,46.0,2.0,ML,,,,2.2,0.2,9
3599009,2011-10-23T12:44:55Z,-43.42,0.0,172.73,0.0,12.0,0.0,ML,,,,2.4,0.1,4
3599011,2011-10-23T12:49:49Z,-44.94,0.0,167.6,0.0,80.0,1.0,ML,,,,2.4,0.3,6
3599022,2011-10-23T13:24:23Z,-39.55,0.0,177.08,0.0,29.0,1.0,ML,,,,2.4,0.1,8
3599029,2011-10-23T13:48:31Z,-41.16,0.0,173.58,0.0,93.0,2.0,ML,,,,3.5,0.2,23
3599031,2011-10-23T13:54:32Z,-38.14,0.1,176.03,0.1,174.0,6.0,ML,,,,2.8,0.3,8
3599051,2011-10-23T14:49:35Z,-37.7,0.0,176.62,0.0,151.0,3.0,ML,,,,3.5,0.2,30
3599054,2011-10-23T15:02:50Z,-35.88,0.0,178.33,0.1,5.0,0.0,ML,,,,3.1,0.2,11
3599060,2011-10-23T15:18:03Z,-39.18,0.0,173.86,0.0,19.0,2.0,ML,,,,2.3,0.3,2
3599070,2011-10-23T15:45:23Z,-39.47,0.0,177.14,0.0,34.0,2.0,ML,,,,2.0,0.2,9
3599085,2011-10-23T16:29:38Z,-39.2,0.0,175.29,0.0,13.0,1.0,ML,,,,1.5,0.3,7
3599106,2011-10-23T17:28:34Z,-39.36,0.0,175.26,0.0,27.0,1.0,ML,,,,1.9,0.3,8
3599109,2011-10-23T17:32:29Z,-39.36,0.0,175.26,0.0,30.0,1.0,ML,,,,2.0,0.2,9
3599131,2011-10-23T18:43:57Z,-43.39,0.0,172.19,0.0,5.0,0.0,ML,,,,2.8,0.3,11
3599142,2011-10-23T19:22:01Z,-40.75,0.0,172.3,0.0,11.0,1.0,ML,,,,2.4,0.4,5
3599143,2011-10-23T19:23:50Z,-40.55,0.0,175.97,0.0,32.0,2.0,ML,,,,2.2,0.2,6
3599147,2011-10-23T19:35:39Z,-40.71,0.0,174.47,0.0,46.0,3.0,ML,,,,2.3,0.1,7
3599148,2011-10-23T19:37:53Z,-45.38,0.0,166.72,0.0,12.0,0.0,ML,,,,2.8,0.2,12
3599171,2011-10-23T20:47:24Z,-40.16,0.0,174.45,0.0,83.0,3.0,ML,,,,2.2,0.0,2
3599191,2011-10-23T21:37:46Z,-38.64,0.0,177.63,0.0,32.0,1.0,ML,,,,2.4,0.1,7
3599193,2011-10-23T21:41:49Z,-39.5,0.0,175.0,0.0,103.0,3.0,ML,,,,2.8,0.3,5
3599206,2011-10-23T22:12:07Z,-37.06,0.0,177.34,0.0,142.0,4.0,ML,,,,4.1,0.2,29
3599216,2011-10-23T22:34:12Z,-38.61,0.0,175.71,0.0,184.0,4.0,ML,,,,3.3,0.3,26
3599218,2011-10-23T22:39:26Z,-43.57,0.0,172.71,0.0,5.0,0.0,ML,,,,2.3,0.2,3
3599227,2011-10-23T23:05:53Z,-42.78,0.0,172.92,0.0,5.0,0.0,ML,,,,2.7,0.2,6
3599243,2011-10-23T23:50:00Z,-43.7,0.0,169.4,0.0,5.0,0.0,ML,,,,2.2,0.1,4
3599253,2011-10-24T00:15:59Z,-44.83,0.0,167.3,0.0,28.0,1.0,ML,,,,3.1,0.2,7
3599287,2011-10-24T01:53:59Z,-41.53,0.0,174.03,0.0,15.0,1.0,ML,,,,2.5,0.1,5
3599295,2011-10-24T02:14:24Z,-43.53,0.0,171.66,0.0,10.0,1.0,ML,,,,2.8,0.3,10
3599307,2011-10-24T02:54:35Z,-40.88,0.0,175.51,0.0,24.0,1.0,ML,,,,2.4,0.1,4
3599315,2011-10-24T03:19:56Z,-41.74,0.0,173.53,0.0,62.0,4.0,ML,,,,2.7,0.2,2
3681273,2011-10-24T03:20:36Z,-37.0,0.1,177.63,0.1,167.0,6.0,ML,,,,3.3,0.2,5
3599326,2011-10-24T04:02:53Z,-40.72,0.0,176.76,0.0,33.0,2.0,ML,,,,2.5,0.1,4
3599335,2011-10-24T04:30:59Z,-41.33,0.0,172.43,0.0,5.0,0.0,Mw,4.1,nan,0,4.5,0.2,72
3681678,2011-10-24T04:32:38Z,-41.33,0.0,172.38,0.0,5.0,0.0,ML,,,,2.7,0.3,4
3599336,2011-10-24T04:38:36Z,-41.32,0.0,172.4,0.0,5.0,0.0,ML,,,,2.5,0.1,3
3599340,2011-10-24T04:49:42Z,-41.32,0.0,172.39,0.0,5.0,0.0,ML,,,,3.3,0.2,15
3599342,2011-10-24T04:56:35Z,-39.47,0.0,175.71,0.0,19.0,1.0,ML,,,,2.0,0.3,8
3599344,2011-10-24T05:01:43Z,-40.52,0.0,175.31,0.0,34.0,1.0,ML,,,,2.3,0.2,6
3599364,2011-10-24T05:51:42Z,-37.67,0.0,179.28,0.1,33.0,0.0,ML,,,,3.1,0.3,10
3599379,2011-10-24T06:36:35Z,-40.76,0.0,176.84,0.0,31.0,3.0,ML,,,,2.7,0.2,5
3599403,2011-10-24T07:36:09Z,-40.04,0.0,176.7,0.0,12.0,0.0,ML,,,,2.1,0.1,11
3599417,2011-10-24T08:19:47Z,-37.82,0.0,177.56,0.0,40.0,2.0,ML,,,,3.1,0.2,13
3599432,2011-10-24T08:51:47Z,-41.8,0.0,173.08,0.0,93.0,2.0,ML,,,,2.8,0.2,5
3599440,2011-10-24T09:06:17Z,-39.75,0.1,173.86,0.1,228.0,11.0,ML,,,,3.1,0.2,5
3599453,2011-10-24T09:42:38Z,-40.03,0.0,174.94,0.0,32.0,1.0,ML,,,,2.2,0.2,6
3599504,2011-10-24T11:57:08Z,-38.3,0.0,178.33,0.0,49.0,1.0,ML,,,,3.5,0.2,26
3599508,2011-10-24T12:09:17Z,-40.21,0.0,176.6,0.0,44.0,2.0,ML,,,,3.0,0.2,16
3599513,2011-10-24T12:23:58Z,-41.58,0.0,173.15,0.0,69.0,2.0,ML,,,,2.2,0.1,2
3599529,2011-10-24T13:09:58Z,-43.59,0.0,172.54,0.0,5.0,0.0,ML,,,,2.7,0.1,4
3681723,2011-10-24T13:11:37Z,-40.91,0.0,176.01,0.0,24.0,1.0,ML,,,,2.2,0.1,4
3599531,2011-10-24T13:18:46Z,-39.28,0.0,173.79,0.0,16.0,3.0,ML,,,,1.7,0.2,3
3599562,2011-10-24T14:37:52Z,-43.23,0.0,171.95,0.0,8.0,0.0,ML,,,,2.9,0.4,7
3599563,2011-10-24T14:40:37Z,-38.86,0.0,177.92,0.0,30.0,1.0,ML,,,,2.1,0.1,8
3599573,2011-10-24T15:02:51Z,-39.29,0.0,174.86,0.0,27.0,1.0,ML,,,,2.2,0.2,18
3599578,2011-10-24T15:12:53Z,-40.0,0.0,176.65,0.0,40.0,2.0,ML,,,,2.7,0.1,15
3599592,2011-10-24T15:49:38Z,-39.34,0.0,175.47,0.0,17.0,1.0,ML,,,,1.8,0.2,6
3599615,2011-10-24T16:48:26Z,-41.08,0.0,175.09,0.0,27.0,1.0,ML,,,,2.7,0.2,14
3599623,2011-10-24T17:15:19Z,-38.67,0.0,177.14,0.0,41.0,1.0,Mw,4.2,nan,0,4.6,0.2,54
3599629,2011-10-24T17:30:22Z,-36.4,0.0,177.71,0.0,163.0,5.0,ML,,,,3.2,0.2,6
3599638,2011-10-24T17:53:02Z,-44.13,0.0,168.4,0.0,5.0,0.0,ML,,,,3.0,0.2,10
3599657,2011-10-24T18:37:50Z,-40.1,0.0,176.75,0.0,30.0,1.0,ML,,,,2.4,0.1,9
3599699,2011-10-24T20:35:30Z,-43.58,0.0,172.6,0.0,5.0,1.0,ML,,,,2.8,0.1,4
3599713,2011-10-24T21:12:26Z,-43.59,0.0,172.47,0.0,5.0,0.0,ML,,,,2.4,0.2,4
3599725,2011-10-24T21:46:23Z,-38.83,0.0,178.0,0.0,40.0,2.0,ML,,,,2.7,0.2,10
3599726,2011-10-24T21:51:02Z,-43.61,0.0,172.77,0.0,8.0,0.0,ML,,,,3.5,0.2,9
3599730,2011-10-24T22:04:21Z,-43.6,0.0,172.34,0.0,5.0,0.0,ML,,,,2.5,0.3,5
3599737,2011-10-24T22:18:57Z,-44.84,0.0,167.23,0.0,5.0,0.0,ML,,,,2.7,0.3,7
3599740,2011-10-24T22:29:53Z,-43.6,0.0,172.5,0.0,5.0,0.0,ML,,,,2.6,0.3,6
3599748,2011-10-24T22:45:02Z,-43.51,0.0,172.15,0.0,5.0,0.0,ML,,,,2.9,0.3,5
3599750,2011-10-24T22:51:15Z,-39.82,0.0,176.93,0.0,28.0,2.0,ML,,,,2.3,0.1,5
3599753,2011-10-24T22:57:47Z,-44.34,0.0,169.75,0.0,5.0,0.0,ML,,,,2.5,0.2,6
3599756,2011-10-24T23:05:42Z,-44.35,0.0,169.76,0.0,5.0,0.0,ML,,,,2.5,0.3,6
3599782,2011-10-25T00:07:08Z,-41.37,0.0,174.56,0.0,57.0,2.0,ML,,,,2.7,0.1,9
3599788,2011-10-25T00:25:12Z,-38.66,0.0,177.63,0.0,35.0,2.0,ML,,,,2.6,0.2,7
3599803,2011-10-25T01:00:54Z,-39.37,0.0,175.27,0.0,31.0,2.0,ML,,,,2.1,0.3,6
3599816,2011-10-25T01:39:05Z,-40.33,0.0,175.59,0.0,32.0,2.0,ML,,,,2.4,0.2,10
3599821,2011-10-25T01:49:54Z,-41.23,0.0,175.03,0.0,23.0,2.0,ML,,,,2.1,0.3,4
3599854,2011-10-25T03:02:18Z,-39.25,0.0,175.41,0.0,21.0,1.0,ML,,,,1.7,0.3,6
3599904,2011-10-25T05:20:33Z,-39.25,0.0,173.9,0.0,23.0,2.0,ML,,,,2.1,0.2,3
3599915,2011-10-25T05:54:35Z,-40.89,0.0,175.15,0.0,34.0,1.0,ML,,,,2.3,0.2,7
3599918,2011-10-25T06:02:21Z,-40.94,0.0,175.55,0.0,30.0,1.0,ML,,,,2.9,0.3,18
3599938,2011-10-25T06:51:07Z,-38.41,0.0,177.62,0.0,58.0,2.0,ML,,,,2.8,0.1,16
3599964,2011-10-25T08:00:00Z,-45.39,0.1,167.28,0.1,110.0,6.0,ML,,,,3.1,0.3,6
3599977,2011-10-25T08:35:11Z,-38.41,0.0,177.83,0.0,31.0,1.0,ML,,,,2.2,0.1,6
3599984,2011-10-25T08:53:28Z,-39.95,0.0,176.78,0.0,42.0,2.0,ML,,,,1.9,0.1,6
3600002,2011-10-25T09:38:56Z,-39.66,0.0,174.46,0.0,136.0,2.0,ML,,,,3.5,0.2,26
3600005,2011-10-25T09:53:06Z,-38.69,0.0,177.13,0.0,38.0,2.0,ML,,,,2.0,0.1,6
3600008,2011-10-25T10:01:55Z,-37.84,0.0,176.67,0.0,5.0,0.0,ML,,,,1.6,0.1,6
3600038,2011-10-25T11:27:22Z,-38.75,0.0,176.11,0.0,86.0,2.0,ML,,,,3.0,0.2,8
3600055,2011-10-25T12:12:15Z,-39.97,0.0,176.67,0.0,40.0,2.0,ML,,,,1.9,0.2,6
3681818,2011-10-25T12:13:14Z,-43.61,0.0,172.39,0.0,5.0,0.0,ML,,,,2.7,0.3,5
3600077,2011-10-25T13:08:17Z,-39.75,0.0,176.66,0.0,45.0,2.0,ML,,,,2.1,0.2,8
3600093,2011-10-25T13:49:26Z,-39.92,0.0,175.1,0.0,62.0,3.0,ML,,,,2.4,0.1,5
3600103,2011-10-25T14:22:31Z,-39.94,0.0,176.65,0.0,40.0,3.0,ML,,,,2.0,0.3,7
3600116,2011-10-25T15:03:28Z,-43.59,0.0,172.3,0.0,12.0,0.0,ML,,,,2.5,0.3,4
3600129,2011-10-25T15:31:16Z,-39.89,0.0,176.6,0.0,33.0,0.0,ML,,,,1.8,0.1,6
3600133,2011-10-25T15:44:27Z,-45.39,0.0,167.3,0.0,113.0,4.0,ML,,,,3.1,0.2,6
3600136,2011-10-25T15:52:28Z,-39.77,0.0,176.99,0.0,53.0,5.0,ML,,,,2.3,0.1,8
3600145,2011-10-25T16:13:34Z,-38.82,0.0,176.22,0.0,76.0,2.0,ML,,,,2.8,0.2,17
3600171,2011-10-25T17:29:16Z,-37.88,0.0,177.32,0.0,60.0,2.0,ML,,,,3.5,0.2,23
3600184,2011-10-25T18:08:39Z,-40.13,0.0,175.12,0.0,33.0,0.0,ML,,,,2.4,0.1,9
3600186,2011-10-25T18:10:46Z,-43.57,0.0,172.41,0.0,8.0,1.0,ML,,,,2.9,0.2,6
3600187,2011-10-25T18:13:58Z,-35.58,0.1,178.4,0.1,33.0,0.0,ML,,,,3.9,0.2,9
3600210,2011-10-25T19:23:27Z,-37.35,0.0,176.77,0.0,180.0,3.0,ML,,,,3.8,0.2,32
3600214,2011-10-25T19:35:57Z,-39.23,0.0,177.46,0.0,33.0,0.0,ML,,,,2.8,0.2,13
3600233,2011-10-25T20:16:37Z,-37.9,0.0,176.05,0.1,179.0,5.0,ML,,,,3.1,0.2,9
3600288,2011-10-25T22:57:58Z,-41.73,0.0,172.29,0.0,98.0,3.0,ML,,,,2.8,0.2,3
3600317,2011-10-26T00:21:32Z,-38.65,0.0,178.58,0.0,33.0,0.0,ML,,,,2.7,0.2,6
3600345,2011-10-26T01:23:14Z,-43.62,0.0,172.35,0.0,7.0,2.0,ML,,,,2.9,0.3,8
3600346,2011-10-26T01:25:03Z,-46.17,0.0,166.27,0.2,33.0,0.0,ML,,,,3.0,0.2,7
3600350,2011-10-26T01:36:53Z,-40.26,0.0,176.2,0.0,51.0,1.0,ML,,,,2.6,0.1,10
3600360,2011-10-26T02:03:58Z,-46.16,0.0,166.32,0.1,33.0,0.0,ML,,,,2.7,0.2,4
3600380,2011-10-26T03:09:04Z,-37.82,0.0,176.64,0.0,5.0,0.0,ML,,,,2.6,0.2,11
3600383,2011-10-26T03:13:16Z,-37.81,0.0,176.65,0.0,2.0,0.0,ML,,,,2.7,0.2,11
3600389,2011-10-26T03:36:11Z,-42.75,0.0,172.96,0.0,5.0,0.0,ML,,,,2.4,0.2,5
3600391,2011-10-26T03:41:04Z,-40.31,0.0,176.36,0.0,25.0,2.0,ML,,,,2.2,0.1,6
3600397,2011-10-26T03:59:02Z,-38.59,0.0,175.75,0.0,145.0,4.0,ML,,,,3.0,0.2,12
3600431,2011-10-26T05:35:05Z,-42.25,0.0,172.76,0.0,5.0,0.0,ML,,,,2.6,0.4,4
3600473,2011-10-26T07:25:41Z,-39.28,0.0,173.79,0.0,18.0,2.0,ML,,,,2.3,0.2,5
3600475,2011-10-26T07:32:32Z,-38.94,0.0,175.66,0.0,109.0,1.0,Mw,4.6,nan,0,5.3,0.2,57
3600479,2011-10-26T07:45:06Z,-38.93,0.0,175.68,0.0,106.0,2.0,ML,,,,3.0,0.2,9
3600483,2011-10-26T07:58:50Z,-45.72,0.0,167.48,0.0,12.0,0.0,ML,,,,2.9,0.1,7
3600484,2011-10-26T08:05:23Z,-45.17,0.0,167.32,0.0,93.0,2.0,ML,,,,2.8,0.2,5
3600500,2011-10-26T08:43:40Z,-39.06,0.0,177.45,0.0,19.0,2.0,ML,,,,2.0,0.1,8
3600507,2011-10-26T09:09:32Z,-39.06,0.0,177.45,0.0,27.0,1.0,ML,,,,2.5,0.2,14
3600509,2011-10-26T09:15:43Z,-38.01,0.0,176.27,0.0,125.0,4.0,ML,,,,2.7,0.1,6
3600531,2011-10-26T10:20:14Z,-39.45,0.0,174.76,0.0,28.0,1.0,ML,,,,2.2,0.1,6
3600538,2011-10-26T10:39:14Z,-43.58,0.0,172.27,0.0,14.0,2.0,ML,,,,2.6,0.1,4
3600558,2011-10-26T11:45:31Z,-38.3,0.0,177.65,0.0,56.0,1.0,ML,,,,2.3,0.2,11
3600563,2011-10-26T11:59:08Z,-40.05,0.0,176.62,0.0,41.0,2.0,ML,,,,2.7,0.1,16
3600572,2011-10-26T12:20:31Z,-39.47,0.0,176.59,0.0,71.0,2.0,ML,,,,3.3,0.2,38
3683727,2011-10-26T12:20:53Z,-38.35,0.0,176.23,0.0,5.0,0.0,ML,,,,1.8,0.2,4
3600592,2011-10-26T13:21:16Z,-39.28,0.0,173.77,0.0,13.0,3.0,ML,,,,1.9,0.2,3
3600593,2011-10-26T13:24:20Z,-41.22,0.0,172.57,0.0,185.0,3.0,ML,,,,3.0,0.0,2
3600595,2011-10-26T13:35:08Z,-37.11,0.0,176.94,0.0,173.0,4.0,ML,,,,3.5,0.2,7
3600601,2011-10-26T13:46:17Z,-38.05,0.0,178.12,0.0,5.0,0.0,ML,,,,2.1,0.1,5
3600606,2011-10-26T14:02:14Z,-37.29,0.1,176.68,0.1,165.0,7.0,ML,,,,2.8,0.3,6
3600615,2011-10-26T14:32:17Z,-41.33,0.0,172.39,0.0,5.0,0.0,ML,,,,2.6,0.2,5
3600634,2011-10-26T15:24:07Z,-41.29,0.0,172.78,0.0,139.0,4.0,ML,,,,2.8,0.1,3
3600635,2011-10-26T15:27:04Z,-40.21,0.0,175.01,0.0,24.0,2.0,ML,,,,2.6,0.2,11
3600636,2011-10-26T15:28:09Z,-35.83,0.1,178.14,0.1,180.0,9.0,ML,,,,2.8,0.2,5
3600643,2011-10-26T15:47:49Z,-36.27,0.1,177.0,0.1,226.0,10.0,ML,,,,3.0,0.1,7
3600645,2011-10-26T15:57:14Z,-38.57,0.0,177.04,0.0,9.0,1.0,ML,,,,2.5,0.2,10
3600649,2011-10-26T16:09:45Z,-37.92,0.0,176.16,0.1,169.0,5.0,ML,,,,3.3,0.1,4
3600653,2011-10-26T16:20:03Z,-39.12,0.0,174.89,0.0,193.0,5.0,ML,,,,3.2,0.3,14
3600671,2011-10-26T17:14:48Z,-41.52,0.0,175.57,0.0,25.0,1.0,ML,,,,2.7,0.2,7
3600675,2011-10-26T17:24:27Z,-41.51,0.0,175.58,0.0,23.0,1.0,ML,,,,2.1,0.1,6
3683757,2011-10-26T17:26:14Z,-41.52,0.0,175.57,0.0,24.0,1.0,ML,,,,2.0,0.1,6
3600677,2011-10-26T17:28:32Z,-39.92,0.0,176.64,0.0,40.0,2.0,ML,,,,2.3,0.1,7
3600681,2011-10-26T17:41:38Z,-39.88,0.0,176.63,0.0,47.0,3.0,ML,,,,2.3,0.2,8
3600688,2011-10-26T18:01:37Z,-41.52,0.0,175.57,0.0,25.0,1.0,ML,,,,2.6,0.1,5
3600692,2011-10-26T18:15:33Z,-41.72,0.0,173.73,0.0,40.0,4.0,ML,,,,2.2,0.2,4
3600695,2011-10-26T18:28:21Z,-44.42,0.0,169.42,0.0,5.0,0.0,ML,,,,2.5,0.2,5
3600698,2011-10-26T18:38:04Z,-36.81,0.1,177.99,0.1,5.0,0.0,ML,,,,3.6,0.1,13
3600701,2011-10-26T18:47:10Z,-43.58,0.0,172.4,0.0,8.0,2.0,ML,,,,2.7,0.1,4
3600722,2011-10-26T19:46:13Z,-41.4,0.0,174.7,0.0,17.0,1.0,ML,,,,2.1,0.1,7
3600740,2011-10-26T20:36:05Z,-43.59,0.0,172.52,0.0,8.0,1.0,ML,,,,3.2,0.2,6
3600744,2011-10-26T20:44:33Z,-38.31,0.0,176.36,0.0,1.0,0.0,ML,,,,1.8,0.1,8
3600756,2011-10-26T21:17:31Z,-44.11,0.0,169.33,0.0,5.0,0.0,ML,,,,2.9,0.2,10
3600765,2011-10-26T21:42:02Z,-39.14,0.0,176.17,0.0,58.0,2.0,ML,,,,3.1,0.2,21
3600778,2011-10-26T22:16:54Z,-39.07,0.0,177.45,0.0,25.0,2.0,ML,,,,2.3,0.2,6
3600805,2011-10-26T23:30:34Z,-39.06,0.0,177.45,0.0,26.0,1.0,ML,,,,2.6,0.1,10
3600808,2011-10-26T23:40:59Z,-39.79,0.0,176.71,0.0,33.0,0.0,ML,,,,2.0,0.1,4
3600816,2011-10-26T23:59:48Z,-41.17,0.0,172.65,0.0,187.0,4.0,ML,,,,3.5,0.2,8
3600821,2011-10-27T00:13:48Z,-37.42,0.0,-179.89,0.0,33.0,0.0,ML,,,,3.9,0.1,26
3600853,2011-10-27T01:37:22Z,-40.42,0.0,176.11,0.0,29.0,1.0,ML,,,,2.4,0.1,10
3600861,2011-10-27T01:55:52Z,-39.35,0.0,177.23,0.0,33.0,0.0,ML,,,,2.3,0.2,5
3600884,2011-10-27T03:04:03Z,-41.17,0.0,173.59,0.0,70.0,3.0,ML,,,,2.6,0.2,3
3600913,2011-10-27T04:28:16Z,-37.74,0.0,-179.66,0.0,33.0,0.0,ML,,,,3.3,0.2,7
3600917,2011-10-27T04:43:11Z,-42.92,0.0,173.11,0.0,33.0,0.0,ML,,,,2.9,0.2,7
3600933,2011-10-27T05:25:59Z,-39.18,0.0,177.54,0.0,29.0,1.0,ML,,,,2.4,0.1,7
3600950,2011-10-27T06:10:33Z,-37.43,0.0,-179.86,0.0,33.0,0.0,ML,,,,4.0,0.2,38
3600966,2011-10-27T07:00:24Z,-38.31,0.0,175.95,0.0,177.0,2.0,ML,,,,4.5,0.2,57
3600975,2011-10-27T07:21:56Z,-43.59,0.0,172.41,0.0,5.0,0.0,ML,,,,2.5,0.3,6
3600983,2011-10-27T07:43:54Z,-41.29,0.0,175.28,0.0,25.0,1.0,ML,,,,2.2,0.2,8
3600995,2011-10-27T08:19:14Z,-45.05,0.0,167.33,0.0,94.0,3.0,ML,,,,2.7,0.2,10
3601011,2011-10-27T09:03:45Z,-38.6,0.0,177.86,0.0,17.0,2.0,ML,,,,1.9,0.1,7
3601036,2011-10-27T10:11:21Z,-39.74,0.0,176.77,0.0,43.0,3.0,ML,,,,2.1,0.1,6
3601038,2011-10-27T10:15:38Z,-41.41,0.0,174.71,0.0,18.0,1.0,ML,,,,1.8,0.1,5
3601047,2011-10-27T10:39:34Z,-39.47,0.0,175.73,0.0,15.0,1.0,ML,,,,1.8,0.2,12
3601050,2011-10-27T10:46:46Z,-43.58,0.0,172.71,0.0,5.0,0.0,ML,,,,3.2,0.3,7
3601054,2011-10-27T10:59:04Z,-44.26,0.0,167.62,0.0,5.0,0.0,ML,,,,3.3,0.3,8
3601074,2011-10-27T11:57:19Z,-39.47,0.0,177.08,0.0,33.0,0.0,ML,,,,2.2,0.1,9
3601084,2011-10-27T12:34:49Z,-43.59,0.0,171.88,0.0,5.0,0.0,ML,,,,2.2,0.4,6
3601094,2011-10-27T13:03:20Z,-42.23,0.0,172.71,0.0,5.0,0.0,ML,,,,2.5,0.5,6
3601101,2011-10-27T13:25:59Z,-40.42,0.0,174.56,0.0,87.0,2.0,ML,,,,2.4,0.1,6
3601121,2011-10-27T14:27:02Z,-38.46,0.0,176.2,0.0,5.0,0.0,ML,,,,1.6,0.1,5
3601127,2011-10-27T14:49:18Z,-37.93,0.0,177.84,0.0,73.0,2.0,ML,,,,1.9,0.1,4
3601132,2011-10-27T15:07:45Z,-38.03,0.0,176.2,0.1,139.0,5.0,ML,,,,2.8,0.2,5
3601146,2011-10-27T15:36:56Z,-39.75,0.0,176.78,0.0,47.0,2.0,ML,,,,2.3,0.1,12
3601147,2011-10-27T15:40:10Z,-43.61,0.0,172.24,0.0,5.0,0.0,ML,,,,2.6,0.3,10
3601148,2011-10-27T15:44:24Z,-36.08,0.1,177.79,0.1,154.0,16.0,ML,,,,2.9,0.2,4
3601153,2011-10-27T15:57:37Z,-38.37,0.0,175.87,0.0,158.0,3.0,ML,,,,3.2,0.3,25
3601158,2011-10-27T16:19:27Z,-37.56,0.0,-179.34,0.0,33.0,0.0,ML,,,,3.4,0.1,8
3601161,2011-10-27T16:24:21Z,-38.89,0.0,177.99,0.0,33.0,1.0,ML,,,,2.2,0.1,6
3601167,2011-10-27T16:41:46Z,-41.08,0.0,175.09,0.0,27.0,1.0,ML,,,,2.2,0.1,5
3601173,2011-10-27T17:00:04Z,-37.64,0.0,177.26,0.1,67.0,6.0,ML,,,,2.5,0.2,3
3601177,2011-10-27T17:07:37Z,-38.93,0.0,176.2,0.0,69.0,2.0,ML,,,,2.5,0.2,8
3601186,2011-10-27T17:35:10Z,-38.54,0.0,175.79,0.0,149.0,4.0,ML,,,,3.3,0.2,11
3601187,2011-10-27T17:37:14Z,-41.1,0.0,175.88,0.0,25.0,1.0,ML,,,,2.3,0.1,8
3601194,2011-10-27T18:01:09Z,-38.33,0.0,176.36,0.0,5.0,0.0,ML,,,,2.0,0.2,5
3601196,2011-10-27T18:01:54Z,-38.33,0.0,176.38,0.0,2.0,0.0,ML,,,,1.8,0.1,4
3601200,2011-10-27T18:10:50Z,-38.34,0.0,176.37,0.0,5.0,0.0,ML,,,,2.0,0.2,7
3683755,2011-10-27T18:11:52Z,-43.61,0.0,172.21,0.0,5.0,0.0,ML,,,,2.3,0.1,5
3601205,2011-10-27T18:23:38Z,-40.2,0.0,176.56,0.0,33.0,0.0,ML,,,,2.1,0.2,5
3601218,2011-10-27T19:05:04Z,-39.28,0.0,176.52,0.0,37.0,2.0,ML,,,,2.2,0.1,7
3601219,2011-10-27T19:06:42Z,-37.42,0.0,179.75,0.0,5.0,0.0,ML,,,,2.9,0.1,7
3601223,2011-10-27T19:16:02Z,-41.36,0.0,174.41,0.0,54.0,1.0,ML,,,,2.3,0.2,3
3601224,2011-10-27T19:18:43Z,-45.28,0.0,166.22,0.0,5.0,0.0,ML,,,,3.0,0.2,11
3601225,2011-10-27T19:23:43Z,-37.76,0.0,178.08,0.0,33.0,0.0,ML,,,,2.4,0.2,5
3601231,2011-10-27T19:44:27Z,-38.34,0.0,176.37,0.0,5.0,0.0,ML,,,,2.0,0.1,5
3601290,2011-10-27T19:44:28Z,-43.57,0.0,172.42,0.0,8.0,1.0,ML,,,,3.0,0.1,6
3601239,2011-10-27T19:59:28Z,-39.98,0.0,176.68,0.0,37.0,3.0,ML,,,,2.4,0.3,8
3601267,2011-10-27T21:16:14Z,-41.92,0.0,171.89,0.0,12.0,0.0,ML,,,,2.3,0.5,4
3601306,2011-10-27T22:57:36Z,-39.32,0.0,175.43,0.0,92.0,2.0,ML,,,,3.1,0.3,17
3601313,2011-10-27T23:18:21Z,-45.2,0.0,167.15,0.0,5.0,0.0,ML,,,,2.4,0.3,11
3601335,2011-10-28T00:15:41Z,-37.9,0.0,179.0,0.0,30.0,2.0,ML,,,,3.0,0.2,8
3601337,2011-10-28T00:23:43Z,-41.81,0.0,173.1,0.0,68.0,2.0,ML,,,,3.2,0.2,8
3601338,2011-10-28T00:27:57Z,-43.5,0.0,172.16,0.0,5.0,0.0,ML,,,,2.6,0.2,5
3601349,2011-10-28T00:53:32Z,-39.23,0.0,177.75,0.0,56.0,2.0,ML,,,,3.1,0.2,25
3601350,2011-10-28T00:57:56Z,-44.58,0.0,167.95,0.0,35.0,3.0,ML,,,,2.6,0.1,8
3601358,2011-10-28T01:14:21Z,-38.69,0.0,178.58,0.0,27.0,2.0,ML,,,,2.6,0.1,5
3601364,2011-10-28T01:28:27Z,-40.06,0.0,174.89,0.0,42.0,2.0,ML,,,,2.3,0.1,5
3601369,2011-10-28T01:42:47Z,-37.86,0.0,176.19,0.0,177.0,4.0,ML,,,,3.2,0.1,5
3601386,2011-10-28T02:12:15Z,-43.18,0.0,172.13,0.0,9.0,1.0,ML,,,,2.7,0.3,8
3601416,2011-10-28T03:03:53Z,-37.69,0.0,177.1,0.0,125.0,3.0,ML,,,,3.3,0.2,13
3601429,2011-10-28T03:27:02Z,-38.41,0.0,175.86,0.0,162.0,3.0,ML,,,,3.3,0.2,9
3601458,2011-10-28T04:24:54Z,-43.56,0.0,172.38,0.0,5.0,0.0,ML,,,,2.6,0.3,5
3601472,2011-10-28T04:41:40Z,-37.84,0.0,176.62,0.0,5.0,0.0,ML,,,,1.8,0.2,7
3601477,2011-10-28T04:51:30Z,-43.43,0.0,172.11,0.0,5.0,1.0,ML,,,,3.2,0.2,7
3601483,2011-10-28T05:04:37Z,-39.19,0.0,175.22,0.0,138.0,4.0,ML,,,,3.0,0.2,10
3601497,2011-10-28T05:48:55Z,-37.99,0.0,176.44,0.0,154.0,3.0,ML,,,,3.7,0.2,38
3601517,2011-10-28T06:41:32Z,-41.22,0.0,174.31,0.0,67.0,1.0,ML,,,,2.7,0.2,8
3601777,2011-10-28T06:41:47Z,-37.97,0.0,176.66,0.0,138.0,3.0,ML,,,,3.9,0.2,48
3601519,2011-10-28T06:45:30Z,-39.92,0.0,176.43,0.0,28.0,1.0,ML,,,,2.3,0.1,7
3601527,2011-10-28T07:04:34Z,-43.11,0.0,170.96,0.0,5.0,0.0,ML,,,,2.8,0.3,10
3601532,2011-10-28T07:18:48Z,-39.63,0.0,176.72,0.0,32.0,1.0,ML,,,,2.0,0.1,8
3601537,2011-10-28T07:35:00Z,-37.19,0.0,177.53,0.0,109.0,5.0,ML,,,,2.7,0.1,6
3601538,2011-10-28T07:38:19Z,-36.69,0.0,177.43,0.0,158.0,5.0,ML,,,,3.1,0.2,5
3601543,2011-10-28T07:49:02Z,-37.42,0.0,179.35,0.1,12.0,0.0,ML,,,,2.3,0.1,4
3601560,2011-10-28T08:39:47Z,-39.98,0.0,176.79,0.0,37.0,3.0,ML,,,,1.8,0.1,7
3684414,2011-10-28T08:41:42Z,-44.62,0.0,169.99,0.0,5.0,0.0,ML,,,,2.3,0.3,5
3601583,2011-10-28T09:50:44Z,-43.58,0.0,171.75,0.0,17.0,2.0,ML,,,,3.7,0.2,17
3684418,2011-10-28T09:53:08Z,-43.57,0.0,171.75,0.0,5.0,0.0,ML,,,,2.7,0.3,11
3601585,2011-10-28T10:02:30Z,-39.72,0.0,176.81,0.0,50.0,2.0,ML,,,,2.5,0.2,19
3601586,2011-10-28T10:06:27Z,-43.58,0.0,171.76,0.0,5.0,0.0,ML,,,,2.4,0.3,7
3601588,2011-10-28T10:08:53Z,-43.56,0.0,172.37,0.0,5.0,0.0,ML,,,,2.5,0.4,7
3601591,2011-10-28T10:16:57Z,-41.24,0.0,172.63,0.0,186.0,4.0,ML,,,,2.8,0.1,2
3601595,2011-10-28T10:27:49Z,-39.56,0.0,175.7,0.0,11.0,1.0,ML,,,,1.7,0.2,11
3601597,2011-10-28T10:29:07Z,-41.37,0.0,173.13,0.0,100.0,2.0,ML,,,,2.6,0.2,3
3684785,2011-10-28T11:07:56Z,-45.23,0.0,166.66,0.0,12.0,0.0,ML,,,,2.1,0.2,4
3684778,2011-10-28T11:11:16Z,-40.65,0.0,176.13,0.0,23.0,1.0,ML,,,,2.3,0.2,7
3684781,2011-10-28T11:12:44Z,-43.49,0.0,172.57,0.0,5.0,0.0,ML,,,,2.4,0.2,4
3601620,2011-10-28T11:45:06Z,-38.69,0.0,177.67,0.0,33.0,1.0,ML,,,,2.6,0.2,8
3601624,2011-10-28T11:52:18Z,-37.65,0.0,176.26,0.1,189.0,5.0,ML,,,,2.8,0.2,7
3601628,2011-10-28T12:04:18Z,-43.56,0.0,172.27,0.0,5.0,0.0,ML,,,,2.2,0.1,4
3601631,2011-10-28T12:10:55Z,-40.25,0.0,174.06,0.0,102.0,4.0,ML,,,,2.7,0.3,8
3601634,2011-10-28T12:21:22Z,-40.36,0.0,176.51,0.0,17.0,2.0,ML,,,,2.1,0.2,14
3601648,2011-10-28T12:55:40Z,-40.97,0.0,174.7,0.0,43.0,1.0,ML,,,,2.0,0.1,6
3601676,2011-10-28T14:12:06Z,-40.35,0.0,176.4,0.0,62.0,2.0,ML,,,,3.0,0.2,27
3601678,2011-10-28T14:17:03Z,-38.53,0.0,176.32,0.0,5.0,0.0,ML,,,,1.2,0.1,4
3601690,2011-10-28T14:49:31Z,-36.91,0.0,177.4,0.0,87.0,8.0,ML,,,,3.1,0.2,8
3601702,2011-10-28T15:30:42Z,-41.37,0.0,175.09,0.0,23.0,1.0,ML,,,,2.0,0.1,5
3601706,2011-10-28T15:45:08Z,-43.16,0.0,172.34,0.0,30.0,2.0,ML,,,,3.0,0.1,4
3601709,2011-10-28T15:55:54Z,-40.0,0.0,176.83,0.0,40.0,2.0,ML,,,,1.9,0.1,10
3601718,2011-10-28T16:28:10Z,-37.79,0.0,177.43,0.0,48.0,3.0,ML,,,,2.3,0.2,10
3601721,2011-10-28T16:38:02Z,-38.39,0.0,177.84,0.0,31.0,1.0,ML,,,,2.0,0.1,4
3601729,2011-10-28T16:55:58Z,-40.3,0.0,176.11,0.0,51.0,2.0,ML,,,,2.1,0.2,6
3601730,2011-10-28T17:00:11Z,-43.63,0.0,172.49,0.0,8.0,2.0,ML,,,,2.8,0.3,4
3601740,2011-10-28T17:31:36Z,-38.44,0.1,175.86,0.1,182.0,9.0,ML,,,,3.1,0.3,9
3601750,2011-10-28T18:10:55Z,-40.14,0.0,174.83,0.0,27.0,3.0,ML,,,,2.4,0.2,25
3601752,2011-10-28T18:15:15Z,-40.0,0.1,173.68,0.0,182.0,6.0,ML,,,,3.1,0.2,7
3601759,2011-10-28T18:37:08Z,-39.29,0.0,175.03,0.0,32.0,1.0,ML,,,,2.2,0.1,6
3601787,2011-10-28T19:55:10Z,-41.26,0.0,173.15,0.0,100.0,2.0,ML,,,,2.7,0.1,4
3601824,2011-10-28T21:51:15Z,-38.5,0.0,176.12,0.0,5.0,0.0,ML,,,,2.0,0.1,7
3601828,2011-10-28T22:02:24Z,-38.5,0.0,176.13,0.0,5.0,0.0,ML,,,,1.7,0.1,4
3601832,2011-10-28T22:15:30Z,-38.5,0.0,176.12,0.0,5.0,0.0,ML,,,,1.8,0.2,5
3601833,2011-10-28T22:16:55Z,-38.01,0.0,177.88,0.0,67.0,4.0,ML,,,,2.5,0.1,7
3601852,2011-10-28T23:12:29Z,-35.48,0.1,178.64,0.1,186.0,17.0,ML,,,,3.3,0.2,5
3601854,2011-10-28T23:17:35Z,-43.55,0.0,172.68,0.0,12.0,1.0,ML,,,,3.2,0.2,5
3601915,2011-10-29T01:57:04Z,-39.05,0.0,177.95,0.0,26.0,2.0,ML,,,,2.2,0.2,5
3601936,2011-10-29T02:49:08Z,-37.77,0.0,176.76,0.0,5.0,0.0,ML,,,,2.0,0.1,4
3601939,2011-10-29T02:54:23Z,-37.58,0.1,177.08,0.1,112.0,5.0,ML,,,,2.7,0.2,5
3601945,2011-10-29T03:11:45Z,-45.16,0.0,167.35,0.0,120.0,3.0,ML,,,,3.1,0.1,5
3601962,2011-10-29T03:54:36Z,-38.27,0.0,179.11,0.0,33.0,0.0,ML,,,,3.3,0.2,11
3601978,2011-10-29T04:40:27Z,-43.51,0.0,172.16,0.0,5.0,0.0,ML,,,,3.0,0.3,9
3601985,2011-10-29T05:03:51Z,-38.15,0.0,178.23,0.0,15.0,2.0,ML,,,,2.4,0.1,4
3602000,2011-10-29T05:37:11Z,-43.57,0.0,172.62,0.0,8.0,1.0,ML,,,,2.5,0.1,4
3602002,2011-10-29T05:43:22Z,-39.25,0.0,173.84,0.0,16.0,1.0,ML,,,,1.7,0.0,4
3602005,2011-10-29T05:50:57Z,-43.59,0.0,172.28,0.0,5.0,0.0,ML,,,,2.6,0.3,7
3602032,2011-10-29T07:04:50Z,-43.55,0.0,172.19,0.0,5.0,0.0,ML,,,,2.6,0.1,5
3602035,2011-10-29T07:15:43Z,-45.75,0.0,166.94,0.0,5.0,0.0,ML,,,,2.4,0.2,6
3602043,2011-10-29T07:33:28Z,-39.76,0.0,176.62,0.0,45.0,4.0,ML,,,,2.0,0.1,8
3602047,2011-10-29T07:42:12Z,-41.05,0.0,175.45,0.0,9.0,1.0,ML,,,,2.4,0.2,9
3602050,2011-10-29T07:51:31Z,-40.87,0.0,175.82,0.0,25.0,1.0,ML,,,,2.2,0.1,5
3602055,2011-10-29T08:08:40Z,-39.62,0.0,176.64,0.0,27.0,2.0,ML,,,,1.9,0.1,5
3602063,2011-10-29T08:32:01Z,-38.29,0.0,179.1,0.1,33.0,0.0,ML,,,,3.0,0.2,10
3602067,2011-10-29T08:46:23Z,-40.26,0.0,176.68,0.0,17.0,2.0,ML,,,,2.2,0.2,8
3602071,2011-10-29T08:57:25Z,-40.88,0.0,175.82,0.0,25.0,1.0,ML,,,,2.1,0.1,8
3602084,2011-10-29T09:41:18Z,-39.27,0.0,173.82,0.0,9.0,1.0,ML,,,,2.9,0.2,8
3602097,2011-10-29T10:18:20Z,-40.88,0.0,175.82,0.0,25.0,1.0,ML,,,,2.1,0.1,5
3602105,2011-10-29T10:48:43Z,-40.93,0.0,175.22,0.0,28.0,1.0,ML,,,,1.9,0.1,4
3602121,2011-10-29T11:32:37Z,-36.87,0.0,176.73,0.0,186.0,4.0,ML,,,,3.7,0.2,14
3602122,2011-10-29T11:35:04Z,-39.28,0.0,173.8,0.0,15.0,3.0,ML,,,,1.9,0.2,3
3602123,2011-10-29T11:37:10Z,-41.23,0.0,174.53,0.0,33.0,0.0,ML,,,,2.3,0.3,14
3602135,2011-10-29T12:18:49Z,-43.58,0.0,172.36,0.0,5.0,0.0,ML,,,,2.4,0.3,4
3602164,2011-10-29T13:41:24Z,-43.29,0.0,170.96,0.0,5.0,0.0,ML,,,,2.3,0.2,7
3602168,2011-10-29T13:56:16Z,-40.53,0.0,174.66,0.0,24.0,1.0,ML,,,,2.6,0.3,25
3602174,2011-10-29T14:16:37Z,-39.64,0.0,176.85,0.0,30.0,2.0,ML,,,,1.9,0.1,7
3602177,2011-10-29T14:24:55Z,-38.57,0.0,177.06,0.0,10.0,1.0,ML,,,,2.2,0.2,9
3602207,2011-10-29T15:49:02Z,-37.57,0.0,176.33,0.0,166.0,3.0,ML,,,,3.2,0.1,9
3602240,2011-10-29T17:19:01Z,-37.81,0.0,176.64,0.0,5.0,0.0,ML,,,,2.7,0.2,12
3602278,2011-10-29T19:15:14Z,-39.26,0.0,173.77,0.0,14.0,2.0,ML,,,,2.5,0.4,16
3602288,2011-10-29T19:38:56Z,-39.31,0.0,173.82,0.0,29.0,2.0,ML,,,,2.3,0.2,4
3602308,2011-10-29T20:45:50Z,-36.36,0.1,177.21,0.1,157.0,13.0,ML,,,,3.5,0.1,7
3602337,2011-10-29T22:10:42Z,-37.81,0.0,176.65,0.0,5.0,0.0,Mw,3.7,nan,0,3.9,0.2,58
3602374,2011-10-30T00:01:52Z,-38.73,0.0,-179.75,0.0,33.0,0.0,ML,,,,3.4,0.1,13
3602417,2011-10-30T02:18:57Z,-40.49,0.0,175.61,0.0,33.0,0.0,ML,,,,2.1,0.2,8
3602420,2011-10-30T02:24:38Z,-38.87,0.0,177.5,0.0,52.0,2.0,ML,,,,2.4,0.1,7
3602438,2011-10-30T03:15:23Z,-43.6,0.0,172.22,0.0,5.0,0.0,ML,,,,2.3,0.2,5
3602443,2011-10-30T03:31:16Z,-39.17,0.0,175.39,0.0,14.0,1.0,ML,,,,2.0,0.1,4
3602447,2011-10-30T03:42:45Z,-39.34,0.0,175.09,0.0,12.0,0.0,ML,,,,2.0,0.3,6
3602471,2011-10-30T04:53:56Z,-39.16,0.0,175.41,0.0,15.0,1.0,ML,,,,1.5,0.4,6
3602499,2011-10-30T06:22:22Z,-38.66,0.0,177.62,0.0,52.0,2.0,ML,,,,2.4,0.1,5
3602508,2011-10-30T06:48:59Z,-40.86,0.0,174.74,0.0,16.0,2.0,ML,,,,2.4,0.2,12
3602523,2011-10-30T07:32:36Z,-41.54,0.0,174.1,0.0,33.0,0.0,ML,,,,2.1,0.3,8
3602525,2011-10-30T07:36:49Z,-38.19,0.0,179.04,0.0,33.0,0.0,ML,,,,3.1,0.2,10
3602528,2011-10-30T07:46:59Z,-37.95,0.0,176.87,0.0,5.0,0.0,ML,,,,1.6,0.3,5
3602530,2011-10-30T07:52:27Z,-39.39,0.0,174.72,0.0,214.0,4.0,ML,,,,3.1,0.3,7
3602535,2011-10-30T08:01:21Z,-40.37,0.0,176.27,0.0,28.0,1.0,ML,,,,2.1,0.3,5
3602545,2011-10-30T08:25:22Z,-37.94,0.0,176.85,0.0,5.0,0.0,ML,,,,1.7,0.2,5
3602553,2011-10-30T08:45:44Z,-39.93,0.0,173.64,0.0,203.0,4.0,ML,,,,3.0,0.4,5
3602559,2011-10-30T08:54:38Z,-39.26,0.0,173.78,0.0,25.0,2.0,ML,,,,1.4,0.2,3
3602586,2011-10-30T10:14:03Z,-38.35,0.0,179.05,0.0,12.0,0.0,ML,,,,2.5,0.2,6
3602587,2011-10-30T10:15:48Z,-43.59,0.0,172.49,0.0,5.0,0.0,ML,,,,2.9,0.3,10
3602591,2011-10-30T10:30:34Z,-40.06,0.0,176.41,0.0,24.0,2.0,ML,,,,1.7,0.1,6
3602611,2011-10-30T11:26:20Z,-38.9,0.0,177.92,0.0,37.0,1.0,ML,,,,2.7,0.1,10
3602638,2011-10-30T12:53:36Z,-40.53,0.0,174.91,0.0,28.0,1.0,ML,,,,2.1,0.2,11
3602639,2011-10-30T12:57:10Z,-43.61,0.0,172.68,0.0,9.0,1.0,ML,,,,2.4,0.4,5
3684334,2011-10-30T12:58:26Z,-39.28,0.0,174.87,0.0,32.0,2.0,ML,,,,2.0,0.4,5
3602646,2011-10-30T13:23:45Z,-39.07,0.0,173.71,0.0,17.0,9.0,ML,,,,1.6,0.3,3
3602653,2011-10-30T13:43:38Z,-45.07,0.0,167.5,0.0,95.0,2.0,ML,,,,2.8,0.2,8
3602665,2011-10-30T14:23:31Z,-36.83,0.1,177.79,0.1,114.0,7.0,ML,,,,3.0,0.2,9
3602803,2011-10-30T14:23:57Z,-40.64,0.0,174.89,0.0,36.0,2.0,ML,,,,2.6,0.2,7
3602666,2011-10-30T14:28:45Z,-42.47,0.0,171.4,0.0,12.0,0.0,ML,,,,2.3,0.2,5
3602716,2011-10-30T16:48:16Z,-38.35,0.0,176.28,0.0,102.0,3.0,ML,,,,3.1,0.1,7
3602723,2011-10-30T17:03:30Z,-38.27,0.0,175.96,0.0,156.0,3.0,ML,,,,3.2,0.3,13
3602751,2011-10-30T18:09:32Z,-41.32,0.0,174.89,0.0,27.0,1.0,ML,,,,2.3,0.1,8
3602757,2011-10-30T18:26:47Z,-41.4,0.0,172.35,0.0,5.0,0.0,ML,,,,2.5,0.3,5
3602766,2011-10-30T18:58:37Z,-40.99,0.0,175.38,0.0,25.0,1.0,ML,,,,1.9,0.3,7
3602769,2011-10-30T19:08:07Z,-43.66,0.0,171.77,0.0,5.0,0.0,ML,,,,2.5,0.4,8
3602774,2011-10-30T19:19:10Z,-41.49,0.0,173.65,0.0,64.0,2.0,ML,,,,3.0,0.1,8
3602779,2011-10-30T19:32:24Z,-38.87,0.0,178.39,0.0,32.0,2.0,ML,,,,2.5,0.1,5
3602786,2011-10-30T19:50:57Z,-39.37,0.0,175.37,0.0,10.0,1.0,ML,,,,2.0,0.3,4
3602808,2011-10-30T20:41:49Z,-43.54,0.0,171.94,0.0,5.0,0.0,ML,,,,2.5,0.4,8
3602813,2011-10-30T20:43:42Z,-37.95,0.0,176.88,0.0,5.0,0.0,ML,,,,2.1,0.2,6
3602824,2011-10-30T21:30:23Z,-40.87,0.0,176.05,0.0,26.0,1.0,ML,,,,2.3,0.1,7
3602830,2011-10-30T21:47:16Z,-38.34,0.0,176.39,0.0,2.0,0.0,ML,,,,1.7,0.1,5
3602834,2011-10-30T22:00:29Z,-37.63,0.0,178.66,0.0,32.0,1.0,ML,,,,2.7,0.1,6
3602837,2011-10-30T22:07:07Z,-35.92,0.1,179.02,0.0,185.0,7.0,ML,,,,3.7,0.2,10
3602851,2011-10-30T22:44:11Z,-37.77,0.0,-179.94,0.0,12.0,0.0,ML,,,,3.4,0.2,7
3602856,2011-10-30T22:57:06Z,-43.51,0.0,172.16,0.0,5.0,0.0,ML,,,,2.7,0.3,7
3602873,2011-10-30T23:46:15Z,-38.17,0.0,178.24,0.0,15.0,3.0,ML,,,,2.3,0.1,6
3602875,2011-10-30T23:53:34Z,-37.74,0.0,177.51,0.0,48.0,4.0,ML,,,,2.7,0.1,3
3602912,2011-10-31T01:43:38Z,-37.85,0.0,176.62,0.0,5.0,0.0,ML,,,,2.3,0.2,7
3602923,2011-10-31T02:16:51Z,-38.81,0.0,177.91,0.0,41.0,2.0,ML,,,,2.5,0.1,6
3602978,2011-10-31T04:42:23Z,-38.24,0.0,178.4,0.0,56.0,2.0,ML,,,,3.5,0.2,23
3603002,2011-10-31T05:47:28Z,-40.06,0.0,176.62,0.0,46.0,1.0,ML,,,,2.4,0.2,13
3603004,2011-10-31T05:56:27Z,-39.23,0.0,177.49,0.0,28.0,1.0,ML,,,,2.8,0.1,14
3693018,2011-10-31T05:56:39Z,-45.56,0.0,166.64,0.0,5.0,0.0,ML,,,,2.8,0.2,8
3603022,2011-10-31T06:52:20Z,-39.25,0.0,173.88,0.0,19.0,1.0,ML,,,,2.3,0.3,8
3603028,2011-10-31T07:13:57Z,-40.5,0.0,176.56,0.0,25.0,2.0,ML,,,,2.6,0.2,12
3603059,2011-10-31T08:35:23Z,-39.03,0.0,175.08,0.0,220.0,4.0,ML,,,,3.2,0.3,22
3603065,2011-10-31T08:51:07Z,-41.2,0.0,175.06,0.0,8.0,1.0,ML,,,,2.1,0.3,14
3603070,2011-10-31T09:08:27Z,-39.74,0.0,176.91,0.0,55.0,1.0,ML,,,,2.6,0.1,8
3603071,2011-10-31T09:10:54Z,-36.43,0.1,177.01,0.1,213.0,11.0,ML,,,,3.5,0.2,5
3603073,2011-10-31T09:16:15Z,-37.22,0.0,177.44,0.0,5.0,0.0,ML,,,,3.3,0.2,13
3603091,2011-10-31T10:17:49Z,-46.01,0.0,166.02,0.0,12.0,0.0,ML,,,,2.8,0.2,6
3694651,2011-10-31T10:30:08Z,-38.93,0.0,173.88,0.0,5.0,0.0,ML,,,,1.6,0.1,4
3603094,2011-10-31T10:30:21Z,-41.69,0.0,173.11,0.0,56.0,2.0,ML,,,,2.3,0.3,3
3603101,2011-10-31T10:50:06Z,-44.7,0.0,168.67,0.0,5.0,0.0,ML,,,,2.6,0.3,6
3603118,2011-10-31T11:47:19Z,-39.1,0.0,175.65,0.0,5.0,0.0,ML,,,,1.6,0.3,6
3603122,2011-10-31T11:55:45Z,-38.0,0.0,179.12,0.0,33.0,0.0,ML,,,,2.6,0.2,5
3603126,2011-10-31T12:11:03Z,-38.79,0.0,178.3,0.0,32.0,1.0,ML,,,,2.2,0.1,8
3603128,2011-10-31T12:17:12Z,-40.9,0.0,176.09,0.0,26.0,1.0,ML,,,,3.0,0.2,24
3603132,2011-10-31T12:25:47Z,-41.77,0.0,174.31,0.0,19.0,2.0,ML,,,,3.3,0.1,27
3603140,2011-10-31T12:50:51Z,-45.03,0.0,167.53,0.0,69.0,3.0,ML,,,,2.5,0.2,8
3695138,2011-10-31T12:51:44Z,-39.97,0.0,176.63,0.0,39.0,2.0,ML,,,,2.5,0.1,14
3603146,2011-10-31T13:02:30Z,-40.12,0.0,176.39,0.0,51.0,1.0,ML,,,,1.9,0.2,5
3695148,2011-10-31T13:56:45Z,-39.17,0.0,175.41,0.0,18.0,2.0,ML,,,,1.6,0.4,5
3603160,2011-10-31T13:57:32Z,-37.53,0.0,178.62,0.0,34.0,2.0,ML,,,,2.3,0.3,4
3603167,2011-10-31T14:24:00Z,-40.38,0.0,176.32,0.0,31.0,1.0,ML,,,,2.0,0.2,8
3603177,2011-10-31T14:50:46Z,-39.35,0.0,174.9,0.0,16.0,12.0,ML,,,,1.6,0.2,3
3603178,2011-10-31T14:54:24Z,-38.25,0.0,176.16,0.0,124.0,5.0,ML,,,,3.0,0.3,26
3695164,2011-10-31T14:54:24Z,-44.61,0.0,168.47,0.0,5.0,0.0,ML,,,,2.1,0.2,6
3603185,2011-10-31T15:21:41Z,-40.49,0.0,176.18,0.0,31.0,1.0,ML,,,,1.8,0.2,8
3603199,2011-10-31T16:03:07Z,-43.63,0.0,171.87,0.0,5.0,0.0,ML,,,,2.6,0.4,9
3603201,2011-10-31T16:11:32Z,-39.58,0.0,176.96,0.0,33.0,1.0,ML,,,,2.0,0.2,10
3603206,2011-10-31T16:28:56Z,-39.62,0.0,175.72,0.0,17.0,1.0,ML,,,,2.1,0.1,8
3603215,2011-10-31T16:53:22Z,-47.56,0.1,165.47,0.1,33.0,0.0,ML,,,,3.3,0.2,7
3603230,2011-10-31T17:28:02Z,-39.25,0.0,177.46,0.0,32.0,1.0,ML,,,,2.8,0.2,13
3699339,2011-10-31T18:40:18Z,-45.11,0.0,167.68,0.0,120.0,3.0,ML,,,,3.1,0.2,5
3603255,2011-10-31T18:41:30Z,-37.97,0.0,177.93,0.0,33.0,2.0,ML,,,,2.5,0.2,5
3603263,2011-10-31T19:04:15Z,-41.87,0.0,173.58,0.0,12.0,0.0,ML,,,,2.6,0.3,6
3603270,2011-10-31T19:25:54Z,-39.37,0.0,174.1,0.0,17.0,3.0,ML,,,,2.1,0.1,2
3603287,2011-10-31T20:08:32Z,-40.55,0.0,175.08,0.0,34.0,1.0,ML,,,,2.1,0.2,8
3603298,2011-10-31T20:37:03Z,-40.33,0.1,174.24,0.0,82.0,9.0,ML,,,,2.1,0.1,2
3699359,2011-10-31T20:38:29Z,-40.87,0.0,176.06,0.0,23.0,2.0,ML,,,,2.0,0.2,8
3603306,2011-10-31T20:59:25Z,-40.24,0.0,176.19,0.0,53.0,2.0,ML,,,,2.5,0.1,6
3603312,2011-10-31T21:15:32Z,-37.76,0.0,176.85,0.0,5.0,0.0,ML,,,,2.1,0.2,4
3603319,2011-10-31T21:38:28Z,-39.68,0.0,177.02,0.0,29.0,2.0,ML,,,,2.3,0.1,4
3603332,2011-10-31T22:09:45Z,-39.38,0.0,177.58,0.0,29.0,2.0,ML,,,,2.5,0.1,5
3603348,2011-10-31T22:50:11Z,-43.48,0.0,173.97,0.1,12.0,0.0,ML,,,,3.1,0.4,11
3699371,2011-10-31T22:58:32Z,-43.58,0.0,172.48,0.0,5.0,0.0,ML,,,,2.1,0.2,3
3603408,2011-11-01T01:38:36Z,-40.38,0.0,176.25,0.0,32.0,1.0,ML,,,,3.0,0.2,25
3603427,2011-11-01T02:30:40Z,-39.37,0.0,175.01,0.0,25.0,1.0,ML,,,,2.4,0.1,8
3603433,2011-11-01T02:48:13Z,-39.76,0.0,177.04,0.0,33.0,2.0,ML,,,,3.0,0.2,13
3603443,2011-11-01T03:17:55Z,-37.15,0.0,177.83,0.0,41.0,5.0,ML,,,,3.7,0.2,17
3603471,2011-11-01T04:29:20Z,-38.34,0.0,176.01,0.0,151.0,4.0,ML,,,,3.4,0.4,23
3603511,2011-11-01T06:23:36Z,-39.75,0.0,174.06,0.0,218.0,6.0,ML,,,,3.4,0.1,9
3603599,2011-11-01T10:08:42Z,-40.48,0.0,175.79,0.0,28.0,1.0,ML,,,,2.6,0.1,14
3603616,2011-11-01T11:06:47Z,-39.6,0.0,176.9,0.0,36.0,2.0,ML,,,,2.1,0.1,11
3603661,2011-11-01T12:58:49Z,-38.35,0.0,176.33,0.0,4.0,1.0,ML,,,,1.8,0.1,6
3603662,2011-11-01T13:00:50Z,-39.23,0.0,177.23,0.0,30.0,1.0,ML,,,,3.5,0.2,52
3603685,2011-11-01T14:02:35Z,-37.63,0.0,176.85,0.0,129.0,4.0,ML,,,,3.0,0.3,7
3603688,2011-11-01T14:13:14Z,-39.21,0.0,177.22,0.0,28.0,1.0,ML,,,,2.1,0.1,5
3603699,2011-11-01T14:43:49Z,-38.34,0.0,178.57,0.0,31.0,2.0,ML,,,,2.7,0.2,8
3603700,2011-11-01T14:47:22Z,-39.94,0.0,176.79,0.0,39.0,3.0,ML,,,,2.2,0.2,7
3603702,2011-11-01T14:55:55Z,-41.27,0.0,172.62,0.1,216.0,4.0,ML,,,,3.0,0.4,3
3603715,2011-11-01T15:36:03Z,-39.22,0.0,177.21,0.0,27.0,2.0,ML,,,,2.1,0.1,7
3603723,2011-11-01T15:58:54Z,-45.07,0.0,167.47,0.0,128.0,3.0,ML,,,,3.0,0.3,9
3603731,2011-11-01T16:24:17Z,-41.41,0.0,175.05,0.0,27.0,1.0,ML,,,,2.1,0.1,6
3603736,2011-11-01T16:41:01Z,-43.74,0.0,169.48,0.0,5.0,0.0,ML,,,,2.5,0.2,5
3603745,2011-11-01T16:58:34Z,-41.05,0.0,175.45,0.0,5.0,0.0,ML,,,,2.1,0.2,5
3603750,2011-11-01T17:11:58Z,-40.61,0.0,173.65,0.0,117.0,4.0,ML,,,,3.2,0.1,10
3603788,2011-11-01T18:52:54Z,-40.39,0.0,174.98,0.0,31.0,2.0,ML,,,,2.6,0.3,8
3603804,2011-11-01T19:40:45Z,-39.22,0.0,177.21,0.0,30.0,1.0,ML,,,,2.7,0.1,14
3603812,2011-11-01T20:04:05Z,-37.0,0.1,176.95,0.1,207.0,6.0,ML,,,,3.4,0.2,14
3603873,2011-11-01T22:41:59Z,-41.63,0.0,174.29,0.0,12.0,1.0,Mw,4.4,nan,0,4.9,0.2,80
3603881,2011-11-01T22:58:26Z,-41.64,0.0,174.31,0.0,12.0,0.0,ML,,,,2.5,0.4,7
3603883,2011-11-01T23:08:39Z,-41.64,0.0,174.29,0.0,10.0,1.0,ML,,,,3.4,0.2,21
3603911,2011-11-02T00:16:02Z,-41.63,0.0,174.29,0.0,12.0,0.0,ML,,,,2.4,0.4,7
3603913,2011-11-02T00:24:50Z,-41.65,0.0,174.32,0.0,9.0,2.0,ML,,,,2.3,0.1,6
3603917,2011-11-02T00:28:38Z,-41.62,0.0,174.3,0.0,12.0,0.0,Mw,3.7,nan,0,3.9,0.2,39
3603932,2011-11-02T01:11:46Z,-39.84,0.0,176.65,0.0,45.0,3.0,ML,,,,2.4,0.1,7
3603942,2011-11-02T01:39:04Z,-41.64,0.0,174.31,0.0,12.0,0.0,ML,,,,2.1,0.2,3
3603954,2011-11-02T02:09:25Z,-39.23,0.0,177.22,0.0,27.0,1.0,ML,,,,2.4,0.1,6
3604017,2011-11-02T04:47:10Z,-41.63,0.0,174.31,0.0,12.0,0.0,ML,,,,2.4,0.4,6
3604021,2011-11-02T04:57:45Z,-41.51,0.0,174.21,0.0,12.0,0.0,ML,,,,2.6,0.2,9
3604056,2011-11-02T06:27:31Z,-45.77,0.0,165.94,0.0,12.0,0.0,ML,,,,2.7,0.2,6
3604066,2011-11-02T06:50:08Z,-40.24,0.0,176.27,0.0,33.0,3.0,ML,,,,2.3,0.1,4
3604071,2011-11-02T07:02:22Z,-41.63,0.0,174.31,0.0,9.0,2.0,ML,,,,3.1,0.2,17
3604086,2011-11-02T07:33:08Z,-43.6,0.0,172.24,0.0,5.0,0.0,ML,,,,2.4,0.3,5
3604119,2011-11-02T08:53:14Z,-45.0,0.0,167.46,0.0,5.0,0.0,ML,,,,3.3,0.1,12
3604138,2011-11-02T09:36:42Z,-39.16,0.0,175.4,0.0,14.0,1.0,ML,,,,1.8,0.3,6
3604142,2011-11-02T09:46:03Z,-44.15,0.0,168.63,0.0,5.0,0.0,ML,,,,2.2,0.4,7
3604146,2011-11-02T09:56:47Z,-37.92,0.0,176.89,0.0,5.0,0.0,ML,,,,1.7,0.1,2
3604149,2011-11-02T10:01:56Z,-43.66,0.0,172.17,0.0,10.0,1.0,ML,,,,2.7,0.2,6
3604156,2011-11-02T10:17:32Z,-41.53,0.0,174.26,0.0,13.0,1.0,ML,,,,2.7,0.1,16
3604159,2011-11-02T10:26:36Z,-41.68,0.0,174.34,0.0,12.0,0.0,ML,,,,2.4,0.3,7
3604179,2011-11-02T11:22:10Z,-41.63,0.0,174.28,0.0,12.0,1.0,ML,,,,2.8,0.1,14
3604184,2011-11-02T11:35:06Z,-41.87,0.0,174.16,0.0,12.0,0.0,ML,,,,2.4,0.3,7
3604226,2011-11-02T13:23:22Z,-40.43,0.0,176.16,0.0,41.0,1.0,ML,,,,2.6,0.1,11
3604325,2011-11-02T17:45:59Z,-44.35,0.0,169.77,0.0,12.0,0.0,ML,,,,2.3,0.2,5
3604350,2011-11-02T18:47:15Z,-39.23,0.0,175.42,0.0,16.0,3.0,ML,,,,1.8,0.3,6
3604365,2011-11-02T19:27:24Z,-42.59,0.0,173.2,0.0,12.0,0.0,ML,,,,2.9,0.3,4
3604370,2011-11-02T19:43:21Z,-42.97,0.0,173.97,0.0,12.0,0.0,ML,,,,3.2,0.1,6
3604375,2011-11-02T20:00:39Z,-39.69,0.0,177.0,0.0,47.0,1.0,ML,,,,2.9,0.2,13
3604391,2011-11-02T20:40:58Z,-41.65,0.0,174.29,0.0,8.0,1.0,ML,,,,2.6,0.2,8
3604408,2011-11-02T21:22:06Z,-38.09,0.0,178.74,0.0,33.0,0.0,ML,,,,2.8,0.2,10
3685395,2011-11-02T21:30:24Z,-41.64,0.0,174.28,0.0,9.0,2.0,ML,,,,2.5,0.2,9
3604417,2011-11-02T21:50:05Z,-39.39,0.0,177.55,0.0,33.0,0.0,ML,,,,1.9,0.2,3
3604438,2011-11-02T22:44:00Z,-40.33,0.0,176.32,0.0,32.0,1.0,ML,,,,2.5,0.2,11
3604452,2011-11-02T23:18:38Z,-38.26,0.0,178.92,0.0,33.0,0.0,ML,,,,2.4,0.2,7
3604469,2011-11-02T23:56:52Z,-43.14,0.0,170.91,0.0,5.0,0.0,ML,,,,2.9,0.4,9
3604478,2011-11-03T00:17:46Z,-43.26,0.0,171.94,0.0,11.0,1.0,ML,,,,3.4,0.2,15
3604506,2011-11-03T01:26:38Z,-39.97,0.0,176.5,0.0,33.0,3.0,ML,,,,2.3,0.1,2
3604522,2011-11-03T02:07:18Z,-37.71,0.0,-179.78,0.0,33.0,0.0,ML,,,,3.8,0.3,13
3604561,2011-11-03T03:47:56Z,-39.71,0.0,178.7,0.0,33.0,0.0,ML,,,,3.1,0.3,8
3604587,2011-11-03T05:01:58Z,-35.29,0.1,178.94,0.1,214.0,7.0,ML,,,,5.3,0.2,55
3604590,2011-11-03T05:08:06Z,-40.87,0.0,176.05,0.0,26.0,3.0,ML,,,,2.4,0.1,6
3604618,2011-11-03T06:32:47Z,-37.6,0.0,177.36,0.0,66.0,3.0,ML,,,,2.6,0.1,5
3604637,2011-11-03T07:16:30Z,-41.61,0.0,174.0,0.0,12.0,2.0,ML,,,,2.3,0.2,5
3604646,2011-11-03T07:46:24Z,-37.61,0.0,176.45,0.0,162.0,3.0,ML,,,,3.5,0.3,22
3604647,2011-11-03T07:49:43Z,-38.09,0.0,176.87,0.0,83.0,2.0,ML,,,,3.6,0.2,27
3604649,2011-11-03T07:55:47Z,-39.3,0.0,173.82,0.0,19.0,1.0,ML,,,,1.8,0.3,3
3604680,2011-11-03T09:22:04Z,-43.56,0.0,172.6,0.0,3.0,1.0,ML,,,,2.9,0.4,4
3604704,2011-11-03T10:46:46Z,-39.81,0.0,177.11,0.0,29.0,2.0,ML,,,,2.6,0.1,9
3685340,2011-11-03T12:27:59Z,-37.85,0.0,177.48,0.0,89.0,3.0,ML,,,,2.9,0.2,7
3604739,2011-11-03T12:29:07Z,-39.8,0.0,177.1,0.0,12.0,0.0,ML,,,,2.5,0.1,10
3604743,2011-11-03T12:34:18Z,-41.26,0.0,172.36,0.0,5.0,0.0,ML,,,,2.4,0.3,4
3604766,2011-11-03T13:35:18Z,-40.11,0.0,174.18,0.0,89.0,5.0,ML,,,,2.2,0.1,3
3604772,2011-11-03T13:46:10Z,-37.43,0.0,177.14,0.0,5.0,0.0,ML,,,,2.9,0.3,8
3604775,2011-11-03T13:53:52Z,-43.6,0.0,172.53,0.0,12.0,1.0,ML,,,,2.8,0.3,4
3604781,2011-11-03T14:07:42Z,-43.6,0.0,172.53,0.0,5.0,0.0,ML,,,,3.2,0.1,8
3604820,2011-11-03T15:58:59Z,-40.55,0.0,174.33,0.0,55.0,4.0,ML,,,,2.8,0.1,9
3604823,2011-11-03T16:08:12Z,-37.82,0.0,176.63,0.0,2.0,0.0,ML,,,,2.3,0.2,7
3604824,2011-11-03T16:11:42Z,-43.75,0.0,169.31,0.0,12.0,0.0,ML,,,,2.9,0.2,5
3604827,2011-11-03T16:19:29Z,-39.27,0.0,173.77,0.0,13.0,1.0,ML,,,,2.6,0.1,6
3604851,2011-11-03T17:14:59Z,-38.13,0.0,178.44,0.0,12.0,0.0,ML,,,,2.4,0.1,7
3604852,2011-11-03T17:18:28Z,-37.07,0.1,176.54,0.1,243.0,4.0,ML,,,,3.6,0.1,5
3604936,2011-11-03T20:42:06Z,-39.31,0.0,173.77,0.0,12.0,1.0,ML,,,,2.5,0.2,8
3604989,2011-11-03T22:46:54Z,-41.09,0.0,175.47,0.0,27.0,1.0,ML,,,,2.2,0.1,7
3605089,2011-11-04T02:43:57Z,-38.29,0.0,179.03,0.0,33.0,0.0,ML,,,,2.8,0.1,7
3605122,2011-11-04T04:03:27Z,-37.9,0.0,176.44,0.1,139.0,4.0,ML,,,,3.2,0.2,6
3605124,2011-11-04T04:09:07Z,-45.15,0.0,167.49,0.0,126.0,3.0,ML,,,,3.2,0.3,9
3605144,2011-11-04T05:01:06Z,-39.64,0.0,174.33,0.0,247.0,5.0,ML,,,,4.0,0.2,19
3605158,2011-11-04T05:35:44Z,-41.55,0.0,173.55,0.0,52.0,3.0,ML,,,,2.4,0.2,2
3685428,2011-11-04T05:36:46Z,-38.38,0.0,177.26,0.0,51.0,2.0,ML,,,,2.6,0.1,4
3605199,2011-11-04T07:14:34Z,-37.01,0.0,178.34,0.0,33.0,0.0,ML,,,,3.2,0.2,7
3605214,2011-11-04T07:59:11Z,-39.36,0.0,175.27,0.0,29.0,1.0,ML,,,,2.1,0.3,4
3605220,2011-11-04T08:11:54Z,-41.52,0.0,172.22,0.0,5.0,0.0,ML,,,,2.2,0.1,3
3605222,2011-11-04T08:16:51Z,-39.86,0.0,176.76,0.0,36.0,2.0,ML,,,,2.8,0.1,16
3605225,2011-11-04T08:23:03Z,-39.3,0.0,174.53,0.0,262.0,5.0,ML,,,,4.1,0.2,43
3605258,2011-11-04T09:32:02Z,-36.5,0.1,177.27,0.1,174.0,6.0,ML,,,,3.4,0.2,10
3605296,2011-11-04T11:01:20Z,-44.38,0.0,168.31,0.0,5.0,0.0,ML,,,,2.4,0.3,4
3605302,2011-11-04T11:19:29Z,-40.84,0.0,175.66,0.0,23.0,1.0,ML,,,,2.1,0.2,7
3605327,2011-11-04T12:17:37Z,-43.59,0.0,172.6,0.0,7.0,1.0,ML,,,,2.5,0.3,5
3605336,2011-11-04T12:37:08Z,-40.81,0.0,172.78,0.0,5.0,0.0,ML,,,,2.7,0.2,5
3605351,2011-11-04T13:17:55Z,-40.44,0.0,175.77,0.0,29.0,1.0,ML,,,,2.2,0.2,7
3605364,2011-11-04T13:49:19Z,-44.38,0.0,168.3,0.0,5.0,0.0,ML,,,,2.7,0.3,7
3605412,2011-11-04T15:41:28Z,-37.47,0.0,-179.92,0.0,33.0,0.0,ML,,,,2.9,0.2,7
3605414,2011-11-04T15:45:28Z,-37.54,0.0,177.4,0.0,66.0,4.0,ML,,,,2.3,0.1,6
3605452,2011-11-04T17:27:42Z,-37.04,0.0,177.5,0.0,143.0,3.0,ML,,,,3.9,0.2,31
3605457,2011-11-04T17:42:15Z,-37.96,0.0,178.01,0.0,35.0,2.0,ML,,,,2.4,0.1,5
3605464,2011-11-04T17:59:02Z,-37.96,0.1,176.27,0.1,159.0,5.0,ML,,,,3.3,0.3,17
3605472,2011-11-04T18:23:01Z,-36.42,0.1,177.21,0.1,182.0,8.0,ML,,,,3.9,0.2,14
3685466,2011-11-04T18:24:40Z,-40.15,0.0,174.77,0.0,12.0,0.0,ML,,,,2.5,0.2,13
3605473,2011-11-04T18:27:10Z,-44.39,0.0,168.3,0.0,5.0,0.0,ML,,,,3.0,0.2,7
3605485,2011-11-04T18:56:31Z,-40.54,0.0,173.7,0.0,122.0,3.0,ML,,,,3.1,0.2,4
3605503,2011-11-04T19:49:04Z,-37.8,0.0,176.39,0.0,168.0,4.0,ML,,,,3.5,0.2,20
3605508,2011-11-04T20:00:03Z,-39.14,0.0,177.66,0.0,59.0,2.0,ML,,,,2.7,0.1,6
3605519,2011-11-04T20:31:22Z,-38.59,0.0,177.76,0.0,60.0,2.0,ML,,,,3.0,0.2,14
3605537,2011-11-04T21:23:19Z,-43.6,0.0,172.39,0.0,5.0,0.0,ML,,,,2.4,0.1,5
3605582,2011-11-04T23:19:35Z,-40.54,0.0,174.3,0.0,58.0,4.0,ML,,,,2.5,0.2,9
3605583,2011-11-04T23:21:30Z,-40.84,0.0,175.32,0.0,26.0,1.0,ML,,,,2.4,0.2,11
3605591,2011-11-04T23:39:09Z,-39.69,0.0,175.71,0.0,12.0,0.0,ML,,,,2.5,0.3,10
3605604,2011-11-05T00:21:57Z,-41.27,0.0,175.24,0.0,23.0,1.0,ML,,,,2.1,0.1,8
3605608,2011-11-05T00:31:43Z,-45.0,0.0,167.53,0.0,59.0,2.0,ML,,,,2.8,0.1,6
3605646,2011-11-05T02:19:27Z,-38.25,0.0,178.85,0.0,29.0,2.0,ML,,,,2.7,0.1,7
3605650,2011-11-05T02:25:18Z,-40.42,0.0,176.0,0.0,27.0,1.0,ML,,,,2.3,0.1,8
3605668,2011-11-05T03:23:08Z,-37.21,0.1,176.98,0.0,139.0,6.0,ML,,,,3.3,0.2,14
3605706,2011-11-05T05:11:33Z,-40.24,0.0,176.35,0.0,53.0,1.0,ML,,,,2.6,0.1,10
3687830,2011-11-05T05:11:45Z,-41.21,0.0,173.69,0.0,84.0,2.0,ML,,,,2.4,0.1,2
3605739,2011-11-05T06:41:28Z,-40.34,0.0,176.46,0.0,23.0,4.0,ML,,,,2.1,0.2,5
3605747,2011-11-05T07:04:27Z,-40.24,0.0,176.02,0.0,29.0,2.0,ML,,,,2.0,0.2,4
3605756,2011-11-05T07:30:33Z,-38.9,0.0,175.73,0.0,5.0,0.0,ML,,,,1.8,0.2,7
3605782,2011-11-05T08:41:48Z,-37.28,0.1,176.58,0.1,165.0,6.0,ML,,,,3.0,0.3,15
3605788,2011-11-05T09:06:27Z,-38.31,0.0,176.38,0.0,5.0,0.0,ML,,,,1.8,0.1,5
3605791,2011-11-05T09:14:44Z,-40.89,0.0,175.77,0.0,27.0,1.0,ML,,,,1.9,0.1,7
3605795,2011-11-05T09:24:36Z,-45.56,0.0,167.12,0.0,65.0,2.0,ML,,,,2.7,0.3,11
3605824,2011-11-05T10:45:42Z,-43.66,0.0,172.37,0.0,5.0,0.0,ML,,,,2.5,0.3,5
3605827,2011-11-05T10:52:33Z,-41.2,0.0,172.6,0.0,170.0,4.0,ML,,,,2.9,0.0,2
3605851,2011-11-05T12:02:22Z,-39.5,0.0,173.74,0.0,11.0,1.0,ML,,,,2.9,0.2,7
3605857,2011-11-05T12:25:19Z,-38.27,0.0,178.92,0.1,33.0,0.0,ML,,,,2.6,0.1,6
3687837,2011-11-05T12:26:29Z,-39.14,0.0,177.85,0.0,26.0,2.0,ML,,,,2.4,0.2,5
3605873,2011-11-05T13:21:17Z,-36.77,0.0,177.5,0.0,33.0,0.0,ML,,,,3.2,0.1,6
3605880,2011-11-05T13:46:19Z,-41.6,0.0,172.22,0.0,5.0,0.0,ML,,,,2.1,0.3,4
3605886,2011-11-05T14:05:42Z,-44.01,0.0,169.57,0.0,5.0,0.0,ML,,,,2.7,0.1,4
3605908,2011-11-05T15:16:52Z,-44.61,0.0,168.12,0.1,93.0,5.0,ML,,,,2.8,0.3,8
3605918,2011-11-05T15:46:29Z,-39.11,0.0,177.85,0.0,25.0,1.0,ML,,,,2.3,0.2,6
3605923,2011-11-05T16:04:56Z,-42.21,0.0,172.79,0.0,60.0,3.0,ML,,,,2.6,nan,1
3605938,2011-11-05T16:48:29Z,-41.65,0.0,174.28,0.0,12.0,0.0,ML,,,,2.9,0.2,18
3605953,2011-11-05T17:31:27Z,-42.27,0.0,173.76,0.0,15.0,2.0,ML,,,,2.4,0.3,3
3605960,2011-11-05T17:46:03Z,-40.97,0.0,173.81,0.0,73.0,2.0,ML,,,,2.6,0.3,5
3605964,2011-11-05T17:57:49Z,-40.88,0.0,175.5,0.0,27.0,2.0,ML,,,,2.0,0.2,8
3606000,2011-11-05T19:54:26Z,-45.29,0.0,166.86,0.0,27.0,2.0,ML,,,,2.9,0.2,4
3606008,2011-11-05T20:16:35Z,-40.56,0.0,174.27,0.0,90.0,3.0,ML,,,,2.7,0.3,7
3606016,2011-11-05T20:40:45Z,-41.5,0.0,173.65,0.0,45.0,2.0,ML,,,,2.3,0.1,3
3606018,2011-11-05T20:44:44Z,-40.15,0.0,175.12,0.0,26.0,1.0,ML,,,,2.5,0.3,14
3606052,2011-11-05T22:14:16Z,-38.62,0.0,177.69,0.0,26.0,1.0,ML,,,,2.4,0.2,4
3606076,2011-11-05T23:15:38Z,-43.55,0.0,172.5,0.0,6.0,1.0,ML,,,,2.7,0.1,5
3606081,2011-11-05T23:32:53Z,-39.74,0.1,174.08,0.0,148.0,9.0,ML,,,,2.8,0.4,4
3606087,2011-11-05T23:56:17Z,-38.93,0.0,177.32,0.0,33.0,0.0,ML,,,,2.7,0.1,12
3606093,2011-11-06T00:12:06Z,-39.76,0.0,177.72,0.0,33.0,0.0,ML,,,,2.3,0.3,6
3606099,2011-11-06T00:26:17Z,-40.13,0.0,174.36,0.0,33.0,0.0,ML,,,,2.2,0.3,7
3606103,2011-11-06T00:33:51Z,-38.81,0.0,175.79,0.0,5.0,0.0,ML,,,,2.3,0.1,13
3606104,2011-11-06T00:35:57Z,-39.03,0.0,177.73,0.0,28.0,1.0,ML,,,,3.1,0.2,25
3606107,2011-11-06T00:44:41Z,-37.64,0.0,177.78,0.0,43.0,4.0,ML,,,,2.5,0.2,7
3606114,2011-11-06T01:03:40Z,-40.09,0.0,174.12,0.0,138.0,4.0,ML,,,,2.9,0.3,9
3606119,2011-11-06T01:15:18Z,-40.76,0.0,175.49,0.0,28.0,1.0,ML,,,,1.9,0.1,5
3606124,2011-11-06T01:30:05Z,-45.31,0.0,167.22,0.0,82.0,1.0,ML,,,,2.8,0.3,8
3606128,2011-11-06T01:45:01Z,-40.22,0.0,176.52,0.0,44.0,1.0,ML,,,,2.5,0.3,8
3606140,2011-11-06T02:19:53Z,-39.0,0.0,177.74,0.0,26.0,1.0,ML,,,,2.2,0.2,8
3606144,2011-11-06T02:28:53Z,-39.76,0.0,176.98,0.0,41.0,1.0,ML,,,,2.3,0.2,8
3606162,2011-11-06T03:24:06Z,-38.34,0.0,177.68,0.0,63.0,3.0,ML,,,,2.6,0.1,9
3688385,2011-11-06T03:24:13Z,-38.35,0.0,177.66,0.0,65.0,2.0,ML,,,,2.8,0.1,10
3606173,2011-11-06T03:53:59Z,-40.2,0.0,176.51,0.0,42.0,2.0,ML,,,,2.2,0.1,5
3606192,2011-11-06T04:42:29Z,-38.8,0.0,175.75,0.0,5.0,0.0,ML,,,,1.9,0.1,5
3606196,2011-11-06T04:58:01Z,-41.36,0.0,173.28,0.0,86.0,4.0,ML,,,,2.6,0.1,4
3688391,2011-11-06T04:58:28Z,-35.73,0.1,178.13,0.1,170.0,14.0,ML,,,,3.4,0.1,6
3606208,2011-11-06T05:30:14Z,-41.68,0.0,174.35,0.0,12.0,1.0,ML,,,,2.4,0.3,5
3606219,2011-11-06T06:01:03Z,-40.91,0.0,172.78,0.0,5.0,0.0,ML,,,,2.7,0.1,5
3606233,2011-11-06T06:44:14Z,-39.03,0.0,177.77,0.0,5.0,0.0,ML,,,,2.1,0.1,6
3606235,2011-11-06T06:48:11Z,-41.14,0.0,175.38,0.0,27.0,1.0,ML,,,,2.3,0.2,6
3606237,2011-11-06T06:52:42Z,-36.96,0.1,176.95,0.0,222.0,5.0,ML,,,,3.8,0.2,21
3606262,2011-11-06T07:53:42Z,-39.78,0.0,176.82,0.0,48.0,2.0,ML,,,,2.4,0.1,9
3606280,2011-11-06T08:48:53Z,-41.28,0.0,173.65,0.0,88.0,2.0,ML,,,,2.9,0.1,7
3606307,2011-11-06T10:06:13Z,-41.58,0.0,174.45,0.0,12.0,0.0,ML,,,,2.2,0.4,12
3606337,2011-11-06T11:30:43Z,-40.98,0.0,175.47,0.0,27.0,1.0,ML,,,,1.8,0.2,6
3606376,2011-11-06T13:12:12Z,-36.66,0.1,177.26,0.0,33.0,0.0,ML,,,,3.5,0.2,8
3606380,2011-11-06T13:24:31Z,-38.71,0.0,175.98,0.0,93.0,2.0,ML,,,,3.1,0.2,10
3606385,2011-11-06T13:36:18Z,-38.42,0.0,177.9,0.0,54.0,2.0,ML,,,,2.8,0.2,14
3606394,2011-11-06T14:08:33Z,-36.5,0.1,177.09,0.1,156.0,11.0,ML,,,,3.2,0.2,16
3606422,2011-11-06T15:29:09Z,-37.82,0.0,176.34,0.1,157.0,5.0,ML,,,,3.1,0.4,19
3606429,2011-11-06T15:47:00Z,-40.5,0.0,176.12,0.0,41.0,1.0,ML,,,,2.5,0.2,7
3606431,2011-11-06T15:49:54Z,-39.12,0.0,178.01,0.0,23.0,1.0,ML,,,,2.4,0.1,7
3606455,2011-11-06T17:03:12Z,-40.51,0.0,176.66,0.0,26.0,3.0,ML,,,,2.9,0.1,18
3606471,2011-11-06T17:49:30Z,-36.56,0.1,177.49,0.1,114.0,16.0,ML,,,,3.1,0.2,6
3606478,2011-11-06T18:10:07Z,-39.1,0.0,178.0,0.0,22.0,1.0,ML,,,,2.9,0.1,15
3688433,2011-11-06T18:11:07Z,-38.26,0.0,178.97,0.0,33.0,0.0,ML,,,,3.4,0.2,18
3688440,2011-11-06T18:11:50Z,-38.3,0.0,179.02,0.0,33.0,0.0,ML,,,,3.0,0.1,11
3606497,2011-11-06T19:08:19Z,-41.12,0.0,173.61,0.0,73.0,3.0,ML,,,,2.3,0.2,2
3606520,2011-11-06T20:02:01Z,-41.73,0.0,172.77,0.0,81.0,1.0,ML,,,,2.1,0.2,3
3606560,2011-11-06T21:45:30Z,-42.13,0.0,173.53,0.0,33.0,0.0,ML,,,,2.7,0.4,11
3606581,2011-11-06T22:29:06Z,-37.95,0.0,175.79,0.0,256.0,5.0,ML,,,,3.7,0.1,16
3606583,2011-11-06T22:36:43Z,-45.72,0.0,166.89,0.0,77.0,1.0,ML,,,,3.1,0.1,8
3606601,2011-11-06T23:28:43Z,-39.92,0.0,175.62,0.0,20.0,2.0,ML,,,,2.4,0.3,20
3606602,2011-11-06T23:33:08Z,-37.22,0.0,179.75,0.0,12.0,0.0,ML,,,,3.4,0.1,6
3606616,2011-11-07T00:09:01Z,-43.15,0.0,171.62,0.0,5.0,0.0,ML,,,,1.7,0.1,3
3606617,2011-11-07T00:12:31Z,-39.64,0.0,174.25,0.0,190.0,3.0,ML,,,,3.1,0.2,9
3606626,2011-11-07T00:34:59Z,-37.79,0.0,176.76,0.0,5.0,0.0,ML,,,,2.1,0.1,7
3606639,2011-11-07T01:05:29Z,-37.84,0.0,177.55,0.0,41.0,2.0,ML,,,,3.5,0.2,22
3606659,2011-11-07T01:54:17Z,-39.27,0.0,174.82,0.0,27.0,1.0,ML,,,,2.6,0.1,19
3606733,2011-11-07T03:58:25Z,-40.88,0.0,175.76,0.0,29.0,1.0,ML,,,,2.5,0.2,9
3606746,2011-11-07T04:37:13Z,-37.34,0.1,176.28,0.1,185.0,5.0,ML,,,,3.3,0.2,23
3687948,2011-11-07T04:38:50Z,-38.95,0.0,177.77,0.0,20.0,2.0,ML,,,,2.6,0.1,11
3606757,2011-11-07T04:57:32Z,-40.37,0.0,176.02,0.0,46.0,2.0,ML,,,,2.2,0.2,7
3606771,2011-11-07T05:32:04Z,-40.82,0.0,176.21,0.0,27.0,1.0,ML,,,,2.2,0.1,5
3606776,2011-11-07T05:52:38Z,-36.36,0.1,178.24,0.1,88.0,11.0,ML,,,,3.3,0.3,4
3606785,2011-11-07T06:18:16Z,-38.46,0.0,176.28,0.0,5.0,0.0,ML,,,,1.7,0.1,5
3607277,2011-11-07T06:18:23Z,-40.93,0.0,172.76,0.0,5.0,0.0,ML,,,,2.7,0.3,9
3606790,2011-11-07T06:35:35Z,-41.54,0.0,172.7,0.0,5.0,0.0,ML,,,,2.5,0.3,6
3606809,2011-11-07T07:24:59Z,-39.23,0.0,175.35,0.0,139.0,3.0,ML,,,,3.1,0.2,8
3606833,2011-11-07T08:32:45Z,-38.29,0.0,179.08,0.0,33.0,0.0,ML,,,,2.2,0.1,5
3606854,2011-11-07T09:35:05Z,-43.6,0.0,171.85,0.0,5.0,0.0,ML,,,,2.4,0.5,6
3606862,2011-11-07T09:50:09Z,-39.02,0.0,177.75,0.0,26.0,1.0,ML,,,,2.3,0.2,10
3606877,2011-11-07T10:37:12Z,-38.87,0.0,175.94,0.0,5.0,0.0,ML,,,,1.8,0.3,13
3606879,2011-11-07T10:40:59Z,-38.62,0.0,178.38,0.0,44.0,2.0,ML,,,,2.4,0.2,9
3606892,2011-11-07T11:31:14Z,-41.37,0.0,175.13,0.0,24.0,1.0,ML,,,,2.2,0.3,5
3606896,2011-11-07T11:44:24Z,-37.5,0.0,178.27,0.0,49.0,3.0,ML,,,,2.2,0.1,4
3687984,2011-11-07T11:44:37Z,-40.94,0.0,172.75,0.0,5.0,0.0,ML,,,,2.8,0.3,7
3606898,2011-11-07T11:50:06Z,-39.24,0.0,175.43,0.0,18.0,1.0,ML,,,,1.9,0.1,5
3606905,2011-11-07T12:09:27Z,-39.24,0.0,175.42,0.0,19.0,2.0,ML,,,,1.7,0.3,6
3606930,2011-11-07T13:17:58Z,-36.77,0.1,176.71,0.1,200.0,6.0,ML,,,,3.8,0.2,21
3606945,2011-11-07T13:51:43Z,-41.54,0.0,173.88,0.0,39.0,1.0,ML,,,,2.7,0.1,5
3606946,2011-11-07T13:59:21Z,-38.46,0.0,178.69,0.0,33.0,0.0,ML,,,,2.3,0.2,5
3606952,2011-11-07T14:17:57Z,-38.18,0.0,175.79,0.0,5.0,0.0,ML,,,,2.1,0.1,5
3606955,2011-11-07T14:28:23Z,-40.28,0.0,173.5,0.0,193.0,5.0,ML,,,,3.2,0.2,6
3606978,2011-11-07T15:33:35Z,-46.04,0.0,166.86,0.0,98.0,3.0,ML,,,,2.8,0.3,8
3606992,2011-11-07T16:16:30Z,-39.25,0.0,175.43,0.0,20.0,3.0,ML,,,,1.6,0.2,6
3606999,2011-11-07T16:43:36Z,-45.52,0.0,166.71,0.0,12.0,0.0,ML,,,,2.7,0.2,8
3607043,2011-11-07T18:42:04Z,-40.93,0.0,172.76,0.0,5.0,0.0,ML,,,,2.2,0.4,4
3607045,2011-11-07T18:52:54Z,-44.36,0.0,168.33,0.0,5.0,0.0,ML,,,,2.9,0.2,5
3607047,2011-11-07T18:57:23Z,-40.83,0.0,175.33,0.0,29.0,1.0,ML,,,,2.0,0.2,6
3607053,2011-11-07T19:12:56Z,-39.69,0.0,176.28,0.0,29.0,2.0,ML,,,,2.2,0.2,6
3607066,2011-11-07T19:44:04Z,-39.38,0.0,175.38,0.0,10.0,1.0,ML,,,,1.8,0.4,6
3607114,2011-11-07T21:36:54Z,-38.99,0.0,177.2,0.0,33.0,0.0,ML,,,,2.3,0.2,5
3607184,2011-11-08T00:51:17Z,-38.57,0.0,177.05,0.0,10.0,2.0,ML,,,,2.4,0.2,8
3607187,2011-11-08T00:57:02Z,-38.63,0.0,175.98,0.0,5.0,0.0,ML,,,,2.0,0.2,1
3607214,2011-11-08T02:02:30Z,-38.74,0.0,178.52,0.0,33.0,0.0,ML,,,,2.6,0.1,5
3607218,2011-11-08T02:08:36Z,-40.64,0.0,176.45,0.0,33.0,0.0,ML,,,,3.1,0.3,17
3607223,2011-11-08T02:19:25Z,-38.91,0.0,175.72,0.0,5.0,0.0,ML,,,,1.8,0.1,5
3607231,2011-11-08T02:46:12Z,-38.27,0.0,179.02,0.0,33.0,0.0,ML,,,,2.8,0.1,8
3607237,2011-11-08T02:58:36Z,-40.98,0.0,173.43,0.0,91.0,3.0,ML,,,,2.8,0.1,5
3607255,2011-11-08T03:53:01Z,-41.3,0.0,173.64,0.0,73.0,2.0,ML,,,,3.0,0.1,8
3607265,2011-11-08T04:12:32Z,-35.24,0.0,177.87,0.1,12.0,0.0,ML,,,,3.8,0.2,5
3607281,2011-11-08T04:52:11Z,-41.83,0.0,174.07,0.0,12.0,0.0,ML,,,,2.5,0.3,8
3607282,2011-11-08T04:53:47Z,-41.83,0.0,174.07,0.0,13.0,1.0,ML,,,,2.6,0.3,10
3607316,2011-11-08T06:23:57Z,-38.29,0.0,178.98,0.1,33.0,0.0,ML,,,,2.5,0.1,5
3607323,2011-11-08T06:40:37Z,-38.13,0.0,176.89,0.0,61.0,2.0,ML,,,,2.5,0.1,6
3607327,2011-11-08T06:49:09Z,-41.11,0.0,173.05,0.0,142.0,3.0,ML,,,,3.0,0.1,3
3607328,2011-11-08T06:54:11Z,-43.6,0.0,172.5,0.0,5.0,0.0,ML,,,,2.7,0.3,5
3607331,2011-11-08T07:03:56Z,-43.63,0.0,172.78,0.0,6.0,1.0,ML,,,,2.8,0.2,3
3607348,2011-11-08T07:53:31Z,-40.57,0.0,175.04,0.0,36.0,2.0,ML,,,,2.3,0.1,7
3607359,2011-11-08T08:27:25Z,-41.33,0.0,173.06,0.0,120.0,3.0,ML,,,,3.1,0.1,6
3607385,2011-11-08T09:41:14Z,-38.9,0.0,175.71,0.0,8.0,1.0,ML,,,,2.0,0.1,5
3607401,2011-11-08T10:28:26Z,-45.62,0.0,167.43,0.0,5.0,0.0,ML,,,,2.3,0.2,7
3607402,2011-11-08T10:30:39Z,-43.28,0.0,172.01,0.0,5.0,0.0,ML,,,,2.9,0.3,5
3607403,2011-11-08T10:34:19Z,-43.28,0.0,172.01,0.0,7.0,1.0,ML,,,,2.5,0.3,5
3607419,2011-11-08T11:11:06Z,-37.72,0.1,176.03,0.1,213.0,6.0,ML,,,,3.3,0.4,14
3607421,2011-11-08T11:15:14Z,-37.02,0.1,176.56,0.1,401.0,4.0,ML,,,,4.6,0.2,45
3607431,2011-11-08T11:48:56Z,-37.34,0.1,176.26,0.1,263.0,7.0,ML,,,,3.4,0.3,10
3607432,2011-11-08T11:50:49Z,-38.27,0.0,176.43,0.0,5.0,0.0,ML,,,,1.9,0.2,6
3607466,2011-11-08T13:33:03Z,-43.61,0.0,172.52,0.0,8.0,1.0,ML,,,,3.1,0.2,7
3607481,2011-11-08T14:12:54Z,-40.56,0.0,175.56,0.0,29.0,1.0,ML,,,,3.4,0.2,56
3607495,2011-11-08T14:55:51Z,-43.5,0.0,172.75,0.0,9.0,1.0,ML,,,,3.0,0.2,6
3607530,2011-11-08T16:39:34Z,-42.33,0.0,173.1,0.0,5.0,0.0,ML,,,,2.6,0.3,8
3607533,2011-11-08T16:50:13Z,-44.53,0.0,168.42,0.0,5.0,0.0,ML,,,,2.3,0.4,8
3607535,2011-11-08T16:54:11Z,-43.56,0.0,172.38,0.0,5.0,0.0,ML,,,,2.6,0.3,9
3607539,2011-11-08T17:12:36Z,-44.58,0.0,168.97,0.0,5.0,0.0,ML,,,,2.0,0.1,4
3607540,2011-11-08T17:14:45Z,-37.5,0.0,178.34,0.0,44.0,2.0,Mw,4.0,nan,0,4.3,0.2,52
3607543,2011-11-08T17:20:53Z,-41.13,0.0,173.66,0.0,67.0,3.0,ML,,,,2.1,0.2,2
3607583,2011-11-08T18:49:34Z,-36.18,0.1,178.3,0.1,158.0,7.0,ML,,,,3.2,0.1,6
3607588,2011-11-08T19:07:15Z,-37.84,0.0,177.16,0.0,58.0,3.0,ML,,,,2.6,0.1,8
3607599,2011-11-08T19:40:44Z,-41.36,0.0,173.27,0.0,90.0,2.0,ML,,,,3.3,0.2,13
3607614,2011-11-08T20:22:36Z,-43.28,0.0,171.99,0.0,8.0,1.0,Mw,3.8,nan,0,4.1,0.2,56
3607625,2011-11-08T20:55:37Z,-41.48,0.0,174.92,0.0,24.0,2.0,ML,,,,2.0,0.3,6
3607627,2011-11-08T21:01:21Z,-37.61,0.0,177.75,0.0,87.0,3.0,ML,,,,3.0,0.1,8
3688451,2011-11-08T21:33:04Z,-37.83,0.0,176.64,0.0,5.0,0.0,ML,,,,2.1,0.1,7
3607667,2011-11-08T23:05:31Z,-38.74,0.0,177.78,0.0,24.0,2.0,ML,,,,2.2,0.2,4
3607671,2011-11-08T23:16:24Z,-41.61,0.0,174.27,0.0,20.0,2.0,ML,,,,2.1,0.2,8
3607688,2011-11-09T00:03:25Z,-37.24,0.0,178.38,0.0,33.0,1.0,ML,,,,2.6,0.2,5
3607708,2011-11-09T01:06:26Z,-38.3,0.0,176.38,0.0,2.0,0.0,ML,,,,1.7,0.1,4
3607718,2011-11-09T01:36:14Z,-43.26,0.0,172.01,0.0,7.0,1.0,ML,,,,3.4,0.3,13
3607783,2011-11-09T04:39:25Z,-41.39,0.0,175.33,0.0,27.0,1.0,ML,,,,2.5,0.1,13
3607799,2011-11-09T05:27:48Z,-37.74,0.0,176.33,0.0,151.0,4.0,ML,,,,3.7,0.1,30
3607806,2011-11-09T05:56:17Z,-39.78,0.0,174.14,0.0,126.0,4.0,ML,,,,2.5,0.3,3
3607808,2011-11-09T05:59:37Z,-40.21,0.0,175.83,0.0,30.0,1.0,ML,,,,2.2,0.2,7
3607826,2011-11-09T06:50:28Z,-39.65,0.0,176.71,0.0,30.0,1.0,ML,,,,2.3,0.1,6
3607836,2011-11-09T07:07:34Z,-41.02,0.0,173.71,0.0,62.0,3.0,ML,,,,2.3,0.2,4
3607883,2011-11-09T08:59:10Z,-41.14,0.0,175.83,0.0,26.0,1.0,ML,,,,1.9,0.1,6
3607887,2011-11-09T09:09:49Z,-43.69,0.0,172.46,0.0,5.0,0.0,ML,,,,2.5,0.4,6
3607893,2011-11-09T09:31:47Z,-45.05,0.0,167.48,0.0,82.0,2.0,ML,,,,3.1,0.1,8
3607895,2011-11-09T09:34:59Z,-37.84,0.0,176.62,0.0,5.0,0.0,ML,,,,2.2,0.1,4
3607906,2011-11-09T10:07:05Z,-43.63,0.0,172.78,0.0,6.0,1.0,ML,,,,3.2,0.3,5
3607910,2011-11-09T10:15:26Z,-38.44,0.0,175.67,0.1,135.0,6.0,ML,,,,3.2,0.4,18
3607918,2011-11-09T10:41:47Z,-40.3,0.0,176.48,0.0,24.0,1.0,ML,,,,2.4,0.1,6
3607919,2011-11-09T10:43:32Z,-38.23,0.0,175.69,0.1,115.0,8.0,ML,,,,3.0,0.2,16
3607937,2011-11-09T11:26:25Z,-39.12,0.0,174.92,0.0,23.0,1.0,ML,,,,3.0,0.2,22
3607946,2011-11-09T11:46:53Z,-37.15,0.0,177.63,0.0,33.0,0.0,ML,,,,2.4,0.1,7
3607979,2011-11-09T13:15:51Z,-37.82,0.0,176.64,0.0,5.0,1.0,ML,,,,2.0,0.1,5
3608004,2011-11-09T14:18:35Z,-45.84,0.0,166.95,0.0,69.0,2.0,ML,,,,2.4,0.3,8
3608026,2011-11-09T15:14:59Z,-44.89,0.0,167.16,0.0,5.0,0.0,ML,,,,3.3,0.2,9
3608046,2011-11-09T16:09:23Z,-44.94,0.0,167.39,0.0,5.0,0.0,ML,,,,3.4,0.2,9
3608050,2011-11-09T16:21:30Z,-39.52,0.0,175.67,0.0,19.0,1.0,ML,,,,2.1,0.3,4
3608306,2011-11-09T16:21:41Z,-40.41,0.0,173.82,0.0,99.0,7.0,ML,,,,2.7,0.1,2
3608054,2011-11-09T16:35:59Z,-44.6,0.0,168.74,0.0,5.0,0.0,ML,,,,2.2,0.3,7
3608064,2011-11-09T17:02:43Z,-38.17,0.0,176.58,0.0,5.0,0.0,ML,,,,2.1,0.3,6
3608068,2011-11-09T17:09:22Z,-37.2,0.0,177.26,0.0,200.0,3.0,ML,,,,3.5,0.2,6
3608093,2011-11-09T18:01:28Z,-45.07,0.0,167.48,0.0,56.0,4.0,ML,,,,2.8,0.2,6
3608104,2011-11-09T18:30:12Z,-38.18,0.0,176.59,0.0,5.0,0.0,ML,,,,2.2,0.2,9
3608106,2011-11-09T18:35:38Z,-43.58,0.0,172.39,0.0,5.0,0.0,ML,,,,2.5,0.3,4
3608116,2011-11-09T19:08:14Z,-40.35,0.0,176.5,0.0,26.0,1.0,ML,,,,3.3,0.2,34
3608118,2011-11-09T19:13:17Z,-40.33,0.0,176.49,0.0,25.0,1.0,ML,,,,2.5,0.1,10
3608136,2011-11-09T20:04:07Z,-45.23,0.0,166.76,0.0,5.0,0.0,ML,,,,3.2,0.2,8
3608166,2011-11-09T21:38:40Z,-39.83,0.0,175.73,0.0,5.0,0.0,ML,,,,2.2,0.1,7
3608186,2011-11-09T22:23:10Z,-37.87,0.0,177.29,0.0,55.0,2.0,ML,,,,3.2,0.2,9
3608226,2011-11-10T00:16:00Z,-38.56,0.0,177.8,0.0,15.0,3.0,ML,,,,2.5,0.2,4
3608245,2011-11-10T01:06:28Z,-39.98,0.0,173.61,0.0,203.0,5.0,ML,,,,3.8,0.1,23
3608281,2011-11-10T02:52:32Z,-42.36,0.0,171.24,0.0,5.0,0.0,ML,,,,2.8,0.3,7
3688470,2011-11-10T02:53:36Z,-39.23,0.0,174.97,0.1,208.0,4.0,ML,,,,3.5,0.4,9
3608283,2011-11-10T03:01:10Z,-38.77,0.0,175.94,0.0,112.0,3.0,ML,,,,3.0,0.3,5
3608301,2011-11-10T03:45:10Z,-38.37,0.0,178.05,0.0,30.0,2.0,ML,,,,2.5,0.1,9
3608309,2011-11-10T04:07:32Z,-43.49,0.0,172.71,0.0,7.0,1.0,ML,,,,2.8,0.3,4
3608329,2011-11-10T05:07:04Z,-39.77,0.0,174.14,0.0,183.0,6.0,ML,,,,3.3,0.2,6
3608339,2011-11-10T05:37:17Z,-43.6,0.0,172.21,0.0,6.0,1.0,ML,,,,2.6,0.2,5
3608354,2011-11-10T06:26:55Z,-40.0,0.0,176.6,0.0,44.0,2.0,ML,,,,2.2,0.1,5
3608358,2011-11-10T06:41:11Z,-42.08,0.0,173.87,0.0,12.0,0.0,ML,,,,2.4,0.3,9
3608384,2011-11-10T07:39:50Z,-40.62,0.0,174.75,0.0,12.0,0.0,ML,,,,2.3,0.3,8
3608400,2011-11-10T08:21:53Z,-43.46,0.0,172.78,0.0,5.0,0.0,ML,,,,2.6,0.3,10
3608425,2011-11-10T09:28:04Z,-38.71,0.0,177.81,0.0,25.0,2.0,ML,,,,2.4,0.1,4
3608438,2011-11-10T09:57:21Z,-40.04,0.0,174.58,0.0,120.0,2.0,ML,,,,2.9,0.2,7
3608462,2011-11-10T10:51:51Z,-37.83,0.0,177.34,0.0,52.0,3.0,ML,,,,2.6,0.1,4
3608463,2011-11-10T10:53:26Z,-39.86,0.0,176.72,0.0,40.0,2.0,ML,,,,2.3,0.1,9
3608464,2011-11-10T10:55:35Z,-43.5,0.0,172.82,0.0,5.0,0.0,ML,,,,2.9,0.2,6
3608471,2011-11-10T11:20:28Z,-38.37,0.0,175.55,0.0,12.0,0.0,ML,,,,2.1,0.2,5
3608488,2011-11-10T12:11:58Z,-44.59,0.0,168.02,0.0,82.0,5.0,ML,,,,2.5,0.3,9
3608502,2011-11-10T12:43:28Z,-44.48,0.0,168.23,0.0,5.0,0.0,ML,,,,3.4,0.2,12
3608510,2011-11-10T13:03:12Z,-37.86,0.0,177.1,0.0,69.0,2.0,ML,,,,2.8,0.2,8
3608545,2011-11-10T14:28:44Z,-41.84,0.0,173.4,0.0,47.0,3.0,ML,,,,2.2,0.2,4
3608547,2011-11-10T14:36:45Z,-43.91,0.0,169.19,0.0,5.0,0.0,ML,,,,2.4,0.2,9
3608550,2011-11-10T14:42:35Z,-42.84,0.0,173.11,0.0,33.0,0.0,ML,,,,2.1,0.4,5
3688879,2011-11-10T14:45:12Z,-37.67,0.0,177.14,0.0,5.0,0.0,ML,,,,1.9,0.2,4
3608561,2011-11-10T15:15:15Z,-44.34,0.0,169.5,0.0,12.0,0.0,ML,,,,2.2,0.2,6
3688882,2011-11-10T15:15:22Z,-37.74,0.1,176.21,0.1,153.0,7.0,ML,,,,3.2,0.3,22
3608572,2011-11-10T15:40:58Z,-41.08,0.0,175.09,0.0,28.0,1.0,ML,,,,2.4,0.1,12
3608578,2011-11-10T15:58:15Z,-45.06,0.0,167.5,0.0,90.0,2.0,ML,,,,2.6,0.3,10
3608586,2011-11-10T16:16:05Z,-40.52,0.0,174.23,0.0,73.0,6.0,ML,,,,2.6,0.2,9
3608588,2011-11-10T16:26:07Z,-37.28,0.0,177.72,0.0,33.0,0.0,ML,,,,2.7,0.2,4
3608589,2011-11-10T16:29:52Z,-42.69,0.0,171.74,0.0,5.0,0.0,ML,,,,2.3,0.4,6
3608599,2011-11-10T16:55:52Z,-37.39,0.0,177.18,0.0,116.0,2.0,ML,,,,2.8,0.3,5
3608613,2011-11-10T17:31:44Z,-43.06,0.0,171.38,0.0,5.0,0.0,ML,,,,2.4,0.3,6
3608620,2011-11-10T17:52:31Z,-43.5,0.0,172.7,0.0,8.0,1.0,ML,,,,2.4,0.2,3
3608627,2011-11-10T18:14:55Z,-43.48,0.0,172.68,0.0,5.0,0.0,ML,,,,2.5,0.2,5
3608628,2011-11-10T18:17:01Z,-43.48,0.0,172.13,0.0,5.0,0.0,ML,,,,2.8,0.2,5
3608635,2011-11-10T18:39:45Z,-37.06,0.0,177.28,0.0,70.0,10.0,ML,,,,3.2,0.1,9
3688934,2011-11-10T19:18:00Z,-36.98,0.1,177.01,0.1,135.0,10.0,ML,,,,3.2,0.2,5
3608648,2011-11-10T19:19:23Z,-43.58,0.0,172.5,0.0,4.0,2.0,ML,,,,2.5,0.1,4
3608652,2011-11-10T19:31:46Z,-40.45,0.0,175.76,0.0,32.0,1.0,ML,,,,2.4,0.3,8
3608654,2011-11-10T19:38:04Z,-41.37,0.0,174.43,0.0,17.0,2.0,ML,,,,2.2,0.3,11
3608660,2011-11-10T19:53:16Z,-43.59,0.0,172.4,0.0,8.0,1.0,ML,,,,2.4,0.1,3
3608683,2011-11-10T20:44:32Z,-38.9,0.0,175.71,0.0,7.0,1.0,ML,,,,1.9,0.2,6
3608684,2011-11-10T20:45:58Z,-39.88,0.0,176.61,0.0,42.0,6.0,ML,,,,2.3,0.1,5
3608703,2011-11-10T21:38:53Z,-40.35,0.0,176.48,0.0,21.0,2.0,ML,,,,2.1,0.2,6
3608716,2011-11-10T22:13:50Z,-40.14,0.0,174.78,0.0,12.0,0.0,ML,,,,2.3,0.2,5
3608737,2011-11-10T23:06:08Z,-44.46,0.0,168.26,0.0,5.0,0.0,ML,,,,2.3,0.3,9
3608761,2011-11-11T00:10:11Z,-38.81,0.0,175.77,0.0,11.0,1.0,ML,,,,1.8,0.1,4
3608779,2011-11-11T00:58:03Z,-41.23,0.0,172.56,0.0,214.0,4.0,ML,,,,3.2,0.3,3
3608813,2011-11-11T02:38:48Z,-41.74,0.0,172.08,0.0,5.0,0.0,ML,,,,2.2,0.3,3
3608840,2011-11-11T03:51:39Z,-38.63,0.0,178.62,0.0,33.0,0.0,ML,,,,2.6,0.2,7
3608842,2011-11-11T03:59:31Z,-43.57,0.0,170.62,0.0,5.0,0.0,ML,,,,2.1,0.3,5
3608848,2011-11-11T04:16:34Z,-39.27,0.0,175.28,0.0,30.0,1.0,ML,,,,2.0,0.1,4
3608852,2011-11-11T04:25:47Z,-37.49,0.0,176.95,0.0,138.0,3.0,ML,,,,3.2,0.3,8
3608860,2011-11-11T04:44:53Z,-41.74,0.0,174.14,0.0,12.0,0.0,ML,,,,2.3,0.3,8
3608861,2011-11-11T04:49:00Z,-44.19,0.0,168.63,0.0,5.0,0.0,ML,,,,2.9,0.2,4
3608880,2011-11-11T05:49:03Z,-41.77,0.0,174.15,0.0,12.0,0.0,ML,,,,2.4,0.3,8
3608931,2011-11-11T09:24:19Z,-37.76,0.0,176.87,0.0,5.0,0.0,ML,,,,1.6,0.2,5
3608934,2011-11-11T09:34:08Z,-35.34,0.1,178.63,0.1,214.0,7.0,ML,,,,4.3,0.1,24
3608936,2011-11-11T09:40:21Z,-39.51,0.0,175.68,0.0,21.0,1.0,ML,,,,2.2,0.3,14
3608940,2011-11-11T09:51:31Z,-41.31,0.0,173.26,0.0,102.0,2.0,ML,,,,2.8,0.2,8
3608969,2011-11-11T11:15:53Z,-41.27,0.0,175.28,0.0,27.0,1.0,ML,,,,2.1,0.1,5
3608970,2011-11-11T11:19:00Z,-44.29,0.0,167.6,0.0,5.0,0.0,ML,,,,2.2,0.2,4
3608973,2011-11-11T11:33:10Z,-39.78,0.0,176.59,0.0,33.0,0.0,ML,,,,1.9,0.1,6
3608974,2011-11-11T11:39:38Z,-39.49,0.0,174.41,0.0,141.0,3.0,ML,,,,2.8,0.3,5
3608992,2011-11-11T12:36:28Z,-39.45,0.0,175.74,0.0,14.0,1.0,ML,,,,1.9,0.3,8
3609004,2011-11-11T13:13:36Z,-39.37,0.0,175.26,0.0,31.0,1.0,ML,,,,2.0,0.3,12
3609010,2011-11-11T13:27:57Z,-36.31,0.1,177.57,0.1,222.0,6.0,ML,,,,3.9,0.2,20
3609023,2011-11-11T14:07:12Z,-40.87,0.0,176.05,0.0,25.0,1.0,ML,,,,2.5,0.2,8
3609024,2011-11-11T14:10:40Z,-40.31,0.0,176.39,0.0,28.0,1.0,ML,,,,2.4,0.1,10
3609046,2011-11-11T15:22:35Z,-42.4,0.0,172.33,0.0,5.0,0.0,ML,,,,2.6,0.3,10
3609051,2011-11-11T15:45:24Z,-37.92,0.0,178.14,0.1,72.0,5.0,ML,,,,2.3,0.1,4
3609058,2011-11-11T16:06:47Z,-44.92,0.0,167.6,0.0,84.0,3.0,ML,,,,2.2,0.2,5
3609073,2011-11-11T16:51:55Z,-39.33,0.0,175.4,0.0,19.0,2.0,ML,,,,1.6,0.2,5
3609080,2011-11-11T17:07:07Z,-39.19,0.0,174.92,0.0,26.0,1.0,ML,,,,2.3,0.1,7
3609083,2011-11-11T17:15:45Z,-38.63,0.0,178.5,0.0,28.0,2.0,ML,,,,2.6,0.1,5
3609090,2011-11-11T17:32:47Z,-42.48,0.0,173.35,0.0,33.0,0.0,ML,,,,2.8,0.3,13
3609133,2011-11-11T19:30:27Z,-39.15,0.0,175.25,0.0,19.0,3.0,ML,,,,1.9,0.3,11
3609142,2011-11-11T19:52:26Z,-45.45,0.0,166.96,0.0,45.0,3.0,ML,,,,2.7,0.3,12
3609155,2011-11-11T20:31:03Z,-41.79,0.0,174.54,0.0,30.0,2.0,ML,,,,2.2,0.2,6
3609162,2011-11-11T20:49:14Z,-43.64,0.0,172.47,0.0,9.0,1.0,Mw,3.6,nan,0,3.7,0.2,17
3609163,2011-11-11T20:53:03Z,-43.64,0.0,172.47,0.0,5.0,0.0,ML,,,,2.9,0.2,6
3609180,2011-11-11T21:45:18Z,-39.49,0.0,175.71,0.0,15.0,1.0,ML,,,,2.0,0.3,9
3609236,2011-11-12T00:46:52Z,-38.53,0.0,178.1,0.0,33.0,0.0,ML,,,,2.3,0.3,9
3609269,2011-11-12T02:30:15Z,-40.88,0.0,174.83,0.0,41.0,1.0,ML,,,,2.0,0.3,5
3609299,2011-11-12T04:07:26Z,-37.82,0.0,176.63,0.0,5.0,0.0,ML,,,,2.7,0.2,17
3609301,2011-11-12T04:11:40Z,-37.84,0.0,176.75,0.0,1.0,0.0,ML,,,,2.1,0.1,6
3609303,2011-11-12T04:12:53Z,-35.61,0.1,178.81,0.1,209.0,15.0,ML,,,,3.5,0.1,7
3609310,2011-11-12T04:36:35Z,-38.76,0.0,175.4,0.0,141.0,6.0,ML,,,,3.1,0.2,29
3609319,2011-11-12T05:09:00Z,-39.86,0.0,176.61,0.0,12.0,0.0,ML,,,,2.1,0.3,9
3609325,2011-11-12T05:21:04Z,-45.06,0.0,167.67,0.0,12.0,0.0,ML,,,,2.8,0.2,8
3609336,2011-11-12T05:59:07Z,-39.24,0.0,173.86,0.0,22.0,1.0,ML,,,,1.8,0.2,2
3609351,2011-11-12T06:46:55Z,-40.24,0.0,176.5,0.0,48.0,2.0,ML,,,,2.8,0.2,15
3609360,2011-11-12T07:10:00Z,-36.92,0.1,176.73,0.0,182.0,5.0,ML,,,,3.5,0.1,4
3609380,2011-11-12T08:02:45Z,-39.6,0.0,176.47,0.0,32.0,1.0,ML,,,,2.5,0.2,15
3609392,2011-11-12T08:34:40Z,-36.6,0.0,177.11,0.0,12.0,0.0,ML,,,,3.3,0.2,6
3690835,2011-11-12T09:26:38Z,-44.75,0.0,167.75,0.0,54.0,2.0,ML,,,,2.6,0.2,9
3609410,2011-11-12T09:27:14Z,-40.5,0.0,173.38,0.0,163.0,4.0,ML,,,,3.3,0.4,10
3688963,2011-11-12T09:27:43Z,-38.65,0.0,175.88,0.0,124.0,4.0,ML,,,,3.1,0.1,6
3609418,2011-11-12T09:51:53Z,-37.48,0.0,178.29,0.0,37.0,3.0,ML,,,,2.4,0.2,9
3609433,2011-11-12T10:38:11Z,-39.48,0.0,175.71,0.0,15.0,1.0,ML,,,,1.8,0.1,4
3609436,2011-11-12T10:43:57Z,-41.73,0.0,173.82,0.0,12.0,0.0,ML,,,,2.1,0.2,8
3609459,2011-11-12T12:03:34Z,-36.64,0.0,177.1,0.0,5.0,0.0,ML,,,,3.7,0.2,8
3609482,2011-11-12T13:14:55Z,-41.73,0.0,173.83,0.0,12.0,0.0,ML,,,,2.5,0.1,8
3609487,2011-11-12T13:31:59Z,-37.91,0.0,176.27,0.0,145.0,4.0,ML,,,,3.0,0.2,13
3609499,2011-11-12T13:59:34Z,-37.47,0.1,176.33,0.1,170.0,7.0,ML,,,,2.5,0.1,4
3609513,2011-11-12T14:44:46Z,-40.59,0.0,175.58,0.0,26.0,1.0,ML,,,,2.4,0.1,11
3609533,2011-11-12T15:36:50Z,-39.85,0.0,177.03,0.0,33.0,0.0,ML,,,,3.2,0.2,48
3609544,2011-11-12T16:08:31Z,-38.52,0.0,177.24,0.0,39.0,3.0,ML,,,,2.1,0.1,7
3609564,2011-11-12T17:03:00Z,-44.74,0.0,168.67,0.0,5.0,0.0,ML,,,,2.9,0.2,8
3609576,2011-11-12T17:36:19Z,-41.05,0.0,174.7,0.0,33.0,0.0,ML,,,,2.1,0.2,7
3609599,2011-11-12T18:51:39Z,-41.29,0.0,172.9,0.0,97.0,2.0,ML,,,,2.4,0.0,2
3609614,2011-11-12T19:47:53Z,-41.62,0.0,174.44,0.0,18.0,2.0,ML,,,,2.7,0.1,14
3609618,2011-11-12T20:02:19Z,-38.86,0.0,178.03,0.0,30.0,1.0,ML,,,,3.0,0.2,19
3609621,2011-11-12T20:08:15Z,-39.51,0.0,175.71,0.0,12.0,0.0,ML,,,,2.0,0.3,14
3609639,2011-11-12T21:06:50Z,-39.51,0.0,175.71,0.0,12.0,0.0,ML,,,,2.1,0.1,10
3690842,2011-11-12T21:07:14Z,-38.19,0.0,177.75,0.0,64.0,3.0,ML,,,,2.2,0.1,5
3609649,2011-11-12T21:39:53Z,-38.11,0.0,176.09,0.0,152.0,4.0,ML,,,,3.3,0.3,19
3689333,2011-11-12T21:41:14Z,-41.35,0.0,172.41,0.0,5.0,0.0,ML,,,,3.4,0.2,15
3609654,2011-11-12T21:53:47Z,-41.35,0.0,172.42,0.0,5.0,0.0,ML,,,,2.7,0.5,5
3609659,2011-11-12T22:06:39Z,-35.95,0.1,178.3,0.1,211.0,8.0,ML,,,,3.8,0.1,9
3609673,2011-11-12T22:52:10Z,-45.29,0.0,166.58,0.0,5.0,0.0,ML,,,,3.4,0.1,9
3609678,2011-11-12T23:06:28Z,-41.62,0.0,174.44,0.0,18.0,1.0,ML,,,,2.6,0.2,9
3609679,2011-11-12T23:09:17Z,-39.4,0.0,177.92,0.0,21.0,3.0,ML,,,,2.4,0.2,7
3609681,2011-11-12T23:14:02Z,-38.57,0.0,175.77,0.0,161.0,2.0,ML,,,,4.1,0.2,54
3609684,2011-11-12T23:26:04Z,-39.8,0.0,176.87,0.0,33.0,1.0,ML,,,,2.3,0.1,7
3609688,2011-11-12T23:39:45Z,-40.8,0.0,172.43,0.0,12.0,0.0,ML,,,,2.9,0.1,5
3609710,2011-11-13T00:58:26Z,-43.52,0.0,172.67,0.0,11.0,2.0,ML,,,,2.3,0.2,4
3610077,2011-11-13T01:00:27Z,-39.11,0.0,177.53,0.0,49.0,1.0,ML,,,,2.7,0.2,8
3609717,2011-11-13T01:19:00Z,-38.0,0.0,176.39,0.0,118.0,4.0,ML,,,,2.7,0.2,5
3609723,2011-11-13T01:32:10Z,-37.85,0.0,179.15,0.0,33.0,0.0,ML,,,,4.2,0.2,74
3609725,2011-11-13T01:40:54Z,-37.79,0.0,178.99,0.1,33.0,0.0,ML,,,,2.3,0.1,5
3609731,2011-11-13T01:56:55Z,-40.47,0.0,175.01,0.0,25.0,4.0,ML,,,,2.2,0.3,6
3609750,2011-11-13T02:52:45Z,-39.51,0.0,175.7,0.0,20.0,2.0,ML,,,,1.7,0.1,4
3609751,2011-11-13T02:56:04Z,-38.74,0.0,175.29,0.0,208.0,3.0,ML,,,,4.4,0.2,57
3609791,2011-11-13T04:45:55Z,-41.41,0.0,172.35,0.0,5.0,0.0,ML,,,,2.1,0.2,4
3609794,2011-11-13T04:54:55Z,-37.41,0.0,177.47,0.0,5.0,0.0,ML,,,,2.5,0.1,5
3610081,2011-11-13T04:55:31Z,-39.78,0.0,176.9,0.0,43.0,2.0,ML,,,,2.6,0.1,10
3609804,2011-11-13T05:28:04Z,-39.71,0.0,175.0,0.0,33.0,0.0,ML,,,,2.3,0.3,5
3609824,2011-11-13T06:30:23Z,-39.71,0.0,175.01,0.0,33.0,0.0,ML,,,,2.3,0.4,10
3609826,2011-11-13T06:36:08Z,-40.25,0.0,175.02,0.0,12.0,0.0,ML,,,,2.4,0.3,16
3609834,2011-11-13T06:55:43Z,-39.67,0.0,176.68,0.0,25.0,5.0,ML,,,,2.0,0.2,7
3609854,2011-11-13T07:48:53Z,-43.55,0.0,172.96,0.0,5.0,0.0,ML,,,,2.9,0.2,5
3609861,2011-11-13T08:08:59Z,-37.7,0.1,176.75,0.1,139.0,6.0,ML,,,,2.8,0.2,5
3690951,2011-11-13T10:19:04Z,-40.92,0.0,172.59,0.0,5.0,0.0,ML,,,,2.1,0.4,5
3609901,2011-11-13T10:19:34Z,-38.06,0.0,176.73,0.0,2.0,0.0,ML,,,,1.1,0.3,2
3691316,2011-11-13T10:28:21Z,-45.29,0.0,166.93,0.0,24.0,1.0,ML,,,,2.1,0.1,3
3609903,2011-11-13T10:28:33Z,-43.47,0.0,172.77,0.0,8.0,1.0,ML,,,,3.0,0.3,7
3609911,2011-11-13T10:56:48Z,-39.01,0.0,177.68,0.0,12.0,0.0,ML,,,,1.9,0.1,9
3609919,2011-11-13T11:15:59Z,-36.32,0.0,-179.76,0.0,33.0,0.0,ML,,,,3.6,0.3,10
3609927,2011-11-13T11:37:50Z,-39.39,0.0,175.36,0.0,16.0,1.0,ML,,,,1.9,0.3,7
3609929,2011-11-13T11:44:33Z,-38.48,0.0,178.75,0.1,33.0,0.0,ML,,,,2.1,0.2,7
3609932,2011-11-13T11:55:35Z,-43.48,0.0,172.68,0.0,5.0,0.0,ML,,,,2.4,0.3,6
3609949,2011-11-13T12:53:38Z,-39.87,0.0,176.93,0.0,32.0,2.0,ML,,,,3.0,0.1,32
3609964,2011-11-13T13:35:54Z,-41.61,0.0,174.35,0.0,12.0,0.0,ML,,,,1.8,0.3,10
3609967,2011-11-13T13:46:56Z,-45.17,0.0,166.94,0.0,12.0,0.0,ML,,,,2.5,0.3,11
3609973,2011-11-13T14:03:48Z,-39.81,0.0,176.69,0.0,43.0,2.0,ML,,,,1.9,0.1,9
3610090,2011-11-13T14:18:27Z,-43.62,0.0,172.38,0.0,9.0,1.0,ML,,,,2.4,0.1,4
3610010,2011-11-13T15:54:11Z,-40.56,0.0,174.81,0.0,43.0,2.0,ML,,,,2.2,0.1,11
3610012,2011-11-13T15:59:59Z,-37.48,0.0,177.13,0.0,90.0,5.0,ML,,,,2.6,0.2,7
3610022,2011-11-13T16:30:26Z,-38.56,0.0,177.83,0.0,20.0,2.0,ML,,,,2.0,0.1,7
3610023,2011-11-13T16:32:47Z,-38.56,0.0,177.83,0.0,17.0,2.0,ML,,,,1.9,0.1,5
3610026,2011-11-13T16:42:51Z,-41.76,0.0,173.2,0.0,49.0,3.0,ML,,,,2.1,0.2,2
3610029,2011-11-13T16:55:47Z,-37.5,0.0,177.92,0.0,5.0,0.0,ML,,,,2.1,0.1,5
3610030,2011-11-13T16:57:20Z,-40.0,0.0,176.63,0.0,33.0,0.0,ML,,,,2.1,0.2,5
3610094,2011-11-13T16:57:34Z,-38.89,0.0,177.86,0.0,31.0,1.0,ML,,,,2.5,0.2,10
3610038,2011-11-13T17:19:42Z,-45.2,0.0,167.09,0.0,12.0,0.0,ML,,,,2.7,0.2,5
3610039,2011-11-13T17:25:02Z,-41.36,0.0,172.42,0.0,5.0,0.0,ML,,,,2.5,0.4,5
3610040,2011-11-13T17:30:46Z,-40.13,0.0,173.52,0.0,164.0,4.0,ML,,,,3.0,0.5,4
3610058,2011-11-13T18:21:43Z,-39.35,0.0,177.04,0.0,31.0,1.0,ML,,,,2.7,0.1,17
3610082,2011-11-13T19:34:19Z,-41.16,0.0,173.29,0.0,92.0,2.0,ML,,,,2.7,0.3,5
3610103,2011-11-13T20:27:31Z,-38.56,0.0,177.83,0.0,16.0,3.0,ML,,,,2.1,0.1,5
3610113,2011-11-13T20:53:18Z,-40.28,0.0,176.6,0.0,50.0,2.0,ML,,,,3.4,0.2,44
3610117,2011-11-13T21:06:04Z,-38.26,0.0,176.34,0.0,5.0,0.0,ML,,,,1.3,0.2,4
3610122,2011-11-13T21:24:22Z,-41.36,0.0,172.41,0.0,5.0,0.0,ML,,,,2.4,0.1,3
3610126,2011-11-13T21:34:58Z,-39.76,0.0,174.2,0.0,53.0,3.0,ML,,,,3.4,0.2,19
3610249,2011-11-13T21:36:15Z,-43.65,0.0,172.36,0.0,7.0,1.0,ML,,,,2.6,0.1,5
3610128,2011-11-13T21:39:36Z,-45.34,0.0,167.22,0.0,67.0,2.0,ML,,,,2.5,0.2,9
3610141,2011-11-13T22:19:42Z,-40.12,0.0,176.57,0.0,48.0,1.0,ML,,,,2.3,0.2,7
3610142,2011-11-13T22:25:17Z,-43.61,0.0,172.65,0.0,6.0,0.0,ML,,,,3.1,0.2,4
3610146,2011-11-13T22:35:08Z,-47.91,0.1,165.97,0.1,33.0,0.0,ML,,,,4.0,0.2,12
3610161,2011-11-13T23:22:35Z,-38.14,0.0,176.7,0.0,5.0,0.0,ML,,,,1.5,0.1,5
3610163,2011-11-13T23:24:43Z,-40.55,0.0,173.56,0.0,140.0,4.0,ML,,,,3.4,0.3,4
3610166,2011-11-13T23:31:44Z,-45.18,0.0,167.03,0.0,12.0,0.0,ML,,,,2.5,0.3,11
3610177,2011-11-13T23:59:18Z,-45.03,0.0,167.41,0.0,93.0,3.0,ML,,,,3.4,0.1,8
3610203,2011-11-14T01:05:17Z,-41.8,0.0,172.14,0.0,5.0,0.0,ML,,,,2.6,0.4,4
3610207,2011-11-14T01:12:23Z,-40.53,0.0,174.87,0.0,23.0,1.0,ML,,,,2.8,0.2,18
3610222,2011-11-14T01:44:01Z,-37.87,0.0,177.31,0.0,63.0,4.0,ML,,,,2.6,0.2,4
3610231,2011-11-14T01:59:37Z,-39.74,0.0,175.91,0.0,48.0,2.0,ML,,,,3.0,0.2,19
3610241,2011-11-14T02:19:57Z,-41.23,0.0,173.14,0.0,107.0,2.0,ML,,,,2.8,0.1,2
3689416,2011-11-14T02:53:38Z,-43.59,0.0,172.51,0.0,6.0,2.0,ML,,,,2.5,0.3,4
3610255,2011-11-14T02:54:48Z,-39.27,0.0,177.1,0.0,33.0,0.0,ML,,,,2.3,0.1,5
3610631,2011-11-14T04:49:06Z,-45.02,0.0,167.54,0.0,68.0,2.0,ML,,,,2.7,0.1,3
3610307,2011-11-14T04:50:13Z,-45.05,0.0,166.74,0.0,12.0,0.0,ML,,,,3.7,0.2,13
3689428,2011-11-14T04:56:59Z,-43.58,0.0,172.69,0.0,8.0,0.0,ML,,,,2.8,0.3,5
3610324,2011-11-14T05:34:30Z,-40.65,0.0,174.37,0.0,72.0,3.0,ML,,,,2.5,0.2,6
3610351,2011-11-14T06:56:33Z,-39.27,0.0,173.77,0.0,15.0,3.0,ML,,,,2.1,0.2,3
3610372,2011-11-14T07:52:53Z,-38.78,0.0,176.73,0.0,5.0,0.0,ML,,,,2.2,0.3,10
3610376,2011-11-14T08:06:05Z,-38.23,0.0,177.2,0.0,55.0,2.0,ML,,,,3.1,0.1,16
3610387,2011-11-14T08:27:44Z,-42.69,0.0,172.69,0.0,33.0,0.0,ML,,,,2.5,0.4,6
3610388,2011-11-14T08:33:43Z,-38.17,0.0,178.91,0.0,33.0,0.0,ML,,,,2.4,0.1,10
3610395,2011-11-14T08:53:56Z,-38.58,0.0,176.85,0.0,62.0,3.0,ML,,,,1.8,0.1,3
3610396,2011-11-14T08:55:55Z,-39.65,0.0,176.7,0.0,31.0,1.0,ML,,,,1.7,0.1,6
3610410,2011-11-14T09:30:08Z,-43.56,0.0,171.95,0.0,5.0,0.0,ML,,,,2.2,0.1,6
3610432,2011-11-14T10:34:19Z,-37.84,0.0,178.44,0.0,17.0,3.0,ML,,,,2.5,0.2,6
3610450,2011-11-14T11:23:26Z,-45.25,0.0,167.18,0.0,29.0,3.0,ML,,,,2.3,0.3,7
3610453,2011-11-14T11:33:43Z,-41.36,0.0,172.41,0.0,5.0,0.0,ML,,,,2.5,0.4,8
3610465,2011-11-14T12:16:21Z,-39.98,0.0,176.64,0.0,48.0,3.0,ML,,,,2.0,0.2,7
3610466,2011-11-14T12:17:36Z,-39.55,0.0,177.07,0.0,27.0,1.0,ML,,,,2.8,0.2,16
3610472,2011-11-14T12:37:07Z,-43.55,0.0,172.9,0.0,5.0,0.0,ML,,,,2.8,0.3,11
3610474,2011-11-14T12:42:55Z,-36.98,0.0,177.36,0.0,133.0,3.0,ML,,,,3.4,0.2,10
3610482,2011-11-14T13:01:30Z,-43.59,0.0,172.37,0.0,9.0,2.0,ML,,,,2.3,0.1,3
3610498,2011-11-14T13:55:48Z,-38.01,0.0,176.02,0.0,162.0,5.0,ML,,,,3.2,0.2,32
3610504,2011-11-14T14:13:01Z,-44.6,0.0,168.13,0.0,79.0,3.0,ML,,,,2.6,0.2,4
3610519,2011-11-14T14:53:46Z,-44.17,0.0,168.59,0.0,5.0,0.0,ML,,,,2.6,0.2,4
3610523,2011-11-14T15:02:04Z,-39.5,0.0,174.4,0.0,141.0,3.0,ML,,,,2.8,0.3,13
3610524,2011-11-14T15:04:21Z,-39.48,0.0,177.1,0.0,38.0,3.0,ML,,,,2.2,0.2,8
3610530,2011-11-14T15:16:26Z,-41.02,0.0,175.41,0.0,28.0,1.0,ML,,,,2.0,0.2,11
3610536,2011-11-14T15:37:56Z,-42.41,0.0,172.56,0.0,22.0,0.0,ML,,,,1.9,0.1,3
3610538,2011-11-14T15:50:29Z,-41.08,0.0,174.22,0.0,48.0,2.0,ML,,,,2.3,0.1,9
3610547,2011-11-14T16:15:16Z,-45.11,0.0,167.37,0.0,58.0,3.0,ML,,,,2.4,0.2,11
3610555,2011-11-14T16:31:13Z,-38.76,0.0,176.03,0.0,108.0,2.0,ML,,,,3.8,0.3,50
3610607,2011-11-14T18:52:31Z,-41.09,0.0,175.07,0.0,29.0,1.0,ML,,,,2.2,0.3,9
3610612,2011-11-14T19:09:15Z,-44.94,0.0,167.58,0.0,77.0,3.0,ML,,,,2.6,0.2,12
3610622,2011-11-14T19:30:28Z,-39.95,0.0,175.35,0.0,99.0,2.0,ML,,,,2.7,0.1,6
3610661,2011-11-14T21:04:47Z,-41.39,0.0,172.22,0.0,5.0,0.0,ML,,,,2.5,0.3,4
3610686,2011-11-14T21:56:27Z,-45.03,0.0,167.59,0.0,108.0,3.0,ML,,,,2.9,0.3,6
3610700,2011-11-14T22:42:26Z,-40.02,0.0,176.72,0.0,49.0,4.0,ML,,,,2.4,0.1,8
3610703,2011-11-14T22:50:24Z,-40.38,0.0,175.91,0.0,27.0,1.0,ML,,,,2.1,0.1,11
3610724,2011-11-14T23:49:20Z,-43.46,0.0,170.96,0.0,12.0,0.0,ML,,,,2.8,0.2,8
3610734,2011-11-15T00:18:24Z,-43.44,0.0,172.76,0.1,5.0,0.0,ML,,,,1.9,0.1,2
3610753,2011-11-15T01:03:23Z,-41.28,0.0,172.52,0.0,205.0,4.0,ML,,,,3.4,0.1,4
3610760,2011-11-15T01:24:13Z,-37.93,0.0,176.79,0.0,5.0,0.0,ML,,,,2.4,0.2,10
3610764,2011-11-15T01:33:51Z,-40.89,0.0,176.04,0.0,32.0,1.0,ML,,,,2.4,0.1,10
3610774,2011-11-15T02:00:27Z,-40.27,0.0,175.08,0.0,26.0,1.0,ML,,,,2.4,0.1,5
3610776,2011-11-15T02:03:35Z,-41.22,0.0,172.89,0.0,110.0,3.0,ML,,,,3.0,0.5,3
3610789,2011-11-15T02:46:02Z,-38.87,0.0,177.31,0.0,33.0,1.0,ML,,,,2.7,0.1,15
3610819,2011-11-15T03:57:45Z,-37.8,0.0,176.73,0.0,5.0,0.0,ML,,,,2.2,0.1,8
3610829,2011-11-15T04:20:42Z,-38.35,0.0,177.48,0.0,45.0,2.0,ML,,,,3.2,0.2,17
3610840,2011-11-15T04:49:34Z,-37.57,0.0,177.4,0.0,107.0,3.0,ML,,,,3.2,0.2,8
3610855,2011-11-15T05:35:12Z,-37.8,0.0,176.74,0.0,5.0,0.0,ML,,,,2.0,0.1,5
3610859,2011-11-15T05:45:32Z,-39.22,0.0,174.42,0.0,18.0,2.0,ML,,,,2.0,0.1,9
3610890,2011-11-15T07:06:18Z,-43.59,0.0,172.68,0.0,6.0,1.0,ML,,,,2.6,0.1,4
3610915,2011-11-15T08:01:41Z,-36.86,0.0,177.04,0.0,173.0,5.0,ML,,,,3.9,0.2,24
3610920,2011-11-15T08:18:02Z,-36.71,0.0,177.44,0.0,157.0,3.0,ML,,,,3.6,0.2,15
3610934,2011-11-15T09:00:09Z,-39.99,0.0,176.85,0.0,44.0,2.0,ML,,,,2.4,0.1,10
3610942,2011-11-15T09:24:59Z,-39.19,0.0,175.42,0.0,104.0,2.0,ML,,,,2.9,0.3,19
3610943,2011-11-15T09:29:01Z,-39.41,0.0,177.27,0.0,33.0,0.0,ML,,,,2.5,0.1,7
3610953,2011-11-15T09:56:49Z,-39.36,0.0,175.36,0.0,17.0,2.0,ML,,,,1.9,0.1,4
3610962,2011-11-15T10:22:00Z,-41.23,0.0,172.31,0.0,5.0,0.0,ML,,,,2.3,0.3,5
3610987,2011-11-15T11:24:54Z,-37.87,0.0,176.31,0.1,157.0,4.0,ML,,,,3.3,0.3,15
3611011,2011-11-15T12:31:48Z,-43.52,0.0,171.93,0.0,12.0,0.0,ML,,,,2.9,0.3,7
3611086,2011-11-15T15:45:44Z,-41.29,0.0,175.29,0.0,25.0,1.0,ML,,,,2.0,0.1,5
3611102,2011-11-15T16:31:44Z,-38.04,0.0,177.28,0.0,57.0,2.0,ML,,,,2.4,0.2,4
3611110,2011-11-15T16:59:55Z,-38.95,0.0,176.74,0.0,52.0,2.0,ML,,,,3.1,0.2,18
3611152,2011-11-15T19:00:47Z,-40.46,0.0,173.85,0.0,88.0,6.0,ML,,,,2.3,0.1,3
3611190,2011-11-15T20:32:02Z,-41.63,0.0,174.3,0.0,12.0,0.0,ML,,,,2.5,0.3,7
3611202,2011-11-15T21:07:31Z,-41.63,0.0,174.31,0.0,12.0,0.0,ML,,,,2.6,0.2,9
3611235,2011-11-15T22:28:20Z,-37.48,0.0,179.78,0.0,12.0,0.0,ML,,,,4.1,0.2,24
3611247,2011-11-15T23:00:22Z,-40.28,0.0,176.25,0.0,50.0,4.0,ML,,,,2.5,0.1,6
3611286,2011-11-16T00:45:29Z,-37.41,0.0,179.8,0.0,12.0,0.0,ML,,,,4.4,0.2,65
3611295,2011-11-16T01:01:16Z,-40.9,0.0,174.14,0.0,52.0,2.0,ML,,,,2.3,0.1,4
3611299,2011-11-16T01:08:44Z,-37.46,0.0,177.11,0.0,5.0,0.0,ML,,,,2.4,0.1,6
3611315,2011-11-16T01:09:05Z,-37.55,0.0,179.76,0.0,5.0,0.0,ML,,,,3.9,0.1,20
3611310,2011-11-16T01:30:43Z,-37.55,0.0,179.76,0.0,12.0,0.0,ML,,,,3.6,0.2,13
3691413,2011-11-16T01:31:12Z,-37.56,0.0,179.75,0.0,12.0,0.0,ML,,,,3.8,0.2,15
3611330,2011-11-16T02:16:17Z,-37.75,0.0,176.82,0.0,5.0,0.0,ML,,,,2.3,0.1,5
3611334,2011-11-16T02:28:13Z,-37.56,0.0,179.76,0.0,12.0,0.0,ML,,,,3.9,0.2,25
3691422,2011-11-16T02:28:48Z,-37.56,0.0,179.7,0.0,12.0,0.0,ML,,,,4.2,0.2,35
3611338,2011-11-16T02:37:30Z,-43.45,0.0,172.09,0.0,5.0,0.0,ML,,,,2.6,0.2,3
3611345,2011-11-16T02:51:24Z,-40.46,0.0,175.76,0.0,32.0,1.0,ML,,,,2.2,0.1,6
3611353,2011-11-16T03:07:37Z,-36.06,0.1,177.65,0.1,205.0,8.0,ML,,,,3.9,0.2,18
3611364,2011-11-16T03:35:19Z,-43.57,0.0,172.64,0.0,5.0,0.0,ML,,,,3.2,0.2,6
3611381,2011-11-16T04:15:42Z,-37.52,0.1,179.78,0.0,12.0,0.0,ML,,,,3.5,0.1,9
3611391,2011-11-16T04:40:35Z,-37.53,0.0,179.75,0.0,12.0,0.0,ML,,,,3.8,0.1,22
3611395,2011-11-16T04:55:08Z,-36.59,0.0,177.36,0.0,33.0,0.0,ML,,,,3.2,0.2,4
3611404,2011-11-16T05:15:33Z,-38.95,0.0,178.13,0.0,24.0,1.0,ML,,,,2.5,0.1,5
3611407,2011-11-16T05:16:58Z,-41.03,0.0,175.01,0.0,33.0,0.0,ML,,,,2.2,0.1,10
3611431,2011-11-16T06:24:58Z,-39.27,0.0,173.84,0.0,22.0,2.0,ML,,,,2.2,0.1,5
3611452,2011-11-16T07:18:42Z,-38.96,0.0,178.08,0.0,28.0,1.0,Mw,4.6,nan,0,4.6,0.2,109
3611501,2011-11-16T07:27:57Z,-38.93,0.0,178.05,0.0,26.0,1.0,ML,,,,3.5,0.3,29
3611491,2011-11-16T07:28:44Z,-38.97,0.0,178.11,0.0,25.0,1.0,Mw,4.3,nan,0,4.3,0.3,29
3611453,2011-11-16T07:29:10Z,-38.93,0.0,177.97,0.0,27.0,1.0,ML,,,,4.4,0.3,38
3611459,2011-11-16T07:37:28Z,-38.91,0.0,178.0,0.0,28.0,1.0,ML,,,,2.9,0.2,13
3611463,2011-11-16T07:43:01Z,-38.92,0.0,178.03,0.0,27.0,1.0,ML,,,,3.1,0.2,23
3611464,2011-11-16T07:46:52Z,-38.92,0.0,178.04,0.0,27.0,1.0,ML,,,,2.9,0.2,11
3611467,2011-11-16T07:54:00Z,-38.94,0.0,178.05,0.0,23.0,2.0,ML,,,,2.4,0.1,8
3611468,2011-11-16T07:55:15Z,-38.93,0.0,178.01,0.0,28.0,1.0,ML,,,,2.7,0.2,7
3611471,2011-11-16T08:03:39Z,-38.94,0.0,178.04,0.0,27.0,1.0,ML,,,,3.3,0.2,32
3611473,2011-11-16T08:08:33Z,-39.31,0.0,174.23,0.0,12.0,0.0,ML,,,,2.1,0.2,3
3611474,2011-11-16T08:11:06Z,-39.65,0.0,174.11,0.0,231.0,3.0,ML,,,,3.5,0.2,14
3611476,2011-11-16T08:16:20Z,-38.91,0.0,177.97,0.0,26.0,1.0,ML,,,,2.9,0.2,13
3611483,2011-11-16T08:27:21Z,-40.41,0.0,176.15,0.0,33.0,1.0,ML,,,,3.3,0.2,46
3611485,2011-11-16T08:33:17Z,-38.98,0.0,178.1,0.0,27.0,1.0,ML,,,,2.4,0.1,5
3611488,2011-11-16T08:41:49Z,-38.92,0.0,178.0,0.0,28.0,1.0,ML,,,,3.0,0.2,19
3611748,2011-11-16T08:42:26Z,-39.28,0.0,175.26,0.0,159.0,1.0,ML,,,,3.2,0.4,8
3611493,2011-11-16T08:53:31Z,-38.92,0.0,178.01,0.0,26.0,1.0,ML,,,,2.5,0.2,6
3611495,2011-11-16T08:56:36Z,-38.94,0.0,178.02,0.0,29.0,2.0,ML,,,,2.1,0.2,6
3611496,2011-11-16T08:59:03Z,-38.91,0.0,178.0,0.0,12.0,0.0,ML,,,,2.1,0.1,5
3611498,2011-11-16T09:02:31Z,-39.02,0.0,178.2,0.0,12.0,0.0,ML,,,,2.3,0.1,4
3611500,2011-11-16T09:05:37Z,-37.44,0.0,179.85,0.0,33.0,0.0,ML,,,,4.2,0.2,60
3611504,2011-11-16T09:16:33Z,-38.93,0.0,178.02,0.0,26.0,1.0,ML,,,,2.5,0.1,10
3611505,2011-11-16T09:19:39Z,-45.49,0.0,167.06,0.0,84.0,3.0,ML,,,,2.7,0.4,7
3611752,2011-11-16T09:19:43Z,-38.96,0.0,178.06,0.0,27.0,1.0,ML,,,,2.4,0.1,5
3611507,2011-11-16T09:25:24Z,-39.3,0.0,174.25,0.0,5.0,0.0,ML,,,,2.4,0.3,12
3611511,2011-11-16T09:33:07Z,-45.34,0.0,167.48,0.1,75.0,5.0,ML,,,,2.5,0.1,4
3611758,2011-11-16T09:35:48Z,-38.92,0.0,178.01,0.0,28.0,1.0,ML,,,,2.7,0.1,11
3611512,2011-11-16T09:37:54Z,-38.92,0.0,178.02,0.0,26.0,1.0,ML,,,,2.5,0.1,10
3611513,2011-11-16T09:39:46Z,-38.92,0.0,178.01,0.0,27.0,1.0,ML,,,,2.6,0.1,8
3611527,2011-11-16T10:10:08Z,-38.91,0.0,178.01,0.0,27.0,1.0,ML,,,,2.8,0.2,14
3611532,2011-11-16T10:21:51Z,-43.49,0.0,172.16,0.0,7.0,1.0,ML,,,,2.9,0.2,5
3611536,2011-11-16T10:28:59Z,-37.38,0.0,177.7,0.0,88.0,3.0,ML,,,,2.4,0.2,4
3611537,2011-11-16T10:32:24Z,-38.93,0.0,178.03,0.0,27.0,1.0,ML,,,,3.2,0.2,28
3611539,2011-11-16T10:39:10Z,-38.91,0.0,178.02,0.0,27.0,1.0,ML,,,,2.8,0.2,13
3611545,2011-11-16T10:48:31Z,-38.93,0.0,178.02,0.0,27.0,1.0,ML,,,,2.5,0.2,4
3611550,2011-11-16T11:03:06Z,-38.93,0.0,178.0,0.0,26.0,1.0,ML,,,,2.2,0.2,6
3611560,2011-11-16T11:36:14Z,-46.04,0.0,166.73,0.0,46.0,4.0,ML,,,,2.5,0.3,6
3611563,2011-11-16T11:45:55Z,-39.65,0.0,176.94,0.0,33.0,0.0,ML,,,,2.0,0.1,4
3611565,2011-11-16T11:51:44Z,-39.3,0.0,175.11,0.0,29.0,1.0,ML,,,,2.4,0.1,13
3611767,2011-11-16T11:52:48Z,-43.6,0.0,172.49,0.0,5.0,0.0,ML,,,,2.3,0.2,3
3611570,2011-11-16T12:03:28Z,-38.92,0.0,178.01,0.0,29.0,1.0,ML,,,,3.4,0.2,30
3611571,2011-11-16T12:06:34Z,-38.94,0.0,178.03,0.0,27.0,2.0,ML,,,,2.3,0.2,5
3611572,2011-11-16T12:08:09Z,-38.9,0.0,178.0,0.0,26.0,1.0,ML,,,,2.4,0.2,7
3611576,2011-11-16T12:14:14Z,-45.06,0.0,167.35,0.0,115.0,3.0,ML,,,,3.4,0.2,12
3611581,2011-11-16T12:26:17Z,-38.9,0.0,177.97,0.0,25.0,2.0,ML,,,,2.3,0.1,5
3611584,2011-11-16T12:35:25Z,-38.91,0.0,177.99,0.0,21.0,3.0,ML,,,,2.3,0.2,5
3611590,2011-11-16T12:47:57Z,-45.05,0.0,167.46,0.0,79.0,2.0,ML,,,,2.7,0.3,10
3611594,2011-11-16T13:00:13Z,-38.3,0.0,175.88,0.0,153.0,4.0,ML,,,,3.3,0.2,5
3611629,2011-11-16T14:25:37Z,-38.93,0.0,178.1,0.0,30.0,2.0,ML,,,,2.2,0.3,3
3611634,2011-11-16T14:41:03Z,-38.92,0.0,178.0,0.0,28.0,1.0,ML,,,,2.6,0.1,10
3611661,2011-11-16T15:48:22Z,-37.78,0.0,176.76,0.0,2.0,0.0,ML,,,,2.3,0.2,13
3611667,2011-11-16T16:00:55Z,-38.93,0.0,177.99,0.0,28.0,1.0,ML,,,,2.6,0.2,9
3611670,2011-11-16T16:06:29Z,-38.34,0.0,179.18,0.1,33.0,0.0,ML,,,,2.5,0.2,7
3611674,2011-11-16T16:16:18Z,-38.92,0.0,178.0,0.0,28.0,1.0,ML,,,,2.6,0.1,8
3611686,2011-11-16T16:49:20Z,-44.92,0.0,167.48,0.0,73.0,3.0,ML,,,,2.6,0.2,8
3611693,2011-11-16T17:07:21Z,-39.73,0.0,176.86,0.0,47.0,2.0,ML,,,,2.5,0.1,5
3611695,2011-11-16T17:11:32Z,-38.95,0.0,178.07,0.0,28.0,1.0,ML,,,,2.3,0.2,6
3611739,2011-11-16T19:09:16Z,-43.62,0.0,172.54,0.0,5.0,0.0,ML,,,,2.6,0.2,4
3611773,2011-11-16T19:10:22Z,-37.71,0.1,179.32,0.1,33.0,0.0,ML,,,,2.9,0.3,4
3611744,2011-11-16T19:26:12Z,-40.01,0.0,173.24,0.0,12.0,0.0,ML,,,,2.9,0.2,10
3611776,2011-11-16T20:28:24Z,-38.91,0.0,177.97,0.0,25.0,1.0,ML,,,,2.3,0.1,4
3611779,2011-11-16T20:35:32Z,-38.35,0.0,178.91,0.0,12.0,0.0,ML,,,,2.7,0.2,4
3611782,2011-11-16T20:44:11Z,-37.26,0.0,177.75,0.0,43.0,5.0,ML,,,,3.1,0.2,11
3611789,2011-11-16T21:02:05Z,-38.91,0.0,178.02,0.0,26.0,1.0,ML,,,,2.7,0.1,9
3611792,2011-11-16T21:07:56Z,-39.93,0.0,175.3,0.0,28.0,1.0,ML,,,,2.5,0.1,9
3611796,2011-11-16T21:17:08Z,-38.91,0.0,177.97,0.0,24.0,2.0,ML,,,,2.3,0.2,5
3611804,2011-11-16T21:40:37Z,-43.55,0.0,172.3,0.0,5.0,0.0,ML,,,,3.0,0.2,4
3611815,2011-11-16T22:06:10Z,-40.37,0.0,176.3,0.0,33.0,0.0,ML,,,,3.0,0.2,22
3611817,2011-11-16T22:10:38Z,-40.35,0.0,176.3,0.0,33.0,0.0,ML,,,,2.4,0.1,7
3611818,2011-11-16T22:13:21Z,-38.91,0.0,177.95,0.0,17.0,2.0,ML,,,,2.2,0.1,5
3611822,2011-11-16T22:26:15Z,-38.94,0.0,177.96,0.0,26.0,2.0,ML,,,,2.3,0.2,4
3611847,2011-11-16T23:36:37Z,-37.13,0.0,177.36,0.0,137.0,4.0,ML,,,,4.6,0.2,56
3611850,2011-11-16T23:47:47Z,-38.92,0.0,177.96,0.0,22.0,2.0,ML,,,,2.3,0.2,5
3691408,2011-11-17T00:03:52Z,-38.91,0.0,177.91,0.0,12.0,0.0,ML,,,,2.1,0.1,4
3611857,2011-11-17T00:05:16Z,-43.6,0.0,172.76,0.0,7.0,0.0,Mw,3.7,nan,0,4.2,0.2,5
3611861,2011-11-17T00:12:21Z,-38.92,0.0,177.99,0.0,27.0,2.0,ML,,,,2.6,0.1,7
3611870,2011-11-17T00:37:02Z,-41.43,0.0,175.53,0.0,14.0,1.0,ML,,,,2.0,0.2,7
3611878,2011-11-17T00:56:19Z,-37.47,0.0,178.5,0.0,69.0,2.0,ML,,,,3.3,0.2,12
3611892,2011-11-17T01:29:39Z,-43.54,0.0,172.74,0.0,9.0,2.0,ML,,,,2.7,0.2,4
3611897,2011-11-17T01:40:02Z,-38.96,0.0,178.11,0.0,27.0,1.0,ML,,,,2.8,0.1,7
3691425,2011-11-17T02:37:54Z,-38.93,0.0,177.99,0.0,26.0,2.0,ML,,,,2.6,0.2,8
3611924,2011-11-17T02:42:50Z,-37.52,0.1,179.81,0.1,33.0,0.0,ML,,,,3.3,0.2,7
3612326,2011-11-17T03:06:20Z,-36.61,0.1,177.33,0.1,147.0,16.0,ML,,,,3.4,0.2,9
3611935,2011-11-17T03:06:40Z,-38.91,0.0,177.96,0.0,12.0,0.0,ML,,,,2.4,0.1,8
3611948,2011-11-17T03:39:21Z,-38.93,0.0,178.0,0.0,28.0,1.0,ML,,,,3.0,0.2,16
3611962,2011-11-17T04:09:59Z,-43.2,0.0,170.87,0.0,5.0,0.0,ML,,,,2.8,0.2,4
3611980,2011-11-17T04:48:42Z,-44.93,0.0,167.74,0.1,84.0,2.0,ML,,,,2.3,0.2,3
3611990,2011-11-17T05:10:49Z,-41.62,0.0,174.3,0.0,21.0,3.0,ML,,,,2.4,0.3,6
3611995,2011-11-17T05:18:17Z,-38.93,0.0,178.0,0.0,27.0,1.0,ML,,,,3.0,0.2,18
3691442,2011-11-17T05:18:47Z,-38.36,0.0,175.49,0.1,253.0,5.0,ML,,,,3.4,0.4,9
3612007,2011-11-17T05:40:33Z,-39.4,0.0,177.06,0.0,16.0,3.0,ML,,,,2.2,0.1,6
3612014,2011-11-17T05:55:55Z,-44.13,0.0,168.81,0.0,5.0,0.0,ML,,,,2.4,0.3,8
3612028,2011-11-17T06:34:20Z,-38.91,0.0,178.02,0.0,25.0,2.0,ML,,,,2.2,0.2,5
3612036,2011-11-17T06:50:41Z,-38.94,0.0,178.0,0.0,29.0,1.0,ML,,,,3.2,0.2,22
3612044,2011-11-17T07:10:35Z,-38.94,0.0,177.99,0.0,27.0,2.0,ML,,,,2.6,0.2,6
3612101,2011-11-17T09:20:24Z,-38.94,0.0,177.97,0.0,26.0,2.0,ML,,,,2.2,0.2,9
3612115,2011-11-17T09:47:58Z,-39.31,0.0,177.96,0.0,28.0,1.0,ML,,,,3.3,0.2,22
3612145,2011-11-17T10:51:09Z,-43.46,0.0,172.78,0.0,10.0,1.0,ML,,,,2.8,0.2,5
3612160,2011-11-17T11:28:29Z,-43.6,0.0,172.48,0.0,5.0,2.0,ML,,,,2.6,0.3,5
3612181,2011-11-17T12:19:02Z,-38.92,0.0,177.98,0.0,27.0,2.0,ML,,,,2.4,0.2,6
3612186,2011-11-17T12:32:49Z,-41.17,0.0,172.55,0.0,187.0,2.0,ML,,,,3.0,0.2,3
3612226,2011-11-17T14:09:37Z,-38.9,0.0,177.93,0.0,22.0,3.0,ML,,,,2.1,0.1,9
3612237,2011-11-17T14:35:27Z,-41.73,0.0,173.8,0.0,14.0,1.0,ML,,,,2.5,0.3,8
3612267,2011-11-17T15:48:12Z,-38.33,0.0,177.65,0.0,59.0,3.0,ML,,,,2.2,0.1,8
3612307,2011-11-17T17:31:22Z,-37.51,0.0,179.71,0.0,33.0,0.0,Mw,4.3,nan,0,4.7,0.2,88
3691940,2011-11-17T17:33:20Z,-37.51,0.0,179.75,0.0,33.0,0.0,ML,,,,3.5,0.2,10
3612309,2011-11-17T17:41:04Z,-39.02,0.0,178.01,0.1,33.0,0.0,ML,,,,2.4,0.2,5
3612310,2011-11-17T17:42:04Z,-37.61,0.0,179.67,0.0,12.0,0.0,ML,,,,2.9,0.1,6
3612312,2011-11-17T17:43:43Z,-37.59,0.0,179.69,0.0,12.0,0.0,ML,,,,3.0,0.1,5
3612313,2011-11-17T17:45:07Z,-37.58,0.0,179.71,0.0,12.0,0.0,ML,,,,2.9,0.1,5
3612315,2011-11-17T17:47:16Z,-37.57,0.0,179.69,0.0,5.0,0.0,ML,,,,3.6,0.2,11
3612322,2011-11-17T18:01:20Z,-37.56,0.0,179.71,0.0,12.0,0.0,ML,,,,3.2,0.2,6
3691958,2011-11-17T18:01:55Z,-37.68,0.0,179.49,0.0,12.0,0.0,ML,,,,3.4,0.1,7
3691992,2011-11-17T18:02:29Z,-37.61,0.0,179.7,0.0,12.0,0.0,ML,,,,3.2,0.2,6
3612330,2011-11-17T18:16:44Z,-37.61,0.0,179.64,0.0,12.0,0.0,ML,,,,3.2,0.1,6
3612337,2011-11-17T18:32:44Z,-39.39,0.0,174.97,0.0,28.0,1.0,ML,,,,2.5,0.1,11
3612347,2011-11-17T18:57:08Z,-43.62,0.0,172.47,0.0,7.0,2.0,ML,,,,2.8,0.2,6
3612353,2011-11-17T19:17:14Z,-42.02,0.0,173.91,0.0,12.0,0.0,ML,,,,3.0,0.2,13
3612367,2011-11-17T19:55:37Z,-47.26,0.1,166.04,0.1,33.0,0.0,ML,,,,3.3,0.3,6
3612368,2011-11-17T19:58:24Z,-43.53,0.0,172.82,0.0,10.0,2.0,ML,,,,3.3,0.2,9
3612372,2011-11-17T20:13:37Z,-37.56,0.0,179.74,0.0,12.0,0.0,ML,,,,3.0,0.2,4
3612390,2011-11-17T21:03:07Z,-41.48,0.0,172.67,0.0,95.0,2.0,ML,,,,2.4,nan,1
3612400,2011-11-17T21:31:14Z,-38.91,0.0,177.98,0.1,20.0,3.0,ML,,,,2.1,0.2,5
3612406,2011-11-17T21:48:53Z,-39.15,0.0,173.71,0.0,12.0,0.0,ML,,,,2.8,0.2,2
3612408,2011-11-17T21:55:07Z,-37.0,0.1,177.23,0.1,130.0,6.0,ML,,,,3.5,0.2,5
3612413,2011-11-17T22:04:43Z,-37.83,0.0,176.13,0.1,142.0,6.0,ML,,,,3.3,0.2,10
3612422,2011-11-17T22:30:59Z,-39.09,0.0,177.72,0.0,12.0,2.0,ML,,,,1.8,0.1,4
3612425,2011-11-17T22:39:52Z,-37.55,0.0,179.7,0.0,12.0,0.0,ML,,,,3.1,0.2,5
3612451,2011-11-17T23:38:31Z,-38.98,0.0,178.1,0.1,24.0,4.0,ML,,,,1.9,0.2,2
3612452,2011-11-17T23:40:10Z,-38.93,0.0,178.01,0.0,26.0,2.0,ML,,,,2.5,0.2,5
3612463,2011-11-18T00:11:48Z,-37.98,0.0,178.58,0.0,33.0,0.0,ML,,,,2.1,0.1,4
3612485,2011-11-18T01:09:52Z,-43.37,0.0,172.19,0.0,5.0,0.0,ML,,,,3.0,0.2,4
3612487,2011-11-18T01:15:47Z,-37.67,0.0,179.61,0.0,12.0,0.0,ML,,,,2.6,0.1,4
3612504,2011-11-18T02:01:48Z,-38.63,0.0,176.06,0.0,5.0,0.0,ML,,,,1.3,0.1,2
3612507,2011-11-18T02:06:31Z,-38.92,0.0,175.75,0.0,8.0,1.0,ML,,,,2.4,0.2,14
3612513,2011-11-18T02:16:33Z,-38.93,0.0,177.99,0.0,28.0,1.0,ML,,,,3.0,0.2,16
3612515,2011-11-18T02:22:23Z,-38.93,0.0,177.94,0.0,27.0,2.0,ML,,,,2.5,0.2,6
3612517,2011-11-18T02:26:02Z,-40.68,0.0,176.25,0.0,30.0,1.0,ML,,,,2.8,0.2,13
3612525,2011-11-18T02:43:51Z,-37.42,0.0,179.91,0.0,33.0,0.0,Mw,5.4,nan,0,5.3,0.2,101
3612526,2011-11-18T02:49:34Z,-38.93,0.0,178.09,0.0,23.0,2.0,ML,,,,2.8,0.2,8
3612528,2011-11-18T02:51:16Z,-37.88,0.0,179.08,0.0,12.0,0.0,ML,,,,3.3,0.3,9
3612529,2011-11-18T02:55:38Z,-37.43,0.0,179.88,0.0,33.0,0.0,ML,,,,4.1,0.2,29
3612527,2011-11-18T02:59:32Z,-37.47,0.1,179.81,0.1,33.0,0.0,ML,,,,3.3,0.1,4
3612532,2011-11-18T03:02:55Z,-37.57,0.1,179.76,0.1,33.0,0.0,ML,,,,3.0,0.2,5
3692451,2011-11-18T03:04:18Z,-37.51,0.0,179.86,0.1,33.0,0.0,ML,,,,3.0,0.2,3
3612533,2011-11-18T03:05:20Z,-37.47,0.1,179.83,0.0,33.0,0.0,ML,,,,3.1,0.2,5
3612534,2011-11-18T03:06:35Z,-37.33,0.0,179.89,0.0,33.0,0.0,ML,,,,4.2,0.2,39
3612536,2011-11-18T03:11:20Z,-37.47,0.0,179.79,0.1,33.0,0.0,ML,,,,3.9,0.2,11
3612895,2011-11-18T03:11:56Z,-37.49,0.1,179.82,0.0,33.0,0.0,ML,,,,4.5,0.2,52
3612538,2011-11-18T03:15:46Z,-37.42,0.0,179.82,0.0,33.0,0.0,ML,,,,4.7,0.2,69
3612539,2011-11-18T03:25:46Z,-40.98,0.0,175.57,0.0,9.0,1.0,ML,,,,2.1,0.1,5
3612541,2011-11-18T03:28:54Z,-37.5,0.1,179.82,0.0,33.0,0.0,ML,,,,3.2,0.1,4
3612542,2011-11-18T03:30:24Z,-37.45,0.0,179.86,0.0,33.0,0.0,ML,,,,3.5,0.1,9
3612544,2011-11-18T03:38:14Z,-37.44,0.0,179.8,0.0,12.0,0.0,ML,,,,4.2,0.2,31
3612552,2011-11-18T03:54:37Z,-37.51,0.0,179.92,0.0,33.0,0.0,ML,,,,3.7,0.2,13
3612553,2011-11-18T03:57:25Z,-37.63,0.1,179.75,0.1,33.0,0.0,ML,,,,3.2,0.2,10
3612558,2011-11-18T04:11:43Z,-37.51,0.0,179.8,0.0,33.0,0.0,ML,,,,4.5,0.2,64
3612560,2011-11-18T04:14:17Z,-37.38,0.0,179.78,0.0,33.0,0.0,ML,,,,4.2,0.2,45
3612567,2011-11-18T04:34:03Z,-37.41,0.0,179.98,0.0,33.0,0.0,Mw,5.5,nan,0,5.6,0.3,119
3692514,2011-11-18T04:39:07Z,-37.51,0.0,179.76,0.0,33.0,0.0,ML,,,,3.8,0.3,21
3612570,2011-11-18T04:42:51Z,-37.45,0.0,179.85,0.0,33.0,0.0,ML,,,,4.1,0.2,32
3612572,2011-11-18T04:45:51Z,-39.29,0.0,176.69,0.0,45.0,3.0,ML,,,,2.2,0.1,6
3612574,2011-11-18T04:54:12Z,-37.6,0.1,179.84,0.0,33.0,0.0,ML,,,,3.3,0.1,5
3612577,2011-11-18T05:00:07Z,-37.42,0.0,179.77,0.0,33.0,0.0,ML,,,,3.3,0.1,6
3612583,2011-11-18T05:13:48Z,-37.52,0.0,179.9,0.0,33.0,0.0,ML,,,,3.2,0.2,6
3612584,2011-11-18T05:17:54Z,-37.48,0.0,179.81,0.0,33.0,0.0,ML,,,,3.5,0.1,6
3612589,2011-11-18T05:33:46Z,-37.48,0.0,179.86,0.0,33.0,0.0,ML,,,,3.2,0.1,5
3612591,2011-11-18T05:38:54Z,-37.48,0.0,179.77,0.0,12.0,0.0,ML,,,,4.0,0.2,36
3612595,2011-11-18T05:49:22Z,-38.94,0.0,177.99,0.0,26.0,2.0,ML,,,,2.6,0.1,7
3612603,2011-11-18T06:01:55Z,-37.29,0.1,179.89,0.0,33.0,0.0,ML,,,,4.3,0.2,56
3612605,2011-11-18T06:10:37Z,-37.6,0.1,179.66,0.1,33.0,0.0,ML,,,,3.3,0.2,5
3612610,2011-11-18T06:23:02Z,-37.48,0.1,179.75,0.1,33.0,0.0,ML,,,,3.3,0.1,5
3695109,2011-11-18T06:25:00Z,-41.78,0.0,173.72,0.0,10.0,2.0,ML,,,,2.2,0.3,6
3612624,2011-11-18T07:01:43Z,-39.54,0.0,177.81,0.0,33.0,0.0,ML,,,,2.8,0.1,11
3612629,2011-11-18T07:17:52Z,-37.44,0.0,179.92,0.0,33.0,0.0,ML,,,,3.1,0.1,7
3612630,2011-11-18T07:19:36Z,-37.49,0.1,179.9,0.0,33.0,0.0,ML,,,,3.1,0.2,11
3612633,2011-11-18T07:31:57Z,-37.4,0.1,179.9,0.1,33.0,0.0,ML,,,,3.5,0.2,9
3612634,2011-11-18T07:33:06Z,-37.43,0.0,-179.97,0.1,33.0,0.0,ML,,,,4.1,0.2,48
3612638,2011-11-18T07:46:53Z,-37.4,0.0,179.75,0.0,33.0,0.0,ML,,,,3.5,0.3,8
3612641,2011-11-18T07:51:21Z,-37.44,0.0,179.95,0.0,33.0,0.0,Mw,5.8,nan,0,5.7,0.2,126
3695131,2011-11-18T07:56:31Z,-37.45,0.1,179.67,0.1,33.0,0.0,ML,,,,4.3,0.4,29
3612644,2011-11-18T08:01:56Z,-37.52,0.0,179.85,0.0,33.0,0.0,ML,,,,3.7,0.4,12
3695166,2011-11-18T08:02:21Z,-37.57,0.1,179.85,0.1,33.0,0.0,ML,,,,3.8,0.2,14
3695170,2011-11-18T08:04:31Z,-37.52,0.0,179.86,0.0,33.0,0.0,ML,,,,3.5,0.2,9
3695179,2011-11-18T08:05:05Z,-37.42,0.1,179.72,0.1,33.0,0.0,ML,,,,3.7,0.2,12
3695185,2011-11-18T08:05:50Z,-37.47,0.1,179.69,0.0,33.0,0.0,ML,,,,3.6,0.2,12
3612646,2011-11-18T08:08:08Z,-37.33,0.1,179.83,0.0,33.0,0.0,ML,,,,3.8,0.2,18
3612647,2011-11-18T08:11:09Z,-37.5,0.0,179.79,0.0,33.0,0.0,ML,,,,3.6,0.2,17
3696135,2011-11-18T08:11:50Z,-37.47,0.1,179.69,0.0,33.0,0.0,ML,,,,3.6,0.2,17
3612648,2011-11-18T08:13:41Z,-37.54,0.1,179.83,0.1,33.0,0.0,ML,,,,3.6,0.2,10
3612649,2011-11-18T08:17:11Z,-37.47,0.0,179.88,0.0,33.0,0.0,ML,,,,3.4,0.2,12
3696151,2011-11-18T08:19:07Z,-37.45,0.0,179.78,0.0,33.0,0.0,ML,,,,3.4,0.2,11
3612652,2011-11-18T08:21:02Z,-37.52,0.0,179.73,0.0,33.0,0.0,ML,,,,4.4,0.2,74
3696176,2011-11-18T08:22:54Z,-37.49,0.0,179.41,0.0,33.0,0.0,ML,,,,3.8,0.2,28
3612655,2011-11-18T08:27:02Z,-37.49,0.0,179.88,0.0,33.0,0.0,ML,,,,4.2,0.2,48
3612656,2011-11-18T08:29:22Z,-37.45,0.0,179.91,0.0,33.0,0.0,ML,,,,4.4,0.2,65
3698314,2011-11-18T08:31:12Z,-37.43,0.0,179.9,0.0,33.0,0.0,ML,,,,3.5,0.1,6
3612658,2011-11-18T08:32:46Z,-37.49,0.0,179.89,0.0,33.0,0.0,ML,,,,4.4,0.3,49
3612659,2011-11-18T08:36:00Z,-44.97,0.0,167.61,0.0,88.0,4.0,ML,,,,2.8,0.2,11
3612660,2011-11-18T08:39:27Z,-37.4,0.1,179.84,0.0,33.0,0.0,ML,,,,3.4,0.2,11
3612661,2011-11-18T08:42:29Z,-37.41,0.0,179.84,0.0,33.0,0.0,ML,,,,3.6,0.2,14
3612665,2011-11-18T08:53:35Z,-37.53,0.1,179.83,0.1,33.0,0.0,ML,,,,3.0,0.2,8
3612666,2011-11-18T08:55:17Z,-37.47,0.0,179.88,0.0,33.0,0.0,ML,,,,4.1,0.2,54
3698331,2011-11-18T08:57:17Z,-37.5,0.0,179.8,0.0,33.0,0.0,ML,,,,3.2,0.2,10
3612667,2011-11-18T08:59:02Z,-37.53,0.1,179.77,0.0,33.0,0.0,ML,,,,3.0,0.2,6
3612668,2011-11-18T09:01:39Z,-37.52,0.0,179.82,0.0,33.0,0.0,ML,,,,3.1,0.2,5
3612669,2011-11-18T09:03:24Z,-37.33,0.1,179.75,0.0,33.0,0.0,ML,,,,3.1,0.1,8
3698345,2011-11-18T09:04:21Z,-37.47,0.1,179.77,0.0,33.0,0.0,ML,,,,3.0,0.2,7
3612670,2011-11-18T09:07:02Z,-41.1,0.0,174.88,0.0,29.0,1.0,ML,,,,2.5,0.1,11
3612920,2011-11-18T09:07:33Z,-37.44,0.0,179.74,0.0,33.0,0.0,ML,,,,4.3,0.2,64
3612681,2011-11-18T09:42:02Z,-37.45,0.0,179.91,0.0,33.0,0.0,ML,,,,4.0,0.2,27
3612685,2011-11-18T09:52:07Z,-37.44,0.0,179.82,0.0,33.0,0.0,ML,,,,2.9,0.2,13
3612687,2011-11-18T09:56:07Z,-37.47,0.0,179.84,0.0,33.0,0.0,ML,,,,3.2,0.2,9
3612688,2011-11-18T09:58:41Z,-38.52,0.0,178.12,0.0,30.0,1.0,ML,,,,2.6,0.1,12
3612692,2011-11-18T10:08:24Z,-37.49,0.0,179.79,0.0,33.0,0.0,ML,,,,2.7,0.3,8
3698376,2011-11-18T10:15:22Z,-37.51,0.0,179.71,0.0,33.0,0.0,ML,,,,3.5,0.2,13
3612695,2011-11-18T10:16:05Z,-37.58,0.0,179.85,0.0,33.0,0.0,ML,,,,4.7,0.2,92
3612696,2011-11-18T10:19:29Z,-39.6,0.0,175.74,0.0,15.0,2.0,ML,,,,2.8,0.2,27
3612700,2011-11-18T10:24:59Z,-37.56,0.0,179.79,0.0,33.0,0.0,ML,,,,3.0,0.2,6
3612698,2011-11-18T10:27:27Z,-37.42,0.0,179.78,0.0,33.0,0.0,ML,,,,3.7,0.2,16
3612707,2011-11-18T10:41:15Z,-37.41,0.0,179.81,0.0,33.0,0.0,ML,,,,3.0,0.2,5
3698746,2011-11-18T10:42:24Z,-37.53,0.0,179.79,0.0,33.0,0.0,ML,,,,3.4,0.2,10
3612710,2011-11-18T10:47:13Z,-37.48,0.1,179.72,0.1,33.0,0.0,ML,,,,2.8,0.2,7
3698753,2011-11-18T10:50:47Z,-37.35,0.0,179.78,0.0,33.0,0.0,ML,,,,2.9,0.2,8
3612715,2011-11-18T10:55:30Z,-37.47,0.0,179.76,0.0,33.0,0.0,ML,,,,3.6,0.2,11
3612718,2011-11-18T11:03:22Z,-38.92,0.0,178.03,0.0,25.0,1.0,ML,,,,2.4,0.2,7
3612721,2011-11-18T11:12:52Z,-37.54,0.0,179.66,0.1,33.0,0.0,ML,,,,2.7,0.2,10
3612724,2011-11-18T11:22:14Z,-37.43,0.0,179.77,0.0,33.0,0.0,ML,,,,3.2,0.2,8
3612729,2011-11-18T11:31:01Z,-37.5,0.0,179.77,0.0,33.0,0.0,ML,,,,3.3,0.2,10
3612730,2011-11-18T11:35:10Z,-39.14,0.0,175.63,0.0,1.0,0.0,ML,,,,1.7,0.2,5
3612731,2011-11-18T11:36:20Z,-37.48,0.0,179.8,0.0,33.0,0.0,ML,,,,2.9,0.2,7
3612732,2011-11-18T11:37:12Z,-37.47,0.0,179.61,0.0,33.0,0.0,ML,,,,4.3,0.2,63
3612944,2011-11-18T11:39:13Z,-43.52,0.0,172.09,0.0,5.0,0.0,ML,,,,2.7,0.3,7
3612734,2011-11-18T11:43:59Z,-37.44,0.1,179.94,0.0,33.0,0.0,ML,,,,3.6,0.2,12
3612735,2011-11-18T11:49:14Z,-37.51,0.0,179.88,0.0,33.0,0.0,ML,,,,2.8,0.3,6
3698793,2011-11-18T11:55:49Z,-37.57,0.0,179.74,0.1,33.0,0.0,ML,,,,3.2,0.2,9
3612739,2011-11-18T11:57:43Z,-43.6,0.0,172.51,0.0,5.0,0.0,ML,,,,2.1,0.1,3
3612746,2011-11-18T12:18:06Z,-41.21,0.0,175.46,0.0,17.0,0.0,ML,,,,1.8,0.2,6
3612748,2011-11-18T12:22:18Z,-43.28,0.0,172.0,0.0,9.0,1.0,ML,,,,2.8,0.3,7
3698932,2011-11-18T12:23:43Z,-39.29,0.0,175.59,0.0,0.0,0.0,ML,,,,1.0,0.3,3
3612750,2011-11-18T12:24:47Z,-37.47,0.1,179.86,0.0,33.0,0.0,ML,,,,2.7,0.3,5
3698933,2011-11-18T12:26:11Z,-44.15,0.0,168.43,0.0,5.0,0.0,ML,,,,2.2,0.3,7
3612751,2011-11-18T12:29:39Z,-37.5,0.0,179.79,0.0,33.0,0.0,ML,,,,3.3,0.2,9
3612756,2011-11-18T12:36:37Z,-37.4,0.0,179.78,0.0,33.0,0.0,ML,,,,2.9,0.2,8
3612758,2011-11-18T12:44:20Z,-38.81,0.0,178.11,0.0,28.0,1.0,ML,,,,2.0,0.1,5
3612759,2011-11-18T12:47:17Z,-37.48,0.0,179.85,0.0,33.0,0.0,ML,,,,3.1,0.1,7
3612761,2011-11-18T12:53:46Z,-39.28,0.0,175.57,0.0,0.0,0.0,ML,,,,1.2,0.2,3
3612763,2011-11-18T12:55:39Z,-37.47,0.0,179.81,0.0,33.0,0.0,ML,,,,3.6,0.2,16
3698955,2011-11-18T12:58:23Z,-41.56,0.0,174.12,0.0,31.0,1.0,ML,,,,3.4,0.2,37
3612768,2011-11-18T13:09:40Z,-37.44,0.0,179.85,0.0,33.0,0.0,ML,,,,3.0,0.1,7
3612771,2011-11-18T13:15:53Z,-37.4,0.0,179.87,0.0,33.0,0.0,ML,,,,3.8,0.2,25
3612772,2011-11-18T13:18:09Z,-37.5,0.0,179.87,0.0,33.0,0.0,ML,,,,3.8,0.2,17
3612775,2011-11-18T13:26:34Z,-37.57,0.1,179.86,0.0,33.0,0.0,ML,,,,2.8,0.3,6
3612779,2011-11-18T13:42:50Z,-37.45,0.0,179.9,0.0,33.0,0.0,ML,,,,3.9,0.2,25
3612781,2011-11-18T13:51:02Z,-41.65,0.0,174.31,0.0,11.0,2.0,ML,,,,2.4,0.3,12
3700019,2011-11-18T13:52:04Z,-37.46,0.0,179.85,0.0,33.0,0.0,ML,,,,2.8,0.1,6
3612786,2011-11-18T14:07:36Z,-38.95,0.0,178.02,0.0,27.0,2.0,ML,,,,2.9,0.2,12
3612787,2011-11-18T14:11:14Z,-37.44,0.0,179.84,0.0,33.0,0.0,ML,,,,4.0,0.2,28
3612790,2011-11-18T14:19:36Z,-37.42,0.0,179.82,0.0,33.0,0.0,ML,,,,3.7,0.1,19
3612793,2011-11-18T14:26:41Z,-37.53,0.0,179.85,0.0,33.0,0.0,ML,,,,2.7,0.2,6
3612794,2011-11-18T14:32:02Z,-43.37,0.0,170.8,0.0,5.0,0.0,ML,,,,2.2,0.2,6
3612799,2011-11-18T14:46:21Z,-40.84,0.0,174.54,0.0,28.0,2.0,ML,,,,2.3,0.3,9
3612805,2011-11-18T15:00:50Z,-39.32,0.0,175.17,0.0,120.0,3.0,ML,,,,3.0,0.3,21
3612809,2011-11-18T15:12:03Z,-37.35,0.0,179.83,0.0,33.0,0.0,ML,,,,3.7,0.1,16
3612811,2011-11-18T15:14:18Z,-37.31,0.1,-180.0,0.1,33.0,0.0,ML,,,,3.2,0.2,8
3612814,2011-11-18T15:25:31Z,-37.86,0.0,179.05,0.1,33.0,0.0,ML,,,,2.8,0.2,6
3612820,2011-11-18T15:37:18Z,-37.35,0.1,179.86,0.0,33.0,0.0,ML,,,,3.3,0.2,10
3612823,2011-11-18T15:41:59Z,-36.89,0.1,176.71,0.1,157.0,13.0,ML,,,,3.3,0.2,5
3612825,2011-11-18T15:49:04Z,-37.46,0.0,179.82,0.0,33.0,0.0,ML,,,,3.4,0.2,10
3612826,2011-11-18T15:52:15Z,-37.33,0.0,179.89,0.0,33.0,0.0,ML,,,,3.6,0.2,14
3612830,2011-11-18T16:05:06Z,-37.5,0.0,179.88,0.0,33.0,0.0,ML,,,,3.2,0.1,10
3700054,2011-11-18T16:07:12Z,-37.34,0.0,179.83,0.0,33.0,0.0,ML,,,,3.2,0.2,5
3612838,2011-11-18T16:21:56Z,-37.37,0.0,179.89,0.0,33.0,0.0,ML,,,,3.1,0.1,8
3612845,2011-11-18T16:42:39Z,-40.3,0.0,176.19,0.0,47.0,2.0,ML,,,,2.8,0.2,13
3612847,2011-11-18T16:48:06Z,-37.52,0.0,179.83,0.0,33.0,0.0,ML,,,,3.0,0.2,7
3612855,2011-11-18T17:08:36Z,-42.25,0.0,171.32,0.0,5.0,0.0,ML,,,,2.8,0.1,5
3612861,2011-11-18T17:23:06Z,-37.54,0.0,179.82,0.0,33.0,0.0,ML,,,,2.9,0.1,6
3612863,2011-11-18T17:30:51Z,-38.22,0.0,175.89,0.0,167.0,4.0,ML,,,,3.2,0.2,8
3700555,2011-11-18T17:31:34Z,-37.87,0.0,176.06,0.1,161.0,5.0,ML,,,,3.3,0.1,9
3612869,2011-11-18T17:43:48Z,-37.5,0.0,179.89,0.0,33.0,0.0,ML,,,,3.9,0.2,23
3612872,2011-11-18T17:53:46Z,-37.43,0.1,179.96,0.1,33.0,0.0,ML,,,,2.9,0.1,7
3612878,2011-11-18T18:12:01Z,-37.34,0.0,179.87,0.0,33.0,0.0,ML,,,,3.1,0.1,9
3612884,2011-11-18T18:35:07Z,-37.56,0.0,179.92,0.0,33.0,0.0,ML,,,,3.1,0.2,11
3612893,2011-11-18T18:58:33Z,-37.57,0.1,179.86,0.1,33.0,0.0,ML,,,,2.9,0.2,5
3612898,2011-11-18T19:06:56Z,-37.48,0.0,179.9,0.0,33.0,0.0,ML,,,,3.2,0.2,8
3612902,2011-11-18T19:16:40Z,-37.44,0.1,179.76,0.1,33.0,0.0,ML,,,,3.2,0.1,5
3612917,2011-11-18T19:59:35Z,-37.33,0.0,179.86,0.0,33.0,0.0,Mw,4.5,nan,0,4.6,0.2,89
3612922,2011-11-18T20:14:44Z,-39.76,0.0,176.69,0.0,50.0,4.0,ML,,,,2.2,0.1,7
3612926,2011-11-18T20:17:25Z,-37.49,0.0,179.82,0.0,33.0,0.0,ML,,,,4.1,0.2,38
3612928,2011-11-18T20:25:41Z,-37.39,0.0,179.87,0.0,33.0,0.0,ML,,,,3.0,0.1,6
3612934,2011-11-18T20:35:52Z,-37.37,0.0,179.91,0.0,33.0,0.0,ML,,,,4.0,0.2,14
3612938,2011-11-18T20:41:45Z,-37.47,0.1,179.88,0.0,33.0,0.0,ML,,,,3.4,0.1,5
3612943,2011-11-18T20:53:40Z,-37.28,0.0,179.91,0.0,33.0,0.0,ML,,,,4.4,0.2,49
3612945,2011-11-18T20:59:06Z,-37.27,0.0,179.96,0.0,33.0,0.0,ML,,,,4.4,0.2,35
3612948,2011-11-18T21:01:36Z,-37.34,0.1,179.92,0.0,33.0,0.0,ML,,,,3.7,0.2,10
3612949,2011-11-18T21:03:30Z,-39.98,0.0,176.31,0.0,27.0,2.0,ML,,,,2.4,0.2,6
3612950,2011-11-18T21:06:08Z,-37.45,0.1,179.88,0.0,33.0,0.0,ML,,,,3.6,0.2,8
3612953,2011-11-18T21:08:47Z,-37.39,0.1,179.82,0.0,33.0,0.0,ML,,,,3.2,0.2,6
3612954,2011-11-18T21:10:57Z,-37.39,0.0,179.87,0.0,33.0,0.0,ML,,,,3.9,0.2,22
3612956,2011-11-18T21:16:43Z,-37.33,0.0,179.94,0.0,33.0,0.0,ML,,,,3.7,0.2,12
3612962,2011-11-18T21:29:12Z,-37.27,0.0,179.93,0.0,33.0,0.0,ML,,,,4.6,0.2,84
3612964,2011-11-18T21:35:31Z,-37.42,0.0,179.9,0.0,33.0,0.0,ML,,,,3.3,0.1,4
3612966,2011-11-18T21:39:56Z,-45.01,0.0,167.61,0.0,89.0,2.0,ML,,,,2.6,0.2,11
3612969,2011-11-18T21:45:49Z,-42.24,0.0,174.12,0.0,12.0,0.0,ML,,,,2.9,0.4,13
3702158,2011-11-18T21:49:00Z,-37.39,0.0,179.92,0.0,33.0,0.0,ML,,,,3.4,0.2,4
3612972,2011-11-18T21:53:27Z,-37.24,0.0,179.87,0.0,33.0,0.0,ML,,,,3.9,0.2,17
3612973,2011-11-18T21:56:48Z,-39.92,0.0,174.51,0.0,96.0,4.0,ML,,,,3.0,0.4,6
3702165,2011-11-18T21:57:46Z,-37.36,0.1,179.9,0.1,33.0,0.0,ML,,,,3.5,0.2,5
3612974,2011-11-18T21:58:52Z,-37.28,0.0,179.88,0.0,33.0,0.0,ML,,,,4.3,0.2,51
3612981,2011-11-18T22:13:34Z,-37.52,0.0,179.69,0.0,12.0,0.0,ML,,,,2.8,0.2,5
3612982,2011-11-18T22:16:25Z,-37.49,0.0,179.78,0.0,5.0,0.0,ML,,,,3.1,0.2,7
3612983,2011-11-18T22:19:26Z,-37.34,0.0,179.87,0.0,33.0,0.0,ML,,,,3.3,0.2,7
3612986,2011-11-18T22:28:57Z,-37.41,0.0,179.92,0.0,33.0,0.0,ML,,,,4.3,0.3,34
3702672,2011-11-18T22:30:13Z,-37.49,0.0,179.86,0.0,33.0,0.0,ML,,,,3.6,0.2,17
3612987,2011-11-18T22:32:04Z,-37.38,0.0,179.92,0.0,33.0,0.0,ML,,,,3.7,0.2,9
3613001,2011-11-18T23:03:36Z,-38.07,0.0,176.72,0.0,2.0,0.0,ML,,,,2.5,0.2,11
3613002,2011-11-18T23:05:03Z,-37.33,0.0,179.85,0.0,33.0,0.0,ML,,,,4.0,0.2,24
3613006,2011-11-18T23:11:17Z,-37.34,0.0,179.86,0.0,33.0,0.0,ML,,,,4.2,0.3,32
3613004,2011-11-18T23:11:35Z,-43.65,0.0,172.87,0.0,7.0,1.0,ML,,,,3.7,0.2,16
3613005,2011-11-18T23:12:56Z,-37.51,0.0,179.78,0.0,33.0,0.0,ML,,,,4.5,0.2,52
3613013,2011-11-18T23:37:15Z,-37.4,0.0,179.84,0.0,33.0,0.0,ML,,,,3.2,0.2,5
3613021,2011-11-18T23:56:42Z,-37.37,0.1,179.93,0.1,33.0,0.0,ML,,,,3.3,0.1,6
3613454,2011-11-19T00:08:30Z,-37.3,0.0,179.92,0.0,33.0,0.0,ML,,,,3.5,0.2,6
3613026,2011-11-19T00:09:02Z,-38.07,0.0,176.72,0.0,2.0,0.0,ML,,,,1.7,0.1,2
3613029,2011-11-19T00:17:28Z,-38.07,0.0,176.73,0.0,2.0,0.0,ML,,,,2.0,0.2,4
3613456,2011-11-19T00:17:46Z,-39.33,0.0,175.04,0.0,23.0,2.0,ML,,,,2.5,0.1,11
3613035,2011-11-19T00:30:35Z,-37.41,0.0,179.78,0.0,33.0,0.0,ML,,,,3.8,0.3,5
3692903,2011-11-19T00:30:55Z,-37.42,0.1,179.94,0.1,33.0,0.0,ML,,,,4.3,0.2,38
3613037,2011-11-19T00:36:58Z,-37.35,0.0,179.81,0.0,33.0,0.0,ML,,,,4.2,0.3,38
3692931,2011-11-19T00:37:59Z,-37.39,0.0,179.87,0.0,33.0,0.0,ML,,,,4.2,0.2,21
3694461,2011-11-19T00:38:12Z,-37.29,0.1,179.71,0.1,33.0,0.0,ML,,,,4.3,0.2,31
3694467,2011-11-19T00:39:37Z,-37.37,0.0,179.85,0.0,33.0,0.0,ML,,,,3.9,0.2,16
3613041,2011-11-19T00:52:03Z,-37.3,0.0,179.86,0.0,33.0,0.0,ML,,,,4.1,0.2,33
3613043,2011-11-19T00:58:00Z,-37.32,0.0,179.86,0.0,33.0,0.0,ML,,,,3.8,0.2,14
3613048,2011-11-19T01:12:55Z,-37.46,0.0,179.93,0.0,33.0,0.0,ML,,,,3.4,0.1,6
3613056,2011-11-19T01:37:56Z,-37.47,0.0,179.71,0.0,5.0,0.0,ML,,,,3.2,0.2,6
3613059,2011-11-19T01:44:29Z,-37.48,0.0,179.78,0.0,5.0,0.0,ML,,,,3.1,0.1,6
3613078,2011-11-19T02:37:36Z,-38.61,0.0,177.88,0.0,20.0,2.0,ML,,,,2.3,0.1,5
3613087,2011-11-19T03:00:57Z,-37.39,0.0,179.89,0.0,33.0,0.0,ML,,,,3.3,0.1,5
3613092,2011-11-19T03:14:15Z,-36.87,0.0,177.61,0.0,12.0,0.0,ML,,,,3.3,0.2,8
3613107,2011-11-19T03:58:36Z,-37.6,0.1,179.83,0.1,33.0,0.0,ML,,,,3.0,0.2,5
3613111,2011-11-19T04:03:13Z,-40.17,0.0,176.44,0.0,42.0,1.0,ML,,,,2.8,0.2,11
3613125,2011-11-19T04:31:58Z,-37.57,0.0,179.58,0.0,5.0,0.0,ML,,,,3.2,0.1,5
3613126,2011-11-19T04:33:30Z,-37.48,0.0,179.73,0.0,12.0,0.0,ML,,,,3.9,0.2,22
3613127,2011-11-19T04:36:13Z,-40.9,0.0,175.47,0.0,26.0,2.0,ML,,,,2.1,0.1,5
3613139,2011-11-19T05:14:02Z,-43.59,0.0,172.04,0.0,5.0,0.0,ML,,,,2.3,0.1,5
3613141,2011-11-19T05:20:36Z,-38.07,0.0,176.72,0.0,2.0,0.0,ML,,,,2.0,0.1,5
3613149,2011-11-19T05:46:15Z,-37.54,0.1,179.81,0.0,33.0,0.0,ML,,,,3.2,0.1,6
3613153,2011-11-19T05:51:44Z,-40.31,0.0,176.64,0.0,38.0,3.0,ML,,,,3.3,0.2,31
3613170,2011-11-19T06:30:23Z,-39.96,0.0,174.86,0.0,73.0,4.0,ML,,,,2.6,0.3,6
3613172,2011-11-19T06:36:05Z,-45.14,0.0,167.27,0.0,102.0,2.0,ML,,,,3.9,0.2,14
3613178,2011-11-19T06:46:16Z,-38.07,0.0,176.71,0.0,2.0,0.0,ML,,,,2.0,0.2,5
3613184,2011-11-19T07:04:05Z,-39.57,0.0,177.11,0.0,33.0,0.0,ML,,,,2.4,0.2,6
3613190,2011-11-19T07:17:57Z,-38.09,0.0,176.71,0.0,5.0,0.0,ML,,,,1.8,0.1,5
3613194,2011-11-19T07:29:19Z,-43.6,0.0,172.49,0.0,5.0,0.0,ML,,,,3.3,0.2,5
3613196,2011-11-19T07:35:35Z,-38.06,0.0,176.71,0.0,2.0,0.0,ML,,,,1.3,0.0,1
3613198,2011-11-19T07:39:42Z,-38.87,0.0,175.99,0.0,5.0,0.0,ML,,,,2.1,0.1,11
3694515,2011-11-19T07:44:47Z,-46.0,0.0,166.22,0.1,12.0,0.0,ML,,,,2.7,0.2,10
3613200,2011-11-19T07:44:56Z,-36.3,0.1,177.55,0.1,142.0,13.0,ML,,,,3.4,0.3,15
3613207,2011-11-19T08:00:42Z,-40.83,0.0,175.61,0.0,25.0,1.0,ML,,,,2.8,0.2,22
3613210,2011-11-19T08:10:02Z,-37.47,0.1,179.63,0.1,33.0,0.0,ML,,,,3.4,0.2,8
3613217,2011-11-19T08:33:55Z,-37.43,0.0,179.77,0.0,33.0,0.0,ML,,,,4.2,0.1,56
3613221,2011-11-19T08:46:18Z,-37.51,0.1,179.79,0.1,33.0,0.0,ML,,,,2.7,0.1,5
3613222,2011-11-19T08:47:42Z,-38.11,0.0,177.09,0.0,62.0,3.0,ML,,,,2.5,0.1,7
3613224,2011-11-19T08:53:34Z,-43.21,0.0,172.24,0.0,15.0,2.0,ML,,,,3.5,0.3,16
3613228,2011-11-19T09:04:18Z,-37.32,0.0,179.88,0.1,33.0,0.0,ML,,,,3.4,0.2,8
3613475,2011-11-19T09:04:51Z,-43.21,0.0,172.18,0.0,17.0,3.0,ML,,,,2.4,0.2,4
3613233,2011-11-19T09:24:11Z,-43.59,0.0,172.35,0.0,5.0,0.0,ML,,,,2.4,0.3,6
3613238,2011-11-19T09:39:58Z,-38.73,0.0,176.9,0.0,43.0,2.0,ML,,,,2.6,0.1,8
3613241,2011-11-19T09:46:27Z,-37.58,0.1,179.68,0.0,12.0,0.0,ML,,,,2.8,0.2,7
3613242,2011-11-19T09:50:21Z,-38.93,0.0,178.02,0.0,27.0,1.0,ML,,,,2.8,0.2,15
3613244,2011-11-19T09:55:18Z,-37.49,0.1,179.84,0.1,33.0,0.0,ML,,,,2.7,0.1,6
3613246,2011-11-19T10:00:10Z,-37.68,0.0,179.33,0.0,33.0,0.0,ML,,,,2.8,0.1,4
3613247,2011-11-19T10:03:04Z,-40.4,0.0,176.34,0.0,28.0,1.0,ML,,,,2.0,0.2,5
3613248,2011-11-19T10:05:49Z,-41.27,0.0,175.23,0.0,28.0,1.0,ML,,,,1.9,0.1,8
3613255,2011-11-19T10:20:26Z,-37.59,0.0,179.73,0.0,5.0,0.0,ML,,,,2.4,0.1,5
3613477,2011-11-19T11:32:41Z,-44.42,0.0,169.11,0.0,5.0,0.0,ML,,,,2.2,0.3,6
3613281,2011-11-19T11:33:43Z,-38.91,0.0,178.0,0.0,29.0,1.0,ML,,,,2.9,0.2,16
3613284,2011-11-19T11:40:38Z,-37.41,0.0,179.87,0.0,33.0,0.0,ML,,,,2.8,0.2,6
3613288,2011-11-19T11:54:25Z,-37.31,0.1,179.64,0.1,33.0,0.0,ML,,,,3.0,0.1,5
3613289,2011-11-19T11:59:10Z,-40.07,0.0,175.01,0.0,61.0,2.0,ML,,,,2.2,0.2,8
3694529,2011-11-19T12:00:18Z,-39.34,0.0,175.27,0.0,5.0,0.0,ML,,,,1.7,0.3,5
3613296,2011-11-19T12:12:10Z,-38.5,0.0,178.63,0.0,33.0,0.0,ML,,,,2.0,0.2,6
3694532,2011-11-19T12:13:08Z,-40.26,0.0,176.74,0.0,24.0,2.0,ML,,,,2.4,0.2,6
3613299,2011-11-19T12:23:21Z,-38.71,0.0,177.5,0.0,52.0,2.0,ML,,,,2.7,0.2,12
3613313,2011-11-19T13:04:42Z,-39.99,0.0,176.74,0.0,46.0,2.0,ML,,,,2.4,0.2,8
3613315,2011-11-19T13:10:39Z,-44.22,0.0,169.64,0.0,12.0,0.0,ML,,,,2.9,0.4,11
3613321,2011-11-19T13:20:11Z,-37.6,0.0,179.65,0.0,5.0,0.0,ML,,,,3.3,0.2,8
3613322,2011-11-19T13:22:41Z,-37.53,0.1,179.86,0.1,33.0,0.0,ML,,,,2.8,0.1,5
3613327,2011-11-19T13:32:12Z,-37.53,0.0,179.8,0.0,33.0,0.0,ML,,,,2.7,0.1,6
3613331,2011-11-19T13:40:38Z,-38.06,0.0,176.74,0.0,5.0,0.0,ML,,,,2.3,0.3,7
3613334,2011-11-19T13:47:11Z,-40.81,0.0,173.94,0.0,69.0,3.0,ML,,,,2.1,nan,1
3694623,2011-11-19T13:48:31Z,-37.42,0.1,179.9,0.1,33.0,0.0,ML,,,,3.1,0.1,6
3613336,2011-11-19T13:52:09Z,-37.46,0.0,179.77,0.0,12.0,0.0,ML,,,,2.8,0.1,6
3613340,2011-11-19T14:02:05Z,-37.38,0.1,179.88,0.1,33.0,0.0,ML,,,,2.6,0.1,4
3694628,2011-11-19T14:02:58Z,-38.92,0.0,176.49,0.0,5.0,0.0,ML,,,,2.1,0.2,8
3613343,2011-11-19T14:13:08Z,-37.42,0.1,179.86,0.1,33.0,0.0,ML,,,,2.8,0.1,6
3613344,2011-11-19T14:15:03Z,-41.31,0.0,172.54,0.0,209.0,5.0,ML,,,,3.4,0.2,8
3613349,2011-11-19T14:28:23Z,-37.47,0.0,179.78,0.0,5.0,0.0,ML,,,,2.4,0.2,5
3613355,2011-11-19T14:48:03Z,-37.36,0.0,179.87,0.0,33.0,0.0,ML,,,,3.3,0.1,7
3613358,2011-11-19T14:52:57Z,-37.38,0.0,179.86,0.0,33.0,0.0,ML,,,,3.0,0.1,7
3613370,2011-11-19T15:20:21Z,-37.9,0.0,177.24,0.0,52.0,3.0,ML,,,,2.5,0.2,5
3613373,2011-11-19T15:30:43Z,-42.3,0.0,173.96,0.0,26.0,2.0,ML,,,,2.1,0.4,4
3613374,2011-11-19T15:33:47Z,-37.71,0.0,179.7,0.0,12.0,0.0,ML,,,,3.0,0.1,4
3613393,2011-11-19T16:24:06Z,-40.73,0.0,175.4,0.0,33.0,0.0,ML,,,,2.1,0.1,5
3613407,2011-11-19T17:06:42Z,-38.53,0.0,177.9,0.0,18.0,2.0,ML,,,,2.5,0.1,5
3613408,2011-11-19T17:10:09Z,-42.22,0.0,174.1,0.0,12.0,0.0,ML,,,,2.9,0.2,10
3695030,2011-11-19T17:30:46Z,-38.09,0.0,176.11,0.0,179.0,3.0,ML,,,,3.4,0.2,17
3613415,2011-11-19T17:30:59Z,-37.39,0.0,179.75,0.0,5.0,0.0,ML,,,,4.2,0.3,33
3613421,2011-11-19T17:48:07Z,-37.53,0.0,179.71,0.0,5.0,0.0,ML,,,,2.8,0.1,5
3613434,2011-11-19T18:31:54Z,-38.69,0.0,177.81,0.0,31.0,1.0,ML,,,,2.3,0.2,4
3613455,2011-11-19T19:23:20Z,-38.77,0.0,175.94,0.0,90.0,4.0,ML,,,,2.8,0.1,9
3613472,2011-11-19T20:02:24Z,-40.9,0.0,174.71,0.0,5.0,0.0,ML,,,,2.2,0.3,9
3613473,2011-11-19T20:07:02Z,-37.49,0.0,179.6,0.0,12.0,0.0,ML,,,,2.8,0.2,6
3613485,2011-11-19T20:37:28Z,-37.39,0.0,179.93,0.0,33.0,0.0,ML,,,,3.5,0.1,10
3613491,2011-11-19T20:53:51Z,-39.93,0.0,175.32,0.0,28.0,1.0,ML,,,,2.3,0.1,8
3613505,2011-11-19T21:33:44Z,-37.45,0.0,179.87,0.0,33.0,0.0,ML,,,,3.4,0.1,6
3613510,2011-11-19T21:42:32Z,-37.39,0.0,179.86,0.0,33.0,0.0,ML,,,,3.7,0.2,10
3613511,2011-11-19T21:46:23Z,-45.01,0.0,167.56,0.0,56.0,4.0,ML,,,,2.4,0.3,5
3613514,2011-11-19T21:55:22Z,-45.17,0.0,167.51,0.0,117.0,2.0,ML,,,,3.1,0.3,9
3613517,2011-11-19T22:03:27Z,-38.16,0.0,177.8,0.0,69.0,2.0,ML,,,,4.0,0.2,40
3613536,2011-11-19T22:59:57Z,-41.26,0.0,172.97,0.0,102.0,2.0,ML,,,,3.0,0.2,5
3613540,2011-11-19T23:07:58Z,-37.3,0.1,179.98,0.0,33.0,0.0,ML,,,,3.5,0.1,9
3613541,2011-11-19T23:11:35Z,-37.4,0.0,179.96,0.0,33.0,0.0,ML,,,,3.9,0.2,18
3693053,2011-11-20T00:13:21Z,-39.28,0.0,175.56,0.0,0.0,0.0,ML,,,,0.8,0.3,4
3613563,2011-11-20T00:13:39Z,-39.39,0.0,175.28,0.0,30.0,2.0,ML,,,,2.2,0.1,8
3613569,2011-11-20T00:25:10Z,-37.43,0.0,179.92,0.0,33.0,0.0,ML,,,,3.3,0.1,6
3613570,2011-11-20T00:27:33Z,-37.35,0.0,179.88,0.0,33.0,0.0,ML,,,,3.8,0.2,15
3613571,2011-11-20T00:30:57Z,-38.94,0.0,178.0,0.0,28.0,1.0,ML,,,,3.1,0.2,18
3613574,2011-11-20T00:41:10Z,-39.28,0.0,175.15,0.0,27.0,2.0,ML,,,,2.6,0.2,16
3613575,2011-11-20T00:43:00Z,-38.95,0.0,178.01,0.0,29.0,2.0,ML,,,,2.4,0.2,5
3613592,2011-11-20T01:28:11Z,-37.38,0.0,179.88,0.0,33.0,0.0,ML,,,,3.3,0.2,7
3613597,2011-11-20T01:39:19Z,-38.95,0.0,178.09,0.0,27.0,3.0,ML,,,,2.2,0.2,4
3613598,2011-11-20T01:42:07Z,-38.13,0.0,178.93,0.0,30.0,3.0,ML,,,,2.4,0.1,4
3613600,2011-11-20T01:48:27Z,-45.29,0.0,167.18,0.0,77.0,1.0,ML,,,,3.0,0.1,5
3613603,2011-11-20T01:52:56Z,-45.29,0.0,167.2,0.0,75.0,2.0,ML,,,,2.9,0.3,11
3613619,2011-11-20T02:37:50Z,-37.65,0.0,179.8,0.0,33.0,0.0,ML,,,,3.7,0.2,8
3613624,2011-11-20T02:54:15Z,-37.5,0.1,179.8,0.1,33.0,0.0,ML,,,,3.1,0.1,6
3613625,2011-11-20T02:59:18Z,-46.28,0.0,166.2,0.1,33.0,0.0,ML,,,,3.3,0.1,5
3613628,2011-11-20T03:04:46Z,-37.5,0.0,179.81,0.0,33.0,0.0,ML,,,,3.1,0.2,5
3613634,2011-11-20T03:05:19Z,-43.64,0.0,172.45,0.0,7.0,2.0,ML,,,,2.6,0.3,6
3613630,2011-11-20T03:08:42Z,-39.43,0.0,175.02,0.0,133.0,3.0,ML,,,,3.1,0.2,6
3613636,2011-11-20T03:24:17Z,-37.45,0.0,179.93,0.0,33.0,0.0,ML,,,,3.6,0.1,9
3613642,2011-11-20T03:38:12Z,-37.35,0.0,179.94,0.0,33.0,0.0,ML,,,,4.2,0.2,27
3613643,2011-11-20T03:42:30Z,-37.4,0.0,179.91,0.0,33.0,0.0,ML,,,,2.8,0.1,5
3613655,2011-11-20T04:11:39Z,-37.5,0.0,179.91,0.0,33.0,0.0,ML,,,,3.4,0.1,6
3613667,2011-11-20T04:48:18Z,-43.58,0.0,172.79,0.0,5.0,0.0,ML,,,,2.9,0.3,6
3613674,2011-11-20T05:13:35Z,-43.59,0.0,172.66,0.0,7.0,1.0,ML,,,,2.6,0.2,4
3613679,2011-11-20T05:27:29Z,-40.35,0.0,176.4,0.0,22.0,2.0,ML,,,,2.9,0.1,15
3613682,2011-11-20T05:38:14Z,-39.17,0.0,175.39,0.0,13.0,1.0,ML,,,,1.8,0.2,7
3613700,2011-11-20T06:23:44Z,-41.28,0.0,172.79,0.0,113.0,3.0,ML,,,,3.0,0.3,6
3613703,2011-11-20T06:29:25Z,-37.49,0.0,179.83,0.0,33.0,0.0,ML,,,,3.2,0.1,5
3613705,2011-11-20T06:31:52Z,-40.2,0.0,174.9,0.0,12.0,0.0,ML,,,,2.6,0.1,8
3613712,2011-11-20T06:47:10Z,-37.52,0.1,179.84,0.1,33.0,0.0,ML,,,,3.3,0.1,5
3613725,2011-11-20T07:24:09Z,-37.33,0.0,179.91,0.0,33.0,0.0,ML,,,,3.6,0.2,8
3613734,2011-11-20T07:47:43Z,-37.49,0.0,179.73,0.0,33.0,0.0,ML,,,,3.6,0.2,17
3613742,2011-11-20T08:06:28Z,-38.36,0.0,179.44,0.0,33.0,0.0,ML,,,,3.5,0.2,20
3613746,2011-11-20T08:17:39Z,-37.39,0.0,179.96,0.0,33.0,0.0,ML,,,,3.4,0.2,12
3613751,2011-11-20T08:30:38Z,-44.13,0.0,168.82,0.0,5.0,0.0,ML,,,,2.7,0.3,11
3613753,2011-11-20T08:32:41Z,-39.67,0.0,176.95,0.0,47.0,2.0,ML,,,,2.7,0.1,5
3613774,2011-11-20T09:19:58Z,-39.66,0.0,176.92,0.0,33.0,2.0,ML,,,,2.1,0.2,8
3613777,2011-11-20T09:28:25Z,-37.35,0.1,179.94,0.1,33.0,0.0,ML,,,,3.0,0.1,7
3613782,2011-11-20T09:37:37Z,-40.81,0.0,173.33,0.0,96.0,2.0,ML,,,,2.4,0.2,2
3613797,2011-11-20T10:22:55Z,-37.42,0.1,179.85,0.0,33.0,0.0,ML,,,,3.0,0.2,7
3613806,2011-11-20T10:43:39Z,-37.58,0.0,179.97,0.0,33.0,0.0,ML,,,,2.6,0.3,4
3613822,2011-11-20T11:24:30Z,-37.37,0.0,179.88,0.0,33.0,0.0,ML,,,,3.0,0.1,10
3694671,2011-11-20T11:28:00Z,-45.05,0.0,167.22,0.0,33.0,2.0,ML,,,,2.6,0.3,4
3613823,2011-11-20T11:29:23Z,-41.18,0.0,173.45,0.0,94.0,3.0,ML,,,,2.9,0.1,4
3613824,2011-11-20T11:32:05Z,-37.35,0.0,179.94,0.0,33.0,0.0,ML,,,,4.2,0.2,33
3613833,2011-11-20T11:56:11Z,-37.69,0.1,179.83,0.0,33.0,0.0,ML,,,,3.8,0.2,15
3613837,2011-11-20T12:08:32Z,-37.51,0.1,179.9,0.1,33.0,0.0,ML,,,,2.7,0.1,5
3613844,2011-11-20T12:24:42Z,-37.38,0.1,179.84,0.0,33.0,0.0,ML,,,,3.2,0.1,9
3694678,2011-11-20T12:25:53Z,-37.37,0.0,179.89,0.0,33.0,0.0,ML,,,,3.0,0.1,6
3613861,2011-11-20T13:04:19Z,-38.92,0.0,178.08,0.0,25.0,2.0,ML,,,,2.3,0.2,9
3613866,2011-11-20T13:15:31Z,-38.64,0.0,176.1,0.0,2.0,0.0,ML,,,,2.5,0.2,10
3613891,2011-11-20T14:11:49Z,-37.83,0.0,176.64,0.0,5.0,0.0,ML,,,,2.3,0.3,5
3613894,2011-11-20T14:18:10Z,-44.97,0.0,167.45,0.0,116.0,4.0,ML,,,,3.7,0.2,15
3613901,2011-11-20T14:35:54Z,-38.34,0.0,176.29,0.0,6.0,1.0,ML,,,,1.7,0.1,5
3613938,2011-11-20T15:53:29Z,-37.39,0.0,179.89,0.0,33.0,0.0,ML,,,,4.5,0.2,60
3695126,2011-11-20T15:54:01Z,-37.39,0.0,179.92,0.0,33.0,0.0,ML,,,,4.7,0.2,56
3695127,2011-11-20T15:55:06Z,-37.47,0.0,179.92,0.0,33.0,0.0,ML,,,,4.4,0.2,40
3695188,2011-11-20T15:56:56Z,-40.21,0.0,175.89,0.0,27.0,1.0,ML,,,,3.6,0.2,54
3613950,2011-11-20T16:23:17Z,-37.49,0.0,179.87,0.0,33.0,0.0,ML,,,,3.8,0.2,20
3613961,2011-11-20T16:48:44Z,-37.38,0.1,179.82,0.0,33.0,0.0,ML,,,,3.1,0.2,7
3613963,2011-11-20T16:50:10Z,-37.35,0.0,179.91,0.0,33.0,0.0,ML,,,,4.4,0.2,40
3613965,2011-11-20T16:56:02Z,-37.39,0.1,179.85,0.1,33.0,0.0,ML,,,,3.3,0.1,7
3613976,2011-11-20T17:20:14Z,-37.42,0.1,179.87,0.0,33.0,0.0,ML,,,,3.6,0.2,6
3613980,2011-11-20T17:24:23Z,-37.41,0.0,179.91,0.0,33.0,0.0,ML,,,,3.1,0.2,6
3613992,2011-11-20T17:53:32Z,-45.75,0.0,166.9,0.0,5.0,0.0,ML,,,,2.5,0.1,2
3614018,2011-11-20T18:40:57Z,-37.32,0.0,179.86,0.0,33.0,0.0,ML,,,,3.5,0.1,6
3614021,2011-11-20T18:46:04Z,-37.38,0.0,179.85,0.0,33.0,0.0,ML,,,,3.9,0.2,15
3614022,2011-11-20T18:49:27Z,-37.56,0.1,179.85,0.0,33.0,0.0,ML,,,,2.8,0.1,3
3614044,2011-11-20T19:36:26Z,-36.02,0.0,177.91,0.1,33.0,0.0,ML,,,,3.5,0.1,7
3614092,2011-11-20T21:15:32Z,-40.14,0.0,174.69,0.0,12.0,0.0,ML,,,,2.6,0.1,3
3614119,2011-11-20T22:15:22Z,-43.59,0.0,171.78,0.0,5.0,0.0,ML,,,,2.6,0.2,4
3614210,2011-11-21T01:10:17Z,-42.04,0.0,173.22,0.0,5.0,0.0,ML,,,,2.7,0.2,5
3614214,2011-11-21T01:20:14Z,-37.44,0.0,179.76,0.0,12.0,0.0,ML,,,,3.4,0.2,5
3614232,2011-11-21T01:50:58Z,-43.19,0.0,171.07,0.0,5.0,0.0,ML,,,,2.9,0.3,6
3614264,2011-11-21T02:53:35Z,-37.55,0.0,179.73,0.0,12.0,0.0,ML,,,,4.2,0.2,26
3614273,2011-11-21T03:07:25Z,-39.34,0.0,177.01,0.0,33.0,0.0,ML,,,,3.2,0.2,22
3614281,2011-11-21T03:23:04Z,-43.19,0.0,170.82,0.0,5.0,0.0,ML,,,,2.7,0.3,4
3614304,2011-11-21T04:08:07Z,-38.3,0.0,178.97,0.0,33.0,0.0,ML,,,,2.8,0.2,4
3614335,2011-11-21T05:04:07Z,-37.99,0.0,176.25,0.1,141.0,4.0,ML,,,,3.3,0.1,5
3614345,2011-11-21T05:21:46Z,-37.51,0.0,179.9,0.1,33.0,0.0,ML,,,,3.8,0.1,12
3614351,2011-11-21T05:34:41Z,-37.64,0.0,179.78,0.0,12.0,0.0,ML,,,,3.5,0.3,5
3614366,2011-11-21T06:06:35Z,-37.57,0.1,179.67,0.0,5.0,0.0,ML,,,,3.1,0.1,5
3614369,2011-11-21T06:09:42Z,-38.61,0.0,175.97,0.0,5.0,0.0,ML,,,,2.1,0.3,3
3614393,2011-11-21T07:08:27Z,-37.75,0.0,179.71,0.0,12.0,0.0,ML,,,,2.9,0.1,6
3614406,2011-11-21T07:35:43Z,-44.75,0.0,167.36,0.0,12.0,0.0,ML,,,,2.4,0.2,5
3614468,2011-11-21T09:52:29Z,-43.65,0.0,172.45,0.0,5.0,0.0,ML,,,,2.1,0.2,3
3614484,2011-11-21T10:29:19Z,-37.48,0.0,179.63,0.0,12.0,0.0,ML,,,,3.0,0.2,6
3614488,2011-11-21T10:41:35Z,-44.98,0.0,167.57,0.0,100.0,3.0,ML,,,,2.7,0.3,11
3614493,2011-11-21T10:52:36Z,-38.27,0.0,176.31,0.1,96.0,6.0,ML,,,,2.3,0.2,4
3614514,2011-11-21T11:48:36Z,-40.8,0.0,176.09,0.0,25.0,2.0,ML,,,,2.3,0.1,8
3614516,2011-11-21T11:52:38Z,-39.18,0.0,174.61,0.0,14.0,4.0,ML,,,,2.2,0.2,5
3614525,2011-11-21T12:18:39Z,-43.54,0.0,172.73,0.0,5.0,0.0,ML,,,,3.5,0.1,13
3614530,2011-11-21T12:30:07Z,-37.55,0.0,179.72,0.0,5.0,0.0,ML,,,,2.9,0.2,8
3614535,2011-11-21T12:46:19Z,-38.13,0.0,178.21,0.0,28.0,1.0,ML,,,,2.5,0.2,9
3614543,2011-11-21T13:04:10Z,-38.5,0.0,175.7,0.0,138.0,4.0,ML,,,,3.3,0.2,12
3614558,2011-11-21T13:44:39Z,-37.58,0.0,179.69,0.0,12.0,0.0,ML,,,,3.4,0.1,9
3614560,2011-11-21T13:48:24Z,-39.73,0.0,178.92,0.0,33.0,0.0,ML,,,,3.2,0.3,10
3614564,2011-11-21T14:01:54Z,-40.24,0.0,178.82,0.0,33.0,0.0,ML,,,,3.0,0.1,6
3614565,2011-11-21T14:05:01Z,-40.64,0.0,175.32,0.0,33.0,0.0,ML,,,,2.5,0.3,6
3614576,2011-11-21T14:32:13Z,-37.76,0.1,179.89,0.0,33.0,0.0,ML,,,,3.0,0.1,5
3614579,2011-11-21T14:38:21Z,-38.86,0.0,179.47,0.0,12.0,0.0,ML,,,,2.9,0.2,8
3614602,2011-11-21T15:38:39Z,-37.49,0.0,179.93,0.0,33.0,0.0,ML,,,,2.9,0.1,8
3614614,2011-11-21T16:09:13Z,-37.65,0.1,179.7,0.1,12.0,0.0,ML,,,,3.0,0.3,8
3614621,2011-11-21T16:32:24Z,-41.69,0.0,174.1,0.0,12.0,0.0,ML,,,,2.2,0.1,5
3614641,2011-11-21T17:32:37Z,-43.57,0.0,172.37,0.0,5.0,0.0,ML,,,,2.9,0.2,7
3614649,2011-11-21T17:59:59Z,-41.58,0.0,174.46,0.0,12.0,0.0,ML,,,,2.4,0.2,9
3614657,2011-11-21T18:21:25Z,-38.69,0.0,175.73,0.0,117.0,4.0,ML,,,,3.2,0.3,21
3614661,2011-11-21T18:28:50Z,-40.16,0.0,174.67,0.0,70.0,6.0,ML,,,,2.2,0.3,2
3614670,2011-11-21T19:05:33Z,-37.52,0.0,179.83,0.0,33.0,0.0,ML,,,,3.4,0.1,9
3614671,2011-11-21T19:09:39Z,-43.61,0.0,172.39,0.0,5.0,0.0,ML,,,,2.4,0.2,3
3614672,2011-11-21T19:12:41Z,-44.78,0.0,168.65,0.0,5.0,0.0,ML,,,,2.3,0.3,5
3614673,2011-11-21T19:16:27Z,-38.9,0.0,178.05,0.0,23.0,3.0,ML,,,,2.3,0.2,5
3614677,2011-11-21T19:30:08Z,-43.55,0.0,172.8,0.0,5.0,0.0,ML,,,,2.7,0.2,4
3614680,2011-11-21T19:38:27Z,-37.41,0.1,179.99,0.0,33.0,0.0,Mw,5.1,nan,0,5.2,0.2,97
3614709,2011-11-21T19:39:22Z,-43.6,0.0,172.54,0.0,5.0,0.0,ML,,,,2.8,0.2,3
3614694,2011-11-21T20:06:20Z,-37.44,0.1,179.95,0.0,33.0,0.0,ML,,,,3.2,0.2,8
3614695,2011-11-21T20:10:23Z,-39.75,0.0,174.58,0.0,135.0,2.0,ML,,,,3.1,0.3,9
3614704,2011-11-21T20:42:59Z,-43.55,0.0,172.79,0.0,5.0,0.0,ML,,,,2.5,0.1,4
3614706,2011-11-21T20:45:26Z,-40.33,0.0,176.09,0.0,42.0,1.0,ML,,,,2.6,0.1,6
3696154,2011-11-21T20:46:16Z,-40.1,0.0,176.53,0.0,35.0,1.0,ML,,,,2.3,0.1,5
3614713,2011-11-21T21:05:51Z,-40.05,0.0,176.55,0.0,43.0,3.0,ML,,,,2.2,0.1,6
3614730,2011-11-21T21:47:01Z,-39.93,0.0,176.57,0.0,28.0,3.0,ML,,,,2.0,0.1,4
3614784,2011-11-22T00:03:14Z,-40.93,0.0,172.64,0.0,5.0,0.0,ML,,,,3.0,0.3,7
3614791,2011-11-22T00:22:20Z,-37.61,0.0,179.72,0.0,5.0,0.0,ML,,,,3.0,0.2,6
3614793,2011-11-22T00:23:34Z,-37.98,0.0,176.35,0.0,143.0,3.0,ML,,,,3.3,0.3,10
3614799,2011-11-22T00:39:32Z,-43.57,0.0,171.86,0.0,15.0,2.0,ML,,,,3.3,0.2,10
3696566,2011-11-22T00:41:22Z,-39.78,0.0,176.69,0.0,45.0,3.0,ML,,,,2.6,0.2,8
3614801,2011-11-22T00:43:30Z,-38.55,0.0,177.69,0.0,56.0,3.0,ML,,,,2.6,0.2,5
3614816,2011-11-22T01:16:53Z,-40.7,0.0,176.23,0.0,30.0,1.0,ML,,,,2.7,0.2,12
3614825,2011-11-22T01:31:15Z,-37.79,0.0,178.95,0.0,27.0,3.0,ML,,,,2.6,0.2,7
3614836,2011-11-22T02:06:11Z,-37.16,0.0,177.79,0.0,33.0,0.0,ML,,,,4.4,0.2,78
3614841,2011-11-22T02:14:12Z,-37.52,0.0,179.68,0.0,12.0,0.0,ML,,,,3.4,0.1,9
3614842,2011-11-22T02:18:44Z,-37.52,0.0,179.84,0.0,33.0,0.0,ML,,,,3.5,0.1,7
3614860,2011-11-22T02:54:45Z,-37.32,0.0,179.68,0.0,12.0,0.0,ML,,,,3.0,0.1,4
3614868,2011-11-22T03:21:01Z,-37.53,0.0,179.76,0.0,12.0,0.0,ML,,,,3.8,0.2,21
3614881,2011-11-22T03:50:21Z,-43.58,0.0,172.61,0.0,4.0,1.0,ML,,,,3.3,0.2,7
3614918,2011-11-22T05:19:23Z,-36.79,0.0,176.7,0.1,205.0,6.0,ML,,,,3.1,0.2,6
3614920,2011-11-22T05:26:58Z,-47.41,0.0,165.0,0.1,33.0,0.0,Mw,4.3,nan,0,4.4,0.1,13
3614939,2011-11-22T06:16:49Z,-39.27,0.0,173.84,0.0,20.0,1.0,ML,,,,1.6,0.1,2
3614948,2011-11-22T06:41:27Z,-37.45,0.1,179.88,0.1,33.0,0.0,ML,,,,3.1,0.1,7
3614968,2011-11-22T07:33:08Z,-40.29,0.0,176.67,0.0,12.0,0.0,ML,,,,2.2,0.3,6
3614989,2011-11-22T08:24:11Z,-38.9,0.0,177.15,0.0,33.0,0.0,Mw,4.0,nan,0,4.2,0.2,107
3614999,2011-11-22T08:49:58Z,-35.97,0.0,177.52,0.1,169.0,12.0,ML,,,,3.4,0.2,9
3615006,2011-11-22T09:11:15Z,-45.59,0.0,167.75,0.0,12.0,0.0,ML,,,,3.1,0.2,9
3615010,2011-11-22T09:22:49Z,-37.98,0.0,176.28,0.1,121.0,4.0,ML,,,,3.0,0.4,6
3615025,2011-11-22T10:03:18Z,-37.33,0.1,179.73,0.1,33.0,0.0,ML,,,,2.7,0.1,4
3615035,2011-11-22T10:33:29Z,-37.98,0.0,176.34,0.1,143.0,3.0,ML,,,,2.9,0.2,5
3615045,2011-11-22T10:57:57Z,-37.33,0.1,179.87,0.1,12.0,0.0,ML,,,,3.4,0.2,10
3615067,2011-11-22T11:58:18Z,-37.83,0.0,176.63,0.0,5.0,0.0,ML,,,,2.2,0.1,6
3615085,2011-11-22T12:56:43Z,-38.34,0.0,178.4,0.0,28.0,1.0,ML,,,,2.8,0.2,12
3615088,2011-11-22T13:06:56Z,-41.66,0.0,174.64,0.0,33.0,0.0,ML,,,,3.0,0.2,15
3615093,2011-11-22T13:16:46Z,-42.64,0.0,171.73,0.0,5.0,0.0,ML,,,,2.7,0.2,6
3615111,2011-11-22T13:57:49Z,-39.09,0.0,177.49,0.0,27.0,1.0,ML,,,,2.5,0.2,12
3615119,2011-11-22T14:22:57Z,-40.33,0.0,176.69,0.0,12.0,0.0,ML,,,,2.6,0.1,13
3696711,2011-11-22T16:37:45Z,-37.64,0.0,179.61,0.1,12.0,0.0,ML,,,,3.1,0.1,7
3615171,2011-11-22T16:37:58Z,-40.9,0.0,175.5,0.0,25.0,1.0,ML,,,,2.3,0.2,5
3615179,2011-11-22T16:59:54Z,-45.83,0.0,166.65,0.0,5.0,0.0,ML,,,,2.7,0.2,9
3698222,2011-11-22T17:02:25Z,-37.46,0.0,179.7,0.0,12.0,0.0,ML,,,,3.1,0.2,6
3615183,2011-11-22T17:12:37Z,-37.42,0.0,179.92,0.0,33.0,0.0,ML,,,,3.3,0.2,4
3615199,2011-11-22T17:47:35Z,-37.45,0.0,179.86,0.0,5.0,0.0,ML,,,,3.6,0.1,6
3615220,2011-11-22T18:39:15Z,-39.08,0.0,177.49,0.0,23.0,2.0,ML,,,,2.2,0.2,3
3615224,2011-11-22T18:50:20Z,-37.49,0.0,179.79,0.0,5.0,0.0,ML,,,,2.9,0.1,6
3615252,2011-11-22T20:07:17Z,-37.55,0.0,179.71,0.0,12.0,0.0,ML,,,,3.5,0.2,11
3615255,2011-11-22T20:17:15Z,-44.06,0.0,169.99,0.0,5.0,0.0,ML,,,,2.4,0.2,4
3615258,2011-11-22T20:22:58Z,-40.77,0.0,176.17,0.0,27.0,2.0,ML,,,,2.2,0.1,6
3615273,2011-11-22T20:52:24Z,-40.41,0.0,174.37,0.0,88.0,5.0,ML,,,,2.6,0.2,4
3615280,2011-11-22T21:12:11Z,-43.56,0.0,172.86,0.0,5.0,0.0,ML,,,,3.2,0.2,5
3615287,2011-11-22T21:25:47Z,-45.12,0.0,167.36,0.0,115.0,1.0,ML,,,,3.1,0.2,5
3615299,2011-11-22T21:49:45Z,-37.47,0.1,179.78,0.1,33.0,0.0,ML,,,,3.5,0.2,10
3615307,2011-11-22T22:04:37Z,-36.63,0.1,-178.89,0.1,33.0,0.0,ML,,,,3.7,0.2,6
3615355,2011-11-22T23:52:07Z,-37.47,0.1,179.76,0.0,5.0,0.0,ML,,,,3.1,0.1,5
3615382,2011-11-23T00:43:45Z,-43.59,0.0,172.84,0.0,5.0,0.0,ML,,,,3.0,0.3,8
3615422,2011-11-23T02:15:55Z,-40.1,0.0,176.43,0.0,28.0,2.0,ML,,,,2.4,0.2,6
3615426,2011-11-23T02:26:14Z,-45.12,0.0,167.33,0.1,118.0,3.0,ML,,,,3.1,0.3,10
3615450,2011-11-23T03:15:26Z,-37.33,0.0,179.68,0.0,12.0,0.0,ML,,,,2.9,0.1,4
3615509,2011-11-23T05:36:02Z,-37.79,0.0,177.62,0.0,39.0,2.0,ML,,,,2.8,0.1,5
3615582,2011-11-23T08:22:50Z,-39.08,0.0,177.43,0.0,26.0,2.0,ML,,,,2.3,0.2,8
3615586,2011-11-23T08:32:21Z,-37.98,0.0,176.45,0.1,128.0,6.0,ML,,,,2.7,0.3,5
3615598,2011-11-23T08:59:49Z,-39.91,0.0,176.75,0.0,38.0,3.0,ML,,,,2.5,0.2,5
3615608,2011-11-23T09:19:02Z,-45.25,0.0,167.36,0.0,71.0,2.0,ML,,,,2.7,0.3,10
3615617,2011-11-23T09:41:00Z,-46.86,0.0,166.71,0.0,5.0,0.0,ML,,,,3.3,0.2,5
3615622,2011-11-23T09:54:36Z,-37.28,0.0,179.75,0.0,12.0,0.0,ML,,,,3.0,0.2,4
3615641,2011-11-23T10:27:25Z,-40.46,0.0,176.23,0.0,28.0,2.0,ML,,,,2.4,0.1,5
3615682,2011-11-23T11:43:27Z,-37.76,0.0,178.06,0.0,33.0,0.0,ML,,,,2.6,0.1,8
3615716,2011-11-23T12:48:43Z,-43.56,0.0,172.7,0.0,5.0,0.0,ML,,,,1.9,0.2,3
3699331,2011-11-23T12:49:05Z,-40.23,0.0,174.69,0.0,12.0,0.0,ML,,,,2.4,0.2,9
3615718,2011-11-23T12:49:52Z,-40.33,0.0,173.41,0.0,206.0,3.0,ML,,,,3.8,0.2,24
3615726,2011-11-23T13:07:15Z,-42.12,0.0,174.22,0.0,27.0,2.0,ML,,,,2.2,0.1,3
3615793,2011-11-23T15:27:23Z,-43.62,0.0,172.79,0.0,5.0,0.0,ML,,,,2.8,0.2,3
3615837,2011-11-23T17:10:14Z,-38.61,0.0,175.89,0.0,113.0,2.0,ML,,,,3.2,0.1,12
3615839,2011-11-23T17:14:45Z,-37.29,0.0,177.58,0.0,108.0,3.0,ML,,,,4.0,0.2,42
3615873,2011-11-23T18:35:45Z,-37.59,0.0,179.71,0.0,12.0,0.0,ML,,,,3.9,0.2,21
3615877,2011-11-23T18:46:37Z,-37.54,0.0,179.85,0.0,33.0,0.0,ML,,,,3.5,0.2,5
3615884,2011-11-23T19:06:24Z,-38.37,0.0,177.79,0.0,24.0,2.0,ML,,,,2.4,0.2,4
3615910,2011-11-23T20:10:43Z,-45.57,0.0,166.62,0.0,5.0,0.0,Mw,4.1,nan,0,4.5,0.2,20
3615924,2011-11-23T20:41:20Z,-38.17,0.0,177.81,0.0,64.0,3.0,ML,,,,2.5,0.1,5
3615969,2011-11-23T22:44:11Z,-40.64,0.0,174.31,0.0,56.0,3.0,ML,,,,2.7,0.1,9
3615981,2011-11-23T23:14:38Z,-43.58,0.0,172.41,0.0,5.0,0.0,ML,,,,2.6,0.2,4
3615997,2011-11-23T23:57:51Z,-44.68,0.0,168.19,0.0,5.0,0.0,ML,,,,3.5,0.2,13
3616007,2011-11-24T00:25:20Z,-40.67,0.0,176.66,0.0,26.0,2.0,ML,,,,2.5,0.3,8
3616071,2011-11-24T03:13:49Z,-39.48,0.0,174.36,0.0,199.0,2.0,ML,,,,3.4,0.2,8
3616091,2011-11-24T04:06:27Z,-38.25,0.0,176.06,0.0,149.0,4.0,ML,,,,3.4,0.2,25
3616093,2011-11-24T04:13:14Z,-39.16,0.0,174.89,0.0,234.0,6.0,ML,,,,3.6,0.1,10
3699448,2011-11-24T04:17:37Z,-37.8,0.0,179.53,0.0,5.0,0.0,ML,,,,3.1,0.1,5
3616094,2011-11-24T04:17:47Z,-43.48,0.0,172.68,0.0,5.0,0.0,ML,,,,3.2,0.2,8
3616157,2011-11-24T07:02:41Z,-37.49,0.0,179.85,0.0,33.0,0.0,ML,,,,3.2,0.2,5
3616195,2011-11-24T08:34:05Z,-40.25,0.0,175.14,0.0,12.0,0.0,ML,,,,3.0,0.2,36
3616197,2011-11-24T08:35:43Z,-40.28,0.0,175.09,0.0,23.0,3.0,ML,,,,2.4,0.1,9
3616200,2011-11-24T08:45:06Z,-38.8,0.0,177.92,0.0,36.0,2.0,ML,,,,2.3,0.2,6
3616237,2011-11-24T10:09:26Z,-38.31,0.0,176.26,0.0,111.0,2.0,ML,,,,3.7,0.2,46
3616248,2011-11-24T10:34:20Z,-44.59,0.0,170.86,0.0,12.0,0.0,ML,,,,2.3,0.3,4
3616256,2011-11-24T10:56:21Z,-37.94,0.0,176.32,0.0,154.0,3.0,ML,,,,3.2,0.2,6
3616292,2011-11-24T12:17:50Z,-39.02,0.0,175.68,0.0,5.0,0.0,ML,,,,2.5,0.2,24
3616299,2011-11-24T12:32:36Z,-39.03,0.0,175.68,0.0,5.0,0.0,ML,,,,1.9,0.1,6
3616329,2011-11-24T13:37:10Z,-43.05,0.0,170.83,0.0,6.0,2.0,ML,,,,2.8,0.3,5
3616330,2011-11-24T13:40:42Z,-37.5,0.0,179.78,0.0,12.0,0.0,ML,,,,3.4,0.2,8
3616332,2011-11-24T13:47:57Z,-40.22,0.0,174.68,0.0,69.0,4.0,ML,,,,2.9,0.1,13
3616348,2011-11-24T14:36:24Z,-38.94,0.0,174.94,0.0,228.0,4.0,ML,,,,3.7,0.1,32
3616352,2011-11-24T14:45:38Z,-41.0,0.0,174.74,0.0,33.0,0.0,ML,,,,3.0,0.2,24
3616358,2011-11-24T14:57:25Z,-36.86,0.1,176.92,0.0,268.0,5.0,ML,,,,4.5,0.2,51
3616371,2011-11-24T15:31:27Z,-38.29,0.0,175.83,0.0,149.0,3.0,ML,,,,3.7,0.2,45
3616372,2011-11-24T15:34:05Z,-37.76,0.0,177.56,0.0,38.0,2.0,ML,,,,2.7,0.1,9
3616407,2011-11-24T17:07:14Z,-38.62,0.0,176.2,0.0,5.0,0.0,ML,,,,2.2,0.1,7
3616412,2011-11-24T17:19:28Z,-38.39,0.0,176.37,0.0,116.0,2.0,ML,,,,3.5,0.2,37
3616427,2011-11-24T17:58:39Z,-37.78,0.0,179.16,0.1,33.0,0.0,ML,,,,3.1,0.2,8
3616442,2011-11-24T18:48:04Z,-34.99,0.1,178.77,0.1,293.0,8.0,ML,,,,3.8,0.0,2
3616491,2011-11-24T21:02:12Z,-39.82,0.0,176.9,0.0,35.0,2.0,ML,,,,2.4,0.1,5
3616523,2011-11-24T22:21:26Z,-37.6,0.0,179.7,0.0,5.0,0.0,ML,,,,3.1,0.2,6
3616529,2011-11-24T22:34:52Z,-41.98,0.0,173.28,0.0,5.0,0.0,ML,,,,2.4,0.4,4
3616536,2011-11-24T22:51:10Z,-37.34,0.0,176.16,0.1,196.0,4.0,ML,,,,3.8,0.2,23
3616555,2011-11-24T23:38:18Z,-39.05,0.0,177.7,0.0,12.0,0.0,ML,,,,2.3,0.1,5
3616568,2011-11-25T00:08:11Z,-39.53,0.0,175.65,0.0,12.0,0.0,ML,,,,2.0,0.2,5
3616576,2011-11-25T00:27:06Z,-40.59,0.0,175.9,0.0,29.0,3.0,ML,,,,2.1,0.1,3
3698829,2011-11-25T00:27:25Z,-39.04,0.0,177.72,0.0,12.0,0.0,ML,,,,2.5,0.1,7
3616598,2011-11-25T01:23:01Z,-37.79,0.0,178.09,0.0,39.0,3.0,ML,,,,2.4,0.2,7
3616599,2011-11-25T01:25:11Z,-40.76,0.0,173.15,0.0,151.0,2.0,ML,,,,3.7,0.2,13
3616633,2011-11-25T02:54:20Z,-43.56,0.0,172.74,0.0,10.0,0.0,ML,,,,3.5,0.3,11
3616684,2011-11-25T05:09:42Z,-43.58,0.0,172.71,0.0,6.0,1.0,ML,,,,3.0,0.2,7
3616711,2011-11-25T06:18:31Z,-43.58,0.0,171.79,0.0,6.0,2.0,ML,,,,2.6,0.4,7
3616743,2011-11-25T07:38:29Z,-39.29,0.0,174.88,0.0,32.0,1.0,ML,,,,2.5,0.1,7
3616751,2011-11-25T07:54:01Z,-40.9,0.0,174.72,0.0,12.0,0.0,ML,,,,2.1,0.2,4
3616762,2011-11-25T08:25:15Z,-43.6,0.0,172.35,0.0,5.0,0.0,ML,,,,2.5,0.3,6
3616791,2011-11-25T09:37:30Z,-40.61,0.0,175.79,0.0,32.0,1.0,ML,,,,2.3,0.2,6
3616822,2011-11-25T10:53:14Z,-45.19,0.0,167.41,0.0,12.0,0.0,ML,,,,2.5,0.1,3
3616829,2011-11-25T11:10:36Z,-36.84,0.0,177.49,0.0,153.0,5.0,ML,,,,3.8,0.2,22
3616872,2011-11-25T12:49:11Z,-37.71,0.1,179.83,0.0,33.0,0.0,ML,,,,2.9,0.1,6
3616880,2011-11-25T13:06:50Z,-41.68,0.0,174.22,0.0,18.0,2.0,ML,,,,2.5,0.2,7
3616887,2011-11-25T13:20:57Z,-41.35,0.1,176.84,0.1,33.0,0.0,ML,,,,3.1,0.2,4
3616902,2011-11-25T13:59:53Z,-37.49,0.0,179.9,0.0,33.0,0.0,ML,,,,3.4,0.2,8
3616913,2011-11-25T14:29:53Z,-37.33,0.0,179.96,0.0,33.0,0.0,ML,,,,3.6,0.2,5
3616915,2011-11-25T14:36:03Z,-37.5,0.0,179.76,0.0,33.0,0.0,ML,,,,3.3,0.1,11
3617021,2011-11-25T19:26:52Z,-41.78,0.0,172.61,0.0,78.0,2.0,ML,,,,2.5,0.3,3
3617034,2011-11-25T20:05:50Z,-40.89,0.0,174.71,0.0,5.0,0.0,ML,,,,1.8,0.1,6
3617037,2011-11-25T20:12:01Z,-40.75,0.0,176.75,0.0,27.0,3.0,ML,,,,2.6,0.1,6
3617038,2011-11-25T20:14:21Z,-37.81,0.0,176.36,0.0,155.0,3.0,ML,,,,3.3,0.2,5
3617039,2011-11-25T20:18:03Z,-37.42,0.0,179.71,0.1,33.0,0.0,ML,,,,3.1,0.2,5
3617041,2011-11-25T20:23:16Z,-40.41,0.0,173.37,0.0,170.0,3.0,ML,,,,2.9,0.5,3
3617064,2011-11-25T21:25:37Z,-45.04,0.0,167.49,0.0,116.0,2.0,ML,,,,3.3,0.1,11
3617066,2011-11-25T21:31:47Z,-37.59,0.0,177.25,0.0,76.0,3.0,ML,,,,2.7,0.2,5
3617106,2011-11-25T23:22:43Z,-37.52,0.0,179.75,0.0,33.0,0.0,ML,,,,3.2,0.1,4
3617120,2011-11-26T00:08:51Z,-41.68,0.0,172.52,0.0,85.0,2.0,ML,,,,2.3,nan,1
3617139,2011-11-26T00:50:12Z,-41.14,0.0,175.06,0.0,10.0,1.0,ML,,,,2.2,0.2,8
3617148,2011-11-26T01:18:22Z,-38.54,0.0,178.09,0.0,30.0,2.0,ML,,,,2.3,0.1,8
3617151,2011-11-26T01:21:47Z,-37.51,0.0,179.68,0.0,33.0,0.0,ML,,,,3.5,0.1,12
3617161,2011-11-26T01:52:49Z,-40.61,0.0,173.65,0.0,138.0,3.0,ML,,,,2.9,0.1,4
3617192,2011-11-26T03:21:13Z,-39.32,0.0,177.35,0.0,30.0,1.0,ML,,,,2.2,0.2,5
3617199,2011-11-26T03:41:45Z,-37.99,0.0,177.84,0.0,71.0,2.0,ML,,,,2.9,0.2,13
3617207,2011-11-26T04:04:56Z,-37.69,0.1,179.92,0.0,33.0,0.0,ML,,,,2.9,0.2,5
3617211,2011-11-26T04:14:45Z,-45.34,0.0,167.31,0.0,64.0,2.0,ML,,,,2.8,0.1,5
3617226,2011-11-26T04:46:15Z,-44.72,0.0,167.46,0.0,5.0,0.0,ML,,,,2.9,0.1,6
3617236,2011-11-26T05:14:03Z,-40.06,0.0,176.53,0.0,43.0,2.0,ML,,,,2.3,0.2,10
3617247,2011-11-26T05:49:27Z,-37.4,0.0,179.82,0.0,33.0,0.0,ML,,,,3.3,0.1,6
3617264,2011-11-26T06:36:27Z,-37.43,0.0,179.81,0.0,33.0,0.0,ML,,,,3.0,0.2,9
3617265,2011-11-26T06:40:42Z,-41.4,0.0,172.36,0.0,5.0,0.0,ML,,,,2.2,0.4,4
3617267,2011-11-26T06:48:05Z,-41.8,0.0,173.74,0.0,55.0,2.0,ML,,,,2.7,0.2,3
3617278,2011-11-26T07:23:16Z,-40.95,0.0,174.0,0.0,52.0,3.0,ML,,,,2.4,0.1,5
3617291,2011-11-26T07:47:55Z,-40.44,0.0,174.52,0.0,12.0,0.0,ML,,,,2.2,0.1,5
3617304,2011-11-26T08:18:43Z,-45.2,0.0,167.32,0.0,78.0,1.0,ML,,,,2.4,0.2,8
3699418,2011-11-26T08:20:45Z,-37.77,0.0,177.58,0.0,38.0,2.0,ML,,,,2.5,0.2,8
3617305,2011-11-26T08:23:59Z,-39.7,0.1,174.01,0.0,191.0,5.0,ML,,,,3.1,0.2,4
3617308,2011-11-26T08:36:23Z,-43.56,0.0,172.67,0.0,10.0,1.0,ML,,,,3.1,0.3,6
3617313,2011-11-26T08:53:15Z,-43.61,0.0,172.42,0.0,5.0,0.0,ML,,,,2.7,0.4,4
3617318,2011-11-26T09:05:52Z,-37.58,0.1,179.88,0.0,33.0,0.0,ML,,,,3.2,0.1,4
3617319,2011-11-26T09:08:15Z,-38.92,0.0,178.0,0.0,28.0,1.0,ML,,,,2.9,0.2,20
3617324,2011-11-26T09:27:22Z,-37.8,0.0,176.68,0.0,5.0,0.0,ML,,,,2.0,0.1,7
3617326,2011-11-26T09:27:50Z,-37.07,0.1,177.74,0.0,118.0,5.0,ML,,,,2.5,0.2,6
3617340,2011-11-26T10:04:02Z,-45.19,0.0,167.39,0.0,97.0,1.0,ML,,,,2.6,0.3,7
3617342,2011-11-26T10:09:04Z,-40.44,0.0,175.45,0.0,33.0,0.0,ML,,,,2.4,0.3,9
3617353,2011-11-26T10:41:55Z,-37.26,0.0,177.12,0.0,140.0,3.0,ML,,,,3.1,0.1,10
3617359,2011-11-26T10:58:09Z,-39.96,0.0,176.73,0.0,32.0,2.0,ML,,,,1.9,0.2,8
3617366,2011-11-26T11:24:48Z,-45.18,0.0,167.43,0.0,74.0,3.0,ML,,,,3.1,0.2,5
3617368,2011-11-26T11:30:09Z,-39.68,0.0,176.81,0.0,32.0,1.0,ML,,,,2.3,0.1,5
3617377,2011-11-26T11:58:38Z,-38.54,0.0,177.94,0.0,30.0,2.0,ML,,,,2.2,0.1,6
3617381,2011-11-26T12:14:16Z,-41.16,0.0,175.51,0.0,20.0,1.0,ML,,,,2.2,0.1,6
3617384,2011-11-26T12:22:42Z,-37.07,0.0,177.37,0.0,133.0,4.0,ML,,,,2.8,0.2,9
3617389,2011-11-26T12:34:41Z,-47.26,0.1,165.86,0.1,12.0,0.0,ML,,,,3.2,0.3,11
3617395,2011-11-26T13:00:31Z,-38.18,0.1,175.98,0.1,109.0,10.0,ML,,,,2.4,0.1,4
3617398,2011-11-26T13:09:18Z,-37.38,0.1,179.81,0.1,33.0,0.0,ML,,,,2.9,0.2,8
3617403,2011-11-26T13:23:56Z,-38.33,0.0,177.8,0.0,64.0,2.0,ML,,,,2.7,0.1,8
3617423,2011-11-26T14:22:58Z,-40.05,0.0,176.47,0.0,26.0,1.0,ML,,,,2.3,0.1,8
3617433,2011-11-26T14:56:52Z,-37.44,0.0,179.81,0.0,33.0,0.0,ML,,,,2.7,0.1,6
3617443,2011-11-26T15:16:07Z,-37.48,0.1,179.92,0.0,33.0,0.0,ML,,,,2.7,0.1,6
3617444,2011-11-26T15:21:56Z,-41.9,0.0,172.75,0.0,85.0,3.0,ML,,,,2.6,0.1,2
3617468,2011-11-26T16:37:42Z,-37.75,0.0,177.86,0.0,72.0,2.0,ML,,,,2.2,0.1,7
3617476,2011-11-26T16:59:52Z,-45.16,0.0,167.38,0.0,125.0,2.0,ML,,,,2.9,0.2,10
3617479,2011-11-26T17:03:57Z,-37.45,0.0,179.87,0.0,33.0,0.0,ML,,,,2.9,0.1,6
3617491,2011-11-26T17:37:32Z,-37.39,0.0,179.72,0.0,33.0,0.0,ML,,,,3.3,0.1,10
3617502,2011-11-26T18:04:25Z,-46.85,0.0,167.01,0.0,12.0,0.0,ML,,,,2.8,0.1,5
3617524,2011-11-26T19:06:22Z,-38.67,0.1,175.09,0.1,204.0,11.0,ML,,,,3.3,0.3,10
3699457,2011-11-26T19:06:55Z,-45.31,0.0,167.31,0.0,104.0,3.0,ML,,,,2.5,0.1,8
3617531,2011-11-26T19:27:07Z,-37.43,0.0,179.89,0.0,33.0,0.0,ML,,,,3.1,0.2,15
3617551,2011-11-26T20:26:50Z,-38.29,0.0,176.42,0.0,82.0,4.0,ML,,,,2.5,0.2,6
3617561,2011-11-26T20:55:38Z,-46.05,0.0,166.13,0.1,12.0,0.0,ML,,,,3.2,0.3,4
3617570,2011-11-26T21:20:09Z,-43.6,0.0,172.59,0.0,5.0,0.0,ML,,,,2.7,0.3,4
3699465,2011-11-26T21:21:04Z,-39.64,0.0,177.07,0.0,54.0,2.0,ML,,,,2.0,0.1,5
3617586,2011-11-26T22:08:54Z,-37.46,0.0,179.8,0.0,33.0,0.0,ML,,,,2.8,0.1,8
3617601,2011-11-26T22:49:57Z,-40.64,0.0,175.46,0.0,30.0,1.0,ML,,,,2.2,0.3,9
3617603,2011-11-26T22:55:49Z,-36.7,0.1,177.5,0.1,134.0,10.0,ML,,,,2.8,0.3,4
3617606,2011-11-26T23:08:39Z,-37.38,0.0,179.74,0.0,33.0,0.0,ML,,,,3.0,0.2,9
3617615,2011-11-26T23:40:36Z,-38.61,0.0,176.21,0.0,5.0,0.0,ML,,,,1.9,0.2,5
3617624,2011-11-27T00:08:32Z,-41.66,0.0,173.0,0.0,85.0,2.0,ML,,,,2.7,0.1,4
3617627,2011-11-27T00:19:28Z,-40.67,0.0,175.48,0.0,32.0,1.0,ML,,,,3.2,0.2,41
3617629,2011-11-27T00:26:01Z,-43.52,0.0,171.39,0.0,5.0,0.0,ML,,,,2.3,0.3,6
3617642,2011-11-27T01:01:47Z,-40.12,0.0,174.25,0.0,98.0,2.0,ML,,,,2.8,0.4,9
3617657,2011-11-27T01:44:15Z,-40.16,0.0,173.56,0.0,179.0,6.0,ML,,,,2.9,0.2,4
3617660,2011-11-27T01:56:12Z,-45.72,0.0,166.94,0.0,12.0,0.0,ML,,,,2.5,0.2,4
3700444,2011-11-27T01:56:39Z,-45.71,0.0,166.93,0.0,12.0,0.0,ML,,,,2.5,0.1,5
3617664,2011-11-27T02:08:11Z,-38.08,0.0,175.95,0.0,146.0,4.0,ML,,,,3.4,0.2,13
3617676,2011-11-27T02:37:53Z,-37.37,0.0,179.98,0.0,33.0,0.0,Mw,4.7,nan,0,4.7,0.2,86
3701083,2011-11-27T03:08:30Z,-39.11,0.0,173.85,0.0,10.0,1.0,ML,,,,2.3,0.2,2
3617686,2011-11-27T03:08:33Z,-37.31,0.1,179.93,0.0,33.0,0.0,ML,,,,4.4,0.2,58
3701656,2011-11-27T03:18:32Z,-37.88,0.0,176.56,0.0,5.0,0.0,ML,,,,1.4,0.1,3
3617689,2011-11-27T03:19:11Z,-43.44,0.0,172.33,0.0,12.0,0.0,ML,,,,1.7,0.2,3
3701651,2011-11-27T03:20:02Z,-39.26,0.0,175.59,0.0,62.0,4.0,ML,,,,2.5,0.1,5
3617690,2011-11-27T03:21:20Z,-38.69,0.0,177.98,0.0,28.0,1.0,ML,,,,2.8,0.1,17
3617702,2011-11-27T03:48:37Z,-37.49,0.0,179.82,0.0,12.0,0.0,ML,,,,3.4,0.1,11
3701664,2011-11-27T03:49:27Z,-42.1,0.0,172.98,0.0,62.0,4.0,ML,,,,2.9,0.2,5
3617709,2011-11-27T04:06:23Z,-45.39,0.0,167.35,0.0,123.0,3.0,ML,,,,2.8,0.3,6
3617715,2011-11-27T04:24:41Z,-40.36,0.0,176.66,0.0,15.0,3.0,ML,,,,2.2,0.2,9
3617743,2011-11-27T05:55:48Z,-39.89,0.0,176.84,0.0,44.0,3.0,ML,,,,2.3,0.1,10
3617751,2011-11-27T06:25:11Z,-38.38,0.0,177.14,0.0,39.0,2.0,ML,,,,2.8,0.1,8
3617765,2011-11-27T07:14:47Z,-46.31,0.0,166.21,0.0,35.0,2.0,ML,,,,2.5,0.1,5
3617773,2011-11-27T07:43:18Z,-41.73,0.0,172.2,0.0,101.0,2.0,ML,,,,3.3,0.4,8
3617780,2011-11-27T08:02:52Z,-37.87,0.0,175.78,0.0,5.0,0.0,ML,,,,2.3,0.1,7
3617783,2011-11-27T08:15:42Z,-38.12,0.0,176.67,0.0,5.0,2.0,ML,,,,1.9,0.1,6
3617787,2011-11-27T08:28:24Z,-39.2,0.0,177.37,0.0,28.0,2.0,ML,,,,2.2,0.1,8
3617790,2011-11-27T08:33:09Z,-39.2,0.0,177.34,0.0,28.0,2.0,ML,,,,2.6,0.2,11
3617800,2011-11-27T09:03:26Z,-38.48,0.0,175.13,0.0,12.0,0.0,ML,,,,2.0,0.3,11
3617805,2011-11-27T09:16:13Z,-41.67,0.0,174.57,0.0,34.0,1.0,ML,,,,2.5,0.2,7
3617807,2011-11-27T09:22:50Z,-37.76,0.0,176.36,0.0,139.0,3.0,ML,,,,3.0,0.3,16
3617810,2011-11-27T09:33:06Z,-41.28,0.0,173.23,0.0,96.0,2.0,ML,,,,2.5,0.1,2
3704130,2011-11-27T09:34:33Z,-37.89,0.0,175.8,0.0,5.0,0.0,ML,,,,1.7,nan,1
3704129,2011-11-27T09:34:41Z,-41.26,0.0,172.71,0.0,166.0,3.0,ML,,,,2.7,0.1,2
3617828,2011-11-27T10:19:34Z,-38.93,0.0,178.03,0.0,28.0,1.0,ML,,,,2.7,0.1,10
3617833,2011-11-27T10:32:08Z,-37.86,0.1,179.88,0.1,33.0,0.0,ML,,,,3.2,0.2,5
3617838,2011-11-27T10:45:26Z,-37.42,0.0,179.96,0.0,33.0,0.0,ML,,,,3.2,0.1,5
3617853,2011-11-27T11:32:37Z,-46.02,0.0,165.6,0.0,12.0,0.0,ML,,,,2.6,0.1,5
3704156,2011-11-27T12:05:38Z,-46.04,0.0,165.83,0.0,5.0,0.0,ML,,,,2.9,0.2,5
3617864,2011-11-27T12:07:42Z,-36.76,0.0,178.13,0.0,33.0,0.0,ML,,,,2.9,0.2,6
3704155,2011-11-27T12:07:57Z,-38.11,0.0,176.7,0.0,5.0,0.0,ML,,,,1.3,0.1,3
3617866,2011-11-27T12:11:18Z,-40.17,0.0,176.35,0.0,55.0,2.0,ML,,,,2.2,0.3,10
3617867,2011-11-27T12:14:44Z,-40.65,0.0,172.6,0.0,5.0,0.0,ML,,,,2.2,0.4,4
3617869,2011-11-27T12:18:18Z,-37.42,0.0,179.83,0.0,33.0,0.0,ML,,,,2.6,0.1,7
3617879,2011-11-27T12:44:22Z,-45.83,0.0,165.6,0.1,33.0,0.0,ML,,,,2.9,0.3,7
3711576,2011-11-27T12:45:00Z,-38.09,0.0,177.24,0.0,59.0,3.0,ML,,,,2.3,0.1,6
3617893,2011-11-27T13:23:32Z,-39.32,0.0,176.32,0.0,70.0,3.0,ML,,,,2.4,0.1,7
3617907,2011-11-27T13:55:10Z,-37.77,0.1,179.8,0.1,33.0,0.0,ML,,,,3.0,0.2,5
3617909,2011-11-27T13:58:52Z,-41.34,0.0,173.13,0.0,86.0,2.0,ML,,,,2.5,0.1,3
3617911,2011-11-27T14:07:42Z,-37.44,0.1,177.4,0.1,61.0,6.0,ML,,,,2.0,0.1,4
3617912,2011-11-27T14:09:30Z,-38.9,0.0,177.52,0.0,27.0,2.0,ML,,,,2.0,0.1,6
3617918,2011-11-27T14:27:59Z,-40.28,0.0,176.68,0.0,25.0,2.0,ML,,,,2.1,0.2,11
3711669,2011-11-27T14:31:01Z,-37.69,0.0,179.72,0.0,5.0,0.0,ML,,,,3.0,0.2,4
3617923,2011-11-27T14:39:36Z,-38.68,0.0,177.24,0.0,59.0,2.0,ML,,,,2.0,0.3,3
3713074,2011-11-27T14:40:24Z,-37.82,0.0,179.72,0.0,12.0,0.0,ML,,,,2.9,0.2,5
3617924,2011-11-27T14:43:10Z,-39.75,0.0,177.06,0.0,9.0,2.0,ML,,,,2.4,0.1,11
3617932,2011-11-27T15:09:45Z,-37.82,0.0,176.63,0.0,5.0,2.0,ML,,,,1.6,0.1,5
3617934,2011-11-27T15:13:14Z,-37.61,0.0,179.75,0.0,5.0,0.0,ML,,,,2.5,0.1,6
3617944,2011-11-27T15:51:33Z,-37.93,0.0,178.28,0.0,56.0,2.0,ML,,,,2.2,0.1,7
3617952,2011-11-27T16:18:46Z,-39.27,0.0,173.74,0.0,12.0,0.0,ML,,,,1.7,0.0,2
3617960,2011-11-27T16:43:02Z,-37.43,0.0,177.41,0.0,86.0,3.0,ML,,,,3.1,0.1,7
3617967,2011-11-27T17:02:54Z,-43.57,0.0,172.56,0.0,10.0,1.0,ML,,,,2.8,0.4,5
3617975,2011-11-27T17:24:39Z,-37.95,0.1,178.49,0.0,22.0,4.0,ML,,,,2.2,0.3,3
3617976,2011-11-27T17:28:40Z,-38.08,0.0,178.63,0.0,29.0,2.0,ML,,,,2.6,0.2,5
3617978,2011-11-27T17:35:24Z,-41.76,0.0,172.0,0.0,5.0,0.0,ML,,,,3.1,0.3,6
3617981,2011-11-27T17:46:51Z,-45.52,0.0,167.04,0.0,75.0,2.0,ML,,,,3.3,0.1,11
3617990,2011-11-27T18:02:01Z,-43.6,0.0,172.63,0.0,5.0,0.0,ML,,,,2.7,0.3,3
3713133,2011-11-27T18:03:10Z,-38.33,0.0,179.12,0.0,33.0,0.0,ML,,,,2.5,0.1,3
3617998,2011-11-27T18:22:50Z,-37.39,0.0,179.84,0.0,5.0,0.0,ML,,,,3.9,0.2,9
3618008,2011-11-27T18:47:54Z,-39.36,0.0,175.02,0.0,31.0,1.0,ML,,,,2.3,0.1,5
3618023,2011-11-27T19:21:07Z,-37.42,0.0,-180.0,0.0,33.0,0.0,ML,,,,3.9,0.1,21
3618031,2011-11-27T19:43:53Z,-39.36,0.0,175.01,0.0,31.0,1.0,ML,,,,2.5,0.2,14
3713144,2011-11-27T19:44:29Z,-38.81,0.0,177.69,0.0,30.0,1.0,ML,,,,2.1,0.2,2
3618076,2011-11-27T21:36:11Z,-41.07,0.0,175.87,0.0,24.0,2.0,ML,,,,2.0,0.1,4
3618077,2011-11-27T21:39:13Z,-44.01,0.0,169.57,0.0,5.0,0.0,ML,,,,2.4,0.2,6
3618086,2011-11-27T22:03:19Z,-37.37,0.0,178.76,0.1,33.0,0.0,ML,,,,2.3,0.1,5
3618099,2011-11-27T22:31:46Z,-37.51,0.0,179.98,0.0,33.0,0.0,ML,,,,3.2,0.1,9
3618114,2011-11-27T23:05:06Z,-44.35,0.0,168.19,0.0,5.0,0.0,ML,,,,2.5,0.4,4
3713182,2011-11-27T23:06:42Z,-37.69,0.0,179.82,0.0,12.0,0.0,ML,,,,2.8,0.1,3
3618145,2011-11-28T00:28:39Z,-37.42,0.0,179.93,0.0,33.0,0.0,ML,,,,4.5,0.2,43
3618170,2011-11-28T01:25:21Z,-38.58,0.0,177.74,0.0,28.0,2.0,ML,,,,2.2,0.1,5
3618175,2011-11-28T01:42:14Z,-38.58,0.0,177.75,0.0,29.0,1.0,ML,,,,2.8,0.2,13
3618184,2011-11-28T02:01:27Z,-46.45,0.0,166.4,0.1,33.0,0.0,ML,,,,2.8,0.2,5
3618194,2011-11-28T02:26:06Z,-39.8,0.0,176.85,0.0,42.0,2.0,ML,,,,2.5,0.2,9
3618230,2011-11-28T03:46:58Z,-37.82,0.1,176.2,0.1,173.0,5.0,ML,,,,3.4,0.2,12
3618244,2011-11-28T04:22:40Z,-37.47,0.0,179.91,0.1,33.0,0.0,ML,,,,3.5,0.1,6
3618286,2011-11-28T05:52:08Z,-42.28,0.0,171.68,0.0,5.0,0.0,ML,,,,2.2,0.1,4
3618300,2011-11-28T06:21:00Z,-39.25,0.0,175.01,0.0,27.0,1.0,ML,,,,2.2,0.2,9
3618309,2011-11-28T06:47:58Z,-37.48,0.0,179.85,0.1,33.0,0.0,ML,,,,2.9,0.2,4
3618310,2011-11-28T06:49:43Z,-40.23,0.0,173.78,0.0,150.0,5.0,ML,,,,3.0,0.1,3
3618331,2011-11-28T07:39:52Z,-42.71,0.0,171.19,0.0,5.0,0.0,ML,,,,2.2,0.3,4
3618348,2011-11-28T08:21:54Z,-42.72,0.0,171.2,0.0,5.0,0.0,ML,,,,3.1,0.3,11
3618353,2011-11-28T08:34:20Z,-40.14,0.0,174.89,0.0,28.0,2.0,ML,,,,2.5,0.1,5
3618354,2011-11-28T08:39:10Z,-39.85,0.0,176.69,0.0,40.0,3.0,ML,,,,2.2,0.2,12
3699848,2011-11-28T08:39:34Z,-41.02,0.0,174.84,0.0,28.0,1.0,ML,,,,1.9,0.2,5
3618425,2011-11-28T11:50:28Z,-39.49,0.0,175.67,0.0,14.0,1.0,ML,,,,2.1,0.1,12
3618427,2011-11-28T11:55:49Z,-45.08,0.0,167.37,0.0,111.0,3.0,ML,,,,2.8,0.2,10
3618429,2011-11-28T12:03:56Z,-43.01,0.0,171.75,0.0,5.0,0.0,ML,,,,2.2,0.2,4
3618446,2011-11-28T12:44:19Z,-39.79,0.0,174.15,0.0,125.0,3.0,ML,,,,2.6,nan,1
3618447,2011-11-28T12:50:51Z,-40.87,0.0,175.79,0.0,28.0,1.0,ML,,,,2.1,0.2,7
3618452,2011-11-28T13:04:10Z,-38.07,0.0,176.71,0.0,2.0,0.0,ML,,,,2.2,0.1,6
3618464,2011-11-28T13:32:41Z,-38.14,0.0,178.96,0.0,33.0,0.0,ML,,,,2.2,0.1,2
3618466,2011-11-28T13:37:05Z,-38.81,0.0,178.44,0.0,33.0,0.0,ML,,,,3.1,0.3,22
3618469,2011-11-28T13:47:36Z,-36.99,0.0,176.91,0.0,104.0,6.0,ML,,,,2.6,0.3,5
3618526,2011-11-28T16:18:48Z,-44.61,0.0,168.45,0.0,5.0,0.0,ML,,,,2.5,0.3,8
3618544,2011-11-28T17:10:44Z,-41.03,0.0,172.43,0.0,5.0,0.0,ML,,,,2.3,0.2,4
3618546,2011-11-28T17:15:21Z,-39.97,0.0,176.79,0.0,44.0,3.0,ML,,,,2.3,0.2,6
3618550,2011-11-28T17:31:52Z,-42.25,0.0,171.32,0.0,5.0,0.0,ML,,,,2.7,0.3,7
3618564,2011-11-28T18:20:45Z,-41.61,0.0,173.97,0.0,14.0,1.0,ML,,,,2.5,0.3,4
3618581,2011-11-28T19:12:54Z,-39.53,0.0,175.8,0.0,51.0,3.0,ML,,,,2.1,0.1,3
3618586,2011-11-28T19:34:07Z,-37.35,0.0,179.92,0.0,33.0,0.0,ML,,,,3.5,0.2,9
3618605,2011-11-28T20:26:21Z,-41.61,0.0,174.28,0.0,12.0,1.0,ML,,,,2.7,0.2,9
3618616,2011-11-28T20:55:18Z,-40.27,0.0,175.04,0.0,23.0,3.0,ML,,,,2.5,0.4,6
3618630,2011-11-28T21:39:00Z,-39.17,0.0,175.38,0.0,12.0,0.0,ML,,,,1.7,0.1,9
3618663,2011-11-28T23:09:20Z,-40.86,0.0,175.05,0.0,32.0,1.0,ML,,,,2.4,0.1,8
3618672,2011-11-28T23:36:49Z,-41.48,0.0,173.95,0.0,40.0,1.0,ML,,,,2.4,0.3,7
3618685,2011-11-29T00:11:06Z,-44.9,0.0,167.59,0.0,79.0,3.0,ML,,,,2.9,0.2,5
3618695,2011-11-29T00:47:24Z,-39.71,0.0,176.88,0.0,50.0,2.0,ML,,,,2.7,0.1,10
3618717,2011-11-29T01:43:26Z,-38.02,0.0,176.51,0.0,5.0,0.0,ML,,,,1.6,0.2,4
3618743,2011-11-29T02:46:50Z,-45.08,0.0,167.42,0.0,122.0,3.0,ML,,,,3.1,0.2,10
3618758,2011-11-29T03:30:21Z,-38.26,0.0,175.16,0.1,232.0,5.0,ML,,,,3.5,0.2,20
3618796,2011-11-29T04:31:36Z,-43.62,0.0,172.07,0.0,5.0,0.0,ML,,,,2.6,0.4,4
3618806,2011-11-29T05:01:39Z,-39.69,0.0,176.5,0.0,27.0,2.0,ML,,,,2.0,0.2,10
3618831,2011-11-29T06:17:37Z,-42.9,0.0,170.56,0.0,5.0,0.0,ML,,,,2.6,0.3,3
3618834,2011-11-29T06:28:11Z,-43.63,0.0,172.37,0.0,5.0,0.0,ML,,,,2.6,0.3,7
3618849,2011-11-29T07:08:44Z,-41.74,0.0,174.12,0.0,12.0,0.0,ML,,,,2.7,0.4,8
3618857,2011-11-29T07:26:26Z,-40.69,0.0,172.29,0.0,5.0,0.0,ML,,,,2.9,0.4,8
3618859,2011-11-29T07:29:15Z,-37.19,0.0,177.62,0.0,78.0,4.0,ML,,,,3.8,0.2,21
3618875,2011-11-29T08:03:08Z,-43.59,0.0,172.67,0.0,6.0,1.0,ML,,,,3.2,0.2,8
3618878,2011-11-29T08:10:46Z,-40.18,0.0,174.12,0.0,128.0,3.0,ML,,,,3.1,0.1,7
3618881,2011-11-29T08:22:13Z,-41.33,0.0,173.7,0.0,65.0,3.0,ML,,,,2.8,0.1,6
3618891,2011-11-29T08:46:29Z,-39.88,0.0,176.88,0.0,12.0,0.0,ML,,,,2.0,0.2,8
3618906,2011-11-29T09:32:15Z,-43.23,0.0,171.6,0.0,5.0,0.0,ML,,,,2.6,0.3,8
3618920,2011-11-29T10:05:55Z,-37.47,0.0,179.85,0.0,33.0,0.0,ML,,,,3.1,0.2,6
3619133,2011-11-29T10:07:09Z,-44.48,0.0,172.98,0.1,12.0,0.0,ML,,,,2.9,0.4,5
3618925,2011-11-29T10:17:46Z,-39.36,0.0,175.27,0.0,28.0,1.0,ML,,,,2.7,0.2,25
3618929,2011-11-29T10:32:21Z,-38.78,0.1,175.56,0.1,122.0,12.0,ML,,,,2.8,0.3,11
3618932,2011-11-29T10:41:15Z,-39.12,0.0,175.66,0.0,5.0,0.0,ML,,,,1.4,0.3,4
3618948,2011-11-29T11:18:47Z,-38.35,0.1,179.2,0.1,33.0,0.0,ML,,,,2.6,0.3,6
3618949,2011-11-29T11:21:19Z,-39.51,0.0,175.65,0.0,19.0,2.0,ML,,,,1.9,0.3,13
3702053,2011-11-29T11:35:41Z,-41.36,0.0,172.61,0.1,143.0,7.0,ML,,,,3.0,nan,1
3618954,2011-11-29T11:35:49Z,-39.16,0.0,175.63,0.0,1.0,0.0,ML,,,,1.2,0.3,4
3618967,2011-11-29T12:10:10Z,-38.31,0.0,178.08,0.0,31.0,1.0,ML,,,,2.4,0.1,5
3618973,2011-11-29T12:20:05Z,-39.77,0.0,177.06,0.0,21.0,2.0,ML,,,,2.4,0.1,8
3618974,2011-11-29T12:21:21Z,-38.32,0.0,179.24,0.0,33.0,0.0,ML,,,,3.0,0.3,7
3618975,2011-11-29T12:23:34Z,-37.34,0.0,179.72,0.0,33.0,0.0,ML,,,,3.0,0.2,9
3618976,2011-11-29T12:26:05Z,-39.99,0.0,176.74,0.0,47.0,2.0,ML,,,,2.0,0.2,6
3619000,2011-11-29T13:38:27Z,-37.38,0.0,179.75,0.1,33.0,0.0,ML,,,,3.1,0.1,4
3619006,2011-11-29T13:55:33Z,-45.15,0.0,167.42,0.0,119.0,2.0,ML,,,,2.9,0.2,12
3619018,2011-11-29T14:24:39Z,-38.33,0.0,175.93,0.0,174.0,3.0,ML,,,,3.5,0.2,21
3619028,2011-11-29T14:44:02Z,-39.99,0.0,173.22,0.0,5.0,0.0,ML,,,,3.2,0.2,20
3619036,2011-11-29T15:11:51Z,-43.57,0.0,172.65,0.0,4.0,1.0,ML,,,,3.3,0.2,10
3702069,2011-11-29T15:13:44Z,-38.72,0.0,178.57,0.0,33.0,0.0,ML,,,,2.6,0.2,5
3619042,2011-11-29T15:32:16Z,-44.93,0.0,169.4,0.0,5.0,0.0,ML,,,,3.6,0.2,16
3619050,2011-11-29T15:54:05Z,-38.02,0.0,176.51,0.0,5.0,0.0,ML,,,,1.5,0.2,7
3619052,2011-11-29T15:58:53Z,-40.37,0.0,175.83,0.0,34.0,1.0,ML,,,,1.9,0.2,5
3619063,2011-11-29T16:26:39Z,-38.6,0.0,178.5,0.0,28.0,1.0,ML,,,,3.3,0.2,18
3619073,2011-11-29T16:52:29Z,-39.97,0.0,176.65,0.0,40.0,2.0,ML,,,,2.1,0.2,10
3702079,2011-11-29T17:03:49Z,-36.22,0.1,177.9,0.1,193.0,9.0,ML,,,,3.4,0.2,3
3619112,2011-11-29T18:36:49Z,-43.54,0.0,172.18,0.0,5.0,0.0,ML,,,,2.5,0.3,6
3619141,2011-11-29T19:59:23Z,-39.8,0.0,176.7,0.0,39.0,2.0,ML,,,,2.4,0.1,6
3619163,2011-11-29T20:58:32Z,-38.32,0.0,177.63,0.0,49.0,2.0,ML,,,,2.6,0.2,7
3619170,2011-11-29T20:58:35Z,-45.38,0.0,166.85,0.1,50.0,3.0,ML,,,,2.4,0.1,6
3619172,2011-11-29T21:13:15Z,-40.18,0.0,174.96,0.0,12.0,0.0,ML,,,,3.2,0.2,46
3619178,2011-11-29T21:30:35Z,-37.44,0.1,179.94,0.1,33.0,0.0,ML,,,,3.3,0.3,7
3619198,2011-11-29T22:26:30Z,-37.37,0.0,179.76,0.0,33.0,0.0,ML,,,,3.4,0.2,5
3619201,2011-11-29T22:31:04Z,-43.14,0.0,170.89,0.0,5.0,0.0,ML,,,,2.4,0.3,7
3619202,2011-11-29T22:37:59Z,-39.81,0.0,176.63,0.0,38.0,3.0,ML,,,,2.0,0.1,5
3619209,2011-11-29T22:55:38Z,-37.39,0.0,179.8,0.0,33.0,0.0,ML,,,,3.3,0.2,5
3619210,2011-11-29T22:58:50Z,-43.59,0.0,172.62,0.0,5.0,0.0,ML,,,,2.9,0.3,5
3619252,2011-11-30T00:37:19Z,-38.01,0.0,176.51,0.0,5.0,0.0,ML,,,,1.8,0.1,6
3619282,2011-11-30T02:03:56Z,-37.76,0.0,177.39,0.0,93.0,3.0,ML,,,,2.9,0.2,5
3619294,2011-11-30T02:34:05Z,-40.42,0.0,176.63,0.0,29.0,1.0,ML,,,,2.2,0.1,5
3619306,2011-11-30T03:00:33Z,-43.7,0.0,179.62,0.0,33.0,0.0,ML,,,,4.4,0.2,60
3619311,2011-11-30T03:22:23Z,-40.24,0.0,175.17,0.0,23.0,1.0,ML,,,,2.4,0.5,7
3619325,2011-11-30T04:00:02Z,-44.59,0.0,168.33,0.0,5.0,0.0,ML,,,,3.5,0.2,10
3619342,2011-11-30T04:48:29Z,-41.29,0.0,175.29,0.0,26.0,1.0,ML,,,,2.0,0.1,9
3619360,2011-11-30T05:43:10Z,-38.08,0.0,176.73,0.0,5.0,1.0,ML,,,,1.8,0.2,5
3619367,2011-11-30T06:09:18Z,-43.73,0.0,172.89,0.0,12.0,0.0,ML,,,,3.6,0.2,13
3619379,2011-11-30T06:39:48Z,-35.94,0.1,177.95,0.1,193.0,10.0,ML,,,,3.3,0.1,6
3619399,2011-11-30T07:30:02Z,-43.68,0.0,172.9,0.0,5.0,0.0,ML,,,,2.9,0.3,10
3619402,2011-11-30T07:38:40Z,-37.45,0.0,179.83,0.0,5.0,0.0,ML,,,,3.7,0.2,15
3619423,2011-11-30T08:33:06Z,-39.59,0.0,174.38,0.0,204.0,4.0,ML,,,,2.8,0.3,3
3619434,2011-11-30T08:39:29Z,-37.31,0.0,179.92,0.0,33.0,0.0,ML,,,,3.1,0.2,7
3619425,2011-11-30T08:39:38Z,-43.57,0.0,172.63,0.0,5.0,0.0,ML,,,,2.7,0.3,4
3619436,2011-11-30T09:08:41Z,-37.38,0.0,179.83,0.0,33.0,0.0,ML,,,,3.2,0.3,5
3619454,2011-11-30T10:07:00Z,-40.28,0.0,178.44,0.0,33.0,0.0,ML,,,,2.9,0.1,7
3619458,2011-11-30T10:14:52Z,-35.77,0.1,178.23,0.1,182.0,7.0,ML,,,,3.8,0.1,13
3619460,2011-11-30T10:19:12Z,-39.59,0.0,175.19,0.0,83.0,2.0,ML,,,,2.1,0.0,2
3619488,2011-11-30T11:30:09Z,-39.19,0.0,174.74,0.0,21.0,2.0,ML,,,,2.0,0.4,4
3619510,2011-11-30T12:35:52Z,-39.53,0.0,175.65,0.0,10.0,1.0,ML,,,,2.5,0.2,28
3619524,2011-11-30T13:20:37Z,-40.13,0.0,174.8,0.0,27.0,1.0,ML,,,,2.2,0.3,10
3619542,2011-11-30T14:23:17Z,-37.57,0.0,179.71,0.0,12.0,0.0,ML,,,,3.0,0.2,5
3619656,2011-11-30T14:23:32Z,-40.73,0.0,175.8,0.0,27.0,1.0,ML,,,,2.0,0.2,9
3619550,2011-11-30T14:55:50Z,-39.33,0.0,177.27,0.0,28.0,1.0,ML,,,,2.0,0.1,15
3619551,2011-11-30T14:59:06Z,-38.76,0.0,178.15,0.0,31.0,1.0,ML,,,,2.0,0.2,10
3619562,2011-11-30T15:35:51Z,-43.54,0.0,172.21,0.0,5.0,0.0,ML,,,,2.5,0.3,8
3619567,2011-11-30T15:54:38Z,-41.31,0.0,172.69,0.0,146.0,2.0,ML,,,,3.1,0.3,10
3619577,2011-11-30T16:13:56Z,-39.63,0.0,176.72,0.0,25.0,1.0,ML,,,,2.9,0.2,31
3619578,2011-11-30T16:17:27Z,-39.13,0.0,175.13,0.0,24.0,1.0,ML,,,,2.0,0.3,14
3619625,2011-11-30T18:23:55Z,-39.67,0.0,175.65,0.0,22.0,3.0,ML,,,,2.3,0.4,11
3619633,2011-11-30T18:46:19Z,-37.43,0.0,179.91,0.0,33.0,0.0,ML,,,,3.7,0.2,17
3619635,2011-11-30T18:52:21Z,-40.65,0.0,175.89,0.0,33.0,0.0,ML,,,,3.1,0.2,29
3619677,2011-11-30T18:52:51Z,-38.84,0.0,176.52,0.0,53.0,2.0,ML,,,,2.9,0.2,11
3619642,2011-11-30T19:15:12Z,-37.24,0.1,176.55,0.1,213.0,5.0,ML,,,,3.5,0.2,7
3619649,2011-11-30T19:38:16Z,-43.56,0.0,171.55,0.0,5.0,0.0,ML,,,,2.4,0.4,5
3619724,2011-11-30T21:21:46Z,-38.76,0.0,178.03,0.0,33.0,0.0,ML,,,,2.3,0.1,4
3619691,2011-11-30T21:21:48Z,-39.34,0.0,175.4,0.0,20.0,1.0,ML,,,,1.7,0.3,7
3619697,2011-11-30T21:28:52Z,-37.84,0.0,176.63,0.0,5.0,0.0,ML,,,,2.0,0.1,4
3619717,2011-11-30T22:17:06Z,-39.91,0.0,176.59,0.0,29.0,1.0,ML,,,,2.3,0.1,7
3619731,2011-11-30T22:43:43Z,-39.23,0.0,174.82,0.0,219.0,2.0,ML,,,,3.1,0.2,5
3619739,2011-11-30T23:05:08Z,-38.63,0.0,176.1,0.0,2.0,0.0,ML,,,,1.8,0.1,2
3619741,2011-11-30T23:11:21Z,-38.64,0.0,176.1,0.0,2.0,0.0,ML,,,,2.1,0.3,3
3619775,2011-12-01T00:49:56Z,-37.55,0.0,179.74,0.0,5.0,0.0,ML,,,,3.0,0.2,7
3619787,2011-12-01T01:22:02Z,-37.34,0.0,178.4,0.0,33.0,0.0,ML,,,,2.9,0.2,7
3619800,2011-12-01T01:50:42Z,-42.1,0.0,172.87,0.0,65.0,1.0,ML,,,,2.6,nan,1
3619823,2011-12-01T02:45:05Z,-40.26,0.0,175.06,0.0,22.0,2.0,ML,,,,2.5,0.1,8
3619826,2011-12-01T02:48:29Z,-40.26,0.0,175.06,0.0,22.0,2.0,ML,,,,2.6,0.1,9
3619897,2011-12-01T06:27:37Z,-40.23,0.0,175.0,0.0,38.0,2.0,ML,,,,2.2,0.1,6
3619922,2011-12-01T07:39:11Z,-37.55,0.1,176.18,0.1,281.0,4.0,ML,,,,3.2,0.2,12
3619923,2011-12-01T07:41:34Z,-43.63,0.0,172.35,0.0,5.0,0.0,ML,,,,2.6,0.3,6
3619929,2011-12-01T08:01:30Z,-40.74,0.0,173.93,0.0,84.0,3.0,ML,,,,2.5,0.0,2
3619951,2011-12-01T08:43:01Z,-41.27,0.0,175.34,0.0,20.0,1.0,ML,,,,2.3,0.1,8
3619959,2011-12-01T09:12:06Z,-43.57,0.0,171.85,0.0,5.0,0.0,ML,,,,2.4,0.4,9
3619964,2011-12-01T09:34:36Z,-37.71,0.0,179.07,0.0,12.0,0.0,ML,,,,2.5,0.3,9
3619971,2011-12-01T09:58:29Z,-39.22,0.0,175.35,0.0,17.0,1.0,ML,,,,1.8,0.4,8
3619973,2011-12-01T10:02:59Z,-36.47,0.1,177.43,0.1,158.0,8.0,ML,,,,3.5,0.1,10
3619977,2011-12-01T10:16:26Z,-38.6,0.0,177.79,0.0,12.0,0.0,ML,,,,1.9,0.1,7
3619979,2011-12-01T10:20:10Z,-38.58,0.0,175.96,0.0,5.0,0.0,ML,,,,1.9,0.3,5
3620008,2011-12-01T11:36:29Z,-45.34,0.0,166.81,0.0,23.0,2.0,ML,,,,2.6,0.2,5
3620015,2011-12-01T12:00:47Z,-37.78,0.0,176.25,0.0,159.0,4.0,ML,,,,2.7,0.2,11
3620151,2011-12-01T12:01:52Z,-41.78,0.0,173.95,0.0,12.0,0.0,ML,,,,2.5,0.3,8
3620025,2011-12-01T12:33:51Z,-44.72,0.0,167.88,0.0,97.0,2.0,ML,,,,2.3,0.2,7
3620036,2011-12-01T13:06:06Z,-39.03,0.0,175.41,0.0,104.0,3.0,ML,,,,2.8,0.2,7
3620154,2011-12-01T13:06:49Z,-39.73,0.0,176.5,0.0,22.0,1.0,ML,,,,2.8,0.1,31
3620043,2011-12-01T13:28:34Z,-39.73,0.0,176.5,0.0,23.0,1.0,ML,,,,2.7,0.1,29
3620048,2011-12-01T13:42:53Z,-45.09,0.0,167.51,0.0,118.0,3.0,ML,,,,2.7,0.3,10
3620053,2011-12-01T13:52:29Z,-42.02,0.0,171.82,0.0,5.0,0.0,ML,,,,2.5,0.4,8
3620054,2011-12-01T13:55:28Z,-41.78,0.0,173.71,0.0,5.0,0.0,ML,,,,1.8,0.3,6
3620179,2011-12-01T13:57:03Z,-39.2,0.0,177.9,0.0,47.0,2.0,ML,,,,2.3,0.2,10
3620055,2011-12-01T13:59:24Z,-40.9,0.0,175.2,0.0,26.0,1.0,ML,,,,2.4,0.1,8
3620062,2011-12-01T14:19:22Z,-40.94,0.0,175.51,0.0,21.0,1.0,ML,,,,2.2,0.3,9
3620074,2011-12-01T14:50:55Z,-37.43,0.0,179.51,0.0,12.0,0.0,ML,,,,4.0,0.2,25
3620077,2011-12-01T15:01:05Z,-38.94,0.0,177.97,0.0,24.0,1.0,ML,,,,2.3,0.2,6
3620099,2011-12-01T16:03:23Z,-40.4,0.0,176.14,0.0,33.0,0.0,ML,,,,1.8,0.2,7
3620106,2011-12-01T16:28:01Z,-37.7,0.0,179.69,0.0,5.0,0.0,ML,,,,3.2,0.2,7
3620118,2011-12-01T17:06:28Z,-43.62,0.0,172.6,0.0,12.0,0.0,ML,,,,3.3,0.2,7
3620119,2011-12-01T17:10:07Z,-41.12,0.0,174.47,0.0,39.0,1.0,ML,,,,2.7,0.1,11
3620155,2011-12-01T18:56:02Z,-43.56,0.0,171.92,0.0,5.0,0.0,ML,,,,2.6,0.4,10
3620168,2011-12-01T19:34:14Z,-38.2,0.0,176.75,0.0,5.0,0.0,ML,,,,1.9,0.3,5
3620189,2011-12-01T20:22:51Z,-40.1,0.0,175.31,0.0,27.0,1.0,ML,,,,2.5,0.1,10
3620191,2011-12-01T20:26:42Z,-37.5,0.1,176.96,0.1,112.0,6.0,ML,,,,2.7,0.2,4
3620200,2011-12-01T20:45:27Z,-41.39,0.0,174.56,0.0,28.0,1.0,ML,,,,2.2,0.3,12
3620203,2011-12-01T20:51:02Z,-40.21,0.0,175.23,0.0,12.0,0.0,ML,,,,2.4,0.1,7
3620214,2011-12-01T21:16:15Z,-39.64,0.0,176.69,0.0,29.0,1.0,ML,,,,2.2,0.1,5
3620272,2011-12-01T23:22:49Z,-38.36,0.0,177.32,0.0,43.0,2.0,ML,,,,3.1,0.2,12
3620278,2011-12-01T23:34:17Z,-39.13,0.0,174.93,0.0,31.0,1.0,ML,,,,2.2,0.1,7
3620294,2011-12-02T00:10:19Z,-36.92,0.0,175.14,0.0,9.0,1.0,ML,,,,2.1,0.2,4
3620297,2011-12-02T00:18:02Z,-43.5,0.0,172.74,0.0,5.0,0.0,ML,,,,2.7,0.3,5
3620316,2011-12-02T01:10:11Z,-46.19,0.0,166.12,0.1,33.0,0.0,ML,,,,4.1,0.2,15
3620320,2011-12-02T01:22:55Z,-39.01,0.0,177.74,0.0,30.0,1.0,ML,,,,2.5,0.2,7
3702590,2011-12-02T01:24:59Z,-45.43,0.0,166.83,0.0,12.0,0.0,ML,,,,2.5,0.2,7
3620323,2011-12-02T01:31:47Z,-44.15,0.0,168.79,0.0,5.0,0.0,ML,,,,2.3,0.3,6
3620328,2011-12-02T01:47:33Z,-36.52,0.1,176.83,0.1,220.0,7.0,ML,,,,3.6,0.1,7
3620356,2011-12-02T02:57:28Z,-40.85,0.0,175.73,0.0,25.0,1.0,ML,,,,1.9,0.1,6
3620464,2011-12-02T08:02:50Z,-37.56,0.0,-179.87,0.0,33.0,0.0,ML,,,,3.4,0.2,10
3702610,2011-12-02T08:08:18Z,-43.55,0.0,171.74,0.0,5.0,0.0,ML,,,,2.7,0.3,5
3620481,2011-12-02T08:43:07Z,-38.05,0.0,175.81,0.0,153.0,7.0,ML,,,,3.0,0.3,13
3620482,2011-12-02T08:46:01Z,-39.32,0.0,177.06,0.0,31.0,1.0,ML,,,,2.1,0.1,10
3620520,2011-12-02T08:46:25Z,-42.21,0.0,174.31,0.0,33.0,0.0,ML,,,,2.5,0.2,9
3620492,2011-12-02T09:05:34Z,-40.94,0.0,172.65,0.0,5.0,0.0,ML,,,,2.5,0.4,6
3620522,2011-12-02T09:06:34Z,-43.19,0.0,172.08,0.0,5.0,0.0,ML,,,,2.0,0.1,3
3620496,2011-12-02T09:13:41Z,-37.38,0.0,179.96,0.0,33.0,0.0,ML,,,,3.7,0.2,17
3620499,2011-12-02T09:23:52Z,-39.98,0.0,176.85,0.1,47.0,4.0,ML,,,,1.8,0.2,4
3620501,2011-12-02T09:27:42Z,-39.25,0.0,175.33,0.0,18.0,1.0,ML,,,,1.8,0.3,6
3620514,2011-12-02T10:00:04Z,-37.24,0.0,179.92,0.0,33.0,0.0,ML,,,,3.5,0.2,9
3705761,2011-12-02T10:01:22Z,-37.39,0.0,179.87,0.0,33.0,0.0,ML,,,,3.2,0.2,5
3620531,2011-12-02T10:38:23Z,-37.39,0.0,-179.96,0.0,33.0,0.0,ML,,,,3.6,0.2,15
3620533,2011-12-02T10:47:36Z,-36.12,0.1,178.31,0.1,195.0,9.0,ML,,,,3.2,0.2,10
3620534,2011-12-02T10:49:45Z,-37.84,0.0,176.12,0.0,147.0,4.0,ML,,,,2.8,0.4,10
3620535,2011-12-02T10:54:28Z,-43.59,0.0,172.71,0.0,9.0,1.0,ML,,,,2.5,0.4,5
3620537,2011-12-02T10:56:14Z,-37.38,0.0,179.96,0.0,33.0,0.0,ML,,,,4.2,0.2,49
3620539,2011-12-02T11:05:08Z,-35.75,0.1,177.63,0.1,203.0,14.0,ML,,,,3.2,0.2,9
3620554,2011-12-02T11:45:18Z,-37.47,0.0,179.93,0.0,33.0,0.0,ML,,,,3.0,0.2,10
3620556,2011-12-02T11:48:32Z,-36.7,0.1,176.63,0.1,246.0,6.0,ML,,,,3.9,0.2,19
3620560,2011-12-02T12:04:26Z,-43.61,0.0,172.58,0.0,7.0,1.0,ML,,,,3.3,0.1,5
3620563,2011-12-02T12:14:11Z,-40.99,0.0,174.01,0.0,55.0,2.0,ML,,,,2.5,0.2,8
3620566,2011-12-02T12:25:03Z,-43.58,0.0,171.75,0.0,5.0,0.0,ML,,,,2.4,0.3,4
3620570,2011-12-02T12:41:40Z,-44.91,0.0,167.48,0.0,73.0,3.0,ML,,,,3.1,0.2,6
3620715,2011-12-02T12:44:10Z,-38.51,0.0,176.19,0.0,101.0,4.0,ML,,,,2.7,0.3,16
3620579,2011-12-02T13:10:24Z,-39.65,0.0,176.28,0.0,31.0,2.0,ML,,,,1.9,0.3,9
3620581,2011-12-02T13:15:43Z,-37.57,0.0,179.99,0.0,33.0,0.0,ML,,,,2.9,0.3,9
3620591,2011-12-02T13:45:28Z,-40.38,0.0,175.26,0.0,77.0,3.0,ML,,,,2.1,0.0,3
3620603,2011-12-02T14:20:31Z,-38.3,0.0,175.45,0.1,118.0,9.0,ML,,,,2.7,0.3,9
3620607,2011-12-02T14:29:20Z,-37.35,0.0,179.96,0.0,33.0,0.0,ML,,,,4.0,0.2,29
3620609,2011-12-02T14:35:55Z,-39.11,0.0,177.45,0.0,27.0,1.0,ML,,,,2.1,0.2,13
3620613,2011-12-02T14:47:34Z,-44.96,0.0,167.5,0.0,84.0,3.0,ML,,,,2.2,0.2,8
3620616,2011-12-02T14:59:49Z,-38.94,0.0,178.09,0.0,21.0,2.0,ML,,,,2.0,0.2,6
3620641,2011-12-02T16:12:38Z,-37.25,0.0,176.92,0.0,151.0,5.0,ML,,,,3.3,0.3,6
3620656,2011-12-02T16:55:44Z,-40.3,0.0,174.35,0.0,89.0,3.0,ML,,,,2.9,0.1,7
3620659,2011-12-02T17:06:17Z,-41.14,0.0,174.03,0.0,47.0,2.0,ML,,,,2.4,0.1,5
3620662,2011-12-02T17:13:27Z,-39.21,0.0,175.47,0.0,100.0,3.0,ML,,,,2.8,0.3,12
3620680,2011-12-02T18:14:51Z,-38.89,0.0,178.43,0.0,27.0,2.0,ML,,,,2.5,0.1,10
3620685,2011-12-02T18:29:07Z,-39.88,0.0,174.11,0.0,162.0,5.0,ML,,,,2.9,0.3,8
3620686,2011-12-02T18:33:50Z,-39.2,0.0,173.96,0.0,14.0,3.0,ML,,,,1.9,0.1,3
3706335,2011-12-02T18:34:17Z,-37.44,0.0,179.97,0.0,33.0,0.0,ML,,,,2.9,0.1,5
3620694,2011-12-02T18:58:15Z,-39.23,0.0,174.83,0.0,15.0,2.0,ML,,,,2.9,0.2,31
3620698,2011-12-02T19:10:00Z,-39.3,0.0,174.76,0.0,30.0,1.0,ML,,,,2.4,0.3,11
3620728,2011-12-02T20:39:05Z,-37.93,0.0,177.28,0.0,63.0,2.0,ML,,,,3.0,0.2,12
3620729,2011-12-02T20:42:30Z,-38.95,0.0,177.85,0.0,33.0,1.0,ML,,,,2.7,0.2,12
3620734,2011-12-02T20:54:44Z,-37.55,0.0,179.87,0.0,33.0,0.0,ML,,,,3.6,0.2,14
3620752,2011-12-02T21:46:58Z,-37.57,0.0,179.94,0.0,33.0,0.0,ML,,,,3.2,0.2,12
3620757,2011-12-02T22:05:39Z,-45.74,0.0,166.91,0.0,81.0,2.0,ML,,,,3.1,0.1,7
3620821,2011-12-02T22:50:32Z,-40.69,0.0,176.29,0.0,31.0,0.0,ML,,,,2.3,0.4,3
3620773,2011-12-02T22:50:56Z,-43.61,0.0,172.54,0.0,5.0,1.0,ML,,,,2.8,0.2,5
3706350,2011-12-02T23:19:29Z,-37.66,0.1,-179.97,0.0,33.0,0.0,ML,,,,3.4,0.1,9
3620783,2011-12-02T23:19:29Z,-39.69,0.0,177.44,0.0,29.0,1.0,ML,,,,2.6,0.1,7
3620785,2011-12-02T23:25:25Z,-40.05,0.0,176.4,0.0,32.0,1.0,ML,,,,2.1,0.2,8
3620793,2011-12-02T23:46:15Z,-43.59,0.0,172.37,0.0,5.0,0.0,ML,,,,2.4,0.1,3
3620796,2011-12-02T23:58:31Z,-38.16,0.0,179.06,0.1,33.0,0.0,ML,,,,3.2,0.2,8
3620809,2011-12-03T00:31:11Z,-40.46,0.0,173.41,0.0,152.0,3.0,ML,,,,3.6,0.2,22
3620846,2011-12-03T02:32:31Z,-36.9,0.1,176.56,0.1,312.0,6.0,ML,,,,3.8,0.2,8
3620852,2011-12-03T02:48:33Z,-39.88,0.0,174.4,0.0,109.0,2.0,ML,,,,2.9,0.3,16
3620858,2011-12-03T03:07:42Z,-41.21,0.0,172.79,0.0,166.0,3.0,ML,,,,3.2,0.1,4
3620875,2011-12-03T03:52:21Z,-38.35,0.0,177.8,0.0,33.0,0.0,ML,,,,3.0,0.2,12
3620889,2011-12-03T04:35:00Z,-36.97,0.1,177.13,0.1,161.0,8.0,ML,,,,3.4,0.2,7
3620893,2011-12-03T04:45:14Z,-40.0,0.0,176.6,0.0,50.0,4.0,ML,,,,2.2,0.1,8
3620903,2011-12-03T05:15:16Z,-45.34,0.0,166.88,0.0,24.0,2.0,ML,,,,2.5,0.2,5
3620906,2011-12-03T05:24:52Z,-37.91,0.0,176.49,0.0,109.0,6.0,ML,,,,2.9,0.3,7
3620915,2011-12-03T05:46:30Z,-44.98,0.0,167.52,0.0,82.0,2.0,ML,,,,2.9,0.1,4
3620919,2011-12-03T05:59:17Z,-41.29,0.0,173.48,0.0,85.0,2.0,ML,,,,3.3,0.1,17
3620920,2011-12-03T06:03:39Z,-40.65,0.0,175.4,0.0,33.0,0.0,ML,,,,2.3,0.2,7
3620927,2011-12-03T06:19:10Z,-41.35,0.0,174.32,0.0,55.0,1.0,Mw,5.1,nan,0,5.6,0.2,57
3620929,2011-12-03T06:27:40Z,-41.33,0.0,174.31,0.0,55.0,1.0,ML,,,,2.5,0.2,9
3620948,2011-12-03T07:24:41Z,-44.72,0.0,167.53,0.0,5.0,0.0,ML,,,,2.6,0.2,9
3620964,2011-12-03T08:07:12Z,-40.52,0.0,175.91,0.0,29.0,1.0,ML,,,,2.4,0.1,6
3620979,2011-12-03T08:46:53Z,-36.84,0.1,176.72,0.1,216.0,5.0,ML,,,,3.5,0.2,8
3620984,2011-12-03T08:59:34Z,-41.66,0.0,173.96,0.0,12.0,0.0,ML,,,,2.3,0.3,11
3620986,2011-12-03T09:05:23Z,-38.41,0.0,176.38,0.1,81.0,6.0,ML,,,,2.1,0.1,4
3620992,2011-12-03T09:20:35Z,-41.32,0.0,174.31,0.0,63.0,1.0,ML,,,,2.5,0.1,5
3620994,2011-12-03T09:31:02Z,-40.21,0.0,175.02,0.0,24.0,2.0,ML,,,,2.4,0.4,8
3620997,2011-12-03T09:39:58Z,-45.32,0.0,167.3,0.0,90.0,2.0,ML,,,,2.8,0.2,7
3621183,2011-12-03T09:40:12Z,-41.36,0.0,174.2,0.0,34.0,1.0,ML,,,,1.9,0.2,3
3621025,2011-12-03T11:03:47Z,-37.65,0.0,-179.95,0.0,33.0,0.0,ML,,,,3.3,0.1,10
3621035,2011-12-03T11:29:29Z,-44.59,0.0,170.87,0.0,12.0,0.0,ML,,,,2.5,0.3,4
3621051,2011-12-03T12:20:24Z,-44.34,0.0,168.43,0.0,5.0,0.0,ML,,,,2.9,0.2,6
3621061,2011-12-03T12:54:56Z,-37.49,0.0,-179.99,0.0,33.0,0.0,ML,,,,3.3,0.1,7
3621068,2011-12-03T13:18:47Z,-37.93,0.0,176.52,0.0,5.0,0.0,ML,,,,1.7,0.1,7
3621087,2011-12-03T14:23:42Z,-41.36,0.0,174.34,0.0,53.0,1.0,ML,,,,2.4,0.1,8
3621096,2011-12-03T14:53:28Z,-40.31,0.0,176.14,0.0,52.0,2.0,ML,,,,2.1,0.1,4
3621101,2011-12-03T15:05:14Z,-38.63,0.0,176.05,0.1,181.0,5.0,ML,,,,2.9,0.2,9
3621121,2011-12-03T15:59:21Z,-37.45,0.0,-179.99,0.1,33.0,0.0,ML,,,,3.5,0.2,7
3621123,2011-12-03T16:08:29Z,-38.33,0.0,175.85,0.0,176.0,4.0,ML,,,,3.6,0.2,26
3621125,2011-12-03T16:13:02Z,-39.89,0.0,176.89,0.0,48.0,2.0,ML,,,,2.4,0.2,20
3621141,2011-12-03T17:04:14Z,-44.53,0.0,169.31,0.0,12.0,0.0,ML,,,,3.6,0.2,13
3621172,2011-12-03T18:42:34Z,-40.5,0.0,175.88,0.0,33.0,0.0,ML,,,,2.3,0.2,7
3621180,2011-12-03T19:04:51Z,-37.5,0.0,179.85,0.0,33.0,0.0,ML,,,,3.2,0.1,5
3621182,2011-12-03T19:12:38Z,-39.13,0.0,177.44,0.0,28.0,1.0,ML,,,,2.8,0.2,16
3621211,2011-12-03T20:29:15Z,-41.38,0.0,175.24,0.0,9.0,1.0,ML,,,,2.1,0.2,8
3621221,2011-12-03T20:41:25Z,-43.6,0.0,172.24,0.0,5.0,0.0,ML,,,,2.5,0.1,4
3621216,2011-12-03T20:42:53Z,-39.02,0.0,177.57,0.0,28.0,2.0,ML,,,,2.1,0.1,5
3621223,2011-12-03T21:00:59Z,-37.68,0.0,176.2,0.1,186.0,4.0,ML,,,,3.2,0.2,17
3621234,2011-12-03T21:30:49Z,-37.52,0.0,179.8,0.0,33.0,0.0,ML,,,,3.5,0.2,10
3621241,2011-12-03T21:54:48Z,-41.42,0.0,175.0,0.0,26.0,0.0,ML,,,,3.2,0.2,24
3621262,2011-12-03T22:53:32Z,-40.83,0.0,173.78,0.0,75.0,3.0,ML,,,,2.5,0.2,4
3621265,2011-12-03T23:03:00Z,-40.8,0.0,176.17,0.0,34.0,1.0,ML,,,,3.0,0.2,16
3621280,2011-12-03T23:49:25Z,-38.12,0.0,177.07,0.0,61.0,3.0,ML,,,,3.1,0.1,11
3621284,2011-12-04T00:01:18Z,-40.3,0.0,174.46,0.0,74.0,7.0,ML,,,,2.3,0.4,4
3621301,2011-12-04T00:59:10Z,-37.41,0.0,179.78,0.0,12.0,0.0,ML,,,,3.6,0.1,9
3621308,2011-12-04T01:20:53Z,-40.29,0.0,176.49,0.0,23.0,2.0,ML,,,,2.1,0.1,4
3621317,2011-12-04T01:36:52Z,-39.26,0.0,175.57,0.0,5.0,0.0,ML,,,,1.2,0.3,3
3621322,2011-12-04T01:48:18Z,-40.29,0.0,176.48,0.0,24.0,1.0,ML,,,,2.4,0.1,6
3621332,2011-12-04T02:16:11Z,-40.66,0.0,176.91,0.0,27.0,2.0,ML,,,,2.5,0.1,9
3621341,2011-12-04T02:33:58Z,-35.81,0.1,178.43,0.1,211.0,8.0,ML,,,,3.4,0.2,11
3621377,2011-12-04T04:05:51Z,-38.66,0.0,175.72,0.0,155.0,2.0,Mw,4.2,nan,0,5.0,0.2,56
3621390,2011-12-04T04:42:32Z,-39.3,0.0,175.35,0.0,31.0,1.0,ML,,,,2.1,0.2,4
3621474,2011-12-04T06:09:26Z,-43.58,0.0,172.81,0.0,5.0,0.0,ML,,,,2.5,0.2,5
3621426,2011-12-04T06:10:13Z,-39.46,0.0,175.7,0.0,12.0,1.0,ML,,,,2.8,0.2,31
3621431,2011-12-04T06:20:31Z,-38.87,0.0,177.94,0.0,26.0,2.0,ML,,,,2.6,0.2,10
3621435,2011-12-04T06:30:02Z,-39.86,0.0,175.33,0.0,28.0,1.0,ML,,,,2.3,0.1,7
3621451,2011-12-04T07:12:17Z,-41.57,0.0,174.1,0.0,34.0,1.0,ML,,,,2.2,0.2,9
3621452,2011-12-04T07:15:26Z,-43.25,0.0,172.09,0.0,7.0,2.0,ML,,,,3.4,0.2,12
3621473,2011-12-04T08:08:46Z,-38.8,0.0,177.97,0.0,27.0,1.0,ML,,,,2.7,0.2,13
3621483,2011-12-04T08:32:50Z,-39.26,0.0,176.1,0.0,66.0,4.0,ML,,,,2.4,0.2,7
3621488,2011-12-04T08:33:02Z,-44.93,0.0,169.39,0.0,5.0,0.0,ML,,,,3.3,0.2,15
3621493,2011-12-04T08:50:47Z,-40.3,0.0,174.33,0.0,69.0,7.0,ML,,,,2.2,0.1,7
3621495,2011-12-04T08:53:52Z,-36.94,0.1,177.2,0.1,133.0,6.0,ML,,,,2.7,0.2,5
3703095,2011-12-04T08:56:03Z,-44.45,0.0,167.96,0.0,5.0,0.0,ML,,,,2.3,0.3,10
3621497,2011-12-04T08:56:27Z,-39.11,0.0,176.19,0.0,53.0,3.0,ML,,,,2.4,0.2,13
3621502,2011-12-04T09:12:42Z,-39.51,0.0,177.48,0.0,33.0,0.0,ML,,,,1.9,0.2,8
3621514,2011-12-04T09:46:20Z,-37.29,0.0,179.98,0.0,33.0,0.0,Mw,4.8,nan,0,4.9,0.2,77
3621515,2011-12-04T09:49:50Z,-38.64,0.0,176.1,0.0,104.0,2.0,ML,,,,3.0,0.2,5
3621525,2011-12-04T10:15:23Z,-37.9,0.0,176.4,0.0,170.0,2.0,ML,,,,4.1,0.2,55
3621527,2011-12-04T10:23:04Z,-37.37,0.0,179.85,0.0,12.0,0.0,ML,,,,3.2,0.2,9
3621538,2011-12-04T10:57:05Z,-44.94,0.0,169.4,0.0,5.0,0.0,ML,,,,2.8,0.3,11
3621541,2011-12-04T11:01:54Z,-37.52,0.1,-179.87,0.0,33.0,0.0,ML,,,,3.1,0.2,9
3621555,2011-12-04T11:51:14Z,-38.46,0.0,178.11,0.0,31.0,1.0,ML,,,,2.0,0.2,8
3621561,2011-12-04T12:10:44Z,-38.8,0.0,177.99,0.0,28.0,1.0,ML,,,,2.7,0.2,13
3621567,2011-12-04T12:25:28Z,-37.59,0.0,179.78,0.0,12.0,0.0,ML,,,,3.3,0.1,9
3621689,2011-12-04T12:41:01Z,-39.35,0.0,174.61,0.1,250.0,3.0,ML,,,,3.0,0.0,3
3621573,2011-12-04T12:41:03Z,-37.36,0.0,179.9,0.0,33.0,0.0,ML,,,,3.4,0.2,13
3621584,2011-12-04T13:09:57Z,-45.38,0.0,166.76,0.0,21.0,3.0,ML,,,,2.5,0.3,7
3621695,2011-12-04T13:10:17Z,-39.84,0.0,176.72,0.0,45.0,2.0,ML,,,,1.9,0.2,10
3621585,2011-12-04T13:11:42Z,-41.34,0.0,175.6,0.0,19.0,2.0,ML,,,,1.9,0.2,11
3621587,2011-12-04T13:17:28Z,-38.53,0.0,178.68,0.0,33.0,0.0,ML,,,,2.1,0.1,4
3621595,2011-12-04T13:42:09Z,-45.56,0.0,167.09,0.0,82.0,2.0,ML,,,,3.2,0.4,5
3621596,2011-12-04T13:44:45Z,-39.85,0.0,174.19,0.0,163.0,2.0,ML,,,,2.7,0.4,5
3703669,2011-12-04T13:47:15Z,-37.11,0.0,177.3,0.1,128.0,6.0,ML,,,,2.5,0.3,4
3621600,2011-12-04T14:01:12Z,-44.5,0.0,168.24,0.0,12.0,0.0,ML,,,,2.3,0.3,10
3621612,2011-12-04T14:40:41Z,-37.55,0.0,-179.82,0.0,33.0,0.0,ML,,,,3.1,0.2,10
3621618,2011-12-04T15:00:21Z,-37.65,0.0,176.31,0.1,140.0,4.0,ML,,,,2.3,0.3,4
3621620,2011-12-04T15:05:24Z,-43.56,0.0,172.68,0.0,5.0,1.0,ML,,,,1.9,0.2,3
3704066,2011-12-04T15:08:07Z,-38.98,0.0,178.12,0.0,27.0,2.0,ML,,,,1.9,0.2,3
3621625,2011-12-04T15:23:10Z,-45.17,0.0,167.37,0.0,115.0,3.0,ML,,,,2.4,0.4,8
3621720,2011-12-04T15:24:03Z,-43.64,0.0,172.28,0.0,5.0,0.0,ML,,,,2.2,0.0,3
3621634,2011-12-04T15:46:46Z,-38.9,0.0,178.1,0.0,25.0,1.0,ML,,,,2.3,0.1,7
3621645,2011-12-04T16:12:52Z,-38.8,0.0,177.95,0.0,28.0,2.0,ML,,,,2.5,0.2,7
3621661,2011-12-04T16:56:21Z,-38.83,0.0,177.97,0.0,33.0,0.0,ML,,,,2.6,0.2,8
3621676,2011-12-04T17:33:58Z,-42.69,0.0,172.76,0.0,33.0,0.0,ML,,,,2.3,0.3,3
3621680,2011-12-04T17:49:51Z,-45.09,0.0,167.43,0.0,60.0,5.0,ML,,,,2.0,0.1,3
3621701,2011-12-04T18:50:11Z,-37.68,0.0,179.89,0.0,12.0,0.0,ML,,,,3.0,0.2,4
3621708,2011-12-04T19:08:40Z,-43.55,0.0,172.4,0.0,5.0,0.0,ML,,,,2.3,0.2,4
3621733,2011-12-04T20:15:30Z,-45.77,0.0,166.53,0.0,5.0,0.0,ML,,,,1.9,0.3,3
3621739,2011-12-04T20:32:43Z,-38.5,0.0,178.45,0.0,28.0,2.0,ML,,,,2.2,0.2,4
3621742,2011-12-04T20:39:54Z,-40.67,0.0,176.13,0.0,20.0,2.0,ML,,,,1.8,0.3,4
3621754,2011-12-04T21:14:47Z,-38.88,0.0,177.95,0.0,26.0,2.0,ML,,,,2.4,0.2,9
3621760,2011-12-04T21:28:38Z,-39.44,0.0,175.78,0.0,5.0,0.0,ML,,,,2.0,0.4,4
3621771,2011-12-04T21:58:53Z,-40.35,0.0,174.26,0.0,77.0,4.0,ML,,,,2.4,0.1,6
3707442,2011-12-04T22:28:51Z,-40.65,0.0,174.3,0.0,57.0,7.0,ML,,,,2.0,0.2,2
3621782,2011-12-04T22:28:54Z,-39.28,0.0,173.8,0.0,17.0,2.0,ML,,,,1.6,0.2,3
3621792,2011-12-04T23:02:26Z,-40.7,0.0,174.99,0.0,5.0,0.0,ML,,,,1.8,0.2,6
3621819,2011-12-05T00:15:40Z,-37.47,0.1,179.79,0.0,12.0,0.0,ML,,,,3.2,0.1,4
3621821,2011-12-05T00:18:18Z,-39.55,0.0,174.3,0.0,205.0,4.0,ML,,,,3.5,0.3,16
3621851,2011-12-05T01:28:38Z,-45.41,0.0,167.03,0.0,56.0,2.0,ML,,,,3.7,0.3,14
3622231,2011-12-05T01:30:18Z,-40.1,0.0,176.53,0.0,42.0,2.0,ML,,,,2.4,0.2,14
3622297,2011-12-05T01:30:53Z,-43.45,0.0,172.61,0.0,5.0,0.0,ML,,,,2.7,0.2,5
3622233,2011-12-05T01:49:41Z,-39.18,0.0,174.74,0.0,22.0,2.0,ML,,,,2.5,0.4,8
3621859,2011-12-05T01:49:48Z,-43.57,0.0,172.69,0.0,5.0,0.0,ML,,,,2.2,0.2,3
3621872,2011-12-05T02:26:11Z,-44.5,0.0,169.27,0.0,5.0,0.0,ML,,,,2.4,0.1,3
3621876,2011-12-05T02:39:05Z,-43.46,0.0,172.66,0.0,10.0,1.0,ML,,,,2.6,0.3,7
3621886,2011-12-05T03:01:26Z,-39.66,0.0,176.3,0.0,43.0,2.0,ML,,,,3.3,0.2,31
3621898,2011-12-05T03:37:07Z,-40.67,0.0,175.47,0.0,29.0,1.0,ML,,,,2.1,0.1,6
3621914,2011-12-05T04:20:51Z,-40.49,0.0,173.28,0.0,175.0,4.0,ML,,,,3.5,0.2,9
3621931,2011-12-05T05:10:14Z,-38.32,0.0,178.8,0.0,30.0,3.0,ML,,,,3.0,0.3,11
3621949,2011-12-05T06:03:33Z,-42.24,0.0,171.31,0.0,5.0,0.0,ML,,,,2.2,0.1,5
3621950,2011-12-05T06:07:11Z,-40.95,0.0,175.64,0.0,27.0,1.0,ML,,,,2.0,0.1,5
3621951,2011-12-05T06:10:26Z,-37.29,0.0,-179.96,0.0,33.0,0.0,ML,,,,4.0,0.2,14
3621953,2011-12-05T06:16:48Z,-38.95,0.0,177.97,0.0,28.0,1.0,ML,,,,2.8,0.1,11
3621956,2011-12-05T06:28:24Z,-41.28,0.0,173.76,0.0,61.0,2.0,ML,,,,2.7,0.2,8
3622243,2011-12-05T07:13:05Z,-43.46,0.0,172.61,0.0,9.0,1.0,ML,,,,2.6,0.3,4
3621973,2011-12-05T07:31:24Z,-41.68,0.0,174.24,0.0,5.0,0.0,ML,,,,2.4,0.4,11
3621977,2011-12-05T07:40:38Z,-37.51,0.0,179.64,0.0,12.0,0.0,ML,,,,3.4,0.1,10
3622249,2011-12-05T07:41:39Z,-41.03,0.0,174.78,0.0,60.0,2.0,ML,,,,2.0,0.2,3
3621982,2011-12-05T07:51:26Z,-37.9,0.1,176.54,0.1,125.0,7.0,ML,,,,2.4,0.1,4
3621989,2011-12-05T08:11:53Z,-38.61,0.0,176.21,0.0,5.0,0.0,ML,,,,2.0,0.2,7
3622016,2011-12-05T09:22:53Z,-43.6,0.0,172.19,0.0,6.0,2.0,ML,,,,2.6,0.1,5
3622250,2011-12-05T09:24:46Z,-39.8,0.0,177.2,0.1,12.0,0.0,ML,,,,2.1,0.2,6
3622017,2011-12-05T09:27:30Z,-43.64,0.0,171.77,0.0,9.0,2.0,ML,,,,2.6,0.4,9
3622020,2011-12-05T09:34:35Z,-41.82,0.0,174.06,0.0,30.0,1.0,ML,,,,1.9,0.4,5
3622022,2011-12-05T09:40:27Z,-37.6,0.1,179.99,0.0,12.0,0.0,ML,,,,2.8,0.1,5
3703564,2011-12-05T09:41:27Z,-39.23,0.0,175.32,0.0,16.0,2.0,ML,,,,1.6,0.2,4
3622038,2011-12-05T10:27:30Z,-38.41,0.0,177.84,0.0,24.0,2.0,ML,,,,2.2,0.2,6
3622052,2011-12-05T11:05:29Z,-37.74,0.0,177.53,0.0,39.0,2.0,ML,,,,2.2,0.2,5
3622075,2011-12-05T12:01:17Z,-39.3,0.0,177.84,0.0,41.0,3.0,ML,,,,2.2,0.1,9
3622093,2011-12-05T12:45:22Z,-37.83,0.0,176.64,0.0,2.0,0.0,ML,,,,2.1,0.1,11
3622104,2011-12-05T13:14:20Z,-40.04,0.0,176.69,0.0,47.0,2.0,ML,,,,2.2,0.3,11
3622255,2011-12-05T13:14:54Z,-45.16,0.0,167.37,0.0,69.0,3.0,ML,,,,2.7,0.4,4
3622107,2011-12-05T13:24:01Z,-40.93,0.0,175.52,0.0,22.0,1.0,ML,,,,2.4,0.1,14
3622116,2011-12-05T13:53:59Z,-37.95,0.0,177.32,0.0,61.0,2.0,ML,,,,3.6,0.2,33
3622120,2011-12-05T14:10:10Z,-45.51,0.0,167.18,0.0,100.0,3.0,ML,,,,2.7,0.2,9
3622121,2011-12-05T14:13:27Z,-37.37,0.1,176.56,0.0,155.0,5.0,ML,,,,3.2,0.3,25
3622125,2011-12-05T14:28:31Z,-37.48,0.0,-180.0,0.0,33.0,0.0,ML,,,,3.6,0.1,8
3622261,2011-12-05T14:55:01Z,-37.39,0.0,-179.96,0.0,33.0,0.0,ML,,,,3.3,0.1,5
3622137,2011-12-05T14:55:06Z,-44.49,0.0,169.33,0.0,12.0,0.0,ML,,,,2.5,0.2,10
3622259,2011-12-05T14:56:30Z,-41.28,0.0,175.67,0.0,25.0,1.0,ML,,,,2.4,0.1,11
3622143,2011-12-05T15:09:45Z,-36.95,0.0,-179.29,0.1,33.0,0.0,ML,,,,2.8,0.1,8
3622146,2011-12-05T15:20:27Z,-41.42,0.0,175.0,0.0,25.0,1.0,ML,,,,2.0,0.1,8
3622156,2011-12-05T15:49:19Z,-40.67,0.0,176.3,0.0,29.0,1.0,ML,,,,2.2,0.2,4
3622162,2011-12-05T16:04:48Z,-37.81,0.0,176.51,0.0,135.0,4.0,ML,,,,3.2,0.1,6
3622166,2011-12-05T16:15:46Z,-38.39,0.0,177.9,0.0,19.0,2.0,ML,,,,1.8,0.2,6
3622180,2011-12-05T16:55:26Z,-43.18,0.0,172.0,0.0,5.0,0.0,ML,,,,2.4,0.3,8
3622241,2011-12-05T19:23:04Z,-37.25,0.1,179.97,0.0,33.0,0.0,ML,,,,3.3,0.2,6
3622263,2011-12-05T19:59:56Z,-39.24,0.0,177.41,0.0,33.0,0.0,ML,,,,2.8,0.2,12
3622274,2011-12-05T20:25:07Z,-45.0,0.0,167.47,0.0,104.0,2.0,ML,,,,3.1,0.1,6
3622298,2011-12-05T21:27:00Z,-41.26,0.0,175.21,0.0,12.0,0.0,ML,,,,2.0,0.2,7
3622305,2011-12-05T21:50:15Z,-36.17,0.1,177.39,0.1,217.0,9.0,ML,,,,3.6,0.2,17
3622310,2011-12-05T22:04:50Z,-38.1,0.0,175.79,0.1,173.0,5.0,ML,,,,3.3,0.2,20
3622314,2011-12-05T22:19:41Z,-40.4,0.0,176.29,0.0,25.0,2.0,ML,,,,2.0,0.2,7
3622315,2011-12-05T22:24:05Z,-45.07,0.0,167.44,0.0,120.0,2.0,ML,,,,3.1,0.3,8
3622320,2011-12-05T22:35:12Z,-40.07,0.0,176.85,0.0,27.0,1.0,ML,,,,2.2,0.2,11
3622329,2011-12-05T22:54:16Z,-39.14,0.0,174.62,0.0,30.0,2.0,ML,,,,2.5,0.1,9
3622337,2011-12-05T23:10:21Z,-43.55,0.0,172.41,0.0,12.0,0.0,ML,,,,2.4,0.1,4
3622364,2011-12-06T00:18:34Z,-39.2,0.0,174.88,0.0,202.0,3.0,ML,,,,3.3,0.3,15
3622381,2011-12-06T00:52:26Z,-37.43,0.0,179.8,0.0,5.0,0.0,ML,,,,3.4,0.1,7
3622384,2011-12-06T01:02:01Z,-43.61,0.0,172.36,0.0,9.0,1.0,ML,,,,2.7,0.2,6
3622421,2011-12-06T02:17:54Z,-38.57,0.0,175.85,0.0,146.0,1.0,ML,,,,2.9,0.1,5
3622431,2011-12-06T02:48:30Z,-43.62,0.0,172.64,0.0,9.0,1.0,ML,,,,2.4,0.4,5
3622433,2011-12-06T02:54:24Z,-40.92,0.0,174.88,0.0,49.0,2.0,ML,,,,2.2,0.2,7
3622436,2011-12-06T03:00:43Z,-39.85,0.0,176.86,0.0,42.0,4.0,ML,,,,2.1,0.1,5
3622455,2011-12-06T04:04:37Z,-37.83,0.0,176.94,0.0,5.0,0.0,ML,,,,2.2,0.2,5
3622498,2011-12-06T06:09:47Z,-44.14,0.0,168.57,0.0,5.0,0.0,ML,,,,2.5,0.3,8
3622527,2011-12-06T07:33:11Z,-45.37,0.0,166.17,0.0,12.0,0.0,ML,,,,2.8,0.2,8
3622561,2011-12-06T09:03:26Z,-37.52,0.0,179.82,0.0,12.0,0.0,ML,,,,3.1,0.1,5
3622573,2011-12-06T09:33:58Z,-38.62,0.0,-179.97,0.0,5.0,0.0,ML,,,,3.0,0.2,8
3622583,2011-12-06T09:55:55Z,-41.3,0.0,174.79,0.0,50.0,1.0,ML,,,,2.4,0.2,10
3622618,2011-12-06T11:37:08Z,-43.59,0.0,172.6,0.0,5.0,0.0,ML,,,,2.5,0.1,3
3622620,2011-12-06T11:45:31Z,-45.16,0.0,167.32,0.0,116.0,1.0,ML,,,,3.2,0.1,6
3622641,2011-12-06T12:39:44Z,-40.52,0.0,176.5,0.0,26.0,1.0,ML,,,,2.1,0.2,7
3622642,2011-12-06T12:41:34Z,-38.81,0.0,177.96,0.0,27.0,1.0,ML,,,,2.5,0.2,8
3622651,2011-12-06T13:08:45Z,-38.8,0.0,177.96,0.0,28.0,1.0,ML,,,,2.5,0.2,8
3622663,2011-12-06T13:40:04Z,-39.86,0.0,176.92,0.0,5.0,0.0,ML,,,,2.3,0.1,8
3622664,2011-12-06T13:43:16Z,-38.82,0.0,177.98,0.0,27.0,2.0,ML,,,,2.0,0.1,7
3622668,2011-12-06T14:01:23Z,-38.81,0.0,177.94,0.0,26.0,2.0,ML,,,,2.1,0.1,11
3622674,2011-12-06T14:19:38Z,-38.12,0.0,178.05,0.0,5.0,0.0,ML,,,,1.9,0.2,9
3622677,2011-12-06T14:27:09Z,-38.81,0.0,177.94,0.0,25.0,2.0,ML,,,,2.0,0.2,9
3622682,2011-12-06T14:36:57Z,-37.92,0.0,176.35,0.0,126.0,4.0,ML,,,,2.9,0.3,19
3622683,2011-12-06T14:39:29Z,-39.27,0.0,174.94,0.0,12.0,0.0,ML,,,,2.3,0.4,18
3622691,2011-12-06T14:59:35Z,-44.58,0.0,167.65,0.0,5.0,0.0,ML,,,,2.2,0.2,7
3622697,2011-12-06T15:09:06Z,-37.28,0.1,179.91,0.1,33.0,0.0,ML,,,,3.0,0.2,7
3622698,2011-12-06T15:15:27Z,-43.57,0.0,172.37,0.0,5.0,0.0,ML,,,,2.5,0.1,3
3622730,2011-12-06T16:46:15Z,-38.19,0.0,176.76,0.0,75.0,2.0,ML,,,,2.5,0.1,4
3622749,2011-12-06T17:30:25Z,-41.21,0.0,172.95,0.0,103.0,2.0,ML,,,,2.9,0.3,7
3622791,2011-12-06T19:22:01Z,-41.35,0.0,174.91,0.0,28.0,1.0,ML,,,,2.6,0.1,13
3622820,2011-12-06T20:30:05Z,-44.89,0.0,167.51,0.0,74.0,4.0,ML,,,,2.7,0.2,6
3705740,2011-12-06T20:32:07Z,-39.0,0.0,178.14,0.0,26.0,2.0,ML,,,,2.4,0.3,5
3622822,2011-12-06T20:36:06Z,-41.25,0.0,172.79,0.0,146.0,2.0,ML,,,,2.9,0.2,4
3622836,2011-12-06T21:19:14Z,-41.32,0.0,173.26,0.0,99.0,3.0,ML,,,,2.7,0.3,3
3622917,2011-12-06T22:53:27Z,-38.34,0.0,176.28,0.0,7.0,1.0,ML,,,,1.8,0.1,4
3622921,2011-12-06T23:07:08Z,-43.61,0.0,172.72,0.0,8.0,1.0,ML,,,,2.7,0.3,4
3622983,2011-12-07T01:55:12Z,-38.16,0.0,177.92,0.0,37.0,3.0,ML,,,,2.2,0.1,3
3623002,2011-12-07T02:26:49Z,-38.6,0.0,-179.94,0.0,12.0,0.0,ML,,,,3.8,0.2,25
3623032,2011-12-07T03:55:36Z,-38.41,0.0,176.23,0.0,126.0,2.0,ML,,,,3.4,0.2,31
3623045,2011-12-07T04:36:58Z,-38.04,0.0,176.14,0.1,162.0,6.0,ML,,,,3.1,0.3,8
3623063,2011-12-07T05:29:55Z,-45.25,0.0,166.9,0.0,25.0,2.0,ML,,,,2.6,0.3,9
3623089,2011-12-07T06:49:15Z,-38.94,0.0,177.99,0.0,27.0,1.0,ML,,,,3.0,0.1,19
3623096,2011-12-07T07:08:29Z,-43.59,0.0,172.7,0.0,7.0,1.0,ML,,,,3.0,0.4,12
3623103,2011-12-07T07:31:20Z,-41.34,0.0,173.09,0.0,92.0,2.0,ML,,,,2.7,0.2,4
3623146,2011-12-07T09:41:04Z,-36.41,0.0,177.25,0.0,33.0,0.0,ML,,,,3.4,0.2,6
3623165,2011-12-07T10:32:52Z,-39.58,0.0,176.94,0.0,31.0,1.0,ML,,,,2.4,0.1,6
3623170,2011-12-07T10:44:44Z,-39.63,0.0,174.06,0.0,214.0,4.0,ML,,,,3.6,0.2,22
3623174,2011-12-07T10:58:14Z,-39.25,0.0,173.91,0.0,23.0,1.0,ML,,,,1.7,0.1,3
3623187,2011-12-07T11:27:03Z,-39.8,0.0,176.9,0.0,27.0,1.0,ML,,,,2.2,0.2,8
3623200,2011-12-07T12:08:07Z,-43.17,0.0,170.92,0.0,5.0,0.0,ML,,,,2.5,0.4,6
3623216,2011-12-07T12:55:42Z,-44.72,0.0,167.82,0.0,102.0,4.0,ML,,,,2.7,0.4,7
3623217,2011-12-07T13:00:57Z,-42.67,0.0,172.04,0.0,5.0,0.0,ML,,,,2.6,0.3,7
3623219,2011-12-07T13:03:29Z,-39.11,0.0,176.22,0.0,76.0,2.0,ML,,,,2.3,0.3,8
3623227,2011-12-07T13:26:35Z,-41.09,0.0,173.09,0.0,128.0,3.0,ML,,,,2.8,0.1,4
3623232,2011-12-07T13:42:44Z,-46.37,0.0,166.67,0.0,5.0,0.0,ML,,,,2.3,0.3,4
3623239,2011-12-07T14:01:12Z,-39.31,0.0,175.33,0.0,31.0,1.0,ML,,,,2.1,0.1,7
3623245,2011-12-07T14:04:55Z,-37.01,0.0,177.55,0.0,56.0,7.0,ML,,,,3.0,0.2,4
3623249,2011-12-07T14:13:26Z,-39.27,0.0,177.38,0.0,26.0,2.0,ML,,,,2.1,0.2,8
3623254,2011-12-07T14:28:56Z,-39.93,0.0,176.86,0.0,43.0,2.0,ML,,,,2.2,0.3,8
3623278,2011-12-07T15:44:30Z,-37.49,0.0,178.02,0.0,79.0,3.0,ML,,,,2.7,0.2,4
3623282,2011-12-07T15:54:20Z,-45.96,0.0,166.92,0.0,75.0,4.0,ML,,,,2.6,0.2,6
3623290,2011-12-07T16:20:16Z,-35.98,0.1,178.89,0.1,192.0,5.0,ML,,,,3.6,0.2,9
3623301,2011-12-07T16:53:17Z,-40.22,0.0,175.3,0.0,26.0,1.0,ML,,,,2.5,0.4,13
3623313,2011-12-07T17:31:55Z,-39.42,0.0,174.67,0.0,238.0,4.0,ML,,,,3.7,0.2,5
3623325,2011-12-07T18:06:45Z,-44.96,0.0,167.46,0.0,5.0,0.0,ML,,,,2.4,0.3,6
3623332,2011-12-07T18:28:01Z,-37.76,0.0,177.55,0.0,39.0,2.0,ML,,,,2.6,0.2,6
3623334,2011-12-07T18:37:44Z,-45.36,0.0,166.65,0.0,12.0,0.0,ML,,,,3.4,0.2,9
3623346,2011-12-07T19:13:21Z,-38.94,0.0,178.14,0.0,19.0,3.0,ML,,,,2.3,0.1,5
3623350,2011-12-07T19:26:29Z,-44.52,0.0,168.39,0.0,12.0,0.0,ML,,,,2.0,0.2,5
3623357,2011-12-07T19:39:56Z,-40.28,0.0,176.5,0.0,26.0,2.0,ML,,,,2.1,0.1,7
3706312,2011-12-07T19:40:06Z,-43.36,0.0,171.05,0.0,5.0,0.0,ML,,,,2.2,0.3,5
3623374,2011-12-07T20:22:12Z,-44.96,0.0,167.38,0.0,5.0,0.0,ML,,,,2.8,0.2,4
3623384,2011-12-07T20:48:19Z,-38.63,0.0,178.71,0.0,33.0,0.0,ML,,,,2.9,0.2,7
3623395,2011-12-07T21:10:14Z,-41.06,0.0,173.98,0.0,63.0,1.0,ML,,,,2.3,0.1,3
3623397,2011-12-07T21:16:41Z,-41.15,0.0,174.73,0.0,34.0,0.0,Mw,3.8,nan,0,4.1,0.2,42
3623404,2011-12-07T21:30:39Z,-38.99,0.0,178.14,0.1,26.0,3.0,ML,,,,2.3,0.2,3
3623416,2011-12-07T22:02:39Z,-37.11,0.0,176.91,0.0,231.0,5.0,ML,,,,4.3,0.2,42
3623422,2011-12-07T22:14:15Z,-38.98,0.0,178.13,0.0,25.0,2.0,ML,,,,2.4,0.2,3
3623423,2011-12-07T22:19:06Z,-41.21,0.0,173.43,0.0,98.0,2.0,ML,,,,3.0,0.3,5
3623468,2011-12-08T00:02:13Z,-37.86,0.1,176.09,0.1,185.0,7.0,ML,,,,3.2,0.2,10
3623482,2011-12-08T00:33:13Z,-40.68,0.0,175.98,0.0,41.0,1.0,ML,,,,2.9,0.3,18
3623486,2011-12-08T00:44:42Z,-40.15,0.0,176.52,0.0,48.0,2.0,ML,,,,2.4,0.1,8
3623501,2011-12-08T01:25:12Z,-43.59,0.0,172.29,0.0,5.0,0.0,ML,,,,2.3,0.1,2
3623506,2011-12-08T01:35:51Z,-44.96,0.0,167.36,0.0,5.0,0.0,ML,,,,2.6,0.2,4
3623511,2011-12-08T01:44:37Z,-38.91,0.0,177.95,0.0,22.0,2.0,ML,,,,2.4,0.1,6
3623517,2011-12-08T01:59:22Z,-38.91,0.0,177.99,0.0,29.0,1.0,ML,,,,2.9,0.2,14
3623522,2011-12-08T02:08:30Z,-38.92,0.0,177.38,0.0,61.0,2.0,ML,,,,2.6,0.1,7
3623547,2011-12-08T03:15:17Z,-38.73,0.0,177.87,0.0,33.0,0.0,ML,,,,2.2,0.2,5
3623568,2011-12-08T04:07:48Z,-40.38,0.0,175.87,0.0,25.0,2.0,ML,,,,2.0,0.2,6
3623580,2011-12-08T04:45:36Z,-38.46,0.0,177.98,0.0,24.0,1.0,ML,,,,3.2,0.2,23
3623588,2011-12-08T05:14:47Z,-44.67,0.0,168.15,0.0,87.0,3.0,ML,,,,2.2,0.3,4
3623611,2011-12-08T06:21:50Z,-39.29,0.0,175.35,0.0,28.0,3.0,ML,,,,1.9,0.7,2
3623616,2011-12-08T06:39:07Z,-45.05,0.0,167.5,0.0,65.0,2.0,ML,,,,2.6,0.2,9
3623626,2011-12-08T07:13:35Z,-41.28,0.0,175.06,0.0,11.0,1.0,ML,,,,3.1,0.1,25
3623640,2011-12-08T07:52:49Z,-39.46,0.0,174.38,0.0,147.0,3.0,ML,,,,3.0,0.3,24
3623647,2011-12-08T08:14:29Z,-37.52,0.0,179.88,0.0,33.0,0.0,ML,,,,3.3,0.1,13
3623649,2011-12-08T08:21:22Z,-38.99,0.0,178.12,0.0,27.0,2.0,ML,,,,2.1,0.2,5
3623653,2011-12-08T08:31:50Z,-40.2,0.0,176.64,0.0,56.0,2.0,ML,,,,3.5,0.2,44
3623673,2011-12-08T09:28:15Z,-39.38,0.0,176.89,0.0,33.0,0.0,ML,,,,2.0,0.1,5
3623686,2011-12-08T10:02:16Z,-38.57,0.0,177.9,0.0,23.0,2.0,ML,,,,2.1,0.1,4
3623688,2011-12-08T10:06:43Z,-37.72,0.0,176.35,0.0,149.0,4.0,ML,,,,3.4,0.2,19
3623698,2011-12-08T10:29:02Z,-41.28,0.0,175.05,0.0,12.0,0.0,ML,,,,1.4,0.0,2
3623703,2011-12-08T10:44:40Z,-39.18,0.0,177.52,0.0,30.0,2.0,ML,,,,2.0,0.1,10
3623705,2011-12-08T10:48:31Z,-45.9,0.0,166.9,0.0,97.0,3.0,ML,,,,2.3,0.3,5
3623708,2011-12-08T10:57:45Z,-36.56,0.1,176.93,0.1,142.0,11.0,ML,,,,2.8,0.2,5
3623881,2011-12-08T11:37:46Z,-45.05,0.0,167.27,0.0,12.0,0.0,ML,,,,2.6,0.2,4
3623727,2011-12-08T11:50:29Z,-45.08,0.0,167.52,0.0,72.0,3.0,ML,,,,2.2,0.2,6
3623729,2011-12-08T11:54:30Z,-44.62,0.0,168.14,0.0,77.0,4.0,ML,,,,2.5,0.4,9
3623730,2011-12-08T11:58:18Z,-42.37,0.0,172.3,0.0,5.0,0.0,ML,,,,2.1,0.2,5
3623754,2011-12-08T13:00:35Z,-37.77,0.0,179.66,0.0,12.0,0.0,ML,,,,3.3,0.2,9
3623755,2011-12-08T13:03:25Z,-37.77,0.0,179.62,0.0,5.0,0.0,ML,,,,3.0,0.2,6
3623757,2011-12-08T13:10:25Z,-39.29,0.0,174.71,0.0,208.0,3.0,ML,,,,3.4,0.3,38
3623760,2011-12-08T13:19:35Z,-41.09,0.0,175.06,0.0,31.0,1.0,ML,,,,1.9,0.2,8
3623767,2011-12-08T13:34:51Z,-40.21,0.0,175.84,0.0,25.0,2.0,ML,,,,2.1,0.3,8
3623769,2011-12-08T13:38:20Z,-39.64,0.0,176.92,0.0,31.0,1.0,ML,,,,2.2,0.1,6
3623794,2011-12-08T14:46:46Z,-36.5,0.1,176.64,0.1,216.0,9.0,ML,,,,3.7,0.2,17
3623799,2011-12-08T15:02:20Z,-45.51,0.0,167.03,0.0,72.0,2.0,ML,,,,2.6,0.3,12
3623803,2011-12-08T15:19:00Z,-45.17,0.0,167.41,0.0,69.0,3.0,ML,,,,2.2,0.2,5
3623817,2011-12-08T15:56:35Z,-37.75,0.0,177.56,0.0,40.0,2.0,ML,,,,3.0,0.3,9
3623847,2011-12-08T17:15:36Z,-36.49,0.1,177.29,0.1,159.0,11.0,ML,,,,3.1,0.4,11
3623856,2011-12-08T17:44:34Z,-44.57,0.0,167.6,0.0,5.0,0.0,ML,,,,2.6,0.3,9
3623861,2011-12-08T17:55:02Z,-40.13,0.0,176.73,0.0,12.0,0.0,ML,,,,2.7,0.2,20
3623862,2011-12-08T17:57:15Z,-37.39,0.0,179.69,0.0,12.0,0.0,ML,,,,3.8,0.2,17
3623863,2011-12-08T18:01:47Z,-43.64,0.0,172.81,0.0,5.0,0.0,ML,,,,2.8,0.3,5
3623876,2011-12-08T18:39:18Z,-45.38,0.0,167.09,0.0,89.0,2.0,Mw,3.8,nan,0,4.2,0.2,17
3623907,2011-12-08T18:39:42Z,-41.84,0.0,174.06,0.0,59.0,2.0,ML,,,,2.7,0.1,5
3623889,2011-12-08T19:14:35Z,-41.16,0.0,174.51,0.0,34.0,1.0,ML,,,,2.2,0.2,11
3624019,2011-12-08T21:17:36Z,-43.48,0.0,172.68,0.0,5.0,0.0,ML,,,,2.3,0.1,4
3623973,2011-12-08T22:40:35Z,-39.81,0.0,176.59,0.0,28.0,2.0,ML,,,,2.4,0.1,9
3624000,2011-12-08T23:43:40Z,-41.23,0.0,173.12,0.0,110.0,3.0,ML,,,,2.7,0.1,3
3624005,2011-12-08T23:54:13Z,-43.58,0.0,172.62,0.0,5.0,0.0,ML,,,,2.8,0.4,8
3706360,2011-12-09T00:56:40Z,-45.67,0.0,166.43,0.0,5.0,0.0,ML,,,,2.2,0.1,4
3624028,2011-12-09T00:57:37Z,-38.27,0.0,178.38,0.0,25.0,2.0,ML,,,,2.2,0.3,2
3624029,2011-12-09T00:59:54Z,-37.79,0.0,177.52,0.0,40.0,1.0,ML,,,,3.3,0.2,17
3624037,2011-12-09T01:19:59Z,-46.07,0.0,166.96,0.0,12.0,0.0,ML,,,,1.9,0.2,4
3624097,2011-12-09T04:03:28Z,-43.57,0.0,172.39,0.0,6.0,1.0,ML,,,,2.9,0.1,5
3624108,2011-12-09T04:35:17Z,-40.68,0.0,176.03,0.0,18.0,1.0,ML,,,,1.6,0.2,4
3624140,2011-12-09T05:59:45Z,-44.44,0.0,168.25,0.0,5.0,0.0,ML,,,,2.2,0.3,9
3624145,2011-12-09T06:14:53Z,-39.18,0.0,174.87,0.0,32.0,3.0,ML,,,,2.2,0.3,11
3624426,2011-12-09T06:15:01Z,-41.18,0.0,172.33,0.0,5.0,0.0,ML,,,,2.2,0.3,4
3624151,2011-12-09T06:31:03Z,-40.15,0.0,174.76,0.0,27.0,2.0,ML,,,,2.4,0.3,9
3624152,2011-12-09T06:37:22Z,-38.15,0.0,176.98,0.0,63.0,3.0,ML,,,,2.7,0.2,6
3624170,2011-12-09T07:19:31Z,-39.28,0.0,175.33,0.0,26.0,3.0,ML,,,,1.8,0.3,7
3624430,2011-12-09T07:31:15Z,-38.06,0.0,176.7,0.0,2.0,0.0,ML,,,,1.4,0.2,2
3624183,2011-12-09T07:52:25Z,-36.8,0.0,177.16,0.0,169.0,5.0,ML,,,,3.3,0.2,4
3624190,2011-12-09T08:07:23Z,-39.29,0.0,173.65,0.0,12.0,0.0,ML,,,,1.6,0.1,3
3706760,2011-12-09T08:08:19Z,-37.54,0.0,-179.96,0.0,33.0,0.0,ML,,,,3.0,0.2,6
3624204,2011-12-09T08:39:31Z,-40.66,0.0,176.26,0.0,30.0,2.0,ML,,,,2.0,0.4,8
3624213,2011-12-09T09:02:41Z,-37.59,0.0,179.94,0.0,33.0,0.0,ML,,,,3.8,0.2,27
3624249,2011-12-09T10:44:40Z,-45.89,0.0,166.49,0.1,12.0,0.0,ML,,,,3.0,0.3,10
3624256,2011-12-09T11:09:19Z,-44.1,0.0,169.4,0.0,5.0,0.0,ML,,,,2.2,0.2,11
3624258,2011-12-09T11:10:36Z,-41.76,0.0,174.5,0.0,31.0,3.0,ML,,,,2.2,0.3,12
3624267,2011-12-09T11:33:54Z,-39.11,0.0,175.98,0.0,62.0,5.0,ML,,,,2.3,0.1,8
3624269,2011-12-09T11:40:24Z,-37.89,0.0,176.45,0.0,136.0,4.0,ML,,,,2.9,0.3,21
3624284,2011-12-09T12:19:06Z,-40.28,0.0,176.61,0.0,14.0,2.0,ML,,,,2.7,0.1,19
3624287,2011-12-09T12:30:12Z,-40.5,0.0,175.96,0.0,58.0,4.0,ML,,,,2.4,0.2,6
3624304,2011-12-09T13:18:22Z,-39.14,0.0,174.89,0.0,32.0,1.0,ML,,,,2.2,0.4,7
3624312,2011-12-09T13:42:17Z,-46.17,0.0,166.1,0.1,33.0,0.0,ML,,,,2.4,0.2,5
3624313,2011-12-09T13:45:10Z,-38.13,0.0,176.48,0.0,5.0,0.0,ML,,,,2.0,0.3,5
3624314,2011-12-09T13:46:23Z,-40.31,0.0,176.65,0.0,24.0,1.0,ML,,,,3.2,0.2,37
3624315,2011-12-09T13:49:07Z,-38.13,0.0,176.47,0.0,2.0,0.0,ML,,,,1.8,0.2,5
3706792,2011-12-09T13:49:36Z,-38.14,0.0,176.48,0.0,2.0,0.0,ML,,,,2.2,0.2,5
3624316,2011-12-09T13:50:34Z,-38.14,0.0,176.48,0.0,2.0,0.0,ML,,,,2.5,0.3,21
3624317,2011-12-09T13:53:31Z,-40.29,0.0,176.63,0.0,17.0,2.0,ML,,,,2.1,0.3,14
3624325,2011-12-09T14:09:20Z,-42.99,0.0,171.4,0.0,5.0,0.0,ML,,,,2.7,0.3,11
3624329,2011-12-09T14:19:45Z,-46.17,0.0,166.15,0.1,33.0,0.0,ML,,,,3.3,0.2,8
3624341,2011-12-09T14:53:28Z,-37.12,0.1,177.23,0.0,142.0,5.0,ML,,,,2.6,0.3,6
3624347,2011-12-09T15:10:19Z,-36.96,0.0,177.17,0.0,183.0,3.0,ML,,,,2.8,0.3,12
3624349,2011-12-09T15:16:57Z,-46.18,0.0,166.22,0.1,33.0,0.0,ML,,,,3.9,0.1,15
3624353,2011-12-09T15:30:34Z,-45.4,0.0,166.92,0.0,22.0,2.0,ML,,,,2.2,0.2,5
3624354,2011-12-09T15:33:41Z,-37.47,0.0,178.24,0.0,37.0,2.0,ML,,,,2.4,0.2,8
3624363,2011-12-09T15:55:03Z,-38.59,0.0,177.74,0.0,31.0,1.0,ML,,,,2.4,0.1,6
3706825,2011-12-09T15:55:36Z,-40.02,0.0,176.68,0.0,12.0,0.0,ML,,,,1.8,0.1,6
3624371,2011-12-09T16:16:24Z,-39.57,0.0,176.77,0.0,32.0,1.0,ML,,,,1.8,0.2,8
3624372,2011-12-09T16:19:50Z,-37.83,0.0,177.53,0.0,40.0,2.0,ML,,,,2.2,0.1,8
3624376,2011-12-09T16:28:54Z,-41.2,0.0,174.58,0.0,36.0,2.0,ML,,,,2.3,0.0,6
3624381,2011-12-09T16:44:20Z,-40.82,0.0,175.51,0.0,25.0,1.0,ML,,,,2.0,0.2,8
3624395,2011-12-09T17:22:37Z,-43.62,0.0,172.47,0.0,6.0,1.0,ML,,,,2.9,0.1,4
3624419,2011-12-09T18:27:26Z,-40.69,0.0,175.04,0.0,34.0,1.0,ML,,,,2.1,0.2,7
3624432,2011-12-09T19:03:03Z,-39.91,0.0,176.55,0.0,22.0,2.0,ML,,,,2.0,0.3,9
3624435,2011-12-09T19:13:23Z,-37.55,0.0,179.91,0.0,33.0,0.0,ML,,,,3.5,0.1,11
3706839,2011-12-09T19:13:47Z,-45.03,0.0,167.42,0.0,86.0,6.0,ML,,,,2.6,0.3,6
3624441,2011-12-09T19:30:06Z,-37.84,0.0,176.76,0.0,117.0,3.0,ML,,,,3.2,0.2,16
3624452,2011-12-09T20:05:37Z,-40.24,0.0,175.01,0.0,38.0,3.0,ML,,,,2.0,0.1,3
3624486,2011-12-09T21:40:54Z,-36.86,0.0,177.91,0.0,33.0,0.0,ML,,,,3.0,0.2,9
3624492,2011-12-09T22:00:11Z,-37.77,0.0,178.09,0.0,57.0,2.0,ML,,,,2.5,0.2,9
3624507,2011-12-09T22:50:25Z,-39.3,0.1,173.85,0.1,25.0,5.0,ML,,,,1.6,0.2,3
3624549,2011-12-09T22:58:44Z,-41.64,0.0,174.36,0.0,12.0,0.0,ML,,,,2.1,0.4,4
3624510,2011-12-09T23:00:42Z,-37.61,0.1,179.92,0.1,33.0,0.0,ML,,,,2.9,0.2,6
3624513,2011-12-09T23:11:28Z,-44.99,0.0,167.41,0.0,5.0,0.0,ML,,,,2.3,0.1,3
3624534,2011-12-10T00:19:48Z,-38.46,0.0,176.11,0.0,107.0,3.0,ML,,,,3.1,0.1,14
3624535,2011-12-10T00:22:35Z,-43.59,0.0,172.28,0.0,5.0,0.0,ML,,,,2.3,0.1,5
3624547,2011-12-10T01:00:57Z,-45.04,0.0,167.49,0.0,106.0,3.0,ML,,,,2.8,0.3,7
3624558,2011-12-10T01:23:26Z,-38.72,0.1,175.82,0.1,172.0,10.0,ML,,,,2.9,0.1,3
3624560,2011-12-10T01:28:20Z,-41.11,0.0,174.38,0.0,58.0,1.0,ML,,,,2.1,0.1,5
3624563,2011-12-10T01:34:48Z,-40.55,0.0,175.62,0.0,23.0,1.0,ML,,,,2.3,0.3,9
3624564,2011-12-10T01:38:13Z,-40.07,0.0,176.38,0.0,29.0,1.0,ML,,,,2.4,0.1,9
3624567,2011-12-10T01:46:11Z,-39.64,0.0,174.37,0.0,218.0,3.0,ML,,,,3.6,0.1,26
3624585,2011-12-10T02:43:36Z,-40.35,0.0,176.34,0.0,32.0,1.0,ML,,,,2.2,0.2,8
3624593,2011-12-10T03:05:10Z,-40.94,0.0,175.54,0.0,26.0,1.0,ML,,,,2.0,0.2,7
3624607,2011-12-10T03:39:27Z,-43.54,0.0,172.79,0.0,9.0,1.0,ML,,,,2.8,0.3,5
3624618,2011-12-10T04:18:35Z,-45.16,0.0,167.39,0.0,86.0,3.0,ML,,,,2.2,0.3,5
3624622,2011-12-10T04:31:37Z,-39.29,0.0,175.35,0.0,29.0,1.0,ML,,,,2.4,0.2,14
3624639,2011-12-10T05:18:35Z,-39.58,0.0,176.95,0.0,26.0,1.0,ML,,,,2.6,0.1,14
3624652,2011-12-10T05:54:10Z,-40.83,0.0,175.51,0.0,24.0,1.0,ML,,,,2.1,0.3,8
3624666,2011-12-10T06:35:35Z,-38.52,0.0,175.84,0.0,155.0,4.0,ML,,,,3.2,0.3,16
3624670,2011-12-10T06:46:44Z,-41.4,0.0,172.35,0.0,5.0,0.0,ML,,,,2.1,0.2,3
3624673,2011-12-10T06:58:01Z,-39.39,0.0,174.99,0.0,30.0,1.0,ML,,,,2.4,0.3,17
3624674,2011-12-10T07:02:56Z,-45.77,0.0,166.98,0.0,5.0,0.0,ML,,,,2.1,0.2,5
3624682,2011-12-10T07:24:15Z,-38.92,0.0,177.99,0.1,22.0,4.0,ML,,,,1.9,0.1,4
3624683,2011-12-10T07:25:54Z,-41.29,0.0,174.76,0.0,49.0,2.0,ML,,,,2.1,0.2,6
3624699,2011-12-10T08:07:08Z,-36.89,0.0,178.27,0.1,33.0,0.0,ML,,,,2.7,0.1,8
3624715,2011-12-10T08:51:50Z,-39.24,0.0,174.84,0.0,24.0,1.0,ML,,,,3.1,0.2,38
3707401,2011-12-10T09:26:24Z,-37.7,0.0,179.77,0.0,33.0,0.0,ML,,,,2.5,0.2,6
3624727,2011-12-10T09:29:06Z,-45.82,0.0,166.94,0.0,88.0,2.0,ML,,,,2.7,0.3,11
3624732,2011-12-10T09:40:29Z,-38.07,0.0,176.73,0.0,3.0,1.0,ML,,,,1.6,0.2,6
3624738,2011-12-10T09:53:59Z,-37.71,0.0,179.75,0.0,33.0,0.0,ML,,,,2.8,0.2,8
3624743,2011-12-10T10:07:15Z,-45.05,0.0,167.51,0.0,83.0,2.0,ML,,,,3.2,0.2,9
3624753,2011-12-10T10:30:57Z,-38.47,0.0,176.13,0.0,102.0,2.0,ML,,,,3.5,0.2,40
3624755,2011-12-10T10:32:57Z,-37.1,0.0,175.39,0.0,5.0,0.0,ML,,,,2.2,0.1,4
3624790,2011-12-10T11:54:46Z,-41.34,0.0,173.16,0.0,102.0,3.0,ML,,,,2.7,0.2,4
3624800,2011-12-10T12:25:14Z,-38.79,0.0,175.9,0.0,121.0,3.0,ML,,,,2.7,0.4,14
3624810,2011-12-10T12:56:32Z,-43.17,0.0,171.99,0.0,5.0,0.0,ML,,,,2.6,0.3,10
3624823,2011-12-10T13:38:52Z,-40.96,0.0,175.57,0.0,28.0,1.0,ML,,,,2.3,0.2,8
3624866,2011-12-10T15:58:22Z,-39.33,0.0,177.45,0.0,29.0,1.0,ML,,,,2.5,0.2,8
3624868,2011-12-10T16:02:09Z,-41.42,0.0,172.35,0.0,5.0,0.0,ML,,,,1.7,0.2,3
3624876,2011-12-10T16:34:16Z,-41.04,0.0,173.98,0.0,56.0,3.0,ML,,,,2.2,0.1,4
3624880,2011-12-10T16:48:20Z,-40.96,0.0,175.55,0.0,29.0,1.0,ML,,,,1.9,0.1,4
3624891,2011-12-10T17:23:58Z,-40.73,0.0,175.06,0.0,5.0,0.0,ML,,,,2.0,0.4,6
3625049,2011-12-10T17:28:50Z,-42.83,0.0,173.26,0.0,33.0,0.0,ML,,,,2.5,0.4,4
3624892,2011-12-10T17:29:32Z,-38.81,0.0,177.99,0.0,27.0,1.0,ML,,,,3.0,0.2,21
3624909,2011-12-10T18:33:06Z,-40.94,0.0,172.54,0.0,5.0,0.0,ML,,,,2.8,0.4,13
3624910,2011-12-10T18:36:25Z,-40.3,0.0,173.37,0.0,176.0,7.0,ML,,,,3.0,0.3,5
3624914,2011-12-10T18:49:39Z,-45.9,0.0,166.97,0.0,82.0,2.0,ML,,,,2.2,0.4,4
3624917,2011-12-10T19:01:59Z,-40.7,0.0,176.26,0.0,27.0,3.0,ML,,,,2.0,0.4,5
3624926,2011-12-10T19:29:00Z,-40.91,0.0,176.02,0.0,24.0,1.0,ML,,,,2.0,0.2,11
3624940,2011-12-10T20:05:55Z,-37.12,0.0,176.64,0.0,185.0,4.0,ML,,,,3.2,0.3,22
3624944,2011-12-10T20:15:45Z,-38.21,0.0,178.18,0.0,23.0,2.0,ML,,,,2.3,0.1,6
3624948,2011-12-10T20:27:54Z,-41.54,0.0,172.12,0.0,5.0,0.0,ML,,,,2.4,0.1,3
3624957,2011-12-10T21:01:57Z,-44.76,0.0,168.72,0.0,12.0,0.0,ML,,,,2.3,0.4,6
3624971,2011-12-10T21:34:56Z,-39.23,0.0,175.41,0.0,13.0,1.0,ML,,,,1.7,0.3,7
3624985,2011-12-10T22:07:42Z,-38.37,0.1,175.98,0.0,143.0,8.0,ML,,,,2.6,0.2,7
3624986,2011-12-10T22:13:26Z,-40.66,0.0,176.34,0.0,31.0,1.0,ML,,,,2.4,0.2,7
3625005,2011-12-10T23:15:05Z,-40.5,0.0,174.44,0.0,70.0,4.0,ML,,,,2.5,0.2,4
3625008,2011-12-10T23:26:07Z,-46.16,0.0,165.77,0.1,12.0,0.0,ML,,,,2.4,0.3,5
3625014,2011-12-10T23:43:42Z,-39.71,0.0,174.07,0.0,208.0,3.0,ML,,,,4.3,0.2,54
3625034,2011-12-11T00:26:55Z,-38.67,0.0,176.08,0.0,5.0,0.0,ML,,,,1.7,0.2,5
3625039,2011-12-11T00:43:37Z,-39.7,0.0,175.72,0.0,12.0,0.0,ML,,,,2.4,0.2,11
3625041,2011-12-11T00:44:52Z,-41.07,0.0,174.4,0.0,59.0,1.0,ML,,,,2.5,0.1,5
3625067,2011-12-11T02:02:09Z,-38.85,0.0,177.76,0.0,5.0,0.0,ML,,,,2.1,0.2,5
3625082,2011-12-11T02:44:43Z,-41.63,0.0,174.28,0.0,14.0,2.0,ML,,,,2.0,0.4,9
3625129,2011-12-11T05:04:40Z,-38.29,0.0,176.16,0.0,112.0,4.0,ML,,,,2.7,0.1,9
3625154,2011-12-11T06:29:26Z,-41.01,0.0,172.41,0.0,12.0,0.0,ML,,,,2.2,0.4,5
3625162,2011-12-11T06:55:53Z,-37.87,0.0,178.47,0.0,12.0,0.0,ML,,,,2.4,0.2,6
3625172,2011-12-11T07:23:30Z,-39.45,0.0,177.24,0.0,22.0,2.0,ML,,,,2.4,0.1,11
3625175,2011-12-11T07:32:45Z,-41.23,0.0,173.8,0.0,53.0,2.0,ML,,,,1.9,0.2,2
3625196,2011-12-11T08:37:05Z,-39.24,0.0,174.84,0.0,26.0,2.0,ML,,,,2.2,0.3,16
3625197,2011-12-11T08:37:29Z,-37.15,0.1,176.84,0.1,140.0,5.0,ML,,,,3.2,0.1,9
3625200,2011-12-11T08:50:32Z,-42.33,0.1,174.13,0.0,32.0,8.0,ML,,,,2.4,0.3,4
3625203,2011-12-11T08:57:04Z,-37.84,0.0,176.56,0.0,145.0,2.0,ML,,,,3.4,0.2,26
3625209,2011-12-11T09:15:33Z,-41.07,0.0,176.1,0.0,22.0,2.0,ML,,,,2.3,0.3,12
3714815,2011-12-11T09:16:32Z,-44.15,0.0,168.44,0.0,5.0,0.0,ML,,,,2.4,0.3,10
3625217,2011-12-11T09:37:15Z,-44.22,0.0,168.61,0.0,5.0,0.0,ML,,,,2.3,0.3,8
3625221,2011-12-11T09:51:26Z,-40.66,0.0,172.21,0.0,5.0,0.0,ML,,,,2.1,0.4,5
3625224,2011-12-11T09:57:51Z,-45.62,0.0,166.91,0.0,82.0,1.0,Mw,3.9,nan,0,4.5,0.2,23
3625952,2011-12-11T10:20:08Z,-43.48,0.0,172.63,0.0,14.0,2.0,ML,,,,2.3,0.2,4
3625232,2011-12-11T10:23:43Z,-37.89,0.0,178.38,0.0,5.0,0.0,ML,,,,1.9,0.1,6
3625235,2011-12-11T10:29:56Z,-39.32,0.0,176.79,0.0,40.0,3.0,ML,,,,2.0,0.2,7
3625239,2011-12-11T10:46:28Z,-41.01,0.0,175.57,0.0,25.0,1.0,ML,,,,1.8,0.2,8
3625243,2011-12-11T10:58:46Z,-45.21,0.0,167.24,0.0,12.0,0.0,ML,,,,2.2,0.1,4
3625269,2011-12-11T12:08:30Z,-38.61,0.0,176.44,0.0,77.0,1.0,ML,,,,3.9,0.2,54
3625272,2011-12-11T12:15:18Z,-40.24,0.0,174.26,0.0,109.0,2.0,ML,,,,3.1,0.3,9
3625279,2011-12-11T12:34:01Z,-39.31,0.0,175.37,0.0,28.0,3.0,ML,,,,1.9,0.2,3
3717506,2011-12-11T12:35:08Z,-38.13,0.0,179.1,0.0,33.0,0.0,ML,,,,2.6,0.2,9
3625285,2011-12-11T12:49:49Z,-38.41,0.0,177.47,0.0,30.0,2.0,ML,,,,1.8,0.2,4
3625288,2011-12-11T12:57:24Z,-41.18,0.0,172.62,0.0,192.0,3.0,ML,,,,2.9,0.2,2
3625290,2011-12-11T13:02:55Z,-38.83,0.0,177.87,0.0,30.0,2.0,ML,,,,2.0,0.2,7
3625298,2011-12-11T13:22:52Z,-38.6,0.0,176.61,0.0,58.0,2.0,ML,,,,2.3,0.2,9
3625308,2011-12-11T13:48:27Z,-37.07,0.1,177.59,0.1,88.0,8.0,ML,,,,2.5,0.2,7
3625313,2011-12-11T14:00:04Z,-37.89,0.0,177.71,0.0,44.0,4.0,ML,,,,1.8,0.1,2
3629200,2011-12-11T14:01:49Z,-44.41,0.0,167.95,0.0,5.0,0.0,ML,,,,2.0,0.2,4
3720548,2011-12-11T14:17:03Z,-40.99,0.0,175.45,0.0,28.0,1.0,ML,,,,1.7,0.3,5
3625322,2011-12-11T14:23:02Z,-39.48,0.0,177.58,0.0,44.0,3.0,ML,,,,3.3,0.3,27
3625330,2011-12-11T14:45:32Z,-43.65,0.0,171.77,0.0,5.0,0.0,ML,,,,2.2,0.3,5
3625337,2011-12-11T15:06:12Z,-43.57,0.0,172.56,0.0,13.0,3.0,ML,,,,2.6,0.3,7
3625353,2011-12-11T15:51:08Z,-39.52,0.0,176.84,0.0,32.0,1.0,ML,,,,2.1,0.2,15
3720711,2011-12-11T16:01:11Z,-39.59,0.0,176.6,0.0,19.0,1.0,ML,,,,1.7,0.3,3
3625357,2011-12-11T16:02:20Z,-37.9,0.0,178.59,0.0,12.0,0.0,ML,,,,2.3,0.3,6
3625369,2011-12-11T16:36:24Z,-37.68,0.0,178.43,0.0,60.0,2.0,ML,,,,2.5,0.2,8
3625378,2011-12-11T16:56:18Z,-38.51,0.0,177.82,0.0,43.0,8.0,ML,,,,1.8,0.2,3
3625381,2011-12-11T17:04:18Z,-39.12,0.0,176.13,0.0,82.0,2.0,ML,,,,2.7,0.2,7
3625388,2011-12-11T17:26:35Z,-42.96,0.0,172.82,0.0,32.0,2.0,ML,,,,2.4,0.2,5
3625389,2011-12-11T17:28:32Z,-40.22,0.0,174.4,0.0,49.0,6.0,ML,,,,2.1,0.3,5
3625396,2011-12-11T17:52:31Z,-43.56,0.0,172.52,0.0,9.0,1.0,ML,,,,2.7,0.2,4
3625420,2011-12-11T19:04:44Z,-44.95,0.0,167.6,0.0,85.0,3.0,ML,,,,2.3,0.3,5
3625429,2011-12-11T19:32:57Z,-40.85,0.0,175.51,0.0,26.0,1.0,ML,,,,1.8,0.3,4
3625432,2011-12-11T19:38:32Z,-41.87,0.0,173.99,0.0,13.0,2.0,ML,,,,3.2,0.2,27
3721664,2011-12-11T19:39:17Z,-37.72,0.0,179.63,0.0,5.0,0.0,ML,,,,2.8,0.2,7
3625451,2011-12-11T20:27:05Z,-36.83,0.0,177.5,0.0,126.0,5.0,ML,,,,3.2,0.2,7
3625467,2011-12-11T21:11:20Z,-41.87,0.0,173.94,0.0,16.0,2.0,ML,,,,2.8,0.2,10
3625475,2011-12-11T21:30:29Z,-45.36,0.0,167.29,0.0,111.0,4.0,ML,,,,3.0,0.4,5
3625482,2011-12-11T21:43:11Z,-41.86,0.0,173.95,0.0,15.0,2.0,ML,,,,2.5,0.3,12
3625487,2011-12-11T21:58:57Z,-43.25,0.0,172.4,0.0,12.0,0.0,ML,,,,2.9,0.2,6
3625488,2011-12-11T22:01:35Z,-40.12,0.0,174.9,0.0,19.0,2.0,ML,,,,2.4,0.3,14
3625506,2011-12-11T22:46:12Z,-41.29,0.0,175.29,0.0,26.0,1.0,ML,,,,1.9,0.2,8
3625511,2011-12-11T23:01:29Z,-39.49,0.0,176.58,0.0,8.0,2.0,ML,,,,2.3,0.2,6
3625516,2011-12-11T23:17:09Z,-44.96,0.0,167.4,0.0,5.0,0.0,ML,,,,2.4,0.3,3
3625520,2011-12-11T23:31:32Z,-38.69,0.0,177.57,0.0,56.0,3.0,ML,,,,2.5,0.2,6
3625524,2011-12-11T23:39:43Z,-37.3,0.0,179.93,0.0,33.0,0.0,ML,,,,3.6,0.2,10
3625530,2011-12-11T23:57:45Z,-37.5,0.0,179.8,0.0,5.0,0.0,ML,,,,3.0,0.2,5
3625535,2011-12-12T00:09:15Z,-40.1,0.0,174.86,0.0,12.0,0.0,ML,,,,2.5,0.1,9
3625562,2011-12-12T01:23:01Z,-41.63,0.0,173.91,0.0,12.0,0.0,ML,,,,2.5,0.3,12
3625594,2011-12-12T02:32:55Z,-46.34,0.0,166.14,0.0,33.0,0.0,ML,,,,3.1,0.2,9
3625621,2011-12-12T03:50:21Z,-38.53,0.0,177.84,0.0,20.0,2.0,ML,,,,2.2,0.1,7
3625628,2011-12-12T04:07:53Z,-41.63,0.0,174.54,0.0,32.0,2.0,ML,,,,2.5,0.1,11
3625636,2011-12-12T04:31:09Z,-35.15,0.0,177.67,0.0,33.0,0.0,ML,,,,4.0,0.1,6
3625638,2011-12-12T04:35:33Z,-38.54,0.0,175.75,0.0,147.0,4.0,ML,,,,3.0,0.3,15
3625642,2011-12-12T04:44:39Z,-38.39,0.0,175.97,0.0,158.0,4.0,ML,,,,3.5,0.4,28
3625645,2011-12-12T04:54:00Z,-40.41,0.0,175.69,0.0,35.0,2.0,ML,,,,2.2,0.1,5
3625667,2011-12-12T05:55:09Z,-37.5,0.0,178.56,0.0,31.0,1.0,ML,,,,2.8,0.2,6
3625677,2011-12-12T06:25:27Z,-39.84,0.0,173.85,0.0,154.0,4.0,ML,,,,3.0,0.4,7
3625678,2011-12-12T06:29:44Z,-39.48,0.0,175.71,0.0,14.0,1.0,ML,,,,2.0,0.3,6
3625691,2011-12-12T07:02:41Z,-38.26,0.0,176.25,0.0,104.0,4.0,ML,,,,2.7,0.2,8
3625692,2011-12-12T07:06:56Z,-45.15,0.0,167.43,0.0,115.0,3.0,ML,,,,2.8,0.2,7
3625700,2011-12-12T07:35:11Z,-43.52,0.0,172.27,0.0,12.0,0.0,ML,,,,2.5,0.2,3
3625707,2011-12-12T07:57:53Z,-37.09,0.0,177.64,0.0,12.0,0.0,ML,,,,2.8,0.2,6
3709435,2011-12-12T07:59:06Z,-44.93,0.0,167.64,0.0,77.0,2.0,ML,,,,2.3,0.1,6
3625716,2011-12-12T08:20:31Z,-40.8,0.0,176.38,0.0,23.0,1.0,ML,,,,2.6,0.1,13
3625718,2011-12-12T08:23:35Z,-40.77,0.0,176.36,0.0,12.0,0.0,ML,,,,1.9,0.3,5
3625719,2011-12-12T08:25:40Z,-40.16,0.0,176.37,0.0,25.0,2.0,ML,,,,2.0,0.1,9
3625722,2011-12-12T08:36:09Z,-44.41,0.0,168.25,0.0,5.0,0.0,ML,,,,2.1,0.3,7
3625724,2011-12-12T08:42:24Z,-40.77,0.0,176.36,0.0,12.0,0.0,ML,,,,2.0,0.2,9
3625725,2011-12-12T08:43:40Z,-40.81,0.0,176.39,0.0,23.0,1.0,ML,,,,2.9,0.2,16
3625746,2011-12-12T09:53:50Z,-40.95,0.0,174.97,0.0,29.0,1.0,ML,,,,2.5,0.2,15
3709450,2011-12-12T09:55:42Z,-40.47,0.0,176.11,0.0,41.0,2.0,ML,,,,2.2,0.2,8
3625747,2011-12-12T09:56:02Z,-43.91,0.0,169.17,0.0,12.0,0.0,ML,,,,2.9,0.2,9
3625753,2011-12-12T10:14:34Z,-39.94,0.0,174.89,0.0,71.0,3.0,ML,,,,2.2,0.4,4
3625755,2011-12-12T10:18:05Z,-39.97,0.0,176.63,0.0,41.0,2.0,ML,,,,2.2,0.2,7
3625756,2011-12-12T10:22:28Z,-40.35,0.0,175.62,0.0,32.0,1.0,ML,,,,2.3,0.1,7
3625764,2011-12-12T10:38:00Z,-36.91,0.1,179.16,0.1,12.0,0.0,ML,,,,2.9,0.1,4
3625768,2011-12-12T10:47:43Z,-38.67,0.0,176.27,0.0,73.0,3.0,ML,,,,2.5,0.2,13
3625780,2011-12-12T11:23:55Z,-39.76,0.0,176.89,0.0,49.0,2.0,ML,,,,2.5,0.1,7
3625784,2011-12-12T11:37:49Z,-39.02,0.0,175.67,0.0,5.0,0.0,ML,,,,1.6,0.2,6
3625791,2011-12-12T12:01:37Z,-37.84,0.0,176.34,0.0,133.0,5.0,ML,,,,2.6,0.1,7
3625801,2011-12-12T12:31:10Z,-40.0,0.0,176.61,0.0,41.0,2.0,ML,,,,2.1,0.2,14
3625812,2011-12-12T13:03:34Z,-40.79,0.0,176.39,0.0,15.0,3.0,ML,,,,2.1,0.2,11
3625813,2011-12-12T13:07:06Z,-40.37,0.0,176.18,0.0,31.0,1.0,ML,,,,2.3,0.1,5
3625815,2011-12-12T13:14:10Z,-40.79,0.0,176.38,0.0,17.0,2.0,ML,,,,2.6,0.2,15
3625817,2011-12-12T13:22:07Z,-40.37,0.0,176.19,0.0,31.0,1.0,ML,,,,2.4,0.1,6
3625822,2011-12-12T13:34:46Z,-37.87,0.0,178.48,0.0,12.0,0.0,ML,,,,2.6,0.2,8
3625824,2011-12-12T13:37:27Z,-37.2,0.0,177.09,0.0,140.0,3.0,ML,,,,3.2,0.2,6
3625856,2011-12-12T15:25:41Z,-39.01,0.0,175.66,0.0,5.0,0.0,ML,,,,2.0,0.1,8
3625865,2011-12-12T15:50:19Z,-39.02,0.0,175.66,0.0,5.0,0.0,ML,,,,1.5,0.2,7
3625866,2011-12-12T15:53:19Z,-39.02,0.0,175.67,0.0,5.0,0.0,ML,,,,1.5,0.2,5
3625870,2011-12-12T16:00:25Z,-39.02,0.0,175.67,0.0,5.0,0.0,ML,,,,1.4,0.2,6
3625877,2011-12-12T16:17:51Z,-45.12,0.0,167.47,0.0,67.0,2.0,ML,,,,2.4,0.2,6
3625883,2011-12-12T16:33:15Z,-40.25,0.0,174.98,0.0,31.0,1.0,ML,,,,2.5,0.2,18
3625885,2011-12-12T16:40:12Z,-40.7,0.0,175.49,0.0,27.0,1.0,ML,,,,1.9,0.1,6
3625887,2011-12-12T16:47:11Z,-39.02,0.0,175.67,0.0,5.0,0.0,ML,,,,1.5,0.2,6
3625897,2011-12-12T17:14:27Z,-41.65,0.0,174.2,0.0,12.0,0.0,ML,,,,2.4,0.3,10
3625923,2011-12-12T18:19:26Z,-39.31,0.0,175.33,0.0,30.0,4.0,ML,,,,2.0,0.3,4
3625926,2011-12-12T18:24:14Z,-42.96,0.0,171.4,0.0,2.0,0.0,ML,,,,2.9,0.3,11
3625930,2011-12-12T18:31:01Z,-40.15,0.0,174.59,0.0,33.0,0.0,ML,,,,2.4,0.4,13
3625933,2011-12-12T18:37:16Z,-40.24,0.0,176.22,0.0,50.0,2.0,ML,,,,2.4,0.1,5
3625970,2011-12-12T20:27:46Z,-43.5,0.0,172.18,0.0,5.0,0.0,ML,,,,2.3,0.2,5
3625971,2011-12-12T20:33:20Z,-39.15,0.0,175.35,0.0,10.0,1.0,ML,,,,2.4,0.1,17
3625972,2011-12-12T20:35:38Z,-39.9,0.0,176.63,0.0,24.0,4.0,ML,,,,1.8,0.1,6
3625976,2011-12-12T20:47:04Z,-43.64,0.0,172.5,0.0,8.0,1.0,ML,,,,2.9,0.1,4
3625992,2011-12-12T21:18:23Z,-40.4,0.0,175.98,0.0,33.0,2.0,ML,,,,1.9,0.2,5
3625999,2011-12-12T21:36:04Z,-43.49,0.0,177.69,0.0,33.0,0.0,ML,,,,3.6,0.3,22
3626001,2011-12-12T21:38:55Z,-38.28,0.0,175.89,0.0,165.0,3.0,ML,,,,3.7,0.2,36
3626015,2011-12-12T22:09:42Z,-40.32,0.0,176.35,0.0,30.0,2.0,ML,,,,2.2,0.3,6
3626030,2011-12-12T22:53:46Z,-41.41,0.0,175.06,0.0,23.0,1.0,ML,,,,2.0,0.1,7
3626031,2011-12-12T22:56:13Z,-39.45,0.0,175.62,0.0,71.0,1.0,ML,,,,3.2,0.2,16
3626039,2011-12-12T23:17:14Z,-40.4,0.0,176.32,0.0,33.0,0.0,ML,,,,2.2,0.2,5
3626082,2011-12-13T01:03:23Z,-40.33,0.0,176.33,0.0,30.0,2.0,ML,,,,2.0,0.3,8
3626084,2011-12-13T01:09:19Z,-37.57,0.0,175.81,0.0,248.0,3.0,ML,,,,4.0,0.2,41
3626086,2011-12-13T01:14:48Z,-40.36,0.0,176.01,0.0,50.0,2.0,ML,,,,2.2,0.2,7
3626094,2011-12-13T01:34:16Z,-45.31,0.0,166.99,0.0,21.0,3.0,ML,,,,2.3,0.2,5
3626103,2011-12-13T01:57:20Z,-40.04,0.0,176.69,0.0,47.0,1.0,ML,,,,2.8,0.2,17
3626150,2011-12-13T03:33:54Z,-37.92,0.0,175.88,0.0,175.0,4.0,ML,,,,3.5,0.2,24
3626213,2011-12-13T06:29:18Z,-41.96,0.0,-179.99,0.0,33.0,0.0,ML,,,,4.0,0.2,24
3626219,2011-12-13T06:44:45Z,-41.45,0.0,173.52,0.0,64.0,3.0,ML,,,,2.4,0.2,3
3626233,2011-12-13T07:24:04Z,-38.02,0.1,175.87,0.1,208.0,6.0,ML,,,,3.4,0.3,24
3626240,2011-12-13T07:36:03Z,-37.8,0.0,176.42,0.0,114.0,4.0,ML,,,,2.8,0.2,7
3626241,2011-12-13T07:37:53Z,-36.93,0.1,176.46,0.1,311.0,6.0,ML,,,,3.7,0.1,5
3714678,2011-12-13T07:38:54Z,-38.69,0.0,175.94,0.0,108.0,5.0,ML,,,,3.0,0.2,8
3626243,2011-12-13T07:45:22Z,-39.38,0.0,175.27,0.0,28.0,1.0,ML,,,,2.9,0.2,26
3626249,2011-12-13T07:55:21Z,-38.17,0.0,177.98,0.0,57.0,2.0,ML,,,,2.3,0.1,7
3626268,2011-12-13T08:44:18Z,-40.58,0.0,176.73,0.0,22.0,3.0,ML,,,,2.5,0.1,8
3626283,2011-12-13T09:31:25Z,-40.85,0.0,175.5,0.0,23.0,1.0,ML,,,,2.0,0.2,10
3626290,2011-12-13T09:46:40Z,-45.61,0.0,166.98,0.1,94.0,4.0,ML,,,,2.6,0.1,4
3626297,2011-12-13T10:08:19Z,-40.84,0.0,175.79,0.0,25.0,1.0,ML,,,,2.0,0.1,11
3626302,2011-12-13T10:20:16Z,-37.51,0.0,179.76,0.0,5.0,0.0,ML,,,,3.2,0.1,5
3626318,2011-12-13T11:02:59Z,-42.05,0.0,172.96,0.0,66.0,3.0,ML,,,,3.2,0.3,14
3626321,2011-12-13T11:16:55Z,-46.86,0.0,166.46,0.0,5.0,0.0,ML,,,,3.9,0.3,12
3714726,2011-12-13T11:16:59Z,-41.24,0.0,172.64,0.0,133.0,4.0,ML,,,,2.5,nan,1
3714733,2011-12-13T11:19:15Z,-39.29,0.0,175.37,0.0,30.0,1.0,ML,,,,1.9,0.4,4
3626322,2011-12-13T11:19:45Z,-40.58,0.0,173.31,0.0,152.0,3.0,ML,,,,3.1,0.3,11
3626328,2011-12-13T11:37:08Z,-38.29,0.0,176.43,0.0,5.0,0.0,ML,,,,2.1,0.2,9
3626351,2011-12-13T12:34:08Z,-38.79,0.0,177.92,0.0,29.0,2.0,ML,,,,2.2,0.1,6
3626355,2011-12-13T12:44:43Z,-39.28,0.0,177.1,0.0,30.0,1.0,ML,,,,2.1,0.2,11
3626357,2011-12-13T12:51:17Z,-41.63,0.0,174.92,0.0,32.0,0.0,ML,,,,2.5,0.3,15
3626381,2011-12-13T14:11:05Z,-41.26,0.0,174.52,0.0,43.0,1.0,ML,,,,2.4,0.1,3
3626382,2011-12-13T14:12:32Z,-40.16,0.0,175.09,0.0,28.0,2.0,ML,,,,2.4,0.4,10
3626389,2011-12-13T14:34:02Z,-37.85,0.0,176.92,0.0,5.0,1.0,ML,,,,2.2,0.2,10
3626395,2011-12-13T14:54:37Z,-39.3,0.0,175.28,0.0,28.0,3.0,ML,,,,2.1,0.3,6
3626396,2011-12-13T14:57:46Z,-39.67,0.0,175.35,0.0,75.0,2.0,ML,,,,3.3,0.2,32
3626407,2011-12-13T15:24:07Z,-37.86,0.0,176.91,0.0,5.0,1.0,ML,,,,1.8,0.3,6
3626411,2011-12-13T15:34:40Z,-43.59,0.0,172.37,0.0,9.0,2.0,ML,,,,2.6,0.3,8
3626510,2011-12-13T15:35:48Z,-43.47,0.0,172.11,0.0,5.0,0.0,ML,,,,2.9,0.4,8
3626427,2011-12-13T16:26:10Z,-44.71,0.0,167.66,0.0,45.0,3.0,ML,,,,2.1,0.2,8
3626450,2011-12-13T17:42:23Z,-43.64,0.0,172.28,0.0,5.0,0.0,ML,,,,2.3,0.2,4
3626465,2011-12-13T18:19:47Z,-39.2,0.0,174.86,0.0,30.0,1.0,ML,,,,2.4,0.2,6
3626483,2011-12-13T19:15:39Z,-40.21,0.0,176.17,0.0,23.0,1.0,ML,,,,2.3,0.2,4
3626492,2011-12-13T19:39:57Z,-40.43,0.0,176.0,0.0,32.0,1.0,ML,,,,2.1,0.1,8
3626498,2011-12-13T19:52:05Z,-43.63,0.0,172.35,0.0,5.0,0.0,ML,,,,2.2,0.1,5
3714803,2011-12-13T20:16:34Z,-39.63,0.0,176.21,0.0,37.0,2.0,ML,,,,1.7,0.1,4
3626508,2011-12-13T20:17:31Z,-38.89,0.0,178.0,0.0,23.0,2.0,ML,,,,2.2,0.2,2
3714809,2011-12-13T20:18:09Z,-44.19,0.0,168.68,0.0,12.0,0.0,ML,,,,2.4,0.2,5
3626511,2011-12-13T20:21:50Z,-38.93,0.0,178.04,0.0,28.0,1.0,ML,,,,2.9,0.2,17
3626525,2011-12-13T20:53:38Z,-37.5,0.0,179.94,0.0,33.0,0.0,ML,,,,3.0,0.2,6
3626544,2011-12-13T21:39:58Z,-42.13,0.0,174.1,0.0,33.0,0.0,ML,,,,2.6,0.3,7
3626546,2011-12-13T21:45:18Z,-35.89,0.1,178.1,0.1,194.0,10.0,ML,,,,3.7,0.1,5
3626548,2011-12-13T21:49:18Z,-40.24,0.0,176.21,0.0,48.0,2.0,ML,,,,2.2,0.2,7
3626556,2011-12-13T22:04:56Z,-44.58,0.0,168.27,0.0,5.0,0.0,ML,,,,2.5,0.3,8
3626581,2011-12-13T23:01:40Z,-38.21,0.0,176.96,0.0,61.0,2.0,ML,,,,2.7,0.2,5
3626583,2011-12-13T23:03:22Z,-40.4,0.0,175.61,0.0,31.0,1.0,ML,,,,2.0,0.2,5
3626589,2011-12-13T23:24:44Z,-43.59,0.0,172.68,0.0,5.0,0.0,ML,,,,2.7,0.3,4
3626643,2011-12-14T01:41:01Z,-41.07,0.0,174.94,0.0,34.0,1.0,ML,,,,3.1,0.2,19
3626647,2011-12-14T01:49:54Z,-40.77,0.0,174.5,0.0,46.0,4.0,ML,,,,2.1,0.1,5
3626694,2011-12-14T03:49:39Z,-43.38,0.0,172.47,0.0,12.0,0.0,ML,,,,2.5,0.1,4
3626762,2011-12-14T06:56:37Z,-39.0,0.0,175.71,0.0,95.0,3.0,ML,,,,2.8,0.2,13
3626781,2011-12-14T07:48:09Z,-40.35,0.0,176.73,0.0,24.0,2.0,ML,,,,3.3,0.2,35
3626794,2011-12-14T08:20:09Z,-38.47,0.0,175.52,0.1,136.0,7.0,ML,,,,3.0,0.4,8
3626850,2011-12-14T10:43:27Z,-40.37,0.0,176.63,0.0,28.0,1.0,ML,,,,1.9,0.2,9
3626851,2011-12-14T10:49:47Z,-39.81,0.0,176.28,0.0,29.0,1.0,ML,,,,2.5,0.2,14
3626857,2011-12-14T10:57:34Z,-40.3,0.0,176.68,0.0,24.0,2.0,ML,,,,2.4,0.2,10
3710485,2011-12-14T11:03:19Z,-38.85,0.0,177.72,0.0,17.0,3.0,ML,,,,1.9,0.1,8
3626879,2011-12-14T12:03:17Z,-39.12,0.0,174.77,0.1,114.0,11.0,ML,,,,3.0,0.2,16
3626885,2011-12-14T12:16:55Z,-41.3,0.0,174.93,0.0,52.0,1.0,ML,,,,2.5,0.2,10
3626888,2011-12-14T12:20:54Z,-41.05,0.0,174.44,0.0,41.0,1.0,ML,,,,2.2,0.1,9
3626893,2011-12-14T12:35:01Z,-43.58,0.0,172.32,0.0,5.0,0.0,ML,,,,3.5,0.1,15
3626896,2011-12-14T12:42:20Z,-40.28,0.0,176.72,0.0,20.0,2.0,ML,,,,2.1,0.3,9
3627053,2011-12-14T12:42:34Z,-39.01,0.0,177.5,0.0,33.0,0.0,ML,,,,2.7,0.2,11
3626915,2011-12-14T13:33:59Z,-39.31,0.0,174.69,0.0,31.0,1.0,ML,,,,2.2,0.2,5
3626931,2011-12-14T14:15:54Z,-39.16,0.0,175.31,0.0,5.0,0.0,ML,,,,2.1,0.1,8
3626942,2011-12-14T14:47:10Z,-45.34,0.0,167.13,0.0,87.0,2.0,Mw,4.1,nan,0,4.5,0.2,22
3626955,2011-12-14T15:18:40Z,-40.29,0.0,176.65,0.0,20.0,2.0,ML,,,,2.2,0.2,12
3627056,2011-12-14T15:19:36Z,-37.66,0.0,177.35,0.0,54.0,5.0,ML,,,,2.3,0.2,6
3626963,2011-12-14T15:40:06Z,-38.74,0.0,177.93,0.0,26.0,2.0,ML,,,,2.4,0.1,5
3626972,2011-12-14T16:01:43Z,-37.99,0.0,176.68,0.0,94.0,3.0,ML,,,,3.4,0.2,24
3626983,2011-12-14T16:35:50Z,-39.82,0.0,176.87,0.0,47.0,2.0,ML,,,,2.8,0.1,16
3627031,2011-12-14T18:47:55Z,-38.95,0.0,176.15,0.0,71.0,2.0,ML,,,,2.6,0.2,6
3627034,2011-12-14T18:53:48Z,-40.0,0.0,176.64,0.0,36.0,2.0,ML,,,,2.3,0.1,6
3627045,2011-12-14T19:21:51Z,-37.2,0.1,176.18,0.1,253.0,6.0,ML,,,,3.7,0.2,12
3627072,2011-12-14T20:34:28Z,-46.26,0.0,165.97,0.0,12.0,0.0,Mw,4.1,nan,0,4.4,0.2,17
3627085,2011-12-14T21:15:06Z,-38.46,0.0,176.18,0.0,2.0,0.0,ML,,,,2.1,0.1,7
3710524,2011-12-14T21:16:08Z,-38.46,0.0,176.18,0.0,2.0,0.0,ML,,,,2.0,0.1,7
3627087,2011-12-14T21:16:22Z,-37.75,0.0,176.13,0.0,174.0,3.0,ML,,,,3.7,0.2,30
3710527,2011-12-14T21:17:44Z,-38.46,0.0,176.18,0.0,2.0,0.0,ML,,,,2.4,0.2,11
3627088,2011-12-14T21:19:14Z,-38.46,0.0,176.18,0.0,2.0,0.0,ML,,,,1.7,0.1,4
3710536,2011-12-14T21:20:14Z,-38.46,0.0,176.18,0.0,2.0,0.0,ML,,,,1.6,0.1,4
3710538,2011-12-14T21:20:25Z,-38.45,0.0,176.17,0.0,2.0,0.0,ML,,,,1.6,0.1,4
3710542,2011-12-14T21:20:36Z,-46.0,0.0,166.28,0.1,12.0,0.0,ML,,,,3.3,0.1,9
3710540,2011-12-14T21:22:07Z,-38.46,0.0,176.17,0.0,2.0,0.0,ML,,,,2.1,0.1,6
3710535,2011-12-14T21:22:07Z,-45.42,0.0,167.06,0.0,68.0,1.0,ML,,,,3.6,0.2,13
3627089,2011-12-14T21:25:39Z,-38.46,0.0,176.18,0.0,2.0,0.0,ML,,,,1.6,0.1,4
3627103,2011-12-14T21:54:18Z,-38.7,0.0,176.72,0.0,46.0,3.0,ML,,,,2.4,0.1,9
3627120,2011-12-14T22:34:02Z,-46.04,0.0,165.97,0.1,12.0,0.0,ML,,,,3.0,0.2,5
3627124,2011-12-14T22:42:59Z,-39.95,0.0,175.46,0.0,58.0,7.0,ML,,,,2.1,0.1,5
3627149,2011-12-14T23:40:51Z,-39.73,0.0,174.99,0.0,91.0,3.0,ML,,,,3.1,0.1,16
3627162,2011-12-15T00:08:53Z,-46.11,0.0,166.05,0.1,33.0,0.0,Mw,3.9,nan,0,4.1,0.2,15
3627164,2011-12-15T00:17:36Z,-37.59,0.0,179.82,0.0,33.0,0.0,ML,,,,3.0,0.2,5
3627165,2011-12-15T00:18:41Z,-43.62,0.0,172.46,0.0,5.0,0.0,ML,,,,2.3,0.1,4
3709551,2011-12-15T00:19:36Z,-37.64,0.0,179.82,0.0,33.0,0.0,ML,,,,2.9,0.1,6
3627167,2011-12-15T00:25:32Z,-41.49,0.0,172.76,0.0,95.0,2.0,ML,,,,2.4,0.2,3
3627180,2011-12-15T00:51:49Z,-36.91,0.0,177.53,0.0,104.0,6.0,ML,,,,3.2,0.1,7
3627205,2011-12-15T01:55:07Z,-37.64,0.0,175.9,0.1,247.0,5.0,ML,,,,4.3,0.2,46
3627231,2011-12-15T03:08:19Z,-42.13,0.0,172.92,0.0,62.0,3.0,ML,,,,2.5,0.3,2
3627236,2011-12-15T03:23:21Z,-40.67,0.0,174.76,0.0,21.0,1.0,ML,,,,2.2,0.4,5
3627246,2011-12-15T03:52:48Z,-41.37,0.0,174.3,0.0,54.0,1.0,ML,,,,2.1,0.1,6
3627251,2011-12-15T04:10:53Z,-38.85,0.0,175.86,0.0,5.0,0.0,ML,,,,2.0,0.3,6
3627265,2011-12-15T05:04:54Z,-38.65,0.0,178.55,0.0,29.0,2.0,ML,,,,2.6,0.2,6
3627279,2011-12-15T05:47:38Z,-38.65,0.0,175.55,0.0,142.0,3.0,ML,,,,3.4,0.1,7
3627289,2011-12-15T06:27:26Z,-40.73,0.0,176.42,0.0,24.0,1.0,ML,,,,2.2,0.3,8
3627290,2011-12-15T06:30:04Z,-39.15,0.0,175.01,0.0,180.0,2.0,ML,,,,3.4,0.1,11
3627326,2011-12-15T08:16:06Z,-41.28,0.0,175.17,0.0,25.0,1.0,ML,,,,2.5,0.1,14
3627332,2011-12-15T08:34:57Z,-43.66,0.0,168.51,0.0,5.0,0.0,ML,,,,3.0,0.3,7
3627334,2011-12-15T08:41:24Z,-40.61,0.0,175.43,0.0,32.0,1.0,ML,,,,1.9,0.2,7
3627336,2011-12-15T08:46:50Z,-39.39,0.0,175.29,0.0,30.0,2.0,ML,,,,2.0,0.2,5
3627356,2011-12-15T09:43:47Z,-38.6,0.0,177.89,0.0,19.0,2.0,ML,,,,2.2,0.1,6
3627556,2011-12-15T10:11:30Z,-45.18,0.0,167.4,0.0,122.0,2.0,ML,,,,3.3,0.3,9
3627386,2011-12-15T11:15:45Z,-37.64,0.0,179.83,0.0,33.0,0.0,ML,,,,3.0,0.1,5
3627399,2011-12-15T11:49:16Z,-38.24,0.0,178.52,0.0,33.0,0.0,ML,,,,2.5,0.3,5
3627408,2011-12-15T12:24:52Z,-41.07,0.0,176.09,0.0,21.0,1.0,ML,,,,2.3,0.1,6
3627417,2011-12-15T12:49:44Z,-39.24,0.0,177.18,0.0,29.0,1.0,ML,,,,3.6,0.3,71
3627421,2011-12-15T13:06:20Z,-36.55,0.1,177.17,0.1,204.0,15.0,ML,,,,3.3,0.2,16
3627451,2011-12-15T14:47:00Z,-41.08,0.0,176.13,0.0,23.0,2.0,ML,,,,2.1,0.2,7
3710092,2011-12-15T14:47:08Z,-39.19,0.0,177.12,0.0,29.0,1.0,ML,,,,2.1,0.1,6
3627454,2011-12-15T14:55:53Z,-37.57,0.0,179.75,0.0,33.0,0.0,ML,,,,3.4,0.2,8
3627462,2011-12-15T15:24:00Z,-38.28,0.0,175.69,0.0,140.0,4.0,ML,,,,3.2,0.2,9
3627465,2011-12-15T15:33:09Z,-39.71,0.0,177.27,0.0,30.0,1.0,ML,,,,2.3,0.2,12
3627470,2011-12-15T15:52:54Z,-39.24,0.0,173.84,0.0,19.0,1.0,ML,,,,1.9,0.1,4
3627473,2011-12-15T16:08:49Z,-38.23,0.0,178.26,0.0,33.0,0.0,ML,,,,2.5,0.1,8
3627481,2011-12-15T16:33:03Z,-39.1,0.0,175.36,0.0,133.0,2.0,ML,,,,3.5,0.2,39
3710610,2011-12-15T16:34:49Z,-43.17,0.0,170.87,0.0,5.0,0.0,ML,,,,2.6,0.3,6
3627485,2011-12-15T16:41:53Z,-40.05,0.0,176.81,0.0,37.0,3.0,ML,,,,3.0,0.2,22
3627493,2011-12-15T17:02:25Z,-39.98,0.0,176.78,0.0,44.0,2.0,ML,,,,2.4,0.1,6
3627496,2011-12-15T17:06:45Z,-39.4,0.0,175.6,0.0,12.0,1.0,ML,,,,1.7,0.3,7
3627498,2011-12-15T17:13:35Z,-38.38,0.0,178.75,0.0,33.0,0.0,ML,,,,3.9,0.2,63
3711119,2011-12-15T17:15:58Z,-41.12,0.0,173.42,0.0,107.0,3.0,ML,,,,2.9,0.3,11
3627531,2011-12-15T18:48:09Z,-40.32,0.0,173.27,0.0,188.0,2.0,ML,,,,3.9,0.2,33
3627533,2011-12-15T18:52:57Z,-39.37,0.0,175.29,0.0,27.0,1.0,ML,,,,3.1,0.2,45
3627550,2011-12-15T19:37:57Z,-38.64,0.0,178.56,0.0,33.0,0.0,ML,,,,2.4,0.2,8
3627562,2011-12-15T20:05:56Z,-39.17,0.0,176.85,0.0,27.0,1.0,ML,,,,2.7,0.1,13
3627576,2011-12-15T20:43:41Z,-44.23,0.0,168.32,0.0,5.0,0.0,ML,,,,2.4,0.4,7
3627577,2011-12-15T20:48:15Z,-39.25,0.0,175.24,0.0,14.0,3.0,ML,,,,2.1,0.1,9
3627651,2011-12-15T23:35:24Z,-39.37,0.0,175.25,0.0,31.0,1.0,ML,,,,2.2,0.3,7
3627664,2011-12-16T00:14:27Z,-45.01,0.0,167.42,0.0,5.0,0.0,ML,,,,2.4,0.3,6
3627666,2011-12-16T00:22:10Z,-44.96,0.0,167.39,0.0,5.0,0.0,ML,,,,2.3,0.2,3
3627704,2011-12-16T01:49:54Z,-42.75,0.0,172.89,0.0,33.0,0.0,ML,,,,3.4,0.2,20
3627710,2011-12-16T02:04:13Z,-44.53,0.0,168.41,0.0,5.0,0.0,ML,,,,2.2,0.2,6
3627721,2011-12-16T02:34:33Z,-39.36,0.0,175.28,0.0,29.0,1.0,ML,,,,2.6,0.1,21
3627727,2011-12-16T02:45:18Z,-39.13,0.0,175.64,0.0,5.0,0.0,ML,,,,2.9,0.2,32
3627747,2011-12-16T03:25:26Z,-40.38,0.0,175.92,0.0,27.0,1.0,ML,,,,2.3,0.1,8
3627752,2011-12-16T03:39:47Z,-37.93,0.0,178.01,0.0,33.0,0.0,ML,,,,2.5,0.1,6
3627756,2011-12-16T03:50:59Z,-44.93,0.0,167.53,0.0,5.0,0.0,ML,,,,2.3,0.2,4
3627758,2011-12-16T03:58:46Z,-37.14,0.0,177.03,0.0,140.0,5.0,ML,,,,3.2,0.1,13
3627785,2011-12-16T05:07:26Z,-38.99,0.0,176.05,0.0,75.0,2.0,ML,,,,2.6,0.3,5
3627804,2011-12-16T06:04:56Z,-39.23,0.0,175.15,0.0,30.0,1.0,ML,,,,2.5,0.2,11
3627807,2011-12-16T06:12:40Z,-39.28,0.0,173.83,0.0,13.0,1.0,ML,,,,2.4,0.4,9
3627821,2011-12-16T06:59:27Z,-45.25,0.0,167.22,0.0,77.0,2.0,ML,,,,2.8,0.3,10
3627829,2011-12-16T07:19:57Z,-39.36,0.0,175.28,0.0,28.0,1.0,ML,,,,2.5,0.1,15
3627850,2011-12-16T08:24:20Z,-43.57,0.0,171.86,0.0,5.0,0.0,ML,,,,2.5,0.4,8
3627882,2011-12-16T09:30:42Z,-39.48,0.0,177.04,0.0,33.0,0.0,ML,,,,2.3,0.0,5
3627902,2011-12-16T10:15:39Z,-39.89,0.0,176.76,0.0,44.0,2.0,ML,,,,2.5,0.1,13
3627912,2011-12-16T10:47:47Z,-39.38,0.0,175.29,0.0,31.0,1.0,ML,,,,2.2,0.2,14
3627922,2011-12-16T11:16:32Z,-39.97,0.0,176.74,0.0,21.0,3.0,ML,,,,1.9,0.2,6
3627964,2011-12-16T13:11:18Z,-38.35,0.0,176.26,0.0,5.0,0.0,ML,,,,1.5,0.2,5
3627975,2011-12-16T13:48:42Z,-39.69,0.0,176.94,0.0,50.0,2.0,ML,,,,2.1,0.2,6
3627994,2011-12-16T14:36:49Z,-38.59,0.0,176.07,0.0,135.0,4.0,ML,,,,2.9,0.3,8
3627998,2011-12-16T14:49:14Z,-40.29,0.0,176.49,0.0,24.0,1.0,ML,,,,2.4,0.1,11
3627999,2011-12-16T14:50:39Z,-40.32,0.0,176.51,0.0,25.0,1.0,ML,,,,2.2,0.1,7
3628003,2011-12-16T14:58:40Z,-41.04,0.0,175.85,0.0,23.0,2.0,ML,,,,2.0,0.1,7
3628004,2011-12-16T15:00:18Z,-40.07,0.0,176.57,0.0,49.0,1.0,ML,,,,2.2,0.3,12
3628007,2011-12-16T15:13:25Z,-45.09,0.0,167.44,0.0,97.0,1.0,ML,,,,2.9,0.3,10
3628029,2011-12-16T16:08:45Z,-39.37,0.0,175.28,0.0,30.0,1.0,ML,,,,2.3,0.3,7
3628035,2011-12-16T16:20:29Z,-45.1,0.0,166.84,0.0,12.0,0.0,ML,,,,2.7,0.2,10
3710010,2011-12-16T16:20:50Z,-38.73,0.0,176.69,0.0,5.0,0.0,ML,,,,1.8,0.1,4
3628053,2011-12-16T17:11:25Z,-45.67,0.0,166.41,0.0,5.0,0.0,ML,,,,2.9,0.2,4
3628083,2011-12-16T18:34:43Z,-40.33,0.0,176.09,0.0,33.0,0.0,ML,,,,2.1,0.2,9
3628111,2011-12-16T20:11:13Z,-39.15,0.0,175.32,0.0,5.0,0.0,ML,,,,2.8,0.2,31
3628118,2011-12-16T20:25:24Z,-39.4,0.0,175.31,0.0,33.0,0.0,ML,,,,2.3,0.3,7
3628128,2011-12-16T20:54:34Z,-41.09,0.0,173.11,0.0,131.0,2.0,ML,,,,3.8,0.2,23
3628136,2011-12-16T21:18:07Z,-40.9,0.0,175.69,0.0,25.0,1.0,ML,,,,2.3,0.1,5
3628171,2011-12-16T23:02:04Z,-44.63,0.0,167.54,0.0,5.0,0.0,ML,,,,2.7,0.2,11
3628184,2011-12-16T23:46:48Z,-40.28,0.0,175.75,0.0,30.0,1.0,ML,,,,2.5,0.3,8
3628201,2011-12-17T00:40:39Z,-39.79,0.0,176.78,0.0,44.0,1.0,ML,,,,2.3,0.1,9
3628226,2011-12-17T02:01:56Z,-39.37,0.0,175.28,0.0,30.0,1.0,ML,,,,2.6,0.1,19
3628242,2011-12-17T02:59:06Z,-45.77,0.0,167.2,0.0,93.0,2.0,ML,,,,2.4,0.1,4
3628272,2011-12-17T04:14:56Z,-38.63,0.0,175.76,0.0,151.0,5.0,ML,,,,3.1,0.4,9
3628278,2011-12-17T04:31:43Z,-46.2,0.0,165.42,0.0,12.0,0.0,ML,,,,2.9,0.2,7
3628284,2011-12-17T04:52:37Z,-45.67,0.0,166.94,0.0,86.0,3.0,ML,,,,3.0,0.2,11
3628300,2011-12-17T05:47:07Z,-39.1,0.0,177.73,0.0,23.0,2.0,ML,,,,2.4,0.2,9
3628302,2011-12-17T05:50:11Z,-43.58,0.0,171.87,0.0,5.0,0.0,ML,,,,2.8,0.3,10
3628315,2011-12-17T06:42:19Z,-43.6,0.0,172.74,0.0,8.0,1.0,ML,,,,3.3,0.2,9
3628323,2011-12-17T07:07:20Z,-38.61,0.0,175.73,0.0,160.0,3.0,ML,,,,3.3,0.2,10
3628344,2011-12-17T07:54:04Z,-38.37,0.0,177.16,0.0,50.0,2.0,ML,,,,2.3,0.1,6
3628374,2011-12-17T09:07:10Z,-45.38,0.0,166.82,0.0,25.0,2.0,ML,,,,2.8,0.2,5
3628377,2011-12-17T09:15:02Z,-44.48,0.0,168.19,0.0,87.0,3.0,ML,,,,2.6,0.4,9
3628380,2011-12-17T09:23:57Z,-38.27,0.0,176.08,0.0,154.0,4.0,ML,,,,3.4,0.3,9
3710951,2011-12-17T09:24:49Z,-36.05,0.1,177.28,0.1,33.0,0.0,ML,,,,4.0,0.3,25
3628387,2011-12-17T09:43:27Z,-38.69,0.0,176.25,0.0,5.0,0.0,ML,,,,2.3,0.3,5
3629195,2011-12-17T09:43:49Z,-38.62,0.0,176.23,0.0,3.0,0.0,ML,,,,2.2,0.2,4
3628389,2011-12-17T09:44:41Z,-38.62,0.0,176.21,0.0,5.0,0.0,ML,,,,2.4,0.2,8
3710967,2011-12-17T09:44:56Z,-38.61,0.0,176.22,0.0,5.0,0.0,ML,,,,2.3,0.2,7
3628394,2011-12-17T09:54:11Z,-45.44,0.0,167.17,0.0,66.0,2.0,ML,,,,2.7,0.2,11
3628401,2011-12-17T10:09:41Z,-38.21,0.0,176.14,0.0,146.0,2.0,ML,,,,3.9,0.2,52
3628416,2011-12-17T10:48:27Z,-42.99,0.0,171.76,0.0,5.0,0.0,ML,,,,2.7,0.1,7
3628417,2011-12-17T10:52:11Z,-42.07,0.0,174.75,0.0,33.0,0.0,ML,,,,2.4,0.2,5
3628418,2011-12-17T10:55:04Z,-38.63,0.0,177.32,0.0,33.0,0.0,ML,,,,2.5,0.2,9
3628427,2011-12-17T11:10:09Z,-38.92,0.0,175.33,0.0,156.0,2.0,ML,,,,3.7,0.2,44
3628443,2011-12-17T11:50:31Z,-39.06,0.0,176.18,0.0,5.0,0.0,ML,,,,1.9,0.2,8
3628450,2011-12-17T12:10:25Z,-35.63,0.1,178.57,0.1,205.0,8.0,ML,,,,3.8,0.2,9
3628463,2011-12-17T12:55:16Z,-39.91,0.0,176.64,0.0,43.0,2.0,ML,,,,1.9,0.2,6
3628483,2011-12-17T13:58:38Z,-40.91,0.0,176.03,0.0,27.0,1.0,ML,,,,2.7,0.2,18
3628485,2011-12-17T14:06:27Z,-39.25,0.0,177.41,0.0,33.0,0.0,ML,,,,2.6,0.2,10
3628495,2011-12-17T14:38:44Z,-37.37,0.0,178.18,0.0,80.0,2.0,ML,,,,2.9,0.1,5
3628518,2011-12-17T15:52:51Z,-40.76,0.0,177.06,0.0,31.0,1.0,ML,,,,2.4,0.2,4
3628531,2011-12-17T16:22:09Z,-37.22,0.1,177.05,0.1,132.0,6.0,ML,,,,2.9,0.3,7
3628539,2011-12-17T16:44:03Z,-39.34,0.0,175.44,0.0,18.0,2.0,ML,,,,1.8,0.3,6
3628540,2011-12-17T16:47:22Z,-42.12,0.0,172.83,0.0,57.0,3.0,ML,,,,2.7,nan,1
3628563,2011-12-17T18:05:11Z,-39.78,0.0,176.76,0.0,43.0,1.0,ML,,,,2.6,0.1,14
3710560,2011-12-17T18:05:55Z,-41.36,0.0,174.29,0.0,51.0,2.0,ML,,,,2.3,0.1,4
3628568,2011-12-17T18:18:20Z,-39.45,0.0,175.75,0.0,11.0,1.0,ML,,,,2.1,0.1,11
3628628,2011-12-17T21:02:11Z,-41.36,0.0,175.14,0.0,25.0,1.0,ML,,,,2.0,0.2,8
3628631,2011-12-17T21:09:27Z,-43.6,0.0,172.74,0.0,7.0,1.0,ML,,,,2.7,0.2,4
3628637,2011-12-17T21:24:40Z,-44.79,0.0,167.46,0.0,5.0,0.0,ML,,,,2.6,0.2,11
3628674,2011-12-17T22:47:17Z,-39.3,0.0,175.33,0.0,30.0,1.0,ML,,,,2.2,0.3,14
3628678,2011-12-17T22:57:39Z,-43.5,0.0,171.6,0.0,9.0,0.0,ML,,,,2.2,0.2,5
3710575,2011-12-17T22:58:54Z,-39.86,0.0,176.72,0.0,42.0,2.0,ML,,,,2.2,0.1,7
3628679,2011-12-17T23:01:56Z,-43.47,0.0,172.17,0.0,5.0,0.0,ML,,,,2.5,0.3,7
3628712,2011-12-18T00:24:27Z,-44.98,0.0,167.5,0.0,107.0,5.0,ML,,,,2.5,0.2,6
3628721,2011-12-18T00:50:32Z,-38.49,0.0,175.84,0.0,154.0,4.0,ML,,,,3.1,0.1,5
3628757,2011-12-18T02:19:30Z,-43.59,0.0,172.58,0.0,5.0,0.0,ML,,,,3.4,0.3,7
3628768,2011-12-18T02:54:57Z,-40.56,0.0,174.91,0.0,26.0,1.0,ML,,,,2.4,0.1,7
3628771,2011-12-18T02:59:14Z,-39.81,0.0,173.95,0.0,49.0,4.0,ML,,,,2.5,0.1,2
3628773,2011-12-18T03:08:27Z,-43.54,0.0,171.66,0.0,5.0,0.0,ML,,,,2.2,0.2,5
3628781,2011-12-18T03:25:08Z,-43.52,0.0,172.16,0.0,5.0,0.0,ML,,,,2.8,0.4,10
3628788,2011-12-18T03:41:14Z,-41.63,0.0,174.14,0.0,12.0,0.0,ML,,,,2.6,0.2,8
3628789,2011-12-18T03:44:47Z,-39.51,0.0,175.68,0.0,21.0,1.0,ML,,,,2.7,0.2,25
3628808,2011-12-18T04:41:02Z,-40.62,0.0,173.96,0.0,75.0,4.0,ML,,,,2.6,0.1,3
3628810,2011-12-18T04:44:56Z,-37.48,0.1,176.19,0.1,193.0,6.0,ML,,,,3.2,0.2,8
3628817,2011-12-18T04:59:55Z,-40.69,0.0,175.15,0.0,33.0,0.0,ML,,,,2.5,0.3,11
3628824,2011-12-18T05:21:19Z,-44.72,0.0,167.45,0.0,19.0,1.0,ML,,,,2.3,0.2,5
3628834,2011-12-18T05:40:54Z,-37.5,0.0,179.85,0.0,12.0,0.0,ML,,,,3.0,0.1,7
3628861,2011-12-18T06:53:26Z,-40.71,0.0,174.4,0.0,51.0,2.0,ML,,,,2.1,0.1,4
3628873,2011-12-18T07:24:52Z,-43.56,0.0,172.68,0.0,5.0,0.0,ML,,,,2.3,0.2,4
3628879,2011-12-18T07:40:39Z,-40.87,0.0,175.8,0.0,26.0,1.0,ML,,,,2.0,0.2,7
3628883,2011-12-18T07:52:43Z,-41.47,0.0,173.01,0.0,99.0,2.0,ML,,,,3.2,0.3,13
3628886,2011-12-18T08:00:12Z,-41.33,0.0,172.76,0.0,135.0,3.0,ML,,,,2.7,0.1,2
3628898,2011-12-18T08:28:44Z,-40.53,0.0,174.71,0.0,27.0,2.0,ML,,,,2.5,0.4,10
3628912,2011-12-18T09:03:59Z,-40.97,0.0,174.59,0.0,33.0,0.0,ML,,,,2.1,0.2,8
3628913,2011-12-18T09:07:25Z,-37.5,0.0,179.84,0.0,12.0,0.0,ML,,,,2.8,0.1,8
3628916,2011-12-18T09:10:04Z,-38.09,0.0,179.02,0.0,33.0,0.0,ML,,,,2.9,0.1,7
3628923,2011-12-18T09:24:15Z,-37.28,0.0,177.47,0.0,5.0,0.0,ML,,,,2.9,0.1,7
3628927,2011-12-18T09:39:03Z,-45.06,0.0,167.54,0.0,89.0,2.0,ML,,,,2.4,0.2,7
3628933,2011-12-18T09:54:45Z,-39.19,0.0,175.93,0.0,70.0,2.0,ML,,,,2.8,0.1,11
3628934,2011-12-18T09:59:06Z,-39.58,0.0,176.97,0.0,33.0,0.0,ML,,,,2.3,0.1,5
3628948,2011-12-18T10:36:02Z,-43.42,0.0,170.39,0.0,5.0,0.0,ML,,,,2.4,0.3,8
3628959,2011-12-18T11:14:14Z,-40.41,0.0,176.52,0.0,24.0,1.0,ML,,,,2.1,0.2,9
3628962,2011-12-18T11:20:38Z,-45.68,0.0,166.7,0.1,12.0,0.0,ML,,,,2.2,0.1,4
3628979,2011-12-18T12:14:11Z,-44.8,0.0,167.47,0.0,5.0,0.0,ML,,,,2.9,0.2,6
3628982,2011-12-18T12:24:08Z,-37.93,0.1,176.78,0.1,88.0,7.0,ML,,,,2.1,0.0,4
3628986,2011-12-18T12:31:49Z,-38.25,0.0,177.94,0.0,27.0,2.0,ML,,,,2.3,0.1,8
3628987,2011-12-18T12:33:29Z,-38.25,0.0,177.94,0.0,25.0,2.0,ML,,,,2.5,0.1,9
3628994,2011-12-18T12:59:22Z,-42.72,0.0,171.87,0.0,5.0,0.0,ML,,,,3.1,0.2,9
3628998,2011-12-18T13:10:35Z,-41.19,0.0,174.8,0.0,29.0,1.0,ML,,,,2.1,0.2,10
3629007,2011-12-18T13:38:45Z,-39.89,0.0,176.7,0.0,38.0,2.0,ML,,,,2.1,0.2,14
3629014,2011-12-18T14:00:18Z,-37.99,0.0,176.6,0.0,140.0,2.0,ML,,,,4.2,0.2,56
3629037,2011-12-18T15:10:58Z,-39.8,0.0,176.72,0.0,45.0,1.0,ML,,,,2.5,0.1,6
3629057,2011-12-18T16:14:28Z,-42.72,0.0,171.89,0.0,5.0,0.0,ML,,,,2.7,0.3,8
3629066,2011-12-18T16:41:43Z,-42.79,0.0,171.64,0.0,33.0,0.0,ML,,,,2.2,0.3,4
3629067,2011-12-18T16:47:38Z,-41.22,0.0,173.47,0.0,104.0,3.0,ML,,,,3.0,0.1,6
3629069,2011-12-18T16:55:29Z,-38.3,0.0,176.17,0.0,113.0,4.0,ML,,,,3.0,0.4,13
3629078,2011-12-18T17:24:08Z,-37.71,0.0,176.08,0.0,206.0,4.0,ML,,,,3.8,0.1,41
3629088,2011-12-18T17:53:45Z,-38.02,0.0,176.4,0.0,145.0,8.0,ML,,,,3.3,0.3,15
3629116,2011-12-18T19:17:41Z,-43.51,0.0,172.16,0.0,5.0,0.0,ML,,,,2.8,0.3,7
3629203,2011-12-18T23:06:48Z,-43.55,0.0,172.87,0.0,12.0,0.0,ML,,,,2.4,0.2,3
3629232,2011-12-19T00:25:14Z,-39.31,0.0,173.74,0.0,11.0,1.0,ML,,,,2.4,0.6,5
3629264,2011-12-19T01:52:27Z,-41.37,0.0,175.43,0.0,16.0,1.0,ML,,,,2.4,0.2,10
3629278,2011-12-19T02:28:22Z,-39.1,0.0,175.64,0.0,0.0,0.0,ML,,,,0.7,0.9,2
3629293,2011-12-19T03:04:22Z,-37.22,0.0,177.03,0.1,90.0,6.0,ML,,,,2.8,0.1,6
3629311,2011-12-19T03:47:22Z,-46.06,0.0,165.94,0.1,12.0,0.0,ML,,,,2.7,0.2,6
3629317,2011-12-19T04:07:48Z,-39.62,0.0,174.28,0.0,195.0,6.0,ML,,,,3.2,0.3,5
3629350,2011-12-19T04:08:45Z,-43.58,0.0,171.73,0.0,5.0,0.0,ML,,,,2.3,0.3,5
3629323,2011-12-19T04:31:34Z,-38.08,0.0,176.19,0.1,139.0,6.0,ML,,,,3.1,0.1,7
3629326,2011-12-19T04:40:20Z,-40.5,0.1,174.54,0.1,42.0,17.0,ML,,,,2.1,0.2,5
3629332,2011-12-19T05:01:35Z,-43.35,0.0,171.96,0.0,9.0,1.0,ML,,,,2.6,0.3,6
3629336,2011-12-19T05:13:41Z,-38.34,0.0,176.94,0.0,5.0,0.0,ML,,,,2.0,0.2,4
3629360,2011-12-19T06:17:07Z,-41.64,0.0,174.63,0.0,30.0,1.0,ML,,,,2.5,0.3,14
3629362,2011-12-19T06:22:12Z,-41.7,0.0,172.27,0.0,5.0,0.0,ML,,,,2.4,0.3,3
3629364,2011-12-19T06:27:50Z,-38.63,0.0,176.22,0.0,5.0,0.0,ML,,,,2.1,0.1,5
3629370,2011-12-19T06:49:18Z,-39.49,0.0,175.71,0.0,14.0,1.0,ML,,,,2.0,0.1,9
3629378,2011-12-19T07:11:57Z,-41.64,0.0,174.34,0.0,10.0,2.0,ML,,,,2.4,0.4,13
3629386,2011-12-19T07:37:39Z,-40.34,0.0,176.32,0.0,28.0,2.0,ML,,,,2.3,0.1,10
3629392,2011-12-19T07:51:43Z,-41.67,0.0,174.16,0.0,12.0,0.0,ML,,,,2.0,0.1,4
3629405,2011-12-19T08:33:00Z,-39.01,0.0,175.66,0.0,6.0,1.0,ML,,,,1.3,0.2,7
3629408,2011-12-19T08:42:37Z,-37.68,0.1,179.75,0.1,33.0,0.0,ML,,,,3.0,0.2,6
3629802,2011-12-19T08:42:37Z,-43.53,0.0,172.76,0.0,9.0,1.0,ML,,,,2.2,0.2,3
3629411,2011-12-19T08:47:44Z,-40.33,0.0,176.66,0.0,21.0,1.0,ML,,,,1.9,0.1,6
3629419,2011-12-19T09:09:04Z,-35.37,0.1,178.39,0.1,242.0,14.0,ML,,,,3.4,0.2,9
3629427,2011-12-19T09:24:24Z,-39.27,0.0,173.83,0.0,18.0,3.0,ML,,,,1.5,0.1,2
3629433,2011-12-19T09:37:32Z,-38.1,0.0,175.89,0.1,164.0,4.0,ML,,,,3.1,0.2,35
3629435,2011-12-19T09:47:10Z,-40.78,0.0,174.64,0.0,23.0,2.0,ML,,,,2.0,0.3,6
3629437,2011-12-19T09:55:32Z,-39.01,0.0,175.66,0.0,7.0,0.0,ML,,,,1.5,0.2,6
3629442,2011-12-19T10:06:46Z,-39.01,0.0,175.66,0.0,5.0,0.0,ML,,,,1.5,0.2,7
3629446,2011-12-19T10:12:37Z,-39.02,0.0,175.67,0.0,5.0,1.0,ML,,,,1.7,0.2,13
3711071,2011-12-19T10:13:21Z,-39.01,0.0,175.66,0.0,5.0,0.0,ML,,,,1.6,0.2,12
3629448,2011-12-19T10:18:09Z,-39.01,0.0,175.66,0.0,5.0,1.0,ML,,,,1.3,0.2,6
3629451,2011-12-19T10:25:28Z,-38.06,0.0,176.75,0.0,3.0,1.0,ML,,,,1.0,nan,1
3629452,2011-12-19T10:29:19Z,-38.27,0.0,176.42,0.0,5.0,0.0,ML,,,,1.8,0.2,7
3629453,2011-12-19T10:30:40Z,-38.28,0.0,176.41,0.0,5.0,0.0,ML,,,,1.6,0.2,5
3629454,2011-12-19T10:32:20Z,-38.28,0.0,176.41,0.0,5.0,0.0,ML,,,,1.8,0.2,5
3629455,2011-12-19T10:36:55Z,-38.27,0.0,176.42,0.0,5.0,0.0,ML,,,,1.8,0.2,8
3711077,2011-12-19T10:37:31Z,-38.27,0.0,176.41,0.0,5.0,0.0,ML,,,,1.8,0.2,7
3629468,2011-12-19T10:58:06Z,-39.01,0.0,175.66,0.0,5.0,0.0,ML,,,,1.6,0.2,12
3629470,2011-12-19T11:03:52Z,-39.02,0.0,175.67,0.0,5.0,0.0,ML,,,,1.2,0.2,3
3629962,2011-12-19T11:04:20Z,-38.3,0.0,176.4,0.0,5.0,0.0,ML,,,,1.5,0.2,3
3629471,2011-12-19T11:06:18Z,-40.33,0.0,176.33,0.0,29.0,1.0,ML,,,,2.0,0.2,9
3629472,2011-12-19T11:07:15Z,-40.57,0.0,175.49,0.0,34.0,1.0,ML,,,,1.9,0.1,8
3629474,2011-12-19T11:11:36Z,-38.06,0.0,179.08,0.1,33.0,0.0,ML,,,,2.3,0.2,6
3711087,2011-12-19T11:45:00Z,-40.86,0.0,172.82,0.0,5.0,0.0,ML,,,,1.7,0.1,2
3629511,2011-12-19T12:43:31Z,-40.33,0.0,176.3,0.0,27.0,1.0,ML,,,,1.6,0.2,5
3629515,2011-12-19T12:57:21Z,-39.01,0.0,175.66,0.0,6.0,1.0,ML,,,,1.7,0.2,11
3629518,2011-12-19T13:05:53Z,-39.01,0.0,175.66,0.0,6.0,1.0,ML,,,,1.5,0.2,7
3629521,2011-12-19T13:12:42Z,-38.13,0.0,176.47,0.0,3.0,0.0,ML,,,,2.1,0.3,6
3629654,2011-12-19T13:12:55Z,-37.47,0.0,179.7,0.0,33.0,0.0,ML,,,,3.4,0.1,9
3629523,2011-12-19T13:20:11Z,-39.01,0.0,175.66,0.0,5.0,1.0,ML,,,,1.6,0.2,11
3711095,2011-12-19T13:20:48Z,-38.1,0.1,176.48,0.1,5.0,0.0,ML,,,,1.7,0.2,4
3629537,2011-12-19T14:01:15Z,-39.01,0.0,175.66,0.0,5.0,0.0,ML,,,,1.5,0.2,10
3629542,2011-12-19T14:13:19Z,-37.56,0.0,179.89,0.0,33.0,0.0,ML,,,,3.2,0.2,6
3629555,2011-12-19T14:42:05Z,-40.3,0.0,176.68,0.0,22.0,2.0,ML,,,,2.4,0.2,6
3629588,2011-12-19T16:00:52Z,-35.85,0.1,178.56,0.1,33.0,0.0,ML,,,,2.8,0.1,4
3629590,2011-12-19T16:06:16Z,-37.25,0.0,179.83,0.0,33.0,0.0,ML,,,,3.5,0.2,10
3629820,2011-12-19T16:07:24Z,-39.01,0.0,175.66,0.0,6.0,1.0,ML,,,,1.5,0.2,8
3629593,2011-12-19T16:11:26Z,-37.37,0.0,179.83,0.0,33.0,0.0,ML,,,,3.2,0.1,6
3629597,2011-12-19T16:22:00Z,-40.28,0.0,176.64,0.0,19.0,2.0,ML,,,,2.1,0.3,16
3711113,2011-12-19T16:46:47Z,-39.73,0.0,176.87,0.0,51.0,2.0,ML,,,,2.2,0.1,5
3629605,2011-12-19T16:46:53Z,-44.04,0.0,168.82,0.0,12.0,0.0,ML,,,,2.5,0.3,8
3629606,2011-12-19T16:50:03Z,-39.11,0.0,177.34,0.0,28.0,1.0,ML,,,,1.9,0.1,9
3629611,2011-12-19T17:05:19Z,-38.78,0.0,175.46,0.0,5.0,0.0,ML,,,,1.9,0.3,13
3629612,2011-12-19T17:08:36Z,-42.38,0.0,173.92,0.1,12.0,0.0,ML,,,,2.6,0.3,6
3629615,2011-12-19T17:21:00Z,-39.01,0.0,175.66,0.0,5.0,0.0,ML,,,,1.3,0.2,6
3629616,2011-12-19T17:22:51Z,-40.05,0.0,174.86,0.0,12.0,0.0,ML,,,,2.9,0.1,30
3629617,2011-12-19T17:24:32Z,-36.45,0.1,176.6,0.1,198.0,16.0,ML,,,,3.4,0.3,11
3629635,2011-12-19T18:18:36Z,-37.19,0.0,177.03,0.0,150.0,3.0,ML,,,,3.3,0.2,4
3629637,2011-12-19T18:27:19Z,-38.09,0.1,176.06,0.1,166.0,8.0,ML,,,,2.9,0.2,6
3711129,2011-12-19T18:28:12Z,-44.86,0.0,167.65,0.0,75.0,7.0,ML,,,,2.1,0.2,4
3629649,2011-12-19T18:58:41Z,-37.61,0.0,177.25,0.0,108.0,3.0,ML,,,,2.9,0.2,9
3629657,2011-12-19T19:16:45Z,-38.48,0.0,177.12,0.0,45.0,2.0,ML,,,,3.1,0.2,19
3629682,2011-12-19T20:15:00Z,-39.01,0.0,175.66,0.0,6.0,1.0,ML,,,,1.2,0.2,6
3711138,2011-12-19T20:40:29Z,-39.28,0.0,177.14,0.0,30.0,2.0,ML,,,,2.1,0.1,5
3629715,2011-12-19T21:46:52Z,-40.4,0.0,175.56,0.0,35.0,1.0,ML,,,,2.2,0.1,11
3629722,2011-12-19T22:05:20Z,-38.08,0.0,177.07,0.0,63.0,3.0,ML,,,,2.9,0.1,8
3629758,2011-12-19T23:37:48Z,-43.6,0.0,172.11,0.0,5.0,0.0,ML,,,,2.5,0.3,7
3629760,2011-12-19T23:45:37Z,-41.12,0.0,173.53,0.0,86.0,3.0,ML,,,,2.7,0.2,8
3629763,2011-12-19T23:54:04Z,-39.94,0.0,176.67,0.0,43.0,2.0,ML,,,,2.5,0.2,8
3629778,2011-12-20T00:33:51Z,-39.66,0.0,176.28,0.0,33.0,0.0,ML,,,,2.9,0.2,35
3629795,2011-12-20T01:08:43Z,-39.9,0.0,176.74,0.0,41.0,2.0,ML,,,,2.5,0.1,6
3629808,2011-12-20T01:40:16Z,-39.61,0.0,174.42,0.0,218.0,4.0,ML,,,,3.5,0.2,4
3629834,2011-12-20T02:38:18Z,-43.49,0.0,172.14,0.0,5.0,0.0,ML,,,,2.6,0.3,8
3629836,2011-12-20T02:43:18Z,-39.16,0.0,175.37,0.0,12.0,0.0,ML,,,,1.6,0.3,6
3629837,2011-12-20T02:45:39Z,-40.36,0.0,175.91,0.0,27.0,2.0,ML,,,,2.0,0.1,4
3629854,2011-12-20T03:28:05Z,-41.11,0.0,173.82,0.0,95.0,1.0,ML,,,,3.3,0.1,16
3629866,2011-12-20T03:59:05Z,-40.14,0.0,174.9,0.0,12.0,0.0,ML,,,,2.2,0.5,6
3629874,2011-12-20T04:23:53Z,-38.36,0.0,176.37,0.0,100.0,3.0,ML,,,,3.1,0.2,13
3629890,2011-12-20T05:19:52Z,-39.18,0.0,174.03,0.0,12.0,0.0,ML,,,,1.6,0.0,2
3629920,2011-12-20T06:43:06Z,-45.4,0.0,167.19,0.0,28.0,1.0,ML,,,,2.2,0.2,4
3629959,2011-12-20T08:25:33Z,-43.58,0.0,172.45,0.0,12.0,0.0,ML,,,,2.3,0.2,4
3629960,2011-12-20T08:27:33Z,-41.38,0.0,173.74,0.0,47.0,1.0,ML,,,,2.5,0.4,3
3629977,2011-12-20T09:17:05Z,-41.72,0.0,172.18,0.0,101.0,4.0,ML,,,,2.6,nan,1
3629979,2011-12-20T09:21:20Z,-44.57,0.0,168.15,0.0,12.0,0.0,ML,,,,2.7,0.2,3
3629980,2011-12-20T09:26:33Z,-38.5,0.0,175.78,0.0,152.0,3.0,ML,,,,3.1,0.2,18
3629982,2011-12-20T09:28:53Z,-40.0,0.0,176.74,0.0,25.0,1.0,ML,,,,2.0,0.1,13
3629990,2011-12-20T09:47:31Z,-40.24,0.0,176.28,0.0,52.0,2.0,ML,,,,2.3,0.2,11
3629994,2011-12-20T10:00:23Z,-38.65,0.0,175.82,0.0,110.0,2.0,ML,,,,3.1,0.1,13
3714284,2011-12-20T10:59:28Z,-40.08,0.0,176.34,0.0,33.0,0.0,ML,,,,1.7,0.2,5
3630013,2011-12-20T11:01:08Z,-46.1,0.0,165.92,0.0,12.0,0.0,ML,,,,3.0,0.2,11
3630015,2011-12-20T11:07:28Z,-38.07,0.0,176.5,0.0,100.0,3.0,ML,,,,2.6,0.2,14
3630017,2011-12-20T11:15:22Z,-39.29,0.0,173.85,0.0,12.0,0.0,ML,,,,1.4,0.1,4
3630028,2011-12-20T11:42:01Z,-37.85,0.0,176.61,0.0,5.0,0.0,ML,,,,1.4,0.2,5
3630032,2011-12-20T11:48:13Z,-36.81,0.0,177.48,0.0,12.0,0.0,ML,,,,2.8,0.2,8
3630049,2011-12-20T12:29:09Z,-38.33,0.0,179.2,0.0,33.0,0.0,ML,,,,2.9,0.3,4
3630052,2011-12-20T12:36:24Z,-38.36,0.0,179.17,0.1,33.0,0.0,ML,,,,2.6,0.3,12
3630063,2011-12-20T13:08:12Z,-43.51,0.0,172.22,0.0,12.0,0.0,ML,,,,2.4,0.3,9
3630079,2011-12-20T13:49:52Z,-41.56,0.0,173.09,0.0,79.0,3.0,ML,,,,3.4,0.2,20
3630109,2011-12-20T15:01:39Z,-39.61,0.0,174.92,0.0,38.0,2.0,ML,,,,2.1,0.3,3
3630113,2011-12-20T15:15:57Z,-40.52,0.0,174.05,0.0,91.0,4.0,ML,,,,2.8,0.1,5
3630115,2011-12-20T15:21:13Z,-36.8,0.0,176.35,0.0,197.0,4.0,ML,,,,2.9,0.2,19
3630120,2011-12-20T15:32:13Z,-39.19,0.0,174.01,0.0,12.0,0.0,ML,,,,1.6,0.2,7
3630124,2011-12-20T15:43:40Z,-39.01,0.0,175.67,0.0,5.0,0.0,ML,,,,1.4,0.2,8
3630128,2011-12-20T15:49:41Z,-38.26,0.0,175.86,0.0,160.0,4.0,ML,,,,3.5,0.2,23
3630141,2011-12-20T16:31:31Z,-43.64,0.0,172.75,0.0,9.0,1.0,ML,,,,2.3,0.4,4
3630143,2011-12-20T16:36:01Z,-39.01,0.0,175.67,0.0,7.0,0.0,ML,,,,1.8,0.2,8
3630144,2011-12-20T16:37:24Z,-39.0,0.0,175.67,0.0,9.0,1.0,ML,,,,1.3,0.2,6
3714686,2011-12-20T16:37:59Z,-36.58,0.1,177.11,0.1,156.0,13.0,ML,,,,3.3,0.3,11
3630147,2011-12-20T16:49:46Z,-41.07,0.0,173.35,0.0,113.0,3.0,ML,,,,3.1,0.3,11
3630148,2011-12-20T16:53:11Z,-39.01,0.0,175.67,0.0,5.0,0.0,ML,,,,1.7,0.3,12
3630149,2011-12-20T16:54:21Z,-39.01,0.0,175.67,0.0,5.0,0.0,ML,,,,1.6,0.3,8
3630150,2011-12-20T16:58:05Z,-39.01,0.0,175.67,0.0,5.0,0.0,ML,,,,1.5,0.3,8
3630162,2011-12-20T17:22:20Z,-39.59,0.0,176.98,0.0,33.0,0.0,ML,,,,2.4,0.1,7
3630172,2011-12-20T17:50:30Z,-41.37,0.0,173.08,0.0,78.0,4.0,ML,,,,2.1,0.0,2
3630173,2011-12-20T17:52:57Z,-39.01,0.0,175.67,0.0,5.0,0.0,ML,,,,1.8,0.2,11
3630174,2011-12-20T17:55:43Z,-39.02,0.0,175.67,0.0,5.0,0.0,ML,,,,1.3,0.2,7
3630187,2011-12-20T18:27:17Z,-39.14,0.0,174.54,0.0,12.0,0.0,ML,,,,2.2,0.4,13
3630197,2011-12-20T18:53:35Z,-40.86,0.0,175.82,0.0,26.0,1.0,ML,,,,2.0,0.1,7
3630213,2011-12-20T19:40:45Z,-37.21,0.0,179.98,0.0,33.0,0.0,ML,,,,3.7,0.2,9
3630217,2011-12-20T19:51:41Z,-39.26,0.0,177.44,0.0,33.0,0.0,ML,,,,2.5,0.1,5
3630222,2011-12-20T20:07:04Z,-41.72,0.0,174.55,0.0,30.0,3.0,ML,,,,2.4,0.4,5
3630285,2011-12-20T22:51:36Z,-40.57,0.0,176.54,0.0,29.0,1.0,ML,,,,3.1,0.2,27
3630308,2011-12-20T23:53:06Z,-37.65,0.0,176.28,0.0,160.0,4.0,ML,,,,3.3,0.1,9
3630309,2011-12-20T23:57:58Z,-39.91,0.0,176.74,0.0,50.0,2.0,ML,,,,2.4,0.2,10
3630316,2011-12-21T00:10:14Z,-38.13,0.0,176.46,0.0,3.0,0.0,ML,,,,2.3,0.3,5
3630321,2011-12-21T00:23:53Z,-39.37,0.0,175.28,0.0,30.0,1.0,ML,,,,2.0,0.1,6
3630338,2011-12-21T01:09:21Z,-37.3,0.1,179.84,0.1,33.0,0.0,ML,,,,3.5,0.1,6
3630353,2011-12-21T01:51:54Z,-40.88,0.0,173.5,0.0,91.0,3.0,ML,,,,2.0,nan,1
3630356,2011-12-21T02:03:14Z,-42.98,0.0,171.96,0.0,5.0,0.0,ML,,,,2.9,0.2,9
3630360,2011-12-21T02:15:05Z,-36.95,0.0,177.19,0.0,145.0,5.0,ML,,,,3.2,0.2,9
3630361,2011-12-21T02:22:16Z,-39.39,0.0,175.27,0.0,30.0,1.0,ML,,,,2.4,0.2,5
3630363,2011-12-21T02:23:56Z,-37.85,0.0,176.55,0.0,136.0,2.0,ML,,,,4.3,0.2,53
3630369,2011-12-21T02:39:06Z,-37.41,0.0,179.75,0.0,5.0,0.0,ML,,,,3.5,0.1,6
3630436,2011-12-21T06:03:33Z,-43.56,0.0,172.43,0.0,5.0,0.0,ML,,,,2.5,0.3,6
3630439,2011-12-21T06:12:15Z,-42.18,0.0,171.95,0.0,5.0,0.0,ML,,,,2.3,0.4,4
3630452,2011-12-21T06:50:13Z,-40.91,0.0,176.01,0.0,25.0,1.0,ML,,,,2.2,0.2,12
3630454,2011-12-21T06:57:12Z,-39.28,0.0,175.33,0.0,26.0,1.0,ML,,,,1.7,0.3,7
3630463,2011-12-21T07:27:38Z,-38.81,0.0,178.34,0.0,30.0,1.0,ML,,,,2.6,0.2,7
3630481,2011-12-21T08:09:35Z,-43.57,0.0,171.88,0.0,5.0,0.0,ML,,,,2.5,0.3,11
3630504,2011-12-21T09:06:24Z,-39.44,0.0,176.37,0.0,66.0,3.0,ML,,,,2.2,0.2,7
3630530,2011-12-21T10:15:57Z,-39.37,0.0,175.27,0.0,29.0,1.0,ML,,,,2.0,0.3,15
3630538,2011-12-21T10:38:34Z,-39.72,0.0,177.34,0.0,33.0,0.0,ML,,,,2.5,0.1,7
3630548,2011-12-21T10:57:18Z,-37.23,0.1,179.82,0.1,33.0,0.0,ML,,,,3.5,0.2,11
3630581,2011-12-21T12:34:40Z,-37.09,0.1,176.43,0.1,215.0,7.0,ML,,,,2.6,0.2,5
3630587,2011-12-21T12:52:56Z,-40.25,0.0,173.48,0.0,172.0,5.0,ML,,,,3.0,0.5,7
3630591,2011-12-21T13:04:31Z,-40.68,0.0,175.52,0.0,26.0,1.0,ML,,,,1.9,0.2,10
3630601,2011-12-21T13:37:18Z,-33.13,0.0,-178.9,0.0,33.0,0.0,Mw,5.7,nan,0,6.0,0.3,130
3630614,2011-12-21T14:13:38Z,-37.01,0.0,177.26,0.0,142.0,3.0,ML,,,,2.9,0.3,15
3630616,2011-12-21T14:25:07Z,-43.36,0.0,172.19,0.0,5.0,0.0,ML,,,,3.1,0.3,7
3630618,2011-12-21T14:33:33Z,-40.23,0.0,173.93,0.0,92.0,4.0,ML,,,,2.2,nan,1
3630623,2011-12-21T14:46:34Z,-37.69,0.0,176.56,0.0,144.0,4.0,ML,,,,3.4,0.3,21
3630637,2011-12-21T15:23:41Z,-37.82,0.0,178.09,0.0,33.0,0.0,ML,,,,1.8,0.2,7
3630638,2011-12-21T15:27:24Z,-40.46,0.0,176.31,0.0,5.0,0.0,ML,,,,2.4,0.1,14
3630642,2011-12-21T15:39:06Z,-41.37,0.0,174.92,0.0,5.0,0.0,ML,,,,2.0,0.2,6
3630646,2011-12-21T15:52:17Z,-40.53,0.0,175.81,0.0,33.0,0.0,ML,,,,2.1,0.3,6
3630647,2011-12-21T15:56:01Z,-38.86,0.0,175.73,0.0,96.0,3.0,ML,,,,2.5,0.2,14
3630662,2011-12-21T16:41:13Z,-38.02,0.0,177.91,0.0,41.0,3.0,ML,,,,1.9,0.1,6
3630675,2011-12-21T17:13:59Z,-43.56,0.0,172.39,0.0,8.0,2.0,ML,,,,3.4,0.1,13
3630681,2011-12-21T17:31:28Z,-43.55,0.0,172.27,0.0,5.0,0.0,ML,,,,2.4,0.2,4
3630709,2011-12-21T19:08:09Z,-40.0,0.0,176.86,0.0,29.0,1.0,ML,,,,2.3,0.2,12
3630715,2011-12-21T19:22:23Z,-40.49,0.0,176.18,0.0,50.0,3.0,ML,,,,2.3,0.2,4
3630718,2011-12-21T19:34:04Z,-43.65,0.0,172.18,0.0,5.0,0.0,ML,,,,2.4,0.2,6
3630724,2011-12-21T19:51:21Z,-37.27,0.0,179.88,0.0,33.0,0.0,ML,,,,3.2,0.2,8
3630742,2011-12-21T20:44:51Z,-43.58,0.0,172.36,0.0,5.0,0.0,ML,,,,2.4,0.2,5
3630748,2011-12-21T20:58:05Z,-37.31,0.0,179.85,0.0,12.0,0.0,ML,,,,4.5,0.2,57
3630752,2011-12-21T21:10:19Z,-37.21,0.1,179.85,0.0,12.0,0.0,ML,,,,3.3,0.1,4
3630809,2011-12-21T21:11:11Z,-43.59,0.0,172.66,0.0,8.0,1.0,ML,,,,2.2,0.1,4
3630753,2011-12-21T21:14:28Z,-39.38,0.0,175.28,0.0,31.0,1.0,ML,,,,2.0,0.1,6
3630754,2011-12-21T21:16:47Z,-39.92,0.0,176.74,0.0,41.0,2.0,ML,,,,2.5,0.1,12
3630756,2011-12-21T21:20:30Z,-38.08,0.0,176.65,0.0,5.0,0.0,ML,,,,1.8,0.1,6
3630772,2011-12-21T22:01:45Z,-39.28,0.0,175.33,0.0,29.0,1.0,ML,,,,2.0,0.3,5
3630781,2011-12-21T22:29:50Z,-40.36,0.0,176.25,0.0,33.0,0.0,ML,,,,2.0,0.2,6
3717383,2011-12-21T22:30:19Z,-44.95,0.0,167.45,0.0,69.0,6.0,ML,,,,2.2,0.3,6
3630783,2011-12-21T22:35:34Z,-40.84,0.0,174.84,0.0,5.0,0.0,ML,,,,2.2,0.3,13
3630816,2011-12-21T22:36:13Z,-43.58,0.0,172.66,0.0,8.0,1.0,ML,,,,2.2,0.2,4
3630788,2011-12-21T22:46:11Z,-40.51,0.0,176.0,0.0,27.0,1.0,ML,,,,2.2,0.2,12
3630797,2011-12-21T23:10:34Z,-41.27,0.0,175.25,0.0,23.0,1.0,ML,,,,2.0,0.3,8
3630805,2011-12-21T23:34:26Z,-40.53,0.0,175.98,0.0,30.0,1.0,ML,,,,2.0,0.3,5
3630820,2011-12-22T00:06:29Z,-38.58,0.0,175.84,0.0,112.0,4.0,ML,,,,2.9,0.2,24
3630821,2011-12-22T00:09:30Z,-41.97,0.0,173.89,0.1,21.0,7.0,ML,,,,1.9,0.4,4
3630830,2011-12-22T00:32:17Z,-45.21,0.0,167.24,0.0,70.0,3.0,ML,,,,3.0,0.2,6
3715356,2011-12-22T00:45:20Z,-35.87,0.1,177.66,0.1,171.0,14.0,ML,,,,3.3,0.4,4
3630837,2011-12-22T00:46:19Z,-40.51,0.0,175.98,0.0,27.0,1.0,ML,,,,2.7,0.1,18
3630841,2011-12-22T00:55:45Z,-43.59,0.0,172.92,0.0,12.0,0.0,ML,,,,2.3,0.2,5
3630865,2011-12-22T01:58:48Z,-39.8,0.0,177.08,0.0,28.0,2.0,ML,,,,2.9,0.2,15
3630882,2011-12-22T02:36:45Z,-40.91,0.0,175.77,0.0,28.0,1.0,ML,,,,2.2,0.2,6
3630884,2011-12-22T02:40:17Z,-43.59,0.0,172.65,0.0,8.0,1.0,ML,,,,2.0,0.3,2
3717387,2011-12-22T02:40:25Z,-47.35,0.1,165.63,0.1,33.0,0.0,ML,,,,2.7,0.1,3
3630932,2011-12-22T04:52:17Z,-37.47,0.1,179.84,0.0,12.0,0.0,ML,,,,3.2,0.2,5
3630934,2011-12-22T04:57:16Z,-37.33,0.1,179.9,0.1,33.0,0.0,ML,,,,3.3,0.2,5
3630936,2011-12-22T05:04:26Z,-39.18,0.0,174.02,0.0,13.0,0.0,ML,,,,1.5,0.0,2
3630945,2011-12-22T05:29:25Z,-45.84,0.0,166.84,0.0,12.0,0.0,ML,,,,2.3,0.1,4
3630946,2011-12-22T05:34:03Z,-40.95,0.0,175.39,0.0,20.0,1.0,ML,,,,2.0,0.3,8
3630958,2011-12-22T06:03:39Z,-38.94,0.0,177.98,0.0,26.0,2.0,ML,,,,2.2,0.2,8
3630959,2011-12-22T06:04:34Z,-38.92,0.0,177.95,0.0,23.0,3.0,ML,,,,2.2,0.2,8
3630963,2011-12-22T06:13:52Z,-38.63,0.0,175.97,0.0,11.0,2.0,ML,,,,2.1,0.4,2
3630965,2011-12-22T06:20:44Z,-43.6,0.0,172.36,0.0,5.0,0.0,ML,,,,2.2,0.3,4
3630995,2011-12-22T06:20:51Z,-37.32,0.1,-179.97,0.1,33.0,0.0,ML,,,,3.3,0.2,6
3630967,2011-12-22T06:25:50Z,-43.12,0.0,171.12,0.0,5.0,0.0,ML,,,,2.0,0.2,5
3630969,2011-12-22T06:36:10Z,-43.59,0.0,172.75,0.0,9.0,0.0,ML,,,,2.8,0.4,7
3630991,2011-12-22T07:41:18Z,-38.93,0.0,178.08,0.0,24.0,2.0,ML,,,,2.3,0.2,4
3631017,2011-12-22T08:51:35Z,-39.37,0.0,175.28,0.0,30.0,1.0,ML,,,,2.1,0.1,11
3631026,2011-12-22T09:18:11Z,-38.56,0.0,178.11,0.0,29.0,1.0,ML,,,,2.3,0.1,7
3721691,2011-12-22T10:33:06Z,-44.59,0.0,168.42,0.1,88.0,3.0,ML,,,,2.0,0.3,6
3631057,2011-12-22T10:37:04Z,-43.58,0.0,171.89,0.1,5.0,0.0,ML,,,,1.8,0.1,3
3631069,2011-12-22T11:09:30Z,-38.45,0.1,175.42,0.1,212.0,8.0,ML,,,,3.0,0.2,8
3631071,2011-12-22T11:12:43Z,-41.71,0.0,172.2,0.0,100.0,2.0,ML,,,,2.4,nan,1
3631088,2011-12-22T12:05:44Z,-41.23,0.0,172.98,0.0,116.0,2.0,ML,,,,2.3,nan,1
3631092,2011-12-22T12:16:02Z,-47.44,0.0,165.34,0.1,33.0,0.0,ML,,,,4.0,0.2,10
3631096,2011-12-22T12:28:02Z,-45.16,0.0,167.33,0.0,127.0,2.0,ML,,,,2.6,0.1,9
3631225,2011-12-22T12:29:59Z,-40.36,0.0,173.41,0.0,156.0,5.0,ML,,,,3.1,0.3,14
3631111,2011-12-22T13:11:48Z,-40.77,0.0,175.76,0.0,26.0,1.0,ML,,,,2.1,0.1,4
3631230,2011-12-22T13:12:59Z,-44.95,0.0,169.09,0.0,5.0,0.0,ML,,,,2.2,0.3,9
3721816,2011-12-22T13:14:03Z,-38.94,0.0,177.59,0.0,30.0,1.0,ML,,,,1.7,0.2,4
3631127,2011-12-22T14:02:06Z,-45.13,0.0,167.34,0.0,122.0,4.0,ML,,,,3.0,0.2,12
3631134,2011-12-22T14:18:01Z,-40.54,0.0,175.74,0.0,24.0,1.0,ML,,,,2.1,0.2,16
3631137,2011-12-22T14:27:32Z,-46.72,0.0,166.7,0.0,5.0,0.0,ML,,,,2.3,0.2,6
3631139,2011-12-22T14:32:53Z,-43.21,0.0,172.17,0.0,16.0,5.0,ML,,,,2.1,0.2,3
3631153,2011-12-22T15:02:16Z,-40.93,0.0,172.29,0.0,13.0,4.0,ML,,,,1.9,0.4,3
3631157,2011-12-22T15:15:20Z,-39.65,0.1,173.87,0.1,218.0,12.0,ML,,,,3.0,0.1,9
3631160,2011-12-22T15:24:32Z,-45.25,0.0,166.69,0.0,22.0,3.0,ML,,,,2.2,0.3,6
3722306,2011-12-22T15:33:48Z,-38.16,0.0,178.8,0.0,29.0,4.0,ML,,,,2.1,0.1,3
3631164,2011-12-22T15:34:08Z,-40.51,0.0,176.61,0.0,24.0,1.0,ML,,,,3.0,0.2,21
3722305,2011-12-22T15:35:30Z,-41.13,0.0,174.79,0.0,33.0,1.0,ML,,,,1.9,0.2,9
3631170,2011-12-22T15:52:01Z,-44.96,0.0,167.42,0.0,90.0,2.0,ML,,,,2.7,0.3,10
3631172,2011-12-22T15:58:23Z,-39.06,0.0,176.27,0.0,78.0,2.0,ML,,,,3.1,0.1,20
3631177,2011-12-22T16:10:35Z,-43.57,0.0,172.58,0.1,11.0,4.0,ML,,,,2.7,0.3,5
3631180,2011-12-22T16:19:00Z,-39.18,0.0,177.66,0.0,28.0,2.0,ML,,,,2.4,0.1,4
3631182,2011-12-22T16:25:12Z,-43.65,0.0,172.86,0.0,5.0,0.0,ML,,,,1.9,0.3,4
3631186,2011-12-22T16:39:20Z,-40.51,0.0,176.58,0.0,29.0,2.0,ML,,,,3.2,0.2,35
3631187,2011-12-22T16:43:21Z,-46.69,0.0,166.87,0.0,5.0,0.0,ML,,,,2.8,0.2,8
3631200,2011-12-22T17:11:19Z,-44.16,0.0,168.74,0.1,5.0,0.0,ML,,,,1.8,0.3,4
3631204,2011-12-22T17:25:04Z,-45.21,0.0,167.27,0.0,71.0,2.0,ML,,,,2.7,0.2,12
3631206,2011-12-22T17:29:34Z,-39.29,0.0,177.41,0.0,32.0,1.0,ML,,,,3.1,0.2,27
3631216,2011-12-22T18:02:36Z,-40.46,0.0,174.07,0.0,91.0,6.0,ML,,,,2.5,0.3,4
3631220,2011-12-22T18:20:06Z,-37.37,0.1,-179.85,0.1,33.0,0.0,ML,,,,3.5,0.2,8
3631226,2011-12-22T18:30:12Z,-38.8,0.0,177.98,0.0,36.0,3.0,ML,,,,2.4,0.1,6
3631228,2011-12-22T18:34:26Z,-37.45,0.0,179.87,0.0,12.0,0.0,ML,,,,3.1,0.1,7
3631229,2011-12-22T18:38:42Z,-42.49,0.0,173.26,0.0,47.0,2.0,ML,,,,3.0,0.2,6
3631234,2011-12-22T18:49:47Z,-43.18,0.0,172.0,0.0,9.0,1.0,ML,,,,2.7,0.3,8
3631239,2011-12-22T19:06:33Z,-37.83,0.0,178.51,0.0,9.0,2.0,ML,,,,2.6,0.1,7
3631244,2011-12-22T19:20:20Z,-45.09,0.0,167.46,0.0,65.0,2.0,ML,,,,2.0,0.2,6
3631252,2011-12-22T19:48:32Z,-39.2,0.0,174.01,0.0,8.0,1.0,ML,,,,2.5,0.2,5
3631255,2011-12-22T19:52:46Z,-46.16,0.0,166.19,0.1,33.0,0.0,ML,,,,3.3,0.2,5
3631256,2011-12-22T19:58:58Z,-40.36,0.0,176.17,0.0,32.0,1.0,ML,,,,2.4,0.1,9
3631258,2011-12-22T20:03:46Z,-39.33,0.0,173.81,0.0,21.0,5.0,ML,,,,1.8,0.1,3
3631265,2011-12-22T20:24:21Z,-42.79,0.0,172.46,0.0,20.0,2.0,ML,,,,1.9,0.2,3
3631281,2011-12-22T21:15:05Z,-43.58,0.0,172.33,0.0,6.0,0.0,ML,,,,2.6,0.3,9
3631284,2011-12-22T21:23:05Z,-41.01,0.0,175.34,0.0,15.0,1.0,ML,,,,2.2,0.1,4
3631290,2011-12-22T21:35:00Z,-39.8,0.0,176.84,0.0,43.0,3.0,ML,,,,2.6,0.1,12
3631297,2011-12-22T21:55:11Z,-40.74,0.0,176.95,0.0,33.0,0.0,ML,,,,2.8,0.1,11
3631299,2011-12-22T22:00:16Z,-37.9,0.0,176.55,0.0,134.0,2.0,ML,,,,3.6,0.2,28
3722317,2011-12-22T22:09:40Z,-40.98,0.0,174.78,0.0,64.0,2.0,ML,,,,2.2,0.3,5
3631302,2011-12-22T22:11:33Z,-39.21,0.0,174.02,0.0,5.0,0.0,ML,,,,1.7,0.1,4
3631304,2011-12-22T22:19:06Z,-38.54,0.1,175.91,0.1,130.0,6.0,ML,,,,2.4,0.1,4
3722321,2011-12-22T22:47:07Z,-40.35,0.0,174.78,0.0,5.0,0.0,ML,,,,2.4,0.4,21
3631314,2011-12-22T22:47:59Z,-43.61,0.0,172.76,0.0,9.0,2.0,ML,,,,2.9,0.3,6
3631337,2011-12-22T23:53:47Z,-37.67,0.0,178.91,0.0,33.0,0.0,ML,,,,2.4,0.1,4
3631353,2011-12-23T00:38:21Z,-39.53,0.0,177.06,0.0,33.0,0.0,ML,,,,2.4,0.1,8
3631359,2011-12-23T00:58:38Z,-43.48,0.0,172.8,0.0,10.0,1.0,Mw,5.8,nan,0,5.8,0.3,118
3713218,2011-12-23T00:59:58Z,-43.51,0.0,172.85,0.0,8.0,1.0,ML,,,,4.5,0.3,4
3713228,2011-12-23T01:00:25Z,-43.53,0.0,172.78,0.0,9.0,1.0,ML,,,,4.3,0.2,4
3713670,2011-12-23T01:00:50Z,-43.52,0.0,172.79,0.0,5.0,0.0,ML,,,,4.1,0.3,4
3713255,2011-12-23T01:00:53Z,-43.52,0.0,172.83,0.0,8.0,1.0,Mw,5.0,nan,0,5.2,0.2,99
3713284,2011-12-23T01:02:20Z,-43.39,0.0,172.88,0.1,5.0,0.0,ML,,,,3.9,0.2,4
3713288,2011-12-23T01:02:57Z,-43.51,0.0,172.81,0.0,9.0,1.0,ML,,,,4.3,0.2,10
3713294,2011-12-23T01:03:58Z,-43.47,0.0,172.8,0.0,9.0,0.0,ML,,,,3.8,0.3,7
3713300,2011-12-23T01:04:42Z,-43.57,0.0,172.37,0.0,5.0,0.0,ML,,,,3.2,0.2,3
3713747,2011-12-23T01:04:49Z,-43.51,0.0,172.82,0.0,11.0,2.0,ML,,,,3.4,0.2,4
3713759,2011-12-23T01:06:04Z,-43.51,0.0,172.85,0.0,10.0,2.0,ML,,,,3.3,0.2,4
3631363,2011-12-23T01:06:26Z,-43.47,0.0,172.81,0.0,7.0,1.0,Mw,5.4,nan,0,5.5,0.2,116
3713774,2011-12-23T01:07:20Z,-43.45,0.0,172.92,0.0,12.0,3.0,ML,,,,4.5,0.2,4
3713809,2011-12-23T01:07:51Z,-43.47,0.0,172.82,0.0,7.0,1.0,ML,,,,4.7,0.2,13
3713826,2011-12-23T01:09:57Z,-43.52,0.0,172.81,0.0,17.0,4.0,ML,,,,3.8,0.2,8
3714287,2011-12-23T01:10:46Z,-43.5,0.0,172.79,0.0,14.0,2.0,ML,,,,3.6,0.3,6
3714301,2011-12-23T01:11:00Z,-43.52,0.0,172.78,0.0,9.0,2.0,ML,,,,3.6,0.1,6
3714307,2011-12-23T01:11:23Z,-43.52,0.0,172.82,0.0,8.0,1.0,ML,,,,4.5,0.2,71
3631367,2011-12-23T01:14:58Z,-43.47,0.0,172.84,0.0,9.0,1.0,ML,,,,4.1,0.3,43
3714862,2011-12-23T01:15:26Z,-43.51,0.0,172.83,0.0,6.0,1.0,ML,,,,3.8,0.2,18
3714872,2011-12-23T01:16:06Z,-43.53,0.0,172.76,0.0,8.0,1.0,ML,,,,3.2,0.1,4
3631406,2011-12-23T01:18:10Z,-43.48,0.0,172.86,0.0,12.0,2.0,ML,,,,3.3,0.3,4
3715402,2011-12-23T01:18:27Z,-43.48,0.0,172.84,0.0,12.0,1.0,ML,,,,3.5,0.2,13
3715407,2011-12-23T01:19:41Z,-43.52,0.0,172.79,0.0,14.0,4.0,ML,,,,3.0,0.2,6
3631407,2011-12-23T01:21:12Z,-43.49,0.0,172.82,0.0,9.0,3.0,ML,,,,2.8,0.3,5
3715413,2011-12-23T01:21:32Z,-43.42,0.0,172.67,0.0,29.0,2.0,ML,,,,3.0,0.1,5
3715425,2011-12-23T01:21:49Z,-37.3,0.1,179.85,0.0,33.0,0.0,ML,,,,3.6,0.2,4
3715417,2011-12-23T01:22:44Z,-43.54,0.0,172.76,0.0,12.0,1.0,ML,,,,2.8,0.2,3
3715420,2011-12-23T01:22:56Z,-43.5,0.0,172.82,0.0,12.0,1.0,ML,,,,3.1,0.1,4
3715438,2011-12-23T01:25:48Z,-43.49,0.0,172.85,0.0,15.0,2.0,ML,,,,3.4,0.2,4
3631368,2011-12-23T01:26:01Z,-43.5,0.0,172.83,0.0,8.0,1.0,ML,,,,3.6,0.2,4
3717373,2011-12-23T01:26:03Z,-43.44,0.0,172.83,0.0,21.0,2.0,ML,,,,3.8,0.2,28
3631369,2011-12-23T01:30:27Z,-43.53,0.0,172.79,0.0,9.0,1.0,Mw,4.4,nan,0,4.7,0.3,70
3717490,2011-12-23T01:31:16Z,-43.52,0.0,172.77,0.0,12.0,1.0,ML,,,,3.4,0.2,3
3717492,2011-12-23T01:32:28Z,-43.53,0.0,172.81,0.0,12.0,1.0,ML,,,,2.9,0.3,4
3631374,2011-12-23T01:36:26Z,-43.51,0.0,172.89,0.0,15.0,4.0,ML,,,,3.3,0.2,8
3717509,2011-12-23T01:37:07Z,-43.52,0.0,172.82,0.0,11.0,1.0,ML,,,,3.1,0.3,6
3717514,2011-12-23T01:38:04Z,-43.52,0.0,172.8,0.0,11.0,1.0,ML,,,,3.2,0.1,6
3717526,2011-12-23T01:38:52Z,-43.5,0.0,172.82,0.0,14.0,4.0,ML,,,,3.1,0.2,4
3631371,2011-12-23T01:39:58Z,-43.52,0.0,172.76,0.0,14.0,2.0,ML,,,,3.1,0.3,5
3717536,2011-12-23T01:40:32Z,-43.52,0.0,172.77,0.0,18.0,4.0,ML,,,,2.7,0.1,4
3717539,2011-12-23T01:41:10Z,-43.49,0.0,172.83,0.0,11.0,2.0,ML,,,,2.7,0.2,4
3717543,2011-12-23T01:41:39Z,-43.48,0.0,172.84,0.0,7.0,1.0,ML,,,,4.4,0.2,65
3718044,2011-12-23T01:44:03Z,-43.51,0.0,172.82,0.0,10.0,2.0,ML,,,,2.9,0.2,3
3718029,2011-12-23T01:44:14Z,-43.5,0.0,172.88,0.0,15.0,2.0,ML,,,,3.7,0.3,21
3718051,2011-12-23T01:45:48Z,-43.49,0.0,172.79,0.0,15.0,2.0,ML,,,,2.7,0.2,4
3718110,2011-12-23T01:46:59Z,-43.53,0.0,172.75,0.0,11.0,2.0,ML,,,,2.7,0.3,4
3631376,2011-12-23T01:48:04Z,-43.52,0.0,172.85,0.0,18.0,3.0,ML,,,,3.6,0.2,18
3718113,2011-12-23T01:48:18Z,-43.47,0.0,172.8,0.0,5.0,0.0,ML,,,,3.6,0.2,15
3631372,2011-12-23T01:50:25Z,-43.46,0.0,172.83,0.0,10.0,1.0,ML,,,,4.1,0.2,38
3631385,2011-12-23T01:55:36Z,-43.52,0.0,172.8,0.0,13.0,2.0,ML,,,,2.7,0.3,4
3718476,2011-12-23T01:56:16Z,-43.52,0.0,172.8,0.0,5.0,0.0,ML,,,,2.8,0.2,4
3631386,2011-12-23T01:58:20Z,-43.52,0.0,172.83,0.0,9.0,2.0,ML,,,,3.1,0.2,5
3718545,2011-12-23T02:02:23Z,-43.56,0.0,172.73,0.0,14.0,2.0,ML,,,,3.1,0.1,4
3718553,2011-12-23T02:04:29Z,-43.52,0.0,172.76,0.0,7.0,2.0,ML,,,,3.0,0.2,4
3718561,2011-12-23T02:05:34Z,-43.53,0.0,172.8,0.0,13.0,4.0,ML,,,,2.8,0.2,4
3718567,2011-12-23T02:06:05Z,-43.51,0.0,172.8,0.0,11.0,2.0,ML,,,,2.9,0.2,4
3718569,2011-12-23T02:06:50Z,-43.53,0.0,172.73,0.0,7.0,1.0,ML,,,,3.4,0.3,8
3718597,2011-12-23T02:07:18Z,-37.33,0.1,179.87,0.0,33.0,0.0,ML,,,,3.1,0.1,4
3718602,2011-12-23T02:09:06Z,-43.51,0.0,172.81,0.0,15.0,3.0,ML,,,,2.5,0.2,4
3631397,2011-12-23T02:10:01Z,-43.64,0.0,172.46,0.0,6.0,1.0,ML,,,,3.3,0.2,7
3718612,2011-12-23T02:14:40Z,-43.54,0.0,172.77,0.0,13.0,1.0,ML,,,,2.9,0.2,5
3631380,2011-12-23T02:18:03Z,-43.52,0.0,172.75,0.0,7.0,1.0,Mw,5.9,nan,0,6.1,0.3,121
3719081,2011-12-23T02:19:55Z,-43.49,0.0,172.8,0.0,7.0,1.0,ML,,,,4.1,0.1,3
3631381,2011-12-23T02:20:03Z,-43.49,0.0,172.74,0.0,11.0,1.0,ML,,,,4.1,0.2,3
3719086,2011-12-23T02:22:18Z,-43.47,0.0,172.81,0.0,9.0,2.0,ML,,,,4.1,0.2,6
3719091,2011-12-23T02:23:38Z,-43.53,0.0,172.78,0.0,11.0,0.0,ML,,,,4.2,0.2,7
3719117,2011-12-23T02:23:44Z,-43.47,0.0,172.82,0.0,11.0,1.0,ML,,,,3.9,0.1,4
3719128,2011-12-23T02:24:24Z,-43.52,0.0,172.83,0.0,9.0,2.0,ML,,,,3.5,0.2,5
3719132,2011-12-23T02:24:59Z,-43.49,0.0,172.77,0.0,10.0,1.0,ML,,,,3.9,0.2,8
3719138,2011-12-23T02:26:46Z,-43.53,0.0,172.72,0.0,14.0,1.0,ML,,,,3.5,0.3,8
3719144,2011-12-23T02:27:10Z,-43.52,0.0,172.82,0.0,5.0,0.0,ML,,,,3.0,0.1,5
3719157,2011-12-23T02:28:02Z,-43.52,0.0,172.73,0.0,13.0,2.0,ML,,,,3.4,0.3,7
3719161,2011-12-23T02:28:40Z,-43.56,0.0,172.79,0.0,11.0,1.0,ML,,,,3.3,0.2,5
3719163,2011-12-23T02:28:59Z,-43.55,0.0,172.79,0.0,11.0,1.0,ML,,,,3.7,0.1,9
3720678,2011-12-23T02:29:23Z,-43.5,0.0,172.82,0.0,9.0,1.0,ML,,,,3.8,0.3,10
3720690,2011-12-23T02:29:58Z,-43.5,0.0,172.78,0.0,8.0,1.0,ML,,,,3.5,0.1,6
3720697,2011-12-23T02:30:11Z,-43.54,0.0,172.8,0.0,8.0,1.0,ML,,,,3.6,0.2,5
3720703,2011-12-23T02:30:48Z,-43.52,0.0,172.82,0.0,5.0,0.0,ML,,,,3.8,0.3,10
3720725,2011-12-23T02:31:20Z,-43.47,0.0,172.8,0.0,9.0,1.0,ML,,,,3.7,0.2,8
3720726,2011-12-23T02:31:51Z,-43.49,0.0,172.81,0.0,7.0,2.0,ML,,,,3.8,0.2,11
3720734,2011-12-23T02:33:35Z,-43.51,0.0,172.82,0.0,16.0,4.0,ML,,,,3.5,0.2,8
3720745,2011-12-23T02:34:29Z,-43.49,0.0,172.85,0.0,17.0,1.0,ML,,,,3.9,0.3,21
3720763,2011-12-23T02:36:23Z,-43.53,0.0,172.75,0.0,7.0,1.0,ML,,,,3.4,0.2,8
3631395,2011-12-23T02:40:00Z,-43.49,0.0,172.79,0.0,8.0,1.0,ML,,,,4.4,0.2,67
3721263,2011-12-23T02:41:02Z,-43.5,0.0,172.78,0.0,10.0,1.0,ML,,,,3.5,0.1,11
3631422,2011-12-23T02:43:20Z,-43.44,0.0,172.88,0.0,5.0,0.0,ML,,,,3.2,0.2,5
3721300,2011-12-23T02:45:23Z,-43.51,0.0,172.76,0.0,14.0,2.0,ML,,,,3.0,0.1,3
3721304,2011-12-23T02:45:58Z,-43.52,0.0,172.83,0.0,12.0,0.0,ML,,,,2.9,0.2,5
3631400,2011-12-23T02:47:45Z,-43.52,0.0,172.86,0.0,11.0,1.0,ML,,,,3.2,0.3,13
3721310,2011-12-23T02:47:58Z,-43.46,0.0,172.82,0.0,9.0,1.0,ML,,,,4.6,0.2,86
3631403,2011-12-23T02:56:44Z,-43.5,0.0,172.76,0.0,9.0,1.0,ML,,,,3.7,0.2,17
3721790,2011-12-23T02:56:53Z,-38.78,0.0,175.32,0.1,218.0,4.0,ML,,,,3.3,0.3,9
3721718,2011-12-23T02:58:14Z,-43.54,0.0,172.73,0.0,11.0,2.0,ML,,,,3.0,0.4,5
3721793,2011-12-23T02:59:38Z,-43.51,0.0,172.8,0.0,11.0,3.0,ML,,,,2.7,0.2,4
3631404,2011-12-23T03:00:58Z,-43.49,0.0,172.89,0.0,11.0,1.0,ML,,,,3.5,0.2,15
3721854,2011-12-23T03:02:08Z,-43.54,0.0,172.71,0.0,13.0,2.0,ML,,,,3.0,0.3,9
3721863,2011-12-23T03:03:54Z,-39.82,0.0,176.74,0.0,45.0,3.0,ML,,,,2.0,0.1,7
3631405,2011-12-23T03:05:07Z,-43.48,0.0,172.76,0.0,9.0,1.0,ML,,,,3.7,0.2,16
3631412,2011-12-23T03:08:55Z,-43.51,0.0,172.8,0.0,5.0,0.0,ML,,,,2.7,0.2,4
3631408,2011-12-23T03:11:19Z,-43.51,0.0,172.8,0.0,6.0,3.0,ML,,,,3.0,0.2,9
3722252,2011-12-23T03:12:25Z,-43.51,0.0,172.79,0.0,11.0,2.0,ML,,,,2.8,0.2,5
3631409,2011-12-23T03:14:35Z,-43.48,0.0,172.85,0.0,10.0,1.0,Mw,4.2,nan,0,4.4,0.3,63
3722346,2011-12-23T03:16:50Z,-43.54,0.0,172.82,0.0,8.0,1.0,ML,,,,3.3,0.2,9
3722377,2011-12-23T03:18:37Z,-43.51,0.0,172.81,0.0,5.0,0.0,ML,,,,2.9,0.1,5
3722384,2011-12-23T03:20:07Z,-43.49,0.0,172.8,0.0,5.0,0.0,ML,,,,2.8,0.2,4
3631411,2011-12-23T03:21:52Z,-43.5,0.0,172.79,0.0,13.0,2.0,ML,,,,3.1,0.2,4
3722398,2011-12-23T03:22:07Z,-43.51,0.0,172.81,0.0,15.0,1.0,ML,,,,4.1,0.4,23
3722421,2011-12-23T03:22:47Z,-43.49,0.0,172.85,0.0,11.0,1.0,ML,,,,3.2,0.2,5
3631416,2011-12-23T03:24:05Z,-43.46,0.0,172.8,0.0,7.0,1.0,Mw,4.3,nan,0,4.3,0.2,61
3722803,2011-12-23T03:24:29Z,-40.08,0.0,178.93,0.1,33.0,0.0,ML,,,,3.2,0.2,6
3722915,2011-12-23T03:28:32Z,-43.51,0.0,172.8,0.0,14.0,2.0,ML,,,,3.0,0.2,4
3631417,2011-12-23T03:29:16Z,-43.54,0.0,172.79,0.0,8.0,1.0,ML,,,,3.7,0.3,14
3722920,2011-12-23T03:30:55Z,-43.54,0.0,172.79,0.0,8.0,1.0,ML,,,,3.6,0.3,11
3722931,2011-12-23T03:32:51Z,-43.56,0.0,172.71,0.0,12.0,2.0,ML,,,,2.7,0.2,4
3724313,2011-12-23T03:33:22Z,-43.5,0.0,172.8,0.0,11.0,1.0,ML,,,,3.4,0.2,4
3724317,2011-12-23T03:33:40Z,-43.5,0.0,172.77,0.0,10.0,1.0,ML,,,,3.6,0.2,14
3724337,2011-12-23T03:34:15Z,-43.53,0.0,172.76,0.0,14.0,3.0,ML,,,,3.0,0.2,5
3724341,2011-12-23T03:35:13Z,-43.57,0.0,172.76,0.0,13.0,4.0,ML,,,,3.1,0.2,7
3631423,2011-12-23T03:37:34Z,-43.53,0.0,172.75,0.0,13.0,2.0,ML,,,,2.7,0.2,4
3631425,2011-12-23T03:39:31Z,-43.51,0.0,172.78,0.0,12.0,0.0,ML,,,,2.7,0.2,4
3631427,2011-12-23T03:41:36Z,-43.51,0.0,172.75,0.0,14.0,2.0,ML,,,,2.9,0.1,5
3631428,2011-12-23T03:44:03Z,-43.51,0.0,172.8,0.0,14.0,3.0,ML,,,,3.1,0.2,6
3631430,2011-12-23T03:46:34Z,-43.54,0.0,172.75,0.0,14.0,1.0,ML,,,,2.9,0.2,4
3724445,2011-12-23T03:48:09Z,-39.16,0.0,175.37,0.0,12.0,1.0,ML,,,,1.6,0.4,6
3724442,2011-12-23T03:48:16Z,-43.54,0.0,172.76,0.0,12.0,1.0,ML,,,,2.7,0.2,3
3631432,2011-12-23T03:50:14Z,-43.47,0.0,172.82,0.0,9.0,1.0,Mw,4.7,nan,0,5.0,0.2,102
3724471,2011-12-23T03:51:59Z,-43.51,0.0,172.8,0.0,5.0,0.0,ML,,,,3.5,0.2,5
3724482,2011-12-23T03:53:14Z,-43.46,0.0,172.88,0.0,5.0,0.0,ML,,,,2.9,0.2,4
3724454,2011-12-23T03:54:22Z,-43.49,0.0,172.8,0.0,15.0,2.0,ML,,,,3.5,0.2,20
3631435,2011-12-23T03:57:26Z,-43.55,0.0,172.79,0.0,8.0,1.0,ML,,,,3.6,0.2,18
3724485,2011-12-23T03:57:58Z,-43.55,0.0,172.81,0.0,8.0,1.0,ML,,,,3.5,0.2,16
3724494,2011-12-23T03:59:53Z,-43.48,0.0,172.82,0.0,5.0,0.0,ML,,,,2.7,0.1,4
3631436,2011-12-23T04:00:39Z,-43.5,0.0,172.84,0.0,15.0,2.0,ML,,,,4.0,0.2,42
3631439,2011-12-23T04:04:50Z,-43.51,0.0,172.83,0.0,5.0,0.0,ML,,,,2.6,0.1,4
3724948,2011-12-23T04:05:19Z,-43.53,0.0,172.8,0.0,5.0,0.0,ML,,,,2.7,0.2,4
3724952,2011-12-23T04:06:24Z,-43.47,0.0,172.8,0.0,5.0,0.0,ML,,,,2.8,0.3,8
3631441,2011-12-23T04:08:05Z,-43.49,0.0,172.8,0.0,8.0,1.0,ML,,,,4.0,0.2,45
3631449,2011-12-23T04:16:13Z,-43.51,0.0,172.81,0.0,15.0,2.0,ML,,,,3.2,0.3,15
3725012,2011-12-23T04:17:39Z,-43.52,0.0,172.85,0.0,10.0,1.0,ML,,,,3.0,0.3,5
3631450,2011-12-23T04:20:09Z,-43.48,0.0,172.79,0.0,10.0,2.0,ML,,,,3.0,0.3,4
3631452,2011-12-23T04:25:13Z,-43.52,0.0,172.77,0.0,14.0,3.0,ML,,,,2.9,0.2,4
3631453,2011-12-23T04:28:28Z,-43.5,0.0,172.78,0.0,8.0,1.0,ML,,,,3.9,0.2,28
3725075,2011-12-23T04:31:56Z,-43.54,0.0,172.83,0.0,5.0,0.0,ML,,,,3.1,0.2,4
3631456,2011-12-23T04:33:48Z,-43.5,0.0,172.84,0.0,13.0,1.0,ML,,,,3.9,0.2,38
3631457,2011-12-23T04:37:59Z,-43.5,0.0,172.8,0.0,10.0,1.0,ML,,,,3.5,0.2,10
3631459,2011-12-23T04:41:42Z,-43.55,0.0,172.78,0.0,9.0,1.0,ML,,,,3.4,0.3,7
3631460,2011-12-23T04:43:49Z,-43.51,0.0,172.76,0.0,11.0,1.0,ML,,,,3.3,0.2,9
3725096,2011-12-23T04:45:07Z,-43.49,0.0,172.77,0.0,9.0,1.0,ML,,,,3.4,0.3,10
3725434,2011-12-23T04:46:04Z,-43.49,0.0,172.88,0.0,5.0,0.0,ML,,,,4.1,0.2,31
3631465,2011-12-23T04:50:50Z,-43.5,0.0,172.77,0.0,16.0,1.0,ML,,,,2.8,0.3,4
3631464,2011-12-23T04:55:29Z,-43.46,0.0,172.77,0.0,5.0,0.0,ML,,,,3.4,0.2,13
3631467,2011-12-23T05:01:05Z,-43.55,0.0,172.85,0.0,9.0,1.0,ML,,,,3.7,0.2,19
3631471,2011-12-23T05:10:57Z,-43.52,0.0,172.77,0.0,13.0,2.0,ML,,,,3.2,0.2,5
3631476,2011-12-23T05:15:15Z,-43.51,0.0,172.81,0.0,11.0,1.0,ML,,,,3.3,0.2,8
3725596,2011-12-23T05:15:53Z,-43.51,0.0,172.77,0.0,13.0,2.0,ML,,,,2.7,0.2,4
3631473,2011-12-23T05:19:41Z,-43.52,0.0,172.82,0.0,17.0,3.0,ML,,,,2.9,0.2,6
3631481,2011-12-23T05:29:27Z,-43.5,0.0,172.77,0.0,15.0,2.0,ML,,,,2.8,0.3,4
3631482,2011-12-23T05:32:36Z,-43.55,0.0,172.79,0.0,9.0,1.0,ML,,,,3.3,0.3,6
3725606,2011-12-23T05:33:33Z,-43.49,0.0,172.83,0.0,10.0,2.0,ML,,,,2.9,0.3,4
3631487,2011-12-23T05:42:25Z,-43.49,0.0,172.85,0.0,14.0,3.0,ML,,,,3.4,0.3,8
3631488,2011-12-23T05:44:32Z,-43.53,0.0,172.8,0.0,8.0,1.0,ML,,,,3.5,0.2,9
3725621,2011-12-23T05:44:53Z,-43.53,0.0,172.79,0.0,8.0,1.0,ML,,,,3.3,0.2,8
3725633,2011-12-23T05:45:12Z,-43.49,0.0,172.84,0.0,5.0,0.0,ML,,,,3.0,0.3,5
3725613,2011-12-23T05:46:22Z,-39.13,0.0,175.63,0.0,0.0,0.0,ML,,,,0.7,0.4,3
3725622,2011-12-23T05:46:38Z,-43.49,0.0,172.87,0.0,13.0,2.0,ML,,,,3.8,0.2,29
3726029,2011-12-23T05:51:34Z,-43.49,0.0,172.81,0.0,5.0,0.0,ML,,,,2.5,0.2,4
3631490,2011-12-23T05:53:06Z,-40.11,0.0,174.92,0.0,12.0,0.0,ML,,,,2.5,0.4,25
3631492,2011-12-23T05:57:22Z,-43.51,0.0,172.85,0.0,12.0,5.0,ML,,,,2.9,0.3,4
3631493,2011-12-23T06:00:05Z,-43.52,0.0,172.71,0.0,13.0,1.0,ML,,,,3.1,0.2,5
3631496,2011-12-23T06:08:06Z,-40.22,0.0,176.43,0.0,39.0,2.0,ML,,,,2.0,0.2,6
3631498,2011-12-23T06:11:34Z,-43.49,0.0,172.85,0.0,10.0,2.0,ML,,,,2.7,0.2,4
3631500,2011-12-23T06:14:50Z,-43.55,0.0,172.74,0.0,10.0,2.0,ML,,,,2.8,0.3,9
3631502,2011-12-23T06:18:53Z,-43.56,0.0,172.79,0.0,11.0,1.0,ML,,,,3.2,0.2,5
3726125,2011-12-23T06:20:03Z,-43.49,0.0,172.83,0.0,14.0,4.0,ML,,,,3.0,0.3,8
3631504,2011-12-23T06:26:05Z,-43.51,0.0,172.84,0.0,14.0,2.0,ML,,,,3.6,0.2,12
3631505,2011-12-23T06:28:52Z,-43.52,0.0,172.8,0.0,12.0,2.0,ML,,,,3.0,0.3,4
3631506,2011-12-23T06:30:49Z,-43.53,0.0,172.75,0.0,13.0,3.0,ML,,,,2.7,0.3,8
3631512,2011-12-23T06:45:31Z,-43.48,0.0,172.79,0.0,9.0,2.0,ML,,,,3.6,0.2,15
3631513,2011-12-23T06:49:24Z,-43.54,0.0,172.81,0.0,10.0,2.0,ML,,,,2.8,0.2,4
3631516,2011-12-23T06:53:27Z,-43.48,0.0,172.83,0.0,8.0,1.0,ML,,,,3.7,0.2,18
3631517,2011-12-23T06:59:03Z,-37.38,0.0,179.95,0.0,33.0,0.0,ML,,,,3.7,0.2,7
3631518,2011-12-23T06:59:34Z,-43.49,0.0,172.82,0.0,10.0,2.0,ML,,,,3.2,0.2,5
3631520,2011-12-23T07:05:21Z,-43.56,0.0,171.02,0.0,5.0,0.0,ML,,,,2.6,0.2,4
3726185,2011-12-23T07:07:10Z,-43.49,0.0,172.85,0.0,12.0,2.0,ML,,,,2.6,0.2,6
3631524,2011-12-23T07:12:10Z,-38.34,0.0,179.32,0.1,33.0,0.0,ML,,,,3.1,0.3,12
3726188,2011-12-23T07:13:18Z,-43.51,0.0,172.79,0.0,12.0,2.0,ML,,,,3.0,0.3,5
3631525,2011-12-23T07:14:52Z,-43.51,0.0,172.79,0.0,14.0,2.0,ML,,,,3.2,0.3,5
3631526,2011-12-23T07:17:01Z,-43.48,0.0,172.82,0.0,5.0,0.0,ML,,,,2.8,0.3,6
3631527,2011-12-23T07:21:03Z,-43.55,0.0,172.74,0.0,11.0,1.0,ML,,,,2.7,0.1,4
3631533,2011-12-23T07:35:32Z,-43.5,0.0,172.83,0.0,10.0,1.0,ML,,,,3.1,0.2,4
3631534,2011-12-23T07:38:09Z,-45.36,0.0,167.12,0.0,69.0,2.0,ML,,,,2.4,0.2,7
3726538,2011-12-23T07:38:51Z,-43.55,0.0,172.8,0.0,11.0,1.0,ML,,,,2.5,0.2,4
3631536,2011-12-23T07:41:26Z,-43.51,0.0,172.8,0.0,12.0,1.0,ML,,,,2.7,0.2,4
3631538,2011-12-23T07:45:55Z,-43.55,0.0,172.74,0.0,13.0,3.0,ML,,,,2.8,0.1,4
3631539,2011-12-23T07:48:23Z,-37.34,0.1,179.96,0.1,33.0,0.0,ML,,,,2.8,0.1,4
3726641,2011-12-23T07:49:44Z,-43.5,0.0,172.81,0.0,13.0,2.0,ML,,,,2.7,0.2,7
3631544,2011-12-23T08:01:22Z,-43.51,0.0,172.82,0.0,7.0,1.0,ML,,,,4.0,0.2,39
3631552,2011-12-23T08:21:08Z,-35.97,0.1,177.87,0.1,205.0,9.0,ML,,,,3.5,0.3,13
3631553,2011-12-23T08:24:25Z,-43.52,0.0,172.79,0.0,11.0,1.0,ML,,,,2.4,0.2,4
3631555,2011-12-23T08:30:58Z,-43.53,0.0,172.78,0.0,15.0,2.0,ML,,,,2.9,0.3,18
3631558,2011-12-23T08:38:30Z,-43.56,0.0,172.75,0.1,12.0,2.0,ML,,,,2.7,0.2,4
3631559,2011-12-23T08:43:37Z,-40.97,0.0,174.41,0.0,62.0,2.0,ML,,,,2.1,0.2,4
3631560,2011-12-23T08:45:50Z,-38.62,0.0,175.53,0.0,173.0,3.0,ML,,,,3.9,0.2,52
3726661,2011-12-23T08:47:10Z,-43.53,0.0,172.82,0.0,11.0,1.0,ML,,,,3.0,0.2,5
3631566,2011-12-23T09:03:34Z,-40.54,0.0,175.93,0.0,30.0,2.0,ML,,,,2.1,0.2,6
3631570,2011-12-23T09:13:48Z,-43.48,0.0,172.82,0.0,7.0,1.0,ML,,,,3.4,0.2,11
3631573,2011-12-23T09:25:08Z,-37.9,0.0,177.25,0.0,61.0,2.0,ML,,,,2.1,0.2,4
3631577,2011-12-23T09:33:20Z,-43.51,0.0,172.75,0.0,13.0,2.0,ML,,,,2.7,0.2,4
3631578,2011-12-23T09:37:11Z,-43.51,0.0,172.77,0.0,18.0,2.0,ML,,,,3.1,0.3,5
3631580,2011-12-23T09:40:26Z,-40.5,0.0,176.07,0.0,32.0,1.0,ML,,,,1.6,0.3,3
3631583,2011-12-23T09:49:03Z,-43.55,0.0,172.76,0.0,11.0,1.0,ML,,,,3.2,0.2,5
3726685,2011-12-23T09:56:49Z,-38.33,0.0,179.25,0.0,33.0,0.0,ML,,,,3.7,0.3,26
3631586,2011-12-23T09:57:12Z,-43.48,0.0,172.85,0.0,19.0,2.0,ML,,,,3.0,0.2,5
3631588,2011-12-23T10:04:13Z,-38.33,0.0,179.24,0.0,33.0,0.0,ML,,,,2.6,0.2,5
3631590,2011-12-23T10:06:00Z,-43.51,0.0,172.78,0.0,13.0,3.0,ML,,,,2.6,0.2,3
3631592,2011-12-23T10:09:22Z,-43.54,0.0,172.79,0.0,11.0,2.0,ML,,,,2.6,0.2,4
3631593,2011-12-23T10:12:38Z,-41.17,0.0,175.65,0.0,21.0,2.0,ML,,,,1.6,0.2,6
3728133,2011-12-23T10:12:41Z,-43.5,0.0,172.8,0.0,13.0,4.0,ML,,,,2.5,0.2,9
3728141,2011-12-23T10:14:25Z,-41.56,0.0,173.66,0.0,55.0,2.0,ML,,,,2.9,0.2,9
3631594,2011-12-23T10:15:11Z,-43.48,0.0,172.82,0.0,7.0,1.0,ML,,,,3.8,0.3,28
3631595,2011-12-23T10:17:40Z,-43.46,0.0,172.86,0.0,8.0,1.0,ML,,,,3.8,0.4,20
3728275,2011-12-23T10:18:36Z,-43.48,0.0,172.84,0.0,7.0,2.0,ML,,,,3.5,0.3,7
3631598,2011-12-23T10:26:02Z,-43.53,0.0,172.8,0.0,9.0,2.0,ML,,,,3.1,0.2,6
3631599,2011-12-23T10:31:16Z,-43.54,0.0,172.78,0.0,11.0,2.0,ML,,,,2.8,0.2,4
3631600,2011-12-23T10:32:30Z,-43.54,0.0,172.82,0.0,5.0,1.0,Mw,3.9,nan,0,4.2,0.2,65
3631605,2011-12-23T10:51:33Z,-43.46,0.0,172.79,0.0,9.0,1.0,ML,,,,3.4,0.2,13
3728875,2011-12-23T10:56:37Z,-43.53,0.0,172.82,0.0,13.0,3.0,ML,,,,3.0,0.3,4
3729382,2011-12-23T10:58:27Z,-43.47,0.0,172.77,0.0,7.0,3.0,ML,,,,3.1,0.3,5
3631610,2011-12-23T11:02:17Z,-40.98,0.0,175.97,0.0,31.0,1.0,ML,,,,2.4,0.1,7
3631612,2011-12-23T11:07:54Z,-43.47,0.0,172.71,0.0,8.0,1.0,ML,,,,3.0,0.2,4
3631613,2011-12-23T11:11:38Z,-43.51,0.0,172.76,0.0,9.0,1.0,ML,,,,3.2,0.2,6
3631614,2011-12-23T11:15:44Z,-43.55,0.0,172.79,0.0,8.0,1.0,ML,,,,3.5,0.2,11
3729469,2011-12-23T11:16:26Z,-43.54,0.0,172.77,0.0,8.0,1.0,ML,,,,2.9,0.1,3
3631619,2011-12-23T11:26:44Z,-43.48,0.0,172.79,0.0,14.0,3.0,ML,,,,2.8,0.3,3
3631620,2011-12-23T11:29:56Z,-43.51,0.0,172.78,0.0,10.0,1.0,ML,,,,3.3,0.2,8
3631622,2011-12-23T11:34:21Z,-43.5,0.0,172.81,0.0,16.0,3.0,ML,,,,2.4,0.2,6
3729483,2011-12-23T11:37:04Z,-47.25,0.1,165.82,0.1,12.0,0.0,ML,,,,3.1,0.4,8
3631625,2011-12-23T11:45:29Z,-43.5,0.0,172.8,0.0,10.0,2.0,ML,,,,3.0,0.3,5
3631628,2011-12-23T11:52:14Z,-36.08,0.0,177.66,0.1,223.0,5.0,ML,,,,3.9,0.1,11
3631630,2011-12-23T11:57:59Z,-38.94,0.0,178.07,0.0,25.0,1.0,ML,,,,2.4,0.2,6
3631632,2011-12-23T12:02:46Z,-37.39,0.0,179.95,0.0,33.0,0.0,ML,,,,3.1,0.1,5
3631636,2011-12-23T12:11:32Z,-40.56,0.0,173.36,0.0,169.0,3.0,ML,,,,3.4,0.5,15
3730057,2011-12-23T12:11:35Z,-38.95,0.0,177.99,0.0,27.0,1.0,ML,,,,2.1,0.2,7
3631637,2011-12-23T12:14:19Z,-38.95,0.0,177.98,0.0,27.0,2.0,ML,,,,2.0,0.2,6
3631639,2011-12-23T12:21:32Z,-43.52,0.0,172.72,0.0,7.0,1.0,Mw,3.8,nan,0,4.1,0.3,47
3730080,2011-12-23T12:27:53Z,-43.52,0.0,172.71,0.0,13.0,1.0,ML,,,,2.7,0.3,11
3631642,2011-12-23T12:30:19Z,-43.53,0.0,172.81,0.0,6.0,1.0,Mw,4.1,nan,0,4.4,0.2,81
3631644,2011-12-23T12:38:58Z,-43.52,0.0,172.75,0.0,12.0,1.0,ML,,,,2.5,0.2,4
3631653,2011-12-23T13:00:11Z,-43.54,0.0,172.81,0.0,8.0,2.0,ML,,,,3.0,0.2,5
3730097,2011-12-23T13:01:43Z,-43.5,0.0,172.79,0.0,12.0,0.0,ML,,,,2.7,0.3,4
3631656,2011-12-23T13:07:46Z,-39.2,0.0,174.0,0.0,9.0,1.0,ML,,,,2.5,0.5,20
3730517,2011-12-23T13:10:21Z,-43.54,0.0,172.78,0.0,8.0,1.0,Mw,3.6,nan,0,3.9,0.3,28
3730520,2011-12-23T13:11:17Z,-43.49,0.0,172.77,0.0,9.0,1.0,ML,,,,3.5,0.3,11
3631658,2011-12-23T13:13:56Z,-43.48,0.0,172.76,0.0,6.0,2.0,ML,,,,3.3,0.3,7
3631659,2011-12-23T13:18:03Z,-38.35,0.0,178.64,0.0,33.0,0.0,ML,,,,2.6,0.2,7
3631663,2011-12-23T13:26:50Z,-43.5,0.0,172.76,0.0,16.0,3.0,ML,,,,2.8,0.3,13
3631664,2011-12-23T13:28:57Z,-43.55,0.0,172.74,0.0,15.0,2.0,ML,,,,2.7,0.2,12
3631667,2011-12-23T13:40:15Z,-43.52,0.0,172.76,0.0,15.0,4.0,ML,,,,2.8,0.3,13
3730621,2011-12-23T13:44:30Z,-43.5,0.0,172.82,0.0,8.0,1.0,ML,,,,3.5,0.3,8
3631669,2011-12-23T13:44:46Z,-38.18,0.0,175.93,0.0,183.0,4.0,ML,,,,3.1,0.3,20
3730628,2011-12-23T13:48:54Z,-43.56,0.0,172.74,0.0,11.0,1.0,ML,,,,3.1,0.2,5
3631670,2011-12-23T13:49:33Z,-43.48,0.0,172.82,0.0,9.0,1.0,Mw,3.8,nan,0,4.1,0.3,37
3631687,2011-12-23T14:29:01Z,-38.31,0.0,176.38,0.0,5.0,0.0,ML,,,,1.4,0.1,4
3631688,2011-12-23T14:31:22Z,-43.54,0.0,172.76,0.0,8.0,4.0,ML,,,,2.9,0.3,12
3631690,2011-12-23T14:40:01Z,-43.47,0.0,172.84,0.0,5.0,0.0,ML,,,,3.6,0.2,19
3631693,2011-12-23T14:51:00Z,-43.57,0.0,172.75,0.0,12.0,0.0,ML,,,,2.5,0.2,3
3631695,2011-12-23T14:57:33Z,-43.49,0.0,172.82,0.0,12.0,0.0,ML,,,,2.8,0.3,12
3631698,2011-12-23T15:06:16Z,-43.5,0.0,172.83,0.0,12.0,0.0,ML,,,,3.0,0.2,5
3631702,2011-12-23T15:13:20Z,-43.49,0.0,172.83,0.0,10.0,1.0,ML,,,,3.2,0.2,7
3631709,2011-12-23T15:28:48Z,-43.53,0.0,172.77,0.0,11.0,1.0,ML,,,,2.9,0.1,4
3732177,2011-12-23T15:32:15Z,-40.12,0.0,176.37,0.0,55.0,2.0,ML,,,,1.7,0.2,5
3631710,2011-12-23T15:33:49Z,-43.52,0.0,172.76,0.0,8.0,1.0,ML,,,,3.7,0.3,16
3732182,2011-12-23T15:36:06Z,-43.51,0.0,172.78,0.0,7.0,1.0,ML,,,,3.2,0.2,6
3631713,2011-12-23T15:40:09Z,-43.48,0.0,172.8,0.0,9.0,2.0,ML,,,,3.4,0.2,11
3631718,2011-12-23T15:55:15Z,-39.34,0.0,177.34,0.0,29.0,3.0,ML,,,,1.7,0.1,5
3631727,2011-12-23T16:20:16Z,-39.92,0.0,174.11,0.0,109.0,4.0,ML,,,,1.9,nan,1
3631732,2011-12-23T16:33:10Z,-43.54,0.0,172.76,0.0,13.0,2.0,ML,,,,2.7,0.2,4
3631733,2011-12-23T16:35:09Z,-43.5,0.0,172.78,0.0,7.0,1.0,ML,,,,3.4,0.2,8
3631735,2011-12-23T16:41:50Z,-43.63,0.0,172.8,0.0,5.0,0.0,ML,,,,2.9,0.1,5
3631736,2011-12-23T16:46:12Z,-39.43,0.0,174.21,0.0,146.0,4.0,ML,,,,2.3,nan,1
3631737,2011-12-23T16:49:31Z,-43.54,0.0,172.74,0.0,10.0,3.0,ML,,,,2.8,0.3,13
3732241,2011-12-23T16:53:56Z,-43.51,0.0,172.77,0.0,14.0,1.0,ML,,,,3.0,0.2,5
3631738,2011-12-23T16:54:27Z,-43.51,0.0,172.84,0.0,11.0,1.0,Mw,3.9,nan,0,4.2,0.3,57
3631740,2011-12-23T16:58:49Z,-43.53,0.0,172.77,0.0,5.0,0.0,ML,,,,3.0,0.2,5
3631742,2011-12-23T17:04:45Z,-43.48,0.0,172.77,0.0,10.0,2.0,ML,,,,2.9,0.3,5
3631744,2011-12-23T17:13:30Z,-41.32,0.0,172.21,0.0,12.0,0.0,ML,,,,2.6,0.3,5
3732227,2011-12-23T17:14:39Z,-43.5,0.0,172.76,0.0,14.0,3.0,ML,,,,2.6,0.2,6
3631749,2011-12-23T17:26:59Z,-43.52,0.0,172.81,0.0,12.0,0.0,ML,,,,2.5,0.3,4
3631752,2011-12-23T17:31:32Z,-43.65,0.0,172.79,0.0,8.0,1.0,ML,,,,3.2,0.3,5
3631755,2011-12-23T17:37:31Z,-43.67,0.0,172.84,0.0,5.0,0.0,Mw,4.9,nan,0,5.1,0.3,95
3732239,2011-12-23T17:38:11Z,-43.65,0.0,172.86,0.0,5.0,0.0,ML,,,,3.9,0.2,2
3631760,2011-12-23T17:53:13Z,-43.65,0.0,172.8,0.0,8.0,1.0,ML,,,,3.1,0.2,5
3631761,2011-12-23T17:57:26Z,-43.54,0.0,172.8,0.0,9.0,1.0,ML,,,,4.0,0.3,33
3631764,2011-12-23T18:06:11Z,-43.63,0.0,172.81,0.0,6.0,1.0,ML,,,,2.9,0.2,4
3631766,2011-12-23T18:10:45Z,-39.88,0.0,176.67,0.0,46.0,2.0,ML,,,,2.3,0.2,11
3732562,2011-12-23T18:10:51Z,-43.48,0.0,172.83,0.0,12.0,0.0,ML,,,,3.1,0.3,4
3631767,2011-12-23T18:12:50Z,-43.49,0.0,172.79,0.0,8.0,1.0,ML,,,,3.6,0.2,17
3732578,2011-12-23T18:16:41Z,-43.54,0.0,172.75,0.0,13.0,2.0,ML,,,,2.6,0.1,4
3631768,2011-12-23T18:17:37Z,-43.49,0.0,172.81,0.0,12.0,1.0,ML,,,,2.9,0.2,4
3732579,2011-12-23T18:18:05Z,-43.52,0.0,172.82,0.0,12.0,0.0,ML,,,,2.8,0.2,4
3631773,2011-12-23T18:26:51Z,-43.51,0.0,172.81,0.0,11.0,1.0,ML,,,,3.2,0.2,5
3631781,2011-12-23T18:42:19Z,-43.5,0.0,172.82,0.0,7.0,1.0,ML,,,,3.6,0.2,16
3631784,2011-12-23T18:50:34Z,-43.49,0.0,172.82,0.0,10.0,1.0,ML,,,,3.1,0.2,6
3631794,2011-12-23T19:15:27Z,-38.71,0.0,175.83,0.0,127.0,2.0,ML,,,,3.7,0.2,48
3732596,2011-12-23T19:15:40Z,-43.5,0.0,172.8,0.0,9.0,2.0,ML,,,,3.0,0.2,5
3732665,2011-12-23T19:27:47Z,-43.52,0.0,172.83,0.0,10.0,1.0,ML,,,,3.4,0.3,3
3631797,2011-12-23T19:27:58Z,-43.53,0.0,172.84,0.0,9.0,1.0,ML,,,,3.8,0.2,21
3631803,2011-12-23T19:43:23Z,-43.5,0.0,172.8,0.0,12.0,1.0,ML,,,,2.9,0.3,5
3631805,2011-12-23T19:48:28Z,-43.51,0.0,172.78,0.0,7.0,1.0,ML,,,,3.7,0.2,17
3631819,2011-12-23T20:23:07Z,-43.5,0.0,172.8,0.0,14.0,4.0,ML,,,,3.0,0.2,4
3631823,2011-12-23T20:34:07Z,-43.54,0.0,172.76,0.0,13.0,2.0,ML,,,,2.5,0.2,4
3631828,2011-12-23T20:49:14Z,-43.53,0.0,172.86,0.0,11.0,2.0,ML,,,,2.9,0.3,14
3631829,2011-12-23T20:52:56Z,-43.53,0.0,172.8,0.0,5.0,0.0,ML,,,,2.5,0.1,4
3631834,2011-12-23T21:04:48Z,-38.32,0.0,176.39,0.0,5.0,0.0,ML,,,,1.8,0.1,5
3631835,2011-12-23T21:08:29Z,-43.55,0.0,172.78,0.0,10.0,2.0,ML,,,,3.1,0.2,4
3631836,2011-12-23T21:11:04Z,-38.32,0.0,176.38,0.0,5.0,0.0,ML,,,,1.6,0.1,5
3631838,2011-12-23T21:18:58Z,-43.49,0.0,172.82,0.0,10.0,2.0,ML,,,,3.3,0.3,5
3631843,2011-12-23T21:33:38Z,-43.55,0.0,172.82,0.0,10.0,1.0,ML,,,,3.2,0.3,4
3631857,2011-12-23T22:07:18Z,-44.88,0.0,167.61,0.0,78.0,2.0,ML,,,,2.2,0.2,4
3732727,2011-12-23T22:15:10Z,-37.51,0.0,179.26,0.0,12.0,0.0,ML,,,,3.4,0.1,5
3631861,2011-12-23T22:15:17Z,-43.5,0.0,172.87,0.0,12.0,2.0,Mw,3.9,nan,0,4.0,0.2,33
3732722,2011-12-23T22:15:29Z,-37.53,0.0,179.21,0.0,12.0,0.0,ML,,,,3.6,0.2,10
3631865,2011-12-23T22:28:07Z,-43.41,0.0,172.18,0.0,5.0,0.0,ML,,,,2.9,0.4,9
3631867,2011-12-23T22:33:19Z,-43.5,0.0,172.75,0.0,14.0,2.0,ML,,,,2.8,0.3,7
3631870,2011-12-23T22:43:10Z,-38.35,0.0,179.2,0.0,33.0,0.0,ML,,,,2.7,0.2,5
3631873,2011-12-23T22:50:36Z,-37.68,0.0,177.12,0.0,5.0,0.0,ML,,,,1.9,0.2,3
3631874,2011-12-23T22:53:02Z,-37.74,0.0,177.25,0.0,56.0,4.0,ML,,,,2.8,0.3,5
3631876,2011-12-23T22:59:15Z,-43.49,0.0,172.8,0.0,9.0,1.0,ML,,,,3.0,0.1,4
3631880,2011-12-23T23:11:25Z,-43.46,0.0,172.76,0.0,10.0,2.0,ML,,,,2.8,0.3,5
3631884,2011-12-23T23:18:59Z,-43.52,0.0,172.77,0.0,7.0,1.0,ML,,,,2.9,0.2,5
3631885,2011-12-23T23:24:16Z,-43.5,0.0,172.81,0.0,15.0,2.0,ML,,,,2.7,0.3,8
3631887,2011-12-23T23:28:58Z,-43.52,0.0,172.76,0.0,13.0,3.0,ML,,,,2.9,0.3,12
3631890,2011-12-23T23:36:48Z,-43.63,0.0,172.81,0.0,5.0,0.0,ML,,,,2.8,0.2,5
3732741,2011-12-23T23:37:47Z,-43.54,0.0,172.76,0.0,14.0,2.0,ML,,,,2.9,0.1,4
3631892,2011-12-23T23:46:00Z,-43.49,0.0,172.81,0.0,6.0,2.0,ML,,,,3.2,0.2,8
3631893,2011-12-23T23:49:29Z,-43.52,0.0,172.76,0.0,13.0,2.0,ML,,,,3.1,0.3,6
3732748,2011-12-23T23:54:14Z,-38.96,0.0,175.04,0.0,27.0,2.0,ML,,,,2.2,0.3,13
3631894,2011-12-23T23:54:37Z,-43.53,0.0,172.82,0.0,7.0,1.0,ML,,,,3.5,0.2,9
3631896,2011-12-23T23:57:58Z,-43.55,0.0,172.76,0.0,10.0,2.0,ML,,,,2.7,0.2,4
3631899,2011-12-24T00:07:18Z,-43.61,0.0,172.79,0.0,5.0,0.0,ML,,,,2.6,0.2,4
3713071,2011-12-24T00:18:35Z,-37.83,0.0,176.63,0.0,5.0,1.0,ML,,,,1.9,0.2,6
3631903,2011-12-24T00:18:44Z,-43.65,0.0,172.77,0.0,7.0,2.0,ML,,,,2.6,0.2,3
3631904,2011-12-24T00:21:35Z,-38.07,0.0,176.68,0.0,5.0,0.0,ML,,,,1.3,0.2,4
3713077,2011-12-24T00:24:43Z,-43.46,0.0,172.75,0.0,5.0,0.0,ML,,,,2.7,0.3,4
3713085,2011-12-24T00:34:36Z,-38.85,0.0,178.02,0.0,35.0,2.0,ML,,,,2.3,0.1,3
3631908,2011-12-24T00:36:04Z,-43.63,0.0,172.8,0.0,7.0,1.0,ML,,,,3.6,0.2,14
3713083,2011-12-24T00:36:59Z,-43.63,0.0,172.83,0.0,5.0,0.0,ML,,,,3.0,0.2,4
3631909,2011-12-24T00:38:46Z,-45.05,0.0,167.0,0.0,20.0,0.0,ML,,,,3.2,0.2,7
3631910,2011-12-24T00:41:24Z,-43.56,0.0,172.72,0.0,9.0,1.0,ML,,,,2.6,0.2,4
3713176,2011-12-24T00:41:51Z,-43.54,0.0,172.71,0.0,10.0,2.0,ML,,,,2.8,0.3,8
3631911,2011-12-24T00:43:21Z,-43.51,0.0,172.77,0.0,6.0,1.0,ML,,,,2.8,0.2,4
3631913,2011-12-24T00:51:13Z,-43.53,0.0,172.8,0.0,10.0,1.0,ML,,,,3.1,0.3,5
3631916,2011-12-24T00:56:40Z,-43.49,0.0,172.79,0.0,11.0,1.0,ML,,,,2.7,0.3,4
3631919,2011-12-24T01:06:37Z,-43.54,0.0,172.78,0.0,12.0,1.0,ML,,,,2.5,0.2,4
3631924,2011-12-24T01:22:17Z,-43.53,0.0,172.8,0.0,6.0,1.0,ML,,,,3.6,0.2,15
3631929,2011-12-24T01:37:12Z,-43.55,0.0,172.74,0.0,11.0,1.0,ML,,,,2.8,0.3,7
3631937,2011-12-24T01:59:45Z,-43.53,0.0,172.78,0.0,11.0,1.0,ML,,,,2.6,0.2,3
3631938,2011-12-24T02:03:27Z,-36.51,0.1,177.15,0.1,226.0,8.0,ML,,,,3.3,0.3,9
3713193,2011-12-24T02:03:38Z,-39.58,0.0,176.94,0.0,32.0,3.0,ML,,,,2.0,0.0,5
3631948,2011-12-24T02:31:01Z,-43.63,0.0,172.79,0.0,5.0,0.0,ML,,,,2.7,0.2,3
3713201,2011-12-24T02:37:49Z,-38.95,0.0,174.61,0.0,26.0,1.0,ML,,,,2.2,0.3,8
3631950,2011-12-24T02:38:05Z,-37.78,0.0,176.19,0.1,184.0,4.0,ML,,,,3.3,0.2,26
3631951,2011-12-24T02:40:47Z,-43.49,0.0,172.81,0.0,12.0,0.0,ML,,,,2.8,0.2,4
3631956,2011-12-24T02:55:35Z,-38.81,0.0,177.96,0.0,23.0,3.0,ML,,,,2.1,0.2,9
3631959,2011-12-24T03:06:42Z,-43.47,0.0,172.84,0.0,12.0,0.0,ML,,,,2.7,0.2,6
3631961,2011-12-24T03:09:19Z,-43.5,0.0,172.78,0.0,13.0,2.0,ML,,,,2.6,0.2,4
3631964,2011-12-24T03:16:45Z,-43.53,0.0,172.74,0.0,13.0,2.0,ML,,,,2.7,0.3,9
3713217,2011-12-24T03:17:36Z,-38.8,0.0,177.95,0.0,26.0,2.0,ML,,,,2.2,0.2,9
3631970,2011-12-24T03:38:00Z,-40.23,0.0,176.61,0.0,44.0,2.0,ML,,,,3.0,0.2,19
3631972,2011-12-24T03:43:36Z,-39.14,0.0,175.65,0.0,5.0,0.0,ML,,,,1.4,0.1,4
3631974,2011-12-24T03:48:54Z,-43.51,0.0,172.78,0.0,13.0,2.0,ML,,,,2.8,0.2,4
3631975,2011-12-24T03:51:30Z,-43.53,0.0,172.75,0.0,13.0,1.0,ML,,,,2.5,0.2,4
3631976,2011-12-24T03:54:58Z,-40.99,0.0,175.2,0.0,27.0,1.0,ML,,,,2.1,0.3,10
3631981,2011-12-24T04:09:06Z,-43.56,0.0,172.76,0.0,9.0,1.0,ML,,,,2.6,0.3,7
3631987,2011-12-24T04:29:39Z,-43.51,0.0,172.8,0.0,12.0,0.0,ML,,,,2.7,0.3,7
3631990,2011-12-24T04:40:25Z,-43.51,0.0,172.75,0.0,12.0,1.0,ML,,,,2.8,0.2,5
3631993,2011-12-24T04:49:47Z,-43.49,0.0,172.8,0.0,11.0,1.0,ML,,,,3.3,0.2,8
3713236,2011-12-24T04:51:51Z,-37.79,0.0,176.71,0.0,5.0,0.0,ML,,,,2.1,0.1,8
3631999,2011-12-24T05:10:09Z,-43.64,0.0,172.82,0.0,8.0,0.0,ML,,,,3.3,0.2,5
3632002,2011-12-24T05:20:52Z,-43.65,0.0,172.82,0.0,8.0,0.0,ML,,,,2.7,0.3,3
3632004,2011-12-24T05:27:04Z,-43.51,0.0,172.78,0.0,12.0,1.0,ML,,,,2.8,0.3,4
3632007,2011-12-24T05:35:46Z,-36.49,0.1,176.89,0.1,227.0,7.0,ML,,,,3.4,0.1,7
3632008,2011-12-24T05:40:56Z,-43.5,0.0,172.8,0.0,11.0,3.0,ML,,,,2.7,0.3,7
3632011,2011-12-24T05:47:28Z,-43.48,0.0,172.75,0.0,6.0,1.0,ML,,,,3.5,0.2,14
3632019,2011-12-24T06:08:33Z,-43.5,0.0,172.77,0.0,10.0,1.0,ML,,,,3.1,0.1,6
3632028,2011-12-24T06:35:58Z,-43.49,0.0,172.78,0.0,7.0,1.0,ML,,,,3.3,0.2,9
3713260,2011-12-24T06:37:21Z,-43.68,0.0,172.82,0.0,8.0,1.0,ML,,,,2.8,0.1,4
3632032,2011-12-24T06:41:56Z,-37.45,0.0,177.73,0.0,87.0,2.0,ML,,,,4.4,0.2,54
3713601,2011-12-24T06:55:02Z,-37.84,0.0,176.62,0.0,5.0,0.0,ML,,,,1.8,0.2,6
3632038,2011-12-24T07:02:58Z,-43.54,0.0,172.75,0.0,6.0,1.0,ML,,,,2.9,0.2,5
3632041,2011-12-24T07:12:07Z,-43.48,0.0,172.82,0.0,8.0,1.0,ML,,,,3.5,0.2,9
3632046,2011-12-24T07:23:54Z,-43.48,0.0,172.79,0.0,5.0,0.0,ML,,,,2.8,0.1,4
3713611,2011-12-24T07:24:42Z,-37.08,0.0,176.72,0.0,215.0,4.0,ML,,,,3.5,0.3,23
3632047,2011-12-24T07:28:01Z,-43.52,0.0,172.79,0.0,12.0,0.0,ML,,,,2.6,0.2,4
3632048,2011-12-24T07:31:06Z,-41.34,0.0,172.42,0.0,5.0,0.0,ML,,,,1.6,nan,1
3632052,2011-12-24T07:39:43Z,-43.48,0.0,172.74,0.0,8.0,1.0,Mw,3.8,nan,0,3.9,0.2,32
3713633,2011-12-24T07:51:46Z,-44.87,0.0,167.33,0.0,33.0,0.0,ML,,,,2.7,0.3,12
3632056,2011-12-24T07:51:59Z,-43.65,0.0,172.81,0.0,7.0,1.0,ML,,,,3.5,0.2,11
3632065,2011-12-24T08:20:06Z,-43.49,0.0,172.78,0.0,15.0,2.0,ML,,,,3.0,0.3,4
3713649,2011-12-24T08:32:26Z,-38.6,0.0,175.87,0.0,5.0,0.0,ML,,,,1.8,0.2,8
3632071,2011-12-24T08:36:23Z,-38.13,0.0,176.5,0.0,5.0,0.0,ML,,,,2.0,0.2,6
3632079,2011-12-24T08:54:41Z,-37.95,0.0,176.44,0.0,150.0,3.0,ML,,,,3.0,0.4,12
3632084,2011-12-24T09:13:10Z,-39.53,0.0,174.22,0.0,212.0,3.0,ML,,,,3.6,0.1,29
3713668,2011-12-24T09:14:04Z,-43.48,0.0,172.79,0.0,5.0,0.0,ML,,,,2.9,0.3,5
3632086,2011-12-24T09:18:54Z,-43.53,0.0,172.78,0.0,10.0,2.0,ML,,,,2.8,0.3,5
3713678,2011-12-24T09:20:23Z,-41.3,0.0,173.15,0.0,95.0,3.0,ML,,,,2.5,0.1,4
3632099,2011-12-24T09:54:39Z,-38.46,0.0,176.77,0.0,65.0,2.0,ML,,,,2.0,0.2,5
3632102,2011-12-24T10:00:36Z,-36.54,0.1,177.42,0.1,177.0,6.0,ML,,,,3.3,0.3,28
3632103,2011-12-24T10:04:47Z,-43.47,0.0,172.85,0.0,9.0,1.0,ML,,,,3.4,0.2,10
3632166,2011-12-24T10:57:29Z,-40.83,0.0,175.5,0.0,27.0,1.0,ML,,,,2.1,0.2,11
3632114,2011-12-24T11:12:26Z,-43.47,0.0,172.77,0.0,5.0,0.0,ML,,,,2.8,0.3,4
3713739,2011-12-24T11:14:03Z,-38.61,0.0,175.99,0.0,5.0,0.0,ML,,,,1.8,0.3,2
3632172,2011-12-24T11:17:50Z,-37.61,0.0,177.18,0.0,117.0,3.0,ML,,,,2.9,0.2,11
3632183,2011-12-24T11:59:05Z,-45.1,0.0,167.36,0.0,12.0,0.0,ML,,,,2.0,0.3,3
3713743,2011-12-24T11:59:46Z,-37.77,0.0,176.71,0.0,5.0,0.0,ML,,,,1.7,0.2,4
3632193,2011-12-24T12:25:24Z,-39.2,0.0,174.02,0.0,9.0,1.0,ML,,,,2.2,0.5,9
3713751,2011-12-24T12:31:52Z,-39.27,0.0,177.39,0.0,28.0,2.0,ML,,,,2.0,0.1,15
3632117,2011-12-24T12:33:11Z,-43.48,0.0,172.78,0.0,5.0,0.0,ML,,,,2.6,0.2,3
3632198,2011-12-24T12:38:43Z,-45.63,0.0,170.24,0.0,5.0,0.0,ML,,,,2.0,0.3,8
3632118,2011-12-24T13:10:54Z,-41.09,0.0,175.07,0.0,28.0,1.0,ML,,,,2.7,0.1,15
3632119,2011-12-24T13:14:10Z,-43.49,0.0,172.8,0.0,5.0,0.0,ML,,,,2.8,0.2,4
3632209,2011-12-24T13:17:28Z,-39.2,0.0,174.01,0.0,9.0,1.0,ML,,,,1.4,0.2,5
3632120,2011-12-24T13:21:37Z,-43.56,0.0,172.76,0.0,7.0,1.0,ML,,,,2.7,0.3,12
3632138,2011-12-24T13:24:24Z,-43.54,0.0,172.77,0.0,12.0,2.0,ML,,,,2.6,0.2,4
3632216,2011-12-24T13:52:47Z,-39.45,0.0,177.05,0.0,33.0,1.0,ML,,,,2.0,0.2,14
3632124,2011-12-24T13:57:39Z,-43.51,0.0,172.8,0.0,5.0,0.0,ML,,,,2.8,0.3,13
3632125,2011-12-24T14:05:47Z,-43.49,0.0,172.78,0.0,8.0,2.0,ML,,,,2.6,0.1,4
3632134,2011-12-24T14:09:59Z,-41.41,0.0,173.48,0.0,88.0,3.0,ML,,,,3.1,0.3,16
3632222,2011-12-24T14:21:25Z,-38.99,0.0,177.2,0.0,31.0,1.0,ML,,,,1.8,0.2,12
3632225,2011-12-24T14:29:40Z,-37.68,0.0,176.57,0.0,153.0,3.0,ML,,,,2.8,0.3,21
3632126,2011-12-24T14:33:18Z,-43.46,0.0,172.8,0.0,5.0,0.0,ML,,,,2.8,0.2,4
3714149,2011-12-24T14:34:46Z,-39.42,0.0,177.28,0.0,32.0,1.0,ML,,,,2.3,0.1,8
3632226,2011-12-24T14:37:32Z,-39.23,0.0,174.83,0.0,25.0,1.0,ML,,,,2.3,0.3,23
3632229,2011-12-24T14:45:47Z,-37.2,0.1,177.31,0.1,83.0,7.0,ML,,,,2.2,0.2,4
3714156,2011-12-24T14:46:24Z,-45.91,0.0,166.53,0.1,5.0,0.0,ML,,,,2.4,0.3,5
3632232,2011-12-24T14:57:22Z,-44.95,0.0,166.99,0.0,12.0,0.0,ML,,,,2.3,0.3,6
3632127,2011-12-24T15:44:50Z,-43.52,0.0,172.77,0.0,7.0,2.0,ML,,,,3.0,0.2,3
3632248,2011-12-24T15:49:52Z,-40.48,0.0,174.35,0.0,60.0,6.0,ML,,,,2.2,0.2,10
3632128,2011-12-24T15:56:03Z,-43.48,0.0,172.79,0.0,11.0,1.0,ML,,,,3.4,0.1,7
3632129,2011-12-24T16:00:44Z,-43.65,0.0,172.8,0.0,5.0,0.0,ML,,,,2.7,0.2,3
3632130,2011-12-24T16:07:15Z,-43.47,0.0,172.84,0.0,5.0,0.0,ML,,,,2.6,0.2,4
3632131,2011-12-24T16:14:50Z,-43.46,0.0,172.79,0.0,6.0,1.0,ML,,,,3.2,0.3,6
3632132,2011-12-24T16:22:21Z,-43.47,0.0,172.75,0.0,6.0,1.0,ML,,,,3.5,0.2,13
3714184,2011-12-24T16:25:29Z,-35.68,0.2,178.8,0.2,243.0,22.0,ML,,,,3.3,0.1,7
3632133,2011-12-24T16:26:58Z,-43.51,0.0,172.78,0.0,7.0,1.0,ML,,,,3.5,0.2,11
3632153,2011-12-24T16:43:09Z,-43.46,0.0,172.86,0.0,5.0,0.0,ML,,,,3.0,0.2,5
3632157,2011-12-24T16:50:00Z,-43.64,0.0,172.84,0.0,5.0,0.0,ML,,,,2.7,0.1,3
3632158,2011-12-24T16:55:00Z,-37.17,0.1,176.62,0.1,165.0,8.0,ML,,,,3.0,0.3,6
3632255,2011-12-24T17:10:17Z,-45.52,0.0,166.71,0.1,5.0,0.0,ML,,,,2.4,0.2,10
3632238,2011-12-24T17:13:06Z,-43.64,0.0,172.8,0.0,7.0,1.0,ML,,,,3.4,0.2,6
3714199,2011-12-24T17:13:43Z,-43.64,0.0,172.8,0.0,5.0,0.0,ML,,,,3.0,0.3,11
3632263,2011-12-24T17:33:14Z,-38.32,0.0,176.35,0.0,5.0,0.0,ML,,,,1.7,0.1,5
3632264,2011-12-24T17:37:54Z,-38.01,0.0,177.76,0.0,46.0,2.0,ML,,,,2.9,0.2,11
3714205,2011-12-24T17:40:04Z,-37.32,0.0,-179.99,0.0,33.0,0.0,ML,,,,3.9,0.2,9
3632265,2011-12-24T17:41:10Z,-43.53,0.0,172.75,0.0,8.0,1.0,ML,,,,3.7,0.2,21
3632271,2011-12-24T17:56:50Z,-43.51,0.0,172.82,0.0,5.0,0.0,ML,,,,2.7,0.3,4
3632273,2011-12-24T18:00:40Z,-38.51,0.0,175.91,0.1,100.0,7.0,ML,,,,2.7,0.2,12
3632278,2011-12-24T18:15:55Z,-43.47,0.0,172.79,0.0,7.0,1.0,ML,,,,3.0,0.2,6
3632283,2011-12-24T18:31:29Z,-43.45,0.0,172.8,0.0,5.0,0.0,ML,,,,3.2,0.2,7
3632284,2011-12-24T18:34:51Z,-38.45,0.0,178.15,0.0,33.0,0.0,ML,,,,2.0,0.1,3
3632288,2011-12-24T18:46:59Z,-43.49,0.0,172.79,0.0,12.0,0.0,ML,,,,2.5,0.2,8
3632289,2011-12-24T18:49:36Z,-38.22,0.1,176.3,0.1,188.0,7.0,ML,,,,3.1,0.2,4
3632291,2011-12-24T18:55:38Z,-43.64,0.0,172.79,0.0,6.0,1.0,ML,,,,3.1,0.2,5
3714228,2011-12-24T18:56:54Z,-39.73,0.0,174.98,0.0,79.0,2.0,ML,,,,2.2,0.2,3
3632293,2011-12-24T19:01:51Z,-43.48,0.0,172.79,0.0,8.0,1.0,ML,,,,3.1,0.2,5
3632294,2011-12-24T19:05:05Z,-43.47,0.0,172.77,0.0,5.0,0.0,ML,,,,2.8,0.2,4
3632303,2011-12-24T19:32:40Z,-43.47,0.0,172.78,0.0,9.0,2.0,ML,,,,2.4,0.1,3
3632304,2011-12-24T19:37:35Z,-43.48,0.0,172.78,0.0,5.0,0.0,ML,,,,2.7,0.2,4
3632306,2011-12-24T19:42:50Z,-43.56,0.0,172.74,0.0,11.0,1.0,ML,,,,2.9,0.1,4
3632308,2011-12-24T19:48:14Z,-43.46,0.0,172.78,0.0,8.0,2.0,ML,,,,2.7,0.3,3
3632311,2011-12-24T19:58:58Z,-40.95,0.0,175.16,0.0,25.0,1.0,ML,,,,1.8,0.4,4
3632314,2011-12-24T20:06:21Z,-39.31,0.0,175.07,0.0,31.0,1.0,ML,,,,2.3,0.1,8
3632317,2011-12-24T20:14:15Z,-43.6,0.0,172.38,0.0,9.0,1.0,ML,,,,2.5,0.2,3
3632319,2011-12-24T20:20:43Z,-43.57,0.0,172.76,0.0,10.0,1.0,ML,,,,2.7,0.1,4
3632322,2011-12-24T20:26:16Z,-43.5,0.0,172.77,0.0,7.0,1.0,ML,,,,3.0,0.1,4
3632326,2011-12-24T20:38:34Z,-40.8,0.0,176.15,0.0,25.0,3.0,ML,,,,2.0,0.3,7
3632327,2011-12-24T20:41:32Z,-43.47,0.0,172.77,0.0,5.0,0.0,ML,,,,2.7,0.1,4
3632328,2011-12-24T20:43:51Z,-43.53,0.0,172.8,0.0,6.0,1.0,ML,,,,3.2,0.2,5
3632334,2011-12-24T21:02:55Z,-45.39,0.0,167.22,0.0,99.0,1.0,ML,,,,3.0,0.2,13
3632335,2011-12-24T21:07:08Z,-40.63,0.0,175.46,0.0,30.0,1.0,ML,,,,2.2,0.3,12
3714282,2011-12-24T21:08:18Z,-43.54,0.0,172.79,0.0,12.0,0.0,ML,,,,3.1,0.3,12
3632340,2011-12-24T21:19:56Z,-43.48,0.0,172.79,0.0,5.0,0.0,ML,,,,3.0,0.3,4
3714290,2011-12-24T21:44:35Z,-37.13,0.1,176.73,0.1,258.0,7.0,ML,,,,3.3,0.3,4
3632352,2011-12-24T22:00:55Z,-38.79,0.0,175.09,0.1,198.0,7.0,ML,,,,3.0,0.2,4
3632354,2011-12-24T22:05:21Z,-43.45,0.0,172.83,0.0,5.0,0.0,ML,,,,2.9,0.3,4
3714297,2011-12-24T22:05:42Z,-43.45,0.0,172.84,0.0,5.0,0.0,ML,,,,3.1,0.3,15
3632357,2011-12-24T22:13:51Z,-40.17,0.0,175.02,0.0,24.0,1.0,ML,,,,2.3,0.4,8
3632361,2011-12-24T22:23:04Z,-41.05,0.0,174.45,0.0,38.0,1.0,ML,,,,2.3,0.1,11
3632362,2011-12-24T22:27:47Z,-43.53,0.0,172.77,0.0,11.0,2.0,ML,,,,2.8,0.3,13
3632371,2011-12-24T22:55:19Z,-38.7,0.0,176.47,0.0,61.0,2.0,ML,,,,2.5,0.1,9
3632373,2011-12-24T22:58:25Z,-38.12,0.0,176.65,0.0,95.0,2.0,ML,,,,3.0,0.1,6
3632378,2011-12-24T23:15:32Z,-43.52,0.0,172.78,0.0,12.0,1.0,ML,,,,2.8,0.2,4
3632382,2011-12-24T23:27:26Z,-40.45,0.0,175.25,0.0,5.0,0.0,ML,,,,2.1,0.4,8
3714313,2011-12-24T23:29:37Z,-38.61,0.0,176.03,0.0,5.0,0.0,ML,,,,1.3,0.0,2
3632385,2011-12-24T23:34:54Z,-40.51,0.0,175.95,0.0,28.0,1.0,ML,,,,2.4,0.1,10
3632388,2011-12-24T23:44:15Z,-43.5,0.0,172.85,0.0,12.0,0.0,ML,,,,2.8,0.1,4
3632389,2011-12-24T23:47:51Z,-43.48,0.0,172.81,0.0,8.0,1.0,ML,,,,3.5,0.2,12
3632390,2011-12-24T23:49:00Z,-38.61,0.0,176.03,0.0,5.0,0.0,ML,,,,1.9,0.1,6
3714331,2011-12-24T23:53:45Z,-43.48,0.0,172.81,0.0,8.0,1.0,ML,,,,3.5,0.2,13
3632391,2011-12-24T23:54:55Z,-40.58,0.0,173.37,0.0,138.0,2.0,ML,,,,3.1,0.3,10
3632398,2011-12-25T00:13:19Z,-38.59,0.0,176.0,0.0,5.0,0.0,ML,,,,1.8,nan,1
3714661,2011-12-25T00:13:24Z,-39.1,0.0,175.64,0.0,0.0,0.0,ML,,,,0.7,1.0,2
3632407,2011-12-25T00:40:46Z,-39.93,0.0,176.85,0.0,43.0,2.0,ML,,,,2.1,0.1,7
3632410,2011-12-25T00:50:29Z,-43.53,0.0,172.72,0.0,6.0,1.0,ML,,,,2.9,0.2,4
3632416,2011-12-25T01:11:23Z,-43.52,0.0,172.82,0.0,5.0,0.0,ML,,,,3.4,0.2,10
3632419,2011-12-25T01:22:08Z,-43.46,0.0,172.8,0.0,5.0,0.0,ML,,,,2.8,0.2,4
3714668,2011-12-25T01:23:25Z,-45.36,0.0,166.26,0.0,12.0,0.0,ML,,,,2.7,0.2,5
3632422,2011-12-25T01:28:48Z,-41.49,0.0,172.98,0.0,79.0,1.0,ML,,,,2.0,0.1,2
3632423,2011-12-25T01:33:44Z,-37.19,0.0,177.43,0.0,5.0,0.0,ML,,,,3.3,0.1,14
3632434,2011-12-25T02:06:49Z,-41.76,0.0,171.53,0.0,17.0,1.0,ML,,,,2.8,0.1,4
3632455,2011-12-25T03:05:58Z,-43.48,0.0,172.75,0.0,7.0,2.0,ML,,,,2.9,0.2,5
3632460,2011-12-25T03:24:57Z,-39.88,0.0,176.55,0.0,46.0,2.0,ML,,,,2.6,0.1,8
3632469,2011-12-25T03:52:27Z,-39.6,0.0,177.03,0.0,60.0,1.0,ML,,,,2.8,0.1,10
3632472,2011-12-25T04:00:35Z,-43.5,0.0,172.79,0.0,6.0,1.0,Mw,3.8,nan,0,4.0,0.2,41
3632481,2011-12-25T04:35:41Z,-43.56,0.0,172.72,0.0,11.0,0.0,ML,,,,2.8,0.3,6
3632487,2011-12-25T04:51:18Z,-43.51,0.0,172.8,0.0,5.0,0.0,ML,,,,3.0,0.2,5
3632488,2011-12-25T04:55:15Z,-40.4,0.0,173.71,0.0,99.0,3.0,ML,,,,2.1,0.1,2
3632506,2011-12-25T05:49:02Z,-43.47,0.0,172.77,0.0,7.0,1.0,ML,,,,3.4,0.2,12
3714711,2011-12-25T06:01:13Z,-43.52,0.0,172.76,0.0,11.0,2.0,ML,,,,2.7,0.2,4
3632511,2011-12-25T06:04:25Z,-38.9,0.0,178.05,0.0,21.0,3.0,ML,,,,2.1,0.2,6
3632512,2011-12-25T06:08:21Z,-40.43,0.1,174.46,0.0,84.0,6.0,ML,,,,2.4,0.1,3
3632515,2011-12-25T06:16:32Z,-43.51,0.0,172.81,0.0,13.0,2.0,ML,,,,2.6,0.2,4
3632520,2011-12-25T06:32:37Z,-43.49,0.0,172.78,0.0,5.0,1.0,ML,,,,3.1,0.3,6
3632536,2011-12-25T07:16:57Z,-43.52,0.0,172.77,0.0,13.0,1.0,ML,,,,2.6,0.2,4
3632539,2011-12-25T07:27:30Z,-43.64,0.0,172.83,0.0,5.0,0.0,ML,,,,3.0,0.3,5
3632541,2011-12-25T07:36:30Z,-43.48,0.0,172.78,0.0,6.0,2.0,ML,,,,3.4,0.2,10
3714725,2011-12-25T07:49:16Z,-40.6,0.0,175.69,0.0,17.0,2.0,ML,,,,1.8,0.3,4
3632545,2011-12-25T07:49:56Z,-43.53,0.0,172.77,0.0,7.0,1.0,ML,,,,3.4,0.2,11
3632553,2011-12-25T08:11:09Z,-36.71,0.1,177.7,0.1,104.0,8.0,ML,,,,2.9,0.2,4
3632559,2011-12-25T08:28:19Z,-45.96,0.0,166.89,0.0,59.0,4.0,ML,,,,2.2,0.4,4
3632564,2011-12-25T08:41:18Z,-41.79,0.0,171.93,0.0,12.0,0.0,ML,,,,2.1,0.3,3
3632566,2011-12-25T08:48:14Z,-43.5,0.0,172.8,0.0,5.0,0.0,ML,,,,3.0,0.2,5
3632568,2011-12-25T08:54:47Z,-43.49,0.0,172.79,0.0,10.0,1.0,ML,,,,3.2,0.2,8
3632582,2011-12-25T09:41:42Z,-41.37,0.0,174.32,0.0,33.0,1.0,ML,,,,1.8,0.1,5
3632584,2011-12-25T09:43:49Z,-39.31,0.0,177.36,0.0,32.0,2.0,ML,,,,1.9,0.2,4
3632585,2011-12-25T09:45:12Z,-40.85,0.0,175.71,0.0,28.0,1.0,ML,,,,2.4,0.1,8
3632590,2011-12-25T10:00:34Z,-43.47,0.0,172.86,0.0,5.0,0.0,ML,,,,2.9,0.1,4
3632596,2011-12-25T10:21:19Z,-40.82,0.0,175.32,0.0,29.0,1.0,ML,,,,2.7,0.2,19
3714777,2011-12-25T10:21:57Z,-39.27,0.0,174.71,0.0,22.0,1.0,ML,,,,2.3,0.2,6
3714780,2011-12-25T10:22:31Z,-38.47,0.0,178.55,0.0,33.0,0.0,ML,,,,2.3,0.2,11
3632601,2011-12-25T10:35:49Z,-43.48,0.0,172.83,0.0,5.0,0.0,ML,,,,3.0,0.3,16
3632602,2011-12-25T10:38:23Z,-38.1,0.0,176.3,0.0,153.0,3.0,ML,,,,3.3,0.1,17
3632608,2011-12-25T10:55:50Z,-43.5,0.0,172.79,0.0,8.0,1.0,ML,,,,3.1,0.1,4
3632615,2011-12-25T11:17:46Z,-44.22,0.0,168.44,0.0,5.0,0.0,ML,,,,2.0,0.3,9
3632616,2011-12-25T11:21:35Z,-43.47,0.0,172.71,0.0,5.0,0.0,ML,,,,2.5,0.3,3
3632620,2011-12-25T11:32:18Z,-43.53,0.0,172.77,0.0,6.0,1.0,Mw,3.5,nan,0,3.8,0.3,21
3632621,2011-12-25T11:35:02Z,-43.51,0.0,172.77,0.0,7.0,1.0,ML,,,,3.9,0.3,30
3632628,2011-12-25T11:59:31Z,-39.6,0.0,176.98,0.0,28.0,1.0,ML,,,,2.7,0.2,19
3632630,2011-12-25T12:04:25Z,-40.69,0.0,174.86,0.0,5.0,0.0,ML,,,,2.0,0.4,11
3632633,2011-12-25T12:16:55Z,-39.43,0.0,174.94,0.0,31.0,2.0,ML,,,,1.3,0.1,5
3717335,2011-12-25T12:25:23Z,-37.57,0.0,-179.82,0.0,33.0,0.0,ML,,,,2.9,0.2,13
3632636,2011-12-25T12:26:12Z,-43.49,0.0,172.79,0.0,9.0,1.0,ML,,,,3.7,0.2,22
3632654,2011-12-25T13:20:03Z,-43.49,0.0,172.78,0.0,5.0,0.0,ML,,,,2.8,0.2,4
3717348,2011-12-25T13:21:08Z,-37.83,0.0,176.71,0.0,5.0,0.0,ML,,,,1.5,0.1,5
3632660,2011-12-25T13:40:29Z,-43.47,0.0,172.79,0.0,8.0,2.0,Mw,3.7,nan,0,4.0,0.2,62
3632664,2011-12-25T13:51:41Z,-37.91,0.0,176.55,0.1,114.0,5.0,ML,,,,2.6,0.1,7
3632669,2011-12-25T14:08:55Z,-40.0,0.0,176.59,0.0,40.0,3.0,ML,,,,1.7,0.1,8
3632676,2011-12-25T14:29:05Z,-43.47,0.0,172.82,0.0,10.0,1.0,Mw,3.9,nan,0,4.0,0.2,53
3632687,2011-12-25T15:00:23Z,-43.48,0.0,172.78,0.0,5.0,0.0,ML,,,,3.0,0.3,5
3632690,2011-12-25T15:08:38Z,-38.85,0.0,177.54,0.0,22.0,2.0,ML,,,,1.8,0.2,7
3632695,2011-12-25T15:20:37Z,-40.5,0.0,173.74,0.0,104.0,4.0,ML,,,,2.5,0.2,7
3632696,2011-12-25T15:22:49Z,-40.97,0.0,173.77,0.0,70.0,2.0,ML,,,,2.3,0.3,6
3632701,2011-12-25T15:35:45Z,-43.47,0.0,172.82,0.0,5.0,0.0,ML,,,,2.7,0.3,15
3632708,2011-12-25T15:56:50Z,-40.26,0.0,176.5,0.0,11.0,2.0,ML,,,,2.1,0.1,7
3632722,2011-12-25T16:28:37Z,-37.73,0.0,176.62,0.0,139.0,3.0,ML,,,,3.0,0.3,11
3632725,2011-12-25T16:36:11Z,-43.52,0.0,172.74,0.0,5.0,0.0,ML,,,,2.8,0.3,14
3632729,2011-12-25T16:50:44Z,-43.47,0.0,172.8,0.0,5.0,0.0,ML,,,,2.7,0.3,12
3632733,2011-12-25T17:02:24Z,-43.47,0.0,172.87,0.0,5.0,0.0,ML,,,,3.3,0.1,8
3632736,2011-12-25T17:16:07Z,-43.51,0.0,172.77,0.0,7.0,1.0,ML,,,,2.9,0.2,5
3632742,2011-12-25T17:38:46Z,-39.03,0.0,174.0,0.0,5.0,0.0,ML,,,,1.5,0.3,3
3717428,2011-12-25T17:58:08Z,-38.61,0.0,176.21,0.0,5.0,0.0,ML,,,,1.7,0.2,4
3632750,2011-12-25T18:00:57Z,-38.61,0.0,176.2,0.0,5.0,0.0,ML,,,,1.9,0.1,5
3632753,2011-12-25T18:11:28Z,-43.49,0.0,172.8,0.0,5.0,0.0,ML,,,,2.8,0.2,4
3632760,2011-12-25T18:36:15Z,-38.61,0.0,176.2,0.0,5.0,0.0,ML,,,,1.9,0.2,7
3632763,2011-12-25T18:44:27Z,-44.58,0.0,168.15,0.0,91.0,4.0,ML,,,,2.8,0.3,11
3632953,2011-12-25T18:45:13Z,-38.94,0.0,176.07,0.0,92.0,3.0,ML,,,,2.4,0.2,5
3717443,2011-12-25T18:46:38Z,-37.23,0.1,177.37,0.0,122.0,6.0,ML,,,,2.9,0.2,6
3717438,2011-12-25T18:46:52Z,-38.62,0.0,176.21,0.0,5.0,0.0,ML,,,,1.9,0.2,5
3717445,2011-12-25T18:56:40Z,-38.69,0.0,178.48,0.0,30.0,1.0,ML,,,,2.5,0.1,5
3632766,2011-12-25T18:56:49Z,-43.52,0.0,172.79,0.0,5.0,0.0,ML,,,,2.8,0.4,13
3632775,2011-12-25T19:26:32Z,-38.42,0.0,176.19,0.0,5.0,0.0,ML,,,,2.3,0.2,12
3632779,2011-12-25T19:38:28Z,-39.37,0.0,175.37,0.0,19.0,1.0,ML,,,,1.9,0.3,6
3632794,2011-12-25T20:29:43Z,-41.4,0.0,174.98,0.0,25.0,1.0,ML,,,,2.1,0.4,7
3632800,2011-12-25T20:48:34Z,-39.15,0.0,175.36,0.0,8.0,1.0,ML,,,,2.8,0.2,27
3717453,2011-12-25T20:50:25Z,-47.26,0.0,165.73,0.1,33.0,0.0,ML,,,,3.1,0.4,6
3632816,2011-12-25T21:35:45Z,-39.83,0.0,176.31,0.0,74.0,2.0,ML,,,,2.9,0.1,14
3632819,2011-12-25T21:42:34Z,-38.56,0.0,175.72,0.0,150.0,4.0,ML,,,,3.0,0.2,22
3632828,2011-12-25T22:04:18Z,-43.48,0.0,172.76,0.0,8.0,1.0,ML,,,,3.6,0.2,18
3632829,2011-12-25T22:09:17Z,-43.48,0.0,172.79,0.0,5.0,0.0,ML,,,,3.0,0.2,5
3632835,2011-12-25T22:33:27Z,-38.71,0.0,176.17,0.0,92.0,2.0,ML,,,,3.0,0.2,19
3632839,2011-12-25T22:44:15Z,-40.3,0.0,176.74,0.1,21.0,4.0,ML,,,,2.2,0.3,5
3632844,2011-12-25T23:00:09Z,-37.53,0.1,179.85,0.1,33.0,0.0,ML,,,,2.9,0.2,7
3632850,2011-12-25T23:18:30Z,-43.5,0.0,172.79,0.0,12.0,2.0,ML,,,,2.7,0.2,4
3632857,2011-12-25T23:39:38Z,-37.83,0.0,176.62,0.0,5.0,0.0,ML,,,,2.1,0.2,5
3632867,2011-12-26T00:04:39Z,-41.95,0.0,171.87,0.0,5.0,0.0,ML,,,,2.5,0.4,8
3632875,2011-12-26T00:26:12Z,-39.21,0.0,175.02,0.0,32.0,1.0,ML,,,,2.1,0.3,12
3632877,2011-12-26T00:32:52Z,-43.51,0.0,172.82,0.0,12.0,0.0,ML,,,,2.4,0.2,7
3632878,2011-12-26T00:36:46Z,-43.53,0.0,172.78,0.0,10.0,1.0,ML,,,,3.7,0.3,19
3632880,2011-12-26T00:41:02Z,-38.92,0.0,177.34,0.0,33.0,0.0,ML,,,,2.0,0.1,8
3632891,2011-12-26T01:12:33Z,-43.49,0.0,172.78,0.0,10.0,1.0,ML,,,,3.3,0.2,6
3717450,2011-12-26T01:13:10Z,-43.5,0.0,172.81,0.0,8.0,1.0,ML,,,,3.6,0.2,16
3632892,2011-12-26T01:17:40Z,-42.91,0.0,169.56,0.0,5.0,0.0,ML,,,,3.2,0.3,4
3632895,2011-12-26T01:28:55Z,-41.43,0.0,172.33,0.0,5.0,0.0,ML,,,,2.7,0.4,7
3632902,2011-12-26T01:47:38Z,-40.95,0.0,175.97,0.0,29.0,1.0,ML,,,,2.3,0.3,11
3632903,2011-12-26T01:49:49Z,-43.54,0.0,172.81,0.0,5.0,0.0,ML,,,,2.7,0.1,4
3632910,2011-12-26T02:10:51Z,-37.8,0.0,176.69,0.0,5.0,0.0,ML,,,,2.0,0.1,5
3632912,2011-12-26T02:15:47Z,-45.3,0.0,167.3,0.0,71.0,1.0,ML,,,,2.5,0.3,10
3632916,2011-12-26T02:29:56Z,-39.34,0.0,175.95,0.0,54.0,2.0,ML,,,,2.4,0.2,3
3632922,2011-12-26T02:45:53Z,-39.85,0.0,176.71,0.0,38.0,2.0,ML,,,,2.3,0.2,15
3632928,2011-12-26T03:07:49Z,-43.63,0.0,172.81,0.0,5.0,0.0,ML,,,,2.8,0.3,6
3632935,2011-12-26T03:33:08Z,-43.51,0.0,172.8,0.0,7.0,1.0,ML,,,,3.3,0.2,5
3632940,2011-12-26T03:43:08Z,-43.47,0.0,172.84,0.0,5.0,0.0,ML,,,,3.1,0.2,4
3632942,2011-12-26T03:52:10Z,-37.77,0.0,176.71,0.0,5.0,0.0,ML,,,,3.5,0.2,33
3632949,2011-12-26T04:12:19Z,-43.51,0.0,172.82,0.0,10.0,1.0,ML,,,,2.6,0.3,5
3632950,2011-12-26T04:15:18Z,-39.64,0.0,176.97,0.0,63.0,2.0,ML,,,,2.5,0.1,7
3632957,2011-12-26T04:33:33Z,-37.79,0.0,176.69,0.0,5.0,0.0,ML,,,,2.0,0.1,8
3632958,2011-12-26T04:38:28Z,-40.01,0.0,176.6,0.0,45.0,2.0,ML,,,,2.3,0.2,10
3632970,2011-12-26T05:11:50Z,-39.28,0.0,175.56,0.0,0.0,0.0,ML,,,,0.7,0.3,3
3632973,2011-12-26T05:21:20Z,-40.87,0.0,176.06,0.0,25.0,2.0,ML,,,,1.9,0.1,6
3632975,2011-12-26T05:28:49Z,-43.52,0.0,172.81,0.0,12.0,3.0,ML,,,,2.8,0.2,4
3717931,2011-12-26T05:30:19Z,-40.91,0.0,176.04,0.0,24.0,2.0,ML,,,,1.7,0.0,4
3632976,2011-12-26T05:32:26Z,-38.65,0.0,175.81,0.0,144.0,3.0,ML,,,,3.2,0.3,26
3632990,2011-12-26T06:22:59Z,-43.51,0.0,172.82,0.0,13.0,3.0,ML,,,,2.8,0.2,5
3717935,2011-12-26T06:23:59Z,-41.19,0.0,172.76,0.0,120.0,3.0,ML,,,,2.6,nan,1
3632996,2011-12-26T06:32:34Z,-43.5,0.0,172.79,0.0,7.0,2.0,ML,,,,2.8,0.2,9
3632999,2011-12-26T06:40:32Z,-39.99,0.0,174.9,0.0,67.0,2.0,ML,,,,2.5,0.3,9
3633001,2011-12-26T06:47:14Z,-41.42,0.0,175.0,0.0,12.0,0.0,ML,,,,2.0,0.3,9
3633009,2011-12-26T07:20:33Z,-43.49,0.0,172.84,0.0,5.0,0.0,ML,,,,2.4,0.1,4
3633012,2011-12-26T07:28:39Z,-43.52,0.0,172.8,0.0,13.0,2.0,ML,,,,2.8,0.2,4
3633017,2011-12-26T07:41:24Z,-37.53,0.0,179.88,0.1,33.0,0.0,ML,,,,3.4,0.2,8
3718006,2011-12-26T07:42:54Z,-43.52,0.0,172.75,0.0,12.0,1.0,ML,,,,2.4,0.2,5
3633022,2011-12-26T07:53:18Z,-46.43,0.0,169.48,0.0,19.0,2.0,ML,,,,2.2,0.1,2
3633023,2011-12-26T07:55:53Z,-43.54,0.0,172.72,0.0,10.0,2.0,ML,,,,2.5,0.3,6
3633028,2011-12-26T08:14:20Z,-43.49,0.0,172.87,0.0,12.0,0.0,ML,,,,2.1,0.1,4
3633037,2011-12-26T08:45:41Z,-42.3,0.0,172.86,0.0,12.0,0.0,ML,,,,2.7,0.4,8
3633038,2011-12-26T08:49:43Z,-43.53,0.0,172.79,0.0,12.0,0.0,ML,,,,2.2,0.2,4
3633044,2011-12-26T09:08:07Z,-39.25,0.0,173.92,0.0,21.0,2.0,ML,,,,1.6,0.2,3
3633045,2011-12-26T09:15:09Z,-43.52,0.0,172.81,0.0,11.0,1.0,ML,,,,2.9,0.3,4
3633057,2011-12-26T09:43:20Z,-40.99,0.0,174.01,0.0,53.0,3.0,ML,,,,2.1,0.2,4
3633068,2011-12-26T10:13:17Z,-43.49,0.0,172.82,0.0,10.0,1.0,ML,,,,3.5,0.2,10
3633069,2011-12-26T10:19:24Z,-43.51,0.0,172.8,0.0,11.0,1.0,ML,,,,2.4,0.3,5
3633072,2011-12-26T10:24:40Z,-43.5,0.0,172.78,0.0,9.0,1.0,ML,,,,3.1,0.2,5
3633073,2011-12-26T10:29:39Z,-45.89,0.0,167.03,0.0,12.0,0.0,ML,,,,1.7,0.3,4
3633078,2011-12-26T10:48:41Z,-45.19,0.0,168.67,0.0,5.0,0.0,ML,,,,2.6,0.3,12
3633081,2011-12-26T11:00:29Z,-43.5,0.0,172.78,0.0,12.0,1.0,ML,,,,2.8,0.2,4
3633082,2011-12-26T11:02:38Z,-43.46,0.0,172.82,0.0,12.0,0.0,ML,,,,2.4,0.1,7
3633083,2011-12-26T11:05:57Z,-41.95,0.0,172.92,0.0,52.0,2.0,ML,,,,2.1,0.3,3
3633085,2011-12-26T11:10:31Z,-45.39,0.0,167.11,0.0,67.0,2.0,ML,,,,2.5,0.3,11
3633086,2011-12-26T11:13:32Z,-43.49,0.0,172.85,0.0,11.0,1.0,ML,,,,2.6,0.3,8
3633090,2011-12-26T11:27:53Z,-43.54,0.0,172.75,0.0,13.0,2.0,ML,,,,2.4,0.2,4
3633094,2011-12-26T11:37:32Z,-40.4,0.0,174.35,0.0,80.0,5.0,ML,,,,1.9,0.1,2
3633098,2011-12-26T11:50:34Z,-45.22,0.0,167.26,0.0,75.0,2.0,ML,,,,3.6,0.3,16
3633100,2011-12-26T11:57:37Z,-37.17,0.0,177.41,0.0,5.0,0.0,ML,,,,2.6,0.3,8
3633103,2011-12-26T12:02:23Z,-43.45,0.0,172.84,0.0,12.0,0.0,ML,,,,2.8,0.3,11
3633104,2011-12-26T12:06:54Z,-45.54,0.0,167.05,0.0,76.0,1.0,ML,,,,2.3,0.1,3
3718445,2011-12-26T12:08:25Z,-41.09,0.0,175.45,0.0,26.0,1.0,ML,,,,1.9,0.1,11
3718441,2011-12-26T12:09:19Z,-43.58,0.0,172.57,0.0,5.0,0.0,ML,,,,2.1,0.2,4
3633107,2011-12-26T12:11:59Z,-38.46,0.0,177.97,0.0,23.0,1.0,ML,,,,2.2,0.2,5
3633112,2011-12-26T12:23:49Z,-43.5,0.0,172.8,0.0,13.0,3.0,ML,,,,2.5,0.3,6
3633115,2011-12-26T12:32:54Z,-43.55,0.0,172.76,0.0,12.0,1.0,ML,,,,3.3,0.1,4
3633116,2011-12-26T12:34:44Z,-40.69,0.0,175.22,0.0,36.0,2.0,ML,,,,3.2,0.2,28
3633122,2011-12-26T12:53:00Z,-43.45,0.0,172.81,0.0,12.0,0.0,ML,,,,3.2,0.2,6
3633126,2011-12-26T13:03:43Z,-45.14,0.0,167.38,0.0,5.0,0.0,ML,,,,2.6,0.2,11
3718482,2011-12-26T13:04:03Z,-43.51,0.0,172.84,0.0,12.0,0.0,ML,,,,2.2,0.2,4
3633127,2011-12-26T13:05:37Z,-39.66,0.0,176.28,0.0,33.0,2.0,ML,,,,2.5,0.1,7
3633128,2011-12-26T13:08:32Z,-43.5,0.0,172.81,0.0,13.0,1.0,ML,,,,2.5,0.2,4
3633133,2011-12-26T13:22:47Z,-38.27,0.0,178.07,0.0,25.0,2.0,ML,,,,2.2,0.1,6
3633140,2011-12-26T13:48:42Z,-40.64,0.0,175.98,0.0,30.0,1.0,ML,,,,2.4,0.2,7
3633141,2011-12-26T13:49:49Z,-38.0,0.0,177.24,0.0,57.0,2.0,ML,,,,2.6,0.2,7
3633142,2011-12-26T13:52:06Z,-40.81,0.0,175.31,0.0,27.0,2.0,ML,,,,1.9,0.2,7
3633143,2011-12-26T13:56:24Z,-45.15,0.0,167.28,0.0,5.0,0.0,ML,,,,2.9,0.1,4
3633144,2011-12-26T14:00:30Z,-40.07,0.0,176.38,0.0,28.0,1.0,ML,,,,2.0,0.3,12
3633155,2011-12-26T14:34:01Z,-43.51,0.0,172.81,0.0,14.0,3.0,ML,,,,2.2,0.1,4
3633162,2011-12-26T14:51:48Z,-43.52,0.0,172.83,0.0,5.0,0.0,ML,,,,2.9,0.1,4
3633168,2011-12-26T15:07:46Z,-43.49,0.0,172.81,0.0,16.0,2.0,ML,,,,3.3,0.2,5
3633171,2011-12-26T15:17:17Z,-37.46,0.0,-179.87,0.0,33.0,0.0,ML,,,,3.3,0.2,7
3633172,2011-12-26T15:20:02Z,-43.46,0.0,172.82,0.0,5.0,0.0,ML,,,,3.2,0.2,6
3633173,2011-12-26T15:25:24Z,-39.58,0.0,176.95,0.0,32.0,1.0,ML,,,,1.9,0.2,7
3633175,2011-12-26T15:29:28Z,-35.45,0.1,178.69,0.0,278.0,6.0,ML,,,,4.8,0.1,53
3633178,2011-12-26T15:39:52Z,-37.8,0.0,176.72,0.0,5.0,0.0,ML,,,,1.7,0.1,6
3633183,2011-12-26T15:51:38Z,-39.53,0.0,175.63,0.0,12.0,0.0,ML,,,,2.3,0.2,17
3633186,2011-12-26T15:58:40Z,-40.89,0.0,176.15,0.0,28.0,1.0,ML,,,,2.9,0.2,20
3633190,2011-12-26T16:13:01Z,-38.63,0.0,176.07,0.0,5.0,0.0,ML,,,,1.7,0.2,5
3633197,2011-12-26T16:32:28Z,-40.79,0.0,174.64,0.0,34.0,1.0,ML,,,,2.0,0.2,6
3633199,2011-12-26T16:38:26Z,-42.03,0.0,173.96,0.0,12.0,0.0,ML,,,,2.6,0.4,17
3633206,2011-12-26T16:58:45Z,-43.52,0.0,172.86,0.0,12.0,0.0,ML,,,,2.6,0.2,6
3719003,2011-12-26T16:59:52Z,-38.43,0.0,177.48,0.0,30.0,1.0,ML,,,,2.2,0.1,4
3633211,2011-12-26T17:13:27Z,-37.29,0.0,179.94,0.0,5.0,0.0,ML,,,,3.9,0.2,19
3633233,2011-12-26T18:14:49Z,-44.42,0.0,168.18,0.0,12.0,0.0,ML,,,,2.4,0.4,9
3633235,2011-12-26T18:21:25Z,-43.5,0.0,172.83,0.0,12.0,0.0,ML,,,,2.7,0.3,7
3719009,2011-12-26T18:21:59Z,-41.38,0.0,173.74,0.0,50.0,3.0,ML,,,,2.3,0.2,3
3633241,2011-12-26T18:37:57Z,-39.6,0.0,176.78,0.0,29.0,1.0,ML,,,,2.2,0.2,10
3633254,2011-12-26T19:20:30Z,-43.48,0.0,172.77,0.0,10.0,2.0,ML,,,,2.6,0.3,7
3633256,2011-12-26T19:27:33Z,-39.66,0.0,176.51,0.0,21.0,1.0,ML,,,,2.3,0.1,6
3633259,2011-12-26T19:36:52Z,-43.49,0.0,172.79,0.0,9.0,2.0,ML,,,,2.7,0.3,3
3633269,2011-12-26T20:08:19Z,-43.51,0.0,172.79,0.0,12.0,0.0,ML,,,,2.5,0.2,3
3633272,2011-12-26T20:15:58Z,-43.53,0.0,172.82,0.0,14.0,2.0,ML,,,,2.8,0.1,5
3633274,2011-12-26T20:19:49Z,-43.49,0.0,172.79,0.0,12.0,1.0,ML,,,,2.6,0.2,7
3719063,2011-12-26T20:20:40Z,-43.5,0.0,172.76,0.0,10.0,1.0,ML,,,,2.8,0.1,3
3633293,2011-12-26T21:17:24Z,-43.64,0.0,172.79,0.0,5.0,0.0,ML,,,,2.3,0.2,3
3633298,2011-12-26T21:29:10Z,-43.51,0.0,172.82,0.0,10.0,0.0,ML,,,,2.7,0.3,8
3633306,2011-12-26T21:52:16Z,-38.91,0.0,175.46,0.1,114.0,6.0,ML,,,,2.9,0.3,10
3633310,2011-12-26T22:10:40Z,-40.79,0.0,176.1,0.0,33.0,0.0,ML,,,,1.8,0.4,3
3719070,2011-12-26T22:10:58Z,-43.59,0.0,172.74,0.0,12.0,0.0,ML,,,,2.5,0.1,3
3633312,2011-12-26T22:17:40Z,-43.55,0.0,172.79,0.0,12.0,0.0,ML,,,,2.6,0.2,6
3633326,2011-12-26T22:49:35Z,-43.53,0.0,172.84,0.0,14.0,5.0,ML,,,,2.2,0.2,4
3719072,2011-12-26T22:49:51Z,-40.16,0.0,176.53,0.0,33.0,0.0,ML,,,,2.0,0.1,5
3633334,2011-12-26T23:16:42Z,-43.54,0.0,172.75,0.0,8.0,2.0,ML,,,,2.6,0.2,4
3633341,2011-12-26T23:40:45Z,-43.51,0.0,172.74,0.0,12.0,0.0,ML,,,,2.5,0.1,3
3633368,2011-12-27T01:00:38Z,-43.47,0.0,172.86,0.0,10.0,2.0,ML,,,,3.0,0.3,5
3633373,2011-12-27T01:18:39Z,-40.34,0.0,176.51,0.0,16.0,2.0,ML,,,,2.6,0.1,14
3633379,2011-12-27T01:34:19Z,-43.55,0.0,172.75,0.0,10.0,2.0,ML,,,,2.8,0.3,9
3633390,2011-12-27T02:00:33Z,-43.53,0.0,172.71,0.0,13.0,1.0,ML,,,,2.8,0.1,4
3633397,2011-12-27T02:20:40Z,-40.3,0.0,176.08,0.0,47.0,2.0,ML,,,,2.3,0.2,9
3633402,2011-12-27T02:33:43Z,-43.51,0.0,172.78,0.0,6.0,1.0,Mw,3.9,nan,0,4.1,0.2,39
3633419,2011-12-27T03:35:10Z,-43.51,0.0,172.78,0.0,11.0,2.0,ML,,,,3.2,0.2,8
3633428,2011-12-27T03:57:49Z,-40.43,0.0,175.78,0.0,30.0,2.0,ML,,,,1.7,0.2,5
3717511,2011-12-27T03:58:37Z,-44.11,0.0,168.71,0.1,5.0,0.0,ML,,,,2.5,0.2,5
3633430,2011-12-27T04:02:53Z,-40.34,0.0,176.54,0.0,16.0,2.0,ML,,,,2.3,0.3,12
3633436,2011-12-27T04:18:58Z,-38.99,0.0,177.14,0.0,33.0,1.0,ML,,,,2.3,0.1,9
3718032,2011-12-27T04:20:08Z,-43.49,0.0,172.84,0.0,12.0,0.0,ML,,,,2.9,0.3,10
3633438,2011-12-27T04:25:18Z,-43.34,0.0,172.2,0.0,5.0,0.0,ML,,,,2.9,0.3,9
3633453,2011-12-27T05:11:24Z,-39.38,0.0,177.47,0.0,27.0,1.0,ML,,,,2.1,0.3,6
3718035,2011-12-27T05:11:54Z,-43.35,0.0,172.77,0.0,22.0,4.0,ML,,,,2.8,0.3,6
3633465,2011-12-27T05:43:43Z,-43.55,0.0,172.77,0.0,10.0,1.0,ML,,,,3.0,0.1,4
3718039,2011-12-27T05:44:38Z,-43.48,0.0,172.83,0.0,11.0,1.0,ML,,,,3.2,0.3,7
3633481,2011-12-27T06:34:14Z,-39.67,0.0,176.95,0.0,32.0,1.0,ML,,,,2.3,0.0,5
3633490,2011-12-27T07:05:12Z,-40.12,0.0,176.16,0.0,26.0,1.0,ML,,,,2.2,0.3,9
3633505,2011-12-27T07:47:38Z,-43.46,0.0,172.83,0.0,5.0,0.0,ML,,,,3.0,0.2,4
3633508,2011-12-27T07:59:37Z,-43.52,0.0,172.81,0.0,15.0,1.0,ML,,,,2.8,0.3,10
3633517,2011-12-27T08:31:11Z,-46.03,0.0,166.98,0.0,12.0,0.0,ML,,,,2.5,0.3,6
3633526,2011-12-27T09:00:30Z,-43.48,0.0,172.74,0.0,8.0,2.0,ML,,,,3.0,0.3,10
3633528,2011-12-27T09:07:26Z,-43.59,0.0,172.68,0.0,7.0,1.0,ML,,,,3.3,0.2,7
3633534,2011-12-27T09:20:08Z,-38.05,0.0,176.75,0.0,5.0,0.0,ML,,,,1.1,0.3,2
3718069,2011-12-27T09:20:40Z,-38.06,0.0,176.75,0.0,5.0,0.0,ML,,,,1.4,0.2,4
3718072,2011-12-27T09:21:02Z,-39.9,0.0,175.16,0.0,33.0,0.0,ML,,,,2.1,0.2,5
3633544,2011-12-27T09:50:06Z,-37.05,0.0,175.37,0.0,5.0,0.0,ML,,,,1.6,0.0,3
3633555,2011-12-27T10:19:59Z,-43.5,0.0,172.77,0.0,9.0,1.0,ML,,,,3.1,0.3,4
3633557,2011-12-27T10:25:18Z,-43.54,0.0,172.78,0.0,11.0,1.0,ML,,,,2.6,0.2,4
3633576,2011-12-27T11:23:58Z,-40.52,0.0,175.96,0.0,30.0,1.0,ML,,,,1.8,0.3,5
3633578,2011-12-27T11:29:44Z,-37.41,0.0,177.12,0.0,126.0,3.0,ML,,,,3.1,0.2,6
3633582,2011-12-27T11:42:45Z,-42.39,0.0,174.4,0.0,33.0,0.0,ML,,,,2.8,0.3,13
3633587,2011-12-27T12:03:14Z,-37.55,0.0,178.08,0.0,75.0,3.0,ML,,,,2.1,0.2,4
3633593,2011-12-27T12:25:06Z,-43.48,0.0,172.78,0.0,7.0,1.0,ML,,,,3.6,0.2,23
3718099,2011-12-27T12:27:09Z,-38.86,0.0,177.66,0.0,5.0,0.0,ML,,,,2.1,0.1,6
3633604,2011-12-27T12:55:07Z,-37.4,0.0,177.07,0.0,126.0,4.0,ML,,,,2.5,0.3,6
3633606,2011-12-27T13:00:00Z,-36.71,0.0,176.5,0.1,205.0,6.0,ML,,,,3.0,0.3,9
3633614,2011-12-27T13:24:06Z,-38.24,0.0,177.51,0.0,33.0,0.0,ML,,,,2.0,0.1,5
3633617,2011-12-27T13:33:00Z,-41.63,0.0,174.56,0.0,12.0,0.0,ML,,,,2.2,0.3,8
3633624,2011-12-27T13:54:23Z,-43.5,0.0,172.75,0.0,12.0,1.0,ML,,,,2.6,0.3,10
3633627,2011-12-27T14:06:06Z,-38.93,0.0,173.97,0.0,5.0,0.0,ML,,,,2.2,0.5,8
3633628,2011-12-27T14:09:16Z,-37.44,0.0,179.82,0.0,33.0,0.0,ML,,,,2.9,0.1,10
3633633,2011-12-27T14:24:26Z,-38.23,0.0,177.99,0.0,58.0,3.0,ML,,,,2.2,0.3,8
3633638,2011-12-27T14:42:10Z,-40.0,0.0,176.47,0.0,40.0,1.0,ML,,,,2.2,0.3,14
3633639,2011-12-27T14:45:12Z,-38.42,0.0,176.2,0.0,5.0,0.0,ML,,,,1.5,0.1,7
3633640,2011-12-27T14:47:33Z,-39.25,0.0,175.13,0.0,154.0,4.0,ML,,,,3.1,0.2,25
3633642,2011-12-27T14:54:18Z,-38.42,0.0,176.21,0.0,5.0,0.0,ML,,,,1.6,0.1,5
3633645,2011-12-27T14:58:28Z,-38.42,0.0,176.2,0.0,5.0,0.0,ML,,,,1.8,0.1,6
3633649,2011-12-27T15:11:49Z,-37.74,0.0,178.92,0.0,27.0,2.0,ML,,,,2.4,0.2,7
3633650,2011-12-27T15:14:01Z,-40.67,0.0,176.54,0.0,31.0,2.0,ML,,,,1.9,0.2,4
3633657,2011-12-27T15:40:07Z,-40.88,0.0,175.47,0.0,25.0,1.0,ML,,,,2.0,0.1,9
3633664,2011-12-27T16:03:25Z,-42.0,0.0,173.92,0.0,12.0,0.0,ML,,,,2.4,0.4,8
3633666,2011-12-27T16:09:13Z,-43.55,0.0,172.79,0.0,11.0,1.0,ML,,,,3.1,0.2,4
3633672,2011-12-27T16:32:19Z,-43.49,0.0,172.72,0.0,8.0,1.0,ML,,,,3.9,0.3,26
3633692,2011-12-27T17:32:08Z,-37.72,0.0,176.19,0.0,278.0,5.0,ML,,,,4.5,0.2,52
3633704,2011-12-27T18:12:59Z,-40.93,0.0,176.14,0.0,28.0,1.0,ML,,,,2.8,0.1,9
3633705,2011-12-27T18:15:55Z,-40.92,0.0,176.14,0.0,26.0,1.0,ML,,,,2.2,0.1,5
3633706,2011-12-27T18:18:26Z,-40.92,0.0,176.15,0.0,28.0,1.0,ML,,,,2.4,0.1,8
3633715,2011-12-27T18:45:38Z,-38.11,0.0,176.8,0.0,78.0,2.0,ML,,,,2.8,0.2,10
3633720,2011-12-27T19:04:42Z,-40.93,0.0,176.16,0.0,29.0,1.0,ML,,,,2.3,0.1,8
3633721,2011-12-27T19:07:31Z,-45.43,0.0,166.69,0.0,12.0,0.0,ML,,,,2.9,0.2,7
3633727,2011-12-27T19:31:24Z,-40.67,0.0,176.11,0.0,29.0,2.0,ML,,,,2.1,0.3,4
3633733,2011-12-27T19:49:07Z,-39.2,0.0,174.83,0.0,32.0,1.0,ML,,,,2.5,0.3,14
3633787,2011-12-27T22:22:07Z,-39.13,0.0,174.83,0.0,192.0,3.0,ML,,,,4.5,0.2,55
3633796,2011-12-27T22:45:53Z,-41.34,0.0,175.62,0.0,19.0,1.0,ML,,,,2.1,0.2,12
3633801,2011-12-27T22:59:25Z,-37.52,0.0,177.19,0.0,75.0,4.0,ML,,,,2.3,0.0,3
3633807,2011-12-27T23:16:51Z,-39.66,0.0,175.65,0.0,21.0,4.0,ML,,,,2.0,0.2,3
3633815,2011-12-27T23:41:29Z,-43.51,0.0,172.78,0.0,10.0,2.0,ML,,,,3.2,0.2,6
3633818,2011-12-27T23:50:57Z,-43.54,0.0,172.79,0.0,11.0,2.0,ML,,,,2.9,0.3,15
3718540,2011-12-28T00:10:15Z,-38.41,0.0,176.47,0.1,157.0,5.0,ML,,,,3.1,0.3,5
3633824,2011-12-28T00:10:24Z,-43.51,0.0,172.8,0.0,12.0,1.0,ML,,,,2.7,0.3,7
3633826,2011-12-28T00:13:36Z,-38.8,0.0,177.98,0.0,28.0,2.0,ML,,,,2.2,0.1,6
3633828,2011-12-28T00:19:45Z,-44.31,0.0,168.48,0.0,5.0,0.0,ML,,,,3.1,0.2,6
3633840,2011-12-28T00:55:42Z,-41.34,0.0,173.17,0.0,98.0,3.0,ML,,,,2.9,0.4,10
3633842,2011-12-28T01:00:50Z,-38.33,0.0,176.26,0.0,5.0,0.0,ML,,,,1.8,0.1,3
3718576,2011-12-28T01:01:02Z,-43.53,0.0,172.77,0.0,15.0,2.0,ML,,,,2.6,0.2,4
3718578,2011-12-28T01:01:16Z,-43.68,0.0,168.68,0.1,5.0,0.0,ML,,,,2.4,0.2,5
3633863,2011-12-28T01:59:05Z,-40.2,0.0,174.93,0.0,12.0,0.0,ML,,,,2.8,0.2,17
3633878,2011-12-28T02:39:53Z,-43.11,0.0,171.97,0.0,12.0,0.0,ML,,,,3.0,0.2,11
3633885,2011-12-28T02:52:26Z,-43.55,0.0,172.8,0.0,12.0,0.0,ML,,,,3.0,0.2,4
3633888,2011-12-28T02:58:17Z,-43.55,0.0,172.76,0.0,10.0,2.0,ML,,,,2.8,0.2,4
3633894,2011-12-28T03:12:13Z,-43.51,0.0,172.78,0.0,12.0,1.0,ML,,,,2.6,0.1,4
3633899,2011-12-28T03:26:30Z,-37.83,0.0,176.71,0.0,5.0,0.0,ML,,,,1.8,0.1,5
3633903,2011-12-28T03:36:52Z,-43.57,0.0,172.7,0.0,11.0,1.0,ML,,,,2.6,0.2,4
3633904,2011-12-28T03:41:38Z,-37.78,0.0,176.73,0.0,5.0,0.0,ML,,,,3.5,0.2,31
3633915,2011-12-28T04:12:58Z,-38.29,0.0,176.42,0.0,5.0,0.0,ML,,,,1.5,0.1,5
3633918,2011-12-28T04:21:02Z,-46.2,0.0,166.18,0.0,33.0,0.0,ML,,,,2.6,0.2,5
3633930,2011-12-28T04:54:45Z,-39.03,0.0,176.44,0.0,12.0,0.0,ML,,,,2.1,0.2,6
3633946,2011-12-28T05:43:02Z,-45.61,0.0,166.74,0.1,5.0,0.0,ML,,,,2.7,0.2,10
3633948,2011-12-28T05:48:52Z,-40.07,0.0,176.67,0.0,40.0,2.0,ML,,,,2.3,0.2,11
3633961,2011-12-28T06:21:25Z,-41.73,0.0,172.19,0.0,100.0,3.0,ML,,,,2.4,nan,1
3633963,2011-12-28T06:27:17Z,-44.1,0.0,169.4,0.0,5.0,0.0,ML,,,,2.6,0.3,10
3633975,2011-12-28T07:04:32Z,-40.28,0.0,174.35,0.0,70.0,7.0,ML,,,,2.2,0.2,4
3633980,2011-12-28T07:20:01Z,-39.23,0.0,175.17,0.0,29.0,1.0,ML,,,,2.2,0.2,12
3633990,2011-12-28T07:46:28Z,-39.8,0.0,176.75,0.0,46.0,2.0,ML,,,,2.3,0.2,8
3633997,2011-12-28T08:07:47Z,-38.41,0.0,178.51,0.0,27.0,4.0,ML,,,,2.5,0.1,5
3720501,2011-12-28T08:30:16Z,-37.61,0.0,179.94,0.0,33.0,0.0,ML,,,,2.9,0.1,3
3634005,2011-12-28T08:38:10Z,-39.23,0.0,175.18,0.0,29.0,1.0,ML,,,,2.3,0.1,4
3634014,2011-12-28T09:06:30Z,-37.03,0.0,176.65,0.0,201.0,4.0,ML,,,,4.0,0.2,29
3634017,2011-12-28T09:19:14Z,-43.57,0.0,172.82,0.0,6.0,1.0,ML,,,,3.1,0.1,4
3720513,2011-12-28T09:20:48Z,-40.46,0.0,175.75,0.0,27.0,2.0,ML,,,,2.0,0.2,9
3634021,2011-12-28T09:28:59Z,-41.35,0.0,175.71,0.0,14.0,1.0,ML,,,,1.9,0.1,9
3634023,2011-12-28T09:33:54Z,-43.07,0.0,171.44,0.0,5.0,0.0,ML,,,,2.3,0.3,8
3720517,2011-12-28T09:34:33Z,-41.36,0.0,175.7,0.0,16.0,2.0,ML,,,,1.7,0.2,5
3634024,2011-12-28T09:36:19Z,-41.04,0.0,175.92,0.0,27.0,1.0,ML,,,,2.4,0.1,8
3634025,2011-12-28T09:42:28Z,-43.39,0.0,171.02,0.0,5.0,0.0,ML,,,,2.4,0.1,7
3634034,2011-12-28T10:17:53Z,-43.55,0.0,172.75,0.0,12.0,0.0,ML,,,,2.4,0.2,6
3634036,2011-12-28T10:23:21Z,-37.07,0.1,176.66,0.1,240.0,5.0,ML,,,,3.1,0.2,5
3634037,2011-12-28T10:24:43Z,-35.53,0.1,178.93,0.0,214.0,9.0,ML,,,,3.3,0.2,5
3720558,2011-12-28T10:38:55Z,-43.56,0.0,172.73,0.0,12.0,1.0,ML,,,,2.8,0.3,9
3634042,2011-12-28T10:39:12Z,-39.2,0.0,174.02,0.0,8.0,1.0,ML,,,,3.1,0.2,18
3634049,2011-12-28T10:56:50Z,-41.74,0.0,174.22,0.0,12.0,1.0,ML,,,,2.1,0.4,11
3634065,2011-12-28T11:45:26Z,-39.38,0.0,177.24,0.0,27.0,3.0,ML,,,,2.0,0.0,4
3634069,2011-12-28T11:56:17Z,-40.74,0.0,176.12,0.0,12.0,0.0,ML,,,,1.8,0.3,7
3634073,2011-12-28T12:09:06Z,-43.52,0.0,172.76,0.0,15.0,2.0,ML,,,,2.8,0.2,11
3634081,2011-12-28T12:29:41Z,-45.38,0.0,166.78,0.0,12.0,0.0,ML,,,,2.6,0.3,9
3634089,2011-12-28T12:55:59Z,-37.72,0.0,176.84,0.0,5.0,0.0,ML,,,,2.2,0.1,6
3634093,2011-12-28T13:10:08Z,-45.01,0.0,167.04,0.0,12.0,0.0,ML,,,,3.3,0.2,7
3634100,2011-12-28T13:36:44Z,-39.98,0.0,176.59,0.0,38.0,1.0,ML,,,,2.2,0.2,13
3634107,2011-12-28T13:55:30Z,-40.68,0.0,174.58,0.0,48.0,3.0,ML,,,,3.0,0.1,17
3634108,2011-12-28T13:57:44Z,-39.23,0.0,177.42,0.0,31.0,1.0,ML,,,,2.4,0.1,4
3720615,2011-12-28T14:13:06Z,-45.02,0.0,167.51,0.0,71.0,2.0,ML,,,,2.5,0.3,8
3634112,2011-12-28T14:13:42Z,-39.58,0.0,176.72,0.0,29.0,0.0,ML,,,,2.5,0.1,13
3634116,2011-12-28T14:27:03Z,-43.64,0.0,172.83,0.0,5.0,0.0,ML,,,,2.7,0.3,3
3720621,2011-12-28T14:27:06Z,-38.67,0.0,175.61,0.2,182.0,9.0,ML,,,,3.0,0.2,4
3634120,2011-12-28T14:40:25Z,-35.87,0.1,178.93,0.1,197.0,12.0,ML,,,,3.0,0.1,6
3634125,2011-12-28T14:55:31Z,-41.22,0.0,172.63,0.0,128.0,3.0,ML,,,,2.4,0.2,2
3720630,2011-12-28T15:08:00Z,-45.98,0.0,166.01,0.0,12.0,0.0,ML,,,,2.6,0.2,4
3634130,2011-12-28T15:08:26Z,-38.8,0.0,177.82,0.0,27.0,2.0,ML,,,,1.9,0.1,7
3634132,2011-12-28T15:14:05Z,-45.11,0.0,167.41,0.0,86.0,3.0,ML,,,,2.9,0.3,10
3634135,2011-12-28T15:24:09Z,-43.63,0.0,172.47,0.0,5.0,0.0,ML,,,,3.1,0.2,6
3634153,2011-12-28T16:21:48Z,-39.08,0.0,177.86,0.0,49.0,2.0,ML,,,,2.1,0.0,3
3634160,2011-12-28T16:41:24Z,-43.16,0.0,170.88,0.0,5.0,0.0,ML,,,,3.3,0.1,10
3634165,2011-12-28T16:59:24Z,-43.52,0.0,172.79,0.0,11.0,1.0,ML,,,,2.6,0.2,6
3634166,2011-12-28T17:02:43Z,-37.33,0.0,177.96,0.0,93.0,3.0,ML,,,,2.8,0.2,6
3634168,2011-12-28T17:06:23Z,-40.85,0.0,172.89,0.0,5.0,0.0,ML,,,,2.0,0.2,5
3720642,2011-12-28T17:07:14Z,-40.69,0.0,174.92,0.0,37.0,2.0,ML,,,,2.1,0.2,4
3634169,2011-12-28T17:08:28Z,-43.51,0.0,172.82,0.0,12.0,0.0,ML,,,,2.7,0.3,6
3634178,2011-12-28T17:35:55Z,-41.36,0.0,172.83,0.0,105.0,3.0,ML,,,,2.6,nan,1
3634185,2011-12-28T17:50:08Z,-37.01,0.1,176.76,0.1,193.0,5.0,ML,,,,3.6,0.2,5
3634211,2011-12-28T19:11:10Z,-39.52,0.0,175.65,0.0,16.0,1.0,ML,,,,1.9,0.1,6
3634222,2011-12-28T19:40:54Z,-41.1,0.0,173.41,0.0,95.0,2.0,ML,,,,3.3,0.2,13
3720652,2011-12-28T19:40:56Z,-38.06,0.0,176.3,0.0,147.0,3.0,ML,,,,3.1,0.1,11
3634233,2011-12-28T20:01:21Z,-39.79,0.0,176.71,0.0,44.0,2.0,ML,,,,2.1,0.2,7
3634234,2011-12-28T20:07:53Z,-43.95,0.0,168.83,0.0,12.0,1.0,ML,,,,3.4,0.2,13
3634239,2011-12-28T20:22:50Z,-39.23,0.0,177.11,0.0,27.0,1.0,ML,,,,2.3,0.1,9
3634242,2011-12-28T20:27:18Z,-43.55,0.0,172.75,0.0,10.0,1.0,ML,,,,3.1,0.1,4
3634246,2011-12-28T20:37:19Z,-38.84,0.0,175.37,0.0,165.0,4.0,ML,,,,3.9,0.2,47
3634256,2011-12-28T20:56:19Z,-43.46,0.0,172.84,0.0,5.0,0.0,ML,,,,2.6,0.3,7
3634262,2011-12-28T21:19:24Z,-43.49,0.0,172.8,0.0,5.0,0.0,ML,,,,2.6,0.2,7
3720686,2011-12-28T21:19:52Z,-38.91,0.0,176.27,0.0,50.0,8.0,ML,,,,2.4,0.2,6
3634265,2011-12-28T21:27:13Z,-38.57,0.0,177.05,0.0,5.0,0.0,ML,,,,2.3,0.2,6
3634284,2011-12-28T22:05:22Z,-39.76,0.0,177.09,0.0,12.0,0.0,ML,,,,2.5,0.1,10
3634296,2011-12-28T22:38:18Z,-37.53,0.0,178.25,0.0,48.0,3.0,ML,,,,2.8,0.2,6
3634300,2011-12-28T22:54:15Z,-43.47,0.0,172.8,0.0,6.0,2.0,ML,,,,3.2,0.2,6
3634310,2011-12-28T23:29:06Z,-44.55,0.0,170.08,0.0,5.0,0.0,ML,,,,3.1,0.2,9
3634314,2011-12-28T23:40:47Z,-36.41,0.1,-179.02,0.0,33.0,0.0,ML,,,,3.5,0.1,7
3634325,2011-12-29T00:13:44Z,-43.53,0.0,172.79,0.0,12.0,0.0,ML,,,,2.1,0.1,4
3720505,2011-12-29T00:14:16Z,-45.12,0.0,167.38,0.0,23.0,1.0,ML,,,,2.4,0.1,3
3634329,2011-12-29T00:24:44Z,-39.56,0.0,176.74,0.0,33.0,0.0,ML,,,,2.0,0.1,6
3720508,2011-12-29T00:25:50Z,-45.51,0.0,170.5,0.0,5.0,0.0,ML,,,,2.4,0.1,3
3634340,2011-12-29T00:50:40Z,-44.19,0.0,168.5,0.0,5.0,0.0,ML,,,,2.4,0.3,7
3634352,2011-12-29T01:16:22Z,-39.67,0.0,175.08,0.0,76.0,2.0,ML,,,,2.6,0.2,9
3634356,2011-12-29T01:28:06Z,-41.9,0.0,171.71,0.0,12.0,2.0,ML,,,,2.8,0.1,4
3634359,2011-12-29T01:37:15Z,-37.42,0.0,176.39,0.0,168.0,2.0,ML,,,,3.4,0.1,7
3634369,2011-12-29T02:00:19Z,-38.63,0.0,175.34,0.0,235.0,5.0,ML,,,,3.9,0.2,38
3634374,2011-12-29T02:12:30Z,-43.52,0.0,172.84,0.0,12.0,1.0,ML,,,,2.6,0.2,5
3634375,2011-12-29T02:14:59Z,-37.44,0.0,-179.83,0.0,33.0,0.0,ML,,,,3.6,0.1,9
3634379,2011-12-29T02:30:34Z,-43.53,0.0,172.83,0.0,14.0,2.0,ML,,,,2.8,0.2,5
3634385,2011-12-29T02:50:42Z,-41.33,0.0,172.71,0.0,147.0,3.0,ML,,,,2.8,nan,1
3634424,2011-12-29T04:43:08Z,-42.94,0.0,171.62,0.0,5.0,0.0,ML,,,,2.9,0.2,10
3634434,2011-12-29T05:14:31Z,-43.7,0.0,172.91,0.0,5.0,0.0,ML,,,,2.6,0.2,7
3634435,2011-12-29T05:16:13Z,-40.18,0.0,174.83,0.0,5.0,0.0,ML,,,,2.2,0.2,7
3634436,2011-12-29T05:20:47Z,-43.5,0.0,172.8,0.0,9.0,1.0,ML,,,,3.6,0.2,17
3634448,2011-12-29T05:52:40Z,-43.51,0.0,172.81,0.0,12.0,0.0,ML,,,,2.9,0.4,4
3634452,2011-12-29T06:03:58Z,-46.01,0.0,166.0,0.0,12.0,0.0,ML,,,,4.0,0.2,13
3634460,2011-12-29T06:23:22Z,-40.77,0.0,176.8,0.0,33.0,0.0,ML,,,,2.5,0.2,10
3634462,2011-12-29T06:31:37Z,-43.5,0.0,172.84,0.0,12.0,0.0,ML,,,,3.2,0.2,6
3634467,2011-12-29T06:41:03Z,-43.49,0.0,172.82,0.0,10.0,1.0,ML,,,,3.3,0.4,8
3634477,2011-12-29T07:11:42Z,-38.82,0.0,177.91,0.0,33.0,0.0,ML,,,,2.3,0.2,6
3634482,2011-12-29T07:27:10Z,-41.43,0.0,174.73,0.0,33.0,0.0,ML,,,,3.1,0.2,24
3721154,2011-12-29T07:28:54Z,-43.51,0.0,172.82,0.0,12.0,0.0,ML,,,,2.6,0.1,3
3634484,2011-12-29T07:30:19Z,-43.58,0.0,170.6,0.0,5.0,0.0,ML,,,,2.6,0.3,6
3634486,2011-12-29T07:41:22Z,-41.5,0.0,173.69,0.0,48.0,1.0,ML,,,,2.6,0.2,6
3634487,2011-12-29T07:43:46Z,-41.08,0.0,175.09,0.0,28.0,1.0,ML,,,,2.0,0.1,10
3634500,2011-12-29T08:21:42Z,-43.51,0.0,172.74,0.0,9.0,2.0,ML,,,,2.4,0.1,5
3634517,2011-12-29T09:14:10Z,-39.63,0.0,178.13,0.0,33.0,0.0,ML,,,,2.6,0.1,5
3634521,2011-12-29T09:25:20Z,-43.53,0.0,172.8,0.0,11.0,1.0,ML,,,,2.7,0.1,5
3634527,2011-12-29T09:42:05Z,-39.75,0.0,176.92,0.0,47.0,2.0,ML,,,,2.7,0.1,10
3634529,2011-12-29T09:48:51Z,-43.53,0.0,172.79,0.0,12.0,1.0,Mw,4.0,nan,0,4.3,0.3,58
3634542,2011-12-29T10:27:37Z,-41.45,0.0,174.71,0.0,33.0,0.0,ML,,,,2.3,0.4,8
3634543,2011-12-29T10:30:47Z,-38.47,0.0,178.04,0.0,27.0,1.0,ML,,,,2.3,0.2,5
3634548,2011-12-29T10:45:29Z,-38.54,0.0,178.08,0.0,33.0,0.0,ML,,,,2.2,0.1,8
3634555,2011-12-29T11:07:34Z,-38.94,0.0,177.88,0.0,37.0,2.0,ML,,,,2.2,0.2,8
3634565,2011-12-29T11:38:54Z,-36.38,0.1,177.31,0.1,186.0,8.0,ML,,,,3.6,0.2,7
3634573,2011-12-29T12:08:14Z,-39.76,0.0,177.1,0.0,12.0,0.0,ML,,,,2.5,0.1,9
3634575,2011-12-29T12:13:04Z,-39.76,0.0,177.09,0.0,12.0,0.0,ML,,,,2.7,0.1,15
3634577,2011-12-29T12:18:56Z,-39.94,0.0,176.63,0.0,44.0,2.0,ML,,,,2.2,0.2,10
3634592,2011-12-29T13:05:59Z,-39.87,0.0,176.78,0.0,33.0,0.0,ML,,,,2.2,0.2,13
3634594,2011-12-29T13:11:05Z,-38.64,0.1,175.48,0.1,127.0,10.0,ML,,,,2.8,0.2,8
3721175,2011-12-29T13:12:12Z,-43.53,0.0,172.79,0.0,11.0,1.0,ML,,,,2.8,0.4,7
3634599,2011-12-29T13:27:57Z,-41.44,0.0,175.3,0.0,17.0,1.0,ML,,,,2.0,0.2,6
3634601,2011-12-29T13:35:56Z,-45.49,0.0,167.03,0.0,70.0,3.0,ML,,,,2.4,0.2,9
3634602,2011-12-29T13:38:09Z,-37.82,0.0,179.36,0.0,5.0,0.0,ML,,,,3.0,0.2,7
3634608,2011-12-29T13:56:27Z,-43.49,0.0,172.75,0.0,12.0,0.0,ML,,,,2.5,0.2,5
3634637,2011-12-29T15:24:57Z,-43.36,0.0,172.09,0.0,8.0,1.0,ML,,,,2.6,0.3,6
3634645,2011-12-29T15:45:17Z,-43.41,0.0,172.85,0.0,9.0,1.0,Mw,4.1,nan,0,4.3,0.3,60
3634662,2011-12-29T16:37:55Z,-38.68,0.0,175.9,0.0,105.0,3.0,ML,,,,3.0,0.2,5
3634666,2011-12-29T16:49:10Z,-37.25,0.1,-179.99,0.0,33.0,0.0,ML,,,,3.2,0.1,5
3634687,2011-12-29T18:01:24Z,-43.47,0.0,172.82,0.0,18.0,3.0,ML,,,,2.6,0.1,4
3721677,2011-12-29T18:03:31Z,-43.54,0.0,172.75,0.0,11.0,2.0,ML,,,,2.8,0.2,4
3634696,2011-12-29T18:28:43Z,-38.0,0.0,177.93,0.0,37.0,2.0,ML,,,,2.7,0.2,6
3634706,2011-12-29T19:00:33Z,-43.5,0.0,172.85,0.0,12.0,0.0,ML,,,,2.6,0.2,4
3634707,2011-12-29T19:04:01Z,-43.49,0.0,172.82,0.0,14.0,2.0,ML,,,,3.4,0.2,11
3634716,2011-12-29T19:31:08Z,-41.26,0.0,173.64,0.0,99.0,2.0,ML,,,,4.2,0.2,42
3634726,2011-12-29T20:06:34Z,-42.16,0.0,173.87,0.0,33.0,0.0,ML,,,,3.0,0.2,11
3634729,2011-12-29T20:13:38Z,-45.45,0.0,167.13,0.0,47.0,3.0,ML,,,,2.8,0.1,5
3721259,2011-12-29T20:14:50Z,-43.51,0.0,172.75,0.0,12.0,1.0,ML,,,,3.1,0.2,7
3634731,2011-12-29T20:17:49Z,-43.52,0.0,172.8,0.0,12.0,0.0,ML,,,,3.2,0.3,9
3634733,2011-12-29T20:24:02Z,-43.62,0.0,172.81,0.0,7.0,1.0,ML,,,,3.1,0.1,6
3634736,2011-12-29T20:27:10Z,-45.07,0.0,167.46,0.0,111.0,2.0,ML,,,,3.1,0.3,10
3634747,2011-12-29T21:00:23Z,-43.53,0.0,172.8,0.0,8.0,0.0,ML,,,,3.3,0.2,10
3634776,2011-12-29T22:23:23Z,-41.19,0.0,175.43,0.0,19.0,1.0,ML,,,,1.9,0.2,12
3634777,2011-12-29T22:26:31Z,-43.86,0.0,169.02,0.0,5.0,0.0,ML,,,,2.8,0.2,5
3634778,2011-12-29T22:29:11Z,-39.38,0.0,175.27,0.0,29.0,1.0,ML,,,,1.9,0.1,8
3634782,2011-12-29T22:39:39Z,-37.81,0.0,176.71,0.0,5.0,0.0,ML,,,,2.2,0.1,7
3634786,2011-12-29T22:52:44Z,-45.1,0.0,167.37,0.0,107.0,1.0,ML,,,,2.9,0.1,8
3634800,2011-12-29T23:34:44Z,-43.5,0.0,172.82,0.0,13.0,5.0,ML,,,,2.3,0.3,4
3634803,2011-12-29T23:40:21Z,-37.41,0.0,176.32,0.0,193.0,5.0,ML,,,,3.2,0.2,14
3634811,2011-12-30T00:05:35Z,-43.52,0.0,172.81,0.0,16.0,3.0,ML,,,,2.8,0.2,6
3634817,2011-12-30T00:24:05Z,-37.77,0.0,176.72,0.0,2.0,0.0,ML,,,,2.8,0.2,11
3634818,2011-12-30T00:27:00Z,-43.47,0.0,172.78,0.0,14.0,1.0,ML,,,,2.6,0.1,4
3634833,2011-12-30T01:17:33Z,-43.51,0.0,172.82,0.0,14.0,3.0,ML,,,,2.8,0.2,6
3634868,2011-12-30T02:54:44Z,-43.5,0.0,172.77,0.0,9.0,1.0,ML,,,,3.2,0.3,8
3634877,2011-12-30T03:10:03Z,-43.53,0.0,172.76,0.0,12.0,1.0,ML,,,,2.9,0.4,6
3634883,2011-12-30T03:31:12Z,-43.5,0.0,172.76,0.0,14.0,2.0,ML,,,,2.7,0.3,5
3634890,2011-12-30T03:47:44Z,-37.78,0.0,176.38,0.0,137.0,4.0,ML,,,,3.1,0.1,20
3634894,2011-12-30T04:01:33Z,-43.54,0.0,172.68,0.0,11.0,1.0,ML,,,,2.5,0.1,4
3634921,2011-12-30T05:38:42Z,-40.29,0.0,176.34,0.0,36.0,2.0,ML,,,,2.2,0.2,10
3634955,2011-12-30T07:13:56Z,-43.48,0.0,172.75,0.0,9.0,1.0,ML,,,,3.4,0.2,12
3634958,2011-12-30T07:24:51Z,-38.92,0.0,177.76,0.0,30.0,2.0,ML,,,,2.3,0.2,7
3634965,2011-12-30T07:39:52Z,-38.61,0.0,177.74,0.0,20.0,3.0,ML,,,,2.1,0.2,6
3634973,2011-12-30T07:54:38Z,-37.74,0.0,178.45,0.0,55.0,2.0,ML,,,,2.9,0.1,6
3634993,2011-12-30T08:39:23Z,-43.49,0.0,172.72,0.0,9.0,1.0,ML,,,,3.6,0.2,20
3635012,2011-12-30T09:35:43Z,-39.65,0.0,176.94,0.0,30.0,1.0,ML,,,,2.3,0.1,6
3635026,2011-12-30T10:21:18Z,-37.61,0.0,177.06,0.0,82.0,2.0,ML,,,,2.4,0.2,5
3635027,2011-12-30T10:28:49Z,-43.53,0.0,172.77,0.0,12.0,1.0,ML,,,,2.7,0.3,6
3635059,2011-12-30T12:03:55Z,-38.94,0.0,177.85,0.0,32.0,1.0,ML,,,,2.1,0.0,5
3635062,2011-12-30T12:12:13Z,-43.52,0.0,172.71,0.0,13.0,1.0,ML,,,,2.8,0.4,6
3635065,2011-12-30T12:22:52Z,-40.0,0.0,176.75,0.0,33.0,1.0,ML,,,,2.5,0.2,8
3635070,2011-12-30T12:39:38Z,-37.85,0.0,176.02,0.0,7.0,1.0,ML,,,,2.1,0.1,7
3721098,2011-12-30T13:30:24Z,-43.49,0.0,172.76,0.0,10.0,1.0,ML,,,,2.8,0.3,10
3635085,2011-12-30T13:31:49Z,-38.25,0.0,176.16,0.0,159.0,2.0,ML,,,,4.4,0.2,55
3635094,2011-12-30T14:02:48Z,-40.44,0.0,176.32,0.0,20.0,3.0,ML,,,,1.8,0.2,5
3635110,2011-12-30T15:01:33Z,-37.47,0.1,-179.97,0.0,33.0,0.0,ML,,,,3.9,0.2,15
3635112,2011-12-30T15:02:59Z,-38.53,0.0,175.76,0.0,167.0,3.0,ML,,,,3.2,0.2,13
3721113,2011-12-30T15:04:57Z,-43.52,0.0,172.78,0.0,6.0,2.0,ML,,,,3.1,0.2,7
3635116,2011-12-30T15:14:25Z,-40.32,0.0,176.4,0.0,28.0,1.0,ML,,,,2.4,0.1,11
3635139,2011-12-30T16:31:43Z,-43.52,0.0,171.91,0.0,5.0,0.0,ML,,,,2.6,0.2,6
3721126,2011-12-30T16:32:40Z,-39.09,0.0,177.78,0.0,33.0,0.0,ML,,,,1.7,0.1,4
3721133,2011-12-30T16:41:51Z,-39.08,0.0,177.76,0.0,27.0,4.0,ML,,,,1.7,0.1,4
3635143,2011-12-30T16:41:59Z,-40.65,0.0,176.56,0.0,22.0,1.0,ML,,,,2.9,0.1,20
3635153,2011-12-30T17:15:44Z,-39.54,0.0,177.16,0.0,28.0,2.0,ML,,,,2.1,0.1,7
3721151,2011-12-30T17:22:32Z,-44.45,0.0,167.64,0.1,5.0,0.0,ML,,,,2.3,0.3,7
3635154,2011-12-30T17:22:47Z,-38.65,0.0,175.76,0.0,128.0,3.0,ML,,,,3.1,0.2,10
3635171,2011-12-30T17:59:02Z,-38.97,0.0,175.05,0.0,205.0,3.0,ML,,,,3.3,0.2,12
3635175,2011-12-30T18:13:50Z,-39.78,0.0,176.87,0.0,42.0,2.0,ML,,,,2.5,0.1,8
3635180,2011-12-30T18:26:22Z,-39.55,0.0,177.16,0.0,30.0,1.0,ML,,,,2.5,0.1,8
3635182,2011-12-30T18:34:16Z,-41.35,0.0,175.03,0.0,26.0,1.0,ML,,,,2.2,0.1,8
3635189,2011-12-30T19:02:05Z,-39.6,0.0,175.53,0.0,62.0,2.0,ML,,,,2.9,0.1,12
3635191,2011-12-30T19:05:31Z,-43.5,0.0,172.81,0.0,14.0,2.0,ML,,,,2.9,0.2,5
3635210,2011-12-30T20:02:46Z,-45.28,0.0,166.8,0.0,27.0,3.0,ML,,,,3.2,0.1,9
3635212,2011-12-30T20:09:21Z,-42.24,0.0,177.82,0.1,33.0,0.0,ML,,,,3.3,0.4,13
3635219,2011-12-30T20:39:27Z,-39.75,0.0,177.04,0.0,22.0,3.0,ML,,,,2.3,0.1,8
3721169,2011-12-30T21:38:18Z,-45.2,0.0,167.1,0.0,12.0,0.0,ML,,,,2.3,0.2,4
3721181,2011-12-30T21:41:43Z,-39.07,0.0,176.23,0.0,67.0,3.0,ML,,,,2.8,0.1,2
3721192,2011-12-30T21:46:41Z,-37.76,0.1,179.27,0.0,33.0,0.0,ML,,,,3.1,0.1,4
3635244,2011-12-30T21:48:35Z,-37.76,0.0,178.04,0.0,36.0,2.0,ML,,,,3.2,0.2,12
3635247,2011-12-30T22:01:09Z,-43.66,0.0,172.84,0.0,6.0,1.0,ML,,,,3.3,0.1,11
3635283,2011-12-30T23:38:32Z,-43.54,0.0,172.8,0.0,7.0,1.0,ML,,,,3.3,0.2,9
3635290,2011-12-30T23:54:29Z,-43.52,0.0,172.85,0.0,12.0,0.0,ML,,,,2.6,0.2,4
3635299,2011-12-31T00:15:35Z,-43.56,0.0,172.82,0.0,12.0,0.0,ML,,,,2.7,0.2,4
3635301,2011-12-31T00:18:46Z,-41.85,0.0,171.72,0.0,10.0,1.0,ML,,,,2.5,0.3,3
3635309,2011-12-31T00:44:47Z,-43.52,0.0,172.77,0.0,9.0,1.0,Mw,4.5,nan,0,4.9,0.2,83
3635314,2011-12-31T00:58:44Z,-43.54,0.0,172.8,0.0,12.0,0.0,ML,,,,3.1,0.1,5
3635322,2011-12-31T01:20:54Z,-39.97,0.0,176.68,0.0,45.0,4.0,ML,,,,2.2,0.1,6
3635332,2011-12-31T01:54:30Z,-39.4,0.0,177.04,0.0,23.0,2.0,ML,,,,2.5,0.1,10
3635364,2011-12-31T03:50:35Z,-43.52,0.0,172.83,0.0,13.0,2.0,ML,,,,2.7,0.3,6
3635382,2011-12-31T04:42:54Z,-43.48,0.0,172.79,0.0,5.0,0.0,ML,,,,3.1,0.3,9
3635391,2011-12-31T05:14:25Z,-39.65,0.0,176.51,0.0,26.0,4.0,ML,,,,1.8,0.3,7
3635416,2011-12-31T06:22:42Z,-44.0,0.0,169.67,0.0,5.0,0.0,ML,,,,3.5,0.2,15
3635418,2011-12-31T06:28:33Z,-40.01,0.0,176.44,0.0,31.0,2.0,ML,,,,1.9,0.1,6
3635422,2011-12-31T06:43:08Z,-45.28,0.0,167.26,0.0,110.0,2.0,ML,,,,3.0,0.2,6
3635448,2011-12-31T08:00:15Z,-40.65,0.0,173.9,0.0,73.0,3.0,ML,,,,2.9,0.1,6
3635458,2011-12-31T08:29:58Z,-42.87,0.0,172.41,0.0,31.0,1.0,ML,,,,2.8,0.3,7
3635469,2011-12-31T09:00:59Z,-38.3,0.0,176.38,0.0,5.0,0.0,ML,,,,1.9,0.2,9
3635480,2011-12-31T09:31:15Z,-43.53,0.0,172.81,0.0,9.0,1.0,ML,,,,3.4,0.2,12
3635481,2011-12-31T09:36:45Z,-45.33,0.0,167.17,0.0,95.0,1.0,ML,,,,2.9,0.2,8
3635489,2011-12-31T10:01:21Z,-43.52,0.0,172.82,0.0,16.0,1.0,ML,,,,3.2,0.2,9
3635509,2011-12-31T11:01:00Z,-39.2,0.0,174.01,0.0,10.0,0.0,ML,,,,2.2,0.2,8
3635527,2011-12-31T11:57:52Z,-39.62,0.0,174.84,0.0,26.0,1.0,ML,,,,2.8,0.2,24
3635532,2011-12-31T12:08:10Z,-43.48,0.0,172.77,0.0,5.0,0.0,ML,,,,3.3,0.2,11
3635538,2011-12-31T12:27:23Z,-38.67,0.0,175.14,0.1,203.0,6.0,ML,,,,3.2,0.3,16
3635540,2011-12-31T12:39:46Z,-36.86,0.1,176.4,0.2,253.0,8.0,ML,,,,3.6,0.2,12
3635543,2011-12-31T12:50:39Z,-43.64,0.0,172.81,0.0,5.0,0.0,ML,,,,2.8,0.3,7
3721265,2011-12-31T12:52:15Z,-38.91,0.0,177.94,0.1,53.0,5.0,ML,,,,2.3,0.2,9
3635560,2011-12-31T13:38:57Z,-37.9,0.1,176.44,0.1,118.0,9.0,ML,,,,2.8,0.4,9
3635564,2011-12-31T13:49:48Z,-43.54,0.0,172.76,0.0,12.0,2.0,ML,,,,2.5,0.2,3
3635576,2011-12-31T14:30:16Z,-43.64,0.0,172.78,0.0,7.0,1.0,ML,,,,2.6,0.2,3
3635614,2011-12-31T16:31:00Z,-37.72,0.0,176.58,0.0,137.0,4.0,ML,,,,3.0,0.3,16
3635635,2011-12-31T17:33:25Z,-40.76,0.0,174.31,0.0,51.0,4.0,ML,,,,2.3,0.2,7
3635643,2011-12-31T17:56:02Z,-37.59,0.0,179.93,0.0,33.0,0.0,ML,,,,4.1,0.2,44
3635659,2011-12-31T18:45:00Z,-37.83,0.0,177.19,0.0,59.0,2.0,ML,,,,3.0,0.2,9
3635661,2011-12-31T18:48:55Z,-39.65,0.0,176.88,0.0,29.0,1.0,ML,,,,2.8,0.1,20
3635674,2011-12-31T19:32:06Z,-45.09,0.0,167.19,0.0,25.0,3.0,ML,,,,2.5,0.2,6
3635676,2011-12-31T19:36:57Z,-39.18,0.0,174.05,0.0,12.0,0.0,ML,,,,1.7,0.1,3
3635679,2011-12-31T19:47:01Z,-42.28,0.0,173.9,0.0,24.0,1.0,ML,,,,2.6,0.3,11
3635695,2011-12-31T20:30:23Z,-41.24,0.0,172.37,0.0,5.0,0.0,ML,,,,2.2,0.4,5
3635698,2011-12-31T20:38:22Z,-39.28,0.0,173.85,0.0,13.0,1.0,ML,,,,2.6,0.4,13
3635701,2011-12-31T20:44:08Z,-39.82,0.1,173.87,0.0,128.0,8.0,ML,,,,3.0,0.2,7
3635707,2011-12-31T20:59:32Z,-43.56,0.0,172.74,0.0,11.0,1.0,ML,,,,2.8,0.3,6
3635737,2011-12-31T22:19:49Z,-43.48,0.0,172.83,0.0,15.0,3.0,ML,,,,2.9,0.2,4
3635740,2011-12-31T22:25:11Z,-39.43,0.0,177.59,0.0,33.0,0.0,ML,,,,2.3,0.2,12
3635741,2011-12-31T22:26:56Z,-41.85,0.0,172.01,0.0,5.0,0.0,ML,,,,2.2,0.4,3
3635743,2011-12-31T22:30:17Z,-37.07,0.1,176.39,0.2,215.0,17.0,ML,,,,3.3,0.2,11
3635744,2011-12-31T22:34:19Z,-42.76,0.0,172.42,0.0,5.0,0.0,ML,,,,2.9,0.3,9
