PublicID,UTCTime,Latitude,LatitudeUncertainty,Longitude,LongitudeUncertainty,Depth,DepthUncertainty,PreferredMag,mB,mB_Uncertainty,mB_StationCount,ML,ML_Uncertainty,ML_StationCount,M,M_Uncertainty,M_StationCount,Mw(mB),Mw(mB)_Uncertainty,Mw(mB)_StationCount,MLv,MLv_Uncertainty,MLv_StationCount
2022p000024,2022-01-01T00:13:13Z,-38.49,3.4,177.97,4.4,24.0,6.0,M,,,,1.6,0.2,12,1.4,nan,6,,,,1.4,0.2,6
2022p000031,2022-01-01T00:16:42Z,-37.78,21.3,179.66,19.1,12.0,0.0,M,,,,2.2,0.1,8,2.3,nan,5,,,,2.3,0.2,5
2022p000199,2022-01-01T01:46:21Z,-38.34,3.6,178.01,6.6,29.0,9.0,MLv,,,,1.3,0.2,7,1.2,nan,4,,,,1.2,0.3,4
2022p000275,2022-01-01T02:26:54Z,-37.87,3.4,178.44,5.6,9.0,5.0,M,,,,2.2,0.2,12,2.4,nan,9,,,,2.4,0.2,9
2022p000309,2022-01-01T02:44:43Z,-38.5,2.7,178.03,4.0,25.0,5.0,MLv,,,,1.9,0.2,13,1.8,nan,7,,,,1.8,0.3,7
2022p000354,2022-01-01T03:08:51Z,-41.45,4.6,173.32,4.0,47.0,8.0,MLv,,,,1.7,0.2,10,,,,,,,1.8,0.2,3
2022p000375,2022-01-01T03:19:59Z,-44.79,4.1,167.5,5.5,5.0,0.0,M,,,,2.3,0.1,6,2.4,nan,4,,,,2.4,0.3,4
2022p000409,2022-01-01T03:36:12Z,-30.71,28.4,-178.9,72.0,300.0,0.0,,,,,,,,,,,,,,,,
2022p000458,2022-01-01T04:04:30Z,-39.55,7.5,174.55,6.5,130.0,11.0,MLv,,,,1.9,0.2,7,2.4,nan,3,,,,2.4,0.3,3
2022p000535,2022-01-01T04:45:34Z,-39.86,3.0,176.76,3.8,31.0,7.0,MLv,,,,2.2,0.2,12,2.0,nan,19,,,,2.0,0.1,19
2022p000568,2022-01-01T05:02:41Z,-39.48,9.5,175.71,7.1,16.0,10.0,MLv,,,,0.9,0.3,11,1.0,nan,4,,,,1.0,0.3,4
2022p000571,2022-01-01T05:04:52Z,-40.68,5.7,175.39,3.2,21.0,6.0,MLv,,,,1.1,0.3,7,,,,,,,0.8,0.3,4
2022p000721,2022-01-01T06:24:09Z,-38.15,7.0,178.72,10.0,32.0,10.0,MLv,,,,1.8,0.2,8,2.0,nan,4,,,,2.0,0.2,4
2022p000784,2022-01-01T06:58:09Z,-39.28,2.6,175.55,4.3,4.0,3.0,MLv,,,,2.0,0.3,15,2.2,nan,30,,,,2.2,0.2,30
2022p000808,2022-01-01T07:10:48Z,-45.07,4.6,167.48,5.1,100.0,7.0,MLv,,,,,,,3.4,nan,11,,,,3.4,0.3,11
2022p000809,2022-01-01T07:11:11Z,-39.29,2.3,175.55,3.9,4.0,3.0,M,,,,0.7,0.2,13,0.8,nan,8,,,,0.8,0.2,8
2022p000876,2022-01-01T07:47:10Z,-39.03,6.9,175.34,7.4,138.0,16.0,M,,,,,,,2.2,nan,3,,,,2.2,0.6,3
2022p000896,2022-01-01T07:56:45Z,-33.18,8.0,-179.86,18.1,100.0,0.0,MLv,4.8,0.1,11,4.4,0.2,6,4.2,nan,19,4.1,0.4,11,4.3,0.2,19
2022p000936,2022-01-01T08:19:18Z,-38.41,4.6,176.39,3.9,77.0,9.0,MLv,,,,2.0,0.4,25,,,,,,,2.1,0.4,25
2022p000964,2022-01-01T08:33:59Z,-40.72,4.7,175.1,3.6,25.0,5.0,MLv,,,,1.4,0.3,10,,,,,,,1.2,0.3,6
2022p001010,2022-01-01T08:58:28Z,-39.59,3.6,175.86,3.1,5.0,0.0,MLv,,,,1.2,0.4,13,0.6,nan,4,,,,0.6,0.4,4
2022p001017,2022-01-01T09:02:11Z,-38.8,2.4,175.43,8.3,5.0,0.0,MLv,,,,1.5,0.2,11,1.3,nan,4,,,,1.3,0.2,4
2022p001063,2022-01-01T09:26:23Z,-39.77,3.3,177.06,5.9,20.0,5.0,M,,,,2.2,0.3,9,2.0,nan,15,,,,2.0,0.2,15
2022p001079,2022-01-01T09:35:23Z,-39.28,2.7,175.54,5.0,4.0,3.0,MLv,,,,0.5,0.3,11,0.6,nan,6,,,,0.6,0.2,6
2022p001120,2022-01-01T09:56:39Z,-38.24,7.2,175.93,6.1,156.0,9.0,M,,,,1.7,0.2,6,2.6,nan,25,,,,2.6,0.4,25
2022p001122,2022-01-01T09:57:48Z,-43.55,3.2,171.89,3.8,5.0,0.0,M,,,,1.6,0.4,6,1.5,nan,3,,,,1.5,0.3,3
2022p001139,2022-01-01T10:07:19Z,-39.48,3.4,177.12,4.2,27.0,5.0,M,,,,1.9,0.2,13,2.0,nan,13,,,,2.0,0.2,13
2022p001186,2022-01-01T10:31:59Z,-40.64,4.4,175.84,3.2,22.0,8.0,M,,,,1.0,0.2,8,1.1,nan,3,,,,1.1,0.3,3
2022p001192,2022-01-01T10:35:12Z,-45.23,8.1,167.44,6.5,61.0,13.0,MLv,,,,2.1,0.2,6,2.0,nan,3,,,,2.0,0.4,3
2022p001229,2022-01-01T10:54:55Z,-40.54,5.5,176.7,8.0,12.0,0.0,M,,,,1.5,0.1,7,1.4,nan,5,,,,1.4,0.3,5
2022p001233,2022-01-01T10:57:06Z,-40.55,4.9,176.7,7.4,12.0,0.0,M,,,,1.5,0.2,9,1.5,nan,5,,,,1.5,0.3,5
2022p001348,2022-01-01T11:58:21Z,-38.26,2.9,178.05,3.6,22.0,6.0,MLv,,,,2.4,0.2,9,,,,,,,2.3,0.2,16
2022p001419,2022-01-01T12:36:29Z,-37.58,10.4,176.91,7.3,96.0,13.0,M,,,,1.7,0.1,9,1.7,nan,4,,,,1.7,0.1,4
2022p001446,2022-01-01T12:50:34Z,-34.86,12.0,-179.55,18.1,100.0,0.0,MLv,,,,4.1,0.2,16,,,,,,,4.3,0.1,32
2022p001515,2022-01-01T13:27:52Z,-39.17,4.5,175.63,3.1,5.0,4.0,MLv,,,,0.7,0.2,7,0.8,nan,5,,,,0.8,0.2,5
2022p001524,2022-01-01T13:15:25Z,36.59,0.0,71.18,0.0,231.0,0.0,,,,,,,,,,,,,,,,
2022p001569,2022-01-01T13:56:16Z,-38.08,3.6,176.7,2.9,3.0,5.0,MLv,,,,,,,,,,,,,2.0,0.2,18
2022p001573,2022-01-01T13:58:08Z,-40.25,2.7,175.95,4.0,21.0,5.0,M,,,,1.7,0.5,13,1.2,nan,3,,,,1.2,0.6,3
2022p001574,2022-01-01T13:58:48Z,-40.47,2.6,176.05,3.4,20.0,5.0,M,,,,2.0,0.3,13,2.0,nan,18,,,,2.0,0.2,18
2022p001588,2022-01-01T14:06:25Z,-39.22,8.9,175.87,13.1,100.0,11.0,MLv,,,,0.6,0.2,7,,,,,,,1.3,0.6,7
2022p001676,2022-01-01T14:53:19Z,-37.58,12.7,176.51,7.8,174.0,12.0,MLv,,,,1.8,0.2,7,2.4,nan,8,,,,2.4,0.5,8
2022p001684,2022-01-01T14:57:27Z,-41.22,12.2,172.47,11.6,184.0,11.0,M,,,,,,,2.3,nan,5,,,,2.3,0.3,5
2022p001767,2022-01-01T15:41:38Z,-39.29,3.1,175.56,4.5,4.0,4.0,M,,,,0.6,0.3,9,0.8,nan,4,,,,0.8,0.2,4
2022p001789,2022-01-01T15:53:30Z,-37.66,11.8,176.36,19.0,126.0,16.0,M,,,,1.7,0.1,7,1.8,nan,2,,,,1.8,0.3,2
2022p001820,2022-01-01T16:09:46Z,-39.11,4.6,177.52,2.9,25.0,5.0,M,,,,1.9,0.3,12,2.0,nan,8,,,,2.0,0.2,8
2022p001825,2022-01-01T16:12:37Z,-39.91,4.1,176.7,3.7,31.0,8.0,M,,,,1.6,0.2,12,1.5,nan,9,,,,1.5,0.1,9
2022p001840,2022-01-01T16:21:16Z,-39.28,4.5,175.55,5.4,4.0,6.0,MLv,,,,,,,,,,,,,0.9,0.3,7
2022p001842,2022-01-01T16:21:57Z,-40.3,8.0,174.41,6.9,60.0,23.0,M,,,,1.8,0.4,6,1.7,nan,1,,,,1.7,nan,1
2022p001877,2022-01-01T16:40:08Z,-44.1,6.1,168.7,5.9,5.0,0.0,M,,,,2.5,0.1,7,2.7,nan,2,,,,2.7,0.3,2
2022p001960,2022-01-01T17:24:43Z,-39.14,5.4,174.98,3.4,21.0,8.0,M,,,,1.6,0.2,10,1.6,nan,7,,,,1.6,0.2,7
2022p001970,2022-01-01T17:30:01Z,-38.92,7.7,175.24,6.1,104.0,14.0,M,,,,1.9,0.7,3,1.7,nan,6,,,,1.7,0.6,6
2022p001978,2022-01-01T17:34:23Z,-39.27,3.1,175.57,4.3,4.0,4.0,M,,,,0.6,0.1,11,0.8,nan,4,,,,0.8,0.3,4
2022p002057,2022-01-01T18:16:01Z,-38.39,6.0,175.98,6.1,138.0,8.0,M,,,,,,,2.3,nan,18,,,,2.3,0.3,18
2022p002073,2022-01-01T18:25:03Z,-40.24,3.3,176.22,6.4,39.0,7.0,M,,,,1.1,0.2,7,1.1,nan,5,,,,1.1,0.4,5
2022p002124,2022-01-01T18:51:36Z,-36.76,11.3,177.51,11.1,150.0,16.0,M,,,,2.1,0.2,8,2.3,nan,3,,,,2.3,0.2,3
2022p002127,2022-01-01T18:53:37Z,-38.18,4.2,178.14,3.8,17.0,7.0,M,,,,1.5,0.2,8,1.5,nan,6,,,,1.5,0.2,6
2022p002134,2022-01-01T18:57:27Z,-41.71,2.3,174.13,2.7,13.0,4.0,M,,,,1.6,0.3,10,1.5,nan,6,,,,1.5,0.3,6
2022p002150,2022-01-01T19:05:54Z,-40.49,3.9,176.6,4.9,16.0,5.0,M,,,,3.2,0.1,12,3.0,nan,26,,,,3.0,0.2,26
2022p002159,2022-01-01T19:10:33Z,-39.27,2.3,175.57,2.9,4.0,3.0,M,,,,1.2,0.1,13,1.3,nan,12,,,,1.3,0.1,12
2022p002182,2022-01-01T19:22:44Z,-40.92,4.1,174.94,3.8,47.0,7.0,M,,,,1.5,0.2,13,1.5,nan,8,,,,1.5,0.2,8
2022p002189,2022-01-01T19:26:50Z,-38.97,10.5,175.85,6.3,92.0,8.0,M,,,,1.0,0.2,8,1.8,nan,13,,,,1.8,0.3,13
2022p002228,2022-01-01T19:47:16Z,-41.09,6.1,173.44,4.9,85.0,8.0,M,,,,,,,1.8,nan,4,,,,1.8,0.2,4
2022p002287,2022-01-01T20:18:51Z,-39.36,6.0,175.73,5.5,56.0,10.0,M,,,,0.7,0.3,7,1.0,nan,6,,,,1.0,0.5,6
2022p002373,2022-01-01T21:04:27Z,-36.4,20.6,179.93,27.1,79.0,53.0,M,,,,2.9,0.2,17,3.1,nan,6,,,,3.1,0.2,6
2022p002464,2022-01-01T21:54:01Z,-40.45,3.3,175.94,4.2,37.0,6.0,M,,,,1.5,0.2,12,1.6,nan,9,,,,1.6,0.3,9
2022p002498,2022-01-01T22:10:58Z,-42.05,3.2,173.72,3.1,23.0,3.0,M,,,,1.8,0.3,9,1.9,nan,5,,,,1.9,0.3,5
2022p002516,2022-01-01T22:21:13Z,-39.26,4.9,175.61,6.7,3.0,4.0,MLv,,,,,,,,,,,,,1.0,0.3,4
2022p002526,2022-01-01T22:26:20Z,-39.29,5.0,175.56,3.6,5.0,6.0,M,,,,0.7,0.2,8,0.9,nan,5,,,,0.9,0.3,5
2022p002689,2022-01-01T23:53:13Z,-39.59,3.4,176.7,3.0,22.0,6.0,M,,,,1.3,0.3,10,1.4,nan,7,,,,1.4,0.2,7
2022p002695,2022-01-01T23:55:49Z,-37.7,14.1,179.9,7.2,12.0,0.0,M,,,,2.4,0.2,11,2.5,nan,3,,,,2.5,0.3,3
2022p002766,2022-01-02T00:35:27Z,-39.05,15.3,175.89,4.8,104.0,9.0,M,,,,,,,1.5,nan,7,,,,1.5,0.4,7
2022p002769,2022-01-02T00:35:32Z,-40.59,3.0,175.84,3.3,22.0,6.0,M,,,,1.1,0.3,8,1.3,nan,7,,,,1.3,0.3,7
2022p002806,2022-01-02T00:55:08Z,-39.55,6.5,174.51,6.5,123.0,9.0,M,,,,2.0,0.2,7,2.1,nan,16,,,,2.1,0.2,16
2022p002812,2022-01-02T00:58:38Z,-38.53,6.5,176.14,6.8,94.0,10.0,M,,,,,,,2.0,nan,7,,,,2.0,0.5,7
2022p002844,2022-01-02T01:15:46Z,-39.26,2.8,175.57,4.3,5.0,4.0,M,,,,0.7,0.2,7,0.8,nan,6,,,,0.8,0.4,6
2022p002921,2022-01-02T01:56:25Z,-39.95,3.5,176.77,3.7,17.0,5.0,MLv,,,,1.5,0.2,10,1.6,nan,7,,,,1.6,0.1,7
2022p002922,2022-01-02T01:57:10Z,-40.51,3.7,176.65,6.7,14.0,7.0,M,,,,1.8,0.1,9,1.8,nan,6,,,,1.8,0.3,6
2022p002924,2022-01-02T01:58:21Z,-45.37,6.8,167.16,7.0,87.0,8.0,MLv,,,,4.1,0.2,6,4.2,nan,32,,,,4.2,0.2,32
2022p002981,2022-01-02T02:28:18Z,-39.27,6.0,175.51,7.3,5.0,0.0,M,,,,0.5,0.3,7,0.7,nan,4,,,,0.7,0.5,4
2022p002991,2022-01-02T02:32:49Z,-32.91,30.5,179.28,49.3,384.0,42.0,M,4.1,0.2,6,,,,3.6,nan,6,3.2,0.4,6,3.9,0.2,6
2022p003036,2022-01-02T02:57:44Z,-39.73,3.1,176.97,3.6,26.0,4.0,MLv,,,,2.5,0.2,15,2.4,nan,30,,,,2.4,0.2,30
2022p003044,2022-01-02T03:02:03Z,-39.73,5.0,176.96,4.7,24.0,8.0,M,,,,1.5,0.2,7,1.4,nan,4,,,,1.4,0.1,4
2022p003055,2022-01-02T03:07:49Z,-38.11,14.9,176.68,17.9,129.0,17.0,MLv,,,,1.6,0.3,6,2.1,nan,7,,,,2.1,0.5,7
2022p003073,2022-01-02T03:17:49Z,-39.72,3.3,176.95,4.6,24.0,7.0,M,,,,2.1,0.2,8,2.1,nan,8,,,,2.1,0.3,8
2022p003091,2022-01-02T03:27:23Z,-40.35,2.4,176.31,3.1,22.0,5.0,MLv,,,,2.0,0.2,15,2.0,nan,19,,,,2.0,0.3,19
2022p003100,2022-01-02T03:31:42Z,-39.26,3.6,175.56,6.4,4.0,5.0,M,,,,0.4,0.2,10,0.5,nan,6,,,,0.5,0.3,6
2022p003147,2022-01-02T03:57:10Z,-39.25,5.3,175.08,4.4,18.0,9.0,M,,,,2.3,0.2,12,2.4,nan,25,,,,2.4,0.2,25
2022p003195,2022-01-02T04:22:01Z,-35.69,25.2,178.99,30.0,208.0,27.0,MLv,,,,3.1,0.3,11,2.9,nan,5,,,,2.9,0.2,5
2022p003234,2022-01-02T04:43:29Z,-39.48,6.1,175.74,5.2,13.0,11.0,M,,,,0.9,0.3,8,1.0,nan,6,,,,1.0,0.3,6
2022p003289,2022-01-02T05:12:43Z,-39.72,3.7,176.98,5.0,26.0,5.0,M,,,,1.6,0.2,10,1.6,nan,5,,,,1.6,0.2,5
2022p003380,2022-01-02T06:01:04Z,-39.05,6.0,178.48,7.6,33.0,0.0,M,,,,2.5,0.2,17,2.6,nan,13,,,,2.6,0.2,13
2022p003404,2022-01-02T06:13:43Z,-40.28,2.8,175.64,3.8,22.0,6.0,MLv,,,,1.4,0.3,12,1.4,nan,6,,,,1.4,0.3,6
2022p003424,2022-01-02T06:24:28Z,-40.58,3.7,173.57,3.8,114.0,7.0,M,,,,,,,4.1,nan,66,,,,4.1,0.2,66
2022p003485,2022-01-02T06:57:09Z,-39.47,4.8,177.28,4.8,18.0,6.0,M,,,,2.2,0.2,13,2.2,nan,17,,,,2.2,0.2,17
2022p003553,2022-01-02T07:33:06Z,-37.6,15.1,-179.98,9.1,12.0,0.0,MLv,,,,2.8,0.1,10,2.8,nan,8,,,,2.8,0.1,8
2022p003569,2022-01-02T07:41:44Z,-39.26,3.8,175.56,4.2,5.0,5.0,M,,,,0.3,0.2,9,0.4,nan,3,,,,0.4,0.3,3
2022p003574,2022-01-02T07:44:33Z,-39.26,3.7,175.57,4.6,5.0,5.0,M,,,,0.4,0.2,12,0.5,nan,6,,,,0.5,0.2,6
2022p003578,2022-01-02T07:46:45Z,-41.31,6.8,173.29,5.2,81.0,9.0,MLv,,,,1.9,0.2,8,1.9,nan,7,,,,1.9,0.2,7
2022p003767,2022-01-02T09:27:25Z,-39.93,3.0,175.07,4.0,28.0,5.0,M,,,,1.7,0.2,14,1.9,nan,12,,,,1.9,0.2,12
2022p003800,2022-01-02T09:45:08Z,-38.73,3.8,177.81,5.2,21.0,5.0,MLv,,,,1.6,0.3,13,,,,,,,1.6,0.3,7
2022p003835,2022-01-02T10:03:29Z,-40.51,3.4,176.58,5.8,15.0,8.0,MLv,,,,2.3,0.1,8,,,,,,,2.4,0.2,7
2022p003896,2022-01-02T10:36:08Z,-39.26,3.2,175.57,3.1,4.0,3.0,M,,,,0.8,0.2,14,1.0,nan,13,,,,1.0,0.2,13
2022p003922,2022-01-02T10:49:58Z,-39.27,4.2,175.55,7.3,4.0,4.0,M,,,,0.4,0.2,9,0.4,nan,5,,,,0.4,0.4,5
2022p003970,2022-01-02T11:15:30Z,-41.02,2.6,175.41,3.3,20.0,6.0,MLv,,,,0.9,0.2,8,1.0,nan,3,,,,1.0,0.3,3
2022p003978,2022-01-02T11:19:39Z,-38.79,2.4,175.53,5.1,5.0,0.0,M,,,,1.1,0.2,8,0.9,nan,5,,,,0.9,0.0,5
2022p004016,2022-01-02T11:40:16Z,-39.26,2.1,175.57,2.2,3.0,3.0,M,,,,2.4,0.2,28,2.5,nan,49,,,,2.5,0.2,49
2022p004021,2022-01-02T11:42:24Z,-39.26,2.4,175.57,3.6,4.0,3.0,M,,,,0.5,0.1,12,0.7,nan,7,,,,0.7,0.1,7
2022p004036,2022-01-02T11:50:49Z,-41.55,3.5,174.31,2.6,17.0,5.0,M,,,,1.7,0.2,13,2.3,nan,13,,,,2.3,0.7,13
2022p004050,2022-01-02T11:58:08Z,-39.26,2.6,175.57,3.2,4.0,3.0,M,,,,0.5,0.3,9,0.5,nan,3,,,,0.5,0.4,3
2022p004057,2022-01-02T12:01:50Z,-39.26,2.5,175.57,3.2,4.0,3.0,M,,,,0.5,0.2,13,0.7,nan,7,,,,0.7,0.2,7
2022p004069,2022-01-02T12:08:16Z,-39.26,2.9,175.57,3.4,5.0,3.0,M,,,,0.3,0.2,12,0.3,nan,5,,,,0.3,0.4,5
2022p004136,2022-01-02T12:44:05Z,-39.27,2.9,175.57,3.5,4.0,3.0,MLv,,,,0.6,0.2,12,0.9,nan,7,,,,0.9,0.3,7
2022p004434,2022-01-02T15:21:57Z,-37.16,16.1,176.74,15.6,218.0,15.0,M,,,,,,,2.2,nan,7,,,,2.2,0.4,7
2022p004433,2022-01-02T15:22:25Z,-40.62,2.4,175.68,2.4,7.0,5.0,M,,,,1.0,0.3,9,1.0,nan,5,,,,1.0,0.1,5
2022p004474,2022-01-02T15:43:59Z,-39.11,3.0,174.11,3.0,16.0,5.0,M,,,,1.7,0.2,8,1.6,nan,7,,,,1.6,0.2,7
2022p004482,2022-01-02T15:48:08Z,-40.63,3.0,176.07,2.7,22.0,5.0,M,,,,1.6,0.2,13,1.6,nan,6,,,,1.6,0.1,6
2022p004574,2022-01-02T16:37:14Z,-40.09,3.5,176.52,3.7,39.0,6.0,M,,,,2.5,0.3,13,2.6,nan,45,,,,2.6,0.2,45
2022p004589,2022-01-02T16:45:17Z,-38.26,5.3,176.1,4.9,154.0,7.0,M,,,,,,,2.6,nan,48,,,,2.6,0.4,48
2022p004618,2022-01-02T17:00:35Z,-40.61,6.5,176.79,7.0,26.0,6.0,MLv,,,,2.5,0.2,12,,,,,,,2.6,0.2,11
2022p004674,2022-01-02T17:30:29Z,-39.26,3.8,175.2,5.3,5.0,0.0,M,,,,1.0,0.2,13,1.0,nan,6,,,,1.0,0.2,6
2022p004702,2022-01-02T17:45:13Z,-39.38,10.1,174.44,9.0,130.0,11.0,M,,,,1.8,0.3,11,2.4,nan,24,,,,2.4,0.3,24
2022p004735,2022-01-02T18:03:12Z,-41.05,2.2,175.49,3.4,12.0,7.0,M,,,,1.3,0.2,12,1.3,nan,7,,,,1.3,0.2,7
2022p004769,2022-01-02T18:21:37Z,-38.17,7.9,176.24,6.4,148.0,9.0,M,,,,2.2,0.5,6,3.2,nan,84,,,,3.2,0.5,84
2022p004865,2022-01-02T19:12:24Z,-37.63,7.9,179.74,7.5,33.0,0.0,M,,,,3.6,0.2,16,3.9,nan,56,,,,3.9,0.2,56
2022p004873,2022-01-02T19:16:24Z,-40.13,1.8,174.96,2.6,12.0,0.0,M,,,,2.2,0.2,33,2.4,nan,28,,,,2.4,0.2,28
2022p004966,2022-01-02T20:06:20Z,-39.32,5.9,175.1,3.6,19.0,7.0,M,,,,1.3,0.3,12,1.1,nan,6,,,,1.1,0.3,6
2022p005069,2022-01-02T21:01:01Z,-39.05,4.7,176.23,3.7,42.0,10.0,M,,,,2.2,0.1,13,2.3,nan,30,,,,2.3,0.2,30
2022p005111,2022-01-02T21:23:08Z,-41.74,6.1,172.19,6.4,80.0,11.0,M,,,,1.9,0.3,7,2.2,nan,4,,,,2.2,0.7,4
2022p005209,2022-01-02T22:15:31Z,-40.14,6.3,174.52,9.1,46.0,15.0,M,,,,1.8,0.1,8,1.7,nan,3,,,,1.7,0.2,3
2022p005275,2022-01-02T22:50:56Z,-40.89,3.0,176.05,3.2,22.0,4.0,M,,,,2.1,0.1,16,2.1,nan,12,,,,2.1,0.2,12
2022p005294,2022-01-02T23:01:03Z,-38.64,3.9,178.48,7.4,20.0,6.0,M,,,,2.4,0.3,16,2.5,nan,10,,,,2.5,0.2,10
2022p005321,2022-01-02T23:15:23Z,-41.2,6.5,172.63,6.9,112.0,7.0,M,,,,,,,2.3,nan,6,,,,2.3,0.4,6
2022p005329,2022-01-02T23:19:38Z,-39.54,4.1,175.65,3.6,13.0,6.0,M,,,,1.7,0.3,16,1.9,nan,19,,,,1.9,0.2,19
2022p005511,2022-01-03T00:56:33Z,-39.63,3.1,176.88,3.2,25.0,6.0,M,,,,1.8,0.3,12,1.8,nan,13,,,,1.8,0.2,13
2022p005516,2022-01-03T00:59:07Z,-39.62,3.2,176.89,3.5,25.0,5.0,M,,,,1.6,0.3,13,1.7,nan,11,,,,1.7,0.2,11
2022p005631,2022-01-03T02:00:23Z,-41.09,9.3,172.73,7.0,162.0,8.0,MLv,,,,,,,2.1,nan,3,,,,2.1,0.2,3
2022p005669,2022-01-03T02:20:39Z,-42.19,2.7,173.56,3.5,9.0,5.0,M,,,,2.1,0.1,6,2.2,nan,4,,,,2.2,0.2,4
2022p005676,2022-01-03T02:24:14Z,-39.95,3.6,174.86,4.6,49.0,9.0,M,,,,1.9,0.2,14,2.0,nan,7,,,,2.0,0.4,7
2022p005753,2022-01-03T03:05:18Z,-40.48,8.7,173.09,6.1,152.0,7.0,M,,,,,,,2.1,nan,4,,,,2.1,0.2,4
2022p005786,2022-01-03T03:22:52Z,-37.51,22.9,176.97,25.2,98.0,18.0,MLv,,,,,,,,,,,,,2.0,0.4,2
2022p005807,2022-01-03T03:34:03Z,-40.1,3.9,175.62,7.0,24.0,10.0,MLv,,,,1.4,0.4,12,1.3,nan,6,,,,1.3,0.3,6
2022p005894,2022-01-03T04:20:34Z,-38.69,12.1,175.68,12.3,102.0,14.0,M,,,,1.3,0.2,6,1.8,nan,12,,,,1.8,0.3,12
2022p005904,2022-01-03T04:26:00Z,-38.26,7.5,175.99,7.6,156.0,11.0,M,,,,2.0,0.1,7,2.8,nan,34,,,,2.8,0.4,34
2022p005937,2022-01-03T04:43:25Z,-40.37,5.4,174.02,6.1,76.0,11.0,MLv,,,,2.1,0.3,9,2.2,nan,4,,,,2.2,0.4,4
2022p006057,2022-01-03T05:47:32Z,-39.04,4.2,177.46,3.7,23.0,7.0,M,,,,1.7,0.2,9,1.8,nan,3,,,,1.8,0.1,3
2022p006114,2022-01-03T06:17:37Z,-45.19,5.7,166.83,7.7,5.0,0.0,M,,,,2.5,0.2,8,2.5,nan,4,,,,2.5,0.1,4
2022p006258,2022-01-03T07:34:31Z,-39.22,3.3,177.32,4.6,22.0,5.0,M,,,,1.8,0.2,13,1.8,nan,6,,,,1.8,0.1,6
2022p006279,2022-01-03T07:46:15Z,-39.59,4.1,175.57,4.0,5.0,0.0,M,,,,1.1,0.3,9,0.9,nan,3,,,,0.9,0.4,3
2022p006300,2022-01-03T07:56:44Z,-39.23,5.3,177.43,4.6,25.0,7.0,M,,,,2.1,0.3,9,2.1,nan,8,,,,2.1,0.3,8
2022p006424,2022-01-03T09:03:05Z,-39.9,3.9,176.57,4.6,45.0,10.0,M,,,,1.2,0.3,9,1.0,nan,4,,,,1.0,0.3,4
2022p006444,2022-01-03T09:13:48Z,-38.92,2.8,177.61,3.4,24.0,5.0,M,,,,1.6,0.3,12,1.7,nan,3,,,,1.7,0.1,3
2022p006490,2022-01-03T09:37:52Z,-37.14,10.6,177.16,13.0,104.0,15.0,MLv,,,,,,,,,,,,,2.6,0.3,2
2022p006567,2022-01-03T10:19:09Z,-40.93,2.7,175.67,2.7,20.0,5.0,M,,,,1.1,0.2,8,0.9,nan,5,,,,0.9,0.3,5
2022p006631,2022-01-03T10:53:13Z,-37.14,9.6,178.4,9.4,48.0,12.0,M,,,,2.1,0.2,8,2.0,nan,3,,,,2.0,0.2,3
2022p006684,2022-01-03T11:21:37Z,-36.58,10.2,179.67,10.8,99.0,34.0,M,,,,3.2,0.2,15,3.1,nan,11,,,,3.1,0.1,11
2022p006750,2022-01-03T11:56:49Z,-39.67,3.3,176.88,4.3,36.0,6.0,M,,,,1.3,0.3,8,1.2,nan,5,,,,1.2,0.4,5
2022p006863,2022-01-03T12:56:48Z,-40.21,2.5,174.87,4.7,12.0,0.0,MLv,,,,1.5,0.2,11,1.5,nan,4,,,,1.5,0.1,4
2022p006871,2022-01-03T13:01:04Z,-40.21,2.4,174.93,3.0,12.0,5.0,M,,,,1.7,0.3,11,1.6,nan,5,,,,1.6,0.2,5
2022p006909,2022-01-03T13:21:17Z,-39.68,3.3,175.01,7.5,82.0,8.0,M,,,,1.4,0.3,7,1.4,nan,4,,,,1.4,0.2,4
2022p006943,2022-01-03T13:39:14Z,-40.12,2.9,176.59,3.1,16.0,4.0,M,,,,1.1,0.2,11,1.2,nan,3,,,,1.2,0.4,3
2022p007012,2022-01-03T14:16:28Z,-38.37,4.5,175.96,6.1,154.0,8.0,M,,,,1.7,0.3,8,2.1,nan,13,,,,2.1,0.4,13
2022p007042,2022-01-03T14:32:21Z,-37.64,8.7,179.75,7.8,12.0,0.0,MLv,,,,2.8,0.2,14,2.8,nan,6,,,,2.8,0.1,6
2022p007108,2022-01-03T15:07:10Z,-38.36,3.0,177.17,2.6,30.0,4.0,M,,,,2.9,0.3,25,2.8,nan,36,,,,2.8,0.2,36
2022p007173,2022-01-03T15:41:59Z,-45.11,4.0,167.58,4.3,32.0,6.0,MLv,,,,2.2,0.2,11,1.8,nan,3,,,,1.8,0.1,3
2022p007200,2022-01-03T15:56:02Z,-36.83,10.0,177.52,13.7,151.0,12.0,M,,,,2.3,0.2,11,2.2,nan,1,,,,2.2,nan,1
2022p007274,2022-01-03T16:35:52Z,-40.62,3.1,175.85,2.7,22.0,5.0,M,,,,1.0,0.3,9,0.7,nan,4,,,,0.7,0.2,4
2022p007282,2022-01-03T16:39:55Z,-41.74,5.3,174.24,5.4,15.0,8.0,MLv,,,,1.6,0.2,10,1.6,nan,5,,,,1.6,0.4,5
2022p007287,2022-01-03T16:42:56Z,-39.93,2.7,176.76,3.5,31.0,5.0,M,,,,1.5,0.3,12,1.5,nan,6,,,,1.5,0.1,6
2022p007329,2022-01-03T17:05:10Z,-41.71,3.4,174.23,3.1,5.0,4.0,M,,,,1.6,0.2,12,1.5,nan,6,,,,1.5,0.4,6
2022p007380,2022-01-03T17:32:25Z,-38.97,2.4,175.78,3.5,3.0,3.0,MLv,,,,0.9,0.2,9,,,,,,,0.9,0.2,7
2022p007399,2022-01-03T17:42:24Z,-38.99,5.7,175.8,5.3,3.0,4.0,MLv,,,,0.8,0.2,7,0.6,nan,5,,,,0.6,0.2,5
2022p007412,2022-01-03T17:49:36Z,-38.98,2.1,175.8,2.1,3.0,2.0,MLv,,,,1.4,0.2,16,1.4,nan,17,,,,1.4,0.2,17
2022p007432,2022-01-03T18:00:36Z,-38.98,4.5,175.78,3.9,4.0,3.0,MLv,,,,0.8,0.2,9,,,,,,,0.8,0.2,6
2022p007454,2022-01-03T18:12:01Z,-38.99,6.2,175.8,5.7,5.0,4.0,MLv,,,,0.7,0.2,7,,,,,,,0.6,0.3,5
2022p007468,2022-01-03T18:19:26Z,-38.97,5.4,175.77,4.5,4.0,4.0,MLv,,,,1.2,0.2,8,,,,,,,1.2,0.1,9
2022p007474,2022-01-03T18:22:46Z,-38.97,2.9,175.78,2.4,5.0,0.0,MLv,,,,1.3,0.2,15,,,,,,,1.2,0.2,13
2022p007476,2022-01-03T18:23:32Z,-38.97,3.2,175.78,3.2,4.0,3.0,MLv,,,,1.2,0.2,13,,,,,,,1.2,0.2,7
2022p007485,2022-01-03T18:28:15Z,-38.98,2.9,175.78,4.5,12.0,8.0,MLv,,,,0.9,0.2,7,,,,,,,1.0,0.2,8
2022p007486,2022-01-03T18:29:16Z,-38.98,3.8,175.77,7.1,8.0,8.0,MLv,,,,1.2,0.2,6,,,,,,,0.7,0.3,6
2022p007487,2022-01-03T18:29:33Z,-38.96,5.4,175.77,4.1,5.0,0.0,MLv,,,,1.2,0.2,10,,,,,,,1.2,0.2,10
2022p007500,2022-01-03T18:36:43Z,-39.1,5.9,175.68,4.5,17.0,11.0,ML,,,,0.1,0.1,2,,,,,,,,,
2022p007520,2022-01-03T18:46:59Z,-38.98,3.0,175.78,3.5,4.0,3.0,MLv,,,,0.9,0.2,8,,,,,,,0.9,0.2,6
2022p007556,2022-01-03T19:06:13Z,-38.98,2.2,175.78,3.2,4.0,2.0,MLv,,,,1.2,0.2,12,,,,,,,1.2,0.2,10
2022p007567,2022-01-03T19:12:05Z,-41.66,3.2,174.3,2.6,13.0,4.0,MLv,,,,1.7,0.2,12,,,,,,,1.7,0.2,10
2022p007621,2022-01-03T19:40:43Z,-40.68,3.4,176.46,4.4,5.0,0.0,MLv,,,,1.8,0.1,10,1.8,nan,9,,,,1.8,0.2,9
2022p007681,2022-01-03T20:12:31Z,-38.13,7.3,176.3,7.7,131.0,11.0,MLv,,,,1.9,0.1,8,,,,,,,2.1,0.2,7
2022p007685,2022-01-03T20:15:02Z,-45.11,4.5,167.5,5.2,52.0,9.0,MLv,,,,2.5,0.2,9,,,,,,,2.6,0.3,6
2022p007695,2022-01-03T20:20:17Z,-38.98,3.2,175.78,4.0,4.0,3.0,MLv,,,,0.8,0.1,10,1.0,nan,6,,,,1.0,0.1,6
2022p007706,2022-01-03T20:26:58Z,-38.98,5.6,175.33,5.8,132.0,7.0,MLv,,,,1.1,0.4,13,1.7,nan,16,,,,1.7,0.6,16
2022p007739,2022-01-03T20:43:51Z,-39.23,5.3,175.79,7.3,82.0,8.0,MLv,,,,0.6,0.2,7,0.5,nan,5,,,,0.5,0.2,5
2022p007751,2022-01-03T20:50:20Z,-38.98,2.7,175.79,3.2,4.0,3.0,MLv,,,,0.9,0.2,7,,,,,,,0.7,0.2,7
2022p007807,2022-01-03T21:19:39Z,-38.6,3.4,177.46,3.6,35.0,8.0,MLv,,,,1.5,0.3,8,1.1,nan,3,,,,1.1,0.5,3
2022p007865,2022-01-03T21:50:42Z,-37.88,10.6,176.16,11.1,170.0,13.0,MLv,,,,2.1,0.1,7,,,,,,,2.0,0.2,6
2022p007876,2022-01-03T21:56:43Z,-39.27,2.3,175.57,2.5,4.0,2.0,MLv,,,,0.5,0.2,13,0.4,nan,7,,,,0.4,0.1,7
2022p007894,2022-01-03T22:06:01Z,-37.62,11.3,179.79,7.9,33.0,0.0,MLv,,,,2.8,0.2,12,2.8,nan,5,,,,2.8,0.2,5
2022p007908,2022-01-03T22:13:29Z,-39.22,3.8,175.37,6.3,12.0,12.0,MLv,,,,0.4,0.2,6,,,,,,,0.4,0.1,7
2022p007998,2022-01-03T23:01:43Z,-37.59,9.5,179.87,6.8,33.0,0.0,MLv,,,,3.0,0.2,13,3.1,nan,8,,,,3.1,0.1,8
2022p008222,2022-01-04T01:00:43Z,-42.0,2.5,173.63,2.3,7.0,5.0,MLv,,,,2.4,0.2,6,2.4,nan,8,,,,2.4,0.1,8
2022p008231,2022-01-04T01:05:35Z,-39.21,3.4,175.4,4.3,12.0,9.0,MLv,,,,,,,,,,,,,0.5,0.1,6
2022p008281,2022-01-04T01:32:35Z,-37.48,11.1,179.89,8.8,12.0,0.0,M,,,,3.1,0.3,11,3.0,nan,6,,,,3.0,0.1,6
2022p008437,2022-01-04T02:55:18Z,-38.5,3.1,177.99,3.1,24.0,5.0,M,,,,2.0,0.2,12,1.7,nan,7,,,,1.7,0.3,7
2022p008442,2022-01-04T02:57:59Z,-39.88,3.1,176.87,5.8,17.0,6.0,M,,,,1.3,0.2,6,1.5,nan,3,,,,1.5,0.2,3
2022p008472,2022-01-04T03:14:05Z,-39.39,3.2,176.85,3.2,25.0,5.0,M,,,,1.5,0.3,13,1.7,nan,5,,,,1.7,0.3,5
2022p008626,2022-01-04T04:35:56Z,-39.77,5.5,174.0,6.3,101.0,10.0,M,,,,,,,2.3,nan,3,,,,2.3,0.3,3
2022p008654,2022-01-04T04:50:53Z,-39.78,3.0,176.67,3.9,35.0,7.0,M,,,,1.6,0.2,10,1.6,nan,7,,,,1.6,0.2,7
2022p008662,2022-01-04T04:55:32Z,-39.95,3.5,176.68,2.8,13.0,6.0,M,,,,1.4,0.3,10,1.3,nan,5,,,,1.3,0.1,5
2022p008669,2022-01-04T04:59:24Z,-43.12,2.5,171.98,2.6,5.0,0.0,M,,,,1.6,0.2,8,1.4,nan,2,,,,1.4,0.1,2
2022p008677,2022-01-04T05:03:07Z,-39.48,5.2,175.71,3.7,21.0,6.0,M,,,,1.4,0.2,19,1.5,nan,11,,,,1.5,0.3,11
2022p008685,2022-01-04T05:07:51Z,-38.38,4.8,177.99,6.9,51.0,10.0,M,,,,1.6,0.3,9,1.3,nan,1,,,,1.3,nan,1
2022p008697,2022-01-04T05:14:02Z,-42.33,4.3,174.03,5.3,5.0,0.0,M,,,,2.0,0.2,13,1.9,nan,4,,,,1.9,0.2,4
2022p008732,2022-01-04T05:33:20Z,-38.15,6.9,177.04,6.6,70.0,9.0,M,,,,1.7,0.2,12,1.6,nan,1,,,,1.6,nan,1
2022p008821,2022-01-04T06:20:03Z,-41.14,4.6,171.88,5.3,5.0,0.0,M,,,,2.4,0.2,11,2.5,nan,6,,,,2.5,0.2,6
2022p008908,2022-01-04T07:06:13Z,-38.57,2.7,177.72,3.4,26.0,5.0,M,,,,1.9,0.2,12,1.8,nan,7,,,,1.8,0.2,7
2022p008951,2022-01-04T07:29:29Z,-39.49,4.4,175.44,4.0,22.0,6.0,M,,,,2.0,0.3,16,2.2,nan,25,,,,2.2,0.2,25
2022p009015,2022-01-04T08:03:43Z,-45.2,6.8,167.37,8.2,68.0,10.0,M,,,,2.1,0.2,6,2.3,nan,2,,,,2.3,0.3,2
2022p009040,2022-01-04T08:16:37Z,-39.27,2.8,175.55,5.5,6.0,7.0,M,,,,0.4,0.3,8,0.4,nan,2,,,,0.4,0.3,2
2022p009128,2022-01-04T09:03:10Z,-36.07,19.6,178.34,21.1,174.0,23.0,M,,,,2.7,0.1,7,3.4,nan,2,,,,3.4,1.0,2
2022p009130,2022-01-04T09:04:33Z,-40.7,3.9,176.47,6.2,5.0,0.0,M,,,,1.7,0.1,12,1.7,nan,6,,,,1.7,0.1,6
2022p009131,2022-01-04T09:04:56Z,-45.24,3.3,167.42,3.9,5.0,0.0,M,,,,2.1,0.2,9,2.1,nan,4,,,,2.1,0.6,4
2022p009151,2022-01-04T09:15:39Z,-40.45,2.6,175.85,3.6,24.0,5.0,M,,,,3.2,0.2,13,3.2,nan,48,,,,3.2,0.2,48
2022p009163,2022-01-04T09:22:25Z,-40.44,2.4,175.85,2.6,23.0,5.0,MLv,,,,2.9,0.2,13,,,,,,,2.9,0.2,51
2022p009182,2022-01-04T09:32:21Z,-40.42,3.2,175.83,3.8,22.0,7.0,M,,,,1.1,0.3,9,1.1,nan,3,,,,1.1,0.6,3
2022p009217,2022-01-04T09:51:14Z,-41.24,4.4,174.54,2.2,10.0,6.0,MLv,,,,1.3,0.2,9,1.3,nan,2,,,,1.3,0.5,2
2022p009218,2022-01-04T09:51:32Z,-40.43,2.8,175.84,3.5,22.0,6.0,M,,,,1.8,0.2,11,1.8,nan,12,,,,1.8,0.3,12
2022p009268,2022-01-04T10:18:28Z,-41.7,3.2,174.21,3.4,5.0,0.0,M,,,,1.6,0.2,9,1.2,nan,1,,,,1.2,nan,1
2022p009285,2022-01-04T10:27:16Z,-40.45,2.3,175.85,2.3,23.0,4.0,MLv,,,,2.5,0.2,14,2.5,nan,31,,,,2.5,0.2,31
2022p009316,2022-01-04T10:43:46Z,-40.45,3.6,175.85,3.5,23.0,6.0,M,,,,1.7,0.2,13,1.8,nan,9,,,,1.8,0.3,9
2022p009368,2022-01-04T11:11:21Z,-39.23,4.3,175.35,5.3,14.0,9.0,M,,,,0.9,0.2,16,1.0,nan,6,,,,1.0,0.1,6
2022p009373,2022-01-04T11:14:26Z,-39.25,4.6,175.41,6.0,16.0,11.0,MLv,,,,0.6,0.2,12,0.7,nan,8,,,,0.7,0.2,8
2022p009376,2022-01-04T11:15:32Z,-41.54,4.2,175.18,4.4,12.0,7.0,M,,,,1.9,0.3,11,1.8,nan,9,,,,1.8,0.2,9
2022p009388,2022-01-04T11:22:27Z,-39.27,7.9,175.17,6.5,5.0,0.0,M,,,,1.2,0.3,10,1.0,nan,2,,,,1.0,0.1,2
2022p009400,2022-01-04T11:28:50Z,-37.6,11.5,177.18,3.6,5.0,0.0,MLv,,,,1.9,0.1,9,2.1,nan,6,,,,2.1,0.2,6
2022p009410,2022-01-04T11:33:53Z,-40.31,3.3,176.53,3.4,12.0,7.0,M,,,,1.3,0.3,8,1.3,nan,2,,,,1.3,0.4,2
2022p009435,2022-01-04T11:47:29Z,-35.43,16.1,178.82,16.7,204.0,23.0,M,,,,,,,3.9,nan,31,,,,3.9,0.2,31
2022p009487,2022-01-04T12:15:15Z,-40.42,3.9,175.87,5.2,41.0,11.0,MLv,,,,1.2,0.4,7,1.2,nan,7,,,,1.2,0.3,7
2022p009526,2022-01-04T12:35:50Z,-39.72,3.2,176.96,4.9,26.0,6.0,M,,,,1.7,0.2,11,1.6,nan,5,,,,1.6,0.2,5
2022p009538,2022-01-04T12:42:05Z,-37.56,8.1,177.18,4.2,5.0,0.0,MLv,,,,1.9,0.1,9,2.1,nan,6,,,,2.1,0.2,6
2022p009541,2022-01-04T12:42:56Z,-33.7,26.8,179.63,41.8,275.0,54.0,MLv,,,,,,,,,,,,,3.6,0.2,3
2022p009543,2022-01-04T12:45:11Z,-39.49,3.9,175.66,2.8,15.0,5.0,MLv,,,,1.6,0.3,24,1.6,nan,19,,,,1.6,0.2,19
2022p009569,2022-01-04T12:58:46Z,-40.34,3.0,176.53,4.6,15.0,7.0,M,,,,1.5,0.2,10,1.6,nan,7,,,,1.6,0.2,7
2022p009576,2022-01-04T13:02:28Z,-41.73,6.3,172.31,6.5,69.0,10.0,MLv,,,,1.6,0.4,6,1.5,nan,2,,,,1.5,0.2,2
2022p009579,2022-01-04T13:03:51Z,-40.59,2.9,175.86,3.5,24.0,6.0,M,,,,0.9,0.3,8,0.9,nan,5,,,,0.9,0.2,5
2022p009583,2022-01-04T13:06:19Z,-39.12,5.3,175.27,4.7,5.0,0.0,MLv,,,,1.0,0.3,13,0.8,nan,6,,,,0.8,0.1,6
2022p009620,2022-01-04T13:26:03Z,-41.62,2.2,174.25,2.5,5.0,0.0,M,,,,2.2,0.2,9,2.3,nan,7,,,,2.3,0.2,7
2022p009637,2022-01-04T13:34:34Z,-37.35,5.0,177.26,4.9,137.0,8.0,M,,,,3.4,0.3,17,3.4,nan,78,,,,3.4,0.3,78
2022p009679,2022-01-04T13:57:24Z,-45.18,6.2,167.39,10.4,59.0,11.0,MLv,,,,2.1,0.3,7,1.5,nan,2,,,,1.5,0.3,2
2022p009693,2022-01-04T14:04:35Z,-45.12,5.9,167.41,6.2,33.0,8.0,M,,,,2.4,0.2,10,2.4,nan,3,,,,2.4,0.2,3
2022p009715,2022-01-04T14:16:50Z,-39.07,5.5,176.11,3.6,48.0,9.0,M,,,,1.1,0.2,9,1.2,nan,3,,,,1.2,0.1,3
2022p009767,2022-01-04T14:44:05Z,-36.87,8.6,177.89,8.3,119.0,14.0,MLv,,,,2.5,0.3,17,2.9,nan,25,,,,2.9,0.3,25
2022p009801,2022-01-04T15:02:17Z,-40.95,3.3,175.96,4.0,19.0,6.0,M,,,,1.2,0.2,8,0.8,nan,3,,,,0.8,0.1,3
2022p009812,2022-01-04T15:08:31Z,-40.54,3.1,175.82,3.3,42.0,6.0,M,,,,2.4,0.3,17,2.4,nan,26,,,,2.4,0.2,26
2022p009828,2022-01-04T15:16:38Z,-38.0,12.7,175.91,10.9,180.0,14.0,MLv,,,,2.0,0.2,7,2.3,nan,16,,,,2.3,0.3,16
2022p009887,2022-01-04T15:48:02Z,-40.38,2.9,175.72,2.5,28.0,3.0,M,,,,2.8,0.2,21,2.8,nan,45,,,,2.8,0.2,45
2022p009897,2022-01-04T15:53:34Z,-37.26,7.8,178.84,9.4,12.0,0.0,M,,,,2.7,0.2,13,2.7,nan,8,,,,2.7,0.1,8
2022p009917,2022-01-04T16:04:06Z,-40.23,2.1,175.43,2.4,9.0,4.0,MLv,,,,1.7,0.2,17,,,,,,,1.9,0.2,18
2022p009928,2022-01-04T16:09:56Z,-38.59,5.1,176.64,6.6,51.0,10.0,M,,,,1.5,0.2,8,1.4,nan,7,,,,1.4,0.3,7
2022p010003,2022-01-04T16:49:56Z,-39.61,2.8,176.91,3.6,24.0,5.0,M,,,,1.9,0.2,10,1.9,nan,13,,,,1.9,0.2,13
2022p010051,2022-01-04T17:15:28Z,-38.77,6.6,175.88,5.7,92.0,8.0,MLv,,,,1.2,0.2,12,1.5,nan,6,,,,1.5,0.2,6
2022p010137,2022-01-04T18:01:17Z,-42.3,2.7,174.03,3.4,5.0,0.0,MLv,,,,2.2,0.2,11,2.3,nan,9,,,,2.3,0.2,9
2022p010188,2022-01-04T18:28:34Z,-41.54,3.7,175.18,2.6,12.0,4.0,MLv,,,,1.9,0.3,13,1.8,nan,10,,,,1.8,0.3,10
2022p010209,2022-01-04T18:39:46Z,-40.08,2.4,176.17,3.0,18.0,4.0,MLv,,,,2.1,0.3,12,1.6,nan,6,,,,1.6,0.2,6
2022p010252,2022-01-04T19:02:35Z,-39.29,3.7,175.37,5.1,23.0,8.0,MLv,,,,0.6,0.2,9,,,,,,,0.7,0.1,7
2022p010334,2022-01-04T19:46:01Z,-40.51,5.0,175.76,4.6,42.0,7.0,MLv,,,,1.7,0.2,13,1.7,nan,11,,,,1.7,0.2,11
2022p010362,2022-01-04T20:01:15Z,-40.98,2.5,175.04,2.3,22.0,4.0,MLv,,,,2.8,0.2,16,2.8,nan,30,,,,2.8,0.2,30
2022p010375,2022-01-04T20:08:19Z,-41.24,6.7,172.69,7.3,119.0,7.0,MLv,,,,,,,,,,,,,2.2,0.3,6
2022p010378,2022-01-04T20:09:38Z,-37.61,12.0,179.97,7.7,33.0,0.0,MLv,,,,2.9,0.2,12,,,,,,,2.9,0.2,8
2022p010379,2022-01-04T20:10:03Z,-41.25,2.5,175.12,2.0,19.0,4.0,MLv,,,,1.4,0.3,11,,,,,,,1.3,0.2,7
2022p010382,2022-01-04T20:11:59Z,-38.55,15.0,176.19,9.1,91.0,12.0,MLv,,,,1.7,0.4,8,,,,,,,1.8,0.2,5
2022p010422,2022-01-04T20:33:17Z,-38.88,3.0,175.39,5.2,5.0,0.0,MLv,,,,1.3,0.2,12,,,,,,,1.1,0.1,6
2022p010431,2022-01-04T20:38:37Z,-39.49,8.3,175.69,7.2,16.0,10.0,MLv,,,,0.9,0.3,11,0.7,nan,6,,,,0.7,0.3,6
2022p010441,2022-01-04T20:43:12Z,-39.93,8.3,174.01,6.0,124.0,13.0,MLv,,,,2.1,0.2,9,,,,,,,2.2,0.2,7
2022p010469,2022-01-04T20:58:17Z,-39.22,3.0,175.39,3.9,14.0,6.0,MLv,,,,1.2,0.3,12,,,,,,,1.2,0.1,12
2022p010504,2022-01-04T21:16:50Z,-40.97,2.3,175.58,3.2,23.0,5.0,MLv,,,,1.5,0.2,13,,,,,,,1.4,0.2,7
2022p010624,2022-01-04T22:20:35Z,-40.34,3.0,176.57,3.6,20.0,5.0,MLv,,,,1.7,0.2,11,,,,,,,1.6,0.3,6
2022p010758,2022-01-04T23:32:10Z,-38.48,6.3,175.92,5.0,131.0,8.0,MLv,,,,1.7,0.3,8,,,,,,,2.1,0.3,15
2022p010769,2022-01-04T23:38:23Z,-39.12,3.0,175.66,2.8,5.0,3.0,MLv,,,,0.2,0.2,6,0.2,nan,5,,,,0.2,0.3,5
2022p010894,2022-01-05T00:44:28Z,-38.91,4.9,175.39,4.4,7.0,6.0,MLv,,,,1.6,0.2,8,1.7,nan,11,,,,1.7,0.1,11
2022p010895,2022-01-05T00:44:49Z,-39.4,4.8,-179.63,4.8,33.0,0.0,M,,,,2.8,0.3,9,2.9,nan,6,,,,2.9,0.1,6
2022p011031,2022-01-05T01:57:41Z,-39.27,3.1,175.54,7.4,5.0,4.0,M,,,,0.4,0.2,9,0.3,nan,4,,,,0.3,0.1,4
2022p011206,2022-01-05T03:30:51Z,-40.26,2.8,176.18,4.5,32.0,6.0,M,,,,1.6,0.2,13,1.5,nan,9,,,,1.5,0.2,9
2022p011209,2022-01-05T03:32:29Z,-38.4,2.8,177.88,3.3,18.0,3.0,M,,,,2.4,0.2,19,2.4,nan,14,,,,2.4,0.1,14
2022p011256,2022-01-05T03:57:21Z,-40.42,3.0,174.24,2.8,59.0,12.0,M,,,,2.3,0.2,9,2.1,nan,6,,,,2.1,0.2,6
2022p011434,2022-01-05T05:32:25Z,-41.19,3.2,174.8,2.7,31.0,5.0,M,,,,1.7,0.2,12,1.7,nan,8,,,,1.7,0.2,8
2022p011471,2022-01-05T05:51:50Z,-36.75,15.5,177.51,18.5,171.0,17.0,M,,,,2.3,0.3,12,2.3,nan,5,,,,2.3,0.3,5
2022p011475,2022-01-05T05:54:20Z,-41.8,3.0,174.14,3.4,11.0,4.0,M,,,,1.8,0.2,7,1.8,nan,5,,,,1.8,0.3,5
2022p011498,2022-01-05T06:06:00Z,-35.3,26.6,-179.86,23.5,189.0,39.0,M,,,,3.2,0.1,8,3.1,nan,3,,,,3.1,0.1,3
2022p011546,2022-01-05T06:31:52Z,-41.8,2.3,174.17,2.1,7.0,3.0,M,,,,1.9,0.2,13,1.7,nan,6,,,,1.7,0.3,6
2022p011597,2022-01-05T06:59:07Z,-40.34,2.8,176.43,2.9,13.0,6.0,M,,,,1.6,0.1,8,1.4,nan,6,,,,1.4,0.1,6
2022p011600,2022-01-05T07:00:36Z,-39.16,5.4,175.66,6.1,6.0,19.0,MLv,,,,,,,,,,,,,0.2,0.3,4
2022p011609,2022-01-05T07:05:24Z,-40.42,3.8,174.94,3.6,24.0,6.0,M,,,,1.9,0.1,12,1.9,nan,8,,,,1.9,0.2,8
2022p011628,2022-01-05T07:15:58Z,-38.89,17.0,175.63,14.9,110.0,15.0,MLv,,,,,,,,,,,,,1.8,0.5,3
2022p011678,2022-01-05T07:42:17Z,-44.54,5.2,167.81,6.4,38.0,6.0,M,,,,2.7,0.3,12,2.4,nan,2,,,,2.4,0.3,2
2022p011736,2022-01-05T08:13:09Z,-38.92,4.7,175.39,4.2,7.0,6.0,M,,,,1.3,0.1,7,1.3,nan,8,,,,1.3,0.1,8
2022p011780,2022-01-05T08:36:38Z,-40.34,3.4,176.56,4.5,20.0,5.0,M,,,,1.5,0.2,10,1.6,nan,4,,,,1.6,0.2,4
2022p011786,2022-01-05T08:39:42Z,-41.77,5.4,173.27,6.6,63.0,10.0,M,,,,1.9,0.3,7,1.6,nan,1,,,,1.6,nan,1
2022p011797,2022-01-05T08:46:02Z,-39.48,13.1,175.72,9.7,14.0,13.0,M,,,,0.7,0.4,7,0.4,nan,2,,,,0.4,0.5,2
2022p011808,2022-01-05T08:50:25Z,-32.77,27.4,-178.96,29.3,488.0,68.0,mB,4.1,0.2,6,3.8,0.1,11,3.7,nan,7,3.1,0.4,6,4.1,0.1,7
2022p011813,2022-01-05T08:54:10Z,-41.5,6.0,173.44,4.8,48.0,10.0,M,,,,1.6,0.4,5,1.5,nan,2,,,,1.5,0.3,2
2022p011860,2022-01-05T09:20:01Z,-41.06,6.3,174.69,3.7,42.0,10.0,M,,,,1.2,0.2,9,1.5,nan,3,,,,1.5,0.3,3
2022p011914,2022-01-05T09:48:04Z,-38.82,8.9,175.9,6.5,57.0,14.0,M,,,,1.4,0.3,10,1.6,nan,4,,,,1.6,0.3,4
2022p011918,2022-01-05T09:50:14Z,-39.59,4.8,176.26,5.1,34.0,9.0,MLv,,,,1.0,0.5,7,1.1,nan,5,,,,1.1,0.4,5
2022p011962,2022-01-05T10:13:51Z,-39.65,6.2,177.39,5.3,18.0,7.0,M,,,,1.7,0.2,10,2.0,nan,6,,,,2.0,0.6,6
2022p011989,2022-01-05T10:27:45Z,-38.36,3.7,178.0,4.5,25.0,4.0,M,,,,1.6,0.2,13,1.7,nan,6,,,,1.7,0.1,6
2022p012040,2022-01-05T10:55:00Z,-41.07,3.1,175.06,4.0,24.0,6.0,M,,,,0.9,0.3,8,0.8,nan,2,,,,0.8,0.0,2
2022p012112,2022-01-05T11:33:27Z,-37.53,10.1,179.86,8.7,12.0,0.0,MLv,,,,2.3,0.1,10,2.3,nan,5,,,,2.3,0.2,5
2022p012212,2022-01-05T12:26:51Z,-39.21,3.7,175.37,4.3,17.0,6.0,M,,,,0.8,0.2,14,0.8,nan,6,,,,0.8,0.1,6
2022p012222,2022-01-05T12:31:58Z,-39.51,6.4,175.08,8.1,66.0,13.0,MLv,,,,,,,,,,,,,1.1,nan,1
2022p012262,2022-01-05T12:53:18Z,-38.53,5.4,174.13,5.5,12.0,0.0,M,,,,2.3,0.2,14,2.3,nan,11,,,,2.3,0.1,11
2022p012284,2022-01-05T13:05:11Z,-38.4,2.8,177.87,3.5,19.0,5.0,M,,,,1.6,0.1,12,1.6,nan,6,,,,1.6,0.2,6
2022p012286,2022-01-05T13:06:19Z,-38.4,4.2,177.86,3.4,18.0,6.0,MLv,,,,1.3,0.2,10,1.2,nan,7,,,,1.2,0.1,7
2022p012291,2022-01-05T13:09:01Z,-38.4,3.8,177.87,4.0,22.0,7.0,M,,,,2.0,0.3,8,2.1,nan,12,,,,2.1,0.1,12
2022p012294,2022-01-05T13:10:30Z,-39.81,3.6,176.81,5.5,33.0,11.0,M,,,,2.1,0.3,8,2.0,nan,14,,,,2.0,0.2,14
2022p012308,2022-01-05T13:18:09Z,-40.0,5.4,174.62,7.2,61.0,13.0,M,,,,1.9,0.3,12,1.8,nan,2,,,,1.8,0.1,2
2022p012312,2022-01-05T13:19:51Z,-41.44,5.4,174.57,2.5,12.0,0.0,MLv,,,,1.2,0.1,10,1.1,nan,5,,,,1.1,0.3,5
2022p012325,2022-01-05T13:28:16Z,-40.01,6.2,176.64,5.0,31.0,10.0,M,,,,1.4,0.2,9,1.5,nan,6,,,,1.5,0.2,6
2022p012381,2022-01-05T13:57:03Z,-41.63,3.7,174.27,3.2,5.0,0.0,M,,,,1.7,0.2,9,1.6,nan,4,,,,1.6,0.4,4
2022p012500,2022-01-05T15:00:11Z,-37.39,7.5,-179.99,6.8,12.0,0.0,MLv,,,,,,,,,,,,,3.4,0.4,19
2022p012567,2022-01-05T15:35:57Z,-44.39,5.6,168.31,6.0,5.0,0.0,M,,,,2.3,0.1,6,2.2,nan,2,,,,2.2,0.0,2
2022p012635,2022-01-05T16:12:01Z,-39.74,6.8,174.01,9.0,124.0,12.0,M,,,,,,,2.1,nan,2,,,,2.1,0.5,2
2022p012759,2022-01-05T17:18:09Z,-40.32,2.3,176.09,2.7,8.0,7.0,M,,,,2.3,0.2,12,2.4,nan,25,,,,2.4,0.2,25
2022p013042,2022-01-05T19:49:21Z,-38.52,6.8,175.8,8.5,142.0,8.0,M,,,,2.3,0.3,22,3.1,nan,65,,,,3.1,0.4,65
2022p013070,2022-01-05T20:03:45Z,-43.53,2.2,172.68,3.7,5.0,4.0,M,,,,2.1,0.1,7,2.0,nan,2,,,,2.0,0.2,2
2022p013075,2022-01-05T20:06:35Z,-39.33,4.9,175.94,4.6,45.0,8.0,M,,,,2.0,0.4,16,2.0,nan,26,,,,2.0,0.3,26
2022p013098,2022-01-05T20:18:51Z,-41.64,6.0,174.38,2.4,12.0,0.0,M,,,,2.0,0.2,9,2.0,nan,8,,,,2.0,0.2,8
2022p013116,2022-01-05T20:28:21Z,-41.18,2.5,175.27,3.4,15.0,5.0,M,,,,1.9,0.2,12,1.8,nan,11,,,,1.8,0.2,11
2022p013124,2022-01-05T20:32:44Z,-41.19,2.2,175.28,2.8,19.0,5.0,M,,,,1.4,0.3,10,1.4,nan,8,,,,1.4,0.2,8
2022p013146,2022-01-05T20:44:31Z,-45.67,4.9,167.0,6.8,57.0,7.0,M,,,,2.9,0.1,9,2.8,nan,5,,,,2.8,0.4,5
2022p013180,2022-01-05T21:02:46Z,-39.26,3.4,177.15,4.0,26.0,4.0,M,,,,1.9,0.2,13,2.0,nan,6,,,,2.0,0.1,6
2022p013205,2022-01-05T21:15:55Z,-39.93,2.7,176.68,3.2,13.0,5.0,M,,,,1.6,0.3,13,1.5,nan,8,,,,1.5,0.2,8
2022p013266,2022-01-05T21:48:21Z,-39.95,2.2,176.54,2.5,12.0,5.0,M,,,,3.6,0.2,15,3.5,nan,74,,,,3.5,0.2,74
2022p013300,2022-01-05T22:06:34Z,-44.72,3.7,167.6,4.7,5.0,0.0,M,,,,2.3,0.2,8,2.2,nan,2,,,,2.2,1.0,2
2022p013354,2022-01-05T22:35:05Z,-37.68,4.2,177.13,2.7,5.0,0.0,M,,,,2.3,0.2,18,2.4,nan,15,,,,2.4,0.2,15
2022p013379,2022-01-05T22:48:51Z,-41.18,2.7,175.27,3.4,16.0,8.0,M,,,,1.3,0.3,8,1.2,nan,5,,,,1.2,0.2,5
2022p013385,2022-01-05T22:51:49Z,-38.41,4.6,178.69,7.1,27.0,6.0,M,,,,2.7,0.3,17,2.8,nan,18,,,,2.8,0.2,18
2022p013419,2022-01-05T23:10:13Z,-39.32,3.9,173.89,4.5,16.0,10.0,ML,,,,1.3,0.2,4,0.9,nan,1,,,,0.9,nan,1
2022p013515,2022-01-06T00:00:57Z,-39.41,5.3,175.88,4.3,44.0,7.0,M,,,,1.8,0.3,17,2.0,nan,17,,,,2.0,0.3,17
2022p013563,2022-01-06T00:26:39Z,-37.84,6.6,176.51,5.7,118.0,12.0,M,,,,,,,2.1,nan,3,,,,2.1,0.1,3
2022p013585,2022-01-06T00:38:31Z,-38.48,10.1,178.77,8.9,28.0,9.0,M,,,,2.2,0.3,9,2.4,nan,6,,,,2.4,0.3,6
2022p013642,2022-01-06T01:08:43Z,-39.52,9.0,174.53,7.7,131.0,11.0,MLv,,,,,,,,,,,,,2.4,nan,1
2022p013734,2022-01-06T01:57:42Z,-40.38,2.7,176.27,3.3,17.0,5.0,MLv,,,,1.7,0.2,10,1.6,nan,7,,,,1.6,0.2,7
2022p013866,2022-01-06T03:08:05Z,-39.19,3.0,174.62,2.3,17.0,4.0,MLv,,,,2.2,0.2,17,2.3,nan,13,,,,2.3,0.3,13
2022p013889,2022-01-06T03:20:31Z,-40.63,4.7,173.88,3.5,68.0,10.0,MLv,,,,2.9,0.3,15,,,,,,,2.8,0.2,19
2022p013894,2022-01-06T03:23:25Z,-40.54,3.3,174.9,2.7,12.0,0.0,MLv,,,,1.9,0.1,12,,,,,,,1.8,0.3,4
2022p013984,2022-01-06T04:11:12Z,-41.73,2.7,174.15,3.1,5.0,0.0,MLv,,,,1.9,0.2,6,1.5,nan,4,,,,1.5,0.5,4
2022p014079,2022-01-06T05:01:32Z,-37.53,11.2,177.85,7.9,74.0,10.0,MLv,,,,2.3,0.3,12,,,,,,,2.4,0.3,7
2022p014166,2022-01-06T05:47:42Z,-39.2,3.7,174.61,2.8,19.0,5.0,MLv,,,,2.3,0.3,8,,,,,,,2.4,0.3,6
2022p014276,2022-01-06T06:46:29Z,-38.24,4.3,176.42,4.2,118.0,6.0,MLv,,,,,,,,,,,,,2.4,0.1,13
2022p014316,2022-01-06T07:07:42Z,-39.21,3.9,174.61,2.8,18.0,5.0,MLv,,,,2.2,0.3,11,,,,,,,2.1,0.3,5
2022p014403,2022-01-06T07:54:10Z,-42.64,6.1,174.9,5.6,33.0,0.0,M,,,,2.4,0.3,12,2.2,nan,2,,,,2.2,0.2,2
2022p014471,2022-01-06T08:30:08Z,-36.88,10.7,177.28,10.9,174.0,17.0,M,,,,2.3,0.2,7,1.8,nan,2,,,,1.8,0.1,2
2022p014518,2022-01-06T08:55:41Z,-39.23,3.9,175.39,6.6,13.0,11.0,MLv,,,,1.0,0.2,12,1.1,nan,6,,,,1.1,0.2,6
2022p014562,2022-01-06T09:19:08Z,-40.33,2.9,176.53,3.8,15.0,7.0,M,,,,2.0,0.2,10,2.0,nan,8,,,,2.0,0.2,8
2022p014582,2022-01-06T09:30:07Z,-39.08,4.8,176.19,3.2,46.0,8.0,M,,,,1.9,0.2,25,1.9,nan,13,,,,1.9,0.2,13
2022p014596,2022-01-06T09:36:57Z,-41.19,3.2,175.76,2.9,11.0,6.0,M,,,,2.6,0.1,12,2.5,nan,15,,,,2.5,0.1,15
2022p014628,2022-01-06T09:54:13Z,-39.86,4.0,176.6,3.6,35.0,7.0,M,,,,1.4,0.4,10,1.3,nan,1,,,,1.3,nan,1
2022p014705,2022-01-06T10:34:59Z,-39.45,3.8,174.82,2.2,18.0,7.0,M,,,,2.2,0.2,12,2.2,nan,7,,,,2.2,0.2,7
2022p014783,2022-01-06T11:16:28Z,-37.96,7.6,176.36,5.8,148.0,9.0,M,,,,,,,2.4,nan,6,,,,2.4,0.2,6
2022p014926,2022-01-06T12:32:37Z,-39.2,3.9,174.61,3.2,18.0,5.0,M,,,,2.1,0.4,9,2.0,nan,4,,,,2.0,0.4,4
2022p014943,2022-01-06T12:41:26Z,-37.16,8.8,177.33,11.4,117.0,12.0,M,,,,2.8,0.8,2,2.7,nan,1,,,,2.7,nan,1
2022p014982,2022-01-06T13:02:30Z,-42.48,2.6,173.41,2.6,7.0,3.0,M,,,,2.4,0.2,13,2.2,nan,2,,,,2.2,0.4,2
2022p015051,2022-01-06T13:39:15Z,-40.34,3.6,174.28,3.9,66.0,10.0,M,,,,2.3,0.3,13,2.1,nan,5,,,,2.1,0.2,5
2022p015066,2022-01-06T13:47:10Z,-42.29,3.1,174.0,5.0,5.0,0.0,M,,,,2.2,0.2,10,2.2,nan,3,,,,2.2,0.2,3
2022p015110,2022-01-06T14:10:42Z,-43.15,2.9,170.85,2.8,5.0,0.0,M,,,,2.2,0.2,9,1.8,nan,2,,,,1.8,0.2,2
2022p015225,2022-01-06T15:11:54Z,-37.71,7.4,177.48,5.0,41.0,8.0,M,,,,2.2,0.2,15,2.0,nan,5,,,,2.0,0.2,5
2022p015239,2022-01-06T15:19:51Z,-40.01,5.4,176.65,4.0,41.0,10.0,M,,,,1.5,0.4,7,1.2,nan,2,,,,1.2,0.1,2
2022p015355,2022-01-06T16:21:30Z,-37.98,6.1,176.63,6.6,110.0,10.0,M,,,,,,,2.2,nan,1,,,,2.2,nan,1
2022p015418,2022-01-06T16:55:06Z,-39.93,3.1,176.71,3.5,28.0,7.0,M,,,,1.6,0.3,8,1.6,nan,2,,,,1.6,0.4,2
2022p015424,2022-01-06T16:58:08Z,-38.64,3.8,175.98,2.9,7.0,7.0,M,,,,1.8,0.4,8,2.0,nan,6,,,,2.0,0.4,6
2022p015538,2022-01-06T17:58:54Z,-37.29,7.5,177.47,5.8,29.0,9.0,M,,,,2.5,0.1,10,2.5,nan,5,,,,2.5,0.1,5
2022p015572,2022-01-06T18:16:47Z,-40.87,4.5,173.94,3.2,57.0,7.0,M,,,,2.2,0.4,11,1.8,nan,4,,,,1.8,0.5,4
2022p015644,2022-01-06T18:55:19Z,-41.2,12.8,172.49,9.2,193.0,9.0,M,,,,2.3,0.3,6,2.3,nan,1,,,,2.3,nan,1
2022p015741,2022-01-06T19:46:57Z,-40.91,3.9,175.02,3.1,30.0,6.0,M,,,,1.6,0.3,8,1.3,nan,5,,,,1.3,0.4,5
2022p015948,2022-01-06T21:37:07Z,-43.58,2.7,172.04,2.7,5.0,3.0,M,,,,2.3,0.1,6,2.6,nan,7,,,,2.6,0.3,7
2022p016029,2022-01-06T22:20:20Z,-39.92,5.5,177.2,8.7,12.0,0.0,M,,,,1.8,0.3,8,1.9,nan,1,,,,1.9,nan,1
2022p016055,2022-01-06T22:34:16Z,-40.66,2.2,175.82,2.4,19.0,4.0,M,,,,2.1,0.1,13,2.2,nan,12,,,,2.2,0.2,12
2022p016350,2022-01-07T01:11:41Z,-38.16,2.4,178.21,3.7,13.0,5.0,M,,,,3.0,0.2,12,2.9,nan,19,,,,2.9,0.2,19
2022p016408,2022-01-07T01:42:11Z,-41.3,3.2,174.38,2.0,12.0,6.0,M,,,,2.3,0.2,10,2.3,nan,8,,,,2.3,0.2,8
2022p016435,2022-01-07T01:57:04Z,-38.87,7.6,175.15,8.5,187.0,7.0,MLv,,,,2.2,0.2,6,3.2,nan,64,,,,3.2,0.4,64
2022p016452,2022-01-07T02:05:37Z,-38.16,3.3,178.3,5.9,13.0,6.0,MLv,,,,2.2,0.2,10,,,,,,,2.1,0.3,7
2022p016476,2022-01-07T02:18:53Z,-39.23,2.2,175.42,2.3,8.0,4.0,MLv,,,,1.9,0.2,19,,,,,,,1.9,0.2,19
2022p016548,2022-01-07T02:56:52Z,-41.16,2.3,175.52,3.3,18.0,5.0,MLv,,,,1.5,0.3,11,1.4,nan,7,,,,1.4,0.4,7
2022p016622,2022-01-07T03:36:35Z,-38.64,14.2,175.44,9.6,140.0,13.0,MLv,,,,2.0,0.7,3,,,,,,,1.7,0.3,7
2022p016690,2022-01-07T04:12:26Z,-43.13,2.9,171.26,2.5,5.0,0.0,MLv,,,,2.4,0.1,8,,,,,,,2.5,0.1,6
2022p016707,2022-01-07T04:21:41Z,-40.13,2.2,176.38,3.3,18.0,4.0,MLv,,,,2.1,0.2,12,2.1,nan,11,,,,2.1,0.1,11
2022p016725,2022-01-07T04:31:11Z,-39.25,4.8,177.43,4.0,27.0,6.0,MLv,,,,2.3,0.3,11,2.5,nan,6,,,,2.5,0.1,6
2022p016814,2022-01-07T05:18:51Z,-39.56,2.3,175.63,2.5,11.0,4.0,MLv,,,,2.1,0.3,25,,,,,,,2.2,0.2,19
2022p016931,2022-01-07T06:21:05Z,-44.63,4.8,168.29,6.2,59.0,11.0,ML,,,,1.5,0.6,3,,,,,,,,,
2022p016936,2022-01-07T06:23:29Z,-37.26,7.3,177.42,8.2,90.0,11.0,MLv,,,,2.3,0.1,8,2.4,nan,6,,,,2.4,0.2,6
2022p016998,2022-01-07T06:56:54Z,-40.02,3.3,176.72,3.0,36.0,4.0,MLv,,,,2.6,0.1,13,2.8,nan,17,,,,2.8,0.2,17
2022p017046,2022-01-07T07:22:42Z,-39.46,5.0,175.74,4.8,10.0,9.0,MLv,,,,1.0,0.6,6,0.5,nan,3,,,,0.5,0.4,3
2022p017047,2022-01-07T07:23:01Z,-44.94,5.4,167.61,5.8,57.0,9.0,MLv,,,,2.1,0.2,9,2.0,nan,3,,,,2.0,0.2,3
2022p017049,2022-01-07T07:23:43Z,-40.96,4.0,174.82,2.4,5.0,0.0,MLv,,,,1.7,0.3,10,1.3,nan,7,,,,1.3,0.3,7
2022p017229,2022-01-07T08:59:49Z,-39.89,3.3,176.48,3.8,15.0,7.0,MLv,,,,1.5,0.3,11,,,,,,,1.2,0.2,5
2022p017243,2022-01-07T09:07:33Z,-40.01,5.0,176.63,4.1,40.0,10.0,ML,,,,1.2,0.2,8,,,,,,,,,
2022p017249,2022-01-07T09:10:04Z,-38.55,7.4,175.63,13.7,161.0,11.0,M,,,,,,,2.0,nan,2,,,,,,
2022p017289,2022-01-07T09:31:45Z,-39.31,4.8,174.74,3.2,20.0,7.0,M,,,,2.7,0.3,13,2.7,nan,24,,,,2.7,0.2,24
2022p017337,2022-01-07T09:57:30Z,-37.77,8.1,176.62,5.6,129.0,10.0,M,,,,2.3,0.2,17,2.3,nan,5,,,,2.3,0.2,5
2022p017351,2022-01-07T10:04:58Z,-41.75,2.3,174.07,2.4,5.0,2.0,M,,,,1.8,0.3,9,1.3,nan,3,,,,1.3,0.1,3
2022p017357,2022-01-07T10:08:16Z,-40.14,1.8,174.04,3.2,12.0,0.0,M,,,,4.0,0.2,20,4.0,nan,51,,,,4.0,0.1,51
2022p017441,2022-01-07T10:53:00Z,-38.07,7.6,176.22,13.3,143.0,12.0,M,,,,1.9,0.4,8,1.7,nan,4,,,,1.7,0.3,4
2022p017460,2022-01-07T11:02:49Z,-32.79,5.8,-179.62,13.2,300.0,15.0,mB,5.1,0.2,57,,,,,,,4.4,0.4,10,4.9,0.2,19
2022p017500,2022-01-07T11:24:18Z,-38.07,4.1,177.86,4.1,51.0,7.0,M,,,,1.9,0.2,15,1.9,nan,6,,,,1.9,0.2,6
2022p017505,2022-01-07T11:27:08Z,-38.2,2.8,178.24,3.8,10.0,4.0,M,,,,2.5,0.3,8,2.5,nan,7,,,,2.5,0.3,7
2022p017551,2022-01-07T11:51:13Z,-36.24,29.2,177.69,26.3,177.0,29.0,M,,,,2.8,0.1,8,2.7,nan,3,,,,2.7,0.2,3
2022p017630,2022-01-07T12:33:29Z,-43.42,2.6,170.99,3.1,5.0,0.0,M,,,,1.9,0.3,11,1.8,nan,2,,,,1.8,0.1,2
2022p017658,2022-01-07T12:46:07Z,-26.23,16.9,-179.51,55.8,600.0,0.0,,,,,,,,,,,,,,,,
2022p017672,2022-01-07T12:55:41Z,-40.91,2.8,175.55,2.5,24.0,4.0,M,,,,2.1,0.2,13,2.1,nan,13,,,,2.1,0.2,13
2022p017687,2022-01-07T13:03:44Z,-45.05,6.2,167.42,6.5,85.0,11.0,M,,,,2.3,0.3,7,2.2,nan,2,,,,2.2,0.3,2
2022p017700,2022-01-07T13:11:05Z,-39.01,7.0,174.12,4.0,13.0,7.0,M,,,,2.1,0.2,9,2.2,nan,6,,,,2.2,0.2,6
2022p017701,2022-01-07T13:11:13Z,-40.89,2.5,176.05,2.8,23.0,4.0,M,,,,2.2,0.1,15,2.1,nan,12,,,,2.1,0.1,12
2022p017719,2022-01-07T13:20:52Z,-37.88,9.9,176.27,13.1,108.0,17.0,M,,,,,,,1.7,nan,1,,,,1.7,nan,1
2022p017731,2022-01-07T13:27:27Z,-40.46,2.8,174.99,3.5,5.0,0.0,M,,,,1.9,0.2,10,1.9,nan,6,,,,1.9,0.1,6
2022p017736,2022-01-07T13:30:01Z,-37.56,14.8,177.3,10.3,95.0,12.0,M,,,,2.0,0.2,8,1.8,nan,1,,,,1.8,nan,1
2022p017783,2022-01-07T13:54:51Z,-39.52,3.8,174.48,3.9,126.0,8.0,M,,,,1.7,0.3,7,2.1,nan,12,,,,2.1,0.3,12
2022p017829,2022-01-07T14:19:23Z,-38.36,3.8,177.3,3.2,35.0,5.0,M,,,,1.7,0.4,11,1.8,nan,6,,,,1.8,0.3,6
2022p017846,2022-01-07T14:28:40Z,-40.44,3.2,175.19,4.3,30.0,6.0,M,,,,1.7,0.2,13,1.7,nan,5,,,,1.7,0.3,5
2022p017896,2022-01-07T14:55:11Z,-38.1,3.5,176.75,4.0,1.0,5.0,M,,,,1.6,0.2,12,1.8,nan,6,,,,1.8,0.2,6
2022p017900,2022-01-07T14:56:42Z,-32.88,7.4,-178.03,16.1,33.0,0.0,Mw(mB),,,,,,,,,,4.1,0.4,6,,,
2022p017902,2022-01-07T14:58:25Z,-43.6,2.1,172.27,1.8,4.0,3.0,M,,,,1.9,0.3,9,2.3,nan,3,,,,2.3,0.6,3
2022p018060,2022-01-07T16:23:25Z,-39.31,4.8,174.73,3.7,19.0,7.0,M,,,,1.8,0.4,10,1.5,nan,2,,,,1.5,0.3,2
2022p018138,2022-01-07T17:04:02Z,-38.33,5.5,179.01,8.0,12.0,0.0,M,,,,2.6,0.2,9,2.6,nan,7,,,,2.6,0.3,7
2022p018282,2022-01-07T18:21:04Z,-38.97,4.8,176.5,5.2,39.0,9.0,M,,,,1.8,0.4,13,1.1,nan,4,,,,1.1,0.5,4
2022p018283,2022-01-07T18:21:39Z,-40.46,2.2,175.02,2.4,5.0,0.0,MLv,,,,2.8,0.2,20,,,,,,,2.8,0.2,37
2022p018300,2022-01-07T18:30:16Z,-39.95,2.2,176.65,2.3,22.0,4.0,MLv,,,,2.5,0.2,12,,,,,,,2.6,0.2,15
2022p018340,2022-01-07T18:51:39Z,-40.51,5.8,174.73,4.5,48.0,11.0,MLv,,,,2.1,0.3,18,,,,,,,2.2,0.2,12
2022p018354,2022-01-07T18:59:13Z,-38.59,8.9,175.65,5.7,136.0,8.0,MLv,,,,1.8,0.3,6,,,,,,,2.4,0.4,25
2022p018364,2022-01-07T19:04:33Z,-42.19,2.9,173.54,3.1,5.0,5.0,MLv,,,,1.9,0.2,8,,,,,,,2.0,0.3,6
2022p018405,2022-01-07T19:26:11Z,-38.77,10.9,175.64,11.9,128.0,14.0,MLv,,,,,,,,,,,,,1.4,nan,1
2022p018422,2022-01-07T19:35:45Z,-42.65,3.0,171.85,2.9,5.0,0.0,M,,,,1.9,0.3,6,1.7,nan,2,,,,1.7,0.1,2
2022p018445,2022-01-07T19:47:47Z,-41.67,3.0,174.27,3.3,5.0,6.0,MLv,,,,1.7,0.2,11,,,,,,,1.8,0.3,7
2022p018457,2022-01-07T19:54:01Z,-42.88,2.4,171.64,2.9,5.0,0.0,MLv,,,,2.1,0.2,13,2.0,nan,3,,,,2.0,0.1,3
2022p018462,2022-01-07T19:56:42Z,-37.69,8.0,177.92,5.5,71.0,6.0,MLv,,,,2.1,0.3,18,,,,,,,2.0,0.3,6
2022p018472,2022-01-07T20:02:14Z,-42.17,2.2,173.6,2.8,5.0,0.0,MLv,,,,1.8,0.3,7,,,,,,,1.7,0.1,4
2022p018541,2022-01-07T20:38:46Z,-39.95,2.8,176.64,3.4,21.0,7.0,MLv,,,,1.4,0.3,10,1.3,nan,7,,,,1.3,0.2,7
2022p018557,2022-01-07T20:46:56Z,-35.9,30.9,177.76,30.8,236.0,31.0,MLv,,,,2.8,0.2,7,2.5,nan,5,,,,2.5,0.2,5
2022p018575,2022-01-07T20:56:51Z,-39.08,4.8,177.75,4.0,16.0,5.0,MLv,,,,1.7,0.3,9,1.8,nan,5,,,,1.8,0.3,5
2022p018605,2022-01-07T21:12:50Z,-40.7,4.2,175.46,3.4,24.0,6.0,M,,,,1.3,0.3,11,1.2,nan,6,,,,1.2,0.3,6
2022p018677,2022-01-07T21:51:08Z,-36.0,21.1,177.78,26.2,220.0,25.0,MLv,,,,2.8,0.2,8,2.9,nan,4,,,,2.9,0.3,4
2022p018701,2022-01-07T22:04:08Z,-39.22,3.1,175.41,3.4,12.0,7.0,M,,,,0.6,0.2,10,0.5,nan,4,,,,0.5,0.1,4
2022p018706,2022-01-07T22:06:51Z,-40.93,3.1,175.56,3.2,22.0,7.0,M,,,,1.2,0.1,7,1.2,nan,5,,,,1.2,0.2,5
2022p018722,2022-01-07T22:15:16Z,-38.66,6.7,175.58,6.9,117.0,12.0,M,,,,,,,2.0,nan,5,,,,2.0,0.4,5
2022p018781,2022-01-07T22:46:31Z,-40.6,2.5,175.87,2.5,21.0,4.0,MLv,,,,1.5,0.2,13,,,,,,,1.5,0.2,6
2022p018888,2022-01-07T23:43:50Z,-41.72,2.3,174.23,3.1,7.0,4.0,MLv,,,,1.9,0.1,12,,,,,,,1.8,0.3,7
2022p018893,2022-01-07T23:46:21Z,-41.89,2.8,173.53,2.8,49.0,4.0,M,,,,3.2,0.2,25,3.4,nan,43,,,,3.4,0.2,43
2022p018908,2022-01-07T23:54:25Z,-40.62,2.9,175.85,2.5,21.0,4.0,M,,,,1.3,0.3,9,1.1,nan,5,,,,1.1,0.1,5
2022p018910,2022-01-07T23:55:32Z,-41.32,6.7,173.24,5.2,77.0,9.0,MLv,,,,1.7,0.2,7,1.8,nan,3,,,,1.8,0.2,3
2022p018987,2022-01-08T00:36:29Z,-37.87,7.0,176.49,5.5,129.0,9.0,M,,,,2.1,0.2,7,2.5,nan,6,,,,2.5,0.2,6
2022p019042,2022-01-08T01:05:27Z,-38.54,11.9,175.91,10.7,143.0,14.0,M,,,,1.3,0.3,6,1.4,nan,2,,,,1.4,0.2,2
2022p019125,2022-01-08T01:50:06Z,-40.43,3.1,175.87,3.7,23.0,7.0,M,,,,1.2,0.3,9,1.0,nan,2,,,,1.0,0.6,2
2022p019127,2022-01-08T01:51:12Z,-41.72,2.6,174.19,3.2,5.0,0.0,M,,,,2.0,0.1,9,2.2,nan,9,,,,2.2,0.3,9
2022p019476,2022-01-08T04:57:24Z,-38.55,4.5,176.18,4.8,5.0,0.0,M,,,,1.6,0.2,6,1.5,nan,7,,,,1.5,0.2,7
2022p019512,2022-01-08T05:16:28Z,-38.06,4.3,177.87,4.2,55.0,7.0,M,,,,2.0,0.3,13,2.1,nan,7,,,,2.1,0.2,7
2022p019550,2022-01-08T05:36:28Z,-39.33,5.5,175.76,7.2,58.0,9.0,M,,,,0.8,0.5,7,0.6,nan,3,,,,0.6,0.7,3
2022p019645,2022-01-08T06:27:12Z,-39.16,5.7,175.64,5.1,5.0,0.0,MLv,,,,,,,,,,,,,0.6,0.3,5
2022p019674,2022-01-08T06:42:29Z,-38.17,3.3,178.19,4.2,11.0,8.0,M,,,,1.9,0.2,11,1.9,nan,6,,,,1.9,0.2,6
2022p019675,2022-01-08T06:43:09Z,-39.53,5.7,174.82,5.1,74.0,9.0,M,,,,2.0,0.2,18,2.1,nan,19,,,,2.1,0.2,19
2022p019942,2022-01-08T09:05:33Z,-41.3,3.6,175.79,3.9,23.0,4.0,MLv,,,,2.0,0.2,16,2.1,nan,12,,,,2.1,0.2,12
2022p019949,2022-01-08T09:09:21Z,-39.71,2.3,175.3,3.4,15.0,6.0,MLv,,,,1.5,0.3,12,1.5,nan,5,,,,1.5,0.2,5
2022p020078,2022-01-08T10:18:00Z,-41.5,4.2,175.15,2.8,20.0,5.0,MLv,,,,1.5,0.3,9,1.4,nan,7,,,,1.4,0.4,7
2022p020155,2022-01-08T10:57:46Z,-32.97,44.6,178.99,69.5,341.0,53.0,mB,4.2,nan,1,,,,,,,,,,,,
2022p020169,2022-01-08T11:06:37Z,-38.33,3.0,177.98,3.9,26.0,7.0,MLv,,,,1.3,0.3,7,,,,,,,1.0,0.1,6
2022p020285,2022-01-08T12:07:54Z,-39.06,6.9,177.49,3.2,21.0,7.0,MLv,,,,1.5,0.2,7,1.5,nan,4,,,,1.5,0.2,4
2022p020284,2022-01-08T12:08:11Z,-38.47,2.7,176.16,2.9,3.0,4.0,MLv,,,,1.7,0.2,10,1.6,nan,9,,,,1.6,0.3,9
2022p020293,2022-01-08T12:12:24Z,-40.33,3.4,176.25,3.7,41.0,8.0,MLv,,,,1.2,0.2,7,1.2,nan,7,,,,1.2,0.4,7
2022p020326,2022-01-08T12:30:09Z,-41.18,2.7,175.77,2.9,11.0,6.0,MLv,,,,1.5,0.2,10,1.3,nan,7,,,,1.3,0.2,7
2022p020330,2022-01-08T12:32:02Z,-39.29,3.9,177.64,3.6,25.0,5.0,MLv,,,,2.0,0.2,16,2.1,nan,6,,,,2.1,0.2,6
2022p020337,2022-01-08T12:35:54Z,-41.18,3.4,175.78,3.3,11.0,7.0,MLv,,,,1.3,0.3,8,1.0,nan,4,,,,1.0,0.2,4
2022p020421,2022-01-08T13:20:32Z,-37.11,5.8,178.68,10.2,12.0,0.0,MLv,,,,2.4,0.2,9,,,,,,,2.6,0.1,6
2022p020442,2022-01-08T13:31:43Z,-38.69,6.5,175.64,7.5,111.0,11.0,MLv,,,,1.8,0.4,9,,,,,,,1.9,0.6,4
2022p020483,2022-01-08T13:54:28Z,-38.37,3.0,177.91,3.5,23.0,5.0,MLv,,,,1.8,0.2,12,1.8,nan,7,,,,1.8,0.2,7
2022p020560,2022-01-08T14:34:39Z,-37.88,4.6,176.5,5.8,120.0,10.0,MLv,,,,1.7,0.1,7,,,,,,,1.7,0.1,4
2022p020603,2022-01-08T14:57:37Z,-37.28,16.0,176.72,13.9,242.0,11.0,MLv,,,,2.0,0.2,9,,,,,,,2.3,0.2,7
2022p020763,2022-01-08T16:22:33Z,-38.49,5.7,175.69,6.4,138.0,9.0,MLv,,,,1.9,0.4,9,1.8,nan,6,,,,1.8,0.4,6
2022p020771,2022-01-08T16:26:36Z,-36.94,8.6,179.38,13.1,12.0,0.0,MLv,,,,2.4,0.2,10,2.4,nan,3,,,,2.4,0.1,3
2022p020858,2022-01-08T17:13:12Z,-38.44,2.9,178.08,3.1,26.0,5.0,MLv,,,,1.7,0.2,11,1.6,nan,6,,,,1.6,0.3,6
2022p020869,2022-01-08T17:19:10Z,-37.61,8.5,179.83,7.3,33.0,0.0,MLv,,,,2.6,0.1,10,,,,,,,2.6,0.1,6
2022p020871,2022-01-08T17:20:11Z,-40.28,3.2,175.85,4.1,33.0,5.0,MLv,,,,1.5,0.2,12,1.6,nan,9,,,,1.6,0.4,9
2022p020932,2022-01-08T17:52:50Z,-42.96,1.9,172.42,2.3,5.0,0.0,MLv,,,,,,,,,,,,,2.8,0.1,8
2022p020982,2022-01-08T18:19:30Z,-38.02,3.1,176.78,2.7,3.0,3.0,M,,,,1.5,0.3,8,1.6,nan,3,,,,1.6,0.2,3
2022p021007,2022-01-08T18:32:43Z,-39.26,5.1,175.57,3.2,4.0,4.0,MLv,,,,,,,,,,,,,1.0,0.4,7
2022p021036,2022-01-08T18:48:03Z,-38.03,2.4,176.79,2.2,3.0,3.0,M,,,,1.8,0.4,11,1.9,nan,6,,,,1.9,0.2,6
2022p021088,2022-01-08T19:15:57Z,-40.25,3.1,176.32,3.3,22.0,5.0,MLv,,,,1.4,0.2,10,,,,,,,1.4,0.3,5
2022p021243,2022-01-08T20:38:46Z,-40.04,5.1,173.67,5.4,184.0,7.0,M,,,,,,,2.5,nan,15,,,,2.5,0.1,15
2022p021314,2022-01-08T21:16:12Z,-38.9,3.8,176.86,3.7,37.0,5.0,MLv,,,,1.6,0.3,11,,,,,,,1.3,0.4,4
2022p021336,2022-01-08T21:28:11Z,-38.57,7.2,176.3,6.6,46.0,11.0,MLv,,,,1.9,0.3,17,,,,,,,2.2,0.3,12
2022p021452,2022-01-08T22:29:49Z,-39.73,4.9,177.39,4.6,24.0,6.0,MLv,,,,2.2,0.3,12,,,,,,,2.3,0.1,7
2022p021515,2022-01-08T23:03:22Z,-40.06,6.1,178.58,7.3,12.0,0.0,MLv,,,,2.4,0.2,12,2.4,nan,6,,,,2.4,0.1,6
2022p021578,2022-01-08T23:36:59Z,-39.51,7.1,174.72,8.4,103.0,10.0,MLv,,,,1.5,0.2,6,,,,,,,1.8,0.2,6
2022p021671,2022-01-09T00:26:44Z,-37.82,6.7,176.23,7.5,162.0,11.0,MLv,,,,,,,2.2,nan,5,,,,2.2,0.5,5
2022p021727,2022-01-09T00:56:38Z,-36.99,4.9,179.16,9.1,12.0,0.0,MLv,,,,2.9,0.2,18,2.9,nan,8,,,,2.9,0.1,8
2022p021846,2022-01-09T02:00:02Z,-39.84,2.8,176.65,2.8,34.0,5.0,M,,,,2.2,0.3,12,2.1,nan,11,,,,2.1,0.2,11
2022p021942,2022-01-09T02:50:49Z,-45.39,4.0,166.82,4.8,12.0,0.0,M,,,,3.0,0.3,12,3.0,nan,7,,,,3.0,0.1,7
2022p022072,2022-01-09T04:00:28Z,-40.28,3.6,176.66,6.0,16.0,6.0,M,,,,2.0,0.1,12,2.4,nan,19,,,,2.4,0.2,19
2022p022115,2022-01-09T04:23:06Z,-38.37,7.5,175.92,8.1,137.0,9.0,M,,,,1.7,0.2,6,2.4,nan,8,,,,2.4,0.4,8
2022p022136,2022-01-09T04:34:21Z,-41.69,2.5,174.21,2.1,5.0,4.0,M,,,,2.6,0.2,13,2.5,nan,14,,,,2.5,0.2,14
2022p022247,2022-01-09T05:33:29Z,-40.19,6.3,173.61,5.4,154.0,9.0,M,,,,,,,2.4,nan,6,,,,2.4,0.3,6
2022p022345,2022-01-09T06:25:52Z,-41.26,10.7,172.48,10.8,175.0,9.0,M,,,,,,,2.3,nan,2,,,,2.3,0.0,2
2022p022433,2022-01-09T07:12:23Z,-38.38,7.2,176.14,10.5,127.0,11.0,MLv,,,,,,,,,,,,,1.8,nan,1
2022p022445,2022-01-09T07:19:00Z,-45.16,5.4,167.41,7.1,37.0,10.0,M,,,,2.4,0.2,10,2.2,nan,2,,,,2.2,0.4,2
2022p022456,2022-01-09T07:24:58Z,-40.61,4.3,175.88,3.0,24.0,7.0,M,,,,1.5,0.3,8,1.5,nan,5,,,,1.5,0.3,5
2022p022526,2022-01-09T08:01:58Z,-40.73,5.2,174.09,3.7,61.0,8.0,M,,,,2.2,0.2,15,2.2,nan,10,,,,2.2,0.2,10
2022p022728,2022-01-09T09:51:02Z,-40.6,2.5,175.85,2.5,23.0,4.0,MLv,,,,1.8,0.2,14,,,,,,,1.7,0.3,9
2022p022733,2022-01-09T09:52:12Z,-43.22,2.0,172.0,2.1,5.0,0.0,MLv,,,,2.5,0.2,6,,,,,,,2.7,0.1,6
2022p022756,2022-01-09T10:04:30Z,-38.23,4.3,175.96,5.3,149.0,8.0,MLv,,,,,,,,,,,,,1.9,0.3,8
2022p022792,2022-01-09T10:24:04Z,-41.2,7.4,172.59,6.8,111.0,8.0,MLv,,,,,,,1.6,nan,4,,,,1.6,0.5,4
2022p022796,2022-01-09T10:25:53Z,-40.37,3.3,176.26,3.8,29.0,9.0,MLv,,,,1.1,0.1,6,,,,,,,0.9,0.3,4
2022p022801,2022-01-09T10:28:45Z,-43.22,2.0,172.0,1.9,5.0,0.0,MLv,,,,1.9,0.2,12,,,,,,,1.9,0.1,5
2022p022892,2022-01-09T11:17:13Z,-39.81,2.4,176.29,3.5,47.0,6.0,MLv,,,,1.9,0.3,21,,,,,,,2.0,0.2,16
2022p022986,2022-01-09T12:07:19Z,-45.34,4.8,167.32,4.4,47.0,7.0,MLv,,,,2.4,0.2,9,1.5,nan,3,,,,1.5,0.3,3
2022p022999,2022-01-09T12:14:00Z,-39.22,4.6,174.63,2.4,19.0,5.0,MLv,,,,2.0,0.2,12,,,,,,,2.1,0.3,9
2022p023082,2022-01-09T12:58:22Z,-39.76,2.5,176.51,3.1,23.0,6.0,MLv,,,,1.7,0.3,12,1.9,nan,13,,,,1.9,0.2,13
2022p023141,2022-01-09T13:29:49Z,-39.41,7.9,174.34,7.5,129.0,9.0,MLv,,,,,,,1.7,nan,6,,,,1.7,0.2,6
2022p023147,2022-01-09T13:32:54Z,-43.28,2.5,170.98,2.2,5.0,0.0,MLv,,,,1.8,0.3,7,1.7,nan,5,,,,1.7,0.1,5
2022p023302,2022-01-09T14:55:30Z,-37.51,14.0,-179.98,8.1,33.0,0.0,MLv,,,,2.4,0.1,10,2.3,nan,5,,,,2.3,0.1,5
2022p023330,2022-01-09T15:10:15Z,-40.26,5.1,173.53,5.5,159.0,7.0,MLv,,,,2.0,0.2,7,2.1,nan,7,,,,2.1,0.2,7
2022p023445,2022-01-09T16:11:57Z,-41.32,7.7,172.86,8.9,100.0,9.0,M,,,,,,,1.9,nan,3,,,,1.9,0.2,3
2022p023470,2022-01-09T16:25:00Z,-38.6,12.8,175.77,10.8,126.0,11.0,MLv,,,,1.3,0.2,7,1.8,nan,6,,,,1.8,0.2,6
2022p023486,2022-01-09T16:33:40Z,-40.67,3.0,175.82,2.6,16.0,5.0,MLv,,,,1.2,0.1,8,1.1,nan,5,,,,1.1,0.1,5
2022p023513,2022-01-09T16:48:15Z,-40.13,3.1,176.0,3.8,23.0,6.0,MLv,,,,2.1,0.2,9,2.4,nan,25,,,,2.4,0.2,25
2022p023672,2022-01-09T18:12:51Z,-40.4,3.2,176.06,3.4,22.0,8.0,M,,,,1.8,0.2,11,1.9,nan,10,,,,1.9,0.2,10
2022p023711,2022-01-09T18:33:32Z,-36.9,8.9,177.03,8.0,221.0,9.0,M,,,,3.0,0.5,6,3.8,nan,67,,,,3.8,0.5,67
2022p023760,2022-01-09T18:59:23Z,-38.65,5.5,175.68,7.6,135.0,10.0,M,,,,,,,1.8,nan,7,,,,1.8,0.3,7
2022p023830,2022-01-09T19:36:51Z,-40.44,2.6,175.85,3.0,24.0,6.0,M,,,,1.4,0.2,9,1.6,nan,7,,,,1.6,0.4,7
2022p023871,2022-01-09T19:58:40Z,-37.44,12.7,179.91,8.9,33.0,0.0,MLv,,,,2.6,0.2,12,2.6,nan,4,,,,2.6,0.1,4
2022p023923,2022-01-09T20:25:40Z,-33.71,6.8,-178.46,12.8,12.0,0.0,M,5.5,0.2,20,4.9,0.3,23,5.0,nan,23,4.9,0.4,18,5.1,0.2,23
2022p023975,2022-01-09T20:54:00Z,-38.62,3.1,176.21,4.1,5.0,0.0,M,,,,1.5,0.3,8,1.5,nan,6,,,,1.5,0.1,6
2022p024055,2022-01-09T21:35:27Z,-33.19,6.8,-178.13,14.1,12.0,0.0,M,5.4,0.2,42,5.1,0.3,24,4.9,nan,42,4.9,0.4,42,5.3,0.1,24
2022p024109,2022-01-09T22:05:28Z,-38.63,4.7,176.2,5.0,4.0,6.0,M,,,,1.6,0.3,10,1.6,nan,7,,,,1.6,0.2,7
2022p024135,2022-01-09T22:19:24Z,-41.71,3.5,174.2,3.0,5.0,3.0,M,,,,2.0,0.1,9,2.0,nan,6,,,,2.0,0.2,6
2022p024160,2022-01-09T22:32:39Z,-41.25,2.5,175.65,2.5,12.0,0.0,M,,,,2.2,0.2,13,2.2,nan,12,,,,2.2,0.3,12
2022p024178,2022-01-09T22:42:27Z,-40.47,5.7,174.36,3.8,63.0,12.0,M,,,,2.3,0.2,12,2.3,nan,14,,,,2.3,0.1,14
2022p024233,2022-01-09T23:11:23Z,-40.92,7.1,173.32,4.3,88.0,10.0,M,,,,1.9,0.2,7,2.0,nan,8,,,,2.0,0.2,8
2022p024315,2022-01-09T23:55:21Z,-39.22,2.7,175.38,3.4,13.0,5.0,M,,,,1.7,0.2,18,1.9,nan,20,,,,1.9,0.2,20
2022p024321,2022-01-09T23:58:43Z,-37.71,13.7,175.85,18.5,229.0,17.0,M,,,,,,,2.5,nan,7,,,,2.5,0.4,7
2022p024336,2022-01-10T00:06:18Z,-41.42,6.0,172.6,6.2,81.0,8.0,M,,,,1.9,0.2,6,2.0,nan,6,,,,2.0,0.3,6
2022p024338,2022-01-10T00:06:34Z,-33.68,4.2,179.42,7.8,33.0,0.0,M,6.6,0.2,30,5.8,0.1,8,6.3,nan,94,6.3,0.4,94,6.1,0.2,26
2022p024378,2022-01-10T00:28:40Z,-33.5,93.9,179.46,84.6,33.0,0.0,Mw(mB),4.7,0.3,4,4.5,0.2,7,4.3,nan,2,3.9,0.4,1,4.3,0.0,2
2022p024385,2022-01-10T00:31:53Z,-32.72,76.2,-179.7,64.2,33.0,0.0,Mw(mB),5.0,0.1,7,4.6,0.2,10,4.5,nan,5,4.3,0.4,4,4.6,0.1,5
2022p024391,2022-01-10T00:35:40Z,-33.89,16.3,179.07,6.9,33.0,0.0,Mw(mB),5.2,0.1,20,4.7,0.1,14,4.9,nan,36,4.5,0.4,0,4.9,0.2,36
2022p024399,2022-01-10T00:40:19Z,-39.22,2.6,175.39,3.8,15.0,6.0,M,,,,1.9,0.4,12,1.7,nan,9,,,,1.7,0.1,9
2022p024454,2022-01-10T01:09:24Z,-38.37,15.1,175.35,10.1,243.0,10.0,M,,,,2.2,0.3,7,2.8,nan,18,,,,2.8,0.4,18
2022p024487,2022-01-10T01:26:07Z,-33.61,5.2,179.27,6.3,33.0,0.0,Mw(mB),5.3,0.2,40,4.8,0.2,16,,,,4.7,0.4,3,5.2,0.1,58
2022p024501,2022-01-10T01:34:37Z,-39.98,3.2,174.14,4.3,94.0,9.0,M,,,,2.4,0.1,6,2.4,nan,10,,,,2.4,0.2,10
2022p024515,2022-01-10T01:41:57Z,-39.46,9.9,175.43,8.1,64.0,13.0,M,,,,1.0,0.3,11,1.2,nan,9,,,,1.2,0.3,9
2022p024586,2022-01-10T02:19:40Z,-43.56,4.2,171.72,2.4,5.0,0.0,M,,,,1.6,0.3,8,1.3,nan,2,,,,1.3,0.3,2
2022p024608,2022-01-10T02:31:11Z,-37.32,26.2,176.22,27.4,249.0,27.0,MLv,,,,,,,,,,,,,2.7,0.4,14
2022p024672,2022-01-10T03:05:34Z,-38.62,3.2,176.02,3.0,8.0,7.0,M,,,,1.9,0.4,7,1.9,nan,11,,,,1.9,0.3,11
2022p024700,2022-01-10T03:20:05Z,-33.79,16.8,179.17,7.0,33.0,0.0,Mw(mB),4.4,0.1,2,3.8,0.1,12,4.1,nan,9,3.6,0.4,2,4.1,0.1,9
2022p024733,2022-01-10T03:38:23Z,-40.56,3.0,175.92,2.9,19.0,6.0,MLv,,,,1.1,0.2,7,1.1,nan,2,,,,1.1,0.4,2
2022p024778,2022-01-10T04:01:49Z,-38.33,7.7,175.88,9.2,68.0,20.0,MLv,,,,2.1,0.3,10,1.9,nan,1,,,,1.9,nan,1
2022p024779,2022-01-10T04:02:30Z,-39.23,3.6,177.39,4.7,23.0,6.0,MLv,,,,1.8,0.2,7,1.8,nan,4,,,,1.8,0.2,4
2022p024810,2022-01-10T04:18:52Z,-41.03,3.9,174.09,2.4,31.0,4.0,M,,,,1.8,0.1,9,1.9,nan,7,,,,1.9,0.2,7
2022p024814,2022-01-10T04:21:19Z,-39.26,5.2,175.07,3.3,5.0,0.0,MLv,,,,1.7,0.2,12,1.8,nan,11,,,,1.8,0.3,11
2022p024818,2022-01-10T04:23:07Z,-42.19,2.5,173.51,3.6,5.0,0.0,M,,,,2.4,0.2,8,2.6,nan,6,,,,2.6,0.3,6
2022p024826,2022-01-10T04:27:43Z,-39.35,4.2,174.98,4.1,20.0,11.0,MLv,,,,1.6,0.2,8,1.6,nan,5,,,,1.6,0.2,5
2022p024829,2022-01-10T04:29:01Z,-39.24,4.0,175.43,4.1,11.0,9.0,MLv,,,,0.7,0.2,10,0.8,nan,7,,,,0.8,0.2,7
2022p024870,2022-01-10T04:50:51Z,-38.47,9.8,175.86,14.5,145.0,11.0,MLv,,,,2.0,0.6,5,,,,,,,2.3,0.4,6
2022p024897,2022-01-10T05:05:13Z,-39.12,3.8,174.99,2.9,18.0,8.0,MLv,,,,1.5,0.4,6,,,,,,,1.4,0.3,7
2022p024911,2022-01-10T05:12:36Z,-41.03,5.9,174.59,2.8,40.0,8.0,M,,,,1.5,0.2,8,1.5,nan,4,,,,1.5,0.1,4
2022p024952,2022-01-10T05:34:46Z,-39.72,3.1,176.76,3.5,35.0,7.0,MLv,,,,1.7,0.3,11,,,,,,,1.7,0.2,8
2022p024965,2022-01-10T05:41:30Z,-40.14,2.4,174.94,6.2,12.0,0.0,MLv,,,,1.6,0.2,8,1.7,nan,2,,,,1.7,0.4,2
2022p024985,2022-01-10T05:52:26Z,-40.24,3.8,176.4,5.3,40.0,10.0,MLv,,,,1.3,0.2,7,1.1,nan,5,,,,1.1,0.2,5
2022p025051,2022-01-10T06:26:46Z,-33.59,5.2,179.28,5.6,33.0,0.0,Mw(mB),5.4,0.2,48,4.7,0.2,18,,,,4.8,0.4,49,5.1,0.1,67
2022p025092,2022-01-10T06:49:28Z,-39.51,4.2,177.2,5.8,21.0,7.0,M,,,,1.9,0.3,6,1.9,nan,7,,,,1.9,0.1,7
2022p025095,2022-01-10T06:51:09Z,-40.71,5.8,175.33,3.3,22.0,7.0,M,,,,1.3,0.4,7,1.5,nan,5,,,,1.5,0.3,5
2022p025098,2022-01-10T06:52:50Z,-40.77,6.8,173.23,4.4,147.0,7.0,M,,,,,,,2.5,nan,9,,,,2.5,0.3,9
2022p025142,2022-01-10T07:15:50Z,-33.63,29.1,179.2,13.9,33.0,0.0,Mw(mB),5.0,0.1,5,4.1,0.1,9,4.4,nan,9,4.3,0.4,0,4.4,0.1,9
2022p025147,2022-01-10T07:18:39Z,-42.72,3.0,172.01,3.0,5.0,0.0,MLv,,,,,,,,,,,,,2.1,0.2,2
2022p025211,2022-01-10T07:53:13Z,-37.97,7.2,176.41,8.5,145.0,9.0,MLv,,,,,,,,,,,,,2.1,0.3,7
2022p025261,2022-01-10T08:19:27Z,-39.55,2.8,177.09,4.6,20.0,5.0,M,,,,1.5,0.3,7,1.5,nan,6,,,,1.5,0.2,6
2022p025301,2022-01-10T08:40:27Z,-36.25,16.2,179.14,13.9,137.0,31.0,M,,,,3.1,0.1,13,3.7,nan,25,,,,3.7,0.2,25
2022p025320,2022-01-10T08:50:54Z,-40.35,3.3,176.1,3.2,27.0,7.0,MLv,,,,1.3,0.2,9,,,,,,,1.4,0.2,6
2022p025348,2022-01-10T09:05:49Z,-38.01,3.4,177.86,3.5,32.0,7.0,MLv,,,,1.6,0.2,11,1.7,nan,7,,,,1.7,0.4,7
2022p025361,2022-01-10T09:12:41Z,-38.05,5.6,179.15,6.2,12.0,0.0,M,,,,3.2,0.3,17,3.2,nan,33,,,,3.2,0.2,33
2022p025377,2022-01-10T09:22:44Z,-41.06,2.4,175.3,1.9,22.0,4.0,M,,,,2.3,0.2,15,2.3,nan,18,,,,2.3,0.2,18
2022p025411,2022-01-10T09:39:30Z,-37.45,6.9,179.9,6.9,33.0,0.0,M,,,,3.2,0.2,19,3.4,nan,31,,,,3.4,0.2,31
2022p025422,2022-01-10T09:45:02Z,-37.43,9.7,179.87,7.4,33.0,0.0,M,,,,2.5,0.2,13,2.5,nan,3,,,,2.5,0.1,3
2022p025425,2022-01-10T09:46:53Z,-39.72,4.2,177.23,4.3,25.0,5.0,M,,,,1.8,0.3,16,1.8,nan,6,,,,1.8,0.2,6
2022p025484,2022-01-10T10:17:54Z,-43.82,2.4,170.88,2.2,5.0,0.0,M,,,,1.8,0.2,9,1.8,nan,3,,,,1.8,0.2,3
2022p025490,2022-01-10T10:21:40Z,-40.08,3.7,176.54,3.1,15.0,8.0,M,,,,1.1,0.3,6,1.0,nan,2,,,,1.0,0.1,2
2022p025577,2022-01-10T11:07:50Z,-40.87,3.0,175.54,3.2,22.0,6.0,M,,,,1.5,0.2,10,1.5,nan,5,,,,1.5,0.2,5
2022p025595,2022-01-10T11:17:09Z,-39.81,6.0,173.96,6.6,124.0,13.0,MLv,,,,,,,,,,,,,2.0,0.1,2
2022p025598,2022-01-10T11:18:48Z,-38.29,5.9,176.83,5.6,48.0,8.0,M,,,,1.8,0.2,12,1.8,nan,7,,,,1.8,0.2,7
2022p025618,2022-01-10T11:29:51Z,-38.65,13.8,175.22,13.5,201.0,17.0,M,,,,,,,2.4,nan,4,,,,2.4,0.5,4
2022p025634,2022-01-10T11:37:59Z,-38.39,3.0,177.83,3.6,18.0,6.0,M,,,,2.1,0.2,14,2.1,nan,14,,,,2.1,0.1,14
2022p025645,2022-01-10T11:43:01Z,-33.84,21.9,179.18,9.3,33.0,0.0,Mw(mB),4.3,0.2,3,3.6,0.1,12,3.8,nan,7,3.4,0.4,0,3.8,0.1,7
2022p025671,2022-01-10T11:58:08Z,-37.46,8.5,179.91,9.2,33.0,0.0,M,,,,3.0,0.2,16,3.1,nan,19,,,,3.1,0.2,19
2022p025680,2022-01-10T12:01:59Z,-35.96,12.1,177.8,13.2,33.0,0.0,M,,,,2.7,0.2,7,2.8,nan,7,,,,2.8,0.1,7
2022p025708,2022-01-10T12:16:54Z,-33.57,32.7,179.24,14.1,33.0,0.0,M,,,,3.5,0.1,8,3.6,nan,1,,,,3.6,nan,1
2022p025743,2022-01-10T12:36:00Z,-38.38,2.4,177.83,3.5,20.0,5.0,M,,,,1.9,0.2,14,1.9,nan,11,,,,1.9,0.2,11
2022p025781,2022-01-10T12:56:17Z,-37.45,6.6,179.92,6.8,33.0,0.0,M,,,,3.2,0.3,25,3.3,nan,37,,,,3.3,0.2,37
2022p025790,2022-01-10T13:01:04Z,-39.79,2.9,174.97,3.6,33.0,4.0,M,,,,2.3,0.2,19,2.4,nan,34,,,,2.4,0.2,34
2022p025809,2022-01-10T13:10:21Z,-33.81,16.6,179.15,6.9,33.0,0.0,Mw(mB),4.7,0.1,6,3.9,0.2,14,,,,3.9,0.4,2,4.3,0.1,18
2022p025821,2022-01-10T13:17:42Z,-39.54,4.3,177.11,5.1,19.0,6.0,M,,,,1.7,0.2,11,1.6,nan,5,,,,1.6,0.2,5
2022p025829,2022-01-10T13:22:10Z,-39.5,5.0,174.48,5.4,124.0,9.0,M,,,,,,,1.9,nan,7,,,,1.9,0.3,7
2022p025850,2022-01-10T13:32:49Z,-37.37,18.2,179.93,12.1,33.0,0.0,M,,,,2.2,0.2,11,2.1,nan,2,,,,2.1,0.0,2
2022p025858,2022-01-10T13:37:17Z,-41.3,3.8,175.08,3.4,29.0,7.0,M,,,,1.2,0.3,8,1.3,nan,3,,,,1.3,0.2,3
2022p025875,2022-01-10T13:46:32Z,-37.1,4.5,179.0,8.3,12.0,0.0,M,,,,2.7,0.2,19,2.7,nan,16,,,,2.7,0.1,16
2022p025914,2022-01-10T14:07:07Z,-38.63,2.7,176.02,2.4,4.0,3.0,M,,,,2.2,0.3,19,2.1,nan,26,,,,2.1,0.2,26
2022p025915,2022-01-10T14:08:03Z,-37.5,17.4,179.8,9.6,12.0,0.0,M,,,,2.5,0.2,13,2.6,nan,5,,,,2.6,0.1,5
2022p025986,2022-01-10T14:45:01Z,-33.63,13.1,179.34,7.2,33.0,0.0,Mw(mB),4.9,0.1,18,4.2,0.2,19,,,,4.1,0.4,4,4.5,0.1,37
2022p025990,2022-01-10T14:48:22Z,-40.5,3.8,175.58,4.8,23.0,8.0,M,,,,1.5,0.2,8,1.7,nan,3,,,,1.7,0.4,3
2022p025998,2022-01-10T14:52:00Z,-39.34,8.8,173.56,10.0,5.0,0.0,M,,,,2.1,0.1,6,2.2,nan,7,,,,2.2,0.2,7
2022p026005,2022-01-10T14:55:54Z,-44.69,3.2,168.51,3.7,5.0,0.0,M,,,,2.0,0.2,9,2.2,nan,1,,,,2.2,nan,1
2022p026018,2022-01-10T15:02:59Z,-39.1,6.3,175.25,6.6,130.0,6.0,M,,,,1.1,0.0,2,2.3,nan,37,,,,2.3,0.4,37
2022p026024,2022-01-10T15:05:37Z,-33.66,13.6,179.36,9.3,33.0,0.0,Mw(mB),4.5,0.2,2,3.9,0.2,16,,,,3.7,0.4,2,4.1,0.1,8
2022p026065,2022-01-10T15:26:51Z,-33.8,29.2,179.09,14.8,33.0,0.0,MLv,5.2,nan,1,3.5,0.3,6,3.5,nan,3,4.5,0.4,1,3.5,0.2,3
2022p026067,2022-01-10T15:28:33Z,-38.17,12.3,176.01,9.0,151.0,13.0,M,,,,,,,2.4,nan,29,,,,2.4,0.3,29
2022p026084,2022-01-10T15:37:20Z,-33.86,32.0,179.16,15.2,33.0,0.0,Mw(mB),3.9,nan,1,3.4,0.1,13,3.5,nan,7,2.9,0.4,1,3.5,0.1,7
2022p026092,2022-01-10T15:41:50Z,-40.57,5.2,174.49,3.6,25.0,7.0,M,,,,1.8,0.2,11,1.9,nan,3,,,,1.9,0.1,3
2022p026134,2022-01-10T16:03:47Z,-33.45,11.8,179.34,8.0,33.0,0.0,Mw(mB),4.3,0.1,5,3.8,0.1,13,3.9,nan,8,3.4,0.4,3,4.0,0.1,8
2022p026143,2022-01-10T16:09:26Z,-38.39,3.6,177.45,2.9,23.0,5.0,M,,,,2.0,0.3,11,1.8,nan,6,,,,1.8,0.3,6
2022p026196,2022-01-10T16:37:40Z,-39.19,3.6,174.62,3.3,16.0,4.0,M,,,,1.7,0.3,12,1.8,nan,6,,,,1.8,0.5,6
2022p026204,2022-01-10T16:41:06Z,-33.42,14.1,179.25,10.0,33.0,0.0,Mw(mB),4.7,0.1,6,4.0,0.1,12,,,,3.9,0.4,5,4.3,0.1,20
2022p026221,2022-01-10T16:50:52Z,-40.32,2.7,176.1,3.4,11.0,9.0,MLv,,,,,,,,,,,,,1.8,0.2,15
2022p026230,2022-01-10T16:55:39Z,-38.09,4.9,176.22,5.9,141.0,10.0,M,,,,,,,2.3,nan,16,,,,2.3,0.4,16
2022p026299,2022-01-10T17:32:23Z,-41.2,5.9,172.6,5.3,112.0,7.0,MLv,,,,,,,,,,,,,2.9,0.2,24
2022p026350,2022-01-10T17:59:40Z,-42.82,3.0,173.01,3.3,21.0,6.0,M,,,,2.5,0.2,5,2.5,nan,8,,,,2.5,0.2,8
2022p026527,2022-01-10T19:34:07Z,-44.6,4.5,167.09,5.7,5.0,0.0,M,,,,2.9,0.1,8,3.0,nan,7,,,,3.0,0.1,7
2022p026671,2022-01-10T20:50:28Z,-41.79,6.1,174.84,4.9,22.0,7.0,M,,,,1.8,0.2,13,1.8,nan,7,,,,1.8,0.2,7
2022p026973,2022-01-10T23:31:22Z,-45.18,4.8,167.47,5.8,64.0,10.0,MLv,,,,2.4,0.3,10,2.3,nan,4,,,,2.3,0.1,4
2022p027025,2022-01-10T23:59:16Z,-39.16,5.3,175.65,5.0,7.0,18.0,M,,,,0.6,0.2,7,0.6,nan,6,,,,0.6,0.3,6
2022p027076,2022-01-11T00:26:33Z,-40.9,4.5,175.43,3.0,24.0,7.0,MLv,,,,1.4,0.3,9,1.4,nan,5,,,,1.4,0.2,5
2022p027188,2022-01-11T01:26:55Z,-40.88,35.4,173.59,35.0,309.0,58.0,M,,,,,,,3.5,nan,49,,,,3.5,0.3,49
2022p027246,2022-01-11T01:56:40Z,-41.66,3.7,173.26,4.2,40.0,7.0,M,,,,1.9,0.3,9,2.3,nan,5,,,,2.3,0.3,5
2022p027248,2022-01-11T01:57:21Z,-34.56,21.9,179.47,41.8,200.0,0.0,M,,,,3.2,0.1,4,3.5,nan,4,,,,3.5,0.1,4
2022p027352,2022-01-11T02:53:40Z,-40.46,3.0,173.81,3.6,99.0,8.0,M,,,,,,,2.7,nan,24,,,,2.7,0.2,24
2022p027442,2022-01-11T03:41:57Z,-39.72,4.9,174.14,6.0,180.0,7.0,M,,,,,,,2.9,nan,30,,,,2.9,0.3,30
2022p027469,2022-01-11T03:55:58Z,-42.89,2.4,172.66,2.7,30.0,5.0,M,,,,3.0,0.2,5,3.2,nan,22,,,,3.2,0.2,22
2022p027500,2022-01-11T04:12:29Z,-38.74,7.5,176.1,7.3,80.0,13.0,M,,,,1.7,0.4,9,1.6,nan,5,,,,1.6,0.4,5
2022p027519,2022-01-11T04:22:34Z,-39.59,2.4,177.03,3.7,24.0,4.0,M,,,,2.5,0.2,10,2.5,nan,10,,,,2.5,0.2,10
2022p027532,2022-01-11T04:29:14Z,-40.13,3.5,176.34,5.5,39.0,7.0,M,,,,1.2,0.3,8,0.8,nan,3,,,,0.8,0.1,3
2022p027574,2022-01-11T04:52:03Z,-40.27,3.8,175.08,4.9,33.0,7.0,M,,,,2.2,0.1,13,2.1,nan,12,,,,2.1,0.1,12
2022p027658,2022-01-11T05:36:17Z,-41.32,4.6,174.7,2.7,26.0,5.0,MLv,,,,1.6,0.2,9,1.3,nan,5,,,,1.3,0.2,5
2022p027696,2022-01-11T05:56:11Z,-35.34,28.2,178.98,39.7,211.0,33.0,MLv,,,,3.2,0.3,6,3.4,nan,3,,,,3.4,0.3,3
2022p027805,2022-01-11T06:55:02Z,-37.47,8.6,179.81,7.2,12.0,0.0,M,,,,3.0,0.2,14,3.0,nan,13,,,,3.0,0.2,13
2022p027811,2022-01-11T06:58:02Z,-38.51,2.7,178.02,3.6,23.0,5.0,M,,,,2.4,0.2,12,2.4,nan,16,,,,2.4,0.1,16
2022p027829,2022-01-11T07:08:30Z,-39.5,7.2,175.9,4.6,11.0,8.0,M,,,,0.9,0.5,7,0.5,nan,4,,,,0.5,0.6,4
2022p027854,2022-01-11T07:20:46Z,-40.41,2.4,175.89,2.7,18.0,5.0,M,,,,2.6,0.4,13,2.2,nan,22,,,,2.2,0.2,22
2022p027855,2022-01-11T07:21:27Z,-40.43,2.0,175.91,2.1,22.0,4.0,M,,,,3.3,0.3,15,3.3,nan,55,,,,3.3,0.2,55
2022p027915,2022-01-11T07:53:39Z,-39.6,4.0,177.07,6.9,26.0,8.0,M,,,,1.2,0.2,6,1.2,nan,4,,,,1.2,0.2,4
2022p027940,2022-01-11T08:06:40Z,-39.2,3.2,174.76,2.2,16.0,4.0,MLv,,,,4.0,0.2,24,,,,,,,3.8,0.2,91
2022p028072,2022-01-11T09:17:26Z,-37.75,16.9,176.77,12.9,124.0,17.0,MLv,,,,,,,,,,,,,2.1,0.3,3
2022p028085,2022-01-11T09:23:44Z,-39.22,4.6,174.75,2.9,20.0,7.0,M,,,,2.0,0.3,10,1.9,nan,7,,,,1.9,0.2,7
2022p028116,2022-01-11T09:40:27Z,-41.67,3.7,174.27,5.3,13.0,7.0,M,,,,1.8,0.4,6,1.5,nan,1,,,,1.5,nan,1
2022p028126,2022-01-11T09:45:45Z,-38.81,25.5,176.04,14.8,87.0,24.0,M,,,,1.4,0.2,8,1.5,nan,6,,,,1.5,0.2,6
2022p028226,2022-01-11T10:38:58Z,-38.52,3.4,178.02,3.6,22.0,6.0,M,,,,2.2,0.2,13,2.2,nan,12,,,,2.2,0.2,12
2022p028230,2022-01-11T10:40:58Z,-37.0,12.3,177.33,11.5,114.0,15.0,MLv,,,,2.1,0.0,8,,,,,,,2.5,0.4,4
2022p028266,2022-01-11T11:00:28Z,-37.53,12.2,179.96,9.3,33.0,0.0,M,,,,2.6,0.1,12,2.7,nan,9,,,,2.7,0.1,9
2022p028275,2022-01-11T11:05:24Z,-38.83,5.7,176.21,3.9,69.0,8.0,M,,,,2.0,0.3,20,2.0,nan,19,,,,2.0,0.3,19
2022p028429,2022-01-11T12:27:24Z,-39.95,3.2,176.53,3.6,14.0,9.0,M,,,,1.2,0.3,10,1.1,nan,3,,,,1.1,0.2,3
2022p028436,2022-01-11T12:30:41Z,-33.87,28.8,179.22,14.9,33.0,0.0,M,,,,3.8,0.2,11,3.8,nan,4,,,,3.8,0.1,4
2022p028439,2022-01-11T12:32:31Z,-38.44,10.3,175.75,11.6,148.0,13.0,M,,,,1.6,0.2,8,2.1,nan,9,,,,2.1,0.3,9
2022p028509,2022-01-11T13:10:03Z,-42.2,2.7,173.53,3.2,5.0,0.0,M,,,,2.1,0.2,8,2.3,nan,3,,,,2.3,0.1,3
2022p028522,2022-01-11T13:16:52Z,-39.28,2.8,175.55,5.3,4.0,4.0,M,,,,0.8,0.3,12,1.0,nan,6,,,,1.0,0.3,6
2022p028553,2022-01-11T13:33:31Z,-39.88,4.0,176.59,3.8,20.0,8.0,M,,,,1.4,0.3,11,1.2,nan,5,,,,1.2,0.3,5
2022p028583,2022-01-11T13:49:26Z,-38.83,3.3,177.88,5.5,21.0,9.0,M,,,,1.6,0.3,8,1.6,nan,7,,,,1.6,0.3,7
2022p028588,2022-01-11T13:52:11Z,-41.23,6.7,173.96,4.8,37.0,9.0,M,,,,1.7,0.2,10,1.2,nan,2,,,,1.2,0.2,2
2022p028656,2022-01-11T14:28:43Z,-40.42,3.1,175.9,3.0,16.0,5.0,M,,,,1.8,0.2,16,1.8,nan,8,,,,1.8,0.4,8
2022p028661,2022-01-11T14:30:53Z,-39.21,4.4,174.65,4.1,19.0,6.0,M,,,,2.0,0.4,6,2.3,nan,2,,,,2.3,0.2,2
2022p028664,2022-01-11T14:32:30Z,-35.46,15.7,178.43,13.4,173.0,31.0,M,,,,3.3,0.2,9,3.5,nan,5,,,,3.5,0.2,5
2022p028749,2022-01-11T15:17:34Z,-38.67,4.0,176.08,4.6,5.0,0.0,MLv,,,,1.8,0.3,9,1.7,nan,10,,,,1.7,0.3,10
2022p028967,2022-01-11T17:13:40Z,-43.05,3.9,171.51,3.0,5.0,0.0,ML,,,,1.2,nan,1,1.7,nan,3,,,,1.7,0.5,3
2022p028997,2022-01-11T17:29:54Z,-39.26,4.4,177.36,4.6,24.0,7.0,M,,,,1.8,0.2,9,1.9,nan,4,,,,1.9,0.1,4
2022p029016,2022-01-11T17:40:06Z,-36.75,10.0,177.85,13.4,129.0,12.0,M,,,,2.2,0.2,9,2.3,nan,2,,,,2.3,0.3,2
2022p029339,2022-01-11T20:32:05Z,-41.28,8.6,172.48,7.5,169.0,8.0,M,,,,,,,2.4,nan,3,,,,2.4,0.5,3
2022p029349,2022-01-11T20:37:18Z,-41.05,3.8,174.26,2.8,28.0,4.0,M,,,,2.1,0.1,14,2.2,nan,7,,,,2.2,0.1,7
2022p029355,2022-01-11T20:40:38Z,-40.42,2.8,175.93,3.5,18.0,5.0,M,,,,1.4,0.2,8,1.7,nan,4,,,,1.7,0.3,4
2022p029512,2022-01-11T22:04:11Z,-38.47,9.0,175.87,7.6,131.0,11.0,M,,,,1.8,0.4,8,1.9,nan,5,,,,1.9,0.3,5
2022p029571,2022-01-11T22:35:39Z,-38.21,5.9,176.03,4.6,148.0,8.0,M,,,,,,,3.2,nan,55,,,,3.2,0.3,55
2022p029599,2022-01-11T22:50:50Z,-43.47,3.6,172.81,3.6,5.0,4.0,M,,,,2.2,0.1,6,2.2,nan,5,,,,2.2,0.2,5
2022p029754,2022-01-12T00:12:53Z,-39.46,6.3,174.35,6.2,124.0,9.0,M,,,,2.0,0.1,6,2.2,nan,8,,,,2.2,0.2,8
2022p029993,2022-01-12T02:20:34Z,-38.58,2.8,177.85,3.9,16.0,5.0,M,,,,1.6,0.3,8,1.6,nan,6,,,,1.6,0.2,6
2022p029995,2022-01-12T02:22:05Z,-39.61,2.6,176.8,3.1,24.0,5.0,M,,,,1.9,0.3,13,1.9,nan,16,,,,1.9,0.2,16
2022p030077,2022-01-12T03:04:24Z,-33.01,5.0,-178.59,10.9,12.0,0.0,MLv,5.6,0.2,52,5.2,0.4,18,,,,5.1,0.4,12,5.7,0.2,51
2022p030085,2022-01-12T03:09:37Z,-38.84,2.8,177.26,2.7,28.0,6.0,M,,,,2.5,0.3,12,2.5,nan,8,,,,2.5,0.2,8
2022p030105,2022-01-12T03:20:11Z,-38.91,4.7,175.39,7.1,5.0,0.0,M,,,,1.2,0.1,10,1.1,nan,6,,,,1.1,0.1,6
2022p030184,2022-01-12T04:02:36Z,-36.27,15.0,177.76,17.6,211.0,15.0,M,,,,2.7,0.2,11,3.2,nan,8,,,,3.2,0.2,8
2022p030230,2022-01-12T04:27:43Z,-39.64,9.0,175.26,10.3,42.0,22.0,M,,,,1.5,0.3,13,1.6,nan,4,,,,1.6,0.3,4
2022p030243,2022-01-12T04:33:49Z,-37.78,4.6,176.34,4.4,175.0,7.0,M,,,,1.5,0.3,2,3.4,nan,73,,,,3.4,0.5,73
2022p030332,2022-01-12T05:20:56Z,-39.31,5.8,177.54,4.1,23.0,8.0,M,,,,1.9,0.3,9,2.1,nan,3,,,,2.1,0.1,3
2022p030342,2022-01-12T05:26:43Z,-39.56,2.8,176.78,3.3,29.0,6.0,M,,,,1.7,0.3,9,1.7,nan,7,,,,1.7,0.2,7
2022p030389,2022-01-12T05:51:43Z,-40.27,6.4,173.44,5.1,165.0,7.0,M,,,,,,,2.6,nan,16,,,,2.6,0.1,16
2022p030459,2022-01-12T06:29:40Z,-40.89,5.4,174.67,3.9,35.0,9.0,MLv,,,,1.8,0.1,8,1.8,nan,9,,,,1.8,0.2,9
2022p030531,2022-01-12T07:07:08Z,-43.23,2.9,172.5,2.8,19.0,5.0,M,,,,2.4,0.2,5,2.6,nan,6,,,,2.6,0.2,6
2022p030592,2022-01-12T07:39:46Z,-39.38,3.8,175.55,2.7,8.0,6.0,MLv,,,,0.8,0.2,11,0.8,nan,5,,,,0.8,0.4,5
2022p030596,2022-01-12T07:41:53Z,-38.86,3.2,177.89,5.1,31.0,8.0,M,,,,1.8,0.3,9,1.8,nan,6,,,,1.8,0.2,6
2022p030663,2022-01-12T08:16:45Z,-44.47,5.4,167.66,6.4,5.0,0.0,M,,,,2.3,0.1,8,2.4,nan,2,,,,2.4,0.1,2
2022p030662,2022-01-12T08:16:54Z,-39.17,5.6,175.63,5.2,5.0,0.0,M,,,,0.6,0.1,6,0.5,nan,3,,,,0.5,0.3,3
2022p030739,2022-01-12T08:57:46Z,-39.49,5.7,175.65,4.8,15.0,9.0,MLv,,,,1.3,0.3,9,1.4,nan,6,,,,1.4,0.3,6
2022p030795,2022-01-12T09:27:30Z,-39.44,8.2,174.32,7.3,197.0,7.0,M,,,,2.2,0.3,5,2.6,nan,15,,,,2.6,0.2,15
2022p030863,2022-01-12T10:04:08Z,-37.44,14.3,176.31,14.0,215.0,12.0,MLv,,,,,,,2.1,nan,3,,,,2.1,0.5,3
2022p030948,2022-01-12T10:49:36Z,-39.33,6.4,174.56,4.8,189.0,5.0,MLv,,,,5.2,0.3,20,,,,,,,5.8,0.4,128
2022p030972,2022-01-12T11:02:11Z,-39.35,7.7,174.55,9.0,168.0,13.0,MLv,,,,1.7,0.4,6,1.7,nan,5,,,,1.7,0.3,5
2022p030991,2022-01-12T11:12:04Z,-39.95,3.1,176.65,3.2,35.0,6.0,M,,,,1.4,0.3,11,1.4,nan,6,,,,1.4,0.4,6
2022p031008,2022-01-12T11:21:27Z,-38.51,3.5,178.02,4.2,23.0,6.0,MLv,,,,1.7,0.2,12,1.6,nan,4,,,,1.6,0.3,4
2022p031012,2022-01-12T11:23:27Z,-39.47,6.4,175.7,4.8,15.0,12.0,MLv,,,,0.9,0.3,6,1.1,nan,6,,,,1.1,0.2,6
2022p031081,2022-01-12T11:59:48Z,-33.25,9.4,-178.15,21.3,33.0,0.0,Mw(mB),,,,,,,,,,3.8,0.4,5,,,
2022p031152,2022-01-12T12:38:13Z,-40.63,3.0,175.83,2.9,23.0,5.0,MLv,,,,1.6,0.2,12,1.5,nan,7,,,,1.5,0.2,7
2022p031265,2022-01-12T13:38:19Z,-42.8,5.6,173.77,7.4,28.0,7.0,M,,,,2.5,0.2,12,2.5,nan,6,,,,2.5,0.3,6
2022p031310,2022-01-12T14:02:21Z,-39.19,5.2,174.78,4.6,21.0,7.0,M,,,,1.9,0.3,12,1.9,nan,3,,,,1.9,0.3,3
2022p031353,2022-01-12T14:25:13Z,-37.22,9.8,177.21,10.6,122.0,15.0,MLv,,,,2.2,0.2,10,2.2,nan,5,,,,2.2,0.2,5
2022p031393,2022-01-12T14:46:17Z,-39.38,5.1,174.51,5.4,139.0,7.0,MLv,,,,2.5,0.3,10,,,,,,,2.7,0.3,34
2022p031403,2022-01-12T14:51:47Z,-38.11,4.8,175.92,5.1,176.0,8.0,MLv,,,,,,,3.0,nan,46,,,,3.0,0.4,46
2022p031413,2022-01-12T14:56:30Z,-38.64,5.2,176.16,5.7,93.0,10.0,MLv,,,,,,,2.6,nan,25,,,,2.6,0.4,25
2022p031412,2022-01-12T14:56:30Z,-38.61,3.7,176.13,3.3,92.0,7.0,M,,,,2.9,0.6,27,3.2,nan,76,,,,3.2,0.5,76
2022p031417,2022-01-12T14:59:30Z,-37.85,14.1,176.03,12.0,215.0,12.0,M,,,,2.0,0.2,6,2.2,nan,3,,,,2.2,0.1,3
2022p031520,2022-01-12T15:53:51Z,-38.75,3.2,177.89,6.1,24.0,6.0,M,,,,1.5,0.2,8,1.3,nan,3,,,,1.3,0.2,3
2022p031541,2022-01-12T16:05:12Z,-35.15,8.9,-179.38,15.0,100.0,0.0,MLv,,,,,,,3.8,nan,8,,,,3.8,0.1,8
2022p031619,2022-01-12T16:46:55Z,-38.8,3.3,177.99,5.1,20.0,4.0,MLv,,,,2.2,0.2,16,,,,,,,2.2,0.2,10
2022p031632,2022-01-12T16:53:44Z,-38.53,3.7,176.18,2.9,4.0,4.0,MLv,,,,1.8,0.3,8,1.9,nan,6,,,,1.9,0.3,6
2022p031681,2022-01-12T17:20:18Z,-37.87,11.7,176.44,10.7,89.0,20.0,M,,,,,,,2.1,nan,2,,,,2.1,0.2,2
2022p031730,2022-01-12T17:45:43Z,-37.65,6.8,176.56,5.9,127.0,15.0,M,,,,2.1,0.1,6,2.0,nan,3,,,,2.0,0.1,3
2022p031793,2022-01-12T18:19:27Z,-38.6,5.7,175.78,8.1,144.0,9.0,M,,,,,,,2.5,nan,12,,,,2.5,0.4,12
2022p031915,2022-01-12T19:24:30Z,-41.4,4.1,173.77,3.3,42.0,5.0,M,,,,2.4,0.1,13,2.5,nan,7,,,,2.5,0.2,7
2022p031943,2022-01-12T19:39:40Z,-39.2,4.3,174.77,2.8,19.0,6.0,M,,,,2.5,0.2,13,2.5,nan,12,,,,2.5,0.2,12
2022p031956,2022-01-12T19:46:35Z,-40.96,2.6,174.97,2.6,25.0,4.0,M,,,,2.0,0.2,13,2.0,nan,6,,,,2.0,0.3,6
2022p032136,2022-01-12T21:22:20Z,-45.2,6.7,167.4,6.7,66.0,10.0,M,,,,2.4,0.2,9,2.7,nan,1,,,,2.7,nan,1
2022p032142,2022-01-12T21:25:22Z,-39.92,2.7,176.4,2.8,14.0,5.0,M,,,,1.5,0.2,9,1.6,nan,3,,,,1.6,0.3,3
2022p032251,2022-01-12T22:23:31Z,-38.49,4.1,177.63,4.3,46.0,8.0,M,,,,2.2,0.3,14,2.0,nan,6,,,,2.0,0.3,6
2022p032280,2022-01-12T22:39:05Z,-39.54,11.9,175.68,9.2,48.0,13.0,M,,,,1.4,0.4,13,1.1,nan,2,,,,1.1,0.5,2
2022p032482,2022-01-13T00:26:28Z,-37.11,7.4,177.28,6.0,12.0,0.0,M,,,,2.3,0.1,8,2.6,nan,5,,,,2.6,0.6,5
2022p032492,2022-01-13T00:32:15Z,-43.56,2.8,171.54,2.7,4.0,3.0,M,,,,2.0,0.2,8,2.2,nan,2,,,,2.2,0.3,2
2022p032535,2022-01-13T00:54:45Z,-40.36,3.3,176.55,5.0,20.0,5.0,M,,,,1.8,0.2,9,1.5,nan,4,,,,1.5,0.2,4
2022p032553,2022-01-13T01:04:31Z,-39.49,5.6,175.73,4.8,12.0,8.0,M,,,,1.7,0.3,9,1.8,nan,10,,,,1.8,0.2,10
2022p032555,2022-01-13T01:06:42Z,-40.41,3.0,175.91,4.3,19.0,9.0,M,,,,1.1,0.4,7,1.2,nan,2,,,,1.2,0.3,2
2022p032644,2022-01-13T01:53:01Z,-40.86,3.7,175.21,2.7,29.0,5.0,M,,,,1.6,0.3,10,1.5,nan,6,,,,1.5,0.3,6
2022p032664,2022-01-13T02:03:28Z,-41.6,3.8,171.84,5.4,5.0,0.0,M,,,,2.6,0.2,11,2.4,nan,5,,,,2.4,0.3,5
2022p032665,2022-01-13T02:04:05Z,-44.0,3.9,169.66,3.0,5.0,0.0,M,,,,2.2,0.3,6,1.9,nan,1,,,,1.9,nan,1
2022p032726,2022-01-13T02:36:29Z,-38.93,2.3,175.85,2.8,5.0,0.0,M,,,,2.0,0.2,16,2.0,nan,18,,,,2.0,0.2,18
2022p032799,2022-01-13T03:15:40Z,-40.94,7.1,173.24,4.4,105.0,7.0,M,,,,,,,2.3,nan,4,,,,2.3,0.5,4
2022p032808,2022-01-13T03:20:23Z,-45.69,3.4,166.6,5.4,5.0,0.0,M,,,,4.7,0.2,7,5.0,nan,31,,,,5.0,0.2,31
2022p032813,2022-01-13T03:23:08Z,-38.19,8.0,177.35,4.7,34.0,10.0,MLv,,,,2.0,0.4,8,2.0,nan,4,,,,2.0,0.3,4
2022p032833,2022-01-13T03:33:45Z,-41.21,2.6,175.36,2.8,12.0,7.0,M,,,,1.4,0.2,10,1.2,nan,3,,,,1.2,0.2,3
2022p032861,2022-01-13T03:48:47Z,-45.71,4.8,166.58,8.7,5.0,0.0,M,,,,2.6,0.1,7,2.7,nan,3,,,,2.7,0.2,3
2022p032873,2022-01-13T03:55:14Z,-37.84,10.2,179.72,7.9,12.0,0.0,M,,,,2.8,0.1,12,2.9,nan,6,,,,2.9,0.1,6
2022p032880,2022-01-13T03:58:35Z,-45.73,4.0,166.68,5.6,5.0,0.0,MLv,,,,2.6,0.1,8,2.8,nan,2,,,,2.8,0.3,2
2022p032912,2022-01-13T04:15:42Z,-45.75,6.1,166.74,10.4,5.0,0.0,M,,,,2.6,0.1,7,2.6,nan,3,,,,2.6,0.2,3
2022p033043,2022-01-13T05:26:09Z,-40.04,3.5,176.31,3.9,44.0,8.0,M,,,,1.5,0.3,10,1.6,nan,6,,,,1.6,0.4,6
2022p033127,2022-01-13T06:10:16Z,-39.36,6.6,175.25,10.7,54.0,14.0,M,,,,,,,2.1,nan,1,,,,,,
2022p033154,2022-01-13T06:24:30Z,-45.71,4.7,166.63,6.6,5.0,0.0,M,,,,2.6,0.1,7,2.7,nan,5,,,,2.7,0.1,5
2022p033204,2022-01-13T06:51:14Z,-39.97,5.1,174.57,5.6,90.0,12.0,MLv,,,,,,,2.1,nan,3,,,,2.1,0.7,3
2022p033269,2022-01-13T07:25:44Z,-38.01,6.7,176.35,6.4,127.0,8.0,M,,,,,,,2.5,nan,12,,,,2.5,0.4,12
2022p033310,2022-01-13T07:48:08Z,-38.65,4.5,176.58,6.1,43.0,8.0,M,,,,1.6,0.3,10,1.4,nan,4,,,,1.4,0.4,4
2022p033432,2022-01-13T08:53:00Z,-45.72,4.9,166.69,7.8,5.0,0.0,M,,,,3.4,0.1,8,3.6,nan,8,,,,3.6,0.2,8
2022p033506,2022-01-13T09:31:29Z,-33.75,8.3,179.13,9.1,33.0,0.0,M,,,,3.9,0.1,13,3.9,nan,5,,,,3.9,0.1,5
2022p033603,2022-01-13T10:23:54Z,-45.72,8.6,166.65,14.6,5.0,0.0,M,,,,2.2,0.2,6,2.5,nan,1,,,,2.5,nan,1
2022p033614,2022-01-13T10:29:32Z,-37.54,49.8,178.28,27.1,38.0,16.0,MLv,,,,2.0,0.3,10,1.8,nan,4,,,,1.8,0.4,4
2022p033675,2022-01-13T11:02:33Z,-39.12,3.4,175.16,2.9,17.0,6.0,MLv,,,,1.5,0.4,8,1.2,nan,5,,,,1.2,0.2,5
2022p033689,2022-01-13T11:09:55Z,-41.7,2.2,174.15,2.2,9.0,3.0,M,,,,2.8,0.2,15,2.8,nan,21,,,,2.8,0.2,21
2022p033770,2022-01-13T11:53:13Z,-39.52,10.0,175.71,6.5,9.0,13.0,M,,,,1.0,0.5,7,0.5,nan,2,,,,0.5,0.1,2
2022p033786,2022-01-13T12:01:32Z,-41.11,3.4,175.68,4.1,27.0,7.0,M,,,,1.2,0.3,9,1.0,nan,3,,,,1.0,0.2,3
2022p033805,2022-01-13T12:11:47Z,-40.63,2.5,175.02,3.1,26.0,3.0,M,,,,2.9,0.2,24,2.8,nan,33,,,,2.8,0.2,33
2022p033828,2022-01-13T12:23:48Z,-39.93,3.0,176.68,2.7,15.0,7.0,M,,,,1.4,0.4,7,1.3,nan,2,,,,1.3,0.0,2
2022p033853,2022-01-13T12:36:49Z,-35.96,16.8,178.86,15.6,156.0,23.0,M,,,,3.5,0.2,9,3.6,nan,6,,,,3.6,0.2,6
2022p033924,2022-01-13T13:15:13Z,-39.2,4.2,174.75,3.9,20.0,6.0,M,,,,2.0,0.3,13,1.6,nan,1,,,,1.6,nan,1
2022p033972,2022-01-13T13:40:24Z,-40.87,3.5,175.46,2.5,19.0,6.0,M,,,,2.2,0.2,12,2.1,nan,14,,,,2.1,0.1,14
2022p034085,2022-01-13T14:40:35Z,-38.93,3.9,175.89,3.5,5.0,0.0,M,,,,1.2,0.2,8,1.0,nan,2,,,,1.0,0.3,2
2022p034130,2022-01-13T15:04:39Z,-41.13,9.2,173.58,5.7,68.0,11.0,M,,,,1.9,0.3,7,1.8,nan,3,,,,1.8,0.2,3
2022p034200,2022-01-13T15:39:23Z,-23.34,19.3,176.24,247.2,600.0,0.0,,,,,,,,,,,,,,,,
2022p034210,2022-01-13T15:47:32Z,-39.18,6.1,175.01,3.7,12.0,9.0,M,,,,1.7,0.3,12,1.5,nan,2,,,,1.5,0.3,2
2022p034279,2022-01-13T16:24:12Z,-37.93,7.2,176.15,5.6,196.0,8.0,M,,,,,,,2.8,nan,23,,,,2.8,0.4,23
2022p034343,2022-01-13T16:58:50Z,-39.24,3.6,175.44,5.8,5.0,11.0,M,,,,0.7,0.1,8,0.8,nan,2,,,,0.8,0.6,2
2022p034407,2022-01-13T17:32:03Z,-38.0,7.9,175.91,10.5,178.0,10.0,MLv,,,,2.2,0.2,7,2.3,nan,6,,,,2.3,0.1,6
2022p034414,2022-01-13T17:36:06Z,-38.57,13.5,175.57,8.9,126.0,15.0,M,,,,1.6,0.3,10,2.0,nan,3,,,,2.0,0.1,3
2022p034482,2022-01-13T18:12:10Z,-41.09,3.9,174.68,3.9,25.0,8.0,M,,,,1.5,0.2,6,1.5,nan,4,,,,1.5,0.3,4
2022p034547,2022-01-13T18:47:20Z,-39.82,3.3,176.61,3.4,19.0,9.0,M,,,,1.2,0.4,6,1.1,nan,2,,,,1.1,0.2,2
2022p034729,2022-01-13T20:24:02Z,-39.2,5.0,174.78,2.6,19.0,6.0,MLv,,,,2.0,0.3,8,1.9,nan,5,,,,1.9,0.0,5
2022p034762,2022-01-13T20:41:16Z,-40.02,2.4,176.53,2.9,33.0,4.0,MLv,,,,1.9,0.2,12,2.0,nan,12,,,,2.0,0.1,12
2022p034778,2022-01-13T20:50:00Z,-40.67,4.9,175.38,2.9,5.0,0.0,MLv,,,,1.5,0.3,8,1.3,nan,7,,,,1.3,0.1,7
2022p034853,2022-01-13T21:29:39Z,-34.89,29.1,179.16,31.0,162.0,54.0,M,,,,3.6,0.1,6,3.7,nan,5,,,,3.7,0.2,5
2022p034980,2022-01-13T22:37:14Z,-39.76,2.8,176.79,3.7,37.0,6.0,MLv,,,,1.5,0.2,10,,,,,,,1.3,0.2,6
2022p035051,2022-01-13T23:15:27Z,-41.46,3.4,174.38,2.1,5.0,0.0,MLv,,,,1.6,0.3,11,,,,,,,1.5,0.3,5
2022p035064,2022-01-13T23:22:22Z,-41.69,2.7,174.19,2.4,5.0,4.0,M,,,,2.2,0.2,14,2.2,nan,9,,,,2.2,0.2,9
2022p035078,2022-01-13T23:30:53Z,-38.31,2.2,176.32,3.0,4.0,3.0,MLv,,,,1.4,0.3,7,1.6,nan,6,,,,1.6,0.2,6
2022p035080,2022-01-13T23:31:49Z,-38.31,2.8,176.31,2.9,3.0,3.0,M,,,,1.6,0.2,8,1.6,nan,8,,,,1.6,0.2,8
2022p035083,2022-01-13T23:32:37Z,-38.32,3.5,176.32,3.0,5.0,0.0,M,,,,1.8,0.2,7,1.8,nan,7,,,,1.8,0.2,7
2022p035158,2022-01-14T00:12:20Z,-38.39,5.9,178.58,9.3,24.0,9.0,M,,,,1.9,0.2,8,2.1,nan,4,,,,2.1,0.2,4
2022p035295,2022-01-14T01:25:35Z,-38.51,3.6,175.91,4.1,5.0,8.0,MLv,,,,,,,,,,,,,2.1,0.2,7
2022p035369,2022-01-14T02:04:54Z,-40.38,2.7,175.8,2.9,24.0,5.0,M,,,,1.8,0.2,10,1.7,nan,6,,,,1.7,0.3,6
2022p035371,2022-01-14T02:06:04Z,-39.4,14.1,175.04,4.5,18.0,15.0,M,,,,1.7,0.2,6,1.5,nan,4,,,,1.5,0.4,4
2022p035383,2022-01-14T02:12:10Z,-35.81,16.2,179.38,16.0,114.0,40.0,M,,,,3.1,0.2,7,3.2,nan,4,,,,3.2,0.2,4
2022p035392,2022-01-14T02:16:51Z,-37.21,11.4,176.72,9.2,223.0,10.0,M,,,,2.5,0.2,8,3.0,nan,19,,,,3.0,0.3,19
2022p035447,2022-01-14T02:46:46Z,-39.11,3.9,175.67,3.1,5.0,3.0,M,,,,0.7,0.3,7,0.7,nan,7,,,,0.7,0.3,7
2022p035563,2022-01-14T03:48:14Z,-37.83,6.4,176.52,5.9,114.0,14.0,M,,,,2.1,0.2,8,2.2,nan,4,,,,2.2,0.2,4
2022p035585,2022-01-14T04:00:26Z,-38.96,9.6,176.05,5.9,48.0,13.0,MLv,,,,,,,,,,,,,1.7,nan,1
2022p035597,2022-01-14T04:06:36Z,-40.65,3.2,175.82,2.8,19.0,5.0,M,,,,1.4,0.3,10,1.2,nan,5,,,,1.2,0.1,5
2022p035638,2022-01-14T04:28:24Z,-40.29,4.4,176.71,4.4,14.0,6.0,M,,,,1.7,0.2,11,1.5,nan,6,,,,1.5,0.2,6
2022p035830,2022-01-14T06:10:02Z,-38.06,5.8,176.03,5.0,194.0,9.0,M,,,,2.2,0.3,6,3.0,nan,31,,,,3.0,0.4,31
2022p035926,2022-01-14T07:01:25Z,-38.53,5.2,175.78,5.8,144.0,7.0,M,,,,1.9,0.3,6,2.5,nan,14,,,,2.5,0.4,14
2022p035993,2022-01-14T07:37:11Z,-40.92,2.5,175.74,3.0,20.0,5.0,M,,,,1.6,0.2,12,1.6,nan,5,,,,1.6,0.3,5
2022p036052,2022-01-14T08:08:57Z,-37.38,12.3,-179.92,8.6,33.0,0.0,M,,,,3.1,0.2,12,3.2,nan,7,,,,3.2,0.3,7
2022p036070,2022-01-14T08:18:21Z,-38.92,14.8,175.69,12.9,78.0,13.0,M,,,,1.4,0.3,9,1.6,nan,2,,,,1.6,0.0,2
2022p036171,2022-01-14T09:12:30Z,-38.74,6.9,-179.86,5.8,33.0,0.0,MLv,,,,2.9,0.2,13,2.9,nan,6,,,,2.9,0.2,6
2022p036260,2022-01-14T09:59:53Z,-44.59,7.4,168.07,5.8,76.0,0.0,M,,,,2.2,0.3,10,1.9,nan,2,,,,1.9,1.1,2
2022p036292,2022-01-14T10:16:40Z,-39.63,3.6,176.96,4.3,39.0,6.0,M,,,,1.5,0.3,11,1.6,nan,7,,,,1.6,0.2,7
2022p036295,2022-01-14T10:18:20Z,-37.3,9.1,179.9,8.2,33.0,0.0,M,,,,3.0,0.2,13,3.1,nan,6,,,,3.1,0.3,6
2022p036309,2022-01-14T10:25:33Z,-39.8,3.1,175.38,4.2,32.0,7.0,M,,,,1.7,0.2,12,1.8,nan,2,,,,1.8,0.5,2
2022p036327,2022-01-14T10:35:09Z,-42.3,2.6,173.67,3.5,23.0,3.0,M,,,,2.8,0.2,9,3.0,nan,26,,,,3.0,0.2,26
2022p036356,2022-01-14T10:50:24Z,-36.29,20.1,178.05,18.9,207.0,21.0,MLv,,,,2.8,0.1,10,2.7,nan,3,,,,2.7,0.3,3
2022p036407,2022-01-14T11:18:17Z,-40.33,3.5,176.14,4.1,43.0,7.0,M,,,,1.3,0.2,10,1.1,nan,5,,,,1.1,0.4,5
2022p036489,2022-01-14T12:01:09Z,-38.14,6.2,176.14,7.8,144.0,9.0,M,,,,1.9,0.3,4,2.3,nan,2,,,,2.3,0.7,2
2022p036547,2022-01-14T12:31:23Z,-33.01,28.1,-179.66,30.8,350.0,58.0,MLv,4.4,0.3,5,3.9,0.1,12,4.0,nan,5,3.5,0.4,5,4.2,0.4,3
2022p036609,2022-01-14T13:06:16Z,-39.22,3.4,175.37,5.9,10.0,9.0,MLv,,,,0.9,0.2,9,0.9,nan,6,,,,0.9,0.2,6
2022p036625,2022-01-14T13:14:14Z,-38.82,4.5,177.93,5.3,19.0,5.0,M,,,,1.8,0.2,10,1.5,nan,4,,,,1.5,0.2,4
2022p036631,2022-01-14T13:17:29Z,-40.51,4.1,174.33,3.0,29.0,6.0,M,,,,2.1,0.3,14,2.0,nan,6,,,,2.0,0.1,6
2022p036709,2022-01-14T13:58:54Z,-39.99,2.4,176.14,3.4,21.0,5.0,MLv,,,,1.3,0.4,9,1.2,nan,2,,,,1.2,0.4,2
2022p036728,2022-01-14T14:09:13Z,-39.11,4.9,175.67,3.8,4.0,4.0,MLv,,,,,,,,,,,,,0.4,nan,1
2022p036838,2022-01-14T15:07:47Z,-39.91,2.9,176.61,3.3,28.0,7.0,ML,,,,1.1,0.3,8,,,,,,,,,
2022p036865,2022-01-14T15:21:49Z,-39.99,2.1,176.16,3.6,21.0,4.0,M,,,,1.7,0.3,13,1.7,nan,11,,,,1.7,0.3,11
2022p036890,2022-01-14T15:35:29Z,-42.67,3.4,172.73,2.8,5.0,6.0,M,,,,1.9,0.2,6,1.8,nan,2,,,,1.8,0.2,2
2022p036905,2022-01-14T15:43:18Z,-39.99,2.7,176.13,3.6,23.0,5.0,M,,,,1.3,0.4,9,1.1,nan,5,,,,1.1,0.4,5
2022p037053,2022-01-14T17:02:13Z,-41.16,4.3,174.55,2.8,49.0,6.0,M,,,,3.1,0.3,19,3.2,nan,47,,,,3.2,0.2,47
2022p037083,2022-01-14T17:17:51Z,-41.04,2.2,175.43,2.6,21.0,6.0,MLv,,,,1.2,0.2,10,1.2,nan,6,,,,1.2,0.2,6
2022p037185,2022-01-14T18:12:21Z,-41.7,3.8,174.31,6.6,14.0,11.0,MLv,,,,1.5,0.3,6,1.2,nan,3,,,,1.2,0.3,3
2022p037323,2022-01-14T19:25:56Z,-40.05,4.1,176.38,4.9,43.0,10.0,MLv,,,,1.5,0.2,6,1.6,nan,7,,,,1.6,0.3,7
2022p037325,2022-01-14T19:26:48Z,-38.6,4.4,175.99,3.6,103.0,7.0,MLv,,,,2.3,0.6,4,,,,,,,2.9,0.4,32
2022p037338,2022-01-14T19:34:01Z,-40.79,3.0,175.75,3.0,19.0,6.0,MLv,,,,1.2,0.2,8,1.3,nan,5,,,,1.3,0.3,5
2022p037364,2022-01-14T19:48:01Z,-40.77,3.4,173.77,3.1,104.0,6.0,MLv,,,,,,,,,,,,,3.0,0.2,30
2022p037376,2022-01-14T19:53:30Z,-32.67,33.3,179.27,52.5,351.0,58.0,M,4.6,0.1,6,4.5,0.2,11,4.3,nan,6,3.8,0.4,6,4.6,0.2,6
2022p037407,2022-01-14T20:10:44Z,-39.24,3.6,174.65,2.2,21.0,4.0,MLv,,,,2.3,0.2,24,2.4,nan,18,,,,2.4,0.1,18
2022p037420,2022-01-14T20:18:28Z,-40.93,3.5,173.75,2.6,62.0,7.0,MLv,,,,2.4,0.2,11,2.3,nan,6,,,,2.3,0.3,6
2022p037440,2022-01-14T20:28:22Z,-37.91,7.0,176.53,6.1,134.0,10.0,MLv,,,,,,,2.3,nan,10,,,,2.3,0.2,10
2022p037456,2022-01-14T20:36:35Z,-41.71,3.5,174.27,3.4,15.0,4.0,MLv,,,,2.1,0.1,14,,,,,,,2.2,0.2,10
2022p037490,2022-01-14T20:55:17Z,-39.23,3.0,175.42,3.3,7.0,6.0,MLv,,,,0.9,0.2,12,0.8,nan,6,,,,0.8,0.3,6
2022p037545,2022-01-14T21:24:27Z,-41.2,7.9,172.52,9.1,152.0,9.0,MLv,,,,,,,2.4,nan,6,,,,2.4,0.4,6
2022p037555,2022-01-14T21:30:01Z,-38.64,2.4,176.08,2.2,8.0,4.0,MLv,,,,1.7,0.4,10,,,,,,,1.7,0.3,9
2022p037607,2022-01-14T21:57:12Z,-41.18,7.9,172.59,5.9,112.0,9.0,MLv,,,,,,,1.6,nan,2,,,,1.6,0.5,2
2022p037637,2022-01-14T22:13:33Z,-41.25,7.2,172.51,8.1,191.0,8.0,MLv,,,,,,,2.5,nan,2,,,,2.5,0.3,2
2022p037710,2022-01-14T22:52:08Z,-41.2,3.6,175.76,3.7,14.0,5.0,MLv,,,,1.3,0.3,8,1.1,nan,6,,,,1.1,0.2,6
2022p037725,2022-01-14T23:00:21Z,-39.25,9.9,174.73,10.0,129.0,13.0,MLv,,,,1.7,0.2,4,,,,,,,1.8,0.2,6
2022p037763,2022-01-14T23:20:30Z,-40.68,10.1,173.33,5.4,124.0,10.0,MLv,,,,,,,,,,,,,2.3,0.2,6
2022p037847,2022-01-15T00:04:34Z,-41.81,3.1,174.2,2.8,8.0,3.0,MLv,,,,1.8,0.2,12,1.7,nan,6,,,,1.7,0.2,6
2022p037846,2022-01-15T00:04:34Z,-39.48,8.1,175.7,5.0,16.0,10.0,MLv,,,,0.9,0.3,9,0.8,nan,7,,,,0.8,0.2,7
2022p037866,2022-01-15T00:15:12Z,-39.56,4.8,174.49,4.6,124.0,10.0,MLv,,,,2.0,0.2,15,,,,,,,2.1,0.2,7
2022p037960,2022-01-15T01:05:37Z,-38.02,3.0,176.76,2.2,5.0,0.0,MLv,,,,1.8,0.3,10,1.9,nan,6,,,,1.9,0.2,6
2022p037976,2022-01-15T01:13:36Z,-39.19,3.0,177.09,3.3,17.0,5.0,M,,,,2.2,0.2,12,2.2,nan,7,,,,2.2,0.2,7
2022p038067,2022-01-15T02:02:18Z,-39.2,4.0,174.77,2.5,18.0,5.0,M,,,,2.5,0.2,13,2.6,nan,16,,,,2.6,0.2,16
2022p038075,2022-01-15T02:05:49Z,-33.04,45.1,178.95,73.4,309.0,84.0,M,,,,3.8,0.3,6,4.1,nan,2,,,,4.1,0.4,2
2022p038106,2022-01-15T02:23:13Z,-38.92,4.3,177.98,6.9,33.0,6.0,M,,,,1.6,0.3,7,1.6,nan,4,,,,1.6,0.3,4
2022p038139,2022-01-15T02:40:16Z,-37.05,33.1,176.55,26.0,180.0,30.0,M,,,,2.5,0.1,6,2.1,nan,1,,,,2.1,nan,1
2022p038186,2022-01-15T03:05:50Z,-39.21,3.0,175.38,3.5,15.0,7.0,M,,,,1.9,0.2,14,2.1,nan,22,,,,2.1,0.2,22
2022p038215,2022-01-15T03:21:17Z,-37.83,5.7,179.66,6.7,33.0,0.0,M,,,,4.3,0.2,19,4.6,nan,84,,,,4.6,0.2,84
2022p038265,2022-01-15T03:48:05Z,-37.81,8.4,179.63,8.8,12.0,0.0,M,,,,2.5,0.2,9,2.4,nan,2,,,,2.4,0.2,2
2022p038274,2022-01-15T03:52:31Z,-38.38,2.9,177.85,3.3,19.0,4.0,M,,,,2.3,0.2,14,2.3,nan,11,,,,2.3,0.2,11
2022p038297,2022-01-15T04:05:04Z,-40.12,2.3,174.98,2.9,19.0,5.0,M,,,,3.2,0.2,24,3.2,nan,53,,,,3.2,0.2,53
2022p038309,2022-01-15T04:11:04Z,-43.19,2.5,171.1,3.0,5.0,0.0,M,,,,1.9,0.2,9,1.9,nan,1,,,,1.9,nan,1
2022p038339,2022-01-15T04:27:11Z,-41.69,2.7,174.13,2.7,7.0,4.0,M,,,,1.9,0.2,10,1.3,nan,3,,,,1.3,0.2,3
2022p038365,2022-01-15T04:41:02Z,-37.86,7.3,179.55,6.3,12.0,0.0,MLv,,,,2.7,0.2,19,2.6,nan,6,,,,2.6,0.2,6
2022p038396,2022-01-15T04:57:42Z,-39.22,3.0,175.4,3.7,13.0,7.0,MLv,,,,0.8,0.2,12,0.8,nan,8,,,,0.8,0.1,8
2022p038422,2022-01-15T05:11:23Z,-37.84,10.0,179.65,7.4,12.0,0.0,MLv,,,,2.6,0.2,13,2.4,nan,5,,,,2.4,0.1,5
2022p038470,2022-01-15T05:37:43Z,-39.22,2.6,175.39,3.4,14.0,5.0,MLv,,,,1.3,0.3,19,1.3,nan,11,,,,1.3,0.1,11
2022p038509,2022-01-15T05:57:53Z,-37.96,14.4,178.97,12.1,32.0,12.0,M,,,,2.1,0.2,7,2.0,nan,3,,,,2.0,0.0,3
2022p038685,2022-01-15T07:31:21Z,-37.85,10.0,179.61,9.4,12.0,0.0,MLv,,,,2.7,0.2,13,2.6,nan,4,,,,2.6,0.1,4
2022p038778,2022-01-15T08:21:16Z,-39.23,2.7,175.4,3.4,16.0,5.0,MLv,,,,1.1,0.3,18,1.0,nan,9,,,,1.0,0.1,9
2022p038781,2022-01-15T08:22:27Z,-35.49,23.4,178.56,24.3,201.0,30.0,M,,,,3.4,0.2,11,3.3,nan,5,,,,3.3,0.3,5
2022p038938,2022-01-15T09:46:41Z,-40.06,2.6,176.36,2.8,24.0,4.0,MLv,,,,1.4,0.4,10,1.0,nan,4,,,,1.0,0.3,4
2022p038988,2022-01-15T10:13:15Z,-41.21,2.4,175.23,2.4,14.0,7.0,M,,,,2.9,0.2,13,2.8,nan,29,,,,2.8,0.2,29
2022p038998,2022-01-15T10:18:11Z,-41.21,2.6,175.24,2.2,15.0,5.0,M,,,,1.4,0.3,11,1.2,nan,5,,,,1.2,0.2,5
2022p038999,2022-01-15T10:19:08Z,-41.22,2.4,175.22,2.8,15.0,8.0,M,,,,1.1,0.3,9,1.0,nan,3,,,,1.0,0.1,3
2022p039030,2022-01-15T10:35:17Z,-37.79,11.1,179.71,7.0,33.0,0.0,MLv,,,,2.6,0.2,15,2.4,nan,3,,,,2.4,0.2,3
2022p039032,2022-01-15T10:36:50Z,-37.88,11.0,179.66,7.0,12.0,0.0,MLv,,,,2.7,0.2,13,2.5,nan,5,,,,2.5,0.2,5
2022p039067,2022-01-15T10:55:12Z,-41.22,2.5,175.23,2.3,16.0,5.0,M,,,,2.8,0.2,13,2.7,nan,30,,,,2.7,0.2,30
2022p039133,2022-01-15T11:30:02Z,-37.51,7.6,179.97,7.6,33.0,0.0,MLv,,,,3.5,0.2,18,,,,,,,3.4,0.1,17
2022p039149,2022-01-15T11:38:36Z,-38.89,3.3,177.44,3.0,35.0,6.0,MLv,,,,1.7,0.2,13,1.4,nan,4,,,,1.4,0.3,4
2022p039155,2022-01-15T11:41:51Z,-39.22,6.2,174.81,4.5,26.0,8.0,M,,,,1.9,0.3,11,1.8,nan,1,,,,1.8,nan,1
2022p039178,2022-01-15T11:54:29Z,-45.33,5.6,166.83,7.5,15.0,6.0,MLv,,,,2.6,0.1,8,,,,,,,2.5,0.2,3
2022p039229,2022-01-15T12:21:26Z,-39.16,3.0,175.64,2.6,6.0,7.0,MLv,,,,0.8,0.1,6,0.7,nan,5,,,,0.7,0.3,5
2022p039269,2022-01-15T12:42:50Z,-39.09,3.5,176.88,4.8,31.0,7.0,MLv,,,,1.2,0.3,9,1.1,nan,6,,,,1.1,0.3,6
2022p039274,2022-01-15T12:45:19Z,-41.03,3.1,175.43,3.4,22.0,6.0,MLv,,,,1.2,0.1,8,,,,,,,1.2,0.1,5
2022p039276,2022-01-15T12:46:44Z,-39.17,10.2,175.66,8.5,32.0,20.0,M,,,,0.7,0.1,6,0.5,nan,4,,,,0.5,0.2,4
2022p039285,2022-01-15T12:51:32Z,-39.6,2.8,177.04,4.9,23.0,7.0,MLv,,,,1.4,0.2,8,1.3,nan,4,,,,1.3,0.2,4
2022p039293,2022-01-15T12:55:37Z,-40.36,2.6,176.19,2.9,27.0,7.0,MLv,,,,1.3,0.2,9,1.3,nan,6,,,,1.3,0.4,6
2022p039325,2022-01-15T13:12:27Z,-44.98,5.2,167.4,6.0,69.0,9.0,M,,,,2.9,0.2,6,3.1,nan,7,,,,3.1,0.1,7
2022p039346,2022-01-15T13:24:29Z,-39.77,3.1,176.8,3.9,31.0,8.0,MLv,,,,1.4,0.3,7,1.3,nan,5,,,,1.3,0.4,5
2022p039352,2022-01-15T13:26:56Z,-38.18,4.9,178.36,7.5,10.0,7.0,M,,,,1.8,0.3,10,1.9,nan,6,,,,1.9,0.3,6
2022p039423,2022-01-15T14:04:42Z,-38.56,9.7,175.82,11.0,127.0,17.0,M,,,,1.9,0.4,5,1.8,nan,5,,,,1.8,0.1,5
2022p039433,2022-01-15T14:10:23Z,-38.15,4.0,178.43,6.1,14.0,6.0,M,,,,1.8,0.3,10,1.8,nan,5,,,,1.8,0.3,5
2022p039440,2022-01-15T14:14:01Z,-38.48,8.5,175.28,8.1,237.0,9.0,M,,,,,,,2.5,nan,18,,,,2.5,0.3,18
2022p039498,2022-01-15T14:44:58Z,-40.63,3.5,175.83,2.9,20.0,6.0,MLv,,,,1.0,0.3,8,0.8,nan,3,,,,0.8,0.2,3
2022p039549,2022-01-15T15:11:47Z,-40.54,2.5,176.41,3.0,15.0,4.0,MLv,,,,2.1,0.1,12,2.1,nan,12,,,,2.1,0.2,12
2022p039558,2022-01-15T15:16:32Z,-39.14,4.7,177.76,3.8,21.0,5.0,MLv,,,,1.9,0.2,13,1.9,nan,7,,,,1.9,0.2,7
2022p039628,2022-01-15T15:54:05Z,-38.01,3.7,176.76,2.8,5.0,0.0,M,,,,1.6,0.2,10,1.7,nan,7,,,,1.7,0.2,7
2022p039673,2022-01-15T16:17:58Z,-39.22,2.8,175.38,3.5,13.0,6.0,MLv,,,,0.9,0.3,12,0.9,nan,6,,,,0.9,0.2,6
2022p039675,2022-01-15T16:18:58Z,-40.18,2.8,175.22,3.1,38.0,5.0,M,,,,3.6,0.2,25,3.4,nan,70,,,,3.4,0.2,70
2022p039686,2022-01-15T16:24:48Z,-35.68,21.8,178.47,24.7,203.0,28.0,M,,,,3.1,0.2,9,3.3,nan,3,,,,3.3,0.4,3
2022p039762,2022-01-15T17:05:33Z,-39.36,3.5,177.22,5.3,23.0,7.0,M,,,,1.7,0.2,9,1.7,nan,3,,,,1.7,0.2,3
2022p039769,2022-01-15T17:09:02Z,-38.2,6.0,176.0,9.6,149.0,9.0,M,,,,2.1,0.3,11,2.0,nan,3,,,,2.0,0.1,3
2022p039796,2022-01-15T17:23:30Z,-39.41,3.2,177.07,4.7,23.0,5.0,MLv,,,,1.7,0.2,8,1.6,nan,7,,,,1.6,0.2,7
2022p039807,2022-01-15T17:29:31Z,-43.16,4.3,170.55,4.8,5.0,0.0,M,,,,1.9,0.2,8,1.8,nan,2,,,,1.8,0.0,2
2022p039820,2022-01-15T17:36:18Z,-39.97,2.8,174.95,3.7,55.0,7.0,M,,,,2.4,0.2,23,2.5,nan,25,,,,2.5,0.2,25
2022p039840,2022-01-15T17:46:50Z,-37.38,24.9,176.25,35.4,254.0,25.0,M,,,,2.4,0.3,3,2.0,nan,5,,,,2.0,0.3,5
2022p039892,2022-01-15T18:14:45Z,-39.78,2.8,175.11,3.2,21.0,4.0,M,,,,2.1,0.2,17,2.1,nan,13,,,,2.1,0.2,13
2022p039926,2022-01-15T18:33:01Z,-40.18,7.6,173.49,6.5,176.0,9.0,MLv,,,,,,,,,,,,,2.2,0.1,6
2022p039954,2022-01-15T18:47:39Z,-39.97,2.0,176.53,2.7,26.0,4.0,MLv,,,,1.7,0.2,12,,,,,,,1.9,0.3,13
2022p039958,2022-01-15T18:49:43Z,-37.21,18.9,176.66,16.1,231.0,15.0,M,,,,,,,2.5,nan,11,,,,2.5,0.2,11
2022p040177,2022-01-15T20:47:47Z,-40.34,2.4,176.18,3.5,39.0,4.0,MLv,,,,1.7,0.1,15,,,,,,,1.8,0.1,13
2022p040184,2022-01-15T20:50:06Z,-39.21,3.7,174.75,2.6,20.0,5.0,MLv,,,,2.1,0.2,12,,,,,,,1.7,0.1,7
2022p040189,2022-01-15T20:53:07Z,-43.47,2.9,170.26,2.7,5.0,0.0,MLv,,,,1.8,0.3,8,1.4,nan,3,,,,1.4,0.3,3
2022p040208,2022-01-15T21:03:04Z,-39.92,2.4,176.57,3.0,40.0,6.0,MLv,,,,2.3,0.2,15,,,,,,,2.4,0.2,21
2022p040229,2022-01-15T21:14:28Z,-38.19,7.2,176.19,8.2,134.0,12.0,MLv,,,,1.9,0.3,9,,,,,,,2.0,0.3,7
2022p040240,2022-01-15T21:20:35Z,-38.4,3.4,176.18,2.4,7.0,7.0,MLv,,,,1.7,0.3,6,1.7,nan,10,,,,1.7,0.3,10
2022p040243,2022-01-15T21:21:39Z,-38.4,3.1,176.17,2.9,5.0,3.0,MLv,,,,1.9,0.1,6,1.7,nan,9,,,,1.7,0.2,9
2022p040244,2022-01-15T21:22:05Z,-38.06,2.2,176.75,2.0,5.0,0.0,M,,,,2.9,0.3,21,2.8,nan,37,,,,2.8,0.2,37
2022p040248,2022-01-15T21:24:38Z,-38.39,2.1,176.19,2.2,6.0,5.0,MLv,,,,2.5,0.2,13,,,,,,,2.5,0.2,14
2022p040251,2022-01-15T21:26:20Z,-38.38,2.1,176.19,2.1,5.0,5.0,MLv,,,,2.0,0.2,10,,,,,,,2.1,0.2,12
2022p040256,2022-01-15T21:28:46Z,-38.38,2.3,176.17,2.7,4.0,3.0,MLv,,,,1.9,0.2,11,,,,,,,2.0,0.2,11
2022p040271,2022-01-15T21:36:47Z,-40.55,3.0,175.03,3.2,31.0,5.0,MLv,,,,2.6,0.2,14,,,,,,,2.5,0.2,27
2022p040274,2022-01-15T21:38:22Z,-38.39,2.9,176.19,3.3,5.0,8.0,MLv,,,,1.5,0.3,7,,,,,,,1.5,0.2,7
2022p040297,2022-01-15T21:50:37Z,-39.22,3.1,175.39,4.3,13.0,7.0,MLv,,,,0.9,0.3,13,0.9,nan,6,,,,0.9,0.2,6
2022p040308,2022-01-15T21:56:53Z,-37.93,9.2,176.26,7.7,129.0,12.0,MLv,,,,2.1,0.2,11,,,,,,,2.3,0.3,12
2022p040348,2022-01-15T22:17:38Z,-38.72,5.2,178.73,5.4,33.0,0.0,M,,,,3.0,0.2,19,3.1,nan,32,,,,3.1,0.2,32
2022p040365,2022-01-15T22:26:41Z,-38.71,10.1,175.7,7.1,132.0,10.0,MLv,,,,1.4,0.3,7,,,,,,,1.5,0.3,7
2022p040394,2022-01-15T22:42:26Z,-44.46,4.9,168.3,4.4,5.0,0.0,M,,,,2.0,0.1,8,2.4,nan,2,,,,2.4,0.1,2
2022p040472,2022-01-15T23:23:33Z,-44.47,3.1,168.37,3.6,5.0,0.0,MLv,,,,2.6,0.2,9,,,,,,,2.8,0.1,7
2022p040523,2022-01-15T23:50:59Z,-39.1,2.6,177.45,3.1,17.0,5.0,MLv,,,,2.0,0.2,12,,,,,,,2.0,0.2,5
2022p040620,2022-01-16T00:42:50Z,-44.65,3.6,168.3,4.2,67.0,8.0,MLv,,,,2.4,0.2,13,,,,,,,2.3,0.2,7
2022p040633,2022-01-16T00:49:43Z,-39.22,5.2,175.06,5.8,123.0,8.0,MLv,,,,1.9,0.3,12,,,,,,,2.0,0.3,10
2022p040678,2022-01-16T01:13:36Z,-41.27,3.1,175.24,2.9,21.0,5.0,M,,,,2.1,0.2,13,2.1,nan,13,,,,2.1,0.1,13
2022p040680,2022-01-16T01:14:27Z,-38.06,2.4,176.76,1.9,4.0,2.0,MLv,,,,2.2,0.3,19,2.1,nan,13,,,,2.1,0.2,13
2022p040697,2022-01-16T01:23:46Z,-38.06,2.1,176.72,2.0,5.0,2.0,MLv,,,,2.5,0.3,20,,,,,,,2.4,0.2,24
2022p040743,2022-01-16T01:48:13Z,-39.1,3.6,176.21,2.2,38.0,7.0,MLv,,,,2.0,0.2,21,,,,,,,2.1,0.2,19
2022p040986,2022-01-16T03:57:49Z,-40.31,3.0,174.25,3.9,64.0,11.0,MLv,,,,2.1,0.3,12,2.0,nan,5,,,,2.0,0.2,5
2022p041083,2022-01-16T04:49:40Z,-40.93,8.7,172.9,5.3,175.0,7.0,MLv,,,,,,,,,,,,,1.6,0.6,5
2022p041100,2022-01-16T04:58:25Z,-41.13,3.2,173.83,2.5,35.0,4.0,MLv,,,,2.0,0.1,13,,,,,,,1.9,0.2,7
2022p041106,2022-01-16T05:01:40Z,-38.62,1.9,176.21,1.7,4.0,2.0,MLv,,,,2.2,0.2,18,2.2,nan,19,,,,2.2,0.2,19
2022p041123,2022-01-16T05:10:23Z,-39.21,3.3,174.75,2.5,20.0,5.0,MLv,,,,2.0,0.3,12,1.8,nan,11,,,,1.8,0.2,11
2022p041179,2022-01-16T05:40:41Z,-40.82,2.4,175.8,2.3,21.0,4.0,MLv,,,,1.8,0.2,14,,,,,,,1.8,0.2,10
2022p041237,2022-01-16T06:11:13Z,-44.45,3.6,168.34,3.6,5.0,0.0,MLv,,,,1.9,0.2,9,1.5,nan,2,,,,1.5,0.0,2
2022p041303,2022-01-16T06:46:25Z,-40.28,4.2,173.56,4.3,143.0,7.0,MLv,,,,,,,2.4,nan,12,,,,2.4,0.1,12
2022p041326,2022-01-16T06:58:29Z,-38.63,2.2,176.22,2.4,4.0,3.0,MLv,,,,1.8,0.3,9,1.7,nan,8,,,,1.7,0.2,8
2022p041330,2022-01-16T07:01:11Z,-38.61,2.9,176.21,3.5,5.0,0.0,MLv,,,,1.6,0.3,7,1.5,nan,7,,,,1.5,0.2,7
2022p041337,2022-01-16T07:04:23Z,-38.62,1.7,176.2,1.6,4.0,2.0,MLv,,,,2.7,0.3,24,,,,,,,2.7,0.2,36
2022p041339,2022-01-16T07:05:33Z,-38.62,2.1,176.21,2.0,5.0,0.0,MLv,,,,2.3,0.3,18,,,,,,,2.4,0.2,13
2022p041468,2022-01-16T08:14:33Z,-38.11,4.1,176.1,4.3,146.0,7.0,MLv,,,,1.6,0.4,8,,,,,,,3.2,0.4,42
2022p041511,2022-01-16T08:37:33Z,-38.62,3.1,176.21,3.0,5.0,4.0,MLv,,,,1.8,0.3,6,1.7,nan,6,,,,1.7,0.4,6
2022p041548,2022-01-16T08:57:11Z,-40.08,2.8,176.61,3.0,34.0,4.0,MLv,,,,1.8,0.2,13,1.8,nan,10,,,,1.8,0.2,10
2022p041591,2022-01-16T09:19:58Z,-38.06,2.9,176.75,2.9,4.0,3.0,M,,,,1.9,0.2,12,2.0,nan,6,,,,2.0,0.1,6
2022p041593,2022-01-16T09:20:54Z,-39.8,3.8,174.65,5.9,106.0,10.0,MLv,,,,2.0,0.3,7,1.9,nan,3,,,,1.9,0.0,3
2022p041612,2022-01-16T09:31:07Z,-36.82,12.3,177.69,17.1,147.0,14.0,MLv,,,,2.5,0.1,8,1.8,nan,2,,,,1.8,0.3,2
2022p041619,2022-01-16T09:34:54Z,-39.98,2.5,176.59,3.1,37.0,4.0,MLv,,,,1.8,0.3,13,1.9,nan,12,,,,1.9,0.3,12
2022p041689,2022-01-16T10:12:34Z,-37.94,10.6,176.66,10.0,116.0,10.0,MLv,,,,,,,1.9,nan,6,,,,1.9,0.3,6
2022p041757,2022-01-16T10:48:17Z,-38.09,7.0,176.6,6.6,52.0,12.0,M,,,,2.1,0.2,12,2.2,nan,4,,,,2.2,0.2,4
2022p041788,2022-01-16T11:04:55Z,-39.24,3.9,175.4,4.0,16.0,6.0,MLv,,,,1.2,0.2,16,,,,,,,1.4,0.2,12
2022p041805,2022-01-16T11:14:15Z,-40.24,8.1,173.53,6.5,160.0,9.0,M,,,,2.0,0.1,6,2.2,nan,5,,,,2.2,0.3,5
2022p041820,2022-01-16T11:22:14Z,-41.13,7.0,173.64,3.8,62.0,9.0,M,,,,1.5,0.3,8,1.4,nan,3,,,,1.4,0.6,3
2022p041847,2022-01-16T11:36:31Z,-41.66,3.2,174.27,4.5,10.0,6.0,M,,,,1.5,0.3,8,1.2,nan,2,,,,1.2,0.2,2
2022p041851,2022-01-16T11:38:23Z,-40.82,2.9,175.8,3.0,20.0,4.0,M,,,,1.3,0.2,11,1.2,nan,4,,,,1.2,0.1,4
2022p042034,2022-01-16T13:16:12Z,-39.15,3.6,175.62,4.1,19.0,9.0,M,,,,1.3,0.2,8,1.3,nan,7,,,,1.3,0.2,7
2022p042133,2022-01-16T14:09:07Z,-39.14,3.8,175.67,5.8,32.0,9.0,MLv,,,,0.6,0.2,6,0.5,nan,4,,,,0.5,0.2,4
2022p042136,2022-01-16T14:10:08Z,-37.55,14.5,177.13,7.6,103.0,13.0,M,,,,2.4,0.1,8,2.4,nan,3,,,,2.4,0.1,3
2022p042135,2022-01-16T14:10:17Z,-37.69,7.5,176.75,7.1,138.0,11.0,M,,,,2.2,0.4,6,2.7,nan,13,,,,2.7,0.4,13
2022p042186,2022-01-16T14:36:43Z,-40.36,2.9,176.23,2.4,25.0,6.0,MLv,,,,1.9,0.2,10,2.0,nan,18,,,,2.0,0.1,18
2022p042207,2022-01-16T14:48:00Z,-40.2,3.7,176.41,4.2,39.0,8.0,M,,,,1.4,0.4,9,1.0,nan,2,,,,1.0,0.3,2
2022p042307,2022-01-16T15:41:39Z,-41.42,3.4,174.37,2.7,21.0,5.0,M,,,,1.6,0.2,8,1.8,nan,5,,,,1.8,0.3,5
2022p042346,2022-01-16T16:02:21Z,-41.04,2.8,175.35,2.7,18.0,6.0,MLv,,,,1.2,0.3,10,1.0,nan,4,,,,1.0,0.4,4
2022p042357,2022-01-16T16:08:09Z,-42.79,2.5,173.14,2.5,7.0,3.0,MLv,,,,1.9,0.3,9,1.6,nan,2,,,,1.6,0.4,2
2022p042358,2022-01-16T16:08:27Z,-36.98,9.4,177.49,9.3,139.0,11.0,M,,,,2.5,0.2,11,2.4,nan,4,,,,2.4,0.1,4
2022p042408,2022-01-16T16:35:11Z,-38.74,3.0,177.21,3.4,34.0,6.0,MLv,,,,2.2,0.2,14,,,,,,,2.1,0.2,9
2022p042439,2022-01-16T16:51:59Z,-39.72,7.9,174.21,8.9,216.0,8.0,MLv,,,,2.0,0.3,6,2.4,nan,15,,,,2.4,0.1,15
2022p042486,2022-01-16T17:16:36Z,-41.21,5.1,172.63,5.3,146.0,7.0,MLv,,,,,,,,,,,,,2.1,0.5,6
2022p042487,2022-01-16T17:16:43Z,-38.07,10.1,176.21,12.3,140.0,12.0,M,,,,,,,2.0,nan,2,,,,2.0,0.1,2
2022p042652,2022-01-16T18:45:12Z,-40.38,5.9,173.35,7.6,173.0,9.0,M,,,,,,,2.6,nan,18,,,,2.6,0.1,18
2022p042682,2022-01-16T19:00:37Z,-33.58,8.7,-178.72,16.3,200.0,0.0,MLv,4.8,0.1,5,4.6,0.1,10,4.5,nan,5,4.1,0.4,5,4.6,0.1,5
2022p042723,2022-01-16T19:22:55Z,-39.88,12.5,174.23,10.7,140.0,16.0,M,,,,,,,1.9,nan,1,,,,1.9,nan,1
2022p042901,2022-01-16T20:57:42Z,-38.99,9.2,175.57,13.7,103.0,11.0,MLv,,,,,,,,,,,,,1.7,1.1,2
2022p042914,2022-01-16T21:04:38Z,-39.32,3.6,177.0,4.3,29.0,4.0,M,,,,2.3,0.2,12,2.2,nan,14,,,,2.2,0.2,14
2022p042964,2022-01-16T21:31:14Z,-41.06,6.1,173.02,6.0,140.0,6.0,M,,,,,,,2.5,nan,12,,,,2.5,0.3,12
2022p042978,2022-01-16T21:38:50Z,-39.97,5.1,176.9,7.3,17.0,7.0,M,,,,1.6,0.2,10,1.6,nan,3,,,,1.6,0.5,3
2022p043107,2022-01-16T22:48:05Z,-39.21,3.8,175.38,4.3,14.0,7.0,M,,,,1.4,0.5,8,1.2,nan,10,,,,1.2,0.2,10
2022p043134,2022-01-16T23:01:52Z,-37.87,8.3,176.21,8.0,169.0,14.0,M,,,,,,,2.7,nan,15,,,,2.7,0.4,15
2022p043149,2022-01-16T23:10:03Z,-41.18,3.9,175.76,3.8,10.0,8.0,M,,,,1.5,0.2,7,1.5,nan,6,,,,1.5,0.3,6
2022p043156,2022-01-16T23:14:02Z,-42.15,5.2,174.3,5.8,28.0,5.0,MLv,,,,2.1,0.3,11,,,,,,,2.0,0.3,6
2022p043184,2022-01-16T23:28:28Z,-40.05,4.8,176.61,3.8,37.0,8.0,M,,,,1.6,0.3,10,1.7,nan,6,,,,1.7,0.2,6
2022p043187,2022-01-16T23:30:44Z,-39.29,3.2,175.41,7.2,5.0,0.0,M,,,,0.8,0.3,6,0.9,nan,3,,,,0.9,0.4,3
2022p043203,2022-01-16T23:38:59Z,-45.08,5.6,167.52,5.7,53.0,9.0,M,,,,2.2,0.2,10,2.2,nan,3,,,,2.2,0.3,3
2022p043227,2022-01-16T23:51:42Z,-40.27,2.7,176.57,3.0,14.0,6.0,M,,,,2.3,0.1,11,2.2,nan,13,,,,2.2,0.2,13
2022p043240,2022-01-16T23:58:30Z,-40.27,2.8,176.57,2.9,14.0,6.0,M,,,,2.4,0.2,11,2.3,nan,15,,,,2.3,0.1,15
2022p043242,2022-01-16T23:59:39Z,-40.29,3.4,176.57,3.1,15.0,6.0,M,,,,2.3,0.1,11,2.2,nan,13,,,,2.2,0.1,13
2022p043251,2022-01-17T00:04:37Z,-40.27,2.9,176.57,3.0,15.0,5.0,M,,,,2.4,0.2,10,2.3,nan,15,,,,2.3,0.1,15
2022p043261,2022-01-17T00:09:32Z,-40.29,3.0,176.57,3.4,14.0,5.0,M,,,,2.2,0.1,11,2.1,nan,12,,,,2.1,0.1,12
2022p043311,2022-01-17T00:25:57Z,-7.51,0.0,105.86,0.0,35.0,0.0,Mw(mB),,,,,,,,,,5.1,0.4,6,,,
2022p043331,2022-01-17T00:47:09Z,-40.28,2.9,174.02,3.4,87.0,9.0,M,,,,2.9,0.2,13,2.8,nan,27,,,,2.8,0.2,27
2022p043358,2022-01-17T01:01:18Z,-40.27,3.4,176.55,3.3,15.0,5.0,M,,,,2.5,0.1,12,2.5,nan,16,,,,2.5,0.2,16
2022p043363,2022-01-17T01:03:54Z,-40.29,2.3,176.57,2.8,16.0,4.0,MLv,,,,2.0,0.2,12,,,,,,,1.9,0.1,11
2022p043405,2022-01-17T01:26:39Z,-41.39,3.3,173.92,2.8,36.0,3.0,MLv,,,,2.1,0.1,15,2.1,nan,14,,,,2.1,0.2,14
2022p043416,2022-01-17T01:32:04Z,-40.27,2.5,176.57,2.9,13.0,5.0,MLv,,,,1.8,0.2,12,1.6,nan,9,,,,1.6,0.1,9
2022p043491,2022-01-17T02:12:21Z,-41.61,3.5,173.8,4.4,5.0,0.0,M,,,,1.7,0.2,8,1.5,nan,3,,,,1.5,0.2,3
2022p043493,2022-01-17T02:13:28Z,-36.65,9.7,177.13,7.8,234.0,10.0,MLv,,,,3.4,0.4,7,,,,,,,4.1,0.4,42
2022p043519,2022-01-17T02:27:04Z,-38.13,5.7,176.22,7.2,142.0,8.0,MLv,,,,,,,2.5,nan,11,,,,2.5,0.3,11
2022p043552,2022-01-17T02:44:49Z,-41.4,3.2,173.89,3.8,36.0,4.0,M,,,,2.2,0.2,12,2.2,nan,10,,,,2.2,0.1,10
2022p043618,2022-01-17T03:19:42Z,-41.53,3.4,174.44,2.3,12.0,0.0,MLv,,,,1.7,0.2,13,,,,,,,1.7,0.2,10
2022p043906,2022-01-17T05:53:22Z,-39.24,3.6,174.64,2.8,23.0,5.0,MLv,,,,2.1,0.1,13,,,,,,,2.0,0.1,7
2022p043951,2022-01-17T06:17:30Z,-45.12,5.1,167.48,6.1,101.0,8.0,MLv,,,,,,,2.1,nan,4,,,,2.1,0.2,4
2022p044021,2022-01-17T06:54:54Z,-38.05,3.0,176.77,2.5,4.0,3.0,MLv,,,,1.9,0.3,12,,,,,,,1.8,0.2,8
2022p044036,2022-01-17T07:02:23Z,-43.44,3.8,170.05,3.1,5.0,0.0,MLv,,,,2.2,0.2,11,,,,,,,2.1,0.1,6
2022p044044,2022-01-17T07:03:32Z,-24.42,0.0,-175.64,0.0,35.0,0.0,,,,,,,,,,,,,,,,
2022p044061,2022-01-17T07:15:42Z,-41.63,2.7,174.25,2.4,8.0,5.0,M,,,,2.0,0.2,12,2.0,nan,8,,,,2.0,0.1,8
2022p044099,2022-01-17T07:36:20Z,-40.29,2.4,176.57,2.4,15.0,4.0,MLv,,,,2.2,0.1,12,2.2,nan,12,,,,2.2,0.1,12
2022p044123,2022-01-17T07:49:07Z,-40.29,3.3,176.57,3.2,14.0,6.0,MLv,,,,1.6,0.3,10,,,,,,,1.3,0.2,5
2022p044148,2022-01-17T08:02:27Z,-40.5,2.5,173.77,3.2,80.0,8.0,MLv,,,,2.5,0.3,16,2.6,nan,13,,,,2.6,0.3,13
2022p044193,2022-01-17T08:25:54Z,-36.02,8.5,177.72,13.1,5.0,0.0,MLv,,,,3.1,0.2,7,3.0,nan,4,,,,3.0,0.2,4
2022p044215,2022-01-17T08:37:53Z,-40.42,3.5,174.94,3.8,26.0,6.0,MLv,,,,1.8,0.3,12,1.6,nan,4,,,,1.6,0.2,4
2022p044272,2022-01-17T09:08:11Z,-40.31,2.8,176.04,3.8,36.0,5.0,MLv,,,,1.4,0.3,9,1.3,nan,6,,,,1.3,0.4,6
2022p044390,2022-01-17T10:11:34Z,-41.07,3.0,174.81,3.1,21.0,6.0,M,,,,1.4,0.2,10,1.3,nan,1,,,,1.3,nan,1
2022p044415,2022-01-17T10:24:32Z,-38.74,4.3,175.73,6.3,96.0,9.0,M,,,,1.6,0.3,6,2.2,nan,9,,,,2.2,0.4,9
2022p044465,2022-01-17T10:51:26Z,-44.16,2.6,168.77,3.9,5.0,0.0,M,,,,2.1,0.3,8,1.9,nan,2,,,,1.9,0.3,2
2022p044497,2022-01-17T11:08:27Z,-40.14,1.9,174.95,2.6,5.0,0.0,M,,,,1.8,0.2,22,2.0,nan,3,,,,2.0,0.4,3
2022p044529,2022-01-17T11:25:46Z,-39.53,5.2,174.45,5.5,117.0,10.0,M,,,,1.5,0.0,2,2.1,nan,5,,,,2.1,0.4,5
2022p044592,2022-01-17T11:58:56Z,-37.22,11.7,176.79,8.8,185.0,15.0,M,,,,,,,2.4,nan,1,,,,2.4,nan,1
2022p044596,2022-01-17T12:00:55Z,-41.6,2.7,174.18,2.6,18.0,4.0,M,,,,1.8,0.3,12,1.6,nan,7,,,,1.6,0.4,7
2022p044602,2022-01-17T12:03:58Z,-39.91,2.8,175.27,3.9,21.0,5.0,M,,,,1.7,0.2,12,1.9,nan,4,,,,1.9,0.3,4
2022p044663,2022-01-17T12:36:28Z,-40.27,2.4,176.58,2.6,14.0,5.0,M,,,,2.8,0.2,12,2.7,nan,26,,,,2.7,0.2,26
2022p044680,2022-01-17T12:45:41Z,-40.56,2.9,175.43,3.6,34.0,5.0,M,,,,1.5,0.2,13,1.7,nan,4,,,,1.7,0.1,4
2022p044726,2022-01-17T13:10:04Z,-39.64,3.3,176.97,4.2,36.0,6.0,M,,,,2.1,0.4,10,2.1,nan,7,,,,2.1,0.3,7
2022p044757,2022-01-17T13:26:34Z,-43.2,2.4,171.64,3.4,5.0,0.0,M,,,,1.9,0.3,8,1.4,nan,2,,,,1.4,0.6,2
2022p044771,2022-01-17T13:34:07Z,-40.27,3.5,176.66,4.5,15.0,6.0,M,,,,2.6,0.1,8,2.6,nan,6,,,,2.6,0.1,6
2022p044783,2022-01-17T13:40:55Z,-37.17,4.1,178.91,9.1,12.0,0.0,M,,,,3.1,0.2,21,3.2,nan,25,,,,3.2,0.1,25
2022p044823,2022-01-17T14:02:07Z,-41.65,3.8,174.29,3.1,11.0,7.0,M,,,,1.5,0.3,7,1.2,nan,3,,,,1.2,0.1,3
2022p044839,2022-01-17T14:10:23Z,-43.27,2.5,170.8,2.3,5.0,0.0,M,,,,2.2,0.2,13,2.3,nan,3,,,,2.3,0.8,3
2022p044849,2022-01-17T14:15:41Z,-40.26,3.2,176.63,4.0,15.0,6.0,M,,,,1.7,0.2,10,1.6,nan,5,,,,1.6,0.2,5
2022p044855,2022-01-17T14:18:56Z,-39.97,3.3,176.73,2.7,16.0,4.0,M,,,,1.3,0.2,8,1.3,nan,4,,,,1.3,0.1,4
2022p044862,2022-01-17T14:22:37Z,-39.54,3.0,177.17,4.0,22.0,5.0,M,,,,2.3,0.2,12,2.2,nan,9,,,,2.2,0.2,9
2022p044863,2022-01-17T14:23:19Z,-39.54,3.5,177.17,4.4,23.0,5.0,M,,,,2.3,0.2,12,2.3,nan,7,,,,2.3,0.2,7
2022p044891,2022-01-17T14:37:56Z,-40.29,3.3,176.58,3.7,14.0,6.0,M,,,,1.7,0.2,12,1.5,nan,6,,,,1.5,0.3,6
2022p044919,2022-01-17T14:53:07Z,-43.57,2.0,172.73,2.6,5.0,4.0,M,,,,1.8,0.4,8,1.7,nan,2,,,,1.7,0.1,2
2022p044949,2022-01-17T15:09:18Z,-40.27,2.8,176.65,3.9,16.0,3.0,M,,,,2.6,0.2,18,2.5,nan,25,,,,2.5,0.2,25
2022p045002,2022-01-17T15:37:23Z,-39.43,3.1,176.85,3.3,22.0,5.0,M,,,,1.7,0.3,11,1.9,nan,8,,,,1.9,0.1,8
2022p045081,2022-01-17T16:19:30Z,-41.25,5.4,172.74,6.0,104.0,9.0,M,,,,,,,2.2,nan,4,,,,2.2,0.6,4
2022p045082,2022-01-17T16:19:41Z,-38.36,5.4,177.2,3.8,30.0,8.0,M,,,,1.6,0.3,9,1.3,nan,4,,,,1.3,0.4,4
2022p045113,2022-01-17T16:36:20Z,-38.44,7.2,175.82,10.8,159.0,16.0,M,,,,,,,1.7,nan,1,,,,1.7,nan,1
2022p045150,2022-01-17T16:56:12Z,-40.9,7.1,174.5,3.9,28.0,9.0,M,,,,1.4,0.3,7,1.7,nan,1,,,,1.7,nan,1
2022p045158,2022-01-17T17:00:30Z,-36.93,11.8,177.35,11.7,138.0,15.0,M,,,,2.3,0.2,7,2.5,nan,4,,,,2.5,0.2,4
2022p045174,2022-01-17T17:08:45Z,-40.27,2.7,176.63,3.6,15.0,5.0,M,,,,1.9,0.1,9,1.7,nan,5,,,,1.7,0.2,5
2022p045325,2022-01-17T18:29:39Z,-39.33,3.7,177.2,7.0,22.0,7.0,M,,,,1.7,0.2,8,1.9,nan,2,,,,1.9,0.2,2
2022p045342,2022-01-17T18:38:41Z,-39.35,3.7,177.23,6.5,21.0,8.0,MLv,,,,2.2,0.2,11,2.2,nan,9,,,,2.2,0.1,9
2022p045378,2022-01-17T18:57:43Z,-38.94,4.8,176.22,4.2,76.0,5.0,M,,,,2.0,0.2,24,2.0,nan,9,,,,2.0,0.3,9
2022p045478,2022-01-17T19:50:41Z,-42.18,2.1,173.57,2.4,8.0,3.0,MLv,,,,2.0,0.2,11,2.0,nan,5,,,,2.0,0.1,5
2022p045514,2022-01-17T20:10:23Z,-39.15,3.4,175.38,5.1,5.0,3.0,M,,,,0.9,0.3,11,0.9,nan,6,,,,0.9,0.2,6
2022p045525,2022-01-17T20:15:54Z,-40.49,2.9,176.09,3.8,23.0,8.0,MLv,,,,1.5,0.2,8,1.5,nan,6,,,,1.5,0.3,6
2022p045536,2022-01-17T20:21:34Z,-39.44,4.5,176.91,4.8,17.0,5.0,MLv,,,,1.6,0.2,8,1.8,nan,3,,,,1.8,0.1,3
2022p045539,2022-01-17T20:23:33Z,-40.3,2.2,176.34,2.4,24.0,4.0,MLv,,,,2.8,0.2,16,2.6,nan,30,,,,2.6,0.2,30
2022p045647,2022-01-17T21:21:11Z,-37.31,5.1,177.57,4.7,73.0,10.0,MLv,,,,3.5,0.4,23,,,,,,,3.9,0.3,73
2022p045674,2022-01-17T21:35:17Z,-40.14,6.7,173.63,4.7,148.0,11.0,MLv,,,,,,,,,,,,,2.3,0.2,7
2022p045689,2022-01-17T21:43:10Z,-38.45,4.6,176.95,4.1,5.0,0.0,MLv,,,,1.8,0.2,10,2.0,nan,8,,,,2.0,0.2,8
2022p045739,2022-01-17T22:09:33Z,-35.65,10.2,178.45,17.3,5.0,0.0,MLv,,,,3.8,0.2,12,,,,,,,3.9,0.1,19
2022p045740,2022-01-17T22:10:48Z,-41.23,8.9,172.52,8.9,191.0,7.0,M,,,,,,,2.3,nan,6,,,,2.3,0.5,6
2022p045795,2022-01-17T22:39:39Z,-37.29,35.3,176.54,24.1,193.0,31.0,MLv,,,,2.3,0.2,9,2.2,nan,3,,,,2.2,0.2,3
2022p045824,2022-01-17T22:55:15Z,-37.49,7.3,176.51,6.5,177.0,10.0,MLv,,,,,,,,,,,,,2.6,0.2,8
2022p045845,2022-01-17T23:06:43Z,-39.25,5.1,176.28,5.3,57.0,9.0,MLv,,,,1.3,0.4,10,1.3,nan,4,,,,1.3,0.4,4
2022p045895,2022-01-17T23:32:52Z,-40.07,12.5,173.69,5.2,123.0,15.0,M,,,,2.1,0.2,6,2.1,nan,4,,,,2.1,0.2,4
2022p045937,2022-01-17T23:55:34Z,-38.36,19.0,175.87,15.7,128.0,16.0,MLv,,,,,,,,,,,,,1.8,nan,1
2022p045941,2022-01-17T23:57:31Z,-35.79,8.6,178.13,8.3,100.0,0.0,M,,,,3.8,0.2,9,3.9,nan,22,,,,3.9,0.1,22
2022p045956,2022-01-18T00:05:25Z,-35.78,12.9,178.13,19.9,5.0,0.0,M,,,,3.2,0.2,10,3.5,nan,6,,,,3.5,0.2,6
2022p046064,2022-01-18T01:02:57Z,-35.71,10.0,178.35,15.7,5.0,0.0,MLv,,,,3.9,0.2,12,,,,,,,4.0,0.1,13
2022p046135,2022-01-18T01:40:50Z,-38.31,6.4,175.78,9.0,146.0,12.0,M,,,,1.9,0.2,8,2.3,nan,6,,,,2.3,0.5,6
2022p046188,2022-01-18T02:09:11Z,-39.01,10.6,175.96,12.5,66.0,10.0,M,,,,1.8,0.4,9,1.4,nan,4,,,,1.4,0.4,4
2022p046260,2022-01-18T02:47:50Z,-44.53,3.0,168.77,4.2,5.0,0.0,M,,,,2.3,0.2,8,2.5,nan,3,,,,2.5,0.4,3
2022p046268,2022-01-18T02:51:49Z,-45.37,0.0,170.45,0.0,0.0,0.0,MLv,,,,,,,,,,,,,0.6,nan,1
2022p046357,2022-01-18T03:39:17Z,-39.31,6.2,177.73,5.9,20.0,7.0,M,,,,2.1,0.2,10,2.1,nan,3,,,,2.1,0.0,3
2022p046367,2022-01-18T03:44:27Z,-35.7,11.3,178.39,21.5,5.0,0.0,M,,,,3.2,0.1,9,3.1,nan,4,,,,3.1,0.1,4
2022p046374,2022-01-18T03:47:45Z,-35.87,16.9,177.68,29.7,5.0,0.0,M,,,,3.0,0.2,6,3.0,nan,3,,,,3.0,0.2,3
2022p046413,2022-01-18T04:08:52Z,-45.07,3.7,167.45,5.3,5.0,0.0,M,,,,2.3,0.1,8,2.4,nan,1,,,,2.4,nan,1
2022p046459,2022-01-18T04:33:26Z,-39.41,5.3,175.81,5.1,19.0,10.0,M,,,,0.3,0.7,3,0.8,nan,5,,,,0.8,0.2,5
2022p046469,2022-01-18T04:39:23Z,-38.81,10.4,176.04,9.8,87.0,10.0,M,,,,1.3,0.2,6,1.4,nan,2,,,,1.4,0.2,2
2022p046481,2022-01-18T04:45:27Z,-37.64,5.3,179.72,5.8,33.0,0.0,M,,,,3.8,0.2,20,4.1,nan,74,,,,4.1,0.2,74
2022p046546,2022-01-18T05:20:08Z,-38.64,5.3,178.57,7.1,29.0,8.0,M,,,,2.5,0.2,12,2.6,nan,12,,,,2.6,0.1,12
2022p046550,2022-01-18T05:21:51Z,-40.0,3.6,176.68,4.5,35.0,7.0,M,,,,1.6,0.3,9,1.6,nan,7,,,,1.6,0.2,7
2022p046643,2022-01-18T06:11:32Z,-40.86,4.0,175.55,3.6,23.0,7.0,M,,,,0.9,0.2,6,0.9,nan,2,,,,0.9,0.2,2
2022p046695,2022-01-18T06:39:35Z,-41.27,2.6,175.01,2.2,23.0,3.0,MLv,,,,3.1,0.2,15,,,,,,,3.1,0.2,38
2022p046744,2022-01-18T07:05:40Z,-45.01,3.9,167.41,4.9,33.0,0.0,M,,,,2.9,0.2,11,2.9,nan,7,,,,2.9,0.1,7
2022p046750,2022-01-18T07:08:34Z,-37.33,10.4,177.28,9.6,5.0,0.0,M,,,,2.3,0.1,7,2.4,nan,6,,,,2.4,0.2,6
2022p046767,2022-01-18T07:17:57Z,-37.75,16.1,179.66,9.5,33.0,0.0,M,,,,2.6,0.2,9,2.5,nan,5,,,,2.5,0.2,5
2022p046788,2022-01-18T07:28:57Z,-40.18,2.4,174.95,2.5,12.0,0.0,MLv,,,,3.2,0.2,14,,,,,,,3.2,0.1,49
2022p046837,2022-01-18T07:54:55Z,-41.35,4.1,173.24,3.2,69.0,7.0,MLv,,,,1.8,0.2,10,,,,,,,1.8,0.2,7
2022p047036,2022-01-18T09:41:17Z,-39.47,8.0,175.72,7.3,16.0,12.0,MLv,,,,0.6,0.5,6,0.6,nan,7,,,,0.6,0.3,7
2022p047039,2022-01-18T09:42:35Z,-37.27,4.9,177.34,3.3,5.0,0.0,MLv,,,,2.2,0.1,12,2.2,nan,6,,,,2.2,0.1,6
2022p047087,2022-01-18T10:08:15Z,-43.49,2.4,172.16,2.3,5.0,0.0,MLv,,,,1.8,0.4,9,1.1,nan,2,,,,1.1,0.1,2
2022p047091,2022-01-18T10:10:24Z,-39.86,2.2,176.58,2.7,19.0,4.0,MLv,,,,1.7,0.3,14,1.9,nan,19,,,,1.9,0.2,19
2022p047112,2022-01-18T10:21:28Z,-40.12,1.8,176.38,2.4,19.0,3.0,MLv,,,,2.3,0.1,15,2.3,nan,21,,,,2.3,0.1,21
2022p047142,2022-01-18T10:37:46Z,-40.43,2.8,175.55,3.5,5.0,0.0,M,,,,1.3,0.3,13,1.2,nan,4,,,,1.2,0.2,4
2022p047190,2022-01-18T11:02:54Z,-40.37,3.0,176.55,4.1,19.0,5.0,MLv,,,,1.6,0.2,12,1.4,nan,6,,,,1.4,0.3,6
2022p047197,2022-01-18T11:07:03Z,-39.04,2.9,175.87,3.3,66.0,4.0,MLv,,,,2.1,0.4,37,,,,,,,2.6,0.3,60
2022p047264,2022-01-18T11:42:39Z,-38.57,2.7,177.88,3.2,15.0,5.0,MLv,,,,1.5,0.3,10,,,,,,,1.2,0.3,4
2022p047266,2022-01-18T11:43:55Z,-40.51,9.9,173.41,5.5,165.0,8.0,MLv,,,,,,,,,,,,,1.8,0.4,5
2022p047473,2022-01-18T13:33:42Z,-41.36,2.9,172.4,3.0,5.0,0.0,MLv,,,,1.8,0.1,7,2.0,nan,7,,,,2.0,0.3,7
2022p047559,2022-01-18T14:19:41Z,-38.1,2.5,176.7,2.3,4.0,3.0,MLv,,,,1.7,0.3,14,1.8,nan,11,,,,1.8,0.3,11
2022p047660,2022-01-18T15:13:39Z,-39.18,3.6,177.37,4.1,19.0,5.0,MLv,,,,1.9,0.1,12,1.9,nan,7,,,,1.9,0.1,7
2022p047669,2022-01-18T15:18:15Z,-40.13,2.3,176.59,3.5,15.0,4.0,MLv,,,,1.4,0.2,10,1.3,nan,6,,,,1.3,0.2,6
2022p047746,2022-01-18T15:59:14Z,-39.21,3.5,174.76,1.9,17.0,5.0,MLv,,,,2.0,0.1,20,,,,,,,2.0,0.2,14
2022p047749,2022-01-18T16:00:57Z,-37.52,6.9,179.76,7.1,33.0,0.0,MLv,,,,3.0,0.3,16,,,,,,,3.0,0.2,10
2022p047802,2022-01-18T16:28:57Z,-41.1,7.9,173.59,4.9,74.0,10.0,MLv,,,,,,,,,,,,,1.8,0.3,2
2022p047809,2022-01-18T16:32:41Z,-38.1,2.8,176.7,2.7,4.0,3.0,MLv,,,,1.5,0.2,11,1.6,nan,7,,,,1.6,0.2,7
2022p047811,2022-01-18T16:33:53Z,-37.63,9.6,176.49,8.2,138.0,13.0,MLv,,,,2.0,0.2,9,2.0,nan,7,,,,2.0,0.2,7
2022p047832,2022-01-18T16:45:27Z,-39.52,12.0,175.71,8.4,10.0,13.0,MLv,,,,0.8,0.4,7,0.8,nan,6,,,,0.8,0.3,6
2022p047991,2022-01-18T18:10:05Z,-40.92,7.0,173.75,4.4,66.0,8.0,MLv,,,,1.8,0.1,7,,,,,,,1.8,0.4,5
2022p048124,2022-01-18T19:20:47Z,-39.29,10.3,174.86,15.1,76.0,16.0,MLv,,,,1.5,0.3,10,1.7,nan,5,,,,1.7,0.1,5
2022p048151,2022-01-18T19:35:08Z,-40.09,3.5,178.59,4.8,33.0,0.0,MLv,,,,,,,,,,,,,2.9,0.2,25
2022p048158,2022-01-18T19:38:46Z,-39.65,3.5,176.91,4.6,34.0,8.0,M,,,,1.6,0.2,11,1.3,nan,3,,,,1.3,0.1,3
2022p048347,2022-01-18T21:19:24Z,-41.42,2.9,172.32,2.6,5.0,0.0,M,,,,1.9,0.1,5,2.1,nan,3,,,,2.1,0.1,3
2022p048457,2022-01-18T22:18:06Z,-38.09,3.1,176.7,2.4,6.0,5.0,M,,,,2.0,0.3,14,2.1,nan,13,,,,2.1,0.3,13
2022p048691,2022-01-19T00:23:41Z,-36.54,34.8,177.36,34.9,195.0,25.0,MLv,,,,,,,,,,,,,2.3,nan,1
2022p048694,2022-01-19T00:24:12Z,-40.34,3.3,176.3,3.2,28.0,7.0,M,,,,1.5,0.1,8,1.6,nan,6,,,,1.6,0.3,6
2022p048701,2022-01-19T00:28:04Z,-41.62,2.7,174.39,1.9,11.0,4.0,M,,,,2.5,0.2,16,2.6,nan,12,,,,2.6,0.2,12
2022p048822,2022-01-19T01:32:33Z,-45.22,6.0,167.37,5.9,55.0,9.0,M,,,,2.5,0.1,8,2.5,nan,3,,,,2.5,0.5,3
2022p048827,2022-01-19T01:35:21Z,-40.39,3.2,176.23,4.4,20.0,5.0,M,,,,1.5,0.2,11,1.5,nan,7,,,,1.5,0.2,7
2022p048851,2022-01-19T01:47:51Z,-32.58,6.1,-177.4,19.9,33.0,0.0,MLv,4.9,0.2,4,5.0,0.3,8,4.8,nan,6,4.2,0.4,4,5.0,0.1,6
2022p048907,2022-01-19T02:18:07Z,-39.98,2.2,175.11,2.7,18.0,4.0,M,,,,3.1,0.2,17,3.2,nan,58,,,,3.2,0.2,58
2022p048968,2022-01-19T02:50:35Z,-38.83,3.5,177.62,3.6,27.0,8.0,MLv,,,,1.8,0.3,9,1.8,nan,4,,,,1.8,0.3,4
2022p049018,2022-01-19T03:16:58Z,-40.28,2.6,176.56,2.6,14.0,5.0,M,,,,2.4,0.2,13,2.4,nan,19,,,,2.4,0.1,19
2022p049087,2022-01-19T03:53:43Z,-38.33,2.4,176.28,3.1,7.0,7.0,M,,,,1.7,0.3,11,1.7,nan,10,,,,1.7,0.2,10
2022p049089,2022-01-19T03:54:41Z,-40.27,2.8,176.58,3.7,14.0,6.0,M,,,,2.1,0.1,12,2.1,nan,13,,,,2.1,0.1,13
2022p049099,2022-01-19T04:00:13Z,-40.27,2.6,176.57,2.8,15.0,5.0,M,,,,1.8,0.1,12,1.8,nan,7,,,,1.8,0.2,7
2022p049117,2022-01-19T04:09:49Z,-40.38,4.1,174.43,4.4,33.0,10.0,M,,,,2.2,0.2,13,2.0,nan,5,,,,2.0,0.2,5
2022p049129,2022-01-19T04:16:03Z,-39.18,5.7,174.9,3.2,23.0,8.0,M,,,,2.1,0.2,11,2.3,nan,17,,,,2.3,0.2,17
2022p049193,2022-01-19T04:50:20Z,-36.26,12.7,178.36,10.9,156.0,19.0,M,,,,2.5,0.2,6,2.7,nan,3,,,,2.7,0.6,3
2022p049237,2022-01-19T05:13:31Z,-41.63,3.7,174.37,3.3,12.0,0.0,M,,,,1.8,0.3,9,1.2,nan,1,,,,1.2,nan,1
2022p049243,2022-01-19T05:16:42Z,-40.18,2.5,174.91,4.4,12.0,0.0,M,,,,1.8,0.2,11,2.0,nan,3,,,,2.0,0.4,3
2022p049251,2022-01-19T05:20:59Z,-38.23,6.3,176.02,7.2,158.0,12.0,M,,,,,,,2.4,nan,13,,,,2.4,0.3,13
2022p049425,2022-01-19T06:54:02Z,-39.93,2.4,176.56,2.6,33.0,5.0,M,,,,3.3,0.3,15,3.2,nan,61,,,,3.2,0.2,61
2022p049488,2022-01-19T07:27:22Z,-39.94,3.0,176.56,3.4,32.0,6.0,M,,,,2.1,0.2,12,2.1,nan,13,,,,2.1,0.2,13
2022p049500,2022-01-19T07:34:02Z,-39.58,4.2,174.33,4.2,113.0,8.0,M,,,,1.9,0.1,6,2.1,nan,9,,,,2.1,0.2,9
2022p049555,2022-01-19T08:03:00Z,-39.93,2.8,176.55,2.9,37.0,6.0,M,,,,1.7,0.2,12,1.8,nan,10,,,,1.8,0.2,10
2022p049567,2022-01-19T08:09:30Z,-44.16,2.5,168.74,3.3,5.0,0.0,MLv,,,,2.6,0.1,7,2.8,nan,4,,,,2.8,0.2,4
2022p049664,2022-01-19T09:01:20Z,-38.33,2.9,176.28,4.0,6.0,9.0,M,,,,1.5,0.3,9,1.6,nan,9,,,,1.6,0.1,9
2022p049666,2022-01-19T09:02:23Z,-38.34,3.6,176.27,6.1,7.0,8.0,M,,,,1.1,0.2,6,1.1,nan,6,,,,1.1,0.1,6
2022p049728,2022-01-19T09:35:30Z,-38.68,6.3,175.87,10.0,79.0,20.0,M,,,,1.6,0.3,12,1.6,nan,1,,,,1.6,nan,1
2022p049741,2022-01-19T09:42:31Z,-37.43,7.4,-179.95,8.3,33.0,0.0,MLv,,,,3.3,0.1,14,,,,,,,3.3,0.1,10
2022p049811,2022-01-19T10:19:19Z,-38.33,3.8,176.28,3.8,4.0,6.0,MLv,,,,1.6,0.3,9,,,,,,,1.7,0.1,8
2022p049882,2022-01-19T10:57:35Z,-43.99,2.6,169.51,2.5,5.0,0.0,ML,,,,2.1,0.3,3,,,,,,,,,
2022p049899,2022-01-19T11:06:38Z,-38.33,3.4,176.29,5.1,5.0,8.0,M,,,,1.1,0.3,6,1.1,nan,6,,,,1.1,0.1,6
2022p049948,2022-01-19T11:32:55Z,-39.16,6.7,175.63,3.5,5.0,6.0,M,,,,0.8,0.2,6,0.8,nan,6,,,,0.8,0.3,6
2022p050001,2022-01-19T12:00:45Z,-38.1,2.5,176.71,2.7,4.0,3.0,MLv,,,,1.5,0.3,10,1.7,nan,7,,,,1.7,0.2,7
2022p050003,2022-01-19T12:01:46Z,-37.83,5.5,176.67,6.7,136.0,9.0,M,,,,,,,2.5,nan,19,,,,2.5,0.2,19
2022p050037,2022-01-19T12:19:59Z,-43.98,2.2,169.12,2.4,5.0,0.0,MLv,,,,2.8,0.2,7,,,,,,,2.8,0.3,5
2022p050092,2022-01-19T12:49:39Z,-39.75,3.3,176.87,5.0,30.0,8.0,M,,,,1.3,0.3,10,1.0,nan,3,,,,1.0,0.3,3
2022p050110,2022-01-19T12:58:50Z,-38.91,2.5,175.86,2.5,5.0,0.0,MLv,,,,1.2,0.1,12,,,,,,,1.2,0.1,7
2022p050119,2022-01-19T13:03:40Z,-39.71,2.3,176.81,3.0,24.0,5.0,MLv,,,,1.7,0.2,13,,,,,,,1.5,0.2,9
2022p050150,2022-01-19T13:20:21Z,-39.75,2.5,176.83,3.7,37.0,5.0,MLv,,,,1.6,0.3,13,,,,,,,1.8,0.3,8
2022p050159,2022-01-19T13:25:11Z,-39.97,2.4,175.09,3.9,20.0,5.0,M,,,,1.9,0.2,15,2.0,nan,5,,,,2.0,0.3,5
2022p050205,2022-01-19T13:49:28Z,-40.38,4.0,173.85,6.1,68.0,13.0,MLv,,,,2.3,0.2,12,2.2,nan,6,,,,2.2,0.3,6
2022p050253,2022-01-19T14:15:07Z,-38.41,6.6,175.78,5.7,166.0,7.0,MLv,,,,1.8,0.3,7,2.1,nan,9,,,,2.1,0.2,9
2022p050283,2022-01-19T14:31:38Z,-40.53,3.1,175.93,3.0,19.0,7.0,MLv,,,,1.3,0.3,9,1.2,nan,7,,,,1.2,0.3,7
2022p050361,2022-01-19T15:12:28Z,-39.93,3.4,176.56,3.2,38.0,6.0,MLv,,,,2.4,0.2,10,,,,,,,2.4,0.3,11
2022p050417,2022-01-19T15:42:21Z,-38.91,2.5,175.85,4.1,5.0,0.0,MLv,,,,1.0,0.2,9,0.8,nan,6,,,,0.8,0.1,6
2022p050464,2022-01-19T16:07:29Z,-37.94,6.6,176.27,6.9,149.0,10.0,MLv,,,,1.9,0.2,10,2.3,nan,4,,,,2.3,0.4,4
2022p050530,2022-01-19T16:42:39Z,-39.3,4.2,177.29,4.2,21.0,7.0,M,,,,1.8,0.1,11,1.8,nan,7,,,,1.8,0.1,7
2022p050548,2022-01-19T16:52:15Z,-38.75,4.2,177.08,6.3,30.0,10.0,MLv,,,,1.3,0.3,8,0.9,nan,5,,,,0.9,0.3,5
2022p050590,2022-01-19T17:14:45Z,-43.02,3.1,171.28,2.5,5.0,0.0,M,,,,2.3,0.4,9,1.8,nan,1,,,,1.8,nan,1
2022p050641,2022-01-19T17:41:49Z,-38.86,6.5,176.52,4.1,50.0,8.0,M,,,,1.7,0.2,9,1.6,nan,4,,,,1.6,0.4,4
2022p050889,2022-01-19T19:53:46Z,-40.6,2.4,175.87,2.7,21.0,4.0,M,,,,1.7,0.2,12,1.7,nan,6,,,,1.7,0.2,6
2022p051013,2022-01-19T20:59:59Z,-39.56,7.8,174.45,10.7,113.0,23.0,M,,,,,,,2.1,nan,5,,,,2.1,0.4,5
2022p051093,2022-01-19T21:42:42Z,-41.24,2.8,175.25,3.4,19.0,6.0,MLv,,,,1.7,0.3,11,1.7,nan,10,,,,1.7,0.2,10
2022p051107,2022-01-19T21:50:13Z,-38.4,5.0,175.97,5.5,142.0,10.0,M,,,,1.9,0.3,5,2.7,nan,22,,,,2.7,0.3,22
2022p051187,2022-01-19T22:32:52Z,-38.6,2.9,177.73,3.7,20.0,7.0,MLv,,,,1.9,0.2,8,1.9,nan,6,,,,1.9,0.3,6
2022p051346,2022-01-19T23:57:43Z,-37.76,8.6,176.0,10.0,255.0,10.0,M,,,,,,,2.9,nan,21,,,,2.9,0.3,21
2022p051350,2022-01-19T23:59:33Z,-41.1,3.6,174.65,5.2,25.0,5.0,M,,,,2.1,0.3,8,2.2,nan,7,,,,2.2,0.2,7
2022p051404,2022-01-20T00:28:21Z,-40.61,3.9,175.85,4.2,21.0,7.0,MLv,,,,1.1,0.2,7,1.2,nan,2,,,,1.2,0.0,2
2022p051439,2022-01-20T00:46:44Z,-40.16,2.9,175.96,4.1,21.0,7.0,M,,,,2.2,0.3,10,2.2,nan,8,,,,2.2,0.3,8
2022p051485,2022-01-20T01:11:16Z,-38.17,3.5,178.34,5.8,14.0,7.0,M,,,,2.0,0.3,11,1.9,nan,7,,,,1.9,0.3,7
2022p051529,2022-01-20T01:34:58Z,-38.2,3.7,178.32,4.9,11.0,6.0,M,,,,1.8,0.3,11,1.8,nan,7,,,,1.8,0.2,7
2022p051556,2022-01-20T01:49:22Z,-38.52,5.2,175.73,5.2,140.0,7.0,M,,,,2.0,0.4,2,2.5,nan,23,,,,2.5,0.3,23
2022p051587,2022-01-20T02:05:56Z,-38.1,2.2,176.71,2.6,4.0,3.0,MLv,,,,2.0,0.2,13,2.1,nan,14,,,,2.1,0.2,14
2022p051615,2022-01-20T02:20:46Z,-39.01,4.0,177.84,5.1,34.0,6.0,MLv,,,,1.7,0.4,9,,,,,,,1.8,0.3,6
2022p051631,2022-01-20T02:29:29Z,-38.1,2.0,176.7,1.7,3.0,2.0,M,,,,3.0,0.3,24,2.9,nan,39,,,,2.9,0.2,39
2022p051638,2022-01-20T02:33:09Z,-41.47,4.2,174.86,3.3,26.0,5.0,M,,,,1.6,0.1,11,1.5,nan,5,,,,1.5,0.4,5
2022p051648,2022-01-20T02:38:44Z,-38.96,5.0,175.27,6.9,141.0,8.0,M,,,,,,,2.3,nan,10,,,,2.3,0.4,10
2022p051717,2022-01-20T03:14:53Z,-38.69,8.8,176.22,9.8,89.0,11.0,MLv,,,,1.5,0.3,7,,,,,,,1.5,0.2,5
2022p051726,2022-01-20T03:19:55Z,-38.54,8.8,175.69,7.6,140.0,10.0,MLv,,,,1.4,0.1,2,2.0,nan,4,,,,2.0,0.3,4
2022p051771,2022-01-20T03:43:38Z,-43.98,2.6,169.11,2.7,6.0,4.0,M,,,,2.9,0.3,6,2.8,nan,6,,,,2.8,0.3,6
2022p051868,2022-01-20T04:35:35Z,-38.1,3.1,176.71,3.2,3.0,5.0,M,,,,2.1,0.3,18,2.2,nan,19,,,,2.2,0.2,19
2022p051889,2022-01-20T04:46:43Z,-37.17,7.1,177.13,6.0,170.0,9.0,M,,,,2.4,0.3,9,2.9,nan,21,,,,2.9,0.2,21
2022p051998,2022-01-20T05:44:38Z,-39.92,3.5,176.57,4.1,32.0,9.0,MLv,,,,1.9,0.2,10,1.9,nan,8,,,,1.9,0.3,8
2022p052017,2022-01-20T05:55:01Z,-36.96,12.0,177.22,11.3,114.0,16.0,M,,,,2.1,0.2,9,2.2,nan,3,,,,2.2,0.1,3
2022p052053,2022-01-20T06:14:17Z,-39.68,4.1,176.79,5.1,44.0,11.0,M,,,,1.3,0.3,9,1.3,nan,4,,,,1.3,0.3,4
2022p052114,2022-01-20T06:46:30Z,-39.48,5.3,175.74,3.8,12.0,8.0,M,,,,1.1,0.3,11,0.9,nan,3,,,,0.9,0.4,3
2022p052413,2022-01-20T09:25:50Z,-38.39,3.2,177.86,4.0,22.0,6.0,M,,,,1.6,0.2,10,1.6,nan,5,,,,1.6,0.2,5
2022p052438,2022-01-20T09:39:14Z,-39.23,4.0,175.42,6.1,7.0,11.0,MLv,,,,0.6,0.1,9,0.7,nan,4,,,,0.7,0.2,4
2022p052454,2022-01-20T09:47:30Z,-38.1,2.5,176.7,2.4,4.0,3.0,M,,,,1.5,0.2,12,1.8,nan,6,,,,1.8,0.1,6
2022p052485,2022-01-20T10:04:08Z,-40.92,2.6,175.75,2.5,24.0,4.0,M,,,,2.0,0.2,16,2.0,nan,13,,,,2.0,0.2,13
2022p052487,2022-01-20T10:06:01Z,-40.92,3.3,175.75,3.1,21.0,6.0,M,,,,1.3,0.2,10,0.9,nan,3,,,,0.9,0.2,3
2022p052503,2022-01-20T10:13:54Z,-40.92,2.7,175.75,3.0,20.0,5.0,M,,,,1.4,0.2,11,1.2,nan,4,,,,1.2,0.3,4
2022p052566,2022-01-20T10:46:52Z,-37.06,28.6,176.69,29.9,178.0,42.0,,,,,,,,,,,,,,,,
2022p052651,2022-01-20T11:32:49Z,-36.76,17.5,177.24,17.7,185.0,19.0,M,,,,2.5,0.3,6,2.6,nan,6,,,,2.6,0.3,6
2022p052661,2022-01-20T11:37:50Z,-40.27,3.7,176.59,4.1,12.0,10.0,M,,,,1.5,0.2,10,1.2,nan,4,,,,1.2,0.1,4
2022p052676,2022-01-20T11:45:47Z,-40.43,2.1,175.91,2.0,20.0,3.0,M,,,,3.3,0.3,17,3.3,nan,60,,,,3.3,0.2,60
2022p052713,2022-01-20T12:05:38Z,-37.71,10.1,176.32,11.3,146.0,13.0,M,,,,2.1,0.2,12,1.9,nan,1,,,,1.9,nan,1
2022p052729,2022-01-20T12:14:09Z,-40.92,2.7,175.74,3.1,19.0,7.0,M,,,,1.0,0.2,6,0.8,nan,3,,,,0.8,0.2,3
2022p052777,2022-01-20T12:39:57Z,-38.09,3.0,176.7,2.6,4.0,3.0,M,,,,1.7,0.2,13,1.9,nan,11,,,,1.9,0.2,11
2022p052879,2022-01-20T13:34:21Z,-39.29,3.9,175.47,7.4,6.0,8.0,M,,,,0.8,0.3,9,0.9,nan,3,,,,0.9,0.4,3
2022p052892,2022-01-20T13:41:02Z,-39.47,2.3,176.45,2.7,29.0,3.0,M,,,,2.1,0.3,21,2.0,nan,12,,,,2.0,0.2,12
2022p052919,2022-01-20T13:55:54Z,-38.4,12.0,175.1,12.5,221.0,13.0,M,,,,,,,2.7,nan,7,,,,2.7,0.3,7
2022p052936,2022-01-20T14:04:38Z,-38.18,6.2,176.09,5.8,142.0,8.0,MLv,,,,1.8,0.6,7,,,,,,,3.0,0.4,61
2022p052947,2022-01-20T14:10:13Z,-37.44,13.2,179.87,8.9,33.0,0.0,M,,,,2.5,0.1,8,2.6,nan,2,,,,2.6,0.0,2
2022p053110,2022-01-20T15:37:12Z,-39.81,3.0,176.63,4.6,32.0,9.0,M,,,,1.3,0.3,11,1.0,nan,3,,,,1.0,0.2,3
2022p053129,2022-01-20T15:47:35Z,-39.94,3.0,176.6,2.6,22.0,6.0,M,,,,1.4,0.3,11,1.2,nan,4,,,,1.2,0.2,4
2022p053143,2022-01-20T15:54:41Z,-38.36,2.4,177.76,2.4,20.0,4.0,M,,,,2.6,0.2,16,2.5,nan,21,,,,2.5,0.2,21
2022p053191,2022-01-20T16:20:38Z,-40.5,2.7,175.95,3.0,19.0,6.0,M,,,,1.8,0.2,11,1.8,nan,7,,,,1.8,0.2,7
2022p053194,2022-01-20T16:22:12Z,-39.33,4.2,176.98,5.2,28.0,6.0,M,,,,1.4,0.2,10,1.5,nan,4,,,,1.5,0.1,4
2022p053239,2022-01-20T16:45:53Z,-41.18,7.9,172.51,9.2,186.0,7.0,M,,,,,,,3.1,nan,10,,,,3.1,0.2,10
2022p053330,2022-01-20T17:34:16Z,-40.34,3.9,176.53,3.9,11.0,9.0,M,,,,2.0,0.2,11,2.0,nan,7,,,,2.0,0.2,7
2022p053516,2022-01-20T19:13:54Z,-38.02,5.1,176.67,4.2,117.0,6.0,MLv,,,,3.9,0.5,29,,,,,,,4.7,0.4,120
2022p053533,2022-01-20T19:22:46Z,-37.22,9.2,176.89,7.2,168.0,10.0,M,,,,,,,4.0,nan,98,,,,4.0,0.5,98
2022p053613,2022-01-20T20:05:24Z,-41.15,6.1,173.36,5.5,83.0,10.0,MLv,,,,,,,2.3,nan,3,,,,2.3,0.2,3
2022p053630,2022-01-20T20:14:05Z,-40.89,3.0,175.78,4.1,20.0,5.0,M,,,,1.4,0.3,9,1.2,nan,2,,,,1.2,0.2,2
2022p053681,2022-01-20T20:41:40Z,-37.61,6.2,177.27,6.5,100.0,11.0,MLv,,,,2.6,0.3,7,2.7,nan,15,,,,2.7,0.2,15
2022p053826,2022-01-20T21:58:33Z,-39.87,4.9,175.05,6.0,62.0,10.0,M,,,,2.7,0.2,17,2.8,nan,40,,,,2.8,0.2,40
2022p053926,2022-01-20T22:52:14Z,-40.92,4.2,175.74,4.3,19.0,8.0,M,,,,1.0,0.2,6,1.0,nan,4,,,,1.0,0.3,4
2022p053958,2022-01-20T23:09:24Z,-39.27,5.9,175.75,7.4,66.0,11.0,MLv,,,,1.1,0.4,16,1.1,nan,13,,,,1.1,0.5,13
2022p053969,2022-01-20T23:14:59Z,-41.2,5.4,172.59,5.4,113.0,8.0,M,,,,,,,3.0,nan,7,,,,3.0,1.3,7
2022p053970,2022-01-20T23:15:23Z,-38.07,7.0,176.0,7.6,199.0,11.0,M,,,,,,,2.8,nan,19,,,,2.8,0.4,19
2022p053973,2022-01-20T23:17:27Z,-38.27,6.7,175.99,8.1,141.0,9.0,MLv,,,,1.7,0.5,9,,,,,,,3.2,0.5,61
2022p054141,2022-01-21T00:46:28Z,-37.39,16.7,179.87,10.7,12.0,0.0,M,,,,2.7,0.1,6,2.6,nan,4,,,,2.6,0.1,4
2022p054280,2022-01-21T02:00:35Z,-43.57,2.0,172.71,2.6,5.0,3.0,M,,,,2.0,0.2,8,1.9,nan,5,,,,1.9,0.2,5
2022p054294,2022-01-21T02:07:53Z,-39.17,2.9,175.38,4.3,7.0,6.0,M,,,,1.3,0.1,12,1.3,nan,10,,,,1.3,0.1,10
2022p054321,2022-01-21T02:22:46Z,-37.88,8.6,175.96,11.4,182.0,11.0,M,,,,,,,2.2,nan,6,,,,2.2,0.2,6
2022p054516,2022-01-21T04:06:30Z,-38.8,4.6,178.27,7.0,36.0,8.0,M,,,,2.8,0.3,13,3.1,nan,35,,,,3.1,0.3,35
2022p054530,2022-01-21T04:14:01Z,-38.97,3.1,177.21,3.0,27.0,6.0,MLv,,,,1.5,0.2,11,1.3,nan,5,,,,1.3,0.3,5
2022p054535,2022-01-21T04:16:39Z,-41.99,2.9,173.94,3.3,7.0,3.0,MLv,,,,1.9,0.2,7,1.6,nan,3,,,,1.6,0.1,3
2022p054608,2022-01-21T04:55:15Z,-40.15,2.3,174.78,2.7,12.0,0.0,M,,,,2.0,0.2,19,2.0,nan,14,,,,2.0,0.1,14
2022p054609,2022-01-21T04:56:36Z,-38.31,6.4,176.37,6.0,124.0,9.0,MLv,,,,2.4,0.4,9,,,,,,,3.9,0.4,101
2022p054700,2022-01-21T05:44:32Z,-39.54,3.0,176.68,3.2,28.0,6.0,M,,,,2.1,0.3,13,2.0,nan,15,,,,2.0,0.3,15
2022p054737,2022-01-21T06:04:08Z,-45.04,2.3,169.22,3.1,5.0,0.0,MLv,,,,2.2,0.2,10,2.0,nan,3,,,,2.0,0.3,3
2022p054738,2022-01-21T06:04:49Z,-40.57,2.7,176.43,3.6,14.0,6.0,M,,,,2.6,0.1,12,2.4,nan,22,,,,2.4,0.1,22
2022p055012,2022-01-21T08:30:40Z,-39.17,2.9,175.63,3.2,28.0,8.0,M,,,,1.7,0.2,7,1.5,nan,8,,,,1.5,0.2,8
2022p055075,2022-01-21T09:04:19Z,-39.29,3.1,177.09,4.0,27.0,6.0,M,,,,1.6,0.2,12,1.6,nan,8,,,,1.6,0.1,8
2022p055126,2022-01-21T09:31:45Z,-41.44,5.3,172.91,4.0,83.0,8.0,M,,,,,,,2.2,nan,5,,,,2.2,0.2,5
2022p055135,2022-01-21T09:36:07Z,-39.04,4.6,177.67,3.9,18.0,5.0,M,,,,1.4,0.2,11,1.5,nan,2,,,,1.5,0.3,2
2022p055139,2022-01-21T09:38:08Z,-40.6,4.4,176.46,4.8,12.0,6.0,M,,,,1.6,0.2,9,1.7,nan,6,,,,1.7,0.2,6
2022p055141,2022-01-21T09:39:31Z,-39.28,5.2,177.09,4.8,26.0,6.0,M,,,,1.4,0.2,11,1.3,nan,5,,,,1.3,0.1,5
2022p055145,2022-01-21T09:41:22Z,-35.68,12.8,178.33,36.2,12.0,0.0,M,,,,2.9,0.1,9,2.9,nan,3,,,,2.9,0.2,3
2022p055167,2022-01-21T09:53:27Z,-37.47,7.6,-179.94,7.9,33.0,0.0,M,,,,3.2,0.2,17,3.2,nan,12,,,,3.2,0.1,12
2022p055193,2022-01-21T10:07:11Z,-38.38,4.5,177.28,4.5,34.0,7.0,M,,,,1.3,0.3,10,1.2,nan,3,,,,1.2,0.5,3
2022p055220,2022-01-21T10:21:44Z,-38.66,2.6,176.09,4.2,5.0,0.0,M,,,,1.5,0.3,6,1.7,nan,5,,,,1.7,0.5,5
2022p055222,2022-01-21T10:22:33Z,-37.58,7.8,179.84,6.8,12.0,0.0,M,,,,2.9,0.2,14,3.0,nan,11,,,,3.0,0.2,11
2022p055225,2022-01-21T10:24:01Z,-42.05,5.4,172.88,4.9,57.0,9.0,MLv,,,,2.4,0.3,9,2.6,nan,10,,,,2.6,0.2,10
2022p055246,2022-01-21T10:35:25Z,-40.89,2.0,175.58,2.4,5.0,4.0,M,,,,2.1,0.2,16,2.1,nan,19,,,,2.1,0.2,19
2022p055247,2022-01-21T10:35:53Z,-44.32,2.4,168.77,3.9,5.0,0.0,MLv,,,,2.0,0.2,6,2.0,nan,3,,,,2.0,0.4,3
2022p055271,2022-01-21T10:48:48Z,-40.32,2.4,176.48,2.6,14.0,5.0,M,,,,2.5,0.2,12,2.4,nan,23,,,,2.4,0.2,23
2022p055296,2022-01-21T11:02:00Z,-40.74,3.7,175.11,4.0,26.0,6.0,M,,,,1.3,0.3,8,1.1,nan,6,,,,1.1,0.4,6
2022p055307,2022-01-21T11:07:56Z,-41.7,2.9,174.16,3.3,15.0,5.0,MLv,,,,2.2,0.3,6,2.4,nan,17,,,,2.4,0.2,17
2022p055372,2022-01-21T11:42:44Z,-39.17,5.9,175.66,5.3,7.0,8.0,M,,,,0.8,0.2,7,0.9,nan,4,,,,0.9,0.2,4
2022p055441,2022-01-21T12:19:21Z,-39.18,5.8,175.64,5.8,5.0,0.0,M,,,,0.8,0.1,7,0.7,nan,6,,,,0.7,0.3,6
2022p055455,2022-01-21T12:26:53Z,-38.89,4.2,175.38,6.4,5.0,0.0,MLv,,,,1.1,0.3,10,,,,,,,0.9,0.0,3
2022p055480,2022-01-21T12:39:53Z,-39.76,3.1,177.11,6.8,19.0,5.0,M,,,,1.6,0.2,12,1.5,nan,4,,,,1.5,0.2,4
2022p055494,2022-01-21T12:47:23Z,-38.09,3.7,176.7,3.5,7.0,9.0,M,,,,1.4,0.2,12,1.5,nan,7,,,,1.5,0.1,7
2022p055678,2022-01-21T14:25:27Z,-38.93,3.6,177.52,3.9,19.0,6.0,M,,,,1.5,0.2,10,1.3,nan,2,,,,1.3,0.5,2
2022p055702,2022-01-21T14:37:57Z,-36.8,13.3,177.47,12.0,144.0,15.0,M,,,,2.1,0.2,8,2.3,nan,1,,,,2.3,nan,1
2022p055712,2022-01-21T14:43:50Z,-38.08,3.6,178.21,4.0,28.0,7.0,M,,,,1.3,0.2,7,0.9,nan,4,,,,0.9,0.3,4
2022p055775,2022-01-21T15:17:11Z,-37.1,12.7,177.27,8.2,115.0,23.0,M,,,,,,,2.1,nan,4,,,,2.1,0.1,4
2022p055801,2022-01-21T15:31:19Z,-40.12,2.8,174.95,3.9,18.0,6.0,M,,,,2.3,0.2,12,2.4,nan,7,,,,2.4,0.2,7
2022p055854,2022-01-21T15:59:07Z,-42.0,2.5,173.66,2.7,5.0,0.0,M,,,,2.1,0.1,8,2.2,nan,7,,,,2.2,0.1,7
2022p055878,2022-01-21T16:11:54Z,-34.07,7.2,179.56,13.9,200.0,0.0,M,5.1,0.2,3,5.0,0.3,13,5.2,nan,57,4.5,0.4,3,5.2,0.2,57
2022p055901,2022-01-21T16:24:26Z,-37.55,13.8,179.85,8.4,12.0,0.0,ML,,,,2.4,0.1,4,,,,,,,,,
2022p055929,2022-01-21T16:38:59Z,-38.7,9.6,175.57,13.2,155.0,12.0,M,,,,1.9,0.4,8,1.7,nan,1,,,,1.7,nan,1
2022p055985,2022-01-21T17:09:14Z,-38.76,4.8,177.45,4.8,21.0,6.0,M,,,,1.3,0.3,7,0.7,nan,1,,,,0.7,nan,1
2022p056028,2022-01-21T17:31:46Z,-39.19,4.7,174.79,3.7,16.0,6.0,M,,,,2.0,0.3,9,1.6,nan,2,,,,1.6,0.1,2
2022p056040,2022-01-21T17:38:14Z,-40.56,4.4,176.41,5.3,17.0,8.0,M,,,,1.6,0.1,12,1.7,nan,5,,,,1.7,0.2,5
2022p056050,2022-01-21T17:43:51Z,-40.11,2.3,174.97,4.9,18.0,6.0,M,,,,1.8,0.3,12,1.7,nan,2,,,,1.7,0.3,2
2022p056095,2022-01-21T18:07:55Z,-38.66,2.8,176.08,3.5,2.0,6.0,M,,,,1.6,0.4,12,1.8,nan,6,,,,1.8,0.4,6
2022p056101,2022-01-21T18:10:46Z,-40.42,3.6,175.07,4.3,5.0,0.0,M,,,,1.6,0.2,6,1.8,nan,1,,,,1.8,nan,1
2022p056203,2022-01-21T19:05:33Z,-38.66,7.3,176.08,4.6,4.0,5.0,M,,,,1.7,0.2,7,1.7,nan,7,,,,1.7,0.3,7
2022p056204,2022-01-21T19:06:06Z,-40.93,4.0,173.98,3.2,46.0,6.0,M,,,,2.1,0.2,13,2.1,nan,9,,,,2.1,0.2,9
2022p056242,2022-01-21T19:26:11Z,-37.73,9.3,179.58,7.3,12.0,0.0,M,,,,2.6,0.2,12,2.6,nan,5,,,,2.6,0.1,5
2022p056273,2022-01-21T19:42:27Z,-40.78,3.0,174.47,2.1,41.0,7.0,M,,,,3.3,0.2,28,3.5,nan,64,,,,3.5,0.2,64
2022p056345,2022-01-21T20:20:40Z,-38.98,11.8,174.77,9.6,218.0,7.0,M,,,,1.8,0.1,2,3.0,nan,42,,,,3.0,0.3,42
2022p056386,2022-01-21T20:42:58Z,-40.8,3.6,175.78,2.9,17.0,5.0,M,,,,1.2,0.2,9,1.4,nan,2,,,,1.4,0.1,2
2022p056429,2022-01-21T21:05:22Z,-39.95,3.7,176.69,3.9,34.0,8.0,M,,,,1.3,0.3,9,1.4,nan,4,,,,1.4,0.2,4
2022p056461,2022-01-21T21:22:56Z,-40.85,9.1,173.33,6.6,106.0,8.0,M,,,,,,,1.7,nan,1,,,,1.7,nan,1
2022p056488,2022-01-21T21:37:04Z,-39.79,3.4,176.84,4.5,34.0,8.0,M,,,,1.3,0.2,9,1.2,nan,3,,,,1.2,0.2,3
2022p056508,2022-01-21T21:48:03Z,-39.61,7.2,174.1,8.4,176.0,15.0,M,,,,,,,2.1,nan,5,,,,2.1,0.2,5
2022p056550,2022-01-21T22:10:34Z,-39.49,7.2,175.73,5.4,13.0,9.0,M,,,,1.2,0.3,10,1.1,nan,6,,,,1.1,0.4,6
2022p056584,2022-01-21T22:27:57Z,-40.11,3.4,174.98,5.4,20.0,10.0,M,,,,1.8,0.3,8,1.5,nan,3,,,,1.5,0.2,3
2022p056627,2022-01-21T22:51:23Z,-38.89,6.3,175.39,7.5,4.0,4.0,M,,,,1.1,0.3,6,0.9,nan,3,,,,0.9,0.1,3
2022p056629,2022-01-21T22:51:59Z,-40.88,6.0,174.36,3.5,29.0,6.0,M,,,,1.9,0.2,12,1.9,nan,7,,,,1.9,0.2,7
2022p056638,2022-01-21T22:56:43Z,-39.75,2.6,176.93,3.8,20.0,4.0,M,,,,1.7,0.2,12,1.8,nan,9,,,,1.8,0.2,9
2022p056715,2022-01-21T23:38:11Z,-39.19,7.6,174.92,4.8,20.0,10.0,M,,,,1.6,0.3,11,1.2,nan,4,,,,1.2,0.1,4
2022p057010,2022-01-22T02:15:04Z,-39.67,3.0,176.21,3.0,21.0,4.0,M,,,,1.9,0.3,16,2.0,nan,14,,,,2.0,0.2,14
2022p057073,2022-01-22T02:48:37Z,-38.88,4.4,177.8,7.4,31.0,7.0,M,,,,1.5,0.2,8,1.6,nan,3,,,,1.6,0.2,3
2022p057095,2022-01-22T03:00:28Z,-37.56,8.4,179.86,7.8,12.0,0.0,M,,,,2.8,0.2,13,2.7,nan,7,,,,2.7,0.1,7
2022p057149,2022-01-22T03:29:06Z,-39.54,10.4,175.76,7.6,12.0,11.0,M,,,,1.1,0.5,8,0.6,nan,4,,,,0.6,0.3,4
2022p057225,2022-01-22T04:10:00Z,-41.7,2.2,174.18,2.9,5.0,4.0,M,,,,2.0,0.2,10,2.0,nan,4,,,,2.0,0.3,4
2022p057244,2022-01-22T04:20:01Z,-40.46,2.6,175.07,3.6,18.0,5.0,MLv,,,,1.9,0.2,17,1.9,nan,9,,,,1.9,0.2,9
2022p057262,2022-01-22T04:29:29Z,-38.46,10.9,175.7,8.7,137.0,17.0,M,,,,1.5,0.4,7,1.9,nan,4,,,,1.9,0.4,4
2022p057274,2022-01-22T04:35:58Z,-39.34,5.9,175.04,3.2,19.0,8.0,MLv,,,,1.9,0.3,8,2.2,nan,18,,,,2.2,0.2,18
2022p057284,2022-01-22T04:41:26Z,-44.7,7.1,167.57,8.2,5.0,0.0,M,,,,2.3,0.1,7,1.8,nan,1,,,,1.8,nan,1
2022p057318,2022-01-22T04:59:14Z,-39.27,5.2,176.42,5.1,36.0,9.0,M,,,,1.4,0.5,11,1.1,nan,4,,,,1.1,0.4,4
2022p057354,2022-01-22T05:18:36Z,-41.91,2.5,174.02,3.2,6.0,3.0,MLv,,,,2.0,0.2,7,1.8,nan,2,,,,1.8,0.1,2
2022p057375,2022-01-22T05:29:41Z,-38.09,4.4,176.71,3.5,4.0,5.0,M,,,,1.7,0.3,9,1.9,nan,6,,,,1.9,0.2,6
2022p057409,2022-01-22T05:47:54Z,-41.09,3.0,174.88,4.8,21.0,7.0,M,,,,1.5,0.3,8,1.4,nan,6,,,,1.4,0.4,6
2022p057435,2022-01-22T06:01:46Z,-39.49,10.0,174.46,10.1,136.0,12.0,M,,,,,,,1.5,nan,3,,,,1.5,0.3,3
2022p057498,2022-01-22T06:35:00Z,-39.32,25.0,175.1,32.4,20.0,40.0,MLv,,,,1.3,0.3,6,0.9,nan,2,,,,0.9,0.2,2
2022p057500,2022-01-22T06:36:32Z,-41.26,5.9,173.12,6.4,98.0,9.0,M,,,,,,,1.9,nan,4,,,,1.9,0.5,4
2022p057523,2022-01-22T06:48:45Z,-39.13,3.9,175.36,12.8,9.0,12.0,MLv,,,,0.9,0.2,9,0.6,nan,5,,,,0.6,0.1,5
2022p057617,2022-01-22T07:38:33Z,-39.23,5.4,175.4,5.5,15.0,7.0,M,,,,0.8,0.5,6,0.6,nan,2,,,,0.6,0.0,2
2022p057631,2022-01-22T07:45:50Z,-40.35,3.0,176.32,2.7,24.0,4.0,MLv,,,,2.1,0.2,13,2.1,nan,14,,,,2.1,0.2,14
2022p057658,2022-01-22T08:00:36Z,-39.32,4.7,176.53,4.0,57.0,7.0,M,,,,1.4,0.3,13,1.3,nan,5,,,,1.3,0.3,5
2022p057688,2022-01-22T08:16:04Z,-38.24,10.6,175.94,18.2,146.0,14.0,M,,,,,,,1.9,nan,2,,,,1.9,0.2,2
2022p057742,2022-01-22T08:45:21Z,-37.37,17.6,-179.97,15.1,12.0,0.0,MLv,,,,2.3,0.2,9,2.1,nan,4,,,,2.1,0.2,4
2022p057785,2022-01-22T09:08:07Z,-41.55,5.0,174.87,3.6,14.0,6.0,M,,,,2.3,0.2,13,2.4,nan,16,,,,2.4,0.2,16
2022p057787,2022-01-22T09:08:54Z,-43.46,2.9,170.55,3.9,5.0,0.0,M,,,,2.4,0.2,10,2.6,nan,7,,,,2.6,0.1,7
2022p057812,2022-01-22T09:22:13Z,-39.55,2.8,176.94,3.4,23.0,5.0,M,,,,1.9,0.2,13,1.8,nan,19,,,,1.8,0.2,19
2022p057838,2022-01-22T09:36:07Z,-39.22,4.3,174.75,2.3,19.0,6.0,MLv,,,,2.3,0.1,19,,,,,,,2.4,0.2,21
2022p057846,2022-01-22T09:40:39Z,-41.05,2.6,175.67,2.6,7.0,6.0,MLv,,,,1.2,0.2,8,,,,,,,1.3,0.2,5
2022p057860,2022-01-22T09:48:05Z,-38.33,6.5,176.22,8.0,78.0,12.0,M,,,,1.6,0.3,13,1.6,nan,3,,,,1.6,0.4,3
2022p057862,2022-01-22T09:48:55Z,-37.29,11.4,177.18,8.8,99.0,16.0,MLv,,,,1.9,0.2,8,,,,,,,2.0,0.2,3
2022p057873,2022-01-22T09:52:53Z,-24.54,24.9,179.34,252.0,529.0,150.0,,,,,,,,,,,,,,,,
2022p057910,2022-01-22T10:14:41Z,-40.12,2.7,174.96,4.9,12.0,0.0,M,,,,1.5,0.2,6,1.4,nan,1,,,,1.4,nan,1
2022p057919,2022-01-22T10:20:10Z,-39.81,2.0,176.47,2.2,13.0,5.0,M,,,,1.6,0.2,12,1.7,nan,17,,,,1.7,0.2,17
2022p057942,2022-01-22T10:32:03Z,-38.52,3.8,175.93,2.2,6.0,5.0,M,,,,2.1,0.2,12,2.1,nan,25,,,,2.1,0.2,25
2022p057954,2022-01-22T10:38:03Z,-36.95,6.7,179.07,16.1,12.0,0.0,M,,,,2.6,0.2,17,2.5,nan,8,,,,2.5,0.1,8
2022p057968,2022-01-22T10:45:39Z,-39.33,6.1,175.18,5.3,10.0,9.0,M,,,,1.3,0.4,10,1.0,nan,6,,,,1.0,0.2,6
2022p057978,2022-01-22T10:49:57Z,-33.59,30.3,-178.93,40.4,266.0,61.0,M,3.7,0.1,2,3.5,0.2,7,3.5,nan,3,2.7,0.4,2,3.5,0.2,3
2022p057995,2022-01-22T10:59:47Z,-42.16,2.3,173.54,2.4,5.0,0.0,M,,,,2.0,0.3,7,2.1,nan,3,,,,2.1,0.1,3
2022p058055,2022-01-22T11:31:57Z,-38.61,2.9,177.94,3.8,16.0,4.0,M,,,,1.6,0.2,13,1.3,nan,6,,,,1.3,0.2,6
2022p058113,2022-01-22T12:02:38Z,-39.35,5.1,177.53,4.2,24.0,6.0,M,,,,1.9,0.2,12,2.1,nan,5,,,,2.1,0.2,5
2022p058117,2022-01-22T12:05:15Z,-41.22,2.2,175.27,2.5,5.0,0.0,MLv,,,,1.2,0.2,9,1.2,nan,3,,,,1.2,0.2,3
2022p058149,2022-01-22T12:21:13Z,-33.09,24.6,179.61,35.5,289.0,44.0,M,4.4,0.2,4,3.7,0.2,12,3.8,nan,5,3.5,0.4,4,3.9,0.2,5
2022p058245,2022-01-22T13:12:57Z,-39.89,2.9,176.88,4.8,19.0,5.0,M,,,,1.5,0.2,12,1.6,nan,9,,,,1.6,0.1,9
2022p058256,2022-01-22T13:19:02Z,-39.75,2.5,176.86,4.4,34.0,6.0,M,,,,1.7,0.3,13,1.8,nan,6,,,,1.8,0.3,6
2022p058300,2022-01-22T13:42:30Z,-44.14,4.1,168.52,4.3,5.0,0.0,M,,,,2.4,0.2,7,2.2,nan,2,,,,2.2,0.4,2
2022p058353,2022-01-22T14:10:34Z,-38.44,4.4,176.21,5.2,61.0,12.0,M,,,,1.8,0.2,19,1.9,nan,16,,,,1.9,0.2,16
2022p058377,2022-01-22T14:23:16Z,-37.98,10.5,176.03,7.3,162.0,12.0,M,,,,2.0,0.2,7,1.8,nan,3,,,,1.8,0.1,3
2022p058430,2022-01-22T14:52:00Z,-40.42,2.8,175.91,4.1,21.0,8.0,MLv,,,,1.0,0.4,6,1.1,nan,2,,,,1.1,0.4,2
2022p058432,2022-01-22T14:53:09Z,-38.65,2.1,176.84,2.2,5.0,0.0,M,,,,2.9,0.3,19,2.6,nan,55,,,,2.6,0.2,55
2022p058438,2022-01-22T14:56:14Z,-36.39,31.9,177.58,16.1,244.0,23.0,M,,,,2.3,0.1,6,2.3,nan,4,,,,2.3,0.3,4
2022p058449,2022-01-22T15:01:59Z,-39.9,2.8,176.84,4.4,17.0,5.0,MLv,,,,1.3,0.2,9,1.2,nan,2,,,,1.2,0.1,2
2022p058485,2022-01-22T15:21:13Z,-38.58,3.1,177.73,3.6,16.0,5.0,MLv,,,,1.1,0.2,8,1.0,nan,6,,,,1.0,0.3,6
2022p058560,2022-01-22T16:00:54Z,-37.7,5.8,179.68,6.1,12.0,0.0,MLv,,,,3.0,0.2,22,,,,,,,3.1,0.2,19
2022p058662,2022-01-22T16:55:24Z,-37.97,8.4,176.2,13.9,98.0,17.0,M,,,,1.8,0.1,6,1.8,nan,4,,,,1.8,0.3,4
2022p058711,2022-01-22T17:21:37Z,-39.23,5.9,174.64,3.0,23.0,7.0,M,,,,1.7,0.3,10,1.7,nan,5,,,,1.7,0.3,5
2022p058717,2022-01-22T17:24:54Z,-41.72,3.5,174.29,6.1,9.0,7.0,M,,,,1.7,0.3,8,1.8,nan,1,,,,1.8,nan,1
2022p058765,2022-01-22T17:50:00Z,-38.1,2.3,176.68,2.3,3.0,3.0,M,,,,1.8,0.2,12,1.9,nan,13,,,,1.9,0.2,13
2022p058816,2022-01-22T18:17:35Z,-41.56,3.1,173.8,3.0,31.0,4.0,M,,,,2.2,0.2,15,2.4,nan,7,,,,2.4,0.2,7
2022p058825,2022-01-22T18:22:23Z,-40.42,2.4,175.92,3.5,19.0,6.0,M,,,,1.6,0.2,11,1.7,nan,9,,,,1.7,0.3,9
2022p058852,2022-01-22T18:36:51Z,-42.81,3.1,172.23,2.9,5.0,5.0,M,,,,2.2,0.2,7,2.2,nan,2,,,,2.2,0.2,2
2022p058894,2022-01-22T18:59:00Z,-39.67,2.6,175.72,3.2,5.0,0.0,M,,,,1.2,0.6,6,1.4,nan,3,,,,1.4,0.5,3
2022p058898,2022-01-22T19:01:23Z,-39.22,4.1,174.78,2.6,19.0,6.0,M,,,,2.2,0.2,10,2.2,nan,12,,,,2.2,0.3,12
2022p058922,2022-01-22T19:13:57Z,-38.4,3.8,177.62,3.8,50.0,7.0,M,,,,1.8,0.2,14,1.9,nan,12,,,,1.9,0.4,12
2022p058991,2022-01-22T19:50:45Z,-40.05,5.1,176.38,3.1,29.0,7.0,M,,,,1.2,0.3,8,1.0,nan,6,,,,1.0,0.2,6
2022p059064,2022-01-22T20:29:38Z,-38.41,8.6,175.62,9.6,165.0,18.0,M,,,,,,,2.2,nan,3,,,,2.2,0.1,3
2022p059156,2022-01-22T21:18:08Z,-37.43,8.3,179.93,6.9,12.0,0.0,M,,,,3.0,0.2,14,3.1,nan,13,,,,3.1,0.2,13
2022p059155,2022-01-22T21:19:03Z,-38.4,9.4,176.06,8.5,143.0,12.0,M,,,,1.9,0.3,5,2.2,nan,12,,,,2.2,0.3,12
2022p059276,2022-01-22T22:22:17Z,-39.56,2.8,176.94,3.6,23.0,5.0,M,,,,2.1,0.2,13,2.1,nan,19,,,,2.1,0.2,19
2022p059386,2022-01-22T23:21:02Z,-39.63,3.3,176.23,3.8,25.0,6.0,M,,,,1.2,0.5,8,0.7,nan,4,,,,0.7,0.2,4
2022p059428,2022-01-22T23:43:21Z,-38.21,10.5,176.08,11.4,143.0,14.0,M,,,,2.0,0.5,5,1.6,nan,1,,,,1.6,nan,1
2022p059460,2022-01-23T00:00:32Z,-39.63,8.7,174.22,8.0,193.0,10.0,M,,,,,,,2.2,nan,4,,,,2.2,0.3,4
2022p059495,2022-01-23T00:19:27Z,-41.41,3.4,174.65,2.3,12.0,3.0,M,,,,2.4,0.1,19,2.5,nan,13,,,,2.5,0.1,13
2022p059606,2022-01-23T01:18:20Z,-41.79,4.0,173.19,3.5,37.0,6.0,M,,,,2.4,0.2,13,2.6,nan,10,,,,2.6,0.2,10
2022p059617,2022-01-23T01:24:19Z,-40.98,2.8,174.66,2.2,27.0,3.0,M,,,,3.5,0.2,30,3.5,nan,64,,,,3.5,0.2,64
2022p059626,2022-01-23T01:29:15Z,-38.65,10.9,175.55,7.0,113.0,16.0,MLv,,,,,,,2.0,nan,6,,,,2.0,0.2,6
2022p059727,2022-01-23T02:22:36Z,-41.65,4.4,174.35,4.2,7.0,7.0,M,,,,1.8,0.3,11,1.4,nan,4,,,,1.4,0.1,4
2022p059875,2022-01-23T03:41:38Z,-38.92,6.4,178.29,7.1,30.0,8.0,M,,,,2.2,0.2,13,2.2,nan,10,,,,2.2,0.1,10
2022p059970,2022-01-23T04:32:19Z,-37.1,6.5,177.79,7.9,85.0,13.0,M,,,,2.5,0.3,13,2.7,nan,12,,,,2.7,0.2,12
2022p059993,2022-01-23T04:44:49Z,-39.22,3.8,175.42,3.7,8.0,7.0,MLv,,,,0.7,0.2,9,0.5,nan,6,,,,0.5,0.2,6
2022p060088,2022-01-23T05:35:26Z,-41.22,8.6,172.73,10.7,122.0,9.0,MLv,,,,,,,1.4,nan,5,,,,1.4,0.5,5
2022p060119,2022-01-23T05:51:27Z,-41.41,3.9,174.66,2.5,12.0,5.0,M,,,,2.1,0.2,13,2.1,nan,11,,,,2.1,0.2,11
2022p060167,2022-01-23T06:17:21Z,-41.8,4.7,173.2,3.7,36.0,6.0,M,,,,2.0,0.2,10,2.0,nan,4,,,,2.0,0.1,4
2022p060242,2022-01-23T06:57:17Z,-39.91,3.6,176.82,4.8,33.0,7.0,M,,,,1.4,0.2,9,1.3,nan,2,,,,1.3,0.0,2
2022p060250,2022-01-23T07:01:28Z,-43.6,3.1,172.43,2.1,5.0,3.0,MLv,,,,1.9,0.2,9,1.9,nan,7,,,,1.9,0.2,7
2022p060309,2022-01-23T07:33:11Z,-39.24,5.6,174.65,2.8,22.0,7.0,MLv,,,,1.9,0.2,10,1.8,nan,4,,,,1.8,0.3,4
2022p060321,2022-01-23T07:39:07Z,-40.33,4.9,176.47,4.0,13.0,11.0,M,,,,1.6,0.3,9,1.4,nan,7,,,,1.4,0.2,7
2022p060345,2022-01-23T07:51:56Z,-38.47,6.6,175.73,6.1,128.0,16.0,M,,,,1.9,0.3,12,2.0,nan,12,,,,2.0,0.3,12
2022p060364,2022-01-23T08:02:18Z,-41.39,4.1,174.63,2.7,13.0,6.0,MLv,,,,1.7,0.2,12,1.7,nan,9,,,,1.7,0.2,9
2022p060367,2022-01-23T08:04:04Z,-38.9,5.6,175.39,10.7,5.0,0.0,MLv,,,,0.9,0.3,6,0.7,nan,1,,,,0.7,nan,1
2022p060388,2022-01-23T08:15:12Z,-40.13,2.8,174.97,4.9,5.0,0.0,M,,,,1.7,0.2,8,1.6,nan,2,,,,1.6,0.4,2
2022p060413,2022-01-23T08:28:24Z,-39.84,5.1,174.44,7.4,104.0,14.0,M,,,,1.7,0.2,7,1.7,nan,2,,,,1.7,0.5,2
2022p060441,2022-01-23T08:43:18Z,-41.65,3.8,174.19,5.7,10.0,7.0,MLv,,,,1.8,0.5,6,1.5,nan,5,,,,1.5,0.3,5
2022p060455,2022-01-23T08:51:17Z,-39.19,4.6,174.6,2.7,22.0,5.0,MLv,,,,1.7,0.3,12,1.5,nan,4,,,,1.5,0.2,4
2022p060535,2022-01-23T09:33:04Z,-38.67,1.9,176.86,1.7,5.0,0.0,MLv,,,,3.0,0.2,26,,,,,,,2.8,0.2,49
2022p060586,2022-01-23T10:00:27Z,-38.05,3.2,178.22,3.5,23.0,5.0,M,,,,1.7,0.2,11,1.7,nan,6,,,,1.7,0.2,6
2022p060599,2022-01-23T10:07:15Z,-37.46,6.9,178.12,3.7,5.0,0.0,M,,,,1.8,0.1,9,1.8,nan,5,,,,1.8,0.3,5
2022p060615,2022-01-23T10:16:05Z,-39.72,2.4,176.87,4.3,37.0,5.0,M,,,,1.4,0.3,11,1.2,nan,4,,,,1.2,0.4,4
2022p060644,2022-01-23T10:31:29Z,-43.47,2.4,172.77,2.9,6.0,4.0,M,,,,2.0,0.3,12,1.8,nan,2,,,,1.8,0.2,2
2022p060681,2022-01-23T10:51:03Z,-38.78,3.5,177.95,4.5,30.0,6.0,M,,,,2.3,0.5,15,1.9,nan,6,,,,1.9,0.4,6
2022p060682,2022-01-23T10:51:27Z,-38.66,2.1,176.86,1.9,6.0,7.0,M,,,,2.3,0.2,14,2.2,nan,18,,,,2.2,0.2,18
2022p060747,2022-01-23T11:26:22Z,-39.78,2.9,176.82,4.3,37.0,6.0,M,,,,1.4,0.3,13,1.3,nan,2,,,,1.3,0.0,2
2022p060767,2022-01-23T11:36:58Z,-39.91,2.8,176.31,4.3,24.0,7.0,M,,,,1.1,0.4,9,0.9,nan,4,,,,0.9,0.4,4
2022p060790,2022-01-23T11:48:59Z,-36.95,21.7,177.01,19.3,160.0,23.0,M,,,,2.2,0.3,8,2.1,nan,4,,,,2.1,0.3,4
2022p060843,2022-01-23T12:17:16Z,-38.36,6.1,176.06,7.3,118.0,10.0,M,,,,2.0,0.2,6,1.7,nan,1,,,,1.7,nan,1
2022p060936,2022-01-23T13:06:44Z,-45.58,4.9,166.64,7.2,5.0,0.0,MLv,,,,2.8,0.2,8,2.9,nan,3,,,,2.9,0.2,3
2022p060984,2022-01-23T13:32:24Z,-39.09,3.9,175.29,5.3,10.0,10.0,M,,,,1.7,0.3,12,1.6,nan,12,,,,1.6,0.3,12
2022p061004,2022-01-23T13:43:19Z,-41.69,2.6,174.2,3.3,6.0,4.0,M,,,,1.7,0.5,10,1.0,nan,4,,,,1.0,0.3,4
2022p061067,2022-01-23T14:16:55Z,-44.47,2.9,168.35,3.8,5.0,0.0,MLv,,,,2.4,0.1,8,2.5,nan,4,,,,2.5,0.2,4
2022p061085,2022-01-23T14:25:50Z,-36.15,17.8,177.64,19.4,204.0,21.0,M,,,,2.7,0.1,8,2.7,nan,5,,,,2.7,0.2,5
2022p061097,2022-01-23T14:34:15Z,-39.93,3.0,176.56,3.1,32.0,6.0,MLv,,,,1.8,0.2,13,1.8,nan,11,,,,1.8,0.2,11
2022p061124,2022-01-23T14:46:56Z,-40.35,2.0,176.21,2.4,11.0,5.0,M,,,,3.1,0.2,12,3.1,nan,57,,,,3.1,0.2,57
2022p061127,2022-01-23T14:48:34Z,-39.92,4.8,176.57,4.4,30.0,9.0,MLv,,,,1.7,0.2,8,2.0,nan,3,,,,2.0,0.4,3
2022p061161,2022-01-23T15:07:19Z,-40.86,4.3,174.38,2.6,30.0,4.0,M,,,,2.0,0.3,17,1.7,nan,4,,,,1.7,0.3,4
2022p061165,2022-01-23T15:08:52Z,-37.45,10.5,177.54,7.3,34.0,9.0,M,,,,2.0,0.1,8,2.0,nan,5,,,,2.0,0.2,5
2022p061191,2022-01-23T15:22:47Z,-39.25,3.2,177.35,3.0,26.0,4.0,MLv,,,,2.0,0.1,18,,,,,,,2.0,0.1,8
2022p061288,2022-01-23T16:14:35Z,-38.8,3.8,177.9,8.6,21.0,5.0,M,,,,1.7,0.2,7,1.4,nan,6,,,,1.4,0.2,6
2022p061298,2022-01-23T16:20:04Z,-40.67,2.9,175.81,2.3,23.0,4.0,MLv,,,,1.3,0.2,12,,,,,,,1.2,0.3,6
2022p061315,2022-01-23T16:28:47Z,-41.69,2.5,174.27,2.4,5.0,0.0,MLv,,,,1.8,0.3,13,,,,,,,1.4,0.2,5
2022p061324,2022-01-23T16:33:44Z,-44.38,3.5,167.89,3.7,5.0,0.0,MLv,,,,4.0,0.1,6,,,,,,,4.4,0.2,36
2022p061343,2022-01-23T16:43:49Z,-36.41,15.4,178.54,14.2,114.0,23.0,M,,,,2.9,0.2,11,2.7,nan,5,,,,2.7,0.2,5
2022p061351,2022-01-23T16:48:02Z,-44.45,4.7,167.92,5.8,5.0,0.0,MLv,,,,2.4,0.3,10,2.0,nan,2,,,,2.0,0.2,2
2022p061398,2022-01-23T17:13:06Z,-41.24,4.4,172.66,4.3,117.0,6.0,MLv,,,,,,,1.8,nan,5,,,,1.8,0.4,5
2022p061407,2022-01-23T17:18:12Z,-38.97,7.5,174.84,11.4,214.0,15.0,MLv,,,,2.1,0.5,8,2.4,nan,7,,,,2.4,0.3,7
2022p061412,2022-01-23T17:20:50Z,-41.3,4.1,173.48,2.8,79.0,6.0,MLv,,,,2.0,0.2,15,,,,,,,2.0,0.2,6
2022p061432,2022-01-23T17:30:58Z,-44.38,4.0,167.87,4.8,5.0,0.0,MLv,,,,2.2,0.1,7,2.0,nan,3,,,,2.0,0.3,3
2022p061450,2022-01-23T17:40:51Z,-39.34,2.8,175.12,2.1,22.0,4.0,MLv,,,,2.3,0.1,23,,,,,,,2.4,0.2,18
2022p061493,2022-01-23T18:03:19Z,-37.52,8.8,179.95,7.2,33.0,0.0,MLv,,,,3.2,0.2,12,3.1,nan,9,,,,3.1,0.2,9
2022p061544,2022-01-23T18:31:28Z,-40.59,2.6,175.85,2.6,26.0,4.0,MLv,,,,2.1,0.2,13,2.1,nan,18,,,,2.1,0.2,18
2022p061561,2022-01-23T18:39:46Z,-39.37,3.9,175.57,4.5,12.0,8.0,MLv,,,,0.8,0.3,9,,,,,,,0.8,0.4,5
2022p061572,2022-01-23T18:46:02Z,-44.37,3.5,167.86,4.1,5.0,0.0,MLv,,,,3.9,0.1,7,,,,,,,4.2,0.2,29
2022p061607,2022-01-23T19:06:03Z,-39.43,9.1,175.69,4.8,13.0,10.0,MLv,,,,1.0,0.3,7,,,,,,,0.8,0.3,6
2022p061613,2022-01-23T19:07:24Z,-44.38,3.9,167.86,4.7,5.0,0.0,MLv,,,,2.5,0.1,7,2.5,nan,5,,,,2.5,0.3,5
2022p061624,2022-01-23T19:12:50Z,-36.1,28.2,179.53,20.8,148.0,32.0,MLv,,,,3.1,0.2,9,,,,,,,3.4,0.2,7
2022p061649,2022-01-23T19:26:51Z,-44.39,4.4,167.88,4.9,5.0,0.0,MLv,,,,2.3,0.1,7,,,,,,,2.3,0.2,6
2022p061650,2022-01-23T19:27:38Z,-44.4,4.3,167.89,5.3,5.0,0.0,MLv,,,,2.3,0.1,7,2.0,nan,1,,,,2.0,nan,1
2022p061689,2022-01-23T19:48:23Z,-39.44,8.7,175.69,4.9,14.0,10.0,MLv,,,,1.0,0.4,8,,,,,,,0.7,0.2,5
2022p061741,2022-01-23T20:15:55Z,-38.2,11.9,176.05,16.5,168.0,11.0,MLv,,,,2.4,0.6,3,2.1,nan,2,,,,2.1,0.1,2
2022p061779,2022-01-23T20:36:16Z,-39.34,4.3,175.38,10.0,23.0,8.0,MLv,,,,1.0,0.1,6,,,,,,,1.1,0.2,6
2022p061799,2022-01-23T20:46:32Z,-44.4,4.4,167.92,5.2,5.0,0.0,MLv,,,,2.3,0.2,8,2.0,nan,2,,,,2.0,0.2,2
2022p061821,2022-01-23T20:58:34Z,-39.5,2.4,175.71,2.0,8.0,5.0,MLv,,,,1.8,0.3,19,,,,,,,1.9,0.2,12
2022p062076,2022-01-23T23:14:14Z,-38.68,3.6,177.28,3.9,31.0,7.0,MLv,,,,1.7,0.2,9,1.4,nan,5,,,,1.4,0.3,5
2022p062091,2022-01-23T23:22:41Z,-38.8,3.5,177.59,4.1,21.0,7.0,MLv,,,,1.7,0.2,8,1.7,nan,5,,,,1.7,0.2,5
2022p062142,2022-01-23T23:49:40Z,-39.37,4.0,175.74,4.5,57.0,7.0,MLv,,,,1.1,0.3,13,,,,,,,1.1,0.4,6
2022p062174,2022-01-24T00:06:29Z,-40.32,4.1,176.75,5.5,10.0,8.0,MLv,,,,2.1,0.1,9,2.0,nan,7,,,,2.0,0.2,7
2022p062243,2022-01-24T00:43:08Z,-44.39,3.1,167.9,4.2,5.0,0.0,MLv,,,,4.0,0.1,6,,,,,,,4.4,0.2,33
2022p062263,2022-01-24T00:54:04Z,-44.42,6.2,167.9,5.6,5.0,0.0,MLv,,,,2.3,0.1,8,2.0,nan,5,,,,2.0,0.3,5
2022p062280,2022-01-24T01:03:18Z,-40.61,7.8,174.39,3.2,54.0,9.0,MLv,,,,1.9,0.4,9,1.7,nan,7,,,,1.7,0.2,7
2022p062482,2022-01-24T02:50:54Z,-39.98,3.0,176.58,3.7,30.0,6.0,M,,,,1.7,0.4,11,1.5,nan,8,,,,1.5,0.2,8
2022p062508,2022-01-24T03:04:46Z,-40.42,3.3,176.15,3.9,37.0,8.0,M,,,,2.1,0.2,10,2.1,nan,16,,,,2.1,0.1,16
2022p062571,2022-01-24T03:38:16Z,-36.48,24.2,177.73,18.1,130.0,30.0,M,,,,2.8,0.2,10,2.8,nan,6,,,,2.8,0.2,6
2022p062632,2022-01-24T04:10:49Z,-40.35,2.3,174.55,2.7,33.0,0.0,M,,,,3.4,0.2,31,3.3,nan,54,,,,3.3,0.2,54
2022p062653,2022-01-24T04:21:48Z,-39.81,4.0,175.09,5.0,26.0,6.0,M,,,,2.0,0.3,10,2.0,nan,6,,,,2.0,0.1,6
2022p062691,2022-01-24T04:42:05Z,-38.66,1.9,176.85,1.7,5.0,0.0,M,,,,4.1,0.2,22,3.8,nan,87,,,,3.8,0.2,87
2022p062704,2022-01-24T04:48:49Z,-38.08,3.1,176.71,3.1,5.0,3.0,M,,,,1.6,0.2,9,1.7,nan,4,,,,1.7,0.2,4
2022p062708,2022-01-24T04:50:39Z,-36.72,38.9,177.47,28.2,133.0,34.0,M,,,,2.5,0.2,7,2.5,nan,1,,,,2.5,nan,1
2022p062733,2022-01-24T05:04:21Z,-38.66,2.3,176.86,2.5,5.0,0.0,M,,,,2.4,0.2,15,2.3,nan,18,,,,2.3,0.2,18
2022p062817,2022-01-24T05:49:22Z,-39.53,2.6,175.3,3.0,12.0,0.0,M,,,,1.8,0.3,13,1.8,nan,11,,,,1.8,0.3,11
2022p063015,2022-01-24T07:34:35Z,-39.15,5.0,175.22,4.9,5.0,0.0,M,,,,1.1,0.4,6,0.8,nan,4,,,,0.8,0.1,4
2022p063024,2022-01-24T07:39:38Z,-42.7,2.7,172.9,3.0,9.0,4.0,M,,,,2.3,0.1,7,1.9,nan,1,,,,1.9,nan,1
2022p063037,2022-01-24T07:45:54Z,-36.2,15.8,177.93,22.0,208.0,10.0,M,,,,3.0,0.2,6,2.9,nan,6,,,,2.9,0.2,6
2022p063067,2022-01-24T08:02:33Z,-41.65,3.2,174.22,4.4,15.0,7.0,M,,,,1.7,0.3,9,1.4,nan,4,,,,1.4,0.2,4
2022p063128,2022-01-24T08:35:12Z,-39.56,7.9,175.13,7.6,64.0,12.0,M,,,,1.7,0.4,7,1.6,nan,3,,,,1.6,0.2,3
2022p063130,2022-01-24T08:35:43Z,-39.39,7.6,174.44,7.5,132.0,8.0,M,,,,,,,2.0,nan,8,,,,2.0,0.3,8
2022p063132,2022-01-24T08:36:56Z,-37.96,8.4,176.44,12.1,122.0,14.0,M,,,,1.9,0.1,7,2.1,nan,1,,,,2.1,nan,1
2022p063150,2022-01-24T08:46:28Z,-39.18,9.1,174.9,4.4,31.0,10.0,M,,,,2.0,0.2,7,1.8,nan,5,,,,1.8,0.1,5
2022p063165,2022-01-24T08:54:33Z,-40.34,2.3,176.13,3.5,15.0,4.0,M,,,,1.4,0.3,13,1.4,nan,4,,,,1.4,0.7,4
2022p063172,2022-01-24T08:58:31Z,-38.21,8.8,176.42,7.3,116.0,11.0,M,,,,,,,1.8,nan,3,,,,1.8,0.3,3
2022p063177,2022-01-24T09:01:03Z,-38.37,6.4,176.06,10.4,40.0,24.0,M,,,,2.0,0.2,9,1.7,nan,2,,,,1.7,0.3,2
2022p063278,2022-01-24T09:54:52Z,-39.16,3.0,174.94,1.8,20.0,3.0,MLv,,,,3.4,0.3,22,,,,,,,3.2,0.3,68
2022p063337,2022-01-24T10:26:14Z,-41.82,3.2,172.67,4.1,66.0,7.0,M,,,,2.5,0.3,17,2.4,nan,7,,,,2.4,0.3,7
2022p063370,2022-01-24T10:43:50Z,-37.51,8.3,179.99,7.4,33.0,0.0,MLv,,,,2.9,0.2,12,3.0,nan,7,,,,3.0,0.3,7
2022p063375,2022-01-24T10:46:35Z,-39.17,3.5,174.94,2.0,20.0,3.0,MLv,,,,3.4,0.3,24,,,,,,,3.2,0.3,65
2022p063409,2022-01-24T11:04:46Z,-38.65,4.3,176.85,3.3,5.0,5.0,M,,,,1.5,0.1,7,1.5,nan,5,,,,1.5,0.1,5
2022p063470,2022-01-24T11:37:11Z,-39.31,5.5,176.28,3.6,53.0,10.0,MLv,,,,1.3,0.5,8,1.3,nan,6,,,,1.3,0.2,6
2022p063488,2022-01-24T11:46:54Z,-41.52,4.4,174.56,3.2,5.0,0.0,MLv,,,,1.5,0.2,10,1.4,nan,4,,,,1.4,0.2,4
2022p063535,2022-01-24T12:11:30Z,-39.39,3.6,175.81,4.0,9.0,10.0,M,,,,0.4,0.9,3,0.2,nan,2,,,,0.2,0.2,2
2022p063590,2022-01-24T12:40:04Z,-34.14,6.1,-178.95,11.1,33.0,0.0,mB,5.6,0.4,13,5.0,0.4,20,,,,5.1,0.4,13,5.5,0.3,72
2022p063628,2022-01-24T13:01:27Z,-39.52,3.1,177.42,3.6,12.0,0.0,M,,,,2.3,0.2,16,2.3,nan,10,,,,2.3,0.2,10
2022p063664,2022-01-24T13:20:13Z,-38.58,3.1,177.73,3.4,16.0,6.0,MLv,,,,1.6,0.3,9,1.4,nan,5,,,,1.4,0.4,5
2022p063665,2022-01-24T13:20:52Z,-39.2,3.8,174.61,3.7,19.0,4.0,M,,,,2.6,0.2,19,2.6,nan,18,,,,2.6,0.2,18
2022p063673,2022-01-24T13:25:30Z,-40.02,4.3,174.59,5.1,85.0,13.0,MLv,,,,2.0,0.3,8,2.0,nan,5,,,,2.0,0.2,5
2022p063680,2022-01-24T13:29:06Z,-43.49,2.9,172.58,3.6,5.0,3.0,M,,,,1.8,0.3,8,1.8,nan,1,,,,1.8,nan,1
2022p063692,2022-01-24T13:35:17Z,-44.92,5.9,167.54,6.7,55.0,10.0,MLv,,,,2.3,0.2,8,1.7,nan,2,,,,1.7,0.1,2
2022p063721,2022-01-24T13:50:41Z,-41.22,6.3,172.61,7.2,108.0,9.0,M,,,,,,,2.1,nan,6,,,,2.1,0.5,6
2022p063776,2022-01-24T14:20:16Z,-39.76,4.1,176.74,5.0,40.0,11.0,MLv,,,,1.5,0.4,10,1.1,nan,3,,,,1.1,0.6,3
2022p063829,2022-01-24T14:48:33Z,-35.55,23.1,178.83,19.0,192.0,34.0,M,,,,3.3,0.2,12,3.4,nan,11,,,,3.4,0.2,11
2022p063870,2022-01-24T15:10:06Z,-38.58,3.7,177.54,4.3,26.0,7.0,M,,,,1.4,0.3,7,1.3,nan,4,,,,1.3,0.1,4
2022p063925,2022-01-24T15:39:36Z,-41.3,4.8,174.53,3.2,22.0,8.0,MLv,,,,1.4,0.2,8,1.3,nan,3,,,,1.3,0.3,3
2022p063933,2022-01-24T15:43:51Z,-39.09,6.8,176.1,4.6,43.0,11.0,MLv,,,,1.2,0.4,9,1.4,nan,2,,,,1.4,0.2,2
2022p063941,2022-01-24T15:48:04Z,-40.97,3.1,172.36,3.9,5.0,0.0,MLv,,,,2.9,0.2,9,,,,,,,2.9,0.1,9
2022p063942,2022-01-24T15:48:31Z,-40.97,3.2,172.38,5.3,5.0,0.0,M,,,,2.8,0.3,6,2.9,nan,5,,,,2.9,0.2,5
2022p063985,2022-01-24T16:11:21Z,-37.56,11.1,179.81,10.3,12.0,0.0,M,,,,2.5,0.1,10,2.5,nan,3,,,,2.5,0.2,3
2022p063986,2022-01-24T16:11:45Z,-40.11,3.4,176.42,3.9,27.0,7.0,M,,,,1.6,0.4,7,1.3,nan,5,,,,1.3,0.2,5
2022p064003,2022-01-24T16:21:04Z,-37.04,5.8,177.61,6.0,66.0,17.0,MLv,,,,2.9,0.3,18,,,,,,,3.3,0.2,42
2022p064009,2022-01-24T16:24:17Z,-35.61,17.1,178.32,15.6,191.0,24.0,M,,,,3.2,0.2,12,3.3,nan,6,,,,3.3,0.3,6
2022p064193,2022-01-24T18:02:34Z,-38.66,3.5,176.06,3.3,6.0,7.0,MLv,,,,2.5,0.5,7,2.4,nan,6,,,,2.4,0.5,6
2022p064202,2022-01-24T18:06:52Z,-38.64,2.8,176.07,2.4,5.0,3.0,MLv,,,,1.9,0.4,6,2.0,nan,7,,,,2.0,0.4,7
2022p064203,2022-01-24T18:07:19Z,-40.0,2.5,174.38,3.3,89.0,7.0,MLv,,,,,,,2.5,nan,13,,,,2.5,0.2,13
2022p064224,2022-01-24T18:18:49Z,-40.89,2.4,175.69,2.8,21.0,4.0,MLv,,,,1.4,0.2,9,1.4,nan,5,,,,1.4,0.2,5
2022p064277,2022-01-24T18:46:54Z,-37.84,7.1,176.87,4.9,61.0,11.0,MLv,,,,2.3,0.3,15,,,,,,,2.5,0.2,14
2022p064285,2022-01-24T18:51:03Z,-41.28,3.9,172.82,4.2,123.0,6.0,MLv,,,,1.9,0.3,8,2.2,nan,8,,,,2.2,0.2,8
2022p064291,2022-01-24T18:53:16Z,-35.39,29.3,179.49,25.7,240.0,35.0,MLv,,,,3.6,0.6,2,,,,,,,3.5,0.2,7
2022p064297,2022-01-24T18:57:51Z,-39.52,2.6,175.66,2.5,10.0,6.0,MLv,,,,1.5,0.2,17,,,,,,,1.6,0.2,13
2022p064365,2022-01-24T19:34:37Z,-39.52,6.9,175.17,6.0,61.0,10.0,MLv,,,,1.7,0.2,17,,,,,,,1.6,0.1,8
2022p064392,2022-01-24T19:48:21Z,-40.6,3.1,174.54,2.5,12.0,0.0,M,,,,2.3,0.2,17,2.3,nan,8,,,,2.3,0.1,8
2022p064462,2022-01-24T20:25:48Z,-37.48,5.1,179.9,6.3,12.0,0.0,MLv,,,,5.1,0.2,24,,,,,,,5.3,0.2,96
2022p064518,2022-01-24T20:55:44Z,-37.92,11.1,176.19,9.0,130.0,14.0,M,,,,,,,2.4,nan,6,,,,2.4,0.4,6
2022p064679,2022-01-24T22:21:25Z,-40.92,3.7,173.91,2.7,60.0,7.0,MLv,,,,2.2,0.2,14,2.2,nan,8,,,,2.2,0.1,8
2022p064737,2022-01-24T22:52:14Z,-41.24,8.2,172.51,8.2,194.0,8.0,M,,,,,,,1.5,nan,3,,,,1.5,0.6,3
2022p064771,2022-01-24T23:10:06Z,-39.21,3.5,174.75,2.6,20.0,5.0,MLv,,,,2.1,0.2,9,1.9,nan,7,,,,1.9,0.1,7
2022p064921,2022-01-25T00:30:05Z,-38.47,4.7,177.62,4.1,50.0,7.0,MLv,,,,1.5,0.3,12,1.3,nan,6,,,,1.3,0.4,6
2022p065020,2022-01-25T01:22:54Z,-42.14,1.8,173.58,2.3,5.0,0.0,MLv,,,,3.0,0.2,12,,,,,,,3.1,0.2,19
2022p065098,2022-01-25T02:04:16Z,-37.08,11.1,177.21,10.3,120.0,13.0,M,,,,2.3,0.2,9,2.6,nan,7,,,,2.6,0.3,7
2022p065233,2022-01-25T03:16:26Z,-40.3,3.5,173.5,5.0,154.0,6.0,M,,,,,,,3.2,nan,39,,,,3.2,0.2,39
2022p065253,2022-01-25T03:26:54Z,-38.61,4.8,178.58,9.7,25.0,8.0,M,,,,2.3,0.2,15,2.3,nan,9,,,,2.3,0.1,9
2022p065278,2022-01-25T03:40:35Z,-38.95,3.6,177.64,3.3,26.0,7.0,M,,,,2.6,0.2,10,2.6,nan,18,,,,2.6,0.2,18
2022p065280,2022-01-25T03:42:00Z,-39.92,3.2,176.31,4.2,24.0,8.0,M,,,,1.4,0.3,7,1.3,nan,5,,,,1.3,0.3,5
2022p065290,2022-01-25T03:46:47Z,-40.03,2.8,173.13,4.3,5.0,0.0,M,,,,2.6,0.2,13,2.7,nan,10,,,,2.7,0.1,10
2022p065330,2022-01-25T04:07:52Z,-39.77,5.1,176.75,4.5,32.0,10.0,M,,,,1.8,0.2,9,1.8,nan,7,,,,1.8,0.2,7
2022p065383,2022-01-25T04:36:23Z,-44.32,5.5,168.12,5.3,5.0,0.0,M,,,,2.3,0.2,7,2.2,nan,1,,,,2.2,nan,1
2022p065425,2022-01-25T04:58:42Z,-38.76,5.7,176.22,4.4,66.0,7.0,M,,,,2.2,0.4,19,2.4,nan,25,,,,2.4,0.2,25
2022p065472,2022-01-25T05:23:45Z,-38.36,6.5,178.59,10.7,27.0,9.0,M,,,,1.9,0.2,8,2.0,nan,3,,,,2.0,0.2,3
2022p065515,2022-01-25T05:46:34Z,-39.65,3.2,176.27,3.5,31.0,6.0,M,,,,1.8,0.3,11,1.8,nan,13,,,,1.8,0.2,13
2022p065536,2022-01-25T05:57:50Z,-40.07,3.5,173.11,4.5,5.0,0.0,M,,,,2.9,0.2,19,2.9,nan,25,,,,2.9,0.1,25
2022p065566,2022-01-25T06:13:56Z,-39.9,3.7,176.63,3.8,33.0,7.0,M,,,,1.3,0.4,8,0.9,nan,2,,,,0.9,0.2,2
2022p065667,2022-01-25T07:07:34Z,-44.32,5.8,167.62,6.5,12.0,0.0,M,,,,2.5,0.1,6,2.2,nan,1,,,,2.2,nan,1
2022p065692,2022-01-25T07:20:46Z,-37.66,7.3,179.66,7.4,33.0,0.0,M,,,,2.9,0.3,13,2.9,nan,6,,,,2.9,0.2,6
2022p065730,2022-01-25T07:41:17Z,-39.3,5.2,175.39,5.0,5.0,11.0,M,,,,0.8,0.4,5,0.6,nan,4,,,,0.6,0.3,4
2022p065774,2022-01-25T08:04:53Z,-37.41,17.7,-180.0,8.6,33.0,0.0,M,,,,2.6,0.3,13,2.4,nan,6,,,,2.4,0.2,6
2022p065777,2022-01-25T08:06:32Z,-38.96,3.8,177.64,3.6,25.0,7.0,M,,,,1.5,0.2,7,1.6,nan,4,,,,1.6,0.2,4
2022p065860,2022-01-25T08:50:34Z,-37.57,12.4,179.84,7.6,12.0,0.0,M,,,,2.3,0.1,8,2.3,nan,3,,,,2.3,0.2,3
2022p065910,2022-01-25T09:17:05Z,-39.73,3.3,177.13,5.7,17.0,6.0,M,,,,2.0,0.2,12,2.0,nan,8,,,,2.0,0.3,8
2022p065917,2022-01-25T09:20:58Z,-40.53,4.5,173.55,4.5,86.0,9.0,MLv,,,,2.3,0.2,7,2.4,nan,9,,,,2.4,0.1,9
2022p065936,2022-01-25T09:30:52Z,-44.39,3.6,167.88,4.5,5.0,0.0,M,,,,2.9,0.2,11,3.0,nan,4,,,,3.0,0.2,4
2022p065960,2022-01-25T09:43:45Z,-38.77,8.0,176.02,5.8,77.0,8.0,MLv,,,,1.6,0.3,14,1.5,nan,6,,,,1.5,0.3,6
2022p065974,2022-01-25T09:51:19Z,-39.5,4.3,175.72,3.7,11.0,9.0,M,,,,1.7,0.3,11,2.0,nan,19,,,,2.0,0.2,19
2022p065979,2022-01-25T09:53:53Z,-42.62,2.8,173.1,3.1,9.0,4.0,MLv,,,,2.1,0.3,9,1.5,nan,2,,,,1.5,0.3,2
2022p066051,2022-01-25T10:32:02Z,-39.95,4.5,176.62,5.1,39.0,9.0,M,,,,1.0,0.4,8,0.8,nan,3,,,,0.8,0.2,3
2022p066099,2022-01-25T10:57:50Z,-45.05,7.3,167.33,14.4,94.0,12.0,MLv,,,,,,,2.3,nan,4,,,,2.3,0.3,4
2022p066170,2022-01-25T11:35:51Z,-40.65,4.7,175.15,4.9,28.0,6.0,M,,,,1.9,0.2,11,1.9,nan,10,,,,1.9,0.2,10
2022p066202,2022-01-25T11:52:26Z,-40.84,2.8,175.73,2.7,20.0,7.0,MLv,,,,1.6,0.2,8,1.6,nan,8,,,,1.6,0.2,8
2022p066203,2022-01-25T11:53:42Z,-39.48,8.1,175.74,6.0,8.0,9.0,M,,,,1.2,0.3,11,0.9,nan,2,,,,0.9,0.4,2
2022p066257,2022-01-25T12:21:59Z,-38.8,3.2,177.89,4.2,22.0,5.0,MLv,,,,2.0,0.2,15,2.0,nan,12,,,,2.0,0.2,12
2022p066296,2022-01-25T12:42:35Z,-35.48,6.7,175.09,5.3,5.0,0.0,M,,,,2.8,0.3,12,2.8,nan,11,,,,2.8,0.2,11
2022p066302,2022-01-25T12:45:54Z,-35.42,13.3,175.14,13.0,5.0,0.0,M,,,,2.2,0.3,11,2.3,nan,6,,,,2.3,0.2,6
2022p066306,2022-01-25T12:47:50Z,-41.67,4.8,174.71,3.1,19.0,5.0,MLv,,,,1.8,0.3,14,1.8,nan,6,,,,1.8,0.2,6
2022p066406,2022-01-25T13:41:19Z,-38.9,4.5,177.98,8.0,23.0,7.0,MLv,,,,1.6,0.3,9,1.6,nan,5,,,,1.6,0.3,5
2022p066470,2022-01-25T14:15:43Z,-39.25,5.5,177.15,7.7,27.0,7.0,M,,,,1.4,0.2,10,1.3,nan,3,,,,1.3,0.1,3
2022p066502,2022-01-25T14:32:24Z,-38.79,4.3,177.9,5.0,23.0,7.0,MLv,,,,1.5,0.2,8,1.6,nan,7,,,,1.6,0.2,7
2022p066540,2022-01-25T14:52:30Z,-39.71,3.9,176.81,4.3,37.0,7.0,M,,,,1.5,0.2,9,1.4,nan,7,,,,1.4,0.2,7
2022p066546,2022-01-25T14:55:44Z,-39.29,4.4,174.87,1.9,18.0,6.0,MLv,,,,2.5,0.2,24,2.4,nan,40,,,,2.4,0.2,40
2022p066551,2022-01-25T14:58:53Z,-41.72,2.6,174.13,2.8,11.0,4.0,M,,,,1.9,0.2,12,1.9,nan,7,,,,1.9,0.2,7
2022p066556,2022-01-25T15:00:12Z,-33.48,27.7,179.68,35.8,297.0,49.0,MLv,4.3,0.2,3,3.8,0.1,12,,,,3.5,0.4,3,4.0,0.2,5
2022p066584,2022-01-25T15:16:01Z,-37.05,11.4,177.14,12.1,144.0,14.0,M,,,,2.4,0.3,9,2.5,nan,6,,,,2.5,0.2,6
2022p066628,2022-01-25T15:39:29Z,-38.37,15.8,175.56,28.8,125.0,38.0,MLv,,,,,,,1.5,nan,3,,,,1.5,0.5,3
2022p066651,2022-01-25T15:51:46Z,-35.22,7.3,-179.78,11.9,12.0,0.0,MLv,,,,3.7,0.2,18,3.8,nan,13,,,,3.8,0.1,13
2022p066722,2022-01-25T16:30:02Z,-38.42,2.7,177.14,2.8,5.0,0.0,M,,,,1.7,0.2,10,1.8,nan,6,,,,1.8,0.1,6
2022p066769,2022-01-25T16:54:37Z,-37.1,4.7,179.14,8.2,33.0,0.0,M,,,,3.0,0.3,18,3.1,nan,12,,,,3.1,0.1,12
2022p066827,2022-01-25T17:25:07Z,-35.61,33.6,178.65,22.7,249.0,43.0,MLv,,,,3.0,0.2,8,,,,,,,3.4,0.2,7
2022p066862,2022-01-25T17:44:22Z,-40.1,3.6,174.01,4.9,96.0,12.0,M,,,,2.4,0.1,7,2.4,nan,13,,,,2.4,0.1,13
2022p066866,2022-01-25T17:46:23Z,-37.36,9.0,177.02,8.6,107.0,15.0,MLv,,,,2.2,0.2,7,2.5,nan,3,,,,2.5,0.5,3
2022p066869,2022-01-25T17:48:05Z,-43.59,2.5,172.36,2.4,5.0,0.0,M,,,,1.9,0.3,10,1.4,nan,2,,,,1.4,0.4,2
2022p066873,2022-01-25T17:50:14Z,-38.5,9.2,175.84,10.0,128.0,17.0,M,,,,1.4,0.2,7,1.6,nan,3,,,,1.6,0.2,3
2022p066916,2022-01-25T18:12:50Z,-40.93,3.2,175.21,3.1,17.0,4.0,M,,,,1.0,0.3,8,0.8,nan,5,,,,0.8,0.2,5
2022p066925,2022-01-25T18:17:55Z,-37.38,7.0,179.48,7.4,12.0,0.0,M,,,,3.2,0.2,18,3.2,nan,19,,,,3.2,0.1,19
2022p067064,2022-01-25T19:32:06Z,-41.1,2.9,175.84,3.1,22.0,6.0,M,,,,1.5,0.1,12,1.7,nan,6,,,,1.7,0.2,6
2022p067072,2022-01-25T19:35:10Z,-33.89,38.1,-179.32,62.3,200.0,0.0,M,,,,3.6,0.2,5,3.7,nan,2,,,,3.7,0.2,2
2022p067084,2022-01-25T19:42:38Z,-38.35,6.1,175.93,7.9,126.0,12.0,M,,,,1.6,0.3,8,1.7,nan,4,,,,1.7,0.1,4
2022p067102,2022-01-25T19:51:09Z,-33.14,41.3,-178.18,58.8,33.0,0.0,MLv,,,,3.9,0.1,8,4.0,nan,4,,,,4.0,0.1,4
2022p067133,2022-01-25T20:08:59Z,-41.4,3.8,174.63,2.3,10.0,6.0,M,,,,1.7,0.2,13,1.8,nan,6,,,,1.8,0.1,6
2022p067135,2022-01-25T20:09:46Z,-37.38,14.2,179.9,9.0,33.0,0.0,M,,,,2.8,0.2,13,3.0,nan,6,,,,3.0,0.1,6
2022p067141,2022-01-25T20:12:48Z,-38.53,7.4,176.01,9.1,129.0,9.0,M,,,,1.9,0.4,6,2.4,nan,10,,,,2.4,0.4,10
2022p067150,2022-01-25T20:17:39Z,-38.68,3.6,178.09,5.7,25.0,6.0,M,,,,2.0,0.1,12,2.0,nan,9,,,,2.0,0.2,9
2022p067180,2022-01-25T20:33:31Z,-38.47,7.0,175.75,6.5,130.0,12.0,MLv,,,,2.0,0.5,4,,,,,,,2.8,0.3,37
2022p067270,2022-01-25T21:21:37Z,-38.28,4.7,177.76,4.5,47.0,10.0,M,,,,1.5,0.2,10,1.3,nan,5,,,,1.3,0.4,5
2022p067280,2022-01-25T21:27:03Z,-42.07,2.4,173.73,2.8,6.0,4.0,M,,,,2.0,0.2,8,2.1,nan,7,,,,2.1,0.1,7
2022p067297,2022-01-25T21:35:54Z,-38.7,6.3,178.05,7.9,25.0,9.0,M,,,,1.3,0.3,7,1.1,nan,2,,,,1.1,0.2,2
2022p067319,2022-01-25T21:47:35Z,-41.79,3.1,174.18,3.4,5.0,5.0,M,,,,1.7,0.3,8,1.8,nan,3,,,,1.8,0.6,3
2022p067371,2022-01-25T22:15:26Z,-40.38,4.1,173.78,6.0,86.0,10.0,M,,,,2.1,0.2,9,2.1,nan,6,,,,2.1,0.1,6
2022p067378,2022-01-25T22:19:53Z,-40.58,2.7,175.9,3.0,22.0,4.0,M,,,,1.2,0.2,10,1.2,nan,4,,,,1.2,0.2,4
2022p067407,2022-01-25T22:34:51Z,-38.19,9.8,175.94,8.4,146.0,11.0,M,,,,1.6,0.3,6,2.4,nan,13,,,,2.4,0.2,13
2022p067510,2022-01-25T23:29:31Z,-38.68,16.6,175.46,24.9,155.0,17.0,M,,,,1.5,0.4,6,1.5,nan,2,,,,1.5,0.3,2
2022p067557,2022-01-25T23:54:33Z,-36.65,17.5,177.54,11.9,203.0,17.0,M,,,,2.4,0.1,8,2.5,nan,5,,,,2.5,0.3,5
2022p067571,2022-01-26T00:02:12Z,-38.26,4.9,176.68,4.5,76.0,7.0,MLv,,,,2.6,0.5,21,,,,,,,2.9,0.3,63
2022p067596,2022-01-26T00:14:55Z,-39.26,6.2,176.27,4.0,55.0,9.0,M,,,,1.3,0.5,9,1.3,nan,6,,,,1.3,0.4,6
2022p067595,2022-01-26T00:15:09Z,-37.81,5.3,176.68,5.7,124.0,9.0,M,,,,2.4,nan,1,2.8,nan,26,,,,2.8,0.3,26
2022p067642,2022-01-26T00:39:41Z,-38.1,9.1,176.18,9.5,141.0,14.0,MLv,,,,,,,1.9,nan,3,,,,1.9,0.2,3
2022p067649,2022-01-26T00:43:46Z,-45.21,5.4,167.4,6.2,77.0,9.0,ML,,,,2.1,0.5,3,2.2,nan,3,,,,2.2,0.5,3
2022p067696,2022-01-26T01:08:34Z,-37.77,3.3,176.8,2.9,5.0,0.0,M,,,,2.1,0.2,16,2.2,nan,9,,,,2.2,0.1,9
2022p067703,2022-01-26T01:12:19Z,-40.04,4.2,176.9,5.3,27.0,5.0,M,,,,1.9,0.2,12,1.9,nan,11,,,,1.9,0.2,11
2022p067727,2022-01-26T01:25:27Z,-37.78,4.3,178.16,3.8,27.0,6.0,MLv,,,,1.8,0.3,8,2.0,nan,4,,,,2.0,0.3,4
2022p067826,2022-01-26T02:18:03Z,-39.6,4.3,175.72,5.0,15.0,8.0,MLv,,,,1.3,0.4,11,1.5,nan,7,,,,1.5,0.4,7
2022p067947,2022-01-26T03:22:19Z,-41.67,2.2,174.23,2.8,9.0,4.0,MLv,,,,2.0,0.2,10,,,,,,,2.0,0.2,9
2022p067980,2022-01-26T03:40:05Z,-40.11,2.3,174.43,3.1,76.0,8.0,MLv,,,,2.2,0.2,28,,,,,,,2.3,0.1,13
2022p068012,2022-01-26T03:57:03Z,-40.57,10.5,174.55,3.4,7.0,11.0,M,,,,,,,2.1,nan,6,,,,2.1,0.1,6
2022p068013,2022-01-26T03:57:26Z,-40.56,9.8,174.55,3.2,9.0,12.0,M,,,,2.2,0.2,7,2.1,nan,6,,,,2.1,0.2,6
2022p068048,2022-01-26T04:16:28Z,-41.01,3.5,174.75,3.5,25.0,4.0,M,,,,2.7,0.2,19,2.6,nan,24,,,,2.6,0.2,24
2022p068053,2022-01-26T04:18:56Z,-40.18,3.3,174.79,4.8,12.0,0.0,M,,,,2.1,0.2,11,2.0,nan,5,,,,2.0,0.1,5
2022p068174,2022-01-26T05:23:24Z,-39.38,7.3,175.52,6.9,10.0,12.0,M,,,,0.8,0.1,8,0.9,nan,6,,,,0.9,0.1,6
2022p068212,2022-01-26T05:43:59Z,-38.49,2.6,177.06,2.9,5.0,0.0,MLv,,,,1.6,0.3,7,,,,,,,1.7,0.1,6
2022p068233,2022-01-26T05:55:01Z,-38.49,3.1,177.05,2.9,8.0,7.0,MLv,,,,1.6,0.3,8,1.7,nan,7,,,,1.7,0.2,7
2022p068325,2022-01-26T06:44:06Z,-38.81,5.6,179.43,6.5,33.0,0.0,MLv,,,,2.5,0.1,16,2.5,nan,6,,,,2.5,0.1,6
2022p068339,2022-01-26T06:51:14Z,-40.87,2.2,175.67,2.7,23.0,5.0,MLv,,,,1.8,0.2,11,1.8,nan,7,,,,1.8,0.2,7
2022p068340,2022-01-26T06:51:16Z,-40.17,3.8,176.28,4.4,37.0,6.0,MLv,,,,1.6,0.2,9,1.6,nan,6,,,,1.6,0.2,6
2022p068505,2022-01-26T08:19:33Z,-38.52,4.3,177.78,4.3,32.0,9.0,MLv,,,,2.3,0.3,8,2.0,nan,6,,,,2.0,0.2,6
2022p068506,2022-01-26T08:20:01Z,-39.04,4.3,177.77,4.4,40.0,5.0,MLv,,,,2.7,0.4,16,2.7,nan,24,,,,2.7,0.2,24
2022p068644,2022-01-26T09:33:59Z,-41.04,3.0,175.94,3.9,21.0,5.0,M,,,,1.8,0.2,13,1.9,nan,8,,,,1.9,0.2,8
2022p068692,2022-01-26T09:59:13Z,-38.39,6.7,175.89,5.8,101.0,13.0,M,,,,,,,2.2,nan,6,,,,2.2,0.3,6
2022p068724,2022-01-26T10:16:35Z,-38.46,5.6,175.86,4.8,71.0,16.0,M,,,,1.9,0.3,13,2.0,nan,3,,,,2.0,0.5,3
2022p068764,2022-01-26T10:37:31Z,-40.27,3.5,176.03,4.4,38.0,6.0,M,,,,1.5,0.3,12,1.3,nan,6,,,,1.3,0.3,6
2022p068818,2022-01-26T11:06:41Z,-41.71,2.7,174.14,3.6,12.0,4.0,M,,,,2.4,0.3,9,2.5,nan,6,,,,2.5,0.3,6
2022p068854,2022-01-26T11:25:47Z,-39.46,7.1,175.7,5.4,14.0,12.0,M,,,,1.0,0.5,7,0.9,nan,4,,,,0.9,0.5,4
2022p068861,2022-01-26T11:29:33Z,-37.43,5.7,177.27,5.6,115.0,8.0,M,,,,2.6,0.3,22,2.9,nan,20,,,,2.9,0.3,20
2022p068883,2022-01-26T11:41:05Z,-40.59,3.5,176.46,4.2,13.0,6.0,M,,,,1.9,0.2,10,2.0,nan,5,,,,2.0,0.3,5
2022p068960,2022-01-26T12:22:19Z,-37.19,6.1,177.41,5.7,117.0,11.0,M,,,,2.8,0.3,15,3.0,nan,48,,,,3.0,0.3,48
2022p069002,2022-01-26T12:44:23Z,-41.8,3.0,174.23,3.6,5.0,0.0,M,,,,2.0,0.2,8,1.5,nan,1,,,,1.5,nan,1
2022p069019,2022-01-26T12:53:50Z,-42.66,3.3,172.79,3.4,4.0,3.0,M,,,,2.3,0.2,9,1.7,nan,1,,,,1.7,nan,1
2022p069109,2022-01-26T13:41:44Z,-40.63,4.2,176.12,3.2,16.0,6.0,M,,,,1.5,0.2,8,1.4,nan,2,,,,1.4,0.2,2
2022p069196,2022-01-26T14:28:02Z,-38.09,3.6,176.7,2.6,6.0,10.0,M,,,,1.9,0.2,16,2.0,nan,15,,,,2.0,0.2,15
2022p069217,2022-01-26T14:38:51Z,-38.89,2.8,175.37,3.7,5.0,0.0,M,,,,1.7,0.3,12,1.4,nan,4,,,,1.4,0.1,4
2022p069224,2022-01-26T14:42:51Z,-36.46,11.6,177.41,10.2,228.0,13.0,M,,,,2.8,0.3,13,3.1,nan,13,,,,3.1,0.3,13
2022p069237,2022-01-26T14:49:30Z,-41.25,3.4,174.96,2.4,21.0,5.0,M,,,,1.6,0.2,8,1.5,nan,3,,,,1.5,0.1,3
2022p069269,2022-01-26T15:06:50Z,-40.23,2.3,174.93,4.2,5.0,0.0,M,,,,2.1,0.3,9,1.9,nan,1,,,,1.9,nan,1
2022p069610,2022-01-26T18:08:22Z,-39.86,3.1,177.01,7.8,14.0,6.0,M,,,,1.7,0.2,8,1.6,nan,3,,,,1.6,0.2,3
2022p069820,2022-01-26T20:00:32Z,-43.7,2.7,170.63,2.2,5.0,0.0,M,,,,2.5,0.1,7,2.6,nan,5,,,,2.6,0.1,5
2022p069830,2022-01-26T20:05:33Z,-38.43,8.7,176.01,13.0,173.0,8.0,M,,,,2.3,0.6,7,1.8,nan,3,,,,1.8,0.3,3
2022p069849,2022-01-26T20:15:48Z,-39.49,7.0,174.46,6.1,131.0,12.0,M,,,,2.2,0.4,10,2.1,nan,7,,,,2.1,0.4,7
2022p070021,2022-01-26T21:47:36Z,-39.65,3.6,176.19,4.0,25.0,7.0,M,,,,1.4,0.5,6,0.7,nan,3,,,,0.7,0.3,3
2022p070127,2022-01-26T22:44:00Z,-41.0,2.3,175.4,2.9,21.0,5.0,M,,,,2.4,0.1,12,2.3,nan,13,,,,2.3,0.2,13
2022p070182,2022-01-26T23:13:12Z,-38.2,3.7,177.64,4.3,43.0,9.0,MLv,,,,2.1,0.2,9,2.1,nan,7,,,,2.1,0.2,7
2022p070230,2022-01-26T23:38:43Z,-40.14,2.3,176.58,2.7,15.0,4.0,MLv,,,,1.8,0.2,13,,,,,,,1.7,0.2,7
2022p070461,2022-01-27T01:41:49Z,-35.89,12.8,177.54,17.4,100.0,0.0,M,,,,3.1,0.2,3,3.1,nan,2,,,,3.1,0.2,2
2022p070495,2022-01-27T01:59:54Z,-37.37,14.9,-179.9,8.3,33.0,0.0,MLv,,,,3.2,0.1,12,3.2,nan,7,,,,3.2,0.1,7
2022p070541,2022-01-27T02:24:25Z,-45.13,6.8,167.37,6.6,105.0,8.0,M,,,,,,,2.4,nan,1,,,,2.4,nan,1
2022p070651,2022-01-27T03:23:01Z,-41.17,3.7,173.93,3.1,31.0,5.0,MLv,,,,1.9,0.3,9,1.6,nan,5,,,,1.6,0.2,5
2022p070718,2022-01-27T03:58:48Z,-39.25,2.4,176.62,2.7,15.0,6.0,MLv,,,,2.1,0.2,11,2.0,nan,10,,,,2.0,0.3,10
2022p070773,2022-01-27T04:28:10Z,-40.85,2.3,176.05,3.0,18.0,3.0,MLv,,,,1.9,0.2,12,1.9,nan,8,,,,1.9,0.2,8
2022p070870,2022-01-27T05:20:02Z,-39.37,2.8,175.53,2.6,10.0,5.0,MLv,,,,1.3,0.3,13,1.3,nan,6,,,,1.3,0.2,6
2022p070914,2022-01-27T05:43:09Z,-40.61,3.6,175.86,3.2,23.0,5.0,M,,,,1.4,0.2,8,1.4,nan,2,,,,1.4,0.2,2
2022p070925,2022-01-27T05:48:57Z,-38.05,3.2,176.77,2.5,5.0,0.0,M,,,,2.1,0.3,12,2.2,nan,6,,,,2.2,0.2,6
2022p070936,2022-01-27T05:55:04Z,-38.05,2.6,176.73,2.8,4.0,3.0,M,,,,2.3,0.3,14,2.4,nan,16,,,,2.4,0.2,16
2022p070945,2022-01-27T05:59:49Z,-38.06,2.6,176.72,2.8,3.0,3.0,M,,,,2.2,0.2,13,2.2,nan,12,,,,2.2,0.3,12
2022p070986,2022-01-27T06:21:33Z,-38.05,1.9,176.72,1.8,4.0,2.0,MLv,,,,3.6,0.2,26,,,,,,,3.4,0.2,59
2022p070992,2022-01-27T06:24:41Z,-38.05,3.2,176.72,2.3,5.0,4.0,MLv,,,,1.9,0.2,9,2.2,nan,5,,,,2.2,0.2,5
2022p070999,2022-01-27T06:28:22Z,-41.0,2.2,175.4,2.7,22.0,5.0,MLv,,,,1.8,0.2,12,1.8,nan,6,,,,1.8,0.3,6
2022p071018,2022-01-27T06:38:26Z,-39.63,9.9,174.35,9.3,187.0,10.0,M,,,,2.6,0.1,6,2.1,nan,2,,,,2.1,0.6,2
2022p071019,2022-01-27T06:39:09Z,-39.85,3.4,176.74,3.5,33.0,6.0,MLv,,,,2.5,0.3,13,2.5,nan,14,,,,2.5,0.1,14
2022p071133,2022-01-27T07:40:06Z,-38.13,6.6,179.14,9.2,33.0,0.0,M,,,,2.4,0.2,10,2.6,nan,3,,,,2.6,0.1,3
2022p071173,2022-01-27T08:01:10Z,-40.53,5.5,173.24,6.0,132.0,9.0,MLv,,,,2.1,0.2,8,2.1,nan,6,,,,2.1,0.1,6
2022p071181,2022-01-27T08:05:46Z,-39.43,4.8,174.47,3.8,132.0,6.0,MLv,,,,2.5,0.4,20,,,,,,,2.9,0.3,24
2022p071208,2022-01-27T08:19:38Z,-38.06,2.2,176.72,2.0,5.0,2.0,MLv,,,,2.1,0.3,17,2.2,nan,13,,,,2.2,0.3,13
2022p071215,2022-01-27T08:23:29Z,-39.51,8.6,175.69,6.9,7.0,10.0,M,,,,1.2,0.4,9,1.1,nan,6,,,,1.1,0.5,6
2022p071218,2022-01-27T08:25:23Z,-38.06,5.4,176.71,3.4,3.0,5.0,M,,,,1.7,0.2,8,2.1,nan,5,,,,2.1,0.1,5
2022p071229,2022-01-27T08:31:06Z,-45.09,6.7,167.52,7.9,99.0,9.0,MLv,,,,,,,1.9,nan,3,,,,1.9,0.3,3
2022p071232,2022-01-27T08:32:43Z,-38.06,3.6,176.72,2.6,3.0,5.0,M,,,,2.2,0.2,14,2.1,nan,13,,,,2.1,0.2,13
2022p071236,2022-01-27T08:34:45Z,-38.06,2.1,176.72,1.9,4.0,2.0,MLv,,,,3.7,0.3,26,,,,,,,3.5,0.2,66
2022p071249,2022-01-27T08:41:34Z,-38.06,2.0,176.72,1.7,3.0,2.0,MLv,,,,2.8,0.2,25,,,,,,,2.7,0.2,29
2022p071257,2022-01-27T08:46:09Z,-38.06,2.0,176.73,1.7,5.0,2.0,MLv,,,,2.2,0.2,19,2.3,nan,16,,,,2.3,0.3,16
2022p071259,2022-01-27T08:47:07Z,-38.06,3.6,176.73,4.7,4.0,6.0,MLv,,,,1.9,0.3,11,2.3,nan,6,,,,2.3,0.2,6
2022p071270,2022-01-27T08:52:55Z,-38.06,2.7,176.73,2.2,4.0,3.0,M,,,,1.9,0.2,16,2.0,nan,8,,,,2.0,0.2,8
2022p071271,2022-01-27T08:53:18Z,-38.04,6.4,176.74,6.7,4.0,6.0,MLv,,,,,,,,,,,,,2.1,0.1,4
2022p071281,2022-01-27T08:58:54Z,-38.07,2.8,176.72,3.4,3.0,4.0,M,,,,1.9,0.3,10,2.0,nan,7,,,,2.0,0.4,7
2022p071302,2022-01-27T09:10:14Z,-38.06,3.1,176.73,2.5,4.0,4.0,M,,,,1.9,0.3,12,2.1,nan,8,,,,2.1,0.3,8
2022p071304,2022-01-27T09:10:54Z,-44.01,3.6,169.04,3.0,5.0,0.0,M,,,,2.1,0.3,7,1.5,nan,1,,,,1.5,nan,1
2022p071323,2022-01-27T09:21:24Z,-38.06,3.9,176.74,3.2,5.0,0.0,M,,,,1.9,0.2,15,2.1,nan,9,,,,2.1,0.2,9
2022p071335,2022-01-27T09:27:53Z,-38.06,2.5,176.72,2.0,3.0,3.0,M,,,,2.8,0.3,16,2.8,nan,33,,,,2.8,0.2,33
2022p071344,2022-01-27T09:32:20Z,-38.05,3.2,176.73,3.1,5.0,3.0,M,,,,1.7,0.1,8,1.8,nan,4,,,,1.8,0.1,4
2022p071350,2022-01-27T09:35:29Z,-38.05,2.9,176.73,2.7,3.0,3.0,M,,,,1.8,0.2,12,2.1,nan,7,,,,2.1,0.1,7
2022p071360,2022-01-27T09:40:53Z,-37.15,10.8,177.44,8.9,121.0,17.0,M,,,,2.4,0.2,10,2.4,nan,3,,,,2.4,0.2,3
2022p071361,2022-01-27T09:41:40Z,-39.29,5.0,174.88,3.1,17.0,7.0,M,,,,2.0,0.3,8,1.8,nan,4,,,,1.8,0.2,4
2022p071363,2022-01-27T09:42:26Z,-38.05,2.8,176.72,2.4,4.0,3.0,M,,,,3.2,0.2,18,3.1,nan,43,,,,3.1,0.2,43
2022p071374,2022-01-27T09:48:20Z,-38.06,2.5,176.74,2.9,3.0,3.0,M,,,,2.1,0.3,15,2.1,nan,12,,,,2.1,0.2,12
2022p071392,2022-01-27T09:58:07Z,-38.05,3.2,176.74,2.7,4.0,4.0,M,,,,2.1,0.3,17,2.2,nan,12,,,,2.2,0.2,12
2022p071396,2022-01-27T09:59:47Z,-38.06,3.3,176.72,2.8,4.0,5.0,M,,,,1.8,0.2,12,2.0,nan,6,,,,2.0,0.2,6
2022p071409,2022-01-27T10:06:53Z,-37.38,7.9,177.57,8.6,72.0,11.0,M,,,,2.2,0.1,12,2.1,nan,5,,,,2.1,0.1,5
2022p071416,2022-01-27T10:10:33Z,-38.05,3.8,176.74,3.8,3.0,4.0,M,,,,1.6,0.2,7,1.8,nan,5,,,,1.8,0.1,5
2022p071447,2022-01-27T10:27:29Z,-40.24,2.8,175.73,2.6,33.0,3.0,M,,,,3.8,0.2,23,3.7,nan,79,,,,3.7,0.2,79
2022p071462,2022-01-27T10:35:07Z,-41.08,2.4,175.4,2.7,22.0,5.0,M,,,,1.3,0.2,10,1.1,nan,3,,,,1.1,0.2,3
2022p071464,2022-01-27T10:36:11Z,-38.06,3.1,176.73,2.9,3.0,3.0,M,,,,1.8,0.2,14,1.9,nan,7,,,,1.9,0.1,7
2022p071471,2022-01-27T10:40:04Z,-38.06,3.5,176.72,2.8,4.0,4.0,M,,,,1.8,0.2,13,2.1,nan,7,,,,2.1,0.1,7
2022p071473,2022-01-27T10:40:52Z,-38.05,3.2,176.73,2.7,4.0,4.0,M,,,,1.8,0.2,13,2.0,nan,7,,,,2.0,0.2,7
2022p071494,2022-01-27T10:52:12Z,-39.87,3.6,176.55,3.8,26.0,9.0,M,,,,1.2,0.4,7,1.0,nan,2,,,,1.0,0.3,2
2022p071495,2022-01-27T10:52:49Z,-38.95,10.1,176.21,8.4,67.0,16.0,M,,,,1.4,0.3,9,1.8,nan,2,,,,1.8,0.3,2
2022p071519,2022-01-27T11:05:31Z,-38.05,3.9,176.72,3.9,4.0,5.0,M,,,,1.7,0.2,10,1.8,nan,6,,,,1.8,0.1,6
2022p071547,2022-01-27T11:20:45Z,-38.06,3.5,176.73,3.1,4.0,3.0,M,,,,1.7,0.2,8,1.8,nan,5,,,,1.8,0.1,5
2022p071582,2022-01-27T11:38:59Z,-40.69,4.2,176.31,4.5,25.0,6.0,M,,,,1.8,0.2,9,1.7,nan,6,,,,1.7,0.2,6
2022p071609,2022-01-27T11:53:19Z,-39.22,6.7,176.07,3.7,54.0,10.0,M,,,,1.2,0.4,9,1.0,nan,2,,,,1.0,0.0,2
2022p071735,2022-01-27T13:00:52Z,-38.05,3.2,176.73,2.8,4.0,4.0,M,,,,1.7,0.2,12,1.8,nan,6,,,,1.8,0.1,6
2022p071781,2022-01-27T13:25:10Z,-40.87,4.3,174.74,2.8,9.0,6.0,M,,,,1.8,0.2,8,1.4,nan,3,,,,1.4,0.1,3
2022p071783,2022-01-27T13:26:28Z,-38.96,3.9,177.64,4.3,25.0,7.0,M,,,,1.7,0.3,8,1.7,nan,3,,,,1.7,0.2,3
2022p071808,2022-01-27T13:39:33Z,-40.04,4.0,176.54,3.8,37.0,5.0,M,,,,1.4,0.3,10,1.2,nan,1,,,,1.2,nan,1
2022p071826,2022-01-27T13:48:56Z,-39.51,4.4,175.71,3.2,9.0,7.0,M,,,,1.5,0.4,11,1.7,nan,9,,,,1.7,0.2,9
2022p071873,2022-01-27T14:14:17Z,-40.23,4.3,175.7,6.7,27.0,9.0,M,,,,1.5,0.3,12,1.8,nan,1,,,,1.8,nan,1
2022p071889,2022-01-27T14:22:30Z,-38.06,3.1,176.73,3.1,2.0,3.0,M,,,,1.9,0.2,12,2.1,nan,6,,,,2.1,0.1,6
2022p071932,2022-01-27T14:45:41Z,-39.57,2.8,176.7,3.0,25.0,6.0,M,,,,1.8,0.2,10,1.8,nan,7,,,,1.8,0.3,7
2022p072036,2022-01-27T15:40:58Z,-37.48,13.0,179.98,20.9,33.0,73.0,M,,,,2.8,0.2,12,2.8,nan,5,,,,2.8,0.2,5
2022p072067,2022-01-27T15:57:23Z,-39.07,6.0,175.77,4.6,68.0,10.0,M,,,,1.4,0.6,11,1.4,nan,6,,,,1.4,0.5,6
2022p072070,2022-01-27T15:59:23Z,-39.28,5.5,175.1,3.8,21.0,14.0,M,,,,1.5,0.4,8,1.8,nan,10,,,,1.8,0.6,10
2022p072084,2022-01-27T16:06:28Z,-38.4,7.6,176.36,10.8,98.0,14.0,M,,,,1.9,0.2,8,2.0,nan,3,,,,2.0,0.1,3
2022p072125,2022-01-27T16:28:35Z,-36.96,4.9,179.01,8.3,33.0,0.0,M,,,,3.1,0.2,18,3.2,nan,12,,,,3.2,0.1,12
2022p072256,2022-01-27T17:38:03Z,-40.35,3.2,176.44,3.7,15.0,10.0,M,,,,2.0,0.2,8,2.0,nan,12,,,,2.0,0.2,12
2022p072277,2022-01-27T17:49:38Z,-38.05,3.2,176.72,2.8,4.0,4.0,M,,,,2.0,0.2,12,2.1,nan,11,,,,2.1,0.3,11
2022p072324,2022-01-27T18:13:24Z,-33.8,10.5,-179.22,18.0,200.0,0.0,mB,4.0,0.2,2,4.0,0.1,7,4.0,nan,4,3.1,0.4,2,4.0,0.2,4
2022p072335,2022-01-27T18:19:43Z,-39.66,5.5,173.97,7.0,147.0,8.0,M,,,,2.2,0.2,7,2.9,nan,13,,,,2.9,0.2,13
2022p072334,2022-01-27T18:19:54Z,-38.79,10.1,176.23,20.5,35.0,18.0,M,,,,1.9,0.2,7,1.9,nan,5,,,,1.9,0.2,5
2022p072350,2022-01-27T18:28:15Z,-40.35,4.5,176.44,4.1,12.0,14.0,M,,,,1.5,0.2,7,1.3,nan,4,,,,1.3,0.3,4
2022p072355,2022-01-27T18:31:03Z,-40.61,2.7,175.86,3.1,22.0,6.0,M,,,,1.2,0.3,8,1.1,nan,4,,,,1.1,0.1,4
2022p072506,2022-01-27T19:51:47Z,-39.23,6.3,175.96,4.5,54.0,8.0,M,,,,1.3,0.1,16,1.4,nan,9,,,,1.4,0.3,9
2022p072579,2022-01-27T20:30:30Z,-39.93,2.8,176.83,3.7,27.0,5.0,M,,,,1.5,0.2,9,1.6,nan,6,,,,1.6,0.2,6
2022p072612,2022-01-27T20:47:43Z,-40.61,2.9,175.83,2.6,17.0,6.0,M,,,,1.5,0.2,9,1.4,nan,6,,,,1.4,0.2,6
2022p072620,2022-01-27T20:51:56Z,-37.49,7.4,177.29,7.3,104.0,10.0,M,,,,2.4,0.2,8,2.7,nan,9,,,,2.7,0.2,9
2022p072640,2022-01-27T21:03:05Z,-39.99,3.9,176.51,3.7,36.0,8.0,M,,,,1.8,0.3,9,1.8,nan,7,,,,1.8,0.3,7
2022p072786,2022-01-27T22:20:32Z,-41.6,3.3,173.81,3.3,6.0,6.0,M,,,,1.7,0.2,6,1.6,nan,4,,,,1.6,0.3,4
2022p072864,2022-01-27T23:01:58Z,-41.32,3.1,175.72,3.9,14.0,7.0,MLv,,,,1.5,0.2,10,1.3,nan,5,,,,1.3,0.3,5
2022p072918,2022-01-27T23:30:54Z,-39.15,17.8,175.15,16.5,123.0,12.0,M,,,,1.2,0.1,6,1.3,nan,6,,,,1.3,0.2,6
2022p072935,2022-01-27T23:40:08Z,-39.41,6.3,175.8,4.7,19.0,8.0,M,,,,0.9,0.4,11,0.6,nan,3,,,,0.6,0.4,3
2022p072952,2022-01-27T23:49:12Z,-41.21,4.5,172.65,4.6,118.0,6.0,M,,,,,,,2.2,nan,7,,,,2.2,0.4,7
2022p072998,2022-01-28T00:13:29Z,-40.39,7.1,173.42,4.2,136.0,10.0,M,,,,,,,2.3,nan,3,,,,2.3,0.3,3
2022p073239,2022-01-28T02:21:50Z,-39.52,4.0,175.67,4.1,10.0,0.0,M,,,,1.2,0.3,10,0.8,nan,6,,,,0.8,0.4,6
2022p073245,2022-01-28T02:24:59Z,-39.49,3.6,175.7,4.6,6.0,7.0,M,,,,1.1,0.3,10,1.1,nan,6,,,,1.1,0.2,6
2022p073246,2022-01-28T02:25:52Z,-39.77,2.9,176.85,4.3,34.0,5.0,M,,,,1.7,0.3,11,1.6,nan,6,,,,1.6,0.3,6
2022p073291,2022-01-28T02:49:57Z,-39.88,3.3,176.66,3.5,33.0,5.0,M,,,,1.7,0.3,13,1.6,nan,7,,,,1.6,0.3,7
2022p073298,2022-01-28T02:53:39Z,-36.83,51.8,177.25,22.5,97.0,56.0,M,,,,2.2,0.4,6,2.5,nan,4,,,,2.5,0.6,4
2022p073335,2022-01-28T03:13:02Z,-38.32,2.6,178.01,3.4,27.0,4.0,M,,,,2.2,0.2,15,2.1,nan,10,,,,2.1,0.3,10
2022p073343,2022-01-28T03:17:35Z,-41.08,3.2,175.18,3.1,23.0,6.0,MLv,,,,1.2,0.3,9,1.2,nan,7,,,,1.2,0.3,7
2022p073408,2022-01-28T03:51:50Z,-38.32,2.2,177.78,2.5,22.0,4.0,M,,,,2.8,0.2,21,2.7,nan,23,,,,2.7,0.2,23
2022p073413,2022-01-28T03:54:42Z,-40.13,3.1,176.17,3.9,30.0,7.0,M,,,,1.6,0.2,7,1.6,nan,8,,,,1.6,0.2,8
2022p073430,2022-01-28T04:03:56Z,-41.72,4.6,172.29,5.2,73.0,8.0,M,,,,2.1,0.2,12,2.1,nan,5,,,,2.1,0.3,5
2022p073463,2022-01-28T04:21:20Z,-38.72,6.2,175.23,7.2,221.0,6.0,M,,,,2.8,0.0,2,3.5,nan,77,,,,3.5,0.4,77
2022p073603,2022-01-28T05:35:54Z,-37.43,7.0,-179.97,7.3,33.0,0.0,M,,,,3.4,0.2,17,3.3,nan,12,,,,3.3,0.1,12
2022p073670,2022-01-28T06:11:36Z,-38.64,2.5,177.95,2.6,30.0,4.0,M,,,,2.4,0.2,18,2.5,nan,14,,,,2.5,0.2,14
2022p073689,2022-01-28T06:21:39Z,-41.12,8.5,173.07,6.3,98.0,9.0,M,,,,,,,1.9,nan,3,,,,1.9,0.8,3
2022p073757,2022-01-28T06:58:15Z,-37.35,13.2,-179.87,9.7,33.0,0.0,M,,,,2.6,0.1,10,2.6,nan,5,,,,2.6,0.2,5
2022p073768,2022-01-28T07:03:37Z,-40.25,1.9,174.4,2.4,5.0,0.0,M,,,,2.4,0.2,25,2.4,nan,19,,,,2.4,0.2,19
2022p073792,2022-01-28T07:16:36Z,-38.06,2.7,176.73,3.0,4.0,3.0,M,,,,2.3,0.3,13,2.2,nan,12,,,,2.2,0.2,12
2022p073854,2022-01-28T07:49:55Z,-38.89,2.7,177.13,2.3,26.0,3.0,M,,,,1.8,0.3,17,1.6,nan,7,,,,1.6,0.3,7
2022p073858,2022-01-28T07:52:06Z,-41.71,2.9,173.51,3.0,34.0,5.0,M,,,,2.9,0.3,10,3.0,nan,29,,,,3.0,0.2,29
2022p073916,2022-01-28T08:22:34Z,-40.1,4.1,176.71,3.0,22.0,7.0,M,,,,1.3,0.2,7,1.2,nan,3,,,,1.2,0.1,3
2022p073976,2022-01-28T08:54:46Z,-41.05,3.4,175.02,4.1,28.0,6.0,M,,,,0.9,0.3,7,0.9,nan,3,,,,0.9,0.2,3
2022p074017,2022-01-28T09:16:31Z,-38.85,2.7,177.87,3.6,30.0,3.0,MLv,,,,1.6,0.2,14,1.6,nan,7,,,,1.6,0.2,7
2022p074090,2022-01-28T09:55:32Z,-38.05,2.7,176.73,2.0,5.0,3.0,M,,,,2.3,0.3,17,2.3,nan,25,,,,2.3,0.2,25
2022p074115,2022-01-28T10:09:56Z,-38.05,3.2,176.73,2.6,5.0,3.0,M,,,,1.7,0.2,13,1.8,nan,10,,,,1.8,0.3,10
2022p074130,2022-01-28T10:13:19Z,-25.31,26.9,-177.9,118.4,594.0,34.0,,,,,,,,,,,,,,,,
2022p074142,2022-01-28T10:23:07Z,-38.05,3.0,176.73,2.9,4.0,4.0,M,,,,1.5,0.2,13,1.6,nan,6,,,,1.6,0.2,6
2022p074154,2022-01-28T10:29:53Z,-39.61,2.6,176.69,3.1,23.0,6.0,M,,,,1.2,0.4,10,1.1,nan,3,,,,1.1,0.2,3
2022p074164,2022-01-28T10:35:07Z,-38.06,2.8,176.72,2.4,3.0,3.0,MLv,,,,1.4,0.2,12,1.5,nan,8,,,,1.5,0.2,8
2022p074238,2022-01-28T11:14:17Z,-40.59,4.3,176.44,5.9,14.0,8.0,M,,,,1.4,0.3,8,1.6,nan,4,,,,1.6,0.3,4
2022p074252,2022-01-28T11:21:57Z,-37.78,9.6,176.15,10.9,163.0,13.0,MLv,,,,1.8,0.1,6,1.6,nan,4,,,,1.6,0.1,4
2022p074276,2022-01-28T11:34:46Z,-39.88,2.8,176.8,4.9,33.0,8.0,MLv,,,,1.2,0.3,8,1.1,nan,5,,,,1.1,0.1,5
2022p074286,2022-01-28T11:39:59Z,-39.1,3.6,176.35,3.4,37.0,7.0,M,,,,2.3,0.3,16,2.3,nan,30,,,,2.3,0.1,30
2022p074351,2022-01-28T12:14:42Z,-38.69,4.5,176.59,5.6,38.0,6.0,M,,,,1.5,0.3,10,0.8,nan,3,,,,0.8,0.1,3
2022p074383,2022-01-28T12:32:33Z,-39.06,3.2,176.09,2.0,5.0,0.0,M,,,,1.1,0.2,13,1.0,nan,6,,,,1.0,0.1,6
2022p074486,2022-01-28T13:26:18Z,-39.51,4.1,177.17,7.2,27.0,8.0,M,,,,1.5,0.2,10,1.9,nan,3,,,,1.9,0.3,3
2022p074581,2022-01-28T14:16:48Z,-40.18,4.3,174.47,5.7,79.0,11.0,M,,,,1.9,0.2,9,1.6,nan,4,,,,1.6,0.1,4
2022p074614,2022-01-28T14:34:36Z,-37.01,12.4,177.07,9.1,200.0,11.0,MLv,,,,2.2,0.2,9,2.4,nan,7,,,,2.4,0.1,7
2022p074687,2022-01-28T15:13:54Z,-40.66,2.2,175.53,2.3,21.0,3.0,MLv,,,,1.6,0.2,15,1.5,nan,9,,,,1.5,0.2,9
2022p074740,2022-01-28T15:41:38Z,-38.94,3.0,177.8,3.1,25.0,4.0,MLv,,,,1.9,0.3,18,1.9,nan,8,,,,1.9,0.2,8
2022p074771,2022-01-28T15:58:21Z,-39.23,3.7,176.63,4.1,39.0,6.0,M,,,,1.4,0.2,11,1.4,nan,6,,,,1.4,0.1,6
2022p074795,2022-01-28T16:10:50Z,-38.05,4.6,177.83,5.0,56.0,9.0,MLv,,,,1.3,0.2,7,1.0,nan,4,,,,1.0,0.2,4
2022p074826,2022-01-28T16:27:44Z,-37.94,13.1,176.17,10.8,148.0,13.0,M,,,,,,,1.8,nan,1,,,,1.8,nan,1
2022p074839,2022-01-28T16:34:40Z,-37.43,7.7,179.99,8.3,33.0,0.0,M,,,,3.3,0.2,16,3.3,nan,17,,,,3.3,0.1,17
2022p074851,2022-01-28T16:40:56Z,-38.01,4.6,177.82,5.1,59.0,8.0,M,,,,1.4,0.3,10,0.9,nan,3,,,,0.9,0.2,3
2022p074865,2022-01-28T16:48:12Z,-38.88,2.5,175.38,4.6,5.0,0.0,MLv,,,,1.1,0.2,12,0.9,nan,6,,,,0.9,0.1,6
2022p074936,2022-01-28T17:26:48Z,-38.61,7.0,176.09,6.6,96.0,9.0,MLv,,,,1.7,0.3,9,,,,,,,2.0,0.3,6
2022p075053,2022-01-28T18:28:36Z,-45.1,5.9,167.43,7.2,99.0,9.0,M,,,,,,,1.7,nan,2,,,,1.7,0.2,2
2022p075107,2022-01-28T18:57:24Z,-39.71,2.3,175.65,2.6,11.0,6.0,M,,,,1.8,0.3,12,1.9,nan,19,,,,1.9,0.2,19
2022p075190,2022-01-28T19:41:32Z,-40.74,7.3,174.56,3.9,45.0,9.0,MLv,,,,1.7,0.2,11,1.7,nan,4,,,,1.7,0.2,4
2022p075195,2022-01-28T19:43:53Z,-40.85,5.6,174.18,2.8,38.0,6.0,M,,,,1.9,0.2,11,2.0,nan,8,,,,2.0,0.2,8
2022p075252,2022-01-28T20:14:48Z,-38.08,6.2,178.37,7.0,40.0,8.0,MLv,,,,1.5,0.3,6,1.4,nan,3,,,,1.4,0.4,3
2022p075280,2022-01-28T20:29:59Z,-37.44,9.5,-179.98,9.1,33.0,0.0,MLv,,,,2.9,0.2,12,2.8,nan,7,,,,2.8,0.1,7
2022p075285,2022-01-28T20:32:18Z,-42.49,4.4,173.44,4.6,1.0,4.0,M,,,,2.0,0.3,9,1.9,nan,7,,,,1.9,0.1,7
2022p075288,2022-01-28T20:33:54Z,-39.29,9.4,175.79,9.5,60.0,15.0,MLv,,,,0.9,0.4,8,0.9,nan,5,,,,0.9,0.6,5
2022p075406,2022-01-28T21:36:24Z,-41.61,2.6,174.25,2.7,10.0,4.0,MLv,,,,1.8,0.2,15,1.9,nan,8,,,,1.9,0.2,8
2022p075441,2022-01-28T21:55:21Z,-39.8,4.3,176.82,4.9,36.0,10.0,MLv,,,,1.4,0.3,7,1.4,nan,5,,,,1.4,0.3,5
2022p075479,2022-01-28T22:15:24Z,-41.19,6.8,172.56,6.3,112.0,8.0,M,,,,,,,2.4,nan,12,,,,2.4,0.2,12
2022p075498,2022-01-28T22:26:01Z,-38.99,5.8,176.12,5.3,65.0,11.0,MLv,,,,1.4,0.3,8,1.7,nan,1,,,,1.7,nan,1
2022p075538,2022-01-28T22:46:05Z,-34.84,17.5,179.38,15.3,178.0,35.0,MLv,,,,,,,,,,,,,4.0,0.2,17
2022p075630,2022-01-28T23:36:46Z,-40.86,2.1,174.73,1.7,5.0,0.0,MLv,,,,2.6,0.2,22,,,,,,,2.7,0.2,31
2022p075670,2022-01-28T23:57:24Z,-43.68,3.3,170.64,2.4,5.0,0.0,M,,,,2.3,0.2,11,2.5,nan,8,,,,2.5,0.2,8
2022p075740,2022-01-29T00:34:45Z,-40.88,3.6,176.02,3.3,18.0,5.0,M,,,,1.6,0.2,13,1.6,nan,9,,,,1.6,0.2,9
2022p075749,2022-01-29T00:39:32Z,-38.01,6.8,176.56,6.1,107.0,11.0,MLv,,,,,,,1.9,nan,6,,,,1.9,0.2,6
2022p075755,2022-01-29T00:42:30Z,-37.81,6.9,178.96,6.4,12.0,0.0,MLv,,,,2.2,0.2,13,2.3,nan,6,,,,2.3,0.1,6
2022p075896,2022-01-29T01:57:34Z,-39.21,3.8,177.32,4.0,22.0,8.0,M,,,,1.9,0.1,11,1.9,nan,7,,,,1.9,0.1,7
2022p075970,2022-01-29T02:37:07Z,-38.65,9.8,175.67,9.5,143.0,12.0,M,,,,1.7,0.4,7,1.7,nan,2,,,,1.7,0.6,2
2022p076068,2022-01-29T03:29:21Z,-40.2,3.8,176.56,5.5,40.0,10.0,M,,,,1.6,0.2,6,1.7,nan,6,,,,1.7,0.2,6
2022p076143,2022-01-29T04:09:30Z,-40.12,2.8,174.96,4.2,16.0,8.0,M,,,,2.0,0.2,13,2.2,nan,16,,,,2.2,0.2,16
2022p076308,2022-01-29T05:37:34Z,-38.72,11.2,175.76,14.1,144.0,14.0,M,,,,1.6,0.6,4,2.1,nan,2,,,,2.1,0.7,2
2022p076394,2022-01-29T06:23:11Z,-39.94,2.7,176.54,3.2,32.0,7.0,M,,,,1.8,0.2,11,1.9,nan,10,,,,1.9,0.2,10
2022p076400,2022-01-29T06:26:14Z,-44.41,3.9,167.88,5.1,5.0,0.0,M,,,,2.1,0.1,7,2.2,nan,3,,,,2.2,0.6,3
2022p076431,2022-01-29T06:42:39Z,-39.4,2.3,177.06,2.7,18.0,4.0,M,,,,2.3,0.2,17,2.3,nan,18,,,,2.3,0.2,18
2022p076544,2022-01-29T07:40:03Z,-33.15,22.5,-178.29,49.9,33.0,0.0,Mw(mB),,,,,,,,,,4.2,0.9,1,,,
2022p076636,2022-01-29T08:31:47Z,-37.46,6.9,179.94,7.2,12.0,0.0,M,,,,3.3,0.2,18,3.2,nan,17,,,,3.2,0.1,17
2022p076683,2022-01-29T08:56:55Z,-40.99,4.3,174.84,4.4,26.0,6.0,M,,,,1.4,0.3,7,1.2,nan,3,,,,1.2,0.3,3
2022p076849,2022-01-29T10:25:20Z,-37.39,13.4,-179.92,8.8,33.0,0.0,MLv,,,,2.5,0.1,9,,,,,,,2.5,0.1,3
2022p076871,2022-01-29T10:37:08Z,-39.99,8.7,173.79,7.0,161.0,11.0,MLv,,,,,,,,,,,,,2.0,0.2,5
2022p077085,2022-01-29T12:31:08Z,-39.77,2.0,176.06,2.3,5.0,0.0,MLv,,,,2.3,0.2,14,2.3,nan,24,,,,2.3,0.2,24
2022p077126,2022-01-29T12:53:04Z,-39.16,3.1,175.64,3.0,5.0,8.0,MLv,,,,1.2,0.4,11,,,,,,,1.3,0.3,10
2022p077140,2022-01-29T13:00:16Z,-38.83,8.2,175.08,10.9,227.0,11.0,MLv,,,,1.7,0.3,6,2.2,nan,7,,,,2.2,0.3,7
2022p077186,2022-01-29T13:24:59Z,-41.65,4.2,174.58,3.2,20.0,5.0,MLv,,,,1.9,0.2,10,,,,,,,1.7,0.3,5
2022p077225,2022-01-29T13:45:55Z,-39.69,2.7,176.94,3.7,27.0,5.0,MLv,,,,1.4,0.2,10,,,,,,,1.5,0.2,7
2022p077230,2022-01-29T13:48:11Z,-38.76,13.5,175.82,16.2,141.0,11.0,MLv,,,,1.5,0.6,5,1.8,nan,2,,,,1.8,0.6,2
2022p077278,2022-01-29T14:13:46Z,-37.95,5.0,176.28,4.2,191.0,6.0,MLv,,,,0.9,nan,1,,,,,,,2.9,0.3,30
2022p077288,2022-01-29T14:19:04Z,-35.72,14.8,178.22,14.1,182.0,25.0,M,,,,3.1,0.2,8,3.1,nan,5,,,,3.1,0.3,5
2022p077406,2022-01-29T15:22:12Z,-39.69,2.6,176.92,4.2,24.0,6.0,MLv,,,,1.3,0.2,9,1.4,nan,5,,,,1.4,0.3,5
2022p077452,2022-01-29T15:46:30Z,-37.58,16.0,176.99,9.7,109.0,12.0,M,,,,2.0,0.3,8,2.2,nan,6,,,,2.2,0.1,6
2022p077459,2022-01-29T15:50:14Z,-36.11,26.6,179.0,27.1,173.0,22.0,MLv,,,,2.6,0.2,9,2.5,nan,5,,,,2.5,0.3,5
2022p077470,2022-01-29T15:56:10Z,-40.24,4.3,174.49,4.9,48.0,12.0,MLv,,,,2.4,0.2,15,,,,,,,2.3,0.1,16
2022p077473,2022-01-29T15:58:00Z,-39.52,5.7,175.69,3.7,9.0,10.0,MLv,,,,1.3,0.3,12,1.5,nan,9,,,,1.5,0.2,9
2022p077660,2022-01-29T17:37:30Z,-38.09,3.4,176.71,3.2,5.0,7.0,MLv,,,,2.0,0.3,18,,,,,,,2.1,0.2,17
2022p077785,2022-01-29T18:44:03Z,-37.32,9.5,179.94,8.7,12.0,0.0,MLv,,,,2.9,0.3,13,2.9,nan,7,,,,2.9,0.1,7
2022p077787,2022-01-29T18:45:09Z,-37.39,14.4,179.96,8.6,33.0,0.0,MLv,,,,2.5,0.1,7,2.6,nan,2,,,,2.6,0.0,2
2022p077890,2022-01-29T19:40:11Z,-42.91,3.0,171.26,2.2,5.0,0.0,MLv,,,,1.9,0.1,6,2.0,nan,4,,,,2.0,0.1,4
2022p077902,2022-01-29T19:46:37Z,-37.9,3.1,178.37,4.0,6.0,5.0,M,,,,1.9,0.2,10,2.1,nan,6,,,,2.1,0.1,6
2022p077968,2022-01-29T20:21:39Z,-40.4,3.0,176.13,4.0,30.0,7.0,MLv,,,,1.6,0.2,11,1.6,nan,7,,,,1.6,0.3,7
2022p078109,2022-01-29T21:36:57Z,-41.51,4.6,174.46,3.9,36.0,7.0,MLv,,,,1.7,0.2,8,1.7,nan,2,,,,1.7,0.3,2
2022p078150,2022-01-29T21:58:24Z,-45.85,5.6,167.17,5.4,61.0,11.0,M,,,,2.2,0.3,6,2.0,nan,1,,,,2.0,nan,1
2022p078182,2022-01-29T22:15:38Z,-39.42,8.7,175.7,5.3,11.0,8.0,MLv,,,,0.7,0.4,6,0.4,nan,3,,,,0.4,0.2,3
2022p078183,2022-01-29T22:15:45Z,-37.45,8.5,179.95,8.2,12.0,0.0,MLv,,,,2.9,0.2,17,,,,,,,2.9,0.1,8
2022p078196,2022-01-29T22:23:19Z,-40.34,2.9,176.53,3.6,14.0,5.0,MLv,,,,1.7,0.2,9,1.7,nan,7,,,,1.7,0.1,7
2022p078214,2022-01-29T22:32:30Z,-40.43,3.8,174.87,3.9,5.0,0.0,MLv,,,,1.6,0.2,8,,,,,,,1.1,0.2,3
2022p078367,2022-01-29T23:54:00Z,-39.91,3.5,176.73,4.7,32.0,10.0,MLv,,,,1.1,0.2,9,1.2,nan,2,,,,1.2,0.3,2
2022p078369,2022-01-29T23:55:55Z,-40.77,4.4,175.34,2.8,22.0,7.0,MLv,,,,1.7,0.3,7,1.9,nan,8,,,,1.9,0.2,8
2022p078480,2022-01-30T00:54:11Z,-41.18,5.1,174.61,2.5,22.0,6.0,M,,,,1.5,0.2,12,1.6,nan,3,,,,1.6,0.3,3
2022p078523,2022-01-30T01:17:30Z,-40.44,6.2,174.71,4.3,55.0,10.0,M,,,,2.3,0.2,19,2.4,nan,10,,,,2.4,0.2,10
2022p078570,2022-01-30T01:42:30Z,-40.12,3.4,176.42,4.8,34.0,8.0,M,,,,2.0,0.2,13,2.0,nan,15,,,,2.0,0.1,15
2022p078623,2022-01-30T02:10:33Z,-39.24,3.4,177.31,3.7,21.0,6.0,M,,,,2.5,0.2,13,2.5,nan,11,,,,2.5,0.1,11
2022p078630,2022-01-30T02:14:35Z,-39.11,5.2,175.67,4.7,4.0,6.0,M,,,,0.9,0.3,7,0.9,nan,6,,,,0.9,0.3,6
2022p078631,2022-01-30T02:14:44Z,-39.24,2.4,177.3,2.4,20.0,4.0,MLv,,,,3.1,0.2,16,,,,,,,2.8,0.2,39
2022p078638,2022-01-30T02:18:50Z,-39.24,2.9,177.31,3.1,20.0,6.0,M,,,,2.2,0.2,13,2.2,nan,12,,,,2.2,0.2,12
2022p078649,2022-01-30T02:24:42Z,-45.11,3.9,169.14,3.7,5.0,0.0,M,,,,2.1,0.3,11,1.5,nan,3,,,,1.5,0.1,3
2022p078697,2022-01-30T02:50:15Z,-39.49,15.1,175.74,12.2,13.0,20.0,M,,,,0.9,0.3,8,1.1,nan,6,,,,1.1,0.3,6
2022p078727,2022-01-30T03:06:05Z,-38.88,10.9,175.42,11.6,135.0,15.0,M,,,,,,,2.3,nan,22,,,,2.3,0.4,22
2022p078760,2022-01-30T03:23:52Z,-38.79,7.1,175.98,6.3,98.0,9.0,M,,,,1.4,0.2,6,1.9,nan,18,,,,1.9,0.3,18
2022p078799,2022-01-30T03:44:25Z,-40.87,3.9,175.7,4.4,24.0,7.0,M,,,,1.4,0.2,9,1.5,nan,5,,,,1.5,0.2,5
2022p078807,2022-01-30T03:48:28Z,-37.51,9.5,178.88,8.7,12.0,0.0,M,,,,2.2,0.2,8,2.3,nan,4,,,,2.3,0.3,4
2022p078808,2022-01-30T03:48:56Z,-39.29,11.8,175.22,16.3,33.0,18.0,M,,,,0.9,0.2,6,1.0,nan,7,,,,1.0,0.2,7
2022p078878,2022-01-30T04:26:28Z,-39.24,3.1,177.32,3.4,20.0,5.0,M,,,,2.1,0.3,19,2.2,nan,15,,,,2.2,0.1,15
2022p078917,2022-01-30T04:47:00Z,-33.3,6.3,-178.93,13.2,100.0,0.0,MLv,5.1,0.1,10,4.4,0.2,12,4.7,nan,36,4.4,0.4,10,5.1,0.2,36
2022p078946,2022-01-30T05:02:34Z,-41.28,2.3,175.26,2.0,23.0,3.0,M,,,,2.8,0.2,14,2.7,nan,20,,,,2.7,0.2,20
2022p078995,2022-01-30T05:28:55Z,-38.24,6.9,175.89,7.2,186.0,13.0,M,,,,1.7,0.2,7,2.4,nan,18,,,,2.4,0.4,18
2022p079013,2022-01-30T05:38:12Z,-38.45,3.6,178.03,4.3,22.0,6.0,MLv,,,,1.5,0.3,9,1.5,nan,6,,,,1.5,0.3,6
2022p079048,2022-01-30T05:56:58Z,-34.98,15.3,-178.26,12.0,100.0,0.0,M,,,,,,,4.1,nan,7,,,,4.1,0.1,7
2022p079061,2022-01-30T06:04:12Z,-44.59,3.0,168.6,3.1,5.0,0.0,M,,,,2.0,0.2,9,2.2,nan,2,,,,2.2,0.1,2
2022p079187,2022-01-30T07:10:34Z,-37.48,17.1,180.0,10.4,12.0,0.0,M,,,,2.6,0.1,12,2.6,nan,4,,,,2.6,0.1,4
2022p079204,2022-01-30T07:20:47Z,-39.49,7.7,175.71,7.1,13.0,11.0,M,,,,0.9,0.3,11,0.8,nan,6,,,,0.8,0.3,6
2022p079356,2022-01-30T08:41:04Z,-39.26,3.7,176.95,3.5,26.0,6.0,M,,,,1.4,0.2,12,1.4,nan,7,,,,1.4,0.1,7
2022p079377,2022-01-30T08:52:54Z,-39.25,4.8,177.33,7.5,19.0,7.0,M,,,,1.6,0.2,10,1.6,nan,3,,,,1.6,0.1,3
2022p079422,2022-01-30T09:16:30Z,-37.98,2.7,178.3,3.7,8.0,4.0,M,,,,1.8,0.2,13,2.0,nan,7,,,,2.0,0.3,7
2022p079453,2022-01-30T09:32:53Z,-37.36,9.8,-179.92,7.9,33.0,0.0,MLv,,,,2.8,0.3,12,,,,,,,2.7,0.1,6
2022p079457,2022-01-30T09:34:43Z,-38.5,3.0,177.79,3.4,35.0,5.0,M,,,,1.7,0.2,13,1.4,nan,7,,,,1.4,0.2,7
2022p079464,2022-01-30T09:38:52Z,-35.54,21.0,179.18,18.6,174.0,34.0,MLv,,,,3.2,0.2,10,,,,,,,3.4,0.1,11
2022p079480,2022-01-30T09:47:01Z,-41.83,2.4,171.95,3.1,9.0,4.0,M,,,,2.0,0.2,6,1.8,nan,3,,,,1.8,0.6,3
2022p079507,2022-01-30T10:01:52Z,-46.26,7.3,166.84,6.5,96.0,9.0,MLv,,,,2.4,0.2,9,2.3,nan,3,,,,2.3,0.6,3
2022p079557,2022-01-30T10:28:01Z,-39.24,3.2,177.3,3.5,21.0,7.0,MLv,,,,1.8,0.2,13,1.8,nan,7,,,,1.8,0.2,7
2022p079588,2022-01-30T10:44:40Z,-45.78,2.5,167.27,3.3,5.0,0.0,MLv,,,,2.2,0.2,7,2.0,nan,4,,,,2.0,0.3,4
2022p079607,2022-01-30T10:54:45Z,-40.28,2.7,174.1,3.8,97.0,8.0,M,,,,2.5,0.3,8,2.6,nan,16,,,,2.6,0.2,16
2022p079613,2022-01-30T10:57:56Z,-39.82,2.8,175.41,4.5,5.0,0.0,MLv,,,,1.5,0.3,11,1.7,nan,8,,,,1.7,0.2,8
2022p079623,2022-01-30T11:03:38Z,-38.31,6.1,178.74,9.8,33.0,0.0,M,,,,1.8,0.2,13,1.7,nan,5,,,,1.7,0.1,5
2022p079664,2022-01-30T11:25:33Z,-39.74,2.2,175.32,2.8,12.0,0.0,M,,,,1.6,0.3,14,1.7,nan,9,,,,1.7,0.3,9
2022p079711,2022-01-30T11:50:22Z,-40.1,3.8,174.87,4.3,43.0,9.0,M,,,,1.8,0.2,12,1.5,nan,3,,,,1.5,0.1,3
2022p079751,2022-01-30T12:11:28Z,-38.46,5.5,178.72,8.8,33.0,0.0,M,,,,1.8,0.2,13,2.5,nan,8,,,,2.5,0.8,8
2022p079764,2022-01-30T12:18:18Z,-39.23,3.4,177.32,4.4,20.0,6.0,MLv,,,,1.6,0.1,12,,,,,,,1.6,0.1,6
2022p079791,2022-01-30T12:32:48Z,-37.13,7.7,177.66,11.9,72.0,16.0,M,,,,2.2,0.2,12,2.2,nan,8,,,,2.2,0.2,8
2022p079798,2022-01-30T12:36:27Z,-37.85,3.4,175.82,2.3,3.0,3.0,MLv,,,,1.6,0.2,9,1.5,nan,4,,,,1.5,0.2,4
2022p079815,2022-01-30T12:45:42Z,-40.34,1.9,176.31,2.0,23.0,3.0,M,,,,2.3,0.2,17,2.3,nan,20,,,,2.3,0.2,20
2022p079861,2022-01-30T13:10:07Z,-35.85,18.0,179.44,13.7,129.0,39.0,MLv,,,,3.0,0.2,10,3.1,nan,6,,,,3.1,0.2,6
2022p079896,2022-01-30T13:29:03Z,-41.45,6.5,172.45,5.0,84.0,9.0,M,,,,,,,1.9,nan,3,,,,1.9,0.2,3
2022p079900,2022-01-30T13:31:11Z,-39.69,3.1,176.67,3.0,30.0,6.0,M,,,,1.7,0.2,13,1.9,nan,10,,,,1.9,0.1,10
2022p079943,2022-01-30T13:54:01Z,-38.95,3.0,176.11,3.1,4.0,4.0,M,,,,1.0,0.1,6,1.0,nan,2,,,,1.0,0.4,2
2022p079968,2022-01-30T14:07:18Z,-40.61,2.9,175.92,3.5,28.0,7.0,MLv,,,,1.2,0.2,7,1.3,nan,5,,,,1.3,0.1,5
2022p080008,2022-01-30T14:27:57Z,-35.74,18.0,178.3,17.6,5.0,0.0,MLv,,,,2.8,0.2,11,3.0,nan,4,,,,3.0,0.2,4
2022p080022,2022-01-30T14:35:51Z,-39.85,2.1,176.88,3.8,23.0,4.0,M,,,,1.8,0.3,13,1.9,nan,9,,,,1.9,0.1,9
2022p080027,2022-01-30T14:38:17Z,-35.68,11.2,178.36,14.2,5.0,0.0,MLv,,,,3.0,0.2,14,3.1,nan,6,,,,3.1,0.1,6
2022p080042,2022-01-30T14:46:15Z,-35.58,24.6,178.34,21.9,140.0,56.0,M,,,,2.9,0.2,6,2.9,nan,3,,,,2.9,0.2,3
2022p080077,2022-01-30T15:05:23Z,-39.33,4.0,175.17,4.1,21.0,8.0,M,,,,1.4,0.4,12,1.2,nan,4,,,,1.2,0.1,4
2022p080157,2022-01-30T15:47:42Z,-37.23,9.8,177.5,10.0,76.0,13.0,MLv,,,,2.0,0.2,13,1.8,nan,3,,,,1.8,0.2,3
2022p080176,2022-01-30T15:58:21Z,-38.11,7.5,176.22,6.3,124.0,11.0,MLv,,,,,,,2.5,nan,8,,,,2.5,0.5,8
2022p080187,2022-01-30T16:03:47Z,-39.18,4.4,175.13,4.1,19.0,8.0,M,,,,1.6,0.2,12,1.5,nan,10,,,,1.5,0.1,10
2022p080214,2022-01-30T16:17:54Z,-38.1,5.5,176.21,5.6,147.0,9.0,M,,,,1.9,0.2,7,2.3,nan,12,,,,2.3,0.4,12
2022p080243,2022-01-30T16:33:37Z,-36.03,9.7,178.05,15.2,5.0,0.0,M,,,,2.7,0.1,9,2.7,nan,5,,,,2.7,0.1,5
2022p080298,2022-01-30T17:02:53Z,-35.82,8.8,178.07,8.7,5.0,0.0,MLv,,,,3.6,0.2,13,,,,,,,3.7,0.1,18
2022p080349,2022-01-30T17:30:15Z,-35.99,8.6,177.98,9.4,5.0,0.0,M,,,,3.5,0.3,16,3.9,nan,46,,,,3.9,0.2,46
2022p080358,2022-01-30T17:35:08Z,-37.6,8.1,176.13,8.6,185.0,12.0,M,,,,,,,1.7,nan,2,,,,1.7,0.2,2
2022p080367,2022-01-30T17:40:36Z,-39.85,3.9,176.89,6.0,25.0,8.0,M,,,,1.8,0.2,10,2.0,nan,12,,,,2.0,0.1,12
2022p080392,2022-01-30T17:53:15Z,-39.9,2.5,176.6,2.8,20.0,6.0,M,,,,1.8,0.2,12,1.9,nan,13,,,,1.9,0.2,13
2022p080448,2022-01-30T18:23:03Z,-40.99,2.6,174.89,2.5,23.0,4.0,M,,,,1.9,0.2,14,2.1,nan,10,,,,2.1,0.2,10
2022p080538,2022-01-30T19:10:53Z,-40.14,5.8,174.97,9.9,17.0,19.0,MLv,,,,1.7,0.2,6,1.4,nan,5,,,,1.4,0.2,5
2022p080609,2022-01-30T19:48:47Z,-39.29,3.9,175.4,3.6,23.0,7.0,M,,,,0.9,0.2,12,0.9,nan,7,,,,0.9,0.2,7
2022p080672,2022-01-30T20:22:15Z,-43.56,3.2,172.37,4.2,3.0,6.0,M,,,,1.7,0.3,7,1.7,nan,4,,,,1.7,0.3,4
2022p080695,2022-01-30T20:34:29Z,-37.05,52.4,178.08,14.9,5.0,20.0,MLv,,,,2.2,0.2,7,2.4,nan,4,,,,2.4,0.2,4
2022p080784,2022-01-30T21:21:54Z,-40.22,4.2,175.66,7.7,25.0,10.0,M,,,,1.6,0.2,13,1.6,nan,6,,,,1.6,0.3,6
2022p080797,2022-01-30T21:28:32Z,-35.75,9.7,178.61,33.5,5.0,0.0,MLv,,,,2.9,0.1,9,3.0,nan,5,,,,3.0,0.1,5
2022p080943,2022-01-30T22:46:44Z,-38.28,3.1,176.43,4.8,5.0,0.0,M,,,,1.4,0.3,8,1.5,nan,6,,,,1.5,0.3,6
2022p080945,2022-01-30T22:47:53Z,-38.28,2.7,176.44,3.7,4.0,4.0,M,,,,1.7,0.3,11,1.7,nan,10,,,,1.7,0.3,10
2022p080984,2022-01-30T23:08:31Z,-39.02,5.2,176.18,3.2,46.0,8.0,MLv,,,,1.5,0.2,13,1.7,nan,8,,,,1.7,0.2,8
2022p081022,2022-01-30T23:28:08Z,-32.61,7.5,-179.24,17.7,100.0,0.0,M,5.1,0.1,8,4.3,0.2,11,4.6,nan,24,4.5,0.4,8,4.7,0.2,24
2022p081076,2022-01-30T23:57:35Z,-39.49,6.0,175.69,5.2,10.0,9.0,M,,,,0.9,0.3,13,0.7,nan,3,,,,0.7,0.5,3
2022p081113,2022-01-31T00:17:26Z,-38.1,4.0,176.73,3.8,5.0,0.0,M,,,,1.5,0.2,11,1.7,nan,6,,,,1.7,0.5,6
2022p081169,2022-01-31T00:47:20Z,-39.76,3.2,176.73,3.4,35.0,7.0,M,,,,2.2,0.2,12,2.2,nan,14,,,,2.2,0.2,14
2022p081172,2022-01-31T00:49:09Z,-39.62,4.6,175.45,5.6,12.0,0.0,MLv,,,,1.3,0.3,16,1.5,nan,6,,,,1.5,0.2,6
2022p081334,2022-01-31T02:15:04Z,-37.65,11.4,176.34,12.5,95.0,21.0,M,,,,1.8,0.2,7,2.0,nan,3,,,,2.0,0.3,3
2022p081412,2022-01-31T02:56:42Z,-38.66,3.7,176.07,3.2,4.0,5.0,M,,,,1.9,0.4,11,1.9,nan,9,,,,1.9,0.4,9
2022p081417,2022-01-31T02:59:17Z,-38.24,17.8,176.17,20.4,131.0,13.0,MLv,,,,1.6,0.2,6,1.3,nan,5,,,,1.3,0.2,5
2022p081522,2022-01-31T03:55:15Z,-40.31,2.9,175.3,2.8,4.0,3.0,MLv,,,,2.0,0.2,16,2.1,nan,16,,,,2.1,0.2,16
2022p081543,2022-01-31T04:06:14Z,-39.53,5.4,175.04,4.7,20.0,8.0,M,,,,1.7,0.2,12,1.6,nan,7,,,,1.6,0.2,7
2022p081567,2022-01-31T04:18:16Z,-35.77,22.6,178.23,26.0,184.0,28.0,M,,,,3.2,0.2,4,3.3,nan,10,,,,3.3,0.2,10
2022p081635,2022-01-31T04:55:26Z,-37.85,4.2,178.3,4.1,15.0,7.0,M,,,,1.9,0.3,9,1.9,nan,6,,,,1.9,0.1,6
2022p081656,2022-01-31T05:07:00Z,-39.41,5.1,175.7,5.0,53.0,8.0,M,,,,2.4,0.5,19,2.6,nan,55,,,,2.6,0.3,55
2022p081659,2022-01-31T05:08:08Z,-38.66,4.7,178.53,6.9,22.0,7.0,M,,,,2.6,0.3,12,2.7,nan,10,,,,2.7,0.2,10
2022p081679,2022-01-31T05:18:55Z,-36.21,16.8,177.93,16.7,197.0,19.0,MLv,,,,3.0,0.3,13,,,,,,,3.1,0.2,11
2022p081721,2022-01-31T05:41:02Z,-38.3,4.1,178.12,4.8,27.0,8.0,M,,,,1.8,0.3,8,1.9,nan,7,,,,1.9,0.2,7
2022p081929,2022-01-31T07:32:00Z,-39.49,6.4,174.52,8.5,129.0,11.0,M,,,,2.1,0.2,12,2.1,nan,6,,,,2.1,0.3,6
2022p081955,2022-01-31T07:45:44Z,-37.73,7.4,177.26,6.9,27.0,7.0,M,,,,2.1,0.2,10,2.0,nan,7,,,,2.0,0.2,7
2022p082004,2022-01-31T08:12:07Z,-38.68,7.6,175.55,6.6,165.0,8.0,M,,,,1.5,0.2,7,2.0,nan,9,,,,2.0,0.3,9
2022p082018,2022-01-31T08:19:25Z,-40.42,6.5,174.38,5.7,61.0,13.0,M,,,,2.2,0.2,9,2.0,nan,6,,,,2.0,0.1,6
2022p082026,2022-01-31T08:23:39Z,-43.81,2.9,170.86,3.0,5.0,0.0,MLv,,,,2.2,0.2,13,2.3,nan,3,,,,2.3,0.1,3
2022p082039,2022-01-31T08:31:11Z,-39.49,6.9,175.68,5.0,13.0,10.0,MLv,,,,1.1,0.3,8,1.1,nan,6,,,,1.1,0.3,6
2022p082049,2022-01-31T08:36:17Z,-39.64,5.2,176.44,7.3,33.0,13.0,M,,,,0.7,0.1,7,0.6,nan,3,,,,0.6,0.4,3
2022p082070,2022-01-31T08:47:06Z,-39.24,3.1,177.3,3.0,21.0,5.0,M,,,,2.2,0.3,16,2.2,nan,12,,,,2.2,0.2,12
2022p082149,2022-01-31T09:29:01Z,-38.91,2.7,177.88,3.9,19.0,4.0,M,,,,1.5,0.2,14,1.2,nan,4,,,,1.2,0.4,4
2022p082258,2022-01-31T10:27:29Z,-39.93,2.2,176.77,2.8,32.0,3.0,M,,,,3.9,0.2,21,3.8,nan,96,,,,3.8,0.2,96
2022p082316,2022-01-31T10:58:10Z,-39.05,6.7,175.27,7.4,122.0,10.0,M,,,,1.2,0.4,8,1.8,nan,4,,,,1.8,0.3,4
2022p082392,2022-01-31T11:38:32Z,-39.41,3.1,177.06,5.4,22.0,5.0,MLv,,,,1.4,0.2,10,1.7,nan,4,,,,1.7,0.1,4
2022p082453,2022-01-31T12:11:28Z,-39.2,10.2,175.88,6.9,65.0,20.0,M,,,,0.6,0.3,8,0.7,nan,4,,,,0.7,0.4,4
2022p082460,2022-01-31T12:14:56Z,-39.52,3.4,175.66,3.7,8.0,8.0,M,,,,1.0,0.3,10,1.1,nan,6,,,,1.1,0.3,6
2022p082494,2022-01-31T12:33:09Z,-37.97,9.9,176.22,10.7,151.0,10.0,M,,,,1.9,0.3,7,2.5,nan,6,,,,2.5,0.5,6
2022p082579,2022-01-31T13:18:25Z,-38.56,6.7,175.64,6.0,150.0,7.0,M,,,,1.9,0.3,7,1.7,nan,4,,,,1.7,0.4,4
2022p082594,2022-01-31T13:26:14Z,-39.32,3.3,175.5,4.1,12.0,7.0,M,,,,0.6,0.2,8,0.8,nan,4,,,,0.8,0.3,4
2022p082631,2022-01-31T13:45:54Z,-38.28,7.3,176.42,9.5,70.0,14.0,M,,,,1.7,0.3,12,1.8,nan,5,,,,1.8,0.4,5
2022p082632,2022-01-31T13:46:31Z,-44.35,2.4,168.53,3.3,5.0,0.0,M,,,,2.3,0.2,11,2.6,nan,4,,,,2.6,0.3,4
2022p082671,2022-01-31T14:07:25Z,-37.65,8.5,179.8,7.2,33.0,0.0,M,,,,2.4,0.1,11,2.2,nan,4,,,,2.2,0.1,4
2022p082674,2022-01-31T14:08:55Z,-37.18,9.9,177.1,7.6,148.0,11.0,MLv,,,,2.1,0.1,12,2.3,nan,6,,,,2.3,0.2,6
2022p082691,2022-01-31T14:17:46Z,-38.99,5.5,175.44,5.9,140.0,7.0,MLv,,,,,,,,,,,,,2.9,0.5,57
2022p082699,2022-01-31T14:22:17Z,-38.61,3.6,177.54,3.3,40.0,6.0,M,,,,2.2,0.3,20,2.2,nan,19,,,,2.2,0.2,19
2022p082728,2022-01-31T14:37:30Z,-41.53,2.5,173.85,3.5,32.0,4.0,M,,,,2.0,0.2,13,2.1,nan,11,,,,2.1,0.1,11
2022p082734,2022-01-31T14:41:15Z,-37.77,8.8,176.11,8.0,217.0,8.0,M,,,,2.0,0.3,10,2.3,nan,13,,,,2.3,0.2,13
2022p082778,2022-01-31T15:04:35Z,-40.66,3.3,175.65,3.0,25.0,6.0,M,,,,1.1,0.3,8,1.0,nan,2,,,,1.0,0.2,2
2022p082786,2022-01-31T15:09:01Z,-40.91,4.1,174.64,3.4,39.0,6.0,M,,,,2.3,0.3,19,2.3,nan,25,,,,2.3,0.2,25
2022p082802,2022-01-31T15:17:16Z,-39.28,5.4,175.54,13.8,5.0,0.0,MLv,,,,0.8,0.1,6,,,,,,,1.0,0.3,5
2022p082861,2022-01-31T15:48:47Z,-39.27,6.1,175.14,4.8,23.0,8.0,M,,,,1.8,0.3,13,1.8,nan,16,,,,1.8,0.2,16
2022p082862,2022-01-31T15:49:09Z,-39.34,2.0,175.55,2.1,11.0,3.0,M,,,,1.3,0.3,19,1.4,nan,13,,,,1.4,0.2,13
2022p082864,2022-01-31T15:50:26Z,-38.08,8.2,176.33,6.7,94.0,12.0,MLv,,,,2.0,0.2,12,2.1,nan,6,,,,2.1,0.0,6
2022p082884,2022-01-31T16:00:49Z,-39.23,3.9,175.38,4.3,15.0,7.0,MLv,,,,1.5,0.5,11,1.6,nan,15,,,,1.6,0.1,15
2022p082975,2022-01-31T16:49:10Z,-38.06,2.9,176.75,2.6,4.0,3.0,M,,,,1.8,0.3,13,1.9,nan,11,,,,1.9,0.2,11
2022p083005,2022-01-31T17:05:12Z,-41.29,3.5,174.85,2.4,20.0,4.0,M,,,,1.8,0.2,13,1.7,nan,11,,,,1.7,0.1,11
2022p083184,2022-01-31T18:40:35Z,-39.1,3.5,177.43,3.4,18.0,8.0,M,,,,2.1,0.3,11,2.2,nan,7,,,,2.2,0.2,7
2022p083241,2022-01-31T19:11:06Z,-40.63,5.0,175.24,3.5,27.0,6.0,MLv,,,,1.6,0.2,13,1.8,nan,7,,,,1.8,0.2,7
2022p083267,2022-01-31T19:25:04Z,-39.46,4.1,177.01,5.0,23.0,7.0,M,,,,2.0,0.3,10,2.0,nan,14,,,,2.0,0.2,14
2022p083289,2022-01-31T19:36:59Z,-39.65,3.3,176.93,3.9,30.0,6.0,M,,,,2.1,0.3,9,2.1,nan,12,,,,2.1,0.2,12
2022p083358,2022-01-31T20:13:11Z,-39.49,9.1,175.73,6.8,10.0,11.0,M,,,,1.0,0.3,9,0.8,nan,5,,,,0.8,0.3,5
2022p083386,2022-01-31T20:28:27Z,-37.78,7.9,176.12,8.3,249.0,11.0,M,,,,,,,3.9,nan,69,,,,3.9,0.5,69
2022p083527,2022-01-31T21:43:21Z,-42.01,3.8,172.85,6.6,56.0,11.0,M,,,,2.0,0.3,8,2.3,nan,2,,,,2.3,0.1,2
2022p083582,2022-01-31T22:12:46Z,-36.99,31.9,176.14,28.6,222.0,38.0,M,,,,2.3,0.4,5,2.7,nan,3,,,,2.7,0.3,3
2022p083624,2022-01-31T22:35:16Z,-37.18,12.0,177.08,10.5,87.0,17.0,MLv,,,,2.4,0.2,15,2.5,nan,13,,,,2.5,0.1,13
2022p083717,2022-01-31T23:24:38Z,-41.59,4.8,174.42,3.8,5.0,0.0,MLv,,,,1.5,0.1,8,1.4,nan,3,,,,1.4,0.1,3
2022p083731,2022-01-31T23:32:07Z,-39.08,5.5,177.43,3.6,27.0,10.0,MLv,,,,2.4,0.3,8,2.3,nan,7,,,,2.3,0.2,7
2022p083755,2022-01-31T23:44:47Z,-44.89,4.7,167.55,6.1,32.0,6.0,M,,,,2.1,0.2,7,2.5,nan,2,,,,2.5,0.1,2
2022p083844,2022-02-01T00:32:23Z,-37.4,8.1,177.37,5.7,98.0,8.0,MLv,,,,2.8,0.2,23,,,,,,,3.1,0.3,42
2022p084023,2022-02-01T02:07:42Z,-42.83,5.3,172.47,3.9,27.0,4.0,M,,,,2.1,0.1,9,2.1,nan,4,,,,2.1,0.4,4
2022p084052,2022-02-01T02:23:19Z,-39.21,5.2,174.91,2.9,5.0,0.0,M,,,,1.7,0.2,7,1.7,nan,3,,,,1.7,0.2,3
2022p084054,2022-02-01T02:24:39Z,-39.85,6.7,175.05,8.0,28.0,9.0,M,,,,1.9,0.2,18,2.1,nan,7,,,,2.1,0.2,7
2022p084114,2022-02-01T02:55:54Z,-38.28,9.0,176.04,9.3,144.0,13.0,M,,,,1.5,0.3,5,2.2,nan,7,,,,2.2,0.3,7
2022p084167,2022-02-01T03:24:26Z,-38.97,8.7,175.23,12.3,94.0,17.0,M,,,,1.5,0.4,8,1.7,nan,3,,,,1.7,0.2,3
2022p084187,2022-02-01T03:35:23Z,-39.1,4.5,174.56,3.6,14.0,10.0,M,,,,2.0,0.3,6,2.0,nan,3,,,,2.0,0.4,3
2022p084313,2022-02-01T04:42:17Z,-39.43,3.2,177.15,4.3,25.0,7.0,MLv,,,,1.7,0.2,9,1.8,nan,3,,,,1.8,0.1,3
2022p084338,2022-02-01T04:54:37Z,-35.22,35.4,179.3,36.9,198.0,71.0,MLv,,,,3.2,0.2,6,3.2,nan,4,,,,3.2,0.2,4
2022p084407,2022-02-01T05:32:12Z,-38.1,3.0,177.69,3.3,30.0,5.0,M,,,,2.7,0.3,12,2.5,nan,19,,,,2.5,0.1,19
2022p084437,2022-02-01T05:48:30Z,-39.44,7.5,177.65,5.4,12.0,0.0,M,,,,2.2,0.2,6,2.0,nan,4,,,,2.0,0.1,4
2022p084438,2022-02-01T05:48:46Z,-39.4,4.2,175.83,3.8,12.0,7.0,M,,,,1.0,0.3,12,0.8,nan,5,,,,0.8,0.4,5
2022p084447,2022-02-01T05:53:46Z,-37.35,11.0,-179.97,9.3,33.0,0.0,M,,,,2.7,0.2,11,2.8,nan,5,,,,2.8,0.1,5
2022p084518,2022-02-01T06:31:33Z,-39.03,10.0,174.97,5.6,154.0,8.0,MLv,,,,,,,,,,,,,2.7,0.3,31
2022p084536,2022-02-01T06:40:58Z,-39.33,2.4,176.58,2.5,28.0,4.0,MLv,,,,2.2,0.2,24,2.2,nan,15,,,,2.2,0.2,15
2022p084543,2022-02-01T06:44:48Z,-40.62,3.1,175.88,3.2,20.0,5.0,M,,,,1.3,0.2,11,1.1,nan,3,,,,1.1,0.2,3
2022p084580,2022-02-01T07:04:34Z,-44.0,3.9,169.48,3.1,5.0,0.0,M,,,,2.1,0.3,8,2.1,nan,1,,,,2.1,nan,1
2022p084597,2022-02-01T07:13:32Z,-37.02,6.9,179.08,9.4,12.0,0.0,M,,,,2.5,0.2,12,2.6,nan,7,,,,2.6,0.1,7
2022p084605,2022-02-01T07:17:46Z,-37.86,8.9,179.14,10.2,12.0,0.0,M,,,,2.3,0.2,12,2.5,nan,5,,,,2.5,0.1,5
2022p084620,2022-02-01T07:26:01Z,-44.19,4.2,168.41,5.5,5.0,0.0,M,,,,2.4,0.3,11,2.1,nan,3,,,,2.1,0.4,3
2022p084657,2022-02-01T07:45:13Z,-37.71,9.3,176.45,11.6,184.0,15.0,MLv,,,,2.5,0.3,8,1.8,nan,3,,,,1.8,0.4,3
2022p084702,2022-02-01T08:09:26Z,-41.75,2.9,174.08,3.0,12.0,4.0,M,,,,1.8,0.2,8,1.7,nan,5,,,,1.7,0.4,5
2022p084703,2022-02-01T08:09:35Z,-44.19,4.0,168.38,4.6,5.0,0.0,MLv,,,,2.3,0.2,7,1.9,nan,2,,,,1.9,0.0,2
2022p084714,2022-02-01T08:15:49Z,-38.17,8.4,175.94,9.8,100.0,15.0,MLv,,,,1.8,0.3,8,1.7,nan,4,,,,1.7,0.2,4
2022p084727,2022-02-01T08:22:36Z,-42.4,4.9,172.97,4.4,36.0,7.0,M,,,,2.0,0.2,6,2.1,nan,3,,,,2.1,0.2,3
2022p084831,2022-02-01T09:17:59Z,-38.52,6.5,178.71,12.6,23.0,12.0,M,,,,2.5,0.2,11,2.6,nan,8,,,,2.6,0.1,8
2022p084833,2022-02-01T09:18:18Z,-39.64,2.5,176.26,3.4,28.0,5.0,M,,,,1.4,0.5,16,1.4,nan,4,,,,1.4,0.5,4
2022p084832,2022-02-01T09:18:25Z,-42.0,4.5,173.82,10.0,25.0,9.0,M,,,,1.7,0.3,6,1.7,nan,1,,,,1.7,nan,1
2022p084944,2022-02-01T10:18:46Z,-37.42,6.3,179.94,7.0,33.0,0.0,M,,,,3.7,0.2,20,3.9,nan,54,,,,3.9,0.2,54
2022p084963,2022-02-01T10:28:40Z,-38.07,4.4,178.21,4.1,25.0,8.0,M,,,,1.5,0.2,9,1.5,nan,4,,,,1.5,0.3,4
2022p084981,2022-02-01T10:38:17Z,-40.64,6.3,176.37,6.5,20.0,5.0,M,,,,1.4,0.2,10,1.4,nan,3,,,,1.4,0.2,3
2022p085036,2022-02-01T11:07:42Z,-42.9,3.9,173.12,4.6,11.0,5.0,M,,,,2.2,0.2,9,2.5,nan,4,,,,2.5,0.3,4
2022p085062,2022-02-01T11:21:02Z,-38.43,5.1,175.89,4.6,137.0,7.0,M,,,,1.8,0.5,6,2.7,nan,28,,,,2.7,0.3,28
2022p085101,2022-02-01T11:41:36Z,-35.88,12.1,177.52,20.6,5.0,0.0,M,,,,3.0,0.2,6,3.1,nan,7,,,,3.1,0.1,7
2022p085134,2022-02-01T11:59:47Z,-39.75,4.8,175.17,4.9,58.0,7.0,M,,,,1.9,0.2,16,1.9,nan,7,,,,1.9,0.1,7
2022p085177,2022-02-01T12:22:19Z,-35.58,21.9,178.99,19.7,240.0,27.0,M,,,,3.3,0.2,13,3.5,nan,10,,,,3.5,0.3,10
2022p085197,2022-02-01T12:33:20Z,-41.52,3.9,174.52,2.5,5.0,7.0,M,,,,1.5,0.2,7,1.4,nan,3,,,,1.4,0.2,3
2022p085248,2022-02-01T13:00:21Z,-34.69,36.1,179.54,42.0,234.0,48.0,M,,,,,,,3.4,nan,4,,,,3.4,0.1,4
2022p085272,2022-02-01T13:13:07Z,-36.81,37.0,177.44,25.5,178.0,29.0,M,,,,,,,2.0,nan,1,,,,2.0,nan,1
2022p085321,2022-02-01T13:39:30Z,-40.48,4.0,176.57,5.7,15.0,7.0,M,,,,2.1,0.1,11,2.1,nan,6,,,,2.1,0.2,6
2022p085401,2022-02-01T14:21:50Z,-41.33,5.1,174.56,2.5,27.0,5.0,M,,,,1.7,0.1,8,1.7,nan,7,,,,1.7,0.2,7
2022p085448,2022-02-01T14:47:11Z,-37.69,3.2,177.01,2.2,5.0,0.0,M,,,,2.9,0.3,19,2.9,nan,40,,,,2.9,0.2,40
2022p085543,2022-02-01T15:37:30Z,-41.52,4.9,174.52,4.0,37.0,6.0,M,,,,1.8,0.2,7,2.0,nan,6,,,,2.0,0.4,6
2022p085589,2022-02-01T16:02:11Z,-37.7,6.7,177.01,3.8,5.0,0.0,M,,,,1.7,0.1,7,1.7,nan,2,,,,1.7,0.2,2
2022p085591,2022-02-01T16:03:08Z,-40.14,3.1,176.4,3.7,36.0,6.0,M,,,,1.6,0.2,8,1.6,nan,7,,,,1.6,0.3,7
2022p085602,2022-02-01T16:09:04Z,-39.0,5.4,176.2,4.7,58.0,8.0,M,,,,1.6,0.3,13,1.8,nan,9,,,,1.8,0.4,9
2022p085946,2022-02-01T19:12:11Z,-39.62,7.7,178.55,10.0,32.0,21.0,M,,,,2.2,0.2,14,2.5,nan,5,,,,2.5,0.2,5
2022p085962,2022-02-01T19:20:36Z,-38.34,6.0,175.72,5.6,151.0,8.0,MLv,,,,2.3,0.5,5,,,,,,,3.0,0.3,37
2022p085982,2022-02-01T19:31:34Z,-38.79,3.1,177.07,2.7,10.0,7.0,MLv,,,,1.9,0.1,7,1.7,nan,7,,,,1.7,0.1,7
2022p085986,2022-02-01T19:33:58Z,-38.77,2.2,177.07,2.5,5.0,0.0,MLv,,,,2.1,0.2,9,,,,,,,2.2,0.2,8
2022p086118,2022-02-01T20:44:22Z,-37.71,5.8,177.02,3.2,5.0,0.0,MLv,,,,1.8,0.1,7,1.9,nan,4,,,,1.9,0.1,4
2022p086280,2022-02-01T22:10:27Z,-40.35,3.1,176.01,4.8,41.0,7.0,M,,,,1.9,0.2,13,2.0,nan,12,,,,2.0,0.2,12
2022p086385,2022-02-01T23:06:11Z,-40.27,4.5,176.67,5.5,17.0,6.0,M,,,,1.7,0.2,11,1.7,nan,6,,,,1.7,0.4,6
2022p086402,2022-02-01T23:15:27Z,-39.36,3.3,175.55,3.6,10.0,7.0,M,,,,1.1,0.2,10,1.4,nan,12,,,,1.4,0.2,12
2022p086516,2022-02-02T00:16:07Z,-39.87,3.0,176.1,5.0,24.0,7.0,MLv,,,,1.7,0.3,9,1.7,nan,8,,,,1.7,0.3,8
2022p086559,2022-02-02T00:37:45Z,-45.66,5.6,167.04,6.0,65.0,10.0,M,,,,2.6,0.1,7,2.1,nan,1,,,,2.1,nan,1
2022p086557,2022-02-02T00:37:49Z,-39.17,9.0,176.19,7.5,46.0,17.0,M,,,,1.4,0.3,13,1.4,nan,5,,,,1.4,0.2,5
2022p086558,2022-02-02T00:38:13Z,-40.64,2.8,175.85,2.8,22.0,5.0,M,,,,1.7,0.2,12,1.7,nan,6,,,,1.7,0.2,6
2022p086617,2022-02-02T01:10:06Z,-40.44,4.8,174.93,6.0,27.0,10.0,M,,,,2.2,0.1,6,2.4,nan,6,,,,2.4,0.2,6
2022p086740,2022-02-02T02:15:32Z,-39.49,10.4,175.72,10.3,11.0,18.0,MLv,,,,1.0,0.5,9,0.4,nan,3,,,,0.4,0.1,3
2022p086746,2022-02-02T02:18:59Z,-39.5,6.5,175.68,7.2,12.0,12.0,M,,,,1.2,0.3,10,1.3,nan,6,,,,1.3,0.3,6
2022p086798,2022-02-02T02:46:12Z,-39.84,3.3,176.6,3.2,18.0,8.0,M,,,,1.7,0.2,10,1.7,nan,8,,,,1.7,0.2,8
2022p086862,2022-02-02T03:20:23Z,-39.04,4.0,177.36,3.0,24.0,5.0,MLv,,,,1.6,0.2,9,1.6,nan,5,,,,1.6,0.3,5
2022p086889,2022-02-02T03:34:59Z,-38.55,13.1,176.04,10.8,116.0,15.0,MLv,,,,,,,1.5,nan,5,,,,1.5,0.2,5
2022p086945,2022-02-02T04:04:39Z,-36.87,27.0,176.84,31.3,193.0,36.0,M,,,,,,,2.6,nan,5,,,,2.6,0.2,5
2022p087149,2022-02-02T05:53:02Z,-39.89,2.6,176.56,3.1,25.0,7.0,MLv,,,,1.5,0.3,9,1.5,nan,7,,,,1.5,0.2,7
2022p087171,2022-02-02T06:04:40Z,-37.58,7.2,177.01,5.8,120.0,10.0,MLv,,,,2.3,0.2,13,2.3,nan,7,,,,2.3,0.2,7
2022p087227,2022-02-02T06:35:25Z,-39.06,7.5,177.54,3.5,33.0,9.0,M,,,,1.6,0.1,6,1.9,nan,4,,,,1.9,0.2,4
2022p087244,2022-02-02T06:44:02Z,-39.01,3.2,177.75,3.0,26.0,4.0,MLv,,,,2.8,0.3,14,,,,,,,2.7,0.3,24
2022p087296,2022-02-02T07:11:44Z,-39.02,4.7,177.76,3.8,25.0,5.0,M,,,,1.8,0.3,9,1.8,nan,3,,,,1.8,0.4,3
2022p087321,2022-02-02T07:25:04Z,-37.7,5.2,176.98,3.2,5.0,0.0,MLv,,,,1.9,0.2,9,2.1,nan,4,,,,2.1,0.2,4
2022p087331,2022-02-02T07:30:11Z,-38.61,3.6,176.17,3.4,5.0,3.0,M,,,,2.1,0.3,8,2.1,nan,8,,,,2.1,0.4,8
2022p087354,2022-02-02T07:42:14Z,-40.24,3.2,176.42,3.6,38.0,6.0,MLv,,,,1.6,0.2,10,1.5,nan,7,,,,1.5,0.2,7
2022p087389,2022-02-02T08:01:16Z,-39.3,3.0,175.64,4.0,10.0,8.0,M,,,,0.6,0.2,10,0.5,nan,1,,,,0.5,nan,1
2022p087406,2022-02-02T08:10:31Z,-39.52,3.2,175.66,4.9,5.0,0.0,MLv,,,,1.1,0.4,11,0.7,nan,6,,,,0.7,0.2,6
2022p087456,2022-02-02T08:36:31Z,-39.48,6.5,175.18,9.0,88.0,9.0,M,,,,1.5,0.3,10,1.1,nan,2,,,,1.1,0.4,2
2022p087491,2022-02-02T08:55:35Z,-38.3,7.6,176.22,8.0,161.0,10.0,MLv,,,,,,,2.1,nan,8,,,,2.1,0.2,8
2022p087507,2022-02-02T09:03:58Z,-37.53,9.6,179.98,9.8,12.0,0.0,M,,,,2.7,0.2,13,2.7,nan,5,,,,2.7,0.2,5
2022p087524,2022-02-02T09:12:50Z,-36.75,9.9,178.53,11.5,12.0,0.0,MLv,,,,2.3,0.1,8,2.5,nan,4,,,,2.5,0.6,4
2022p087539,2022-02-02T09:20:58Z,-41.46,3.4,172.14,3.6,5.0,0.0,M,,,,2.4,0.2,6,2.5,nan,2,,,,2.5,0.2,2
2022p087555,2022-02-02T09:29:40Z,-39.74,4.5,176.99,6.4,29.0,8.0,M,,,,1.3,0.2,7,1.0,nan,1,,,,1.0,nan,1
2022p087583,2022-02-02T09:44:38Z,-38.15,25.0,176.02,76.9,11.0,74.0,M,,,,0.8,nan,1,1.0,nan,1,,,,1.0,nan,1
2022p087609,2022-02-02T09:58:11Z,-39.26,8.3,175.08,3.7,12.0,0.0,M,,,,1.6,0.2,6,1.5,nan,5,,,,1.5,0.2,5
2022p087659,2022-02-02T10:25:11Z,-40.25,3.1,176.14,3.9,27.0,6.0,M,,,,2.2,0.2,13,2.3,nan,13,,,,2.3,0.2,13
2022p087861,2022-02-02T12:12:43Z,-37.22,8.6,176.99,7.4,121.0,14.0,M,,,,2.0,0.1,7,2.2,nan,1,,,,2.2,nan,1
2022p087898,2022-02-02T12:32:23Z,-38.92,3.4,177.3,4.0,32.0,7.0,M,,,,2.3,0.2,13,2.3,nan,17,,,,2.3,0.2,17
2022p087928,2022-02-02T12:48:09Z,-38.56,2.7,177.85,3.5,15.0,5.0,M,,,,2.0,0.2,13,1.8,nan,9,,,,1.8,0.2,9
2022p087974,2022-02-02T13:12:45Z,-39.07,7.8,176.2,5.0,53.0,14.0,M,,,,1.7,0.1,13,1.8,nan,6,,,,1.8,0.2,6
2022p088060,2022-02-02T13:58:46Z,-39.29,2.9,175.58,5.3,14.0,6.0,M,,,,0.8,0.3,12,0.5,nan,1,,,,0.5,nan,1
2022p088068,2022-02-02T14:03:06Z,-41.99,3.0,173.7,3.8,5.0,0.0,M,,,,1.9,0.2,7,1.8,nan,3,,,,1.8,0.2,3
2022p088078,2022-02-02T14:08:18Z,-36.79,37.0,177.34,20.1,156.0,34.0,M,,,,2.2,0.1,6,2.3,nan,1,,,,2.3,nan,1
2022p088145,2022-02-02T14:43:55Z,-39.53,3.7,175.68,7.3,5.0,0.0,M,,,,1.1,0.4,8,0.7,nan,1,,,,0.7,nan,1
2022p088184,2022-02-02T15:04:41Z,-35.99,11.0,177.67,20.9,12.0,0.0,M,,,,2.8,0.2,7,2.8,nan,4,,,,2.8,0.1,4
2022p088211,2022-02-02T15:18:50Z,-39.4,7.5,177.63,4.2,21.0,7.0,M,,,,2.0,0.3,7,2.2,nan,5,,,,2.2,0.1,5
2022p088328,2022-02-02T16:21:21Z,-42.1,2.6,173.69,2.6,5.0,0.0,M,,,,2.3,0.2,9,2.3,nan,5,,,,2.3,0.2,5
2022p088402,2022-02-02T17:00:22Z,-36.98,10.8,177.02,9.6,217.0,12.0,M,,,,2.3,0.3,4,2.4,nan,8,,,,2.4,0.1,8
2022p088401,2022-02-02T17:00:22Z,-37.0,15.1,176.96,11.7,209.0,14.0,M,,,,2.2,0.2,2,2.5,nan,4,,,,2.5,0.1,4
2022p088468,2022-02-02T17:36:19Z,-37.53,15.2,-179.97,9.2,12.0,0.0,MLv,,,,2.5,0.2,13,2.6,nan,5,,,,2.6,0.1,5
2022p088469,2022-02-02T17:36:47Z,-39.95,9.1,173.81,7.8,154.0,10.0,M,,,,,,,2.5,nan,5,,,,2.5,0.3,5
2022p088859,2022-02-02T21:04:34Z,-39.32,2.7,175.61,3.2,12.0,6.0,MLv,,,,0.9,0.2,15,0.8,nan,6,,,,0.8,0.1,6
2022p088900,2022-02-02T21:27:15Z,-39.19,5.3,175.42,8.2,18.0,5.0,M,,,,1.3,0.3,8,1.1,nan,6,,,,1.1,0.1,6
2022p088963,2022-02-02T21:59:35Z,-37.0,11.8,178.95,12.7,33.0,0.0,M,,,,2.7,0.2,8,2.9,nan,6,,,,2.9,0.1,6
2022p088999,2022-02-02T22:17:56Z,-33.85,6.4,-178.83,12.5,33.0,0.0,MLv,5.1,0.1,6,4.5,0.2,19,,,,4.5,0.4,6,4.7,0.1,23
2022p089084,2022-02-02T23:04:06Z,-39.9,2.6,175.0,4.9,29.0,6.0,MLv,,,,1.9,0.2,16,1.7,nan,4,,,,1.7,0.2,4
2022p089139,2022-02-02T23:33:23Z,-35.91,13.0,177.94,23.6,33.0,0.0,M,,,,2.9,0.1,9,3.2,nan,7,,,,3.2,0.1,7
2022p089144,2022-02-02T23:36:20Z,-43.59,2.5,172.34,2.3,5.0,3.0,MLv,,,,1.9,0.3,8,1.9,nan,4,,,,1.9,0.3,4
2022p089149,2022-02-02T23:39:01Z,-38.54,5.4,178.65,7.4,21.0,9.0,M,,,,2.2,0.2,10,2.4,nan,6,,,,2.4,0.2,6
2022p089181,2022-02-02T23:55:38Z,-38.79,4.7,178.12,7.3,31.0,7.0,M,,,,1.7,0.2,9,2.0,nan,3,,,,2.0,0.3,3
2022p089235,2022-02-03T00:24:52Z,-40.62,2.6,175.83,2.6,21.0,5.0,MLv,,,,1.5,0.3,11,1.3,nan,4,,,,1.3,0.2,4
2022p089350,2022-02-03T01:25:48Z,-38.65,3.9,177.76,3.6,5.0,0.0,M,,,,1.8,0.2,12,1.8,nan,7,,,,1.8,0.2,7
2022p089554,2022-02-03T03:14:52Z,-39.41,4.0,175.8,3.8,12.0,8.0,M,,,,0.8,0.5,7,0.3,nan,4,,,,0.3,0.2,4
2022p089594,2022-02-03T03:36:14Z,-37.58,10.1,179.83,9.2,12.0,0.0,M,,,,2.7,0.2,13,2.7,nan,6,,,,2.7,0.1,6
2022p089631,2022-02-03T03:55:38Z,-36.26,10.1,179.28,17.4,100.0,0.0,MLv,,,,3.0,0.2,12,,,,,,,3.0,0.2,6
2022p089652,2022-02-03T04:06:46Z,-38.41,4.9,178.63,7.2,23.0,8.0,MLv,,,,2.3,0.3,11,2.5,nan,6,,,,2.5,0.2,6
2022p089701,2022-02-03T04:32:54Z,-41.84,3.2,174.09,2.8,7.0,4.0,MLv,,,,1.8,0.3,7,1.3,nan,3,,,,1.3,0.4,3
2022p089923,2022-02-03T06:31:16Z,-40.89,2.6,175.69,2.9,20.0,5.0,M,,,,1.8,0.1,13,1.7,nan,7,,,,1.7,0.2,7
2022p089973,2022-02-03T06:57:50Z,-38.29,3.0,176.41,3.5,4.0,0.0,MLv,,,,1.2,0.3,6,1.3,nan,7,,,,1.3,0.3,7
2022p089977,2022-02-03T06:59:59Z,-38.28,3.4,176.41,4.4,5.0,8.0,M,,,,1.7,0.3,13,1.8,nan,12,,,,1.8,0.3,12
2022p090113,2022-02-03T08:12:20Z,-39.67,3.1,176.18,3.5,27.0,7.0,M,,,,1.6,0.4,8,2.0,nan,16,,,,2.0,0.2,16
2022p090153,2022-02-03T08:33:35Z,-41.49,6.1,174.89,3.6,27.0,8.0,MLv,,,,1.5,0.3,6,1.7,nan,5,,,,1.7,0.5,5
2022p090246,2022-02-03T09:23:20Z,-40.03,3.2,176.59,3.3,37.0,6.0,M,,,,1.7,0.2,11,1.7,nan,7,,,,1.7,0.3,7
2022p090300,2022-02-03T09:52:05Z,-37.62,6.0,178.19,5.2,26.0,7.0,MLv,,,,1.5,0.3,7,1.5,nan,6,,,,1.5,0.3,6
2022p090380,2022-02-03T10:34:52Z,-38.02,6.7,176.37,5.4,129.0,11.0,MLv,,,,,,,2.6,nan,24,,,,2.6,0.4,24
2022p090409,2022-02-03T10:50:25Z,-43.19,2.3,171.62,3.0,5.0,4.0,MLv,,,,2.4,0.3,9,2.1,nan,3,,,,2.1,0.4,3
2022p090411,2022-02-03T10:51:10Z,-38.01,4.5,177.68,4.9,56.0,8.0,MLv,,,,1.7,0.3,12,1.7,nan,6,,,,1.7,0.4,6
2022p090488,2022-02-03T11:32:02Z,-38.64,4.1,176.52,3.9,45.0,8.0,M,,,,1.8,0.3,21,1.7,nan,12,,,,1.7,0.4,12
2022p090553,2022-02-03T12:06:59Z,-40.44,2.9,174.85,3.3,18.0,5.0,MLv,,,,2.3,0.1,15,2.2,nan,20,,,,2.2,0.1,20
2022p090660,2022-02-03T13:04:15Z,-36.74,7.8,179.25,11.2,33.0,0.0,MLv,,,,2.9,0.1,13,3.0,nan,7,,,,3.0,0.1,7
2022p090680,2022-02-03T13:14:24Z,-40.25,4.2,176.61,4.6,16.0,8.0,M,,,,1.5,0.2,8,1.4,nan,3,,,,1.4,0.2,3
2022p090734,2022-02-03T13:43:22Z,-39.62,3.9,175.0,5.1,85.0,7.0,MLv,,,,2.7,0.2,25,,,,,,,2.8,0.2,40
2022p090760,2022-02-03T13:57:00Z,-43.6,2.0,172.64,2.2,4.0,2.0,MLv,,,,2.1,0.2,8,2.0,nan,3,,,,2.0,0.2,3
2022p090817,2022-02-03T14:28:10Z,-41.04,6.3,-179.38,10.7,33.0,0.0,M,,,,3.5,0.2,13,3.4,nan,7,,,,3.4,0.1,7
2022p090851,2022-02-03T14:45:37Z,-38.0,2.9,175.85,2.5,5.0,0.0,MLv,,,,2.0,0.3,13,2.1,nan,17,,,,2.1,0.3,17
2022p090867,2022-02-03T14:54:24Z,-39.9,2.7,176.43,3.1,17.0,6.0,MLv,,,,1.2,0.2,8,1.2,nan,4,,,,1.2,0.2,4
2022p090898,2022-02-03T15:10:34Z,-36.22,24.2,177.96,26.8,180.0,34.0,M,,,,2.7,0.3,9,2.6,nan,2,,,,2.6,0.1,2
2022p090919,2022-02-03T15:21:43Z,-38.64,10.2,175.76,10.9,103.0,12.0,MLv,,,,,,,1.7,nan,3,,,,1.7,0.4,3
2022p090972,2022-02-03T15:50:24Z,-39.97,2.4,175.14,4.5,21.0,4.0,MLv,,,,1.9,0.3,16,1.9,nan,6,,,,1.9,0.2,6
2022p091006,2022-02-03T16:08:21Z,-41.98,3.5,171.99,6.6,80.0,10.0,M,,,,,,,1.9,nan,2,,,,1.9,0.2,2
2022p091013,2022-02-03T16:11:55Z,-41.0,5.3,174.77,4.9,42.0,9.0,M,,,,1.8,0.2,8,1.7,nan,5,,,,1.7,0.3,5
2022p091109,2022-02-03T17:03:04Z,-39.44,2.7,176.85,3.5,20.0,6.0,MLv,,,,1.4,0.3,10,1.7,nan,6,,,,1.7,0.1,6
2022p091184,2022-02-03T17:43:07Z,-40.2,3.1,176.4,4.1,35.0,7.0,M,,,,1.4,0.4,11,1.1,nan,4,,,,1.1,0.4,4
2022p091190,2022-02-03T17:46:29Z,-37.75,8.2,176.32,9.3,88.0,17.0,MLv,,,,1.9,0.2,9,,,,,,,2.0,0.3,5
2022p091257,2022-02-03T18:22:06Z,-39.38,6.9,174.34,7.2,173.0,11.0,M,,,,,,,2.4,nan,13,,,,2.4,0.3,13
2022p091276,2022-02-03T18:32:07Z,-39.27,3.8,175.43,6.4,5.0,0.0,M,,,,0.7,0.2,6,0.9,nan,2,,,,0.9,0.6,2
2022p091282,2022-02-03T18:35:27Z,-38.83,3.2,177.95,3.8,25.0,4.0,MLv,,,,2.2,0.3,15,,,,,,,2.3,0.2,13
2022p091290,2022-02-03T18:39:24Z,-38.36,6.5,175.81,5.2,143.0,9.0,MLv,,,,1.8,0.3,8,,,,,,,2.2,0.2,13
2022p091293,2022-02-03T18:41:21Z,-40.5,3.1,176.6,4.7,14.0,8.0,M,,,,2.5,0.1,9,2.6,nan,11,,,,2.6,0.2,11
2022p091348,2022-02-03T19:10:56Z,-38.93,4.4,177.8,4.9,33.0,7.0,MLv,,,,1.4,0.2,7,,,,,,,1.5,0.3,4
2022p091403,2022-02-03T19:39:31Z,-38.39,8.1,175.84,10.9,147.0,13.0,M,,,,1.8,0.2,7,1.9,nan,4,,,,1.9,0.0,4
2022p091436,2022-02-03T19:57:25Z,-39.18,4.4,175.65,3.9,11.0,8.0,M,,,,0.6,0.1,7,0.7,nan,2,,,,0.7,0.0,2
2022p091442,2022-02-03T20:00:36Z,-38.32,8.8,176.42,9.4,48.0,10.0,M,,,,2.5,0.2,19,2.4,nan,18,,,,2.4,0.2,18
2022p091498,2022-02-03T20:30:33Z,-39.17,6.2,175.65,5.5,4.0,8.0,M,,,,0.7,0.1,6,0.5,nan,3,,,,0.5,0.2,3
2022p091539,2022-02-03T20:52:33Z,-40.48,3.9,176.55,5.1,17.0,5.0,M,,,,1.9,0.1,9,1.8,nan,6,,,,1.8,0.3,6
2022p091572,2022-02-03T21:09:54Z,-37.53,9.8,176.54,8.3,161.0,11.0,M,,,,2.2,0.3,6,2.3,nan,11,,,,2.3,0.2,11
2022p091616,2022-02-03T21:33:13Z,-40.4,3.2,175.98,3.1,43.0,6.0,M,,,,2.8,0.2,14,3.0,nan,44,,,,3.0,0.1,44
2022p091639,2022-02-03T21:45:42Z,-39.31,3.1,175.45,4.9,10.0,7.0,M,,,,0.8,0.3,8,0.9,nan,3,,,,0.9,0.3,3
2022p091686,2022-02-03T22:10:30Z,-40.16,3.1,176.42,3.7,36.0,6.0,M,,,,1.8,0.2,13,1.8,nan,10,,,,1.8,0.2,10
2022p091793,2022-02-03T23:07:22Z,-40.5,3.0,176.56,4.2,18.0,4.0,MLv,,,,2.2,0.1,13,,,,,,,2.2,0.2,9
2022p091803,2022-02-03T23:12:45Z,-40.5,2.8,176.58,3.7,18.0,5.0,M,,,,3.2,0.1,12,3.0,nan,37,,,,3.0,0.2,37
2022p091808,2022-02-03T23:15:30Z,-40.5,3.4,176.57,4.4,17.0,5.0,M,,,,2.1,0.1,10,2.1,nan,7,,,,2.1,0.2,7
2022p091849,2022-02-03T23:36:14Z,-32.99,27.9,179.75,42.7,338.0,44.0,MLv,4.2,0.1,5,3.8,0.1,7,3.8,nan,5,3.3,0.4,5,4.0,0.2,3
2022p091930,2022-02-04T00:20:19Z,-40.51,3.2,176.6,4.1,14.0,5.0,M,,,,2.6,0.1,12,2.6,nan,10,,,,2.6,0.2,10
2022p091980,2022-02-04T00:47:15Z,-40.12,3.3,174.89,3.7,12.0,0.0,M,,,,1.9,0.4,9,1.9,nan,2,,,,1.9,0.2,2
2022p092026,2022-02-04T01:11:28Z,-40.5,4.4,176.6,6.3,12.0,9.0,M,,,,1.9,0.2,9,2.0,nan,7,,,,2.0,0.3,7
2022p092330,2022-02-04T03:53:52Z,-39.5,4.9,175.71,5.1,11.0,9.0,MLv,,,,1.1,0.3,11,1.0,nan,3,,,,1.0,0.4,3
2022p092391,2022-02-04T04:26:12Z,-41.17,5.6,174.55,3.2,23.0,8.0,MLv,,,,1.5,0.2,6,1.0,nan,3,,,,1.0,0.2,3
2022p092497,2022-02-04T05:22:44Z,-40.59,2.7,175.85,2.4,23.0,4.0,M,,,,2.2,0.2,15,2.2,nan,17,,,,2.2,0.2,17
2022p092517,2022-02-04T05:33:18Z,-38.57,5.2,178.73,6.8,12.0,0.0,M,,,,2.2,0.2,10,2.2,nan,7,,,,2.2,0.1,7
2022p092610,2022-02-04T06:23:10Z,-39.3,6.9,175.5,6.3,15.0,14.0,M,,,,0.9,0.2,11,1.1,nan,6,,,,1.1,0.1,6
2022p092658,2022-02-04T06:48:24Z,-38.51,4.3,178.71,5.8,12.0,0.0,M,,,,2.6,0.2,13,2.7,nan,8,,,,2.7,0.2,8
2022p092673,2022-02-04T06:56:42Z,-39.03,5.8,173.95,5.6,6.0,5.0,M,,,,2.1,0.5,10,1.6,nan,2,,,,1.6,0.0,2
2022p092691,2022-02-04T07:06:06Z,-40.9,2.4,172.47,3.5,5.0,0.0,MLv,,,,2.9,0.2,10,,,,,,,2.9,0.1,12
2022p092747,2022-02-04T07:35:51Z,-39.24,2.7,177.3,3.6,24.0,5.0,M,,,,2.8,0.3,18,2.7,nan,30,,,,2.7,0.2,30
2022p092813,2022-02-04T08:11:01Z,-40.89,2.9,172.47,4.4,5.0,0.0,M,,,,2.7,0.1,7,2.8,nan,9,,,,2.8,0.1,9
2022p092820,2022-02-04T08:14:33Z,-39.2,3.2,174.76,2.2,17.0,4.0,M,,,,3.0,0.3,16,3.0,nan,48,,,,3.0,0.1,48
2022p092875,2022-02-04T08:44:05Z,-42.26,2.5,173.73,3.7,5.0,0.0,MLv,,,,2.9,0.2,6,,,,,,,2.8,0.2,17
2022p092897,2022-02-04T08:55:54Z,-39.01,5.4,177.75,3.7,26.0,6.0,MLv,,,,1.9,0.3,9,1.8,nan,5,,,,1.8,0.3,5
2022p092913,2022-02-04T09:04:24Z,-40.91,9.3,173.25,6.4,95.0,9.0,M,,,,2.1,0.3,6,2.1,nan,1,,,,2.1,nan,1
2022p092983,2022-02-04T09:41:23Z,-40.6,2.8,175.86,2.7,22.0,5.0,MLv,,,,1.5,0.3,11,1.4,nan,7,,,,1.4,0.4,7
2022p093014,2022-02-04T09:58:17Z,-38.96,3.9,177.68,3.4,19.0,7.0,M,,,,1.6,0.3,8,1.7,nan,4,,,,1.7,0.1,4
2022p093058,2022-02-04T10:22:11Z,-39.48,4.9,175.7,4.2,12.0,7.0,MLv,,,,1.6,0.2,18,1.6,nan,8,,,,1.6,0.3,8
2022p093169,2022-02-04T11:20:42Z,-39.16,5.3,175.63,6.0,5.0,0.0,MLv,,,,0.6,0.3,7,0.5,nan,5,,,,0.5,0.3,5
2022p093244,2022-02-04T12:00:49Z,-40.9,2.5,172.46,4.0,5.0,0.0,M,,,,3.4,0.2,16,3.5,nan,33,,,,3.5,0.2,33
2022p093426,2022-02-04T13:37:29Z,-41.72,4.0,174.29,3.8,9.0,10.0,MLv,,,,1.9,0.3,8,1.5,nan,5,,,,1.5,0.3,5
2022p093452,2022-02-04T13:51:45Z,-38.51,18.6,175.9,15.8,148.0,14.0,MLv,,,,1.6,0.2,4,2.2,nan,4,,,,2.2,0.5,4
2022p093553,2022-02-04T14:45:10Z,-40.52,2.9,176.6,4.5,14.0,3.0,MLv,,,,2.3,0.2,23,2.3,nan,9,,,,2.3,0.3,9
2022p093646,2022-02-04T15:35:05Z,-37.65,9.9,176.29,8.9,268.0,8.0,MLv,,,,,,,,,,,,,2.9,0.3,17
2022p093690,2022-02-04T15:58:13Z,-39.12,5.4,176.19,4.3,44.0,12.0,M,,,,1.4,0.3,8,1.0,nan,3,,,,1.0,0.1,3
2022p093694,2022-02-04T16:00:17Z,-41.72,5.5,174.31,4.2,11.0,8.0,M,,,,2.5,0.2,10,2.5,nan,6,,,,2.5,0.1,6
2022p093709,2022-02-04T16:08:15Z,-38.66,2.4,176.85,2.5,7.0,6.0,MLv,,,,1.9,0.2,9,2.0,nan,6,,,,2.0,0.1,6
2022p093715,2022-02-04T16:11:46Z,-40.12,2.6,174.95,4.7,17.0,8.0,M,,,,2.0,0.2,8,1.9,nan,6,,,,1.9,0.1,6
2022p093760,2022-02-04T16:35:46Z,-40.97,2.6,175.61,3.3,20.0,6.0,M,,,,1.4,0.2,9,1.2,nan,2,,,,1.2,0.2,2
2022p093811,2022-02-04T17:02:53Z,-41.88,4.4,173.3,5.0,40.0,10.0,MLv,,,,2.1,0.3,7,1.9,nan,4,,,,1.9,0.2,4
2022p093867,2022-02-04T17:32:29Z,-40.58,2.7,175.84,2.6,22.0,5.0,M,,,,1.7,0.3,13,1.6,nan,7,,,,1.6,0.3,7
2022p093910,2022-02-04T17:55:34Z,-38.62,6.3,176.1,11.1,42.0,13.0,M,,,,1.9,0.3,12,1.9,nan,4,,,,1.9,0.3,4
2022p094028,2022-02-04T18:58:19Z,-39.15,3.3,177.45,2.8,22.0,5.0,M,,,,2.0,0.2,12,2.1,nan,8,,,,2.1,0.1,8
2022p094082,2022-02-04T19:27:01Z,-39.16,5.5,177.49,7.0,19.0,6.0,M,,,,1.8,0.2,9,1.6,nan,5,,,,1.6,0.1,5
2022p094106,2022-02-04T19:39:49Z,-40.58,5.8,174.54,2.6,12.0,0.0,M,,,,2.1,0.1,12,2.1,nan,3,,,,2.1,0.2,3
2022p094155,2022-02-04T20:05:53Z,-40.44,2.6,175.85,2.7,23.0,4.0,M,,,,1.7,0.2,13,1.8,nan,5,,,,1.8,0.3,5
2022p094248,2022-02-04T20:54:58Z,-33.65,13.5,-178.61,36.0,33.0,0.0,MLv,4.8,0.1,6,4.3,0.1,10,4.2,nan,9,4.0,0.4,6,4.4,0.1,9
2022p094259,2022-02-04T21:01:06Z,-35.92,28.2,177.92,25.5,219.0,29.0,M,,,,2.6,0.2,7,2.8,nan,2,,,,2.8,0.2,2
2022p094386,2022-02-04T22:09:00Z,-39.21,5.9,175.35,8.0,5.0,0.0,M,,,,1.1,0.4,7,0.3,nan,1,,,,0.3,nan,1
2022p094394,2022-02-04T22:13:18Z,-41.71,6.8,174.32,5.6,11.0,11.0,M,,,,1.7,0.2,9,1.7,nan,1,,,,1.7,nan,1
2022p094429,2022-02-04T22:31:57Z,-39.15,3.8,177.45,2.8,23.0,5.0,M,,,,2.7,0.3,16,2.7,nan,24,,,,2.7,0.2,24
2022p094444,2022-02-04T22:39:50Z,-38.93,11.7,174.94,16.6,232.0,13.0,M,,,,,,,1.9,nan,6,,,,1.9,0.2,6
2022p094456,2022-02-04T22:46:17Z,-41.35,3.6,175.75,4.1,13.0,6.0,M,,,,2.2,0.2,12,2.2,nan,8,,,,2.2,0.2,8
2022p094475,2022-02-04T22:56:36Z,-38.63,2.5,177.68,2.8,22.0,5.0,M,,,,2.0,0.2,13,1.9,nan,9,,,,1.9,0.1,9
2022p094524,2022-02-04T23:22:23Z,-37.39,13.3,177.23,8.9,119.0,11.0,M,,,,2.1,0.2,6,2.2,nan,3,,,,2.2,0.5,3
2022p094604,2022-02-05T00:05:15Z,-41.25,7.1,172.59,6.6,127.0,8.0,M,,,,,,,2.3,nan,3,,,,2.3,0.5,3
2022p094629,2022-02-05T00:18:30Z,-39.81,3.9,177.13,6.9,17.0,5.0,M,,,,1.8,0.2,8,1.7,nan,4,,,,1.7,0.2,4
2022p094632,2022-02-05T00:20:13Z,-42.01,4.3,172.69,6.2,40.0,9.0,M,,,,2.4,0.3,11,2.2,nan,3,,,,2.2,0.1,3
2022p094684,2022-02-05T00:48:03Z,-39.16,3.5,177.46,3.3,20.0,5.0,M,,,,2.1,0.1,15,2.1,nan,7,,,,2.1,0.1,7
2022p094738,2022-02-05T01:16:49Z,-39.19,4.2,177.41,4.8,17.0,7.0,M,,,,1.7,0.1,8,1.7,nan,6,,,,1.7,0.2,6
2022p094808,2022-02-05T01:54:08Z,-41.71,2.5,174.34,2.2,6.0,4.0,MLv,,,,2.5,0.2,12,2.4,nan,10,,,,2.4,0.2,10
2022p094833,2022-02-05T02:07:21Z,-40.92,3.2,175.23,3.4,19.0,6.0,M,,,,1.6,0.3,7,1.4,nan,3,,,,1.4,0.2,3
2022p094837,2022-02-05T02:09:20Z,-40.48,6.7,173.31,5.4,160.0,7.0,MLv,,,,,,,2.4,nan,6,,,,2.4,0.2,6
2022p094887,2022-02-05T02:36:10Z,-41.11,1.7,175.42,1.9,5.0,2.0,MLv,,,,2.2,0.2,13,,,,,,,2.2,0.2,13
2022p094926,2022-02-05T02:56:56Z,-39.48,3.9,175.71,3.6,7.0,7.0,M,,,,1.5,0.3,12,1.5,nan,7,,,,1.5,0.2,7
2022p094986,2022-02-05T03:29:02Z,-39.24,2.7,175.56,5.3,10.0,7.0,ML,,,,0.6,0.2,6,,,,,,,,,
2022p095127,2022-02-05T04:44:08Z,-39.35,2.4,175.55,2.8,8.0,5.0,MLv,,,,1.3,0.3,16,1.0,nan,7,,,,1.0,0.2,7
2022p095185,2022-02-05T05:14:45Z,-40.14,2.6,175.12,3.1,12.0,0.0,M,,,,2.3,0.2,13,2.3,nan,7,,,,2.3,0.1,7
2022p095205,2022-02-05T05:25:19Z,-38.54,2.4,177.87,3.1,18.0,4.0,M,,,,3.0,0.2,15,2.9,nan,29,,,,2.9,0.2,29
2022p095355,2022-02-05T06:45:17Z,-45.08,5.5,167.49,6.2,58.0,9.0,M,,,,2.5,0.2,8,2.6,nan,2,,,,2.6,0.6,2
2022p095380,2022-02-05T06:58:44Z,-47.18,12.9,165.49,10.4,12.0,0.0,M,,,,3.6,0.3,9,3.2,nan,1,,,,3.2,nan,1
2022p095416,2022-02-05T07:17:52Z,-39.42,4.9,175.86,3.8,50.0,8.0,M,,,,2.4,0.4,9,2.5,nan,13,,,,2.5,0.2,13
2022p095459,2022-02-05T07:41:01Z,-40.65,4.7,175.35,3.1,21.0,6.0,M,,,,1.8,0.3,9,2.0,nan,6,,,,2.0,0.3,6
2022p095487,2022-02-05T07:55:43Z,-40.24,3.5,174.68,5.5,30.0,7.0,M,,,,2.1,0.1,11,2.1,nan,3,,,,2.1,0.1,3
2022p095542,2022-02-05T08:25:15Z,-41.52,3.7,174.51,2.3,18.0,5.0,MLv,,,,1.9,0.2,13,1.9,nan,6,,,,1.9,0.2,6
2022p095547,2022-02-05T08:27:54Z,-39.63,4.0,176.9,3.7,26.0,6.0,MLv,,,,1.4,0.2,8,1.4,nan,4,,,,1.4,0.4,4
2022p095604,2022-02-05T08:57:50Z,-38.47,3.2,178.3,5.1,26.0,6.0,M,,,,2.8,0.3,12,2.8,nan,13,,,,2.8,0.3,13
2022p095675,2022-02-05T09:36:00Z,-40.86,3.1,174.76,2.2,5.0,0.0,M,,,,1.8,0.2,10,1.7,nan,4,,,,1.7,0.2,4
2022p095745,2022-02-05T10:12:59Z,-37.98,11.9,176.27,13.2,137.0,12.0,M,,,,,,,1.6,nan,1,,,,1.6,nan,1
2022p095817,2022-02-05T10:51:18Z,-39.19,2.9,175.27,3.7,5.0,0.0,MLv,,,,1.7,0.4,10,1.4,nan,3,,,,1.4,0.6,3
2022p095880,2022-02-05T11:24:56Z,-41.21,7.2,172.58,7.3,113.0,7.0,M,,,,,,,2.2,nan,4,,,,2.2,0.6,4
2022p095907,2022-02-05T11:39:40Z,-39.16,4.1,177.47,3.3,21.0,5.0,M,,,,1.9,0.2,17,2.0,nan,6,,,,2.0,0.1,6
2022p095933,2022-02-05T11:53:16Z,-40.34,3.2,176.23,4.5,41.0,8.0,M,,,,1.5,0.3,10,1.4,nan,3,,,,1.4,0.8,3
2022p095934,2022-02-05T11:53:24Z,-40.72,8.8,173.28,4.3,131.0,9.0,M,,,,,,,2.6,nan,7,,,,2.6,0.1,7
2022p096048,2022-02-05T12:54:47Z,-38.42,8.4,178.55,10.4,29.0,10.0,M,,,,1.8,0.1,10,1.8,nan,3,,,,1.8,0.1,3
2022p096165,2022-02-05T13:57:12Z,-39.41,9.3,174.94,10.2,129.0,18.0,MLv,,,,2.3,0.2,8,1.7,nan,3,,,,1.7,0.4,3
2022p096236,2022-02-05T14:34:40Z,-39.28,7.1,175.71,7.3,55.0,12.0,MLv,,,,1.2,0.5,13,1.4,nan,3,,,,1.4,0.8,3
2022p096260,2022-02-05T14:46:36Z,-47.22,10.9,165.5,10.2,12.0,0.0,M,,,,4.2,0.1,8,4.4,nan,7,,,,4.4,0.3,7
2022p096327,2022-02-05T15:23:11Z,-38.7,6.6,176.2,7.2,43.0,12.0,M,,,,2.0,0.1,12,2.0,nan,5,,,,2.0,0.1,5
2022p096332,2022-02-05T15:25:49Z,-40.7,4.4,173.83,4.1,77.0,10.0,MLv,,,,2.5,0.4,8,2.2,nan,3,,,,2.2,0.6,3
2022p096347,2022-02-05T15:33:58Z,-45.21,5.6,167.47,5.0,101.0,8.0,MLv,,,,,,,2.4,nan,2,,,,2.4,0.6,2
2022p096352,2022-02-05T15:36:49Z,-41.73,4.5,174.36,3.0,5.0,0.0,MLv,,,,1.9,0.2,12,1.6,nan,3,,,,1.6,0.3,3
2022p096366,2022-02-05T15:44:06Z,-42.65,3.7,172.79,3.2,7.0,6.0,MLv,,,,2.4,0.2,7,2.0,nan,3,,,,2.0,0.4,3
2022p096399,2022-02-05T16:01:43Z,-37.02,24.3,176.74,17.3,257.0,19.0,MLv,,,,,,,1.7,nan,2,,,,1.7,0.4,2
2022p096403,2022-02-05T16:03:26Z,-36.94,22.2,176.93,14.8,224.0,16.0,M,,,,,,,2.6,nan,5,,,,2.6,0.7,5
2022p096431,2022-02-05T16:18:40Z,-40.08,3.9,176.6,5.2,40.0,7.0,MLv,,,,1.3,0.3,7,0.4,nan,3,,,,0.4,0.2,3
2022p096569,2022-02-05T17:31:48Z,-47.16,8.0,165.25,4.5,33.0,0.0,M,,,,5.1,0.2,7,5.4,nan,18,,,,5.4,0.2,18
2022p096573,2022-02-05T17:34:43Z,-38.14,4.2,177.01,3.4,54.0,6.0,MLv,,,,3.1,0.4,18,,,,,,,3.3,0.2,46
2022p096599,2022-02-05T17:47:48Z,-33.36,5.6,-178.83,12.9,100.0,0.0,MLv,5.8,0.2,10,5.4,0.2,11,,,,5.4,0.4,10,5.5,0.2,14
2022p096817,2022-02-05T19:44:29Z,-38.51,9.4,176.25,7.0,58.0,13.0,MLv,,,,2.2,0.5,13,2.4,nan,11,,,,2.4,0.2,11
2022p096881,2022-02-05T20:18:35Z,-37.59,5.9,177.09,2.9,5.0,0.0,M,,,,2.3,0.3,9,2.4,nan,5,,,,2.4,0.2,5
2022p096882,2022-02-05T20:19:05Z,-41.63,4.3,174.59,3.0,12.0,0.0,MLv,,,,3.0,0.2,11,,,,,,,2.9,0.2,24
2022p096896,2022-02-05T20:26:36Z,-41.64,4.1,174.59,3.0,12.0,0.0,M,,,,2.6,0.2,14,2.5,nan,13,,,,2.5,0.2,13
2022p096906,2022-02-05T20:31:50Z,-41.64,4.1,174.59,2.7,12.0,0.0,MLv,,,,2.0,0.2,9,2.1,nan,4,,,,2.1,0.2,4
2022p096945,2022-02-05T20:52:38Z,-38.99,3.4,177.74,3.4,14.0,5.0,MLv,,,,1.7,0.2,12,1.5,nan,6,,,,1.5,0.2,6
2022p096954,2022-02-05T20:57:15Z,-39.15,4.4,177.47,3.8,20.0,6.0,M,,,,2.2,0.2,13,2.2,nan,6,,,,2.2,0.1,6
2022p096987,2022-02-05T21:14:59Z,-39.15,4.2,177.45,3.2,21.0,6.0,MLv,,,,1.9,0.2,14,,,,,,,2.0,0.1,7
2022p096990,2022-02-05T21:16:13Z,-47.22,12.4,165.33,9.4,33.0,0.0,M,,,,4.4,0.2,9,4.6,nan,9,,,,4.6,0.2,9
2022p096994,2022-02-05T21:18:33Z,-39.15,3.9,177.45,3.7,21.0,9.0,MLv,,,,3.2,0.3,13,,,,,,,3.0,0.2,36
2022p097070,2022-02-05T21:59:25Z,-39.11,3.4,176.87,3.8,30.0,5.0,M,,,,1.6,0.1,12,1.6,nan,7,,,,1.6,0.2,7
2022p097088,2022-02-05T22:08:36Z,-44.6,4.9,168.19,5.1,60.0,9.0,MLv,,,,2.5,0.3,6,2.6,nan,4,,,,2.6,0.4,4
2022p097103,2022-02-05T22:16:34Z,-39.32,10.9,175.57,16.6,5.0,0.0,M,,,,1.7,0.2,6,1.5,nan,5,,,,1.5,0.4,5
2022p097134,2022-02-05T22:34:03Z,-39.14,3.7,177.48,3.4,20.0,5.0,M,,,,1.8,0.1,12,2.0,nan,5,,,,2.0,0.1,5
2022p097149,2022-02-05T22:41:23Z,-37.13,8.6,177.68,10.0,70.0,15.0,M,,,,2.0,0.2,8,1.9,nan,3,,,,1.9,0.2,3
2022p097230,2022-02-05T23:24:10Z,-41.64,4.2,174.59,2.5,12.0,0.0,MLv,,,,2.0,0.2,10,2.2,nan,4,,,,2.2,0.1,4
2022p097244,2022-02-05T23:32:02Z,-41.62,4.5,174.58,2.6,12.0,0.0,MLv,,,,2.2,0.2,8,2.3,nan,6,,,,2.3,0.1,6
2022p097246,2022-02-05T23:32:55Z,-41.63,4.3,174.59,3.5,12.0,0.0,MLv,,,,2.3,0.1,8,2.5,nan,9,,,,2.5,0.2,9
2022p097294,2022-02-05T23:58:32Z,-41.62,3.0,174.25,4.3,5.0,0.0,MLv,,,,2.1,0.3,7,1.5,nan,3,,,,1.5,0.2,3
2022p097338,2022-02-06T00:21:54Z,-43.82,3.1,170.88,2.7,5.0,0.0,M,,,,2.5,0.2,10,2.3,nan,4,,,,2.3,0.1,4
2022p097339,2022-02-06T00:22:33Z,-38.56,2.6,176.19,2.4,4.0,3.0,M,,,,2.0,0.2,13,2.0,nan,12,,,,2.0,0.2,12
2022p097369,2022-02-06T00:38:00Z,-36.18,21.2,177.38,22.0,234.0,23.0,MLv,,,,,,,2.7,nan,2,,,,2.7,0.1,2
2022p097576,2022-02-06T02:28:46Z,-37.55,4.3,177.08,2.7,12.0,0.0,M,,,,2.8,0.2,13,2.7,nan,19,,,,2.7,0.2,19
2022p097593,2022-02-06T02:38:18Z,-39.86,4.8,173.93,4.9,122.0,11.0,M,,,,,,,2.7,nan,4,,,,2.7,0.2,4
2022p097653,2022-02-06T03:09:48Z,-37.57,5.1,177.08,2.9,5.0,0.0,M,,,,2.3,0.2,9,2.3,nan,5,,,,2.3,0.2,5
2022p097654,2022-02-06T03:10:18Z,-37.58,8.3,177.1,3.0,5.0,0.0,M,,,,2.2,0.2,7,2.5,nan,4,,,,2.5,0.1,4
2022p097683,2022-02-06T03:25:45Z,-39.15,3.5,177.47,3.1,22.0,6.0,M,,,,2.3,0.3,13,2.3,nan,13,,,,2.3,0.2,13
2022p097700,2022-02-06T03:34:55Z,-37.16,10.8,177.27,10.9,86.0,15.0,MLv,,,,2.1,0.1,7,1.9,nan,4,,,,1.9,0.1,4
2022p097759,2022-02-06T04:06:07Z,-40.14,2.8,175.31,3.4,21.0,4.0,M,,,,1.8,0.3,9,1.9,nan,3,,,,1.9,0.2,3
2022p097772,2022-02-06T04:13:20Z,-39.94,3.4,176.58,4.0,33.0,7.0,M,,,,1.7,0.3,10,1.7,nan,4,,,,1.7,0.4,4
2022p097823,2022-02-06T04:40:13Z,-35.84,13.2,178.35,13.5,187.0,20.0,M,,,,3.0,0.2,9,3.1,nan,5,,,,3.1,0.2,5
2022p097852,2022-02-06T04:55:40Z,-41.22,2.9,172.27,3.6,5.0,0.0,M,,,,2.4,0.1,6,2.3,nan,2,,,,2.3,0.3,2
2022p097893,2022-02-06T05:17:51Z,-40.55,2.1,175.9,2.5,20.0,3.0,MLv,,,,1.5,0.2,10,1.3,nan,5,,,,1.3,0.2,5
2022p097895,2022-02-06T05:18:54Z,-39.15,4.8,177.47,3.4,19.0,7.0,M,,,,1.8,0.2,9,1.8,nan,3,,,,1.8,0.2,3
2022p097919,2022-02-06T05:31:44Z,-47.15,14.3,165.46,9.0,12.0,0.0,M,,,,3.6,0.2,9,3.5,nan,2,,,,3.5,0.1,2
2022p098025,2022-02-06T06:28:03Z,-41.31,5.2,176.05,6.0,23.0,6.0,M,,,,2.8,0.1,12,2.8,nan,18,,,,2.8,0.1,18
2022p098030,2022-02-06T06:30:41Z,-38.21,2.6,177.74,3.2,30.0,4.0,MLv,,,,2.6,0.2,17,2.5,nan,13,,,,2.5,0.2,13
2022p098046,2022-02-06T06:39:14Z,-40.75,3.4,174.42,2.7,28.0,5.0,M,,,,2.5,0.2,19,2.3,nan,12,,,,2.3,0.2,12
2022p098185,2022-02-06T07:53:23Z,-40.77,4.8,175.3,3.1,24.0,6.0,M,,,,1.7,0.3,7,1.8,nan,6,,,,1.8,0.3,6
2022p098218,2022-02-06T08:10:39Z,-39.98,2.7,176.54,4.0,25.0,6.0,MLv,,,,1.6,0.3,11,,,,,,,1.3,0.2,6
2022p098225,2022-02-06T08:14:34Z,-37.93,10.2,176.32,10.3,126.0,13.0,M,,,,,,,2.2,nan,2,,,,2.2,0.3,2
2022p098332,2022-02-06T09:11:45Z,-36.3,12.8,177.8,11.0,175.0,16.0,M,,,,3.2,0.5,20,4.2,nan,56,,,,4.2,0.3,56
2022p098376,2022-02-06T09:34:59Z,-37.68,9.4,179.67,6.8,12.0,0.0,M,,,,2.8,0.2,12,2.9,nan,5,,,,2.9,0.1,5
2022p098422,2022-02-06T09:59:19Z,-37.18,8.9,176.94,11.6,125.0,12.0,M,,,,2.3,0.1,9,2.3,nan,1,,,,2.3,nan,1
2022p098458,2022-02-06T10:18:33Z,-37.47,22.9,179.98,11.8,12.0,0.0,MLv,,,,2.6,0.2,11,1.9,nan,3,,,,1.9,0.4,3
2022p098470,2022-02-06T10:25:09Z,-41.28,4.3,173.52,2.8,75.0,6.0,M,,,,2.8,0.1,14,2.9,nan,16,,,,2.9,0.2,16
2022p098475,2022-02-06T10:27:59Z,-39.03,5.1,177.48,2.7,20.0,5.0,MLv,,,,1.9,0.2,11,,,,,,,1.9,0.3,4
2022p098613,2022-02-06T11:41:09Z,-44.07,4.0,168.75,3.9,5.0,0.0,M,,,,2.6,0.2,10,2.5,nan,2,,,,2.5,0.5,2
2022p098631,2022-02-06T11:51:04Z,-41.49,4.7,172.71,4.9,82.0,7.0,MLv,,,,,,,2.7,nan,7,,,,2.7,0.3,7
2022p098643,2022-02-06T11:57:19Z,-38.92,2.7,175.81,5.2,5.0,7.0,M,,,,1.6,0.2,14,1.8,nan,6,,,,1.8,0.3,6
2022p098751,2022-02-06T12:54:56Z,-38.92,2.2,175.81,5.6,5.0,3.0,MLv,,,,1.5,0.2,9,1.4,nan,5,,,,1.4,0.8,5
2022p098760,2022-02-06T12:59:34Z,-39.63,5.1,174.19,7.4,180.0,8.0,M,,,,2.2,0.4,7,2.7,nan,11,,,,2.7,0.2,11
2022p098819,2022-02-06T13:30:53Z,-41.35,3.2,173.72,2.1,43.0,5.0,M,,,,4.1,0.2,12,4.2,nan,78,,,,4.2,0.2,78
2022p098839,2022-02-06T13:41:56Z,-39.54,6.5,174.5,7.4,125.0,11.0,MLv,,,,2.6,0.2,9,1.7,nan,7,,,,1.7,0.5,7
2022p098907,2022-02-06T14:18:08Z,-37.56,7.2,176.94,6.5,98.0,12.0,MLv,,,,2.2,0.2,7,1.6,nan,7,,,,1.6,0.2,7
2022p098914,2022-02-06T14:21:48Z,-39.06,5.3,177.73,4.4,22.0,5.0,ML,,,,1.8,0.1,4,,,,,,,2.3,0.3,2
2022p098922,2022-02-06T14:25:48Z,-37.45,14.2,-179.96,8.6,12.0,0.0,MLv,,,,2.7,0.1,10,2.4,nan,4,,,,2.4,0.3,4
2022p099078,2022-02-06T15:48:39Z,-36.93,22.5,178.87,25.8,102.0,26.0,MLv,,,,2.5,0.1,6,2.1,nan,2,,,,2.1,0.4,2
2022p099315,2022-02-06T17:55:12Z,-41.17,6.3,172.65,6.1,153.0,7.0,M,,,,,,,2.8,nan,8,,,,2.8,0.5,8
2022p099543,2022-02-06T19:56:38Z,-40.05,4.2,176.65,3.7,36.0,6.0,M,,,,2.5,0.1,13,2.6,nan,15,,,,2.6,0.2,15
2022p099549,2022-02-06T20:00:04Z,-41.17,3.0,175.16,2.9,19.0,5.0,MLv,,,,1.3,0.4,6,1.2,nan,3,,,,1.2,0.2,3
2022p099550,2022-02-06T20:00:25Z,-38.49,3.1,178.08,3.8,17.0,5.0,M,,,,2.1,0.2,12,1.9,nan,6,,,,1.9,0.3,6
2022p099580,2022-02-06T20:16:13Z,-38.48,2.9,178.05,3.2,19.0,4.0,M,,,,2.6,0.2,17,2.6,nan,12,,,,2.6,0.1,12
2022p099612,2022-02-06T20:33:41Z,-40.89,2.1,175.7,2.9,22.0,5.0,M,,,,1.7,0.2,12,1.7,nan,5,,,,1.7,0.3,5
2022p099622,2022-02-06T20:38:36Z,-39.29,4.1,175.4,3.1,19.0,6.0,MLv,,,,1.1,0.3,6,1.1,nan,3,,,,1.1,0.4,3
2022p099643,2022-02-06T20:50:11Z,-38.89,6.1,175.98,5.1,54.0,12.0,MLv,,,,1.9,0.4,16,2.1,nan,5,,,,2.1,0.4,5
2022p099763,2022-02-06T21:53:46Z,-40.88,4.8,172.45,6.6,5.0,0.0,M,,,,2.4,0.2,6,2.2,nan,2,,,,2.2,0.2,2
2022p099785,2022-02-06T22:05:40Z,-38.77,3.8,177.52,3.2,27.0,6.0,M,,,,2.1,0.2,12,2.0,nan,6,,,,2.0,0.2,6
2022p099823,2022-02-06T22:25:53Z,-38.92,3.2,175.83,10.5,6.0,9.0,MLv,,,,1.6,0.2,9,1.6,nan,7,,,,1.6,0.3,7
2022p099873,2022-02-06T22:52:37Z,-39.19,13.0,177.47,7.7,19.0,10.0,M,,,,1.9,0.1,7,2.0,nan,2,,,,2.0,0.2,2
2022p099900,2022-02-06T23:07:05Z,-39.35,3.5,175.56,3.5,11.0,7.0,M,,,,1.2,0.2,13,1.3,nan,6,,,,1.3,0.2,6
2022p099940,2022-02-06T23:28:16Z,-37.64,5.1,176.38,6.6,187.0,8.0,M,,,,,,,2.2,nan,6,,,,2.2,0.2,6
2022p099969,2022-02-06T23:43:34Z,-40.31,2.8,174.67,3.1,12.0,0.0,MLv,,,,2.3,0.3,9,2.3,nan,2,,,,2.3,0.1,2
2022p099983,2022-02-06T23:51:27Z,-39.92,2.8,176.72,3.3,28.0,4.0,MLv,,,,2.1,0.3,17,2.0,nan,7,,,,2.0,0.2,7
2022p099995,2022-02-06T23:57:49Z,-39.39,2.7,177.03,4.2,18.0,3.0,M,,,,1.9,0.3,15,1.9,nan,5,,,,1.9,0.1,5
2022p100048,2022-02-07T00:25:35Z,-38.2,7.4,176.12,10.2,98.0,17.0,M,,,,2.1,0.4,7,1.5,nan,2,,,,1.5,0.1,2
2022p100250,2022-02-07T02:13:22Z,-37.95,8.1,178.88,8.9,33.0,0.0,M,,,,2.4,0.2,11,2.5,nan,6,,,,2.5,0.2,6
2022p100260,2022-02-07T02:19:25Z,-40.89,3.7,175.14,3.9,22.0,8.0,MLv,,,,1.1,0.4,6,0.9,nan,3,,,,0.9,0.3,3
2022p100281,2022-02-07T02:29:57Z,-37.96,6.5,178.66,8.3,30.0,6.0,M,,,,2.1,0.1,11,1.8,nan,1,,,,1.8,nan,1
2022p100410,2022-02-07T03:38:56Z,-39.64,3.2,176.23,3.9,32.0,7.0,M,,,,1.5,0.5,12,1.2,nan,3,,,,1.2,0.5,3
2022p100481,2022-02-07T04:16:29Z,-39.71,2.8,176.93,4.4,37.0,5.0,M,,,,2.3,0.3,12,2.4,nan,15,,,,2.4,0.3,15
2022p100506,2022-02-07T04:29:53Z,-47.21,12.9,165.39,9.1,12.0,0.0,MLv,,,,4.1,0.2,10,,,,,,,4.2,0.2,9
2022p100585,2022-02-07T05:11:48Z,-38.85,8.4,175.99,6.3,86.0,11.0,M,,,,1.7,0.3,14,1.7,nan,5,,,,1.7,0.3,5
2022p100658,2022-02-07T05:50:57Z,-38.09,21.4,176.52,27.2,173.0,15.0,M,,,,,,,1.6,nan,1,,,,1.6,nan,1
2022p100663,2022-02-07T05:53:27Z,-40.29,2.9,176.37,4.0,23.0,6.0,MLv,,,,1.5,0.2,10,1.7,nan,3,,,,1.7,0.3,3
2022p100677,2022-02-07T06:00:55Z,-39.87,2.7,176.64,3.0,37.0,6.0,M,,,,2.5,0.2,10,2.5,nan,14,,,,2.5,0.2,14
2022p100972,2022-02-07T08:38:26Z,-38.99,12.0,175.82,21.8,137.0,18.0,M,,,,,,,1.8,nan,1,,,,1.8,nan,1
2022p101035,2022-02-07T09:11:45Z,-41.69,6.1,174.84,4.0,16.0,8.0,M,,,,2.0,0.3,9,2.0,nan,6,,,,2.0,0.3,6
2022p101074,2022-02-07T09:32:27Z,-47.18,10.9,165.46,9.6,12.0,0.0,M,,,,4.3,0.2,9,4.6,nan,13,,,,4.6,0.3,13
2022p101083,2022-02-07T09:37:16Z,-47.17,12.6,165.5,10.1,12.0,0.0,MLv,,,,3.6,0.2,10,3.8,nan,5,,,,3.8,0.5,5
2022p101089,2022-02-07T09:40:38Z,-43.35,2.2,172.73,3.0,5.0,0.0,MLv,,,,2.0,0.2,9,,,,,,,1.9,0.3,6
2022p101107,2022-02-07T09:50:42Z,-38.95,55.9,176.02,68.7,129.0,78.0,M,,,,,,,2.0,nan,4,,,,2.0,0.7,4
2022p101142,2022-02-07T10:08:52Z,-39.84,5.1,175.28,6.7,50.0,13.0,M,,,,1.7,0.2,10,1.6,nan,1,,,,1.6,nan,1
2022p101148,2022-02-07T10:11:45Z,-38.36,4.8,176.2,7.1,75.0,12.0,MLv,,,,1.9,0.2,14,,,,,,,1.7,0.2,3
2022p101162,2022-02-07T10:19:27Z,-45.12,6.1,167.35,9.2,71.0,8.0,M,,,,2.7,0.2,7,2.8,nan,1,,,,2.8,nan,1
2022p101168,2022-02-07T10:22:41Z,-39.16,3.0,176.45,3.6,8.0,7.0,M,,,,1.6,0.4,13,1.5,nan,4,,,,1.5,0.5,4
2022p101190,2022-02-07T10:34:21Z,-35.68,26.9,178.5,27.3,201.0,33.0,M,,,,3.1,0.1,13,3.1,nan,3,,,,3.1,0.4,3
2022p101205,2022-02-07T10:42:54Z,-40.78,4.3,174.43,3.6,29.0,6.0,M,,,,1.8,0.2,9,1.9,nan,4,,,,1.9,0.2,4
2022p101215,2022-02-07T10:47:52Z,-41.37,4.8,173.41,3.6,83.0,6.0,MLv,,,,2.0,0.2,7,1.7,nan,6,,,,1.7,0.1,6
2022p101244,2022-02-07T11:03:01Z,-39.03,3.8,177.9,5.8,27.0,6.0,M,,,,1.8,0.2,9,1.9,nan,3,,,,1.9,0.1,3
2022p101300,2022-02-07T11:33:10Z,-43.02,2.2,171.5,2.5,5.0,0.0,MLv,,,,2.3,0.3,11,1.6,nan,1,,,,1.6,nan,1
2022p101359,2022-02-07T12:04:17Z,-43.0,2.8,171.85,2.6,5.0,0.0,MLv,,,,2.0,0.4,10,,,,,,,1.1,nan,1
2022p101408,2022-02-07T12:30:18Z,-38.92,3.3,177.29,3.1,31.0,6.0,M,,,,1.6,0.2,12,1.4,nan,5,,,,1.4,0.3,5
2022p101469,2022-02-07T13:03:04Z,-37.61,21.6,176.13,21.5,206.0,22.0,MLv,,,,,,,,,,,,,1.8,0.2,2
2022p101563,2022-02-07T13:53:13Z,-39.15,2.6,175.09,1.8,16.0,3.0,MLv,,,,2.4,0.2,24,2.4,nan,21,,,,2.4,0.2,21
2022p101712,2022-02-07T15:12:28Z,-38.18,4.5,176.15,4.0,99.0,10.0,MLv,,,,2.1,0.2,19,,,,,,,2.1,0.2,6
2022p101810,2022-02-07T16:04:34Z,-39.31,5.0,175.26,5.5,23.0,11.0,M,,,,1.4,0.4,12,1.1,nan,3,,,,1.1,0.3,3
2022p101822,2022-02-07T16:11:08Z,-36.45,8.4,177.3,5.5,5.0,0.0,M,,,,2.7,0.2,18,2.8,nan,10,,,,2.8,0.3,10
2022p101897,2022-02-07T16:50:39Z,-38.22,10.4,176.0,8.3,145.0,11.0,M,,,,1.9,0.3,8,1.9,nan,2,,,,1.9,0.1,2
2022p101919,2022-02-07T17:02:41Z,-42.2,2.9,173.55,3.3,5.0,0.0,M,,,,1.7,0.4,6,1.7,nan,1,,,,1.7,nan,1
2022p101965,2022-02-07T17:26:59Z,-40.61,2.7,175.87,3.4,21.0,5.0,M,,,,1.2,0.3,9,1.1,nan,1,,,,1.1,nan,1
2022p102023,2022-02-07T17:58:01Z,-41.73,4.8,174.34,4.0,7.0,9.0,M,,,,1.9,0.3,12,1.7,nan,4,,,,1.7,0.2,4
2022p102025,2022-02-07T17:59:16Z,-41.1,6.2,173.24,4.9,89.0,7.0,MLv,,,,2.5,0.2,7,2.6,nan,12,,,,2.6,0.2,12
2022p102039,2022-02-07T18:06:54Z,-44.63,4.8,168.34,5.5,62.0,11.0,M,,,,2.4,0.3,9,1.7,nan,2,,,,1.7,0.8,2
2022p102084,2022-02-07T18:30:38Z,-38.48,7.6,175.91,7.5,135.0,11.0,M,,,,2.0,0.2,8,2.3,nan,3,,,,2.3,0.2,3
2022p102266,2022-02-07T20:07:46Z,-41.01,3.0,174.91,3.1,51.0,4.0,M,,,,3.5,0.2,29,3.7,nan,67,,,,3.7,0.2,67
2022p102343,2022-02-07T20:48:26Z,-37.19,12.7,179.05,11.1,33.0,0.0,M,,,,2.5,0.2,9,2.6,nan,4,,,,2.6,0.2,4
2022p102355,2022-02-07T20:54:43Z,-38.73,27.7,175.57,17.3,119.0,22.0,M,,,,1.5,0.3,6,1.4,nan,2,,,,1.4,0.2,2
2022p102408,2022-02-07T21:22:38Z,-35.76,15.4,178.08,13.2,188.0,22.0,MLv,,,,3.1,0.3,8,3.2,nan,6,,,,3.2,0.3,6
2022p102465,2022-02-07T21:53:27Z,-40.41,2.9,174.62,3.1,29.0,6.0,M,,,,2.4,0.2,18,2.4,nan,13,,,,2.4,0.2,13
2022p102526,2022-02-07T22:26:12Z,-40.06,4.9,176.58,4.7,36.0,12.0,M,,,,1.4,0.2,6,1.5,nan,6,,,,1.5,0.2,6
2022p102543,2022-02-07T22:35:21Z,-40.06,7.4,176.59,4.3,38.0,14.0,M,,,,1.2,0.2,6,1.4,nan,4,,,,1.4,0.3,4
2022p102632,2022-02-07T23:22:41Z,-39.22,8.6,174.81,7.7,204.0,9.0,MLv,,,,,,,2.2,nan,2,,,,2.2,0.4,2
2022p102665,2022-02-07T23:40:34Z,-39.85,4.1,176.67,4.6,36.0,9.0,MLv,,,,1.3,0.2,9,1.0,nan,4,,,,1.0,0.3,4
2022p102828,2022-02-08T01:07:14Z,-38.36,3.1,178.0,3.8,23.0,5.0,M,,,,2.2,0.2,15,2.2,nan,12,,,,2.2,0.2,12
2022p102833,2022-02-08T01:09:56Z,-38.29,4.1,176.95,2.5,7.0,7.0,M,,,,1.8,0.2,13,1.9,nan,8,,,,1.9,0.2,8
2022p102885,2022-02-08T01:37:19Z,-40.42,3.7,176.56,5.3,20.0,5.0,M,,,,1.7,0.2,11,1.5,nan,6,,,,1.5,0.2,6
2022p103050,2022-02-08T03:05:14Z,-37.46,15.6,-179.95,8.6,33.0,0.0,M,,,,2.7,0.2,9,2.4,nan,3,,,,2.4,0.1,3
2022p103080,2022-02-08T03:21:09Z,-39.25,3.6,177.12,4.2,30.0,8.0,M,,,,1.5,0.2,9,1.5,nan,3,,,,1.5,0.2,3
2022p103099,2022-02-08T03:31:16Z,-43.44,2.6,172.85,4.2,5.0,0.0,M,,,,2.2,0.2,7,2.5,nan,6,,,,2.5,0.1,6
2022p103108,2022-02-08T03:36:00Z,-38.46,3.7,178.1,3.8,15.0,7.0,M,,,,2.1,0.2,10,2.0,nan,7,,,,2.0,0.2,7
2022p103162,2022-02-08T04:04:52Z,-37.7,6.2,176.87,5.8,121.0,11.0,M,,,,2.3,0.4,5,2.6,nan,20,,,,2.6,0.2,20
2022p103201,2022-02-08T04:25:41Z,-38.62,3.1,177.78,4.5,21.0,5.0,M,,,,1.7,0.2,12,1.6,nan,6,,,,1.6,0.2,6
2022p103261,2022-02-08T04:57:59Z,-38.65,3.1,176.84,3.1,5.0,0.0,M,,,,1.7,0.2,11,1.8,nan,7,,,,1.8,0.2,7
2022p103303,2022-02-08T05:20:00Z,-39.16,8.2,173.67,10.4,10.0,8.0,M,,,,2.1,0.2,9,1.9,nan,2,,,,1.9,0.4,2
2022p103345,2022-02-08T05:42:30Z,-38.23,9.5,176.35,14.4,39.0,17.0,M,,,,2.0,0.2,9,1.9,nan,3,,,,1.9,0.1,3
2022p103346,2022-02-08T05:43:11Z,-39.2,4.8,174.76,3.6,21.0,8.0,MLv,,,,2.0,0.2,8,2.0,nan,4,,,,2.0,0.2,4
2022p103409,2022-02-08T06:16:48Z,-38.64,2.8,176.85,2.8,5.0,0.0,MLv,,,,1.7,0.2,12,,,,,,,1.7,0.1,7
2022p103420,2022-02-08T06:22:40Z,-38.49,2.6,178.08,3.1,16.0,4.0,M,,,,2.7,0.2,17,2.7,nan,23,,,,2.7,0.2,23
2022p103425,2022-02-08T06:24:59Z,-38.47,3.8,178.05,4.0,18.0,8.0,M,,,,1.9,0.2,8,1.8,nan,6,,,,1.8,0.2,6
2022p103430,2022-02-08T06:27:58Z,-38.5,4.8,178.08,4.3,17.0,6.0,M,,,,1.8,0.2,9,1.7,nan,6,,,,1.7,0.2,6
2022p103490,2022-02-08T06:59:46Z,-38.66,2.2,176.85,2.3,5.0,0.0,M,,,,2.7,0.3,12,2.5,nan,31,,,,2.5,0.2,31
2022p103527,2022-02-08T07:19:40Z,-42.14,1.9,173.58,2.2,5.0,0.0,M,,,,3.0,0.2,9,3.0,nan,19,,,,3.0,0.2,19
2022p103529,2022-02-08T07:20:34Z,-39.25,3.9,174.65,2.4,22.0,4.0,M,,,,2.2,0.2,13,2.1,nan,6,,,,2.1,0.1,6
2022p103571,2022-02-08T07:43:12Z,-40.97,3.5,174.64,2.3,23.0,5.0,M,,,,1.7,0.2,13,1.8,nan,3,,,,1.8,0.3,3
2022p103613,2022-02-08T08:04:48Z,-37.43,11.4,176.5,12.0,212.0,12.0,MLv,,,,2.0,0.2,4,2.4,nan,6,,,,2.4,0.2,6
2022p103632,2022-02-08T08:15:27Z,-40.97,4.0,174.63,2.7,24.0,5.0,M,,,,1.7,0.2,11,1.7,nan,4,,,,1.7,0.4,4
2022p103656,2022-02-08T08:28:17Z,-39.16,7.8,175.65,6.6,18.0,122.0,M,,,,0.6,0.2,6,0.4,nan,3,,,,0.4,0.3,3
2022p103683,2022-02-08T08:42:48Z,-39.18,2.9,176.59,3.1,35.0,5.0,MLv,,,,3.6,0.2,15,,,,,,,3.4,0.2,77
2022p103714,2022-02-08T08:58:52Z,-37.98,3.2,177.98,3.1,25.0,6.0,MLv,,,,1.4,0.3,9,,,,,,,1.1,0.3,5
2022p103906,2022-02-08T10:41:27Z,-40.18,7.4,174.32,7.1,41.0,20.0,M,,,,2.0,0.2,8,2.1,nan,6,,,,2.1,0.1,6
2022p103981,2022-02-08T11:21:35Z,-39.72,3.1,176.94,5.0,20.0,5.0,M,,,,1.4,0.2,10,1.5,nan,4,,,,1.5,0.2,4
2022p103987,2022-02-08T11:25:11Z,-39.74,2.3,176.93,4.1,20.0,4.0,MLv,,,,1.5,0.2,11,,,,,,,1.6,0.2,6
2022p103992,2022-02-08T11:26:59Z,-41.27,2.7,174.45,1.7,5.0,0.0,M,,,,2.8,0.2,18,2.8,nan,31,,,,2.8,0.2,31
2022p103999,2022-02-08T11:31:01Z,-38.77,40.8,176.76,24.8,5.0,21.0,M,,,,1.6,0.5,9,0.8,nan,3,,,,0.8,0.7,3
2022p104003,2022-02-08T11:32:48Z,-41.18,3.5,174.77,2.6,18.0,5.0,M,,,,1.6,0.3,13,1.4,nan,4,,,,1.4,0.2,4
2022p104048,2022-02-08T11:56:48Z,-38.87,3.0,177.55,2.8,22.0,6.0,M,,,,1.8,0.3,13,1.8,nan,6,,,,1.8,0.3,6
2022p104108,2022-02-08T12:29:16Z,-39.82,5.0,174.63,4.7,114.0,8.0,M,,,,2.4,0.2,15,2.6,nan,22,,,,2.6,0.2,22
2022p104192,2022-02-08T13:13:36Z,-40.24,2.9,174.98,3.5,24.0,5.0,M,,,,1.9,0.2,15,2.0,nan,10,,,,2.0,0.2,10
2022p104237,2022-02-08T13:37:36Z,-40.15,5.4,173.62,6.9,177.0,8.0,M,,,,3.0,0.2,8,3.3,nan,51,,,,3.3,0.2,51
2022p104296,2022-02-08T14:09:12Z,-41.67,2.3,174.22,2.2,12.0,0.0,M,,,,2.4,0.2,13,2.6,nan,18,,,,2.6,0.2,18
2022p104304,2022-02-08T14:13:29Z,-38.04,2.9,176.74,2.7,4.0,3.0,M,,,,1.5,0.3,7,1.7,nan,6,,,,1.7,0.3,6
2022p104352,2022-02-08T14:38:49Z,-38.61,9.9,175.99,15.4,118.0,10.0,M,,,,,,,2.1,nan,2,,,,2.1,0.4,2
2022p104373,2022-02-08T14:50:11Z,-39.36,2.8,176.88,3.9,33.0,6.0,M,,,,1.8,0.3,12,1.9,nan,11,,,,1.9,0.2,11
2022p104379,2022-02-08T14:53:14Z,-40.6,2.6,175.88,2.5,20.0,4.0,MLv,,,,1.3,0.3,12,1.1,nan,6,,,,1.1,0.1,6
2022p104421,2022-02-08T15:15:53Z,-39.65,2.2,176.74,2.6,20.0,5.0,MLv,,,,1.4,0.3,12,1.4,nan,7,,,,1.4,0.1,7
2022p104443,2022-02-08T15:27:39Z,-41.73,2.6,174.07,3.5,10.0,7.0,M,,,,1.2,0.4,4,1.6,nan,5,,,,1.6,0.4,5
2022p104503,2022-02-08T15:58:07Z,-33.82,61.0,-178.18,71.7,33.0,0.0,MLv,4.8,nan,1,3.8,0.2,5,4.0,nan,1,4.0,0.4,1,4.0,nan,1
2022p104513,2022-02-08T16:04:09Z,-33.32,20.0,179.88,47.3,100.0,0.0,M,4.6,nan,1,3.9,0.2,9,4.0,nan,5,3.8,0.4,1,4.0,0.2,5
2022p104578,2022-02-08T16:39:15Z,-38.85,11.2,175.43,14.5,98.0,37.0,M,,,,1.6,0.5,6,1.6,nan,1,,,,1.6,nan,1
2022p104647,2022-02-08T17:15:57Z,-37.8,4.5,178.35,5.3,14.0,8.0,M,,,,1.8,0.2,8,1.7,nan,4,,,,1.7,0.3,4
2022p104659,2022-02-08T17:22:36Z,-38.65,2.3,176.85,2.3,5.0,0.0,MLv,,,,1.6,0.2,9,1.6,nan,6,,,,1.6,0.1,6
2022p104689,2022-02-08T17:38:33Z,-39.64,2.5,176.75,3.1,22.0,5.0,MLv,,,,2.4,0.3,14,2.4,nan,25,,,,2.4,0.2,25
2022p104715,2022-02-08T17:52:18Z,-44.63,3.6,168.56,4.2,5.0,0.0,M,,,,2.2,0.3,7,1.7,nan,2,,,,1.7,0.1,2
2022p104836,2022-02-08T18:57:00Z,-40.14,2.8,174.81,4.2,37.0,8.0,MLv,,,,2.1,0.3,9,1.8,nan,4,,,,1.8,0.1,4
2022p104859,2022-02-08T19:10:11Z,-38.39,6.1,175.95,5.6,139.0,10.0,MLv,,,,1.4,0.4,6,,,,,,,3.0,0.5,51
2022p104956,2022-02-08T20:00:49Z,-37.6,8.6,176.92,7.4,89.0,11.0,M,,,,2.3,0.2,12,2.5,nan,15,,,,2.5,0.2,15
2022p104963,2022-02-08T20:04:28Z,-43.19,3.3,170.92,3.3,5.0,0.0,MLv,,,,2.1,0.2,8,1.5,nan,2,,,,1.5,0.4,2
2022p104986,2022-02-08T20:16:59Z,-38.13,4.7,177.61,5.1,48.0,8.0,MLv,,,,1.9,0.2,13,1.9,nan,9,,,,1.9,0.1,9
2022p105089,2022-02-08T21:11:39Z,-37.9,11.9,175.41,24.0,218.0,59.0,M,,,,,,,2.3,nan,3,,,,2.3,0.7,3
2022p105133,2022-02-08T21:35:05Z,-39.78,5.1,177.03,7.1,24.0,5.0,MLv,,,,1.6,0.3,6,1.4,nan,3,,,,1.4,0.1,3
2022p105230,2022-02-08T22:26:36Z,-43.81,3.2,170.88,3.9,5.0,0.0,MLv,,,,2.0,0.2,7,1.8,nan,3,,,,1.8,0.2,3
2022p105452,2022-02-09T00:25:23Z,-39.36,3.5,176.26,2.9,35.0,7.0,MLv,,,,1.5,0.5,13,,,,,,,1.3,0.5,6
2022p105487,2022-02-09T00:43:55Z,-40.69,7.4,175.26,3.5,5.0,0.0,MLv,,,,1.2,0.3,7,1.0,nan,3,,,,1.0,0.2,3
2022p105604,2022-02-09T01:45:54Z,-39.17,5.3,175.62,4.2,8.0,13.0,M,,,,1.0,0.2,7,1.1,nan,5,,,,1.1,0.2,5
2022p105606,2022-02-09T01:47:14Z,-39.16,5.1,175.63,5.2,4.0,7.0,M,,,,0.6,0.1,6,0.5,nan,3,,,,0.5,0.1,3
2022p105633,2022-02-09T02:01:39Z,-39.17,7.3,175.64,7.2,5.0,0.0,M,,,,0.2,0.3,4,0.1,nan,3,,,,0.1,0.0,3
2022p105640,2022-02-09T02:05:08Z,-38.53,2.6,176.3,2.8,4.0,3.0,M,,,,1.4,0.2,6,1.4,nan,7,,,,1.4,0.2,7
2022p105650,2022-02-09T02:10:39Z,-39.15,4.2,175.61,5.9,5.0,0.0,M,,,,0.4,0.3,7,0.2,nan,3,,,,0.2,0.1,3
2022p105671,2022-02-09T02:21:50Z,-39.23,9.8,174.85,4.5,17.0,10.0,M,,,,1.8,0.2,8,1.8,nan,4,,,,1.8,0.2,4
2022p105697,2022-02-09T02:35:28Z,-41.8,2.8,174.07,2.5,12.0,3.0,M,,,,1.8,0.2,13,1.6,nan,5,,,,1.6,0.3,5
2022p105700,2022-02-09T02:37:16Z,-40.56,3.0,176.16,3.3,21.0,6.0,M,,,,1.3,0.2,8,1.4,nan,4,,,,1.4,0.1,4
2022p105867,2022-02-09T04:06:17Z,-39.16,3.5,175.64,5.4,4.0,5.0,M,,,,0.4,0.2,5,0.1,nan,2,,,,0.1,0.0,2
2022p105945,2022-02-09T04:47:44Z,-39.16,3.0,175.64,2.7,6.0,7.0,M,,,,0.6,0.1,7,0.6,nan,2,,,,0.6,0.0,2
2022p105982,2022-02-09T05:07:10Z,-39.49,5.6,174.47,6.0,132.0,9.0,M,,,,2.0,0.3,7,2.2,nan,13,,,,2.2,0.1,13
2022p105995,2022-02-09T05:14:13Z,-38.66,2.4,176.84,2.2,5.0,0.0,M,,,,2.8,0.3,19,2.8,nan,43,,,,2.8,0.2,43
2022p106032,2022-02-09T05:34:02Z,-37.89,4.3,177.82,4.4,43.0,8.0,M,,,,2.4,0.4,12,2.3,nan,9,,,,2.3,0.3,9
2022p106117,2022-02-09T06:19:28Z,-37.78,7.8,177.28,5.8,35.0,11.0,M,,,,2.2,0.3,8,2.2,nan,6,,,,2.2,0.2,6
2022p106223,2022-02-09T07:15:45Z,-40.29,12.4,173.32,7.7,148.0,10.0,M,,,,,,,2.4,nan,10,,,,2.4,0.2,10
2022p106244,2022-02-09T07:26:52Z,-40.39,2.8,176.17,3.7,21.0,7.0,M,,,,1.5,0.2,9,1.5,nan,7,,,,1.5,0.3,7
2022p106358,2022-02-09T08:28:03Z,-37.62,9.4,179.28,8.9,33.0,0.0,M,,,,2.6,0.2,15,2.5,nan,7,,,,2.5,0.1,7
2022p106365,2022-02-09T08:31:15Z,-35.24,21.8,-179.87,37.8,100.0,0.0,M,,,,3.4,0.1,7,3.3,nan,2,,,,3.3,0.3,2
2022p106370,2022-02-09T08:34:15Z,-39.25,10.1,174.99,4.3,17.0,10.0,M,,,,1.7,0.3,6,1.6,nan,2,,,,1.6,0.2,2
2022p106593,2022-02-09T10:32:54Z,-38.34,2.8,177.82,3.3,18.0,5.0,MLv,,,,1.4,0.3,10,1.1,nan,2,,,,1.1,0.2,2
2022p106661,2022-02-09T11:09:25Z,-41.07,7.8,173.08,5.9,113.0,8.0,M,,,,,,,2.2,nan,6,,,,2.2,0.3,6
2022p106692,2022-02-09T11:25:47Z,-40.88,4.1,175.44,3.0,24.0,7.0,MLv,,,,1.4,0.2,6,1.8,nan,8,,,,1.8,0.1,8
2022p106764,2022-02-09T12:04:03Z,-39.47,4.9,177.37,9.0,23.0,8.0,M,,,,1.8,0.2,9,1.8,nan,3,,,,1.8,0.1,3
2022p106887,2022-02-09T13:09:56Z,-38.64,7.8,175.8,7.7,115.0,10.0,M,,,,1.7,0.2,8,1.7,nan,3,,,,1.7,0.1,3
2022p106927,2022-02-09T13:30:46Z,-44.64,3.4,168.36,2.9,5.0,0.0,M,,,,2.3,0.1,7,2.5,nan,4,,,,2.5,0.1,4
2022p106955,2022-02-09T13:46:03Z,-37.17,11.0,178.37,15.3,5.0,0.0,M,,,,2.2,0.2,13,2.2,nan,4,,,,2.2,0.1,4
2022p106990,2022-02-09T14:04:41Z,-38.85,3.0,175.66,5.1,5.0,0.0,MLv,,,,1.0,0.3,7,,,,,,,1.3,0.4,3
2022p107167,2022-02-09T15:39:06Z,-36.88,9.6,178.22,11.0,67.0,32.0,M,,,,2.3,0.1,12,2.4,nan,5,,,,2.4,0.3,5
2022p107215,2022-02-09T16:04:29Z,-38.57,6.9,176.52,8.6,45.0,10.0,M,,,,1.6,0.3,11,1.3,nan,5,,,,1.3,0.5,5
2022p107251,2022-02-09T16:23:40Z,-41.34,2.4,175.57,2.3,12.0,5.0,M,,,,2.3,0.2,12,2.2,nan,13,,,,2.2,0.2,13
2022p107388,2022-02-09T17:36:43Z,-40.3,8.7,173.45,8.8,187.0,12.0,M,,,,,,,2.6,nan,15,,,,2.6,0.1,15
2022p107516,2022-02-09T18:45:02Z,-37.98,8.2,176.28,8.1,132.0,13.0,M,,,,2.2,0.3,7,2.6,nan,6,,,,2.6,0.2,6
2022p107532,2022-02-09T18:52:48Z,-34.12,7.5,179.18,13.8,100.0,0.0,MLv,,,,4.1,0.1,12,,,,,,,4.3,0.1,17
2022p107576,2022-02-09T19:16:52Z,-37.41,6.3,179.96,7.8,33.0,0.0,MLv,,,,3.7,0.2,22,,,,,,,3.9,0.2,46
2022p107819,2022-02-09T21:27:02Z,-39.88,3.3,176.61,3.6,26.0,10.0,MLv,,,,1.4,0.3,7,1.2,nan,5,,,,1.2,0.3,5
2022p107850,2022-02-09T21:43:32Z,-40.69,4.4,175.82,3.1,21.0,8.0,MLv,,,,1.3,0.2,8,1.2,nan,5,,,,1.2,0.2,5
2022p107976,2022-02-09T22:49:58Z,-39.08,7.1,175.17,7.2,129.0,8.0,M,,,,1.4,0.2,3,2.4,nan,25,,,,2.4,0.4,25
2022p108027,2022-02-09T23:17:10Z,-40.91,4.1,175.99,3.3,17.0,9.0,MLv,,,,1.3,0.2,7,1.5,nan,4,,,,1.5,0.3,4
2022p108136,2022-02-10T00:15:19Z,-40.38,2.3,176.28,2.3,18.0,4.0,MLv,,,,3.1,0.2,13,3.1,nan,49,,,,3.1,0.2,49
2022p108160,2022-02-10T00:27:44Z,-41.38,7.0,173.11,5.7,76.0,9.0,MLv,,,,1.6,0.2,7,1.7,nan,5,,,,1.7,0.4,5
2022p108508,2022-02-10T03:33:22Z,-39.32,3.4,177.59,3.5,24.0,4.0,M,,,,2.8,0.4,19,2.7,nan,30,,,,2.7,0.3,30
2022p108519,2022-02-10T03:39:08Z,-38.8,10.5,175.83,6.7,94.0,11.0,M,,,,1.3,0.2,5,2.2,nan,21,,,,2.2,0.4,21
2022p108551,2022-02-10T03:55:59Z,-40.32,8.1,174.11,4.9,49.0,16.0,M,,,,2.2,0.2,9,2.2,nan,5,,,,2.2,0.4,5
2022p108580,2022-02-10T04:11:39Z,-43.95,3.2,169.62,3.2,5.0,0.0,M,,,,2.2,0.3,6,2.3,nan,1,,,,2.3,nan,1
2022p108636,2022-02-10T04:40:52Z,-34.09,5.6,179.51,9.1,12.0,0.0,MLv,5.3,0.1,2,4.6,0.2,18,,,,4.7,0.4,2,4.9,0.1,53
2022p108780,2022-02-10T05:58:17Z,-44.93,5.0,167.09,6.9,12.0,0.0,M,,,,2.4,0.2,8,2.5,nan,4,,,,2.5,0.3,4
2022p108855,2022-02-10T06:38:24Z,-39.48,6.9,175.73,5.9,13.0,10.0,M,,,,0.8,0.4,7,1.2,nan,5,,,,1.2,1.0,5
2022p109061,2022-02-10T08:27:55Z,-38.84,3.2,175.84,6.5,4.0,5.0,M,,,,1.3,0.2,11,1.2,nan,4,,,,1.2,0.2,4
2022p109136,2022-02-10T09:07:54Z,-39.39,7.3,177.58,5.8,12.0,0.0,M,,,,2.0,0.1,8,2.0,nan,4,,,,2.0,0.1,4
2022p109146,2022-02-10T09:13:29Z,-40.21,2.2,174.86,3.7,19.0,5.0,M,,,,2.3,0.2,14,2.2,nan,9,,,,2.2,0.1,9
2022p109240,2022-02-10T10:03:34Z,-38.54,8.2,176.25,8.5,50.0,13.0,M,,,,1.8,0.3,13,1.8,nan,4,,,,1.8,0.5,4
2022p109253,2022-02-10T10:10:09Z,-38.36,11.4,175.14,20.3,77.0,48.0,M,,,,2.1,0.5,6,2.5,nan,3,,,,2.5,0.5,3
2022p109284,2022-02-10T10:26:42Z,-39.74,3.1,176.17,4.2,27.0,7.0,MLv,,,,1.2,0.4,8,1.2,nan,7,,,,1.2,0.6,7
2022p109315,2022-02-10T10:43:29Z,-39.11,4.6,176.19,3.5,49.0,7.0,M,,,,1.4,0.3,19,1.4,nan,6,,,,1.4,0.2,6
2022p109321,2022-02-10T10:46:34Z,-39.33,7.4,177.65,6.4,20.0,10.0,MLv,,,,1.7,0.2,9,1.7,nan,4,,,,1.7,0.1,4
2022p109326,2022-02-10T10:48:55Z,-37.61,6.9,177.17,2.9,5.0,0.0,MLv,,,,1.9,0.2,11,2.1,nan,6,,,,2.1,0.2,6
2022p109327,2022-02-10T10:49:29Z,-39.63,5.6,174.28,5.7,200.0,8.0,M,,,,2.2,0.1,7,2.5,nan,6,,,,2.5,0.2,6
2022p109367,2022-02-10T11:10:52Z,-39.32,2.7,175.51,3.8,14.0,5.0,M,,,,0.8,0.2,16,0.8,nan,9,,,,0.8,0.1,9
2022p109456,2022-02-10T11:58:35Z,-40.32,3.6,176.34,3.5,22.0,8.0,MLv,,,,1.7,0.1,7,1.7,nan,7,,,,1.7,0.1,7
2022p109462,2022-02-10T12:01:45Z,-39.43,5.8,175.83,4.1,53.0,7.0,M,,,,1.4,0.3,17,1.4,nan,10,,,,1.4,0.3,10
2022p109517,2022-02-10T12:30:55Z,-40.21,5.9,173.47,6.4,159.0,10.0,M,,,,,,,2.5,nan,12,,,,2.5,0.2,12
2022p109656,2022-02-10T13:45:32Z,-39.12,18.5,175.48,14.6,5.0,0.0,M,,,,,,,0.3,nan,1,,,,0.3,nan,1
2022p109682,2022-02-10T13:58:38Z,-39.34,7.5,177.58,4.2,26.0,7.0,M,,,,1.7,0.2,11,1.9,nan,2,,,,1.9,0.2,2
2022p109713,2022-02-10T14:15:19Z,-39.4,4.5,175.81,4.3,11.0,9.0,M,,,,0.5,0.5,6,0.9,nan,5,,,,0.9,0.3,5
2022p109719,2022-02-10T14:18:30Z,-38.66,2.4,176.85,2.1,5.0,0.0,M,,,,2.1,0.2,17,2.1,nan,19,,,,2.1,0.2,19
2022p109942,2022-02-10T16:17:36Z,-42.59,2.6,173.01,3.1,11.0,4.0,M,,,,2.1,0.3,9,2.1,nan,2,,,,2.1,0.3,2
2022p109951,2022-02-10T16:22:13Z,-37.48,9.1,-179.93,8.1,33.0,0.0,MLv,,,,3.1,0.2,14,,,,,,,3.2,0.1,17
2022p110076,2022-02-10T17:28:54Z,-37.49,16.1,179.96,9.0,12.0,0.0,MLv,,,,2.5,0.1,11,,,,,,,2.5,0.1,4
2022p110122,2022-02-10T17:53:09Z,-39.62,5.1,175.57,6.1,12.0,0.0,MLv,,,,1.1,0.3,9,1.3,nan,7,,,,1.3,0.3,7
2022p110139,2022-02-10T18:02:36Z,-39.53,9.9,175.56,7.0,55.0,13.0,M,,,,1.3,0.3,11,1.5,nan,12,,,,1.5,0.3,12
2022p110164,2022-02-10T18:15:24Z,-40.89,4.5,176.08,4.3,21.0,5.0,MLv,,,,1.8,0.2,13,1.9,nan,7,,,,1.9,0.3,7
2022p110304,2022-02-10T19:30:24Z,-39.1,10.8,174.87,10.3,204.0,12.0,MLv,,,,,,,2.5,nan,2,,,,2.5,0.2,2
2022p110660,2022-02-10T22:40:07Z,-40.11,2.3,174.97,4.3,20.0,6.0,M,,,,1.8,0.1,12,2.0,nan,5,,,,2.0,0.2,5
2022p110710,2022-02-10T23:06:18Z,-38.71,3.4,178.12,5.2,24.0,5.0,M,,,,2.2,0.2,15,2.2,nan,10,,,,2.2,0.3,10
2022p110711,2022-02-10T23:07:15Z,-44.1,2.3,168.78,2.9,5.0,0.0,M,,,,2.7,0.2,7,2.8,nan,4,,,,2.8,0.1,4
2022p110727,2022-02-10T23:15:29Z,-44.09,2.6,168.77,3.3,5.0,0.0,M,,,,2.4,0.2,7,2.5,nan,3,,,,2.5,0.1,3
2022p110761,2022-02-10T23:33:54Z,-40.81,3.4,176.13,4.1,18.0,6.0,MLv,,,,1.7,0.2,8,1.7,nan,7,,,,1.7,0.1,7
2022p110823,2022-02-11T00:06:56Z,-39.48,6.8,174.5,6.5,130.0,12.0,MLv,,,,1.8,0.2,7,1.7,nan,5,,,,1.7,0.2,5
2022p110833,2022-02-11T00:12:12Z,-44.08,3.0,169.53,2.5,5.0,0.0,MLv,,,,2.1,0.2,8,2.0,nan,2,,,,2.0,0.4,2
2022p110862,2022-02-11T00:27:38Z,-38.76,4.2,178.01,5.7,22.0,5.0,MLv,,,,1.7,0.2,9,1.6,nan,6,,,,1.6,0.3,6
2022p110909,2022-02-11T00:52:23Z,-37.31,15.2,177.54,13.5,33.0,19.0,M,,,,2.1,0.1,10,2.2,nan,6,,,,2.2,0.1,6
2022p110963,2022-02-11T01:21:23Z,-39.53,4.6,176.39,5.1,51.0,9.0,M,,,,1.8,0.5,8,2.0,nan,7,,,,2.0,0.4,7
2022p110970,2022-02-11T01:25:16Z,-37.55,12.0,177.55,9.4,34.0,11.0,M,,,,1.9,0.2,8,2.0,nan,5,,,,2.0,0.1,5
2022p110975,2022-02-11T01:26:25Z,-33.28,5.6,-178.98,13.2,33.0,0.0,MLv,5.6,0.1,8,4.8,0.3,12,,,,5.1,0.4,8,5.0,0.3,38
2022p110974,2022-02-11T01:27:06Z,-38.32,5.6,178.49,7.2,20.0,8.0,MLv,,,,2.2,0.4,6,1.9,nan,5,,,,1.9,0.3,5
2022p111019,2022-02-11T01:51:02Z,-40.27,3.2,176.1,4.3,40.0,7.0,M,,,,1.9,0.2,10,2.1,nan,18,,,,2.1,0.2,18
2022p111028,2022-02-11T01:55:54Z,-41.59,4.8,174.65,3.5,19.0,8.0,MLv,,,,2.2,0.2,9,2.1,nan,12,,,,2.1,0.2,12
2022p111175,2022-02-11T03:14:18Z,-38.04,10.3,178.76,12.6,35.0,11.0,M,,,,1.9,0.3,8,2.1,nan,4,,,,2.1,0.2,4
2022p111190,2022-02-11T03:22:24Z,-40.42,3.9,178.73,7.0,33.0,0.0,MLv,,,,2.6,0.2,19,2.7,nan,15,,,,2.7,0.1,15
2022p111206,2022-02-11T03:30:59Z,-41.85,4.2,174.22,3.7,8.0,5.0,MLv,,,,1.6,0.2,12,1.6,nan,6,,,,1.6,0.2,6
2022p111216,2022-02-11T03:35:56Z,-43.6,3.7,172.52,3.1,5.0,0.0,M,,,,1.7,0.2,9,1.7,nan,2,,,,1.7,0.1,2
2022p111273,2022-02-11T04:06:16Z,-39.24,4.1,173.89,4.7,12.0,8.0,MLv,,,,1.8,0.3,7,1.9,nan,6,,,,1.9,0.3,6
2022p111295,2022-02-11T04:18:20Z,-39.08,3.7,177.46,3.7,21.0,7.0,M,,,,1.4,0.2,11,1.3,nan,4,,,,1.3,0.2,4
2022p111413,2022-02-11T05:21:09Z,-41.43,3.2,175.24,4.1,11.0,6.0,M,,,,1.4,0.2,9,1.3,nan,7,,,,1.3,0.1,7
2022p111454,2022-02-11T05:43:07Z,-37.46,18.5,179.97,14.8,63.0,48.0,M,,,,2.5,0.1,8,2.5,nan,3,,,,2.5,0.3,3
2022p111464,2022-02-11T05:48:20Z,-39.66,2.7,176.91,4.6,27.0,5.0,MLv,,,,1.9,0.3,10,1.9,nan,12,,,,1.9,0.2,12
2022p111660,2022-02-11T07:32:45Z,-40.98,3.6,174.88,3.4,23.0,6.0,MLv,,,,1.5,0.2,13,,,,,,,1.4,0.2,8
2022p111675,2022-02-11T07:41:53Z,-40.3,4.9,174.67,3.8,12.0,0.0,M,,,,2.1,0.2,5,2.0,nan,3,,,,2.0,0.1,3
2022p111689,2022-02-11T07:48:11Z,-39.15,4.0,177.42,4.1,23.0,7.0,M,,,,1.7,0.2,12,1.9,nan,8,,,,1.9,0.2,8
2022p111745,2022-02-11T08:17:57Z,-39.08,5.2,177.86,6.6,42.0,10.0,M,,,,2.0,0.4,13,2.2,nan,14,,,,2.2,0.2,14
2022p111853,2022-02-11T09:15:34Z,-38.86,2.5,176.23,2.6,5.0,0.0,M,,,,1.7,0.2,17,1.8,nan,13,,,,1.8,0.2,13
2022p111890,2022-02-11T09:34:50Z,-35.52,11.0,178.67,16.0,12.0,0.0,MLv,,,,3.4,0.2,13,,,,,,,3.7,0.2,19
2022p112036,2022-02-11T10:53:01Z,-35.48,13.0,178.78,15.9,12.0,0.0,MLv,,,,3.6,0.1,15,,,,,,,3.8,0.1,23
2022p112058,2022-02-11T11:05:03Z,-40.78,5.8,176.99,6.9,33.0,0.0,MLv,,,,2.4,0.1,13,2.4,nan,17,,,,2.4,0.2,17
2022p112095,2022-02-11T11:24:35Z,-41.56,3.0,174.31,2.3,16.0,4.0,M,,,,2.1,0.2,16,2.2,nan,13,,,,2.2,0.2,13
2022p112113,2022-02-11T11:34:14Z,-38.83,2.8,177.41,2.8,29.0,4.0,MLv,,,,3.4,0.3,19,,,,,,,3.2,0.2,71
2022p112132,2022-02-11T11:44:14Z,-39.66,3.6,176.85,4.3,44.0,9.0,MLv,,,,2.0,0.4,10,2.1,nan,16,,,,2.1,0.2,16
2022p112143,2022-02-11T11:50:15Z,-38.08,7.3,176.07,6.2,146.0,9.0,M,,,,,,,2.6,nan,12,,,,2.6,0.3,12
2022p112172,2022-02-11T12:05:54Z,-38.66,2.3,176.86,2.2,5.0,0.0,M,,,,1.4,0.2,9,1.4,nan,6,,,,1.4,0.1,6
2022p112316,2022-02-11T13:22:12Z,-41.2,3.0,172.37,3.1,5.0,0.0,MLv,,,,2.9,0.3,7,,,,,,,3.1,0.3,29
2022p112330,2022-02-11T13:29:49Z,-37.69,8.2,176.67,10.1,130.0,11.0,M,,,,,,,2.1,nan,6,,,,2.1,0.2,6
2022p112372,2022-02-11T13:52:16Z,-36.61,13.3,177.47,12.2,186.0,13.0,MLv,,,,2.5,0.2,10,2.7,nan,4,,,,2.7,0.3,4
2022p112377,2022-02-11T13:54:49Z,-45.27,3.7,167.27,4.7,40.0,8.0,MLv,,,,2.8,0.2,7,,,,,,,2.9,0.1,6
2022p112427,2022-02-11T14:21:25Z,-39.7,3.2,176.79,3.9,35.0,7.0,MLv,,,,1.3,0.3,9,1.3,nan,4,,,,1.3,0.3,4
2022p112483,2022-02-11T14:50:40Z,-35.93,33.2,179.77,55.8,33.0,0.0,MLv,,,,2.9,0.1,7,2.8,nan,3,,,,2.8,0.2,3
2022p112492,2022-02-11T14:55:52Z,-40.59,6.2,173.59,4.3,120.0,8.0,M,,,,,,,2.0,nan,5,,,,2.0,0.2,5
2022p112512,2022-02-11T15:06:29Z,-38.61,3.9,177.54,4.4,43.0,9.0,MLv,,,,1.9,0.2,9,1.8,nan,6,,,,1.8,0.3,6
2022p112548,2022-02-11T15:25:47Z,-38.1,7.2,176.03,8.1,190.0,8.0,M,,,,1.5,0.2,7,1.7,nan,3,,,,1.7,0.1,3
2022p112563,2022-02-11T15:33:47Z,-41.27,5.4,172.93,4.5,114.0,5.0,M,,,,,,,1.8,nan,5,,,,1.8,0.4,5
2022p112564,2022-02-11T15:34:06Z,-38.62,4.1,177.54,4.6,40.0,7.0,M,,,,1.7,0.2,14,1.4,nan,5,,,,1.4,0.3,5
2022p112581,2022-02-11T15:42:56Z,-35.73,17.2,178.53,35.2,12.0,0.0,MLv,,,,3.2,0.1,11,,,,,,,3.5,0.2,18
2022p112602,2022-02-11T15:54:50Z,-41.74,3.2,174.12,4.1,10.0,6.0,MLv,,,,1.4,0.3,7,1.2,nan,5,,,,1.2,0.3,5
2022p112620,2022-02-11T16:04:09Z,-40.96,3.9,174.74,4.0,33.0,6.0,MLv,,,,1.7,0.1,13,1.8,nan,11,,,,1.8,0.2,11
2022p112630,2022-02-11T16:09:29Z,-40.88,2.6,175.76,2.9,21.0,5.0,M,,,,1.2,0.2,12,1.0,nan,5,,,,1.0,0.2,5
2022p112766,2022-02-11T17:22:19Z,-38.38,10.6,176.16,12.7,179.0,10.0,MLv,,,,,,,2.2,nan,5,,,,2.2,0.4,5
2022p112774,2022-02-11T17:26:52Z,-40.23,2.3,176.39,2.9,21.0,6.0,M,,,,1.8,0.1,8,1.8,nan,8,,,,1.8,0.2,8
2022p112785,2022-02-11T17:32:16Z,-39.95,3.9,176.74,3.8,33.0,7.0,MLv,,,,1.7,0.2,9,1.7,nan,6,,,,1.7,0.3,6
2022p112870,2022-02-11T18:17:39Z,-39.63,3.3,176.25,3.8,29.0,6.0,M,,,,1.8,0.3,12,2.0,nan,16,,,,2.0,0.2,16
2022p113057,2022-02-11T19:57:12Z,-40.36,3.6,174.14,3.0,84.0,9.0,MLv,,,,2.5,0.1,6,2.4,nan,15,,,,2.4,0.2,15
2022p113105,2022-02-11T20:22:44Z,-40.58,4.7,176.79,6.2,17.0,5.0,MLv,,,,2.3,0.2,16,,,,,,,2.4,0.2,12
2022p113137,2022-02-11T20:39:10Z,-36.95,17.7,176.9,16.0,202.0,15.0,MLv,,,,2.4,0.2,8,2.7,nan,7,,,,2.7,0.2,7
2022p113150,2022-02-11T20:46:43Z,-39.06,11.4,174.9,9.5,187.0,15.0,M,,,,2.4,0.1,7,2.3,nan,6,,,,2.3,0.3,6
2022p113242,2022-02-11T21:35:48Z,-40.36,3.0,175.85,3.7,19.0,7.0,M,,,,1.7,0.4,8,1.6,nan,6,,,,1.6,0.6,6
2022p113381,2022-02-11T22:49:48Z,-39.21,5.6,177.46,3.7,22.0,6.0,M,,,,1.6,0.2,10,1.8,nan,3,,,,1.8,0.2,3
2022p113585,2022-02-12T00:38:27Z,-41.58,3.1,173.18,2.9,5.0,6.0,MLv,,,,1.6,0.3,7,1.5,nan,4,,,,1.5,0.3,4
2022p113636,2022-02-12T01:05:24Z,-39.65,2.5,176.27,2.9,27.0,4.0,MLv,,,,2.4,0.2,25,,,,,,,2.4,0.1,23
2022p113700,2022-02-12T01:39:25Z,-40.38,3.7,176.24,4.4,20.0,7.0,M,,,,1.4,0.2,8,1.4,nan,6,,,,1.4,0.3,6
2022p113805,2022-02-12T02:35:37Z,-37.46,20.8,-179.86,12.8,33.0,0.0,MLv,,,,2.7,0.1,8,2.6,nan,3,,,,2.6,0.2,3
2022p113934,2022-02-12T03:43:44Z,-33.42,19.3,179.78,39.4,300.0,0.0,M,4.7,0.4,2,4.1,0.2,14,4.2,nan,9,4.0,0.4,2,4.2,0.2,9
2022p114075,2022-02-12T04:59:29Z,-37.41,8.4,179.89,7.0,12.0,0.0,M,,,,3.0,0.3,13,3.1,nan,7,,,,3.1,0.2,7
2022p114153,2022-02-12T05:41:12Z,-37.09,11.7,177.21,8.7,117.0,15.0,MLv,,,,,,,,,,,,,2.7,0.2,6
2022p114175,2022-02-12T05:52:41Z,-41.74,5.4,174.38,4.6,25.0,10.0,M,,,,2.1,0.3,6,2.2,nan,7,,,,2.2,0.4,7
2022p114179,2022-02-12T05:54:57Z,-39.66,4.2,176.86,4.1,38.0,8.0,M,,,,1.5,0.2,8,1.6,nan,4,,,,1.6,0.1,4
2022p114187,2022-02-12T05:59:07Z,-42.06,2.7,173.79,3.2,20.0,4.0,M,,,,2.0,0.2,8,2.0,nan,6,,,,2.0,0.2,6
2022p114211,2022-02-12T06:11:48Z,-40.11,1.9,176.5,2.5,8.0,5.0,MLv,,,,2.3,0.2,13,2.2,nan,18,,,,2.2,0.2,18
2022p114216,2022-02-12T06:14:36Z,-37.46,12.8,179.93,7.9,12.0,0.0,M,,,,2.7,0.2,9,2.7,nan,4,,,,2.7,0.2,4
2022p114220,2022-02-12T06:16:54Z,-39.56,2.6,176.79,2.9,25.0,6.0,M,,,,2.5,0.2,11,2.6,nan,23,,,,2.6,0.2,23
2022p114359,2022-02-12T07:30:43Z,-39.39,6.2,179.28,7.0,33.0,0.0,MLv,,,,2.9,0.2,12,3.0,nan,12,,,,3.0,0.2,12
2022p114599,2022-02-12T09:38:32Z,-39.67,3.1,176.86,4.0,37.0,6.0,M,,,,1.6,0.3,12,1.6,nan,3,,,,1.6,0.3,3
2022p114661,2022-02-12T10:11:52Z,-40.76,2.3,174.8,2.4,12.0,0.0,MLv,,,,2.4,0.4,27,,,,,,,2.2,0.1,10
2022p114663,2022-02-12T10:12:14Z,-36.17,17.0,178.61,17.4,132.0,29.0,MLv,,,,3.0,0.2,7,2.8,nan,5,,,,2.8,0.2,5
2022p114786,2022-02-12T11:18:03Z,-39.7,3.3,175.18,3.4,57.0,6.0,MLv,,,,2.3,0.4,20,2.0,nan,6,,,,2.0,0.1,6
2022p114866,2022-02-12T12:00:37Z,-39.12,5.0,174.61,2.5,22.0,5.0,MLv,,,,2.9,0.3,14,,,,,,,2.8,0.2,15
2022p115079,2022-02-12T13:54:34Z,-38.12,9.7,175.89,13.2,145.0,16.0,ML,,,,2.2,0.2,7,,,,,,,,,
2022p115180,2022-02-12T14:49:29Z,-39.44,3.7,177.25,8.6,25.0,10.0,MLv,,,,1.6,0.2,7,1.4,nan,1,,,,1.4,nan,1
2022p115440,2022-02-12T17:06:44Z,-40.62,6.8,174.86,5.3,14.0,8.0,MLv,,,,2.0,0.2,12,1.9,nan,3,,,,1.9,0.1,3
2022p115621,2022-02-12T18:43:02Z,-40.12,2.6,176.68,2.9,16.0,5.0,M,,,,1.7,0.2,8,1.5,nan,4,,,,1.5,0.3,4
2022p115780,2022-02-12T20:07:53Z,-39.9,2.5,176.54,3.0,24.0,7.0,M,,,,1.7,0.3,9,1.8,nan,4,,,,1.8,0.4,4
2022p115817,2022-02-12T20:27:23Z,-42.95,2.4,172.41,2.6,8.0,4.0,M,,,,2.6,0.2,10,2.7,nan,4,,,,2.7,0.3,4
2022p115839,2022-02-12T20:39:08Z,-39.3,2.5,177.06,3.4,28.0,4.0,M,,,,2.3,0.2,15,2.4,nan,9,,,,2.4,0.1,9
2022p115846,2022-02-12T20:42:56Z,-44.07,2.7,169.94,2.7,5.0,0.0,M,,,,3.1,0.2,7,3.3,nan,7,,,,3.3,0.2,7
2022p115862,2022-02-12T20:51:41Z,-39.24,4.0,175.38,6.8,6.0,11.0,M,,,,1.7,0.3,9,1.4,nan,6,,,,1.4,0.2,6
2022p115886,2022-02-12T21:04:15Z,-39.23,4.7,176.1,3.3,44.0,9.0,M,,,,2.0,0.4,13,2.1,nan,10,,,,2.1,0.4,10
2022p115926,2022-02-12T21:25:49Z,-44.99,6.6,167.52,6.8,95.0,9.0,M,,,,,,,2.7,nan,4,,,,2.7,0.3,4
2022p116030,2022-02-12T22:21:11Z,-39.57,8.5,175.73,7.9,39.0,12.0,M,,,,1.8,0.5,11,1.8,nan,6,,,,1.8,0.2,6
2022p116040,2022-02-12T22:26:24Z,-43.52,3.0,172.19,3.9,4.0,4.0,M,,,,2.1,0.4,8,1.6,nan,1,,,,1.6,nan,1
2022p116092,2022-02-12T22:53:49Z,-40.48,3.0,175.72,4.3,24.0,5.0,M,,,,2.0,0.3,8,2.0,nan,4,,,,2.0,0.5,4
2022p116263,2022-02-13T00:25:16Z,-37.48,21.3,-179.85,10.1,33.0,0.0,MLv,,,,3.1,0.1,11,3.1,nan,2,,,,3.1,0.1,2
2022p116423,2022-02-13T01:50:29Z,-39.31,3.2,177.06,4.1,31.0,5.0,MLv,,,,2.5,0.2,14,2.5,nan,13,,,,2.5,0.2,13
2022p116577,2022-02-13T03:12:34Z,-43.99,2.8,169.63,2.8,5.0,0.0,M,,,,2.7,0.2,8,2.6,nan,2,,,,2.6,0.2,2
2022p116600,2022-02-13T03:24:36Z,-38.7,7.6,175.75,7.5,138.0,10.0,M,,,,2.1,0.5,11,2.1,nan,3,,,,2.1,0.4,3
2022p116632,2022-02-13T03:41:37Z,-39.2,4.1,176.17,3.2,46.0,6.0,MLv,,,,2.7,0.3,20,,,,,,,2.6,0.2,18
2022p116767,2022-02-13T04:53:46Z,-39.26,4.1,176.41,4.5,41.0,9.0,M,,,,2.1,0.4,9,2.2,nan,11,,,,2.2,0.2,11
2022p117012,2022-02-13T07:04:07Z,-38.17,8.7,176.13,9.0,164.0,10.0,M,,,,,,,2.1,nan,2,,,,2.1,0.1,2
2022p117216,2022-02-13T08:53:22Z,-41.73,3.4,174.13,3.5,8.0,4.0,MLv,,,,2.2,0.4,9,2.6,nan,3,,,,2.6,1.5,3
2022p117242,2022-02-13T09:06:42Z,-40.13,3.3,174.23,4.7,79.0,12.0,MLv,,,,2.6,0.3,12,,,,,,,2.5,0.2,9
2022p117305,2022-02-13T09:40:25Z,-39.75,2.3,176.82,3.4,35.0,4.0,M,,,,2.6,0.2,19,2.6,nan,16,,,,2.6,0.2,16
2022p117392,2022-02-13T10:26:36Z,-41.9,3.1,172.26,3.6,65.0,8.0,MLv,,,,2.5,0.2,8,2.4,nan,3,,,,2.4,0.2,3
2022p117428,2022-02-13T10:45:50Z,-44.11,2.7,168.75,3.2,4.0,2.0,MLv,,,,4.5,0.2,12,,,,,,,4.8,0.2,49
2022p117440,2022-02-13T10:52:29Z,-44.11,2.4,168.74,3.0,5.0,0.0,MLv,,,,2.4,0.2,8,2.0,nan,1,,,,2.0,nan,1
2022p117454,2022-02-13T10:59:40Z,-37.68,21.3,179.83,16.4,12.0,0.0,M,,,,2.6,0.2,7,2.5,nan,1,,,,2.5,nan,1
2022p117525,2022-02-13T11:37:22Z,-38.21,10.1,177.03,6.4,57.0,13.0,MLv,,,,1.9,0.2,10,1.9,nan,5,,,,1.9,0.1,5
2022p117577,2022-02-13T12:05:36Z,-39.8,10.2,174.27,14.8,188.0,11.0,M,,,,,,,2.4,nan,4,,,,2.4,0.3,4
2022p117578,2022-02-13T12:05:55Z,-39.04,3.7,177.65,3.3,22.0,4.0,MLv,,,,2.1,0.2,16,2.2,nan,4,,,,2.2,0.2,4
2022p117583,2022-02-13T12:08:38Z,-44.09,3.1,168.74,3.1,5.0,0.0,MLv,,,,2.3,0.2,7,1.8,nan,1,,,,1.8,nan,1
2022p117632,2022-02-13T12:34:34Z,-38.3,6.4,175.73,9.3,151.0,15.0,MLv,,,,,,,,,,,,,3.4,0.6,70
2022p117644,2022-02-13T12:41:03Z,-38.62,4.6,176.6,5.2,50.0,11.0,MLv,,,,1.6,0.4,11,1.5,nan,5,,,,1.5,0.1,5
2022p117663,2022-02-13T12:51:05Z,-39.73,3.6,176.82,4.9,36.0,8.0,MLv,,,,1.6,0.3,10,1.7,nan,7,,,,1.7,0.3,7
2022p117691,2022-02-13T13:06:15Z,-40.05,6.3,176.61,4.1,39.0,9.0,M,,,,1.5,0.3,8,1.7,nan,2,,,,1.7,0.4,2
2022p117731,2022-02-13T13:27:27Z,-39.03,4.3,177.68,3.8,18.0,6.0,MLv,,,,2.7,0.3,12,2.6,nan,19,,,,2.6,0.2,19
2022p117739,2022-02-13T13:31:52Z,-44.09,5.4,168.76,3.8,4.0,5.0,MLv,,,,2.4,0.2,6,2.2,nan,1,,,,2.2,nan,1
2022p117753,2022-02-13T13:39:07Z,-39.04,6.0,177.67,4.6,18.0,6.0,M,,,,1.9,0.3,10,2.0,nan,3,,,,2.0,0.2,3
2022p117851,2022-02-13T14:31:19Z,-44.13,2.5,168.75,3.0,4.0,3.0,MLv,,,,4.4,0.2,6,,,,,,,4.7,0.2,50
2022p117921,2022-02-13T15:08:49Z,-39.02,3.2,177.66,2.8,18.0,6.0,MLv,,,,2.3,0.3,10,2.2,nan,6,,,,2.2,0.2,6
2022p117949,2022-02-13T15:23:29Z,-40.36,2.9,176.19,3.1,25.0,5.0,MLv,,,,1.6,0.2,11,1.4,nan,6,,,,1.4,0.3,6
2022p117981,2022-02-13T15:40:26Z,-44.12,2.7,168.75,3.5,4.0,3.0,MLv,,,,3.1,0.2,7,3.2,nan,6,,,,3.2,0.2,6
2022p118002,2022-02-13T15:51:28Z,-40.84,3.9,175.29,3.0,20.0,7.0,M,,,,1.5,0.4,8,1.5,nan,6,,,,1.5,0.4,6
2022p118021,2022-02-13T16:01:42Z,-38.07,5.5,176.26,5.6,148.0,9.0,M,,,,2.1,0.2,8,2.2,nan,3,,,,2.2,0.4,3
2022p118026,2022-02-13T16:04:41Z,-39.32,6.2,175.53,6.3,65.0,11.0,M,,,,0.7,0.2,11,0.7,nan,3,,,,0.7,0.3,3
2022p118034,2022-02-13T16:08:40Z,-39.96,3.8,176.6,3.7,34.0,8.0,MLv,,,,1.6,0.2,8,1.6,nan,2,,,,1.6,0.3,2
2022p118042,2022-02-13T16:13:05Z,-41.72,3.0,174.28,3.1,13.0,5.0,M,,,,3.3,0.2,14,3.5,nan,36,,,,3.5,0.2,36
2022p118092,2022-02-13T16:39:44Z,-39.18,5.8,177.38,5.4,20.0,7.0,MLv,,,,2.0,0.2,10,2.1,nan,7,,,,2.1,0.2,7
2022p118129,2022-02-13T16:59:13Z,-45.04,4.3,167.52,5.8,56.0,10.0,MLv,,,,2.5,0.2,8,2.5,nan,2,,,,2.5,0.2,2
2022p118150,2022-02-13T17:10:34Z,-44.09,2.6,168.71,2.8,5.0,0.0,MLv,,,,2.4,0.2,9,,,,,,,2.2,0.2,4
2022p118185,2022-02-13T17:29:00Z,-40.57,4.7,176.45,4.6,14.0,7.0,M,,,,1.7,0.3,8,1.6,nan,1,,,,1.6,nan,1
2022p118318,2022-02-13T18:40:10Z,-39.02,5.3,177.75,4.2,25.0,5.0,M,,,,2.0,0.4,8,1.8,nan,4,,,,1.8,0.4,4
2022p118345,2022-02-13T18:54:53Z,-39.09,4.9,175.14,3.2,17.0,7.0,MLv,,,,1.8,0.3,13,1.5,nan,6,,,,1.5,0.2,6
2022p118361,2022-02-13T19:03:17Z,-38.33,5.7,176.16,6.5,149.0,8.0,M,,,,1.9,0.3,7,2.5,nan,4,,,,2.5,0.8,4
2022p118400,2022-02-13T19:23:46Z,-38.76,2.6,176.25,3.0,4.0,3.0,M,,,,1.9,0.2,11,1.9,nan,6,,,,1.9,0.1,6
2022p118452,2022-02-13T19:50:29Z,-33.96,10.6,-178.16,11.5,33.0,0.0,MLv,4.9,0.1,5,4.4,0.1,12,,,,4.2,0.4,5,4.5,0.1,7
2022p118515,2022-02-13T20:24:39Z,-37.14,18.4,177.07,21.9,255.0,13.0,M,,,,,,,2.6,nan,5,,,,2.6,0.3,5
2022p118535,2022-02-13T20:35:42Z,-37.17,6.4,177.38,8.0,116.0,11.0,M,,,,2.6,0.2,9,2.7,nan,6,,,,2.7,0.2,6
2022p118567,2022-02-13T20:52:49Z,-40.14,3.7,176.32,4.8,40.0,6.0,MLv,,,,1.7,0.2,9,1.8,nan,9,,,,1.8,0.2,9
2022p118569,2022-02-13T20:54:03Z,-37.35,37.3,176.82,26.3,103.0,87.0,M,,,,2.2,0.1,5,2.3,nan,1,,,,2.3,nan,1
2022p118601,2022-02-13T21:10:55Z,-45.17,5.2,167.16,6.7,12.0,0.0,M,,,,2.3,0.2,6,2.1,nan,2,,,,2.1,0.6,2
2022p118761,2022-02-13T22:36:09Z,-41.54,4.8,174.45,3.2,14.0,8.0,M,,,,2.1,0.3,8,1.7,nan,4,,,,1.7,0.3,4
2022p118891,2022-02-13T23:45:32Z,-38.96,6.3,175.24,10.2,95.0,13.0,M,,,,1.5,0.3,6,1.6,nan,3,,,,1.6,0.6,3
2022p118915,2022-02-13T23:58:09Z,-41.72,3.2,174.29,2.9,8.0,4.0,MLv,,,,2.1,0.1,11,2.1,nan,7,,,,2.1,0.3,7
2022p119099,2022-02-14T01:36:14Z,-39.11,9.9,175.16,2.3,12.0,0.0,MLv,,,,1.6,0.1,6,1.4,nan,3,,,,1.4,0.2,3
2022p119100,2022-02-14T01:36:26Z,-45.14,5.0,167.53,5.0,98.0,9.0,M,,,,,,,2.0,nan,1,,,,2.0,nan,1
2022p119132,2022-02-14T01:53:48Z,-40.38,4.2,175.02,5.7,12.0,6.0,M,,,,1.7,0.1,10,1.8,nan,2,,,,1.8,0.0,2
2022p119201,2022-02-14T02:30:30Z,-39.58,11.1,175.51,14.0,42.0,15.0,MLv,,,,1.3,0.3,9,1.3,nan,6,,,,1.3,0.5,6
2022p119313,2022-02-14T03:30:20Z,-40.94,6.0,176.1,6.6,20.0,13.0,M,,,,,,,1.4,nan,2,,,,1.4,0.2,2
2022p119320,2022-02-14T03:33:47Z,-37.81,7.4,176.49,11.0,156.0,8.0,MLv,,,,2.2,0.2,7,2.2,nan,3,,,,2.2,0.1,3
2022p119327,2022-02-14T03:37:18Z,-37.64,14.4,176.49,25.2,157.0,13.0,MLv,,,,2.1,0.2,6,1.7,nan,3,,,,1.7,0.2,3
2022p119340,2022-02-14T03:44:46Z,-43.31,3.3,171.28,3.0,5.0,0.0,MLv,,,,2.5,0.2,10,,,,,,,2.7,0.2,7
2022p119480,2022-02-14T04:59:20Z,-38.04,3.1,176.76,2.6,4.0,3.0,MLv,,,,2.1,0.4,10,2.2,nan,9,,,,2.2,0.2,9
2022p119486,2022-02-14T05:02:31Z,-38.02,3.6,176.76,2.5,5.0,0.0,MLv,,,,2.0,0.3,13,2.1,nan,8,,,,2.1,0.3,8
2022p119488,2022-02-14T05:03:32Z,-38.03,3.8,176.76,2.5,5.0,0.0,MLv,,,,1.9,0.3,9,2.1,nan,6,,,,2.1,0.2,6
2022p119519,2022-02-14T05:19:49Z,-37.51,9.2,179.91,8.5,12.0,0.0,MLv,,,,3.2,0.2,16,3.2,nan,8,,,,3.2,0.1,8
2022p119540,2022-02-14T05:31:07Z,-37.49,8.0,179.95,7.7,12.0,0.0,M,,,,3.2,0.2,14,3.2,nan,7,,,,3.2,0.1,7
2022p119556,2022-02-14T05:39:52Z,-37.58,15.1,179.85,9.7,12.0,0.0,MLv,,,,2.8,0.2,12,2.6,nan,3,,,,2.6,0.1,3
2022p119597,2022-02-14T06:01:37Z,-38.04,3.3,176.75,2.7,4.0,4.0,M,,,,2.0,0.3,12,2.1,nan,8,,,,2.1,0.2,8
2022p119616,2022-02-14T06:11:40Z,-37.49,9.1,179.92,8.5,12.0,0.0,MLv,,,,3.1,0.2,12,,,,,,,3.0,0.1,6
2022p119751,2022-02-14T07:23:33Z,-36.26,9.2,178.41,8.5,127.0,22.0,MLv,,,,4.0,0.4,23,,,,,,,4.5,0.3,87
2022p119774,2022-02-14T07:35:39Z,-39.59,6.1,174.15,6.5,191.0,6.0,M,,,,2.4,0.4,4,3.3,nan,42,,,,3.3,0.3,42
2022p119827,2022-02-14T08:04:18Z,-40.55,4.1,176.63,4.9,14.0,7.0,M,,,,2.2,0.1,11,2.2,nan,7,,,,2.2,0.2,7
2022p119850,2022-02-14T08:16:08Z,-40.33,4.0,176.58,4.0,13.0,6.0,M,,,,1.5,0.2,9,1.2,nan,3,,,,1.2,0.1,3
2022p120010,2022-02-14T09:41:46Z,-40.12,3.2,176.5,5.3,34.0,6.0,M,,,,1.4,0.3,11,1.5,nan,2,,,,1.5,0.8,2
2022p120131,2022-02-14T10:45:49Z,-39.1,4.3,174.56,2.4,16.0,5.0,MLv,,,,1.9,0.3,13,1.9,nan,5,,,,1.9,0.3,5
2022p120165,2022-02-14T11:04:02Z,-40.61,5.4,173.34,4.8,147.0,7.0,M,,,,,,,2.3,nan,5,,,,2.3,0.3,5
2022p120275,2022-02-14T12:03:00Z,-37.88,7.0,177.51,5.6,36.0,7.0,M,,,,1.9,0.3,10,1.8,nan,3,,,,1.8,0.8,3
2022p120277,2022-02-14T12:03:48Z,-38.43,8.6,175.79,14.3,157.0,13.0,M,,,,1.9,0.3,8,2.2,nan,2,,,,2.2,0.8,2
2022p120334,2022-02-14T12:34:07Z,-39.49,7.7,174.44,9.9,125.0,13.0,M,,,,1.6,0.2,4,1.9,nan,4,,,,1.9,0.3,4
2022p120356,2022-02-14T12:45:55Z,-40.42,6.9,173.33,6.0,149.0,8.0,MLv,,,,,,,,,,,,,2.9,0.2,29
2022p120407,2022-02-14T13:13:20Z,-38.72,3.3,177.31,3.2,26.0,7.0,MLv,,,,2.2,0.2,12,2.2,nan,15,,,,2.2,0.2,15
2022p120468,2022-02-14T13:45:27Z,-38.7,17.4,175.81,23.0,92.0,16.0,M,,,,,,,1.8,nan,2,,,,1.8,0.0,2
2022p120500,2022-02-14T14:02:29Z,-42.28,2.3,173.57,3.0,5.0,4.0,M,,,,2.2,0.2,12,2.2,nan,7,,,,2.2,0.3,7
2022p120574,2022-02-14T14:42:10Z,-37.77,5.0,178.0,4.5,54.0,7.0,MLv,,,,3.1,0.4,11,,,,,,,3.3,0.2,61
2022p120591,2022-02-14T14:51:24Z,-41.59,4.1,174.35,4.4,17.0,7.0,MLv,,,,1.5,0.3,9,1.3,nan,6,,,,1.3,0.2,6
2022p120619,2022-02-14T15:05:59Z,-39.26,8.8,175.22,9.9,80.0,12.0,M,,,,2.0,0.3,11,2.6,nan,46,,,,2.6,0.4,46
2022p120630,2022-02-14T15:12:00Z,-37.46,6.0,179.1,6.4,12.0,0.0,M,,,,3.4,0.3,17,3.5,nan,30,,,,3.5,0.2,30
2022p120645,2022-02-14T15:20:00Z,-40.49,4.2,174.1,6.3,82.0,10.0,MLv,,,,2.0,0.3,7,2.0,nan,5,,,,2.0,0.3,5
2022p120674,2022-02-14T15:35:19Z,-39.51,9.1,175.7,6.0,12.0,15.0,M,,,,0.9,0.4,8,1.1,nan,2,,,,1.1,0.1,2
2022p120728,2022-02-14T16:02:38Z,-32.85,8.0,179.85,14.6,259.0,27.0,MLv,4.6,0.2,6,4.5,0.1,2,,,,3.7,0.4,6,4.6,0.2,23
2022p120725,2022-02-14T16:02:42Z,-38.29,9.0,175.85,8.1,132.0,14.0,M,,,,2.0,0.5,7,1.9,nan,2,,,,1.9,0.1,2
2022p120770,2022-02-14T16:26:32Z,-37.44,11.5,176.44,10.8,225.0,10.0,M,,,,,,,2.5,nan,3,,,,2.5,0.3,3
2022p120792,2022-02-14T16:38:02Z,-40.65,3.3,175.94,3.8,31.0,7.0,MLv,,,,2.2,0.2,8,2.2,nan,23,,,,2.2,0.2,23
2022p120850,2022-02-14T17:09:40Z,-38.16,4.1,177.66,4.6,48.0,9.0,M,,,,1.5,0.2,10,1.4,nan,3,,,,1.4,0.6,3
2022p120853,2022-02-14T17:10:12Z,-35.05,36.0,179.2,35.9,204.0,52.0,M,,,,3.2,0.1,6,3.3,nan,3,,,,3.3,0.3,3
2022p120864,2022-02-14T17:16:46Z,-43.06,2.0,172.0,2.0,4.0,2.0,M,,,,2.2,0.2,14,2.4,nan,8,,,,2.4,0.2,8
2022p120956,2022-02-14T18:06:20Z,-38.07,8.5,176.11,12.7,131.0,15.0,MLv,,,,,,,2.4,nan,8,,,,2.4,0.3,8
2022p120961,2022-02-14T18:08:04Z,-43.98,2.4,169.64,2.0,5.0,0.0,M,,,,2.1,0.2,9,2.3,nan,7,,,,2.3,0.2,7
2022p120965,2022-02-14T18:10:41Z,-38.5,11.3,175.85,9.4,111.0,15.0,MLv,,,,,,,2.1,nan,4,,,,2.1,0.4,4
2022p120975,2022-02-14T18:15:42Z,-41.14,3.4,173.99,2.6,37.0,4.0,M,,,,2.3,0.2,14,2.3,nan,13,,,,2.3,0.2,13
2022p120990,2022-02-14T18:23:59Z,-37.52,9.9,179.96,7.8,12.0,0.0,MLv,,,,3.2,0.2,13,,,,,,,3.2,0.2,9
2022p121009,2022-02-14T18:33:48Z,-37.99,8.6,176.02,15.9,168.0,10.0,M,,,,2.0,0.2,9,2.1,nan,5,,,,2.1,0.2,5
2022p121041,2022-02-14T18:50:50Z,-39.76,2.8,176.15,5.0,26.0,8.0,MLv,,,,1.0,0.3,6,1.0,nan,5,,,,1.0,0.3,5
2022p121073,2022-02-14T19:08:08Z,-38.84,1.8,176.7,1.6,5.0,0.0,M,,,,3.8,0.2,30,3.7,nan,88,,,,3.7,0.2,88
2022p121090,2022-02-14T19:16:48Z,-38.84,2.9,176.7,2.7,7.0,6.0,MLv,,,,1.7,0.2,9,2.0,nan,5,,,,2.0,0.2,5
2022p121271,2022-02-14T20:53:45Z,-37.52,7.8,-179.97,8.4,12.0,0.0,M,,,,3.0,0.2,12,3.0,nan,7,,,,3.0,0.2,7
2022p121357,2022-02-14T21:39:33Z,-39.56,4.8,174.49,6.9,121.0,9.0,MLv,,,,1.8,0.3,6,2.2,nan,3,,,,2.2,0.3,3
2022p121410,2022-02-14T22:07:52Z,-38.62,2.6,176.22,2.3,5.0,3.0,M,,,,2.3,0.2,13,2.3,nan,19,,,,2.3,0.3,19
2022p121439,2022-02-14T22:22:45Z,-45.41,4.9,167.23,4.5,58.0,7.0,M,,,,2.2,0.2,11,1.7,nan,2,,,,1.7,0.9,2
2022p121572,2022-02-14T23:34:00Z,-39.98,4.0,176.72,4.8,33.0,6.0,M,,,,1.6,0.3,13,1.6,nan,6,,,,1.6,0.2,6
2022p121717,2022-02-15T00:51:00Z,-44.11,2.6,168.73,3.2,5.0,0.0,MLv,,,,2.2,0.2,5,2.4,nan,4,,,,2.4,0.2,4
2022p121884,2022-02-15T02:19:34Z,-37.78,6.8,176.05,6.6,265.0,8.0,MLv,,,,,,,,,,,,,3.0,0.3,32
2022p121970,2022-02-15T03:06:04Z,-42.15,1.9,173.57,2.1,5.0,0.0,MLv,,,,3.4,0.1,12,,,,,,,3.4,0.2,47
2022p122023,2022-02-15T03:34:03Z,-42.3,3.5,173.76,4.9,5.0,0.0,MLv,,,,2.1,0.1,9,2.2,nan,6,,,,2.2,0.2,6
2022p122092,2022-02-15T04:10:50Z,-37.9,8.2,176.16,8.0,178.0,11.0,M,,,,,,,1.8,nan,4,,,,1.8,0.1,4
2022p122103,2022-02-15T04:16:56Z,-41.64,4.7,174.27,4.2,11.0,9.0,M,,,,2.4,0.2,8,2.4,nan,9,,,,2.4,0.2,9
2022p122117,2022-02-15T04:24:11Z,-37.97,4.5,178.26,5.5,45.0,6.0,M,,,,1.9,0.3,9,2.2,nan,7,,,,2.2,0.2,7
2022p122128,2022-02-15T04:30:02Z,-39.2,3.3,177.07,4.2,28.0,6.0,M,,,,1.9,0.1,9,1.9,nan,7,,,,1.9,0.2,7
2022p122137,2022-02-15T04:35:06Z,-39.2,4.2,177.07,8.0,25.0,6.0,M,,,,1.6,0.2,7,1.3,nan,4,,,,1.3,0.2,4
2022p122157,2022-02-15T04:45:34Z,-44.38,4.6,168.28,4.4,5.0,0.0,MLv,,,,2.1,0.2,9,1.9,nan,3,,,,1.9,0.0,3
2022p122189,2022-02-15T05:02:25Z,-42.42,5.5,174.81,5.3,33.0,0.0,M,,,,2.3,0.2,12,2.2,nan,7,,,,2.2,0.2,7
2022p122269,2022-02-15T05:45:14Z,-41.74,2.5,174.08,3.4,12.0,5.0,MLv,,,,1.6,0.2,7,1.3,nan,4,,,,1.3,0.4,4
2022p122309,2022-02-15T06:06:38Z,-40.32,3.0,175.07,4.4,14.0,7.0,M,,,,1.6,0.2,8,1.5,nan,2,,,,1.5,0.0,2
2022p122331,2022-02-15T06:18:14Z,-38.17,2.3,176.59,2.9,5.0,0.0,MLv,,,,1.7,0.3,9,,,,,,,1.8,0.3,12
2022p122338,2022-02-15T06:21:59Z,-41.14,3.5,174.03,2.5,35.0,4.0,M,,,,3.4,0.2,18,3.4,nan,60,,,,3.4,0.2,60
2022p122411,2022-02-15T07:01:55Z,-39.51,3.3,175.69,2.8,9.0,7.0,MLv,,,,1.1,0.3,12,1.0,nan,8,,,,1.0,0.2,8
2022p122426,2022-02-15T07:09:09Z,-38.86,2.9,176.71,2.4,5.0,3.0,M,,,,1.8,0.2,7,1.8,nan,6,,,,1.8,0.1,6
2022p122449,2022-02-15T07:21:08Z,-39.46,3.1,177.25,3.3,16.0,5.0,MLv,,,,2.2,0.2,13,2.1,nan,19,,,,2.1,0.2,19
2022p122509,2022-02-15T07:53:05Z,-39.2,4.5,174.74,3.0,19.0,6.0,M,,,,1.9,0.3,11,1.9,nan,13,,,,1.9,0.2,13
2022p122600,2022-02-15T08:41:24Z,-40.6,3.0,174.57,2.2,12.0,0.0,MLv,,,,1.9,0.1,16,2.1,nan,12,,,,2.1,0.2,12
2022p122664,2022-02-15T09:15:51Z,-42.15,2.0,173.56,2.4,5.0,2.0,M,,,,2.1,0.1,7,2.3,nan,8,,,,2.3,0.1,8
2022p122665,2022-02-15T09:16:06Z,-36.09,17.0,177.54,20.0,227.0,19.0,MLv,,,,,,,,,,,,,3.2,0.2,13
2022p122810,2022-02-15T10:33:27Z,-42.2,1.9,173.52,2.4,5.0,0.0,MLv,,,,2.6,0.2,9,2.7,nan,18,,,,2.7,0.2,18
2022p122811,2022-02-15T10:34:08Z,-39.67,10.0,175.64,6.8,39.0,14.0,M,,,,1.3,0.2,8,1.4,nan,8,,,,1.4,0.2,8
2022p122867,2022-02-15T11:04:03Z,-40.61,2.5,175.86,2.7,23.0,6.0,M,,,,1.6,0.2,8,1.8,nan,12,,,,1.8,0.2,12
2022p122876,2022-02-15T11:08:31Z,-39.5,4.7,175.73,4.6,5.0,0.0,MLv,,,,1.0,0.3,10,1.1,nan,5,,,,1.1,0.2,5
2022p122879,2022-02-15T11:10:05Z,-40.21,3.7,176.39,4.1,39.0,7.0,MLv,,,,1.7,0.2,8,1.6,nan,7,,,,1.6,0.3,7
2022p122890,2022-02-15T11:16:14Z,-42.21,2.3,173.52,2.9,5.0,4.0,M,,,,1.9,0.2,9,1.9,nan,3,,,,1.9,0.2,3
2022p122898,2022-02-15T11:20:06Z,-40.32,3.8,175.31,4.8,35.0,7.0,MLv,,,,1.6,0.3,11,,,,,,,1.7,0.0,3
2022p122907,2022-02-15T11:25:06Z,-36.69,8.2,177.75,7.9,157.0,12.0,M,,,,2.8,0.2,7,3.3,nan,27,,,,3.3,0.3,27
2022p122952,2022-02-15T11:48:58Z,-37.56,9.5,179.87,8.4,33.0,0.0,MLv,,,,2.8,0.2,14,2.8,nan,7,,,,2.8,0.1,7
2022p122973,2022-02-15T12:00:08Z,-37.48,12.3,179.95,10.1,12.0,0.0,MLv,,,,2.5,0.2,13,2.6,nan,6,,,,2.6,0.1,6
2022p123001,2022-02-15T12:14:59Z,-39.26,4.0,174.82,2.5,19.0,6.0,MLv,,,,1.8,0.2,16,1.9,nan,9,,,,1.9,0.2,9
2022p123057,2022-02-15T12:45:16Z,-40.25,3.3,176.53,4.0,14.0,11.0,M,,,,2.1,0.2,10,2.2,nan,21,,,,2.2,0.1,21
2022p123070,2022-02-15T12:51:52Z,-37.51,9.6,178.91,8.5,12.0,0.0,M,,,,2.2,0.2,11,2.3,nan,5,,,,2.3,0.1,5
2022p123086,2022-02-15T13:00:18Z,-39.4,4.5,176.93,6.6,27.0,7.0,M,,,,1.1,0.1,9,1.2,nan,1,,,,1.2,nan,1
2022p123107,2022-02-15T13:11:46Z,-36.75,6.7,177.61,7.3,170.0,9.0,MLv,,,,2.6,0.4,23,,,,,,,3.3,0.4,32
2022p123108,2022-02-15T13:12:10Z,-40.74,3.4,176.16,3.4,26.0,7.0,M,,,,1.6,0.2,8,1.8,nan,9,,,,1.8,0.3,9
2022p123153,2022-02-15T13:36:22Z,-42.67,2.9,171.86,2.4,5.0,0.0,MLv,,,,2.1,0.1,8,2.0,nan,4,,,,2.0,0.2,4
2022p123161,2022-02-15T13:40:18Z,-45.11,5.1,167.53,6.6,103.0,9.0,M,,,,,,,2.6,nan,1,,,,2.6,nan,1
2022p123203,2022-02-15T14:02:59Z,-39.63,3.1,176.88,4.3,26.0,7.0,MLv,,,,1.4,0.2,9,,,,,,,1.4,0.1,6
2022p123251,2022-02-15T14:28:24Z,-39.19,3.8,177.1,5.5,21.0,5.0,M,,,,1.2,0.3,11,1.6,nan,2,,,,1.6,0.7,2
2022p123265,2022-02-15T14:35:52Z,-40.24,3.6,176.36,3.6,33.0,7.0,M,,,,1.3,0.3,8,1.8,nan,7,,,,1.8,0.8,7
2022p123291,2022-02-15T14:51:02Z,-40.19,2.5,176.49,3.0,24.0,6.0,M,,,,1.7,0.1,8,1.8,nan,12,,,,1.8,0.2,12
2022p123303,2022-02-15T14:56:16Z,-38.57,2.9,177.83,4.7,18.0,6.0,MLv,,,,1.9,0.2,9,1.8,nan,6,,,,1.8,0.2,6
2022p123308,2022-02-15T14:58:43Z,-40.25,2.9,176.53,4.2,13.0,7.0,M,,,,1.3,0.2,12,1.0,nan,5,,,,1.0,0.2,5
2022p123318,2022-02-15T15:04:07Z,-41.12,5.4,173.1,4.8,109.0,7.0,M,,,,,,,2.6,nan,13,,,,2.6,0.2,13
2022p123328,2022-02-15T15:09:21Z,-37.82,7.6,177.28,4.8,36.0,8.0,M,,,,1.9,0.2,13,2.0,nan,10,,,,2.0,0.2,10
2022p123394,2022-02-15T15:44:34Z,-39.47,5.3,177.38,5.0,20.0,10.0,M,,,,1.9,0.1,12,1.8,nan,4,,,,1.8,0.1,4
2022p123424,2022-02-15T16:00:23Z,-40.71,3.1,176.25,4.2,24.0,5.0,MLv,,,,2.5,0.3,10,2.4,nan,10,,,,2.4,0.2,10
2022p123449,2022-02-15T16:13:56Z,-38.84,5.0,177.87,7.0,36.0,9.0,MLv,,,,1.4,0.2,8,1.4,nan,3,,,,1.4,0.2,3
2022p123477,2022-02-15T16:28:43Z,-40.71,3.0,176.25,4.0,24.0,4.0,MLv,,,,1.9,0.2,14,,,,,,,1.8,0.2,11
2022p123517,2022-02-15T16:50:16Z,-38.91,4.9,177.9,6.1,18.0,8.0,M,,,,1.5,0.3,9,1.5,nan,2,,,,1.5,0.3,2
2022p123544,2022-02-15T17:03:01Z,-32.63,34.4,-178.96,62.2,100.0,0.0,MLv,3.9,nan,1,3.7,0.1,6,3.9,nan,3,2.9,0.4,1,3.9,0.2,3
2022p123577,2022-02-15T17:22:17Z,-43.6,2.8,172.54,2.5,5.0,3.0,M,,,,1.7,0.3,7,2.0,nan,3,,,,2.0,0.2,3
2022p123589,2022-02-15T17:28:41Z,-38.17,7.9,176.16,7.2,154.0,10.0,M,,,,1.7,0.2,4,2.2,nan,9,,,,2.2,0.2,9
2022p123599,2022-02-15T17:34:04Z,-44.31,4.6,167.94,5.1,5.0,0.0,MLv,,,,2.2,0.1,7,,,,,,,1.8,0.2,2
2022p123630,2022-02-15T17:49:42Z,-36.35,19.6,178.34,22.4,171.0,21.0,M,,,,2.9,0.4,5,2.3,nan,3,,,,2.3,0.4,3
2022p123733,2022-02-15T18:44:59Z,-41.33,3.4,175.12,2.4,21.0,5.0,M,,,,1.5,0.2,10,1.5,nan,6,,,,1.5,0.2,6
2022p123748,2022-02-15T18:53:23Z,-39.29,4.6,175.42,3.6,26.0,7.0,MLv,,,,0.7,0.1,12,0.9,nan,9,,,,0.9,0.2,9
2022p123814,2022-02-15T19:28:27Z,-38.83,6.4,176.55,4.0,44.0,7.0,M,,,,1.7,0.3,12,1.6,nan,6,,,,1.6,0.3,6
2022p123858,2022-02-15T19:51:47Z,-38.78,7.0,176.12,5.2,75.0,12.0,M,,,,1.6,0.2,17,1.8,nan,9,,,,1.8,0.2,9
2022p123970,2022-02-15T20:51:23Z,-39.08,4.4,177.77,3.6,12.0,7.0,MLv,,,,2.2,0.2,9,2.1,nan,9,,,,2.1,0.2,9
2022p123987,2022-02-15T21:00:29Z,-37.81,6.4,177.57,5.0,30.0,7.0,M,,,,2.2,0.3,12,2.3,nan,11,,,,2.3,0.2,11
2022p124000,2022-02-15T21:07:42Z,-40.26,2.3,174.71,3.5,33.0,0.0,MLv,,,,2.4,0.2,19,2.4,nan,21,,,,2.4,0.2,21
2022p124025,2022-02-15T21:20:59Z,-39.79,3.1,176.94,4.2,24.0,5.0,M,,,,1.7,0.3,11,1.8,nan,9,,,,1.8,0.2,9
2022p124338,2022-02-16T00:08:30Z,-39.59,4.6,175.8,5.2,37.0,8.0,M,,,,1.5,0.3,15,1.7,nan,11,,,,1.7,0.3,11
2022p124353,2022-02-16T00:15:31Z,-38.53,11.8,175.39,8.3,149.0,11.0,MLv,,,,2.1,0.3,8,,,,,,,2.4,0.2,8
2022p124404,2022-02-16T00:42:29Z,-41.13,6.6,173.59,4.3,68.0,9.0,M,,,,2.1,0.3,9,2.4,nan,7,,,,2.4,0.2,7
2022p124521,2022-02-16T01:45:00Z,-40.72,4.7,176.27,4.2,23.0,5.0,M,,,,2.7,0.2,12,2.5,nan,15,,,,2.5,0.2,15
2022p124530,2022-02-16T01:50:00Z,-38.15,9.7,176.31,12.3,130.0,9.0,M,,,,,,,2.0,nan,6,,,,2.0,0.2,6
2022p124568,2022-02-16T02:09:56Z,-40.73,4.4,176.27,4.2,22.0,4.0,MLv,,,,2.1,0.2,13,2.1,nan,9,,,,2.1,0.2,9
2022p124611,2022-02-16T02:32:57Z,-37.0,5.1,179.08,10.8,12.0,0.0,M,,,,3.1,0.2,12,3.2,nan,18,,,,3.2,0.1,18
2022p124612,2022-02-16T02:33:45Z,-41.36,3.1,174.96,2.3,20.0,4.0,MLv,,,,1.7,0.2,11,1.6,nan,8,,,,1.6,0.2,8
2022p124621,2022-02-16T02:38:20Z,-40.45,4.9,174.25,3.5,33.0,8.0,M,,,,2.1,0.1,13,2.1,nan,6,,,,2.1,0.1,6
2022p124643,2022-02-16T02:50:04Z,-40.73,4.2,176.27,4.2,22.0,5.0,MLv,,,,1.9,0.2,13,1.8,nan,7,,,,1.8,0.1,7
2022p124679,2022-02-16T03:10:43Z,-41.24,3.3,174.32,2.1,26.0,4.0,M,,,,2.9,0.2,12,2.9,nan,12,,,,2.9,0.2,12
2022p124783,2022-02-16T04:04:38Z,-40.71,4.1,176.27,4.2,23.0,5.0,M,,,,2.5,0.3,13,2.4,nan,13,,,,2.4,0.1,13
2022p124823,2022-02-16T04:26:03Z,-38.39,8.1,175.83,9.3,117.0,13.0,M,,,,1.7,0.4,6,1.8,nan,6,,,,1.8,0.2,6
2022p124859,2022-02-16T04:45:08Z,-40.12,6.7,174.51,7.4,47.0,16.0,M,,,,1.8,0.1,7,1.9,nan,5,,,,1.9,0.1,5
2022p124962,2022-02-16T05:39:40Z,-37.07,5.1,177.3,6.9,135.0,10.0,M,,,,2.4,0.3,10,2.6,nan,12,,,,2.6,0.3,12
2022p124972,2022-02-16T05:45:29Z,-38.01,5.9,176.45,5.6,113.0,13.0,M,,,,,,,2.3,nan,14,,,,2.3,0.2,14
2022p124997,2022-02-16T05:58:41Z,-40.92,2.3,175.69,2.5,17.0,4.0,M,,,,2.1,0.1,15,2.1,nan,18,,,,2.1,0.2,18
2022p125057,2022-02-16T06:30:29Z,-40.59,5.6,174.0,4.8,76.0,9.0,M,,,,2.2,0.3,13,2.2,nan,7,,,,2.2,0.1,7
2022p125251,2022-02-16T08:13:59Z,-40.71,2.9,176.26,3.8,25.0,4.0,MLv,,,,1.8,0.2,15,1.8,nan,10,,,,1.8,0.2,10
2022p125455,2022-02-16T10:02:59Z,-39.52,5.1,174.83,8.9,93.0,9.0,M,,,,1.7,0.3,7,1.6,nan,4,,,,1.6,0.1,4
2022p125517,2022-02-16T10:35:46Z,-38.94,4.9,177.93,7.0,29.0,6.0,M,,,,2.0,0.3,13,2.0,nan,11,,,,2.0,0.2,11
2022p125580,2022-02-16T11:09:34Z,-38.12,7.4,176.29,8.8,107.0,12.0,M,,,,,,,1.9,nan,2,,,,1.9,0.0,2
2022p125719,2022-02-16T12:23:32Z,-37.9,4.9,178.32,4.3,18.0,6.0,M,,,,1.7,0.3,10,2.0,nan,7,,,,2.0,0.2,7
2022p125725,2022-02-16T12:26:30Z,-37.58,13.2,179.73,8.5,12.0,0.0,MLv,,,,2.5,0.2,9,2.5,nan,4,,,,2.5,0.1,4
2022p125731,2022-02-16T12:29:35Z,-40.31,4.0,176.53,5.2,14.0,9.0,M,,,,1.7,0.2,10,1.6,nan,7,,,,1.6,0.2,7
2022p125846,2022-02-16T13:31:16Z,-40.72,3.5,176.25,4.2,24.0,5.0,M,,,,2.1,0.3,13,2.0,nan,12,,,,2.0,0.2,12
2022p125850,2022-02-16T13:33:11Z,-37.4,5.1,177.17,3.4,5.0,0.0,MLv,,,,2.3,0.4,6,2.6,nan,6,,,,2.6,0.2,6
2022p125861,2022-02-16T13:39:11Z,-40.68,3.9,176.22,4.1,23.0,7.0,M,,,,1.4,0.2,10,1.3,nan,5,,,,1.3,0.2,5
2022p125947,2022-02-16T14:25:02Z,-39.88,3.3,176.64,3.7,30.0,7.0,MLv,,,,1.2,0.2,11,1.1,nan,3,,,,1.1,0.3,3
2022p125977,2022-02-16T14:40:43Z,-37.45,20.7,176.14,25.3,214.0,24.0,MLv,,,,2.1,0.2,12,2.2,nan,4,,,,2.2,0.3,4
2022p125988,2022-02-16T14:46:46Z,-40.7,4.9,176.43,5.0,19.0,5.0,M,,,,1.5,0.2,10,1.3,nan,2,,,,1.3,0.2,2
2022p125993,2022-02-16T14:49:28Z,-40.73,9.3,176.45,8.3,16.0,6.0,M,,,,1.5,0.2,10,1.4,nan,2,,,,1.4,0.3,2
2022p126028,2022-02-16T15:07:49Z,-38.35,4.8,178.25,6.0,24.0,6.0,MLv,,,,1.8,0.3,10,2.0,nan,6,,,,2.0,0.2,6
2022p126038,2022-02-16T15:13:25Z,-40.97,3.0,175.95,3.2,21.0,5.0,M,,,,1.5,0.2,13,1.5,nan,6,,,,1.5,0.3,6
2022p126060,2022-02-16T15:24:48Z,-38.82,27.5,175.82,16.3,94.0,22.0,M,,,,1.1,0.2,8,1.5,nan,2,,,,1.5,0.2,2
2022p126131,2022-02-16T16:02:54Z,-40.57,2.7,175.89,3.1,25.0,6.0,MLv,,,,1.3,0.2,8,,,,,,,1.2,0.2,5
2022p126183,2022-02-16T16:30:36Z,-41.45,3.3,174.5,2.2,12.0,4.0,M,,,,2.3,0.2,19,2.4,nan,15,,,,2.4,0.1,15
2022p126216,2022-02-16T16:48:58Z,-38.36,14.3,176.02,18.1,154.0,11.0,M,,,,,,,1.7,nan,3,,,,1.7,0.1,3
2022p126288,2022-02-16T17:26:28Z,-39.88,2.1,176.59,2.4,24.0,5.0,M,,,,1.3,0.3,13,1.3,nan,7,,,,1.3,0.3,7
2022p126361,2022-02-16T18:04:42Z,-37.64,13.6,176.61,19.4,200.0,0.0,M,,,,2.8,0.3,8,1.8,nan,3,,,,1.8,0.3,3
2022p126381,2022-02-16T18:16:12Z,-37.49,9.3,179.96,6.9,12.0,0.0,M,,,,3.0,0.2,13,2.9,nan,6,,,,2.9,0.0,6
2022p126415,2022-02-16T18:34:08Z,-37.99,6.4,176.3,5.7,148.0,10.0,M,,,,2.2,0.6,6,2.9,nan,31,,,,2.9,0.4,31
2022p126451,2022-02-16T18:53:20Z,-40.12,2.4,174.98,3.7,22.0,5.0,M,,,,2.5,0.1,13,2.6,nan,19,,,,2.6,0.2,19
2022p126487,2022-02-16T19:12:29Z,-40.28,2.6,174.15,3.2,100.0,7.0,M,,,,2.8,0.3,20,2.8,nan,30,,,,2.8,0.2,30
2022p126499,2022-02-16T19:18:43Z,-39.48,5.8,175.69,4.8,18.0,8.0,M,,,,0.9,0.3,12,1.0,nan,7,,,,1.0,0.3,7
2022p126547,2022-02-16T19:44:21Z,-38.37,5.4,175.68,4.8,152.0,8.0,M,,,,1.8,0.5,4,2.8,nan,37,,,,2.8,0.3,37
2022p126581,2022-02-16T20:02:55Z,-39.36,7.9,175.9,4.9,49.0,10.0,M,,,,1.1,0.3,14,1.3,nan,9,,,,1.3,0.3,9
2022p126587,2022-02-16T20:06:00Z,-40.54,4.6,173.79,5.8,85.0,10.0,M,,,,2.1,0.3,11,2.0,nan,3,,,,2.0,0.3,3
2022p126597,2022-02-16T20:11:19Z,-40.68,3.3,175.92,2.8,28.0,7.0,M,,,,2.3,0.1,8,2.3,nan,25,,,,2.3,0.2,25
2022p126632,2022-02-16T20:30:44Z,-38.63,28.3,175.39,51.1,324.0,57.0,M,,,,3.1,0.3,6,3.6,nan,23,,,,3.6,0.2,23
2022p126664,2022-02-16T20:46:37Z,-38.68,4.4,177.72,4.2,34.0,8.0,M,,,,1.8,0.2,8,1.9,nan,8,,,,1.9,0.1,8
2022p126730,2022-02-16T21:21:59Z,-42.72,3.4,172.76,4.2,32.0,4.0,M,,,,2.0,0.2,8,2.1,nan,5,,,,2.1,0.3,5
2022p126735,2022-02-16T21:24:32Z,-38.45,3.9,178.2,6.2,26.0,8.0,M,,,,2.0,0.3,8,1.9,nan,7,,,,1.9,0.3,7
2022p126741,2022-02-16T21:27:35Z,-38.24,6.0,175.89,6.7,149.0,11.0,M,,,,1.7,0.2,7,2.4,nan,22,,,,2.4,0.3,22
2022p126817,2022-02-16T22:08:17Z,-40.29,2.8,176.58,3.7,14.0,6.0,M,,,,1.6,0.1,13,1.8,nan,7,,,,1.8,0.3,7
2022p126869,2022-02-16T22:36:15Z,-41.64,2.6,174.24,3.5,9.0,5.0,M,,,,2.0,0.2,7,2.0,nan,8,,,,2.0,0.2,8
2022p126940,2022-02-16T23:13:53Z,-40.48,11.7,173.22,9.4,136.0,11.0,M,,,,,,,2.1,nan,5,,,,2.1,0.2,5
2022p126946,2022-02-16T23:17:06Z,-39.13,3.8,176.87,3.8,22.0,6.0,M,,,,1.6,0.1,11,1.4,nan,7,,,,1.4,0.2,7
2022p127009,2022-02-16T23:50:31Z,-39.34,3.2,175.54,3.4,14.0,6.0,M,,,,1.7,0.2,12,1.9,nan,19,,,,1.9,0.2,19
2022p127015,2022-02-16T23:53:54Z,-41.79,2.6,174.17,2.9,11.0,3.0,M,,,,2.1,0.2,15,2.1,nan,10,,,,2.1,0.2,10
2022p127078,2022-02-17T00:27:26Z,-39.31,2.8,177.08,4.0,29.0,5.0,M,,,,1.7,0.2,13,1.7,nan,7,,,,1.7,0.1,7
2022p127232,2022-02-17T01:49:51Z,-41.69,2.6,174.13,2.4,9.0,4.0,M,,,,1.9,0.1,12,2.0,nan,10,,,,2.0,0.2,10
2022p127240,2022-02-17T01:53:45Z,-39.25,8.3,174.73,3.3,25.0,9.0,M,,,,1.9,0.2,17,1.7,nan,10,,,,1.7,0.2,10
2022p127273,2022-02-17T02:11:11Z,-44.97,2.5,168.93,2.6,5.0,0.0,MLv,,,,2.1,0.2,8,2.3,nan,5,,,,2.3,0.2,5
2022p127377,2022-02-17T03:06:53Z,-40.62,3.0,174.58,2.6,12.0,0.0,M,,,,1.9,0.1,13,2.1,nan,11,,,,2.1,0.2,11
2022p127494,2022-02-17T04:09:02Z,-37.12,14.9,-179.78,9.1,12.0,0.0,M,,,,2.9,0.3,12,2.9,nan,7,,,,2.9,0.2,7
2022p127636,2022-02-17T05:24:35Z,-38.35,3.3,178.02,4.0,22.0,5.0,M,,,,2.1,0.2,13,2.1,nan,9,,,,2.1,0.2,9
2022p127717,2022-02-17T06:07:37Z,-38.67,9.6,175.44,18.1,157.0,16.0,MLv,,,,2.1,0.3,11,,,,,,,2.2,0.4,7
2022p127730,2022-02-17T06:14:47Z,-37.36,5.0,177.68,4.3,33.0,0.0,M,,,,2.4,0.3,13,2.5,nan,18,,,,2.5,0.3,18
2022p127790,2022-02-17T06:46:59Z,-39.3,6.0,175.9,6.3,48.0,10.0,M,,,,0.7,0.3,12,0.8,nan,5,,,,0.8,0.4,5
2022p127845,2022-02-17T07:16:15Z,-40.6,4.6,175.86,3.7,25.0,6.0,M,,,,1.5,0.3,12,1.6,nan,8,,,,1.6,0.2,8
2022p127853,2022-02-17T07:20:47Z,-39.53,16.4,175.68,10.7,5.0,14.0,M,,,,0.9,0.3,9,0.7,nan,4,,,,0.7,0.2,4
2022p127919,2022-02-17T07:55:40Z,-39.53,8.6,175.65,7.5,10.0,14.0,M,,,,0.7,0.3,11,0.4,nan,3,,,,0.4,0.4,3
2022p127940,2022-02-17T08:06:54Z,-39.32,4.4,175.43,3.1,7.0,7.0,M,,,,0.8,0.2,12,1.0,nan,7,,,,1.0,0.1,7
2022p128000,2022-02-17T08:38:30Z,-39.51,5.0,175.71,3.2,10.0,8.0,M,,,,0.9,0.2,13,1.0,nan,6,,,,1.0,0.2,6
2022p128007,2022-02-17T08:42:25Z,-37.53,17.6,-179.98,11.9,12.0,0.0,M,,,,2.1,0.1,11,2.0,nan,3,,,,2.0,0.1,3
2022p128030,2022-02-17T08:54:03Z,-34.33,9.1,-179.2,17.6,100.0,0.0,MLv,4.1,nan,1,3.5,0.1,8,3.7,nan,4,3.1,0.4,1,3.7,0.2,4
2022p128035,2022-02-17T08:57:06Z,-39.45,7.4,175.66,4.8,55.0,9.0,M,,,,0.9,0.3,12,0.5,nan,4,,,,0.5,0.5,4
2022p128059,2022-02-17T09:10:18Z,-41.19,9.5,172.57,7.8,169.0,8.0,M,,,,,,,1.9,nan,7,,,,1.9,0.5,7
2022p128089,2022-02-17T09:26:17Z,-41.68,3.1,174.34,2.1,11.0,4.0,M,,,,2.7,0.2,19,2.9,nan,37,,,,2.9,0.2,37
2022p128117,2022-02-17T09:41:03Z,-41.7,3.3,174.39,2.3,5.0,0.0,MLv,,,,1.8,0.1,16,,,,,,,1.9,0.2,11
2022p128140,2022-02-17T09:53:02Z,-41.69,2.9,174.39,2.0,5.0,0.0,MLv,,,,2.1,0.2,18,,,,,,,2.1,0.1,14
2022p128165,2022-02-17T10:06:40Z,-37.35,7.8,177.3,8.4,46.0,15.0,M,,,,1.8,0.1,11,1.8,nan,5,,,,1.8,0.2,5
2022p128175,2022-02-17T10:11:22Z,-34.13,30.2,179.8,32.6,277.0,41.0,M,,,,3.4,0.1,13,3.8,nan,6,,,,3.8,0.3,6
2022p128216,2022-02-17T10:33:43Z,-38.7,12.4,175.49,15.5,164.0,17.0,MLv,,,,,,,1.9,nan,5,,,,1.9,0.4,5
2022p128223,2022-02-17T10:37:29Z,-39.11,5.0,177.34,3.3,26.0,7.0,M,,,,1.2,0.2,11,1.2,nan,2,,,,1.2,0.1,2
2022p128252,2022-02-17T10:53:06Z,-40.63,2.9,175.83,3.3,22.0,5.0,M,,,,1.4,0.2,12,1.4,nan,9,,,,1.4,0.2,9
2022p128256,2022-02-17T10:55:05Z,-42.21,2.3,172.92,3.3,34.0,4.0,MLv,,,,2.2,0.2,18,,,,,,,2.4,0.1,9
2022p128292,2022-02-17T11:14:02Z,-39.11,4.7,177.51,3.4,22.0,9.0,M,,,,1.4,0.2,10,1.3,nan,1,,,,1.3,nan,1
2022p128329,2022-02-17T11:34:02Z,-39.94,2.5,176.61,3.0,36.0,4.0,MLv,,,,1.5,0.3,14,,,,,,,1.4,0.3,9
2022p128448,2022-02-17T12:37:33Z,-39.66,3.4,176.84,4.0,25.0,7.0,M,,,,1.1,0.2,6,1.3,nan,1,,,,1.3,nan,1
2022p128526,2022-02-17T13:19:07Z,-37.48,4.6,178.92,6.9,12.0,0.0,MLv,,,,2.7,0.2,18,,,,,,,2.8,0.1,19
2022p128561,2022-02-17T13:37:48Z,-39.3,3.9,173.91,3.7,19.0,4.0,M,,,,1.6,0.3,7,1.6,nan,5,,,,1.6,0.3,5
2022p128564,2022-02-17T13:39:08Z,-41.43,5.2,174.66,2.9,9.0,5.0,MLv,,,,1.5,0.1,11,1.4,nan,6,,,,1.4,0.2,6
2022p128603,2022-02-17T14:00:08Z,-37.95,3.0,178.33,3.9,9.0,5.0,M,,,,1.6,0.2,10,1.7,nan,7,,,,1.7,0.3,7
2022p128639,2022-02-17T14:18:58Z,-41.7,3.8,174.38,2.8,6.0,4.0,M,,,,2.5,0.2,17,2.5,nan,19,,,,2.5,0.1,19
2022p128667,2022-02-17T14:33:54Z,-39.12,3.7,177.37,4.0,25.0,6.0,MLv,,,,1.4,0.2,12,1.6,nan,6,,,,1.6,0.3,6
2022p128692,2022-02-17T14:47:08Z,-38.59,7.3,176.46,7.0,60.0,15.0,M,,,,1.5,0.2,8,1.2,nan,2,,,,1.2,0.3,2
2022p128705,2022-02-17T14:54:14Z,-38.38,8.8,175.94,7.0,132.0,10.0,MLv,,,,,,,1.8,nan,6,,,,1.8,0.1,6
2022p128739,2022-02-17T15:12:14Z,-37.3,5.7,177.58,5.5,19.0,8.0,M,,,,1.9,0.2,10,2.2,nan,4,,,,2.2,0.3,4
2022p128749,2022-02-17T15:17:56Z,-43.54,2.5,172.25,2.4,5.0,0.0,MLv,,,,1.7,0.3,10,1.3,nan,3,,,,1.3,0.1,3
2022p128767,2022-02-17T15:27:34Z,-40.8,2.8,176.08,3.1,21.0,4.0,M,,,,1.6,0.2,14,1.6,nan,8,,,,1.6,0.2,8
2022p128781,2022-02-17T15:34:37Z,-40.34,2.9,176.38,3.1,21.0,5.0,M,,,,1.7,0.2,13,1.8,nan,13,,,,1.8,0.3,13
2022p128807,2022-02-17T15:48:28Z,-35.85,14.7,178.24,16.5,204.0,16.0,MLv,,,,2.8,0.3,10,3.0,nan,7,,,,3.0,0.1,7
2022p128874,2022-02-17T16:24:20Z,-40.46,3.4,175.46,3.9,28.0,7.0,M,,,,1.4,0.2,10,1.6,nan,5,,,,1.6,0.1,5
2022p128878,2022-02-17T16:26:43Z,-37.95,3.1,178.33,4.2,9.0,6.0,MLv,,,,1.4,0.2,9,1.4,nan,6,,,,1.4,0.4,6
2022p128968,2022-02-17T17:14:11Z,-43.78,2.6,169.49,2.6,5.0,0.0,M,,,,2.1,0.2,10,2.2,nan,5,,,,2.2,0.3,5
2022p128980,2022-02-17T17:20:51Z,-37.89,3.4,176.95,2.5,4.0,3.0,M,,,,1.5,0.3,6,1.7,nan,3,,,,1.7,0.3,3
2022p128987,2022-02-17T17:24:59Z,-39.35,2.3,175.54,2.3,10.0,5.0,M,,,,0.5,0.2,12,0.7,nan,6,,,,0.7,0.2,6
2022p129068,2022-02-17T18:08:37Z,-39.57,3.8,175.15,5.3,84.0,7.0,M,,,,1.7,0.3,13,1.9,nan,15,,,,1.9,0.3,15
2022p129110,2022-02-17T18:30:28Z,-40.87,2.4,175.65,3.1,23.0,6.0,M,,,,2.0,0.2,9,2.0,nan,8,,,,2.0,0.2,8
2022p129220,2022-02-17T19:28:36Z,-38.42,2.9,177.95,3.7,18.0,4.0,M,,,,2.0,0.2,14,2.0,nan,12,,,,2.0,0.2,12
2022p129235,2022-02-17T19:36:37Z,-38.43,2.8,177.94,3.5,18.0,5.0,M,,,,1.6,0.2,11,1.5,nan,6,,,,1.5,0.3,6
2022p129290,2022-02-17T20:06:12Z,-40.51,3.9,176.44,4.6,22.0,5.0,M,,,,1.8,0.2,8,1.8,nan,7,,,,1.8,0.3,7
2022p129378,2022-02-17T20:53:08Z,-39.52,4.2,175.66,3.5,11.0,8.0,M,,,,2.0,0.2,18,2.1,nan,23,,,,2.1,0.2,23
2022p129413,2022-02-17T21:11:38Z,-39.51,6.2,175.66,3.9,12.0,8.0,M,,,,0.9,0.3,12,0.8,nan,4,,,,0.8,0.5,4
2022p129469,2022-02-17T21:41:30Z,-39.85,3.4,176.69,3.8,36.0,8.0,M,,,,2.0,0.1,8,2.0,nan,13,,,,2.0,0.2,13
2022p129585,2022-02-17T22:43:02Z,-40.23,4.1,173.47,4.6,167.0,6.0,M,,,,,,,2.6,nan,21,,,,2.6,0.3,21
2022p129642,2022-02-17T23:13:21Z,-40.39,5.7,173.33,6.6,166.0,9.0,M,,,,,,,2.8,nan,31,,,,2.8,0.2,31
2022p129748,2022-02-18T00:11:19Z,-39.34,2.6,175.52,3.1,13.0,6.0,M,,,,1.0,0.2,13,1.2,nan,14,,,,1.2,0.2,14
2022p129787,2022-02-18T00:31:01Z,-38.62,2.5,176.06,2.3,5.0,0.0,M,,,,1.9,0.3,19,1.9,nan,14,,,,1.9,0.2,14
2022p129837,2022-02-18T00:57:34Z,-38.64,3.6,176.05,2.4,5.0,0.0,M,,,,1.7,0.4,8,1.8,nan,6,,,,1.8,0.3,6
2022p129851,2022-02-18T01:05:03Z,-39.67,3.4,176.88,4.3,36.0,7.0,M,,,,1.5,0.3,10,1.4,nan,5,,,,1.4,0.3,5
2022p129967,2022-02-18T02:07:26Z,-39.25,3.9,175.45,5.1,14.0,9.0,M,,,,0.6,0.1,12,0.7,nan,7,,,,0.7,0.2,7
2022p129974,2022-02-18T02:10:26Z,-38.12,5.5,178.84,7.2,12.0,0.0,M,,,,2.2,0.2,8,2.3,nan,6,,,,2.3,0.2,6
2022p129985,2022-02-18T02:16:18Z,-40.39,4.0,174.25,3.7,41.0,13.0,MLv,,,,2.0,0.2,12,2.0,nan,5,,,,2.0,0.2,5
2022p130103,2022-02-18T03:19:12Z,-39.22,4.0,175.38,6.1,15.0,7.0,M,,,,1.0,0.2,13,1.0,nan,8,,,,1.0,0.2,8
2022p130111,2022-02-18T03:23:20Z,-41.26,2.4,175.3,3.2,20.0,6.0,M,,,,1.2,0.2,10,1.1,nan,4,,,,1.1,0.2,4
2022p130182,2022-02-18T04:01:06Z,-38.08,6.3,178.63,8.2,34.0,8.0,MLv,,,,1.7,0.2,8,,,,,,,1.7,0.3,5
2022p130255,2022-02-18T04:40:02Z,-40.19,3.9,175.57,3.3,33.0,7.0,MLv,,,,2.1,0.3,11,2.3,nan,24,,,,2.3,0.1,24
2022p130344,2022-02-18T05:27:30Z,-42.97,1.9,173.29,2.9,5.0,0.0,M,,,,4.4,0.2,6,4.4,nan,78,,,,4.4,0.2,78
2022p130354,2022-02-18T05:32:47Z,-40.52,4.2,176.47,5.2,21.0,5.0,M,,,,2.0,0.2,12,2.1,nan,8,,,,2.1,0.2,8
2022p130410,2022-02-18T06:02:41Z,-39.0,5.6,175.86,5.0,12.0,0.0,MLv,,,,0.8,0.1,12,0.8,nan,5,,,,0.8,0.1,5
2022p130582,2022-02-18T07:34:19Z,-39.16,4.9,175.63,3.4,5.0,5.0,M,,,,0.5,0.1,7,0.6,nan,5,,,,0.6,0.2,5
2022p130677,2022-02-18T08:24:53Z,-39.39,7.2,174.44,6.0,135.0,8.0,MLv,,,,1.7,0.3,8,2.5,nan,25,,,,2.5,0.3,25
2022p130688,2022-02-18T08:30:43Z,-38.45,6.7,178.73,9.3,27.0,10.0,M,,,,1.8,0.2,8,1.8,nan,3,,,,1.8,0.3,3
2022p130742,2022-02-18T08:59:48Z,-38.83,2.2,175.77,5.9,5.0,3.0,MLv,,,,1.3,0.2,9,,,,,,,1.1,0.2,7
2022p130743,2022-02-18T09:00:15Z,-38.83,3.2,175.76,6.7,5.0,0.0,M,,,,1.2,0.2,10,1.1,nan,3,,,,1.1,0.1,3
2022p130781,2022-02-18T09:20:43Z,-32.8,26.2,-179.52,24.8,270.0,58.0,MLv,4.5,0.2,6,4.0,0.1,14,,,,3.7,0.4,6,4.2,0.1,13
2022p130855,2022-02-18T09:59:55Z,-44.43,4.7,167.35,5.8,5.0,0.0,MLv,,,,2.6,0.2,10,2.5,nan,3,,,,2.5,0.1,3
2022p130902,2022-02-18T10:24:43Z,-38.52,4.6,175.8,4.1,133.0,8.0,MLv,,,,1.6,0.2,9,2.0,nan,14,,,,2.0,0.2,14
2022p130958,2022-02-18T10:54:29Z,-37.78,5.3,178.02,4.3,53.0,6.0,M,,,,2.5,0.4,8,2.6,nan,9,,,,2.6,0.4,9
2022p130970,2022-02-18T11:01:01Z,-37.66,4.1,178.23,4.7,25.0,5.0,M,,,,1.7,0.1,8,1.8,nan,5,,,,1.8,0.3,5
2022p131032,2022-02-18T11:33:56Z,-39.2,3.6,174.62,2.4,16.0,5.0,MLv,,,,1.7,0.2,12,1.7,nan,7,,,,1.7,0.2,7
2022p131036,2022-02-18T11:36:13Z,-41.76,6.8,174.76,4.0,24.0,11.0,M,,,,2.0,0.3,6,2.1,nan,3,,,,2.1,0.2,3
2022p131084,2022-02-18T12:01:51Z,-41.92,2.6,174.01,2.5,9.0,3.0,MLv,,,,1.9,0.2,13,1.8,nan,7,,,,1.8,0.2,7
2022p131246,2022-02-18T13:27:53Z,-41.02,3.3,174.76,2.8,21.0,6.0,M,,,,1.7,0.3,9,1.6,nan,4,,,,1.6,0.3,4
2022p131255,2022-02-18T13:32:56Z,-37.79,10.3,176.37,9.0,134.0,12.0,MLv,,,,,,,1.8,nan,5,,,,1.8,0.3,5
2022p131298,2022-02-18T13:55:59Z,-40.84,3.9,176.11,3.9,20.0,7.0,MLv,,,,1.3,0.2,7,,,,,,,1.2,0.3,5
2022p131357,2022-02-18T14:27:02Z,-38.26,3.5,177.62,4.3,50.0,7.0,MLv,,,,1.7,0.2,14,1.6,nan,11,,,,1.6,0.3,11
2022p131388,2022-02-18T14:43:15Z,-33.14,21.9,-179.6,23.4,219.0,55.0,MLv,4.1,0.1,7,3.9,0.1,12,3.6,nan,7,3.2,0.4,7,4.0,0.1,5
2022p131400,2022-02-18T14:50:09Z,-38.07,8.1,175.89,10.4,189.0,11.0,MLv,,,,,,,1.6,nan,2,,,,1.6,0.0,2
2022p131423,2022-02-18T15:02:37Z,-39.32,2.8,175.51,3.9,12.0,5.0,M,,,,0.6,0.2,11,0.7,nan,5,,,,0.7,0.2,5
2022p131435,2022-02-18T15:09:04Z,-40.62,3.4,174.57,2.9,12.0,0.0,MLv,,,,1.7,0.2,9,1.5,nan,3,,,,1.5,0.3,3
2022p131473,2022-02-18T15:29:15Z,-39.37,4.1,175.1,3.3,20.0,7.0,MLv,,,,1.2,0.2,12,,,,,,,1.1,0.2,6
2022p131532,2022-02-18T16:00:39Z,-40.02,3.0,176.51,3.0,36.0,5.0,M,,,,1.8,0.2,13,1.8,nan,9,,,,1.8,0.2,9
2022p131577,2022-02-18T16:24:22Z,-38.25,3.4,177.52,4.0,42.0,7.0,MLv,,,,1.6,0.2,12,1.3,nan,6,,,,1.3,0.3,6
2022p131651,2022-02-18T17:04:03Z,-38.34,6.3,175.97,5.3,133.0,10.0,M,,,,,,,2.2,nan,13,,,,2.2,0.2,13
2022p131684,2022-02-18T17:21:35Z,-39.38,6.7,175.86,5.8,46.0,14.0,MLv,,,,0.7,0.4,8,1.1,nan,3,,,,1.1,0.5,3
2022p131697,2022-02-18T17:28:39Z,-38.64,3.3,176.04,2.7,8.0,6.0,MLv,,,,1.9,0.4,7,2.0,nan,7,,,,2.0,0.4,7
2022p131704,2022-02-18T17:32:02Z,-39.31,3.1,177.21,3.9,25.0,6.0,MLv,,,,2.0,0.2,12,2.1,nan,6,,,,2.1,0.1,6
2022p131717,2022-02-18T17:39:11Z,-38.85,6.1,175.9,9.0,10.0,14.0,MLv,,,,1.1,0.2,8,1.2,nan,6,,,,1.2,0.2,6
2022p131728,2022-02-18T17:44:55Z,-44.11,2.7,168.77,4.2,5.0,0.0,MLv,,,,2.3,0.2,7,2.2,nan,1,,,,2.2,nan,1
2022p131744,2022-02-18T17:53:23Z,-38.04,6.1,178.89,10.7,12.0,0.0,MLv,,,,1.9,0.1,9,2.1,nan,5,,,,2.1,0.2,5
2022p131762,2022-02-18T18:03:04Z,-40.22,2.4,174.88,3.4,12.0,0.0,MLv,,,,2.0,0.2,17,2.1,nan,11,,,,2.1,0.1,11
2022p131856,2022-02-18T18:53:27Z,-37.46,8.3,178.35,6.9,26.0,4.0,M,,,,2.2,0.2,8,2.2,nan,7,,,,2.2,0.3,7
2022p131911,2022-02-18T19:22:50Z,-38.91,3.6,177.83,5.1,29.0,5.0,MLv,,,,1.5,0.2,12,1.5,nan,3,,,,1.5,0.2,3
2022p131927,2022-02-18T19:31:12Z,-37.94,5.6,178.66,7.2,31.0,6.0,MLv,,,,2.0,0.3,13,2.2,nan,7,,,,2.2,0.2,7
2022p132015,2022-02-18T20:17:50Z,-39.27,5.7,174.87,2.8,17.0,8.0,MLv,,,,2.0,0.1,11,2.1,nan,13,,,,2.1,0.2,13
2022p132188,2022-02-18T21:50:13Z,-37.3,4.3,177.17,3.4,5.0,0.0,MLv,,,,2.6,0.3,13,,,,,,,2.7,0.3,12
2022p132213,2022-02-18T22:03:04Z,-35.16,40.3,179.21,31.5,222.0,45.0,M,,,,3.0,0.2,9,3.0,nan,3,,,,3.0,0.2,3
2022p132416,2022-02-18T23:51:23Z,-40.75,4.0,176.0,4.0,41.0,8.0,MLv,,,,2.0,0.2,8,2.0,nan,7,,,,2.0,0.2,7
2022p132437,2022-02-19T00:02:34Z,-37.5,13.3,176.36,13.8,297.0,11.0,MLv,,,,,,,2.2,nan,1,,,,2.2,nan,1
2022p132512,2022-02-19T00:42:28Z,-36.97,23.5,176.71,19.7,200.0,21.0,MLv,,,,2.1,0.2,6,1.9,nan,3,,,,1.9,0.3,3
2022p132616,2022-02-19T01:37:47Z,-38.76,10.2,175.66,10.0,136.0,13.0,M,,,,,,,2.3,nan,9,,,,2.3,0.4,9
2022p132651,2022-02-19T01:57:13Z,-38.57,29.1,175.7,19.3,126.0,15.0,M,,,,1.6,0.2,7,1.6,nan,6,,,,1.6,0.2,6
2022p132683,2022-02-19T02:13:56Z,-38.06,9.0,176.04,9.4,192.0,10.0,M,,,,,,,2.8,nan,30,,,,2.8,0.3,30
2022p132710,2022-02-19T02:28:00Z,-38.58,10.5,175.64,8.1,125.0,14.0,M,,,,1.6,0.3,8,2.0,nan,6,,,,2.0,0.4,6
2022p132760,2022-02-19T02:54:59Z,-39.22,2.9,175.03,1.8,23.0,4.0,M,,,,2.2,0.3,23,2.3,nan,18,,,,2.3,0.1,18
2022p132808,2022-02-19T03:20:34Z,-39.25,3.4,175.37,4.3,23.0,6.0,M,,,,1.0,0.1,13,1.0,nan,8,,,,1.0,0.1,8
2022p132826,2022-02-19T03:29:57Z,-42.96,3.9,173.24,5.0,11.0,5.0,M,,,,2.4,0.1,11,1.9,nan,2,,,,1.9,0.4,2
2022p132926,2022-02-19T04:23:09Z,-36.71,26.6,177.22,17.6,179.0,24.0,M,,,,2.4,0.4,8,2.5,nan,3,,,,2.5,0.4,3
2022p133043,2022-02-19T05:25:33Z,-38.92,9.2,176.28,6.7,62.0,16.0,M,,,,1.5,0.2,13,1.6,nan,6,,,,1.6,0.2,6
2022p133204,2022-02-19T06:51:14Z,-37.3,5.5,177.12,4.4,5.0,0.0,M,,,,2.1,0.2,12,2.4,nan,6,,,,2.4,0.3,6
2022p133210,2022-02-19T06:54:40Z,-37.41,6.9,179.89,6.5,33.0,0.0,M,,,,3.2,0.2,19,3.1,nan,16,,,,3.1,0.1,16
2022p133240,2022-02-19T07:10:40Z,-42.97,3.0,173.3,3.8,5.0,0.0,M,,,,2.4,0.3,9,2.5,nan,4,,,,2.5,0.2,4
2022p133265,2022-02-19T07:23:41Z,-40.05,2.6,175.07,3.6,31.0,4.0,M,,,,1.8,0.2,17,2.3,nan,5,,,,2.3,0.5,5
2022p133371,2022-02-19T08:20:35Z,-39.19,4.7,174.79,3.7,21.0,7.0,M,,,,2.0,0.2,10,1.8,nan,8,,,,1.8,0.3,8
2022p133412,2022-02-19T08:42:19Z,-37.48,10.3,177.13,6.8,106.0,12.0,M,,,,2.0,0.3,6,2.2,nan,7,,,,2.2,0.3,7
2022p133456,2022-02-19T09:05:35Z,-38.03,10.8,175.83,12.7,129.0,15.0,M,,,,,,,2.3,nan,4,,,,2.3,0.1,4
2022p133481,2022-02-19T09:19:09Z,-40.6,4.0,174.57,2.7,5.0,0.0,M,,,,1.7,0.2,9,1.6,nan,3,,,,1.6,0.1,3
2022p133597,2022-02-19T10:20:32Z,-38.05,8.3,176.63,7.7,65.0,13.0,M,,,,1.8,0.2,14,1.9,nan,5,,,,1.9,0.2,5
2022p133620,2022-02-19T10:32:33Z,-34.37,36.6,178.87,41.7,277.0,54.0,M,,,,3.2,0.2,6,3.1,nan,3,,,,3.1,0.1,3
2022p133653,2022-02-19T10:50:12Z,-37.73,5.4,176.33,4.9,173.0,8.0,M,,,,1.9,0.3,6,2.5,nan,12,,,,2.5,0.2,12
2022p133667,2022-02-19T10:58:06Z,-39.62,3.4,176.72,5.4,25.0,8.0,M,,,,1.4,0.4,10,1.3,nan,3,,,,1.3,0.3,3
2022p133676,2022-02-19T11:03:17Z,-40.47,3.7,175.85,4.0,43.0,7.0,M,,,,1.4,0.3,13,1.5,nan,6,,,,1.5,0.4,6
2022p133683,2022-02-19T11:06:30Z,-37.35,4.3,177.72,4.5,30.0,6.0,M,,,,3.0,0.2,21,3.1,nan,25,,,,3.1,0.2,25
2022p133714,2022-02-19T11:23:06Z,-45.05,6.6,167.4,5.9,63.0,9.0,M,,,,2.7,0.2,7,2.9,nan,3,,,,2.9,0.0,3
2022p133718,2022-02-19T11:25:27Z,-38.33,4.6,178.61,7.0,24.0,9.0,M,,,,2.3,0.2,13,2.4,nan,7,,,,2.4,0.1,7
2022p133781,2022-02-19T11:58:30Z,-37.88,8.2,179.22,8.4,12.0,0.0,M,,,,2.3,0.2,12,2.4,nan,5,,,,2.4,0.2,5
2022p133782,2022-02-19T11:59:06Z,-40.47,2.8,175.91,3.7,23.0,6.0,M,,,,1.4,0.2,12,1.6,nan,3,,,,1.6,0.5,3
2022p133881,2022-02-19T12:52:07Z,-39.59,3.7,176.12,3.7,26.0,5.0,M,,,,1.4,0.3,13,1.2,nan,6,,,,1.2,0.3,6
2022p133899,2022-02-19T13:02:02Z,-37.85,4.7,176.78,6.0,103.0,10.0,M,,,,2.1,0.3,15,2.2,nan,12,,,,2.2,0.2,12
2022p133935,2022-02-19T13:20:44Z,-42.45,3.1,173.48,3.2,8.0,5.0,M,,,,2.6,0.2,6,2.6,nan,7,,,,2.6,0.2,7
2022p133955,2022-02-19T13:31:19Z,-40.35,3.2,175.58,3.6,28.0,6.0,M,,,,1.6,0.2,15,1.8,nan,6,,,,1.8,0.3,6
2022p133959,2022-02-19T13:33:33Z,-38.36,2.9,178.62,6.2,12.0,0.0,M,,,,2.1,0.2,12,2.2,nan,7,,,,2.2,0.2,7
2022p133985,2022-02-19T13:47:23Z,-39.28,3.9,175.42,9.7,6.0,12.0,M,,,,0.9,0.2,12,0.9,nan,7,,,,0.9,0.2,7
2022p134002,2022-02-19T13:56:33Z,-39.21,2.9,175.33,3.0,14.0,5.0,M,,,,1.1,0.3,12,1.0,nan,7,,,,1.0,0.2,7
2022p134025,2022-02-19T14:09:01Z,-39.11,8.6,174.92,4.2,22.0,9.0,M,,,,1.8,0.1,13,1.6,nan,5,,,,1.6,0.2,5
2022p134036,2022-02-19T14:14:48Z,-40.06,2.5,176.46,2.6,24.0,4.0,M,,,,1.5,0.3,13,1.4,nan,5,,,,1.4,0.2,5
2022p134049,2022-02-19T14:21:43Z,-37.29,6.7,176.65,5.5,205.0,10.0,M,,,,,,,2.8,nan,20,,,,2.8,0.3,20
2022p134087,2022-02-19T14:41:48Z,-40.6,3.1,175.85,2.9,25.0,5.0,M,,,,1.5,0.3,12,1.5,nan,5,,,,1.5,0.4,5
2022p134120,2022-02-19T14:59:35Z,-37.42,9.8,179.88,7.7,33.0,0.0,MLv,,,,2.7,0.2,12,2.7,nan,4,,,,2.7,0.1,4
2022p134124,2022-02-19T15:01:44Z,-39.31,3.5,176.18,3.6,54.0,6.0,M,,,,2.6,0.4,22,2.7,nan,54,,,,2.7,0.3,54
2022p134146,2022-02-19T15:13:01Z,-44.38,3.9,167.36,5.2,5.0,0.0,M,,,,3.1,0.1,6,3.2,nan,4,,,,3.2,0.2,4
2022p134184,2022-02-19T15:33:37Z,-38.5,11.0,175.87,7.9,138.0,13.0,M,,,,1.5,0.2,6,2.2,nan,3,,,,2.2,1.0,3
2022p134214,2022-02-19T15:49:44Z,-44.4,4.4,167.32,6.1,5.0,0.0,M,,,,2.7,0.1,7,2.7,nan,2,,,,2.7,0.0,2
2022p134223,2022-02-19T15:54:18Z,-39.96,3.2,176.45,3.6,36.0,6.0,M,,,,2.0,0.2,12,1.9,nan,11,,,,1.9,0.2,11
2022p134277,2022-02-19T16:23:06Z,-38.57,6.4,175.84,6.3,96.0,11.0,M,,,,1.5,0.3,6,1.9,nan,1,,,,1.9,nan,1
2022p134295,2022-02-19T16:32:50Z,-40.69,3.1,175.4,2.4,21.0,4.0,M,,,,1.9,0.2,11,2.0,nan,8,,,,2.0,0.2,8
2022p134317,2022-02-19T16:44:28Z,-39.72,3.9,174.18,4.2,110.0,8.0,M,,,,,,,2.6,nan,5,,,,2.6,0.3,5
2022p134324,2022-02-19T16:47:57Z,-40.07,3.1,176.11,4.8,26.0,5.0,M,,,,1.3,0.4,10,1.3,nan,1,,,,1.3,nan,1
2022p134365,2022-02-19T17:10:13Z,-39.3,4.3,175.43,4.4,5.0,5.0,MLv,,,,1.5,0.3,10,1.7,nan,15,,,,1.7,0.2,15
2022p134407,2022-02-19T17:33:01Z,-39.49,8.9,175.73,5.1,9.0,9.0,MLv,,,,1.2,0.5,11,0.8,nan,2,,,,0.8,0.5,2
2022p134469,2022-02-19T18:05:37Z,-39.91,3.1,176.75,4.1,35.0,7.0,MLv,,,,1.8,0.3,12,,,,,,,2.0,0.2,9
2022p134512,2022-02-19T18:28:11Z,-37.26,6.9,177.6,6.3,13.0,10.0,MLv,,,,2.0,0.2,8,2.2,nan,4,,,,2.2,0.3,4
2022p134552,2022-02-19T18:49:31Z,-39.2,4.1,177.36,3.1,25.0,7.0,MLv,,,,1.9,0.3,11,1.9,nan,6,,,,1.9,0.2,6
2022p134554,2022-02-19T18:50:24Z,-39.21,4.7,177.37,3.4,24.0,5.0,MLv,,,,1.7,0.2,9,1.9,nan,5,,,,1.9,0.3,5
2022p134662,2022-02-19T19:48:04Z,-37.57,9.9,179.21,10.0,33.0,0.0,MLv,,,,2.3,0.2,10,2.4,nan,6,,,,2.4,0.2,6
2022p134664,2022-02-19T19:49:22Z,-41.57,4.3,174.66,2.9,16.0,5.0,MLv,,,,2.0,0.2,9,2.1,nan,3,,,,2.1,0.1,3
2022p134672,2022-02-19T19:53:15Z,-45.07,3.3,169.37,3.5,5.0,0.0,MLv,,,,2.2,0.4,8,1.6,nan,1,,,,1.6,nan,1
2022p134686,2022-02-19T20:00:49Z,-41.51,4.7,175.67,5.4,24.0,4.0,MLv,,,,3.5,0.1,18,,,,,,,3.5,0.2,46
2022p134696,2022-02-19T20:06:15Z,-44.43,3.6,167.34,5.2,5.0,0.0,MLv,,,,2.8,0.2,9,2.9,nan,4,,,,2.9,0.2,4
2022p134699,2022-02-19T20:07:42Z,-40.63,4.5,175.32,3.5,23.0,5.0,MLv,,,,2.1,0.3,10,,,,,,,2.1,0.3,7
2022p134715,2022-02-19T20:16:22Z,-40.3,2.9,174.66,3.3,12.0,0.0,MLv,,,,2.2,0.3,12,2.1,nan,2,,,,2.1,0.0,2
2022p134746,2022-02-19T20:33:13Z,-41.47,6.0,175.66,5.4,20.0,5.0,MLv,,,,1.7,0.2,8,1.8,nan,6,,,,1.8,0.2,6
2022p134753,2022-02-19T20:36:47Z,-44.4,4.9,167.39,7.1,5.0,0.0,MLv,,,,2.7,0.3,11,2.6,nan,5,,,,2.6,0.2,5
2022p134768,2022-02-19T20:44:29Z,-38.09,4.5,178.28,5.8,13.0,7.0,MLv,,,,1.6,0.3,8,1.5,nan,6,,,,1.5,0.5,6
2022p134827,2022-02-19T21:16:12Z,-39.59,4.0,176.95,5.3,23.0,5.0,MLv,,,,1.5,0.3,8,1.6,nan,5,,,,1.6,0.2,5
2022p134828,2022-02-19T21:16:53Z,-40.2,2.2,174.9,3.0,12.0,0.0,MLv,,,,2.4,0.2,25,2.3,nan,15,,,,2.3,0.2,15
2022p134934,2022-02-19T22:12:50Z,-44.41,5.1,167.3,7.6,5.0,0.0,MLv,,,,2.5,0.1,7,2.4,nan,1,,,,2.4,nan,1
2022p134951,2022-02-19T22:22:03Z,-38.24,4.7,177.62,4.5,50.0,10.0,MLv,,,,1.2,0.3,8,1.1,nan,3,,,,1.1,0.3,3
2022p134971,2022-02-19T22:32:56Z,-41.6,2.7,174.25,2.7,9.0,5.0,MLv,,,,2.7,0.2,12,,,,,,,2.7,0.2,16
2022p134981,2022-02-19T22:38:40Z,-40.61,4.4,175.84,3.8,26.0,8.0,MLv,,,,1.0,0.2,6,0.7,nan,2,,,,0.7,0.1,2
2022p135061,2022-02-19T23:21:27Z,-38.26,8.3,176.09,8.8,152.0,13.0,MLv,,,,,,,1.9,nan,2,,,,1.9,0.2,2
2022p135073,2022-02-19T23:26:58Z,-38.49,7.4,175.86,11.3,165.0,11.0,M,,,,1.8,0.7,2,2.1,nan,10,,,,2.1,0.2,10
2022p135138,2022-02-20T00:01:54Z,-38.81,10.0,176.09,11.3,138.0,30.0,MLv,,,,1.9,0.6,7,1.2,nan,1,,,,1.2,nan,1
2022p135156,2022-02-20T00:11:25Z,-38.61,2.6,176.21,2.8,5.0,0.0,MLv,,,,2.1,0.2,17,,,,,,,2.1,0.2,18
2022p135161,2022-02-20T00:13:51Z,-37.68,11.8,176.63,9.7,110.0,13.0,MLv,,,,1.9,0.2,7,2.2,nan,8,,,,2.2,0.2,8
2022p135187,2022-02-20T00:27:51Z,-37.97,3.3,177.93,3.5,26.0,7.0,MLv,,,,1.6,0.2,8,,,,,,,1.7,0.2,7
2022p135194,2022-02-20T00:31:36Z,-38.97,4.3,177.89,9.3,14.0,6.0,MLv,,,,1.5,0.3,8,1.3,nan,3,,,,1.3,0.3,3
2022p135234,2022-02-20T00:53:07Z,-39.23,5.4,177.3,4.1,27.0,8.0,MLv,,,,1.7,0.1,10,1.6,nan,4,,,,1.6,0.2,4
2022p135301,2022-02-20T01:28:40Z,-38.15,10.0,175.6,8.1,121.0,15.0,M,,,,,,,2.1,nan,3,,,,2.1,0.2,3
2022p135340,2022-02-20T01:49:24Z,-38.99,3.8,177.89,4.7,12.0,5.0,M,,,,1.8,0.2,12,1.6,nan,7,,,,1.6,0.3,7
2022p135477,2022-02-20T03:02:29Z,-39.01,5.3,176.83,7.7,37.0,11.0,M,,,,1.1,0.4,7,0.9,nan,4,,,,0.9,0.4,4
2022p135496,2022-02-20T03:12:40Z,-42.98,2.5,173.32,3.1,5.0,0.0,M,,,,3.2,0.3,6,3.1,nan,18,,,,3.1,0.2,18
2022p135646,2022-02-20T04:32:18Z,-40.11,2.2,174.97,3.4,19.0,6.0,M,,,,1.9,0.2,11,2.1,nan,4,,,,2.1,0.3,4
2022p135658,2022-02-20T04:38:46Z,-40.16,2.9,176.25,3.3,17.0,5.0,M,,,,1.5,0.2,12,1.5,nan,5,,,,1.5,0.3,5
2022p135701,2022-02-20T05:01:33Z,-39.49,8.2,175.71,5.7,12.0,9.0,M,,,,1.0,0.5,9,0.4,nan,3,,,,0.4,0.5,3
2022p135750,2022-02-20T05:27:43Z,-45.37,3.3,167.01,4.2,51.0,6.0,MLv,,,,4.2,0.2,8,,,,,,,4.6,0.2,31
2022p135779,2022-02-20T05:43:16Z,-38.68,3.0,177.24,3.5,25.0,5.0,M,,,,1.5,0.3,10,1.3,nan,3,,,,1.3,0.3,3
2022p135872,2022-02-20T06:32:58Z,-40.65,2.1,175.34,2.6,21.0,3.0,M,,,,2.2,0.3,20,2.2,nan,10,,,,2.2,0.3,10
2022p135896,2022-02-20T06:45:42Z,-41.16,3.8,174.88,4.5,46.0,6.0,M,,,,2.6,0.2,11,2.8,nan,31,,,,2.8,0.2,31
2022p135918,2022-02-20T06:57:09Z,-40.61,2.4,174.56,2.4,5.0,0.0,M,,,,2.1,0.4,12,1.9,nan,7,,,,1.9,0.3,7
2022p135944,2022-02-20T07:11:24Z,-39.54,4.1,178.04,5.1,22.0,7.0,M,,,,3.5,0.3,15,3.4,nan,67,,,,3.4,0.2,67
2022p135956,2022-02-20T07:17:35Z,-39.52,5.7,178.04,6.2,20.0,9.0,M,,,,2.3,0.2,13,2.4,nan,6,,,,2.4,0.2,6
2022p136015,2022-02-20T07:48:50Z,-39.5,4.3,178.06,9.0,33.0,0.0,M,,,,2.2,0.2,23,2.4,nan,9,,,,2.4,0.2,9
2022p136026,2022-02-20T07:54:46Z,-39.51,2.1,176.83,2.7,25.0,5.0,M,,,,1.5,0.2,11,1.5,nan,4,,,,1.5,0.1,4
2022p136049,2022-02-20T08:07:30Z,-38.61,2.8,176.05,3.0,5.0,0.0,M,,,,1.8,0.3,14,1.9,nan,7,,,,1.9,0.4,7
2022p136159,2022-02-20T09:05:47Z,-42.97,3.1,173.26,4.4,5.0,0.0,M,,,,2.0,0.1,8,2.0,nan,3,,,,2.0,0.4,3
2022p136223,2022-02-20T09:39:37Z,-37.57,5.9,176.92,5.8,103.0,14.0,M,,,,2.3,0.4,7,2.7,nan,29,,,,2.7,0.3,29
2022p136229,2022-02-20T09:42:56Z,-37.08,16.5,176.84,12.0,223.0,14.0,M,,,,,,,2.3,nan,4,,,,2.3,0.3,4
2022p136244,2022-02-20T09:51:06Z,-40.58,3.2,175.77,3.1,19.0,4.0,M,,,,1.4,0.2,12,1.3,nan,5,,,,1.3,0.3,5
2022p136307,2022-02-20T10:24:22Z,-40.66,3.4,175.9,4.1,26.0,7.0,M,,,,1.1,0.3,8,1.0,nan,3,,,,1.0,0.1,3
2022p136332,2022-02-20T10:37:58Z,-39.73,5.3,176.79,4.3,41.0,12.0,M,,,,1.2,0.2,6,1.2,nan,2,,,,1.2,0.1,2
2022p136393,2022-02-20T11:10:20Z,-37.79,4.8,177.49,4.0,24.0,6.0,M,,,,1.9,0.1,12,2.0,nan,6,,,,2.0,0.2,6
2022p136418,2022-02-20T11:24:03Z,-37.96,3.2,175.78,2.7,3.0,4.0,M,,,,1.9,0.2,11,2.0,nan,6,,,,2.0,0.2,6
2022p136470,2022-02-20T11:51:27Z,-38.87,3.3,177.84,4.5,23.0,5.0,M,,,,1.6,0.2,13,1.6,nan,3,,,,1.6,0.4,3
2022p136503,2022-02-20T12:09:03Z,-37.26,20.3,179.79,13.0,12.0,0.0,M,,,,2.4,0.1,10,2.4,nan,3,,,,2.4,0.0,3
2022p136549,2022-02-20T12:33:42Z,-38.65,2.6,176.87,2.4,5.0,3.0,M,,,,2.1,0.2,12,2.0,nan,10,,,,2.0,0.2,10
2022p136563,2022-02-20T12:41:16Z,-38.92,3.8,177.53,3.0,21.0,6.0,M,,,,1.6,0.2,13,1.5,nan,3,,,,1.5,0.1,3
2022p136601,2022-02-20T13:01:27Z,-43.4,3.3,173.28,6.2,20.0,5.0,M,,,,2.5,0.3,9,2.6,nan,7,,,,2.6,0.3,7
2022p136603,2022-02-20T13:02:20Z,-39.29,3.5,177.37,4.1,24.0,6.0,M,,,,2.0,0.2,12,2.1,nan,6,,,,2.1,0.1,6
2022p136656,2022-02-20T13:30:34Z,-42.98,2.7,173.28,4.1,5.0,0.0,M,,,,2.0,0.2,8,1.8,nan,2,,,,1.8,0.3,2
2022p136666,2022-02-20T13:36:11Z,-38.32,8.0,175.89,7.4,164.0,10.0,M,,,,,,,2.6,nan,17,,,,2.6,0.2,17
2022p136729,2022-02-20T14:09:43Z,-39.14,7.9,175.45,5.9,85.0,7.0,M,,,,1.6,0.4,14,1.4,nan,14,,,,1.4,0.5,14
2022p136766,2022-02-20T14:29:28Z,-40.16,3.0,174.9,5.6,5.0,0.0,M,,,,1.8,0.2,6,2.0,nan,1,,,,2.0,nan,1
2022p136772,2022-02-20T14:32:35Z,-42.99,2.4,173.28,3.8,5.0,0.0,M,,,,3.1,0.2,9,3.1,nan,18,,,,3.1,0.2,18
2022p136796,2022-02-20T14:45:05Z,-40.34,3.4,176.47,4.9,16.0,6.0,M,,,,1.6,0.2,10,1.5,nan,7,,,,1.5,0.2,7
2022p136820,2022-02-20T14:58:05Z,-42.99,2.9,173.29,4.0,5.0,0.0,M,,,,2.0,0.1,8,2.0,nan,3,,,,2.0,0.3,3
2022p136873,2022-02-20T15:26:07Z,-42.97,3.2,173.27,4.2,5.0,0.0,M,,,,2.0,0.1,8,1.8,nan,3,,,,1.8,0.4,3
2022p136889,2022-02-20T15:34:27Z,-38.72,26.0,175.73,23.2,147.0,21.0,M,,,,1.7,0.4,8,1.9,nan,1,,,,1.9,nan,1
2022p136902,2022-02-20T15:41:29Z,-42.28,2.0,173.54,3.0,5.0,0.0,M,,,,1.6,0.3,6,1.5,nan,2,,,,1.5,0.5,2
2022p136904,2022-02-20T15:42:53Z,-37.68,8.0,176.51,7.2,130.0,12.0,M,,,,,,,2.1,nan,3,,,,2.1,0.3,3
2022p136909,2022-02-20T15:45:20Z,-39.52,6.1,175.66,4.3,11.0,9.0,M,,,,1.1,0.4,12,0.8,nan,3,,,,0.8,0.4,3
2022p136921,2022-02-20T15:51:36Z,-44.17,4.8,168.63,6.6,5.0,0.0,M,,,,2.2,0.2,7,2.2,nan,2,,,,2.2,0.4,2
2022p136979,2022-02-20T16:22:34Z,-40.28,7.2,173.44,6.6,154.0,10.0,M,,,,,,,2.4,nan,7,,,,2.4,0.2,7
2022p136996,2022-02-20T16:31:38Z,-37.96,3.5,175.79,3.1,5.0,0.0,M,,,,1.9,0.3,9,1.9,nan,7,,,,1.9,0.1,7
2022p137006,2022-02-20T16:36:51Z,-37.79,14.2,179.54,13.3,16.0,22.0,M,,,,2.3,0.2,12,2.3,nan,1,,,,2.3,nan,1
2022p137041,2022-02-20T16:55:52Z,-42.99,2.4,173.32,2.9,5.0,0.0,MLv,,,,4.3,0.2,10,,,,,,,4.5,0.2,86
2022p137052,2022-02-20T17:01:38Z,-42.99,2.7,173.29,4.9,5.0,0.0,M,,,,2.3,0.2,12,2.5,nan,2,,,,2.5,0.1,2
2022p137063,2022-02-20T17:07:30Z,-43.82,4.0,169.01,3.5,5.0,0.0,MLv,,,,2.7,0.3,6,3.0,nan,7,,,,3.0,0.4,7
2022p137075,2022-02-20T17:13:48Z,-42.97,3.3,173.27,4.6,5.0,0.0,M,,,,2.1,0.1,7,2.4,nan,5,,,,2.4,0.2,5
2022p137098,2022-02-20T17:26:35Z,-39.34,10.9,174.43,5.9,129.0,9.0,MLv,,,,2.0,0.3,8,2.3,nan,9,,,,2.3,0.2,9
2022p137117,2022-02-20T17:36:09Z,-39.0,12.0,176.14,5.5,62.0,11.0,MLv,,,,1.3,0.3,9,0.9,nan,3,,,,0.9,0.7,3
2022p137137,2022-02-20T17:47:12Z,-39.23,6.6,174.58,6.3,167.0,7.0,MLv,,,,3.5,0.3,14,,,,,,,4.1,0.5,110
2022p137162,2022-02-20T18:00:02Z,-41.7,2.9,174.24,4.6,11.0,6.0,MLv,,,,1.5,0.2,8,1.2,nan,4,,,,1.2,0.4,4
2022p137414,2022-02-20T20:14:39Z,-38.04,3.3,177.47,3.2,5.0,0.0,MLv,,,,2.0,0.2,7,,,,,,,2.1,0.1,5
2022p137432,2022-02-20T20:24:12Z,-41.22,5.3,172.64,6.1,117.0,7.0,MLv,,,,,,,,,,,,,1.8,0.5,3
2022p137519,2022-02-20T21:10:42Z,-38.14,5.3,176.25,5.4,147.0,6.0,MLv,,,,2.8,0.5,6,,,,,,,4.0,0.5,114
2022p137540,2022-02-20T21:21:19Z,-42.31,4.7,172.91,5.3,40.0,9.0,M,,,,2.1,0.2,8,2.2,nan,2,,,,2.2,0.2,2
2022p137568,2022-02-20T21:36:24Z,-39.95,2.4,175.31,4.3,23.0,5.0,MLv,,,,1.6,0.1,12,1.5,nan,4,,,,1.5,0.1,4
2022p137718,2022-02-20T22:56:36Z,-40.17,3.1,174.65,4.0,49.0,9.0,M,,,,3.1,0.2,20,3.0,nan,52,,,,3.0,0.2,52
2022p137738,2022-02-20T23:07:12Z,-39.5,5.6,175.69,4.7,8.0,8.0,M,,,,1.3,0.2,16,1.3,nan,10,,,,1.3,0.2,10
2022p137758,2022-02-20T23:17:33Z,-38.26,4.1,178.56,6.7,23.0,7.0,M,,,,2.4,0.3,13,2.6,nan,7,,,,2.6,0.3,7
2022p137786,2022-02-20T23:32:41Z,-42.98,2.8,173.29,4.0,5.0,0.0,MLv,,,,2.1,0.2,6,2.4,nan,4,,,,2.4,0.3,4
2022p137811,2022-02-20T23:45:52Z,-39.91,3.4,175.16,5.1,47.0,7.0,M,,,,1.9,0.1,19,2.0,nan,10,,,,2.0,0.1,10
2022p137823,2022-02-20T23:52:13Z,-37.67,6.0,177.91,5.0,65.0,6.0,MLv,,,,2.6,0.3,23,2.6,nan,16,,,,2.6,0.2,16
2022p137871,2022-02-21T00:17:52Z,-42.97,2.9,173.28,3.7,5.0,0.0,MLv,,,,2.4,0.1,7,2.6,nan,7,,,,2.6,0.2,7
2022p137940,2022-02-21T00:54:52Z,-38.96,13.8,175.0,8.4,201.0,8.0,MLv,,,,2.2,0.3,5,,,,,,,2.9,0.4,39
2022p137977,2022-02-21T01:15:13Z,-40.29,2.7,176.1,3.3,36.0,5.0,MLv,,,,3.1,0.2,15,,,,,,,3.0,0.2,49
2022p137989,2022-02-21T01:20:37Z,-38.85,6.9,176.29,4.3,40.0,13.0,MLv,,,,2.0,0.2,14,,,,,,,2.0,0.2,11
2022p138091,2022-02-21T02:15:10Z,-40.42,11.8,173.4,7.1,133.0,11.0,MLv,,,,,,,2.4,nan,11,,,,2.4,0.2,11
2022p138188,2022-02-21T03:06:44Z,-41.77,2.4,173.68,2.1,30.0,3.0,MLv,,,,5.4,0.2,19,5.6,nan,119,,,,5.6,0.2,119
2022p138210,2022-02-21T03:18:47Z,-38.33,4.3,177.61,3.5,45.0,6.0,MLv,,,,2.1,0.1,18,2.1,nan,13,,,,2.1,0.2,13
2022p138221,2022-02-21T03:24:24Z,-38.42,23.1,176.08,18.4,152.0,20.0,M,,,,,,,2.0,nan,3,,,,2.0,0.6,3
2022p138244,2022-02-21T03:36:45Z,-40.37,3.1,175.93,3.6,20.0,6.0,MLv,,,,1.1,0.3,7,1.1,nan,2,,,,1.1,0.6,2
2022p138290,2022-02-21T04:01:25Z,-40.22,3.0,174.88,5.6,12.0,0.0,MLv,,,,1.6,0.1,7,1.5,nan,5,,,,1.5,0.1,5
2022p138320,2022-02-21T04:17:14Z,-44.12,2.7,168.75,3.1,5.0,0.0,MLv,,,,2.6,0.1,6,2.7,nan,4,,,,2.7,0.1,4
2022p138325,2022-02-21T04:19:52Z,-39.9,2.4,175.65,2.8,11.0,6.0,MLv,,,,1.6,0.2,13,,,,,,,1.7,0.2,9
2022p138372,2022-02-21T04:44:39Z,-39.23,3.4,177.37,3.8,24.0,6.0,MLv,,,,1.8,0.1,12,1.8,nan,6,,,,1.8,0.3,6
2022p138480,2022-02-21T05:40:57Z,-33.42,31.6,179.98,51.4,300.0,0.0,MLv,4.1,0.3,3,3.9,0.5,3,3.7,nan,3,3.2,0.4,3,3.8,0.3,3
2022p138492,2022-02-21T05:48:39Z,-39.68,12.1,174.26,9.8,199.0,11.0,MLv,,,,,,,,,,,,,2.0,0.2,3
2022p138531,2022-02-21T06:09:41Z,-39.13,5.4,174.97,2.4,20.0,7.0,MLv,,,,1.8,0.4,10,1.6,nan,5,,,,1.6,0.0,5
2022p138745,2022-02-21T08:03:28Z,-39.25,4.4,177.45,4.4,22.0,11.0,MLv,,,,1.6,0.2,8,1.4,nan,4,,,,1.4,0.2,4
2022p138785,2022-02-21T08:24:11Z,-35.51,23.3,178.47,30.0,216.0,27.0,M,,,,3.3,0.3,5,2.8,nan,1,,,,2.8,nan,1
2022p138784,2022-02-21T08:24:11Z,-35.41,29.1,178.41,36.2,192.0,38.0,MLv,,,,2.8,0.2,8,2.5,nan,3,,,,2.5,0.1,3
2022p138846,2022-02-21T08:57:13Z,-38.7,3.0,176.79,3.1,39.0,6.0,MLv,,,,2.1,0.3,18,,,,,,,2.1,0.2,37
2022p138863,2022-02-21T09:06:32Z,-42.96,3.3,173.27,4.5,5.0,0.0,M,,,,2.2,0.2,9,1.9,nan,2,,,,1.9,0.3,2
2022p138885,2022-02-21T09:17:57Z,-40.62,3.2,174.58,2.5,12.0,0.0,M,,,,1.7,0.3,13,1.9,nan,5,,,,1.9,0.7,5
2022p138886,2022-02-21T09:18:32Z,-37.06,30.9,177.89,29.8,131.0,60.0,M,,,,1.9,0.1,7,2.1,nan,7,,,,2.1,0.2,7
2022p138944,2022-02-21T09:49:48Z,-39.51,5.4,175.67,4.2,12.0,8.0,M,,,,1.0,0.3,15,0.8,nan,6,,,,0.8,0.4,6
2022p138987,2022-02-21T10:12:15Z,-36.62,9.7,177.94,12.5,111.0,15.0,M,,,,2.4,0.1,7,2.4,nan,3,,,,2.4,0.1,3
2022p139026,2022-02-21T10:33:20Z,-38.78,3.1,177.96,4.0,24.0,4.0,M,,,,2.1,0.3,14,2.3,nan,12,,,,2.3,0.4,12
2022p139036,2022-02-21T10:38:45Z,-38.8,3.4,177.86,5.7,26.0,9.0,M,,,,1.3,0.2,6,1.1,nan,2,,,,1.1,0.2,2
2022p139047,2022-02-21T10:44:37Z,-44.38,4.4,167.36,6.3,5.0,0.0,M,,,,3.5,0.1,6,3.8,nan,13,,,,3.8,0.2,13
2022p139093,2022-02-21T11:08:50Z,-39.08,3.9,177.76,3.4,22.0,4.0,M,,,,1.9,0.3,15,1.8,nan,7,,,,1.8,0.3,7
2022p139103,2022-02-21T11:14:15Z,-40.56,4.4,176.42,5.3,15.0,5.0,M,,,,1.5,0.2,10,1.5,nan,5,,,,1.5,0.3,5
2022p139126,2022-02-21T11:26:40Z,-41.71,4.2,172.3,5.4,70.0,8.0,M,,,,1.9,0.2,12,1.9,nan,5,,,,1.9,0.3,5
2022p139154,2022-02-21T11:41:36Z,-41.8,3.7,174.1,3.1,8.0,4.0,M,,,,1.6,0.2,9,1.5,nan,2,,,,1.5,0.5,2
2022p139246,2022-02-21T12:30:28Z,-38.53,10.2,175.71,7.2,141.0,11.0,M,,,,1.7,0.2,5,1.9,nan,7,,,,1.9,0.2,7
2022p139342,2022-02-21T13:21:47Z,-38.78,3.0,177.9,3.8,22.0,5.0,M,,,,1.6,0.2,11,1.6,nan,7,,,,1.6,0.2,7
2022p139374,2022-02-21T13:38:29Z,-44.2,3.2,168.51,3.8,5.0,0.0,M,,,,2.2,0.2,7,2.1,nan,4,,,,2.1,0.3,4
2022p139417,2022-02-21T14:01:30Z,-35.57,33.6,178.61,28.6,214.0,38.0,M,,,,2.9,0.3,7,3.0,nan,2,,,,3.0,0.0,2
2022p139429,2022-02-21T14:08:15Z,-37.36,6.6,176.85,5.7,148.0,9.0,M,,,,2.4,0.3,8,2.7,nan,22,,,,2.7,0.3,22
2022p139484,2022-02-21T14:37:22Z,-38.7,4.9,176.13,4.5,82.0,7.0,M,,,,1.8,0.2,20,2.4,nan,31,,,,2.4,0.3,31
2022p139498,2022-02-21T14:44:42Z,-41.93,2.7,173.87,4.3,7.0,5.0,M,,,,1.7,0.2,6,1.5,nan,3,,,,1.5,0.3,3
2022p139527,2022-02-21T15:00:00Z,-38.14,5.0,178.27,5.5,19.0,8.0,M,,,,1.4,0.2,8,1.7,nan,2,,,,1.7,0.2,2
2022p139561,2022-02-21T15:18:34Z,-43.39,2.6,170.78,2.9,5.0,0.0,M,,,,1.9,0.2,6,1.8,nan,2,,,,1.8,0.2,2
2022p139567,2022-02-21T15:21:40Z,-38.82,3.6,177.98,4.6,37.0,4.0,M,,,,2.6,0.2,20,2.6,nan,37,,,,2.6,0.2,37
2022p139617,2022-02-21T15:48:18Z,-39.26,3.1,177.17,3.3,24.0,4.0,M,,,,2.4,0.2,19,2.4,nan,30,,,,2.4,0.2,30
2022p139625,2022-02-21T15:52:20Z,-40.6,9.6,174.55,4.7,38.0,11.0,M,,,,1.7,0.2,7,1.7,nan,3,,,,1.7,0.2,3
2022p139646,2022-02-21T16:03:32Z,-40.13,2.3,176.59,3.0,16.0,4.0,M,,,,1.4,0.2,12,1.2,nan,5,,,,1.2,0.1,5
2022p139746,2022-02-21T16:57:06Z,-40.71,7.8,176.27,6.1,23.0,8.0,M,,,,2.1,0.2,7,2.0,nan,7,,,,2.0,0.2,7
2022p139785,2022-02-21T17:17:35Z,-40.52,6.2,173.87,4.6,77.0,10.0,MLv,,,,2.1,0.3,13,1.9,nan,4,,,,1.9,0.3,4
2022p139797,2022-02-21T17:24:17Z,-39.53,4.7,175.82,6.7,45.0,10.0,M,,,,1.5,0.4,13,1.6,nan,15,,,,1.6,0.3,15
2022p139879,2022-02-21T18:07:31Z,-39.2,8.2,174.92,4.8,140.0,10.0,M,,,,1.6,0.2,5,2.4,nan,26,,,,2.4,0.4,26
2022p139915,2022-02-21T18:27:17Z,-37.42,12.5,179.93,7.3,12.0,0.0,M,,,,2.7,0.2,13,2.7,nan,5,,,,2.7,0.2,5
2022p139947,2022-02-21T18:44:03Z,-40.94,3.4,176.04,4.0,17.0,6.0,M,,,,1.8,0.2,10,1.9,nan,8,,,,1.9,0.2,8
2022p139948,2022-02-21T18:44:35Z,-39.25,2.8,177.18,3.6,24.0,6.0,MLv,,,,3.2,0.2,14,,,,,,,3.1,0.2,47
2022p139953,2022-02-21T18:47:06Z,-39.25,3.0,177.17,3.4,23.0,5.0,M,,,,2.0,0.2,15,2.1,nan,12,,,,2.1,0.2,12
2022p139996,2022-02-21T19:10:04Z,-37.39,9.8,176.96,6.1,33.0,0.0,MLv,,,,2.5,0.2,13,2.5,nan,8,,,,2.5,0.1,8
2022p140000,2022-02-21T19:12:05Z,-39.25,5.0,177.16,4.1,23.0,6.0,M,,,,2.0,0.2,11,2.0,nan,6,,,,2.0,0.2,6
2022p140024,2022-02-21T19:25:08Z,-39.47,5.7,175.72,4.6,9.0,8.0,M,,,,0.9,0.2,13,1.0,nan,7,,,,1.0,0.3,7
2022p140125,2022-02-21T20:19:06Z,-40.68,6.6,175.31,4.0,23.0,6.0,M,,,,1.6,0.2,10,1.7,nan,6,,,,1.7,0.2,6
2022p140199,2022-02-21T20:58:10Z,-40.19,2.7,175.91,4.2,18.0,5.0,MLv,,,,1.7,0.3,16,1.7,nan,11,,,,1.7,0.3,11
2022p140257,2022-02-21T21:28:59Z,-35.05,31.3,178.97,44.4,186.0,45.0,M,,,,3.6,0.2,13,3.7,nan,12,,,,3.7,0.2,12
2022p140263,2022-02-21T21:32:25Z,-38.95,3.4,177.8,3.5,23.0,5.0,M,,,,2.0,0.3,13,1.9,nan,7,,,,1.9,0.3,7
2022p140291,2022-02-21T21:47:23Z,-39.26,2.9,177.17,3.5,25.0,4.0,M,,,,3.1,0.2,18,3.0,nan,47,,,,3.0,0.2,47
2022p140319,2022-02-21T22:02:26Z,-38.98,7.2,175.13,6.5,42.0,19.0,MLv,,,,2.0,0.3,9,1.6,nan,2,,,,1.6,0.3,2
2022p140394,2022-02-21T22:42:07Z,-40.62,6.6,176.52,8.9,12.0,9.0,M,,,,1.6,0.2,8,1.6,nan,4,,,,1.6,0.1,4
2022p140430,2022-02-21T23:01:30Z,-39.46,6.4,175.69,4.1,14.0,9.0,MLv,,,,1.0,0.3,13,1.1,nan,8,,,,1.1,0.3,8
2022p140502,2022-02-21T23:39:43Z,-38.3,10.6,175.97,12.7,184.0,11.0,M,,,,1.6,0.4,8,2.1,nan,7,,,,2.1,0.3,7
2022p140516,2022-02-21T23:47:17Z,-39.19,7.4,174.77,3.8,23.0,10.0,M,,,,2.3,0.2,13,2.2,nan,13,,,,2.2,0.2,13
2022p140614,2022-02-22T00:39:29Z,-39.22,5.3,177.59,4.2,22.0,8.0,MLv,,,,1.7,0.3,9,1.8,nan,3,,,,1.8,0.2,3
2022p140641,2022-02-22T00:53:58Z,-40.59,6.4,174.39,4.1,34.0,8.0,MLv,,,,2.2,0.2,10,2.0,nan,6,,,,2.0,0.3,6
2022p140643,2022-02-22T00:54:59Z,-38.17,5.2,178.83,8.5,12.0,0.0,M,,,,2.2,0.2,9,2.4,nan,7,,,,2.4,0.3,7
2022p140793,2022-02-22T02:14:50Z,-38.16,14.2,176.97,14.1,131.0,13.0,MLv,,,,,,,2.0,nan,7,,,,2.0,0.2,7
2022p140796,2022-02-22T02:16:38Z,-40.77,3.9,176.19,3.8,23.0,6.0,MLv,,,,2.4,0.2,8,2.3,nan,7,,,,2.3,0.2,7
2022p140816,2022-02-22T02:27:14Z,-39.74,4.6,176.79,4.1,33.0,10.0,MLv,,,,1.7,0.3,8,1.8,nan,6,,,,1.8,0.3,6
2022p140933,2022-02-22T03:29:06Z,-38.58,2.6,177.05,2.7,7.0,5.0,MLv,,,,1.6,0.4,9,,,,,,,1.5,0.3,6
2022p140941,2022-02-22T03:33:51Z,-37.7,3.1,176.97,2.7,5.0,0.0,MLv,,,,2.2,0.2,18,2.4,nan,11,,,,2.4,0.2,11
2022p140972,2022-02-22T03:50:38Z,-40.86,2.3,175.49,2.6,19.0,5.0,MLv,,,,2.1,0.2,13,2.2,nan,16,,,,2.2,0.2,16
2022p140976,2022-02-22T03:52:26Z,-42.05,2.4,173.73,2.5,6.0,3.0,MLv,,,,1.8,0.3,7,1.7,nan,2,,,,1.7,0.3,2
2022p141018,2022-02-22T04:14:19Z,-38.32,10.3,175.66,8.8,142.0,19.0,MLv,,,,1.9,0.2,8,2.0,nan,6,,,,2.0,0.2,6
2022p141031,2022-02-22T04:21:32Z,-39.26,5.1,177.74,6.0,28.0,5.0,MLv,,,,1.8,0.2,12,,,,,,,2.0,0.2,6
2022p141113,2022-02-22T05:05:13Z,-39.03,3.2,177.47,2.7,21.0,5.0,MLv,,,,1.9,0.2,12,,,,,,,2.0,0.2,5
2022p141119,2022-02-22T05:08:23Z,-39.04,5.3,177.48,2.7,23.0,7.0,MLv,,,,2.1,0.3,10,,,,,,,2.1,0.2,7
2022p141178,2022-02-22T05:39:41Z,-44.22,2.4,168.64,3.4,5.0,0.0,MLv,,,,2.8,0.1,8,3.0,nan,7,,,,3.0,0.2,7
2022p141184,2022-02-22T05:43:18Z,-39.62,5.4,175.77,6.7,17.0,14.0,MLv,,,,1.0,0.6,7,1.3,nan,7,,,,1.3,0.4,7
2022p141185,2022-02-22T05:43:51Z,-42.33,4.3,172.7,4.6,33.0,6.0,MLv,,,,2.0,0.2,9,2.0,nan,5,,,,2.0,0.1,5
2022p141305,2022-02-22T06:47:24Z,-36.81,7.1,177.8,9.6,64.0,23.0,MLv,,,,2.4,0.2,13,2.6,nan,7,,,,2.6,0.1,7
2022p141438,2022-02-22T07:58:05Z,-37.0,10.3,178.85,11.4,5.0,0.0,MLv,,,,2.3,0.2,8,2.5,nan,5,,,,2.5,0.1,5
2022p141461,2022-02-22T08:10:33Z,-41.29,5.4,172.94,6.0,85.0,8.0,MLv,,,,2.0,0.3,9,2.2,nan,6,,,,2.2,0.3,6
2022p141463,2022-02-22T08:11:49Z,-41.26,5.9,174.55,4.0,45.0,8.0,MLv,,,,1.9,0.1,8,1.9,nan,4,,,,1.9,0.3,4
2022p141525,2022-02-22T08:44:34Z,-40.3,2.8,174.74,3.3,24.0,6.0,MLv,,,,2.0,0.1,16,2.0,nan,3,,,,2.0,0.2,3
2022p141538,2022-02-22T08:51:45Z,-37.66,5.8,178.18,4.1,23.0,5.0,MLv,,,,1.6,0.1,8,1.6,nan,4,,,,1.6,0.3,4
2022p141550,2022-02-22T08:58:22Z,-40.64,5.5,173.73,4.9,115.0,9.0,MLv,,,,,,,2.2,nan,6,,,,2.2,0.2,6
2022p141575,2022-02-22T09:11:35Z,-37.14,3.0,175.13,3.0,4.0,3.0,M,,,,1.6,0.3,12,1.6,nan,7,,,,1.6,0.3,7
2022p141581,2022-02-22T09:14:50Z,-39.24,3.7,175.11,3.0,17.0,7.0,M,,,,1.4,0.2,11,1.4,nan,6,,,,1.4,0.1,6
2022p141632,2022-02-22T09:42:02Z,-38.0,3.2,178.22,4.2,13.0,6.0,M,,,,1.5,0.2,9,1.6,nan,4,,,,1.6,0.2,4
2022p141643,2022-02-22T09:47:49Z,-40.37,9.1,174.03,3.7,53.0,14.0,M,,,,1.9,0.1,6,1.9,nan,5,,,,1.9,0.3,5
2022p141712,2022-02-22T10:23:25Z,-33.34,30.7,179.58,55.8,248.0,64.0,MLv,4.0,nan,1,3.6,0.1,7,3.6,nan,3,3.1,0.4,1,3.6,0.1,3
2022p141735,2022-02-22T10:36:27Z,-42.35,2.4,173.49,2.9,5.0,3.0,M,,,,2.0,0.3,9,1.9,nan,2,,,,1.9,0.1,2
2022p141738,2022-02-22T10:38:22Z,-39.03,2.7,177.48,2.2,21.0,4.0,M,,,,2.5,0.3,18,2.4,nan,22,,,,2.4,0.2,22
2022p141841,2022-02-22T11:33:11Z,-43.57,2.4,172.32,1.6,5.0,0.0,M,,,,1.8,0.3,8,1.6,nan,3,,,,1.6,0.5,3
2022p141847,2022-02-22T11:36:08Z,-38.56,8.5,175.74,9.3,149.0,10.0,M,,,,,,,1.8,nan,2,,,,1.8,0.3,2
2022p141908,2022-02-22T12:08:48Z,-42.46,2.3,173.26,3.0,6.0,4.0,M,,,,2.3,0.4,8,2.2,nan,3,,,,2.2,0.5,3
2022p141997,2022-02-22T12:56:13Z,-40.31,3.7,174.16,3.1,98.0,11.0,M,,,,,,,1.9,nan,4,,,,1.9,0.2,4
2022p142002,2022-02-22T12:59:10Z,-37.85,3.8,176.96,2.1,3.0,3.0,M,,,,2.1,0.3,14,2.1,nan,17,,,,2.1,0.2,17
2022p142089,2022-02-22T13:45:14Z,-38.26,9.1,175.99,7.5,148.0,10.0,M,,,,1.9,0.3,3,2.1,nan,13,,,,2.1,0.4,13
2022p142102,2022-02-22T13:52:01Z,-39.56,2.8,175.9,2.7,9.0,9.0,M,,,,0.4,0.3,5,0.8,nan,2,,,,0.8,0.6,2
2022p142106,2022-02-22T13:54:23Z,-39.56,2.1,175.91,2.3,5.0,0.0,M,,,,2.1,0.3,14,2.3,nan,26,,,,2.3,0.3,26
2022p142107,2022-02-22T13:55:00Z,-37.97,6.3,176.62,5.7,114.0,11.0,M,,,,1.8,0.3,8,1.9,nan,5,,,,1.9,0.2,5
2022p142115,2022-02-22T13:59:18Z,-39.06,5.4,178.32,6.1,20.0,5.0,M,,,,1.9,0.2,16,2.0,nan,7,,,,2.0,0.1,7
2022p142146,2022-02-22T14:15:48Z,-39.3,2.2,175.45,2.6,5.0,3.0,M,,,,1.2,0.3,18,1.1,nan,13,,,,1.1,0.1,13
2022p142171,2022-02-22T14:29:10Z,-40.62,2.9,174.58,2.4,12.0,0.0,M,,,,2.0,0.2,13,1.8,nan,6,,,,1.8,0.3,6
2022p142232,2022-02-22T15:01:18Z,-40.52,2.7,175.68,2.7,19.0,5.0,M,,,,1.4,0.3,11,1.0,nan,5,,,,1.0,0.2,5
2022p142242,2022-02-22T15:06:21Z,-36.91,34.0,176.38,40.7,297.0,28.0,M,,,,,,,2.4,nan,2,,,,2.4,0.5,2
2022p142262,2022-02-22T15:17:06Z,-38.23,7.4,176.17,8.9,139.0,9.0,M,,,,1.9,0.3,7,1.6,nan,4,,,,1.6,0.1,4
2022p142354,2022-02-22T16:06:32Z,-41.27,9.6,172.54,8.3,171.0,7.0,M,,,,,,,1.9,nan,6,,,,1.9,0.5,6
2022p142369,2022-02-22T16:13:50Z,-33.06,7.7,-178.27,18.1,33.0,0.0,MLv,4.6,0.1,4,4.1,0.2,10,4.1,nan,6,3.8,0.4,4,4.2,0.1,6
2022p142381,2022-02-22T16:21:07Z,-38.71,6.4,175.73,6.4,127.0,6.0,M,,,,1.6,0.2,7,1.9,nan,6,,,,1.9,0.3,6
2022p142390,2022-02-22T16:25:13Z,-33.77,10.3,-178.71,19.0,100.0,0.0,MLv,4.5,0.2,4,3.8,0.2,4,4.0,nan,8,3.7,0.4,4,4.1,0.1,8
2022p142391,2022-02-22T16:26:27Z,-41.78,4.5,172.23,6.0,79.0,9.0,M,,,,2.2,0.4,10,1.6,nan,2,,,,1.6,0.1,2
2022p142400,2022-02-22T16:32:24Z,-39.31,2.4,175.5,3.2,13.0,6.0,MLv,,,,1.2,0.2,15,1.3,nan,13,,,,1.3,0.1,13
2022p142451,2022-02-22T16:58:20Z,-39.55,5.1,174.47,5.1,124.0,11.0,M,,,,2.1,0.3,12,2.0,nan,5,,,,2.0,0.5,5
2022p142473,2022-02-22T17:09:45Z,-37.09,11.3,177.05,10.7,88.0,18.0,M,,,,2.3,0.2,15,2.4,nan,6,,,,2.4,0.2,6
2022p142533,2022-02-22T17:42:11Z,-39.56,3.7,175.9,3.3,5.0,0.0,M,,,,0.7,0.4,6,0.2,nan,2,,,,0.2,0.0,2
2022p142570,2022-02-22T18:02:24Z,-37.84,5.7,177.91,4.0,36.0,9.0,MLv,,,,1.2,0.2,7,1.0,nan,3,,,,1.0,0.2,3
2022p142578,2022-02-22T18:05:44Z,-39.04,4.6,177.47,3.3,24.0,7.0,M,,,,1.6,0.3,8,1.7,nan,4,,,,1.7,0.2,4
2022p142603,2022-02-22T18:19:09Z,-41.79,3.0,174.21,4.3,13.0,5.0,M,,,,2.1,0.1,9,2.0,nan,6,,,,2.0,0.2,6
2022p142771,2022-02-22T19:48:44Z,-38.3,2.5,177.99,3.3,21.0,4.0,MLv,,,,2.2,0.1,12,,,,,,,2.2,0.2,9
2022p142824,2022-02-22T20:18:06Z,-38.28,4.8,176.04,4.3,119.0,8.0,M,,,,,,,2.5,nan,20,,,,2.5,0.2,20
2022p142897,2022-02-22T20:55:52Z,-37.38,18.2,179.91,12.9,25.0,32.0,MLv,,,,2.8,0.2,13,2.9,nan,6,,,,2.9,0.2,6
2022p142921,2022-02-22T21:08:56Z,-39.86,3.3,175.33,5.0,17.0,8.0,M,,,,1.8,0.2,10,1.8,nan,6,,,,1.8,0.3,6
2022p143088,2022-02-22T22:37:37Z,-43.05,2.9,171.48,3.8,5.0,0.0,M,,,,1.8,0.3,7,1.6,nan,1,,,,1.6,nan,1
2022p143132,2022-02-22T23:01:11Z,-40.66,8.1,173.36,4.6,146.0,7.0,M,,,,,,,2.0,nan,3,,,,2.0,0.3,3
2022p143212,2022-02-22T23:43:42Z,-39.21,3.8,174.62,2.8,16.0,4.0,M,,,,3.3,0.3,16,3.2,nan,49,,,,3.2,0.2,49
2022p143227,2022-02-22T23:51:28Z,-38.72,10.0,175.73,12.5,130.0,14.0,MLv,,,,1.4,0.3,8,1.8,nan,2,,,,1.8,0.1,2
2022p143260,2022-02-23T00:09:05Z,-42.98,2.5,173.29,3.9,5.0,0.0,MLv,,,,2.2,0.1,9,1.6,nan,1,,,,1.6,nan,1
2022p143290,2022-02-23T00:25:20Z,-38.97,2.8,176.09,2.5,52.0,6.0,MLv,,,,1.8,0.3,25,,,,,,,1.8,0.3,18
2022p143358,2022-02-23T01:01:35Z,-38.87,3.7,177.53,3.2,23.0,7.0,M,,,,1.7,0.2,10,1.6,nan,5,,,,1.6,0.1,5
2022p143490,2022-02-23T02:12:13Z,-38.52,10.9,175.67,7.8,158.0,10.0,M,,,,1.9,0.2,4,1.9,nan,7,,,,1.9,0.2,7
2022p143498,2022-02-23T02:16:30Z,-38.32,3.9,176.38,4.2,7.0,14.0,MLv,,,,1.7,0.2,8,1.7,nan,7,,,,1.7,0.2,7
2022p143533,2022-02-23T02:34:27Z,-41.08,2.3,175.39,2.8,21.0,5.0,MLv,,,,1.8,0.2,12,1.8,nan,10,,,,1.8,0.3,10
2022p143543,2022-02-23T02:39:50Z,-42.28,2.6,171.43,3.1,5.0,0.0,MLv,,,,2.5,0.1,5,2.8,nan,7,,,,2.8,0.2,7
2022p143595,2022-02-23T03:07:30Z,-39.03,5.9,177.47,3.2,21.0,8.0,MLv,,,,1.7,0.2,10,1.7,nan,3,,,,1.7,0.3,3
2022p143715,2022-02-23T04:11:21Z,-41.77,3.8,173.24,4.8,62.0,8.0,M,,,,2.1,0.3,8,2.3,nan,4,,,,2.3,0.3,4
2022p143923,2022-02-23T06:02:28Z,-35.51,29.9,177.55,32.6,167.0,41.0,M,,,,3.0,0.2,9,3.2,nan,1,,,,3.2,nan,1
2022p143926,2022-02-23T06:04:01Z,-36.0,23.8,177.92,26.4,192.0,27.0,MLv,,,,2.8,0.2,10,2.7,nan,2,,,,2.7,0.4,2
2022p143936,2022-02-23T06:09:31Z,-45.02,4.7,167.37,5.5,76.0,7.0,M,,,,2.6,0.2,9,2.9,nan,2,,,,2.9,0.1,2
2022p143958,2022-02-23T06:21:15Z,-43.49,3.1,172.83,3.6,6.0,6.0,MLv,,,,1.8,0.2,6,1.4,nan,3,,,,1.4,0.6,3
2022p144015,2022-02-23T06:51:27Z,-40.62,6.6,174.58,2.9,12.0,0.0,M,,,,1.8,0.1,8,1.8,nan,3,,,,1.8,0.1,3
2022p144050,2022-02-23T07:10:17Z,-42.99,2.8,173.28,3.4,5.0,0.0,M,,,,2.5,0.1,9,2.7,nan,7,,,,2.7,0.2,7
2022p144136,2022-02-23T07:56:06Z,-39.47,8.6,174.14,10.8,185.0,13.0,M,,,,2.0,0.4,5,2.9,nan,2,,,,2.9,1.2,2
2022p144228,2022-02-23T08:45:34Z,-39.65,3.3,176.68,3.6,21.0,7.0,M,,,,1.4,0.3,9,1.3,nan,1,,,,1.3,nan,1
2022p144286,2022-02-23T09:15:59Z,-41.68,2.9,174.29,2.9,11.0,4.0,MLv,,,,2.3,0.2,16,2.5,nan,12,,,,2.5,0.2,12
2022p144359,2022-02-23T09:54:58Z,-39.19,4.6,177.56,3.3,22.0,9.0,MLv,,,,2.0,0.2,8,2.2,nan,4,,,,2.2,0.1,4
2022p144501,2022-02-23T11:10:13Z,-38.07,9.1,176.29,8.1,113.0,13.0,MLv,,,,2.0,0.4,8,2.5,nan,16,,,,2.5,0.2,16
2022p144505,2022-02-23T11:12:52Z,-38.98,6.5,176.08,4.1,43.0,11.0,MLv,,,,1.7,0.3,14,1.7,nan,3,,,,1.7,0.2,3
2022p144521,2022-02-23T11:21:10Z,-40.89,3.4,176.12,3.8,23.0,6.0,MLv,,,,2.0,0.2,12,1.8,nan,10,,,,1.8,0.1,10
2022p144557,2022-02-23T11:40:09Z,-41.43,4.7,173.1,4.1,64.0,7.0,MLv,,,,2.0,0.3,13,1.8,nan,2,,,,1.8,0.6,2
2022p144568,2022-02-23T11:45:53Z,-42.33,3.7,173.93,4.5,5.0,0.0,MLv,,,,2.3,0.2,10,,,,,,,2.3,0.2,6
2022p144578,2022-02-23T11:51:27Z,-38.46,12.8,175.89,17.7,176.0,13.0,MLv,,,,2.0,0.4,7,1.4,nan,4,,,,1.4,0.7,4
2022p144731,2022-02-23T13:12:59Z,-38.91,8.1,178.27,8.4,34.0,11.0,MLv,,,,2.1,0.2,9,2.0,nan,6,,,,2.0,0.1,6
2022p144754,2022-02-23T13:25:17Z,-38.56,2.6,177.91,3.4,28.0,5.0,MLv,,,,2.1,0.3,13,1.8,nan,8,,,,1.8,0.2,8
2022p144812,2022-02-23T13:55:42Z,-36.79,37.8,177.45,19.3,164.0,38.0,MLv,,,,,,,,,,,,,2.4,nan,1
2022p144813,2022-02-23T13:56:23Z,-43.58,5.9,170.05,3.5,5.0,0.0,MLv,,,,2.1,0.3,7,1.9,nan,1,,,,1.9,nan,1
2022p144873,2022-02-23T14:28:21Z,-41.12,3.4,174.93,2.6,19.0,6.0,M,,,,1.2,0.2,7,1.0,nan,1,,,,1.0,nan,1
2022p144919,2022-02-23T14:53:17Z,-40.57,4.6,175.99,5.0,51.0,8.0,MLv,,,,1.4,0.2,8,0.3,nan,1,,,,0.3,nan,1
2022p145055,2022-02-23T16:05:45Z,-38.87,3.9,177.47,3.0,31.0,8.0,MLv,,,,1.8,0.2,9,1.8,nan,3,,,,1.8,0.3,3
2022p145057,2022-02-23T16:06:44Z,-44.02,2.8,170.62,2.3,5.0,0.0,MLv,,,,2.0,0.3,9,1.7,nan,2,,,,1.7,0.3,2
2022p145146,2022-02-23T16:54:01Z,-42.23,2.5,173.64,2.9,5.0,0.0,MLv,,,,2.2,0.2,7,,,,,,,2.3,0.2,6
2022p145274,2022-02-23T18:02:28Z,-37.99,7.3,176.04,9.2,175.0,9.0,M,,,,,,,2.2,nan,3,,,,2.2,0.2,3
2022p145427,2022-02-23T19:23:55Z,-45.49,4.4,167.17,4.1,74.0,7.0,M,,,,2.3,0.2,8,1.9,nan,2,,,,1.9,0.3,2
2022p145428,2022-02-23T19:24:04Z,-38.35,2.5,178.01,3.2,23.0,4.0,M,,,,2.9,0.2,17,2.9,nan,19,,,,2.9,0.2,19
2022p145481,2022-02-23T19:52:37Z,-38.35,7.4,175.85,7.7,150.0,10.0,MLv,,,,1.9,0.3,7,1.8,nan,2,,,,1.8,0.4,2
2022p145586,2022-02-23T20:48:13Z,-38.33,3.5,177.83,4.0,30.0,6.0,M,,,,2.0,0.1,12,2.0,nan,8,,,,2.0,0.2,8
2022p145620,2022-02-23T21:06:26Z,-38.35,3.3,178.01,4.8,23.0,7.0,M,,,,1.7,0.2,8,1.5,nan,3,,,,1.5,0.3,3
2022p145655,2022-02-23T21:25:17Z,-37.46,7.3,176.88,9.5,76.0,14.0,M,,,,2.3,0.2,9,2.4,nan,7,,,,2.4,0.1,7
2022p145722,2022-02-23T22:01:00Z,-37.46,12.4,179.9,6.9,12.0,0.0,M,,,,2.8,0.2,13,2.8,nan,5,,,,2.8,0.1,5
2022p145824,2022-02-23T22:55:13Z,-40.64,5.7,175.15,4.1,24.0,5.0,M,,,,1.5,0.3,10,1.4,nan,5,,,,1.4,0.5,5
2022p145829,2022-02-23T22:57:50Z,-41.54,5.0,174.53,2.6,5.0,0.0,M,,,,1.7,0.2,13,1.8,nan,6,,,,1.8,0.2,6
2022p146034,2022-02-24T00:47:07Z,-42.19,2.8,173.56,3.1,5.0,0.0,MLv,,,,1.9,0.4,7,1.5,nan,2,,,,1.5,0.4,2
2022p146184,2022-02-24T02:06:55Z,-42.01,3.6,173.84,3.4,24.0,3.0,M,,,,2.2,0.2,8,2.1,nan,4,,,,2.1,0.4,4
2022p146247,2022-02-24T02:40:25Z,-37.51,7.4,178.73,8.5,12.0,0.0,M,,,,2.4,0.2,10,2.5,nan,4,,,,2.5,0.1,4
2022p146324,2022-02-24T03:21:31Z,-43.1,3.6,170.95,2.6,5.0,0.0,M,,,,2.1,0.2,6,2.1,nan,2,,,,2.1,0.3,2
2022p146365,2022-02-24T03:43:43Z,-40.73,4.4,176.4,6.0,21.0,6.0,M,,,,1.7,0.1,10,1.8,nan,5,,,,1.8,0.3,5
2022p146405,2022-02-24T04:04:40Z,-38.88,8.2,175.39,8.0,96.0,15.0,MLv,,,,1.6,0.4,19,2.1,nan,13,,,,2.1,0.5,13
2022p146442,2022-02-24T04:24:36Z,-38.95,4.2,177.2,3.7,30.0,7.0,MLv,,,,1.8,0.2,10,1.8,nan,6,,,,1.8,0.1,6
2022p146631,2022-02-24T06:05:11Z,-38.88,5.3,178.03,7.5,24.0,6.0,MLv,,,,2.0,0.3,9,2.1,nan,6,,,,2.1,0.3,6
2022p146703,2022-02-24T06:43:35Z,-41.96,4.1,172.27,6.3,52.0,15.0,M,,,,2.1,0.2,8,2.0,nan,1,,,,2.0,nan,1
2022p146708,2022-02-24T06:46:06Z,-40.13,2.7,174.97,6.1,13.0,7.0,M,,,,2.1,0.4,11,1.5,nan,1,,,,1.5,nan,1
2022p146756,2022-02-24T07:11:40Z,-39.62,3.3,176.69,3.7,26.0,8.0,M,,,,1.6,0.3,8,1.8,nan,7,,,,1.8,0.2,7
2022p146768,2022-02-24T07:18:16Z,-38.81,2.8,176.0,2.5,6.0,7.0,M,,,,2.3,0.2,19,2.4,nan,27,,,,2.4,0.2,27
2022p146964,2022-02-24T09:02:48Z,-41.58,2.8,174.3,3.3,12.0,0.0,MLv,,,,1.8,0.2,9,,,,,,,1.7,0.3,4
2022p146974,2022-02-24T09:08:06Z,-39.59,14.1,175.49,12.5,52.0,17.0,M,,,,1.2,0.3,10,1.3,nan,3,,,,1.3,0.3,3
2022p147037,2022-02-24T09:41:34Z,-36.63,25.0,177.58,22.7,151.0,25.0,M,,,,2.4,0.1,8,2.6,nan,1,,,,2.6,nan,1
2022p147047,2022-02-24T09:46:50Z,-36.96,11.1,-179.79,9.7,12.0,0.0,M,,,,3.4,0.3,13,3.4,nan,7,,,,3.4,0.3,7
2022p147070,2022-02-24T09:59:11Z,-38.82,4.2,177.36,3.6,30.0,9.0,M,,,,1.6,0.3,11,1.2,nan,3,,,,1.2,0.4,3
2022p147103,2022-02-24T10:16:56Z,-41.12,6.8,174.51,3.3,24.0,7.0,M,,,,1.5,0.2,11,1.2,nan,1,,,,1.2,nan,1
2022p147167,2022-02-24T10:50:57Z,-40.73,15.6,174.51,5.5,53.0,13.0,M,,,,1.8,0.2,11,1.8,nan,2,,,,1.8,0.1,2
2022p147181,2022-02-24T10:58:32Z,-38.65,3.5,177.88,5.2,22.0,7.0,M,,,,1.5,0.2,10,1.3,nan,3,,,,1.3,0.5,3
2022p147183,2022-02-24T10:59:20Z,-37.38,23.2,179.86,16.8,33.0,0.0,M,,,,2.5,0.1,8,2.4,nan,1,,,,2.4,nan,1
2022p147217,2022-02-24T11:17:24Z,-45.14,5.9,167.41,5.2,46.0,11.0,M,,,,2.6,0.3,9,2.6,nan,4,,,,2.6,0.3,4
2022p147319,2022-02-24T12:11:34Z,-40.4,4.2,176.77,5.7,5.0,0.0,M,,,,1.8,0.2,9,1.9,nan,5,,,,1.9,0.1,5
2022p147329,2022-02-24T12:17:18Z,-42.12,2.5,173.6,2.4,5.0,0.0,M,,,,2.1,0.3,9,2.1,nan,4,,,,2.1,0.2,4
2022p147362,2022-02-24T12:34:48Z,-39.87,3.9,176.6,4.7,23.0,9.0,ML,,,,0.8,0.4,2,1.5,nan,1,,,,1.5,nan,1
2022p147381,2022-02-24T12:45:05Z,-40.66,4.7,175.14,3.9,5.0,0.0,M,,,,1.6,0.2,11,1.5,nan,3,,,,1.5,0.3,3
2022p147402,2022-02-24T12:55:54Z,-39.63,3.8,176.94,4.0,24.0,7.0,M,,,,1.7,0.3,11,1.7,nan,6,,,,1.7,0.3,6
2022p147524,2022-02-24T14:01:09Z,-40.6,3.8,175.88,3.7,26.0,7.0,M,,,,0.9,0.3,7,0.8,nan,2,,,,0.8,0.2,2
2022p147576,2022-02-24T14:28:31Z,-39.95,4.8,176.63,4.1,37.0,9.0,M,,,,1.6,0.3,11,1.6,nan,5,,,,1.6,0.4,5
2022p147624,2022-02-24T14:54:08Z,-41.71,3.5,174.12,4.5,11.0,6.0,M,,,,1.5,0.3,7,1.4,nan,2,,,,1.4,1.0,2
2022p147645,2022-02-24T15:05:33Z,-40.4,4.3,176.76,5.3,10.0,6.0,M,,,,2.1,0.2,12,2.1,nan,9,,,,2.1,0.2,9
2022p147694,2022-02-24T15:31:52Z,-39.47,3.2,177.16,4.6,26.0,6.0,M,,,,2.3,0.2,13,2.3,nan,14,,,,2.3,0.2,14
2022p147724,2022-02-24T15:47:37Z,-38.81,3.7,176.0,3.5,5.0,0.0,M,,,,1.4,0.2,10,1.5,nan,3,,,,1.5,0.3,3
2022p147775,2022-02-24T16:14:57Z,-42.66,3.2,172.89,3.3,6.0,5.0,M,,,,1.9,0.3,7,1.7,nan,1,,,,1.7,nan,1
2022p147792,2022-02-24T16:23:53Z,-41.69,2.8,174.15,2.9,10.0,4.0,M,,,,2.3,0.1,12,2.2,nan,7,,,,2.2,0.3,7
2022p147817,2022-02-24T16:37:22Z,-36.93,25.5,176.9,22.7,48.0,46.0,M,,,,2.4,0.2,15,2.3,nan,3,,,,2.3,0.2,3
2022p147850,2022-02-24T16:54:59Z,-37.51,7.1,178.2,3.4,5.0,0.0,M,,,,2.0,0.2,8,2.1,nan,4,,,,2.1,0.3,4
2022p147851,2022-02-24T16:55:32Z,-35.83,16.4,178.2,16.5,195.0,21.0,MLv,,,,3.3,0.2,15,3.4,nan,11,,,,3.4,0.3,11
2022p147854,2022-02-24T16:57:00Z,-41.8,8.5,174.49,6.8,39.0,11.0,MLv,,,,1.8,0.1,7,2.1,nan,6,,,,2.1,0.4,6
2022p148076,2022-02-24T18:55:15Z,-39.87,3.2,176.7,4.3,31.0,8.0,M,,,,1.3,0.2,9,1.2,nan,4,,,,1.2,0.2,4
2022p148114,2022-02-24T19:15:35Z,-37.25,7.5,177.65,6.1,12.0,0.0,M,,,,2.4,0.2,10,2.6,nan,5,,,,2.6,0.2,5
2022p148173,2022-02-24T19:47:00Z,-39.5,13.2,175.68,8.6,13.0,14.0,M,,,,1.0,0.4,9,0.8,nan,4,,,,0.8,0.4,4
2022p148222,2022-02-24T20:12:57Z,-45.53,6.4,166.84,7.3,37.0,7.0,M,,,,2.7,0.2,8,2.6,nan,4,,,,2.6,0.4,4
2022p148265,2022-02-24T20:35:53Z,-38.94,10.3,175.38,8.7,5.0,0.0,M,,,,1.1,0.3,9,0.9,nan,2,,,,0.9,0.1,2
2022p148403,2022-02-24T21:49:28Z,-45.02,5.1,167.61,5.2,74.0,8.0,M,,,,2.5,0.2,12,2.6,nan,4,,,,2.6,0.2,4
2022p148426,2022-02-24T22:01:25Z,-38.03,4.5,178.23,5.0,45.0,9.0,M,,,,1.5,0.2,7,1.4,nan,4,,,,1.4,0.2,4
2022p148470,2022-02-24T22:25:00Z,-37.26,6.6,177.61,4.8,12.0,0.0,M,,,,2.4,0.3,11,2.5,nan,4,,,,2.5,0.3,4
2022p148475,2022-02-24T22:27:42Z,-37.84,10.7,176.53,11.5,152.0,9.0,M,,,,1.9,0.3,3,2.3,nan,1,,,,2.3,nan,1
2022p148499,2022-02-24T22:40:19Z,-39.5,4.5,175.7,3.2,11.0,8.0,M,,,,1.4,0.3,12,1.5,nan,8,,,,1.5,0.2,8
2022p148642,2022-02-24T23:56:45Z,-39.36,12.6,175.04,5.1,20.0,10.0,M,,,,1.4,0.2,9,1.7,nan,4,,,,1.7,0.5,4
2022p148729,2022-02-25T00:42:56Z,-38.41,8.5,175.89,8.9,136.0,12.0,M,,,,1.6,0.2,5,2.1,nan,6,,,,2.1,0.1,6
2022p148763,2022-02-25T01:01:02Z,-41.87,2.4,173.61,2.8,27.0,3.0,MLv,,,,2.3,0.3,10,2.3,nan,9,,,,2.3,0.1,9
2022p148864,2022-02-25T01:54:58Z,-39.2,10.4,174.92,3.5,26.0,8.0,MLv,,,,1.6,0.3,9,1.6,nan,6,,,,1.6,0.2,6
2022p148965,2022-02-25T02:48:55Z,-40.28,3.1,176.29,3.5,41.0,8.0,M,,,,1.6,0.2,10,1.8,nan,9,,,,1.8,0.2,9
2022p148978,2022-02-25T02:55:57Z,-37.5,19.9,179.89,11.7,12.0,0.0,MLv,,,,2.6,0.2,9,2.5,nan,4,,,,2.5,0.1,4
2022p148994,2022-02-25T03:03:29Z,-33.18,8.2,-177.9,17.5,33.0,0.0,MLv,5.1,0.1,7,4.7,0.1,12,4.7,nan,18,4.5,0.4,7,4.8,0.1,18
2022p149143,2022-02-25T04:23:24Z,-41.72,2.6,174.12,3.7,12.0,4.0,M,,,,1.7,0.2,8,1.8,nan,6,,,,1.8,0.4,6
2022p149204,2022-02-25T04:55:59Z,-37.34,6.6,177.2,6.6,105.0,11.0,M,,,,2.4,0.1,7,2.9,nan,22,,,,2.9,0.3,22
2022p149227,2022-02-25T05:08:30Z,-45.27,3.3,169.72,3.5,5.0,0.0,M,,,,1.9,0.3,8,1.5,nan,1,,,,1.5,nan,1
2022p149228,2022-02-25T05:08:59Z,-37.51,14.2,179.92,9.3,33.0,0.0,M,,,,2.6,0.1,8,2.6,nan,3,,,,2.6,0.2,3
2022p149236,2022-02-25T05:13:23Z,-40.48,2.9,175.91,3.4,41.0,5.0,MLv,,,,2.2,0.3,15,,,,,,,2.1,0.2,13
2022p149297,2022-02-25T05:45:32Z,-39.42,8.8,174.4,7.8,133.0,11.0,M,,,,2.0,0.3,10,2.0,nan,7,,,,2.0,0.2,7
2022p149319,2022-02-25T05:57:45Z,-37.52,7.8,179.89,7.8,12.0,0.0,M,,,,3.3,0.2,13,3.4,nan,24,,,,3.4,0.1,24
2022p149390,2022-02-25T06:34:53Z,-40.11,2.3,174.93,3.4,18.0,6.0,M,,,,1.6,0.2,10,1.7,nan,4,,,,1.7,0.2,4
2022p149400,2022-02-25T06:40:43Z,-37.81,5.0,177.98,3.6,32.0,7.0,M,,,,1.6,0.2,7,1.5,nan,3,,,,1.5,0.3,3
2022p149407,2022-02-25T06:44:27Z,-39.65,3.2,176.25,3.4,26.0,6.0,MLv,,,,1.2,0.5,13,0.9,nan,1,,,,0.9,nan,1
2022p149414,2022-02-25T06:48:07Z,-37.47,12.7,179.92,8.5,33.0,0.0,MLv,,,,2.6,0.1,11,2.7,nan,4,,,,2.7,0.0,4
2022p149442,2022-02-25T07:02:48Z,-44.11,2.7,168.83,2.8,3.0,0.0,M,,,,1.9,0.1,7,1.8,nan,2,,,,1.8,0.0,2
2022p149509,2022-02-25T07:38:53Z,-39.2,4.9,174.6,3.2,18.0,5.0,M,,,,2.1,0.2,10,2.1,nan,12,,,,2.1,0.2,12
2022p149540,2022-02-25T07:55:14Z,-43.13,3.7,170.94,3.1,5.0,0.0,M,,,,1.8,0.1,6,1.6,nan,2,,,,1.6,0.4,2
2022p149582,2022-02-25T08:17:30Z,-39.64,2.3,176.97,3.1,27.0,3.0,M,,,,3.4,0.2,19,3.3,nan,66,,,,3.3,0.2,66
2022p149586,2022-02-25T08:19:51Z,-39.63,2.2,176.96,3.4,28.0,3.0,M,,,,2.5,0.2,12,2.5,nan,12,,,,2.5,0.2,12
2022p149630,2022-02-25T08:43:04Z,-40.62,7.1,174.55,4.2,13.0,13.0,MLv,,,,1.6,0.1,8,,,,,,,1.3,0.4,4
2022p149682,2022-02-25T09:10:46Z,-40.8,3.4,176.18,3.6,22.0,4.0,M,,,,2.4,0.3,19,2.5,nan,24,,,,2.5,0.2,24
2022p149697,2022-02-25T09:18:59Z,-44.45,5.0,167.74,7.6,5.0,0.0,MLv,,,,2.3,0.2,9,2.2,nan,2,,,,2.2,0.2,2
2022p149743,2022-02-25T09:42:51Z,-39.69,7.9,174.35,10.8,190.0,13.0,MLv,,,,1.7,nan,1,2.3,nan,3,,,,2.3,0.6,3
2022p149779,2022-02-25T10:02:45Z,-45.0,5.1,167.14,7.9,5.0,0.0,M,,,,2.2,0.2,8,2.0,nan,2,,,,2.0,0.2,2
2022p149782,2022-02-25T10:04:08Z,-39.17,3.8,175.39,5.9,6.0,9.0,M,,,,0.7,0.2,12,0.7,nan,4,,,,0.7,0.2,4
2022p149834,2022-02-25T10:31:41Z,-43.01,2.7,173.3,4.0,5.0,0.0,MLv,,,,3.3,0.2,7,,,,,,,3.3,0.2,32
2022p149836,2022-02-25T10:33:03Z,-38.65,3.2,176.08,3.2,5.0,8.0,MLv,,,,1.4,0.4,6,1.6,nan,4,,,,1.6,0.4,4
2022p149840,2022-02-25T10:34:46Z,-42.98,3.3,173.26,4.8,5.0,0.0,M,,,,2.0,0.1,8,2.0,nan,2,,,,2.0,0.4,2
2022p149852,2022-02-25T10:41:19Z,-43.0,3.2,173.27,4.1,5.0,0.0,M,,,,2.2,0.1,12,2.5,nan,6,,,,2.5,0.2,6
2022p149977,2022-02-25T11:47:53Z,-42.98,4.0,173.26,4.7,5.0,0.0,M,,,,2.0,0.2,9,2.1,nan,3,,,,2.1,0.3,3
2022p150007,2022-02-25T12:03:47Z,-45.02,4.1,167.68,6.3,43.0,9.0,MLv,,,,2.2,0.2,9,2.1,nan,3,,,,2.1,0.3,3
2022p150010,2022-02-25T12:05:47Z,-42.99,2.7,173.23,3.5,14.0,4.0,M,,,,3.1,0.2,13,3.3,nan,36,,,,3.3,0.2,36
2022p150020,2022-02-25T12:10:43Z,-38.61,2.9,177.7,3.6,14.0,7.0,M,,,,1.5,0.3,11,1.3,nan,4,,,,1.3,0.2,4
2022p150030,2022-02-25T12:16:22Z,-43.0,3.1,173.28,4.9,5.0,0.0,M,,,,2.3,0.1,7,2.5,nan,5,,,,2.5,0.2,5
2022p150042,2022-02-25T12:23:05Z,-39.97,4.5,176.55,4.3,39.0,9.0,MLv,,,,1.3,0.2,9,1.5,nan,4,,,,1.5,0.1,4
2022p150067,2022-02-25T12:35:53Z,-42.99,3.0,173.29,4.4,10.0,4.0,M,,,,3.2,0.2,13,3.3,nan,32,,,,3.3,0.2,32
2022p150091,2022-02-25T12:48:34Z,-38.62,8.3,178.58,9.2,28.0,9.0,MLv,,,,1.9,0.2,9,1.7,nan,3,,,,1.7,0.7,3
2022p150100,2022-02-25T12:53:15Z,-38.0,12.5,176.41,15.2,119.0,19.0,M,,,,1.9,0.2,9,2.1,nan,4,,,,2.1,0.1,4
2022p150143,2022-02-25T13:16:29Z,-39.49,5.2,175.72,4.5,14.0,8.0,M,,,,1.1,0.2,14,1.1,nan,7,,,,1.1,0.3,7
2022p150147,2022-02-25T13:18:34Z,-39.48,9.3,174.37,7.6,123.0,11.0,M,,,,,,,1.7,nan,2,,,,1.7,0.0,2
2022p150178,2022-02-25T13:34:55Z,-42.6,3.1,173.06,3.1,9.0,4.0,M,,,,1.9,0.2,7,2.0,nan,1,,,,2.0,nan,1
2022p150184,2022-02-25T13:38:20Z,-41.69,6.2,174.51,4.4,21.0,8.0,M,,,,2.0,0.3,7,2.1,nan,6,,,,2.1,0.3,6
2022p150204,2022-02-25T13:49:09Z,-37.99,7.5,176.41,6.1,139.0,12.0,MLv,,,,1.5,0.5,9,,,,,,,2.8,0.5,61
2022p150288,2022-02-25T14:33:15Z,-35.91,12.7,178.81,11.5,104.0,45.0,MLv,,,,3.6,0.2,8,,,,,,,3.7,0.2,39
2022p150308,2022-02-25T14:44:34Z,-39.34,3.7,175.52,3.9,15.0,6.0,M,,,,0.7,0.2,15,0.8,nan,7,,,,0.8,0.1,7
2022p150311,2022-02-25T14:45:59Z,-40.1,2.9,174.95,4.8,12.0,0.0,MLv,,,,1.7,0.2,13,1.2,nan,2,,,,1.2,0.2,2
2022p150400,2022-02-25T15:33:29Z,-38.51,9.0,176.2,8.5,94.0,16.0,M,,,,1.5,0.3,7,1.8,nan,7,,,,1.8,0.3,7
2022p150428,2022-02-25T15:48:54Z,-39.64,4.3,176.94,4.6,24.0,7.0,M,,,,1.3,0.2,11,1.3,nan,4,,,,1.3,0.2,4
2022p150442,2022-02-25T15:56:03Z,-38.77,14.0,175.78,10.7,116.0,14.0,M,,,,1.1,0.2,7,1.7,nan,7,,,,1.7,0.2,7
2022p150448,2022-02-25T15:58:56Z,-38.43,4.3,177.46,3.6,23.0,7.0,M,,,,1.4,0.3,9,1.3,nan,3,,,,1.3,0.4,3
2022p150450,2022-02-25T16:00:26Z,-38.39,9.4,175.67,9.7,150.0,12.0,MLv,,,,,,,1.4,nan,7,,,,1.4,0.3,7
2022p150459,2022-02-25T16:04:38Z,-39.55,4.3,175.62,5.5,9.0,9.0,M,,,,0.9,0.3,13,0.8,nan,3,,,,0.8,0.4,3
2022p150473,2022-02-25T16:12:15Z,-39.92,3.3,176.51,3.6,28.0,8.0,M,,,,1.7,0.4,8,1.7,nan,7,,,,1.7,0.4,7
2022p150476,2022-02-25T16:14:04Z,-39.33,12.1,174.59,12.5,235.0,11.0,M,,,,,,,2.1,nan,2,,,,2.1,0.3,2
2022p150493,2022-02-25T16:22:42Z,-38.5,23.5,175.29,14.5,238.0,12.0,MLv,,,,1.6,0.2,7,1.8,nan,6,,,,1.8,0.3,6
2022p150509,2022-02-25T16:31:15Z,-37.14,9.2,177.69,7.0,12.0,0.0,MLv,,,,2.1,0.2,8,2.1,nan,3,,,,2.1,0.3,3
2022p150510,2022-02-25T16:31:23Z,-45.18,8.5,167.45,8.3,90.0,12.0,M,,,,,,,2.0,nan,1,,,,2.0,nan,1
2022p150511,2022-02-25T16:32:02Z,-38.53,7.2,175.7,15.4,165.0,15.0,M,,,,2.1,0.4,11,2.1,nan,4,,,,2.1,0.6,4
2022p150514,2022-02-25T16:34:04Z,-38.37,3.7,177.79,3.5,21.0,7.0,MLv,,,,1.5,0.3,8,1.4,nan,4,,,,1.4,0.1,4
2022p150600,2022-02-25T17:19:47Z,-40.95,3.7,176.12,4.5,25.0,5.0,M,,,,3.4,0.1,12,3.4,nan,64,,,,3.4,0.1,64
2022p150621,2022-02-25T17:30:59Z,-37.28,10.3,177.02,8.8,118.0,12.0,M,,,,1.9,0.2,6,2.0,nan,1,,,,2.0,nan,1
2022p150647,2022-02-25T17:44:45Z,-40.15,2.0,174.41,2.8,12.0,0.0,MLv,,,,2.1,0.2,18,,,,,,,2.1,0.1,11
2022p150763,2022-02-25T18:46:56Z,-40.12,2.9,174.81,5.0,5.0,0.0,M,,,,1.7,0.2,9,1.6,nan,3,,,,1.6,0.1,3
2022p150764,2022-02-25T18:47:09Z,-38.59,8.9,175.82,13.8,146.0,10.0,M,,,,,,,2.1,nan,6,,,,2.1,0.7,6
2022p150779,2022-02-25T18:55:26Z,-37.96,11.4,176.16,12.5,168.0,12.0,MLv,,,,,,,2.4,nan,2,,,,2.4,0.7,2
2022p150834,2022-02-25T19:24:55Z,-37.25,15.9,179.79,8.3,12.0,0.0,M,,,,2.7,0.2,10,2.8,nan,5,,,,2.8,0.1,5
2022p150852,2022-02-25T19:34:07Z,-39.15,5.2,177.47,3.1,20.0,6.0,M,,,,1.7,0.2,13,1.9,nan,4,,,,1.9,0.1,4
2022p150954,2022-02-25T20:28:36Z,-38.65,2.6,176.08,2.9,5.0,3.0,M,,,,1.5,0.4,9,1.8,nan,7,,,,1.8,0.4,7
2022p151019,2022-02-25T21:03:01Z,-41.8,4.3,173.26,3.3,65.0,8.0,M,,,,2.0,0.2,13,2.2,nan,7,,,,2.2,0.2,7
2022p151028,2022-02-25T21:07:53Z,-44.4,6.3,167.26,9.4,5.0,0.0,MLv,,,,2.4,0.1,5,,,,,,,2.4,nan,1
2022p151052,2022-02-25T21:20:26Z,-37.26,7.0,177.52,5.9,12.0,0.0,M,,,,2.1,0.3,7,2.2,nan,4,,,,2.2,0.2,4
2022p151067,2022-02-25T21:28:41Z,-39.64,3.1,176.95,4.3,24.0,6.0,M,,,,1.7,0.2,11,1.6,nan,6,,,,1.6,0.2,6
2022p151076,2022-02-25T21:33:33Z,-39.65,2.4,176.97,2.9,28.0,3.0,M,,,,4.1,0.2,18,3.9,nan,100,,,,3.9,0.2,100
2022p151090,2022-02-25T21:41:10Z,-39.64,4.1,176.94,3.5,24.0,6.0,M,,,,1.4,0.3,8,1.5,nan,5,,,,1.5,0.3,5
2022p151092,2022-02-25T21:42:02Z,-39.63,3.9,176.95,4.3,25.0,7.0,MLv,,,,1.8,0.2,9,1.8,nan,10,,,,1.8,0.2,10
2022p151109,2022-02-25T21:51:02Z,-40.95,3.9,176.09,4.6,24.0,6.0,M,,,,2.0,0.2,13,2.1,nan,11,,,,2.1,0.2,11
2022p151114,2022-02-25T21:53:40Z,-39.63,2.0,176.96,2.7,26.0,3.0,M,,,,3.5,0.2,18,3.3,nan,69,,,,3.3,0.2,69
2022p151120,2022-02-25T21:57:11Z,-40.2,2.2,175.24,3.3,19.0,4.0,M,,,,1.9,0.1,16,2.0,nan,13,,,,2.0,0.1,13
2022p151130,2022-02-25T22:02:20Z,-40.94,4.2,176.1,5.3,24.0,6.0,M,,,,1.5,0.1,11,1.7,nan,5,,,,1.7,0.1,5
2022p151138,2022-02-25T22:06:34Z,-39.64,2.8,176.95,3.1,25.0,5.0,M,,,,2.4,0.2,12,2.4,nan,24,,,,2.4,0.2,24
2022p151146,2022-02-25T22:11:07Z,-39.65,3.9,176.94,3.7,26.0,7.0,M,,,,1.5,0.3,10,1.6,nan,6,,,,1.6,0.3,6
2022p151176,2022-02-25T22:26:34Z,-39.36,4.0,176.85,4.7,19.0,6.0,M,,,,1.4,0.3,8,1.6,nan,6,,,,1.6,0.1,6
2022p151180,2022-02-25T22:29:02Z,-39.62,3.8,176.95,4.2,25.0,7.0,M,,,,1.4,0.2,9,1.5,nan,3,,,,1.5,0.3,3
2022p151204,2022-02-25T22:41:56Z,-39.64,3.7,176.94,3.3,24.0,6.0,M,,,,1.4,0.3,10,1.4,nan,4,,,,1.4,0.2,4
2022p151283,2022-02-25T23:23:56Z,-39.64,3.3,176.95,3.6,24.0,6.0,M,,,,1.5,0.2,10,1.6,nan,7,,,,1.6,0.2,7
2022p151335,2022-02-25T23:51:25Z,-39.64,3.7,176.95,4.6,26.0,7.0,M,,,,1.6,0.3,9,1.9,nan,4,,,,1.9,0.4,4
2022p151376,2022-02-26T00:13:29Z,-38.09,5.7,177.55,4.6,57.0,9.0,M,,,,2.0,0.2,13,2.0,nan,11,,,,2.0,0.3,11
2022p151381,2022-02-26T00:16:14Z,-39.06,5.2,177.73,4.0,23.0,6.0,M,,,,1.5,0.4,8,1.5,nan,3,,,,1.5,0.2,3
2022p151388,2022-02-26T00:19:52Z,-38.59,2.3,176.81,3.5,5.0,0.0,MLv,,,,1.7,0.2,11,1.7,nan,6,,,,1.7,0.2,6
2022p151390,2022-02-26T00:20:43Z,-38.06,4.2,176.75,2.8,4.0,5.0,M,,,,1.6,0.3,8,1.6,nan,5,,,,1.6,0.3,5
2022p151397,2022-02-26T00:24:45Z,-38.65,3.0,176.07,2.8,5.0,7.0,M,,,,1.7,0.5,8,1.8,nan,6,,,,1.8,0.5,6
2022p151411,2022-02-26T00:31:52Z,-38.05,3.6,176.76,2.8,5.0,4.0,M,,,,1.8,0.3,10,2.0,nan,9,,,,2.0,0.2,9
2022p151418,2022-02-26T00:35:56Z,-39.92,5.0,176.78,5.9,32.0,10.0,M,,,,1.1,0.2,8,1.0,nan,2,,,,1.0,0.1,2
2022p151524,2022-02-26T01:32:09Z,-38.71,4.7,178.59,6.0,25.0,7.0,MLv,,,,2.1,0.2,13,,,,,,,2.1,0.1,6
2022p151550,2022-02-26T01:46:10Z,-38.32,3.4,177.9,4.3,26.0,7.0,M,,,,1.4,0.3,7,1.2,nan,3,,,,1.2,0.1,3
2022p151569,2022-02-26T01:56:15Z,-39.63,2.3,176.95,3.5,26.0,4.0,M,,,,2.8,0.2,13,2.6,nan,37,,,,2.6,0.2,37
2022p151578,2022-02-26T02:01:02Z,-39.63,2.1,176.96,2.8,24.0,3.0,MLv,,,,2.5,0.2,19,,,,,,,2.4,0.2,29
2022p151626,2022-02-26T02:26:31Z,-38.84,3.9,175.95,3.6,80.0,7.0,MLv,,,,2.0,0.3,30,,,,,,,2.3,0.3,32
2022p151680,2022-02-26T02:55:15Z,-38.04,4.1,178.26,6.3,40.0,5.0,MLv,,,,1.6,0.2,12,,,,,,,1.5,0.2,6
2022p151789,2022-02-26T03:53:27Z,-38.22,8.2,175.93,8.9,166.0,9.0,M,,,,,,,2.1,nan,7,,,,2.1,0.1,7
2022p151823,2022-02-26T04:11:47Z,-39.23,3.0,175.37,3.2,14.0,4.0,M,,,,2.3,0.3,14,2.4,nan,31,,,,2.4,0.3,31
2022p151858,2022-02-26T04:30:06Z,-39.19,4.1,174.61,3.8,18.0,5.0,M,,,,1.9,0.3,8,1.9,nan,6,,,,1.9,0.3,6
2022p151860,2022-02-26T04:31:08Z,-35.94,31.2,178.98,25.1,168.0,34.0,M,,,,2.7,0.2,8,2.4,nan,1,,,,2.4,nan,1
2022p151916,2022-02-26T05:01:21Z,-39.64,3.2,176.94,3.8,23.0,5.0,M,,,,2.1,0.2,12,2.0,nan,15,,,,2.0,0.2,15
2022p152034,2022-02-26T06:03:55Z,-39.8,3.3,177.17,5.8,9.0,7.0,M,,,,2.6,0.2,13,2.5,nan,25,,,,2.5,0.2,25
2022p152036,2022-02-26T06:04:18Z,-38.36,5.4,175.94,7.2,141.0,8.0,MLv,,,,,,,2.6,nan,11,,,,2.6,0.3,11
2022p152038,2022-02-26T06:06:10Z,-40.99,5.4,173.78,3.9,53.0,8.0,M,,,,2.0,0.3,9,2.2,nan,6,,,,2.2,0.2,6
2022p152117,2022-02-26T06:48:14Z,-44.76,3.7,167.2,5.3,5.0,0.0,M,,,,3.5,0.2,6,3.6,nan,7,,,,3.6,0.2,7
2022p152118,2022-02-26T06:48:40Z,-44.77,4.1,167.29,7.6,5.0,0.0,MLv,,,,3.3,0.1,6,3.6,nan,6,,,,3.6,0.1,6
2022p152157,2022-02-26T07:09:40Z,-38.97,5.6,175.18,6.0,133.0,9.0,MLv,,,,1.5,0.4,12,,,,,,,1.6,0.3,9
2022p152181,2022-02-26T07:21:45Z,-35.24,29.1,179.05,28.3,184.0,47.0,M,,,,3.2,0.1,7,3.2,nan,4,,,,3.2,0.1,4
2022p152195,2022-02-26T07:29:54Z,-41.31,2.2,175.16,1.9,13.0,4.0,MLv,,,,1.7,0.2,13,1.6,nan,10,,,,1.6,0.2,10
2022p152196,2022-02-26T07:30:25Z,-40.16,2.3,176.43,3.4,31.0,4.0,MLv,,,,1.6,0.2,12,1.5,nan,7,,,,1.5,0.3,7
2022p152218,2022-02-26T07:42:14Z,-40.28,1.9,176.15,2.4,32.0,3.0,MLv,,,,2.1,0.2,18,,,,,,,2.1,0.2,21
2022p152274,2022-02-26T08:10:35Z,-33.39,34.4,-177.93,46.6,33.0,0.0,MLv,4.5,0.0,2,3.9,0.1,7,3.9,nan,2,3.6,0.4,2,3.9,0.1,2
2022p152316,2022-02-26T08:34:32Z,-41.19,7.7,172.53,7.0,168.0,8.0,M,,,,,,,2.0,nan,3,,,,2.0,0.8,3
2022p152324,2022-02-26T08:38:28Z,-40.88,2.7,175.85,3.0,20.0,6.0,M,,,,1.1,0.2,9,1.3,nan,4,,,,1.3,0.5,4
2022p152341,2022-02-26T08:47:28Z,-41.25,7.1,172.51,8.6,197.0,8.0,M,,,,,,,1.9,nan,6,,,,1.9,0.4,6
2022p152436,2022-02-26T09:38:19Z,-39.63,3.2,176.96,3.8,26.0,5.0,M,,,,1.7,0.2,12,1.6,nan,8,,,,1.6,0.2,8
2022p152497,2022-02-26T10:10:47Z,-38.67,8.2,175.79,6.7,115.0,10.0,MLv,,,,1.5,0.4,7,1.8,nan,4,,,,1.8,0.3,4
2022p152508,2022-02-26T10:16:24Z,-39.38,28.5,178.91,28.5,12.0,0.0,M,,,,2.2,0.2,13,2.2,nan,3,,,,2.2,0.3,3
2022p152588,2022-02-26T10:59:00Z,-43.22,3.2,172.0,3.5,5.0,0.0,M,,,,2.0,0.3,8,1.9,nan,2,,,,1.9,0.1,2
2022p152595,2022-02-26T11:02:56Z,-40.62,3.4,176.28,3.6,9.0,5.0,M,,,,2.1,0.2,18,2.1,nan,12,,,,2.1,0.2,12
2022p152618,2022-02-26T11:15:14Z,-39.63,2.3,176.95,3.2,23.0,5.0,M,,,,1.8,0.3,12,1.7,nan,6,,,,1.7,0.3,6
2022p152677,2022-02-26T11:46:45Z,-37.48,8.0,177.14,5.9,107.0,11.0,M,,,,2.0,0.2,6,2.0,nan,3,,,,2.0,0.1,3
2022p152686,2022-02-26T11:51:35Z,-39.25,4.9,175.37,5.4,14.0,12.0,M,,,,0.8,0.2,10,1.0,nan,6,,,,1.0,0.2,6
2022p152807,2022-02-26T12:55:57Z,-37.82,10.8,179.68,10.8,12.0,0.0,M,,,,2.4,0.1,11,2.6,nan,6,,,,2.6,0.3,6
2022p152896,2022-02-26T13:43:27Z,-37.98,9.1,176.05,13.4,142.0,15.0,MLv,,,,,,,2.0,nan,3,,,,2.0,0.3,3
2022p152952,2022-02-26T14:13:07Z,-39.23,3.6,175.31,4.0,4.0,4.0,MLv,,,,1.3,0.4,12,1.4,nan,7,,,,1.4,0.2,7
2022p152954,2022-02-26T14:14:01Z,-40.12,2.0,176.42,2.8,19.0,4.0,M,,,,1.8,0.3,13,1.9,nan,10,,,,1.9,0.2,10
2022p152997,2022-02-26T14:36:54Z,-39.1,3.4,177.74,3.1,20.0,4.0,M,,,,1.9,0.3,13,2.0,nan,5,,,,2.0,0.2,5
2022p153099,2022-02-26T15:31:25Z,-41.62,2.8,174.26,3.8,11.0,5.0,M,,,,1.9,0.3,10,1.2,nan,2,,,,1.2,0.0,2
2022p153110,2022-02-26T15:37:35Z,-38.19,13.3,176.05,13.1,142.0,17.0,MLv,,,,1.9,0.3,9,2.0,nan,2,,,,2.0,0.0,2
2022p153119,2022-02-26T15:42:02Z,-35.19,26.8,178.35,32.2,256.0,32.0,MLv,,,,3.4,0.3,10,3.5,nan,3,,,,3.5,0.4,3
2022p153179,2022-02-26T16:13:58Z,-41.19,4.8,172.59,4.5,110.0,6.0,M,,,,,,,2.7,nan,8,,,,2.7,0.3,8
2022p153184,2022-02-26T16:16:54Z,-40.53,2.9,175.91,3.4,23.0,6.0,MLv,,,,1.4,0.3,8,1.3,nan,2,,,,1.3,0.2,2
2022p153188,2022-02-26T16:18:54Z,-39.63,2.2,176.96,3.5,28.0,3.0,M,,,,3.2,0.2,14,3.1,nan,48,,,,3.1,0.2,48
2022p153194,2022-02-26T16:21:53Z,-39.63,2.7,176.96,3.5,26.0,5.0,M,,,,1.6,0.3,11,1.7,nan,4,,,,1.7,0.3,4
2022p153235,2022-02-26T16:43:51Z,-39.97,3.7,176.73,3.5,17.0,6.0,M,,,,1.5,0.4,10,2.1,nan,1,,,,2.1,nan,1
2022p153261,2022-02-26T16:57:28Z,-38.03,5.8,176.97,5.0,42.0,10.0,M,,,,1.8,0.3,11,2.3,nan,3,,,,2.3,0.4,3
2022p153307,2022-02-26T17:22:19Z,-39.86,5.4,174.48,6.2,113.0,12.0,M,,,,2.0,0.2,10,2.2,nan,1,,,,2.2,nan,1
2022p153329,2022-02-26T17:33:52Z,-37.86,5.0,177.47,3.5,41.0,8.0,M,,,,2.2,0.2,15,2.1,nan,9,,,,2.1,0.2,9
2022p153544,2022-02-26T19:28:36Z,-40.15,2.2,174.96,3.0,12.0,0.0,M,,,,2.2,0.2,14,2.3,nan,13,,,,2.3,0.1,13
2022p153551,2022-02-26T19:30:51Z,-33.63,10.8,-177.59,17.5,33.0,0.0,MLv,5.1,0.1,5,4.4,0.1,11,,,,4.4,0.4,5,4.8,0.1,6
2022p153599,2022-02-26T19:57:19Z,-36.68,39.3,177.87,21.1,149.0,28.0,M,,,,2.4,0.1,7,2.1,nan,1,,,,2.1,nan,1
2022p153657,2022-02-26T20:27:12Z,-33.54,8.6,-178.12,14.5,33.0,0.0,MLv,5.1,0.1,6,4.6,0.2,14,,,,4.4,0.4,6,4.9,0.2,19
2022p153691,2022-02-26T20:46:54Z,-43.51,2.3,171.25,2.1,5.0,0.0,M,,,,2.5,0.2,9,2.8,nan,6,,,,2.8,0.3,6
2022p153759,2022-02-26T21:22:58Z,-43.17,2.1,171.59,2.3,5.0,0.0,M,,,,2.5,0.2,13,2.6,nan,7,,,,2.6,0.3,7
2022p153982,2022-02-26T23:21:40Z,-39.54,7.0,178.06,7.6,20.0,9.0,M,,,,2.3,0.2,14,2.4,nan,5,,,,2.4,0.3,5
2022p154005,2022-02-26T23:32:59Z,-33.23,27.8,-178.85,48.5,33.0,0.0,MLv,4.8,nan,1,4.2,0.2,10,4.2,nan,2,4.0,0.4,1,4.2,0.2,2
2022p154093,2022-02-27T00:20:54Z,-40.66,2.5,175.79,2.7,31.0,4.0,M,,,,3.1,0.2,17,3.1,nan,42,,,,3.1,0.2,42
2022p154169,2022-02-27T01:01:27Z,-39.26,4.6,175.41,5.5,8.0,13.0,M,,,,0.8,0.2,7,0.6,nan,3,,,,0.6,0.3,3
2022p154268,2022-02-27T01:54:25Z,-40.3,3.3,176.07,3.3,44.0,7.0,M,,,,2.3,0.2,12,2.3,nan,18,,,,2.3,0.1,18
2022p154315,2022-02-27T02:19:19Z,-38.59,4.3,178.59,6.2,29.0,6.0,M,,,,2.5,0.2,14,2.6,nan,6,,,,2.6,0.2,6
2022p154344,2022-02-27T02:34:48Z,-40.6,3.9,175.86,3.7,27.0,7.0,M,,,,1.3,0.4,7,1.2,nan,3,,,,1.2,0.2,3
2022p154420,2022-02-27T03:15:26Z,-40.29,3.1,174.12,3.9,94.0,10.0,M,,,,2.5,0.2,8,2.5,nan,6,,,,2.5,0.2,6
2022p154600,2022-02-27T04:51:20Z,-41.63,2.9,172.29,3.2,5.0,0.0,M,,,,2.3,0.3,9,2.1,nan,2,,,,2.1,0.4,2
2022p154751,2022-02-27T06:11:22Z,-39.63,3.3,176.95,4.1,26.0,7.0,MLv,,,,1.8,0.3,11,1.8,nan,5,,,,1.8,0.3,5
2022p154801,2022-02-27T06:38:23Z,-40.0,3.4,176.55,4.3,31.0,8.0,M,,,,1.6,0.3,12,1.5,nan,3,,,,1.5,0.5,3
2022p154822,2022-02-27T06:49:24Z,-38.88,3.4,177.49,3.0,24.0,6.0,M,,,,1.7,0.2,12,1.6,nan,4,,,,1.6,0.3,4
2022p155014,2022-02-27T08:32:00Z,-37.8,16.2,176.02,19.9,249.0,18.0,MLv,,,,2.0,0.3,6,,,,,,,1.8,0.1,2
2022p155041,2022-02-27T08:46:01Z,-39.16,4.9,175.63,5.7,5.0,0.0,MLv,,,,0.4,0.2,6,0.5,nan,2,,,,0.5,0.1,2
2022p155129,2022-02-27T09:32:47Z,-43.48,2.2,170.97,2.0,5.0,0.0,M,,,,2.8,0.2,13,3.0,nan,10,,,,3.0,0.2,10
2022p155153,2022-02-27T09:45:39Z,-40.71,2.3,175.35,2.2,20.0,3.0,MLv,,,,2.2,0.2,18,,,,,,,2.2,0.2,12
2022p155228,2022-02-27T10:25:48Z,-40.25,5.3,176.67,5.8,13.0,8.0,M,,,,1.5,0.1,7,1.4,nan,2,,,,1.4,0.1,2
2022p155248,2022-02-27T10:35:45Z,-33.36,5.8,-177.96,14.8,33.0,0.0,MLv,5.0,0.0,7,4.4,0.1,16,,,,4.3,0.4,7,4.6,0.1,13
2022p155263,2022-02-27T10:43:06Z,-33.35,6.2,-178.08,15.3,33.0,0.0,MLv,4.9,0.1,7,4.4,0.1,15,,,,4.2,0.4,7,4.5,0.1,13
2022p155311,2022-02-27T11:09:52Z,-41.73,5.3,172.3,5.3,72.0,9.0,MLv,,,,2.2,0.2,12,2.0,nan,4,,,,2.0,0.5,4
2022p155407,2022-02-27T12:01:15Z,-41.16,4.5,174.6,3.7,15.0,7.0,M,,,,1.8,0.2,9,1.9,nan,7,,,,1.9,0.1,7
2022p155414,2022-02-27T12:04:27Z,-40.07,3.8,174.6,3.6,84.0,10.0,MLv,,,,2.5,0.4,2,1.9,nan,5,,,,1.9,0.3,5
2022p155424,2022-02-27T12:10:04Z,-38.71,6.4,175.7,7.9,135.0,8.0,MLv,,,,,,,1.7,nan,6,,,,1.7,0.4,6
2022p155462,2022-02-27T12:29:00Z,-33.55,12.2,-178.11,18.5,33.0,0.0,MLv,4.6,0.2,4,4.1,0.1,12,3.9,nan,4,3.8,0.4,4,4.0,0.0,2
2022p155468,2022-02-27T12:32:27Z,-33.5,34.6,-178.13,48.7,33.0,0.0,MLv,4.6,nan,1,4.1,0.1,7,4.0,nan,2,3.8,0.4,1,4.0,0.2,2
2022p155518,2022-02-27T13:00:22Z,-38.38,4.1,177.3,4.0,31.0,7.0,MLv,,,,1.6,0.3,10,1.5,nan,4,,,,1.5,0.2,4
2022p155561,2022-02-27T13:23:21Z,-41.7,2.5,174.16,3.7,10.0,4.0,M,,,,2.0,0.2,11,1.4,nan,2,,,,1.4,0.2,2
2022p155585,2022-02-27T13:35:59Z,-38.11,9.1,176.06,7.7,166.0,10.0,M,,,,,,,2.0,nan,1,,,,2.0,nan,1
2022p155615,2022-02-27T13:52:03Z,-35.82,13.8,178.44,11.5,176.0,25.0,M,,,,3.2,0.1,7,3.6,nan,17,,,,3.6,0.2,17
2022p155661,2022-02-27T14:16:23Z,-39.72,3.3,176.68,4.5,34.0,7.0,MLv,,,,1.5,0.3,11,1.2,nan,6,,,,1.2,0.1,6
2022p155666,2022-02-27T14:19:03Z,-40.04,2.4,176.34,3.0,19.0,4.0,MLv,,,,1.5,0.4,13,,,,,,,1.5,0.3,7
2022p155718,2022-02-27T14:46:48Z,-37.82,4.4,176.69,4.4,129.0,8.0,MLv,,,,2.0,0.2,8,2.2,nan,7,,,,2.2,0.2,7
2022p155750,2022-02-27T15:03:56Z,-39.7,1.9,176.71,2.6,22.0,4.0,MLv,,,,2.9,0.3,17,,,,,,,2.8,0.2,42
2022p155767,2022-02-27T15:12:43Z,-38.65,2.7,176.09,2.8,5.0,3.0,MLv,,,,1.8,0.3,8,1.9,nan,6,,,,1.9,0.3,6
2022p155768,2022-02-27T15:13:41Z,-38.65,3.3,176.08,4.3,3.0,6.0,M,,,,1.6,0.3,8,1.8,nan,5,,,,1.8,0.4,5
2022p155789,2022-02-27T15:22:57Z,-34.81,38.7,179.93,55.8,266.0,40.0,MLv,,,,,,,,,,,,,4.6,0.2,4
2022p155786,2022-02-27T15:23:00Z,-37.72,3.9,177.22,3.3,35.0,7.0,M,,,,2.5,0.2,17,2.6,nan,19,,,,2.6,0.1,19
2022p155801,2022-02-27T15:31:24Z,-39.33,2.8,175.53,3.6,11.0,6.0,MLv,,,,0.7,0.4,10,0.4,nan,5,,,,0.4,0.2,5
2022p155873,2022-02-27T16:09:24Z,-36.72,33.0,177.19,20.0,183.0,30.0,M,,,,2.4,0.2,8,2.5,nan,2,,,,2.5,0.3,2
2022p156046,2022-02-27T17:41:19Z,-37.68,10.2,176.46,9.8,180.0,11.0,M,,,,,,,2.2,nan,5,,,,2.2,0.2,5
2022p156070,2022-02-27T17:54:24Z,-36.92,5.5,178.14,5.5,109.0,9.0,MLv,,,,4.2,0.2,10,,,,,,,4.7,0.3,91
2022p156120,2022-02-27T18:20:51Z,-37.05,10.4,176.95,9.2,186.0,13.0,M,,,,,,,2.6,nan,1,,,,2.6,nan,1
2022p156225,2022-02-27T19:17:12Z,-38.11,5.4,176.18,4.9,135.0,12.0,MLv,,,,2.0,0.2,8,2.4,nan,8,,,,2.4,0.3,8
2022p156407,2022-02-27T20:54:08Z,-41.47,3.3,174.44,2.1,5.0,0.0,MLv,,,,1.7,0.2,11,1.7,nan,6,,,,1.7,0.2,6
2022p156457,2022-02-27T21:19:19Z,-33.44,8.8,-178.16,17.0,33.0,0.0,M,5.0,0.2,7,4.4,0.2,14,4.4,nan,9,4.3,0.4,7,4.5,0.1,9
2022p156529,2022-02-27T21:59:18Z,-39.19,4.4,175.41,6.0,5.0,0.0,M,,,,0.6,0.2,8,0.8,nan,3,,,,0.8,0.2,3
2022p156720,2022-02-27T23:40:25Z,-41.8,2.7,174.06,2.8,11.0,4.0,M,,,,2.1,0.1,6,1.9,nan,6,,,,1.9,0.5,6
2022p156761,2022-02-28T00:02:29Z,-39.32,10.1,174.99,4.9,23.0,7.0,M,,,,1.7,0.3,12,1.7,nan,4,,,,1.7,0.4,4
2022p156822,2022-02-28T00:35:09Z,-37.96,4.9,177.27,4.3,29.0,6.0,M,,,,2.3,0.3,12,2.2,nan,9,,,,2.2,0.2,9
2022p156866,2022-02-28T00:58:41Z,-39.59,3.1,177.05,5.0,22.0,7.0,M,,,,1.8,0.2,9,1.7,nan,6,,,,1.7,0.2,6
2022p156903,2022-02-28T01:18:21Z,-44.32,2.8,169.3,3.1,5.0,0.0,M,,,,2.2,0.2,6,2.6,nan,2,,,,2.6,0.5,2
2022p156998,2022-02-28T02:08:24Z,-33.37,7.8,179.66,15.3,100.0,0.0,MLv,4.6,0.2,2,4.0,0.1,7,4.3,nan,7,3.8,0.4,2,4.3,0.1,7
2022p157005,2022-02-28T02:12:35Z,-45.5,4.3,167.01,6.4,54.0,7.0,MLv,,,,2.4,0.2,8,2.1,nan,3,,,,2.1,0.7,3
2022p157036,2022-02-28T02:28:55Z,-43.17,2.7,172.32,2.4,6.0,5.0,MLv,,,,1.8,0.2,8,1.6,nan,3,,,,1.6,0.1,3
2022p157065,2022-02-28T02:44:16Z,-39.25,3.0,177.17,3.4,23.0,5.0,M,,,,2.4,0.2,13,2.4,nan,12,,,,2.4,0.1,12
2022p157075,2022-02-28T02:49:40Z,-38.14,6.7,176.52,6.0,83.0,11.0,M,,,,2.1,0.2,18,2.2,nan,9,,,,2.2,0.1,9
2022p157190,2022-02-28T03:51:19Z,-39.24,3.7,175.49,7.8,5.0,0.0,M,,,,0.6,0.3,8,0.3,nan,1,,,,0.3,nan,1
2022p157267,2022-02-28T04:31:55Z,-41.7,3.9,172.74,4.4,68.0,8.0,M,,,,2.1,0.2,10,1.9,nan,5,,,,1.9,0.4,5
2022p157407,2022-02-28T05:46:42Z,-39.22,4.5,175.38,7.4,10.0,13.0,M,,,,0.6,0.2,7,0.6,nan,6,,,,0.6,0.1,6
2022p157422,2022-02-28T05:54:31Z,-42.34,3.4,173.42,4.2,9.0,6.0,M,,,,1.9,0.3,7,1.6,nan,2,,,,1.6,0.0,2
2022p157457,2022-02-28T06:13:09Z,-39.21,4.7,175.37,6.5,11.0,11.0,M,,,,0.7,0.2,7,0.7,nan,5,,,,0.7,0.1,5
2022p157520,2022-02-28T06:46:46Z,-39.23,4.1,175.38,5.7,12.0,11.0,M,,,,0.7,0.2,7,0.7,nan,3,,,,0.7,0.0,3
2022p157522,2022-02-28T06:48:05Z,-39.25,4.5,175.36,6.2,8.0,11.0,M,,,,0.9,0.3,10,0.9,nan,6,,,,0.9,0.0,6
2022p157615,2022-02-28T07:37:47Z,-39.25,4.7,177.17,5.4,21.0,5.0,M,,,,1.7,0.1,11,1.8,nan,3,,,,1.8,0.1,3
2022p157745,2022-02-28T08:46:32Z,-41.42,3.6,174.97,2.4,16.0,5.0,M,,,,1.5,0.2,10,1.5,nan,7,,,,1.5,0.3,7
2022p157782,2022-02-28T09:06:41Z,-40.85,2.6,175.69,2.9,24.0,5.0,MLv,,,,1.4,0.2,12,1.4,nan,6,,,,1.4,0.1,6
2022p157809,2022-02-28T09:20:51Z,-44.34,4.2,168.04,4.5,5.0,0.0,M,,,,2.4,0.2,9,2.3,nan,2,,,,2.3,0.1,2
2022p157863,2022-02-28T09:49:42Z,-38.26,4.7,176.71,5.0,53.0,8.0,MLv,,,,1.9,0.3,19,,,,,,,1.9,0.3,12
2022p157891,2022-02-28T10:04:05Z,-33.41,4.8,-178.09,10.8,33.0,0.0,MLv,5.3,0.1,9,4.8,0.2,19,4.8,nan,28,4.7,0.4,9,4.9,0.1,28
2022p157901,2022-02-28T10:09:28Z,-33.62,11.9,-178.01,18.2,100.0,0.0,MLv,4.8,0.1,8,,,,,,,4.0,0.4,8,4.5,0.1,10
2022p157914,2022-02-28T10:16:55Z,-37.1,10.7,176.59,10.0,400.0,8.0,M,,,,,,,4.5,nan,117,,,,4.5,0.6,117
2022p157932,2022-02-28T10:26:44Z,-37.1,11.5,176.6,9.6,406.0,8.0,MLv,,,,,,,,,,,,,4.1,0.5,113
2022p157976,2022-02-28T10:49:43Z,-42.73,4.0,172.42,3.0,5.0,0.0,M,,,,1.9,0.3,6,1.5,nan,2,,,,1.5,0.0,2
2022p157989,2022-02-28T10:56:40Z,-38.29,5.8,175.96,5.0,134.0,7.0,M,,,,1.4,0.4,5,2.0,nan,12,,,,2.0,0.2,12
2022p158164,2022-02-28T12:29:51Z,-40.16,4.0,176.83,5.3,24.0,5.0,MLv,,,,1.5,0.2,8,1.5,nan,7,,,,1.5,0.3,7
2022p158197,2022-02-28T12:47:50Z,-37.92,4.1,177.47,3.4,36.0,6.0,MLv,,,,2.2,0.2,19,2.2,nan,13,,,,2.2,0.1,13
2022p158277,2022-02-28T13:30:23Z,-38.4,10.4,175.77,11.8,152.0,15.0,M,,,,,,,1.6,nan,3,,,,1.6,0.2,3
2022p158312,2022-02-28T13:49:00Z,-40.61,2.9,175.86,3.3,22.0,6.0,MLv,,,,1.1,0.3,7,1.0,nan,6,,,,1.0,0.2,6
2022p158485,2022-02-28T15:21:00Z,-39.94,2.8,176.61,3.5,22.0,6.0,MLv,,,,1.4,0.4,11,1.1,nan,4,,,,1.1,0.2,4
2022p158599,2022-02-28T16:21:58Z,-40.64,3.5,175.83,3.1,22.0,6.0,M,,,,1.1,0.3,9,0.9,nan,2,,,,0.9,0.2,2
2022p158602,2022-02-28T16:23:27Z,-38.54,3.0,177.84,3.4,23.0,4.0,MLv,,,,1.7,0.3,12,1.6,nan,7,,,,1.6,0.2,7
2022p158617,2022-02-28T16:31:18Z,-39.5,6.1,174.48,6.9,123.0,10.0,M,,,,1.8,0.3,13,1.7,nan,5,,,,1.7,0.3,5
2022p158648,2022-02-28T16:48:09Z,-43.39,2.9,170.79,3.4,5.0,0.0,M,,,,1.8,0.3,7,1.5,nan,1,,,,1.5,nan,1
2022p158710,2022-02-28T17:20:11Z,-34.05,6.0,179.92,13.6,100.0,0.0,MLv,4.8,0.3,5,4.2,0.3,16,,,,4.1,0.4,5,4.5,0.2,28
2022p158719,2022-02-28T17:25:29Z,-38.33,4.4,176.39,4.0,5.0,0.0,MLv,,,,1.5,0.3,8,1.5,nan,7,,,,1.5,0.2,7
2022p158737,2022-02-28T17:35:08Z,-38.97,7.5,174.97,6.9,184.0,10.0,M,,,,1.7,0.5,7,2.7,nan,21,,,,2.7,0.3,21
2022p158955,2022-02-28T19:31:37Z,-39.97,7.1,174.03,6.5,98.0,15.0,MLv,,,,2.0,0.1,7,2.2,nan,2,,,,2.2,0.4,2
2022p158965,2022-02-28T19:36:58Z,-39.18,6.3,174.8,4.3,21.0,7.0,M,,,,1.6,0.2,8,1.6,nan,4,,,,1.6,0.2,4
2022p159304,2022-02-28T22:37:35Z,-41.21,5.1,172.58,5.0,114.0,6.0,M,,,,,,,2.8,nan,18,,,,2.8,0.2,18
2022p159314,2022-02-28T22:42:32Z,-39.49,6.1,175.67,4.3,11.0,9.0,MLv,,,,1.3,0.3,10,1.4,nan,9,,,,1.4,0.3,9
2022p159588,2022-03-01T01:08:29Z,-41.66,3.1,174.25,3.2,5.0,4.0,M,,,,2.0,0.2,13,2.1,nan,11,,,,2.1,0.2,11
2022p159776,2022-03-01T02:49:05Z,-41.8,4.1,174.08,4.3,14.0,5.0,M,,,,1.6,0.1,9,1.5,nan,4,,,,1.5,0.4,4
2022p159832,2022-03-01T03:18:30Z,-39.01,3.8,175.72,3.4,4.0,4.0,M,,,,1.4,0.2,13,1.5,nan,14,,,,1.5,0.3,14
2022p159870,2022-03-01T03:39:09Z,-43.6,2.7,172.43,1.8,5.0,2.0,M,,,,1.6,0.3,8,1.4,nan,5,,,,1.4,0.4,5
2022p160006,2022-03-01T04:51:38Z,-38.55,23.7,175.64,25.2,177.0,20.0,M,,,,2.1,0.3,6,2.3,nan,1,,,,2.3,nan,1
2022p160103,2022-03-01T05:43:03Z,-42.26,2.6,173.1,3.4,5.0,0.0,M,,,,1.9,0.3,7,1.8,nan,1,,,,1.8,nan,1
2022p160219,2022-03-01T06:45:09Z,-39.48,5.2,174.56,4.9,122.0,7.0,MLv,,,,2.7,0.3,17,,,,,,,3.2,0.3,54
2022p160348,2022-03-01T07:53:42Z,-40.81,4.6,176.34,5.8,17.0,6.0,M,,,,1.6,0.1,10,1.5,nan,7,,,,1.5,0.1,7
2022p160401,2022-03-01T08:22:10Z,-40.13,2.5,174.97,3.3,12.0,0.0,M,,,,1.9,0.2,14,2.0,nan,16,,,,2.0,0.2,16
2022p160464,2022-03-01T08:55:10Z,-38.25,34.1,176.04,31.2,199.0,18.0,M,,,,1.5,0.3,6,1.9,nan,3,,,,1.9,0.3,3
2022p160487,2022-03-01T09:07:32Z,-43.22,3.0,170.81,3.7,5.0,0.0,M,,,,1.8,0.1,6,2.1,nan,5,,,,2.1,0.3,5
2022p160506,2022-03-01T09:18:22Z,-39.12,4.1,175.65,4.3,4.0,5.0,M,,,,0.3,0.2,7,0.6,nan,3,,,,0.6,0.2,3
2022p160512,2022-03-01T09:21:26Z,-39.13,4.3,175.66,2.9,5.0,4.0,M,,,,0.2,0.2,7,0.1,nan,2,,,,0.1,0.2,2
2022p160517,2022-03-01T09:23:32Z,-39.12,4.0,175.66,2.9,5.0,4.0,M,,,,0.9,0.3,8,1.1,nan,6,,,,1.1,0.2,6
2022p160536,2022-03-01T09:34:04Z,-43.42,2.4,173.03,4.0,5.0,0.0,M,,,,1.8,0.1,9,1.8,nan,3,,,,1.8,0.2,3
2022p160597,2022-03-01T10:06:36Z,-37.65,6.1,176.72,5.2,159.0,8.0,MLv,,,,,,,,,,,,,3.3,0.4,72
2022p160602,2022-03-01T10:09:20Z,-37.37,5.9,179.56,9.1,12.0,0.0,M,,,,3.0,0.2,18,3.1,nan,22,,,,3.1,0.1,22
2022p160606,2022-03-01T10:11:16Z,-39.24,5.0,175.18,3.2,18.0,6.0,M,,,,1.7,0.3,11,1.6,nan,11,,,,1.6,0.1,11
2022p160623,2022-03-01T10:19:52Z,-37.38,10.6,-179.93,7.5,12.0,0.0,MLv,,,,2.9,0.2,12,,,,,,,3.0,0.1,10
2022p160663,2022-03-01T10:41:28Z,-38.77,2.4,176.01,2.6,5.0,0.0,M,,,,1.4,0.2,13,1.5,nan,6,,,,1.5,0.2,6
2022p160666,2022-03-01T10:43:00Z,-38.24,9.8,175.91,14.6,174.0,13.0,MLv,,,,,,,2.1,nan,7,,,,2.1,0.2,7
2022p160707,2022-03-01T11:04:45Z,-41.35,5.5,172.45,6.0,124.0,8.0,M,,,,,,,1.5,nan,1,,,,1.5,nan,1
2022p160711,2022-03-01T11:07:52Z,-39.23,4.5,175.68,5.8,93.0,7.0,M,,,,0.6,0.2,18,1.6,nan,19,,,,1.6,0.6,19
2022p160731,2022-03-01T11:17:44Z,-43.65,5.2,173.4,6.6,23.0,5.0,MLv,,,,3.2,0.2,12,,,,,,,3.4,0.2,18
2022p160795,2022-03-01T11:51:41Z,-40.76,3.2,174.79,2.7,10.0,6.0,M,,,,1.5,0.2,11,1.3,nan,4,,,,1.3,0.2,4
2022p160848,2022-03-01T12:20:20Z,-39.5,6.3,175.7,3.8,12.0,12.0,MLv,,,,1.3,0.3,13,1.5,nan,12,,,,1.5,0.2,12
2022p160886,2022-03-01T12:40:13Z,-40.64,6.2,176.69,7.5,20.0,6.0,M,,,,1.7,0.1,9,1.9,nan,6,,,,1.9,0.2,6
2022p160899,2022-03-01T12:46:22Z,-33.94,30.1,-178.02,40.5,33.0,0.0,MLv,4.5,0.0,2,3.9,0.1,11,4.1,nan,3,3.7,0.4,2,4.1,0.1,3
2022p160944,2022-03-01T13:11:33Z,-38.17,12.0,175.95,14.0,150.0,16.0,MLv,,,,1.6,nan,1,1.8,nan,2,,,,1.8,0.1,2
2022p160959,2022-03-01T13:18:57Z,-39.97,3.3,176.72,3.7,18.0,7.0,M,,,,0.9,0.2,6,0.8,nan,3,,,,0.8,0.1,3
2022p160977,2022-03-01T13:28:27Z,-33.97,10.9,-178.39,17.4,33.0,0.0,MLv,4.6,0.1,7,4.1,0.1,14,4.0,nan,7,3.8,0.4,7,4.1,0.1,6
2022p160987,2022-03-01T13:33:55Z,-35.96,4.0,174.16,5.4,5.0,0.0,M,,,,1.7,0.3,9,1.9,nan,7,,,,1.9,0.2,7
2022p160995,2022-03-01T13:38:25Z,-39.21,5.8,175.14,3.1,18.0,8.0,M,,,,1.2,0.2,11,1.2,nan,5,,,,1.2,0.2,5
2022p161055,2022-03-01T14:10:30Z,-40.65,2.4,175.84,2.2,22.0,3.0,MLv,,,,3.8,0.2,19,,,,,,,3.7,0.2,83
2022p161061,2022-03-01T14:13:38Z,-38.18,2.8,178.15,3.3,12.0,7.0,M,,,,2.4,0.4,10,2.3,nan,11,,,,2.3,0.2,11
2022p161084,2022-03-01T14:26:03Z,-40.64,2.6,175.83,2.7,20.0,6.0,M,,,,1.4,0.2,10,1.3,nan,6,,,,1.3,0.2,6
2022p161098,2022-03-01T14:33:11Z,-40.65,3.4,175.84,2.7,21.0,5.0,M,,,,1.3,0.3,9,1.2,nan,7,,,,1.2,0.2,7
2022p161116,2022-03-01T14:42:21Z,-35.33,39.2,179.6,37.0,232.0,42.0,M,,,,3.1,0.2,9,3.1,nan,2,,,,3.1,0.2,2
2022p161130,2022-03-01T14:50:06Z,-37.56,7.2,177.16,6.2,90.0,10.0,M,,,,1.9,0.2,12,2.4,nan,3,,,,2.4,0.4,3
2022p161142,2022-03-01T14:56:42Z,-37.29,4.6,177.65,4.9,20.0,8.0,M,,,,2.5,0.2,14,2.5,nan,11,,,,2.5,0.2,11
2022p161153,2022-03-01T15:02:35Z,-39.49,6.7,175.7,4.0,15.0,11.0,MLv,,,,1.2,0.3,12,1.5,nan,12,,,,1.5,0.3,12
2022p161161,2022-03-01T15:06:45Z,-41.34,4.0,173.71,3.2,35.0,8.0,M,,,,2.0,0.2,12,2.1,nan,7,,,,2.1,0.1,7
2022p161177,2022-03-01T15:15:25Z,-41.03,5.9,174.26,3.1,27.0,7.0,MLv,,,,1.8,0.2,10,2.0,nan,6,,,,2.0,0.2,6
2022p161191,2022-03-01T15:22:53Z,-38.39,3.7,177.59,3.2,32.0,6.0,MLv,,,,1.9,0.2,13,1.9,nan,9,,,,1.9,0.2,9
2022p161273,2022-03-01T16:06:24Z,-38.84,3.3,177.09,3.2,31.0,6.0,M,,,,2.1,0.2,13,2.0,nan,13,,,,2.0,0.3,13
2022p161284,2022-03-01T16:12:32Z,-40.85,7.4,173.06,5.6,150.0,8.0,M,,,,,,,2.6,nan,12,,,,2.6,0.1,12
2022p161568,2022-03-01T18:43:33Z,-40.94,3.2,176.1,4.3,23.0,3.0,MLv,,,,2.0,0.1,17,2.1,nan,12,,,,2.1,0.2,12
2022p161731,2022-03-01T20:10:48Z,-39.38,7.6,174.45,5.9,139.0,8.0,M,,,,2.3,0.4,16,2.7,nan,25,,,,2.7,0.3,25
2022p161758,2022-03-01T20:25:01Z,-39.22,3.1,175.36,5.1,9.0,7.0,M,,,,1.0,0.2,9,1.2,nan,6,,,,1.2,0.2,6
2022p161868,2022-03-01T21:23:23Z,-41.29,4.0,173.56,2.8,56.0,5.0,M,,,,2.5,0.2,18,2.6,nan,13,,,,2.6,0.1,13
2022p161885,2022-03-01T21:32:23Z,-40.01,4.4,174.51,4.9,103.0,8.0,M,,,,2.2,0.2,16,2.3,nan,12,,,,2.3,0.2,12
2022p161890,2022-03-01T21:35:17Z,-40.65,4.1,175.85,3.5,21.0,5.0,M,,,,1.8,0.2,13,1.9,nan,12,,,,1.9,0.2,12
2022p161892,2022-03-01T21:36:18Z,-40.62,4.9,175.89,3.9,29.0,7.0,M,,,,1.4,0.3,7,1.5,nan,5,,,,1.5,0.3,5
2022p161963,2022-03-01T22:14:16Z,-40.02,3.2,176.8,3.5,18.0,5.0,M,,,,1.5,0.2,11,1.5,nan,7,,,,1.5,0.1,7
2022p162059,2022-03-01T23:06:08Z,-40.08,2.8,175.44,4.1,29.0,6.0,M,,,,1.7,0.3,15,1.8,nan,4,,,,1.8,0.3,4
2022p162184,2022-03-02T00:11:48Z,-43.49,2.4,172.16,2.3,5.0,4.0,M,,,,1.8,0.3,11,2.0,nan,3,,,,2.0,0.6,3
2022p162233,2022-03-02T00:38:00Z,-38.16,5.2,176.91,3.3,37.0,6.0,M,,,,1.9,0.3,15,1.9,nan,7,,,,1.9,0.3,7
2022p162330,2022-03-02T01:29:26Z,-39.76,2.8,176.14,4.0,22.0,7.0,M,,,,1.3,0.4,11,1.1,nan,2,,,,1.1,0.3,2
2022p162338,2022-03-02T01:33:32Z,-49.02,12.0,164.87,14.7,33.0,0.0,MLv,,,,4.5,0.1,13,,,,,,,4.6,0.1,10
2022p162402,2022-03-02T02:07:48Z,-39.78,3.5,176.79,3.9,31.0,7.0,M,,,,1.7,0.2,11,1.7,nan,6,,,,1.7,0.2,6
2022p162560,2022-03-02T03:32:07Z,-38.42,11.5,176.05,16.8,166.0,14.0,M,,,,1.6,0.4,7,2.0,nan,10,,,,2.0,0.3,10
2022p162699,2022-03-02T04:46:20Z,-37.55,5.9,177.14,4.8,75.0,9.0,MLv,,,,2.7,0.3,19,,,,,,,2.8,0.2,21
2022p162739,2022-03-02T05:07:38Z,-39.19,7.8,174.92,5.1,20.0,10.0,M,,,,1.8,0.3,10,1.6,nan,1,,,,1.6,nan,1
2022p162892,2022-03-02T06:28:51Z,-37.67,4.1,178.16,4.2,25.0,5.0,M,,,,1.7,0.2,8,1.7,nan,4,,,,1.7,0.2,4
2022p162996,2022-03-02T07:24:26Z,-45.04,6.0,167.3,8.2,92.0,9.0,M,,,,,,,2.9,nan,7,,,,2.9,0.2,7
2022p163005,2022-03-02T07:29:11Z,-38.22,8.3,176.0,8.8,152.0,10.0,M,,,,1.9,0.2,6,2.0,nan,5,,,,2.0,0.1,5
2022p163014,2022-03-02T07:34:12Z,-39.66,6.0,174.02,6.7,127.0,10.0,M,,,,,,,2.3,nan,2,,,,2.3,0.6,2
2022p163133,2022-03-02T08:37:36Z,-38.55,2.8,177.56,2.9,27.0,5.0,M,,,,2.0,0.2,14,1.9,nan,8,,,,1.9,0.2,8
2022p163155,2022-03-02T08:49:20Z,-40.65,7.9,176.45,7.4,18.0,5.0,M,,,,2.0,0.2,11,2.0,nan,6,,,,2.0,0.1,6
2022p163177,2022-03-02T09:01:09Z,-40.63,5.7,176.44,6.6,18.0,6.0,M,,,,1.8,0.2,10,1.8,nan,4,,,,1.8,0.5,4
2022p163248,2022-03-02T09:38:42Z,-38.18,9.1,176.08,8.9,142.0,11.0,M,,,,1.9,0.2,8,2.0,nan,4,,,,2.0,0.1,4
2022p163270,2022-03-02T09:50:32Z,-39.18,9.4,175.08,3.5,15.0,9.0,M,,,,1.4,0.2,9,1.5,nan,3,,,,1.5,0.4,3
2022p163302,2022-03-02T10:07:37Z,-39.2,4.1,175.34,4.8,13.0,8.0,M,,,,0.9,0.4,7,0.6,nan,2,,,,0.6,0.2,2
2022p163305,2022-03-02T10:09:17Z,-40.18,5.5,173.71,6.0,121.0,13.0,MLv,,,,2.2,0.2,6,2.1,nan,5,,,,2.1,0.1,5
2022p163336,2022-03-02T10:25:32Z,-39.73,5.6,175.28,5.9,59.0,11.0,MLv,,,,1.7,0.3,10,1.5,nan,2,,,,1.5,0.6,2
2022p163365,2022-03-02T10:41:12Z,-37.31,4.4,177.38,3.3,5.0,0.0,M,,,,2.7,0.2,14,2.7,nan,11,,,,2.7,0.2,11
2022p163401,2022-03-02T11:00:04Z,-39.44,9.4,178.05,6.7,19.0,8.0,M,,,,2.4,0.2,7,2.3,nan,6,,,,2.3,0.1,6
2022p163503,2022-03-02T11:54:30Z,-39.53,3.8,177.02,4.3,26.0,5.0,MLv,,,,1.6,0.2,8,1.7,nan,3,,,,1.7,0.2,3
2022p163550,2022-03-02T12:19:43Z,-39.23,3.5,175.4,4.2,12.0,8.0,M,,,,0.9,0.2,9,1.1,nan,6,,,,1.1,0.2,6
2022p163564,2022-03-02T12:27:13Z,-39.21,3.7,175.37,4.6,13.0,9.0,M,,,,1.0,0.2,8,1.0,nan,7,,,,1.0,0.2,7
2022p163575,2022-03-02T12:33:01Z,-39.21,4.1,175.37,5.7,12.0,8.0,M,,,,1.1,0.2,8,1.2,nan,6,,,,1.2,0.2,6
2022p163585,2022-03-02T12:38:12Z,-38.46,4.1,178.1,4.4,31.0,8.0,M,,,,2.3,0.3,6,2.3,nan,7,,,,2.3,0.2,7
2022p163659,2022-03-02T13:17:49Z,-37.64,11.2,176.7,12.0,130.0,11.0,M,,,,,,,2.0,nan,3,,,,2.0,0.1,3
2022p163662,2022-03-02T13:19:12Z,-39.89,2.9,176.54,3.4,21.0,7.0,M,,,,1.6,0.4,9,1.5,nan,6,,,,1.5,0.5,6
2022p163703,2022-03-02T13:41:18Z,-39.17,3.1,175.39,4.6,6.0,8.0,M,,,,0.8,0.2,7,0.8,nan,4,,,,0.8,0.2,4
2022p163721,2022-03-02T13:50:57Z,-42.27,3.0,173.54,4.8,3.0,4.0,M,,,,1.8,0.4,5,1.7,nan,4,,,,1.7,0.1,4
2022p163754,2022-03-02T14:08:18Z,-37.75,9.6,177.48,8.3,23.0,12.0,M,,,,2.3,0.2,8,2.3,nan,7,,,,2.3,0.1,7
2022p163759,2022-03-02T14:11:12Z,-40.07,4.4,174.26,5.5,75.0,16.0,M,,,,2.3,0.2,7,2.6,nan,2,,,,2.6,0.4,2
2022p163776,2022-03-02T14:19:57Z,-37.74,12.0,176.48,12.9,101.0,22.0,M,,,,1.9,0.1,6,2.0,nan,4,,,,2.0,0.2,4
2022p163814,2022-03-02T14:40:13Z,-40.42,3.1,174.94,4.7,26.0,5.0,MLv,,,,1.9,0.2,19,,,,,,,2.0,0.3,5
2022p163819,2022-03-02T14:42:52Z,-35.92,22.9,178.19,23.2,208.0,26.0,M,,,,2.8,0.2,8,3.0,nan,3,,,,3.0,0.1,3
2022p163892,2022-03-02T15:21:46Z,-38.16,6.2,176.07,5.7,148.0,9.0,M,,,,,,,2.7,nan,23,,,,2.7,0.2,23
2022p163904,2022-03-02T15:28:23Z,-41.82,3.6,174.0,4.8,26.0,5.0,M,,,,2.0,0.5,4,1.9,nan,5,,,,1.9,0.3,5
2022p163911,2022-03-02T15:31:52Z,-39.53,3.6,177.02,4.2,25.0,5.0,MLv,,,,1.6,0.2,10,1.7,nan,2,,,,1.7,0.4,2
2022p163932,2022-03-02T15:43:36Z,-38.1,20.7,176.27,17.8,180.0,19.0,M,,,,,,,2.3,nan,4,,,,2.3,0.3,4
2022p164002,2022-03-02T16:20:25Z,-40.55,4.1,174.36,3.3,29.0,7.0,M,,,,2.4,0.2,18,2.5,nan,16,,,,2.5,0.2,16
2022p164024,2022-03-02T16:32:15Z,-43.49,2.3,172.78,3.2,7.0,5.0,MLv,,,,3.4,0.2,9,,,,,,,3.4,0.2,26
2022p164037,2022-03-02T16:39:14Z,-38.64,60.4,175.15,49.3,227.0,15.0,M,,,,2.0,0.2,7,2.0,nan,5,,,,2.0,0.4,5
2022p164050,2022-03-02T16:46:10Z,-39.95,6.7,173.77,7.8,192.0,10.0,M,,,,,,,2.5,nan,3,,,,2.5,0.0,3
2022p164059,2022-03-02T16:50:52Z,-39.16,9.4,175.08,4.0,17.0,10.0,M,,,,1.6,0.2,11,1.4,nan,5,,,,1.4,0.2,5
2022p164116,2022-03-02T17:21:17Z,-40.32,5.2,176.58,6.6,5.0,15.0,MLv,,,,1.5,0.3,10,1.1,nan,2,,,,1.1,0.4,2
2022p164203,2022-03-02T18:07:37Z,-39.26,7.4,175.56,10.8,2.0,10.0,M,,,,0.6,0.3,5,0.6,nan,2,,,,0.6,0.5,2
2022p164208,2022-03-02T18:10:03Z,-41.28,3.3,175.04,3.0,28.0,6.0,M,,,,1.9,0.2,9,1.7,nan,7,,,,1.7,0.2,7
2022p164289,2022-03-02T18:53:30Z,-41.07,5.7,175.07,5.0,29.0,9.0,M,,,,1.2,0.3,7,1.1,nan,4,,,,1.1,0.2,4
2022p164302,2022-03-02T19:00:22Z,-44.36,3.7,169.68,2.1,5.0,0.0,MLv,,,,2.0,0.3,7,,,,,,,1.7,0.4,6
2022p164411,2022-03-02T19:58:31Z,-39.05,4.5,175.1,3.6,5.0,0.0,MLv,,,,1.5,0.3,12,1.4,nan,3,,,,1.4,0.1,3
2022p164442,2022-03-02T20:14:20Z,-33.66,34.1,-178.39,48.1,100.0,0.0,MLv,4.7,0.1,5,4.2,0.2,5,,,,4.0,0.4,5,4.4,0.1,10
2022p164468,2022-03-02T20:28:40Z,-40.18,3.2,176.41,3.7,37.0,7.0,MLv,,,,1.6,0.2,6,1.5,nan,6,,,,1.5,0.2,6
2022p164487,2022-03-02T20:38:54Z,-37.64,5.0,177.16,5.0,33.0,0.0,MLv,,,,2.3,0.2,13,,,,,,,2.3,0.1,7
2022p164524,2022-03-02T20:58:33Z,-39.37,4.5,175.64,3.5,7.0,7.0,M,,,,1.1,0.2,14,1.2,nan,6,,,,1.2,0.3,6
2022p164528,2022-03-02T21:00:53Z,-39.37,3.0,175.64,2.6,5.0,6.0,MLv,,,,1.0,0.2,13,1.2,nan,6,,,,1.2,0.3,6
2022p164571,2022-03-02T21:23:38Z,-39.87,2.7,176.57,3.1,26.0,5.0,MLv,,,,1.7,0.3,13,1.6,nan,7,,,,1.6,0.2,7
2022p164625,2022-03-02T21:52:25Z,-39.07,6.7,175.12,4.9,5.0,0.0,M,,,,1.4,0.3,12,1.2,nan,3,,,,1.2,0.1,3
2022p164645,2022-03-02T22:03:00Z,-38.12,23.0,176.6,10.9,99.0,29.0,MLv,,,,2.2,0.4,6,1.8,nan,2,,,,1.8,0.5,2
2022p164669,2022-03-02T22:15:53Z,-40.45,4.5,174.95,5.7,28.0,8.0,MLv,,,,2.0,0.2,10,2.4,nan,7,,,,2.4,0.2,7
2022p164686,2022-03-02T22:24:48Z,-40.29,3.7,174.93,4.3,55.0,13.0,MLv,,,,1.9,0.3,11,1.3,nan,4,,,,1.3,0.4,4
2022p164778,2022-03-02T23:14:24Z,-39.28,4.9,175.13,3.6,21.0,8.0,M,,,,1.3,0.3,10,1.2,nan,4,,,,1.2,0.4,4
2022p164793,2022-03-02T23:21:47Z,-39.55,3.0,177.06,5.4,27.0,6.0,M,,,,1.8,0.3,9,2.1,nan,6,,,,2.1,0.3,6
2022p164819,2022-03-02T23:35:57Z,-40.33,5.0,173.38,7.5,179.0,7.0,M,,,,,,,3.8,nan,63,,,,3.8,0.3,63
2022p164856,2022-03-02T23:55:52Z,-41.53,3.9,173.51,4.4,40.0,7.0,MLv,,,,2.0,0.3,8,2.1,nan,5,,,,2.1,0.3,5
2022p164885,2022-03-03T00:11:15Z,-40.04,3.5,176.5,4.9,37.0,8.0,M,,,,1.6,0.2,10,1.5,nan,7,,,,1.5,0.2,7
2022p165002,2022-03-03T01:13:36Z,-38.8,8.4,176.62,11.7,37.0,23.0,M,,,,1.5,0.3,7,1.5,nan,6,,,,1.5,0.4,6
2022p165044,2022-03-03T01:36:00Z,-38.6,2.2,176.21,2.1,5.0,2.0,M,,,,2.3,0.2,12,2.2,nan,12,,,,2.2,0.2,12
2022p165047,2022-03-03T01:37:29Z,-38.61,3.4,176.23,2.8,5.0,0.0,M,,,,2.3,0.2,13,2.2,nan,13,,,,2.2,0.1,13
2022p165052,2022-03-03T01:39:57Z,-38.61,3.2,176.25,3.2,5.0,0.0,MLv,,,,1.9,0.2,12,1.9,nan,13,,,,1.9,0.2,13
2022p165124,2022-03-03T02:18:19Z,-42.04,2.4,173.75,2.9,25.0,3.0,M,,,,2.3,0.2,9,2.4,nan,5,,,,2.4,0.4,5
2022p165157,2022-03-03T02:36:09Z,-41.37,3.4,173.66,2.9,65.0,6.0,M,,,,2.2,0.2,13,2.3,nan,13,,,,2.3,0.2,13
2022p165203,2022-03-03T02:59:56Z,-36.98,17.0,177.16,14.6,202.0,17.0,M,,,,2.4,0.2,8,2.6,nan,6,,,,2.6,0.2,6
2022p165218,2022-03-03T03:08:37Z,-40.66,2.3,175.84,2.3,17.0,3.0,M,,,,2.1,0.1,17,2.1,nan,19,,,,2.1,0.2,19
2022p165223,2022-03-03T03:10:07Z,-32.9,8.3,179.93,16.0,243.0,24.0,MLv,4.8,0.1,9,4.7,0.3,9,,,,4.0,0.4,9,4.8,0.2,24
2022p165222,2022-03-03T03:10:21Z,-40.65,2.5,175.83,2.4,17.0,5.0,M,,,,1.3,0.2,10,1.2,nan,5,,,,1.2,0.1,5
2022p165254,2022-03-03T03:27:27Z,-40.65,3.1,175.83,3.1,17.0,6.0,M,,,,1.3,0.2,9,1.1,nan,3,,,,1.1,0.1,3
2022p165255,2022-03-03T03:28:53Z,-37.87,3.8,178.32,5.6,15.0,8.0,MLv,,,,1.4,0.2,6,1.2,nan,3,,,,1.2,0.5,3
2022p165295,2022-03-03T03:49:09Z,-38.4,9.6,175.91,14.8,183.0,10.0,M,,,,,,,2.0,nan,2,,,,2.0,0.1,2
2022p165298,2022-03-03T03:51:13Z,-45.03,4.2,167.13,4.4,12.0,0.0,MLv,,,,3.0,0.2,7,3.0,nan,7,,,,3.0,0.1,7
2022p165377,2022-03-03T04:33:16Z,-43.25,2.8,172.07,2.6,5.0,3.0,M,,,,2.5,0.2,9,2.7,nan,7,,,,2.7,0.1,7
2022p165383,2022-03-03T04:36:22Z,-38.79,2.9,175.9,4.4,5.0,0.0,M,,,,1.3,0.3,9,1.2,nan,4,,,,1.2,0.2,4
2022p165388,2022-03-03T04:39:13Z,-39.04,3.0,175.11,2.2,5.0,0.0,M,,,,1.8,0.2,19,1.7,nan,11,,,,1.7,0.1,11
2022p165516,2022-03-03T05:47:20Z,-38.57,3.5,177.75,3.6,26.0,6.0,MLv,,,,1.7,0.2,12,,,,,,,1.5,0.2,6
2022p165575,2022-03-03T06:18:36Z,-39.01,2.6,177.51,2.3,23.0,4.0,MLv,,,,3.1,0.3,18,,,,,,,2.9,0.2,42
2022p165614,2022-03-03T06:39:09Z,-37.61,10.4,179.7,8.1,33.0,0.0,MLv,,,,2.7,0.2,13,2.8,nan,7,,,,2.8,0.2,7
2022p165628,2022-03-03T06:46:39Z,-40.21,2.7,174.89,5.6,12.0,0.0,MLv,,,,2.0,0.3,8,1.5,nan,4,,,,1.5,0.1,4
2022p165670,2022-03-03T07:09:06Z,-39.35,6.1,174.98,2.6,19.0,12.0,MLv,,,,2.0,0.2,7,2.1,nan,7,,,,2.1,0.1,7
2022p165681,2022-03-03T07:15:16Z,-39.01,3.3,177.52,2.7,22.0,4.0,MLv,,,,1.9,0.3,15,,,,,,,2.0,0.2,8
2022p165699,2022-03-03T07:24:50Z,-40.24,3.1,175.71,4.8,30.0,6.0,M,,,,1.5,0.3,12,1.5,nan,7,,,,1.5,0.2,7
2022p165720,2022-03-03T07:35:55Z,-41.34,4.1,173.37,3.2,69.0,5.0,M,,,,2.3,0.2,13,2.3,nan,7,,,,2.3,0.2,7
2022p165731,2022-03-03T07:41:46Z,-39.2,11.9,174.91,4.1,18.0,10.0,M,,,,1.6,0.3,12,1.3,nan,5,,,,1.3,0.2,5
2022p165738,2022-03-03T07:45:41Z,-39.72,3.0,176.81,3.6,36.0,5.0,M,,,,1.5,0.3,13,1.5,nan,6,,,,1.5,0.2,6
2022p165776,2022-03-03T08:05:28Z,-36.94,8.5,177.05,7.2,189.0,11.0,M,,,,,,,2.9,nan,9,,,,2.9,0.5,9
2022p165789,2022-03-03T08:12:34Z,-40.43,2.8,174.93,3.1,27.0,5.0,MLv,,,,1.9,0.2,17,1.8,nan,7,,,,1.8,0.2,7
2022p165858,2022-03-03T08:49:13Z,-38.56,2.6,177.73,2.6,20.0,4.0,M,,,,1.5,0.2,12,1.3,nan,5,,,,1.3,0.4,5
2022p165921,2022-03-03T09:23:06Z,-40.43,4.5,174.94,5.5,30.0,9.0,M,,,,1.9,0.2,13,1.9,nan,5,,,,1.9,0.1,5
2022p166023,2022-03-03T10:17:27Z,-41.69,2.9,174.21,3.1,9.0,5.0,M,,,,1.9,0.2,11,1.8,nan,6,,,,1.8,0.3,6
2022p166029,2022-03-03T10:20:44Z,-39.66,3.9,176.53,5.8,30.0,11.0,M,,,,1.1,0.2,7,1.2,nan,5,,,,1.2,0.4,5
2022p166049,2022-03-03T10:31:25Z,-39.95,2.8,176.81,3.6,21.0,5.0,M,,,,1.5,0.2,8,1.5,nan,6,,,,1.5,0.2,6
2022p166091,2022-03-03T10:53:33Z,-38.17,4.4,178.15,3.9,14.0,7.0,M,,,,1.6,0.2,9,1.6,nan,4,,,,1.6,0.2,4
2022p166092,2022-03-03T10:53:46Z,-42.22,2.2,173.69,3.1,4.0,2.0,M,,,,1.9,0.3,10,1.6,nan,4,,,,1.6,0.3,4
2022p166124,2022-03-03T11:11:12Z,-38.98,3.8,177.59,3.0,19.0,6.0,M,,,,1.5,0.3,9,1.3,nan,5,,,,1.3,0.3,5
2022p166171,2022-03-03T11:35:55Z,-39.94,3.9,176.69,4.3,27.0,7.0,M,,,,1.7,0.3,11,1.7,nan,8,,,,1.7,0.2,8
2022p166182,2022-03-03T11:41:45Z,-37.73,6.6,179.71,6.3,12.0,0.0,M,,,,3.4,0.2,19,3.5,nan,34,,,,3.5,0.1,34
2022p166214,2022-03-03T11:59:17Z,-39.65,2.8,175.6,4.2,5.0,0.0,M,,,,1.4,0.3,9,1.4,nan,6,,,,1.4,0.3,6
2022p166261,2022-03-03T12:23:57Z,-40.31,4.3,174.17,5.6,85.0,13.0,M,,,,1.9,0.4,7,2.6,nan,1,,,,2.6,nan,1
2022p166269,2022-03-03T12:28:37Z,-39.53,2.5,175.64,2.5,9.0,5.0,M,,,,2.1,0.2,15,2.2,nan,26,,,,2.2,0.2,26
2022p166285,2022-03-03T12:36:55Z,-39.9,3.3,176.59,3.4,35.0,8.0,M,,,,1.4,0.2,10,1.5,nan,6,,,,1.5,0.2,6
2022p166339,2022-03-03T13:05:29Z,-37.61,34.8,176.12,37.7,159.0,39.0,M,,,,2.0,0.1,4,1.8,nan,1,,,,1.8,nan,1
2022p166483,2022-03-03T14:22:22Z,-37.41,14.3,179.89,8.6,33.0,0.0,M,,,,2.6,0.1,12,2.6,nan,4,,,,2.6,0.0,4
2022p166520,2022-03-03T14:41:54Z,-40.55,6.4,173.73,4.9,79.0,11.0,M,,,,2.5,0.2,13,2.5,nan,18,,,,2.5,0.1,18
2022p166527,2022-03-03T14:45:51Z,-45.22,4.3,167.32,4.9,85.0,7.0,M,,,,2.8,0.2,8,2.9,nan,5,,,,2.9,0.3,5
2022p166535,2022-03-03T14:50:08Z,-41.62,7.6,174.6,5.6,12.0,0.0,M,,,,2.6,0.9,6,2.3,nan,6,,,,2.3,0.7,6
2022p166536,2022-03-03T14:50:39Z,-40.19,2.4,176.29,2.5,43.0,4.0,M,,,,4.1,0.2,18,4.1,nan,109,,,,4.1,0.3,109
2022p166590,2022-03-03T15:19:18Z,-39.23,3.4,175.39,4.8,11.0,10.0,M,,,,0.5,0.3,6,0.4,nan,2,,,,0.4,0.2,2
2022p166623,2022-03-03T15:37:02Z,-38.44,4.7,176.65,4.9,50.0,8.0,M,,,,2.2,0.3,20,2.2,nan,25,,,,2.2,0.2,25
2022p166625,2022-03-03T15:38:04Z,-39.7,2.8,176.82,5.6,34.0,6.0,M,,,,2.1,0.3,12,2.2,nan,13,,,,2.2,0.2,13
2022p166654,2022-03-03T15:52:54Z,-35.6,29.7,178.27,29.6,238.0,34.0,M,,,,3.0,0.2,9,3.1,nan,4,,,,3.1,0.2,4
2022p166764,2022-03-03T16:51:55Z,-40.39,2.9,176.01,3.8,42.0,7.0,M,,,,1.5,0.2,9,1.6,nan,9,,,,1.6,0.3,9
2022p166886,2022-03-03T17:57:08Z,-40.63,5.2,174.97,3.7,25.0,6.0,MLv,,,,1.6,0.2,11,1.7,nan,5,,,,1.7,0.4,5
2022p166920,2022-03-03T18:15:12Z,-39.21,6.1,174.72,4.2,20.0,7.0,M,,,,1.9,0.3,7,1.7,nan,5,,,,1.7,0.1,5
2022p166942,2022-03-03T18:26:40Z,-39.5,4.9,174.47,5.9,120.0,17.0,MLv,,,,1.6,0.3,7,1.9,nan,6,,,,1.9,0.2,6
2022p166987,2022-03-03T18:50:50Z,-37.5,9.5,177.21,7.1,90.0,10.0,MLv,,,,2.2,0.1,6,2.2,nan,5,,,,2.2,0.2,5
2022p167006,2022-03-03T19:01:11Z,-38.28,4.7,178.14,5.2,26.0,9.0,M,,,,1.4,0.2,7,1.4,nan,3,,,,1.4,0.2,3
2022p167018,2022-03-03T19:07:20Z,-40.1,2.0,174.98,3.2,21.0,6.0,M,,,,2.3,0.1,19,2.4,nan,12,,,,2.4,0.2,12
2022p167129,2022-03-03T20:06:19Z,-39.24,4.1,175.39,4.6,12.0,7.0,MLv,,,,0.8,0.2,9,0.8,nan,6,,,,0.8,0.2,6
2022p167186,2022-03-03T20:36:39Z,-38.06,6.3,176.3,5.6,102.0,13.0,M,,,,2.5,0.3,14,2.8,nan,31,,,,2.8,0.3,31
2022p167221,2022-03-03T20:54:53Z,-34.4,33.4,179.3,35.5,234.0,47.0,MLv,,,,3.7,0.1,6,,,,,,,3.6,0.3,5
2022p167266,2022-03-03T21:19:55Z,-38.51,5.7,175.61,6.4,135.0,9.0,M,,,,1.3,0.3,6,1.9,nan,7,,,,1.9,0.4,7
2022p167287,2022-03-03T21:30:55Z,-43.56,2.7,172.37,2.5,5.0,3.0,MLv,,,,2.0,0.2,9,2.2,nan,4,,,,2.2,0.3,4
2022p167385,2022-03-03T22:23:04Z,-41.59,3.8,172.77,5.2,67.0,8.0,MLv,,,,1.8,0.4,8,2.0,nan,2,,,,2.0,0.1,2
2022p167509,2022-03-03T23:29:19Z,-39.17,2.8,175.57,3.9,6.0,11.0,M,,,,0.4,0.2,5,0.4,nan,6,,,,0.4,0.2,6
2022p167523,2022-03-03T23:36:21Z,-38.09,24.2,176.92,19.3,150.0,42.0,M,,,,,,,2.1,nan,8,,,,2.1,0.4,8
2022p167524,2022-03-03T23:36:57Z,-39.24,4.3,177.4,5.4,27.0,6.0,MLv,,,,2.4,0.2,10,2.3,nan,10,,,,2.3,0.2,10
2022p167634,2022-03-04T00:35:35Z,-43.59,2.3,172.03,2.8,4.0,3.0,M,,,,1.9,0.3,10,1.7,nan,6,,,,1.7,0.4,6
2022p167635,2022-03-04T00:35:58Z,-38.65,3.9,177.6,3.6,42.0,7.0,M,,,,2.0,0.3,12,2.2,nan,11,,,,2.2,0.3,11
2022p167723,2022-03-04T01:23:08Z,-41.24,6.8,172.44,7.1,186.0,7.0,M,,,,,,,2.3,nan,6,,,,2.3,0.2,6
2022p167848,2022-03-04T02:29:49Z,-41.72,4.1,172.2,4.3,78.0,7.0,MLv,,,,2.5,0.3,12,,,,,,,2.9,0.2,17
2022p167864,2022-03-04T02:38:33Z,-39.13,5.2,175.66,5.6,4.0,8.0,MLv,,,,0.3,0.3,7,0.2,nan,2,,,,0.2,0.0,2
2022p167875,2022-03-04T02:43:52Z,-39.13,3.9,175.66,3.1,5.0,4.0,M,,,,0.4,0.3,7,0.2,nan,4,,,,0.2,0.2,4
2022p167874,2022-03-04T02:43:55Z,-39.12,3.0,175.66,2.7,5.0,3.0,M,,,,0.4,0.3,6,0.5,nan,5,,,,0.5,0.2,5
2022p167897,2022-03-04T02:55:59Z,-37.84,3.7,177.16,2.9,60.0,5.0,MLv,,,,3.7,0.3,32,,,,,,,3.7,0.3,84
2022p167935,2022-03-04T03:16:04Z,-39.31,4.6,175.22,6.6,21.0,9.0,MLv,,,,1.4,0.2,8,1.4,nan,11,,,,1.4,0.2,11
2022p167966,2022-03-04T03:32:17Z,-40.41,2.4,173.97,3.0,78.0,8.0,MLv,,,,2.3,0.2,18,2.4,nan,18,,,,2.4,0.2,18
2022p168045,2022-03-04T04:14:43Z,-39.2,5.6,175.04,7.7,9.0,7.0,M,,,,1.3,0.4,9,1.1,nan,6,,,,1.1,0.1,6
2022p168078,2022-03-04T04:32:27Z,-43.31,2.9,170.43,2.8,4.0,3.0,MLv,,,,2.6,0.2,10,2.9,nan,9,,,,2.9,0.2,9
2022p168252,2022-03-04T06:04:43Z,-38.1,14.0,176.01,11.4,144.0,19.0,MLv,,,,2.0,0.2,8,1.8,nan,2,,,,1.8,0.0,2
2022p168293,2022-03-04T06:26:44Z,-39.03,3.3,176.64,3.9,42.0,8.0,MLv,,,,2.2,0.3,10,2.1,nan,8,,,,2.1,0.3,8
2022p168311,2022-03-04T06:36:08Z,-41.7,3.0,174.11,4.3,9.0,6.0,M,,,,1.5,0.1,7,1.5,nan,6,,,,1.5,0.4,6
2022p168330,2022-03-04T06:46:30Z,-38.42,12.3,175.63,6.7,128.0,14.0,M,,,,1.7,0.3,7,2.0,nan,15,,,,2.0,0.3,15
2022p168335,2022-03-04T06:49:09Z,-39.21,3.4,175.36,5.4,8.0,7.0,M,,,,0.8,0.2,10,0.6,nan,6,,,,0.6,0.1,6
2022p168347,2022-03-04T06:55:31Z,-38.22,11.7,176.22,11.5,158.0,14.0,M,,,,1.7,0.4,7,1.9,nan,7,,,,1.9,0.2,7
2022p168386,2022-03-04T07:17:40Z,-40.94,5.0,174.49,2.8,27.0,6.0,MLv,,,,1.7,0.2,11,,,,,,,1.6,0.2,7
2022p168442,2022-03-04T07:46:13Z,-40.01,5.7,174.52,6.4,85.0,13.0,M,,,,2.1,0.2,13,1.9,nan,10,,,,1.9,0.2,10
2022p168551,2022-03-04T08:44:07Z,-39.24,3.1,175.31,3.9,22.0,5.0,M,,,,1.3,0.4,12,1.1,nan,10,,,,1.1,0.2,10
2022p168554,2022-03-04T08:45:43Z,-39.26,6.4,175.27,10.2,14.0,20.0,MLv,,,,0.8,0.2,8,0.6,nan,4,,,,0.6,0.4,4
2022p168663,2022-03-04T09:43:56Z,-39.76,3.2,176.76,4.0,31.0,8.0,M,,,,1.5,0.3,12,1.5,nan,6,,,,1.5,0.2,6
2022p168665,2022-03-04T09:45:02Z,-38.83,2.4,175.93,4.0,4.0,3.0,M,,,,1.4,0.1,15,1.4,nan,10,,,,1.4,0.1,10
2022p168670,2022-03-04T09:47:36Z,-38.83,2.7,175.93,2.9,5.0,0.0,M,,,,2.0,0.2,19,2.1,nan,33,,,,2.1,0.2,33
2022p168724,2022-03-04T10:16:42Z,-40.16,4.6,176.83,5.7,22.0,6.0,M,,,,1.5,0.2,9,1.5,nan,5,,,,1.5,0.3,5
2022p168842,2022-03-04T11:19:00Z,-37.75,6.9,176.47,7.0,159.0,8.0,M,,,,,,,2.0,nan,6,,,,2.0,0.1,6
2022p168951,2022-03-04T12:17:24Z,-39.51,6.4,175.66,4.3,10.0,9.0,M,,,,0.8,0.4,11,0.7,nan,2,,,,0.7,0.4,2
2022p168969,2022-03-04T12:27:10Z,-40.97,2.2,175.76,2.4,17.0,4.0,M,,,,1.5,0.2,14,1.6,nan,10,,,,1.6,0.2,10
2022p169045,2022-03-04T13:07:09Z,-39.95,3.1,176.81,4.4,16.0,6.0,M,,,,1.2,0.2,10,1.1,nan,3,,,,1.1,0.0,3
2022p169047,2022-03-04T13:08:34Z,-37.15,8.4,176.88,6.8,177.0,12.0,M,,,,2.2,0.2,10,2.8,nan,8,,,,2.8,0.6,8
2022p169084,2022-03-04T13:28:24Z,-39.66,4.2,176.84,4.8,36.0,8.0,M,,,,1.3,0.3,11,1.2,nan,6,,,,1.2,0.2,6
2022p169117,2022-03-04T13:45:45Z,-40.59,4.1,175.88,3.4,25.0,7.0,M,,,,1.2,0.3,7,1.0,nan,4,,,,1.0,0.3,4
2022p169125,2022-03-04T13:50:04Z,-37.51,9.4,178.58,9.4,23.0,5.0,M,,,,2.0,0.2,8,1.9,nan,3,,,,1.9,0.2,3
2022p169131,2022-03-04T13:53:21Z,-39.89,3.6,176.6,3.5,26.0,8.0,M,,,,1.2,0.3,9,1.1,nan,6,,,,1.1,0.3,6
2022p169150,2022-03-04T14:03:37Z,-40.13,2.9,174.86,3.8,22.0,5.0,M,,,,2.2,0.2,16,2.1,nan,23,,,,2.1,0.1,23
2022p169222,2022-03-04T14:41:58Z,-35.71,10.8,178.33,10.1,182.0,16.0,MLv,,,,4.2,0.4,18,,,,,,,4.3,0.3,74
2022p169244,2022-03-04T14:52:24Z,-33.81,29.4,-178.97,46.0,33.0,0.0,ML,,,,3.5,0.2,3,3.6,nan,1,,,,3.6,nan,1
2022p169259,2022-03-04T15:00:37Z,-33.9,45.9,-178.79,49.6,100.0,0.0,MLv,4.2,0.1,2,3.7,0.2,9,3.8,nan,2,3.3,0.4,1,3.8,0.0,2
2022p169269,2022-03-04T15:06:47Z,-40.64,3.7,174.52,2.9,25.0,6.0,M,,,,2.5,0.2,8,2.4,nan,8,,,,2.4,0.2,8
2022p169327,2022-03-04T15:37:26Z,-38.64,4.1,177.51,3.7,42.0,8.0,M,,,,1.4,0.4,11,1.2,nan,6,,,,1.2,0.5,6
2022p169334,2022-03-04T15:41:26Z,-40.55,4.0,176.57,6.0,15.0,6.0,M,,,,1.5,0.2,10,1.6,nan,7,,,,1.6,0.1,7
2022p169411,2022-03-04T16:22:33Z,-41.0,2.8,174.88,2.8,5.0,0.0,M,,,,1.3,0.2,11,1.3,nan,6,,,,1.3,0.3,6
2022p169413,2022-03-04T16:24:06Z,-41.0,2.6,174.89,3.0,5.0,0.0,M,,,,1.5,0.1,12,1.5,nan,7,,,,1.5,0.3,7
2022p169431,2022-03-04T16:32:33Z,-34.0,9.2,-178.07,13.4,33.0,0.0,MLv,5.0,0.1,7,4.4,0.2,19,,,,4.3,0.4,7,4.6,0.2,30
2022p169432,2022-03-04T16:33:33Z,-44.55,3.0,168.41,3.0,5.0,0.0,M,,,,2.0,0.2,5,2.0,nan,5,,,,2.0,0.2,5
2022p169446,2022-03-04T16:41:06Z,-37.09,12.9,176.96,10.7,265.0,12.0,M,,,,,,,2.6,nan,13,,,,2.6,0.2,13
2022p169452,2022-03-04T16:44:30Z,-39.9,2.2,176.6,2.8,24.0,6.0,M,,,,1.6,0.3,10,1.5,nan,7,,,,1.5,0.3,7
2022p169468,2022-03-04T16:52:41Z,-39.83,2.9,175.09,4.5,25.0,5.0,M,,,,1.7,0.3,18,1.8,nan,5,,,,1.8,0.3,5
2022p169524,2022-03-04T17:22:42Z,-40.17,2.4,174.94,4.3,15.0,6.0,MLv,,,,1.6,0.2,7,,,,,,,1.5,0.1,4
2022p169534,2022-03-04T17:27:48Z,-41.24,2.9,175.32,3.4,21.0,7.0,MLv,,,,1.1,0.2,8,,,,,,,1.1,0.2,8
2022p169559,2022-03-04T17:41:01Z,-37.17,8.0,176.93,7.4,221.0,9.0,M,,,,,,,3.1,nan,30,,,,3.1,0.3,30
2022p169604,2022-03-04T18:05:33Z,-38.94,5.4,178.03,5.2,21.0,4.0,MLv,,,,1.9,0.2,13,1.8,nan,7,,,,1.8,0.2,7
2022p169637,2022-03-04T18:22:56Z,-39.89,2.5,176.82,4.1,27.0,4.0,MLv,,,,2.3,0.1,18,2.3,nan,25,,,,2.3,0.2,25
2022p169654,2022-03-04T18:31:47Z,-38.94,5.2,178.03,5.2,22.0,4.0,MLv,,,,2.1,0.2,13,2.2,nan,10,,,,2.2,0.2,10
2022p169708,2022-03-04T18:59:55Z,-34.46,42.2,178.59,42.8,254.0,61.0,M,,,,3.5,0.3,7,3.8,nan,3,,,,3.8,0.3,3
2022p169755,2022-03-04T19:25:30Z,-38.41,5.2,176.01,4.8,134.0,7.0,MLv,,,,,,,,,,,,,2.8,0.5,37
2022p169811,2022-03-04T19:55:19Z,-40.31,2.8,176.68,4.6,17.0,4.0,MLv,,,,1.8,0.2,12,,,,,,,1.9,0.1,7
2022p169883,2022-03-04T20:33:49Z,-39.24,11.3,175.1,4.3,13.0,14.0,M,,,,1.0,0.2,7,1.3,nan,6,,,,1.3,0.2,6
2022p169923,2022-03-04T20:54:58Z,-40.32,2.7,176.71,4.1,17.0,3.0,MLv,,,,2.0,0.2,14,,,,,,,2.0,0.2,15
2022p169962,2022-03-04T21:16:11Z,-40.95,3.1,176.09,3.2,25.0,4.0,MLv,,,,2.1,0.2,17,,,,,,,2.2,0.2,21
2022p169968,2022-03-04T21:19:17Z,-39.25,5.5,175.38,7.8,10.0,7.0,M,,,,0.8,0.3,10,0.8,nan,7,,,,0.8,0.3,7
2022p170058,2022-03-04T22:07:01Z,-39.86,3.0,176.61,3.1,35.0,6.0,MLv,,,,1.9,0.3,12,2.0,nan,15,,,,2.0,0.2,15
2022p170075,2022-03-04T22:16:09Z,-38.04,6.9,176.02,8.3,183.0,10.0,M,,,,1.9,0.2,11,2.0,nan,4,,,,2.0,0.2,4
2022p170136,2022-03-04T22:48:41Z,-40.52,3.0,175.8,3.0,19.0,6.0,MLv,,,,1.6,0.2,12,1.6,nan,9,,,,1.6,0.2,9
2022p170158,2022-03-04T23:00:31Z,-39.56,7.2,175.62,8.4,9.0,17.0,M,,,,1.1,0.5,10,0.9,nan,6,,,,0.9,0.4,6
2022p170164,2022-03-04T23:03:34Z,-38.4,8.7,176.03,10.5,156.0,11.0,MLv,,,,,,,1.5,nan,3,,,,1.5,0.4,3
2022p170191,2022-03-04T23:17:54Z,-41.55,2.6,174.33,2.3,12.0,0.0,MLv,,,,1.6,0.2,10,1.6,nan,6,,,,1.6,0.3,6
2022p170364,2022-03-05T00:50:19Z,-40.13,2.8,176.58,3.3,25.0,5.0,M,,,,1.7,0.2,9,1.7,nan,7,,,,1.7,0.2,7
2022p170479,2022-03-05T01:51:36Z,-41.18,3.6,175.77,3.2,11.0,7.0,MLv,,,,2.0,0.2,8,1.9,nan,6,,,,1.9,0.2,6
2022p170502,2022-03-05T02:03:31Z,-42.98,2.8,173.27,4.4,5.0,0.0,M,,,,2.1,0.2,13,2.1,nan,6,,,,2.1,0.3,6
2022p170516,2022-03-05T02:11:07Z,-42.46,3.0,173.49,3.0,5.0,3.0,M,,,,2.2,0.1,8,2.2,nan,6,,,,2.2,0.1,6
2022p170535,2022-03-05T02:21:35Z,-37.39,8.7,178.78,10.3,33.0,0.0,MLv,,,,2.4,0.1,14,2.4,nan,6,,,,2.4,0.1,6
2022p170562,2022-03-05T02:35:43Z,-41.19,3.0,175.77,3.2,13.0,5.0,MLv,,,,2.3,0.2,12,2.2,nan,12,,,,2.2,0.2,12
2022p170586,2022-03-05T02:48:34Z,-38.87,9.0,176.17,5.6,69.0,9.0,MLv,,,,1.4,0.3,11,1.3,nan,6,,,,1.3,0.2,6
2022p170590,2022-03-05T02:50:45Z,-43.42,2.0,172.09,2.1,4.0,3.0,MLv,,,,2.6,0.2,9,2.7,nan,7,,,,2.7,0.2,7
2022p170592,2022-03-05T02:51:58Z,-39.59,2.5,176.1,2.9,4.0,3.0,M,,,,1.4,0.4,12,1.3,nan,8,,,,1.3,0.3,8
2022p170767,2022-03-05T04:24:53Z,-40.6,3.9,174.56,2.6,5.0,0.0,MLv,,,,1.8,0.1,9,,,,,,,1.8,0.2,7
2022p170851,2022-03-05T05:09:30Z,-40.21,2.0,174.87,4.5,12.0,0.0,MLv,,,,1.8,0.3,18,1.7,nan,6,,,,1.7,0.1,6
2022p170873,2022-03-05T05:21:18Z,-39.95,3.7,176.82,7.4,29.0,8.0,MLv,,,,1.2,0.3,6,1.3,nan,3,,,,1.3,0.2,3
2022p170896,2022-03-05T05:33:37Z,-39.87,6.2,175.05,12.7,31.0,12.0,M,,,,1.4,0.2,8,1.8,nan,8,,,,1.8,0.2,8
2022p170922,2022-03-05T05:47:15Z,-39.62,3.3,176.3,3.3,34.0,7.0,MLv,,,,1.6,0.4,8,1.7,nan,7,,,,1.7,0.5,7
2022p170960,2022-03-05T06:07:50Z,-38.87,4.6,175.79,7.3,16.0,12.0,MLv,,,,1.0,0.3,8,0.5,nan,4,,,,0.5,0.1,4
2022p170971,2022-03-05T06:13:51Z,-39.49,7.5,175.72,5.3,12.0,8.0,MLv,,,,1.0,0.3,13,0.9,nan,5,,,,0.9,0.4,5
2022p171007,2022-03-05T06:32:45Z,-41.47,5.1,174.76,3.6,13.0,8.0,M,,,,1.3,0.2,8,1.2,nan,3,,,,1.2,0.4,3
2022p171072,2022-03-05T07:07:37Z,-39.25,5.1,176.38,3.9,56.0,9.0,M,,,,1.5,0.3,10,1.6,nan,12,,,,1.6,0.2,12
2022p171189,2022-03-05T08:09:51Z,-39.96,4.0,176.64,3.7,39.0,7.0,M,,,,1.8,0.3,8,1.9,nan,10,,,,1.9,0.3,10
2022p171192,2022-03-05T08:12:03Z,-40.62,2.4,175.88,2.7,19.0,4.0,M,,,,1.5,0.2,10,1.5,nan,6,,,,1.5,0.1,6
2022p171216,2022-03-05T08:23:58Z,-44.64,5.7,168.12,5.0,58.0,12.0,MLv,,,,2.0,0.2,9,1.2,nan,1,,,,1.2,nan,1
2022p171255,2022-03-05T08:44:45Z,-35.46,28.4,178.51,24.4,195.0,39.0,M,,,,3.0,0.2,12,3.2,nan,1,,,,3.2,nan,1
2022p171287,2022-03-05T09:01:51Z,-37.63,11.2,176.23,10.8,207.0,11.0,M,,,,2.1,0.2,14,2.2,nan,6,,,,2.2,0.3,6
2022p171339,2022-03-05T09:29:33Z,-37.98,4.4,177.06,3.7,37.0,6.0,MLv,,,,2.0,0.3,17,2.2,nan,9,,,,2.2,0.1,9
2022p171387,2022-03-05T09:55:31Z,-41.55,3.1,173.45,2.8,41.0,6.0,M,,,,2.2,0.2,12,2.3,nan,11,,,,2.3,0.2,11
2022p171433,2022-03-05T10:19:42Z,-39.47,6.0,175.71,4.6,12.0,10.0,MLv,,,,0.8,0.5,6,0.8,nan,6,,,,0.8,0.3,6
2022p171462,2022-03-05T10:35:12Z,-39.32,3.7,177.51,3.6,25.0,5.0,MLv,,,,1.9,0.2,15,2.1,nan,6,,,,2.1,0.2,6
2022p171526,2022-03-05T11:09:19Z,-44.04,2.6,170.03,2.4,3.0,3.0,M,,,,1.9,0.3,7,1.6,nan,1,,,,1.6,nan,1
2022p171541,2022-03-05T11:17:35Z,-44.94,7.0,167.53,7.4,87.0,9.0,M,,,,2.1,0.2,10,2.6,nan,2,,,,2.6,0.4,2
2022p171548,2022-03-05T11:21:05Z,-38.55,3.1,177.57,2.8,23.0,4.0,MLv,,,,1.9,0.2,15,1.9,nan,9,,,,1.9,0.2,9
2022p171557,2022-03-05T11:25:37Z,-41.23,9.9,172.51,7.7,187.0,8.0,M,,,,,,,2.0,nan,4,,,,2.0,0.4,4
2022p171563,2022-03-05T11:29:10Z,-41.68,4.9,172.16,4.7,84.0,8.0,MLv,,,,2.1,0.2,7,2.1,nan,3,,,,2.1,0.3,3
2022p171600,2022-03-05T11:48:32Z,-37.76,8.3,178.02,5.1,58.0,7.0,M,,,,1.7,0.2,12,1.9,nan,6,,,,1.9,0.3,6
2022p171660,2022-03-05T12:21:34Z,-38.44,5.6,175.76,5.2,163.0,6.0,MLv,,,,1.7,0.3,8,2.2,nan,19,,,,2.2,0.3,19
2022p171695,2022-03-05T12:39:19Z,-41.78,3.5,173.26,3.8,65.0,8.0,MLv,,,,1.9,0.3,10,1.5,nan,3,,,,1.5,0.1,3
2022p171709,2022-03-05T12:46:42Z,-39.28,4.7,175.2,4.9,16.0,11.0,MLv,,,,1.3,0.2,13,1.3,nan,7,,,,1.3,0.2,7
2022p171785,2022-03-05T13:27:12Z,-37.11,4.7,179.35,6.2,33.0,0.0,MLv,4.9,nan,1,4.5,0.2,22,,,,4.2,0.4,1,4.7,0.2,85
2022p171863,2022-03-05T14:09:07Z,-38.92,3.7,176.49,3.9,43.0,8.0,M,,,,1.6,0.3,17,1.7,nan,6,,,,1.7,0.4,6
2022p171902,2022-03-05T14:30:02Z,-38.28,2.6,176.41,3.3,3.0,3.0,MLv,,,,1.7,0.3,13,,,,,,,1.8,0.3,13
2022p171921,2022-03-05T14:39:32Z,-38.75,5.8,174.39,5.4,12.0,0.0,M,,,,2.1,0.3,13,2.6,nan,25,,,,2.6,0.4,25
2022p171946,2022-03-05T14:53:08Z,-39.25,4.4,174.95,3.1,17.0,7.0,M,,,,1.7,0.2,12,1.6,nan,9,,,,1.6,0.2,9
2022p171948,2022-03-05T14:54:15Z,-38.25,3.6,178.28,5.3,22.0,6.0,MLv,,,,1.5,0.3,8,1.4,nan,4,,,,1.4,0.3,4
2022p171986,2022-03-05T15:14:34Z,-38.56,13.8,175.66,8.8,122.0,14.0,MLv,,,,1.6,0.3,7,1.7,nan,3,,,,1.7,0.2,3
2022p172016,2022-03-05T15:30:08Z,-40.48,4.2,175.72,4.9,22.0,7.0,MLv,,,,1.2,0.3,8,0.8,nan,2,,,,0.8,0.5,2
2022p172046,2022-03-05T15:46:21Z,-39.25,4.8,174.64,2.6,22.0,6.0,M,,,,2.2,0.1,25,2.3,nan,19,,,,2.3,0.1,19
2022p172080,2022-03-05T16:04:28Z,-39.13,4.0,175.66,4.2,5.0,5.0,MLv,,,,0.7,0.2,8,0.8,nan,7,,,,0.8,0.4,7
2022p172083,2022-03-05T16:06:00Z,-40.53,9.0,173.68,4.4,101.0,8.0,M,,,,,,,1.6,nan,4,,,,1.6,0.2,4
2022p172104,2022-03-05T16:16:57Z,-37.22,35.8,176.66,34.5,222.0,30.0,M,,,,2.1,0.2,7,2.3,nan,2,,,,2.3,0.0,2
2022p172111,2022-03-05T16:20:55Z,-38.0,18.4,176.13,19.9,184.0,22.0,M,,,,,,,1.9,nan,4,,,,1.9,0.6,4
2022p172147,2022-03-05T16:39:46Z,-44.33,4.4,178.01,6.6,12.0,0.0,MLv,,,,3.6,0.3,12,3.3,nan,4,,,,3.3,0.2,4
2022p172178,2022-03-05T16:55:36Z,-33.56,19.4,-179.63,49.9,300.0,0.0,MLv,4.3,0.1,2,3.8,0.3,7,4.1,nan,7,3.4,0.4,2,4.1,0.1,7
2022p172211,2022-03-05T17:14:12Z,-40.1,2.8,175.11,3.6,27.0,4.0,MLv,,,,1.8,0.2,14,1.9,nan,9,,,,1.9,0.2,9
2022p172233,2022-03-05T17:26:00Z,-38.68,4.1,178.46,5.9,21.0,6.0,MLv,,,,2.0,0.2,13,2.1,nan,6,,,,2.1,0.0,6
2022p172240,2022-03-05T17:29:34Z,-41.23,5.0,174.07,3.1,29.0,4.0,MLv,,,,1.6,0.3,9,1.6,nan,3,,,,1.6,0.2,3
2022p172317,2022-03-05T18:10:59Z,-38.58,5.9,175.74,5.1,135.0,7.0,MLv,,,,1.6,0.3,6,,,,,,,2.0,0.3,15
2022p172456,2022-03-05T19:24:51Z,-39.15,4.2,177.72,4.5,37.0,6.0,MLv,,,,1.7,0.2,13,1.8,nan,6,,,,1.8,0.2,6
2022p172462,2022-03-05T19:28:08Z,-40.11,2.5,174.99,3.1,21.0,5.0,MLv,,,,2.7,0.2,18,,,,,,,2.7,0.2,36
2022p172547,2022-03-05T20:13:19Z,-41.22,7.3,173.01,7.9,106.0,9.0,MLv,,,,1.5,0.3,7,,,,,,,1.7,0.7,3
2022p172580,2022-03-05T20:31:05Z,-39.24,3.6,177.29,5.4,21.0,6.0,M,,,,1.5,0.1,10,1.7,nan,3,,,,1.7,0.4,3
2022p172794,2022-03-05T22:25:00Z,-41.75,3.4,174.2,3.2,12.0,5.0,MLv,,,,1.9,0.2,12,1.8,nan,6,,,,1.8,0.3,6
2022p172947,2022-03-05T23:46:37Z,-38.59,12.6,176.07,7.8,79.0,14.0,M,,,,2.0,0.3,13,2.1,nan,14,,,,2.1,0.2,14
2022p173043,2022-03-06T00:36:58Z,-36.12,11.3,177.38,10.7,273.0,13.0,MLv,,,,3.1,0.3,7,,,,,,,3.6,0.2,24
2022p173164,2022-03-06T01:41:54Z,-37.46,15.2,179.95,11.4,12.0,0.0,MLv,,,,2.6,0.2,10,2.6,nan,3,,,,2.6,0.1,3
2022p173340,2022-03-06T03:15:22Z,-36.53,17.3,177.07,17.7,241.0,18.0,M,,,,2.7,0.3,7,2.8,nan,12,,,,2.8,0.2,12
2022p173384,2022-03-06T03:40:00Z,-41.18,3.4,174.79,3.7,20.0,6.0,MLv,,,,1.2,0.2,7,1.3,nan,3,,,,1.3,0.3,3
2022p173455,2022-03-06T04:17:08Z,-39.22,4.7,174.76,3.1,19.0,6.0,MLv,,,,2.4,0.2,10,2.4,nan,9,,,,2.4,0.3,9
2022p173535,2022-03-06T04:59:58Z,-41.14,7.2,173.26,4.3,83.0,8.0,M,,,,1.7,0.3,7,1.8,nan,3,,,,1.8,0.4,3
2022p173571,2022-03-06T05:18:40Z,-40.58,1.8,175.81,2.3,21.0,3.0,M,,,,2.8,0.2,18,2.8,nan,24,,,,2.8,0.2,24
2022p173586,2022-03-06T05:26:46Z,-45.12,3.1,167.49,4.6,71.0,8.0,MLv,,,,4.5,0.4,9,,,,,,,5.1,0.2,44
2022p173621,2022-03-06T05:45:37Z,-40.6,2.7,175.86,2.8,24.0,5.0,MLv,,,,1.4,0.3,7,1.3,nan,3,,,,1.3,0.3,3
2022p173675,2022-03-06T06:14:31Z,-37.04,10.7,180.0,9.2,33.0,0.0,M,,,,3.2,0.3,13,3.4,nan,10,,,,3.4,0.2,10
2022p173723,2022-03-06T06:39:49Z,-37.43,9.7,176.62,8.8,204.0,9.0,MLv,,,,2.4,0.4,8,2.6,nan,8,,,,2.6,0.2,8
2022p173802,2022-03-06T07:22:09Z,-37.73,7.2,176.16,5.9,156.0,8.0,M,,,,2.1,0.2,8,2.1,nan,5,,,,2.1,0.3,5
2022p173872,2022-03-06T07:59:43Z,-38.24,4.3,177.58,4.5,50.0,8.0,M,,,,1.7,0.3,11,1.7,nan,8,,,,1.7,0.2,8
2022p173953,2022-03-06T08:42:21Z,-39.22,4.0,175.39,4.5,8.0,8.0,MLv,,,,0.6,0.3,7,0.7,nan,4,,,,0.7,0.3,4
2022p173972,2022-03-06T08:52:24Z,-38.06,5.6,176.0,7.2,199.0,7.0,MLv,,,,,,,2.4,nan,19,,,,2.4,0.2,19
2022p173996,2022-03-06T09:05:10Z,-39.22,4.6,175.16,4.5,22.0,7.0,MLv,,,,1.2,0.2,15,,,,,,,1.2,0.2,6
2022p174004,2022-03-06T09:09:33Z,-39.24,3.2,175.33,4.3,12.0,7.0,M,,,,0.8,0.4,9,0.7,nan,5,,,,0.7,0.2,5
2022p174017,2022-03-06T09:16:39Z,-39.57,3.0,176.28,4.3,27.0,6.0,MLv,,,,1.2,0.5,9,,,,,,,0.6,0.2,4
2022p174018,2022-03-06T09:17:08Z,-40.6,3.2,175.87,3.5,21.0,8.0,MLv,,,,1.0,0.3,7,0.9,nan,2,,,,0.9,0.0,2
2022p174026,2022-03-06T09:21:32Z,-39.91,7.9,178.28,8.3,33.0,0.0,M,,,,2.2,0.2,16,2.5,nan,7,,,,2.5,0.4,7
2022p174029,2022-03-06T09:23:05Z,-39.24,5.8,177.33,5.4,24.0,7.0,MLv,,,,1.7,0.2,8,,,,,,,1.7,0.2,4
2022p174098,2022-03-06T09:59:32Z,-38.63,10.6,175.35,8.1,194.0,9.0,MLv,,,,1.9,0.1,3,1.6,nan,6,,,,1.6,0.2,6
2022p174132,2022-03-06T10:17:30Z,-37.26,10.2,176.71,8.7,200.0,11.0,MLv,,,,2.3,0.3,12,,,,,,,2.4,0.1,7
2022p174200,2022-03-06T10:54:00Z,-38.29,9.9,176.54,16.7,40.0,14.0,MLv,,,,1.5,0.3,7,,,,,,,1.4,0.5,3
2022p174258,2022-03-06T11:25:08Z,-39.22,3.0,175.37,3.1,16.0,6.0,M,,,,0.9,0.3,12,0.9,nan,7,,,,0.9,0.1,7
2022p174285,2022-03-06T11:39:23Z,-38.3,14.4,176.71,10.8,115.0,13.0,M,,,,1.5,0.3,6,1.2,nan,3,,,,1.2,0.6,3
2022p174292,2022-03-06T11:42:48Z,-39.49,2.3,175.74,2.5,9.0,5.0,M,,,,1.2,0.3,16,1.3,nan,9,,,,1.3,0.2,9
2022p174309,2022-03-06T11:52:14Z,-38.58,3.2,177.79,3.5,16.0,7.0,MLv,,,,1.7,0.2,8,,,,,,,1.7,0.2,7
2022p174321,2022-03-06T11:57:45Z,-34.93,26.3,-178.84,32.4,33.0,0.0,M,,,,3.9,0.2,13,3.9,nan,7,,,,3.9,0.1,7
2022p174376,2022-03-06T12:27:48Z,-38.64,15.4,175.29,10.2,200.0,11.0,M,,,,1.7,0.3,8,2.4,nan,37,,,,2.4,0.4,37
2022p174386,2022-03-06T12:33:20Z,-40.89,3.8,174.91,4.4,5.0,8.0,MLv,,,,1.3,0.2,6,1.1,nan,3,,,,1.1,0.3,3
2022p174441,2022-03-06T13:02:40Z,-42.44,3.0,173.03,4.0,39.0,5.0,M,,,,2.1,0.2,7,1.9,nan,1,,,,1.9,nan,1
2022p174455,2022-03-06T13:09:51Z,-39.72,2.1,176.78,4.0,31.0,5.0,M,,,,2.0,0.3,12,2.0,nan,9,,,,2.0,0.1,9
2022p174484,2022-03-06T13:25:41Z,-40.61,3.8,174.57,2.5,12.0,0.0,MLv,,,,1.9,0.2,12,2.1,nan,5,,,,2.1,0.2,5
2022p174493,2022-03-06T13:30:09Z,-43.58,3.1,172.39,1.9,5.0,3.0,M,,,,2.3,0.2,9,2.3,nan,7,,,,2.3,0.2,7
2022p174509,2022-03-06T13:38:30Z,-38.32,8.3,175.91,7.8,158.0,9.0,MLv,,,,1.7,0.3,6,1.8,nan,7,,,,1.8,0.2,7
2022p174517,2022-03-06T13:42:45Z,-44.41,5.8,170.89,4.9,3.0,6.0,MLv,,,,1.9,0.2,7,1.8,nan,2,,,,1.8,0.1,2
2022p174556,2022-03-06T14:03:28Z,-42.9,2.5,171.73,2.5,5.0,0.0,MLv,,,,2.1,0.4,10,1.5,nan,1,,,,1.5,nan,1
2022p174569,2022-03-06T14:11:10Z,-38.37,9.8,176.04,8.0,137.0,11.0,M,,,,1.5,0.4,7,2.2,nan,5,,,,2.2,0.7,5
2022p174612,2022-03-06T14:33:46Z,-42.18,2.2,173.54,2.5,5.0,3.0,M,,,,1.7,0.3,6,1.5,nan,3,,,,1.5,0.1,3
2022p174657,2022-03-06T14:57:37Z,-40.77,3.7,176.23,6.0,24.0,5.0,M,,,,1.4,0.2,9,1.5,nan,5,,,,1.5,0.2,5
2022p174690,2022-03-06T15:14:28Z,-34.26,23.0,-177.86,26.0,33.0,0.0,MLv,4.8,0.1,6,4.2,0.1,16,,,,4.0,0.4,6,4.2,0.2,13
2022p174711,2022-03-06T15:26:19Z,-37.75,7.6,179.69,6.6,12.0,0.0,MLv,,,,2.7,0.2,17,,,,,,,2.8,0.2,9
2022p174744,2022-03-06T15:43:54Z,-39.16,3.9,177.71,3.5,15.0,5.0,M,,,,1.7,0.2,14,1.7,nan,6,,,,1.7,0.2,6
2022p174756,2022-03-06T15:51:06Z,-39.05,3.4,176.2,3.5,52.0,6.0,M,,,,3.0,0.2,26,3.0,nan,66,,,,3.0,0.1,66
2022p174778,2022-03-06T16:02:14Z,-39.15,3.7,177.73,3.5,16.0,4.0,MLv,,,,1.9,0.2,16,1.9,nan,8,,,,1.9,0.2,8
2022p174821,2022-03-06T16:24:57Z,-38.59,4.1,176.2,2.7,5.0,4.0,MLv,,,,1.9,0.3,9,1.6,nan,7,,,,1.6,0.2,7
2022p174822,2022-03-06T16:25:26Z,-38.61,2.9,176.21,2.2,4.0,3.0,M,,,,1.9,0.3,13,1.9,nan,9,,,,1.9,0.3,9
2022p174826,2022-03-06T16:27:17Z,-38.12,6.2,175.99,5.4,155.0,8.0,MLv,,,,,,,2.6,nan,32,,,,2.6,0.3,32
2022p174863,2022-03-06T16:47:23Z,-38.61,5.8,176.2,3.0,4.0,5.0,MLv,,,,1.5,0.2,8,1.4,nan,6,,,,1.4,0.1,6
2022p174909,2022-03-06T17:11:40Z,-38.98,4.2,177.59,3.1,20.0,7.0,MLv,,,,1.4,0.2,9,1.4,nan,2,,,,1.4,0.3,2
2022p174934,2022-03-06T17:25:01Z,-37.82,27.9,177.04,36.9,86.0,52.0,M,,,,,,,1.8,nan,5,,,,1.8,0.2,5
2022p174974,2022-03-06T17:46:31Z,-39.78,4.4,175.19,5.1,50.0,10.0,MLv,,,,2.5,0.3,16,2.5,nan,37,,,,2.5,0.2,37
2022p175096,2022-03-06T18:51:12Z,-41.01,3.4,176.02,4.1,16.0,6.0,M,,,,1.4,0.2,11,1.4,nan,3,,,,1.4,0.3,3
2022p175113,2022-03-06T19:00:23Z,-40.73,4.6,176.6,5.9,27.0,5.0,M,,,,2.7,0.2,14,2.7,nan,26,,,,2.7,0.2,26
2022p175245,2022-03-06T20:11:00Z,-36.55,15.1,177.78,15.1,157.0,17.0,M,,,,3.0,0.3,11,3.2,nan,13,,,,3.2,0.3,13
2022p175357,2022-03-06T21:10:21Z,-38.6,3.1,177.57,3.4,37.0,5.0,M,,,,2.1,0.3,17,2.2,nan,14,,,,2.2,0.3,14
2022p175404,2022-03-06T21:35:33Z,-38.82,5.7,175.87,8.1,78.0,12.0,M,,,,1.9,0.3,13,1.7,nan,6,,,,1.7,0.3,6
2022p175414,2022-03-06T21:40:42Z,-37.88,4.6,177.69,5.9,14.0,7.0,M,,,,2.1,0.4,7,2.1,nan,6,,,,2.1,0.1,6
2022p175459,2022-03-06T22:04:40Z,-39.51,4.0,175.7,4.1,12.0,7.0,M,,,,1.1,0.2,15,1.2,nan,9,,,,1.2,0.2,9
2022p175474,2022-03-06T22:12:56Z,-39.18,25.9,174.88,11.0,21.0,14.0,M,,,,1.8,0.1,10,1.7,nan,6,,,,1.7,0.1,6
2022p175528,2022-03-06T22:41:29Z,-38.6,4.4,178.08,5.4,24.0,7.0,M,,,,1.7,0.3,7,1.7,nan,6,,,,1.7,0.2,6
2022p175644,2022-03-06T23:43:18Z,-38.37,5.1,177.92,5.7,26.0,10.0,M,,,,1.7,0.3,7,1.6,nan,6,,,,1.6,0.2,6
2022p175752,2022-03-07T00:40:46Z,-37.82,5.2,177.94,3.4,32.0,7.0,MLv,,,,1.6,0.2,9,1.7,nan,7,,,,1.7,0.2,7
2022p175956,2022-03-07T02:29:48Z,-39.15,3.0,176.83,3.5,26.0,6.0,MLv,,,,1.4,0.2,9,1.3,nan,5,,,,1.3,0.1,5
2022p175960,2022-03-07T02:31:33Z,-37.98,7.1,177.19,8.2,31.0,11.0,M,,,,1.8,0.3,7,1.8,nan,6,,,,1.8,0.4,6
2022p175961,2022-03-07T02:31:50Z,-39.42,3.0,177.08,3.5,28.0,5.0,MLv,,,,2.3,0.2,12,2.3,nan,16,,,,2.3,0.2,16
2022p175988,2022-03-07T02:46:34Z,-37.57,8.8,177.06,7.8,94.0,12.0,M,,,,2.0,0.2,10,2.0,nan,4,,,,2.0,0.2,4
2022p176006,2022-03-07T02:56:24Z,-39.25,5.1,175.15,3.2,18.0,9.0,MLv,,,,1.1,0.2,7,1.1,nan,5,,,,1.1,0.1,5
2022p176007,2022-03-07T02:56:46Z,-40.15,3.2,174.18,4.2,110.0,7.0,M,,,,2.7,0.2,7,2.9,nan,37,,,,2.9,0.2,37
2022p176018,2022-03-07T03:02:36Z,-39.46,7.8,174.54,7.8,184.0,7.0,MLv,,,,2.3,0.1,7,2.2,nan,9,,,,2.2,0.3,9
2022p176053,2022-03-07T03:21:28Z,-40.68,4.5,176.6,7.7,19.0,6.0,MLv,,,,1.9,0.2,9,1.8,nan,3,,,,1.8,0.4,3
2022p176076,2022-03-07T03:33:17Z,-38.59,10.5,176.11,10.4,78.0,15.0,M,,,,1.8,0.3,11,2.1,nan,18,,,,2.1,0.2,18
2022p176089,2022-03-07T03:40:31Z,-37.57,9.3,177.39,5.8,97.0,11.0,MLv,,,,2.8,0.2,7,,,,,,,3.2,0.3,44
2022p176106,2022-03-07T03:49:34Z,-40.63,3.0,176.24,3.5,25.0,6.0,M,,,,1.9,0.2,11,1.9,nan,7,,,,1.9,0.2,7
2022p176144,2022-03-07T04:09:54Z,-39.21,3.8,175.37,4.9,11.0,8.0,M,,,,0.7,0.2,6,0.8,nan,7,,,,0.8,0.1,7
2022p176156,2022-03-07T04:16:23Z,-39.76,3.9,176.82,5.2,31.0,9.0,M,,,,1.3,0.3,8,1.6,nan,3,,,,1.6,0.1,3
2022p176340,2022-03-07T05:54:07Z,-40.39,3.0,176.17,4.2,13.0,8.0,MLv,,,,1.4,0.3,6,1.1,nan,4,,,,1.1,0.1,4
2022p176394,2022-03-07T06:23:13Z,-37.04,7.5,176.94,6.6,191.0,9.0,M,,,,3.6,0.4,4,3.8,nan,72,-2.2,0.4,0,3.8,0.5,72
2022p176411,2022-03-07T06:31:52Z,-40.59,2.9,175.5,2.5,24.0,5.0,MLv,,,,1.9,0.2,15,2.0,nan,6,,,,2.0,0.2,6
2022p176427,2022-03-07T06:40:37Z,-38.8,5.4,175.6,5.5,126.0,6.0,MLv,,,,1.0,0.3,6,,,,,,,1.6,0.4,7
2022p176431,2022-03-07T06:41:41Z,-34.93,22.4,-179.0,29.5,33.0,0.0,M,,,,4.0,0.2,13,4.2,nan,13,,,,4.2,0.1,13
2022p176453,2022-03-07T06:54:34Z,-39.79,3.3,176.61,3.7,25.0,6.0,MLv,,,,1.5,0.3,10,,,,,,,1.3,0.3,4
2022p176471,2022-03-07T07:03:51Z,-40.44,2.8,176.2,3.1,15.0,7.0,MLv,,,,1.6,0.1,9,1.7,nan,7,,,,1.7,0.3,7
2022p176490,2022-03-07T07:13:56Z,-38.35,8.5,176.02,8.7,157.0,11.0,M,,,,1.8,0.3,2,2.0,nan,7,,,,2.0,0.2,7
2022p176502,2022-03-07T07:20:39Z,-39.6,3.6,176.93,3.9,25.0,8.0,M,,,,1.9,0.2,12,1.9,nan,14,,,,1.9,0.2,14
2022p176523,2022-03-07T07:31:51Z,-38.08,8.0,176.35,8.9,131.0,17.0,M,,,,1.7,0.1,7,2.0,nan,6,,,,2.0,0.2,6
2022p176553,2022-03-07T07:47:45Z,-37.96,3.5,177.95,3.4,30.0,6.0,MLv,,,,1.6,0.2,10,1.6,nan,6,,,,1.6,0.2,6
2022p176620,2022-03-07T08:23:30Z,-37.92,11.5,176.19,13.8,125.0,18.0,M,,,,2.1,0.2,7,2.4,nan,6,,,,2.4,0.2,6
2022p176681,2022-03-07T08:55:58Z,-38.84,5.5,175.52,4.5,101.0,11.0,MLv,,,,1.1,0.4,7,1.3,nan,6,,,,1.3,0.5,6
2022p176701,2022-03-07T09:06:57Z,-37.29,37.2,178.12,20.8,97.0,52.0,M,,,,1.7,0.2,8,1.4,nan,1,,,,1.4,nan,1
2022p176782,2022-03-07T09:50:03Z,-39.31,5.8,175.87,5.1,53.0,9.0,MLv,,,,1.4,0.4,20,,,,,,,1.8,0.5,14
2022p176826,2022-03-07T10:12:57Z,-40.8,2.7,176.11,3.0,22.0,5.0,M,,,,2.9,0.3,13,2.7,nan,25,,,,2.7,0.2,25
2022p176830,2022-03-07T10:15:30Z,-37.01,17.3,176.64,17.0,242.0,16.0,MLv,,,,2.3,0.2,12,2.4,nan,6,,,,2.4,0.1,6
2022p176832,2022-03-07T10:16:11Z,-40.79,4.0,176.12,4.9,21.0,8.0,M,,,,1.2,0.2,5,0.7,nan,1,,,,0.7,nan,1
2022p176835,2022-03-07T10:18:04Z,-42.18,2.1,173.55,2.7,5.0,0.0,M,,,,1.9,0.3,7,1.9,nan,4,,,,1.9,0.3,4
2022p176877,2022-03-07T10:40:27Z,-40.8,3.3,176.11,4.0,22.0,7.0,MLv,,,,1.7,0.3,9,1.7,nan,6,,,,1.7,0.2,6
2022p176945,2022-03-07T11:16:37Z,-38.34,6.8,176.8,7.4,47.0,10.0,M,,,,1.3,0.2,11,1.3,nan,3,,,,1.3,0.1,3
2022p177070,2022-03-07T12:23:05Z,-43.57,3.3,172.32,2.8,6.0,6.0,M,,,,1.9,0.3,8,2.2,nan,3,,,,2.2,0.4,3
2022p177122,2022-03-07T12:50:49Z,-37.7,7.2,176.71,10.1,152.0,9.0,MLv,,,,,,,2.0,nan,3,,,,2.0,0.1,3
2022p177183,2022-03-07T13:23:43Z,-40.61,4.0,175.81,3.2,23.0,7.0,MLv,,,,1.2,0.3,7,1.0,nan,3,,,,1.0,0.1,3
2022p177188,2022-03-07T13:25:38Z,-36.1,38.7,179.39,27.7,205.0,35.0,M,,,,2.7,0.1,6,2.7,nan,2,,,,2.7,0.3,2
2022p177233,2022-03-07T13:50:14Z,-40.18,5.4,173.52,5.1,158.0,7.0,M,,,,,,,2.2,nan,2,,,,2.2,0.0,2
2022p177245,2022-03-07T13:56:30Z,-40.59,2.6,175.87,3.0,23.0,5.0,M,,,,2.3,0.2,13,2.3,nan,18,,,,2.3,0.1,18
2022p177266,2022-03-07T14:07:26Z,-41.39,4.1,172.84,4.0,88.0,7.0,M,,,,,,,2.2,nan,4,,,,2.2,0.4,4
2022p177448,2022-03-07T15:44:22Z,-38.56,3.6,177.57,3.3,23.0,5.0,M,,,,1.7,0.2,14,1.5,nan,6,,,,1.5,0.2,6
2022p177461,2022-03-07T15:51:25Z,-39.19,4.2,175.38,5.7,5.0,0.0,MLv,,,,0.8,0.2,13,,,,,,,0.9,0.4,4
2022p177503,2022-03-07T16:13:49Z,-43.46,2.9,171.59,3.1,5.0,3.0,M,,,,1.9,0.3,8,1.6,nan,1,,,,1.6,nan,1
2022p177621,2022-03-07T17:16:46Z,-39.31,7.2,177.89,9.6,16.0,6.0,M,,,,2.1,0.2,12,2.0,nan,7,,,,2.0,0.2,7
2022p177629,2022-03-07T17:20:53Z,-40.24,3.6,175.97,4.1,18.0,5.0,M,,,,1.4,0.5,6,1.4,nan,5,,,,1.4,0.4,5
2022p177651,2022-03-07T17:32:39Z,-39.25,4.2,175.4,4.9,15.0,7.0,M,,,,0.7,0.3,12,0.5,nan,5,,,,0.5,0.1,5
2022p177661,2022-03-07T17:38:28Z,-39.4,6.3,174.47,5.4,134.0,6.0,MLv,,,,2.4,0.4,14,,,,,,,2.9,0.3,42
2022p177700,2022-03-07T17:58:51Z,-44.38,4.2,167.86,5.4,5.0,0.0,MLv,,,,3.7,0.1,7,,,,,,,4.1,0.2,25
2022p177743,2022-03-07T18:22:30Z,-39.22,3.9,175.33,3.3,10.0,9.0,M,,,,1.0,0.3,9,0.9,nan,7,,,,0.9,0.1,7
2022p177783,2022-03-07T18:43:16Z,-39.35,3.7,174.9,4.7,5.0,4.0,M,,,,1.6,0.3,12,1.4,nan,6,,,,1.4,0.2,6
2022p177793,2022-03-07T18:48:13Z,-37.07,6.5,177.48,6.4,131.0,11.0,M,,,,2.8,0.3,8,3.3,nan,35,,,,3.3,0.4,35
2022p177909,2022-03-07T19:50:20Z,-40.16,2.4,174.8,3.3,14.0,6.0,M,,,,1.9,0.3,14,1.9,nan,6,,,,1.9,0.1,6
2022p177927,2022-03-07T19:59:56Z,-44.99,5.5,167.46,8.4,118.0,7.0,MLv,,,,,,,,,,,,,3.6,0.3,10
2022p177952,2022-03-07T20:12:42Z,-36.59,24.8,177.47,21.1,191.0,20.0,M,,,,2.6,0.1,6,2.6,nan,6,,,,2.6,0.1,6
2022p178024,2022-03-07T20:51:16Z,-43.18,2.6,171.9,2.5,5.0,0.0,M,,,,1.9,0.3,8,1.5,nan,2,,,,1.5,0.1,2
2022p178040,2022-03-07T21:00:01Z,-37.1,4.1,178.92,9.5,12.0,0.0,MLv,,,,3.0,0.2,17,,,,,,,3.1,0.1,19
2022p178084,2022-03-07T21:23:27Z,-38.86,4.2,178.01,5.6,25.0,6.0,M,,,,1.7,0.3,9,1.9,nan,6,,,,1.9,0.4,6
2022p178130,2022-03-07T21:47:39Z,-37.41,9.6,177.13,7.2,107.0,12.0,MLv,,,,2.1,0.2,7,2.3,nan,5,,,,2.3,0.2,5
2022p178216,2022-03-07T22:33:43Z,-39.89,2.7,176.79,3.5,25.0,6.0,M,,,,2.2,0.2,11,2.1,nan,12,,,,2.1,0.2,12
2022p178217,2022-03-07T22:34:25Z,-39.89,2.4,176.79,3.3,25.0,6.0,M,,,,2.2,0.2,13,2.1,nan,10,,,,2.1,0.2,10
2022p178220,2022-03-07T22:35:40Z,-44.11,2.6,168.73,3.1,5.0,0.0,MLv,,,,3.1,0.2,7,3.4,nan,6,,,,3.4,0.1,6
2022p178348,2022-03-07T23:44:00Z,-39.3,9.5,175.13,14.2,27.0,21.0,M,,,,1.4,0.3,9,1.3,nan,6,,,,1.3,0.1,6
2022p178414,2022-03-08T00:19:04Z,-40.68,2.7,175.89,2.8,27.0,5.0,M,,,,1.4,0.2,10,1.2,nan,6,,,,1.2,0.1,6
2022p178611,2022-03-08T02:04:00Z,-41.57,5.0,171.76,5.3,5.0,0.0,M,,,,2.3,0.2,7,2.2,nan,4,,,,2.2,0.4,4
2022p178673,2022-03-08T02:37:03Z,-37.86,11.2,176.26,9.9,122.0,13.0,M,,,,,,,2.6,nan,12,,,,2.6,0.5,12
2022p178682,2022-03-08T02:42:12Z,-38.63,3.6,177.38,3.4,26.0,7.0,MLv,,,,1.7,0.4,12,,,,,,,1.8,0.2,9
2022p178769,2022-03-08T03:28:24Z,-39.91,3.2,176.56,3.6,26.0,8.0,M,,,,1.3,0.2,9,1.3,nan,5,,,,1.3,0.3,5
2022p178796,2022-03-08T03:42:58Z,-42.19,3.2,173.58,3.2,12.0,0.0,MLv,,,,1.8,0.4,6,1.3,nan,1,,,,1.3,nan,1
2022p178816,2022-03-08T03:53:34Z,-38.68,4.4,177.89,6.4,37.0,9.0,M,,,,1.6,0.4,9,1.5,nan,4,,,,1.5,0.6,4
2022p178872,2022-03-08T04:23:25Z,-44.55,2.9,168.74,3.4,5.0,0.0,M,,,,2.2,0.2,8,2.2,nan,3,,,,2.2,0.3,3
2022p178993,2022-03-08T05:26:48Z,-33.18,5.4,-178.3,13.9,33.0,0.0,MLv,5.6,0.1,10,5.2,0.4,18,,,,5.1,0.4,10,5.3,0.2,48
2022p179029,2022-03-08T05:47:38Z,-37.94,5.6,177.87,6.0,57.0,11.0,MLv,,,,1.5,0.2,7,1.2,nan,2,,,,1.2,0.1,2
2022p179068,2022-03-08T06:07:29Z,-40.15,2.0,176.23,2.7,10.0,5.0,MLv,,,,2.4,0.2,16,,,,,,,2.4,0.2,29
2022p179071,2022-03-08T06:09:03Z,-41.51,3.0,174.12,2.7,25.0,4.0,MLv,,,,1.8,0.3,10,1.6,nan,7,,,,1.6,0.3,7
2022p179122,2022-03-08T06:36:28Z,-39.23,6.1,174.64,3.3,23.0,7.0,M,,,,1.8,0.3,13,1.2,nan,3,,,,1.2,0.1,3
2022p179143,2022-03-08T06:47:53Z,-41.04,2.9,174.86,3.1,24.0,5.0,MLv,,,,1.7,0.2,13,,,,,,,1.7,0.2,11
2022p179204,2022-03-08T07:20:14Z,-44.47,4.0,169.85,2.7,5.0,0.0,M,,,,2.2,0.3,9,1.8,nan,2,,,,1.8,0.6,2
2022p179235,2022-03-08T07:36:32Z,-41.95,3.4,172.9,5.0,61.0,8.0,M,,,,2.3,0.2,12,2.6,nan,8,,,,2.6,0.2,8
2022p179337,2022-03-08T08:31:11Z,-38.8,4.0,178.03,6.5,23.0,7.0,M,,,,1.8,0.3,12,1.7,nan,4,,,,1.7,0.4,4
2022p179339,2022-03-08T08:32:13Z,-39.02,3.5,177.68,3.2,18.0,4.0,M,,,,1.9,0.3,13,2.0,nan,6,,,,2.0,0.2,6
2022p179376,2022-03-08T08:51:56Z,-43.48,2.7,170.26,2.7,5.0,0.0,MLv,,,,2.0,0.3,8,1.4,nan,2,,,,1.4,0.4,2
2022p179389,2022-03-08T08:58:48Z,-40.67,3.1,175.83,2.8,17.0,5.0,MLv,,,,1.1,0.2,9,1.0,nan,4,,,,1.0,0.2,4
2022p179390,2022-03-08T08:59:20Z,-38.37,16.7,175.67,14.8,138.0,24.0,M,,,,,,,1.8,nan,6,,,,1.8,0.4,6
2022p179434,2022-03-08T09:23:02Z,-37.73,8.6,179.83,7.6,33.0,0.0,MLv,,,,2.7,0.2,12,2.6,nan,7,,,,2.6,0.2,7
2022p179483,2022-03-08T09:48:57Z,-40.26,3.0,175.85,4.3,26.0,5.0,M,,,,1.2,0.4,12,1.2,nan,4,,,,1.2,0.4,4
2022p179488,2022-03-08T09:51:25Z,-39.22,4.3,175.14,2.8,17.0,5.0,MLv,,,,1.5,0.2,19,1.4,nan,7,,,,1.4,0.1,7
2022p179497,2022-03-08T09:56:08Z,-37.82,7.7,179.71,7.2,12.0,0.0,MLv,,,,2.8,0.3,13,,,,,,,3.0,0.2,12
2022p179530,2022-03-08T10:13:41Z,-41.74,2.3,174.11,3.3,12.0,4.0,M,,,,1.8,0.2,9,1.6,nan,4,,,,1.6,0.4,4
2022p179537,2022-03-08T10:17:59Z,-38.49,4.9,175.97,4.7,120.0,7.0,MLv,,,,2.6,0.3,7,,,,,,,3.9,0.4,110
2022p179554,2022-03-08T10:26:40Z,-42.35,2.3,173.48,2.7,5.0,0.0,M,,,,1.9,0.3,9,1.8,nan,2,,,,1.8,0.1,2
2022p179596,2022-03-08T10:48:55Z,-39.72,4.8,175.12,5.9,60.0,9.0,M,,,,1.8,0.2,12,1.9,nan,13,,,,1.9,0.2,13
2022p179702,2022-03-08T11:45:39Z,-37.32,10.0,176.58,10.4,207.0,10.0,M,,,,,,,2.2,nan,5,,,,2.2,0.2,5
2022p179746,2022-03-08T12:08:40Z,-37.66,13.9,176.98,11.9,93.0,11.0,M,,,,2.1,0.2,9,2.1,nan,7,,,,2.1,0.3,7
2022p179804,2022-03-08T12:39:54Z,-37.91,5.8,176.9,5.5,38.0,7.0,MLv,,,,1.9,0.1,12,1.9,nan,2,,,,1.9,0.2,2
2022p179806,2022-03-08T12:40:38Z,-37.91,6.6,176.91,6.2,40.0,8.0,M,,,,1.9,0.1,12,2.1,nan,2,,,,2.1,0.2,2
2022p179832,2022-03-08T12:54:59Z,-40.61,2.8,175.86,2.6,19.0,5.0,M,,,,1.9,0.2,15,1.9,nan,13,,,,1.9,0.2,13
2022p179878,2022-03-08T13:19:20Z,-38.8,10.7,175.15,10.3,211.0,9.0,M,,,,,,,1.9,nan,3,,,,1.9,0.1,3
2022p179902,2022-03-08T13:32:15Z,-37.22,19.8,179.74,12.4,12.0,0.0,M,,,,2.6,0.1,12,2.5,nan,4,,,,2.5,0.1,4
2022p179951,2022-03-08T13:58:21Z,-38.88,3.6,177.68,3.7,23.0,8.0,M,,,,1.4,0.3,10,1.3,nan,2,,,,1.3,0.1,2
2022p179985,2022-03-08T14:16:17Z,-37.52,6.8,179.76,6.9,33.0,0.0,M,,,,3.4,0.2,19,3.4,nan,26,,,,3.4,0.1,26
2022p180006,2022-03-08T14:27:40Z,-40.61,10.4,175.33,7.1,27.0,8.0,M,,,,1.1,0.3,7,1.4,nan,2,,,,1.4,0.1,2
2022p180010,2022-03-08T14:28:49Z,-34.34,29.5,-179.56,27.6,352.0,36.0,MLv,4.5,0.8,2,3.8,0.2,10,4.0,nan,12,3.7,0.8,2,4.0,0.3,12
2022p180138,2022-03-08T15:37:25Z,-39.38,7.2,174.28,9.3,204.0,7.0,MLv,,,,1.9,0.2,7,2.2,nan,16,,,,2.2,0.2,16
2022p180137,2022-03-08T15:37:26Z,-38.77,25.6,175.94,12.0,103.0,13.0,M,,,,1.5,0.3,10,1.4,nan,5,,,,1.4,0.2,5
2022p180223,2022-03-08T16:23:18Z,-39.54,3.3,175.65,3.4,10.0,7.0,M,,,,1.4,0.2,18,1.5,nan,13,,,,1.5,0.2,13
2022p180246,2022-03-08T16:35:29Z,-40.3,2.5,175.07,3.6,65.0,6.0,M,,,,3.9,0.3,21,3.9,nan,101,,,,3.9,0.2,101
2022p180264,2022-03-08T16:45:03Z,-41.83,3.6,172.71,4.3,56.0,8.0,M,,,,2.2,0.2,13,2.3,nan,5,,,,2.3,0.1,5
2022p180305,2022-03-08T17:07:01Z,-39.35,3.0,176.92,4.3,24.0,5.0,MLv,,,,1.2,0.2,10,1.4,nan,4,,,,1.4,0.1,4
2022p180343,2022-03-08T17:27:11Z,-37.81,7.2,178.35,4.5,18.0,7.0,M,,,,1.7,0.3,7,1.5,nan,3,,,,1.5,0.4,3
2022p180538,2022-03-08T19:10:50Z,-40.56,6.0,173.92,6.8,90.0,11.0,M,,,,2.0,0.5,7,1.9,nan,4,,,,1.9,0.2,4
2022p180584,2022-03-08T19:35:12Z,-38.91,4.0,177.9,4.6,23.0,5.0,M,,,,1.7,0.2,10,1.9,nan,6,,,,1.9,0.2,6
2022p180671,2022-03-08T20:21:59Z,-39.23,7.2,174.89,3.5,23.0,8.0,M,,,,1.5,0.4,10,1.5,nan,8,,,,1.5,0.3,8
2022p180745,2022-03-08T21:01:06Z,-42.67,2.3,172.73,2.3,6.0,4.0,M,,,,2.1,0.2,6,1.8,nan,2,,,,1.8,0.1,2
2022p180787,2022-03-08T21:23:34Z,-40.47,3.1,173.54,3.9,120.0,7.0,M,,,,,,,2.4,nan,10,,,,2.4,0.2,10
2022p180794,2022-03-08T21:27:42Z,-40.63,2.4,175.36,2.5,22.0,3.0,M,,,,2.1,0.2,18,2.1,nan,17,,,,2.1,0.2,17
2022p181046,2022-03-08T23:41:26Z,-38.15,8.6,176.18,13.7,184.0,11.0,M,,,,2.7,0.4,6,2.4,nan,4,,,,2.4,0.7,4
2022p181054,2022-03-08T23:45:46Z,-39.9,2.2,176.54,2.6,22.0,5.0,M,,,,1.8,0.3,13,1.8,nan,10,,,,1.8,0.3,10
2022p181127,2022-03-09T00:24:30Z,-38.18,8.5,175.87,6.4,159.0,9.0,M,,,,2.3,0.3,18,2.5,nan,20,,,,2.5,0.3,20
2022p181269,2022-03-09T01:40:35Z,-39.25,5.9,175.09,3.5,21.0,8.0,M,,,,2.3,0.3,24,2.3,nan,22,,,,2.3,0.3,22
2022p181293,2022-03-09T01:53:12Z,-39.15,13.6,174.9,6.9,23.0,12.0,M,,,,1.5,0.3,8,1.3,nan,4,,,,1.3,0.1,4
2022p181341,2022-03-09T02:18:34Z,-39.21,6.0,177.45,3.7,27.0,7.0,M,,,,2.1,0.3,11,2.2,nan,6,,,,2.2,0.2,6
2022p181344,2022-03-09T02:20:18Z,-40.5,7.8,174.03,3.7,37.0,7.0,M,,,,1.8,0.2,10,1.8,nan,6,,,,1.8,0.2,6
2022p181354,2022-03-09T02:26:27Z,-39.08,31.9,175.03,21.5,227.0,25.0,M,,,,,,,2.2,nan,4,,,,2.2,0.2,4
2022p181390,2022-03-09T02:44:45Z,-37.72,5.4,177.32,3.2,55.0,7.0,MLv,,,,5.1,0.3,18,,,,,,,5.2,0.3,120
2022p181589,2022-03-09T04:30:38Z,-39.19,4.4,176.65,3.6,12.0,8.0,M,,,,1.3,0.3,8,1.4,nan,3,,,,1.4,0.3,3
2022p181599,2022-03-09T04:36:13Z,-38.52,3.6,177.31,4.1,31.0,7.0,M,,,,1.5,0.4,10,1.4,nan,6,,,,1.4,0.2,6
2022p181640,2022-03-09T04:58:01Z,-42.25,2.7,173.54,3.3,12.0,0.0,M,,,,1.6,0.4,6,1.3,nan,2,,,,1.3,0.2,2
2022p181758,2022-03-09T06:00:59Z,-39.12,5.9,175.14,3.6,7.0,14.0,M,,,,1.4,0.1,2,1.4,nan,2,,,,1.4,0.3,2
2022p181774,2022-03-09T06:09:06Z,-37.19,5.5,177.58,6.2,105.0,11.0,M,,,,2.6,0.2,14,2.6,nan,11,,,,2.6,0.1,11
2022p181816,2022-03-09T06:31:36Z,-42.48,2.6,173.16,3.4,5.0,0.0,M,,,,1.8,0.3,11,1.9,nan,6,,,,1.9,0.2,6
2022p181853,2022-03-09T06:51:38Z,-39.49,14.4,175.17,16.8,90.0,11.0,M,,,,1.2,0.2,10,1.3,nan,7,,,,1.3,0.1,7
2022p181895,2022-03-09T07:14:45Z,-39.39,11.6,175.58,9.9,6.0,15.0,M,,,,0.7,0.4,7,0.6,nan,4,,,,0.6,0.4,4
2022p181974,2022-03-09T07:56:05Z,-40.06,2.7,176.11,4.3,22.0,6.0,M,,,,1.3,0.4,9,1.2,nan,7,,,,1.2,0.3,7
2022p181991,2022-03-09T08:04:59Z,-37.64,14.8,179.78,10.1,12.0,0.0,MLv,,,,2.3,0.2,10,2.1,nan,2,,,,2.1,0.2,2
2022p182021,2022-03-09T08:20:54Z,-40.14,2.9,174.96,4.1,16.0,6.0,M,,,,1.7,0.2,12,1.9,nan,13,,,,1.9,0.2,13
2022p182092,2022-03-09T08:58:48Z,-41.24,4.8,172.58,5.4,110.0,8.0,M,,,,,,,2.1,nan,6,,,,2.1,0.3,6
2022p182113,2022-03-09T09:10:11Z,-39.24,3.4,175.39,3.5,18.0,5.0,MLv,,,,0.8,0.7,6,0.4,nan,7,,,,0.4,0.1,7
2022p182145,2022-03-09T09:27:32Z,-38.82,7.7,176.15,7.2,76.0,10.0,MLv,,,,1.7,0.4,11,,,,,,,1.1,0.5,4
2022p182148,2022-03-09T09:28:36Z,-40.41,3.1,176.46,4.1,21.0,6.0,M,,,,1.3,0.3,9,0.9,nan,2,,,,0.9,0.1,2
2022p182152,2022-03-09T09:30:49Z,-42.07,2.5,173.73,2.8,5.0,0.0,M,,,,1.6,0.4,7,1.2,nan,1,,,,1.2,nan,1
2022p182162,2022-03-09T09:35:59Z,-38.72,3.6,177.96,4.2,22.0,5.0,MLv,,,,1.7,0.2,10,1.6,nan,6,,,,1.6,0.2,6
2022p182172,2022-03-09T09:41:34Z,-41.07,5.4,173.77,3.9,44.0,7.0,M,,,,1.7,0.3,9,1.8,nan,4,,,,1.8,0.2,4
2022p182227,2022-03-09T10:10:34Z,-39.5,2.9,175.69,2.6,8.0,6.0,MLv,,,,1.0,0.3,12,0.9,nan,6,,,,0.9,0.3,6
2022p182281,2022-03-09T10:39:46Z,-40.59,3.5,173.84,3.0,100.0,7.0,MLv,,,,1.6,0.2,6,,,,,,,1.4,0.4,5
2022p182367,2022-03-09T11:25:11Z,-39.66,2.6,176.86,4.2,32.0,6.0,MLv,,,,1.6,0.3,13,1.6,nan,8,,,,1.6,0.2,8
2022p182381,2022-03-09T11:32:51Z,-38.62,7.2,175.69,5.0,132.0,8.0,MLv,,,,1.7,0.3,9,2.3,nan,25,,,,2.3,0.3,25
2022p182417,2022-03-09T11:52:14Z,-39.26,6.0,177.38,6.0,24.0,6.0,M,,,,1.8,0.1,12,1.8,nan,5,,,,1.8,0.1,5
2022p182442,2022-03-09T12:05:21Z,-38.1,3.4,178.17,3.6,23.0,5.0,MLv,,,,1.6,0.2,10,1.5,nan,5,,,,1.5,0.2,5
2022p182513,2022-03-09T12:43:16Z,-39.23,4.0,175.41,9.6,14.0,9.0,MLv,,,,0.8,0.4,6,0.4,nan,6,,,,0.4,0.2,6
2022p182518,2022-03-09T12:45:50Z,-39.45,2.9,177.23,4.3,20.0,6.0,M,,,,2.4,0.2,13,2.5,nan,9,,,,2.5,0.2,9
2022p182528,2022-03-09T12:51:10Z,-37.87,8.9,176.49,8.9,124.0,12.0,M,,,,1.9,0.2,13,1.9,nan,2,,,,1.9,0.1,2
2022p182544,2022-03-09T12:59:00Z,-34.8,28.6,-178.86,34.0,100.0,0.0,MLv,,,,3.5,0.1,11,3.6,nan,3,,,,3.6,0.2,3
2022p182559,2022-03-09T13:09:07Z,-39.21,3.5,175.35,4.6,15.0,7.0,M,,,,1.4,0.4,12,1.1,nan,10,,,,1.1,0.2,10
2022p182637,2022-03-09T13:49:02Z,-44.35,3.9,168.15,4.4,5.0,0.0,M,,,,2.4,0.1,6,2.6,nan,1,,,,2.6,nan,1
2022p182715,2022-03-09T14:30:10Z,-34.93,8.8,-178.71,12.7,33.0,0.0,MLv,4.8,nan,1,4.1,0.1,17,4.1,nan,19,4.1,0.4,1,4.1,0.1,19
2022p182747,2022-03-09T14:47:11Z,-34.87,25.8,-178.9,31.7,33.0,0.0,M,4.4,0.2,2,3.7,0.1,13,3.7,nan,6,3.5,0.4,2,3.7,0.1,6
2022p182815,2022-03-09T15:24:14Z,-38.0,2.5,178.22,2.9,5.0,3.0,MLv,,,,2.0,0.1,11,2.0,nan,7,,,,2.0,0.2,7
2022p182890,2022-03-09T16:04:08Z,-38.94,3.3,177.17,4.3,27.0,5.0,M,,,,1.6,0.2,12,1.4,nan,7,,,,1.4,0.3,7
2022p182896,2022-03-09T16:07:18Z,-40.23,4.7,173.55,5.1,152.0,8.0,MLv,,,,,,,2.4,nan,17,,,,2.4,0.2,17
2022p182908,2022-03-09T16:13:28Z,-40.02,2.4,174.99,4.1,24.0,5.0,M,,,,1.8,0.3,17,2.0,nan,7,,,,2.0,0.2,7
2022p182960,2022-03-09T16:42:13Z,-40.81,2.7,176.12,3.4,22.0,4.0,MLv,,,,1.6,0.2,17,,,,,,,1.7,0.2,9
2022p182984,2022-03-09T16:54:04Z,-37.45,8.5,176.85,10.3,93.0,16.0,MLv,,,,1.9,0.2,7,2.0,nan,4,,,,2.0,0.2,4
2022p183027,2022-03-09T17:17:03Z,-38.46,6.5,176.02,8.3,157.0,10.0,M,,,,1.3,0.2,6,1.7,nan,4,,,,1.7,0.5,4
2022p183053,2022-03-09T17:30:43Z,-39.62,2.8,176.93,4.0,44.0,7.0,M,,,,1.5,0.3,13,1.5,nan,5,,,,1.5,0.4,5
2022p183089,2022-03-09T17:49:52Z,-38.43,6.4,176.21,5.7,81.0,11.0,M,,,,2.1,0.3,18,2.0,nan,14,,,,2.0,0.3,14
2022p183093,2022-03-09T17:51:17Z,-33.4,8.8,-178.6,16.1,33.0,0.0,MLv,4.8,0.1,6,4.4,0.1,13,4.3,nan,6,4.1,0.4,6,4.5,0.1,6
2022p183108,2022-03-09T18:00:10Z,-39.18,4.4,177.43,4.6,20.0,6.0,M,,,,1.9,0.1,12,2.0,nan,7,,,,2.0,0.2,7
2022p183247,2022-03-09T19:14:23Z,-40.96,2.9,175.44,3.2,19.0,7.0,M,,,,1.2,0.2,8,1.2,nan,6,,,,1.2,0.3,6
2022p183262,2022-03-09T19:22:12Z,-42.93,2.9,171.71,2.5,5.0,0.0,M,,,,2.2,0.2,10,1.9,nan,2,,,,1.9,0.1,2
2022p183275,2022-03-09T19:29:15Z,-38.07,23.8,176.23,31.2,155.0,18.0,M,,,,,,,1.8,nan,1,,,,1.8,nan,1
2022p183364,2022-03-09T20:16:21Z,-41.67,2.5,174.24,2.8,13.0,4.0,M,,,,1.9,0.3,13,2.0,nan,10,,,,2.0,0.2,10
2022p183437,2022-03-09T20:55:24Z,-37.69,5.0,177.91,4.6,63.0,6.0,M,,,,3.2,0.4,21,3.3,nan,52,,,,3.3,0.2,52
2022p183456,2022-03-09T21:05:35Z,-43.59,2.6,171.49,2.1,5.0,0.0,M,,,,2.5,0.2,13,2.5,nan,9,,,,2.5,0.3,9
2022p183501,2022-03-09T21:29:50Z,-40.69,2.4,175.43,2.4,23.0,4.0,M,,,,2.2,0.2,14,2.2,nan,22,,,,2.2,0.2,22
2022p183527,2022-03-09T21:43:32Z,-38.52,2.1,175.91,2.5,7.0,4.0,M,,,,2.2,0.2,25,2.1,nan,18,,,,2.1,0.2,18
2022p183539,2022-03-09T21:49:57Z,-40.68,4.5,175.42,3.2,22.0,5.0,M,,,,1.7,0.2,13,1.8,nan,10,,,,1.8,0.2,10
2022p183671,2022-03-09T23:00:15Z,-40.32,3.7,176.54,3.3,13.0,6.0,M,,,,1.9,0.1,11,1.8,nan,9,,,,1.8,0.2,9
2022p183753,2022-03-09T23:43:52Z,-38.6,9.0,175.89,6.7,132.0,9.0,M,,,,1.7,0.4,2,2.3,nan,12,,,,2.3,0.5,12
2022p183796,2022-03-10T00:07:01Z,-41.39,3.0,174.2,2.4,17.0,4.0,M,,,,2.3,0.2,14,2.3,nan,13,,,,2.3,0.2,13
2022p183876,2022-03-10T00:49:14Z,-39.97,5.2,176.78,4.5,21.0,9.0,M,,,,1.4,0.2,9,1.3,nan,4,,,,1.3,0.1,4
2022p183894,2022-03-10T00:58:43Z,-39.98,3.7,176.79,4.2,23.0,6.0,M,,,,1.7,0.2,10,1.7,nan,9,,,,1.7,0.2,9
2022p183910,2022-03-10T01:07:27Z,-41.47,7.0,175.63,5.5,21.0,5.0,M,,,,2.2,0.2,11,2.2,nan,12,,,,2.2,0.2,12
2022p183922,2022-03-10T01:13:44Z,-39.2,10.0,174.73,9.7,192.0,11.0,M,,,,1.9,0.4,6,3.0,nan,40,,,,3.0,0.3,40
2022p183982,2022-03-10T01:45:54Z,-39.82,3.3,176.64,3.8,34.0,10.0,MLv,,,,1.9,0.2,7,2.0,nan,15,,,,2.0,0.2,15
2022p183986,2022-03-10T01:48:10Z,-37.52,11.1,179.98,7.6,33.0,0.0,MLv,,,,2.8,0.2,13,2.6,nan,5,,,,2.6,0.2,5
2022p184064,2022-03-10T02:29:47Z,-38.49,3.4,177.85,3.8,28.0,6.0,M,,,,1.7,0.3,10,1.6,nan,7,,,,1.6,0.2,7
2022p184123,2022-03-10T03:01:20Z,-39.49,8.7,175.68,4.9,11.0,13.0,MLv,,,,1.0,0.3,10,0.9,nan,6,,,,0.9,0.3,6
2022p184202,2022-03-10T03:42:58Z,-38.74,4.7,177.9,6.0,35.0,6.0,M,,,,1.8,0.2,10,1.7,nan,5,,,,1.7,0.4,5
2022p184272,2022-03-10T04:20:19Z,-39.16,6.7,175.18,8.1,120.0,13.0,M,,,,1.5,0.6,8,1.6,nan,4,,,,1.6,0.8,4
2022p184314,2022-03-10T04:43:07Z,-39.21,5.6,175.39,8.0,14.0,16.0,M,,,,0.7,0.4,6,0.4,nan,4,,,,0.4,0.1,4
2022p184338,2022-03-10T04:55:19Z,-41.48,5.7,175.65,5.3,21.0,4.0,M,,,,1.6,0.2,10,1.8,nan,8,,,,1.8,0.2,8
2022p184345,2022-03-10T04:59:33Z,-41.22,5.3,172.57,4.9,110.0,8.0,M,,,,,,,1.9,nan,5,,,,1.9,0.4,5
2022p184355,2022-03-10T05:04:38Z,-38.18,3.0,178.15,3.4,13.0,6.0,MLv,,,,2.7,0.3,12,,,,,,,2.8,0.2,14
2022p184359,2022-03-10T05:06:40Z,-38.19,3.0,178.15,3.4,14.0,5.0,M,,,,2.5,0.3,13,2.5,nan,12,,,,2.5,0.2,12
2022p184393,2022-03-10T05:24:45Z,-38.14,5.0,178.89,6.9,33.0,0.0,MLv,,,,2.8,0.2,16,2.9,nan,21,,,,2.9,0.2,21
2022p184408,2022-03-10T05:32:58Z,-42.18,3.4,173.49,3.9,42.0,7.0,MLv,,,,2.5,0.2,7,,,,,,,2.6,0.2,15
2022p184526,2022-03-10T06:35:44Z,-39.97,3.0,176.17,4.2,26.0,6.0,M,,,,1.0,0.2,7,1.2,nan,3,,,,1.2,0.6,3
2022p184597,2022-03-10T07:13:33Z,-38.53,8.3,175.86,6.7,101.0,13.0,MLv,,,,1.9,0.3,7,2.2,nan,3,,,,2.2,0.4,3
2022p184708,2022-03-10T08:12:52Z,-39.93,5.3,173.99,4.9,116.0,11.0,M,,,,,,,2.0,nan,3,,,,2.0,0.2,3
2022p184824,2022-03-10T09:14:20Z,-39.21,4.9,175.14,3.3,16.0,9.0,M,,,,1.2,0.4,7,1.2,nan,3,,,,1.2,0.3,3
2022p184828,2022-03-10T09:16:28Z,-38.53,7.2,175.99,5.1,109.0,9.0,MLv,,,,1.7,0.4,7,1.7,nan,7,,,,1.7,0.2,7
2022p184882,2022-03-10T09:45:14Z,-35.69,17.5,179.57,27.5,100.0,0.0,MLv,,,,3.1,0.1,8,2.7,nan,2,,,,2.7,0.3,2
2022p184923,2022-03-10T10:07:16Z,-40.64,2.5,175.82,2.5,19.0,4.0,MLv,,,,1.3,0.2,11,,,,,,,1.3,0.1,7
2022p184965,2022-03-10T10:29:27Z,-42.85,2.4,172.87,2.6,7.0,4.0,M,,,,2.5,0.1,7,2.6,nan,9,,,,2.6,0.2,9
2022p184989,2022-03-10T10:42:21Z,-39.76,2.8,176.81,3.9,25.0,7.0,M,,,,1.6,0.2,8,1.5,nan,4,,,,1.5,0.1,4
2022p185024,2022-03-10T11:01:00Z,-40.86,4.1,174.81,2.7,5.0,0.0,MLv,,,,1.5,0.4,10,1.2,nan,3,,,,1.2,0.1,3
2022p185033,2022-03-10T11:05:40Z,-37.91,5.5,177.21,3.9,41.0,9.0,M,,,,2.3,0.3,14,2.4,nan,18,,,,2.4,0.2,18
2022p185042,2022-03-10T11:10:41Z,-39.55,4.7,174.37,4.3,117.0,8.0,MLv,,,,1.8,0.4,7,1.9,nan,6,,,,1.9,0.2,6
2022p185068,2022-03-10T11:25:02Z,-39.81,3.1,176.46,3.6,25.0,8.0,MLv,,,,1.1,0.4,7,0.5,nan,3,,,,0.5,0.2,3
2022p185071,2022-03-10T11:26:16Z,-40.4,2.6,175.03,2.9,12.0,0.0,M,,,,2.4,0.1,16,2.4,nan,24,,,,2.4,0.2,24
2022p185216,2022-03-10T12:43:32Z,-39.0,10.3,175.85,6.2,99.0,8.0,M,,,,1.0,0.1,3,1.2,nan,6,,,,1.2,0.3,6
2022p185260,2022-03-10T13:06:32Z,-41.47,5.4,175.63,5.1,22.0,5.0,MLv,,,,1.8,0.2,11,1.9,nan,9,,,,1.9,0.1,9
2022p185279,2022-03-10T13:16:50Z,-37.05,8.6,177.89,6.2,12.0,0.0,MLv,,,,2.3,0.1,9,2.3,nan,4,,,,2.3,0.1,4
2022p185347,2022-03-10T13:52:52Z,-37.53,8.8,177.18,15.9,91.0,13.0,MLv,,,,2.1,0.3,6,1.5,nan,2,,,,1.5,0.2,2
2022p185348,2022-03-10T13:53:20Z,-37.88,3.5,178.28,3.8,20.0,5.0,MLv,,,,1.7,0.1,8,1.7,nan,6,,,,1.7,0.2,6
2022p185353,2022-03-10T13:56:19Z,-39.23,2.6,175.35,2.8,15.0,5.0,M,,,,1.8,0.4,12,1.6,nan,13,,,,1.6,0.2,13
2022p185497,2022-03-10T15:12:59Z,-37.78,8.6,179.62,7.1,12.0,0.0,MLv,,,,2.5,0.2,13,2.5,nan,5,,,,2.5,0.1,5
2022p185511,2022-03-10T15:20:33Z,-39.25,7.2,175.1,3.0,16.0,9.0,M,,,,1.4,0.4,8,1.3,nan,1,,,,1.3,nan,1
2022p185647,2022-03-10T16:33:06Z,-36.9,10.5,177.22,14.2,166.0,13.0,M,,,,2.3,0.2,12,2.6,nan,2,,,,2.6,0.1,2
2022p185664,2022-03-10T16:42:08Z,-41.29,8.0,172.46,7.4,162.0,7.0,M,,,,,,,2.9,nan,12,,,,2.9,0.2,12
2022p185692,2022-03-10T16:57:24Z,-41.09,6.6,174.4,4.0,48.0,8.0,M,,,,1.7,0.2,12,2.0,nan,6,,,,2.0,0.3,6
2022p185754,2022-03-10T17:28:48Z,-33.32,29.0,-177.5,39.8,33.0,0.0,MLv,4.5,0.1,2,4.1,0.2,7,,,,3.6,0.4,2,4.1,0.2,3
2022p185770,2022-03-10T17:38:48Z,-45.64,3.7,166.64,8.2,5.0,0.0,MLv,,,,2.8,0.2,10,2.3,nan,2,,,,2.3,0.2,2
2022p186033,2022-03-10T19:58:54Z,-39.18,3.4,176.31,2.9,34.0,7.0,MLv,,,,1.9,0.2,16,,,,,,,1.9,0.1,13
2022p186163,2022-03-10T21:08:03Z,-44.97,4.4,167.63,8.6,37.0,8.0,MLv,,,,2.5,0.2,8,1.8,nan,1,,,,1.8,nan,1
2022p186194,2022-03-10T21:24:27Z,-39.54,11.7,175.72,13.5,43.0,22.0,MLv,,,,0.9,0.6,6,0.6,nan,3,,,,0.6,0.5,3
2022p186250,2022-03-10T21:54:15Z,-38.67,7.3,175.96,6.5,99.0,9.0,MLv,,,,2.0,nan,1,2.4,nan,18,,,,2.4,0.3,18
2022p186319,2022-03-10T22:31:15Z,-40.17,9.7,175.6,13.4,22.0,19.0,MLv,,,,1.5,0.3,6,1.3,nan,4,,,,1.3,0.3,4
2022p186662,2022-03-11T01:33:54Z,-39.21,4.4,174.86,3.4,25.0,6.0,M,,,,2.8,0.2,12,2.7,nan,37,,,,2.7,0.2,37
2022p186761,2022-03-11T02:26:45Z,-38.12,8.3,176.0,9.2,141.0,12.0,M,,,,,,,2.4,nan,3,,,,2.4,0.8,3
2022p186881,2022-03-11T03:30:38Z,-41.46,6.1,174.85,4.3,25.0,7.0,M,,,,2.0,0.2,9,2.0,nan,10,,,,2.0,0.2,10
2022p186902,2022-03-11T03:41:35Z,-43.6,1.9,172.68,1.9,6.0,3.0,M,,,,2.2,0.2,9,2.3,nan,4,,,,2.3,0.2,4
2022p186960,2022-03-11T04:12:43Z,-38.19,9.8,176.21,10.1,135.0,14.0,M,,,,1.6,0.2,7,1.8,nan,1,,,,1.8,nan,1
2022p187178,2022-03-11T06:08:44Z,-37.89,6.8,176.65,5.7,119.0,10.0,M,,,,2.0,0.3,10,2.4,nan,18,,,,2.4,0.2,18
2022p187264,2022-03-11T06:54:44Z,-39.28,8.0,175.88,9.6,54.0,18.0,M,,,,0.9,0.3,10,0.6,nan,3,,,,0.6,0.0,3
2022p187273,2022-03-11T06:59:13Z,-39.14,3.2,175.65,3.0,4.0,3.0,M,,,,0.7,0.0,8,0.8,nan,5,,,,0.8,0.2,5
2022p187330,2022-03-11T07:29:32Z,-37.85,5.6,177.92,5.2,63.0,8.0,M,,,,1.7,0.2,13,1.5,nan,5,,,,1.5,0.5,5
2022p187396,2022-03-11T08:05:03Z,-39.93,4.1,176.51,3.4,25.0,7.0,M,,,,1.3,0.3,8,0.8,nan,2,,,,0.8,0.1,2
2022p187491,2022-03-11T08:55:28Z,-39.05,4.3,177.89,5.1,26.0,5.0,M,,,,2.3,0.3,12,2.3,nan,9,,,,2.3,0.2,9
2022p187510,2022-03-11T09:05:30Z,-39.38,6.5,174.39,6.8,175.0,7.0,MLv,,,,,,,2.4,nan,6,,,,2.4,0.4,6
2022p187517,2022-03-11T09:09:22Z,-45.07,4.3,167.5,5.2,93.0,8.0,MLv,,,,,,,,,,,,,2.0,nan,1
2022p187518,2022-03-11T09:09:30Z,-37.62,10.1,176.62,17.9,134.0,12.0,MLv,,,,1.9,0.2,7,1.6,nan,1,,,,1.6,nan,1
2022p187536,2022-03-11T09:19:17Z,-40.85,3.3,176.04,3.5,16.0,6.0,M,,,,1.5,0.2,9,1.6,nan,5,,,,1.6,0.3,5
2022p187552,2022-03-11T09:27:44Z,-42.07,3.3,172.85,4.1,40.0,10.0,M,,,,2.3,0.3,10,2.3,nan,3,,,,2.3,0.2,3
2022p187558,2022-03-11T09:31:29Z,-40.23,2.6,176.39,3.7,20.0,5.0,M,,,,1.4,0.2,11,1.1,nan,4,,,,1.1,0.2,4
2022p187603,2022-03-11T09:55:03Z,-39.98,3.5,174.35,4.1,107.0,7.0,M,,,,2.0,0.2,10,2.2,nan,6,,,,2.2,0.2,6
2022p187631,2022-03-11T10:10:00Z,-38.72,4.2,176.55,4.7,48.0,9.0,MLv,,,,2.2,0.3,17,,,,,,,2.3,0.2,27
2022p187768,2022-03-11T11:24:05Z,-39.48,5.4,174.33,6.1,128.0,8.0,M,,,,1.9,0.4,7,1.3,nan,3,,,,1.3,0.4,3
2022p187868,2022-03-11T12:16:23Z,-37.38,5.1,177.06,4.4,122.0,9.0,M,,,,4.2,0.3,19,4.3,nan,113,,,,4.3,0.4,113
2022p187968,2022-03-11T13:09:25Z,-40.7,9.4,172.88,8.2,204.0,8.0,MLv,,,,,,,,,,,,,2.6,0.3,7
2022p188045,2022-03-11T13:50:32Z,-41.52,5.8,174.75,3.4,20.0,7.0,MLv,,,,1.7,0.3,8,1.7,nan,3,,,,1.7,0.5,3
2022p188055,2022-03-11T13:55:30Z,-34.63,18.4,-178.84,24.3,33.0,0.0,M,4.8,0.1,2,4.2,0.2,13,4.2,nan,12,4.1,0.4,2,4.2,0.1,12
2022p188187,2022-03-11T15:06:32Z,-40.44,4.0,175.95,4.7,38.0,11.0,M,,,,1.3,0.3,7,1.4,nan,3,,,,1.4,0.0,3
2022p188228,2022-03-11T15:28:05Z,-38.92,5.5,176.49,5.3,49.0,10.0,M,,,,1.8,0.3,10,1.9,nan,11,,,,1.9,0.2,11
2022p188288,2022-03-11T16:00:25Z,-38.58,10.4,175.65,6.6,130.0,11.0,MLv,,,,1.5,nan,1,,,,,,,2.1,0.2,12
2022p188316,2022-03-11T16:14:57Z,-39.76,4.5,174.14,6.2,111.0,8.0,MLv,,,,2.8,0.2,18,,,,,,,2.9,0.2,41
2022p188326,2022-03-11T16:20:15Z,-39.74,3.9,176.81,4.8,40.0,8.0,MLv,,,,1.5,0.3,9,1.6,nan,5,,,,1.6,0.3,5
2022p188352,2022-03-11T16:34:17Z,-38.06,9.7,176.1,9.0,132.0,13.0,M,,,,1.8,0.2,7,2.1,nan,2,,,,2.1,0.2,2
2022p188406,2022-03-11T17:04:07Z,-39.9,3.6,176.77,5.3,31.0,10.0,M,,,,,,,1.7,nan,6,,,,1.7,0.1,6
2022p188484,2022-03-11T17:44:24Z,-39.1,9.8,175.76,21.4,5.0,0.0,M,,,,0.8,0.2,7,0.7,nan,4,,,,0.7,0.1,4
2022p188510,2022-03-11T17:58:23Z,-39.81,2.7,177.0,3.6,25.0,4.0,MLv,,,,3.5,0.3,22,,,,,,,3.4,0.2,61
2022p188526,2022-03-11T18:06:58Z,-38.72,3.0,177.37,3.2,27.0,6.0,MLv,,,,1.6,0.2,12,1.2,nan,4,,,,1.2,0.2,4
2022p188533,2022-03-11T18:10:41Z,-39.8,2.7,176.98,4.6,22.0,5.0,M,,,,2.0,0.2,10,2.1,nan,7,,,,2.1,0.2,7
2022p188612,2022-03-11T18:52:33Z,-39.79,2.5,176.96,4.0,21.0,5.0,MLv,,,,2.8,0.2,8,2.6,nan,24,,,,2.6,0.2,24
2022p188643,2022-03-11T19:09:29Z,-39.62,3.4,176.89,4.0,18.0,8.0,MLv,,,,1.5,0.2,7,1.6,nan,4,,,,1.6,0.1,4
2022p188661,2022-03-11T19:18:43Z,-39.8,2.5,176.97,4.3,21.0,5.0,MLv,,,,2.4,0.2,9,2.3,nan,16,,,,2.3,0.2,16
2022p188717,2022-03-11T19:48:53Z,-39.8,3.0,176.99,4.4,23.0,4.0,MLv,,,,2.1,0.2,13,,,,,,,2.0,0.2,9
2022p188732,2022-03-11T19:56:45Z,-39.55,2.3,177.04,3.2,21.0,4.0,MLv,,,,2.0,0.3,12,2.0,nan,8,,,,2.0,0.3,8
2022p188743,2022-03-11T20:02:23Z,-39.8,3.0,176.98,4.6,21.0,7.0,MLv,,,,2.2,0.2,7,2.2,nan,12,,,,2.2,0.2,12
2022p188765,2022-03-11T20:14:02Z,-39.79,4.4,176.97,10.1,24.0,7.0,MLv,,,,1.5,0.2,8,1.5,nan,4,,,,1.5,0.4,4
2022p188783,2022-03-11T20:23:47Z,-37.96,3.1,176.78,2.0,5.0,0.0,MLv,,,,2.8,0.3,16,,,,,,,2.8,0.2,28
2022p188788,2022-03-11T20:26:45Z,-37.96,3.0,176.78,2.1,5.0,0.0,MLv,,,,3.1,0.3,19,,,,,,,3.0,0.2,43
2022p188790,2022-03-11T20:27:47Z,-37.95,4.1,176.78,2.3,5.0,0.0,MLv,,,,2.8,0.3,9,2.8,nan,7,,,,2.8,0.2,7
2022p188885,2022-03-11T21:18:22Z,-37.96,3.1,176.77,1.9,5.0,0.0,MLv,,,,2.7,0.3,17,,,,,,,2.7,0.2,25
2022p188906,2022-03-11T21:29:11Z,-37.96,3.3,176.77,2.2,5.0,0.0,MLv,,,,2.6,0.3,12,2.6,nan,19,,,,2.6,0.2,19
2022p188953,2022-03-11T21:54:36Z,-39.8,4.1,176.99,6.3,25.0,7.0,M,,,,1.8,0.2,8,2.0,nan,7,,,,2.0,0.2,7
2022p188967,2022-03-11T22:01:02Z,-33.52,37.2,-178.85,53.9,33.0,0.0,MLv,4.3,0.0,3,3.8,0.2,10,3.7,nan,3,3.5,0.4,3,3.7,0.2,3
2022p188983,2022-03-11T22:10:32Z,-37.55,16.0,176.36,17.4,116.0,29.0,MLv,,,,,,,,,,,,,2.1,0.3,3
2022p188990,2022-03-11T22:14:09Z,-41.15,10.9,172.56,9.9,196.0,8.0,MLv,,,,,,,2.6,nan,1,,,,2.6,nan,1
2022p189060,2022-03-11T22:51:36Z,-41.6,3.7,174.64,2.4,22.0,4.0,MLv,,,,2.4,0.2,14,,,,,,,2.4,0.3,11
2022p189102,2022-03-11T23:13:54Z,-40.23,2.6,176.41,2.9,22.0,5.0,MLv,,,,2.2,0.1,12,,,,,,,2.2,0.2,15
2022p189135,2022-03-11T23:31:17Z,-36.95,13.9,177.1,14.0,167.0,12.0,MLv,,,,2.4,0.2,7,2.2,nan,2,,,,2.2,0.7,2
2022p189257,2022-03-12T00:36:27Z,-39.46,6.2,175.62,5.5,61.0,9.0,MLv,,,,1.7,0.4,13,,,,,,,1.6,0.5,7
2022p189261,2022-03-12T00:38:44Z,-38.53,5.1,174.13,4.4,12.0,0.0,MLv,,,,2.4,0.2,10,2.2,nan,5,,,,2.2,0.2,5
2022p189293,2022-03-12T00:56:11Z,-40.72,3.2,175.34,2.7,23.0,4.0,MLv,,,,2.1,0.2,15,2.1,nan,9,,,,2.1,0.3,9
2022p189317,2022-03-12T01:08:24Z,-40.94,4.2,175.36,4.5,23.0,9.0,M,,,,2.1,0.2,12,2.0,nan,12,,,,2.0,0.2,12
2022p189421,2022-03-12T02:03:54Z,-37.53,18.1,176.78,38.2,204.0,18.0,M,,,,,,,1.5,nan,1,,,,1.5,nan,1
2022p189462,2022-03-12T02:25:24Z,-40.88,5.3,173.78,4.4,66.0,8.0,MLv,,,,3.5,0.2,12,,,,,,,3.6,0.2,59
2022p189492,2022-03-12T02:41:27Z,-41.3,2.9,174.91,3.0,26.0,3.0,M,,,,2.6,0.2,13,2.5,nan,19,,,,2.5,0.2,19
2022p189499,2022-03-12T02:45:26Z,-39.3,2.5,176.64,2.7,29.0,5.0,M,,,,1.7,0.3,14,1.7,nan,10,,,,1.7,0.2,10
2022p189537,2022-03-12T03:05:36Z,-39.67,2.7,176.93,3.3,27.0,4.0,M,,,,1.8,0.2,12,1.8,nan,7,,,,1.8,0.2,7
2022p189548,2022-03-12T03:11:22Z,-39.66,6.1,176.83,5.8,31.0,10.0,M,,,,1.2,0.4,7,1.7,nan,1,,,,1.7,nan,1
2022p189554,2022-03-12T03:14:48Z,-39.87,2.9,176.57,3.1,32.0,5.0,M,,,,1.5,0.3,12,1.5,nan,7,,,,1.5,0.3,7
2022p189792,2022-03-12T05:21:40Z,-41.02,2.2,175.56,2.9,16.0,4.0,M,,,,1.2,0.3,11,1.1,nan,3,,,,1.1,0.5,3
2022p189828,2022-03-12T05:40:45Z,-37.24,6.4,177.84,5.0,12.0,0.0,MLv,,,,2.5,0.2,13,2.7,nan,8,,,,2.7,0.2,8
2022p189848,2022-03-12T05:51:14Z,-42.2,2.1,173.54,2.5,7.0,4.0,M,,,,2.4,0.2,7,2.4,nan,5,,,,2.4,0.4,5
2022p189856,2022-03-12T05:55:33Z,-40.59,4.2,175.87,4.5,26.0,9.0,M,,,,1.3,0.3,6,1.3,nan,4,,,,1.3,0.3,4
2022p189884,2022-03-12T06:10:19Z,-40.25,3.5,176.41,4.7,32.0,6.0,M,,,,1.7,0.2,10,1.4,nan,4,,,,1.4,0.4,4
2022p190112,2022-03-12T08:11:57Z,-40.01,2.8,175.08,5.4,21.0,7.0,M,,,,1.8,0.3,12,2.0,nan,3,,,,2.0,0.3,3
2022p190154,2022-03-12T08:34:02Z,-38.18,2.8,178.15,3.1,12.0,6.0,M,,,,3.2,0.4,12,3.1,nan,36,,,,3.1,0.2,36
2022p190275,2022-03-12T09:38:52Z,-37.4,10.0,179.95,7.2,33.0,0.0,M,,,,3.0,0.2,14,3.1,nan,9,,,,3.1,0.2,9
2022p190311,2022-03-12T09:57:45Z,-37.96,3.7,176.77,2.0,4.0,3.0,M,,,,2.0,0.2,16,2.1,nan,12,,,,2.1,0.2,12
2022p190334,2022-03-12T10:10:17Z,-42.17,2.4,173.53,2.7,5.0,0.0,M,,,,2.2,0.3,9,2.1,nan,4,,,,2.1,0.1,4
2022p190338,2022-03-12T10:12:10Z,-37.67,36.0,176.66,32.2,48.0,60.0,M,,,,2.0,0.3,10,2.1,nan,4,,,,2.1,0.3,4
2022p190356,2022-03-12T10:21:42Z,-39.27,5.6,177.67,4.0,22.0,6.0,MLv,,,,2.0,0.2,13,2.2,nan,5,,,,2.2,0.2,5
2022p190404,2022-03-12T10:47:29Z,-42.51,3.7,173.21,3.6,5.0,0.0,M,,,,2.3,0.3,10,2.0,nan,2,,,,2.0,0.1,2
2022p190407,2022-03-12T10:48:52Z,-38.44,9.5,175.93,6.7,118.0,14.0,MLv,,,,,,,1.9,nan,2,,,,1.9,0.3,2
2022p190425,2022-03-12T10:58:54Z,-39.8,3.9,176.99,6.3,24.0,7.0,M,,,,1.5,0.2,9,1.3,nan,2,,,,1.3,0.3,2
2022p190472,2022-03-12T11:23:47Z,-40.25,3.3,176.4,4.5,35.0,9.0,MLv,,,,1.7,0.3,7,1.5,nan,5,,,,1.5,0.3,5
2022p190473,2022-03-12T11:24:22Z,-40.59,2.6,175.88,3.0,23.0,5.0,M,,,,1.5,0.3,11,1.2,nan,3,,,,1.2,0.2,3
2022p190492,2022-03-12T11:34:33Z,-38.01,3.6,176.53,2.5,5.0,7.0,M,,,,1.4,0.4,9,1.4,nan,7,,,,1.4,0.4,7
2022p190514,2022-03-12T11:46:01Z,-39.01,4.7,177.76,3.9,23.0,5.0,M,,,,1.5,0.4,8,1.8,nan,4,,,,1.8,0.2,4
2022p190516,2022-03-12T11:46:55Z,-38.23,8.7,175.98,8.2,144.0,12.0,M,,,,1.9,0.3,7,2.0,nan,5,,,,2.0,0.1,5
2022p190548,2022-03-12T12:04:28Z,-38.17,3.7,178.14,3.6,14.0,7.0,MLv,,,,1.6,0.3,9,1.7,nan,4,,,,1.7,0.2,4
2022p190563,2022-03-12T12:12:32Z,-38.15,7.7,178.83,8.0,27.0,8.0,MLv,,,,2.0,0.2,13,,,,,,,2.2,0.2,4
2022p190608,2022-03-12T12:36:23Z,-38.14,4.7,176.14,5.5,159.0,9.0,MLv,,,,1.6,0.6,8,,,,,,,2.8,0.5,24
2022p190717,2022-03-12T13:34:34Z,-38.92,3.3,177.6,3.1,28.0,5.0,M,,,,2.0,0.3,13,1.9,nan,7,,,,1.9,0.2,7
2022p190724,2022-03-12T13:37:45Z,-37.96,3.5,176.78,2.0,5.0,0.0,MLv,,,,2.1,0.3,13,2.1,nan,13,,,,2.1,0.1,13
2022p190737,2022-03-12T13:45:10Z,-38.53,4.0,176.18,2.8,5.0,4.0,M,,,,1.5,0.4,8,1.5,nan,7,,,,1.5,0.5,7
2022p190770,2022-03-12T14:02:38Z,-38.51,3.2,174.1,4.6,5.0,0.0,MLv,,,,2.4,0.3,15,2.5,nan,7,,,,2.5,0.2,7
2022p190814,2022-03-12T14:25:47Z,-38.49,3.1,177.84,4.7,31.0,6.0,M,,,,1.7,0.3,12,1.3,nan,5,,,,1.3,0.2,5
2022p190842,2022-03-12T14:42:14Z,-38.66,7.6,175.72,6.3,112.0,13.0,MLv,,,,1.6,0.4,5,2.2,nan,6,,,,2.2,0.2,6
2022p190852,2022-03-12T14:46:21Z,-38.54,7.1,174.16,7.2,5.0,0.0,MLv,,,,2.4,0.3,16,2.2,nan,4,,,,2.2,0.3,4
2022p190874,2022-03-12T14:58:36Z,-41.07,2.9,175.1,3.1,22.0,6.0,M,,,,1.3,0.3,8,0.9,nan,2,,,,0.9,0.1,2
2022p190880,2022-03-12T15:01:16Z,-40.12,4.7,173.71,4.5,153.0,7.0,MLv,,,,,,,,,,,,,2.9,0.2,21
2022p190918,2022-03-12T15:21:31Z,-45.07,7.7,167.38,10.1,96.0,9.0,MLv,,,,,,,2.6,nan,3,,,,2.6,0.2,3
2022p190967,2022-03-12T15:47:38Z,-38.42,4.1,178.54,6.5,23.0,8.0,M,,,,2.2,0.2,11,2.4,nan,5,,,,2.4,0.1,5
2022p190997,2022-03-12T16:03:46Z,-44.46,4.5,167.21,5.2,5.0,0.0,ML,,,,2.9,0.2,4,,,,,,,3.1,nan,1
2022p190999,2022-03-12T16:04:18Z,-37.77,5.7,177.28,4.1,29.0,6.0,M,,,,2.0,0.1,13,2.0,nan,4,,,,2.0,0.2,4
2022p191151,2022-03-12T17:25:26Z,-39.9,3.2,176.61,4.2,34.0,6.0,MLv,,,,1.7,0.3,11,1.3,nan,2,,,,1.3,0.2,2
2022p191318,2022-03-12T18:54:39Z,-38.43,2.4,176.93,2.0,5.0,0.0,M,,,,2.1,0.2,14,2.1,nan,12,,,,2.1,0.2,12
2022p191324,2022-03-12T18:57:48Z,-38.43,3.0,176.92,2.1,5.0,0.0,MLv,,,,1.8,0.2,10,1.9,nan,6,,,,1.9,0.1,6
2022p191489,2022-03-12T20:25:49Z,-39.89,3.1,176.66,3.6,29.0,6.0,M,,,,1.8,0.2,10,1.7,nan,5,,,,1.7,0.2,5
2022p191554,2022-03-12T21:00:25Z,-39.82,8.4,174.09,6.2,169.0,12.0,MLv,,,,,,,,,,,,,1.9,0.0,3
2022p191632,2022-03-12T21:41:35Z,-40.1,3.1,174.94,4.0,19.0,6.0,M,,,,2.2,0.1,12,2.4,nan,6,,,,2.4,0.1,6
2022p191637,2022-03-12T21:44:12Z,-40.1,2.6,176.6,2.8,25.0,5.0,MLv,,,,2.9,0.2,10,,,,,,,2.8,0.2,25
2022p191745,2022-03-12T22:41:58Z,-39.79,2.9,175.47,2.9,32.0,6.0,MLv,,,,2.7,0.2,15,,,,,,,2.8,0.2,28
2022p191808,2022-03-12T23:15:27Z,-37.94,8.7,176.59,9.8,119.0,11.0,M,,,,,,,2.1,nan,2,,,,2.1,0.4,2
2022p191816,2022-03-12T23:20:32Z,-40.64,4.0,175.84,3.6,25.0,8.0,M,,,,1.3,0.3,7,1.0,nan,3,,,,1.0,0.1,3
2022p191894,2022-03-13T00:00:30Z,-33.39,5.7,-178.51,14.0,33.0,0.0,MLv,5.5,0.1,8,4.8,0.3,17,5.0,nan,11,4.9,0.4,8,5.1,0.1,11
2022p191945,2022-03-13T00:28:26Z,-37.95,3.2,176.77,2.5,5.0,0.0,MLv,,,,2.5,0.2,15,2.6,nan,12,,,,2.6,0.2,12
2022p191955,2022-03-13T00:33:50Z,-37.15,11.5,179.19,9.9,33.0,0.0,MLv,,,,2.7,0.2,11,2.8,nan,5,,,,2.8,0.1,5
2022p191964,2022-03-13T00:39:00Z,-40.54,15.6,173.18,7.5,175.0,12.0,MLv,,,,,,,1.9,nan,2,,,,1.9,0.2,2
2022p191982,2022-03-13T00:48:18Z,-39.02,3.2,177.24,4.4,30.0,6.0,MLv,,,,1.8,0.2,10,1.6,nan,3,,,,1.6,0.2,3
2022p192100,2022-03-13T01:51:03Z,-43.42,2.2,172.82,3.5,5.0,0.0,M,,,,2.2,0.2,12,2.2,nan,5,,,,2.2,0.1,5
2022p192215,2022-03-13T02:52:20Z,-45.18,6.7,167.47,5.1,58.0,10.0,M,,,,2.6,0.2,9,2.6,nan,2,,,,2.6,0.6,2
2022p192308,2022-03-13T03:41:39Z,-47.44,11.1,165.91,7.2,5.0,0.0,MLv,,,,4.0,0.2,9,,,,,,,4.2,0.3,9
2022p192416,2022-03-13T04:40:04Z,-40.3,3.9,176.39,3.2,15.0,8.0,MLv,,,,1.5,0.2,7,1.2,nan,2,,,,1.2,0.3,2
2022p192611,2022-03-13T06:23:32Z,-41.67,2.4,174.24,2.7,10.0,4.0,M,,,,2.4,0.2,13,2.5,nan,12,,,,2.5,0.2,12
2022p192671,2022-03-13T06:54:52Z,-41.15,11.7,172.57,12.5,197.0,10.0,MLv,,,,2.1,nan,1,,,,,,,1.9,nan,1
2022p192796,2022-03-13T08:02:13Z,-40.91,3.1,175.44,2.7,21.0,5.0,M,,,,1.5,0.3,12,1.3,nan,5,,,,1.3,0.1,5
2022p192806,2022-03-13T08:07:11Z,-38.24,7.9,175.92,8.5,171.0,10.0,MLv,,,,2.0,0.3,11,1.8,nan,2,,,,1.8,0.3,2
2022p192834,2022-03-13T08:22:26Z,-43.6,3.2,172.51,2.3,4.0,3.0,MLv,,,,1.9,0.3,9,1.8,nan,3,,,,1.8,0.3,3
2022p192884,2022-03-13T08:48:43Z,-38.37,5.9,176.23,6.0,86.0,11.0,MLv,,,,2.0,0.4,6,2.1,nan,3,,,,2.1,0.2,3
2022p192992,2022-03-13T09:46:23Z,-41.34,5.0,174.64,4.4,25.0,5.0,M,,,,2.2,0.2,12,2.2,nan,8,,,,2.2,0.2,8
2022p193035,2022-03-13T10:09:41Z,-39.14,5.5,175.58,5.8,5.0,0.0,M,,,,0.5,0.3,7,0.5,nan,1,,,,0.5,nan,1
2022p193134,2022-03-13T11:02:01Z,-40.88,3.1,175.7,3.4,21.0,4.0,M,,,,1.8,0.1,13,1.7,nan,7,,,,1.7,0.2,7
2022p193259,2022-03-13T12:08:54Z,-38.55,3.0,177.94,4.5,27.0,6.0,M,,,,2.2,0.3,9,2.2,nan,7,,,,2.2,0.2,7
2022p193312,2022-03-13T12:36:54Z,-41.13,2.4,175.13,1.9,19.0,5.0,M,,,,1.5,0.3,11,1.5,nan,6,,,,1.5,0.2,6
2022p193339,2022-03-13T12:51:13Z,-37.2,16.1,176.65,13.9,206.0,14.0,M,,,,2.5,0.3,7,2.7,nan,7,,,,2.7,0.3,7
2022p193385,2022-03-13T13:16:02Z,-40.39,2.5,175.86,2.4,25.0,4.0,M,,,,1.8,0.3,14,1.9,nan,6,,,,1.9,0.3,6
2022p193397,2022-03-13T13:22:23Z,-39.89,2.7,176.55,4.9,23.0,8.0,M,,,,1.4,0.4,10,1.2,nan,1,,,,1.2,nan,1
2022p193427,2022-03-13T13:37:58Z,-39.19,4.7,174.91,3.1,23.0,7.0,ML,,,,1.2,0.0,2,2.7,nan,1,,,,2.7,nan,1
2022p193431,2022-03-13T13:40:23Z,-40.49,4.5,173.83,9.4,84.0,14.0,M,,,,2.3,0.4,10,2.6,nan,1,,,,2.6,nan,1
2022p193455,2022-03-13T13:52:56Z,-42.09,3.3,173.06,4.1,51.0,8.0,MLv,,,,2.4,0.3,10,2.7,nan,2,,,,2.7,0.2,2
2022p193456,2022-03-13T13:53:14Z,-45.24,5.6,167.3,7.3,47.0,12.0,M,,,,2.4,0.3,9,1.3,nan,1,,,,1.3,nan,1
2022p193534,2022-03-13T14:35:21Z,-39.88,4.7,173.89,5.3,118.0,11.0,MLv,,,,2.3,0.3,7,2.3,nan,1,,,,2.3,nan,1
2022p193575,2022-03-13T14:56:59Z,-37.68,9.7,179.71,10.9,33.0,0.0,M,,,,2.7,0.2,10,2.6,nan,3,,,,2.6,0.0,3
2022p193670,2022-03-13T15:47:51Z,-41.41,4.8,174.41,2.3,20.0,5.0,M,,,,1.9,0.2,13,1.8,nan,4,,,,1.8,0.3,4
2022p193763,2022-03-13T16:37:08Z,-38.89,6.1,175.47,4.1,98.0,8.0,M,,,,,,,2.7,nan,29,,,,2.7,0.4,29
2022p193797,2022-03-13T16:55:24Z,-39.96,3.0,176.55,2.8,12.0,7.0,M,,,,2.3,0.2,9,2.2,nan,17,,,,2.2,0.1,17
2022p193995,2022-03-13T18:41:02Z,-38.83,5.3,175.74,5.5,125.0,7.0,MLv,,,,,,,2.1,nan,4,,,,2.1,0.9,4
2022p194030,2022-03-13T18:59:16Z,-37.08,6.0,177.44,6.3,107.0,12.0,MLv,,,,3.0,0.2,20,,,,,,,3.3,0.2,28
2022p194171,2022-03-13T20:14:39Z,-40.27,3.6,176.73,5.1,15.0,5.0,MLv,,,,2.0,0.2,8,2.1,nan,6,,,,2.1,0.1,6
2022p194182,2022-03-13T20:20:34Z,-40.34,3.8,173.33,5.5,183.0,6.0,MLv,,,,,,,3.3,nan,36,,,,3.3,0.2,36
2022p194229,2022-03-13T20:45:44Z,-39.11,4.4,176.47,3.6,46.0,9.0,MLv,,,,1.9,0.3,13,1.5,nan,4,,,,1.5,0.6,4
2022p194323,2022-03-13T21:35:29Z,-42.19,2.3,173.58,2.5,12.0,3.0,M,,,,2.2,0.3,10,1.7,nan,3,,,,1.7,0.1,3
2022p194329,2022-03-13T21:38:29Z,-37.89,7.4,176.34,7.6,175.0,11.0,M,,,,,,,2.5,nan,3,,,,2.5,0.2,3
2022p194481,2022-03-13T22:59:35Z,-40.77,2.3,176.2,3.3,25.0,3.0,M,,,,2.6,0.2,19,2.5,nan,22,,,,2.5,0.2,22
2022p194503,2022-03-13T23:11:45Z,-40.16,10.7,173.73,5.6,211.0,8.0,MLv,,,,,,,,,,,,,1.8,0.1,6
2022p194540,2022-03-13T23:31:02Z,-39.67,2.3,176.17,2.6,28.0,5.0,M,,,,2.1,0.2,18,2.0,nan,12,,,,2.0,0.3,12
2022p194573,2022-03-13T23:48:56Z,-38.02,9.0,176.2,8.3,129.0,10.0,M,,,,,,,1.9,nan,2,,,,1.9,0.1,2
2022p194616,2022-03-14T00:11:41Z,-39.3,5.9,174.87,3.4,21.0,6.0,M,,,,1.8,0.4,9,1.9,nan,6,,,,1.9,0.5,6
2022p194731,2022-03-14T01:12:57Z,-42.98,2.4,173.3,3.3,5.0,0.0,MLv,,,,2.8,0.2,9,,,,,,,2.8,0.2,13
2022p194793,2022-03-14T01:46:07Z,-39.21,4.3,175.37,5.4,10.0,8.0,MLv,,,,0.9,0.2,7,1.0,nan,5,,,,1.0,0.0,5
2022p194805,2022-03-14T01:52:33Z,-39.36,21.3,176.46,16.1,41.0,26.0,M,,,,0.7,0.6,3,0.8,nan,3,,,,0.8,0.4,3
2022p194830,2022-03-14T02:05:55Z,-43.6,1.7,172.74,2.4,5.0,3.0,MLv,,,,2.6,0.1,8,,,,,,,2.7,0.2,7
2022p195009,2022-03-14T03:41:19Z,-39.28,2.6,175.57,3.0,5.0,3.0,MLv,,,,0.6,0.2,7,0.7,nan,6,,,,0.7,0.3,6
2022p195060,2022-03-14T04:08:26Z,-37.39,6.1,177.42,3.2,5.0,0.0,MLv,,,,2.4,0.2,13,,,,,,,2.5,0.1,7
2022p195074,2022-03-14T04:15:45Z,-41.23,2.7,175.25,3.1,19.0,6.0,M,,,,1.2,0.3,8,1.0,nan,3,,,,1.0,0.1,3
2022p195113,2022-03-14T04:36:39Z,-41.23,5.9,174.85,4.9,6.0,15.0,MLv,,,,1.1,0.5,2,1.4,nan,2,,,,1.4,0.2,2
2022p195163,2022-03-14T05:03:03Z,-38.77,3.2,176.7,3.6,31.0,5.0,M,,,,1.8,0.3,19,1.5,nan,4,,,,1.5,0.4,4
2022p195176,2022-03-14T05:10:05Z,-39.22,5.6,174.9,2.7,23.0,9.0,MLv,,,,2.0,0.3,9,1.9,nan,8,,,,1.9,0.1,8
2022p195238,2022-03-14T05:43:11Z,-39.28,5.7,174.94,2.9,29.0,8.0,MLv,,,,2.0,0.2,8,1.3,nan,4,,,,1.3,0.2,4
2022p195452,2022-03-14T07:37:03Z,-40.38,4.1,174.31,4.5,35.0,11.0,MLv,,,,2.2,0.2,12,2.2,nan,7,,,,2.2,0.1,7
2022p195499,2022-03-14T08:02:16Z,-41.49,2.9,174.48,2.2,12.0,0.0,M,,,,2.9,0.2,18,3.0,nan,28,,,,3.0,0.1,28
2022p195597,2022-03-14T08:54:32Z,-38.51,3.3,177.76,3.8,24.0,6.0,MLv,,,,1.5,0.2,8,1.4,nan,5,,,,1.4,0.2,5
2022p195677,2022-03-14T09:35:55Z,-34.11,37.2,179.81,53.3,269.0,52.0,MLv,,,,3.6,0.1,7,3.2,nan,2,,,,3.2,0.0,2
2022p195683,2022-03-14T09:40:16Z,-39.48,4.7,175.74,3.2,9.0,7.0,M,,,,1.2,0.2,13,1.3,nan,6,,,,1.3,0.5,6
2022p195690,2022-03-14T09:44:03Z,-41.16,2.5,175.18,2.1,23.0,5.0,M,,,,1.4,0.3,10,1.4,nan,6,,,,1.4,0.2,6
2022p195711,2022-03-14T09:55:04Z,-37.96,4.5,176.78,2.9,5.0,0.0,M,,,,1.8,0.2,8,1.8,nan,7,,,,1.8,0.1,7
2022p195746,2022-03-14T10:13:47Z,-38.39,6.4,175.6,6.3,129.0,12.0,M,,,,1.7,0.4,6,1.8,nan,3,,,,1.8,0.2,3
2022p195803,2022-03-14T10:44:00Z,-37.29,9.4,177.03,8.1,33.0,0.0,M,,,,2.2,0.2,7,2.1,nan,3,,,,2.1,0.1,3
2022p195817,2022-03-14T10:52:05Z,-41.01,2.9,175.42,3.6,20.0,7.0,M,,,,1.1,0.2,8,1.1,nan,4,,,,1.1,0.2,4
2022p195917,2022-03-14T11:45:11Z,-37.86,14.2,176.07,18.6,133.0,24.0,M,,,,2.2,0.1,11,2.0,nan,1,,,,2.0,nan,1
2022p195953,2022-03-14T12:04:08Z,-39.22,2.8,175.37,3.5,15.0,5.0,M,,,,1.3,0.4,11,1.2,nan,8,,,,1.2,0.1,8
2022p195983,2022-03-14T12:20:02Z,-43.86,3.6,169.57,3.1,5.0,0.0,ML,,,,2.0,nan,1,2.6,nan,2,,,,2.6,0.2,2
2022p196173,2022-03-14T14:01:25Z,-41.53,3.6,174.45,2.3,12.0,0.0,MLv,,,,2.7,0.2,18,,,,,,,2.8,0.1,26
2022p196223,2022-03-14T14:28:01Z,-40.08,3.7,176.59,3.7,39.0,6.0,M,,,,1.8,0.2,12,2.0,nan,12,,,,2.0,0.2,12
2022p196248,2022-03-14T14:40:58Z,-45.1,4.8,167.49,5.6,58.0,9.0,M,,,,2.7,0.2,7,2.6,nan,3,,,,2.6,0.1,3
2022p196325,2022-03-14T15:21:57Z,-36.34,10.9,177.96,11.1,151.0,16.0,MLv,,,,3.1,0.2,13,,,,,,,3.3,0.1,11
2022p196399,2022-03-14T16:01:45Z,-40.29,7.1,173.49,6.4,162.0,10.0,M,,,,,,,2.2,nan,2,,,,2.2,0.2,2
2022p196433,2022-03-14T16:19:31Z,-42.49,4.1,173.3,3.8,5.0,0.0,M,,,,2.0,0.3,6,1.9,nan,2,,,,1.9,0.7,2
2022p196609,2022-03-14T17:53:16Z,-37.54,13.0,176.36,14.6,182.0,12.0,M,,,,,,,2.0,nan,1,,,,2.0,nan,1
2022p196672,2022-03-14T18:27:04Z,-44.51,3.0,168.35,3.0,5.0,0.0,MLv,,,,2.7,0.1,7,3.0,nan,5,,,,3.0,0.1,5
2022p196694,2022-03-14T18:39:16Z,-39.21,3.2,175.31,6.1,15.0,7.0,M,,,,1.0,0.2,11,0.8,nan,6,,,,0.8,0.2,6
2022p196705,2022-03-14T18:44:34Z,-40.11,3.1,174.96,3.9,13.0,9.0,M,,,,1.9,0.2,10,2.0,nan,6,,,,2.0,0.2,6
2022p196736,2022-03-14T19:01:09Z,-39.23,3.8,175.4,3.9,11.0,9.0,MLv,,,,0.7,0.2,6,0.6,nan,4,,,,0.6,0.2,4
2022p196779,2022-03-14T19:23:53Z,-40.3,2.4,176.4,2.9,21.0,5.0,M,,,,2.0,0.1,12,2.0,nan,11,,,,2.0,0.2,11
2022p196852,2022-03-14T20:03:05Z,-40.11,2.1,175.0,3.2,22.0,6.0,MLv,,,,2.0,0.2,12,,,,,,,2.0,0.2,10
2022p196857,2022-03-14T20:05:24Z,-37.7,4.4,177.1,5.6,116.0,9.0,MLv,,,,2.5,0.2,9,2.6,nan,10,,,,2.6,0.1,10
2022p196906,2022-03-14T20:31:50Z,-40.35,2.9,176.45,2.9,15.0,5.0,MLv,,,,1.6,0.2,11,1.7,nan,7,,,,1.7,0.3,7
2022p196929,2022-03-14T20:44:25Z,-38.98,10.3,175.79,7.1,86.0,9.0,M,,,,1.1,0.2,6,1.4,nan,6,,,,1.4,0.3,6
2022p196939,2022-03-14T20:49:35Z,-37.53,9.4,179.77,7.9,33.0,0.0,MLv,,,,2.8,0.2,13,2.9,nan,7,,,,2.9,0.2,7
2022p196967,2022-03-14T21:04:24Z,-40.11,2.4,174.97,3.2,16.0,9.0,M,,,,2.1,0.2,15,2.2,nan,11,,,,2.2,0.1,11
2022p197215,2022-03-14T23:15:39Z,-34.68,28.3,179.62,41.9,218.0,41.0,MLv,,,,3.6,0.2,10,3.7,nan,4,,,,3.7,0.1,4
2022p197689,2022-03-15T03:28:53Z,-37.03,10.1,177.31,10.4,127.0,10.0,M,,,,2.4,0.2,8,2.4,nan,4,,,,2.4,0.2,4
2022p197782,2022-03-15T04:18:30Z,-41.02,5.5,173.91,2.9,45.0,9.0,M,,,,2.1,0.2,13,2.4,nan,5,,,,2.4,0.2,5
2022p197952,2022-03-15T05:49:18Z,-39.21,6.8,174.92,3.0,19.0,9.0,MLv,,,,2.0,0.1,12,2.0,nan,6,,,,2.0,0.1,6
2022p198129,2022-03-15T07:23:08Z,-38.42,2.6,177.99,3.5,21.0,5.0,MLv,,,,3.1,0.2,15,,,,,,,3.0,0.2,19
2022p198142,2022-03-15T07:30:28Z,-38.11,6.1,176.24,5.3,134.0,10.0,M,,,,,,,3.0,nan,32,,,,3.0,0.4,32
2022p198162,2022-03-15T07:40:53Z,-40.2,2.1,175.28,2.4,12.0,0.0,MLv,,,,2.8,0.2,19,,,,,,,2.8,0.2,34
2022p198259,2022-03-15T08:32:56Z,-39.83,5.1,173.85,5.6,129.0,11.0,MLv,,,,,,,2.8,nan,4,,,,2.8,0.3,4
2022p198354,2022-03-15T09:23:10Z,-38.42,3.1,178.0,4.1,22.0,7.0,MLv,,,,2.0,0.1,8,2.0,nan,5,,,,2.0,0.3,5
2022p198391,2022-03-15T09:42:47Z,-42.66,2.9,171.39,2.4,5.0,0.0,MLv,,,,2.3,0.1,6,2.4,nan,3,,,,2.4,0.3,3
2022p198392,2022-03-15T09:43:31Z,-37.63,6.7,178.03,5.5,38.0,6.0,MLv,,,,2.2,0.3,12,,,,,,,2.2,0.3,5
2022p198456,2022-03-15T10:17:39Z,-35.76,8.5,175.0,5.4,5.0,0.0,MLv,,,,1.7,0.4,8,1.8,nan,4,,,,1.8,0.5,4
2022p198529,2022-03-15T10:56:20Z,-41.81,3.3,173.2,3.6,40.0,7.0,MLv,,,,2.3,0.4,6,,,,,,,2.6,0.3,7
2022p198551,2022-03-15T11:08:26Z,-41.1,5.8,173.8,3.5,40.0,9.0,MLv,,,,1.8,0.3,8,1.9,nan,3,,,,1.9,0.3,3
2022p198624,2022-03-15T11:47:22Z,-39.27,3.6,175.25,3.7,26.0,7.0,MLv,,,,1.6,0.4,7,1.4,nan,6,,,,1.4,0.2,6
2022p198709,2022-03-15T12:32:36Z,-37.54,15.2,179.84,8.4,33.0,0.0,MLv,,,,2.7,0.1,9,2.6,nan,5,,,,2.6,0.1,5
2022p198798,2022-03-15T13:19:43Z,-38.51,4.5,178.4,7.0,33.0,7.0,MLv,,,,2.4,0.2,11,,,,,,,2.4,0.1,6
2022p198859,2022-03-15T13:52:30Z,-40.34,4.5,176.25,4.6,45.0,10.0,MLv,,,,1.5,0.1,9,1.2,nan,3,,,,1.2,0.3,3
2022p198931,2022-03-15T14:30:47Z,-40.6,2.8,175.86,3.1,23.0,6.0,MLv,,,,1.2,0.3,8,1.2,nan,4,,,,1.2,0.1,4
2022p198941,2022-03-15T14:35:21Z,-37.91,3.9,176.95,2.5,5.0,0.0,M,,,,1.9,0.3,7,2.2,nan,2,,,,2.2,0.0,2
2022p198940,2022-03-15T14:35:34Z,-41.75,6.1,173.24,5.1,63.0,11.0,MLv,,,,1.8,0.2,6,2.1,nan,2,,,,2.1,0.6,2
2022p199014,2022-03-15T15:15:04Z,-36.91,16.1,177.4,13.2,130.0,15.0,MLv,,,,2.3,0.2,7,2.2,nan,2,,,,2.2,0.3,2
2022p199020,2022-03-15T15:17:54Z,-41.2,6.4,172.59,6.4,110.0,7.0,MLv,,,,,,,,,,,,,3.3,0.2,26
2022p199064,2022-03-15T15:41:42Z,-37.35,10.9,176.68,13.5,211.0,10.0,MLv,,,,,,,2.6,nan,2,,,,2.6,1.0,2
2022p199084,2022-03-15T15:52:12Z,-38.57,3.1,177.77,3.7,28.0,6.0,MLv,,,,2.4,0.2,13,,,,,,,2.4,0.2,12
2022p199127,2022-03-15T16:15:09Z,-39.02,3.9,176.96,4.8,33.0,6.0,MLv,,,,1.6,0.3,8,1.3,nan,3,,,,1.3,0.5,3
2022p199130,2022-03-15T16:16:55Z,-39.09,5.5,177.7,4.1,19.0,6.0,MLv,,,,1.7,0.3,8,1.7,nan,1,,,,1.7,nan,1
2022p199144,2022-03-15T16:24:22Z,-39.12,4.2,177.69,3.4,15.0,6.0,MLv,,,,1.9,0.3,10,2.0,nan,2,,,,2.0,0.0,2
2022p199150,2022-03-15T16:27:38Z,-40.24,11.2,173.52,15.8,146.0,16.0,M,,,,,,,2.6,nan,2,,,,2.6,0.2,2
2022p199164,2022-03-15T16:34:44Z,-41.28,2.2,175.34,2.9,12.0,6.0,MLv,,,,1.2,0.2,9,1.3,nan,3,,,,1.3,0.6,3
2022p199176,2022-03-15T16:40:59Z,-39.07,5.2,177.71,3.8,18.0,7.0,MLv,,,,1.7,0.3,6,1.9,nan,2,,,,1.9,0.1,2
2022p199230,2022-03-15T17:09:53Z,-43.18,2.5,171.9,2.7,5.0,0.0,M,,,,1.9,0.3,10,1.3,nan,2,,,,1.3,0.0,2
2022p199240,2022-03-15T17:15:14Z,-38.62,2.8,176.06,2.6,5.0,3.0,MLv,,,,1.8,0.3,11,2.0,nan,7,,,,2.0,0.4,7
2022p199243,2022-03-15T17:16:53Z,-38.65,4.4,176.06,3.1,6.0,9.0,MLv,,,,2.3,0.4,9,,,,,,,2.2,0.3,11
2022p199244,2022-03-15T17:17:42Z,-38.63,5.3,176.07,3.9,7.0,11.0,M,,,,2.3,0.5,9,2.8,nan,4,,,,2.8,0.6,4
2022p199252,2022-03-15T17:21:57Z,-36.21,12.2,179.71,11.7,115.0,34.0,MLv,,,,,,,,,,,,,3.8,0.2,13
2022p199257,2022-03-15T17:24:21Z,-39.11,3.1,177.8,3.1,22.0,4.0,MLv,,,,2.7,0.4,14,2.7,nan,13,,,,2.7,0.2,13
2022p199259,2022-03-15T17:25:17Z,-38.63,2.9,176.05,3.5,5.0,5.0,MLv,,,,2.1,0.3,11,2.2,nan,7,,,,2.2,0.3,7
2022p199289,2022-03-15T17:41:23Z,-38.62,3.9,176.05,2.8,6.0,7.0,M,,,,2.0,0.4,8,1.9,nan,7,,,,1.9,0.4,7
2022p199357,2022-03-15T18:17:25Z,-41.85,6.6,175.13,5.1,26.0,5.0,MLv,,,,1.9,0.2,11,1.9,nan,7,,,,1.9,0.3,7
2022p199372,2022-03-15T18:25:30Z,-39.99,3.0,176.58,3.6,25.0,4.0,MLv,,,,1.8,0.2,10,1.6,nan,7,,,,1.6,0.1,7
2022p199723,2022-03-15T21:32:35Z,-38.15,10.3,176.02,13.4,147.0,14.0,M,,,,1.7,0.3,3,1.9,nan,1,,,,1.9,nan,1
2022p199742,2022-03-15T21:42:40Z,-38.0,5.1,176.62,4.7,105.0,9.0,MLv,,,,2.1,0.2,7,,,,,,,2.3,0.1,6
2022p199845,2022-03-15T22:37:35Z,-38.93,12.6,174.73,13.2,158.0,23.0,MLv,,,,2.6,0.3,7,2.3,nan,4,,,,2.3,0.3,4
2022p199975,2022-03-15T23:46:50Z,-39.18,4.3,174.59,3.7,12.0,5.0,M,,,,2.1,0.3,8,2.2,nan,5,,,,2.2,0.3,5
2022p200039,2022-03-16T00:20:49Z,-37.82,7.6,177.56,7.9,30.0,8.0,MLv,,,,2.0,0.3,7,1.9,nan,4,,,,1.9,0.2,4
2022p200120,2022-03-16T01:04:11Z,-40.85,3.1,175.63,3.2,17.0,6.0,M,,,,1.5,0.3,8,1.3,nan,5,,,,1.3,0.2,5
2022p200161,2022-03-16T01:25:43Z,-37.98,8.7,175.27,7.6,25.0,31.0,M,,,,2.6,0.4,7,2.6,nan,3,,,,2.6,0.5,3
2022p200171,2022-03-16T01:31:03Z,-41.28,5.8,172.73,6.0,131.0,9.0,MLv,,,,2.3,0.2,4,1.6,nan,3,,,,1.6,1.1,3
2022p200245,2022-03-16T02:10:39Z,-42.18,2.3,173.59,2.5,10.0,3.0,M,,,,2.2,0.3,10,1.9,nan,2,,,,1.9,0.1,2
2022p200269,2022-03-16T02:23:50Z,-42.29,3.9,173.83,5.9,21.0,4.0,M,,,,2.1,0.2,6,2.0,nan,3,,,,2.0,0.2,3
2022p200381,2022-03-16T03:23:31Z,-40.59,3.5,175.88,3.1,26.0,6.0,M,,,,1.6,0.3,9,1.6,nan,4,,,,1.6,0.2,4
2022p200447,2022-03-16T03:58:40Z,-38.3,8.2,176.62,11.5,31.0,10.0,M,,,,2.0,0.1,10,1.6,nan,2,,,,1.6,0.4,2
2022p200535,2022-03-16T04:45:10Z,-39.91,2.4,175.53,3.0,12.0,0.0,M,,,,1.6,0.2,12,1.7,nan,4,,,,1.7,0.4,4
2022p200559,2022-03-16T04:57:53Z,-38.5,2.9,178.02,3.9,24.0,5.0,M,,,,1.9,0.2,12,1.7,nan,4,,,,1.7,0.3,4
2022p200699,2022-03-16T06:12:39Z,-40.27,2.4,175.02,4.2,12.0,0.0,M,,,,2.0,0.2,17,2.1,nan,6,,,,2.1,0.1,6
2022p200849,2022-03-16T07:32:22Z,-37.92,9.4,176.75,8.7,91.0,11.0,M,,,,2.2,0.1,12,2.2,nan,4,,,,2.2,0.2,4
2022p200894,2022-03-16T07:56:26Z,-39.95,2.6,176.3,3.9,23.0,4.0,MLv,,,,1.4,0.5,8,1.3,nan,4,,,,1.3,0.5,4
2022p200962,2022-03-16T08:32:36Z,-43.03,2.7,172.22,2.8,5.0,0.0,M,,,,1.8,0.3,5,1.6,nan,3,,,,1.6,0.3,3
2022p200979,2022-03-16T08:41:48Z,-36.81,5.5,178.05,6.8,12.0,0.0,MLv,,,,3.0,0.2,22,,,,,,,3.1,0.1,24
2022p201018,2022-03-16T09:02:57Z,-39.03,4.8,176.32,7.7,63.0,9.0,M,,,,1.6,0.2,9,1.7,nan,3,,,,1.7,0.4,3
2022p201033,2022-03-16T09:10:27Z,-42.92,3.1,171.81,2.3,5.0,0.0,MLv,,,,2.1,0.3,7,1.8,nan,1,,,,1.8,nan,1
2022p201042,2022-03-16T09:15:52Z,-38.63,7.9,175.63,9.8,106.0,14.0,MLv,,,,1.9,0.3,11,1.9,nan,4,,,,1.9,0.5,4
2022p201048,2022-03-16T09:18:29Z,-39.21,4.4,174.63,4.1,18.0,5.0,MLv,,,,2.2,0.3,6,2.3,nan,1,,,,2.3,nan,1
2022p201057,2022-03-16T09:23:41Z,-41.44,4.4,172.93,3.8,100.0,7.0,MLv,,,,,,,1.8,nan,4,,,,1.8,0.7,4
2022p201066,2022-03-16T09:28:24Z,-38.56,2.2,177.85,2.8,16.0,4.0,MLv,,,,3.0,0.2,13,,,,,,,2.9,0.2,26
2022p201120,2022-03-16T09:57:06Z,-39.36,3.5,177.28,3.5,25.0,4.0,MLv,,,,2.1,0.1,12,2.1,nan,3,,,,2.1,0.2,3
2022p201155,2022-03-16T10:15:32Z,-41.56,2.8,174.27,3.8,10.0,7.0,MLv,,,,1.7,0.3,9,1.5,nan,4,,,,1.5,0.2,4
2022p201157,2022-03-16T10:16:30Z,-38.78,8.9,175.71,10.2,108.0,13.0,MLv,,,,,,,,,,,,,1.6,nan,1
2022p201285,2022-03-16T11:24:47Z,-43.55,2.9,172.38,3.9,4.0,5.0,MLv,,,,1.8,0.4,8,2.1,nan,3,,,,2.1,0.3,3
2022p201421,2022-03-16T12:37:21Z,-37.66,12.4,179.78,10.0,12.0,0.0,MLv,,,,2.6,0.2,13,2.5,nan,2,,,,2.5,0.5,2
2022p201617,2022-03-16T14:21:15Z,-45.19,5.2,167.42,5.1,46.0,10.0,MLv,,,,2.4,0.2,8,,,,,,,2.3,0.4,2
2022p201616,2022-03-16T14:21:25Z,-39.53,3.3,177.11,4.6,22.0,5.0,MLv,,,,1.9,0.3,11,2.1,nan,2,,,,2.1,0.0,2
2022p201698,2022-03-16T15:05:10Z,-38.37,3.3,176.2,2.6,5.0,4.0,MLv,,,,1.6,0.2,8,1.7,nan,8,,,,1.7,0.2,8
2022p201712,2022-03-16T15:12:12Z,-37.36,15.1,-179.8,7.4,12.0,0.0,MLv,,,,3.3,0.2,12,3.3,nan,6,,,,3.3,0.2,6
2022p201715,2022-03-16T15:13:49Z,-44.53,3.0,168.37,3.2,5.0,0.0,MLv,,,,2.5,0.1,9,2.2,nan,2,,,,2.2,0.1,2
2022p201730,2022-03-16T15:21:52Z,-38.45,3.5,176.21,5.1,5.0,0.0,MLv,,,,1.6,0.1,6,1.5,nan,7,,,,1.5,0.1,7
2022p201738,2022-03-16T15:25:58Z,-38.38,4.1,177.9,11.4,22.0,10.0,MLv,,,,1.4,0.2,4,1.5,nan,3,,,,1.5,0.6,3
2022p201739,2022-03-16T15:26:21Z,-39.52,2.3,177.07,3.6,32.0,5.0,MLv,,,,3.3,0.3,13,,,,,,,3.1,0.2,48
2022p201748,2022-03-16T15:31:29Z,-40.49,3.9,173.98,4.6,67.0,12.0,MLv,,,,2.3,0.4,9,2.0,nan,3,,,,2.0,0.1,3
2022p201763,2022-03-16T15:39:58Z,-38.45,3.7,176.22,3.9,5.0,0.0,MLv,,,,1.8,0.2,9,1.7,nan,9,,,,1.7,0.1,9
2022p201771,2022-03-16T15:43:52Z,-38.46,3.5,176.16,5.1,5.0,0.0,MLv,,,,1.6,0.1,6,1.6,nan,6,,,,1.6,0.1,6
2022p201775,2022-03-16T15:45:58Z,-38.44,3.1,176.21,4.1,5.0,4.0,MLv,,,,1.6,0.1,7,1.4,nan,7,,,,1.4,0.1,7
2022p201777,2022-03-16T15:46:56Z,-38.45,3.2,176.2,4.5,4.0,4.0,MLv,,,,1.9,0.1,9,1.9,nan,8,,,,1.9,0.1,8
2022p201779,2022-03-16T15:48:06Z,-37.07,9.5,176.82,5.5,206.0,10.0,MLv,,,,2.9,0.3,8,,,,,,,3.5,0.4,29
2022p201834,2022-03-16T16:17:09Z,-35.95,6.6,179.61,12.4,100.0,0.0,MLv,,,,3.4,0.1,11,3.4,nan,5,,,,3.4,0.2,5
2022p201839,2022-03-16T16:19:53Z,-38.44,3.8,176.23,4.2,5.0,0.0,M,,,,1.5,0.1,7,1.6,nan,7,,,,1.6,0.2,7
2022p201841,2022-03-16T16:21:09Z,-39.51,2.6,177.08,3.5,28.0,4.0,MLv,,,,2.6,0.2,15,2.5,nan,14,,,,2.5,0.2,14
2022p201846,2022-03-16T16:23:55Z,-39.52,8.6,174.9,6.3,93.0,11.0,MLv,,,,2.0,0.3,6,2.4,nan,14,,,,2.4,0.3,14
2022p201861,2022-03-16T16:31:52Z,-38.56,2.4,177.82,3.2,16.0,5.0,MLv,,,,2.2,0.2,10,,,,,,,2.6,0.3,12
2022p201864,2022-03-16T16:33:38Z,-38.45,4.9,176.2,6.7,4.0,7.0,MLv,,,,1.1,0.2,7,1.2,nan,4,,,,1.2,0.1,4
2022p201884,2022-03-16T16:43:47Z,-40.47,2.8,174.7,3.0,12.0,0.0,MLv,,,,2.2,0.3,11,,,,,,,2.0,0.1,5
2022p201885,2022-03-16T16:44:39Z,-38.5,5.6,175.82,5.1,140.0,8.0,MLv,,,,2.0,0.2,3,,,,,,,2.8,0.4,21
2022p201890,2022-03-16T16:47:17Z,-41.27,3.7,173.84,2.8,34.0,5.0,MLv,,,,2.1,0.2,12,2.1,nan,6,,,,2.1,0.2,6
2022p201922,2022-03-16T17:04:05Z,-42.3,3.7,173.82,5.7,13.0,4.0,MLv,,,,2.0,0.4,8,1.5,nan,1,,,,1.5,nan,1
2022p201939,2022-03-16T17:13:27Z,-40.24,4.7,175.89,7.2,40.0,11.0,M,,,,1.3,0.4,7,1.5,nan,1,,,,1.5,nan,1
2022p201943,2022-03-16T17:14:59Z,-42.98,2.5,173.29,4.4,5.0,0.0,MLv,,,,2.3,0.2,8,,,,,,,2.5,0.3,4
2022p201942,2022-03-16T17:15:03Z,-39.32,5.1,175.05,2.6,22.0,7.0,M,,,,1.8,0.2,16,1.6,nan,5,,,,1.6,0.1,5
2022p201953,2022-03-16T17:21:15Z,-39.49,3.1,177.06,5.2,26.0,6.0,M,,,,2.0,0.1,9,2.1,nan,3,,,,2.1,0.1,3
2022p201968,2022-03-16T17:29:03Z,-39.51,3.4,177.06,4.5,26.0,6.0,M,,,,2.1,0.1,12,2.2,nan,5,,,,2.2,0.2,5
2022p201989,2022-03-16T17:40:34Z,-45.1,6.3,167.38,8.8,97.0,9.0,M,,,,,,,1.7,nan,2,,,,1.7,0.4,2
2022p202050,2022-03-16T18:12:22Z,-44.51,4.2,168.34,4.0,5.0,0.0,M,,,,2.3,0.1,7,1.8,nan,1,,,,1.8,nan,1
2022p202075,2022-03-16T18:25:57Z,-40.21,3.7,174.81,6.6,5.0,0.0,M,,,,2.0,0.3,12,1.8,nan,3,,,,1.8,0.3,3
2022p202108,2022-03-16T18:43:22Z,-41.69,5.1,172.65,5.0,63.0,9.0,M,,,,2.2,0.3,9,2.1,nan,3,,,,2.1,0.5,3
2022p202172,2022-03-16T19:17:28Z,-38.78,11.3,175.17,6.0,202.0,7.0,MLv,,,,2.1,0.5,5,,,,,,,3.2,0.4,37
2022p202176,2022-03-16T19:19:54Z,-38.45,3.3,176.19,3.3,4.0,4.0,M,,,,2.1,0.2,8,2.1,nan,9,,,,2.1,0.1,9
2022p202181,2022-03-16T19:22:28Z,-38.45,3.3,176.2,3.0,5.0,0.0,M,,,,1.6,0.1,7,1.6,nan,6,,,,1.6,0.1,6
2022p202198,2022-03-16T19:31:07Z,-38.36,2.6,176.19,2.5,5.0,0.0,M,,,,2.0,0.2,13,2.0,nan,10,,,,2.0,0.2,10
2022p202217,2022-03-16T19:41:23Z,-39.68,7.3,174.44,4.9,110.0,10.0,M,,,,2.0,0.3,7,2.4,nan,11,,,,2.4,0.1,11
2022p202253,2022-03-16T20:00:34Z,-42.99,2.9,173.29,3.9,5.0,0.0,MLv,,,,2.7,0.2,8,,,,,,,2.8,0.2,12
2022p202263,2022-03-16T20:05:56Z,-38.36,3.5,176.18,4.8,5.0,5.0,M,,,,1.9,0.2,7,1.9,nan,6,,,,1.9,0.1,6
2022p202334,2022-03-16T20:43:43Z,-41.26,4.8,174.24,3.5,50.0,8.0,M,,,,2.3,0.2,11,2.4,nan,13,,,,2.4,0.3,13
2022p202365,2022-03-16T20:59:56Z,-38.37,4.9,176.18,5.3,5.0,0.0,M,,,,1.5,0.2,7,1.5,nan,6,,,,1.5,0.1,6
2022p202364,2022-03-16T21:00:01Z,-38.52,3.1,175.69,4.4,5.0,0.0,M,,,,1.7,0.2,6,1.7,nan,4,,,,1.7,0.3,4
2022p202412,2022-03-16T21:25:27Z,-38.74,3.3,176.87,4.6,41.0,7.0,M,,,,2.3,0.3,12,2.3,nan,13,,,,2.3,0.2,13
2022p202448,2022-03-16T21:45:17Z,-38.34,5.0,175.79,5.4,135.0,11.0,M,,,,2.2,0.3,6,2.6,nan,14,,,,2.6,0.4,14
2022p202458,2022-03-16T21:50:05Z,-37.85,9.8,176.59,11.2,116.0,11.0,M,,,,2.4,0.2,5,2.2,nan,3,,,,2.2,0.3,3
2022p202489,2022-03-16T22:06:11Z,-42.97,3.1,173.26,4.9,5.0,0.0,M,,,,2.2,0.1,8,2.3,nan,3,,,,2.3,0.4,3
2022p202580,2022-03-16T22:54:52Z,-41.56,3.3,175.14,3.3,12.0,5.0,M,,,,1.8,0.3,12,1.9,nan,7,,,,1.9,0.2,7
2022p202781,2022-03-17T00:41:58Z,-36.79,7.1,177.31,5.8,5.0,0.0,M,,,,2.5,0.2,9,2.5,nan,3,,,,2.5,0.2,3
2022p202836,2022-03-17T01:11:29Z,-44.16,3.1,169.57,2.1,5.0,0.0,M,,,,2.3,0.1,6,2.6,nan,3,,,,2.6,0.3,3
2022p202943,2022-03-17T02:08:27Z,-40.63,2.5,175.85,2.9,22.0,5.0,M,,,,1.4,0.3,10,1.3,nan,5,,,,1.3,0.1,5
2022p202968,2022-03-17T02:21:24Z,-40.61,2.5,176.05,2.8,5.0,3.0,MLv,,,,1.4,0.2,11,1.5,nan,7,,,,1.5,0.3,7
2022p202985,2022-03-17T02:30:33Z,-42.98,3.6,173.29,4.3,5.0,0.0,M,,,,2.2,0.2,8,2.1,nan,3,,,,2.1,0.3,3
2022p203007,2022-03-17T02:42:32Z,-43.14,2.4,171.97,2.7,5.0,0.0,M,,,,1.9,0.2,10,1.9,nan,4,,,,1.9,0.3,4
2022p203011,2022-03-17T02:44:36Z,-37.93,4.2,177.51,3.5,36.0,6.0,MLv,,,,2.3,0.2,17,,,,,,,2.3,0.2,13
2022p203118,2022-03-17T03:41:38Z,-38.24,5.9,178.57,7.8,22.0,8.0,M,,,,2.1,0.1,9,2.1,nan,6,,,,2.1,0.2,6
2022p203187,2022-03-17T04:18:26Z,-41.42,3.4,175.41,3.2,16.0,5.0,MLv,,,,1.6,0.3,10,,,,,,,1.7,0.3,6
2022p203217,2022-03-17T04:34:34Z,-40.37,7.4,173.42,4.8,167.0,9.0,M,,,,,,,2.0,nan,7,,,,2.0,0.1,7
2022p203253,2022-03-17T04:53:33Z,-40.62,3.4,175.79,3.1,22.0,5.0,MLv,,,,1.3,0.3,9,1.2,nan,5,,,,1.2,0.1,5
2022p203307,2022-03-17T05:22:04Z,-39.64,2.7,176.27,3.9,30.0,4.0,M,,,,1.8,0.4,12,1.9,nan,13,,,,1.9,0.3,13
2022p203327,2022-03-17T05:32:41Z,-39.03,4.6,175.37,4.9,105.0,8.0,MLv,,,,2.2,0.3,16,1.7,nan,4,,,,1.7,0.7,4
2022p203372,2022-03-17T05:57:08Z,-39.47,4.0,175.72,3.7,11.0,7.0,M,,,,1.2,0.3,11,1.0,nan,3,,,,1.0,0.6,3
2022p203373,2022-03-17T05:57:28Z,-42.99,2.9,173.3,4.0,5.0,0.0,MLv,,,,2.2,0.2,8,2.2,nan,3,,,,2.2,0.4,3
2022p203466,2022-03-17T06:47:06Z,-42.23,2.5,173.66,3.4,5.0,0.0,MLv,,,,1.8,0.3,7,1.7,nan,3,,,,1.7,0.1,3
2022p203475,2022-03-17T06:51:49Z,-39.23,4.9,177.83,4.4,22.0,4.0,MLv,,,,2.1,0.3,11,2.2,nan,7,,,,2.2,0.2,7
2022p203488,2022-03-17T06:58:50Z,-39.41,5.9,174.46,4.5,136.0,7.0,M,,,,2.3,0.3,21,2.5,nan,24,,,,2.5,0.3,24
2022p203498,2022-03-17T07:04:11Z,-39.3,2.9,175.46,4.4,5.0,8.0,M,,,,0.9,0.2,12,0.9,nan,4,,,,0.9,0.3,4
2022p203520,2022-03-17T07:15:43Z,-39.22,6.7,177.85,6.0,24.0,7.0,M,,,,2.2,0.3,11,2.3,nan,6,,,,2.3,0.3,6
2022p203525,2022-03-17T07:18:11Z,-39.23,4.9,177.84,3.8,21.0,4.0,MLv,,,,2.4,0.3,12,,,,,,,2.6,0.2,9
2022p203534,2022-03-17T07:23:12Z,-37.67,10.5,176.28,8.6,171.0,11.0,MLv,,,,,,,2.4,nan,11,,,,2.4,0.2,11
2022p203562,2022-03-17T07:38:03Z,-37.47,8.6,179.83,6.5,12.0,0.0,MLv,,,,2.9,0.2,16,2.9,nan,7,,,,2.9,0.1,7
2022p203609,2022-03-17T08:03:03Z,-41.2,2.4,175.25,2.9,17.0,6.0,MLv,,,,1.3,0.3,9,1.2,nan,5,,,,1.2,0.3,5
2022p203667,2022-03-17T08:34:28Z,-40.93,3.1,175.36,2.7,22.0,6.0,MLv,,,,1.2,0.3,8,0.8,nan,3,,,,0.8,0.4,3
2022p203708,2022-03-17T08:55:54Z,-39.3,4.3,175.06,1.9,20.0,4.0,MLv,,,,2.5,0.3,19,,,,,,,2.7,0.2,27
2022p203717,2022-03-17T09:00:37Z,-39.51,3.4,177.06,4.6,27.0,6.0,M,,,,1.8,0.2,11,1.9,nan,6,,,,1.9,0.2,6
2022p203722,2022-03-17T09:03:23Z,-40.63,2.9,175.84,2.6,22.0,5.0,M,,,,1.5,0.2,8,1.4,nan,4,,,,1.4,0.0,4
2022p203753,2022-03-17T09:19:45Z,-39.32,4.4,175.05,2.7,20.0,8.0,M,,,,1.7,0.2,10,1.9,nan,7,,,,1.9,0.3,7
2022p203776,2022-03-17T09:32:32Z,-39.46,3.6,177.23,5.6,21.0,8.0,M,,,,2.7,0.1,11,2.6,nan,18,,,,2.6,0.2,18
2022p203786,2022-03-17T09:37:17Z,-41.37,3.2,175.09,2.9,17.0,6.0,MLv,,,,1.4,0.3,9,1.3,nan,2,,,,1.3,0.2,2
2022p203794,2022-03-17T09:41:47Z,-39.45,3.1,177.25,4.1,20.0,7.0,M,,,,2.3,0.1,9,2.3,nan,8,,,,2.3,0.1,8
2022p203802,2022-03-17T09:45:45Z,-37.81,6.3,176.51,8.3,127.0,13.0,M,,,,,,,1.6,nan,4,,,,1.6,0.2,4
2022p203885,2022-03-17T10:30:02Z,-44.07,5.4,168.73,5.1,5.0,0.0,M,,,,2.4,0.1,8,2.4,nan,1,,,,2.4,nan,1
2022p203927,2022-03-17T10:52:31Z,-43.0,2.8,173.3,3.6,5.0,0.0,MLv,,,,3.5,0.2,12,3.5,nan,30,,,,3.5,0.2,30
2022p204014,2022-03-17T11:39:09Z,-38.02,2.8,178.22,3.1,5.0,0.0,M,,,,1.5,0.3,7,1.6,nan,4,,,,1.6,0.5,4
2022p204052,2022-03-17T11:59:05Z,-37.7,10.7,179.81,7.8,12.0,0.0,MLv,,,,2.7,0.2,13,2.6,nan,4,,,,2.6,0.2,4
2022p204115,2022-03-17T12:32:36Z,-38.79,8.6,175.14,7.2,179.0,9.0,M,,,,,,,2.5,nan,6,,,,2.5,0.3,6
2022p204117,2022-03-17T12:33:53Z,-40.14,2.5,174.92,8.8,17.0,6.0,M,,,,2.0,0.2,13,2.0,nan,7,,,,2.0,0.2,7
2022p204140,2022-03-17T12:45:52Z,-40.21,2.5,174.46,4.6,5.0,0.0,M,,,,2.2,0.2,11,2.2,nan,4,,,,2.2,0.1,4
2022p204210,2022-03-17T13:23:23Z,-42.98,3.8,173.3,5.0,5.0,0.0,M,,,,2.0,0.2,5,2.1,nan,3,,,,2.1,0.4,3
2022p204237,2022-03-17T13:37:42Z,-39.46,4.3,177.24,4.7,20.0,9.0,M,,,,2.4,0.1,11,2.3,nan,13,,,,2.3,0.2,13
2022p204249,2022-03-17T13:43:53Z,-39.87,3.5,176.97,8.0,16.0,5.0,MLv,,,,1.5,0.2,8,1.4,nan,2,,,,1.4,0.2,2
2022p204286,2022-03-17T14:03:51Z,-37.29,21.3,176.62,18.0,239.0,15.0,MLv,,,,2.2,0.2,13,2.4,nan,6,,,,2.4,0.2,6
2022p204405,2022-03-17T15:07:03Z,-39.51,4.3,177.06,5.1,27.0,7.0,M,,,,1.7,0.1,8,1.7,nan,4,,,,1.7,0.2,4
2022p204412,2022-03-17T15:10:55Z,-40.83,3.3,176.09,3.4,17.0,7.0,MLv,,,,1.2,0.2,8,0.9,nan,2,,,,0.9,0.1,2
2022p204461,2022-03-17T15:37:07Z,-36.89,7.5,177.1,6.2,229.0,9.0,MLv,,,,2.6,0.3,8,,,,,,,3.5,0.3,42
2022p204473,2022-03-17T15:43:28Z,-41.46,3.6,173.19,2.7,50.0,6.0,M,,,,1.9,0.3,9,2.0,nan,4,,,,2.0,0.3,4
2022p204506,2022-03-17T16:00:48Z,-41.42,5.1,174.65,2.9,11.0,6.0,M,,,,1.9,0.2,7,1.9,nan,6,,,,1.9,0.2,6
2022p204512,2022-03-17T16:04:06Z,-39.38,5.4,177.61,4.8,24.0,9.0,MLv,,,,2.2,0.2,8,2.0,nan,4,,,,2.0,0.2,4
2022p204562,2022-03-17T16:31:04Z,-39.47,10.4,175.64,6.9,12.0,20.0,M,,,,1.0,0.3,9,1.0,nan,1,,,,1.0,nan,1
2022p204601,2022-03-17T16:51:45Z,-41.8,3.0,174.09,4.3,11.0,8.0,MLv,,,,2.0,0.4,4,1.8,nan,4,,,,1.8,0.4,4
2022p204805,2022-03-17T18:40:10Z,-41.22,6.6,172.81,5.6,90.0,10.0,M,,,,,,,1.8,nan,3,,,,1.8,0.9,3
2022p205032,2022-03-17T20:41:28Z,-37.99,2.8,178.26,4.0,27.0,4.0,MLv,,,,3.0,0.2,13,,,,,,,2.9,0.2,15
2022p205081,2022-03-17T21:07:37Z,-37.14,9.6,178.68,13.0,12.0,5.0,M,,,,2.4,0.1,10,2.4,nan,3,,,,2.4,0.3,3
2022p205128,2022-03-17T21:32:13Z,-38.51,12.5,175.5,8.6,142.0,15.0,M,,,,,,,2.3,nan,5,,,,2.3,0.3,5
2022p205275,2022-03-17T22:50:57Z,-37.48,10.0,177.14,8.0,94.0,12.0,M,,,,2.1,0.2,9,2.1,nan,3,,,,2.1,0.2,3
2022p205302,2022-03-17T23:05:18Z,-40.62,2.5,175.84,2.5,19.0,5.0,M,,,,2.7,0.2,13,2.6,nan,31,,,,2.6,0.2,31
2022p205422,2022-03-18T00:09:11Z,-39.3,4.4,176.47,6.3,34.0,7.0,M,,,,1.4,0.4,10,1.4,nan,4,,,,1.4,0.3,4
2022p205477,2022-03-18T00:38:15Z,-41.61,3.8,173.79,3.1,5.0,0.0,M,,,,1.7,0.2,10,1.5,nan,3,,,,1.5,0.2,3
2022p205528,2022-03-18T01:06:00Z,-36.73,16.1,177.69,11.8,128.0,24.0,M,,,,2.5,0.1,8,2.6,nan,5,,,,2.6,0.3,5
2022p205529,2022-03-18T01:06:00Z,-36.83,20.7,177.72,13.6,140.0,25.0,MLv,,,,2.7,0.3,6,,,,,,,2.6,0.2,7
2022p205535,2022-03-18T01:09:13Z,-40.11,3.2,174.96,4.3,17.0,7.0,M,,,,1.8,0.2,11,2.0,nan,6,,,,2.0,0.2,6
2022p205553,2022-03-18T01:18:13Z,-35.39,38.2,-179.81,46.4,197.0,59.0,MLv,,,,3.6,0.2,9,,,,,,,3.6,0.1,7
2022p205563,2022-03-18T01:24:19Z,-37.95,6.2,176.47,5.0,132.0,10.0,M,,,,,,,2.6,nan,28,,,,2.6,0.3,28
2022p205619,2022-03-18T01:54:03Z,-38.8,7.5,175.17,7.1,195.0,9.0,M,,,,,,,2.5,nan,12,,,,2.5,0.3,12
2022p205661,2022-03-18T02:16:28Z,-40.25,2.5,176.64,4.1,18.0,4.0,M,,,,2.1,0.2,12,2.1,nan,13,,,,2.1,0.2,13
2022p205709,2022-03-18T02:41:55Z,-37.18,7.9,177.23,8.1,144.0,11.0,MLv,,,,2.4,0.3,8,,,,,,,2.6,0.3,7
2022p205722,2022-03-18T02:49:06Z,-40.62,2.6,176.06,2.8,8.0,5.0,M,,,,1.2,0.2,9,1.3,nan,5,,,,1.3,0.3,5
2022p205812,2022-03-18T03:36:55Z,-41.36,5.5,173.05,5.2,66.0,10.0,M,,,,1.7,0.3,6,1.8,nan,4,,,,1.8,0.4,4
2022p205907,2022-03-18T04:27:33Z,-38.86,3.4,177.56,3.2,23.0,6.0,M,,,,1.7,0.2,10,1.6,nan,6,,,,1.6,0.2,6
2022p205910,2022-03-18T04:29:09Z,-36.83,11.6,177.23,9.2,254.0,9.0,MLv,,,,2.8,0.4,6,,,,,,,3.1,0.3,27
2022p205981,2022-03-18T05:06:40Z,-39.95,2.8,176.71,2.9,28.0,5.0,MLv,,,,1.9,0.2,13,,,,,,,2.0,0.2,11
2022p205985,2022-03-18T05:09:07Z,-40.25,2.5,176.62,3.2,13.0,5.0,M,,,,2.3,0.1,13,2.2,nan,18,,,,2.2,0.1,18
2022p206060,2022-03-18T05:48:55Z,-40.39,2.5,176.13,3.0,25.0,4.0,M,,,,1.8,0.2,14,1.9,nan,11,,,,1.9,0.1,11
2022p206074,2022-03-18T05:56:44Z,-39.77,2.9,176.77,3.8,37.0,6.0,M,,,,1.7,0.2,12,1.5,nan,6,,,,1.5,0.3,6
2022p206078,2022-03-18T05:58:40Z,-40.34,2.4,175.83,2.2,25.0,3.0,MLv,,,,2.6,0.3,19,2.7,nan,37,,,,2.7,0.2,37
2022p206164,2022-03-18T06:44:17Z,-39.81,3.0,176.98,4.6,24.0,4.0,M,,,,2.6,0.2,14,2.5,nan,22,,,,2.5,0.2,22
2022p206183,2022-03-18T06:54:36Z,-37.86,6.5,176.27,7.4,159.0,8.0,MLv,,,,2.1,0.2,7,,,,,,,2.1,0.1,7
2022p206249,2022-03-18T07:29:48Z,-38.11,5.3,176.07,4.8,158.0,7.0,MLv,,,,,,,,,,,,,2.7,0.3,35
2022p206329,2022-03-18T08:12:16Z,-40.7,6.8,174.0,4.3,56.0,10.0,MLv,,,,1.8,0.3,10,1.5,nan,4,,,,1.5,0.4,4
2022p206350,2022-03-18T08:23:17Z,-38.26,4.7,177.62,5.1,49.0,8.0,M,,,,1.4,0.3,8,1.4,nan,4,,,,1.4,0.4,4
2022p206368,2022-03-18T08:33:10Z,-38.7,3.5,177.14,3.7,31.0,8.0,M,,,,1.4,0.3,10,1.3,nan,6,,,,1.3,0.3,6
2022p206377,2022-03-18T08:38:03Z,-37.1,12.8,179.07,14.5,33.0,0.0,M,,,,2.3,0.1,8,2.2,nan,4,,,,2.2,0.1,4
2022p206405,2022-03-18T08:53:03Z,-41.45,4.3,174.82,3.9,18.0,8.0,MLv,,,,1.4,0.3,8,1.1,nan,3,,,,1.1,0.2,3
2022p206497,2022-03-18T09:41:58Z,-45.8,4.4,166.93,6.5,49.0,10.0,M,,,,2.2,0.3,8,1.6,nan,1,,,,1.6,nan,1
2022p206549,2022-03-18T10:10:03Z,-38.41,5.0,175.83,5.7,168.0,7.0,MLv,,,,,,,,,,,,,2.9,0.4,55
2022p206613,2022-03-18T10:43:23Z,-39.1,6.8,175.67,4.9,5.0,0.0,M,,,,0.3,0.2,3,0.3,nan,2,,,,0.3,0.3,2
2022p206612,2022-03-18T10:43:27Z,-37.97,3.2,175.79,2.4,5.0,0.0,M,,,,1.7,0.4,7,1.9,nan,6,,,,1.9,0.2,6
2022p206638,2022-03-18T10:56:53Z,-45.0,5.0,167.42,6.1,90.0,7.0,M,,,,2.5,0.2,9,2.3,nan,2,,,,2.3,0.2,2
2022p206641,2022-03-18T10:58:29Z,-39.31,2.6,175.46,3.1,6.0,6.0,MLv,,,,0.8,0.2,10,1.0,nan,3,,,,1.0,0.3,3
2022p206679,2022-03-18T11:18:35Z,-39.52,5.2,175.66,4.2,13.0,9.0,MLv,,,,1.2,0.3,13,0.7,nan,3,,,,0.7,0.5,3
2022p206704,2022-03-18T11:32:12Z,-38.96,9.0,175.0,8.4,207.0,12.0,MLv,,,,1.3,0.5,7,,,,,,,1.8,0.4,2
2022p206776,2022-03-18T12:10:33Z,-39.75,39.0,174.05,50.0,86.0,94.0,M,,,,2.4,0.2,6,2.6,nan,18,,,,2.6,0.2,18
2022p206792,2022-03-18T12:19:15Z,-40.97,3.5,174.87,3.5,28.0,5.0,M,,,,1.6,0.3,9,1.8,nan,6,,,,1.8,0.2,6
2022p206807,2022-03-18T12:27:16Z,-41.04,4.6,174.72,3.5,44.0,8.0,MLv,,,,1.3,0.2,9,1.0,nan,3,,,,1.0,0.2,3
2022p206843,2022-03-18T12:46:49Z,-38.67,7.1,175.8,6.6,145.0,9.0,M,,,,,,,1.4,nan,2,,,,1.4,0.0,2
2022p206956,2022-03-18T13:46:28Z,-39.95,2.7,176.57,3.0,35.0,5.0,M,,,,1.7,0.2,13,1.7,nan,10,,,,1.7,0.3,10
2022p206977,2022-03-18T13:57:34Z,-39.87,2.6,175.11,3.0,31.0,4.0,M,,,,1.8,0.3,19,1.7,nan,2,,,,1.7,0.5,2
2022p207125,2022-03-18T15:16:30Z,-38.14,9.4,176.01,9.7,153.0,10.0,M,,,,,,,2.1,nan,7,,,,2.1,0.2,7
2022p207155,2022-03-18T15:32:38Z,-44.12,2.2,168.75,2.9,5.0,0.0,MLv,,,,3.5,0.3,7,,,,,,,3.6,0.2,21
2022p207177,2022-03-18T15:44:08Z,-40.61,2.9,175.85,2.5,24.0,5.0,M,,,,1.0,0.4,10,0.9,nan,3,,,,0.9,0.1,3
2022p207181,2022-03-18T15:46:20Z,-40.63,3.3,175.84,2.6,23.0,5.0,MLv,,,,1.3,0.1,8,1.3,nan,6,,,,1.3,0.2,6
2022p207184,2022-03-18T15:47:50Z,-39.63,1.9,176.97,2.8,27.0,3.0,MLv,,,,2.7,0.2,13,,,,,,,2.7,0.2,36
2022p207217,2022-03-18T16:05:33Z,-42.96,2.4,171.47,2.1,5.0,0.0,MLv,,,,2.4,0.2,7,,,,,,,2.6,0.1,8
2022p207277,2022-03-18T16:37:17Z,-41.06,3.9,173.99,4.2,34.0,5.0,MLv,,,,1.6,0.3,11,1.6,nan,3,,,,1.6,0.3,3
2022p207280,2022-03-18T16:39:07Z,-38.84,3.4,175.79,11.1,5.0,10.0,MLv,,,,1.1,0.1,10,1.1,nan,4,,,,1.1,0.2,4
2022p207305,2022-03-18T16:52:28Z,-41.19,2.9,172.39,3.1,5.0,0.0,M,,,,2.1,0.2,14,2.1,nan,6,,,,2.1,0.2,6
2022p207318,2022-03-18T16:59:21Z,-40.44,4.0,173.41,5.1,124.0,8.0,MLv,,,,,,,2.4,nan,9,,,,2.4,0.1,9
2022p207375,2022-03-18T17:29:46Z,-42.17,2.5,173.74,3.2,8.0,3.0,M,,,,1.7,0.2,9,1.8,nan,4,,,,1.8,0.2,4
2022p207380,2022-03-18T17:32:30Z,-40.1,3.7,176.89,6.9,12.0,5.0,M,,,,1.6,0.2,13,1.6,nan,5,,,,1.6,0.1,5
2022p207385,2022-03-18T17:34:43Z,-39.02,4.2,173.99,4.8,5.0,0.0,M,,,,1.6,0.3,9,1.3,nan,3,,,,1.3,0.1,3
2022p207473,2022-03-18T18:21:54Z,-40.33,2.4,175.83,2.1,26.0,4.0,MLv,,,,4.4,0.3,15,,,,,,,4.2,0.2,102
2022p207486,2022-03-18T18:28:57Z,-38.56,2.7,177.85,4.5,11.0,5.0,M,,,,1.8,0.2,13,1.8,nan,7,,,,1.8,0.2,7
2022p207494,2022-03-18T18:33:04Z,-40.33,2.6,175.84,2.5,26.0,4.0,MLv,,,,3.3,0.2,15,,,,,,,3.3,0.2,61
2022p207549,2022-03-18T19:03:04Z,-39.37,4.2,177.29,5.3,24.0,13.0,M,,,,1.6,0.2,7,1.7,nan,3,,,,1.7,0.1,3
2022p207554,2022-03-18T19:04:58Z,-38.19,9.6,176.02,10.7,159.0,13.0,M,,,,,,,1.7,nan,2,,,,1.7,0.1,2
2022p207705,2022-03-18T20:25:21Z,-40.17,2.2,174.82,3.2,12.0,0.0,M,,,,1.9,0.2,11,2.1,nan,4,,,,2.1,0.1,4
2022p207744,2022-03-18T20:46:12Z,-39.51,6.9,175.72,4.9,13.0,14.0,M,,,,1.1,0.3,9,1.3,nan,6,,,,1.3,0.4,6
2022p207822,2022-03-18T21:28:04Z,-39.49,6.0,178.02,6.9,19.0,12.0,M,,,,2.1,0.2,11,2.5,nan,2,,,,2.5,0.2,2
2022p207913,2022-03-18T22:16:28Z,-40.71,10.3,173.5,4.8,120.0,8.0,M,,,,,,,2.0,nan,6,,,,2.0,0.1,6
2022p207952,2022-03-18T22:38:13Z,-39.79,3.6,176.64,3.8,30.0,8.0,M,,,,1.2,0.3,8,1.1,nan,3,,,,1.1,0.2,3
2022p208021,2022-03-18T23:14:03Z,-40.35,3.2,176.34,2.8,25.0,7.0,M,,,,1.6,0.2,9,1.7,nan,7,,,,1.7,0.2,7
2022p208072,2022-03-18T23:41:02Z,-36.88,7.4,178.52,13.4,12.0,0.0,M,,,,2.2,0.1,8,2.2,nan,4,,,,2.2,0.1,4
2022p208281,2022-03-19T01:32:08Z,-39.5,3.7,175.7,3.1,9.0,9.0,M,,,,1.1,0.3,8,1.3,nan,7,,,,1.3,0.3,7
2022p208428,2022-03-19T02:50:39Z,-42.97,2.3,173.27,3.3,5.0,0.0,MLv,,,,2.6,0.2,8,,,,,,,2.7,0.2,13
2022p208438,2022-03-19T02:56:17Z,-41.08,2.9,175.01,3.7,5.0,3.0,MLv,,,,1.2,0.3,6,0.9,nan,4,,,,0.9,0.3,4
2022p208454,2022-03-19T03:04:26Z,-39.61,7.9,174.11,11.4,191.0,13.0,MLv,,,,2.3,0.1,7,2.2,nan,9,,,,2.2,0.2,9
2022p208511,2022-03-19T03:35:06Z,-36.95,6.8,177.67,7.5,119.0,10.0,MLv,,,,2.9,0.3,18,,,,,,,3.0,0.2,18
2022p208695,2022-03-19T05:13:13Z,-40.5,5.0,174.33,4.2,31.0,9.0,M,,,,2.0,0.1,6,1.9,nan,4,,,,1.9,0.1,4
2022p208717,2022-03-19T05:24:46Z,-37.64,5.1,177.32,6.2,101.0,9.0,M,,,,2.6,0.3,7,2.6,nan,17,,,,2.6,0.1,17
2022p208739,2022-03-19T05:36:39Z,-41.91,2.1,173.94,2.5,12.0,4.0,MLv,,,,2.6,0.2,8,,,,,,,2.8,0.2,24
2022p208749,2022-03-19T05:41:32Z,-37.51,10.5,179.9,8.7,33.0,0.0,MLv,,,,2.8,0.1,12,2.8,nan,6,,,,2.8,0.1,6
2022p208815,2022-03-19T06:17:09Z,-40.6,4.4,175.9,3.5,30.0,8.0,MLv,,,,1.5,0.3,7,1.8,nan,7,,,,1.8,0.3,7
2022p208884,2022-03-19T06:53:28Z,-37.6,4.2,178.21,4.3,29.0,4.0,M,,,,2.3,0.3,13,2.3,nan,6,,,,2.3,0.2,6
2022p208923,2022-03-19T07:14:30Z,-39.69,8.5,174.06,8.0,171.0,14.0,M,,,,1.9,0.2,6,2.2,nan,3,,,,2.2,0.3,3
2022p209008,2022-03-19T07:59:35Z,-39.09,2.8,176.16,2.1,5.0,0.0,MLv,,,,1.4,0.2,12,1.0,nan,3,,,,1.0,0.1,3
2022p209039,2022-03-19T08:16:54Z,-38.64,6.3,175.6,7.7,142.0,10.0,M,,,,1.7,0.3,6,2.0,nan,13,,,,2.0,0.3,13
2022p209080,2022-03-19T08:38:03Z,-40.3,2.6,174.75,4.0,26.0,6.0,M,,,,2.4,0.3,18,2.3,nan,18,,,,2.3,0.2,18
2022p209112,2022-03-19T08:54:48Z,-38.11,8.0,176.21,7.9,163.0,11.0,M,,,,2.0,0.3,3,2.5,nan,7,,,,2.5,0.6,7
2022p209138,2022-03-19T09:09:33Z,-39.53,4.3,174.53,3.5,129.0,7.0,M,,,,,,,2.2,nan,10,,,,2.2,0.2,10
2022p209193,2022-03-19T09:38:28Z,-40.63,7.6,174.58,3.1,12.0,0.0,M,,,,1.5,0.3,6,1.3,nan,1,,,,1.3,nan,1
2022p209218,2022-03-19T09:51:51Z,-39.54,2.2,176.95,3.1,26.0,4.0,MLv,,,,1.8,0.2,12,1.7,nan,9,,,,1.7,0.1,9
2022p209299,2022-03-19T10:34:59Z,-39.85,3.0,176.66,3.7,34.0,7.0,M,,,,1.7,0.2,12,1.7,nan,10,,,,1.7,0.2,10
2022p209304,2022-03-19T10:37:27Z,-39.85,2.5,176.66,3.3,33.0,5.0,M,,,,1.8,0.2,13,1.7,nan,12,,,,1.7,0.2,12
2022p209354,2022-03-19T11:03:53Z,-39.43,3.8,174.95,2.6,22.0,6.0,MLv,,,,1.9,0.3,9,1.7,nan,4,,,,1.7,0.3,4
2022p209382,2022-03-19T11:18:15Z,-33.8,4.7,-178.93,8.7,33.0,0.0,mB,5.5,0.1,9,5.1,0.3,15,5.1,nan,21,5.0,0.4,10,5.3,0.1,21
2022p209403,2022-03-19T11:30:19Z,-40.83,2.8,175.64,2.9,17.0,5.0,MLv,,,,1.3,0.2,12,1.3,nan,4,,,,1.3,0.3,4
2022p209430,2022-03-19T11:44:03Z,-33.92,5.4,-178.87,9.8,33.0,0.0,mB,5.4,0.2,49,5.0,0.3,18,,,,4.9,0.4,11,5.2,0.2,61
2022p209471,2022-03-19T12:06:39Z,-41.0,2.8,175.89,3.2,10.0,5.0,MLv,,,,1.6,0.2,13,1.5,nan,5,,,,1.5,0.3,5
2022p209539,2022-03-19T12:42:45Z,-40.22,2.6,175.64,3.7,23.0,6.0,M,,,,1.5,0.3,11,1.5,nan,7,,,,1.5,0.3,7
2022p209595,2022-03-19T13:12:15Z,-40.58,3.5,175.76,3.0,22.0,4.0,M,,,,1.3,0.3,11,1.4,nan,4,,,,1.4,0.2,4
2022p209646,2022-03-19T13:39:37Z,-42.24,3.3,176.13,4.4,33.0,0.0,MLv,,,,3.3,0.2,22,,,,,,,3.6,0.3,49
2022p209647,2022-03-19T13:39:42Z,-42.51,7.5,176.5,10.6,33.0,0.0,MLv,,,,3.4,0.2,9,,,,,,,3.4,0.2,7
2022p209728,2022-03-19T14:23:05Z,-40.36,2.6,175.82,2.6,28.0,4.0,MLv,,,,2.0,0.3,15,2.1,nan,12,,,,2.1,0.3,12
2022p209743,2022-03-19T14:31:07Z,-41.69,2.7,174.12,3.1,25.0,3.0,MLv,,,,1.8,0.3,7,1.1,nan,1,,,,1.1,nan,1
2022p209768,2022-03-19T14:44:46Z,-38.47,5.0,177.26,4.3,32.0,8.0,M,,,,1.3,0.2,9,1.4,nan,7,,,,1.4,0.2,7
2022p209839,2022-03-19T15:22:44Z,-45.69,4.1,166.6,6.4,5.0,0.0,MLv,,,,3.1,0.2,9,,,,,,,3.3,0.3,6
2022p209864,2022-03-19T15:35:55Z,-39.85,3.2,176.73,3.2,30.0,6.0,MLv,,,,1.8,0.3,13,1.7,nan,8,,,,1.7,0.2,8
2022p209882,2022-03-19T15:45:25Z,-41.78,2.3,174.19,3.2,8.0,4.0,MLv,,,,2.3,0.2,13,2.4,nan,10,,,,2.4,0.2,10
2022p209938,2022-03-19T16:15:30Z,-37.13,9.4,177.39,6.8,35.0,17.0,M,,,,2.2,0.2,13,2.1,nan,7,,,,2.1,0.1,7
2022p209997,2022-03-19T16:46:21Z,-38.09,5.0,176.27,4.6,103.0,9.0,MLv,,,,2.1,0.2,13,2.1,nan,6,,,,2.1,0.2,6
2022p210032,2022-03-19T17:05:27Z,-38.5,18.3,175.56,15.0,137.0,21.0,MLv,,,,,,,,,,,,,1.4,nan,1
2022p210097,2022-03-19T17:39:47Z,-39.32,3.8,176.19,4.1,57.0,7.0,M,,,,1.7,0.3,13,1.3,nan,4,,,,1.3,0.6,4
2022p210098,2022-03-19T17:40:55Z,-38.61,5.4,175.68,4.7,115.0,9.0,M,,,,,,,2.4,nan,9,,,,2.4,0.3,9
2022p210107,2022-03-19T17:45:15Z,-37.42,18.9,176.16,20.3,251.0,18.0,M,,,,,,,2.0,nan,4,,,,2.0,0.2,4
2022p210171,2022-03-19T18:19:29Z,-38.08,9.2,176.35,10.7,74.0,11.0,M,,,,1.8,0.2,10,1.9,nan,6,,,,1.9,0.3,6
2022p210201,2022-03-19T18:35:29Z,-41.54,2.6,174.38,2.1,12.0,0.0,M,,,,2.6,0.2,14,2.6,nan,18,,,,2.6,0.1,18
2022p210293,2022-03-19T19:24:21Z,-39.45,6.7,174.41,6.8,138.0,13.0,M,,,,,,,2.4,nan,5,,,,2.4,0.3,5
2022p210300,2022-03-19T19:29:14Z,-39.02,4.2,175.72,3.5,5.0,3.0,M,,,,1.2,0.2,9,1.3,nan,7,,,,1.3,0.2,7
2022p210350,2022-03-19T19:54:28Z,-39.04,6.0,175.75,6.1,8.0,6.0,M,,,,1.2,0.2,9,1.4,nan,6,,,,1.4,0.2,6
2022p210428,2022-03-19T20:36:14Z,-40.3,2.4,174.66,3.8,21.0,7.0,M,,,,2.3,0.2,9,2.3,nan,5,,,,2.3,0.1,5
2022p210544,2022-03-19T21:38:00Z,-39.66,5.1,176.91,5.1,36.0,10.0,M,,,,1.3,0.3,7,1.3,nan,2,,,,1.3,0.3,2
2022p210589,2022-03-19T22:02:15Z,-38.01,4.1,176.39,3.9,141.0,7.0,MLv,,,,,,,,,,,,,3.0,0.4,38
2022p210810,2022-03-19T23:59:35Z,-40.43,3.9,176.75,4.8,10.0,7.0,MLv,,,,3.1,0.2,12,,,,,,,2.9,0.2,31
2022p210812,2022-03-20T00:02:18Z,-38.01,3.9,177.99,4.0,47.0,6.0,M,,,,2.5,0.3,8,2.6,nan,11,,,,2.6,0.2,11
2022p210820,2022-03-20T00:04:59Z,-33.24,7.6,-178.65,16.0,33.0,0.0,M,5.2,0.2,9,4.5,0.2,12,4.6,nan,18,4.5,0.4,9,4.7,0.1,18
2022p210841,2022-03-20T00:16:16Z,-36.88,9.2,179.0,11.9,5.0,0.0,M,,,,2.4,0.1,10,2.3,nan,5,,,,2.3,0.1,5
2022p211017,2022-03-20T01:50:02Z,-37.53,7.5,176.87,8.3,95.0,15.0,MLv,,,,2.6,0.2,6,2.5,nan,6,,,,2.5,0.1,6
2022p211021,2022-03-20T01:52:03Z,-40.39,3.8,176.78,5.7,12.0,0.0,M,,,,2.0,0.1,9,2.0,nan,6,,,,2.0,0.2,6
2022p211137,2022-03-20T02:54:12Z,-39.5,11.3,174.42,15.8,189.0,12.0,MLv,,,,,,,2.4,nan,6,,,,2.4,0.2,6
2022p211139,2022-03-20T02:55:19Z,-40.42,2.9,176.75,3.8,12.0,0.0,MLv,,,,3.0,0.2,12,,,,,,,2.8,0.2,21
2022p211159,2022-03-20T03:05:33Z,-36.49,8.0,177.88,8.5,33.0,0.0,MLv,,,,2.9,0.2,13,2.8,nan,5,,,,2.8,0.1,5
2022p211262,2022-03-20T04:00:44Z,-40.45,1.9,175.85,2.0,24.0,3.0,MLv,,,,3.4,0.2,15,,,,,,,3.4,0.2,53
2022p211344,2022-03-20T04:44:09Z,-39.52,7.6,175.64,4.1,13.0,12.0,MLv,,,,1.6,0.3,10,,,,,,,1.5,0.3,7
2022p211452,2022-03-20T05:41:42Z,-44.1,3.2,168.87,2.8,4.0,4.0,MLv,,,,2.6,0.1,7,2.5,nan,1,,,,2.5,nan,1
2022p211460,2022-03-20T05:46:18Z,-40.84,6.5,175.31,3.9,21.0,12.0,MLv,,,,1.0,0.3,6,,,,,,,1.1,0.4,5
2022p211479,2022-03-20T05:56:03Z,-38.66,2.7,176.07,3.3,5.0,3.0,M,,,,2.1,0.3,9,1.9,nan,12,,,,1.9,0.2,12
2022p211562,2022-03-20T06:40:21Z,-39.21,3.6,174.75,2.7,20.0,5.0,M,,,,2.4,0.3,12,2.1,nan,4,,,,2.1,0.4,4
2022p211565,2022-03-20T06:42:07Z,-37.37,7.5,176.49,6.5,206.0,10.0,MLv,,,,,,,,,,,,,3.5,0.5,37
2022p211652,2022-03-20T07:28:26Z,-43.49,2.9,170.34,2.6,5.0,0.0,MLv,,,,2.6,0.1,4,,,,,,,2.9,0.4,4
2022p211653,2022-03-20T07:28:48Z,-41.78,2.0,174.18,2.7,9.0,3.0,MLv,,,,4.3,0.2,9,,,,,,,4.6,0.2,84
2022p211659,2022-03-20T07:32:26Z,-37.69,4.8,177.12,3.2,5.0,0.0,MLv,,,,2.0,0.2,10,2.3,nan,5,,,,2.3,0.3,5
2022p211766,2022-03-20T08:29:22Z,-39.75,4.2,176.73,4.0,33.0,8.0,MLv,,,,1.5,0.4,9,1.2,nan,4,,,,1.2,0.1,4
2022p211770,2022-03-20T08:31:27Z,-41.79,2.9,174.2,4.4,6.0,4.0,M,,,,1.9,0.3,11,1.5,nan,2,,,,1.5,0.3,2
2022p211790,2022-03-20T08:41:53Z,-39.63,3.3,176.23,3.7,29.0,7.0,MLv,,,,1.1,0.6,6,0.6,nan,4,,,,0.6,0.3,4
2022p211868,2022-03-20T09:23:16Z,-46.11,4.2,170.17,3.0,5.0,0.0,MLv,,,,2.5,0.2,7,2.2,nan,3,,,,2.2,0.1,3
2022p211883,2022-03-20T09:31:37Z,-39.82,2.7,176.64,3.5,31.0,7.0,M,,,,1.9,0.2,12,1.9,nan,11,,,,1.9,0.2,11
2022p211974,2022-03-20T10:20:03Z,-39.48,5.3,174.49,5.2,129.0,7.0,MLv,,,,,,,2.5,nan,8,,,,2.5,0.4,8
2022p211981,2022-03-20T10:23:39Z,-44.63,5.3,168.28,4.5,60.0,10.0,M,,,,1.9,0.7,3,1.8,nan,1,,,,1.8,nan,1
2022p212025,2022-03-20T10:46:58Z,-39.42,5.0,177.06,6.1,27.0,7.0,MLv,,,,1.6,0.2,9,1.6,nan,5,,,,1.6,0.1,5
2022p212026,2022-03-20T10:47:12Z,-41.79,2.6,174.2,3.4,7.0,3.0,M,,,,2.0,0.4,13,1.7,nan,4,,,,1.7,0.3,4
2022p212031,2022-03-20T10:50:30Z,-40.68,1.9,175.16,1.9,5.0,0.0,MLv,,,,3.1,0.2,20,,,,,,,3.2,0.2,44
2022p212036,2022-03-20T10:53:18Z,-40.43,2.8,175.86,3.5,25.0,7.0,M,,,,1.4,0.3,8,1.5,nan,6,,,,1.5,0.4,6
2022p212065,2022-03-20T11:08:24Z,-40.66,2.3,175.14,2.4,5.0,0.0,MLv,,,,2.4,0.2,15,,,,,,,2.6,0.2,22
2022p212094,2022-03-20T11:23:48Z,-38.04,3.2,177.13,2.8,36.0,6.0,MLv,,,,2.8,0.2,21,,,,,,,2.7,0.2,29
2022p212250,2022-03-20T12:47:16Z,-40.41,4.3,176.75,5.4,11.0,6.0,MLv,,,,1.8,0.3,12,1.8,nan,7,,,,1.8,0.2,7
2022p212514,2022-03-20T15:07:31Z,-40.82,2.8,175.98,3.1,18.0,4.0,MLv,,,,1.9,0.2,16,,,,,,,1.9,0.2,7
2022p212579,2022-03-20T15:42:39Z,-39.54,5.9,174.57,5.7,129.0,9.0,M,,,,,,,2.3,nan,3,,,,2.3,0.2,3
2022p212604,2022-03-20T15:55:42Z,-38.67,6.5,175.82,6.2,83.0,11.0,MLv,,,,2.0,0.3,12,1.8,nan,4,,,,1.8,0.2,4
2022p212635,2022-03-20T16:12:03Z,-39.97,3.0,176.54,3.5,38.0,5.0,MLv,,,,2.0,0.3,13,2.0,nan,12,,,,2.0,0.3,12
2022p212653,2022-03-20T16:21:53Z,-39.54,2.7,175.65,2.4,9.0,6.0,MLv,,,,1.6,0.4,13,,,,,,,1.2,0.3,5
2022p212696,2022-03-20T16:44:44Z,-38.61,6.0,178.53,7.0,20.0,7.0,M,,,,2.3,0.2,12,2.3,nan,7,,,,2.3,0.2,7
2022p212794,2022-03-20T17:36:59Z,-43.48,2.4,172.84,3.9,5.0,3.0,MLv,,,,2.0,0.3,8,1.7,nan,3,,,,1.7,0.2,3
2022p212824,2022-03-20T17:52:46Z,-37.32,10.2,178.87,8.8,12.0,0.0,M,,,,2.4,0.2,8,2.5,nan,2,,,,2.5,0.1,2
2022p212877,2022-03-20T18:20:52Z,-44.61,2.9,168.32,2.7,5.0,0.0,MLv,,,,2.8,0.1,6,3.1,nan,5,,,,3.1,0.2,5
2022p212897,2022-03-20T18:31:49Z,-40.22,6.4,174.33,6.6,57.0,13.0,MLv,,,,2.2,0.4,10,2.2,nan,3,,,,2.2,0.5,3
2022p213088,2022-03-20T20:13:19Z,-38.22,3.3,177.71,3.8,51.0,7.0,MLv,,,,3.2,0.2,14,3.3,nan,42,,,,3.3,0.2,42
2022p213149,2022-03-20T20:46:00Z,-40.31,2.8,176.53,2.9,12.0,7.0,MLv,,,,2.2,0.2,8,2.2,nan,9,,,,2.2,0.2,9
2022p213267,2022-03-20T21:49:07Z,-40.79,5.3,174.29,3.2,26.0,6.0,M,,,,1.9,0.2,13,1.9,nan,3,,,,1.9,0.3,3
2022p213348,2022-03-20T22:31:57Z,-41.1,5.1,173.66,4.2,60.0,7.0,MLv,,,,2.3,0.3,11,,,,,,,2.4,0.1,7
2022p213385,2022-03-20T22:51:39Z,-41.22,5.7,173.14,3.8,94.0,7.0,M,,,,,,,1.9,nan,3,,,,1.9,0.6,3
2022p213458,2022-03-20T23:31:34Z,-39.35,5.9,176.13,3.6,57.0,9.0,MLv,,,,1.8,0.4,9,2.1,nan,11,,,,2.1,0.3,11
2022p213615,2022-03-21T00:54:12Z,-38.05,2.4,176.71,2.2,5.0,0.0,M,,,,2.2,0.2,19,2.3,nan,13,,,,2.3,0.3,13
2022p213763,2022-03-21T02:12:50Z,-34.97,18.7,178.91,15.7,150.0,50.0,MLv,,,,4.3,0.2,7,,,,,,,4.5,0.2,25
2022p213792,2022-03-21T02:28:52Z,-36.99,36.4,176.61,50.4,255.0,36.0,MLv,,,,,,,,,,,,,2.8,nan,1
2022p213843,2022-03-21T02:55:26Z,-36.91,14.1,176.7,15.2,295.0,13.0,MLv,,,,,,,3.1,nan,12,,,,3.1,0.3,12
2022p213847,2022-03-21T02:58:04Z,-38.34,3.9,177.2,3.3,33.0,6.0,M,,,,2.3,0.2,16,2.3,nan,12,,,,2.3,0.3,12
2022p213878,2022-03-21T03:14:52Z,-39.24,3.7,175.36,3.5,13.0,10.0,M,,,,1.3,0.2,8,1.4,nan,7,,,,1.4,0.2,7
2022p213924,2022-03-21T03:38:48Z,-40.52,6.7,173.91,4.9,59.0,12.0,MLv,,,,2.2,0.3,9,2.2,nan,4,,,,2.2,0.2,4
2022p213967,2022-03-21T04:01:39Z,-41.79,3.3,174.19,3.6,7.0,4.0,MLv,,,,1.8,0.3,10,1.9,nan,3,,,,1.9,0.8,3
2022p214002,2022-03-21T04:20:33Z,-38.58,13.9,175.05,16.8,182.0,24.0,M,,,,2.5,0.2,7,2.2,nan,1,,,,2.2,nan,1
2022p214019,2022-03-21T04:29:43Z,-38.38,4.8,177.2,3.6,28.0,6.0,M,,,,2.0,0.2,12,2.1,nan,6,,,,2.1,0.2,6
2022p214033,2022-03-21T04:36:52Z,-40.38,3.3,175.89,4.5,17.0,7.0,M,,,,1.5,0.3,9,1.2,nan,3,,,,1.2,0.5,3
2022p214076,2022-03-21T05:00:21Z,-38.34,3.6,176.24,6.3,5.0,5.0,M,,,,1.2,0.3,7,1.3,nan,3,,,,1.3,0.2,3
2022p214091,2022-03-21T05:07:49Z,-38.39,5.4,177.21,4.5,40.0,7.0,M,,,,1.8,0.3,10,1.6,nan,5,,,,1.6,0.2,5
2022p214234,2022-03-21T06:24:08Z,-38.34,5.1,177.18,5.5,32.0,14.0,M,,,,1.8,0.2,8,1.7,nan,2,,,,1.7,0.7,2
2022p214336,2022-03-21T07:18:49Z,-37.1,14.2,179.16,12.3,64.0,21.0,MLv,,,,2.7,0.2,10,2.8,nan,3,,,,2.8,0.2,3
2022p214354,2022-03-21T07:28:16Z,-38.5,5.4,178.01,9.3,26.0,10.0,M,,,,1.5,0.3,5,1.1,nan,2,,,,1.1,0.4,2
2022p214396,2022-03-21T07:50:38Z,-43.2,2.7,171.98,3.0,5.0,0.0,M,,,,2.4,0.2,11,2.5,nan,5,,,,2.5,0.3,5
2022p214422,2022-03-21T08:04:12Z,-39.91,4.4,176.55,4.8,33.0,8.0,M,,,,1.7,0.4,7,1.1,nan,1,,,,1.1,nan,1
2022p214489,2022-03-21T08:40:07Z,-37.41,11.5,176.44,10.2,208.0,11.0,M,,,,2.6,0.3,8,2.4,nan,6,,,,2.4,0.3,6
2022p214526,2022-03-21T08:59:32Z,-41.43,3.8,174.72,3.0,27.0,5.0,M,,,,2.0,0.3,10,2.1,nan,6,,,,2.1,0.2,6
2022p214528,2022-03-21T09:00:49Z,-38.57,4.2,176.2,2.8,6.0,10.0,M,,,,1.3,0.4,9,1.2,nan,6,,,,1.2,0.4,6
2022p214611,2022-03-21T09:44:58Z,-40.61,2.3,174.57,2.2,12.0,0.0,M,,,,2.7,0.2,15,2.6,nan,13,,,,2.6,0.2,13
2022p214628,2022-03-21T09:53:50Z,-38.22,7.3,176.03,7.2,137.0,12.0,M,,,,,,,2.0,nan,3,,,,2.0,0.0,3
2022p214657,2022-03-21T10:09:35Z,-40.37,4.1,175.85,3.8,26.0,6.0,M,,,,1.5,0.3,8,1.4,nan,3,,,,1.4,0.2,3
2022p214704,2022-03-21T10:34:27Z,-37.85,7.8,176.6,5.8,144.0,9.0,MLv,,,,1.9,0.4,6,,,,,,,2.9,0.4,47
2022p214800,2022-03-21T11:25:34Z,-40.52,2.3,174.67,2.9,5.0,0.0,M,,,,2.0,0.3,13,1.9,nan,4,,,,1.9,0.3,4
2022p214990,2022-03-21T13:07:19Z,-39.16,8.5,175.16,6.3,100.0,10.0,MLv,,,,1.1,0.3,3,,,,,,,0.9,nan,1
2022p215014,2022-03-21T13:19:33Z,-38.02,2.6,176.78,2.2,5.0,0.0,M,,,,1.9,0.3,12,2.2,nan,6,,,,2.2,0.2,6
2022p215043,2022-03-21T13:34:58Z,-36.92,22.8,176.74,19.4,258.0,18.0,MLv,,,,,,,2.6,nan,2,,,,2.6,0.1,2
2022p215118,2022-03-21T14:15:21Z,-39.82,3.7,174.21,5.1,98.0,8.0,M,,,,2.3,0.2,8,2.1,nan,3,,,,2.1,0.2,3
2022p215166,2022-03-21T14:40:46Z,-38.48,5.0,176.12,6.9,80.0,12.0,M,,,,1.9,0.3,11,1.3,nan,3,,,,1.3,0.7,3
2022p215239,2022-03-21T15:19:34Z,-45.07,5.0,167.32,6.2,103.0,7.0,MLv,,,,,,,,,,,,,3.2,0.3,6
2022p215276,2022-03-21T15:39:08Z,-41.11,2.9,175.34,3.0,16.0,6.0,M,,,,1.2,0.4,8,1.0,nan,2,,,,1.0,0.1,2
2022p215305,2022-03-21T15:54:55Z,-41.08,2.6,175.39,4.0,17.0,7.0,M,,,,1.2,0.2,10,1.2,nan,2,,,,1.2,0.0,2
2022p215330,2022-03-21T16:08:00Z,-39.54,7.2,175.67,5.9,14.0,16.0,MLv,,,,1.0,0.6,6,0.5,nan,1,,,,0.5,nan,1
2022p215375,2022-03-21T16:32:18Z,-38.06,17.1,175.85,18.0,136.0,30.0,M,,,,2.0,0.3,7,1.9,nan,2,,,,1.9,0.4,2
2022p215386,2022-03-21T16:38:03Z,-42.77,2.7,171.97,2.5,5.0,0.0,M,,,,2.1,0.3,9,1.7,nan,2,,,,1.7,0.0,2
2022p215398,2022-03-21T16:44:21Z,-40.22,2.4,174.89,3.3,12.0,0.0,MLv,,,,2.0,0.2,13,2.0,nan,3,,,,2.0,0.3,3
2022p215425,2022-03-21T16:58:28Z,-42.17,2.4,173.58,2.7,5.0,0.0,M,,,,2.1,0.2,8,2.2,nan,4,,,,2.2,0.1,4
2022p215478,2022-03-21T17:26:41Z,-40.48,2.4,176.27,2.4,15.0,5.0,MLv,,,,2.5,0.2,10,,,,,,,2.4,0.1,19
2022p215503,2022-03-21T17:40:10Z,-44.32,4.0,168.37,3.8,5.0,0.0,M,,,,2.5,0.2,8,2.1,nan,1,,,,2.1,nan,1
2022p215531,2022-03-21T17:55:00Z,-39.21,3.9,174.81,3.2,23.0,6.0,M,,,,2.0,0.3,13,2.2,nan,4,,,,2.2,0.3,4
2022p215705,2022-03-21T19:27:38Z,-40.61,3.2,174.57,2.5,5.0,0.0,M,,,,2.1,0.2,12,2.3,nan,8,,,,2.3,0.2,8
2022p215765,2022-03-21T19:58:45Z,-34.27,10.1,-178.58,11.0,12.0,0.0,mB,5.1,0.0,2,4.4,0.2,11,4.5,nan,6,4.4,0.4,1,4.5,0.2,6
2022p215808,2022-03-21T20:22:53Z,-37.47,9.6,177.14,7.3,92.0,12.0,MLv,,,,2.7,0.2,7,,,,,,,2.9,0.2,12
2022p215835,2022-03-21T20:36:53Z,-37.54,11.2,179.88,7.7,33.0,0.0,MLv,,,,2.7,0.2,10,3.2,nan,2,,,,3.2,0.2,2
2022p215991,2022-03-21T22:00:41Z,-38.66,1.7,176.87,2.5,10.0,3.0,M,,,,1.7,0.2,7,1.7,nan,7,,,,1.7,0.2,7
2022p216008,2022-03-21T22:09:31Z,-40.57,3.5,173.99,3.7,65.0,10.0,MLv,,,,3.1,0.3,13,,,,,,,3.1,0.2,33
2022p216037,2022-03-21T22:24:52Z,-38.96,5.4,175.22,6.5,143.0,10.0,M,,,,2.4,0.3,13,2.5,nan,6,,,,2.5,0.3,6
2022p216048,2022-03-21T22:30:23Z,-34.82,13.1,179.12,14.8,214.0,28.0,MLv,,,,4.0,0.3,9,4.2,nan,7,,,,4.2,0.2,7
2022p216105,2022-03-21T23:01:01Z,-40.16,2.1,176.16,2.5,25.0,3.0,MLv,,,,2.9,0.2,16,,,,,,,2.9,0.2,36
2022p216117,2022-03-21T23:07:27Z,-38.79,18.0,175.16,9.4,189.0,12.0,MLv,,,,,,,,,,,,,3.0,0.3,27
2022p216176,2022-03-21T23:38:40Z,-40.72,6.5,175.1,3.9,26.0,6.0,M,,,,1.7,0.2,8,1.7,nan,6,,,,1.7,0.3,6
2022p216227,2022-03-22T00:05:47Z,-38.1,4.5,177.74,4.7,55.0,9.0,MLv,,,,1.8,0.3,8,1.6,nan,4,,,,1.6,0.3,4
2022p216313,2022-03-22T00:51:24Z,-33.93,5.1,-178.27,10.6,33.0,0.0,mB,5.4,0.1,10,4.9,0.2,18,5.0,nan,15,4.8,0.4,7,5.1,0.1,15
2022p216622,2022-03-22T03:36:40Z,-38.07,2.8,176.57,3.1,5.0,0.0,M,,,,2.1,0.3,13,2.3,nan,19,,,,2.3,0.2,19
2022p216629,2022-03-22T03:39:51Z,-43.04,3.3,171.03,2.3,5.0,0.0,M,,,,2.6,0.2,6,2.7,nan,7,,,,2.7,0.2,7
2022p216628,2022-03-22T03:39:54Z,-38.06,3.2,176.57,2.8,9.0,8.0,M,,,,1.8,0.2,13,2.0,nan,9,,,,2.0,0.3,9
2022p216675,2022-03-22T04:04:48Z,-42.03,2.4,173.69,2.4,5.0,4.0,M,,,,2.1,0.2,8,2.0,nan,4,,,,2.0,0.1,4
2022p216724,2022-03-22T04:30:47Z,-37.44,10.1,176.76,8.0,175.0,10.0,MLv,,,,2.7,0.2,10,3.0,nan,13,,,,3.0,0.5,13
2022p216749,2022-03-22T04:44:03Z,-39.15,5.4,177.47,6.2,20.0,8.0,M,,,,2.3,0.1,9,2.3,nan,6,,,,2.3,0.2,6
2022p216753,2022-03-22T04:46:05Z,-39.15,5.1,177.46,3.6,21.0,6.0,MLv,,,,2.2,0.1,10,2.2,nan,5,,,,2.2,0.1,5
2022p216789,2022-03-22T05:05:27Z,-36.85,10.1,177.1,9.4,216.0,12.0,MLv,,,,,,,,,,,,,2.7,0.3,5
2022p216855,2022-03-22T05:40:29Z,-36.71,41.4,177.92,48.3,3.0,34.0,M,,,,2.4,0.2,6,2.4,nan,2,,,,2.4,0.3,2
2022p216864,2022-03-22T05:45:23Z,-40.62,3.7,175.87,3.2,23.0,5.0,M,,,,1.5,0.2,10,1.4,nan,5,,,,1.4,0.1,5
2022p216902,2022-03-22T06:05:37Z,-38.31,5.2,179.08,6.5,33.0,0.0,MLv,,,,3.1,0.2,17,,,,,,,3.1,0.2,16
2022p217047,2022-03-22T07:22:51Z,-39.57,8.6,174.26,7.2,153.0,12.0,M,,,,,,,2.5,nan,3,,,,2.5,0.3,3
2022p217126,2022-03-22T08:04:48Z,-41.14,3.0,175.15,1.9,7.0,5.0,M,,,,1.7,0.2,10,1.7,nan,8,,,,1.7,0.2,8
2022p217134,2022-03-22T08:09:09Z,-39.14,5.1,177.76,4.2,21.0,5.0,M,,,,2.3,0.2,14,2.2,nan,7,,,,2.2,0.2,7
2022p217155,2022-03-22T08:20:38Z,-38.96,4.7,175.23,7.0,92.0,12.0,M,,,,2.0,0.3,12,2.1,nan,2,,,,2.1,0.2,2
2022p217179,2022-03-22T08:33:25Z,-40.2,3.1,176.48,3.8,36.0,6.0,M,,,,2.1,0.1,13,2.1,nan,14,,,,2.1,0.2,14
2022p217185,2022-03-22T08:36:19Z,-39.78,3.9,175.16,5.3,56.0,9.0,M,,,,1.9,0.2,14,1.9,nan,6,,,,1.9,0.2,6
2022p217196,2022-03-22T08:42:03Z,-40.01,2.6,174.85,3.4,18.0,6.0,MLv,,,,2.9,0.1,15,,,,,,,2.8,0.1,38
2022p217307,2022-03-22T09:41:31Z,-42.36,2.1,173.51,3.1,3.0,3.0,M,,,,2.4,0.1,9,2.4,nan,5,,,,2.4,0.1,5
2022p217338,2022-03-22T09:58:09Z,-41.64,2.8,174.33,3.0,5.0,0.0,M,,,,1.9,0.3,10,1.7,nan,4,,,,1.7,0.3,4
2022p217378,2022-03-22T10:19:04Z,-40.19,6.8,173.57,6.1,147.0,11.0,M,,,,,,,2.4,nan,2,,,,2.4,0.1,2
2022p217519,2022-03-22T11:33:21Z,-34.66,12.8,-179.48,21.1,33.0,0.0,mB,4.4,0.3,3,3.9,0.2,13,4.0,nan,11,3.6,0.4,2,4.0,0.1,11
2022p217522,2022-03-22T11:36:07Z,-41.34,6.1,173.53,4.3,50.0,10.0,M,,,,2.0,0.3,7,2.1,nan,3,,,,2.1,0.1,3
2022p217525,2022-03-22T11:37:40Z,-42.47,4.1,172.96,3.8,34.0,6.0,M,,,,2.4,0.2,7,2.5,nan,2,,,,2.5,0.1,2
2022p217591,2022-03-22T12:12:35Z,-38.16,14.6,175.74,16.6,142.0,21.0,M,,,,,,,2.6,nan,7,,,,2.6,0.3,7
2022p217642,2022-03-22T12:39:40Z,-40.55,4.3,176.43,5.2,14.0,7.0,MLv,,,,1.6,0.2,8,1.7,nan,5,,,,1.7,0.3,5
2022p217655,2022-03-22T12:46:47Z,-39.53,19.1,175.26,11.6,63.0,18.0,M,,,,1.8,0.3,13,1.7,nan,5,,,,1.7,0.3,5
2022p217664,2022-03-22T12:51:28Z,-40.56,4.0,176.42,4.9,13.0,6.0,M,,,,1.8,0.2,11,1.8,nan,6,,,,1.8,0.2,6
2022p217696,2022-03-22T13:08:45Z,-38.13,2.2,176.26,2.6,5.0,0.0,M,,,,2.2,0.3,18,2.2,nan,18,,,,2.2,0.2,18
2022p217712,2022-03-22T13:17:18Z,-40.08,3.6,175.72,3.9,34.0,7.0,M,,,,2.0,0.2,16,2.1,nan,13,,,,2.1,0.2,13
2022p217754,2022-03-22T13:39:30Z,-43.55,2.2,172.76,3.3,5.0,0.0,M,,,,2.4,0.3,6,2.4,nan,6,,,,2.4,0.3,6
2022p217789,2022-03-22T13:58:21Z,-41.39,5.9,175.06,3.7,19.0,10.0,M,,,,1.0,0.2,7,0.7,nan,1,,,,0.7,nan,1
2022p217807,2022-03-22T14:07:46Z,-39.9,4.4,176.67,4.2,29.0,8.0,M,,,,1.3,0.3,8,1.1,nan,2,,,,1.1,0.3,2
2022p217823,2022-03-22T14:16:31Z,-40.69,3.0,175.4,2.9,21.0,4.0,M,,,,1.8,0.2,12,1.8,nan,6,,,,1.8,0.3,6
2022p217891,2022-03-22T14:53:07Z,-38.07,2.6,176.57,2.6,5.0,0.0,M,,,,2.4,0.3,15,2.4,nan,21,,,,2.4,0.2,21
2022p217921,2022-03-22T15:08:39Z,-40.35,3.2,176.02,4.7,40.0,8.0,M,,,,1.3,0.2,11,1.3,nan,2,,,,1.3,0.3,2
2022p217975,2022-03-22T15:37:25Z,-40.29,3.1,176.39,3.6,42.0,6.0,M,,,,2.6,0.2,12,2.6,nan,26,,,,2.6,0.2,26
2022p217990,2022-03-22T15:45:36Z,-37.05,22.8,176.83,23.4,224.0,18.0,M,,,,,,,2.6,nan,3,,,,2.6,0.2,3
2022p218027,2022-03-22T16:05:12Z,-39.85,3.0,176.38,5.5,20.0,8.0,M,,,,1.4,0.4,6,0.7,nan,3,,,,0.7,0.2,3
2022p218071,2022-03-22T16:27:49Z,-34.33,7.6,179.58,11.0,100.0,0.0,MLv,4.9,0.2,25,4.2,0.2,14,,,,4.2,0.4,0,4.6,0.1,32
2022p218076,2022-03-22T16:31:25Z,-38.37,4.5,176.16,3.3,3.0,5.0,MLv,,,,1.4,0.2,7,1.4,nan,6,,,,1.4,0.2,6
2022p218085,2022-03-22T16:36:00Z,-38.37,4.4,176.15,3.3,4.0,5.0,M,,,,1.5,0.2,7,1.5,nan,6,,,,1.5,0.2,6
2022p218108,2022-03-22T16:48:21Z,-37.79,5.4,177.51,4.4,25.0,7.0,MLv,,,,2.1,0.2,10,2.1,nan,5,,,,2.1,0.2,5
2022p218117,2022-03-22T16:52:25Z,-34.26,9.9,-178.38,14.1,33.0,0.0,mB,4.9,0.1,6,4.4,0.2,19,4.3,nan,10,4.1,0.4,6,4.4,0.1,10
2022p218139,2022-03-22T17:04:28Z,-40.64,2.9,175.84,3.0,21.0,5.0,M,,,,1.5,0.4,12,1.5,nan,4,,,,1.5,0.4,4
2022p218168,2022-03-22T17:20:12Z,-37.25,13.6,176.23,14.7,210.0,16.0,MLv,,,,2.4,0.2,9,2.1,nan,4,,,,2.1,0.5,4
2022p218211,2022-03-22T17:42:07Z,-33.84,16.8,179.95,41.9,100.0,0.0,MLv,4.3,0.1,2,3.9,0.1,7,4.0,nan,2,3.4,0.4,2,4.0,0.1,2
2022p218282,2022-03-22T18:20:57Z,-39.37,9.3,175.15,4.1,17.0,9.0,M,,,,1.4,0.4,8,1.5,nan,2,,,,1.5,0.5,2
2022p218474,2022-03-22T20:03:12Z,-39.22,3.6,175.45,3.7,5.0,6.0,MLv,,,,1.1,0.1,13,1.1,nan,4,,,,1.1,0.3,4
2022p218501,2022-03-22T20:17:32Z,-39.88,2.2,176.59,2.7,22.0,5.0,MLv,,,,2.7,0.2,16,,,,,,,2.8,0.2,27
2022p218534,2022-03-22T20:35:02Z,-42.99,5.5,173.2,10.0,26.0,11.0,MLv,,,,2.3,0.1,7,2.2,nan,2,,,,2.2,0.7,2
2022p218585,2022-03-22T21:02:18Z,-40.59,4.5,175.76,3.3,21.0,6.0,M,,,,1.7,0.3,7,1.7,nan,5,,,,1.7,0.3,5
2022p218596,2022-03-22T21:08:18Z,-39.88,2.4,176.59,2.9,21.0,6.0,MLv,,,,1.8,0.2,13,1.8,nan,8,,,,1.8,0.4,8
2022p218742,2022-03-22T22:26:08Z,-38.17,4.4,177.01,3.2,45.0,7.0,MLv,,,,3.0,0.3,23,,,,,,,2.9,0.2,27
2022p218765,2022-03-22T22:38:01Z,-41.08,3.1,174.99,3.0,23.0,6.0,M,,,,1.4,0.4,8,1.0,nan,2,,,,1.0,0.1,2
2022p218828,2022-03-22T23:11:45Z,-39.47,9.5,174.37,7.4,117.0,16.0,M,,,,,,,2.1,nan,3,,,,2.1,0.2,3
2022p218832,2022-03-22T23:13:19Z,-34.18,9.3,-178.56,10.7,33.0,0.0,mB,5.0,0.2,13,4.7,0.2,19,4.6,nan,23,4.3,0.4,7,4.8,0.1,23
2022p218912,2022-03-22T23:56:35Z,-38.33,11.4,175.9,12.1,154.0,10.0,M,,,,,,,1.9,nan,3,,,,1.9,0.0,3
2022p218926,2022-03-23T00:04:06Z,-39.75,2.8,176.89,4.3,34.0,7.0,M,,,,1.8,0.2,12,1.8,nan,5,,,,1.8,0.4,5
2022p219013,2022-03-23T00:50:17Z,-40.35,4.8,174.16,7.7,62.0,13.0,M,,,,2.1,0.4,9,1.8,nan,4,,,,1.8,0.2,4
2022p219075,2022-03-23T01:23:40Z,-38.57,4.2,176.72,4.0,52.0,8.0,MLv,,,,2.6,0.2,10,2.7,nan,38,,,,2.7,0.2,38
2022p219245,2022-03-23T02:54:10Z,-38.22,3.9,178.18,4.3,12.0,8.0,MLv,,,,2.0,0.2,8,1.9,nan,3,,,,1.9,0.3,3
2022p219429,2022-03-23T04:32:13Z,-41.22,7.1,172.71,8.2,121.0,8.0,MLv,,,,,,,,,,,,,2.7,0.2,12
2022p219445,2022-03-23T04:40:03Z,-34.15,8.2,-178.62,10.2,33.0,0.0,mB,4.9,0.2,10,4.2,0.1,12,,,,4.3,0.4,3,4.5,0.2,13
2022p219551,2022-03-23T05:36:46Z,-40.39,4.1,174.55,5.3,67.0,10.0,MLv,,,,3.8,0.1,16,,,,,,,3.7,0.2,66
2022p219680,2022-03-23T06:45:58Z,-41.71,2.3,174.13,2.9,11.0,4.0,MLv,,,,2.0,0.2,7,2.2,nan,11,,,,2.2,0.2,11
2022p219682,2022-03-23T06:46:48Z,-45.11,3.5,167.4,4.6,72.0,6.0,MLv,,,,3.7,0.2,11,3.9,nan,14,,,,3.9,0.2,14
2022p219698,2022-03-23T06:55:33Z,-41.53,4.8,174.54,3.0,5.0,0.0,MLv,,,,1.5,0.3,10,1.1,nan,1,,,,1.1,nan,1
2022p219860,2022-03-23T08:21:53Z,-40.4,12.5,173.23,9.0,148.0,10.0,MLv,,,,,,,2.1,nan,3,,,,2.1,0.2,3
2022p219901,2022-03-23T08:43:26Z,-41.71,4.0,174.33,3.5,13.0,7.0,MLv,,,,1.6,0.3,8,1.1,nan,5,,,,1.1,0.3,5
2022p219980,2022-03-23T09:25:18Z,-38.17,8.3,176.11,7.3,141.0,12.0,M,,,,2.1,0.2,7,2.5,nan,8,,,,2.5,0.4,8
2022p219993,2022-03-23T09:32:25Z,-40.48,3.0,174.55,3.2,55.0,8.0,M,,,,2.5,0.2,18,2.5,nan,19,,,,2.5,0.2,19
2022p220073,2022-03-23T10:15:02Z,-42.89,2.1,172.61,2.2,5.0,2.0,MLv,,,,2.8,0.2,9,,,,,,,2.9,0.2,16
2022p220116,2022-03-23T10:38:16Z,-40.37,2.9,174.48,3.5,32.0,8.0,M,,,,2.5,0.1,19,2.5,nan,12,,,,2.5,0.2,12
2022p220140,2022-03-23T10:51:05Z,-45.05,4.1,167.03,5.5,12.0,0.0,MLv,,,,2.7,0.2,7,2.7,nan,2,,,,2.7,0.2,2
2022p220215,2022-03-23T11:30:31Z,-36.62,11.0,177.68,9.9,151.0,16.0,M,,,,2.9,0.3,8,2.9,nan,5,,,,2.9,0.3,5
2022p220227,2022-03-23T11:36:59Z,-40.22,3.6,176.06,3.9,22.0,8.0,M,,,,1.7,0.2,9,1.7,nan,6,,,,1.7,0.3,6
2022p220264,2022-03-23T11:56:42Z,-39.88,2.5,176.6,2.9,25.0,5.0,M,,,,2.0,0.2,11,2.1,nan,14,,,,2.1,0.2,14
2022p220282,2022-03-23T12:06:47Z,-39.25,2.1,175.42,2.7,7.0,5.0,M,,,,1.2,0.1,13,1.4,nan,13,,,,1.4,0.3,13
2022p220296,2022-03-23T12:13:47Z,-37.28,4.3,177.35,3.3,12.0,0.0,MLv,,,,2.9,0.2,19,,,,,,,2.9,0.2,32
2022p220355,2022-03-23T12:45:23Z,-37.96,2.9,176.77,2.2,5.0,0.0,MLv,,,,2.9,0.3,20,,,,,,,2.8,0.2,31
2022p220360,2022-03-23T12:47:55Z,-37.95,3.2,176.78,1.9,5.0,0.0,M,,,,2.0,0.2,12,2.0,nan,6,,,,2.0,0.2,6
2022p220390,2022-03-23T13:03:21Z,-34.15,9.2,-178.29,17.6,33.0,0.0,mB,4.7,0.2,10,4.2,0.1,12,4.3,nan,10,3.9,0.4,3,4.3,0.2,10
2022p220464,2022-03-23T13:43:48Z,-37.28,24.5,176.66,18.7,195.0,21.0,M,,,,,,,2.1,nan,4,,,,2.1,0.2,4
2022p220510,2022-03-23T14:08:13Z,-40.97,8.8,173.26,5.0,102.0,7.0,M,,,,,,,1.8,nan,1,,,,1.8,nan,1
2022p220565,2022-03-23T14:37:23Z,-40.0,4.5,175.02,4.5,85.0,8.0,M,,,,2.2,0.2,12,2.4,nan,23,,,,2.4,0.2,23
2022p220721,2022-03-23T16:00:14Z,-33.81,4.9,-178.98,9.7,33.0,0.0,mB,5.2,0.2,34,4.9,0.3,18,,,,4.6,0.4,5,5.0,0.1,46
2022p220743,2022-03-23T16:12:21Z,-40.63,2.6,176.11,2.6,17.0,5.0,M,,,,1.8,0.2,10,1.7,nan,6,,,,1.7,0.2,6
2022p220757,2022-03-23T16:19:44Z,-41.54,4.3,173.41,3.6,42.0,8.0,M,,,,1.8,0.2,8,1.9,nan,4,,,,1.9,0.3,4
2022p220791,2022-03-23T16:37:28Z,-40.61,3.3,174.56,2.7,12.0,0.0,M,,,,2.2,0.2,15,2.2,nan,9,,,,2.2,0.1,9
2022p220861,2022-03-23T17:15:14Z,-37.34,6.7,-179.96,6.9,33.0,0.0,MLv,,,,3.6,0.2,20,,,,,,,3.6,0.3,16
2022p220931,2022-03-23T17:52:26Z,-44.36,4.8,167.94,5.0,5.0,0.0,ML,,,,1.9,0.5,3,1.9,nan,3,,,,1.9,0.2,3
2022p220967,2022-03-23T18:11:30Z,-39.9,2.2,176.83,3.4,15.0,3.0,MLv,,,,2.9,0.2,16,,,,,,,2.9,0.2,33
2022p220980,2022-03-23T18:18:40Z,-39.9,2.7,176.83,4.3,15.0,6.0,MLv,,,,2.1,0.3,13,,,,,,,2.0,0.1,6
2022p221121,2022-03-23T19:33:34Z,-36.97,5.2,179.24,10.0,12.0,0.0,MLv,,,,3.2,0.2,17,3.2,nan,8,,,,3.2,0.1,8
2022p221179,2022-03-23T20:03:20Z,-33.84,24.6,-179.04,38.0,33.0,0.0,mB,4.8,nan,1,4.2,0.2,10,4.1,nan,3,4.1,0.4,1,4.1,0.2,3
2022p221232,2022-03-23T20:32:53Z,-36.12,22.4,179.55,17.4,143.0,39.0,MLv,,,,3.4,0.2,10,3.3,nan,4,,,,3.3,0.2,4
2022p221335,2022-03-23T21:27:46Z,-37.32,8.4,176.96,7.3,139.0,11.0,MLv,,,,2.4,0.2,10,2.1,nan,2,,,,2.1,0.0,2
2022p221363,2022-03-23T21:42:34Z,-38.69,3.4,177.09,3.7,32.0,6.0,M,,,,2.2,0.2,15,2.2,nan,10,,,,2.2,0.2,10
2022p221387,2022-03-23T21:55:03Z,-39.91,3.4,177.0,6.5,12.0,7.0,M,,,,2.3,0.2,11,2.2,nan,7,,,,2.2,0.2,7
2022p221433,2022-03-23T22:19:36Z,-40.34,5.9,173.38,4.6,143.0,8.0,M,,,,,,,2.6,nan,8,,,,2.6,0.2,8
2022p221590,2022-03-23T23:43:12Z,-38.31,3.1,177.89,3.9,23.0,7.0,MLv,,,,2.5,0.2,8,,,,,,,2.5,0.2,6
2022p221637,2022-03-24T00:08:53Z,-40.06,3.2,176.34,4.0,25.0,6.0,M,,,,1.6,0.3,9,1.7,nan,8,,,,1.7,0.5,8
2022p221686,2022-03-24T00:34:38Z,-41.68,3.3,174.05,3.5,26.0,4.0,M,,,,1.9,0.3,10,2.0,nan,3,,,,2.0,0.8,3
2022p221688,2022-03-24T00:35:31Z,-40.47,5.3,173.9,4.9,76.0,11.0,M,,,,2.2,0.3,11,2.1,nan,3,,,,2.1,0.2,3
2022p221693,2022-03-24T00:38:02Z,-38.25,12.4,175.76,16.4,164.0,18.0,M,,,,2.3,0.3,6,2.6,nan,6,,,,2.6,0.5,6
2022p221709,2022-03-24T00:46:22Z,-35.5,18.5,178.87,17.7,208.0,24.0,MLv,,,,4.0,0.2,19,,,,,,,4.1,0.2,18
2022p221708,2022-03-24T00:47:10Z,-41.24,5.9,172.64,6.3,136.0,8.0,M,,,,,,,2.5,nan,8,,,,2.5,0.4,8
2022p221823,2022-03-24T01:47:48Z,-43.42,2.0,172.61,3.0,6.0,5.0,M,,,,2.2,0.2,8,2.4,nan,5,,,,2.4,0.3,5
2022p221874,2022-03-24T02:14:32Z,-45.05,8.3,167.39,9.2,96.0,10.0,MLv,,,,,,,2.3,nan,4,,,,2.3,0.1,4
2022p221877,2022-03-24T02:16:58Z,-39.51,6.8,175.67,5.0,12.0,11.0,M,,,,1.4,0.3,11,1.2,nan,6,,,,1.2,0.3,6
2022p221964,2022-03-24T03:02:45Z,-40.44,15.2,174.35,5.9,57.0,16.0,MLv,,,,2.0,0.2,7,2.1,nan,6,,,,2.1,0.1,6
2022p222098,2022-03-24T04:14:02Z,-38.69,8.0,175.73,5.9,109.0,11.0,MLv,,,,2.1,nan,1,,,,,,,2.9,0.3,32
2022p222118,2022-03-24T04:23:43Z,-33.91,37.5,-178.88,47.5,33.0,0.0,MLv,4.4,nan,1,4.1,0.2,9,3.9,nan,2,3.6,0.4,1,3.9,0.1,2
2022p222148,2022-03-24T04:40:45Z,-41.23,1.9,174.88,1.8,17.0,2.0,M,,,,2.1,0.1,15,2.1,nan,9,,,,2.1,0.2,9
2022p222169,2022-03-24T04:52:11Z,-41.4,5.2,172.89,5.1,85.0,8.0,M,,,,1.7,0.2,6,1.7,nan,4,,,,1.7,0.7,4
2022p222183,2022-03-24T04:59:29Z,-38.59,2.4,177.84,2.9,17.0,5.0,MLv,,,,2.3,0.2,9,2.2,nan,6,,,,2.2,0.1,6
2022p222298,2022-03-24T06:00:28Z,-40.12,4.2,174.34,5.0,93.0,11.0,M,,,,1.9,0.1,6,1.9,nan,1,,,,1.9,nan,1
2022p222349,2022-03-24T06:27:57Z,-40.49,13.2,173.19,6.4,175.0,9.0,MLv,,,,,,,2.6,nan,1,,,,2.6,nan,1
2022p222411,2022-03-24T07:01:01Z,-40.43,4.2,174.52,4.7,57.0,10.0,MLv,,,,2.4,0.2,12,,,,,,,2.5,0.2,9
2022p222457,2022-03-24T07:25:10Z,-38.48,4.4,178.64,6.9,25.0,7.0,MLv,,,,2.7,0.2,13,2.7,nan,12,,,,2.7,0.2,12
2022p222460,2022-03-24T07:27:05Z,-40.49,7.5,175.17,5.5,24.0,10.0,MLv,,,,1.5,0.2,7,1.2,nan,1,,,,1.2,nan,1
2022p222497,2022-03-24T07:46:56Z,-39.73,8.2,173.9,8.1,187.0,9.0,MLv,,,,,,,2.6,nan,5,,,,2.6,0.1,5
2022p222581,2022-03-24T08:31:33Z,-39.89,4.1,176.58,4.3,34.0,9.0,MLv,,,,1.8,0.3,7,1.8,nan,6,,,,1.8,0.3,6
2022p222585,2022-03-24T08:33:48Z,-40.64,2.7,175.21,2.8,25.0,4.0,MLv,,,,2.0,0.2,15,2.1,nan,9,,,,2.1,0.3,9
2022p222598,2022-03-24T08:40:27Z,-38.54,4.1,178.07,5.1,25.0,8.0,M,,,,1.6,0.2,6,1.2,nan,1,,,,1.2,nan,1
2022p222608,2022-03-24T08:45:48Z,-39.48,8.0,174.82,5.7,138.0,9.0,MLv,,,,,,,,,,,,,2.7,0.2,9
2022p222655,2022-03-24T09:10:47Z,-37.41,11.6,176.89,10.3,110.0,13.0,MLv,,,,2.4,0.2,7,2.1,nan,3,,,,2.1,0.1,3
2022p222662,2022-03-24T09:14:46Z,-39.87,2.2,176.59,2.5,23.0,4.0,MLv,,,,2.5,0.2,12,,,,,,,2.5,0.2,15
2022p222771,2022-03-24T10:12:34Z,-40.35,5.8,174.01,5.2,86.0,13.0,M,,,,,,,2.5,nan,6,,,,2.5,0.2,6
2022p222790,2022-03-24T10:22:56Z,-43.2,3.0,170.91,2.6,5.0,0.0,M,,,,2.3,0.3,7,2.6,nan,2,,,,2.6,0.3,2
2022p222971,2022-03-24T11:59:00Z,-43.54,3.6,172.76,5.0,4.0,5.0,M,,,,1.9,0.4,6,1.7,nan,1,,,,1.7,nan,1
2022p223229,2022-03-24T14:16:37Z,-40.42,6.9,174.05,4.0,70.0,13.0,MLv,,,,2.5,0.3,7,2.3,nan,1,,,,2.3,nan,1
2022p223402,2022-03-24T15:48:43Z,-40.36,5.2,174.57,4.5,70.0,11.0,M,,,,2.6,0.1,13,2.5,nan,6,,,,2.5,0.1,6
2022p223416,2022-03-24T15:56:15Z,-40.23,3.5,173.7,4.4,148.0,7.0,MLv,,,,3.2,0.2,18,,,,,,,3.4,0.2,36
2022p223530,2022-03-24T16:57:19Z,-38.48,14.5,175.83,11.7,149.0,16.0,M,,,,,,,2.0,nan,1,,,,2.0,nan,1
2022p223653,2022-03-24T18:02:02Z,-33.92,4.9,-178.43,10.2,33.0,0.0,mB,5.5,0.2,32,5.1,0.2,16,,,,5.0,0.4,11,5.3,0.1,16
2022p223662,2022-03-24T18:07:37Z,-37.5,9.3,176.59,7.9,164.0,9.0,MLv,,,,2.7,0.3,8,,,,,,,2.4,0.1,2
2022p223683,2022-03-24T18:17:39Z,-33.96,7.3,-178.2,18.7,33.0,0.0,mB,5.0,0.1,4,4.5,0.1,12,4.4,nan,6,4.3,0.4,6,4.5,0.1,6
2022p223738,2022-03-24T18:47:07Z,-34.04,7.3,-178.4,17.8,33.0,0.0,mB,5.0,0.1,7,4.5,0.1,13,4.4,nan,10,4.3,0.4,6,4.5,0.1,10
2022p223780,2022-03-24T19:10:36Z,-38.04,5.8,176.18,5.9,138.0,11.0,MLv,,,,2.4,0.7,8,,,,,,,3.3,0.5,55
2022p223868,2022-03-24T19:57:03Z,-46.37,6.4,166.21,7.1,12.0,0.0,MLv,,,,3.0,0.2,7,3.1,nan,1,,,,3.1,nan,1
2022p224018,2022-03-24T21:17:06Z,-44.1,2.6,168.73,3.0,5.0,0.0,MLv,,,,2.8,0.1,6,2.6,nan,1,,,,2.6,nan,1
2022p224410,2022-03-25T00:45:42Z,-39.9,3.3,177.03,6.7,11.0,7.0,M,,,,2.4,0.2,11,2.4,nan,9,,,,2.4,0.2,9
2022p224499,2022-03-25T01:33:18Z,-39.14,4.2,177.78,4.5,42.0,6.0,MLv,,,,2.6,0.3,18,2.8,nan,13,,,,2.8,0.1,13
2022p224535,2022-03-25T01:52:36Z,-38.44,4.7,176.71,4.3,50.0,7.0,M,,,,2.1,0.5,17,2.3,nan,14,,,,2.3,0.3,14
2022p224813,2022-03-25T04:20:40Z,-40.11,3.0,175.15,4.1,25.0,5.0,M,,,,2.1,0.2,6,2.3,nan,2,,,,2.3,0.3,2
2022p224876,2022-03-25T04:54:07Z,-37.53,4.5,177.15,2.7,5.0,0.0,MLv,,,,2.5,0.2,10,2.7,nan,6,,,,2.7,0.2,6
2022p224888,2022-03-25T05:00:46Z,-37.53,4.8,177.14,2.8,3.0,4.0,MLv,,,,2.8,0.2,11,2.9,nan,8,,,,2.9,0.2,8
2022p224894,2022-03-25T05:03:49Z,-37.52,5.3,177.14,3.8,5.0,0.0,MLv,,,,2.7,0.3,10,2.7,nan,6,,,,2.7,0.2,6
2022p224896,2022-03-25T05:04:53Z,-37.49,5.3,177.13,2.7,5.0,0.0,MLv,,,,3.3,0.3,17,,,,,,,3.3,0.2,27
2022p224898,2022-03-25T05:06:05Z,-37.51,5.7,177.14,2.5,4.0,5.0,MLv,,,,3.1,0.3,12,,,,,,,3.3,0.1,7
2022p224904,2022-03-25T05:08:58Z,-37.51,4.6,177.14,2.8,3.0,4.0,MLv,,,,2.9,0.3,12,,,,,,,2.7,0.3,8
2022p224908,2022-03-25T05:11:24Z,-37.48,5.1,177.14,2.9,4.0,5.0,MLv,,,,2.8,0.3,13,,,,,,,2.9,0.3,12
2022p224911,2022-03-25T05:12:44Z,-37.51,4.1,177.16,2.8,4.0,4.0,MLv,,,,2.9,0.3,13,,,,,,,3.0,0.2,13
2022p224918,2022-03-25T05:16:37Z,-37.5,4.8,177.15,3.0,3.0,5.0,MLv,,,,2.6,0.3,10,2.6,nan,7,,,,2.6,0.2,7
2022p224926,2022-03-25T05:20:42Z,-37.5,5.4,177.16,3.4,3.0,6.0,MLv,,,,2.6,0.3,8,2.8,nan,8,,,,2.8,0.2,8
2022p225269,2022-03-25T08:22:48Z,-34.07,9.5,-178.33,17.1,33.0,0.0,mB,5.2,0.1,12,4.7,0.2,16,4.7,nan,18,4.6,0.4,7,4.8,0.1,18
2022p225308,2022-03-25T08:44:27Z,-43.81,2.6,170.88,2.4,5.0,0.0,MLv,,,,2.6,0.3,11,2.0,nan,3,,,,2.0,0.2,3
2022p225327,2022-03-25T08:54:34Z,-34.11,4.9,-178.12,9.1,33.0,0.0,mB,5.7,0.1,13,5.4,0.2,18,,,,5.3,0.4,15,5.5,0.1,25
2022p225439,2022-03-25T09:54:17Z,-41.06,3.4,174.25,2.2,32.0,4.0,MLv,,,,3.5,0.2,24,,,,,,,3.5,0.2,39
2022p225442,2022-03-25T09:55:47Z,-38.72,2.4,177.34,2.2,26.0,4.0,MLv,,,,4.8,0.2,15,,,,,,,4.4,0.2,91
2022p225448,2022-03-25T09:58:56Z,-38.73,3.1,177.34,2.5,25.0,6.0,MLv,,,,2.4,0.2,12,2.5,nan,4,,,,2.5,0.2,4
2022p225553,2022-03-25T10:54:45Z,-45.03,4.7,167.53,5.7,41.0,11.0,ML,,,,2.7,nan,1,2.7,nan,2,,,,2.7,0.0,2
2022p225625,2022-03-25T11:33:17Z,-38.73,3.9,177.33,3.3,23.0,7.0,M,,,,2.1,0.2,13,2.1,nan,3,,,,2.1,0.1,3
2022p225680,2022-03-25T12:02:28Z,-42.05,2.8,173.72,3.0,23.0,3.0,MLv,,,,2.3,0.2,8,2.0,nan,5,,,,2.0,0.2,5
2022p225694,2022-03-25T12:10:09Z,-40.35,2.9,176.32,3.3,27.0,7.0,M,,,,1.7,0.2,8,1.6,nan,4,,,,1.6,0.2,4
2022p225709,2022-03-25T12:18:08Z,-37.98,11.6,176.4,7.5,141.0,12.0,MLv,,,,,,,2.6,nan,17,,,,2.6,0.3,17
2022p225717,2022-03-25T12:22:33Z,-39.09,2.6,176.16,2.5,5.0,0.0,M,,,,1.9,0.2,11,1.8,nan,4,,,,1.8,0.2,4
2022p225737,2022-03-25T12:32:21Z,-33.81,28.2,-179.06,47.1,33.0,0.0,mB,4.8,nan,1,4.3,0.1,10,4.1,nan,3,4.0,0.4,3,4.1,0.1,3
2022p225749,2022-03-25T12:38:39Z,-34.23,12.5,-178.32,17.3,33.0,0.0,MLv,5.3,nan,1,4.3,0.1,13,4.3,nan,4,4.7,0.4,1,4.3,0.2,4
2022p225827,2022-03-25T13:21:07Z,-43.15,2.8,170.85,2.1,5.0,0.0,MLv,,,,2.3,0.4,8,1.9,nan,3,,,,1.9,0.5,3
2022p225951,2022-03-25T14:26:13Z,-34.19,11.9,-178.48,17.0,33.0,0.0,MLv,4.8,nan,1,4.3,0.1,13,4.3,nan,7,4.1,0.4,1,4.3,0.1,7
2022p226052,2022-03-25T15:20:42Z,-37.79,5.2,176.67,6.3,103.0,13.0,MLv,,,,2.4,0.2,12,2.5,nan,2,,,,2.5,0.5,2
2022p226071,2022-03-25T15:30:59Z,-38.72,2.6,177.36,3.0,28.0,7.0,MLv,,,,2.6,0.2,12,2.5,nan,17,,,,2.5,0.2,17
2022p226087,2022-03-25T15:39:28Z,-36.92,9.0,177.53,8.2,146.0,13.0,MLv,,,,2.8,0.2,8,3.1,nan,9,,,,3.1,0.4,9
2022p226097,2022-03-25T15:44:59Z,-37.52,6.3,177.17,3.3,5.0,0.0,M,,,,2.5,0.2,10,2.5,nan,7,,,,2.5,0.2,7
2022p226157,2022-03-25T16:16:42Z,-38.94,3.1,175.83,2.5,5.0,0.0,MLv,,,,1.9,0.4,13,1.9,nan,5,,,,1.9,0.3,5
2022p226483,2022-03-25T19:10:46Z,-38.73,3.3,177.34,3.7,24.0,7.0,MLv,,,,2.1,0.2,9,2.0,nan,7,,,,2.0,0.2,7
2022p226596,2022-03-25T20:10:42Z,-44.53,2.7,168.86,2.8,5.0,0.0,ML,,,,2.5,0.2,3,2.9,nan,3,,,,2.9,0.3,3
2022p226647,2022-03-25T20:37:57Z,-41.35,3.3,175.02,3.0,19.0,6.0,MLv,,,,1.5,0.3,8,1.5,nan,6,,,,1.5,0.2,6
2022p226970,2022-03-25T23:29:53Z,-38.13,4.8,176.34,5.0,135.0,8.0,MLv,,,,,,,,,,,,,3.0,0.3,28
2022p227081,2022-03-26T00:29:10Z,-39.6,7.3,174.51,4.5,128.0,10.0,M,,,,2.6,0.4,6,2.4,nan,2,,,,2.4,0.0,2
2022p227195,2022-03-26T01:29:54Z,-42.28,3.8,173.06,3.8,24.0,6.0,M,,,,2.6,0.3,11,2.4,nan,3,,,,2.4,0.3,3
2022p227241,2022-03-26T01:54:04Z,-40.31,2.8,176.54,3.4,13.0,5.0,M,,,,2.1,0.2,12,2.1,nan,7,,,,2.1,0.1,7
2022p227408,2022-03-26T03:23:27Z,-40.21,9.7,173.45,6.8,153.0,9.0,MLv,,,,2.4,0.2,7,1.8,nan,2,,,,1.8,0.1,2
2022p227443,2022-03-26T03:41:57Z,-41.76,3.4,174.31,4.6,10.0,5.0,MLv,,,,2.0,0.5,6,1.5,nan,3,,,,1.5,0.6,3
2022p227482,2022-03-26T04:01:53Z,-33.86,23.9,-178.79,37.7,33.0,0.0,mB,4.7,0.1,3,4.4,0.1,8,4.1,nan,7,3.9,0.4,1,4.1,0.2,7
2022p227532,2022-03-26T04:29:31Z,-45.15,4.4,167.44,5.7,71.0,9.0,MLv,,,,2.9,0.3,8,,,,,,,2.2,0.3,3
2022p227552,2022-03-26T04:39:55Z,-40.31,3.4,176.55,3.3,16.0,5.0,M,,,,1.8,0.4,10,1.7,nan,6,,,,1.7,0.6,6
2022p227805,2022-03-26T06:54:43Z,-37.35,8.3,177.13,8.7,116.0,14.0,MLv,,,,2.4,0.2,8,2.3,nan,2,,,,2.3,0.2,2
2022p227808,2022-03-26T06:56:36Z,-40.6,4.1,174.22,3.0,42.0,9.0,MLv,,,,3.0,0.2,19,,,,,,,3.1,0.3,37
2022p227829,2022-03-26T07:07:30Z,-40.7,3.8,175.4,3.1,21.0,4.0,MLv,,,,2.1,0.2,16,2.1,nan,9,,,,2.1,0.2,9
2022p227831,2022-03-26T07:08:36Z,-38.53,6.4,175.88,6.7,148.0,10.0,M,,,,2.2,0.5,8,1.8,nan,2,,,,1.8,0.0,2
2022p228151,2022-03-26T09:59:03Z,-37.58,14.4,176.31,16.6,185.0,13.0,MLv,,,,2.5,0.2,6,2.6,nan,6,,,,2.6,0.4,6
2022p228179,2022-03-26T10:14:16Z,-41.2,3.9,174.36,1.7,27.0,3.0,MLv,,,,3.8,0.2,12,,,,,,,3.7,0.2,48
2022p228413,2022-03-26T12:18:52Z,-42.04,2.6,173.7,3.4,22.0,5.0,MLv,,,,2.1,0.3,7,2.0,nan,3,,,,2.0,0.2,3
2022p228536,2022-03-26T13:24:34Z,-38.83,4.9,175.74,6.7,121.0,8.0,M,,,,2.6,0.3,6,2.2,nan,2,,,,2.2,0.9,2
2022p228587,2022-03-26T13:51:17Z,-39.6,2.5,176.35,3.7,28.0,5.0,MLv,,,,1.9,0.4,11,1.5,nan,3,,,,1.5,0.1,3
2022p228646,2022-03-26T14:22:57Z,-40.95,3.4,174.8,3.5,28.0,6.0,MLv,,,,1.8,0.5,6,1.8,nan,5,,,,1.8,0.5,5
2022p228647,2022-03-26T14:23:41Z,-40.47,5.4,174.3,3.7,46.0,11.0,M,,,,2.3,0.2,12,2.1,nan,5,,,,2.1,0.1,5
2022p228727,2022-03-26T15:05:46Z,-44.39,4.8,168.24,4.5,5.0,0.0,MLv,,,,2.9,0.2,9,2.3,nan,2,,,,2.3,0.1,2
2022p228820,2022-03-26T15:55:45Z,-38.64,2.7,176.11,2.9,8.0,5.0,M,,,,1.9,0.3,12,1.9,nan,7,,,,1.9,0.2,7
2022p228874,2022-03-26T16:24:27Z,-45.16,6.4,167.33,7.0,103.0,8.0,MLv,,,,,,,,,,,,,2.9,0.5,2
2022p228887,2022-03-26T16:31:01Z,-40.58,2.7,175.75,3.1,23.0,5.0,M,,,,1.5,0.3,9,1.3,nan,3,,,,1.3,0.1,3
2022p228955,2022-03-26T17:03:46Z,-32.73,20.2,-179.61,46.2,300.0,0.0,MLv,,,,,,,4.3,nan,2,,,,4.3,0.3,2
2022p229002,2022-03-26T17:32:06Z,-34.08,28.1,179.59,33.7,237.0,44.0,MLv,,,,4.0,0.2,12,4.0,nan,5,,,,4.0,0.2,5
2022p229140,2022-03-26T18:46:12Z,-40.95,3.4,174.8,2.9,24.0,4.0,M,,,,2.0,0.2,15,2.1,nan,7,,,,2.1,0.2,7
2022p229437,2022-03-26T21:24:09Z,-38.5,3.3,175.91,2.7,4.0,4.0,M,,,,1.8,0.2,11,1.9,nan,7,,,,1.9,0.2,7
2022p229452,2022-03-26T21:32:15Z,-43.22,2.8,170.78,2.8,5.0,0.0,M,,,,2.6,0.3,9,2.5,nan,3,,,,2.5,0.1,3
2022p229473,2022-03-26T21:43:13Z,-43.21,3.1,170.78,3.9,5.0,0.0,M,,,,2.3,0.4,6,1.7,nan,1,,,,1.7,nan,1
2022p229580,2022-03-26T22:40:36Z,-41.35,2.3,174.97,2.0,10.0,4.0,M,,,,2.2,0.2,12,2.3,nan,12,,,,2.3,0.1,12
2022p230087,2022-03-27T03:10:30Z,-41.65,3.2,174.2,4.2,17.0,6.0,M,,,,1.9,0.3,7,1.7,nan,2,,,,1.7,0.1,2
2022p230102,2022-03-27T03:18:40Z,-38.66,3.5,176.73,4.9,35.0,5.0,M,,,,2.5,0.3,12,2.3,nan,19,,,,2.3,0.2,19
2022p230133,2022-03-27T03:34:59Z,-38.12,5.2,175.91,5.9,169.0,8.0,MLv,,,,2.1,0.8,2,,,,,,,3.2,0.3,31
2022p230146,2022-03-27T03:41:49Z,-39.49,6.3,174.36,6.6,185.0,9.0,MLv,,,,,,,2.5,nan,5,,,,2.5,0.3,5
2022p230418,2022-03-27T06:07:10Z,-42.94,4.2,171.21,2.7,2.0,3.0,M,,,,2.4,0.3,7,1.8,nan,1,,,,1.8,nan,1
2022p230447,2022-03-27T06:22:38Z,-39.13,3.2,177.81,2.9,23.0,3.0,MLv,,,,2.6,0.3,19,,,,,,,2.7,0.2,14
2022p230497,2022-03-27T06:49:44Z,-38.4,4.8,175.81,5.5,143.0,9.0,M,,,,2.0,0.2,7,2.3,nan,12,,,,2.3,0.4,12
2022p230566,2022-03-27T07:26:01Z,-40.59,3.2,175.87,3.2,23.0,6.0,M,,,,1.5,0.3,9,1.5,nan,7,,,,1.5,0.3,7
2022p230590,2022-03-27T07:38:50Z,-37.96,5.6,177.59,4.8,36.0,8.0,M,,,,1.9,0.3,9,1.9,nan,3,,,,1.9,0.3,3
2022p230610,2022-03-27T07:49:18Z,-37.33,7.8,176.73,5.7,168.0,10.0,MLv,,,,2.4,0.3,6,,,,,,,3.3,0.4,40
2022p230618,2022-03-27T07:53:19Z,-38.18,3.5,178.18,3.9,14.0,7.0,M,,,,2.1,0.3,8,2.1,nan,5,,,,2.1,0.3,5
2022p230710,2022-03-27T08:42:35Z,-40.38,3.6,174.15,4.8,63.0,12.0,MLv,,,,2.1,0.4,11,1.8,nan,5,,,,1.8,0.5,5
2022p230780,2022-03-27T09:19:53Z,-40.57,3.4,175.87,3.3,22.0,6.0,M,,,,1.6,0.3,9,1.3,nan,4,,,,1.3,0.2,4
2022p230816,2022-03-27T09:39:06Z,-38.48,3.2,176.2,2.8,6.0,7.0,M,,,,1.5,0.2,7,1.5,nan,6,,,,1.5,0.2,6
2022p230822,2022-03-27T09:42:13Z,-38.47,3.0,176.22,2.6,7.0,7.0,M,,,,1.8,0.3,7,1.8,nan,6,,,,1.8,0.2,6
2022p230839,2022-03-27T09:51:26Z,-38.47,2.8,176.22,2.4,5.0,0.0,MLv,,,,1.8,0.2,7,1.8,nan,6,,,,1.8,0.3,6
2022p230859,2022-03-27T10:01:53Z,-39.39,5.8,175.05,3.4,18.0,11.0,M,,,,2.1,0.1,9,2.2,nan,10,,,,2.2,0.3,10
2022p230868,2022-03-27T10:06:52Z,-38.48,5.3,176.19,3.2,2.0,4.0,M,,,,1.6,0.3,6,1.4,nan,4,,,,1.4,0.2,4
2022p230870,2022-03-27T10:07:45Z,-40.62,2.5,176.24,3.3,24.0,5.0,MLv,,,,3.6,0.2,12,,,,,,,3.3,0.2,42
2022p230969,2022-03-27T11:00:17Z,-40.5,2.9,175.98,3.0,22.0,6.0,MLv,,,,1.6,0.2,8,1.6,nan,3,,,,1.6,0.1,3
2022p230971,2022-03-27T11:01:43Z,-42.13,5.9,174.42,7.6,37.0,11.0,M,,,,2.0,0.3,9,2.1,nan,2,,,,2.1,0.0,2
2022p230975,2022-03-27T11:03:44Z,-44.08,3.0,168.82,2.8,5.0,0.0,MLv,,,,2.7,0.3,9,2.0,nan,1,,,,2.0,nan,1
2022p230979,2022-03-27T11:06:04Z,-44.9,4.9,167.76,5.5,74.0,11.0,M,,,,2.7,0.3,8,1.8,nan,1,,,,1.8,nan,1
2022p231032,2022-03-27T11:34:00Z,-37.23,8.6,177.36,5.4,53.0,14.0,MLv,,,,2.4,0.3,14,2.3,nan,3,,,,2.3,0.3,3
2022p231061,2022-03-27T11:49:06Z,-34.16,26.2,179.99,27.4,256.0,39.0,MLv,4.5,0.2,2,4.0,0.1,12,4.2,nan,3,3.6,0.4,2,4.2,0.1,3
2022p231131,2022-03-27T12:25:59Z,-33.83,27.8,179.7,31.4,296.0,42.0,MLv,4.4,nan,1,4.0,0.2,6,4.3,nan,4,3.5,0.4,1,4.3,0.2,4
2022p231331,2022-03-27T14:14:40Z,-39.22,5.1,176.1,3.7,43.0,10.0,MLv,,,,2.0,0.4,10,1.9,nan,7,,,,1.9,0.3,7
2022p231373,2022-03-27T14:35:56Z,-44.99,5.1,167.55,6.0,51.0,9.0,MLv,,,,2.8,0.3,10,1.8,nan,1,,,,1.8,nan,1
2022p231408,2022-03-27T14:54:28Z,-38.87,7.1,175.64,6.8,92.0,12.0,M,,,,2.1,0.3,9,1.8,nan,2,,,,1.8,0.3,2
2022p231430,2022-03-27T15:06:26Z,-40.6,5.0,176.4,5.4,21.0,5.0,MLv,,,,1.6,0.2,9,1.3,nan,3,,,,1.3,0.6,3
2022p231463,2022-03-27T15:23:39Z,-38.72,3.3,177.36,4.3,26.0,11.0,MLv,,,,2.1,0.3,8,2.1,nan,3,,,,2.1,0.4,3
2022p231476,2022-03-27T15:30:40Z,-42.13,2.9,173.86,3.7,23.0,3.0,M,,,,2.0,0.3,8,1.7,nan,2,,,,1.7,0.2,2
2022p231493,2022-03-27T15:40:07Z,-37.91,8.3,176.18,8.8,173.0,11.0,MLv,,,,2.2,0.2,8,,,,,,,2.0,0.2,5
2022p231579,2022-03-27T16:25:36Z,-42.22,2.0,173.57,2.5,5.0,2.0,M,,,,2.2,0.3,12,2.0,nan,3,,,,2.0,0.2,3
2022p231605,2022-03-27T16:39:27Z,-41.25,2.6,175.12,2.4,19.0,6.0,M,,,,1.4,0.2,9,1.1,nan,4,,,,1.1,0.1,4
2022p231672,2022-03-27T17:15:12Z,-38.14,9.3,176.02,8.1,140.0,14.0,MLv,,,,,,,,,,,,,2.1,nan,1
2022p231697,2022-03-27T17:28:29Z,-38.35,3.9,178.0,4.1,18.0,8.0,M,,,,1.9,0.2,8,1.7,nan,3,,,,1.7,0.4,3
2022p231792,2022-03-27T18:18:39Z,-34.19,35.1,-179.89,26.3,311.0,44.0,MLv,,,,3.9,0.2,9,3.9,nan,1,,,,3.9,nan,1
2022p231807,2022-03-27T18:27:09Z,-39.39,4.2,176.57,4.0,31.0,7.0,M,,,,1.4,0.2,8,1.2,nan,3,,,,1.2,0.4,3
2022p231920,2022-03-27T19:27:11Z,-39.97,3.1,176.78,2.9,22.0,5.0,MLv,,,,2.4,0.2,10,,,,,,,2.3,0.2,12
2022p232071,2022-03-27T20:47:28Z,-39.28,3.8,174.88,3.3,20.0,7.0,MLv,,,,2.7,0.3,11,,,,,,,2.8,0.2,23
2022p232196,2022-03-27T21:54:16Z,-40.35,2.9,175.82,3.1,25.0,5.0,M,,,,2.2,0.2,14,2.2,nan,15,,,,2.2,0.2,15
2022p232274,2022-03-27T22:35:42Z,-37.61,9.0,176.45,8.3,127.0,13.0,M,,,,2.4,0.2,8,2.5,nan,2,,,,2.5,0.5,2
2022p232400,2022-03-27T23:42:55Z,-42.72,2.2,172.79,2.3,8.0,4.0,MLv,,,,3.1,0.3,7,,,,,,,3.1,0.1,18
2022p232446,2022-03-28T00:07:44Z,-39.94,2.9,175.66,3.8,41.0,8.0,MLv,,,,3.0,0.2,12,,,,,,,3.1,0.2,47
2022p232497,2022-03-28T00:34:33Z,-41.55,3.5,174.49,3.3,12.0,0.0,M,,,,1.8,0.2,13,1.9,nan,3,,,,1.9,0.2,3
2022p232638,2022-03-28T01:49:40Z,-40.09,3.8,176.76,4.2,26.0,5.0,M,,,,2.3,0.2,11,2.3,nan,8,,,,2.3,0.1,8
2022p232718,2022-03-28T02:32:14Z,-37.85,4.3,178.35,3.7,16.0,6.0,M,,,,1.9,0.2,8,1.8,nan,4,,,,1.8,0.2,4
2022p232750,2022-03-28T02:49:18Z,-40.47,3.3,176.1,5.3,27.0,7.0,MLv,,,,1.6,0.2,8,,,,,,,1.7,0.3,7
2022p232798,2022-03-28T03:15:14Z,-37.85,3.2,178.35,3.5,15.0,4.0,MLv,,,,2.8,0.2,13,2.7,nan,10,,,,2.7,0.2,10
2022p232947,2022-03-28T04:34:26Z,-37.85,9.6,176.55,11.2,125.0,13.0,M,,,,2.2,0.4,6,2.2,nan,2,,,,2.2,0.0,2
2022p232990,2022-03-28T04:57:38Z,-38.99,4.5,175.11,4.0,132.0,6.0,MLv,,,,1.2,nan,1,,,,,,,2.7,0.5,17
2022p232999,2022-03-28T05:02:09Z,-39.98,3.8,174.47,4.3,82.0,10.0,M,,,,2.5,0.2,7,2.4,nan,12,,,,2.4,0.1,12
2022p233010,2022-03-28T05:08:11Z,-43.43,2.7,172.1,3.5,4.0,4.0,M,,,,2.2,0.2,8,2.3,nan,5,,,,2.3,0.3,5
2022p233139,2022-03-28T06:16:47Z,-45.44,4.8,166.66,6.0,5.0,0.0,M,,,,2.6,0.2,7,2.6,nan,3,,,,2.6,0.0,3
2022p233176,2022-03-28T06:36:23Z,-42.38,2.8,173.42,3.0,5.0,0.0,M,,,,2.2,0.2,8,2.2,nan,6,,,,2.2,0.1,6
2022p233222,2022-03-28T07:01:09Z,-40.41,3.3,174.19,3.1,60.0,10.0,M,,,,2.5,0.3,13,2.6,nan,2,,,,2.6,0.2,2
2022p233265,2022-03-28T07:23:36Z,-39.28,4.1,174.89,2.1,20.0,5.0,MLv,,,,2.0,0.3,11,1.8,nan,7,,,,1.8,0.2,7
2022p233317,2022-03-28T07:51:35Z,-40.77,4.2,174.44,2.6,51.0,7.0,M,,,,2.3,0.2,20,2.3,nan,11,,,,2.3,0.2,11
2022p233395,2022-03-28T08:33:05Z,-41.32,3.5,174.64,2.1,12.0,5.0,M,,,,2.2,0.2,15,2.2,nan,12,,,,2.2,0.2,12
2022p233497,2022-03-28T09:27:22Z,-38.76,3.0,175.99,2.9,8.0,8.0,M,,,,2.3,0.3,16,2.4,nan,21,,,,2.4,0.3,21
2022p233519,2022-03-28T09:39:14Z,-40.44,3.1,175.66,3.7,18.0,6.0,MLv,,,,1.5,0.3,11,1.3,nan,4,,,,1.3,0.4,4
2022p233566,2022-03-28T10:04:06Z,-37.75,4.2,178.21,4.4,37.0,5.0,M,,,,2.5,0.2,13,2.6,nan,8,,,,2.6,0.3,8
2022p233660,2022-03-28T10:54:34Z,-40.79,2.9,175.69,2.8,23.0,5.0,M,,,,1.3,0.3,10,1.2,nan,3,,,,1.2,0.3,3
2022p233729,2022-03-28T11:30:54Z,-39.75,3.8,176.96,5.0,27.0,6.0,M,,,,1.7,0.2,10,1.7,nan,3,,,,1.7,0.6,3
2022p233780,2022-03-28T11:58:04Z,-42.25,2.0,172.69,2.3,5.0,0.0,M,,,,2.1,0.1,8,1.8,nan,1,,,,1.8,nan,1
2022p234004,2022-03-28T13:57:44Z,-37.87,4.9,178.34,4.8,12.0,9.0,M,,,,2.0,0.2,8,1.9,nan,4,,,,1.9,0.2,4
2022p234012,2022-03-28T14:01:52Z,-40.62,3.2,175.81,3.2,22.0,7.0,MLv,,,,1.0,0.3,7,0.7,nan,3,,,,0.7,0.3,3
2022p234033,2022-03-28T14:13:13Z,-40.84,4.3,174.53,2.5,12.0,0.0,MLv,,,,1.7,0.2,10,1.8,nan,3,,,,1.8,0.0,3
2022p234097,2022-03-28T14:47:20Z,-37.86,4.1,178.35,3.9,14.0,6.0,MLv,,,,1.8,0.2,8,1.3,nan,2,,,,1.3,0.1,2
2022p234106,2022-03-28T14:51:59Z,-37.87,3.3,178.36,4.0,13.0,5.0,MLv,,,,1.9,0.2,9,1.5,nan,3,,,,1.5,0.3,3
2022p234117,2022-03-28T14:57:51Z,-39.06,5.0,176.02,2.9,5.0,0.0,MLv,,,,1.3,0.2,10,1.5,nan,2,,,,1.5,0.4,2
2022p234153,2022-03-28T15:17:14Z,-40.95,2.3,175.44,2.7,19.0,4.0,M,,,,1.7,0.2,15,1.6,nan,7,,,,1.6,0.2,7
2022p234171,2022-03-28T15:26:31Z,-41.3,8.6,172.45,7.4,175.0,7.0,MLv,,,,,,,1.8,nan,3,,,,1.8,0.4,3
2022p234193,2022-03-28T15:36:46Z,-34.49,37.6,178.31,30.1,282.0,52.0,MLv,,,,,,,4.3,nan,2,,,,4.3,0.2,2
2022p234271,2022-03-28T16:19:56Z,-40.68,4.9,175.39,3.4,21.0,7.0,MLv,,,,1.2,0.2,7,1.2,nan,3,,,,1.2,0.7,3
2022p234288,2022-03-28T16:28:59Z,-40.36,3.0,174.43,4.1,65.0,10.0,MLv,,,,3.0,0.2,18,,,,,,,2.9,0.2,37
2022p234366,2022-03-28T17:10:40Z,-40.9,4.1,173.84,3.3,57.0,7.0,M,,,,2.8,0.3,13,2.8,nan,19,,,,2.8,0.2,19
2022p234383,2022-03-28T17:19:36Z,-42.98,2.5,173.28,3.5,9.0,7.0,MLv,,,,3.1,0.2,6,,,,,,,3.0,0.1,18
2022p234536,2022-03-28T18:40:35Z,-33.88,28.7,179.35,27.6,244.0,48.0,MLv,5.0,0.6,2,4.0,0.2,10,,,,4.3,0.6,2,4.5,0.3,20
2022p234594,2022-03-28T19:11:54Z,-38.61,8.7,175.91,17.6,128.0,13.0,M,,,,1.9,0.5,7,2.0,nan,1,,,,2.0,nan,1
2022p234635,2022-03-28T19:33:51Z,-38.74,3.7,176.61,4.4,41.0,8.0,MLv,,,,1.8,0.3,11,1.6,nan,3,,,,1.6,0.5,3
2022p234717,2022-03-28T20:17:23Z,-40.26,3.6,176.68,6.3,14.0,6.0,M,,,,1.9,0.2,11,1.9,nan,7,,,,1.9,0.2,7
2022p234923,2022-03-28T22:07:29Z,-40.02,3.8,176.32,4.7,46.0,9.0,MLv,,,,1.9,0.4,8,1.7,nan,6,,,,1.7,0.4,6
2022p235060,2022-03-28T23:20:04Z,-41.69,3.5,174.16,4.6,8.0,7.0,M,,,,1.5,0.4,7,1.0,nan,2,,,,1.0,0.1,2
2022p235112,2022-03-28T23:48:07Z,-37.85,4.2,178.37,5.4,13.0,7.0,M,,,,1.9,0.2,8,1.8,nan,4,,,,1.8,0.3,4
2022p235193,2022-03-29T00:31:04Z,-43.42,2.8,170.97,4.3,5.0,0.0,M,,,,1.9,0.4,7,1.8,nan,1,,,,1.8,nan,1
2022p235239,2022-03-29T00:55:51Z,-40.21,2.8,174.74,3.9,12.0,0.0,M,,,,2.2,0.2,12,2.1,nan,6,,,,2.1,0.1,6
2022p235260,2022-03-29T01:06:44Z,-42.33,4.8,171.3,5.1,5.0,0.0,M,,,,2.1,0.2,7,1.9,nan,2,,,,1.9,0.5,2
2022p235368,2022-03-29T02:04:27Z,-38.78,3.0,178.0,3.9,19.0,4.0,M,,,,2.3,0.2,16,2.3,nan,8,,,,2.3,0.2,8
2022p235387,2022-03-29T02:14:40Z,-45.0,3.1,167.36,3.9,5.0,0.0,MLv,,,,3.0,0.1,10,3.0,nan,4,,,,3.0,0.1,4
2022p235407,2022-03-29T02:25:20Z,-39.5,3.9,174.45,4.8,125.0,11.0,M,,,,1.7,0.2,7,2.3,nan,6,,,,2.3,0.3,6
2022p235415,2022-03-29T02:29:46Z,-38.79,3.4,177.98,5.2,19.0,5.0,M,,,,1.9,0.2,8,1.9,nan,4,,,,1.9,0.4,4
2022p235420,2022-03-29T02:32:01Z,-39.45,4.7,174.5,4.1,133.0,7.0,M,,,,2.3,0.3,18,2.9,nan,31,,,,2.9,0.2,31
2022p235442,2022-03-29T02:43:46Z,-37.09,12.8,179.28,12.4,12.0,0.0,MLv,,,,2.7,0.1,11,2.8,nan,7,,,,2.8,0.1,7
2022p235471,2022-03-29T02:59:28Z,-43.01,3.0,173.3,3.9,5.0,0.0,M,,,,2.2,0.1,6,2.1,nan,2,,,,2.1,0.2,2
2022p235536,2022-03-29T03:33:37Z,-41.08,3.8,173.9,2.7,34.0,5.0,M,,,,2.2,0.2,11,2.2,nan,9,,,,2.2,0.1,9
2022p235705,2022-03-29T05:03:48Z,-38.56,3.9,177.73,3.2,17.0,5.0,M,,,,1.8,0.2,11,1.6,nan,5,,,,1.6,0.2,5
2022p235793,2022-03-29T05:50:52Z,-42.87,2.9,172.43,3.1,7.0,5.0,MLv,,,,2.1,0.2,8,2.2,nan,4,,,,2.2,0.3,4
2022p235914,2022-03-29T06:55:27Z,-39.5,6.4,175.72,4.0,12.0,10.0,MLv,,,,0.9,0.3,8,,,,,,,0.9,0.5,4
2022p235935,2022-03-29T07:06:39Z,-39.97,3.1,176.73,3.5,36.0,5.0,M,,,,1.7,0.3,12,1.7,nan,7,,,,1.7,0.2,7
2022p235938,2022-03-29T07:08:12Z,-41.26,7.4,172.46,8.6,169.0,8.0,M,,,,,,,2.3,nan,5,,,,2.3,0.3,5
2022p235965,2022-03-29T07:22:12Z,-37.34,6.8,177.0,6.5,132.0,13.0,M,,,,2.1,0.1,7,2.4,nan,3,,,,2.4,0.4,3
2022p235995,2022-03-29T07:38:54Z,-40.62,2.6,175.83,3.3,21.0,6.0,M,,,,1.0,0.3,8,0.8,nan,3,,,,0.8,0.1,3
2022p236010,2022-03-29T07:46:14Z,-41.17,4.1,175.06,3.2,23.0,7.0,M,,,,1.3,0.3,8,1.2,nan,3,,,,1.2,0.2,3
2022p236032,2022-03-29T07:58:15Z,-44.52,3.0,168.82,2.7,5.0,0.0,M,,,,2.2,0.2,9,1.7,nan,2,,,,1.7,0.2,2
2022p236052,2022-03-29T08:08:32Z,-39.06,4.3,174.85,2.5,25.0,7.0,M,,,,1.9,0.3,12,1.6,nan,4,,,,1.6,0.4,4
2022p236071,2022-03-29T08:18:58Z,-41.09,4.2,174.13,3.4,31.0,5.0,MLv,,,,1.8,0.3,13,1.8,nan,5,,,,1.8,0.4,5
2022p236103,2022-03-29T08:35:52Z,-37.92,3.8,178.01,4.2,28.0,6.0,M,,,,1.7,0.1,10,1.6,nan,4,,,,1.6,0.2,4
2022p236164,2022-03-29T09:08:28Z,-38.14,7.0,176.06,8.4,153.0,9.0,M,,,,2.1,0.3,6,1.6,nan,3,,,,1.6,0.0,3
2022p236165,2022-03-29T09:08:44Z,-36.67,9.9,-179.16,6.7,33.0,0.0,MLv,,,,4.1,0.3,17,4.2,nan,12,,,,4.2,0.2,12
2022p236202,2022-03-29T09:28:28Z,-46.84,7.5,166.31,7.2,33.0,0.0,MLv,,,,3.1,0.2,7,3.2,nan,2,,,,3.2,0.2,2
2022p236238,2022-03-29T09:48:06Z,-45.27,6.4,167.28,7.7,101.0,8.0,MLv,,,,,,,1.6,nan,2,,,,1.6,0.3,2
2022p236313,2022-03-29T10:27:42Z,-39.85,3.0,177.02,4.8,17.0,4.0,M,,,,2.5,0.2,11,2.5,nan,8,,,,2.5,0.2,8
2022p236387,2022-03-29T11:07:35Z,-38.04,6.8,176.24,9.1,151.0,10.0,M,,,,1.5,0.3,2,1.8,nan,2,,,,1.8,0.4,2
2022p236434,2022-03-29T11:32:11Z,-40.61,2.7,174.57,2.6,12.0,0.0,MLv,,,,2.0,0.2,12,2.0,nan,8,,,,2.0,0.2,8
2022p236490,2022-03-29T12:02:31Z,-40.84,7.1,173.55,4.5,63.0,9.0,M,,,,1.8,0.2,6,1.8,nan,2,,,,1.8,0.0,2
2022p236530,2022-03-29T12:23:33Z,-39.7,5.2,173.94,5.4,205.0,8.0,MLv,,,,2.0,0.2,6,2.5,nan,17,,,,2.5,0.2,17
2022p236551,2022-03-29T12:34:45Z,-39.23,4.3,174.72,2.5,26.0,5.0,M,,,,2.1,0.2,13,2.2,nan,12,,,,2.2,0.2,12
2022p236579,2022-03-29T12:49:36Z,-37.25,11.9,176.74,9.6,233.0,11.0,MLv,,,,2.1,0.2,7,,,,,,,2.7,0.2,8
2022p236611,2022-03-29T13:06:23Z,-39.11,3.4,177.81,3.5,22.0,4.0,MLv,,,,3.1,0.4,12,,,,,,,2.9,0.2,30
2022p236623,2022-03-29T13:12:52Z,-38.24,6.6,176.33,8.4,94.0,10.0,MLv,,,,,,,1.6,nan,5,,,,1.6,0.3,5
2022p236716,2022-03-29T14:02:49Z,-37.85,6.7,176.03,6.7,210.0,7.0,MLv,,,,,,,,,,,,,3.0,0.4,27
2022p236862,2022-03-29T15:20:25Z,-40.68,3.0,175.42,3.1,23.0,5.0,M,,,,1.4,0.2,12,1.3,nan,5,,,,1.3,0.3,5
2022p236930,2022-03-29T15:56:42Z,-39.37,8.4,174.41,6.9,125.0,8.0,M,,,,1.8,0.3,6,2.0,nan,7,,,,2.0,0.1,7
2022p236969,2022-03-29T16:17:25Z,-43.58,3.0,172.53,2.6,5.0,0.0,M,,,,1.8,0.1,8,1.8,nan,7,,,,1.8,0.2,7
2022p236974,2022-03-29T16:19:47Z,-39.86,3.4,176.99,9.9,16.0,5.0,M,,,,1.5,0.3,8,1.4,nan,2,,,,1.4,0.0,2
2022p236982,2022-03-29T16:24:57Z,-37.08,6.4,177.38,6.2,131.0,11.0,MLv,,,,2.8,0.5,6,,,,,,,3.2,0.3,44
2022p236998,2022-03-29T16:32:58Z,-39.05,6.3,175.46,5.2,77.0,8.0,MLv,,,,1.5,0.6,16,,,,,,,1.4,0.3,4
2022p237048,2022-03-29T16:59:14Z,-40.2,2.9,176.37,3.2,34.0,6.0,M,,,,1.5,0.3,12,1.5,nan,6,,,,1.5,0.1,6
2022p237061,2022-03-29T17:05:56Z,-34.27,11.8,-178.13,19.1,33.0,0.0,MLv,4.7,0.1,3,4.0,0.2,11,,,,3.9,0.4,3,4.0,0.2,4
2022p237158,2022-03-29T17:58:18Z,-41.0,3.2,175.62,3.1,24.0,5.0,MLv,,,,1.3,0.2,11,1.4,nan,4,,,,1.4,0.1,4
2022p237332,2022-03-29T19:30:43Z,-38.58,2.6,175.99,2.3,5.0,0.0,M,,,,2.3,0.3,17,2.3,nan,23,,,,2.3,0.2,23
2022p237367,2022-03-29T19:49:29Z,-39.85,2.8,175.36,3.6,14.0,9.0,M,,,,1.7,0.2,12,1.8,nan,5,,,,1.8,0.2,5
2022p237428,2022-03-29T20:21:55Z,-38.55,4.2,175.97,3.5,5.0,0.0,M,,,,2.0,0.3,7,2.0,nan,8,,,,2.0,0.3,8
2022p237548,2022-03-29T21:25:45Z,-39.11,4.8,177.82,4.5,19.0,5.0,M,,,,1.9,0.3,9,1.9,nan,5,,,,1.9,0.4,5
2022p237583,2022-03-29T21:44:17Z,-38.73,3.4,177.34,3.1,26.0,6.0,MLv,,,,3.3,0.2,15,,,,,,,3.0,0.2,52
2022p237672,2022-03-29T22:31:50Z,-40.05,4.0,176.53,5.0,38.0,8.0,M,,,,1.7,0.2,12,1.8,nan,7,,,,1.8,0.2,7
2022p237743,2022-03-29T23:08:33Z,-32.69,15.7,-178.67,43.2,33.0,0.0,MLv,4.9,0.0,3,4.3,0.2,8,4.6,nan,7,4.2,0.4,3,4.6,0.1,7
2022p237792,2022-03-29T23:36:05Z,-40.1,3.3,175.48,5.0,28.0,8.0,M,,,,2.0,0.2,18,2.0,nan,11,,,,2.0,0.2,11
2022p237899,2022-03-30T00:32:37Z,-41.18,2.5,174.79,2.8,18.0,4.0,M,,,,1.2,0.2,10,1.3,nan,6,,,,1.3,0.2,6
2022p237901,2022-03-30T00:34:13Z,-41.18,6.9,172.61,9.1,110.0,8.0,M,,,,2.0,0.3,6,2.5,nan,12,,,,2.5,0.2,12
2022p237963,2022-03-30T01:06:52Z,-41.26,10.0,172.55,9.0,148.0,10.0,M,,,,,,,1.9,nan,4,,,,1.9,0.4,4
2022p238008,2022-03-30T01:31:05Z,-39.12,5.1,175.66,3.6,4.0,4.0,M,,,,1.0,0.3,6,1.0,nan,6,,,,1.0,0.3,6
2022p238016,2022-03-30T01:35:59Z,-40.49,3.2,176.02,3.6,17.0,8.0,M,,,,1.1,0.2,8,1.2,nan,5,,,,1.2,0.3,5
2022p238031,2022-03-30T01:44:37Z,-40.07,3.2,175.51,4.4,37.0,6.0,M,,,,2.2,0.2,9,2.3,nan,8,,,,2.3,0.2,8
2022p238065,2022-03-30T02:01:34Z,-37.15,36.0,176.72,35.6,228.0,29.0,M,,,,,,,2.1,nan,3,,,,2.1,0.7,3
2022p238081,2022-03-30T02:09:45Z,-41.09,7.0,173.37,4.8,66.0,8.0,M,,,,2.0,0.2,9,2.1,nan,6,,,,2.1,0.2,6
2022p238161,2022-03-30T02:52:36Z,-40.61,3.1,175.86,2.8,22.0,4.0,M,,,,1.4,0.3,12,1.5,nan,7,,,,1.5,0.2,7
2022p238190,2022-03-30T03:07:57Z,-38.81,8.9,176.0,5.6,85.0,9.0,M,,,,2.2,0.3,14,2.6,nan,32,,,,2.6,0.4,32
2022p238369,2022-03-30T04:43:01Z,-38.35,3.4,177.99,4.8,23.0,7.0,M,,,,1.8,0.2,10,1.6,nan,4,,,,1.6,0.2,4
2022p238429,2022-03-30T05:15:08Z,-37.2,6.5,179.08,8.2,12.0,0.0,MLv,,,,2.9,0.2,14,,,,,,,2.9,0.1,6
2022p238473,2022-03-30T05:38:28Z,-35.56,16.4,178.43,15.6,180.0,28.0,MLv,,,,3.1,0.2,10,3.2,nan,5,,,,3.2,0.2,5
2022p238554,2022-03-30T06:21:57Z,-37.65,8.6,179.76,7.7,33.0,0.0,MLv,,,,3.1,0.1,14,,,,,,,3.1,0.1,12
2022p238604,2022-03-30T06:48:33Z,-38.47,10.6,175.69,22.5,150.0,12.0,M,,,,,,,1.9,nan,3,,,,1.9,0.1,3
2022p238647,2022-03-30T07:11:21Z,-39.94,2.4,176.54,3.1,12.0,7.0,M,,,,1.3,0.4,12,1.2,nan,5,,,,1.2,0.3,5
2022p238678,2022-03-30T07:27:57Z,-37.84,3.8,178.36,4.2,14.0,5.0,M,,,,1.8,0.2,9,1.7,nan,5,,,,1.7,0.3,5
2022p238680,2022-03-30T07:28:52Z,-40.41,3.2,175.99,3.7,18.0,8.0,M,,,,1.0,0.3,6,0.8,nan,4,,,,0.8,0.4,4
2022p238760,2022-03-30T08:11:46Z,-43.43,2.0,172.09,2.1,5.0,3.0,M,,,,2.0,0.2,10,2.1,nan,6,,,,2.1,0.3,6
2022p238781,2022-03-30T08:22:35Z,-39.31,4.2,176.28,3.4,56.0,8.0,M,,,,1.6,0.4,14,1.4,nan,6,,,,1.4,0.4,6
2022p238813,2022-03-30T08:39:44Z,-40.17,3.3,174.79,4.2,14.0,8.0,M,,,,1.8,0.2,12,1.9,nan,7,,,,1.9,0.1,7
2022p238881,2022-03-30T09:15:48Z,-38.37,4.8,179.09,8.1,12.0,0.0,MLv,,,,2.7,0.2,15,2.8,nan,9,,,,2.8,0.3,9
2022p238929,2022-03-30T09:41:28Z,-38.64,4.2,178.98,7.7,12.0,0.0,MLv,,,,3.2,0.2,14,,,,,,,3.2,0.2,25
2022p238944,2022-03-30T09:49:47Z,-38.73,5.2,175.71,6.5,121.0,9.0,M,,,,,,,2.2,nan,14,,,,2.2,0.4,14
2022p238970,2022-03-30T10:03:35Z,-41.37,3.3,174.63,1.9,13.0,4.0,MLv,,,,2.2,0.2,13,2.1,nan,16,,,,2.1,0.1,16
2022p239016,2022-03-30T10:28:00Z,-40.26,3.0,176.58,3.3,12.0,5.0,M,,,,2.1,0.1,13,2.1,nan,15,,,,2.1,0.1,15
2022p239078,2022-03-30T11:01:10Z,-40.29,3.8,174.19,3.2,89.0,10.0,M,,,,2.0,0.2,6,1.8,nan,6,,,,1.8,0.2,6
2022p239164,2022-03-30T11:46:50Z,-40.01,3.6,174.07,5.0,93.0,10.0,MLv,,,,2.4,0.2,25,,,,,,,2.4,0.2,22
2022p239170,2022-03-30T11:51:16Z,-39.21,5.3,175.45,4.4,6.0,8.0,M,,,,0.6,0.1,6,0.6,nan,6,,,,0.6,0.3,6
2022p239238,2022-03-30T12:26:14Z,-40.27,2.4,176.62,2.8,16.0,4.0,M,,,,1.9,0.1,13,1.9,nan,13,,,,1.9,0.1,13
2022p239307,2022-03-30T13:03:18Z,-41.09,5.5,173.08,3.8,112.0,7.0,M,,,,,,,1.8,nan,7,,,,1.8,0.5,7
2022p239311,2022-03-30T13:05:23Z,-39.18,5.5,177.82,5.8,34.0,7.0,MLv,,,,1.6,0.3,10,1.4,nan,5,,,,1.4,0.4,5
2022p239317,2022-03-30T13:08:11Z,-38.57,4.6,175.73,3.7,135.0,7.0,MLv,,,,1.6,0.4,7,,,,,,,2.5,0.3,30
2022p239324,2022-03-30T13:12:04Z,-39.61,7.5,174.54,6.2,129.0,11.0,M,,,,2.0,0.1,8,2.0,nan,5,,,,2.0,0.2,5
2022p239400,2022-03-30T13:52:36Z,-39.24,4.2,175.39,4.2,15.0,7.0,M,,,,1.0,0.2,10,0.8,nan,5,,,,0.8,0.2,5
2022p239402,2022-03-30T13:53:44Z,-39.54,2.4,175.65,2.3,9.0,5.0,M,,,,1.7,0.3,13,1.9,nan,18,,,,1.9,0.1,18
2022p239447,2022-03-30T14:17:27Z,-39.86,3.1,176.7,4.0,35.0,8.0,MLv,,,,1.3,0.2,9,1.2,nan,6,,,,1.2,0.2,6
2022p239451,2022-03-30T14:19:35Z,-39.27,2.8,176.44,4.7,33.0,6.0,M,,,,1.4,0.3,12,1.4,nan,7,,,,1.4,0.3,7
2022p239483,2022-03-30T14:36:40Z,-40.97,2.4,175.9,2.9,23.0,4.0,MLv,,,,1.7,0.2,15,1.8,nan,9,,,,1.8,0.3,9
2022p239517,2022-03-30T14:55:00Z,-45.72,3.7,166.65,7.0,5.0,0.0,MLv,,,,2.9,0.1,8,,,,,,,2.9,0.3,6
2022p239579,2022-03-30T15:27:48Z,-40.35,2.6,175.8,2.5,29.0,5.0,MLv,,,,2.4,0.3,12,2.4,nan,14,,,,2.4,0.3,14
2022p239759,2022-03-30T17:03:24Z,-34.16,8.6,-178.31,10.7,33.0,0.0,MLv,4.9,0.1,5,4.3,0.2,15,4.4,nan,13,4.2,0.4,5,4.5,0.1,13
2022p239776,2022-03-30T17:13:24Z,-40.96,2.2,175.88,2.9,5.0,0.0,M,,,,1.6,0.2,13,1.6,nan,9,,,,1.6,0.2,9
2022p239780,2022-03-30T17:15:15Z,-39.68,2.8,176.85,3.9,28.0,7.0,M,,,,1.6,0.2,11,1.5,nan,6,,,,1.5,0.3,6
2022p239837,2022-03-30T17:45:15Z,-40.77,3.5,172.81,3.3,9.0,4.0,MLv,,,,3.1,0.2,10,,,,,,,3.1,0.2,29
2022p239857,2022-03-30T17:56:08Z,-39.26,4.2,174.7,2.8,26.0,6.0,MLv,,,,2.1,0.2,10,2.2,nan,5,,,,2.2,0.4,5
2022p239982,2022-03-30T19:02:51Z,-39.17,2.6,176.67,2.4,12.0,6.0,MLv,,,,2.2,0.2,11,,,,,,,2.1,0.2,18
2022p240027,2022-03-30T19:26:36Z,-42.04,2.7,173.69,3.5,22.0,4.0,M,,,,1.7,0.2,8,1.4,nan,3,,,,1.4,0.3,3
2022p240098,2022-03-30T20:04:32Z,-38.24,13.5,176.31,17.4,142.0,13.0,MLv,,,,,,,,,,,,,2.7,0.3,9
2022p240140,2022-03-30T20:26:54Z,-38.93,4.3,178.03,5.4,21.0,6.0,M,,,,2.6,0.3,11,2.6,nan,15,,,,2.6,0.2,15
2022p240156,2022-03-30T20:35:30Z,-41.12,5.3,173.49,4.2,78.0,7.0,MLv,,,,1.9,0.3,10,2.1,nan,3,,,,2.1,0.3,3
2022p240181,2022-03-30T20:49:26Z,-39.21,4.3,174.79,4.4,197.0,5.0,MLv,,,,2.2,0.1,5,,,,,,,3.1,0.3,60
2022p240255,2022-03-30T21:27:59Z,-43.55,2.3,172.78,3.4,5.0,3.0,M,,,,2.7,0.5,12,2.2,nan,5,,,,2.2,0.1,5
2022p240362,2022-03-30T22:25:09Z,-38.39,5.4,179.07,8.3,12.0,0.0,MLv,,,,2.8,0.3,9,,,,,,,3.0,0.2,6
2022p240370,2022-03-30T22:29:21Z,-39.86,3.1,176.79,3.6,33.0,8.0,MLv,,,,2.2,0.1,6,2.3,nan,8,,,,2.3,0.2,8
2022p240411,2022-03-30T22:51:47Z,-41.08,6.6,174.56,4.6,47.0,9.0,M,,,,1.3,0.3,8,1.2,nan,4,,,,1.2,0.2,4
2022p240413,2022-03-30T22:52:47Z,-37.7,8.4,176.19,7.7,265.0,10.0,MLv,,,,,,,,,,,,,3.8,0.6,100
2022p240457,2022-03-30T23:15:50Z,-39.74,3.2,176.86,4.0,30.0,8.0,MLv,,,,1.7,0.3,11,1.5,nan,6,,,,1.5,0.2,6
2022p240649,2022-03-31T00:58:22Z,-41.83,12.9,174.96,7.4,26.0,8.0,M,,,,1.3,0.2,8,1.2,nan,1,,,,1.2,nan,1
2022p240709,2022-03-31T01:29:45Z,-37.87,4.2,176.97,2.9,2.0,4.0,M,,,,1.9,0.3,7,2.0,nan,7,,,,2.0,0.3,7
2022p240742,2022-03-31T01:47:37Z,-41.77,3.2,174.25,3.8,6.0,5.0,M,,,,1.7,0.2,10,1.5,nan,5,,,,1.5,0.3,5
2022p240747,2022-03-31T01:49:15Z,-32.97,35.5,179.68,45.9,300.0,68.0,MLv,4.4,0.2,2,,,,3.9,nan,3,3.5,0.4,2,3.9,0.2,3
2022p240946,2022-03-31T03:36:25Z,-37.88,17.3,176.07,12.4,241.0,12.0,MLv,,,,,,,2.5,nan,3,,,,2.5,0.4,3
2022p240949,2022-03-31T03:37:52Z,-40.37,3.7,176.16,4.8,27.0,9.0,M,,,,1.1,0.4,5,0.8,nan,3,,,,0.8,0.5,3
2022p240990,2022-03-31T03:59:29Z,-38.06,10.0,176.08,12.3,142.0,13.0,M,,,,,,,1.9,nan,3,,,,1.9,0.3,3
2022p241039,2022-03-31T04:26:01Z,-41.72,3.6,173.26,3.4,35.0,6.0,MLv,,,,1.9,0.4,11,2.0,nan,7,,,,2.0,0.3,7
2022p241040,2022-03-31T04:26:05Z,-39.92,3.6,176.5,4.8,27.0,9.0,M,,,,1.5,0.3,10,1.4,nan,6,,,,1.4,0.3,6
2022p241147,2022-03-31T05:23:22Z,-41.71,2.6,174.24,4.0,5.0,4.0,M,,,,1.7,0.3,10,1.8,nan,7,,,,1.8,0.3,7
2022p241297,2022-03-31T06:43:05Z,-38.07,9.4,176.17,7.9,118.0,14.0,M,,,,2.2,0.2,7,2.3,nan,18,,,,2.3,0.3,18
2022p241364,2022-03-31T07:19:00Z,-38.93,4.4,177.81,5.0,28.0,5.0,M,,,,1.8,0.3,13,1.7,nan,5,,,,1.7,0.4,5
2022p241440,2022-03-31T07:59:53Z,-37.45,13.2,176.86,12.1,127.0,24.0,M,,,,2.0,0.2,7,1.6,nan,2,,,,1.6,0.1,2
2022p241488,2022-03-31T08:24:58Z,-37.42,32.2,175.94,23.8,162.0,31.0,M,,,,,,,1.9,nan,1,,,,1.9,nan,1
2022p241500,2022-03-31T08:31:12Z,-35.89,21.6,178.6,27.6,202.0,24.0,MLv,,,,3.1,0.2,11,3.2,nan,6,,,,3.2,0.1,6
2022p241519,2022-03-31T08:41:54Z,-38.5,4.5,176.84,5.4,57.0,8.0,MLv,,,,1.3,0.3,9,1.0,nan,5,,,,1.0,0.3,5
2022p241533,2022-03-31T08:49:04Z,-39.81,2.8,176.79,3.4,32.0,6.0,MLv,,,,1.4,0.3,13,1.0,nan,5,,,,1.0,0.2,5
2022p241581,2022-03-31T09:14:46Z,-37.6,6.2,178.18,4.4,25.0,5.0,M,,,,1.9,0.2,10,1.9,nan,5,,,,1.9,0.3,5
2022p241671,2022-03-31T10:02:44Z,-37.24,5.1,178.82,8.2,19.0,6.0,MLv,,,,2.8,0.2,18,2.8,nan,12,,,,2.8,0.1,12
2022p241700,2022-03-31T10:17:50Z,-42.89,3.2,171.41,6.0,3.0,4.0,M,,,,1.8,0.3,7,1.3,nan,2,,,,1.3,0.1,2
2022p241709,2022-03-31T10:22:41Z,-38.06,6.7,176.2,6.7,139.0,10.0,M,,,,1.8,0.2,6,2.1,nan,8,,,,2.1,0.2,8
2022p241716,2022-03-31T10:27:13Z,-39.71,3.2,175.71,4.3,5.0,0.0,M,,,,1.4,0.3,9,1.3,nan,5,,,,1.3,0.3,5
2022p241724,2022-03-31T10:30:58Z,-37.91,3.4,176.89,2.2,5.0,0.0,M,,,,2.0,0.2,13,2.0,nan,12,,,,2.0,0.2,12
2022p241738,2022-03-31T10:38:22Z,-37.3,10.4,177.19,8.6,70.0,15.0,M,,,,2.0,0.2,10,2.0,nan,4,,,,2.0,0.1,4
2022p241775,2022-03-31T10:58:06Z,-40.48,3.2,176.05,3.5,20.0,7.0,M,,,,1.0,0.2,8,0.8,nan,4,,,,0.8,0.2,4
2022p241802,2022-03-31T11:12:08Z,-42.23,2.3,173.54,3.4,5.0,0.0,M,,,,1.7,0.3,7,1.4,nan,3,,,,1.4,0.1,3
2022p241887,2022-03-31T11:57:32Z,-41.28,6.2,173.54,3.7,56.0,9.0,M,,,,2.0,0.2,14,1.9,nan,6,,,,1.9,0.1,6
2022p241920,2022-03-31T12:15:30Z,-38.01,8.9,176.19,11.1,133.0,12.0,M,,,,1.9,0.1,11,1.9,nan,2,,,,1.9,0.0,2
2022p241924,2022-03-31T12:17:12Z,-40.91,2.5,175.44,2.4,22.0,5.0,M,,,,1.2,0.3,11,1.2,nan,6,,,,1.2,0.2,6
2022p241938,2022-03-31T12:24:58Z,-37.82,9.7,176.12,8.7,177.0,11.0,M,,,,2.0,0.2,8,2.0,nan,6,,,,2.0,0.3,6
2022p241952,2022-03-31T12:32:11Z,-41.43,7.2,173.12,6.2,63.0,11.0,M,,,,1.7,0.4,9,1.4,nan,2,,,,1.4,0.5,2
2022p242013,2022-03-31T13:04:34Z,-39.27,3.9,175.13,3.1,17.0,8.0,M,,,,1.3,0.3,8,1.2,nan,6,,,,1.2,0.2,6
2022p242061,2022-03-31T13:30:22Z,-41.72,5.6,172.25,5.4,75.0,9.0,M,,,,1.8,0.3,9,1.2,nan,1,,,,1.2,nan,1
2022p242108,2022-03-31T13:55:18Z,-39.62,4.9,177.01,4.8,25.0,8.0,M,,,,1.3,0.2,6,1.4,nan,5,,,,1.4,0.1,5
2022p242232,2022-03-31T15:01:33Z,-37.48,11.6,179.33,7.1,12.0,0.0,M,,,,2.4,0.2,10,2.5,nan,7,,,,2.5,0.2,7
2022p242249,2022-03-31T15:10:24Z,-40.53,3.8,176.45,4.9,24.0,5.0,M,,,,1.7,0.2,11,1.8,nan,7,,,,1.8,0.2,7
2022p242608,2022-03-31T18:21:41Z,-39.24,2.9,175.35,3.9,14.0,7.0,M,,,,0.9,0.1,13,0.9,nan,6,,,,0.9,0.1,6
2022p242622,2022-03-31T18:29:31Z,-38.9,4.2,176.43,3.8,46.0,8.0,MLv,,,,1.8,0.2,15,1.8,nan,8,,,,1.8,0.2,8
2022p242805,2022-03-31T20:06:28Z,-37.75,11.6,176.81,16.4,113.0,12.0,MLv,,,,,,,1.9,nan,4,,,,1.9,0.5,4
2022p242817,2022-03-31T20:13:05Z,-37.44,14.8,179.89,10.3,12.0,0.0,MLv,,,,3.2,0.3,12,2.8,nan,6,,,,2.8,0.2,6
2022p242824,2022-03-31T20:16:35Z,-37.98,6.6,176.38,7.6,130.0,10.0,MLv,,,,2.3,0.4,6,,,,,,,2.4,0.4,5
2022p242867,2022-03-31T20:39:40Z,-41.45,5.2,172.61,5.0,77.0,7.0,M,,,,2.1,0.3,10,1.9,nan,3,,,,1.9,1.0,3
2022p242904,2022-03-31T20:59:44Z,-40.22,2.5,176.21,3.4,40.0,5.0,M,,,,2.5,0.1,15,2.6,nan,25,,,,2.6,0.2,25
2022p242966,2022-03-31T21:32:42Z,-41.77,2.8,173.9,4.9,27.0,4.0,MLv,,,,1.9,0.2,6,1.3,nan,2,,,,1.3,0.8,2
2022p243016,2022-03-31T21:59:12Z,-40.02,2.7,176.57,3.2,21.0,6.0,MLv,,,,1.2,0.3,8,1.3,nan,4,,,,1.3,0.4,4
2022p243035,2022-03-31T22:09:22Z,-40.62,3.0,175.85,3.3,21.0,5.0,MLv,,,,1.6,0.2,7,1.4,nan,7,,,,1.4,0.2,7
2022p243103,2022-03-31T22:45:38Z,-41.14,7.8,173.05,5.9,109.0,9.0,MLv,,,,,,,1.4,nan,4,,,,1.4,0.6,4
2022p243132,2022-03-31T23:01:25Z,-43.01,2.8,171.71,3.0,5.0,0.0,MLv,,,,2.0,0.2,6,1.5,nan,3,,,,1.5,0.2,3
2022p243184,2022-03-31T23:29:45Z,-38.28,7.2,176.18,7.3,135.0,11.0,MLv,,,,,,,,,,,,,2.3,0.3,11
2022p243262,2022-04-01T00:10:30Z,-43.56,2.7,172.39,2.5,3.0,3.0,MLv,,,,1.9,0.3,7,1.8,nan,2,,,,1.8,0.2,2
2022p243387,2022-04-01T01:16:40Z,-39.53,3.1,175.68,3.8,5.0,0.0,MLv,,,,1.2,0.3,9,1.2,nan,6,,,,1.2,0.3,6
2022p243421,2022-04-01T01:34:27Z,-38.31,6.7,175.98,9.8,145.0,11.0,MLv,,,,1.6,nan,1,2.2,nan,2,,,,2.2,0.0,2
2022p243636,2022-04-01T03:29:47Z,-40.37,3.2,175.79,3.3,22.0,5.0,MLv,,,,1.8,0.2,12,,,,,,,1.7,0.3,9
2022p243760,2022-04-01T04:35:24Z,-39.85,2.2,176.7,2.8,33.0,4.0,M,,,,1.8,0.1,13,1.8,nan,9,,,,1.8,0.3,9
2022p243777,2022-04-01T04:44:49Z,-39.77,6.1,175.16,5.0,64.0,10.0,M,,,,1.8,0.3,13,1.8,nan,7,,,,1.8,0.1,7
2022p243799,2022-04-01T04:56:28Z,-39.9,3.0,176.86,4.1,25.0,5.0,MLv,,,,1.6,0.3,13,1.4,nan,5,,,,1.4,0.1,5
2022p243810,2022-04-01T05:02:18Z,-42.44,3.4,173.57,3.4,13.0,5.0,M,,,,2.2,0.2,7,2.0,nan,2,,,,2.0,0.3,2
2022p243916,2022-04-01T05:58:37Z,-37.13,10.7,176.8,11.5,217.0,10.0,M,,,,,,,2.6,nan,7,,,,2.6,0.2,7
2022p244018,2022-04-01T06:53:03Z,-44.55,3.5,168.27,3.3,5.0,0.0,M,,,,2.4,0.2,9,2.1,nan,1,,,,2.1,nan,1
2022p244111,2022-04-01T07:42:40Z,-39.33,2.6,177.03,3.6,28.0,5.0,M,,,,2.0,0.1,12,2.0,nan,9,,,,2.0,0.1,9
2022p244138,2022-04-01T07:57:23Z,-39.31,6.3,175.93,4.8,46.0,10.0,M,,,,1.3,0.3,12,1.5,nan,7,,,,1.5,0.2,7
2022p244283,2022-04-01T09:14:12Z,-36.82,5.5,178.54,13.3,5.0,0.0,MLv,,,,2.7,0.2,17,,,,,,,2.7,0.1,10
2022p244376,2022-04-01T10:02:38Z,-32.75,51.6,179.15,69.4,300.0,102.0,MLv,4.2,0.2,2,3.9,0.0,2,4.1,nan,1,3.3,0.4,2,4.1,nan,1
2022p244416,2022-04-01T10:25:00Z,-41.73,3.7,174.66,2.6,20.0,4.0,M,,,,2.6,0.2,18,2.6,nan,17,,,,2.6,0.2,17
2022p244438,2022-04-01T10:36:46Z,-42.98,1.9,171.76,1.9,5.0,0.0,MLv,,,,4.5,0.2,9,,,,,,,4.8,0.2,108
2022p244444,2022-04-01T10:40:13Z,-41.72,3.6,174.66,2.5,20.0,4.0,MLv,,,,2.7,0.2,16,2.8,nan,7,,,,2.8,0.3,7
2022p244495,2022-04-01T11:07:18Z,-42.98,3.1,171.76,2.7,5.0,0.0,M,,,,1.9,0.3,6,1.1,nan,2,,,,1.1,0.1,2
2022p244506,2022-04-01T11:13:14Z,-38.95,10.8,176.02,6.4,68.0,12.0,M,,,,1.3,0.2,10,1.6,nan,3,,,,1.6,0.3,3
2022p244513,2022-04-01T11:17:03Z,-42.98,3.3,171.76,2.7,5.0,0.0,M,,,,1.9,0.4,7,1.6,nan,2,,,,1.6,0.0,2
2022p244597,2022-04-01T12:01:13Z,-35.08,30.6,179.3,32.3,223.0,41.0,MLv,,,,3.3,0.1,9,,,,,,,2.9,nan,1
2022p244605,2022-04-01T12:05:55Z,-40.44,3.8,174.03,5.0,74.0,13.0,M,,,,2.1,0.3,7,1.6,nan,3,,,,1.6,0.1,3
2022p244612,2022-04-01T12:09:33Z,-41.67,4.5,174.35,3.2,12.0,7.0,M,,,,1.7,0.3,9,1.5,nan,2,,,,1.5,0.3,2
2022p244631,2022-04-01T12:19:33Z,-38.59,11.9,175.57,5.6,103.0,14.0,M,,,,1.6,0.2,6,2.1,nan,6,,,,2.1,0.2,6
2022p244655,2022-04-01T12:32:26Z,-42.98,2.8,171.76,2.2,5.0,0.0,M,,,,2.3,0.2,12,2.1,nan,3,,,,2.1,0.1,3
2022p244665,2022-04-01T12:37:55Z,-39.88,3.9,176.6,3.7,33.0,8.0,M,,,,1.2,0.3,9,1.3,nan,4,,,,1.3,0.3,4
2022p244669,2022-04-01T12:39:48Z,-38.97,19.2,175.41,8.3,102.0,20.0,M,,,,1.2,0.4,8,0.8,nan,4,,,,0.8,0.3,4
2022p244672,2022-04-01T12:41:41Z,-41.65,2.5,174.24,3.4,8.0,4.0,M,,,,1.7,0.2,13,1.4,nan,4,,,,1.4,0.1,4
2022p244681,2022-04-01T12:46:15Z,-42.98,2.2,171.75,2.3,5.0,0.0,M,,,,2.2,0.2,12,1.9,nan,3,,,,1.9,0.1,3
2022p244704,2022-04-01T12:58:33Z,-38.05,3.1,176.76,2.5,4.0,3.0,MLv,,,,1.5,0.3,10,,,,,,,1.6,0.3,4
2022p244710,2022-04-01T13:01:50Z,-38.51,12.7,176.03,12.6,81.0,15.0,M,,,,1.6,0.3,7,1.5,nan,2,,,,1.5,0.3,2
2022p244738,2022-04-01T13:17:01Z,-42.98,3.0,171.76,2.5,5.0,0.0,M,,,,1.9,0.3,5,1.8,nan,2,,,,1.8,0.0,2
2022p244743,2022-04-01T13:19:12Z,-39.39,7.9,174.46,6.9,137.0,8.0,M,,,,1.8,0.3,8,2.6,nan,17,,,,2.6,0.3,17
2022p244760,2022-04-01T13:28:15Z,-36.29,5.6,179.71,7.8,12.0,0.0,MLv,,,,3.7,0.2,18,,,,,,,3.8,0.1,36
2022p244770,2022-04-01T13:33:44Z,-40.0,4.2,176.67,3.8,32.0,7.0,M,,,,1.2,0.3,10,1.1,nan,4,,,,1.1,0.1,4
2022p244776,2022-04-01T13:37:20Z,-42.98,2.2,171.76,2.1,5.0,0.0,M,,,,2.4,0.2,15,2.4,nan,5,,,,2.4,0.2,5
2022p244797,2022-04-01T13:48:10Z,-40.19,4.7,174.01,5.1,112.0,11.0,M,,,,,,,1.9,nan,3,,,,1.9,0.0,3
2022p244816,2022-04-01T13:58:00Z,-42.98,2.2,171.76,2.8,5.0,0.0,M,,,,2.2,0.2,13,2.0,nan,2,,,,2.0,0.0,2
2022p244901,2022-04-01T14:43:47Z,-38.04,6.0,176.77,4.4,5.0,0.0,M,,,,1.3,0.3,7,1.3,nan,2,,,,1.3,0.1,2
2022p244915,2022-04-01T14:50:42Z,-39.17,3.4,175.05,2.6,19.0,5.0,M,,,,2.1,0.1,12,1.9,nan,7,,,,1.9,0.1,7
2022p244957,2022-04-01T15:13:27Z,-40.96,3.3,175.43,2.8,19.0,6.0,M,,,,1.1,0.3,9,0.8,nan,2,,,,0.8,0.2,2
2022p244970,2022-04-01T15:20:29Z,-38.26,10.8,176.18,9.7,128.0,13.0,M,,,,1.8,0.3,6,2.5,nan,9,,,,2.5,0.5,9
2022p244973,2022-04-01T15:21:48Z,-42.15,2.6,173.66,2.6,5.0,0.0,M,,,,2.2,0.3,6,1.8,nan,5,,,,1.8,0.3,5
2022p244982,2022-04-01T15:26:28Z,-37.6,13.7,179.69,13.6,61.0,48.0,M,,,,2.6,0.2,11,2.6,nan,7,,,,2.6,0.1,7
2022p245003,2022-04-01T15:37:47Z,-41.04,2.8,175.84,3.5,18.0,7.0,M,,,,1.5,0.3,11,1.5,nan,6,,,,1.5,0.3,6
2022p245021,2022-04-01T15:47:29Z,-42.97,3.3,171.77,3.0,5.0,0.0,M,,,,2.0,0.3,6,1.4,nan,2,,,,1.4,0.1,2
2022p245082,2022-04-01T16:20:07Z,-42.97,2.5,171.76,2.7,5.0,0.0,M,,,,2.2,0.3,7,1.9,nan,2,,,,1.9,0.0,2
2022p245165,2022-04-01T17:03:40Z,-34.41,28.1,179.19,31.0,260.0,40.0,MLv,,,,3.9,0.3,12,,,,,,,4.1,0.2,19
2022p245181,2022-04-01T17:12:39Z,-40.61,3.1,175.85,3.0,24.0,7.0,M,,,,1.2,0.3,9,1.1,nan,3,,,,1.1,0.1,3
2022p245186,2022-04-01T17:15:01Z,-38.03,10.4,176.17,11.3,122.0,17.0,M,,,,,,,1.5,nan,1,,,,1.5,nan,1
2022p245261,2022-04-01T17:55:36Z,-45.02,4.2,167.46,5.3,85.0,8.0,MLv,,,,2.6,0.3,9,,,,,,,1.9,0.4,7
2022p245344,2022-04-01T18:39:23Z,-42.97,3.1,171.78,3.0,5.0,0.0,M,,,,2.0,0.2,6,1.8,nan,3,,,,1.8,0.1,3
2022p245447,2022-04-01T19:34:38Z,-42.97,2.3,171.78,2.3,5.0,0.0,M,,,,2.2,0.4,11,1.8,nan,1,,,,1.8,nan,1
2022p245489,2022-04-01T19:56:58Z,-38.67,2.4,177.08,2.4,5.0,0.0,M,,,,2.3,0.1,13,2.2,nan,12,,,,2.2,0.1,12
2022p245509,2022-04-01T20:07:14Z,-38.83,2.6,176.0,2.5,5.0,0.0,MLv,,,,1.6,0.2,12,1.7,nan,6,,,,1.7,0.1,6
2022p245531,2022-04-01T20:18:58Z,-42.97,3.3,171.78,2.6,5.0,0.0,M,,,,2.3,0.1,8,2.4,nan,5,,,,2.4,0.2,5
2022p245550,2022-04-01T20:29:10Z,-42.98,2.8,171.76,2.3,5.0,0.0,MLv,,,,2.5,0.1,7,2.5,nan,7,,,,2.5,0.1,7
2022p245785,2022-04-01T22:34:40Z,-40.25,12.2,173.42,6.5,132.0,11.0,MLv,,,,,,,2.2,nan,5,,,,2.2,0.2,5
2022p245875,2022-04-01T23:22:17Z,-39.9,3.1,176.23,4.0,27.0,8.0,MLv,,,,1.1,0.3,7,1.1,nan,4,,,,1.1,0.4,4
2022p245973,2022-04-02T00:14:33Z,-40.55,4.0,176.11,3.7,22.0,6.0,M,,,,1.1,0.2,9,1.1,nan,4,,,,1.1,0.5,4
2022p246097,2022-04-02T01:20:45Z,-44.01,2.6,169.52,2.3,5.0,0.0,MLv,,,,2.4,0.3,3,2.5,nan,4,,,,2.5,0.1,4
2022p246141,2022-04-02T01:44:09Z,-38.35,7.4,175.67,8.0,157.0,11.0,M,,,,1.6,0.2,7,2.2,nan,7,,,,2.2,0.3,7
2022p246168,2022-04-02T01:58:26Z,-40.09,4.3,174.53,6.1,91.0,10.0,MLv,,,,3.8,0.2,13,,,,,,,3.4,0.2,53
2022p246232,2022-04-02T02:32:52Z,-40.93,2.8,175.58,2.4,6.0,5.0,M,,,,1.2,0.2,8,1.3,nan,5,,,,1.3,0.3,5
2022p246276,2022-04-02T02:56:11Z,-37.59,7.7,176.48,7.4,168.0,12.0,MLv,,,,,,,,,,,,,2.6,0.4,10
2022p246288,2022-04-02T03:02:35Z,-40.34,2.7,176.44,2.9,14.0,7.0,M,,,,1.6,0.2,8,1.2,nan,4,,,,1.2,0.2,4
2022p246356,2022-04-02T03:38:36Z,-37.12,9.9,177.17,9.9,143.0,11.0,M,,,,,,,2.3,nan,4,,,,2.3,0.3,4
2022p246377,2022-04-02T03:50:06Z,-38.5,6.3,177.77,3.9,26.0,7.0,MLv,,,,1.4,0.2,7,1.3,nan,5,,,,1.3,0.3,5
2022p246380,2022-04-02T03:51:53Z,-39.71,4.0,176.86,4.3,33.0,7.0,M,,,,1.6,0.3,8,1.6,nan,6,,,,1.6,0.4,6
2022p246431,2022-04-02T04:18:54Z,-40.21,3.2,174.36,4.2,74.0,11.0,MLv,,,,2.6,0.2,13,,,,,,,2.7,0.2,24
2022p246453,2022-04-02T04:30:40Z,-39.64,3.1,176.95,3.1,24.0,5.0,M,,,,1.9,0.3,11,1.6,nan,8,,,,1.6,0.2,8
2022p246455,2022-04-02T04:31:29Z,-39.62,2.5,176.96,3.1,26.0,5.0,MLv,,,,2.5,0.2,11,2.5,nan,18,,,,2.5,0.2,18
2022p246628,2022-04-02T06:03:50Z,-40.33,8.4,176.32,7.8,24.0,13.0,M,,,,0.7,0.4,4,0.7,nan,2,,,,0.7,0.3,2
2022p246629,2022-04-02T06:04:04Z,-39.12,4.4,177.5,3.2,23.0,4.0,M,,,,1.9,0.2,14,2.0,nan,6,,,,2.0,0.1,6
2022p246656,2022-04-02T06:18:48Z,-42.98,3.0,171.77,2.5,5.0,0.0,MLv,,,,2.0,0.3,8,1.5,nan,3,,,,1.5,0.1,3
2022p246752,2022-04-02T07:09:54Z,-39.21,4.3,174.62,2.7,20.0,5.0,MLv,,,,3.4,0.3,12,,,,,,,3.2,0.2,65
2022p246807,2022-04-02T07:39:03Z,-36.93,11.0,177.5,6.1,5.0,0.0,MLv,,,,2.5,0.2,12,,,,,,,2.6,0.1,10
2022p246818,2022-04-02T07:44:50Z,-39.01,4.5,177.83,4.7,27.0,5.0,MLv,,,,2.0,0.3,12,,,,,,,1.9,0.2,11
2022p246872,2022-04-02T08:13:49Z,-39.17,3.9,174.46,2.6,19.0,5.0,MLv,,,,1.8,0.2,7,1.5,nan,2,,,,1.5,0.1,2
2022p246941,2022-04-02T08:50:31Z,-37.9,8.6,176.16,7.2,162.0,13.0,M,,,,2.1,0.2,10,2.2,nan,9,,,,2.2,0.3,9
2022p246982,2022-04-02T09:12:23Z,-39.24,3.6,175.34,4.8,11.0,11.0,MLv,,,,1.1,0.2,13,0.8,nan,6,,,,0.8,0.2,6
2022p247014,2022-04-02T09:29:31Z,-43.22,3.1,170.79,4.0,5.0,0.0,M,,,,2.0,0.4,6,1.7,nan,1,,,,1.7,nan,1
2022p247025,2022-04-02T09:35:42Z,-38.56,9.1,175.9,10.8,157.0,11.0,M,,,,,,,2.1,nan,2,,,,2.1,0.9,2
2022p247041,2022-04-02T09:44:47Z,-38.59,4.2,176.93,5.9,38.0,11.0,M,,,,1.3,0.2,10,1.1,nan,4,,,,1.1,0.3,4
2022p247053,2022-04-02T09:50:09Z,-42.97,2.8,171.76,2.6,5.0,0.0,M,,,,2.1,0.3,8,1.7,nan,1,,,,1.7,nan,1
2022p247143,2022-04-02T10:38:05Z,-38.67,7.3,178.59,8.4,27.0,10.0,M,,,,2.0,0.1,9,2.0,nan,6,,,,2.0,0.2,6
2022p247311,2022-04-02T12:07:34Z,-40.98,2.3,175.46,2.3,5.0,3.0,M,,,,1.1,0.1,9,1.1,nan,5,,,,1.1,0.2,5
2022p247346,2022-04-02T12:26:08Z,-38.61,3.7,176.22,2.6,4.0,4.0,M,,,,1.6,0.3,8,1.6,nan,8,,,,1.6,0.2,8
2022p247363,2022-04-02T12:35:27Z,-38.61,3.4,176.21,2.6,4.0,3.0,M,,,,1.7,0.3,11,1.7,nan,6,,,,1.7,0.2,6
2022p247369,2022-04-02T12:38:13Z,-38.63,3.3,176.23,2.6,3.0,3.0,M,,,,1.6,0.3,10,1.5,nan,11,,,,1.5,0.2,11
2022p247374,2022-04-02T12:41:28Z,-39.5,4.9,177.01,6.9,41.0,9.0,M,,,,1.8,0.2,12,1.6,nan,7,,,,1.6,0.2,7
2022p247390,2022-04-02T12:49:30Z,-40.19,3.1,176.26,3.5,42.0,7.0,MLv,,,,1.5,0.3,13,1.3,nan,8,,,,1.3,0.3,8
2022p247519,2022-04-02T13:58:34Z,-36.74,21.6,177.57,17.7,152.0,25.0,M,,,,2.3,0.2,10,2.3,nan,4,,,,2.3,0.2,4
2022p247552,2022-04-02T14:15:57Z,-40.98,3.2,174.49,2.0,7.0,6.0,MLv,,,,1.3,0.3,9,1.2,nan,5,,,,1.2,0.3,5
2022p247567,2022-04-02T14:24:10Z,-39.84,3.0,176.78,4.1,26.0,6.0,M,,,,1.6,0.2,11,1.4,nan,6,,,,1.4,0.2,6
2022p247588,2022-04-02T14:35:13Z,-40.94,3.9,176.03,3.9,21.0,7.0,M,,,,2.4,0.2,11,2.3,nan,20,,,,2.3,0.1,20
2022p247595,2022-04-02T14:38:43Z,-42.67,2.3,171.32,2.0,6.0,3.0,MLv,,,,2.5,0.2,6,2.5,nan,4,,,,2.5,0.3,4
2022p247602,2022-04-02T14:41:55Z,-36.21,33.8,179.77,45.8,152.0,59.0,M,,,,2.6,0.3,7,2.6,nan,2,,,,2.6,0.2,2
2022p247608,2022-04-02T14:45:34Z,-40.35,2.7,175.74,3.3,25.0,4.0,M,,,,1.6,0.3,15,1.5,nan,8,,,,1.5,0.2,8
2022p247647,2022-04-02T15:06:20Z,-41.77,2.5,174.22,2.8,10.0,4.0,MLv,,,,3.1,0.2,12,,,,,,,3.3,0.2,43
2022p247747,2022-04-02T15:59:42Z,-44.95,5.2,167.54,7.3,39.0,9.0,M,,,,2.7,0.4,11,2.3,nan,1,,,,2.3,nan,1
2022p247795,2022-04-02T16:25:10Z,-38.26,4.4,178.33,5.8,14.0,9.0,M,,,,1.9,0.1,8,1.8,nan,6,,,,1.8,0.2,6
2022p247896,2022-04-02T17:19:29Z,-41.31,3.9,173.77,2.7,37.0,5.0,MLv,,,,1.7,0.2,8,1.7,nan,5,,,,1.7,0.2,5
2022p247915,2022-04-02T17:29:26Z,-42.96,3.5,171.46,2.8,5.0,0.0,ML,,,,1.3,nan,1,2.8,nan,1,,,,2.8,nan,1
2022p247919,2022-04-02T17:31:30Z,-45.02,5.4,167.41,5.1,93.0,8.0,MLv,,,,,,,2.8,nan,2,,,,2.8,0.2,2
2022p247961,2022-04-02T17:53:44Z,-41.13,3.2,175.15,3.2,15.0,10.0,M,,,,1.4,0.3,9,1.4,nan,9,,,,1.4,0.2,9
2022p247996,2022-04-02T18:12:27Z,-42.98,3.6,171.25,2.7,5.0,0.0,M,,,,2.3,0.2,7,2.2,nan,2,,,,2.2,0.0,2
2022p247997,2022-04-02T18:12:58Z,-39.51,3.4,175.7,4.0,9.0,10.0,M,,,,1.4,0.4,6,1.3,nan,4,,,,1.3,0.4,4
2022p248054,2022-04-02T18:43:11Z,-40.17,3.0,176.35,4.2,39.0,5.0,M,,,,1.6,0.3,12,1.4,nan,7,,,,1.4,0.3,7
2022p248093,2022-04-02T19:04:10Z,-37.61,8.7,176.92,5.9,99.0,12.0,MLv,,,,2.1,0.2,7,2.2,nan,6,,,,2.2,0.2,6
2022p248117,2022-04-02T19:17:05Z,-40.21,2.6,176.52,3.2,17.0,7.0,M,,,,1.6,0.2,7,1.5,nan,6,,,,1.5,0.2,6
2022p248319,2022-04-02T21:04:41Z,-41.61,3.0,174.35,2.2,12.0,0.0,M,,,,2.2,0.2,10,2.1,nan,7,,,,2.1,0.2,7
2022p248328,2022-04-02T21:09:26Z,-41.63,3.6,174.34,2.3,12.0,0.0,M,,,,1.7,0.4,13,1.5,nan,3,,,,1.5,0.3,3
2022p248331,2022-04-02T21:11:12Z,-38.35,6.4,175.97,7.2,146.0,8.0,MLv,,,,,,,2.1,nan,5,,,,2.1,0.1,5
2022p248362,2022-04-02T21:27:18Z,-39.1,3.7,177.43,3.2,21.0,7.0,M,,,,2.2,0.3,11,2.2,nan,7,,,,2.2,0.2,7
2022p248408,2022-04-02T21:52:02Z,-40.08,2.8,176.75,3.0,24.0,4.0,MLv,,,,3.4,0.2,11,,,,,,,3.1,0.2,53
2022p248454,2022-04-02T22:16:34Z,-38.23,4.1,177.32,3.3,28.0,5.0,M,,,,1.7,0.4,10,1.8,nan,6,,,,1.8,0.4,6
2022p248498,2022-04-02T22:39:58Z,-41.43,4.4,174.32,2.5,14.0,7.0,MLv,,,,1.7,0.2,6,1.7,nan,7,,,,1.7,0.2,7
2022p248524,2022-04-02T22:54:07Z,-41.61,3.9,174.34,2.6,12.0,0.0,MLv,,,,1.6,0.3,12,1.3,nan,2,,,,1.3,0.2,2
2022p248570,2022-04-02T23:18:12Z,-41.08,8.2,174.59,4.6,48.0,10.0,M,,,,1.2,0.1,9,2.4,nan,9,,,,2.4,0.5,9
2022p248658,2022-04-03T00:05:02Z,-40.26,3.0,175.98,4.5,20.0,7.0,M,,,,1.1,0.3,7,0.8,nan,2,,,,0.8,0.2,2
2022p248659,2022-04-03T00:05:59Z,-40.98,2.5,175.34,2.5,16.0,3.0,M,,,,2.3,0.2,16,2.2,nan,18,,,,2.2,0.2,18
2022p248662,2022-04-03T00:07:25Z,-40.98,2.2,175.34,2.4,14.0,4.0,M,,,,2.1,0.2,14,2.1,nan,12,,,,2.1,0.2,12
2022p248748,2022-04-03T00:53:12Z,-40.62,3.2,175.84,2.7,22.0,5.0,M,,,,1.4,0.2,10,1.5,nan,8,,,,1.5,0.2,8
2022p248798,2022-04-03T01:19:39Z,-39.15,5.6,177.45,4.1,23.0,10.0,M,,,,2.0,0.3,8,2.2,nan,6,,,,2.2,0.2,6
2022p248871,2022-04-03T01:58:37Z,-41.43,3.0,172.28,2.6,5.0,0.0,MLv,,,,2.6,0.3,6,,,,,,,2.8,0.2,7
2022p248881,2022-04-03T02:04:09Z,-39.25,4.0,175.36,5.0,11.0,11.0,M,,,,0.8,0.2,9,0.7,nan,3,,,,0.7,0.2,3
2022p248905,2022-04-03T02:16:41Z,-37.82,8.5,176.69,5.1,137.0,12.0,MLv,,,,1.7,0.3,7,,,,,,,2.7,0.4,49
2022p248911,2022-04-03T02:20:12Z,-40.34,4.0,174.25,3.9,67.0,12.0,M,,,,2.2,0.3,14,1.9,nan,6,,,,1.9,0.2,6
2022p248943,2022-04-03T02:36:55Z,-40.61,3.9,175.85,3.2,26.0,5.0,M,,,,1.1,0.3,9,1.0,nan,4,,,,1.0,0.4,4
2022p248951,2022-04-03T02:41:33Z,-41.72,3.1,174.24,5.6,7.0,9.0,MLv,,,,2.4,0.4,5,2.5,nan,16,,,,2.5,0.2,16
2022p249028,2022-04-03T03:22:07Z,-37.95,9.2,176.55,8.1,33.0,15.0,M,,,,1.9,0.2,11,1.9,nan,4,,,,1.9,0.2,4
2022p249154,2022-04-03T04:29:46Z,-39.76,5.6,174.25,7.6,114.0,14.0,M,,,,2.1,0.3,8,1.8,nan,2,,,,1.8,0.1,2
2022p249274,2022-04-03T05:34:03Z,-41.31,5.6,174.75,3.9,35.0,8.0,MLv,,,,1.4,0.1,7,1.6,nan,3,,,,1.6,0.1,3
2022p249384,2022-04-03T06:32:09Z,-39.22,2.5,175.34,2.7,11.0,5.0,M,,,,1.4,0.2,13,1.4,nan,6,,,,1.4,0.2,6
2022p249418,2022-04-03T06:50:22Z,-37.47,18.1,-179.96,8.8,12.0,0.0,M,,,,2.3,0.2,6,1.9,nan,1,,,,1.9,nan,1
2022p249439,2022-04-03T07:01:36Z,-39.38,7.0,178.03,10.2,27.0,6.0,M,,,,1.9,0.3,9,1.9,nan,2,,,,1.9,0.0,2
2022p249472,2022-04-03T07:18:57Z,-41.71,2.3,174.24,2.9,6.0,4.0,MLv,,,,3.3,0.3,13,,,,,,,3.4,0.2,49
2022p249489,2022-04-03T07:28:02Z,-41.71,2.1,174.2,1.9,5.0,0.0,M,,,,2.1,0.2,12,2.1,nan,10,,,,2.1,0.3,10
2022p249520,2022-04-03T07:44:26Z,-40.56,3.7,174.32,3.0,5.0,0.0,M,,,,1.9,0.2,13,1.9,nan,5,,,,1.9,0.3,5
2022p249529,2022-04-03T07:49:22Z,-41.22,7.9,172.68,6.4,126.0,9.0,M,,,,,,,2.2,nan,7,,,,2.2,0.5,7
2022p249541,2022-04-03T07:56:00Z,-39.25,2.9,175.38,3.9,14.0,6.0,M,,,,0.9,0.1,8,0.8,nan,4,,,,0.8,0.1,4
2022p249604,2022-04-03T08:29:29Z,-43.57,3.3,172.4,2.2,4.0,3.0,MLv,,,,1.5,0.3,6,2.0,nan,2,,,,2.0,0.2,2
2022p249631,2022-04-03T08:43:28Z,-40.34,4.0,175.85,3.4,25.0,7.0,MLv,,,,1.1,0.5,8,0.7,nan,3,,,,0.7,0.5,3
2022p249639,2022-04-03T08:49:09Z,-39.9,2.2,176.53,2.8,25.0,5.0,M,,,,1.5,0.3,12,1.6,nan,9,,,,1.6,0.3,9
2022p249655,2022-04-03T08:56:21Z,-38.53,9.1,175.71,9.1,134.0,14.0,MLv,,,,,,,2.2,nan,6,,,,2.2,0.3,6
2022p249700,2022-04-03T09:20:35Z,-39.65,2.7,176.27,3.9,28.0,4.0,M,,,,1.3,0.4,13,0.9,nan,6,,,,0.9,0.3,6
2022p249722,2022-04-03T09:32:01Z,-39.67,13.1,173.73,8.7,201.0,12.0,MLv,,,,,,,2.4,nan,1,,,,2.4,nan,1
2022p249767,2022-04-03T09:55:57Z,-41.0,2.4,175.58,2.8,23.0,5.0,M,,,,1.5,0.3,10,1.4,nan,6,,,,1.4,0.3,6
2022p249768,2022-04-03T09:56:41Z,-40.53,3.4,175.9,3.6,22.0,8.0,MLv,,,,1.1,0.3,7,1.1,nan,4,,,,1.1,0.2,4
2022p249797,2022-04-03T10:12:16Z,-39.73,2.6,176.81,4.1,41.0,6.0,MLv,,,,2.2,0.2,13,,,,,,,2.3,0.2,22
2022p249832,2022-04-03T10:30:44Z,-39.49,6.1,175.71,5.3,17.0,9.0,M,,,,0.9,0.3,12,0.8,nan,7,,,,0.8,0.3,7
2022p249850,2022-04-03T10:40:28Z,-39.31,4.3,177.57,3.9,22.0,6.0,M,,,,1.7,0.2,11,1.9,nan,2,,,,1.9,0.2,2
2022p249865,2022-04-03T10:48:11Z,-39.72,4.9,176.82,6.4,40.0,16.0,M,,,,1.2,0.3,9,1.4,nan,3,,,,1.4,0.1,3
2022p249870,2022-04-03T10:50:42Z,-37.78,11.9,176.09,13.7,192.0,14.0,M,,,,1.9,0.4,6,2.1,nan,5,,,,2.1,0.5,5
2022p249872,2022-04-03T10:52:01Z,-40.7,6.3,174.37,4.4,25.0,9.0,M,,,,2.3,0.1,11,2.2,nan,11,,,,2.2,0.2,11
2022p249879,2022-04-03T10:55:40Z,-38.3,6.5,176.03,6.4,139.0,10.0,M,,,,1.8,0.3,6,2.5,nan,22,,,,2.5,0.4,22
2022p249894,2022-04-03T11:03:43Z,-39.29,4.1,177.54,3.5,24.0,7.0,M,,,,2.6,0.2,12,2.4,nan,18,,,,2.4,0.2,18
2022p249907,2022-04-03T11:10:30Z,-39.31,4.1,177.55,4.1,23.0,6.0,MLv,,,,2.2,0.2,12,2.2,nan,10,,,,2.2,0.1,10
2022p249911,2022-04-03T11:12:43Z,-39.3,5.9,177.54,3.6,26.0,8.0,M,,,,1.9,0.2,11,2.0,nan,4,,,,2.0,0.2,4
2022p249917,2022-04-03T11:16:02Z,-39.34,4.9,177.54,5.4,35.0,7.0,M,,,,2.0,0.2,13,2.1,nan,12,,,,2.1,0.2,12
2022p249959,2022-04-03T11:38:22Z,-41.71,3.3,174.24,4.1,5.0,0.0,M,,,,1.7,0.4,10,1.6,nan,4,,,,1.6,0.4,4
2022p249975,2022-04-03T11:47:00Z,-41.72,2.9,174.23,3.6,5.0,3.0,M,,,,1.9,0.3,13,1.8,nan,6,,,,1.8,0.3,6
2022p250055,2022-04-03T12:29:54Z,-39.23,2.8,175.32,4.7,11.0,8.0,M,,,,1.1,0.4,12,1.0,nan,7,,,,1.0,0.3,7
2022p250066,2022-04-03T12:35:27Z,-36.77,36.0,176.67,26.9,273.0,22.0,M,,,,,,,2.3,nan,4,,,,2.3,0.3,4
2022p250120,2022-04-03T13:04:17Z,-40.0,3.9,176.44,4.2,39.0,7.0,M,,,,1.4,0.3,9,1.4,nan,7,,,,1.4,0.2,7
2022p250140,2022-04-03T13:14:57Z,-42.98,2.3,171.77,2.1,5.0,0.0,MLv,,,,2.6,0.1,11,,,,,,,2.7,0.2,6
2022p250155,2022-04-03T13:22:45Z,-39.87,3.5,176.63,3.9,32.0,7.0,M,,,,1.5,0.3,13,1.6,nan,11,,,,1.6,0.2,11
2022p250162,2022-04-03T13:26:49Z,-40.01,3.8,176.68,3.5,37.0,7.0,M,,,,1.0,0.3,7,2.1,nan,1,,,,2.1,nan,1
2022p250192,2022-04-03T13:42:33Z,-40.6,3.6,175.86,3.5,21.0,8.0,M,,,,0.7,0.4,7,0.5,nan,2,,,,0.5,0.0,2
2022p250203,2022-04-03T13:48:41Z,-38.4,7.2,178.73,9.5,28.0,8.0,M,,,,2.3,0.1,9,2.3,nan,10,,,,2.3,0.1,10
2022p250278,2022-04-03T14:28:21Z,-38.39,15.4,175.68,29.9,149.0,22.0,M,,,,1.6,0.5,6,1.4,nan,1,,,,1.4,nan,1
2022p250296,2022-04-03T14:38:05Z,-39.86,3.2,177.02,5.3,15.0,5.0,M,,,,1.7,0.2,11,1.9,nan,6,,,,1.9,0.5,6
2022p250336,2022-04-03T14:59:30Z,-38.72,3.5,176.86,4.2,40.0,8.0,M,,,,1.8,0.3,8,2.0,nan,11,,,,2.0,0.3,11
2022p250389,2022-04-03T15:27:48Z,-39.35,6.6,177.57,6.6,21.0,9.0,M,,,,1.7,0.2,12,1.7,nan,4,,,,1.7,0.1,4
2022p250488,2022-04-03T16:20:07Z,-39.93,3.5,176.59,3.0,33.0,6.0,M,,,,1.4,0.2,11,1.2,nan,6,,,,1.2,0.3,6
2022p250506,2022-04-03T16:29:37Z,-39.87,3.5,177.01,6.0,16.0,6.0,M,,,,1.5,0.2,10,1.5,nan,3,,,,1.5,0.1,3
2022p250559,2022-04-03T16:58:09Z,-39.79,3.7,176.68,3.2,29.0,7.0,M,,,,1.6,0.2,13,1.6,nan,8,,,,1.6,0.2,8
2022p250624,2022-04-03T17:32:47Z,-37.67,7.7,177.37,6.3,91.0,10.0,M,,,,2.2,0.2,8,2.3,nan,19,,,,2.3,0.2,19
2022p250656,2022-04-03T17:49:59Z,-38.35,7.5,176.0,7.3,119.0,10.0,M,,,,2.0,0.3,7,2.3,nan,11,,,,2.3,0.2,11
2022p250804,2022-04-03T19:08:36Z,-38.43,6.2,175.89,9.8,122.0,12.0,M,,,,,,,1.9,nan,6,,,,1.9,0.2,6
2022p250933,2022-04-03T20:17:23Z,-38.37,7.1,175.96,5.9,135.0,9.0,MLv,,,,2.1,0.2,8,2.6,nan,19,,,,2.6,0.4,19
2022p251123,2022-04-03T21:58:28Z,-39.54,3.0,176.95,3.3,25.0,6.0,M,,,,1.8,0.3,10,1.7,nan,10,,,,1.7,0.3,10
2022p251240,2022-04-03T23:00:48Z,-42.02,2.9,172.69,4.7,39.0,7.0,MLv,,,,2.2,0.2,12,2.1,nan,6,,,,2.1,0.2,6
2022p251293,2022-04-03T23:28:59Z,-40.94,3.7,174.79,3.7,50.0,7.0,M,,,,2.3,0.2,21,2.4,nan,24,,,,2.4,0.2,24
2022p251332,2022-04-03T23:49:56Z,-40.24,4.3,173.92,4.2,122.0,9.0,M,,,,,,,2.1,nan,4,,,,2.1,0.1,4
2022p251419,2022-04-04T00:36:31Z,-41.33,3.4,173.78,3.5,28.0,5.0,M,,,,1.9,0.2,8,1.7,nan,4,,,,1.7,0.3,4
2022p251688,2022-04-04T02:59:29Z,-39.49,5.8,175.72,4.3,12.0,9.0,MLv,,,,1.2,0.3,9,0.8,nan,4,,,,0.8,0.4,4
2022p251918,2022-04-04T05:02:13Z,-39.24,5.4,175.38,6.8,9.0,12.0,MLv,,,,0.7,0.2,7,0.6,nan,2,,,,0.6,0.3,2
2022p252019,2022-04-04T05:56:07Z,-38.13,2.3,176.26,3.8,5.0,3.0,M,,,,1.7,0.3,10,1.8,nan,10,,,,1.8,0.3,10
2022p252144,2022-04-04T07:02:46Z,-37.59,7.6,177.13,6.5,107.0,12.0,MLv,,,,2.1,0.2,7,2.2,nan,6,,,,2.2,0.2,6
2022p252192,2022-04-04T07:28:03Z,-41.34,5.4,173.45,3.6,58.0,9.0,MLv,,,,1.9,0.3,6,2.0,nan,5,,,,2.0,0.3,5
2022p252229,2022-04-04T07:47:50Z,-40.08,4.0,176.61,3.9,37.0,6.0,MLv,,,,1.3,0.4,10,1.2,nan,5,,,,1.2,0.3,5
2022p252240,2022-04-04T07:53:46Z,-44.63,5.2,168.3,4.3,57.0,10.0,MLv,,,,2.3,0.2,8,2.3,nan,1,,,,2.3,nan,1
2022p252261,2022-04-04T08:05:03Z,-37.87,8.2,176.21,6.9,172.0,10.0,MLv,,,,,,,,,,,,,3.0,0.4,39
2022p252269,2022-04-04T08:09:50Z,-41.37,7.3,174.53,4.0,18.0,7.0,M,,,,1.6,0.2,8,1.5,nan,3,,,,1.5,0.2,3
2022p252322,2022-04-04T08:37:25Z,-40.54,2.8,175.62,3.1,27.0,5.0,M,,,,1.8,0.2,13,1.6,nan,8,,,,1.6,0.2,8
2022p252328,2022-04-04T08:40:39Z,-40.24,3.2,176.65,4.8,16.0,6.0,MLv,,,,1.5,0.1,9,1.5,nan,5,,,,1.5,0.2,5
2022p252346,2022-04-04T08:49:46Z,-36.56,8.2,177.26,6.2,5.0,0.0,MLv,,,,2.4,0.1,10,2.6,nan,2,,,,2.6,0.0,2
2022p252420,2022-04-04T09:29:25Z,-41.25,5.9,173.5,4.1,75.0,7.0,M,,,,1.9,0.2,11,1.5,nan,2,,,,1.5,0.3,2
2022p252421,2022-04-04T09:30:13Z,-38.64,4.5,177.56,4.1,40.0,8.0,MLv,,,,2.2,0.3,13,2.3,nan,13,,,,2.3,0.2,13
2022p252425,2022-04-04T09:32:39Z,-38.92,6.2,175.96,6.1,65.0,11.0,MLv,,,,1.6,0.3,12,1.6,nan,4,,,,1.6,0.1,4
2022p252437,2022-04-04T09:39:06Z,-38.68,5.8,175.86,5.1,87.0,11.0,MLv,,,,1.5,0.2,7,1.8,nan,7,,,,1.8,0.2,7
2022p252489,2022-04-04T10:06:13Z,-38.01,3.8,177.91,4.1,54.0,6.0,MLv,,,,2.8,0.3,23,,,,,,,2.7,0.2,28
2022p252506,2022-04-04T10:15:18Z,-43.34,2.0,172.15,1.7,5.0,0.0,MLv,,,,2.1,0.1,9,2.2,nan,6,,,,2.2,0.2,6
2022p252570,2022-04-04T10:48:59Z,-34.99,28.9,179.34,26.2,241.0,38.0,MLv,,,,3.4,0.3,6,3.5,nan,5,,,,3.5,0.5,5
2022p252614,2022-04-04T11:13:09Z,-39.97,2.5,176.73,2.7,23.0,5.0,MLv,,,,1.5,0.4,12,1.3,nan,4,,,,1.3,0.2,4
2022p252642,2022-04-04T11:28:03Z,-37.59,10.8,177.12,10.9,51.0,22.0,MLv,,,,2.0,0.3,7,,,,,,,1.8,0.1,3
2022p252650,2022-04-04T11:31:46Z,-33.45,30.1,179.96,40.0,334.0,44.0,M,4.4,nan,1,3.9,0.2,6,3.9,nan,3,3.5,0.4,1,3.9,0.2,3
2022p252664,2022-04-04T11:39:52Z,-39.64,5.5,174.27,5.3,118.0,8.0,MLv,,,,1.8,0.3,6,2.4,nan,18,,,,2.4,0.4,18
2022p252696,2022-04-04T11:56:53Z,-38.36,10.3,176.1,10.3,146.0,16.0,MLv,,,,,,,1.8,nan,5,,,,1.8,0.4,5
2022p252721,2022-04-04T12:10:47Z,-40.56,4.0,175.65,3.4,20.0,8.0,MLv,,,,1.2,0.2,7,1.0,nan,4,,,,1.0,0.2,4
2022p252767,2022-04-04T12:34:26Z,-40.25,2.4,176.62,3.2,15.0,5.0,MLv,,,,2.0,0.1,10,,,,,,,2.0,0.1,11
2022p252780,2022-04-04T12:41:33Z,-42.98,2.5,171.76,2.4,5.0,0.0,MLv,,,,2.0,0.3,9,1.1,nan,1,,,,1.1,nan,1
2022p252830,2022-04-04T13:08:13Z,-40.23,4.0,176.11,5.9,41.0,10.0,M,,,,1.4,0.2,7,1.5,nan,7,,,,1.5,0.3,7
2022p252897,2022-04-04T13:43:35Z,-40.49,4.2,173.74,4.1,95.0,9.0,M,,,,,,,2.2,nan,2,,,,2.2,0.5,2
2022p252923,2022-04-04T13:57:31Z,-38.88,3.8,177.81,5.5,27.0,5.0,M,,,,1.5,0.3,10,1.7,nan,3,,,,1.7,0.4,3
2022p252929,2022-04-04T14:00:49Z,-39.97,3.9,176.48,3.7,34.0,7.0,M,,,,2.1,0.2,11,2.1,nan,11,,,,2.1,0.2,11
2022p252993,2022-04-04T14:35:11Z,-39.53,3.0,177.09,3.7,29.0,5.0,MLv,,,,2.3,0.1,11,2.1,nan,11,,,,2.1,0.2,11
2022p253014,2022-04-04T14:46:12Z,-40.03,3.7,176.83,3.1,16.0,5.0,MLv,,,,1.4,0.3,9,1.6,nan,3,,,,1.6,0.3,3
2022p253023,2022-04-04T14:50:46Z,-40.18,3.0,175.88,3.4,30.0,6.0,M,,,,1.7,0.3,11,1.8,nan,12,,,,1.8,0.3,12
2022p253031,2022-04-04T14:55:09Z,-45.17,4.2,167.53,4.8,99.0,7.0,M,,,,,,,2.6,nan,1,,,,2.6,nan,1
2022p253082,2022-04-04T15:22:28Z,-40.25,2.6,176.63,3.6,16.0,5.0,MLv,,,,1.8,0.1,8,1.9,nan,9,,,,1.9,0.1,9
2022p253126,2022-04-04T15:45:51Z,-41.93,2.4,173.95,2.3,9.0,4.0,MLv,,,,3.0,0.3,10,,,,,,,3.0,0.2,29
2022p253127,2022-04-04T15:47:12Z,-42.02,2.7,172.92,3.4,35.0,5.0,MLv,,,,2.5,0.3,10,2.8,nan,6,,,,2.8,0.2,6
2022p253148,2022-04-04T15:57:19Z,-38.16,11.9,176.34,9.8,104.0,14.0,M,,,,,,,1.6,nan,3,,,,1.6,0.2,3
2022p253186,2022-04-04T16:17:48Z,-42.65,3.0,171.87,3.4,5.0,0.0,MLv,,,,2.2,0.3,6,2.1,nan,1,,,,2.1,nan,1
2022p253204,2022-04-04T16:27:40Z,-38.36,4.0,177.94,4.8,25.0,6.0,MLv,,,,2.7,0.3,10,2.6,nan,8,,,,2.6,0.2,8
2022p253222,2022-04-04T16:36:53Z,-38.38,3.8,177.94,4.6,26.0,7.0,M,,,,1.7,0.2,8,1.5,nan,5,,,,1.5,0.2,5
2022p253301,2022-04-04T17:19:05Z,-37.87,6.0,176.38,5.4,156.0,7.0,MLv,,,,2.5,0.6,6,,,,,,,3.6,0.5,97
2022p253411,2022-04-04T18:17:48Z,-38.37,3.6,177.93,4.3,25.0,6.0,M,,,,1.8,0.3,9,1.6,nan,6,,,,1.6,0.2,6
2022p253472,2022-04-04T18:50:22Z,-37.95,5.7,176.82,5.5,58.0,9.0,MLv,,,,2.3,0.2,13,2.3,nan,12,,,,2.3,0.2,12
2022p253476,2022-04-04T18:52:09Z,-37.85,6.0,176.28,8.4,162.0,9.0,M,,,,,,,2.2,nan,7,,,,2.2,0.2,7
2022p253553,2022-04-04T19:33:34Z,-38.54,6.7,175.68,7.5,137.0,9.0,MLv,,,,1.9,0.1,6,2.2,nan,10,,,,2.2,0.3,10
2022p253574,2022-04-04T19:44:30Z,-41.71,3.7,173.79,4.9,38.0,8.0,M,,,,2.1,0.2,13,1.8,nan,5,,,,1.8,0.5,5
2022p253609,2022-04-04T20:03:23Z,-40.93,2.5,175.43,2.5,15.0,6.0,MLv,,,,1.4,0.3,8,1.4,nan,7,,,,1.4,0.3,7
2022p253614,2022-04-04T20:05:50Z,-41.14,6.4,173.61,4.3,68.0,9.0,M,,,,1.9,0.2,11,1.9,nan,6,,,,1.9,0.1,6
2022p253812,2022-04-04T21:51:11Z,-37.42,7.0,179.97,5.6,12.0,0.0,MLv,,,,3.6,0.2,16,3.8,nan,35,,,,3.8,0.1,35
2022p253856,2022-04-04T22:14:40Z,-39.9,4.1,176.56,4.2,40.0,9.0,M,,,,1.3,0.2,9,1.0,nan,5,,,,1.0,0.2,5
2022p253859,2022-04-04T22:16:18Z,-40.66,5.2,174.44,3.1,38.0,9.0,MLv,,,,3.7,0.2,13,,,,,,,3.6,0.2,71
2022p253870,2022-04-04T22:22:16Z,-38.69,5.6,175.8,6.9,99.0,10.0,MLv,,,,1.6,0.2,8,1.9,nan,11,,,,1.9,0.3,11
2022p253894,2022-04-04T22:34:48Z,-37.53,5.3,178.23,8.1,29.0,7.0,MLv,,,,2.7,0.2,13,,,,,,,2.7,0.2,16
2022p253911,2022-04-04T22:43:54Z,-37.52,9.1,178.24,5.8,28.0,6.0,M,,,,2.3,0.3,9,2.3,nan,8,,,,2.3,0.2,8
2022p253937,2022-04-04T22:57:39Z,-37.44,4.9,177.29,5.8,123.0,8.0,MLv,,,,2.6,0.2,12,2.7,nan,13,,,,2.7,0.2,13
2022p254062,2022-04-05T00:04:12Z,-37.54,8.4,178.21,6.9,28.0,8.0,MLv,,,,2.0,0.3,7,2.1,nan,3,,,,2.1,0.3,3
2022p254149,2022-04-05T00:50:53Z,-41.69,3.0,174.32,3.0,7.0,4.0,MLv,,,,2.0,0.1,12,2.0,nan,6,,,,2.0,0.1,6
2022p254242,2022-04-05T01:40:17Z,-41.69,4.0,174.2,3.7,10.0,7.0,M,,,,2.1,0.3,9,2.0,nan,7,,,,2.0,0.4,7
2022p254274,2022-04-05T01:57:23Z,-41.29,5.1,173.86,3.1,41.0,7.0,MLv,,,,1.8,0.2,12,2.0,nan,2,,,,2.0,0.4,2
2022p254381,2022-04-05T02:54:42Z,-39.24,3.1,175.32,3.9,12.0,0.0,MLv,,,,1.4,0.3,14,,,,,,,1.4,0.3,7
2022p254428,2022-04-05T03:19:31Z,-40.86,4.2,175.46,3.2,19.0,6.0,M,,,,1.5,0.3,8,1.4,nan,4,,,,1.4,0.2,4
2022p254451,2022-04-05T03:31:49Z,-39.23,3.4,175.32,5.1,10.0,9.0,M,,,,1.5,0.2,13,1.5,nan,6,,,,1.5,0.2,6
2022p254504,2022-04-05T03:59:49Z,-40.4,3.3,176.51,3.9,24.0,5.0,M,,,,1.9,0.2,12,1.9,nan,8,,,,1.9,0.4,8
2022p254546,2022-04-05T04:22:14Z,-42.89,2.3,172.26,2.9,6.0,4.0,M,,,,2.2,0.2,13,2.3,nan,5,,,,2.3,0.1,5
2022p254558,2022-04-05T04:28:58Z,-43.53,2.0,171.89,2.0,4.0,3.0,MLv,,,,2.5,0.3,7,2.8,nan,7,,,,2.8,0.2,7
2022p254612,2022-04-05T04:57:36Z,-40.62,2.7,174.57,2.3,12.0,0.0,MLv,,,,3.2,0.2,12,,,,,,,3.3,0.2,53
2022p254674,2022-04-05T05:30:29Z,-39.24,3.4,175.33,3.1,13.0,7.0,M,,,,1.2,0.2,10,1.0,nan,5,,,,1.0,0.2,5
2022p254677,2022-04-05T05:32:25Z,-44.23,5.0,168.44,5.2,5.0,0.0,M,,,,2.4,0.1,8,2.2,nan,3,,,,2.2,0.3,3
2022p254760,2022-04-05T06:16:20Z,-40.61,3.3,174.57,2.7,10.0,6.0,M,,,,2.5,0.2,14,2.6,nan,25,,,,2.6,0.2,25
2022p254780,2022-04-05T06:27:10Z,-39.24,4.4,176.26,4.3,56.0,9.0,M,,,,1.4,0.3,12,1.4,nan,6,,,,1.4,0.4,6
2022p254810,2022-04-05T06:43:01Z,-37.9,23.2,175.71,29.9,175.0,25.0,MLv,,,,,,,2.2,nan,5,,,,2.2,0.3,5
2022p254844,2022-04-05T07:01:17Z,-37.6,13.0,178.03,8.0,65.0,11.0,M,,,,1.5,0.4,7,1.5,nan,3,,,,1.5,0.3,3
2022p255028,2022-04-05T08:39:24Z,-39.7,3.1,174.84,3.1,14.0,4.0,MLv,,,,1.9,0.2,14,1.7,nan,2,,,,1.7,0.2,2
2022p255060,2022-04-05T08:56:05Z,-38.9,3.5,177.61,3.3,22.0,7.0,MLv,,,,2.3,0.3,10,,,,,,,2.3,0.2,16
2022p255253,2022-04-05T10:38:56Z,-38.88,8.4,175.7,12.4,90.0,14.0,MLv,,,,1.8,0.4,9,,,,,,,1.6,0.3,5
2022p255336,2022-04-05T11:23:01Z,-40.0,3.0,176.61,3.3,32.0,8.0,MLv,,,,1.2,0.3,9,0.9,nan,2,,,,0.9,0.1,2
2022p255470,2022-04-05T12:34:34Z,-43.59,2.4,172.2,2.7,5.0,0.0,M,,,,2.3,0.3,10,2.5,nan,6,,,,2.5,0.2,6
2022p255483,2022-04-05T12:41:31Z,-36.91,12.0,177.51,11.8,125.0,15.0,M,,,,2.3,0.2,8,2.3,nan,3,,,,2.3,0.1,3
2022p255494,2022-04-05T12:47:26Z,-39.03,8.5,175.23,10.5,139.0,13.0,MLv,,,,2.2,0.1,6,,,,,,,2.4,0.4,2
2022p255617,2022-04-05T13:52:45Z,-41.65,3.1,174.29,4.9,8.0,6.0,M,,,,1.8,0.3,8,1.8,nan,4,,,,1.8,0.4,4
2022p255733,2022-04-05T14:54:43Z,-39.93,3.8,176.75,4.5,38.0,7.0,MLv,,,,1.1,0.3,7,1.3,nan,3,,,,1.3,0.3,3
2022p255787,2022-04-05T15:23:35Z,-40.31,2.9,176.2,3.2,25.0,5.0,M,,,,1.1,0.1,8,1.1,nan,5,,,,1.1,0.2,5
2022p255808,2022-04-05T15:34:58Z,-39.62,3.2,176.97,4.2,27.0,7.0,M,,,,1.5,0.3,10,1.5,nan,6,,,,1.5,0.2,6
2022p255824,2022-04-05T15:43:17Z,-39.86,2.6,175.35,3.2,15.0,8.0,MLv,,,,2.0,0.1,7,2.3,nan,19,,,,2.3,0.2,19
2022p255895,2022-04-05T16:20:55Z,-40.25,4.1,176.76,9.0,11.0,9.0,MLv,,,,1.4,0.3,6,1.2,nan,1,,,,1.2,nan,1
2022p255919,2022-04-05T16:33:55Z,-37.94,9.2,176.16,10.1,164.0,13.0,MLv,,,,2.0,0.2,6,1.9,nan,4,,,,1.9,0.2,4
2022p255939,2022-04-05T16:45:01Z,-40.69,6.0,175.46,4.1,22.0,10.0,M,,,,1.2,0.3,7,0.8,nan,1,,,,0.8,nan,1
2022p256123,2022-04-05T18:22:45Z,-40.57,3.5,175.87,3.4,26.0,6.0,M,,,,1.6,0.3,11,1.5,nan,6,,,,1.5,0.3,6
2022p256212,2022-04-05T19:09:51Z,-39.26,4.8,175.33,3.6,9.0,9.0,M,,,,1.4,0.3,6,1.1,nan,4,,,,1.1,0.0,4
2022p256560,2022-04-05T22:15:35Z,-37.78,12.5,176.24,12.3,144.0,14.0,M,,,,2.3,nan,1,2.3,nan,3,,,,2.3,0.3,3
2022p256589,2022-04-05T22:30:59Z,-41.24,4.4,173.86,3.4,62.0,6.0,MLv,,,,2.8,0.3,11,,,,,,,2.9,0.2,20
2022p256744,2022-04-05T23:53:57Z,-39.95,4.3,176.57,4.2,36.0,8.0,M,,,,1.3,0.3,7,1.3,nan,5,,,,1.3,0.4,5
2022p256772,2022-04-06T00:08:17Z,-43.02,3.1,171.51,2.8,5.0,0.0,M,,,,2.5,0.2,7,2.1,nan,3,,,,2.1,0.1,3
2022p256798,2022-04-06T00:22:09Z,-38.78,1.9,176.35,2.5,5.0,0.0,M,,,,2.2,0.1,16,2.2,nan,15,,,,2.2,0.1,15
2022p256939,2022-04-06T01:37:34Z,-39.24,3.4,175.35,5.1,14.0,10.0,M,,,,1.8,0.3,11,1.8,nan,8,,,,1.8,0.2,8
2022p256945,2022-04-06T01:40:41Z,-37.41,5.3,177.38,4.1,5.0,0.0,M,,,,2.5,0.2,10,2.7,nan,6,,,,2.7,0.1,6
2022p257002,2022-04-06T02:10:52Z,-42.98,2.3,171.76,2.2,5.0,0.0,MLv,,,,2.8,0.2,8,3.0,nan,10,,,,3.0,0.1,10
2022p257131,2022-04-06T03:19:26Z,-39.03,3.8,177.38,2.8,29.0,4.0,MLv,,,,2.4,0.3,17,,,,,,,2.4,0.2,12
2022p257173,2022-04-06T03:42:20Z,-40.56,2.9,173.85,3.5,84.0,9.0,MLv,,,,2.8,0.3,18,,,,,,,2.9,0.2,25
2022p257258,2022-04-06T04:27:17Z,-37.51,6.4,176.61,7.8,165.0,14.0,M,,,,2.7,0.3,2,2.5,nan,2,,,,2.5,0.0,2
2022p257405,2022-04-06T05:45:49Z,-40.24,3.1,176.66,4.2,16.0,4.0,MLv,,,,2.9,0.1,13,,,,,,,2.8,0.1,24
2022p257420,2022-04-06T05:53:50Z,-40.25,3.1,176.67,4.1,14.0,5.0,MLv,,,,2.0,0.2,12,,,,,,,2.0,0.1,7
2022p257454,2022-04-06T06:11:50Z,-38.38,4.8,179.06,7.6,12.0,0.0,MLv,,,,2.8,0.3,12,,,,,,,3.0,0.2,6
2022p257487,2022-04-06T06:29:56Z,-40.34,2.5,175.82,2.5,21.0,5.0,M,,,,1.8,0.3,12,1.7,nan,7,,,,1.7,0.3,7
2022p257503,2022-04-06T06:38:12Z,-40.62,6.6,173.35,5.0,120.0,9.0,MLv,,,,,,,2.0,nan,2,,,,2.0,0.0,2
2022p257572,2022-04-06T07:14:39Z,-44.46,2.9,169.59,2.3,5.0,0.0,M,,,,2.4,0.1,6,2.4,nan,1,,,,2.4,nan,1
2022p257603,2022-04-06T07:31:11Z,-40.57,2.8,175.41,3.1,24.0,4.0,MLv,,,,1.9,0.2,12,1.9,nan,5,,,,1.9,0.4,5
2022p257646,2022-04-06T07:53:49Z,-39.83,2.8,176.84,4.2,28.0,6.0,M,,,,1.9,0.2,12,1.9,nan,6,,,,1.9,0.2,6
2022p257683,2022-04-06T08:13:47Z,-39.51,2.8,175.7,3.5,10.0,7.0,M,,,,1.7,0.3,11,1.8,nan,8,,,,1.8,0.3,8
2022p257693,2022-04-06T08:18:58Z,-39.75,7.4,174.02,7.9,131.0,13.0,M,,,,2.3,0.2,7,2.1,nan,1,,,,2.1,nan,1
2022p257797,2022-04-06T09:14:44Z,-40.62,3.2,174.57,3.5,12.0,7.0,M,,,,2.7,0.2,14,2.6,nan,23,,,,2.6,0.2,23
2022p257931,2022-04-06T10:26:01Z,-42.98,2.9,171.76,2.3,5.0,0.0,M,,,,2.2,0.3,9,2.3,nan,3,,,,2.3,0.6,3
2022p257967,2022-04-06T10:44:54Z,-38.64,5.9,175.68,6.8,110.0,13.0,M,,,,2.1,0.2,8,2.1,nan,3,,,,2.1,0.4,3
2022p258056,2022-04-06T11:32:35Z,-41.18,4.1,174.0,3.2,37.0,5.0,M,,,,2.5,0.2,9,2.5,nan,6,,,,2.5,0.2,6
2022p258167,2022-04-06T12:31:37Z,-40.2,4.6,176.49,4.9,39.0,7.0,M,,,,1.7,0.5,9,1.1,nan,4,,,,1.1,0.2,4
2022p258264,2022-04-06T13:23:13Z,-37.9,18.9,176.06,20.0,171.0,43.0,MLv,,,,,,,2.3,nan,3,,,,2.3,0.2,3
2022p258477,2022-04-06T15:16:28Z,-36.8,7.4,177.93,8.4,125.0,11.0,MLv,,,,2.9,0.3,12,,,,,,,3.3,0.2,18
2022p258498,2022-04-06T15:28:12Z,-39.16,2.7,176.7,3.8,15.0,8.0,M,,,,1.8,0.3,7,1.9,nan,6,,,,1.9,0.2,6
2022p258565,2022-04-06T16:03:49Z,-38.36,11.2,175.68,10.9,146.0,16.0,M,,,,,,,2.5,nan,3,,,,2.5,0.5,3
2022p258646,2022-04-06T16:47:07Z,-39.24,5.0,175.4,8.7,15.0,19.0,M,,,,1.1,0.4,7,1.4,nan,3,,,,1.4,0.8,3
2022p258671,2022-04-06T16:59:55Z,-39.11,4.0,177.82,4.5,22.0,4.0,MLv,,,,2.7,0.3,17,,,,,,,2.8,0.3,10
2022p258682,2022-04-06T17:06:04Z,-39.16,6.4,175.09,3.3,19.0,7.0,MLv,,,,1.7,0.3,11,1.2,nan,5,,,,1.2,0.2,5
2022p258832,2022-04-06T18:26:09Z,-40.62,3.0,174.57,2.6,12.0,0.0,M,,,,2.3,0.3,12,2.0,nan,4,,,,2.0,0.2,4
2022p258855,2022-04-06T18:37:59Z,-45.26,3.5,167.27,3.2,14.0,5.0,MLv,,,,2.8,0.1,5,2.7,nan,3,,,,2.7,0.3,3
2022p258857,2022-04-06T18:39:29Z,-36.92,15.5,179.57,13.3,12.0,0.0,MLv,,,,2.9,0.1,13,3.0,nan,3,,,,3.0,0.1,3
2022p258901,2022-04-06T19:02:47Z,-38.97,3.4,177.6,2.6,21.0,5.0,MLv,,,,2.7,0.3,12,2.6,nan,13,,,,2.6,0.2,13
2022p258906,2022-04-06T19:05:09Z,-40.27,4.1,176.6,4.2,13.0,8.0,M,,,,1.7,0.3,8,1.4,nan,4,,,,1.4,0.1,4
2022p258945,2022-04-06T19:26:04Z,-36.7,7.4,178.14,8.5,79.0,20.0,MLv,,,,3.2,0.3,19,,,,,,,3.5,0.1,20
2022p259029,2022-04-06T20:10:45Z,-39.51,2.6,176.82,2.9,26.0,4.0,M,,,,2.0,0.2,13,2.1,nan,6,,,,2.1,0.2,6
2022p259067,2022-04-06T20:31:31Z,-38.17,18.9,175.82,22.3,171.0,21.0,M,,,,,,,2.2,nan,3,,,,2.2,0.2,3
2022p259097,2022-04-06T20:47:07Z,-39.25,9.8,177.94,7.9,24.0,6.0,M,,,,2.3,0.2,9,1.9,nan,2,,,,1.9,0.5,2
2022p259236,2022-04-06T22:00:59Z,-39.42,6.6,174.44,7.2,130.0,10.0,MLv,,,,,,,,,,,,,3.0,0.3,6
2022p259286,2022-04-06T22:27:55Z,-41.29,2.7,175.69,2.9,13.0,6.0,MLv,,,,2.4,0.2,13,2.4,nan,12,,,,2.4,0.2,12
2022p259742,2022-04-07T02:30:49Z,-39.9,2.1,176.58,2.6,21.0,5.0,M,,,,2.9,0.2,16,3.0,nan,30,,,,3.0,0.2,30
2022p259900,2022-04-07T03:54:57Z,-39.89,2.6,176.59,3.2,21.0,6.0,M,,,,2.1,0.2,14,2.0,nan,13,,,,2.0,0.2,13
2022p259995,2022-04-07T04:45:26Z,-40.13,2.8,174.93,3.8,21.0,7.0,M,,,,2.2,0.1,7,2.4,nan,3,,,,2.4,0.1,3
2022p260025,2022-04-07T05:01:40Z,-43.6,2.6,172.73,3.5,5.0,0.0,M,,,,1.9,0.2,8,1.9,nan,2,,,,1.9,0.0,2
2022p260038,2022-04-07T05:08:20Z,-43.22,4.8,170.44,3.8,5.0,0.0,M,,,,2.3,0.2,10,2.1,nan,3,,,,2.1,0.3,3
2022p260055,2022-04-07T05:17:23Z,-35.78,6.9,-179.46,8.8,33.0,0.0,MLv,,,,4.1,0.2,13,,,,,,,4.3,0.2,27
2022p260063,2022-04-07T05:21:51Z,-43.61,4.1,172.43,2.8,6.0,7.0,M,,,,2.4,0.2,8,2.4,nan,7,,,,2.4,0.3,7
2022p260086,2022-04-07T05:33:56Z,-42.21,2.3,173.53,2.8,5.0,0.0,MLv,,,,2.3,0.3,8,2.0,nan,4,,,,2.0,0.2,4
2022p260149,2022-04-07T06:07:50Z,-43.23,4.1,170.43,3.5,3.0,3.0,M,,,,2.3,0.3,8,2.1,nan,2,,,,2.1,0.1,2
2022p260166,2022-04-07T06:16:55Z,-37.89,4.2,176.95,3.2,5.0,0.0,M,,,,2.0,0.4,2,2.2,nan,1,,,,2.2,nan,1
2022p260168,2022-04-07T06:17:48Z,-37.88,4.0,176.97,3.1,5.0,4.0,M,,,,2.1,0.3,6,2.3,nan,4,,,,2.3,0.3,4
2022p260258,2022-04-07T07:05:35Z,-40.36,2.4,176.24,2.7,26.0,4.0,MLv,,,,1.8,0.2,15,,,,,,,1.8,0.1,7
2022p260332,2022-04-07T07:45:10Z,-38.97,5.6,175.54,9.3,90.0,11.0,M,,,,,,,1.9,nan,1,,,,1.9,nan,1
2022p260337,2022-04-07T07:47:52Z,-40.44,2.8,175.85,3.4,23.0,7.0,MLv,,,,1.4,0.3,9,1.5,nan,4,,,,1.5,0.5,4
2022p260407,2022-04-07T08:24:55Z,-37.9,5.2,177.18,3.4,35.0,8.0,M,,,,2.2,0.2,13,2.1,nan,13,,,,2.1,0.2,13
2022p260533,2022-04-07T09:32:00Z,-39.21,3.6,174.79,2.1,28.0,4.0,MLv,,,,2.5,0.2,22,2.5,nan,12,,,,2.5,0.3,12
2022p260568,2022-04-07T09:51:02Z,-39.62,2.2,175.45,4.0,12.0,0.0,M,,,,1.9,0.4,11,1.2,nan,2,,,,1.2,0.3,2
2022p260748,2022-04-07T11:26:55Z,-39.39,5.0,175.83,3.8,14.0,10.0,M,,,,1.1,0.3,10,0.4,nan,2,,,,0.4,0.6,2
2022p260776,2022-04-07T11:43:11Z,-40.33,4.2,175.95,4.2,27.0,8.0,M,,,,1.2,0.3,6,1.3,nan,2,,,,1.3,0.7,2
2022p260862,2022-04-07T12:27:52Z,-39.38,3.4,175.82,4.8,15.0,10.0,MLv,,,,1.0,0.5,7,0.7,nan,4,,,,0.7,0.2,4
2022p260873,2022-04-07T12:33:10Z,-38.91,4.1,176.67,4.6,44.0,10.0,M,,,,1.8,0.4,10,1.6,nan,6,,,,1.6,0.4,6
2022p260909,2022-04-07T12:52:35Z,-43.09,2.2,171.13,2.1,5.0,0.0,ML,,,,1.9,0.2,2,2.2,nan,1,,,,2.2,nan,1
2022p260960,2022-04-07T13:19:33Z,-40.07,3.4,174.77,4.8,56.0,9.0,MLv,,,,2.7,0.3,17,2.5,nan,19,,,,2.5,0.2,19
2022p260973,2022-04-07T13:26:40Z,-37.6,9.5,179.76,7.9,33.0,0.0,MLv,,,,2.7,0.2,11,,,,,,,2.6,0.1,2
2022p260989,2022-04-07T13:35:01Z,-39.85,3.0,176.93,4.8,24.0,5.0,MLv,,,,1.9,0.2,12,1.9,nan,6,,,,1.9,0.1,6
2022p260996,2022-04-07T13:39:04Z,-39.85,2.4,176.94,4.0,23.0,4.0,M,,,,1.7,0.3,10,1.7,nan,4,,,,1.7,0.4,4
2022p261083,2022-04-07T14:26:22Z,-40.59,2.8,175.87,3.3,25.0,6.0,M,,,,1.0,0.3,7,0.9,nan,1,,,,0.9,nan,1
2022p261365,2022-04-07T16:55:43Z,-40.38,3.5,176.02,4.2,40.0,8.0,MLv,,,,2.2,0.3,9,2.3,nan,19,,,,2.3,0.2,19
2022p261375,2022-04-07T17:00:55Z,-39.16,6.9,178.57,10.1,12.0,0.0,M,,,,2.2,0.1,12,2.1,nan,7,,,,2.1,0.1,7
2022p261386,2022-04-07T17:06:43Z,-39.72,6.9,178.73,11.9,33.0,0.0,MLv,,,,2.8,0.1,15,2.7,nan,7,,,,2.7,0.2,7
2022p261414,2022-04-07T17:21:25Z,-38.76,2.7,177.64,2.8,27.0,5.0,MLv,,,,3.8,0.3,15,,,,,,,3.3,0.2,64
2022p261427,2022-04-07T17:27:37Z,-33.04,7.1,-179.59,16.6,100.0,0.0,MLv,5.5,0.1,8,4.4,0.3,7,,,,4.9,0.4,8,4.9,0.2,12
2022p261466,2022-04-07T17:49:37Z,-38.52,7.6,176.13,6.6,89.0,14.0,MLv,,,,1.5,0.4,10,,,,,,,2.5,0.3,36
2022p261559,2022-04-07T18:39:00Z,-42.18,2.6,173.56,2.6,5.0,0.0,M,,,,2.2,0.2,8,2.3,nan,4,,,,2.3,0.1,4
2022p261592,2022-04-07T18:56:36Z,-41.78,5.8,172.52,4.5,58.0,8.0,M,,,,2.3,0.2,12,2.1,nan,6,,,,2.1,0.4,6
2022p261793,2022-04-07T20:43:40Z,-40.09,2.9,174.84,4.6,5.0,0.0,M,,,,2.2,0.2,11,2.3,nan,3,,,,2.3,0.2,3
2022p261796,2022-04-07T20:45:24Z,-39.22,4.2,175.41,4.6,11.0,8.0,M,,,,1.0,0.2,8,1.1,nan,6,,,,1.1,0.2,6
2022p262098,2022-04-07T23:25:54Z,-39.61,6.2,174.32,6.5,186.0,9.0,M,,,,,,,2.3,nan,3,,,,2.3,0.4,3
2022p262119,2022-04-07T23:37:19Z,-40.58,2.9,175.87,3.4,25.0,6.0,M,,,,1.3,0.2,9,1.3,nan,4,,,,1.3,0.2,4
2022p262172,2022-04-08T00:05:26Z,-41.73,3.7,172.29,4.1,71.0,8.0,M,,,,2.3,0.2,12,2.3,nan,5,,,,2.3,0.3,5
2022p262232,2022-04-08T00:37:32Z,-39.48,3.8,175.7,4.9,14.0,8.0,M,,,,1.6,0.2,6,1.9,nan,13,,,,1.9,0.2,13
2022p262468,2022-04-08T02:43:19Z,-37.02,7.2,178.96,10.1,19.0,8.0,M,,,,2.6,0.2,13,2.5,nan,5,,,,2.5,0.1,5
2022p262470,2022-04-08T02:44:02Z,-40.3,2.7,176.55,2.5,14.0,6.0,MLv,,,,2.8,0.2,9,,,,,,,2.7,0.2,29
2022p262587,2022-04-08T03:46:47Z,-40.32,6.1,173.42,6.0,179.0,8.0,MLv,,,,,,,,,,,,,3.1,0.3,35
2022p262619,2022-04-08T04:03:37Z,-40.12,4.4,174.91,5.9,41.0,17.0,MLv,,,,2.2,0.2,15,2.0,nan,3,,,,2.0,0.1,3
2022p262687,2022-04-08T04:39:48Z,-39.48,4.2,177.36,4.6,24.0,7.0,M,,,,2.2,0.2,11,2.2,nan,6,,,,2.2,0.1,6
2022p262814,2022-04-08T05:47:49Z,-39.83,2.7,176.78,3.9,30.0,7.0,M,,,,1.7,0.1,11,1.6,nan,6,,,,1.6,0.1,6
2022p262951,2022-04-08T07:00:48Z,-41.74,4.3,172.32,4.8,70.0,9.0,MLv,,,,2.0,0.3,10,2.0,nan,3,,,,2.0,0.2,3
2022p263032,2022-04-08T07:43:37Z,-37.2,6.7,177.65,7.2,76.0,12.0,M,,,,2.3,0.2,13,2.3,nan,7,,,,2.3,0.2,7
2022p263162,2022-04-08T08:52:49Z,-41.66,3.0,173.94,4.5,28.0,5.0,M,,,,1.9,0.1,6,0.9,nan,4,,,,0.9,0.5,4
2022p263173,2022-04-08T08:58:42Z,-36.76,7.5,177.26,5.6,5.0,0.0,M,,,,2.3,0.1,12,2.3,nan,4,,,,2.3,0.2,4
2022p263254,2022-04-08T09:42:11Z,-45.39,4.8,167.33,5.6,131.0,8.0,M,,,,,,,1.7,nan,2,,,,1.7,0.8,2
2022p263258,2022-04-08T09:43:58Z,-38.11,8.4,175.92,12.5,185.0,12.0,M,,,,,,,1.6,nan,1,,,,1.6,nan,1
2022p263310,2022-04-08T10:11:44Z,-36.78,7.5,177.65,7.6,12.0,0.0,M,,,,2.5,0.2,10,2.5,nan,5,,,,2.5,0.1,5
2022p263312,2022-04-08T10:12:42Z,-40.03,2.3,175.05,3.1,28.0,3.0,MLv,,,,3.1,0.2,21,,,,,,,3.1,0.2,54
2022p263325,2022-04-08T10:19:58Z,-38.71,11.8,176.22,17.4,49.0,19.0,M,,,,1.7,0.3,8,1.4,nan,3,,,,1.4,0.6,3
2022p263355,2022-04-08T10:35:49Z,-40.75,7.9,176.37,5.7,18.0,6.0,MLv,,,,1.8,0.3,7,1.0,nan,4,,,,1.0,0.1,4
2022p263356,2022-04-08T10:36:13Z,-40.59,3.0,175.85,3.1,27.0,5.0,M,,,,1.6,0.2,7,1.8,nan,6,,,,1.8,0.2,6
2022p263411,2022-04-08T11:05:33Z,-40.97,4.9,173.61,3.4,63.0,7.0,MLv,,,,2.8,0.4,13,,,,,,,2.8,0.2,28
2022p263537,2022-04-08T12:12:47Z,-39.21,5.0,175.29,5.5,91.0,7.0,MLv,,,,2.4,0.3,16,,,,,,,2.8,0.3,48
2022p263591,2022-04-08T12:41:27Z,-36.67,6.9,177.59,6.6,5.0,0.0,MLv,,,,2.7,0.2,13,2.9,nan,6,,,,2.9,0.2,6
2022p263609,2022-04-08T12:50:35Z,-36.68,8.7,177.58,6.9,5.0,0.0,M,,,,2.3,0.1,5,2.4,nan,2,,,,2.4,0.0,2
2022p263675,2022-04-08T13:26:03Z,-41.44,3.0,174.3,1.8,18.0,4.0,M,,,,2.5,0.1,17,2.5,nan,16,,,,2.5,0.2,16
2022p263681,2022-04-08T13:29:32Z,-39.34,4.3,176.31,4.0,57.0,7.0,M,,,,2.2,0.3,17,2.2,nan,21,,,,2.2,0.2,21
2022p263690,2022-04-08T13:34:06Z,-45.07,5.1,167.38,5.8,79.0,7.0,MLv,,,,3.5,0.3,7,,,,,,,3.8,0.2,16
2022p263760,2022-04-08T14:11:43Z,-39.69,4.5,174.21,5.5,184.0,6.0,MLv,,,,2.3,0.1,7,3.2,nan,45,,,,3.2,0.3,45
2022p263799,2022-04-08T14:32:15Z,-39.21,7.0,174.75,7.0,184.0,12.0,MLv,,,,1.8,0.3,7,2.1,nan,3,,,,2.1,0.4,3
2022p263832,2022-04-08T14:50:04Z,-39.29,3.9,175.14,3.0,24.0,5.0,MLv,,,,1.6,0.5,9,1.4,nan,3,,,,1.4,0.6,3
2022p263875,2022-04-08T15:13:03Z,-40.18,3.1,174.8,4.6,13.0,9.0,M,,,,2.0,0.2,6,1.9,nan,1,,,,1.9,nan,1
2022p263960,2022-04-08T15:58:17Z,-40.71,3.2,175.35,2.8,20.0,4.0,MLv,,,,1.7,0.2,15,1.7,nan,6,,,,1.7,0.2,6
2022p264026,2022-04-08T16:33:18Z,-37.12,44.2,177.46,50.9,67.0,79.0,M,,,,2.0,0.1,8,2.2,nan,7,,,,2.2,0.2,7
2022p264051,2022-04-08T16:46:36Z,-44.32,2.6,169.26,2.7,5.0,0.0,MLv,,,,2.3,0.2,9,2.1,nan,3,,,,2.1,0.2,3
2022p264276,2022-04-08T18:46:19Z,-36.51,9.4,177.57,9.3,181.0,13.0,M,,,,2.5,0.1,7,2.9,nan,6,,,,2.9,0.2,6
2022p264354,2022-04-08T19:28:14Z,-41.3,5.0,173.38,4.7,83.0,7.0,M,,,,,,,1.8,nan,3,,,,1.8,0.1,3
2022p264389,2022-04-08T19:46:55Z,-39.89,2.8,176.69,2.7,31.0,6.0,MLv,,,,1.9,0.2,12,1.9,nan,7,,,,1.9,0.1,7
2022p264523,2022-04-08T20:57:52Z,-38.09,4.1,176.73,2.8,1.0,7.0,M,,,,2.1,0.3,10,2.0,nan,11,,,,2.0,0.2,11
2022p264589,2022-04-08T21:33:31Z,-38.38,9.1,175.88,13.3,162.0,12.0,M,,,,1.9,0.2,6,2.2,nan,3,,,,2.2,0.7,3
2022p264627,2022-04-08T21:53:14Z,-36.79,8.1,177.57,8.4,159.0,12.0,MLv,,,,2.6,0.2,9,,,,,,,3.2,0.4,12
2022p264654,2022-04-08T22:07:41Z,-38.02,8.6,176.44,12.7,134.0,13.0,M,,,,,,,2.0,nan,3,,,,2.0,0.1,3
2022p264730,2022-04-08T22:48:59Z,-37.87,9.4,179.1,10.5,33.0,0.0,MLv,,,,2.1,0.2,7,2.3,nan,2,,,,2.3,0.3,2
2022p264791,2022-04-08T23:21:08Z,-38.45,3.2,177.69,2.8,27.0,5.0,M,,,,1.9,0.2,12,1.9,nan,7,,,,1.9,0.2,7
2022p264939,2022-04-09T00:39:49Z,-41.66,3.7,174.3,4.0,6.0,5.0,M,,,,1.9,0.3,10,1.7,nan,4,,,,1.7,0.4,4
2022p265015,2022-04-09T01:20:27Z,-41.22,9.5,172.77,7.4,121.0,10.0,M,,,,,,,1.9,nan,1,,,,1.9,nan,1
2022p265022,2022-04-09T01:24:08Z,-39.45,4.3,175.71,2.9,13.0,7.0,M,,,,1.5,0.3,10,1.6,nan,7,,,,1.6,0.2,7
2022p265080,2022-04-09T01:55:07Z,-40.56,7.1,173.35,5.1,150.0,8.0,MLv,,,,,,,,,,,,,2.7,0.3,10
2022p265097,2022-04-09T02:03:53Z,-38.37,11.8,176.11,11.8,117.0,14.0,M,,,,1.9,0.3,9,2.0,nan,3,,,,2.0,0.2,3
2022p265102,2022-04-09T02:06:38Z,-38.76,3.3,177.31,3.2,29.0,8.0,MLv,,,,2.3,0.2,13,2.2,nan,12,,,,2.2,0.2,12
2022p265114,2022-04-09T02:13:02Z,-38.66,4.2,176.07,3.1,5.0,10.0,MLv,,,,1.9,0.3,7,2.0,nan,6,,,,2.0,0.4,6
2022p265287,2022-04-09T03:44:58Z,-38.83,2.4,175.83,4.6,8.0,7.0,M,,,,1.5,0.2,13,1.4,nan,5,,,,1.4,0.2,5
2022p265342,2022-04-09T04:14:43Z,-39.2,5.5,175.91,5.0,47.0,10.0,M,,,,1.4,0.4,10,1.3,nan,3,,,,1.3,0.7,3
2022p265420,2022-04-09T04:56:17Z,-37.89,7.8,176.33,8.3,122.0,11.0,M,,,,1.9,0.2,8,2.0,nan,6,,,,2.0,0.2,6
2022p265495,2022-04-09T05:35:53Z,-38.82,3.8,175.73,10.6,5.0,0.0,M,,,,1.2,0.2,8,1.2,nan,4,,,,1.2,0.2,4
2022p265557,2022-04-09T06:09:04Z,-39.18,2.8,177.35,3.1,20.0,5.0,M,,,,1.9,0.1,12,1.8,nan,7,,,,1.8,0.1,7
2022p265655,2022-04-09T07:01:26Z,-39.55,3.3,176.89,5.0,23.0,6.0,M,,,,1.6,0.2,8,1.5,nan,5,,,,1.5,0.2,5
2022p265762,2022-04-09T07:58:37Z,-37.09,4.8,179.0,9.1,12.0,0.0,MLv,,,,3.5,0.2,20,,,,,,,3.5,0.2,49
2022p265763,2022-04-09T07:59:00Z,-41.23,6.2,173.11,6.0,99.0,8.0,MLv,,,,,,,,,,,,,2.6,0.4,15
2022p265780,2022-04-09T08:07:55Z,-40.65,4.3,176.29,4.4,24.0,5.0,M,,,,1.4,0.3,10,1.4,nan,4,,,,1.4,0.2,4
2022p265812,2022-04-09T08:25:07Z,-39.52,7.8,174.52,5.9,123.0,11.0,M,,,,2.1,0.4,6,2.0,nan,4,,,,2.0,0.3,4
2022p265869,2022-04-09T08:55:00Z,-38.49,4.7,177.74,4.4,47.0,8.0,M,,,,1.5,0.3,10,1.3,nan,5,,,,1.3,0.4,5
2022p265876,2022-04-09T08:59:14Z,-39.2,4.0,177.06,4.7,29.0,5.0,MLv,,,,1.5,0.2,10,1.5,nan,4,,,,1.5,0.2,4
2022p265912,2022-04-09T09:18:06Z,-40.84,3.5,175.26,2.8,24.0,6.0,M,,,,1.2,0.4,9,1.2,nan,4,,,,1.2,0.7,4
2022p265986,2022-04-09T09:57:41Z,-36.93,5.7,176.59,7.7,12.0,0.0,M,,,,2.2,0.2,6,2.2,nan,4,,,,2.2,0.3,4
2022p265995,2022-04-09T10:02:43Z,-40.09,2.8,176.37,3.6,21.0,7.0,M,,,,1.2,0.4,9,1.2,nan,5,,,,1.2,0.3,5
2022p266011,2022-04-09T10:10:44Z,-39.95,3.2,176.63,3.0,36.0,5.0,M,,,,2.3,0.2,14,2.4,nan,23,,,,2.4,0.2,23
2022p266018,2022-04-09T10:14:38Z,-39.86,5.4,173.88,6.5,186.0,8.0,M,,,,,,,2.4,nan,8,,,,2.4,0.2,8
2022p266036,2022-04-09T10:24:00Z,-36.92,3.9,176.64,4.8,5.0,0.0,MLv,,,,2.2,0.4,9,2.4,nan,6,,,,2.4,0.2,6
2022p266041,2022-04-09T10:26:47Z,-41.07,4.6,174.62,3.2,43.0,6.0,M,,,,2.1,0.1,12,2.1,nan,10,,,,2.1,0.2,10
2022p266084,2022-04-09T10:49:58Z,-37.91,5.0,176.29,5.6,142.0,9.0,MLv,,,,,,,,,,,,,2.3,0.2,7
2022p266200,2022-04-09T11:51:47Z,-39.7,2.6,176.94,3.6,25.0,4.0,M,,,,2.6,0.2,17,2.6,nan,28,,,,2.6,0.2,28
2022p266215,2022-04-09T11:59:52Z,-39.3,6.8,175.96,4.5,46.0,12.0,MLv,,,,0.9,0.4,7,0.2,nan,2,,,,0.2,0.1,2
2022p266222,2022-04-09T12:03:10Z,-39.7,2.2,176.94,3.8,25.0,3.0,MLv,,,,2.3,0.2,15,2.3,nan,15,,,,2.3,0.2,15
2022p266263,2022-04-09T12:24:57Z,-39.7,2.6,176.93,3.8,25.0,4.0,M,,,,2.0,0.2,11,2.1,nan,7,,,,2.1,0.2,7
2022p266333,2022-04-09T13:02:44Z,-44.14,2.9,169.86,2.4,5.0,0.0,MLv,,,,2.3,0.2,10,2.1,nan,2,,,,2.1,0.6,2
2022p266358,2022-04-09T13:15:49Z,-40.2,3.3,176.27,3.9,40.0,6.0,M,,,,1.6,0.2,12,1.6,nan,9,,,,1.6,0.2,9
2022p266390,2022-04-09T13:32:55Z,-38.82,2.8,175.85,4.2,6.0,7.0,MLv,,,,1.2,0.2,11,0.9,nan,5,,,,0.9,0.2,5
2022p266402,2022-04-09T13:39:18Z,-39.97,4.1,176.58,4.2,37.0,8.0,M,,,,1.3,0.3,7,1.2,nan,2,,,,1.2,0.2,2
2022p266414,2022-04-09T13:45:26Z,-40.9,2.6,175.74,3.1,21.0,5.0,MLv,,,,1.8,0.1,14,1.8,nan,7,,,,1.8,0.2,7
2022p266500,2022-04-09T14:31:40Z,-38.64,6.9,175.35,8.7,200.0,13.0,MLv,,,,,,,2.1,nan,6,,,,2.1,0.4,6
2022p266557,2022-04-09T15:01:36Z,-37.09,5.1,177.66,6.3,73.0,12.0,MLv,,,,3.6,0.4,21,,,,,,,3.7,0.2,76
2022p266578,2022-04-09T15:12:55Z,-39.18,13.2,175.02,7.0,138.0,9.0,M,,,,1.3,0.3,5,1.8,nan,7,,,,1.8,0.4,7
2022p266593,2022-04-09T15:21:00Z,-38.43,10.5,175.35,9.5,228.0,12.0,MLv,,,,,,,,,,,,,2.8,0.4,5
2022p266622,2022-04-09T15:36:31Z,-38.13,3.5,177.91,3.5,28.0,7.0,M,,,,1.3,0.3,7,0.7,nan,2,,,,0.7,0.1,2
2022p266801,2022-04-09T17:11:39Z,-36.67,9.6,177.57,8.9,178.0,12.0,MLv,,,,2.7,0.3,8,,,,,,,3.2,0.3,18
2022p266843,2022-04-09T17:34:02Z,-36.92,3.7,176.59,4.3,12.0,0.0,M,,,,2.4,0.3,10,2.4,nan,8,,,,2.4,0.3,8
2022p266846,2022-04-09T17:35:58Z,-38.07,8.1,176.48,9.6,66.0,15.0,MLv,,,,1.9,0.2,9,1.9,nan,3,,,,1.9,0.4,3
2022p266863,2022-04-09T17:44:58Z,-38.45,6.9,175.62,7.4,139.0,11.0,M,,,,,,,2.2,nan,7,,,,2.2,0.4,7
2022p266880,2022-04-09T17:52:51Z,-35.3,15.5,-179.84,21.2,300.0,0.0,MLv,,,,3.5,0.2,2,,,,,,,3.8,0.2,10
2022p266887,2022-04-09T17:57:20Z,-38.32,10.1,176.15,12.5,143.0,9.0,MLv,,,,1.8,0.3,10,2.0,nan,7,,,,2.0,0.3,7
2022p266903,2022-04-09T18:06:17Z,-38.12,5.0,176.19,6.0,143.0,8.0,MLv,,,,,,,1.9,nan,6,,,,1.9,0.2,6
2022p266911,2022-04-09T18:10:17Z,-40.65,2.7,175.85,2.5,22.0,5.0,MLv,,,,3.1,0.2,12,,,,,,,3.1,0.2,43
2022p266992,2022-04-09T18:53:46Z,-39.62,2.8,176.74,3.0,20.0,6.0,MLv,,,,1.4,0.3,7,1.3,nan,4,,,,1.3,0.4,4
2022p267127,2022-04-09T20:05:20Z,-39.32,10.6,174.5,6.6,134.0,8.0,MLv,,,,1.8,0.2,6,2.1,nan,5,,,,2.1,0.3,5
2022p267214,2022-04-09T20:51:57Z,-39.25,7.7,175.1,5.2,19.0,10.0,M,,,,1.4,0.2,8,1.4,nan,3,,,,1.4,0.5,3
2022p267259,2022-04-09T21:15:59Z,-42.83,2.9,171.44,3.6,5.0,0.0,M,,,,2.4,0.3,12,1.6,nan,1,,,,1.6,nan,1
2022p267342,2022-04-09T21:59:59Z,-40.17,3.9,174.95,7.5,42.0,12.0,M,,,,2.0,0.2,9,2.2,nan,6,,,,2.2,0.3,6
2022p267376,2022-04-09T22:18:16Z,-43.58,1.8,172.7,1.7,5.0,2.0,MLv,,,,2.5,0.2,7,2.7,nan,7,,,,2.7,0.2,7
2022p267421,2022-04-09T22:42:03Z,-40.84,3.5,175.89,3.9,22.0,8.0,MLv,,,,1.1,0.3,6,1.1,nan,3,,,,1.1,0.2,3
2022p267435,2022-04-09T22:49:34Z,-37.16,10.0,176.9,8.2,216.0,11.0,MLv,,,,,,,,,,,,,2.8,0.4,16
2022p267470,2022-04-09T23:08:14Z,-42.98,2.6,171.77,2.3,5.0,0.0,MLv,,,,2.2,0.2,13,2.1,nan,3,,,,2.1,0.1,3
2022p267509,2022-04-09T23:29:10Z,-39.81,5.0,177.0,5.7,13.0,8.0,M,,,,1.6,0.3,9,1.5,nan,4,,,,1.5,0.1,4
2022p267520,2022-04-09T23:34:55Z,-40.65,5.5,174.35,4.7,60.0,11.0,MLv,,,,2.0,0.3,8,1.9,nan,2,,,,1.9,0.4,2
2022p267538,2022-04-09T23:44:31Z,-40.52,3.3,176.54,4.5,14.0,8.0,MLv,,,,2.2,0.1,8,2.2,nan,13,,,,2.2,0.3,13
2022p267541,2022-04-09T23:46:07Z,-41.51,2.8,174.36,2.1,12.0,0.0,MLv,,,,1.9,0.2,16,2.0,nan,8,,,,2.0,0.3,8
2022p267572,2022-04-10T00:02:39Z,-38.79,7.9,175.6,9.3,104.0,19.0,M,,,,1.5,0.2,2,2.2,nan,9,,,,2.2,0.3,9
2022p267680,2022-04-10T00:59:56Z,-39.03,10.7,174.91,7.2,200.0,7.0,MLv,,,,,,,,,,,,,2.8,0.2,31
2022p267703,2022-04-10T01:12:24Z,-39.95,3.3,176.62,3.5,37.0,8.0,MLv,,,,2.5,0.2,8,2.5,nan,8,,,,2.5,0.2,8
2022p267772,2022-04-10T01:49:42Z,-40.37,3.4,176.42,3.1,15.0,7.0,M,,,,1.4,0.3,8,1.2,nan,3,,,,1.2,0.5,3
2022p267832,2022-04-10T02:21:15Z,-39.57,5.0,176.76,7.4,29.0,8.0,M,,,,1.2,0.3,7,1.2,nan,3,,,,1.2,0.3,3
2022p267907,2022-04-10T03:00:56Z,-39.94,3.2,176.59,3.2,35.0,7.0,MLv,,,,1.4,0.3,11,1.4,nan,7,,,,1.4,0.3,7
2022p267980,2022-04-10T03:40:01Z,-36.81,8.3,177.32,8.0,195.0,9.0,MLv,,,,,,,,,,,,,4.0,0.5,83
2022p268011,2022-04-10T03:56:39Z,-41.31,10.6,172.45,10.2,174.0,9.0,M,,,,,,,2.6,nan,5,,,,2.6,0.2,5
2022p268019,2022-04-10T04:00:49Z,-45.87,4.9,167.02,7.1,52.0,11.0,ML,,,,2.4,0.4,8,2.6,nan,1,,,,2.6,nan,1
2022p268042,2022-04-10T04:13:01Z,-36.08,17.6,178.05,24.9,209.0,17.0,MLv,,,,2.8,0.1,8,,,,,,,3.0,0.2,7
2022p268092,2022-04-10T04:39:35Z,-39.55,11.1,174.36,9.9,192.0,13.0,M,,,,,,,2.6,nan,2,,,,2.6,0.6,2
2022p268139,2022-04-10T05:06:11Z,-40.92,3.4,175.75,3.4,20.0,8.0,M,,,,0.8,0.3,7,0.7,nan,2,,,,0.7,0.1,2
2022p268345,2022-04-10T06:54:16Z,-39.34,3.2,176.23,3.0,68.0,6.0,M,,,,2.3,0.3,27,2.5,nan,42,,,,2.5,0.3,42
2022p268348,2022-04-10T06:56:17Z,-38.2,3.7,177.7,4.2,10.0,12.0,M,,,,1.0,0.3,6,1.0,nan,2,,,,1.0,0.0,2
2022p268374,2022-04-10T07:09:07Z,-34.2,34.4,179.74,37.5,223.0,56.0,MLv,,,,3.3,0.3,5,3.4,nan,1,,,,3.4,nan,1
2022p268471,2022-04-10T08:01:25Z,-39.49,13.3,174.93,7.3,91.0,19.0,M,,,,1.7,0.3,8,1.5,nan,3,,,,1.5,0.2,3
2022p268497,2022-04-10T08:15:39Z,-38.01,3.5,177.89,3.5,23.0,6.0,M,,,,1.7,0.2,10,1.7,nan,5,,,,1.7,0.2,5
2022p268529,2022-04-10T08:32:37Z,-39.5,19.4,175.74,15.0,12.0,23.0,M,,,,0.5,0.7,6,0.2,nan,1,,,,0.2,nan,1
2022p268535,2022-04-10T08:36:56Z,-39.14,3.3,175.65,3.0,4.0,3.0,M,,,,0.3,0.1,7,0.1,nan,6,,,,0.1,0.1,6
2022p268617,2022-04-10T09:19:35Z,-39.1,9.7,174.92,9.7,200.0,9.0,M,,,,,,,2.5,nan,18,,,,2.5,0.3,18
2022p268655,2022-04-10T09:39:37Z,-39.48,3.4,175.72,2.5,11.0,6.0,MLv,,,,1.5,0.3,12,1.5,nan,12,,,,1.5,0.2,12
2022p268787,2022-04-10T10:50:34Z,-38.06,4.4,176.72,2.7,5.0,0.0,M,,,,1.5,0.2,10,1.4,nan,7,,,,1.4,0.2,7
2022p268800,2022-04-10T10:57:07Z,-39.52,3.2,177.08,4.8,30.0,6.0,MLv,,,,2.4,0.2,11,2.3,nan,18,,,,2.3,0.2,18
2022p268825,2022-04-10T11:09:59Z,-36.6,13.7,177.5,10.7,182.0,16.0,MLv,,,,2.4,0.2,11,2.6,nan,6,,,,2.6,0.2,6
2022p268845,2022-04-10T11:20:56Z,-39.52,3.9,174.39,4.3,121.0,7.0,M,,,,1.7,0.3,7,2.1,nan,14,,,,2.1,0.2,14
2022p268860,2022-04-10T11:28:49Z,-38.07,4.3,176.76,3.0,4.0,4.0,MLv,,,,1.8,0.2,9,1.9,nan,6,,,,1.9,0.2,6
2022p268871,2022-04-10T11:35:35Z,-40.46,3.8,176.3,3.4,19.0,7.0,MLv,,,,1.2,0.2,7,1.2,nan,5,,,,1.2,0.3,5
2022p268896,2022-04-10T11:48:02Z,-39.29,4.5,175.14,2.6,20.0,5.0,M,,,,2.0,0.3,15,2.0,nan,13,,,,2.0,0.2,13
2022p268970,2022-04-10T12:27:25Z,-40.16,2.7,174.95,3.8,12.0,0.0,MLv,,,,1.9,0.1,8,1.8,nan,11,,,,1.8,0.1,11
2022p268983,2022-04-10T12:34:21Z,-39.55,3.9,176.96,4.5,27.0,7.0,M,,,,1.3,0.2,7,1.3,nan,5,,,,1.3,0.3,5
2022p268992,2022-04-10T12:38:59Z,-41.54,3.3,174.42,2.7,12.0,0.0,MLv,,,,1.6,0.2,10,1.2,nan,2,,,,1.2,0.0,2
2022p269035,2022-04-10T13:02:02Z,-38.68,3.5,177.89,5.5,25.0,8.0,MLv,,,,1.6,0.3,8,1.5,nan,5,,,,1.5,0.3,5
2022p269078,2022-04-10T13:25:16Z,-39.68,2.1,175.55,2.8,17.0,4.0,M,,,,2.0,0.2,18,2.1,nan,22,,,,2.1,0.2,22
2022p269119,2022-04-10T13:46:53Z,-38.03,21.3,176.43,20.2,48.0,80.0,M,,,,2.0,0.2,12,2.3,nan,8,,,,2.3,0.3,8
2022p269172,2022-04-10T14:15:19Z,-39.99,4.0,176.66,3.7,36.0,7.0,M,,,,2.2,0.2,9,2.2,nan,23,,,,2.2,0.2,23
2022p269254,2022-04-10T14:58:58Z,-41.78,2.5,174.16,6.9,13.0,4.0,MLv,,,,1.8,0.2,6,1.3,nan,3,,,,1.3,0.3,3
2022p269331,2022-04-10T15:39:55Z,-38.47,18.3,175.68,22.7,141.0,19.0,M,,,,1.7,0.3,7,1.6,nan,2,,,,1.6,0.1,2
2022p269423,2022-04-10T16:28:43Z,-42.27,2.6,173.79,3.8,10.0,4.0,MLv,,,,2.6,0.2,7,,,,,,,2.7,0.2,12
2022p269468,2022-04-10T16:52:54Z,-44.7,5.1,167.55,6.2,5.0,0.0,MLv,,,,2.9,0.2,8,,,,,,,3.0,0.1,6
2022p269538,2022-04-10T17:29:59Z,-45.8,3.7,170.13,2.1,5.0,0.0,MLv,,,,2.5,0.1,8,2.6,nan,3,,,,2.6,0.3,3
2022p269553,2022-04-10T17:38:14Z,-39.22,3.3,175.34,4.8,12.0,0.0,MLv,,,,1.0,0.2,10,0.8,nan,6,,,,0.8,0.2,6
2022p269574,2022-04-10T17:49:04Z,-41.24,6.4,172.65,7.3,130.0,7.0,MLv,,,,,,,,,,,,,2.7,0.2,11
2022p269621,2022-04-10T18:14:08Z,-38.58,9.2,175.86,12.7,149.0,9.0,M,,,,,,,1.7,nan,3,,,,1.7,0.1,3
2022p269640,2022-04-10T18:24:07Z,-36.92,17.3,177.39,14.1,151.0,22.0,MLv,,,,,,,2.6,nan,6,,,,2.6,0.2,6
2022p269745,2022-04-10T19:20:25Z,-37.59,9.5,176.28,10.0,168.0,10.0,M,,,,,,,2.1,nan,5,,,,2.1,0.4,5
2022p270087,2022-04-10T22:22:42Z,-40.59,3.2,175.87,2.5,20.0,5.0,M,,,,1.4,0.2,12,1.4,nan,3,,,,1.4,0.3,3
2022p270147,2022-04-10T22:54:44Z,-40.81,10.1,174.08,6.3,64.0,12.0,MLv,,,,1.7,0.4,4,1.6,nan,4,,,,1.6,0.3,4
2022p270163,2022-04-10T23:03:34Z,-41.75,3.4,174.07,4.0,9.0,9.0,MLv,,,,1.2,0.3,3,,,,,,,1.0,0.2,2
2022p270188,2022-04-10T23:16:06Z,-39.17,4.9,175.65,5.2,4.0,6.0,MLv,,,,1.0,0.1,6,1.0,nan,4,,,,1.0,0.2,4
2022p270187,2022-04-10T23:16:33Z,-39.16,4.9,175.63,5.3,5.0,7.0,M,,,,1.0,0.1,7,1.0,nan,6,,,,1.0,0.3,6
2022p270194,2022-04-10T23:19:38Z,-39.16,5.0,175.64,4.1,5.0,0.0,MLv,,,,0.7,0.2,7,0.8,nan,4,,,,0.8,0.2,4
2022p270294,2022-04-11T00:13:15Z,-37.25,10.7,176.99,9.9,116.0,13.0,M,,,,2.1,0.2,6,2.2,nan,3,,,,2.2,0.2,3
2022p270311,2022-04-11T00:21:04Z,-34.79,18.1,179.84,38.1,300.0,0.0,MLv,,,,3.6,0.5,3,3.8,nan,3,,,,3.8,0.4,3
2022p270382,2022-04-11T01:00:00Z,-42.16,2.6,172.2,2.7,5.0,0.0,MLv,,,,2.4,0.2,5,,,,,,,2.8,0.2,5
2022p270485,2022-04-11T01:54:37Z,-40.83,7.4,174.03,3.9,50.0,11.0,M,,,,1.7,0.2,7,1.7,nan,2,,,,1.7,0.4,2
2022p270522,2022-04-11T02:14:37Z,-39.05,4.2,177.47,3.0,23.0,6.0,M,,,,1.7,0.2,9,1.6,nan,4,,,,1.6,0.1,4
2022p270526,2022-04-11T02:16:25Z,-39.11,4.7,175.67,3.6,5.0,4.0,MLv,,,,0.6,0.2,6,0.6,nan,3,,,,0.6,0.1,3
2022p270615,2022-04-11T03:03:48Z,-45.39,4.8,167.02,5.3,13.0,5.0,M,,,,2.5,0.3,7,2.5,nan,3,,,,2.5,0.6,3
2022p270777,2022-04-11T04:30:40Z,-39.2,3.7,177.85,4.9,42.0,10.0,MLv,,,,1.9,0.2,12,1.9,nan,6,,,,1.9,0.2,6
2022p270807,2022-04-11T04:46:30Z,-40.67,2.4,175.48,2.3,22.0,4.0,MLv,,,,2.6,0.2,19,,,,,,,2.5,0.2,26
2022p270831,2022-04-11T04:58:55Z,-38.58,2.7,177.86,3.9,16.0,5.0,M,,,,1.9,0.1,12,1.9,nan,7,,,,1.9,0.2,7
2022p270877,2022-04-11T05:23:30Z,-38.84,2.8,174.73,2.9,14.0,7.0,MLv,,,,1.9,0.3,10,1.7,nan,3,,,,1.7,0.3,3
2022p270904,2022-04-11T05:37:41Z,-38.58,2.7,177.87,4.6,15.0,5.0,M,,,,2.2,0.2,13,2.1,nan,12,,,,2.1,0.1,12
2022p271178,2022-04-11T08:03:50Z,-41.21,3.3,175.21,2.8,22.0,7.0,MLv,,,,1.2,0.1,6,1.1,nan,3,,,,1.1,0.1,3
2022p271211,2022-04-11T08:21:34Z,-40.56,6.4,173.39,9.8,148.0,12.0,M,,,,,,,2.5,nan,5,,,,2.5,0.2,5
2022p271272,2022-04-11T08:54:14Z,-39.26,3.5,177.14,3.2,28.0,5.0,MLv,,,,2.1,0.1,14,,,,,,,2.1,0.2,13
2022p271354,2022-04-11T09:37:44Z,-40.04,3.2,175.25,3.7,25.0,4.0,M,,,,1.9,0.2,15,1.9,nan,7,,,,1.9,0.1,7
2022p271376,2022-04-11T09:48:26Z,-33.42,17.1,-179.34,37.9,400.0,0.0,MLv,4.2,0.2,4,4.0,0.3,6,3.8,nan,4,3.2,0.4,4,3.9,0.3,3
2022p271465,2022-04-11T10:36:43Z,-38.55,6.0,175.87,5.2,129.0,9.0,M,,,,1.8,0.2,8,2.3,nan,13,,,,2.3,0.2,13
2022p271486,2022-04-11T10:48:01Z,-37.13,6.4,177.89,7.4,74.0,13.0,MLv,,,,2.5,0.2,13,2.7,nan,13,-2.2,0.4,0,2.7,0.1,13
2022p271660,2022-04-11T12:20:42Z,-37.88,8.9,176.36,7.4,166.0,11.0,MLv,,,,,,,,,,,,,2.7,0.3,25
2022p271787,2022-04-11T13:28:26Z,-39.18,5.8,175.65,4.3,5.0,0.0,MLv,,,,0.6,0.1,6,0.5,nan,3,,,,0.5,0.2,3
2022p271810,2022-04-11T13:40:52Z,-41.74,2.3,174.14,3.3,9.0,0.0,M,,,,1.8,0.3,7,1.1,nan,3,,,,1.1,0.2,3
2022p271812,2022-04-11T13:41:51Z,-41.73,2.7,174.15,3.9,13.0,6.0,MLv,,,,1.6,0.5,7,0.9,nan,2,,,,0.9,0.3,2
2022p271813,2022-04-11T13:42:21Z,-38.35,13.8,175.62,16.7,131.0,28.0,MLv,,,,,,,1.7,nan,4,,,,1.7,0.1,4
2022p271816,2022-04-11T13:43:54Z,-41.74,2.3,174.13,2.4,9.0,3.0,M,,,,2.1,0.1,11,1.8,nan,5,,,,1.8,0.3,5
2022p271835,2022-04-11T13:54:10Z,-39.82,7.1,174.07,9.3,192.0,11.0,MLv,,,,,,,2.2,nan,3,,,,2.2,0.1,3
2022p271852,2022-04-11T14:02:57Z,-38.61,4.0,176.21,3.8,5.0,0.0,M,,,,1.2,0.3,7,1.4,nan,5,,,,1.4,0.4,5
2022p271912,2022-04-11T14:34:47Z,-43.61,3.1,172.43,2.0,6.0,5.0,M,,,,2.2,0.2,9,2.3,nan,5,,,,2.3,0.4,5
2022p272089,2022-04-11T16:09:44Z,-40.5,5.7,174.4,4.3,37.0,12.0,MLv,,,,1.9,0.3,8,1.7,nan,4,,,,1.7,0.1,4
2022p272208,2022-04-11T17:12:37Z,-39.65,2.2,176.4,2.7,30.0,5.0,M,,,,1.9,0.2,12,2.1,nan,16,,,,2.1,0.3,16
2022p272240,2022-04-11T17:30:02Z,-40.14,2.5,174.96,3.3,15.0,5.0,M,,,,2.1,0.2,19,2.2,nan,13,,,,2.2,0.2,13
2022p272294,2022-04-11T17:58:39Z,-38.81,3.9,175.99,4.2,12.0,0.0,MLv,,,,1.4,0.2,9,,,,,,,1.7,0.4,3
2022p272434,2022-04-11T19:13:07Z,-40.55,3.2,176.45,4.1,24.0,4.0,MLv,,,,2.8,0.2,12,,,,,,,2.6,0.2,27
2022p272533,2022-04-11T20:06:07Z,-39.28,2.3,175.49,3.5,7.0,6.0,MLv,,,,1.1,0.2,13,1.3,nan,7,,,,1.3,0.3,7
2022p272539,2022-04-11T20:08:52Z,-38.53,7.5,175.83,10.3,161.0,11.0,M,,,,,,,1.9,nan,2,,,,1.9,0.3,2
2022p272556,2022-04-11T20:18:14Z,-38.85,6.3,175.4,6.3,136.0,8.0,MLv,,,,,,,,,,,,,2.8,0.4,19
2022p272619,2022-04-11T20:51:50Z,-39.45,5.0,175.79,4.6,11.0,6.0,MLv,,,,1.5,0.2,15,1.6,nan,9,,,,1.6,0.3,9
2022p272805,2022-04-11T22:30:39Z,-41.69,2.3,174.16,2.5,9.0,0.0,M,,,,1.9,0.3,11,1.2,nan,4,,,,1.2,0.2,4
2022p272982,2022-04-12T00:04:51Z,-38.7,2.2,177.74,2.7,5.0,0.0,MLv,,,,2.0,0.2,10,2.1,nan,9,,,,2.1,0.1,9
2022p273078,2022-04-12T00:56:23Z,-45.18,3.7,167.02,4.2,5.0,0.0,M,,,,2.7,0.3,8,2.4,nan,1,,,,2.4,nan,1
2022p273131,2022-04-12T01:24:14Z,-38.33,7.9,176.15,8.1,139.0,9.0,MLv,,,,2.2,0.2,6,,,,,,,2.7,0.4,17
2022p273186,2022-04-12T01:53:49Z,-38.01,2.8,177.88,2.9,22.0,5.0,MLv,,,,2.4,0.2,11,2.2,nan,9,,,,2.2,0.2,9
2022p273234,2022-04-12T02:19:33Z,-39.11,3.3,174.56,2.2,18.0,5.0,MLv,,,,2.8,0.3,13,,,,,,,2.7,0.2,30
2022p273375,2022-04-12T03:34:43Z,-39.4,4.1,175.82,4.3,15.0,9.0,MLv,,,,0.9,0.4,7,0.3,nan,1,,,,0.3,nan,1
2022p273405,2022-04-12T03:50:28Z,-40.92,2.8,175.45,2.6,18.0,7.0,M,,,,1.8,0.1,9,1.8,nan,8,,,,1.8,0.1,8
2022p273516,2022-04-12T04:49:34Z,-39.68,2.3,176.93,3.8,25.0,5.0,MLv,,,,2.1,0.1,10,2.1,nan,12,,,,2.1,0.2,12
2022p273838,2022-04-12T07:41:07Z,-40.15,3.9,176.47,4.5,32.0,8.0,M,,,,1.1,0.3,7,1.0,nan,2,,,,1.0,0.2,2
2022p273844,2022-04-12T07:44:28Z,-39.26,3.1,173.92,2.9,16.0,3.0,M,,,,1.9,0.3,10,1.9,nan,6,,,,1.9,0.2,6
2022p273889,2022-04-12T08:08:10Z,-40.63,3.9,176.38,4.6,20.0,5.0,MLv,,,,2.6,0.1,13,2.4,nan,21,,,,2.4,0.2,21
2022p273905,2022-04-12T08:16:56Z,-40.66,4.4,176.4,5.2,20.0,8.0,M,,,,1.6,0.2,12,1.7,nan,5,,,,1.7,0.2,5
2022p273911,2022-04-12T08:20:15Z,-39.76,3.2,176.61,3.7,24.0,9.0,MLv,,,,1.1,0.5,6,0.8,nan,2,,,,0.8,0.7,2
2022p273937,2022-04-12T08:33:35Z,-39.68,2.6,175.97,4.0,11.0,8.0,M,,,,1.4,0.6,7,0.9,nan,2,,,,0.9,0.3,2
2022p274026,2022-04-12T09:21:44Z,-38.89,4.0,175.38,4.1,5.0,0.0,M,,,,1.4,0.2,8,0.7,nan,1,,,,0.7,nan,1
2022p274028,2022-04-12T09:22:07Z,-39.09,2.9,177.49,2.8,21.0,4.0,M,,,,1.7,0.3,14,1.8,nan,6,,,,1.8,0.1,6
2022p274037,2022-04-12T09:27:01Z,-38.48,13.6,175.82,12.7,160.0,14.0,MLv,,,,2.0,0.2,6,1.6,nan,3,,,,1.6,0.3,3
2022p274057,2022-04-12T09:38:01Z,-37.17,4.6,179.17,6.7,29.0,9.0,MLv,,,,4.3,0.2,19,,,,,,,4.3,0.2,78
2022p274112,2022-04-12T10:06:55Z,-39.46,6.0,177.62,5.9,37.0,9.0,M,,,,1.7,0.2,10,1.7,nan,2,,,,1.7,0.1,2
2022p274136,2022-04-12T10:20:07Z,-40.44,2.2,176.02,2.5,16.0,5.0,MLv,,,,3.0,0.2,12,,,,,,,2.9,0.2,39
2022p274167,2022-04-12T10:36:26Z,-41.23,4.5,174.67,2.9,17.0,7.0,M,,,,1.5,0.3,10,1.3,nan,1,,,,1.3,nan,1
2022p274207,2022-04-12T10:57:52Z,-44.43,3.8,167.72,5.5,5.0,0.0,M,,,,2.4,0.1,7,2.2,nan,4,,,,2.2,0.2,4
2022p274283,2022-04-12T11:38:18Z,-42.24,2.8,173.73,4.0,5.0,3.0,M,,,,2.0,0.4,6,1.5,nan,3,,,,1.5,0.4,3
2022p274314,2022-04-12T11:55:01Z,-38.95,3.7,177.73,5.1,20.0,8.0,M,,,,1.5,0.3,9,1.5,nan,4,,,,1.5,0.4,4
2022p274355,2022-04-12T12:16:58Z,-39.52,4.0,175.71,5.4,11.0,8.0,M,,,,1.4,0.5,7,0.8,nan,3,,,,0.8,0.4,3
2022p274421,2022-04-12T12:51:36Z,-42.99,2.8,171.34,2.3,5.0,0.0,M,,,,2.2,0.2,6,2.1,nan,1,,,,2.1,nan,1
2022p274439,2022-04-12T13:01:19Z,-37.92,8.7,176.49,8.0,124.0,10.0,M,,,,2.0,0.2,15,2.2,nan,7,,,,2.2,0.1,7
2022p274443,2022-04-12T13:03:20Z,-43.1,3.4,170.95,2.3,5.0,0.0,MLv,,,,2.6,0.2,7,2.8,nan,3,,,,2.8,0.3,3
2022p274500,2022-04-12T13:33:37Z,-38.03,9.0,176.16,9.2,101.0,14.0,M,,,,2.0,0.2,9,1.9,nan,2,,,,1.9,0.3,2
2022p274501,2022-04-12T13:34:12Z,-43.43,2.3,172.81,2.9,5.0,6.0,MLv,,,,2.8,0.2,9,2.9,nan,7,,,,2.9,0.2,7
2022p274598,2022-04-12T14:25:55Z,-40.53,3.2,175.79,3.8,25.0,6.0,M,,,,1.5,0.4,10,1.3,nan,3,,,,1.3,0.6,3
2022p274637,2022-04-12T14:46:50Z,-40.08,5.2,173.93,5.7,112.0,9.0,M,,,,2.4,0.2,8,2.3,nan,1,,,,2.3,nan,1
2022p274683,2022-04-12T15:11:12Z,-40.43,4.0,175.87,5.5,23.0,11.0,ML,,,,0.8,nan,1,,,,,,,,,
2022p274926,2022-04-12T17:20:54Z,-39.32,3.8,174.85,3.2,25.0,7.0,M,,,,1.9,0.3,7,1.9,nan,2,,,,1.9,0.2,2
2022p275053,2022-04-12T18:28:16Z,-37.91,3.7,178.33,4.0,6.0,6.0,M,,,,2.2,0.2,8,2.3,nan,5,,,,2.3,0.1,5
2022p275054,2022-04-12T18:28:52Z,-38.99,7.4,175.43,10.7,83.0,13.0,MLv,,,,2.0,0.5,7,2.1,nan,2,,,,2.1,0.0,2
2022p275240,2022-04-12T20:08:14Z,-45.73,3.4,166.98,4.9,53.0,8.0,MLv,,,,2.6,0.3,9,1.9,nan,2,,,,1.9,0.1,2
2022p275369,2022-04-12T21:17:07Z,-41.71,3.5,174.37,4.1,9.0,5.0,M,,,,2.0,0.3,8,1.7,nan,2,,,,1.7,0.3,2
2022p275402,2022-04-12T21:34:26Z,-42.98,2.4,171.46,2.7,5.0,0.0,MLv,,,,2.0,0.2,6,1.6,nan,3,,,,1.6,0.2,3
2022p275448,2022-04-12T21:58:52Z,-44.78,4.7,167.53,6.2,22.0,5.0,MLv,,,,2.8,0.2,11,2.5,nan,4,,,,2.5,0.2,4
2022p275486,2022-04-12T22:19:06Z,-37.84,8.1,177.27,6.8,35.0,7.0,M,,,,2.5,0.3,8,2.6,nan,3,,,,2.6,0.3,3
2022p275535,2022-04-12T22:45:07Z,-39.91,3.0,176.62,3.2,26.0,8.0,MLv,,,,2.0,0.3,8,1.9,nan,8,,,,1.9,0.2,8
2022p275679,2022-04-13T00:02:00Z,-39.5,4.1,175.69,3.3,10.0,8.0,MLv,,,,2.2,0.3,12,2.4,nan,14,,,,2.4,0.2,14
2022p275785,2022-04-13T00:58:20Z,-39.88,3.8,176.79,4.7,33.0,8.0,MLv,,,,2.0,0.3,9,2.0,nan,4,,,,2.0,0.3,4
2022p275800,2022-04-13T01:06:43Z,-43.49,4.1,171.65,3.5,7.0,5.0,M,,,,2.1,0.2,7,1.8,nan,2,,,,1.8,0.3,2
2022p276033,2022-04-13T03:10:24Z,-41.76,2.2,174.07,3.0,8.0,5.0,MLv,,,,2.5,0.2,7,2.9,nan,7,,,,2.9,0.3,7
2022p276050,2022-04-13T03:19:43Z,-39.84,2.7,175.02,3.8,32.0,5.0,MLv,,,,2.3,0.3,12,,,,,,,2.3,0.2,5
2022p276344,2022-04-13T05:56:10Z,-42.97,2.9,171.76,2.4,5.0,0.0,MLv,,,,2.2,0.1,7,1.9,nan,4,,,,1.9,0.2,4
2022p276402,2022-04-13T06:27:09Z,-37.84,21.7,176.28,27.0,278.0,13.0,MLv,,,,,,,2.8,nan,2,,,,2.8,0.7,2
2022p276408,2022-04-13T06:30:42Z,-41.67,3.2,174.26,3.5,12.0,7.0,MLv,,,,2.1,0.3,6,2.1,nan,6,,,,2.1,0.2,6
2022p276467,2022-04-13T07:01:48Z,-40.43,4.0,174.61,3.8,63.0,10.0,MLv,,,,2.6,0.2,16,2.7,nan,6,,,,2.7,0.2,6
2022p276539,2022-04-13T07:40:13Z,-43.22,2.6,172.09,2.1,5.0,0.0,M,,,,2.3,0.1,11,2.4,nan,7,,,,2.4,0.1,7
2022p276648,2022-04-13T08:38:25Z,-40.83,2.8,175.76,3.1,20.0,5.0,M,,,,1.6,0.1,10,1.6,nan,4,,,,1.6,0.1,4
2022p276661,2022-04-13T08:45:14Z,-43.21,2.8,172.09,2.3,5.0,6.0,MLv,,,,2.3,0.2,5,2.5,nan,6,,,,2.5,0.1,6
2022p276755,2022-04-13T09:35:18Z,-43.04,2.6,171.54,2.5,5.0,0.0,MLv,,,,2.2,0.3,7,2.1,nan,2,,,,2.1,0.1,2
2022p276880,2022-04-13T10:41:21Z,-35.75,16.1,178.28,13.0,170.0,29.0,MLv,,,,3.8,0.2,10,3.7,nan,5,,,,3.7,0.2,5
2022p276894,2022-04-13T10:49:18Z,-38.66,2.5,176.86,2.9,6.0,8.0,M,,,,2.0,0.1,6,1.9,nan,3,,,,1.9,0.1,3
2022p276983,2022-04-13T11:36:57Z,-41.9,4.0,174.13,3.7,7.0,5.0,M,,,,2.4,0.1,10,2.5,nan,7,,,,2.5,0.2,7
2022p277008,2022-04-13T11:50:17Z,-41.17,3.4,174.09,3.1,27.0,3.0,M,,,,2.1,0.4,7,1.5,nan,1,,,,1.5,nan,1
2022p277059,2022-04-13T12:16:48Z,-38.25,21.0,176.25,23.6,131.0,14.0,M,,,,2.3,0.6,6,1.5,nan,1,,,,1.5,nan,1
2022p277169,2022-04-13T13:16:07Z,-41.52,4.7,174.43,2.7,12.0,0.0,M,,,,1.8,0.2,8,1.9,nan,2,,,,1.9,0.3,2
2022p277192,2022-04-13T13:28:00Z,-40.43,3.4,173.89,3.9,78.0,9.0,MLv,,,,2.8,0.1,13,2.7,nan,9,,,,2.7,0.2,9
2022p277261,2022-04-13T14:04:43Z,-41.24,4.5,172.57,4.3,109.0,8.0,M,,,,,,,1.8,nan,4,,,,1.8,0.6,4
2022p277474,2022-04-13T15:58:10Z,-40.28,3.7,174.29,5.0,59.0,12.0,MLv,,,,3.4,0.2,14,,,,,,,3.3,0.2,45
2022p277508,2022-04-13T16:16:44Z,-38.92,4.3,177.53,3.5,21.0,7.0,M,,,,2.3,0.2,13,2.4,nan,6,,,,2.4,0.1,6
2022p277517,2022-04-13T16:21:04Z,-40.46,3.6,174.93,4.2,29.0,5.0,M,,,,2.3,0.3,13,2.3,nan,6,,,,2.3,0.2,6
2022p277555,2022-04-13T16:41:29Z,-40.12,2.8,174.97,4.3,14.0,9.0,M,,,,2.2,0.2,12,2.4,nan,3,,,,2.4,0.2,3
2022p277707,2022-04-13T18:00:05Z,-33.64,30.0,-178.73,48.1,33.0,0.0,MLv,,,,4.7,0.1,4,4.7,nan,4,,,,4.7,0.1,4
2022p277704,2022-04-13T18:00:42Z,-41.06,8.3,172.79,9.5,159.0,8.0,M,,,,,,,1.9,nan,3,,,,1.9,1.0,3
2022p277798,2022-04-13T18:51:04Z,-37.93,5.5,176.46,8.4,121.0,12.0,M,,,,,,,1.8,nan,5,,,,1.8,0.1,5
2022p277810,2022-04-13T18:57:34Z,-42.98,3.5,171.76,2.6,5.0,0.0,M,,,,2.2,0.4,7,1.8,nan,3,,,,1.8,0.1,3
2022p277846,2022-04-13T19:16:28Z,-39.18,2.9,176.51,2.4,5.0,5.0,MLv,,,,1.7,0.3,9,1.6,nan,4,,,,1.6,0.1,4
2022p277958,2022-04-13T20:16:19Z,-39.91,3.4,176.29,5.0,24.0,5.0,MLv,,,,1.6,0.4,9,1.4,nan,4,,,,1.4,0.3,4
2022p278032,2022-04-13T20:55:52Z,-41.16,2.7,174.96,2.8,5.0,0.0,M,,,,1.6,0.3,11,1.6,nan,5,,,,1.6,0.4,5
2022p278071,2022-04-13T21:16:38Z,-39.94,3.4,176.72,3.7,27.0,7.0,M,,,,1.7,0.4,9,1.5,nan,3,,,,1.5,0.1,3
2022p278082,2022-04-13T21:22:31Z,-39.97,3.9,176.67,4.0,39.0,7.0,MLv,,,,1.6,0.3,9,1.8,nan,2,,,,1.8,0.4,2
2022p278089,2022-04-13T21:25:57Z,-38.64,3.9,178.46,6.1,22.0,6.0,MLv,,,,3.2,0.3,12,3.2,nan,15,,,,3.2,0.2,15
2022p278141,2022-04-13T21:53:47Z,-38.23,10.4,176.0,12.2,140.0,10.0,M,,,,,,,1.9,nan,4,,,,1.9,0.3,4
2022p278187,2022-04-13T22:18:04Z,-39.23,4.0,176.16,3.6,62.0,7.0,MLv,,,,2.8,0.3,24,,,,,,,2.9,0.3,50
2022p278238,2022-04-13T22:45:26Z,-39.69,2.7,176.75,3.3,14.0,4.0,MLv,,,,1.9,0.3,12,1.7,nan,3,,,,1.7,0.4,3
2022p278386,2022-04-14T00:04:33Z,-39.37,2.8,174.79,2.2,21.0,4.0,M,,,,2.4,0.1,13,2.4,nan,11,,,,2.4,0.2,11
2022p278422,2022-04-14T00:22:14Z,-33.65,5.8,-178.78,13.5,33.0,0.0,mB,5.1,0.2,13,4.7,0.2,12,4.8,nan,9,4.5,0.4,4,4.9,0.1,9
2022p278439,2022-04-14T00:32:40Z,-39.7,2.5,176.76,3.1,18.0,7.0,M,,,,2.2,0.2,10,2.1,nan,11,,,,2.1,0.2,11
2022p278597,2022-04-14T01:56:38Z,-38.3,10.1,175.89,10.5,172.0,12.0,M,,,,,,,1.9,nan,1,,,,1.9,nan,1
2022p278736,2022-04-14T03:10:37Z,-41.8,2.1,174.08,1.9,9.0,3.0,MLv,,,,2.7,0.2,8,2.8,nan,16,,,,2.8,0.2,16
2022p278750,2022-04-14T03:18:17Z,-43.98,2.2,170.5,2.0,3.0,2.0,MLv,,,,2.7,0.1,12,2.9,nan,8,,,,2.9,0.2,8
2022p278793,2022-04-14T03:41:29Z,-39.8,3.7,176.68,4.0,33.0,9.0,M,,,,1.6,0.3,8,1.4,nan,3,,,,1.4,0.2,3
2022p279003,2022-04-14T05:33:09Z,-39.2,6.0,175.32,3.2,8.0,9.0,M,,,,1.2,0.2,11,1.0,nan,4,,,,1.0,0.2,4
2022p279093,2022-04-14T06:21:21Z,-39.41,3.6,175.81,3.1,13.0,7.0,MLv,,,,1.1,0.3,10,0.6,nan,6,,,,0.6,0.3,6
2022p279160,2022-04-14T06:56:43Z,-40.66,2.7,175.0,3.3,22.0,5.0,MLv,,,,2.1,0.2,12,2.1,nan,8,,,,2.1,0.3,8
2022p279208,2022-04-14T07:22:25Z,-40.89,4.1,175.45,2.8,25.0,7.0,M,,,,1.3,0.3,8,1.1,nan,4,,,,1.1,0.3,4
2022p279236,2022-04-14T07:37:12Z,-39.9,3.8,176.59,4.1,21.0,9.0,M,,,,1.4,0.5,8,1.2,nan,4,,,,1.2,0.2,4
2022p279262,2022-04-14T07:50:48Z,-39.64,3.2,176.24,4.6,31.0,7.0,M,,,,1.5,0.6,8,1.0,nan,4,,,,1.0,0.5,4
2022p279270,2022-04-14T07:55:12Z,-39.89,3.5,176.59,3.2,23.0,8.0,MLv,,,,1.3,0.4,10,,,,,,,0.6,0.2,4
2022p279322,2022-04-14T08:19:17Z,-32.83,6.2,-177.58,17.8,33.0,0.0,MLv,,,,4.9,0.2,10,5.0,nan,3,,,,5.0,0.1,3
2022p279388,2022-04-14T08:58:27Z,-39.98,2.3,176.49,2.7,18.0,6.0,M,,,,1.4,0.4,10,1.1,nan,2,,,,1.1,0.2,2
2022p279433,2022-04-14T09:22:04Z,-44.31,2.5,168.83,3.9,5.0,0.0,MLv,,,,2.3,0.2,7,1.9,nan,1,,,,1.9,nan,1
2022p279439,2022-04-14T09:25:11Z,-40.72,2.9,175.25,2.8,27.0,5.0,M,,,,2.0,0.2,10,2.1,nan,11,,,,2.1,0.2,11
2022p279476,2022-04-14T09:44:59Z,-37.86,8.5,176.11,11.1,173.0,11.0,MLv,,,,,,,1.9,nan,2,,,,1.9,0.1,2
2022p279564,2022-04-14T10:32:01Z,-38.74,7.5,179.76,6.7,33.0,0.0,M,,,,2.7,0.2,13,2.5,nan,2,,,,2.5,0.0,2
2022p279601,2022-04-14T10:51:55Z,-43.24,3.1,171.57,3.7,5.0,0.0,M,,,,2.0,0.2,8,1.7,nan,3,,,,1.7,0.6,3
2022p279610,2022-04-14T10:56:33Z,-45.14,3.4,167.38,2.9,5.0,0.0,MLv,,,,2.6,0.2,8,2.6,nan,2,,,,2.6,0.6,2
2022p279651,2022-04-14T11:18:32Z,-39.5,3.7,175.73,3.7,14.0,8.0,MLv,,,,1.4,0.6,7,1.2,nan,3,,,,1.2,0.4,3
2022p279703,2022-04-14T11:46:01Z,-38.12,3.5,176.32,3.4,147.0,6.0,M,,,,1.7,0.6,8,2.6,nan,43,,,,2.6,0.4,43
2022p279717,2022-04-14T11:53:15Z,-41.29,2.3,175.22,2.7,18.0,6.0,MLv,,,,1.6,0.2,8,1.6,nan,7,,,,1.6,0.2,7
2022p279757,2022-04-14T12:14:50Z,-38.25,8.7,176.24,7.9,130.0,9.0,MLv,,,,2.0,0.3,6,2.7,nan,1,,,,2.7,nan,1
2022p279761,2022-04-14T12:17:00Z,-40.85,5.7,174.53,2.8,13.0,7.0,MLv,,,,1.4,0.2,8,1.5,nan,2,,,,1.5,0.1,2
2022p279775,2022-04-14T12:24:31Z,-37.44,6.4,179.42,6.6,12.0,0.0,MLv,,,,3.2,0.2,18,3.2,nan,18,,,,3.2,0.2,18
2022p279848,2022-04-14T13:03:05Z,-40.43,3.0,175.85,4.2,22.0,6.0,M,,,,1.6,0.2,11,1.5,nan,7,,,,1.5,0.3,7
2022p279852,2022-04-14T13:05:17Z,-42.43,10.3,179.69,6.0,33.0,0.0,MLv,,,,3.5,0.4,14,3.1,nan,2,,,,3.1,0.1,2
2022p279854,2022-04-14T13:06:42Z,-37.87,3.4,176.95,2.2,5.0,0.0,M,,,,1.8,0.2,12,1.8,nan,7,,,,1.8,0.1,7
2022p279857,2022-04-14T13:07:56Z,-41.34,7.7,172.9,6.0,83.0,10.0,MLv,,,,1.9,0.4,8,2.0,nan,4,,,,2.0,0.6,4
2022p279872,2022-04-14T13:15:49Z,-38.25,5.0,177.91,4.7,35.0,8.0,MLv,,,,1.7,0.1,9,1.6,nan,3,,,,1.6,0.1,3
2022p279895,2022-04-14T13:26:58Z,-33.18,11.8,-178.36,19.5,33.0,0.0,mB,4.6,nan,1,4.3,0.2,10,4.8,nan,2,3.8,0.4,1,4.8,0.2,2
2022p279911,2022-04-14T13:36:47Z,-38.26,8.5,175.52,10.8,105.0,18.0,MLv,,,,2.0,0.3,6,1.8,nan,3,,,,1.8,0.2,3
2022p279927,2022-04-14T13:45:15Z,-38.43,3.9,177.48,3.6,55.0,6.0,M,,,,2.0,0.3,17,1.6,nan,5,,,,1.6,0.4,5
2022p279940,2022-04-14T13:52:09Z,-44.89,4.5,167.79,7.0,47.0,9.0,MLv,,,,2.5,0.3,8,,,,,,,1.8,nan,1
2022p279972,2022-04-14T14:09:24Z,-43.11,3.2,170.96,2.1,5.0,0.0,MLv,,,,2.2,0.2,6,2.1,nan,3,,,,2.1,0.1,3
2022p280046,2022-04-14T14:48:41Z,-40.43,2.5,175.83,3.6,19.0,5.0,MLv,,,,1.2,0.3,9,1.2,nan,1,,,,1.2,nan,1
2022p280120,2022-04-14T15:28:25Z,-42.88,3.3,173.29,4.4,23.0,5.0,M,,,,2.4,0.2,8,2.4,nan,7,,,,2.4,0.3,7
2022p280239,2022-04-14T16:31:48Z,-40.62,3.0,175.84,3.4,23.0,7.0,MLv,,,,1.2,0.2,7,1.1,nan,4,,,,1.1,0.0,4
2022p280252,2022-04-14T16:38:26Z,-42.76,2.2,171.64,2.1,5.0,0.0,M,,,,2.4,0.2,8,2.3,nan,5,,,,2.3,0.2,5
2022p280275,2022-04-14T16:50:38Z,-39.69,3.8,176.79,3.7,33.0,7.0,MLv,,,,1.5,0.3,8,1.5,nan,4,,,,1.5,0.4,4
2022p280324,2022-04-14T17:16:51Z,-37.82,9.2,176.59,20.7,139.0,13.0,M,,,,,,,1.8,nan,1,,,,1.8,nan,1
2022p280330,2022-04-14T17:20:12Z,-39.22,4.3,173.89,5.3,14.0,7.0,MLv,,,,1.7,0.3,7,1.8,nan,4,,,,1.8,0.5,4
2022p280363,2022-04-14T17:37:26Z,-40.44,2.2,175.85,2.6,23.0,5.0,M,,,,1.9,0.2,13,1.7,nan,10,,,,1.7,0.3,10
2022p280403,2022-04-14T17:59:10Z,-40.08,2.8,174.83,4.5,12.0,0.0,MLv,,,,2.0,0.3,10,1.6,nan,3,,,,1.6,0.1,3
2022p280454,2022-04-14T18:26:18Z,-40.34,2.6,175.84,3.3,23.0,5.0,M,,,,1.4,0.3,12,1.2,nan,7,,,,1.2,0.4,7
2022p280502,2022-04-14T18:51:51Z,-40.59,3.2,176.44,4.1,23.0,4.0,MLv,,,,2.8,0.2,15,2.6,nan,25,,,,2.6,0.3,25
2022p280509,2022-04-14T18:54:59Z,-35.93,21.8,178.89,21.3,155.0,30.0,MLv,,,,3.1,0.2,9,3.1,nan,3,,,,3.1,0.1,3
2022p280527,2022-04-14T19:04:49Z,-36.97,7.0,177.7,6.4,114.0,13.0,MLv,,,,3.2,0.4,17,,,,,,,3.6,0.3,50
2022p280569,2022-04-14T19:27:36Z,-43.58,3.0,172.38,2.4,4.0,3.0,MLv,,,,1.9,0.3,8,1.7,nan,5,,,,1.7,0.4,5
2022p280626,2022-04-14T19:57:45Z,-37.79,3.8,177.52,3.5,26.0,5.0,MLv,,,,2.9,0.3,19,,,,,,,2.8,0.2,28
2022p280665,2022-04-14T20:18:23Z,-41.53,3.2,174.53,2.4,5.0,0.0,MLv,,,,1.7,0.3,12,1.7,nan,5,,,,1.7,0.3,5
2022p280670,2022-04-14T20:21:06Z,-35.65,27.1,178.52,24.4,194.0,43.0,MLv,,,,3.0,0.1,9,3.1,nan,2,,,,3.1,0.1,2
2022p280751,2022-04-14T21:04:16Z,-41.26,2.4,175.2,3.2,13.0,6.0,MLv,,,,1.1,0.3,8,1.0,nan,6,,,,1.0,0.1,6
2022p280773,2022-04-14T21:16:14Z,-39.23,3.7,175.38,5.2,12.0,8.0,M,,,,0.7,0.2,6,0.6,nan,3,,,,0.6,0.2,3
2022p280826,2022-04-14T21:44:13Z,-40.02,2.3,175.18,2.6,12.0,0.0,MLv,,,,2.3,0.2,16,,,,,,,2.5,0.2,24
2022p280868,2022-04-14T22:06:34Z,-41.81,3.1,174.02,3.2,11.0,5.0,M,,,,1.8,0.2,8,1.7,nan,5,,,,1.7,0.3,5
2022p280936,2022-04-14T22:42:53Z,-41.46,4.1,173.65,2.8,42.0,7.0,M,,,,1.9,0.2,13,1.6,nan,3,,,,1.6,0.5,3
2022p281019,2022-04-14T23:27:44Z,-40.03,3.7,175.29,5.7,23.0,7.0,M,,,,1.8,0.2,9,1.7,nan,3,,,,1.7,0.2,3
2022p281046,2022-04-14T23:41:28Z,-40.67,4.0,175.08,3.2,5.0,0.0,M,,,,1.4,0.2,10,1.1,nan,4,,,,1.1,0.4,4
2022p281049,2022-04-14T23:43:32Z,-38.55,3.1,177.9,4.2,28.0,7.0,M,,,,1.8,0.2,7,1.7,nan,5,,,,1.7,0.3,5
2022p281070,2022-04-14T23:54:08Z,-38.91,2.9,177.51,2.6,22.0,4.0,M,,,,2.5,0.2,18,2.5,nan,21,,,,2.5,0.1,21
2022p281117,2022-04-15T00:19:33Z,-43.08,2.3,172.05,2.9,5.0,0.0,MLv,,,,2.0,0.2,11,1.8,nan,4,,,,1.8,0.3,4
2022p281122,2022-04-15T00:22:00Z,-40.66,3.1,175.65,2.7,25.0,4.0,M,,,,1.9,0.1,15,1.9,nan,10,,,,1.9,0.2,10
2022p281138,2022-04-15T00:30:39Z,-36.73,17.3,176.83,17.0,251.0,17.0,MLv,,,,,,,2.7,nan,6,,,,2.7,0.2,6
2022p281193,2022-04-15T01:00:06Z,-40.81,3.2,176.12,3.6,20.0,6.0,M,,,,1.1,0.3,9,0.9,nan,4,,,,0.9,0.1,4
2022p281321,2022-04-15T02:07:57Z,-36.81,12.6,177.82,14.8,114.0,15.0,M,,,,2.2,0.2,6,2.3,nan,2,,,,2.3,0.5,2
2022p281453,2022-04-15T03:18:17Z,-41.6,2.8,174.26,2.5,8.0,4.0,M,,,,1.7,0.4,11,1.2,nan,2,,,,1.2,0.2,2
2022p281572,2022-04-15T04:21:43Z,-39.94,3.0,176.33,2.9,23.0,6.0,M,,,,2.0,0.2,11,2.1,nan,17,,,,2.1,0.2,17
2022p281576,2022-04-15T04:23:46Z,-40.34,3.7,174.79,5.2,27.0,8.0,M,,,,2.1,0.1,10,2.1,nan,5,,,,2.1,0.1,5
2022p281644,2022-04-15T05:00:10Z,-39.4,4.3,177.04,5.4,20.0,6.0,M,,,,1.7,0.2,11,1.7,nan,6,,,,1.7,0.0,6
2022p281654,2022-04-15T05:05:22Z,-41.95,2.0,173.69,1.8,5.0,0.0,M,,,,1.9,0.1,8,2.1,nan,4,,,,2.1,0.2,4
2022p281661,2022-04-15T05:09:13Z,-39.48,6.5,175.73,6.3,12.0,11.0,M,,,,1.2,0.3,8,1.2,nan,4,,,,1.2,0.4,4
2022p281682,2022-04-15T05:20:42Z,-38.0,3.3,177.89,3.4,24.0,6.0,M,,,,2.7,0.2,4,2.4,nan,7,,,,2.4,0.2,7
2022p281722,2022-04-15T05:41:52Z,-40.44,2.3,175.85,3.2,23.0,5.0,M,,,,1.6,0.2,9,1.5,nan,6,,,,1.5,0.4,6
2022p281843,2022-04-15T06:46:21Z,-38.57,2.7,177.87,3.7,16.0,5.0,M,,,,1.9,0.2,12,1.8,nan,6,,,,1.8,0.2,6
2022p281866,2022-04-15T06:58:19Z,-39.6,3.2,176.81,4.7,23.0,7.0,M,,,,1.4,0.3,8,1.3,nan,5,,,,1.3,0.2,5
2022p281928,2022-04-15T07:31:29Z,-41.7,4.6,172.8,4.2,61.0,8.0,M,,,,2.1,0.3,10,2.2,nan,7,,,,2.2,0.2,7
2022p282018,2022-04-15T08:19:29Z,-36.95,8.1,177.54,8.5,101.0,12.0,M,,,,2.4,0.2,11,2.4,nan,6,,,,2.4,0.1,6
2022p282040,2022-04-15T08:31:18Z,-38.58,3.2,178.06,4.8,27.0,6.0,M,,,,1.9,0.3,10,1.6,nan,6,,,,1.6,0.3,6
2022p282104,2022-04-15T09:05:08Z,-40.24,4.6,174.06,6.6,76.0,14.0,M,,,,2.1,0.3,6,1.9,nan,3,,,,1.9,0.4,3
2022p282106,2022-04-15T09:06:37Z,-39.23,3.0,176.01,3.1,57.0,6.0,MLv,,,,3.1,0.3,28,,,,,,,3.2,0.3,84
2022p282165,2022-04-15T09:37:38Z,-40.63,3.0,175.84,2.7,20.0,5.0,M,,,,1.7,0.2,12,1.7,nan,7,,,,1.7,0.2,7
2022p282225,2022-04-15T10:09:34Z,-39.25,3.5,175.42,3.8,12.0,9.0,M,,,,0.8,0.2,7,0.7,nan,5,,,,0.7,0.1,5
2022p282277,2022-04-15T10:37:34Z,-40.16,4.3,176.24,6.9,28.0,13.0,M,,,,1.0,0.4,7,1.1,nan,2,,,,1.1,0.5,2
2022p282283,2022-04-15T10:40:54Z,-39.31,3.1,173.85,5.5,11.0,8.0,MLv,,,,1.9,0.3,6,1.9,nan,6,,,,1.9,0.2,6
2022p282335,2022-04-15T11:08:43Z,-39.06,6.5,178.49,8.9,35.0,8.0,MLv,,,,1.9,0.2,7,,,,,,,2.4,1.2,2
2022p282398,2022-04-15T11:42:19Z,-41.75,4.4,174.32,3.8,9.0,7.0,MLv,,,,1.7,0.2,8,1.7,nan,7,,,,1.7,0.3,7
2022p282425,2022-04-15T11:56:34Z,-38.46,8.8,175.96,11.7,124.0,11.0,MLv,,,,1.7,0.4,6,1.6,nan,3,,,,1.6,0.1,3
2022p282593,2022-04-15T13:25:56Z,-35.66,25.8,178.55,23.8,202.0,26.0,MLv,,,,3.0,0.2,11,3.3,nan,2,,,,3.3,0.0,2
2022p282639,2022-04-15T13:50:28Z,-38.49,3.5,178.59,7.0,27.0,5.0,MLv,,,,3.4,0.2,13,,,,,,,3.3,0.2,47
2022p282656,2022-04-15T13:59:19Z,-39.88,3.0,176.7,3.4,37.0,7.0,MLv,,,,1.7,0.2,8,,,,,,,1.6,0.1,7
2022p282713,2022-04-15T14:29:42Z,-41.06,3.7,174.72,4.0,24.0,7.0,MLv,,,,1.4,0.2,7,1.4,nan,2,,,,1.4,0.1,2
2022p282727,2022-04-15T14:37:23Z,-38.03,11.0,176.25,10.5,133.0,15.0,MLv,,,,,,,1.8,nan,3,,,,1.8,0.3,3
2022p282735,2022-04-15T14:41:32Z,-42.97,3.0,173.28,4.5,5.0,0.0,MLv,,,,2.2,0.1,7,2.2,nan,3,,,,2.2,0.4,3
2022p282766,2022-04-15T14:57:53Z,-39.82,3.0,176.83,4.5,31.0,8.0,M,,,,1.3,0.3,8,1.4,nan,5,,,,1.4,0.2,5
2022p282946,2022-04-15T16:33:15Z,-44.23,5.9,168.34,6.5,5.0,0.0,M,,,,2.6,0.3,8,2.1,nan,1,,,,2.1,nan,1
2022p282945,2022-04-15T16:33:24Z,-39.42,3.8,177.04,4.4,19.0,6.0,MLv,,,,1.5,0.2,11,1.6,nan,4,,,,1.6,0.1,4
2022p282953,2022-04-15T16:37:36Z,-37.45,22.2,179.88,9.4,12.0,0.0,M,,,,2.4,0.2,12,2.4,nan,3,,,,2.4,0.2,3
2022p283025,2022-04-15T17:16:01Z,-40.16,2.8,176.34,3.2,39.0,6.0,MLv,,,,2.3,0.2,10,2.3,nan,21,,,,2.3,0.2,21
2022p283114,2022-04-15T18:03:16Z,-38.38,6.1,176.98,7.3,49.0,9.0,M,,,,1.3,0.3,6,1.4,nan,2,,,,1.4,0.4,2
2022p283124,2022-04-15T18:08:58Z,-42.35,2.5,173.47,3.0,5.0,3.0,MLv,,,,2.0,0.4,9,1.7,nan,2,,,,1.7,0.3,2
2022p283243,2022-04-15T19:12:11Z,-40.62,2.6,175.84,2.5,22.0,5.0,MLv,,,,2.5,0.3,10,2.4,nan,23,,,,2.4,0.2,23
2022p283255,2022-04-15T19:18:35Z,-39.88,3.3,176.59,3.4,25.0,9.0,M,,,,1.4,0.3,8,1.3,nan,6,,,,1.3,0.3,6
2022p283300,2022-04-15T19:42:38Z,-42.56,1.9,172.67,2.2,5.0,0.0,MLv,,,,2.7,0.3,9,,,,,,,2.9,0.1,13
2022p283342,2022-04-15T20:04:43Z,-41.59,2.9,174.23,2.9,9.0,5.0,M,,,,2.0,0.1,8,1.8,nan,5,,,,1.8,0.2,5
2022p283393,2022-04-15T20:32:05Z,-38.86,4.7,178.01,6.6,31.0,5.0,MLv,,,,2.1,0.3,12,2.1,nan,7,,,,2.1,0.2,7
2022p283401,2022-04-15T20:36:20Z,-39.88,3.5,176.59,3.6,25.0,9.0,M,,,,1.2,0.4,7,1.1,nan,4,,,,1.1,0.4,4
2022p283438,2022-04-15T20:55:50Z,-41.12,3.3,174.99,2.4,16.0,4.0,M,,,,1.6,0.2,10,1.8,nan,5,,,,1.8,0.2,5
2022p283475,2022-04-15T21:15:45Z,-38.45,9.3,175.69,10.7,136.0,13.0,MLv,,,,2.0,0.4,7,1.9,nan,4,,,,1.9,0.4,4
2022p283642,2022-04-15T22:44:29Z,-38.64,4.3,178.48,6.3,22.0,7.0,MLv,,,,2.4,0.2,13,2.6,nan,7,,,,2.6,0.1,7
2022p283668,2022-04-15T22:58:32Z,-37.18,14.9,176.72,10.3,310.0,10.0,MLv,,,,,,,,,,,,,3.9,0.4,80
2022p283737,2022-04-15T23:35:18Z,-39.22,4.8,174.76,3.1,18.0,7.0,MLv,,,,2.3,0.2,11,2.3,nan,13,,,,2.3,0.2,13
2022p283776,2022-04-15T23:56:19Z,-40.18,2.7,175.86,2.8,21.0,5.0,M,,,,1.9,0.3,10,1.9,nan,13,,,,1.9,0.3,13
2022p284004,2022-04-16T01:57:23Z,-39.5,3.5,177.08,6.1,29.0,7.0,MLv,,,,2.0,0.2,9,2.0,nan,8,,,,2.0,0.2,8
2022p284085,2022-04-16T02:40:47Z,-38.44,3.1,178.11,3.4,26.0,5.0,M,,,,2.1,0.2,13,2.3,nan,8,,,,2.3,0.1,8
2022p284176,2022-04-16T03:28:59Z,-40.63,4.7,173.73,3.8,73.0,9.0,M,,,,2.6,0.3,16,2.5,nan,10,,,,2.5,0.2,10
2022p284310,2022-04-16T04:40:22Z,-38.52,4.6,175.96,4.9,107.0,8.0,M,,,,2.1,0.5,5,2.3,nan,12,,,,2.3,0.3,12
2022p284398,2022-04-16T05:27:28Z,-39.76,4.1,174.13,6.1,122.0,9.0,M,,,,,,,1.9,nan,1,,,,1.9,nan,1
2022p284490,2022-04-16T06:16:22Z,-42.29,5.3,174.91,6.1,33.0,0.0,M,,,,2.3,0.4,8,2.1,nan,2,,,,2.1,0.0,2
2022p284727,2022-04-16T08:23:14Z,-39.23,4.9,175.25,3.3,5.0,0.0,M,,,,1.1,0.4,6,1.0,nan,4,,,,1.0,0.3,4
2022p284798,2022-04-16T09:00:39Z,-42.17,2.8,173.47,3.0,5.0,0.0,M,,,,2.0,0.3,7,1.8,nan,4,,,,1.8,0.3,4
2022p284811,2022-04-16T09:07:18Z,-41.52,3.4,174.38,2.6,5.0,0.0,M,,,,1.9,0.3,13,1.5,nan,4,,,,1.5,0.5,4
2022p284812,2022-04-16T09:07:55Z,-44.19,3.4,168.44,4.0,5.0,0.0,MLv,,,,2.9,0.1,7,3.2,nan,5,,,,3.2,0.4,5
2022p284936,2022-04-16T10:14:53Z,-38.73,7.1,175.88,5.7,101.0,9.0,M,,,,1.5,0.3,6,1.6,nan,4,,,,1.6,0.3,4
2022p284938,2022-04-16T10:15:04Z,-41.29,3.9,174.15,3.2,27.0,4.0,MLv,,,,1.9,0.2,10,1.4,nan,3,,,,1.4,0.4,3
2022p284942,2022-04-16T10:17:28Z,-41.24,6.1,172.59,5.4,113.0,8.0,M,,,,,,,1.1,nan,2,,,,1.1,0.4,2
2022p285018,2022-04-16T10:57:54Z,-38.31,8.0,175.93,9.8,33.0,0.0,MLv,,,,2.0,0.2,10,1.7,nan,2,,,,1.7,0.4,2
2022p285063,2022-04-16T11:21:50Z,-38.58,2.9,177.68,3.2,18.0,5.0,MLv,,,,1.7,0.2,11,1.5,nan,5,,,,1.5,0.1,5
2022p285091,2022-04-16T11:36:39Z,-40.18,5.2,173.51,5.5,162.0,7.0,MLv,,,,,,,2.1,nan,7,,,,2.1,0.2,7
2022p285125,2022-04-16T11:55:07Z,-37.91,12.2,176.17,14.4,168.0,13.0,M,,,,,,,1.5,nan,3,,,,1.5,0.3,3
2022p285141,2022-04-16T12:03:25Z,-36.66,15.9,177.68,14.1,149.0,22.0,M,,,,2.5,0.2,6,2.4,nan,3,,,,2.4,0.1,3
2022p285189,2022-04-16T12:28:16Z,-40.37,11.6,173.67,6.8,118.0,12.0,M,,,,2.0,0.1,6,2.2,nan,1,,,,2.2,nan,1
2022p285188,2022-04-16T12:28:17Z,-38.59,2.9,177.66,3.0,17.0,6.0,MLv,,,,2.0,0.2,10,2.0,nan,9,,,,2.0,0.1,9
2022p285201,2022-04-16T12:35:24Z,-38.59,2.4,177.66,2.7,17.0,4.0,MLv,,,,1.7,0.3,13,1.5,nan,5,,,,1.5,0.3,5
2022p285251,2022-04-16T13:02:14Z,-37.3,13.6,179.97,14.1,33.0,0.0,MLv,,,,2.5,0.2,12,2.8,nan,1,,,,2.8,nan,1
2022p285300,2022-04-16T13:28:15Z,-38.8,10.9,175.98,4.6,5.0,0.0,M,,,,1.4,0.3,8,1.0,nan,2,,,,1.0,0.1,2
2022p285358,2022-04-16T13:59:16Z,-38.83,3.5,176.02,4.5,5.0,16.0,M,,,,1.5,0.2,6,1.5,nan,4,,,,1.5,0.3,4
2022p285383,2022-04-16T14:12:09Z,-35.35,12.5,178.52,23.1,12.0,0.0,MLv,,,,3.1,0.2,8,3.2,nan,2,,,,3.2,0.1,2
2022p285458,2022-04-16T14:52:18Z,-41.28,5.2,173.62,3.6,52.0,7.0,M,,,,2.0,0.2,11,2.3,nan,4,,,,2.3,0.1,4
2022p285569,2022-04-16T15:51:29Z,-40.35,3.5,176.14,4.7,45.0,8.0,M,,,,1.2,0.2,8,1.2,nan,2,,,,1.2,0.1,2
2022p285575,2022-04-16T15:54:50Z,-38.71,7.3,175.87,7.1,95.0,9.0,MLv,,,,1.7,0.3,7,1.2,nan,4,,,,1.2,0.2,4
2022p285690,2022-04-16T16:55:38Z,-40.19,3.4,176.34,3.3,39.0,5.0,MLv,,,,2.5,0.2,14,,,,,,,2.7,0.2,25
2022p285755,2022-04-16T17:30:33Z,-39.67,3.9,176.77,5.0,28.0,10.0,M,,,,1.4,0.3,8,1.4,nan,2,,,,1.4,0.1,2
2022p285875,2022-04-16T18:34:29Z,-39.83,3.9,176.64,4.1,31.0,8.0,MLv,,,,1.3,0.4,9,1.2,nan,1,,,,1.2,nan,1
2022p285913,2022-04-16T18:54:51Z,-38.92,23.5,174.98,17.2,185.0,15.0,MLv,,,,,,,,,,,,,2.7,0.4,14
2022p285949,2022-04-16T19:14:00Z,-39.77,3.3,176.55,3.7,33.0,7.0,MLv,,,,1.6,0.3,10,1.4,nan,5,,,,1.4,0.2,5
2022p285980,2022-04-16T19:30:49Z,-35.8,4.9,175.03,4.6,5.0,0.0,M,,,,2.0,0.3,9,2.1,nan,7,,,,2.1,0.3,7
2022p285982,2022-04-16T19:31:13Z,-37.62,5.8,177.11,3.2,5.0,0.0,M,,,,2.3,0.3,11,2.4,nan,9,,,,2.4,0.1,9
2022p286020,2022-04-16T19:51:55Z,-39.86,3.5,176.77,4.0,33.0,8.0,MLv,,,,2.5,0.2,7,2.5,nan,22,,,,2.5,0.2,22
2022p286022,2022-04-16T19:52:59Z,-38.67,2.4,176.85,2.8,5.0,0.0,M,,,,2.3,0.2,9,2.3,nan,12,,,,2.3,0.1,12
2022p286049,2022-04-16T20:06:59Z,-39.05,5.8,176.19,4.1,48.0,11.0,MLv,,,,1.7,0.2,11,2.1,nan,7,,,,2.1,0.3,7
2022p286095,2022-04-16T20:31:58Z,-35.89,11.9,178.21,12.1,176.0,19.0,MLv,,,,2.8,0.1,7,2.8,nan,3,,,,2.8,0.2,3
2022p286193,2022-04-16T21:24:15Z,-37.62,5.4,177.12,3.4,5.0,0.0,M,,,,2.3,0.1,9,2.3,nan,6,,,,2.3,0.1,6
2022p286219,2022-04-16T21:37:44Z,-36.71,16.4,177.53,9.4,167.0,17.0,MLv,,,,2.5,0.2,6,,,,,,,3.2,0.4,7
2022p286303,2022-04-16T22:22:27Z,-40.63,3.7,175.85,2.8,23.0,6.0,MLv,,,,1.2,0.2,7,1.2,nan,2,,,,1.2,0.1,2
2022p286362,2022-04-16T22:53:45Z,-41.07,3.0,175.48,3.8,24.0,7.0,MLv,,,,1.4,0.2,7,1.0,nan,4,,,,1.0,0.3,4
2022p286425,2022-04-16T23:26:57Z,-36.88,25.6,176.6,28.8,277.0,21.0,M,,,,,,,2.4,nan,3,,,,2.4,0.4,3
2022p286475,2022-04-16T23:54:17Z,-37.9,7.7,176.05,8.6,245.0,10.0,MLv,,,,,,,2.6,nan,4,,,,2.6,0.7,4
2022p286582,2022-04-17T00:51:17Z,-40.13,3.8,174.03,6.0,94.0,12.0,MLv,,,,,,,2.2,nan,2,,,,2.2,0.2,2
2022p286673,2022-04-17T01:39:39Z,-45.47,7.6,167.22,6.6,101.0,9.0,MLv,,,,,,,,,,,,,2.8,0.3,5
2022p286703,2022-04-17T01:56:01Z,-40.62,3.2,175.85,2.8,24.0,6.0,M,,,,1.3,0.2,7,1.4,nan,4,,,,1.4,0.3,4
2022p286869,2022-04-17T03:24:01Z,-38.38,3.4,177.92,3.4,23.0,5.0,M,,,,2.2,0.2,13,2.2,nan,6,,,,2.2,0.2,6
2022p287077,2022-04-17T05:15:03Z,-43.42,6.5,169.98,4.4,5.0,0.0,M,,,,2.4,0.2,8,2.4,nan,5,,,,2.4,0.3,5
2022p287086,2022-04-17T05:19:31Z,-43.47,4.2,170.05,3.5,5.0,0.0,MLv,,,,2.5,0.2,8,2.2,nan,4,,,,2.2,0.5,4
2022p287117,2022-04-17T05:36:18Z,-43.44,7.8,169.99,5.6,5.0,0.0,M,,,,2.3,0.3,6,2.0,nan,1,,,,2.0,nan,1
2022p287201,2022-04-17T06:20:43Z,-38.3,4.7,176.01,4.3,148.0,7.0,MLv,,,,2.5,0.5,3,,,,,,,2.9,0.4,20
2022p287226,2022-04-17T06:34:14Z,-38.59,3.2,178.07,4.3,25.0,5.0,MLv,,,,2.2,0.2,11,2.1,nan,6,,,,2.1,0.3,6
2022p287232,2022-04-17T06:37:30Z,-37.6,9.6,179.81,7.4,33.0,0.0,MLv,,,,2.7,0.2,10,2.8,nan,2,,,,2.8,0.2,2
2022p287274,2022-04-17T06:59:52Z,-42.43,4.6,173.49,3.3,5.0,0.0,M,,,,2.2,0.2,7,2.2,nan,3,,,,2.2,0.6,3
2022p287292,2022-04-17T07:09:15Z,-43.5,4.8,170.07,3.8,5.0,0.0,M,,,,2.3,0.3,7,2.2,nan,1,,,,2.2,nan,1
2022p287392,2022-04-17T08:02:36Z,-37.62,11.5,179.77,8.0,33.0,0.0,M,,,,2.6,0.2,8,2.6,nan,1,,,,2.6,nan,1
2022p287438,2022-04-17T08:27:27Z,-39.41,4.3,175.81,7.4,17.0,12.0,M,,,,0.9,0.7,5,0.6,nan,3,,,,0.6,0.5,3
2022p287538,2022-04-17T09:20:24Z,-36.21,15.3,177.96,14.5,201.0,17.0,MLv,,,,3.1,0.2,11,3.1,nan,6,,,,3.1,0.3,6
2022p287544,2022-04-17T09:24:00Z,-38.09,3.7,176.68,2.8,7.0,6.0,MLv,,,,1.5,0.5,7,1.7,nan,5,,,,1.7,0.2,5
2022p287578,2022-04-17T09:42:29Z,-38.64,3.2,177.47,3.4,46.0,7.0,M,,,,1.9,0.2,14,1.9,nan,8,,,,1.9,0.3,8
2022p287664,2022-04-17T10:27:28Z,-37.21,26.1,176.57,29.7,231.0,22.0,MLv,,,,,,,2.7,nan,1,,,,2.7,nan,1
2022p287703,2022-04-17T10:48:46Z,-37.81,11.0,176.15,13.8,182.0,12.0,M,,,,,,,1.8,nan,3,,,,1.8,0.1,3
2022p287716,2022-04-17T10:55:19Z,-40.7,7.9,173.21,7.2,141.0,9.0,MLv,,,,,,,2.1,nan,4,,,,2.1,0.2,4
2022p287835,2022-04-17T11:58:51Z,-39.73,3.0,176.66,3.6,23.0,7.0,M,,,,1.3,0.5,8,0.8,nan,1,,,,0.8,nan,1
2022p287856,2022-04-17T12:09:51Z,-44.11,2.6,168.75,3.0,4.0,3.0,MLv,,,,3.7,0.2,6,,,,,,,3.8,0.2,14
2022p287864,2022-04-17T12:14:16Z,-41.29,4.4,172.95,4.6,111.0,6.0,MLv,,,,,,,,,,,,,2.2,0.2,9
2022p287871,2022-04-17T12:18:05Z,-39.48,4.1,175.74,3.9,12.0,8.0,M,,,,1.5,0.4,7,1.8,nan,7,,,,1.8,0.3,7
2022p287887,2022-04-17T12:26:33Z,-39.83,2.8,176.85,4.2,30.0,8.0,MLv,,,,1.6,0.2,7,1.8,nan,6,,,,1.8,0.2,6
2022p287896,2022-04-17T12:31:01Z,-39.25,5.2,176.4,5.7,34.0,9.0,M,,,,1.1,0.4,8,1.2,nan,3,,,,1.2,0.4,3
2022p287915,2022-04-17T12:41:12Z,-39.88,3.1,176.39,3.2,24.0,6.0,M,,,,1.5,0.3,9,1.2,nan,4,,,,1.2,0.2,4
2022p287975,2022-04-17T13:13:19Z,-40.44,4.2,174.93,6.1,33.0,7.0,M,,,,1.9,0.1,9,2.1,nan,7,,,,2.1,0.1,7
2022p288009,2022-04-17T13:31:13Z,-38.54,6.9,175.62,5.6,123.0,12.0,MLv,,,,2.0,0.2,8,2.0,nan,7,,,,2.0,0.4,7
2022p288026,2022-04-17T13:40:46Z,-45.24,4.2,167.34,4.8,46.0,8.0,MLv,,,,2.8,0.3,7,2.6,nan,3,,,,2.6,0.4,3
2022p288069,2022-04-17T14:03:35Z,-39.74,7.5,174.22,7.7,183.0,9.0,MLv,,,,2.1,0.3,8,2.0,nan,7,,,,2.0,0.1,7
2022p288098,2022-04-17T14:19:11Z,-39.73,4.8,174.34,6.3,112.0,10.0,MLv,,,,2.0,0.4,6,1.7,nan,9,,,,1.7,0.2,9
2022p288118,2022-04-17T14:29:38Z,-41.29,7.0,173.45,4.3,74.0,8.0,M,,,,1.9,0.3,7,2.1,nan,4,,,,2.1,0.5,4
2022p288207,2022-04-17T15:16:48Z,-39.34,2.4,175.64,3.0,7.0,5.0,MLv,,,,1.0,0.3,12,,,,,,,0.6,0.5,5
2022p288287,2022-04-17T15:59:38Z,-43.53,2.4,170.23,2.7,5.0,0.0,MLv,,,,3.0,0.2,6,,,,,,,3.3,0.2,13
2022p288325,2022-04-17T16:19:40Z,-42.76,2.5,171.64,2.3,5.0,0.0,MLv,,,,2.5,0.1,7,2.5,nan,5,,,,2.5,0.3,5
2022p288358,2022-04-17T16:37:22Z,-38.12,3.9,177.33,3.0,35.0,7.0,MLv,,,,3.6,0.3,13,,,,,,,3.4,0.3,64
2022p288431,2022-04-17T17:15:56Z,-35.22,17.3,179.95,15.2,162.0,50.0,MLv,,,,,,,,,,,,,4.0,0.2,13
2022p288450,2022-04-17T17:26:22Z,-37.85,3.5,177.07,2.3,4.0,3.0,M,,,,2.5,0.3,17,2.6,nan,14,,,,2.6,0.2,14
2022p288481,2022-04-17T17:43:06Z,-38.78,3.4,177.86,4.8,25.0,7.0,M,,,,2.1,0.4,8,2.3,nan,7,,,,2.3,0.3,7
2022p288489,2022-04-17T17:47:15Z,-37.86,9.4,176.32,8.9,141.0,13.0,M,,,,2.1,0.1,8,2.4,nan,4,,,,2.4,0.4,4
2022p288577,2022-04-17T18:34:18Z,-38.82,4.4,177.91,7.5,27.0,7.0,M,,,,1.7,0.3,8,1.7,nan,3,,,,1.7,0.4,3
2022p288644,2022-04-17T19:09:31Z,-38.76,3.6,177.88,4.1,23.0,5.0,M,,,,1.9,0.2,11,1.9,nan,4,,,,1.9,0.2,4
2022p288719,2022-04-17T19:49:59Z,-39.48,6.6,175.74,4.1,11.0,9.0,M,,,,1.2,0.7,6,0.9,nan,3,,,,0.9,0.6,3
2022p288787,2022-04-17T20:25:47Z,-39.58,4.3,175.53,5.0,49.0,10.0,M,,,,1.7,0.5,10,1.6,nan,5,,,,1.6,0.3,5
2022p288801,2022-04-17T20:33:38Z,-41.07,3.5,175.82,3.3,22.0,6.0,M,,,,1.4,0.3,10,1.4,nan,6,,,,1.4,0.4,6
2022p288809,2022-04-17T20:37:46Z,-45.37,3.8,166.99,4.5,13.0,3.0,MLv,,,,3.0,0.3,12,3.0,nan,4,,,,3.0,0.3,4
2022p288869,2022-04-17T21:09:44Z,-38.59,7.7,175.94,6.9,72.0,12.0,M,,,,1.9,0.3,10,1.6,nan,5,,,,1.6,0.2,5
2022p288925,2022-04-17T21:39:34Z,-39.28,4.4,175.12,3.1,22.0,7.0,M,,,,1.8,0.3,10,1.6,nan,7,,,,1.6,0.2,7
2022p288947,2022-04-17T21:51:35Z,-39.26,5.3,175.34,5.3,11.0,10.0,M,,,,1.5,0.6,6,1.7,nan,5,,,,1.7,0.3,5
2022p289005,2022-04-17T22:22:15Z,-44.98,3.7,167.65,4.6,40.0,7.0,MLv,,,,2.7,0.2,10,2.6,nan,1,,,,2.6,nan,1
2022p289012,2022-04-17T22:26:06Z,-39.99,6.8,174.4,7.2,103.0,13.0,M,,,,,,,2.3,nan,3,,,,2.3,0.2,3
2022p289055,2022-04-17T22:48:37Z,-38.11,2.7,176.69,3.0,3.0,3.0,M,,,,1.7,0.3,11,1.9,nan,6,,,,1.9,0.2,6
2022p289128,2022-04-17T23:27:49Z,-38.65,5.1,178.46,6.7,22.0,6.0,M,,,,2.5,0.2,13,2.6,nan,7,,,,2.6,0.2,7
2022p289149,2022-04-17T23:39:00Z,-41.08,4.6,174.68,4.6,28.0,9.0,M,,,,1.8,0.2,7,1.8,nan,7,,,,1.8,0.1,7
2022p289191,2022-04-18T00:01:04Z,-41.41,5.5,173.44,4.7,72.0,8.0,M,,,,2.1,0.3,8,2.3,nan,6,,,,2.3,0.3,6
2022p289227,2022-04-18T00:20:36Z,-40.53,2.8,174.11,3.3,40.0,8.0,M,,,,2.7,0.2,19,2.6,nan,20,,,,2.6,0.2,20
2022p289256,2022-04-18T00:35:38Z,-40.73,2.1,175.8,2.2,27.0,5.0,MLv,,,,2.8,0.1,9,,,,,,,2.8,0.2,28
2022p289286,2022-04-18T00:51:45Z,-41.71,3.2,174.23,5.4,5.0,4.0,M,,,,2.0,0.3,7,1.5,nan,3,,,,1.5,0.6,3
2022p289290,2022-04-18T00:53:44Z,-41.7,2.9,174.23,3.1,5.0,0.0,M,,,,1.9,0.3,9,1.8,nan,6,,,,1.8,0.5,6
2022p289400,2022-04-18T01:52:22Z,-40.67,7.0,175.47,3.6,21.0,9.0,M,,,,1.5,0.2,8,1.4,nan,2,,,,1.4,0.5,2
2022p289528,2022-04-18T03:00:40Z,-38.58,5.2,178.05,6.1,23.0,9.0,MLv,,,,2.0,0.2,9,1.8,nan,4,,,,1.8,0.2,4
2022p289533,2022-04-18T03:02:44Z,-36.06,31.0,-178.86,27.5,12.0,0.0,MLv,,,,3.6,0.1,6,,,,,,,3.8,0.1,4
2022p289549,2022-04-18T03:12:07Z,-39.19,5.2,176.15,4.0,49.0,10.0,M,,,,1.4,0.4,10,1.2,nan,4,,,,1.2,0.3,4
2022p289580,2022-04-18T03:28:37Z,-39.48,4.1,174.86,2.5,23.0,6.0,MLv,,,,2.3,0.2,12,2.1,nan,6,,,,2.1,0.4,6
2022p289622,2022-04-18T03:51:05Z,-37.64,6.3,176.35,7.1,181.0,9.0,MLv,,,,2.3,0.2,7,,,,,,,2.9,0.3,6
2022p289632,2022-04-18T03:56:12Z,-42.23,4.6,173.77,8.2,5.0,5.0,M,,,,1.9,0.5,7,1.7,nan,1,,,,1.7,nan,1
2022p289644,2022-04-18T04:02:49Z,-38.15,10.7,176.46,12.3,123.0,14.0,MLv,,,,,,,2.2,nan,6,,,,2.2,0.3,6
2022p289734,2022-04-18T04:50:37Z,-39.31,2.1,175.46,1.9,7.0,3.0,M,,,,1.9,0.4,19,1.8,nan,17,,,,1.8,0.1,17
2022p289738,2022-04-18T04:52:40Z,-38.83,7.8,175.71,8.5,104.0,13.0,MLv,,,,1.6,0.2,6,2.1,nan,3,,,,2.1,0.5,3
2022p289756,2022-04-18T05:02:24Z,-44.28,5.5,167.72,5.9,5.0,0.0,M,,,,2.5,0.1,6,2.6,nan,3,,,,2.6,0.3,3
2022p289774,2022-04-18T05:11:40Z,-39.62,3.6,176.89,3.6,25.0,6.0,M,,,,1.9,0.3,12,2.0,nan,5,,,,2.0,0.3,5
2022p289857,2022-04-18T05:55:56Z,-39.23,5.4,174.93,2.5,18.0,6.0,MLv,,,,2.2,0.2,12,,,,,,,2.1,0.2,6
2022p289921,2022-04-18T06:29:56Z,-40.05,4.2,173.83,4.3,143.0,9.0,MLv,,,,2.6,0.2,8,,,,,,,2.8,0.2,21
2022p289945,2022-04-18T06:43:11Z,-38.52,3.1,177.83,3.4,26.0,5.0,M,,,,1.6,0.2,8,1.5,nan,5,,,,1.5,0.4,5
2022p290001,2022-04-18T07:12:45Z,-40.62,3.2,175.79,2.6,25.0,5.0,M,,,,1.8,0.3,13,1.8,nan,6,,,,1.8,0.3,6
2022p290022,2022-04-18T07:23:57Z,-37.64,13.6,176.41,16.1,122.0,18.0,M,,,,2.1,0.3,7,1.8,nan,2,,,,1.8,0.2,2
2022p290060,2022-04-18T07:44:20Z,-44.43,3.1,169.47,2.5,5.0,0.0,M,,,,2.2,0.1,7,2.2,nan,2,,,,2.2,0.1,2
2022p290108,2022-04-18T08:09:46Z,-37.71,12.9,178.18,7.8,32.0,7.0,M,,,,1.8,0.4,6,1.5,nan,1,,,,1.5,nan,1
2022p290139,2022-04-18T08:26:32Z,-40.33,3.0,175.74,3.3,26.0,6.0,MLv,,,,1.7,0.2,12,1.6,nan,5,,,,1.6,0.3,5
2022p290161,2022-04-18T08:38:10Z,-39.5,4.0,175.74,3.0,10.0,6.0,M,,,,1.7,0.3,11,1.3,nan,4,,,,1.3,0.6,4
2022p290191,2022-04-18T08:52:54Z,-33.37,53.8,178.93,73.3,297.0,84.0,MLv,4.3,nan,1,3.8,0.2,7,3.9,nan,1,3.4,0.4,1,3.9,nan,1
2022p290247,2022-04-18T09:24:02Z,-40.25,1.9,174.73,2.2,12.0,0.0,MLv,,,,2.9,0.2,18,,,,,,,2.9,0.2,35
2022p290262,2022-04-18T09:31:36Z,-39.61,2.5,176.9,3.5,24.0,6.0,M,,,,1.9,0.3,10,2.0,nan,6,,,,2.0,0.2,6
2022p290267,2022-04-18T09:34:29Z,-39.46,4.4,177.06,6.2,26.0,6.0,MLv,,,,1.4,0.2,10,1.6,nan,3,,,,1.6,0.1,3
2022p290286,2022-04-18T09:44:43Z,-40.26,2.2,174.72,2.8,12.0,0.0,MLv,,,,2.2,0.3,11,2.1,nan,4,,,,2.1,0.1,4
2022p290336,2022-04-18T10:11:10Z,-36.62,21.2,177.08,19.9,211.0,23.0,MLv,,,,2.7,0.2,6,2.7,nan,1,,,,2.7,nan,1
2022p290351,2022-04-18T10:19:22Z,-40.19,2.3,176.24,3.8,19.0,5.0,M,,,,1.3,0.3,8,1.1,nan,4,,,,1.1,0.4,4
2022p290402,2022-04-18T10:47:24Z,-40.62,2.6,175.22,3.0,22.0,4.0,M,,,,1.7,0.2,14,1.7,nan,7,,,,1.7,0.3,7
2022p290412,2022-04-18T10:51:50Z,-43.03,2.9,171.05,2.2,5.0,0.0,MLv,,,,2.6,0.2,8,,,,,,,2.7,0.2,7
2022p290655,2022-04-18T13:01:01Z,-41.23,7.1,172.59,5.6,145.0,7.0,MLv,,,,,,,,,,,,,3.6,0.2,42
2022p290692,2022-04-18T13:20:55Z,-45.49,3.8,167.16,6.0,56.0,8.0,MLv,,,,2.6,0.3,11,2.2,nan,3,,,,2.2,0.5,3
2022p290735,2022-04-18T13:43:43Z,-40.62,2.6,176.09,2.9,23.0,5.0,M,,,,1.4,0.2,10,1.3,nan,3,,,,1.3,0.2,3
2022p290740,2022-04-18T13:46:38Z,-39.49,3.3,175.7,2.8,19.0,4.0,M,,,,2.0,0.2,20,2.1,nan,20,,,,2.1,0.1,20
2022p290785,2022-04-18T14:10:52Z,-40.58,2.7,175.91,3.2,23.0,6.0,M,,,,1.1,0.3,9,1.0,nan,4,,,,1.0,0.3,4
2022p290828,2022-04-18T14:33:32Z,-38.6,2.7,176.2,2.7,4.0,3.0,M,,,,1.8,0.2,10,1.6,nan,7,,,,1.6,0.4,7
2022p290832,2022-04-18T14:35:47Z,-38.6,2.3,176.2,2.2,5.0,3.0,MLv,,,,1.8,0.2,8,1.7,nan,9,,,,1.7,0.4,9
2022p290917,2022-04-18T15:20:50Z,-37.77,7.2,177.94,5.3,65.0,9.0,M,,,,2.2,0.3,10,2.5,nan,12,,,,2.5,0.2,12
2022p290928,2022-04-18T15:26:29Z,-41.22,2.0,175.22,2.1,13.0,4.0,M,,,,1.8,0.3,13,1.9,nan,10,,,,1.9,0.2,10
2022p290989,2022-04-18T15:58:58Z,-40.64,4.0,175.47,3.2,24.0,5.0,MLv,,,,1.6,0.3,12,1.6,nan,6,,,,1.6,0.3,6
2022p291058,2022-04-18T16:36:11Z,-38.35,5.0,175.91,5.2,126.0,9.0,M,,,,2.1,0.2,8,2.4,nan,6,,,,2.4,0.3,6
2022p291104,2022-04-18T17:00:36Z,-39.26,4.2,174.7,3.2,24.0,6.0,M,,,,2.4,0.1,13,2.4,nan,14,,,,2.4,0.2,14
2022p291171,2022-04-18T17:35:55Z,-38.25,5.1,178.65,7.7,24.0,8.0,M,,,,2.1,0.2,9,2.1,nan,5,,,,2.1,0.2,5
2022p291203,2022-04-18T17:53:08Z,-38.58,5.6,175.64,6.9,165.0,7.0,MLv,,,,,,,2.4,nan,11,,,,2.4,0.5,11
2022p291209,2022-04-18T17:56:15Z,-40.92,6.6,174.07,3.4,77.0,9.0,M,,,,1.8,0.3,9,1.7,nan,7,,,,1.7,0.1,7
2022p291322,2022-04-18T18:56:48Z,-39.74,3.4,176.79,4.7,34.0,8.0,M,,,,1.8,0.3,13,1.7,nan,6,,,,1.7,0.2,6
2022p291374,2022-04-18T19:24:24Z,-40.67,4.0,174.58,2.7,12.0,0.0,M,,,,2.1,0.2,13,2.0,nan,7,,,,2.0,0.2,7
2022p291405,2022-04-18T19:40:37Z,-39.65,3.6,176.26,4.8,21.0,6.0,M,,,,1.7,0.3,13,1.3,nan,5,,,,1.3,0.5,5
2022p291714,2022-04-18T22:25:27Z,-38.2,12.3,178.96,9.8,33.0,0.0,M,,,,2.3,0.2,7,2.4,nan,5,,,,2.4,0.1,5
2022p291753,2022-04-18T22:46:11Z,-37.89,8.5,176.12,8.4,152.0,12.0,MLv,,,,2.2,0.1,9,2.8,nan,6,,,,2.8,0.5,6
2022p291863,2022-04-18T23:44:39Z,-42.43,4.6,173.43,6.7,18.0,9.0,M,,,,2.0,0.3,7,1.7,nan,2,,,,1.7,0.4,2
2022p291937,2022-04-19T00:24:03Z,-44.62,5.6,168.31,5.4,54.0,12.0,M,,,,2.4,0.2,9,1.7,nan,1,,,,1.7,nan,1
2022p291939,2022-04-19T00:25:15Z,-40.93,11.6,172.85,6.7,201.0,8.0,M,,,,,,,2.2,nan,3,,,,2.2,0.1,3
2022p291990,2022-04-19T00:52:41Z,-42.16,2.8,172.17,3.6,5.0,0.0,M,,,,2.5,0.3,9,2.6,nan,7,,,,2.6,0.1,7
2022p292001,2022-04-19T00:58:16Z,-38.63,10.1,175.67,16.2,152.0,12.0,M,,,,2.2,0.4,9,2.5,nan,2,,,,2.5,0.0,2
2022p292039,2022-04-19T01:18:52Z,-41.7,5.1,172.23,6.3,74.0,9.0,M,,,,2.1,0.2,9,1.8,nan,2,,,,1.8,0.3,2
2022p292060,2022-04-19T01:29:50Z,-40.6,4.1,175.85,3.8,25.0,7.0,M,,,,1.2,0.3,9,1.0,nan,3,,,,1.0,0.3,3
2022p292247,2022-04-19T03:09:23Z,-38.0,3.3,178.21,3.5,12.0,6.0,MLv,,,,1.7,0.2,8,,,,,,,1.7,0.2,4
2022p292388,2022-04-19T04:24:36Z,-43.48,2.4,172.82,4.1,5.0,0.0,M,,,,1.8,0.2,6,1.8,nan,3,,,,1.8,0.3,3
2022p292412,2022-04-19T04:37:38Z,-41.73,2.3,174.1,2.0,12.0,3.0,M,,,,2.4,0.2,11,2.3,nan,11,,,,2.3,0.2,11
2022p292444,2022-04-19T04:54:23Z,-39.96,2.9,176.48,4.1,41.0,9.0,M,,,,1.6,0.2,8,1.6,nan,7,,,,1.6,0.2,7
2022p292468,2022-04-19T05:07:40Z,-37.54,12.4,-180.0,7.4,12.0,0.0,MLv,,,,2.9,0.2,13,2.8,nan,5,,,,2.8,0.2,5
2022p292534,2022-04-19T05:42:11Z,-37.74,8.7,179.09,7.0,12.0,0.0,M,,,,2.6,0.2,10,2.6,nan,6,,,,2.6,0.2,6
2022p292559,2022-04-19T05:55:54Z,-38.77,3.3,174.78,3.0,5.0,0.0,MLv,,,,2.1,0.3,9,2.1,nan,5,,,,2.1,0.2,5
2022p292610,2022-04-19T06:23:08Z,-41.86,3.1,174.15,3.5,9.0,4.0,M,,,,2.0,0.2,9,2.0,nan,8,,,,2.0,0.2,8
2022p292675,2022-04-19T06:57:35Z,-38.01,6.3,176.2,4.5,140.0,8.0,M,,,,,,,2.5,nan,17,,,,2.5,0.2,17
2022p292677,2022-04-19T06:58:23Z,-45.08,5.8,167.5,6.9,54.0,10.0,M,,,,2.5,0.3,8,2.3,nan,1,,,,2.3,nan,1
2022p292797,2022-04-19T08:02:42Z,-38.0,2.8,178.21,3.4,14.0,5.0,M,,,,2.1,0.2,11,2.2,nan,6,,,,2.2,0.2,6
2022p292800,2022-04-19T08:03:57Z,-37.98,3.4,178.23,4.1,12.0,6.0,MLv,,,,1.9,0.2,9,,,,,,,1.9,0.2,5
2022p292805,2022-04-19T08:06:33Z,-37.98,2.7,178.21,3.3,15.0,5.0,MLv,,,,2.8,0.2,11,,,,,,,2.8,0.1,17
2022p292877,2022-04-19T08:44:56Z,-39.32,3.5,174.91,2.2,12.0,0.0,M,,,,2.0,0.2,13,2.0,nan,6,,,,2.0,0.2,6
2022p292897,2022-04-19T08:55:46Z,-39.32,3.6,174.92,3.3,11.0,7.0,M,,,,1.8,0.3,11,1.9,nan,7,,,,1.9,0.2,7
2022p292943,2022-04-19T09:20:20Z,-43.59,2.6,172.64,2.5,4.0,3.0,MLv,,,,1.8,0.2,6,1.8,nan,3,,,,1.8,0.1,3
2022p292960,2022-04-19T09:28:54Z,-38.72,7.5,175.56,10.3,136.0,13.0,M,,,,,,,2.2,nan,1,,,,2.2,nan,1
2022p292988,2022-04-19T09:44:29Z,-45.27,5.7,167.38,9.6,83.0,9.0,M,,,,2.4,0.3,8,1.2,nan,2,,,,1.2,0.6,2
2022p293012,2022-04-19T09:57:10Z,-40.59,2.7,175.9,2.6,22.0,4.0,M,,,,1.4,0.2,13,1.4,nan,6,,,,1.4,0.2,6
2022p293014,2022-04-19T09:58:20Z,-38.4,3.5,177.46,3.2,25.0,5.0,M,,,,1.8,0.3,10,1.5,nan,6,,,,1.5,0.3,6
2022p293038,2022-04-19T10:10:48Z,-40.22,2.2,176.18,3.6,23.0,5.0,M,,,,1.5,0.2,11,1.6,nan,10,,,,1.6,0.3,10
2022p293044,2022-04-19T10:14:01Z,-45.21,4.2,167.28,7.0,25.0,6.0,M,,,,2.5,0.2,8,2.2,nan,4,,,,2.2,0.3,4
2022p293053,2022-04-19T10:18:59Z,-43.66,3.5,169.79,3.4,47.0,6.0,MLv,,,,2.4,0.2,11,2.3,nan,1,,,,2.3,nan,1
2022p293090,2022-04-19T10:38:43Z,-40.39,3.0,175.87,3.4,23.0,6.0,M,,,,1.1,0.3,7,1.0,nan,2,,,,1.0,0.7,2
2022p293195,2022-04-19T11:34:24Z,-41.21,7.3,172.59,6.2,111.0,9.0,M,,,,,,,2.1,nan,6,,,,2.1,0.1,6
2022p293280,2022-04-19T12:20:05Z,-44.97,5.9,167.61,5.9,61.0,9.0,M,,,,2.4,0.3,8,2.1,nan,2,,,,2.1,0.1,2
2022p293290,2022-04-19T12:25:20Z,-37.48,7.0,176.33,7.2,268.0,9.0,MLv,,,,,,,,,,,,,3.2,0.5,12
2022p293452,2022-04-19T13:51:23Z,-36.51,7.5,177.67,8.7,185.0,10.0,MLv,,,,3.1,0.2,19,3.3,nan,15,,,,3.3,0.2,15
2022p293470,2022-04-19T14:00:52Z,-41.55,3.8,174.32,4.0,15.0,8.0,M,,,,1.7,0.2,7,1.7,nan,6,,,,1.7,0.2,6
2022p293511,2022-04-19T14:23:08Z,-39.13,3.1,175.66,3.0,5.0,0.0,M,,,,1.6,0.2,7,1.6,nan,7,,,,1.6,0.2,7
2022p293561,2022-04-19T14:49:47Z,-39.16,2.6,175.38,2.8,8.0,4.0,M,,,,1.7,0.3,12,1.6,nan,6,,,,1.6,0.2,6
2022p293570,2022-04-19T14:54:33Z,-40.33,2.6,176.51,3.1,19.0,5.0,M,,,,1.4,0.2,11,1.2,nan,7,,,,1.2,0.2,7
2022p293576,2022-04-19T14:57:24Z,-41.15,8.7,172.63,6.6,142.0,8.0,M,,,,,,,2.6,nan,19,,,,2.6,0.3,19
2022p293614,2022-04-19T15:18:09Z,-38.57,5.5,175.86,5.3,106.0,9.0,M,,,,1.7,0.3,6,2.2,nan,13,,,,2.2,0.3,13
2022p293684,2022-04-19T15:55:17Z,-39.79,2.8,176.78,3.4,23.0,5.0,MLv,,,,1.3,0.3,10,1.1,nan,3,,,,1.1,0.4,3
2022p293686,2022-04-19T15:56:13Z,-41.0,2.6,175.16,3.4,23.0,7.0,M,,,,1.7,0.2,8,1.7,nan,7,,,,1.7,0.2,7
2022p293712,2022-04-19T16:10:05Z,-39.09,6.2,175.47,5.4,98.0,8.0,M,,,,,,,1.9,nan,4,,,,1.9,0.8,4
2022p293720,2022-04-19T16:14:03Z,-38.47,2.5,176.23,2.1,6.0,5.0,MLv,,,,1.6,0.2,12,1.7,nan,10,,,,1.7,0.2,10
2022p293731,2022-04-19T16:19:59Z,-40.66,2.6,176.24,3.2,26.0,3.0,MLv,,,,2.1,0.2,18,,,,,,,2.1,0.2,15
2022p293736,2022-04-19T16:22:37Z,-39.21,3.3,174.76,2.5,18.0,5.0,M,,,,2.7,0.2,14,2.6,nan,37,,,,2.6,0.2,37
2022p293830,2022-04-19T17:12:43Z,-40.3,3.2,174.12,4.0,91.0,8.0,MLv,,,,2.8,0.3,18,,,,,,,2.8,0.2,28
2022p293848,2022-04-19T17:22:24Z,-38.48,2.7,176.23,2.4,5.0,3.0,MLv,,,,1.5,0.2,10,1.5,nan,8,,,,1.5,0.2,8
2022p293973,2022-04-19T18:29:09Z,-44.82,5.1,167.51,7.2,83.0,10.0,MLv,,,,2.3,0.2,6,2.5,nan,1,,,,2.5,nan,1
2022p294108,2022-04-19T19:41:03Z,-38.47,3.5,178.09,3.2,26.0,6.0,MLv,,,,1.9,0.2,9,1.8,nan,6,,,,1.8,0.3,6
2022p294109,2022-04-19T19:41:42Z,-38.67,7.0,176.11,7.6,86.0,14.0,MLv,,,,1.9,0.1,8,1.8,nan,6,,,,1.8,0.0,6
2022p294115,2022-04-19T19:44:50Z,-38.46,4.6,176.23,2.8,7.0,10.0,M,,,,1.5,0.3,6,1.6,nan,6,,,,1.6,0.2,6
2022p294132,2022-04-19T19:53:34Z,-37.96,7.9,176.64,8.9,102.0,13.0,MLv,,,,2.1,0.2,8,2.4,nan,6,,,,2.4,0.2,6
2022p294147,2022-04-19T20:03:21Z,-39.36,3.9,175.64,3.5,12.0,8.0,MLv,,,,1.2,0.2,7,1.3,nan,7,,,,1.3,0.3,7
2022p294214,2022-04-19T20:37:39Z,-39.11,3.8,177.74,3.8,49.0,6.0,MLv,,,,3.1,0.2,14,,,,,,,2.9,0.2,40
2022p294237,2022-04-19T20:49:37Z,-42.98,2.2,171.77,2.4,5.0,0.0,MLv,,,,2.7,0.2,6,,,,,,,2.8,0.1,15
2022p294248,2022-04-19T20:55:36Z,-41.24,6.6,172.79,6.5,133.0,8.0,M,,,,,,,1.4,nan,3,,,,1.4,0.9,3
2022p294263,2022-04-19T21:03:45Z,-39.05,8.8,174.83,7.5,195.0,9.0,MLv,,,,2.2,0.3,4,,,,,,,2.7,0.3,19
2022p294607,2022-04-20T00:06:39Z,-37.4,6.6,177.72,8.0,81.0,11.0,MLv,,,,2.5,0.2,10,,,,,,,2.6,0.1,11
2022p294653,2022-04-20T00:31:08Z,-40.25,2.8,176.34,2.6,15.0,6.0,M,,,,1.7,0.1,7,1.7,nan,7,,,,1.7,0.1,7
2022p294675,2022-04-20T00:42:59Z,-44.47,5.4,168.05,5.2,5.0,0.0,M,,,,2.3,0.1,7,2.2,nan,1,,,,2.2,nan,1
2022p294769,2022-04-20T01:33:26Z,-38.78,5.4,178.2,8.6,25.0,8.0,MLv,,,,1.9,0.2,9,,,,,,,1.8,0.3,5
2022p294770,2022-04-20T01:33:29Z,-38.64,5.2,176.06,3.5,5.0,6.0,M,,,,2.1,0.5,6,2.0,nan,6,,,,2.0,0.4,6
2022p294954,2022-04-20T03:11:43Z,-40.3,6.1,174.43,5.5,33.0,0.0,M,,,,2.1,0.1,12,2.2,nan,7,,,,2.2,0.2,7
2022p295017,2022-04-20T03:45:30Z,-40.49,3.3,175.77,3.5,18.0,5.0,M,,,,1.8,0.2,15,1.8,nan,13,,,,1.8,0.2,13
2022p295147,2022-04-20T04:54:22Z,-43.39,9.5,169.92,8.1,5.0,0.0,M,,,,2.5,0.2,6,2.6,nan,4,,,,2.6,0.5,4
2022p295151,2022-04-20T04:56:42Z,-40.27,6.7,174.37,6.2,74.0,13.0,M,,,,1.9,0.2,11,1.9,nan,2,,,,1.9,0.4,2
2022p295345,2022-04-20T06:39:52Z,-38.86,3.3,177.41,2.9,26.0,8.0,M,,,,2.0,0.2,11,2.0,nan,8,,,,2.0,0.1,8
2022p295447,2022-04-20T07:34:28Z,-40.04,6.7,173.87,4.6,152.0,9.0,M,,,,,,,2.0,nan,7,,,,2.0,0.1,7
2022p295466,2022-04-20T07:44:41Z,-38.58,2.8,178.05,4.4,24.0,6.0,M,,,,1.8,0.2,11,1.7,nan,5,,,,1.7,0.2,5
2022p295550,2022-04-20T08:29:12Z,-41.64,3.1,174.25,3.3,8.0,5.0,M,,,,1.7,0.2,10,1.7,nan,7,,,,1.7,0.1,7
2022p295557,2022-04-20T08:32:59Z,-37.14,6.6,177.25,6.1,149.0,9.0,MLv,,,,2.5,0.3,8,,,,,,,3.1,0.3,23
2022p295577,2022-04-20T08:43:37Z,-40.43,2.5,176.42,3.0,21.0,4.0,M,,,,2.1,0.2,18,2.1,nan,13,,,,2.1,0.2,13
2022p295637,2022-04-20T09:15:30Z,-39.88,3.5,176.75,5.3,32.0,8.0,M,,,,1.4,0.3,9,1.3,nan,2,,,,1.3,0.4,2
2022p295647,2022-04-20T09:21:02Z,-44.62,2.2,168.41,2.5,5.0,0.0,MLv,,,,2.9,0.2,8,,,,,,,3.2,0.2,7
2022p295697,2022-04-20T09:47:59Z,-37.91,12.5,176.03,16.2,179.0,11.0,M,,,,2.1,0.3,7,2.1,nan,1,,,,2.1,nan,1
2022p295705,2022-04-20T09:52:05Z,-39.24,3.3,177.3,3.9,21.0,5.0,M,,,,2.6,0.2,18,2.5,nan,19,,,,2.5,0.2,19
2022p295730,2022-04-20T10:05:15Z,-39.67,3.9,175.67,3.8,16.0,6.0,M,,,,1.7,0.3,11,1.9,nan,9,,,,1.9,0.3,9
2022p295732,2022-04-20T10:06:40Z,-33.98,8.2,-179.05,11.2,33.0,0.0,mB,5.5,0.2,23,5.1,0.3,18,,,,5.0,0.4,12,5.3,0.1,31
2022p295757,2022-04-20T10:19:24Z,-39.49,2.6,175.71,2.8,8.0,6.0,MLv,,,,1.2,0.2,11,1.1,nan,4,,,,1.1,0.4,4
2022p295765,2022-04-20T10:23:46Z,-38.31,16.1,175.64,23.5,166.0,21.0,MLv,,,,1.9,0.4,5,1.9,nan,3,,,,1.9,0.5,3
2022p295911,2022-04-20T11:41:42Z,-39.58,2.6,176.74,3.3,24.0,6.0,MLv,,,,1.3,0.2,8,1.3,nan,5,,,,1.3,0.3,5
2022p295945,2022-04-20T12:00:00Z,-40.9,4.2,175.14,3.2,46.0,6.0,MLv,,,,1.3,0.4,10,1.2,nan,5,,,,1.2,0.3,5
2022p295957,2022-04-20T12:06:25Z,-40.03,2.7,174.35,3.2,5.0,0.0,MLv,,,,2.0,0.1,17,2.0,nan,6,,,,2.0,0.0,6
2022p295968,2022-04-20T12:12:01Z,-39.51,2.4,175.71,2.7,7.0,6.0,MLv,,,,1.4,0.2,12,1.6,nan,6,,,,1.6,0.2,6
2022p295971,2022-04-20T12:13:25Z,-40.0,2.6,176.58,3.1,23.0,5.0,MLv,,,,1.2,0.3,10,,,,,,,1.3,0.3,6
2022p296055,2022-04-20T12:58:32Z,-38.66,2.3,176.07,2.7,4.0,3.0,MLv,,,,1.7,0.3,12,1.6,nan,10,,,,1.6,0.3,10
2022p296057,2022-04-20T12:59:26Z,-39.94,3.1,176.58,3.2,31.0,7.0,MLv,,,,1.4,0.3,10,,,,,,,1.2,0.3,5
2022p296065,2022-04-20T13:03:30Z,-38.83,2.1,175.98,2.6,5.0,0.0,MLv,,,,1.7,0.2,20,,,,,,,1.8,0.1,17
2022p296070,2022-04-20T13:07:07Z,-38.83,2.8,175.99,3.1,5.0,0.0,M,,,,1.7,0.2,12,1.7,nan,12,,,,1.7,0.1,12
2022p296115,2022-04-20T13:30:42Z,-38.82,2.4,175.99,3.3,3.0,4.0,M,,,,1.8,0.2,15,1.8,nan,17,,,,1.8,0.1,17
2022p296146,2022-04-20T13:46:36Z,-40.64,3.8,175.85,3.2,22.0,5.0,MLv,,,,1.4,0.2,11,1.3,nan,7,,,,1.3,0.2,7
2022p296202,2022-04-20T14:16:53Z,-39.53,3.8,176.99,4.0,26.0,6.0,M,,,,1.7,0.2,10,1.7,nan,3,,,,1.7,0.1,3
2022p296260,2022-04-20T14:47:48Z,-37.83,7.5,179.65,6.4,12.0,0.0,MLv,,,,2.6,0.1,11,2.6,nan,5,,,,2.6,0.1,5
2022p296283,2022-04-20T15:00:30Z,-39.92,3.4,176.67,3.6,31.0,8.0,MLv,,,,1.2,0.4,10,1.0,nan,5,,,,1.0,0.1,5
2022p296376,2022-04-20T15:49:22Z,-38.42,6.2,175.78,4.7,140.0,8.0,MLv,,,,1.9,0.1,8,2.5,nan,15,,,,2.5,0.4,15
2022p296391,2022-04-20T15:58:25Z,-38.19,4.4,178.6,6.7,35.0,6.0,M,,,,2.4,0.2,13,2.6,nan,11,,,,2.6,0.2,11
2022p296436,2022-04-20T16:21:31Z,-38.07,5.6,176.03,5.1,163.0,7.0,MLv,,,,,,,,,,,,,2.7,0.2,25
2022p296657,2022-04-20T18:19:08Z,-40.29,2.6,176.33,2.6,19.0,5.0,MLv,,,,1.5,0.1,10,1.6,nan,7,,,,1.6,0.2,7
2022p296702,2022-04-20T18:43:10Z,-38.66,3.5,176.08,3.1,5.0,4.0,MLv,,,,1.7,0.2,7,1.8,nan,7,,,,1.8,0.3,7
2022p296825,2022-04-20T19:48:33Z,-39.24,3.3,175.37,4.4,17.0,7.0,MLv,,,,1.3,0.3,10,1.4,nan,7,,,,1.4,0.3,7
2022p296969,2022-04-20T21:05:31Z,-40.37,2.7,176.25,3.1,20.0,7.0,M,,,,1.6,0.1,7,1.6,nan,7,,,,1.6,0.1,7
2022p296989,2022-04-20T21:16:13Z,-46.72,9.3,165.96,7.9,12.0,0.0,MLv,,,,3.7,0.2,11,,,,,,,3.7,0.2,7
2022p297101,2022-04-20T22:14:37Z,-34.64,31.7,178.54,59.1,289.0,43.0,MLv,3.8,0.1,3,3.4,0.3,4,,,,2.8,0.4,3,3.5,nan,1
2022p297116,2022-04-20T22:23:39Z,-38.39,3.6,177.93,3.7,25.0,6.0,M,,,,2.1,0.2,10,2.1,nan,6,,,,2.1,0.3,6
2022p297164,2022-04-20T22:49:16Z,-39.24,3.7,177.12,4.4,28.0,7.0,MLv,,,,1.7,0.1,9,,,,,,,1.7,0.2,5
2022p297322,2022-04-21T00:13:29Z,-41.54,4.5,174.37,4.4,36.0,9.0,MLv,,,,2.0,0.1,8,2.1,nan,6,,,,2.1,0.1,6
2022p297396,2022-04-21T00:53:02Z,-41.3,3.5,173.75,3.6,33.0,7.0,MLv,,,,1.9,0.3,7,1.9,nan,3,,,,1.9,0.4,3
2022p297584,2022-04-21T02:32:50Z,-41.37,2.4,172.38,2.2,5.0,0.0,MLv,,,,3.4,0.2,7,,,,,,,3.6,0.2,31
2022p297602,2022-04-21T02:42:32Z,-41.37,2.3,172.37,2.2,5.0,0.0,MLv,,,,3.7,0.3,6,,,,,,,3.9,0.2,43
2022p297839,2022-04-21T04:48:38Z,-34.36,4.1,179.04,8.2,100.0,0.0,M,4.8,0.2,15,4.5,0.5,8,4.9,nan,37,4.1,0.4,0,4.9,0.2,37
2022p297852,2022-04-21T04:55:59Z,-38.13,4.8,176.28,3.8,142.0,7.0,M,,,,2.2,0.4,7,3.4,nan,80,,,,3.4,0.4,80
2022p297934,2022-04-21T05:39:21Z,-39.7,4.0,174.04,5.6,171.0,7.0,MLv,,,,,,,,,,,,,3.3,0.3,41
2022p297966,2022-04-21T05:56:33Z,-41.59,4.1,174.36,3.8,11.0,8.0,M,,,,1.9,0.2,9,1.6,nan,3,,,,1.6,0.1,3
2022p298107,2022-04-21T07:11:47Z,-38.58,3.5,177.71,4.4,27.0,7.0,M,,,,1.7,0.2,8,1.7,nan,6,,,,1.7,0.2,6
2022p298303,2022-04-21T08:56:08Z,-37.7,5.6,177.21,3.7,31.0,8.0,M,,,,2.4,0.1,12,2.3,nan,6,,,,2.3,0.1,6
2022p298514,2022-04-21T10:48:28Z,-43.12,4.2,171.85,4.8,5.0,0.0,M,,,,2.2,0.3,9,1.5,nan,2,,,,1.5,0.3,2
2022p298528,2022-04-21T10:56:12Z,-37.68,11.1,176.43,12.6,131.0,14.0,M,,,,2.1,0.2,6,1.9,nan,3,,,,1.9,0.2,3
2022p298651,2022-04-21T12:01:34Z,-42.73,2.4,172.01,2.3,5.0,0.0,M,,,,2.3,0.3,10,2.0,nan,2,,,,2.0,0.4,2
2022p298801,2022-04-21T13:21:16Z,-41.75,3.1,172.25,3.1,5.0,0.0,M,,,,2.3,0.5,2,2.4,nan,2,,,,2.4,0.4,2
2022p298857,2022-04-21T13:51:09Z,-37.96,9.8,179.27,8.7,12.0,0.0,M,,,,2.6,0.2,12,2.5,nan,5,,,,2.5,0.3,5
2022p298927,2022-04-21T14:28:06Z,-38.0,3.7,177.89,3.7,25.0,7.0,M,,,,1.6,0.2,7,1.3,nan,3,,,,1.3,0.2,3
2022p298926,2022-04-21T14:28:23Z,-38.95,3.0,175.7,5.4,5.0,0.0,M,,,,1.0,0.2,7,0.9,nan,3,,,,0.9,0.2,3
2022p298943,2022-04-21T14:36:59Z,-40.13,3.6,176.25,5.5,43.0,7.0,M,,,,1.3,0.4,10,0.9,nan,3,,,,0.9,0.1,3
2022p299012,2022-04-21T15:14:00Z,-38.59,5.8,175.53,6.6,158.0,10.0,M,,,,,,,2.0,nan,3,,,,2.0,0.4,3
2022p299028,2022-04-21T15:22:32Z,-39.02,3.8,177.58,3.1,26.0,5.0,M,,,,2.0,0.2,13,2.0,nan,6,,,,2.0,0.2,6
2022p299043,2022-04-21T15:30:31Z,-39.03,3.9,177.51,2.9,21.0,5.0,M,,,,1.9,0.2,12,1.8,nan,5,,,,1.8,0.3,5
2022p299051,2022-04-21T15:34:49Z,-39.26,3.0,177.11,4.3,30.0,7.0,M,,,,1.8,0.2,9,1.6,nan,6,,,,1.6,0.1,6
2022p299060,2022-04-21T15:39:03Z,-36.87,16.0,177.68,16.0,139.0,13.0,M,,,,2.5,0.2,7,2.3,nan,2,,,,2.3,0.2,2
2022p299078,2022-04-21T15:49:08Z,-38.54,13.6,175.94,48.1,160.0,13.0,M,,,,1.8,0.3,6,2.0,nan,1,,,,2.0,nan,1
2022p299124,2022-04-21T16:13:16Z,-40.88,3.6,175.78,2.8,20.0,6.0,M,,,,1.2,0.2,7,0.8,nan,1,,,,0.8,nan,1
2022p299144,2022-04-21T16:24:19Z,-39.12,4.1,175.66,3.1,4.0,0.0,M,,,,1.2,0.2,6,1.3,nan,6,,,,1.3,0.1,6
2022p299160,2022-04-21T16:32:53Z,-38.57,3.0,177.74,3.5,24.0,6.0,M,,,,1.7,0.2,9,1.5,nan,5,,,,1.5,0.3,5
2022p299200,2022-04-21T16:53:54Z,-40.26,3.8,174.29,5.0,78.0,12.0,M,,,,2.5,0.2,13,2.3,nan,4,,,,2.3,0.2,4
2022p299206,2022-04-21T16:57:12Z,-39.04,3.5,176.92,3.3,33.0,6.0,M,,,,1.9,0.2,11,2.0,nan,9,,,,2.0,0.3,9
2022p299316,2022-04-21T17:56:25Z,-40.62,3.3,175.85,2.8,24.0,5.0,M,,,,2.2,0.3,13,2.2,nan,12,,,,2.2,0.2,12
2022p299369,2022-04-21T18:23:56Z,-43.59,2.4,172.5,2.0,6.0,4.0,M,,,,2.5,0.2,10,2.6,nan,7,,,,2.6,0.2,7
2022p299384,2022-04-21T18:31:58Z,-41.53,3.8,172.33,4.4,5.0,0.0,M,,,,2.3,0.2,8,2.1,nan,2,,,,2.1,0.2,2
2022p299398,2022-04-21T18:39:37Z,-38.74,3.0,177.94,4.4,22.0,4.0,MLv,,,,2.1,0.2,13,2.2,nan,7,,,,2.2,0.2,7
2022p299544,2022-04-21T19:57:25Z,-40.62,2.8,175.46,2.9,24.0,5.0,MLv,,,,2.7,0.3,13,,,,,,,2.7,0.3,31
2022p299662,2022-04-21T21:00:21Z,-40.68,7.7,173.28,6.1,133.0,8.0,MLv,,,,2.2,0.3,7,2.1,nan,6,,,,2.1,0.3,6
2022p299895,2022-04-21T23:04:20Z,-39.88,4.5,176.66,4.0,35.0,7.0,M,,,,1.6,0.3,8,1.5,nan,2,,,,1.5,0.4,2
2022p299912,2022-04-21T23:13:08Z,-40.06,3.5,176.54,3.5,35.0,7.0,MLv,,,,1.5,0.2,8,,,,,,,1.5,0.3,7
2022p299928,2022-04-21T23:22:25Z,-40.21,3.5,176.06,4.5,33.0,9.0,M,,,,2.0,0.1,8,2.0,nan,6,,,,2.0,0.2,6
2022p300050,2022-04-22T00:26:45Z,-39.21,5.2,174.76,3.6,20.0,7.0,MLv,,,,2.1,0.4,9,1.7,nan,6,,,,1.7,0.4,6
2022p300068,2022-04-22T00:36:30Z,-39.21,4.2,174.76,3.5,13.0,6.0,MLv,,,,1.9,0.2,7,1.5,nan,4,,,,1.5,0.4,4
2022p300164,2022-04-22T01:27:51Z,-41.24,5.4,173.55,3.3,75.0,6.0,MLv,,,,2.2,0.1,12,,,,,,,1.9,0.2,7
2022p300263,2022-04-22T02:20:15Z,-39.51,4.4,177.67,3.9,26.0,5.0,MLv,,,,2.9,0.3,14,,,,,,,2.8,0.3,19
2022p300285,2022-04-22T02:32:36Z,-40.58,3.4,175.88,3.6,27.0,7.0,MLv,,,,1.6,0.2,7,1.6,nan,6,,,,1.6,0.3,6
2022p300307,2022-04-22T02:43:38Z,-39.03,4.3,174.76,3.3,24.0,8.0,MLv,,,,2.2,0.3,8,2.2,nan,6,,,,2.2,0.3,6
2022p300308,2022-04-22T02:44:32Z,-38.13,6.1,176.42,7.9,99.0,12.0,MLv,,,,1.9,0.4,8,2.5,nan,20,,,,2.5,0.2,20
2022p300391,2022-04-22T03:28:21Z,-39.61,3.5,176.9,4.3,26.0,8.0,MLv,,,,1.7,0.3,7,1.8,nan,5,,,,1.8,0.2,5
2022p300432,2022-04-22T03:50:33Z,-41.47,3.8,174.45,2.2,12.0,0.0,MLv,,,,2.0,0.2,7,2.0,nan,6,,,,2.0,0.2,6
2022p300497,2022-04-22T04:24:55Z,-40.18,3.2,176.32,4.1,24.0,5.0,MLv,,,,1.6,0.3,11,1.2,nan,6,,,,1.2,0.3,6
2022p300689,2022-04-22T06:07:19Z,-42.49,2.4,173.29,2.3,5.0,0.0,MLv,,,,2.8,0.2,10,,,,,,,2.9,0.3,8
2022p300750,2022-04-22T06:39:37Z,-38.95,3.3,177.22,2.8,29.0,6.0,MLv,,,,2.2,0.1,11,2.0,nan,6,,,,2.0,0.2,6
2022p300956,2022-04-22T08:29:32Z,-42.24,2.9,173.57,3.6,20.0,4.0,MLv,,,,2.0,0.3,6,1.5,nan,1,,,,1.5,nan,1
2022p300966,2022-04-22T08:35:04Z,-41.6,2.6,174.28,3.5,9.0,7.0,MLv,,,,2.2,0.2,7,,,,,,,2.3,0.1,9
2022p301092,2022-04-22T09:41:55Z,-38.42,6.7,176.01,10.9,154.0,9.0,MLv,,,,2.5,0.4,12,,,,,,,2.0,0.1,2
2022p301100,2022-04-22T09:46:14Z,-40.71,3.5,175.82,3.0,23.0,5.0,MLv,,,,1.5,0.2,11,1.2,nan,2,,,,1.2,0.4,2
2022p301126,2022-04-22T10:00:07Z,-41.09,7.0,173.81,3.5,38.0,8.0,MLv,,,,1.9,0.2,6,2.0,nan,3,,,,2.0,0.0,3
2022p301143,2022-04-22T10:09:04Z,-42.64,2.2,172.68,2.3,5.0,0.0,MLv,,,,2.6,0.2,8,,,,,,,2.7,0.2,5
2022p301181,2022-04-22T10:29:31Z,-38.11,7.7,176.32,7.9,104.0,14.0,M,,,,2.4,0.2,8,2.3,nan,3,,,,2.3,0.3,3
2022p301224,2022-04-22T10:52:08Z,-39.62,3.1,176.85,4.3,24.0,6.0,M,,,,2.2,0.2,10,2.4,nan,9,,,,2.4,0.2,9
2022p301411,2022-04-22T12:32:15Z,-38.18,11.2,176.02,14.5,138.0,14.0,M,,,,,,,2.3,nan,2,,,,2.3,0.0,2
2022p301463,2022-04-22T12:59:36Z,-39.09,4.7,177.52,3.1,21.0,5.0,M,,,,2.1,0.3,12,2.0,nan,3,,,,2.0,0.1,3
2022p301469,2022-04-22T13:02:42Z,-41.63,6.2,174.93,4.0,21.0,6.0,M,,,,1.8,0.3,9,1.9,nan,3,,,,1.9,0.7,3
2022p301510,2022-04-22T13:24:50Z,-38.47,7.8,175.62,7.9,144.0,11.0,M,,,,,,,2.3,nan,6,,,,2.3,0.2,6
2022p301569,2022-04-22T13:56:28Z,-41.34,6.3,173.28,5.3,83.0,9.0,M,,,,2.1,0.4,7,2.4,nan,3,,,,2.4,0.1,3
2022p301628,2022-04-22T14:27:40Z,-38.0,10.1,176.12,12.7,61.0,29.0,M,,,,2.5,0.2,9,2.3,nan,2,,,,2.3,0.1,2
2022p301714,2022-04-22T15:13:37Z,-40.86,2.8,175.18,2.9,32.0,3.0,M,,,,2.8,0.3,19,2.6,nan,15,,,,2.6,0.2,15
2022p301721,2022-04-22T15:17:26Z,-39.94,3.1,176.49,3.5,24.0,8.0,M,,,,2.1,0.3,8,2.1,nan,8,,,,2.1,0.3,8
2022p301858,2022-04-22T16:30:03Z,-40.34,4.8,176.05,4.6,41.0,10.0,M,,,,1.4,0.2,7,1.4,nan,4,,,,1.4,0.5,4
2022p301885,2022-04-22T16:44:50Z,-41.23,3.4,175.2,3.7,19.0,7.0,M,,,,1.3,0.4,10,1.0,nan,3,,,,1.0,0.1,3
2022p301983,2022-04-22T17:36:45Z,-37.89,11.3,176.25,15.5,68.0,33.0,M,,,,2.5,0.2,7,2.2,nan,2,,,,2.2,0.3,2
2022p301989,2022-04-22T17:40:03Z,-40.66,2.3,175.84,2.9,18.0,5.0,M,,,,1.7,0.2,13,1.9,nan,5,,,,1.9,0.3,5
2022p302024,2022-04-22T17:58:43Z,-41.66,5.2,174.56,3.3,33.0,6.0,M,,,,1.9,0.1,10,2.2,nan,3,,,,2.2,0.1,3
2022p302102,2022-04-22T18:40:17Z,-43.19,2.2,171.45,2.5,5.0,0.0,MLv,,,,2.3,0.3,13,1.6,nan,4,,,,1.6,0.2,4
2022p302180,2022-04-22T19:21:49Z,-37.6,12.9,179.79,9.2,33.0,0.0,MLv,,,,2.9,0.2,10,2.3,nan,6,,,,2.3,0.4,6
2022p302185,2022-04-22T19:24:16Z,-45.05,5.4,167.64,5.5,69.0,9.0,M,,,,2.5,0.3,8,2.2,nan,3,,,,2.2,0.1,3
2022p302199,2022-04-22T19:31:42Z,-38.1,4.1,177.9,4.6,52.0,8.0,M,,,,2.2,0.3,10,2.4,nan,6,,,,2.4,0.3,6
2022p302291,2022-04-22T20:20:50Z,-40.74,5.2,174.98,3.6,32.0,6.0,MLv,,,,1.8,0.3,12,1.5,nan,5,,,,1.5,0.5,5
2022p302372,2022-04-22T21:03:49Z,-43.3,2.6,172.98,5.1,17.0,6.0,MLv,,,,2.4,0.1,7,2.4,nan,5,,,,2.4,0.2,5
2022p302461,2022-04-22T21:51:28Z,-42.13,3.4,172.29,5.5,52.0,12.0,M,,,,2.4,0.2,8,2.3,nan,1,,,,2.3,nan,1
2022p302491,2022-04-22T22:07:56Z,-38.54,4.0,176.18,2.5,3.0,4.0,MLv,,,,1.7,0.4,8,,,,,,,1.5,0.3,6
2022p302585,2022-04-22T22:57:15Z,-38.49,6.8,176.0,12.2,134.0,18.0,M,,,,1.9,0.5,6,1.8,nan,2,,,,1.8,0.1,2
2022p302665,2022-04-22T23:40:12Z,-41.69,2.6,174.26,3.2,9.0,4.0,MLv,,,,1.8,0.2,9,1.5,nan,4,,,,1.5,0.3,4
2022p302759,2022-04-23T00:30:13Z,-37.97,9.5,176.2,8.7,139.0,11.0,MLv,,,,,,,,,,,,,3.1,0.3,5
2022p302892,2022-04-23T01:40:57Z,-41.62,4.0,174.34,3.5,12.0,8.0,M,,,,1.9,0.3,9,1.8,nan,5,,,,1.8,0.3,5
2022p303171,2022-04-23T04:09:59Z,-40.48,2.3,175.89,2.8,24.0,3.0,MLv,,,,2.1,0.2,15,2.2,nan,16,,,,2.2,0.1,16
2022p303183,2022-04-23T04:16:01Z,-45.43,5.6,167.36,5.7,122.0,9.0,MLv,,,,,,,1.9,nan,3,,,,1.9,0.9,3
2022p303218,2022-04-23T04:34:43Z,-40.24,3.9,176.18,9.2,51.0,12.0,MLv,,,,1.1,0.4,6,,,,,,,1.1,nan,1
2022p303282,2022-04-23T05:08:45Z,-36.9,13.3,177.29,13.1,155.0,13.0,MLv,,,,2.5,0.2,8,2.2,nan,1,,,,2.2,nan,1
2022p303359,2022-04-23T05:49:58Z,-39.17,3.5,175.37,6.2,5.0,4.0,MLv,,,,1.3,0.3,10,,,,,,,1.1,0.2,5
2022p303503,2022-04-23T07:06:25Z,-39.6,5.2,175.63,7.6,41.0,13.0,MLv,,,,1.6,0.4,9,0.6,nan,1,,,,0.6,nan,1
2022p303544,2022-04-23T07:28:26Z,-43.44,2.7,172.1,3.6,4.0,4.0,MLv,,,,1.9,0.3,7,1.7,nan,1,,,,1.7,nan,1
2022p303565,2022-04-23T07:39:40Z,-42.3,2.8,172.37,2.8,5.0,0.0,MLv,,,,2.2,0.2,7,2.0,nan,2,,,,2.0,0.0,2
2022p303678,2022-04-23T08:39:50Z,-40.12,3.0,174.95,3.8,12.0,0.0,MLv,,,,1.8,0.3,10,,,,,,,1.6,0.2,7
2022p303836,2022-04-23T10:04:00Z,-42.98,3.1,171.76,2.2,5.0,0.0,MLv,,,,2.1,0.2,8,2.0,nan,5,,,,2.0,0.1,5
2022p304020,2022-04-23T11:41:55Z,-40.56,3.7,175.79,3.5,19.0,7.0,M,,,,1.2,0.3,9,1.1,nan,4,,,,1.1,0.2,4
2022p304039,2022-04-23T11:52:27Z,-42.94,3.0,171.54,2.5,4.0,3.0,M,,,,2.4,0.3,8,2.0,nan,1,,,,2.0,nan,1
2022p304111,2022-04-23T12:30:47Z,-41.19,13.2,172.57,9.3,179.0,11.0,M,,,,,,,2.4,nan,2,,,,2.4,0.5,2
2022p304256,2022-04-23T13:48:08Z,-39.9,4.2,176.61,3.4,37.0,8.0,M,,,,1.3,0.5,6,1.1,nan,3,,,,1.1,0.3,3
2022p304309,2022-04-23T14:16:26Z,-35.66,20.2,178.13,24.6,229.0,23.0,MLv,,,,,,,,,,,,,3.3,0.1,2
2022p304462,2022-04-23T15:37:26Z,-41.46,4.0,174.4,2.8,5.0,0.0,M,,,,1.6,0.2,7,1.7,nan,3,,,,1.7,0.2,3
2022p304588,2022-04-23T16:44:07Z,-41.77,5.2,173.25,5.2,64.0,10.0,M,,,,2.1,0.4,7,1.9,nan,3,,,,1.9,0.2,3
2022p304587,2022-04-23T16:44:21Z,-41.34,4.2,174.64,2.7,14.0,5.0,M,,,,1.9,0.2,10,2.0,nan,6,,,,2.0,0.2,6
2022p304601,2022-04-23T16:51:51Z,-38.86,3.0,177.87,4.4,29.0,4.0,M,,,,1.9,0.2,15,1.8,nan,6,,,,1.8,0.2,6
2022p304671,2022-04-23T17:28:53Z,-40.56,2.7,174.3,2.5,29.0,5.0,MLv,,,,2.8,0.2,26,,,,,,,2.8,0.2,31
2022p304855,2022-04-23T19:07:15Z,-42.16,2.5,173.61,2.6,5.0,0.0,M,,,,2.0,0.4,6,1.9,nan,3,,,,1.9,0.1,3
2022p304874,2022-04-23T19:17:03Z,-44.09,2.7,170.42,2.5,5.0,0.0,M,,,,2.5,0.2,9,2.3,nan,1,,,,2.3,nan,1
2022p304937,2022-04-23T19:50:32Z,-35.81,25.5,178.23,27.2,195.0,29.0,MLv,,,,2.9,0.2,9,3.1,nan,2,,,,3.1,0.1,2
2022p305052,2022-04-23T20:51:47Z,-36.26,11.5,178.05,10.6,188.0,16.0,MLv,,,,3.8,0.3,8,,,,,,,4.1,0.2,37
2022p305067,2022-04-23T21:00:27Z,-38.7,27.6,176.14,44.8,172.0,56.0,M,,,,,,,2.4,nan,10,,,,2.4,0.2,10
2022p305121,2022-04-23T21:28:55Z,-41.23,5.7,172.61,5.9,111.0,9.0,MLv,,,,,,,1.7,nan,3,,,,1.7,0.3,3
2022p305196,2022-04-23T22:08:30Z,-40.41,2.6,174.95,3.4,26.0,5.0,M,,,,2.4,0.2,18,2.3,nan,11,,,,2.3,0.2,11
2022p305286,2022-04-23T22:56:54Z,-39.03,3.7,177.81,4.8,32.0,5.0,M,,,,2.4,0.3,15,2.4,nan,13,,,,2.4,0.1,13
2022p305298,2022-04-23T23:03:10Z,-42.73,3.8,176.96,4.6,33.0,0.0,MLv,,,,3.4,0.3,25,,,,,,,3.5,0.3,28
2022p305457,2022-04-24T00:27:58Z,-37.62,13.1,177.35,10.0,42.0,14.0,M,,,,2.1,0.2,9,2.1,nan,3,,,,2.1,0.2,3
2022p305518,2022-04-24T01:00:01Z,-38.79,7.9,175.87,6.1,69.0,12.0,M,,,,2.0,0.4,13,2.3,nan,10,,,,2.3,0.3,10
2022p305597,2022-04-24T01:42:09Z,-39.27,3.6,175.13,2.7,21.0,6.0,MLv,,,,2.2,0.2,12,2.2,nan,6,,,,2.2,0.2,6
2022p305662,2022-04-24T02:17:00Z,-38.56,3.6,177.9,5.7,29.0,8.0,M,,,,1.8,0.4,7,1.9,nan,6,,,,1.9,0.2,6
2022p305706,2022-04-24T02:40:39Z,-41.27,3.0,175.26,2.5,19.0,7.0,MLv,,,,1.3,0.2,8,1.3,nan,6,,,,1.3,0.3,6
2022p305750,2022-04-24T03:03:46Z,-40.89,3.1,176.11,2.9,21.0,5.0,M,,,,1.7,0.2,12,1.8,nan,6,,,,1.8,0.2,6
2022p305783,2022-04-24T03:21:17Z,-40.49,2.8,175.96,4.3,23.0,6.0,MLv,,,,1.4,0.4,9,1.4,nan,4,,,,1.4,0.5,4
2022p305891,2022-04-24T04:18:59Z,-38.19,6.7,175.87,7.3,154.0,9.0,M,,,,2.3,0.2,10,2.6,nan,7,,,,2.6,0.3,7
2022p305966,2022-04-24T04:58:55Z,-41.16,10.3,173.35,5.4,79.0,10.0,MLv,,,,1.9,0.2,6,,,,,,,1.7,0.4,3
2022p305975,2022-04-24T05:03:37Z,-37.6,14.6,175.9,15.8,217.0,16.0,MLv,,,,,,,2.6,nan,6,,,,2.6,0.4,6
2022p306011,2022-04-24T05:22:51Z,-38.18,7.0,176.11,6.1,139.0,10.0,MLv,,,,2.3,0.2,8,2.5,nan,13,,,,2.5,0.2,13
2022p306014,2022-04-24T05:24:43Z,-39.14,4.3,177.84,5.8,35.0,7.0,MLv,,,,2.0,0.2,12,1.9,nan,7,,,,1.9,0.3,7
2022p306042,2022-04-24T05:39:22Z,-42.37,2.8,173.41,3.5,5.0,3.0,MLv,,,,2.3,0.2,6,2.2,nan,4,,,,2.2,0.2,4
2022p306063,2022-04-24T05:50:39Z,-38.29,11.5,175.65,11.2,241.0,12.0,M,,,,2.4,0.3,8,2.4,nan,4,,,,2.4,0.2,4
2022p306069,2022-04-24T05:53:39Z,-38.65,3.8,176.11,3.5,7.0,7.0,MLv,,,,1.7,0.3,9,1.7,nan,6,,,,1.7,0.2,6
2022p306248,2022-04-24T07:29:17Z,-41.34,3.2,173.71,2.7,41.0,5.0,MLv,,,,3.6,0.4,8,,,,,,,3.7,0.2,58
2022p306425,2022-04-24T09:03:28Z,-38.52,4.1,178.6,7.0,21.0,6.0,MLv,,,,2.2,0.2,12,2.3,nan,5,,,,2.3,0.4,5
2022p306433,2022-04-24T09:07:59Z,-37.41,14.7,179.92,14.4,63.0,44.0,MLv,,,,2.7,0.2,11,2.6,nan,4,,,,2.6,0.1,4
2022p306498,2022-04-24T09:42:16Z,-41.24,2.7,175.33,3.4,11.0,8.0,MLv,,,,1.2,0.2,9,1.2,nan,4,,,,1.2,0.1,4
2022p306668,2022-04-24T11:12:43Z,-38.16,2.7,176.1,3.9,5.0,0.0,M,,,,1.5,0.4,7,1.3,nan,7,,,,1.3,0.3,7
2022p306691,2022-04-24T11:25:33Z,-38.16,2.9,176.09,2.9,5.0,0.0,MLv,,,,1.5,0.2,7,1.2,nan,7,,,,1.2,0.3,7
2022p306734,2022-04-24T11:48:14Z,-41.27,6.7,172.57,7.1,103.0,8.0,MLv,,,,,,,1.8,nan,1,,,,1.8,nan,1
2022p306812,2022-04-24T12:29:48Z,-38.63,3.5,176.12,2.8,5.0,4.0,MLv,,,,1.7,0.2,6,1.7,nan,6,,,,1.7,0.3,6
2022p306819,2022-04-24T12:33:22Z,-38.64,3.7,176.1,3.3,3.0,6.0,M,,,,1.7,0.3,11,1.6,nan,9,,,,1.6,0.2,9
2022p306823,2022-04-24T12:35:46Z,-38.64,2.6,176.1,2.7,7.0,6.0,MLv,,,,1.7,0.3,9,1.7,nan,9,,,,1.7,0.3,9
2022p306858,2022-04-24T12:54:19Z,-41.4,3.8,174.22,3.8,23.0,6.0,M,,,,1.8,0.4,7,1.1,nan,2,,,,1.1,0.1,2
2022p306918,2022-04-24T13:25:59Z,-40.85,2.1,175.26,1.9,24.0,3.0,MLv,,,,2.7,0.2,19,,,,,,,2.7,0.2,26
2022p307172,2022-04-24T15:41:18Z,-35.9,20.7,178.56,22.8,193.0,23.0,MLv,,,,2.9,0.2,12,2.9,nan,3,,,,2.9,0.1,3
2022p307200,2022-04-24T15:56:38Z,-39.66,6.2,174.45,6.6,111.0,11.0,M,,,,,,,2.1,nan,1,,,,2.1,nan,1
2022p307288,2022-04-24T16:43:30Z,-39.51,4.3,175.65,4.3,12.0,14.0,MLv,,,,1.1,0.4,6,1.0,nan,6,,,,1.0,0.3,6
2022p307376,2022-04-24T17:30:14Z,-41.19,7.3,172.57,6.6,111.0,8.0,MLv,,,,,,,1.7,nan,4,,,,1.7,0.6,4
2022p307428,2022-04-24T17:57:42Z,-41.31,6.1,172.43,6.1,180.0,6.0,MLv,,,,,,,,,,,,,2.2,0.3,5
2022p307438,2022-04-24T18:03:30Z,-38.22,19.6,175.72,26.6,239.0,20.0,MLv,,,,,,,2.3,nan,3,,,,2.3,0.6,3
2022p307499,2022-04-24T18:35:53Z,-38.17,7.1,176.17,7.9,138.0,10.0,M,,,,2.1,0.2,7,2.4,nan,10,,,,2.4,0.3,10
2022p307573,2022-04-24T19:15:31Z,-39.48,3.4,175.72,3.4,15.0,6.0,MLv,,,,1.4,0.3,10,1.3,nan,7,,,,1.3,0.2,7
2022p307605,2022-04-24T19:32:16Z,-32.67,5.3,-177.65,14.4,33.0,0.0,mB,4.7,0.1,7,5.1,0.2,15,,,,4.0,0.4,6,5.1,0.1,12
2022p307607,2022-04-24T19:33:11Z,-39.85,3.4,175.86,5.1,46.0,8.0,M,,,,1.8,0.3,13,1.7,nan,9,,,,1.7,0.3,9
2022p307646,2022-04-24T19:53:55Z,-42.97,2.7,171.48,2.6,5.0,0.0,MLv,,,,2.4,0.3,10,2.0,nan,1,,,,2.0,nan,1
2022p307727,2022-04-24T20:33:53Z,-33.6,11.8,-178.01,19.4,33.0,0.0,MLv,4.7,0.1,7,4.4,0.2,10,,,,3.9,0.4,6,4.4,0.1,6
2022p307739,2022-04-24T20:43:51Z,-41.33,2.8,174.8,2.1,20.0,3.0,MLv,,,,1.8,0.2,12,1.7,nan,6,,,,1.7,0.2,6
2022p307846,2022-04-24T21:40:23Z,-39.73,4.3,174.12,3.9,119.0,9.0,M,,,,2.4,0.2,7,2.3,nan,4,,,,2.3,0.2,4
2022p307862,2022-04-24T21:49:13Z,-41.85,3.2,173.12,4.2,63.0,8.0,M,,,,2.1,0.3,11,1.9,nan,5,,,,1.9,0.2,5
2022p307873,2022-04-24T21:54:55Z,-38.94,7.8,175.02,11.4,189.0,16.0,M,,,,,,,2.4,nan,2,,,,2.4,0.3,2
2022p307926,2022-04-24T22:23:11Z,-41.19,4.2,174.57,2.6,40.0,6.0,MLv,,,,1.8,0.2,10,1.7,nan,5,,,,1.7,0.3,5
2022p307996,2022-04-24T23:00:43Z,-36.15,18.0,177.87,19.8,196.0,21.0,MLv,,,,2.8,0.2,13,,,,,,,2.8,0.1,3
2022p308061,2022-04-24T23:35:20Z,-39.35,3.9,174.81,2.7,23.0,7.0,M,,,,2.0,0.2,9,2.0,nan,4,,,,2.0,0.2,4
2022p308165,2022-04-25T00:30:37Z,-40.97,4.9,173.28,4.3,107.0,7.0,MLv,,,,,,,1.8,nan,4,,,,1.8,0.4,4
2022p308332,2022-04-25T01:59:19Z,-37.05,5.4,178.95,8.9,12.0,0.0,MLv,,,,3.0,0.2,12,3.0,nan,9,,,,3.0,0.1,9
2022p308331,2022-04-25T01:59:26Z,-40.3,4.0,176.63,5.9,15.0,6.0,M,,,,1.3,0.4,6,1.1,nan,4,,,,1.1,0.2,4
2022p308378,2022-04-25T02:24:13Z,-36.28,5.0,179.28,7.9,100.0,0.0,MLv,,,,3.5,0.2,23,,,,,,,3.7,0.2,25
2022p308403,2022-04-25T02:37:15Z,-37.6,8.2,179.12,8.4,33.0,0.0,MLv,,,,2.5,0.2,11,2.4,nan,8,,,,2.4,0.2,8
2022p308474,2022-04-25T03:15:01Z,-39.97,2.1,175.09,3.0,24.0,4.0,MLv,,,,2.6,0.2,17,,,,,,,2.6,0.2,30
2022p308491,2022-04-25T03:24:19Z,-39.98,2.8,175.05,9.7,20.0,7.0,M,,,,2.1,0.3,11,2.1,nan,4,,,,2.1,0.2,4
2022p308554,2022-04-25T03:57:52Z,-38.75,2.9,177.41,3.4,18.0,5.0,MLv,,,,1.9,0.1,13,1.8,nan,7,,,,1.8,0.2,7
2022p308587,2022-04-25T04:15:23Z,-39.58,9.9,174.6,6.7,130.0,10.0,MLv,,,,2.1,0.2,8,1.9,nan,6,,,,1.9,0.3,6
2022p308610,2022-04-25T04:27:54Z,-42.95,3.2,171.94,3.1,5.0,0.0,M,,,,2.0,0.3,7,1.8,nan,2,,,,1.8,0.0,2
2022p308652,2022-04-25T04:49:49Z,-39.11,5.5,174.56,2.6,18.0,6.0,M,,,,2.3,0.2,11,2.2,nan,8,,,,2.2,0.2,8
2022p308737,2022-04-25T05:35:38Z,-37.96,8.7,176.15,8.0,182.0,10.0,MLv,,,,,,,2.2,nan,7,,,,2.2,0.3,7
2022p308957,2022-04-25T07:32:53Z,-39.05,8.5,175.28,9.8,134.0,12.0,MLv,,,,2.2,0.2,6,,,,,,,1.6,0.4,5
2022p308999,2022-04-25T07:54:52Z,-38.79,3.4,176.03,3.1,10.0,10.0,MLv,,,,1.6,0.2,17,1.6,nan,7,,,,1.6,0.3,7
2022p309012,2022-04-25T08:01:41Z,-39.69,2.5,176.67,2.8,22.0,6.0,M,,,,1.4,0.3,11,1.3,nan,4,,,,1.3,0.3,4
2022p309029,2022-04-25T08:10:40Z,-37.87,6.2,176.21,6.3,173.0,9.0,MLv,,,,,,,2.0,nan,4,,,,2.0,0.1,4
2022p309090,2022-04-25T08:43:17Z,-40.73,6.7,173.42,4.3,74.0,9.0,MLv,,,,2.2,0.3,11,1.9,nan,4,,,,1.9,0.3,4
2022p309107,2022-04-25T08:51:35Z,-33.69,13.1,179.48,33.6,200.0,0.0,MLv,,,,3.6,0.2,5,3.6,nan,2,,,,3.6,0.2,2
2022p309124,2022-04-25T09:01:44Z,-40.5,4.0,173.81,3.5,115.0,8.0,MLv,,,,,,,,,,,,,2.6,0.3,11
2022p309154,2022-04-25T09:17:36Z,-41.04,5.7,174.54,3.1,45.0,8.0,MLv,,,,1.5,0.3,9,1.6,nan,4,,,,1.6,0.2,4
2022p309156,2022-04-25T09:18:18Z,-41.02,6.3,174.55,3.4,46.0,8.0,MLv,,,,1.4,0.2,9,1.2,nan,3,,,,1.2,0.3,3
2022p309167,2022-04-25T09:24:42Z,-40.91,3.7,176.11,3.5,21.0,7.0,MLv,,,,1.2,0.2,6,1.0,nan,2,,,,1.0,0.1,2
2022p309255,2022-04-25T10:11:23Z,-40.39,2.6,176.23,3.2,20.0,7.0,MLv,,,,1.4,0.3,7,1.6,nan,6,,,,1.6,0.3,6
2022p309283,2022-04-25T10:26:20Z,-40.4,2.3,176.22,2.2,20.0,4.0,M,,,,2.5,0.2,13,2.5,nan,30,,,,2.5,0.2,30
2022p309441,2022-04-25T11:50:37Z,-40.23,2.7,174.8,4.2,27.0,7.0,MLv,,,,2.4,0.2,12,2.3,nan,20,,,,2.3,0.2,20
2022p309514,2022-04-25T12:29:35Z,-41.23,6.8,172.5,7.8,210.0,7.0,MLv,,,,,,,2.8,nan,8,,,,2.8,0.2,8
2022p309521,2022-04-25T12:32:48Z,-38.59,8.6,175.79,11.3,187.0,9.0,M,,,,,,,2.5,nan,2,,,,2.5,0.4,2
2022p309665,2022-04-25T13:49:47Z,-41.12,5.2,172.94,3.9,129.0,7.0,M,,,,,,,2.2,nan,3,,,,2.2,0.5,3
2022p309670,2022-04-25T13:52:57Z,-39.2,9.2,175.82,8.4,70.0,16.0,MLv,,,,0.8,0.2,9,,,,,,,1.0,0.3,3
2022p309736,2022-04-25T14:27:38Z,-38.16,3.5,178.25,4.0,17.0,7.0,M,,,,2.1,0.1,8,2.2,nan,6,,,,2.2,0.2,6
2022p309776,2022-04-25T14:48:47Z,-38.75,3.1,174.67,3.0,16.0,5.0,MLv,,,,2.4,0.3,12,,,,,,,2.7,0.3,29
2022p309792,2022-04-25T14:57:25Z,-38.26,6.6,178.95,7.3,12.0,0.0,M,,,,2.2,0.2,11,2.3,nan,6,,,,2.3,0.2,6
2022p309862,2022-04-25T15:34:57Z,-38.5,5.0,178.0,3.3,23.0,5.0,MLv,,,,1.6,0.3,9,1.4,nan,5,,,,1.4,0.2,5
2022p310008,2022-04-25T16:52:17Z,-41.61,5.9,174.42,5.5,38.0,9.0,M,,,,1.7,0.2,7,1.6,nan,1,,,,1.6,nan,1
2022p310028,2022-04-25T17:03:16Z,-38.12,7.3,176.28,7.7,112.0,12.0,MLv,,,,,,,1.6,nan,5,,,,1.6,0.2,5
2022p310138,2022-04-25T18:01:50Z,-41.07,2.5,175.09,2.7,19.0,7.0,M,,,,1.5,0.3,8,1.6,nan,7,,,,1.6,0.2,7
2022p310148,2022-04-25T18:07:06Z,-38.97,4.1,177.84,4.2,19.0,5.0,M,,,,1.6,0.2,8,1.6,nan,4,,,,1.6,0.1,4
2022p310255,2022-04-25T19:04:28Z,-39.48,14.8,174.59,17.0,197.0,16.0,M,,,,,,,2.1,nan,5,,,,2.1,0.2,5
2022p310412,2022-04-25T20:28:00Z,-39.09,8.9,178.43,10.2,25.0,9.0,M,,,,2.1,0.2,10,2.3,nan,4,,,,2.3,0.2,4
2022p310555,2022-04-25T21:44:01Z,-38.12,6.8,178.76,8.9,28.0,7.0,MLv,,,,2.1,0.2,10,,,,,,,2.2,0.2,5
2022p310618,2022-04-25T22:17:45Z,-40.86,4.2,174.71,3.4,8.0,6.0,M,,,,1.9,0.2,11,1.9,nan,5,,,,1.9,0.1,5
2022p310623,2022-04-25T22:19:57Z,-39.45,7.0,175.71,3.6,17.0,9.0,M,,,,1.0,0.5,7,0.9,nan,6,,,,0.9,0.3,6
2022p310729,2022-04-25T23:16:46Z,-39.99,2.6,176.65,2.5,17.0,5.0,M,,,,1.5,0.2,8,1.4,nan,6,,,,1.4,0.2,6
2022p310761,2022-04-25T23:34:01Z,-40.07,4.1,176.38,8.0,41.0,14.0,M,,,,1.3,0.5,7,1.1,nan,5,,,,1.1,0.3,5
2022p310801,2022-04-25T23:54:44Z,-39.3,11.7,174.48,8.1,134.0,10.0,M,,,,2.1,0.3,7,2.6,nan,20,,,,2.6,0.3,20
2022p310966,2022-04-26T01:22:47Z,-40.89,2.7,175.43,2.6,20.0,5.0,M,,,,2.3,0.2,12,2.2,nan,18,,,,2.2,0.2,18
2022p311088,2022-04-26T02:28:11Z,-40.89,2.6,175.43,2.6,20.0,5.0,MLv,,,,1.3,0.2,8,,,,,,,1.3,0.3,5
2022p311151,2022-04-26T03:01:18Z,-40.82,3.7,175.32,3.0,21.0,6.0,M,,,,2.1,0.2,8,2.2,nan,7,,,,2.2,0.3,7
2022p311207,2022-04-26T03:31:33Z,-40.51,2.1,176.31,2.5,17.0,3.0,MLv,,,,2.7,0.1,18,,,,,,,2.7,0.1,27
2022p311379,2022-04-26T05:03:08Z,-38.04,6.5,175.97,6.7,167.0,11.0,M,,,,,,,2.4,nan,13,,,,2.4,0.2,13
2022p311554,2022-04-26T06:36:25Z,-39.88,4.4,173.9,4.5,124.0,8.0,M,,,,2.3,0.2,7,2.4,nan,9,,,,2.4,0.2,9
2022p311644,2022-04-26T07:24:40Z,-39.59,11.9,174.14,10.0,150.0,15.0,M,,,,2.5,0.2,7,2.0,nan,3,,,,2.0,0.1,3
2022p311646,2022-04-26T07:25:12Z,-41.72,2.2,174.22,3.5,7.0,4.0,MLv,,,,2.3,0.1,7,2.2,nan,7,,,,2.2,0.2,7
2022p311791,2022-04-26T08:42:37Z,-38.63,3.9,177.83,5.3,27.0,6.0,M,,,,1.5,0.3,8,1.3,nan,5,,,,1.3,0.4,5
2022p311839,2022-04-26T09:08:01Z,-40.54,2.9,175.87,2.9,20.0,4.0,M,,,,1.6,0.2,13,1.5,nan,6,,,,1.5,0.2,6
2022p311891,2022-04-26T09:36:40Z,-39.1,6.2,176.08,4.5,72.0,9.0,M,,,,1.6,0.3,14,1.7,nan,9,,,,1.7,0.2,9
2022p311941,2022-04-26T10:02:41Z,-38.36,3.1,177.99,3.3,21.0,5.0,M,,,,2.2,0.2,13,2.2,nan,10,,,,2.2,0.2,10
2022p312028,2022-04-26T10:48:37Z,-38.24,4.9,177.33,2.9,36.0,5.0,M,,,,2.0,0.2,17,2.0,nan,9,,,,2.0,0.3,9
2022p312214,2022-04-26T12:28:07Z,-40.27,3.7,176.58,4.2,13.0,10.0,M,,,,1.4,0.4,8,1.2,nan,3,,,,1.2,0.2,3
2022p312215,2022-04-26T12:28:26Z,-37.46,10.0,176.62,8.6,166.0,14.0,M,,,,2.2,0.2,13,2.1,nan,2,,,,2.1,0.0,2
2022p312270,2022-04-26T12:57:28Z,-38.36,2.6,177.76,2.4,17.0,4.0,MLv,,,,2.7,0.2,15,,,,,,,2.7,0.1,24
2022p312287,2022-04-26T13:06:32Z,-34.15,9.7,-178.21,15.4,33.0,0.0,MLv,4.7,0.1,7,4.2,0.1,14,,,,4.0,0.4,6,4.4,0.1,12
2022p312395,2022-04-26T14:04:08Z,-39.27,3.3,175.16,3.0,20.0,5.0,MLv,,,,1.4,0.3,10,1.2,nan,5,,,,1.2,0.2,5
2022p312424,2022-04-26T14:19:36Z,-40.15,2.9,176.33,4.0,15.0,7.0,M,,,,1.4,0.3,9,1.3,nan,4,,,,1.3,0.4,4
2022p312427,2022-04-26T14:21:00Z,-38.37,8.0,179.16,9.6,12.0,0.0,MLv,,,,2.4,0.2,9,2.6,nan,5,,,,2.6,0.3,5
2022p312508,2022-04-26T15:04:26Z,-39.15,13.8,174.77,17.4,189.0,16.0,MLv,,,,2.2,0.2,6,2.2,nan,3,,,,2.2,0.2,3
2022p312523,2022-04-26T15:12:23Z,-38.18,9.7,175.93,14.3,148.0,13.0,MLv,,,,2.1,0.2,6,1.7,nan,2,,,,1.7,0.2,2
2022p312573,2022-04-26T15:39:22Z,-39.08,15.4,174.83,10.0,205.0,13.0,MLv,,,,2.3,0.3,13,2.0,nan,6,,,,2.0,0.4,6
2022p312648,2022-04-26T16:19:18Z,-40.25,1.9,174.34,2.5,12.0,0.0,MLv,,,,2.8,0.2,18,,,,,,,2.6,0.2,22
2022p312659,2022-04-26T16:25:07Z,-37.31,7.4,177.32,6.0,91.0,10.0,MLv,,,,2.9,0.4,19,,,,,,,3.2,0.2,32
2022p312700,2022-04-26T16:48:14Z,-40.24,3.5,176.2,4.4,41.0,6.0,MLv,,,,1.8,0.2,13,,,,,,,1.7,0.2,7
2022p312775,2022-04-26T17:26:52Z,-39.41,2.7,176.87,3.3,13.0,5.0,M,,,,1.5,0.2,11,1.6,nan,6,,,,1.6,0.2,6
2022p312820,2022-04-26T17:50:49Z,-40.13,2.8,176.6,3.2,16.0,5.0,M,,,,1.4,0.2,11,1.3,nan,2,,,,1.3,0.2,2
2022p312934,2022-04-26T18:51:39Z,-39.38,6.4,174.43,6.0,136.0,7.0,MLv,,,,1.8,0.2,7,2.6,nan,15,,,,2.6,0.3,15
2022p313012,2022-04-26T19:32:57Z,-41.72,2.0,174.21,2.0,9.0,3.0,MLv,,,,2.9,0.2,12,,,,,,,3.0,0.2,22
2022p313091,2022-04-26T20:15:21Z,-38.19,12.8,175.88,28.6,144.0,18.0,M,,,,,,,1.8,nan,1,,,,1.8,nan,1
2022p313110,2022-04-26T20:25:21Z,-39.67,2.8,176.64,3.0,34.0,7.0,M,,,,1.9,0.2,12,1.8,nan,6,,,,1.8,0.2,6
2022p313134,2022-04-26T20:38:06Z,-40.04,2.8,176.59,3.2,27.0,5.0,M,,,,1.8,0.2,8,1.7,nan,6,,,,1.7,0.1,6
2022p313186,2022-04-26T21:06:10Z,-39.52,5.4,175.01,3.3,21.0,8.0,M,,,,1.9,0.3,10,1.5,nan,4,,,,1.5,0.2,4
2022p313259,2022-04-26T21:44:33Z,-37.09,13.1,177.34,11.9,113.0,22.0,M,,,,2.3,0.2,6,2.2,nan,4,,,,2.2,0.2,4
2022p313268,2022-04-26T21:49:40Z,-39.22,3.0,176.25,2.7,28.0,6.0,M,,,,2.3,0.3,14,2.4,nan,23,,,,2.4,0.2,23
2022p313298,2022-04-26T22:05:35Z,-41.73,2.2,174.2,2.8,9.0,4.0,M,,,,2.0,0.2,9,1.8,nan,6,,,,1.8,0.2,6
2022p313341,2022-04-26T22:28:17Z,-41.66,2.6,174.3,2.5,13.0,5.0,M,,,,2.3,0.1,12,2.4,nan,12,,,,2.4,0.2,12
2022p313353,2022-04-26T22:34:27Z,-37.2,5.5,177.5,6.4,118.0,11.0,MLv,,,,3.3,0.3,7,,,,,,,3.6,0.3,45
2022p313361,2022-04-26T22:39:13Z,-39.33,3.8,175.04,2.1,17.0,5.0,M,,,,2.1,0.2,16,2.0,nan,7,,,,2.0,0.2,7
2022p313375,2022-04-26T22:46:23Z,-38.33,3.3,176.39,2.6,5.0,3.0,M,,,,1.8,0.2,8,1.7,nan,6,,,,1.7,0.2,6
2022p313429,2022-04-26T23:15:25Z,-40.03,3.1,174.84,3.2,36.0,8.0,M,,,,2.0,0.3,15,1.8,nan,5,,,,1.8,0.2,5
2022p313549,2022-04-27T00:19:05Z,-40.9,4.2,175.24,4.4,21.0,11.0,M,,,,1.0,0.3,6,0.9,nan,2,,,,0.9,0.4,2
2022p313564,2022-04-27T00:26:57Z,-39.41,3.8,175.82,4.2,17.0,6.0,MLv,,,,1.1,0.2,10,1.0,nan,6,,,,1.0,0.4,6
2022p313622,2022-04-27T00:58:05Z,-45.42,3.9,167.0,4.5,52.0,7.0,MLv,,,,3.2,0.2,10,,,,,,,3.2,0.2,7
2022p313648,2022-04-27T01:11:45Z,-37.74,9.7,176.49,9.2,152.0,12.0,M,,,,2.1,0.2,8,2.3,nan,3,,,,2.3,0.2,3
2022p313664,2022-04-27T01:20:32Z,-41.28,2.7,175.27,2.5,21.0,5.0,M,,,,1.9,0.2,10,2.0,nan,10,,,,2.0,0.3,10
2022p313679,2022-04-27T01:27:23Z,-33.27,5.5,-178.57,14.1,33.0,0.0,MLv,5.4,0.2,45,5.1,0.3,12,,,,4.9,0.4,10,5.5,0.2,45
2022p313713,2022-04-27T01:46:33Z,-41.7,2.8,174.2,2.7,6.0,5.0,M,,,,2.5,0.2,11,2.6,nan,12,,,,2.6,0.1,12
2022p313787,2022-04-27T02:25:49Z,-39.16,5.6,177.76,4.5,20.0,5.0,M,,,,1.8,0.3,9,1.9,nan,1,,,,1.9,nan,1
2022p313832,2022-04-27T02:49:56Z,-40.16,2.5,174.95,3.2,5.0,0.0,MLv,,,,2.1,0.2,13,2.1,nan,13,,,,2.1,0.1,13
2022p313929,2022-04-27T03:41:52Z,-40.04,3.6,176.55,4.0,39.0,7.0,M,,,,1.4,0.3,11,1.1,nan,4,,,,1.1,0.1,4
2022p313991,2022-04-27T04:14:54Z,-45.01,4.6,167.55,5.7,76.0,9.0,M,,,,2.6,0.3,9,2.4,nan,3,,,,2.4,0.2,3
2022p314054,2022-04-27T04:48:18Z,-44.95,6.2,167.53,7.7,77.0,10.0,M,,,,2.4,0.3,8,1.7,nan,1,,,,1.7,nan,1
2022p314072,2022-04-27T04:57:38Z,-40.61,2.9,175.84,3.8,22.0,5.0,M,,,,1.4,0.4,12,1.4,nan,5,,,,1.4,0.3,5
2022p314197,2022-04-27T06:04:26Z,-40.55,3.3,175.79,3.4,21.0,5.0,M,,,,1.3,0.2,8,1.2,nan,4,,,,1.2,0.2,4
2022p314226,2022-04-27T06:19:58Z,-36.98,6.2,179.07,10.2,33.0,0.0,MLv,,,,3.1,0.2,15,3.2,nan,13,,,,3.2,0.1,13
2022p314241,2022-04-27T06:27:52Z,-41.71,3.1,174.2,2.8,7.0,5.0,M,,,,2.3,0.1,12,2.3,nan,12,,,,2.3,0.2,12
2022p314409,2022-04-27T07:57:30Z,-37.43,8.0,179.9,7.7,12.0,0.0,M,,,,3.5,0.2,13,3.6,nan,27,,,,3.6,0.2,27
2022p314458,2022-04-27T08:23:24Z,-39.18,3.6,175.04,3.8,128.0,6.0,MLv,,,,,,,,,,,,,3.3,0.4,67
2022p314501,2022-04-27T08:46:13Z,-41.97,2.6,173.69,2.5,5.0,0.0,M,,,,1.9,0.2,7,1.8,nan,3,,,,1.8,0.1,3
2022p314517,2022-04-27T08:54:59Z,-40.24,2.2,174.75,2.8,18.0,6.0,M,,,,1.9,0.3,15,1.8,nan,2,,,,1.8,0.1,2
2022p314613,2022-04-27T09:45:56Z,-38.35,4.0,177.99,4.4,22.0,8.0,M,,,,1.5,0.3,7,1.2,nan,3,,,,1.2,0.4,3
2022p314677,2022-04-27T10:20:15Z,-40.02,4.2,176.63,3.9,37.0,6.0,MLv,,,,1.4,0.5,10,1.1,nan,2,,,,1.1,0.6,2
2022p314760,2022-04-27T11:04:31Z,-42.26,2.6,172.67,3.2,5.0,0.0,M,,,,2.2,0.2,12,2.1,nan,6,,,,2.1,0.2,6
2022p314913,2022-04-27T12:25:59Z,-39.93,4.1,176.51,6.3,43.0,11.0,MLv,,,,1.3,0.4,10,0.9,nan,7,,,,0.9,0.4,7
2022p314926,2022-04-27T12:32:37Z,-37.73,7.7,178.03,4.1,29.0,7.0,M,,,,1.8,0.2,9,1.8,nan,5,,,,1.8,0.2,5
2022p314944,2022-04-27T12:42:39Z,-38.34,4.0,177.99,6.2,23.0,12.0,MLv,,,,1.2,0.3,6,0.9,nan,3,,,,0.9,0.3,3
2022p314945,2022-04-27T12:43:13Z,-39.55,3.1,175.64,2.9,16.0,5.0,M,,,,1.6,0.3,11,1.6,nan,7,,,,1.6,0.4,7
2022p314987,2022-04-27T13:05:18Z,-40.65,3.1,176.24,3.7,24.0,4.0,M,,,,1.7,0.2,12,1.8,nan,6,,,,1.8,0.3,6
2022p315013,2022-04-27T13:19:21Z,-38.06,7.0,177.1,5.6,45.0,12.0,MLv,,,,1.9,0.2,11,2.0,nan,7,,,,2.0,0.1,7
2022p315033,2022-04-27T13:29:48Z,-38.28,8.0,175.87,7.4,126.0,13.0,M,,,,2.1,0.2,8,1.8,nan,4,,,,1.8,0.6,4
2022p315048,2022-04-27T13:37:49Z,-38.71,4.8,177.94,5.6,24.0,5.0,MLv,,,,1.6,0.2,10,1.4,nan,4,,,,1.4,0.2,4
2022p315064,2022-04-27T13:46:15Z,-43.5,4.8,172.45,3.5,4.0,5.0,M,,,,1.6,0.4,7,1.5,nan,2,,,,1.5,0.4,2
2022p315134,2022-04-27T14:23:45Z,-44.16,3.5,168.66,3.9,5.0,0.0,MLv,,,,2.5,0.1,7,2.6,nan,3,,,,2.6,0.4,3
2022p315219,2022-04-27T15:09:09Z,-41.25,2.8,175.18,2.8,18.0,5.0,M,,,,1.4,0.2,9,1.2,nan,4,,,,1.2,0.2,4
2022p315231,2022-04-27T15:15:22Z,-43.14,3.0,172.49,3.0,26.0,4.0,MLv,,,,1.9,0.2,7,2.0,nan,5,,,,2.0,0.2,5
2022p315266,2022-04-27T15:34:08Z,-41.56,4.7,174.68,2.8,20.0,7.0,MLv,,,,2.0,0.3,6,2.0,nan,7,,,,2.0,0.2,7
2022p315298,2022-04-27T15:51:04Z,-37.35,17.0,179.95,10.4,33.0,0.0,ML,,,,2.5,nan,1,2.6,nan,3,,,,2.6,0.4,3
2022p315373,2022-04-27T16:31:08Z,-45.07,3.2,167.4,3.0,5.0,0.0,MLv,,,,2.8,0.2,6,3.0,nan,5,,,,3.0,0.2,5
2022p315376,2022-04-27T16:32:34Z,-37.1,22.0,176.56,20.5,174.0,23.0,MLv,,,,2.9,0.4,2,1.9,nan,4,,,,1.9,0.5,4
2022p315398,2022-04-27T16:44:08Z,-38.39,3.0,175.3,2.7,5.0,0.0,MLv,,,,1.9,0.3,11,1.3,nan,3,,,,1.3,0.4,3
2022p315434,2022-04-27T17:03:32Z,-43.44,7.8,170.02,4.8,5.0,0.0,M,,,,2.2,0.2,7,2.1,nan,1,,,,2.1,nan,1
2022p315541,2022-04-27T18:00:22Z,-42.55,3.7,173.17,3.5,6.0,5.0,M,,,,2.0,0.3,7,0.9,nan,1,,,,0.9,nan,1
2022p315647,2022-04-27T18:57:11Z,-40.54,5.1,176.47,6.7,23.0,6.0,M,,,,1.4,0.3,7,1.2,nan,2,,,,1.2,0.0,2
2022p315743,2022-04-27T19:47:06Z,-33.14,7.2,-178.7,15.8,12.0,0.0,mB,5.2,0.3,24,4.7,0.3,15,4.7,nan,13,4.6,0.4,10,4.9,0.1,13
2022p315815,2022-04-27T20:26:36Z,-37.86,8.0,176.49,6.1,151.0,8.0,M,,,,3.2,0.5,6,4.2,nan,24,,,,4.2,0.4,24
2022p315832,2022-04-27T20:35:54Z,-39.32,9.2,178.75,13.1,45.0,19.0,M,,,,2.2,0.2,14,2.6,nan,2,,,,2.6,0.1,2
2022p315855,2022-04-27T20:48:47Z,-41.22,11.4,172.4,10.2,196.0,8.0,M,,,,,,,2.7,nan,5,,,,2.7,0.3,5
2022p315987,2022-04-27T21:58:26Z,-38.72,4.4,178.58,5.4,32.0,6.0,MLv,,,,3.1,0.2,16,,,,,,,3.0,0.1,23
2022p316057,2022-04-27T22:35:37Z,-38.6,3.3,176.19,2.6,5.0,5.0,M,,,,1.7,0.2,6,1.6,nan,7,,,,1.6,0.1,7
2022p316254,2022-04-28T00:20:08Z,-38.42,3.9,177.45,3.2,25.0,6.0,M,,,,1.7,0.3,9,1.5,nan,7,,,,1.5,0.2,7
2022p316384,2022-04-28T01:29:36Z,-38.42,3.5,177.46,2.9,26.0,6.0,M,,,,1.9,0.4,9,1.7,nan,6,,,,1.7,0.2,6
2022p316428,2022-04-28T01:52:55Z,-37.45,13.5,178.35,8.9,57.0,8.0,M,,,,2.3,0.1,12,2.4,nan,6,,,,2.4,0.1,6
2022p316641,2022-04-28T03:46:45Z,-39.27,6.6,175.06,2.9,19.0,7.0,M,,,,1.6,0.3,8,1.5,nan,4,,,,1.5,0.3,4
2022p316649,2022-04-28T03:51:04Z,-39.35,13.0,174.4,7.9,126.0,11.0,MLv,,,,1.7,0.2,8,,,,,,,2.1,0.3,7
2022p316705,2022-04-28T04:20:46Z,-39.29,3.9,173.9,4.3,17.0,5.0,M,,,,1.8,0.2,8,1.6,nan,5,,,,1.6,0.3,5
2022p316782,2022-04-28T05:01:32Z,-37.72,4.5,177.22,3.2,50.0,8.0,MLv,,,,2.9,0.4,20,,,,,,,3.0,0.2,46
2022p316885,2022-04-28T05:56:22Z,-40.21,2.7,174.9,3.9,12.0,0.0,M,,,,2.0,0.3,12,2.0,nan,5,,,,2.0,0.2,5
2022p317079,2022-04-28T07:40:08Z,-40.24,2.7,174.77,3.8,21.0,7.0,MLv,,,,2.3,0.2,17,,,,,,,2.3,0.2,18
2022p317167,2022-04-28T08:26:43Z,-39.42,2.5,176.87,3.2,16.0,5.0,MLv,,,,1.6,0.2,9,,,,,,,1.6,0.3,3
2022p317174,2022-04-28T08:30:46Z,-41.77,4.2,173.23,3.7,61.0,8.0,M,,,,1.8,0.3,10,1.8,nan,3,,,,1.8,0.2,3
2022p317177,2022-04-28T08:32:12Z,-44.07,3.8,169.42,2.5,5.0,0.0,M,,,,2.2,0.2,6,2.5,nan,3,,,,2.5,0.3,3
2022p317208,2022-04-28T08:48:29Z,-39.22,4.4,174.76,3.3,19.0,6.0,MLv,,,,2.2,0.2,11,,,,,,,2.2,0.2,15
2022p317280,2022-04-28T09:26:54Z,-43.27,3.5,172.25,2.5,4.0,3.0,MLv,,,,1.9,0.3,6,2.1,nan,2,,,,2.1,0.6,2
2022p317318,2022-04-28T09:47:08Z,-44.99,6.4,167.39,8.6,95.0,8.0,MLv,,,,,,,2.5,nan,2,,,,2.5,0.1,2
2022p317348,2022-04-28T10:03:20Z,-39.0,4.9,176.08,6.0,56.0,10.0,MLv,,,,1.6,0.3,9,1.7,nan,4,,,,1.7,0.2,4
2022p317360,2022-04-28T10:09:46Z,-40.56,3.2,175.79,2.7,22.0,6.0,MLv,,,,1.9,0.3,9,1.9,nan,9,,,,1.9,0.2,9
2022p317376,2022-04-28T10:18:06Z,-41.38,3.8,174.76,3.1,20.0,6.0,MLv,,,,1.7,0.2,10,1.5,nan,6,,,,1.5,0.1,6
2022p317401,2022-04-28T10:31:24Z,-39.91,3.2,176.56,4.6,40.0,8.0,MLv,,,,1.8,0.2,11,1.7,nan,6,,,,1.7,0.2,6
2022p317402,2022-04-28T10:32:16Z,-43.23,3.5,170.92,2.8,5.0,0.0,MLv,,,,2.6,0.3,3,2.6,nan,3,,,,2.6,0.4,3
2022p317444,2022-04-28T10:54:21Z,-42.65,4.0,173.24,5.6,5.0,0.0,MLv,,,,1.9,0.2,6,,,,,,,1.9,0.2,3
2022p317457,2022-04-28T11:01:38Z,-45.53,3.7,167.16,5.9,64.0,8.0,MLv,,,,2.4,0.3,9,1.3,nan,2,,,,1.3,0.8,2
2022p317462,2022-04-28T11:03:53Z,-40.47,2.9,174.45,2.4,12.0,0.0,MLv,,,,2.3,0.2,12,,,,,,,2.2,0.1,8
2022p317550,2022-04-28T11:50:50Z,-45.25,2.5,168.35,3.0,5.0,0.0,MLv,,,,2.2,0.3,10,1.2,nan,1,,,,1.2,nan,1
2022p317645,2022-04-28T12:41:44Z,-38.92,3.4,174.76,3.0,16.0,6.0,MLv,,,,2.2,0.3,11,2.3,nan,7,,,,2.3,0.2,7
2022p317658,2022-04-28T12:48:28Z,-39.66,3.6,176.46,4.8,34.0,10.0,MLv,,,,1.3,0.2,6,,,,,,,1.2,0.3,5
2022p317719,2022-04-28T13:21:02Z,-40.06,3.9,176.58,3.5,40.0,7.0,MLv,,,,1.4,0.4,8,1.4,nan,4,,,,1.4,0.3,4
2022p317737,2022-04-28T13:30:52Z,-38.76,4.2,176.01,6.6,5.0,7.0,MLv,,,,1.5,0.4,7,1.6,nan,2,,,,1.6,0.2,2
2022p317833,2022-04-28T14:21:54Z,-39.48,4.8,175.73,4.1,16.0,9.0,MLv,,,,1.0,0.4,7,0.7,nan,4,,,,0.7,0.4,4
2022p317904,2022-04-28T14:59:19Z,-43.47,2.0,171.96,2.8,6.0,6.0,MLv,,,,1.9,0.3,4,2.3,nan,5,,,,2.3,0.4,5
2022p317911,2022-04-28T15:03:18Z,-40.16,2.6,176.45,3.8,32.0,5.0,MLv,,,,1.6,0.3,12,1.4,nan,6,,,,1.4,0.2,6
2022p318037,2022-04-28T16:10:21Z,-37.03,11.0,179.01,11.6,12.0,0.0,MLv,,,,2.3,0.2,8,2.3,nan,4,,,,2.3,0.2,4
2022p318090,2022-04-28T16:38:34Z,-37.22,4.5,178.91,8.4,12.0,0.0,MLv,,,,3.2,0.2,16,,,,,,,3.4,0.2,31
2022p318103,2022-04-28T16:45:19Z,-40.9,3.0,175.45,2.4,20.0,6.0,MLv,,,,1.2,0.2,9,1.1,nan,3,,,,1.1,0.4,3
2022p318141,2022-04-28T17:05:53Z,-38.36,3.5,177.82,3.3,21.0,7.0,MLv,,,,1.4,0.2,8,,,,,,,1.4,0.3,4
2022p318143,2022-04-28T17:06:47Z,-37.11,6.2,177.5,6.1,120.0,10.0,MLv,,,,3.0,0.3,9,,,,,,,3.3,0.3,29
2022p318186,2022-04-28T17:29:55Z,-42.47,3.8,173.38,4.5,23.0,7.0,MLv,,,,1.9,0.2,6,2.1,nan,5,,,,2.1,0.7,5
2022p318224,2022-04-28T17:49:47Z,-40.17,3.4,176.24,5.5,42.0,8.0,MLv,,,,1.3,0.4,11,,,,,,,0.9,0.3,7
2022p318258,2022-04-28T18:07:59Z,-40.25,5.5,173.41,5.8,156.0,8.0,MLv,,,,,,,,,,,,,2.4,0.2,10
2022p318270,2022-04-28T18:14:10Z,-34.76,42.1,-178.61,44.8,33.0,0.0,MLv,,,,3.6,0.1,7,,,,,,,3.4,0.2,2
2022p318376,2022-04-28T19:10:56Z,-39.23,4.4,174.96,2.4,5.0,0.0,MLv,,,,1.8,0.2,10,1.7,nan,6,,,,1.7,0.2,6
2022p318389,2022-04-28T19:17:52Z,-41.17,4.5,175.84,5.5,20.0,6.0,M,,,,2.0,0.1,8,2.0,nan,9,,,,2.0,0.3,9
2022p318461,2022-04-28T19:56:09Z,-41.23,8.9,172.43,8.0,172.0,7.0,MLv,,,,,,,,,,,,,2.8,0.2,10
2022p318666,2022-04-28T21:45:41Z,-39.17,6.9,177.86,6.3,21.0,8.0,M,,,,2.0,0.3,10,1.8,nan,4,,,,1.8,0.4,4
2022p318734,2022-04-28T22:21:19Z,-33.47,16.1,-179.73,40.8,100.0,0.0,mB,4.8,0.2,6,4.1,0.3,11,,,,4.0,0.4,4,4.6,0.2,13
2022p318829,2022-04-28T23:12:39Z,-39.11,5.2,175.67,4.9,4.0,6.0,M,,,,0.4,0.3,6,0.6,nan,2,,,,0.6,0.1,2
2022p318900,2022-04-28T23:50:34Z,-39.5,6.9,175.68,4.9,14.0,11.0,MLv,,,,1.1,0.3,13,1.2,nan,9,,,,1.2,0.3,9
2022p318964,2022-04-29T00:24:09Z,-42.49,1.9,172.97,2.4,6.0,4.0,M,,,,2.2,0.2,9,2.4,nan,8,,,,2.4,0.2,8
2022p319026,2022-04-29T00:57:30Z,-39.25,5.9,175.96,4.4,44.0,13.0,MLv,,,,1.1,0.3,12,1.2,nan,8,,,,1.2,0.4,8
2022p319101,2022-04-29T01:37:06Z,-39.52,9.2,175.7,5.5,8.0,10.0,M,,,,1.1,0.3,8,1.3,nan,7,,,,1.3,0.3,7
2022p319120,2022-04-29T01:47:15Z,-38.68,3.7,176.08,3.1,3.0,4.0,M,,,,1.9,0.3,8,1.9,nan,12,,,,1.9,0.3,12
2022p319227,2022-04-29T02:44:34Z,-38.07,5.5,175.99,5.3,159.0,8.0,MLv,,,,,,,,,,,,,2.8,0.3,30
2022p319234,2022-04-29T02:48:05Z,-39.31,6.5,177.64,4.4,24.0,6.0,M,,,,2.1,0.2,11,2.2,nan,6,,,,2.2,0.1,6
2022p319242,2022-04-29T02:52:05Z,-38.69,11.9,178.53,13.0,28.0,9.0,M,,,,2.0,0.1,6,2.0,nan,3,,,,2.0,0.0,3
2022p319340,2022-04-29T03:43:17Z,-33.68,31.4,-179.09,46.8,100.0,0.0,MLv,4.3,0.1,4,3.8,0.2,6,,,,3.4,0.4,4,3.8,0.1,4
2022p319350,2022-04-29T03:50:07Z,-36.99,8.5,176.95,7.4,204.0,9.0,MLv,,,,2.9,0.4,7,,,,,,,3.2,0.4,34
2022p319365,2022-04-29T03:56:53Z,-33.7,35.6,-178.78,55.6,33.0,0.0,mB,4.4,0.3,2,4.1,0.2,4,4.0,nan,1,3.5,0.4,2,4.0,nan,1
2022p319439,2022-04-29T04:36:53Z,-39.21,10.6,174.68,11.4,197.0,10.0,M,,,,1.7,0.6,4,2.6,nan,31,,,,2.6,0.3,31
2022p319461,2022-04-29T04:49:17Z,-41.03,2.7,175.41,2.7,21.0,7.0,M,,,,1.1,0.2,10,1.1,nan,7,,,,1.1,0.2,7
2022p319528,2022-04-29T05:24:53Z,-40.89,3.7,175.84,3.5,20.0,7.0,M,,,,1.4,0.1,8,1.6,nan,7,,,,1.6,0.2,7
2022p319561,2022-04-29T05:42:12Z,-38.13,6.1,176.33,6.0,106.0,11.0,M,,,,,,,1.9,nan,4,,,,1.9,0.3,4
2022p319607,2022-04-29T06:07:07Z,-40.59,3.2,175.87,2.9,26.0,6.0,M,,,,1.3,0.3,9,1.4,nan,6,,,,1.4,0.3,6
2022p319705,2022-04-29T06:58:58Z,-38.63,6.8,178.66,8.8,31.0,10.0,M,,,,2.2,0.1,10,2.2,nan,6,,,,2.2,0.2,6
2022p319768,2022-04-29T07:31:20Z,-33.04,10.6,-178.43,19.8,33.0,0.0,MLv,4.6,0.1,4,4.2,0.2,12,,,,3.8,0.4,3,4.2,0.2,6
2022p319775,2022-04-29T07:36:16Z,-38.65,9.8,175.78,10.2,133.0,11.0,MLv,,,,1.4,0.3,8,,,,,,,1.8,0.1,6
2022p319905,2022-04-29T08:45:30Z,-37.89,4.9,176.92,3.4,5.0,0.0,MLv,,,,1.7,0.2,12,1.7,nan,5,,,,1.7,0.2,5
2022p319916,2022-04-29T08:51:17Z,-38.7,4.8,178.51,7.9,28.0,8.0,MLv,,,,2.4,0.1,13,2.5,nan,15,,,,2.5,0.1,15
2022p319919,2022-04-29T08:52:58Z,-38.12,53.5,177.93,24.9,5.0,27.0,M,,,,2.3,0.4,12,2.3,nan,10,,,,2.3,0.4,10
2022p319924,2022-04-29T08:56:00Z,-40.6,2.8,174.58,2.0,5.0,0.0,MLv,,,,2.1,0.1,15,,,,,,,2.1,0.1,12
2022p319965,2022-04-29T09:17:50Z,-37.88,4.5,176.93,2.6,4.0,4.0,MLv,,,,1.7,0.2,12,1.9,nan,6,,,,1.9,0.2,6
2022p319984,2022-04-29T09:27:33Z,-37.87,4.9,176.93,2.5,5.0,4.0,M,,,,1.9,0.2,10,1.9,nan,7,,,,1.9,0.2,7
2022p320037,2022-04-29T09:56:13Z,-39.9,2.8,176.6,3.0,27.0,6.0,M,,,,1.4,0.3,11,1.3,nan,7,,,,1.3,0.3,7
2022p320218,2022-04-29T11:32:36Z,-42.88,2.0,171.64,2.0,4.0,2.0,MLv,,,,2.9,0.2,7,,,,,,,3.0,0.2,19
2022p320311,2022-04-29T12:22:02Z,-38.42,6.6,178.62,8.2,28.0,7.0,MLv,,,,1.9,0.1,8,1.9,nan,2,,,,1.9,0.1,2
2022p320342,2022-04-29T12:38:49Z,-40.25,9.8,173.52,5.3,129.0,11.0,MLv,,,,,,,2.1,nan,2,,,,2.1,0.6,2
2022p320375,2022-04-29T12:55:57Z,-36.24,12.2,177.84,11.1,205.0,15.0,MLv,,,,2.7,0.3,8,3.1,nan,5,,,,3.1,0.4,5
2022p320390,2022-04-29T13:03:51Z,-38.2,8.3,178.73,9.7,29.0,8.0,MLv,,,,1.9,0.2,10,2.2,nan,2,,,,2.2,0.2,2
2022p320435,2022-04-29T13:28:08Z,-40.54,2.2,175.21,2.6,5.0,3.0,MLv,,,,2.9,0.2,20,,,,,,,3.0,0.2,48
2022p320461,2022-04-29T13:41:38Z,-40.5,3.3,175.83,3.0,23.0,6.0,MLv,,,,1.5,0.2,10,1.5,nan,6,,,,1.5,0.4,6
2022p320466,2022-04-29T13:44:26Z,-38.2,21.7,175.75,27.6,132.0,32.0,MLv,,,,,,,1.8,nan,1,,,,1.8,nan,1
2022p320520,2022-04-29T14:13:11Z,-39.66,4.0,177.13,7.0,26.0,6.0,MLv,,,,1.8,0.4,8,1.9,nan,5,,,,1.9,0.3,5
2022p320542,2022-04-29T14:25:56Z,-38.57,4.6,175.52,4.2,154.0,7.0,MLv,,,,2.0,0.4,3,2.9,nan,50,,,,2.9,0.4,50
2022p320594,2022-04-29T14:52:50Z,-38.78,3.8,177.98,4.7,31.0,5.0,MLv,,,,2.2,0.3,15,2.2,nan,11,,,,2.2,0.3,11
2022p320652,2022-04-29T15:23:30Z,-42.61,2.0,171.83,2.1,5.0,0.0,MLv,,,,2.6,0.2,6,,,,,,,2.9,0.2,14
2022p320667,2022-04-29T15:31:45Z,-42.25,4.8,172.89,5.5,40.0,10.0,MLv,,,,1.8,0.1,6,1.9,nan,2,,,,1.9,0.0,2
2022p320775,2022-04-29T16:29:08Z,-40.32,2.6,176.34,2.9,22.0,5.0,MLv,,,,1.4,0.2,11,1.5,nan,6,,,,1.5,0.2,6
2022p320808,2022-04-29T16:46:38Z,-39.18,5.1,177.33,7.7,9.0,10.0,MLv,,,,1.8,0.1,7,1.6,nan,4,,,,1.6,0.2,4
2022p320826,2022-04-29T16:56:25Z,-42.98,2.4,171.75,2.5,5.0,0.0,MLv,,,,2.0,0.2,11,1.5,nan,4,,,,1.5,0.1,4
2022p320831,2022-04-29T16:59:00Z,-40.61,3.4,176.11,3.3,25.0,5.0,MLv,,,,1.1,0.3,7,0.8,nan,4,,,,0.8,0.3,4
2022p320890,2022-04-29T17:29:58Z,-35.19,29.1,179.42,24.5,220.0,38.0,MLv,,,,3.5,0.2,9,,,,,,,3.5,0.1,6
2022p320967,2022-04-29T18:11:34Z,-38.52,5.1,175.74,5.6,133.0,8.0,MLv,,,,1.4,0.4,7,,,,,,,2.9,0.4,58
2022p321049,2022-04-29T18:55:26Z,-42.22,2.4,172.6,2.6,5.0,0.0,MLv,,,,2.0,0.2,8,1.7,nan,4,,,,1.7,0.2,4
2022p321163,2022-04-29T19:56:08Z,-40.52,4.9,175.18,3.6,4.0,5.0,MLv,,,,1.7,0.3,7,1.6,nan,6,,,,1.6,0.3,6
2022p321164,2022-04-29T19:56:42Z,-40.34,2.9,175.47,3.2,30.0,4.0,MLv,,,,1.8,0.3,15,1.9,nan,9,,,,1.9,0.3,9
2022p321214,2022-04-29T20:23:05Z,-39.29,4.8,177.61,3.9,26.0,5.0,M,,,,2.0,0.2,16,2.2,nan,6,,,,2.2,0.2,6
2022p321291,2022-04-29T21:04:12Z,-38.2,17.1,175.88,21.4,142.0,15.0,M,,,,1.9,0.1,6,2.0,nan,1,,,,2.0,nan,1
2022p321381,2022-04-29T21:52:14Z,-37.56,27.4,176.13,30.2,197.0,27.0,M,,,,2.0,0.3,3,2.4,nan,2,,,,2.4,0.1,2
2022p321609,2022-04-29T23:53:16Z,-39.78,2.9,176.81,3.7,31.0,7.0,M,,,,1.8,0.2,13,1.8,nan,6,,,,1.8,0.4,6
2022p321610,2022-04-29T23:53:32Z,-39.17,3.5,177.16,3.5,22.0,5.0,M,,,,1.8,0.1,12,1.8,nan,6,,,,1.8,0.3,6
2022p321725,2022-04-30T00:55:32Z,-45.11,5.7,167.39,5.7,99.0,8.0,MLv,,,,2.6,0.2,10,2.2,nan,2,,,,2.2,0.4,2
2022p321825,2022-04-30T01:48:40Z,-41.0,6.7,173.17,4.0,120.0,7.0,M,,,,,,,2.0,nan,5,,,,2.0,0.7,5
2022p321921,2022-04-30T02:39:52Z,-41.69,3.5,174.31,2.6,7.0,4.0,MLv,,,,2.8,0.2,12,,,,,,,2.9,0.2,25
2022p321966,2022-04-30T03:03:39Z,-38.06,6.4,176.56,5.2,126.0,9.0,M,,,,,,,2.2,nan,10,,,,2.2,0.2,10
2022p322029,2022-04-30T03:37:28Z,-39.46,5.8,174.34,4.9,128.0,8.0,M,,,,1.8,0.1,5,2.2,nan,15,,,,2.2,0.2,15
2022p322030,2022-04-30T03:38:00Z,-37.64,8.0,179.81,6.4,33.0,0.0,MLv,,,,3.4,0.2,17,,,,,,,3.5,0.2,19
2022p322096,2022-04-30T04:12:50Z,-39.29,3.1,175.57,5.3,11.0,10.0,M,,,,0.2,0.3,5,0.4,nan,3,,,,0.4,0.4,3
2022p322201,2022-04-30T05:09:07Z,-41.88,3.2,174.07,3.6,6.0,4.0,M,,,,2.3,0.2,8,2.4,nan,13,,,,2.4,0.2,13
2022p322270,2022-04-30T05:45:28Z,-39.94,3.5,176.83,4.3,21.0,6.0,M,,,,1.5,0.2,10,1.5,nan,4,,,,1.5,0.0,4
2022p322371,2022-04-30T06:39:33Z,-39.91,2.3,176.65,2.6,38.0,5.0,MLv,,,,3.2,0.2,13,,,,,,,3.0,0.2,52
2022p322380,2022-04-30T06:44:35Z,-38.39,5.1,177.92,4.9,21.0,8.0,M,,,,1.4,0.3,6,1.4,nan,5,,,,1.4,0.1,5
2022p322392,2022-04-30T06:50:56Z,-38.65,3.6,176.1,4.8,3.0,7.0,M,,,,1.7,0.2,7,1.6,nan,6,,,,1.6,0.4,6
2022p322393,2022-04-30T06:51:12Z,-39.51,4.1,175.68,4.7,5.0,0.0,M,,,,1.2,0.2,10,1.0,nan,5,,,,1.0,0.3,5
2022p322461,2022-04-30T07:27:38Z,-38.94,3.9,177.31,2.6,27.0,5.0,MLv,,,,2.3,0.2,18,,,,,,,2.3,0.2,21
2022p322526,2022-04-30T08:02:15Z,-39.81,3.4,176.65,3.9,31.0,8.0,M,,,,1.1,0.4,9,0.9,nan,3,,,,0.9,0.3,3
2022p322535,2022-04-30T08:06:40Z,-41.73,2.0,174.12,2.3,10.0,3.0,MLv,,,,2.7,0.2,13,,,,,,,2.7,0.2,16
2022p322582,2022-04-30T08:31:48Z,-36.85,13.4,177.02,9.9,221.0,12.0,MLv,,,,2.6,0.2,6,,,,,,,3.1,0.4,7
2022p322648,2022-04-30T09:07:03Z,-38.1,6.4,176.23,7.7,99.0,12.0,M,,,,1.9,0.1,6,2.0,nan,5,,,,2.0,0.1,5
2022p322654,2022-04-30T09:10:24Z,-39.7,3.4,175.64,4.7,8.0,11.0,M,,,,1.4,0.5,7,1.7,nan,5,,,,1.7,0.4,5
2022p322663,2022-04-30T09:15:04Z,-33.07,33.4,-178.55,53.8,33.0,0.0,MLv,,,,4.0,0.1,6,3.7,nan,1,,,,3.7,nan,1
2022p322733,2022-04-30T09:52:10Z,-39.22,5.0,174.72,5.5,21.0,5.0,M,,,,1.9,0.1,8,1.7,nan,4,,,,1.7,0.3,4
2022p322745,2022-04-30T09:58:52Z,-38.42,7.5,175.94,6.9,141.0,9.0,M,,,,1.8,0.2,7,1.8,nan,4,,,,1.8,0.2,4
2022p322808,2022-04-30T10:32:08Z,-44.7,5.0,168.02,5.8,76.0,10.0,M,,,,2.4,0.2,9,2.1,nan,2,,,,2.1,1.0,2
2022p322814,2022-04-30T10:35:20Z,-39.22,4.0,174.78,2.5,29.0,6.0,M,,,,2.1,0.2,12,2.1,nan,9,,,,2.1,0.3,9
2022p322864,2022-04-30T11:02:19Z,-40.23,2.7,174.74,3.8,12.0,0.0,MLv,,,,2.0,0.2,9,,,,,,,1.9,0.1,5
2022p322881,2022-04-30T11:11:10Z,-38.69,6.3,178.55,6.6,28.0,6.0,M,,,,2.1,0.2,11,1.9,nan,4,,,,1.9,0.3,4
2022p322887,2022-04-30T11:14:19Z,-38.88,3.6,177.86,5.9,30.0,6.0,MLv,,,,1.6,0.3,12,1.6,nan,4,,,,1.6,0.4,4
2022p322891,2022-04-30T11:16:17Z,-37.47,11.9,179.89,8.7,33.0,0.0,M,,,,2.5,0.1,9,2.6,nan,3,,,,2.6,0.5,3
2022p322923,2022-04-30T11:33:36Z,-41.49,4.1,174.46,3.0,12.0,0.0,M,,,,1.6,0.2,12,1.3,nan,3,,,,1.3,0.3,3
2022p323109,2022-04-30T13:12:34Z,-37.3,19.4,176.72,19.5,204.0,21.0,M,,,,,,,2.2,nan,3,,,,2.2,0.3,3
2022p323136,2022-04-30T13:26:25Z,-34.64,27.2,179.37,28.0,228.0,38.0,MLv,,,,3.4,0.1,9,3.5,nan,1,,,,3.5,nan,1
2022p323184,2022-04-30T13:52:13Z,-35.5,28.7,-179.32,36.4,33.0,0.0,MLv,,,,3.3,0.2,10,3.3,nan,1,,,,3.3,nan,1
2022p323215,2022-04-30T14:09:10Z,-38.16,2.8,176.67,2.6,5.0,6.0,M,,,,1.4,0.2,13,1.6,nan,6,,,,1.6,0.2,6
2022p323282,2022-04-30T14:44:48Z,-40.9,2.5,175.32,2.0,18.0,4.0,M,,,,1.7,0.2,11,1.7,nan,7,,,,1.7,0.2,7
2022p323290,2022-04-30T14:48:57Z,-43.2,3.0,170.91,2.8,5.0,0.0,MLv,,,,1.9,0.2,6,,,,,,,1.9,0.5,3
2022p323330,2022-04-30T15:10:32Z,-38.33,3.9,177.75,3.0,19.0,5.0,M,,,,1.6,0.3,11,1.3,nan,4,,,,1.3,0.2,4
2022p323366,2022-04-30T15:29:48Z,-39.14,3.7,174.63,2.2,23.0,4.0,M,,,,1.9,0.2,13,1.8,nan,5,,,,1.8,0.2,5
2022p323368,2022-04-30T15:31:01Z,-38.62,4.7,176.07,2.7,5.0,10.0,MLv,,,,1.5,0.5,8,,,,,,,1.5,0.5,8
2022p323395,2022-04-30T15:45:12Z,-45.13,4.6,167.43,5.7,45.0,9.0,M,,,,2.5,0.2,8,2.3,nan,3,,,,2.3,0.2,3
2022p323397,2022-04-30T15:46:24Z,-39.35,7.3,175.05,4.0,26.0,11.0,M,,,,1.2,0.1,7,1.3,nan,4,,,,1.3,0.2,4
2022p323460,2022-04-30T16:19:31Z,-37.48,8.4,177.05,8.6,123.0,13.0,M,,,,2.4,0.3,3,2.3,nan,3,,,,2.3,0.4,3
2022p323492,2022-04-30T16:36:55Z,-39.9,3.2,176.66,3.2,38.0,6.0,M,,,,1.7,0.2,9,1.8,nan,10,,,,1.8,0.3,10
2022p323507,2022-04-30T16:44:45Z,-41.25,6.3,172.78,8.3,116.0,8.0,MLv,,,,,,,1.7,nan,4,,,,1.7,0.7,4
2022p323514,2022-04-30T16:48:27Z,-38.13,16.8,175.77,20.2,178.0,20.0,M,,,,,,,1.9,nan,2,,,,1.9,0.5,2
2022p323533,2022-04-30T16:58:46Z,-38.64,5.0,176.08,4.0,3.0,15.0,MLv,,,,1.6,0.3,7,1.7,nan,6,,,,1.7,0.4,6
2022p323541,2022-04-30T17:03:10Z,-39.76,4.4,174.29,3.6,111.0,9.0,M,,,,,,,1.9,nan,4,,,,1.9,0.5,4
2022p323550,2022-04-30T17:07:43Z,-38.63,4.1,176.07,3.4,5.0,6.0,M,,,,1.6,0.2,7,1.8,nan,5,,,,1.8,0.5,5
2022p323555,2022-04-30T17:10:20Z,-39.64,3.2,176.43,4.9,29.0,7.0,MLv,,,,1.4,0.2,9,,,,,,,1.3,0.3,7
2022p323561,2022-04-30T17:13:39Z,-42.21,2.9,173.73,4.1,6.0,4.0,MLv,,,,1.9,0.3,7,1.8,nan,4,,,,1.8,0.6,4
2022p323580,2022-04-30T17:23:36Z,-39.28,3.9,175.57,5.2,3.0,4.0,M,,,,0.6,0.2,5,0.9,nan,5,,,,0.9,0.2,5
2022p323606,2022-04-30T17:37:47Z,-39.28,3.7,175.56,4.9,15.0,10.0,M,,,,0.7,0.2,4,1.0,nan,4,,,,1.0,0.2,4
2022p323609,2022-04-30T17:39:13Z,-42.98,2.4,171.75,2.4,5.0,0.0,MLv,,,,2.0,0.3,7,1.7,nan,2,,,,1.7,0.0,2
2022p323614,2022-04-30T17:41:53Z,-38.49,4.8,178.67,8.2,31.0,8.0,MLv,,,,2.5,0.1,12,2.6,nan,10,,,,2.6,0.1,10
2022p323639,2022-04-30T17:55:06Z,-41.75,2.7,174.14,3.7,8.0,5.0,MLv,,,,1.5,0.2,6,1.2,nan,4,,,,1.2,0.1,4
2022p323776,2022-04-30T19:08:17Z,-37.3,7.0,177.42,7.2,107.0,12.0,MLv,,,,2.6,0.2,8,2.9,nan,3,,,,2.9,0.2,3
2022p323859,2022-04-30T19:52:25Z,-41.89,2.6,174.1,2.6,6.0,4.0,MLv,,,,2.9,0.2,9,,,,,,,3.1,0.2,30
2022p323955,2022-04-30T20:43:16Z,-41.73,5.8,172.21,5.7,74.0,10.0,M,,,,2.2,0.2,9,2.4,nan,7,,,,2.4,0.3,7
2022p324021,2022-04-30T21:18:42Z,-43.12,4.2,171.09,2.3,5.0,0.0,MLv,,,,1.9,0.2,7,1.9,nan,2,,,,1.9,0.3,2
2022p324034,2022-04-30T21:25:41Z,-38.62,3.6,176.06,3.2,4.0,6.0,M,,,,1.9,0.3,12,1.9,nan,12,,,,1.9,0.3,12
2022p324060,2022-04-30T21:39:45Z,-39.96,15.2,173.76,10.1,213.0,12.0,M,,,,,,,2.3,nan,2,,,,2.3,0.5,2
2022p324395,2022-05-01T00:37:56Z,-41.27,2.7,175.28,2.7,19.0,6.0,M,,,,1.4,0.3,11,1.3,nan,6,,,,1.3,0.1,6
2022p324482,2022-05-01T01:24:05Z,-40.68,4.1,174.98,5.9,28.0,7.0,MLv,,,,2.5,0.2,7,2.6,nan,8,,,,2.6,0.3,8
2022p324491,2022-05-01T01:29:17Z,-39.25,3.6,175.39,6.1,9.0,10.0,MLv,,,,0.8,0.2,7,1.0,nan,3,,,,1.0,0.7,3
2022p324531,2022-05-01T01:50:17Z,-39.28,2.5,176.63,2.8,10.0,6.0,M,,,,1.5,0.3,9,1.5,nan,7,,,,1.5,0.2,7
2022p324536,2022-05-01T01:53:06Z,-41.27,2.3,175.16,2.2,18.0,6.0,MLv,,,,1.7,0.2,9,1.8,nan,9,,,,1.8,0.2,9
2022p324584,2022-05-01T02:18:28Z,-36.86,8.1,177.63,9.5,137.0,13.0,M,,,,2.3,0.2,11,2.3,nan,7,,,,2.3,0.1,7
2022p324623,2022-05-01T02:39:27Z,-40.58,3.9,174.28,2.4,5.0,0.0,M,,,,2.0,0.2,13,2.1,nan,7,,,,2.1,0.0,7
2022p324760,2022-05-01T03:52:18Z,-37.8,5.0,177.14,5.9,101.0,9.0,M,,,,2.2,0.2,8,2.4,nan,13,,,,2.4,0.1,13
2022p325034,2022-05-01T06:18:00Z,-37.36,24.9,176.03,27.8,253.0,28.0,M,,,,2.1,0.3,3,2.3,nan,2,,,,2.3,0.0,2
2022p325068,2022-05-01T06:36:38Z,-38.18,5.6,176.14,4.4,124.0,9.0,MLv,,,,,,,,,,,,,2.7,0.4,19
2022p325097,2022-05-01T06:51:47Z,-41.64,2.7,174.19,2.4,10.0,4.0,M,,,,2.3,0.2,13,2.4,nan,13,,,,2.4,0.2,13
2022p325134,2022-05-01T07:11:42Z,-40.63,4.0,176.39,4.8,19.0,4.0,M,,,,1.6,0.6,12,2.0,nan,3,,,,2.0,1.2,3
2022p325135,2022-05-01T07:11:55Z,-39.78,3.9,174.18,4.6,112.0,8.0,M,,,,2.2,0.2,7,2.5,nan,11,,,,2.5,0.3,11
2022p325242,2022-05-01T08:09:15Z,-38.17,5.4,176.18,5.4,134.0,8.0,M,,,,2.0,0.1,6,2.3,nan,12,,,,2.3,0.2,12
2022p325266,2022-05-01T08:21:37Z,-37.0,12.3,177.3,9.8,109.0,15.0,M,,,,2.1,0.3,7,2.0,nan,2,,,,2.0,0.4,2
2022p325380,2022-05-01T09:22:43Z,-41.82,3.0,172.68,3.7,60.0,7.0,M,,,,2.4,0.2,12,2.4,nan,10,,,,2.4,0.3,10
2022p325438,2022-05-01T09:53:48Z,-39.25,3.5,174.71,2.5,25.0,5.0,MLv,,,,2.0,0.2,13,,,,,,,2.0,0.3,7
2022p325439,2022-05-01T09:54:14Z,-41.16,5.1,172.61,4.7,182.0,4.0,M,,,,,,,3.4,nan,38,,,,3.4,0.3,38
2022p325443,2022-05-01T09:56:25Z,-38.87,6.1,175.99,6.4,5.0,0.0,M,,,,1.2,0.1,7,1.3,nan,2,,,,1.3,0.1,2
2022p325474,2022-05-01T10:12:50Z,-38.35,5.1,176.16,6.6,93.0,13.0,MLv,,,,1.7,0.2,9,1.7,nan,3,,,,1.7,0.2,3
2022p325587,2022-05-01T11:12:56Z,-40.32,2.7,175.9,3.0,21.0,5.0,M,,,,1.2,0.3,9,1.2,nan,4,,,,1.2,0.5,4
2022p325597,2022-05-01T11:18:36Z,-38.63,4.2,176.09,2.6,4.0,4.0,MLv,,,,1.5,0.3,7,1.5,nan,6,,,,1.5,0.3,6
2022p325631,2022-05-01T11:36:26Z,-37.01,6.7,179.15,8.9,79.0,13.0,MLv,,,,2.9,0.2,18,,,,,,,2.9,0.1,7
2022p325640,2022-05-01T11:41:17Z,-40.1,2.2,176.72,2.7,22.0,4.0,M,,,,2.1,0.2,10,2.1,nan,12,,,,2.1,0.2,12
2022p325669,2022-05-01T11:57:01Z,-37.98,9.6,176.18,10.8,135.0,12.0,MLv,,,,1.9,0.2,7,1.8,nan,4,,,,1.8,0.1,4
2022p325693,2022-05-01T12:09:18Z,-40.19,2.0,174.6,3.6,22.0,6.0,M,,,,2.7,0.3,19,2.6,nan,31,,,,2.6,0.2,31
2022p325721,2022-05-01T12:24:02Z,-35.4,26.3,178.8,28.3,184.0,39.0,MLv,,,,3.0,0.1,10,3.0,nan,2,,,,3.0,0.1,2
2022p325737,2022-05-01T12:32:38Z,-37.37,15.2,179.74,9.7,33.0,0.0,M,,,,2.5,0.1,9,2.6,nan,4,,,,2.6,0.1,4
2022p325769,2022-05-01T12:50:02Z,-40.53,2.7,175.84,2.9,21.0,5.0,M,,,,1.3,0.2,11,1.1,nan,5,,,,1.1,0.3,5
2022p325852,2022-05-01T13:34:09Z,-37.89,10.9,176.17,12.3,160.0,12.0,MLv,,,,,,,1.8,nan,4,,,,1.8,0.3,4
2022p325871,2022-05-01T13:44:19Z,-37.85,9.0,179.65,7.5,12.0,0.0,MLv,,,,2.2,0.2,9,2.4,nan,2,,,,2.4,0.3,2
2022p325881,2022-05-01T13:49:35Z,-38.03,3.8,176.77,2.2,4.0,3.0,M,,,,1.7,0.3,11,1.8,nan,7,,,,1.8,0.3,7
2022p325895,2022-05-01T13:57:50Z,-40.63,2.1,175.85,2.5,22.0,5.0,M,,,,2.0,0.3,12,2.0,nan,12,,,,2.0,0.2,12
2022p325913,2022-05-01T14:06:45Z,-43.49,4.9,172.84,4.6,6.0,8.0,MLv,,,,1.7,0.2,6,1.8,nan,3,,,,1.8,0.0,3
2022p325918,2022-05-01T14:09:20Z,-38.37,3.9,177.88,4.1,28.0,8.0,M,,,,1.2,0.3,7,1.0,nan,2,,,,1.0,0.5,2
2022p325925,2022-05-01T14:13:03Z,-36.88,7.4,177.62,6.1,143.0,11.0,MLv,,,,3.4,0.3,7,,,,,,,3.7,0.4,46
2022p325951,2022-05-01T14:27:03Z,-40.52,3.2,174.22,3.1,60.0,10.0,M,,,,2.3,0.2,12,2.3,nan,5,,,,2.3,0.2,5
2022p325986,2022-05-01T14:45:40Z,-39.59,3.2,176.29,4.4,29.0,7.0,MLv,,,,1.1,0.4,6,1.2,nan,6,,,,1.2,0.3,6
2022p325990,2022-05-01T14:47:53Z,-39.25,3.0,175.25,3.0,10.0,5.0,M,,,,1.4,0.3,13,1.3,nan,7,,,,1.3,0.2,7
2022p326042,2022-05-01T15:15:17Z,-44.77,4.7,168.01,6.2,77.0,9.0,ML,,,,1.0,nan,1,,,,,,,,,
2022p326075,2022-05-01T15:33:12Z,-37.94,7.4,176.34,5.2,142.0,10.0,MLv,,,,,,,,,,,,,2.4,0.3,19
2022p326162,2022-05-01T16:19:33Z,-39.78,2.9,176.68,3.3,31.0,7.0,M,,,,1.3,0.3,12,1.2,nan,2,,,,1.2,0.1,2
2022p326175,2022-05-01T16:26:09Z,-41.58,3.1,173.33,3.1,36.0,6.0,M,,,,2.0,0.3,8,2.1,nan,5,,,,2.1,0.3,5
2022p326208,2022-05-01T16:43:57Z,-38.02,4.1,176.78,2.5,5.0,0.0,M,,,,1.5,0.3,9,1.5,nan,5,,,,1.5,0.3,5
2022p326317,2022-05-01T17:41:58Z,-38.87,2.0,175.93,2.0,5.0,0.0,MLv,,,,2.7,0.2,22,,,,,,,2.7,0.2,49
2022p326342,2022-05-01T17:55:18Z,-41.82,3.0,174.04,2.8,10.0,5.0,MLv,,,,2.0,0.2,7,2.0,nan,6,,,,2.0,0.2,6
2022p326361,2022-05-01T18:05:25Z,-43.59,4.9,172.51,4.5,4.0,6.0,MLv,,,,1.7,0.2,6,1.9,nan,4,,,,1.9,0.3,4
2022p326506,2022-05-01T19:22:53Z,-38.15,5.9,176.06,5.4,148.0,10.0,M,,,,2.1,0.2,9,2.5,nan,11,,,,2.5,0.4,11
2022p326511,2022-05-01T19:25:13Z,-37.72,10.2,179.82,8.1,33.0,0.0,MLv,,,,2.7,0.1,12,,,,,,,2.7,0.1,5
2022p326537,2022-05-01T19:38:59Z,-36.7,6.4,177.57,6.8,158.0,10.0,MLv,,,,3.1,0.3,18,,,,,,,3.5,0.4,30
2022p326546,2022-05-01T19:43:59Z,-43.4,4.0,171.69,3.9,12.0,0.0,MLv,,,,1.7,0.4,6,1.4,nan,4,,,,1.4,0.3,4
2022p326690,2022-05-01T21:00:08Z,-34.93,29.3,179.52,28.5,273.0,35.0,MLv,,,,3.2,0.1,6,,,,,,,3.5,nan,1
2022p326725,2022-05-01T21:19:09Z,-38.4,5.7,175.82,5.6,149.0,8.0,MLv,,,,2.5,0.3,4,,,,,,,3.1,0.4,42
2022p326812,2022-05-01T22:05:43Z,-40.16,2.9,176.12,3.8,24.0,5.0,M,,,,1.4,0.3,11,1.5,nan,6,,,,1.5,0.3,6
2022p326902,2022-05-01T22:53:33Z,-40.44,2.5,175.85,3.2,22.0,6.0,M,,,,1.7,0.3,9,1.8,nan,9,,,,1.8,0.3,9
2022p326905,2022-05-01T22:55:00Z,-45.28,4.2,167.26,4.6,72.0,7.0,MLv,,,,2.7,0.2,9,2.9,nan,2,,,,2.9,0.4,2
2022p326952,2022-05-01T23:20:09Z,-38.37,13.6,175.55,18.0,156.0,19.0,M,,,,,,,1.9,nan,2,,,,1.9,0.2,2
2022p327007,2022-05-01T23:49:41Z,-38.64,2.7,176.08,2.6,5.0,6.0,M,,,,1.8,0.3,11,1.8,nan,8,,,,1.8,0.4,8
2022p327020,2022-05-01T23:56:37Z,-37.66,14.4,179.75,9.5,33.0,0.0,MLv,,,,2.4,0.1,7,2.4,nan,5,,,,2.4,0.3,5
2022p327046,2022-05-02T00:10:18Z,-39.86,4.3,174.45,6.2,114.0,11.0,M,,,,2.0,0.3,9,2.3,nan,5,,,,2.3,0.2,5
2022p327052,2022-05-02T00:13:32Z,-38.64,3.0,176.07,2.7,5.0,6.0,M,,,,1.9,0.3,6,1.8,nan,6,,,,1.8,0.3,6
2022p327133,2022-05-02T00:56:38Z,-38.09,3.4,176.71,3.9,4.0,5.0,M,,,,1.7,0.3,8,1.7,nan,7,,,,1.7,0.2,7
2022p327134,2022-05-02T00:56:50Z,-39.92,2.8,176.82,3.9,23.0,5.0,M,,,,2.0,0.2,13,2.0,nan,11,,,,2.0,0.2,11
2022p327172,2022-05-02T01:17:15Z,-39.69,2.7,176.58,2.8,32.0,6.0,M,,,,1.9,0.1,12,1.9,nan,12,,,,1.9,0.2,12
2022p327263,2022-05-02T02:05:46Z,-38.15,6.3,175.99,6.5,191.0,8.0,MLv,,,,,,,,,,,,,3.1,0.4,46
2022p327277,2022-05-02T02:13:24Z,-40.27,3.1,176.09,3.5,24.0,5.0,M,,,,1.5,0.2,8,1.4,nan,5,,,,1.4,0.4,5
2022p327325,2022-05-02T02:38:55Z,-43.48,2.1,172.78,3.4,3.0,3.0,M,,,,2.3,0.2,9,2.3,nan,7,,,,2.3,0.2,7
2022p327340,2022-05-02T02:46:49Z,-40.65,5.3,175.48,3.1,22.0,6.0,M,,,,1.5,0.3,9,1.5,nan,3,,,,1.5,0.5,3
2022p327387,2022-05-02T03:12:26Z,-38.45,8.9,175.63,10.7,133.0,17.0,MLv,,,,1.4,0.3,6,,,,,,,1.9,0.1,5
2022p327413,2022-05-02T03:26:05Z,-38.41,5.5,175.6,5.2,156.0,10.0,MLv,,,,,,,,,,,,,2.8,0.3,21
2022p327485,2022-05-02T04:04:25Z,-39.05,4.2,177.78,3.4,21.0,4.0,MLv,,,,1.8,0.4,10,1.9,nan,7,,,,1.9,0.3,7
2022p327548,2022-05-02T04:37:31Z,-37.8,6.8,176.15,9.6,172.0,13.0,M,,,,,,,2.4,nan,6,,,,2.4,0.4,6
2022p327902,2022-05-02T07:46:33Z,-40.43,4.3,175.93,5.0,39.0,12.0,MLv,,,,1.0,0.4,7,,,,,,,1.0,0.5,3
2022p327982,2022-05-02T08:29:03Z,-41.84,3.7,174.0,4.1,45.0,7.0,MLv,,,,1.7,0.5,6,,,,,,,1.9,0.5,4
2022p328004,2022-05-02T08:40:55Z,-40.32,3.1,176.03,4.6,37.0,7.0,M,,,,1.3,0.3,11,1.3,nan,5,,,,1.3,0.3,5
2022p328049,2022-05-02T09:04:41Z,-38.25,4.1,177.8,5.1,48.0,9.0,M,,,,1.2,0.3,8,0.9,nan,4,,,,0.9,0.1,4
2022p328108,2022-05-02T09:36:25Z,-40.15,2.5,174.97,4.2,12.0,0.0,MLv,,,,1.8,0.2,10,1.4,nan,5,,,,1.4,0.1,5
2022p328112,2022-05-02T09:39:53Z,-39.31,3.4,175.37,3.5,26.0,6.0,M,,,,1.2,0.2,17,1.1,nan,6,,,,1.1,0.2,6
2022p328134,2022-05-02T09:50:16Z,-38.61,6.9,175.64,8.6,142.0,11.0,M,,,,,,,2.1,nan,6,,,,2.1,0.3,6
2022p328192,2022-05-02T10:21:08Z,-38.76,3.9,175.95,3.0,9.0,8.0,MLv,,,,1.4,0.2,12,1.5,nan,7,,,,1.5,0.3,7
2022p328305,2022-05-02T11:21:36Z,-39.97,3.3,173.24,5.1,12.0,0.0,M,,,,2.3,0.2,12,2.3,nan,6,,,,2.3,0.1,6
2022p328328,2022-05-02T11:33:26Z,-38.1,7.2,176.28,8.9,99.0,12.0,M,,,,1.8,0.1,6,2.0,nan,2,,,,2.0,0.2,2
2022p328418,2022-05-02T12:21:30Z,-37.79,14.3,179.96,8.6,12.0,0.0,M,,,,2.5,0.1,10,2.2,nan,3,,,,2.2,0.1,3
2022p328474,2022-05-02T12:51:21Z,-41.47,3.8,174.52,2.3,12.0,0.0,MLv,,,,1.8,0.2,13,,,,,,,1.9,0.3,7
2022p328494,2022-05-02T13:01:40Z,-38.8,2.4,176.01,2.3,8.0,4.0,MLv,,,,1.9,0.2,18,1.9,nan,16,,,,1.9,0.2,16
2022p328506,2022-05-02T13:08:04Z,-38.81,2.5,176.02,2.5,6.0,6.0,M,,,,1.5,0.2,19,1.6,nan,14,,,,1.6,0.3,14
2022p328533,2022-05-02T13:22:32Z,-39.18,2.7,177.35,2.9,22.0,4.0,M,,,,1.6,0.1,14,1.5,nan,5,,,,1.5,0.2,5
2022p328610,2022-05-02T14:03:46Z,-39.23,3.8,175.32,5.8,10.0,12.0,MLv,,,,0.9,0.3,9,0.9,nan,6,,,,0.9,0.2,6
2022p328637,2022-05-02T14:17:56Z,-37.99,8.2,176.38,9.1,135.0,12.0,M,,,,1.7,0.2,7,1.9,nan,6,,,,1.9,0.1,6
2022p328661,2022-05-02T14:30:58Z,-38.79,3.0,176.03,3.0,4.0,4.0,M,,,,1.3,0.2,13,1.3,nan,6,,,,1.3,0.2,6
2022p328684,2022-05-02T14:43:16Z,-40.58,3.4,174.43,3.0,53.0,8.0,M,,,,2.0,0.2,13,2.1,nan,4,,,,2.1,0.1,4
2022p328698,2022-05-02T14:50:45Z,-40.98,2.8,174.75,2.4,33.0,4.0,MLv,,,,3.0,0.2,26,,,,,,,3.1,0.2,61
2022p328713,2022-05-02T14:59:10Z,-39.01,6.3,176.09,3.5,59.0,8.0,MLv,,,,1.5,0.1,15,1.7,nan,17,,,,1.7,0.2,17
2022p328780,2022-05-02T15:35:05Z,-39.2,8.3,175.94,5.3,68.0,10.0,M,,,,0.7,0.3,10,1.1,nan,3,,,,1.1,0.4,3
2022p328865,2022-05-02T16:19:42Z,-41.69,3.5,174.28,2.7,14.0,5.0,M,,,,1.8,0.2,12,1.7,nan,6,,,,1.7,0.3,6
2022p328923,2022-05-02T16:50:24Z,-39.21,3.5,177.57,3.2,13.0,7.0,M,,,,1.5,0.2,10,1.4,nan,2,,,,1.4,0.0,2
2022p328951,2022-05-02T17:05:25Z,-41.8,3.4,174.19,2.7,12.0,4.0,M,,,,1.8,0.2,12,1.4,nan,5,,,,1.4,0.5,5
2022p328955,2022-05-02T17:07:19Z,-38.13,10.1,176.07,12.3,140.0,14.0,M,,,,,,,1.6,nan,3,,,,1.6,0.1,3
2022p328993,2022-05-02T17:27:59Z,-41.38,3.3,174.26,3.0,26.0,5.0,M,,,,2.5,0.1,12,2.4,nan,14,,,,2.4,0.2,14
2022p329007,2022-05-02T17:34:58Z,-37.34,18.9,179.94,10.4,33.0,0.0,M,,,,2.3,0.2,10,2.2,nan,3,,,,2.2,0.1,3
2022p329022,2022-05-02T17:43:27Z,-37.71,8.9,179.74,13.3,73.0,31.0,M,,,,2.4,0.2,12,2.3,nan,4,,,,2.3,0.2,4
2022p329046,2022-05-02T17:55:45Z,-40.92,6.6,173.23,5.5,103.0,8.0,M,,,,,,,2.3,nan,8,,,,2.3,0.2,8
2022p329080,2022-05-02T18:14:19Z,-40.09,2.9,176.21,4.6,23.0,7.0,M,,,,1.1,0.3,8,0.8,nan,3,,,,0.8,0.2,3
2022p329085,2022-05-02T18:16:39Z,-36.66,16.8,179.99,14.7,12.0,0.0,MLv,,,,2.8,0.2,11,2.9,nan,6,,,,2.9,0.2,6
2022p329096,2022-05-02T18:22:30Z,-38.71,2.8,177.34,2.9,27.0,6.0,M,,,,1.9,0.2,14,2.0,nan,7,,,,2.0,0.3,7
2022p329117,2022-05-02T18:33:40Z,-38.76,2.3,177.6,2.5,20.0,4.0,M,,,,1.9,0.3,16,2.0,nan,10,,,,2.0,0.2,10
2022p329141,2022-05-02T18:46:17Z,-36.23,19.1,177.61,20.9,207.0,21.0,MLv,,,,2.5,0.2,12,2.9,nan,3,,,,2.9,0.1,3
2022p329197,2022-05-02T19:16:11Z,-39.42,7.1,174.42,7.0,132.0,10.0,MLv,,,,1.8,0.2,7,2.3,nan,15,,,,2.3,0.1,15
2022p329225,2022-05-02T19:31:34Z,-41.15,5.2,173.56,4.2,69.0,8.0,M,,,,1.9,0.1,9,1.7,nan,2,,,,1.7,0.3,2
2022p329341,2022-05-02T20:33:37Z,-39.47,2.4,177.24,3.3,20.0,4.0,MLv,,,,3.6,0.2,18,,,,,,,3.4,0.2,71
2022p329421,2022-05-02T21:15:55Z,-41.48,4.1,172.78,4.6,89.0,7.0,M,,,,1.8,0.3,8,1.9,nan,1,,,,1.9,nan,1
2022p329435,2022-05-02T21:23:28Z,-39.76,2.3,176.61,2.8,18.0,6.0,M,,,,2.3,0.2,12,2.4,nan,24,,,,2.4,0.2,24
2022p329480,2022-05-02T21:47:27Z,-40.06,4.1,176.72,3.3,18.0,6.0,M,,,,1.9,0.2,8,1.8,nan,6,,,,1.8,0.2,6
2022p329508,2022-05-02T22:02:15Z,-39.03,4.8,177.6,3.6,19.0,6.0,M,,,,1.7,0.4,10,1.8,nan,3,,,,1.8,0.4,3
2022p329603,2022-05-02T22:53:10Z,-41.4,3.0,175.04,1.8,21.0,3.0,MLv,,,,2.8,0.2,16,,,,,,,2.9,0.2,33
2022p329693,2022-05-02T23:40:46Z,-38.55,5.7,177.11,4.9,43.0,9.0,M,,,,2.3,0.2,7,2.1,nan,7,,,,2.1,0.3,7
2022p329694,2022-05-02T23:41:05Z,-41.23,2.4,175.15,3.8,18.0,8.0,M,,,,0.9,0.2,7,0.9,nan,2,,,,0.9,0.1,2
2022p329836,2022-05-03T00:56:45Z,-40.92,2.8,175.74,2.6,11.0,5.0,M,,,,1.2,0.2,8,1.1,nan,4,,,,1.1,0.3,4
2022p329928,2022-05-03T01:45:55Z,-40.57,4.7,175.29,3.7,30.0,7.0,MLv,,,,2.0,0.2,10,,,,,,,2.1,0.3,14
2022p329983,2022-05-03T02:15:06Z,-41.38,3.0,174.92,3.1,12.0,8.0,MLv,,,,1.0,0.2,6,0.9,nan,2,,,,0.9,0.2,2
2022p330039,2022-05-03T02:45:10Z,-40.12,2.6,176.34,3.2,24.0,5.0,MLv,,,,1.4,0.2,11,1.4,nan,9,,,,1.4,0.2,9
2022p330129,2022-05-03T03:33:14Z,-41.4,2.4,175.05,1.6,19.0,3.0,M,,,,2.4,0.2,13,2.4,nan,19,,,,2.4,0.2,19
2022p330154,2022-05-03T03:46:22Z,-40.92,2.8,175.12,2.9,27.0,4.0,MLv,,,,2.3,0.3,13,2.2,nan,15,,,,2.2,0.2,15
2022p330472,2022-05-03T06:35:50Z,-39.58,2.0,176.94,3.1,27.0,4.0,M,,,,3.4,0.2,13,3.1,nan,67,,,,3.1,0.2,67
2022p330502,2022-05-03T06:51:47Z,-41.01,3.3,174.77,3.9,22.0,6.0,M,,,,1.8,0.2,10,1.9,nan,12,,,,1.9,0.2,12
2022p330505,2022-05-03T06:53:08Z,-36.88,9.0,178.97,11.0,12.0,0.0,MLv,,,,2.5,0.2,9,2.6,nan,7,,,,2.6,0.1,7
2022p330518,2022-05-03T06:59:58Z,-39.2,4.1,174.63,3.2,19.0,5.0,MLv,,,,1.8,0.3,7,2.1,nan,3,,,,2.1,0.3,3
2022p330572,2022-05-03T07:28:11Z,-34.01,28.3,178.48,44.1,240.0,47.0,MLv,3.9,nan,1,3.4,0.2,11,3.5,nan,3,2.8,0.4,1,3.5,0.3,3
2022p330629,2022-05-03T07:58:57Z,-35.66,28.3,-179.32,34.2,100.0,0.0,MLv,,,,3.0,0.2,7,3.3,nan,1,,,,3.3,nan,1
2022p330646,2022-05-03T08:08:20Z,-39.71,3.1,177.05,4.0,16.0,5.0,M,,,,2.1,0.2,16,2.0,nan,15,,,,2.0,0.2,15
2022p330688,2022-05-03T08:31:04Z,-38.28,3.3,178.16,3.6,21.0,5.0,MLv,,,,1.8,0.2,9,1.7,nan,6,,,,1.7,0.3,6
2022p330711,2022-05-03T08:43:18Z,-43.6,2.3,172.69,2.4,5.0,0.0,M,,,,2.0,0.1,7,2.1,nan,6,,,,2.1,0.2,6
2022p330738,2022-05-03T08:57:23Z,-38.77,4.1,176.61,4.6,33.0,8.0,M,,,,1.3,0.4,13,1.0,nan,5,,,,1.0,0.4,5
2022p330772,2022-05-03T09:15:47Z,-38.79,4.6,178.47,5.6,27.0,5.0,MLv,,,,2.4,0.2,18,2.4,nan,18,,,,2.4,0.1,18
2022p330802,2022-05-03T09:32:06Z,-40.69,9.7,173.32,6.0,130.0,9.0,MLv,,,,,,,1.7,nan,4,,,,1.7,0.3,4
2022p330812,2022-05-03T09:37:00Z,-40.03,17.0,173.68,5.9,146.0,14.0,M,,,,1.8,0.3,6,2.3,nan,2,,,,2.3,0.6,2
2022p330911,2022-05-03T10:29:41Z,-39.99,3.2,174.37,2.9,88.0,6.0,MLv,,,,3.0,0.2,25,,,,,,,3.1,0.2,69
2022p330957,2022-05-03T10:54:03Z,-39.82,2.6,176.65,3.7,37.0,4.0,MLv,,,,1.4,0.3,15,1.3,nan,6,,,,1.3,0.3,6
2022p330966,2022-05-03T10:59:01Z,-35.83,6.3,174.92,4.2,5.0,8.0,MLv,,,,1.8,0.3,8,1.9,nan,6,,,,1.9,0.3,6
2022p330982,2022-05-03T11:07:26Z,-35.82,4.4,174.94,3.7,5.0,0.0,MLv,,,,2.5,0.3,11,,,,,,,2.8,0.2,12
2022p330984,2022-05-03T11:08:20Z,-38.59,10.3,176.29,16.1,48.0,13.0,M,,,,1.8,0.2,12,1.7,nan,6,,,,1.7,0.2,6
2022p331010,2022-05-03T11:22:09Z,-41.59,5.4,174.77,2.8,18.0,7.0,MLv,,,,1.8,0.3,10,1.8,nan,11,,,,1.8,0.2,11
2022p331028,2022-05-03T11:32:20Z,-38.56,8.5,175.86,7.7,139.0,9.0,M,,,,1.3,0.3,6,2.3,nan,29,,,,2.3,0.4,29
2022p331091,2022-05-03T12:05:23Z,-36.52,17.9,177.86,15.5,159.0,17.0,MLv,,,,2.5,0.3,12,2.4,nan,4,,,,2.4,0.2,4
2022p331114,2022-05-03T12:17:57Z,-39.48,2.3,175.71,2.5,9.0,5.0,M,,,,1.9,0.3,12,2.2,nan,30,,,,2.2,0.2,30
2022p331151,2022-05-03T12:37:48Z,-38.11,7.0,176.05,6.9,138.0,12.0,M,,,,1.8,0.1,9,1.8,nan,3,,,,1.8,0.3,3
2022p331158,2022-05-03T12:41:00Z,-38.17,2.8,178.14,3.2,15.0,5.0,M,,,,2.0,0.2,8,2.0,nan,7,,,,2.0,0.2,7
2022p331163,2022-05-03T12:44:03Z,-40.26,6.0,174.35,4.2,69.0,13.0,MLv,,,,1.8,0.2,9,1.9,nan,6,,,,1.9,0.2,6
2022p331182,2022-05-03T12:53:55Z,-40.15,2.7,174.94,3.8,5.0,0.0,MLv,,,,1.6,0.1,8,1.6,nan,2,,,,1.6,0.3,2
2022p331187,2022-05-03T12:56:31Z,-43.17,2.8,171.08,2.2,5.0,0.0,MLv,,,,2.0,0.2,11,2.3,nan,3,,,,2.3,0.2,3
2022p331224,2022-05-03T13:16:39Z,-45.02,5.5,167.42,5.9,89.0,9.0,M,,,,,,,2.1,nan,2,,,,2.1,0.0,2
2022p331242,2022-05-03T13:26:10Z,-39.92,2.6,175.35,3.0,12.0,6.0,MLv,,,,1.8,0.2,15,1.7,nan,11,,,,1.7,0.2,11
2022p331284,2022-05-03T13:48:32Z,-38.68,3.9,177.6,4.6,36.0,7.0,M,,,,1.4,0.2,10,1.0,nan,5,,,,1.0,0.4,5
2022p331363,2022-05-03T14:30:28Z,-38.81,2.6,175.92,3.5,5.0,0.0,M,,,,1.6,0.2,19,1.6,nan,11,,,,1.6,0.1,11
2022p331412,2022-05-03T14:56:52Z,-44.59,3.6,168.25,4.3,60.0,7.0,MLv,,,,3.2,0.2,9,,,,,,,3.8,0.2,27
2022p331421,2022-05-03T15:01:17Z,-45.39,4.6,166.97,6.3,44.0,8.0,M,,,,2.5,0.2,9,2.4,nan,5,,,,2.4,0.4,5
2022p331432,2022-05-03T15:07:06Z,-41.78,5.0,173.24,4.5,63.0,9.0,M,,,,1.6,0.4,10,1.4,nan,1,,,,1.4,nan,1
2022p331502,2022-05-03T15:44:38Z,-39.85,3.4,177.25,4.9,15.0,6.0,MLv,,,,1.9,0.1,14,,,,,,,1.9,0.2,10
2022p331528,2022-05-03T15:58:08Z,-41.11,2.2,175.5,3.3,9.0,6.0,M,,,,0.8,0.1,9,0.6,nan,5,,,,0.6,0.2,5
2022p331621,2022-05-03T16:48:07Z,-38.43,3.9,178.19,5.1,22.0,7.0,M,,,,2.4,0.3,12,2.4,nan,14,,,,2.4,0.2,14
2022p331662,2022-05-03T17:10:00Z,-39.24,5.2,175.47,4.8,69.0,7.0,M,,,,0.8,0.5,15,1.1,nan,4,,,,1.1,0.5,4
2022p331734,2022-05-03T17:49:14Z,-37.97,7.6,176.09,9.2,153.0,9.0,M,,,,,,,1.9,nan,7,,,,1.9,0.4,7
2022p331742,2022-05-03T17:52:35Z,-43.2,2.3,170.91,1.9,5.0,0.0,MLv,,,,3.3,0.2,7,,,,,,,3.6,0.2,35
2022p331765,2022-05-03T18:04:54Z,-40.89,2.7,175.71,2.5,17.0,4.0,M,,,,1.3,0.2,13,1.2,nan,7,,,,1.2,0.2,7
2022p331769,2022-05-03T18:07:00Z,-43.2,3.1,170.92,2.8,5.0,0.0,M,,,,2.1,0.2,8,2.0,nan,2,,,,2.0,0.5,2
2022p331787,2022-05-03T18:16:25Z,-39.85,4.8,177.21,6.8,12.0,0.0,MLv,,,,1.3,0.3,7,1.4,nan,3,,,,1.4,0.2,3
2022p331830,2022-05-03T18:39:20Z,-39.52,5.4,175.8,7.6,44.0,13.0,MLv,,,,1.2,0.4,10,1.0,nan,6,,,,1.0,0.6,6
2022p331990,2022-05-03T20:04:19Z,-39.62,3.7,176.96,4.6,26.0,8.0,M,,,,1.7,0.3,8,1.6,nan,6,,,,1.6,0.3,6
2022p332028,2022-05-03T20:24:40Z,-40.12,10.7,173.74,5.7,147.0,12.0,MLv,,,,1.9,0.2,9,,,,,,,2.1,0.1,7
2022p332139,2022-05-03T21:24:21Z,-39.29,3.0,173.9,3.3,16.0,4.0,MLv,,,,1.7,0.4,6,1.6,nan,6,,,,1.6,0.3,6
2022p332161,2022-05-03T21:35:54Z,-41.12,2.3,175.42,2.5,20.0,6.0,MLv,,,,1.3,0.2,11,1.2,nan,7,,,,1.2,0.2,7
2022p332205,2022-05-03T21:59:19Z,-37.67,4.9,177.22,3.8,34.0,7.0,MLv,,,,2.9,0.2,12,,,,,,,2.9,0.2,28
2022p332267,2022-05-03T22:32:13Z,-40.91,2.7,176.01,3.0,22.0,4.0,MLv,,,,2.0,0.1,8,,,,,,,2.1,0.2,15
2022p332270,2022-05-03T22:33:40Z,-37.21,13.3,179.72,10.4,12.0,0.0,MLv,,,,2.8,0.2,10,2.9,nan,7,,,,2.9,0.1,7
2022p332282,2022-05-03T22:40:13Z,-39.67,2.6,176.75,3.9,20.0,6.0,MLv,,,,1.7,0.3,11,1.7,nan,9,,,,1.7,0.3,9
2022p332344,2022-05-03T23:13:11Z,-42.98,2.6,171.78,3.1,5.0,0.0,MLv,,,,1.8,0.2,8,1.8,nan,4,,,,1.8,0.1,4
2022p332370,2022-05-03T23:27:26Z,-39.84,3.7,175.02,6.5,31.0,8.0,MLv,,,,1.7,0.2,8,1.5,nan,5,,,,1.5,0.1,5
2022p332450,2022-05-04T00:09:49Z,-40.21,2.9,176.38,3.7,39.0,6.0,MLv,,,,1.6,0.2,11,1.6,nan,9,,,,1.6,0.2,9
2022p332469,2022-05-04T00:19:40Z,-38.83,5.3,175.97,7.6,5.0,0.0,M,,,,1.1,0.1,7,1.2,nan,4,,,,1.2,0.1,4
2022p332637,2022-05-04T01:49:07Z,-37.1,11.6,177.01,9.8,196.0,11.0,MLv,,,,,,,,,,,,,2.8,0.4,6
2022p332667,2022-05-04T02:05:05Z,-37.73,6.6,177.94,5.1,67.0,8.0,MLv,,,,3.0,0.3,13,,,,,,,3.1,0.2,32
2022p332721,2022-05-04T02:34:02Z,-38.17,16.3,176.07,11.4,149.0,18.0,M,,,,,,,2.0,nan,3,,,,2.0,0.1,3
2022p332724,2022-05-04T02:35:39Z,-38.14,8.1,176.01,7.0,139.0,11.0,M,,,,2.2,0.2,9,2.2,nan,7,,,,2.2,0.1,7
2022p332754,2022-05-04T02:51:24Z,-42.26,2.2,173.84,2.6,5.0,0.0,M,,,,2.0,0.2,14,2.1,nan,6,,,,2.1,0.3,6
2022p332758,2022-05-04T02:53:27Z,-39.09,4.3,174.56,2.5,17.0,6.0,M,,,,2.0,0.3,11,2.1,nan,6,,,,2.1,0.2,6
2022p332883,2022-05-04T04:00:23Z,-39.61,4.0,174.84,4.3,87.0,7.0,MLv,,,,3.2,0.3,15,,,,,,,3.4,0.2,87
2022p332968,2022-05-04T04:45:51Z,-38.82,3.1,175.93,9.1,12.0,0.0,M,,,,1.4,0.1,11,1.4,nan,6,,,,1.4,0.1,6
2022p332977,2022-05-04T04:50:29Z,-42.09,2.8,173.74,2.8,5.0,0.0,M,,,,1.6,0.3,5,1.7,nan,3,,,,1.7,0.1,3
2022p333117,2022-05-04T06:04:58Z,-37.5,12.1,-179.99,7.5,33.0,0.0,MLv,,,,2.8,0.1,11,2.8,nan,5,,,,2.8,0.1,5
2022p333134,2022-05-04T06:14:12Z,-41.4,4.8,174.66,3.8,14.0,6.0,M,,,,2.6,0.2,13,2.5,nan,19,,,,2.5,0.2,19
2022p333181,2022-05-04T06:39:21Z,-39.94,5.1,174.5,4.9,81.0,12.0,M,,,,1.7,0.3,6,1.9,nan,2,,,,1.9,0.8,2
2022p333245,2022-05-04T07:13:00Z,-39.48,3.8,175.73,6.9,19.0,8.0,M,,,,1.3,0.2,10,1.4,nan,7,,,,1.4,0.2,7
2022p333256,2022-05-04T07:19:17Z,-38.49,2.4,176.16,2.5,5.0,0.0,M,,,,1.4,0.2,12,1.3,nan,8,,,,1.3,0.2,8
2022p333289,2022-05-04T07:36:39Z,-39.69,5.4,176.82,6.8,39.0,10.0,M,,,,1.2,0.2,7,1.2,nan,5,,,,1.2,0.2,5
2022p333292,2022-05-04T07:38:03Z,-38.71,3.1,178.05,4.8,28.0,4.0,M,,,,2.3,0.3,12,2.3,nan,13,,,,2.3,0.2,13
2022p333439,2022-05-04T08:56:35Z,-40.64,8.4,175.52,4.7,22.0,10.0,M,,,,1.2,0.3,6,1.0,nan,3,,,,1.0,0.3,3
2022p333460,2022-05-04T09:08:00Z,-45.39,4.3,167.23,5.3,124.0,6.0,MLv,,,,,,,,,,,,,2.8,0.7,4
2022p333546,2022-05-04T09:53:21Z,-40.92,2.7,175.23,3.2,23.0,6.0,M,,,,1.5,0.3,10,1.6,nan,12,,,,1.6,0.2,12
2022p333636,2022-05-04T10:41:35Z,-38.81,3.0,175.93,5.3,8.0,11.0,MLv,,,,1.3,0.2,9,1.3,nan,6,,,,1.3,0.3,6
2022p333638,2022-05-04T10:42:50Z,-44.52,3.1,168.35,4.0,5.0,0.0,MLv,,,,2.0,0.1,6,1.9,nan,2,,,,1.9,0.6,2
2022p333695,2022-05-04T11:12:46Z,-38.3,6.7,176.21,6.3,123.0,11.0,MLv,,,,,,,2.4,nan,8,,,,2.4,0.3,8
2022p333807,2022-05-04T12:12:41Z,-39.26,2.9,173.94,2.9,16.0,3.0,MLv,,,,3.8,0.2,10,,,,,,,3.7,0.2,92
2022p333817,2022-05-04T12:18:11Z,-39.4,4.8,174.43,4.7,134.0,6.0,MLv,,,,2.3,0.2,6,,,,,,,3.1,0.3,65
2022p333875,2022-05-04T12:49:07Z,-39.39,3.9,175.81,3.2,16.0,8.0,MLv,,,,0.8,0.3,8,,,,,,,0.4,nan,1
2022p333894,2022-05-04T12:59:03Z,-41.7,3.8,174.28,4.0,13.0,8.0,MLv,,,,1.4,0.3,7,1.3,nan,5,,,,1.3,0.3,5
2022p333928,2022-05-04T13:17:10Z,-40.32,2.2,175.05,3.0,6.0,5.0,MLv,,,,1.9,0.2,18,1.9,nan,18,,,,1.9,0.1,18
2022p333931,2022-05-04T13:18:36Z,-40.59,2.5,175.86,2.9,24.0,5.0,MLv,,,,1.1,0.2,10,1.0,nan,6,,,,1.0,0.2,6
2022p333939,2022-05-04T13:22:47Z,-39.16,5.5,177.5,3.3,24.0,5.0,MLv,,,,1.6,0.2,13,1.7,nan,3,,,,1.7,0.2,3
2022p334007,2022-05-04T13:58:55Z,-36.44,20.7,178.45,17.3,82.0,42.0,MLv,,,,2.6,0.2,9,2.9,nan,3,,,,2.9,0.3,3
2022p334209,2022-05-04T15:46:44Z,-42.16,2.2,173.54,2.5,5.0,0.0,MLv,,,,1.7,0.2,8,1.6,nan,3,,,,1.6,0.1,3
2022p334226,2022-05-04T15:55:45Z,-44.95,5.3,167.63,5.2,49.0,10.0,MLv,,,,2.0,0.2,6,2.1,nan,2,,,,2.1,0.3,2
2022p334233,2022-05-04T15:59:29Z,-40.02,2.5,176.54,2.6,20.0,5.0,MLv,,,,1.9,0.2,11,1.9,nan,15,,,,1.9,0.2,15
2022p334252,2022-05-04T16:09:55Z,-41.63,4.9,172.76,5.5,75.0,9.0,M,,,,1.7,0.5,7,1.8,nan,5,,,,1.8,0.5,5
2022p334263,2022-05-04T16:15:24Z,-41.16,5.0,173.69,4.0,60.0,7.0,MLv,,,,1.3,0.3,9,1.3,nan,2,,,,1.3,0.2,2
2022p334311,2022-05-04T16:41:24Z,-38.03,10.2,175.89,8.9,190.0,13.0,MLv,,,,,,,2.3,nan,2,,,,2.3,0.4,2
2022p334325,2022-05-04T16:48:36Z,-43.49,2.0,172.64,3.3,7.0,5.0,MLv,,,,1.7,0.2,7,1.9,nan,4,,,,1.9,0.1,4
2022p334345,2022-05-04T16:59:20Z,-41.81,5.0,172.54,4.4,59.0,8.0,M,,,,1.8,0.3,12,1.8,nan,6,,,,1.8,0.5,6
2022p334364,2022-05-04T17:09:15Z,-41.78,2.4,174.19,2.7,14.0,4.0,MLv,,,,1.7,0.2,9,1.7,nan,7,,,,1.7,0.3,7
2022p334377,2022-05-04T17:16:34Z,-39.86,2.1,176.25,2.7,28.0,5.0,MLv,,,,3.3,0.4,9,,,,,,,3.3,0.2,51
2022p334381,2022-05-04T17:17:52Z,-39.71,8.7,174.38,11.1,188.0,12.0,MLv,,,,,,,2.6,nan,4,,,,2.6,0.1,4
2022p334408,2022-05-04T17:33:07Z,-40.2,2.1,176.47,2.4,25.0,5.0,MLv,,,,3.5,0.1,10,,,,,,,3.3,0.2,73
2022p334425,2022-05-04T17:43:07Z,-41.28,2.9,175.19,2.3,24.0,7.0,MLv,,,,1.4,0.3,7,1.6,nan,6,,,,1.6,0.3,6
2022p334604,2022-05-04T19:17:04Z,-40.04,3.4,176.82,4.0,19.0,6.0,M,,,,1.6,0.2,8,1.7,nan,7,,,,1.7,0.2,7
2022p334725,2022-05-04T20:22:05Z,-38.81,2.9,175.93,5.2,5.0,0.0,MLv,,,,1.4,0.2,9,,,,,,,1.4,0.2,6
2022p334790,2022-05-04T20:56:24Z,-41.8,4.1,172.46,4.0,52.0,9.0,MLv,,,,1.8,0.2,10,,,,,,,1.7,0.8,2
2022p334836,2022-05-04T21:20:39Z,-37.86,8.9,178.66,10.7,37.0,8.0,M,,,,2.1,0.2,10,2.2,nan,5,,,,2.2,0.4,5
2022p334858,2022-05-04T21:32:38Z,-35.31,5.0,-179.67,8.3,33.0,0.0,mB,5.4,0.2,23,4.6,0.2,16,5.0,nan,62,4.8,0.4,0,5.0,0.1,62
2022p335103,2022-05-04T23:42:54Z,-40.6,2.6,174.66,2.4,5.0,0.0,MLv,,,,2.0,0.2,14,2.0,nan,11,,,,2.0,0.1,11
2022p335254,2022-05-05T01:03:22Z,-38.83,2.4,175.96,3.8,5.0,0.0,MLv,,,,1.5,0.1,12,,,,,,,1.6,0.3,7
2022p335280,2022-05-05T01:17:28Z,-38.83,2.9,175.92,4.0,15.0,10.0,M,,,,2.3,0.3,13,2.2,nan,26,,,,2.2,0.2,26
2022p335302,2022-05-05T01:29:16Z,-38.83,2.6,175.93,4.7,5.0,0.0,MLv,,,,1.9,0.2,12,,,,,,,1.9,0.1,18
2022p335316,2022-05-05T01:36:59Z,-38.82,3.2,175.94,5.9,9.0,12.0,MLv,,,,1.4,0.1,9,1.4,nan,7,,,,1.4,0.2,7
2022p335359,2022-05-05T02:00:15Z,-38.93,4.0,176.7,4.2,39.0,6.0,M,,,,1.6,0.2,10,1.4,nan,7,,,,1.4,0.2,7
2022p335387,2022-05-05T02:14:13Z,-38.72,3.7,177.73,4.8,13.0,9.0,M,,,,2.0,0.2,10,2.2,nan,8,,,,2.2,0.2,8
2022p335390,2022-05-05T02:16:16Z,-41.09,4.5,174.71,3.7,40.0,8.0,M,,,,1.9,0.2,13,2.0,nan,13,,,,2.0,0.2,13
2022p335393,2022-05-05T02:17:51Z,-41.2,2.3,175.06,2.9,14.0,6.0,M,,,,1.5,0.1,8,1.5,nan,7,,,,1.5,0.1,7
2022p335532,2022-05-05T03:31:31Z,-37.03,15.4,-179.32,9.3,33.0,0.0,MLv,,,,3.3,0.2,12,3.4,nan,7,,,,3.4,0.1,7
2022p335534,2022-05-05T03:32:57Z,-41.37,5.2,174.48,3.3,40.0,7.0,M,,,,1.8,0.2,10,1.8,nan,6,,,,1.8,0.2,6
2022p335537,2022-05-05T03:34:12Z,-38.81,3.3,175.94,4.3,4.0,5.0,M,,,,1.6,0.2,15,1.7,nan,12,,,,1.7,0.1,12
2022p335583,2022-05-05T03:58:28Z,-36.34,42.4,179.1,33.0,100.0,0.0,M,,,,2.3,0.4,2,2.2,nan,1,,,,2.2,nan,1
2022p335621,2022-05-05T04:18:58Z,-38.84,4.0,176.0,5.6,5.0,0.0,M,,,,1.3,0.2,10,1.5,nan,4,,,,1.5,0.3,4
2022p335625,2022-05-05T04:21:22Z,-38.81,3.2,175.95,4.5,5.0,4.0,M,,,,1.8,0.2,15,1.9,nan,15,,,,1.9,0.2,15
2022p335637,2022-05-05T04:27:44Z,-38.82,3.8,175.94,7.6,5.0,0.0,M,,,,1.1,0.3,6,1.3,nan,6,,,,1.3,0.3,6
2022p335657,2022-05-05T04:38:07Z,-40.21,2.4,176.35,3.0,19.0,5.0,M,,,,1.3,0.2,11,1.2,nan,5,,,,1.2,0.3,5
2022p335690,2022-05-05T04:55:45Z,-40.38,3.2,176.1,3.3,26.0,8.0,M,,,,1.4,0.2,7,1.3,nan,7,,,,1.3,0.2,7
2022p335738,2022-05-05T05:20:15Z,-33.59,6.6,-179.17,16.3,100.0,0.0,mB,5.0,0.2,39,5.3,0.3,7,4.9,nan,11,4.4,0.4,5,5.2,0.2,11
2022p335777,2022-05-05T05:42:21Z,-40.71,3.7,174.42,2.8,35.0,7.0,M,,,,2.6,0.3,12,2.5,nan,25,,,,2.5,0.2,25
2022p335812,2022-05-05T06:00:37Z,-41.12,5.6,174.01,4.5,37.0,7.0,M,,,,1.6,0.3,9,1.8,nan,5,,,,1.8,0.4,5
2022p335850,2022-05-05T06:21:14Z,-38.84,4.4,175.96,4.3,10.0,13.0,M,,,,1.2,0.1,6,1.3,nan,5,,,,1.3,0.3,5
2022p335858,2022-05-05T06:24:32Z,-39.14,11.8,174.83,20.4,204.0,20.0,M,,,,,,,1.9,nan,6,,,,1.9,0.3,6
2022p335934,2022-05-05T07:05:44Z,-40.56,3.5,175.65,3.4,22.0,5.0,M,,,,1.3,0.2,12,1.4,nan,6,,,,1.4,0.2,6
2022p336026,2022-05-05T07:54:46Z,-38.16,3.4,176.44,3.6,3.0,6.0,M,,,,1.6,0.2,14,1.6,nan,13,,,,1.6,0.2,13
2022p336067,2022-05-05T08:16:53Z,-40.39,3.8,174.13,4.3,57.0,13.0,M,,,,2.5,0.2,13,2.5,nan,26,,,,2.5,0.2,26
2022p336084,2022-05-05T08:26:55Z,-37.22,11.7,176.79,14.6,124.0,18.0,M,,,,1.9,0.2,6,2.0,nan,1,,,,2.0,nan,1
2022p336088,2022-05-05T08:28:04Z,-40.96,2.3,175.64,2.4,16.0,5.0,M,,,,1.8,0.2,15,1.9,nan,12,,,,1.9,0.1,12
2022p336091,2022-05-05T08:29:54Z,-37.33,10.2,177.08,8.4,103.0,12.0,M,,,,2.1,0.1,8,2.3,nan,4,,,,2.3,0.3,4
2022p336106,2022-05-05T08:37:31Z,-37.79,11.7,176.59,14.3,114.0,10.0,M,,,,,,,1.8,nan,1,,,,1.8,nan,1
2022p336107,2022-05-05T08:37:46Z,-37.02,9.7,179.02,14.8,23.0,17.0,M,,,,2.6,0.2,9,2.6,nan,4,,,,2.6,0.1,4
2022p336128,2022-05-05T08:49:24Z,-38.64,4.5,176.55,5.4,51.0,10.0,M,,,,1.3,0.4,10,1.1,nan,4,,,,1.1,0.4,4
2022p336227,2022-05-05T09:41:54Z,-39.47,3.7,175.71,5.9,17.0,8.0,M,,,,1.4,0.2,10,1.5,nan,10,,,,1.5,0.2,10
2022p336236,2022-05-05T09:46:53Z,-38.35,3.3,176.23,3.4,5.0,4.0,M,,,,1.8,0.2,7,1.5,nan,9,,,,1.5,0.2,9
2022p336237,2022-05-05T09:47:26Z,-38.35,2.3,176.26,3.9,5.0,6.0,M,,,,1.8,0.3,9,1.8,nan,8,,,,1.8,0.2,8
2022p336244,2022-05-05T09:51:08Z,-41.84,3.9,172.69,4.8,62.0,8.0,M,,,,1.9,0.3,7,2.0,nan,4,,,,2.0,0.5,4
2022p336249,2022-05-05T09:53:41Z,-38.34,3.2,176.22,3.4,7.0,7.0,M,,,,1.5,0.2,9,1.5,nan,10,,,,1.5,0.2,10
2022p336253,2022-05-05T09:56:14Z,-38.34,2.1,176.22,2.9,7.0,6.0,M,,,,1.8,0.2,11,1.8,nan,11,,,,1.8,0.2,11
2022p336256,2022-05-05T09:57:34Z,-38.34,2.7,176.22,4.5,6.0,9.0,M,,,,2.1,0.3,10,2.1,nan,10,,,,2.1,0.2,10
2022p336288,2022-05-05T10:14:33Z,-38.37,3.2,176.22,5.2,4.0,5.0,MLv,,,,1.1,0.2,9,1.1,nan,7,,,,1.1,0.2,7
2022p336291,2022-05-05T10:15:56Z,-38.35,2.5,176.21,4.6,4.0,3.0,MLv,,,,1.3,0.2,8,1.3,nan,8,,,,1.3,0.1,8
2022p336309,2022-05-05T10:25:48Z,-38.06,9.5,178.9,9.9,28.0,9.0,MLv,,,,2.3,0.2,10,,,,,,,2.4,0.2,7
2022p336384,2022-05-05T11:05:27Z,-38.86,3.4,175.94,5.0,4.0,7.0,MLv,,,,1.2,0.2,9,1.4,nan,5,,,,1.4,0.3,5
2022p336386,2022-05-05T11:07:06Z,-37.69,10.5,176.21,11.5,195.0,13.0,MLv,,,,,,,2.2,nan,7,,,,2.2,0.1,7
2022p336394,2022-05-05T11:10:47Z,-38.81,3.3,175.92,4.8,8.0,7.0,MLv,,,,1.3,0.2,8,,,,,,,1.4,0.3,5
2022p336448,2022-05-05T11:39:44Z,-40.33,2.8,176.43,2.6,14.0,5.0,MLv,,,,1.9,0.1,13,1.9,nan,12,,,,1.9,0.1,12
2022p336466,2022-05-05T11:49:35Z,-40.33,2.3,176.45,2.6,14.0,6.0,MLv,,,,1.4,0.1,10,,,,,,,1.3,0.2,7
2022p336483,2022-05-05T11:58:19Z,-38.7,2.5,177.51,2.7,22.0,5.0,MLv,,,,1.6,0.1,12,1.5,nan,6,,,,1.5,0.3,6
2022p336515,2022-05-05T12:15:14Z,-38.34,3.4,178.02,3.5,19.0,5.0,MLv,,,,1.8,0.2,11,1.8,nan,7,,,,1.8,0.3,7
2022p336518,2022-05-05T12:17:18Z,-38.34,2.9,178.01,3.4,21.0,6.0,MLv,,,,1.9,0.2,10,1.9,nan,6,,,,1.9,0.1,6
2022p336589,2022-05-05T12:54:54Z,-39.01,7.3,174.9,7.7,199.0,7.0,MLv,,,,,,,,,,,,,3.1,0.4,67
2022p336711,2022-05-05T13:59:39Z,-38.96,4.3,177.89,5.7,23.0,4.0,MLv,,,,1.7,0.2,13,1.8,nan,7,,,,1.8,0.1,7
2022p336729,2022-05-05T14:09:47Z,-38.64,7.0,176.04,11.8,84.0,12.0,MLv,,,,,,,1.3,nan,2,,,,1.3,0.5,2
2022p336765,2022-05-05T14:28:55Z,-37.06,16.8,-179.34,9.4,33.0,0.0,MLv,,,,3.2,0.2,12,3.2,nan,6,,,,3.2,0.1,6
2022p336800,2022-05-05T14:47:06Z,-39.27,5.5,175.27,8.2,116.0,11.0,MLv,,,,1.8,0.2,5,1.8,nan,1,,,,1.8,nan,1
2022p336824,2022-05-05T15:00:06Z,-40.34,3.6,176.36,4.1,26.0,7.0,MLv,,,,0.9,0.2,7,0.8,nan,2,,,,0.8,0.5,2
2022p336846,2022-05-05T15:12:10Z,-36.57,19.3,177.49,15.8,171.0,22.0,MLv,,,,2.5,0.2,11,,,,,,,3.0,0.4,5
2022p336850,2022-05-05T15:14:10Z,-38.73,2.7,177.74,4.0,20.0,5.0,MLv,,,,2.0,0.2,16,2.0,nan,11,,,,2.0,0.2,11
2022p336855,2022-05-05T15:16:41Z,-38.42,3.5,178.09,3.1,24.0,7.0,MLv,,,,1.8,0.1,10,1.7,nan,5,,,,1.7,0.2,5
2022p336873,2022-05-05T15:25:56Z,-35.85,28.8,179.51,19.7,178.0,39.0,MLv,,,,3.2,0.1,11,3.3,nan,7,,,,3.3,0.1,7
2022p336876,2022-05-05T15:27:42Z,-42.27,2.5,173.74,3.2,6.0,3.0,MLv,,,,1.9,0.2,10,2.0,nan,7,,,,2.0,0.2,7
2022p336903,2022-05-05T15:42:34Z,-37.39,7.3,177.18,4.5,37.0,10.0,MLv,,,,2.5,0.2,13,,,,,,,2.5,0.1,10
2022p336927,2022-05-05T15:54:54Z,-37.91,5.2,177.18,4.2,38.0,8.0,MLv,,,,1.8,0.2,9,1.6,nan,2,,,,1.6,0.4,2
2022p336929,2022-05-05T15:56:14Z,-40.59,2.6,175.88,2.8,19.0,8.0,MLv,,,,1.2,0.3,11,1.0,nan,3,,,,1.0,0.1,3
2022p336934,2022-05-05T15:58:48Z,-38.85,3.0,177.08,3.3,32.0,7.0,MLv,,,,1.8,0.1,9,1.7,nan,7,,,,1.7,0.2,7
2022p336957,2022-05-05T16:11:09Z,-43.49,3.2,172.82,3.5,6.0,5.0,MLv,,,,2.1,0.1,8,2.2,nan,6,,,,2.2,0.1,6
2022p336962,2022-05-05T16:13:32Z,-42.11,2.2,172.77,2.6,5.0,0.0,MLv,,,,1.8,0.3,9,2.0,nan,1,,,,2.0,nan,1
2022p336971,2022-05-05T16:18:14Z,-38.74,2.9,177.72,4.0,18.0,5.0,MLv,,,,2.0,0.1,16,1.9,nan,8,,,,1.9,0.2,8
2022p336989,2022-05-05T16:27:56Z,-38.03,10.5,176.35,12.3,129.0,14.0,MLv,,,,,,,1.7,nan,2,,,,1.7,0.0,2
2022p336998,2022-05-05T16:32:56Z,-40.29,2.3,176.37,2.7,19.0,5.0,MLv,,,,1.4,0.2,9,1.3,nan,7,,,,1.3,0.2,7
2022p337024,2022-05-05T16:46:47Z,-39.91,4.0,174.31,6.9,93.0,11.0,MLv,,,,1.8,0.1,3,2.1,nan,2,,,,2.1,0.0,2
2022p337027,2022-05-05T16:48:11Z,-37.13,8.3,177.4,7.7,109.0,11.0,MLv,,,,2.3,0.2,9,2.4,nan,7,,,,2.4,0.1,7
2022p337056,2022-05-05T17:03:48Z,-41.36,2.1,175.24,2.6,8.0,6.0,MLv,,,,1.1,0.2,7,,,,,,,1.2,0.4,4
2022p337102,2022-05-05T17:28:00Z,-39.67,3.5,176.81,4.3,32.0,7.0,MLv,,,,1.7,0.2,12,1.7,nan,9,,,,1.7,0.2,9
2022p337201,2022-05-05T18:20:45Z,-37.33,4.7,177.17,3.6,5.0,0.0,M,,,,2.3,0.2,8,2.2,nan,5,,,,2.2,0.2,5
2022p337226,2022-05-05T18:34:24Z,-43.59,3.2,172.36,2.2,5.0,0.0,MLv,,,,1.7,0.3,6,1.9,nan,5,,,,1.9,0.3,5
2022p337366,2022-05-05T19:49:03Z,-38.81,3.6,175.92,4.4,17.0,9.0,M,,,,1.9,0.2,13,2.0,nan,14,,,,2.0,0.2,14
2022p337450,2022-05-05T20:33:50Z,-38.65,4.9,178.51,7.2,23.0,9.0,M,,,,2.1,0.1,8,2.2,nan,6,,,,2.2,0.2,6
2022p337458,2022-05-05T20:37:49Z,-38.82,5.1,175.93,12.4,11.0,10.0,MLv,,,,1.9,0.1,9,1.3,nan,6,,,,1.3,0.2,6
2022p337459,2022-05-05T20:38:20Z,-38.81,3.4,175.93,4.7,10.0,9.0,MLv,,,,2.1,0.3,11,2.0,nan,23,,,,2.0,0.1,23
2022p337494,2022-05-05T20:57:12Z,-41.78,3.6,173.24,3.6,60.0,8.0,M,,,,2.0,0.3,10,1.8,nan,7,,,,1.8,0.4,7
2022p337521,2022-05-05T21:11:20Z,-40.26,2.0,174.32,3.1,5.0,7.0,MLv,,,,2.4,0.2,20,2.4,nan,14,,,,2.4,0.1,14
2022p337553,2022-05-05T21:28:29Z,-41.09,2.4,175.41,3.0,24.0,6.0,MLv,,,,1.2,0.2,9,1.1,nan,5,,,,1.1,0.2,5
2022p337643,2022-05-05T22:16:25Z,-40.33,5.3,173.18,6.8,215.0,7.0,MLv,,,,,,,,,,,,,3.4,0.3,58
2022p337662,2022-05-05T22:26:19Z,-39.33,4.8,177.09,4.8,24.0,5.0,MLv,,,,1.8,0.1,12,,,,,,,1.7,0.1,6
2022p337780,2022-05-05T23:29:26Z,-38.53,3.7,176.18,2.5,2.0,3.0,MLv,,,,1.7,0.2,9,1.6,nan,8,,,,1.6,0.3,8
2022p337790,2022-05-05T23:34:47Z,-41.4,3.3,174.31,2.2,12.0,0.0,MLv,,,,1.8,0.1,13,,,,,,,1.9,0.2,5
2022p337808,2022-05-05T23:44:22Z,-41.58,3.0,173.76,2.7,5.0,0.0,M,,,,1.7,0.3,7,1.7,nan,3,,,,1.7,0.5,3
2022p337824,2022-05-05T23:52:54Z,-39.98,4.0,174.86,4.3,50.0,11.0,M,,,,1.8,0.2,13,1.7,nan,5,,,,1.7,0.5,5
2022p337845,2022-05-06T00:03:57Z,-38.81,2.6,175.89,5.6,11.0,11.0,M,,,,1.2,0.3,8,1.2,nan,7,,,,1.2,0.3,7
2022p337899,2022-05-06T00:32:43Z,-41.68,2.7,174.22,4.2,11.0,6.0,MLv,,,,1.8,0.1,6,2.0,nan,7,,,,2.0,0.2,7
2022p337940,2022-05-06T00:54:45Z,-39.57,2.3,176.78,2.7,30.0,5.0,M,,,,1.9,0.2,10,2.0,nan,12,,,,2.0,0.2,12
2022p337951,2022-05-06T01:00:35Z,-38.48,7.8,175.36,7.6,203.0,8.0,MLv,,,,2.0,0.2,7,,,,,,,2.7,0.5,23
2022p337979,2022-05-06T01:15:35Z,-39.38,3.8,174.79,2.4,20.0,7.0,MLv,,,,1.9,0.1,11,,,,,,,1.9,0.2,6
2022p337983,2022-05-06T01:17:51Z,-39.87,2.4,176.25,3.4,26.0,4.0,MLv,,,,2.1,0.3,13,,,,,,,2.1,0.2,19
2022p338018,2022-05-06T01:36:18Z,-40.12,3.0,176.52,2.9,35.0,5.0,MLv,,,,2.3,0.2,12,,,,,,,2.2,0.1,18
2022p338056,2022-05-06T01:56:37Z,-38.83,2.8,175.91,4.0,5.0,0.0,MLv,,,,1.2,0.2,9,,,,,,,1.3,0.2,6
2022p338207,2022-05-06T03:17:09Z,-38.8,2.9,175.91,8.2,10.0,13.0,MLv,,,,1.2,0.2,7,1.4,nan,3,,,,1.4,0.4,3
2022p338274,2022-05-06T03:52:48Z,-38.8,2.5,175.92,3.6,9.0,8.0,MLv,,,,1.7,0.2,12,,,,,,,1.8,0.2,9
2022p338323,2022-05-06T04:18:53Z,-40.62,2.5,175.85,2.5,18.0,4.0,M,,,,1.9,0.2,15,1.8,nan,12,,,,1.8,0.2,12
2022p338347,2022-05-06T04:31:31Z,-38.71,2.9,177.36,4.0,29.0,6.0,M,,,,1.9,0.2,12,1.8,nan,7,,,,1.8,0.2,7
2022p338400,2022-05-06T04:59:46Z,-39.22,4.4,173.91,5.4,16.0,8.0,MLv,,,,1.5,0.3,6,1.8,nan,4,,,,1.8,0.5,4
2022p338481,2022-05-06T05:43:10Z,-38.27,11.9,175.69,15.1,133.0,23.0,MLv,,,,1.8,0.3,7,2.0,nan,5,,,,2.0,0.5,5
2022p338564,2022-05-06T06:27:18Z,-40.72,3.1,175.84,3.4,24.0,7.0,MLv,,,,1.1,0.2,6,1.0,nan,3,,,,1.0,0.2,3
2022p338576,2022-05-06T06:33:34Z,-39.96,2.6,176.59,3.0,30.0,5.0,MLv,,,,1.7,0.2,12,1.5,nan,9,,,,1.5,0.1,9
2022p338608,2022-05-06T06:50:22Z,-38.29,7.8,175.93,7.0,153.0,10.0,M,,,,1.7,0.3,9,1.9,nan,7,,,,1.9,0.1,7
2022p338616,2022-05-06T06:54:46Z,-40.72,3.4,175.25,2.8,22.0,4.0,MLv,,,,1.7,0.3,14,1.7,nan,8,,,,1.7,0.2,8
2022p338689,2022-05-06T07:33:45Z,-38.55,4.2,176.71,7.0,48.0,9.0,M,,,,1.3,0.3,11,1.3,nan,5,,,,1.3,0.4,5
2022p338739,2022-05-06T08:00:14Z,-40.45,2.8,175.79,3.1,22.0,6.0,MLv,,,,1.1,0.3,8,1.1,nan,6,,,,1.1,0.5,6
2022p338774,2022-05-06T08:19:13Z,-43.23,2.3,171.59,1.9,5.0,0.0,MLv,,,,4.0,0.3,8,,,,,,,4.3,0.2,68
2022p338781,2022-05-06T08:22:57Z,-39.49,3.0,175.72,2.5,10.0,6.0,MLv,,,,1.9,0.2,17,,,,,,,2.0,0.2,19
2022p338825,2022-05-06T08:46:19Z,-38.29,3.6,178.16,4.0,21.0,6.0,M,,,,1.9,0.2,9,2.0,nan,9,,,,2.0,0.3,9
2022p338827,2022-05-06T08:47:24Z,-38.28,3.5,178.17,4.0,24.0,6.0,MLv,,,,2.0,0.3,9,2.0,nan,7,,,,2.0,0.2,7
2022p338838,2022-05-06T08:52:56Z,-40.43,3.3,173.67,4.5,106.0,8.0,MLv,,,,,,,2.5,nan,19,,,,2.5,0.2,19
2022p338859,2022-05-06T09:04:38Z,-39.18,3.9,174.89,2.7,23.0,6.0,MLv,,,,1.8,0.2,10,1.5,nan,7,,,,1.5,0.3,7
2022p338866,2022-05-06T09:08:05Z,-39.22,3.9,174.74,3.1,19.0,6.0,MLv,,,,1.8,0.3,8,1.6,nan,4,,,,1.6,0.1,4
2022p338879,2022-05-06T09:14:41Z,-34.31,13.2,179.33,13.1,214.0,30.0,MLv,,,,3.9,0.2,12,,,,,,,4.2,0.2,35
2022p338890,2022-05-06T09:20:57Z,-39.72,2.8,176.85,4.0,36.0,6.0,MLv,,,,1.9,0.3,12,1.9,nan,12,,,,1.9,0.2,12
2022p338899,2022-05-06T09:25:36Z,-38.63,2.8,176.06,2.1,4.0,3.0,MLv,,,,1.6,0.3,11,1.6,nan,7,,,,1.6,0.4,7
2022p338916,2022-05-06T09:34:26Z,-38.82,3.5,175.91,5.7,9.0,12.0,M,,,,1.4,0.3,8,1.3,nan,7,,,,1.3,0.2,7
2022p338967,2022-05-06T10:01:42Z,-41.84,3.3,174.1,3.0,6.0,4.0,MLv,,,,1.4,0.3,8,1.2,nan,3,,,,1.2,0.5,3
2022p338976,2022-05-06T10:06:42Z,-38.53,12.0,176.09,23.5,147.0,13.0,M,,,,1.7,0.5,6,1.6,nan,3,,,,1.6,0.7,3
2022p338984,2022-05-06T10:10:51Z,-38.8,3.6,175.9,5.0,7.0,17.0,M,,,,1.3,0.3,10,1.4,nan,4,,,,1.4,0.5,4
2022p339003,2022-05-06T10:21:01Z,-38.81,2.8,175.92,4.4,9.0,8.0,M,,,,1.5,0.1,14,1.5,nan,7,,,,1.5,0.2,7
2022p339026,2022-05-06T10:33:27Z,-38.82,3.5,175.93,5.6,10.0,14.0,M,,,,1.3,0.2,11,1.2,nan,7,,,,1.2,0.2,7
2022p339032,2022-05-06T10:36:41Z,-40.18,11.4,173.63,8.3,160.0,13.0,M,,,,,,,2.1,nan,2,,,,2.1,0.2,2
2022p339062,2022-05-06T10:52:24Z,-39.17,5.2,174.92,2.5,20.0,6.0,M,,,,1.6,0.4,12,1.3,nan,4,,,,1.3,0.5,4
2022p339124,2022-05-06T11:25:27Z,-39.87,2.0,176.69,2.6,31.0,4.0,MLv,,,,3.6,0.3,17,,,,,,,3.3,0.2,85
2022p339136,2022-05-06T11:32:29Z,-38.81,2.7,175.94,3.9,4.0,5.0,M,,,,1.4,0.2,15,1.5,nan,8,,,,1.5,0.2,8
2022p339210,2022-05-06T12:11:27Z,-43.22,3.3,171.57,4.1,3.0,4.0,M,,,,1.9,0.3,8,0.7,nan,1,,,,0.7,nan,1
2022p339227,2022-05-06T12:20:40Z,-37.83,2.7,176.93,2.0,2.0,3.0,M,,,,2.7,0.3,15,2.6,nan,27,,,,2.6,0.2,27
2022p339231,2022-05-06T12:22:38Z,-37.92,11.3,176.07,11.7,175.0,13.0,M,,,,,,,1.8,nan,2,,,,1.8,0.2,2
2022p339238,2022-05-06T12:26:30Z,-37.86,3.8,176.95,2.6,2.0,5.0,M,,,,2.4,0.3,18,2.4,nan,23,,,,2.4,0.2,23
2022p339252,2022-05-06T12:33:42Z,-37.87,3.4,176.94,3.6,4.0,3.0,M,,,,1.6,0.2,8,1.7,nan,5,,,,1.7,0.4,5
2022p339279,2022-05-06T12:47:57Z,-40.91,2.6,175.75,2.6,21.0,5.0,M,,,,1.4,0.2,10,1.3,nan,6,,,,1.3,0.2,6
2022p339290,2022-05-06T12:53:48Z,-38.37,10.7,176.46,7.4,161.0,9.0,M,,,,,,,1.9,nan,5,,,,1.9,0.5,5
2022p339332,2022-05-06T13:16:23Z,-37.86,6.1,176.94,4.0,3.0,7.0,M,,,,1.8,0.2,7,1.8,nan,4,,,,1.8,0.3,4
2022p339337,2022-05-06T13:19:05Z,-38.81,3.2,175.91,4.9,9.0,11.0,M,,,,1.6,0.1,15,1.6,nan,9,,,,1.6,0.2,9
2022p339341,2022-05-06T13:21:08Z,-38.82,2.9,175.91,5.0,9.0,9.0,M,,,,1.2,0.2,11,1.2,nan,8,,,,1.2,0.2,8
2022p339349,2022-05-06T13:25:11Z,-41.82,2.3,174.03,2.8,10.0,4.0,M,,,,1.6,0.2,7,1.7,nan,6,,,,1.7,0.1,6
2022p339357,2022-05-06T13:29:48Z,-41.82,2.3,174.05,2.2,9.0,3.0,M,,,,1.7,0.2,8,1.9,nan,9,,,,1.9,0.2,9
2022p339393,2022-05-06T13:48:49Z,-37.86,5.1,176.95,3.3,3.0,5.0,M,,,,1.7,0.2,8,1.9,nan,4,,,,1.9,0.3,4
2022p339410,2022-05-06T13:57:43Z,-40.19,2.6,176.3,2.8,39.0,5.0,MLv,,,,2.7,0.1,15,,,,,,,2.8,0.2,44
2022p339460,2022-05-06T14:24:20Z,-43.35,2.5,170.66,2.1,5.0,0.0,MLv,,,,2.5,0.2,12,,,,,,,2.8,0.2,10
2022p339466,2022-05-06T14:27:53Z,-38.81,2.4,175.92,4.6,11.0,8.0,M,,,,1.2,0.3,10,1.2,nan,4,,,,1.2,0.3,4
2022p339491,2022-05-06T14:41:03Z,-38.82,5.4,175.91,5.6,7.0,17.0,M,,,,1.3,0.3,10,1.5,nan,5,,,,1.5,0.4,5
2022p339602,2022-05-06T15:40:01Z,-40.2,3.2,176.45,3.4,24.0,6.0,M,,,,1.2,0.3,8,1.0,nan,4,,,,1.0,0.0,4
2022p339610,2022-05-06T15:44:42Z,-37.86,7.3,176.94,3.9,3.0,7.0,M,,,,2.3,0.4,8,2.4,nan,8,,,,2.4,0.2,8
2022p339665,2022-05-06T16:14:10Z,-38.22,9.8,176.08,11.4,146.0,8.0,M,,,,1.7,0.2,9,1.7,nan,4,,,,1.7,0.2,4
2022p339677,2022-05-06T16:20:03Z,-38.6,3.0,176.19,2.8,4.0,5.0,M,,,,1.9,0.2,19,1.9,nan,14,,,,1.9,0.2,14
2022p339695,2022-05-06T16:29:55Z,-43.23,3.0,171.58,3.6,5.0,0.0,M,,,,1.9,0.2,10,1.3,nan,1,,,,1.3,nan,1
2022p339702,2022-05-06T16:33:28Z,-37.85,3.4,178.37,4.5,14.0,5.0,M,,,,1.7,0.2,8,1.7,nan,3,,,,1.7,0.3,3
2022p339727,2022-05-06T16:46:33Z,-38.82,2.3,175.89,4.2,13.0,7.0,M,,,,1.2,0.2,13,1.2,nan,6,,,,1.2,0.2,6
2022p339729,2022-05-06T16:48:02Z,-39.84,3.0,177.23,4.7,15.0,4.0,M,,,,1.5,0.3,12,1.4,nan,3,,,,1.4,0.3,3
2022p339798,2022-05-06T17:24:36Z,-38.42,4.0,177.66,3.4,26.0,7.0,M,,,,1.2,0.3,7,0.6,nan,2,,,,0.6,0.1,2
2022p339801,2022-05-06T17:26:10Z,-38.56,6.9,175.7,6.2,128.0,9.0,M,,,,1.6,0.2,8,2.0,nan,8,,,,2.0,0.4,8
2022p339836,2022-05-06T17:44:37Z,-39.61,2.4,176.68,3.5,22.0,5.0,M,,,,1.4,0.3,12,1.3,nan,5,,,,1.3,0.3,5
2022p339860,2022-05-06T17:57:35Z,-40.58,3.0,175.87,2.7,26.0,4.0,M,,,,1.4,0.3,11,1.4,nan,5,,,,1.4,0.2,5
2022p339880,2022-05-06T18:08:15Z,-37.81,8.0,176.27,6.7,168.0,11.0,M,,,,,,,2.4,nan,12,,,,2.4,0.2,12
2022p339909,2022-05-06T18:23:44Z,-40.57,3.3,174.49,2.8,12.0,0.0,M,,,,1.9,0.2,9,1.8,nan,7,,,,1.8,0.1,7
2022p339914,2022-05-06T18:26:25Z,-37.86,11.7,176.23,6.9,135.0,12.0,MLv,,,,2.4,0.2,6,,,,,,,2.8,0.3,27
2022p339991,2022-05-06T19:07:17Z,-37.86,5.4,176.95,2.8,4.0,6.0,M,,,,2.1,0.3,13,2.2,nan,14,,,,2.2,0.1,14
2022p339992,2022-05-06T19:07:54Z,-43.22,2.8,171.58,2.6,5.0,0.0,MLv,,,,2.2,0.2,9,2.5,nan,7,,,,2.5,0.2,7
2022p339999,2022-05-06T19:11:53Z,-39.24,3.5,175.41,6.4,5.0,4.0,M,,,,0.7,0.2,7,0.7,nan,6,,,,0.7,0.4,6
2022p340026,2022-05-06T19:26:18Z,-37.85,4.9,176.95,2.8,3.0,5.0,M,,,,2.2,0.3,11,2.3,nan,13,,,,2.3,0.1,13
2022p340109,2022-05-06T20:10:17Z,-38.1,7.5,176.06,8.0,134.0,12.0,M,,,,1.7,0.3,7,1.9,nan,5,,,,1.9,0.3,5
2022p340175,2022-05-06T20:45:28Z,-40.19,2.8,174.76,3.4,12.0,0.0,MLv,,,,2.3,0.2,13,2.0,nan,15,,,,2.0,0.2,15
2022p340193,2022-05-06T20:55:16Z,-45.37,5.9,167.32,4.7,61.0,8.0,MLv,,,,2.6,0.4,7,2.4,nan,2,,,,2.4,0.7,2
2022p340210,2022-05-06T21:03:58Z,-39.96,3.1,176.68,3.3,36.0,6.0,M,,,,1.8,0.2,12,1.8,nan,12,,,,1.8,0.2,12
2022p340222,2022-05-06T21:10:38Z,-39.75,2.8,176.59,3.2,23.0,6.0,MLv,,,,1.2,0.3,10,,,,,,,0.9,0.2,5
2022p340269,2022-05-06T21:35:50Z,-44.71,3.3,167.51,4.4,5.0,0.0,MLv,,,,2.9,0.2,6,,,,,,,3.2,0.3,7
2022p340279,2022-05-06T21:40:58Z,-41.13,2.3,175.42,2.0,22.0,4.0,MLv,,,,3.0,0.2,14,,,,,,,2.9,0.2,37
2022p340450,2022-05-06T23:11:53Z,-38.86,3.3,177.98,5.6,22.0,5.0,M,,,,1.7,0.2,12,1.6,nan,6,,,,1.6,0.1,6
2022p340565,2022-05-07T00:13:23Z,-41.6,4.8,174.61,3.6,21.0,8.0,M,,,,2.5,0.3,7,2.6,nan,20,,,,2.6,0.3,20
2022p340592,2022-05-07T00:27:54Z,-39.4,13.2,174.39,6.1,121.0,10.0,M,,,,1.7,0.2,6,1.6,nan,8,,,,1.6,0.2,8
2022p340628,2022-05-07T00:47:11Z,-37.54,7.8,176.76,8.6,112.0,11.0,M,,,,2.0,0.2,9,2.1,nan,5,,,,2.1,0.5,5
2022p340631,2022-05-07T00:47:56Z,-34.1,35.4,178.58,45.5,336.0,42.0,MLv,4.2,0.1,2,3.5,0.2,6,3.8,nan,6,3.3,0.4,2,3.8,0.4,6
2022p340632,2022-05-07T00:48:44Z,-41.26,3.6,174.46,2.1,10.0,5.0,MLv,,,,2.8,0.1,11,,,,,,,2.8,0.2,29
2022p340668,2022-05-07T01:08:22Z,-39.91,3.7,176.77,3.7,27.0,6.0,M,,,,1.8,0.2,11,1.9,nan,12,,,,1.9,0.2,12
2022p340702,2022-05-07T01:26:08Z,-38.33,9.4,175.98,9.0,138.0,13.0,M,,,,1.5,0.4,3,1.8,nan,7,,,,1.8,0.5,7
2022p340769,2022-05-07T02:02:13Z,-38.45,6.2,178.72,8.6,33.0,0.0,MLv,,,,2.0,0.2,9,2.1,nan,4,,,,2.1,0.2,4
2022p340783,2022-05-07T02:09:18Z,-38.39,3.6,177.13,3.7,30.0,6.0,MLv,,,,2.0,0.3,10,,,,,,,2.0,0.2,11
2022p340806,2022-05-07T02:21:45Z,-38.38,3.4,177.91,3.5,18.0,5.0,MLv,,,,1.8,0.2,11,1.7,nan,7,,,,1.7,0.2,7
2022p340879,2022-05-07T03:00:44Z,-37.62,9.1,179.92,6.9,12.0,0.0,MLv,,,,2.6,0.2,12,2.8,nan,7,,,,2.8,0.1,7
2022p340889,2022-05-07T03:05:45Z,-40.28,3.7,176.57,3.6,14.0,7.0,M,,,,2.0,0.2,12,2.0,nan,13,,,,2.0,0.2,13
2022p340953,2022-05-07T03:39:50Z,-43.2,2.9,170.91,2.6,5.0,0.0,MLv,,,,2.2,0.2,12,2.1,nan,4,,,,2.1,0.3,4
2022p341029,2022-05-07T04:20:41Z,-38.89,5.8,178.43,6.9,26.0,7.0,MLv,,,,2.1,0.1,13,2.1,nan,7,,,,2.1,0.1,7
2022p341100,2022-05-07T04:58:20Z,-38.65,3.0,176.84,3.0,5.0,0.0,M,,,,1.6,0.1,8,1.6,nan,6,,,,1.6,0.1,6
2022p341152,2022-05-07T05:26:15Z,-40.36,3.1,176.12,3.8,21.0,5.0,MLv,,,,1.4,0.2,12,,,,,,,1.5,0.2,8
2022p341161,2022-05-07T05:31:05Z,-41.38,4.9,172.88,5.4,93.0,7.0,M,,,,,,,1.9,nan,4,,,,1.9,0.8,4
2022p341165,2022-05-07T05:33:14Z,-40.56,4.0,175.46,3.1,18.0,6.0,MLv,,,,1.5,0.3,11,,,,,,,1.8,0.2,6
2022p341234,2022-05-07T06:09:32Z,-38.88,3.6,176.14,4.3,65.0,9.0,MLv,,,,2.0,0.2,19,2.3,nan,34,,,,2.3,0.2,34
2022p341259,2022-05-07T06:23:07Z,-39.44,3.8,175.7,2.7,4.0,3.0,MLv,,,,1.0,0.2,10,1.1,nan,8,,,,1.1,0.2,8
2022p341281,2022-05-07T06:34:49Z,-39.0,5.9,176.1,5.7,44.0,10.0,M,,,,1.6,0.4,12,1.6,nan,6,,,,1.6,0.2,6
2022p341313,2022-05-07T06:51:49Z,-38.88,8.0,175.11,9.9,202.0,12.0,MLv,,,,,,,1.7,nan,6,,,,1.7,0.5,6
2022p341398,2022-05-07T07:36:58Z,-37.94,7.7,177.02,6.6,40.0,8.0,M,,,,2.3,0.2,12,2.3,nan,16,,,,2.3,0.2,16
2022p341459,2022-05-07T08:09:36Z,-35.55,23.8,179.17,24.6,204.0,28.0,MLv,,,,3.3,0.4,6,,,,,,,3.3,0.1,3
2022p341479,2022-05-07T08:20:01Z,-40.44,3.0,174.19,3.8,63.0,12.0,MLv,,,,1.9,0.3,8,,,,,,,1.8,0.3,6
2022p341565,2022-05-07T09:06:18Z,-43.22,2.7,171.58,2.1,5.0,0.0,MLv,,,,2.6,0.2,9,,,,,,,2.7,0.2,10
2022p341587,2022-05-07T09:18:07Z,-37.93,6.0,176.15,6.0,163.0,9.0,MLv,,,,,,,,,,,,,2.8,0.4,29
2022p341687,2022-05-07T10:11:25Z,-39.41,4.7,175.83,3.9,11.0,9.0,M,,,,1.0,0.3,7,0.6,nan,4,,,,0.6,0.5,4
2022p341779,2022-05-07T10:59:59Z,-41.79,3.7,173.24,3.5,63.0,8.0,M,,,,1.9,0.3,9,1.5,nan,1,,,,1.5,nan,1
2022p341811,2022-05-07T11:17:11Z,-40.95,2.5,175.37,2.2,18.0,4.0,M,,,,1.5,0.2,12,1.6,nan,6,,,,1.6,0.3,6
2022p341823,2022-05-07T11:23:36Z,-38.41,3.9,177.44,3.2,21.0,7.0,M,,,,1.4,0.4,7,1.2,nan,3,,,,1.2,0.6,3
2022p341850,2022-05-07T11:38:07Z,-40.58,3.5,174.55,3.0,46.0,9.0,M,,,,2.0,0.2,17,2.1,nan,3,,,,2.1,0.3,3
2022p341987,2022-05-07T12:51:16Z,-39.77,3.5,176.8,4.8,31.0,9.0,M,,,,1.2,0.4,7,1.0,nan,4,,,,1.0,0.3,4
2022p342021,2022-05-07T13:09:12Z,-38.1,14.3,176.4,14.5,106.0,11.0,M,,,,1.8,0.2,12,1.9,nan,3,,,,1.9,0.2,3
2022p342023,2022-05-07T13:10:28Z,-39.09,21.2,175.69,13.0,4.0,14.0,M,,,,0.6,0.2,6,1.0,nan,4,,,,1.0,0.3,4
2022p342043,2022-05-07T13:21:00Z,-40.11,2.6,176.39,3.2,34.0,6.0,M,,,,2.2,0.3,12,2.4,nan,23,,,,2.4,0.2,23
2022p342072,2022-05-07T13:37:11Z,-37.76,2.0,174.58,3.7,12.0,0.0,MLv,,,,3.2,0.2,17,,,,,,,3.3,0.2,60
2022p342088,2022-05-07T13:45:07Z,-37.09,20.2,176.81,17.7,92.0,35.0,M,,,,2.3,0.3,7,2.2,nan,2,,,,2.2,0.3,2
2022p342096,2022-05-07T13:48:59Z,-37.65,10.7,179.83,7.1,12.0,0.0,M,,,,2.4,0.2,6,2.4,nan,3,,,,2.4,0.2,3
2022p342112,2022-05-07T13:57:21Z,-39.26,4.0,177.33,4.0,18.0,8.0,M,,,,1.8,0.1,11,1.9,nan,6,,,,1.9,0.1,6
2022p342157,2022-05-07T14:21:19Z,-36.55,26.3,177.48,18.1,168.0,24.0,MLv,,,,2.4,0.3,9,2.9,nan,6,,,,2.9,0.3,6
2022p342181,2022-05-07T14:34:29Z,-39.53,5.9,174.64,5.7,166.0,7.0,M,,,,,,,2.2,nan,6,,,,2.2,0.3,6
2022p342199,2022-05-07T14:44:03Z,-36.76,8.6,177.81,9.7,94.0,17.0,M,,,,2.5,0.1,7,2.6,nan,2,,,,2.6,0.0,2
2022p342213,2022-05-07T14:51:25Z,-40.1,3.9,176.37,4.8,35.0,8.0,M,,,,1.6,0.4,8,1.6,nan,7,,,,1.6,0.3,7
2022p342233,2022-05-07T15:02:07Z,-38.63,7.0,175.64,9.7,137.0,7.0,M,,,,,,,1.6,nan,2,,,,1.6,0.1,2
2022p342246,2022-05-07T15:09:09Z,-40.73,4.2,176.4,5.4,22.0,5.0,M,,,,1.5,0.1,9,1.7,nan,2,,,,1.7,0.3,2
2022p342267,2022-05-07T15:19:53Z,-39.29,4.6,174.91,3.2,26.0,8.0,M,,,,1.7,0.1,9,1.6,nan,4,,,,1.6,0.2,4
2022p342321,2022-05-07T15:49:03Z,-39.52,7.9,175.66,5.9,14.0,13.0,M,,,,1.4,0.2,8,1.6,nan,7,,,,1.6,0.3,7
2022p342378,2022-05-07T16:19:25Z,-37.76,3.3,174.61,6.6,16.0,12.0,M,,,,1.5,0.3,8,1.3,nan,3,,,,1.3,0.1,3
2022p342381,2022-05-07T16:20:45Z,-39.34,3.4,176.85,4.7,29.0,6.0,M,,,,1.2,0.2,8,1.4,nan,2,,,,1.4,0.1,2
2022p342439,2022-05-07T16:51:59Z,-38.79,5.8,177.63,8.4,48.0,13.0,M,,,,1.4,0.3,7,1.4,nan,3,,,,1.4,0.5,3
2022p342508,2022-05-07T17:28:21Z,-38.83,6.5,175.82,7.4,115.0,9.0,M,,,,1.4,0.5,7,1.8,nan,6,,,,1.8,0.6,6
2022p342610,2022-05-07T18:23:03Z,-37.77,2.6,174.58,6.0,12.0,0.0,M,,,,1.6,0.3,9,1.4,nan,4,,,,1.4,0.1,4
2022p342611,2022-05-07T18:23:23Z,-41.7,2.4,174.24,2.3,5.0,3.0,MLv,,,,2.2,0.1,18,2.1,nan,11,,,,2.1,0.2,11
2022p342635,2022-05-07T18:36:12Z,-40.62,2.8,174.56,2.5,12.0,0.0,M,,,,2.0,0.2,12,2.1,nan,5,,,,2.1,0.2,5
2022p342650,2022-05-07T18:44:20Z,-38.27,2.9,176.41,2.6,3.0,4.0,MLv,,,,1.9,0.3,12,2.0,nan,13,,,,2.0,0.3,13
2022p342663,2022-05-07T18:51:18Z,-38.28,2.0,176.41,2.8,5.0,3.0,MLv,,,,1.6,0.3,13,1.7,nan,12,,,,1.7,0.3,12
2022p342666,2022-05-07T18:52:57Z,-38.27,3.3,176.4,3.6,3.0,4.0,M,,,,1.5,0.3,9,1.6,nan,8,,,,1.6,0.3,8
2022p342673,2022-05-07T18:56:36Z,-39.27,4.6,175.15,3.6,5.0,0.0,MLv,,,,1.5,0.2,9,1.5,nan,7,,,,1.5,0.2,7
2022p342698,2022-05-07T19:10:03Z,-39.5,6.5,175.73,4.9,17.0,7.0,M,,,,1.2,0.3,10,1.0,nan,5,,,,1.0,0.4,5
2022p342740,2022-05-07T19:31:52Z,-35.04,9.6,-179.82,19.5,33.0,0.0,MLv,,,,3.7,0.2,10,4.0,nan,7,,,,4.0,0.1,7
2022p342852,2022-05-07T20:32:12Z,-38.86,3.2,175.95,2.9,5.0,0.0,MLv,,,,1.2,0.2,7,1.2,nan,5,,,,1.2,0.2,5
2022p342881,2022-05-07T20:47:21Z,-39.24,3.3,175.37,6.2,7.0,9.0,MLv,,,,0.8,0.3,7,,,,,,,0.8,0.2,4
2022p342955,2022-05-07T21:26:48Z,-40.01,2.5,176.6,2.4,20.0,4.0,M,,,,1.8,0.2,12,1.9,nan,9,,,,1.9,0.2,9
2022p343037,2022-05-07T22:10:37Z,-40.21,2.7,176.25,3.6,38.0,4.0,M,,,,1.8,0.2,13,1.9,nan,6,,,,1.9,0.2,6
2022p343183,2022-05-07T23:27:58Z,-37.22,15.2,176.81,15.9,243.0,13.0,M,,,,,,,2.6,nan,4,,,,2.6,0.5,4
2022p343187,2022-05-07T23:30:28Z,-40.41,4.5,176.59,5.1,6.0,6.0,M,,,,1.7,0.2,8,1.5,nan,6,,,,1.5,0.3,6
2022p343264,2022-05-08T00:11:31Z,-39.89,5.2,176.57,6.1,30.0,11.0,M,,,,1.1,0.4,6,1.5,nan,2,,,,1.5,0.3,2
2022p343274,2022-05-08T00:16:47Z,-40.89,2.6,175.14,3.2,26.0,4.0,MLv,,,,1.9,0.2,13,1.8,nan,7,,,,1.8,0.2,7
2022p343285,2022-05-08T00:22:40Z,-39.43,3.6,176.97,4.8,34.0,8.0,MLv,,,,1.4,0.1,7,1.5,nan,3,,,,1.5,0.1,3
2022p343325,2022-05-08T00:43:38Z,-40.34,2.5,174.71,3.4,5.0,0.0,MLv,,,,2.5,0.2,12,2.5,nan,19,,,,2.5,0.2,19
2022p343341,2022-05-08T00:52:20Z,-39.24,3.7,175.32,7.6,5.0,0.0,MLv,,,,1.1,0.2,6,1.0,nan,3,,,,1.0,0.4,3
2022p343387,2022-05-08T01:16:58Z,-39.95,3.1,176.69,2.9,29.0,4.0,MLv,,,,1.8,0.3,13,,,,,,,1.7,0.1,7
2022p343480,2022-05-08T02:06:36Z,-45.04,6.0,167.55,6.1,61.0,10.0,M,,,,2.4,0.3,6,2.4,nan,1,,,,2.4,nan,1
2022p343582,2022-05-08T03:00:56Z,-41.31,5.6,172.57,6.1,100.0,7.0,M,,,,,,,2.2,nan,4,,,,2.2,0.6,4
2022p343626,2022-05-08T03:24:08Z,-41.09,3.2,175.81,3.0,20.0,6.0,M,,,,1.6,0.2,7,1.4,nan,2,,,,1.4,0.0,2
2022p343808,2022-05-08T05:01:05Z,-45.19,4.2,167.14,3.9,18.0,4.0,MLv,,,,3.2,0.1,9,,,,,,,3.3,0.2,8
2022p343841,2022-05-08T05:18:30Z,-43.52,4.1,172.57,3.1,5.0,3.0,MLv,,,,1.8,0.2,6,1.9,nan,5,,,,1.9,0.4,5
2022p343914,2022-05-08T05:57:49Z,-38.59,5.1,175.8,4.4,113.0,8.0,M,,,,,,,2.2,nan,13,,,,2.2,0.3,13
2022p343937,2022-05-08T06:09:51Z,-40.26,4.1,174.26,6.3,66.0,13.0,M,,,,2.3,0.3,12,1.8,nan,2,,,,1.8,0.0,2
2022p343942,2022-05-08T06:12:38Z,-37.77,2.8,174.56,6.8,12.0,0.0,M,,,,1.8,0.3,7,1.8,nan,5,,,,1.8,0.8,5
2022p343968,2022-05-08T06:26:31Z,-42.2,2.5,173.55,3.1,5.0,0.0,MLv,,,,1.9,0.2,7,2.0,nan,4,,,,2.0,0.1,4
2022p344055,2022-05-08T07:13:15Z,-40.26,3.0,175.97,3.3,20.0,6.0,MLv,,,,1.9,0.3,10,2.0,nan,16,,,,2.0,0.3,16
2022p344113,2022-05-08T07:43:39Z,-39.85,2.6,176.7,3.3,36.0,7.0,M,,,,1.8,0.2,12,1.8,nan,8,,,,1.8,0.2,8
2022p344141,2022-05-08T07:58:24Z,-41.18,12.2,172.41,11.7,199.0,8.0,MLv,,,,,,,,,,,,,2.9,0.3,12
2022p344146,2022-05-08T08:01:06Z,-40.91,2.9,175.75,3.3,22.0,5.0,M,,,,1.6,0.2,10,1.5,nan,7,,,,1.5,0.3,7
2022p344223,2022-05-08T08:42:22Z,-39.92,3.3,176.63,3.4,27.0,5.0,MLv,,,,1.5,0.2,13,1.4,nan,5,,,,1.4,0.4,5
2022p344237,2022-05-08T08:49:37Z,-38.75,3.4,176.01,2.9,12.0,8.0,M,,,,1.4,0.3,10,1.3,nan,6,,,,1.3,0.4,6
2022p344259,2022-05-08T09:01:24Z,-37.83,9.1,176.63,13.8,108.0,15.0,MLv,,,,1.7,0.2,7,1.7,nan,3,,,,1.7,0.3,3
2022p344313,2022-05-08T09:29:51Z,-36.64,41.2,179.49,27.9,92.0,45.0,MLv,,,,2.7,0.1,7,2.6,nan,3,,,,2.6,0.1,3
2022p344317,2022-05-08T09:32:13Z,-40.63,2.8,175.83,2.6,22.0,5.0,M,,,,1.2,0.3,8,1.2,nan,3,,,,1.2,0.5,3
2022p344340,2022-05-08T09:44:30Z,-43.23,2.7,171.59,3.6,5.0,0.0,MLv,,,,2.2,0.2,7,2.3,nan,5,,,,2.3,0.3,5
2022p344345,2022-05-08T09:47:24Z,-39.69,2.6,176.22,3.3,24.0,6.0,M,,,,1.3,0.4,12,1.3,nan,6,,,,1.3,0.4,6
2022p344406,2022-05-08T10:20:02Z,-39.24,3.3,175.51,4.8,5.0,3.0,MLv,,,,0.7,0.2,12,0.8,nan,7,,,,0.8,0.2,7
2022p344445,2022-05-08T10:40:33Z,-39.39,7.6,174.47,6.3,130.0,8.0,MLv,,,,1.9,0.3,6,,,,,,,2.7,0.2,29
2022p344545,2022-05-08T11:33:45Z,-37.95,5.4,176.59,6.5,122.0,14.0,MLv,,,,,,,,,,,,,1.9,0.5,3
2022p344548,2022-05-08T11:35:13Z,-41.78,3.4,173.95,4.2,29.0,5.0,MLv,,,,1.8,0.3,6,1.5,nan,5,,,,1.5,0.3,5
2022p344555,2022-05-08T11:39:04Z,-39.56,4.2,176.92,3.4,21.0,7.0,M,,,,1.3,0.2,9,1.4,nan,4,,,,1.4,0.2,4
2022p344654,2022-05-08T12:31:48Z,-40.87,4.0,174.69,3.5,29.0,5.0,MLv,,,,2.5,0.2,13,,,,,,,2.5,0.2,16
2022p344671,2022-05-08T12:41:02Z,-37.86,2.9,176.94,2.4,5.0,0.0,MLv,,,,2.0,0.2,19,2.0,nan,14,,,,2.0,0.2,14
2022p344714,2022-05-08T13:03:55Z,-40.62,3.6,174.56,2.7,12.0,0.0,MLv,,,,1.9,0.2,11,2.0,nan,3,,,,2.0,0.1,3
2022p344743,2022-05-08T13:19:32Z,-41.05,6.5,174.09,4.0,52.0,9.0,MLv,,,,1.8,0.3,6,,,,,,,1.9,0.4,3
2022p344744,2022-05-08T13:19:37Z,-38.01,5.1,176.16,5.1,141.0,9.0,MLv,,,,,,,,,,,,,2.7,0.3,34
2022p344754,2022-05-08T13:25:03Z,-41.65,3.6,174.34,2.5,5.0,0.0,MLv,,,,1.8,0.2,11,,,,,,,1.6,0.1,4
2022p344892,2022-05-08T14:38:33Z,-38.29,3.5,178.15,3.7,23.0,7.0,MLv,,,,1.7,0.2,8,1.8,nan,3,,,,1.8,0.3,3
2022p344953,2022-05-08T15:11:16Z,-38.86,4.6,176.0,3.4,5.0,0.0,M,,,,1.4,0.2,8,1.3,nan,4,,,,1.3,0.3,4
2022p344960,2022-05-08T15:14:47Z,-38.83,4.7,175.98,4.3,5.0,0.0,MLv,,,,1.3,0.2,6,,,,,,,1.1,0.2,4
2022p345019,2022-05-08T15:46:39Z,-43.55,2.3,172.71,2.1,5.0,4.0,MLv,,,,2.8,0.2,7,,,,,,,3.0,0.3,9
2022p345075,2022-05-08T16:16:27Z,-38.94,4.1,177.98,6.0,19.0,5.0,MLv,,,,1.6,0.3,10,1.5,nan,4,,,,1.5,0.3,4
2022p345121,2022-05-08T16:40:59Z,-39.87,2.8,176.74,3.6,26.0,5.0,M,,,,1.6,0.3,13,1.4,nan,7,,,,1.4,0.1,7
2022p345127,2022-05-08T16:43:36Z,-37.58,7.2,179.69,6.3,12.0,0.0,MLv,,,,2.8,0.2,12,,,,,,,2.8,0.1,7
2022p345138,2022-05-08T16:49:44Z,-41.1,3.8,174.01,3.0,31.0,5.0,M,,,,1.9,0.3,11,1.9,nan,3,,,,1.9,0.4,3
2022p345149,2022-05-08T16:55:23Z,-41.79,3.0,173.22,3.6,64.0,7.0,MLv,,,,2.6,0.2,12,,,,,,,2.8,0.3,12
2022p345209,2022-05-08T17:27:24Z,-37.85,3.2,176.93,2.3,4.0,3.0,MLv,,,,2.9,0.3,21,,,,,,,3.0,0.2,38
2022p345227,2022-05-08T17:37:14Z,-40.44,2.1,175.03,2.6,5.0,0.0,MLv,,,,2.3,0.2,15,2.3,nan,19,,,,2.3,0.1,19
2022p345235,2022-05-08T17:41:19Z,-37.86,4.9,176.94,3.7,4.0,4.0,MLv,,,,1.7,0.2,7,1.9,nan,3,,,,1.9,0.3,3
2022p345243,2022-05-08T17:45:50Z,-39.33,6.3,175.06,8.8,84.0,18.0,M,,,,1.9,0.4,6,1.3,nan,1,,,,1.3,nan,1
2022p345250,2022-05-08T17:49:30Z,-37.86,4.6,176.94,3.2,4.0,4.0,MLv,,,,1.8,0.2,7,1.9,nan,5,,,,1.9,0.2,5
2022p345271,2022-05-08T18:00:48Z,-41.25,2.7,175.22,3.3,20.0,5.0,MLv,,,,1.2,0.4,9,1.1,nan,4,,,,1.1,0.4,4
2022p345329,2022-05-08T18:31:36Z,-37.84,7.4,176.1,8.7,187.0,10.0,M,,,,,,,2.3,nan,9,,,,2.3,0.2,9
2022p345370,2022-05-08T18:53:21Z,-37.86,3.8,176.94,2.8,4.0,5.0,MLv,,,,2.1,0.3,13,2.2,nan,9,,,,2.2,0.1,9
2022p345374,2022-05-08T18:55:21Z,-37.86,4.7,176.93,3.7,4.0,4.0,MLv,,,,1.9,0.2,11,2.1,nan,6,,,,2.1,0.3,6
2022p345381,2022-05-08T18:59:01Z,-39.26,2.7,176.61,2.9,15.0,5.0,M,,,,1.6,0.3,10,1.5,nan,5,,,,1.5,0.2,5
2022p345420,2022-05-08T19:20:18Z,-37.85,3.9,176.93,2.2,3.0,3.0,MLv,,,,2.2,0.3,13,2.4,nan,12,,,,2.4,0.2,12
2022p345425,2022-05-08T19:22:47Z,-37.86,4.5,176.92,3.3,2.0,4.0,M,,,,1.9,0.2,9,2.0,nan,6,,,,2.0,0.2,6
2022p345441,2022-05-08T19:31:03Z,-37.84,4.8,176.92,3.7,3.0,5.0,MLv,,,,1.8,0.2,7,2.1,nan,5,,,,2.1,0.2,5
2022p345447,2022-05-08T19:34:35Z,-37.88,3.8,176.94,4.8,4.0,3.0,MLv,,,,1.8,0.3,8,2.0,nan,4,,,,2.0,0.3,4
2022p345452,2022-05-08T19:37:05Z,-37.85,3.0,176.94,2.0,3.0,3.0,MLv,,,,3.0,0.4,20,,,,,,,3.0,0.2,36
2022p345463,2022-05-08T19:42:49Z,-37.87,4.7,176.94,3.3,4.0,5.0,MLv,,,,1.9,0.4,10,2.1,nan,6,,,,2.1,0.2,6
2022p345467,2022-05-08T19:45:05Z,-37.86,4.1,176.94,2.4,5.0,4.0,MLv,,,,2.6,0.3,12,,,,,,,2.7,0.1,22
2022p345468,2022-05-08T19:46:05Z,-37.86,4.4,176.94,3.4,5.0,0.0,MLv,,,,2.2,0.4,9,2.4,nan,9,,,,2.4,0.1,9
2022p345504,2022-05-08T20:04:39Z,-41.65,5.9,174.95,3.7,19.0,5.0,M,,,,2.0,0.2,10,2.0,nan,6,,,,2.0,0.3,6
2022p345507,2022-05-08T20:06:18Z,-37.86,5.2,176.94,3.1,5.0,7.0,MLv,,,,2.0,0.4,10,2.1,nan,11,,,,2.1,0.1,11
2022p345514,2022-05-08T20:10:18Z,-37.86,3.2,176.94,2.5,4.0,3.0,MLv,,,,3.5,0.2,17,,,,,,,3.3,0.2,62
2022p345524,2022-05-08T20:15:29Z,-37.85,2.9,176.95,2.7,3.0,3.0,MLv,,,,2.1,0.3,12,2.3,nan,14,,,,2.3,0.2,14
2022p345550,2022-05-08T20:30:39Z,-37.88,3.6,176.95,3.2,4.0,3.0,MLv,,,,2.0,0.3,6,,,,,,,2.2,0.1,6
2022p345562,2022-05-08T20:35:27Z,-37.86,3.8,176.94,3.1,6.0,7.0,MLv,,,,1.9,0.3,6,2.1,nan,7,,,,2.1,0.2,7
2022p345626,2022-05-08T21:09:47Z,-39.19,6.5,174.85,5.8,158.0,9.0,MLv,,,,2.6,0.1,7,2.9,nan,2,,,,2.9,0.0,2
2022p345647,2022-05-08T21:20:51Z,-37.86,3.9,176.94,2.6,3.0,4.0,M,,,,2.4,0.3,14,2.5,nan,17,,,,2.5,0.1,17
2022p345672,2022-05-08T21:34:23Z,-39.02,3.9,178.06,6.3,20.0,4.0,M,,,,2.0,0.3,11,2.0,nan,7,,,,2.0,0.4,7
2022p345721,2022-05-08T22:00:23Z,-37.86,3.4,176.95,3.3,6.0,5.0,MLv,,,,1.9,0.3,11,,,,,,,2.2,0.3,6
2022p345779,2022-05-08T22:31:10Z,-37.28,6.1,177.78,6.8,77.0,12.0,MLv,,,,2.7,0.3,17,,,,,,,3.0,0.2,27
2022p345892,2022-05-08T23:31:32Z,-37.87,3.3,176.94,3.0,5.0,3.0,MLv,,,,2.2,0.3,13,,,,,,,2.2,0.2,12
2022p345929,2022-05-08T23:51:05Z,-41.39,2.6,172.34,2.9,5.0,0.0,M,,,,2.3,0.2,11,2.3,nan,4,,,,2.3,0.3,4
2022p345971,2022-05-09T00:13:43Z,-40.87,2.6,175.77,2.8,21.0,4.0,M,,,,1.9,0.2,15,1.8,nan,9,,,,1.8,0.2,9
2022p345975,2022-05-09T00:15:50Z,-43.26,2.6,172.45,2.1,6.0,4.0,MLv,,,,2.0,0.2,10,2.1,nan,6,,,,2.1,0.2,6
2022p346022,2022-05-09T00:40:40Z,-41.79,5.5,173.25,4.8,65.0,8.0,M,,,,2.0,0.3,7,2.2,nan,2,,,,2.2,0.3,2
2022p346057,2022-05-09T00:59:30Z,-39.57,2.4,176.78,2.8,24.0,5.0,MLv,,,,1.7,0.3,12,,,,,,,1.7,0.2,7
2022p346159,2022-05-09T01:53:34Z,-48.6,12.7,165.39,12.0,33.0,0.0,ML,,,,3.6,0.2,6,,,,,,,3.8,0.0,2
2022p346231,2022-05-09T02:32:10Z,-39.67,3.4,176.84,4.7,37.0,7.0,M,,,,1.5,0.3,11,1.4,nan,4,,,,1.4,0.3,4
2022p346263,2022-05-09T02:49:00Z,-39.72,7.2,174.16,10.4,146.0,14.0,MLv,,,,2.2,0.2,8,2.2,nan,7,,,,2.2,0.1,7
2022p346290,2022-05-09T03:03:19Z,-37.87,4.7,176.95,3.5,7.0,8.0,M,,,,2.1,0.3,8,2.3,nan,7,,,,2.3,0.2,7
2022p346338,2022-05-09T03:29:24Z,-44.39,4.0,167.89,4.5,5.0,0.0,MLv,,,,3.7,0.1,7,,,,,,,3.9,0.2,19
2022p346411,2022-05-09T04:08:08Z,-38.69,2.3,176.4,3.6,5.0,0.0,M,,,,1.5,0.3,10,1.5,nan,6,,,,1.5,0.3,6
2022p346439,2022-05-09T04:23:17Z,-39.21,2.7,177.08,3.5,24.0,4.0,M,,,,2.0,0.1,13,2.0,nan,10,,,,2.0,0.2,10
2022p346449,2022-05-09T04:28:08Z,-37.93,10.3,176.4,10.3,157.0,10.0,M,,,,,,,2.1,nan,6,,,,2.1,0.2,6
2022p346451,2022-05-09T04:29:30Z,-37.85,5.6,176.94,2.9,4.0,4.0,M,,,,2.0,0.3,12,2.1,nan,12,,,,2.1,0.2,12
2022p346463,2022-05-09T04:35:58Z,-37.87,5.9,176.94,5.4,5.0,7.0,M,,,,1.8,0.3,7,1.8,nan,5,,,,1.8,0.4,5
2022p346599,2022-05-09T05:48:22Z,-42.21,3.0,171.45,4.5,5.0,0.0,M,,,,2.3,0.1,6,2.1,nan,3,,,,2.1,0.3,3
2022p346680,2022-05-09T06:31:09Z,-40.06,2.0,176.17,3.0,21.0,4.0,M,,,,1.7,0.3,13,1.7,nan,8,,,,1.7,0.3,8
2022p346807,2022-05-09T07:39:14Z,-39.41,2.7,177.02,3.9,27.0,4.0,M,,,,2.2,0.2,14,2.1,nan,15,,,,2.1,0.2,15
2022p346856,2022-05-09T08:05:08Z,-40.62,3.0,175.84,3.0,22.0,6.0,M,,,,1.2,0.3,9,0.8,nan,3,,,,0.8,0.1,3
2022p346948,2022-05-09T08:53:58Z,-40.96,2.2,175.45,2.2,17.0,5.0,M,,,,1.8,0.2,12,1.5,nan,7,,,,1.5,0.2,7
2022p346993,2022-05-09T09:18:18Z,-37.85,5.4,176.95,3.4,3.0,6.0,M,,,,1.8,0.3,12,1.9,nan,12,,,,1.9,0.2,12
2022p347016,2022-05-09T09:30:36Z,-37.89,4.2,176.96,2.8,5.0,0.0,M,,,,1.8,0.3,10,1.9,nan,9,,,,1.9,0.1,9
2022p347070,2022-05-09T09:59:05Z,-44.12,2.7,168.72,3.3,5.0,0.0,M,,,,2.3,0.1,7,2.2,nan,2,,,,2.2,0.2,2
2022p347135,2022-05-09T10:34:05Z,-37.5,14.6,176.15,17.3,277.0,15.0,MLv,,,,,,,,,,,,,2.5,0.4,7
2022p347155,2022-05-09T10:44:23Z,-39.86,2.6,176.87,5.2,26.0,4.0,M,,,,2.3,0.1,12,2.3,nan,16,,,,2.3,0.2,16
2022p347162,2022-05-09T10:48:17Z,-40.62,4.5,176.48,5.7,19.0,6.0,MLv,,,,1.6,0.2,9,1.4,nan,3,,,,1.4,0.1,3
2022p347257,2022-05-09T11:38:41Z,-39.2,3.8,174.75,2.7,19.0,5.0,MLv,,,,2.7,0.2,13,,,,,,,2.8,0.2,31
2022p347272,2022-05-09T11:46:33Z,-41.32,2.5,174.9,2.6,23.0,5.0,MLv,,,,1.7,0.2,6,,,,,,,1.8,0.2,6
2022p347287,2022-05-09T11:54:46Z,-36.54,8.2,179.56,13.4,33.0,0.0,MLv,,,,3.0,0.2,15,3.0,nan,6,,,,3.0,0.1,6
2022p347302,2022-05-09T12:02:18Z,-34.49,15.8,178.98,19.2,250.0,31.0,MLv,,,,3.5,0.1,7,3.7,nan,2,,,,3.7,0.1,2
2022p347342,2022-05-09T12:24:01Z,-37.85,4.7,176.95,2.9,4.0,4.0,M,,,,2.1,0.3,13,2.2,nan,13,,,,2.2,0.2,13
2022p347363,2022-05-09T12:35:20Z,-38.8,2.6,175.84,3.6,5.0,0.0,MLv,,,,1.3,0.2,6,1.0,nan,2,,,,1.0,0.0,2
2022p347408,2022-05-09T12:59:27Z,-40.98,3.2,175.59,2.8,18.0,5.0,MLv,,,,1.5,0.3,8,1.4,nan,4,,,,1.4,0.3,4
2022p347488,2022-05-09T13:42:02Z,-39.2,3.5,175.01,2.0,20.0,5.0,MLv,,,,2.0,0.3,12,1.7,nan,4,,,,1.7,0.2,4
2022p347586,2022-05-09T14:34:06Z,-38.69,1.9,176.41,2.9,4.0,3.0,M,,,,1.8,0.1,14,1.8,nan,11,,,,1.8,0.2,11
2022p347621,2022-05-09T14:52:29Z,-38.69,1.8,176.39,2.5,5.0,0.0,MLv,,,,1.6,0.2,14,1.6,nan,7,,,,1.6,0.2,7
2022p347624,2022-05-09T14:54:08Z,-39.82,3.0,176.7,3.5,24.0,7.0,M,,,,1.6,0.3,10,1.7,nan,3,,,,1.7,0.2,3
2022p347683,2022-05-09T15:25:37Z,-34.95,14.8,179.32,13.0,197.0,30.0,MLv,,,,3.9,0.3,13,,,,,,,4.0,0.2,18
2022p347700,2022-05-09T15:35:01Z,-38.96,3.8,177.81,3.9,23.0,5.0,M,,,,1.6,0.3,11,1.5,nan,2,,,,1.5,0.2,2
2022p347710,2022-05-09T15:40:04Z,-37.86,5.2,176.93,3.7,4.0,4.0,MLv,,,,1.7,0.2,10,1.7,nan,4,,,,1.7,0.2,4
2022p347725,2022-05-09T15:48:23Z,-37.5,11.5,179.96,7.6,33.0,0.0,MLv,,,,2.7,0.1,12,2.7,nan,4,,,,2.7,0.1,4
2022p347778,2022-05-09T16:16:17Z,-40.42,3.2,174.15,4.5,64.0,10.0,M,,,,2.5,0.3,15,2.4,nan,4,,,,2.4,0.4,4
2022p347781,2022-05-09T16:17:57Z,-39.55,3.3,174.99,3.6,111.0,7.0,MLv,,,,2.2,0.4,7,2.1,nan,8,,,,2.1,0.5,8
2022p347815,2022-05-09T16:36:04Z,-37.68,8.0,179.45,8.0,12.0,0.0,MLv,,,,2.3,0.1,8,2.2,nan,2,,,,2.2,0.1,2
2022p347922,2022-05-09T17:33:24Z,-38.69,6.8,175.68,5.3,130.0,7.0,MLv,,,,1.7,0.3,7,2.2,nan,11,,,,2.2,0.3,11
2022p347963,2022-05-09T17:54:26Z,-34.54,25.6,179.58,30.6,275.0,33.0,MLv,,,,3.6,0.2,12,3.8,nan,6,,,,3.8,0.1,6
2022p347996,2022-05-09T18:12:45Z,-36.56,17.1,179.14,20.9,77.0,25.0,MLv,,,,2.7,0.1,12,2.8,nan,6,,,,2.8,0.2,6
2022p348012,2022-05-09T18:21:14Z,-40.6,7.0,173.93,3.9,63.0,12.0,M,,,,2.0,0.3,10,1.7,nan,2,,,,1.7,0.8,2
2022p348130,2022-05-09T19:24:31Z,-37.69,14.4,176.28,14.0,172.0,16.0,MLv,,,,2.2,0.2,7,2.2,nan,5,,,,2.2,0.2,5
2022p348164,2022-05-09T19:42:12Z,-37.79,11.4,179.17,8.5,12.0,0.0,MLv,,,,2.4,0.2,8,2.4,nan,2,,,,2.4,0.2,2
2022p348291,2022-05-09T20:50:30Z,-39.59,2.4,176.34,3.1,28.0,5.0,MLv,,,,1.6,0.3,10,1.4,nan,6,,,,1.4,0.3,6
2022p348308,2022-05-09T20:58:50Z,-38.53,2.9,177.82,3.6,27.0,8.0,MLv,,,,2.0,0.2,9,2.0,nan,6,,,,2.0,0.2,6
2022p348395,2022-05-09T21:45:17Z,-41.35,5.3,172.83,4.6,87.0,8.0,M,,,,,,,1.7,nan,1,,,,1.7,nan,1
2022p348469,2022-05-09T22:24:33Z,-39.87,3.3,176.67,3.8,33.0,8.0,MLv,,,,1.7,0.2,10,1.5,nan,4,,,,1.5,0.2,4
2022p348558,2022-05-09T23:12:07Z,-40.58,2.8,175.82,2.6,21.0,5.0,MLv,,,,1.6,0.3,10,1.4,nan,4,,,,1.4,0.2,4
2022p348580,2022-05-09T23:23:43Z,-39.9,2.0,176.86,3.2,22.0,4.0,MLv,,,,2.7,0.2,12,,,,,,,2.6,0.2,15
2022p348584,2022-05-09T23:25:40Z,-39.9,2.4,176.87,4.3,24.0,5.0,MLv,,,,2.1,0.2,10,2.0,nan,6,,,,2.0,0.2,6
2022p348652,2022-05-10T00:02:11Z,-41.73,4.3,172.27,4.3,71.0,9.0,MLv,,,,2.4,0.2,11,2.1,nan,6,,,,2.1,0.4,6
2022p348706,2022-05-10T00:30:49Z,-38.12,6.4,176.14,6.4,170.0,11.0,M,,,,,,,2.6,nan,12,,,,2.6,0.3,12
2022p348831,2022-05-10T01:36:45Z,-33.28,4.2,-178.65,9.8,33.0,0.0,mB,5.5,0.2,44,5.2,0.4,14,,,,5.0,0.4,6,5.4,0.2,13
2022p349182,2022-05-10T04:44:39Z,-40.25,5.9,173.55,5.1,157.0,8.0,M,,,,,,,2.7,nan,3,,,,2.7,0.4,3
2022p349254,2022-05-10T05:23:30Z,-40.59,3.1,175.88,3.3,26.0,7.0,M,,,,1.3,0.3,7,1.0,nan,2,,,,1.0,0.4,2
2022p349273,2022-05-10T05:33:10Z,-40.05,2.9,176.5,3.8,33.0,7.0,M,,,,1.8,0.2,10,1.6,nan,5,,,,1.6,0.1,5
2022p349383,2022-05-10T06:31:21Z,-37.99,3.9,178.01,3.4,27.0,8.0,M,,,,2.0,0.2,8,2.0,nan,4,,,,2.0,0.4,4
2022p349420,2022-05-10T06:51:31Z,-45.12,5.9,167.28,8.6,73.0,9.0,M,,,,2.1,0.4,4,2.2,nan,3,,,,2.2,0.4,3
2022p349505,2022-05-10T07:36:26Z,-38.13,10.4,175.87,9.8,178.0,14.0,MLv,,,,2.2,0.4,7,2.5,nan,6,,,,2.5,0.4,6
2022p349726,2022-05-10T09:34:19Z,-39.07,5.3,175.81,5.2,5.0,9.0,MLv,,,,1.5,0.3,7,1.6,nan,7,,,,1.6,0.2,7
2022p349733,2022-05-10T09:38:12Z,-40.78,4.3,176.13,3.8,20.0,5.0,M,,,,1.5,0.3,8,1.1,nan,3,,,,1.1,0.1,3
2022p349918,2022-05-10T11:16:43Z,-39.46,4.3,174.46,5.6,125.0,9.0,MLv,,,,2.2,0.2,6,2.7,nan,12,,,,2.7,0.2,12
2022p349943,2022-05-10T11:29:40Z,-45.02,6.5,167.45,8.8,105.0,8.0,M,,,,,,,1.9,nan,1,,,,1.9,nan,1
2022p349955,2022-05-10T11:36:10Z,-38.04,6.6,176.18,7.8,174.0,9.0,MLv,,,,,,,2.2,nan,2,,,,2.2,0.4,2
2022p349972,2022-05-10T11:45:42Z,-37.81,8.0,176.04,7.6,268.0,9.0,MLv,,,,,,,,,,,,,4.1,0.6,106
2022p350055,2022-05-10T12:29:33Z,-39.12,8.1,175.29,6.1,89.0,9.0,MLv,,,,1.9,0.5,8,1.7,nan,3,,,,1.7,1.0,3
2022p350070,2022-05-10T12:37:35Z,-39.5,3.2,175.72,2.6,9.0,7.0,M,,,,1.7,0.3,13,1.8,nan,13,,,,1.8,0.3,13
2022p350083,2022-05-10T12:45:09Z,-38.55,2.6,176.2,2.4,4.0,3.0,M,,,,1.9,0.2,13,1.8,nan,10,,,,1.8,0.2,10
2022p350084,2022-05-10T12:46:14Z,-38.56,2.6,176.21,2.4,4.0,3.0,MLv,,,,2.2,0.3,10,2.1,nan,12,,,,2.1,0.2,12
2022p350096,2022-05-10T12:51:26Z,-38.56,3.1,176.21,2.6,3.0,3.0,MLv,,,,1.7,0.3,10,1.6,nan,7,,,,1.6,0.4,7
2022p350140,2022-05-10T13:14:52Z,-40.52,4.5,176.64,6.1,13.0,7.0,M,,,,2.0,0.2,10,2.0,nan,6,,,,2.0,0.3,6
2022p350179,2022-05-10T13:35:32Z,-38.55,2.7,176.2,3.0,4.0,3.0,M,,,,1.7,0.3,10,1.6,nan,9,,,,1.6,0.3,9
2022p350227,2022-05-10T14:01:04Z,-42.09,3.3,172.93,3.7,33.0,6.0,M,,,,2.2,0.3,8,2.2,nan,4,,,,2.2,0.4,4
2022p350295,2022-05-10T14:37:23Z,-40.59,2.6,175.84,2.4,21.0,5.0,MLv,,,,2.0,0.3,11,,,,,,,2.0,0.2,10
2022p350433,2022-05-10T15:51:09Z,-39.98,4.0,177.18,7.9,10.0,7.0,M,,,,1.8,0.3,8,1.6,nan,4,,,,1.6,0.3,4
2022p350461,2022-05-10T16:06:06Z,-39.69,3.8,176.8,4.7,38.0,7.0,MLv,,,,1.8,0.3,10,1.7,nan,4,,,,1.7,0.3,4
2022p350534,2022-05-10T16:44:24Z,-37.92,14.7,176.52,11.0,112.0,13.0,M,,,,2.2,0.4,7,1.6,nan,3,,,,1.6,0.4,3
2022p350619,2022-05-10T17:30:07Z,-40.59,3.5,175.87,3.3,26.0,8.0,MLv,,,,1.1,0.4,7,0.8,nan,2,,,,0.8,0.3,2
2022p351067,2022-05-10T21:29:09Z,-41.25,2.9,175.23,2.9,17.0,7.0,M,,,,1.5,0.2,7,1.3,nan,6,,,,1.3,0.2,6
2022p351125,2022-05-10T21:59:49Z,-41.36,2.8,172.36,3.0,5.0,0.0,MLv,,,,2.3,0.2,10,2.1,nan,2,,,,2.1,0.1,2
2022p351145,2022-05-10T22:09:21Z,-48.24,7.3,165.26,6.9,33.0,0.0,MLv,,,,4.7,0.2,11,,,,,,,4.9,0.2,13
2022p351209,2022-05-10T22:44:36Z,-38.32,6.1,176.18,13.5,152.0,13.0,MLv,,,,2.0,0.5,5,,,,,,,2.9,0.5,6
2022p351292,2022-05-10T23:28:40Z,-40.13,2.2,174.96,3.5,13.0,5.0,M,,,,2.2,0.2,22,2.0,nan,7,,,,2.0,0.1,7
2022p351339,2022-05-10T23:53:45Z,-38.48,3.1,176.18,3.4,4.0,4.0,M,,,,1.9,0.2,10,1.9,nan,10,,,,1.9,0.2,10
2022p351340,2022-05-10T23:54:11Z,-39.51,3.2,175.7,4.5,11.0,8.0,M,,,,1.7,0.3,9,1.7,nan,7,,,,1.7,0.3,7
2022p351364,2022-05-11T00:06:54Z,-39.74,3.4,176.8,4.6,32.0,8.0,M,,,,1.6,0.3,12,1.7,nan,5,,,,1.7,0.2,5
2022p351429,2022-05-11T00:41:40Z,-40.16,4.3,174.88,3.9,44.0,12.0,MLv,,,,2.3,0.4,11,2.1,nan,3,,,,2.1,0.3,3
2022p351514,2022-05-11T01:26:41Z,-44.71,5.4,168.18,4.6,71.0,9.0,M,,,,2.3,0.2,8,1.6,nan,1,,,,1.6,nan,1
2022p351590,2022-05-11T02:07:32Z,-41.8,3.6,172.67,4.1,61.0,8.0,M,,,,2.2,0.3,11,2.2,nan,3,,,,2.2,0.7,3
2022p351627,2022-05-11T02:27:08Z,-39.31,10.7,175.08,4.8,12.0,0.0,M,,,,1.6,0.3,6,1.5,nan,1,,,,1.5,nan,1
2022p351640,2022-05-11T02:34:05Z,-37.85,7.4,176.39,6.9,153.0,12.0,M,,,,,,,2.2,nan,6,,,,2.2,0.2,6
2022p351736,2022-05-11T03:25:06Z,-35.19,34.5,179.45,35.3,204.0,42.0,MLv,,,,3.5,0.2,8,3.3,nan,1,,,,3.3,nan,1
2022p351939,2022-05-11T05:13:34Z,-40.04,2.4,176.49,3.4,34.0,5.0,M,,,,1.9,0.2,13,1.9,nan,10,,,,1.9,0.2,10
2022p352070,2022-05-11T06:23:13Z,-41.54,3.4,175.19,5.0,12.0,6.0,M,,,,2.3,0.3,10,1.6,nan,7,,,,1.6,0.3,7
2022p352071,2022-05-11T06:23:42Z,-41.55,2.8,175.19,2.8,13.0,4.0,M,,,,2.3,0.2,17,2.3,nan,15,,,,2.3,0.2,15
2022p352092,2022-05-11T06:34:37Z,-42.98,2.6,171.76,2.3,5.0,0.0,M,,,,2.1,0.2,7,1.9,nan,2,,,,1.9,0.1,2
2022p352147,2022-05-11T07:04:14Z,-40.3,2.7,176.48,2.6,14.0,5.0,M,,,,1.8,0.1,12,1.6,nan,7,,,,1.6,0.2,7
2022p352276,2022-05-11T08:12:46Z,-38.78,5.9,175.94,6.2,42.0,19.0,M,,,,1.8,0.3,11,1.6,nan,3,,,,1.6,0.4,3
2022p352294,2022-05-11T08:22:42Z,-40.62,3.4,176.28,3.9,24.0,7.0,M,,,,1.4,0.2,8,1.3,nan,3,,,,1.3,0.0,3
2022p352314,2022-05-11T08:33:15Z,-40.48,3.3,176.42,4.2,20.0,6.0,M,,,,1.4,0.2,9,1.3,nan,3,,,,1.3,0.2,3
2022p352416,2022-05-11T09:27:36Z,-38.73,7.9,175.59,9.0,136.0,12.0,M,,,,2.0,0.3,7,2.4,nan,2,,,,2.4,0.7,2
2022p352500,2022-05-11T10:12:04Z,-40.24,2.9,176.69,3.7,19.0,4.0,MLv,,,,1.6,0.2,13,,,,,,,1.5,0.2,4
2022p352587,2022-05-11T10:58:43Z,-39.34,3.9,177.53,4.0,24.0,8.0,M,,,,2.2,0.2,13,2.3,nan,7,,,,2.3,0.1,7
2022p352605,2022-05-11T11:08:05Z,-40.6,3.7,175.86,3.7,26.0,8.0,MLv,,,,1.0,0.1,7,1.1,nan,3,,,,1.1,0.3,3
2022p352619,2022-05-11T11:15:43Z,-38.6,6.2,175.76,9.0,105.0,13.0,M,,,,1.9,0.4,7,1.9,nan,3,,,,1.9,0.5,3
2022p352625,2022-05-11T11:18:35Z,-36.84,28.2,176.46,35.0,260.0,25.0,M,,,,,,,2.5,nan,1,,,,2.5,nan,1
2022p352668,2022-05-11T11:41:38Z,-41.56,3.0,175.18,2.6,15.0,4.0,M,,,,2.5,0.2,14,2.6,nan,18,,,,2.6,0.2,18
2022p352692,2022-05-11T11:54:37Z,-41.54,3.6,175.17,2.8,11.0,7.0,MLv,,,,2.0,0.2,6,2.3,nan,14,,,,2.3,0.2,14
2022p352697,2022-05-11T11:57:21Z,-41.54,2.9,175.18,3.0,12.0,5.0,M,,,,2.1,0.2,12,2.2,nan,12,,,,2.2,0.2,12
2022p352699,2022-05-11T11:58:11Z,-41.54,3.8,175.17,2.9,11.0,7.0,MLv,,,,2.3,0.2,6,,,,,,,2.5,0.2,17
2022p352723,2022-05-11T12:11:20Z,-39.36,14.0,175.09,6.5,112.0,11.0,MLv,,,,1.1,0.3,5,2.3,nan,5,,,,2.3,0.3,5
2022p352739,2022-05-11T12:19:51Z,-44.87,2.9,168.72,2.7,5.0,0.0,MLv,,,,2.2,0.2,8,1.9,nan,2,,,,1.9,0.3,2
2022p352775,2022-05-11T12:38:42Z,-41.24,3.2,174.74,3.1,29.0,4.0,MLv,,,,1.6,0.3,6,2.1,nan,10,,,,2.1,0.6,10
2022p352806,2022-05-11T12:55:09Z,-44.87,3.0,168.72,2.7,5.0,0.0,M,,,,2.4,0.2,9,2.3,nan,4,,,,2.3,0.3,4
2022p352840,2022-05-11T13:13:30Z,-37.38,14.5,176.6,17.5,173.0,19.0,MLv,,,,,,,2.3,nan,3,,,,2.3,0.4,3
2022p352915,2022-05-11T13:53:34Z,-41.95,2.8,173.69,2.7,5.0,0.0,MLv,,,,1.5,0.3,7,1.4,nan,4,,,,1.4,0.3,4
2022p352924,2022-05-11T13:58:03Z,-45.02,4.1,167.15,5.1,12.0,0.0,M,,,,2.7,0.3,10,2.4,nan,3,,,,2.4,0.4,3
2022p352953,2022-05-11T14:13:29Z,-40.73,5.0,173.84,4.5,84.0,9.0,MLv,,,,2.0,0.2,8,,,,,,,2.2,0.2,9
2022p353061,2022-05-11T15:10:57Z,-39.23,2.8,175.36,2.9,16.0,5.0,MLv,,,,1.0,0.3,11,,,,,,,0.9,0.3,6
2022p353089,2022-05-11T15:26:17Z,-41.71,3.6,174.3,4.5,14.0,6.0,M,,,,1.5,0.3,10,1.6,nan,4,,,,1.6,0.3,4
2022p353107,2022-05-11T15:36:04Z,-39.9,6.0,173.92,6.9,127.0,12.0,M,,,,,,,2.1,nan,6,,,,2.1,0.2,6
2022p353220,2022-05-11T16:35:38Z,-39.1,4.2,174.56,2.7,17.0,6.0,M,,,,2.0,0.3,12,2.2,nan,6,,,,2.2,0.4,6
2022p353236,2022-05-11T16:44:22Z,-39.9,2.0,176.87,3.2,23.0,4.0,MLv,,,,3.2,0.2,13,,,,,,,2.9,0.2,47
2022p353246,2022-05-11T16:49:49Z,-39.9,3.1,176.88,6.2,23.0,6.0,M,,,,1.5,0.2,10,1.3,nan,5,,,,1.3,0.2,5
2022p353275,2022-05-11T17:05:09Z,-39.89,2.7,176.87,4.1,21.0,5.0,M,,,,2.1,0.2,15,2.0,nan,12,,,,2.0,0.1,12
2022p353278,2022-05-11T17:06:44Z,-40.61,3.9,176.28,4.3,22.0,7.0,M,,,,1.1,0.4,8,0.9,nan,4,,,,0.9,0.2,4
2022p353281,2022-05-11T17:08:16Z,-38.9,2.3,177.52,2.1,21.0,4.0,MLv,,,,3.0,0.2,18,,,,,,,2.8,0.2,35
2022p353354,2022-05-11T17:47:13Z,-40.61,1.8,175.74,2.2,21.0,5.0,MLv,,,,3.1,0.2,12,,,,,,,3.1,0.2,32
2022p353378,2022-05-11T17:59:49Z,-42.04,3.2,173.81,6.1,8.0,6.0,M,,,,1.6,0.2,6,1.4,nan,4,,,,1.4,0.3,4
2022p353421,2022-05-11T18:23:02Z,-38.97,4.4,177.79,4.3,21.0,7.0,M,,,,1.6,0.3,8,1.5,nan,3,,,,1.5,0.1,3
2022p353428,2022-05-11T18:25:10Z,-33.16,7.3,-178.13,16.4,33.0,0.0,mB,4.9,0.3,19,4.7,0.2,13,,,,4.1,0.4,6,4.8,0.1,10
2022p353427,2022-05-11T18:26:22Z,-38.76,2.4,175.99,2.5,5.0,0.0,MLv,,,,1.7,0.3,14,,,,,,,1.6,0.2,6
2022p353445,2022-05-11T18:35:58Z,-42.36,2.5,173.02,3.2,5.0,0.0,M,,,,2.0,0.3,8,2.1,nan,2,,,,2.1,0.1,2
2022p353537,2022-05-11T19:24:39Z,-40.15,2.0,175.93,3.4,20.0,5.0,MLv,,,,2.4,0.3,17,,,,,,,2.5,0.2,30
2022p353574,2022-05-11T19:44:35Z,-41.56,3.4,174.38,3.5,17.0,6.0,M,,,,1.7,0.2,8,1.6,nan,7,,,,1.6,0.2,7
2022p353613,2022-05-11T20:05:04Z,-38.81,4.0,176.0,3.0,5.0,0.0,MLv,,,,1.5,0.3,6,1.5,nan,3,,,,1.5,0.1,3
2022p353648,2022-05-11T20:23:49Z,-40.59,3.5,175.75,2.9,23.0,6.0,M,,,,2.2,0.2,9,2.2,nan,9,,,,2.2,0.1,9
2022p353678,2022-05-11T20:39:53Z,-40.6,2.7,175.75,2.9,20.0,4.0,MLv,,,,1.8,0.2,15,2.0,nan,11,,,,2.0,0.2,11
2022p353680,2022-05-11T20:40:53Z,-40.6,3.5,175.75,2.8,24.0,6.0,M,,,,1.8,0.3,8,1.8,nan,6,,,,1.8,0.2,6
2022p353725,2022-05-11T21:04:49Z,-39.58,3.4,175.67,2.8,13.0,8.0,MLv,,,,1.4,0.3,13,1.5,nan,8,,,,1.5,0.2,8
2022p353754,2022-05-11T21:20:23Z,-41.55,4.3,175.15,4.4,12.0,7.0,M,,,,1.6,0.3,9,1.7,nan,7,,,,1.7,0.2,7
2022p353852,2022-05-11T22:12:23Z,-39.79,4.6,176.72,5.6,27.0,13.0,M,,,,1.5,0.2,6,1.5,nan,5,,,,1.5,0.2,5
2022p353860,2022-05-11T22:17:06Z,-41.68,3.0,174.29,3.8,12.0,6.0,M,,,,1.5,0.3,8,1.1,nan,3,,,,1.1,0.3,3
2022p353899,2022-05-11T22:38:34Z,-40.11,3.6,176.35,4.6,39.0,10.0,M,,,,1.0,0.3,6,1.0,nan,3,,,,1.0,0.5,3
2022p353911,2022-05-11T22:44:03Z,-39.93,3.4,176.69,3.6,34.0,7.0,M,,,,1.5,0.3,8,1.4,nan,7,,,,1.4,0.2,7
2022p353970,2022-05-11T23:15:40Z,-38.78,2.3,175.98,2.4,5.0,0.0,M,,,,2.3,0.3,25,2.5,nan,30,,,,2.5,0.2,30
2022p354115,2022-05-12T00:32:56Z,-41.63,5.8,174.44,4.4,35.0,9.0,M,,,,1.7,0.2,6,1.9,nan,5,,,,1.9,0.1,5
2022p354157,2022-05-12T00:55:07Z,-39.95,4.2,176.73,4.3,33.0,7.0,M,,,,1.6,0.2,8,1.6,nan,7,,,,1.6,0.2,7
2022p354168,2022-05-12T01:00:49Z,-38.17,7.6,176.06,8.4,141.0,13.0,M,,,,2.1,0.2,7,2.5,nan,9,,,,2.5,0.3,9
2022p354382,2022-05-12T02:54:49Z,-38.77,3.5,175.99,4.3,5.0,0.0,MLv,,,,1.6,0.4,6,,,,,,,1.8,0.5,5
2022p354407,2022-05-12T03:08:25Z,-42.27,4.1,174.43,4.3,33.0,0.0,MLv,,,,2.1,0.3,7,,,,,,,2.2,0.2,5
2022p354472,2022-05-12T03:43:08Z,-39.97,3.0,175.2,3.5,29.0,5.0,M,,,,1.8,0.2,13,1.9,nan,6,,,,1.9,0.2,6
2022p354491,2022-05-12T03:53:02Z,-45.28,3.8,167.18,4.0,25.0,5.0,MLv,,,,3.6,0.2,6,4.1,nan,21,,,,4.1,0.2,21
2022p354590,2022-05-12T04:45:34Z,-44.59,4.2,168.19,4.4,68.0,7.0,M,,,,2.5,0.2,10,1.9,nan,2,,,,1.9,0.5,2
2022p354636,2022-05-12T05:10:11Z,-40.6,2.8,175.75,2.7,20.0,5.0,M,,,,1.5,0.2,12,1.5,nan,6,,,,1.5,0.2,6
2022p354716,2022-05-12T05:52:50Z,-42.07,2.8,173.73,2.5,5.0,0.0,MLv,,,,1.5,0.3,7,1.2,nan,1,,,,1.2,nan,1
2022p354735,2022-05-12T06:03:08Z,-41.66,3.0,174.2,3.8,14.0,7.0,MLv,,,,2.2,0.1,6,,,,,,,2.3,0.2,9
2022p354750,2022-05-12T06:11:04Z,-40.11,3.2,176.38,4.8,44.0,8.0,M,,,,1.6,0.3,12,1.3,nan,7,,,,1.3,0.4,7
2022p354783,2022-05-12T06:27:53Z,-33.36,29.9,179.55,35.0,310.0,46.0,mB,4.5,0.2,6,,,,,,,3.7,0.4,2,4.2,0.1,7
2022p354803,2022-05-12T06:39:23Z,-39.8,2.6,176.54,4.0,23.0,8.0,M,,,,1.5,0.3,11,1.3,nan,7,,,,1.3,0.2,7
2022p354844,2022-05-12T07:01:12Z,-39.06,4.4,177.76,3.6,17.0,5.0,M,,,,1.8,0.3,11,1.8,nan,3,,,,1.8,0.2,3
2022p354861,2022-05-12T07:10:24Z,-37.85,11.1,179.68,7.4,12.0,0.0,M,,,,2.6,0.2,12,2.6,nan,2,,,,2.6,0.3,2
2022p354880,2022-05-12T07:20:13Z,-39.98,3.3,176.82,4.5,6.0,8.0,M,,,,1.6,0.3,11,1.6,nan,7,,,,1.6,0.2,7
2022p354892,2022-05-12T07:27:22Z,-39.53,4.4,174.59,8.2,131.0,9.0,MLv,,,,,,,,,,,,,2.1,0.3,4
2022p354945,2022-05-12T07:56:04Z,-40.02,3.8,176.52,4.8,33.0,9.0,M,,,,1.2,0.3,10,1.1,nan,4,,,,1.1,0.3,4
2022p354997,2022-05-12T08:22:31Z,-38.66,5.4,178.55,7.9,27.0,7.0,M,,,,2.2,0.1,13,2.2,nan,5,,,,2.2,0.2,5
2022p355007,2022-05-12T08:27:55Z,-40.47,4.5,174.93,4.3,25.0,7.0,M,,,,1.6,0.1,12,1.7,nan,5,,,,1.7,0.1,5
2022p355044,2022-05-12T08:47:58Z,-40.22,3.5,176.26,3.7,36.0,5.0,M,,,,1.6,0.2,13,1.6,nan,7,,,,1.6,0.2,7
2022p355197,2022-05-12T10:08:24Z,-35.91,17.8,178.6,18.1,184.0,23.0,MLv,,,,3.1,0.2,11,3.2,nan,3,,,,3.2,0.5,3
2022p355196,2022-05-12T10:08:45Z,-39.75,2.8,175.18,3.8,8.0,5.0,M,,,,1.6,0.3,12,1.8,nan,4,,,,1.8,0.3,4
2022p355215,2022-05-12T10:18:48Z,-40.6,2.6,175.48,2.6,25.0,5.0,MLv,,,,1.7,0.3,13,,,,,,,1.7,0.2,6
2022p355257,2022-05-12T10:41:00Z,-42.37,3.7,173.81,5.0,9.0,5.0,MLv,,,,1.9,0.3,9,1.9,nan,4,,,,1.9,0.6,4
2022p355332,2022-05-12T11:21:02Z,-37.86,4.9,176.95,3.8,4.0,4.0,M,,,,2.0,0.3,13,2.2,nan,12,,,,2.2,0.1,12
2022p355355,2022-05-12T11:33:16Z,-37.59,7.0,178.59,10.6,24.0,5.0,M,,,,2.2,0.2,9,2.3,nan,6,,,,2.3,0.3,6
2022p355389,2022-05-12T11:51:28Z,-41.47,3.2,175.18,3.1,19.0,4.0,M,,,,1.7,0.2,12,1.8,nan,9,,,,1.8,0.3,9
2022p355407,2022-05-12T12:01:01Z,-39.69,2.1,175.67,3.1,11.0,5.0,MLv,,,,1.6,0.3,14,1.7,nan,6,,,,1.7,0.3,6
2022p355457,2022-05-12T12:28:42Z,-39.83,2.8,176.7,3.5,34.0,7.0,MLv,,,,2.1,0.2,9,,,,,,,2.1,0.1,8
2022p355525,2022-05-12T13:04:06Z,-41.26,4.2,174.65,2.7,26.0,4.0,MLv,,,,1.5,0.2,14,,,,,,,1.6,0.2,6
2022p355537,2022-05-12T13:10:23Z,-43.55,2.4,172.71,2.1,4.0,2.0,ML,,,,1.6,0.3,9,1.6,nan,1,,,,1.6,nan,1
2022p355543,2022-05-12T13:13:46Z,-43.21,3.1,171.04,2.3,5.0,0.0,M,,,,1.9,0.2,6,2.2,nan,2,,,,2.2,0.5,2
2022p355549,2022-05-12T13:17:03Z,-41.31,5.2,174.63,2.8,25.0,5.0,MLv,,,,1.4,0.2,9,1.5,nan,5,,,,1.5,0.2,5
2022p355576,2022-05-12T13:31:04Z,-37.48,12.7,179.95,9.7,33.0,0.0,MLv,,,,2.8,0.2,12,2.8,nan,5,,,,2.8,0.1,5
2022p355613,2022-05-12T13:50:57Z,-38.17,12.0,175.87,20.5,174.0,15.0,M,,,,,,,2.1,nan,3,,,,2.1,0.9,3
2022p355650,2022-05-12T14:10:49Z,-38.86,2.4,175.98,2.6,5.0,3.0,MLv,,,,1.6,0.2,14,,,,,,,1.7,0.2,15
2022p355790,2022-05-12T15:25:21Z,-43.9,3.1,169.02,2.7,5.0,0.0,ML,,,,2.2,0.3,5,3.0,nan,1,,,,3.0,nan,1
2022p355803,2022-05-12T15:31:50Z,-39.81,2.5,176.55,3.0,23.0,6.0,M,,,,1.1,0.4,10,1.7,nan,1,,,,1.7,nan,1
2022p355899,2022-05-12T16:23:08Z,-42.78,2.1,172.24,2.4,4.0,3.0,MLv,,,,1.9,0.2,10,1.7,nan,3,,,,1.7,0.5,3
2022p355905,2022-05-12T16:26:15Z,-44.52,6.3,167.06,7.6,0.0,0.0,MLv,,,,2.6,0.2,7,,,,,,,2.6,nan,1
2022p355925,2022-05-12T16:37:01Z,-38.58,5.4,175.89,5.8,97.0,10.0,M,,,,1.5,0.3,7,2.1,nan,5,,,,2.1,0.8,5
2022p355985,2022-05-12T17:08:48Z,-38.89,4.4,178.0,6.4,23.0,6.0,MLv,,,,1.8,0.3,9,1.8,nan,5,,,,1.8,0.3,5
2022p356087,2022-05-12T18:03:33Z,-38.24,5.3,177.64,4.4,53.0,9.0,MLv,,,,1.8,0.3,9,1.7,nan,7,,,,1.7,0.3,7
2022p356108,2022-05-12T18:14:37Z,-41.22,2.4,175.2,2.6,18.0,5.0,MLv,,,,1.7,0.2,13,,,,,,,1.8,0.2,11
2022p356129,2022-05-12T18:25:40Z,-39.51,3.6,175.71,4.1,9.0,8.0,M,,,,1.1,0.3,10,0.9,nan,2,,,,0.9,0.5,2
2022p356183,2022-05-12T18:54:45Z,-40.95,3.0,175.08,2.9,24.0,5.0,MLv,,,,1.5,0.2,12,,,,,,,1.3,0.3,6
2022p356201,2022-05-12T19:04:00Z,-42.06,3.9,172.89,3.7,32.0,9.0,MLv,,,,1.8,0.2,8,1.7,nan,3,,,,1.7,0.4,3
2022p356306,2022-05-12T20:00:06Z,-39.91,2.9,176.72,3.8,27.0,6.0,MLv,,,,2.2,0.2,12,,,,,,,2.1,0.1,16
2022p356385,2022-05-12T20:42:20Z,-38.05,10.7,176.41,11.1,139.0,13.0,M,,,,,,,2.3,nan,7,,,,2.3,0.6,7
2022p356409,2022-05-12T20:54:45Z,-41.3,4.5,173.71,3.3,45.0,6.0,MLv,,,,1.7,0.3,8,1.8,nan,3,,,,1.8,0.5,3
2022p356427,2022-05-12T21:04:22Z,-39.71,3.0,176.92,4.3,39.0,5.0,M,,,,1.6,0.3,11,1.5,nan,9,,,,1.5,0.5,9
2022p356459,2022-05-12T21:22:04Z,-40.6,3.3,175.38,3.4,19.0,6.0,M,,,,1.7,0.3,9,2.0,nan,6,,,,2.0,0.3,6
2022p356590,2022-05-12T22:31:29Z,-38.46,7.6,176.08,13.3,155.0,11.0,M,,,,,,,2.4,nan,1,,,,2.4,nan,1
2022p356641,2022-05-12T22:58:47Z,-39.59,3.5,176.87,3.5,16.0,6.0,M,,,,1.6,0.3,12,1.6,nan,3,,,,1.6,0.2,3
2022p356709,2022-05-12T23:34:53Z,-39.77,2.9,176.59,3.3,25.0,8.0,MLv,,,,1.2,0.5,6,1.0,nan,5,,,,1.0,0.3,5
2022p356807,2022-05-13T00:27:03Z,-39.46,6.1,174.42,5.9,190.0,9.0,MLv,,,,,,,2.6,nan,17,,,,2.6,0.2,17
2022p356855,2022-05-13T00:52:54Z,-39.7,3.5,176.78,4.7,30.0,8.0,MLv,,,,1.3,0.4,9,1.2,nan,4,,,,1.2,0.2,4
2022p356908,2022-05-13T01:20:54Z,-41.61,4.8,172.48,4.8,69.0,8.0,M,,,,1.9,0.3,8,2.0,nan,3,,,,2.0,0.9,3
2022p357102,2022-05-13T03:04:16Z,-41.54,3.5,174.44,2.6,40.0,5.0,M,,,,2.1,0.2,17,2.2,nan,13,,,,2.2,0.2,13
2022p357174,2022-05-13T03:42:47Z,-40.58,2.8,175.89,3.2,23.0,5.0,MLv,,,,1.3,0.2,11,,,,,,,1.3,0.3,6
2022p357189,2022-05-13T03:50:31Z,-44.45,5.3,167.01,7.9,5.0,0.0,MLv,,,,2.9,0.2,9,2.8,nan,1,,,,2.8,nan,1
2022p357216,2022-05-13T04:04:56Z,-44.62,6.6,167.3,11.7,5.0,0.0,MLv,,,,2.6,0.2,7,,,,,,,2.5,0.3,5
2022p357223,2022-05-13T04:08:43Z,-39.65,6.2,174.21,6.2,179.0,8.0,M,,,,2.3,0.2,13,2.6,nan,15,,,,2.6,0.2,15
2022p357301,2022-05-13T04:50:02Z,-43.52,4.2,168.62,4.6,12.0,0.0,MLv,,,,3.0,0.1,10,,,,,,,3.1,0.2,7
2022p357447,2022-05-13T06:07:57Z,-39.97,2.8,174.97,4.0,29.0,4.0,MLv,,,,2.1,0.2,14,2.2,nan,17,,,,2.2,0.3,17
2022p357519,2022-05-13T06:45:41Z,-33.38,23.2,-179.93,61.8,300.0,0.0,M,4.3,nan,1,3.7,0.2,7,3.9,nan,1,3.5,0.4,2,3.9,nan,1
2022p357592,2022-05-13T07:25:34Z,-37.83,7.5,176.22,7.8,179.0,9.0,MLv,,,,1.9,0.1,7,2.1,nan,6,,,,2.1,0.3,6
2022p357621,2022-05-13T07:40:28Z,-40.22,3.0,176.31,4.5,37.0,6.0,MLv,,,,1.3,0.3,9,1.2,nan,5,,,,1.2,0.3,5
2022p357788,2022-05-13T09:09:31Z,-37.96,10.8,176.36,10.6,144.0,13.0,M,,,,,,,1.5,nan,2,,,,1.5,0.2,2
2022p357810,2022-05-13T09:21:21Z,-41.78,3.6,173.23,4.0,61.0,9.0,M,,,,1.9,0.3,9,1.9,nan,3,,,,1.9,0.2,3
2022p357882,2022-05-13T09:59:41Z,-36.3,22.3,177.98,17.7,154.0,24.0,MLv,,,,2.6,0.1,9,2.7,nan,3,,,,2.7,0.3,3
2022p357927,2022-05-13T10:23:56Z,-39.99,4.0,176.6,3.2,29.0,7.0,M,,,,1.1,0.4,9,0.9,nan,2,,,,0.9,0.0,2
2022p357997,2022-05-13T11:01:11Z,-44.91,5.2,167.75,7.7,53.0,10.0,M,,,,2.2,0.2,6,1.7,nan,2,,,,1.7,0.5,2
2022p358194,2022-05-13T12:45:58Z,-41.06,6.1,174.34,3.6,49.0,8.0,MLv,,,,1.8,0.1,11,,,,,,,2.2,0.7,3
2022p358267,2022-05-13T13:25:08Z,-39.85,3.1,176.66,3.2,33.0,7.0,MLv,,,,1.5,0.2,9,1.5,nan,6,,,,1.5,0.3,6
2022p358297,2022-05-13T13:40:59Z,-37.88,5.4,177.27,4.3,46.0,8.0,M,,,,2.8,0.3,13,2.6,nan,39,,,,2.6,0.2,39
2022p358364,2022-05-13T14:16:32Z,-44.79,3.4,169.05,2.8,3.0,3.0,MLv,,,,2.4,0.1,11,2.7,nan,2,,,,2.7,0.0,2
2022p358377,2022-05-13T14:23:47Z,-36.18,20.2,178.43,21.1,134.0,35.0,MLv,,,,2.7,0.2,11,2.8,nan,3,,,,2.8,0.0,3
2022p358409,2022-05-13T14:40:38Z,-38.4,4.5,179.02,6.4,12.0,0.0,MLv,,,,2.2,0.2,9,2.5,nan,4,,,,2.5,0.2,4
2022p358493,2022-05-13T15:25:32Z,-37.79,8.4,176.41,7.6,147.0,13.0,MLv,,,,,,,2.2,nan,4,,,,2.2,0.2,4
2022p358514,2022-05-13T15:36:33Z,-37.05,3.9,178.69,9.5,5.0,0.0,MLv,,,,2.9,0.2,17,,,,,,,2.8,0.1,12
2022p358666,2022-05-13T16:57:40Z,-37.83,6.2,177.89,4.8,62.0,7.0,MLv,,,,1.8,0.2,12,,,,,,,1.9,0.3,5
2022p358875,2022-05-13T18:48:51Z,-37.28,6.2,177.57,7.0,32.0,10.0,MLv,,,,2.2,0.1,7,2.2,nan,3,,,,2.2,0.1,3
2022p359167,2022-05-13T21:24:32Z,-38.66,2.4,176.09,3.2,5.0,3.0,MLv,,,,1.8,0.3,6,,,,,,,1.8,0.3,6
2022p359171,2022-05-13T21:26:49Z,-38.67,3.2,176.09,2.8,4.0,4.0,M,,,,2.0,0.3,8,2.0,nan,7,,,,2.0,0.4,7
2022p359173,2022-05-13T21:27:53Z,-38.65,3.9,176.09,3.2,4.0,5.0,MLv,,,,2.1,0.2,7,1.9,nan,7,,,,1.9,0.3,7
2022p359177,2022-05-13T21:29:50Z,-38.67,2.3,176.08,2.9,4.0,3.0,MLv,,,,2.1,0.3,11,,,,,,,2.0,0.2,13
2022p359197,2022-05-13T21:40:25Z,-38.66,2.8,176.09,2.6,4.0,3.0,M,,,,1.9,0.3,6,1.9,nan,6,,,,1.9,0.4,6
2022p359200,2022-05-13T21:42:23Z,-38.65,2.4,176.09,3.6,4.0,3.0,MLv,,,,1.8,0.3,9,,,,,,,1.8,0.3,7
2022p359220,2022-05-13T21:52:41Z,-40.92,2.2,174.91,2.3,13.0,3.0,MLv,,,,2.1,0.2,15,,,,,,,2.2,0.2,10
2022p359221,2022-05-13T21:53:40Z,-41.18,5.9,172.96,6.7,102.0,9.0,M,,,,,,,2.2,nan,5,,,,2.2,0.6,5
2022p359274,2022-05-13T22:21:25Z,-44.01,3.2,169.33,2.8,5.0,0.0,MLv,,,,2.5,0.2,7,,,,,,,2.0,nan,1
2022p359301,2022-05-13T22:35:55Z,-41.51,3.9,174.43,2.6,5.0,0.0,M,,,,1.6,0.3,7,1.8,nan,4,,,,1.8,0.3,4
2022p359374,2022-05-13T23:14:47Z,-38.77,4.1,178.36,6.3,20.0,7.0,M,,,,2.1,0.2,12,2.1,nan,6,,,,2.1,0.2,6
2022p359401,2022-05-13T23:29:10Z,-39.24,3.8,177.4,3.6,25.0,7.0,MLv,,,,2.0,0.2,10,2.2,nan,3,,,,2.2,0.1,3
2022p359508,2022-05-14T00:25:58Z,-38.78,4.7,178.35,7.5,21.0,10.0,MLv,,,,1.9,0.2,7,2.1,nan,2,,,,2.1,0.1,2
2022p359525,2022-05-14T00:34:50Z,-37.05,10.5,179.01,11.3,12.0,0.0,MLv,,,,2.3,0.2,9,2.4,nan,5,,,,2.4,0.2,5
2022p359533,2022-05-14T00:39:14Z,-38.94,8.3,175.99,7.1,73.0,10.0,MLv,,,,1.5,0.3,9,,,,,,,1.9,0.2,2
2022p359650,2022-05-14T01:43:07Z,-38.33,2.9,176.23,5.1,6.0,10.0,M,,,,1.9,0.3,8,1.8,nan,9,,,,1.8,0.2,9
2022p359678,2022-05-14T01:56:44Z,-38.94,6.6,175.99,8.5,76.0,11.0,M,,,,1.6,0.3,10,1.9,nan,1,,,,1.9,nan,1
2022p359777,2022-05-14T02:49:38Z,-37.72,7.5,177.1,5.5,33.0,0.0,MLv,,,,2.1,0.2,8,2.1,nan,4,,,,2.1,0.3,4
2022p359859,2022-05-14T03:32:56Z,-39.35,5.2,175.92,4.2,47.0,9.0,M,,,,1.3,0.5,8,1.0,nan,4,,,,1.0,0.8,4
2022p359877,2022-05-14T03:42:55Z,-38.32,3.3,176.19,4.4,4.0,5.0,M,,,,1.5,0.2,8,1.6,nan,8,,,,1.6,0.2,8
2022p359959,2022-05-14T04:26:48Z,-37.15,11.5,177.0,10.2,124.0,13.0,MLv,,,,2.0,0.2,7,2.2,nan,3,,,,2.2,0.4,3
2022p360065,2022-05-14T05:22:51Z,-40.98,5.2,174.77,4.3,56.0,8.0,M,,,,1.7,0.2,10,1.8,nan,7,,,,1.8,0.4,7
2022p360070,2022-05-14T05:25:33Z,-38.16,6.0,176.11,6.5,131.0,9.0,MLv,,,,,,,2.1,nan,4,,,,2.1,0.3,4
2022p360090,2022-05-14T05:36:06Z,-40.93,6.4,173.93,4.4,51.0,9.0,M,,,,1.7,0.1,8,1.6,nan,2,,,,1.6,0.2,2
2022p360128,2022-05-14T05:56:32Z,-39.58,4.8,174.73,5.7,99.0,8.0,MLv,,,,2.1,0.2,7,2.1,nan,6,,,,2.1,0.2,6
2022p360348,2022-05-14T07:53:38Z,-40.2,5.9,178.52,7.2,12.0,0.0,M,,,,2.4,0.2,13,2.6,nan,3,,,,2.6,0.3,3
2022p360353,2022-05-14T07:56:02Z,-37.58,7.6,176.65,7.6,139.0,12.0,M,,,,2.3,0.2,9,2.4,nan,3,,,,2.4,0.0,3
2022p360397,2022-05-14T08:19:47Z,-40.53,4.9,173.51,6.0,131.0,8.0,MLv,,,,,,,2.4,nan,2,,,,2.4,0.2,2
2022p360422,2022-05-14T08:33:15Z,-40.54,2.6,175.03,3.3,3.0,3.0,M,,,,2.5,0.1,17,2.6,nan,25,,,,2.6,0.2,25
2022p360441,2022-05-14T08:43:15Z,-38.85,4.0,175.96,5.1,5.0,0.0,M,,,,1.5,0.3,6,1.5,nan,4,,,,1.5,0.2,4
2022p360459,2022-05-14T08:52:51Z,-38.01,3.7,177.96,4.2,18.0,6.0,M,,,,1.6,0.2,9,1.7,nan,3,,,,1.7,0.2,3
2022p360550,2022-05-14T09:41:03Z,-39.78,3.0,176.68,3.1,25.0,7.0,MLv,,,,2.2,0.3,10,2.2,nan,15,,,,2.2,0.2,15
2022p360579,2022-05-14T09:55:57Z,-35.08,26.7,179.01,22.9,197.0,36.0,MLv,,,,3.4,0.2,11,,,,,,,3.5,0.1,6
2022p360653,2022-05-14T10:36:18Z,-39.22,5.9,175.6,8.1,96.0,9.0,M,,,,0.8,0.2,7,0.9,nan,6,,,,0.9,0.4,6
2022p360719,2022-05-14T11:11:16Z,-40.62,2.6,176.24,2.8,22.0,5.0,MLv,,,,2.1,0.2,12,2.1,nan,12,,,,2.1,0.2,12
2022p360733,2022-05-14T11:18:53Z,-41.24,7.8,172.71,9.1,133.0,9.0,MLv,,,,1.6,0.3,6,1.9,nan,1,,,,1.9,nan,1
2022p360963,2022-05-14T13:21:28Z,-36.74,7.8,177.08,6.2,250.0,8.0,MLv,,,,,,,,,,,,,3.8,0.4,79
2022p361183,2022-05-14T15:18:49Z,-38.29,8.4,175.74,9.6,135.0,10.0,MLv,,,,,,,,,,,,,1.9,0.2,7
2022p361206,2022-05-14T15:31:01Z,-40.8,3.4,176.16,5.3,19.0,8.0,M,,,,1.3,0.2,10,1.0,nan,2,,,,1.0,0.3,2
2022p361248,2022-05-14T15:52:55Z,-37.01,9.4,177.49,7.3,122.0,16.0,MLv,,,,2.4,0.3,7,2.6,nan,12,,,,2.6,0.2,12
2022p361343,2022-05-14T16:43:42Z,-36.96,13.8,177.87,11.6,99.0,14.0,MLv,,,,2.0,0.2,7,1.8,nan,2,,,,1.8,0.6,2
2022p361370,2022-05-14T16:58:16Z,-41.66,4.0,174.17,5.5,11.0,8.0,M,,,,1.5,0.5,7,1.3,nan,1,,,,1.3,nan,1
2022p361393,2022-05-14T17:10:41Z,-39.82,3.2,176.06,4.9,26.0,6.0,MLv,,,,1.3,0.4,8,0.5,nan,1,,,,0.5,nan,1
2022p361430,2022-05-14T17:30:08Z,-39.25,2.9,176.82,3.5,31.0,7.0,MLv,,,,1.4,0.2,10,1.3,nan,5,,,,1.3,0.1,5
2022p361521,2022-05-14T18:18:38Z,-41.61,2.3,174.26,2.3,8.0,4.0,MLv,,,,2.3,0.2,12,,,,,,,2.3,0.2,12
2022p361540,2022-05-14T18:28:57Z,-39.16,3.9,177.35,3.0,11.0,6.0,MLv,,,,1.7,0.1,8,1.6,nan,3,,,,1.6,0.3,3
2022p361585,2022-05-14T18:52:49Z,-38.42,3.8,176.98,3.7,45.0,7.0,M,,,,2.5,0.3,17,2.5,nan,24,,,,2.5,0.3,24
2022p361594,2022-05-14T18:57:29Z,-40.6,3.8,175.84,3.7,27.0,6.0,MLv,,,,1.3,0.3,11,1.3,nan,5,,,,1.3,0.4,5
2022p361702,2022-05-14T19:55:17Z,-39.95,2.0,175.23,2.7,16.0,4.0,M,,,,2.0,0.1,15,2.1,nan,10,,,,2.1,0.2,10
2022p361705,2022-05-14T19:56:34Z,-39.89,3.2,176.61,3.2,36.0,7.0,M,,,,1.8,0.2,7,1.8,nan,7,,,,1.8,0.3,7
2022p361717,2022-05-14T20:03:10Z,-39.89,2.7,176.61,3.0,36.0,6.0,MLv,,,,2.8,0.2,12,,,,,,,2.7,0.2,31
2022p361737,2022-05-14T20:13:36Z,-40.87,3.3,174.68,2.8,26.0,4.0,MLv,,,,4.8,0.2,18,,,,,,,4.7,0.2,119
2022p361777,2022-05-14T20:35:07Z,-39.95,2.5,175.23,3.5,17.0,6.0,MLv,,,,1.9,0.2,13,1.8,nan,2,,,,1.8,0.2,2
2022p361827,2022-05-14T21:01:50Z,-39.51,2.1,175.71,2.5,5.0,0.0,MLv,,,,2.3,0.3,16,2.3,nan,27,,,,2.3,0.2,27
2022p361866,2022-05-14T21:23:05Z,-40.87,3.6,174.7,2.8,27.0,4.0,MLv,,,,2.9,0.2,19,,,,,,,2.8,0.2,29
2022p361890,2022-05-14T21:35:27Z,-40.88,5.9,174.66,2.9,24.0,8.0,M,,,,1.7,0.2,9,1.4,nan,2,,,,1.4,0.2,2
2022p361979,2022-05-14T22:22:45Z,-39.31,3.2,175.9,2.6,5.0,0.0,M,,,,1.2,0.3,6,1.2,nan,4,,,,1.2,0.4,4
2022p361996,2022-05-14T22:31:53Z,-40.35,3.1,176.17,3.7,24.0,4.0,MLv,,,,1.5,0.2,12,1.5,nan,7,,,,1.5,0.3,7
2022p362029,2022-05-14T22:50:28Z,-40.2,3.6,176.44,3.5,24.0,9.0,MLv,,,,1.1,0.3,6,1.1,nan,3,,,,1.1,0.1,3
2022p362069,2022-05-14T23:10:29Z,-40.54,2.6,175.91,3.1,20.0,5.0,M,,,,1.4,0.2,11,1.4,nan,5,,,,1.4,0.2,5
2022p362085,2022-05-14T23:18:55Z,-39.31,3.2,176.68,3.2,32.0,7.0,MLv,,,,2.0,0.4,11,2.1,nan,12,,,,2.1,0.3,12
2022p362127,2022-05-14T23:41:20Z,-39.56,3.2,176.93,3.4,23.0,5.0,MLv,,,,1.5,0.2,11,1.4,nan,5,,,,1.4,0.2,5
2022p362138,2022-05-14T23:47:33Z,-41.71,5.2,172.2,5.0,79.0,9.0,MLv,,,,2.2,0.2,12,,,,,,,2.2,0.1,2
2022p362160,2022-05-14T23:59:25Z,-40.15,2.7,175.27,3.2,5.0,0.0,MLv,,,,1.8,0.3,10,1.5,nan,4,,,,1.5,0.4,4
2022p362169,2022-05-15T00:03:57Z,-40.01,2.5,174.8,3.1,29.0,6.0,MLv,,,,2.3,0.2,19,2.2,nan,10,,,,2.2,0.2,10
2022p362261,2022-05-15T00:53:28Z,-39.67,4.7,174.49,5.3,106.0,8.0,MLv,,,,2.2,0.2,6,,,,,,,2.3,0.2,2
2022p362318,2022-05-15T01:23:10Z,-39.54,3.0,177.11,4.3,18.0,5.0,MLv,,,,1.7,0.3,11,1.7,nan,8,,,,1.7,0.2,8
2022p362319,2022-05-15T01:23:23Z,-38.04,9.0,176.1,9.5,161.0,10.0,MLv,,,,2.2,0.2,8,2.4,nan,2,,,,2.4,0.1,2
2022p362394,2022-05-15T02:04:01Z,-38.45,12.0,175.73,16.2,158.0,12.0,MLv,,,,1.7,0.3,6,1.4,nan,4,,,,1.4,0.2,4
2022p362435,2022-05-15T02:25:49Z,-42.98,2.5,171.76,2.8,5.0,0.0,M,,,,2.1,0.2,12,2.1,nan,2,,,,2.1,0.0,2
2022p362466,2022-05-15T02:42:21Z,-38.5,11.8,175.99,9.7,118.0,11.0,MLv,,,,,,,1.6,nan,2,,,,1.6,0.5,2
2022p362513,2022-05-15T03:07:08Z,-39.87,3.3,176.73,3.8,29.0,6.0,MLv,,,,1.3,0.3,10,1.3,nan,3,,,,1.3,0.4,3
2022p362516,2022-05-15T03:08:39Z,-37.75,9.1,176.5,10.6,139.0,11.0,M,,,,,,,1.7,nan,3,,,,1.7,0.4,3
2022p362570,2022-05-15T03:37:36Z,-38.67,4.6,176.73,4.4,41.0,11.0,MLv,,,,2.5,0.2,10,2.6,nan,30,,,,2.6,0.2,30
2022p362609,2022-05-15T03:58:16Z,-38.27,8.6,176.21,9.2,148.0,11.0,M,,,,2.2,0.5,13,3.6,nan,88,,,,3.6,0.4,88
2022p362615,2022-05-15T04:01:24Z,-41.12,2.7,175.41,3.2,21.0,8.0,MLv,,,,1.7,0.2,6,1.8,nan,11,,,,1.8,0.2,11
2022p362627,2022-05-15T04:08:09Z,-41.2,6.2,173.71,3.7,61.0,9.0,MLv,,,,1.9,0.4,7,1.9,nan,3,,,,1.9,0.4,3
2022p362697,2022-05-15T04:45:25Z,-38.79,2.2,176.02,3.0,5.0,0.0,MLv,,,,3.0,0.3,17,,,,,,,2.9,0.2,55
2022p362743,2022-05-15T05:09:53Z,-44.56,3.7,168.25,4.4,61.0,7.0,MLv,,,,2.5,0.2,7,,,,,,,2.7,0.4,4
2022p362809,2022-05-15T05:44:41Z,-39.51,4.4,175.7,3.5,12.0,8.0,MLv,,,,1.9,0.3,10,2.0,nan,12,,,,2.0,0.2,12
2022p362836,2022-05-15T05:59:10Z,-44.01,3.2,169.34,2.9,5.0,0.0,M,,,,2.3,0.1,8,2.2,nan,1,,,,2.2,nan,1
2022p363018,2022-05-15T07:36:06Z,-38.18,5.2,178.58,8.2,34.0,8.0,M,,,,2.0,0.2,9,2.1,nan,5,,,,2.1,0.4,5
2022p363025,2022-05-15T07:39:51Z,-40.87,4.4,174.66,3.0,27.0,6.0,M,,,,1.9,0.1,7,1.9,nan,7,,,,1.9,0.3,7
2022p363060,2022-05-15T07:58:43Z,-41.12,2.4,175.42,2.6,21.0,6.0,M,,,,1.3,0.2,8,1.1,nan,5,,,,1.1,0.2,5
2022p363063,2022-05-15T08:00:23Z,-42.18,2.4,173.58,2.6,5.0,0.0,MLv,,,,2.2,0.2,9,2.2,nan,7,,,,2.2,0.1,7
2022p363240,2022-05-15T09:34:20Z,-39.97,2.5,176.56,2.8,18.0,7.0,MLv,,,,1.5,0.3,7,1.5,nan,6,,,,1.5,0.3,6
2022p363257,2022-05-15T09:43:23Z,-41.67,3.4,174.23,4.4,13.0,7.0,MLv,,,,1.9,0.2,6,,,,,,,1.8,0.2,6
2022p363291,2022-05-15T10:01:37Z,-41.65,4.5,174.54,2.8,20.0,6.0,MLv,,,,1.8,0.1,8,1.9,nan,6,,,,1.9,0.3,6
2022p363363,2022-05-15T10:39:49Z,-39.27,3.4,176.4,3.5,38.0,7.0,MLv,,,,2.0,0.4,13,2.0,nan,14,,,,2.0,0.3,14
2022p363394,2022-05-15T10:56:36Z,-38.81,2.9,176.04,3.4,5.0,4.0,MLv,,,,1.5,0.2,10,1.6,nan,7,,,,1.6,0.2,7
2022p363453,2022-05-15T11:28:07Z,-38.57,12.7,175.92,9.1,107.0,15.0,M,,,,1.8,0.2,10,2.3,nan,9,,,,2.3,0.2,9
2022p363456,2022-05-15T11:29:21Z,-37.62,5.5,177.33,5.9,98.0,8.0,MLv,,,,2.4,0.2,8,2.6,nan,20,,,,2.6,0.2,20
2022p363482,2022-05-15T11:43:15Z,-37.81,5.7,177.07,4.3,43.0,9.0,MLv,,,,2.0,0.3,13,2.1,nan,7,,,,2.1,0.3,7
2022p363593,2022-05-15T12:42:48Z,-36.6,25.8,177.41,17.8,188.0,25.0,M,,,,,,,3.0,nan,2,,,,3.0,0.6,2
2022p363596,2022-05-15T12:44:07Z,-40.59,2.0,175.87,2.3,25.0,5.0,MLv,,,,2.5,0.3,12,2.5,nan,25,,,,2.5,0.2,25
2022p363633,2022-05-15T13:04:08Z,-36.99,9.1,177.54,8.0,126.0,14.0,MLv,,,,2.2,0.1,8,2.3,nan,2,,,,2.3,0.1,2
2022p363682,2022-05-15T13:29:57Z,-38.35,2.7,177.13,2.4,29.0,4.0,M,,,,2.2,0.3,26,2.3,nan,22,,,,2.3,0.2,22
2022p363869,2022-05-15T15:09:38Z,-42.02,3.4,174.26,3.9,22.0,5.0,MLv,,,,2.5,0.1,6,,,,,,,2.6,0.2,14
2022p363874,2022-05-15T15:12:35Z,-38.62,7.7,175.48,9.7,227.0,9.0,M,,,,,,,2.2,nan,6,,,,2.2,0.2,6
2022p363914,2022-05-15T15:33:50Z,-38.56,4.1,177.65,3.6,46.0,7.0,M,,,,1.6,0.2,13,1.5,nan,6,,,,1.5,0.3,6
2022p363929,2022-05-15T15:41:45Z,-39.81,2.8,177.19,5.9,16.0,4.0,MLv,,,,2.0,0.2,11,,,,,,,2.0,0.2,8
2022p364037,2022-05-15T16:38:58Z,-40.57,3.0,176.44,3.1,14.0,5.0,MLv,,,,3.1,0.1,13,,,,,,,2.9,0.2,31
2022p364057,2022-05-15T16:49:59Z,-41.33,4.0,172.98,3.7,72.0,7.0,MLv,,,,1.8,0.3,7,2.0,nan,3,,,,2.0,0.4,3
2022p364106,2022-05-15T17:16:18Z,-41.22,7.4,172.67,6.6,130.0,7.0,M,,,,,,,1.8,nan,2,,,,1.8,0.2,2
2022p364115,2022-05-15T17:20:52Z,-39.67,2.1,176.83,2.9,25.0,4.0,MLv,,,,1.9,0.3,12,2.0,nan,9,,,,2.0,0.3,9
2022p364140,2022-05-15T17:34:05Z,-39.23,4.5,175.16,4.9,18.0,8.0,M,,,,1.7,0.1,12,1.7,nan,8,,,,1.7,0.2,8
2022p364237,2022-05-15T18:25:25Z,-37.45,9.2,176.58,6.7,175.0,10.0,MLv,,,,2.5,0.3,7,,,,,,,3.2,0.4,18
2022p364269,2022-05-15T18:42:45Z,-39.25,4.0,175.06,3.9,5.0,0.0,M,,,,1.8,0.2,11,1.8,nan,5,,,,1.8,0.2,5
2022p364271,2022-05-15T18:44:02Z,-41.02,3.9,174.54,2.7,33.0,4.0,M,,,,2.5,0.2,16,2.5,nan,16,,,,2.5,0.2,16
2022p364276,2022-05-15T18:46:33Z,-39.27,3.0,175.07,3.0,5.0,0.0,M,,,,1.9,0.3,11,1.9,nan,7,,,,1.9,0.2,7
2022p364301,2022-05-15T18:59:44Z,-38.77,4.1,176.56,4.9,38.0,8.0,M,,,,1.5,0.3,9,1.3,nan,5,,,,1.3,0.2,5
2022p364324,2022-05-15T19:12:16Z,-38.18,3.9,176.23,3.3,5.0,0.0,M,,,,1.5,0.3,8,1.5,nan,7,,,,1.5,0.1,7
2022p364330,2022-05-15T19:15:13Z,-38.98,3.2,177.63,4.1,25.0,6.0,M,,,,1.8,0.2,12,1.8,nan,8,,,,1.8,0.2,8
2022p364354,2022-05-15T19:28:04Z,-41.0,3.1,174.79,2.8,24.0,4.0,M,,,,1.8,0.2,11,1.7,nan,8,,,,1.7,0.2,8
2022p364440,2022-05-15T20:14:34Z,-36.94,6.0,177.66,6.9,133.0,9.0,MLv,,,,3.0,0.2,7,,,,,,,3.3,0.3,24
2022p364555,2022-05-15T21:14:55Z,-45.03,3.1,169.21,4.8,5.0,0.0,M,,,,2.1,0.2,9,1.9,nan,1,,,,1.9,nan,1
2022p364629,2022-05-15T21:54:58Z,-36.62,9.5,177.38,10.0,196.0,12.0,MLv,,,,,,,,,,,,,2.8,0.3,4
2022p364755,2022-05-15T23:01:28Z,-41.79,3.0,174.09,3.2,14.0,5.0,M,,,,1.8,0.3,7,1.5,nan,5,,,,1.5,0.2,5
2022p364972,2022-05-16T00:57:32Z,-41.12,2.5,175.33,2.7,17.0,7.0,M,,,,1.0,0.2,8,1.1,nan,4,,,,1.1,0.3,4
2022p365058,2022-05-16T01:43:11Z,-37.71,11.5,175.99,11.3,244.0,11.0,M,,,,,,,2.6,nan,15,,,,2.6,0.3,15
2022p365062,2022-05-16T01:45:28Z,-39.91,3.0,176.8,4.2,35.0,7.0,M,,,,1.7,0.3,11,1.7,nan,8,,,,1.7,0.1,8
2022p365078,2022-05-16T01:53:35Z,-38.8,1.9,176.02,2.7,5.0,0.0,M,,,,2.5,0.2,20,2.6,nan,33,,,,2.6,0.2,33
2022p365147,2022-05-16T02:30:49Z,-44.96,2.9,167.76,4.5,5.0,0.0,MLv,,,,2.4,0.2,9,2.3,nan,2,,,,2.3,0.4,2
2022p365225,2022-05-16T03:12:04Z,-43.23,2.5,172.59,2.7,6.0,6.0,MLv,,,,1.9,0.1,6,1.9,nan,2,,,,1.9,0.2,2
2022p365285,2022-05-16T03:43:58Z,-40.59,2.7,176.2,3.2,13.0,7.0,M,,,,1.4,0.3,9,1.4,nan,3,,,,1.4,0.3,3
2022p365339,2022-05-16T04:13:01Z,-39.13,5.1,177.52,3.6,24.0,6.0,MLv,,,,1.8,0.2,11,1.8,nan,5,,,,1.8,0.2,5
2022p365531,2022-05-16T05:55:19Z,-37.5,12.6,177.26,7.0,49.0,12.0,M,,,,2.2,0.2,10,2.4,nan,5,,,,2.4,0.2,5
2022p365576,2022-05-16T06:19:00Z,-38.83,4.8,175.99,4.2,75.0,7.0,MLv,,,,2.1,0.3,23,2.5,nan,35,,,,2.5,0.3,35
2022p365584,2022-05-16T06:23:12Z,-38.61,11.1,175.92,17.7,179.0,12.0,M,,,,2.0,0.7,4,1.4,nan,1,,,,1.4,nan,1
2022p365683,2022-05-16T07:16:16Z,-39.97,2.6,175.24,3.1,12.0,0.0,MLv,,,,1.8,0.2,8,1.7,nan,1,,,,1.7,nan,1
2022p365696,2022-05-16T07:22:59Z,-38.57,5.6,175.5,4.4,152.0,8.0,MLv,,,,2.3,0.2,4,,,,,,,3.0,0.3,38
2022p365707,2022-05-16T07:28:54Z,-39.21,4.7,175.18,3.5,20.0,9.0,MLv,,,,1.6,0.4,7,1.4,nan,5,,,,1.4,0.3,5
2022p365737,2022-05-16T07:44:40Z,-40.32,2.8,174.44,3.0,33.0,0.0,MLv,,,,2.3,0.2,22,2.2,nan,6,,,,2.2,0.1,6
2022p365834,2022-05-16T08:36:12Z,-37.78,12.3,176.1,12.4,174.0,11.0,M,,,,2.0,0.2,7,2.0,nan,4,,,,2.0,0.2,4
2022p366140,2022-05-16T11:19:46Z,-38.56,5.1,178.67,8.7,25.0,9.0,M,,,,2.1,0.3,6,1.9,nan,3,,,,1.9,0.3,3
2022p366160,2022-05-16T11:29:59Z,-33.21,30.3,178.84,43.6,401.0,47.0,MLv,4.1,0.2,5,3.7,0.2,9,3.7,nan,5,3.2,0.4,5,3.9,0.3,3
2022p366162,2022-05-16T11:31:53Z,-39.1,4.3,174.56,2.7,16.0,7.0,M,,,,2.0,0.2,10,1.7,nan,6,,,,1.7,0.2,6
2022p366188,2022-05-16T11:45:29Z,-39.69,2.2,175.08,2.5,26.0,4.0,MLv,,,,3.1,0.3,18,,,,,,,3.0,0.2,49
2022p366254,2022-05-16T12:20:30Z,-38.43,3.4,178.3,5.5,27.0,4.0,MLv,,,,3.0,0.3,13,,,,,,,2.9,0.2,18
2022p366310,2022-05-16T12:50:06Z,-40.6,2.5,174.56,2.4,9.0,6.0,M,,,,2.6,0.2,13,2.5,nan,19,,,,2.5,0.2,19
2022p366527,2022-05-16T14:45:46Z,-42.74,3.5,171.73,2.4,5.0,0.0,M,,,,2.0,0.2,10,2.0,nan,3,,,,2.0,0.3,3
2022p366568,2022-05-16T15:07:42Z,-38.94,3.0,176.91,2.8,11.0,8.0,MLv,,,,1.6,0.2,7,1.5,nan,6,,,,1.5,0.3,6
2022p366660,2022-05-16T15:56:39Z,-33.29,5.3,-179.67,12.4,200.0,0.0,MLv,4.5,0.1,4,,,,,,,3.7,0.4,4,4.5,0.2,7
2022p366708,2022-05-16T16:22:22Z,-41.67,5.4,174.56,3.7,20.0,7.0,MLv,,,,1.8,0.2,8,1.7,nan,4,,,,1.7,0.2,4
2022p366772,2022-05-16T16:56:13Z,-39.83,3.6,176.85,8.3,35.0,10.0,M,,,,1.3,0.4,6,0.6,nan,1,,,,0.6,nan,1
2022p366786,2022-05-16T17:03:54Z,-40.44,3.2,175.06,4.2,34.0,5.0,MLv,,,,2.1,0.2,15,2.3,nan,9,,,,2.3,0.2,9
2022p367016,2022-05-16T19:06:10Z,-37.76,8.9,179.17,6.9,12.0,0.0,MLv,,,,2.4,0.2,11,2.6,nan,5,,,,2.6,0.3,5
2022p367118,2022-05-16T20:00:42Z,-39.44,7.9,176.89,6.2,15.0,6.0,M,,,,1.6,0.1,6,1.6,nan,3,,,,1.6,0.1,3
2022p367126,2022-05-16T20:04:45Z,-43.1,3.3,170.95,2.2,5.0,0.0,MLv,,,,2.3,0.1,7,2.7,nan,7,,,,2.7,0.2,7
2022p367258,2022-05-16T21:15:30Z,-41.19,5.9,173.82,3.2,35.0,7.0,M,,,,2.1,0.2,10,2.2,nan,7,,,,2.2,0.2,7
2022p367369,2022-05-16T22:14:50Z,-39.91,2.9,176.89,6.0,21.0,5.0,M,,,,1.7,0.2,8,1.8,nan,8,,,,1.8,0.1,8
2022p367743,2022-05-17T01:34:01Z,-37.03,8.9,178.06,6.6,12.0,0.0,MLv,,,,2.6,0.2,12,,,,,,,2.7,0.1,8
2022p367870,2022-05-17T02:41:28Z,-38.3,5.0,178.56,6.6,12.0,0.0,MLv,,,,2.2,0.2,7,2.3,nan,5,,,,2.3,0.4,5
2022p368245,2022-05-17T06:01:04Z,-39.48,3.0,175.75,3.3,4.0,3.0,MLv,,,,1.6,0.3,9,1.7,nan,8,,,,1.7,0.3,8
2022p368264,2022-05-17T06:10:53Z,-38.39,8.2,175.96,11.3,156.0,14.0,MLv,,,,1.7,0.2,7,1.7,nan,3,,,,1.7,0.3,3
2022p368388,2022-05-17T07:17:18Z,-40.6,3.6,175.87,3.0,25.0,6.0,MLv,,,,1.3,0.2,9,1.4,nan,4,,,,1.4,0.3,4
2022p368516,2022-05-17T08:25:31Z,-40.26,2.3,176.53,2.6,14.0,4.0,M,,,,2.3,0.2,16,2.4,nan,13,,,,2.4,0.2,13
2022p368518,2022-05-17T08:26:44Z,-44.29,2.4,169.51,2.0,5.0,0.0,M,,,,2.2,0.1,6,1.7,nan,2,,,,1.7,0.5,2
2022p368617,2022-05-17T09:19:09Z,-36.73,14.1,177.17,9.6,262.0,10.0,MLv,,,,2.4,0.2,8,2.8,nan,7,,,,2.8,0.1,7
2022p368618,2022-05-17T09:20:05Z,-41.28,4.0,174.83,3.3,26.0,7.0,MLv,,,,1.2,0.2,6,0.9,nan,5,,,,0.9,0.3,5
2022p368665,2022-05-17T09:45:31Z,-38.59,3.4,177.72,4.2,18.0,7.0,MLv,,,,1.4,0.3,6,,,,,,,1.3,0.1,2
2022p368724,2022-05-17T10:16:40Z,-37.25,19.1,176.78,14.0,218.0,13.0,M,,,,,,,2.5,nan,4,,,,2.5,0.1,4
2022p368733,2022-05-17T10:21:13Z,-40.02,3.2,173.15,4.9,5.0,0.0,MLv,,,,2.3,0.2,11,2.3,nan,3,,,,2.3,0.1,3
2022p368755,2022-05-17T10:33:01Z,-38.59,2.9,177.72,3.5,17.0,5.0,MLv,,,,1.8,0.2,10,1.7,nan,6,,,,1.7,0.3,6
2022p368789,2022-05-17T10:51:34Z,-41.91,2.7,173.23,3.1,34.0,4.0,M,,,,2.4,0.2,13,2.5,nan,6,,,,2.5,0.4,6
2022p368809,2022-05-17T11:01:56Z,-38.54,3.4,176.18,3.2,5.0,0.0,MLv,,,,1.6,0.3,9,1.6,nan,8,,,,1.6,0.3,8
2022p368822,2022-05-17T11:08:21Z,-38.61,3.6,176.25,3.0,5.0,0.0,MLv,,,,1.9,0.2,8,1.9,nan,11,,,,1.9,0.2,11
2022p368876,2022-05-17T11:35:51Z,-32.72,8.7,-178.44,18.7,33.0,0.0,mB,4.8,0.0,2,4.3,0.1,13,4.3,nan,6,4.0,0.4,4,4.4,0.1,6
2022p368974,2022-05-17T12:29:33Z,-41.11,2.9,175.21,2.5,22.0,5.0,M,,,,1.2,0.2,8,1.0,nan,2,,,,1.0,0.1,2
2022p369006,2022-05-17T12:46:31Z,-39.98,4.1,176.66,4.2,34.0,8.0,MLv,,,,1.5,0.3,8,1.4,nan,6,,,,1.4,0.4,6
2022p369065,2022-05-17T13:18:11Z,-39.46,3.4,175.76,3.0,6.0,6.0,MLv,,,,1.9,0.2,15,,,,,,,2.0,0.2,15
2022p369282,2022-05-17T15:13:55Z,-41.48,3.7,174.36,3.1,20.0,6.0,M,,,,1.9,0.2,7,2.0,nan,7,,,,2.0,0.3,7
2022p369291,2022-05-17T15:18:19Z,-38.52,10.9,175.87,14.2,121.0,16.0,MLv,,,,1.8,0.2,8,2.1,nan,3,,,,2.1,0.5,3
2022p369317,2022-05-17T15:32:11Z,-39.44,5.9,175.67,4.6,24.0,7.0,MLv,,,,1.1,0.3,7,1.1,nan,5,,,,1.1,0.4,5
2022p369345,2022-05-17T15:47:16Z,-40.66,8.0,175.25,4.0,25.0,6.0,M,,,,1.3,0.3,6,1.4,nan,2,,,,1.4,0.6,2
2022p369348,2022-05-17T15:48:56Z,-38.85,2.8,175.99,2.8,5.0,0.0,MLv,,,,2.3,0.2,16,2.4,nan,30,,,,2.4,0.2,30
2022p369367,2022-05-17T15:59:08Z,-38.85,2.5,176.0,2.6,5.0,0.0,MLv,,,,3.0,0.2,16,,,,,,,2.9,0.2,61
2022p369394,2022-05-17T16:13:28Z,-39.71,3.6,174.64,4.0,96.0,7.0,M,,,,2.4,0.2,8,2.4,nan,6,,,,2.4,0.2,6
2022p369457,2022-05-17T16:47:14Z,-44.63,4.5,168.3,4.5,66.0,10.0,MLv,,,,2.4,0.1,7,2.1,nan,2,,,,2.1,0.7,2
2022p369488,2022-05-17T17:03:14Z,-38.83,2.0,176.01,2.3,5.0,0.0,MLv,,,,3.6,0.2,25,,,,,,,3.6,0.2,93
2022p369496,2022-05-17T17:07:36Z,-38.85,2.3,176.01,2.3,5.0,0.0,MLv,,,,2.8,0.2,19,,,,,,,2.8,0.2,48
2022p369499,2022-05-17T17:09:15Z,-38.84,2.5,175.98,3.3,5.0,0.0,MLv,,,,1.9,0.2,14,2.0,nan,7,,,,2.0,0.1,7
2022p369513,2022-05-17T17:16:33Z,-38.83,3.4,176.03,4.1,6.0,11.0,M,,,,1.7,0.2,12,1.9,nan,8,,,,1.9,0.1,8
2022p369524,2022-05-17T17:22:52Z,-38.82,2.7,176.0,3.3,4.0,4.0,M,,,,1.7,0.2,11,1.8,nan,5,,,,1.8,0.1,5
2022p369526,2022-05-17T17:23:59Z,-38.85,3.0,176.03,3.4,5.0,5.0,M,,,,1.8,0.2,14,2.1,nan,17,,,,2.1,0.2,17
2022p369607,2022-05-17T18:06:51Z,-38.81,3.8,176.03,3.8,5.0,0.0,M,,,,1.8,0.2,8,1.7,nan,6,,,,1.7,0.2,6
2022p369675,2022-05-17T18:43:16Z,-39.28,5.2,174.72,2.5,28.0,6.0,MLv,,,,2.1,0.2,9,2.0,nan,5,,,,2.0,0.2,5
2022p369724,2022-05-17T19:09:07Z,-41.8,2.6,173.95,3.4,28.0,5.0,MLv,,,,1.9,0.3,7,1.7,nan,5,,,,1.7,0.4,5
2022p369756,2022-05-17T19:26:08Z,-38.81,4.6,176.01,3.3,5.0,0.0,M,,,,1.6,0.1,8,1.6,nan,3,,,,1.6,0.2,3
2022p369759,2022-05-17T19:27:57Z,-38.83,2.0,176.02,2.4,5.0,0.0,MLv,,,,2.2,0.3,17,,,,,,,2.3,0.3,25
2022p369791,2022-05-17T19:45:01Z,-39.15,6.2,177.52,3.5,21.0,8.0,M,,,,1.9,0.2,9,2.1,nan,5,,,,2.1,0.1,5
2022p369824,2022-05-17T20:02:44Z,-38.6,3.1,177.71,4.3,17.0,6.0,M,,,,1.7,0.2,11,1.7,nan,6,,,,1.7,0.3,6
2022p370005,2022-05-17T21:38:50Z,-40.03,2.8,174.94,4.5,12.0,0.0,MLv,,,,1.8,0.2,11,,,,,,,2.2,0.2,4
2022p370146,2022-05-17T22:53:55Z,-43.75,5.0,173.08,5.9,5.0,0.0,M,,,,2.2,0.2,7,2.4,nan,5,,,,2.4,0.2,5
2022p370152,2022-05-17T22:57:43Z,-39.45,6.3,175.72,4.4,17.0,8.0,M,,,,0.8,0.5,7,0.9,nan,3,,,,0.9,0.4,3
2022p370163,2022-05-17T23:03:14Z,-40.19,2.7,174.93,4.1,26.0,6.0,MLv,,,,2.0,0.3,8,1.9,nan,4,,,,1.9,0.1,4
2022p370193,2022-05-17T23:19:07Z,-43.54,2.5,172.78,2.4,5.0,3.0,MLv,,,,2.0,0.2,7,2.0,nan,6,,,,2.0,0.1,6
2022p370224,2022-05-17T23:35:26Z,-37.92,10.1,176.01,8.4,141.0,12.0,M,,,,,,,2.5,nan,12,,,,2.5,0.4,12
2022p370265,2022-05-17T23:57:19Z,-37.47,11.5,179.88,9.8,33.0,0.0,MLv,,,,2.7,0.1,8,,,,,,,2.7,0.1,5
2022p370295,2022-05-18T00:13:43Z,-38.85,4.4,175.98,2.8,5.0,0.0,MLv,,,,1.3,0.2,10,1.2,nan,3,,,,1.2,0.1,3
2022p370333,2022-05-18T00:33:33Z,-41.6,2.8,173.79,4.0,5.0,0.0,M,,,,1.6,0.2,8,1.2,nan,2,,,,1.2,0.1,2
2022p370365,2022-05-18T00:50:54Z,-39.81,3.7,176.69,4.9,29.0,9.0,M,,,,1.6,0.2,9,1.7,nan,6,,,,1.7,0.2,6
2022p370387,2022-05-18T01:02:08Z,-38.21,11.4,176.48,13.3,154.0,14.0,MLv,,,,1.6,0.2,6,2.2,nan,5,,,,2.2,0.6,5
2022p370523,2022-05-18T02:15:11Z,-41.32,6.2,172.64,5.3,121.0,7.0,M,,,,,,,2.6,nan,7,,,,2.6,0.2,7
2022p370584,2022-05-18T02:47:16Z,-39.44,9.5,174.42,6.8,130.0,9.0,MLv,,,,1.9,0.2,8,,,,,,,2.2,0.2,5
2022p370960,2022-05-18T06:07:59Z,-43.22,2.7,171.58,2.5,5.0,0.0,MLv,,,,1.9,0.1,6,,,,,,,1.8,0.3,4
2022p370998,2022-05-18T06:28:15Z,-38.54,6.5,175.55,8.1,115.0,13.0,M,,,,1.8,0.5,7,1.7,nan,4,,,,1.7,0.3,4
2022p371065,2022-05-18T07:03:39Z,-39.15,3.6,177.43,3.0,20.0,4.0,M,,,,1.7,0.1,13,1.6,nan,5,,,,1.6,0.1,5
2022p371092,2022-05-18T07:18:12Z,-38.19,6.8,178.84,11.8,28.0,9.0,M,,,,1.8,0.2,10,1.8,nan,4,,,,1.8,0.5,4
2022p371132,2022-05-18T07:39:35Z,-40.32,3.7,176.1,3.0,43.0,6.0,M,,,,2.2,0.1,14,2.3,nan,24,,,,2.3,0.2,24
2022p371147,2022-05-18T07:47:20Z,-37.63,7.3,177.16,6.5,105.0,9.0,M,,,,1.9,0.3,10,2.0,nan,5,,,,2.0,0.2,5
2022p371202,2022-05-18T08:16:36Z,-39.52,2.9,177.11,4.7,25.0,5.0,MLv,,,,1.6,0.2,13,,,,,,,1.7,0.1,5
2022p371325,2022-05-18T09:22:19Z,-39.12,8.4,174.96,3.3,22.0,6.0,M,,,,1.4,0.3,10,1.5,nan,2,,,,1.5,0.1,2
2022p371338,2022-05-18T09:29:11Z,-40.05,3.3,176.54,3.1,36.0,5.0,M,,,,1.7,0.2,16,1.8,nan,13,,,,1.8,0.1,13
2022p371383,2022-05-18T09:52:58Z,-41.12,2.7,175.17,2.7,14.0,6.0,MLv,,,,1.1,0.3,9,,,,,,,1.0,0.2,7
2022p371400,2022-05-18T10:02:25Z,-39.47,2.2,175.76,2.3,4.0,2.0,MLv,,,,2.0,0.3,17,2.0,nan,15,,,,2.0,0.2,15
2022p371501,2022-05-18T10:56:05Z,-38.04,6.5,176.01,7.6,190.0,11.0,MLv,,,,,,,,,,,,,2.2,0.2,6
2022p371511,2022-05-18T11:01:19Z,-38.47,8.4,175.78,9.2,141.0,10.0,MLv,,,,1.8,0.4,7,1.6,nan,2,,,,1.6,0.2,2
2022p371528,2022-05-18T11:10:37Z,-39.27,3.8,175.06,2.8,5.0,0.0,M,,,,1.5,0.2,8,1.5,nan,6,,,,1.5,0.2,6
2022p371579,2022-05-18T11:37:46Z,-39.27,5.4,175.07,4.3,5.0,0.0,MLv,,,,1.5,0.3,10,,,,,,,1.4,0.2,4
2022p371618,2022-05-18T11:58:05Z,-39.26,2.8,173.93,2.8,15.0,3.0,MLv,,,,2.3,0.2,9,2.3,nan,14,,,,2.3,0.2,14
2022p371620,2022-05-18T11:59:35Z,-39.48,2.9,175.75,2.6,4.0,3.0,M,,,,1.5,0.3,8,1.6,nan,12,,,,1.6,0.2,12
2022p371752,2022-05-18T13:09:46Z,-38.3,7.8,175.92,8.8,95.0,14.0,MLv,,,,1.8,0.2,11,1.8,nan,4,,,,1.8,0.3,4
2022p371814,2022-05-18T13:42:07Z,-34.34,34.0,179.95,27.9,208.0,67.0,MLv,,,,3.5,0.1,8,3.9,nan,7,,,,3.9,0.2,7
2022p371869,2022-05-18T14:11:53Z,-39.69,1.7,175.65,2.3,5.0,0.0,MLv,,,,2.0,0.2,18,2.1,nan,19,,,,2.1,0.2,19
2022p372035,2022-05-18T15:40:40Z,-40.29,4.3,176.7,6.1,13.0,8.0,MLv,,,,1.4,0.2,8,1.4,nan,5,,,,1.4,0.1,5
2022p372044,2022-05-18T15:45:17Z,-39.51,4.0,175.69,3.6,10.0,8.0,M,,,,1.2,0.3,8,1.2,nan,6,,,,1.2,0.2,6
2022p372207,2022-05-18T17:12:24Z,-43.64,2.4,171.92,2.5,5.0,0.0,MLv,,,,2.1,0.3,6,2.3,nan,6,,,,2.3,0.3,6
2022p372232,2022-05-18T17:25:29Z,-39.05,4.4,177.65,3.7,16.0,6.0,MLv,,,,1.5,0.2,11,1.5,nan,8,,,,1.5,0.2,8
2022p372255,2022-05-18T17:37:47Z,-38.61,3.4,177.95,4.8,26.0,6.0,M,,,,1.6,0.2,8,1.6,nan,7,,,,1.6,0.3,7
2022p372256,2022-05-18T17:37:53Z,-39.77,2.4,175.05,3.0,29.0,4.0,MLv,,,,2.1,0.2,18,2.1,nan,11,,,,2.1,0.3,11
2022p372327,2022-05-18T18:15:59Z,-39.54,5.3,178.28,8.6,28.0,9.0,M,,,,2.0,0.2,12,1.9,nan,2,,,,1.9,0.1,2
2022p372532,2022-05-18T20:05:43Z,-39.48,6.0,174.27,7.3,237.0,7.0,MLv,,,,2.3,0.3,7,,,,,,,3.2,0.3,38
2022p372635,2022-05-18T21:00:05Z,-44.37,4.0,168.29,4.7,5.0,0.0,ML,,,,2.4,0.2,8,,,,,,,,,
2022p372800,2022-05-18T22:28:01Z,-45.0,5.9,167.48,7.4,95.0,7.0,MLv,,,,,,,2.7,nan,2,,,,2.7,0.1,2
2022p373114,2022-05-19T01:15:18Z,-41.63,2.6,174.22,3.6,7.0,5.0,M,,,,2.0,0.3,9,2.1,nan,4,,,,2.1,0.8,4
2022p373121,2022-05-19T01:19:06Z,-39.1,4.4,177.56,2.5,23.0,4.0,MLv,,,,1.7,0.3,9,1.9,nan,6,,,,1.9,0.1,6
2022p373211,2022-05-19T02:07:18Z,-39.64,9.2,175.24,8.2,35.0,17.0,M,,,,1.9,0.2,10,2.0,nan,3,,,,2.0,0.4,3
2022p373295,2022-05-19T02:51:54Z,-38.47,7.0,175.88,9.4,159.0,12.0,M,,,,1.9,0.2,7,2.3,nan,7,,,,2.3,0.4,7
2022p373426,2022-05-19T04:01:34Z,-44.95,4.7,167.63,8.6,38.0,8.0,M,,,,2.7,0.3,11,2.3,nan,1,,,,2.3,nan,1
2022p373513,2022-05-19T04:48:00Z,-39.28,4.2,175.11,2.8,20.0,6.0,M,,,,1.9,0.2,10,1.9,nan,7,,,,1.9,0.1,7
2022p373555,2022-05-19T05:10:16Z,-39.91,3.6,176.68,3.5,34.0,6.0,MLv,,,,1.7,0.2,13,,,,,,,1.5,0.2,7
2022p373559,2022-05-19T05:12:30Z,-43.64,2.6,172.79,2.8,5.0,0.0,M,,,,2.4,0.2,8,2.5,nan,6,,,,2.5,0.2,6
2022p373633,2022-05-19T05:52:10Z,-40.49,4.8,174.47,3.6,51.0,11.0,M,,,,2.6,0.2,2,2.2,nan,1,,,,2.2,nan,1
2022p373662,2022-05-19T06:07:36Z,-39.93,3.6,176.69,3.6,37.0,6.0,M,,,,1.8,0.2,12,1.9,nan,7,,,,1.9,0.2,7
2022p373710,2022-05-19T06:32:51Z,-38.63,6.8,178.6,8.6,21.0,9.0,M,,,,2.2,0.2,9,2.3,nan,5,,,,2.3,0.3,5
2022p373851,2022-05-19T07:48:05Z,-39.27,3.7,175.08,2.6,5.0,0.0,M,,,,2.0,0.3,10,1.8,nan,7,,,,1.8,0.1,7
2022p373880,2022-05-19T08:03:21Z,-45.34,3.4,166.86,4.7,14.0,3.0,MLv,,,,3.1,0.1,8,3.0,nan,4,,,,3.0,0.2,4
2022p373988,2022-05-19T09:00:55Z,-39.09,3.0,176.9,3.4,39.0,6.0,MLv,,,,3.1,0.3,11,,,,,,,3.0,0.2,49
2022p374018,2022-05-19T09:17:01Z,-41.49,14.9,172.2,12.2,175.0,14.0,M,,,,,,,2.0,nan,6,,,,2.0,0.5,6
2022p374107,2022-05-19T10:04:44Z,-39.12,6.1,176.11,4.7,50.0,11.0,MLv,,,,1.5,0.3,7,,,,,,,1.6,0.4,5
2022p374338,2022-05-19T12:07:18Z,-39.82,3.8,176.85,5.2,30.0,6.0,MLv,,,,1.7,0.3,10,1.7,nan,5,,,,1.7,0.3,5
2022p374394,2022-05-19T12:37:24Z,-39.8,4.0,176.86,5.4,31.0,7.0,MLv,,,,1.5,0.3,10,1.6,nan,5,,,,1.6,0.2,5
2022p374483,2022-05-19T13:24:55Z,-39.73,7.0,174.16,9.6,158.0,9.0,M,,,,,,,2.3,nan,1,,,,2.3,nan,1
2022p374524,2022-05-19T13:46:24Z,-39.79,2.9,176.69,3.4,32.0,7.0,MLv,,,,1.9,0.2,11,2.0,nan,8,,,,2.0,0.2,8
2022p374542,2022-05-19T13:56:28Z,-40.3,3.1,174.38,3.8,33.0,0.0,MLv,,,,2.4,0.2,17,,,,,,,2.4,0.1,6
2022p374551,2022-05-19T14:01:06Z,-38.78,8.5,175.94,6.1,96.0,9.0,M,,,,1.8,0.1,7,2.4,nan,13,,,,2.4,0.2,13
2022p374586,2022-05-19T14:19:53Z,-45.23,3.3,167.42,2.9,5.0,0.0,M,,,,2.5,0.2,7,2.4,nan,2,,,,2.4,0.1,2
2022p374660,2022-05-19T14:58:53Z,-39.52,2.3,175.7,2.1,11.0,4.0,MLv,,,,2.8,0.2,14,,,,,,,2.8,0.2,42
2022p374676,2022-05-19T15:07:40Z,-39.51,2.2,175.7,2.9,11.0,6.0,MLv,,,,1.6,0.4,8,1.5,nan,6,,,,1.5,0.3,6
2022p374678,2022-05-19T15:08:33Z,-38.55,6.1,175.56,5.4,158.0,9.0,MLv,,,,2.1,0.3,7,,,,,,,2.7,0.3,10
2022p374738,2022-05-19T15:40:47Z,-41.06,3.1,178.5,5.4,33.0,0.0,MLv,,,,3.2,0.3,24,,,,,,,3.3,0.2,18
2022p374767,2022-05-19T15:56:12Z,-39.78,3.1,177.04,4.4,17.0,5.0,MLv,,,,2.1,0.2,9,2.1,nan,7,,,,2.1,0.2,7
2022p374778,2022-05-19T16:02:10Z,-39.1,4.1,175.29,4.6,8.0,10.0,MLv,,,,1.8,0.4,10,,,,,,,1.5,0.2,5
2022p374824,2022-05-19T16:26:33Z,-38.75,3.2,175.86,4.2,5.0,0.0,MLv,,,,1.8,0.1,8,1.6,nan,5,,,,1.6,0.1,5
2022p374827,2022-05-19T16:28:17Z,-41.22,3.6,174.65,2.8,24.0,5.0,MLv,,,,1.8,0.3,11,1.8,nan,7,,,,1.8,0.2,7
2022p374900,2022-05-19T17:06:49Z,-39.58,4.3,178.23,5.7,33.0,0.0,MLv,,,,2.6,0.2,19,,,,,,,2.7,0.1,11
2022p375266,2022-05-19T20:21:45Z,-38.91,4.8,177.93,6.1,20.0,4.0,MLv,,,,2.3,0.3,12,2.3,nan,8,,,,2.3,0.2,8
2022p375874,2022-05-20T01:45:40Z,-40.64,3.7,176.26,4.0,21.0,7.0,MLv,,,,1.8,0.2,8,1.8,nan,2,,,,1.8,0.3,2
2022p375975,2022-05-20T02:39:54Z,-41.71,2.8,174.15,3.2,10.0,4.0,M,,,,2.2,0.3,10,1.8,nan,5,,,,1.8,0.6,5
2022p375993,2022-05-20T02:49:31Z,-38.59,7.2,175.85,6.5,156.0,9.0,MLv,,,,2.3,0.3,6,,,,,,,2.8,0.3,18
2022p376125,2022-05-20T03:59:49Z,-39.05,3.5,177.79,3.4,24.0,4.0,MLv,,,,3.2,0.3,18,,,,,,,3.0,0.2,32
2022p376140,2022-05-20T04:08:07Z,-37.04,25.3,176.8,31.5,199.0,30.0,M,,,,2.7,0.2,7,2.6,nan,1,,,,2.6,nan,1
2022p376269,2022-05-20T05:16:13Z,-40.88,3.1,175.75,3.4,21.0,6.0,M,,,,2.0,0.1,11,2.0,nan,7,,,,2.0,0.1,7
2022p376550,2022-05-20T07:45:52Z,-37.9,5.9,176.67,9.7,129.0,12.0,ML,,,,2.3,0.5,5,2.7,nan,1,,,,2.7,nan,1
2022p376668,2022-05-20T08:48:51Z,-38.79,2.8,176.05,3.2,8.0,7.0,MLv,,,,2.0,0.3,12,2.1,nan,8,,,,2.1,0.2,8
2022p376710,2022-05-20T09:11:44Z,-39.64,3.1,176.26,3.1,33.0,5.0,MLv,,,,1.6,0.5,11,1.3,nan,3,,,,1.3,0.8,3
2022p376712,2022-05-20T09:12:27Z,-39.66,2.6,176.27,3.2,24.0,5.0,MLv,,,,2.1,0.3,12,2.0,nan,6,,,,2.0,0.6,6
2022p376919,2022-05-20T11:02:47Z,-40.48,2.8,176.24,3.4,14.0,7.0,MLv,,,,2.1,0.2,8,,,,,,,2.1,0.1,7
2022p377129,2022-05-20T12:54:39Z,-39.53,5.2,175.52,5.3,53.0,9.0,M,,,,1.9,0.4,12,1.7,nan,7,,,,1.7,0.3,7
2022p377253,2022-05-20T14:00:42Z,-40.64,3.4,175.81,3.2,23.0,6.0,M,,,,1.4,0.3,10,1.0,nan,3,,,,1.0,0.2,3
2022p377268,2022-05-20T14:08:26Z,-41.81,3.0,171.86,2.9,12.0,4.0,MLv,,,,2.4,0.2,6,,,,,,,2.3,0.2,3
2022p377355,2022-05-20T14:55:12Z,-38.83,2.3,175.92,2.6,5.0,0.0,M,,,,2.4,0.2,18,2.4,nan,22,,,,2.4,0.1,22
2022p377404,2022-05-20T15:21:09Z,-37.96,6.4,175.97,8.5,136.0,14.0,M,,,,2.2,0.2,7,2.2,nan,4,,,,2.2,0.3,4
2022p377424,2022-05-20T15:31:31Z,-40.15,3.1,174.82,4.6,12.0,0.0,M,,,,2.1,0.2,9,1.9,nan,3,,,,1.9,0.3,3
2022p377724,2022-05-20T18:11:43Z,-42.11,5.1,173.56,3.8,23.0,5.0,M,,,,2.2,0.3,7,2.4,nan,3,,,,2.4,0.2,3
2022p377922,2022-05-20T19:57:09Z,-38.1,5.5,176.14,6.0,142.0,12.0,MLv,,,,2.3,0.3,9,,,,,,,2.4,0.2,5
2022p377976,2022-05-20T20:25:49Z,-40.98,2.4,175.56,2.7,23.0,6.0,MLv,,,,1.7,0.2,10,1.8,nan,7,,,,1.8,0.3,7
2022p378119,2022-05-20T21:42:11Z,-37.77,7.3,177.52,4.5,81.0,8.0,MLv,,,,3.1,0.3,14,,,,,,,3.1,0.2,37
2022p378287,2022-05-20T23:11:28Z,-37.91,12.0,176.2,10.4,169.0,10.0,MLv,,,,,,,2.6,nan,2,,,,2.6,0.7,2
2022p378467,2022-05-21T00:47:14Z,-38.78,2.4,175.83,3.1,5.0,0.0,MLv,,,,2.0,0.1,10,2.0,nan,9,,,,2.0,0.1,9
2022p378582,2022-05-21T01:48:34Z,-44.62,5.9,168.23,6.6,67.0,10.0,MLv,,,,2.6,0.2,8,2.2,nan,3,,,,2.2,0.4,3
2022p378620,2022-05-21T02:08:50Z,-37.87,11.3,176.68,12.6,53.0,15.0,MLv,,,,2.5,0.2,9,2.5,nan,7,,,,2.5,0.1,7
2022p378767,2022-05-21T03:27:14Z,-39.17,8.9,178.63,9.2,33.0,0.0,M,,,,2.5,0.2,12,2.5,nan,2,,,,2.5,0.2,2
2022p378789,2022-05-21T03:38:49Z,-39.96,4.1,176.63,3.9,28.0,6.0,M,,,,2.0,0.3,10,1.9,nan,4,,,,1.9,0.1,4
2022p378940,2022-05-21T04:59:42Z,-41.8,4.0,173.22,4.0,62.0,8.0,MLv,,,,2.3,0.3,11,2.2,nan,4,,,,2.2,0.1,4
2022p379226,2022-05-21T07:32:01Z,-42.68,3.4,172.76,3.2,34.0,5.0,ML,,,,2.2,0.3,3,,,,,,,2.6,nan,1
2022p379246,2022-05-21T07:42:30Z,-38.92,4.0,177.93,4.7,19.0,4.0,M,,,,2.2,0.3,13,2.1,nan,7,,,,2.1,0.1,7
2022p379371,2022-05-21T08:49:07Z,-38.94,3.7,177.93,4.8,20.0,4.0,MLv,,,,2.2,0.3,12,2.3,nan,6,,,,2.3,0.1,6
2022p379427,2022-05-21T09:18:59Z,-39.07,4.0,175.59,2.8,5.0,7.0,MLv,,,,1.5,0.2,11,,,,,,,1.7,0.2,7
2022p379463,2022-05-21T09:38:07Z,-39.71,2.5,176.43,2.5,28.0,5.0,MLv,,,,2.7,0.2,12,,,,,,,2.8,0.2,31
2022p379482,2022-05-21T09:48:21Z,-38.2,11.6,176.01,9.9,161.0,12.0,MLv,,,,1.6,nan,1,2.3,nan,3,,,,2.3,0.4,3
2022p379624,2022-05-21T11:03:45Z,-40.6,4.5,174.56,2.6,5.0,0.0,MLv,,,,2.0,0.2,9,2.1,nan,4,,,,2.1,0.2,4
2022p379641,2022-05-21T11:12:51Z,-39.5,4.9,174.46,6.4,113.0,12.0,M,,,,2.5,0.3,7,2.5,nan,2,,,,2.5,0.0,2
2022p379703,2022-05-21T11:45:45Z,-38.09,6.7,176.12,10.5,140.0,14.0,MLv,,,,2.2,0.2,7,2.5,nan,3,,,,2.5,0.4,3
2022p379868,2022-05-21T13:13:42Z,-39.41,4.7,176.63,2.9,37.0,7.0,M,,,,2.4,0.3,7,2.5,nan,17,,,,2.5,0.2,17
2022p379958,2022-05-21T14:02:03Z,-38.76,11.1,176.11,9.0,71.0,14.0,M,,,,2.1,0.3,9,2.0,nan,3,,,,2.0,0.2,3
2022p380058,2022-05-21T14:55:10Z,-39.02,3.6,177.11,4.0,30.0,8.0,MLv,,,,1.8,0.2,6,1.9,nan,6,,,,1.9,0.2,6
2022p380069,2022-05-21T15:00:51Z,-39.15,6.3,174.87,6.5,202.0,9.0,MLv,,,,,,,,,,,,,2.8,0.2,12
2022p380107,2022-05-21T15:21:16Z,-38.86,3.5,177.55,3.3,23.0,6.0,M,,,,1.8,0.3,10,1.7,nan,4,,,,1.7,0.1,4
2022p380152,2022-05-21T15:45:04Z,-38.16,4.7,179.06,7.6,12.0,0.0,M,,,,2.4,0.2,11,2.6,nan,3,,,,2.6,0.1,3
2022p380201,2022-05-21T16:11:09Z,-39.86,2.5,176.89,4.4,20.0,4.0,M,,,,1.9,0.3,9,2.0,nan,4,,,,2.0,0.3,4
2022p380263,2022-05-21T16:44:28Z,-44.1,2.3,168.83,2.8,3.0,3.0,MLv,,,,4.2,0.2,6,,,,,,,4.3,0.2,32
2022p380295,2022-05-21T17:01:18Z,-41.7,2.4,174.14,3.0,10.0,4.0,M,,,,2.3,0.2,13,2.1,nan,6,,,,2.1,0.4,6
2022p380304,2022-05-21T17:06:20Z,-38.58,3.5,177.81,3.5,29.0,6.0,M,,,,2.0,0.2,10,1.9,nan,4,,,,1.9,0.3,4
2022p380333,2022-05-21T17:21:27Z,-39.94,2.9,175.23,3.5,17.0,6.0,M,,,,2.0,0.2,14,2.0,nan,6,,,,2.0,0.1,6
2022p380380,2022-05-21T17:47:04Z,-36.74,12.0,177.72,14.6,116.0,15.0,MLv,,,,2.6,0.2,8,,,,,,,2.4,0.1,3
2022p380395,2022-05-21T17:54:46Z,-38.79,2.1,176.0,2.7,5.0,0.0,M,,,,2.2,0.2,17,2.2,nan,12,,,,2.2,0.2,12
2022p380416,2022-05-21T18:06:10Z,-38.46,15.6,175.45,22.3,227.0,20.0,M,,,,,,,2.2,nan,3,,,,2.2,0.6,3
2022p380564,2022-05-21T19:25:09Z,-39.95,3.1,176.26,4.2,29.0,6.0,M,,,,1.8,0.3,10,1.7,nan,4,,,,1.7,0.4,4
2022p380773,2022-05-21T21:15:55Z,-38.86,2.1,176.01,2.2,5.0,0.0,MLv,,,,2.9,0.3,18,,,,,,,2.9,0.2,49
2022p380786,2022-05-21T21:22:55Z,-38.86,1.9,176.0,2.3,5.0,0.0,MLv,,,,3.2,0.2,21,,,,,,,3.3,0.2,60
2022p380913,2022-05-21T22:30:34Z,-39.47,3.1,177.16,5.0,23.0,6.0,M,,,,1.9,0.2,8,1.9,nan,1,,,,1.9,nan,1
2022p380937,2022-05-21T22:43:45Z,-41.32,3.1,175.28,2.8,40.0,6.0,MLv,,,,2.7,0.2,11,,,,,,,2.7,0.2,21
2022p381143,2022-05-22T00:33:26Z,-37.64,6.0,177.0,4.6,120.0,9.0,MLv,,,,,,,,,,,,,2.6,0.2,6
2022p381174,2022-05-22T00:49:56Z,-41.59,3.8,174.38,3.2,12.0,0.0,MLv,,,,2.5,0.2,11,2.4,nan,11,,,,2.4,0.1,11
2022p381272,2022-05-22T01:42:09Z,-41.35,3.5,172.95,3.2,74.0,6.0,MLv,,,,2.7,0.3,9,,,,,,,2.9,0.3,10
2022p381469,2022-05-22T03:26:57Z,-38.04,8.9,176.41,9.1,120.0,13.0,M,,,,,,,2.5,nan,7,,,,2.5,0.3,7
2022p381597,2022-05-22T04:35:01Z,-40.16,3.0,174.79,4.4,12.0,0.0,MLv,,,,2.2,0.1,7,2.1,nan,2,,,,2.1,0.1,2
2022p381704,2022-05-22T05:32:12Z,-37.41,13.6,176.9,9.2,33.0,0.0,M,,,,2.4,0.2,7,2.5,nan,4,,,,2.5,0.1,4
2022p381778,2022-05-22T06:11:44Z,-39.94,3.0,176.74,4.7,28.0,6.0,M,,,,2.3,0.2,13,2.4,nan,13,,,,2.4,0.2,13
2022p381852,2022-05-22T06:51:38Z,-41.02,2.9,175.44,3.4,21.0,7.0,MLv,,,,1.3,0.2,6,0.8,nan,3,,,,0.8,0.6,3
2022p381930,2022-05-22T07:32:31Z,-40.35,18.7,173.69,36.1,108.0,57.0,M,,,,,,,2.4,nan,4,,,,2.4,0.3,4
2022p382020,2022-05-22T08:20:17Z,-38.6,7.1,175.68,7.3,129.0,13.0,M,,,,1.7,0.3,8,2.1,nan,6,,,,2.1,0.2,6
2022p382058,2022-05-22T08:40:52Z,-37.55,6.4,179.68,6.7,33.0,0.0,MLv,,,,3.6,0.2,19,,,,,,,3.6,0.2,22
2022p382122,2022-05-22T09:14:47Z,-35.89,13.6,179.59,14.3,119.0,50.0,MLv,,,,3.5,0.1,16,3.5,nan,7,,,,3.5,0.1,7
2022p382157,2022-05-22T09:33:14Z,-45.28,7.7,167.32,7.0,56.0,9.0,MLv,,,,2.7,0.3,8,2.6,nan,3,,,,2.6,0.7,3
2022p382210,2022-05-22T10:01:55Z,-36.34,10.5,177.82,10.0,197.0,13.0,MLv,,,,3.1,0.3,7,,,,,,,3.3,0.2,7
2022p382227,2022-05-22T10:10:35Z,-41.78,3.4,172.0,3.1,5.0,4.0,M,,,,2.2,0.1,8,1.9,nan,1,,,,1.9,nan,1
2022p382230,2022-05-22T10:12:28Z,-39.49,2.5,175.71,2.7,11.0,5.0,MLv,,,,1.7,0.3,13,1.7,nan,8,,,,1.7,0.3,8
2022p382239,2022-05-22T10:16:59Z,-37.68,7.7,179.72,7.5,33.0,0.0,MLv,,,,2.9,0.2,12,2.8,nan,5,,,,2.8,0.2,5
2022p382240,2022-05-22T10:17:07Z,-44.41,4.5,167.84,5.4,5.0,0.0,M,,,,2.7,0.2,9,2.0,nan,1,,,,2.0,nan,1
2022p382246,2022-05-22T10:21:06Z,-44.08,2.9,168.84,2.2,3.0,3.0,MLv,,,,3.1,0.2,6,3.3,nan,7,,,,3.3,0.1,7
2022p382318,2022-05-22T10:59:26Z,-38.62,4.0,177.56,3.8,39.0,6.0,M,,,,2.1,0.2,12,1.9,nan,6,,,,1.9,0.3,6
2022p382415,2022-05-22T11:50:53Z,-40.61,3.3,175.87,2.8,22.0,6.0,M,,,,1.8,0.3,10,1.9,nan,7,,,,1.9,0.2,7
2022p382424,2022-05-22T11:55:48Z,-38.87,3.1,175.97,2.3,5.0,3.0,MLv,,,,1.5,0.2,7,1.4,nan,6,,,,1.4,0.3,6
2022p382437,2022-05-22T12:02:45Z,-40.61,3.7,175.86,2.9,22.0,6.0,M,,,,1.7,0.3,11,1.7,nan,5,,,,1.7,0.2,5
2022p382458,2022-05-22T12:14:07Z,-37.09,10.9,177.37,7.9,138.0,16.0,M,,,,2.4,0.1,12,2.4,nan,3,,,,2.4,0.2,3
2022p382896,2022-05-22T16:07:11Z,-43.63,2.5,172.36,1.9,5.0,2.0,MLv,,,,2.1,0.3,9,2.1,nan,3,,,,2.1,0.5,3
2022p383033,2022-05-22T17:20:28Z,-39.85,2.4,177.02,4.6,15.0,5.0,M,,,,1.9,0.2,11,2.0,nan,4,,,,2.0,0.1,4
2022p383066,2022-05-22T17:38:16Z,-40.67,3.0,175.87,3.4,22.0,6.0,M,,,,1.5,0.3,9,1.3,nan,3,,,,1.3,0.2,3
2022p383088,2022-05-22T17:49:30Z,-37.25,9.5,178.87,8.4,12.0,0.0,M,,,,2.4,0.2,10,2.5,nan,5,,,,2.5,0.1,5
2022p383127,2022-05-22T18:10:37Z,-39.12,4.2,177.14,4.2,24.0,5.0,M,,,,1.4,0.3,7,1.2,nan,3,,,,1.2,0.2,3
2022p383161,2022-05-22T18:28:27Z,-40.46,5.2,174.57,3.3,31.0,9.0,M,,,,2.4,0.2,12,2.3,nan,7,,,,2.3,0.1,7
2022p383273,2022-05-22T19:28:11Z,-39.56,3.9,175.69,4.9,11.0,9.0,MLv,,,,1.4,0.4,8,1.2,nan,6,,,,1.2,0.3,6
2022p383275,2022-05-22T19:28:49Z,-37.39,10.3,177.32,11.2,81.0,13.0,M,,,,2.0,0.1,6,2.0,nan,4,,,,2.0,0.3,4
2022p383372,2022-05-22T20:20:37Z,-37.83,6.5,177.69,6.7,50.0,10.0,MLv,,,,2.0,0.4,7,2.0,nan,5,,,,2.0,0.4,5
2022p383448,2022-05-22T21:01:43Z,-40.81,2.9,175.32,2.4,21.0,4.0,MLv,,,,1.8,0.3,11,1.6,nan,6,,,,1.6,0.3,6
2022p383516,2022-05-22T21:37:27Z,-37.83,5.9,176.66,5.0,132.0,9.0,MLv,,,,,,,,,,,,,3.1,0.4,38
2022p383583,2022-05-22T22:13:26Z,-37.86,4.5,176.34,4.2,163.0,5.0,MLv,,,,3.5,0.5,6,,,,,,,4.6,0.5,119
2022p383635,2022-05-22T22:39:45Z,-33.17,26.2,178.63,44.1,346.0,44.0,MLv,4.5,0.2,2,3.9,0.2,6,4.1,nan,4,3.7,0.4,2,4.1,0.1,4
2022p383673,2022-05-22T23:01:26Z,-41.18,5.3,173.65,3.3,63.0,7.0,MLv,,,,2.7,0.3,6,,,,,,,2.8,0.4,6
2022p383682,2022-05-22T23:05:46Z,-39.86,3.4,176.69,3.8,33.0,7.0,M,,,,2.1,0.2,8,2.2,nan,7,,,,2.2,0.3,7
2022p383686,2022-05-22T23:08:24Z,-40.97,3.0,175.94,3.7,21.0,6.0,M,,,,1.7,0.2,9,1.8,nan,6,,,,1.8,0.2,6
2022p383710,2022-05-22T23:20:13Z,-35.03,6.8,-179.77,11.5,33.0,0.0,MLv,,,,4.2,0.2,19,,,,,,,4.4,0.1,24
2022p383770,2022-05-22T23:53:07Z,-44.76,2.5,168.72,2.3,5.0,0.0,MLv,,,,3.1,0.2,7,,,,,,,3.2,0.2,10
2022p383818,2022-05-23T00:18:31Z,-35.72,9.0,178.23,11.4,183.0,15.0,MLv,,,,3.5,0.3,15,,,,,,,3.5,0.2,10
2022p383940,2022-05-23T01:23:18Z,-44.75,3.4,168.71,2.7,5.0,0.0,MLv,,,,2.4,0.2,9,1.5,nan,1,,,,1.5,nan,1
2022p383955,2022-05-23T01:31:42Z,-41.2,2.4,174.89,2.2,14.0,4.0,M,,,,1.7,0.2,13,1.8,nan,6,,,,1.8,0.1,6
2022p383960,2022-05-23T01:34:17Z,-37.77,12.2,176.45,15.1,140.0,14.0,MLv,,,,,,,1.6,nan,3,,,,1.6,0.4,3
2022p384014,2022-05-23T02:03:11Z,-40.89,3.3,175.78,3.7,18.0,6.0,MLv,,,,1.4,0.2,6,,,,,,,1.3,0.4,2
2022p384034,2022-05-23T02:13:32Z,-42.59,2.1,172.78,3.0,5.0,0.0,M,,,,2.4,0.1,7,2.5,nan,6,,,,2.5,0.1,6
2022p384089,2022-05-23T02:42:41Z,-37.85,7.6,176.09,7.0,178.0,8.0,MLv,,,,,,,,,,,,,2.3,0.2,7
2022p384165,2022-05-23T03:23:09Z,-44.95,2.8,167.67,5.3,5.0,0.0,MLv,,,,2.6,0.3,10,2.3,nan,1,,,,2.3,nan,1
2022p384241,2022-05-23T04:03:59Z,-39.5,4.5,175.7,4.1,10.0,7.0,MLv,,,,1.5,0.3,11,1.3,nan,4,,,,1.3,0.4,4
2022p384401,2022-05-23T05:28:53Z,-35.05,14.2,178.7,12.9,209.0,23.0,MLv,,,,3.9,0.2,12,,,,,,,4.2,0.2,27
2022p384460,2022-05-23T06:00:20Z,-40.52,2.8,175.21,2.8,5.0,0.0,MLv,,,,1.6,0.2,12,1.9,nan,4,,,,1.9,0.2,4
2022p384669,2022-05-23T07:52:07Z,-39.28,2.8,175.07,1.9,5.0,0.0,MLv,,,,2.1,0.3,18,2.1,nan,11,,,,2.1,0.2,11
2022p384753,2022-05-23T08:35:57Z,-41.38,5.6,-179.19,4.7,33.0,0.0,MLv,,,,3.7,0.1,18,3.7,nan,3,,,,3.7,0.2,3
2022p384776,2022-05-23T08:48:41Z,-34.41,29.8,178.73,41.7,257.0,47.0,MLv,,,,3.5,0.1,10,,,,,,,3.7,0.1,4
2022p384924,2022-05-23T10:07:50Z,-38.51,3.2,178.04,3.7,26.0,4.0,MLv,,,,2.1,0.1,13,,,,,,,2.1,0.2,8
2022p384967,2022-05-23T10:30:29Z,-37.31,11.1,179.79,8.4,12.0,0.0,MLv,,,,2.9,0.2,11,2.9,nan,6,,,,2.9,0.1,6
2022p384988,2022-05-23T10:41:25Z,-36.29,11.3,177.75,18.7,12.0,0.0,M,,,,2.6,0.2,7,2.6,nan,3,,,,2.6,0.2,3
2022p384998,2022-05-23T10:47:34Z,-38.81,2.3,176.05,2.8,10.0,5.0,MLv,,,,1.7,0.2,13,1.8,nan,8,,,,1.8,0.2,8
2022p385153,2022-05-23T12:09:38Z,-40.6,4.9,175.74,3.2,25.0,8.0,MLv,,,,1.0,0.4,7,0.7,nan,4,,,,0.7,0.1,4
2022p385189,2022-05-23T12:28:50Z,-41.58,3.8,174.31,3.0,8.0,5.0,MLv,,,,2.4,0.2,17,2.5,nan,15,,,,2.5,0.1,15
2022p385195,2022-05-23T12:32:21Z,-38.54,9.2,175.64,9.0,145.0,14.0,M,,,,1.8,0.3,9,1.9,nan,3,,,,1.9,0.1,3
2022p385237,2022-05-23T12:54:24Z,-41.39,4.4,174.33,2.8,45.0,7.0,MLv,,,,1.8,0.2,10,,,,,,,1.5,0.5,4
2022p385242,2022-05-23T12:57:08Z,-45.77,2.3,170.14,1.8,5.0,0.0,MLv,,,,3.5,0.2,9,,,,,,,3.8,0.1,18
2022p385331,2022-05-23T13:44:43Z,-43.64,3.6,170.55,2.7,5.0,0.0,M,,,,2.1,0.2,6,2.0,nan,1,,,,2.0,nan,1
2022p385330,2022-05-23T13:45:06Z,-39.05,9.7,175.83,5.8,109.0,10.0,MLv,,,,1.1,0.5,8,1.2,nan,3,,,,1.2,0.2,3
2022p385402,2022-05-23T14:22:34Z,-40.96,2.9,175.39,2.7,5.0,0.0,M,,,,1.2,0.2,8,1.0,nan,4,,,,1.0,0.1,4
2022p385415,2022-05-23T14:29:29Z,-38.38,2.6,177.85,3.3,20.0,6.0,MLv,,,,2.2,0.2,10,,,,,,,2.1,0.2,6
2022p385476,2022-05-23T15:01:51Z,-37.37,7.4,177.61,6.5,26.0,8.0,M,,,,2.3,0.2,10,2.4,nan,4,,,,2.4,0.1,4
2022p385556,2022-05-23T15:44:49Z,-39.46,5.0,175.72,4.0,11.0,10.0,M,,,,1.3,0.3,11,1.3,nan,7,,,,1.3,0.3,7
2022p385573,2022-05-23T15:53:41Z,-38.76,10.5,175.43,6.2,75.0,12.0,MLv,,,,1.6,0.3,13,1.7,nan,3,,,,1.7,0.2,3
2022p385694,2022-05-23T16:58:12Z,-43.56,3.3,169.83,3.1,5.0,0.0,M,,,,2.3,0.2,6,2.6,nan,1,,,,2.6,nan,1
2022p385774,2022-05-23T17:40:50Z,-37.1,8.6,177.38,9.4,116.0,18.0,M,,,,2.2,0.1,6,2.4,nan,7,,,,2.4,0.1,7
2022p385786,2022-05-23T17:47:06Z,-40.61,3.0,175.86,2.6,23.0,4.0,MLv,,,,1.5,0.3,10,1.6,nan,4,,,,1.6,0.6,4
2022p385806,2022-05-23T17:57:43Z,-40.59,3.8,175.85,3.9,25.0,6.0,M,,,,1.2,0.3,8,1.0,nan,2,,,,1.0,0.4,2
2022p385966,2022-05-23T19:23:01Z,-37.42,14.8,176.56,13.3,190.0,14.0,M,,,,,,,2.2,nan,1,,,,2.2,nan,1
2022p386048,2022-05-23T20:06:27Z,-40.25,2.7,176.58,3.1,15.0,6.0,M,,,,1.9,0.1,8,1.8,nan,7,,,,1.8,0.2,7
2022p386055,2022-05-23T20:10:29Z,-40.57,2.8,175.88,2.8,23.0,5.0,MLv,,,,1.3,0.2,8,1.3,nan,4,,,,1.3,0.3,4
2022p386064,2022-05-23T20:15:03Z,-40.91,2.8,175.73,2.8,18.0,5.0,M,,,,1.5,0.2,11,1.3,nan,5,,,,1.3,0.3,5
2022p386122,2022-05-23T20:46:21Z,-38.94,6.0,176.09,4.3,78.0,7.0,MLv,,,,1.9,0.3,19,2.2,nan,13,,,,2.2,0.2,13
2022p386145,2022-05-23T20:58:19Z,-40.59,2.8,175.3,3.3,22.0,4.0,M,,,,2.6,0.2,17,2.5,nan,25,,,,2.5,0.2,25
2022p386182,2022-05-23T21:17:58Z,-40.78,4.2,176.68,5.7,20.0,5.0,MLv,,,,2.6,0.2,18,,,,,,,2.6,0.2,18
2022p386186,2022-05-23T21:19:54Z,-40.78,4.6,176.68,5.9,21.0,5.0,MLv,,,,2.4,0.2,13,2.5,nan,11,,,,2.5,0.2,11
2022p386252,2022-05-23T21:55:35Z,-38.3,9.6,176.27,7.6,110.0,11.0,MLv,,,,,,,2.1,nan,2,,,,2.1,0.2,2
2022p386286,2022-05-23T22:13:52Z,-41.2,7.1,172.6,6.5,110.0,9.0,M,,,,,,,1.6,nan,2,,,,1.6,0.5,2
2022p386364,2022-05-23T22:55:04Z,-41.5,2.6,174.1,3.0,27.0,4.0,MLv,,,,2.0,0.1,12,2.0,nan,5,,,,2.0,0.3,5
2022p386394,2022-05-23T23:11:02Z,-39.16,5.2,177.7,4.8,17.0,6.0,M,,,,1.9,0.2,8,1.8,nan,4,,,,1.8,0.3,4
2022p386405,2022-05-23T23:16:51Z,-37.07,7.5,177.18,9.7,89.0,20.0,MLv,,,,2.5,0.3,11,,,,,,,2.5,0.2,6
2022p386428,2022-05-23T23:29:04Z,-40.65,1.9,175.84,2.1,20.0,3.0,MLv,,,,3.2,0.2,18,,,,,,,3.2,0.2,46
2022p386448,2022-05-23T23:39:49Z,-39.31,3.6,175.37,5.0,21.0,8.0,MLv,,,,1.0,0.3,7,0.8,nan,3,,,,0.8,0.0,3
2022p386452,2022-05-23T23:41:46Z,-38.07,3.1,176.58,2.8,5.0,0.0,M,,,,1.9,0.3,8,2.0,nan,8,,,,2.0,0.3,8
2022p386484,2022-05-23T23:59:01Z,-41.76,4.5,174.25,5.5,13.0,7.0,MLv,,,,1.7,0.4,8,1.2,nan,2,,,,1.2,0.4,2
2022p386511,2022-05-24T00:13:23Z,-40.77,4.8,176.68,6.3,20.0,6.0,MLv,,,,2.7,0.2,12,,,,,,,2.7,0.1,19
2022p386639,2022-05-24T01:21:36Z,-41.29,5.3,172.88,5.0,79.0,7.0,M,,,,2.0,0.3,9,1.7,nan,3,,,,1.7,0.7,3
2022p386688,2022-05-24T01:47:33Z,-38.29,3.2,176.37,2.3,5.0,0.0,MLv,,,,1.7,0.2,12,,,,,,,1.7,0.2,10
2022p386739,2022-05-24T02:14:40Z,-38.89,7.9,175.94,6.0,84.0,8.0,MLv,,,,1.7,0.2,6,,,,,,,1.9,0.3,12
2022p386770,2022-05-24T02:31:21Z,-38.91,8.3,178.67,8.5,33.0,0.0,MLv,,,,2.3,0.1,10,2.3,nan,7,,,,2.3,0.2,7
2022p386827,2022-05-24T03:01:34Z,-38.52,4.3,177.5,4.2,43.0,7.0,M,,,,1.6,0.3,8,1.5,nan,2,,,,1.5,0.1,2
2022p386834,2022-05-24T03:05:27Z,-38.07,3.1,176.58,2.9,4.0,4.0,M,,,,1.7,0.3,12,1.8,nan,6,,,,1.8,0.2,6
2022p386890,2022-05-24T03:35:01Z,-38.13,3.8,177.92,3.3,27.0,7.0,MLv,,,,1.6,0.2,8,1.6,nan,3,,,,1.6,0.1,3
2022p386897,2022-05-24T03:38:46Z,-40.38,2.8,175.12,4.2,35.0,5.0,MLv,,,,2.4,0.2,12,2.4,nan,31,,,,2.4,0.2,31
2022p387023,2022-05-24T04:46:01Z,-43.03,3.6,171.07,2.8,5.0,0.0,MLv,,,,2.1,0.3,7,2.0,nan,6,,,,2.0,0.3,6
2022p387067,2022-05-24T05:09:35Z,-37.86,7.3,176.29,6.0,174.0,9.0,MLv,,,,,,,,,,,,,3.0,0.3,47
2022p387213,2022-05-24T06:27:20Z,-39.76,3.9,176.81,4.1,35.0,7.0,M,,,,1.5,0.3,9,1.4,nan,4,,,,1.4,0.5,4
2022p387221,2022-05-24T06:31:27Z,-37.42,14.1,-179.89,8.0,33.0,0.0,MLv,,,,2.9,0.1,12,,,,,,,2.8,0.1,6
2022p387222,2022-05-24T06:32:28Z,-39.62,2.5,175.68,2.7,5.0,3.0,MLv,,,,1.6,0.3,12,0.8,nan,2,,,,0.8,0.2,2
2022p387244,2022-05-24T06:44:05Z,-40.7,2.8,175.82,2.9,24.0,6.0,M,,,,1.3,0.1,10,1.3,nan,4,,,,1.3,0.2,4
2022p387262,2022-05-24T06:53:21Z,-37.08,4.5,179.03,7.8,12.0,0.0,MLv,,,,3.2,0.2,18,,,,,,,3.3,0.2,29
2022p387303,2022-05-24T07:15:04Z,-38.14,4.8,176.49,4.1,5.0,13.0,MLv,,,,2.5,0.3,12,,,,,,,2.5,0.2,31
2022p387339,2022-05-24T07:34:19Z,-38.84,3.3,177.84,4.2,23.0,5.0,MLv,,,,1.8,0.3,13,1.7,nan,7,,,,1.7,0.2,7
2022p387403,2022-05-24T08:08:50Z,-37.77,7.7,176.23,6.1,180.0,9.0,MLv,,,,,,,,,,,,,2.8,0.2,25
2022p387525,2022-05-24T09:14:02Z,-39.74,4.2,176.77,4.8,38.0,10.0,MLv,,,,1.2,0.3,7,0.8,nan,4,,,,0.8,0.5,4
2022p387565,2022-05-24T09:34:29Z,-37.32,8.9,177.06,9.3,123.0,11.0,MLv,,,,2.1,0.2,8,2.8,nan,1,,,,2.8,nan,1
2022p387629,2022-05-24T10:08:56Z,-40.03,3.6,175.04,4.6,27.0,7.0,M,,,,2.0,0.3,11,2.2,nan,12,,,,2.2,0.3,12
2022p387635,2022-05-24T10:12:22Z,-40.36,2.4,175.93,3.1,20.0,4.0,MLv,,,,1.3,0.2,13,1.2,nan,4,,,,1.2,0.5,4
2022p387653,2022-05-24T10:21:55Z,-40.53,2.8,175.89,3.2,46.0,6.0,MLv,,,,1.9,0.3,13,2.0,nan,13,,,,2.0,0.2,13
2022p387693,2022-05-24T10:42:51Z,-38.13,5.1,176.02,6.7,142.0,13.0,MLv,,,,2.0,0.1,7,2.3,nan,4,,,,2.3,0.5,4
2022p387702,2022-05-24T10:47:52Z,-39.35,2.4,176.82,3.0,27.0,4.0,MLv,,,,1.6,0.2,15,1.6,nan,6,,,,1.6,0.2,6
2022p387710,2022-05-24T10:52:08Z,-43.2,3.2,170.91,2.3,5.0,0.0,MLv,,,,2.2,0.2,7,2.3,nan,3,,,,2.3,0.3,3
2022p387803,2022-05-24T11:41:54Z,-39.54,2.7,175.66,2.1,11.0,5.0,MLv,,,,1.5,0.4,14,1.6,nan,7,,,,1.6,0.3,7
2022p387866,2022-05-24T12:15:24Z,-38.13,4.2,176.27,4.7,106.0,10.0,MLv,,,,1.9,0.1,8,1.9,nan,5,,,,1.9,0.2,5
2022p387924,2022-05-24T12:46:12Z,-41.66,2.9,174.23,5.9,8.0,7.0,M,,,,1.4,0.3,8,1.2,nan,4,,,,1.2,0.3,4
2022p387967,2022-05-24T13:09:10Z,-38.07,2.8,176.58,2.5,5.0,0.0,MLv,,,,1.7,0.4,13,,,,,,,1.9,0.3,13
2022p387972,2022-05-24T13:11:58Z,-37.73,17.2,176.76,8.8,35.0,16.0,M,,,,2.0,0.4,9,1.7,nan,1,,,,1.7,nan,1
2022p388102,2022-05-24T14:21:14Z,-40.62,2.5,176.08,3.0,20.0,5.0,MLv,,,,1.4,0.2,12,,,,,,,1.6,0.5,7
2022p388256,2022-05-24T15:42:51Z,-39.01,4.8,177.99,6.3,20.0,6.0,M,,,,1.8,0.3,13,1.4,nan,1,,,,1.4,nan,1
2022p388273,2022-05-24T15:52:44Z,-38.33,14.2,176.09,15.6,147.0,11.0,MLv,,,,1.8,0.2,7,1.6,nan,1,,,,1.6,nan,1
2022p388315,2022-05-24T16:14:19Z,-38.03,3.5,176.77,2.4,5.0,0.0,MLv,,,,1.7,0.2,15,,,,,,,1.8,0.2,7
2022p388329,2022-05-24T16:21:51Z,-38.9,7.0,178.59,10.9,26.0,9.0,MLv,,,,2.0,0.2,10,1.9,nan,1,,,,1.9,nan,1
2022p388336,2022-05-24T16:25:31Z,-46.85,7.7,165.97,8.2,12.0,0.0,ML,,,,3.2,nan,1,,,,,,,2.8,0.0,2
2022p388340,2022-05-24T16:27:34Z,-40.42,2.5,175.83,3.3,20.0,6.0,MLv,,,,1.4,0.2,11,,,,,,,1.4,0.5,5
2022p388387,2022-05-24T16:52:44Z,-37.5,12.1,179.91,8.3,33.0,0.0,MLv,,,,2.6,0.2,11,2.7,nan,2,,,,2.7,0.0,2
2022p388425,2022-05-24T17:12:52Z,-38.37,9.4,178.7,11.4,28.0,9.0,M,,,,2.0,0.2,9,1.9,nan,2,,,,1.9,0.1,2
2022p388492,2022-05-24T17:48:54Z,-38.79,2.2,176.02,2.9,5.0,0.0,MLv,,,,1.8,0.3,15,,,,,,,1.9,0.4,12
2022p388496,2022-05-24T17:50:27Z,-34.16,29.5,-179.13,32.9,228.0,46.0,MLv,4.0,nan,1,3.7,0.1,8,3.8,nan,3,3.0,0.4,1,3.8,0.1,3
2022p388501,2022-05-24T17:53:43Z,-37.14,14.1,-179.79,9.5,12.0,0.0,MLv,,,,2.8,0.2,9,3.0,nan,4,,,,3.0,0.2,4
2022p388516,2022-05-24T18:01:41Z,-44.41,4.3,167.83,5.3,5.0,0.0,ML,,,,1.8,nan,1,2.4,nan,2,,,,2.4,0.8,2
2022p388563,2022-05-24T18:26:27Z,-40.63,3.1,174.56,2.2,12.0,0.0,MLv,,,,2.5,0.2,12,2.4,nan,14,,,,2.4,0.2,14
2022p388581,2022-05-24T18:36:17Z,-40.91,3.3,174.68,3.0,5.0,0.0,MLv,,,,2.0,0.1,9,2.0,nan,6,,,,2.0,0.2,6
2022p388635,2022-05-24T19:04:51Z,-40.63,3.7,175.83,2.7,20.0,7.0,MLv,,,,1.3,0.3,7,1.0,nan,4,,,,1.0,0.0,4
2022p388691,2022-05-24T19:34:56Z,-39.74,4.1,174.19,4.8,106.0,8.0,MLv,,,,2.5,0.2,8,2.6,nan,19,,,,2.6,0.2,19
2022p388741,2022-05-24T20:01:30Z,-39.66,3.8,176.5,5.3,49.0,10.0,MLv,,,,1.6,0.3,7,1.2,nan,3,,,,1.2,0.6,3
2022p388772,2022-05-24T20:17:47Z,-40.02,10.8,173.66,7.9,197.0,13.0,M,,,,,,,2.4,nan,2,,,,2.4,0.0,2
2022p389013,2022-05-24T22:26:21Z,-41.22,5.5,172.58,5.6,113.0,7.0,MLv,,,,,,,2.4,nan,6,,,,2.4,0.4,6
2022p389089,2022-05-24T23:07:00Z,-38.69,10.9,175.81,16.4,140.0,9.0,M,,,,2.2,0.4,4,2.4,nan,5,,,,2.4,0.5,5
2022p389175,2022-05-24T23:52:38Z,-40.33,5.0,175.39,5.6,26.0,12.0,MLv,,,,1.8,0.3,9,1.9,nan,7,,,,1.9,0.2,7
2022p389204,2022-05-25T00:08:04Z,-38.21,6.1,175.76,6.7,168.0,9.0,MLv,,,,,,,,,,,,,2.8,0.3,20
2022p389358,2022-05-25T01:29:57Z,-38.68,9.1,175.79,7.4,100.0,11.0,M,,,,1.9,0.2,8,2.3,nan,10,,,,2.3,0.3,10
2022p389378,2022-05-25T01:40:50Z,-38.63,4.9,176.55,6.6,47.0,9.0,MLv,,,,1.9,0.2,13,,,,,,,1.7,0.3,7
2022p389439,2022-05-25T02:13:18Z,-39.67,2.1,175.96,2.8,5.0,0.0,M,,,,2.0,0.3,11,2.0,nan,11,,,,2.0,0.3,11
2022p389471,2022-05-25T02:30:12Z,-39.37,5.0,175.23,5.3,79.0,6.0,MLv,,,,2.3,0.3,16,,,,,,,2.5,0.4,28
2022p389536,2022-05-25T03:05:05Z,-40.28,3.2,176.65,5.8,15.0,5.0,MLv,,,,1.7,0.1,8,1.7,nan,11,,,,1.7,0.2,11
2022p389551,2022-05-25T03:13:06Z,-38.82,3.9,177.63,3.9,25.0,6.0,MLv,,,,1.8,0.2,11,1.7,nan,7,,,,1.7,0.3,7
2022p389563,2022-05-25T03:19:38Z,-37.74,11.5,176.14,12.2,194.0,11.0,MLv,,,,,,,,,,,,,2.1,0.1,6
2022p389736,2022-05-25T04:51:22Z,-41.4,4.4,175.04,2.8,21.0,6.0,MLv,,,,1.9,0.2,7,1.9,nan,10,,,,1.9,0.3,10
2022p389745,2022-05-25T04:56:38Z,-40.93,3.3,175.45,3.1,19.0,7.0,MLv,,,,1.1,0.2,6,1.0,nan,7,,,,1.0,0.2,7
2022p389778,2022-05-25T05:13:22Z,-37.51,8.3,179.94,7.2,33.0,0.0,MLv,,,,3.4,0.2,13,,,,,,,3.4,0.1,16
2022p389800,2022-05-25T05:25:53Z,-37.59,11.7,179.83,6.8,12.0,0.0,MLv,,,,2.7,0.2,12,2.5,nan,7,,,,2.5,0.2,7
2022p389885,2022-05-25T06:10:42Z,-37.61,10.6,179.9,6.9,12.0,0.0,MLv,,,,2.7,0.2,13,2.6,nan,6,,,,2.6,0.1,6
2022p389956,2022-05-25T06:48:50Z,-38.55,11.6,175.94,8.2,121.0,11.0,M,,,,1.9,0.2,10,2.4,nan,17,,,,2.4,0.2,17
2022p390057,2022-05-25T07:42:33Z,-39.92,3.6,176.68,4.0,34.0,7.0,M,,,,1.3,0.3,6,1.4,nan,2,,,,1.4,0.4,2
2022p390145,2022-05-25T08:29:34Z,-43.42,2.7,172.08,2.7,5.0,0.0,MLv,,,,2.0,0.4,7,1.0,nan,2,,,,1.0,0.3,2
2022p390169,2022-05-25T08:42:25Z,-40.61,2.3,174.56,2.0,12.0,0.0,MLv,,,,2.6,0.2,22,,,,,,,2.7,0.2,24
2022p390178,2022-05-25T08:46:56Z,-41.05,9.5,172.72,7.8,161.0,8.0,M,,,,,,,2.4,nan,2,,,,2.4,0.4,2
2022p390190,2022-05-25T08:53:47Z,-40.53,4.9,175.91,4.4,27.0,12.0,M,,,,,,,1.3,nan,1,,,,1.3,nan,1
2022p390272,2022-05-25T09:36:57Z,-39.29,4.5,176.16,3.4,38.0,9.0,MLv,,,,1.3,0.3,13,1.0,nan,5,,,,1.0,0.3,5
2022p390498,2022-05-25T11:37:40Z,-40.46,2.6,174.5,3.6,32.0,8.0,MLv,,,,3.1,0.2,18,,,,,,,3.0,0.2,36
2022p390564,2022-05-25T12:12:57Z,-43.12,2.0,171.43,1.8,5.0,0.0,MLv,,,,3.6,0.2,12,,,,,,,3.6,0.1,23
2022p390593,2022-05-25T12:28:05Z,-40.48,3.0,173.76,4.7,88.0,9.0,MLv,,,,2.3,0.4,7,,,,,,,2.2,0.5,2
2022p390651,2022-05-25T12:59:09Z,-39.87,2.3,176.61,3.7,20.0,5.0,M,,,,1.6,0.3,12,1.3,nan,7,,,,1.3,0.2,7
2022p390725,2022-05-25T13:38:32Z,-38.25,5.9,178.6,8.4,24.0,9.0,M,,,,2.0,0.2,8,2.2,nan,4,,,,2.2,0.1,4
2022p390832,2022-05-25T14:35:25Z,-37.65,14.6,175.99,11.9,247.0,13.0,MLv,,,,2.4,0.1,7,2.2,nan,5,,,,2.2,0.3,5
2022p390902,2022-05-25T15:12:35Z,-39.49,4.2,175.72,4.8,17.0,8.0,M,,,,1.4,0.2,13,1.4,nan,4,,,,1.4,0.2,4
2022p390905,2022-05-25T15:14:44Z,-38.87,3.2,175.96,2.7,5.0,0.0,MLv,,,,1.6,0.1,13,1.6,nan,10,,,,1.6,0.2,10
2022p390937,2022-05-25T15:31:43Z,-40.08,2.3,176.34,3.3,23.0,5.0,MLv,,,,1.5,0.4,13,1.4,nan,4,,,,1.4,0.4,4
2022p390965,2022-05-25T15:46:38Z,-39.77,3.2,176.8,3.5,35.0,6.0,MLv,,,,1.7,0.3,10,1.3,nan,4,,,,1.3,0.3,4
2022p391045,2022-05-25T16:28:51Z,-40.89,2.9,175.79,3.0,19.0,5.0,MLv,,,,1.8,0.2,12,1.6,nan,5,,,,1.6,0.2,5
2022p391069,2022-05-25T16:41:33Z,-38.72,6.6,178.83,12.7,12.0,0.0,M,,,,2.0,0.2,12,2.2,nan,1,,,,2.2,nan,1
2022p391091,2022-05-25T16:53:34Z,-39.04,4.7,177.49,2.9,19.0,6.0,M,,,,1.9,0.2,12,1.9,nan,6,,,,1.9,0.1,6
2022p391117,2022-05-25T17:07:22Z,-43.13,2.3,171.43,2.1,5.0,0.0,MLv,,,,2.4,0.3,7,,,,,,,2.2,0.1,3
2022p391126,2022-05-25T17:12:01Z,-39.71,2.8,175.71,3.7,5.0,0.0,M,,,,1.8,0.3,12,1.5,nan,3,,,,1.5,0.5,3
2022p391225,2022-05-25T18:05:04Z,-39.2,5.4,174.75,3.9,21.0,7.0,M,,,,2.6,0.2,13,2.6,nan,14,,,,2.6,0.2,14
2022p391282,2022-05-25T18:35:14Z,-38.44,7.1,176.16,6.8,86.0,13.0,M,,,,2.0,0.2,10,1.7,nan,2,,,,1.7,0.0,2
2022p391331,2022-05-25T19:01:18Z,-38.91,3.2,177.83,4.1,23.0,4.0,M,,,,2.0,0.3,13,2.1,nan,7,,,,2.1,0.2,7
2022p391332,2022-05-25T19:01:28Z,-42.13,2.9,172.34,3.4,52.0,7.0,MLv,,,,3.4,0.3,5,,,,,,,3.6,0.2,26
2022p391429,2022-05-25T19:53:36Z,-39.52,8.7,175.68,6.2,16.0,11.0,MLv,,,,1.5,0.3,8,1.5,nan,4,,,,1.5,0.4,4
2022p391533,2022-05-25T20:49:24Z,-40.64,4.9,174.57,3.1,5.0,0.0,M,,,,1.9,0.2,8,1.6,nan,4,,,,1.6,0.3,4
2022p391537,2022-05-25T20:51:06Z,-43.19,3.1,170.89,2.8,5.0,0.0,M,,,,2.2,0.2,7,2.1,nan,2,,,,2.1,0.5,2
2022p391578,2022-05-25T21:13:15Z,-40.83,7.4,174.74,5.2,55.0,9.0,M,,,,1.9,0.2,13,1.8,nan,7,,,,1.8,0.3,7
2022p391621,2022-05-25T21:36:04Z,-37.01,23.3,176.41,20.5,260.0,20.0,MLv,,,,,,,2.9,nan,5,,,,2.9,0.5,5
2022p391750,2022-05-25T22:44:22Z,-38.26,18.5,176.23,23.7,133.0,14.0,M,,,,,,,2.3,nan,4,,,,2.3,0.2,4
2022p391911,2022-05-26T00:10:31Z,-39.2,4.4,173.88,5.6,11.0,4.0,M,,,,2.0,0.3,8,1.8,nan,3,,,,1.8,0.6,3
2022p391928,2022-05-26T00:19:40Z,-43.37,2.8,170.75,2.9,5.0,0.0,M,,,,2.2,0.2,7,2.1,nan,3,,,,2.1,0.1,3
2022p392059,2022-05-26T01:29:07Z,-38.57,4.1,177.47,4.3,57.0,7.0,M,,,,1.8,0.4,13,1.4,nan,6,,,,1.4,0.4,6
2022p392150,2022-05-26T02:17:55Z,-40.66,3.0,176.22,2.8,23.0,4.0,MLv,,,,2.1,0.2,13,,,,,,,2.0,0.2,9
2022p392228,2022-05-26T02:59:09Z,-41.93,2.9,173.23,3.4,33.0,5.0,M,,,,2.1,0.3,7,2.5,nan,2,,,,2.5,0.6,2
2022p392325,2022-05-26T03:51:12Z,-40.91,3.1,175.44,3.0,22.0,6.0,MLv,,,,1.8,0.3,11,1.9,nan,8,,,,1.9,0.3,8
2022p392371,2022-05-26T04:15:41Z,-38.09,3.9,176.72,3.7,5.0,6.0,MLv,,,,1.8,0.1,8,,,,,,,1.7,0.2,6
2022p392378,2022-05-26T04:19:02Z,-38.09,3.0,176.71,2.8,4.0,3.0,MLv,,,,1.9,0.2,12,1.9,nan,6,,,,1.9,0.2,6
2022p392607,2022-05-26T06:21:29Z,-44.24,2.2,168.76,3.5,5.0,0.0,MLv,,,,2.5,0.1,9,2.5,nan,3,,,,2.5,0.3,3
2022p392613,2022-05-26T06:24:32Z,-40.91,3.3,175.7,2.9,20.0,7.0,M,,,,1.4,0.2,7,1.4,nan,3,,,,1.4,0.4,3
2022p392630,2022-05-26T06:33:30Z,-38.29,6.3,176.06,9.3,71.0,18.0,MLv,,,,2.0,0.2,13,,,,,,,1.9,0.2,4
2022p392768,2022-05-26T07:47:04Z,-39.21,4.0,174.75,2.7,22.0,6.0,MLv,,,,2.1,0.3,8,1.7,nan,6,,,,1.7,0.3,6
2022p392771,2022-05-26T07:48:56Z,-40.07,3.5,176.54,3.5,38.0,7.0,MLv,,,,1.4,0.3,8,1.4,nan,2,,,,1.4,0.1,2
2022p392774,2022-05-26T07:50:08Z,-39.71,3.5,177.14,6.6,17.0,5.0,MLv,,,,1.8,0.3,8,1.9,nan,4,,,,1.9,0.3,4
2022p392784,2022-05-26T07:55:28Z,-37.96,5.2,176.17,5.2,151.0,9.0,MLv,,,,,,,,,,,,,2.0,0.2,5
2022p392792,2022-05-26T08:00:01Z,-40.58,3.6,175.89,3.0,24.0,6.0,MLv,,,,1.2,0.3,8,1.1,nan,1,,,,1.1,nan,1
2022p392807,2022-05-26T08:07:45Z,-39.58,9.2,174.27,8.0,205.0,8.0,M,,,,2.0,0.3,6,2.6,nan,19,,,,2.6,0.2,19
2022p392856,2022-05-26T08:34:04Z,-41.71,2.3,174.12,2.9,8.0,4.0,MLv,,,,2.0,0.3,9,,,,,,,1.5,0.3,4
2022p392993,2022-05-26T09:46:57Z,-38.66,4.4,175.98,4.4,81.0,8.0,M,,,,2.4,0.3,18,2.5,nan,31,,,,2.5,0.3,31
2022p393193,2022-05-26T11:33:39Z,-39.19,4.9,175.2,3.4,19.0,7.0,M,,,,1.6,0.4,12,1.4,nan,7,,,,1.4,0.2,7
2022p393211,2022-05-26T11:43:16Z,-38.66,8.6,175.95,8.0,69.0,15.0,M,,,,2.0,0.2,13,1.8,nan,4,,,,1.8,0.3,4
2022p393224,2022-05-26T11:50:05Z,-40.08,4.0,176.51,7.9,41.0,11.0,M,,,,1.3,0.3,8,1.1,nan,1,,,,1.1,nan,1
2022p393298,2022-05-26T12:29:43Z,-38.78,2.5,175.96,2.8,6.0,7.0,M,,,,1.8,0.2,10,1.8,nan,9,,,,1.8,0.2,9
2022p393360,2022-05-26T13:02:27Z,-41.78,3.0,173.68,4.1,29.0,6.0,M,,,,1.9,0.2,6,1.8,nan,1,,,,1.8,nan,1
2022p393425,2022-05-26T13:36:57Z,-39.31,3.4,173.87,4.4,13.0,8.0,M,,,,1.6,0.1,7,1.6,nan,3,,,,1.6,0.4,3
2022p393453,2022-05-26T13:52:02Z,-41.19,6.4,174.34,3.7,30.0,5.0,M,,,,1.7,0.3,7,1.3,nan,2,,,,1.3,0.6,2
2022p393556,2022-05-26T14:46:59Z,-40.61,5.7,174.56,2.7,5.0,0.0,M,,,,1.7,0.1,8,1.6,nan,3,,,,1.6,0.4,3
2022p393601,2022-05-26T15:10:42Z,-40.1,2.4,174.99,4.9,26.0,4.0,M,,,,2.0,0.2,14,2.1,nan,4,,,,2.1,0.2,4
2022p393692,2022-05-26T15:59:18Z,-41.36,4.9,172.63,5.3,83.0,6.0,M,,,,2.4,0.4,9,1.6,nan,1,,,,1.6,nan,1
2022p393714,2022-05-26T16:11:02Z,-38.82,2.4,176.04,4.0,8.0,7.0,M,,,,2.5,0.2,12,2.6,nan,33,,,,2.6,0.2,33
2022p393718,2022-05-26T16:13:09Z,-39.86,4.6,175.1,5.8,65.0,8.0,M,,,,2.2,0.3,10,2.2,nan,8,,,,2.2,0.2,8
2022p393725,2022-05-26T16:16:51Z,-38.31,15.4,176.03,13.4,139.0,16.0,M,,,,2.1,0.4,6,2.4,nan,16,,,,2.4,0.2,16
2022p393772,2022-05-26T16:42:27Z,-39.31,3.3,173.87,5.2,13.0,9.0,M,,,,1.3,0.2,6,1.5,nan,2,,,,1.5,0.0,2
2022p393775,2022-05-26T16:43:49Z,-40.44,2.7,176.06,3.5,31.0,6.0,M,,,,1.4,0.2,8,1.4,nan,3,,,,1.4,0.1,3
2022p393788,2022-05-26T16:50:38Z,-39.16,4.6,177.51,4.8,20.0,6.0,M,,,,1.9,0.2,12,1.8,nan,2,,,,1.8,0.2,2
2022p393807,2022-05-26T17:00:53Z,-37.98,8.3,177.47,7.6,72.0,10.0,M,,,,1.8,0.3,8,1.9,nan,5,,,,1.9,0.3,5
2022p393825,2022-05-26T17:10:22Z,-39.31,3.2,173.87,4.5,12.0,6.0,M,,,,1.7,0.2,6,1.6,nan,3,,,,1.6,0.3,3
2022p393874,2022-05-26T17:36:23Z,-40.09,2.5,174.99,3.4,20.0,5.0,M,,,,2.2,0.1,14,2.3,nan,15,,,,2.3,0.2,15
2022p393929,2022-05-26T18:05:47Z,-39.31,3.5,173.86,5.3,14.0,8.0,M,,,,1.8,0.2,7,1.7,nan,3,,,,1.7,0.4,3
2022p393967,2022-05-26T18:25:39Z,-39.31,2.5,173.87,4.0,12.0,3.0,M,,,,2.3,0.2,11,2.3,nan,10,,,,2.3,0.2,10
2022p394028,2022-05-26T18:58:33Z,-39.31,2.7,173.87,3.9,13.0,4.0,M,,,,1.8,0.1,6,1.8,nan,3,,,,1.8,0.3,3
2022p394070,2022-05-26T19:20:55Z,-37.43,10.8,178.05,8.1,53.0,10.0,MLv,,,,2.0,0.3,10,2.0,nan,4,,,,2.0,0.2,4
2022p394086,2022-05-26T19:29:02Z,-40.91,3.1,174.91,3.3,40.0,6.0,M,,,,2.0,0.2,11,2.1,nan,9,,,,2.1,0.3,9
2022p394114,2022-05-26T19:44:28Z,-38.35,5.3,177.21,4.4,25.0,10.0,M,,,,1.6,0.2,9,1.7,nan,2,,,,1.7,0.3,2
2022p394122,2022-05-26T19:48:35Z,-38.33,5.9,177.21,4.3,31.0,12.0,M,,,,1.5,0.2,6,1.4,nan,4,,,,1.4,0.4,4
2022p394125,2022-05-26T19:49:59Z,-38.53,2.8,176.25,3.9,5.0,0.0,M,,,,1.7,0.2,10,1.8,nan,8,,,,1.8,0.2,8
2022p394126,2022-05-26T19:50:32Z,-39.17,5.5,174.79,3.0,28.0,6.0,M,,,,2.0,0.2,13,2.1,nan,3,,,,2.1,0.2,3
2022p394161,2022-05-26T20:09:16Z,-37.39,7.2,177.08,5.8,12.0,8.0,M,,,,2.1,0.2,10,2.4,nan,4,,,,2.4,0.6,4
2022p394163,2022-05-26T20:10:14Z,-38.76,3.1,177.89,4.1,27.0,5.0,M,,,,1.8,0.2,10,1.8,nan,6,,,,1.8,0.2,6
2022p394193,2022-05-26T20:26:17Z,-40.64,6.3,174.31,3.9,33.0,8.0,M,,,,1.8,0.2,8,2.1,nan,2,,,,2.1,0.0,2
2022p394270,2022-05-26T21:07:11Z,-39.59,4.3,175.38,4.7,53.0,9.0,M,,,,2.3,0.3,12,2.6,nan,29,,,,2.6,0.2,29
2022p394399,2022-05-26T22:16:10Z,-40.11,2.6,174.94,4.5,12.0,0.0,M,,,,1.8,0.1,12,1.8,nan,5,,,,1.8,0.1,5
2022p394435,2022-05-26T22:35:12Z,-38.7,6.8,176.05,8.3,76.0,10.0,M,,,,1.9,0.3,13,1.7,nan,2,,,,1.7,0.2,2
2022p394527,2022-05-26T23:23:58Z,-38.45,3.9,177.79,3.5,34.0,8.0,M,,,,1.6,0.2,7,1.6,nan,5,,,,1.6,0.3,5
2022p394566,2022-05-26T23:45:19Z,-40.41,4.4,174.3,3.4,66.0,12.0,M,,,,2.1,0.2,9,2.1,nan,4,,,,2.1,0.2,4
2022p394588,2022-05-26T23:56:53Z,-36.86,5.3,177.54,6.1,149.0,9.0,MLv,,,,3.2,0.4,6,,,,,,,3.8,0.4,61
2022p394641,2022-05-27T00:25:15Z,-38.81,2.3,176.02,2.6,5.0,0.0,M,,,,2.3,0.3,22,2.3,nan,27,,,,2.3,0.2,27
2022p394652,2022-05-27T00:31:04Z,-40.97,2.4,175.06,2.4,21.0,3.0,M,,,,1.9,0.2,14,1.9,nan,12,,,,1.9,0.2,12
2022p394660,2022-05-27T00:35:16Z,-39.31,2.6,173.87,4.2,10.0,3.0,M,,,,2.1,0.2,10,2.0,nan,8,,,,2.0,0.1,8
2022p394820,2022-05-27T02:00:17Z,-39.9,3.5,176.58,4.4,36.0,6.0,M,,,,1.6,0.3,8,1.4,nan,3,,,,1.4,0.3,3
2022p394854,2022-05-27T02:18:09Z,-38.2,11.6,176.08,12.2,146.0,14.0,M,,,,2.0,0.2,8,1.6,nan,1,,,,1.6,nan,1
2022p395052,2022-05-27T04:03:59Z,-39.31,2.8,173.88,3.7,10.0,5.0,M,,,,1.9,0.1,7,1.9,nan,5,,,,1.9,0.2,5
2022p395091,2022-05-27T04:24:41Z,-40.22,2.8,176.35,4.7,40.0,7.0,MLv,,,,1.6,0.3,12,1.7,nan,6,,,,1.7,0.3,6
2022p395120,2022-05-27T04:40:06Z,-39.25,5.0,175.74,5.5,68.0,8.0,M,,,,1.3,0.5,10,1.2,nan,5,,,,1.2,0.6,5
2022p395190,2022-05-27T05:17:34Z,-37.45,16.1,179.93,9.7,33.0,0.0,M,,,,2.8,0.1,7,2.8,nan,4,,,,2.8,0.0,4
2022p395251,2022-05-27T05:50:05Z,-38.35,2.8,178.59,5.1,12.0,0.0,M,,,,3.3,0.3,15,3.3,nan,30,,,,3.3,0.2,30
2022p395256,2022-05-27T05:52:31Z,-40.87,3.2,174.7,2.3,25.0,4.0,MLv,,,,2.8,0.2,20,,,,,,,2.8,0.2,33
2022p395279,2022-05-27T06:05:25Z,-38.36,5.7,177.99,6.0,29.0,9.0,MLv,,,,1.5,0.1,6,1.4,nan,4,,,,1.4,0.2,4
2022p395327,2022-05-27T06:30:38Z,-38.83,2.9,175.95,3.6,5.0,0.0,M,,,,1.4,0.3,8,1.5,nan,1,,,,1.5,nan,1
2022p395365,2022-05-27T06:50:29Z,-43.43,2.1,171.49,2.7,5.0,0.0,MLv,,,,2.0,0.2,11,1.9,nan,1,,,,1.9,nan,1
2022p395395,2022-05-27T07:06:54Z,-43.6,2.2,172.65,2.3,3.0,2.0,MLv,,,,1.7,0.2,8,1.6,nan,3,,,,1.6,0.1,3
2022p395425,2022-05-27T07:22:26Z,-39.31,2.8,173.88,4.3,13.0,7.0,MLv,,,,1.7,0.2,6,1.8,nan,5,,,,1.8,0.3,5
2022p395589,2022-05-27T08:50:21Z,-39.98,2.3,175.87,3.4,30.0,4.0,MLv,,,,2.1,0.2,22,,,,,,,2.2,0.2,17
2022p395605,2022-05-27T08:58:26Z,-40.13,2.1,174.96,3.0,19.0,5.0,MLv,,,,1.9,0.2,15,,,,,,,1.9,0.2,17
2022p395625,2022-05-27T09:09:09Z,-38.96,2.9,177.67,3.0,20.0,4.0,M,,,,1.9,0.2,16,1.9,nan,7,,,,1.9,0.1,7
2022p395706,2022-05-27T09:52:43Z,-39.31,2.8,173.87,4.0,13.0,7.0,MLv,,,,1.6,0.1,6,1.6,nan,4,,,,1.6,0.3,4
2022p395815,2022-05-27T10:50:24Z,-38.09,7.1,176.27,6.8,100.0,15.0,M,,,,1.9,0.2,11,1.7,nan,3,,,,1.7,0.1,3
2022p395885,2022-05-27T11:27:37Z,-38.62,9.4,176.04,8.2,104.0,11.0,M,,,,1.7,0.2,7,1.8,nan,4,,,,1.8,0.1,4
2022p395959,2022-05-27T12:07:13Z,-37.54,9.8,177.14,8.6,86.0,16.0,M,,,,2.0,0.2,8,2.3,nan,2,,,,2.3,0.3,2
2022p395964,2022-05-27T12:09:56Z,-40.12,2.5,174.95,3.6,17.0,6.0,M,,,,1.7,0.1,11,2.1,nan,6,,,,2.1,0.2,6
2022p396005,2022-05-27T12:31:48Z,-39.11,5.0,176.32,5.3,64.0,9.0,M,,,,1.3,0.4,12,1.3,nan,5,,,,1.3,0.5,5
2022p396022,2022-05-27T12:40:54Z,-41.82,3.9,172.45,4.6,50.0,8.0,M,,,,1.9,0.2,10,1.7,nan,3,,,,1.7,0.3,3
2022p396023,2022-05-27T12:41:20Z,-38.85,5.9,175.95,3.3,5.0,0.0,M,,,,1.1,0.2,9,1.4,nan,1,,,,1.4,nan,1
2022p396040,2022-05-27T12:50:25Z,-40.4,2.8,175.82,3.2,21.0,5.0,M,,,,1.7,0.2,13,1.8,nan,10,,,,1.8,0.3,10
2022p396048,2022-05-27T12:54:37Z,-40.44,2.6,173.93,3.4,89.0,8.0,MLv,,,,3.5,0.2,16,,,,,,,3.5,0.2,69
2022p396088,2022-05-27T13:15:51Z,-38.44,7.7,175.97,10.0,115.0,14.0,M,,,,1.7,0.2,8,1.9,nan,4,,,,1.9,0.2,4
2022p396146,2022-05-27T13:45:56Z,-33.19,25.0,-179.48,23.8,301.0,39.0,MLv,4.4,0.1,9,4.0,0.2,7,3.8,nan,12,3.5,0.4,9,4.2,0.1,12
2022p396310,2022-05-27T15:14:24Z,-38.38,3.8,177.87,3.9,21.0,7.0,M,,,,1.9,0.2,8,1.8,nan,7,,,,1.8,0.2,7
2022p396326,2022-05-27T15:23:06Z,-39.47,3.8,177.11,6.4,27.0,6.0,M,,,,1.6,0.2,8,1.7,nan,3,,,,1.7,0.1,3
2022p396329,2022-05-27T15:24:23Z,-40.18,4.6,174.79,8.0,14.0,12.0,M,,,,1.6,0.1,6,1.5,nan,2,,,,1.5,0.1,2
2022p396442,2022-05-27T16:24:21Z,-41.05,7.1,173.69,3.8,50.0,9.0,M,,,,1.4,0.3,9,1.7,nan,1,,,,1.7,nan,1
2022p396467,2022-05-27T16:37:39Z,-40.88,3.8,175.01,3.9,34.0,7.0,M,,,,2.0,0.3,8,2.0,nan,6,,,,2.0,0.3,6
2022p396506,2022-05-27T16:58:46Z,-40.7,3.8,176.19,3.2,23.0,6.0,M,,,,1.4,0.1,8,1.5,nan,6,,,,1.5,0.2,6
2022p396586,2022-05-27T17:41:20Z,-39.03,8.5,175.97,9.0,86.0,11.0,M,,,,,,,1.2,nan,1,,,,1.2,nan,1
2022p396607,2022-05-27T17:52:20Z,-37.81,4.1,178.14,4.0,29.0,5.0,M,,,,2.1,0.2,11,2.2,nan,8,,,,2.2,0.1,8
2022p396614,2022-05-27T17:56:25Z,-39.92,3.5,177.2,5.4,10.0,6.0,M,,,,2.0,0.2,12,2.1,nan,6,,,,2.1,0.2,6
2022p396734,2022-05-27T19:00:06Z,-44.51,3.3,168.71,3.4,5.0,0.0,M,,,,2.2,0.1,9,2.3,nan,2,,,,2.3,0.1,2
2022p396802,2022-05-27T19:36:32Z,-39.39,4.6,177.59,4.5,25.0,7.0,M,,,,2.4,0.3,14,2.5,nan,13,,,,2.5,0.2,13
2022p396831,2022-05-27T19:51:54Z,-37.46,6.7,179.95,6.5,12.0,0.0,MLv,,,,3.8,0.2,18,,,,,,,4.0,0.1,51
2022p396875,2022-05-27T20:15:13Z,-39.09,4.0,176.89,4.5,32.0,9.0,M,,,,1.2,0.3,8,1.3,nan,6,,,,1.3,0.4,6
2022p396879,2022-05-27T20:17:31Z,-38.81,6.9,175.99,2.8,7.0,6.0,MLv,,,,1.3,0.1,9,1.3,nan,5,,,,1.3,0.1,5
2022p396897,2022-05-27T20:27:02Z,-38.79,3.0,175.98,4.0,5.0,0.0,M,,,,1.6,0.2,13,1.8,nan,15,,,,1.8,0.2,15
2022p396928,2022-05-27T20:43:34Z,-40.09,3.3,174.28,4.9,86.0,10.0,MLv,,,,2.6,0.3,18,,,,,,,2.7,0.3,28
2022p396942,2022-05-27T20:51:02Z,-38.08,10.1,176.06,8.8,141.0,12.0,MLv,,,,1.9,0.3,7,2.1,nan,7,,,,2.1,0.4,7
2022p396967,2022-05-27T21:04:28Z,-38.77,2.4,176.0,3.2,5.0,0.0,M,,,,1.7,0.3,12,1.7,nan,13,,,,1.7,0.2,13
2022p396991,2022-05-27T21:17:11Z,-38.78,2.0,175.96,2.6,5.0,0.0,MLv,,,,2.8,0.3,19,,,,,,,2.7,0.2,56
2022p397062,2022-05-27T21:54:39Z,-38.88,2.2,175.86,2.4,5.0,5.0,MLv,,,,1.9,0.2,16,2.0,nan,18,,,,2.0,0.2,18
2022p397148,2022-05-27T22:40:44Z,-39.53,6.2,175.67,3.6,12.0,10.0,M,,,,1.5,0.4,10,1.6,nan,12,,,,1.6,0.2,12
2022p397186,2022-05-27T23:01:34Z,-38.78,3.1,175.97,3.3,5.0,0.0,MLv,,,,1.5,0.2,8,1.7,nan,7,,,,1.7,0.1,7
2022p397398,2022-05-28T00:54:07Z,-40.14,2.5,174.85,3.0,12.0,0.0,M,,,,2.4,0.2,19,2.5,nan,29,,,,2.5,0.1,29
2022p397490,2022-05-28T01:42:45Z,-36.84,14.0,177.49,14.0,147.0,17.0,M,,,,2.4,0.2,9,2.6,nan,9,,,,2.6,0.2,9
2022p397538,2022-05-28T02:08:46Z,-37.45,7.9,179.98,8.2,33.0,0.0,MLv,,,,3.2,0.2,13,3.1,nan,9,,,,3.1,0.1,9
2022p397551,2022-05-28T02:15:18Z,-40.28,3.2,176.34,5.8,42.0,8.0,M,,,,1.4,0.2,10,1.5,nan,7,,,,1.5,0.2,7
2022p397586,2022-05-28T02:33:57Z,-40.61,4.2,174.56,2.6,12.0,0.0,M,,,,1.9,0.1,10,2.0,nan,6,,,,2.0,0.2,6
2022p397616,2022-05-28T02:50:04Z,-37.77,6.3,176.24,7.1,176.0,9.0,M,,,,2.0,0.2,13,2.0,nan,6,,,,2.0,0.2,6
2022p397800,2022-05-28T04:28:11Z,-37.92,8.3,176.34,9.7,116.0,12.0,M,,,,1.9,0.2,6,2.0,nan,6,,,,2.0,0.2,6
2022p397895,2022-05-28T05:18:13Z,-35.05,10.7,178.43,11.5,226.0,18.0,MLv,,,,3.7,0.2,9,,,,,,,3.9,0.2,19
2022p397986,2022-05-28T06:07:47Z,-40.38,2.7,175.92,3.7,16.0,5.0,M,,,,1.0,0.3,9,0.5,nan,3,,,,0.5,0.1,3
2022p398001,2022-05-28T06:15:15Z,-38.11,8.2,176.16,7.4,139.0,13.0,M,,,,1.8,0.2,7,2.0,nan,4,,,,2.0,0.4,4
2022p398052,2022-05-28T06:42:34Z,-40.65,2.6,175.82,2.7,19.0,5.0,M,,,,1.1,0.2,9,1.0,nan,3,,,,1.0,0.1,3
2022p398066,2022-05-28T06:49:39Z,-38.51,9.8,175.73,9.7,130.0,13.0,M,,,,1.6,0.3,8,1.9,nan,4,,,,1.9,0.3,4
2022p398125,2022-05-28T07:21:29Z,-35.95,34.5,177.31,28.7,239.0,39.0,M,,,,2.6,0.2,8,2.5,nan,3,,,,2.5,0.5,3
2022p398171,2022-05-28T07:45:46Z,-39.14,4.2,177.8,3.9,17.0,5.0,M,,,,1.6,0.3,10,1.6,nan,4,,,,1.6,0.2,4
2022p398180,2022-05-28T07:50:36Z,-37.19,10.7,177.09,7.8,130.0,13.0,M,,,,2.1,0.1,7,2.3,nan,6,,,,2.3,0.1,6
2022p398191,2022-05-28T07:56:26Z,-39.96,2.9,175.19,6.6,19.0,8.0,M,,,,1.7,0.2,12,1.5,nan,1,,,,1.5,nan,1
2022p398201,2022-05-28T08:01:33Z,-38.08,7.1,177.12,8.1,42.0,10.0,M,,,,1.6,0.2,11,1.5,nan,5,,,,1.5,0.1,5
2022p398206,2022-05-28T08:04:32Z,-36.44,5.9,179.04,9.3,12.0,0.0,MLv,,,,2.9,0.2,15,2.9,nan,9,,,,2.9,0.1,9
2022p398212,2022-05-28T08:07:57Z,-37.4,13.2,176.6,11.4,190.0,11.0,M,,,,,,,2.1,nan,2,,,,2.1,0.2,2
2022p398264,2022-05-28T08:35:24Z,-38.18,17.0,175.84,20.2,139.0,23.0,M,,,,,,,1.7,nan,2,,,,1.7,0.0,2
2022p398319,2022-05-28T09:04:48Z,-41.04,3.2,174.69,2.6,45.0,5.0,MLv,,,,3.9,0.2,18,,,,,,,3.9,0.2,85
2022p398342,2022-05-28T09:17:02Z,-38.97,2.9,177.67,2.7,21.0,5.0,M,,,,2.6,0.3,13,2.5,nan,20,,,,2.5,0.2,20
2022p398351,2022-05-28T09:21:57Z,-38.01,3.6,177.88,4.2,24.0,7.0,M,,,,1.6,0.2,9,1.3,nan,5,,,,1.3,0.3,5
2022p398365,2022-05-28T09:28:53Z,-41.35,3.2,174.83,3.7,25.0,5.0,M,,,,1.5,0.2,10,1.5,nan,6,,,,1.5,0.3,6
2022p398514,2022-05-28T10:48:36Z,-38.78,3.3,175.96,3.6,5.0,0.0,MLv,,,,1.3,0.3,10,1.3,nan,5,,,,1.3,0.3,5
2022p398580,2022-05-28T11:23:44Z,-40.04,2.6,176.67,2.8,15.0,4.0,MLv,,,,1.4,0.3,11,1.1,nan,5,,,,1.1,0.2,5
2022p398618,2022-05-28T11:43:48Z,-45.7,3.2,167.01,4.3,5.0,0.0,MLv,,,,2.4,0.3,7,2.4,nan,2,,,,2.4,0.3,2
2022p398626,2022-05-28T11:48:15Z,-37.42,8.3,179.98,7.5,33.0,0.0,MLv,,,,3.0,0.2,13,,,,,,,2.9,0.1,8
2022p398640,2022-05-28T11:55:24Z,-39.29,6.1,175.57,5.5,63.0,10.0,MLv,,,,0.6,0.4,13,0.7,nan,6,,,,0.7,0.4,6
2022p398666,2022-05-28T12:09:24Z,-38.84,8.0,176.0,3.2,5.0,0.0,M,,,,1.2,0.2,8,1.0,nan,2,,,,1.0,0.0,2
2022p398693,2022-05-28T12:24:09Z,-41.02,3.8,174.07,3.4,35.0,6.0,MLv,,,,2.0,0.3,10,2.2,nan,6,,,,2.2,0.3,6
2022p398873,2022-05-28T13:59:34Z,-38.99,2.6,177.06,2.8,29.0,4.0,MLv,,,,2.1,0.2,16,2.1,nan,18,,,,2.1,0.2,18
2022p398882,2022-05-28T14:04:51Z,-38.8,2.2,176.01,2.7,5.0,0.0,M,,,,1.7,0.3,14,1.8,nan,15,,,,1.8,0.2,15
2022p398911,2022-05-28T14:20:16Z,-45.34,4.1,166.79,5.9,13.0,3.0,MLv,,,,3.4,0.2,12,3.8,nan,16,,,,3.8,0.2,16
2022p398954,2022-05-28T14:43:06Z,-38.73,2.4,177.34,2.9,27.0,4.0,M,,,,1.9,0.2,20,2.0,nan,11,,,,2.0,0.2,11
2022p399002,2022-05-28T15:08:33Z,-41.12,5.4,172.97,5.1,143.0,6.0,MLv,,,,,,,1.9,nan,2,,,,1.9,0.2,2
2022p399007,2022-05-28T15:11:20Z,-40.04,3.6,174.05,5.6,85.0,10.0,MLv,,,,,,,2.1,nan,3,,,,2.1,0.1,3
2022p399018,2022-05-28T15:16:58Z,-41.71,4.4,174.44,4.0,34.0,7.0,M,,,,1.8,0.2,12,1.7,nan,2,,,,1.7,0.1,2
2022p399053,2022-05-28T15:35:54Z,-39.68,5.2,174.09,7.1,180.0,8.0,M,,,,,,,2.3,nan,5,,,,2.3,0.1,5
2022p399104,2022-05-28T16:03:00Z,-40.92,4.7,174.47,2.5,25.0,5.0,MLv,,,,1.8,0.2,12,1.8,nan,6,,,,1.8,0.2,6
2022p399150,2022-05-28T16:27:35Z,-40.33,8.7,173.54,8.2,104.0,13.0,MLv,,,,2.1,0.4,3,1.6,nan,2,,,,1.6,0.0,2
2022p399192,2022-05-28T16:49:38Z,-38.82,2.3,175.93,2.9,5.0,0.0,M,,,,1.6,0.2,13,1.5,nan,13,,,,1.5,0.1,13
2022p399204,2022-05-28T16:56:10Z,-37.44,6.9,180.0,7.0,33.0,0.0,MLv,,,,3.3,0.2,16,,,,,,,3.3,0.1,18
2022p399222,2022-05-28T17:05:40Z,-36.84,8.3,177.65,7.9,138.0,11.0,M,,,,2.5,0.2,7,2.6,nan,10,,,,2.6,0.1,10
2022p399225,2022-05-28T17:07:37Z,-37.48,9.7,179.97,9.3,33.0,0.0,MLv,,,,2.4,0.1,9,2.5,nan,3,,,,2.5,0.1,3
2022p399254,2022-05-28T17:23:06Z,-37.86,12.0,176.22,14.5,164.0,14.0,MLv,,,,,,,1.7,nan,1,,,,1.7,nan,1
2022p399264,2022-05-28T17:28:20Z,-37.49,15.0,179.92,7.6,12.0,0.0,M,,,,2.6,0.1,10,2.6,nan,5,,,,2.6,0.1,5
2022p399272,2022-05-28T17:32:22Z,-39.65,2.3,176.86,3.6,31.0,4.0,M,,,,1.6,0.3,14,1.5,nan,4,,,,1.5,0.2,4
2022p399285,2022-05-28T17:39:22Z,-37.44,10.0,179.97,7.7,33.0,0.0,MLv,,,,2.9,0.2,13,,,,,,,2.9,0.1,6
2022p399304,2022-05-28T17:49:26Z,-38.12,5.1,176.66,4.4,76.0,9.0,M,,,,2.2,0.4,25,2.4,nan,31,,,,2.4,0.3,31
2022p399309,2022-05-28T17:52:07Z,-39.24,5.7,175.42,5.0,10.0,9.0,MLv,,,,0.7,0.2,6,0.9,nan,4,,,,0.9,0.2,4
2022p399383,2022-05-28T18:31:24Z,-38.43,6.9,175.45,11.5,140.0,16.0,M,,,,,,,2.1,nan,2,,,,2.1,0.5,2
2022p399501,2022-05-28T19:34:13Z,-45.01,6.7,167.31,5.9,79.0,9.0,M,,,,2.4,0.2,7,2.5,nan,1,,,,2.5,nan,1
2022p399521,2022-05-28T19:45:22Z,-37.41,11.7,179.9,8.5,12.0,0.0,M,,,,2.8,0.2,12,2.9,nan,6,,,,2.9,0.2,6
2022p399525,2022-05-28T19:46:52Z,-37.5,9.8,176.44,9.1,183.0,11.0,MLv,,,,2.4,0.2,8,2.7,nan,10,,,,2.7,0.4,10
2022p399555,2022-05-28T20:02:57Z,-42.26,2.7,173.77,4.0,7.0,4.0,MLv,,,,1.9,0.2,9,1.8,nan,3,,,,1.8,0.2,3
2022p399590,2022-05-28T20:21:57Z,-38.6,2.8,177.68,2.8,23.0,4.0,M,,,,2.2,0.2,15,2.2,nan,15,,,,2.2,0.1,15
2022p399607,2022-05-28T20:30:54Z,-40.87,3.6,175.44,3.5,20.0,6.0,M,,,,1.5,0.2,12,1.4,nan,6,,,,1.4,0.1,6
2022p399610,2022-05-28T20:32:38Z,-41.67,5.3,174.52,3.5,18.0,7.0,MLv,,,,1.7,0.1,11,,,,,,,1.8,0.3,5
2022p399743,2022-05-28T21:43:35Z,-39.98,5.9,175.3,21.0,11.0,30.0,M,,,,1.6,0.3,6,1.9,nan,1,,,,1.9,nan,1
2022p399755,2022-05-28T21:49:41Z,-41.73,5.8,172.29,5.4,72.0,9.0,M,,,,2.0,0.2,11,2.1,nan,2,,,,2.1,0.4,2
2022p399782,2022-05-28T22:04:13Z,-41.49,3.3,174.48,2.3,8.0,7.0,M,,,,1.4,0.3,10,1.8,nan,1,,,,1.8,nan,1
2022p399788,2022-05-28T22:07:17Z,-37.24,9.3,178.87,9.0,12.0,0.0,M,,,,2.2,0.1,8,2.4,nan,5,,,,2.4,0.1,5
2022p400020,2022-05-29T00:10:53Z,-41.36,6.7,173.08,5.9,81.0,9.0,M,,,,,,,1.9,nan,3,,,,1.9,0.3,3
2022p400181,2022-05-29T01:36:47Z,-41.69,5.1,172.45,5.1,67.0,8.0,MLv,,,,2.1,0.2,10,,,,,,,2.1,0.2,5
2022p400199,2022-05-29T01:46:22Z,-38.97,3.0,177.67,3.1,19.0,5.0,MLv,,,,1.8,0.2,12,1.7,nan,8,,,,1.7,0.3,8
2022p400220,2022-05-29T01:57:35Z,-40.43,3.6,175.95,4.0,18.0,5.0,M,,,,1.4,0.2,13,1.4,nan,7,,,,1.4,0.3,7
2022p400403,2022-05-29T03:34:59Z,-37.43,9.7,179.99,7.3,33.0,0.0,MLv,,,,3.1,0.2,12,,,,,,,3.3,0.2,13
2022p400547,2022-05-29T04:51:28Z,-40.19,6.6,173.54,4.9,146.0,9.0,M,,,,,,,2.4,nan,16,,,,2.4,0.2,16
2022p400791,2022-05-29T07:01:42Z,-40.95,2.5,174.94,2.4,25.0,4.0,M,,,,1.8,0.2,12,1.8,nan,12,,,,1.8,0.2,12
2022p400845,2022-05-29T07:30:43Z,-44.25,2.5,168.76,3.2,5.0,0.0,M,,,,2.4,0.1,7,2.4,nan,3,,,,2.4,0.2,3
2022p400856,2022-05-29T07:36:42Z,-38.83,2.2,175.9,3.7,5.0,0.0,M,,,,1.7,0.3,9,1.7,nan,3,,,,1.7,0.5,3
2022p400951,2022-05-29T08:26:44Z,-38.3,8.1,176.31,8.1,46.0,11.0,M,,,,2.1,0.2,17,2.0,nan,11,,,,2.0,0.1,11
2022p401061,2022-05-29T09:25:49Z,-40.96,5.8,174.71,4.1,47.0,8.0,MLv,,,,1.4,0.3,9,1.4,nan,2,,,,1.4,0.4,2
2022p401111,2022-05-29T09:52:01Z,-38.61,2.7,176.21,3.1,5.0,0.0,M,,,,1.5,0.2,10,1.4,nan,6,,,,1.4,0.3,6
2022p401119,2022-05-29T09:56:16Z,-40.89,3.4,176.02,3.3,22.0,6.0,MLv,,,,1.3,0.2,9,1.3,nan,7,,,,1.3,0.2,7
2022p401199,2022-05-29T10:39:07Z,-41.72,4.2,172.76,4.3,67.0,8.0,MLv,,,,2.2,0.4,7,2.5,nan,7,,,,2.5,0.2,7
2022p401241,2022-05-29T11:01:20Z,-38.21,4.6,178.49,6.2,19.0,6.0,M,,,,2.0,0.3,9,2.0,nan,3,,,,2.0,0.2,3
2022p401267,2022-05-29T11:15:27Z,-39.16,3.1,177.58,3.5,15.0,5.0,MLv,,,,2.1,0.2,12,2.1,nan,6,,,,2.1,0.1,6
2022p401270,2022-05-29T11:16:54Z,-40.7,3.1,175.05,3.9,28.0,4.0,MLv,,,,2.4,0.2,17,,,,,,,2.3,0.2,19
2022p401338,2022-05-29T11:53:15Z,-37.51,8.5,179.97,7.9,33.0,0.0,MLv,,,,3.0,0.3,13,2.8,nan,3,,,,2.8,0.1,3
2022p401400,2022-05-29T12:26:09Z,-37.93,10.7,176.03,14.6,135.0,16.0,M,,,,,,,2.3,nan,2,,,,2.3,0.0,2
2022p401507,2022-05-29T13:23:06Z,-40.87,4.1,174.66,3.0,26.0,6.0,M,,,,1.8,0.1,12,1.8,nan,7,,,,1.8,0.2,7
2022p401615,2022-05-29T14:20:46Z,-37.65,7.5,176.19,7.1,269.0,8.0,MLv,,,,,,,,,,,,,3.2,0.4,25
2022p401627,2022-05-29T14:27:20Z,-38.84,3.8,177.94,6.6,20.0,6.0,MLv,,,,1.7,0.3,8,1.6,nan,2,,,,1.6,0.1,2
2022p401648,2022-05-29T14:38:19Z,-41.72,2.2,174.1,3.1,15.0,4.0,M,,,,2.0,0.3,11,1.7,nan,4,,,,1.7,0.3,4
2022p401697,2022-05-29T15:04:28Z,-37.54,6.5,177.59,4.3,31.0,6.0,MLv,,,,2.6,0.3,13,,,,,,,2.7,0.2,12
2022p401754,2022-05-29T15:34:31Z,-38.94,4.9,177.97,5.3,17.0,4.0,MLv,,,,1.9,0.1,11,1.7,nan,2,,,,1.7,0.0,2
2022p401789,2022-05-29T15:53:26Z,-38.42,2.3,177.4,2.9,5.0,3.0,MLv,,,,2.2,0.2,13,2.1,nan,10,,,,2.1,0.1,10
2022p401827,2022-05-29T16:13:54Z,-39.97,2.7,176.54,2.7,12.0,5.0,MLv,,,,1.6,0.3,13,,,,,,,1.4,0.1,6
2022p401872,2022-05-29T16:37:43Z,-41.22,6.1,172.58,5.3,110.0,8.0,MLv,,,,,,,2.3,nan,6,,,,2.3,0.4,6
2022p401932,2022-05-29T17:08:32Z,-33.39,5.0,-178.68,10.9,33.0,0.0,mB,5.3,0.2,24,5.1,0.3,19,4.9,nan,27,4.7,0.4,10,5.2,0.2,27
2022p401968,2022-05-29T17:28:55Z,-39.17,8.2,177.59,5.5,15.0,10.0,M,,,,2.0,0.1,7,1.8,nan,3,,,,1.8,0.1,3
2022p401991,2022-05-29T17:40:50Z,-39.88,3.7,176.68,3.6,32.0,8.0,MLv,,,,1.4,0.4,9,1.1,nan,4,,,,1.1,0.3,4
2022p401996,2022-05-29T17:43:45Z,-34.48,5.5,179.4,9.4,100.0,0.0,MLv,,,,4.5,0.3,11,,,,,,,4.6,0.1,32
2022p402043,2022-05-29T18:08:39Z,-38.87,3.5,175.98,3.0,5.0,0.0,M,,,,1.9,0.1,12,2.0,nan,8,,,,2.0,0.1,8
2022p402052,2022-05-29T18:13:49Z,-38.8,2.1,175.83,2.2,5.0,0.0,MLv,,,,3.6,0.2,19,,,,,,,3.5,0.2,88
2022p402058,2022-05-29T18:16:54Z,-38.8,2.3,175.84,3.0,5.0,0.0,MLv,,,,2.0,0.2,12,2.0,nan,6,,,,2.0,0.2,6
2022p402061,2022-05-29T18:18:23Z,-38.8,2.8,175.84,3.7,5.0,0.0,MLv,,,,1.7,0.3,11,1.5,nan,4,,,,1.5,0.2,4
2022p402078,2022-05-29T18:27:24Z,-38.81,3.1,175.85,3.5,5.0,0.0,M,,,,2.2,0.1,13,2.3,nan,18,,,,2.3,0.2,18
2022p402083,2022-05-29T18:30:17Z,-38.79,3.0,175.85,4.2,5.0,0.0,MLv,,,,1.8,0.4,7,1.7,nan,2,,,,1.7,0.3,2
2022p402103,2022-05-29T18:40:53Z,-39.78,2.2,176.68,2.9,34.0,6.0,MLv,,,,1.9,0.2,13,1.9,nan,9,,,,1.9,0.2,9
2022p402125,2022-05-29T18:52:31Z,-38.81,1.8,175.83,2.5,5.0,0.0,MLv,,,,2.1,0.2,17,2.2,nan,12,,,,2.2,0.1,12
2022p402136,2022-05-29T18:58:30Z,-38.81,2.0,175.83,2.5,5.0,0.0,MLv,,,,2.1,0.2,18,,,,,,,2.1,0.2,13
2022p402139,2022-05-29T18:59:51Z,-38.8,2.6,175.84,3.0,5.0,0.0,M,,,,1.9,0.2,12,1.9,nan,6,,,,1.9,0.1,6
2022p402143,2022-05-29T19:01:51Z,-38.8,3.5,175.85,3.7,5.0,0.0,MLv,,,,1.8,0.3,11,1.7,nan,4,,,,1.7,0.2,4
2022p402158,2022-05-29T19:09:57Z,-38.41,12.2,175.69,14.0,162.0,16.0,MLv,,,,,,,2.2,nan,2,,,,2.2,0.4,2
2022p402186,2022-05-29T19:25:00Z,-38.86,3.2,175.96,3.3,5.0,0.0,M,,,,1.7,0.2,13,1.7,nan,6,,,,1.7,0.1,6
2022p402208,2022-05-29T19:36:25Z,-40.5,3.6,175.77,4.5,24.0,6.0,MLv,,,,1.5,0.3,12,1.7,nan,4,,,,1.7,0.5,4
2022p402251,2022-05-29T19:59:31Z,-40.31,3.1,174.77,3.9,33.0,0.0,MLv,,,,2.2,0.2,14,2.3,nan,4,,,,2.3,0.2,4
2022p402263,2022-05-29T20:06:04Z,-40.14,2.2,174.95,2.7,12.0,0.0,MLv,,,,2.1,0.2,15,2.2,nan,6,,,,2.2,0.1,6
2022p402375,2022-05-29T21:05:29Z,-39.82,2.6,176.68,3.3,31.0,6.0,MLv,,,,1.7,0.3,12,,,,,,,1.4,0.3,3
2022p402407,2022-05-29T21:22:27Z,-40.33,4.0,176.13,5.5,42.0,11.0,M,,,,1.7,0.2,7,1.6,nan,5,,,,1.6,0.3,5
2022p402427,2022-05-29T21:33:28Z,-38.82,4.0,175.85,4.7,5.0,0.0,M,,,,1.7,0.3,8,1.6,nan,4,,,,1.6,0.2,4
2022p402666,2022-05-29T23:40:52Z,-40.13,4.1,179.01,4.6,33.0,0.0,M,,,,3.2,0.2,19,3.3,nan,24,,,,3.3,0.1,24
2022p402754,2022-05-30T00:27:37Z,-45.09,4.4,167.4,5.1,93.0,7.0,MLv,,,,,,,,,,,,,3.0,0.2,4
2022p402838,2022-05-30T01:12:22Z,-44.41,4.1,168.28,4.3,5.0,0.0,MLv,,,,2.6,0.1,9,,,,,,,2.4,0.1,2
2022p403065,2022-05-30T03:13:15Z,-38.8,3.1,175.83,3.7,5.0,0.0,MLv,,,,1.7,0.3,6,,,,,,,1.7,0.4,3
2022p403137,2022-05-30T03:51:38Z,-43.01,3.4,173.32,4.7,22.0,5.0,MLv,,,,2.5,0.1,7,2.8,nan,3,,,,2.8,0.4,3
2022p403294,2022-05-30T05:15:29Z,-42.58,2.7,172.76,2.8,5.0,3.0,M,,,,2.3,0.1,7,2.1,nan,1,,,,2.1,nan,1
2022p403325,2022-05-30T05:32:06Z,-37.71,8.1,179.88,8.1,33.0,0.0,MLv,,,,3.3,0.2,13,3.3,nan,8,,,,3.3,0.1,8
2022p403471,2022-05-30T06:49:49Z,-41.15,4.6,173.6,3.4,69.0,6.0,MLv,,,,2.2,0.3,14,,,,,,,2.3,0.1,6
2022p403506,2022-05-30T07:08:09Z,-38.91,10.5,174.94,7.9,206.0,10.0,MLv,,,,,,,2.8,nan,5,,,,2.8,0.2,5
2022p403507,2022-05-30T07:08:24Z,-44.85,2.7,169.65,2.4,5.0,0.0,MLv,,,,3.0,0.1,11,,,,,,,3.2,0.2,9
2022p403753,2022-05-30T09:19:52Z,-36.67,12.2,179.51,13.4,95.0,27.0,MLv,,,,3.1,0.2,11,3.1,nan,2,,,,3.1,0.1,2
2022p403826,2022-05-30T09:58:47Z,-38.86,3.6,175.98,3.4,5.0,0.0,M,,,,1.6,0.3,12,1.7,nan,4,,,,1.7,0.3,4
2022p403977,2022-05-30T11:19:06Z,-40.6,2.4,175.88,2.3,26.0,5.0,M,,,,2.3,0.3,12,2.3,nan,15,,,,2.3,0.2,15
2022p403996,2022-05-30T11:29:24Z,-40.58,2.8,175.87,3.1,27.0,6.0,M,,,,1.4,0.3,10,1.3,nan,4,,,,1.3,0.3,4
2022p404065,2022-05-30T12:06:18Z,-38.78,5.8,175.98,6.2,102.0,9.0,MLv,,,,2.1,0.3,16,,,,,,,2.6,0.3,47
2022p404094,2022-05-30T12:21:52Z,-37.48,7.2,179.86,7.2,33.0,0.0,MLv,,,,3.3,0.3,16,3.3,nan,10,,,,3.3,0.2,10
2022p404112,2022-05-30T12:30:52Z,-40.37,3.4,175.98,4.2,39.0,7.0,M,,,,1.3,0.3,7,1.0,nan,3,,,,1.0,0.3,3
2022p404126,2022-05-30T12:38:36Z,-38.28,2.6,178.18,3.8,25.0,6.0,MLv,,,,2.8,0.3,10,,,,,,,2.8,0.2,13
2022p404232,2022-05-30T13:35:02Z,-41.91,2.6,171.9,3.1,6.0,4.0,M,,,,2.3,0.2,7,2.3,nan,4,,,,2.3,0.3,4
2022p404245,2022-05-30T13:42:07Z,-39.67,3.2,176.83,5.8,36.0,8.0,M,,,,1.6,0.3,11,1.5,nan,5,,,,1.5,0.3,5
2022p404277,2022-05-30T13:59:07Z,-37.67,7.1,179.88,7.1,33.0,0.0,MLv,,,,3.2,0.2,17,,,,,,,3.2,0.1,10
2022p404288,2022-05-30T14:04:56Z,-40.86,4.2,174.67,3.0,26.0,5.0,M,,,,1.9,0.1,13,1.8,nan,5,,,,1.8,0.2,5
2022p404354,2022-05-30T14:40:17Z,-38.73,6.5,175.64,6.2,75.0,13.0,M,,,,2.0,0.4,10,2.0,nan,6,,,,2.0,0.6,6
2022p404366,2022-05-30T14:46:18Z,-39.22,4.5,173.9,5.7,15.0,7.0,M,,,,1.7,0.3,7,1.9,nan,4,,,,1.9,0.5,4
2022p404504,2022-05-30T15:59:22Z,-38.21,8.2,175.84,10.1,206.0,12.0,MLv,,,,,,,2.4,nan,2,,,,2.4,0.0,2
2022p404503,2022-05-30T15:59:23Z,-38.15,6.8,175.9,8.0,192.0,9.0,MLv,,,,,,,2.8,nan,2,,,,2.8,0.6,2
2022p404537,2022-05-30T16:17:35Z,-42.74,4.0,171.71,2.4,5.0,0.0,M,,,,2.1,0.4,7,1.5,nan,2,,,,1.5,0.4,2
2022p404603,2022-05-30T16:52:39Z,-38.38,7.0,178.7,8.5,28.0,8.0,M,,,,2.2,0.2,10,2.3,nan,4,,,,2.3,0.0,4
2022p404635,2022-05-30T17:10:04Z,-36.76,27.8,177.11,19.2,250.0,17.0,M,,,,,,,2.6,nan,7,,,,2.6,0.1,7
2022p404646,2022-05-30T17:15:30Z,-37.56,4.7,177.13,2.9,5.0,0.0,M,,,,2.6,0.2,12,2.6,nan,14,,,,2.6,0.2,14
2022p404895,2022-05-30T19:28:30Z,-38.06,3.1,176.58,3.0,5.0,0.0,MLv,,,,1.7,0.3,8,1.8,nan,5,,,,1.8,0.2,5
2022p405167,2022-05-30T21:53:27Z,-37.76,6.8,176.07,6.6,250.0,8.0,MLv,,,,,,,,,,,,,3.7,0.5,56
2022p405201,2022-05-30T22:11:25Z,-40.64,4.5,176.38,6.1,18.0,7.0,M,,,,1.8,0.2,13,1.9,nan,6,,,,1.9,0.1,6
2022p405308,2022-05-30T23:08:07Z,-39.75,2.1,176.46,2.5,17.0,6.0,MLv,,,,1.8,0.3,11,1.7,nan,9,,,,1.7,0.2,9
2022p405598,2022-05-31T01:42:56Z,-40.9,2.6,175.46,2.4,19.0,5.0,MLv,,,,1.6,0.3,11,1.5,nan,5,,,,1.5,0.3,5
2022p405676,2022-05-31T02:24:31Z,-38.87,6.2,175.5,7.2,109.0,8.0,MLv,,,,1.5,0.5,4,,,,,,,2.3,0.4,18
2022p405722,2022-05-31T02:48:58Z,-38.63,2.9,176.1,3.4,5.0,4.0,MLv,,,,2.6,0.4,9,2.4,nan,10,,,,2.4,0.4,10
2022p405765,2022-05-31T03:11:52Z,-38.63,3.0,176.1,2.4,5.0,3.0,MLv,,,,2.2,0.3,8,,,,,,,2.0,0.2,12
2022p405872,2022-05-31T04:08:56Z,-38.64,2.3,176.1,2.3,3.0,2.0,MLv,,,,2.5,0.3,13,2.4,nan,24,,,,2.4,0.2,24
2022p405899,2022-05-31T04:23:09Z,-38.63,2.9,176.1,2.5,5.0,5.0,MLv,,,,2.0,0.3,7,1.9,nan,6,,,,1.9,0.4,6
2022p405907,2022-05-31T04:27:36Z,-38.85,3.0,175.99,2.7,4.0,3.0,MLv,,,,1.5,0.2,7,1.4,nan,5,,,,1.4,0.2,5
2022p405937,2022-05-31T04:43:35Z,-39.41,2.8,177.05,4.2,23.0,6.0,MLv,,,,2.4,0.2,8,,,,,,,2.4,0.2,7
2022p406033,2022-05-31T05:34:37Z,-43.07,2.2,171.82,2.9,5.0,0.0,M,,,,2.2,0.2,7,2.1,nan,3,,,,2.1,0.1,3
2022p406098,2022-05-31T06:09:22Z,-40.03,2.9,176.66,3.4,43.0,6.0,MLv,,,,2.8,0.2,13,,,,,,,2.9,0.2,43
2022p406227,2022-05-31T07:17:47Z,-40.03,3.2,176.68,3.1,15.0,6.0,M,,,,1.9,0.3,9,1.7,nan,8,,,,1.7,0.2,8
2022p406326,2022-05-31T08:10:38Z,-41.34,2.2,174.11,2.6,35.0,4.0,MLv,,,,2.9,0.2,13,,,,,,,2.8,0.2,15
2022p406360,2022-05-31T08:28:42Z,-38.55,3.2,177.83,4.9,17.0,5.0,M,,,,1.7,0.3,10,1.4,nan,4,,,,1.4,0.4,4
2022p406362,2022-05-31T08:30:08Z,-39.28,5.6,174.93,3.9,21.0,7.0,M,,,,2.3,0.2,12,2.2,nan,7,,,,2.2,0.3,7
2022p406395,2022-05-31T08:47:27Z,-40.49,2.5,175.93,2.9,18.0,5.0,M,,,,1.7,0.2,11,1.6,nan,5,,,,1.6,0.4,5
2022p406397,2022-05-31T08:48:50Z,-38.85,3.1,176.01,2.7,6.0,7.0,M,,,,1.8,0.1,10,1.9,nan,12,,,,1.9,0.2,12
2022p406448,2022-05-31T09:15:48Z,-39.81,8.2,174.75,7.6,103.0,11.0,M,,,,2.2,0.5,4,2.0,nan,1,,,,2.0,nan,1
2022p406469,2022-05-31T09:26:46Z,-43.03,3.9,173.34,4.3,20.0,6.0,MLv,,,,3.0,0.3,7,,,,,,,2.9,0.2,13
2022p406592,2022-05-31T10:32:36Z,-38.88,3.5,175.96,2.8,5.0,0.0,M,,,,1.8,0.1,13,2.0,nan,19,,,,2.0,0.1,19
2022p406593,2022-05-31T10:32:45Z,-41.68,3.5,174.31,3.0,12.0,6.0,M,,,,2.0,0.2,12,1.7,nan,4,,,,1.7,0.4,4
2022p406660,2022-05-31T11:08:49Z,-40.1,2.6,176.62,2.8,25.0,4.0,M,,,,2.7,0.2,12,2.6,nan,18,,,,2.6,0.2,18
2022p406695,2022-05-31T11:27:35Z,-41.02,4.9,174.67,5.5,43.0,9.0,M,,,,4.1,0.2,9,4.4,nan,97,,,,4.4,0.2,97
2022p406710,2022-05-31T11:35:33Z,-43.6,1.9,172.64,2.9,4.0,3.0,M,,,,2.1,0.2,8,2.1,nan,6,,,,2.1,0.3,6
2022p406759,2022-05-31T12:01:38Z,-45.73,4.6,166.71,7.1,50.0,9.0,MLv,,,,2.6,0.2,6,2.8,nan,2,,,,2.8,0.1,2
2022p406836,2022-05-31T12:42:26Z,-38.1,6.9,176.15,7.1,137.0,10.0,M,,,,2.1,0.1,7,2.3,nan,7,,,,2.3,0.3,7
2022p406842,2022-05-31T12:45:38Z,-38.43,6.5,175.73,6.0,138.0,10.0,MLv,,,,2.1,0.4,4,,,,,,,2.6,0.4,19
2022p406953,2022-05-31T13:44:39Z,-39.64,3.0,176.89,3.2,24.0,4.0,M,,,,1.7,0.2,11,1.7,nan,7,,,,1.7,0.2,7
2022p406992,2022-05-31T14:05:34Z,-42.74,3.0,171.73,2.5,5.0,0.0,M,,,,2.5,0.1,9,2.6,nan,6,,,,2.6,0.2,6
2022p407030,2022-05-31T14:25:43Z,-45.79,3.2,170.13,1.9,5.0,0.0,MLv,,,,3.4,0.2,8,,,,,,,3.5,0.2,12
2022p407037,2022-05-31T14:29:43Z,-38.06,3.7,176.58,3.5,6.0,7.0,M,,,,1.9,0.2,8,2.0,nan,4,,,,2.0,0.2,4
2022p407130,2022-05-31T15:18:54Z,-38.8,2.6,175.84,3.4,5.0,0.0,M,,,,1.6,0.2,9,1.4,nan,3,,,,1.4,0.4,3
2022p407189,2022-05-31T15:50:36Z,-41.58,3.8,175.11,2.9,31.0,5.0,M,,,,1.6,0.3,6,1.8,nan,7,,,,1.8,0.4,7
2022p407242,2022-05-31T16:18:47Z,-38.28,8.3,176.07,9.9,128.0,18.0,M,,,,2.0,0.2,6,2.2,nan,3,,,,2.2,0.5,3
2022p407646,2022-05-31T19:54:03Z,-38.82,2.9,175.82,3.7,4.0,4.0,M,,,,1.6,0.1,7,1.7,nan,6,,,,1.7,0.1,6
2022p407875,2022-05-31T21:55:53Z,-38.48,3.4,178.03,3.3,25.0,6.0,M,,,,1.9,0.2,7,1.8,nan,4,,,,1.8,0.2,4
2022p407942,2022-05-31T22:31:42Z,-39.88,4.5,173.92,5.4,125.0,8.0,MLv,,,,2.7,0.1,6,2.9,nan,6,,,,2.9,0.2,6
2022p408017,2022-05-31T23:11:37Z,-42.04,2.7,173.12,3.0,29.0,4.0,M,,,,2.4,0.2,8,2.4,nan,6,,,,2.4,0.2,6
2022p408039,2022-05-31T23:23:27Z,-38.6,7.3,175.87,8.9,145.0,9.0,M,,,,,,,2.0,nan,4,,,,2.0,0.2,4
2022p408124,2022-06-01T00:08:46Z,-41.23,7.5,172.42,7.3,199.0,7.0,MLv,,,,,,,2.7,nan,1,,,,2.7,nan,1
2022p408140,2022-06-01T00:17:00Z,-36.88,13.3,177.21,14.7,186.0,11.0,MLv,,,,2.5,0.2,6,2.8,nan,3,,,,2.8,0.1,3
2022p408208,2022-06-01T00:53:28Z,-40.44,2.5,175.83,3.0,23.0,5.0,M,,,,1.8,0.2,10,1.9,nan,6,,,,1.9,0.4,6
2022p408228,2022-06-01T01:04:04Z,-41.31,4.2,174.75,3.8,39.0,6.0,MLv,,,,1.9,0.3,9,1.9,nan,8,,,,1.9,0.4,8
2022p408293,2022-06-01T01:38:58Z,-38.05,5.6,176.74,3.9,3.0,7.0,M,,,,1.8,0.3,6,1.9,nan,3,,,,1.9,0.2,3
2022p408352,2022-06-01T02:10:35Z,-38.34,5.5,176.4,4.8,5.0,8.0,MLv,,,,1.8,0.3,7,1.8,nan,6,,,,1.8,0.3,6
2022p408376,2022-06-01T02:23:13Z,-38.55,5.1,175.28,6.8,203.0,9.0,MLv,,,,,,,,,,,,,3.1,0.3,23
2022p408613,2022-06-01T04:29:22Z,-39.56,9.1,174.34,9.2,184.0,10.0,MLv,,,,,,,2.5,nan,2,,,,2.5,0.6,2
2022p408761,2022-06-01T05:47:57Z,-41.13,5.7,176.4,5.3,27.0,5.0,MLv,,,,2.3,0.2,17,2.5,nan,10,,,,2.5,0.2,10
2022p408846,2022-06-01T06:32:41Z,-33.29,5.5,-178.37,13.6,33.0,0.0,mB,5.6,0.2,12,5.1,0.3,18,5.1,nan,15,5.1,0.4,12,5.2,0.1,15
2022p408975,2022-06-01T07:41:49Z,-36.81,9.9,177.19,10.6,211.0,11.0,MLv,,,,2.7,0.2,8,,,,,,,2.9,0.1,7
2022p409047,2022-06-01T08:20:44Z,-44.27,2.9,171.4,2.6,5.0,0.0,MLv,,,,2.9,0.2,11,3.1,nan,6,,,,3.1,0.3,6
2022p409049,2022-06-01T08:21:21Z,-40.31,2.7,176.7,3.7,14.0,5.0,MLv,,,,2.4,0.1,13,2.5,nan,10,,,,2.5,0.2,10
2022p409323,2022-06-01T10:46:41Z,-33.4,6.9,-178.24,14.0,33.0,0.0,mB,5.6,0.2,13,5.1,0.2,16,5.2,nan,14,5.1,0.4,9,5.3,0.1,14
2022p409355,2022-06-01T11:05:46Z,-38.85,2.8,175.94,3.2,5.0,0.0,M,,,,2.5,0.2,17,2.6,nan,26,,,,2.6,0.2,26
2022p409361,2022-06-01T11:07:42Z,-38.85,2.9,175.95,2.4,5.0,0.0,M,,,,2.2,0.2,14,2.2,nan,16,,,,2.2,0.1,16
2022p409445,2022-06-01T11:52:25Z,-42.3,2.9,173.81,4.4,21.0,4.0,MLv,,,,2.7,0.2,10,,,,,,,2.8,0.1,6
2022p409491,2022-06-01T12:17:06Z,-38.82,2.9,176.04,3.7,5.0,0.0,M,,,,1.9,0.1,6,1.9,nan,8,,,,1.9,0.2,8
2022p409626,2022-06-01T13:29:02Z,-38.84,2.8,175.95,2.9,5.0,0.0,M,,,,2.0,0.2,16,2.0,nan,15,,,,2.0,0.1,15
2022p409676,2022-06-01T13:55:56Z,-38.7,6.1,175.73,8.7,121.0,12.0,MLv,,,,2.0,0.4,5,,,,,,,2.5,0.6,4
2022p409683,2022-06-01T13:59:21Z,-41.67,3.3,174.37,3.4,5.0,3.0,MLv,,,,2.1,0.3,8,1.6,nan,3,,,,1.6,0.1,3
2022p409685,2022-06-01T14:00:18Z,-39.32,4.3,176.36,5.4,42.0,9.0,M,,,,2.1,0.4,13,1.7,nan,6,,,,1.7,0.3,6
2022p409686,2022-06-01T14:00:42Z,-40.29,3.5,176.72,6.1,13.0,6.0,M,,,,2.2,0.1,10,2.2,nan,7,,,,2.2,0.1,7
2022p409693,2022-06-01T14:04:29Z,-38.8,3.1,176.02,3.7,4.0,4.0,MLv,,,,1.8,0.3,7,1.6,nan,4,,,,1.6,0.2,4
2022p409696,2022-06-01T14:06:22Z,-38.82,2.4,176.05,2.9,5.0,0.0,M,,,,1.9,0.2,12,2.1,nan,9,,,,2.1,0.2,9
2022p409703,2022-06-01T14:10:19Z,-41.49,12.8,176.44,14.8,47.0,27.0,M,,,,2.2,0.1,8,2.1,nan,1,,,,2.1,nan,1
2022p409839,2022-06-01T15:22:36Z,-38.18,14.1,175.68,14.7,157.0,19.0,M,,,,,,,1.9,nan,1,,,,1.9,nan,1
2022p409861,2022-06-01T15:34:27Z,-39.26,4.1,176.09,3.6,46.0,9.0,MLv,,,,1.6,0.3,10,1.5,nan,5,,,,1.5,0.2,5
2022p410009,2022-06-01T16:53:11Z,-40.29,3.1,174.33,3.8,84.0,9.0,MLv,,,,,,,,,,,,,2.4,nan,1
2022p410036,2022-06-01T17:07:23Z,-44.58,3.1,167.8,4.0,5.0,0.0,MLv,,,,2.8,0.2,8,2.2,nan,1,,,,2.2,nan,1
2022p410062,2022-06-01T17:21:03Z,-42.74,3.6,171.73,2.3,5.0,0.0,M,,,,2.4,0.2,6,2.4,nan,3,,,,2.4,0.4,3
2022p410067,2022-06-01T17:24:04Z,-40.45,2.3,175.82,2.5,21.0,5.0,MLv,,,,2.3,0.2,13,2.3,nan,13,,,,2.3,0.2,13
2022p410084,2022-06-01T17:32:50Z,-42.66,2.3,172.78,2.9,8.0,5.0,M,,,,2.4,0.1,6,2.3,nan,2,,,,2.3,0.1,2
2022p410166,2022-06-01T18:16:27Z,-38.76,7.1,175.54,8.5,137.0,13.0,MLv,,,,2.4,0.3,12,2.2,nan,10,,,,2.2,0.3,10
2022p410648,2022-06-01T22:33:24Z,-40.73,3.3,173.41,3.3,118.0,6.0,MLv,,,,,,,,,,,,,3.7,0.2,39
2022p410680,2022-06-01T22:50:28Z,-36.22,20.1,178.74,22.6,139.0,22.0,MLv,,,,3.1,0.3,5,3.2,nan,4,,,,3.2,0.3,4
2022p410827,2022-06-02T00:08:46Z,-38.37,4.9,177.68,4.3,51.0,8.0,MLv,,,,2.1,0.3,12,,,,,,,2.3,0.3,8
2022p410854,2022-06-02T00:23:27Z,-41.36,4.5,173.51,4.0,45.0,9.0,MLv,,,,2.3,0.2,10,2.5,nan,3,,,,2.5,0.0,3
2022p410989,2022-06-02T01:34:57Z,-40.24,2.9,176.04,4.5,30.0,7.0,MLv,,,,1.3,0.3,10,1.1,nan,7,,,,1.1,0.3,7
2022p411015,2022-06-02T01:48:48Z,-41.63,4.5,178.4,3.7,33.0,0.0,MLv,,,,3.0,0.5,7,,,,,,,2.7,nan,1
2022p411040,2022-06-02T02:02:14Z,-41.09,2.5,175.28,2.3,13.0,5.0,MLv,,,,1.4,0.3,12,,,,,,,1.2,0.1,3
2022p411224,2022-06-02T03:40:33Z,-37.41,9.2,179.96,7.9,33.0,0.0,MLv,,,,3.1,0.2,12,3.1,nan,6,,,,3.1,0.1,6
2022p411374,2022-06-02T05:00:23Z,-37.53,11.6,176.58,16.1,165.0,21.0,M,,,,2.4,0.3,7,2.3,nan,1,,,,2.3,nan,1
2022p411536,2022-06-02T06:26:43Z,-38.53,3.4,175.96,2.3,5.0,0.0,MLv,,,,1.7,0.3,10,1.8,nan,6,,,,1.8,0.3,6
2022p411576,2022-06-02T06:48:24Z,-40.05,2.5,176.09,3.8,25.0,5.0,MLv,,,,1.4,0.4,9,,,,,,,1.2,0.4,5
2022p411763,2022-06-02T08:27:46Z,-41.41,3.5,173.2,3.3,56.0,7.0,MLv,,,,2.2,0.3,9,,,,,,,2.3,0.3,6
2022p411826,2022-06-02T09:01:22Z,-41.46,3.3,174.44,1.8,5.0,0.0,MLv,,,,1.7,0.2,11,1.6,nan,4,,,,1.6,0.4,4
2022p411930,2022-06-02T09:57:05Z,-40.71,4.7,175.36,2.9,22.0,6.0,M,,,,1.6,0.2,7,1.6,nan,5,,,,1.6,0.3,5
2022p411964,2022-06-02T10:14:42Z,-38.04,7.1,176.33,10.9,141.0,12.0,MLv,,,,2.2,0.3,7,,,,,,,2.5,0.4,7
2022p412037,2022-06-02T10:53:20Z,-40.1,3.0,175.27,3.9,29.0,5.0,MLv,,,,1.7,0.2,9,1.9,nan,4,,,,1.9,0.2,4
2022p412088,2022-06-02T11:20:56Z,-38.54,10.3,175.8,11.9,144.0,15.0,M,,,,1.8,0.3,6,1.7,nan,2,,,,1.7,0.1,2
2022p412105,2022-06-02T11:30:11Z,-38.76,4.0,175.76,14.6,5.0,0.0,MLv,,,,1.6,0.2,6,1.3,nan,1,,,,1.3,nan,1
2022p412308,2022-06-02T13:17:56Z,-43.43,2.7,171.49,3.2,5.0,0.0,M,,,,2.2,0.2,6,2.1,nan,2,,,,2.1,0.1,2
2022p412391,2022-06-02T14:02:25Z,-41.47,4.9,173.44,4.1,63.0,9.0,MLv,,,,2.6,0.3,7,,,,,,,2.8,0.1,11
2022p412440,2022-06-02T14:28:19Z,-38.26,4.0,176.42,3.3,5.0,5.0,M,,,,1.8,0.3,10,1.8,nan,13,,,,1.8,0.2,13
2022p412452,2022-06-02T14:35:00Z,-38.67,7.5,175.35,7.6,203.0,6.0,MLv,,,,2.8,0.4,3,,,,,,,3.6,0.4,78
2022p412517,2022-06-02T15:09:35Z,-38.23,3.9,178.52,6.1,21.0,7.0,MLv,,,,2.4,0.2,9,2.5,nan,7,,,,2.5,0.2,7
2022p412620,2022-06-02T16:04:16Z,-38.62,3.1,176.19,3.3,5.0,0.0,M,,,,1.8,0.2,10,1.7,nan,9,,,,1.7,0.1,9
2022p412673,2022-06-02T16:32:24Z,-43.1,3.0,171.0,2.0,5.0,0.0,MLv,,,,2.4,0.1,6,2.3,nan,3,,,,2.3,0.2,3
2022p412725,2022-06-02T17:00:20Z,-39.08,6.8,175.02,7.1,165.0,10.0,MLv,,,,,,,2.9,nan,1,,,,2.9,nan,1
2022p412780,2022-06-02T17:29:15Z,-37.08,12.0,177.23,9.2,139.0,14.0,M,,,,2.4,0.1,7,2.5,nan,4,,,,2.5,0.1,4
2022p413008,2022-06-02T19:30:49Z,-37.44,7.1,176.48,6.2,240.0,10.0,MLv,,,,2.0,0.4,4,,,,,,,3.7,0.5,70
2022p413146,2022-06-02T20:44:33Z,-38.97,4.9,176.17,3.3,59.0,8.0,MLv,,,,2.2,0.2,18,2.2,nan,19,,,,2.2,0.2,19
2022p413194,2022-06-02T21:10:20Z,-39.42,5.6,175.52,6.8,76.0,9.0,M,,,,1.5,0.6,9,0.8,nan,2,,,,0.8,0.2,2
2022p413220,2022-06-02T21:23:58Z,-39.29,7.2,175.8,5.5,59.0,10.0,MLv,,,,1.1,0.4,12,1.0,nan,5,,,,1.0,0.6,5
2022p413303,2022-06-02T22:08:07Z,-40.33,2.3,175.94,3.5,18.0,5.0,MLv,,,,1.7,0.3,13,1.8,nan,6,,,,1.8,0.4,6
2022p413348,2022-06-02T22:32:11Z,-40.32,3.2,176.12,3.4,39.0,6.0,MLv,,,,1.8,0.2,12,1.7,nan,6,,,,1.7,0.3,6
2022p413454,2022-06-02T23:28:38Z,-38.87,5.8,175.96,5.8,75.0,8.0,MLv,,,,2.3,0.2,12,1.9,nan,4,,,,1.9,0.2,4
2022p413588,2022-06-03T00:40:06Z,-39.02,5.5,177.49,3.2,20.0,6.0,M,,,,1.7,0.3,8,1.4,nan,3,,,,1.4,0.0,3
2022p413591,2022-06-03T00:41:27Z,-40.71,3.6,176.44,4.9,5.0,0.0,MLv,,,,1.9,0.3,10,2.0,nan,4,,,,2.0,0.2,4
2022p413643,2022-06-03T01:09:18Z,-38.1,3.7,176.76,5.4,4.0,5.0,MLv,,,,1.9,0.4,6,2.1,nan,6,,,,2.1,0.2,6
2022p413733,2022-06-03T01:57:20Z,-40.76,5.9,174.72,3.2,20.0,6.0,MLv,,,,1.9,0.3,7,1.2,nan,5,,,,1.2,0.1,5
2022p413745,2022-06-03T02:03:51Z,-38.81,2.3,176.04,2.9,5.0,0.0,MLv,,,,2.0,0.2,12,2.1,nan,6,,,,2.1,0.2,6
2022p413930,2022-06-03T03:41:55Z,-41.26,6.0,172.64,5.4,119.0,8.0,MLv,,,,2.3,0.2,7,2.0,nan,3,,,,2.0,0.7,3
2022p414013,2022-06-03T04:26:49Z,-38.0,7.3,176.22,8.1,150.0,10.0,MLv,,,,,,,2.5,nan,4,,,,2.5,0.7,4
2022p414048,2022-06-03T04:44:54Z,-40.56,3.2,176.43,3.3,13.0,5.0,M,,,,2.6,0.1,12,2.6,nan,14,,,,2.6,0.2,14
2022p414111,2022-06-03T05:18:50Z,-38.86,3.3,175.9,4.3,5.0,0.0,MLv,,,,1.6,0.2,15,1.7,nan,7,,,,1.7,0.2,7
2022p414171,2022-06-03T05:50:34Z,-38.77,1.9,175.98,2.0,5.0,0.0,MLv,,,,2.6,0.2,26,,,,,,,2.7,0.1,47
2022p414237,2022-06-03T06:25:40Z,-38.77,3.6,175.99,4.1,5.0,0.0,MLv,,,,1.7,0.3,8,1.7,nan,5,,,,1.7,0.4,5
2022p414324,2022-06-03T07:12:20Z,-39.37,5.8,174.58,5.6,180.0,6.0,MLv,,,,2.4,0.3,9,,,,,,,3.1,0.3,36
2022p414332,2022-06-03T07:16:23Z,-39.23,3.7,175.13,2.9,19.0,7.0,M,,,,1.7,0.3,12,1.6,nan,2,,,,1.6,0.5,2
2022p414352,2022-06-03T07:27:14Z,-40.09,2.4,174.95,4.5,12.0,0.0,M,,,,2.0,0.2,8,2.0,nan,3,,,,2.0,0.1,3
2022p414373,2022-06-03T07:38:10Z,-38.23,4.5,178.54,7.4,18.0,8.0,M,,,,2.0,0.2,8,1.9,nan,2,,,,1.9,0.1,2
2022p414409,2022-06-03T07:57:37Z,-40.09,3.0,175.06,4.6,17.0,6.0,M,,,,1.9,0.2,11,2.1,nan,2,,,,2.1,0.2,2
2022p414460,2022-06-03T08:24:48Z,-40.3,2.4,175.92,3.4,5.0,7.0,MLv,,,,2.0,0.2,9,2.1,nan,7,,,,2.1,0.2,7
2022p414547,2022-06-03T09:11:01Z,-39.32,3.3,176.53,3.9,29.0,6.0,M,,,,1.8,0.3,10,1.8,nan,7,,,,1.8,0.2,7
2022p414560,2022-06-03T09:17:53Z,-39.65,9.9,174.45,8.8,107.0,14.0,M,,,,2.3,0.4,7,2.0,nan,5,,,,2.0,0.3,5
2022p414587,2022-06-03T09:32:17Z,-39.18,5.0,174.92,2.7,21.0,7.0,M,,,,2.1,0.4,12,2.1,nan,1,,,,2.1,nan,1
2022p414629,2022-06-03T09:54:44Z,-37.12,4.1,177.38,4.4,5.0,0.0,MLv,,,,2.8,0.2,16,2.8,nan,8,,,,2.8,0.1,8
2022p414671,2022-06-03T10:17:11Z,-38.81,1.7,176.01,2.3,5.0,0.0,MLv,,,,2.4,0.2,24,2.4,nan,26,,,,2.4,0.2,26
2022p414681,2022-06-03T10:22:20Z,-38.4,5.8,176.19,8.6,76.0,14.0,MLv,,,,2.2,0.2,10,2.0,nan,2,,,,2.0,0.1,2
2022p414712,2022-06-03T10:38:43Z,-38.31,4.0,176.18,4.1,94.0,8.0,MLv,,,,2.2,0.4,20,2.4,nan,18,,,,2.4,0.4,18
2022p414758,2022-06-03T11:03:21Z,-41.52,5.1,174.91,3.3,33.0,5.0,MLv,,,,1.8,0.3,13,1.6,nan,7,,,,1.6,0.4,7
2022p414796,2022-06-03T11:23:47Z,-39.92,2.7,176.8,4.0,32.0,5.0,MLv,,,,1.5,0.3,10,1.4,nan,3,,,,1.4,0.3,3
2022p414816,2022-06-03T11:34:19Z,-40.91,3.8,176.27,5.1,28.0,3.0,MLv,,,,1.9,0.1,14,,,,,,,1.7,0.2,4
2022p414830,2022-06-03T11:41:51Z,-43.16,3.0,171.06,2.5,5.0,0.0,M,,,,2.3,0.3,11,1.7,nan,1,,,,1.7,nan,1
2022p414854,2022-06-03T11:54:29Z,-39.51,2.2,175.69,2.6,10.0,5.0,MLv,,,,2.0,0.4,13,2.0,nan,12,,,,2.0,0.3,12
2022p414916,2022-06-03T12:27:35Z,-38.82,3.8,175.92,4.0,5.0,0.0,MLv,,,,1.7,0.3,10,1.7,nan,1,,,,1.7,nan,1
2022p415017,2022-06-03T13:21:22Z,-38.82,2.4,175.93,2.9,5.0,0.0,MLv,,,,1.8,0.2,17,1.8,nan,9,,,,1.8,0.2,9
2022p415093,2022-06-03T14:01:43Z,-40.73,3.4,174.39,2.2,24.0,4.0,MLv,,,,2.4,0.4,13,2.0,nan,4,,,,2.0,0.1,4
2022p415273,2022-06-03T15:37:27Z,-38.51,5.9,175.95,5.3,130.0,10.0,MLv,,,,2.3,0.4,5,1.8,nan,4,,,,1.8,0.3,4
2022p415291,2022-06-03T15:47:26Z,-41.2,6.4,172.58,5.5,110.0,8.0,MLv,,,,,,,1.3,nan,1,,,,1.3,nan,1
2022p415340,2022-06-03T16:13:24Z,-40.04,2.6,176.69,2.5,16.0,5.0,MLv,,,,1.6,0.4,10,1.3,nan,4,,,,1.3,0.1,4
2022p415364,2022-06-03T16:26:30Z,-38.24,7.9,175.96,9.9,153.0,11.0,M,,,,,,,1.6,nan,1,,,,1.6,nan,1
2022p415374,2022-06-03T16:31:45Z,-37.81,5.8,176.87,3.8,86.0,7.0,MLv,,,,2.5,0.4,21,,,,,,,2.8,0.3,29
2022p415423,2022-06-03T16:57:42Z,-44.22,3.4,168.7,4.4,5.0,0.0,M,,,,2.6,0.2,10,1.9,nan,1,,,,1.9,nan,1
2022p415665,2022-06-03T19:06:32Z,-37.12,5.2,178.91,10.3,12.0,0.0,MLv,,,,2.8,0.2,9,2.6,nan,3,,,,2.6,0.1,3
2022p415692,2022-06-03T19:20:57Z,-38.54,2.5,177.84,3.3,13.0,5.0,M,,,,2.3,0.1,14,2.1,nan,9,,,,2.1,0.2,9
2022p415729,2022-06-03T19:40:50Z,-38.09,3.1,176.71,2.2,5.0,3.0,M,,,,2.7,0.3,16,2.5,nan,27,,,,2.5,0.2,27
2022p415816,2022-06-03T20:26:53Z,-36.76,6.5,177.98,8.7,12.0,0.0,MLv,,,,2.8,0.1,10,2.8,nan,6,,,,2.8,0.1,6
2022p415926,2022-06-03T21:25:34Z,-40.56,3.8,176.44,4.4,18.0,5.0,M,,,,1.7,0.2,9,1.6,nan,6,,,,1.6,0.2,6
2022p415986,2022-06-03T21:57:55Z,-37.13,5.9,178.92,10.6,12.0,0.0,MLv,,,,2.8,0.4,8,2.5,nan,4,,,,2.5,0.1,4
2022p416049,2022-06-03T22:31:12Z,-39.61,8.3,174.32,7.0,141.0,17.0,M,,,,2.4,0.3,6,2.3,nan,3,,,,2.3,0.2,3
2022p416055,2022-06-03T22:34:21Z,-39.46,4.6,177.37,7.4,25.0,9.0,M,,,,2.0,0.2,9,2.0,nan,1,,,,2.0,nan,1
2022p416083,2022-06-03T22:49:38Z,-38.81,2.3,175.83,3.6,5.0,0.0,MLv,,,,1.7,0.4,9,1.4,nan,3,,,,1.4,0.1,3
2022p416097,2022-06-03T22:57:05Z,-37.61,7.7,179.79,6.3,33.0,0.0,MLv,,,,3.1,0.2,14,3.0,nan,6,,,,3.0,0.1,6
2022p416123,2022-06-03T23:10:34Z,-41.29,3.7,172.39,3.8,4.0,3.0,M,,,,2.5,0.2,7,2.6,nan,9,,,,2.6,0.1,9
2022p416209,2022-06-03T23:56:32Z,-39.7,5.5,174.21,6.6,228.0,7.0,MLv,,,,,,,,,,,,,3.0,0.3,33
2022p416216,2022-06-04T00:00:17Z,-43.6,2.1,172.55,1.5,5.0,4.0,MLv,,,,2.8,0.2,6,,,,,,,2.8,0.1,6
2022p416226,2022-06-04T00:05:35Z,-41.72,3.0,174.12,2.8,11.0,4.0,M,,,,1.9,0.2,12,1.7,nan,5,,,,1.7,0.3,5
2022p416256,2022-06-04T00:21:27Z,-39.78,4.2,177.13,6.6,15.0,6.0,MLv,,,,1.8,0.4,8,1.5,nan,2,,,,1.5,0.1,2
2022p416313,2022-06-04T00:51:56Z,-42.51,3.9,173.58,6.5,23.0,5.0,M,,,,2.2,0.3,6,2.0,nan,3,,,,2.0,0.4,3
2022p416317,2022-06-04T00:53:59Z,-37.25,5.4,178.16,8.2,29.0,8.0,MLv,,,,2.9,0.3,14,,,,,,,2.9,0.2,13
2022p416385,2022-06-04T01:30:49Z,-37.05,7.9,176.76,7.6,204.0,10.0,MLv,,,,2.7,0.3,7,,,,,,,3.1,0.3,13
2022p416392,2022-06-04T01:33:47Z,-37.67,4.6,176.52,4.6,159.0,7.0,MLv,,,,,,,,,,,,,3.1,0.3,43
2022p416541,2022-06-04T02:53:09Z,-38.82,4.6,175.89,4.2,81.0,7.0,MLv,,,,2.5,0.3,16,,,,,,,2.8,0.3,36
2022p416629,2022-06-04T03:40:09Z,-41.28,9.8,172.43,9.7,169.0,8.0,MLv,,,,,,,2.5,nan,7,,,,2.5,0.4,7
2022p416654,2022-06-04T03:53:42Z,-40.13,2.6,174.83,3.4,19.0,4.0,M,,,,2.1,0.2,19,2.1,nan,7,,,,2.1,0.2,7
2022p416692,2022-06-04T04:13:39Z,-40.9,3.8,175.19,3.0,22.0,5.0,MLv,,,,1.4,0.4,8,1.7,nan,2,,,,1.7,0.5,2
2022p416693,2022-06-04T04:14:01Z,-37.6,6.8,179.8,7.1,12.0,0.0,MLv,,,,3.4,0.2,13,,,,,,,3.5,0.2,18
2022p416760,2022-06-04T04:49:56Z,-42.98,2.8,171.76,2.9,5.0,0.0,MLv,,,,2.4,0.1,6,2.5,nan,6,,,,2.5,0.2,6
2022p416780,2022-06-04T05:00:33Z,-38.78,3.1,176.0,3.6,12.0,0.0,MLv,,,,1.8,0.3,18,1.8,nan,16,,,,1.8,0.2,16
2022p416791,2022-06-04T05:06:44Z,-39.31,4.0,177.2,4.3,28.0,7.0,MLv,,,,2.1,0.2,12,2.2,nan,7,,,,2.2,0.1,7
2022p417025,2022-06-04T07:11:23Z,-39.17,2.7,174.91,1.9,19.0,4.0,MLv,,,,2.6,0.2,18,,,,,,,2.7,0.2,23
2022p417053,2022-06-04T07:26:11Z,-39.51,3.2,175.7,3.5,9.0,7.0,M,,,,1.2,0.3,10,1.3,nan,6,,,,1.3,0.4,6
2022p417096,2022-06-04T07:49:15Z,-39.26,3.8,174.9,2.1,20.0,5.0,MLv,,,,2.2,0.2,12,2.0,nan,11,,,,2.0,0.2,11
2022p417112,2022-06-04T07:57:29Z,-39.8,3.3,176.79,5.1,29.0,8.0,MLv,,,,1.3,0.4,9,1.4,nan,2,,,,1.4,0.1,2
2022p417133,2022-06-04T08:08:50Z,-37.57,6.7,177.13,6.6,94.0,9.0,MLv,,,,,,,2.2,nan,6,,,,2.2,0.1,6
2022p417134,2022-06-04T08:09:31Z,-38.27,4.7,176.18,5.5,112.0,10.0,MLv,,,,2.0,0.3,13,2.0,nan,7,,,,2.0,0.3,7
2022p417186,2022-06-04T08:37:05Z,-41.49,4.0,174.66,2.8,12.0,0.0,MLv,,,,1.9,0.2,7,,,,,,,2.1,0.2,8
2022p417194,2022-06-04T08:41:02Z,-39.26,4.3,174.9,1.9,19.0,6.0,M,,,,2.5,0.2,20,2.6,nan,19,,,,2.6,0.2,19
2022p417232,2022-06-04T09:01:29Z,-38.07,4.1,176.58,4.3,8.0,14.0,M,,,,2.1,0.3,9,2.1,nan,9,,,,2.1,0.2,9
2022p417237,2022-06-04T09:04:14Z,-38.07,4.8,176.58,4.9,8.0,16.0,MLv,,,,2.0,0.3,8,2.0,nan,15,,,,2.0,0.2,15
2022p417257,2022-06-04T09:14:39Z,-41.46,4.4,173.18,3.9,56.0,9.0,MLv,,,,2.2,0.3,8,2.4,nan,11,,,,2.4,0.3,11
2022p417277,2022-06-04T09:25:17Z,-39.29,4.5,175.12,3.2,22.0,7.0,MLv,,,,1.6,0.3,11,1.4,nan,6,,,,1.4,0.2,6
2022p417288,2022-06-04T09:31:31Z,-38.08,3.4,176.56,3.4,4.0,5.0,M,,,,1.7,0.3,11,1.6,nan,6,,,,1.6,0.3,6
2022p417298,2022-06-04T09:36:42Z,-39.44,6.6,176.9,6.5,56.0,9.0,M,,,,1.6,0.2,9,1.7,nan,5,,,,1.7,0.1,5
2022p417304,2022-06-04T09:39:48Z,-39.38,4.3,175.76,4.7,20.0,9.0,M,,,,0.7,0.6,6,1.1,nan,1,,,,1.1,nan,1
2022p417310,2022-06-04T09:41:48Z,-33.51,24.8,-179.06,48.9,100.0,0.0,mB,4.5,0.1,3,4.2,0.2,11,4.1,nan,7,3.7,0.4,4,4.2,0.1,7
2022p417309,2022-06-04T09:42:29Z,-41.9,3.5,172.08,4.4,78.0,9.0,ML,,,,2.1,0.3,13,2.1,nan,4,,,,2.1,0.2,4
2022p417363,2022-06-04T10:11:35Z,-38.32,6.4,175.82,6.9,159.0,10.0,MLv,,,,1.7,0.4,6,1.9,nan,5,,,,1.9,0.2,5
2022p417401,2022-06-04T10:31:20Z,-38.8,2.8,176.04,2.9,9.0,7.0,MLv,,,,1.5,0.3,9,1.7,nan,3,,,,1.7,0.3,3
2022p417432,2022-06-04T10:48:11Z,-42.04,2.8,172.94,3.4,41.0,7.0,MLv,,,,2.2,0.3,8,1.9,nan,3,,,,1.9,0.5,3
2022p417472,2022-06-04T11:09:24Z,-40.35,4.7,175.99,10.0,40.0,17.0,MLv,,,,1.2,0.5,6,0.8,nan,1,,,,0.8,nan,1
2022p417531,2022-06-04T11:40:59Z,-42.02,2.8,173.83,4.7,17.0,4.0,M,,,,2.0,0.4,10,1.4,nan,3,,,,1.4,0.3,3
2022p417556,2022-06-04T11:53:29Z,-35.45,27.6,178.56,35.4,248.0,26.0,MLv,,,,3.4,0.3,7,3.4,nan,1,,,,3.4,nan,1
2022p417565,2022-06-04T11:59:01Z,-38.06,2.9,176.57,2.5,8.0,8.0,MLv,,,,1.7,0.3,12,1.7,nan,9,,,,1.7,0.2,9
2022p417634,2022-06-04T12:35:47Z,-40.63,2.3,175.84,2.5,25.0,5.0,MLv,,,,1.5,0.2,9,1.5,nan,6,,,,1.5,0.3,6
2022p417669,2022-06-04T12:53:37Z,-33.93,7.6,-179.12,14.8,100.0,0.0,mB,4.8,0.2,5,4.2,0.1,6,4.3,nan,8,4.0,0.4,2,4.3,0.1,8
2022p417691,2022-06-04T13:05:45Z,-39.17,2.6,177.53,2.9,23.0,3.0,MLv,,,,2.4,0.3,19,2.4,nan,16,,,,2.4,0.2,16
2022p417762,2022-06-04T13:43:57Z,-41.2,3.1,174.64,2.0,27.0,4.0,MLv,,,,1.7,0.2,11,1.6,nan,5,,,,1.6,0.2,5
2022p417798,2022-06-04T14:02:17Z,-33.78,9.2,-178.25,15.2,33.0,0.0,mB,4.9,0.1,13,4.5,0.2,19,,,,4.1,0.4,7,4.6,0.2,18
2022p417835,2022-06-04T14:23:01Z,-41.38,4.4,172.6,4.0,77.0,7.0,MLv,,,,2.1,0.3,11,1.6,nan,3,,,,1.6,0.1,3
2022p417849,2022-06-04T14:29:58Z,-42.03,5.2,174.25,7.5,21.0,5.0,MLv,,,,1.8,0.4,8,1.7,nan,2,,,,1.7,0.3,2
2022p417876,2022-06-04T14:44:26Z,-39.31,7.6,174.49,5.7,133.0,7.0,MLv,,,,1.7,0.3,8,2.4,nan,14,,,,2.4,0.4,14
2022p417908,2022-06-04T15:01:36Z,-38.35,5.0,176.24,6.2,131.0,11.0,MLv,,,,,,,1.7,nan,3,,,,1.7,0.5,3
2022p417913,2022-06-04T15:04:13Z,-36.99,5.3,177.67,6.1,64.0,15.0,MLv,,,,2.6,0.1,14,,,,,,,2.7,0.1,7
2022p417983,2022-06-04T15:41:51Z,-41.74,3.3,174.24,6.0,5.0,8.0,M,,,,1.5,0.3,8,1.6,nan,3,,,,1.6,0.5,3
2022p418077,2022-06-04T16:31:44Z,-39.74,2.5,176.82,3.7,33.0,6.0,MLv,,,,1.8,0.3,11,1.7,nan,7,,,,1.7,0.2,7
2022p418081,2022-06-04T16:34:00Z,-40.42,3.2,176.3,3.0,22.0,6.0,M,,,,1.5,0.3,9,1.5,nan,5,,,,1.5,0.5,5
2022p418085,2022-06-04T16:36:07Z,-40.6,2.4,175.87,2.6,24.0,4.0,MLv,,,,1.3,0.3,12,,,,,,,1.0,0.2,3
2022p418091,2022-06-04T16:39:07Z,-39.45,4.6,174.88,2.8,24.0,9.0,M,,,,2.0,0.3,10,2.0,nan,8,,,,2.0,0.3,8
2022p418106,2022-06-04T16:47:01Z,-39.81,2.6,176.8,3.8,33.0,7.0,M,,,,1.9,0.2,12,1.9,nan,8,,,,1.9,0.2,8
2022p418112,2022-06-04T16:50:10Z,-39.1,9.5,175.18,8.0,141.0,8.0,MLv,,,,,,,2.2,nan,10,,,,2.2,0.3,10
2022p418217,2022-06-04T17:46:16Z,-39.45,2.4,177.18,2.8,25.0,3.0,MLv,,,,2.2,0.2,18,,,,,,,2.2,0.1,13
2022p418232,2022-06-04T17:53:58Z,-38.26,18.1,176.09,15.1,155.0,15.0,M,,,,2.1,0.4,6,1.6,nan,2,,,,1.6,0.5,2
2022p418261,2022-06-04T18:09:35Z,-38.0,12.8,176.16,14.2,168.0,15.0,M,,,,,,,1.4,nan,2,,,,1.4,0.0,2
2022p418361,2022-06-04T19:03:00Z,-39.49,2.0,175.71,2.0,12.0,4.0,MLv,,,,3.1,0.3,15,,,,,,,3.1,0.2,67
2022p418417,2022-06-04T19:32:34Z,-40.89,3.4,175.45,3.3,21.0,6.0,M,,,,1.7,0.3,11,1.7,nan,11,,,,1.7,0.3,11
2022p418419,2022-06-04T19:34:26Z,-39.59,3.3,177.16,6.1,40.0,6.0,M,,,,1.8,0.3,11,1.7,nan,6,,,,1.7,0.3,6
2022p418437,2022-06-04T19:43:21Z,-39.48,7.9,175.71,5.6,13.0,10.0,M,,,,1.1,0.4,12,1.0,nan,3,,,,1.0,0.4,3
2022p418449,2022-06-04T19:50:07Z,-39.51,7.9,175.7,4.1,10.0,8.0,M,,,,1.1,0.3,13,0.8,nan,5,,,,0.8,0.4,5
2022p418571,2022-06-04T20:54:46Z,-39.82,3.2,176.68,3.8,34.0,7.0,M,,,,1.4,0.3,9,1.4,nan,5,,,,1.4,0.1,5
2022p418575,2022-06-04T20:57:10Z,-38.06,2.7,176.57,2.3,8.0,5.0,M,,,,1.8,0.3,12,1.8,nan,8,,,,1.8,0.3,8
2022p418578,2022-06-04T20:58:33Z,-38.07,3.3,176.58,2.4,6.0,8.0,M,,,,2.0,0.3,13,2.0,nan,13,,,,2.0,0.2,13
2022p418664,2022-06-04T21:44:29Z,-38.21,7.3,176.48,10.2,133.0,11.0,M,,,,2.0,0.4,7,2.0,nan,6,,,,2.0,0.3,6
2022p418690,2022-06-04T21:58:32Z,-39.95,2.8,175.23,4.2,16.0,6.0,M,,,,1.8,0.3,12,2.0,nan,4,,,,2.0,0.3,4
2022p418714,2022-06-04T22:11:06Z,-43.62,3.6,169.77,3.0,5.0,0.0,M,,,,2.4,0.2,7,2.2,nan,3,,,,2.2,0.5,3
2022p418849,2022-06-04T23:22:59Z,-45.04,6.3,167.58,6.9,69.0,9.0,M,,,,2.6,0.3,9,1.9,nan,1,,,,1.9,nan,1
2022p418881,2022-06-04T23:40:09Z,-44.99,4.8,167.57,5.6,37.0,8.0,M,,,,2.8,0.3,11,2.4,nan,4,,,,2.4,0.3,4
2022p418910,2022-06-04T23:55:31Z,-41.15,6.3,173.35,5.4,75.0,9.0,M,,,,1.9,0.3,6,1.8,nan,3,,,,1.8,0.3,3
2022p418990,2022-06-05T00:38:09Z,-39.81,3.6,177.15,6.7,17.0,5.0,M,,,,1.8,0.3,9,1.6,nan,7,,,,1.6,0.2,7
2022p419071,2022-06-05T01:21:29Z,-40.23,3.3,174.91,5.5,20.0,7.0,M,,,,2.1,0.3,9,1.3,nan,3,,,,1.3,0.2,3
2022p419072,2022-06-05T01:21:55Z,-38.64,5.7,175.62,4.7,125.0,8.0,MLv,,,,1.9,nan,1,,,,,,,3.1,0.3,48
2022p419088,2022-06-05T01:30:34Z,-39.79,3.0,177.12,5.8,17.0,5.0,M,,,,1.6,0.3,9,1.7,nan,4,,,,1.7,0.2,4
2022p419145,2022-06-05T02:00:37Z,-39.02,3.3,176.93,3.6,37.0,5.0,M,,,,1.8,0.2,13,1.8,nan,7,,,,1.8,0.3,7
2022p419168,2022-06-05T02:13:19Z,-39.92,3.4,176.77,4.3,33.0,7.0,M,,,,1.5,0.4,11,1.2,nan,5,,,,1.2,0.2,5
2022p419180,2022-06-05T02:19:31Z,-40.39,6.3,173.39,6.1,128.0,10.0,M,,,,,,,2.5,nan,10,,,,2.5,0.1,10
2022p419193,2022-06-05T02:26:02Z,-44.88,5.1,167.6,5.5,46.0,8.0,MLv,,,,2.8,0.2,12,2.5,nan,1,,,,2.5,nan,1
2022p419217,2022-06-05T02:38:54Z,-39.1,3.6,174.56,2.6,17.0,4.0,M,,,,2.2,0.3,13,2.2,nan,7,,,,2.2,0.1,7
2022p419247,2022-06-05T02:55:16Z,-40.25,2.7,176.61,3.6,15.0,6.0,M,,,,1.9,0.2,9,1.8,nan,6,,,,1.8,0.2,6
2022p419308,2022-06-05T03:27:32Z,-35.77,23.8,178.27,23.2,184.0,30.0,MLv,,,,3.1,0.2,11,,,,,,,3.2,0.1,7
2022p419317,2022-06-05T03:32:22Z,-39.74,3.7,177.03,4.9,17.0,5.0,MLv,,,,1.4,0.3,8,1.3,nan,3,,,,1.3,0.3,3
2022p419348,2022-06-05T03:48:51Z,-41.2,7.5,172.61,6.2,109.0,8.0,M,,,,,,,1.4,nan,1,,,,1.4,nan,1
2022p419407,2022-06-05T04:20:24Z,-40.28,3.2,176.48,3.9,19.0,6.0,M,,,,1.4,0.3,9,1.2,nan,5,,,,1.2,0.3,5
2022p419426,2022-06-05T04:30:28Z,-39.06,3.2,177.71,3.2,19.0,4.0,MLv,,,,2.2,0.2,13,2.2,nan,9,,,,2.2,0.1,9
2022p419437,2022-06-05T04:36:13Z,-37.87,6.1,176.24,5.4,185.0,7.0,MLv,,,,,,,,,,,,,3.0,0.3,43
2022p419463,2022-06-05T04:49:51Z,-40.0,5.5,174.9,4.6,86.0,10.0,M,,,,1.8,0.2,7,2.0,nan,3,,,,2.0,0.2,3
2022p419487,2022-06-05T05:03:22Z,-39.5,3.4,175.7,2.7,10.0,7.0,MLv,,,,1.2,0.3,10,1.1,nan,6,,,,1.1,0.4,6
2022p419492,2022-06-05T05:05:28Z,-39.62,2.6,175.8,3.4,39.0,5.0,MLv,,,,2.7,0.2,21,,,,,,,2.7,0.2,37
2022p419572,2022-06-05T05:48:24Z,-39.75,2.5,177.03,3.9,16.0,3.0,MLv,,,,1.8,0.2,13,,,,,,,1.8,0.1,7
2022p419700,2022-06-05T06:56:36Z,-39.09,5.3,177.71,3.8,15.0,6.0,M,,,,1.3,0.3,7,1.3,nan,1,,,,1.3,nan,1
2022p419794,2022-06-05T07:46:29Z,-38.16,4.5,178.27,5.8,16.0,7.0,MLv,,,,1.5,0.3,6,1.6,nan,3,,,,1.6,0.3,3
2022p419876,2022-06-05T08:30:23Z,-38.35,7.5,178.6,8.9,28.0,6.0,M,,,,2.0,0.2,14,1.8,nan,5,,,,1.8,0.1,5
2022p419906,2022-06-05T08:46:33Z,-39.5,3.8,175.7,3.0,7.0,7.0,M,,,,1.7,0.3,12,1.7,nan,8,,,,1.7,0.3,8
2022p419941,2022-06-05T09:05:08Z,-40.14,3.2,174.27,4.4,79.0,10.0,MLv,,,,2.3,0.2,10,2.2,nan,1,,,,2.2,nan,1
2022p419980,2022-06-05T09:25:38Z,-38.44,6.8,175.91,8.4,144.0,10.0,M,,,,1.8,0.4,5,2.0,nan,3,,,,2.0,0.5,3
2022p420066,2022-06-05T10:11:29Z,-39.24,7.0,177.3,6.6,25.0,8.0,MLv,,,,1.5,0.2,9,1.5,nan,3,,,,1.5,0.1,3
2022p420080,2022-06-05T10:18:56Z,-39.79,3.0,177.13,6.6,19.0,5.0,M,,,,1.7,0.3,11,1.6,nan,3,,,,1.6,0.3,3
2022p420230,2022-06-05T11:38:46Z,-39.5,2.8,175.68,3.5,10.0,7.0,M,,,,1.2,0.4,10,1.1,nan,6,,,,1.1,0.4,6
2022p420342,2022-06-05T12:38:30Z,-38.56,3.3,177.58,3.2,26.0,6.0,M,,,,1.4,0.2,8,1.2,nan,4,,,,1.2,0.3,4
2022p420355,2022-06-05T12:45:12Z,-38.2,2.6,178.32,4.9,15.0,6.0,M,,,,1.8,0.2,9,2.0,nan,4,,,,2.0,0.2,4
2022p420364,2022-06-05T12:50:31Z,-39.74,4.0,177.03,4.3,16.0,4.0,M,,,,1.5,0.3,9,1.1,nan,3,,,,1.1,0.2,3
2022p420392,2022-06-05T13:05:22Z,-38.94,8.7,175.36,7.9,126.0,9.0,MLv,,,,1.9,0.4,5,1.8,nan,7,,,,1.8,0.4,7
2022p420426,2022-06-05T13:23:25Z,-43.1,3.1,170.94,1.9,5.0,0.0,MLv,,,,2.6,0.2,7,,,,,,,2.7,0.2,4
2022p420437,2022-06-05T13:29:20Z,-39.18,3.1,174.75,2.7,15.0,4.0,M,,,,2.1,0.2,13,1.8,nan,4,,,,1.8,0.2,4
2022p420567,2022-06-05T14:38:23Z,-39.51,4.2,177.18,5.9,26.0,7.0,M,,,,1.7,0.2,9,1.8,nan,2,,,,1.8,0.1,2
2022p420599,2022-06-05T14:55:15Z,-40.3,2.9,174.7,3.3,62.0,8.0,MLv,,,,2.8,0.2,21,,,,,,,2.8,0.2,24
2022p420647,2022-06-05T15:21:15Z,-39.74,2.7,177.03,3.9,17.0,5.0,MLv,,,,2.0,0.2,13,1.9,nan,10,,,,1.9,0.1,10
2022p420664,2022-06-05T15:30:16Z,-38.47,7.8,176.24,8.9,93.0,12.0,M,,,,1.5,0.6,9,1.9,nan,5,,,,1.9,0.3,5
2022p420722,2022-06-05T16:00:52Z,-39.35,4.1,177.03,5.8,31.0,6.0,M,,,,1.4,0.1,8,1.5,nan,2,,,,1.5,0.1,2
2022p420760,2022-06-05T16:21:17Z,-41.72,4.0,172.22,4.4,76.0,8.0,M,,,,2.4,0.3,10,1.9,nan,1,,,,1.9,nan,1
2022p420833,2022-06-05T17:00:08Z,-44.55,3.3,168.4,3.2,5.0,0.0,ML,,,,1.9,0.5,2,2.9,nan,3,,,,2.9,0.2,3
2022p420891,2022-06-05T17:31:06Z,-38.77,4.1,176.0,4.2,5.0,0.0,MLv,,,,1.7,0.3,7,1.5,nan,5,,,,1.5,0.3,5
2022p420912,2022-06-05T17:42:07Z,-41.43,4.1,174.49,2.3,14.0,7.0,M,,,,1.9,0.2,7,1.8,nan,2,,,,1.8,0.1,2
2022p420957,2022-06-05T18:06:04Z,-38.42,2.8,176.35,3.7,2.0,4.0,M,,,,1.0,0.1,7,1.0,nan,6,,,,1.0,0.1,6
2022p420959,2022-06-05T18:07:24Z,-38.43,3.6,176.33,5.3,4.0,4.0,M,,,,0.7,0.2,5,0.9,nan,5,,,,0.9,0.2,5
2022p420973,2022-06-05T18:14:44Z,-40.69,2.3,175.44,2.6,23.0,3.0,M,,,,2.2,0.2,18,2.3,nan,17,,,,2.3,0.2,17
2022p420999,2022-06-05T18:28:28Z,-38.42,2.4,176.32,2.4,3.0,3.0,M,,,,1.8,0.2,11,1.7,nan,11,,,,1.7,0.2,11
2022p421005,2022-06-05T18:31:35Z,-38.43,2.6,176.33,2.8,3.0,3.0,M,,,,1.7,0.2,8,1.7,nan,7,,,,1.7,0.1,7
2022p421014,2022-06-05T18:36:27Z,-38.42,3.3,176.33,3.0,4.0,3.0,MLv,,,,1.4,0.2,8,1.4,nan,6,,,,1.4,0.1,6
2022p421021,2022-06-05T18:40:15Z,-38.5,8.6,175.81,8.1,137.0,11.0,M,,,,,,,1.5,nan,1,,,,1.5,nan,1
2022p421088,2022-06-05T19:15:44Z,-37.08,8.3,179.13,8.6,12.0,0.0,M,,,,2.5,0.2,13,2.5,nan,6,,,,2.5,0.2,6
2022p421103,2022-06-05T19:24:04Z,-38.43,3.7,176.32,5.1,4.0,4.0,M,,,,1.2,0.2,7,1.2,nan,7,,,,1.2,0.2,7
2022p421114,2022-06-05T19:29:39Z,-38.83,4.0,175.99,3.5,8.0,7.0,M,,,,1.7,0.2,11,1.6,nan,7,,,,1.6,0.2,7
2022p421125,2022-06-05T19:35:34Z,-38.68,11.2,175.65,14.3,115.0,20.0,M,,,,1.6,0.3,6,1.9,nan,5,,,,1.9,0.2,5
2022p421251,2022-06-05T20:42:45Z,-43.59,2.2,172.69,2.1,12.0,4.0,MLv,,,,2.5,0.3,4,,,,,,,2.8,0.2,6
2022p421328,2022-06-05T21:24:03Z,-40.41,3.0,175.94,4.1,38.0,5.0,M,,,,1.7,0.2,14,1.7,nan,13,,,,1.7,0.3,13
2022p421440,2022-06-05T22:23:36Z,-39.77,5.5,177.05,5.7,17.0,5.0,M,,,,1.6,0.3,8,1.5,nan,3,,,,1.5,0.4,3
2022p421454,2022-06-05T22:30:55Z,-39.49,8.6,175.74,6.0,10.0,10.0,M,,,,1.0,0.6,8,0.8,nan,3,,,,0.8,0.3,3
2022p421515,2022-06-05T23:03:16Z,-38.8,6.9,175.95,5.6,5.0,0.0,M,,,,2.0,0.1,9,1.5,nan,3,,,,1.5,0.1,3
2022p421516,2022-06-05T23:03:56Z,-38.82,1.9,175.97,2.2,5.0,0.0,M,,,,2.4,0.2,21,2.5,nan,30,,,,2.5,0.1,30
2022p421520,2022-06-05T23:05:51Z,-39.95,2.5,175.22,3.4,18.0,5.0,M,,,,1.8,0.3,11,1.6,nan,4,,,,1.6,0.3,4
2022p421769,2022-06-06T01:18:43Z,-38.86,4.5,175.84,5.0,110.0,6.0,MLv,,,,2.4,0.3,15,,,,,,,3.1,0.4,73
2022p421870,2022-06-06T02:12:34Z,-36.63,20.3,177.45,15.0,189.0,23.0,MLv,,,,2.6,0.2,9,2.6,nan,7,,,,2.6,0.2,7
2022p421914,2022-06-06T02:35:46Z,-39.17,4.3,175.37,10.6,5.0,0.0,M,,,,1.0,0.3,6,0.7,nan,2,,,,0.7,0.4,2
2022p421936,2022-06-06T02:47:42Z,-38.95,10.1,174.81,9.7,199.0,13.0,MLv,,,,2.6,0.3,8,,,,,,,2.8,0.3,3
2022p422065,2022-06-06T03:56:40Z,-38.43,3.0,176.32,3.6,4.0,4.0,MLv,,,,1.6,0.2,8,1.6,nan,9,,,,1.6,0.2,9
2022p422084,2022-06-06T04:06:38Z,-40.45,3.2,175.86,3.7,33.0,6.0,MLv,,,,2.0,0.3,13,,,,,,,2.3,0.3,19
2022p422183,2022-06-06T04:59:41Z,-39.21,4.7,178.54,7.1,30.0,6.0,MLv,,,,2.2,0.2,18,2.5,nan,6,,,,2.5,0.2,6
2022p422294,2022-06-06T05:58:40Z,-40.61,3.9,174.61,3.9,38.0,11.0,MLv,,,,2.3,0.3,15,2.1,nan,6,,,,2.1,0.2,6
2022p422339,2022-06-06T06:22:43Z,-43.54,3.1,172.43,2.6,5.0,3.0,M,,,,2.5,0.1,9,2.4,nan,7,,,,2.4,0.2,7
2022p422405,2022-06-06T06:57:45Z,-38.16,3.7,177.84,4.0,30.0,9.0,MLv,,,,1.5,0.2,8,1.4,nan,4,,,,1.4,0.4,4
2022p422516,2022-06-06T07:56:42Z,-38.4,6.7,175.98,8.4,106.0,14.0,M,,,,2.0,0.3,7,1.9,nan,2,,,,1.9,0.0,2
2022p422592,2022-06-06T08:37:21Z,-38.82,3.5,178.19,4.2,22.0,4.0,MLv,,,,2.8,0.3,17,,,,,,,2.7,0.2,23
2022p422616,2022-06-06T08:50:16Z,-42.42,5.0,173.78,6.5,5.0,0.0,M,,,,1.9,0.3,6,1.9,nan,1,,,,1.9,nan,1
2022p422628,2022-06-06T08:56:29Z,-38.77,6.4,175.23,5.1,203.0,7.0,MLv,,,,2.4,0.4,4,,,,,,,2.9,0.3,38
2022p422784,2022-06-06T10:20:20Z,-40.6,3.6,175.86,3.6,25.0,8.0,M,,,,0.6,0.2,6,0.6,nan,2,,,,0.6,0.1,2
2022p422802,2022-06-06T10:29:01Z,-40.6,2.3,176.11,2.4,22.0,5.0,MLv,,,,1.6,0.3,13,1.7,nan,7,,,,1.7,0.3,7
2022p422957,2022-06-06T11:51:41Z,-40.0,3.0,176.6,2.7,26.0,5.0,M,,,,1.1,0.4,8,1.0,nan,2,,,,1.0,0.3,2
2022p422985,2022-06-06T12:06:27Z,-40.09,2.2,175.01,2.6,19.0,4.0,MLv,,,,2.4,0.2,19,,,,,,,2.4,0.2,25
2022p423035,2022-06-06T12:33:17Z,-40.15,2.9,174.3,3.9,63.0,12.0,M,,,,2.2,0.3,19,2.2,nan,8,,,,2.2,0.1,8
2022p423085,2022-06-06T12:59:49Z,-40.34,3.3,176.58,3.9,15.0,6.0,MLv,,,,1.5,0.2,11,1.5,nan,7,,,,1.5,0.2,7
2022p423108,2022-06-06T13:12:13Z,-38.62,3.0,176.22,3.3,5.0,0.0,M,,,,2.0,0.3,7,1.7,nan,8,,,,1.7,0.3,8
2022p423118,2022-06-06T13:17:47Z,-38.61,3.1,176.23,3.1,5.0,4.0,M,,,,2.1,0.2,10,2.0,nan,10,,,,2.0,0.2,10
2022p423190,2022-06-06T13:54:44Z,-33.7,5.4,179.28,12.1,100.0,0.0,MLv,4.6,0.2,2,3.9,0.1,7,4.1,nan,5,3.8,0.4,2,4.1,0.1,5
2022p423193,2022-06-06T13:57:42Z,-37.25,5.9,177.92,6.9,57.0,11.0,M,,,,2.5,0.2,12,2.6,nan,8,,,,2.6,0.1,8
2022p423253,2022-06-06T14:29:15Z,-37.3,2.9,177.64,2.6,12.0,0.0,MLv,,,,3.3,0.3,19,,,,,,,3.4,0.2,57
2022p423406,2022-06-06T15:51:14Z,-39.7,6.8,174.08,9.8,182.0,10.0,M,,,,2.4,0.1,6,2.5,nan,10,,,,2.5,0.2,10
2022p423420,2022-06-06T15:58:20Z,-38.05,4.9,176.69,3.5,5.0,10.0,MLv,,,,1.5,0.2,7,1.5,nan,6,,,,1.5,0.1,6
2022p423472,2022-06-06T16:25:58Z,-39.72,3.2,177.06,6.1,17.0,6.0,M,,,,1.8,0.2,8,1.8,nan,4,,,,1.8,0.2,4
2022p423482,2022-06-06T16:31:35Z,-42.48,2.7,173.23,3.3,8.0,4.0,M,,,,2.3,0.2,8,2.0,nan,2,,,,2.0,0.1,2
2022p423495,2022-06-06T16:38:19Z,-38.41,6.7,175.89,8.5,138.0,11.0,MLv,,,,1.5,0.5,6,,,,,,,3.0,0.4,58
2022p423511,2022-06-06T16:46:42Z,-38.15,4.6,178.36,7.6,22.0,9.0,M,,,,1.6,0.3,8,1.3,nan,1,,,,1.3,nan,1
2022p423544,2022-06-06T17:04:38Z,-38.75,7.0,175.9,10.2,86.0,13.0,M,,,,1.5,0.3,7,1.6,nan,2,,,,1.6,0.1,2
2022p423561,2022-06-06T17:13:33Z,-39.87,3.1,176.67,4.1,32.0,9.0,MLv,,,,1.3,0.3,9,1.4,nan,7,,,,1.4,0.3,7
2022p423652,2022-06-06T18:02:08Z,-40.01,3.5,176.16,5.4,27.0,7.0,M,,,,1.4,0.4,10,1.0,nan,2,,,,1.0,0.3,2
2022p423662,2022-06-06T18:07:08Z,-43.86,3.5,170.45,3.4,5.0,0.0,ML,,,,1.9,0.0,2,,,,,,,,,
2022p423670,2022-06-06T18:11:32Z,-41.21,7.3,172.6,7.7,109.0,9.0,M,,,,,,,1.5,nan,3,,,,1.5,0.4,3
2022p423677,2022-06-06T18:15:19Z,-38.8,3.2,175.85,4.2,5.0,0.0,M,,,,1.5,0.4,9,1.2,nan,3,,,,1.2,0.2,3
2022p423842,2022-06-06T19:43:08Z,-39.7,8.3,174.09,10.1,122.0,25.0,M,,,,2.2,0.3,7,2.2,nan,3,,,,2.2,0.3,3
2022p423854,2022-06-06T19:49:12Z,-37.52,11.2,179.91,8.0,33.0,0.0,MLv,,,,2.7,0.2,11,2.8,nan,4,,,,2.8,0.2,4
2022p423909,2022-06-06T20:18:56Z,-40.44,2.0,175.85,2.0,23.0,4.0,MLv,,,,3.2,0.2,12,,,,,,,3.1,0.2,43
2022p423941,2022-06-06T20:35:52Z,-39.36,3.4,174.87,1.8,20.0,5.0,MLv,,,,2.1,0.2,12,2.0,nan,7,,,,2.0,0.2,7
2022p423952,2022-06-06T20:41:57Z,-38.83,2.6,175.97,3.0,5.0,3.0,MLv,,,,1.8,0.3,12,2.0,nan,12,,,,2.0,0.2,12
2022p423985,2022-06-06T20:59:05Z,-36.25,11.0,177.92,11.0,161.0,16.0,MLv,,,,2.7,0.1,5,,,,,,,2.9,0.3,4
2022p423989,2022-06-06T21:01:37Z,-38.82,2.1,175.97,2.2,5.0,0.0,MLv,,,,2.1,0.2,23,2.2,nan,21,,,,2.2,0.2,21
2022p423999,2022-06-06T21:07:06Z,-38.82,3.2,176.0,3.1,6.0,8.0,MLv,,,,1.7,0.2,13,1.8,nan,11,,,,1.8,0.1,11
2022p424002,2022-06-06T21:08:21Z,-40.85,3.7,176.26,5.3,24.0,5.0,MLv,,,,1.7,0.1,10,1.6,nan,5,,,,1.6,0.2,5
2022p424088,2022-06-06T21:54:17Z,-40.67,5.3,175.41,4.1,22.0,6.0,M,,,,1.7,0.2,11,2.0,nan,4,,,,2.0,0.2,4
2022p424176,2022-06-06T22:41:18Z,-39.49,5.8,174.41,5.1,124.0,12.0,MLv,,,,2.2,0.3,16,2.4,nan,7,,,,2.4,0.2,7
2022p424221,2022-06-06T23:05:28Z,-41.75,2.5,174.14,2.9,6.0,4.0,M,,,,2.1,0.3,12,2.1,nan,6,,,,2.1,0.3,6
2022p424269,2022-06-06T23:30:36Z,-39.79,3.0,176.75,4.5,24.0,7.0,M,,,,1.7,0.2,12,1.5,nan,5,,,,1.5,0.2,5
2022p424338,2022-06-07T00:07:29Z,-39.47,3.9,175.72,3.7,9.0,9.0,MLv,,,,1.1,0.3,6,1.3,nan,4,,,,1.3,0.2,4
2022p424378,2022-06-07T00:29:07Z,-40.64,4.5,175.83,3.4,19.0,8.0,MLv,,,,0.9,0.3,7,0.7,nan,2,,,,0.7,0.0,2
2022p424420,2022-06-07T00:51:29Z,-40.58,2.6,175.87,2.8,24.0,6.0,M,,,,1.5,0.2,7,1.5,nan,5,,,,1.5,0.1,5
2022p424547,2022-06-07T01:58:48Z,-37.61,14.1,179.97,13.2,33.0,0.0,M,,,,2.7,0.2,5,2.9,nan,4,,,,2.9,0.2,4
2022p424556,2022-06-07T02:03:54Z,-38.96,11.9,174.77,13.1,188.0,19.0,M,,,,2.6,0.2,5,2.6,nan,4,,,,2.6,0.8,4
2022p424744,2022-06-07T03:43:39Z,-41.19,2.7,175.53,3.4,19.0,5.0,M,,,,1.6,0.2,9,1.6,nan,5,,,,1.6,0.2,5
2022p424799,2022-06-07T04:13:10Z,-38.91,7.2,175.52,5.1,90.0,9.0,M,,,,1.6,0.4,7,2.2,nan,15,,,,2.2,0.5,15
2022p424958,2022-06-07T05:38:06Z,-40.11,2.6,174.96,4.4,20.0,6.0,M,,,,1.8,nan,1,1.6,nan,1,,,,1.6,nan,1
2022p424964,2022-06-07T05:40:58Z,-40.11,2.5,174.99,3.7,23.0,4.0,M,,,,2.5,0.1,12,2.5,nan,22,,,,2.5,0.2,22
2022p425065,2022-06-07T06:34:48Z,-40.06,3.7,176.39,3.5,46.0,8.0,M,,,,1.5,0.4,9,1.3,nan,6,,,,1.3,0.4,6
2022p425067,2022-06-07T06:36:12Z,-37.26,15.1,176.71,12.2,195.0,14.0,M,,,,,,,2.6,nan,3,,,,2.6,0.2,3
2022p425109,2022-06-07T06:58:32Z,-38.86,3.2,175.97,3.0,6.0,7.0,M,,,,1.7,0.1,15,1.8,nan,11,,,,1.8,0.1,11
2022p425367,2022-06-07T09:15:30Z,-37.46,8.9,176.31,7.5,246.0,10.0,MLv,,,,,,,,,,,,,3.4,0.3,26
2022p425420,2022-06-07T09:44:17Z,-38.79,2.9,176.03,3.9,5.0,0.0,M,,,,1.8,0.3,7,1.8,nan,6,,,,1.8,0.3,6
2022p425572,2022-06-07T11:05:06Z,-39.08,4.2,173.93,4.6,9.0,4.0,MLv,,,,3.2,0.2,18,,,,,,,3.3,0.2,45
2022p425617,2022-06-07T11:29:14Z,-39.07,7.4,173.94,6.3,6.0,7.0,M,,,,2.5,0.1,9,2.6,nan,11,,,,2.6,0.2,11
2022p425628,2022-06-07T11:34:48Z,-38.86,2.9,175.95,2.6,5.0,0.0,MLv,,,,2.0,0.1,16,,,,,,,2.1,0.1,19
2022p425643,2022-06-07T11:43:05Z,-38.86,3.2,175.96,2.8,5.0,0.0,MLv,,,,1.6,0.1,10,1.6,nan,6,,,,1.6,0.2,6
2022p425669,2022-06-07T11:56:40Z,-39.04,5.6,175.91,4.3,66.0,8.0,M,,,,2.0,0.5,19,2.3,nan,20,,,,2.3,0.4,20
2022p425809,2022-06-07T13:11:10Z,-38.99,6.8,176.25,4.1,72.0,9.0,MLv,,,,2.0,0.3,18,2.0,nan,13,,,,2.0,0.2,13
2022p425858,2022-06-07T13:37:36Z,-38.79,2.4,175.9,3.9,5.0,0.0,MLv,,,,1.7,0.3,7,1.6,nan,3,,,,1.6,0.3,3
2022p425953,2022-06-07T14:28:04Z,-41.44,3.3,175.26,2.5,10.0,7.0,M,,,,1.4,0.3,9,1.4,nan,4,,,,1.4,0.4,4
2022p426026,2022-06-07T15:06:47Z,-38.87,3.2,175.95,2.4,5.0,0.0,MLv,,,,1.9,0.1,12,1.9,nan,15,,,,1.9,0.1,15
2022p426085,2022-06-07T15:38:33Z,-40.17,2.0,174.38,2.7,9.0,6.0,M,,,,2.4,0.2,15,2.3,nan,4,,,,2.3,0.2,4
2022p426240,2022-06-07T17:01:04Z,-40.72,4.3,174.37,2.9,28.0,5.0,MLv,,,,2.2,0.3,13,2.1,nan,3,,,,2.1,0.1,3
2022p426312,2022-06-07T17:39:18Z,-41.79,4.2,174.0,3.2,47.0,6.0,MLv,,,,2.1,0.2,13,2.1,nan,3,,,,2.1,0.1,3
2022p426332,2022-06-07T17:49:48Z,-38.21,5.1,176.0,5.5,152.0,6.0,MLv,,,,2.5,0.6,6,,,,,,,3.8,0.5,96
2022p426338,2022-06-07T17:52:58Z,-38.22,8.8,175.91,9.3,142.0,12.0,M,,,,2.3,0.5,2,2.7,nan,2,,,,2.7,0.2,2
2022p426424,2022-06-07T18:39:04Z,-39.3,7.4,177.85,6.4,13.0,12.0,M,,,,1.9,0.2,8,1.4,nan,1,,,,1.4,nan,1
2022p426468,2022-06-07T19:02:20Z,-38.05,6.5,178.62,8.8,34.0,8.0,MLv,,,,2.3,0.2,10,2.4,nan,6,,,,2.4,0.2,6
2022p426480,2022-06-07T19:09:33Z,-38.81,1.8,176.01,2.3,5.0,0.0,MLv,,,,3.5,0.2,19,,,,,,,3.5,0.2,87
2022p426536,2022-06-07T19:38:34Z,-40.32,3.9,176.59,3.6,12.0,6.0,M,,,,2.0,0.2,12,1.9,nan,8,,,,1.9,0.2,8
2022p426698,2022-06-07T21:04:45Z,-40.14,4.5,174.06,8.8,78.0,13.0,M,,,,2.2,0.3,9,2.3,nan,2,,,,2.3,0.1,2
2022p426726,2022-06-07T21:19:45Z,-40.13,3.5,175.8,6.2,25.0,10.0,M,,,,1.6,0.3,11,1.9,nan,6,,,,1.9,0.3,6
2022p426823,2022-06-07T22:11:33Z,-40.59,3.1,175.86,2.8,23.0,4.0,MLv,,,,1.6,0.2,12,1.7,nan,6,,,,1.7,0.2,6
2022p426874,2022-06-07T22:38:45Z,-38.8,4.6,176.02,3.2,5.0,0.0,M,,,,1.7,0.1,9,1.8,nan,6,,,,1.8,0.2,6
2022p427038,2022-06-08T00:05:54Z,-39.44,7.8,174.41,6.1,131.0,10.0,M,,,,2.2,0.4,16,2.6,nan,11,,,,2.6,0.3,11
2022p427161,2022-06-08T01:11:38Z,-39.05,3.6,177.79,3.3,24.0,4.0,MLv,,,,2.9,0.3,17,,,,,,,2.8,0.2,30
2022p427188,2022-06-08T01:25:14Z,-35.05,8.9,179.9,16.2,100.0,0.0,M,,,,3.7,0.2,10,3.9,nan,6,,,,3.9,0.2,6
2022p427550,2022-06-08T04:38:49Z,-40.91,3.2,176.0,3.7,17.0,7.0,M,,,,1.5,0.2,8,1.2,nan,5,,,,1.2,0.3,5
2022p427554,2022-06-08T04:40:52Z,-40.6,2.5,175.85,2.5,22.0,5.0,M,,,,1.8,0.2,11,1.7,nan,6,,,,1.7,0.1,6
2022p427569,2022-06-08T04:49:13Z,-43.09,2.5,171.46,2.7,5.0,0.0,M,,,,2.2,0.3,7,2.0,nan,3,,,,2.0,0.2,3
2022p427582,2022-06-08T04:56:06Z,-38.08,3.8,176.66,2.7,4.0,3.0,M,,,,1.9,0.2,9,2.0,nan,8,,,,2.0,0.1,8
2022p427653,2022-06-08T05:33:44Z,-38.0,8.2,176.08,11.9,135.0,14.0,M,,,,1.9,0.2,4,2.1,nan,7,,,,2.1,0.5,7
2022p427683,2022-06-08T05:49:41Z,-37.94,5.1,177.55,3.2,39.0,6.0,MLv,,,,2.6,0.3,12,,,,,,,2.6,0.2,22
2022p427776,2022-06-08T06:39:09Z,-40.53,3.3,175.9,3.0,21.0,5.0,MLv,,,,1.5,0.2,12,,,,,,,1.5,0.4,4
2022p427833,2022-06-08T07:09:53Z,-40.66,5.6,176.66,5.6,22.0,7.0,M,,,,2.3,0.2,9,2.2,nan,10,,,,2.2,0.1,10
2022p427843,2022-06-08T07:14:51Z,-40.39,2.6,176.24,4.0,21.0,6.0,M,,,,1.2,0.2,7,1.0,nan,4,,,,1.0,0.3,4
2022p427904,2022-06-08T07:47:44Z,-38.66,2.9,176.05,3.0,5.0,4.0,M,,,,1.8,0.3,10,1.8,nan,7,,,,1.8,0.4,7
2022p427908,2022-06-08T07:49:39Z,-38.24,2.9,178.4,4.6,15.0,6.0,MLv,,,,3.0,0.2,12,,,,,,,3.0,0.2,25
2022p427983,2022-06-08T08:29:35Z,-38.63,3.0,176.1,2.5,7.0,6.0,M,,,,2.0,0.5,7,1.8,nan,12,,,,1.8,0.3,12
2022p427992,2022-06-08T08:34:29Z,-39.95,3.3,176.7,3.6,24.0,7.0,M,,,,1.5,0.3,9,1.5,nan,4,,,,1.5,0.3,4
2022p428029,2022-06-08T08:54:17Z,-40.76,4.9,175.04,2.9,28.0,5.0,M,,,,1.9,0.3,9,1.9,nan,6,,,,1.9,0.4,6
2022p428100,2022-06-08T09:32:06Z,-39.05,4.4,173.91,4.5,7.0,4.0,MLv,,,,3.1,0.2,15,,,,,,,3.2,0.2,48
2022p428143,2022-06-08T09:54:42Z,-39.89,3.9,176.63,4.0,34.0,11.0,M,,,,0.9,0.3,6,1.3,nan,3,,,,1.3,0.4,3
2022p428197,2022-06-08T10:23:39Z,-38.65,3.8,176.06,2.7,6.0,9.0,M,,,,1.7,0.4,9,1.7,nan,9,,,,1.7,0.4,9
2022p428210,2022-06-08T10:30:47Z,-39.33,2.4,175.39,2.9,16.0,3.0,MLv,,,,1.6,0.4,14,1.4,nan,11,,,,1.4,0.2,11
2022p428221,2022-06-08T10:36:18Z,-38.65,3.0,176.05,2.8,7.0,6.0,MLv,,,,1.4,0.4,6,1.8,nan,4,,,,1.8,0.4,4
2022p428247,2022-06-08T10:50:18Z,-39.9,3.3,176.59,3.3,24.0,8.0,M,,,,1.2,0.3,8,1.2,nan,3,,,,1.2,0.3,3
2022p428318,2022-06-08T11:28:02Z,-45.01,5.6,167.39,7.3,96.0,7.0,MLv,,,,,,,,,,,,,2.9,nan,1
2022p428319,2022-06-08T11:28:45Z,-39.15,3.5,175.44,4.5,5.0,0.0,MLv,,,,1.0,0.1,8,1.0,nan,5,,,,1.0,0.2,5
2022p428604,2022-06-08T14:00:43Z,-41.79,3.0,174.15,3.6,15.0,4.0,M,,,,2.2,0.3,7,2.0,nan,6,,,,2.0,0.3,6
2022p428660,2022-06-08T14:30:04Z,-38.31,5.3,177.68,4.3,50.0,9.0,MLv,,,,1.5,0.3,11,1.5,nan,6,,,,1.5,0.3,6
2022p428745,2022-06-08T15:15:33Z,-40.01,2.8,174.97,4.3,25.0,4.0,MLv,,,,1.9,0.2,12,1.9,nan,2,,,,1.9,0.0,2
2022p428880,2022-06-08T16:27:37Z,-41.44,4.1,174.96,2.5,22.0,4.0,M,,,,2.0,0.2,13,2.0,nan,7,,,,2.0,0.2,7
2022p428890,2022-06-08T16:33:00Z,-39.22,3.5,174.97,2.5,5.0,0.0,MLv,,,,2.0,0.3,13,,,,,,,1.8,0.2,6
2022p428903,2022-06-08T16:39:55Z,-39.81,2.1,176.7,2.6,28.0,5.0,MLv,,,,2.7,0.2,13,,,,,,,2.7,0.2,30
2022p428944,2022-06-08T17:01:13Z,-35.07,8.0,180.0,12.7,100.0,0.0,MLv,,,,3.8,0.2,7,,,,,,,3.9,0.1,8
2022p428951,2022-06-08T17:05:22Z,-41.01,5.0,174.81,3.3,46.0,8.0,MLv,,,,1.6,0.3,8,1.4,nan,4,,,,1.4,0.2,4
2022p428957,2022-06-08T17:08:40Z,-39.71,2.7,176.96,3.8,26.0,5.0,MLv,,,,1.6,0.2,11,1.5,nan,5,,,,1.5,0.3,5
2022p429152,2022-06-08T18:52:33Z,-40.88,5.5,173.93,4.5,62.0,9.0,MLv,,,,2.0,0.2,9,1.7,nan,3,,,,1.7,0.7,3
2022p429202,2022-06-08T19:19:07Z,-40.41,2.6,176.26,2.7,31.0,5.0,MLv,,,,1.6,0.2,11,1.5,nan,6,,,,1.5,0.1,6
2022p429223,2022-06-08T19:30:28Z,-40.41,1.6,174.4,1.7,12.0,0.0,MLv,,,,3.2,0.2,15,,,,,,,3.0,0.2,37
2022p429257,2022-06-08T19:48:16Z,-39.27,8.5,175.25,19.0,11.0,24.0,M,,,,1.3,0.2,11,1.3,nan,6,,,,1.3,0.2,6
2022p429464,2022-06-08T21:38:41Z,-36.95,11.4,177.16,15.0,141.0,17.0,MLv,,,,2.7,0.3,12,2.6,nan,2,,,,2.6,0.0,2
2022p429489,2022-06-08T21:51:57Z,-40.48,7.7,174.22,4.8,86.0,10.0,M,,,,2.4,0.4,7,2.1,nan,2,,,,2.1,0.0,2
2022p429578,2022-06-08T22:40:08Z,-38.8,9.5,175.87,9.3,73.0,15.0,M,,,,1.6,0.2,10,1.7,nan,3,,,,1.7,0.0,3
2022p429630,2022-06-08T23:07:21Z,-40.45,4.8,176.78,6.7,15.0,6.0,MLv,,,,1.8,0.2,10,1.8,nan,6,,,,1.8,0.2,6
2022p429639,2022-06-08T23:11:55Z,-41.22,5.4,172.63,7.9,111.0,7.0,MLv,,,,,,,2.1,nan,3,,,,2.1,0.4,3
2022p429642,2022-06-08T23:13:38Z,-37.16,12.4,176.34,12.6,177.0,15.0,MLv,,,,2.6,0.2,8,2.8,nan,3,,,,2.8,0.3,3
2022p429657,2022-06-08T23:21:44Z,-38.48,3.9,178.62,6.7,25.0,6.0,MLv,,,,2.6,0.2,17,,,,,,,2.8,0.2,19
2022p429664,2022-06-08T23:25:16Z,-41.67,3.1,174.32,2.8,13.0,5.0,MLv,,,,2.1,0.2,13,2.1,nan,7,,,,2.1,0.3,7
2022p429729,2022-06-08T23:59:45Z,-41.24,6.5,172.57,7.5,195.0,7.0,M,,,,,,,2.4,nan,4,,,,2.4,0.2,4
2022p429984,2022-06-09T02:15:43Z,-39.39,4.1,176.53,3.5,24.0,6.0,M,,,,2.1,0.2,8,2.0,nan,8,,,,2.0,0.2,8
2022p430008,2022-06-09T02:28:19Z,-39.49,9.2,174.26,10.8,190.0,13.0,M,,,,2.5,0.2,10,2.6,nan,5,,,,2.6,0.2,5
2022p430076,2022-06-09T03:04:58Z,-41.23,2.7,172.38,3.1,5.0,0.0,MLv,,,,2.6,0.1,10,,,,,,,2.7,0.1,6
2022p430097,2022-06-09T03:15:54Z,-38.9,2.8,176.13,2.5,12.0,0.0,MLv,,,,1.9,0.2,9,2.0,nan,6,,,,2.0,0.2,6
2022p430265,2022-06-09T04:45:43Z,-37.77,11.9,176.04,15.5,186.0,14.0,MLv,,,,,,,,,,,,,2.5,0.3,2
2022p430418,2022-06-09T06:06:55Z,-43.49,2.9,172.85,2.7,6.0,4.0,MLv,,,,2.1,0.2,9,2.2,nan,5,,,,2.2,0.2,5
2022p430564,2022-06-09T07:24:38Z,-39.67,3.2,176.86,6.1,37.0,8.0,M,,,,1.9,0.2,10,2.0,nan,6,,,,2.0,0.2,6
2022p430605,2022-06-09T07:46:46Z,-46.2,7.7,166.98,8.7,102.0,10.0,M,,,,2.8,0.3,8,2.4,nan,1,,,,2.4,nan,1
2022p430679,2022-06-09T08:25:54Z,-37.09,2.8,175.39,3.3,5.0,0.0,MLv,,,,1.9,0.3,11,1.9,nan,6,,,,1.9,0.2,6
2022p430694,2022-06-09T08:34:22Z,-39.67,3.2,176.86,3.5,24.0,5.0,M,,,,2.6,0.2,14,2.6,nan,19,,,,2.6,0.1,19
2022p430733,2022-06-09T08:54:51Z,-38.82,2.3,175.92,3.0,8.0,6.0,MLv,,,,2.0,0.2,13,1.9,nan,8,,,,1.9,0.2,8
2022p430827,2022-06-09T09:44:46Z,-40.21,4.2,173.72,4.9,147.0,8.0,MLv,,,,2.3,0.1,6,2.2,nan,4,,,,2.2,0.1,4
2022p430836,2022-06-09T09:49:36Z,-37.03,11.1,176.75,9.2,236.0,11.0,MLv,,,,,,,,,,,,,3.1,0.3,12
2022p430910,2022-06-09T10:29:35Z,-39.32,6.5,175.1,7.0,135.0,10.0,MLv,,,,2.4,0.1,7,,,,,,,2.8,0.3,2
2022p431052,2022-06-09T11:44:30Z,-38.83,2.5,175.95,4.3,5.0,0.0,M,,,,1.7,0.1,8,1.7,nan,8,,,,1.7,0.1,8
2022p431061,2022-06-09T11:49:33Z,-38.85,3.8,175.95,6.1,9.0,13.0,M,,,,1.5,0.2,10,1.6,nan,6,,,,1.6,0.2,6
2022p431137,2022-06-09T12:30:07Z,-44.38,4.3,168.32,5.7,5.0,0.0,MLv,,,,2.7,0.1,8,2.9,nan,1,,,,2.9,nan,1
2022p431154,2022-06-09T12:39:11Z,-41.64,3.3,174.23,4.9,10.0,10.0,M,,,,1.9,0.2,6,1.6,nan,3,,,,1.6,0.2,3
2022p431165,2022-06-09T12:44:59Z,-39.4,4.0,177.08,6.2,21.0,6.0,M,,,,1.6,0.2,6,1.6,nan,2,,,,1.6,0.2,2
2022p431225,2022-06-09T13:17:03Z,-40.59,6.5,173.62,5.4,85.0,10.0,M,,,,,,,2.3,nan,3,,,,2.3,0.3,3
2022p431258,2022-06-09T13:34:21Z,-38.84,2.0,175.96,2.6,5.0,0.0,M,,,,1.9,0.2,20,2.0,nan,15,,,,2.0,0.2,15
2022p431304,2022-06-09T13:59:01Z,-39.31,3.1,176.46,3.9,34.0,6.0,M,,,,1.8,0.3,9,1.8,nan,6,,,,1.8,0.4,6
2022p431329,2022-06-09T14:12:09Z,-38.87,2.1,175.95,2.3,5.0,0.0,M,,,,2.5,0.1,21,2.5,nan,30,,,,2.5,0.2,30
2022p431353,2022-06-09T14:25:22Z,-38.87,2.5,175.95,2.1,5.0,0.0,M,,,,1.9,0.1,16,1.9,nan,13,,,,1.9,0.2,13
2022p431452,2022-06-09T15:18:04Z,-38.85,4.2,175.96,5.8,5.0,0.0,M,,,,1.7,0.2,9,1.7,nan,5,,,,1.7,0.3,5
2022p431554,2022-06-09T16:12:11Z,-39.34,6.9,175.09,6.9,75.0,10.0,M,,,,1.9,0.4,11,1.8,nan,4,,,,1.8,0.3,4
2022p431706,2022-06-09T17:32:55Z,-38.0,8.8,176.4,9.8,130.0,9.0,M,,,,,,,2.1,nan,5,,,,2.1,0.2,5
2022p431749,2022-06-09T17:56:03Z,-39.29,4.3,174.97,2.4,19.0,7.0,MLv,,,,2.0,0.4,8,1.8,nan,5,,,,1.8,0.2,5
2022p431847,2022-06-09T18:48:13Z,-39.26,3.4,174.94,2.8,12.0,0.0,MLv,,,,2.4,0.2,12,,,,,,,2.4,0.2,8
2022p431910,2022-06-09T19:21:59Z,-41.81,2.8,174.0,2.6,11.0,4.0,M,,,,2.3,0.2,9,2.2,nan,7,,,,2.2,0.3,7
2022p432017,2022-06-09T20:19:03Z,-43.57,2.9,172.39,2.2,6.0,5.0,MLv,,,,3.8,0.2,7,,,,,,,3.7,0.2,17
2022p432072,2022-06-09T20:48:20Z,-37.95,7.1,176.16,10.8,199.0,11.0,MLv,,,,,,,,,,,,,2.5,0.2,4
2022p432111,2022-06-09T21:09:17Z,-40.36,3.7,173.61,4.2,136.0,7.0,MLv,,,,,,,,,,,,,2.9,0.3,3
2022p432204,2022-06-09T21:58:46Z,-38.59,7.4,176.06,7.7,128.0,12.0,MLv,,,,,,,2.0,nan,3,,,,2.0,0.1,3
2022p432312,2022-06-09T22:56:12Z,-38.81,5.0,175.94,4.4,5.0,0.0,M,,,,1.7,0.2,10,1.5,nan,3,,,,1.5,0.2,3
2022p432314,2022-06-09T22:57:07Z,-40.62,2.3,174.56,2.1,12.0,0.0,MLv,,,,3.5,0.2,19,,,,,,,3.5,0.2,47
2022p432386,2022-06-09T23:35:46Z,-40.15,2.2,174.91,3.6,16.0,5.0,MLv,,,,3.2,0.2,17,,,,,,,3.2,0.2,42
2022p432628,2022-06-10T01:44:15Z,-38.65,4.0,176.09,4.7,5.0,0.0,M,,,,2.3,0.3,7,2.1,nan,6,,,,2.1,0.5,6
2022p432736,2022-06-10T02:41:55Z,-40.92,4.5,175.73,3.7,16.0,9.0,M,,,,1.8,0.2,7,1.9,nan,5,,,,1.9,0.2,5
2022p432749,2022-06-10T02:49:08Z,-38.82,2.7,175.94,4.0,5.0,0.0,MLv,,,,2.1,0.2,16,2.2,nan,17,,,,2.2,0.2,17
2022p432771,2022-06-10T03:00:27Z,-40.55,4.1,176.05,4.6,33.0,7.0,M,,,,1.8,0.2,7,1.7,nan,3,,,,1.7,0.2,3
2022p433034,2022-06-10T05:20:37Z,-40.91,3.4,175.28,2.9,17.0,5.0,M,,,,2.1,0.3,11,2.0,nan,7,,,,2.0,0.3,7
2022p433077,2022-06-10T05:43:37Z,-40.16,2.0,174.92,2.9,12.0,0.0,MLv,,,,2.4,0.2,12,,,,,,,2.3,0.2,3
2022p433235,2022-06-10T07:07:59Z,-38.1,3.1,176.7,3.4,4.0,4.0,M,,,,1.8,0.3,9,1.9,nan,7,,,,1.9,0.1,7
2022p433251,2022-06-10T07:16:20Z,-38.46,4.1,177.74,3.8,54.0,7.0,MLv,,,,2.6,0.3,12,,,,,,,2.6,0.2,18
2022p433325,2022-06-10T07:55:54Z,-43.5,4.1,172.78,5.6,8.0,9.0,MLv,,,,2.7,0.2,5,2.6,nan,6,,,,2.6,0.2,6
2022p433451,2022-06-10T09:02:51Z,-38.67,4.3,176.09,3.7,10.0,11.0,M,,,,2.2,0.4,6,1.9,nan,7,,,,1.9,0.4,7
2022p433567,2022-06-10T10:04:47Z,-40.86,2.6,175.46,2.8,17.0,6.0,MLv,,,,1.7,0.3,6,1.8,nan,4,,,,1.8,0.2,4
2022p433694,2022-06-10T11:12:25Z,-37.94,4.5,177.98,3.1,24.0,8.0,M,,,,1.8,0.2,7,1.8,nan,4,,,,1.8,0.3,4
2022p433774,2022-06-10T11:55:03Z,-38.99,3.1,177.48,3.0,25.0,4.0,M,,,,2.2,0.2,12,2.1,nan,8,,,,2.1,0.2,8
2022p433785,2022-06-10T12:00:52Z,-38.99,2.7,177.48,2.5,23.0,4.0,M,,,,2.6,0.2,16,2.6,nan,14,,,,2.6,0.2,14
2022p433801,2022-06-10T12:09:21Z,-38.07,2.5,176.57,2.3,5.0,0.0,M,,,,2.2,0.3,17,2.3,nan,18,,,,2.3,0.2,18
2022p433960,2022-06-10T13:34:02Z,-41.21,2.8,174.82,2.9,26.0,4.0,M,,,,1.9,0.2,9,1.9,nan,6,,,,1.9,0.2,6
2022p433998,2022-06-10T13:54:32Z,-41.77,5.1,172.48,4.0,56.0,9.0,M,,,,2.4,0.2,13,2.4,nan,3,,,,2.4,0.2,3
2022p434272,2022-06-10T16:20:27Z,-44.17,6.2,168.44,7.4,5.0,0.0,M,,,,2.7,0.2,7,1.5,nan,1,,,,1.5,nan,1
2022p434509,2022-06-10T18:26:55Z,-41.21,7.8,172.75,7.9,127.0,8.0,MLv,,,,,,,2.4,nan,3,,,,2.4,0.7,3
2022p434515,2022-06-10T18:29:47Z,-40.61,3.8,174.57,2.5,12.0,0.0,M,,,,2.9,0.2,9,2.2,nan,2,,,,2.2,0.1,2
2022p434516,2022-06-10T18:30:09Z,-39.44,5.6,174.68,4.0,153.0,6.0,MLv,,,,3.0,0.2,5,,,,,,,3.6,0.3,67
2022p434791,2022-06-10T20:56:55Z,-39.93,2.7,176.85,4.1,19.0,5.0,M,,,,2.0,0.2,11,2.0,nan,6,,,,2.0,0.2,6
2022p434858,2022-06-10T21:32:44Z,-38.41,5.4,175.95,7.0,141.0,10.0,MLv,,,,,,,,,,,,,2.8,0.2,7
2022p434901,2022-06-10T21:55:19Z,-40.24,2.6,175.26,3.0,38.0,4.0,MLv,,,,4.4,0.2,18,,,,,,,4.3,0.2,99
2022p434905,2022-06-10T21:57:38Z,-40.23,2.1,175.26,3.0,34.0,4.0,MLv,,,,3.5,0.2,24,,,,,,,3.4,0.1,32
2022p435037,2022-06-10T23:07:21Z,-35.07,4.1,-179.12,7.5,33.0,0.0,mB,6.4,0.1,17,6.0,0.2,22,,,,6.1,0.4,64,6.2,0.1,23
2022p435126,2022-06-10T23:55:10Z,-39.81,3.7,177.18,9.5,5.0,0.0,MLv,,,,2.3,0.2,11,2.4,nan,6,,,,2.4,0.1,6
2022p435587,2022-06-11T04:00:53Z,-39.23,3.4,174.95,2.1,12.0,0.0,MLv,,,,2.2,0.3,15,,,,,,,2.2,0.3,5
2022p435666,2022-06-11T04:43:01Z,-40.6,2.5,176.16,3.5,10.0,7.0,M,,,,1.9,0.3,9,1.9,nan,3,,,,1.9,0.5,3
2022p435676,2022-06-11T04:48:40Z,-39.25,7.3,174.96,3.3,5.0,0.0,M,,,,2.0,0.3,10,2.0,nan,4,,,,2.0,0.2,4
2022p435758,2022-06-11T05:31:35Z,-47.04,8.5,165.17,6.6,5.0,0.0,ML,,,,3.4,0.1,2,3.9,nan,6,,,,3.9,0.2,6
2022p435770,2022-06-11T05:38:16Z,-45.44,2.6,170.07,3.6,5.0,0.0,ML,,,,2.2,0.1,2,,,,,,,3.1,nan,1
2022p435787,2022-06-11T05:47:26Z,-41.69,2.7,174.28,2.5,12.0,4.0,MLv,,,,2.7,0.1,13,,,,,,,2.9,0.2,13
2022p435831,2022-06-11T06:11:04Z,-38.83,2.4,175.9,3.5,10.0,7.0,MLv,,,,1.8,0.2,14,,,,,,,1.9,0.2,10
2022p435852,2022-06-11T06:22:08Z,-38.57,3.1,176.21,3.3,8.0,11.0,M,,,,1.7,0.4,6,1.6,nan,7,,,,1.6,0.3,7
2022p435910,2022-06-11T06:53:17Z,-40.06,2.1,176.37,2.4,25.0,3.0,M,,,,2.4,0.2,17,2.5,nan,12,,,,2.5,0.3,12
2022p435965,2022-06-11T07:22:58Z,-40.2,3.4,174.2,6.0,83.0,12.0,M,,,,2.6,0.3,13,2.4,nan,2,,,,2.4,0.4,2
2022p436053,2022-06-11T08:09:15Z,-40.24,8.4,173.51,7.3,165.0,11.0,MLv,,,,,,,2.5,nan,2,,,,2.5,0.4,2
2022p436131,2022-06-11T08:50:59Z,-37.02,9.1,176.94,9.5,197.0,16.0,M,,,,,,,2.6,nan,7,,,,2.6,0.2,7
2022p436149,2022-06-11T09:00:12Z,-45.52,3.6,167.2,5.0,41.0,7.0,MLv,,,,2.8,0.3,10,1.7,nan,2,,,,1.7,0.7,2
2022p436187,2022-06-11T09:20:27Z,-41.37,2.9,175.03,2.4,19.0,4.0,M,,,,2.0,0.2,8,1.9,nan,6,,,,1.9,0.3,6
2022p436221,2022-06-11T09:38:59Z,-40.5,6.6,174.44,4.2,30.0,9.0,M,,,,2.4,0.3,9,2.4,nan,1,,,,2.4,nan,1
2022p436407,2022-06-11T11:17:56Z,-38.02,7.2,176.21,7.4,130.0,12.0,M,,,,2.2,0.2,8,1.9,nan,1,,,,1.9,nan,1
2022p436439,2022-06-11T11:34:47Z,-38.08,2.7,176.58,2.3,6.0,6.0,MLv,,,,1.9,0.3,12,2.1,nan,14,,,,2.1,0.2,14
2022p436531,2022-06-11T12:23:52Z,-38.08,2.5,176.55,1.8,5.0,0.0,MLv,,,,2.9,0.3,18,,,,,,,3.0,0.2,37
2022p436565,2022-06-11T12:42:06Z,-38.57,10.0,175.86,15.0,161.0,14.0,M,,,,,,,1.7,nan,1,,,,1.7,nan,1
2022p436592,2022-06-11T12:56:35Z,-41.38,4.4,172.85,4.3,84.0,5.0,MLv,,,,,,,,,,,,,3.7,0.2,35
2022p436606,2022-06-11T13:03:48Z,-40.61,3.9,174.54,3.2,5.0,0.0,M,,,,2.0,0.3,7,1.9,nan,2,,,,1.9,0.0,2
2022p436818,2022-06-11T14:56:39Z,-42.22,2.0,173.62,2.8,5.0,0.0,MLv,,,,2.5,0.2,11,2.3,nan,7,,,,2.3,0.1,7
2022p436972,2022-06-11T16:19:06Z,-40.93,10.5,173.1,10.2,116.0,11.0,M,,,,,,,1.8,nan,3,,,,1.8,0.5,3
2022p437106,2022-06-11T17:30:15Z,-40.95,2.4,175.9,2.9,19.0,6.0,MLv,,,,1.9,0.1,9,1.9,nan,6,,,,1.9,0.1,6
2022p437211,2022-06-11T18:26:20Z,-36.26,7.3,178.63,8.0,104.0,18.0,MLv,,,,4.4,0.4,25,,,,,,,4.9,0.2,87
2022p437226,2022-06-11T18:34:30Z,-40.59,4.5,173.65,3.7,88.0,9.0,MLv,,,,,,,,,,,,,3.0,0.2,22
2022p437291,2022-06-11T19:09:10Z,-42.1,3.5,173.22,4.4,48.0,9.0,MLv,,,,2.2,0.4,10,1.8,nan,5,,,,1.8,0.3,5
2022p437324,2022-06-11T19:27:02Z,-39.85,3.0,177.0,5.0,16.0,5.0,MLv,,,,1.6,0.2,10,1.7,nan,4,,,,1.7,0.2,4
2022p437368,2022-06-11T19:49:51Z,-42.35,1.8,172.98,2.1,24.0,3.0,MLv,,,,3.0,0.2,10,,,,,,,3.1,0.1,11
2022p437743,2022-06-11T23:09:59Z,-35.78,13.8,178.28,15.6,209.0,17.0,MLv,,,,3.2,0.2,6,3.4,nan,5,,,,3.4,0.1,5
2022p437911,2022-06-12T00:39:11Z,-43.66,3.9,172.82,4.0,4.0,4.0,MLv,,,,1.6,0.2,3,,,,,,,1.9,0.2,5
2022p438018,2022-06-12T01:36:15Z,-38.48,4.8,178.59,7.4,25.0,7.0,MLv,,,,2.2,0.2,10,2.0,nan,4,,,,2.0,0.4,4
2022p438078,2022-06-12T02:08:11Z,-39.15,3.7,176.09,3.5,53.0,8.0,MLv,,,,2.7,0.3,17,,,,,,,2.9,0.3,36
2022p438118,2022-06-12T02:29:21Z,-40.61,5.9,176.45,6.2,14.0,7.0,M,,,,2.0,0.2,7,2.1,nan,5,,,,2.1,0.3,5
2022p438168,2022-06-12T02:56:05Z,-43.0,2.1,171.21,2.0,5.0,0.0,MLv,,,,2.4,0.4,10,2.0,nan,2,,,,2.0,0.1,2
2022p438172,2022-06-12T02:58:28Z,-40.6,4.5,176.44,5.0,14.0,6.0,M,,,,2.1,0.2,9,2.0,nan,6,,,,2.0,0.2,6
2022p438185,2022-06-12T03:05:01Z,-40.26,4.3,174.15,4.5,104.0,9.0,M,,,,,,,2.6,nan,6,,,,2.6,0.1,6
2022p438258,2022-06-12T03:44:26Z,-40.42,2.8,174.43,2.5,12.0,0.0,M,,,,2.4,0.2,12,2.2,nan,4,,,,2.2,0.1,4
2022p438392,2022-06-12T04:55:41Z,-42.22,1.9,173.57,2.4,5.0,0.0,MLv,,,,2.6,0.2,10,,,,,,,2.6,0.3,6
2022p438452,2022-06-12T05:27:27Z,-38.07,4.7,176.58,3.9,7.0,12.0,M,,,,1.8,0.2,10,2.0,nan,6,,,,2.0,0.3,6
2022p438799,2022-06-12T08:32:31Z,-40.68,5.2,175.52,7.7,25.0,7.0,M,,,,1.9,0.2,7,1.9,nan,4,,,,1.9,0.2,4
2022p438840,2022-06-12T08:54:10Z,-43.45,2.9,172.87,4.3,6.0,8.0,M,,,,2.2,0.2,8,2.2,nan,3,,,,2.2,0.0,3
2022p438987,2022-06-12T10:12:25Z,-39.23,3.1,174.94,2.4,11.0,5.0,MLv,,,,2.9,0.2,15,,,,,,,3.0,0.1,24
2022p439476,2022-06-12T14:33:10Z,-40.25,4.3,176.24,5.4,47.0,10.0,M,,,,1.6,0.2,7,1.6,nan,5,,,,1.6,0.3,5
2022p439654,2022-06-12T16:07:55Z,-39.57,2.8,176.93,4.4,25.0,6.0,MLv,,,,1.7,0.2,10,1.6,nan,4,,,,1.6,0.1,4
2022p439796,2022-06-12T17:23:31Z,-40.61,8.9,173.54,6.6,60.0,14.0,M,,,,2.2,0.2,6,2.2,nan,3,,,,2.2,0.2,3
2022p439847,2022-06-12T17:50:46Z,-43.24,3.1,172.07,2.8,5.0,0.0,M,,,,2.2,0.2,6,2.5,nan,5,,,,2.5,0.2,5
2022p440207,2022-06-12T21:02:35Z,-40.36,2.5,174.64,2.8,30.0,6.0,MLv,,,,3.1,0.2,17,,,,,,,3.0,0.2,18
2022p440344,2022-06-12T22:15:35Z,-41.12,4.9,173.42,3.9,66.0,7.0,MLv,,,,2.8,0.2,7,,,,,,,2.8,0.1,9
2022p440484,2022-06-12T23:29:53Z,-38.85,2.2,175.96,2.5,5.0,0.0,MLv,,,,2.4,0.2,18,,,,,,,2.4,0.2,22
2022p440577,2022-06-13T00:19:48Z,-38.85,2.6,175.96,3.3,5.0,0.0,MLv,,,,2.2,0.3,13,2.2,nan,15,,,,2.2,0.2,15
2022p440579,2022-06-13T00:20:49Z,-38.85,4.4,175.98,3.9,5.0,0.0,MLv,,,,1.9,0.2,11,2.1,nan,4,,,,2.1,0.2,4
2022p440613,2022-06-13T00:38:38Z,-46.09,3.0,167.77,3.3,12.0,0.0,M,,,,2.8,0.2,8,2.1,nan,2,,,,2.1,0.7,2
2022p440990,2022-06-13T03:59:36Z,-41.05,9.8,174.54,4.1,51.0,10.0,M,,,,2.2,0.3,8,1.9,nan,2,,,,1.9,0.5,2
2022p441091,2022-06-13T04:53:38Z,-38.83,2.9,175.94,3.9,5.0,0.0,M,,,,2.3,0.2,11,2.3,nan,12,,,,2.3,0.1,12
2022p441172,2022-06-13T05:36:34Z,-44.62,4.1,168.27,4.1,62.0,7.0,ML,,,,2.2,0.4,4,3.3,nan,5,,,,3.3,0.2,5
2022p441175,2022-06-13T05:38:22Z,-36.8,9.6,177.57,12.4,162.0,11.0,MLv,,,,3.1,0.3,8,3.0,nan,3,,,,3.0,0.3,3
2022p441207,2022-06-13T05:55:15Z,-39.43,7.1,175.33,5.9,73.0,8.0,MLv,,,,1.9,0.4,12,1.8,nan,9,,,,1.8,0.4,9
2022p441221,2022-06-13T06:02:53Z,-37.41,9.6,-179.99,7.3,33.0,0.0,MLv,,,,3.3,0.2,12,3.7,nan,7,,,,3.7,0.1,7
2022p441535,2022-06-13T08:50:13Z,-41.18,5.8,172.58,5.4,110.0,7.0,MLv,,,,,,,,,,,,,2.6,0.7,5
2022p441584,2022-06-13T09:16:02Z,-39.17,6.9,175.38,6.7,7.0,10.0,MLv,,,,1.3,0.1,8,1.3,nan,4,,,,1.3,0.2,4
2022p441641,2022-06-13T09:46:35Z,-38.3,4.0,177.56,3.2,42.0,7.0,MLv,,,,3.5,0.2,14,,,,,,,3.3,0.2,43
2022p441655,2022-06-13T09:53:48Z,-40.13,3.1,176.39,3.9,33.0,7.0,MLv,,,,2.1,0.2,11,1.9,nan,7,,,,1.9,0.1,7
2022p441742,2022-06-13T10:40:08Z,-45.16,6.1,167.09,7.3,10.0,6.0,MLv,,,,3.0,0.4,10,2.4,nan,2,,,,2.4,0.4,2
2022p442042,2022-06-13T13:21:05Z,-40.93,2.4,175.55,2.3,18.0,4.0,MLv,,,,1.5,0.3,10,1.1,nan,4,,,,1.1,0.4,4
2022p442199,2022-06-13T14:44:04Z,-40.88,4.9,175.75,3.8,20.0,8.0,M,,,,0.8,nan,1,1.0,nan,1,,,,1.0,nan,1
2022p442233,2022-06-13T15:01:59Z,-38.86,3.2,175.94,4.6,5.0,0.0,MLv,,,,1.8,0.3,12,2.1,nan,5,,,,2.1,0.2,5
2022p442238,2022-06-13T15:04:35Z,-38.85,3.6,175.95,4.8,5.0,0.0,M,,,,1.9,0.3,15,1.9,nan,7,,,,1.9,0.2,7
2022p442289,2022-06-13T15:32:49Z,-38.86,2.9,175.98,3.3,5.0,0.0,MLv,,,,2.0,0.2,12,,,,,,,2.1,0.2,13
2022p442308,2022-06-13T15:42:12Z,-38.86,3.7,175.97,4.2,5.0,0.0,M,,,,1.9,0.2,3,2.0,nan,1,,,,2.0,nan,1
2022p442311,2022-06-13T15:43:27Z,-38.87,2.4,175.96,2.4,5.0,0.0,MLv,,,,1.9,0.2,16,2.1,nan,11,,,,2.1,0.3,11
2022p442372,2022-06-13T16:16:04Z,-42.18,2.1,173.61,2.6,5.0,0.0,MLv,,,,2.3,0.4,9,1.8,nan,2,,,,1.8,0.3,2
2022p442390,2022-06-13T16:26:53Z,-38.85,2.9,175.99,2.6,5.0,0.0,M,,,,2.3,0.2,14,2.3,nan,14,,,,2.3,0.2,14
2022p442405,2022-06-13T16:33:42Z,-41.54,3.5,174.43,3.4,14.0,7.0,MLv,,,,1.9,0.3,9,1.4,nan,2,,,,1.4,0.0,2
2022p442425,2022-06-13T16:44:26Z,-38.41,5.4,177.14,3.7,31.0,8.0,M,,,,2.0,0.3,9,2.3,nan,11,,,,2.3,0.2,11
2022p442430,2022-06-13T16:46:56Z,-40.16,4.3,173.57,4.3,148.0,8.0,MLv,,,,3.0,0.2,8,,,,,,,3.5,0.3,29
2022p442533,2022-06-13T17:41:46Z,-39.8,2.2,176.68,2.7,22.0,5.0,MLv,,,,2.3,0.3,13,,,,,,,2.2,0.2,10
2022p443066,2022-06-13T22:25:46Z,-39.07,3.4,174.67,3.3,14.0,5.0,M,,,,2.5,0.2,11,2.5,nan,4,,,,2.5,0.2,4
2022p443146,2022-06-13T23:08:25Z,-40.23,3.1,175.25,4.4,38.0,5.0,MLv,,,,2.6,0.3,14,2.6,nan,16,,,,2.6,0.2,16
2022p443308,2022-06-14T00:34:44Z,-36.3,7.6,178.52,9.3,86.0,24.0,MLv,,,,3.0,0.1,2,,,,,,,3.5,0.1,8
2022p443794,2022-06-14T04:53:38Z,-39.57,2.7,176.8,3.8,23.0,6.0,MLv,,,,1.9,0.3,10,2.0,nan,5,,,,2.0,0.1,5
2022p443831,2022-06-14T05:13:34Z,-42.16,2.9,173.67,3.0,5.0,0.0,MLv,,,,2.3,0.4,7,,,,,,,2.3,0.2,3
2022p443916,2022-06-14T05:58:52Z,-37.89,9.8,176.04,11.4,126.0,15.0,MLv,,,,2.8,0.0,3,2.6,nan,1,,,,2.6,nan,1
2022p443982,2022-06-14T06:34:11Z,-40.12,2.1,176.27,2.6,27.0,5.0,MLv,,,,2.9,0.1,12,,,,,,,3.0,0.1,31
2022p444121,2022-06-14T07:48:06Z,-38.07,5.8,176.24,6.4,151.0,10.0,MLv,,,,,,,2.6,nan,12,,,,2.6,0.3,12
2022p444181,2022-06-14T08:20:09Z,-39.91,3.4,176.79,3.7,27.0,6.0,MLv,,,,2.5,0.2,10,,,,,,,2.6,0.3,10
2022p444218,2022-06-14T08:39:52Z,-38.81,2.6,176.04,2.7,5.0,0.0,M,,,,2.3,0.2,13,2.2,nan,15,,,,2.2,0.2,15
2022p444404,2022-06-14T10:18:35Z,-41.29,2.2,175.16,2.0,19.0,5.0,MLv,,,,2.0,0.2,9,1.9,nan,7,,,,1.9,0.1,7
2022p444795,2022-06-14T13:47:15Z,-40.12,2.5,176.27,2.5,26.0,5.0,MLv,,,,2.4,0.2,12,2.3,nan,11,,,,2.3,0.3,11
2022p445056,2022-06-14T16:06:18Z,-38.85,4.5,177.47,4.2,46.0,9.0,M,,,,1.8,0.3,10,1.9,nan,4,,,,1.9,0.2,4
2022p445144,2022-06-14T16:52:56Z,-38.91,5.2,175.68,4.8,98.0,7.0,MLv,,,,2.1,0.3,6,2.4,nan,6,,,,2.4,0.3,6
2022p445359,2022-06-14T18:47:35Z,-39.95,2.3,176.82,3.1,23.0,5.0,MLv,,,,2.8,0.2,12,,,,,,,2.7,0.1,18
2022p445392,2022-06-14T19:05:04Z,-38.77,4.8,175.47,5.0,145.0,8.0,MLv,,,,2.7,0.8,2,,,,,,,3.2,0.3,37
2022p445605,2022-06-14T20:58:46Z,-41.49,5.2,173.3,4.3,45.0,10.0,M,,,,2.1,0.2,7,2.0,nan,3,,,,2.0,0.2,3
2022p445794,2022-06-14T22:39:01Z,-36.61,26.7,177.7,16.3,154.0,29.0,MLv,,,,2.7,0.2,7,,,,,,,3.0,0.1,6
2022p445846,2022-06-14T23:07:15Z,-46.43,6.6,166.0,7.5,12.0,0.0,MLv,,,,3.3,0.3,9,3.2,nan,1,,,,3.2,nan,1
2022p446106,2022-06-15T01:25:32Z,-39.17,3.8,173.81,6.2,10.0,4.0,MLv,,,,3.3,0.3,16,,,,,,,3.3,0.2,25
2022p446110,2022-06-15T01:27:28Z,-39.25,5.9,174.98,5.1,136.0,8.0,MLv,,,,2.2,0.5,6,,,,,,,2.9,0.3,16
2022p446161,2022-06-15T01:54:45Z,-43.48,3.0,172.84,3.6,5.0,6.0,MLv,,,,1.8,0.2,6,,,,,,,1.9,0.1,4
2022p446253,2022-06-15T02:43:47Z,-37.63,5.5,176.35,5.1,194.0,8.0,MLv,,,,2.8,0.3,6,,,,,,,3.4,0.4,46
2022p446321,2022-06-15T03:20:10Z,-39.04,3.2,177.09,3.6,31.0,6.0,MLv,,,,2.0,0.2,10,1.8,nan,6,,,,1.8,0.3,6
2022p446508,2022-06-15T04:59:39Z,-43.1,3.2,171.0,2.5,5.0,0.0,M,,,,2.2,0.2,7,1.8,nan,2,,,,1.8,0.4,2
2022p446523,2022-06-15T05:07:42Z,-40.57,3.4,176.45,4.4,15.0,5.0,MLv,,,,2.2,0.2,13,2.3,nan,6,,,,2.3,0.2,6
2022p446634,2022-06-15T06:06:36Z,-42.87,2.4,171.76,2.7,5.0,0.0,MLv,,,,2.4,0.3,9,2.3,nan,2,,,,2.3,0.4,2
2022p446759,2022-06-15T07:13:28Z,-41.77,2.7,172.0,3.1,5.0,0.0,M,,,,2.3,0.2,9,2.3,nan,2,,,,2.3,0.1,2
2022p446863,2022-06-15T08:09:05Z,-39.46,3.7,177.25,4.3,22.0,6.0,MLv,,,,2.3,0.1,12,2.3,nan,8,,,,2.3,0.2,8
2022p447006,2022-06-15T09:25:17Z,-40.82,2.4,175.77,3.2,17.0,5.0,MLv,,,,1.6,0.2,7,1.6,nan,4,,,,1.6,0.1,4
2022p447124,2022-06-15T10:26:37Z,-33.08,5.4,-178.38,13.3,33.0,0.0,mB,5.1,0.2,21,4.9,0.3,20,,,,4.5,0.4,10,5.0,0.1,17
2022p447134,2022-06-15T10:33:16Z,-39.95,2.8,176.54,2.8,24.0,5.0,M,,,,1.9,0.3,12,1.7,nan,6,,,,1.7,0.3,6
2022p447167,2022-06-15T10:51:31Z,-38.29,2.0,176.38,3.0,4.0,3.0,M,,,,2.5,0.3,5,1.6,nan,10,,,,1.6,0.2,10
2022p447169,2022-06-15T10:51:56Z,-38.29,2.7,176.38,2.9,4.0,3.0,MLv,,,,2.3,0.3,11,,,,,,,2.4,0.2,18
2022p447177,2022-06-15T10:56:17Z,-37.07,8.0,176.87,8.7,204.0,9.0,M,,,,2.5,0.2,7,2.3,nan,4,,,,2.3,0.1,4
2022p447271,2022-06-15T11:46:09Z,-40.8,2.9,176.23,4.0,23.0,5.0,MLv,,,,2.6,0.2,10,,,,,,,2.5,0.1,9
2022p447584,2022-06-15T14:33:15Z,-38.17,4.3,176.75,4.0,41.0,8.0,M,,,,2.3,0.2,15,1.9,nan,7,,,,1.9,0.3,7
2022p447617,2022-06-15T14:50:40Z,-39.55,3.5,175.7,4.1,10.0,7.0,MLv,,,,1.4,0.4,8,1.0,nan,3,,,,1.0,0.7,3
2022p447691,2022-06-15T15:29:40Z,-37.89,9.1,176.2,8.5,145.0,11.0,M,,,,2.3,0.2,7,2.6,nan,2,,,,2.6,0.2,2
2022p447730,2022-06-15T15:50:32Z,-43.51,4.5,172.82,4.3,10.0,10.0,MLv,,,,2.0,0.3,4,1.9,nan,5,,,,1.9,0.3,5
2022p447825,2022-06-15T16:41:39Z,-37.96,15.7,176.43,11.2,137.0,14.0,M,,,,1.5,0.6,8,2.5,nan,17,,,,2.5,0.3,17
2022p447961,2022-06-15T17:54:05Z,-45.4,5.0,167.32,5.4,94.0,8.0,M,,,,2.7,0.3,10,1.9,nan,2,,,,1.9,1.4,2
2022p447984,2022-06-15T18:06:00Z,-40.15,2.8,174.96,3.8,12.0,0.0,M,,,,2.0,0.2,9,2.5,nan,1,,,,2.5,nan,1
2022p448000,2022-06-15T18:14:45Z,-40.64,2.5,176.15,2.4,19.0,4.0,MLv,,,,2.8,0.2,13,,,,,,,2.7,0.2,21
2022p448030,2022-06-15T18:30:47Z,-39.22,2.6,175.16,2.7,21.0,5.0,MLv,,,,2.7,0.2,16,,,,,,,2.7,0.3,18
2022p448071,2022-06-15T18:52:32Z,-37.27,5.7,177.61,6.9,105.0,10.0,MLv,,,,2.6,0.2,7,,,,,,,2.8,0.1,14
2022p448098,2022-06-15T19:07:08Z,-39.83,2.6,176.86,4.2,33.0,6.0,M,,,,2.4,0.2,10,2.4,nan,11,,,,2.4,0.1,11
2022p448117,2022-06-15T19:16:59Z,-45.18,5.8,167.42,8.3,55.0,10.0,M,,,,2.7,0.3,7,2.6,nan,3,,,,2.6,0.4,3
2022p448190,2022-06-15T19:55:49Z,-38.48,4.0,178.5,6.0,19.0,6.0,MLv,,,,2.7,0.3,10,,,,,,,2.8,0.1,7
2022p448238,2022-06-15T20:21:25Z,-38.29,2.8,176.37,3.0,4.0,3.0,M,,,,1.5,0.3,7,1.5,nan,7,,,,1.5,0.2,7
2022p448386,2022-06-15T21:40:18Z,-40.93,2.8,175.44,3.0,18.0,5.0,M,,,,1.9,0.2,11,1.9,nan,6,,,,1.9,0.3,6
2022p448496,2022-06-15T22:38:33Z,-34.77,20.1,179.92,20.3,241.0,28.0,MLv,,,,3.8,0.2,9,,,,,,,4.1,0.1,8
2022p448515,2022-06-15T22:49:02Z,-38.05,9.1,176.37,8.7,118.0,12.0,M,,,,,,,2.3,nan,6,,,,2.3,0.1,6
2022p448568,2022-06-15T23:17:15Z,-38.3,3.6,176.38,3.2,3.0,4.0,M,,,,1.4,0.2,7,1.5,nan,7,,,,1.5,0.2,7
2022p448669,2022-06-16T00:10:16Z,-33.92,33.7,178.34,48.5,268.0,56.0,MLv,,,,3.7,0.1,7,,,,,,,4.1,nan,1
2022p448705,2022-06-16T00:30:38Z,-37.33,17.7,179.79,10.5,33.0,0.0,MLv,,,,2.6,0.2,8,2.7,nan,2,,,,2.7,0.1,2
2022p448776,2022-06-16T01:08:06Z,-41.27,4.8,173.76,4.3,39.0,8.0,M,,,,2.0,0.3,7,2.0,nan,3,,,,2.0,0.0,3
2022p449037,2022-06-16T03:26:55Z,-38.97,3.3,177.77,3.3,20.0,4.0,MLv,,,,2.6,0.3,13,2.6,nan,13,,,,2.6,0.2,13
2022p449048,2022-06-16T03:33:01Z,-38.48,4.3,178.46,6.8,23.0,7.0,MLv,,,,2.3,0.2,11,2.4,nan,7,,,,2.4,0.1,7
2022p449175,2022-06-16T04:40:30Z,-39.86,3.7,176.75,4.8,29.0,8.0,MLv,,,,1.7,0.3,8,1.6,nan,4,,,,1.6,0.5,4
2022p449226,2022-06-16T05:08:01Z,-39.28,5.2,177.79,4.6,19.0,6.0,M,,,,2.4,0.3,12,2.5,nan,9,,,,2.5,0.2,9
2022p449233,2022-06-16T05:11:45Z,-38.08,3.0,176.7,2.9,3.0,3.0,MLv,,,,1.9,0.2,8,2.0,nan,7,,,,2.0,0.2,7
2022p449335,2022-06-16T06:06:05Z,-37.87,9.3,176.16,10.5,156.0,12.0,M,,,,2.2,0.1,10,2.3,nan,6,,,,2.3,0.2,6
2022p449338,2022-06-16T06:07:24Z,-44.92,5.5,167.63,7.0,63.0,9.0,M,,,,2.6,0.3,8,2.0,nan,1,,,,2.0,nan,1
2022p449381,2022-06-16T06:30:43Z,-38.57,4.1,177.64,4.1,40.0,7.0,MLv,,,,1.7,0.3,11,1.4,nan,6,,,,1.4,0.3,6
2022p449466,2022-06-16T07:15:46Z,-40.09,2.1,175.06,2.7,22.0,3.0,MLv,,,,2.8,0.2,21,,,,,,,2.8,0.2,33
2022p449508,2022-06-16T07:37:53Z,-41.26,6.2,173.5,4.2,71.0,7.0,M,,,,2.0,0.2,6,2.2,nan,2,,,,2.2,0.2,2
2022p449545,2022-06-16T07:57:50Z,-41.74,3.7,174.41,3.4,21.0,5.0,MLv,,,,2.4,0.3,10,2.6,nan,8,,,,2.6,0.3,8
2022p449551,2022-06-16T08:00:53Z,-41.96,2.6,172.07,3.4,78.0,6.0,MLv,,,,2.6,0.2,14,2.7,nan,7,,,,2.7,0.2,7
2022p449582,2022-06-16T08:17:48Z,-41.24,2.4,172.39,2.4,5.0,0.0,MLv,,,,3.5,0.2,6,,,,,,,3.6,0.1,32
2022p449645,2022-06-16T08:51:26Z,-41.01,6.1,173.6,4.4,58.0,9.0,MLv,,,,1.7,0.3,6,1.8,nan,3,,,,1.8,0.1,3
2022p449711,2022-06-16T09:26:02Z,-36.8,7.7,178.02,7.8,12.0,0.0,MLv,,,,2.5,0.1,9,2.7,nan,2,,,,2.7,0.4,2
2022p449730,2022-06-16T09:36:31Z,-38.87,2.1,175.98,2.5,5.0,0.0,MLv,,,,2.4,0.2,18,2.5,nan,33,,,,2.5,0.2,33
2022p449744,2022-06-16T09:44:01Z,-38.87,4.6,176.0,2.7,5.0,0.0,MLv,,,,1.7,0.1,11,1.7,nan,7,,,,1.7,0.1,7
2022p449746,2022-06-16T09:44:53Z,-38.88,4.9,176.0,2.9,5.0,0.0,M,,,,1.8,0.2,8,1.8,nan,6,,,,1.8,0.1,6
2022p449749,2022-06-16T09:46:42Z,-38.86,5.5,175.99,3.5,5.0,0.0,M,,,,1.4,0.1,8,1.3,nan,3,,,,1.3,0.1,3
2022p449766,2022-06-16T09:55:48Z,-40.61,2.6,175.86,2.5,18.0,4.0,MLv,,,,2.3,0.2,15,,,,,,,2.3,0.2,17
2022p449816,2022-06-16T10:22:11Z,-38.88,3.5,175.98,2.9,5.0,0.0,MLv,,,,1.5,0.2,12,1.5,nan,8,,,,1.5,0.2,8
2022p450026,2022-06-16T12:14:08Z,-39.7,3.3,176.77,3.2,35.0,5.0,MLv,,,,2.0,0.2,13,1.8,nan,8,,,,1.8,0.2,8
2022p450071,2022-06-16T12:38:08Z,-41.07,2.5,175.3,2.2,25.0,4.0,M,,,,1.7,0.2,9,1.6,nan,7,,,,1.6,0.2,7
2022p450078,2022-06-16T12:41:45Z,-38.14,6.7,176.09,6.9,147.0,12.0,M,,,,,,,2.3,nan,7,,,,2.3,0.2,7
2022p450137,2022-06-16T13:13:14Z,-36.33,9.3,177.63,10.4,225.0,10.0,MLv,,,,2.8,0.3,7,,,,,,,3.1,0.2,6
2022p450182,2022-06-16T13:37:00Z,-38.89,3.4,175.99,2.6,5.0,0.0,M,,,,2.2,0.2,12,2.2,nan,23,,,,2.2,0.2,23
2022p450189,2022-06-16T13:40:51Z,-42.26,3.7,173.91,5.1,5.0,0.0,M,,,,2.0,0.3,9,2.0,nan,2,,,,2.0,0.0,2
2022p450217,2022-06-16T13:56:00Z,-41.07,2.9,175.21,2.7,18.0,6.0,MLv,,,,1.3,0.3,7,,,,,,,1.5,0.3,7
2022p450281,2022-06-16T14:30:29Z,-38.87,3.6,175.99,3.3,5.0,8.0,M,,,,1.7,0.3,9,1.7,nan,6,,,,1.7,0.3,6
2022p450399,2022-06-16T15:32:46Z,-38.61,9.6,175.86,9.9,157.0,11.0,M,,,,1.5,0.4,2,1.8,nan,3,,,,1.8,0.4,3
2022p450424,2022-06-16T15:46:13Z,-39.95,2.5,176.82,3.4,21.0,4.0,MLv,,,,1.7,0.3,7,1.8,nan,7,,,,1.8,0.2,7
2022p450486,2022-06-16T16:19:06Z,-39.34,6.1,176.13,5.1,58.0,8.0,MLv,,,,1.5,0.4,12,1.1,nan,7,,,,1.1,0.5,7
2022p450534,2022-06-16T16:45:01Z,-37.39,9.9,177.25,5.2,55.0,13.0,MLv,,,,2.6,0.3,17,,,,,,,2.7,0.1,15
2022p450722,2022-06-16T18:24:30Z,-34.77,30.8,179.6,27.3,216.0,48.0,MLv,,,,3.6,0.1,10,,,,,,,3.7,0.2,3
2022p450810,2022-06-16T19:11:52Z,-40.38,3.3,176.05,4.2,41.0,7.0,MLv,,,,1.6,0.2,13,1.6,nan,7,,,,1.6,0.2,7
2022p450835,2022-06-16T19:24:58Z,-45.19,3.8,167.4,4.3,61.0,7.0,MLv,,,,2.7,0.2,7,,,,,,,2.7,0.3,3
2022p450900,2022-06-16T19:59:58Z,-41.95,4.8,172.06,6.0,78.0,8.0,MLv,,,,2.2,0.3,8,2.2,nan,2,,,,2.2,0.1,2
2022p450930,2022-06-16T20:15:51Z,-40.77,4.3,174.44,2.7,51.0,8.0,MLv,,,,3.9,0.2,19,,,,,,,3.9,0.2,66
2022p451010,2022-06-16T20:58:20Z,-40.12,3.1,176.54,3.3,38.0,5.0,MLv,,,,2.8,0.2,13,,,,,,,2.8,0.1,29
2022p451054,2022-06-16T21:22:06Z,-37.46,12.0,-179.95,6.7,12.0,0.0,MLv,,,,2.9,0.2,12,,,,,,,2.9,0.3,5
2022p451083,2022-06-16T21:37:51Z,-39.03,3.1,177.73,3.2,21.0,4.0,MLv,,,,2.3,0.3,13,2.3,nan,12,,,,2.3,0.2,12
2022p451102,2022-06-16T21:47:11Z,-39.64,4.3,176.86,4.5,25.0,7.0,M,,,,1.6,0.2,11,1.4,nan,5,,,,1.4,0.3,5
2022p451127,2022-06-16T22:00:30Z,-38.94,3.9,177.85,4.5,27.0,5.0,M,,,,2.4,0.4,14,2.5,nan,11,,,,2.5,0.3,11
2022p451309,2022-06-16T23:37:46Z,-39.23,4.7,175.26,6.4,21.0,11.0,M,,,,1.1,0.2,11,1.0,nan,4,,,,1.0,0.3,4
2022p451362,2022-06-17T00:06:22Z,-40.59,5.2,174.55,2.7,5.0,0.0,M,,,,1.9,0.1,7,2.0,nan,2,,,,2.0,0.2,2
2022p451382,2022-06-17T00:16:43Z,-37.45,6.9,179.84,6.8,12.0,0.0,MLv,,,,3.7,0.2,18,,,,,,,3.9,0.2,48
2022p451404,2022-06-17T00:28:19Z,-37.31,16.7,179.85,9.0,33.0,0.0,MLv,,,,2.7,0.1,12,,,,,,,2.9,0.2,4
2022p451418,2022-06-17T00:35:59Z,-39.94,4.3,176.62,4.8,29.0,10.0,M,,,,1.6,0.2,9,1.6,nan,5,,,,1.6,0.2,5
2022p451552,2022-06-17T01:47:12Z,-39.54,9.3,174.46,6.3,115.0,20.0,M,,,,2.1,0.3,9,2.4,nan,4,,,,2.4,0.3,4
2022p451652,2022-06-17T02:40:20Z,-37.45,6.9,179.89,7.0,33.0,0.0,MLv,,,,3.2,0.2,19,,,,,,,3.3,0.2,18
2022p451846,2022-06-17T04:23:34Z,-40.62,4.9,174.56,2.7,12.0,0.0,M,,,,2.0,0.2,10,1.7,nan,5,,,,1.7,0.3,5
2022p451864,2022-06-17T04:33:30Z,-39.3,13.0,175.49,21.3,73.0,16.0,M,,,,0.9,0.3,6,1.2,nan,3,,,,1.2,0.6,3
2022p451927,2022-06-17T05:06:34Z,-33.32,7.9,-179.94,18.1,200.0,0.0,MLv,4.6,0.1,4,4.1,0.2,7,,,,3.8,0.4,4,4.6,0.2,13
2022p451999,2022-06-17T05:45:30Z,-40.24,4.1,175.24,5.4,41.0,10.0,M,,,,1.9,0.3,8,2.2,nan,8,,,,2.2,0.1,8
2022p452072,2022-06-17T06:24:22Z,-38.61,10.7,175.83,8.6,142.0,10.0,M,,,,2.0,0.2,7,2.3,nan,19,,,,2.3,0.2,19
2022p452078,2022-06-17T06:27:13Z,-36.44,11.2,177.9,12.5,110.0,21.0,M,,,,2.6,0.2,6,2.6,nan,4,,,,2.6,0.2,4
2022p452111,2022-06-17T06:45:00Z,-39.6,3.7,176.63,5.5,46.0,9.0,M,,,,1.5,0.3,9,1.5,nan,7,,,,1.5,0.2,7
2022p452133,2022-06-17T06:56:41Z,-37.21,10.8,176.78,9.8,189.0,14.0,M,,,,,,,1.9,nan,3,,,,1.9,0.2,3
2022p452138,2022-06-17T06:59:15Z,-37.34,16.0,179.9,10.2,33.0,0.0,MLv,,,,2.5,0.2,9,2.6,nan,5,,,,2.6,0.2,5
2022p452144,2022-06-17T07:02:26Z,-37.35,13.9,179.83,8.6,12.0,0.0,M,,,,2.5,0.1,11,2.6,nan,4,,,,2.6,0.3,4
2022p452204,2022-06-17T07:34:42Z,-40.89,2.4,175.72,2.7,20.0,4.0,M,,,,2.1,0.2,14,2.1,nan,12,,,,2.1,0.2,12
2022p452206,2022-06-17T07:35:52Z,-40.9,2.8,175.71,3.6,21.0,5.0,M,,,,1.5,0.3,11,1.4,nan,6,,,,1.4,0.3,6
2022p452217,2022-06-17T07:41:13Z,-41.53,4.2,173.0,4.3,72.0,6.0,MLv,,,,3.2,0.3,10,,,,,,,3.6,0.2,43
2022p452229,2022-06-17T07:47:59Z,-40.36,3.8,174.36,3.9,33.0,0.0,MLv,,,,2.2,0.3,11,1.3,nan,3,,,,1.3,0.2,3
2022p452313,2022-06-17T08:32:41Z,-38.53,4.5,177.95,4.9,25.0,8.0,M,,,,1.4,0.3,6,1.0,nan,2,,,,1.0,0.5,2
2022p452439,2022-06-17T09:40:37Z,-40.45,49.5,173.61,69.1,324.0,84.0,M,,,,,,,2.5,nan,9,,,,2.5,0.4,9
2022p452457,2022-06-17T09:49:16Z,-36.66,13.3,177.47,10.6,170.0,13.0,MLv,,,,2.6,0.3,8,2.7,nan,7,,,,2.7,0.3,7
2022p452553,2022-06-17T10:40:45Z,-40.6,2.5,174.55,2.0,5.0,0.0,MLv,,,,2.1,0.2,16,,,,,,,2.1,0.1,6
2022p452640,2022-06-17T11:27:01Z,-40.23,4.0,173.99,3.2,94.0,10.0,MLv,,,,2.1,0.2,6,1.9,nan,2,,,,1.9,0.1,2
2022p452705,2022-06-17T12:01:18Z,-39.7,2.6,176.83,3.7,31.0,7.0,MLv,,,,2.0,0.3,10,2.0,nan,6,,,,2.0,0.3,6
2022p452752,2022-06-17T12:26:37Z,-39.07,1.9,175.8,2.4,5.0,0.0,MLv,,,,1.4,0.2,14,1.4,nan,9,,,,1.4,0.2,9
2022p452788,2022-06-17T12:45:55Z,-39.18,5.3,177.47,3.7,19.0,5.0,MLv,,,,1.7,0.1,11,1.7,nan,5,,,,1.7,0.1,5
2022p452869,2022-06-17T13:28:57Z,-36.84,8.8,177.63,9.8,136.0,14.0,MLv,,,,2.3,0.2,7,2.5,nan,7,,,,2.5,0.2,7
2022p452951,2022-06-17T14:12:38Z,-38.94,3.6,177.89,5.2,15.0,5.0,MLv,,,,1.6,0.3,9,1.6,nan,6,,,,1.6,0.2,6
2022p453018,2022-06-17T14:48:27Z,-38.46,4.3,178.51,5.9,20.0,7.0,MLv,,,,2.3,0.2,12,2.3,nan,8,,,,2.3,0.2,8
2022p453022,2022-06-17T14:50:47Z,-40.54,11.6,173.13,8.3,179.0,9.0,M,,,,,,,2.3,nan,1,,,,2.3,nan,1
2022p453030,2022-06-17T14:54:23Z,-40.37,3.2,176.03,4.0,21.0,5.0,MLv,,,,1.3,0.3,8,1.2,nan,4,,,,1.2,0.5,4
2022p453192,2022-06-17T16:20:48Z,-39.94,2.4,176.03,3.1,25.0,5.0,MLv,,,,1.8,0.4,14,1.7,nan,9,,,,1.7,0.4,9
2022p453273,2022-06-17T17:04:13Z,-40.61,3.2,174.55,2.3,12.0,0.0,M,,,,2.1,0.1,15,2.3,nan,8,,,,2.3,0.2,8
2022p453331,2022-06-17T17:35:02Z,-39.17,8.6,174.9,9.6,147.0,10.0,MLv,,,,,,,2.3,nan,7,,,,2.3,0.4,7
2022p453362,2022-06-17T17:51:21Z,-40.84,3.4,174.72,2.3,5.0,0.0,MLv,,,,1.7,0.2,10,1.5,nan,3,,,,1.5,0.2,3
2022p453440,2022-06-17T18:33:06Z,-40.22,3.2,175.26,3.9,33.0,6.0,MLv,,,,1.7,0.2,13,1.9,nan,6,,,,1.9,0.1,6
2022p453453,2022-06-17T18:39:54Z,-37.68,5.3,176.57,5.3,136.0,13.0,M,,,,,,,2.6,nan,22,,,,2.6,0.2,22
2022p453477,2022-06-17T18:52:52Z,-39.84,3.2,176.64,3.5,31.0,6.0,MLv,,,,1.6,0.2,11,1.5,nan,6,,,,1.5,0.3,6
2022p453491,2022-06-17T19:00:06Z,-40.62,6.1,175.46,6.1,25.0,9.0,M,,,,1.3,0.4,9,1.2,nan,4,,,,1.2,0.4,4
2022p453542,2022-06-17T19:27:43Z,-39.23,5.2,175.86,4.4,65.0,8.0,MLv,,,,1.4,0.5,8,1.6,nan,3,,,,1.6,0.1,3
2022p453601,2022-06-17T19:58:46Z,-38.54,3.6,177.86,6.1,19.0,6.0,M,,,,1.5,0.2,8,1.3,nan,5,,,,1.3,0.3,5
2022p453676,2022-06-17T20:38:52Z,-41.82,4.0,173.78,4.6,24.0,6.0,M,,,,1.9,0.1,8,1.9,nan,6,,,,1.9,0.3,6
2022p453706,2022-06-17T20:54:52Z,-39.19,5.4,174.61,4.7,17.0,7.0,M,,,,1.9,0.3,4,2.1,nan,3,,,,2.1,0.4,3
2022p453715,2022-06-17T20:59:43Z,-40.26,6.6,173.37,6.5,157.0,8.0,MLv,,,,,,,2.1,nan,3,,,,2.1,0.1,3
2022p453741,2022-06-17T21:13:24Z,-37.76,19.9,176.19,21.9,150.0,24.0,M,,,,,,,2.1,nan,2,,,,2.1,0.0,2
2022p453848,2022-06-17T22:10:16Z,-38.76,3.6,175.98,3.2,9.0,8.0,MLv,,,,1.7,0.2,12,1.8,nan,6,,,,1.8,0.2,6
2022p453956,2022-06-17T23:07:57Z,-38.14,8.3,176.28,9.0,79.0,12.0,MLv,,,,2.0,0.2,13,2.0,nan,7,,,,2.0,0.2,7
2022p454024,2022-06-17T23:44:23Z,-38.57,2.7,176.2,2.6,5.0,3.0,M,,,,4.0,0.2,13,2.5,nan,36,,,,2.5,0.3,36
2022p454025,2022-06-17T23:44:50Z,-38.57,1.9,176.18,1.8,3.0,2.0,MLv,,,,3.9,0.3,25,,,,,,,3.8,0.2,90
2022p454033,2022-06-17T23:49:17Z,-38.86,4.7,175.96,4.0,5.0,0.0,M,,,,1.8,0.2,12,1.8,nan,10,,,,1.8,0.1,10
2022p454041,2022-06-17T23:53:03Z,-40.48,2.1,175.74,2.7,25.0,4.0,MLv,,,,2.3,0.3,13,,,,,,,2.3,0.2,23
2022p454048,2022-06-17T23:56:58Z,-38.56,3.2,176.18,3.1,4.0,3.0,MLv,,,,1.5,0.3,9,1.6,nan,6,,,,1.6,0.3,6
2022p454050,2022-06-17T23:58:10Z,-38.57,3.6,176.19,4.1,4.0,5.0,M,,,,1.5,0.3,7,1.4,nan,7,,,,1.4,0.3,7
2022p454066,2022-06-18T00:06:54Z,-38.56,5.0,176.18,3.4,3.0,5.0,M,,,,1.6,0.3,7,1.5,nan,6,,,,1.5,0.3,6
2022p454068,2022-06-18T00:07:58Z,-38.58,3.6,176.17,3.3,4.0,4.0,M,,,,1.6,0.2,6,1.6,nan,7,,,,1.6,0.2,7
2022p454188,2022-06-18T01:12:01Z,-40.14,3.3,176.29,4.0,20.0,6.0,M,,,,1.4,0.3,9,1.5,nan,6,,,,1.5,0.2,6
2022p454231,2022-06-18T01:34:46Z,-38.56,2.5,176.18,2.7,5.0,0.0,M,,,,2.1,0.2,15,2.1,nan,16,,,,2.1,0.2,16
2022p454242,2022-06-18T01:40:26Z,-40.32,5.1,174.38,4.1,37.0,12.0,M,,,,2.1,0.1,13,2.0,nan,7,,,,2.0,0.1,7
2022p454247,2022-06-18T01:43:10Z,-40.62,12.3,174.54,3.6,10.0,9.0,M,,,,2.1,0.1,8,2.2,nan,6,,,,2.2,0.2,6
2022p454266,2022-06-18T01:53:19Z,-39.06,3.9,176.91,4.0,31.0,7.0,M,,,,1.6,0.2,12,1.4,nan,6,,,,1.4,0.3,6
2022p454283,2022-06-18T02:02:15Z,-39.75,3.3,176.95,5.1,37.0,5.0,MLv,,,,1.6,0.3,12,1.5,nan,4,,,,1.5,0.2,4
2022p454295,2022-06-18T02:08:33Z,-39.16,2.9,175.35,4.2,5.0,0.0,M,,,,1.1,0.2,13,1.1,nan,6,,,,1.1,0.2,6
2022p454297,2022-06-18T02:09:49Z,-38.42,11.5,175.95,9.0,150.0,12.0,M,,,,1.6,0.4,8,2.6,nan,44,,,,2.6,0.4,44
2022p454312,2022-06-18T02:17:41Z,-40.14,2.3,176.3,3.2,19.0,5.0,M,,,,1.6,0.3,12,1.7,nan,9,,,,1.7,0.3,9
2022p454385,2022-06-18T02:56:48Z,-39.37,2.4,176.87,3.0,22.0,5.0,M,,,,2.4,0.1,11,2.3,nan,18,,,,2.3,0.1,18
2022p454390,2022-06-18T02:59:01Z,-43.43,2.3,172.11,2.2,5.0,0.0,M,,,,2.3,0.2,11,2.4,nan,6,,,,2.4,0.3,6
2022p454419,2022-06-18T03:14:38Z,-38.57,3.8,176.2,3.0,5.0,0.0,M,,,,1.4,0.3,7,1.4,nan,7,,,,1.4,0.3,7
2022p454432,2022-06-18T03:21:31Z,-42.28,4.9,174.01,6.7,5.0,0.0,M,,,,2.7,0.3,5,2.6,nan,14,,,,2.6,0.2,14
2022p454465,2022-06-18T03:39:15Z,-46.14,8.7,166.0,9.1,12.0,0.0,MLv,,,,3.3,0.2,11,,,,,,,3.5,0.2,7
2022p454489,2022-06-18T03:53:27Z,-40.64,3.2,175.83,2.6,23.0,4.0,M,,,,1.4,0.3,12,1.3,nan,6,,,,1.3,0.3,6
2022p454503,2022-06-18T03:59:34Z,-43.57,3.9,172.37,2.6,4.0,4.0,MLv,,,,1.5,0.3,4,,,,,,,1.9,0.4,5
2022p454543,2022-06-18T04:20:37Z,-37.21,9.7,177.21,8.7,88.0,17.0,M,,,,2.4,0.3,8,2.6,nan,12,,,,2.6,0.2,12
2022p454637,2022-06-18T05:11:02Z,-42.23,2.4,173.15,2.8,5.0,0.0,M,,,,1.8,0.3,7,1.7,nan,4,,,,1.7,0.2,4
2022p454646,2022-06-18T05:15:52Z,-40.5,5.4,175.71,5.1,21.0,9.0,M,,,,1.2,0.3,7,1.3,nan,4,,,,1.3,0.6,4
2022p454733,2022-06-18T06:01:45Z,-38.69,6.7,175.86,7.9,54.0,13.0,M,,,,1.7,0.3,11,1.7,nan,5,,,,1.7,0.1,5
2022p454737,2022-06-18T06:04:05Z,-41.32,5.9,172.7,6.9,103.0,7.0,M,,,,1.8,0.2,6,1.9,nan,5,,,,1.9,0.5,5
2022p454766,2022-06-18T06:19:48Z,-37.89,7.6,176.1,8.0,167.0,10.0,M,,,,,,,2.0,nan,7,,,,2.0,0.2,7
2022p454784,2022-06-18T06:28:44Z,-38.25,8.2,175.92,11.7,130.0,15.0,MLv,,,,1.8,0.2,5,,,,,,,1.6,0.2,3
2022p454795,2022-06-18T06:34:59Z,-40.54,8.6,173.27,7.7,130.0,10.0,MLv,,,,,,,1.8,nan,3,,,,1.8,0.2,3
2022p454799,2022-06-18T06:37:09Z,-39.45,5.6,174.42,5.5,124.0,9.0,M,,,,1.6,0.4,4,2.1,nan,5,,,,2.1,0.3,5
2022p454873,2022-06-18T07:16:45Z,-42.05,2.9,173.72,2.8,8.0,5.0,M,,,,1.7,0.2,8,2.0,nan,3,,,,2.0,0.3,3
2022p454876,2022-06-18T07:18:01Z,-42.98,4.6,173.33,5.3,23.0,6.0,MLv,,,,2.1,0.2,7,,,,,,,2.1,0.3,3
2022p454900,2022-06-18T07:31:10Z,-38.64,7.5,175.66,12.2,136.0,14.0,M,,,,,,,1.5,nan,2,,,,1.5,0.1,2
2022p454985,2022-06-18T08:16:27Z,-40.2,3.6,174.07,4.6,81.0,11.0,M,,,,2.1,0.2,7,2.3,nan,3,,,,2.3,0.4,3
2022p454991,2022-06-18T08:19:42Z,-43.79,3.3,171.54,3.5,16.0,4.0,MLv,,,,2.9,0.3,10,,,,,,,3.0,0.2,13
2022p455023,2022-06-18T08:36:31Z,-35.05,21.3,-179.98,46.7,100.0,0.0,MLv,,,,3.4,0.1,8,3.6,nan,3,,,,3.6,0.2,3
2022p455065,2022-06-18T08:58:41Z,-38.59,7.8,178.55,9.4,21.0,11.0,M,,,,1.9,0.6,5,2.2,nan,2,,,,2.2,0.0,2
2022p455142,2022-06-18T09:39:50Z,-40.52,3.2,175.77,3.8,24.0,6.0,M,,,,1.4,0.3,9,1.4,nan,4,,,,1.4,0.3,4
2022p455183,2022-06-18T10:02:08Z,-41.11,6.2,173.46,4.3,64.0,10.0,M,,,,1.7,0.2,7,1.8,nan,2,,,,1.8,0.1,2
2022p455231,2022-06-18T10:27:33Z,-41.54,4.3,173.27,3.3,48.0,8.0,MLv,,,,1.9,0.3,8,1.9,nan,4,,,,1.9,0.2,4
2022p455323,2022-06-18T11:16:34Z,-41.61,2.6,174.17,2.7,8.0,5.0,M,,,,1.9,0.1,8,1.7,nan,5,,,,1.7,0.3,5
2022p455491,2022-06-18T12:45:39Z,-40.61,1.7,174.56,2.0,12.0,0.0,MLv,,,,2.5,0.2,19,2.5,nan,12,,,,2.5,0.2,12
2022p455499,2022-06-18T12:50:08Z,-39.86,2.6,176.76,3.6,28.0,5.0,M,,,,1.8,0.3,13,1.7,nan,7,,,,1.7,0.2,7
2022p455702,2022-06-18T14:38:27Z,-39.96,2.2,176.31,2.7,23.0,5.0,MLv,,,,1.8,0.3,11,1.8,nan,8,,,,1.8,0.3,8
2022p455825,2022-06-18T15:44:49Z,-40.33,3.5,176.22,5.6,44.0,8.0,MLv,,,,1.5,0.2,9,1.5,nan,7,,,,1.5,0.3,7
2022p455842,2022-06-18T15:53:06Z,-38.56,2.2,176.18,2.3,3.0,3.0,MLv,,,,1.8,0.2,15,1.8,nan,10,,,,1.8,0.3,10
2022p455859,2022-06-18T16:01:43Z,-38.79,2.5,175.93,3.0,5.0,0.0,M,,,,1.8,0.3,13,1.8,nan,10,,,,1.8,0.3,10
2022p455862,2022-06-18T16:03:44Z,-38.79,2.4,175.95,3.3,5.0,0.0,MLv,,,,1.7,0.2,11,1.7,nan,6,,,,1.7,0.2,6
2022p455868,2022-06-18T16:06:37Z,-38.04,5.2,176.49,3.7,5.0,0.0,MLv,,,,1.3,0.3,6,1.3,nan,7,,,,1.3,0.3,7
2022p455871,2022-06-18T16:07:47Z,-37.97,20.3,175.87,15.3,254.0,18.0,M,,,,2.1,0.3,5,2.1,nan,2,,,,2.1,0.1,2
2022p455875,2022-06-18T16:10:35Z,-38.05,2.0,176.49,1.7,5.0,0.0,MLv,,,,2.9,0.3,25,,,,,,,2.9,0.2,40
2022p455897,2022-06-18T16:22:04Z,-38.04,2.8,176.5,2.7,5.0,0.0,MLv,,,,1.6,0.3,11,,,,,,,1.7,0.3,8
2022p455958,2022-06-18T16:54:32Z,-38.03,4.0,176.49,2.8,5.0,0.0,MLv,,,,1.5,0.4,8,1.6,nan,5,,,,1.6,0.3,5
2022p455960,2022-06-18T16:55:30Z,-38.84,5.1,175.97,3.4,5.0,0.0,MLv,,,,1.6,0.2,10,1.6,nan,2,,,,1.6,0.1,2
2022p456004,2022-06-18T17:19:24Z,-38.04,2.6,176.49,1.9,5.0,0.0,MLv,,,,2.2,0.3,19,,,,,,,2.3,0.2,18
2022p456009,2022-06-18T17:21:41Z,-41.74,3.9,172.32,4.3,69.0,8.0,M,,,,2.2,0.2,12,2.2,nan,4,,,,2.2,0.3,4
2022p456015,2022-06-18T17:24:54Z,-38.79,2.4,175.94,2.8,5.0,0.0,MLv,,,,1.8,0.2,12,1.9,nan,8,,,,1.9,0.3,8
2022p456017,2022-06-18T17:25:52Z,-38.8,2.2,175.93,3.2,5.0,0.0,MLv,,,,1.8,0.3,17,2.0,nan,11,,,,2.0,0.3,11
2022p456050,2022-06-18T17:43:40Z,-40.99,2.7,175.46,3.8,24.0,6.0,MLv,,,,1.7,0.2,12,1.5,nan,7,,,,1.5,0.3,7
2022p456061,2022-06-18T17:50:01Z,-38.53,6.2,176.19,3.3,4.0,5.0,M,,,,1.2,0.4,7,1.2,nan,7,,,,1.2,0.3,7
2022p456083,2022-06-18T18:01:27Z,-40.35,3.2,176.56,4.4,19.0,5.0,MLv,,,,1.6,0.2,9,1.3,nan,5,,,,1.3,0.3,5
2022p456120,2022-06-18T18:20:46Z,-40.29,2.6,176.47,2.9,15.0,5.0,MLv,,,,1.5,0.3,10,1.4,nan,4,,,,1.4,0.2,4
2022p456264,2022-06-18T19:37:36Z,-39.19,3.4,174.88,2.7,23.0,5.0,MLv,,,,2.3,0.2,12,,,,,,,2.2,0.2,8
2022p456375,2022-06-18T20:36:34Z,-38.15,2.9,178.26,4.2,23.0,5.0,M,,,,2.2,0.2,9,2.2,nan,7,,,,2.2,0.2,7
2022p456374,2022-06-18T20:36:40Z,-39.39,3.2,175.77,3.2,10.0,8.0,M,,,,1.1,0.3,12,1.1,nan,7,,,,1.1,0.2,7
2022p456379,2022-06-18T20:39:01Z,-37.65,6.4,177.12,6.5,86.0,10.0,MLv,,,,2.4,0.2,14,2.6,nan,3,,,,2.6,0.0,3
2022p456471,2022-06-18T21:27:51Z,-39.97,2.4,176.59,3.0,30.0,5.0,MLv,,,,1.5,0.4,12,,,,,,,1.2,0.4,2
2022p456572,2022-06-18T22:22:04Z,-42.4,3.2,171.5,4.3,5.0,0.0,M,,,,2.3,0.5,3,2.3,nan,3,,,,2.3,0.4,3
2022p456607,2022-06-18T22:40:20Z,-40.11,6.5,176.72,4.2,23.0,7.0,M,,,,1.3,0.2,7,1.2,nan,3,,,,1.2,0.1,3
2022p456629,2022-06-18T22:52:20Z,-40.52,2.2,175.83,2.5,18.0,4.0,MLv,,,,2.3,0.2,12,,,,,,,2.3,0.2,16
2022p456803,2022-06-19T00:24:52Z,-40.63,3.5,174.56,2.5,12.0,0.0,MLv,,,,2.2,0.3,13,2.0,nan,3,,,,2.0,0.2,3
2022p456806,2022-06-19T00:26:33Z,-39.31,2.6,175.08,1.8,19.0,4.0,MLv,,,,3.8,0.2,16,,,,,,,3.5,0.2,71
2022p456835,2022-06-19T00:42:09Z,-40.61,3.1,174.56,2.3,12.0,0.0,MLv,,,,2.2,0.2,18,2.4,nan,11,,,,2.4,0.1,11
2022p456869,2022-06-19T01:00:06Z,-40.63,3.5,174.56,2.5,12.0,0.0,MLv,,,,2.0,0.2,13,1.9,nan,3,,,,1.9,0.2,3
2022p456873,2022-06-19T01:02:25Z,-39.51,6.0,175.6,4.2,10.0,10.0,M,,,,1.5,0.3,12,1.5,nan,9,,,,1.5,0.2,9
2022p456921,2022-06-19T01:28:12Z,-39.51,4.3,174.36,4.3,122.0,7.0,MLv,,,,,,,2.6,nan,18,,,,2.6,0.2,18
2022p456937,2022-06-19T01:36:40Z,-39.54,2.7,176.18,2.6,32.0,5.0,MLv,,,,1.9,0.4,15,1.9,nan,11,,,,1.9,0.4,11
2022p456961,2022-06-19T01:49:02Z,-42.1,5.4,174.45,5.5,16.0,8.0,M,,,,2.0,0.2,9,2.1,nan,3,,,,2.1,0.2,3
2022p456976,2022-06-19T01:57:14Z,-38.04,3.6,176.51,3.3,5.0,0.0,M,,,,2.1,0.3,11,2.2,nan,12,,,,2.2,0.2,12
2022p457215,2022-06-19T04:05:02Z,-39.87,2.9,176.63,3.0,35.0,6.0,MLv,,,,2.5,0.2,12,2.5,nan,19,,,,2.5,0.2,19
2022p457234,2022-06-19T04:14:29Z,-40.01,3.1,176.63,3.7,17.0,6.0,M,,,,1.9,0.3,12,1.7,nan,7,,,,1.7,0.2,7
2022p457244,2022-06-19T04:20:03Z,-40.61,3.0,174.56,2.2,12.0,0.0,MLv,,,,2.4,0.2,13,2.4,nan,11,,,,2.4,0.2,11
2022p457247,2022-06-19T04:21:21Z,-39.53,6.8,175.69,5.1,10.0,14.0,M,,,,1.4,0.4,8,1.4,nan,5,,,,1.4,0.3,5
2022p457447,2022-06-19T06:08:07Z,-41.25,5.5,172.68,6.4,125.0,6.0,MLv,,,,,,,,,,,,,3.4,0.2,36
2022p457458,2022-06-19T06:14:05Z,-37.93,5.7,176.53,5.2,124.0,12.0,M,,,,2.2,0.2,8,2.3,nan,4,,,,2.3,0.3,4
2022p457464,2022-06-19T06:17:12Z,-40.59,3.2,175.86,3.1,25.0,6.0,MLv,,,,1.2,0.3,9,1.1,nan,4,,,,1.1,0.1,4
2022p457497,2022-06-19T06:34:31Z,-39.99,3.4,176.71,2.5,14.0,5.0,MLv,,,,1.7,0.3,12,1.6,nan,8,,,,1.6,0.2,8
2022p457514,2022-06-19T06:43:38Z,-35.53,24.4,179.03,24.5,201.0,30.0,MLv,,,,3.3,0.1,9,3.2,nan,1,,,,3.2,nan,1
2022p457546,2022-06-19T07:00:59Z,-40.61,4.4,174.55,3.0,12.0,0.0,M,,,,2.1,0.2,10,1.9,nan,3,,,,1.9,0.2,3
2022p457568,2022-06-19T07:12:15Z,-39.28,4.1,174.79,3.0,20.0,6.0,M,,,,2.6,0.2,12,2.6,nan,17,,,,2.6,0.2,17
2022p457624,2022-06-19T07:42:35Z,-38.48,9.0,175.73,10.2,143.0,12.0,MLv,,,,1.9,0.2,6,,,,,,,2.3,nan,1
2022p457627,2022-06-19T07:44:11Z,-40.62,5.0,174.57,2.9,12.0,0.0,M,,,,2.0,0.4,7,1.8,nan,1,,,,1.8,nan,1
2022p457656,2022-06-19T07:59:18Z,-40.51,3.3,175.74,3.8,28.0,5.0,MLv,,,,1.3,0.3,9,1.2,nan,3,,,,1.2,0.2,3
2022p457681,2022-06-19T08:12:42Z,-37.92,2.9,178.27,3.7,8.0,6.0,MLv,,,,1.8,0.1,9,1.6,nan,3,,,,1.6,0.2,3
2022p457692,2022-06-19T08:18:46Z,-40.58,3.8,174.56,2.4,5.0,0.0,M,,,,2.1,0.3,12,1.8,nan,3,,,,1.8,0.3,3
2022p457700,2022-06-19T08:22:46Z,-38.27,6.6,176.2,6.8,91.0,14.0,M,,,,2.2,0.1,7,1.9,nan,2,,,,1.9,0.2,2
2022p457808,2022-06-19T09:20:20Z,-38.36,4.6,177.07,4.4,40.0,7.0,M,,,,1.7,0.2,12,1.9,nan,5,,,,1.9,0.1,5
2022p457868,2022-06-19T09:52:29Z,-38.67,6.4,175.82,5.5,119.0,8.0,MLv,,,,1.9,0.3,6,,,,,,,2.7,0.4,31
2022p457937,2022-06-19T10:29:02Z,-37.91,6.0,176.28,6.5,177.0,10.0,M,,,,2.3,0.2,7,2.4,nan,9,,,,2.4,0.3,9
2022p457965,2022-06-19T10:44:10Z,-37.79,6.1,176.71,5.4,124.0,9.0,MLv,,,,2.2,0.2,7,,,,,,,2.9,0.4,6
2022p458030,2022-06-19T11:18:40Z,-40.45,2.9,176.22,3.3,15.0,7.0,M,,,,1.4,0.2,8,1.3,nan,5,,,,1.3,0.2,5
2022p458161,2022-06-19T12:28:27Z,-40.14,3.3,176.46,3.8,35.0,6.0,M,,,,1.4,0.5,7,1.2,nan,3,,,,1.2,0.4,3
2022p458177,2022-06-19T12:36:44Z,-39.94,1.7,175.35,2.4,14.0,4.0,MLv,,,,2.8,0.2,12,,,,,,,2.8,0.2,34
2022p458215,2022-06-19T12:57:26Z,-38.07,7.3,176.21,9.4,128.0,14.0,M,,,,,,,2.3,nan,1,,,,2.3,nan,1
2022p458248,2022-06-19T13:15:03Z,-38.68,2.7,177.62,2.9,26.0,6.0,M,,,,2.1,0.2,12,2.0,nan,7,,,,2.0,0.2,7
2022p458309,2022-06-19T13:47:32Z,-38.81,2.9,175.91,5.5,14.0,14.0,M,,,,1.8,0.3,9,1.9,nan,8,,,,1.9,0.2,8
2022p458316,2022-06-19T13:50:54Z,-38.81,3.0,175.93,4.6,11.0,10.0,M,,,,2.0,0.2,12,2.0,nan,11,,,,2.0,0.2,11
2022p458522,2022-06-19T15:40:40Z,-39.28,3.1,176.64,4.2,27.0,5.0,M,,,,1.6,0.2,10,1.6,nan,6,,,,1.6,0.2,6
2022p458673,2022-06-19T17:01:27Z,-37.47,7.8,179.86,6.8,12.0,0.0,MLv,,,,3.3,0.3,16,,,,,,,3.4,0.2,12
2022p458733,2022-06-19T17:33:20Z,-41.73,4.7,172.22,4.6,77.0,7.0,MLv,,,,2.9,0.2,12,,,,,,,3.3,0.2,18
2022p458740,2022-06-19T17:37:00Z,-38.68,6.2,175.7,6.6,129.0,11.0,M,,,,1.6,0.3,7,2.0,nan,3,,,,2.0,0.6,3
2022p458749,2022-06-19T17:42:04Z,-39.2,5.4,177.48,4.1,23.0,7.0,M,,,,1.9,0.2,10,1.9,nan,3,,,,1.9,0.1,3
2022p458812,2022-06-19T18:15:23Z,-37.44,13.2,179.86,8.0,12.0,0.0,MLv,,,,2.7,0.1,10,2.8,nan,3,,,,2.8,0.2,3
2022p458842,2022-06-19T18:31:27Z,-43.33,2.9,170.7,3.6,5.0,0.0,MLv,,,,2.1,0.4,8,1.8,nan,1,,,,1.8,nan,1
2022p458993,2022-06-19T19:51:46Z,-38.39,4.3,178.52,6.1,28.0,5.0,MLv,,,,2.3,0.2,12,2.3,nan,7,,,,2.3,0.1,7
2022p459123,2022-06-19T21:01:20Z,-40.23,3.9,173.53,5.1,160.0,7.0,MLv,,,,,,,,,,,,,3.5,0.2,39
2022p459142,2022-06-19T21:11:00Z,-37.56,5.3,177.23,3.7,55.0,9.0,MLv,,,,3.6,0.5,17,,,,,,,4.0,0.3,66
2022p459286,2022-06-19T22:28:03Z,-40.77,4.5,174.58,3.4,50.0,9.0,MLv,,,,3.1,0.2,19,,,,,,,3.0,0.2,25
2022p459307,2022-06-19T22:38:52Z,-39.19,8.0,175.05,7.8,86.0,11.0,MLv,,,,2.1,0.4,12,2.6,nan,7,,,,2.6,0.6,7
2022p459387,2022-06-19T23:21:50Z,-38.77,4.3,175.69,5.0,108.0,8.0,MLv,,,,2.0,0.3,7,2.3,nan,6,,,,2.3,0.4,6
2022p459398,2022-06-19T23:27:21Z,-40.62,2.2,174.56,2.0,12.0,0.0,MLv,,,,2.7,0.2,18,,,,,,,2.8,0.2,17
2022p459434,2022-06-19T23:46:02Z,-34.41,18.3,179.24,15.4,189.0,45.0,MLv,,,,4.3,0.3,10,,,,,,,4.5,0.2,10
2022p459668,2022-06-20T01:51:36Z,-41.76,3.3,174.33,2.1,10.0,3.0,MLv,,,,3.0,0.2,16,,,,,,,3.1,0.2,19
2022p459763,2022-06-20T02:41:58Z,-41.73,4.0,174.32,2.7,12.0,4.0,MLv,,,,2.4,0.1,12,2.4,nan,7,,,,2.4,0.2,7
2022p459770,2022-06-20T02:45:58Z,-37.94,6.1,175.92,6.1,250.0,9.0,MLv,,,,,,,,,,,,,3.3,0.4,21
2022p459814,2022-06-20T03:09:15Z,-39.07,3.0,176.18,3.2,46.0,6.0,MLv,,,,3.1,0.2,24,,,,,,,3.3,0.2,49
2022p459905,2022-06-20T03:57:48Z,-40.12,4.2,175.52,5.9,27.0,9.0,M,,,,2.1,0.3,12,2.1,nan,7,,,,2.1,0.2,7
2022p459975,2022-06-20T04:35:02Z,-41.32,5.2,173.23,3.9,63.0,8.0,M,,,,2.0,0.2,6,2.1,nan,2,,,,2.1,0.1,2
2022p460073,2022-06-20T05:27:01Z,-39.63,4.5,174.81,4.1,100.0,7.0,MLv,,,,,,,2.7,nan,2,,,,2.7,0.2,2
2022p460184,2022-06-20T06:26:28Z,-40.61,3.8,174.56,2.7,12.0,0.0,M,,,,2.1,0.2,11,1.9,nan,2,,,,1.9,0.3,2
2022p460193,2022-06-20T06:30:55Z,-43.95,2.7,169.68,1.9,5.0,0.0,MLv,,,,4.1,0.2,6,,,,,,,4.3,0.2,33
2022p460317,2022-06-20T07:37:15Z,-41.26,2.1,175.18,1.6,5.0,0.0,MLv,,,,1.8,0.2,10,,,,,,,1.8,0.2,7
2022p460411,2022-06-20T08:27:00Z,-41.6,4.1,174.26,3.5,12.0,0.0,M,,,,2.0,0.2,9,1.5,nan,2,,,,1.5,0.0,2
2022p460605,2022-06-20T10:10:33Z,-38.78,4.5,176.01,4.3,7.0,8.0,M,,,,1.7,0.4,10,2.0,nan,7,,,,2.0,0.2,7
2022p460659,2022-06-20T10:39:20Z,-39.74,4.3,176.82,5.1,37.0,9.0,M,,,,1.6,0.3,6,1.2,nan,2,,,,1.2,0.6,2
2022p460711,2022-06-20T11:06:48Z,-39.72,4.9,176.79,5.0,42.0,10.0,M,,,,1.7,0.3,9,1.7,nan,4,,,,1.7,0.3,4
2022p460716,2022-06-20T11:09:33Z,-38.35,3.2,178.0,3.6,26.0,6.0,M,,,,1.8,0.2,9,1.6,nan,4,,,,1.6,0.2,4
2022p460757,2022-06-20T11:31:45Z,-38.86,2.3,175.93,2.5,5.0,0.0,M,,,,2.0,0.2,12,2.1,nan,9,,,,2.1,0.1,9
2022p460774,2022-06-20T11:40:27Z,-38.92,6.5,178.57,8.2,33.0,0.0,M,,,,2.7,0.2,14,2.6,nan,11,,,,2.6,0.1,11
2022p460863,2022-06-20T12:28:20Z,-38.88,5.4,175.94,2.9,5.0,0.0,M,,,,1.5,0.3,9,1.4,nan,4,,,,1.4,0.2,4
2022p460921,2022-06-20T12:59:13Z,-39.7,1.7,175.68,2.1,12.0,5.0,M,,,,2.1,0.3,13,2.1,nan,10,,,,2.1,0.2,10
2022p461126,2022-06-20T14:48:19Z,-38.81,2.8,175.91,4.3,7.0,7.0,M,,,,1.8,0.2,13,1.8,nan,7,,,,1.8,0.1,7
2022p461189,2022-06-20T15:21:59Z,-40.19,2.5,176.39,2.8,19.0,6.0,M,,,,1.9,0.2,10,2.0,nan,8,,,,2.0,0.2,8
2022p461255,2022-06-20T15:57:25Z,-39.09,5.0,175.45,4.9,15.0,9.0,M,,,,0.9,0.2,12,0.7,nan,5,,,,0.7,0.2,5
2022p461260,2022-06-20T15:59:24Z,-40.66,2.5,175.86,2.4,24.0,5.0,M,,,,2.5,0.2,10,2.5,nan,20,,,,2.5,0.2,20
2022p461295,2022-06-20T16:18:02Z,-40.0,4.7,176.43,4.2,47.0,9.0,M,,,,1.8,0.4,8,1.9,nan,10,,,,1.9,0.3,10
2022p461336,2022-06-20T16:39:54Z,-41.76,4.1,174.32,2.6,10.0,6.0,M,,,,2.3,0.1,11,2.3,nan,8,,,,2.3,0.2,8
2022p461352,2022-06-20T16:48:24Z,-39.29,3.1,176.84,4.1,22.0,6.0,M,,,,1.5,0.1,8,1.5,nan,2,,,,1.5,0.4,2
2022p461432,2022-06-20T17:31:00Z,-41.7,5.5,172.62,4.8,57.0,9.0,M,,,,2.0,0.4,7,1.7,nan,2,,,,1.7,0.7,2
2022p461455,2022-06-20T17:43:35Z,-38.63,2.8,177.66,2.6,25.0,4.0,M,,,,2.3,0.2,15,2.2,nan,10,,,,2.2,0.1,10
2022p461478,2022-06-20T17:55:42Z,-37.99,3.0,178.21,3.6,12.0,5.0,M,,,,2.0,0.2,10,1.8,nan,5,,,,1.8,0.4,5
2022p461534,2022-06-20T18:25:37Z,-40.6,3.1,174.57,2.7,12.0,0.0,MLv,,,,2.4,0.2,13,2.4,nan,9,,,,2.4,0.2,9
2022p461768,2022-06-20T20:30:18Z,-38.12,11.4,176.5,14.2,59.0,18.0,MLv,,,,2.1,0.2,10,1.7,nan,5,,,,1.7,0.3,5
2022p461829,2022-06-20T21:02:45Z,-39.15,4.0,177.46,2.9,23.0,5.0,M,,,,2.2,0.1,13,2.3,nan,5,,,,2.3,0.2,5
2022p461886,2022-06-20T21:32:42Z,-36.56,20.0,177.4,17.0,212.0,20.0,MLv,,,,,,,,,,,,,3.1,0.5,4
2022p461896,2022-06-20T21:38:11Z,-40.45,13.6,173.52,4.6,146.0,10.0,MLv,,,,2.6,0.4,6,2.2,nan,6,,,,2.2,0.3,6
2022p462011,2022-06-20T22:39:35Z,-40.12,3.1,176.41,3.9,39.0,6.0,MLv,,,,1.6,0.3,9,1.2,nan,6,,,,1.2,0.2,6
2022p462071,2022-06-20T23:11:44Z,-38.16,4.4,176.22,4.4,133.0,9.0,MLv,,,,,,,,,,,,,2.9,0.4,43
2022p462098,2022-06-20T23:25:58Z,-39.17,5.1,177.43,3.6,24.0,7.0,M,,,,2.1,0.1,10,2.0,nan,3,,,,2.0,0.1,3
2022p462122,2022-06-20T23:38:39Z,-38.52,7.6,175.74,8.3,153.0,11.0,MLv,,,,1.8,0.3,8,1.8,nan,3,,,,1.8,0.2,3
2022p462257,2022-06-21T00:50:34Z,-40.04,3.0,176.39,3.5,42.0,7.0,M,,,,2.1,0.1,12,2.2,nan,13,,,,2.2,0.2,13
2022p462264,2022-06-21T00:54:38Z,-40.59,4.0,174.56,2.4,5.0,0.0,M,,,,2.1,0.1,11,2.0,nan,3,,,,2.0,0.2,3
2022p462385,2022-06-21T01:58:48Z,-39.74,2.6,175.29,7.0,12.0,0.0,M,,,,1.6,0.3,7,1.8,nan,2,,,,1.8,0.6,2
2022p462527,2022-06-21T03:14:45Z,-38.67,5.6,175.63,8.2,130.0,9.0,MLv,,,,1.9,0.3,6,1.8,nan,4,,,,1.8,0.5,4
2022p462534,2022-06-21T03:18:38Z,-39.03,2.3,175.38,3.5,12.0,6.0,MLv,,,,2.2,0.3,12,,,,,,,2.2,0.2,20
2022p462557,2022-06-21T03:30:38Z,-42.02,2.3,173.71,2.2,5.0,0.0,MLv,,,,2.1,0.2,8,2.2,nan,4,,,,2.2,0.3,4
2022p462567,2022-06-21T03:35:48Z,-43.77,3.9,171.25,3.1,9.0,6.0,MLv,,,,2.1,0.1,8,1.6,nan,2,,,,1.6,0.2,2
2022p462737,2022-06-21T05:06:43Z,-37.67,4.6,176.88,4.2,111.0,9.0,MLv,,,,2.3,0.2,7,2.4,nan,5,,,,2.4,0.2,5
2022p462788,2022-06-21T05:33:43Z,-40.41,2.6,176.14,3.3,28.0,5.0,MLv,,,,1.5,0.2,10,1.3,nan,4,,,,1.3,0.4,4
2022p462920,2022-06-21T06:43:38Z,-36.81,9.3,177.7,10.8,137.0,11.0,MLv,,,,2.6,0.2,9,2.6,nan,3,,,,2.6,0.4,3
2022p463101,2022-06-21T08:20:15Z,-46.06,4.6,170.47,5.4,5.0,0.0,MLv,,,,2.6,0.1,9,2.8,nan,5,,,,2.8,0.3,5
2022p463148,2022-06-21T08:45:17Z,-41.03,3.9,174.87,3.0,40.0,5.0,M,,,,2.2,0.2,15,2.2,nan,12,,,,2.2,0.2,12
2022p463190,2022-06-21T09:07:47Z,-41.67,4.1,174.27,2.9,5.0,0.0,M,,,,1.9,0.2,10,1.4,nan,2,,,,1.4,0.1,2
2022p463255,2022-06-21T09:41:21Z,-33.64,38.5,179.85,48.2,282.0,62.0,MLv,4.4,0.0,2,4.0,0.3,7,3.9,nan,1,3.6,0.4,2,3.9,nan,1
2022p463261,2022-06-21T09:45:59Z,-39.09,3.5,175.44,6.9,14.0,8.0,M,,,,0.7,0.2,11,0.6,nan,6,,,,0.6,0.1,6
2022p463360,2022-06-21T10:38:28Z,-37.77,10.0,176.34,9.3,126.0,14.0,M,,,,,,,2.4,nan,3,,,,2.4,0.4,3
2022p463378,2022-06-21T10:48:05Z,-39.93,2.4,175.35,2.7,12.0,0.0,M,,,,2.3,0.2,16,2.3,nan,19,,,,2.3,0.2,19
2022p463384,2022-06-21T10:50:59Z,-38.67,3.0,177.97,2.9,27.0,4.0,MLv,,,,2.3,0.3,12,2.2,nan,8,,,,2.2,0.3,8
2022p463395,2022-06-21T10:57:09Z,-45.61,4.4,167.35,5.7,99.0,8.0,MLv,,,,,,,1.6,nan,1,,,,1.6,nan,1
2022p463454,2022-06-21T11:28:47Z,-39.29,3.2,176.46,4.4,35.0,7.0,MLv,,,,1.2,0.3,7,1.3,nan,4,,,,1.3,0.5,4
2022p463504,2022-06-21T11:55:18Z,-38.66,3.0,176.08,4.1,5.0,4.0,M,,,,1.7,0.4,7,1.6,nan,7,,,,1.6,0.4,7
2022p463515,2022-06-21T12:01:09Z,-38.65,4.0,176.08,4.2,5.0,0.0,M,,,,1.8,0.2,6,1.6,nan,6,,,,1.6,0.4,6
2022p463551,2022-06-21T12:20:22Z,-44.06,4.2,169.36,3.7,43.0,8.0,MLv,,,,2.0,0.2,5,2.1,nan,2,,,,2.1,0.2,2
2022p463611,2022-06-21T12:52:12Z,-42.36,2.3,173.44,2.4,5.0,3.0,MLv,,,,1.9,0.1,7,1.9,nan,2,,,,1.9,0.2,2
2022p463614,2022-06-21T12:54:00Z,-44.36,2.5,169.54,1.9,5.0,0.0,MLv,,,,3.1,0.2,7,,,,,,,3.2,0.2,12
2022p463618,2022-06-21T12:56:07Z,-40.25,2.4,176.62,3.1,14.0,6.0,MLv,,,,2.0,0.1,11,1.9,nan,6,,,,1.9,0.2,6
2022p463708,2022-06-21T13:43:53Z,-40.6,4.1,174.56,2.6,5.0,0.0,M,,,,2.1,0.2,8,1.7,nan,2,,,,1.7,0.2,2
2022p463719,2022-06-21T13:49:48Z,-41.89,4.3,172.64,4.2,48.0,7.0,M,,,,2.0,0.2,8,1.8,nan,2,,,,1.8,0.2,2
2022p463722,2022-06-21T13:51:33Z,-40.63,3.6,175.85,2.9,24.0,6.0,M,,,,1.3,0.3,7,1.1,nan,2,,,,1.1,0.3,2
2022p463786,2022-06-21T14:25:12Z,-38.8,4.2,175.94,5.5,8.0,10.0,MLv,,,,1.7,0.2,11,1.6,nan,11,,,,1.6,0.2,11
2022p463814,2022-06-21T14:40:22Z,-45.03,4.0,167.14,5.0,23.0,5.0,MLv,,,,2.7,0.1,6,,,,,,,2.8,0.2,6
2022p463979,2022-06-21T16:08:14Z,-38.8,3.1,175.94,3.1,12.0,7.0,MLv,,,,1.6,0.2,13,1.7,nan,9,,,,1.7,0.2,9
2022p464011,2022-06-21T16:25:07Z,-39.59,5.0,176.86,6.3,26.0,13.0,M,,,,1.4,0.3,7,1.4,nan,1,,,,1.4,nan,1
2022p464037,2022-06-21T16:38:32Z,-33.06,9.5,-178.07,17.4,33.0,0.0,MLv,5.0,0.1,6,4.5,0.2,13,4.5,nan,6,4.3,0.4,6,4.6,0.1,6
2022p464173,2022-06-21T17:51:54Z,-40.61,3.2,174.56,2.4,12.0,0.0,MLv,,,,2.0,0.2,13,1.9,nan,3,,,,1.9,0.2,3
2022p464349,2022-06-21T19:25:26Z,-43.6,2.8,172.43,2.2,5.0,3.0,M,,,,1.7,0.2,8,1.7,nan,4,,,,1.7,0.3,4
2022p464391,2022-06-21T19:47:42Z,-44.64,4.3,167.61,4.4,5.0,0.0,MLv,,,,2.3,0.2,9,1.9,nan,5,,,,1.9,0.2,5
2022p464503,2022-06-21T20:47:42Z,-40.24,2.8,176.64,4.3,15.0,5.0,MLv,,,,1.8,0.1,8,1.7,nan,5,,,,1.7,0.2,5
2022p464508,2022-06-21T20:50:08Z,-37.87,7.2,176.47,7.1,95.0,13.0,M,,,,2.3,0.2,8,2.4,nan,5,,,,2.4,0.2,5
2022p464619,2022-06-21T21:49:07Z,-40.59,2.5,174.55,2.2,5.0,0.0,M,,,,2.0,0.1,9,2.2,nan,6,,,,2.2,0.1,6
2022p464650,2022-06-21T22:05:37Z,-38.8,3.9,175.92,6.0,11.0,11.0,M,,,,2.0,0.2,11,2.0,nan,10,,,,2.0,0.2,10
2022p464656,2022-06-21T22:09:06Z,-38.62,12.7,175.8,10.3,141.0,10.0,M,,,,1.8,0.2,8,2.2,nan,6,,,,2.2,0.1,6
2022p464721,2022-06-21T22:43:22Z,-40.6,6.0,174.55,2.6,5.0,0.0,M,,,,1.9,0.1,7,1.9,nan,3,,,,1.9,0.1,3
2022p464779,2022-06-21T23:14:28Z,-41.38,2.6,172.36,2.4,5.0,0.0,MLv,,,,2.9,0.2,6,,,,,,,3.1,0.2,18
2022p464847,2022-06-21T23:50:25Z,-47.25,10.4,165.89,11.8,5.0,0.0,MLv,,,,3.8,0.3,12,,,,,,,3.9,0.3,10
2022p464918,2022-06-22T00:28:21Z,-40.15,2.6,174.63,3.1,27.0,5.0,MLv,,,,2.4,0.2,19,,,,,,,2.5,0.2,25
2022p464974,2022-06-22T00:58:40Z,-41.18,7.8,172.46,7.7,197.0,8.0,MLv,,,,,,,1.8,nan,4,,,,1.8,0.1,4
2022p465109,2022-06-22T02:10:29Z,-41.24,4.1,172.59,4.8,110.0,6.0,MLv,,,,,,,,,,,,,2.7,0.2,13
2022p465263,2022-06-22T03:32:14Z,-39.32,3.8,175.69,5.4,5.0,0.0,MLv,,,,0.8,0.2,11,1.0,nan,2,,,,1.0,0.8,2
2022p465268,2022-06-22T03:35:18Z,-39.32,3.7,175.69,5.0,5.0,0.0,MLv,,,,0.7,0.2,13,0.8,nan,3,,,,0.8,0.7,3
2022p465272,2022-06-22T03:37:14Z,-40.28,2.9,176.64,5.0,16.0,4.0,MLv,,,,2.6,0.1,13,,,,,,,2.6,0.2,21
2022p465394,2022-06-22T04:42:23Z,-38.1,5.1,176.69,3.4,4.0,5.0,M,,,,1.9,0.3,10,2.0,nan,6,,,,2.0,0.2,6
2022p465478,2022-06-22T05:26:52Z,-40.31,1.5,174.07,2.3,5.0,0.0,MLv,,,,2.3,0.2,17,,,,,,,2.3,0.1,12
2022p465491,2022-06-22T05:33:59Z,-38.09,4.0,176.69,2.5,7.0,7.0,MLv,,,,2.1,0.3,9,,,,,,,2.1,0.2,8
2022p465525,2022-06-22T05:51:42Z,-47.18,10.6,166.03,7.5,5.0,0.0,MLv,,,,3.0,0.2,8,3.2,nan,4,,,,3.2,0.4,4
2022p465698,2022-06-22T07:24:24Z,-38.8,2.2,175.93,2.4,5.0,0.0,MLv,,,,2.3,0.2,19,,,,,,,2.3,0.1,36
2022p465778,2022-06-22T08:06:41Z,-37.89,7.6,176.41,6.9,67.0,16.0,MLv,,,,2.1,0.2,13,,,,,,,1.9,0.3,2
2022p465796,2022-06-22T08:16:36Z,-41.74,2.1,174.2,2.3,12.0,3.0,MLv,,,,4.2,0.2,12,,,,,,,4.4,0.2,93
2022p465815,2022-06-22T08:26:34Z,-41.77,3.6,174.24,6.5,8.0,6.0,M,,,,1.5,0.3,8,1.3,nan,2,,,,1.3,0.3,2
2022p465827,2022-06-22T08:32:53Z,-38.1,3.4,178.23,3.5,11.0,5.0,MLv,,,,2.7,0.3,13,2.6,nan,7,,,,2.6,0.2,7
2022p465870,2022-06-22T08:55:45Z,-38.14,8.9,175.86,13.5,177.0,11.0,MLv,,,,,,,0.8,nan,1,,,,0.8,nan,1
2022p465905,2022-06-22T09:14:53Z,-39.16,3.6,175.63,3.7,24.0,10.0,MLv,,,,0.7,0.2,4,0.5,nan,5,,,,0.5,0.2,5
2022p465940,2022-06-22T09:33:02Z,-39.45,9.5,175.68,6.4,20.0,9.0,MLv,,,,0.7,0.3,7,0.7,nan,1,,,,0.7,nan,1
2022p466021,2022-06-22T10:16:21Z,-41.76,3.1,174.24,4.6,5.0,3.0,M,,,,1.8,0.2,10,1.7,nan,4,,,,1.7,0.4,4
2022p466026,2022-06-22T10:18:46Z,-39.49,7.0,175.81,9.6,5.0,0.0,M,,,,0.9,0.5,4,0.8,nan,3,,,,0.8,0.3,3
2022p466109,2022-06-22T11:03:20Z,-39.03,6.8,175.37,8.5,9.0,13.0,MLv,,,,0.7,0.2,7,0.9,nan,6,,,,0.9,0.2,6
2022p466112,2022-06-22T11:04:32Z,-38.28,12.6,175.99,13.5,154.0,10.0,M,,,,,,,1.5,nan,1,,,,1.5,nan,1
2022p466137,2022-06-22T11:18:02Z,-39.01,4.1,177.79,4.0,19.0,5.0,MLv,,,,1.9,0.2,10,1.8,nan,6,,,,1.8,0.2,6
2022p466170,2022-06-22T11:35:36Z,-39.12,4.2,177.16,4.3,23.0,6.0,M,,,,1.8,0.2,11,1.9,nan,5,,,,1.9,0.3,5
2022p466216,2022-06-22T12:00:33Z,-40.66,5.1,176.56,5.4,15.0,8.0,M,,,,2.1,0.1,11,2.2,nan,8,,,,2.2,0.2,8
2022p466240,2022-06-22T12:12:48Z,-39.66,5.8,174.16,5.6,175.0,8.0,M,,,,,,,1.9,nan,3,,,,1.9,0.4,3
2022p466307,2022-06-22T12:48:47Z,-41.77,3.5,174.23,5.6,6.0,5.0,M,,,,1.7,0.2,9,1.7,nan,4,,,,1.7,0.3,4
2022p466329,2022-06-22T13:00:10Z,-40.62,3.2,174.55,2.4,12.0,0.0,MLv,,,,1.9,0.2,14,2.0,nan,6,,,,2.0,0.1,6
2022p466336,2022-06-22T13:03:53Z,-40.61,3.8,174.56,2.4,12.0,0.0,M,,,,1.9,0.1,12,1.9,nan,4,,,,1.9,0.2,4
2022p466354,2022-06-22T13:13:45Z,-40.63,3.3,174.56,2.6,12.0,0.0,MLv,,,,2.1,0.2,10,2.1,nan,7,,,,2.1,0.1,7
2022p466390,2022-06-22T13:32:55Z,-39.35,5.3,175.85,4.8,49.0,9.0,M,,,,2.3,0.3,14,2.4,nan,39,,,,2.4,0.3,39
2022p466404,2022-06-22T13:40:05Z,-40.02,2.4,176.09,3.1,31.0,5.0,MLv,,,,2.3,0.3,12,2.4,nan,25,,,,2.4,0.2,25
2022p466429,2022-06-22T13:53:47Z,-38.9,4.5,176.49,4.7,48.0,8.0,M,,,,1.6,0.3,12,1.5,nan,4,,,,1.5,0.4,4
2022p466534,2022-06-22T14:49:34Z,-40.13,2.8,174.86,3.9,12.0,0.0,M,,,,1.8,0.3,12,1.9,nan,6,,,,1.9,0.2,6
2022p466556,2022-06-22T15:01:25Z,-38.39,4.2,177.16,4.1,32.0,8.0,MLv,,,,1.4,0.3,9,1.4,nan,3,,,,1.4,0.4,3
2022p466574,2022-06-22T15:10:43Z,-40.3,3.5,174.44,4.8,85.0,11.0,M,,,,1.9,0.2,8,1.7,nan,2,,,,1.7,0.4,2
2022p466610,2022-06-22T15:30:56Z,-37.55,7.7,176.81,6.2,169.0,12.0,MLv,,,,2.2,0.3,12,,,,,,,2.6,0.2,27
2022p466668,2022-06-22T16:01:01Z,-38.08,29.8,176.44,26.8,123.0,21.0,MLv,,,,,,,2.1,nan,4,,,,2.1,0.2,4
2022p466674,2022-06-22T16:04:09Z,-41.63,3.0,174.33,3.0,5.0,0.0,M,,,,1.7,0.1,11,1.4,nan,3,,,,1.4,0.2,3
2022p466681,2022-06-22T16:07:43Z,-39.78,2.4,176.68,2.9,24.0,5.0,MLv,,,,2.0,0.2,13,1.9,nan,7,,,,1.9,0.1,7
2022p466704,2022-06-22T16:20:17Z,-39.44,8.9,175.55,8.8,82.0,12.0,M,,,,0.6,0.4,4,0.6,nan,4,,,,0.6,0.3,4
2022p466757,2022-06-22T16:48:39Z,-38.66,3.4,176.08,2.9,4.0,4.0,M,,,,1.6,0.2,9,1.7,nan,6,,,,1.7,0.3,6
2022p466794,2022-06-22T17:08:24Z,-39.17,4.6,175.09,3.2,19.0,6.0,M,,,,1.4,0.2,9,1.3,nan,5,,,,1.3,0.2,5
2022p466830,2022-06-22T17:27:26Z,-40.38,3.4,176.1,4.8,35.0,9.0,MLv,,,,1.4,0.2,8,1.5,nan,7,,,,1.5,0.2,7
2022p466843,2022-06-22T17:34:14Z,-40.62,3.3,175.85,3.5,21.0,6.0,M,,,,1.1,0.3,9,0.9,nan,2,,,,0.9,0.1,2
2022p466847,2022-06-22T17:36:06Z,-39.0,3.2,177.32,2.6,26.0,5.0,MLv,,,,1.8,0.1,12,1.8,nan,7,,,,1.8,0.2,7
2022p466881,2022-06-22T17:54:24Z,-38.83,7.0,179.5,6.5,33.0,0.0,MLv,,,,2.5,0.2,12,2.3,nan,3,,,,2.3,0.1,3
2022p466926,2022-06-22T18:18:18Z,-41.22,6.5,172.57,5.9,110.0,9.0,M,,,,,,,1.4,nan,3,,,,1.4,0.5,3
2022p467063,2022-06-22T19:31:35Z,-40.86,2.5,175.59,2.7,9.0,5.0,MLv,,,,1.7,0.1,12,1.7,nan,10,,,,1.7,0.1,10
2022p467069,2022-06-22T19:34:26Z,-41.89,2.5,173.94,3.5,12.0,4.0,MLv,,,,1.7,0.2,7,1.6,nan,5,,,,1.6,0.3,5
2022p467081,2022-06-22T19:40:54Z,-37.93,10.1,176.22,13.3,142.0,15.0,MLv,,,,,,,2.2,nan,4,,,,2.2,0.2,4
2022p467084,2022-06-22T19:42:48Z,-45.4,6.2,166.99,7.1,40.0,12.0,M,,,,2.2,0.2,8,2.0,nan,4,,,,2.0,0.3,4
2022p467102,2022-06-22T19:52:18Z,-38.06,3.1,177.79,3.1,30.0,7.0,MLv,,,,3.2,0.1,10,,,,,,,3.0,0.2,22
2022p467184,2022-06-22T20:36:11Z,-37.65,9.1,176.5,7.0,132.0,10.0,MLv,,,,2.3,0.2,4,2.4,nan,6,,,,2.4,0.3,6
2022p467217,2022-06-22T20:53:44Z,-38.81,2.4,175.95,3.0,5.0,0.0,M,,,,1.9,0.2,13,2.0,nan,15,,,,2.0,0.1,15
2022p467280,2022-06-22T21:27:00Z,-38.18,9.1,176.04,7.0,139.0,12.0,MLv,,,,2.0,0.3,5,2.5,nan,19,,,,2.5,0.4,19
2022p467377,2022-06-22T22:18:54Z,-39.54,5.6,175.71,4.4,11.0,10.0,MLv,,,,0.9,0.3,7,0.9,nan,6,,,,0.9,0.3,6
2022p467385,2022-06-22T22:23:01Z,-39.82,3.0,176.69,3.5,32.0,7.0,MLv,,,,2.2,0.2,12,2.2,nan,17,,,,2.2,0.2,17
2022p467398,2022-06-22T22:29:41Z,-40.0,3.2,176.57,3.2,35.0,5.0,MLv,,,,1.9,0.2,13,2.1,nan,14,,,,2.1,0.2,14
2022p467417,2022-06-22T22:39:46Z,-43.08,3.1,170.94,2.4,5.0,0.0,MLv,,,,2.6,0.2,11,,,,,,,2.8,0.2,12
2022p467448,2022-06-22T22:56:24Z,-41.77,3.5,174.22,4.5,9.0,4.0,MLv,,,,1.7,0.2,8,1.5,nan,3,,,,1.5,0.3,3
2022p467483,2022-06-22T23:15:02Z,-39.52,3.5,175.69,3.7,12.0,8.0,MLv,,,,1.1,0.3,12,1.2,nan,9,,,,1.2,0.2,9
2022p467518,2022-06-22T23:33:47Z,-38.41,12.4,176.07,9.0,123.0,11.0,MLv,,,,,,,2.2,nan,13,,,,2.2,0.2,13
2022p467666,2022-06-23T00:52:36Z,-38.77,7.5,179.33,7.7,5.0,0.0,M,,,,2.4,0.1,12,2.4,nan,4,,,,2.4,0.2,4
2022p467700,2022-06-23T01:10:58Z,-37.01,8.2,177.36,9.2,105.0,15.0,MLv,,,,2.5,0.2,7,,,,,,,2.7,0.1,7
2022p467733,2022-06-23T01:28:00Z,-37.38,15.5,176.66,22.0,312.0,12.0,MLv,,,,2.9,nan,1,1.9,nan,7,,,,1.9,0.4,7
2022p467831,2022-06-23T02:20:24Z,-36.57,9.2,177.62,8.6,185.0,10.0,MLv,,,,2.9,0.3,6,,,,,,,3.7,0.3,55
2022p467893,2022-06-23T02:53:42Z,-41.74,2.6,174.19,2.2,9.0,4.0,MLv,,,,1.7,0.2,10,1.9,nan,7,,,,1.9,0.2,7
2022p467925,2022-06-23T03:10:27Z,-38.77,4.5,178.4,5.6,30.0,4.0,MLv,,,,3.1,0.2,15,,,,,,,3.3,0.2,48
2022p468069,2022-06-23T04:26:47Z,-39.54,7.1,174.42,6.2,190.0,9.0,M,,,,,,,2.4,nan,7,,,,2.4,0.1,7
2022p468085,2022-06-23T04:36:07Z,-41.75,2.5,174.19,2.3,9.0,3.0,M,,,,1.8,0.1,11,2.0,nan,10,,,,2.0,0.2,10
2022p468163,2022-06-23T05:17:25Z,-38.26,6.8,176.26,7.0,94.0,11.0,M,,,,2.1,0.2,8,2.1,nan,9,,,,2.1,0.2,9
2022p468331,2022-06-23T06:47:03Z,-40.58,2.4,175.84,2.6,27.0,4.0,M,,,,2.0,0.2,14,2.1,nan,20,,,,2.1,0.2,20
2022p468339,2022-06-23T06:51:24Z,-38.23,8.0,175.97,10.0,146.0,11.0,MLv,,,,2.4,nan,1,,,,,,,1.6,0.2,3
2022p468513,2022-06-23T08:24:01Z,-37.23,8.1,177.53,6.4,33.0,0.0,MLv,,,,2.1,0.2,11,1.9,nan,6,,,,1.9,0.2,6
2022p468562,2022-06-23T08:50:08Z,-38.61,9.3,175.84,11.5,140.0,10.0,MLv,,,,1.6,0.4,6,1.3,nan,7,,,,1.3,0.4,7
2022p468580,2022-06-23T08:59:48Z,-38.71,7.2,175.6,5.3,113.0,8.0,MLv,,,,1.3,0.3,6,2.0,nan,29,,,,2.0,0.4,29
2022p468696,2022-06-23T10:01:16Z,-40.25,2.5,174.34,2.9,5.0,0.0,MLv,,,,2.1,0.2,15,,,,,,,2.1,0.1,12
2022p468703,2022-06-23T10:05:09Z,-38.24,9.1,176.02,8.3,60.0,22.0,MLv,,,,1.8,0.2,10,1.6,nan,5,,,,1.6,0.3,5
2022p468746,2022-06-23T10:28:05Z,-41.17,4.5,174.54,2.0,22.0,4.0,MLv,,,,1.6,0.2,12,1.6,nan,5,,,,1.6,0.2,5
2022p468762,2022-06-23T10:36:42Z,-40.23,2.6,174.26,3.4,52.0,12.0,MLv,,,,2.4,0.2,20,2.4,nan,24,,,,2.4,0.2,24
2022p468767,2022-06-23T10:39:09Z,-40.93,2.5,175.5,2.8,18.0,5.0,MLv,,,,1.2,0.3,8,1.0,nan,5,,,,1.0,0.2,5
2022p468774,2022-06-23T10:43:12Z,-38.87,2.5,175.95,2.9,5.0,0.0,MLv,,,,1.7,0.1,13,1.8,nan,21,,,,1.8,0.1,21
2022p468804,2022-06-23T10:59:13Z,-45.04,4.2,167.41,5.4,83.0,8.0,MLv,,,,2.3,0.2,11,1.8,nan,3,,,,1.8,0.3,3
2022p468820,2022-06-23T11:07:41Z,-40.62,2.8,174.56,2.4,5.0,0.0,MLv,,,,2.1,0.2,13,2.3,nan,13,,,,2.3,0.1,13
2022p468836,2022-06-23T11:15:55Z,-38.79,2.4,176.01,2.5,5.0,0.0,MLv,,,,1.6,0.2,17,1.6,nan,13,,,,1.6,0.3,13
2022p468859,2022-06-23T11:28:26Z,-39.53,3.6,174.49,4.0,124.0,7.0,MLv,,,,1.5,0.2,7,2.1,nan,11,,,,2.1,0.3,11
2022p468888,2022-06-23T11:44:09Z,-38.62,6.6,175.71,8.8,136.0,12.0,MLv,,,,1.4,0.3,6,,,,,,,2.2,0.5,4
2022p468915,2022-06-23T11:59:14Z,-38.78,8.5,176.09,4.6,72.0,9.0,MLv,,,,1.6,0.3,12,,,,,,,1.7,0.3,6
2022p468920,2022-06-23T12:01:05Z,-40.32,2.8,176.41,3.5,16.0,6.0,MLv,,,,1.2,0.2,10,,,,,,,0.8,0.3,2
2022p468930,2022-06-23T12:06:22Z,-38.92,9.0,175.37,9.6,132.0,11.0,MLv,,,,1.2,0.8,4,,,,,,,1.1,0.3,6
2022p468946,2022-06-23T12:14:52Z,-39.23,2.8,175.38,3.7,13.0,5.0,MLv,,,,0.6,0.2,11,,,,,,,0.6,0.3,4
2022p468956,2022-06-23T12:19:56Z,-39.92,2.6,176.81,3.9,25.0,5.0,MLv,,,,1.4,0.2,10,,,,,,,1.5,0.2,5
2022p469060,2022-06-23T13:15:28Z,-37.81,13.4,176.33,13.4,148.0,21.0,MLv,,,,,,,1.9,nan,1,,,,1.9,nan,1
2022p469067,2022-06-23T13:19:54Z,-38.87,3.0,175.98,2.7,5.0,0.0,MLv,,,,1.6,0.1,12,1.6,nan,14,,,,1.6,0.2,14
2022p469077,2022-06-23T13:24:36Z,-43.67,4.5,170.0,6.4,5.0,0.0,ML,,,,2.1,0.2,8,,,,,,,,,
2022p469151,2022-06-23T14:03:50Z,-38.1,4.3,177.23,3.4,38.0,6.0,MLv,,,,2.0,0.2,16,2.0,nan,12,,,,2.0,0.1,12
2022p469161,2022-06-23T14:09:23Z,-38.49,2.6,176.15,2.4,4.0,3.0,MLv,,,,1.2,0.3,6,1.2,nan,6,,,,1.2,0.2,6
2022p469163,2022-06-23T14:10:33Z,-38.48,2.6,176.16,3.2,5.0,3.0,MLv,,,,1.4,0.4,8,1.3,nan,6,,,,1.3,0.3,6
2022p469166,2022-06-23T14:11:52Z,-41.29,2.7,175.2,2.9,15.0,6.0,MLv,,,,1.1,0.3,7,1.1,nan,4,,,,1.1,0.2,4
2022p469177,2022-06-23T14:17:58Z,-39.21,4.5,175.37,6.7,19.0,9.0,M,,,,0.6,0.2,12,0.7,nan,5,,,,0.7,0.2,5
2022p469186,2022-06-23T14:22:19Z,-39.09,3.6,174.55,2.1,16.0,5.0,MLv,,,,1.8,0.3,12,1.8,nan,6,,,,1.8,0.1,6
2022p469231,2022-06-23T14:46:47Z,-41.29,2.3,175.19,1.7,17.0,4.0,MLv,,,,2.4,0.2,11,2.4,nan,19,,,,2.4,0.2,19
2022p469261,2022-06-23T15:02:37Z,-39.6,3.5,176.1,3.4,28.0,6.0,MLv,,,,1.3,0.3,9,1.4,nan,7,,,,1.4,0.3,7
2022p469280,2022-06-23T15:12:34Z,-39.5,3.9,175.72,3.0,9.0,8.0,MLv,,,,0.9,0.3,9,1.1,nan,6,,,,1.1,0.3,6
2022p469304,2022-06-23T15:25:35Z,-42.44,2.7,172.1,3.4,1.0,4.0,MLv,,,,2.0,0.3,9,1.7,nan,2,,,,1.7,0.6,2
2022p469421,2022-06-23T16:27:44Z,-37.67,11.7,176.15,11.8,162.0,13.0,M,,,,2.0,0.2,7,2.0,nan,5,,,,2.0,0.3,5
2022p469441,2022-06-23T16:38:38Z,-41.02,3.7,174.78,3.2,20.0,5.0,MLv,,,,1.6,0.2,8,1.6,nan,5,,,,1.6,0.4,5
2022p469446,2022-06-23T16:40:52Z,-38.26,4.6,176.25,5.3,92.0,11.0,MLv,,,,1.7,0.2,8,1.4,nan,4,,,,1.4,0.5,4
2022p469480,2022-06-23T16:59:05Z,-37.93,5.7,175.82,7.3,242.0,8.0,MLv,,,,,,,2.0,nan,5,,,,2.0,0.7,5
2022p469524,2022-06-23T17:22:33Z,-38.53,3.2,176.22,3.5,8.0,9.0,MLv,,,,1.1,0.4,7,1.2,nan,6,,,,1.2,0.4,6
2022p469541,2022-06-23T17:31:53Z,-37.97,4.1,176.54,4.6,130.0,8.0,MLv,,,,2.0,0.2,19,2.0,nan,8,,,,2.0,0.2,8
2022p469566,2022-06-23T17:45:13Z,-39.52,5.0,175.71,4.6,10.0,8.0,MLv,,,,0.8,0.4,9,1.0,nan,2,,,,1.0,1.2,2
2022p469686,2022-06-23T18:49:11Z,-44.4,4.1,167.97,4.7,5.0,0.0,MLv,,,,2.5,0.1,7,,,,,,,2.7,0.2,4
2022p469699,2022-06-23T18:55:40Z,-41.03,3.2,175.95,3.4,22.0,5.0,MLv,,,,1.6,0.2,13,1.6,nan,6,,,,1.6,0.2,6
2022p469723,2022-06-23T19:08:30Z,-39.74,2.5,175.29,3.7,19.0,5.0,M,,,,1.8,0.2,15,1.9,nan,12,,,,1.9,0.1,12
2022p469820,2022-06-23T20:00:34Z,-39.4,4.2,176.06,3.7,63.0,6.0,MLv,,,,1.6,0.4,15,1.4,nan,7,,,,1.4,0.5,7
2022p469908,2022-06-23T20:47:12Z,-41.54,2.6,174.32,2.1,16.0,3.0,M,,,,2.1,0.2,16,2.2,nan,10,,,,2.2,0.2,10
2022p469983,2022-06-23T21:27:11Z,-40.6,3.4,175.86,3.5,22.0,6.0,MLv,,,,1.3,0.3,9,1.1,nan,4,,,,1.1,0.1,4
2022p470133,2022-06-23T22:46:56Z,-37.1,15.5,176.83,11.4,214.0,12.0,MLv,,,,,,,2.5,nan,6,,,,2.5,0.3,6
2022p470182,2022-06-23T23:13:07Z,-39.24,3.9,175.36,5.5,14.0,6.0,MLv,,,,0.9,0.3,13,,,,,,,0.9,0.3,3
2022p470225,2022-06-23T23:35:58Z,-38.57,5.7,175.83,5.6,140.0,8.0,MLv,,,,1.5,nan,1,,,,,,,3.6,0.4,90
2022p470389,2022-06-24T01:03:18Z,-38.43,3.7,177.04,3.4,40.0,7.0,M,,,,2.5,0.3,19,2.5,nan,18,,,,2.5,0.3,18
2022p470400,2022-06-24T01:08:58Z,-38.53,12.9,175.1,15.8,215.0,19.0,MLv,,,,2.9,0.3,4,2.3,nan,5,,,,2.3,0.3,5
2022p470425,2022-06-24T01:22:53Z,-44.84,3.8,168.67,2.3,5.0,0.0,M,,,,2.1,0.1,8,2.1,nan,2,,,,2.1,0.5,2
2022p470483,2022-06-24T01:53:46Z,-39.13,3.3,175.65,3.8,4.0,4.0,MLv,,,,1.4,0.5,10,1.6,nan,8,,,,1.6,0.4,8
2022p470770,2022-06-24T04:27:07Z,-38.78,4.0,175.93,3.5,12.0,0.0,M,,,,1.6,0.2,8,1.7,nan,7,,,,1.7,0.1,7
2022p470897,2022-06-24T05:34:20Z,-42.11,2.5,173.56,2.9,23.0,3.0,MLv,,,,2.1,0.2,9,1.8,nan,7,,,,1.8,0.4,7
2022p470922,2022-06-24T05:47:29Z,-38.8,3.3,175.92,4.5,5.0,0.0,MLv,,,,1.7,0.1,12,1.7,nan,13,,,,1.7,0.1,13
2022p470985,2022-06-24T06:20:58Z,-41.96,2.9,173.63,4.8,32.0,6.0,MLv,,,,1.9,0.2,9,1.6,nan,6,,,,1.6,0.2,6
2022p471006,2022-06-24T06:32:20Z,-40.2,2.5,176.07,3.3,17.0,4.0,MLv,,,,1.5,0.2,12,1.4,nan,9,,,,1.4,0.3,9
2022p471031,2022-06-24T06:45:49Z,-38.77,3.4,175.87,6.4,5.0,0.0,M,,,,1.6,0.2,7,1.5,nan,7,,,,1.5,0.2,7
2022p471051,2022-06-24T06:56:01Z,-44.81,4.7,167.72,5.2,34.0,6.0,M,,,,2.4,0.2,11,2.0,nan,3,,,,2.0,0.3,3
2022p471164,2022-06-24T07:56:39Z,-41.7,3.3,174.3,3.2,12.0,5.0,MLv,,,,1.5,0.5,6,1.0,nan,5,,,,1.0,0.5,5
2022p471192,2022-06-24T08:11:36Z,-38.66,2.1,176.08,2.8,5.0,3.0,M,,,,1.6,0.3,10,1.5,nan,7,,,,1.5,0.3,7
2022p471198,2022-06-24T08:14:33Z,-40.31,2.3,174.78,2.8,12.0,0.0,M,,,,2.6,0.2,12,2.4,nan,19,,,,2.4,0.2,19
2022p471231,2022-06-24T08:32:31Z,-38.86,2.7,175.98,2.3,5.0,0.0,MLv,,,,1.5,0.1,16,1.4,nan,12,,,,1.4,0.1,12
2022p471345,2022-06-24T09:33:09Z,-36.7,6.1,178.1,7.8,71.0,18.0,MLv,,,,3.0,0.2,16,,,,,,,3.3,0.2,31
2022p471437,2022-06-24T10:22:08Z,-41.29,2.8,175.13,2.1,18.0,5.0,MLv,,,,1.3,0.3,10,1.3,nan,7,,,,1.3,0.3,7
2022p471627,2022-06-24T12:02:55Z,-40.34,2.3,175.8,2.6,28.0,4.0,MLv,,,,1.8,0.2,12,1.8,nan,7,,,,1.8,0.3,7
2022p471669,2022-06-24T12:25:20Z,-39.48,4.4,174.46,4.7,123.0,9.0,M,,,,,,,2.3,nan,6,,,,2.3,0.2,6
2022p471756,2022-06-24T13:11:45Z,-37.96,7.3,176.09,6.8,128.0,12.0,MLv,,,,,,,2.0,nan,3,,,,2.0,0.1,3
2022p471851,2022-06-24T14:01:25Z,-34.15,5.9,-179.03,12.1,33.0,0.0,MLv,4.8,0.1,5,4.2,0.2,19,,,,4.0,0.4,5,4.3,0.1,15
2022p471870,2022-06-24T14:12:46Z,-38.79,3.2,175.91,3.5,5.0,0.0,MLv,,,,1.5,0.2,11,1.5,nan,7,,,,1.5,0.2,7
2022p471979,2022-06-24T15:10:54Z,-40.22,3.5,175.83,5.2,24.0,6.0,M,,,,1.2,0.4,9,2.0,nan,2,,,,2.0,0.6,2
2022p472020,2022-06-24T15:31:42Z,-33.7,19.9,-179.68,37.6,200.0,0.0,MLv,4.3,0.1,3,3.8,0.2,4,3.9,nan,3,3.4,0.4,3,3.9,0.0,2
2022p472042,2022-06-24T15:43:58Z,-39.23,5.5,175.37,5.9,18.0,10.0,MLv,,,,0.9,0.4,9,0.6,nan,4,,,,0.6,0.3,4
2022p472056,2022-06-24T15:51:39Z,-38.01,5.0,177.04,3.6,34.0,6.0,MLv,,,,1.8,0.1,12,1.9,nan,2,,,,1.9,0.3,2
2022p472098,2022-06-24T16:13:53Z,-38.61,7.2,175.47,4.6,152.0,8.0,MLv,,,,2.0,0.3,3,2.5,nan,19,,,,2.5,0.3,19
2022p472109,2022-06-24T16:20:01Z,-41.63,3.0,174.29,3.0,8.0,5.0,MLv,,,,1.8,0.3,9,1.3,nan,3,,,,1.3,0.2,3
2022p472143,2022-06-24T16:37:53Z,-36.05,16.5,178.11,15.0,170.0,23.0,MLv,,,,2.8,0.2,12,3.0,nan,2,,,,3.0,0.0,2
2022p472199,2022-06-24T17:07:41Z,-41.04,2.4,175.9,3.0,19.0,4.0,MLv,,,,1.8,0.1,12,1.9,nan,7,,,,1.9,0.1,7
2022p472209,2022-06-24T17:13:14Z,-42.14,1.7,172.3,1.9,5.0,0.0,MLv,,,,4.2,0.3,9,,,,,,,4.4,0.2,83
2022p472261,2022-06-24T17:40:48Z,-43.58,1.9,172.29,1.5,5.0,2.0,MLv,,,,4.1,0.2,9,,,,,,,4.0,0.2,43
2022p472353,2022-06-24T18:29:04Z,-33.52,14.1,179.75,17.2,200.0,0.0,MLv,4.3,0.1,5,3.9,0.1,11,3.9,nan,7,3.4,0.4,5,4.1,0.1,7
2022p472445,2022-06-24T19:20:05Z,-39.29,5.2,175.71,6.1,75.0,7.0,M,,,,1.7,0.8,17,2.3,nan,30,,,,2.3,0.6,30
2022p472512,2022-06-24T19:54:35Z,-39.87,3.0,176.69,3.7,30.0,6.0,M,,,,1.6,0.2,11,1.5,nan,6,,,,1.5,0.1,6
2022p472520,2022-06-24T19:58:59Z,-38.53,8.3,175.67,11.1,133.0,14.0,M,,,,1.7,0.2,7,2.0,nan,3,,,,2.0,0.4,3
2022p472600,2022-06-24T20:40:56Z,-36.6,25.4,177.69,29.3,185.0,28.0,M,,,,2.6,0.2,6,2.5,nan,1,,,,2.5,nan,1
2022p472621,2022-06-24T20:52:54Z,-39.31,8.2,177.85,5.9,24.0,7.0,MLv,,,,1.7,0.2,12,1.9,nan,3,,,,1.9,0.1,3
2022p472630,2022-06-24T20:57:33Z,-39.24,6.1,177.88,5.2,23.0,5.0,MLv,,,,1.8,0.3,12,1.8,nan,5,,,,1.8,0.3,5
2022p472745,2022-06-24T21:58:32Z,-35.71,23.9,179.56,25.7,147.0,45.0,MLv,,,,3.4,0.1,10,,,,,,,3.5,0.2,6
2022p472836,2022-06-24T22:47:25Z,-39.23,5.8,175.34,7.7,30.0,9.0,M,,,,0.8,0.1,7,0.7,nan,3,,,,0.7,0.1,3
2022p472857,2022-06-24T22:58:31Z,-38.11,5.2,175.9,6.3,170.0,8.0,MLv,,,,2.2,0.4,8,,,,,,,2.6,0.2,10
2022p472869,2022-06-24T23:04:41Z,-39.01,11.1,175.38,10.2,112.0,10.0,MLv,,,,1.3,0.6,7,1.5,nan,7,,,,1.5,0.6,7
2022p472912,2022-06-24T23:28:04Z,-37.86,10.6,176.19,10.8,177.0,11.0,M,,,,,,,2.0,nan,5,,,,2.0,0.2,5
2022p473002,2022-06-25T00:15:52Z,-43.1,3.6,172.93,4.3,20.0,4.0,M,,,,1.9,0.2,8,1.9,nan,3,,,,1.9,0.3,3
2022p473003,2022-06-25T00:16:03Z,-38.85,2.5,175.94,2.3,4.0,3.0,MLv,,,,2.1,0.2,18,2.1,nan,18,,,,2.1,0.1,18
2022p473006,2022-06-25T00:18:00Z,-38.81,8.8,175.93,4.4,5.0,0.0,M,,,,1.4,0.1,9,1.4,nan,4,,,,1.4,0.1,4
2022p473061,2022-06-25T00:47:10Z,-41.11,10.8,176.45,15.7,23.0,10.0,M,,,,1.7,0.1,10,1.9,nan,2,,,,1.9,0.1,2
2022p473076,2022-06-25T00:55:01Z,-43.65,4.3,172.41,2.2,5.0,0.0,M,,,,2.1,0.2,9,2.5,nan,5,,,,2.5,0.4,5
2022p473090,2022-06-25T01:02:22Z,-39.9,3.9,174.72,3.7,86.0,9.0,M,,,,2.3,0.3,15,2.4,nan,17,,,,2.4,0.2,17
2022p473218,2022-06-25T02:10:51Z,-40.52,3.1,175.83,2.8,17.0,5.0,MLv,,,,1.5,0.2,10,1.5,nan,6,,,,1.5,0.3,6
2022p473247,2022-06-25T02:26:25Z,-39.39,4.2,175.21,4.6,77.0,8.0,MLv,,,,1.7,0.4,16,1.7,nan,4,,,,1.7,0.5,4
2022p473252,2022-06-25T02:29:07Z,-42.12,3.6,172.76,4.4,45.0,10.0,M,,,,2.0,0.2,8,2.2,nan,2,,,,2.2,0.1,2
2022p473280,2022-06-25T02:44:11Z,-38.81,3.9,175.97,3.2,5.0,0.0,M,,,,1.3,0.2,7,1.0,nan,2,,,,1.0,0.0,2
2022p473288,2022-06-25T02:48:18Z,-39.23,3.5,175.41,3.7,7.0,7.0,MLv,,,,1.1,0.1,12,1.2,nan,10,,,,1.2,0.2,10
2022p473304,2022-06-25T02:56:45Z,-40.44,3.3,174.98,5.2,2.0,4.0,M,,,,1.8,0.2,9,1.7,nan,1,,,,1.7,nan,1
2022p473307,2022-06-25T02:58:16Z,-40.87,3.1,175.61,3.0,22.0,6.0,MLv,,,,1.3,0.2,7,1.4,nan,4,,,,1.4,0.4,4
2022p473316,2022-06-25T03:02:48Z,-40.27,2.8,176.11,4.0,41.0,7.0,MLv,,,,1.9,0.1,12,2.0,nan,13,,,,2.0,0.2,13
2022p473389,2022-06-25T03:42:06Z,-38.27,4.8,175.96,11.8,145.0,13.0,MLv,,,,1.0,nan,1,,,,,,,2.5,0.4,15
2022p473461,2022-06-25T04:20:23Z,-39.47,5.0,175.72,4.4,48.0,10.0,M,,,,1.0,0.5,9,0.8,nan,3,,,,0.8,0.6,3
2022p473506,2022-06-25T04:44:17Z,-41.59,3.2,174.39,2.5,5.0,0.0,MLv,,,,1.9,0.2,10,1.9,nan,6,,,,1.9,0.2,6
2022p473543,2022-06-25T05:03:48Z,-39.89,3.4,176.62,3.9,30.0,7.0,MLv,,,,1.2,0.3,9,1.2,nan,6,,,,1.2,0.2,6
2022p473565,2022-06-25T05:15:45Z,-38.78,3.2,175.9,3.3,5.0,0.0,MLv,,,,1.4,0.1,12,1.5,nan,7,,,,1.5,0.2,7
2022p473581,2022-06-25T05:24:25Z,-41.49,3.3,174.22,2.8,46.0,5.0,MLv,,,,2.8,0.2,19,,,,,,,2.8,0.2,31
2022p473586,2022-06-25T05:27:09Z,-38.96,8.7,174.97,8.0,188.0,7.0,MLv,,,,,,,2.5,nan,8,,,,2.5,0.3,8
2022p473610,2022-06-25T05:39:42Z,-41.0,3.1,175.23,3.5,22.0,6.0,M,,,,2.3,0.2,8,2.3,nan,7,,,,2.3,0.3,7
2022p473725,2022-06-25T06:40:48Z,-38.07,4.6,176.75,3.6,3.0,4.0,MLv,,,,1.4,0.2,8,1.3,nan,4,,,,1.3,0.2,4
2022p473773,2022-06-25T07:06:55Z,-38.06,4.3,176.72,2.8,4.0,3.0,MLv,,,,1.6,0.2,12,1.7,nan,5,,,,1.7,0.2,5
2022p473829,2022-06-25T07:36:23Z,-37.92,6.6,176.73,8.1,129.0,9.0,MLv,,,,1.6,0.2,4,1.7,nan,2,,,,1.7,0.3,2
2022p473831,2022-06-25T07:37:33Z,-34.76,21.5,179.56,17.7,236.0,44.0,MLv,,,,,,,,,,,,,4.1,0.1,9
2022p473867,2022-06-25T07:56:21Z,-36.9,12.8,177.44,13.3,177.0,13.0,MLv,,,,2.6,0.5,3,2.3,nan,3,,,,2.3,0.4,3
2022p473869,2022-06-25T07:57:42Z,-39.19,4.6,177.32,3.1,23.0,5.0,M,,,,1.7,0.2,12,1.8,nan,5,,,,1.8,0.3,5
2022p473871,2022-06-25T07:58:33Z,-42.55,6.9,176.26,6.3,33.0,0.0,ML,,,,2.4,0.2,2,,,,,,,,,
2022p473892,2022-06-25T08:09:57Z,-41.71,2.3,174.13,3.0,12.0,4.0,M,,,,1.9,0.3,7,1.9,nan,3,,,,1.9,0.4,3
2022p473974,2022-06-25T08:53:38Z,-38.1,9.8,176.15,10.5,142.0,11.0,MLv,,,,1.7,0.3,7,1.5,nan,4,,,,1.5,0.1,4
2022p473996,2022-06-25T09:05:30Z,-39.4,4.8,174.41,5.1,137.0,6.0,MLv,,,,1.8,0.3,8,2.5,nan,18,,,,2.5,0.4,18
2022p474051,2022-06-25T09:34:38Z,-41.23,2.6,175.25,3.5,19.0,6.0,MLv,,,,1.3,0.3,9,1.0,nan,6,,,,1.0,0.1,6
2022p474092,2022-06-25T09:56:40Z,-39.21,4.3,175.34,8.6,12.0,14.0,M,,,,0.5,0.5,6,0.5,nan,4,,,,0.5,0.2,4
2022p474117,2022-06-25T10:09:35Z,-38.89,8.2,175.12,7.6,175.0,9.0,M,,,,1.7,0.3,6,2.6,nan,5,,,,2.6,0.5,5
2022p474135,2022-06-25T10:18:35Z,-33.15,27.7,179.89,35.7,398.0,39.0,MLv,4.1,0.1,11,3.8,0.1,10,3.5,nan,11,3.2,0.4,11,4.0,0.1,4
2022p474145,2022-06-25T10:24:50Z,-38.66,5.1,176.28,6.6,83.0,9.0,M,,,,1.6,0.4,18,2.1,nan,32,,,,2.1,0.3,32
2022p474151,2022-06-25T10:28:00Z,-38.22,9.6,176.13,7.3,156.0,10.0,MLv,,,,2.0,0.6,6,,,,,,,2.2,0.3,15
2022p474170,2022-06-25T10:38:03Z,-40.37,3.4,174.18,3.6,62.0,12.0,MLv,,,,2.1,0.3,13,2.0,nan,5,,,,2.0,0.7,5
2022p474229,2022-06-25T11:09:23Z,-37.02,8.5,177.32,5.3,5.0,0.0,M,,,,2.3,0.2,13,2.2,nan,3,,,,2.2,0.2,3
2022p474248,2022-06-25T11:19:29Z,-40.85,4.2,176.57,6.3,17.0,5.0,MLv,,,,1.6,0.2,12,1.8,nan,4,,,,1.8,0.5,4
2022p474314,2022-06-25T11:54:44Z,-42.11,2.7,173.57,3.1,25.0,4.0,M,,,,2.0,0.3,6,2.2,nan,7,,,,2.2,0.3,7
2022p474374,2022-06-25T12:26:42Z,-39.6,3.2,176.22,3.0,27.0,5.0,MLv,,,,2.6,0.3,17,2.5,nan,37,,,,2.5,0.2,37
2022p474410,2022-06-25T12:46:01Z,-38.78,3.0,175.91,4.7,6.0,9.0,M,,,,1.6,0.2,12,1.6,nan,11,,,,1.6,0.2,11
2022p474435,2022-06-25T12:59:25Z,-42.17,2.2,173.61,2.7,5.0,0.0,MLv,,,,1.8,0.3,9,1.5,nan,4,,,,1.5,0.1,4
2022p474444,2022-06-25T13:03:54Z,-38.79,2.9,175.91,4.1,9.0,7.0,MLv,,,,1.6,0.2,13,,,,,,,1.5,0.2,11
2022p474457,2022-06-25T13:11:01Z,-40.88,2.5,175.79,2.7,21.0,4.0,MLv,,,,1.9,0.2,13,2.0,nan,13,,,,2.0,0.1,13
2022p474477,2022-06-25T13:21:37Z,-36.6,6.6,178.03,7.8,147.0,10.0,MLv,,,,3.2,0.2,15,,,,,,,3.2,0.2,22
2022p474503,2022-06-25T13:35:39Z,-38.84,4.3,176.01,2.8,4.0,4.0,M,,,,1.4,0.1,13,1.4,nan,5,,,,1.4,0.1,5
2022p474572,2022-06-25T14:12:21Z,-41.55,3.4,175.29,3.1,13.0,6.0,M,,,,2.2,0.1,8,2.1,nan,7,,,,2.1,0.1,7
2022p474579,2022-06-25T14:16:07Z,-40.11,2.2,174.95,3.4,14.0,5.0,MLv,,,,1.8,0.1,18,1.8,nan,7,,,,1.8,0.3,7
2022p474597,2022-06-25T14:25:29Z,-41.09,2.8,175.18,2.2,22.0,4.0,M,,,,1.9,0.2,13,2.0,nan,10,,,,2.0,0.2,10
2022p474680,2022-06-25T15:10:00Z,-41.75,3.6,174.25,4.0,8.0,4.0,MLv,,,,1.6,0.4,8,1.0,nan,5,,,,1.0,0.5,5
2022p474728,2022-06-25T15:35:13Z,-43.61,2.4,172.67,2.3,5.0,5.0,MLv,,,,1.4,0.2,7,1.3,nan,2,,,,1.3,0.3,2
2022p474756,2022-06-25T15:50:25Z,-37.97,3.7,176.46,3.4,7.0,6.0,MLv,,,,1.6,0.3,10,1.4,nan,8,,,,1.4,0.3,8
2022p474773,2022-06-25T16:00:03Z,-39.5,3.5,175.71,3.0,8.0,7.0,MLv,,,,1.1,0.4,12,1.1,nan,12,,,,1.1,0.2,12
2022p474807,2022-06-25T16:17:17Z,-42.03,2.6,173.75,2.7,5.0,0.0,MLv,,,,1.9,0.2,9,1.9,nan,3,,,,1.9,0.1,3
2022p474819,2022-06-25T16:23:48Z,-39.72,3.4,176.78,4.1,36.0,7.0,MLv,,,,1.3,0.3,11,1.1,nan,6,,,,1.1,0.2,6
2022p474827,2022-06-25T16:28:12Z,-38.28,9.9,175.85,12.3,150.0,10.0,MLv,,,,,,,1.8,nan,2,,,,1.8,0.0,2
2022p474867,2022-06-25T16:49:21Z,-37.97,9.0,176.81,9.4,98.0,7.0,MLv,,,,1.8,0.1,8,1.6,nan,8,,,,1.6,0.2,8
2022p474913,2022-06-25T17:14:00Z,-40.17,2.6,176.17,2.9,25.0,6.0,M,,,,1.7,0.3,11,1.6,nan,11,,,,1.6,0.2,11
2022p474929,2022-06-25T17:22:21Z,-43.43,2.9,171.27,2.6,5.0,0.0,M,,,,1.8,0.3,8,1.8,nan,2,,,,1.8,0.2,2
2022p474963,2022-06-25T17:40:30Z,-39.27,5.3,175.15,3.2,25.0,6.0,MLv,,,,1.5,0.4,13,1.2,nan,12,,,,1.2,0.2,12
2022p475001,2022-06-25T18:00:51Z,-39.86,3.6,176.53,4.4,35.0,8.0,MLv,,,,1.0,0.3,8,1.0,nan,7,,,,1.0,0.4,7
2022p475007,2022-06-25T18:04:14Z,-41.25,7.1,172.71,7.6,118.0,8.0,M,,,,1.6,0.2,6,1.4,nan,4,,,,1.4,0.6,4
2022p475037,2022-06-25T18:19:48Z,-38.79,3.8,175.9,4.8,5.0,0.0,M,,,,1.2,0.1,9,1.3,nan,7,,,,1.3,0.2,7
2022p475069,2022-06-25T18:36:48Z,-37.28,7.6,-179.06,5.6,33.0,0.0,MLv,,,,4.4,0.3,19,,,,,,,4.6,0.2,68
2022p475081,2022-06-25T18:43:32Z,-41.55,3.5,175.3,3.0,13.0,5.0,MLv,,,,1.6,0.2,7,1.4,nan,7,,,,1.4,0.2,7
2022p475102,2022-06-25T18:54:34Z,-41.32,6.2,173.7,4.7,41.0,9.0,M,,,,1.7,0.3,7,1.7,nan,3,,,,1.7,0.4,3
2022p475143,2022-06-25T19:16:41Z,-37.67,14.3,179.75,9.7,12.0,0.0,M,,,,2.6,0.1,11,2.6,nan,5,,,,2.6,0.1,5
2022p475152,2022-06-25T19:21:03Z,-40.13,3.7,174.21,5.3,83.0,12.0,M,,,,2.1,0.2,6,1.8,nan,3,,,,1.8,0.2,3
2022p475214,2022-06-25T19:54:14Z,-38.85,5.2,175.93,5.9,5.0,0.0,M,,,,1.1,0.2,8,1.3,nan,6,,,,1.3,0.1,6
2022p475231,2022-06-25T20:03:28Z,-39.07,4.3,173.88,5.3,5.0,0.0,M,,,,2.0,0.1,7,2.2,nan,6,,,,2.2,0.2,6
2022p475240,2022-06-25T20:08:02Z,-45.12,5.9,167.5,6.1,64.0,9.0,M,,,,2.5,0.3,9,2.1,nan,3,,,,2.1,0.3,3
2022p475337,2022-06-25T20:59:37Z,-38.36,3.2,177.99,3.5,20.0,4.0,M,,,,2.1,0.1,12,2.1,nan,10,,,,2.1,0.2,10
2022p475401,2022-06-25T21:34:08Z,-43.23,2.4,171.58,2.1,5.0,0.0,MLv,,,,2.5,0.3,8,,,,,,,2.9,0.1,13
2022p475463,2022-06-25T22:07:28Z,-38.06,15.7,176.24,17.2,170.0,15.0,M,,,,1.8,0.3,7,1.8,nan,3,,,,1.8,0.4,3
2022p475470,2022-06-25T22:10:40Z,-38.85,19.9,175.73,10.9,79.0,29.0,M,,,,1.2,0.4,7,1.3,nan,3,,,,1.3,0.4,3
2022p475486,2022-06-25T22:19:23Z,-43.23,2.5,171.58,3.0,5.0,0.0,M,,,,1.8,0.3,8,1.8,nan,3,,,,1.8,0.3,3
2022p475503,2022-06-25T22:28:07Z,-40.6,3.4,175.87,3.2,19.0,5.0,M,,,,1.3,0.3,12,1.3,nan,4,,,,1.3,0.1,4
2022p475532,2022-06-25T22:43:55Z,-38.88,8.6,175.31,12.2,95.0,15.0,M,,,,1.5,0.5,6,1.4,nan,5,,,,1.4,0.4,5
2022p475538,2022-06-25T22:46:40Z,-37.49,10.9,-179.97,6.9,33.0,0.0,MLv,,,,3.0,0.2,14,,,,,,,3.1,0.2,9
2022p475558,2022-06-25T22:57:24Z,-41.75,3.1,174.19,2.7,15.0,4.0,M,,,,1.8,0.3,7,2.1,nan,6,,,,2.1,0.3,6
2022p475614,2022-06-25T23:27:15Z,-40.31,4.5,174.42,5.5,49.0,15.0,MLv,,,,2.4,0.2,12,2.4,nan,7,,,,2.4,0.2,7
2022p475637,2022-06-25T23:39:43Z,-38.8,3.4,175.91,4.1,5.0,0.0,M,,,,1.4,0.1,12,1.4,nan,9,,,,1.4,0.1,9
2022p475702,2022-06-26T00:14:09Z,-38.8,3.7,175.91,5.0,10.0,10.0,M,,,,1.7,0.2,10,1.7,nan,13,,,,1.7,0.2,13
2022p475704,2022-06-26T00:15:06Z,-44.09,3.6,168.71,4.5,5.0,0.0,M,,,,2.4,0.1,7,2.3,nan,2,,,,2.3,0.5,2
2022p475723,2022-06-26T00:25:45Z,-39.91,3.6,176.51,3.8,26.0,8.0,M,,,,1.1,0.4,7,1.0,nan,4,,,,1.0,0.3,4
2022p475804,2022-06-26T01:08:38Z,-41.21,6.6,172.65,6.4,121.0,7.0,M,,,,,,,2.4,nan,11,,,,2.4,0.3,11
2022p475852,2022-06-26T01:34:08Z,-35.72,17.9,178.29,16.3,209.0,20.0,MLv,,,,3.4,0.4,8,3.4,nan,8,,,,3.4,0.2,8
2022p475898,2022-06-26T01:58:55Z,-40.25,2.9,176.15,5.7,40.0,6.0,MLv,,,,1.5,0.1,9,1.5,nan,7,,,,1.5,0.2,7
2022p475953,2022-06-26T02:27:46Z,-37.25,8.0,177.03,8.0,137.0,11.0,MLv,,,,2.1,0.2,6,2.2,nan,4,,,,2.2,0.1,4
2022p476021,2022-06-26T03:04:09Z,-39.21,3.2,175.38,4.6,14.0,6.0,M,,,,0.8,0.5,7,0.8,nan,5,,,,0.8,0.3,5
2022p476027,2022-06-26T03:07:14Z,-39.72,3.0,174.46,3.6,101.0,7.0,MLv,,,,4.0,0.3,17,4.0,nan,103,,,,4.0,0.2,103
2022p476082,2022-06-26T03:36:44Z,-40.59,2.6,175.86,2.7,25.0,4.0,MLv,,,,1.5,0.2,12,1.6,nan,9,,,,1.6,0.3,9
2022p476257,2022-06-26T05:09:57Z,-41.0,2.6,175.41,3.1,22.0,7.0,MLv,,,,0.8,0.2,7,0.7,nan,5,,,,0.7,0.3,5
2022p476281,2022-06-26T05:22:48Z,-39.54,4.4,175.55,4.7,12.0,0.0,M,,,,0.6,0.3,7,0.7,nan,3,,,,0.7,0.5,3
2022p476293,2022-06-26T05:29:02Z,-38.78,2.2,175.99,2.8,5.0,0.0,MLv,,,,1.7,0.2,18,1.7,nan,18,,,,1.7,0.2,18
2022p476340,2022-06-26T05:54:03Z,-40.65,6.6,173.25,5.7,134.0,8.0,MLv,,,,,,,2.2,nan,7,,,,2.2,0.2,7
2022p476348,2022-06-26T05:58:18Z,-39.02,4.2,177.76,3.7,26.0,5.0,M,,,,2.1,0.3,10,2.0,nan,9,,,,2.0,0.2,9
2022p476483,2022-06-26T07:10:34Z,-39.93,2.4,175.34,3.3,14.0,5.0,MLv,,,,1.6,0.2,16,1.7,nan,6,,,,1.7,0.2,6
2022p476494,2022-06-26T07:16:05Z,-38.63,2.5,177.63,2.9,24.0,6.0,MLv,,,,1.8,0.1,13,1.7,nan,10,,,,1.7,0.2,10
2022p476496,2022-06-26T07:17:16Z,-36.56,10.7,177.79,10.0,154.0,15.0,M,,,,2.5,0.2,12,2.5,nan,7,,,,2.5,0.1,7
2022p476522,2022-06-26T07:31:06Z,-39.73,3.8,174.98,6.1,22.0,5.0,M,,,,1.7,0.3,9,1.8,nan,2,,,,1.8,0.0,2
2022p476535,2022-06-26T07:38:14Z,-38.82,2.9,175.87,5.3,7.0,8.0,MLv,,,,1.3,0.2,12,1.2,nan,6,,,,1.2,0.1,6
2022p476564,2022-06-26T07:53:38Z,-37.0,9.4,177.36,9.1,156.0,10.0,MLv,,,,2.1,0.2,12,2.3,nan,6,,,,2.3,0.2,6
2022p476634,2022-06-26T08:31:06Z,-40.25,1.8,174.34,2.5,12.0,0.0,MLv,,,,2.2,0.2,28,2.1,nan,11,,,,2.1,0.1,11
2022p476683,2022-06-26T08:57:02Z,-39.63,6.9,174.54,5.6,132.0,11.0,MLv,,,,2.0,0.2,6,2.0,nan,6,,,,2.0,0.2,6
2022p476735,2022-06-26T09:24:42Z,-38.63,2.2,176.38,3.6,4.0,3.0,M,,,,1.9,0.2,11,1.9,nan,9,,,,1.9,0.3,9
2022p476775,2022-06-26T09:46:05Z,-39.47,3.9,177.04,5.4,24.0,6.0,M,,,,1.2,0.2,8,1.3,nan,2,,,,1.3,0.0,2
2022p476826,2022-06-26T10:13:01Z,-40.61,3.5,174.56,2.7,12.0,0.0,M,,,,2.1,0.1,12,2.1,nan,10,,,,2.1,0.2,10
2022p476827,2022-06-26T10:13:34Z,-39.82,3.5,174.25,3.9,119.0,7.0,MLv,,,,,,,1.8,nan,8,,,,1.8,0.2,8
2022p476855,2022-06-26T10:28:43Z,-41.48,3.6,172.99,3.6,66.0,6.0,MLv,,,,3.6,0.4,7,,,,,,,3.9,0.2,81
2022p476887,2022-06-26T10:45:37Z,-37.29,4.6,177.74,5.6,91.0,9.0,MLv,,,,2.6,0.3,17,,,,,,,2.8,0.2,32
2022p476907,2022-06-26T10:56:27Z,-41.23,3.0,175.03,2.3,20.0,5.0,MLv,,,,2.2,0.1,6,2.3,nan,13,,,,2.3,0.2,13
2022p476930,2022-06-26T11:08:48Z,-38.07,7.4,176.08,5.7,163.0,10.0,MLv,,,,2.0,0.2,7,2.6,nan,30,,,,2.6,0.3,30
2022p476980,2022-06-26T11:35:01Z,-39.27,4.2,175.02,3.0,20.0,9.0,MLv,,,,1.5,0.4,7,1.6,nan,3,,,,1.6,0.3,3
2022p476983,2022-06-26T11:36:32Z,-41.76,4.0,173.3,3.4,32.0,7.0,M,,,,1.9,0.3,7,2.0,nan,5,,,,2.0,0.3,5
2022p477035,2022-06-26T12:04:33Z,-37.79,4.1,177.54,3.0,30.0,5.0,MLv,,,,2.6,0.3,19,,,,,,,2.7,0.3,42
2022p477052,2022-06-26T12:13:37Z,-39.55,5.6,177.37,5.1,21.0,7.0,M,,,,1.7,0.2,12,1.6,nan,3,,,,1.6,0.1,3
2022p477192,2022-06-26T13:28:10Z,-40.48,2.0,175.97,2.6,11.0,4.0,MLv,,,,2.0,0.2,13,,,,,,,2.1,0.2,14
2022p477201,2022-06-26T13:32:48Z,-39.38,5.1,175.64,4.2,12.0,8.0,M,,,,0.5,0.3,8,0.4,nan,4,,,,0.4,0.5,4
2022p477205,2022-06-26T13:36:35Z,-39.23,3.3,175.35,6.6,10.0,9.0,MLv,,,,0.6,0.2,9,0.5,nan,6,,,,0.5,0.3,6
2022p477215,2022-06-26T13:40:15Z,-39.46,5.3,175.55,5.4,5.0,0.0,MLv,,,,0.5,0.5,7,0.2,nan,6,,,,0.2,0.4,6
2022p477290,2022-06-26T14:20:13Z,-40.26,6.4,173.58,4.9,166.0,8.0,M,,,,1.9,0.2,6,2.3,nan,6,,,,2.3,0.2,6
2022p477354,2022-06-26T14:54:39Z,-39.32,4.9,175.35,5.6,25.0,8.0,M,,,,1.0,0.3,10,1.1,nan,7,,,,1.1,0.1,7
2022p477368,2022-06-26T15:02:03Z,-38.04,5.1,176.57,3.6,10.0,9.0,M,,,,1.6,0.3,11,1.5,nan,8,,,,1.5,0.3,8
2022p477369,2022-06-26T15:02:21Z,-43.58,3.0,172.64,3.1,3.0,5.0,MLv,,,,1.4,0.2,5,1.5,nan,6,,,,1.5,0.1,6
2022p477374,2022-06-26T15:04:52Z,-39.25,4.0,175.18,4.1,5.0,0.0,MLv,,,,1.2,0.4,10,1.0,nan,3,,,,1.0,0.2,3
2022p477383,2022-06-26T15:10:07Z,-38.94,4.2,177.87,5.0,33.0,7.0,M,,,,1.8,0.3,10,1.9,nan,11,,,,1.9,0.2,11
2022p477399,2022-06-26T15:18:21Z,-42.53,5.7,173.89,9.7,24.0,7.0,MLv,,,,2.0,0.2,6,1.9,nan,4,,,,1.9,0.4,4
2022p477475,2022-06-26T15:59:06Z,-45.24,5.1,167.19,6.2,18.0,6.0,ML,,,,1.8,0.2,4,3.3,nan,1,,,,3.3,nan,1
2022p477487,2022-06-26T16:05:16Z,-37.46,18.3,-179.96,15.0,12.0,0.0,M,,,,2.5,0.2,12,2.2,nan,2,,,,2.2,0.0,2
2022p477519,2022-06-26T16:22:45Z,-38.78,6.8,175.86,12.3,18.0,25.0,M,,,,1.6,0.2,7,1.5,nan,6,,,,1.5,0.2,6
2022p477529,2022-06-26T16:28:01Z,-38.78,6.9,175.9,8.8,16.0,19.0,M,,,,1.4,0.2,11,1.4,nan,7,,,,1.4,0.2,7
2022p477610,2022-06-26T17:10:41Z,-38.79,2.3,175.91,3.5,5.0,0.0,MLv,,,,1.5,0.2,12,1.5,nan,9,,,,1.5,0.2,9
2022p477673,2022-06-26T17:44:27Z,-38.38,3.2,178.16,3.9,18.0,5.0,MLv,,,,1.6,0.2,10,1.4,nan,6,,,,1.4,0.3,6
2022p477694,2022-06-26T17:55:30Z,-39.73,3.2,176.8,4.5,34.0,7.0,MLv,,,,1.5,0.3,13,1.4,nan,10,,,,1.4,0.2,10
2022p477704,2022-06-26T18:01:10Z,-41.65,2.4,174.24,3.4,7.0,4.0,M,,,,1.6,0.2,9,1.4,nan,3,,,,1.4,0.1,3
2022p477707,2022-06-26T18:02:18Z,-41.65,2.5,174.24,3.7,7.0,4.0,MLv,,,,1.6,0.2,8,1.3,nan,4,,,,1.3,0.1,4
2022p477791,2022-06-26T18:47:27Z,-39.43,5.0,177.55,3.8,21.0,6.0,M,,,,1.8,0.1,12,1.8,nan,5,,,,1.8,0.2,5
2022p477817,2022-06-26T19:00:59Z,-39.45,5.6,175.73,5.3,54.0,9.0,MLv,,,,1.0,0.4,13,1.1,nan,6,,,,1.1,0.4,6
2022p477924,2022-06-26T19:58:09Z,-43.51,2.6,173.01,4.4,5.0,0.0,M,,,,2.2,0.1,8,2.4,nan,6,,,,2.4,0.3,6
2022p477970,2022-06-26T20:22:28Z,-37.13,5.0,178.94,8.4,5.0,0.0,MLv,,,,2.9,0.3,12,,,,,,,2.9,0.2,13
2022p478048,2022-06-26T21:04:09Z,-42.73,4.0,172.01,2.3,5.0,0.0,M,,,,2.1,0.2,11,2.3,nan,3,,,,2.3,0.4,3
2022p478109,2022-06-26T21:36:42Z,-37.65,10.8,176.45,10.1,117.0,15.0,MLv,,,,,,,2.0,nan,4,,,,2.0,0.2,4
2022p478176,2022-06-26T22:12:16Z,-37.3,4.3,177.73,4.6,12.0,0.0,M,,,,2.5,0.3,13,2.6,nan,7,,,,2.6,0.3,7
2022p478193,2022-06-26T22:21:18Z,-38.1,4.6,178.4,5.3,10.0,7.0,MLv,,,,1.8,0.1,6,1.8,nan,6,,,,1.8,0.2,6
2022p478194,2022-06-26T22:21:45Z,-38.75,4.1,175.89,5.7,19.0,8.0,MLv,,,,1.6,0.2,6,1.5,nan,6,,,,1.5,0.1,6
2022p478201,2022-06-26T22:25:51Z,-39.23,3.3,175.38,5.6,11.0,7.0,M,,,,0.7,0.1,13,0.7,nan,5,,,,0.7,0.1,5
2022p478231,2022-06-26T22:41:19Z,-34.09,8.3,179.53,16.3,100.0,0.0,MLv,,,,3.7,0.3,7,,,,,,,3.9,0.2,7
2022p478244,2022-06-26T22:48:26Z,-41.25,4.5,174.34,2.6,42.0,5.0,M,,,,4.3,0.2,17,4.3,nan,31,,,,4.3,0.2,31
2022p478261,2022-06-26T22:57:38Z,-40.24,2.7,176.14,3.2,24.0,5.0,MLv,,,,2.1,0.2,13,2.2,nan,21,,,,2.2,0.2,21
2022p478275,2022-06-26T23:05:08Z,-40.12,2.7,176.27,4.2,25.0,7.0,M,,,,2.3,0.1,10,2.3,nan,24,,,,2.3,0.2,24
2022p478346,2022-06-26T23:43:11Z,-39.48,7.4,175.62,6.1,15.0,8.0,M,,,,1.0,0.2,12,0.7,nan,4,,,,0.7,0.5,4
2022p478363,2022-06-26T23:51:50Z,-40.97,2.7,175.36,3.1,16.0,7.0,MLv,,,,1.4,0.2,7,1.2,nan,5,,,,1.2,0.2,5
2022p478441,2022-06-27T00:33:31Z,-39.58,4.1,176.92,4.4,24.0,8.0,M,,,,1.8,0.2,10,1.7,nan,8,,,,1.7,0.2,8
2022p478462,2022-06-27T00:44:59Z,-37.0,12.2,179.13,13.2,33.0,0.0,MLv,,,,2.7,0.2,11,,,,,,,2.7,0.1,7
2022p478547,2022-06-27T01:30:06Z,-39.12,3.4,177.47,2.7,22.0,5.0,MLv,,,,2.2,0.3,13,2.2,nan,10,,,,2.2,0.2,10
2022p478564,2022-06-27T01:39:07Z,-39.21,3.8,175.34,5.0,15.0,9.0,M,,,,1.1,0.3,8,1.1,nan,8,,,,1.1,0.2,8
2022p478673,2022-06-27T02:37:12Z,-41.29,3.7,174.86,3.6,28.0,7.0,M,,,,1.6,0.4,2,2.1,nan,10,,,,2.1,0.2,10
2022p478778,2022-06-27T03:33:11Z,-39.54,4.5,177.38,7.7,22.0,8.0,M,,,,1.9,0.2,8,1.9,nan,8,,,,1.9,0.1,8
2022p479012,2022-06-27T05:37:33Z,-36.79,21.7,176.89,21.0,243.0,19.0,M,,,,,,,2.5,nan,4,,,,2.5,0.6,4
2022p479031,2022-06-27T05:47:57Z,-39.95,3.5,176.67,3.6,27.0,5.0,M,,,,1.5,0.3,11,1.3,nan,5,,,,1.3,0.2,5
2022p479147,2022-06-27T06:49:35Z,-38.06,4.6,176.69,3.5,4.0,5.0,M,,,,1.7,0.2,10,1.7,nan,6,,,,1.7,0.2,6
2022p479164,2022-06-27T06:58:59Z,-38.72,2.6,177.35,2.4,28.0,5.0,MLv,,,,2.2,0.2,16,2.1,nan,15,,,,2.1,0.2,15
2022p479167,2022-06-27T07:00:09Z,-36.93,5.6,176.27,7.0,12.0,0.0,M,,,,1.9,0.3,7,2.2,nan,6,,,,2.2,0.2,6
2022p479236,2022-06-27T07:37:05Z,-36.93,4.5,176.23,6.0,12.0,0.0,M,,,,2.2,0.3,10,2.3,nan,6,,,,2.3,0.2,6
2022p479285,2022-06-27T08:03:17Z,-40.69,5.5,174.4,3.5,45.0,9.0,M,,,,2.0,0.2,13,1.9,nan,3,,,,1.9,0.1,3
2022p479335,2022-06-27T08:29:56Z,-40.22,3.2,176.2,6.1,41.0,8.0,M,,,,1.3,0.2,8,1.3,nan,7,,,,1.3,0.2,7
2022p479384,2022-06-27T08:56:10Z,-40.64,3.8,175.51,4.0,28.0,8.0,M,,,,2.1,0.3,7,2.1,nan,18,,,,2.1,0.2,18
2022p479407,2022-06-27T09:08:28Z,-42.31,4.1,173.9,3.5,5.0,0.0,M,,,,2.1,0.2,12,2.2,nan,6,,,,2.2,0.3,6
2022p479429,2022-06-27T09:20:11Z,-42.27,3.5,173.82,5.5,6.0,4.0,M,,,,2.0,0.2,9,1.8,nan,2,,,,1.8,0.3,2
2022p479448,2022-06-27T09:30:21Z,-38.84,3.3,175.95,2.8,5.0,0.0,M,,,,1.5,0.1,13,1.6,nan,14,,,,1.6,0.1,14
2022p479496,2022-06-27T09:55:51Z,-41.2,5.8,172.99,5.9,109.0,7.0,M,,,,,,,2.6,nan,13,,,,2.6,0.4,13
2022p479508,2022-06-27T10:01:55Z,-39.58,3.1,176.35,3.4,54.0,5.0,MLv,,,,2.4,0.3,25,,,,,,,2.5,0.2,42
2022p479527,2022-06-27T10:12:01Z,-38.64,5.5,178.59,7.1,23.0,7.0,MLv,,,,1.9,0.2,11,1.7,nan,4,,,,1.7,0.3,4
2022p479551,2022-06-27T10:25:02Z,-41.11,3.2,175.1,2.7,26.0,5.0,M,,,,1.5,0.2,10,1.3,nan,7,,,,1.3,0.1,7
2022p479581,2022-06-27T10:41:06Z,-39.4,5.4,175.53,4.1,66.0,7.0,MLv,,,,1.6,0.6,19,,,,,,,1.3,0.5,13
2022p479631,2022-06-27T11:07:52Z,-42.28,5.2,173.86,9.2,5.0,0.0,M,,,,1.8,0.1,6,1.7,nan,4,,,,1.7,0.1,4
2022p479739,2022-06-27T12:05:01Z,-38.19,4.3,178.82,6.9,12.0,0.0,MLv,,,,2.0,0.2,9,2.0,nan,6,,,,2.0,0.2,6
2022p479760,2022-06-27T12:16:30Z,-38.78,2.6,175.86,4.2,8.0,8.0,MLv,,,,1.3,0.2,7,1.2,nan,6,,,,1.2,0.1,6
2022p479769,2022-06-27T12:21:00Z,-38.03,4.5,176.48,2.9,5.0,0.0,M,,,,1.7,0.4,8,1.9,nan,6,,,,1.9,0.2,6
2022p479774,2022-06-27T12:24:00Z,-38.48,6.9,175.61,8.1,142.0,10.0,MLv,,,,2.0,0.4,6,1.7,nan,4,,,,1.7,0.3,4
2022p479780,2022-06-27T12:26:57Z,-39.88,4.5,174.31,4.9,102.0,10.0,MLv,,,,1.9,0.3,6,1.8,nan,4,,,,1.8,0.3,4
2022p479821,2022-06-27T12:48:42Z,-39.14,5.8,177.22,5.4,23.0,8.0,M,,,,1.3,0.3,6,0.9,nan,1,,,,0.9,nan,1
2022p479846,2022-06-27T13:02:24Z,-41.99,2.2,173.74,2.4,5.0,0.0,MLv,,,,1.9,0.1,6,2.0,nan,4,,,,2.0,0.1,4
2022p479858,2022-06-27T13:08:29Z,-39.71,6.3,174.18,8.1,183.0,8.0,M,,,,2.1,0.1,8,2.0,nan,3,,,,2.0,0.5,3
2022p479867,2022-06-27T13:13:12Z,-41.36,5.1,173.59,4.0,49.0,9.0,MLv,,,,1.9,0.4,7,1.9,nan,4,,,,1.9,0.3,4
2022p479891,2022-06-27T13:26:01Z,-39.1,4.2,177.85,4.2,21.0,5.0,MLv,,,,1.6,0.4,11,1.4,nan,4,,,,1.4,0.4,4
2022p479897,2022-06-27T13:29:22Z,-39.1,3.9,177.85,4.1,21.0,4.0,MLv,,,,1.7,0.2,12,1.5,nan,6,,,,1.5,0.3,6
2022p479923,2022-06-27T13:43:20Z,-39.3,3.9,175.69,4.7,24.0,6.0,MLv,,,,0.9,0.2,9,1.0,nan,10,,,,1.0,0.3,10
2022p480005,2022-06-27T14:26:58Z,-41.01,2.5,175.41,3.0,19.0,6.0,M,,,,1.2,0.2,8,1.1,nan,3,,,,1.1,0.3,3
2022p480014,2022-06-27T14:31:20Z,-38.03,8.8,176.32,8.8,159.0,8.0,MLv,,,,2.3,0.3,5,1.6,nan,4,,,,1.6,0.1,4
2022p480085,2022-06-27T15:09:26Z,-38.54,3.1,178.03,3.6,24.0,5.0,MLv,,,,1.6,0.2,11,1.4,nan,5,,,,1.4,0.2,5
2022p480124,2022-06-27T15:30:17Z,-40.99,5.0,172.88,4.7,170.0,6.0,MLv,,,,,,,,,,,,,3.5,0.2,54
2022p480152,2022-06-27T15:45:26Z,-45.56,4.8,167.17,8.1,47.0,10.0,M,,,,2.4,0.2,6,0.8,nan,1,,,,0.8,nan,1
2022p480176,2022-06-27T15:57:56Z,-39.34,4.2,176.97,4.7,28.0,6.0,M,,,,1.5,0.2,12,1.5,nan,6,,,,1.5,0.1,6
2022p480298,2022-06-27T17:02:54Z,-40.33,2.7,175.84,2.9,24.0,4.0,MLv,,,,1.7,0.3,16,1.7,nan,11,,,,1.7,0.3,11
2022p480398,2022-06-27T17:56:15Z,-40.86,2.6,175.77,2.7,20.0,4.0,M,,,,2.3,0.2,19,2.2,nan,18,,,,2.2,0.2,18
2022p480416,2022-06-27T18:05:45Z,-39.31,2.7,176.42,3.3,55.0,5.0,MLv,,,,3.1,0.2,24,,,,,,,3.1,0.2,72
2022p480433,2022-06-27T18:15:01Z,-40.4,2.4,175.92,3.4,17.0,5.0,MLv,,,,1.3,0.2,12,1.3,nan,7,,,,1.3,0.3,7
2022p480470,2022-06-27T18:34:29Z,-41.07,3.0,175.47,4.2,21.0,9.0,M,,,,1.1,0.2,8,1.0,nan,4,,,,1.0,0.3,4
2022p480493,2022-06-27T18:46:52Z,-46.33,11.1,165.95,9.5,12.0,0.0,MLv,,,,3.0,0.3,6,,,,,,,3.0,nan,1
2022p480507,2022-06-27T18:54:23Z,-38.08,7.8,178.74,8.9,28.0,7.0,M,,,,2.0,0.1,13,2.2,nan,5,,,,2.2,0.2,5
2022p480516,2022-06-27T18:58:56Z,-41.52,4.9,173.52,5.6,42.0,9.0,M,,,,2.0,0.3,8,2.1,nan,4,,,,2.1,0.4,4
2022p480533,2022-06-27T19:08:15Z,-38.57,3.0,177.91,3.7,25.0,5.0,M,,,,2.2,0.2,13,2.1,nan,11,,,,2.1,0.2,11
2022p480559,2022-06-27T19:21:59Z,-38.81,3.5,177.72,5.3,33.0,10.0,M,,,,1.9,0.3,11,2.0,nan,7,,,,2.0,0.2,7
2022p480589,2022-06-27T19:38:05Z,-41.57,3.9,174.41,2.9,12.0,0.0,M,,,,1.7,0.3,9,1.7,nan,6,,,,1.7,0.2,6
2022p480710,2022-06-27T20:43:03Z,-40.85,2.7,176.07,3.2,22.0,5.0,M,,,,2.4,0.2,13,2.4,nan,19,,,,2.4,0.2,19
2022p480718,2022-06-27T20:46:58Z,-37.78,4.4,176.8,2.6,5.0,0.0,M,,,,2.1,0.2,11,2.1,nan,11,,,,2.1,0.2,11
2022p480745,2022-06-27T21:01:22Z,-44.87,6.1,167.53,8.9,125.0,8.0,M,,,,,,,1.9,nan,2,,,,1.9,0.2,2
2022p480753,2022-06-27T21:05:21Z,-37.6,5.4,178.26,5.1,31.0,5.0,MLv,,,,2.4,0.2,13,2.4,nan,8,,,,2.4,0.2,8
2022p480822,2022-06-27T21:42:06Z,-39.35,12.8,175.07,4.9,18.0,11.0,M,,,,1.4,0.2,7,1.5,nan,7,,,,1.5,0.2,7
2022p480831,2022-06-27T21:47:01Z,-40.46,2.3,174.96,2.7,26.0,5.0,MLv,,,,2.7,0.2,25,,,,,,,2.7,0.2,37
2022p480858,2022-06-27T22:01:27Z,-40.64,6.5,173.84,3.6,48.0,15.0,M,,,,2.5,0.3,11,2.4,nan,15,,,,2.4,0.2,15
2022p480884,2022-06-27T22:15:05Z,-37.14,4.9,176.82,5.4,189.0,9.0,MLv,,,,2.5,0.5,8,,,,,,,3.1,0.3,31
2022p481042,2022-06-27T23:39:34Z,-40.12,5.0,176.64,4.5,45.0,9.0,M,,,,1.4,0.2,8,1.4,nan,5,,,,1.4,0.3,5
2022p481181,2022-06-28T00:53:33Z,-38.84,3.5,175.89,5.0,5.0,0.0,MLv,,,,1.4,0.2,6,1.3,nan,5,,,,1.3,0.3,5
2022p481207,2022-06-28T01:07:15Z,-38.9,5.0,177.97,8.5,28.0,5.0,M,,,,1.8,0.2,13,1.9,nan,8,,,,1.9,0.2,8
2022p481215,2022-06-28T01:11:36Z,-38.12,11.0,175.96,12.1,140.0,13.0,M,,,,,,,1.9,nan,3,,,,1.9,0.4,3
2022p481313,2022-06-28T02:03:57Z,-45.5,4.0,167.28,4.9,83.0,8.0,M,,,,2.6,0.2,9,1.9,nan,2,,,,1.9,0.8,2
2022p481325,2022-06-28T02:09:57Z,-39.08,3.3,177.5,3.1,20.0,5.0,M,,,,2.0,0.2,13,2.0,nan,8,,,,2.0,0.2,8
2022p481341,2022-06-28T02:18:55Z,-39.08,4.0,177.49,2.9,20.0,6.0,M,,,,2.4,0.3,13,2.3,nan,15,,,,2.3,0.2,15
2022p481408,2022-06-28T02:54:20Z,-38.76,2.5,176.01,2.4,5.0,0.0,M,,,,1.7,0.2,12,1.9,nan,7,,,,1.9,0.3,7
2022p481418,2022-06-28T02:59:44Z,-38.66,3.2,177.11,3.7,6.0,9.0,M,,,,1.6,0.2,8,1.7,nan,7,,,,1.7,0.2,7
2022p481443,2022-06-28T03:12:49Z,-38.26,7.5,175.79,10.3,189.0,12.0,M,,,,1.7,0.3,6,2.1,nan,10,,,,2.1,0.3,10
2022p481465,2022-06-28T03:24:44Z,-40.14,2.4,176.25,3.0,13.0,6.0,M,,,,2.4,0.2,9,2.5,nan,26,,,,2.5,0.2,26
2022p481622,2022-06-28T04:48:33Z,-37.78,4.6,176.81,3.1,5.0,0.0,M,,,,1.9,0.2,8,2.0,nan,6,,,,2.0,0.2,6
2022p481781,2022-06-28T06:13:08Z,-38.8,2.7,177.93,3.6,24.0,4.0,MLv,,,,2.2,0.2,16,,,,,,,2.2,0.1,12
2022p481798,2022-06-28T06:22:25Z,-40.29,3.4,176.72,4.7,14.0,5.0,M,,,,2.1,0.1,13,2.0,nan,11,,,,2.0,0.2,11
2022p481893,2022-06-28T07:13:24Z,-40.59,3.3,175.87,2.9,24.0,6.0,M,,,,1.2,0.4,8,1.2,nan,3,,,,1.2,0.6,3
2022p481900,2022-06-28T07:16:39Z,-38.2,9.7,178.83,10.4,28.0,10.0,M,,,,1.9,0.2,10,1.6,nan,4,,,,1.6,0.4,4
2022p481913,2022-06-28T07:23:48Z,-39.72,3.8,176.77,5.2,26.0,8.0,M,,,,1.3,0.3,7,1.0,nan,3,,,,1.0,0.3,3
2022p481948,2022-06-28T07:41:54Z,-40.39,5.2,174.03,3.3,5.0,0.0,M,,,,1.9,0.2,8,1.7,nan,2,,,,1.7,0.1,2
2022p481967,2022-06-28T07:53:53Z,-39.32,5.3,175.07,2.6,17.0,6.0,M,,,,1.9,0.2,15,1.9,nan,9,,,,1.9,0.1,9
2022p481979,2022-06-28T07:58:38Z,-39.55,6.9,175.58,5.5,10.0,12.0,M,,,,1.0,0.4,9,1.0,nan,4,,,,1.0,0.4,4
2022p482082,2022-06-28T08:53:38Z,-39.3,3.4,175.09,2.5,19.0,4.0,M,,,,1.7,0.3,16,1.7,nan,8,,,,1.7,0.2,8
2022p482221,2022-06-28T10:07:40Z,-38.79,2.9,175.86,6.4,9.0,10.0,MLv,,,,1.5,0.2,13,1.5,nan,6,,,,1.5,0.1,6
2022p482229,2022-06-28T10:11:37Z,-38.79,2.3,175.87,3.6,5.0,0.0,MLv,,,,1.4,0.2,13,,,,,,,1.3,0.1,8
2022p482233,2022-06-28T10:14:05Z,-38.65,2.3,177.08,2.6,6.0,7.0,MLv,,,,1.7,0.2,10,1.7,nan,6,,,,1.7,0.2,6
2022p482248,2022-06-28T10:22:16Z,-38.8,2.3,175.91,2.9,5.0,0.0,M,,,,2.2,0.3,15,2.1,nan,30,,,,2.1,0.1,30
2022p482260,2022-06-28T10:28:33Z,-38.79,3.0,175.87,4.6,7.0,8.0,MLv,,,,1.5,0.2,13,1.4,nan,6,,,,1.4,0.2,6
2022p482281,2022-06-28T10:39:36Z,-39.87,2.3,176.58,2.7,21.0,7.0,M,,,,1.2,0.4,8,1.2,nan,1,,,,1.2,nan,1
2022p482291,2022-06-28T10:44:57Z,-38.81,2.1,175.89,3.3,5.0,0.0,MLv,,,,1.5,0.2,15,,,,,,,1.4,0.2,8
2022p482305,2022-06-28T10:52:19Z,-36.91,13.0,177.43,10.8,128.0,15.0,MLv,,,,2.5,nan,1,2.3,nan,5,,,,2.3,0.2,5
2022p482314,2022-06-28T10:57:00Z,-38.8,3.3,175.9,8.7,10.0,8.0,M,,,,1.3,0.2,8,1.4,nan,3,,,,1.4,0.2,3
2022p482419,2022-06-28T11:53:14Z,-40.67,4.0,176.29,4.9,22.0,5.0,MLv,,,,1.4,0.3,10,1.3,nan,5,,,,1.3,0.2,5
2022p482436,2022-06-28T12:02:01Z,-39.47,3.3,177.27,4.0,18.0,5.0,MLv,,,,1.8,0.2,13,1.8,nan,6,,,,1.8,0.1,6
2022p482478,2022-06-28T12:24:23Z,-39.88,2.9,176.79,3.6,29.0,5.0,MLv,,,,2.2,0.2,13,2.2,nan,17,,,,2.2,0.2,17
2022p482532,2022-06-28T12:53:11Z,-40.83,2.3,175.51,2.8,18.0,3.0,M,,,,2.1,0.2,15,2.1,nan,13,,,,2.1,0.2,13
2022p482563,2022-06-28T13:09:59Z,-37.6,6.7,177.04,8.4,122.0,11.0,MLv,,,,2.0,0.2,7,1.9,nan,6,,,,1.9,0.2,6
2022p482571,2022-06-28T13:14:18Z,-38.57,2.2,177.9,2.6,18.0,4.0,MLv,,,,2.8,0.2,14,2.6,nan,30,,,,2.6,0.1,30
2022p482575,2022-06-28T13:16:04Z,-40.62,2.9,174.56,2.5,12.0,0.0,MLv,,,,2.2,0.2,12,2.2,nan,6,,,,2.2,0.1,6
2022p482583,2022-06-28T13:20:43Z,-38.58,2.9,177.89,3.9,21.0,6.0,M,,,,2.1,0.2,8,2.0,nan,7,,,,2.0,0.1,7
2022p482605,2022-06-28T13:32:20Z,-37.39,7.2,178.79,7.8,12.0,0.0,MLv,,,,2.3,0.1,9,2.3,nan,6,,,,2.3,0.1,6
2022p482665,2022-06-28T14:04:09Z,-38.58,2.7,177.91,3.7,16.0,5.0,M,,,,1.7,0.2,9,1.5,nan,6,,,,1.5,0.1,6
2022p482705,2022-06-28T14:25:25Z,-41.41,3.1,172.31,2.7,5.0,0.0,MLv,,,,2.5,0.2,13,2.6,nan,8,,,,2.6,0.2,8
2022p482736,2022-06-28T14:42:08Z,-39.54,3.1,176.96,3.8,25.0,4.0,MLv,,,,1.7,0.3,13,1.7,nan,7,,,,1.7,0.2,7
2022p482789,2022-06-28T15:10:00Z,-45.03,4.6,167.38,5.1,64.0,8.0,MLv,,,,4.3,0.1,7,,,,,,,4.4,0.2,23
2022p482792,2022-06-28T15:11:54Z,-37.9,7.0,176.55,6.8,119.0,13.0,MLv,,,,1.8,0.2,4,2.0,nan,2,,,,2.0,0.2,2
2022p482805,2022-06-28T15:18:41Z,-45.04,4.5,167.46,5.6,71.0,8.0,MLv,,,,2.6,0.3,9,2.4,nan,2,,,,2.4,0.4,2
2022p482814,2022-06-28T15:23:23Z,-38.85,4.7,175.96,4.8,56.0,11.0,MLv,,,,1.9,0.2,12,1.8,nan,1,,,,1.8,nan,1
2022p482903,2022-06-28T16:11:23Z,-41.28,4.6,172.91,4.7,114.0,8.0,MLv,,,,,,,1.7,nan,4,,,,1.7,0.5,4
2022p482904,2022-06-28T16:11:40Z,-38.57,2.3,177.91,2.7,16.0,3.0,MLv,,,,3.2,0.2,19,,,,,,,3.0,0.2,40
2022p482913,2022-06-28T16:16:17Z,-41.39,5.0,173.02,4.6,69.0,6.0,MLv,,,,2.1,0.4,8,2.2,nan,6,,,,2.2,0.3,6
2022p482923,2022-06-28T16:21:43Z,-39.52,3.9,175.66,5.2,9.0,9.0,MLv,,,,0.9,0.8,7,0.1,nan,2,,,,0.1,0.2,2
2022p482961,2022-06-28T16:42:07Z,-41.02,2.6,172.43,5.5,5.0,0.0,M,,,,2.0,0.2,8,2.0,nan,2,,,,2.0,0.4,2
2022p482997,2022-06-28T17:00:44Z,-33.82,7.7,-179.1,16.5,33.0,0.0,MLv,4.6,0.1,5,4.1,0.2,13,,,,3.8,0.4,5,4.1,0.1,8
2022p483009,2022-06-28T17:07:33Z,-39.23,3.2,175.32,3.2,10.0,7.0,MLv,,,,0.8,0.3,9,0.8,nan,3,,,,0.8,0.4,3
2022p483169,2022-06-28T18:32:29Z,-40.25,2.6,175.93,3.2,23.0,5.0,MLv,,,,1.5,0.4,12,1.1,nan,3,,,,1.1,0.5,3
2022p483233,2022-06-28T19:06:28Z,-39.57,6.2,174.34,5.3,99.0,14.0,MLv,,,,1.9,0.4,6,1.8,nan,5,,,,1.8,0.2,5
2022p483261,2022-06-28T19:21:54Z,-44.97,4.0,167.76,5.5,60.0,9.0,MLv,,,,2.5,0.3,8,2.3,nan,4,,,,2.3,0.4,4
2022p483436,2022-06-28T20:54:55Z,-40.71,7.6,174.37,4.3,32.0,8.0,M,,,,2.2,0.2,11,2.2,nan,7,,,,2.2,0.2,7
2022p483540,2022-06-28T21:50:24Z,-39.66,3.2,176.85,3.8,28.0,6.0,MLv,,,,1.6,0.4,10,1.7,nan,6,,,,1.7,0.3,6
2022p483586,2022-06-28T22:15:05Z,-39.24,2.5,175.36,4.7,11.0,5.0,MLv,,,,0.9,0.2,13,0.9,nan,5,,,,0.9,0.3,5
2022p483668,2022-06-28T22:58:48Z,-38.8,5.8,178.4,6.6,21.0,6.0,M,,,,2.4,0.2,12,2.4,nan,8,,,,2.4,0.2,8
2022p483677,2022-06-28T23:03:10Z,-39.24,2.4,175.33,3.7,12.0,7.0,M,,,,1.9,0.3,13,1.9,nan,18,,,,1.9,0.2,18
2022p483819,2022-06-29T00:18:51Z,-41.81,2.3,173.54,3.2,32.0,4.0,MLv,,,,2.0,0.2,13,1.8,nan,4,,,,1.8,0.5,4
2022p483859,2022-06-29T00:40:15Z,-37.13,7.9,177.47,5.5,33.0,0.0,MLv,,,,2.5,0.3,12,2.5,nan,5,,,,2.5,0.2,5
2022p483886,2022-06-29T00:54:31Z,-37.78,6.3,179.57,6.8,12.0,0.0,MLv,,,,3.3,0.2,19,,,,,,,3.4,0.2,28
2022p483894,2022-06-29T00:58:54Z,-40.15,2.3,176.38,2.6,22.0,4.0,MLv,,,,2.0,0.2,12,,,,,,,2.1,0.2,12
2022p483930,2022-06-29T01:18:01Z,-37.55,8.3,176.66,10.1,157.0,11.0,MLv,,,,2.5,0.3,2,,,,,,,2.4,0.8,2
2022p484004,2022-06-29T01:57:20Z,-39.07,5.5,174.8,5.8,195.0,8.0,MLv,,,,1.6,nan,1,,,,,,,2.8,0.3,30
2022p484012,2022-06-29T02:01:37Z,-37.73,13.1,176.34,11.3,140.0,15.0,M,,,,2.2,0.2,8,2.4,nan,11,,,,2.4,0.3,11
2022p484033,2022-06-29T02:13:04Z,-39.97,7.2,173.82,6.8,171.0,11.0,MLv,,,,,,,2.3,nan,3,,,,2.3,0.2,3
2022p484078,2022-06-29T02:36:47Z,-45.13,4.9,167.4,5.7,75.0,8.0,ML,,,,2.7,0.4,4,,,,,,,2.8,0.4,4
2022p484112,2022-06-29T02:54:55Z,-38.53,8.2,175.83,8.9,157.0,11.0,M,,,,1.6,0.3,6,1.9,nan,3,,,,1.9,0.2,3
2022p484129,2022-06-29T03:04:10Z,-38.86,5.6,176.01,6.0,5.0,0.0,M,,,,1.6,0.1,7,1.7,nan,7,,,,1.7,0.3,7
2022p484215,2022-06-29T03:49:46Z,-39.56,3.3,176.95,4.1,27.0,7.0,MLv,,,,1.7,0.2,7,1.7,nan,6,,,,1.7,0.2,6
2022p484226,2022-06-29T03:55:51Z,-38.57,4.0,177.65,3.9,45.0,7.0,MLv,,,,1.8,0.3,12,1.7,nan,7,,,,1.7,0.3,7
2022p484228,2022-06-29T03:57:05Z,-39.64,7.9,175.09,7.1,59.0,10.0,MLv,,,,1.8,0.2,11,1.8,nan,5,,,,1.8,0.2,5
2022p484338,2022-06-29T04:55:41Z,-39.22,3.2,175.37,4.3,13.0,7.0,M,,,,1.0,0.2,13,0.9,nan,7,,,,0.9,0.2,7
2022p484364,2022-06-29T05:09:27Z,-40.82,3.0,175.5,3.2,20.0,6.0,MLv,,,,1.7,0.2,8,1.5,nan,7,,,,1.5,0.2,7
2022p484365,2022-06-29T05:09:32Z,-40.83,3.6,175.49,3.5,22.0,8.0,M,,,,1.6,0.2,5,1.7,nan,6,,,,1.7,0.2,6
2022p484400,2022-06-29T05:28:35Z,-39.12,3.9,177.45,3.0,18.0,5.0,M,,,,1.6,0.2,11,1.6,nan,5,,,,1.6,0.2,5
2022p484421,2022-06-29T05:39:57Z,-43.42,2.4,172.11,2.8,4.0,3.0,M,,,,1.7,0.4,7,1.6,nan,2,,,,1.6,0.4,2
2022p484422,2022-06-29T05:40:27Z,-40.52,2.2,175.92,2.8,20.0,3.0,M,,,,1.7,0.2,16,1.8,nan,11,,,,1.8,0.2,11
2022p484463,2022-06-29T06:02:12Z,-41.71,5.0,172.3,5.6,73.0,10.0,ML,,,,1.1,nan,1,2.8,nan,1,,,,2.8,nan,1
2022p484483,2022-06-29T06:12:44Z,-35.06,8.6,-179.82,15.6,100.0,0.0,MLv,,,,3.9,0.1,3,,,,,,,3.8,0.1,7
2022p484587,2022-06-29T07:08:30Z,-38.69,10.2,175.51,9.9,128.0,14.0,M,,,,,,,1.5,nan,2,,,,1.5,0.2,2
2022p484606,2022-06-29T07:18:30Z,-43.5,2.8,170.65,3.0,5.0,0.0,M,,,,2.4,0.3,7,2.3,nan,6,,,,2.3,0.1,6
2022p484710,2022-06-29T08:13:44Z,-39.76,3.1,176.76,3.8,36.0,7.0,M,,,,1.4,0.3,10,1.3,nan,4,,,,1.3,0.4,4
2022p484755,2022-06-29T08:37:42Z,-40.31,3.5,176.52,4.6,17.0,5.0,MLv,,,,1.5,0.1,13,1.3,nan,6,,,,1.3,0.1,6
2022p484761,2022-06-29T08:40:55Z,-39.29,4.5,177.55,4.2,22.0,6.0,MLv,,,,1.9,0.2,12,1.9,nan,3,,,,1.9,0.2,3
2022p484815,2022-06-29T09:09:37Z,-43.79,2.9,172.05,2.4,17.0,4.0,M,,,,2.2,0.3,8,2.1,nan,5,,,,2.1,0.6,5
2022p484837,2022-06-29T09:21:31Z,-39.99,3.1,174.97,4.5,27.0,5.0,M,,,,1.9,0.2,11,1.8,nan,3,,,,1.8,0.3,3
2022p484857,2022-06-29T09:31:37Z,-36.34,17.3,178.36,18.1,139.0,26.0,MLv,,,,2.8,0.2,8,,,,,,,2.9,0.2,4
2022p484876,2022-06-29T09:42:11Z,-39.7,3.8,176.7,4.6,35.0,7.0,M,,,,1.5,0.4,9,1.0,nan,3,,,,1.0,0.3,3
2022p484902,2022-06-29T09:56:18Z,-39.23,4.2,177.59,3.5,15.0,7.0,MLv,,,,2.5,0.2,14,2.4,nan,18,,,,2.4,0.2,18
2022p484979,2022-06-29T10:37:01Z,-39.14,14.4,174.85,16.5,208.0,17.0,M,,,,,,,1.8,nan,2,,,,1.8,0.3,2
2022p485015,2022-06-29T10:56:24Z,-38.55,1.9,177.88,2.6,15.0,4.0,M,,,,2.0,0.2,13,1.8,nan,6,,,,1.8,0.1,6
2022p485039,2022-06-29T11:09:00Z,-39.18,5.8,177.59,3.7,16.0,6.0,M,,,,1.7,0.0,3,1.7,nan,1,,,,1.7,nan,1
2022p485044,2022-06-29T11:11:53Z,-39.2,8.1,177.56,3.4,15.0,14.0,M,,,,2.0,0.3,8,2.0,nan,6,,,,2.0,0.1,6
2022p485076,2022-06-29T11:28:46Z,-40.98,2.9,175.95,3.7,8.0,6.0,M,,,,1.4,0.2,8,1.1,nan,4,,,,1.1,0.2,4
2022p485102,2022-06-29T11:42:46Z,-40.97,2.7,175.95,3.9,11.0,6.0,M,,,,1.5,0.2,12,1.5,nan,7,,,,1.5,0.2,7
2022p485115,2022-06-29T11:49:35Z,-39.69,3.2,176.81,3.7,32.0,7.0,M,,,,1.8,0.3,12,1.7,nan,7,,,,1.7,0.2,7
2022p485151,2022-06-29T12:08:44Z,-40.22,4.7,175.2,7.0,26.0,11.0,M,,,,1.7,0.3,8,1.8,nan,2,,,,1.8,0.1,2
2022p485152,2022-06-29T12:09:00Z,-39.27,6.0,175.08,2.7,19.0,5.0,M,,,,1.7,0.2,15,1.6,nan,7,,,,1.6,0.1,7
2022p485252,2022-06-29T13:02:41Z,-42.23,3.2,173.86,5.5,14.0,6.0,M,,,,2.2,0.3,6,2.1,nan,4,,,,2.1,0.2,4
2022p485329,2022-06-29T13:43:36Z,-38.51,8.1,175.77,6.0,134.0,10.0,M,,,,1.9,0.3,3,2.1,nan,9,,,,2.1,0.2,9
2022p485330,2022-06-29T13:44:15Z,-40.3,3.1,176.67,3.6,14.0,5.0,M,,,,2.6,0.1,12,2.5,nan,16,,,,2.5,0.2,16
2022p485358,2022-06-29T13:59:07Z,-40.67,7.8,176.63,7.9,21.0,6.0,M,,,,1.7,0.2,10,1.7,nan,7,,,,1.7,0.1,7
2022p485362,2022-06-29T14:01:01Z,-37.64,20.6,177.08,16.2,102.0,16.0,M,,,,2.3,0.2,7,1.9,nan,1,,,,1.9,nan,1
2022p485389,2022-06-29T14:15:23Z,-38.41,8.9,175.81,9.0,143.0,13.0,M,,,,1.7,0.4,7,1.8,nan,5,,,,1.8,0.4,5
2022p485402,2022-06-29T14:22:31Z,-41.25,7.3,176.25,9.8,23.0,8.0,M,,,,1.7,0.2,12,1.8,nan,5,,,,1.8,0.2,5
2022p485451,2022-06-29T14:48:25Z,-39.11,5.4,175.67,4.7,4.0,6.0,M,,,,0.6,0.3,7,0.8,nan,3,,,,0.8,0.2,3
2022p485488,2022-06-29T15:08:07Z,-41.2,3.3,175.84,3.9,21.0,4.0,MLv,,,,3.1,0.2,15,,,,,,,3.0,0.2,38
2022p485601,2022-06-29T16:08:15Z,-41.19,3.3,175.82,3.8,20.0,6.0,M,,,,1.6,0.3,10,1.5,nan,5,,,,1.5,0.3,5
2022p485606,2022-06-29T16:11:11Z,-41.19,3.4,175.82,4.4,20.0,5.0,M,,,,1.3,0.3,11,1.1,nan,4,,,,1.1,0.3,4
2022p485614,2022-06-29T16:15:15Z,-44.71,3.2,168.17,4.2,75.0,8.0,M,,,,2.8,0.3,11,2.4,nan,2,,,,2.4,0.6,2
2022p485743,2022-06-29T17:24:20Z,-40.58,2.0,175.88,2.2,24.0,4.0,M,,,,2.6,0.2,13,2.5,nan,30,,,,2.5,0.2,30
2022p485760,2022-06-29T17:33:18Z,-40.57,4.9,176.44,5.4,22.0,6.0,M,,,,1.5,0.2,9,1.5,nan,4,,,,1.5,0.4,4
2022p485761,2022-06-29T17:33:36Z,-44.54,2.7,168.64,3.0,5.0,0.0,ML,,,,2.1,0.0,2,,,,,,,3.4,nan,1
2022p485799,2022-06-29T17:54:06Z,-44.15,3.4,168.65,4.4,5.0,0.0,MLv,,,,2.8,0.2,7,,,,,,,3.0,0.6,3
2022p485804,2022-06-29T17:56:23Z,-40.58,2.6,175.88,3.1,24.0,6.0,M,,,,1.3,0.3,9,1.3,nan,5,,,,1.3,0.3,5
2022p485843,2022-06-29T18:17:47Z,-40.96,3.0,175.96,3.4,10.0,7.0,MLv,,,,1.3,0.2,9,0.9,nan,3,,,,0.9,0.1,3
2022p485869,2022-06-29T18:31:26Z,-38.66,6.1,175.71,5.0,117.0,8.0,MLv,,,,2.0,0.1,2,2.5,nan,13,,,,2.5,0.5,13
2022p485921,2022-06-29T18:58:46Z,-39.19,3.7,177.61,3.0,22.0,4.0,MLv,,,,2.2,0.2,13,2.2,nan,5,,,,2.2,0.3,5
2022p485947,2022-06-29T19:12:45Z,-39.28,6.8,174.71,4.5,21.0,9.0,M,,,,1.7,0.2,7,1.8,nan,7,,,,1.8,0.3,7
2022p486003,2022-06-29T19:42:43Z,-39.66,4.0,176.69,5.2,22.0,9.0,MLv,,,,1.8,0.3,11,1.6,nan,7,,,,1.6,0.2,7
2022p486020,2022-06-29T19:51:48Z,-39.53,4.5,174.4,5.0,199.0,7.0,MLv,,,,2.3,0.2,2,,,,,,,2.9,0.2,29
2022p486065,2022-06-29T20:15:42Z,-39.24,3.0,175.33,4.9,10.0,8.0,MLv,,,,1.1,0.2,13,1.1,nan,7,,,,1.1,0.1,7
2022p486159,2022-06-29T21:06:00Z,-39.25,3.4,175.4,3.5,17.0,7.0,MLv,,,,0.8,0.3,11,,,,,,,0.8,0.2,6
2022p486196,2022-06-29T21:25:42Z,-38.24,19.2,176.13,12.1,149.0,15.0,MLv,,,,1.6,0.3,7,2.2,nan,11,,,,2.2,0.4,11
2022p486231,2022-06-29T21:44:03Z,-40.23,3.4,176.45,3.9,32.0,6.0,MLv,,,,1.4,0.3,8,1.2,nan,4,,,,1.2,0.1,4
2022p486626,2022-06-30T01:14:42Z,-38.58,2.2,177.8,2.7,23.0,4.0,MLv,,,,2.7,0.2,19,,,,,,,2.7,0.2,13
2022p486734,2022-06-30T02:12:12Z,-41.37,4.1,175.0,2.4,18.0,4.0,M,,,,2.0,0.2,12,2.0,nan,8,,,,2.0,0.2,8
2022p486830,2022-06-30T03:03:05Z,-38.2,11.6,175.98,9.3,161.0,9.0,M,,,,,,,2.3,nan,6,,,,2.3,0.2,6
2022p486957,2022-06-30T04:10:29Z,-35.68,36.3,179.29,30.5,175.0,56.0,MLv,,,,3.1,0.2,8,,,,,,,3.3,0.1,2
2022p487027,2022-06-30T04:48:08Z,-35.15,35.5,179.26,30.2,229.0,47.0,MLv,,,,3.5,0.2,8,,,,,,,3.7,0.4,3
2022p487114,2022-06-30T05:34:26Z,-41.8,3.9,173.31,3.5,29.0,6.0,MLv,,,,2.3,0.3,8,2.3,nan,6,,,,2.3,0.5,6
2022p487120,2022-06-30T05:38:02Z,-37.81,13.1,176.25,15.9,175.0,16.0,M,,,,2.1,0.3,7,2.4,nan,4,,,,2.4,0.2,4
2022p487123,2022-06-30T05:39:11Z,-41.57,3.2,174.4,3.0,5.0,0.0,M,,,,1.7,0.2,7,1.5,nan,6,,,,1.5,0.2,6
2022p487156,2022-06-30T05:56:55Z,-41.59,1.9,174.2,2.5,9.0,4.0,MLv,,,,2.6,0.2,13,,,,,,,2.7,0.2,19
2022p487177,2022-06-30T06:07:59Z,-39.61,3.0,175.59,4.7,17.0,5.0,M,,,,2.5,0.3,17,2.5,nan,25,,,,2.5,0.2,25
2022p487179,2022-06-30T06:09:32Z,-38.83,3.2,175.95,3.7,5.0,0.0,M,,,,1.7,0.3,7,1.7,nan,5,,,,1.7,0.3,5
2022p487279,2022-06-30T07:02:34Z,-40.57,3.0,175.89,3.1,21.0,6.0,M,,,,1.8,0.2,13,1.9,nan,7,,,,1.9,0.3,7
2022p487418,2022-06-30T08:16:46Z,-38.77,4.5,177.87,6.0,36.0,6.0,M,,,,1.8,0.3,10,1.7,nan,5,,,,1.7,0.4,5
2022p487421,2022-06-30T08:18:26Z,-39.23,3.3,175.35,4.0,15.0,6.0,M,,,,1.8,0.3,12,1.8,nan,14,,,,1.8,0.2,14
2022p487459,2022-06-30T08:38:32Z,-41.06,3.5,175.09,4.4,23.0,6.0,M,,,,1.4,0.3,7,1.2,nan,2,,,,1.2,0.2,2
2022p487490,2022-06-30T08:55:06Z,-39.25,5.0,175.37,5.8,18.0,12.0,M,,,,0.8,0.2,9,0.8,nan,4,,,,0.8,0.3,4
2022p487511,2022-06-30T09:06:05Z,-40.45,3.5,174.93,4.6,27.0,8.0,M,,,,2.3,0.2,14,2.3,nan,8,,,,2.3,0.2,8
2022p487566,2022-06-30T09:35:17Z,-38.92,5.4,177.69,6.0,38.0,11.0,M,,,,1.6,0.5,7,2.0,nan,3,,,,2.0,0.1,3
2022p487637,2022-06-30T10:13:28Z,-37.78,5.3,177.53,4.0,26.0,7.0,M,,,,2.3,0.2,10,2.4,nan,6,,,,2.4,0.2,6
2022p487666,2022-06-30T10:28:37Z,-45.57,4.7,167.11,11.7,56.0,8.0,M,,,,2.8,0.3,8,1.9,nan,2,,,,1.9,1.0,2
2022p487700,2022-06-30T10:46:39Z,-39.53,4.4,174.78,4.1,97.0,6.0,MLv,,,,2.3,0.3,6,,,,,,,2.7,0.2,22
2022p487722,2022-06-30T10:58:46Z,-39.86,2.3,176.71,2.8,33.0,4.0,MLv,,,,3.0,0.2,13,,,,,,,2.9,0.1,43
2022p487792,2022-06-30T11:35:35Z,-41.28,11.6,176.26,16.8,27.0,9.0,M,,,,1.9,0.1,9,1.7,nan,4,,,,1.7,0.2,4
2022p488059,2022-06-30T13:58:13Z,-41.21,7.3,176.23,11.5,24.0,8.0,M,,,,1.9,0.2,10,1.8,nan,4,,,,1.8,0.3,4
2022p488143,2022-06-30T14:42:53Z,-41.01,3.0,175.05,3.3,37.0,5.0,M,,,,1.9,0.2,11,1.8,nan,7,,,,1.8,0.2,7
2022p488154,2022-06-30T14:48:58Z,-37.3,6.2,178.88,7.5,12.0,0.0,MLv,,,,2.8,0.2,14,2.8,nan,6,,,,2.8,0.1,6
2022p488206,2022-06-30T15:16:38Z,-37.63,14.0,179.85,9.4,33.0,0.0,MLv,,,,2.7,0.2,8,2.7,nan,3,,,,2.7,0.1,3
2022p488427,2022-06-30T17:14:13Z,-39.48,3.4,177.3,4.0,16.0,7.0,M,,,,2.3,0.2,12,2.3,nan,8,,,,2.3,0.2,8
2022p488483,2022-06-30T17:43:53Z,-38.87,4.6,175.99,3.1,5.0,0.0,M,,,,1.6,0.2,11,1.6,nan,5,,,,1.6,0.2,5
2022p488569,2022-06-30T18:30:04Z,-39.46,3.6,177.29,4.3,17.0,6.0,MLv,,,,2.0,0.2,12,,,,,,,2.1,0.2,7
2022p488649,2022-06-30T19:12:32Z,-38.34,10.5,175.84,8.3,151.0,9.0,MLv,,,,,,,2.0,nan,5,,,,2.0,0.1,5
2022p488692,2022-06-30T19:35:46Z,-38.2,7.6,176.38,6.9,137.0,9.0,MLv,,,,2.5,0.3,6,,,,,,,4.0,0.4,102
2022p488725,2022-06-30T19:52:58Z,-37.87,4.0,177.73,4.1,38.0,7.0,MLv,,,,3.0,0.3,13,,,,,,,2.9,0.2,19
2022p488734,2022-06-30T19:57:54Z,-38.47,4.8,178.07,3.4,23.0,7.0,MLv,,,,1.7,0.3,6,1.5,nan,5,,,,1.5,0.2,5
2022p488780,2022-06-30T20:22:05Z,-36.8,12.1,177.45,12.4,153.0,11.0,MLv,,,,2.6,0.2,10,2.8,nan,3,,,,2.8,0.1,3
2022p488867,2022-06-30T21:08:42Z,-38.36,3.7,178.04,4.3,24.0,7.0,MLv,,,,1.7,0.2,9,1.5,nan,6,,,,1.5,0.2,6
2022p488880,2022-06-30T21:15:34Z,-42.38,2.3,172.21,2.6,4.0,2.0,MLv,,,,2.7,0.2,10,,,,,,,3.0,0.3,7
2022p488881,2022-06-30T21:16:04Z,-38.88,2.6,175.96,2.3,5.0,0.0,MLv,,,,2.9,0.2,20,,,,,,,2.9,0.2,45
2022p488887,2022-06-30T21:19:15Z,-38.87,4.1,175.95,3.3,5.0,0.0,MLv,,,,1.8,0.1,8,1.9,nan,8,,,,1.9,0.1,8
2022p488905,2022-06-30T21:28:58Z,-38.87,2.6,175.96,2.1,3.0,3.0,MLv,,,,2.2,0.1,9,2.2,nan,19,,,,2.2,0.1,19
2022p489033,2022-06-30T22:37:13Z,-43.42,2.6,173.18,4.1,5.0,0.0,M,,,,2.3,0.1,9,2.4,nan,2,,,,2.4,0.1,2
2022p489044,2022-06-30T22:42:46Z,-38.87,2.6,175.95,2.2,5.0,0.0,MLv,,,,2.0,0.1,15,2.1,nan,18,,,,2.1,0.1,18
2022p489051,2022-06-30T22:46:50Z,-41.26,3.1,174.83,2.6,24.0,5.0,MLv,,,,2.5,0.2,6,2.4,nan,12,,,,2.4,0.1,12
2022p489105,2022-06-30T23:15:37Z,-39.23,3.5,175.35,4.2,14.0,8.0,MLv,,,,1.1,0.3,11,1.0,nan,7,,,,1.0,0.2,7
2022p489135,2022-06-30T23:31:11Z,-40.24,3.4,176.42,3.8,38.0,6.0,MLv,,,,2.0,0.2,11,1.8,nan,7,,,,1.8,0.2,7
2022p489164,2022-06-30T23:47:11Z,-36.67,13.5,177.28,12.7,196.0,14.0,MLv,,,,2.8,0.2,13,,,,,,,3.1,0.3,8
