PublicID,UTCTime,Latitude,LatitudeUncertainty,Longitude,LongitudeUncertainty,Depth,DepthUncertainty,PreferredMag,Mw,Mw_Uncertainty,Mw_StationCount,ML,ML_Uncertainty,ML_StationCount
2589813,2006-07-01T00:13:11Z,-44.27,0.0,168.46,0.0,5.0,0.0,ML,,,,3.0,0.1,4
2589818,2006-07-01T00:24:14Z,-41.45,0.0,173.4,0.0,84.0,2.0,ML,,,,2.4,0.3,4
2589822,2006-07-01T00:36:58Z,-39.2,0.0,175.38,0.0,9.0,1.0,ML,,,,1.9,0.1,6
2589853,2006-07-01T02:28:25Z,-45.31,0.0,166.94,0.1,22.0,2.0,ML,,,,2.1,0.2,3
2589855,2006-07-01T02:35:33Z,-45.07,0.0,167.58,0.0,71.0,2.0,ML,,,,2.1,0.1,6
2835578,2006-07-01T02:35:55Z,-41.13,0.0,174.89,0.0,28.0,1.0,ML,,,,1.4,0.1,5
2589860,2006-07-01T02:52:54Z,-38.63,0.0,175.91,0.0,118.0,2.0,ML,,,,3.5,0.2,17
2589873,2006-07-01T03:41:10Z,-40.4,0.0,173.87,0.0,103.0,5.0,ML,,,,2.3,nan,1
2589880,2006-07-01T04:14:12Z,-45.02,0.0,167.06,0.0,12.0,0.0,ML,,,,2.5,0.2,5
2589888,2006-07-01T04:34:19Z,-37.4,0.0,177.46,0.0,95.0,2.0,ML,,,,3.2,0.1,7
2589913,2006-07-01T05:56:56Z,-45.63,0.0,167.35,0.0,12.0,0.0,ML,,,,1.9,0.2,3
2589928,2006-07-01T06:43:42Z,-41.04,0.0,174.17,0.0,50.0,2.0,ML,,,,2.3,0.3,7
2589931,2006-07-01T06:50:32Z,-41.09,0.0,175.03,0.0,30.0,1.0,ML,,,,1.8,0.2,8
2835643,2006-07-01T06:50:36Z,-45.62,0.0,167.34,0.0,16.0,1.0,ML,,,,2.0,0.2,3
2835639,2006-07-01T06:52:05Z,-38.64,0.0,177.07,0.0,12.0,0.0,ML,,,,2.1,0.1,3
2589940,2006-07-01T07:13:49Z,-37.86,0.0,176.73,0.0,5.0,0.0,ML,,,,2.1,0.2,4
2835673,2006-07-01T07:15:07Z,-41.59,0.0,174.36,0.0,12.0,0.0,ML,,,,2.0,0.2,13
2835657,2006-07-01T07:15:35Z,-41.6,0.0,174.34,0.0,12.0,0.0,ML,,,,3.0,0.2,16
2589947,2006-07-01T07:37:15Z,-40.79,0.0,174.85,0.0,25.0,2.0,ML,,,,2.0,0.2,9
2589950,2006-07-01T07:46:58Z,-37.52,0.1,177.24,0.1,138.0,4.0,ML,,,,2.4,0.1,4
2589951,2006-07-01T07:51:02Z,-39.8,0.0,176.15,0.0,23.0,2.0,ML,,,,1.9,0.1,11
2589954,2006-07-01T07:59:09Z,-39.93,0.0,175.69,0.0,19.0,2.0,ML,,,,1.9,0.2,9
2837859,2006-07-01T07:59:36Z,-45.62,0.0,167.33,0.0,18.0,2.0,ML,,,,1.9,0.2,3
2589977,2006-07-01T09:03:44Z,-39.0,0.0,178.29,0.0,12.0,0.0,ML,,,,2.4,0.1,5
2589987,2006-07-01T09:36:33Z,-40.48,0.0,176.83,0.0,12.0,0.0,ML,,,,3.7,0.2,26
2589993,2006-07-01T09:53:52Z,-39.83,0.0,176.72,0.0,33.0,0.0,ML,,,,2.0,0.2,7
2590003,2006-07-01T10:17:47Z,-40.86,0.0,173.62,0.0,94.0,2.0,ML,,,,3.2,0.2,14
2837868,2006-07-01T10:19:23Z,-41.26,0.0,172.95,0.0,103.0,4.0,ML,,,,2.2,0.4,7
2590033,2006-07-01T11:46:41Z,-37.62,0.0,177.9,0.0,5.0,0.0,ML,,,,2.9,0.1,4
2590037,2006-07-01T12:01:36Z,-39.28,0.0,173.88,0.0,22.0,1.0,ML,,,,1.4,0.1,2
2590039,2006-07-01T12:09:11Z,-36.95,0.1,176.91,0.1,219.0,6.0,ML,,,,3.2,0.2,10
2590052,2006-07-01T12:43:25Z,-39.74,0.0,176.66,0.1,33.0,0.0,ML,,,,1.9,0.2,5
2590055,2006-07-01T12:48:17Z,-39.99,0.0,176.74,0.0,49.0,4.0,ML,,,,1.9,0.1,4
2590058,2006-07-01T12:59:05Z,-38.76,0.0,175.83,0.0,136.0,3.0,ML,,,,2.9,0.1,7
2590066,2006-07-01T13:21:28Z,-41.43,0.0,172.34,0.0,5.0,0.0,ML,,,,1.5,0.3,3
2590071,2006-07-01T13:36:57Z,-37.01,0.0,177.53,0.0,148.0,2.0,ML,,,,3.8,0.2,5
2590075,2006-07-01T13:53:52Z,-44.14,0.0,168.73,0.0,12.0,0.0,ML,,,,3.0,0.2,11
2590080,2006-07-01T14:21:27Z,-40.93,0.0,175.66,0.0,27.0,2.0,ML,,,,1.7,0.2,5
2590089,2006-07-01T14:51:47Z,-41.25,0.0,175.33,0.0,27.0,1.0,ML,,,,1.8,0.1,6
2590090,2006-07-01T14:52:52Z,-41.25,0.0,175.33,0.0,27.0,1.0,ML,,,,2.2,0.2,11
2590105,2006-07-01T15:42:29Z,-37.8,0.0,176.29,0.0,197.0,3.0,ML,,,,3.2,0.2,12
2590119,2006-07-01T16:33:05Z,-40.26,0.0,174.59,0.0,65.0,5.0,ML,,,,2.1,0.1,4
2590120,2006-07-01T16:35:06Z,-38.65,0.0,176.29,0.1,169.0,5.0,ML,,,,2.6,0.3,5
2590129,2006-07-01T17:02:40Z,-39.27,0.0,174.68,0.0,29.0,1.0,ML,,,,2.8,0.2,18
2590143,2006-07-01T17:49:36Z,-39.43,0.0,174.27,0.1,137.0,5.0,ML,,,,2.5,0.1,2
2590146,2006-07-01T17:54:26Z,-37.21,0.0,177.14,0.1,167.0,4.0,ML,,,,2.8,0.2,6
2590157,2006-07-01T18:26:24Z,-41.87,0.0,171.49,0.0,12.0,0.0,ML,,,,3.0,0.3,23
2590167,2006-07-01T19:02:12Z,-41.28,0.0,174.84,0.0,23.0,1.0,ML,,,,1.8,0.2,8
2590181,2006-07-01T19:40:28Z,-39.33,0.0,175.53,0.0,14.0,1.0,ML,,,,2.4,0.2,18
2590212,2006-07-01T21:07:51Z,-44.76,0.0,168.09,0.0,97.0,4.0,ML,,,,2.4,0.3,4
2590227,2006-07-01T21:56:05Z,-44.14,0.0,168.59,0.0,5.0,0.0,ML,,,,2.3,0.2,9
2590254,2006-07-01T23:20:56Z,-39.97,0.0,176.8,0.0,47.0,4.0,ML,,,,2.6,0.2,6
2590259,2006-07-01T23:38:59Z,-41.42,0.0,172.72,0.0,96.0,2.0,ML,,,,2.6,0.1,6
2590264,2006-07-01T23:59:43Z,-40.87,0.0,172.59,0.0,5.0,0.0,ML,,,,2.0,0.3,3
2590266,2006-07-02T00:07:14Z,-40.83,0.0,174.72,0.0,40.0,3.0,ML,,,,2.0,0.1,4
2590270,2006-07-02T00:23:25Z,-40.19,0.0,176.32,0.0,46.0,5.0,ML,,,,2.4,0.2,4
2590294,2006-07-02T01:47:48Z,-45.14,0.0,166.93,0.1,5.0,0.0,ML,,,,2.1,0.2,4
2590296,2006-07-02T01:56:50Z,-44.49,0.0,168.23,0.0,12.0,0.0,ML,,,,2.0,0.1,4
2590299,2006-07-02T02:05:23Z,-44.42,0.0,168.3,0.0,5.0,0.0,ML,,,,2.4,0.2,8
2831396,2006-07-02T02:06:04Z,-44.36,0.0,168.21,0.1,5.0,0.0,ML,,,,2.3,0.2,7
2590405,2006-07-02T02:17:57Z,-40.99,0.0,175.41,0.0,28.0,1.0,ML,,,,2.1,0.1,7
2590302,2006-07-02T02:18:17Z,-39.34,0.0,174.97,0.0,30.0,1.0,ML,,,,3.2,0.1,23
2590303,2006-07-02T02:20:43Z,-43.89,0.0,170.62,0.0,5.0,0.0,ML,,,,1.8,0.1,2
2590309,2006-07-02T02:44:23Z,-44.43,0.0,168.31,0.0,5.0,0.0,ML,,,,2.1,0.1,6
2590310,2006-07-02T02:46:30Z,-41.67,0.0,172.48,0.0,5.0,0.0,ML,,,,2.3,0.1,5
2590311,2006-07-02T02:49:42Z,-41.61,0.0,174.35,0.0,5.0,0.0,ML,,,,2.1,0.3,14
2590315,2006-07-02T03:00:13Z,-44.22,0.0,168.59,0.0,5.0,0.0,ML,,,,2.0,0.2,6
2590323,2006-07-02T03:31:46Z,-41.23,0.0,172.61,0.0,211.0,2.0,ML,,,,2.8,0.4,4
2590324,2006-07-02T03:37:19Z,-40.37,0.0,176.98,0.0,44.0,5.0,ML,,,,2.9,0.2,4
2590341,2006-07-02T04:33:13Z,-38.54,0.0,175.89,0.0,149.0,4.0,ML,,,,3.4,0.3,12
2590358,2006-07-02T05:26:36Z,-40.81,0.0,175.82,0.0,25.0,1.0,ML,,,,2.3,0.1,7
2590362,2006-07-02T05:38:53Z,-42.33,0.0,172.76,0.0,33.0,0.0,ML,,,,2.0,0.1,2
2590370,2006-07-02T05:57:18Z,-38.05,0.0,176.19,0.0,149.0,1.0,ML,,,,2.8,0.3,3
2590396,2006-07-02T07:23:14Z,-37.48,0.0,178.2,0.0,51.0,3.0,ML,,,,3.1,0.2,5
2590398,2006-07-02T07:28:50Z,-37.2,0.0,177.35,0.0,163.0,2.0,Mw,4.9,nan,0,5.6,0.3,24
2590424,2006-07-02T08:48:35Z,-38.54,0.0,176.95,0.0,55.0,3.0,ML,,,,2.9,0.2,4
2590427,2006-07-02T08:58:42Z,-37.25,0.0,176.69,0.0,215.0,3.0,ML,,,,2.8,0.1,4
2590428,2006-07-02T09:00:15Z,-38.53,0.0,178.0,0.0,29.0,2.0,ML,,,,3.2,0.2,4
2590439,2006-07-02T09:31:15Z,-38.07,0.0,178.38,0.0,52.0,2.0,ML,,,,3.0,0.2,5
2590460,2006-07-02T10:31:04Z,-44.23,0.0,168.76,0.2,5.0,0.0,ML,,,,1.6,0.1,3
2590491,2006-07-02T11:54:30Z,-41.18,0.0,172.98,0.0,98.0,3.0,ML,,,,1.9,nan,1
2590502,2006-07-02T12:20:26Z,-41.26,0.0,172.72,0.0,172.0,2.0,ML,,,,3.4,0.2,5
2590506,2006-07-02T12:28:07Z,-41.03,0.0,174.82,0.0,30.0,1.0,ML,,,,2.6,0.1,12
2590520,2006-07-02T12:58:56Z,-38.57,0.0,177.88,0.0,26.0,3.0,ML,,,,2.7,0.1,4
2590524,2006-07-02T13:15:41Z,-44.75,0.0,167.48,0.0,32.0,1.0,ML,,,,2.3,0.2,6
2590526,2006-07-02T13:24:16Z,-37.27,0.0,177.26,0.0,165.0,2.0,ML,,,,2.9,0.2,3
2590530,2006-07-02T13:35:34Z,-41.3,0.0,173.38,0.0,93.0,2.0,ML,,,,2.7,0.2,5
2590551,2006-07-02T14:19:24Z,-37.77,0.0,176.65,0.0,150.0,3.0,ML,,,,3.5,0.1,14
2590568,2006-07-02T14:59:05Z,-37.79,0.0,176.55,0.1,129.0,6.0,ML,,,,2.9,0.2,3
2590588,2006-07-02T15:48:40Z,-41.75,0.0,172.24,0.0,5.0,0.0,ML,,,,2.0,0.4,3
2590595,2006-07-02T16:11:28Z,-37.49,0.0,177.51,0.0,124.0,3.0,ML,,,,3.5,0.2,11
2590596,2006-07-02T16:17:00Z,-45.22,0.0,166.94,0.0,12.0,0.0,ML,,,,1.9,0.1,4
2590626,2006-07-02T17:40:12Z,-41.61,0.0,174.37,0.0,5.0,0.0,ML,,,,2.0,0.4,4
2590640,2006-07-02T18:17:09Z,-39.08,0.0,175.0,0.0,218.0,2.0,ML,,,,4.4,0.2,24
2590641,2006-07-02T18:22:11Z,-40.82,0.0,174.3,0.0,53.0,2.0,ML,,,,2.5,0.1,8
2590647,2006-07-02T18:36:40Z,-38.29,0.0,176.19,0.0,171.0,2.0,ML,,,,3.7,0.1,17
2590652,2006-07-02T18:47:52Z,-39.85,0.0,173.84,0.0,229.0,4.0,ML,,,,3.1,0.1,5
2590656,2006-07-02T18:59:41Z,-40.63,0.0,174.66,0.0,20.0,4.0,ML,,,,1.8,0.1,5
2590662,2006-07-02T19:12:59Z,-37.22,0.0,177.41,0.0,134.0,3.0,ML,,,,3.3,0.1,6
2590664,2006-07-02T19:18:39Z,-41.24,0.0,175.38,0.0,21.0,1.0,ML,,,,1.8,0.1,6
2590685,2006-07-02T20:23:39Z,-40.88,0.0,173.91,0.0,68.0,2.0,ML,,,,2.9,0.1,5
2590710,2006-07-02T21:28:37Z,-39.69,0.0,176.79,0.0,42.0,4.0,ML,,,,3.1,0.4,6
2590723,2006-07-02T22:07:19Z,-41.26,0.0,172.77,0.0,139.0,2.0,ML,,,,2.8,0.0,2
2590771,2006-07-03T00:22:51Z,-38.9,0.0,175.86,0.0,5.0,0.0,ML,,,,2.4,0.2,14
2834090,2006-07-03T00:23:29Z,-38.89,0.0,175.87,0.0,8.0,1.0,ML,,,,1.5,0.2,10
2590783,2006-07-03T00:55:42Z,-40.66,0.0,173.38,0.0,103.0,4.0,ML,,,,2.2,0.2,2
2590789,2006-07-03T01:09:29Z,-38.89,0.0,175.87,0.0,10.0,1.0,ML,,,,1.2,0.1,5
2590792,2006-07-03T01:11:46Z,-38.89,0.0,175.85,0.0,9.0,2.0,ML,,,,1.2,0.1,4
2831025,2006-07-03T01:44:50Z,-39.26,0.0,177.18,0.0,12.0,0.0,ML,,,,2.4,0.2,8
2590804,2006-07-03T01:44:55Z,-42.65,0.0,172.9,0.0,46.0,2.0,ML,,,,4.5,0.2,19
2590807,2006-07-03T01:54:34Z,-42.65,0.0,172.96,0.0,33.0,0.0,ML,,,,3.0,0.3,5
2590911,2006-07-03T01:55:32Z,-42.65,0.0,172.9,0.0,33.0,0.0,ML,,,,2.8,0.2,8
2590808,2006-07-03T01:57:00Z,-42.66,0.0,172.93,0.0,33.0,0.0,ML,,,,3.4,0.3,10
2590815,2006-07-03T02:19:30Z,-42.66,0.0,172.94,0.0,33.0,0.0,ML,,,,2.5,0.2,6
2590817,2006-07-03T02:26:59Z,-41.82,0.0,172.05,0.0,93.0,1.0,ML,,,,1.8,nan,1
2590820,2006-07-03T02:41:07Z,-42.65,0.0,172.89,0.0,33.0,0.0,ML,,,,2.3,0.2,4
2590822,2006-07-03T02:45:33Z,-42.76,0.0,172.87,0.0,33.0,0.0,ML,,,,2.3,0.3,4
2590826,2006-07-03T02:55:40Z,-42.67,0.0,172.94,0.0,33.0,0.0,ML,,,,2.5,0.2,4
2590852,2006-07-03T04:21:46Z,-39.02,0.0,175.92,0.0,106.0,3.0,ML,,,,2.8,0.3,4
2590860,2006-07-03T04:46:33Z,-42.47,0.0,173.3,0.0,53.0,5.0,ML,,,,2.3,nan,1
2590865,2006-07-03T05:04:21Z,-42.62,0.0,172.94,0.0,33.0,0.0,ML,,,,2.4,0.2,4
2590896,2006-07-03T06:44:09Z,-39.35,0.0,174.96,0.0,32.0,1.0,ML,,,,2.3,0.1,10
2590921,2006-07-03T07:51:13Z,-40.89,0.0,174.7,0.0,5.0,0.0,ML,,,,2.1,0.2,10
2831400,2006-07-03T07:54:27Z,-39.02,0.1,174.93,0.0,12.0,0.0,ML,,,,1.7,0.3,3
2590944,2006-07-03T08:46:46Z,-44.83,0.0,168.11,0.0,5.0,0.0,ML,,,,2.4,0.2,7
2590947,2006-07-03T08:59:09Z,-38.94,0.0,175.87,0.0,7.0,2.0,ML,,,,1.6,0.2,5
2834098,2006-07-03T08:59:12Z,-38.92,0.0,175.87,0.0,12.0,1.0,ML,,,,1.9,0.2,6
2590983,2006-07-03T10:37:18Z,-38.38,0.0,176.06,0.0,138.0,4.0,ML,,,,3.1,0.3,7
2590989,2006-07-03T10:55:51Z,-42.65,0.0,172.94,0.0,33.0,0.0,ML,,,,2.9,0.3,17
2591005,2006-07-03T11:39:19Z,-45.18,0.0,167.35,0.0,102.0,1.0,ML,,,,2.8,0.2,6
2591010,2006-07-03T11:52:42Z,-37.7,0.1,175.82,0.0,263.0,13.0,ML,,,,3.1,nan,1
2591017,2006-07-03T12:12:13Z,-39.81,0.0,175.16,0.0,73.0,1.0,ML,,,,2.9,0.2,12
2591029,2006-07-03T12:49:57Z,-39.48,0.0,175.7,0.0,14.0,1.0,ML,,,,1.9,0.1,9
2591042,2006-07-03T13:16:55Z,-40.62,0.0,174.32,0.0,5.0,0.0,ML,,,,2.7,0.2,23
2591043,2006-07-03T13:20:15Z,-40.15,0.0,176.61,0.0,42.0,3.0,ML,,,,3.7,0.3,6
2591045,2006-07-03T13:23:22Z,-37.85,0.0,176.06,0.1,190.0,3.0,ML,,,,3.2,0.2,5
2831864,2006-07-03T13:24:13Z,-38.11,0.0,176.03,0.0,175.0,4.0,ML,,,,3.4,0.2,5
2591058,2006-07-03T13:58:56Z,-38.78,0.0,177.86,0.0,32.0,1.0,ML,,,,2.1,0.0,2
2591071,2006-07-03T14:37:52Z,-40.57,0.0,175.85,0.0,33.0,1.0,ML,,,,2.6,0.2,8
2591074,2006-07-03T14:43:41Z,-38.37,0.0,175.78,0.1,165.0,5.0,ML,,,,3.0,0.3,4
2591082,2006-07-03T15:05:44Z,-38.81,0.1,176.53,0.4,164.0,4.0,ML,,,,2.9,0.2,4
2591107,2006-07-03T16:22:20Z,-38.0,0.1,176.21,0.1,162.0,6.0,ML,,,,3.3,0.5,6
2591119,2006-07-03T16:54:50Z,-39.87,0.0,175.19,0.0,27.0,2.0,ML,,,,2.3,0.2,13
2591207,2006-07-03T16:55:32Z,-42.94,0.0,171.83,0.0,5.0,0.0,ML,,,,2.6,0.3,7
2591121,2006-07-03T17:00:52Z,-40.13,0.0,176.57,0.0,38.0,4.0,ML,,,,3.6,0.3,12
2591164,2006-07-03T18:57:38Z,-39.26,0.0,175.25,0.0,27.0,1.0,ML,,,,2.5,0.2,17
2591205,2006-07-03T20:56:55Z,-38.68,0.0,175.83,0.0,118.0,4.0,ML,,,,2.9,0.1,6
2591217,2006-07-03T21:35:21Z,-42.7,0.0,172.84,0.0,33.0,0.0,ML,,,,2.7,0.4,7
2591218,2006-07-03T21:38:26Z,-44.31,0.0,168.78,0.0,5.0,0.0,ML,,,,2.3,0.3,6
2831405,2006-07-04T00:32:27Z,-39.33,0.0,175.5,0.0,14.0,1.0,ML,,,,1.2,0.1,2
2591272,2006-07-04T00:32:32Z,-40.72,0.0,175.5,0.0,30.0,1.0,ML,,,,3.6,0.2,39
2831433,2006-07-04T01:35:21Z,-41.61,0.0,173.36,0.0,52.0,2.0,ML,,,,2.0,0.1,2
2591287,2006-07-04T01:35:53Z,-40.67,0.0,175.48,0.0,30.0,1.0,ML,,,,2.9,0.1,9
2591293,2006-07-04T02:04:40Z,-38.43,0.0,177.76,0.0,53.0,6.0,ML,,,,2.6,0.2,2
2591304,2006-07-04T02:41:42Z,-38.77,0.0,175.97,0.0,11.0,2.0,ML,,,,1.8,0.2,6
2591317,2006-07-04T03:23:40Z,-37.19,0.0,176.48,0.0,279.0,3.0,ML,,,,3.8,0.3,4
2591325,2006-07-04T03:54:19Z,-38.88,0.0,175.48,0.0,119.0,3.0,ML,,,,3.1,0.3,6
2591368,2006-07-04T05:59:27Z,-46.09,0.0,166.82,0.0,12.0,0.0,ML,,,,2.4,0.3,3
2591369,2006-07-04T06:03:47Z,-40.9,0.0,175.28,0.0,29.0,1.0,ML,,,,2.0,0.1,2
2591376,2006-07-04T06:22:04Z,-40.46,0.0,173.82,0.0,99.0,3.0,ML,,,,3.1,0.2,6
2591390,2006-07-04T07:08:16Z,-39.12,0.0,177.81,0.0,23.0,1.0,ML,,,,2.1,0.1,2
2591405,2006-07-04T07:52:02Z,-45.18,0.0,167.37,0.0,88.0,2.0,ML,,,,2.9,0.2,8
2591437,2006-07-04T09:23:30Z,-41.42,0.0,174.67,0.0,21.0,1.0,ML,,,,3.0,0.2,15
2591446,2006-07-04T09:41:59Z,-42.66,0.0,170.97,0.1,33.0,0.0,ML,,,,2.9,0.4,4
2591462,2006-07-04T10:33:28Z,-45.46,0.0,167.59,0.0,22.0,3.0,ML,,,,2.3,0.3,3
2591468,2006-07-04T10:46:33Z,-45.15,0.0,167.51,0.1,117.0,5.0,ML,,,,2.3,0.1,3
2591472,2006-07-04T10:55:01Z,-42.98,0.0,171.38,0.0,5.0,0.0,ML,,,,3.1,0.2,6
2591480,2006-07-04T11:17:39Z,-45.32,0.0,166.96,0.0,24.0,0.0,ML,,,,2.1,0.4,3
2831494,2006-07-04T11:18:46Z,-38.42,0.0,177.69,0.0,56.0,1.0,ML,,,,2.9,0.1,3
2591481,2006-07-04T11:22:51Z,-39.75,0.0,175.27,0.0,72.0,1.0,ML,,,,2.2,0.2,2
2591484,2006-07-04T11:29:48Z,-38.25,0.0,177.7,0.0,60.0,2.0,ML,,,,2.6,0.3,4
2591486,2006-07-04T11:39:06Z,-45.26,0.0,167.59,0.1,104.0,5.0,ML,,,,3.0,0.4,2
2591488,2006-07-04T11:47:51Z,-37.7,0.0,177.02,0.0,142.0,3.0,ML,,,,3.9,0.2,7
2591503,2006-07-04T12:35:28Z,-38.96,0.0,175.44,0.0,143.0,2.0,ML,,,,3.5,0.3,10
2591504,2006-07-04T12:40:07Z,-42.68,0.0,172.94,0.0,33.0,0.0,ML,,,,3.3,0.4,6
2831845,2006-07-04T12:40:12Z,-40.8,0.0,176.21,0.0,25.0,1.0,ML,,,,2.7,0.2,3
2591518,2006-07-04T13:36:09Z,-37.96,0.0,176.52,0.0,104.0,4.0,ML,,,,2.0,0.0,3
2591533,2006-07-04T14:28:39Z,-40.1,0.0,173.92,0.0,115.0,6.0,ML,,,,2.7,0.1,2
2591550,2006-07-04T15:35:40Z,-38.16,0.1,176.13,0.2,178.0,10.0,ML,,,,3.1,0.1,4
2591561,2006-07-04T16:02:13Z,-38.33,0.0,176.39,0.0,5.0,0.0,ML,,,,1.6,0.3,3
2591572,2006-07-04T16:32:22Z,-38.06,0.0,176.75,0.0,5.0,0.0,ML,,,,2.1,0.2,5
2591574,2006-07-04T16:37:24Z,-40.7,0.0,175.49,0.0,30.0,1.0,ML,,,,3.0,0.2,16
2591577,2006-07-04T16:47:30Z,-39.9,0.0,176.64,0.0,29.0,2.0,ML,,,,2.9,0.2,5
2591579,2006-07-04T16:54:51Z,-38.84,0.0,175.86,0.0,5.0,0.0,ML,,,,1.5,0.1,3
2591591,2006-07-04T17:39:48Z,-39.31,0.0,174.86,0.0,29.0,1.0,ML,,,,2.4,0.1,6
2591614,2006-07-04T18:39:50Z,-39.14,0.0,177.72,0.0,23.0,2.0,ML,,,,2.5,0.1,4
2591623,2006-07-04T19:04:22Z,-45.11,0.0,167.41,0.0,59.0,2.0,ML,,,,3.1,0.2,5
2591630,2006-07-04T19:32:51Z,-39.29,0.0,174.9,0.0,30.0,1.0,ML,,,,3.7,0.2,36
2591651,2006-07-04T20:33:34Z,-40.93,0.0,176.07,0.0,31.0,1.0,ML,,,,3.6,0.3,14
2591661,2006-07-04T21:13:04Z,-45.01,0.0,167.53,0.0,82.0,3.0,ML,,,,2.6,0.1,7
2591665,2006-07-04T21:27:34Z,-44.1,0.0,170.04,0.0,12.0,0.0,ML,,,,2.2,0.4,4
2591746,2006-07-05T01:24:42Z,-39.02,0.0,175.82,0.0,5.0,1.0,ML,,,,1.7,0.2,8
2591749,2006-07-05T01:35:32Z,-41.25,0.0,172.59,0.1,182.0,4.0,ML,,,,3.4,nan,1
2591784,2006-07-05T03:46:19Z,-41.46,0.0,174.59,0.0,50.0,3.0,ML,,,,2.3,0.1,6
2591808,2006-07-05T05:07:07Z,-39.24,0.0,173.78,0.0,10.0,1.0,ML,,,,1.9,0.1,4
2591815,2006-07-05T05:33:24Z,-41.18,0.0,172.6,0.0,5.0,0.0,ML,,,,2.1,0.4,3
2591837,2006-07-05T06:28:10Z,-39.55,0.0,179.57,0.1,33.0,0.0,ML,,,,3.2,0.3,6
2591842,2006-07-05T06:43:24Z,-39.28,0.0,173.88,0.0,20.0,2.0,ML,,,,1.7,0.1,4
2591856,2006-07-05T07:35:08Z,-38.92,0.0,175.68,0.0,105.0,3.0,ML,,,,2.9,0.3,6
2591865,2006-07-05T08:03:37Z,-38.59,0.0,177.74,0.0,12.0,0.0,ML,,,,2.6,0.1,3
2591872,2006-07-05T08:30:00Z,-38.58,0.0,177.79,0.0,25.0,1.0,ML,,,,2.5,0.1,2
2591874,2006-07-05T08:35:46Z,-45.04,0.0,167.95,0.0,27.0,3.0,ML,,,,1.9,0.2,4
2591880,2006-07-05T09:02:42Z,-39.99,0.0,176.34,0.0,27.0,2.0,ML,,,,2.4,0.2,9
2591895,2006-07-05T09:48:52Z,-39.31,0.0,173.62,0.0,18.0,2.0,ML,,,,1.9,0.0,2
2591901,2006-07-05T10:05:14Z,-38.03,0.0,177.54,0.0,54.0,3.0,ML,,,,3.2,0.2,6
2591916,2006-07-05T10:57:51Z,-41.58,0.0,173.54,0.0,56.0,3.0,ML,,,,2.2,0.1,2
2591932,2006-07-05T12:29:27Z,-45.19,0.0,166.97,0.0,24.0,2.0,ML,,,,2.2,0.2,4
2592063,2006-07-05T12:30:10Z,-40.33,0.0,174.65,0.0,33.0,0.0,ML,,,,2.2,0.1,6
2591936,2006-07-05T12:50:37Z,-44.72,0.0,168.0,0.0,90.0,3.0,ML,,,,2.0,0.1,3
2591941,2006-07-05T13:10:47Z,-40.59,0.0,174.09,0.0,76.0,6.0,ML,,,,2.2,nan,1
2834433,2006-07-05T13:11:52Z,-38.21,0.0,176.32,0.0,109.0,3.0,ML,,,,2.5,0.2,3
2591963,2006-07-05T14:28:19Z,-45.11,0.0,167.13,0.0,5.0,0.0,ML,,,,2.2,0.2,7
2591977,2006-07-05T15:27:34Z,-38.21,0.0,179.29,0.0,12.0,0.0,ML,,,,4.0,0.2,4
2591978,2006-07-05T15:31:47Z,-44.83,0.0,167.21,0.0,32.0,4.0,ML,,,,2.4,0.2,8
2592010,2006-07-05T17:33:58Z,-42.18,0.0,172.76,0.0,5.0,0.0,ML,,,,2.5,0.1,6
2592011,2006-07-05T17:36:50Z,-38.05,0.0,176.32,0.0,139.0,4.0,ML,,,,3.4,0.1,7
2592013,2006-07-05T17:45:02Z,-39.28,0.0,174.47,0.0,31.0,1.0,ML,,,,1.6,0.2,4
2592044,2006-07-05T19:28:29Z,-41.31,0.0,175.6,0.0,22.0,0.0,ML,,,,1.8,0.0,4
2592052,2006-07-05T20:02:31Z,-43.27,0.0,170.72,0.0,5.0,0.0,ML,,,,2.7,0.3,6
2592064,2006-07-05T20:37:58Z,-41.02,0.0,171.97,0.0,5.0,0.0,ML,,,,3.6,0.1,14
2592080,2006-07-05T21:32:23Z,-45.13,0.0,166.89,0.0,12.0,0.0,Mw,4.2,nan,0,4.8,0.2,17
2592110,2006-07-05T23:19:10Z,-44.93,0.0,167.59,0.0,77.0,2.0,ML,,,,3.0,0.2,11
2592127,2006-07-06T00:16:30Z,-45.27,0.0,167.22,0.0,91.0,3.0,ML,,,,2.9,0.2,9
2592153,2006-07-06T01:37:53Z,-38.45,0.0,178.64,0.0,29.0,3.0,ML,,,,2.9,0.1,5
2592179,2006-07-06T03:20:38Z,-45.14,0.0,167.46,0.0,118.0,2.0,ML,,,,2.5,0.1,8
2592192,2006-07-06T04:04:03Z,-39.49,0.0,175.68,0.0,14.0,1.0,ML,,,,1.9,0.1,8
2833768,2006-07-06T05:17:11Z,-44.52,0.0,168.73,0.0,5.0,0.0,ML,,,,1.8,0.2,7
2592215,2006-07-06T05:18:19Z,-43.98,0.0,169.04,0.0,5.0,0.0,ML,,,,2.6,0.2,10
2592226,2006-07-06T05:54:45Z,-39.32,0.0,177.43,0.0,31.0,2.0,ML,,,,2.7,0.1,3
2592230,2006-07-06T06:04:26Z,-40.37,0.0,174.42,0.0,94.0,4.0,ML,,,,3.0,0.2,6
2592239,2006-07-06T06:29:58Z,-37.34,0.0,178.07,0.0,82.0,3.0,ML,,,,3.1,0.2,5
2592253,2006-07-06T07:16:45Z,-45.21,0.0,167.36,0.0,92.0,3.0,ML,,,,3.1,0.3,10
2592283,2006-07-06T08:57:19Z,-38.24,0.0,178.39,0.0,12.0,0.0,ML,,,,3.8,0.4,5
2592285,2006-07-06T09:02:35Z,-38.16,0.0,178.41,0.0,21.0,1.0,ML,,,,2.9,0.3,3
2592288,2006-07-06T09:15:45Z,-38.19,0.0,178.42,0.0,18.0,1.0,ML,,,,2.7,0.2,3
2592302,2006-07-06T09:56:04Z,-44.52,0.0,168.36,0.0,5.0,0.0,ML,,,,2.2,0.2,8
2592303,2006-07-06T09:57:48Z,-41.35,0.0,174.76,0.0,51.0,1.0,ML,,,,2.8,0.2,9
2592308,2006-07-06T10:18:18Z,-37.51,0.0,178.38,0.0,50.0,1.0,ML,,,,2.5,0.2,3
2834902,2006-07-06T10:19:13Z,-40.68,0.0,175.89,0.0,27.0,2.0,ML,,,,2.3,0.2,2
2592338,2006-07-06T11:42:27Z,-38.17,0.0,178.41,0.0,21.0,1.0,ML,,,,3.1,0.3,3
2592351,2006-07-06T12:27:44Z,-38.9,0.2,175.72,0.2,194.0,9.0,ML,,,,3.1,0.3,2
2592362,2006-07-06T13:08:27Z,-41.09,0.0,175.07,0.0,28.0,1.0,ML,,,,2.2,0.1,7
2592365,2006-07-06T13:20:30Z,-45.16,0.1,167.61,0.1,111.0,4.0,ML,,,,2.4,0.2,3
2592368,2006-07-06T13:32:04Z,-44.78,0.0,167.38,0.0,5.0,0.0,ML,,,,2.1,0.3,8
2592373,2006-07-06T13:50:15Z,-40.93,0.0,175.99,0.0,27.0,1.0,ML,,,,2.4,0.1,4
2592379,2006-07-06T14:02:26Z,-39.21,0.0,174.75,0.0,32.0,1.0,ML,,,,2.6,0.2,9
2592380,2006-07-06T14:07:01Z,-41.55,0.0,172.34,0.0,5.0,0.0,ML,,,,2.0,0.1,5
2592385,2006-07-06T14:17:19Z,-38.62,0.0,177.74,0.0,20.0,4.0,ML,,,,2.1,0.2,4
2592406,2006-07-06T15:25:46Z,-45.26,0.0,166.88,0.0,12.0,0.0,ML,,,,2.1,0.2,5
2592415,2006-07-06T16:00:47Z,-41.09,0.0,175.07,0.0,28.0,1.0,ML,,,,2.3,0.1,6
2592442,2006-07-06T17:44:27Z,-43.08,0.0,173.28,0.0,33.0,0.0,ML,,,,2.6,0.2,7
2592445,2006-07-06T18:00:18Z,-45.77,0.0,167.07,0.0,106.0,4.0,ML,,,,2.6,0.3,3
2592448,2006-07-06T18:13:06Z,-38.43,0.0,177.66,0.0,58.0,1.0,ML,,,,1.9,0.2,3
2592468,2006-07-06T19:09:32Z,-45.17,0.0,167.29,0.0,114.0,2.0,ML,,,,4.3,0.2,11
2592474,2006-07-06T19:32:44Z,-44.93,0.0,167.43,0.0,5.0,0.0,ML,,,,1.7,0.1,3
2835719,2006-07-06T20:50:16Z,-41.07,0.0,175.06,0.0,26.0,1.0,ML,,,,1.8,0.1,3
2592512,2006-07-06T21:25:23Z,-40.69,0.0,174.38,0.0,54.0,3.0,ML,,,,2.8,0.2,7
2592516,2006-07-06T21:41:22Z,-41.34,0.0,172.67,0.0,157.0,4.0,ML,,,,3.0,nan,1
2592522,2006-07-06T21:56:35Z,-38.24,0.0,179.4,0.0,12.0,0.0,ML,,,,3.8,0.2,6
2592533,2006-07-06T22:35:23Z,-39.55,0.0,175.71,0.0,20.0,2.0,ML,,,,2.1,0.2,6
2592537,2006-07-06T22:50:15Z,-39.54,0.0,175.72,0.0,21.0,1.0,ML,,,,2.2,0.2,7
2592559,2006-07-07T00:15:50Z,-40.35,0.0,174.55,0.0,89.0,2.0,ML,,,,2.9,0.2,7
2592571,2006-07-07T01:05:33Z,-45.56,0.0,167.05,0.0,84.0,1.0,ML,,,,2.4,0.4,4
2592572,2006-07-07T01:07:28Z,-38.23,0.0,179.38,0.0,12.0,0.0,ML,,,,4.3,0.3,9
2592574,2006-07-07T01:11:06Z,-41.05,0.0,174.74,0.0,32.0,1.0,ML,,,,2.4,0.1,5
2592575,2006-07-07T01:13:00Z,-41.05,0.0,174.74,0.0,32.0,1.0,ML,,,,2.3,0.1,11
2592578,2006-07-07T01:22:12Z,-46.08,0.0,166.9,0.0,85.0,4.0,ML,,,,2.4,0.3,2
2592601,2006-07-07T02:42:38Z,-42.16,0.0,174.23,0.0,12.0,0.0,ML,,,,2.8,0.4,6
2592612,2006-07-07T03:24:04Z,-41.05,0.0,174.74,0.0,31.0,1.0,ML,,,,2.2,0.1,9
2592641,2006-07-07T04:48:37Z,-40.41,0.0,176.81,0.0,21.0,3.0,ML,,,,2.8,0.3,8
2592652,2006-07-07T05:32:27Z,-41.72,0.0,173.98,0.0,16.0,2.0,ML,,,,2.5,0.2,15
2592658,2006-07-07T05:49:10Z,-37.69,0.0,178.34,0.0,64.0,1.0,ML,,,,2.4,0.1,4
2592670,2006-07-07T06:30:14Z,-37.42,0.0,177.58,0.0,116.0,3.0,ML,,,,4.3,0.2,7
2592684,2006-07-07T07:15:10Z,-37.62,0.0,176.74,0.0,162.0,2.0,ML,,,,3.9,0.3,14
2592690,2006-07-07T07:31:00Z,-38.49,0.1,176.69,0.1,198.0,2.0,ML,,,,3.3,0.0,2
2592694,2006-07-07T07:47:55Z,-41.15,0.0,174.0,0.0,53.0,2.0,ML,,,,2.4,0.1,8
2592698,2006-07-07T08:08:19Z,-40.24,0.0,173.51,0.0,205.0,3.0,ML,,,,3.1,nan,1
2592704,2006-07-07T08:34:04Z,-45.24,0.0,167.29,0.0,94.0,2.0,ML,,,,2.8,0.2,8
2592887,2006-07-07T08:34:25Z,-40.05,0.0,174.92,0.0,30.0,2.0,ML,,,,2.8,0.1,9
2592715,2006-07-07T09:12:14Z,-38.19,0.0,176.62,0.0,5.0,0.0,ML,,,,2.2,0.3,5
2833736,2006-07-07T09:13:45Z,-41.59,0.0,172.35,0.0,5.0,0.0,ML,,,,2.3,0.2,4
2592722,2006-07-07T09:45:22Z,-40.0,0.0,175.29,0.0,51.0,4.0,ML,,,,2.3,0.1,5
2592723,2006-07-07T09:49:11Z,-38.09,0.0,177.62,0.0,21.0,1.0,ML,,,,2.1,0.3,3
2592724,2006-07-07T09:55:59Z,-40.06,0.0,174.87,0.0,29.0,2.0,ML,,,,2.3,0.2,13
2592733,2006-07-07T10:26:54Z,-43.56,0.0,169.83,0.0,12.0,0.0,ML,,,,1.9,0.2,4
2592736,2006-07-07T10:37:45Z,-37.1,0.0,-179.65,0.0,12.0,0.0,ML,,,,3.2,0.2,5
2592942,2006-07-07T10:38:42Z,-45.09,0.0,167.45,0.0,67.0,3.0,ML,,,,2.3,0.1,7
2592750,2006-07-07T11:30:13Z,-41.57,0.0,173.95,0.0,14.0,2.0,ML,,,,2.6,0.2,18
2592769,2006-07-07T12:48:42Z,-44.65,0.0,168.18,0.0,5.0,0.0,ML,,,,1.9,0.1,5
2592778,2006-07-07T13:23:29Z,-39.57,0.0,175.61,0.0,61.0,2.0,ML,,,,2.2,0.0,2
2592783,2006-07-07T13:50:34Z,-42.29,0.0,172.74,0.0,5.0,0.0,ML,,,,2.2,0.2,5
2592784,2006-07-07T13:54:55Z,-45.15,0.0,167.5,0.0,119.0,3.0,ML,,,,2.4,0.1,5
2592806,2006-07-07T15:13:17Z,-42.97,0.0,171.36,0.0,5.0,0.0,ML,,,,2.7,0.2,9
2592819,2006-07-07T16:04:16Z,-37.68,0.0,176.41,0.1,147.0,4.0,ML,,,,2.6,0.2,3
2592833,2006-07-07T17:01:53Z,-38.18,0.0,179.48,0.1,33.0,0.0,ML,,,,2.9,0.3,5
2592834,2006-07-07T17:04:18Z,-38.18,0.0,176.13,0.0,177.0,4.0,ML,,,,4.8,0.2,25
2592857,2006-07-07T18:49:08Z,-39.2,0.0,174.44,0.0,27.0,1.0,ML,,,,2.3,0.1,6
2592858,2006-07-07T18:52:30Z,-45.04,0.0,167.44,0.0,100.0,2.0,ML,,,,2.6,0.2,6
2592860,2006-07-07T18:59:21Z,-37.17,0.0,176.67,0.1,220.0,5.0,ML,,,,2.6,0.1,2
2592864,2006-07-07T19:12:01Z,-38.58,0.0,177.63,0.0,42.0,3.0,ML,,,,2.5,0.2,4
2592906,2006-07-07T21:37:38Z,-40.21,0.1,174.13,0.0,89.0,8.0,ML,,,,2.3,0.0,2
2592908,2006-07-07T21:47:24Z,-40.36,0.0,175.38,0.0,33.0,0.0,ML,,,,2.2,0.3,6
2592910,2006-07-07T21:52:15Z,-37.41,0.1,177.15,0.1,158.0,5.0,ML,,,,3.0,0.1,3
2592921,2006-07-07T22:24:38Z,-40.55,0.0,173.66,0.0,130.0,3.0,ML,,,,2.9,0.2,7
2592947,2006-07-07T23:33:02Z,-41.4,0.0,175.43,0.0,15.0,1.0,ML,,,,2.4,0.2,10
2592952,2006-07-07T23:45:59Z,-40.9,0.0,174.05,0.0,55.0,2.0,ML,,,,2.6,0.1,8
2592966,2006-07-08T00:35:07Z,-45.09,0.0,167.07,0.0,5.0,0.0,ML,,,,2.9,0.3,10
2592985,2006-07-08T01:46:22Z,-44.39,0.0,170.36,0.0,5.0,0.0,ML,,,,2.4,0.1,5
2593011,2006-07-08T03:21:58Z,-38.19,0.0,176.62,0.0,11.0,2.0,ML,,,,2.1,0.4,2
2593016,2006-07-08T03:43:52Z,-40.65,0.0,173.96,0.0,67.0,3.0,ML,,,,2.7,0.1,7
2593021,2006-07-08T03:58:43Z,-44.59,0.0,168.14,0.0,78.0,3.0,ML,,,,2.7,0.2,6
2593024,2006-07-08T04:09:52Z,-45.82,0.0,167.2,0.0,5.0,0.0,ML,,,,3.0,0.3,7
2593094,2006-07-08T07:12:48Z,-41.38,0.0,174.98,0.0,26.0,1.0,ML,,,,2.2,0.1,7
2593108,2006-07-08T08:06:28Z,-39.64,0.0,175.46,0.0,70.0,2.0,ML,,,,3.1,0.2,10
2593115,2006-07-08T08:30:21Z,-41.62,0.0,174.37,0.0,12.0,0.0,ML,,,,1.8,0.0,4
2593134,2006-07-08T09:36:26Z,-40.12,0.0,174.95,0.0,12.0,0.0,ML,,,,2.9,0.2,10
2593140,2006-07-08T09:53:43Z,-38.41,0.0,177.65,0.1,33.0,3.0,ML,,,,2.4,0.3,2
2593146,2006-07-08T10:11:35Z,-35.6,0.1,177.93,0.1,205.0,16.0,ML,,,,3.5,0.2,5
2593147,2006-07-08T10:16:54Z,-44.68,0.0,168.04,0.0,84.0,3.0,ML,,,,3.2,0.2,5
2593170,2006-07-08T11:27:17Z,-39.18,0.0,176.82,0.0,33.0,1.0,Mw,5.2,nan,0,5.4,0.2,66
2593182,2006-07-08T12:07:21Z,-44.53,0.0,167.81,0.0,12.0,1.0,ML,,,,3.1,0.2,11
2593196,2006-07-08T12:47:13Z,-39.2,0.0,176.9,0.0,25.0,2.0,ML,,,,3.7,0.2,26
2593224,2006-07-08T14:14:22Z,-45.01,0.0,167.54,0.0,80.0,2.0,ML,,,,3.0,0.1,8
2593235,2006-07-08T14:51:01Z,-38.42,0.0,177.62,0.1,34.0,5.0,ML,,,,2.2,0.4,2
2593247,2006-07-08T15:13:37Z,-44.38,0.0,167.97,0.0,5.0,0.0,ML,,,,1.9,0.2,3
2593248,2006-07-08T15:17:02Z,-39.23,0.0,177.55,0.0,32.0,1.0,ML,,,,2.2,0.1,2
2593258,2006-07-08T15:45:07Z,-41.95,0.0,171.42,0.0,5.0,0.0,ML,,,,2.5,0.2,4
2593261,2006-07-08T15:58:00Z,-45.11,0.0,167.56,0.0,114.0,3.0,ML,,,,2.9,0.3,9
2593264,2006-07-08T16:05:49Z,-44.54,0.0,167.47,0.0,32.0,2.0,ML,,,,3.0,0.3,11
2593308,2006-07-08T18:02:17Z,-44.5,0.0,168.28,0.0,22.0,4.0,ML,,,,1.7,0.3,2
2593315,2006-07-08T18:22:46Z,-38.74,0.0,176.55,0.0,62.0,3.0,ML,,,,3.2,0.3,4
2593316,2006-07-08T18:27:02Z,-46.45,0.0,166.63,0.1,5.0,0.0,ML,,,,2.4,0.1,3
2593317,2006-07-08T18:31:30Z,-37.42,0.0,176.66,0.0,213.0,2.0,Mw,4.7,nan,0,5.7,0.2,25
2593334,2006-07-08T19:13:26Z,-40.88,0.0,172.73,0.0,5.0,0.0,ML,,,,2.8,0.3,8
2593349,2006-07-08T19:45:35Z,-41.51,0.0,172.08,0.0,12.0,0.0,ML,,,,2.0,0.2,3
2593367,2006-07-08T20:42:21Z,-40.8,0.0,175.49,0.0,26.0,1.0,ML,,,,3.6,0.2,33
2593368,2006-07-08T20:47:02Z,-42.93,0.0,171.53,0.0,5.0,0.0,ML,,,,2.7,0.2,7
2593370,2006-07-08T20:50:31Z,-39.34,0.0,175.05,0.0,122.0,4.0,ML,,,,2.9,0.1,5
2593397,2006-07-08T22:00:55Z,-44.51,0.0,167.8,0.0,12.0,0.0,ML,,,,4.5,0.2,18
2834796,2006-07-08T22:34:42Z,-40.92,0.0,176.03,0.0,29.0,1.0,ML,,,,2.2,0.2,3
2593407,2006-07-08T22:35:24Z,-43.21,0.0,170.9,0.0,5.0,0.0,ML,,,,2.3,0.2,3
2834786,2006-07-08T22:37:50Z,-39.42,0.0,177.4,0.0,47.0,5.0,ML,,,,2.1,0.0,2
2593412,2006-07-08T22:53:02Z,-38.52,0.0,178.23,0.0,27.0,2.0,ML,,,,3.3,0.1,4
2593420,2006-07-08T23:18:11Z,-44.51,0.0,167.81,0.0,12.0,2.0,ML,,,,3.9,0.2,13
2593422,2006-07-08T23:22:29Z,-44.52,0.0,167.8,0.0,12.0,0.0,ML,,,,2.9,0.2,9
2834840,2006-07-08T23:25:12Z,-41.51,0.0,174.77,0.0,26.0,1.0,ML,,,,2.1,0.1,7
2593425,2006-07-08T23:32:28Z,-38.06,0.0,176.74,0.0,5.0,0.0,ML,,,,1.9,nan,1
2593428,2006-07-08T23:38:58Z,-38.07,0.0,176.73,0.0,5.0,0.0,ML,,,,2.3,0.1,2
2593431,2006-07-08T23:46:23Z,-44.49,0.0,167.85,0.0,5.0,0.0,ML,,,,2.3,0.2,5
2593438,2006-07-09T00:03:18Z,-37.48,0.0,176.57,0.0,202.0,2.0,ML,,,,4.1,0.2,12
2593462,2006-07-09T01:11:52Z,-39.55,0.0,175.64,0.0,18.0,2.0,ML,,,,2.1,0.1,7
2593472,2006-07-09T01:38:31Z,-44.52,0.0,167.81,0.0,12.0,1.0,ML,,,,2.8,0.2,11
2593495,2006-07-09T02:46:43Z,-44.56,0.0,168.12,0.0,91.0,2.0,ML,,,,3.3,0.2,8
2593508,2006-07-09T03:21:07Z,-45.15,0.0,167.04,0.0,12.0,0.0,ML,,,,2.6,0.2,7
2855033,2006-07-09T03:21:45Z,-45.15,0.0,167.02,0.1,12.0,0.0,ML,,,,2.2,0.2,5
2593533,2006-07-09T04:28:28Z,-39.19,0.0,174.81,0.0,31.0,1.0,ML,,,,2.4,0.2,10
2593542,2006-07-09T04:55:58Z,-44.91,0.0,168.84,0.1,5.0,0.0,ML,,,,1.6,0.2,3
2593556,2006-07-09T05:42:48Z,-41.66,0.0,174.15,0.0,5.0,0.0,ML,,,,2.3,0.3,13
2855079,2006-07-09T05:43:49Z,-41.39,0.0,172.37,0.0,5.0,0.0,ML,,,,2.3,0.2,7
2593563,2006-07-09T06:03:37Z,-38.0,0.0,178.78,0.0,33.0,0.0,ML,,,,2.2,0.1,4
2593592,2006-07-09T07:49:11Z,-39.67,0.0,176.34,0.0,29.0,2.0,ML,,,,2.3,0.2,8
2593621,2006-07-09T09:24:14Z,-37.97,0.0,177.84,0.0,78.0,4.0,ML,,,,3.1,0.2,4
2593630,2006-07-09T09:46:33Z,-44.37,0.0,168.4,0.0,5.0,0.0,ML,,,,2.3,0.2,9
2593637,2006-07-09T10:05:25Z,-39.52,0.1,177.44,0.0,33.0,0.0,ML,,,,2.2,0.1,2
2593657,2006-07-09T11:13:16Z,-41.35,0.0,174.92,0.0,27.0,1.0,ML,,,,2.1,0.2,12
2593668,2006-07-09T11:40:49Z,-41.58,0.0,174.64,0.0,33.0,0.0,ML,,,,2.0,0.1,5
2593677,2006-07-09T12:08:23Z,-37.89,0.0,177.09,0.0,86.0,2.0,ML,,,,2.4,0.2,3
2593683,2006-07-09T12:21:37Z,-40.84,0.0,174.68,0.0,42.0,1.0,ML,,,,2.2,0.2,9
2593686,2006-07-09T12:31:36Z,-40.24,0.0,176.29,0.0,50.0,4.0,ML,,,,2.6,0.2,3
2593708,2006-07-09T13:48:36Z,-38.36,0.0,175.6,0.1,113.0,6.0,ML,,,,2.6,0.1,4
2593710,2006-07-09T13:54:26Z,-37.59,0.0,177.09,0.0,5.0,0.0,ML,,,,2.9,0.2,3
2593719,2006-07-09T14:16:46Z,-38.6,0.0,177.61,0.0,49.0,4.0,ML,,,,3.0,0.2,5
2593721,2006-07-09T14:23:13Z,-43.75,0.0,170.06,0.0,5.0,0.0,ML,,,,2.0,0.2,5
2593731,2006-07-09T14:58:57Z,-39.64,0.0,173.96,0.1,143.0,7.0,ML,,,,2.9,0.2,3
2593734,2006-07-09T15:10:18Z,-37.59,0.0,177.1,0.0,5.0,0.0,ML,,,,2.8,0.1,4
2593735,2006-07-09T15:15:05Z,-39.3,0.0,175.14,0.0,28.0,1.0,ML,,,,2.1,0.1,14
2593741,2006-07-09T15:29:30Z,-41.24,0.0,175.17,0.0,23.0,1.0,ML,,,,2.2,0.2,10
2593752,2006-07-09T16:11:33Z,-37.98,0.0,176.64,0.0,5.0,0.0,ML,,,,1.9,nan,1
2593762,2006-07-09T16:50:58Z,-45.22,0.0,166.86,0.1,12.0,0.0,ML,,,,2.2,0.2,4
2593777,2006-07-09T17:37:49Z,-38.95,0.0,175.68,0.0,5.0,0.0,ML,,,,2.0,0.1,6
2593778,2006-07-09T17:39:06Z,-38.96,0.0,175.71,0.0,11.0,1.0,ML,,,,2.2,0.1,10
2593780,2006-07-09T17:42:14Z,-38.96,0.0,175.71,0.0,9.0,1.0,ML,,,,2.1,0.1,10
2593789,2006-07-09T18:18:06Z,-39.68,0.0,175.72,0.0,18.0,2.0,ML,,,,2.2,0.2,15
2593795,2006-07-09T18:41:08Z,-40.71,0.0,174.52,0.0,69.0,3.0,ML,,,,2.7,0.1,9
2593815,2006-07-09T19:39:21Z,-39.32,0.0,173.83,0.0,9.0,1.0,ML,,,,2.7,0.2,19
2593838,2006-07-09T21:01:35Z,-41.68,0.0,174.16,0.0,8.0,2.0,Mw,3.6,nan,0,4.1,0.2,38
2855170,2006-07-09T21:01:51Z,-41.7,0.0,174.18,0.0,12.0,0.0,ML,,,,3.6,0.2,15
2593855,2006-07-09T22:01:48Z,-41.72,0.0,174.21,0.0,16.0,1.0,ML,,,,2.1,0.3,3
2593863,2006-07-09T22:23:31Z,-39.22,0.0,173.81,0.0,13.0,0.0,ML,,,,1.7,0.1,3
2593874,2006-07-09T22:57:44Z,-40.93,0.0,173.44,0.0,95.0,2.0,ML,,,,2.4,0.0,2
2593878,2006-07-09T23:13:52Z,-37.92,0.0,176.44,0.0,165.0,3.0,ML,,,,2.9,0.2,5
2593896,2006-07-10T00:08:06Z,-43.01,0.1,170.89,0.0,12.0,0.0,ML,,,,2.5,0.3,4
2593910,2006-07-10T01:03:09Z,-41.29,0.0,175.23,0.0,24.0,1.0,ML,,,,2.0,0.1,6
2593922,2006-07-10T01:41:38Z,-44.83,0.1,168.03,0.0,103.0,7.0,ML,,,,2.5,0.1,4
2593923,2006-07-10T01:47:37Z,-45.23,0.0,167.36,0.0,76.0,2.0,ML,,,,2.7,0.1,7
2593928,2006-07-10T02:00:26Z,-38.85,0.1,175.64,0.2,201.0,7.0,ML,,,,3.4,0.3,7
2593943,2006-07-10T02:42:18Z,-38.52,0.0,177.71,0.1,57.0,8.0,ML,,,,2.3,0.0,2
2594011,2006-07-10T05:49:29Z,-36.21,0.1,178.09,0.1,195.0,7.0,ML,,,,3.4,0.2,5
2594017,2006-07-10T06:03:47Z,-38.02,0.0,176.25,0.0,141.0,3.0,ML,,,,2.7,0.1,3
2594018,2006-07-10T06:07:50Z,-38.85,0.0,175.9,0.0,10.0,1.0,ML,,,,1.8,0.2,9
2594023,2006-07-10T06:20:51Z,-38.51,0.0,176.39,0.0,67.0,4.0,ML,,,,2.2,0.1,3
2594035,2006-07-10T06:54:32Z,-45.03,0.0,167.59,0.0,76.0,3.0,ML,,,,2.4,0.2,7
2594046,2006-07-10T07:28:26Z,-39.5,0.0,177.03,0.0,31.0,3.0,ML,,,,2.5,0.2,10
2594052,2006-07-10T07:45:34Z,-38.88,0.0,177.47,0.0,55.0,5.0,ML,,,,2.7,0.2,3
2594057,2006-07-10T07:55:40Z,-39.33,0.0,175.43,0.0,5.0,0.0,ML,,,,1.7,0.2,14
2836028,2006-07-10T08:07:12Z,-39.98,0.0,176.29,0.0,41.0,4.0,ML,,,,2.0,0.1,2
2594061,2006-07-10T08:08:04Z,-45.07,0.0,167.93,0.0,12.0,0.0,ML,,,,2.6,0.2,8
2836030,2006-07-10T08:09:06Z,-39.14,0.0,178.64,0.1,33.0,0.0,ML,,,,2.2,0.1,2
2594072,2006-07-10T08:45:37Z,-39.24,0.0,175.18,0.0,27.0,1.0,ML,,,,2.1,0.1,5
2594091,2006-07-10T09:42:46Z,-39.16,0.0,177.38,0.0,18.0,4.0,ML,,,,1.9,0.0,3
2594095,2006-07-10T09:53:03Z,-38.93,0.0,173.93,0.0,5.0,0.0,ML,,,,1.7,0.2,4
2594105,2006-07-10T10:29:34Z,-45.14,0.0,167.61,0.0,5.0,0.0,ML,,,,2.3,0.2,8
2594137,2006-07-10T12:29:46Z,-39.41,0.0,175.98,0.0,51.0,1.0,ML,,,,2.2,nan,1
2594171,2006-07-10T14:17:12Z,-39.83,0.0,173.96,0.0,129.0,7.0,ML,,,,2.4,0.0,2
2594178,2006-07-10T14:30:55Z,-37.92,0.0,176.33,0.1,165.0,5.0,ML,,,,2.9,0.1,4
2594188,2006-07-10T15:05:38Z,-45.49,0.0,167.3,0.0,102.0,3.0,ML,,,,2.8,0.0,2
2836064,2006-07-10T15:06:52Z,-38.9,0.0,175.52,0.0,115.0,2.0,ML,,,,3.0,0.4,7
2594193,2006-07-10T15:20:02Z,-39.1,0.0,175.65,0.0,5.0,0.0,ML,,,,1.7,0.3,9
2594261,2006-07-10T19:42:37Z,-41.89,0.0,171.88,0.0,10.0,2.0,ML,,,,2.7,0.2,8
2594268,2006-07-10T20:05:46Z,-41.23,0.0,172.85,0.0,136.0,1.0,ML,,,,2.8,nan,1
2594280,2006-07-10T20:45:17Z,-41.06,0.0,174.53,0.0,62.0,2.0,ML,,,,2.3,0.1,3
2594333,2006-07-10T23:28:30Z,-38.47,0.0,175.99,0.0,147.0,4.0,ML,,,,3.6,0.4,12
2594386,2006-07-11T02:26:29Z,-39.5,0.0,175.73,0.0,14.0,1.0,ML,,,,2.1,0.1,8
2594387,2006-07-11T02:28:47Z,-40.92,0.0,172.85,0.0,179.0,3.0,ML,,,,3.3,0.3,4
2594397,2006-07-11T02:52:02Z,-44.58,0.0,170.12,0.0,5.0,0.0,ML,,,,2.2,0.1,3
2836133,2006-07-11T03:48:01Z,-38.55,0.0,177.87,0.0,12.0,0.0,ML,,,,2.1,0.1,3
2594417,2006-07-11T03:48:14Z,-41.29,0.0,175.31,0.0,26.0,1.0,ML,,,,2.0,0.2,6
2594441,2006-07-11T05:16:06Z,-44.91,0.0,167.63,0.0,83.0,2.0,ML,,,,3.2,0.1,5
2594477,2006-07-11T07:12:11Z,-38.95,0.0,175.51,0.0,108.0,7.0,ML,,,,2.8,0.2,5
2594479,2006-07-11T07:17:52Z,-38.92,0.0,177.55,0.0,58.0,4.0,ML,,,,1.9,0.1,3
2594490,2006-07-11T07:51:18Z,-39.19,0.0,173.76,0.0,10.0,1.0,ML,,,,2.9,0.2,22
2594492,2006-07-11T07:59:12Z,-44.43,0.0,168.31,0.0,5.0,0.0,ML,,,,2.2,0.1,8
2594503,2006-07-11T08:25:23Z,-44.87,0.0,168.71,0.0,5.0,0.0,ML,,,,2.0,0.1,5
2594513,2006-07-11T09:09:12Z,-43.04,0.0,172.89,0.0,33.0,0.0,ML,,,,3.4,0.2,6
2594523,2006-07-11T09:34:18Z,-38.42,0.0,176.25,0.1,111.0,4.0,ML,,,,2.2,0.0,3
2594530,2006-07-11T09:49:21Z,-40.38,0.0,174.6,0.0,57.0,7.0,ML,,,,2.4,0.2,7
2594535,2006-07-11T10:00:20Z,-38.73,0.0,178.65,0.0,33.0,0.0,ML,,,,2.8,0.4,4
2594541,2006-07-11T10:13:19Z,-44.23,0.0,168.59,0.0,5.0,0.0,ML,,,,2.7,0.2,10
2594556,2006-07-11T11:06:23Z,-37.97,0.1,176.79,0.1,103.0,6.0,ML,,,,2.5,0.2,3
2594574,2006-07-11T11:58:14Z,-40.23,0.1,174.01,0.0,87.0,7.0,ML,,,,2.4,0.1,6
2594602,2006-07-11T13:19:54Z,-38.58,0.0,177.8,0.0,27.0,4.0,ML,,,,2.4,0.2,3
2594610,2006-07-11T13:51:12Z,-36.99,0.0,177.52,0.0,144.0,4.0,ML,,,,3.4,0.2,7
2594651,2006-07-11T15:26:54Z,-37.06,0.1,176.53,0.1,299.0,5.0,ML,,,,3.7,0.2,11
2594656,2006-07-11T15:41:26Z,-38.59,0.0,175.33,0.0,226.0,3.0,ML,,,,3.9,0.1,9
2594668,2006-07-11T16:21:08Z,-39.87,0.0,173.35,0.0,12.0,0.0,ML,,,,2.2,0.2,3
2594694,2006-07-11T17:33:07Z,-39.07,0.0,178.01,0.0,22.0,3.0,ML,,,,2.3,0.2,3
2594699,2006-07-11T17:41:46Z,-45.28,0.0,166.83,0.0,22.0,0.0,ML,,,,2.5,0.3,7
2594710,2006-07-11T18:14:52Z,-41.3,0.0,175.3,0.0,27.0,1.0,ML,,,,2.1,0.1,7
2594734,2006-07-11T19:20:35Z,-39.47,0.1,175.5,0.1,190.0,13.0,ML,,,,3.3,0.3,3
2594736,2006-07-11T19:28:35Z,-45.19,0.0,167.52,0.1,79.0,4.0,ML,,,,2.2,0.1,3
2836572,2006-07-11T19:29:23Z,-40.42,0.0,175.99,0.0,33.0,0.0,ML,,,,2.1,0.0,3
2594756,2006-07-11T20:47:44Z,-45.75,0.0,166.99,0.0,5.0,0.0,ML,,,,2.4,0.2,3
2594757,2006-07-11T20:52:15Z,-45.03,0.0,167.3,0.0,5.0,0.0,ML,,,,2.6,0.2,10
2594781,2006-07-11T21:53:26Z,-44.88,0.0,167.47,0.0,63.0,2.0,ML,,,,2.2,0.2,4
2594802,2006-07-11T23:01:36Z,-41.25,0.0,175.18,0.0,26.0,1.0,ML,,,,2.5,0.1,10
2594811,2006-07-11T23:33:58Z,-41.34,0.0,172.81,0.0,96.0,2.0,ML,,,,2.7,0.1,4
2594816,2006-07-11T23:52:10Z,-37.84,0.0,176.94,0.0,5.0,0.0,ML,,,,2.5,0.2,2
2594820,2006-07-12T00:01:25Z,-40.14,0.0,174.94,0.0,12.0,0.0,ML,,,,2.2,0.1,7
2594842,2006-07-12T01:07:18Z,-40.9,0.0,175.28,0.0,25.0,1.0,ML,,,,2.1,0.2,4
2594872,2006-07-12T02:33:24Z,-38.69,0.0,178.6,0.0,33.0,0.0,ML,,,,3.3,0.2,5
2594876,2006-07-12T02:47:13Z,-43.04,0.0,171.69,0.0,12.0,0.0,ML,,,,2.1,0.1,3
2594882,2006-07-12T03:04:44Z,-45.24,0.0,166.91,0.0,24.0,1.0,ML,,,,2.7,0.2,3
2594893,2006-07-12T03:42:16Z,-44.13,0.0,168.8,0.0,5.0,0.0,ML,,,,2.3,0.3,5
2594901,2006-07-12T04:00:37Z,-45.05,0.0,166.83,0.0,5.0,0.0,ML,,,,3.1,0.3,3
2594916,2006-07-12T04:43:49Z,-40.37,0.0,176.25,0.0,33.0,2.0,ML,,,,2.7,0.2,7
2594926,2006-07-12T05:04:42Z,-45.16,0.1,167.62,0.1,97.0,5.0,ML,,,,2.5,0.2,4
2595014,2006-07-12T08:45:30Z,-37.72,0.0,176.78,0.0,12.0,0.0,ML,,,,2.1,0.2,4
2595055,2006-07-12T10:23:19Z,-44.95,0.0,167.68,0.0,72.0,3.0,ML,,,,2.2,0.2,6
2595058,2006-07-12T10:32:47Z,-45.23,0.0,166.98,0.0,12.0,0.0,ML,,,,3.9,0.2,14
2595103,2006-07-12T12:29:20Z,-41.08,0.0,175.05,0.0,30.0,0.0,ML,,,,2.2,0.2,11
2595111,2006-07-12T12:47:06Z,-45.09,0.0,167.29,0.0,52.0,2.0,ML,,,,2.6,0.3,9
2595167,2006-07-12T15:12:39Z,-37.66,0.0,179.01,0.0,12.0,0.0,ML,,,,3.2,0.3,4
2595188,2006-07-12T16:25:15Z,-41.1,0.0,173.55,0.0,95.0,2.0,ML,,,,3.1,0.2,5
2595199,2006-07-12T17:06:47Z,-37.75,0.0,176.75,0.0,5.0,0.0,ML,,,,2.6,0.2,5
2595242,2006-07-12T19:19:30Z,-41.67,0.0,174.31,0.0,12.0,1.0,ML,,,,2.4,0.2,13
2595247,2006-07-12T19:39:03Z,-38.56,0.0,175.71,0.0,173.0,3.0,ML,,,,3.6,0.3,15
2595255,2006-07-12T20:04:01Z,-39.21,0.0,175.4,0.0,121.0,3.0,ML,,,,3.3,0.3,13
2595261,2006-07-12T20:23:36Z,-41.72,0.0,174.29,0.0,5.0,0.0,ML,,,,2.2,0.2,5
2595265,2006-07-12T20:37:20Z,-41.61,0.0,174.37,0.0,5.0,0.0,ML,,,,2.1,0.2,10
2837774,2006-07-12T20:37:54Z,-38.2,0.0,176.12,0.0,139.0,3.0,ML,,,,3.3,0.2,10
2595268,2006-07-12T20:47:40Z,-41.62,0.0,174.35,0.0,5.0,0.0,ML,,,,2.0,0.2,5
2595271,2006-07-12T20:58:27Z,-41.3,0.0,173.93,0.0,47.0,3.0,ML,,,,2.2,0.0,2
2595281,2006-07-12T21:35:47Z,-40.13,0.0,174.97,0.0,24.0,2.0,ML,,,,2.6,0.2,19
2595286,2006-07-12T21:48:24Z,-39.36,0.0,173.75,0.0,12.0,1.0,ML,,,,2.2,0.1,2
2595304,2006-07-12T22:38:21Z,-43.1,0.0,171.43,0.0,5.0,0.0,ML,,,,2.7,0.3,10
2595306,2006-07-12T22:42:47Z,-45.29,0.0,167.18,0.0,5.0,0.0,ML,,,,2.4,0.1,6
2595310,2006-07-12T22:54:06Z,-41.01,0.0,175.19,0.0,25.0,1.0,ML,,,,2.8,0.1,9
2595311,2006-07-12T22:57:02Z,-39.18,0.0,174.67,0.0,28.0,1.0,ML,,,,2.3,0.1,14
2595312,2006-07-12T23:00:31Z,-38.59,0.0,176.22,0.0,97.0,2.0,ML,,,,2.7,0.1,3
2595325,2006-07-12T23:50:41Z,-40.46,0.0,176.58,0.0,39.0,3.0,ML,,,,2.9,0.2,7
2595328,2006-07-13T00:04:59Z,-37.71,0.0,179.11,0.1,33.0,0.0,ML,,,,3.2,0.2,4
2595332,2006-07-13T00:19:17Z,-37.92,0.1,177.45,0.0,71.0,11.0,ML,,,,2.3,0.1,3
2595354,2006-07-13T01:29:46Z,-41.72,0.0,174.29,0.0,5.0,0.0,ML,,,,2.4,0.3,10
2595398,2006-07-13T03:25:26Z,-44.89,0.0,167.62,0.0,82.0,3.0,ML,,,,2.8,0.3,9
2595435,2006-07-13T05:37:24Z,-39.26,0.0,174.85,0.0,30.0,1.0,ML,,,,2.2,0.2,10
2595445,2006-07-13T06:02:08Z,-45.05,0.0,167.94,0.0,12.0,0.0,ML,,,,2.4,0.1,7
2595461,2006-07-13T06:46:32Z,-41.75,0.0,172.25,0.0,5.0,0.0,ML,,,,1.8,0.3,3
2595474,2006-07-13T07:20:36Z,-41.77,0.0,172.24,0.0,5.0,0.0,ML,,,,1.9,0.3,3
2595494,2006-07-13T08:22:55Z,-39.16,0.0,175.63,0.0,1.0,0.0,ML,,,,1.0,0.1,2
2595506,2006-07-13T08:47:16Z,-41.37,0.0,174.22,0.0,63.0,1.0,ML,,,,2.4,0.1,7
2836128,2006-07-13T08:59:01Z,-37.48,0.1,176.99,0.1,131.0,10.0,ML,,,,2.2,0.2,3
2595510,2006-07-13T08:59:48Z,-39.16,0.0,175.63,0.0,1.0,0.0,ML,,,,1.0,0.1,2
2595511,2006-07-13T09:01:51Z,-40.61,0.0,174.64,0.0,12.0,0.0,ML,,,,2.3,0.1,14
2595517,2006-07-13T09:18:37Z,-42.17,0.0,174.11,0.0,29.0,1.0,ML,,,,3.3,0.2,12
2595519,2006-07-13T09:28:13Z,-36.19,0.1,178.36,0.1,235.0,8.0,ML,,,,3.2,0.3,4
2595537,2006-07-13T10:28:18Z,-40.62,0.0,174.3,0.0,55.0,4.0,ML,,,,2.5,0.2,6
2595538,2006-07-13T10:35:13Z,-38.88,0.0,176.22,0.0,84.0,1.0,ML,,,,3.8,0.1,16
2595565,2006-07-13T11:49:41Z,-38.13,0.0,176.25,0.0,5.0,0.0,ML,,,,1.4,0.1,2
2595570,2006-07-13T12:01:37Z,-39.11,0.0,177.97,0.0,5.0,0.0,ML,,,,2.8,0.2,6
2836431,2006-07-13T12:02:14Z,-38.09,0.2,175.99,0.3,201.0,14.0,ML,,,,2.9,0.1,3
2595593,2006-07-13T13:36:30Z,-40.28,0.0,174.35,0.0,69.0,11.0,ML,,,,2.3,0.1,3
2595598,2006-07-13T13:57:33Z,-36.94,0.0,-179.31,0.0,33.0,0.0,ML,,,,2.9,0.1,4
2595599,2006-07-13T14:02:03Z,-38.18,0.0,177.0,0.0,65.0,2.0,ML,,,,3.3,0.2,9
2595603,2006-07-13T14:16:11Z,-37.14,0.0,177.48,0.0,111.0,6.0,ML,,,,2.8,0.1,4
2595626,2006-07-13T15:39:01Z,-39.92,0.0,174.94,0.0,42.0,3.0,ML,,,,2.7,0.2,9
2836461,2006-07-13T15:56:15Z,-37.02,0.0,177.53,0.0,195.0,2.0,ML,,,,2.9,0.2,5
2595631,2006-07-13T15:57:25Z,-38.37,0.0,177.49,0.0,28.0,3.0,ML,,,,2.1,0.4,4
2595639,2006-07-13T16:25:54Z,-38.83,0.0,176.2,0.0,71.0,2.0,ML,,,,2.9,0.2,7
2595643,2006-07-13T16:42:24Z,-35.81,0.2,179.57,0.1,259.0,11.0,ML,,,,3.4,0.3,4
2595656,2006-07-13T17:23:36Z,-40.44,0.0,174.51,0.0,33.0,0.0,ML,,,,2.0,0.1,3
2595660,2006-07-13T17:40:50Z,-45.17,0.0,167.43,0.0,73.0,2.0,ML,,,,2.4,0.2,5
2595662,2006-07-13T17:45:13Z,-41.01,0.0,176.09,0.0,32.0,1.0,ML,,,,2.1,0.2,5
2595663,2006-07-13T17:47:28Z,-41.62,0.0,174.63,0.0,30.0,1.0,ML,,,,2.2,0.2,12
2595670,2006-07-13T18:12:45Z,-45.15,0.0,166.97,0.0,22.0,3.0,ML,,,,2.3,0.2,4
2595680,2006-07-13T18:55:42Z,-38.6,0.0,178.63,0.0,12.0,0.0,ML,,,,3.2,0.2,10
2595683,2006-07-13T19:11:43Z,-39.63,0.0,176.49,0.0,33.0,0.0,ML,,,,2.8,0.1,14
2595706,2006-07-13T20:29:53Z,-46.13,0.0,167.82,0.0,33.0,0.0,ML,,,,2.2,0.1,3
2595717,2006-07-13T21:16:26Z,-45.41,0.0,167.44,0.0,22.0,2.0,ML,,,,2.0,0.1,3
2595724,2006-07-13T21:35:41Z,-39.25,0.0,174.84,0.0,30.0,1.0,ML,,,,2.3,0.2,10
2595748,2006-07-13T22:52:39Z,-44.1,0.0,168.93,0.1,33.0,0.0,ML,,,,1.8,0.1,3
2595786,2006-07-14T00:54:02Z,-40.75,0.0,-179.45,0.0,33.0,0.0,ML,,,,5.2,0.2,58
2595819,2006-07-14T02:27:28Z,-45.54,0.0,167.07,0.0,46.0,2.0,ML,,,,3.2,0.1,4
2595838,2006-07-14T03:31:39Z,-42.27,0.1,172.77,0.2,5.0,0.0,ML,,,,2.0,0.2,3
2595839,2006-07-14T03:37:06Z,-39.14,0.0,175.04,0.0,12.0,0.0,ML,,,,2.7,0.1,19
2595845,2006-07-14T03:53:14Z,-39.76,0.0,176.13,0.0,40.0,3.0,ML,,,,2.8,0.3,3
2595867,2006-07-14T05:00:04Z,-37.85,0.0,175.8,0.1,33.0,0.0,ML,,,,2.6,0.1,2
2595874,2006-07-14T05:29:45Z,-39.17,0.0,177.23,0.0,24.0,3.0,ML,,,,2.6,0.1,3
2595891,2006-07-14T06:28:44Z,-45.38,0.0,166.91,0.0,24.0,1.0,ML,,,,2.3,0.1,3
2595899,2006-07-14T07:05:55Z,-44.88,0.0,167.68,0.0,88.0,2.0,ML,,,,2.6,0.2,10
2837776,2006-07-14T07:08:53Z,-38.48,0.0,178.71,0.0,12.0,0.0,ML,,,,2.6,0.1,3
2595930,2006-07-14T08:46:24Z,-38.3,0.0,176.81,0.0,5.0,0.0,ML,,,,2.2,0.3,3
2595936,2006-07-14T09:03:50Z,-38.36,0.0,176.01,0.0,146.0,2.0,ML,,,,2.8,0.2,3
2595943,2006-07-14T09:28:02Z,-38.34,0.0,175.96,0.1,152.0,5.0,ML,,,,3.1,0.1,5
2595954,2006-07-14T10:08:28Z,-37.32,0.0,177.19,0.0,161.0,3.0,ML,,,,4.3,0.2,13
2595968,2006-07-14T10:59:09Z,-44.29,0.0,169.57,0.0,5.0,0.0,ML,,,,2.0,0.4,3
2595997,2006-07-14T13:09:12Z,-45.23,0.0,166.97,0.0,23.0,2.0,ML,,,,2.5,0.1,8
2596012,2006-07-14T14:22:21Z,-40.21,0.0,174.33,0.0,106.0,4.0,ML,,,,2.6,0.2,6
2596033,2006-07-14T15:46:03Z,-37.86,0.0,176.42,0.1,113.0,5.0,ML,,,,2.5,0.1,3
2596050,2006-07-14T16:40:24Z,-38.38,0.0,175.79,0.0,144.0,5.0,ML,,,,3.6,0.5,13
2596057,2006-07-14T17:12:23Z,-40.38,0.0,174.49,0.0,55.0,4.0,ML,,,,2.6,0.1,5
2596065,2006-07-14T17:38:49Z,-45.28,0.0,166.94,0.0,23.0,2.0,ML,,,,1.7,0.2,2
2596067,2006-07-14T17:48:52Z,-40.27,0.0,174.51,0.0,71.0,4.0,ML,,,,2.4,0.2,2
2596088,2006-07-14T19:14:07Z,-44.47,0.0,169.4,0.0,5.0,0.0,ML,,,,2.1,0.2,6
2596102,2006-07-14T20:12:58Z,-43.46,0.0,170.83,0.0,12.0,0.0,ML,,,,2.0,0.2,3
2596105,2006-07-14T20:20:37Z,-41.38,0.0,172.36,0.0,12.0,0.0,ML,,,,2.4,0.2,4
2596151,2006-07-14T23:09:21Z,-39.94,0.0,174.38,0.0,129.0,2.0,ML,,,,3.7,0.3,15
2596206,2006-07-15T02:06:14Z,-36.69,0.1,-179.41,0.1,33.0,0.0,ML,,,,3.8,0.1,3
2837778,2006-07-15T02:07:50Z,-39.95,0.0,174.41,0.0,123.0,5.0,ML,,,,2.8,0.0,2
2596209,2006-07-15T02:16:58Z,-41.78,0.0,174.36,0.0,24.0,1.0,ML,,,,2.6,0.2,10
2596211,2006-07-15T02:27:13Z,-37.8,0.0,177.61,0.0,55.0,2.0,ML,,,,3.1,0.2,4
2596226,2006-07-15T03:23:10Z,-44.54,0.0,167.72,0.0,5.0,0.0,ML,,,,2.3,0.3,5
2596242,2006-07-15T04:14:07Z,-45.09,0.0,167.51,0.0,63.0,2.0,ML,,,,1.9,0.1,3
2596260,2006-07-15T05:05:28Z,-44.75,0.0,167.94,0.0,99.0,3.0,ML,,,,2.6,0.3,10
2596268,2006-07-15T05:29:07Z,-39.85,0.0,174.05,0.0,228.0,3.0,ML,,,,3.1,0.2,8
2596269,2006-07-15T05:31:38Z,-37.24,0.0,176.82,0.1,244.0,4.0,ML,,,,3.3,0.3,2
2596273,2006-07-15T05:46:21Z,-45.16,0.0,167.4,0.0,95.0,2.0,ML,,,,2.4,0.3,4
2837907,2006-07-15T07:19:06Z,-45.03,0.0,167.54,0.0,88.0,2.0,ML,,,,2.6,0.3,8
2596299,2006-07-15T07:25:43Z,-41.62,0.0,174.66,0.0,31.0,1.0,ML,,,,2.8,0.1,10
2596310,2006-07-15T07:51:44Z,-42.13,0.0,174.36,0.0,33.0,0.0,ML,,,,2.2,0.1,5
2596321,2006-07-15T08:27:48Z,-44.42,0.0,168.54,0.1,5.0,0.0,ML,,,,1.8,0.2,4
2837921,2006-07-15T08:28:32Z,-44.41,0.0,168.58,0.1,5.0,0.0,ML,,,,2.0,0.2,3
2596323,2006-07-15T08:37:04Z,-39.88,0.0,175.17,0.0,23.0,2.0,ML,,,,2.5,0.2,20
2596340,2006-07-15T09:38:59Z,-37.41,0.1,176.38,0.1,230.0,6.0,ML,,,,3.2,0.1,7
2596346,2006-07-15T10:09:17Z,-39.01,0.0,177.87,0.0,18.0,2.0,ML,,,,2.5,0.2,4
2838385,2006-07-15T10:09:48Z,-41.6,0.0,172.1,0.0,5.0,0.0,ML,,,,2.0,0.2,4
2838387,2006-07-15T10:10:51Z,-43.72,0.0,171.37,0.0,12.0,0.0,ML,,,,2.6,0.3,11
2596350,2006-07-15T10:21:24Z,-41.15,0.0,174.17,0.0,50.0,2.0,ML,,,,2.2,0.2,3
2596371,2006-07-15T11:43:41Z,-40.71,0.0,174.42,0.0,54.0,3.0,ML,,,,2.7,0.1,10
2596378,2006-07-15T12:07:19Z,-39.48,0.0,175.68,0.0,13.0,1.0,ML,,,,2.8,0.2,20
2845550,2006-07-15T13:38:47Z,-37.29,0.0,177.19,0.1,12.0,0.0,ML,,,,3.2,0.4,5
2596403,2006-07-15T13:40:15Z,-40.44,0.0,173.38,0.0,146.0,3.0,ML,,,,3.4,0.2,14
2596405,2006-07-15T13:43:36Z,-45.18,0.0,167.02,0.0,46.0,2.0,ML,,,,1.9,0.2,5
2596407,2006-07-15T13:51:12Z,-41.71,0.0,172.21,0.0,98.0,3.0,ML,,,,2.4,0.2,3
2596408,2006-07-15T13:54:27Z,-38.93,0.0,173.92,0.0,5.0,0.0,ML,,,,1.4,0.2,4
2596414,2006-07-15T14:10:42Z,-44.93,0.0,167.62,0.0,74.0,3.0,ML,,,,2.1,0.2,6
2596422,2006-07-15T14:45:21Z,-45.3,0.0,167.3,0.0,69.0,2.0,ML,,,,2.7,0.2,11
2596429,2006-07-15T15:11:27Z,-38.69,0.1,175.39,0.1,213.0,6.0,ML,,,,3.3,0.3,8
2596439,2006-07-15T15:41:56Z,-39.67,0.0,176.94,0.0,48.0,2.0,ML,,,,2.5,0.3,3
2596445,2006-07-15T16:02:33Z,-38.55,0.0,178.02,0.0,25.0,3.0,ML,,,,2.4,0.1,2
2596454,2006-07-15T16:31:47Z,-38.55,0.0,177.99,0.1,12.0,0.0,ML,,,,2.5,0.1,2
2596455,2006-07-15T16:33:02Z,-40.28,0.0,174.19,0.0,94.0,9.0,ML,,,,2.0,0.3,2
2596461,2006-07-15T16:55:59Z,-44.44,0.0,168.35,0.1,91.0,6.0,ML,,,,2.3,0.3,5
2596462,2006-07-15T17:01:02Z,-38.61,0.0,177.87,0.1,5.0,0.0,ML,,,,2.4,0.2,3
2851012,2006-07-15T17:03:53Z,-39.21,0.0,178.16,0.0,12.0,0.0,ML,,,,2.6,0.1,3
2596476,2006-07-15T18:15:00Z,-44.89,0.0,167.59,0.0,76.0,2.0,ML,,,,2.9,0.2,11
2596481,2006-07-15T18:33:10Z,-38.47,0.0,174.0,0.0,33.0,0.0,ML,,,,2.7,0.2,9
2596484,2006-07-15T18:45:21Z,-41.12,0.0,174.3,0.0,53.0,2.0,ML,,,,2.6,0.2,6
2851016,2006-07-15T18:45:22Z,-41.11,0.0,175.37,0.0,29.0,1.0,ML,,,,2.7,0.1,8
2596486,2006-07-15T18:55:18Z,-45.98,0.0,167.26,0.0,5.0,0.0,ML,,,,2.0,0.2,3
2596507,2006-07-15T20:15:39Z,-39.26,0.0,175.11,0.0,32.0,1.0,ML,,,,2.2,0.2,10
2596508,2006-07-15T20:17:20Z,-39.2,0.0,178.16,0.0,12.0,0.0,ML,,,,3.2,0.1,4
2596516,2006-07-15T20:48:26Z,-38.53,0.0,178.02,0.0,33.0,0.0,ML,,,,3.1,0.4,4
2596517,2006-07-15T20:51:26Z,-41.3,0.0,173.09,0.0,105.0,2.0,ML,,,,2.7,0.2,5
2596525,2006-07-15T21:29:34Z,-45.14,0.0,167.55,0.0,84.0,4.0,ML,,,,2.3,0.2,5
2855045,2006-07-15T21:55:25Z,-39.31,0.0,173.92,0.0,28.0,1.0,ML,,,,1.6,0.1,3
2596532,2006-07-15T21:55:40Z,-40.98,0.0,177.01,0.0,33.0,0.0,ML,,,,4.1,0.3,31
2596533,2006-07-15T21:57:57Z,-37.65,0.1,175.84,0.2,278.0,11.0,ML,,,,3.7,0.1,7
2596534,2006-07-15T22:01:45Z,-38.54,0.0,178.06,0.1,33.0,0.0,ML,,,,3.2,0.2,4
2596536,2006-07-15T22:08:30Z,-38.91,0.0,175.5,0.0,122.0,7.0,ML,,,,3.0,0.3,7
2596538,2006-07-15T22:17:43Z,-40.26,0.0,174.38,0.0,12.0,0.0,ML,,,,1.9,0.1,2
2596543,2006-07-15T22:33:05Z,-40.99,0.0,177.04,0.0,33.0,0.0,ML,,,,3.3,0.2,11
2596560,2006-07-15T23:26:08Z,-41.68,0.0,173.85,0.0,17.0,1.0,ML,,,,2.0,0.2,8
2855080,2006-07-15T23:26:14Z,-41.68,0.0,173.85,0.0,17.0,2.0,ML,,,,2.4,0.2,11
2855081,2006-07-15T23:26:36Z,-41.69,0.0,173.85,0.0,16.0,2.0,ML,,,,2.0,0.2,6
2855086,2006-07-15T23:27:02Z,-41.68,0.0,173.85,0.0,16.0,2.0,ML,,,,1.8,0.3,6
2596561,2006-07-15T23:28:45Z,-43.11,0.0,170.8,0.0,5.0,0.0,ML,,,,2.8,0.3,12
2855091,2006-07-15T23:30:41Z,-39.94,0.0,175.57,0.0,57.0,2.0,ML,,,,2.5,0.1,3
2596568,2006-07-15T23:57:06Z,-41.7,0.0,173.83,0.0,16.0,2.0,ML,,,,2.0,0.2,5
2596572,2006-07-16T00:14:57Z,-40.79,0.0,174.08,0.0,61.0,2.0,ML,,,,2.2,0.1,8
2596579,2006-07-16T00:31:38Z,-41.18,0.0,172.59,0.0,5.0,0.0,ML,,,,2.1,0.2,4
2596594,2006-07-16T01:14:46Z,-40.41,0.0,176.26,0.0,29.0,2.0,ML,,,,2.3,0.2,4
2596598,2006-07-16T01:25:06Z,-43.73,0.0,170.15,0.0,5.0,0.0,ML,,,,2.1,0.2,6
2596603,2006-07-16T01:42:50Z,-40.21,0.0,174.36,0.0,12.0,0.0,ML,,,,2.7,0.2,22
2596611,2006-07-16T02:09:07Z,-43.1,0.0,170.8,0.0,5.0,0.0,ML,,,,2.9,0.3,14
2596626,2006-07-16T03:01:10Z,-36.82,0.0,177.7,0.1,184.0,5.0,ML,,,,4.0,0.1,5
2596642,2006-07-16T03:59:57Z,-40.86,0.0,174.28,0.0,84.0,2.0,ML,,,,2.8,0.2,9
2596649,2006-07-16T04:20:22Z,-41.31,0.0,172.11,0.0,5.0,0.0,ML,,,,2.3,0.1,4
2596651,2006-07-16T04:25:56Z,-38.91,0.0,178.0,0.0,32.0,1.0,ML,,,,2.6,0.2,2
2596671,2006-07-16T05:17:26Z,-45.04,0.0,167.92,0.0,12.0,0.0,ML,,,,1.8,0.2,3
2596693,2006-07-16T06:11:08Z,-38.97,0.0,178.03,0.0,38.0,3.0,ML,,,,2.6,0.1,3
2596698,2006-07-16T06:29:31Z,-45.25,0.0,166.78,0.0,22.0,1.0,ML,,,,2.2,0.2,3
2596713,2006-07-16T07:09:59Z,-43.1,0.0,170.79,0.0,5.0,0.0,ML,,,,2.1,0.2,7
2839146,2006-07-16T07:10:42Z,-39.97,0.0,176.63,0.0,50.0,3.0,ML,,,,2.3,0.2,5
2596715,2006-07-16T07:17:09Z,-37.68,0.0,177.94,0.0,85.0,3.0,ML,,,,3.6,0.2,10
2839163,2006-07-16T07:34:17Z,-38.32,0.0,178.46,0.0,33.0,0.0,ML,,,,3.4,0.4,13
2596723,2006-07-16T07:42:50Z,-38.31,0.0,178.42,0.0,12.0,0.0,ML,,,,3.1,0.3,5
2596731,2006-07-16T08:04:45Z,-44.17,0.0,168.69,0.1,5.0,0.0,ML,,,,1.8,0.4,3
2596775,2006-07-16T10:23:09Z,-44.61,0.0,168.21,0.0,84.0,3.0,ML,,,,2.1,0.2,7
2596777,2006-07-16T10:33:58Z,-40.55,0.0,173.92,0.0,79.0,4.0,ML,,,,2.3,0.2,6
2596779,2006-07-16T10:39:34Z,-39.31,0.0,174.86,0.0,31.0,1.0,ML,,,,2.4,0.1,9
2596828,2006-07-16T11:42:50Z,-42.07,0.0,173.91,0.0,12.0,0.0,ML,,,,1.9,0.1,6
2596831,2006-07-16T11:44:46Z,-39.19,0.0,178.17,0.0,12.0,0.0,ML,,,,3.0,0.2,4
2596838,2006-07-16T11:52:19Z,-40.13,0.0,174.89,0.0,33.0,0.0,ML,,,,2.2,0.2,21
2596857,2006-07-16T12:16:28Z,-40.91,0.0,176.04,0.0,28.0,1.0,ML,,,,2.1,0.1,6
2596878,2006-07-16T12:42:27Z,-43.51,0.0,170.68,0.0,5.0,0.0,ML,,,,2.6,0.3,15
2596883,2006-07-16T12:50:35Z,-45.31,0.0,166.76,0.1,12.0,0.0,ML,,,,2.1,0.1,4
2596914,2006-07-16T13:36:46Z,-38.59,0.0,177.71,0.0,58.0,3.0,ML,,,,1.9,0.1,2
2596917,2006-07-16T13:46:30Z,-40.2,0.0,174.74,0.0,12.0,0.0,ML,,,,2.0,0.1,11
2596919,2006-07-16T13:53:21Z,-40.57,0.0,174.9,0.0,24.0,2.0,ML,,,,2.7,0.1,10
2596954,2006-07-16T15:51:31Z,-45.1,0.0,167.41,0.0,123.0,2.0,ML,,,,2.8,0.1,8
2596957,2006-07-16T16:03:40Z,-41.62,0.0,174.35,0.0,5.0,0.0,ML,,,,2.1,0.3,15
2596958,2006-07-16T16:10:13Z,-41.71,0.0,174.58,0.0,27.0,1.0,ML,,,,1.8,0.2,8
2596959,2006-07-16T16:11:19Z,-41.61,0.0,174.04,0.0,18.0,3.0,ML,,,,1.8,0.3,3
2596961,2006-07-16T16:18:08Z,-41.61,0.0,174.36,0.0,5.0,0.0,ML,,,,2.0,0.2,9
2596963,2006-07-16T16:27:12Z,-38.97,0.0,175.16,0.0,5.0,0.0,ML,,,,1.8,0.2,12
2596965,2006-07-16T16:36:18Z,-44.93,0.0,167.67,0.0,72.0,4.0,ML,,,,1.7,0.0,3
2596970,2006-07-16T16:52:52Z,-38.33,0.0,176.73,0.0,65.0,2.0,ML,,,,2.5,0.1,3
2596972,2006-07-16T17:02:13Z,-41.05,0.0,174.85,0.0,51.0,1.0,ML,,,,2.1,0.3,7
2596975,2006-07-16T17:08:52Z,-41.64,0.0,174.33,0.0,21.0,5.0,ML,,,,1.5,0.1,3
2597001,2006-07-16T18:17:23Z,-44.84,0.0,167.21,0.0,5.0,0.0,ML,,,,2.0,0.2,6
2839191,2006-07-16T18:19:07Z,-41.04,0.0,173.18,0.0,115.0,1.0,ML,,,,2.5,nan,1
2597008,2006-07-16T18:37:28Z,-45.24,0.0,166.96,0.0,24.0,1.0,ML,,,,1.7,0.2,3
2597035,2006-07-16T19:54:53Z,-38.55,0.0,177.96,0.0,25.0,2.0,ML,,,,3.3,0.1,4
2597074,2006-07-16T21:53:33Z,-44.01,0.0,169.07,0.0,5.0,0.0,ML,,,,2.1,0.2,6
2597083,2006-07-16T22:29:15Z,-39.92,0.0,176.89,0.0,44.0,3.0,ML,,,,3.1,0.3,12
2597100,2006-07-16T23:14:03Z,-41.16,0.0,174.99,0.0,29.0,1.0,ML,,,,2.1,0.2,7
2837889,2006-07-17T00:36:59Z,-38.21,0.1,177.14,0.0,59.0,3.0,ML,,,,2.1,0.0,2
2597126,2006-07-17T00:37:56Z,-40.88,0.0,175.15,0.0,33.0,1.0,ML,,,,2.3,0.2,9
2597141,2006-07-17T01:25:09Z,-44.08,0.0,168.99,0.0,22.0,3.0,ML,,,,2.1,0.3,6
2597146,2006-07-17T01:42:45Z,-45.11,0.0,167.53,0.0,112.0,3.0,ML,,,,2.7,0.2,8
2597163,2006-07-17T02:32:26Z,-38.61,0.0,175.58,0.0,12.0,0.0,ML,,,,1.7,0.1,5
2597173,2006-07-17T03:10:47Z,-40.36,0.0,174.05,0.0,12.0,0.0,ML,,,,2.2,0.2,6
2597177,2006-07-17T03:26:33Z,-41.61,0.0,174.34,0.0,12.0,0.0,ML,,,,1.6,0.1,5
2597190,2006-07-17T04:10:35Z,-39.08,0.1,175.6,0.1,96.0,13.0,ML,,,,2.8,0.2,5
2597206,2006-07-17T05:02:41Z,-39.17,0.0,174.93,0.0,33.0,0.0,ML,,,,2.0,0.1,12
2597207,2006-07-17T05:06:17Z,-39.28,0.0,174.92,0.0,33.0,0.0,ML,,,,2.5,0.2,12
2597228,2006-07-17T06:05:02Z,-46.09,0.0,167.87,0.0,12.0,0.0,ML,,,,2.1,0.3,4
2597240,2006-07-17T06:31:35Z,-40.49,0.0,175.79,0.0,24.0,1.0,ML,,,,2.3,0.1,6
2597252,2006-07-17T07:03:58Z,-45.27,0.0,167.19,0.0,65.0,1.0,ML,,,,1.9,0.2,2
2597254,2006-07-17T07:08:00Z,-40.41,0.0,176.6,0.0,33.0,2.0,ML,,,,2.0,0.2,3
2597259,2006-07-17T07:19:53Z,-41.23,0.0,173.46,0.0,76.0,2.0,ML,,,,2.2,nan,1
2597262,2006-07-17T07:26:43Z,-39.51,0.0,175.67,0.0,22.0,2.0,ML,,,,1.7,0.1,9
2597268,2006-07-17T07:41:04Z,-38.47,0.0,175.61,0.1,179.0,6.0,ML,,,,3.2,0.2,7
2597286,2006-07-17T08:33:31Z,-44.0,0.0,169.03,0.0,12.0,0.0,ML,,,,1.7,0.1,3
2597290,2006-07-17T08:43:08Z,-39.26,0.0,177.94,0.0,30.0,1.0,ML,,,,2.1,0.1,2
2597292,2006-07-17T08:49:22Z,-36.65,0.0,177.91,0.0,33.0,0.0,ML,,,,3.0,0.1,3
2597301,2006-07-17T09:14:42Z,-41.67,0.0,174.59,0.0,26.0,2.0,ML,,,,2.1,0.3,4
2838334,2006-07-17T09:15:06Z,-41.17,0.1,173.22,0.0,101.0,2.0,ML,,,,1.5,nan,1
2838332,2006-07-17T09:16:54Z,-45.22,0.0,170.21,0.0,5.0,0.0,ML,,,,2.6,0.2,8
2597304,2006-07-17T09:25:32Z,-39.75,0.0,176.85,0.0,48.0,3.0,ML,,,,2.5,0.0,3
2838339,2006-07-17T09:26:01Z,-40.06,0.0,176.71,0.0,51.0,2.0,ML,,,,2.6,0.2,5
2597307,2006-07-17T09:38:57Z,-37.91,0.0,176.3,0.0,173.0,3.0,ML,,,,3.2,0.2,10
2597308,2006-07-17T09:42:29Z,-40.69,0.0,173.75,0.0,84.0,3.0,ML,,,,2.3,0.1,3
2597309,2006-07-17T09:50:41Z,-39.19,0.0,174.52,0.0,30.0,1.0,ML,,,,1.9,0.2,5
2597328,2006-07-17T11:00:19Z,-45.17,0.1,167.58,0.1,107.0,7.0,ML,,,,2.1,0.3,3
2597330,2006-07-17T11:05:57Z,-39.28,0.0,174.82,0.0,21.0,1.0,ML,,,,2.8,0.2,19
2597337,2006-07-17T11:25:11Z,-38.61,0.0,177.89,0.1,31.0,4.0,ML,,,,2.7,0.2,4
2597341,2006-07-17T11:44:28Z,-44.23,0.0,168.62,0.0,5.0,0.0,ML,,,,2.0,0.1,7
2839124,2006-07-17T12:02:59Z,-40.96,0.0,176.09,0.0,25.0,1.0,ML,,,,1.7,0.0,2
2597346,2006-07-17T12:04:28Z,-44.43,0.0,168.33,0.0,5.0,0.0,ML,,,,2.7,0.2,11
2597353,2006-07-17T12:29:19Z,-37.73,0.0,177.55,0.0,91.0,2.0,ML,,,,2.2,0.2,2
2597354,2006-07-17T12:31:07Z,-40.22,0.0,174.99,0.0,12.0,0.0,ML,,,,2.2,0.2,17
2597397,2006-07-17T14:37:53Z,-39.15,0.0,178.0,0.0,19.0,3.0,ML,,,,2.4,0.1,2
2597410,2006-07-17T15:24:08Z,-45.11,0.0,166.75,0.0,12.0,0.0,ML,,,,2.3,0.4,4
2597419,2006-07-17T15:50:21Z,-44.26,0.0,167.63,0.0,5.0,0.0,ML,,,,3.3,0.2,6
2839143,2006-07-17T15:51:46Z,-45.64,0.0,167.12,0.0,12.0,3.0,ML,,,,2.8,0.3,7
2597421,2006-07-17T15:58:43Z,-44.29,0.0,167.72,0.1,5.0,0.0,ML,,,,1.8,0.2,4
2597422,2006-07-17T16:01:20Z,-41.71,0.0,172.13,0.0,5.0,0.0,ML,,,,4.0,0.2,40
2597425,2006-07-17T16:11:33Z,-44.38,0.0,167.59,0.1,12.0,0.0,ML,,,,1.8,0.1,3
2839157,2006-07-17T16:14:48Z,-37.25,0.1,176.92,0.2,135.0,13.0,ML,,,,2.8,0.2,3
2597430,2006-07-17T16:26:09Z,-42.33,0.0,172.91,0.0,5.0,0.0,ML,,,,2.8,0.3,16
2597464,2006-07-17T18:07:12Z,-45.13,0.0,167.43,0.0,65.0,2.0,ML,,,,3.6,0.2,11
2597470,2006-07-17T18:18:03Z,-39.78,0.0,177.29,0.0,49.0,2.0,ML,,,,3.0,0.3,7
2597483,2006-07-17T19:02:03Z,-38.3,0.0,178.41,0.0,12.0,0.0,ML,,,,3.2,0.2,4
2597485,2006-07-17T19:11:23Z,-36.98,0.0,176.67,0.0,253.0,2.0,ML,,,,3.3,0.1,7
2597486,2006-07-17T19:16:39Z,-41.08,0.0,174.22,0.0,49.0,2.0,ML,,,,2.6,0.1,8
2597488,2006-07-17T19:23:41Z,-41.59,0.0,174.09,0.0,12.0,1.0,ML,,,,2.0,0.2,13
2839229,2006-07-17T19:54:08Z,-36.57,0.1,177.08,0.1,198.0,8.0,ML,,,,3.1,0.1,3
2597497,2006-07-17T19:56:12Z,-46.06,0.0,169.89,0.0,14.0,2.0,ML,,,,2.6,0.2,8
2597505,2006-07-17T20:21:07Z,-38.31,0.0,176.16,0.0,160.0,3.0,ML,,,,3.8,0.3,16
2839240,2006-07-17T20:24:50Z,-38.35,0.1,175.67,0.0,262.0,3.0,ML,,,,3.6,0.2,9
2597507,2006-07-17T20:25:13Z,-39.3,0.0,174.92,0.0,33.0,0.0,ML,,,,1.8,0.1,9
2597517,2006-07-17T20:52:32Z,-39.69,0.0,176.9,0.0,43.0,4.0,ML,,,,2.9,0.4,6
2597535,2006-07-17T21:41:36Z,-39.19,0.0,174.84,0.0,31.0,1.0,ML,,,,2.0,0.1,7
2597578,2006-07-17T23:44:51Z,-40.12,0.0,175.03,0.0,31.0,1.0,ML,,,,3.0,0.1,14
2597582,2006-07-17T23:54:45Z,-39.32,0.0,174.67,0.0,30.0,1.0,ML,,,,2.2,0.1,10
2597593,2006-07-18T00:25:17Z,-40.13,0.0,174.61,0.0,70.0,4.0,ML,,,,2.4,0.2,8
2597598,2006-07-18T00:40:52Z,-40.5,0.0,173.61,0.0,127.0,4.0,ML,,,,2.8,0.2,7
2597609,2006-07-18T01:20:28Z,-38.56,0.0,175.97,0.0,144.0,2.0,ML,,,,3.9,0.2,18
2597618,2006-07-18T01:52:54Z,-37.82,0.0,179.2,0.1,12.0,0.0,ML,,,,3.2,0.2,6
2597630,2006-07-18T02:33:45Z,-45.54,0.0,167.05,0.0,73.0,1.0,ML,,,,2.5,0.2,8
2597669,2006-07-18T04:25:29Z,-40.9,0.0,175.79,0.0,25.0,2.0,ML,,,,2.1,0.2,3
2597690,2006-07-18T05:33:11Z,-39.39,0.0,177.22,0.0,33.0,0.0,ML,,,,2.6,0.3,2
2597693,2006-07-18T05:42:31Z,-39.31,0.0,175.26,0.0,15.0,1.0,ML,,,,1.6,0.3,9
2597702,2006-07-18T06:09:29Z,-39.28,0.0,175.1,0.0,30.0,1.0,ML,,,,1.9,0.1,7
2597714,2006-07-18T06:38:55Z,-45.03,0.0,167.06,0.0,12.0,0.0,ML,,,,2.2,0.2,3
2597717,2006-07-18T06:42:27Z,-42.2,0.0,174.0,0.0,12.0,0.0,ML,,,,2.3,0.3,9
2597722,2006-07-18T06:53:02Z,-45.14,0.0,166.99,0.0,12.0,0.0,ML,,,,2.5,0.1,9
2597734,2006-07-18T07:25:56Z,-38.55,0.0,177.99,0.1,29.0,5.0,ML,,,,2.5,0.1,2
2597754,2006-07-18T08:27:16Z,-37.99,0.0,176.56,0.0,132.0,4.0,ML,,,,2.8,0.2,5
2597774,2006-07-18T09:09:53Z,-41.7,0.0,173.78,0.0,49.0,5.0,ML,,,,1.7,0.2,4
2597792,2006-07-18T09:50:27Z,-39.24,0.0,175.14,0.0,12.0,0.0,ML,,,,1.7,0.2,9
2597796,2006-07-18T10:00:40Z,-40.4,0.0,174.07,0.0,100.0,3.0,ML,,,,2.6,0.2,7
2597802,2006-07-18T10:17:53Z,-45.18,0.0,167.37,0.0,71.0,2.0,ML,,,,2.6,0.2,7
2597808,2006-07-18T10:38:34Z,-40.71,0.0,172.53,0.0,5.0,0.0,ML,,,,2.1,0.3,3
2597809,2006-07-18T10:44:20Z,-39.25,0.0,175.19,0.0,26.0,1.0,ML,,,,2.3,0.1,7
2597815,2006-07-18T10:59:59Z,-44.96,0.0,167.61,0.0,66.0,2.0,ML,,,,2.2,0.1,7
2597825,2006-07-18T11:37:23Z,-38.17,0.0,176.6,0.0,5.0,0.0,ML,,,,1.5,0.2,2
2838798,2006-07-18T11:37:37Z,-40.4,0.0,174.3,0.0,81.0,5.0,ML,,,,2.2,0.2,5
2597851,2006-07-18T13:03:37Z,-45.08,0.0,167.38,0.0,127.0,1.0,ML,,,,2.2,0.1,4
2597854,2006-07-18T13:13:49Z,-40.72,0.0,175.81,0.0,28.0,1.0,ML,,,,2.7,0.2,22
2597868,2006-07-18T13:50:29Z,-41.22,0.0,172.85,0.0,124.0,3.0,ML,,,,2.7,0.1,4
2597873,2006-07-18T14:03:44Z,-37.14,0.1,177.14,0.1,33.0,0.0,ML,,,,2.7,0.2,3
2597880,2006-07-18T14:23:47Z,-45.24,0.0,166.98,0.0,12.0,0.0,ML,,,,2.6,0.4,9
2838809,2006-07-18T14:24:05Z,-39.17,0.0,177.88,0.0,23.0,1.0,ML,,,,2.2,0.0,2
2597891,2006-07-18T14:24:39Z,-41.79,0.1,177.88,0.1,33.0,0.0,ML,,,,3.1,0.4,11
2597882,2006-07-18T14:28:06Z,-40.96,0.0,174.55,0.0,63.0,1.0,ML,,,,2.6,0.3,12
2597883,2006-07-18T14:31:25Z,-40.32,0.0,176.39,0.0,24.0,2.0,ML,,,,2.3,0.2,5
2597894,2006-07-18T14:53:24Z,-40.47,0.0,174.39,0.0,27.0,2.0,ML,,,,2.0,0.1,9
2597895,2006-07-18T14:59:27Z,-41.22,0.0,172.74,0.0,164.0,4.0,ML,,,,2.5,0.2,2
2597897,2006-07-18T15:04:33Z,-41.41,0.0,174.12,0.0,39.0,1.0,ML,,,,2.5,0.2,14
2597898,2006-07-18T15:07:54Z,-39.5,0.0,175.68,0.0,20.0,1.0,ML,,,,2.0,0.1,6
2597918,2006-07-18T15:57:58Z,-40.0,0.0,176.83,0.0,37.0,2.0,ML,,,,2.0,0.2,5
2597930,2006-07-18T16:33:49Z,-37.8,0.1,-179.8,0.1,33.0,0.0,ML,,,,2.9,0.1,3
2597941,2006-07-18T16:52:32Z,-38.29,0.0,177.04,0.0,58.0,0.0,ML,,,,1.8,0.1,3
2597953,2006-07-18T17:24:25Z,-37.69,0.0,176.35,0.1,150.0,4.0,ML,,,,2.8,0.3,7
2597968,2006-07-18T18:02:09Z,-41.71,0.0,172.21,0.0,101.0,2.0,ML,,,,2.4,0.3,2
2838832,2006-07-18T18:03:56Z,-38.0,0.0,176.79,0.0,5.0,0.0,ML,,,,1.2,nan,1
2838830,2006-07-18T18:04:23Z,-45.21,0.0,166.76,0.0,12.0,0.0,ML,,,,2.4,0.2,6
2597972,2006-07-18T18:15:39Z,-44.87,0.0,170.45,0.0,5.0,0.0,ML,,,,1.6,0.2,3
2597975,2006-07-18T18:26:51Z,-39.63,0.0,176.54,0.0,68.0,2.0,ML,,,,3.2,0.2,4
2597985,2006-07-18T18:54:41Z,-38.13,0.0,176.27,0.0,2.0,0.0,ML,,,,2.0,0.1,4
2598043,2006-07-18T21:39:13Z,-40.52,0.0,175.58,0.0,33.0,1.0,ML,,,,2.5,0.2,7
2598088,2006-07-18T23:38:01Z,-38.25,0.0,177.78,0.0,36.0,2.0,ML,,,,2.5,0.3,3
2598092,2006-07-18T23:49:14Z,-42.01,0.0,172.93,0.0,66.0,1.0,ML,,,,2.1,0.1,2
2598105,2006-07-19T00:22:27Z,-40.15,0.0,176.35,0.0,55.0,3.0,ML,,,,2.2,0.3,4
2598106,2006-07-19T00:24:50Z,-37.92,0.0,179.19,0.1,5.0,0.0,ML,,,,2.9,0.2,4
2598116,2006-07-19T00:58:22Z,-44.68,0.0,167.51,0.0,33.0,0.0,ML,,,,2.3,0.1,3
2598118,2006-07-19T01:05:08Z,-45.29,0.0,166.89,0.0,12.0,0.0,ML,,,,3.2,0.3,5
2598181,2006-07-19T03:46:11Z,-45.15,0.0,167.43,0.0,111.0,4.0,ML,,,,2.6,0.2,4
2598224,2006-07-19T05:37:24Z,-45.07,0.0,167.46,0.0,95.0,1.0,ML,,,,3.1,0.2,7
2598232,2006-07-19T05:57:47Z,-41.89,0.0,172.04,0.0,101.0,3.0,ML,,,,2.6,0.4,2
2847677,2006-07-19T06:01:46Z,-41.74,0.0,172.15,0.0,5.0,0.0,ML,,,,2.3,0.3,3
2598236,2006-07-19T06:10:15Z,-39.83,0.0,175.16,0.0,70.0,2.0,ML,,,,2.7,0.2,8
2598241,2006-07-19T06:30:33Z,-45.37,0.0,167.17,0.0,81.0,1.0,ML,,,,2.4,0.3,3
2598287,2006-07-19T09:07:27Z,-37.82,0.0,176.47,0.0,141.0,1.0,ML,,,,2.5,0.2,3
2598291,2006-07-19T09:21:00Z,-45.44,0.0,167.05,0.0,50.0,3.0,ML,,,,2.3,0.3,4
2847714,2006-07-19T09:26:21Z,-39.29,0.0,175.32,0.0,13.0,1.0,ML,,,,1.4,0.0,4
2598293,2006-07-19T09:26:27Z,-44.67,0.0,167.94,0.0,96.0,3.0,ML,,,,3.6,0.2,10
2598297,2006-07-19T09:44:48Z,-41.09,0.0,175.07,0.0,28.0,1.0,ML,,,,2.6,0.1,10
2598303,2006-07-19T09:59:20Z,-41.54,0.0,174.41,0.0,19.0,1.0,ML,,,,1.8,0.3,7
2598309,2006-07-19T10:18:05Z,-45.15,0.0,167.33,0.0,21.0,2.0,ML,,,,1.8,0.2,3
2598338,2006-07-19T11:51:13Z,-40.99,0.0,175.18,0.0,29.0,1.0,ML,,,,3.2,0.2,18
2598342,2006-07-19T12:06:52Z,-39.27,0.0,175.2,0.0,169.0,3.0,ML,,,,3.2,0.3,9
2598379,2006-07-19T14:18:24Z,-41.36,0.0,172.97,0.0,98.0,2.0,ML,,,,2.7,nan,1
2598395,2006-07-19T15:10:17Z,-42.23,0.0,172.93,0.0,5.0,0.0,ML,,,,2.3,0.1,2
2598410,2006-07-19T15:52:13Z,-38.57,0.1,175.68,0.1,178.0,8.0,ML,,,,3.3,0.3,10
2598427,2006-07-19T16:54:28Z,-40.99,0.0,175.18,0.0,28.0,1.0,ML,,,,2.7,0.2,7
2598468,2006-07-19T19:03:53Z,-44.43,0.0,169.88,0.0,5.0,0.0,ML,,,,2.0,0.3,5
2598474,2006-07-19T19:16:05Z,-41.73,0.0,174.3,0.0,12.0,0.0,ML,,,,3.2,0.2,20
2598487,2006-07-19T19:51:00Z,-45.14,0.0,168.67,0.0,5.0,0.0,ML,,,,2.4,0.2,9
2598494,2006-07-19T20:17:02Z,-38.49,0.0,175.62,0.0,33.0,0.0,ML,,,,3.2,0.1,3
2598507,2006-07-19T21:08:06Z,-40.8,0.0,176.36,0.0,11.0,2.0,ML,,,,2.9,0.5,4
2847753,2006-07-19T21:09:30Z,-39.35,0.0,175.54,0.0,85.0,1.0,ML,,,,3.1,0.3,6
2598512,2006-07-19T21:28:09Z,-45.28,0.0,166.82,0.0,12.0,0.0,ML,,,,3.1,0.2,10
2598539,2006-07-19T23:07:30Z,-45.24,0.0,166.78,0.0,21.0,1.0,ML,,,,2.7,0.3,7
2598545,2006-07-19T23:25:02Z,-45.2,0.0,167.38,0.0,81.0,1.0,ML,,,,1.9,0.3,3
2598549,2006-07-19T23:32:49Z,-44.36,0.0,168.05,0.0,5.0,0.0,ML,,,,2.8,0.3,11
2598557,2006-07-19T23:56:07Z,-40.17,0.0,176.54,0.0,44.0,3.0,ML,,,,2.8,0.2,6
2598580,2006-07-20T01:23:01Z,-38.51,0.0,175.8,0.0,139.0,3.0,ML,,,,3.3,0.3,5
2598585,2006-07-20T01:39:46Z,-41.08,0.0,175.07,0.0,28.0,1.0,ML,,,,2.1,0.2,5
2598597,2006-07-20T02:12:46Z,-39.03,0.0,176.85,0.0,30.0,1.0,ML,,,,2.6,0.2,8
2598623,2006-07-20T03:44:21Z,-38.31,0.0,178.45,0.1,33.0,0.0,ML,,,,3.1,0.1,3
2598633,2006-07-20T04:17:17Z,-40.51,0.0,175.83,0.0,35.0,3.0,ML,,,,2.4,0.1,2
2598639,2006-07-20T04:37:22Z,-38.54,0.0,176.09,0.1,162.0,4.0,ML,,,,3.5,0.3,8
2598641,2006-07-20T04:42:15Z,-45.03,0.1,167.43,0.0,79.0,4.0,ML,,,,2.0,0.1,3
2598667,2006-07-20T06:12:01Z,-39.0,0.0,175.79,0.0,7.0,2.0,ML,,,,1.7,0.2,6
2598683,2006-07-20T07:00:50Z,-45.64,0.0,167.46,0.0,5.0,0.0,ML,,,,2.2,0.3,5
2598688,2006-07-20T07:20:55Z,-41.3,0.0,173.33,0.0,82.0,3.0,ML,,,,2.3,nan,1
2598738,2006-07-20T10:43:26Z,-39.25,0.0,174.52,0.0,33.0,0.0,ML,,,,2.6,0.2,3
2598745,2006-07-20T11:05:59Z,-42.93,0.0,171.44,0.0,5.0,0.0,ML,,,,2.5,0.3,6
2598749,2006-07-20T11:13:43Z,-38.2,0.0,176.08,0.0,5.0,0.0,ML,,,,2.0,0.0,2
2598787,2006-07-20T12:41:34Z,-39.75,0.0,174.84,0.0,124.0,2.0,ML,,,,3.2,0.2,7
2598789,2006-07-20T12:52:35Z,-44.76,0.0,168.87,0.0,12.0,0.0,ML,,,,2.1,0.2,6
2598794,2006-07-20T13:11:01Z,-41.64,0.0,174.36,0.0,5.0,0.0,ML,,,,2.0,0.1,6
2598945,2006-07-20T15:01:02Z,-38.75,0.2,175.93,0.6,152.0,25.0,ML,,,,3.4,0.3,6
2598832,2006-07-20T15:02:28Z,-44.91,0.0,167.67,0.0,59.0,3.0,ML,,,,2.2,0.2,6
2598839,2006-07-20T15:37:11Z,-44.39,0.0,170.24,0.0,9.0,1.0,ML,,,,3.4,0.2,8
2598840,2006-07-20T15:39:38Z,-44.38,0.0,170.26,0.0,10.0,1.0,ML,,,,2.5,0.3,6
2598869,2006-07-20T17:16:52Z,-44.39,0.0,168.42,0.0,12.0,0.0,ML,,,,2.8,0.2,9
2598890,2006-07-20T18:40:34Z,-40.09,0.0,176.27,0.0,20.0,1.0,ML,,,,2.7,0.1,6
2598895,2006-07-20T19:00:03Z,-35.74,0.1,177.91,0.2,245.0,10.0,ML,,,,3.9,0.3,4
2598896,2006-07-20T19:02:42Z,-43.87,0.0,169.32,0.0,5.0,0.0,ML,,,,2.3,0.2,7
2598918,2006-07-20T20:16:02Z,-44.9,0.0,167.7,0.0,82.0,3.0,ML,,,,3.1,0.1,5
2598937,2006-07-20T21:24:26Z,-37.61,0.0,177.17,0.0,5.0,0.0,ML,,,,2.8,0.1,2
2598946,2006-07-20T21:52:20Z,-37.21,0.0,177.82,0.0,72.0,1.0,ML,,,,3.1,0.2,4
2598952,2006-07-20T22:09:00Z,-43.59,0.0,170.56,0.0,5.0,0.0,ML,,,,3.4,0.2,12
2598963,2006-07-20T22:48:26Z,-37.93,0.0,177.48,0.0,64.0,3.0,ML,,,,3.4,0.2,4
2599006,2006-07-21T01:22:27Z,-45.17,0.0,167.48,0.0,108.0,3.0,ML,,,,3.3,0.2,7
2599011,2006-07-21T01:42:25Z,-38.44,0.0,175.88,0.0,157.0,3.0,ML,,,,3.5,0.3,14
2599016,2006-07-21T02:03:38Z,-39.33,0.0,174.86,0.0,26.0,2.0,ML,,,,2.5,0.1,6
2599035,2006-07-21T03:00:34Z,-44.44,0.0,167.95,0.0,5.0,0.0,ML,,,,2.1,0.2,3
2847789,2006-07-21T03:00:34Z,-45.39,0.0,167.66,0.0,32.0,0.0,ML,,,,1.8,0.1,2
2599038,2006-07-21T03:15:56Z,-38.12,0.0,177.27,0.0,59.0,3.0,ML,,,,3.3,0.1,4
2599041,2006-07-21T03:26:51Z,-42.81,0.0,171.63,0.0,5.0,0.0,ML,,,,3.2,0.1,5
2599046,2006-07-21T03:41:04Z,-38.99,0.0,177.63,0.1,33.0,4.0,ML,,,,2.5,0.1,4
2599089,2006-07-21T06:11:15Z,-36.88,0.0,177.7,0.0,142.0,3.0,ML,,,,4.0,0.2,9
2599105,2006-07-21T07:03:56Z,-45.24,0.0,166.93,0.0,12.0,0.0,ML,,,,2.8,0.3,9
2599113,2006-07-21T07:29:37Z,-39.7,0.0,176.79,0.0,34.0,2.0,ML,,,,3.8,0.2,18
2599117,2006-07-21T07:41:17Z,-40.19,0.0,174.06,0.0,100.0,4.0,ML,,,,2.8,0.3,4
2599142,2006-07-21T09:12:26Z,-40.9,0.0,175.67,0.0,23.0,1.0,ML,,,,2.2,0.2,3
2599143,2006-07-21T09:14:17Z,-40.89,0.0,175.68,0.0,24.0,0.0,ML,,,,2.5,0.1,8
2599423,2006-07-21T09:14:43Z,-45.25,0.0,166.92,0.0,12.0,0.0,ML,,,,2.8,0.3,8
2848124,2006-07-21T09:18:13Z,-39.63,0.0,176.8,0.0,56.0,3.0,ML,,,,2.7,0.1,3
2599148,2006-07-21T09:28:56Z,-38.16,0.0,176.8,0.0,77.0,3.0,ML,,,,3.3,0.1,6
2599153,2006-07-21T09:47:30Z,-44.24,0.0,168.48,0.0,5.0,0.0,ML,,,,2.2,0.1,6
2599155,2006-07-21T09:55:58Z,-39.53,0.0,174.05,0.0,197.0,5.0,ML,,,,2.8,0.2,2
2599158,2006-07-21T10:14:05Z,-45.07,0.0,167.42,0.0,109.0,4.0,ML,,,,2.5,0.1,4
2599171,2006-07-21T10:57:33Z,-40.37,0.0,173.91,0.0,93.0,4.0,ML,,,,2.1,nan,1
2599180,2006-07-21T11:28:08Z,-42.82,0.0,171.62,0.0,5.0,0.0,ML,,,,2.6,0.3,9
2599187,2006-07-21T12:01:38Z,-44.15,0.0,168.66,0.0,5.0,0.0,ML,,,,2.2,0.2,9
2599191,2006-07-21T12:20:54Z,-41.57,0.0,174.47,0.0,19.0,1.0,ML,,,,2.3,0.2,16
2599194,2006-07-21T12:34:26Z,-39.04,0.0,177.87,0.0,27.0,2.0,ML,,,,2.7,0.2,3
2599198,2006-07-21T12:49:32Z,-40.6,0.0,175.89,0.0,33.0,1.0,ML,,,,2.7,0.2,6
2599209,2006-07-21T13:43:29Z,-45.23,0.0,170.24,0.0,12.0,0.0,ML,,,,2.2,0.2,6
2599243,2006-07-21T15:37:57Z,-45.05,0.0,167.7,0.0,110.0,3.0,ML,,,,2.0,0.3,4
2599250,2006-07-21T16:07:35Z,-38.97,0.0,177.77,0.0,38.0,2.0,ML,,,,3.6,0.2,4
2599251,2006-07-21T16:10:16Z,-41.01,0.0,172.96,0.0,186.0,4.0,ML,,,,3.1,0.2,5
2599260,2006-07-21T16:51:34Z,-41.2,0.0,175.29,0.0,30.0,1.0,ML,,,,2.2,0.1,7
2599287,2006-07-21T18:38:54Z,-45.87,0.0,166.85,0.0,5.0,0.0,ML,,,,1.9,0.1,3
2599301,2006-07-21T19:29:44Z,-41.76,0.0,173.85,0.0,5.0,0.0,ML,,,,2.0,0.2,10
2599308,2006-07-21T20:01:55Z,-45.3,0.0,166.9,0.0,26.0,1.0,ML,,,,2.3,0.1,3
2599311,2006-07-21T20:11:07Z,-44.65,0.0,168.23,0.0,86.0,4.0,ML,,,,2.8,0.2,10
2599323,2006-07-21T20:50:41Z,-36.83,0.1,179.44,0.1,12.0,0.0,ML,,,,3.1,0.1,4
2599346,2006-07-21T21:59:09Z,-39.21,0.0,173.91,0.0,12.0,0.0,ML,,,,1.7,0.2,2
2599352,2006-07-21T22:18:00Z,-41.16,0.0,175.46,0.0,20.0,1.0,ML,,,,2.4,0.2,9
2599357,2006-07-21T22:29:25Z,-40.7,0.0,174.98,0.0,31.0,1.0,ML,,,,2.5,0.1,14
2599385,2006-07-21T23:42:43Z,-39.62,0.0,177.13,0.1,33.0,0.0,ML,,,,2.5,0.3,2
2599389,2006-07-21T23:52:41Z,-40.06,0.0,175.57,0.0,43.0,2.0,ML,,,,2.6,0.2,4
2599410,2006-07-22T01:01:37Z,-39.3,0.0,175.1,0.0,29.0,1.0,ML,,,,1.9,nan,2
2599411,2006-07-22T01:05:29Z,-38.93,0.0,178.36,0.0,33.0,0.0,ML,,,,3.6,0.1,5
2599420,2006-07-22T01:38:37Z,-40.92,0.0,175.76,0.0,29.0,1.0,ML,,,,2.2,0.2,8
2599457,2006-07-22T03:17:54Z,-45.69,0.0,167.08,0.1,101.0,5.0,ML,,,,2.6,0.3,4
2599461,2006-07-22T03:36:27Z,-43.3,0.0,172.24,0.0,12.0,0.0,ML,,,,2.9,0.2,9
2599476,2006-07-22T04:27:34Z,-39.29,0.0,177.96,0.0,50.0,3.0,ML,,,,4.4,0.2,22
2599488,2006-07-22T05:03:44Z,-38.84,0.0,175.96,0.0,13.0,1.0,ML,,,,1.6,0.2,5
2599489,2006-07-22T05:05:27Z,-38.85,0.0,175.91,0.0,12.0,1.0,ML,,,,1.7,0.2,11
2599491,2006-07-22T05:12:09Z,-38.85,0.0,175.96,0.0,10.0,1.0,ML,,,,1.9,0.1,5
2599501,2006-07-22T05:39:27Z,-38.83,0.0,175.96,0.0,12.0,0.0,ML,,,,1.8,0.2,4
2599527,2006-07-22T06:52:11Z,-40.44,0.0,176.33,0.0,41.0,2.0,ML,,,,3.2,0.3,4
2599863,2006-07-22T06:53:28Z,-40.36,0.0,176.17,0.0,29.0,1.0,ML,,,,2.4,0.2,11
2599865,2006-07-22T06:53:37Z,-40.34,0.0,176.17,0.1,33.0,0.0,ML,,,,2.3,0.2,10
2599538,2006-07-22T07:26:26Z,-38.09,0.0,176.96,0.0,69.0,3.0,ML,,,,2.7,0.2,4
2599551,2006-07-22T08:03:27Z,-38.85,0.0,175.92,0.0,12.0,2.0,ML,,,,1.6,0.2,4
2599565,2006-07-22T08:41:53Z,-45.08,0.0,167.5,0.1,113.0,3.0,ML,,,,2.4,0.2,3
2599568,2006-07-22T08:53:34Z,-38.08,0.1,175.95,0.2,189.0,13.0,ML,,,,2.7,0.2,3
2599569,2006-07-22T08:55:37Z,-36.52,0.2,177.54,0.4,271.0,14.0,ML,,,,3.4,0.2,5
2599573,2006-07-22T09:07:55Z,-38.3,0.0,176.14,0.0,159.0,4.0,ML,,,,3.4,0.1,13
2599575,2006-07-22T09:24:44Z,-45.06,0.0,167.06,0.0,12.0,0.0,ML,,,,2.3,0.3,7
2599589,2006-07-22T10:10:57Z,-39.89,0.0,176.7,0.0,49.0,1.0,ML,,,,2.2,0.3,3
2599598,2006-07-22T10:54:12Z,-36.31,0.2,178.34,0.2,276.0,8.0,ML,,,,3.2,0.2,5
2599611,2006-07-22T11:45:54Z,-41.14,0.0,174.96,0.0,29.0,1.0,ML,,,,1.8,0.1,5
2599613,2006-07-22T11:54:25Z,-37.33,0.1,176.68,0.1,178.0,5.0,ML,,,,3.3,0.2,13
2599617,2006-07-22T12:12:40Z,-39.26,0.0,177.86,0.0,50.0,3.0,ML,,,,2.9,0.3,3
2599623,2006-07-22T12:30:19Z,-42.73,0.0,171.8,0.0,12.0,0.0,ML,,,,2.1,0.3,4
2599635,2006-07-22T13:15:46Z,-41.15,0.0,175.31,0.0,28.0,1.0,ML,,,,2.7,0.2,12
2599638,2006-07-22T13:30:45Z,-37.72,0.1,176.79,0.1,187.0,6.0,ML,,,,2.9,0.1,4
2599647,2006-07-22T14:03:00Z,-44.67,0.0,167.78,0.0,40.0,1.0,ML,,,,2.1,0.2,5
2599654,2006-07-22T14:21:19Z,-44.54,0.0,167.59,0.0,43.0,2.0,ML,,,,2.2,0.4,6
2599671,2006-07-22T15:27:33Z,-40.0,0.0,176.54,0.0,43.0,4.0,ML,,,,1.9,0.3,3
2599675,2006-07-22T15:41:09Z,-37.86,0.0,176.92,0.0,94.0,2.0,ML,,,,2.3,0.0,3
2599689,2006-07-22T16:20:27Z,-44.34,0.0,168.28,0.0,5.0,0.0,ML,,,,1.8,0.2,4
2599696,2006-07-22T16:39:36Z,-45.06,0.0,167.65,0.0,112.0,3.0,ML,,,,2.6,0.3,6
2599708,2006-07-22T17:29:06Z,-43.73,0.0,169.28,0.0,5.0,0.0,ML,,,,2.1,0.2,3
2599722,2006-07-22T18:12:52Z,-45.06,0.0,167.08,0.0,5.0,0.0,ML,,,,2.3,0.1,6
2599872,2006-07-22T18:16:27Z,-38.96,0.0,177.75,0.0,38.0,2.0,ML,,,,2.5,0.4,3
2599730,2006-07-22T18:44:31Z,-36.02,0.2,178.42,0.2,175.0,15.0,ML,,,,3.2,0.1,5
2599748,2006-07-22T19:46:47Z,-43.21,0.0,171.06,0.0,5.0,0.0,ML,,,,2.6,0.2,10
2599751,2006-07-22T19:58:04Z,-45.09,0.0,167.62,0.0,117.0,3.0,ML,,,,2.8,0.2,6
2599759,2006-07-22T20:26:16Z,-40.89,0.0,175.1,0.0,29.0,1.0,ML,,,,2.2,0.3,10
2848165,2006-07-22T20:45:19Z,-40.14,0.0,174.87,0.0,31.0,2.0,ML,,,,2.2,0.1,7
2599768,2006-07-22T21:04:30Z,-38.48,0.0,175.78,0.0,148.0,2.0,ML,,,,3.9,0.1,11
2599771,2006-07-22T21:15:24Z,-40.94,0.0,175.9,0.0,25.0,2.0,ML,,,,1.9,0.1,5
2599795,2006-07-22T22:38:56Z,-38.06,0.0,176.73,0.0,5.0,0.0,ML,,,,2.0,0.1,3
2599796,2006-07-22T22:41:45Z,-38.68,0.0,175.82,0.1,152.0,5.0,ML,,,,3.2,0.3,10
2599825,2006-07-23T00:19:47Z,-41.03,0.0,175.38,0.0,27.0,1.0,ML,,,,1.7,0.1,6
2599829,2006-07-23T00:33:26Z,-41.33,0.0,173.2,0.0,111.0,2.0,ML,,,,3.4,0.1,10
2599831,2006-07-23T00:37:38Z,-40.6,0.0,173.29,0.0,173.0,2.0,Mw,4.6,nan,0,5.5,0.2,24
2599849,2006-07-23T01:33:25Z,-42.46,0.0,172.85,0.0,12.0,0.0,ML,,,,2.5,0.3,5
2599852,2006-07-23T01:45:18Z,-38.53,0.0,178.01,0.1,29.0,4.0,ML,,,,2.4,0.1,2
2599871,2006-07-23T02:32:01Z,-39.51,0.0,175.68,0.0,14.0,1.0,ML,,,,2.0,0.1,11
2599889,2006-07-23T03:34:47Z,-41.79,0.0,174.57,0.0,24.0,2.0,ML,,,,2.2,0.2,7
2599912,2006-07-23T04:57:02Z,-40.72,0.0,174.53,0.0,12.0,0.0,ML,,,,2.4,0.2,8
2599925,2006-07-23T05:43:22Z,-41.71,0.0,172.21,0.0,101.0,2.0,ML,,,,3.2,0.2,6
2599951,2006-07-23T07:10:26Z,-37.9,0.0,176.62,0.0,131.0,3.0,ML,,,,2.6,0.2,3
2599966,2006-07-23T07:51:59Z,-41.28,0.0,172.77,0.0,142.0,2.0,ML,,,,3.7,0.2,13
2600011,2006-07-23T09:57:50Z,-40.51,0.0,173.6,0.0,117.0,3.0,ML,,,,3.1,0.1,10
2600019,2006-07-23T10:32:06Z,-41.98,0.0,172.86,0.0,67.0,1.0,ML,,,,1.9,0.2,3
2600034,2006-07-23T11:28:18Z,-41.69,0.0,173.75,0.0,40.0,1.0,ML,,,,2.2,0.1,7
2600036,2006-07-23T11:37:15Z,-39.37,0.0,175.5,0.0,14.0,1.0,ML,,,,1.5,0.2,6
2600050,2006-07-23T12:25:38Z,-35.72,0.2,179.86,0.3,306.0,6.0,ML,,,,3.7,0.1,6
2600057,2006-07-23T12:51:15Z,-45.09,0.1,167.62,0.1,116.0,7.0,ML,,,,2.4,0.3,3
2600069,2006-07-23T13:37:13Z,-41.68,0.0,174.26,0.0,16.0,1.0,ML,,,,2.0,0.2,5
2600075,2006-07-23T13:56:27Z,-45.13,0.0,167.39,0.0,133.0,3.0,ML,,,,4.0,0.2,11
2600080,2006-07-23T14:14:34Z,-45.13,0.0,167.43,0.0,84.0,2.0,ML,,,,2.4,0.2,7
2600081,2006-07-23T14:18:06Z,-39.86,0.0,175.18,0.0,25.0,1.0,ML,,,,2.2,0.2,16
2600088,2006-07-23T14:34:52Z,-45.2,0.0,167.06,0.0,12.0,0.0,ML,,,,2.1,0.3,5
2600099,2006-07-23T15:20:36Z,-42.26,0.0,172.72,0.0,5.0,0.0,ML,,,,2.3,0.2,9
2600122,2006-07-23T16:26:17Z,-40.32,0.0,176.59,0.0,33.0,0.0,ML,,,,2.0,0.1,3
2600139,2006-07-23T17:24:03Z,-40.19,0.0,174.78,0.0,25.0,2.0,ML,,,,2.9,0.2,11
2600140,2006-07-23T17:31:43Z,-36.48,0.1,177.54,0.2,157.0,16.0,ML,,,,2.6,0.1,4
2600151,2006-07-23T18:15:24Z,-41.53,0.0,174.69,0.0,12.0,0.0,ML,,,,1.8,0.1,5
2600184,2006-07-23T19:50:21Z,-37.75,0.0,178.49,0.0,41.0,4.0,ML,,,,2.6,0.3,3
2600189,2006-07-23T20:01:35Z,-40.43,0.0,174.97,0.0,41.0,3.0,ML,,,,2.6,0.3,8
2600194,2006-07-23T20:13:47Z,-46.78,0.1,166.87,0.1,33.0,0.0,ML,,,,3.3,0.2,7
2600210,2006-07-23T21:04:08Z,-39.14,0.0,175.41,0.0,9.0,1.0,ML,,,,1.8,0.3,12
2600223,2006-07-23T21:40:49Z,-38.62,0.0,177.94,0.0,31.0,5.0,ML,,,,2.6,0.0,2
2600248,2006-07-23T22:57:51Z,-37.76,0.0,178.52,0.0,41.0,4.0,ML,,,,2.6,0.3,3
2600249,2006-07-23T22:59:32Z,-40.04,0.0,176.51,0.0,42.0,3.0,ML,,,,2.5,0.3,5
2600272,2006-07-24T00:02:40Z,-43.76,0.0,170.06,0.0,5.0,0.0,ML,,,,2.1,0.3,4
2600335,2006-07-24T02:36:35Z,-41.3,0.0,174.49,0.0,35.0,1.0,ML,,,,2.2,0.1,5
2600340,2006-07-24T02:51:58Z,-38.19,0.0,176.05,0.0,158.0,2.0,ML,,,,3.2,0.1,7
2600346,2006-07-24T03:12:50Z,-44.48,0.0,169.29,0.0,12.0,0.0,ML,,,,2.1,0.2,7
2600361,2006-07-24T03:50:41Z,-45.05,0.0,167.9,0.0,12.0,0.0,ML,,,,2.6,0.2,9
2600368,2006-07-24T04:02:38Z,-38.21,0.0,176.39,0.1,157.0,4.0,ML,,,,3.2,0.4,3
2850385,2006-07-24T04:03:38Z,-41.27,0.0,175.24,0.0,27.0,1.0,ML,,,,1.9,0.0,7
2600380,2006-07-24T04:34:51Z,-39.24,0.0,175.46,0.0,13.0,1.0,ML,,,,1.6,0.2,10
2600429,2006-07-24T06:50:40Z,-41.29,0.0,175.29,0.0,26.0,1.0,ML,,,,1.8,0.1,6
2600449,2006-07-24T07:54:43Z,-38.75,0.0,178.05,0.0,33.0,0.0,ML,,,,2.2,0.2,2
2600476,2006-07-24T09:28:26Z,-40.8,0.0,173.18,0.0,124.0,2.0,ML,,,,2.7,0.3,5
2600482,2006-07-24T09:45:06Z,-41.03,0.0,174.52,0.0,34.0,1.0,ML,,,,1.9,0.1,7
2600483,2006-07-24T09:46:57Z,-40.37,0.0,176.37,0.0,33.0,0.0,ML,,,,2.8,0.1,5
2600503,2006-07-24T10:56:21Z,-43.49,0.0,170.2,0.0,5.0,0.0,ML,,,,1.7,0.2,4
2600523,2006-07-24T11:53:40Z,-43.29,0.0,172.34,0.0,16.0,2.0,ML,,,,3.4,0.2,9
2600539,2006-07-24T12:38:30Z,-41.25,0.0,172.71,0.0,147.0,3.0,ML,,,,2.8,0.1,3
2600568,2006-07-24T14:06:19Z,-40.03,0.0,174.92,0.0,33.0,0.0,ML,,,,2.1,0.2,10
2600574,2006-07-24T14:29:20Z,-40.34,0.0,174.84,0.0,80.0,3.0,ML,,,,2.3,0.1,5
2600581,2006-07-24T14:54:25Z,-43.63,0.0,172.83,0.0,5.0,0.0,ML,,,,2.1,0.2,3
2600582,2006-07-24T14:59:31Z,-39.78,0.0,175.31,0.0,71.0,1.0,ML,,,,2.2,0.2,2
2600583,2006-07-24T15:01:09Z,-37.43,0.0,177.19,0.0,125.0,4.0,ML,,,,2.4,0.2,3
2600586,2006-07-24T15:07:45Z,-40.79,0.0,173.78,0.0,79.0,2.0,ML,,,,2.2,0.1,4
2600604,2006-07-24T16:02:04Z,-39.55,0.0,177.63,0.0,33.0,0.0,ML,,,,2.1,0.3,2
2600610,2006-07-24T16:16:19Z,-40.78,0.0,175.98,0.0,37.0,1.0,ML,,,,2.2,0.2,6
2600617,2006-07-24T16:40:17Z,-37.78,0.0,175.68,0.0,5.0,0.0,ML,,,,1.7,0.0,2
2600618,2006-07-24T16:45:09Z,-45.06,0.0,167.54,0.1,83.0,4.0,ML,,,,2.3,0.2,5
2600631,2006-07-24T17:12:28Z,-38.48,0.0,176.47,0.1,66.0,7.0,ML,,,,2.4,0.0,3
2600635,2006-07-24T17:20:33Z,-37.33,0.0,177.12,0.1,154.0,4.0,ML,,,,3.4,0.1,12
2600642,2006-07-24T17:44:13Z,-45.28,0.0,166.93,0.0,12.0,0.0,ML,,,,2.4,0.2,8
2600648,2006-07-24T18:02:32Z,-44.72,0.0,167.91,0.1,104.0,4.0,ML,,,,2.1,0.1,4
2600660,2006-07-24T18:27:58Z,-38.33,0.0,177.02,0.0,55.0,2.0,ML,,,,3.0,0.2,7
2600670,2006-07-24T18:57:32Z,-43.12,0.0,170.98,0.0,5.0,0.0,ML,,,,2.5,0.2,9
2600677,2006-07-24T19:26:19Z,-39.61,0.0,177.03,0.0,52.0,2.0,ML,,,,2.7,0.2,2
2600678,2006-07-24T19:28:46Z,-40.31,0.0,176.19,0.0,53.0,2.0,ML,,,,2.6,0.3,3
2600680,2006-07-24T19:36:09Z,-39.9,0.0,176.79,0.0,49.0,2.0,ML,,,,2.7,0.1,4
2600687,2006-07-24T19:56:32Z,-39.27,0.0,174.92,0.0,33.0,0.0,ML,,,,2.3,0.1,5
2600712,2006-07-24T21:03:56Z,-37.05,0.2,176.45,0.3,297.0,13.0,ML,,,,3.4,0.2,4
2850455,2006-07-24T21:04:48Z,-38.94,0.0,175.08,0.0,12.0,0.0,ML,,,,1.7,0.3,6
2600714,2006-07-24T21:09:43Z,-39.62,0.0,174.34,0.1,134.0,9.0,ML,,,,2.2,nan,1
2600744,2006-07-24T22:48:05Z,-37.15,0.1,177.8,0.1,174.0,4.0,ML,,,,3.4,0.3,10
2600755,2006-07-24T23:18:30Z,-38.49,0.0,177.81,0.0,29.0,2.0,ML,,,,2.5,0.2,3
2600756,2006-07-24T23:23:31Z,-43.23,0.0,175.66,0.0,33.0,0.0,ML,,,,2.7,0.3,3
2600765,2006-07-24T23:57:11Z,-45.17,0.0,166.98,0.0,23.0,1.0,ML,,,,2.0,0.2,3
2600775,2006-07-25T00:30:26Z,-41.84,0.0,174.44,0.0,24.0,1.0,ML,,,,2.3,0.1,11
2600777,2006-07-25T00:44:20Z,-41.91,0.0,173.98,0.0,5.0,0.0,ML,,,,2.8,0.2,6
2600789,2006-07-25T01:22:24Z,-41.27,0.0,172.81,0.0,129.0,2.0,ML,,,,3.5,0.2,8
2600791,2006-07-25T01:24:39Z,-39.19,0.0,177.49,0.0,28.0,2.0,ML,,,,2.9,0.1,3
2600817,2006-07-25T02:32:56Z,-40.78,0.0,175.37,0.0,29.0,1.0,ML,,,,3.3,0.1,23
2600828,2006-07-25T03:02:17Z,-36.96,0.1,177.48,0.2,127.0,14.0,ML,,,,3.3,0.2,6
2600831,2006-07-25T03:09:54Z,-38.76,0.0,177.7,0.0,5.0,0.0,ML,,,,2.3,0.2,3
2600867,2006-07-25T04:43:28Z,-41.73,0.0,174.24,0.0,15.0,1.0,ML,,,,1.7,0.2,4
2600881,2006-07-25T05:10:00Z,-39.18,0.0,175.22,0.0,5.0,0.0,ML,,,,1.4,0.1,3
2600884,2006-07-25T05:17:27Z,-40.24,0.0,176.37,0.0,37.0,3.0,ML,,,,3.0,0.3,4
2600936,2006-07-25T05:56:25Z,-39.26,0.0,175.36,0.0,19.0,2.0,ML,,,,1.7,0.2,6
2600899,2006-07-25T05:56:46Z,-45.09,0.0,167.53,0.0,116.0,3.0,ML,,,,2.8,0.2,7
2600900,2006-07-25T05:59:28Z,-37.88,0.0,176.76,0.1,165.0,4.0,ML,,,,2.9,0.3,5
2600906,2006-07-25T06:15:11Z,-38.91,0.0,175.35,0.0,205.0,3.0,ML,,,,3.5,0.2,13
2600923,2006-07-25T06:48:12Z,-38.06,0.0,175.95,0.0,171.0,3.0,ML,,,,3.1,0.2,9
2600924,2006-07-25T06:50:28Z,-40.14,0.0,176.55,0.0,46.0,3.0,ML,,,,2.5,0.3,4
2600926,2006-07-25T06:59:49Z,-45.26,0.0,167.01,0.1,21.0,4.0,ML,,,,1.8,0.2,3
2600928,2006-07-25T07:01:15Z,-39.88,0.0,176.24,0.0,22.0,2.0,ML,,,,2.0,0.2,8
2600932,2006-07-25T07:11:19Z,-40.13,0.0,176.54,0.0,46.0,1.0,ML,,,,2.2,0.2,4
2600966,2006-07-25T08:25:53Z,-38.63,0.0,178.93,0.0,12.0,0.0,ML,,,,3.2,0.3,7
2848627,2006-07-25T08:34:13Z,-45.36,0.0,166.91,0.0,25.0,1.0,ML,,,,2.0,0.0,3
2600970,2006-07-25T08:34:14Z,-40.47,0.0,174.54,0.0,43.0,6.0,ML,,,,2.0,0.1,7
2848631,2006-07-25T08:41:29Z,-45.13,0.0,166.74,0.0,12.0,0.0,ML,,,,1.8,0.2,3
2600973,2006-07-25T08:43:59Z,-40.08,0.0,176.35,0.0,24.0,2.0,ML,,,,2.5,0.2,11
2601005,2006-07-25T10:19:41Z,-41.43,0.0,175.02,0.0,24.0,2.0,ML,,,,1.3,0.1,3
2601015,2006-07-25T10:44:32Z,-40.52,0.0,174.27,0.0,88.0,3.0,ML,,,,2.8,0.2,11
2601025,2006-07-25T11:13:21Z,-45.17,0.0,167.26,0.0,18.0,2.0,ML,,,,2.0,0.3,3
2601026,2006-07-25T11:17:12Z,-38.62,0.0,178.89,0.0,12.0,0.0,ML,,,,3.0,0.3,4
2601032,2006-07-25T11:35:43Z,-42.33,0.0,173.01,0.0,5.0,0.0,ML,,,,2.5,0.2,5
2601050,2006-07-25T12:28:19Z,-38.86,0.0,178.04,0.0,33.0,0.0,ML,,,,2.1,0.0,2
2601060,2006-07-25T13:01:01Z,-42.95,0.0,171.93,0.0,5.0,0.0,ML,,,,3.3,0.2,7
2601072,2006-07-25T13:41:54Z,-38.66,0.0,178.95,0.0,5.0,0.0,ML,,,,3.0,0.2,5
2601073,2006-07-25T13:46:05Z,-39.49,0.0,174.3,0.0,196.0,3.0,ML,,,,3.4,0.2,15
2601078,2006-07-25T13:56:53Z,-45.21,0.0,166.93,0.0,24.0,1.0,ML,,,,2.2,0.2,3
2601087,2006-07-25T14:21:55Z,-40.48,0.0,174.39,0.0,74.0,5.0,ML,,,,2.0,0.2,4
2601093,2006-07-25T14:37:37Z,-45.53,0.0,166.94,0.0,64.0,1.0,ML,,,,2.3,0.3,3
2601101,2006-07-25T14:59:13Z,-37.0,0.2,177.27,0.2,176.0,14.0,ML,,,,2.9,0.0,2
2601108,2006-07-25T15:21:49Z,-39.64,0.0,174.44,0.0,135.0,4.0,ML,,,,2.2,0.0,2
2601109,2006-07-25T15:27:58Z,-44.96,0.0,167.61,0.0,91.0,3.0,ML,,,,3.1,0.2,9
2601111,2006-07-25T15:35:43Z,-45.05,0.0,167.92,0.0,22.0,1.0,ML,,,,1.6,0.4,2
2601122,2006-07-25T16:07:22Z,-39.41,0.0,177.6,0.0,26.0,2.0,ML,,,,2.3,0.1,3
2601127,2006-07-25T16:19:52Z,-39.73,0.0,173.9,0.0,202.0,4.0,ML,,,,3.1,0.2,10
2601135,2006-07-25T16:53:09Z,-45.33,0.1,166.23,0.0,5.0,0.0,ML,,,,2.3,0.2,4
2601137,2006-07-25T17:03:41Z,-41.22,0.0,172.62,0.0,5.0,0.0,ML,,,,2.2,0.3,4
2601140,2006-07-25T17:14:56Z,-38.58,0.1,176.8,0.2,173.0,4.0,ML,,,,2.7,0.2,3
2601210,2006-07-25T20:19:38Z,-45.1,0.0,167.42,0.0,111.0,3.0,ML,,,,4.0,0.2,11
2601269,2006-07-25T22:57:06Z,-41.02,0.0,173.31,0.0,96.0,3.0,ML,,,,2.8,0.2,6
2601301,2006-07-26T00:22:49Z,-39.25,0.0,175.23,0.0,157.0,2.0,ML,,,,3.1,0.2,7
2601316,2006-07-26T01:11:16Z,-45.05,0.0,167.91,0.0,20.0,2.0,ML,,,,2.0,0.3,6
2601323,2006-07-26T01:25:05Z,-39.24,0.0,175.47,0.0,14.0,1.0,ML,,,,1.4,0.3,6
2601329,2006-07-26T01:36:45Z,-41.41,0.0,174.2,0.0,60.0,1.0,ML,,,,2.4,0.1,2
2601339,2006-07-26T02:06:54Z,-39.38,0.0,177.57,0.0,25.0,2.0,ML,,,,2.9,0.2,9
2601346,2006-07-26T02:31:54Z,-38.47,0.1,176.56,0.1,201.0,5.0,ML,,,,3.2,0.1,7
2601359,2006-07-26T03:01:56Z,-39.3,0.0,177.49,0.0,36.0,6.0,ML,,,,4.3,0.2,4
2850383,2006-07-26T03:02:28Z,-39.3,0.0,177.42,0.0,20.0,2.0,ML,,,,3.8,0.2,19
2601372,2006-07-26T03:41:42Z,-39.85,0.1,173.86,0.0,180.0,9.0,ML,,,,3.1,0.3,3
2601386,2006-07-26T04:19:38Z,-39.45,0.0,174.93,0.0,31.0,1.0,ML,,,,2.4,0.1,18
2601387,2006-07-26T04:21:04Z,-39.2,0.0,175.09,0.0,29.0,1.0,ML,,,,1.9,0.1,7
2601402,2006-07-26T04:54:52Z,-45.76,0.0,168.26,0.0,12.0,0.0,ML,,,,2.1,0.3,4
2601429,2006-07-26T06:11:53Z,-40.79,0.0,173.15,0.0,113.0,2.0,ML,,,,2.4,0.0,2
2601441,2006-07-26T06:38:31Z,-42.82,0.0,171.64,0.0,5.0,0.0,ML,,,,2.5,0.3,9
2601452,2006-07-26T07:06:01Z,-37.89,0.0,179.12,0.1,5.0,0.0,ML,,,,2.6,0.2,5
2601458,2006-07-26T07:29:59Z,-47.85,0.0,165.44,0.1,5.0,0.0,ML,,,,3.1,0.3,6
2601465,2006-07-26T07:49:39Z,-46.31,0.0,166.14,0.1,5.0,0.0,ML,,,,2.7,0.3,8
2601467,2006-07-26T07:53:41Z,-46.28,0.0,165.71,0.1,33.0,0.0,ML,,,,2.5,0.2,5
2601485,2006-07-26T08:51:35Z,-41.28,0.0,175.3,0.0,28.0,1.0,ML,,,,1.8,0.2,6
2601515,2006-07-26T10:15:10Z,-41.43,0.0,172.18,0.0,5.0,0.0,ML,,,,1.4,0.1,3
2851328,2006-07-26T10:15:19Z,-38.18,0.0,176.22,0.0,5.0,0.0,ML,,,,1.6,0.2,3
2863703,2006-07-26T10:16:45Z,-38.17,0.0,176.26,0.0,5.0,0.0,ML,,,,1.7,0.2,3
2601537,2006-07-26T11:14:15Z,-44.21,0.0,168.64,0.0,5.0,0.0,ML,,,,2.1,0.2,10
2601552,2006-07-26T11:50:40Z,-41.35,0.0,172.38,0.0,5.0,0.0,ML,,,,1.7,0.2,3
2601553,2006-07-26T11:53:08Z,-39.14,0.0,174.92,0.0,30.0,3.0,ML,,,,1.6,0.1,3
2601557,2006-07-26T12:05:05Z,-40.92,0.0,176.04,0.0,30.0,2.0,ML,,,,1.7,0.1,2
2601567,2006-07-26T12:30:27Z,-40.61,0.0,174.58,0.0,12.0,0.0,ML,,,,2.2,0.2,14
2601574,2006-07-26T12:53:35Z,-38.67,0.0,176.03,0.0,5.0,0.0,ML,,,,1.4,0.1,3
2601578,2006-07-26T13:06:07Z,-37.15,0.1,177.29,0.1,156.0,5.0,ML,,,,3.0,0.3,6
2601591,2006-07-26T13:41:47Z,-38.45,0.0,176.73,0.0,74.0,1.0,ML,,,,2.2,0.1,3
2601610,2006-07-26T14:32:59Z,-39.15,0.0,175.44,0.0,13.0,1.0,ML,,,,2.2,0.2,15
2601612,2006-07-26T14:36:19Z,-42.3,0.0,172.43,0.0,5.0,0.0,ML,,,,1.8,0.1,4
2601613,2006-07-26T14:40:43Z,-40.76,0.0,174.46,0.0,5.0,0.0,ML,,,,1.8,0.2,8
2601617,2006-07-26T14:53:08Z,-41.83,0.0,172.74,0.0,80.0,3.0,ML,,,,1.9,nan,1
2601622,2006-07-26T15:08:29Z,-37.61,0.1,176.84,0.1,116.0,9.0,ML,,,,2.8,0.2,4
2601635,2006-07-26T15:45:17Z,-38.91,0.0,177.91,0.0,30.0,1.0,ML,,,,1.9,0.3,2
2601654,2006-07-26T16:34:36Z,-41.7,0.0,174.24,0.0,31.0,2.0,ML,,,,2.2,0.2,15
2601669,2006-07-26T17:21:15Z,-36.87,0.1,176.82,0.1,268.0,5.0,ML,,,,3.5,0.1,13
2601672,2006-07-26T17:30:50Z,-39.71,0.0,176.91,0.0,49.0,4.0,ML,,,,2.4,0.1,4
2601676,2006-07-26T17:40:12Z,-40.3,0.0,175.51,0.0,29.0,3.0,ML,,,,2.1,0.1,8
2601680,2006-07-26T17:48:59Z,-37.22,0.1,177.18,0.3,194.0,9.0,ML,,,,2.7,0.1,4
2601694,2006-07-26T18:29:52Z,-39.74,0.0,176.85,0.0,49.0,2.0,ML,,,,2.4,0.2,5
2601717,2006-07-26T19:36:39Z,-41.33,0.0,175.61,0.0,17.0,1.0,ML,,,,2.1,0.2,10
2601742,2006-07-26T20:56:48Z,-43.77,0.0,170.0,0.0,5.0,0.0,ML,,,,1.6,0.1,3
2601749,2006-07-26T21:14:39Z,-35.51,0.0,178.57,0.0,33.0,0.0,ML,,,,3.2,0.1,4
2601773,2006-07-26T22:19:52Z,-40.45,0.0,174.19,0.0,74.0,4.0,ML,,,,2.2,0.3,4
2601794,2006-07-26T22:55:55Z,-43.58,0.0,178.7,0.0,33.0,0.0,ML,,,,3.5,0.3,13
2601798,2006-07-26T23:08:15Z,-45.25,0.0,167.39,0.0,23.0,3.0,ML,,,,2.0,0.2,3
2601821,2006-07-27T00:21:43Z,-37.46,0.0,179.81,0.0,12.0,0.0,ML,,,,3.9,0.2,9
2601879,2006-07-27T00:22:43Z,-40.86,0.0,174.75,0.0,17.0,2.0,ML,,,,2.0,0.2,4
2601828,2006-07-27T00:44:28Z,-40.24,0.1,174.23,0.0,84.0,8.0,ML,,,,2.3,0.2,2
2601829,2006-07-27T00:52:27Z,-44.39,0.0,168.26,0.0,5.0,0.0,ML,,,,2.9,0.2,11
2601830,2006-07-27T00:59:24Z,-37.82,0.0,176.36,0.0,167.0,3.0,ML,,,,3.9,0.2,16
2601857,2006-07-27T02:05:14Z,-40.05,0.0,173.76,0.0,201.0,3.0,ML,,,,3.5,0.2,11
2601890,2006-07-27T03:21:47Z,-41.49,0.0,172.1,0.0,5.0,0.0,ML,,,,2.3,0.2,5
2601895,2006-07-27T03:36:41Z,-41.82,0.0,174.1,0.0,36.0,2.0,ML,,,,2.2,0.1,3
2601906,2006-07-27T04:01:45Z,-44.43,0.0,167.92,0.0,5.0,0.0,ML,,,,2.4,0.2,9
2601913,2006-07-27T04:20:36Z,-40.2,0.0,175.1,0.0,12.0,0.0,ML,,,,2.8,0.3,7
2601915,2006-07-27T04:24:56Z,-38.92,0.0,175.86,0.0,14.0,2.0,ML,,,,1.7,0.2,3
2850856,2006-07-27T04:27:40Z,-40.99,0.0,174.85,0.0,33.0,1.0,ML,,,,2.4,0.1,9
2850865,2006-07-27T04:28:41Z,-38.93,0.0,175.83,0.0,8.0,2.0,ML,,,,1.6,0.2,5
2601917,2006-07-27T04:28:55Z,-42.8,0.0,175.22,0.0,33.0,0.0,ML,,,,3.5,0.2,10
2601919,2006-07-27T04:34:36Z,-38.92,0.0,175.83,0.0,12.0,0.0,ML,,,,1.5,0.2,3
2601923,2006-07-27T04:40:03Z,-38.89,0.0,175.83,0.0,12.0,0.0,ML,,,,1.6,0.2,6
2601924,2006-07-27T04:46:08Z,-45.74,0.0,168.24,0.0,18.0,3.0,ML,,,,2.4,0.2,3
2601939,2006-07-27T05:24:52Z,-40.37,0.0,175.77,0.0,33.0,3.0,ML,,,,2.1,0.1,2
2601940,2006-07-27T05:29:21Z,-36.79,0.1,179.52,0.1,12.0,0.0,ML,,,,3.5,0.2,3
2850875,2006-07-27T06:33:33Z,-39.19,0.0,174.78,0.0,30.0,1.0,ML,,,,2.0,0.2,6
2601962,2006-07-27T06:35:17Z,-43.66,0.0,170.56,0.0,12.0,0.0,ML,,,,2.1,0.2,4
2601966,2006-07-27T06:39:39Z,-38.17,0.0,179.36,0.1,33.0,0.0,ML,,,,2.8,0.2,2
2601975,2006-07-27T07:08:37Z,-45.0,0.0,167.54,0.0,66.0,2.0,ML,,,,1.8,0.2,4
2601978,2006-07-27T07:22:50Z,-40.52,0.0,174.46,0.0,50.0,5.0,ML,,,,2.5,0.1,10
2601993,2006-07-27T08:01:25Z,-42.79,0.0,171.64,0.0,12.0,0.0,ML,,,,1.9,0.3,4
2601995,2006-07-27T08:11:11Z,-37.76,0.0,179.21,0.1,33.0,0.0,ML,,,,2.4,0.0,3
2602001,2006-07-27T08:31:59Z,-40.87,0.0,174.52,0.0,58.0,2.0,ML,,,,1.9,0.2,2
2602003,2006-07-27T08:40:14Z,-43.92,0.0,169.48,0.0,5.0,0.0,ML,,,,2.7,0.2,11
2602019,2006-07-27T09:27:31Z,-41.39,0.0,173.39,0.0,69.0,3.0,ML,,,,1.9,nan,1
2602025,2006-07-27T09:44:47Z,-39.84,0.0,175.04,0.0,30.0,1.0,ML,,,,2.1,0.1,11
2602030,2006-07-27T10:00:43Z,-38.7,0.0,177.99,0.0,38.0,4.0,ML,,,,2.6,0.3,4
2602035,2006-07-27T10:19:50Z,-40.92,0.0,173.88,0.0,66.0,2.0,ML,,,,2.2,0.1,4
2602045,2006-07-27T10:50:00Z,-40.24,0.0,176.73,0.0,45.0,2.0,ML,,,,1.9,0.3,3
2602072,2006-07-27T11:48:34Z,-37.57,0.0,177.07,0.0,138.0,4.0,ML,,,,3.1,0.3,7
2602082,2006-07-27T12:26:45Z,-39.89,0.1,176.7,0.0,29.0,3.0,ML,,,,1.7,0.4,2
2602088,2006-07-27T12:43:13Z,-40.56,0.0,174.47,0.0,70.0,3.0,ML,,,,1.9,0.2,2
2602099,2006-07-27T13:03:58Z,-39.57,0.0,174.97,0.0,31.0,1.0,ML,,,,2.3,0.2,23
2602111,2006-07-27T13:33:23Z,-44.46,0.0,168.59,0.0,5.0,0.0,ML,,,,2.5,0.2,11
2602121,2006-07-27T14:05:16Z,-38.94,0.0,176.51,0.0,51.0,3.0,ML,,,,2.3,0.3,3
2602136,2006-07-27T14:51:02Z,-39.55,0.0,174.39,0.0,146.0,5.0,ML,,,,3.0,0.2,7
2602156,2006-07-27T15:49:19Z,-45.31,0.0,166.9,0.0,12.0,0.0,ML,,,,1.6,0.0,2
2602165,2006-07-27T16:11:45Z,-42.66,0.0,173.19,0.0,33.0,0.0,ML,,,,3.5,0.3,11
2602186,2006-07-27T17:24:23Z,-37.72,0.0,176.83,0.0,5.0,0.0,ML,,,,2.4,0.1,4
2602187,2006-07-27T17:26:45Z,-39.56,0.0,174.96,0.0,29.0,1.0,ML,,,,2.1,0.2,18
2602189,2006-07-27T17:32:27Z,-45.04,0.0,166.8,0.0,12.0,0.0,ML,,,,2.1,0.3,4
2602191,2006-07-27T17:41:51Z,-45.74,0.0,165.83,0.1,5.0,0.0,ML,,,,2.6,0.2,4
2602199,2006-07-27T18:07:01Z,-39.24,0.0,177.38,0.0,20.0,4.0,ML,,,,2.3,0.1,3
2602203,2006-07-27T18:18:59Z,-39.37,0.0,177.47,0.0,30.0,2.0,ML,,,,2.5,0.1,3
2602206,2006-07-27T18:27:12Z,-43.91,0.0,169.42,0.1,5.0,0.0,ML,,,,1.9,0.1,4
2602229,2006-07-27T19:47:43Z,-40.86,0.0,174.77,0.0,35.0,1.0,ML,,,,2.7,0.1,9
2602247,2006-07-27T20:40:07Z,-37.64,0.0,176.24,0.0,279.0,3.0,ML,,,,4.3,0.1,16
2602256,2006-07-27T21:03:19Z,-38.1,0.0,176.46,0.0,5.0,0.0,ML,,,,1.9,0.1,2
2602305,2006-07-27T23:14:39Z,-38.93,0.0,175.83,0.0,9.0,2.0,ML,,,,1.4,0.2,3
2602354,2006-07-28T01:38:35Z,-35.33,0.1,178.68,0.1,33.0,0.0,ML,,,,3.6,0.1,5
2602383,2006-07-28T02:46:08Z,-41.38,0.0,175.65,0.0,24.0,1.0,ML,,,,1.8,0.2,4
2602467,2006-07-28T02:46:20Z,-45.22,0.0,167.33,0.0,88.0,1.0,ML,,,,2.2,0.2,5
2602388,2006-07-28T03:09:18Z,-38.83,0.0,177.9,0.0,29.0,1.0,ML,,,,2.9,0.3,6
2602399,2006-07-28T03:48:30Z,-38.64,0.0,178.89,0.1,12.0,0.0,ML,,,,3.6,0.1,5
2602416,2006-07-28T04:44:12Z,-44.52,0.0,168.36,0.0,5.0,0.0,ML,,,,2.2,0.2,9
2602426,2006-07-28T05:13:11Z,-36.95,0.0,177.32,0.0,170.0,4.0,ML,,,,3.5,0.2,11
2602440,2006-07-28T05:58:51Z,-39.18,0.1,174.8,0.0,30.0,2.0,ML,,,,2.0,0.1,5
2602441,2006-07-28T06:02:17Z,-39.78,0.0,176.92,0.0,49.0,1.0,ML,,,,2.9,0.2,10
2602442,2006-07-28T06:04:22Z,-41.29,0.0,173.78,0.0,54.0,2.0,ML,,,,2.3,0.1,6
2851001,2006-07-28T06:12:07Z,-45.48,0.0,167.06,0.0,82.0,3.0,ML,,,,2.2,0.1,4
2602455,2006-07-28T06:38:19Z,-36.17,0.2,178.44,0.2,207.0,18.0,ML,,,,3.1,0.2,5
2602459,2006-07-28T06:45:39Z,-43.1,0.0,171.48,0.0,5.0,0.0,ML,,,,2.3,0.2,8
2602479,2006-07-28T07:22:54Z,-37.5,0.0,178.44,0.0,41.0,1.0,ML,,,,2.1,0.2,3
2602486,2006-07-28T07:39:47Z,-41.2,0.0,174.61,0.0,58.0,1.0,ML,,,,3.6,0.1,18
2602488,2006-07-28T07:45:36Z,-38.3,0.0,176.08,0.0,159.0,3.0,ML,,,,4.1,0.2,18
2602495,2006-07-28T08:00:31Z,-37.66,0.0,177.07,0.0,155.0,3.0,ML,,,,2.8,0.2,7
2602498,2006-07-28T08:06:45Z,-40.96,0.0,174.53,0.0,12.0,0.0,ML,,,,1.6,0.3,5
2602499,2006-07-28T08:09:29Z,-41.14,0.0,173.49,0.0,74.0,2.0,ML,,,,2.3,0.0,2
2851342,2006-07-28T08:13:01Z,-36.88,0.0,177.46,0.0,12.0,0.0,ML,,,,3.5,0.3,8
2851343,2006-07-28T08:14:14Z,-45.07,0.0,167.36,0.1,69.0,6.0,ML,,,,1.9,0.1,4
2602503,2006-07-28T08:19:49Z,-35.62,0.1,178.76,0.2,260.0,11.0,ML,,,,3.5,0.2,5
2851354,2006-07-28T08:22:00Z,-45.21,0.0,166.91,0.0,24.0,1.0,ML,,,,2.1,0.2,3
2602520,2006-07-28T08:55:02Z,-39.59,0.0,174.16,0.0,201.0,4.0,ML,,,,3.2,0.1,12
2851360,2006-07-28T09:29:05Z,-37.97,0.0,178.88,0.0,47.0,3.0,ML,,,,2.3,0.1,3
2602533,2006-07-28T09:31:14Z,-39.61,0.0,176.25,0.0,51.0,3.0,ML,,,,2.1,0.2,3
2602542,2006-07-28T09:56:39Z,-43.06,0.0,171.25,0.0,5.0,0.0,ML,,,,2.3,0.2,8
2602545,2006-07-28T10:05:47Z,-39.28,0.0,175.56,0.0,0.0,0.0,ML,,,,1.2,0.1,1
2602582,2006-07-28T11:44:47Z,-40.3,0.0,174.52,0.0,101.0,2.0,ML,,,,3.8,0.2,17
2602634,2006-07-28T14:28:22Z,-38.46,0.0,176.3,0.0,91.0,2.0,ML,,,,3.0,0.1,11
2602655,2006-07-28T15:30:41Z,-38.83,0.0,176.01,0.0,2.0,0.0,ML,,,,1.5,0.2,5
2602666,2006-07-28T16:07:01Z,-37.58,0.0,178.01,0.0,59.0,3.0,ML,,,,2.4,0.2,4
2602669,2006-07-28T16:11:55Z,-38.81,0.0,176.0,0.0,2.0,0.0,ML,,,,1.2,0.1,3
2602688,2006-07-28T17:00:56Z,-43.29,0.0,172.34,0.0,12.0,0.0,ML,,,,2.5,0.4,9
2602690,2006-07-28T17:09:08Z,-40.25,0.0,174.2,0.0,105.0,4.0,ML,,,,1.8,nan,1
2851415,2006-07-28T17:32:03Z,-44.61,0.0,167.99,0.0,62.0,2.0,ML,,,,1.7,0.3,3
2602697,2006-07-28T17:32:44Z,-44.35,0.0,169.89,0.0,5.0,0.0,ML,,,,2.5,0.2,11
2602707,2006-07-28T18:04:38Z,-38.89,0.0,175.52,0.0,118.0,3.0,ML,,,,2.3,0.2,3
2602711,2006-07-28T18:22:01Z,-40.97,0.0,172.53,0.0,5.0,0.0,ML,,,,2.3,0.3,5
2602715,2006-07-28T18:28:50Z,-41.63,0.0,173.67,0.0,49.0,2.0,ML,,,,3.0,0.1,9
2602716,2006-07-28T18:31:54Z,-43.08,0.0,171.41,0.0,5.0,0.0,ML,,,,1.9,0.2,4
2602728,2006-07-28T19:07:29Z,-38.88,0.0,178.05,0.1,33.0,0.0,ML,,,,2.0,0.1,2
2602737,2006-07-28T19:32:34Z,-44.14,0.0,168.62,0.0,5.0,0.0,ML,,,,2.6,0.2,9
2602752,2006-07-28T20:29:39Z,-42.63,0.0,173.0,0.1,33.0,0.0,ML,,,,2.1,0.1,3
2602757,2006-07-28T20:43:08Z,-39.83,0.0,177.29,0.0,33.0,0.0,ML,,,,2.7,0.3,7
2602760,2006-07-28T20:52:11Z,-37.73,0.0,176.85,0.0,5.0,0.0,ML,,,,2.2,0.1,4
2602772,2006-07-28T21:24:30Z,-37.45,0.0,177.22,0.0,153.0,2.0,ML,,,,3.5,0.2,11
2602788,2006-07-28T22:31:31Z,-39.7,0.0,174.16,0.0,195.0,5.0,ML,,,,3.4,0.2,12
2602794,2006-07-28T22:51:34Z,-38.73,0.0,177.87,0.0,12.0,0.0,ML,,,,2.3,0.0,3
2851446,2006-07-28T22:52:25Z,-38.85,0.0,175.87,0.0,5.0,0.0,ML,,,,1.5,0.1,2
2602816,2006-07-29T00:04:03Z,-37.43,0.1,178.21,0.1,43.0,4.0,ML,,,,2.8,0.2,4
2602827,2006-07-29T00:37:15Z,-41.79,0.0,173.65,0.0,42.0,1.0,ML,,,,2.1,0.2,3
2602828,2006-07-29T00:41:45Z,-45.05,0.0,167.91,0.0,12.0,0.0,ML,,,,2.1,0.1,5
2602895,2006-07-29T04:08:46Z,-43.01,0.0,170.81,0.0,15.0,1.0,ML,,,,2.1,0.1,2
2602926,2006-07-29T05:51:36Z,-41.5,0.0,172.29,0.0,5.0,0.0,ML,,,,2.2,0.2,4
2602928,2006-07-29T05:58:09Z,-37.85,0.0,178.3,0.0,52.0,3.0,ML,,,,2.2,0.3,4
2602930,2006-07-29T06:04:56Z,-42.39,0.0,172.88,0.0,5.0,0.0,ML,,,,1.8,0.2,3
2602958,2006-07-29T07:40:05Z,-38.98,0.0,174.63,0.0,27.0,2.0,ML,,,,1.9,0.1,3
2602961,2006-07-29T07:48:41Z,-43.2,0.0,170.92,0.0,5.0,0.0,ML,,,,2.7,0.4,8
2851859,2006-07-29T07:50:38Z,-37.54,0.0,177.16,0.0,126.0,3.0,ML,,,,2.4,0.2,3
2602965,2006-07-29T08:00:35Z,-42.39,0.0,172.88,0.0,5.0,0.0,ML,,,,1.5,0.2,3
2602976,2006-07-29T08:41:07Z,-41.16,0.0,175.12,0.0,9.0,1.0,ML,,,,2.2,0.2,11
2602980,2006-07-29T09:00:32Z,-41.25,0.0,172.98,0.0,112.0,2.0,ML,,,,2.5,0.1,2
2602981,2006-07-29T09:02:18Z,-38.95,0.0,174.59,0.0,12.0,0.0,ML,,,,1.8,0.2,2
2603013,2006-07-29T11:03:55Z,-36.86,0.1,177.4,0.2,301.0,8.0,ML,,,,2.9,0.1,3
2603028,2006-07-29T12:12:53Z,-41.32,0.0,173.63,0.0,66.0,2.0,ML,,,,2.9,0.2,11
2603038,2006-07-29T12:46:40Z,-38.31,0.0,175.95,0.0,176.0,3.0,ML,,,,3.7,0.2,15
2603039,2006-07-29T12:53:53Z,-45.89,0.0,166.61,0.0,54.0,3.0,ML,,,,2.1,0.3,4
2603076,2006-07-29T15:06:20Z,-39.21,0.0,177.81,0.0,22.0,2.0,ML,,,,2.4,0.4,3
2603081,2006-07-29T15:18:42Z,-43.71,0.1,169.55,0.1,5.0,0.0,ML,,,,1.9,0.2,3
2603084,2006-07-29T15:27:41Z,-45.13,0.0,167.41,0.0,84.0,3.0,ML,,,,2.1,0.2,4
2852239,2006-07-29T15:28:55Z,-41.4,0.0,172.32,0.0,5.0,0.0,ML,,,,1.4,0.1,3
2603117,2006-07-29T17:11:39Z,-44.17,0.0,168.69,0.0,5.0,0.0,ML,,,,1.8,0.2,5
2603123,2006-07-29T17:31:20Z,-39.9,0.0,176.39,0.0,33.0,0.0,ML,,,,1.8,0.4,2
2603143,2006-07-29T18:27:06Z,-44.58,0.0,167.77,0.0,10.0,1.0,ML,,,,3.0,0.2,13
2603165,2006-07-29T19:41:44Z,-37.08,0.1,177.39,0.1,172.0,8.0,ML,,,,3.1,0.2,2
2603195,2006-07-29T21:12:38Z,-39.14,0.0,174.79,0.0,209.0,3.0,ML,,,,4.1,0.2,15
2603197,2006-07-29T21:24:24Z,-40.03,0.0,176.61,0.0,34.0,6.0,ML,,,,2.5,0.1,5
2603199,2006-07-29T21:27:26Z,-40.58,0.0,176.54,0.0,33.0,1.0,ML,,,,2.4,0.2,3
2603232,2006-07-29T23:28:54Z,-44.22,0.0,168.79,0.1,5.0,0.0,ML,,,,2.1,0.1,5
2603233,2006-07-29T23:33:19Z,-44.19,0.0,168.77,0.0,5.0,0.0,ML,,,,2.6,0.2,8
2603245,2006-07-30T00:07:29Z,-43.86,0.0,169.31,0.0,5.0,0.0,ML,,,,3.5,0.2,10
2603250,2006-07-30T00:26:10Z,-41.57,0.0,174.14,0.0,13.0,2.0,ML,,,,2.6,0.1,4
2603261,2006-07-30T01:03:10Z,-39.58,0.0,174.97,0.0,33.0,0.0,ML,,,,2.2,0.1,8
2603299,2006-07-30T03:24:53Z,-44.23,0.0,168.6,0.0,5.0,0.0,ML,,,,2.5,0.2,9
2603318,2006-07-30T04:33:39Z,-39.18,0.0,176.05,0.0,5.0,0.0,ML,,,,2.5,0.2,16
2603361,2006-07-30T06:47:21Z,-41.42,0.0,175.25,0.0,17.0,2.0,ML,,,,1.9,0.2,5
2603403,2006-07-30T08:48:13Z,-38.31,0.0,177.66,0.0,57.0,3.0,ML,,,,3.7,0.3,5
2603406,2006-07-30T08:55:58Z,-45.0,0.0,167.51,0.0,59.0,5.0,ML,,,,2.3,0.2,5
2603407,2006-07-30T09:00:28Z,-41.69,0.0,172.69,0.0,77.0,1.0,ML,,,,1.9,0.3,2
2603411,2006-07-30T09:12:20Z,-47.51,0.0,165.63,0.1,5.0,0.0,ML,,,,3.3,0.3,5
2603414,2006-07-30T09:21:45Z,-40.34,0.0,176.41,0.0,33.0,0.0,ML,,,,2.1,0.3,3
2603416,2006-07-30T09:25:28Z,-41.86,0.0,171.79,0.0,25.0,2.0,ML,,,,2.2,0.3,2
2603433,2006-07-30T10:22:18Z,-37.77,0.0,177.95,0.0,70.0,2.0,ML,,,,2.6,0.2,3
2603476,2006-07-30T12:38:44Z,-44.83,0.0,167.91,0.0,92.0,4.0,ML,,,,2.1,0.3,4
2603494,2006-07-30T13:44:00Z,-42.82,0.0,171.36,0.0,5.0,0.0,ML,,,,2.8,0.3,11
2603495,2006-07-30T13:49:13Z,-45.09,0.0,167.55,0.0,119.0,2.0,ML,,,,2.9,0.2,5
2603539,2006-07-30T15:35:57Z,-40.4,0.0,173.24,0.0,214.0,2.0,ML,,,,3.9,0.2,13
2603560,2006-07-30T16:32:54Z,-41.28,0.0,172.79,0.0,139.0,4.0,ML,,,,2.8,nan,1
2603590,2006-07-30T18:03:13Z,-41.91,0.0,173.97,0.0,5.0,0.0,ML,,,,3.2,0.2,17
2603591,2006-07-30T18:09:59Z,-41.67,0.0,174.21,0.0,5.0,0.0,ML,,,,1.9,0.1,3
2603593,2006-07-30T18:16:03Z,-41.03,0.0,174.43,0.0,63.0,2.0,ML,,,,2.3,0.2,5
2603600,2006-07-30T18:33:16Z,-41.38,0.0,173.62,0.0,87.0,2.0,ML,,,,3.4,0.1,12
2603606,2006-07-30T18:51:00Z,-37.22,0.0,177.16,0.0,5.0,0.0,ML,,,,3.1,0.3,6
2603611,2006-07-30T19:04:04Z,-39.47,0.0,175.64,0.0,63.0,2.0,ML,,,,2.3,0.1,3
2603617,2006-07-30T19:23:22Z,-41.48,0.0,173.17,0.0,98.0,3.0,ML,,,,3.0,0.3,9
2852313,2006-07-30T19:25:13Z,-43.71,0.0,169.5,0.0,5.0,0.0,ML,,,,2.8,0.2,9
2603629,2006-07-30T20:02:39Z,-47.46,0.0,165.58,0.1,12.0,0.0,ML,,,,3.0,0.3,4
2603682,2006-07-30T22:52:21Z,-38.53,0.0,177.56,0.0,33.0,0.0,ML,,,,2.5,0.1,3
2603685,2006-07-30T23:01:38Z,-41.86,0.0,171.93,0.0,5.0,0.0,ML,,,,2.4,0.2,5
2603692,2006-07-30T23:27:12Z,-45.4,0.1,167.45,0.1,100.0,5.0,ML,,,,2.7,0.1,3
2603727,2006-07-31T01:17:37Z,-41.62,0.0,174.12,0.0,12.0,1.0,ML,,,,2.0,0.2,4
2603730,2006-07-31T01:26:56Z,-42.17,0.0,172.07,0.0,5.0,0.0,ML,,,,2.9,0.3,6
2603755,2006-07-31T02:39:43Z,-40.04,0.0,175.16,0.0,32.0,1.0,ML,,,,2.5,0.1,15
2603808,2006-07-31T04:43:20Z,-41.12,0.0,172.82,0.0,163.0,1.0,ML,,,,2.7,nan,1
2603845,2006-07-31T06:25:39Z,-39.94,0.0,176.63,0.0,31.0,2.0,ML,,,,2.4,0.2,5
2603846,2006-07-31T06:27:27Z,-40.02,0.0,174.97,0.0,33.0,0.0,ML,,,,2.1,0.2,6
2603860,2006-07-31T07:20:37Z,-38.01,0.1,176.22,0.1,136.0,10.0,ML,,,,2.7,0.1,3
2603867,2006-07-31T07:41:29Z,-37.61,0.0,176.48,0.0,190.0,3.0,ML,,,,3.0,0.3,3
2603881,2006-07-31T08:49:31Z,-37.59,0.0,179.39,0.0,12.0,0.0,ML,,,,3.2,0.0,3
2603920,2006-07-31T11:07:02Z,-42.34,0.0,172.85,0.0,33.0,0.0,ML,,,,2.4,0.3,4
2603922,2006-07-31T11:13:05Z,-41.72,0.0,171.99,0.0,15.0,1.0,ML,,,,2.0,0.3,2
2603953,2006-07-31T12:53:04Z,-40.4,0.0,174.03,0.0,33.0,0.0,ML,,,,2.2,0.2,4
2603955,2006-07-31T13:01:21Z,-41.02,0.0,173.96,0.0,57.0,2.0,ML,,,,2.4,0.2,5
2603978,2006-07-31T14:30:34Z,-40.27,0.0,173.47,0.0,157.0,5.0,ML,,,,2.9,0.3,4
2603981,2006-07-31T14:45:52Z,-39.44,0.0,177.25,0.0,38.0,9.0,ML,,,,2.2,0.1,3
2603983,2006-07-31T14:57:11Z,-39.38,0.0,177.22,0.0,29.0,3.0,ML,,,,2.3,0.3,3
2604017,2006-07-31T16:48:09Z,-37.49,0.0,177.47,0.0,126.0,4.0,ML,,,,2.8,0.3,5
2604021,2006-07-31T16:59:38Z,-41.43,0.0,174.42,0.0,30.0,1.0,ML,,,,2.8,0.1,10
2604024,2006-07-31T17:13:10Z,-41.87,0.0,173.96,0.0,38.0,2.0,ML,,,,2.5,0.1,9
2604032,2006-07-31T17:44:18Z,-45.23,0.0,167.54,0.0,123.0,3.0,ML,,,,2.4,0.2,5
2604044,2006-07-31T18:16:32Z,-41.21,0.0,172.83,0.0,150.0,3.0,ML,,,,2.5,0.1,2
2604058,2006-07-31T19:05:15Z,-40.91,0.0,175.68,0.0,25.0,0.0,ML,,,,2.3,0.1,9
2604103,2006-07-31T21:37:38Z,-37.94,0.0,176.85,0.0,5.0,0.0,ML,,,,2.4,0.2,5
2604109,2006-07-31T21:56:07Z,-39.55,0.0,175.65,0.0,12.0,0.0,ML,,,,1.4,0.0,3
2604121,2006-07-31T22:34:30Z,-39.46,0.0,174.93,0.0,33.0,0.0,ML,,,,2.1,0.1,16
2604141,2006-07-31T23:32:06Z,-40.56,0.0,173.3,0.0,148.0,4.0,ML,,,,2.8,0.0,2
2604166,2006-08-01T00:49:58Z,-39.99,0.0,176.61,0.0,33.0,0.0,ML,,,,2.1,0.1,4
2604172,2006-08-01T01:07:24Z,-39.34,0.0,177.47,0.0,33.0,2.0,ML,,,,2.5,0.2,2
2604181,2006-08-01T01:36:20Z,-39.4,0.0,177.53,0.0,41.0,4.0,ML,,,,2.4,0.1,2
2604189,2006-08-01T01:54:52Z,-45.67,0.0,166.82,0.0,12.0,0.0,ML,,,,1.9,0.1,2
2854675,2006-08-01T02:06:23Z,-37.88,0.0,177.17,0.0,89.0,3.0,ML,,,,2.9,0.0,3
2604192,2006-08-01T02:07:09Z,-39.41,0.0,176.2,0.0,5.0,0.0,ML,,,,2.0,0.2,11
2604216,2006-08-01T03:00:04Z,-41.28,0.0,172.36,0.0,5.0,0.0,ML,,,,2.4,0.2,6
2604224,2006-08-01T03:25:36Z,-40.84,0.0,174.36,0.0,74.0,3.0,ML,,,,2.4,0.2,6
2604226,2006-08-01T03:30:57Z,-43.0,0.0,170.77,0.0,5.0,0.0,ML,,,,2.5,0.3,7
2604249,2006-08-01T04:24:41Z,-40.36,0.0,174.12,0.0,74.0,5.0,ML,,,,2.5,0.2,2
2604262,2006-08-01T05:00:44Z,-41.76,0.0,172.27,0.0,93.0,2.0,ML,,,,1.6,nan,1
2604274,2006-08-01T05:39:51Z,-41.01,0.0,174.54,0.0,52.0,1.0,ML,,,,2.5,0.2,13
2604285,2006-08-01T06:22:25Z,-39.7,0.0,174.26,0.0,137.0,2.0,ML,,,,2.8,0.2,12
2604286,2006-08-01T06:25:59Z,-41.02,0.0,173.58,0.0,89.0,2.0,ML,,,,3.2,0.1,5
2604297,2006-08-01T07:03:13Z,-40.19,0.0,174.87,0.0,12.0,0.0,ML,,,,2.2,0.2,15
2855034,2006-08-01T07:03:44Z,-44.99,0.0,167.45,0.0,58.0,2.0,ML,,,,2.9,0.3,12
2604303,2006-08-01T07:27:49Z,-36.0,0.2,178.14,0.4,279.0,14.0,ML,,,,3.4,0.3,6
2604311,2006-08-01T07:57:36Z,-41.16,0.0,174.02,0.0,55.0,2.0,ML,,,,3.0,0.1,10
2604313,2006-08-01T08:03:13Z,-39.27,0.0,175.45,0.0,17.0,1.0,ML,,,,1.5,0.3,9
2604317,2006-08-01T08:18:17Z,-39.02,0.0,176.11,0.0,85.0,2.0,ML,,,,2.3,0.3,4
2604327,2006-08-01T08:53:58Z,-41.46,0.0,173.54,0.0,58.0,2.0,ML,,,,2.2,0.2,7
2604337,2006-08-01T09:30:30Z,-40.55,0.0,174.74,0.0,19.0,2.0,ML,,,,2.0,0.1,13
2604342,2006-08-01T09:52:18Z,-36.91,0.0,178.24,0.0,33.0,0.0,ML,,,,3.0,0.3,5
2604346,2006-08-01T10:11:50Z,-41.5,0.0,174.03,0.0,38.0,0.0,ML,,,,2.0,0.0,3
2604347,2006-08-01T10:14:18Z,-42.99,0.0,171.94,0.0,5.0,0.0,ML,,,,2.1,0.2,4
2855146,2006-08-01T10:39:24Z,-39.28,0.0,175.56,0.0,0.0,0.0,ML,,,,0.8,0.2,2
2604355,2006-08-01T10:39:39Z,-44.53,0.0,168.46,0.0,5.0,0.0,ML,,,,2.4,0.2,10
2604362,2006-08-01T11:07:47Z,-40.89,0.0,174.68,0.0,63.0,1.0,ML,,,,2.6,0.3,16
2604364,2006-08-01T11:14:29Z,-45.42,0.0,166.8,0.0,12.0,0.0,ML,,,,2.8,0.1,10
2604395,2006-08-01T13:12:36Z,-43.66,0.0,170.55,0.0,5.0,0.0,ML,,,,2.8,0.2,16
2604401,2006-08-01T13:32:37Z,-41.23,0.0,175.39,0.0,19.0,1.0,ML,,,,2.3,0.1,14
2604428,2006-08-01T14:58:22Z,-39.15,0.0,177.55,0.0,30.0,2.0,ML,,,,2.5,0.1,2
2855506,2006-08-01T15:15:50Z,-46.86,0.0,166.45,0.0,5.0,0.0,ML,,,,2.7,0.3,6
2604434,2006-08-01T15:16:53Z,-41.53,0.0,172.13,0.0,5.0,0.0,ML,,,,1.8,0.2,4
2604435,2006-08-01T15:19:45Z,-45.5,0.0,167.64,0.0,24.0,1.0,ML,,,,2.0,0.1,4
2604439,2006-08-01T15:42:08Z,-41.48,0.0,174.47,0.0,26.0,1.0,ML,,,,2.0,0.2,12
2604450,2006-08-01T16:31:36Z,-45.17,0.0,167.41,0.0,92.0,1.0,ML,,,,2.5,0.3,8
2604454,2006-08-01T16:45:34Z,-39.9,0.0,176.75,0.0,45.0,2.0,ML,,,,2.3,0.1,4
2604464,2006-08-01T17:23:03Z,-37.95,0.0,176.84,0.0,5.0,0.0,ML,,,,2.3,0.1,4
2604475,2006-08-01T17:55:08Z,-36.87,0.0,177.31,0.1,199.0,4.0,ML,,,,2.9,0.1,3
2604476,2006-08-01T17:57:48Z,-36.79,0.0,177.01,0.0,253.0,3.0,ML,,,,3.3,0.2,9
2604495,2006-08-01T19:05:19Z,-40.55,0.0,174.89,0.0,30.0,1.0,ML,,,,2.0,0.2,5
2856953,2006-08-01T19:08:25Z,-44.95,0.0,169.26,0.0,5.0,0.0,ML,,,,1.5,0.1,3
2604498,2006-08-01T19:10:14Z,-40.43,0.0,175.9,0.0,32.0,4.0,ML,,,,1.4,0.1,3
2604503,2006-08-01T19:28:32Z,-41.13,0.0,174.65,0.0,31.0,0.0,ML,,,,2.1,0.1,12
2604513,2006-08-01T19:53:17Z,-38.95,0.0,175.71,0.0,5.0,0.0,ML,,,,1.4,0.2,3
2604555,2006-08-01T22:15:40Z,-37.51,0.0,176.04,0.1,172.0,8.0,ML,,,,2.9,0.2,4
2604570,2006-08-01T23:04:27Z,-43.59,0.0,169.82,0.0,5.0,0.0,ML,,,,2.3,0.2,6
2604588,2006-08-02T00:02:39Z,-39.69,0.0,174.09,0.0,203.0,3.0,ML,,,,3.7,0.1,9
2604597,2006-08-02T00:27:59Z,-40.56,0.0,174.85,0.0,12.0,0.0,ML,,,,2.8,0.1,10
2604610,2006-08-02T01:14:50Z,-38.48,0.0,178.23,0.0,28.0,3.0,ML,,,,2.9,0.1,4
2604637,2006-08-02T02:43:08Z,-38.92,0.0,178.05,0.0,43.0,3.0,ML,,,,3.6,0.2,6
2604638,2006-08-02T02:49:02Z,-38.02,0.0,176.49,0.0,5.0,0.0,ML,,,,3.0,0.1,8
2604661,2006-08-02T03:59:58Z,-41.71,0.0,173.55,0.0,46.0,2.0,ML,,,,1.8,0.0,2
2604663,2006-08-02T04:07:09Z,-45.05,0.0,167.92,0.0,12.0,0.0,ML,,,,2.1,0.2,6
2604666,2006-08-02T04:16:10Z,-41.71,0.0,172.52,0.0,12.0,0.0,ML,,,,2.1,0.0,3
2604668,2006-08-02T04:21:48Z,-38.52,0.0,178.52,0.1,33.0,0.0,ML,,,,3.1,0.2,5
2604670,2006-08-02T04:29:50Z,-37.8,0.0,-179.49,0.0,33.0,0.0,ML,,,,3.3,0.1,4
2604672,2006-08-02T04:38:03Z,-37.44,0.1,177.71,0.1,157.0,6.0,ML,,,,3.0,0.2,3
2604719,2006-08-02T06:53:19Z,-37.64,0.0,178.36,0.0,54.0,1.0,ML,,,,2.4,0.3,4
2604732,2006-08-02T07:26:51Z,-37.52,0.0,177.08,0.0,146.0,3.0,ML,,,,3.3,0.1,11
2604741,2006-08-02T07:56:13Z,-36.44,0.0,-178.93,0.0,33.0,0.0,ML,,,,3.6,0.0,4
2604744,2006-08-02T08:08:14Z,-42.48,0.0,173.63,0.0,12.0,0.0,ML,,,,2.2,0.1,3
2604756,2006-08-02T08:55:30Z,-38.11,0.0,177.35,0.0,72.0,2.0,ML,,,,2.1,0.2,3
2604782,2006-08-02T10:13:32Z,-41.21,0.0,173.34,0.0,105.0,3.0,ML,,,,2.5,0.2,3
2604790,2006-08-02T10:39:01Z,-45.1,0.0,167.36,0.0,12.0,0.0,ML,,,,2.0,0.1,3
2604791,2006-08-02T10:41:57Z,-41.25,0.0,172.59,0.0,172.0,3.0,ML,,,,3.1,0.2,8
2604814,2006-08-02T12:04:02Z,-39.73,0.0,174.96,0.0,98.0,4.0,ML,,,,2.2,0.1,3
2604819,2006-08-02T12:21:14Z,-45.03,0.0,169.37,0.0,5.0,0.0,ML,,,,2.5,0.3,11
2604828,2006-08-02T12:47:05Z,-40.1,0.0,174.23,0.0,116.0,2.0,ML,,,,3.3,0.3,15
2604829,2006-08-02T12:50:54Z,-45.03,0.0,167.52,0.0,74.0,2.0,ML,,,,2.3,0.3,8
2604832,2006-08-02T13:03:08Z,-41.11,0.0,173.81,0.0,59.0,2.0,ML,,,,2.4,0.2,6
2604837,2006-08-02T13:24:15Z,-45.05,0.0,167.9,0.0,20.0,2.0,ML,,,,2.0,0.2,8
2604840,2006-08-02T13:31:15Z,-43.24,0.0,173.48,0.0,12.0,0.0,ML,,,,2.5,0.3,6
2604855,2006-08-02T14:21:22Z,-40.98,0.0,175.18,0.0,31.0,1.0,ML,,,,2.0,0.2,5
2877948,2006-08-02T14:22:43Z,-38.43,0.0,177.37,0.0,46.0,0.0,ML,,,,2.2,0.4,3
2604859,2006-08-02T14:35:14Z,-40.54,0.0,176.37,0.0,28.0,2.0,ML,,,,2.0,0.1,3
2604866,2006-08-02T14:51:45Z,-45.47,0.0,167.46,0.0,12.0,0.0,ML,,,,1.7,0.1,4
2604889,2006-08-02T16:04:13Z,-45.08,0.0,167.28,0.0,49.0,2.0,ML,,,,2.2,0.2,8
2604918,2006-08-02T17:29:10Z,-38.13,0.0,176.26,0.0,1.0,0.0,ML,,,,1.9,0.1,3
2604939,2006-08-02T18:30:46Z,-40.21,0.0,174.81,0.0,32.0,3.0,ML,,,,2.9,0.1,9
2604948,2006-08-02T18:56:49Z,-41.8,0.0,171.89,0.0,12.0,0.0,ML,,,,1.9,0.3,3
2604954,2006-08-02T19:14:48Z,-41.67,0.0,174.28,0.0,12.0,1.0,ML,,,,2.1,0.2,6
2604975,2006-08-02T20:27:36Z,-37.78,0.1,179.5,0.1,33.0,0.0,ML,,,,3.1,0.2,3
2604977,2006-08-02T20:29:58Z,-40.1,0.0,173.64,0.0,164.0,3.0,ML,,,,2.6,nan,1
2604978,2006-08-02T20:34:35Z,-45.24,0.0,167.34,0.0,89.0,2.0,ML,,,,2.7,0.2,7
2605032,2006-08-02T22:59:03Z,-42.83,0.0,171.38,0.0,5.0,0.0,ML,,,,3.7,0.2,16
2605034,2006-08-02T23:03:00Z,-41.07,0.0,175.07,0.0,28.0,1.0,ML,,,,2.6,0.1,9
2605036,2006-08-02T23:05:02Z,-42.83,0.0,171.38,0.0,5.0,0.0,ML,,,,3.3,0.2,7
2605040,2006-08-02T23:18:47Z,-42.85,0.0,171.39,0.0,5.0,0.0,ML,,,,2.3,0.4,5
2605049,2006-08-02T23:35:40Z,-38.14,0.0,176.72,0.0,5.0,0.0,ML,,,,1.7,0.3,3
2605053,2006-08-02T23:50:37Z,-41.12,0.0,174.03,0.0,58.0,2.0,ML,,,,2.6,0.2,10
2855550,2006-08-03T00:35:18Z,-45.37,0.0,166.09,0.0,5.0,0.0,ML,,,,2.2,0.0,2
2605066,2006-08-03T00:38:04Z,-41.29,0.0,175.28,0.0,24.0,1.0,ML,,,,1.7,0.2,4
2605079,2006-08-03T01:18:40Z,-39.2,0.0,177.57,0.0,33.0,1.0,ML,,,,2.4,0.0,2
2605106,2006-08-03T02:29:03Z,-43.54,0.0,170.66,0.0,12.0,0.0,ML,,,,2.0,0.3,4
2605111,2006-08-03T02:46:46Z,-40.89,0.0,173.59,0.0,115.0,2.0,ML,,,,3.2,0.2,9
2605149,2006-08-03T04:36:01Z,-46.01,0.0,166.25,0.1,12.0,0.0,ML,,,,2.5,0.1,3
2605154,2006-08-03T04:50:18Z,-41.83,0.0,174.09,0.0,32.0,0.0,ML,,,,1.9,0.1,4
2605178,2006-08-03T06:14:26Z,-40.47,0.0,176.3,0.0,32.0,1.0,ML,,,,2.3,0.4,4
2605199,2006-08-03T07:17:57Z,-44.72,0.0,167.89,0.0,69.0,2.0,ML,,,,2.3,0.2,9
2605211,2006-08-03T07:56:51Z,-37.62,0.0,175.65,0.0,5.0,0.0,ML,,,,2.2,0.2,3
2605219,2006-08-03T08:16:53Z,-41.23,0.0,172.61,0.0,194.0,3.0,ML,,,,3.2,0.4,6
2605223,2006-08-03T08:33:06Z,-38.65,0.0,178.56,0.0,33.0,0.0,ML,,,,2.4,0.5,2
2605229,2006-08-03T08:55:32Z,-40.84,0.0,175.75,0.0,22.0,1.0,ML,,,,2.1,0.2,7
2605232,2006-08-03T09:12:55Z,-41.06,0.0,174.21,0.0,53.0,1.0,ML,,,,2.0,0.0,3
2605240,2006-08-03T09:37:11Z,-45.0,0.0,167.52,0.0,58.0,2.0,ML,,,,2.4,0.3,7
2605262,2006-08-03T10:44:56Z,-38.0,0.0,176.1,0.0,164.0,4.0,ML,,,,3.7,0.2,19
2855588,2006-08-03T11:03:15Z,-45.64,0.0,166.9,0.0,62.0,2.0,ML,,,,1.9,0.3,3
2605267,2006-08-03T11:05:08Z,-41.56,0.0,174.29,0.0,17.0,2.0,ML,,,,1.7,0.1,4
2605271,2006-08-03T11:16:49Z,-39.04,0.0,173.9,0.0,5.0,0.0,ML,,,,1.3,0.1,4
2605287,2006-08-03T12:06:51Z,-39.25,0.0,173.87,0.0,22.0,2.0,ML,,,,1.8,0.1,3
2605289,2006-08-03T12:13:44Z,-44.59,0.0,167.95,0.1,52.0,2.0,ML,,,,1.8,0.4,4
2605314,2006-08-03T13:22:37Z,-45.01,0.0,170.38,0.0,5.0,0.0,ML,,,,1.8,0.4,3
2605322,2006-08-03T13:49:20Z,-41.91,0.0,173.96,0.0,11.0,2.0,ML,,,,1.9,0.1,5
2855605,2006-08-03T13:50:41Z,-37.36,0.0,176.69,0.0,213.0,2.0,ML,,,,2.8,0.2,4
2605330,2006-08-03T14:22:54Z,-41.2,0.0,173.62,0.0,67.0,2.0,ML,,,,2.2,0.4,4
2605337,2006-08-03T14:55:14Z,-41.24,0.0,173.45,0.0,73.0,3.0,ML,,,,1.9,0.3,3
2605338,2006-08-03T15:00:07Z,-45.17,0.0,167.39,0.0,123.0,4.0,ML,,,,2.3,0.1,4
2605342,2006-08-03T15:12:42Z,-38.62,0.0,175.72,0.0,166.0,3.0,ML,,,,3.1,0.2,14
2605343,2006-08-03T15:15:41Z,-38.63,0.0,176.16,0.0,120.0,3.0,ML,,,,2.7,0.2,5
2605353,2006-08-03T15:41:49Z,-39.79,0.0,176.68,0.0,27.0,3.0,ML,,,,2.9,0.2,11
2605501,2006-08-03T15:42:49Z,-39.8,0.0,176.7,0.0,39.0,5.0,ML,,,,3.2,0.1,5
2605356,2006-08-03T15:50:01Z,-44.94,0.0,167.63,0.0,76.0,3.0,ML,,,,1.6,0.2,4
2605366,2006-08-03T16:18:32Z,-38.98,0.0,175.75,0.0,5.0,1.0,ML,,,,1.6,0.2,8
2605368,2006-08-03T16:28:06Z,-45.06,0.0,167.92,0.0,12.0,0.0,ML,,,,2.0,0.3,7
2605379,2006-08-03T16:52:47Z,-45.18,0.0,167.42,0.0,114.0,3.0,ML,,,,2.6,0.3,7
2605387,2006-08-03T17:20:31Z,-44.94,0.0,167.62,0.0,77.0,2.0,ML,,,,2.5,0.2,9
2605403,2006-08-03T18:04:41Z,-37.88,0.1,176.98,0.0,63.0,3.0,ML,,,,2.2,0.4,3
2605406,2006-08-03T18:13:28Z,-39.39,0.0,177.16,0.0,46.0,5.0,ML,,,,2.1,0.0,2
2605407,2006-08-03T18:19:13Z,-39.29,0.0,173.78,0.0,13.0,2.0,ML,,,,1.7,0.1,4
2605410,2006-08-03T18:28:31Z,-39.3,0.0,173.8,0.0,14.0,2.0,ML,,,,1.8,0.1,3
2605411,2006-08-03T18:33:53Z,-39.8,0.0,176.7,0.0,47.0,4.0,ML,,,,1.8,0.2,2
2856903,2006-08-03T18:37:09Z,-39.38,0.0,173.82,0.0,5.0,0.0,ML,,,,1.0,0.2,3
2605413,2006-08-03T18:38:03Z,-42.1,0.0,173.19,0.0,70.0,3.0,ML,,,,2.4,0.2,2
2856911,2006-08-03T19:50:42Z,-46.63,0.0,166.89,0.0,5.0,0.0,ML,,,,2.2,0.3,3
2605438,2006-08-03T19:53:34Z,-41.14,0.0,174.65,0.0,33.0,1.0,ML,,,,2.5,0.1,10
2605449,2006-08-03T20:32:22Z,-39.83,0.0,176.88,0.0,42.0,2.0,ML,,,,2.2,nan,1
2605465,2006-08-03T21:21:22Z,-39.29,0.0,173.78,0.0,14.0,1.0,ML,,,,1.6,0.1,3
2605481,2006-08-03T22:23:30Z,-38.75,0.0,177.84,0.0,28.0,3.0,ML,,,,2.8,0.2,4
2605486,2006-08-03T22:36:59Z,-46.32,0.0,166.23,0.1,5.0,0.0,ML,,,,2.7,0.3,3
2605487,2006-08-03T22:43:13Z,-45.15,0.0,167.3,0.0,70.0,2.0,ML,,,,2.1,0.3,3
2605492,2006-08-03T22:59:59Z,-41.02,0.0,174.54,0.0,55.0,2.0,ML,,,,2.2,0.1,3
2605496,2006-08-03T23:10:17Z,-39.98,0.0,176.61,0.0,54.0,3.0,ML,,,,2.4,0.0,4
2605498,2006-08-03T23:14:21Z,-38.64,0.0,178.5,0.0,53.0,8.0,ML,,,,2.5,0.2,2
2605503,2006-08-03T23:24:36Z,-40.65,0.0,174.55,0.0,38.0,4.0,ML,,,,2.5,0.1,10
2605587,2006-08-04T02:54:34Z,-40.12,0.0,174.28,0.0,99.0,3.0,ML,,,,3.2,0.2,17
2605602,2006-08-04T03:40:30Z,-40.79,0.0,174.1,0.0,78.0,3.0,ML,,,,2.3,0.1,7
2858316,2006-08-04T03:41:02Z,-40.25,0.0,174.73,0.0,33.0,0.0,ML,,,,1.9,0.1,4
2605615,2006-08-04T04:19:52Z,-45.2,0.0,167.34,0.0,12.0,0.0,ML,,,,2.6,0.2,9
2605618,2006-08-04T04:26:11Z,-38.87,0.0,174.74,0.0,27.0,3.0,ML,,,,1.8,0.1,4
2605622,2006-08-04T04:40:25Z,-39.71,0.0,177.01,0.0,47.0,1.0,ML,,,,3.8,0.2,19
2605623,2006-08-04T04:43:04Z,-41.29,0.0,175.17,0.0,23.0,1.0,ML,,,,2.6,0.1,10
2605629,2006-08-04T05:04:33Z,-45.4,0.0,166.83,0.0,12.0,0.0,ML,,,,2.9,0.2,10
2605632,2006-08-04T05:18:19Z,-45.07,0.0,167.46,0.0,118.0,2.0,ML,,,,2.9,0.1,10
2605636,2006-08-04T05:34:16Z,-41.31,0.0,175.07,0.0,5.0,0.0,ML,,,,1.5,0.1,6
2605639,2006-08-04T05:48:14Z,-39.04,0.0,174.04,0.0,5.0,0.0,ML,,,,1.8,0.1,5
2605645,2006-08-04T06:08:28Z,-42.33,0.0,173.86,0.0,12.0,0.0,ML,,,,2.5,0.4,14
2605669,2006-08-04T07:14:29Z,-45.77,0.0,166.91,0.0,5.0,0.0,ML,,,,1.9,0.2,3
2605674,2006-08-04T07:33:04Z,-39.03,0.1,174.05,0.1,12.0,0.0,ML,,,,1.3,0.2,2
2605675,2006-08-04T07:37:50Z,-39.58,0.0,174.4,0.0,145.0,5.0,ML,,,,2.2,nan,1
2605678,2006-08-04T07:45:32Z,-40.37,0.0,175.98,0.0,5.0,0.0,ML,,,,2.2,0.1,4
2605680,2006-08-04T07:53:38Z,-38.87,0.0,175.6,0.0,133.0,3.0,ML,,,,2.7,0.1,7
2605697,2006-08-04T08:39:02Z,-38.92,0.0,175.85,0.0,5.0,0.0,ML,,,,1.1,0.2,3
2605707,2006-08-04T09:04:38Z,-45.35,0.0,166.92,0.0,25.0,1.0,ML,,,,1.8,0.2,2
2605714,2006-08-04T09:28:37Z,-42.39,0.0,172.89,0.0,12.0,0.0,ML,,,,1.8,0.1,4
2605716,2006-08-04T09:34:41Z,-38.28,0.0,178.4,0.0,15.0,3.0,ML,,,,3.3,0.2,8
2605718,2006-08-04T09:39:56Z,-41.18,0.0,174.03,0.0,53.0,3.0,ML,,,,2.2,0.1,6
2605728,2006-08-04T10:07:00Z,-39.11,0.0,175.15,0.0,13.0,5.0,ML,,,,1.6,0.2,13
2605735,2006-08-04T10:29:34Z,-41.09,0.0,174.26,0.0,68.0,1.0,ML,,,,2.8,0.1,7
2605755,2006-08-04T11:26:02Z,-44.54,0.0,168.45,0.0,12.0,0.0,ML,,,,1.7,0.2,4
2605767,2006-08-04T12:18:34Z,-45.33,0.0,166.99,0.1,12.0,0.0,ML,,,,2.1,0.2,5
2605783,2006-08-04T12:59:02Z,-38.6,0.0,176.01,0.0,2.0,0.0,ML,,,,2.0,nan,1
2605796,2006-08-04T13:24:06Z,-40.08,0.0,176.57,0.0,33.0,0.0,ML,,,,1.8,0.2,4
2605805,2006-08-04T13:53:34Z,-40.16,0.0,176.51,0.0,44.0,2.0,ML,,,,2.1,0.2,4
2605816,2006-08-04T14:25:57Z,-39.16,0.0,174.9,0.0,195.0,2.0,ML,,,,3.7,0.2,19
2605830,2006-08-04T15:05:02Z,-44.54,0.0,167.23,0.0,5.0,0.0,ML,,,,2.1,0.2,6
2605844,2006-08-04T15:46:56Z,-40.67,0.0,175.51,0.0,23.0,0.0,ML,,,,1.4,0.1,3
2605848,2006-08-04T15:57:33Z,-38.3,0.0,176.05,0.0,179.0,2.0,ML,,,,3.3,0.3,15
2605854,2006-08-04T16:15:17Z,-45.73,0.0,166.84,0.0,5.0,0.0,ML,,,,2.1,0.3,4
2605865,2006-08-04T16:56:27Z,-39.79,0.0,173.77,0.0,145.0,3.0,ML,,,,3.0,0.2,11
2605866,2006-08-04T17:00:35Z,-38.39,0.0,178.63,0.0,12.0,0.0,ML,,,,3.2,0.2,10
2605892,2006-08-04T18:10:03Z,-38.21,0.0,175.86,0.0,184.0,2.0,ML,,,,3.8,0.1,21
2605921,2006-08-04T19:37:37Z,-39.95,0.0,177.09,0.0,28.0,1.0,ML,,,,2.5,0.3,6
2605922,2006-08-04T19:39:05Z,-40.36,0.0,175.25,0.0,33.0,0.0,ML,,,,1.6,0.1,3
2605928,2006-08-04T20:00:52Z,-38.65,0.0,175.67,0.0,168.0,3.0,ML,,,,3.5,0.3,14
2605937,2006-08-04T20:27:30Z,-38.28,0.0,176.18,0.0,161.0,3.0,ML,,,,3.5,0.2,13
2605950,2006-08-04T21:23:42Z,-44.09,0.0,169.64,0.0,5.0,0.0,ML,,,,1.5,0.2,3
2605982,2006-08-04T23:19:02Z,-40.43,0.0,174.59,0.0,33.0,0.0,ML,,,,2.1,0.2,3
2605987,2006-08-04T23:40:10Z,-40.47,0.0,174.93,0.0,5.0,0.0,ML,,,,1.9,0.1,6
2606028,2006-08-05T01:51:41Z,-43.22,0.0,173.54,0.0,33.0,0.0,ML,,,,3.2,0.1,4
2606033,2006-08-05T02:16:00Z,-46.1,0.0,167.16,0.0,5.0,0.0,ML,,,,2.5,0.1,5
2606037,2006-08-05T02:30:31Z,-45.01,0.0,167.5,0.0,97.0,4.0,ML,,,,2.2,0.1,6
2606052,2006-08-05T03:25:11Z,-39.21,0.0,175.24,0.1,139.0,6.0,ML,,,,2.8,0.1,8
2606072,2006-08-05T04:24:07Z,-38.35,0.0,178.25,0.0,12.0,0.0,ML,,,,2.2,0.2,3
2606098,2006-08-05T05:49:14Z,-41.92,0.0,173.87,0.0,12.0,0.0,ML,,,,1.9,0.1,6
2606103,2006-08-05T06:03:33Z,-41.39,0.0,172.22,0.0,5.0,0.0,ML,,,,2.5,0.1,6
2606112,2006-08-05T06:32:51Z,-38.42,0.0,178.28,0.0,45.0,9.0,ML,,,,2.4,0.2,3
2606139,2006-08-05T07:45:46Z,-40.2,0.0,174.13,0.0,92.0,2.0,ML,,,,1.9,nan,1
2606144,2006-08-05T08:01:54Z,-45.91,0.0,166.47,0.0,5.0,0.0,ML,,,,2.0,0.2,3
2606169,2006-08-05T09:13:16Z,-40.54,0.0,175.92,0.0,30.0,1.0,ML,,,,2.0,0.2,5
2606172,2006-08-05T09:20:14Z,-37.13,0.1,176.86,0.2,240.0,8.0,ML,,,,2.6,0.2,3
2606180,2006-08-05T09:38:13Z,-39.31,0.0,178.51,0.0,33.0,0.0,ML,,,,2.5,0.1,2
2606188,2006-08-05T10:02:15Z,-41.14,0.0,174.38,0.0,37.0,1.0,ML,,,,2.3,0.2,11
2606202,2006-08-05T11:00:35Z,-44.97,0.0,167.11,0.0,12.0,0.0,ML,,,,1.9,0.3,3
2606205,2006-08-05T11:18:00Z,-45.15,0.0,167.44,0.0,112.0,3.0,ML,,,,2.4,0.1,6
2606215,2006-08-05T11:50:28Z,-38.47,0.0,178.25,0.0,28.0,2.0,ML,,,,3.3,0.2,14
2856997,2006-08-05T11:50:45Z,-40.6,0.0,175.91,0.0,33.0,0.0,ML,,,,1.8,0.1,2
2857002,2006-08-05T11:51:18Z,-41.76,0.0,174.46,0.0,41.0,5.0,ML,,,,1.8,0.2,4
2856999,2006-08-05T12:47:00Z,-40.57,0.0,174.39,0.0,56.0,7.0,ML,,,,1.8,0.1,2
2606238,2006-08-05T12:57:54Z,-39.3,0.0,175.04,0.0,30.0,1.0,ML,,,,2.5,0.1,5
2606246,2006-08-05T13:17:12Z,-41.01,0.0,174.06,0.0,79.0,2.0,ML,,,,3.0,0.1,6
2606248,2006-08-05T13:19:58Z,-39.68,0.0,174.04,0.0,189.0,4.0,ML,,,,3.2,0.2,15
2606261,2006-08-05T14:08:11Z,-41.72,0.0,172.31,0.0,96.0,2.0,ML,,,,1.9,nan,1
2606279,2006-08-05T15:00:01Z,-40.16,0.0,176.36,0.0,52.0,3.0,ML,,,,2.0,0.4,4
2606295,2006-08-05T15:43:56Z,-35.89,0.1,177.81,0.2,228.0,9.0,ML,,,,3.2,0.1,4
2606297,2006-08-05T15:51:24Z,-41.53,0.0,172.42,0.0,12.0,0.0,ML,,,,2.2,0.3,5
2606298,2006-08-05T15:55:02Z,-38.61,0.0,177.81,0.0,28.0,2.0,ML,,,,3.4,0.2,4
2858364,2006-08-05T15:55:41Z,-44.53,0.0,167.96,0.0,5.0,0.0,ML,,,,1.7,0.2,3
2606317,2006-08-05T16:38:56Z,-44.53,0.0,168.46,0.0,5.0,0.0,ML,,,,2.8,0.2,12
2606320,2006-08-05T16:49:51Z,-44.52,0.0,168.47,0.0,5.0,0.0,ML,,,,1.5,0.2,4
2606321,2006-08-05T16:55:59Z,-44.52,0.0,168.46,0.0,5.0,0.0,ML,,,,1.4,0.1,3
2606327,2006-08-05T17:08:19Z,-38.58,0.0,176.01,0.0,5.0,0.0,ML,,,,2.0,nan,1
2858404,2006-08-05T17:08:23Z,-41.73,0.0,172.25,0.0,5.0,0.0,ML,,,,1.6,0.3,3
2858421,2006-08-05T17:26:34Z,-45.01,0.0,167.0,0.0,12.0,0.0,ML,,,,2.1,0.3,4
2606333,2006-08-05T17:28:30Z,-40.11,0.0,174.92,0.0,12.0,0.0,ML,,,,3.1,0.2,21
2606350,2006-08-05T18:07:51Z,-40.13,0.0,174.89,0.0,12.0,0.0,ML,,,,2.3,0.1,12
2606352,2006-08-05T18:14:13Z,-45.07,0.0,167.05,0.0,12.0,0.0,ML,,,,3.6,0.2,8
2606382,2006-08-05T19:28:51Z,-37.07,0.1,179.82,0.0,33.0,0.0,ML,,,,3.0,0.0,3
2606387,2006-08-05T19:47:33Z,-44.85,0.0,168.74,0.0,5.0,0.0,ML,,,,2.2,0.2,9
2606396,2006-08-05T20:17:26Z,-45.75,0.0,166.88,0.0,5.0,0.0,ML,,,,2.1,0.3,3
2606411,2006-08-05T21:05:59Z,-37.25,0.1,177.9,0.0,5.0,0.0,ML,,,,2.9,0.2,3
2606474,2006-08-05T23:49:24Z,-38.28,0.0,178.09,0.0,48.0,2.0,ML,,,,2.5,0.2,3
2606518,2006-08-06T02:18:46Z,-36.1,0.1,178.47,0.1,227.0,10.0,ML,,,,3.2,0.2,3
2606520,2006-08-06T02:29:48Z,-38.09,0.0,176.7,0.0,5.0,0.0,ML,,,,2.2,0.2,3
2606536,2006-08-06T03:14:02Z,-38.67,0.1,175.27,0.2,168.0,14.0,ML,,,,3.3,0.2,6
2606539,2006-08-06T03:20:33Z,-39.21,0.0,175.5,0.0,93.0,1.0,ML,,,,3.4,0.2,13
2606558,2006-08-06T04:15:43Z,-45.04,0.0,167.52,0.0,76.0,3.0,ML,,,,2.3,0.1,3
2606567,2006-08-06T04:43:51Z,-36.69,0.0,177.43,0.0,175.0,4.0,ML,,,,4.2,0.1,7
2606639,2006-08-06T07:46:34Z,-38.38,0.0,178.12,0.0,30.0,4.0,ML,,,,2.5,0.3,4
2606647,2006-08-06T08:22:17Z,-40.94,0.0,175.89,0.0,24.0,1.0,ML,,,,2.3,0.2,7
2606662,2006-08-06T09:13:37Z,-37.86,0.1,177.98,0.1,73.0,5.0,ML,,,,2.9,0.2,3
2606663,2006-08-06T09:22:08Z,-45.02,0.0,167.13,0.0,5.0,0.0,ML,,,,2.2,0.2,5
2606668,2006-08-06T09:42:18Z,-40.67,0.0,174.92,0.0,31.0,2.0,ML,,,,2.8,0.1,13
2606691,2006-08-06T10:58:58Z,-40.23,0.0,176.41,0.0,47.0,3.0,ML,,,,2.9,0.2,5
2606714,2006-08-06T12:03:03Z,-40.21,0.0,173.75,0.0,144.0,4.0,ML,,,,3.0,0.2,11
2606719,2006-08-06T12:23:16Z,-39.74,0.0,174.18,0.0,195.0,3.0,ML,,,,3.1,0.3,6
2606733,2006-08-06T13:05:02Z,-44.93,0.0,167.64,0.0,74.0,5.0,ML,,,,2.0,0.0,3
2606768,2006-08-06T15:40:42Z,-41.0,0.0,174.44,0.0,46.0,1.0,ML,,,,1.9,0.1,5
2606772,2006-08-06T15:49:55Z,-44.46,0.0,167.62,0.0,12.0,0.0,ML,,,,3.1,0.2,10
2606818,2006-08-06T18:26:51Z,-45.17,0.0,167.41,0.0,121.0,3.0,ML,,,,2.8,0.2,8
2857486,2006-08-06T18:28:42Z,-41.42,0.0,172.35,0.0,5.0,0.0,ML,,,,2.2,0.2,8
2606833,2006-08-06T19:13:29Z,-41.2,0.0,173.93,0.0,49.0,2.0,ML,,,,2.2,0.1,6
2606838,2006-08-06T19:24:14Z,-41.46,0.0,172.27,0.0,5.0,0.0,ML,,,,2.5,0.2,12
2606841,2006-08-06T19:31:32Z,-41.44,0.0,172.27,0.0,5.0,0.0,ML,,,,3.0,0.2,4
2606867,2006-08-06T20:49:04Z,-39.18,0.0,176.06,0.0,5.0,0.0,ML,,,,2.2,0.1,12
2606895,2006-08-06T22:16:51Z,-39.5,0.0,175.71,0.0,15.0,1.0,ML,,,,1.8,0.1,5
2606909,2006-08-06T23:00:51Z,-41.46,0.0,172.9,0.0,105.0,3.0,ML,,,,3.1,0.2,9
2606924,2006-08-06T23:46:18Z,-39.28,0.0,175.56,0.0,0.0,0.0,ML,,,,1.3,0.5,3
2606927,2006-08-06T23:47:52Z,-42.4,0.0,172.15,0.0,5.0,0.0,ML,,,,2.9,0.2,13
2606960,2006-08-07T01:31:38Z,-40.13,0.0,174.96,0.0,23.0,2.0,ML,,,,2.6,0.2,6
2606985,2006-08-07T02:38:34Z,-41.34,0.0,174.95,0.0,26.0,1.0,ML,,,,1.8,0.2,6
2606988,2006-08-07T02:46:51Z,-38.53,0.0,178.43,0.0,66.0,1.0,ML,,,,2.8,0.2,2
2607029,2006-08-07T04:33:24Z,-41.36,0.0,174.94,0.0,27.0,1.0,ML,,,,2.1,0.2,7
2607043,2006-08-07T05:27:08Z,-44.43,0.0,168.33,0.0,5.0,0.0,ML,,,,2.2,0.2,4
2607076,2006-08-07T07:24:14Z,-41.72,0.0,172.25,0.0,5.0,0.0,ML,,,,2.5,0.1,6
2607082,2006-08-07T07:46:48Z,-41.72,0.0,174.27,0.0,5.0,0.0,ML,,,,2.0,0.3,7
2607090,2006-08-07T08:21:44Z,-41.4,0.0,172.31,0.0,5.0,0.0,ML,,,,2.4,0.2,3
2607092,2006-08-07T08:26:16Z,-37.18,0.0,176.86,0.0,250.0,3.0,ML,,,,4.0,0.2,10
2607127,2006-08-07T10:49:13Z,-45.14,0.0,167.39,0.0,12.0,0.0,ML,,,,1.8,0.2,3
2607166,2006-08-07T12:56:51Z,-40.37,0.0,175.32,0.0,40.0,2.0,ML,,,,2.7,0.2,11
2607187,2006-08-07T13:54:51Z,-36.84,0.1,177.68,0.0,159.0,4.0,ML,,,,3.5,0.1,8
2607192,2006-08-07T14:11:26Z,-39.3,0.0,173.97,0.0,17.0,2.0,ML,,,,1.8,0.1,3
2607218,2006-08-07T15:34:10Z,-39.41,0.0,175.89,0.0,58.0,1.0,ML,,,,2.5,0.2,2
2607233,2006-08-07T16:45:54Z,-40.64,0.0,174.28,0.0,86.0,2.0,ML,,,,3.2,0.2,11
2607277,2006-08-07T19:44:07Z,-44.22,0.0,168.63,0.0,5.0,0.0,ML,,,,3.1,0.2,5
2607283,2006-08-07T19:57:40Z,-37.98,0.0,179.16,0.0,33.0,0.0,ML,,,,3.7,0.1,7
2607289,2006-08-07T20:21:34Z,-40.18,0.0,175.03,0.0,24.0,2.0,ML,,,,3.0,0.1,14
2607321,2006-08-07T21:56:57Z,-45.54,0.0,167.42,0.0,5.0,0.0,ML,,,,2.8,0.2,5
2607341,2006-08-07T22:57:53Z,-43.23,0.0,172.4,0.1,12.0,0.0,ML,,,,2.8,0.1,3
2607364,2006-08-08T00:19:23Z,-43.05,0.0,171.19,0.0,5.0,0.0,ML,,,,2.9,0.4,8
2607390,2006-08-08T01:47:46Z,-42.46,0.0,172.7,0.0,5.0,0.0,Mw,4.1,nan,0,4.4,0.2,42
2858281,2006-08-08T01:47:58Z,-45.13,0.0,167.43,0.0,85.0,2.0,ML,,,,2.9,0.2,7
2607402,2006-08-08T02:15:06Z,-42.45,0.0,172.71,0.0,5.0,0.0,ML,,,,2.4,0.2,3
2858291,2006-08-08T02:20:02Z,-45.14,0.0,166.79,0.0,12.0,0.0,ML,,,,1.9,0.0,2
2607403,2006-08-08T02:20:03Z,-42.44,0.0,172.68,0.0,5.0,0.0,ML,,,,2.3,0.2,4
2607409,2006-08-08T02:40:28Z,-45.14,0.0,167.41,0.0,90.0,2.0,ML,,,,2.5,0.2,4
2607423,2006-08-08T03:21:31Z,-46.1,0.0,166.2,0.1,5.0,0.0,ML,,,,2.8,0.2,5
2607426,2006-08-08T03:29:28Z,-45.18,0.0,166.98,0.0,23.0,1.0,ML,,,,2.0,0.2,3
2607442,2006-08-08T04:30:35Z,-45.7,0.0,167.02,0.0,5.0,0.0,ML,,,,1.9,0.2,3
2607444,2006-08-08T04:34:24Z,-40.13,0.0,174.93,0.0,26.0,3.0,ML,,,,2.3,0.2,7
2607451,2006-08-08T04:57:04Z,-45.02,0.0,167.45,0.0,74.0,2.0,ML,,,,2.1,0.1,3
2607477,2006-08-08T06:10:43Z,-45.39,0.0,167.02,0.0,24.0,1.0,ML,,,,1.9,0.1,3
2607485,2006-08-08T06:30:48Z,-39.28,0.0,177.3,0.0,38.0,3.0,ML,,,,2.5,0.2,4
2607755,2006-08-08T06:31:14Z,-42.47,0.0,172.68,0.0,12.0,0.0,ML,,,,2.7,0.4,7
2607491,2006-08-08T06:50:34Z,-44.99,0.0,167.58,0.0,71.0,2.0,ML,,,,2.6,0.1,7
2607492,2006-08-08T06:55:06Z,-42.44,0.0,172.68,0.0,5.0,0.0,ML,,,,2.3,0.2,5
2607500,2006-08-08T07:26:36Z,-40.3,0.0,176.12,0.0,49.0,3.0,ML,,,,2.7,0.2,7
2607507,2006-08-08T07:41:32Z,-37.74,0.2,176.3,0.4,193.0,21.0,ML,,,,3.1,0.4,4
2607509,2006-08-08T07:49:09Z,-39.41,0.0,176.39,0.0,66.0,1.0,ML,,,,3.1,nan,1
2607513,2006-08-08T07:57:47Z,-42.45,0.0,172.7,0.0,5.0,0.0,ML,,,,2.4,0.2,5
2607526,2006-08-08T08:33:25Z,-45.17,0.1,167.58,0.1,123.0,4.0,ML,,,,2.7,0.4,3
2607544,2006-08-08T09:29:56Z,-41.58,0.0,173.26,0.0,84.0,3.0,ML,,,,2.6,0.2,5
2607549,2006-08-08T09:55:25Z,-38.56,0.0,177.81,0.0,22.0,4.0,ML,,,,2.7,0.3,5
2607551,2006-08-08T10:04:25Z,-37.93,0.0,177.55,0.0,66.0,3.0,ML,,,,2.2,0.0,3
2858415,2006-08-08T10:17:25Z,-40.01,0.0,176.52,0.0,43.0,9.0,ML,,,,2.3,0.3,4
2607556,2006-08-08T10:18:12Z,-38.09,0.0,176.74,0.0,4.0,1.0,ML,,,,2.0,0.2,3
2607565,2006-08-08T10:47:29Z,-41.64,0.0,173.92,0.0,12.0,0.0,ML,,,,2.7,0.3,4
2607568,2006-08-08T10:56:00Z,-45.34,0.0,166.94,0.0,22.0,1.0,ML,,,,2.2,0.1,3
2607604,2006-08-08T12:22:49Z,-44.44,0.0,168.33,0.0,5.0,0.0,ML,,,,1.7,0.2,3
2607617,2006-08-08T13:02:11Z,-45.22,0.0,166.95,0.1,12.0,0.0,ML,,,,2.3,0.1,5
2607619,2006-08-08T13:08:30Z,-41.17,0.0,175.4,0.0,25.0,1.0,ML,,,,1.8,0.2,5
2860133,2006-08-08T13:08:42Z,-41.12,0.0,175.03,0.0,30.0,1.0,ML,,,,1.8,0.3,4
2607637,2006-08-08T14:03:07Z,-37.97,0.0,176.42,0.0,153.0,2.0,ML,,,,3.8,0.2,13
2607638,2006-08-08T14:05:16Z,-40.15,0.0,174.95,0.0,23.0,2.0,ML,,,,2.6,0.2,11
2607668,2006-08-08T15:28:14Z,-44.19,0.0,168.59,0.0,12.0,0.0,ML,,,,3.8,0.2,9
2607674,2006-08-08T15:54:24Z,-45.06,0.0,167.81,0.0,12.0,0.0,ML,,,,1.7,0.2,3
2607680,2006-08-08T16:05:05Z,-41.71,0.0,174.19,0.0,12.0,0.0,ML,,,,2.1,0.2,7
2607761,2006-08-08T20:04:07Z,-39.46,0.0,175.71,0.0,14.0,1.0,ML,,,,1.9,0.1,5
2607762,2006-08-08T20:08:32Z,-41.31,0.0,174.0,0.0,45.0,1.0,ML,,,,2.4,0.2,6
2607769,2006-08-08T20:24:57Z,-39.46,0.0,175.71,0.0,15.0,1.0,ML,,,,2.1,0.1,9
2607773,2006-08-08T20:36:06Z,-40.12,0.0,174.97,0.0,24.0,1.0,ML,,,,2.6,0.2,15
2607787,2006-08-08T21:17:48Z,-45.11,0.0,167.4,0.0,117.0,3.0,ML,,,,2.5,0.2,4
2607792,2006-08-08T21:32:10Z,-39.15,0.0,174.94,0.0,212.0,3.0,ML,,,,3.9,0.1,10
2607802,2006-08-08T22:00:25Z,-39.3,0.0,175.19,0.0,30.0,1.0,ML,,,,2.2,0.1,12
2607820,2006-08-08T22:42:32Z,-39.16,0.0,175.63,0.0,1.0,0.0,ML,,,,1.1,0.1,2
2860215,2006-08-08T22:43:41Z,-44.95,0.0,167.59,0.1,83.0,6.0,ML,,,,2.5,0.0,4
2607869,2006-08-09T00:57:37Z,-45.11,0.0,167.35,0.0,109.0,4.0,ML,,,,3.1,0.1,8
2607894,2006-08-09T02:11:56Z,-40.14,0.0,174.89,0.0,23.0,3.0,ML,,,,2.1,0.1,5
2607897,2006-08-09T02:23:28Z,-44.76,0.0,167.37,0.0,42.0,4.0,ML,,,,2.8,0.3,12
2607907,2006-08-09T02:43:09Z,-40.09,0.0,174.34,0.0,96.0,4.0,ML,,,,2.6,0.1,4
2607924,2006-08-09T03:37:37Z,-41.03,0.0,176.6,0.0,33.0,0.0,ML,,,,3.1,0.1,7
2607927,2006-08-09T03:47:57Z,-44.87,0.0,167.14,0.0,12.0,0.0,ML,,,,2.1,0.1,4
2858832,2006-08-09T04:43:35Z,-39.99,0.0,176.55,0.0,33.0,0.0,ML,,,,2.4,0.1,4
2607946,2006-08-09T04:44:55Z,-44.96,0.0,169.93,0.0,5.0,0.0,ML,,,,2.8,0.3,13
2607948,2006-08-09T04:51:02Z,-39.15,0.0,174.95,0.0,31.0,1.0,ML,,,,2.0,0.2,12
2607952,2006-08-09T04:59:03Z,-45.08,0.0,167.22,0.0,33.0,0.0,ML,,,,2.7,0.3,5
2607958,2006-08-09T05:16:41Z,-37.19,0.1,176.65,0.1,263.0,7.0,ML,,,,3.8,0.1,8
2607975,2006-08-09T06:13:38Z,-44.97,0.0,167.54,0.0,57.0,1.0,ML,,,,2.4,0.1,4
2607986,2006-08-09T06:39:11Z,-38.74,0.0,176.85,0.0,46.0,5.0,ML,,,,2.4,0.3,3
2608002,2006-08-09T07:29:20Z,-45.02,0.0,167.55,0.0,83.0,2.0,ML,,,,2.1,0.1,5
2608008,2006-08-09T07:48:07Z,-44.62,0.0,168.18,0.0,77.0,4.0,ML,,,,2.3,0.2,8
2608020,2006-08-09T08:21:24Z,-39.31,0.0,174.99,0.0,31.0,1.0,ML,,,,2.2,0.1,5
2608029,2006-08-09T08:43:25Z,-45.16,0.0,166.95,0.0,22.0,2.0,ML,,,,1.7,0.2,3
2608030,2006-08-09T08:45:08Z,-45.06,0.0,167.47,0.0,122.0,3.0,ML,,,,2.7,0.4,8
2608044,2006-08-09T09:25:18Z,-40.99,0.0,174.11,0.0,69.0,2.0,ML,,,,2.3,0.2,6
2608057,2006-08-09T10:08:32Z,-45.11,0.0,167.04,0.0,12.0,0.0,ML,,,,1.7,0.2,3
2608059,2006-08-09T10:14:53Z,-38.28,0.0,176.43,0.0,5.0,0.0,ML,,,,1.9,0.3,3
2608062,2006-08-09T10:24:32Z,-41.78,0.0,174.14,0.0,11.0,1.0,ML,,,,1.9,0.2,6
2608076,2006-08-09T11:01:08Z,-37.78,0.0,178.23,0.0,53.0,2.0,ML,,,,2.3,0.1,4
2608098,2006-08-09T12:07:37Z,-43.51,0.0,170.68,0.0,5.0,0.0,ML,,,,1.6,0.2,4
2608102,2006-08-09T12:18:20Z,-41.28,0.0,172.68,0.0,165.0,5.0,ML,,,,2.8,0.2,2
2608139,2006-08-09T14:19:53Z,-37.81,0.0,176.68,0.0,149.0,3.0,ML,,,,3.0,0.2,9
2608145,2006-08-09T14:33:52Z,-38.68,0.0,176.6,0.0,59.0,4.0,ML,,,,2.2,0.1,3
2608285,2006-08-09T14:59:17Z,-45.23,0.0,167.31,0.0,71.0,2.0,ML,,,,2.1,0.2,4
2608151,2006-08-09T14:59:20Z,-40.91,0.0,171.93,0.0,12.0,0.0,ML,,,,2.4,0.2,4
2608153,2006-08-09T15:08:05Z,-40.15,0.0,174.87,0.0,12.0,0.0,ML,,,,1.8,0.2,3
2608162,2006-08-09T15:36:11Z,-45.1,0.0,167.03,0.0,12.0,0.0,ML,,,,1.6,0.3,3
2608168,2006-08-09T15:57:16Z,-39.87,0.0,176.74,0.0,43.0,4.0,ML,,,,2.7,0.3,8
2608169,2006-08-09T16:02:45Z,-39.41,0.0,175.89,0.0,67.0,2.0,ML,,,,2.6,0.2,5
2608177,2006-08-09T16:28:05Z,-40.02,0.0,176.77,0.0,50.0,1.0,ML,,,,2.2,0.3,4
2608193,2006-08-09T17:19:42Z,-39.41,0.0,174.84,0.0,129.0,2.0,ML,,,,3.4,0.2,17
2860155,2006-08-09T17:26:48Z,-41.43,0.0,173.46,0.0,62.0,2.0,ML,,,,2.5,0.2,4
2608212,2006-08-09T18:38:06Z,-44.46,0.0,168.1,0.0,5.0,0.0,ML,,,,1.9,0.2,5
2608222,2006-08-09T19:12:31Z,-44.94,0.0,167.58,0.0,77.0,3.0,ML,,,,2.4,0.2,6
2608229,2006-08-09T19:33:48Z,-39.41,0.0,173.69,0.0,18.0,2.0,ML,,,,2.0,0.2,3
2608297,2006-08-09T19:35:38Z,-44.18,0.0,168.61,0.0,5.0,0.0,ML,,,,2.0,0.2,7
2608238,2006-08-09T19:59:41Z,-39.25,0.0,175.42,0.0,12.0,1.0,ML,,,,1.7,0.1,9
2608242,2006-08-09T20:10:01Z,-39.79,0.0,174.98,0.0,33.0,0.0,ML,,,,1.9,0.1,5
2608260,2006-08-09T21:10:33Z,-45.44,0.0,167.13,0.0,56.0,2.0,ML,,,,2.8,0.1,8
2608273,2006-08-09T21:48:20Z,-41.78,0.0,174.34,0.0,16.0,2.0,ML,,,,2.5,0.2,14
2608299,2006-08-09T22:57:30Z,-40.14,0.0,176.21,0.0,12.0,0.0,ML,,,,2.1,0.2,5
2608301,2006-08-09T23:03:40Z,-41.3,0.0,172.56,0.0,189.0,4.0,ML,,,,2.9,nan,1
2608311,2006-08-09T23:35:09Z,-45.12,0.0,167.32,0.0,95.0,1.0,ML,,,,4.3,0.2,11
2608323,2006-08-10T00:11:25Z,-39.16,0.0,175.63,0.0,1.0,0.0,ML,,,,1.6,0.3,2
2858793,2006-08-10T00:13:06Z,-37.47,0.0,177.03,0.0,98.0,6.0,ML,,,,2.5,0.1,3
2608353,2006-08-10T01:46:18Z,-41.72,0.0,172.15,0.0,5.0,0.0,ML,,,,2.1,0.2,4
2608387,2006-08-10T03:10:46Z,-41.14,0.0,173.76,0.0,65.0,2.0,ML,,,,2.3,0.1,5
2608397,2006-08-10T03:46:29Z,-38.07,0.0,176.12,0.0,158.0,2.0,ML,,,,3.4,0.2,14
2608414,2006-08-10T04:23:45Z,-38.42,0.0,178.7,0.0,12.0,0.0,ML,,,,2.4,0.2,4
2608436,2006-08-10T05:19:26Z,-38.25,0.0,178.82,0.0,32.0,0.0,ML,,,,2.7,0.1,3
2608450,2006-08-10T05:48:02Z,-41.37,0.0,172.39,0.0,5.0,0.0,ML,,,,2.0,0.1,3
2608462,2006-08-10T06:18:02Z,-42.45,0.0,172.7,0.0,5.0,0.0,ML,,,,2.0,0.2,4
2608470,2006-08-10T06:35:56Z,-39.93,0.0,176.57,0.0,33.0,0.0,ML,,,,1.9,0.2,5
2608472,2006-08-10T06:40:31Z,-38.94,0.0,177.5,0.0,57.0,2.0,ML,,,,3.6,0.1,7
2608476,2006-08-10T06:49:06Z,-37.5,0.0,177.55,0.1,129.0,5.0,ML,,,,2.7,0.2,3
2608487,2006-08-10T07:22:39Z,-43.34,0.0,170.83,0.0,5.0,0.0,ML,,,,2.3,0.3,6
2608495,2006-08-10T07:46:14Z,-37.5,0.0,176.58,0.0,207.0,3.0,ML,,,,4.8,0.1,25
2608504,2006-08-10T08:24:05Z,-46.16,0.0,166.37,0.0,33.0,0.0,ML,,,,1.8,0.2,3
2608511,2006-08-10T08:48:05Z,-42.46,0.0,172.69,0.0,5.0,0.0,ML,,,,3.0,0.2,13
2862253,2006-08-10T08:48:23Z,-45.4,0.0,167.54,0.0,20.0,1.0,ML,,,,1.9,0.1,3
2862256,2006-08-10T08:50:25Z,-42.46,0.0,172.7,0.0,5.0,0.0,ML,,,,2.4,0.3,7
2608512,2006-08-10T08:51:06Z,-38.64,0.0,175.76,0.0,160.0,3.0,ML,,,,3.7,0.1,15
2608522,2006-08-10T09:20:05Z,-45.11,0.0,167.29,0.0,46.0,5.0,ML,,,,2.1,0.2,4
2608530,2006-08-10T09:44:05Z,-45.24,0.0,166.89,0.0,23.0,2.0,ML,,,,2.1,0.2,3
2608563,2006-08-10T11:28:21Z,-43.13,0.0,171.45,0.0,5.0,0.0,ML,,,,2.4,0.2,8
2608593,2006-08-10T12:57:58Z,-40.37,0.0,174.15,0.0,80.0,3.0,ML,,,,2.3,0.3,9
2608597,2006-08-10T13:07:48Z,-38.56,0.1,175.42,0.1,255.0,3.0,ML,,,,3.5,0.2,13
2608614,2006-08-10T14:00:13Z,-45.64,0.0,167.04,0.1,5.0,0.0,ML,,,,1.9,0.2,4
2608631,2006-08-10T14:59:55Z,-45.07,0.0,167.43,0.0,5.0,0.0,ML,,,,1.7,0.1,3
2608643,2006-08-10T15:31:35Z,-40.96,0.0,175.64,0.0,20.0,3.0,ML,,,,1.6,0.2,5
2608644,2006-08-10T15:32:18Z,-40.33,0.0,174.18,0.0,71.0,7.0,ML,,,,2.5,0.1,7
2608658,2006-08-10T16:30:21Z,-40.22,0.0,174.41,0.0,12.0,0.0,ML,,,,2.1,0.2,6
2608714,2006-08-10T19:32:24Z,-44.15,0.0,168.76,0.0,5.0,0.0,ML,,,,2.0,0.3,7
2608747,2006-08-10T21:27:00Z,-40.85,0.0,175.79,0.0,26.0,2.0,ML,,,,1.8,0.2,2
2608850,2006-08-10T21:28:50Z,-46.71,0.0,166.45,0.1,33.0,0.0,ML,,,,2.9,0.3,4
2608749,2006-08-10T21:32:34Z,-41.59,0.0,174.41,0.0,12.0,0.0,ML,,,,2.1,0.2,11
2608853,2006-08-10T21:33:21Z,-39.19,0.0,174.82,0.0,32.0,1.0,ML,,,,2.0,0.1,8
2608756,2006-08-10T21:50:37Z,-39.01,0.0,175.74,0.0,9.0,1.0,ML,,,,1.8,0.1,12
2608760,2006-08-10T21:56:59Z,-39.27,0.0,175.4,0.0,13.0,2.0,ML,,,,1.6,0.2,11
2608767,2006-08-10T22:17:22Z,-39.01,0.0,175.75,0.0,5.0,2.0,ML,,,,2.7,0.2,18
2867963,2006-08-10T22:17:51Z,-39.02,0.0,175.71,0.0,5.0,0.0,ML,,,,1.5,0.1,4
2608771,2006-08-10T22:31:42Z,-45.28,0.0,167.25,0.0,91.0,2.0,ML,,,,3.1,0.1,11
2608773,2006-08-10T22:36:48Z,-41.02,0.0,173.35,0.0,85.0,3.0,ML,,,,2.3,nan,1
2608774,2006-08-10T22:38:32Z,-39.01,0.0,175.75,0.0,5.0,0.0,ML,,,,2.4,0.2,14
2608775,2006-08-10T22:41:03Z,-39.01,0.0,175.74,0.0,8.0,1.0,ML,,,,1.6,0.2,9
2608778,2006-08-10T22:52:38Z,-39.01,0.0,175.75,0.0,10.0,1.0,ML,,,,2.0,0.1,6
2608782,2006-08-10T23:05:16Z,-39.01,0.0,175.74,0.0,8.0,1.0,ML,,,,1.4,0.1,9
2608799,2006-08-10T23:59:15Z,-40.22,0.0,175.55,0.0,41.0,3.0,ML,,,,3.2,0.1,13
2608800,2006-08-11T00:01:24Z,-39.02,0.0,175.74,0.0,5.0,0.0,ML,,,,1.4,0.1,8
2608803,2006-08-11T00:07:45Z,-46.57,0.1,165.55,0.1,33.0,0.0,ML,,,,3.0,0.4,2
2860266,2006-08-11T00:09:02Z,-46.77,0.0,165.42,0.1,33.0,0.0,ML,,,,3.7,0.2,13
2860276,2006-08-11T00:39:35Z,-39.16,0.0,175.62,0.0,0.0,0.0,ML,,,,1.3,0.1,1
2608812,2006-08-11T00:39:56Z,-38.71,0.0,175.99,0.0,95.0,4.0,ML,,,,2.7,0.3,4
2608813,2006-08-11T00:43:00Z,-45.01,0.0,167.59,0.0,86.0,3.0,ML,,,,2.9,0.1,9
2608822,2006-08-11T01:14:41Z,-40.06,0.0,174.98,0.0,27.0,2.0,ML,,,,2.3,0.2,13
2860282,2006-08-11T01:15:15Z,-38.38,0.0,175.97,0.0,129.0,6.0,ML,,,,2.9,0.4,6
2608823,2006-08-11T01:17:06Z,-41.08,0.0,172.45,0.0,5.0,0.0,ML,,,,2.2,0.2,2
2608824,2006-08-11T01:21:54Z,-45.05,0.0,167.91,0.0,12.0,0.0,ML,,,,1.8,0.2,3
2608832,2006-08-11T01:50:54Z,-44.19,0.0,168.66,0.0,5.0,0.0,ML,,,,2.2,0.2,7
2608839,2006-08-11T02:10:14Z,-39.16,0.0,175.63,0.0,0.0,0.0,ML,,,,0.9,0.1,2
2608863,2006-08-11T03:11:44Z,-40.52,0.0,174.64,0.0,30.0,4.0,ML,,,,2.3,0.2,8
2608874,2006-08-11T03:45:11Z,-42.23,0.0,174.19,0.0,33.0,0.0,ML,,,,2.6,0.2,7
2608875,2006-08-11T03:51:25Z,-45.28,0.0,166.75,0.0,24.0,2.0,ML,,,,2.3,0.3,3
2608896,2006-08-11T05:00:23Z,-37.93,0.0,176.01,0.0,5.0,0.0,ML,,,,2.6,0.2,2
2608909,2006-08-11T05:27:21Z,-41.99,0.0,176.77,0.0,12.0,0.0,ML,,,,3.0,0.2,23
2608944,2006-08-11T07:20:06Z,-39.15,0.0,175.63,0.0,1.0,0.0,ML,,,,1.1,0.1,2
2860310,2006-08-11T07:20:50Z,-38.99,0.0,175.67,0.1,10.0,2.0,ML,,,,1.2,0.0,3
2608950,2006-08-11T07:37:03Z,-40.18,0.0,174.85,0.0,12.0,0.0,ML,,,,3.5,0.2,39
2608962,2006-08-11T08:12:09Z,-44.23,0.0,168.42,0.0,5.0,0.0,ML,,,,2.0,0.2,5
2608970,2006-08-11T08:35:58Z,-41.08,0.0,174.23,0.0,53.0,2.0,ML,,,,2.5,0.2,5
2860319,2006-08-11T08:36:01Z,-40.21,0.0,174.88,0.0,12.0,0.0,ML,,,,2.2,0.1,13
2608973,2006-08-11T08:43:14Z,-35.81,0.0,178.68,0.1,33.0,0.0,ML,,,,3.1,0.2,4
2608978,2006-08-11T09:00:04Z,-41.96,0.0,173.25,0.0,18.0,1.0,ML,,,,2.0,0.1,3
2608979,2006-08-11T09:04:05Z,-46.37,0.0,166.56,0.0,12.0,0.0,ML,,,,2.3,0.2,4
2608981,2006-08-11T09:11:09Z,-38.04,0.0,177.16,0.0,72.0,1.0,ML,,,,2.3,0.2,4
2608998,2006-08-11T10:08:43Z,-37.87,0.0,178.62,0.0,12.0,0.0,ML,,,,2.5,0.2,3
2860853,2006-08-11T10:09:17Z,-37.88,0.0,178.66,0.0,12.0,0.0,ML,,,,1.9,0.3,3
2609005,2006-08-11T10:35:29Z,-37.87,0.0,176.72,0.0,5.0,0.0,ML,,,,2.4,0.2,7
2609018,2006-08-11T11:09:24Z,-42.01,0.0,173.95,0.0,20.0,2.0,ML,,,,3.1,0.2,11
2609045,2006-08-11T12:33:26Z,-38.73,0.0,175.87,0.0,128.0,2.0,ML,,,,3.1,0.2,12
2609055,2006-08-11T13:13:34Z,-40.21,0.0,176.75,0.0,48.0,6.0,ML,,,,2.2,0.2,3
2609072,2006-08-11T14:20:41Z,-40.71,0.0,175.86,0.0,25.0,1.0,ML,,,,2.0,0.1,6
2609089,2006-08-11T15:24:24Z,-37.87,0.0,178.63,0.0,12.0,0.0,ML,,,,2.4,0.3,3
2609102,2006-08-11T15:59:13Z,-39.46,0.0,175.7,0.0,13.0,1.0,ML,,,,1.8,0.1,11
2609104,2006-08-11T16:12:35Z,-37.73,0.0,178.92,0.1,33.0,0.0,ML,,,,2.6,0.2,4
2609112,2006-08-11T16:41:03Z,-40.75,0.0,175.41,0.0,31.0,1.0,ML,,,,2.8,0.2,7
2609119,2006-08-11T17:13:55Z,-40.29,0.0,176.58,0.0,25.0,2.0,ML,,,,2.0,0.2,4
2609143,2006-08-11T18:37:07Z,-41.46,0.0,174.21,0.0,21.0,2.0,ML,,,,3.7,0.1,34
2609146,2006-08-11T18:48:08Z,-39.81,0.0,174.17,0.0,134.0,3.0,ML,,,,3.8,0.2,13
2609147,2006-08-11T18:52:05Z,-39.31,0.0,173.82,0.0,29.0,1.0,ML,,,,1.5,0.1,2
2609182,2006-08-11T20:42:59Z,-45.44,0.0,167.01,0.0,70.0,1.0,ML,,,,2.7,0.2,10
2861950,2006-08-11T20:45:38Z,-39.51,0.0,175.73,0.0,15.0,1.0,ML,,,,1.9,0.3,3
2609195,2006-08-11T21:21:23Z,-40.47,0.0,175.8,0.0,27.0,3.0,ML,,,,3.1,0.2,16
2609236,2006-08-11T23:46:02Z,-37.96,0.0,176.16,0.0,182.0,3.0,ML,,,,3.5,0.3,9
2609269,2006-08-12T01:34:01Z,-36.06,0.2,178.44,0.2,206.0,11.0,ML,,,,3.3,0.1,5
2609273,2006-08-12T01:48:52Z,-37.78,0.0,174.5,0.0,12.0,0.0,ML,,,,2.7,0.2,11
2609277,2006-08-12T02:00:23Z,-45.14,0.0,167.28,0.0,12.0,0.0,ML,,,,2.6,0.1,6
2609301,2006-08-12T03:22:20Z,-40.83,0.0,174.81,0.0,5.0,0.0,ML,,,,2.2,0.2,8
2609308,2006-08-12T03:51:53Z,-39.28,0.0,175.56,0.0,0.0,0.0,ML,,,,0.9,0.3,2
2609312,2006-08-12T04:08:23Z,-41.75,0.0,173.85,0.0,20.0,1.0,ML,,,,1.7,0.2,4
2609330,2006-08-12T05:01:48Z,-39.51,0.0,175.68,0.0,12.0,1.0,ML,,,,2.0,0.1,8
2609336,2006-08-12T05:26:26Z,-42.47,0.0,172.7,0.0,5.0,0.0,ML,,,,3.5,0.2,15
2609337,2006-08-12T05:30:16Z,-42.43,0.0,172.67,0.0,5.0,0.0,ML,,,,2.1,0.2,3
2609366,2006-08-12T07:04:42Z,-42.39,0.0,171.33,0.0,12.0,0.0,ML,,,,1.9,0.2,2
2609614,2006-08-12T07:05:39Z,-44.2,0.0,168.75,0.0,5.0,0.0,ML,,,,2.2,0.3,7
2609368,2006-08-12T07:11:45Z,-45.65,0.0,166.52,0.0,12.0,0.0,ML,,,,2.1,0.2,3
2609369,2006-08-12T07:18:17Z,-42.45,0.0,172.69,0.0,5.0,0.0,ML,,,,2.4,0.3,8
2609375,2006-08-12T07:36:50Z,-42.38,0.0,171.33,0.0,12.0,0.0,ML,,,,2.5,0.2,9
2609386,2006-08-12T08:04:22Z,-37.39,0.0,176.61,0.0,240.0,2.0,ML,,,,4.0,0.2,17
2609388,2006-08-12T08:09:51Z,-37.35,0.1,176.68,0.2,204.0,8.0,ML,,,,2.9,0.2,4
2609398,2006-08-12T08:37:41Z,-40.05,0.0,176.87,0.0,53.0,3.0,ML,,,,3.0,0.2,12
2609420,2006-08-12T09:35:06Z,-42.38,0.0,171.33,0.0,12.0,0.0,ML,,,,2.3,0.2,6
2860259,2006-08-12T09:35:26Z,-42.36,0.0,171.38,0.0,12.0,0.0,ML,,,,2.8,0.2,7
2609422,2006-08-12T09:42:14Z,-42.38,0.0,171.33,0.0,5.0,7.0,ML,,,,2.0,0.2,4
2609432,2006-08-12T10:12:48Z,-41.81,0.0,172.15,0.0,5.0,0.0,ML,,,,1.9,0.2,5
2609436,2006-08-12T10:24:43Z,-39.61,0.0,176.24,0.0,51.0,2.0,ML,,,,2.8,0.2,10
2609645,2006-08-12T10:25:03Z,-45.22,0.0,167.38,0.0,85.0,1.0,ML,,,,2.4,0.2,7
2609438,2006-08-12T10:32:51Z,-40.0,0.0,176.68,0.0,48.0,3.0,ML,,,,3.0,0.2,15
2609442,2006-08-12T10:48:51Z,-41.45,0.0,174.43,0.0,57.0,1.0,ML,,,,2.5,0.1,5
2609449,2006-08-12T11:17:57Z,-38.95,0.0,178.24,0.0,33.0,0.0,ML,,,,2.2,0.1,2
2609497,2006-08-12T14:38:20Z,-44.91,0.0,167.68,0.0,74.0,2.0,ML,,,,2.1,0.1,4
2609515,2006-08-12T15:34:36Z,-40.85,0.0,174.72,0.0,12.0,0.0,ML,,,,1.9,0.2,4
2860283,2006-08-12T15:36:12Z,-41.06,0.0,173.15,0.0,121.0,3.0,ML,,,,2.4,nan,1
2609530,2006-08-12T16:26:19Z,-40.82,0.0,174.51,0.0,71.0,2.0,ML,,,,2.7,0.1,7
2609531,2006-08-12T16:29:33Z,-41.67,0.0,174.23,0.0,10.0,1.0,ML,,,,2.0,0.3,8
2609550,2006-08-12T17:29:57Z,-40.46,0.0,174.68,0.0,5.0,0.0,ML,,,,2.4,0.2,18
2609567,2006-08-12T18:23:05Z,-37.95,0.1,175.89,0.1,268.0,7.0,ML,,,,3.4,0.3,12
2609652,2006-08-12T18:24:06Z,-41.02,0.0,174.88,0.0,5.0,0.0,ML,,,,1.8,0.2,5
2609571,2006-08-12T18:35:26Z,-43.95,0.0,170.53,0.0,12.0,0.0,ML,,,,2.2,0.2,7
2609655,2006-08-12T18:40:48Z,-36.81,0.0,177.48,0.0,193.0,4.0,ML,,,,4.0,0.3,18
2609573,2006-08-12T18:40:53Z,-44.17,0.0,168.6,0.0,5.0,0.0,ML,,,,2.1,0.3,6
2609576,2006-08-12T18:52:34Z,-41.05,0.0,173.08,0.0,128.0,2.0,ML,,,,2.5,0.4,3
2609585,2006-08-12T19:22:16Z,-41.4,0.0,172.19,0.0,5.0,0.0,ML,,,,1.8,0.0,2
2609596,2006-08-12T19:51:09Z,-39.33,0.0,173.68,0.0,12.0,2.0,ML,,,,2.2,0.1,7
2609597,2006-08-12T19:52:22Z,-39.35,0.0,173.68,0.0,12.0,0.0,ML,,,,2.4,0.2,7
2609604,2006-08-12T20:18:24Z,-38.96,0.0,174.07,0.0,5.0,0.0,ML,,,,1.9,0.1,3
2609620,2006-08-12T21:13:09Z,-39.7,0.1,175.12,0.1,82.0,3.0,ML,,,,2.5,nan,1
2609665,2006-08-12T21:15:12Z,-45.71,0.0,166.83,0.0,5.0,0.0,ML,,,,2.5,0.2,4
2609627,2006-08-12T21:40:22Z,-42.45,0.0,172.67,0.0,12.0,0.0,ML,,,,2.5,0.1,3
2609639,2006-08-12T22:24:45Z,-36.67,0.0,177.42,0.0,219.0,3.0,ML,,,,3.9,0.2,6
2609642,2006-08-12T22:37:33Z,-42.42,0.0,171.34,0.0,17.0,1.0,ML,,,,2.8,0.2,8
2609664,2006-08-12T23:32:21Z,-40.0,0.0,175.05,0.0,26.0,2.0,ML,,,,2.4,0.2,14
2609669,2006-08-12T23:40:44Z,-42.47,0.0,172.69,0.0,12.0,0.0,ML,,,,2.4,0.3,5
2609676,2006-08-12T23:55:51Z,-40.46,0.0,175.75,0.0,32.0,1.0,ML,,,,2.6,0.1,8
2609678,2006-08-13T00:00:12Z,-39.17,0.0,173.75,0.1,11.0,2.0,ML,,,,2.0,0.1,2
2609720,2006-08-13T02:13:27Z,-40.58,0.0,173.81,0.0,81.0,2.0,ML,,,,2.6,nan,1
2609765,2006-08-13T04:23:16Z,-39.14,0.0,175.12,0.1,218.0,4.0,ML,,,,3.1,0.2,5
2609766,2006-08-13T04:29:25Z,-41.76,0.0,172.65,0.0,94.0,2.0,Mw,5.2,nan,0,5.9,0.2,25
2609771,2006-08-13T04:43:35Z,-41.76,0.0,172.59,0.0,88.0,2.0,ML,,,,2.6,0.3,3
2609777,2006-08-13T05:00:11Z,-41.73,0.0,172.71,0.0,85.0,2.0,ML,,,,2.1,0.3,2
2609780,2006-08-13T05:09:01Z,-39.87,0.0,176.6,0.0,49.0,2.0,ML,,,,3.3,0.1,5
2609813,2006-08-13T07:00:18Z,-44.41,0.0,168.26,0.0,5.0,0.0,ML,,,,2.0,0.1,6
2609827,2006-08-13T07:50:30Z,-44.89,0.0,167.42,0.0,39.0,6.0,ML,,,,2.0,0.2,4
2609831,2006-08-13T08:08:19Z,-42.03,0.0,172.82,0.0,74.0,3.0,ML,,,,2.6,0.2,5
2609844,2006-08-13T08:51:10Z,-39.51,0.0,179.62,0.0,33.0,0.0,ML,,,,3.6,0.4,3
2609860,2006-08-13T09:52:19Z,-41.81,0.0,172.62,0.0,87.0,3.0,ML,,,,3.3,0.2,12
2609862,2006-08-13T09:59:20Z,-44.59,0.0,168.23,0.0,79.0,4.0,ML,,,,2.3,0.2,6
2609878,2006-08-13T11:00:41Z,-45.13,0.0,167.15,0.0,21.0,3.0,ML,,,,2.3,0.5,2
2609881,2006-08-13T11:10:00Z,-37.8,0.0,177.2,0.0,79.0,2.0,ML,,,,2.5,0.1,3
2609883,2006-08-13T11:22:49Z,-40.19,0.0,176.59,0.0,56.0,3.0,ML,,,,1.9,0.3,2
2609894,2006-08-13T12:03:35Z,-45.96,0.0,166.79,0.0,12.0,0.0,ML,,,,2.1,0.3,3
2609906,2006-08-13T12:58:34Z,-40.87,0.0,174.34,0.0,5.0,0.0,ML,,,,1.6,0.1,5
2609938,2006-08-13T15:26:09Z,-45.67,0.0,167.32,0.0,16.0,3.0,ML,,,,1.8,0.2,3
2609959,2006-08-13T16:49:35Z,-38.33,0.0,176.47,0.1,122.0,6.0,ML,,,,2.8,0.3,2
2609960,2006-08-13T16:52:22Z,-39.31,0.0,175.52,0.0,15.0,1.0,ML,,,,1.6,0.1,9
2609964,2006-08-13T17:07:13Z,-39.63,0.0,175.0,0.0,95.0,1.0,ML,,,,2.9,0.1,7
2609985,2006-08-13T18:36:17Z,-40.51,0.0,175.7,0.0,29.0,4.0,ML,,,,1.9,nan,1
2861804,2006-08-13T18:36:37Z,-44.41,0.0,168.52,0.0,5.0,0.0,ML,,,,2.2,0.3,6
2610015,2006-08-13T20:08:58Z,-38.08,0.0,178.87,0.1,33.0,0.0,ML,,,,2.6,0.2,3
2610054,2006-08-13T22:41:52Z,-40.23,0.0,175.0,0.0,36.0,9.0,ML,,,,2.3,0.2,6
2610060,2006-08-13T23:03:19Z,-41.15,0.0,173.41,0.0,91.0,3.0,ML,,,,2.4,nan,1
2610081,2006-08-14T00:10:33Z,-40.61,0.0,174.39,0.0,47.0,5.0,ML,,,,2.0,0.2,6
2864128,2006-08-14T00:10:48Z,-42.11,0.0,172.84,0.0,65.0,5.0,ML,,,,2.6,0.1,5
2610100,2006-08-14T01:13:54Z,-44.94,0.0,167.63,0.0,75.0,2.0,ML,,,,2.4,0.2,7
2610108,2006-08-14T01:42:34Z,-38.57,0.0,177.48,0.0,64.0,2.0,ML,,,,3.5,0.2,6
2610118,2006-08-14T02:18:11Z,-41.08,0.0,175.09,0.0,23.0,1.0,ML,,,,3.1,0.1,15
2610119,2006-08-14T02:23:59Z,-41.08,0.0,175.08,0.0,28.0,1.0,ML,,,,1.9,0.2,5
2864138,2006-08-14T02:24:24Z,-41.07,0.0,175.08,0.0,28.0,1.0,ML,,,,1.8,0.1,5
2610133,2006-08-14T03:12:26Z,-41.08,0.0,175.07,0.0,26.0,1.0,ML,,,,2.1,0.3,6
2610134,2006-08-14T03:20:04Z,-45.55,0.0,167.34,0.0,12.0,0.0,ML,,,,2.0,0.4,3
2610145,2006-08-14T03:45:17Z,-40.49,0.0,176.06,0.0,33.0,0.0,ML,,,,1.9,0.3,2
2610152,2006-08-14T04:16:18Z,-42.17,0.0,172.95,0.0,59.0,1.0,ML,,,,1.6,nan,1
2610163,2006-08-14T04:57:29Z,-37.04,0.0,177.38,0.0,144.0,2.0,ML,,,,3.1,0.1,5
2610184,2006-08-14T06:18:06Z,-44.95,0.0,167.7,0.0,78.0,1.0,ML,,,,2.4,0.2,7
2610190,2006-08-14T06:38:11Z,-37.01,0.0,177.59,0.0,33.0,0.0,ML,,,,2.6,0.1,4
2610199,2006-08-14T07:11:12Z,-37.78,0.1,176.48,0.2,165.0,10.0,ML,,,,2.7,0.1,4
2610200,2006-08-14T07:13:00Z,-36.77,0.1,177.49,0.0,173.0,7.0,ML,,,,2.9,0.1,5
2610214,2006-08-14T07:50:42Z,-37.47,0.0,176.58,0.0,214.0,1.0,ML,,,,3.1,0.1,3
2610221,2006-08-14T08:20:34Z,-45.19,0.0,167.04,0.0,22.0,1.0,ML,,,,2.0,0.2,3
2610228,2006-08-14T08:50:57Z,-36.21,0.0,177.78,0.1,33.0,0.0,ML,,,,2.9,0.2,3
2610229,2006-08-14T08:58:44Z,-40.88,0.0,175.06,0.0,33.0,0.0,ML,,,,2.0,0.2,5
2610243,2006-08-14T09:39:33Z,-37.04,0.0,177.65,0.1,147.0,4.0,ML,,,,3.1,0.2,6
2610253,2006-08-14T10:10:34Z,-41.42,0.0,174.42,0.0,31.0,1.0,ML,,,,2.4,0.2,9
2610268,2006-08-14T10:57:33Z,-43.49,0.0,170.74,0.0,12.0,0.0,ML,,,,1.8,0.1,4
2610278,2006-08-14T11:32:22Z,-35.19,0.1,178.79,0.2,246.0,9.0,ML,,,,4.5,0.1,4
2610290,2006-08-14T12:19:26Z,-40.63,0.0,175.17,0.0,5.0,0.0,ML,,,,1.9,0.2,5
2610303,2006-08-14T13:15:27Z,-45.67,0.0,167.33,0.0,12.0,0.0,ML,,,,2.4,0.2,4
2610305,2006-08-14T13:22:34Z,-39.01,0.0,175.74,0.0,8.0,1.0,ML,,,,2.1,0.1,5
2874158,2006-08-14T13:26:17Z,-39.02,0.0,175.75,0.0,5.0,0.0,ML,,,,1.4,0.3,3
2610306,2006-08-14T13:26:19Z,-39.02,0.0,175.76,0.0,5.0,0.0,ML,,,,2.1,0.1,7
2610325,2006-08-14T14:58:01Z,-40.58,0.0,175.46,0.0,31.0,2.0,ML,,,,2.6,0.2,21
2610327,2006-08-14T15:07:23Z,-41.07,0.0,174.68,0.0,34.0,1.0,ML,,,,2.3,0.2,8
2610333,2006-08-14T15:27:01Z,-42.21,0.0,172.74,0.0,5.0,0.0,ML,,,,2.4,0.2,8
2610350,2006-08-14T16:26:58Z,-37.69,0.0,178.88,0.0,5.0,0.0,ML,,,,2.6,0.1,3
2610371,2006-08-14T17:46:11Z,-44.98,0.0,167.59,0.0,93.0,3.0,ML,,,,2.2,0.2,5
2610376,2006-08-14T17:52:19Z,-39.4,0.0,176.19,0.0,5.0,0.0,ML,,,,3.4,0.2,29
2874555,2006-08-14T17:54:19Z,-40.57,0.0,174.06,0.0,5.0,0.0,ML,,,,2.1,0.1,4
2610382,2006-08-14T18:04:35Z,-45.6,0.0,167.43,0.0,12.0,0.0,ML,,,,1.6,0.3,3
2874559,2006-08-14T18:06:54Z,-45.0,0.0,167.71,0.1,82.0,3.0,ML,,,,1.9,0.2,3
2610401,2006-08-14T18:50:17Z,-39.24,0.0,173.71,0.0,24.0,1.0,ML,,,,1.8,0.1,2
2610405,2006-08-14T18:55:40Z,-40.86,0.0,176.21,0.0,28.0,1.0,ML,,,,2.6,0.3,6
2874580,2006-08-14T18:57:02Z,-40.84,0.0,176.22,0.0,31.0,1.0,ML,,,,2.2,0.1,3
2874584,2006-08-14T18:57:31Z,-41.92,0.0,171.91,0.0,5.0,0.0,ML,,,,2.0,0.2,4
2610431,2006-08-14T20:09:07Z,-40.66,0.0,176.45,0.0,30.0,1.0,ML,,,,2.8,0.2,6
2610449,2006-08-14T21:02:04Z,-41.07,0.0,173.71,0.0,65.0,2.0,ML,,,,2.3,0.1,2
2874592,2006-08-14T23:06:02Z,-39.74,0.0,175.05,0.0,35.0,2.0,ML,,,,2.6,0.2,3
2610499,2006-08-14T23:25:16Z,-39.24,0.0,174.84,0.0,28.0,1.0,ML,,,,2.5,0.2,7
2610562,2006-08-15T01:57:17Z,-41.86,0.0,171.92,0.0,7.0,1.0,ML,,,,2.6,0.2,7
2610623,2006-08-15T03:00:47Z,-41.26,0.0,173.87,0.0,55.0,2.0,ML,,,,2.6,0.2,6
2610680,2006-08-15T03:58:32Z,-36.82,0.0,177.62,0.1,156.0,4.0,ML,,,,3.3,0.1,5
2610701,2006-08-15T04:16:07Z,-40.6,0.0,175.51,0.0,34.0,1.0,ML,,,,2.6,0.1,11
2610759,2006-08-15T05:15:03Z,-39.91,0.1,173.39,0.0,182.0,6.0,ML,,,,2.8,0.0,2
2610770,2006-08-15T05:28:12Z,-41.68,0.0,173.9,0.0,15.0,1.0,ML,,,,2.0,0.0,4
2610835,2006-08-15T06:28:03Z,-40.82,0.0,174.47,0.0,48.0,2.0,ML,,,,3.0,0.2,8
2610837,2006-08-15T06:29:49Z,-39.16,0.0,175.63,0.0,1.0,0.0,ML,,,,1.4,0.1,1
2610872,2006-08-15T07:06:28Z,-37.95,0.0,176.48,0.0,138.0,2.0,ML,,,,3.2,0.1,7
2610984,2006-08-15T09:06:09Z,-39.33,0.0,175.05,0.0,30.0,1.0,ML,,,,2.0,0.1,8
2611083,2006-08-15T10:45:57Z,-45.17,0.0,167.03,0.0,23.0,1.0,ML,,,,2.0,0.2,4
2611130,2006-08-15T11:40:16Z,-44.23,0.0,168.6,0.0,5.0,0.0,ML,,,,1.7,0.1,3
2611145,2006-08-15T11:57:26Z,-40.34,0.0,176.69,0.0,43.0,2.0,ML,,,,2.3,0.3,4
2611599,2006-08-15T11:57:38Z,-44.52,0.0,168.47,0.0,5.0,0.0,ML,,,,1.9,0.3,4
2611155,2006-08-15T12:08:00Z,-45.19,0.0,167.42,0.0,79.0,2.0,ML,,,,2.7,0.3,8
2611173,2006-08-15T12:25:20Z,-42.74,0.0,171.78,0.0,12.0,0.0,ML,,,,2.3,0.3,5
2611176,2006-08-15T12:28:10Z,-44.22,0.0,168.74,0.2,5.0,0.0,ML,,,,1.8,0.1,3
2611195,2006-08-15T13:19:03Z,-40.05,0.0,176.87,0.0,23.0,1.0,ML,,,,2.5,0.2,7
2611601,2006-08-15T13:19:37Z,-44.52,0.0,168.46,0.0,5.0,0.0,ML,,,,2.2,0.2,7
2611211,2006-08-15T14:10:49Z,-39.71,0.0,174.83,0.0,106.0,3.0,ML,,,,2.4,0.2,4
2611215,2006-08-15T14:33:03Z,-45.33,0.0,167.26,0.0,107.0,3.0,ML,,,,3.1,0.3,5
2611217,2006-08-15T14:39:45Z,-40.78,0.0,174.27,0.0,48.0,2.0,ML,,,,2.2,0.1,7
2862385,2006-08-15T15:16:16Z,-39.23,0.0,175.32,0.0,15.0,1.0,ML,,,,2.2,0.2,6
2611225,2006-08-15T15:16:18Z,-39.23,0.0,175.32,0.0,15.0,1.0,ML,,,,2.3,0.1,14
2611229,2006-08-15T15:28:59Z,-40.86,0.0,176.21,0.0,28.0,1.0,ML,,,,2.2,0.1,5
2611235,2006-08-15T15:44:30Z,-40.12,0.0,174.53,0.0,33.0,0.0,ML,,,,2.1,0.2,5
2611237,2006-08-15T15:51:08Z,-38.47,0.0,178.39,0.0,12.0,0.0,ML,,,,2.3,0.1,3
2611240,2006-08-15T16:01:44Z,-36.88,0.0,177.59,0.0,158.0,5.0,ML,,,,4.5,0.2,23
2611251,2006-08-15T16:28:01Z,-38.56,0.0,176.58,0.0,54.0,1.0,ML,,,,1.7,0.0,2
2863698,2006-08-15T16:28:26Z,-38.55,0.0,177.81,0.0,30.0,2.0,ML,,,,2.4,0.4,4
2611269,2006-08-15T17:17:07Z,-39.45,0.0,175.02,0.0,33.0,0.0,ML,,,,1.5,0.2,4
2611277,2006-08-15T17:31:16Z,-41.08,0.0,175.07,0.0,31.0,1.0,ML,,,,2.0,0.2,4
2611280,2006-08-15T17:37:19Z,-42.95,0.0,171.93,0.0,5.0,0.0,ML,,,,2.0,0.2,4
2863720,2006-08-15T17:37:59Z,-39.19,0.1,174.87,0.0,31.0,4.0,ML,,,,1.6,0.0,2
2611290,2006-08-15T18:08:04Z,-39.72,0.0,176.89,0.0,47.0,2.0,ML,,,,2.4,0.2,5
2611296,2006-08-15T18:26:15Z,-45.01,0.0,166.74,0.0,12.0,0.0,ML,,,,2.5,0.3,7
2611300,2006-08-15T18:33:54Z,-41.42,0.0,174.42,0.0,30.0,1.0,ML,,,,2.0,0.3,11
2611301,2006-08-15T18:34:37Z,-39.58,0.0,173.85,0.1,204.0,7.0,ML,,,,3.0,0.3,4
2611308,2006-08-15T18:44:48Z,-39.27,0.0,174.76,0.0,31.0,1.0,ML,,,,1.8,0.2,3
2611313,2006-08-15T19:00:39Z,-39.17,0.0,173.78,0.0,24.0,2.0,ML,,,,1.9,0.1,3
2611320,2006-08-15T19:18:10Z,-39.23,0.0,174.84,0.0,29.0,1.0,ML,,,,2.3,0.2,19
2611346,2006-08-15T20:08:50Z,-38.02,0.0,177.57,0.0,63.0,2.0,ML,,,,2.7,0.2,4
2611350,2006-08-15T20:17:15Z,-37.17,0.1,176.96,0.1,197.0,7.0,ML,,,,3.4,0.2,9
2611379,2006-08-15T21:27:02Z,-39.45,0.0,173.97,0.0,20.0,1.0,ML,,,,1.5,0.1,2
2864097,2006-08-15T21:27:37Z,-43.18,0.0,171.06,0.0,5.0,0.0,ML,,,,2.0,0.1,5
2611381,2006-08-15T21:29:39Z,-44.97,0.0,167.58,0.0,63.0,2.0,ML,,,,2.5,0.2,10
2865654,2006-08-15T22:02:49Z,-38.02,0.0,176.48,0.0,5.0,0.0,ML,,,,1.4,0.0,1
2611395,2006-08-15T22:03:01Z,-38.02,0.0,176.49,0.0,5.0,0.0,ML,,,,3.0,0.1,4
2611414,2006-08-15T23:01:37Z,-39.16,0.0,175.63,0.0,1.0,0.0,ML,,,,1.3,0.1,1
2864103,2006-08-15T23:03:38Z,-38.01,0.0,176.5,0.0,5.0,0.0,ML,,,,2.1,0.1,2
2611434,2006-08-15T23:55:24Z,-46.74,0.0,165.14,0.1,12.0,0.0,ML,,,,2.7,0.3,5
2611440,2006-08-16T00:03:25Z,-41.3,0.0,175.28,0.0,27.0,1.0,ML,,,,2.0,0.1,7
2611455,2006-08-16T00:51:36Z,-41.07,0.0,175.09,0.0,30.0,1.0,ML,,,,2.2,0.1,8
2611463,2006-08-16T01:12:59Z,-37.92,0.0,176.19,0.1,180.0,4.0,ML,,,,3.4,0.3,9
2611484,2006-08-16T02:23:58Z,-43.81,0.0,173.44,0.0,33.0,0.0,ML,,,,2.6,0.2,4
2611486,2006-08-16T02:29:22Z,-39.94,0.0,175.17,0.0,66.0,2.0,ML,,,,2.7,0.2,9
2611501,2006-08-16T03:17:24Z,-39.89,0.0,176.85,0.0,46.0,4.0,ML,,,,2.4,0.3,5
2611512,2006-08-16T03:45:37Z,-38.04,0.0,176.23,0.0,182.0,3.0,ML,,,,3.7,0.2,16
2611516,2006-08-16T03:55:59Z,-39.22,0.0,175.08,0.0,31.0,1.0,ML,,,,2.0,0.1,12
2611548,2006-08-16T05:34:24Z,-43.52,0.0,171.7,0.0,5.0,0.0,ML,,,,3.0,0.3,13
2862390,2006-08-16T06:05:06Z,-45.22,0.0,166.93,0.1,23.0,5.0,ML,,,,2.3,0.3,3
2611558,2006-08-16T06:05:50Z,-41.29,0.0,175.29,0.0,25.0,1.0,ML,,,,1.6,0.1,4
2611578,2006-08-16T07:13:31Z,-44.32,0.0,169.35,0.0,5.0,0.0,ML,,,,2.5,0.2,9
2611587,2006-08-16T07:43:42Z,-45.15,0.0,167.1,0.0,12.0,0.0,ML,,,,2.1,0.1,6
2611595,2006-08-16T08:09:21Z,-41.29,0.0,173.26,0.0,81.0,2.0,ML,,,,2.2,0.3,4
2611598,2006-08-16T08:20:51Z,-41.59,0.0,174.05,0.0,32.0,2.0,ML,,,,2.2,0.2,16
2611619,2006-08-16T09:29:35Z,-45.74,0.0,166.99,0.0,5.0,0.0,ML,,,,2.5,0.1,6
2611626,2006-08-16T09:52:35Z,-41.46,0.0,174.34,0.0,21.0,1.0,ML,,,,1.9,0.1,10
2611628,2006-08-16T09:58:31Z,-41.76,0.0,173.76,0.0,14.0,2.0,ML,,,,1.9,0.1,6
2611629,2006-08-16T10:03:36Z,-45.12,0.0,167.03,0.1,12.0,0.0,ML,,,,3.4,0.2,7
2862405,2006-08-16T10:05:46Z,-39.15,0.0,175.64,0.0,4.0,1.0,ML,,,,2.0,0.3,6
2611631,2006-08-16T10:09:55Z,-40.56,0.0,175.21,0.0,41.0,3.0,ML,,,,2.1,0.1,7
2611632,2006-08-16T10:11:13Z,-39.26,0.0,175.12,0.0,29.0,1.0,ML,,,,1.8,0.1,13
2862415,2006-08-16T10:11:59Z,-45.3,0.0,166.79,0.0,12.0,0.0,ML,,,,1.9,0.1,2
2611635,2006-08-16T10:27:42Z,-41.76,0.0,173.79,0.0,15.0,2.0,ML,,,,2.7,0.1,8
2611653,2006-08-16T11:33:42Z,-37.96,0.1,175.57,0.1,276.0,6.0,ML,,,,3.2,0.2,5
2863772,2006-08-16T11:47:19Z,-38.2,0.0,177.28,0.0,52.0,2.0,ML,,,,2.3,0.4,3
2611675,2006-08-16T12:42:25Z,-39.23,0.0,175.24,0.0,19.0,1.0,ML,,,,1.7,0.3,6
2611680,2006-08-16T13:09:06Z,-37.79,0.0,178.2,0.0,53.0,1.0,ML,,,,2.5,0.2,4
2611682,2006-08-16T13:17:16Z,-39.16,0.0,177.72,0.0,29.0,0.0,ML,,,,1.8,0.1,2
2864711,2006-08-16T13:26:01Z,-41.28,0.0,174.28,0.0,39.0,1.0,ML,,,,2.1,0.1,7
2611691,2006-08-16T13:36:45Z,-43.99,0.0,170.55,0.0,5.0,0.0,ML,,,,1.8,0.2,5
2611693,2006-08-16T13:48:16Z,-40.12,0.0,176.53,0.0,40.0,5.0,ML,,,,2.7,0.3,9
2611700,2006-08-16T14:07:05Z,-39.52,0.0,175.65,0.0,11.0,3.0,ML,,,,1.8,0.3,5
2611702,2006-08-16T14:13:06Z,-41.74,0.0,173.74,0.0,41.0,2.0,ML,,,,3.1,0.1,10
2611708,2006-08-16T14:36:18Z,-45.13,0.0,167.06,0.0,12.0,0.0,ML,,,,2.3,0.3,6
2611714,2006-08-16T14:57:52Z,-44.29,0.0,168.71,0.2,12.0,0.0,ML,,,,1.7,0.1,4
2611716,2006-08-16T15:11:38Z,-45.12,0.0,167.05,0.0,12.0,0.0,ML,,,,2.2,0.2,5
2611718,2006-08-16T15:14:54Z,-45.34,0.0,171.36,0.1,5.0,0.0,ML,,,,2.5,0.3,6
2611721,2006-08-16T15:32:17Z,-40.45,0.0,175.68,0.0,31.0,1.0,ML,,,,2.0,0.1,3
2611737,2006-08-16T16:35:26Z,-39.98,0.0,176.74,0.0,46.0,3.0,ML,,,,2.1,0.3,5
2611748,2006-08-16T17:12:53Z,-40.99,0.0,173.66,0.0,72.0,2.0,ML,,,,2.1,0.0,2
2865056,2006-08-16T17:13:57Z,-37.77,0.0,177.57,0.0,44.0,6.0,ML,,,,2.1,0.1,3
2611754,2006-08-16T17:34:29Z,-39.28,0.0,178.71,0.0,33.0,0.0,ML,,,,2.7,0.2,7
2611775,2006-08-16T18:56:19Z,-45.13,0.0,167.03,0.0,12.0,0.0,ML,,,,2.5,0.2,7
2611789,2006-08-16T19:51:31Z,-39.34,0.0,174.82,0.0,31.0,1.0,ML,,,,2.3,0.1,6
2611805,2006-08-16T20:46:22Z,-36.88,0.0,176.88,0.1,248.0,4.0,ML,,,,3.4,0.2,10
2611814,2006-08-16T21:12:30Z,-43.68,0.0,170.53,0.0,5.0,0.0,ML,,,,1.9,0.2,4
2611816,2006-08-16T21:19:33Z,-39.24,0.0,175.31,0.0,13.0,2.0,ML,,,,2.7,0.1,21
2611817,2006-08-16T21:20:59Z,-40.47,0.0,175.84,0.0,26.0,2.0,ML,,,,3.2,0.2,20
2611821,2006-08-16T21:34:45Z,-39.62,0.0,176.16,0.0,46.0,2.0,ML,,,,2.7,0.2,6
2611831,2006-08-16T22:04:20Z,-37.24,0.0,177.6,0.0,137.0,3.0,ML,,,,3.1,0.3,3
2865156,2006-08-16T22:06:54Z,-44.75,0.0,167.53,0.1,5.0,0.0,ML,,,,1.7,0.2,3
2611835,2006-08-16T22:15:07Z,-37.01,0.0,177.5,0.0,157.0,3.0,ML,,,,3.4,0.3,9
2611844,2006-08-16T22:47:27Z,-41.66,0.0,172.3,0.0,98.0,3.0,ML,,,,2.1,nan,1
2611849,2006-08-16T23:01:32Z,-40.18,0.0,173.55,0.0,204.0,2.0,ML,,,,2.9,0.1,2
2611858,2006-08-16T23:42:35Z,-41.21,0.0,173.44,0.0,86.0,3.0,ML,,,,3.2,0.2,5
2611883,2006-08-17T01:03:39Z,-41.76,0.0,173.77,0.0,13.0,2.0,ML,,,,2.2,0.1,12
2611924,2006-08-17T03:27:00Z,-41.06,0.0,176.31,0.0,32.0,4.0,ML,,,,2.2,0.3,3
2611934,2006-08-17T04:00:45Z,-41.76,0.0,172.64,0.0,84.0,3.0,ML,,,,2.8,0.2,4
2611962,2006-08-17T05:07:26Z,-41.76,0.0,173.76,0.0,14.0,1.0,ML,,,,2.1,0.1,9
2611968,2006-08-17T05:21:53Z,-39.28,0.0,175.23,0.0,16.0,1.0,ML,,,,1.6,0.2,6
2611979,2006-08-17T05:47:32Z,-41.65,0.0,171.87,0.0,5.0,0.0,ML,,,,2.6,0.1,6
2611989,2006-08-17T06:21:20Z,-40.84,0.0,176.27,0.0,30.0,1.0,ML,,,,1.7,0.0,2
2612002,2006-08-17T07:02:21Z,-37.17,0.0,176.76,0.1,222.0,5.0,ML,,,,3.4,0.2,11
2612016,2006-08-17T07:37:15Z,-40.84,0.0,176.21,0.0,30.0,0.0,ML,,,,2.2,0.2,5
2612029,2006-08-17T08:06:10Z,-41.3,0.0,172.87,0.0,101.0,4.0,ML,,,,1.9,nan,1
2612030,2006-08-17T08:09:37Z,-44.42,0.0,168.41,0.0,5.0,0.0,ML,,,,2.2,0.2,8
2612039,2006-08-17T08:31:01Z,-40.99,0.0,176.2,0.0,12.0,0.0,ML,,,,2.0,0.1,2
2612040,2006-08-17T08:33:23Z,-41.87,0.0,172.85,0.0,81.0,3.0,ML,,,,2.2,0.2,2
2612048,2006-08-17T08:57:43Z,-40.05,0.0,173.9,0.0,163.0,6.0,ML,,,,2.7,0.2,5
2612054,2006-08-17T09:22:53Z,-38.62,0.0,174.85,0.0,189.0,8.0,ML,,,,3.1,0.3,5
2612056,2006-08-17T09:31:20Z,-40.74,0.0,174.39,0.0,5.0,0.0,ML,,,,2.0,0.2,10
2612069,2006-08-17T10:15:27Z,-41.72,0.0,174.46,0.0,27.0,2.0,ML,,,,1.8,0.1,5
2612070,2006-08-17T10:22:00Z,-44.56,0.0,168.38,0.1,87.0,5.0,ML,,,,2.2,0.3,4
2612074,2006-08-17T10:35:16Z,-36.63,0.1,177.59,0.1,136.0,11.0,ML,,,,2.8,0.1,6
2612081,2006-08-17T10:53:25Z,-37.8,0.1,176.54,0.2,158.0,8.0,ML,,,,2.6,0.1,5
2612083,2006-08-17T11:01:19Z,-40.11,0.0,174.85,0.0,29.0,2.0,ML,,,,2.0,0.2,6
2612094,2006-08-17T11:50:27Z,-40.57,0.0,175.41,0.0,31.0,2.0,ML,,,,2.1,0.2,7
2612095,2006-08-17T11:56:00Z,-36.97,0.1,177.05,0.2,33.0,0.0,ML,,,,2.9,0.1,3
2612097,2006-08-17T12:05:01Z,-38.77,0.0,175.45,0.0,212.0,2.0,ML,,,,3.7,0.3,17
2612109,2006-08-17T12:49:38Z,-42.58,0.0,172.75,0.0,5.0,0.0,ML,,,,2.4,0.2,7
2612118,2006-08-17T13:13:33Z,-40.9,0.0,175.48,0.0,22.0,1.0,ML,,,,2.2,0.1,12
2612142,2006-08-17T14:30:22Z,-39.87,0.0,175.31,0.0,88.0,1.0,Mw,4.3,nan,0,4.4,0.2,24
2612147,2006-08-17T14:52:22Z,-39.23,0.0,175.24,0.0,19.0,2.0,ML,,,,1.6,0.2,6
2612162,2006-08-17T15:36:47Z,-38.66,0.0,175.86,0.0,138.0,2.0,ML,,,,3.7,0.4,18
2612163,2006-08-17T15:43:07Z,-37.71,0.0,179.0,0.1,33.0,0.0,ML,,,,3.4,0.1,9
2864665,2006-08-17T15:43:53Z,-41.37,0.0,173.01,0.0,84.0,2.0,ML,,,,2.2,0.1,2
2612168,2006-08-17T15:59:43Z,-39.66,0.0,176.14,0.0,27.0,1.0,ML,,,,1.9,0.1,10
2612173,2006-08-17T16:15:41Z,-40.15,0.1,173.48,0.0,161.0,5.0,ML,,,,2.9,0.3,7
2612176,2006-08-17T16:30:09Z,-44.74,0.0,167.95,0.0,95.0,4.0,ML,,,,2.6,0.2,9
2612184,2006-08-17T16:57:55Z,-45.19,0.0,167.57,0.0,109.0,2.0,ML,,,,2.5,0.1,5
2612193,2006-08-17T17:41:56Z,-38.67,0.0,176.51,0.0,81.0,2.0,ML,,,,3.1,0.2,8
2612202,2006-08-17T18:08:57Z,-36.63,0.1,177.41,0.1,217.0,6.0,ML,,,,3.7,0.2,9
2612237,2006-08-17T19:56:28Z,-39.19,0.0,174.83,0.0,33.0,0.0,ML,,,,2.5,0.1,9
2612265,2006-08-17T21:47:35Z,-38.32,0.0,176.1,0.0,158.0,3.0,ML,,,,3.8,0.3,17
2612286,2006-08-17T23:00:34Z,-38.86,0.0,176.49,0.0,5.0,0.0,ML,,,,2.4,0.1,5
2612287,2006-08-17T23:02:32Z,-37.43,0.0,176.31,0.0,275.0,2.0,ML,,,,4.0,0.2,15
2612305,2006-08-17T23:49:44Z,-38.71,0.0,177.45,0.1,65.0,6.0,ML,,,,2.0,0.0,2
2612332,2006-08-18T00:57:54Z,-37.74,0.1,176.36,0.1,183.0,8.0,ML,,,,3.1,0.3,2
2612337,2006-08-18T01:09:45Z,-41.34,0.0,174.61,0.0,31.0,1.0,ML,,,,2.3,0.1,5
2612341,2006-08-18T01:25:36Z,-39.81,0.0,177.08,0.0,44.0,4.0,ML,,,,3.3,0.3,4
2612375,2006-08-18T03:08:43Z,-40.7,0.0,175.06,0.0,30.0,1.0,ML,,,,3.1,0.1,19
2865050,2006-08-18T03:57:00Z,-36.74,0.1,176.82,0.1,257.0,7.0,ML,,,,3.2,0.1,3
2612445,2006-08-18T06:29:03Z,-39.83,0.0,177.15,0.0,43.0,4.0,ML,,,,3.3,0.4,6
2612456,2006-08-18T07:10:10Z,-40.19,0.0,174.87,0.0,12.0,0.0,ML,,,,2.4,0.2,10
2612458,2006-08-18T07:15:14Z,-41.28,0.0,172.66,0.0,178.0,3.0,ML,,,,2.7,0.2,2
2612462,2006-08-18T07:23:43Z,-39.26,0.0,175.47,0.0,16.0,1.0,ML,,,,1.5,0.1,5
2612463,2006-08-18T07:24:24Z,-37.55,0.0,177.82,0.0,90.0,2.0,ML,,,,3.3,0.2,5
2865059,2006-08-18T07:24:52Z,-39.26,0.0,175.47,0.0,17.0,1.0,ML,,,,1.4,0.1,4
2612518,2006-08-18T10:28:34Z,-44.04,0.0,169.07,0.0,5.0,0.0,ML,,,,1.9,0.1,4
2612519,2006-08-18T10:30:09Z,-44.21,0.0,170.58,0.0,5.0,0.0,ML,,,,2.0,0.2,3
2612526,2006-08-18T10:57:56Z,-39.04,0.0,175.32,0.0,11.0,1.0,ML,,,,1.6,0.2,7
2612527,2006-08-18T10:58:41Z,-36.98,0.0,176.99,0.0,249.0,3.0,ML,,,,4.8,0.2,24
2612530,2006-08-18T11:10:01Z,-41.08,0.0,173.48,0.0,93.0,2.0,ML,,,,2.7,0.2,6
2612533,2006-08-18T11:15:59Z,-39.86,0.0,176.73,0.0,53.0,3.0,ML,,,,2.9,0.2,10
2612552,2006-08-18T12:19:43Z,-45.14,0.0,167.46,0.0,71.0,1.0,ML,,,,3.3,0.2,6
2612561,2006-08-18T12:50:03Z,-41.24,0.0,173.17,0.0,115.0,3.0,ML,,,,2.2,0.3,3
2612570,2006-08-18T13:23:04Z,-44.97,0.0,167.57,0.1,66.0,8.0,ML,,,,2.2,0.3,3
2612574,2006-08-18T13:44:09Z,-38.53,0.0,178.33,0.0,12.0,0.0,ML,,,,2.1,0.1,3
2612579,2006-08-18T14:00:33Z,-39.27,0.0,173.87,0.0,20.0,0.0,ML,,,,1.7,0.1,2
2612604,2006-08-18T15:17:06Z,-41.4,0.0,172.81,0.0,98.0,3.0,ML,,,,2.5,0.1,3
2612605,2006-08-18T15:19:19Z,-40.14,0.1,173.6,0.0,135.0,7.0,ML,,,,2.9,0.3,4
2612613,2006-08-18T15:52:11Z,-43.88,0.0,173.16,0.0,5.0,0.0,ML,,,,3.7,0.1,9
2612617,2006-08-18T16:08:33Z,-44.75,0.0,167.58,0.0,5.0,0.0,ML,,,,2.3,0.2,7
2612618,2006-08-18T16:09:43Z,-43.84,0.0,173.13,0.0,5.0,0.0,ML,,,,3.1,0.3,11
2612628,2006-08-18T16:38:03Z,-38.04,0.0,177.85,0.0,55.0,3.0,ML,,,,3.1,0.1,4
2865540,2006-08-18T16:39:06Z,-45.34,0.0,166.54,0.1,12.0,0.0,ML,,,,2.2,0.2,3
2612635,2006-08-18T16:59:38Z,-40.44,0.0,175.82,0.0,32.0,1.0,ML,,,,3.4,0.2,29
2612671,2006-08-18T18:54:54Z,-38.15,0.0,179.42,0.0,12.0,0.0,ML,,,,2.7,0.0,2
2612676,2006-08-18T19:15:10Z,-41.69,0.0,174.33,0.0,19.0,2.0,ML,,,,1.7,0.2,3
2865558,2006-08-18T19:15:22Z,-35.64,0.1,179.47,0.2,296.0,6.0,ML,,,,3.7,0.2,3
2612715,2006-08-18T21:11:58Z,-39.28,0.0,173.66,0.0,21.0,1.0,ML,,,,1.8,0.1,3
2612776,2006-08-19T00:26:29Z,-36.74,0.1,177.45,0.1,176.0,4.0,ML,,,,3.3,0.2,6
2865171,2006-08-19T02:08:25Z,-40.73,0.0,174.55,0.0,5.0,0.0,ML,,,,2.6,0.3,8
2612819,2006-08-19T02:30:05Z,-37.76,0.1,176.19,0.0,210.0,4.0,ML,,,,4.3,0.1,18
2612849,2006-08-19T04:22:02Z,-41.26,0.0,172.78,0.0,141.0,5.0,ML,,,,3.0,0.1,5
2612854,2006-08-19T04:36:24Z,-40.21,0.0,176.69,0.0,26.0,2.0,ML,,,,2.6,0.3,4
2612858,2006-08-19T04:48:07Z,-36.33,0.1,177.6,0.0,230.0,5.0,ML,,,,3.8,0.4,3
2612904,2006-08-19T07:07:53Z,-36.4,0.0,178.11,0.0,253.0,3.0,ML,,,,3.2,0.1,3
2865673,2006-08-19T07:09:03Z,-39.32,0.0,177.16,0.0,54.0,6.0,ML,,,,2.2,0.2,3
2612916,2006-08-19T07:42:26Z,-41.16,0.0,173.1,0.0,128.0,3.0,ML,,,,2.9,0.2,5
2612949,2006-08-19T09:22:29Z,-38.93,0.0,177.5,0.0,58.0,0.0,ML,,,,2.6,0.0,2
2612954,2006-08-19T09:34:55Z,-39.83,0.0,177.26,0.0,39.0,6.0,ML,,,,3.6,0.3,5
2612959,2006-08-19T09:52:32Z,-41.56,0.0,172.34,0.0,5.0,0.0,ML,,,,3.1,0.2,7
2612965,2006-08-19T10:12:09Z,-41.39,0.0,172.36,0.0,5.0,0.0,ML,,,,2.5,0.2,7
2612983,2006-08-19T11:28:43Z,-41.25,0.0,175.17,0.0,19.0,1.0,ML,,,,2.2,0.2,11
2613000,2006-08-19T12:26:05Z,-39.28,0.0,173.66,0.0,5.0,0.0,ML,,,,2.9,0.2,19
2613003,2006-08-19T12:40:59Z,-39.5,0.0,175.69,0.0,5.0,0.0,ML,,,,1.5,0.1,5
2867557,2006-08-19T12:41:05Z,-40.9,0.0,172.5,0.0,12.0,0.0,ML,,,,2.4,0.3,4
2613010,2006-08-19T13:07:47Z,-39.49,0.0,175.69,0.0,5.0,0.0,ML,,,,2.0,0.1,8
2867559,2006-08-19T13:08:30Z,-38.69,0.0,175.87,0.0,133.0,4.0,ML,,,,3.5,0.2,13
2613027,2006-08-19T13:55:40Z,-37.09,0.0,176.61,0.1,296.0,5.0,ML,,,,3.3,0.2,5
2867565,2006-08-19T13:59:24Z,-45.35,0.0,166.68,0.0,12.0,0.0,ML,,,,3.0,0.3,8
2613040,2006-08-19T14:36:56Z,-38.43,0.0,176.83,0.0,57.0,1.0,ML,,,,2.2,0.1,3
2613049,2006-08-19T15:12:25Z,-40.16,0.0,174.26,0.0,101.0,6.0,ML,,,,2.7,0.2,7
2613053,2006-08-19T15:20:54Z,-40.07,0.0,176.83,0.0,53.0,3.0,ML,,,,2.9,0.1,7
2867571,2006-08-19T15:38:38Z,-38.47,0.0,178.8,0.0,12.0,0.0,ML,,,,2.5,0.1,3
2613062,2006-08-19T15:45:15Z,-37.24,0.1,176.91,0.1,202.0,6.0,ML,,,,2.9,0.1,5
2613081,2006-08-19T16:52:16Z,-37.55,0.0,-178.72,0.0,33.0,0.0,ML,,,,3.3,0.2,5
2867580,2006-08-19T16:53:21Z,-41.96,0.0,173.86,0.0,18.0,3.0,ML,,,,1.6,0.1,4
2613085,2006-08-19T17:06:27Z,-41.69,0.0,172.27,0.0,94.0,4.0,ML,,,,2.0,nan,1
2613135,2006-08-19T19:34:39Z,-41.22,0.0,173.04,0.0,116.0,2.0,ML,,,,2.5,0.0,2
2613146,2006-08-19T20:24:33Z,-41.39,0.0,174.89,0.0,28.0,1.0,ML,,,,2.4,0.2,11
2613158,2006-08-19T21:06:42Z,-39.5,0.0,177.04,0.0,48.0,3.0,ML,,,,2.4,0.3,2
2613169,2006-08-19T21:36:22Z,-37.07,0.0,178.63,0.1,12.0,0.0,ML,,,,3.9,0.3,4
2613179,2006-08-19T22:12:50Z,-44.79,0.0,168.05,0.0,66.0,1.0,ML,,,,2.2,0.2,3
2613180,2006-08-19T22:19:22Z,-37.38,0.1,177.03,0.1,111.0,8.0,ML,,,,3.2,0.1,7
2613204,2006-08-19T23:39:43Z,-38.41,0.0,175.95,0.1,151.0,5.0,ML,,,,3.2,0.2,9
2867600,2006-08-20T01:21:00Z,-37.1,0.0,178.66,0.1,12.0,0.0,ML,,,,3.2,0.1,4
2613233,2006-08-20T01:21:04Z,-40.95,0.0,173.72,0.0,74.0,3.0,ML,,,,2.4,0.1,4
2613239,2006-08-20T01:42:06Z,-39.93,0.0,176.64,0.0,29.0,3.0,ML,,,,2.3,0.2,7
2613253,2006-08-20T02:24:08Z,-39.46,0.0,175.28,0.0,80.0,2.0,ML,,,,2.9,0.2,7
2613259,2006-08-20T02:41:56Z,-45.08,0.0,167.62,0.0,117.0,3.0,ML,,,,2.9,0.3,5
2613274,2006-08-20T03:28:13Z,-39.14,0.0,176.84,0.0,25.0,2.0,ML,,,,2.6,0.2,7
2613304,2006-08-20T05:01:42Z,-41.27,0.0,173.28,0.0,92.0,1.0,ML,,,,2.4,0.1,2
2613307,2006-08-20T05:15:46Z,-39.78,0.0,177.12,0.0,33.0,0.0,ML,,,,3.4,0.2,19
2613310,2006-08-20T05:20:07Z,-39.77,0.0,177.12,0.0,33.0,0.0,ML,,,,3.6,0.2,30
2613315,2006-08-20T05:34:09Z,-39.79,0.0,177.15,0.0,33.0,0.0,ML,,,,3.5,0.2,24
2613324,2006-08-20T05:58:31Z,-41.33,0.0,174.96,0.0,26.0,1.0,ML,,,,1.8,0.1,5
2613350,2006-08-20T07:21:55Z,-45.13,0.0,166.89,0.1,12.0,0.0,ML,,,,3.2,0.2,5
2613363,2006-08-20T08:02:23Z,-37.55,0.0,173.98,0.0,33.0,0.0,ML,,,,3.1,0.2,12
2613380,2006-08-20T08:51:14Z,-45.17,0.0,166.87,0.1,12.0,0.0,ML,,,,2.2,0.1,4
2613388,2006-08-20T09:18:27Z,-45.0,0.0,166.44,0.0,12.0,0.0,ML,,,,2.6,0.3,3
2613390,2006-08-20T09:26:49Z,-40.15,0.0,173.66,0.0,147.0,4.0,ML,,,,2.8,0.1,5
2613405,2006-08-20T10:05:21Z,-39.42,0.0,177.2,0.0,33.0,0.0,ML,,,,2.6,0.2,8
2613424,2006-08-20T10:58:46Z,-40.24,0.0,176.63,0.0,51.0,4.0,ML,,,,2.4,0.3,2
2613435,2006-08-20T11:39:12Z,-45.62,0.0,167.23,0.0,99.0,2.0,ML,,,,2.7,0.2,5
2613448,2006-08-20T12:13:47Z,-38.26,0.0,176.42,0.0,5.0,0.0,ML,,,,1.5,nan,1
2613470,2006-08-20T13:12:57Z,-38.89,0.0,178.04,0.0,27.0,2.0,ML,,,,2.5,0.4,2
2868076,2006-08-20T13:15:14Z,-40.9,0.0,175.82,0.0,30.0,1.0,ML,,,,1.9,0.2,3
2613488,2006-08-20T14:05:17Z,-38.26,0.0,176.42,0.0,5.0,0.0,ML,,,,1.8,0.1,2
2868082,2006-08-20T14:09:04Z,-38.27,0.0,176.44,0.0,5.0,0.0,ML,,,,1.7,0.2,2
2868084,2006-08-20T14:09:15Z,-38.24,0.0,176.43,0.0,5.0,0.0,ML,,,,2.2,0.1,3
2613492,2006-08-20T14:10:39Z,-36.31,0.1,178.89,0.0,33.0,0.0,ML,,,,4.4,0.2,17
2613545,2006-08-20T16:59:08Z,-41.24,0.0,172.79,0.0,147.0,4.0,ML,,,,2.5,nan,1
2613550,2006-08-20T17:16:37Z,-42.44,0.0,172.68,0.0,5.0,0.0,ML,,,,2.5,0.3,4
2613553,2006-08-20T17:26:21Z,-41.0,0.0,172.81,0.0,214.0,4.0,ML,,,,3.0,0.3,3
2613556,2006-08-20T17:34:46Z,-38.46,0.0,176.48,0.0,73.0,5.0,ML,,,,2.2,0.1,3
2613558,2006-08-20T17:38:14Z,-39.37,0.0,177.72,0.0,27.0,1.0,ML,,,,2.4,0.1,3
2613559,2006-08-20T17:40:04Z,-37.96,0.0,176.55,0.1,144.0,4.0,ML,,,,2.6,0.3,3
2868446,2006-08-20T17:44:35Z,-38.04,0.0,176.19,0.0,153.0,3.0,ML,,,,3.1,0.3,5
2613562,2006-08-20T17:47:59Z,-38.36,0.0,178.89,0.0,12.0,0.0,ML,,,,2.6,0.0,2
2613572,2006-08-20T18:17:15Z,-39.55,0.0,175.66,0.0,17.0,2.0,ML,,,,2.0,0.2,9
2868523,2006-08-20T18:18:12Z,-41.56,0.0,174.68,0.0,29.0,0.0,ML,,,,1.9,0.1,5
2613590,2006-08-20T19:15:35Z,-43.98,0.0,169.64,0.0,5.0,0.0,ML,,,,2.2,0.2,7
2868529,2006-08-20T20:18:06Z,-36.88,0.1,179.45,0.1,12.0,0.0,ML,,,,2.9,0.2,3
2613613,2006-08-20T20:18:09Z,-40.99,0.0,174.52,0.0,5.0,0.0,ML,,,,1.8,0.0,5
2613614,2006-08-20T20:23:14Z,-45.0,0.0,167.48,0.0,5.0,0.0,ML,,,,2.1,0.4,3
2613619,2006-08-20T20:35:22Z,-41.06,0.0,174.28,0.0,55.0,1.0,ML,,,,2.8,0.2,13
2613620,2006-08-20T20:39:06Z,-37.37,0.0,177.57,0.0,33.0,0.0,ML,,,,2.7,0.2,3
2613631,2006-08-20T21:08:44Z,-39.38,0.0,175.77,0.0,66.0,2.0,ML,,,,2.6,0.2,3
2613662,2006-08-20T22:52:50Z,-39.96,0.0,176.69,0.0,44.0,4.0,ML,,,,2.4,0.0,2
2613676,2006-08-20T23:22:52Z,-42.07,0.0,173.07,0.0,75.0,3.0,ML,,,,2.5,0.2,4
2613692,2006-08-20T23:55:53Z,-38.34,0.0,176.01,0.0,159.0,4.0,ML,,,,3.6,0.3,12
2613711,2006-08-21T00:50:59Z,-37.98,0.0,176.51,0.0,115.0,2.0,ML,,,,2.6,0.2,3
2613735,2006-08-21T01:52:45Z,-40.08,0.0,174.91,0.0,60.0,5.0,ML,,,,2.6,0.1,4
2613738,2006-08-21T02:03:56Z,-41.39,0.0,172.92,0.0,111.0,3.0,ML,,,,3.3,0.2,14
2613765,2006-08-21T03:34:46Z,-42.43,0.0,172.64,0.0,12.0,0.0,ML,,,,1.8,0.2,2
2613773,2006-08-21T04:07:23Z,-40.24,0.0,176.83,0.0,40.0,3.0,ML,,,,2.6,0.1,4
2613783,2006-08-21T04:37:49Z,-41.73,0.0,172.26,0.0,5.0,0.0,ML,,,,3.5,0.2,15
2613786,2006-08-21T04:43:33Z,-40.41,0.0,173.99,0.0,85.0,5.0,ML,,,,2.8,0.2,7
2613793,2006-08-21T04:55:37Z,-39.18,0.0,175.17,0.0,5.0,0.0,ML,,,,2.1,0.1,11
2613799,2006-08-21T05:10:02Z,-45.26,0.0,166.98,0.0,24.0,2.0,ML,,,,2.1,0.2,2
2613809,2006-08-21T05:32:13Z,-40.04,0.0,175.37,0.0,27.0,2.0,ML,,,,2.8,0.1,12
2613835,2006-08-21T06:37:38Z,-44.93,0.0,170.39,0.0,12.0,0.0,ML,,,,2.1,0.1,3
2613836,2006-08-21T06:43:01Z,-44.53,0.0,167.72,0.0,43.0,2.0,ML,,,,2.4,0.2,7
2613883,2006-08-21T09:00:40Z,-40.15,0.0,176.4,0.0,28.0,1.0,ML,,,,2.7,0.2,7
2613908,2006-08-21T10:26:08Z,-40.73,0.0,175.98,0.0,31.0,1.0,ML,,,,2.7,0.2,8
2613937,2006-08-21T11:45:20Z,-44.18,0.0,168.76,0.2,5.0,0.0,ML,,,,1.7,0.1,3
2613947,2006-08-21T12:16:02Z,-39.55,0.0,174.45,0.1,145.0,4.0,ML,,,,2.8,0.1,3
2613953,2006-08-21T12:32:09Z,-44.47,0.0,168.29,0.0,5.0,0.0,ML,,,,3.8,0.2,11
2613966,2006-08-21T13:15:02Z,-38.99,0.0,175.99,0.0,5.0,0.0,ML,,,,2.4,0.2,10
2613987,2006-08-21T14:07:52Z,-40.6,0.0,176.44,0.0,25.0,1.0,ML,,,,2.6,0.2,3
2613988,2006-08-21T14:09:12Z,-40.94,0.0,174.7,0.0,61.0,1.0,ML,,,,2.5,0.2,8
2614012,2006-08-21T15:11:36Z,-39.42,0.0,175.11,0.0,26.0,1.0,ML,,,,2.1,0.2,14
2614028,2006-08-21T15:39:49Z,-40.57,0.0,176.49,0.0,22.0,3.0,ML,,,,2.1,0.1,3
2867041,2006-08-21T15:41:01Z,-40.46,0.0,176.49,0.0,12.0,0.0,ML,,,,2.1,0.0,2
2614032,2006-08-21T15:49:22Z,-40.68,0.0,176.36,0.0,28.0,2.0,ML,,,,2.5,0.1,3
2614052,2006-08-21T16:50:34Z,-41.27,0.0,175.51,0.0,10.0,1.0,ML,,,,2.3,0.2,9
2614071,2006-08-21T18:08:15Z,-38.56,0.0,175.84,0.0,159.0,2.0,Mw,4.6,nan,0,5.4,0.2,25
2614082,2006-08-21T18:38:11Z,-40.64,0.0,174.13,0.0,63.0,3.0,ML,,,,2.5,0.1,2
2614094,2006-08-21T19:11:23Z,-42.44,0.0,172.65,0.0,12.0,0.0,ML,,,,2.8,0.4,6
2614096,2006-08-21T19:16:13Z,-42.46,0.0,172.68,0.0,5.0,0.0,ML,,,,2.8,0.3,10
2614139,2006-08-21T21:47:31Z,-42.43,0.0,172.64,0.0,12.0,0.0,ML,,,,1.9,0.1,3
2614146,2006-08-21T22:15:37Z,-37.2,0.0,177.5,0.0,5.0,0.0,Mw,4.4,nan,0,4.6,0.2,17
2614152,2006-08-21T22:30:49Z,-37.06,0.1,177.44,0.0,12.0,0.0,ML,,,,3.1,0.1,3
2614187,2006-08-22T00:27:59Z,-44.47,0.0,169.28,0.0,5.0,0.0,ML,,,,1.9,0.2,3
2614193,2006-08-22T00:50:29Z,-38.2,0.0,176.22,0.0,156.0,4.0,ML,,,,3.8,0.2,5
2614199,2006-08-22T01:12:02Z,-39.85,0.0,175.13,0.0,67.0,3.0,ML,,,,2.5,0.4,2
2614213,2006-08-22T02:00:40Z,-39.95,0.0,176.35,0.0,43.0,3.0,ML,,,,2.6,0.1,2
2614222,2006-08-22T02:25:15Z,-40.51,0.0,174.45,0.0,30.0,3.0,ML,,,,1.9,0.2,4
2614231,2006-08-22T02:48:20Z,-40.11,0.0,174.97,0.0,27.0,2.0,ML,,,,2.5,0.2,9
2614238,2006-08-22T03:10:27Z,-39.26,0.0,174.83,0.0,30.0,1.0,ML,,,,2.1,0.2,3
2614243,2006-08-22T03:21:50Z,-37.25,0.1,177.47,0.0,5.0,0.0,ML,,,,3.2,0.1,3
2614270,2006-08-22T04:40:18Z,-44.77,0.0,170.5,0.0,5.0,0.0,ML,,,,2.3,0.2,6
2614273,2006-08-22T04:47:51Z,-44.74,0.0,170.6,0.0,5.0,0.0,ML,,,,1.9,0.5,2
2614274,2006-08-22T04:50:11Z,-38.58,0.0,177.82,0.0,54.0,3.0,ML,,,,2.8,0.2,2
2614287,2006-08-22T05:36:57Z,-39.29,0.0,175.88,0.0,62.0,2.0,ML,,,,2.5,0.2,6
2614292,2006-08-22T05:46:26Z,-44.47,0.0,168.28,0.0,5.0,0.0,ML,,,,2.6,0.2,11
2614299,2006-08-22T06:14:38Z,-46.99,0.0,169.7,0.1,33.0,0.0,ML,,,,2.8,0.3,5
2614314,2006-08-22T07:13:16Z,-39.16,0.0,175.37,0.0,13.0,1.0,ML,,,,1.7,0.1,7
2614316,2006-08-22T07:18:47Z,-37.11,0.0,177.45,0.0,12.0,0.0,ML,,,,3.3,0.1,7
2614335,2006-08-22T08:07:01Z,-38.33,0.0,178.88,0.0,12.0,0.0,ML,,,,3.4,0.2,9
2614342,2006-08-22T08:33:59Z,-41.44,0.0,173.13,0.0,83.0,1.0,ML,,,,2.3,0.1,3
2614363,2006-08-22T09:48:06Z,-40.12,0.0,174.97,0.0,27.0,2.0,ML,,,,2.5,0.2,21
2614374,2006-08-22T10:37:37Z,-44.22,0.0,168.34,0.0,5.0,0.0,ML,,,,2.4,0.2,8
2614375,2006-08-22T10:39:39Z,-41.96,0.0,173.3,0.0,12.0,0.0,ML,,,,2.6,0.3,10
2614388,2006-08-22T11:19:49Z,-45.46,0.0,169.68,0.0,5.0,0.0,ML,,,,2.3,0.1,6
2614573,2006-08-22T11:20:08Z,-45.79,0.0,167.24,0.0,12.0,0.0,ML,,,,3.0,0.2,7
2614586,2006-08-22T11:21:20Z,-45.79,0.0,167.22,0.0,12.0,0.0,ML,,,,3.1,0.2,5
2614400,2006-08-22T12:16:33Z,-45.23,0.0,166.95,0.0,12.0,0.0,ML,,,,2.7,0.3,8
2867917,2006-08-22T12:18:17Z,-38.53,0.0,177.92,0.0,12.0,0.0,ML,,,,2.4,0.1,2
2614405,2006-08-22T12:35:54Z,-45.35,0.0,167.02,0.0,47.0,1.0,ML,,,,2.1,0.2,3
2614419,2006-08-22T13:25:42Z,-41.27,0.0,172.61,0.0,204.0,2.0,ML,,,,3.5,0.3,12
2867960,2006-08-22T13:27:33Z,-38.12,0.0,177.13,0.0,59.0,2.0,ML,,,,2.8,0.0,2
2614421,2006-08-22T13:33:08Z,-40.06,0.0,175.09,0.0,27.0,2.0,ML,,,,2.2,0.1,11
2867978,2006-08-22T14:14:08Z,-42.31,0.0,173.04,0.0,5.0,0.0,ML,,,,2.1,0.2,5
2614432,2006-08-22T14:14:35Z,-39.21,0.0,174.74,0.0,211.0,2.0,ML,,,,4.3,0.1,22
2614514,2006-08-22T14:16:50Z,-44.47,0.0,168.27,0.0,12.0,0.0,ML,,,,2.5,0.2,7
2614441,2006-08-22T14:49:33Z,-45.14,0.0,166.78,0.1,12.0,0.0,ML,,,,2.9,0.3,8
2614448,2006-08-22T15:14:49Z,-40.77,0.0,176.22,0.0,30.0,1.0,ML,,,,2.2,0.1,3
2614473,2006-08-22T16:56:15Z,-36.97,0.1,176.83,0.1,300.0,4.0,ML,,,,4.0,0.2,13
2614489,2006-08-22T17:46:32Z,-38.7,0.0,175.58,0.0,150.0,4.0,ML,,,,3.4,0.2,11
2614491,2006-08-22T17:53:14Z,-38.57,0.0,177.11,0.0,48.0,2.0,ML,,,,1.8,0.1,3
2614492,2006-08-22T17:55:11Z,-38.51,0.0,176.69,0.0,59.0,2.0,ML,,,,1.8,0.1,3
2614500,2006-08-22T18:20:27Z,-39.5,0.0,175.71,0.0,15.0,1.0,ML,,,,1.9,0.2,10
2614508,2006-08-22T18:50:32Z,-46.0,0.0,170.34,0.0,5.0,0.0,ML,,,,2.8,0.3,9
2868051,2006-08-22T21:33:38Z,-39.03,0.1,174.73,0.1,184.0,17.0,ML,,,,2.9,0.0,2
2614554,2006-08-22T21:35:18Z,-39.1,0.0,177.46,0.0,26.0,3.0,ML,,,,2.9,0.2,7
2614556,2006-08-22T21:42:42Z,-45.13,0.0,167.03,0.0,12.0,0.0,ML,,,,2.1,0.2,4
2614574,2006-08-22T22:29:59Z,-39.31,0.0,173.93,0.0,22.0,3.0,ML,,,,1.4,0.1,2
2868055,2006-08-22T22:30:50Z,-43.31,0.0,172.9,0.0,33.0,0.0,ML,,,,2.8,0.2,4
2614611,2006-08-23T00:17:30Z,-44.14,0.0,168.7,0.0,5.0,0.0,ML,,,,2.3,0.2,6
2614613,2006-08-23T00:33:04Z,-45.04,0.0,167.41,0.0,99.0,4.0,ML,,,,2.7,0.2,9
2614616,2006-08-23T00:38:45Z,-40.87,0.0,175.14,0.0,31.0,2.0,ML,,,,2.1,0.3,7
2614620,2006-08-23T00:52:41Z,-45.0,0.0,167.52,0.0,102.0,3.0,ML,,,,2.9,0.2,8
2614622,2006-08-23T00:59:39Z,-39.35,0.0,175.74,0.0,69.0,4.0,ML,,,,2.4,0.2,4
2614623,2006-08-23T01:07:01Z,-44.36,0.0,170.03,0.0,11.0,2.0,ML,,,,2.8,0.2,10
2614635,2006-08-23T01:43:40Z,-40.03,0.0,176.65,0.0,40.0,5.0,ML,,,,2.6,0.2,5
2868014,2006-08-23T01:43:50Z,-37.67,0.1,176.11,0.2,226.0,9.0,ML,,,,3.5,0.2,5
2614661,2006-08-23T02:51:57Z,-39.01,0.1,174.77,0.1,208.0,17.0,ML,,,,3.1,0.2,5
2614688,2006-08-23T04:28:21Z,-41.53,0.0,173.33,0.0,61.0,2.0,ML,,,,2.3,0.3,6
2614691,2006-08-23T04:35:54Z,-42.11,0.0,173.17,0.0,9.0,2.0,ML,,,,2.7,0.3,9
2614697,2006-08-23T04:53:47Z,-40.04,0.0,176.6,0.0,30.0,2.0,ML,,,,2.3,0.3,6
2615044,2006-08-23T04:55:29Z,-45.24,0.0,167.06,0.0,12.0,0.0,ML,,,,2.8,0.2,8
2614710,2006-08-23T05:32:24Z,-39.11,0.1,175.48,0.2,5.0,0.0,ML,,,,2.1,0.4,3
2614721,2006-08-23T06:14:52Z,-41.6,0.0,174.66,0.0,29.0,1.0,ML,,,,2.4,0.2,13
2614731,2006-08-23T06:51:34Z,-45.22,0.0,167.06,0.0,12.0,0.0,ML,,,,3.1,0.1,5
2614736,2006-08-23T06:59:17Z,-41.29,0.0,175.27,0.0,28.0,1.0,ML,,,,2.2,0.1,9
2614739,2006-08-23T07:08:42Z,-39.37,0.0,175.52,0.0,16.0,1.0,ML,,,,1.8,0.1,5
2868406,2006-08-23T07:09:02Z,-39.38,0.0,175.5,0.0,18.0,1.0,ML,,,,1.3,0.2,8
2614741,2006-08-23T07:12:45Z,-39.93,0.0,176.82,0.0,42.0,4.0,ML,,,,2.4,0.2,6
2614747,2006-08-23T07:13:26Z,-39.39,0.0,175.5,0.0,16.0,3.0,ML,,,,1.4,0.2,11
2614749,2006-08-23T07:30:46Z,-39.38,0.0,175.51,0.0,12.0,0.0,ML,,,,1.7,0.2,18
2868410,2006-08-23T07:31:21Z,-39.38,0.0,175.51,0.0,17.0,1.0,ML,,,,1.4,0.2,8
2614754,2006-08-23T07:46:36Z,-41.11,0.0,175.94,0.0,19.0,3.0,ML,,,,1.7,0.0,2
2614756,2006-08-23T07:57:10Z,-40.14,0.0,176.95,0.0,21.0,1.0,ML,,,,2.3,0.3,4
2868037,2006-08-23T08:00:11Z,-44.57,0.0,168.59,0.0,5.0,0.0,ML,,,,2.0,0.2,8
2614766,2006-08-23T08:32:57Z,-39.38,0.0,175.51,0.0,16.0,1.0,ML,,,,1.8,0.1,6
2614767,2006-08-23T08:35:34Z,-39.36,0.0,175.49,0.0,14.0,1.0,ML,,,,2.0,0.1,11
2868041,2006-08-23T08:36:44Z,-43.04,0.0,171.42,0.0,5.0,0.0,ML,,,,2.1,0.2,6
2614768,2006-08-23T08:38:27Z,-37.14,0.0,177.48,0.0,12.0,0.0,ML,,,,3.5,0.2,6
2614784,2006-08-23T08:39:03Z,-39.37,0.0,175.51,0.0,15.0,1.0,ML,,,,1.8,0.2,16
2614770,2006-08-23T08:44:04Z,-39.38,0.0,175.5,0.0,17.0,1.0,ML,,,,1.5,0.2,8
2868399,2006-08-23T08:45:48Z,-37.45,0.0,177.31,0.0,14.0,0.0,ML,,,,2.3,0.3,3
2614771,2006-08-23T08:46:31Z,-39.32,0.0,175.46,0.0,14.0,3.0,ML,,,,1.1,0.3,3
2614778,2006-08-23T09:02:59Z,-39.52,0.0,175.73,0.0,17.0,1.0,ML,,,,1.9,0.2,13
2614790,2006-08-23T09:36:44Z,-41.52,0.0,174.46,0.0,21.0,2.0,ML,,,,1.9,0.1,9
2614791,2006-08-23T09:38:16Z,-39.36,0.0,175.5,0.0,14.0,1.0,ML,,,,1.9,0.1,8
2614797,2006-08-23T09:56:33Z,-45.07,0.0,167.51,0.0,66.0,4.0,ML,,,,1.9,0.2,4
2614799,2006-08-23T10:07:55Z,-41.92,0.0,173.97,0.0,20.0,2.0,ML,,,,2.7,0.0,4
2614807,2006-08-23T10:33:01Z,-40.38,0.0,176.19,0.0,30.0,2.0,ML,,,,2.5,0.2,17
2614816,2006-08-23T10:58:00Z,-40.0,0.0,176.63,0.0,28.0,3.0,ML,,,,2.3,0.2,9
2614823,2006-08-23T11:17:08Z,-40.48,0.0,177.51,0.0,33.0,0.0,ML,,,,3.1,0.3,16
2614834,2006-08-23T11:49:32Z,-39.65,0.0,177.62,0.0,49.0,4.0,ML,,,,2.4,0.1,5
2614835,2006-08-23T11:55:00Z,-39.36,0.0,175.52,0.0,12.0,1.0,ML,,,,2.7,0.2,22
2614837,2006-08-23T12:00:04Z,-39.38,0.0,175.5,0.0,17.0,1.0,ML,,,,1.5,0.2,11
2614838,2006-08-23T12:03:45Z,-39.38,0.0,175.5,0.0,16.0,2.0,ML,,,,1.8,0.2,16
2614839,2006-08-23T12:05:27Z,-39.67,0.0,176.16,0.0,29.0,1.0,ML,,,,1.9,0.1,9
2614840,2006-08-23T12:06:54Z,-39.36,0.0,175.51,0.0,14.0,1.0,ML,,,,2.2,0.2,12
2615096,2006-08-23T12:08:38Z,-45.28,0.0,166.97,0.0,12.0,0.0,ML,,,,2.3,0.2,7
2614841,2006-08-23T12:10:46Z,-44.95,0.0,167.56,0.0,82.0,3.0,ML,,,,2.4,0.2,8
2614844,2006-08-23T12:17:36Z,-38.07,0.0,178.42,0.0,10.0,1.0,ML,,,,2.8,0.2,4
2614868,2006-08-23T13:36:14Z,-45.08,0.0,167.41,0.0,91.0,2.0,ML,,,,3.4,0.1,7
2877479,2006-08-23T13:37:10Z,-39.82,0.0,177.01,0.0,53.0,3.0,ML,,,,2.5,0.2,6
2614876,2006-08-23T13:49:44Z,-39.64,0.0,174.51,0.0,130.0,2.0,ML,,,,2.8,0.2,11
2614878,2006-08-23T13:56:35Z,-39.37,0.0,175.5,0.0,12.0,0.0,ML,,,,2.0,0.2,12
2614883,2006-08-23T14:14:58Z,-37.11,0.0,177.45,0.0,12.0,0.0,ML,,,,2.5,0.2,4
2614889,2006-08-23T14:42:03Z,-39.52,0.0,177.18,0.0,5.0,0.0,ML,,,,2.4,0.2,8
2614908,2006-08-23T15:49:52Z,-39.36,0.0,175.51,0.0,14.0,1.0,ML,,,,1.8,0.1,5
2614926,2006-08-23T16:39:06Z,-36.76,0.0,177.56,0.0,181.0,3.0,ML,,,,2.4,0.2,3
2614929,2006-08-23T16:47:27Z,-40.27,0.0,173.54,0.0,176.0,3.0,ML,,,,3.1,0.2,10
2614930,2006-08-23T16:49:24Z,-38.66,0.0,178.11,0.0,30.0,3.0,ML,,,,2.1,0.3,2
2614933,2006-08-23T16:57:24Z,-41.37,0.0,173.05,0.0,87.0,3.0,ML,,,,2.5,0.3,6
2614943,2006-08-23T17:35:10Z,-39.51,0.0,175.65,0.0,61.0,2.0,ML,,,,1.9,0.2,2
2877851,2006-08-23T19:14:40Z,-44.51,0.0,168.77,0.0,5.0,0.0,ML,,,,1.6,0.2,5
2614979,2006-08-23T19:15:18Z,-44.53,0.0,168.36,0.0,5.0,0.0,ML,,,,3.1,0.1,6
2614981,2006-08-23T19:27:07Z,-37.57,0.0,177.34,0.0,109.0,2.0,ML,,,,2.7,0.1,3
2614985,2006-08-23T19:37:17Z,-39.08,0.0,177.55,0.0,62.0,1.0,ML,,,,2.1,0.0,3
2614988,2006-08-23T19:47:39Z,-40.48,0.0,173.69,0.0,112.0,3.0,ML,,,,3.1,0.2,13
2614993,2006-08-23T20:01:04Z,-38.46,0.1,176.24,0.1,168.0,5.0,ML,,,,2.9,0.2,5
2615000,2006-08-23T20:29:55Z,-44.07,0.0,171.13,0.0,5.0,0.0,ML,,,,2.1,0.2,6
2615012,2006-08-23T21:21:19Z,-45.24,0.0,167.05,0.0,24.0,2.0,ML,,,,2.0,0.1,2
2615015,2006-08-23T21:31:18Z,-39.31,0.0,173.94,0.0,25.0,2.0,ML,,,,1.6,0.1,4
2615016,2006-08-23T21:34:31Z,-42.24,0.0,173.2,0.0,12.0,0.0,ML,,,,2.5,0.3,11
2615017,2006-08-23T21:37:13Z,-41.31,0.0,175.19,0.0,32.0,1.0,ML,,,,2.1,0.2,2
2877952,2006-08-23T21:38:16Z,-44.63,0.0,168.35,0.0,5.0,0.0,ML,,,,2.0,0.2,4
2615031,2006-08-23T22:23:04Z,-41.26,0.0,172.56,0.0,5.0,0.0,ML,,,,2.3,0.3,5
2615036,2006-08-23T22:40:55Z,-45.25,0.0,167.09,0.0,12.0,0.0,ML,,,,2.4,0.2,5
2615038,2006-08-23T22:49:45Z,-39.31,0.0,175.14,0.0,31.0,1.0,ML,,,,2.4,0.2,9
2615046,2006-08-23T23:16:21Z,-37.22,0.0,177.5,0.0,86.0,7.0,ML,,,,2.8,0.1,4
2615062,2006-08-24T00:17:01Z,-39.38,0.0,175.39,0.0,14.0,1.0,ML,,,,1.5,0.2,5
2615069,2006-08-24T00:39:04Z,-41.48,0.0,173.61,0.0,86.0,2.0,ML,,,,2.8,0.1,8
2615071,2006-08-24T00:46:33Z,-41.25,0.0,172.54,0.0,5.0,0.0,ML,,,,2.9,0.2,7
2615085,2006-08-24T01:40:42Z,-40.93,0.0,176.94,0.0,33.0,0.0,ML,,,,2.9,0.2,4
2615099,2006-08-24T02:25:16Z,-37.22,0.1,177.31,0.0,126.0,6.0,ML,,,,3.3,0.2,6
2615102,2006-08-24T02:38:03Z,-38.46,0.0,178.59,0.0,26.0,3.0,ML,,,,2.5,0.2,3
2615105,2006-08-24T02:45:18Z,-38.25,0.0,176.4,0.0,5.0,0.0,ML,,,,1.6,0.1,1
2615116,2006-08-24T03:17:37Z,-38.34,0.0,178.88,0.0,12.0,0.0,ML,,,,2.5,0.1,3
2615125,2006-08-24T03:43:37Z,-43.95,0.0,170.59,0.0,5.0,0.0,ML,,,,2.3,0.2,6
2615199,2006-08-24T03:46:39Z,-38.37,0.0,178.94,0.0,12.0,0.0,ML,,,,2.7,0.1,3
2615138,2006-08-24T04:22:52Z,-39.73,0.0,176.81,0.0,41.0,2.0,ML,,,,3.7,0.3,6
2615150,2006-08-24T05:02:52Z,-40.63,0.0,174.03,0.0,83.0,3.0,ML,,,,2.6,0.3,5
2615155,2006-08-24T05:20:04Z,-38.47,0.0,175.91,0.0,136.0,3.0,ML,,,,3.7,0.1,5
2615159,2006-08-24T05:34:36Z,-40.61,0.0,173.98,0.0,12.0,0.0,ML,,,,2.6,0.2,11
2615191,2006-08-24T06:57:53Z,-40.35,0.0,174.51,0.0,67.0,5.0,ML,,,,2.1,0.3,2
2615195,2006-08-24T07:14:54Z,-39.74,0.0,176.86,0.0,48.0,2.0,ML,,,,2.5,0.2,5
2615208,2006-08-24T08:01:24Z,-40.44,0.0,176.12,0.0,44.0,1.0,ML,,,,2.8,0.2,8
2615240,2006-08-24T09:44:15Z,-45.76,0.0,166.63,0.1,12.0,0.0,ML,,,,2.4,0.1,5
2615247,2006-08-24T10:03:53Z,-39.66,0.0,176.83,0.0,49.0,4.0,ML,,,,1.9,0.1,2
2868521,2006-08-24T10:04:43Z,-38.83,0.0,176.45,0.0,54.0,2.0,ML,,,,2.5,0.2,3
2615260,2006-08-24T10:50:42Z,-39.18,0.0,175.04,0.0,27.0,2.0,ML,,,,2.4,0.1,8
2615270,2006-08-24T11:16:20Z,-38.98,0.0,174.69,0.0,187.0,8.0,ML,,,,2.9,0.2,4
2615285,2006-08-24T11:59:20Z,-41.62,0.0,174.36,0.0,12.0,0.0,ML,,,,2.0,0.1,6
2615295,2006-08-24T12:24:27Z,-38.35,0.0,175.97,0.1,152.0,5.0,ML,,,,3.3,0.1,7
2615300,2006-08-24T12:42:07Z,-41.25,0.0,173.63,0.0,66.0,3.0,ML,,,,2.2,0.0,2
2615328,2006-08-24T13:52:00Z,-38.53,0.0,177.88,0.0,32.0,2.0,ML,,,,2.0,0.1,3
2615344,2006-08-24T14:36:34Z,-40.97,0.0,177.03,0.0,33.0,0.0,ML,,,,3.2,0.2,6
2615353,2006-08-24T15:06:04Z,-45.26,0.0,167.39,0.1,69.0,6.0,ML,,,,1.9,0.1,2
2615354,2006-08-24T15:13:17Z,-40.31,0.0,176.57,0.0,32.0,4.0,ML,,,,2.1,0.2,3
2615368,2006-08-24T15:46:52Z,-36.69,0.1,178.4,0.1,73.0,5.0,ML,,,,4.0,0.1,4
2615390,2006-08-24T17:01:02Z,-45.39,0.0,167.17,0.0,58.0,2.0,ML,,,,2.2,0.2,7
2615422,2006-08-24T19:01:17Z,-37.69,0.0,177.17,0.0,122.0,2.0,ML,,,,3.5,0.3,13
2615428,2006-08-24T19:23:58Z,-39.27,0.0,173.85,0.0,20.0,1.0,ML,,,,2.5,0.2,10
2615437,2006-08-24T19:56:25Z,-40.47,0.0,174.74,0.0,5.0,0.0,ML,,,,1.9,0.1,5
2615441,2006-08-24T20:09:31Z,-39.3,0.0,173.87,0.0,22.0,1.0,ML,,,,2.5,0.1,4
2615445,2006-08-24T20:22:10Z,-41.77,0.0,173.77,0.0,16.0,1.0,ML,,,,2.9,0.2,10
2615449,2006-08-24T20:33:35Z,-44.9,0.0,170.57,0.0,5.0,0.0,ML,,,,2.6,0.2,8
2615465,2006-08-24T21:11:20Z,-39.03,0.0,175.52,0.0,129.0,2.0,ML,,,,3.2,0.2,8
2615468,2006-08-24T21:22:56Z,-39.23,0.0,175.43,0.0,13.0,1.0,ML,,,,1.7,0.1,8
2870597,2006-08-24T23:07:08Z,-40.41,0.0,174.27,0.0,68.0,4.0,ML,,,,2.4,0.1,5
2615503,2006-08-24T23:07:38Z,-39.45,0.0,175.04,0.0,27.0,1.0,ML,,,,2.9,0.2,20
2615510,2006-08-24T23:29:10Z,-41.17,0.0,173.73,0.0,59.0,2.0,ML,,,,2.5,0.2,6
2615514,2006-08-24T23:40:56Z,-45.11,0.0,167.17,0.0,12.0,0.0,ML,,,,2.4,0.1,7
2615533,2006-08-25T00:24:36Z,-39.24,0.0,175.43,0.0,14.0,1.0,ML,,,,1.8,0.1,9
2615541,2006-08-25T00:48:47Z,-40.6,0.0,175.85,0.0,32.0,1.0,ML,,,,2.5,0.2,8
2615580,2006-08-25T02:52:12Z,-45.52,0.0,167.36,0.0,15.0,3.0,ML,,,,2.1,0.1,4
2615582,2006-08-25T02:57:25Z,-45.5,0.0,167.37,0.0,11.0,3.0,ML,,,,3.2,0.1,10
2615590,2006-08-25T03:25:45Z,-42.26,0.0,173.0,0.0,56.0,6.0,ML,,,,2.0,nan,1
2615596,2006-08-25T03:40:09Z,-38.63,0.0,176.44,0.0,102.0,2.0,ML,,,,3.7,0.1,8
2615602,2006-08-25T04:02:09Z,-39.37,0.0,175.5,0.0,13.0,1.0,ML,,,,1.5,0.3,3
2615634,2006-08-25T05:30:07Z,-42.0,0.0,174.88,0.0,35.0,5.0,ML,,,,3.1,0.2,14
2615637,2006-08-25T05:39:39Z,-39.65,0.0,176.24,0.0,31.0,3.0,ML,,,,2.5,0.1,8
2615638,2006-08-25T05:41:23Z,-39.24,0.0,175.43,0.0,13.0,1.0,ML,,,,1.4,0.1,6
2615643,2006-08-25T05:57:07Z,-40.36,0.0,178.7,0.1,33.0,0.0,ML,,,,2.9,0.3,4
2615646,2006-08-25T06:13:51Z,-45.59,0.0,167.5,0.0,20.0,2.0,ML,,,,1.8,0.1,3
2615655,2006-08-25T06:45:24Z,-44.19,0.0,168.5,0.0,5.0,0.0,ML,,,,2.5,0.2,10
2615659,2006-08-25T06:57:45Z,-38.62,0.0,178.0,0.0,30.0,3.0,ML,,,,2.1,0.0,2
2615661,2006-08-25T07:09:13Z,-39.22,0.0,174.98,0.0,12.0,0.0,ML,,,,2.1,0.2,18
2871175,2006-08-25T07:10:22Z,-41.71,0.0,172.2,0.0,92.0,4.0,ML,,,,1.8,nan,1
2615666,2006-08-25T07:20:04Z,-42.47,0.0,172.68,0.0,12.0,0.0,ML,,,,2.5,0.2,7
2615680,2006-08-25T08:03:28Z,-44.12,0.0,168.26,0.0,5.0,0.0,ML,,,,1.9,0.2,4
2615692,2006-08-25T08:50:44Z,-38.28,0.0,176.14,0.0,150.0,5.0,ML,,,,3.2,0.2,10
2615698,2006-08-25T09:12:26Z,-40.26,0.0,174.5,0.0,12.0,0.0,ML,,,,2.1,0.2,7
2615700,2006-08-25T09:17:15Z,-39.98,0.0,173.21,0.0,12.0,0.0,ML,,,,2.2,0.1,5
2615708,2006-08-25T09:56:48Z,-41.77,0.0,173.76,0.0,13.0,2.0,ML,,,,2.1,0.1,11
2615709,2006-08-25T10:01:35Z,-40.77,0.0,174.07,0.0,61.0,2.0,ML,,,,2.2,0.1,6
2615725,2006-08-25T10:54:50Z,-44.47,0.0,168.3,0.0,5.0,0.0,ML,,,,1.9,0.2,6
2615727,2006-08-25T10:58:17Z,-38.58,0.0,177.66,0.0,51.0,6.0,ML,,,,2.7,0.2,4
2615752,2006-08-25T12:16:11Z,-38.02,0.0,176.32,0.1,156.0,4.0,ML,,,,3.4,0.2,11
2615758,2006-08-25T12:33:12Z,-39.31,0.0,173.69,0.0,12.0,0.0,ML,,,,2.1,0.2,4
2877524,2006-08-25T12:34:09Z,-40.44,0.0,175.5,0.0,37.0,4.0,ML,,,,2.3,0.2,6
2615762,2006-08-25T12:46:49Z,-39.69,0.0,174.71,0.0,141.0,2.0,ML,,,,3.5,0.2,10
2615785,2006-08-25T13:46:53Z,-35.86,0.1,178.8,0.1,277.0,6.0,ML,,,,3.4,0.2,7
2615803,2006-08-25T14:41:07Z,-39.51,0.0,175.69,0.0,13.0,0.0,ML,,,,2.1,0.2,9
2615808,2006-08-25T15:06:23Z,-45.77,0.0,170.22,0.0,5.0,0.0,ML,,,,1.8,0.1,3
2615812,2006-08-25T15:21:05Z,-37.96,0.0,176.08,0.1,176.0,5.0,ML,,,,3.1,0.2,6
2615816,2006-08-25T15:30:17Z,-40.62,0.0,175.75,0.0,28.0,2.0,ML,,,,2.7,0.2,13
2615828,2006-08-25T16:02:38Z,-38.54,0.0,176.08,0.0,135.0,3.0,ML,,,,3.1,0.3,11
2615846,2006-08-25T16:55:34Z,-47.35,0.1,165.8,0.1,33.0,0.0,ML,,,,2.5,0.3,2
2615856,2006-08-25T17:21:01Z,-40.11,0.0,176.68,0.0,51.0,2.0,ML,,,,2.4,0.3,2
2615861,2006-08-25T17:34:10Z,-41.42,0.0,174.92,0.0,17.0,0.0,ML,,,,1.8,0.1,5
2615874,2006-08-25T18:15:45Z,-42.02,0.0,171.68,0.0,5.0,0.0,ML,,,,2.5,0.2,6
2877542,2006-08-25T18:16:57Z,-37.77,0.0,177.02,0.0,126.0,2.0,ML,,,,2.9,0.0,3
2615888,2006-08-25T18:50:52Z,-44.63,0.0,168.44,0.1,5.0,0.0,ML,,,,1.8,0.2,4
2615890,2006-08-25T19:02:50Z,-44.2,0.0,168.66,0.0,5.0,0.0,ML,,,,2.8,0.2,11
2615902,2006-08-25T19:44:25Z,-45.79,0.0,170.23,0.0,12.0,0.0,ML,,,,1.5,0.0,2
2615935,2006-08-25T21:32:32Z,-43.6,0.0,170.62,0.0,5.0,0.0,ML,,,,3.6,0.2,12
2615988,2006-08-26T00:33:55Z,-39.11,0.0,175.67,0.0,5.0,0.0,ML,,,,1.9,0.2,7
2616005,2006-08-26T01:13:55Z,-45.32,0.0,167.04,0.0,65.0,2.0,ML,,,,2.7,0.3,8
2616034,2006-08-26T02:25:51Z,-41.27,0.0,174.47,0.0,35.0,1.0,ML,,,,2.1,0.2,5
2616045,2006-08-26T02:43:28Z,-45.16,0.0,170.61,0.0,5.0,0.0,ML,,,,2.3,0.2,5
2616049,2006-08-26T02:56:17Z,-39.37,0.0,175.55,0.0,16.0,1.0,ML,,,,1.8,0.2,7
2616089,2006-08-26T04:41:04Z,-40.85,0.0,176.1,0.0,24.0,3.0,ML,,,,2.3,0.1,5
2616091,2006-08-26T04:44:58Z,-40.55,0.0,176.33,0.0,28.0,2.0,ML,,,,2.5,0.2,6
2616101,2006-08-26T05:06:21Z,-43.06,0.0,173.5,0.0,33.0,0.0,ML,,,,3.0,0.2,10
2616118,2006-08-26T06:04:42Z,-39.28,0.0,175.56,0.0,0.0,0.0,ML,,,,1.6,0.5,2
2616124,2006-08-26T06:20:17Z,-41.09,0.0,175.06,0.0,28.0,1.0,ML,,,,2.1,0.1,3
2616138,2006-08-26T07:10:38Z,-40.35,0.0,174.4,0.0,98.0,3.0,ML,,,,3.7,0.2,17
2616142,2006-08-26T07:21:27Z,-38.7,0.0,176.77,0.0,51.0,2.0,ML,,,,3.2,0.2,8
2616145,2006-08-26T07:40:23Z,-40.02,0.0,176.83,0.1,41.0,5.0,ML,,,,2.7,0.2,4
2616157,2006-08-26T08:28:22Z,-44.73,0.0,167.91,0.0,98.0,5.0,ML,,,,2.8,0.2,10
2616160,2006-08-26T08:47:45Z,-45.0,0.0,167.61,0.0,99.0,4.0,ML,,,,2.3,0.2,3
2616182,2006-08-26T10:17:05Z,-38.34,0.0,176.42,0.0,64.0,2.0,ML,,,,2.1,0.1,3
2616186,2006-08-26T10:32:25Z,-41.09,0.0,174.83,0.0,33.0,1.0,ML,,,,2.5,0.1,6
2879486,2006-08-26T10:32:55Z,-41.59,0.0,172.24,0.0,5.0,0.0,ML,,,,2.0,0.1,3
2879487,2006-08-26T10:34:03Z,-38.92,0.0,177.98,0.1,29.0,4.0,ML,,,,2.0,0.2,2
2616192,2006-08-26T10:49:24Z,-40.99,0.0,172.42,0.0,11.0,2.0,ML,,,,2.0,0.4,4
2616193,2006-08-26T10:55:25Z,-45.18,0.0,167.14,0.1,31.0,3.0,ML,,,,3.2,0.1,4
2880816,2006-08-26T10:56:11Z,-45.2,0.0,167.03,0.0,39.0,3.0,ML,,,,2.2,0.2,4
2616198,2006-08-26T11:10:26Z,-39.35,0.0,175.52,0.0,12.0,1.0,ML,,,,3.1,0.2,26
2880810,2006-08-26T11:11:07Z,-39.38,0.0,175.5,0.0,16.0,1.0,ML,,,,2.4,0.2,11
2616207,2006-08-26T11:47:23Z,-40.56,0.0,173.58,0.0,99.0,3.0,ML,,,,2.3,nan,1
2616208,2006-08-26T11:51:39Z,-39.28,0.0,175.56,0.0,0.0,0.0,ML,,,,1.3,0.6,4
2616210,2006-08-26T11:58:09Z,-41.34,0.0,175.71,0.0,22.0,1.0,ML,,,,2.9,0.1,13
2616211,2006-08-26T12:01:50Z,-41.54,0.0,173.62,0.0,49.0,3.0,ML,,,,2.3,0.2,4
2616213,2006-08-26T12:08:20Z,-39.38,0.0,175.51,0.0,16.0,2.0,ML,,,,1.7,0.2,8
2616240,2006-08-26T13:23:47Z,-38.7,0.0,177.19,0.0,33.0,0.0,ML,,,,2.9,0.3,4
2616244,2006-08-26T13:31:03Z,-36.33,0.2,178.26,0.2,236.0,9.0,ML,,,,3.5,0.2,9
2616245,2006-08-26T13:35:29Z,-38.64,0.1,175.9,0.1,159.0,7.0,ML,,,,2.8,0.2,5
2616249,2006-08-26T13:44:50Z,-40.93,0.0,174.67,0.0,60.0,3.0,ML,,,,2.0,0.2,5
2616255,2006-08-26T14:04:29Z,-39.29,0.0,177.38,0.0,47.0,4.0,ML,,,,2.2,0.3,2
2616257,2006-08-26T14:08:24Z,-39.17,0.0,175.05,0.0,29.0,1.0,ML,,,,2.3,0.1,5
2616258,2006-08-26T14:09:46Z,-39.26,0.0,177.39,0.0,54.0,6.0,ML,,,,2.0,0.2,2
2616261,2006-08-26T14:17:52Z,-39.4,0.0,176.97,0.0,12.0,0.0,ML,,,,2.6,0.2,10
2616275,2006-08-26T15:08:50Z,-40.83,0.0,174.78,0.0,49.0,1.0,ML,,,,2.0,0.0,4
2616282,2006-08-26T15:36:23Z,-36.78,0.0,177.19,0.1,234.0,3.0,ML,,,,3.0,0.1,4
2616286,2006-08-26T15:49:35Z,-44.47,0.0,168.62,0.0,5.0,0.0,ML,,,,2.0,0.2,8
2616295,2006-08-26T16:39:41Z,-39.28,0.0,177.81,0.0,28.0,1.0,ML,,,,2.0,0.3,2
2616296,2006-08-26T16:43:00Z,-37.14,0.0,177.43,0.0,5.0,0.0,ML,,,,3.7,0.1,5
2880907,2006-08-26T16:44:27Z,-42.03,0.0,171.68,0.0,5.0,0.0,ML,,,,2.0,0.2,4
2616302,2006-08-26T17:13:02Z,-45.25,0.0,167.05,0.0,18.0,3.0,ML,,,,2.2,0.1,7
2616330,2006-08-26T18:59:48Z,-42.47,0.0,172.76,0.0,5.0,0.0,ML,,,,2.2,0.2,3
2616366,2006-08-26T21:16:29Z,-36.79,0.2,176.35,0.3,307.0,15.0,ML,,,,3.4,0.0,4
2616383,2006-08-26T22:20:08Z,-37.88,0.0,176.16,0.0,196.0,3.0,ML,,,,3.1,0.2,4
2616391,2006-08-26T22:47:12Z,-36.99,0.0,177.71,0.0,132.0,4.0,ML,,,,4.5,0.2,21
2616404,2006-08-26T23:34:51Z,-45.06,0.0,167.46,0.0,129.0,3.0,ML,,,,3.6,0.1,9
2616410,2006-08-26T23:59:03Z,-37.93,0.0,176.37,0.0,157.0,3.0,ML,,,,3.6,0.2,19
2616411,2006-08-27T00:01:13Z,-38.85,0.0,175.2,0.0,212.0,2.0,ML,,,,4.6,0.2,24
2616415,2006-08-27T00:14:43Z,-45.15,0.0,167.35,0.0,77.0,2.0,ML,,,,2.4,0.1,5
2616428,2006-08-27T00:51:05Z,-38.59,0.0,176.62,0.0,61.0,1.0,ML,,,,2.5,0.2,3
2616434,2006-08-27T01:11:33Z,-42.27,0.0,172.51,0.0,5.0,0.0,ML,,,,2.0,0.2,4
2616442,2006-08-27T01:29:21Z,-39.38,0.0,175.52,0.0,18.0,2.0,ML,,,,1.7,0.1,7
2616448,2006-08-27T01:46:39Z,-45.46,0.0,167.26,0.0,12.0,2.0,ML,,,,3.1,0.2,5
2616468,2006-08-27T03:00:29Z,-46.79,0.1,165.53,0.1,33.0,0.0,ML,,,,3.1,0.2,8
2616473,2006-08-27T03:15:16Z,-38.52,0.0,176.73,0.0,62.0,4.0,ML,,,,2.7,0.1,3
2616475,2006-08-27T03:22:25Z,-42.23,0.0,173.91,0.0,19.0,1.0,ML,,,,2.1,0.1,4
2616480,2006-08-27T03:43:00Z,-39.22,0.0,174.94,0.1,209.0,4.0,ML,,,,3.1,0.1,8
2616493,2006-08-27T04:32:17Z,-38.21,0.0,176.79,0.0,5.0,0.0,ML,,,,1.4,0.2,2
2616495,2006-08-27T04:41:05Z,-39.35,0.0,175.51,0.0,14.0,1.0,ML,,,,2.0,0.1,10
2616519,2006-08-27T05:50:03Z,-39.37,0.1,174.85,0.0,33.0,7.0,ML,,,,1.9,0.1,5
2616520,2006-08-27T05:53:24Z,-41.68,0.0,171.86,0.0,5.0,0.0,ML,,,,2.0,0.2,4
2616525,2006-08-27T06:08:54Z,-42.32,0.0,172.84,0.0,5.0,0.0,ML,,,,1.5,0.1,3
2616532,2006-08-27T06:32:41Z,-46.08,0.0,168.02,0.0,19.0,1.0,ML,,,,3.5,0.3,8
2616537,2006-08-27T06:47:07Z,-40.95,0.0,172.95,0.0,209.0,3.0,ML,,,,3.0,0.2,7
2616543,2006-08-27T06:57:30Z,-38.49,0.0,175.74,0.0,156.0,2.0,ML,,,,4.0,0.2,14
2616545,2006-08-27T07:02:04Z,-38.28,0.0,176.35,0.0,5.0,0.0,ML,,,,2.3,0.2,2
2616546,2006-08-27T07:07:23Z,-38.3,0.0,176.36,0.0,5.0,0.0,ML,,,,1.6,0.2,1
2616547,2006-08-27T07:11:11Z,-42.47,0.0,173.63,0.0,7.0,1.0,ML,,,,2.0,0.2,3
2616548,2006-08-27T07:15:05Z,-44.15,0.0,168.78,0.1,5.0,0.0,ML,,,,2.1,0.2,7
2616549,2006-08-27T07:17:52Z,-40.33,0.0,176.08,0.0,57.0,2.0,ML,,,,2.1,0.2,3
2616560,2006-08-27T07:57:57Z,-39.37,0.0,175.49,0.0,14.0,1.0,ML,,,,1.7,0.2,12
2616573,2006-08-27T08:51:21Z,-47.42,0.0,164.8,0.0,33.0,0.0,ML,,,,2.8,0.3,4
2616578,2006-08-27T09:06:48Z,-39.38,0.0,177.59,0.0,32.0,2.0,ML,,,,2.5,0.2,5
2616598,2006-08-27T10:15:17Z,-40.56,0.0,174.1,0.0,67.0,3.0,ML,,,,2.2,0.2,5
2616617,2006-08-27T11:18:46Z,-36.35,0.0,178.42,0.1,12.0,0.0,ML,,,,3.0,0.2,4
2874041,2006-08-27T12:03:43Z,-42.05,0.0,173.81,0.0,12.0,0.0,ML,,,,2.0,0.3,8
2616631,2006-08-27T12:32:02Z,-41.46,0.0,174.21,0.0,20.0,1.0,ML,,,,2.9,0.1,15
2616632,2006-08-27T12:42:56Z,-37.06,0.0,178.7,0.1,5.0,0.0,ML,,,,3.0,0.2,5
2616633,2006-08-27T12:48:50Z,-38.71,0.0,177.98,0.0,12.0,0.0,ML,,,,2.0,0.1,3
2616636,2006-08-27T12:59:46Z,-40.43,0.0,175.9,0.0,33.0,4.0,ML,,,,1.9,0.1,3
2616639,2006-08-27T13:07:26Z,-41.76,0.0,173.77,0.0,14.0,1.0,ML,,,,2.6,0.1,4
2616647,2006-08-27T13:40:32Z,-44.94,0.0,167.56,0.1,94.0,5.0,ML,,,,2.1,0.1,5
2616650,2006-08-27T13:46:36Z,-38.85,0.0,178.38,0.0,33.0,0.0,ML,,,,2.6,0.2,6
2616661,2006-08-27T14:20:36Z,-39.38,0.0,175.51,0.0,18.0,1.0,ML,,,,1.5,0.1,8
2616666,2006-08-27T14:33:51Z,-39.32,0.0,173.94,0.0,33.0,0.0,ML,,,,1.4,0.2,3
2616667,2006-08-27T14:36:12Z,-42.38,0.0,171.28,0.0,5.0,0.0,ML,,,,2.2,0.2,6
2616669,2006-08-27T14:47:12Z,-40.97,0.0,175.57,0.0,25.0,1.0,ML,,,,1.9,0.2,4
2616677,2006-08-27T15:17:24Z,-45.13,0.0,167.42,0.0,108.0,2.0,ML,,,,2.6,0.2,9
2874156,2006-08-27T15:18:36Z,-38.58,0.0,177.95,0.0,27.0,2.0,ML,,,,2.5,0.3,5
2616681,2006-08-27T15:29:32Z,-37.85,0.0,176.93,0.0,5.0,0.0,ML,,,,2.2,0.0,3
2874165,2006-08-27T15:30:10Z,-40.62,0.0,173.96,0.0,12.0,0.0,ML,,,,2.6,0.2,30
2616687,2006-08-27T15:47:09Z,-40.49,0.0,175.76,0.0,30.0,6.0,ML,,,,1.9,0.2,4
2874572,2006-08-27T16:06:36Z,-41.91,0.0,173.97,0.0,16.0,2.0,ML,,,,2.1,0.1,8
2874586,2006-08-27T16:26:54Z,-39.61,0.1,174.91,0.1,93.0,3.0,ML,,,,2.0,nan,1
2616697,2006-08-27T16:27:01Z,-41.98,0.0,173.69,0.0,5.0,0.0,ML,,,,2.0,0.0,4
2616699,2006-08-27T16:34:47Z,-39.36,0.0,175.51,0.0,13.0,1.0,ML,,,,2.2,0.2,14
2616700,2006-08-27T16:36:59Z,-39.38,0.0,175.51,0.0,17.0,1.0,ML,,,,1.4,0.2,8
2616701,2006-08-27T16:40:25Z,-41.81,0.0,173.76,0.0,13.0,2.0,ML,,,,1.6,0.2,3
2874625,2006-08-27T16:40:54Z,-36.46,0.1,178.46,0.1,12.0,0.0,ML,,,,2.5,0.1,3
2616719,2006-08-27T17:32:32Z,-38.71,0.0,177.97,0.0,5.0,0.0,ML,,,,2.0,0.1,3
2874629,2006-08-27T18:05:05Z,-41.01,0.0,175.43,0.0,27.0,2.0,ML,,,,1.8,0.3,4
2616726,2006-08-27T18:05:41Z,-35.87,0.1,177.73,0.1,120.0,21.0,ML,,,,3.1,0.2,6
2616732,2006-08-27T18:34:04Z,-44.54,0.0,168.12,0.0,80.0,3.0,ML,,,,2.2,0.2,6
2616737,2006-08-27T18:46:55Z,-40.07,0.0,176.59,0.0,47.0,2.0,ML,,,,3.6,0.3,5
2875200,2006-08-27T18:49:10Z,-40.05,0.0,176.58,0.0,39.0,4.0,ML,,,,2.7,0.1,4
2616743,2006-08-27T19:05:19Z,-41.42,0.0,174.99,0.0,25.0,1.0,ML,,,,2.0,0.1,6
2616745,2006-08-27T19:13:26Z,-41.58,0.0,172.99,0.0,79.0,2.0,ML,,,,2.5,0.1,4
2875209,2006-08-27T19:15:28Z,-39.23,0.0,177.33,0.0,12.0,0.0,ML,,,,2.2,0.3,2
2616755,2006-08-27T19:45:07Z,-37.0,0.0,178.56,0.2,5.0,0.0,ML,,,,2.6,0.1,4
2875554,2006-08-27T20:12:44Z,-37.67,0.0,177.48,0.0,74.0,1.0,ML,,,,2.2,0.1,3
2616763,2006-08-27T20:14:03Z,-35.13,0.0,178.23,0.1,33.0,0.0,ML,,,,3.6,0.1,3
2616767,2006-08-27T20:27:21Z,-39.54,0.0,175.48,0.0,10.0,1.0,ML,,,,1.4,0.1,5
2616774,2006-08-27T20:55:16Z,-41.17,0.0,173.37,0.0,92.0,2.0,ML,,,,2.1,nan,1
2616798,2006-08-27T22:16:53Z,-43.97,0.0,169.42,0.0,5.0,0.0,ML,,,,1.7,0.2,3
2616833,2006-08-27T23:55:33Z,-45.03,0.0,167.51,0.0,96.0,2.0,ML,,,,2.8,0.1,9
2616837,2006-08-28T00:09:20Z,-39.36,0.0,175.5,0.0,14.0,1.0,ML,,,,2.5,0.2,17
2875107,2006-08-28T00:10:10Z,-38.99,0.0,176.53,0.0,55.0,1.0,ML,,,,2.7,0.2,3
2875102,2006-08-28T00:10:50Z,-39.12,0.0,175.67,0.0,5.0,0.0,ML,,,,1.1,0.2,4
2616839,2006-08-28T00:13:53Z,-39.39,0.0,175.5,0.0,17.0,1.0,ML,,,,1.7,0.2,11
2616854,2006-08-28T01:14:19Z,-41.7,0.0,172.11,0.0,114.0,2.0,ML,,,,2.5,0.3,2
2616861,2006-08-28T01:36:08Z,-39.39,0.0,175.51,0.0,18.0,1.0,ML,,,,1.6,0.1,8
2616870,2006-08-28T02:03:15Z,-45.15,0.0,167.36,0.0,117.0,3.0,ML,,,,3.3,0.3,10
2616882,2006-08-28T02:48:16Z,-39.18,0.0,175.6,0.0,9.0,0.0,ML,,,,1.7,0.1,2
2616889,2006-08-28T03:08:54Z,-39.38,0.0,175.5,0.0,17.0,1.0,ML,,,,1.9,0.2,12
2616896,2006-08-28T03:27:04Z,-39.39,0.0,175.51,0.0,18.0,1.0,ML,,,,1.8,0.2,7
2616905,2006-08-28T03:59:14Z,-45.1,0.0,167.47,0.0,63.0,1.0,ML,,,,2.6,0.2,7
2616929,2006-08-28T05:12:46Z,-40.61,0.0,176.48,0.0,26.0,1.0,ML,,,,2.4,0.2,5
2875138,2006-08-28T05:12:52Z,-41.98,0.0,173.7,0.0,12.0,0.0,ML,,,,2.7,0.2,10
2616933,2006-08-28T05:28:41Z,-45.27,0.0,167.01,0.0,12.0,0.0,ML,,,,2.6,0.2,7
2616936,2006-08-28T05:34:14Z,-44.82,0.0,167.67,0.0,84.0,3.0,ML,,,,3.1,0.1,5
2877406,2006-08-28T05:35:18Z,-44.69,0.0,167.5,0.0,18.0,2.0,ML,,,,2.5,0.1,9
2616942,2006-08-28T05:51:17Z,-37.44,0.0,177.25,0.0,125.0,1.0,ML,,,,2.8,0.2,4
2616948,2006-08-28T06:16:06Z,-37.69,0.1,176.87,0.1,123.0,6.0,ML,,,,2.8,0.2,4
2616974,2006-08-28T07:27:47Z,-37.9,0.0,178.51,0.1,23.0,3.0,ML,,,,2.0,0.2,3
2616991,2006-08-28T08:12:46Z,-43.0,0.0,172.41,0.0,5.0,0.0,ML,,,,2.5,0.3,8
2617006,2006-08-28T09:02:25Z,-38.21,0.0,176.3,0.0,149.0,3.0,ML,,,,3.9,0.3,19
2617020,2006-08-28T09:46:52Z,-42.35,0.0,173.68,0.0,30.0,2.0,ML,,,,2.8,0.3,10
2617045,2006-08-28T11:18:21Z,-37.12,0.1,176.62,0.2,277.0,12.0,ML,,,,3.3,0.2,5
2617067,2006-08-28T12:27:01Z,-37.4,0.1,176.51,0.1,266.0,4.0,ML,,,,3.5,0.3,9
2617071,2006-08-28T12:42:33Z,-40.99,0.0,175.58,0.0,24.0,1.0,ML,,,,2.1,0.1,3
2617084,2006-08-28T13:10:03Z,-38.58,0.0,177.93,0.0,30.0,4.0,ML,,,,2.5,0.2,4
2617089,2006-08-28T13:25:26Z,-39.36,0.0,175.52,0.0,11.0,1.0,ML,,,,3.0,0.2,25
2877429,2006-08-28T13:25:57Z,-39.39,0.0,175.5,0.0,17.0,2.0,ML,,,,2.0,0.1,5
2877433,2006-08-28T13:26:11Z,-39.38,0.0,175.5,0.0,18.0,1.0,ML,,,,1.8,0.2,11
2617095,2006-08-28T13:38:38Z,-39.52,0.0,175.65,0.0,14.0,1.0,ML,,,,2.0,0.1,11
2617098,2006-08-28T13:49:47Z,-44.19,0.0,168.74,0.0,5.0,0.0,ML,,,,2.0,0.3,6
2617099,2006-08-28T13:54:15Z,-39.38,0.0,175.51,0.0,17.0,1.0,ML,,,,1.5,0.3,8
2617127,2006-08-28T15:21:29Z,-39.36,0.0,175.5,0.0,15.0,1.0,ML,,,,2.3,0.2,13
2617130,2006-08-28T15:26:49Z,-39.36,0.0,175.51,0.0,16.0,1.0,ML,,,,1.8,0.1,5
2617133,2006-08-28T15:34:04Z,-39.36,0.0,175.51,0.0,12.0,1.0,ML,,,,2.9,0.2,25
2877447,2006-08-28T15:35:49Z,-39.36,0.0,175.51,0.0,16.0,1.0,ML,,,,2.0,0.1,11
2877448,2006-08-28T15:36:13Z,-39.38,0.0,175.5,0.0,17.0,1.0,ML,,,,1.7,0.2,10
2617137,2006-08-28T15:44:23Z,-39.36,0.0,175.51,0.0,16.0,1.0,ML,,,,1.8,0.2,5
2617143,2006-08-28T16:10:21Z,-44.56,0.0,167.58,0.0,12.0,0.0,ML,,,,2.1,0.2,5
2877466,2006-08-28T16:12:02Z,-41.59,0.0,172.24,0.0,5.0,0.0,ML,,,,1.9,0.1,4
2617157,2006-08-28T16:49:20Z,-42.99,0.0,172.39,0.0,12.0,0.0,ML,,,,3.0,0.3,16
2617172,2006-08-28T17:25:55Z,-39.39,0.0,175.52,0.0,16.0,1.0,ML,,,,1.8,0.1,9
2617189,2006-08-28T18:24:10Z,-41.18,0.0,173.2,0.0,104.0,2.0,ML,,,,2.1,0.1,2
2877471,2006-08-28T18:24:57Z,-39.38,0.0,175.05,0.0,29.0,1.0,ML,,,,1.9,0.2,4
2617201,2006-08-28T19:07:32Z,-39.36,0.0,175.5,0.0,14.0,1.0,ML,,,,2.3,0.2,12
2617216,2006-08-28T19:46:24Z,-40.33,0.0,176.31,0.0,33.0,0.0,ML,,,,2.4,0.2,4
2617224,2006-08-28T20:14:51Z,-45.09,0.0,167.48,0.0,116.0,3.0,ML,,,,3.0,0.3,7
2617260,2006-08-28T22:10:34Z,-38.17,0.0,178.05,0.0,65.0,0.0,ML,,,,2.4,0.2,3
2617304,2006-08-29T00:26:54Z,-41.23,0.0,175.24,0.0,25.0,1.0,ML,,,,2.0,0.1,8
2617310,2006-08-29T00:43:12Z,-41.17,0.0,173.42,0.0,93.0,2.0,ML,,,,3.4,0.1,8
2617319,2006-08-29T01:17:30Z,-44.41,0.0,169.41,0.0,5.0,0.0,ML,,,,2.6,0.2,8
2617321,2006-08-29T01:25:57Z,-35.14,0.0,178.59,0.1,197.0,7.0,ML,,,,3.4,0.2,3
2617327,2006-08-29T01:37:55Z,-39.42,0.0,175.8,0.0,74.0,2.0,ML,,,,2.6,0.2,4
2617339,2006-08-29T02:14:29Z,-40.48,0.0,174.24,0.0,77.0,3.0,ML,,,,3.0,0.1,14
2617354,2006-08-29T02:46:58Z,-40.61,0.0,174.64,0.0,5.0,0.0,ML,,,,2.3,0.1,8
2617371,2006-08-29T03:37:34Z,-39.19,0.0,175.08,0.0,167.0,3.0,ML,,,,2.9,0.1,4
2617388,2006-08-29T04:21:28Z,-38.48,0.0,176.9,0.0,55.0,2.0,ML,,,,3.3,0.1,7
2617420,2006-08-29T05:44:28Z,-45.08,0.0,167.05,0.0,24.0,2.0,ML,,,,2.1,0.0,3
2617436,2006-08-29T06:27:29Z,-40.24,0.0,177.43,0.0,30.0,3.0,ML,,,,3.5,0.2,9
2617439,2006-08-29T06:37:13Z,-40.5,0.0,176.02,0.0,32.0,2.0,ML,,,,2.3,0.1,5
2617448,2006-08-29T07:09:14Z,-38.96,0.0,177.74,0.0,24.0,1.0,ML,,,,2.5,0.3,4
2617449,2006-08-29T07:10:33Z,-39.01,0.0,177.68,0.0,29.0,1.0,ML,,,,2.4,0.2,2
2617460,2006-08-29T07:47:46Z,-37.77,0.0,177.52,0.0,33.0,0.0,ML,,,,1.9,0.1,3
2617464,2006-08-29T08:00:36Z,-40.13,0.0,174.96,0.0,25.0,2.0,ML,,,,2.9,0.2,11
2617508,2006-08-29T10:25:06Z,-40.93,0.0,173.44,0.0,89.0,2.0,ML,,,,2.3,nan,1
2617512,2006-08-29T10:33:45Z,-40.45,0.0,174.51,0.0,5.0,0.0,ML,,,,2.4,0.2,16
2617513,2006-08-29T10:38:34Z,-35.0,0.0,178.12,0.0,33.0,0.0,ML,,,,3.5,0.1,3
2617518,2006-08-29T10:52:58Z,-38.5,0.0,178.61,0.0,12.0,0.0,ML,,,,3.3,0.2,10
2617528,2006-08-29T11:21:09Z,-38.54,0.0,178.67,0.0,12.0,0.0,ML,,,,2.6,0.2,3
2617531,2006-08-29T11:27:19Z,-39.35,0.0,175.49,0.0,13.0,2.0,ML,,,,1.5,0.3,3
2876076,2006-08-29T11:28:02Z,-41.77,0.0,173.77,0.0,17.0,1.0,ML,,,,2.4,0.1,9
2617548,2006-08-29T12:28:07Z,-40.62,0.0,177.3,0.0,33.0,0.0,ML,,,,2.1,0.2,2
2617572,2006-08-29T13:35:50Z,-42.73,0.0,172.95,0.0,32.0,2.0,ML,,,,2.8,0.3,9
2617575,2006-08-29T13:43:39Z,-41.1,0.0,174.64,0.0,36.0,1.0,ML,,,,2.5,0.0,7
2617583,2006-08-29T14:10:42Z,-38.4,0.0,178.34,0.0,26.0,2.0,ML,,,,2.1,0.1,3
2617604,2006-08-29T15:08:26Z,-36.99,0.1,177.46,0.1,171.0,6.0,ML,,,,2.8,0.1,4
2617609,2006-08-29T15:28:11Z,-37.58,0.1,176.71,0.1,165.0,5.0,ML,,,,2.5,0.2,4
2617614,2006-08-29T15:41:13Z,-41.82,0.0,172.85,0.0,94.0,2.0,ML,,,,2.4,0.2,3
2617615,2006-08-29T15:45:13Z,-36.89,0.0,177.9,0.0,33.0,0.0,ML,,,,2.6,0.1,4
2617618,2006-08-29T15:50:34Z,-39.34,0.0,175.16,0.0,123.0,1.0,ML,,,,4.0,0.2,22
2617627,2006-08-29T16:12:57Z,-40.36,0.0,174.58,0.0,88.0,2.0,ML,,,,3.0,0.2,11
2617643,2006-08-29T17:05:07Z,-41.33,0.0,172.89,0.0,102.0,2.0,ML,,,,2.7,0.2,5
2617647,2006-08-29T17:15:07Z,-35.01,0.1,178.3,0.1,33.0,0.0,ML,,,,3.5,0.1,5
2877402,2006-08-29T17:41:12Z,-41.08,0.0,175.36,0.0,26.0,3.0,ML,,,,1.8,0.3,3
2617659,2006-08-29T17:41:19Z,-39.37,0.0,175.51,0.0,13.0,1.0,ML,,,,2.0,0.1,11
2877400,2006-08-29T17:41:59Z,-39.36,0.0,175.5,0.0,14.0,1.0,ML,,,,2.2,0.2,12
2617669,2006-08-29T18:09:50Z,-40.34,0.0,176.97,0.0,43.0,3.0,ML,,,,2.3,0.3,2
2617688,2006-08-29T19:12:03Z,-41.09,0.0,175.05,0.0,28.0,1.0,ML,,,,2.1,0.2,6
2617689,2006-08-29T19:14:45Z,-42.72,0.0,172.94,0.0,33.0,0.0,ML,,,,2.4,0.2,3
2617715,2006-08-29T20:33:26Z,-39.18,0.0,176.86,0.0,24.0,1.0,ML,,,,2.8,0.2,8
2617718,2006-08-29T20:40:24Z,-41.59,0.0,174.03,0.0,32.0,1.0,ML,,,,2.3,0.1,10
2617729,2006-08-29T21:18:00Z,-39.13,0.0,175.65,0.0,4.0,1.0,ML,,,,2.4,0.3,14
2617744,2006-08-29T21:53:50Z,-41.91,0.0,173.94,0.0,12.0,0.0,ML,,,,2.2,0.1,6
2617754,2006-08-29T22:15:50Z,-40.49,0.0,174.53,0.0,5.0,0.0,ML,,,,2.1,0.2,6
2617767,2006-08-29T22:48:57Z,-40.19,0.0,174.87,0.0,12.0,0.0,ML,,,,3.0,0.1,15
2617787,2006-08-29T23:26:11Z,-40.5,0.0,175.52,0.0,5.0,0.0,ML,,,,2.7,0.2,24
2617797,2006-08-29T23:39:40Z,-44.92,0.0,167.62,0.0,77.0,2.0,ML,,,,2.9,0.1,9
2877468,2006-08-29T23:42:00Z,-37.3,0.0,177.62,0.0,117.0,4.0,ML,,,,3.1,0.2,4
2617841,2006-08-30T01:41:26Z,-38.13,0.1,176.16,0.1,266.0,5.0,ML,,,,3.4,0.1,5
2617842,2006-08-30T01:45:31Z,-39.28,0.0,174.82,0.0,31.0,2.0,ML,,,,2.1,0.2,4
2617845,2006-08-30T01:53:11Z,-44.95,0.0,167.43,0.0,65.0,2.0,ML,,,,3.2,0.1,7
2617856,2006-08-30T02:24:19Z,-40.27,0.0,177.03,0.0,40.0,5.0,ML,,,,2.2,0.2,3
2617900,2006-08-30T04:36:29Z,-39.37,0.0,175.51,0.0,16.0,1.0,ML,,,,1.6,0.2,11
2617902,2006-08-30T04:42:46Z,-44.91,0.0,170.03,0.0,5.0,0.0,ML,,,,2.3,0.2,6
2617923,2006-08-30T05:46:41Z,-39.96,0.0,174.63,0.0,99.0,3.0,ML,,,,2.9,0.2,11
2617955,2006-08-30T07:18:36Z,-40.07,0.0,176.09,0.0,29.0,1.0,ML,,,,2.3,0.2,15
2617957,2006-08-30T07:23:27Z,-40.7,0.0,177.35,0.0,33.0,0.0,ML,,,,4.2,0.2,45
2617960,2006-08-30T07:35:24Z,-40.66,0.0,177.31,0.0,33.0,0.0,ML,,,,2.7,0.2,6
2617961,2006-08-30T07:41:02Z,-37.96,0.1,176.51,0.1,122.0,7.0,ML,,,,2.7,0.1,3
2617971,2006-08-30T08:16:14Z,-38.05,0.0,178.34,0.0,35.0,1.0,ML,,,,3.9,0.1,4
2617976,2006-08-30T08:29:53Z,-36.55,0.1,177.03,0.1,250.0,5.0,ML,,,,3.5,0.1,9
2617981,2006-08-30T08:44:24Z,-38.08,0.0,178.38,0.0,37.0,2.0,ML,,,,2.8,0.3,4
2617986,2006-08-30T09:02:32Z,-40.7,0.0,177.35,0.0,33.0,0.0,ML,,,,3.3,0.1,4
2617989,2006-08-30T09:12:16Z,-39.27,0.0,175.21,0.0,16.0,2.0,ML,,,,1.8,0.2,15
2617997,2006-08-30T09:34:23Z,-41.1,0.0,175.39,0.0,27.0,1.0,ML,,,,1.7,0.1,5
2618000,2006-08-30T09:47:57Z,-41.51,0.0,172.28,0.0,5.0,0.0,ML,,,,1.8,0.2,3
2618006,2006-08-30T10:08:00Z,-40.35,0.0,173.66,0.0,151.0,6.0,ML,,,,2.8,0.4,5
2618017,2006-08-30T10:40:00Z,-40.36,0.0,176.99,0.0,33.0,0.0,ML,,,,2.4,0.2,4
2618040,2006-08-30T11:56:52Z,-38.33,0.1,176.0,0.1,189.0,6.0,ML,,,,3.3,0.3,11
2877873,2006-08-30T11:59:09Z,-44.37,0.0,168.25,0.0,5.0,0.0,ML,,,,2.1,0.1,7
2618042,2006-08-30T12:04:27Z,-44.9,0.0,170.01,0.0,5.0,0.0,ML,,,,2.1,0.2,6
2618052,2006-08-30T12:34:45Z,-40.27,0.0,176.81,0.0,24.0,3.0,ML,,,,2.0,0.1,4
2618055,2006-08-30T12:39:16Z,-41.14,0.0,175.34,0.0,22.0,1.0,ML,,,,2.1,0.2,7
2618056,2006-08-30T12:40:52Z,-40.27,0.0,176.84,0.0,29.0,3.0,ML,,,,2.3,0.1,5
2618064,2006-08-30T13:06:18Z,-39.28,0.0,177.47,0.0,45.0,10.0,ML,,,,1.8,0.2,2
2618092,2006-08-30T14:46:46Z,-39.7,0.0,175.01,0.0,32.0,1.0,ML,,,,1.9,0.1,11
2618098,2006-08-30T15:09:14Z,-40.35,0.0,176.14,0.0,35.0,1.0,ML,,,,2.7,0.3,13
2618100,2006-08-30T15:20:10Z,-40.12,0.0,176.4,0.0,28.0,3.0,ML,,,,1.5,0.1,3
2877953,2006-08-30T15:20:22Z,-38.6,0.1,176.27,0.1,154.0,9.0,ML,,,,2.9,0.3,5
2618107,2006-08-30T15:41:25Z,-42.53,0.0,173.73,0.0,22.0,1.0,ML,,,,3.1,0.1,5
2618113,2006-08-30T16:06:32Z,-37.11,0.1,177.65,0.1,85.0,11.0,ML,,,,2.7,0.3,4
2877980,2006-08-30T16:07:17Z,-40.64,0.0,177.31,0.0,33.0,0.0,ML,,,,2.4,0.2,6
2618121,2006-08-30T16:37:00Z,-40.6,0.0,175.96,0.0,22.0,3.0,ML,,,,2.2,0.3,3
2618123,2006-08-30T16:50:18Z,-40.7,0.0,175.91,0.0,32.0,1.0,ML,,,,2.4,0.2,8
2618124,2006-08-30T16:52:20Z,-39.62,0.0,176.25,0.0,46.0,3.0,ML,,,,2.5,0.3,4
2618127,2006-08-30T17:02:46Z,-42.45,0.0,172.68,0.0,5.0,0.0,ML,,,,2.1,0.2,4
2618128,2006-08-30T17:05:05Z,-39.94,0.0,176.72,0.0,45.0,2.0,ML,,,,2.7,0.2,7
2877993,2006-08-30T17:07:22Z,-45.12,0.0,167.38,0.0,61.0,3.0,ML,,,,2.2,0.2,3
2618131,2006-08-30T17:19:23Z,-37.39,0.0,177.31,0.0,87.0,9.0,ML,,,,2.3,0.1,4
2618175,2006-08-30T19:40:20Z,-40.84,0.0,174.8,0.0,9.0,2.0,ML,,,,2.2,0.2,8
2618177,2006-08-30T19:43:06Z,-40.54,0.0,174.82,0.0,30.0,1.0,ML,,,,2.2,0.1,7
2618178,2006-08-30T19:47:24Z,-42.02,0.0,174.12,0.0,12.0,0.0,ML,,,,2.4,0.2,8
2618187,2006-08-30T20:20:51Z,-40.15,0.0,177.21,0.0,21.0,2.0,ML,,,,3.6,0.2,21
2618188,2006-08-30T20:25:32Z,-40.38,0.0,176.82,0.0,26.0,2.0,ML,,,,3.7,0.2,24
2618190,2006-08-30T20:29:33Z,-40.29,0.0,176.93,0.0,53.0,3.0,ML,,,,3.0,0.2,5
2618272,2006-08-31T00:36:03Z,-41.76,0.0,173.77,0.0,17.0,1.0,ML,,,,2.7,0.1,5
2618274,2006-08-31T00:41:53Z,-41.42,0.0,174.66,0.0,29.0,1.0,ML,,,,2.1,0.1,6
2618304,2006-08-31T02:09:51Z,-38.56,0.1,175.58,0.2,152.0,11.0,ML,,,,3.0,0.2,5
2618353,2006-08-31T04:11:15Z,-39.38,0.0,175.51,0.0,16.0,1.0,ML,,,,1.7,0.2,5
2618411,2006-08-31T07:10:30Z,-41.48,0.0,174.87,0.0,12.0,0.0,ML,,,,1.9,0.3,6
2618423,2006-08-31T07:53:47Z,-41.22,0.0,173.01,0.0,91.0,2.0,ML,,,,2.2,0.0,2
2618426,2006-08-31T08:03:45Z,-38.34,0.0,175.96,0.0,152.0,3.0,ML,,,,3.4,0.3,10
2618454,2006-08-31T09:29:45Z,-40.91,0.0,175.68,0.0,23.0,1.0,ML,,,,2.2,0.2,9
2618464,2006-08-31T09:56:01Z,-41.16,0.0,174.99,0.0,27.0,1.0,ML,,,,2.3,0.1,8
2618474,2006-08-31T10:25:18Z,-44.93,0.0,167.53,0.0,74.0,3.0,ML,,,,2.2,0.2,7
2618475,2006-08-31T10:27:48Z,-42.2,0.0,173.77,0.0,20.0,2.0,ML,,,,3.2,0.1,13
2618478,2006-08-31T10:38:32Z,-40.7,0.0,176.87,0.0,33.0,0.0,ML,,,,3.0,0.3,15
2618479,2006-08-31T10:44:25Z,-41.83,0.0,171.83,0.0,21.0,1.0,ML,,,,2.2,0.1,4
2618525,2006-08-31T12:48:47Z,-38.52,0.0,175.95,0.1,154.0,6.0,ML,,,,3.2,0.2,10
2618526,2006-08-31T12:52:40Z,-39.24,0.0,175.06,0.0,31.0,1.0,ML,,,,2.1,0.2,8
2618536,2006-08-31T13:24:16Z,-39.14,0.0,174.85,0.1,239.0,5.0,ML,,,,3.1,0.3,6
2618547,2006-08-31T13:55:28Z,-40.51,0.0,176.7,0.0,31.0,1.0,ML,,,,2.6,0.2,3
2877512,2006-08-31T13:55:39Z,-39.04,0.0,175.02,0.1,193.0,5.0,ML,,,,3.2,0.2,7
2618573,2006-08-31T15:06:31Z,-40.46,0.0,176.83,0.0,33.0,0.0,ML,,,,2.5,0.2,4
2618577,2006-08-31T15:18:05Z,-40.68,0.0,176.8,0.0,29.0,2.0,ML,,,,2.4,0.2,3
2618590,2006-08-31T16:12:18Z,-40.34,0.0,174.12,0.0,91.0,3.0,ML,,,,2.7,0.1,10
2618594,2006-08-31T16:44:39Z,-37.14,0.0,176.74,0.0,247.0,4.0,ML,,,,4.1,0.1,8
2877520,2006-08-31T17:35:33Z,-39.16,0.0,175.62,0.0,0.0,0.0,ML,,,,1.3,0.1,1
2877521,2006-08-31T17:36:34Z,-44.96,0.0,167.62,0.0,59.0,1.0,ML,,,,2.3,0.1,9
2618608,2006-08-31T17:37:05Z,-41.5,0.0,174.16,0.0,34.0,0.0,ML,,,,2.1,0.2,6
2618610,2006-08-31T17:43:32Z,-41.42,0.0,172.36,0.0,5.0,0.0,ML,,,,1.6,0.1,3
2618618,2006-08-31T18:17:19Z,-40.69,0.0,176.88,0.0,33.0,0.0,ML,,,,2.8,0.3,6
2618626,2006-08-31T18:42:06Z,-37.13,0.0,177.43,0.0,150.0,3.0,ML,,,,3.2,0.1,4
2618652,2006-08-31T20:18:57Z,-36.72,0.0,177.55,0.0,169.0,4.0,ML,,,,3.3,0.2,10
2618658,2006-08-31T20:36:10Z,-43.3,0.0,173.0,0.0,12.0,0.0,ML,,,,2.9,0.2,10
2618662,2006-08-31T20:54:26Z,-40.25,0.0,176.2,0.0,51.0,3.0,ML,,,,2.5,0.2,4
2618669,2006-08-31T21:14:22Z,-40.64,0.0,176.85,0.0,33.0,4.0,ML,,,,2.7,0.2,4
2618695,2006-08-31T22:23:23Z,-44.86,0.0,171.14,0.0,5.0,0.0,ML,,,,3.1,0.1,6
2618702,2006-08-31T22:43:15Z,-40.77,0.0,176.94,0.0,33.0,0.0,ML,,,,2.4,0.3,3
2618735,2006-09-01T00:11:12Z,-38.07,0.0,176.26,0.0,161.0,3.0,ML,,,,3.2,0.3,8
2618753,2006-09-01T00:57:24Z,-37.82,0.0,176.78,0.0,141.0,3.0,ML,,,,3.5,0.2,11
2618773,2006-09-01T02:04:41Z,-40.72,0.0,176.8,0.0,30.0,2.0,ML,,,,2.8,0.1,5
2618778,2006-09-01T02:16:23Z,-45.04,0.0,167.66,0.0,126.0,3.0,ML,,,,3.0,0.3,5
2618782,2006-09-01T02:31:34Z,-36.75,0.0,177.72,0.0,149.0,1.0,ML,,,,3.2,0.2,3
2618792,2006-09-01T03:05:57Z,-41.2,0.0,174.68,0.0,29.0,1.0,ML,,,,2.4,0.2,7
2618803,2006-09-01T03:40:19Z,-41.22,0.0,172.73,0.0,175.0,3.0,ML,,,,3.3,0.3,9
2618807,2006-09-01T03:59:28Z,-40.75,0.0,176.92,0.0,30.0,3.0,ML,,,,2.2,0.3,3
2618814,2006-09-01T04:17:41Z,-40.8,0.0,177.0,0.0,33.0,0.0,ML,,,,2.8,0.2,3
2618818,2006-09-01T04:32:06Z,-42.27,0.0,172.98,0.0,5.0,0.0,ML,,,,2.9,0.3,5
2618827,2006-09-01T04:49:04Z,-40.24,0.0,175.04,0.0,12.0,0.0,ML,,,,2.2,0.2,6
2618856,2006-09-01T06:28:51Z,-40.75,0.0,176.9,0.0,33.0,2.0,ML,,,,2.5,0.3,5
2618857,2006-09-01T06:33:06Z,-39.27,0.0,175.69,0.0,77.0,3.0,ML,,,,2.7,0.3,2
2618861,2006-09-01T06:42:09Z,-40.7,0.0,176.87,0.0,30.0,3.0,ML,,,,2.8,0.3,7
2618871,2006-09-01T07:15:20Z,-39.21,0.0,176.55,0.0,5.0,0.0,ML,,,,2.2,0.2,10
2618875,2006-09-01T07:26:11Z,-40.74,0.0,176.91,0.0,33.0,0.0,ML,,,,3.1,0.2,5
2618878,2006-09-01T07:38:51Z,-37.8,0.0,178.86,0.1,33.0,0.0,ML,,,,2.4,0.2,4
2618884,2006-09-01T08:03:15Z,-41.09,0.0,175.06,0.0,27.0,1.0,ML,,,,2.1,0.2,7
2618896,2006-09-01T08:33:43Z,-40.97,0.0,173.42,0.0,83.0,3.0,ML,,,,2.4,0.0,2
2618912,2006-09-01T09:32:00Z,-37.3,0.0,177.78,0.0,107.0,3.0,ML,,,,3.0,0.2,5
2618921,2006-09-01T10:05:40Z,-37.03,0.0,177.88,0.0,33.0,0.0,ML,,,,3.1,0.1,6
2618950,2006-09-01T11:36:49Z,-38.12,0.0,178.47,0.0,48.0,2.0,ML,,,,2.1,0.2,3
2618954,2006-09-01T11:57:21Z,-41.78,0.0,172.47,0.0,75.0,2.0,ML,,,,1.6,nan,1
2618993,2006-09-01T14:09:48Z,-39.36,0.0,175.5,0.0,14.0,1.0,ML,,,,2.0,0.1,8
2619000,2006-09-01T14:35:05Z,-40.23,0.0,176.85,0.0,92.0,4.0,ML,,,,2.9,0.3,2
2879443,2006-09-01T14:35:17Z,-36.87,0.0,177.61,0.0,147.0,4.0,ML,,,,2.7,0.2,4
2619002,2006-09-01T14:41:35Z,-39.39,0.0,175.5,0.0,17.0,1.0,ML,,,,1.7,0.2,8
2619013,2006-09-01T15:13:27Z,-38.3,0.0,178.33,0.0,5.0,0.0,ML,,,,2.4,0.3,3
2619018,2006-09-01T15:27:03Z,-40.29,0.0,176.49,0.0,33.0,0.0,ML,,,,3.0,0.2,10
2619036,2006-09-01T16:19:07Z,-37.69,0.0,176.96,0.1,122.0,6.0,ML,,,,2.8,0.1,4
2884544,2006-09-01T16:53:10Z,-41.24,0.0,172.61,0.0,5.0,0.0,ML,,,,1.8,0.4,3
2619047,2006-09-01T16:54:21Z,-38.25,0.0,178.42,0.0,5.0,0.0,ML,,,,2.6,0.2,3
2619064,2006-09-01T17:50:37Z,-40.84,0.0,174.44,0.0,63.0,3.0,ML,,,,2.5,0.1,6
2619065,2006-09-01T17:55:38Z,-37.69,0.0,177.3,0.0,120.0,2.0,ML,,,,3.5,0.2,7
2619072,2006-09-01T18:18:39Z,-40.22,0.0,175.02,0.0,12.0,0.0,ML,,,,2.5,0.3,16
2619073,2006-09-01T18:23:08Z,-38.51,0.0,177.2,0.0,32.0,1.0,ML,,,,2.6,0.2,5
2619079,2006-09-01T18:39:09Z,-41.8,0.0,172.58,0.0,80.0,3.0,ML,,,,2.1,0.3,2
2619106,2006-09-01T19:58:44Z,-37.72,0.0,176.96,0.1,123.0,5.0,ML,,,,3.0,0.1,4
2619111,2006-09-01T20:15:58Z,-38.41,0.0,177.33,0.0,38.0,3.0,ML,,,,3.0,0.3,4
2619142,2006-09-01T21:54:45Z,-44.58,0.0,168.01,0.0,86.0,3.0,ML,,,,4.0,0.2,15
2619157,2006-09-01T22:38:26Z,-39.39,0.0,175.5,0.0,17.0,1.0,ML,,,,1.9,0.2,9
2619186,2006-09-02T00:00:47Z,-41.42,0.0,172.14,0.0,12.0,0.0,ML,,,,2.0,0.2,3
2619198,2006-09-02T00:39:42Z,-38.42,0.0,176.08,0.0,132.0,4.0,ML,,,,3.6,0.2,8
2619218,2006-09-02T01:31:28Z,-39.01,0.0,175.74,0.0,8.0,1.0,ML,,,,2.3,0.1,9
2619230,2006-09-02T02:05:40Z,-39.38,0.0,175.51,0.0,18.0,1.0,ML,,,,1.9,0.1,6
2619232,2006-09-02T02:13:43Z,-45.07,0.0,167.63,0.0,104.0,3.0,ML,,,,3.1,0.3,5
2619233,2006-09-02T02:17:09Z,-37.29,0.0,179.58,0.0,12.0,0.0,ML,,,,3.7,0.2,10
2619252,2006-09-02T03:05:14Z,-41.77,0.0,173.76,0.0,15.0,1.0,ML,,,,2.7,0.1,12
2619267,2006-09-02T03:45:38Z,-37.41,0.0,177.01,0.0,138.0,5.0,ML,,,,3.7,0.1,9
2619272,2006-09-02T04:00:33Z,-39.52,0.0,175.65,0.0,13.0,1.0,ML,,,,2.6,0.1,14
2619279,2006-09-02T04:18:10Z,-39.32,0.0,174.85,0.0,32.0,1.0,ML,,,,2.3,0.1,10
2619297,2006-09-02T05:15:21Z,-41.2,0.0,174.32,0.0,34.0,1.0,ML,,,,3.0,0.1,9
2619301,2006-09-02T05:25:26Z,-39.01,0.0,175.74,0.0,7.0,1.0,ML,,,,1.7,0.2,6
2619303,2006-09-02T05:32:00Z,-40.63,0.0,174.08,0.0,70.0,2.0,ML,,,,2.8,0.2,2
2619307,2006-09-02T05:38:53Z,-40.9,0.0,175.45,0.0,25.0,1.0,ML,,,,2.2,0.2,4
2619347,2006-09-02T07:26:08Z,-42.92,0.0,171.49,0.0,5.0,1.0,ML,,,,3.2,0.2,7
2619356,2006-09-02T07:47:43Z,-40.05,0.0,176.95,0.0,27.0,1.0,ML,,,,2.7,0.3,3
2619362,2006-09-02T08:08:28Z,-40.1,0.0,176.38,0.0,53.0,3.0,ML,,,,2.9,0.1,7
2619370,2006-09-02T08:29:55Z,-45.01,0.0,167.43,0.0,96.0,4.0,ML,,,,3.0,0.2,7
2619373,2006-09-02T08:37:00Z,-38.3,0.0,178.6,0.0,2.0,0.0,ML,,,,2.6,0.2,3
2619388,2006-09-02T09:18:51Z,-39.0,0.0,175.71,0.0,9.0,1.0,ML,,,,1.5,0.1,4
2619393,2006-09-02T09:29:57Z,-37.2,0.0,177.22,0.0,158.0,5.0,ML,,,,3.1,0.3,5
2619401,2006-09-02T09:57:17Z,-39.34,0.0,174.99,0.0,31.0,1.0,ML,,,,2.7,0.1,10
2619458,2006-09-02T12:59:47Z,-38.52,0.0,177.55,0.0,58.0,2.0,ML,,,,3.5,0.2,12
2619473,2006-09-02T13:47:46Z,-40.38,0.1,173.57,0.0,152.0,8.0,ML,,,,2.9,0.3,5
2619475,2006-09-02T13:58:03Z,-45.33,0.0,167.25,0.0,52.0,3.0,ML,,,,2.6,0.2,6
2619476,2006-09-02T14:01:15Z,-42.18,0.0,173.34,0.0,58.0,6.0,ML,,,,2.0,nan,1
2619509,2006-09-02T15:36:29Z,-44.01,0.0,169.03,0.0,12.0,0.0,ML,,,,1.8,0.2,3
2619510,2006-09-02T15:42:52Z,-40.13,0.0,175.0,0.0,24.0,2.0,ML,,,,2.8,0.2,8
2619522,2006-09-02T16:17:04Z,-40.24,0.0,176.9,0.0,50.0,3.0,ML,,,,2.9,0.2,7
2619531,2006-09-02T16:38:49Z,-38.14,0.0,176.23,0.0,152.0,3.0,ML,,,,3.4,0.3,13
2619533,2006-09-02T16:45:52Z,-40.46,0.0,173.7,0.0,107.0,4.0,ML,,,,2.4,0.3,2
2619556,2006-09-02T18:00:31Z,-39.65,0.0,175.34,0.0,76.0,2.0,ML,,,,2.3,0.2,3
2619560,2006-09-02T18:19:32Z,-40.45,0.0,176.87,0.0,45.0,1.0,ML,,,,2.4,0.2,2
2619569,2006-09-02T18:50:15Z,-42.09,0.0,171.52,0.0,5.0,0.0,ML,,,,3.2,0.2,15
2619577,2006-09-02T19:18:02Z,-37.14,0.0,177.11,0.1,175.0,5.0,ML,,,,3.1,0.3,5
2619598,2006-09-02T20:23:00Z,-41.07,0.0,173.9,0.0,46.0,5.0,ML,,,,2.1,0.3,2
2880798,2006-09-02T20:23:26Z,-45.12,0.1,167.68,0.1,123.0,5.0,ML,,,,2.6,0.2,3
2619607,2006-09-02T20:55:22Z,-45.28,0.0,166.99,0.0,16.0,3.0,ML,,,,3.1,0.2,8
2619613,2006-09-02T21:11:27Z,-35.88,0.1,177.88,0.1,236.0,7.0,ML,,,,3.8,0.2,8
2619626,2006-09-02T21:50:06Z,-40.53,0.0,176.88,0.0,43.0,3.0,ML,,,,2.9,0.2,4
2619637,2006-09-02T22:27:13Z,-42.36,0.0,172.84,0.0,43.0,4.0,ML,,,,2.5,0.0,2
2619640,2006-09-02T22:42:58Z,-40.13,0.0,176.64,0.0,42.0,7.0,ML,,,,2.5,0.2,4
2619649,2006-09-02T23:07:50Z,-40.21,0.0,176.85,0.0,38.0,3.0,ML,,,,2.3,0.2,3
2619692,2006-09-03T01:18:43Z,-45.14,0.0,167.55,0.0,97.0,2.0,ML,,,,2.8,0.1,5
2619701,2006-09-03T01:52:04Z,-45.13,0.0,167.42,0.0,5.0,0.0,ML,,,,2.5,0.1,3
2619710,2006-09-03T02:22:31Z,-41.36,0.0,175.08,0.0,37.0,1.0,ML,,,,2.3,0.2,8
2619711,2006-09-03T02:25:56Z,-40.46,0.0,173.67,0.0,127.0,4.0,ML,,,,2.7,0.2,4
2619735,2006-09-03T03:52:02Z,-44.81,0.0,170.0,0.0,12.0,0.0,ML,,,,2.0,0.2,5
2619740,2006-09-03T04:09:22Z,-45.5,0.0,167.04,0.0,73.0,2.0,ML,,,,2.4,0.1,4
2619747,2006-09-03T04:29:48Z,-42.94,0.0,170.7,0.0,18.0,3.0,ML,,,,2.2,0.1,2
2619756,2006-09-03T05:01:54Z,-39.16,0.0,175.04,0.0,12.0,0.0,ML,,,,1.8,0.2,10
2619767,2006-09-03T05:35:14Z,-37.85,0.0,178.02,0.0,75.0,1.0,ML,,,,2.6,0.2,3
2619775,2006-09-03T06:03:30Z,-40.24,0.0,176.86,0.0,44.0,3.0,ML,,,,2.1,0.3,4
2619776,2006-09-03T06:04:46Z,-40.97,0.0,175.47,0.0,27.0,3.0,ML,,,,1.5,0.1,3
2880905,2006-09-03T06:07:25Z,-44.38,0.0,169.75,0.0,31.0,2.0,ML,,,,2.1,0.1,4
2619782,2006-09-03T06:26:36Z,-40.88,0.0,175.82,0.0,31.0,4.0,ML,,,,2.1,nan,1
2619793,2006-09-03T06:58:55Z,-40.26,0.0,176.88,0.0,48.0,3.0,ML,,,,2.8,0.3,5
2619794,2006-09-03T07:02:32Z,-40.3,0.0,176.75,0.0,26.0,2.0,ML,,,,2.6,0.2,11
2619814,2006-09-03T08:01:51Z,-38.31,0.0,179.01,0.0,33.0,0.0,ML,,,,2.5,0.3,3
2881236,2006-09-03T08:03:01Z,-41.77,0.0,173.75,0.0,12.0,2.0,ML,,,,2.0,0.1,5
2619820,2006-09-03T08:19:04Z,-36.78,0.0,177.66,0.0,33.0,0.0,ML,,,,2.7,0.1,4
2619822,2006-09-03T08:23:15Z,-40.49,0.0,176.65,0.0,67.0,6.0,ML,,,,2.0,0.3,3
2619828,2006-09-03T08:37:01Z,-38.48,0.0,178.62,0.0,12.0,0.0,ML,,,,2.2,0.4,3
2619836,2006-09-03T09:02:28Z,-40.34,0.0,176.78,0.0,24.0,2.0,ML,,,,2.1,0.2,3
2619837,2006-09-03T09:05:22Z,-37.39,0.0,177.15,0.0,33.0,0.0,ML,,,,2.6,0.3,5
2619840,2006-09-03T09:13:47Z,-38.41,0.0,178.67,0.0,12.0,0.0,ML,,,,2.9,0.3,5
2619859,2006-09-03T10:15:04Z,-40.15,0.0,174.26,0.0,66.0,9.0,ML,,,,1.9,0.1,2
2619863,2006-09-03T10:30:40Z,-40.94,0.0,175.99,0.0,30.0,1.0,ML,,,,2.6,0.1,5
2619881,2006-09-03T11:48:46Z,-36.09,0.1,178.06,0.1,153.0,9.0,ML,,,,3.0,0.1,3
2619887,2006-09-03T12:06:14Z,-37.67,0.0,176.98,0.0,5.0,0.0,ML,,,,2.1,0.1,3
2619892,2006-09-03T12:26:38Z,-44.45,0.0,168.22,0.0,5.0,0.0,ML,,,,2.8,0.2,10
2619898,2006-09-03T12:41:39Z,-37.69,0.0,176.79,0.0,81.0,10.0,ML,,,,2.2,0.1,3
2619906,2006-09-03T13:06:38Z,-37.22,0.0,179.51,0.0,5.0,0.0,ML,,,,2.8,0.1,5
2619909,2006-09-03T13:17:38Z,-37.0,0.0,179.5,0.0,33.0,0.0,ML,,,,2.5,0.1,2
2619923,2006-09-03T13:48:56Z,-37.98,0.0,177.37,0.0,67.0,7.0,ML,,,,2.0,0.2,3
2619924,2006-09-03T13:51:06Z,-40.27,0.0,176.87,0.0,45.0,1.0,ML,,,,2.1,0.3,4
2619927,2006-09-03T14:01:24Z,-39.31,0.0,175.02,0.0,5.0,0.0,ML,,,,1.4,0.1,3
2619928,2006-09-03T14:08:00Z,-39.33,0.0,174.64,0.0,244.0,2.0,Mw,4.3,nan,0,5.1,0.2,23
2619938,2006-09-03T14:45:41Z,-43.59,0.0,170.61,0.0,5.0,0.0,ML,,,,1.9,0.2,5
2619939,2006-09-03T14:51:23Z,-38.57,0.0,177.71,0.0,32.0,3.0,ML,,,,2.2,0.2,3
2619940,2006-09-03T14:53:03Z,-40.25,0.0,173.43,0.0,168.0,5.0,ML,,,,2.6,0.1,2
2619948,2006-09-03T15:18:30Z,-41.02,0.0,172.87,0.0,215.0,2.0,ML,,,,3.6,0.2,17
2619950,2006-09-03T15:27:09Z,-38.38,0.0,176.06,0.1,182.0,5.0,ML,,,,3.2,0.3,9
2619959,2006-09-03T15:57:55Z,-45.12,0.0,166.74,0.0,12.0,0.0,ML,,,,2.1,0.2,3
2881328,2006-09-03T16:00:57Z,-38.16,0.1,177.24,0.0,70.0,3.0,ML,,,,2.0,0.2,3
2619961,2006-09-03T16:01:04Z,-36.36,0.0,177.9,0.0,160.0,3.0,ML,,,,2.7,0.1,4
2619968,2006-09-03T16:22:06Z,-42.51,0.0,173.69,0.0,23.0,2.0,ML,,,,2.4,0.1,5
2619973,2006-09-03T16:42:51Z,-41.05,0.0,172.23,0.0,12.0,0.0,ML,,,,2.1,0.4,2
2881356,2006-09-03T17:01:08Z,-41.25,0.0,175.2,0.0,26.0,1.0,ML,,,,2.3,0.1,10
2619984,2006-09-03T17:16:18Z,-37.88,0.0,176.29,0.0,176.0,2.0,ML,,,,2.7,0.2,7
2619995,2006-09-03T17:49:49Z,-45.25,0.0,166.89,0.0,24.0,1.0,ML,,,,2.1,0.2,3
2620005,2006-09-03T18:23:01Z,-37.57,0.0,177.98,0.0,83.0,4.0,ML,,,,3.3,0.4,6
2620050,2006-09-03T20:50:45Z,-36.88,0.1,177.52,0.0,135.0,7.0,ML,,,,2.9,0.3,3
2620080,2006-09-03T22:08:54Z,-39.8,0.0,178.57,0.1,33.0,0.0,ML,,,,3.1,0.2,6
2620090,2006-09-03T22:38:11Z,-39.49,0.1,174.55,0.1,251.0,5.0,ML,,,,3.2,0.2,4
2620121,2006-09-04T00:05:27Z,-40.64,0.0,176.0,0.0,32.0,1.0,ML,,,,2.3,0.1,4
2620132,2006-09-04T00:45:21Z,-40.52,0.0,176.84,0.0,20.0,2.0,Mw,4.5,nan,0,4.7,0.2,49
2620165,2006-09-04T02:24:53Z,-40.74,0.0,176.79,0.0,42.0,4.0,ML,,,,2.3,0.1,3
2620167,2006-09-04T02:34:02Z,-39.19,0.0,176.35,0.0,48.0,1.0,ML,,,,2.4,0.2,4
2620175,2006-09-04T02:51:05Z,-41.42,0.0,173.47,0.0,87.0,2.0,ML,,,,3.2,0.4,9
2620203,2006-09-04T04:24:35Z,-45.97,0.0,170.35,0.0,5.0,0.0,ML,,,,2.1,0.1,3
2620207,2006-09-04T04:33:59Z,-38.51,0.0,175.91,0.0,143.0,3.0,ML,,,,3.5,0.4,16
2620248,2006-09-04T06:59:59Z,-40.75,0.0,175.99,0.0,33.0,1.0,ML,,,,4.0,0.3,41
2880872,2006-09-04T07:01:30Z,-37.93,0.0,176.4,0.0,188.0,3.0,ML,,,,3.4,0.3,14
2620264,2006-09-04T07:51:20Z,-41.58,0.0,174.04,0.0,32.0,1.0,ML,,,,2.3,0.2,12
2620272,2006-09-04T08:15:56Z,-43.24,0.0,170.9,0.0,5.0,0.0,ML,,,,1.9,0.3,6
2880915,2006-09-04T08:15:58Z,-43.24,0.0,170.9,0.0,5.0,0.0,ML,,,,2.8,0.3,10
2620280,2006-09-04T08:35:24Z,-40.14,0.0,176.55,0.0,33.0,0.0,ML,,,,2.3,0.2,4
2620288,2006-09-04T09:02:08Z,-37.33,0.1,179.48,0.1,33.0,0.0,ML,,,,3.0,0.1,6
2620303,2006-09-04T09:48:53Z,-36.85,0.1,177.3,0.1,189.0,5.0,ML,,,,3.4,0.3,6
2620307,2006-09-04T10:01:19Z,-43.24,0.0,170.89,0.0,5.0,0.0,ML,,,,3.0,0.2,5
2620315,2006-09-04T10:17:59Z,-43.24,0.0,170.9,0.0,5.0,0.0,ML,,,,2.9,0.3,11
2620316,2006-09-04T10:20:02Z,-43.24,0.0,170.9,0.0,5.0,0.0,ML,,,,2.3,0.2,7
2881237,2006-09-04T10:22:37Z,-43.25,0.0,170.89,0.0,5.0,0.0,ML,,,,2.6,0.1,7
2620317,2006-09-04T10:23:44Z,-43.2,0.0,170.88,0.0,5.0,0.0,ML,,,,2.1,0.1,5
2620324,2006-09-04T10:47:04Z,-38.09,0.0,176.73,0.0,9.0,1.0,ML,,,,1.3,nan,1
2620325,2006-09-04T10:48:38Z,-38.1,0.0,176.71,0.0,6.0,1.0,ML,,,,1.7,0.1,2
2620336,2006-09-04T11:24:35Z,-40.94,0.0,175.51,0.0,23.0,1.0,ML,,,,2.3,0.1,8
2620340,2006-09-04T11:37:12Z,-38.33,0.0,177.8,0.0,53.0,6.0,ML,,,,2.1,0.3,2
2620341,2006-09-04T11:39:12Z,-43.24,0.0,170.91,0.0,5.0,0.0,ML,,,,2.9,0.3,12
2620343,2006-09-04T11:42:36Z,-38.42,0.0,177.19,0.0,31.0,1.0,ML,,,,2.4,0.3,4
2620349,2006-09-04T12:10:30Z,-44.96,0.0,167.03,0.1,5.0,0.0,ML,,,,2.2,0.2,3
2620373,2006-09-04T13:32:12Z,-41.36,0.0,172.39,0.0,5.0,0.0,ML,,,,2.6,0.2,6
2881312,2006-09-04T13:45:15Z,-45.14,0.0,167.54,0.0,107.0,4.0,ML,,,,2.5,0.3,4
2620376,2006-09-04T13:45:40Z,-39.16,0.0,175.38,0.0,139.0,3.0,ML,,,,3.4,0.2,16
2620395,2006-09-04T14:58:16Z,-35.97,0.1,178.45,0.2,33.0,0.0,ML,,,,3.3,0.0,3
2620402,2006-09-04T15:34:55Z,-44.34,0.0,167.56,0.0,5.0,0.0,ML,,,,3.0,0.2,11
2620416,2006-09-04T16:31:05Z,-38.89,0.1,175.66,0.1,212.0,7.0,ML,,,,3.0,0.2,6
2620417,2006-09-04T16:34:42Z,-36.38,0.1,177.18,0.1,283.0,5.0,ML,,,,3.5,0.2,7
2620422,2006-09-04T16:52:39Z,-42.56,0.0,173.8,0.0,12.0,0.0,ML,,,,2.9,0.2,13
2620449,2006-09-04T18:30:46Z,-39.18,0.0,175.37,0.0,5.0,0.0,ML,,,,1.8,0.1,6
2620463,2006-09-04T19:23:40Z,-45.12,0.0,167.49,0.1,92.0,4.0,ML,,,,2.6,0.1,4
2620468,2006-09-04T19:39:42Z,-40.61,0.0,176.86,0.0,44.0,3.0,ML,,,,2.8,0.2,4
2620495,2006-09-04T20:56:52Z,-42.49,0.0,172.72,0.0,5.0,0.0,ML,,,,2.7,0.2,9
2620499,2006-09-04T21:10:22Z,-44.09,0.0,168.51,0.0,5.0,0.0,ML,,,,2.9,0.2,10
2620500,2006-09-04T21:17:43Z,-38.39,0.0,177.67,0.0,33.0,0.0,ML,,,,3.5,0.3,4
2620508,2006-09-04T21:35:26Z,-42.68,0.0,171.92,0.0,12.0,0.0,ML,,,,2.7,0.3,6
2620518,2006-09-04T22:12:53Z,-38.33,0.0,176.05,0.1,184.0,7.0,ML,,,,3.1,0.2,6
2620532,2006-09-04T22:56:48Z,-37.63,0.0,176.16,0.1,196.0,6.0,ML,,,,2.9,0.1,5
2620537,2006-09-04T23:08:49Z,-36.16,0.2,177.7,0.2,169.0,18.0,ML,,,,3.4,0.1,5
2620547,2006-09-04T23:37:23Z,-38.07,0.0,176.72,0.0,5.0,0.0,ML,,,,1.8,nan,1
2620564,2006-09-05T00:30:06Z,-40.45,0.0,176.9,0.0,48.0,5.0,ML,,,,2.4,0.2,4
2620569,2006-09-05T00:38:22Z,-44.77,0.0,170.54,0.0,5.0,0.0,ML,,,,2.2,0.2,5
2620630,2006-09-05T03:21:34Z,-40.48,0.0,176.91,0.0,48.0,4.0,ML,,,,2.9,0.2,4
2882129,2006-09-05T03:22:01Z,-45.02,0.0,167.54,0.0,75.0,3.0,ML,,,,2.5,0.1,4
2620654,2006-09-05T04:33:49Z,-40.17,0.0,174.77,0.0,12.0,0.0,ML,,,,2.2,0.1,3
2620673,2006-09-05T05:19:58Z,-39.4,0.0,177.67,0.0,28.0,1.0,ML,,,,2.4,0.1,3
2620680,2006-09-05T05:42:35Z,-40.31,0.0,176.36,0.0,44.0,5.0,ML,,,,2.3,0.3,4
2620681,2006-09-05T05:43:28Z,-39.79,0.1,174.08,0.0,195.0,7.0,ML,,,,3.1,0.3,8
2882258,2006-09-05T05:45:23Z,-39.42,0.0,177.67,0.0,25.0,3.0,ML,,,,2.1,0.1,2
2620683,2006-09-05T05:52:04Z,-45.12,0.0,167.59,0.0,99.0,4.0,ML,,,,2.4,0.1,4
2620691,2006-09-05T06:23:11Z,-44.45,0.0,168.21,0.0,12.0,0.0,ML,,,,3.0,0.2,6
2620695,2006-09-05T06:41:46Z,-40.64,0.0,176.42,0.0,32.0,1.0,ML,,,,3.1,0.3,4
2620696,2006-09-05T06:43:36Z,-38.14,0.0,176.35,0.0,146.0,4.0,ML,,,,3.2,0.3,6
2620698,2006-09-05T06:52:56Z,-42.39,0.0,171.31,0.0,12.0,0.0,ML,,,,2.2,0.4,3
2620704,2006-09-05T07:20:48Z,-41.98,0.0,172.31,0.0,78.0,4.0,ML,,,,1.9,0.4,2
2884558,2006-09-05T07:21:17Z,-40.65,0.0,174.92,0.0,33.0,1.0,ML,,,,2.5,0.1,12
2620716,2006-09-05T07:50:42Z,-38.42,0.0,175.81,0.1,152.0,5.0,ML,,,,2.7,0.1,3
2620720,2006-09-05T08:08:51Z,-39.05,0.0,177.97,0.1,27.0,3.0,ML,,,,2.1,0.2,2
2620729,2006-09-05T08:34:31Z,-40.44,0.0,176.86,0.0,42.0,4.0,ML,,,,2.5,0.3,4
2620767,2006-09-05T10:01:10Z,-45.22,0.0,167.41,0.1,77.0,6.0,ML,,,,2.1,0.3,3
2620776,2006-09-05T10:24:24Z,-44.53,0.0,168.47,0.0,5.0,0.0,ML,,,,2.2,0.4,7
2620785,2006-09-05T11:00:19Z,-42.47,0.0,172.71,0.0,5.0,0.0,ML,,,,3.4,0.2,13
2620790,2006-09-05T11:05:28Z,-40.96,0.0,174.88,0.0,34.0,1.0,ML,,,,2.2,0.2,7
2620798,2006-09-05T11:31:23Z,-40.13,0.0,177.04,0.0,20.0,2.0,ML,,,,2.9,0.3,9
2620803,2006-09-05T11:43:31Z,-39.8,0.0,174.04,0.0,148.0,4.0,ML,,,,2.6,0.2,4
2620819,2006-09-05T12:51:17Z,-45.2,0.0,166.63,0.0,12.0,0.0,ML,,,,2.5,0.1,7
2620820,2006-09-05T12:57:00Z,-37.86,0.0,176.04,0.0,188.0,3.0,ML,,,,3.4,0.2,10
2620844,2006-09-05T14:13:31Z,-40.07,0.0,177.06,0.0,23.0,2.0,ML,,,,2.4,0.3,5
2620852,2006-09-05T14:27:33Z,-41.72,0.0,172.21,0.0,100.0,2.0,ML,,,,3.0,0.2,8
2620889,2006-09-05T16:29:43Z,-44.57,0.0,168.59,0.0,5.0,0.0,ML,,,,2.2,0.3,9
2620909,2006-09-05T17:59:38Z,-39.36,0.0,176.81,0.0,45.0,2.0,ML,,,,3.9,0.2,16
2620910,2006-09-05T18:01:34Z,-40.58,0.0,176.71,0.1,5.0,0.0,ML,,,,4.0,0.2,13
2620916,2006-09-05T18:18:38Z,-40.49,0.0,176.93,0.0,41.0,6.0,ML,,,,3.6,0.2,12
2620918,2006-09-05T18:32:42Z,-41.23,0.0,174.55,0.0,35.0,1.0,ML,,,,3.3,0.2,12
2620922,2006-09-05T18:48:49Z,-42.32,0.0,172.12,0.0,5.0,0.0,ML,,,,2.2,0.2,6
2620925,2006-09-05T18:57:46Z,-45.08,0.0,167.49,0.0,81.0,1.0,ML,,,,2.9,0.2,10
2620938,2006-09-05T19:32:14Z,-40.55,0.0,175.63,0.0,27.0,3.0,ML,,,,2.1,0.2,4
2620954,2006-09-05T20:17:54Z,-40.05,0.0,176.62,0.0,33.0,0.0,ML,,,,2.4,0.2,4
2620982,2006-09-05T21:48:22Z,-41.41,0.0,172.38,0.0,5.0,0.0,ML,,,,2.2,0.2,5
2620983,2006-09-05T21:53:23Z,-45.12,0.0,167.45,0.0,116.0,2.0,ML,,,,3.2,0.1,5
2620985,2006-09-05T21:57:56Z,-39.63,0.0,174.03,0.0,190.0,3.0,ML,,,,3.8,0.2,9
2621003,2006-09-05T22:58:25Z,-40.57,0.0,174.06,0.0,64.0,3.0,ML,,,,2.5,0.2,4
2621005,2006-09-05T23:05:09Z,-38.43,0.0,176.25,0.1,183.0,4.0,ML,,,,3.3,0.2,5
2621009,2006-09-05T23:21:28Z,-37.18,0.0,179.51,0.0,12.0,0.0,ML,,,,3.7,0.2,13
2621014,2006-09-05T23:42:30Z,-39.79,0.0,174.99,0.0,42.0,1.0,ML,,,,2.2,nan,1
2621019,2006-09-05T23:54:29Z,-38.69,0.0,176.04,0.0,97.0,2.0,ML,,,,3.0,0.2,8
2621020,2006-09-06T00:00:35Z,-37.18,0.1,179.47,0.0,12.0,0.0,ML,,,,3.1,0.1,3
2621030,2006-09-06T00:27:47Z,-47.43,0.1,165.75,0.1,12.0,0.0,ML,,,,3.6,0.3,4
2621046,2006-09-06T01:23:11Z,-38.2,0.0,178.37,0.0,27.0,1.0,ML,,,,2.6,0.2,4
2621056,2006-09-06T01:59:05Z,-40.18,0.0,174.87,0.0,12.0,0.0,ML,,,,2.2,0.2,10
2621065,2006-09-06T02:24:38Z,-39.44,0.0,175.37,0.0,5.0,0.0,ML,,,,1.6,0.1,7
2621079,2006-09-06T03:15:25Z,-38.83,0.0,176.74,0.0,5.0,0.0,ML,,,,2.7,0.2,12
2882197,2006-09-06T03:24:25Z,-41.44,0.0,174.59,0.0,20.0,1.0,ML,,,,1.8,0.1,3
2621084,2006-09-06T03:25:48Z,-41.09,0.0,174.75,0.0,34.0,1.0,ML,,,,3.0,0.2,11
2621104,2006-09-06T04:28:14Z,-40.71,0.0,176.91,0.0,32.0,1.0,ML,,,,2.7,0.3,4
2621140,2006-09-06T06:05:13Z,-37.28,0.1,177.5,0.1,146.0,5.0,ML,,,,2.8,0.3,5
2621146,2006-09-06T06:23:09Z,-39.16,0.0,175.3,0.0,1.0,0.0,ML,,,,2.3,0.1,2
2882239,2006-09-06T06:23:47Z,-41.97,0.0,173.14,0.0,17.0,1.0,ML,,,,1.9,0.0,2
2621153,2006-09-06T06:53:28Z,-39.45,0.0,175.4,0.0,12.0,1.0,ML,,,,1.5,0.1,8
2621155,2006-09-06T07:02:36Z,-40.22,0.0,173.53,0.0,162.0,2.0,ML,,,,3.2,0.2,9
2621157,2006-09-06T07:10:33Z,-39.24,0.0,175.42,0.0,11.0,1.0,ML,,,,1.8,0.1,7
2621159,2006-09-06T07:13:33Z,-39.02,0.0,175.27,0.0,17.0,2.0,ML,,,,2.0,0.2,15
2621160,2006-09-06T07:17:00Z,-39.46,0.0,175.39,0.0,12.0,1.0,ML,,,,1.4,0.3,4
2621172,2006-09-06T08:00:45Z,-44.31,0.0,170.14,0.1,11.0,2.0,ML,,,,2.1,0.2,6
2621180,2006-09-06T08:19:40Z,-41.37,0.0,172.25,0.0,5.0,0.0,ML,,,,2.1,0.1,3
2621182,2006-09-06T08:26:20Z,-40.68,0.0,176.86,0.0,30.0,2.0,ML,,,,2.7,0.3,5
2882275,2006-09-06T08:28:06Z,-40.59,0.0,176.49,0.0,26.0,2.0,ML,,,,1.9,0.1,3
2621199,2006-09-06T09:24:10Z,-39.8,0.0,174.8,0.0,33.0,0.0,ML,,,,1.9,0.1,14
2621205,2006-09-06T09:40:52Z,-41.21,0.0,173.72,0.0,79.0,2.0,ML,,,,2.8,0.2,11
2621213,2006-09-06T10:05:47Z,-39.88,0.0,175.18,0.0,23.0,1.0,ML,,,,2.8,0.2,15
2621214,2006-09-06T10:21:27Z,-39.95,0.0,179.01,0.1,33.0,0.0,ML,,,,3.2,0.2,20
2621219,2006-09-06T10:37:50Z,-44.4,0.0,168.0,0.0,5.0,0.0,ML,,,,2.1,0.2,7
2621222,2006-09-06T10:43:28Z,-41.5,0.0,174.57,0.0,49.0,1.0,ML,,,,3.1,0.2,14
2621224,2006-09-06T10:47:33Z,-39.91,0.0,178.93,0.1,33.0,0.0,ML,,,,3.1,0.2,12
2621225,2006-09-06T10:53:09Z,-40.4,0.0,175.84,0.0,23.0,1.0,ML,,,,2.2,0.2,6
2621232,2006-09-06T11:11:43Z,-39.03,0.0,177.89,0.0,35.0,2.0,ML,,,,2.5,0.2,3
2621234,2006-09-06T11:13:55Z,-39.85,0.0,175.09,0.0,31.0,1.0,ML,,,,2.0,0.1,10
2621236,2006-09-06T11:23:25Z,-39.16,0.0,175.63,0.0,1.0,0.0,ML,,,,1.1,0.1,2
2621239,2006-09-06T11:35:31Z,-45.08,0.0,167.51,0.0,81.0,3.0,ML,,,,2.9,0.2,10
2621258,2006-09-06T12:53:30Z,-39.48,0.0,177.64,0.0,33.0,0.0,ML,,,,2.1,0.1,2
2621284,2006-09-06T14:17:49Z,-41.43,0.0,174.59,0.0,23.0,1.0,ML,,,,2.0,0.1,7
2621287,2006-09-06T14:30:34Z,-37.44,0.0,177.32,0.0,113.0,4.0,ML,,,,2.4,0.2,4
2884623,2006-09-06T14:33:18Z,-45.19,0.0,167.16,0.0,27.0,2.0,ML,,,,1.7,0.1,3
2621291,2006-09-06T14:36:52Z,-40.05,0.0,176.54,0.0,41.0,2.0,ML,,,,2.2,0.2,6
2621297,2006-09-06T14:56:21Z,-40.45,0.0,176.89,0.0,46.0,2.0,ML,,,,2.1,0.2,4
2884627,2006-09-06T14:59:20Z,-45.23,0.0,166.85,0.0,23.0,1.0,ML,,,,1.8,0.2,3
2621305,2006-09-06T15:23:34Z,-40.06,0.0,176.44,0.0,48.0,2.0,ML,,,,1.8,0.2,4
2884646,2006-09-06T15:52:33Z,-37.23,0.1,-178.88,0.1,33.0,0.0,ML,,,,3.1,0.1,4
2621316,2006-09-06T15:53:33Z,-39.37,0.0,175.49,0.0,16.0,1.0,ML,,,,1.4,0.1,5
2621343,2006-09-06T17:08:18Z,-41.65,0.0,172.13,0.0,5.0,0.0,ML,,,,2.0,0.2,3
2621348,2006-09-06T17:29:59Z,-37.08,0.1,177.82,0.1,163.0,5.0,ML,,,,2.6,0.3,3
2621354,2006-09-06T17:52:37Z,-41.22,0.0,174.55,0.0,34.0,1.0,ML,,,,2.5,0.1,6
2621390,2006-09-06T19:41:55Z,-41.78,0.0,174.36,0.0,13.0,2.0,ML,,,,2.8,0.2,11
2621396,2006-09-06T19:59:39Z,-40.07,0.0,176.75,0.0,23.0,1.0,ML,,,,2.5,0.2,11
2621397,2006-09-06T20:02:22Z,-39.27,0.0,175.35,0.0,15.0,2.0,ML,,,,1.4,0.4,4
2621408,2006-09-06T20:34:04Z,-41.11,0.0,173.77,0.0,61.0,2.0,ML,,,,2.3,0.2,6
2621425,2006-09-06T21:32:12Z,-45.22,0.0,167.34,0.0,85.0,2.0,ML,,,,2.3,0.1,3
2621431,2006-09-06T21:48:44Z,-40.37,0.0,176.24,0.0,31.0,2.0,ML,,,,2.1,0.2,4
2885060,2006-09-06T21:49:14Z,-40.35,0.0,176.29,0.0,34.0,2.0,ML,,,,2.4,0.3,4
2621434,2006-09-06T21:52:57Z,-44.41,0.0,168.02,0.0,5.0,0.0,ML,,,,2.2,0.2,8
2621439,2006-09-06T22:05:51Z,-39.29,0.0,177.68,0.0,35.0,3.0,ML,,,,2.3,0.2,3
2621449,2006-09-06T22:33:29Z,-38.07,0.0,176.76,0.0,5.0,0.0,ML,,,,1.4,0.2,2
2621487,2006-09-07T00:24:01Z,-39.04,0.0,173.97,0.0,12.0,0.0,ML,,,,1.7,0.2,5
2621488,2006-09-07T00:25:56Z,-46.28,0.0,169.01,0.0,12.0,0.0,ML,,,,2.0,0.2,4
2881376,2006-09-07T00:27:41Z,-40.28,0.0,173.58,0.0,160.0,6.0,ML,,,,2.9,0.2,5
2621499,2006-09-07T00:50:32Z,-41.27,0.0,175.23,0.0,26.0,2.0,ML,,,,1.9,0.1,6
2621512,2006-09-07T01:20:59Z,-40.49,0.0,176.86,0.0,33.0,0.0,ML,,,,2.8,0.2,4
2621519,2006-09-07T01:35:23Z,-40.19,0.0,176.79,0.0,33.0,0.0,ML,,,,2.1,0.2,3
2621520,2006-09-07T01:38:36Z,-41.85,0.0,174.15,0.0,32.0,1.0,ML,,,,2.5,0.1,16
2621522,2006-09-07T01:47:52Z,-38.5,0.1,176.24,0.1,104.0,8.0,ML,,,,2.5,0.1,3
2621548,2006-09-07T03:03:47Z,-38.34,0.0,177.22,0.0,45.0,2.0,ML,,,,3.6,0.2,6
2621550,2006-09-07T03:11:45Z,-40.1,0.0,177.32,0.0,32.0,1.0,ML,,,,2.5,0.3,3
2621560,2006-09-07T03:34:57Z,-38.63,0.0,178.47,0.0,33.0,0.0,ML,,,,2.8,0.2,2
2621562,2006-09-07T03:41:33Z,-39.48,0.0,175.39,0.0,12.0,1.0,ML,,,,1.6,0.2,4
2621564,2006-09-07T03:44:54Z,-40.02,0.1,173.72,0.0,214.0,7.0,ML,,,,3.1,0.3,7
2621567,2006-09-07T03:59:14Z,-38.13,0.0,176.72,0.0,6.0,0.0,ML,,,,1.7,0.0,1
2621576,2006-09-07T04:25:59Z,-41.98,0.0,174.44,0.0,33.0,0.0,ML,,,,2.5,0.1,11
2621595,2006-09-07T05:20:56Z,-44.17,0.0,168.43,0.0,5.0,0.0,ML,,,,2.8,0.2,12
2621597,2006-09-07T05:28:03Z,-38.3,0.0,177.24,0.0,40.0,3.0,ML,,,,2.3,0.4,3
2621602,2006-09-07T05:43:42Z,-38.97,0.0,173.99,0.0,5.0,0.0,ML,,,,2.1,0.3,8
2621637,2006-09-07T07:22:33Z,-40.19,0.0,174.93,0.0,33.0,0.0,ML,,,,2.8,0.2,7
2621646,2006-09-07T07:47:13Z,-38.75,0.1,175.56,0.1,266.0,12.0,ML,,,,3.1,0.2,5
2621649,2006-09-07T07:58:04Z,-45.7,0.0,167.18,0.0,12.0,0.0,ML,,,,2.4,0.2,3
2621661,2006-09-07T08:28:36Z,-39.23,0.0,174.96,0.0,31.0,1.0,ML,,,,2.2,0.2,18
2621682,2006-09-07T09:23:03Z,-40.36,0.0,176.54,0.0,32.0,2.0,ML,,,,3.1,0.2,13
2621684,2006-09-07T09:30:20Z,-41.33,0.0,173.31,0.0,83.0,3.0,ML,,,,3.1,0.2,15
2621685,2006-09-07T09:33:03Z,-39.77,0.0,173.86,0.0,181.0,7.0,ML,,,,2.9,0.4,3
2621693,2006-09-07T10:02:34Z,-37.74,0.0,176.81,0.0,5.0,0.0,ML,,,,3.1,0.2,10
2621709,2006-09-07T10:54:52Z,-39.25,0.0,174.57,0.0,30.0,2.0,ML,,,,1.9,0.1,8
2621723,2006-09-07T11:35:30Z,-39.53,0.0,175.68,0.0,18.0,1.0,ML,,,,1.8,0.1,7
2621727,2006-09-07T11:48:07Z,-40.67,0.0,176.29,0.0,23.0,1.0,ML,,,,2.2,0.2,3
2621731,2006-09-07T12:02:38Z,-45.31,0.0,166.81,0.1,12.0,0.0,ML,,,,2.9,0.2,10
2621763,2006-09-07T13:38:48Z,-43.1,0.0,170.62,0.0,6.0,1.0,ML,,,,2.5,0.3,9
2621764,2006-09-07T13:42:09Z,-38.38,0.0,179.08,0.0,12.0,0.0,ML,,,,3.0,0.1,3
2621783,2006-09-07T14:36:40Z,-38.87,0.0,175.52,0.0,118.0,3.0,ML,,,,3.1,0.2,10
2621786,2006-09-07T14:47:28Z,-39.04,0.0,176.22,0.0,57.0,1.0,ML,,,,2.1,0.0,2
2621791,2006-09-07T14:59:21Z,-39.04,0.0,174.0,0.0,9.0,2.0,ML,,,,1.7,0.2,5
2621812,2006-09-07T16:38:37Z,-44.64,0.0,168.17,0.0,12.0,0.0,ML,,,,2.2,0.1,4
2621816,2006-09-07T16:58:29Z,-40.0,0.0,176.76,0.0,46.0,4.0,ML,,,,3.1,0.1,12
2621823,2006-09-07T17:19:38Z,-37.78,0.0,176.81,0.0,5.0,0.0,ML,,,,3.6,0.3,9
2621825,2006-09-07T17:31:18Z,-39.03,0.0,175.27,0.0,146.0,3.0,ML,,,,5.0,0.2,13
2621827,2006-09-07T17:43:43Z,-42.06,0.0,173.85,0.0,19.0,2.0,ML,,,,2.8,0.1,9
2621828,2006-09-07T17:47:37Z,-42.05,0.0,173.84,0.0,19.0,2.0,ML,,,,2.6,0.2,14
2621835,2006-09-07T18:20:19Z,-37.47,0.0,176.71,0.1,315.0,4.0,ML,,,,3.8,0.2,8
2621842,2006-09-07T18:48:45Z,-45.31,0.0,167.35,0.0,5.0,0.0,ML,,,,2.3,0.1,4
2621855,2006-09-07T19:44:19Z,-40.54,0.0,175.14,0.0,5.0,0.0,ML,,,,2.0,0.2,6
2621868,2006-09-07T20:14:09Z,-41.44,0.0,174.29,0.0,58.0,2.0,ML,,,,2.3,0.1,4
2621887,2006-09-07T21:16:20Z,-41.72,0.0,174.29,0.0,12.0,0.0,ML,,,,2.0,0.1,5
2621897,2006-09-07T21:50:10Z,-38.04,0.0,177.19,0.0,77.0,2.0,ML,,,,2.8,0.1,4
2621912,2006-09-07T22:39:21Z,-39.76,0.0,175.01,0.0,36.0,2.0,ML,,,,2.7,0.1,7
2881726,2006-09-08T00:16:19Z,-45.19,0.0,166.97,0.1,5.0,0.0,ML,,,,1.8,0.2,3
2621944,2006-09-08T00:16:40Z,-38.61,0.0,175.81,0.1,163.0,5.0,ML,,,,3.1,0.1,7
2621968,2006-09-08T01:33:22Z,-40.58,0.0,176.49,0.0,22.0,3.0,ML,,,,2.4,0.1,4
2621969,2006-09-08T01:35:25Z,-36.89,0.0,178.1,0.0,33.0,0.0,ML,,,,2.7,0.2,4
2621977,2006-09-08T01:59:59Z,-39.74,0.0,175.3,0.0,71.0,2.0,ML,,,,2.5,0.3,5
2622037,2006-09-08T05:04:44Z,-39.11,0.0,175.26,0.0,14.0,1.0,ML,,,,1.9,0.1,14
2622050,2006-09-08T05:41:50Z,-39.42,0.0,176.48,0.0,72.0,2.0,ML,,,,3.1,0.2,13
2622062,2006-09-08T06:18:11Z,-45.3,0.0,166.83,0.1,22.0,3.0,ML,,,,2.2,0.2,3
2622065,2006-09-08T06:28:41Z,-38.59,0.0,177.74,0.0,24.0,3.0,ML,,,,2.9,0.2,5
2622073,2006-09-08T06:53:19Z,-40.21,0.0,176.82,0.0,33.0,0.0,ML,,,,1.8,0.1,4
2622081,2006-09-08T07:14:18Z,-39.36,0.0,173.9,0.0,21.0,4.0,ML,,,,1.3,0.1,2
2622086,2006-09-08T07:28:00Z,-42.32,0.0,173.66,0.1,12.0,0.0,ML,,,,2.4,0.2,4
2622087,2006-09-08T07:31:55Z,-43.32,0.0,172.56,0.0,12.0,0.0,ML,,,,2.3,0.1,4
2622093,2006-09-08T07:45:18Z,-40.04,0.0,173.65,0.0,211.0,4.0,ML,,,,3.3,0.2,13
2622095,2006-09-08T07:54:03Z,-40.96,0.0,173.41,0.0,87.0,2.0,ML,,,,2.0,0.2,4
2622115,2006-09-08T09:07:42Z,-38.83,0.0,175.96,0.0,5.0,0.0,ML,,,,1.5,0.1,9
2884505,2006-09-08T09:08:39Z,-38.83,0.0,175.96,0.0,5.0,0.0,ML,,,,1.9,0.1,5
2884511,2006-09-08T09:09:48Z,-39.04,0.0,177.74,0.0,28.0,1.0,ML,,,,1.9,0.1,2
2622117,2006-09-08T09:09:52Z,-40.76,0.0,175.39,0.0,26.0,1.0,ML,,,,1.8,0.1,6
2622123,2006-09-08T09:28:15Z,-37.72,0.0,179.06,0.1,33.0,0.0,ML,,,,3.2,0.2,9
2622129,2006-09-08T09:44:18Z,-39.89,0.0,174.57,0.0,125.0,3.0,ML,,,,2.5,0.3,5
2622130,2006-09-08T09:45:49Z,-39.07,0.0,177.71,0.0,34.0,2.0,ML,,,,2.6,0.0,3
2622131,2006-09-08T09:54:51Z,-40.57,0.0,175.82,0.0,33.0,2.0,ML,,,,1.9,0.2,3
2622134,2006-09-08T10:06:08Z,-42.3,0.0,173.7,0.0,12.0,0.0,ML,,,,2.4,0.2,4
2622146,2006-09-08T10:46:20Z,-41.21,0.0,174.32,0.0,37.0,1.0,ML,,,,3.0,0.1,12
2622147,2006-09-08T10:48:51Z,-40.21,0.0,176.72,0.0,43.0,3.0,ML,,,,2.3,0.2,4
2622148,2006-09-08T10:53:33Z,-39.16,0.0,175.63,0.0,1.0,0.0,ML,,,,1.1,0.1,2
2622159,2006-09-08T11:33:00Z,-44.92,0.0,167.66,0.0,79.0,2.0,ML,,,,2.3,0.2,9
2622178,2006-09-08T12:37:12Z,-43.85,0.0,169.33,0.0,5.0,0.0,ML,,,,1.9,0.1,7
2622182,2006-09-08T12:47:43Z,-38.64,0.0,175.88,0.0,138.0,2.0,ML,,,,3.4,0.2,15
2622188,2006-09-08T13:08:01Z,-37.65,0.0,179.25,0.1,33.0,0.0,ML,,,,2.7,0.1,4
2622198,2006-09-08T13:30:24Z,-40.15,0.0,176.3,0.0,55.0,3.0,ML,,,,2.1,0.3,5
2622208,2006-09-08T13:59:30Z,-44.56,0.0,167.0,0.0,12.0,0.0,ML,,,,2.2,0.2,6
2622210,2006-09-08T14:08:01Z,-39.18,0.0,173.91,0.0,16.0,3.0,ML,,,,1.3,0.3,2
2622211,2006-09-08T14:09:29Z,-37.5,0.1,176.85,0.1,120.0,6.0,ML,,,,2.5,0.1,3
2622217,2006-09-08T14:27:27Z,-40.19,0.0,174.92,0.0,25.0,2.0,ML,,,,3.2,0.2,29
2884599,2006-09-08T15:17:10Z,-46.11,0.0,167.36,0.0,5.0,0.0,ML,,,,2.4,0.3,6
2622233,2006-09-08T15:17:13Z,-40.59,0.0,175.77,0.0,31.0,2.0,ML,,,,2.5,0.3,19
2884603,2006-09-08T15:37:32Z,-40.97,0.0,173.69,0.0,96.0,2.0,ML,,,,2.5,nan,1
2622239,2006-09-08T15:38:56Z,-39.17,0.0,175.63,0.0,1.0,0.0,ML,,,,1.3,0.1,1
2622253,2006-09-08T16:26:09Z,-45.18,0.0,167.56,0.0,118.0,3.0,ML,,,,2.2,0.2,3
2622258,2006-09-08T16:43:44Z,-43.58,0.0,170.62,0.0,5.0,0.0,ML,,,,1.7,0.2,4
2884607,2006-09-08T16:46:02Z,-40.36,0.0,176.76,0.0,27.0,3.0,ML,,,,2.2,0.2,5
2622259,2006-09-08T16:58:04Z,-41.8,0.0,172.37,0.0,82.0,2.0,ML,,,,2.2,0.3,3
2622262,2006-09-08T17:03:45Z,-39.97,0.0,176.84,0.0,42.0,2.0,ML,,,,2.1,0.3,5
2622264,2006-09-08T17:11:40Z,-40.72,0.0,175.49,0.0,25.0,1.0,ML,,,,1.8,0.1,6
2622265,2006-09-08T17:18:23Z,-39.15,0.0,173.92,0.0,12.0,0.0,ML,,,,1.4,0.2,2
2622267,2006-09-08T17:24:38Z,-40.96,0.0,175.45,0.0,25.0,1.0,ML,,,,1.7,0.2,5
2884612,2006-09-08T17:24:47Z,-40.13,0.0,174.93,0.0,12.0,0.0,ML,,,,1.9,0.1,11
2622270,2006-09-08T17:30:49Z,-40.2,0.0,176.87,0.0,39.0,1.0,ML,,,,1.7,0.2,4
2622271,2006-09-08T17:33:02Z,-40.24,0.0,176.76,0.0,27.0,2.0,ML,,,,1.7,0.2,5
2622283,2006-09-08T18:15:57Z,-41.4,0.0,172.33,0.0,12.0,0.0,ML,,,,2.1,0.1,4
2622305,2006-09-08T19:31:02Z,-39.18,0.0,174.84,0.0,31.0,1.0,ML,,,,2.1,0.2,11
2622310,2006-09-08T19:47:39Z,-45.18,0.0,167.31,0.0,5.0,0.0,ML,,,,2.2,0.3,4
2622325,2006-09-08T20:36:49Z,-41.18,0.0,172.67,0.0,168.0,3.0,ML,,,,3.4,0.3,13
2622333,2006-09-08T21:07:00Z,-39.98,0.0,174.73,0.0,111.0,4.0,ML,,,,2.6,0.1,7
2622339,2006-09-08T21:24:44Z,-39.52,0.0,175.83,0.0,55.0,2.0,ML,,,,2.2,0.1,4
2622353,2006-09-08T22:08:28Z,-42.3,0.0,173.67,0.0,12.0,0.0,ML,,,,2.3,0.2,3
2622368,2006-09-08T22:55:19Z,-41.42,0.0,172.35,0.0,5.0,0.0,ML,,,,2.3,0.2,6
2622375,2006-09-08T23:15:33Z,-39.03,0.0,175.28,0.0,12.0,0.0,ML,,,,1.6,0.1,7
2622378,2006-09-08T23:24:22Z,-45.16,0.0,167.08,0.0,12.0,0.0,ML,,,,2.5,0.3,7
2622384,2006-09-08T23:47:29Z,-36.0,0.2,-179.62,0.2,33.0,0.0,ML,,,,3.8,0.1,10
2622388,2006-09-09T00:00:36Z,-35.33,0.2,178.75,0.1,282.0,16.0,ML,,,,4.6,0.2,8
2622391,2006-09-09T00:12:15Z,-40.31,0.0,176.47,0.0,30.0,3.0,ML,,,,2.3,0.3,6
2622394,2006-09-09T00:25:10Z,-43.61,0.0,170.61,0.0,5.0,0.0,ML,,,,2.3,0.2,6
2622395,2006-09-09T00:28:37Z,-45.26,0.0,166.62,0.0,12.0,0.0,ML,,,,2.1,0.3,4
2622407,2006-09-09T01:06:21Z,-39.51,0.0,175.7,0.0,22.0,1.0,ML,,,,1.7,0.1,7
2622422,2006-09-09T01:52:36Z,-39.18,0.0,177.63,0.0,32.0,1.0,ML,,,,2.6,0.1,2
2622442,2006-09-09T03:04:34Z,-42.08,0.0,172.94,0.0,61.0,2.0,ML,,,,2.1,0.2,2
2622451,2006-09-09T03:30:23Z,-38.98,0.0,173.99,0.0,5.0,0.0,ML,,,,3.6,0.3,22
2622472,2006-09-09T04:42:47Z,-40.48,0.0,175.96,0.0,28.0,4.0,ML,,,,1.7,0.1,2
2622474,2006-09-09T04:51:26Z,-41.81,0.0,172.16,0.0,96.0,2.0,ML,,,,2.5,0.1,4
2622481,2006-09-09T05:19:01Z,-41.28,0.0,175.31,0.0,25.0,1.0,ML,,,,2.4,0.1,5
2622482,2006-09-09T05:23:52Z,-44.83,0.0,168.0,0.0,100.0,5.0,ML,,,,2.4,0.3,6
2622498,2006-09-09T06:04:42Z,-39.11,0.0,173.66,0.0,5.0,0.0,ML,,,,1.6,0.1,3
2622502,2006-09-09T06:21:52Z,-41.27,0.0,172.61,0.0,202.0,2.0,ML,,,,3.4,0.2,8
2622525,2006-09-09T07:34:40Z,-38.21,0.0,175.86,0.0,173.0,3.0,ML,,,,3.6,0.4,17
2887464,2006-09-09T07:35:39Z,-37.82,0.0,179.95,0.0,33.0,0.0,ML,,,,3.1,0.1,8
2622528,2006-09-09T07:39:52Z,-36.97,0.0,176.69,0.0,282.0,3.0,ML,,,,3.9,0.2,18
2622534,2006-09-09T08:00:09Z,-39.51,0.0,175.73,0.0,18.0,1.0,ML,,,,1.8,0.2,7
2622540,2006-09-09T08:18:17Z,-38.49,0.0,178.92,0.1,33.0,0.0,ML,,,,2.4,0.1,4
2622541,2006-09-09T08:24:48Z,-42.0,0.0,174.1,0.0,20.0,2.0,ML,,,,2.2,0.2,10
2887482,2006-09-09T08:26:05Z,-39.17,0.0,175.63,0.0,1.0,0.0,ML,,,,1.1,0.1,2
2622542,2006-09-09T08:28:44Z,-41.95,0.0,171.54,0.1,5.0,0.0,ML,,,,1.8,0.1,3
2622549,2006-09-09T09:00:10Z,-40.58,0.0,175.86,0.0,34.0,3.0,ML,,,,1.8,0.0,2
2887485,2006-09-09T09:01:27Z,-43.12,0.0,171.46,0.0,5.0,0.0,ML,,,,2.3,0.4,5
2622554,2006-09-09T09:19:34Z,-42.57,0.0,172.59,0.0,5.0,0.0,ML,,,,2.7,0.3,9
2622558,2006-09-09T09:39:02Z,-45.0,0.0,167.62,0.1,101.0,4.0,ML,,,,2.3,0.2,4
2622560,2006-09-09T09:47:26Z,-39.77,0.1,173.9,0.0,120.0,10.0,ML,,,,2.5,0.4,3
2622594,2006-09-09T11:36:35Z,-43.12,0.0,171.12,0.0,5.0,0.0,ML,,,,2.8,0.3,13
2622598,2006-09-09T11:47:04Z,-34.82,0.0,178.34,0.1,33.0,0.0,ML,,,,3.8,0.1,3
2622599,2006-09-09T11:49:36Z,-39.52,0.0,175.7,0.0,14.0,1.0,ML,,,,1.9,0.2,8
2622603,2006-09-09T12:01:05Z,-43.45,0.0,169.81,0.0,5.0,0.0,ML,,,,2.7,0.2,11
2622625,2006-09-09T13:09:58Z,-41.1,0.0,174.78,0.0,50.0,1.0,ML,,,,2.2,0.2,6
2622637,2006-09-09T13:48:53Z,-44.74,0.0,167.35,0.0,33.0,0.0,ML,,,,2.8,0.2,11
2622646,2006-09-09T14:41:21Z,-43.58,0.0,170.62,0.0,5.0,0.0,ML,,,,1.9,0.2,5
2622647,2006-09-09T14:46:32Z,-40.52,0.0,174.65,0.0,24.0,2.0,ML,,,,2.6,0.2,23
2622649,2006-09-09T14:55:46Z,-45.17,0.0,166.85,0.0,12.0,0.0,ML,,,,2.1,0.2,4
2622651,2006-09-09T15:04:53Z,-40.52,0.0,174.65,0.0,24.0,3.0,ML,,,,2.2,0.1,12
2622662,2006-09-09T15:48:17Z,-36.37,0.0,178.44,0.1,33.0,0.0,ML,,,,3.3,0.2,6
2622679,2006-09-09T16:47:17Z,-41.41,0.0,174.04,0.0,39.0,2.0,ML,,,,2.8,0.1,4
2622684,2006-09-09T17:14:51Z,-43.6,0.0,170.62,0.0,5.0,0.0,ML,,,,1.9,0.2,5
2622696,2006-09-09T17:55:30Z,-41.39,0.0,173.01,0.0,105.0,3.0,ML,,,,2.5,0.3,5
2622700,2006-09-09T18:11:07Z,-45.12,0.0,167.47,0.0,121.0,4.0,ML,,,,2.5,0.1,3
2622701,2006-09-09T18:19:38Z,-45.13,0.0,166.84,0.1,12.0,0.0,ML,,,,3.2,0.2,11
2622705,2006-09-09T18:37:04Z,-39.14,0.0,175.43,0.0,7.0,1.0,ML,,,,1.8,0.2,10
2622730,2006-09-09T20:30:17Z,-42.05,0.0,172.9,0.0,76.0,2.0,ML,,,,2.4,0.4,2
2622732,2006-09-09T20:41:03Z,-43.57,0.0,170.62,0.0,5.0,0.0,ML,,,,1.8,0.2,5
2622753,2006-09-09T22:17:22Z,-43.0,0.0,171.39,0.0,5.0,0.0,ML,,,,2.5,0.2,4
2622770,2006-09-09T23:17:19Z,-41.74,0.0,173.82,0.0,12.0,0.0,ML,,,,2.3,0.2,11
2622786,2006-09-10T00:19:44Z,-38.23,0.0,176.16,0.0,167.0,3.0,ML,,,,3.6,0.1,12
2622810,2006-09-10T01:46:14Z,-37.36,0.0,177.44,0.0,104.0,5.0,ML,,,,2.8,0.3,3
2622840,2006-09-10T03:35:33Z,-44.99,0.0,167.53,0.0,75.0,3.0,ML,,,,3.0,0.1,10
2622866,2006-09-10T05:15:02Z,-39.27,0.0,173.9,0.0,20.0,1.0,ML,,,,1.8,0.1,2
2622880,2006-09-10T06:01:30Z,-40.45,0.0,176.22,0.0,46.0,3.0,ML,,,,3.2,0.2,8
2622889,2006-09-10T06:38:13Z,-37.85,0.1,178.47,0.1,82.0,5.0,ML,,,,2.9,0.0,4
2622892,2006-09-10T06:49:31Z,-37.71,0.0,177.49,0.0,12.0,0.0,ML,,,,2.7,0.2,4
2622911,2006-09-10T07:55:32Z,-39.9,0.0,177.0,0.0,33.0,1.0,ML,,,,2.9,0.1,4
2885467,2006-09-10T07:56:28Z,-39.92,0.0,177.04,0.0,38.0,1.0,ML,,,,1.9,0.0,3
2622916,2006-09-10T08:08:39Z,-41.12,0.0,173.44,0.0,92.0,2.0,ML,,,,3.0,0.2,10
2622921,2006-09-10T08:23:37Z,-44.48,0.0,168.29,0.0,5.0,0.0,ML,,,,1.6,0.2,4
2622923,2006-09-10T08:30:21Z,-43.58,0.0,170.63,0.0,5.0,0.0,ML,,,,2.3,0.1,8
2622926,2006-09-10T08:38:59Z,-44.39,0.0,168.19,0.0,5.0,0.0,ML,,,,2.2,0.4,6
2622928,2006-09-10T08:42:03Z,-40.61,0.0,174.71,0.0,45.0,2.0,ML,,,,2.3,0.2,5
2622935,2006-09-10T09:06:55Z,-39.6,0.0,178.44,0.1,33.0,0.0,ML,,,,3.4,0.2,6
2622956,2006-09-10T10:25:21Z,-43.45,0.0,169.82,0.0,5.0,0.0,ML,,,,2.4,0.2,5
2622967,2006-09-10T11:16:24Z,-43.34,0.0,170.16,0.0,33.0,0.0,ML,,,,1.9,0.1,3
2622974,2006-09-10T11:55:19Z,-41.09,0.0,175.07,0.0,28.0,1.0,ML,,,,2.3,0.2,10
2622978,2006-09-10T12:06:53Z,-40.73,0.0,173.03,0.0,200.0,3.0,ML,,,,2.7,nan,1
2622980,2006-09-10T12:12:10Z,-40.53,0.0,174.66,0.0,30.0,2.0,ML,,,,2.1,0.2,6
2622981,2006-09-10T12:16:05Z,-41.03,0.0,174.64,0.0,34.0,1.0,ML,,,,1.9,0.1,5
2622983,2006-09-10T12:29:05Z,-41.99,0.0,173.69,0.0,12.0,0.0,ML,,,,2.0,0.2,3
2622996,2006-09-10T13:00:54Z,-39.82,0.1,174.26,0.1,176.0,7.0,ML,,,,2.5,nan,1
2623006,2006-09-10T13:34:23Z,-38.59,0.0,176.15,0.0,104.0,2.0,ML,,,,4.1,0.2,22
2623030,2006-09-10T14:50:30Z,-41.94,0.0,171.87,0.0,5.0,0.0,ML,,,,2.2,0.2,4
2623032,2006-09-10T14:54:54Z,-39.28,0.0,174.87,0.0,31.0,1.0,ML,,,,2.3,0.1,5
2623042,2006-09-10T15:17:53Z,-38.47,0.1,175.86,0.1,90.0,13.0,ML,,,,2.4,0.1,4
2623049,2006-09-10T16:04:26Z,-45.15,0.0,167.26,0.0,72.0,3.0,ML,,,,2.0,0.2,3
2623066,2006-09-10T17:19:15Z,-45.28,0.0,166.72,0.0,22.0,2.0,ML,,,,1.7,0.3,2
2623072,2006-09-10T17:33:30Z,-41.41,0.0,172.21,0.0,5.0,0.0,ML,,,,2.8,0.2,10
2623073,2006-09-10T17:37:34Z,-41.41,0.0,172.22,0.0,5.0,0.0,ML,,,,2.2,0.3,5
2623080,2006-09-10T18:07:58Z,-41.42,0.0,174.67,0.0,29.0,1.0,ML,,,,2.1,0.1,10
2623093,2006-09-10T18:56:58Z,-39.42,0.0,175.51,0.0,18.0,3.0,ML,,,,1.5,0.1,3
2885544,2006-09-10T18:58:27Z,-42.42,0.0,172.87,0.0,33.0,0.0,ML,,,,2.3,0.2,6
2623103,2006-09-10T19:24:16Z,-39.03,0.0,175.8,0.0,5.0,0.0,ML,,,,1.3,0.1,6
2623129,2006-09-10T20:54:30Z,-40.55,0.0,175.13,0.0,5.0,0.0,ML,,,,2.9,0.1,16
2623132,2006-09-10T21:04:11Z,-45.07,0.0,167.33,0.0,59.0,1.0,ML,,,,2.5,0.2,3
2623139,2006-09-10T21:23:48Z,-39.16,0.0,175.63,0.0,1.0,0.0,ML,,,,1.1,0.1,3
2885558,2006-09-10T21:24:13Z,-41.08,0.0,172.43,0.0,5.0,0.0,ML,,,,2.4,0.1,5
2623195,2006-09-11T00:04:59Z,-39.43,0.0,175.23,0.0,33.0,1.0,ML,,,,2.1,0.2,13
2623209,2006-09-11T00:52:48Z,-44.52,0.0,167.89,0.0,30.0,4.0,ML,,,,2.3,0.2,6
2623240,2006-09-11T02:18:07Z,-43.42,0.0,169.8,0.0,5.0,0.0,ML,,,,3.0,0.2,13
2885570,2006-09-11T02:18:46Z,-40.27,0.0,176.32,0.0,53.0,1.0,ML,,,,2.4,0.2,2
2623241,2006-09-11T02:21:14Z,-39.09,0.0,175.28,0.0,14.0,1.0,ML,,,,1.8,0.1,8
2623271,2006-09-11T03:53:28Z,-44.74,0.0,168.01,0.0,92.0,4.0,ML,,,,2.6,0.2,5
2623301,2006-09-11T05:24:52Z,-39.23,0.0,177.31,0.0,51.0,4.0,ML,,,,3.3,0.2,9
2623302,2006-09-11T05:29:05Z,-41.96,0.0,174.19,0.0,24.0,1.0,ML,,,,2.0,0.2,3
2623315,2006-09-11T06:02:43Z,-41.27,0.0,172.71,0.0,183.0,2.0,ML,,,,5.2,0.2,25
2623320,2006-09-11T06:14:47Z,-41.26,0.0,172.42,0.0,5.0,0.0,ML,,,,1.8,0.2,3
2623356,2006-09-11T07:30:26Z,-41.16,0.0,174.6,0.0,55.0,1.0,ML,,,,2.2,0.1,6
2623362,2006-09-11T07:41:31Z,-41.08,0.0,175.05,0.0,27.0,1.0,ML,,,,2.4,0.1,7
2623392,2006-09-11T08:55:08Z,-42.33,0.0,172.51,0.0,12.0,0.0,ML,,,,2.0,0.2,3
2623395,2006-09-11T09:01:33Z,-39.75,0.0,176.97,0.0,59.0,2.0,ML,,,,2.4,0.2,5
2623405,2006-09-11T09:16:55Z,-40.31,0.0,173.29,0.0,180.0,4.0,ML,,,,2.8,0.1,5
2623411,2006-09-11T09:35:25Z,-41.37,0.0,172.52,0.0,130.0,4.0,ML,,,,2.1,nan,1
2623434,2006-09-11T10:41:55Z,-39.17,0.0,173.71,0.0,5.0,0.0,ML,,,,1.7,0.2,3
2623466,2006-09-11T12:30:12Z,-45.16,0.0,166.9,0.0,12.0,0.0,ML,,,,2.2,0.1,4
2623498,2006-09-11T14:08:01Z,-41.45,0.0,173.39,0.0,59.0,2.0,ML,,,,2.2,0.1,2
2623506,2006-09-11T14:35:44Z,-39.26,0.0,173.84,0.0,14.0,2.0,ML,,,,1.5,0.1,3
2623513,2006-09-11T14:56:33Z,-45.02,0.0,167.55,0.0,73.0,3.0,ML,,,,2.0,0.1,4
2623517,2006-09-11T15:07:59Z,-41.2,0.0,172.63,0.0,12.0,0.0,ML,,,,2.3,0.4,3
2623519,2006-09-11T15:14:04Z,-39.54,0.0,175.75,0.0,55.0,2.0,ML,,,,2.3,0.3,4
2623523,2006-09-11T15:28:55Z,-39.05,0.0,175.72,0.0,95.0,1.0,ML,,,,3.1,0.2,14
2623526,2006-09-11T15:34:42Z,-41.42,0.0,173.11,0.0,98.0,2.0,ML,,,,2.4,0.1,2
2623527,2006-09-11T15:42:09Z,-39.11,0.0,175.26,0.0,15.0,1.0,ML,,,,1.3,0.2,7
2623532,2006-09-11T16:09:29Z,-42.01,0.0,173.11,0.0,5.0,0.0,ML,,,,1.9,0.1,2
2623540,2006-09-11T16:38:32Z,-45.19,0.0,166.97,0.0,23.0,0.0,ML,,,,1.8,0.2,3
2623549,2006-09-11T17:13:28Z,-42.01,0.0,171.83,0.0,5.0,0.0,ML,,,,1.6,0.2,3
2623553,2006-09-11T17:28:44Z,-39.0,0.0,177.91,0.0,31.0,1.0,ML,,,,2.4,0.3,3
2623600,2006-09-11T19:49:32Z,-39.17,0.0,175.63,0.0,1.0,0.0,ML,,,,1.1,0.1,1
2623616,2006-09-11T20:49:57Z,-45.03,0.0,167.15,0.0,12.0,0.0,ML,,,,2.6,0.2,5
2623625,2006-09-11T21:16:09Z,-42.42,0.0,172.65,0.0,5.0,0.0,ML,,,,2.3,0.2,4
2886009,2006-09-11T21:20:17Z,-40.21,0.0,176.74,0.0,46.0,4.0,ML,,,,2.0,0.1,3
2623626,2006-09-11T21:20:18Z,-37.73,0.0,177.54,0.0,33.0,0.0,ML,,,,2.5,0.3,4
2623630,2006-09-11T21:31:53Z,-41.06,0.0,175.07,0.0,30.0,1.0,ML,,,,2.2,0.3,4
2886026,2006-09-11T21:32:01Z,-41.06,0.0,175.08,0.0,28.0,2.0,ML,,,,1.9,0.2,4
2623648,2006-09-11T22:13:22Z,-40.76,0.0,174.42,0.0,5.0,0.0,ML,,,,1.8,0.2,5
2623661,2006-09-11T22:45:02Z,-39.25,0.0,173.81,0.0,15.0,1.0,ML,,,,1.8,0.2,3
2623672,2006-09-11T23:10:24Z,-39.47,0.0,175.7,0.0,62.0,2.0,ML,,,,2.3,0.1,2
2623676,2006-09-11T23:23:31Z,-44.94,0.0,167.64,0.0,84.0,3.0,ML,,,,3.2,0.2,7
2623722,2006-09-12T01:33:31Z,-37.24,0.0,177.28,0.0,140.0,1.0,ML,,,,3.0,0.1,4
2887357,2006-09-12T01:34:59Z,-40.61,0.0,175.75,0.0,19.0,1.0,ML,,,,2.4,0.2,7
2623726,2006-09-12T01:44:36Z,-45.22,0.0,166.83,0.0,27.0,1.0,ML,,,,2.3,0.3,3
2623739,2006-09-12T02:35:55Z,-39.3,0.0,174.7,0.0,23.0,2.0,ML,,,,2.4,0.1,8
2623742,2006-09-12T02:41:40Z,-38.12,0.1,175.96,0.1,180.0,6.0,ML,,,,3.5,0.2,8
2623775,2006-09-12T04:30:19Z,-36.31,0.0,177.86,0.0,174.0,2.0,ML,,,,3.0,0.0,3
2623831,2006-09-12T07:32:46Z,-37.47,0.0,178.37,0.1,69.0,4.0,ML,,,,3.2,0.2,7
2623836,2006-09-12T07:55:44Z,-39.96,0.0,173.25,0.0,12.0,0.0,ML,,,,2.7,0.2,13
2623853,2006-09-12T09:00:08Z,-45.11,0.0,167.46,0.0,132.0,6.0,ML,,,,3.3,0.4,10
2623865,2006-09-12T09:37:04Z,-41.07,0.0,175.08,0.0,27.0,1.0,ML,,,,1.8,0.2,3
2623867,2006-09-12T09:41:30Z,-37.75,0.1,176.09,0.1,188.0,9.0,ML,,,,3.0,0.2,6
2623869,2006-09-12T09:46:41Z,-37.8,0.0,177.97,0.0,76.0,3.0,ML,,,,3.0,0.2,5
2623899,2006-09-12T11:34:36Z,-42.93,0.0,173.3,0.0,33.0,0.0,ML,,,,2.1,0.2,3
2623911,2006-09-12T12:11:45Z,-39.23,0.0,177.68,0.0,33.0,0.0,ML,,,,2.3,0.1,3
2623913,2006-09-12T12:21:59Z,-39.69,0.0,175.99,0.0,12.0,0.0,ML,,,,2.1,0.3,9
2623919,2006-09-12T12:48:02Z,-40.18,0.0,174.87,0.0,12.0,0.0,ML,,,,2.5,0.2,22
2623925,2006-09-12T13:03:36Z,-37.11,0.1,176.6,0.1,275.0,5.0,ML,,,,3.6,0.2,12
2887376,2006-09-12T13:05:24Z,-39.26,0.0,173.82,0.0,14.0,2.0,ML,,,,1.7,0.2,3
2623935,2006-09-12T13:37:46Z,-39.78,0.0,176.18,0.0,37.0,6.0,ML,,,,3.2,0.1,4
2623937,2006-09-12T13:43:53Z,-40.43,0.0,174.2,0.0,88.0,3.0,ML,,,,3.2,0.1,10
2887381,2006-09-12T13:44:16Z,-39.16,0.0,175.63,0.0,1.0,0.0,ML,,,,0.9,0.1,3
2887382,2006-09-12T13:45:44Z,-44.91,0.0,167.59,0.0,77.0,2.0,ML,,,,2.5,0.3,6
2623938,2006-09-12T13:48:33Z,-40.71,0.0,172.31,0.0,5.0,0.0,ML,,,,2.3,0.2,4
2623950,2006-09-12T14:23:35Z,-38.53,0.0,175.88,0.0,5.0,0.0,ML,,,,1.7,0.1,2
2623957,2006-09-12T14:56:00Z,-39.22,0.0,174.67,0.0,30.0,1.0,ML,,,,2.3,0.2,17
2623958,2006-09-12T14:58:08Z,-41.58,0.0,172.24,0.0,5.0,0.0,ML,,,,1.5,0.1,3
2623983,2006-09-12T16:14:36Z,-47.7,0.0,165.44,0.1,33.0,0.0,ML,,,,3.2,0.3,4
2623988,2006-09-12T16:27:49Z,-35.59,0.2,178.29,0.3,201.0,23.0,ML,,,,3.1,0.1,3
2623990,2006-09-12T16:38:11Z,-39.45,0.0,175.87,0.0,58.0,2.0,ML,,,,3.0,0.2,10
2623991,2006-09-12T16:43:56Z,-37.6,0.1,176.57,0.1,177.0,8.0,ML,,,,3.1,0.2,8
2623994,2006-09-12T16:57:42Z,-36.92,0.0,177.29,0.0,167.0,5.0,ML,,,,3.1,0.3,9
2623997,2006-09-12T17:08:28Z,-40.82,0.0,176.19,0.0,25.0,1.0,ML,,,,1.9,0.2,3
2623998,2006-09-12T17:12:00Z,-37.09,0.1,177.21,0.1,152.0,5.0,ML,,,,2.8,0.2,5
2624002,2006-09-12T17:30:32Z,-41.0,0.0,173.92,0.0,59.0,3.0,ML,,,,2.1,0.1,5
2624003,2006-09-12T17:33:32Z,-40.09,0.0,176.43,0.0,25.0,2.0,ML,,,,2.6,0.2,18
2624004,2006-09-12T17:35:23Z,-40.06,0.0,176.42,0.0,29.0,3.0,ML,,,,2.0,0.1,6
2624022,2006-09-12T18:49:01Z,-40.74,0.0,175.35,0.0,28.0,1.0,ML,,,,3.0,0.1,21
2624065,2006-09-12T21:06:55Z,-37.51,0.0,178.33,0.0,45.0,2.0,ML,,,,2.3,0.2,4
2624075,2006-09-12T21:31:31Z,-38.4,0.0,176.38,0.1,108.0,3.0,ML,,,,2.7,0.2,3
2624119,2006-09-12T23:46:25Z,-39.97,0.0,176.63,0.0,44.0,2.0,ML,,,,2.4,0.1,3
2624127,2006-09-13T00:12:44Z,-40.49,0.0,175.01,0.0,23.0,2.0,ML,,,,3.0,0.1,20
2624147,2006-09-13T01:04:52Z,-40.76,0.0,176.34,0.0,27.0,1.0,ML,,,,2.7,0.2,4
2624176,2006-09-13T02:47:04Z,-44.42,0.0,168.3,0.0,5.0,0.0,ML,,,,2.2,0.1,5
2624232,2006-09-13T05:51:38Z,-38.09,0.0,176.1,0.0,174.0,4.0,ML,,,,3.5,0.2,11
2624243,2006-09-13T06:15:12Z,-45.12,0.0,166.85,0.0,12.0,0.0,ML,,,,2.4,0.2,7
2624259,2006-09-13T07:06:43Z,-39.02,0.0,175.27,0.0,14.0,1.0,ML,,,,2.1,0.2,5
2887480,2006-09-13T07:06:57Z,-37.23,0.0,177.14,0.0,5.0,0.0,ML,,,,3.0,0.1,5
2624264,2006-09-13T07:23:34Z,-37.36,0.1,176.72,0.1,180.0,8.0,ML,,,,3.0,0.4,6
2624265,2006-09-13T07:28:07Z,-39.85,0.0,175.18,0.0,28.0,1.0,ML,,,,2.2,0.2,18
2624286,2006-09-13T08:35:47Z,-42.45,0.0,172.69,0.0,12.0,0.0,ML,,,,2.2,0.3,4
2624310,2006-09-13T09:45:23Z,-41.36,0.0,173.01,0.0,94.0,3.0,ML,,,,2.3,0.2,4
2624316,2006-09-13T10:02:33Z,-44.16,0.0,168.75,0.1,5.0,0.0,ML,,,,1.9,0.3,2
2624326,2006-09-13T10:45:19Z,-40.5,0.0,175.01,0.0,31.0,3.0,ML,,,,2.3,0.1,4
2624327,2006-09-13T10:49:02Z,-39.18,0.0,174.84,0.0,29.0,2.0,ML,,,,2.3,0.1,5
2624333,2006-09-13T11:08:49Z,-41.19,0.0,173.46,0.0,95.0,2.0,ML,,,,4.2,0.2,19
2624335,2006-09-13T11:15:49Z,-44.83,0.0,167.42,0.0,5.0,0.0,ML,,,,2.2,0.2,6
2624337,2006-09-13T11:23:36Z,-41.23,0.0,173.11,0.0,115.0,4.0,ML,,,,3.0,0.2,12
2624351,2006-09-13T12:15:50Z,-40.24,0.0,176.46,0.0,51.0,2.0,ML,,,,2.0,0.2,5
2624352,2006-09-13T12:20:59Z,-36.81,0.0,177.65,0.0,152.0,4.0,ML,,,,3.7,0.3,13
2624358,2006-09-13T12:38:37Z,-40.37,0.0,176.31,0.0,31.0,2.0,ML,,,,2.1,0.1,4
2624547,2006-09-13T12:39:06Z,-39.36,0.0,175.5,0.0,12.0,0.0,ML,,,,1.6,0.2,13
2624359,2006-09-13T12:42:12Z,-42.44,0.0,172.68,0.0,5.0,0.0,ML,,,,1.9,0.1,4
2624363,2006-09-13T12:52:51Z,-37.98,0.0,177.26,0.0,61.0,2.0,ML,,,,3.5,0.1,4
2624372,2006-09-13T13:22:41Z,-39.11,0.0,175.67,0.0,0.0,0.0,ML,,,,0.9,0.2,1
2624395,2006-09-13T14:36:39Z,-37.73,0.0,179.44,0.1,33.0,0.0,ML,,,,3.1,0.3,7
2624404,2006-09-13T15:04:22Z,-41.06,0.0,174.71,0.0,32.0,2.0,ML,,,,1.8,0.1,4
2624410,2006-09-13T15:28:29Z,-39.04,0.0,176.3,0.0,63.0,2.0,ML,,,,2.7,0.2,7
2624413,2006-09-13T15:41:35Z,-39.41,0.0,174.67,0.1,204.0,5.0,ML,,,,3.1,0.2,7
2887505,2006-09-13T15:42:19Z,-41.57,0.0,174.02,0.0,32.0,1.0,ML,,,,2.2,0.2,10
2624434,2006-09-13T16:56:00Z,-44.26,0.0,168.45,0.0,5.0,0.0,ML,,,,1.9,0.2,5
2624435,2006-09-13T16:58:39Z,-45.28,0.0,167.32,0.0,73.0,3.0,ML,,,,2.1,0.1,4
2624446,2006-09-13T17:35:42Z,-37.17,0.0,177.37,0.0,134.0,2.0,ML,,,,3.4,0.3,10
2624461,2006-09-13T18:21:08Z,-44.18,0.0,168.85,0.0,5.0,0.0,ML,,,,1.9,0.3,4
2624481,2006-09-13T19:18:44Z,-38.84,0.0,175.5,0.0,117.0,5.0,ML,,,,2.8,0.1,4
2624482,2006-09-13T19:23:14Z,-39.6,0.0,175.65,0.0,81.0,3.0,ML,,,,2.7,0.2,5
2624490,2006-09-13T19:50:19Z,-41.01,0.0,175.44,0.0,28.0,1.0,ML,,,,2.2,0.3,5
2624499,2006-09-13T20:20:32Z,-45.03,0.0,167.11,0.0,5.0,0.0,ML,,,,2.6,0.3,9
2624501,2006-09-13T20:29:35Z,-45.18,0.0,167.22,0.0,50.0,5.0,ML,,,,2.0,0.3,2
2624503,2006-09-13T20:36:00Z,-38.02,0.0,177.28,0.0,57.0,3.0,ML,,,,2.6,0.4,4
2624542,2006-09-13T22:19:35Z,-40.9,0.0,174.96,0.0,52.0,2.0,ML,,,,2.6,0.1,11
2624546,2006-09-13T22:31:17Z,-39.26,0.0,173.84,0.0,20.0,1.0,ML,,,,1.7,0.1,3
2624553,2006-09-13T22:55:40Z,-38.95,0.0,175.96,0.0,103.0,5.0,ML,,,,2.9,0.2,3
2624586,2006-09-14T00:08:23Z,-39.27,0.0,173.87,0.0,20.0,1.0,ML,,,,1.7,0.1,3
2624606,2006-09-14T00:58:04Z,-41.27,0.0,172.59,0.0,192.0,3.0,ML,,,,3.2,0.3,7
2624607,2006-09-14T01:02:28Z,-41.08,0.0,175.5,0.0,26.0,1.0,ML,,,,3.3,0.1,17
2624669,2006-09-14T04:12:39Z,-45.46,0.3,167.83,0.1,100.0,0.0,ML,,,,2.2,0.2,4
2624678,2006-09-14T04:42:46Z,-39.1,0.0,175.29,0.0,10.0,1.0,ML,,,,2.6,0.2,21
2887523,2006-09-14T04:43:06Z,-43.74,0.0,169.57,0.0,5.0,0.0,ML,,,,2.3,0.2,3
2624699,2006-09-14T05:48:13Z,-39.66,0.0,175.89,0.0,56.0,2.0,ML,,,,3.4,0.2,7
2624701,2006-09-14T05:54:22Z,-44.97,0.0,167.63,0.0,70.0,4.0,ML,,,,2.3,0.1,5
2624705,2006-09-14T06:05:37Z,-40.31,0.0,176.54,0.0,30.0,2.0,ML,,,,2.6,0.2,14
2624724,2006-09-14T07:08:30Z,-45.23,0.0,167.26,0.0,74.0,4.0,ML,,,,2.7,0.2,10
2624728,2006-09-14T07:27:26Z,-44.95,0.0,167.73,0.0,75.0,0.0,ML,,,,2.2,0.1,3
2624729,2006-09-14T07:34:03Z,-45.26,0.0,166.6,0.0,12.0,0.0,ML,,,,2.8,0.2,9
2624741,2006-09-14T08:12:30Z,-39.89,0.0,174.23,0.0,138.0,8.0,ML,,,,2.7,0.2,5
2624759,2006-09-14T09:16:31Z,-41.35,0.0,174.31,0.0,60.0,2.0,ML,,,,2.3,0.2,4
2624769,2006-09-14T09:47:50Z,-40.54,0.0,176.51,0.0,25.0,2.0,ML,,,,2.5,0.1,4
2624774,2006-09-14T10:05:17Z,-41.07,0.0,175.07,0.0,27.0,1.0,ML,,,,2.0,0.2,5
2624779,2006-09-14T10:17:58Z,-38.07,0.0,177.69,0.0,72.0,7.0,ML,,,,2.2,0.1,4
2624784,2006-09-14T10:30:10Z,-41.76,0.0,173.8,0.0,13.0,2.0,ML,,,,1.9,0.1,7
2624800,2006-09-14T11:32:02Z,-42.29,0.0,173.78,0.1,5.0,0.0,ML,,,,2.3,0.2,3
2624820,2006-09-14T12:38:17Z,-38.59,0.1,176.0,0.1,151.0,6.0,ML,,,,2.5,0.2,5
2624844,2006-09-14T14:06:08Z,-45.5,0.0,167.26,0.0,61.0,5.0,ML,,,,2.1,0.1,4
2624851,2006-09-14T14:26:09Z,-41.75,0.0,173.75,0.0,13.0,3.0,ML,,,,2.0,0.1,5
2624853,2006-09-14T14:32:54Z,-45.2,0.0,167.3,0.2,73.0,13.0,ML,,,,1.9,0.1,3
2624859,2006-09-14T14:58:28Z,-39.1,0.0,175.28,0.0,15.0,1.0,ML,,,,1.9,0.2,13
2624861,2006-09-14T15:06:09Z,-45.71,0.0,167.02,0.0,5.0,0.0,ML,,,,2.3,0.3,4
2624864,2006-09-14T15:14:44Z,-38.42,0.0,178.52,0.0,12.0,0.0,ML,,,,2.7,0.2,4
2624873,2006-09-14T15:43:20Z,-41.92,0.0,174.0,0.0,12.0,0.0,ML,,,,3.7,0.2,25
2624882,2006-09-14T16:21:18Z,-38.64,0.0,175.49,0.0,211.0,5.0,ML,,,,3.4,0.3,14
2624887,2006-09-14T16:38:14Z,-36.77,0.0,177.58,0.0,157.0,3.0,ML,,,,3.8,0.1,13
2887860,2006-09-14T16:41:08Z,-41.88,0.0,173.94,0.0,12.0,0.0,ML,,,,2.3,0.2,6
2887864,2006-09-14T16:42:19Z,-41.91,0.0,173.96,0.0,12.0,0.0,ML,,,,2.4,0.1,13
2624894,2006-09-14T16:54:35Z,-36.97,0.0,178.56,0.1,12.0,0.0,ML,,,,2.7,0.1,6
2624902,2006-09-14T17:15:18Z,-45.24,0.0,166.69,0.1,5.0,0.0,ML,,,,1.9,0.1,3
2887869,2006-09-14T17:16:25Z,-40.52,0.0,176.57,0.0,23.0,1.0,ML,,,,2.2,0.1,2
2624905,2006-09-14T17:28:21Z,-41.92,0.0,173.96,0.0,12.0,0.0,ML,,,,2.8,0.1,6
2624912,2006-09-14T17:46:50Z,-41.88,0.0,173.93,0.0,12.0,0.0,ML,,,,2.6,0.2,14
2624913,2006-09-14T17:51:00Z,-38.64,0.0,176.82,0.0,47.0,1.0,ML,,,,2.5,0.1,3
2624925,2006-09-14T18:26:11Z,-40.63,0.0,174.35,0.0,78.0,4.0,ML,,,,2.7,0.2,4
2624949,2006-09-14T19:29:58Z,-38.44,0.0,177.66,0.0,31.0,1.0,ML,,,,2.5,0.2,3
2624956,2006-09-14T19:51:53Z,-42.71,0.0,171.79,0.0,12.0,0.0,ML,,,,2.5,0.2,4
2624957,2006-09-14T19:53:36Z,-41.24,0.0,173.29,0.0,94.0,3.0,ML,,,,2.2,nan,1
2624964,2006-09-14T20:21:09Z,-38.65,0.0,176.04,0.0,5.0,0.0,ML,,,,2.1,0.1,1
2624975,2006-09-14T21:01:37Z,-41.93,0.0,173.98,0.0,12.0,0.0,ML,,,,2.5,0.1,10
2624976,2006-09-14T21:03:31Z,-41.41,0.0,172.38,0.0,5.0,0.0,ML,,,,2.6,0.2,2
2624977,2006-09-14T21:07:32Z,-42.01,0.0,174.09,0.0,21.0,2.0,ML,,,,3.9,0.2,31
2624989,2006-09-14T21:36:22Z,-38.27,0.0,176.08,0.0,157.0,3.0,ML,,,,3.5,0.2,13
2625002,2006-09-14T22:23:17Z,-39.93,0.0,174.68,0.1,28.0,2.0,ML,,,,2.2,0.2,5
2625012,2006-09-14T22:51:46Z,-41.26,0.0,175.26,0.0,25.0,1.0,ML,,,,2.6,0.1,8
2625018,2006-09-14T23:10:57Z,-41.18,0.0,174.54,0.0,36.0,3.0,ML,,,,2.1,0.1,5
2625020,2006-09-14T23:17:02Z,-40.44,0.0,175.18,0.0,12.0,0.0,ML,,,,2.6,0.2,20
2887352,2006-09-15T01:13:06Z,-36.53,0.1,177.28,0.0,184.0,15.0,ML,,,,3.4,0.1,2
2625058,2006-09-15T01:13:37Z,-40.41,0.0,173.95,0.0,92.0,4.0,ML,,,,2.5,0.1,4
2625062,2006-09-15T01:26:41Z,-45.02,0.0,167.45,0.0,111.0,3.0,ML,,,,3.2,0.1,10
2625066,2006-09-15T01:41:30Z,-40.66,0.0,176.85,0.0,32.0,2.0,ML,,,,2.8,0.2,3
2625083,2006-09-15T02:37:17Z,-45.27,0.0,166.64,0.0,12.0,0.0,ML,,,,2.6,0.2,5
2625096,2006-09-15T03:23:42Z,-38.05,0.0,177.73,0.0,73.0,1.0,ML,,,,2.1,0.1,3
2625099,2006-09-15T03:37:32Z,-37.07,0.2,177.02,0.1,222.0,12.0,ML,,,,3.0,0.0,2
2625121,2006-09-15T04:45:36Z,-39.1,0.0,175.26,0.0,17.0,1.0,ML,,,,1.6,0.2,5
2625187,2006-09-15T08:01:27Z,-43.52,0.0,169.81,0.0,5.0,0.0,ML,,,,2.4,0.6,4
2625193,2006-09-15T08:25:52Z,-37.17,0.1,177.25,0.2,200.0,9.0,ML,,,,2.8,0.3,4
2625206,2006-09-15T09:17:00Z,-41.38,0.0,172.83,0.0,105.0,2.0,ML,,,,2.1,0.6,2
2625207,2006-09-15T09:19:06Z,-45.58,0.0,167.05,0.1,71.0,5.0,ML,,,,2.4,0.2,4
2625213,2006-09-15T09:45:08Z,-39.34,0.0,173.85,0.0,16.0,2.0,ML,,,,1.8,0.2,3
2625233,2006-09-15T10:48:40Z,-40.29,0.0,176.58,0.0,23.0,3.0,ML,,,,2.0,0.2,5
2625234,2006-09-15T10:52:41Z,-45.05,0.0,167.49,0.0,88.0,4.0,ML,,,,2.3,0.1,4
2625237,2006-09-15T11:05:40Z,-41.72,0.0,172.03,0.0,15.0,2.0,ML,,,,1.7,0.4,2
2625240,2006-09-15T11:21:18Z,-39.97,0.0,173.24,0.0,5.0,0.0,ML,,,,2.2,0.1,5
2625245,2006-09-15T11:43:19Z,-40.97,0.0,174.48,0.0,49.0,1.0,Mw,4.6,nan,0,5.1,0.2,25
2625247,2006-09-15T11:51:01Z,-40.9,0.0,174.49,0.0,35.0,2.0,ML,,,,1.9,0.1,4
2887478,2006-09-15T11:52:31Z,-43.24,0.0,170.95,0.0,5.0,0.0,ML,,,,2.4,0.2,4
2625260,2006-09-15T12:37:12Z,-39.11,0.0,175.29,0.0,13.0,1.0,ML,,,,1.6,0.2,7
2625266,2006-09-15T12:55:50Z,-45.28,0.0,166.64,0.0,12.0,0.0,ML,,,,2.3,0.2,5
2625270,2006-09-15T13:08:30Z,-38.59,0.0,175.95,0.0,137.0,3.0,ML,,,,3.1,0.2,12
2625273,2006-09-15T13:18:02Z,-38.58,0.0,177.74,0.0,24.0,5.0,ML,,,,2.4,0.2,3
2887836,2006-09-15T13:45:41Z,-40.91,0.0,174.43,0.0,47.0,2.0,ML,,,,1.8,0.1,4
2625282,2006-09-15T13:48:26Z,-41.5,0.0,174.47,0.0,27.0,1.0,ML,,,,2.0,0.1,7
2625292,2006-09-15T14:20:24Z,-41.31,0.0,173.05,0.0,100.0,2.0,ML,,,,2.0,0.1,2
2625312,2006-09-15T15:24:40Z,-38.83,0.0,178.07,0.0,29.0,3.0,ML,,,,2.3,0.2,2
2625317,2006-09-15T15:32:49Z,-41.65,0.0,172.95,0.0,100.0,4.0,ML,,,,2.7,0.2,2
2625320,2006-09-15T15:44:05Z,-40.93,0.0,174.48,0.0,46.0,1.0,ML,,,,2.1,0.1,5
2625324,2006-09-15T15:53:50Z,-42.02,0.0,173.95,0.0,21.0,2.0,ML,,,,3.1,0.2,12
2625325,2006-09-15T15:55:33Z,-42.01,0.0,173.96,0.0,19.0,2.0,ML,,,,2.7,0.2,16
2625332,2006-09-15T16:21:09Z,-42.0,0.0,173.95,0.0,5.0,0.0,ML,,,,2.3,0.2,11
2625334,2006-09-15T16:27:11Z,-40.11,0.0,174.69,0.0,69.0,5.0,ML,,,,2.0,0.0,2
2625363,2006-09-15T18:00:10Z,-40.56,0.0,176.54,0.0,27.0,1.0,ML,,,,3.2,0.2,5
2625367,2006-09-15T18:14:04Z,-41.36,0.0,175.02,0.0,25.0,1.0,ML,,,,1.8,0.2,7
2625368,2006-09-15T18:18:26Z,-45.24,0.0,166.94,0.1,12.0,0.0,ML,,,,3.4,0.2,7
2625370,2006-09-15T18:28:27Z,-38.79,0.0,177.96,0.0,39.0,4.0,ML,,,,2.8,0.2,4
2625373,2006-09-15T18:40:15Z,-40.23,0.0,174.65,0.0,12.0,0.0,ML,,,,2.6,0.2,17
2625378,2006-09-15T18:53:26Z,-40.9,0.0,174.45,0.0,43.0,3.0,ML,,,,1.9,0.1,5
2625385,2006-09-15T19:11:57Z,-39.35,0.0,174.68,0.0,27.0,2.0,ML,,,,2.1,0.2,5
2625400,2006-09-15T19:55:52Z,-40.52,0.0,176.5,0.0,23.0,2.0,ML,,,,2.5,0.2,7
2625406,2006-09-15T20:12:35Z,-38.75,0.0,176.14,0.0,99.0,1.0,ML,,,,3.8,0.2,16
2625408,2006-09-15T20:19:53Z,-36.35,0.0,177.46,0.0,33.0,0.0,ML,,,,3.7,0.3,6
2625433,2006-09-15T21:25:59Z,-37.97,0.2,175.88,0.3,283.0,12.0,ML,,,,3.3,0.3,6
2625451,2006-09-15T22:36:17Z,-38.98,0.0,173.96,0.0,5.0,0.0,ML,,,,1.7,0.3,4
2625491,2006-09-16T00:30:56Z,-37.19,0.0,177.25,0.0,148.0,4.0,ML,,,,2.9,0.1,4
2625495,2006-09-16T00:49:04Z,-37.95,0.1,176.02,0.2,165.0,15.0,ML,,,,2.7,0.3,2
2625501,2006-09-16T01:09:47Z,-41.22,0.0,174.07,0.0,45.0,2.0,ML,,,,2.4,0.2,3
2625507,2006-09-16T01:32:01Z,-39.0,0.0,177.22,0.0,54.0,5.0,ML,,,,2.7,0.0,3
2625511,2006-09-16T01:48:29Z,-41.09,0.0,175.07,0.0,28.0,1.0,ML,,,,2.4,0.2,9
2887933,2006-09-16T01:49:16Z,-41.08,0.0,175.06,0.0,30.0,1.0,ML,,,,2.2,0.2,7
2625522,2006-09-16T02:21:49Z,-40.21,0.0,176.32,0.0,46.0,4.0,ML,,,,2.9,0.3,5
2625546,2006-09-16T03:37:14Z,-40.84,0.0,173.16,0.0,151.0,4.0,ML,,,,2.9,0.3,5
2625567,2006-09-16T04:49:31Z,-38.33,0.0,176.83,0.0,72.0,1.0,ML,,,,2.5,0.1,3
2625570,2006-09-16T04:56:32Z,-38.84,0.1,175.25,0.1,229.0,5.0,ML,,,,3.7,0.2,9
2625573,2006-09-16T05:05:55Z,-37.82,0.1,176.47,0.1,169.0,6.0,ML,,,,3.3,0.2,5
2625581,2006-09-16T05:32:43Z,-40.76,0.0,172.66,0.0,5.0,0.0,ML,,,,1.9,0.4,3
2625588,2006-09-16T05:53:50Z,-41.81,0.0,171.71,0.0,17.0,1.0,ML,,,,2.4,0.2,2
2625655,2006-09-16T09:18:05Z,-45.15,0.0,167.36,0.0,93.0,2.0,ML,,,,4.0,0.1,11
2625658,2006-09-16T09:21:15Z,-39.5,0.0,175.69,0.0,12.0,1.0,ML,,,,2.2,0.2,11
2625665,2006-09-16T09:41:38Z,-39.25,0.0,175.46,0.0,12.0,1.0,ML,,,,1.8,0.2,8
2625673,2006-09-16T10:03:00Z,-45.05,0.0,167.49,0.0,77.0,2.0,ML,,,,2.7,0.2,10
2625674,2006-09-16T10:08:19Z,-41.42,0.0,172.35,0.0,5.0,0.0,ML,,,,2.0,0.1,3
2625675,2006-09-16T10:10:39Z,-38.74,0.0,177.36,0.0,51.0,2.0,ML,,,,2.5,0.1,2
2625693,2006-09-16T11:13:08Z,-38.97,0.0,177.65,0.0,36.0,2.0,ML,,,,2.1,0.1,2
2625711,2006-09-16T12:03:44Z,-44.52,0.0,168.26,0.0,5.0,0.0,ML,,,,1.9,0.0,3
2625716,2006-09-16T12:15:24Z,-39.18,0.0,175.37,0.0,12.0,0.0,ML,,,,1.8,0.2,10
2625751,2006-09-16T13:55:06Z,-40.89,0.0,175.72,0.0,27.0,1.0,ML,,,,2.7,0.2,12
2625777,2006-09-16T15:16:23Z,-35.08,0.0,173.9,0.0,33.0,0.0,ML,,,,2.5,0.4,3
2625784,2006-09-16T15:31:28Z,-38.9,0.0,175.64,0.0,108.0,2.0,ML,,,,3.4,0.2,15
2625788,2006-09-16T15:43:36Z,-40.93,0.0,174.47,0.0,49.0,4.0,ML,,,,2.4,0.0,7
2625818,2006-09-16T17:03:20Z,-40.6,0.0,173.66,0.0,97.0,3.0,ML,,,,2.8,0.1,6
2625825,2006-09-16T17:28:19Z,-42.17,0.0,172.98,0.0,33.0,0.0,ML,,,,2.5,0.3,8
2625862,2006-09-16T19:21:12Z,-40.94,0.0,174.48,0.0,43.0,2.0,ML,,,,2.9,0.1,9
2625867,2006-09-16T19:35:14Z,-41.91,0.0,173.96,0.0,12.0,0.0,ML,,,,2.6,0.2,14
2625883,2006-09-16T20:34:53Z,-35.05,0.0,174.02,0.0,5.0,0.0,ML,,,,3.4,0.3,7
2625894,2006-09-16T20:58:36Z,-40.27,0.0,176.21,0.0,54.0,3.0,ML,,,,2.7,0.2,4
2625905,2006-09-16T21:39:47Z,-45.21,0.0,167.31,0.0,72.0,1.0,ML,,,,2.5,0.3,3
2625909,2006-09-16T21:50:57Z,-41.05,0.0,174.01,0.0,50.0,2.0,ML,,,,3.1,0.1,9
2625932,2006-09-16T23:07:27Z,-41.62,0.0,174.62,0.0,28.0,2.0,ML,,,,2.3,0.2,7
2625942,2006-09-16T23:41:22Z,-37.98,0.1,176.3,0.1,172.0,5.0,ML,,,,3.6,0.3,12
2625955,2006-09-17T00:20:09Z,-42.92,0.0,171.83,0.0,5.0,0.0,ML,,,,2.6,0.3,6
2625998,2006-09-17T02:29:36Z,-41.31,0.0,173.41,0.0,99.0,3.0,ML,,,,3.1,0.2,8
2626002,2006-09-17T02:45:00Z,-36.21,0.1,177.9,0.1,211.0,7.0,ML,,,,3.9,0.2,7
2626031,2006-09-17T04:01:14Z,-37.6,0.1,175.87,0.2,279.0,12.0,ML,,,,3.4,0.1,5
2626032,2006-09-17T04:03:22Z,-38.29,0.1,176.28,0.1,156.0,6.0,ML,,,,3.4,0.2,6
2626038,2006-09-17T04:15:03Z,-40.68,0.0,176.85,0.1,33.0,0.0,ML,,,,3.3,0.1,5
2626039,2006-09-17T04:17:26Z,-40.94,0.0,174.49,0.0,47.0,2.0,ML,,,,2.5,0.1,6
2626040,2006-09-17T04:19:27Z,-39.95,0.0,176.64,0.0,19.0,2.0,ML,,,,3.7,0.2,20
2626043,2006-09-17T04:28:50Z,-40.63,0.0,176.8,0.0,36.0,6.0,ML,,,,3.3,0.1,4
2888001,2006-09-17T04:47:04Z,-40.7,0.0,176.82,0.0,38.0,4.0,ML,,,,2.9,0.3,4
2626050,2006-09-17T04:47:06Z,-35.0,0.0,173.98,0.0,12.0,0.0,ML,,,,2.9,0.3,4
2626060,2006-09-17T05:21:01Z,-41.68,0.0,174.18,0.0,30.0,1.0,ML,,,,2.5,0.1,6
2626064,2006-09-17T05:28:35Z,-41.64,0.0,174.18,0.0,24.0,2.0,ML,,,,2.3,0.2,9
2626066,2006-09-17T05:33:21Z,-41.77,0.0,171.57,0.0,11.0,0.0,ML,,,,2.5,0.2,4
2626079,2006-09-17T06:14:40Z,-42.43,0.0,172.68,0.0,5.0,0.0,ML,,,,2.0,0.2,4
2626098,2006-09-17T07:11:22Z,-41.69,0.0,172.29,0.0,90.0,2.0,ML,,,,2.1,nan,1
2626106,2006-09-17T07:35:19Z,-40.55,0.0,176.78,0.0,37.0,4.0,ML,,,,2.7,0.3,5
2626129,2006-09-17T08:36:48Z,-39.13,0.0,175.65,0.0,4.0,0.0,ML,,,,2.0,0.2,9
2626139,2006-09-17T09:16:51Z,-45.1,0.0,167.43,0.0,109.0,3.0,ML,,,,3.3,0.2,11
2626146,2006-09-17T09:49:30Z,-45.34,0.0,167.3,0.1,125.0,5.0,ML,,,,2.8,0.2,8
2626158,2006-09-17T10:25:09Z,-37.89,0.0,176.85,0.0,142.0,2.0,ML,,,,2.8,0.2,4
2626166,2006-09-17T10:55:57Z,-37.7,0.1,176.17,0.1,155.0,9.0,ML,,,,2.5,0.1,3
2626181,2006-09-17T11:52:42Z,-39.9,0.0,176.82,0.0,48.0,4.0,ML,,,,2.9,0.2,4
2626191,2006-09-17T12:33:25Z,-41.82,0.0,172.73,0.0,78.0,3.0,ML,,,,2.0,0.3,2
2626211,2006-09-17T13:34:37Z,-41.57,0.0,172.24,0.0,5.0,0.0,ML,,,,2.7,0.2,11
2626212,2006-09-17T13:39:08Z,-45.11,0.0,167.11,0.0,5.0,0.0,ML,,,,2.3,0.2,7
2626215,2006-09-17T13:48:04Z,-41.59,0.0,172.23,0.0,5.0,0.0,ML,,,,1.6,0.0,2
2626235,2006-09-17T14:31:19Z,-38.14,0.0,175.97,0.1,180.0,8.0,ML,,,,3.0,0.2,7
2626240,2006-09-17T14:44:08Z,-41.42,0.0,172.9,0.0,94.0,2.0,ML,,,,2.0,0.3,2
2626248,2006-09-17T15:05:42Z,-37.68,0.0,176.93,0.0,127.0,4.0,ML,,,,2.9,0.2,5
2626262,2006-09-17T15:54:25Z,-40.53,0.0,173.33,0.0,166.0,3.0,ML,,,,2.6,0.1,2
2626272,2006-09-17T16:27:11Z,-46.74,0.1,167.01,0.2,33.0,0.0,ML,,,,2.6,0.3,3
2626287,2006-09-17T17:11:49Z,-41.09,0.0,175.07,0.0,29.0,1.0,ML,,,,2.3,0.2,10
2626289,2006-09-17T17:17:35Z,-40.51,0.0,175.69,0.0,5.0,0.0,ML,,,,2.4,0.2,5
2626293,2006-09-17T17:26:33Z,-45.01,0.0,167.5,0.0,86.0,2.0,ML,,,,3.0,0.1,10
2626302,2006-09-17T17:51:57Z,-41.04,0.0,174.51,0.0,62.0,2.0,ML,,,,2.3,0.1,5
2626306,2006-09-17T18:02:54Z,-45.69,0.0,167.26,0.0,12.0,0.0,ML,,,,2.6,0.2,7
2626307,2006-09-17T18:06:20Z,-41.71,0.0,174.95,0.0,26.0,2.0,ML,,,,2.7,0.2,8
2626317,2006-09-17T18:42:08Z,-40.67,0.0,176.82,0.0,32.0,3.0,ML,,,,2.8,0.3,6
2626318,2006-09-17T18:44:11Z,-41.64,0.0,174.95,0.0,24.0,1.0,ML,,,,2.2,0.2,5
2626353,2006-09-17T20:45:42Z,-40.61,0.0,176.88,0.1,26.0,4.0,ML,,,,2.6,0.2,3
2626418,2006-09-18T00:03:16Z,-43.91,0.0,169.45,0.0,5.0,0.0,ML,,,,2.1,0.1,5
2626431,2006-09-18T00:42:42Z,-39.1,0.0,175.65,0.0,5.0,0.0,ML,,,,1.8,0.3,8
2626454,2006-09-18T01:54:08Z,-39.1,0.0,175.27,0.0,14.0,1.0,ML,,,,2.0,0.1,11
2626458,2006-09-18T02:03:32Z,-35.42,0.1,178.82,0.1,217.0,5.0,ML,,,,4.3,0.2,11
2626462,2006-09-18T02:11:32Z,-39.14,0.0,175.42,0.0,5.0,0.0,ML,,,,2.6,0.2,16
2626472,2006-09-18T02:34:46Z,-41.16,0.0,172.7,0.0,200.0,2.0,ML,,,,3.2,0.3,2
2626477,2006-09-18T02:55:38Z,-40.67,0.0,175.49,0.0,28.0,1.0,ML,,,,2.3,0.1,7
2626489,2006-09-18T03:36:22Z,-40.94,0.0,174.49,0.0,46.0,2.0,ML,,,,2.0,0.1,3
2626505,2006-09-18T04:16:00Z,-40.76,0.0,176.24,0.0,33.0,2.0,ML,,,,2.5,0.3,4
2626524,2006-09-18T05:10:12Z,-39.35,0.0,176.66,0.0,33.0,1.0,ML,,,,2.5,0.2,16
2626534,2006-09-18T05:39:53Z,-40.64,0.0,176.78,0.0,33.0,3.0,ML,,,,2.7,0.2,4
2626545,2006-09-18T06:03:35Z,-38.92,0.0,176.06,0.1,106.0,5.0,ML,,,,2.9,0.3,3
2626547,2006-09-18T06:09:08Z,-40.27,0.0,174.13,0.0,100.0,3.0,ML,,,,2.8,0.2,9
2626549,2006-09-18T06:18:15Z,-39.09,0.0,175.23,0.0,15.0,1.0,ML,,,,2.1,0.1,5
2626554,2006-09-18T06:23:32Z,-39.72,0.0,176.12,0.0,12.0,0.0,ML,,,,1.9,0.2,5
2888343,2006-09-18T06:23:40Z,-40.37,0.0,176.08,0.0,48.0,3.0,ML,,,,2.4,0.2,4
2626556,2006-09-18T06:29:10Z,-39.09,0.0,175.27,0.0,9.0,1.0,ML,,,,3.3,0.3,25
2888352,2006-09-18T06:29:59Z,-45.25,0.0,167.04,0.1,12.0,0.0,ML,,,,2.3,0.2,5
2626582,2006-09-18T08:00:48Z,-36.25,0.1,179.27,0.1,33.0,0.0,ML,,,,3.0,0.2,5
2626586,2006-09-18T08:13:57Z,-39.1,0.0,175.66,0.0,5.0,0.0,ML,,,,2.0,0.2,8
2626595,2006-09-18T08:37:27Z,-38.31,0.0,178.55,0.0,33.0,0.0,ML,,,,2.3,0.1,3
2626609,2006-09-18T09:11:43Z,-39.22,0.0,176.8,0.0,44.0,1.0,ML,,,,2.3,0.3,2
2888361,2006-09-18T09:12:13Z,-40.66,0.0,176.8,0.0,31.0,2.0,ML,,,,2.6,0.3,7
2626614,2006-09-18T09:31:48Z,-37.08,0.0,177.45,0.0,5.0,0.0,ML,,,,3.0,0.2,6
2626627,2006-09-18T10:05:26Z,-39.18,0.0,177.73,0.1,22.0,3.0,ML,,,,2.7,0.3,10
2626634,2006-09-18T10:32:20Z,-39.31,0.0,174.79,0.0,32.0,1.0,ML,,,,2.1,0.2,5
2626643,2006-09-18T11:05:30Z,-39.1,0.0,175.66,0.0,5.0,0.0,ML,,,,1.0,0.1,2
2626648,2006-09-18T11:16:01Z,-39.73,0.0,175.22,0.0,71.0,3.0,ML,,,,2.4,0.1,4
2626655,2006-09-18T11:37:24Z,-39.1,0.0,175.66,0.0,4.0,0.0,ML,,,,1.7,0.2,7
2626662,2006-09-18T11:52:03Z,-41.59,0.0,174.66,0.0,27.0,1.0,ML,,,,1.9,0.2,4
2626670,2006-09-18T12:15:56Z,-39.1,0.0,175.65,0.0,5.0,0.0,ML,,,,1.7,0.2,6
2626671,2006-09-18T12:17:34Z,-39.1,0.0,175.65,0.0,5.0,0.0,ML,,,,2.0,0.2,5
2626674,2006-09-18T12:24:56Z,-40.67,0.0,174.5,0.0,44.0,3.0,ML,,,,2.7,0.1,5
2626675,2006-09-18T12:28:10Z,-45.26,0.0,166.61,0.0,12.0,0.0,ML,,,,2.4,0.2,8
2626679,2006-09-18T12:46:17Z,-41.43,0.0,172.74,0.0,93.0,3.0,ML,,,,2.3,0.2,2
2888421,2006-09-18T12:47:21Z,-38.26,0.0,176.78,0.0,12.0,0.0,ML,,,,2.0,0.3,2
2626830,2006-09-18T12:49:02Z,-45.55,0.0,167.0,0.0,64.0,1.0,ML,,,,2.5,0.2,8
2626683,2006-09-18T12:59:29Z,-39.49,0.0,175.69,0.0,12.0,2.0,ML,,,,1.7,0.2,7
2626684,2006-09-18T13:05:15Z,-40.1,0.0,176.55,0.0,45.0,6.0,ML,,,,2.4,0.3,4
2626695,2006-09-18T13:39:58Z,-40.63,0.0,176.78,0.0,31.0,2.0,ML,,,,3.0,0.1,5
2626697,2006-09-18T13:47:47Z,-40.63,0.0,176.76,0.0,30.0,3.0,ML,,,,2.9,0.1,5
2626713,2006-09-18T14:32:19Z,-44.55,0.0,167.89,0.0,34.0,2.0,ML,,,,1.9,0.3,4
2626719,2006-09-18T14:51:38Z,-40.67,0.0,176.81,0.0,31.0,2.0,ML,,,,2.3,0.3,4
2626722,2006-09-18T15:00:32Z,-38.28,0.0,177.46,0.0,5.0,0.0,ML,,,,2.8,0.2,3
2626726,2006-09-18T15:09:54Z,-44.12,0.0,168.61,0.0,5.0,0.0,ML,,,,2.7,0.2,11
2626737,2006-09-18T15:39:39Z,-45.3,0.0,166.66,0.1,12.0,0.0,ML,,,,2.5,0.1,7
2626742,2006-09-18T15:56:35Z,-40.68,0.0,176.86,0.0,33.0,0.0,ML,,,,2.9,0.3,4
2626747,2006-09-18T16:18:05Z,-39.21,0.0,173.87,0.0,19.0,1.0,ML,,,,1.9,0.1,2
2626750,2006-09-18T16:34:46Z,-41.95,0.0,171.9,0.0,5.0,0.0,ML,,,,2.3,0.2,6
2626839,2006-09-18T16:36:08Z,-37.94,0.0,176.93,0.0,5.0,0.0,ML,,,,2.4,0.2,3
2626757,2006-09-18T16:59:14Z,-37.95,0.0,176.61,0.0,143.0,2.0,ML,,,,2.9,0.3,6
2626759,2006-09-18T17:07:01Z,-45.16,0.0,167.01,0.0,21.0,3.0,ML,,,,2.3,0.3,4
2626765,2006-09-18T17:31:59Z,-41.46,0.0,174.49,0.0,17.0,2.0,ML,,,,2.0,0.1,4
2888464,2006-09-18T17:38:34Z,-44.61,0.0,167.52,0.1,5.0,0.0,ML,,,,2.0,0.3,4
2626769,2006-09-18T17:40:16Z,-44.86,0.0,167.38,0.0,5.0,0.0,ML,,,,3.1,0.2,11
2626783,2006-09-18T18:28:37Z,-40.88,0.0,175.48,0.0,22.0,2.0,ML,,,,2.5,0.2,8
2626799,2006-09-18T19:14:51Z,-38.53,0.0,175.9,0.0,166.0,4.0,ML,,,,3.4,0.3,15
2626865,2006-09-18T22:22:12Z,-44.76,0.0,168.09,0.0,90.0,4.0,ML,,,,2.8,0.1,2
2626870,2006-09-18T22:33:19Z,-39.7,0.0,176.44,0.0,32.0,4.0,ML,,,,2.8,0.1,8
2626872,2006-09-18T22:39:43Z,-40.93,0.0,175.18,0.0,25.0,1.0,ML,,,,2.9,0.2,14
2888481,2006-09-18T22:42:08Z,-41.67,0.0,174.36,0.0,12.0,0.0,ML,,,,2.2,0.3,5
2626880,2006-09-18T22:58:30Z,-40.26,0.0,174.18,0.0,102.0,4.0,ML,,,,2.8,0.1,3
2626920,2006-09-19T00:44:00Z,-44.98,0.0,167.58,0.1,107.0,5.0,ML,,,,2.8,0.1,5
2626937,2006-09-19T01:28:26Z,-36.9,0.0,177.49,0.0,160.0,4.0,ML,,,,3.9,0.2,11
2626973,2006-09-19T03:07:03Z,-39.8,0.0,176.87,0.0,50.0,2.0,ML,,,,2.9,0.2,5
2626975,2006-09-19T03:10:49Z,-41.97,0.0,173.99,0.0,23.0,1.0,ML,,,,2.6,0.3,5
2626997,2006-09-19T04:16:22Z,-39.08,0.0,175.22,0.0,14.0,3.0,ML,,,,2.1,0.1,10
2888458,2006-09-19T04:17:16Z,-38.61,0.0,177.86,0.0,12.0,0.0,ML,,,,2.0,0.2,3
2627029,2006-09-19T05:44:47Z,-37.31,0.0,177.8,0.0,53.0,3.0,ML,,,,3.9,0.1,6
2627050,2006-09-19T06:42:33Z,-37.93,0.0,179.36,0.0,12.0,0.0,ML,,,,2.7,0.0,3
2627058,2006-09-19T07:11:44Z,-36.43,0.1,177.93,0.2,208.0,9.0,ML,,,,3.5,0.1,3
2627063,2006-09-19T07:28:29Z,-45.19,0.0,169.69,0.0,5.0,0.0,ML,,,,1.9,0.2,5
2627098,2006-09-19T08:59:40Z,-40.48,0.0,174.44,0.0,56.0,5.0,ML,,,,2.3,0.1,2
2627129,2006-09-19T10:22:28Z,-41.63,0.0,174.25,0.0,5.0,0.0,ML,,,,2.5,0.2,5
2627130,2006-09-19T10:26:47Z,-41.62,0.0,174.26,0.0,5.0,0.0,ML,,,,2.7,0.2,5
2627139,2006-09-19T10:46:47Z,-41.62,0.0,174.26,0.0,5.0,0.0,ML,,,,2.5,0.2,5
2627184,2006-09-19T12:33:09Z,-42.97,0.0,171.43,0.0,5.0,0.0,ML,,,,2.8,0.1,9
2627193,2006-09-19T12:49:11Z,-38.53,0.0,177.52,0.0,59.0,2.0,ML,,,,2.5,0.1,3
2627212,2006-09-19T13:49:07Z,-45.05,0.0,166.99,0.0,5.0,0.0,ML,,,,3.2,0.1,6
2627236,2006-09-19T15:02:35Z,-45.06,0.0,167.87,0.0,24.0,2.0,ML,,,,2.0,0.2,4
2627268,2006-09-19T16:40:09Z,-39.97,0.0,176.83,0.0,38.0,2.0,ML,,,,2.6,0.2,3
2627303,2006-09-19T18:35:16Z,-40.79,0.0,174.54,0.0,65.0,2.0,ML,,,,2.4,0.1,5
2627316,2006-09-19T19:22:08Z,-38.52,0.0,176.63,0.0,64.0,2.0,ML,,,,2.6,0.2,3
2627317,2006-09-19T19:24:36Z,-40.64,0.0,176.8,0.0,29.0,2.0,ML,,,,2.9,0.3,5
2627336,2006-09-19T20:26:43Z,-41.19,0.0,172.71,0.0,165.0,2.0,ML,,,,2.8,nan,1
2627340,2006-09-19T20:41:42Z,-38.64,0.0,175.99,0.0,5.0,0.0,ML,,,,2.2,0.2,3
2627342,2006-09-19T20:47:35Z,-45.19,0.0,166.89,0.0,23.0,1.0,ML,,,,2.2,0.2,2
2627344,2006-09-19T20:55:36Z,-45.09,0.0,166.99,0.1,12.0,0.0,ML,,,,2.4,0.2,6
2627352,2006-09-19T20:56:08Z,-35.57,0.1,178.99,0.2,216.0,14.0,ML,,,,3.9,0.1,12
2627345,2006-09-19T21:00:35Z,-38.37,0.0,176.22,0.0,139.0,3.0,ML,,,,3.8,0.3,17
2627351,2006-09-19T21:14:40Z,-39.16,0.0,176.87,0.0,27.0,2.0,ML,,,,3.1,0.1,5
2627357,2006-09-19T21:36:32Z,-38.96,0.0,173.97,0.0,5.0,0.0,ML,,,,2.1,0.3,6
2627368,2006-09-19T21:57:07Z,-38.6,0.0,176.21,0.0,97.0,2.0,ML,,,,3.7,0.1,20
2627370,2006-09-19T22:00:34Z,-45.24,0.0,167.4,0.0,134.0,3.0,ML,,,,3.3,0.2,10
2627382,2006-09-19T22:32:44Z,-40.87,0.0,174.75,0.0,48.0,1.0,ML,,,,2.6,0.1,9
2627387,2006-09-19T22:49:35Z,-40.61,0.0,176.8,0.0,28.0,4.0,ML,,,,2.8,0.1,3
2627394,2006-09-19T23:06:56Z,-39.72,0.0,176.63,0.0,33.0,0.0,ML,,,,2.3,0.2,5
2627422,2006-09-20T00:12:45Z,-39.73,0.0,176.93,0.0,55.0,1.0,ML,,,,2.5,0.2,3
2887953,2006-09-20T00:13:36Z,-40.66,0.0,176.88,0.0,30.0,2.0,ML,,,,2.2,0.2,3
2627431,2006-09-20T00:26:25Z,-41.7,0.0,172.23,0.0,100.0,3.0,ML,,,,2.5,nan,1
2627449,2006-09-20T01:26:07Z,-41.52,0.0,175.34,0.0,18.0,1.0,ML,,,,2.2,0.2,10
2627479,2006-09-20T02:58:46Z,-39.17,0.0,173.89,0.0,12.0,1.0,ML,,,,1.7,0.2,3
2627535,2006-09-20T05:52:43Z,-41.53,0.0,173.06,0.0,76.0,2.0,ML,,,,2.6,0.1,6
2887958,2006-09-20T05:53:52Z,-43.41,0.0,172.48,0.0,14.0,1.0,ML,,,,2.8,0.2,9
2627558,2006-09-20T07:01:49Z,-39.14,0.0,175.02,0.0,20.0,3.0,ML,,,,1.9,0.2,4
2627560,2006-09-20T07:04:36Z,-38.74,0.0,176.02,0.0,114.0,1.0,ML,,,,3.9,0.2,13
2627564,2006-09-20T07:14:10Z,-38.72,0.0,178.5,0.0,12.0,0.0,ML,,,,2.7,0.3,4
2887971,2006-09-20T07:14:40Z,-37.21,0.0,177.51,0.0,135.0,2.0,ML,,,,3.5,0.2,4
2627567,2006-09-20T07:26:46Z,-39.12,0.0,175.29,0.0,11.0,1.0,ML,,,,1.6,0.2,5
2627579,2006-09-20T08:11:44Z,-39.82,0.0,175.17,0.0,77.0,1.0,ML,,,,4.4,0.2,24
2627580,2006-09-20T08:16:00Z,-40.38,0.0,173.38,0.0,174.0,2.0,ML,,,,2.9,0.1,6
2627825,2006-09-20T08:16:24Z,-43.46,0.0,171.58,0.0,5.0,0.0,ML,,,,2.4,0.2,7
2627583,2006-09-20T08:21:05Z,-37.87,0.0,179.29,0.0,33.0,0.0,ML,,,,2.5,0.1,3
2627592,2006-09-20T08:51:47Z,-40.32,0.0,173.97,0.0,101.0,4.0,ML,,,,2.4,0.1,2
2627606,2006-09-20T09:33:24Z,-41.72,0.0,172.1,0.0,24.0,3.0,ML,,,,3.0,0.2,19
2627607,2006-09-20T09:38:36Z,-41.13,0.0,172.81,0.0,142.0,3.0,ML,,,,2.6,nan,1
2627610,2006-09-20T09:50:45Z,-39.09,0.0,175.28,0.0,10.0,1.0,ML,,,,3.3,0.2,25
2627611,2006-09-20T09:55:19Z,-45.09,0.0,167.5,0.0,118.0,3.0,ML,,,,3.5,0.3,11
2627618,2006-09-20T10:22:44Z,-40.79,0.0,176.2,0.0,30.0,1.0,ML,,,,2.2,0.2,3
2627621,2006-09-20T10:32:41Z,-38.46,0.0,178.67,0.1,33.0,0.0,ML,,,,2.4,0.1,3
2627623,2006-09-20T10:41:24Z,-39.11,0.0,175.27,0.0,13.0,1.0,ML,,,,1.5,0.2,6
2627625,2006-09-20T10:52:14Z,-37.7,0.0,178.64,0.0,50.0,1.0,ML,,,,2.1,0.1,3
2627627,2006-09-20T10:55:15Z,-41.17,0.0,172.67,0.0,212.0,2.0,ML,,,,3.1,0.2,2
2627861,2006-09-20T11:03:22Z,-35.12,0.0,173.94,0.0,20.0,0.0,ML,,,,2.4,nan,1
2627629,2006-09-20T11:04:04Z,-35.12,0.0,173.94,0.0,20.0,4.0,ML,,,,3.2,0.2,3
2627864,2006-09-20T11:05:37Z,-35.12,0.0,173.94,0.0,20.0,0.0,ML,,,,2.4,nan,1
2627632,2006-09-20T11:11:31Z,-41.58,0.0,174.04,0.0,34.0,1.0,ML,,,,1.8,0.2,5
2627641,2006-09-20T11:42:36Z,-39.31,0.0,174.91,0.0,27.0,1.0,ML,,,,2.1,0.1,13
2888400,2006-09-20T11:53:33Z,-40.7,0.0,176.83,0.0,43.0,4.0,ML,,,,2.5,0.2,4
2627655,2006-09-20T12:22:42Z,-38.52,0.0,175.9,0.0,159.0,4.0,ML,,,,2.9,0.3,5
2627672,2006-09-20T13:13:39Z,-35.05,0.0,173.95,0.0,20.0,0.0,ML,,,,2.5,0.4,3
2627676,2006-09-20T13:33:19Z,-38.95,0.0,177.98,0.0,28.0,1.0,ML,,,,2.3,0.3,2
2627682,2006-09-20T13:47:28Z,-40.22,0.0,174.76,0.0,62.0,3.0,ML,,,,2.1,0.1,2
2888407,2006-09-20T14:38:41Z,-40.91,0.0,173.42,0.0,94.0,4.0,ML,,,,1.9,nan,1
2627697,2006-09-20T14:39:08Z,-38.49,0.0,175.82,0.0,143.0,1.0,ML,,,,3.1,0.2,9
2627710,2006-09-20T15:15:56Z,-40.64,0.0,176.77,0.0,30.0,2.0,ML,,,,3.0,0.1,5
2627714,2006-09-20T15:27:48Z,-45.52,0.0,167.38,0.0,5.0,0.0,ML,,,,2.3,0.2,6
2627734,2006-09-20T16:28:59Z,-40.62,0.0,176.84,0.0,63.0,5.0,ML,,,,2.2,0.4,3
2627763,2006-09-20T17:52:56Z,-38.17,0.0,177.11,0.0,55.0,2.0,ML,,,,2.8,0.3,6
2888433,2006-09-20T17:53:34Z,-37.8,0.0,177.87,0.0,77.0,3.0,ML,,,,2.6,0.1,5
2627784,2006-09-20T18:50:23Z,-45.15,0.0,167.43,0.0,111.0,2.0,ML,,,,3.2,0.2,9
2627796,2006-09-20T19:25:19Z,-40.31,0.0,174.31,0.0,79.0,3.0,ML,,,,3.1,0.2,7
2627810,2006-09-20T20:08:47Z,-39.3,0.0,175.13,0.0,29.0,1.0,ML,,,,2.6,0.1,13
2627815,2006-09-20T20:23:29Z,-39.33,0.0,175.12,0.0,28.0,2.0,ML,,,,2.0,0.1,7
2627874,2006-09-20T23:30:34Z,-39.77,0.0,174.2,0.1,195.0,6.0,ML,,,,3.3,0.1,6
2627878,2006-09-20T23:43:27Z,-40.62,0.0,176.77,0.0,29.0,4.0,ML,,,,2.8,0.2,4
2627888,2006-09-21T00:03:57Z,-39.15,0.0,175.27,0.0,12.0,0.0,ML,,,,1.6,0.2,2
2627901,2006-09-21T00:48:13Z,-38.94,0.0,175.05,0.0,210.0,3.0,ML,,,,4.0,0.1,13
2627920,2006-09-21T01:48:14Z,-40.6,0.0,176.46,0.0,25.0,2.0,ML,,,,3.1,0.2,7
2627929,2006-09-21T02:14:47Z,-39.25,0.0,175.1,0.0,30.0,1.0,ML,,,,2.2,0.3,6
2627957,2006-09-21T03:42:30Z,-38.83,0.0,177.68,0.0,33.0,2.0,ML,,,,2.5,0.0,2
2627963,2006-09-21T04:01:25Z,-39.14,0.0,175.45,0.0,5.0,0.0,ML,,,,1.2,0.2,3
2627965,2006-09-21T04:12:46Z,-39.1,0.0,175.28,0.0,15.0,0.0,ML,,,,1.9,0.2,4
2627967,2006-09-21T04:21:05Z,-36.97,0.0,177.04,0.0,197.0,5.0,ML,,,,4.7,0.2,22
2627978,2006-09-21T04:53:36Z,-41.77,0.0,173.78,0.0,17.0,1.0,ML,,,,3.3,0.1,18
2627982,2006-09-21T05:03:49Z,-41.77,0.0,173.77,0.0,15.0,2.0,ML,,,,2.4,0.1,11
2627997,2006-09-21T05:46:58Z,-38.01,0.1,177.66,0.0,69.0,7.0,ML,,,,3.4,0.2,4
2628034,2006-09-21T07:43:15Z,-44.31,0.0,169.32,0.0,5.0,0.0,ML,,,,2.7,0.3,9
2628035,2006-09-21T07:47:04Z,-37.0,0.1,177.68,0.1,96.0,16.0,ML,,,,2.6,0.2,3
2628047,2006-09-21T08:27:13Z,-45.51,0.0,167.0,0.0,78.0,2.0,ML,,,,2.8,0.2,8
2628050,2006-09-21T08:32:13Z,-39.05,0.1,175.35,0.1,174.0,8.0,ML,,,,3.1,0.2,8
2628059,2006-09-21T09:10:04Z,-44.2,0.0,168.8,0.0,5.0,0.0,ML,,,,2.2,0.1,8
2888918,2006-09-21T09:11:02Z,-42.72,0.0,173.85,0.1,31.0,3.0,ML,,,,2.7,0.3,7
2628073,2006-09-21T10:04:03Z,-40.93,0.0,175.81,0.0,33.0,0.0,ML,,,,2.2,0.2,6
2628081,2006-09-21T10:30:23Z,-37.02,0.0,176.65,0.0,302.0,3.0,ML,,,,3.9,0.2,13
2628091,2006-09-21T11:03:21Z,-40.69,0.0,176.84,0.0,33.0,0.0,ML,,,,3.0,0.2,4
2628094,2006-09-21T11:11:05Z,-43.79,0.0,170.68,0.0,5.0,0.0,ML,,,,1.8,0.1,3
2628122,2006-09-21T12:44:42Z,-40.73,0.0,176.86,0.0,33.0,0.0,ML,,,,2.5,0.4,3
2628123,2006-09-21T12:48:29Z,-41.14,0.0,172.97,0.0,119.0,2.0,ML,,,,2.1,nan,1
2628126,2006-09-21T12:54:51Z,-39.94,0.0,176.63,0.0,33.0,0.0,ML,,,,2.4,0.2,6
2888930,2006-09-21T12:54:51Z,-40.36,0.0,173.8,0.0,104.0,4.0,ML,,,,2.5,0.1,4
2628144,2006-09-21T13:43:49Z,-39.9,0.0,177.09,0.0,33.0,0.0,ML,,,,2.1,0.2,3
2888937,2006-09-21T13:46:12Z,-42.98,0.0,172.95,0.0,33.0,0.0,ML,,,,2.4,0.1,7
2628158,2006-09-21T14:42:02Z,-43.94,0.0,169.61,0.0,5.0,0.0,ML,,,,2.6,0.3,9
2628190,2006-09-21T16:15:59Z,-41.28,0.0,173.67,0.0,61.0,4.0,ML,,,,2.2,0.1,2
2628193,2006-09-21T16:32:35Z,-47.51,0.1,165.31,0.1,33.0,0.0,ML,,,,3.2,0.3,6
2628197,2006-09-21T16:38:43Z,-43.71,0.0,171.58,0.0,33.0,0.0,ML,,,,3.1,0.1,5
2628198,2006-09-21T16:43:30Z,-46.94,0.0,167.34,0.0,5.0,0.0,ML,,,,2.7,0.3,6
2628208,2006-09-21T17:11:14Z,-40.69,0.0,176.88,0.0,33.0,0.0,ML,,,,2.0,0.1,3
2628215,2006-09-21T17:27:22Z,-45.08,0.0,167.33,0.0,102.0,3.0,ML,,,,3.3,0.2,11
2888944,2006-09-21T17:28:28Z,-40.45,0.0,174.35,0.0,61.0,5.0,ML,,,,2.3,0.2,4
2628218,2006-09-21T17:37:07Z,-38.63,0.1,175.59,0.1,153.0,9.0,ML,,,,2.9,0.1,6
2628255,2006-09-21T19:24:58Z,-44.98,0.0,167.19,0.0,43.0,10.0,ML,,,,2.3,0.2,6
2628303,2006-09-21T21:24:31Z,-45.02,0.0,167.59,0.1,86.0,6.0,ML,,,,2.5,0.1,5
2628318,2006-09-21T21:59:34Z,-43.15,0.0,170.95,0.0,5.0,0.0,ML,,,,2.6,0.1,7
2628322,2006-09-21T22:05:16Z,-41.41,0.0,172.68,0.1,189.0,4.0,ML,,,,2.6,nan,1
2628331,2006-09-21T22:31:47Z,-40.85,0.0,174.71,0.0,36.0,1.0,ML,,,,2.7,0.1,8
2628347,2006-09-21T23:11:50Z,-37.12,0.2,177.29,0.2,156.0,15.0,ML,,,,2.9,0.3,3
2628394,2006-09-22T01:23:14Z,-42.46,0.0,172.68,0.0,5.0,0.0,ML,,,,3.6,0.3,16
2628395,2006-09-22T01:28:40Z,-41.13,0.0,174.64,0.0,58.0,3.0,ML,,,,2.3,0.1,4
2628402,2006-09-22T01:49:48Z,-41.27,0.0,173.29,0.0,104.0,2.0,ML,,,,2.7,0.1,2
2628408,2006-09-22T02:08:48Z,-45.01,0.0,167.54,0.0,65.0,2.0,ML,,,,3.0,0.2,11
2628430,2006-09-22T03:18:43Z,-42.33,0.0,172.8,0.0,5.0,0.0,ML,,,,2.2,0.3,4
2628476,2006-09-22T05:43:04Z,-37.87,0.1,176.93,0.1,93.0,5.0,ML,,,,2.6,0.1,3
2628480,2006-09-22T05:53:57Z,-39.03,0.0,177.82,0.1,28.0,2.0,ML,,,,2.8,0.2,3
2628510,2006-09-22T07:44:16Z,-40.93,0.0,174.47,0.0,45.0,3.0,ML,,,,2.0,0.2,3
2628535,2006-09-22T09:22:13Z,-40.08,0.0,176.7,0.0,46.0,3.0,ML,,,,2.4,0.3,5
2628550,2006-09-22T10:18:36Z,-40.91,0.0,175.8,0.0,30.0,1.0,ML,,,,2.9,0.1,7
2628553,2006-09-22T10:30:57Z,-42.44,0.0,172.69,0.0,5.0,0.0,ML,,,,2.3,0.1,4
2628555,2006-09-22T10:37:55Z,-38.53,0.0,176.22,0.1,131.0,4.0,ML,,,,3.1,0.4,9
2628558,2006-09-22T10:49:20Z,-41.65,0.0,174.24,0.0,12.0,0.0,ML,,,,1.6,0.3,5
2888960,2006-09-22T10:49:58Z,-41.66,0.0,174.25,0.0,12.0,0.0,ML,,,,1.5,0.3,4
2628559,2006-09-22T10:52:53Z,-45.13,0.0,167.69,0.0,107.0,3.0,ML,,,,2.6,0.2,3
2888962,2006-09-22T10:53:16Z,-41.65,0.0,174.29,0.0,5.0,0.0,ML,,,,1.9,0.3,5
2628570,2006-09-22T11:31:06Z,-38.0,0.0,178.95,0.0,33.0,0.0,ML,,,,2.4,0.2,2
2628575,2006-09-22T11:40:47Z,-39.1,0.0,175.27,0.0,14.0,1.0,ML,,,,1.6,0.2,8
2628581,2006-09-22T11:55:57Z,-43.07,0.0,170.79,0.0,10.0,1.0,ML,,,,4.0,0.3,22
2628586,2006-09-22T12:12:22Z,-43.08,0.0,170.78,0.0,10.0,2.0,ML,,,,2.8,0.3,13
2888966,2006-09-22T12:14:17Z,-41.95,0.0,172.21,0.0,81.0,3.0,ML,,,,2.2,0.2,3
2628589,2006-09-22T12:23:50Z,-45.06,0.0,167.54,0.0,64.0,5.0,ML,,,,2.5,0.2,8
2628597,2006-09-22T12:48:00Z,-39.09,0.0,175.28,0.0,10.0,1.0,ML,,,,2.7,0.2,21
2628598,2006-09-22T12:53:20Z,-41.93,0.0,171.96,0.0,97.0,3.0,ML,,,,2.0,nan,1
2628599,2006-09-22T12:56:47Z,-36.87,0.1,178.99,0.1,12.0,0.0,ML,,,,2.5,0.1,2
2628604,2006-09-22T13:17:31Z,-41.47,0.0,173.17,0.0,72.0,2.0,ML,,,,1.7,0.2,3
2628610,2006-09-22T13:34:37Z,-40.51,0.0,175.71,0.0,12.0,0.0,ML,,,,2.4,0.2,10
2628615,2006-09-22T13:49:01Z,-44.2,0.0,168.65,0.0,5.0,0.0,ML,,,,3.2,0.2,6
2628619,2006-09-22T14:02:38Z,-41.3,0.0,173.78,0.0,60.0,2.0,ML,,,,2.4,0.1,4
2628631,2006-09-22T14:30:52Z,-39.31,0.0,173.52,0.0,25.0,3.0,ML,,,,1.8,0.1,2
2628637,2006-09-22T14:51:12Z,-37.15,0.1,177.38,0.1,240.0,3.0,ML,,,,2.6,0.1,4
2628655,2006-09-22T15:42:45Z,-36.75,0.0,178.18,0.1,33.0,0.0,ML,,,,2.9,0.2,6
2628658,2006-09-22T15:55:38Z,-38.58,0.0,175.97,0.0,5.0,0.0,ML,,,,1.2,nan,1
2628660,2006-09-22T16:02:17Z,-38.62,0.0,177.68,0.0,55.0,2.0,ML,,,,2.1,0.2,3
2628665,2006-09-22T16:14:30Z,-37.77,0.0,176.8,0.0,5.0,0.0,ML,,,,2.2,0.2,4
2628666,2006-09-22T16:17:36Z,-41.56,0.0,174.28,0.0,12.0,0.0,ML,,,,2.7,0.2,7
2628671,2006-09-22T16:35:08Z,-40.66,0.0,176.84,0.0,58.0,8.0,ML,,,,1.9,0.2,3
2889282,2006-09-22T16:35:35Z,-39.89,0.0,176.79,0.0,49.0,2.0,ML,,,,1.8,0.1,3
2628676,2006-09-22T16:57:25Z,-37.43,0.0,176.65,0.1,194.0,4.0,ML,,,,2.8,0.2,6
2628677,2006-09-22T17:01:05Z,-38.56,0.0,177.05,0.0,40.0,1.0,ML,,,,1.6,0.0,2
2628685,2006-09-22T17:21:20Z,-39.23,0.0,173.77,0.0,12.0,1.0,ML,,,,1.6,0.1,5
2628686,2006-09-22T17:23:22Z,-41.76,0.0,173.78,0.0,17.0,1.0,ML,,,,3.9,0.2,40
2628688,2006-09-22T17:29:20Z,-40.19,0.0,176.51,0.0,33.0,0.0,ML,,,,2.6,0.2,10
2628691,2006-09-22T17:39:56Z,-42.47,0.0,172.7,0.0,12.0,0.0,ML,,,,2.5,0.1,8
2628711,2006-09-22T18:49:56Z,-41.56,0.0,175.5,0.0,28.0,1.0,ML,,,,2.7,0.3,14
2628732,2006-09-22T19:59:01Z,-41.09,0.0,175.05,0.0,28.0,1.0,ML,,,,2.8,0.1,14
2628738,2006-09-22T20:19:26Z,-45.29,0.0,167.26,0.0,63.0,2.0,ML,,,,2.7,0.2,7
2628741,2006-09-22T20:27:47Z,-45.61,0.0,167.42,0.0,12.0,0.0,ML,,,,2.3,0.2,6
2628745,2006-09-22T20:42:17Z,-40.2,0.0,176.79,0.0,55.0,4.0,ML,,,,2.3,0.2,3
2628747,2006-09-22T20:50:58Z,-39.2,0.0,173.84,0.0,18.0,0.0,ML,,,,1.5,0.1,3
2628751,2006-09-22T21:01:51Z,-40.35,0.0,176.29,0.0,31.0,1.0,ML,,,,2.3,0.2,6
2628762,2006-09-22T21:35:17Z,-39.28,0.0,173.89,0.0,23.0,1.0,ML,,,,1.3,0.0,3
2628774,2006-09-22T22:28:04Z,-42.46,0.0,172.7,0.0,5.0,0.0,ML,,,,2.6,0.1,6
2628775,2006-09-22T22:30:48Z,-40.88,0.0,175.72,0.0,26.0,1.0,ML,,,,2.4,0.2,3
2628811,2006-09-23T00:17:53Z,-38.79,0.0,178.25,0.1,33.0,0.0,ML,,,,2.6,0.4,2
2890731,2006-09-23T00:29:26Z,-39.19,0.0,175.05,0.0,12.0,0.0,ML,,,,1.8,0.2,9
2628815,2006-09-23T00:29:31Z,-39.26,0.0,175.02,0.0,30.0,1.0,ML,,,,2.6,0.1,14
2628819,2006-09-23T00:43:12Z,-38.97,0.0,177.03,0.0,59.0,9.0,ML,,,,2.7,0.1,3
2628822,2006-09-23T00:58:23Z,-37.11,0.0,179.08,0.0,12.0,0.0,ML,,,,3.2,0.1,5
2628827,2006-09-23T01:08:42Z,-40.72,0.0,176.86,0.0,33.0,0.0,ML,,,,2.9,0.2,5
2628844,2006-09-23T02:04:09Z,-39.04,0.0,173.97,0.0,15.0,3.0,ML,,,,2.6,0.3,9
2628871,2006-09-23T03:24:41Z,-43.67,0.0,170.68,0.0,5.0,0.0,ML,,,,2.5,0.2,6
2628888,2006-09-23T04:21:14Z,-41.46,0.0,173.14,0.0,70.0,2.0,ML,,,,2.0,0.2,2
2890846,2006-09-23T04:22:31Z,-43.13,0.0,170.86,0.0,5.0,0.0,ML,,,,2.5,0.1,3
2628904,2006-09-23T05:19:07Z,-45.45,0.1,165.87,0.1,5.0,0.0,ML,,,,2.7,0.2,5
2628913,2006-09-23T05:51:21Z,-40.88,0.0,172.49,0.0,12.0,2.0,ML,,,,2.0,0.4,4
2628921,2006-09-23T06:18:12Z,-38.36,0.0,176.78,0.0,5.0,0.0,ML,,,,2.4,nan,1
2628947,2006-09-23T07:53:27Z,-41.11,0.0,173.0,0.0,123.0,2.0,ML,,,,2.4,nan,1
2890860,2006-09-23T07:55:00Z,-41.83,0.0,173.97,0.0,46.0,3.0,ML,,,,1.9,0.1,3
2628959,2006-09-23T08:37:29Z,-41.1,0.0,-179.33,0.1,33.0,0.0,ML,,,,3.5,0.2,13
2628968,2006-09-23T09:07:29Z,-34.99,0.0,178.62,0.0,310.0,5.0,ML,,,,4.8,0.2,17
2628986,2006-09-23T10:14:47Z,-40.96,0.0,174.82,0.0,32.0,1.0,ML,,,,3.9,0.2,44
2629022,2006-09-23T12:14:09Z,-39.48,0.0,175.71,0.0,9.0,2.0,ML,,,,1.5,0.2,5
2629023,2006-09-23T12:16:57Z,-37.35,0.0,177.1,0.0,150.0,2.0,ML,,,,4.3,0.2,19
2629033,2006-09-23T12:52:58Z,-38.58,0.0,175.79,0.0,174.0,2.0,ML,,,,4.3,0.2,21
2629040,2006-09-23T13:17:56Z,-41.43,0.0,171.91,0.0,12.0,0.0,ML,,,,2.7,0.1,4
2629050,2006-09-23T13:46:41Z,-42.76,0.0,171.81,0.0,12.0,0.0,ML,,,,2.6,0.2,5
2629054,2006-09-23T13:57:06Z,-41.02,0.0,175.43,0.0,26.0,1.0,ML,,,,2.5,0.1,10
2629062,2006-09-23T14:19:47Z,-38.56,0.0,178.07,0.0,30.0,4.0,ML,,,,2.3,0.2,3
2629070,2006-09-23T14:35:09Z,-39.71,0.0,176.94,0.0,45.0,5.0,ML,,,,2.7,0.3,5
2629076,2006-09-23T14:53:12Z,-37.82,0.0,176.69,0.0,135.0,2.0,ML,,,,3.0,0.1,4
2629092,2006-09-23T15:40:56Z,-40.32,0.0,175.8,0.0,39.0,3.0,ML,,,,3.3,0.1,8
2629121,2006-09-23T17:09:50Z,-38.31,0.0,176.17,0.1,149.0,5.0,ML,,,,2.9,0.1,5
2629124,2006-09-23T17:16:23Z,-38.32,0.0,178.27,0.0,12.0,0.0,ML,,,,2.6,0.2,4
2629127,2006-09-23T17:20:58Z,-40.3,0.0,176.26,0.0,49.0,7.0,ML,,,,2.2,0.4,4
2629141,2006-09-23T18:01:21Z,-41.62,0.0,174.38,0.0,5.0,0.0,ML,,,,2.3,0.2,13
2891385,2006-09-23T18:02:23Z,-41.6,0.0,174.36,0.0,12.0,0.0,ML,,,,2.4,0.2,17
2629146,2006-09-23T18:13:12Z,-39.2,0.0,173.85,0.0,19.0,1.0,ML,,,,1.8,0.1,4
2629152,2006-09-23T18:31:24Z,-39.21,0.0,173.87,0.0,19.0,0.0,ML,,,,2.1,0.2,4
2629170,2006-09-23T19:36:31Z,-41.92,0.0,173.97,0.0,12.0,0.0,ML,,,,2.1,0.1,6
2629174,2006-09-23T19:47:54Z,-37.68,0.0,176.01,0.1,268.0,3.0,ML,,,,3.6,0.2,6
2891393,2006-09-23T19:48:38Z,-41.83,0.0,171.92,0.0,15.0,1.0,ML,,,,2.5,0.3,3
2629180,2006-09-23T20:09:06Z,-42.71,0.0,172.52,0.0,5.0,0.0,ML,,,,2.4,0.2,6
2629194,2006-09-23T21:00:04Z,-37.64,0.0,175.86,0.1,268.0,3.0,ML,,,,3.8,0.3,9
2629204,2006-09-23T21:26:50Z,-45.26,0.0,167.26,0.0,105.0,2.0,ML,,,,3.0,0.1,10
2629223,2006-09-23T22:27:08Z,-39.2,0.0,173.86,0.0,20.0,0.0,ML,,,,1.4,0.1,2
2629231,2006-09-23T22:56:25Z,-38.2,0.0,178.6,0.0,33.0,0.0,ML,,,,3.1,0.2,5
2629233,2006-09-23T23:00:24Z,-39.19,0.0,173.86,0.0,20.0,0.0,ML,,,,1.6,0.1,3
2629234,2006-09-23T23:05:15Z,-40.37,0.1,173.79,0.0,90.0,14.0,ML,,,,2.0,nan,1
2629240,2006-09-23T23:26:00Z,-40.93,0.0,174.48,0.0,43.0,5.0,ML,,,,2.0,0.1,3
2629245,2006-09-23T23:42:21Z,-45.08,0.0,167.44,0.0,110.0,1.0,ML,,,,2.8,0.2,4
2629283,2006-09-24T01:40:03Z,-41.22,0.0,175.01,0.0,27.0,1.0,ML,,,,2.0,0.2,4
2629292,2006-09-24T02:06:18Z,-39.3,0.0,175.54,0.0,5.0,0.0,ML,,,,1.4,0.2,3
2629303,2006-09-24T02:41:42Z,-43.99,0.0,169.52,0.0,5.0,0.0,ML,,,,2.2,0.2,6
2629306,2006-09-24T02:47:44Z,-39.36,0.0,174.41,0.0,153.0,3.0,ML,,,,3.3,0.2,11
2629346,2006-09-24T03:16:39Z,-39.3,0.0,173.98,0.0,18.0,2.0,ML,,,,1.3,0.2,3
2629313,2006-09-24T03:16:49Z,-39.14,0.0,175.42,0.0,9.0,1.0,ML,,,,2.0,0.2,12
2629320,2006-09-24T03:35:15Z,-39.16,0.0,173.81,0.0,15.0,1.0,ML,,,,1.6,0.2,3
2629322,2006-09-24T03:45:34Z,-40.03,0.0,175.13,0.0,65.0,3.0,ML,,,,3.9,0.2,20
2629324,2006-09-24T03:52:16Z,-41.4,0.0,175.0,0.0,24.0,1.0,ML,,,,2.1,0.2,8
2629330,2006-09-24T04:18:08Z,-39.19,0.0,173.85,0.0,19.0,1.0,ML,,,,1.9,0.1,3
2629339,2006-09-24T04:42:06Z,-39.23,0.0,173.84,0.0,18.0,0.0,ML,,,,1.8,0.2,3
2629355,2006-09-24T05:42:10Z,-44.51,0.0,169.26,0.0,5.0,0.0,ML,,,,2.6,0.2,10
2629366,2006-09-24T06:28:04Z,-40.57,0.0,175.74,0.0,30.0,1.0,ML,,,,2.2,0.3,3
2629367,2006-09-24T06:32:40Z,-38.89,0.0,178.05,0.0,28.0,3.0,ML,,,,2.4,0.1,2
2629374,2006-09-24T07:01:28Z,-41.63,0.0,174.74,0.0,26.0,2.0,ML,,,,2.3,0.1,8
2629381,2006-09-24T07:18:52Z,-41.6,0.0,173.05,0.0,72.0,1.0,ML,,,,2.0,0.2,4
2629391,2006-09-24T07:58:21Z,-41.24,0.0,173.47,0.0,88.0,3.0,ML,,,,2.5,0.1,4
2629393,2006-09-24T08:05:01Z,-41.07,0.0,175.08,0.0,29.0,1.0,ML,,,,1.9,0.2,8
2629395,2006-09-24T08:11:13Z,-39.84,0.0,174.17,0.0,120.0,4.0,ML,,,,2.6,0.2,6
2629404,2006-09-24T08:39:24Z,-44.87,0.0,167.7,0.0,82.0,6.0,ML,,,,2.1,0.2,4
2891226,2006-09-24T08:57:14Z,-39.36,0.0,175.48,0.0,13.0,1.0,ML,,,,1.4,0.2,4
2629410,2006-09-24T08:57:29Z,-39.24,0.0,173.83,0.0,12.0,2.0,ML,,,,1.3,0.2,2
2629412,2006-09-24T09:02:53Z,-40.22,0.0,173.5,0.0,177.0,4.0,ML,,,,3.3,0.3,15
2629432,2006-09-24T10:28:01Z,-39.36,0.0,175.01,0.0,25.0,1.0,ML,,,,1.9,0.1,14
2629434,2006-09-24T10:38:59Z,-38.13,0.0,176.33,0.0,154.0,3.0,ML,,,,3.7,0.3,21
2891232,2006-09-24T10:40:11Z,-40.89,0.0,174.95,0.0,32.0,1.0,ML,,,,2.5,0.2,23
2629446,2006-09-24T11:32:58Z,-38.01,0.0,176.19,0.0,173.0,3.0,ML,,,,3.3,0.2,13
2629612,2006-09-24T11:37:48Z,-39.2,0.0,173.86,0.0,20.0,1.0,ML,,,,2.1,0.1,3
2629449,2006-09-24T11:46:08Z,-48.07,0.1,165.29,0.1,33.0,0.0,ML,,,,3.1,0.2,4
2629455,2006-09-24T12:06:35Z,-39.3,0.0,177.55,0.0,33.0,0.0,ML,,,,2.2,0.1,3
2629468,2006-09-24T12:42:27Z,-45.07,0.0,167.46,0.0,131.0,3.0,ML,,,,3.2,0.3,9
2629485,2006-09-24T13:41:06Z,-41.05,0.0,175.5,0.0,26.0,1.0,ML,,,,1.9,0.2,5
2629490,2006-09-24T13:57:22Z,-39.2,0.0,173.83,0.0,16.0,2.0,ML,,,,2.0,0.3,4
2629505,2006-09-24T15:01:51Z,-39.09,0.0,175.65,0.0,105.0,1.0,ML,,,,3.3,0.2,20
2629520,2006-09-24T16:08:27Z,-45.09,0.0,167.44,0.0,93.0,2.0,ML,,,,2.7,0.3,7
2629529,2006-09-24T16:36:37Z,-38.71,0.0,179.0,0.0,12.0,0.0,ML,,,,2.9,0.2,6
2629530,2006-09-24T16:38:48Z,-37.02,0.0,178.4,0.1,33.0,0.0,ML,,,,2.7,0.3,3
2629533,2006-09-24T16:50:39Z,-39.34,0.0,174.94,0.0,156.0,2.0,ML,,,,2.8,0.3,6
2629543,2006-09-24T17:29:26Z,-43.0,0.0,171.41,0.0,5.0,0.0,ML,,,,2.1,0.1,7
2629562,2006-09-24T18:31:54Z,-41.28,0.0,175.29,0.0,26.0,1.0,ML,,,,1.9,0.1,7
2629569,2006-09-24T18:49:29Z,-40.69,0.0,176.86,0.0,33.0,0.0,ML,,,,2.9,0.2,5
2629570,2006-09-24T18:51:15Z,-40.65,0.0,176.83,0.0,34.0,4.0,ML,,,,2.8,0.3,6
2629581,2006-09-24T19:27:06Z,-45.23,0.0,166.98,0.1,12.0,0.0,ML,,,,3.0,0.2,9
2629614,2006-09-24T21:18:57Z,-41.35,0.0,174.48,0.0,57.0,2.0,ML,,,,2.2,0.2,5
2629619,2006-09-24T21:33:22Z,-40.71,0.0,176.89,0.0,38.0,5.0,ML,,,,2.6,0.2,4
2629624,2006-09-24T21:48:01Z,-40.68,0.0,176.84,0.0,42.0,5.0,ML,,,,2.3,0.1,3
2629627,2006-09-24T22:00:20Z,-45.5,0.0,166.91,0.0,56.0,1.0,ML,,,,3.1,0.2,5
2629638,2006-09-24T22:41:16Z,-40.7,0.0,176.86,0.0,38.0,4.0,ML,,,,2.7,0.2,4
2629669,2006-09-24T23:58:03Z,-37.08,0.2,177.33,0.0,153.0,15.0,ML,,,,2.7,0.1,3
2889273,2006-09-25T00:58:18Z,-40.73,0.0,174.98,0.0,59.0,1.0,ML,,,,2.1,0.0,4
2629694,2006-09-25T00:58:30Z,-37.52,0.0,178.35,0.0,42.0,4.0,ML,,,,4.1,0.2,6
2629725,2006-09-25T02:38:22Z,-45.77,0.0,166.51,0.1,5.0,0.0,ML,,,,2.6,0.2,4
2629742,2006-09-25T03:31:06Z,-37.45,0.0,178.37,0.0,42.0,3.0,ML,,,,2.8,0.1,4
2629745,2006-09-25T03:41:39Z,-37.25,0.0,177.68,0.0,12.0,0.0,ML,,,,3.0,0.1,5
2629746,2006-09-25T03:47:21Z,-40.22,0.0,175.02,0.0,33.0,0.0,ML,,,,2.8,0.2,31
2629762,2006-09-25T04:30:29Z,-39.32,0.0,174.92,0.0,141.0,2.0,ML,,,,3.6,0.2,5
2629782,2006-09-25T05:30:06Z,-39.38,0.0,175.51,0.0,17.0,1.0,ML,,,,1.8,0.2,11
2629788,2006-09-25T05:50:24Z,-40.95,0.0,174.82,0.0,30.0,1.0,ML,,,,2.4,0.1,6
2629815,2006-09-25T07:08:47Z,-37.25,0.0,177.68,0.0,12.0,0.0,ML,,,,2.7,0.2,5
2629836,2006-09-25T08:19:48Z,-40.69,0.0,176.87,0.0,33.0,0.0,ML,,,,2.6,0.2,5
2629855,2006-09-25T09:15:10Z,-38.23,0.0,175.78,0.1,74.0,13.0,ML,,,,2.2,0.2,3
2629858,2006-09-25T09:26:43Z,-38.56,0.0,176.64,0.0,74.0,3.0,ML,,,,2.8,0.2,6
2629860,2006-09-25T09:35:18Z,-37.77,0.0,177.57,0.0,50.0,3.0,ML,,,,2.2,0.2,3
2629861,2006-09-25T09:39:31Z,-39.78,0.0,173.82,0.0,170.0,6.0,ML,,,,3.1,nan,1
2629865,2006-09-25T09:51:35Z,-41.73,0.0,172.65,0.0,71.0,3.0,ML,,,,2.1,nan,1
2629868,2006-09-25T10:06:02Z,-38.77,0.0,176.31,0.0,85.0,4.0,ML,,,,2.5,0.3,4
2629872,2006-09-25T10:15:39Z,-40.68,0.0,176.85,0.0,37.0,3.0,ML,,,,2.7,0.1,3
2629873,2006-09-25T10:18:53Z,-40.19,0.0,176.36,0.0,46.0,4.0,ML,,,,2.5,0.3,3
2629900,2006-09-25T11:42:40Z,-38.47,0.0,177.0,0.0,33.0,0.0,ML,,,,2.4,0.0,3
2889372,2006-09-25T13:35:27Z,-38.13,0.0,176.69,0.0,5.0,0.0,ML,,,,1.6,0.0,3
2629938,2006-09-25T13:35:53Z,-40.12,0.0,174.94,0.0,12.0,0.0,ML,,,,2.8,0.2,9
2629940,2006-09-25T13:44:53Z,-39.68,0.0,176.9,0.0,45.0,8.0,ML,,,,2.7,0.2,4
2629949,2006-09-25T14:11:53Z,-38.12,0.0,176.7,0.0,10.0,1.0,ML,,,,2.3,0.2,4
2629954,2006-09-25T14:28:51Z,-39.88,0.0,176.64,0.0,23.0,4.0,ML,,,,2.2,0.1,3
2629961,2006-09-25T14:49:19Z,-38.65,0.0,175.1,0.0,215.0,3.0,ML,,,,2.8,0.3,4
2890767,2006-09-25T14:58:07Z,-37.25,0.1,177.63,0.1,96.0,11.0,ML,,,,2.5,0.3,3
2629966,2006-09-25T14:58:39Z,-36.47,0.0,177.46,0.0,231.0,3.0,ML,,,,4.0,0.2,13
2629968,2006-09-25T15:09:15Z,-40.23,0.0,174.45,0.0,12.0,0.0,ML,,,,2.1,0.2,7
2630002,2006-09-25T16:44:33Z,-37.92,0.0,176.45,0.0,128.0,3.0,ML,,,,3.1,0.2,8
2630003,2006-09-25T16:48:40Z,-39.22,0.0,173.88,0.0,17.0,1.0,ML,,,,1.9,0.2,5
2630008,2006-09-25T16:59:41Z,-39.26,0.0,173.85,0.0,22.0,1.0,ML,,,,1.9,0.1,3
2630009,2006-09-25T17:04:33Z,-45.04,0.0,167.09,0.0,5.0,0.0,ML,,,,2.4,0.2,5
2630028,2006-09-25T18:10:49Z,-45.28,0.0,167.43,0.0,5.0,0.0,ML,,,,2.0,0.0,3
2630049,2006-09-25T19:19:22Z,-41.22,0.0,172.84,0.0,170.0,2.0,ML,,,,3.9,0.2,16
2630055,2006-09-25T19:33:04Z,-39.9,0.0,174.95,0.0,70.0,3.0,ML,,,,2.7,0.3,4
2630058,2006-09-25T19:40:05Z,-41.92,0.0,171.91,0.0,97.0,4.0,ML,,,,2.8,0.3,2
2630095,2006-09-25T21:31:38Z,-40.1,0.0,174.93,0.0,22.0,2.0,ML,,,,2.7,0.2,6
2630108,2006-09-25T22:15:36Z,-37.28,0.1,176.44,0.1,254.0,6.0,ML,,,,3.2,0.2,2
2630117,2006-09-25T22:38:22Z,-42.43,0.0,172.64,0.0,12.0,0.0,ML,,,,2.3,0.1,3
2630124,2006-09-25T22:59:55Z,-41.26,0.0,173.18,0.0,82.0,1.0,ML,,,,2.3,nan,1
2630146,2006-09-26T00:00:19Z,-45.49,0.0,167.03,0.0,75.0,2.0,ML,,,,2.3,0.1,4
2630169,2006-09-26T00:55:28Z,-39.71,0.0,174.62,0.0,110.0,3.0,ML,,,,2.8,0.3,5
2630172,2006-09-26T01:02:32Z,-45.26,0.0,167.45,0.0,132.0,6.0,ML,,,,3.0,0.4,3
2630180,2006-09-26T01:31:04Z,-45.66,0.0,168.16,0.0,31.0,2.0,ML,,,,2.0,0.1,3
2630216,2006-09-26T02:45:37Z,-37.99,0.0,176.19,0.1,148.0,4.0,ML,,,,3.2,0.2,5
2630219,2006-09-26T02:55:29Z,-39.11,0.0,175.67,0.0,0.0,0.0,ML,,,,1.1,0.1,1
2630233,2006-09-26T03:34:09Z,-39.39,0.0,175.79,0.0,16.0,1.0,ML,,,,2.1,0.1,5
2630239,2006-09-26T03:52:20Z,-41.18,0.0,172.63,0.0,186.0,2.0,ML,,,,3.2,0.1,2
2630247,2006-09-26T04:19:16Z,-39.0,0.0,175.28,0.1,244.0,5.0,ML,,,,3.3,0.2,7
2630251,2006-09-26T04:27:35Z,-37.47,0.0,177.11,0.0,137.0,2.0,ML,,,,2.7,0.3,4
2630282,2006-09-26T06:03:16Z,-38.64,0.0,177.81,0.0,29.0,3.0,ML,,,,2.3,0.1,3
2630295,2006-09-26T06:46:33Z,-45.18,0.0,166.93,0.0,23.0,1.0,ML,,,,2.6,0.3,3
2630317,2006-09-26T07:50:07Z,-37.81,0.0,179.33,0.0,12.0,0.0,ML,,,,3.0,0.1,5
2630324,2006-09-26T08:08:20Z,-43.27,0.0,171.92,0.0,12.0,0.0,ML,,,,2.1,0.2,5
2630360,2006-09-26T10:24:18Z,-39.38,0.0,176.29,0.0,74.0,2.0,ML,,,,2.5,0.2,6
2630375,2006-09-26T11:14:30Z,-41.2,0.0,172.81,0.0,112.0,3.0,ML,,,,2.3,0.1,3
2630390,2006-09-26T12:08:18Z,-35.99,0.1,178.47,0.2,183.0,9.0,ML,,,,3.5,0.2,10
2630392,2006-09-26T12:14:44Z,-40.65,0.0,174.07,0.0,79.0,4.0,ML,,,,2.1,0.2,3
2630437,2006-09-26T15:02:53Z,-39.2,0.0,173.85,0.0,16.0,2.0,ML,,,,2.1,0.2,6
2630438,2006-09-26T15:05:19Z,-39.29,0.0,173.95,0.0,19.0,0.0,ML,,,,1.6,0.2,3
2630440,2006-09-26T15:12:33Z,-40.18,0.0,174.84,0.0,12.0,0.0,ML,,,,1.9,0.2,6
2630441,2006-09-26T15:17:16Z,-39.95,0.0,175.64,0.0,44.0,3.0,ML,,,,2.5,0.3,10
2630445,2006-09-26T15:42:18Z,-44.48,0.0,168.3,0.0,5.0,0.0,ML,,,,1.7,0.2,3
2630458,2006-09-26T16:31:54Z,-39.1,0.0,175.27,0.0,15.0,1.0,ML,,,,1.5,0.1,7
2630473,2006-09-26T17:38:02Z,-39.05,0.0,174.02,0.0,12.0,0.0,ML,,,,1.2,0.1,2
2630477,2006-09-26T17:48:00Z,-41.33,0.0,172.45,0.0,5.0,0.0,ML,,,,1.9,0.3,3
2630479,2006-09-26T17:57:33Z,-42.47,0.0,172.76,0.0,5.0,0.0,ML,,,,2.1,0.3,2
2630486,2006-09-26T18:22:46Z,-39.32,0.0,175.08,0.0,31.0,1.0,ML,,,,2.4,0.1,5
2630490,2006-09-26T18:34:26Z,-40.27,0.0,176.87,0.0,44.0,1.0,ML,,,,2.3,0.2,3
2630505,2006-09-26T19:22:16Z,-40.44,0.0,174.3,0.0,5.0,0.0,ML,,,,2.2,0.2,10
2630509,2006-09-26T19:32:06Z,-39.16,0.0,175.63,0.0,1.0,0.0,ML,,,,1.1,0.1,1
2630521,2006-09-26T20:16:44Z,-41.75,0.0,174.25,0.0,27.0,0.0,ML,,,,2.3,0.2,4
2630522,2006-09-26T20:18:41Z,-39.69,0.0,173.78,0.0,182.0,5.0,ML,,,,3.0,0.2,2
2630525,2006-09-26T20:30:04Z,-41.55,0.0,174.22,0.0,21.0,1.0,ML,,,,2.0,0.2,8
2630529,2006-09-26T20:43:48Z,-39.16,0.0,175.63,0.0,1.0,0.0,ML,,,,1.2,0.1,1
2890852,2006-09-26T20:44:16Z,-45.23,0.0,166.98,0.0,12.0,0.0,ML,,,,2.4,0.1,4
2630534,2006-09-26T21:07:09Z,-40.85,0.0,175.16,0.0,31.0,1.0,ML,,,,2.4,0.2,13
2630539,2006-09-26T21:27:45Z,-39.2,0.0,173.88,0.0,20.0,1.0,ML,,,,1.7,0.1,3
2630565,2006-09-26T22:40:11Z,-44.66,0.0,168.24,0.1,83.0,6.0,ML,,,,2.3,0.2,3
2630571,2006-09-26T23:09:43Z,-39.65,0.0,176.24,0.0,42.0,4.0,ML,,,,2.3,0.1,5
2630574,2006-09-26T23:17:09Z,-40.24,0.0,176.86,0.0,41.0,2.0,ML,,,,2.3,0.2,4
2630580,2006-09-26T23:32:11Z,-39.4,0.0,173.82,0.0,9.0,1.0,ML,,,,1.4,0.2,2
2630581,2006-09-26T23:37:41Z,-41.36,0.0,172.57,0.0,189.0,2.0,ML,,,,4.2,0.2,16
2630587,2006-09-27T00:03:55Z,-44.55,0.0,168.35,0.0,5.0,0.0,ML,,,,2.1,0.1,7
2630595,2006-09-27T00:21:17Z,-39.25,0.0,175.25,0.0,19.0,2.0,ML,,,,1.9,0.3,3
2890864,2006-09-27T00:22:19Z,-43.85,0.0,169.31,0.0,5.0,0.0,ML,,,,1.6,0.2,3
2630607,2006-09-27T00:57:24Z,-39.24,0.0,175.51,0.0,12.0,1.0,ML,,,,2.3,0.3,16
2630619,2006-09-27T01:35:01Z,-40.1,0.0,174.53,0.0,77.0,7.0,ML,,,,2.2,0.0,2
2630622,2006-09-27T01:41:45Z,-37.86,0.0,176.7,0.0,149.0,3.0,ML,,,,2.9,0.2,6
2630623,2006-09-27T01:45:44Z,-41.79,0.0,173.78,0.0,15.0,1.0,ML,,,,1.9,0.1,4
2630630,2006-09-27T02:03:10Z,-39.39,0.0,173.82,0.0,8.0,1.0,ML,,,,2.3,0.1,3
2630632,2006-09-27T02:11:53Z,-40.72,0.0,176.88,0.0,30.0,1.0,ML,,,,2.5,0.2,3
2630642,2006-09-27T02:43:30Z,-41.09,0.0,175.05,0.0,29.0,1.0,ML,,,,2.0,0.2,5
2630648,2006-09-27T02:58:45Z,-38.53,0.0,178.1,0.1,28.0,4.0,ML,,,,2.5,0.3,2
2891285,2006-09-27T02:59:07Z,-42.59,0.0,172.82,0.0,33.0,0.0,ML,,,,2.0,0.0,2
2630655,2006-09-27T03:19:18Z,-38.95,0.0,175.98,0.0,110.0,2.0,ML,,,,3.5,0.3,14
2630758,2006-09-27T03:20:20Z,-45.37,0.0,167.29,0.0,108.0,2.0,ML,,,,3.5,0.4,11
2630689,2006-09-27T05:04:21Z,-41.2,0.0,172.75,0.0,167.0,4.0,ML,,,,2.8,0.0,2
2630691,2006-09-27T05:14:50Z,-39.26,0.0,175.27,0.0,19.0,1.0,ML,,,,2.0,0.1,6
2630692,2006-09-27T05:18:05Z,-42.46,0.0,172.94,0.0,12.0,0.0,ML,,,,2.9,0.3,11
2630708,2006-09-27T06:05:56Z,-41.77,0.0,173.76,0.0,14.0,1.0,ML,,,,2.1,0.1,5
2630710,2006-09-27T06:13:46Z,-38.76,0.0,176.12,0.0,88.0,3.0,ML,,,,2.9,0.2,6
2630711,2006-09-27T06:19:30Z,-39.5,0.0,175.71,0.0,15.0,0.0,ML,,,,2.0,0.1,6
2630720,2006-09-27T06:53:53Z,-45.05,0.0,166.25,0.0,12.0,0.0,ML,,,,3.1,0.1,11
2630721,2006-09-27T06:55:29Z,-39.94,0.0,176.76,0.0,50.0,3.0,ML,,,,2.6,0.1,3
2630732,2006-09-27T07:23:41Z,-45.4,0.0,167.07,0.0,67.0,2.0,ML,,,,2.3,0.3,5
2630736,2006-09-27T07:39:47Z,-36.89,0.1,177.36,0.2,188.0,10.0,ML,,,,2.9,0.1,3
2630742,2006-09-27T07:57:47Z,-46.88,0.1,165.39,0.1,33.0,0.0,ML,,,,3.0,nan,1
2630745,2006-09-27T08:05:52Z,-39.17,0.0,175.63,0.0,1.0,0.0,ML,,,,1.3,0.1,1
2630750,2006-09-27T08:23:02Z,-39.61,0.0,178.15,0.1,33.0,0.0,ML,,,,2.4,0.1,3
2630752,2006-09-27T08:25:56Z,-40.16,0.0,174.86,0.0,24.0,2.0,ML,,,,2.2,0.2,12
2630761,2006-09-27T08:48:27Z,-40.21,0.0,173.81,0.0,116.0,4.0,ML,,,,2.4,0.1,3
2891793,2006-09-27T09:40:41Z,-36.49,0.1,177.75,0.2,245.0,12.0,ML,,,,3.3,0.4,4
2630779,2006-09-27T09:40:52Z,-40.7,0.0,173.83,0.0,79.0,3.0,ML,,,,2.0,nan,1
2630789,2006-09-27T10:17:02Z,-44.25,0.0,168.58,0.1,5.0,0.0,ML,,,,2.0,0.1,4
2630791,2006-09-27T10:29:00Z,-41.31,0.0,173.84,0.0,50.0,2.0,ML,,,,2.3,0.3,8
2630803,2006-09-27T11:11:00Z,-42.45,0.0,172.86,0.0,5.0,0.0,ML,,,,3.3,0.2,11
2630812,2006-09-27T11:46:58Z,-40.17,0.0,174.88,0.0,24.0,2.0,ML,,,,2.2,0.1,16
2630821,2006-09-27T12:21:08Z,-40.13,0.0,174.95,0.0,24.0,2.0,ML,,,,2.4,0.1,17
2630831,2006-09-27T12:56:39Z,-38.11,0.0,178.54,0.0,41.0,2.0,ML,,,,3.2,0.2,7
2630834,2006-09-27T13:06:09Z,-40.69,0.0,176.87,0.0,32.0,3.0,ML,,,,2.3,0.3,4
2630838,2006-09-27T13:21:35Z,-39.19,0.0,174.83,0.0,30.0,1.0,ML,,,,2.1,0.1,10
2631177,2006-09-27T13:22:01Z,-43.11,0.0,171.33,0.0,5.0,0.0,ML,,,,3.1,0.3,6
2630844,2006-09-27T13:36:59Z,-44.18,0.0,169.67,0.0,5.0,0.0,ML,,,,2.4,0.2,7
2892239,2006-09-27T13:37:03Z,-41.83,0.0,173.69,0.0,12.0,0.0,ML,,,,1.4,0.1,3
2630846,2006-09-27T13:44:38Z,-37.39,0.1,179.64,0.1,5.0,0.0,ML,,,,2.6,0.1,4
2630848,2006-09-27T13:50:38Z,-37.48,0.0,177.16,0.0,132.0,2.0,ML,,,,2.9,0.2,6
2630854,2006-09-27T14:21:53Z,-42.89,0.0,171.69,0.0,5.0,0.0,ML,,,,2.4,0.3,9
2630857,2006-09-27T14:38:44Z,-40.17,0.0,174.87,0.0,12.0,0.0,ML,,,,2.4,0.1,17
2630860,2006-09-27T14:46:04Z,-41.65,0.0,173.92,0.0,37.0,2.0,ML,,,,2.3,0.2,13
2630864,2006-09-27T14:54:52Z,-42.48,0.0,172.68,0.0,5.0,0.0,ML,,,,3.0,0.2,18
2630872,2006-09-27T15:20:01Z,-38.11,0.0,176.28,0.0,153.0,4.0,ML,,,,3.4,0.3,14
2892321,2006-09-27T15:21:42Z,-38.88,0.0,175.84,0.0,9.0,1.0,ML,,,,1.5,0.2,6
2630881,2006-09-27T16:01:47Z,-41.69,0.0,174.05,0.0,34.0,1.0,ML,,,,2.0,0.1,3
2630883,2006-09-27T16:11:39Z,-37.05,0.1,177.52,0.0,167.0,6.0,ML,,,,2.5,0.1,4
2630885,2006-09-27T16:16:28Z,-45.45,0.0,166.65,0.0,5.0,0.0,ML,,,,2.5,0.2,6
2630887,2006-09-27T16:24:58Z,-42.19,0.0,173.05,0.0,57.0,4.0,ML,,,,2.6,0.2,7
2630888,2006-09-27T16:28:43Z,-41.59,0.0,171.66,0.0,5.0,0.0,ML,,,,1.7,0.3,3
2630890,2006-09-27T16:34:27Z,-45.19,0.0,166.2,0.0,12.0,0.0,ML,,,,2.5,0.1,3
2892367,2006-09-27T16:34:29Z,-38.94,0.0,175.77,0.0,12.0,0.0,ML,,,,1.5,0.1,5
2630891,2006-09-27T16:41:23Z,-38.89,0.0,175.83,0.0,5.0,0.0,ML,,,,1.3,0.1,6
2630892,2006-09-27T16:46:28Z,-38.9,0.0,175.83,0.0,5.0,0.0,ML,,,,1.2,0.1,3
2630896,2006-09-27T17:01:25Z,-38.88,0.0,175.85,0.0,4.0,1.0,ML,,,,1.9,0.1,5
2630899,2006-09-27T17:06:27Z,-37.92,0.0,176.26,0.0,192.0,2.0,ML,,,,3.9,0.2,21
2630900,2006-09-27T17:10:25Z,-38.92,0.0,175.69,0.0,5.0,0.0,ML,,,,1.3,0.1,5
2630905,2006-09-27T17:37:15Z,-39.15,0.0,176.54,0.0,74.0,2.0,ML,,,,2.3,0.2,3
2630906,2006-09-27T17:43:49Z,-42.44,0.0,172.65,0.0,12.0,0.0,ML,,,,1.6,0.1,3
2630911,2006-09-27T18:11:20Z,-45.75,0.0,166.8,0.0,33.0,0.0,ML,,,,2.2,0.5,2
2630915,2006-09-27T18:21:59Z,-41.39,0.0,174.43,0.0,33.0,1.0,ML,,,,1.6,0.1,3
2630920,2006-09-27T18:45:57Z,-40.41,0.0,174.84,0.0,33.0,0.0,ML,,,,2.0,0.2,4
2630926,2006-09-27T19:01:04Z,-38.18,0.0,176.43,0.0,141.0,2.0,ML,,,,4.0,0.2,11
2630927,2006-09-27T19:05:21Z,-38.51,0.0,175.95,0.0,161.0,5.0,ML,,,,3.4,0.3,11
2630930,2006-09-27T19:18:47Z,-40.14,0.0,174.97,0.0,23.0,2.0,ML,,,,2.4,0.2,25
2630935,2006-09-27T19:41:52Z,-43.28,0.0,172.4,0.0,12.0,0.0,ML,,,,2.6,0.2,5
2630946,2006-09-27T20:20:44Z,-38.93,0.0,175.72,0.0,8.0,1.0,ML,,,,2.4,0.2,11
2630948,2006-09-27T20:28:11Z,-38.92,0.0,175.7,0.0,5.0,0.0,ML,,,,1.5,0.1,3
2630953,2006-09-27T20:49:39Z,-44.26,0.0,167.82,0.1,5.0,0.0,ML,,,,2.4,0.2,7
2630954,2006-09-27T20:51:12Z,-38.92,0.0,175.69,0.0,5.0,0.0,ML,,,,1.5,0.2,6
2630959,2006-09-27T21:10:38Z,-38.92,0.0,175.69,0.0,5.0,0.0,ML,,,,1.6,0.1,5
2630960,2006-09-27T21:14:00Z,-36.52,0.0,178.24,0.1,33.0,0.0,ML,,,,3.0,0.1,3
2892834,2006-09-27T21:14:17Z,-41.09,0.0,175.07,0.0,29.0,1.0,ML,,,,1.9,0.2,4
2630965,2006-09-27T21:31:05Z,-38.93,0.0,175.71,0.0,5.0,0.0,ML,,,,1.7,0.1,5
2630970,2006-09-27T21:47:04Z,-38.93,0.0,175.7,0.0,5.0,0.0,ML,,,,1.9,0.1,5
2630974,2006-09-27T21:56:39Z,-41.77,0.0,173.41,0.0,39.0,6.0,ML,,,,2.5,0.3,6
2630989,2006-09-27T22:37:32Z,-39.52,0.0,175.67,0.0,19.0,1.0,ML,,,,2.1,0.2,9
2630993,2006-09-27T22:49:43Z,-45.7,0.0,167.1,0.0,5.0,0.0,ML,,,,2.5,0.2,6
2631011,2006-09-27T23:44:26Z,-38.92,0.0,175.69,0.0,5.0,0.0,ML,,,,1.4,0.1,6
2631017,2006-09-28T00:05:50Z,-38.92,0.0,175.71,0.0,5.0,0.0,ML,,,,2.2,0.1,7
2631021,2006-09-28T00:11:33Z,-44.44,0.0,169.06,0.0,12.0,0.0,ML,,,,2.0,0.0,4
2631022,2006-09-28T00:14:38Z,-38.9,0.0,176.17,0.1,101.0,5.0,ML,,,,2.7,0.3,4
2631027,2006-09-28T00:32:13Z,-44.57,0.0,168.6,0.0,5.0,0.0,ML,,,,2.4,0.2,11
2631042,2006-09-28T01:24:34Z,-44.88,0.0,169.18,0.0,12.0,0.0,ML,,,,1.8,0.1,3
2631049,2006-09-28T01:54:29Z,-40.46,0.0,173.96,0.0,33.0,0.0,ML,,,,2.1,0.1,5
2631052,2006-09-28T02:06:45Z,-38.11,0.0,177.94,0.0,44.0,3.0,ML,,,,3.1,0.2,6
2631053,2006-09-28T02:10:24Z,-39.09,0.0,175.29,0.0,11.0,1.0,ML,,,,2.3,0.2,17
2631062,2006-09-28T02:48:34Z,-39.57,0.0,176.99,0.0,29.0,4.0,ML,,,,2.7,0.2,13
2891309,2006-09-28T03:58:57Z,-38.93,0.0,175.74,0.0,8.0,1.0,ML,,,,1.4,0.1,4
2631085,2006-09-28T04:00:12Z,-41.67,0.0,174.4,0.0,12.0,0.0,ML,,,,1.7,0.2,7
2631099,2006-09-28T04:52:00Z,-36.66,0.1,177.27,0.1,258.0,7.0,ML,,,,3.3,0.2,4
2631105,2006-09-28T05:17:56Z,-36.51,0.1,-179.82,0.1,33.0,0.0,ML,,,,3.7,0.2,3
2631134,2006-09-28T06:54:37Z,-41.37,0.0,174.93,0.0,27.0,1.0,ML,,,,2.1,0.1,7
2631140,2006-09-28T07:17:57Z,-36.55,0.1,-179.44,0.1,33.0,0.0,ML,,,,3.6,0.2,5
2631151,2006-09-28T07:51:32Z,-37.17,0.1,179.9,0.1,33.0,0.0,ML,,,,3.1,0.1,5
2631161,2006-09-28T08:36:51Z,-36.94,0.1,176.85,0.2,245.0,11.0,ML,,,,3.0,0.1,3
2631163,2006-09-28T08:43:50Z,-40.12,0.0,174.95,0.0,12.0,0.0,ML,,,,2.4,0.2,32
2631166,2006-09-28T08:54:31Z,-42.85,0.0,173.51,0.0,12.0,0.0,ML,,,,2.4,0.2,7
2631168,2006-09-28T09:03:32Z,-40.83,0.0,175.16,0.0,33.0,1.0,ML,,,,2.3,0.3,6
2631173,2006-09-28T09:29:52Z,-44.53,0.0,170.09,0.0,5.0,0.0,ML,,,,3.0,0.2,14
2631176,2006-09-28T09:40:32Z,-36.85,0.0,178.58,0.1,5.0,0.0,ML,,,,2.7,0.1,4
2631194,2006-09-28T10:34:52Z,-41.92,0.0,172.1,0.0,90.0,2.0,ML,,,,3.1,0.1,10
2631204,2006-09-28T11:07:17Z,-44.57,0.0,169.79,0.0,5.0,0.0,ML,,,,1.9,0.1,4
2631208,2006-09-28T11:28:51Z,-38.45,0.0,176.42,0.0,98.0,2.0,ML,,,,2.8,0.2,10
2631221,2006-09-28T12:14:24Z,-38.41,0.0,176.35,0.1,121.0,7.0,ML,,,,2.9,0.3,5
2631223,2006-09-28T12:20:38Z,-40.9,0.0,176.05,0.0,29.0,1.0,ML,,,,2.1,0.2,4
2631230,2006-09-28T12:37:53Z,-39.62,0.0,174.44,0.0,136.0,4.0,ML,,,,2.7,0.1,3
2631231,2006-09-28T12:43:20Z,-39.38,0.0,176.93,0.0,6.0,2.0,ML,,,,3.0,0.1,7
2631238,2006-09-28T13:02:53Z,-43.08,0.0,174.68,0.1,33.0,0.0,ML,,,,2.4,0.3,4
2631247,2006-09-28T13:21:22Z,-40.63,0.0,174.68,0.0,29.0,2.0,ML,,,,2.1,0.2,10
2631248,2006-09-28T13:23:40Z,-39.69,0.0,174.69,0.1,111.0,5.0,ML,,,,2.5,0.3,4
2631255,2006-09-28T13:40:27Z,-36.55,0.0,-179.15,0.1,33.0,0.0,ML,,,,3.3,0.1,5
2631258,2006-09-28T13:48:13Z,-41.01,0.0,172.5,0.0,5.0,0.0,ML,,,,1.6,0.3,3
2631263,2006-09-28T14:03:38Z,-45.05,0.0,167.47,0.0,114.0,4.0,ML,,,,2.6,0.2,6
2631299,2006-09-28T15:58:00Z,-40.18,0.0,174.88,0.0,12.0,0.0,ML,,,,2.5,0.2,20
2631314,2006-09-28T16:44:33Z,-45.03,0.0,167.93,0.0,12.0,0.0,ML,,,,2.2,0.2,9
2631331,2006-09-28T17:42:26Z,-41.48,0.0,173.61,0.0,87.0,2.0,ML,,,,3.4,0.2,10
2631407,2006-09-28T22:06:09Z,-38.93,0.0,175.71,0.0,10.0,2.0,ML,,,,1.6,0.1,8
2631414,2006-09-28T22:32:09Z,-44.24,0.0,168.13,0.0,5.0,0.0,ML,,,,2.2,0.2,7
2631431,2006-09-28T23:21:23Z,-37.22,0.1,177.47,0.0,5.0,0.0,ML,,,,2.8,0.2,3
2631442,2006-09-28T23:57:51Z,-42.35,0.0,172.33,0.0,5.0,0.0,ML,,,,2.1,0.2,4
2631453,2006-09-29T00:40:51Z,-40.12,0.0,174.92,0.0,23.0,2.0,ML,,,,2.6,0.2,21
2631483,2006-09-29T02:02:58Z,-43.25,0.0,172.51,0.0,10.0,1.0,ML,,,,3.2,0.3,15
2631484,2006-09-29T02:10:18Z,-37.26,0.0,177.49,0.0,5.0,0.0,ML,,,,3.1,0.2,3
2631504,2006-09-29T03:08:18Z,-45.79,0.0,170.07,0.0,12.0,0.0,ML,,,,2.0,0.1,3
2631506,2006-09-29T03:19:48Z,-41.04,0.0,175.93,0.0,30.0,1.0,ML,,,,2.2,0.1,6
2631509,2006-09-29T03:33:56Z,-45.01,0.0,167.51,0.0,89.0,3.0,ML,,,,2.8,0.2,9
2631513,2006-09-29T03:51:14Z,-39.32,0.0,174.86,0.0,31.0,1.0,ML,,,,2.0,0.1,9
2631557,2006-09-29T06:13:12Z,-43.23,0.0,172.7,0.0,47.0,5.0,ML,,,,2.7,0.3,6
2891890,2006-09-29T06:13:50Z,-39.78,0.0,176.95,0.0,46.0,3.0,ML,,,,2.5,0.3,3
2631561,2006-09-29T06:23:10Z,-42.17,0.0,171.92,0.0,5.0,0.0,ML,,,,1.9,0.3,4
2631568,2006-09-29T06:42:17Z,-37.19,0.1,177.49,0.0,5.0,0.0,ML,,,,2.5,0.2,3
2631571,2006-09-29T06:50:24Z,-36.66,0.1,178.43,0.1,33.0,0.0,ML,,,,2.7,0.1,4
2631577,2006-09-29T07:08:23Z,-36.6,0.1,177.97,0.1,113.0,8.0,ML,,,,4.0,0.2,6
2631579,2006-09-29T07:18:03Z,-39.15,0.1,174.91,0.0,131.0,13.0,ML,,,,2.9,0.2,7
2631604,2006-09-29T08:45:40Z,-45.14,0.0,166.75,0.0,12.0,0.0,ML,,,,2.0,0.3,3
2631605,2006-09-29T08:52:47Z,-45.09,0.0,167.42,0.0,106.0,2.0,ML,,,,2.3,0.2,3
2631633,2006-09-29T10:27:51Z,-42.81,0.0,171.9,0.0,12.0,0.0,ML,,,,2.0,0.3,4
2631634,2006-09-29T10:30:45Z,-38.8,0.0,177.37,0.0,52.0,6.0,ML,,,,2.7,0.1,3
2631637,2006-09-29T10:46:26Z,-41.72,0.0,172.01,0.0,5.0,0.0,ML,,,,1.9,0.2,5
2631652,2006-09-29T11:37:23Z,-47.41,0.1,165.37,0.1,33.0,0.0,ML,,,,3.1,nan,1
2631660,2006-09-29T12:06:48Z,-34.99,0.0,178.26,0.1,215.0,5.0,ML,,,,3.6,0.2,7
2631666,2006-09-29T12:25:17Z,-41.09,0.0,176.42,0.0,31.0,2.0,ML,,,,2.6,0.2,14
2631694,2006-09-29T14:03:24Z,-36.79,0.0,178.16,0.0,33.0,0.0,ML,,,,3.0,0.3,6
2631698,2006-09-29T14:22:11Z,-38.06,0.0,176.71,0.0,5.0,0.0,ML,,,,1.4,0.1,3
2631701,2006-09-29T14:36:18Z,-45.03,0.0,167.57,0.0,83.0,1.0,ML,,,,2.3,0.2,8
2631713,2006-09-29T15:25:36Z,-39.24,0.0,173.88,0.0,18.0,1.0,ML,,,,1.8,0.2,3
2631714,2006-09-29T15:30:35Z,-38.03,0.0,176.78,0.1,5.0,0.0,ML,,,,1.1,nan,1
2631721,2006-09-29T16:00:36Z,-39.11,0.0,175.28,0.0,14.0,1.0,ML,,,,1.4,0.2,5
2631738,2006-09-29T17:14:12Z,-39.04,0.0,173.92,0.0,14.0,2.0,ML,,,,1.6,0.1,4
2631747,2006-09-29T17:54:45Z,-45.0,0.0,167.42,0.0,5.0,0.0,ML,,,,1.7,0.1,3
2631751,2006-09-29T18:04:43Z,-39.98,0.0,174.37,0.0,12.0,0.0,ML,,,,2.3,0.2,14
2631752,2006-09-29T18:11:01Z,-38.97,0.0,178.04,0.0,42.0,2.0,ML,,,,2.5,0.2,3
2631790,2006-09-29T20:35:43Z,-39.5,0.0,175.11,0.1,119.0,2.0,ML,,,,2.6,0.2,3
2631811,2006-09-29T21:52:50Z,-38.15,0.0,178.73,0.0,38.0,2.0,ML,,,,2.5,0.3,3
2631816,2006-09-29T22:06:09Z,-41.71,0.0,173.64,0.0,5.0,0.0,ML,,,,1.7,0.0,3
2631821,2006-09-29T22:29:31Z,-42.42,0.0,172.66,0.0,5.0,0.0,ML,,,,1.6,0.2,3
2631837,2006-09-29T23:42:11Z,-38.76,0.0,176.31,0.0,5.0,0.0,ML,,,,1.8,0.2,6
2631838,2006-09-29T23:43:59Z,-40.18,0.0,176.48,0.0,33.0,0.0,ML,,,,2.5,0.2,5
2631854,2006-09-30T00:35:20Z,-38.54,0.0,177.84,0.0,32.0,1.0,ML,,,,2.7,0.2,3
2631884,2006-09-30T02:15:51Z,-42.02,0.0,173.97,0.0,12.0,0.0,ML,,,,2.3,0.2,7
2631913,2006-09-30T04:02:22Z,-37.91,0.0,177.57,0.0,75.0,3.0,ML,,,,2.2,0.1,3
2890804,2006-09-30T04:35:06Z,-38.37,0.0,176.25,0.0,104.0,4.0,ML,,,,2.7,0.2,4
2631922,2006-09-30T04:35:16Z,-38.2,0.0,176.02,0.0,168.0,4.0,ML,,,,3.6,0.2,10
2631933,2006-09-30T05:10:17Z,-36.97,0.0,177.42,0.0,136.0,2.0,ML,,,,2.7,0.1,3
2631960,2006-09-30T06:48:23Z,-37.78,0.0,176.78,0.0,5.0,0.0,ML,,,,1.9,0.3,4
2631982,2006-09-30T07:57:25Z,-36.89,0.0,179.62,0.1,12.0,0.0,ML,,,,3.2,0.2,6
2891326,2006-09-30T07:57:40Z,-39.11,0.0,175.67,0.0,0.0,0.0,ML,,,,0.9,0.2,1
2631989,2006-09-30T08:14:01Z,-41.47,0.0,172.8,0.0,93.0,2.0,ML,,,,2.2,0.3,3
2632016,2006-09-30T10:00:10Z,-38.51,0.0,178.56,0.0,5.0,0.0,ML,,,,2.4,0.2,3
2632022,2006-09-30T10:21:53Z,-40.19,0.0,175.77,0.0,33.0,2.0,ML,,,,1.9,0.1,3
2891806,2006-09-30T12:37:01Z,-41.77,0.0,173.76,0.0,14.0,2.0,ML,,,,1.8,0.1,7
2632056,2006-09-30T12:37:51Z,-41.12,0.0,174.64,0.0,56.0,1.0,ML,,,,2.4,0.2,10
2632062,2006-09-30T12:56:32Z,-40.95,0.0,174.0,0.0,57.0,3.0,ML,,,,2.3,0.3,8
2632066,2006-09-30T13:13:46Z,-43.48,0.0,171.65,0.0,5.0,0.0,ML,,,,2.2,0.1,6
2632085,2006-09-30T14:10:07Z,-38.87,0.0,175.24,0.1,193.0,6.0,ML,,,,3.2,0.3,11
2632095,2006-09-30T14:45:03Z,-45.06,0.0,167.72,0.0,126.0,4.0,ML,,,,2.8,0.3,3
2632107,2006-09-30T15:34:47Z,-39.16,0.0,175.37,0.0,15.0,1.0,ML,,,,1.7,0.1,11
2632117,2006-09-30T16:12:21Z,-37.26,0.0,178.84,0.0,12.0,0.0,ML,,,,2.4,0.2,3
2632130,2006-09-30T17:10:10Z,-38.35,0.0,178.29,0.0,12.0,0.0,ML,,,,2.1,0.1,3
2632131,2006-09-30T17:11:30Z,-45.62,0.0,166.9,0.0,54.0,4.0,ML,,,,2.2,0.0,3
2632138,2006-09-30T17:38:00Z,-40.79,0.0,174.77,0.0,17.0,1.0,ML,,,,2.1,0.1,8
2632147,2006-09-30T18:01:40Z,-41.29,0.0,174.57,0.0,35.0,1.0,ML,,,,2.5,0.2,5
2632149,2006-09-30T18:10:17Z,-38.25,0.0,178.45,0.0,29.0,0.0,ML,,,,2.5,0.1,3
2632168,2006-09-30T19:22:29Z,-40.39,0.0,176.22,0.0,23.0,3.0,ML,,,,2.4,0.2,6
2892346,2006-09-30T19:22:41Z,-40.39,0.0,176.24,0.0,23.0,3.0,ML,,,,2.2,0.3,5
2632169,2006-09-30T19:24:06Z,-41.39,0.0,175.08,0.0,28.0,1.0,ML,,,,2.1,0.1,9
2632178,2006-09-30T19:52:49Z,-41.02,0.0,174.87,0.0,58.0,1.0,ML,,,,2.7,0.2,13
2632184,2006-09-30T20:08:19Z,-42.15,0.0,173.6,0.0,39.0,1.0,ML,,,,2.0,0.1,3
2632186,2006-09-30T20:13:05Z,-44.7,0.0,167.68,0.0,35.0,1.0,ML,,,,2.1,0.2,5
2632190,2006-09-30T20:31:50Z,-41.03,0.0,174.78,0.0,34.0,1.0,ML,,,,2.1,0.2,7
2632199,2006-09-30T21:01:54Z,-41.19,0.0,174.82,0.0,23.0,1.0,ML,,,,2.3,0.1,6
2632202,2006-09-30T21:11:06Z,-40.34,0.0,176.29,0.0,55.0,1.0,ML,,,,3.4,0.2,12
2632214,2006-09-30T21:48:28Z,-45.23,0.0,167.35,0.0,77.0,2.0,ML,,,,2.2,0.0,4
2632218,2006-09-30T21:58:38Z,-40.14,0.0,174.96,0.0,24.0,2.0,ML,,,,2.4,0.2,10
2632235,2006-09-30T22:49:21Z,-41.25,0.1,172.75,0.0,135.0,4.0,ML,,,,2.3,0.0,2
2632237,2006-09-30T22:55:23Z,-41.01,0.0,174.05,0.0,55.0,2.0,ML,,,,2.3,0.1,6
2632243,2006-09-30T23:11:55Z,-38.49,0.0,177.93,0.0,55.0,4.0,ML,,,,2.5,0.2,2
2632244,2006-09-30T23:17:03Z,-40.15,0.0,174.87,0.0,12.0,0.0,ML,,,,2.0,0.2,5
2632247,2006-09-30T23:26:51Z,-41.34,0.0,174.61,0.0,30.0,1.0,ML,,,,2.1,0.1,12
2632255,2006-09-30T23:53:14Z,-41.72,0.0,173.85,0.0,14.0,1.0,ML,,,,1.6,0.1,4
2632270,2006-10-01T00:43:24Z,-45.46,0.0,167.02,0.0,64.0,3.0,ML,,,,2.2,0.3,4
2632280,2006-10-01T01:21:12Z,-46.11,0.0,169.9,0.0,5.0,0.0,ML,,,,2.8,0.3,8
2632297,2006-10-01T02:17:00Z,-39.8,0.0,175.05,0.0,38.0,2.0,ML,,,,3.5,0.2,18
2632357,2006-10-01T05:57:58Z,-45.75,0.0,166.94,0.0,5.0,0.0,ML,,,,2.9,0.3,10
2632364,2006-10-01T06:17:41Z,-38.93,0.0,175.71,0.0,5.0,0.0,ML,,,,1.8,0.1,3
2632367,2006-10-01T06:23:45Z,-38.93,0.0,175.69,0.0,5.0,0.0,ML,,,,1.5,0.2,3
2632369,2006-10-01T06:25:06Z,-38.93,0.0,175.7,0.0,7.0,1.0,ML,,,,1.9,0.2,6
2632371,2006-10-01T06:31:29Z,-44.17,0.0,168.66,0.1,5.0,0.0,ML,,,,2.2,0.2,8
2632379,2006-10-01T06:58:12Z,-38.93,0.0,175.7,0.0,7.0,1.0,ML,,,,1.8,0.2,6
2632383,2006-10-01T07:13:29Z,-45.22,0.0,167.06,0.0,12.0,0.0,ML,,,,2.3,0.2,7
2632389,2006-10-01T07:29:47Z,-39.79,0.0,174.11,0.0,144.0,4.0,ML,,,,2.9,0.3,11
2632393,2006-10-01T07:47:20Z,-39.26,0.0,174.54,0.0,31.0,0.0,ML,,,,2.1,0.1,2
2632400,2006-10-01T08:09:16Z,-45.13,0.0,167.49,0.0,82.0,3.0,ML,,,,2.5,0.2,7
2632404,2006-10-01T08:21:01Z,-38.93,0.0,175.71,0.0,5.0,0.0,ML,,,,1.6,0.1,5
2632419,2006-10-01T09:06:11Z,-39.61,0.0,175.71,0.0,12.0,0.0,ML,,,,2.3,0.1,13
2632421,2006-10-01T09:13:30Z,-45.26,0.0,166.69,0.1,12.0,0.0,ML,,,,2.1,0.2,4
2632442,2006-10-01T10:09:37Z,-38.93,0.0,175.7,0.0,5.0,0.0,ML,,,,1.8,0.1,6
2632449,2006-10-01T10:34:32Z,-41.42,0.0,173.12,0.0,82.0,2.0,ML,,,,2.7,0.2,12
2632480,2006-10-01T11:48:39Z,-39.96,0.0,175.2,0.0,33.0,3.0,ML,,,,2.5,0.2,8
2632493,2006-10-01T12:19:51Z,-42.07,0.0,172.95,0.0,63.0,3.0,ML,,,,1.9,nan,1
2632495,2006-10-01T12:25:57Z,-41.07,0.0,174.44,0.0,14.0,2.0,ML,,,,2.0,0.2,11
2632499,2006-10-01T12:37:56Z,-45.14,0.0,167.09,0.1,5.0,0.0,ML,,,,2.1,0.1,5
2632510,2006-10-01T13:12:55Z,-42.0,0.0,173.95,0.0,18.0,2.0,ML,,,,2.1,0.3,4
2632511,2006-10-01T13:15:53Z,-40.11,0.0,174.92,0.0,12.0,0.0,ML,,,,2.7,0.2,11
2632518,2006-10-01T13:29:39Z,-39.9,0.0,176.58,0.0,33.0,0.0,ML,,,,1.8,0.2,4
2632521,2006-10-01T13:41:54Z,-37.73,0.2,177.22,0.0,151.0,8.0,ML,,,,2.4,0.1,3
2632566,2006-10-01T15:54:43Z,-40.62,0.0,175.86,0.0,29.0,1.0,ML,,,,2.4,0.3,8
2632571,2006-10-01T16:14:22Z,-37.8,0.0,179.12,0.0,33.0,0.0,ML,,,,2.7,0.1,3
2632573,2006-10-01T16:22:36Z,-45.2,0.0,167.04,0.1,12.0,0.0,ML,,,,2.3,0.1,8
2632583,2006-10-01T16:51:14Z,-40.94,0.0,175.92,0.0,25.0,1.0,ML,,,,2.0,0.1,5
2632603,2006-10-01T17:39:50Z,-40.59,0.0,175.17,0.0,12.0,0.0,ML,,,,2.0,0.3,5
2632606,2006-10-01T17:51:57Z,-46.06,0.0,167.09,0.0,12.0,0.0,ML,,,,1.8,0.3,3
2632621,2006-10-01T18:41:50Z,-43.5,0.0,169.93,0.0,5.0,0.0,ML,,,,2.8,0.2,5
2632634,2006-10-01T19:17:26Z,-43.49,0.0,169.93,0.0,5.0,0.0,ML,,,,2.9,0.2,5
2892389,2006-10-01T19:19:28Z,-43.53,0.0,169.94,0.0,5.0,0.0,ML,,,,2.3,0.2,4
2632651,2006-10-01T20:14:35Z,-40.58,0.1,173.56,0.0,123.0,6.0,ML,,,,2.5,0.1,2
2632675,2006-10-01T21:22:14Z,-41.25,0.0,172.73,0.0,144.0,3.0,ML,,,,3.5,0.2,13
2632700,2006-10-01T22:50:58Z,-37.9,0.1,177.54,0.0,63.0,7.0,ML,,,,2.5,0.0,3
2632756,2006-10-02T01:43:27Z,-40.79,0.0,173.67,0.0,95.0,4.0,ML,,,,2.9,0.2,9
2632764,2006-10-02T02:04:59Z,-41.44,0.0,173.64,0.0,53.0,3.0,ML,,,,2.9,0.1,7
2632778,2006-10-02T02:48:35Z,-41.41,0.0,173.77,0.0,51.0,2.0,ML,,,,2.8,0.1,5
2632782,2006-10-02T02:59:32Z,-41.15,0.0,173.74,0.0,60.0,2.0,ML,,,,2.3,0.2,3
2632841,2006-10-02T05:47:03Z,-45.34,0.0,166.86,0.1,24.0,2.0,ML,,,,2.6,0.2,8
2632843,2006-10-02T05:53:28Z,-41.39,0.0,172.36,0.0,12.0,0.0,ML,,,,2.1,0.1,4
2632848,2006-10-02T06:11:18Z,-38.1,0.0,176.08,0.1,175.0,5.0,ML,,,,3.2,0.2,7
2632854,2006-10-02T06:30:27Z,-45.13,0.0,170.43,0.0,5.0,0.0,ML,,,,2.8,0.3,9
2632856,2006-10-02T06:34:20Z,-43.5,0.0,169.91,0.0,7.0,2.0,ML,,,,2.8,0.3,12
2894108,2006-10-02T06:34:32Z,-43.45,0.0,169.89,0.0,5.0,0.0,ML,,,,2.7,0.2,5
2894110,2006-10-02T06:34:42Z,-43.52,0.0,169.96,0.0,5.0,0.0,ML,,,,3.5,0.2,14
2632859,2006-10-02T06:50:28Z,-45.33,0.0,167.32,0.0,116.0,2.0,ML,,,,2.7,0.2,10
2632877,2006-10-02T07:38:44Z,-37.12,0.0,177.13,0.0,12.0,0.0,ML,,,,3.0,0.2,4
2632881,2006-10-02T07:48:52Z,-43.5,0.0,169.9,0.0,7.0,1.0,Mw,3.9,nan,0,4.3,0.3,25
2632887,2006-10-02T08:16:01Z,-43.49,0.0,169.89,0.0,8.0,2.0,ML,,,,2.9,0.3,4
2894177,2006-10-02T08:17:10Z,-43.78,0.0,168.2,0.1,12.0,0.0,ML,,,,2.3,0.2,7
2632894,2006-10-02T08:43:07Z,-43.52,0.0,169.93,0.0,5.0,0.0,ML,,,,2.1,0.2,6
2632897,2006-10-02T08:52:12Z,-40.17,0.0,174.85,0.0,12.0,0.0,ML,,,,2.5,0.2,8
2632901,2006-10-02T09:02:26Z,-43.53,0.0,169.93,0.0,5.0,0.0,Mw,4.4,nan,0,4.5,0.3,34
2894207,2006-10-02T09:05:29Z,-41.02,0.0,174.88,0.0,57.0,4.0,ML,,,,2.4,0.1,4
2632904,2006-10-02T09:08:19Z,-38.49,0.0,177.53,0.0,33.0,0.0,ML,,,,2.0,0.2,2
2632909,2006-10-02T09:24:02Z,-43.14,0.0,171.62,0.0,5.0,0.0,ML,,,,2.1,0.3,6
2632911,2006-10-02T09:29:48Z,-45.06,0.0,167.5,0.0,121.0,3.0,ML,,,,3.1,0.2,9
2632928,2006-10-02T10:29:03Z,-43.54,0.0,169.91,0.0,5.0,0.0,Mw,3.9,nan,0,4.3,0.2,29
2632934,2006-10-02T10:46:37Z,-43.53,0.0,169.93,0.0,5.0,0.0,ML,,,,2.5,0.2,9
2632954,2006-10-02T12:11:06Z,-38.11,0.0,176.7,0.0,5.0,0.0,ML,,,,1.7,0.0,2
2632966,2006-10-02T12:44:03Z,-44.99,0.0,167.57,0.0,88.0,3.0,ML,,,,2.2,0.2,7
2632984,2006-10-02T13:38:55Z,-39.19,0.0,175.38,0.0,17.0,1.0,ML,,,,2.3,0.2,17
2632990,2006-10-02T13:58:08Z,-41.36,0.0,172.3,0.0,5.0,0.0,ML,,,,2.2,0.2,5
2632997,2006-10-02T14:19:24Z,-37.17,0.1,176.6,0.1,219.0,10.0,ML,,,,2.9,0.2,4
2633012,2006-10-02T15:07:08Z,-43.5,0.0,169.92,0.0,5.0,0.0,ML,,,,2.3,0.2,8
2633024,2006-10-02T15:42:01Z,-38.51,0.1,176.24,0.1,147.0,6.0,ML,,,,2.5,0.1,5
2633029,2006-10-02T15:55:13Z,-39.33,0.0,177.71,0.0,30.0,1.0,ML,,,,2.1,0.1,2
2633030,2006-10-02T15:59:56Z,-38.63,0.0,179.66,0.1,33.0,0.0,ML,,,,4.0,0.2,29
2633047,2006-10-02T17:02:20Z,-43.52,0.0,169.93,0.0,5.0,0.0,ML,,,,2.8,0.3,13
2633056,2006-10-02T17:25:50Z,-37.42,0.1,177.21,0.0,113.0,10.0,ML,,,,2.4,0.1,3
2633082,2006-10-02T18:53:54Z,-40.89,0.0,175.7,0.0,25.0,1.0,ML,,,,2.1,0.1,4
2633130,2006-10-02T21:20:17Z,-37.28,0.1,176.23,0.1,222.0,8.0,ML,,,,3.0,0.2,5
2633140,2006-10-02T21:57:42Z,-40.36,0.0,173.9,0.0,82.0,4.0,ML,,,,2.7,0.0,2
2633152,2006-10-02T22:30:46Z,-40.46,0.0,174.74,0.0,5.0,0.0,ML,,,,2.3,0.1,10
2633185,2006-10-03T00:05:50Z,-45.47,0.0,166.72,0.0,20.0,0.0,ML,,,,2.3,0.1,3
2633189,2006-10-03T00:18:35Z,-40.63,0.0,175.86,0.0,27.0,1.0,ML,,,,1.8,0.1,2
2633201,2006-10-03T01:00:33Z,-40.57,0.0,174.78,0.0,36.0,2.0,ML,,,,2.3,0.2,5
2633204,2006-10-03T01:09:26Z,-41.02,0.0,172.84,0.1,230.0,6.0,ML,,,,3.1,0.2,2
2633210,2006-10-03T01:27:36Z,-41.28,0.0,173.78,0.0,55.0,2.0,ML,,,,2.4,0.2,6
2633237,2006-10-03T02:49:53Z,-36.97,0.0,178.13,0.0,33.0,0.0,ML,,,,2.8,0.0,3
2633242,2006-10-03T03:02:21Z,-38.52,0.1,176.28,0.1,149.0,7.0,ML,,,,3.0,0.3,6
2633264,2006-10-03T04:00:02Z,-44.91,0.0,167.3,0.0,56.0,3.0,ML,,,,2.8,0.1,8
2633287,2006-10-03T05:18:41Z,-39.32,0.0,177.37,0.0,33.0,0.0,ML,,,,2.8,0.2,9
2633340,2006-10-03T07:54:41Z,-38.8,0.0,177.66,0.0,54.0,2.0,ML,,,,2.6,0.1,5
2633364,2006-10-03T09:03:41Z,-41.37,0.0,172.94,0.0,105.0,2.0,ML,,,,2.4,0.2,2
2633368,2006-10-03T09:11:11Z,-40.44,0.0,174.92,0.0,5.0,0.0,ML,,,,2.5,0.1,9
2633375,2006-10-03T09:34:37Z,-38.58,0.0,175.8,0.1,142.0,3.0,ML,,,,3.3,0.3,15
2633397,2006-10-03T11:01:57Z,-41.27,0.0,173.5,0.0,68.0,2.0,ML,,,,1.9,0.1,2
2633401,2006-10-03T11:15:31Z,-38.35,0.0,176.79,0.0,5.0,0.0,ML,,,,2.2,0.2,4
2895180,2006-10-03T11:17:28Z,-38.34,0.0,176.79,0.0,5.0,0.0,ML,,,,2.0,0.2,2
2633402,2006-10-03T11:17:30Z,-40.59,0.0,174.42,0.0,46.0,5.0,ML,,,,2.4,0.1,7
2633404,2006-10-03T11:24:15Z,-42.73,0.0,171.37,0.0,12.0,0.0,ML,,,,2.0,0.2,3
2633415,2006-10-03T12:04:05Z,-42.67,0.0,171.36,0.0,5.0,0.0,ML,,,,2.5,0.2,6
2633418,2006-10-03T12:14:22Z,-43.25,0.0,171.15,0.0,5.0,0.0,ML,,,,2.0,0.2,4
2633422,2006-10-03T12:25:38Z,-39.4,0.0,177.4,0.0,44.0,7.0,ML,,,,2.3,0.2,3
2633429,2006-10-03T12:55:35Z,-39.01,0.0,173.97,0.0,12.0,0.0,ML,,,,1.5,0.3,2
2633435,2006-10-03T13:08:25Z,-36.44,0.1,177.99,0.1,229.0,8.0,ML,,,,3.6,0.2,11
2633457,2006-10-03T14:22:39Z,-37.59,0.0,176.34,0.0,208.0,3.0,ML,,,,3.8,0.2,13
2633460,2006-10-03T14:35:47Z,-39.02,0.0,173.95,0.0,11.0,1.0,ML,,,,1.7,0.2,5
2633467,2006-10-03T14:59:24Z,-41.36,0.0,175.11,0.0,25.0,1.0,ML,,,,2.3,0.1,9
2633469,2006-10-03T15:08:47Z,-38.34,0.0,176.79,0.0,5.0,0.0,ML,,,,2.1,0.2,4
2633470,2006-10-03T15:12:54Z,-38.39,0.1,175.96,0.2,160.0,7.0,ML,,,,3.1,0.3,5
2633519,2006-10-03T17:53:48Z,-45.29,0.1,167.45,0.1,117.0,6.0,ML,,,,2.4,0.1,4
2633524,2006-10-03T18:12:43Z,-45.08,0.0,167.35,0.0,125.0,3.0,ML,,,,3.2,0.3,10
2633525,2006-10-03T18:17:17Z,-45.21,0.0,167.35,0.0,76.0,1.0,ML,,,,3.0,0.1,6
2633533,2006-10-03T18:50:57Z,-38.97,0.0,178.17,0.1,58.0,5.0,ML,,,,3.2,0.2,4
2633539,2006-10-03T19:12:16Z,-39.36,0.0,175.52,0.0,11.0,1.0,ML,,,,2.6,0.2,25
2633543,2006-10-03T19:25:38Z,-39.36,0.0,175.51,0.0,12.0,1.0,ML,,,,2.4,0.2,18
2895615,2006-10-03T20:15:23Z,-43.72,0.0,168.52,0.1,33.0,0.0,ML,,,,2.5,0.2,6
2633568,2006-10-03T20:50:11Z,-41.09,0.0,175.05,0.0,27.0,1.0,ML,,,,2.9,0.2,13
2633603,2006-10-03T22:46:59Z,-38.09,0.0,176.41,0.0,144.0,5.0,ML,,,,3.6,0.2,7
2633614,2006-10-03T23:12:15Z,-43.49,0.0,169.94,0.0,5.0,0.0,ML,,,,3.0,0.2,6
2633616,2006-10-03T23:20:23Z,-43.5,0.0,169.91,0.0,8.0,0.0,ML,,,,3.4,0.1,13
2633617,2006-10-03T23:26:46Z,-39.19,0.0,174.73,0.0,31.0,1.0,ML,,,,2.1,0.1,3
2633620,2006-10-03T23:37:45Z,-37.72,0.0,176.5,0.0,152.0,3.0,ML,,,,3.4,0.2,5
2633651,2006-10-04T01:19:51Z,-37.72,0.0,177.79,0.0,61.0,1.0,ML,,,,2.8,0.2,3
2633713,2006-10-04T04:24:17Z,-43.52,0.0,169.94,0.0,5.0,0.0,ML,,,,3.3,0.2,8
2633715,2006-10-04T04:31:21Z,-43.46,0.0,169.94,0.0,5.0,0.0,ML,,,,3.0,0.3,8
2633730,2006-10-04T05:19:20Z,-45.19,0.0,166.98,0.1,5.0,0.0,ML,,,,3.5,0.1,7
2633742,2006-10-04T06:12:36Z,-38.4,0.0,177.15,0.0,33.0,0.0,ML,,,,2.8,0.2,5
2892736,2006-10-04T06:13:32Z,-39.27,0.0,174.47,0.0,31.0,1.0,ML,,,,2.2,0.1,3
2633747,2006-10-04T06:32:42Z,-39.2,0.0,173.82,0.0,13.0,2.0,ML,,,,2.5,0.2,4
2892748,2006-10-04T07:25:36Z,-41.05,0.0,175.45,0.0,5.0,0.0,ML,,,,2.2,0.2,6
2633799,2006-10-04T08:59:30Z,-43.97,0.0,169.34,0.0,5.0,0.0,ML,,,,2.3,0.2,5
2633807,2006-10-04T09:23:41Z,-39.28,0.0,175.55,0.0,4.0,0.0,ML,,,,2.3,0.3,11
2634071,2006-10-04T09:24:09Z,-39.29,0.0,175.56,0.0,5.0,1.0,ML,,,,2.0,0.2,8
2633829,2006-10-04T09:24:46Z,-39.28,0.0,175.57,0.1,5.0,0.0,ML,,,,1.7,0.2,3
2633809,2006-10-04T09:26:23Z,-39.28,0.0,175.56,0.0,0.0,0.0,ML,,,,3.1,0.2,5
2633814,2006-10-04T09:41:50Z,-38.13,0.0,176.16,0.0,163.0,4.0,ML,,,,4.0,0.2,14
2633822,2006-10-04T10:07:39Z,-39.28,0.0,175.56,0.0,0.0,0.0,ML,,,,2.1,0.2,5
2633857,2006-10-04T11:38:41Z,-40.66,0.0,175.79,0.0,55.0,2.0,ML,,,,2.0,0.2,2
2633858,2006-10-04T11:40:10Z,-39.28,0.0,175.56,0.0,0.0,0.0,ML,,,,2.5,0.2,6
2633879,2006-10-04T12:31:09Z,-39.25,0.0,175.58,0.0,5.0,0.0,ML,,,,1.5,0.2,3
2633897,2006-10-04T13:10:38Z,-39.28,0.0,175.56,0.0,0.0,0.0,ML,,,,1.9,0.3,3
2633899,2006-10-04T13:18:16Z,-39.34,0.0,174.47,0.0,147.0,3.0,ML,,,,3.0,nan,1
2894103,2006-10-04T13:18:54Z,-40.08,0.0,176.47,0.0,66.0,5.0,ML,,,,2.8,0.2,2
2633903,2006-10-04T13:26:23Z,-38.93,0.0,175.67,0.0,5.0,0.0,ML,,,,1.9,0.1,6
2633908,2006-10-04T13:33:23Z,-39.29,0.0,175.59,0.0,12.0,0.0,ML,,,,2.5,0.4,6
2633954,2006-10-04T15:14:44Z,-38.93,0.0,175.71,0.0,7.0,1.0,ML,,,,2.9,0.2,24
2633980,2006-10-04T16:18:37Z,-39.28,0.0,175.56,0.0,0.0,0.0,ML,,,,2.3,0.2,3
2633995,2006-10-04T17:06:18Z,-39.1,0.0,173.88,0.0,9.0,1.0,ML,,,,2.1,0.2,6
2634040,2006-10-04T19:16:43Z,-44.77,0.0,168.7,0.0,5.0,0.0,ML,,,,2.6,0.3,7
2634081,2006-10-04T20:53:48Z,-39.38,0.0,175.5,0.0,17.0,2.0,ML,,,,1.9,0.1,7
2634086,2006-10-04T21:14:43Z,-44.03,0.0,168.6,0.0,12.0,2.0,ML,,,,2.2,0.2,6
2634092,2006-10-04T21:31:05Z,-38.31,0.0,178.43,0.0,12.0,0.0,ML,,,,2.9,0.2,4
2634219,2006-10-05T03:27:29Z,-45.2,0.0,167.14,0.0,5.0,0.0,ML,,,,2.1,0.1,5
2634224,2006-10-05T03:46:47Z,-45.73,0.0,166.8,0.0,5.0,0.0,ML,,,,2.2,0.1,3
2634243,2006-10-05T04:46:29Z,-37.7,0.0,176.64,0.1,157.0,4.0,ML,,,,3.5,0.2,6
2634257,2006-10-05T05:33:56Z,-39.11,0.0,175.3,0.0,11.0,1.0,ML,,,,1.8,0.2,8
2634269,2006-10-05T06:20:46Z,-40.3,0.0,176.65,0.0,28.0,3.0,ML,,,,2.7,0.1,4
2634271,2006-10-05T06:30:56Z,-46.11,0.0,167.36,0.0,12.0,0.0,ML,,,,2.3,0.2,5
2634289,2006-10-05T07:17:45Z,-41.37,0.0,173.04,0.0,91.0,2.0,ML,,,,1.9,nan,1
2634291,2006-10-05T07:21:51Z,-38.93,0.0,175.73,0.0,8.0,1.0,ML,,,,1.9,0.2,5
2634292,2006-10-05T07:23:43Z,-38.49,0.0,177.77,0.0,58.0,2.0,ML,,,,3.0,0.1,6
2634298,2006-10-05T07:41:03Z,-39.17,0.0,175.02,0.0,26.0,3.0,ML,,,,1.8,0.1,3
2634313,2006-10-05T08:37:59Z,-38.04,0.4,176.93,0.9,253.0,12.0,ML,,,,3.3,0.4,4
2634317,2006-10-05T08:46:22Z,-40.52,0.0,174.38,0.0,84.0,3.0,ML,,,,3.0,0.1,9
2634322,2006-10-05T08:58:26Z,-38.08,0.1,176.36,0.1,153.0,6.0,ML,,,,3.5,0.2,4
2634335,2006-10-05T09:56:01Z,-45.26,0.0,167.3,0.0,71.0,3.0,ML,,,,2.4,0.2,6
2634337,2006-10-05T10:08:17Z,-39.86,0.0,176.41,0.0,12.0,0.0,ML,,,,2.2,0.2,4
2634346,2006-10-05T10:34:40Z,-38.99,0.0,176.03,0.0,82.0,2.0,ML,,,,3.1,0.1,6
2634367,2006-10-05T11:27:44Z,-40.62,0.0,175.86,0.0,27.0,0.0,ML,,,,2.4,0.1,3
2634401,2006-10-05T12:55:34Z,-45.69,0.0,166.98,0.0,5.0,0.0,ML,,,,2.2,0.1,3
2634421,2006-10-05T13:49:34Z,-40.64,0.0,175.86,0.0,31.0,1.0,ML,,,,3.1,0.2,11
2634423,2006-10-05T13:53:02Z,-37.76,0.0,176.79,0.0,158.0,1.0,ML,,,,3.1,0.1,3
2634424,2006-10-05T13:55:31Z,-36.91,0.0,177.37,0.0,73.0,1.0,ML,,,,3.0,0.2,3
2634427,2006-10-05T14:05:31Z,-43.98,0.0,169.07,0.0,5.0,0.0,ML,,,,2.1,0.2,9
2634430,2006-10-05T14:12:47Z,-39.06,0.0,174.59,0.0,33.0,0.0,ML,,,,2.4,0.1,6
2634431,2006-10-05T14:15:00Z,-39.55,0.0,175.35,0.0,80.0,2.0,ML,,,,2.7,0.2,4
2634443,2006-10-05T14:45:13Z,-45.29,0.0,167.37,0.0,75.0,2.0,ML,,,,2.4,0.2,8
2634468,2006-10-05T15:45:39Z,-43.2,0.0,170.83,0.0,5.0,0.0,ML,,,,2.7,0.4,11
2634493,2006-10-05T16:45:23Z,-39.33,0.0,173.77,0.0,6.0,1.0,ML,,,,1.6,0.0,2
2634501,2006-10-05T17:00:17Z,-40.24,0.0,174.32,0.0,89.0,3.0,ML,,,,2.7,0.1,9
2634515,2006-10-05T17:43:46Z,-45.29,0.0,166.96,0.0,12.0,0.0,ML,,,,2.6,0.2,10
2634537,2006-10-05T18:51:07Z,-42.38,0.0,173.98,0.1,12.0,0.0,ML,,,,2.3,0.2,3
2634541,2006-10-05T19:05:08Z,-45.03,0.0,167.1,0.0,12.0,0.0,ML,,,,2.3,0.2,6
2634546,2006-10-05T19:27:43Z,-45.11,0.0,167.34,0.0,114.0,2.0,ML,,,,3.5,0.1,8
2634565,2006-10-05T20:36:33Z,-44.4,0.0,168.26,0.0,5.0,0.0,ML,,,,2.1,0.1,6
2634590,2006-10-05T21:59:13Z,-40.37,0.0,176.15,0.0,29.0,3.0,ML,,,,2.5,0.2,5
2634594,2006-10-05T22:11:53Z,-38.48,0.1,176.01,0.2,181.0,9.0,ML,,,,3.1,0.2,4
2634597,2006-10-05T22:25:14Z,-40.35,0.0,176.17,0.0,33.0,0.0,ML,,,,2.4,0.2,5
2634598,2006-10-05T22:34:37Z,-41.09,0.0,174.58,0.0,62.0,2.0,ML,,,,2.3,0.1,5
2634607,2006-10-05T22:59:28Z,-42.92,0.0,172.01,0.0,12.0,0.0,ML,,,,2.2,0.2,4
2634649,2006-10-06T01:07:23Z,-40.12,0.0,174.95,0.0,25.0,2.0,ML,,,,2.9,0.2,16
2892823,2006-10-06T01:08:17Z,-40.81,0.0,175.29,0.0,25.0,1.0,ML,,,,2.3,0.2,4
2634658,2006-10-06T01:28:13Z,-39.46,0.0,174.49,0.0,174.0,4.0,ML,,,,2.9,0.2,3
2634680,2006-10-06T02:22:57Z,-41.24,0.0,172.75,0.0,167.0,2.0,ML,,,,3.7,0.2,15
2634692,2006-10-06T03:00:30Z,-40.19,0.0,174.31,0.0,33.0,0.0,ML,,,,2.3,0.1,8
2634724,2006-10-06T04:33:41Z,-39.26,0.0,173.8,0.0,15.0,2.0,ML,,,,2.0,0.1,3
2894610,2006-10-06T04:35:53Z,-42.11,0.0,173.13,0.0,5.0,0.0,ML,,,,2.2,0.2,4
2634726,2006-10-06T04:40:03Z,-40.26,0.0,176.75,0.0,50.0,3.0,ML,,,,2.2,0.2,4
2634733,2006-10-06T05:03:40Z,-40.4,0.0,174.36,0.0,12.0,0.0,ML,,,,2.3,0.2,9
2634734,2006-10-06T05:08:05Z,-43.55,0.0,169.93,0.0,5.0,0.0,ML,,,,2.0,0.1,3
2634745,2006-10-06T05:45:24Z,-41.39,0.0,172.36,0.0,5.0,0.0,ML,,,,2.4,0.2,4
2634754,2006-10-06T06:13:46Z,-43.29,0.0,170.49,0.0,5.0,0.0,ML,,,,3.7,0.2,16
2634758,2006-10-06T06:26:08Z,-42.09,0.0,173.17,0.0,12.0,0.0,ML,,,,2.4,0.2,6
2634774,2006-10-06T07:20:11Z,-45.57,0.0,166.86,0.0,65.0,3.0,ML,,,,2.1,0.2,2
2634775,2006-10-06T07:24:12Z,-39.69,0.0,176.72,0.0,45.0,3.0,ML,,,,2.3,0.3,3
2634781,2006-10-06T07:41:14Z,-38.48,0.1,175.56,0.2,177.0,10.0,ML,,,,3.2,0.2,8
2634782,2006-10-06T07:45:24Z,-40.86,0.0,173.58,0.0,111.0,3.0,ML,,,,2.5,0.2,4
2634784,2006-10-06T07:54:53Z,-39.24,0.0,173.77,0.0,12.0,0.0,ML,,,,1.7,0.0,2
2634788,2006-10-06T08:02:49Z,-38.49,0.0,178.69,0.0,33.0,0.0,ML,,,,2.6,0.2,4
2634804,2006-10-06T08:51:52Z,-45.2,0.0,166.95,0.0,12.0,0.0,ML,,,,2.9,0.2,11
2634807,2006-10-06T09:08:15Z,-40.91,0.0,172.52,0.0,5.0,0.0,ML,,,,2.5,0.3,7
2634810,2006-10-06T09:14:59Z,-38.29,0.0,177.68,0.0,63.0,1.0,ML,,,,3.1,0.2,6
2634811,2006-10-06T09:18:12Z,-40.85,0.0,175.86,0.0,29.0,1.0,ML,,,,2.2,0.2,7
2634813,2006-10-06T09:24:32Z,-38.87,0.0,175.54,0.0,119.0,4.0,ML,,,,3.1,0.3,10
2634816,2006-10-06T09:33:01Z,-40.27,0.1,173.44,0.0,207.0,7.0,ML,,,,2.9,0.4,5
2634835,2006-10-06T10:41:39Z,-40.94,0.0,173.07,0.0,161.0,3.0,ML,,,,3.0,0.2,3
2634841,2006-10-06T11:09:34Z,-45.17,0.0,167.39,0.0,121.0,5.0,ML,,,,2.5,0.3,8
2634871,2006-10-06T12:32:56Z,-40.45,0.0,175.98,0.0,27.0,2.0,ML,,,,2.4,0.2,15
2634872,2006-10-06T12:39:12Z,-40.9,0.0,175.19,0.0,25.0,2.0,ML,,,,1.8,0.4,4
2634874,2006-10-06T12:45:34Z,-45.14,0.0,166.97,0.0,12.0,0.0,ML,,,,2.2,0.1,7
2634898,2006-10-06T13:55:54Z,-41.28,0.0,174.84,0.0,27.0,1.0,ML,,,,1.5,0.1,4
2634907,2006-10-06T14:23:21Z,-41.23,0.0,175.19,0.0,25.0,1.0,ML,,,,2.3,0.1,11
2634925,2006-10-06T15:20:29Z,-39.23,0.0,173.77,0.0,12.0,1.0,ML,,,,0.8,0.2,2
2634930,2006-10-06T15:35:50Z,-39.21,0.0,176.93,0.0,22.0,3.0,ML,,,,2.3,0.3,5
2634936,2006-10-06T15:47:25Z,-37.95,0.1,176.17,0.2,205.0,9.0,ML,,,,3.0,0.2,4
2895023,2006-10-06T15:50:00Z,-43.53,0.0,169.94,0.0,5.0,0.0,ML,,,,2.3,0.2,7
2634943,2006-10-06T16:09:26Z,-41.26,0.0,174.46,0.0,53.0,2.0,ML,,,,2.2,0.2,7
2634950,2006-10-06T16:23:29Z,-40.54,0.0,175.92,0.0,31.0,2.0,ML,,,,1.5,0.1,2
2634961,2006-10-06T16:46:04Z,-38.13,0.0,176.69,0.0,5.0,0.0,ML,,,,2.3,0.2,5
2634973,2006-10-06T17:26:41Z,-45.1,0.0,166.96,0.1,12.0,0.0,ML,,,,1.9,0.1,3
2634978,2006-10-06T17:39:51Z,-38.11,0.0,176.7,0.0,6.0,1.0,ML,,,,2.3,0.2,4
2634981,2006-10-06T17:48:36Z,-40.8,0.0,174.78,0.0,21.0,2.0,ML,,,,1.8,0.2,5
2634990,2006-10-06T18:14:02Z,-37.49,0.0,177.17,0.1,12.0,0.0,ML,,,,2.7,0.1,3
2634995,2006-10-06T18:35:21Z,-44.64,0.0,167.56,0.0,5.0,0.0,ML,,,,2.7,0.2,8
2635005,2006-10-06T19:15:11Z,-38.58,0.0,176.45,0.0,57.0,3.0,ML,,,,2.1,0.3,3
2635014,2006-10-06T19:48:54Z,-37.58,0.0,177.15,0.0,5.0,0.0,ML,,,,3.3,0.2,5
2635023,2006-10-06T20:18:33Z,-39.38,0.0,175.63,0.0,13.0,0.0,ML,,,,1.8,0.2,10
2635144,2006-10-06T20:19:19Z,-44.33,0.0,169.39,0.0,5.0,0.0,ML,,,,2.8,0.2,7
2635037,2006-10-06T21:13:16Z,-41.31,0.0,174.09,0.0,45.0,1.0,ML,,,,2.1,0.3,4
2635040,2006-10-06T21:25:09Z,-41.83,0.0,173.26,0.0,89.0,2.0,ML,,,,3.1,0.2,8
2635053,2006-10-06T22:01:12Z,-37.57,0.0,177.17,0.0,5.0,0.0,ML,,,,3.1,0.1,4
2635057,2006-10-06T22:17:46Z,-41.18,0.0,174.57,0.0,33.0,0.0,ML,,,,2.2,0.1,7
2635064,2006-10-06T22:41:48Z,-37.94,0.0,176.58,0.0,149.0,3.0,ML,,,,3.6,0.4,16
2635065,2006-10-06T22:44:40Z,-37.56,0.0,177.11,0.0,5.0,0.0,ML,,,,2.8,0.2,3
2635085,2006-10-06T23:55:23Z,-45.33,0.0,167.26,0.0,64.0,3.0,ML,,,,2.8,0.2,6
2635132,2006-10-07T02:21:40Z,-35.62,0.1,177.84,0.1,224.0,8.0,ML,,,,3.9,0.2,6
2635138,2006-10-07T02:45:47Z,-41.59,0.0,174.04,0.0,20.0,1.0,ML,,,,1.9,0.2,3
2635139,2006-10-07T02:49:50Z,-45.09,0.0,167.43,0.0,113.0,3.0,ML,,,,3.6,0.1,11
2635143,2006-10-07T02:58:56Z,-40.36,0.0,176.34,0.0,31.0,2.0,ML,,,,2.5,0.2,3
2635160,2006-10-07T03:53:52Z,-40.5,0.0,173.51,0.0,143.0,4.0,ML,,,,3.1,0.2,4
2635191,2006-10-07T05:19:09Z,-44.15,0.0,168.49,0.0,5.0,0.0,ML,,,,2.9,0.2,7
2635208,2006-10-07T06:08:25Z,-39.25,0.0,177.37,0.0,40.0,6.0,ML,,,,2.7,0.1,3
2635214,2006-10-07T06:25:21Z,-40.96,0.0,175.41,0.0,17.0,1.0,ML,,,,2.2,0.3,5
2635229,2006-10-07T07:01:59Z,-40.07,0.0,174.36,0.0,95.0,4.0,ML,,,,3.0,0.2,9
2635244,2006-10-07T07:35:21Z,-40.43,0.0,175.84,0.0,29.0,1.0,ML,,,,2.7,0.1,5
2635259,2006-10-07T08:11:58Z,-44.81,0.0,167.62,0.0,44.0,3.0,ML,,,,2.1,0.3,3
2635278,2006-10-07T08:56:09Z,-38.28,0.0,175.95,0.1,162.0,5.0,ML,,,,3.2,0.3,10
2635289,2006-10-07T09:26:38Z,-39.56,0.0,175.05,0.0,94.0,2.0,ML,,,,2.7,0.2,7
2635291,2006-10-07T09:30:58Z,-41.46,0.0,172.39,0.0,33.0,1.0,ML,,,,1.8,0.2,3
2635295,2006-10-07T09:39:25Z,-41.43,0.0,172.84,0.0,110.0,2.0,ML,,,,3.1,0.2,10
2895487,2006-10-07T09:40:37Z,-41.09,0.0,175.08,0.0,28.0,1.0,ML,,,,2.3,0.1,5
2635298,2006-10-07T09:46:51Z,-44.46,0.0,168.25,0.0,5.0,0.0,ML,,,,2.1,0.3,4
2635310,2006-10-07T10:19:49Z,-37.01,0.0,177.28,0.0,148.0,3.0,ML,,,,3.5,0.2,4
2635338,2006-10-07T11:35:21Z,-41.24,0.0,173.2,0.0,111.0,4.0,ML,,,,2.2,nan,1
2635341,2006-10-07T11:39:51Z,-40.76,0.0,174.74,0.0,15.0,2.0,ML,,,,2.1,0.2,6
2635353,2006-10-07T12:04:02Z,-40.69,0.0,174.07,0.0,64.0,2.0,ML,,,,2.5,0.2,6
2635357,2006-10-07T12:12:21Z,-44.38,0.0,168.23,0.0,5.0,0.0,ML,,,,2.5,0.3,8
2635393,2006-10-07T13:36:34Z,-44.84,0.0,167.82,0.0,91.0,4.0,ML,,,,2.4,0.2,8
2635400,2006-10-07T13:51:15Z,-40.18,0.0,175.15,0.0,27.0,5.0,ML,,,,2.1,0.2,6
2635419,2006-10-07T14:30:46Z,-39.63,0.0,174.86,0.0,121.0,2.0,ML,,,,3.2,0.1,12
2635421,2006-10-07T14:35:50Z,-41.46,0.0,174.82,0.0,26.0,1.0,ML,,,,1.8,0.1,4
2635434,2006-10-07T15:05:29Z,-39.28,0.0,175.56,0.0,0.0,0.0,ML,,,,0.9,0.4,2
2635443,2006-10-07T15:33:03Z,-39.28,0.0,175.56,0.0,0.0,0.0,ML,,,,1.2,0.4,3
2635473,2006-10-07T17:11:05Z,-37.64,0.0,178.25,0.1,51.0,5.0,ML,,,,2.5,0.3,3
2635478,2006-10-07T17:24:55Z,-39.1,0.1,176.31,0.1,51.0,6.0,ML,,,,2.5,0.2,3
2635498,2006-10-07T18:20:07Z,-37.71,0.0,177.53,0.0,46.0,6.0,ML,,,,2.7,0.1,4
2635502,2006-10-07T18:28:05Z,-41.67,0.0,174.26,0.0,8.0,2.0,ML,,,,2.6,0.2,9
2895553,2006-10-07T18:30:02Z,-45.46,0.0,166.93,0.0,55.0,3.0,ML,,,,2.4,0.1,3
2635503,2006-10-07T18:30:39Z,-36.61,0.0,177.56,0.1,190.0,4.0,ML,,,,3.4,0.2,7
2635525,2006-10-07T19:41:50Z,-39.27,0.0,175.24,0.0,16.0,2.0,ML,,,,1.9,0.1,7
2635546,2006-10-07T20:31:16Z,-41.23,0.0,172.3,0.0,12.0,0.0,ML,,,,2.0,0.3,3
2635558,2006-10-07T21:11:21Z,-41.69,0.0,174.29,0.0,5.0,0.0,ML,,,,2.1,0.3,10
2635587,2006-10-07T22:37:25Z,-39.44,0.0,177.43,0.0,33.0,0.0,ML,,,,2.2,0.2,2
2635594,2006-10-07T22:56:00Z,-44.94,0.0,167.64,0.0,82.0,2.0,ML,,,,2.5,0.2,4
2635608,2006-10-07T23:29:04Z,-38.26,0.0,176.22,0.1,99.0,6.0,ML,,,,2.4,0.1,3
2635651,2006-10-08T01:31:38Z,-41.4,0.0,175.06,0.0,26.0,1.0,ML,,,,2.0,0.2,6
2635659,2006-10-08T01:54:06Z,-41.54,0.0,174.44,0.0,53.0,3.0,ML,,,,2.4,0.2,4
2635665,2006-10-08T02:16:59Z,-38.1,0.0,176.72,0.0,12.0,0.0,ML,,,,2.0,0.0,2
2635682,2006-10-08T03:16:21Z,-38.99,0.0,177.72,0.0,36.0,1.0,ML,,,,2.8,0.2,2
2635686,2006-10-08T03:31:16Z,-41.08,0.0,174.46,0.0,64.0,2.0,ML,,,,2.3,0.3,4
2635705,2006-10-08T04:40:56Z,-37.85,0.0,177.54,0.0,58.0,8.0,ML,,,,2.1,0.2,3
2635713,2006-10-08T05:01:20Z,-39.17,0.0,175.4,0.0,14.0,0.0,ML,,,,1.7,0.1,7
2635785,2006-10-08T05:01:44Z,-41.86,0.0,174.04,0.0,17.0,2.0,ML,,,,3.0,0.2,18
2635715,2006-10-08T05:11:13Z,-44.95,0.0,167.75,0.0,79.0,4.0,ML,,,,2.8,0.2,7
2635720,2006-10-08T05:25:12Z,-40.43,0.0,174.32,0.0,83.0,2.0,ML,,,,2.7,0.1,5
2635730,2006-10-08T05:59:22Z,-38.06,0.1,176.31,0.1,157.0,10.0,ML,,,,3.3,0.3,6
2635769,2006-10-08T07:42:08Z,-45.18,0.0,167.63,0.0,113.0,3.0,ML,,,,3.0,0.3,7
2635781,2006-10-08T08:08:26Z,-38.78,0.0,178.2,0.0,48.0,6.0,ML,,,,2.1,0.3,3
2635790,2006-10-08T08:29:57Z,-39.36,0.0,175.5,0.0,13.0,1.0,ML,,,,2.6,0.2,19
2894616,2006-10-08T08:30:32Z,-38.27,0.0,176.19,0.0,142.0,2.0,ML,,,,3.7,0.1,9
2635792,2006-10-08T08:35:29Z,-45.18,0.0,167.64,0.1,125.0,7.0,ML,,,,3.0,0.2,3
2635804,2006-10-08T09:08:03Z,-39.37,0.0,175.51,0.0,12.0,0.0,ML,,,,1.8,0.1,8
2635811,2006-10-08T09:22:01Z,-39.84,0.0,177.06,0.0,44.0,5.0,ML,,,,2.3,0.2,3
2635838,2006-10-08T10:42:34Z,-38.01,0.0,177.58,0.0,70.0,5.0,ML,,,,2.5,0.1,4
2635842,2006-10-08T10:58:00Z,-38.93,0.0,175.7,0.0,5.0,0.0,ML,,,,1.8,0.1,5
2635914,2006-10-08T13:31:30Z,-38.67,0.0,177.65,0.0,51.0,2.0,ML,,,,2.5,0.2,4
2635921,2006-10-08T13:47:31Z,-38.15,0.0,178.85,0.1,33.0,0.0,ML,,,,2.6,0.1,4
2635932,2006-10-08T14:12:29Z,-39.18,0.0,177.57,0.1,30.0,2.0,ML,,,,2.6,0.1,3
2635941,2006-10-08T14:33:08Z,-38.32,0.0,176.14,0.0,149.0,3.0,ML,,,,2.8,0.3,4
2635975,2006-10-08T15:50:57Z,-45.25,0.0,170.2,0.0,12.0,0.0,ML,,,,2.3,0.2,5
2635985,2006-10-08T16:16:14Z,-37.7,0.0,177.48,0.0,47.0,8.0,ML,,,,2.5,0.1,4
2636022,2006-10-08T18:08:38Z,-39.11,0.0,175.26,0.0,12.0,0.0,ML,,,,1.4,0.2,5
2636046,2006-10-08T19:07:53Z,-41.11,0.0,174.39,0.0,41.0,1.0,ML,,,,2.3,0.2,8
2636064,2006-10-08T19:52:19Z,-45.21,0.0,167.33,0.0,61.0,2.0,ML,,,,3.3,0.3,13
2636144,2006-10-08T23:06:49Z,-37.28,0.0,177.8,0.0,50.0,5.0,ML,,,,3.8,0.1,4
2895090,2006-10-08T23:08:23Z,-41.06,0.0,174.56,0.0,56.0,2.0,ML,,,,2.4,0.2,4
2636145,2006-10-08T23:10:43Z,-41.21,0.0,174.81,0.0,31.0,1.0,ML,,,,3.1,0.2,18
2636170,2006-10-09T00:15:59Z,-37.63,0.0,176.22,0.1,198.0,4.0,ML,,,,3.6,0.2,13
2636224,2006-10-09T02:21:17Z,-38.9,0.0,176.28,0.0,63.0,3.0,ML,,,,2.6,0.2,3
2636226,2006-10-09T02:26:19Z,-36.44,0.1,177.87,0.1,227.0,4.0,ML,,,,4.0,0.2,6
2636239,2006-10-09T03:04:23Z,-37.75,0.0,179.68,0.0,12.0,0.0,ML,,,,3.6,0.3,3
2636273,2006-10-09T04:31:46Z,-39.91,0.0,174.09,0.0,124.0,5.0,ML,,,,2.9,0.3,5
2636294,2006-10-09T05:40:37Z,-37.95,0.1,177.25,0.0,80.0,5.0,ML,,,,2.3,0.2,3
2636332,2006-10-09T07:21:18Z,-37.48,0.1,176.87,0.1,157.0,5.0,ML,,,,2.9,0.3,4
2636351,2006-10-09T08:20:57Z,-37.87,0.0,176.79,0.0,128.0,4.0,ML,,,,2.4,0.3,4
2636360,2006-10-09T08:43:15Z,-38.64,0.0,178.03,0.0,44.0,3.0,ML,,,,1.9,0.2,2
2636364,2006-10-09T08:49:52Z,-44.6,0.0,168.14,0.1,87.0,5.0,ML,,,,2.7,0.2,9
2636372,2006-10-09T09:13:43Z,-38.94,0.0,178.54,0.0,12.0,0.0,ML,,,,2.0,0.1,3
2636374,2006-10-09T09:17:50Z,-39.38,0.0,175.5,0.0,17.0,1.0,ML,,,,1.6,0.2,6
2895120,2006-10-09T09:19:13Z,-46.42,0.0,166.8,0.1,5.0,0.0,ML,,,,2.5,0.3,3
2636389,2006-10-09T10:05:21Z,-40.48,0.0,173.18,0.0,244.0,2.0,Mw,4.4,nan,0,5.4,0.3,25
2636403,2006-10-09T10:35:30Z,-41.34,0.0,173.12,0.0,100.0,3.0,ML,,,,2.8,0.2,8
2636404,2006-10-09T10:37:58Z,-36.66,0.0,178.35,0.1,12.0,0.0,ML,,,,3.9,0.2,12
2636412,2006-10-09T10:57:03Z,-37.25,0.0,177.74,0.0,70.0,8.0,ML,,,,2.4,0.1,3
2636427,2006-10-09T11:36:19Z,-37.65,0.1,176.88,0.0,133.0,7.0,ML,,,,2.3,0.2,3
2636440,2006-10-09T12:15:40Z,-40.56,0.0,174.69,0.0,25.0,2.0,ML,,,,2.4,0.2,18
2636455,2006-10-09T13:01:35Z,-38.53,0.0,178.07,0.0,33.0,0.0,ML,,,,2.3,0.1,3
2636465,2006-10-09T13:29:53Z,-40.5,0.0,173.24,0.0,5.0,0.0,ML,,,,2.6,0.2,7
2636507,2006-10-09T15:01:18Z,-40.6,0.0,175.59,0.0,47.0,3.0,ML,,,,2.6,0.3,8
2636573,2006-10-09T17:44:38Z,-39.67,0.0,174.68,0.0,112.0,3.0,ML,,,,3.0,0.2,4
2636579,2006-10-09T17:56:47Z,-39.51,0.0,177.32,0.0,33.0,0.0,ML,,,,3.8,0.2,31
2636590,2006-10-09T18:26:15Z,-42.65,0.0,171.85,0.0,12.0,0.0,ML,,,,2.5,0.3,4
2636608,2006-10-09T19:15:03Z,-38.64,0.0,178.48,0.0,5.0,0.0,ML,,,,2.9,0.2,4
2636629,2006-10-09T20:02:15Z,-35.88,0.1,179.57,0.1,33.0,0.0,ML,,,,3.7,0.2,4
2636648,2006-10-09T20:57:42Z,-39.15,0.0,175.41,0.0,9.0,1.0,ML,,,,2.0,0.2,8
2636670,2006-10-09T22:09:40Z,-41.38,0.0,175.13,0.0,25.0,1.0,ML,,,,2.1,0.1,8
2636680,2006-10-09T22:37:14Z,-41.18,0.0,174.77,0.0,51.0,1.0,ML,,,,2.3,0.1,7
2636771,2006-10-09T22:39:26Z,-44.63,0.0,168.15,0.0,83.0,4.0,ML,,,,2.5,0.2,7
2636681,2006-10-09T22:42:56Z,-37.66,0.0,177.14,0.0,12.0,0.0,ML,,,,2.4,0.0,2
2636711,2006-10-10T00:26:50Z,-39.0,0.0,177.63,0.1,33.0,4.0,ML,,,,2.5,0.1,3
2636729,2006-10-10T01:22:23Z,-39.47,0.0,175.0,0.1,12.0,0.0,ML,,,,2.0,0.1,2
2636853,2006-10-10T02:54:50Z,-43.17,0.0,170.98,0.0,5.0,0.0,ML,,,,2.8,0.3,6
2636763,2006-10-10T02:55:56Z,-36.93,0.0,175.26,0.0,12.0,0.0,ML,,,,2.2,0.1,3
2636768,2006-10-10T03:06:46Z,-38.06,0.0,176.05,0.0,170.0,3.0,ML,,,,3.4,0.3,10
2636775,2006-10-10T03:25:35Z,-42.08,0.0,174.06,0.0,12.0,0.0,ML,,,,2.3,0.2,3
2636795,2006-10-10T04:21:39Z,-39.9,0.0,174.59,0.0,127.0,4.0,ML,,,,2.8,0.1,5
2636803,2006-10-10T04:42:52Z,-41.13,0.0,172.59,0.0,25.0,4.0,ML,,,,2.2,0.3,4
2895130,2006-10-10T06:45:04Z,-40.48,0.0,174.34,0.0,68.0,4.0,ML,,,,1.9,0.2,2
2636845,2006-10-10T06:46:05Z,-39.49,0.0,174.4,0.0,138.0,4.0,ML,,,,2.9,0.1,6
2636887,2006-10-10T09:07:02Z,-40.43,0.0,174.44,0.0,50.0,5.0,ML,,,,2.2,0.2,8
2636901,2006-10-10T09:52:00Z,-40.52,0.0,174.07,0.0,78.0,4.0,ML,,,,2.3,0.1,5
2636918,2006-10-10T10:40:19Z,-38.51,0.0,175.85,0.1,149.0,4.0,ML,,,,2.7,0.0,2
2636922,2006-10-10T10:53:20Z,-43.17,0.0,170.99,0.0,5.0,0.0,ML,,,,3.3,0.2,11
2895148,2006-10-10T11:00:50Z,-43.17,0.0,170.99,0.0,5.0,0.0,ML,,,,1.9,0.1,5
2636925,2006-10-10T11:02:21Z,-41.52,0.0,172.9,0.0,84.0,2.0,ML,,,,2.4,0.2,5
2895150,2006-10-10T11:02:49Z,-39.29,0.0,177.46,0.0,44.0,1.0,ML,,,,2.5,0.2,3
2636929,2006-10-10T11:12:30Z,-40.8,0.0,174.05,0.0,71.0,1.0,ML,,,,2.1,0.2,5
2636942,2006-10-10T11:54:58Z,-41.34,0.0,172.4,0.0,5.0,0.0,ML,,,,2.4,0.2,9
2636949,2006-10-10T12:12:42Z,-40.85,0.0,176.17,0.0,24.0,1.0,ML,,,,2.3,0.1,3
2636951,2006-10-10T12:16:48Z,-37.61,0.0,175.59,0.0,5.0,0.0,ML,,,,3.0,0.3,8
2636957,2006-10-10T12:29:14Z,-37.43,0.0,176.4,0.1,197.0,5.0,ML,,,,3.4,0.2,14
2636984,2006-10-10T13:53:16Z,-40.57,0.0,175.55,0.0,29.0,1.0,ML,,,,2.6,0.2,5
2897386,2006-10-10T13:54:56Z,-40.56,0.0,175.53,0.0,29.0,1.0,ML,,,,2.4,0.1,3
2636999,2006-10-10T14:49:18Z,-38.16,0.0,178.11,0.0,12.0,0.0,ML,,,,2.1,0.1,3
2637016,2006-10-10T15:31:42Z,-41.33,0.0,172.39,0.0,5.0,0.0,ML,,,,2.1,0.2,3
2897430,2006-10-10T15:48:10Z,-37.3,0.0,178.19,0.0,5.0,0.0,ML,,,,2.4,0.2,3
2637023,2006-10-10T15:49:29Z,-38.27,0.0,176.04,0.0,167.0,2.0,ML,,,,4.6,0.2,25
2637026,2006-10-10T15:58:55Z,-40.42,0.0,174.2,0.0,85.0,2.0,ML,,,,3.1,0.2,11
2637032,2006-10-10T16:15:08Z,-43.19,0.0,170.97,0.0,5.0,0.0,ML,,,,2.5,0.4,8
2637040,2006-10-10T16:35:07Z,-43.17,0.0,170.99,0.0,5.0,0.0,ML,,,,2.1,0.1,5
2637044,2006-10-10T16:42:29Z,-40.39,0.1,173.56,0.1,221.0,4.0,ML,,,,2.8,0.2,3
2637045,2006-10-10T16:44:39Z,-35.29,0.0,178.87,0.1,33.0,0.0,ML,,,,3.0,0.2,3
2637047,2006-10-10T16:54:44Z,-42.28,0.0,173.51,0.0,33.0,0.0,ML,,,,2.6,0.3,10
2637094,2006-10-10T18:48:23Z,-39.3,0.0,178.5,0.1,33.0,0.0,ML,,,,3.0,0.2,4
2637113,2006-10-10T19:50:00Z,-41.38,0.0,172.88,0.0,103.0,3.0,ML,,,,2.7,0.1,2
2637125,2006-10-10T20:32:13Z,-38.6,0.0,176.35,0.0,91.0,1.0,ML,,,,2.6,0.1,3
2637126,2006-10-10T20:34:46Z,-43.51,0.0,169.94,0.0,5.0,0.0,ML,,,,1.8,0.2,4
2637157,2006-10-10T22:22:01Z,-35.85,0.1,178.32,0.1,12.0,0.0,ML,,,,4.1,0.3,4
2637158,2006-10-10T22:25:09Z,-41.55,0.0,172.38,0.0,12.0,0.0,ML,,,,2.3,0.2,3
2637175,2006-10-10T23:20:55Z,-45.18,0.1,167.18,0.0,62.0,5.0,ML,,,,2.7,0.2,4
2637177,2006-10-10T23:26:04Z,-38.51,0.0,175.87,0.0,153.0,6.0,ML,,,,3.3,0.2,7
2637196,2006-10-11T00:26:44Z,-37.96,0.1,176.07,0.1,206.0,4.0,ML,,,,3.8,0.2,14
2637233,2006-10-11T02:17:24Z,-40.5,0.0,173.57,0.0,134.0,2.0,ML,,,,3.0,0.2,6
2637238,2006-10-11T02:27:58Z,-41.17,0.0,174.56,0.0,32.0,1.0,ML,,,,2.2,0.1,9
2637253,2006-10-11T03:18:47Z,-45.02,0.0,167.31,0.0,26.0,0.0,ML,,,,3.4,0.2,8
2637255,2006-10-11T03:23:08Z,-41.33,0.0,172.81,0.0,101.0,1.0,ML,,,,2.5,0.0,2
2637258,2006-10-11T03:34:26Z,-40.29,0.0,176.28,0.0,53.0,2.0,ML,,,,2.5,0.1,3
2637259,2006-10-11T03:35:37Z,-35.22,0.1,179.04,0.1,234.0,8.0,ML,,,,4.0,0.2,3
2637277,2006-10-11T04:33:51Z,-38.92,0.0,175.68,0.0,5.0,0.0,ML,,,,1.7,0.1,4
2637315,2006-10-11T06:42:28Z,-38.87,0.0,176.49,0.0,5.0,0.0,ML,,,,2.4,0.1,9
2637335,2006-10-11T07:39:42Z,-37.09,0.1,179.25,0.1,33.0,0.0,ML,,,,3.5,0.3,6
2637344,2006-10-11T08:03:33Z,-40.9,0.0,175.18,0.0,28.0,6.0,ML,,,,2.3,0.2,7
2637351,2006-10-11T08:31:42Z,-40.15,0.0,174.96,0.0,12.0,0.0,ML,,,,2.2,0.2,3
2637372,2006-10-11T09:43:47Z,-44.43,0.0,168.29,0.0,5.0,0.0,ML,,,,2.5,0.2,7
2637373,2006-10-11T09:45:12Z,-43.19,0.0,170.95,0.0,5.0,0.0,ML,,,,2.5,0.3,5
2637385,2006-10-11T10:45:37Z,-44.72,0.0,167.87,0.0,96.0,3.0,ML,,,,3.1,0.2,8
2637417,2006-10-11T12:49:53Z,-40.49,0.0,174.33,0.0,49.0,6.0,ML,,,,2.1,0.1,4
2637472,2006-10-11T15:44:53Z,-38.58,0.0,175.58,0.0,163.0,3.0,ML,,,,3.6,0.2,16
2637484,2006-10-11T16:31:04Z,-38.77,0.0,176.0,0.0,104.0,2.0,ML,,,,3.3,0.2,5
2637486,2006-10-11T16:35:01Z,-41.6,0.0,174.37,0.0,12.0,0.0,ML,,,,2.0,0.1,2
2637561,2006-10-11T20:36:10Z,-40.6,0.0,172.88,0.0,5.0,0.0,ML,,,,2.3,0.2,3
2637585,2006-10-11T21:45:01Z,-41.24,0.0,175.06,0.0,24.0,1.0,ML,,,,2.3,0.1,5
2637595,2006-10-11T22:09:18Z,-40.17,0.0,174.25,0.0,105.0,3.0,ML,,,,4.6,0.3,24
2637613,2006-10-11T22:42:55Z,-44.14,0.0,168.71,0.0,10.0,1.0,ML,,,,2.9,0.1,6
2637661,2006-10-12T01:10:15Z,-45.53,0.0,167.33,0.0,12.0,0.0,ML,,,,2.9,0.3,5
2637671,2006-10-12T01:37:49Z,-46.06,0.0,170.8,0.0,12.0,0.0,ML,,,,2.7,0.3,6
2637720,2006-10-12T03:54:42Z,-44.86,0.0,170.34,0.0,5.0,0.0,ML,,,,2.4,0.2,4
2637796,2006-10-12T07:12:44Z,-41.71,0.0,172.22,0.0,99.0,2.0,ML,,,,2.7,0.2,4
2637848,2006-10-12T09:39:29Z,-45.01,0.0,166.85,0.0,12.0,0.0,ML,,,,3.1,0.2,5
2637853,2006-10-12T09:51:39Z,-42.82,0.0,172.38,0.0,24.0,2.0,ML,,,,2.2,0.4,6
2897383,2006-10-12T09:54:24Z,-45.36,0.0,167.19,0.0,5.0,0.0,ML,,,,2.4,0.1,6
2637869,2006-10-12T10:43:03Z,-41.11,0.0,174.54,0.0,56.0,1.0,ML,,,,2.4,0.1,7
2637876,2006-10-12T11:10:08Z,-34.86,0.0,178.27,0.0,33.0,0.0,ML,,,,3.8,0.2,3
2637878,2006-10-12T11:15:07Z,-38.49,0.1,175.81,0.2,107.0,16.0,ML,,,,2.4,0.1,4
2637892,2006-10-12T12:15:22Z,-45.06,0.0,167.53,0.0,123.0,3.0,ML,,,,3.1,0.2,8
2637908,2006-10-12T13:07:08Z,-41.08,0.0,175.04,0.0,28.0,1.0,ML,,,,2.3,0.1,9
2637918,2006-10-12T13:53:39Z,-39.38,0.0,174.81,0.0,33.0,0.0,ML,,,,2.0,0.1,3
2637919,2006-10-12T13:55:32Z,-37.89,0.0,178.5,0.0,60.0,3.0,ML,,,,3.1,0.1,4
2637925,2006-10-12T14:10:40Z,-40.16,0.0,174.23,0.0,98.0,5.0,ML,,,,2.6,0.2,6
2637962,2006-10-12T16:11:19Z,-41.32,0.0,173.33,0.0,83.0,3.0,ML,,,,2.2,0.4,3
2637993,2006-10-12T17:29:20Z,-40.79,0.0,174.52,0.0,64.0,3.0,ML,,,,2.5,0.1,7
2638012,2006-10-12T18:18:28Z,-38.92,0.0,175.52,0.0,120.0,4.0,ML,,,,3.4,0.4,8
2897469,2006-10-12T18:50:07Z,-43.19,0.0,171.04,0.1,5.0,0.0,ML,,,,2.2,0.2,3
2638039,2006-10-12T19:41:39Z,-37.47,0.0,178.35,0.0,44.0,3.0,ML,,,,3.1,0.1,4
2638048,2006-10-12T20:05:36Z,-38.35,0.0,176.79,0.0,5.0,0.0,ML,,,,3.8,0.2,21
2638079,2006-10-12T21:45:13Z,-38.36,0.0,177.07,0.0,30.0,1.0,ML,,,,2.4,0.2,3
2638080,2006-10-12T21:47:35Z,-39.31,0.0,177.11,0.0,5.0,0.0,ML,,,,2.8,0.2,6
2638082,2006-10-12T21:54:06Z,-38.54,0.0,177.83,0.0,33.0,0.0,ML,,,,2.8,0.2,3
2638087,2006-10-12T22:05:54Z,-38.4,0.0,175.98,0.1,149.0,5.0,ML,,,,2.9,0.1,3
2638134,2006-10-13T00:36:35Z,-38.18,0.0,176.86,0.0,83.0,2.0,ML,,,,3.8,0.2,6
2638143,2006-10-13T01:08:55Z,-38.13,0.0,176.71,0.0,5.0,0.0,ML,,,,1.6,nan,1
2638147,2006-10-13T01:18:15Z,-38.85,0.0,175.23,0.0,173.0,3.0,ML,,,,3.8,0.2,16
2638151,2006-10-13T01:29:52Z,-36.76,0.0,177.3,0.1,157.0,8.0,ML,,,,3.1,0.2,3
2638153,2006-10-13T01:41:18Z,-42.71,0.0,171.91,0.0,12.0,0.0,ML,,,,2.4,0.2,5
2638197,2006-10-13T04:06:28Z,-42.14,0.0,173.86,0.0,30.0,2.0,ML,,,,2.6,0.2,9
2638228,2006-10-13T05:50:38Z,-43.07,0.0,170.93,0.0,12.0,0.0,ML,,,,2.2,0.1,3
2638242,2006-10-13T06:30:07Z,-38.59,0.0,175.97,0.0,5.0,0.0,ML,,,,2.0,nan,1
2638248,2006-10-13T06:52:26Z,-37.64,0.0,179.75,0.0,33.0,0.0,ML,,,,3.3,0.1,4
2638279,2006-10-13T08:16:53Z,-41.59,0.0,174.56,0.0,5.0,0.0,ML,,,,2.0,0.2,5
2638299,2006-10-13T09:25:09Z,-38.33,0.0,178.27,0.0,5.0,0.0,ML,,,,2.3,0.2,3
2638300,2006-10-13T09:30:00Z,-38.2,0.0,177.68,0.0,67.0,3.0,ML,,,,2.8,0.2,4
2638321,2006-10-13T10:44:19Z,-41.64,0.0,172.42,0.0,5.0,0.0,ML,,,,2.4,0.1,7
2897354,2006-10-13T10:45:18Z,-41.63,0.0,172.4,0.0,5.0,0.0,ML,,,,2.5,0.2,8
2638334,2006-10-13T11:27:35Z,-38.33,0.0,178.3,0.0,12.0,0.0,ML,,,,2.6,0.2,4
2638336,2006-10-13T11:34:58Z,-45.25,0.0,166.98,0.0,12.0,0.0,ML,,,,3.1,0.4,6
2638365,2006-10-13T13:15:49Z,-45.07,0.0,166.84,0.0,27.0,2.0,ML,,,,2.4,0.2,3
2638367,2006-10-13T13:22:02Z,-38.36,0.0,176.78,0.0,5.0,0.0,ML,,,,2.4,0.3,2
2638384,2006-10-13T14:24:54Z,-39.36,0.0,175.66,0.0,12.0,1.0,ML,,,,1.5,0.2,7
2638387,2006-10-13T14:34:32Z,-37.22,0.0,176.55,0.1,266.0,4.0,ML,,,,3.5,0.2,3
2638398,2006-10-13T15:11:19Z,-40.19,0.0,174.26,0.0,87.0,4.0,ML,,,,2.2,0.1,2
2897456,2006-10-13T15:32:42Z,-36.86,0.0,177.26,0.0,33.0,0.0,ML,,,,3.2,0.1,3
2638403,2006-10-13T15:35:10Z,-44.84,0.0,167.74,0.0,71.0,2.0,ML,,,,2.0,0.2,4
2638411,2006-10-13T15:51:16Z,-41.2,0.0,174.8,0.0,29.0,1.0,ML,,,,2.0,0.1,5
2638425,2006-10-13T16:33:58Z,-42.3,0.0,173.81,0.0,20.0,2.0,ML,,,,2.5,0.2,10
2638426,2006-10-13T16:39:01Z,-45.14,0.0,167.56,0.1,123.0,4.0,ML,,,,2.9,0.4,5
2638435,2006-10-13T17:10:40Z,-45.17,0.0,166.99,0.0,23.0,0.0,ML,,,,2.3,0.3,3
2638468,2006-10-13T18:52:35Z,-40.38,0.0,173.47,0.0,161.0,3.0,ML,,,,3.3,0.1,6
2638471,2006-10-13T19:04:17Z,-45.29,0.0,167.3,0.0,94.0,1.0,ML,,,,2.9,0.2,7
2638475,2006-10-13T19:15:54Z,-40.0,0.0,173.79,0.0,246.0,3.0,ML,,,,3.0,0.0,2
2638497,2006-10-13T20:25:53Z,-38.89,0.0,177.28,0.0,58.0,5.0,ML,,,,2.8,0.2,3
2638543,2006-10-13T22:44:59Z,-38.59,0.0,177.37,0.0,53.0,3.0,ML,,,,2.4,0.2,3
2638544,2006-10-13T22:47:55Z,-38.62,0.1,176.02,0.1,147.0,8.0,ML,,,,2.8,0.3,4
2638553,2006-10-13T23:19:18Z,-39.19,0.0,174.84,0.0,27.0,2.0,ML,,,,2.3,0.2,8
2638560,2006-10-13T23:39:46Z,-43.19,0.0,170.87,0.0,5.0,0.0,ML,,,,2.4,0.1,3
2638587,2006-10-14T01:01:26Z,-40.86,0.0,175.15,0.0,30.0,1.0,ML,,,,2.0,0.2,4
2638593,2006-10-14T01:27:14Z,-45.16,0.0,167.13,0.0,5.0,0.0,ML,,,,2.5,0.3,5
2638597,2006-10-14T01:39:04Z,-41.73,0.0,173.82,0.0,13.0,1.0,ML,,,,2.4,0.1,8
2638607,2006-10-14T02:15:39Z,-36.18,0.1,178.24,0.2,209.0,9.0,ML,,,,3.6,0.3,5
2638615,2006-10-14T02:47:25Z,-44.74,0.0,167.41,0.0,12.0,0.0,ML,,,,2.9,0.4,6
2638617,2006-10-14T02:55:18Z,-37.77,0.3,-179.72,0.1,33.0,0.0,ML,,,,3.1,0.1,3
2638629,2006-10-14T03:36:09Z,-39.74,0.0,174.05,0.0,129.0,7.0,ML,,,,3.0,0.1,4
2638630,2006-10-14T03:40:11Z,-40.94,0.0,175.47,0.0,21.0,1.0,ML,,,,1.9,0.1,4
2638635,2006-10-14T03:57:54Z,-44.67,0.0,167.39,0.0,12.0,0.0,ML,,,,3.5,0.2,11
2638637,2006-10-14T04:06:12Z,-38.27,0.0,178.23,0.0,12.0,0.0,ML,,,,2.9,0.2,4
2638645,2006-10-14T04:35:11Z,-38.67,0.0,177.93,0.0,40.0,3.0,ML,,,,2.7,0.1,5
2638656,2006-10-14T05:09:31Z,-38.68,0.0,178.07,0.0,12.0,0.0,ML,,,,2.6,0.2,4
2638659,2006-10-14T05:17:13Z,-38.33,0.0,178.29,0.0,12.0,0.0,ML,,,,2.3,0.2,3
2638680,2006-10-14T06:27:09Z,-38.28,0.0,178.25,0.0,12.0,0.0,ML,,,,2.6,0.2,4
2638711,2006-10-14T07:58:20Z,-39.64,0.0,175.48,0.0,68.0,2.0,ML,,,,2.9,0.2,9
2638726,2006-10-14T08:49:59Z,-37.78,0.0,176.58,0.0,159.0,3.0,ML,,,,2.9,0.3,7
2638729,2006-10-14T09:01:32Z,-41.31,0.0,172.76,0.0,122.0,2.0,ML,,,,3.0,0.4,5
2638755,2006-10-14T10:29:38Z,-38.28,0.0,178.24,0.0,12.0,0.0,ML,,,,2.6,0.2,4
2638761,2006-10-14T10:49:47Z,-40.66,0.0,174.55,0.0,71.0,2.0,ML,,,,2.6,0.1,4
2638778,2006-10-14T11:43:10Z,-37.78,0.0,176.91,0.0,137.0,3.0,ML,,,,2.9,0.3,5
2638780,2006-10-14T11:49:13Z,-38.82,0.0,177.97,0.0,39.0,2.0,ML,,,,2.5,0.2,5
2638781,2006-10-14T11:50:39Z,-38.83,0.0,177.98,0.0,43.0,4.0,ML,,,,2.6,0.3,4
2638817,2006-10-14T13:32:50Z,-39.0,0.0,177.68,0.0,37.0,0.0,ML,,,,2.3,0.3,2
2638833,2006-10-14T14:17:33Z,-39.11,0.0,175.27,0.0,14.0,0.0,ML,,,,1.9,0.2,12
2638857,2006-10-14T15:20:32Z,-37.42,0.0,177.72,0.0,70.0,5.0,ML,,,,2.6,0.2,3
2638867,2006-10-14T15:48:47Z,-40.88,0.0,172.52,0.0,13.0,1.0,ML,,,,2.6,0.3,3
2638875,2006-10-14T16:19:30Z,-38.29,0.0,178.23,0.0,5.0,0.0,ML,,,,3.0,0.3,4
2638876,2006-10-14T16:20:24Z,-36.85,0.0,179.11,0.1,12.0,0.0,ML,,,,4.2,0.2,15
2638887,2006-10-14T16:54:18Z,-37.78,0.0,176.81,0.0,5.0,0.0,ML,,,,2.6,0.2,4
2638912,2006-10-14T17:58:09Z,-39.14,0.0,174.76,0.0,28.0,1.0,ML,,,,2.4,0.1,5
2638935,2006-10-14T19:10:36Z,-39.65,0.0,175.06,0.0,79.0,2.0,ML,,,,3.1,0.2,5
2638945,2006-10-14T19:37:40Z,-35.32,0.0,179.19,0.1,33.0,0.0,ML,,,,3.9,0.2,6
2638955,2006-10-14T20:07:39Z,-43.59,0.0,170.63,0.0,12.0,0.0,ML,,,,2.2,0.2,4
2638992,2006-10-14T21:40:45Z,-42.7,0.0,173.65,0.0,30.0,2.0,ML,,,,2.9,0.3,8
2639007,2006-10-14T22:16:28Z,-37.99,0.1,177.23,0.0,67.0,4.0,ML,,,,2.9,0.1,3
2639060,2006-10-15T00:25:49Z,-38.64,0.0,177.67,0.0,56.0,1.0,ML,,,,2.9,0.2,2
2639153,2006-10-15T05:00:20Z,-38.34,0.1,178.92,0.1,33.0,0.0,ML,,,,2.7,0.1,3
2639172,2006-10-15T05:55:45Z,-40.33,0.0,175.81,0.0,40.0,2.0,ML,,,,3.7,0.2,18
2639185,2006-10-15T06:32:08Z,-38.86,0.0,177.51,0.0,57.0,2.0,ML,,,,2.3,0.1,2
2639195,2006-10-15T06:57:15Z,-40.89,0.0,173.34,0.0,94.0,3.0,ML,,,,2.6,nan,1
2639229,2006-10-15T08:40:47Z,-41.76,0.0,173.68,0.0,46.0,3.0,ML,,,,2.1,0.2,4
2639233,2006-10-15T08:49:46Z,-38.99,0.0,176.25,0.0,68.0,2.0,ML,,,,3.4,0.2,8
2639244,2006-10-15T09:22:26Z,-40.6,0.0,176.45,0.0,23.0,2.0,ML,,,,3.2,0.2,15
2639251,2006-10-15T09:46:49Z,-41.49,0.0,172.33,0.0,5.0,0.0,ML,,,,2.0,0.1,3
2639252,2006-10-15T09:48:25Z,-43.18,0.0,170.98,0.0,5.0,0.0,ML,,,,3.0,0.2,7
2639264,2006-10-15T10:20:35Z,-45.01,0.0,167.61,0.0,132.0,3.0,ML,,,,3.1,0.4,9
2639265,2006-10-15T10:27:26Z,-37.79,0.0,176.81,0.0,5.0,0.0,ML,,,,3.0,0.2,4
2639292,2006-10-15T11:34:50Z,-37.78,0.0,176.82,0.0,5.0,0.0,ML,,,,3.2,0.2,4
2639293,2006-10-15T11:40:58Z,-45.89,0.0,167.46,0.0,12.0,0.0,ML,,,,2.3,0.2,3
2639302,2006-10-15T12:14:44Z,-39.27,0.0,177.52,0.0,33.0,0.0,ML,,,,2.3,0.0,2
2639306,2006-10-15T12:26:23Z,-38.5,0.0,178.57,0.0,12.0,0.0,ML,,,,3.6,0.3,9
2639364,2006-10-15T15:18:42Z,-41.14,0.0,173.02,0.0,138.0,3.0,ML,,,,2.9,0.2,5
2639387,2006-10-15T16:18:49Z,-44.85,0.0,166.92,0.1,33.0,0.0,ML,,,,4.0,0.2,17
2639394,2006-10-15T16:35:25Z,-41.81,0.0,172.72,0.0,72.0,2.0,ML,,,,2.6,0.2,3
2639407,2006-10-15T17:13:21Z,-37.71,0.0,177.02,0.0,131.0,3.0,ML,,,,2.7,0.1,3
2897509,2006-10-15T17:25:30Z,-39.4,0.1,174.66,0.1,213.0,8.0,ML,,,,3.3,0.1,2
2639416,2006-10-15T17:39:48Z,-44.63,0.0,168.1,0.0,73.0,3.0,ML,,,,2.9,0.2,5
2639417,2006-10-15T17:46:44Z,-41.69,0.0,174.06,0.0,34.0,1.0,ML,,,,2.5,0.2,11
2639423,2006-10-15T18:07:39Z,-38.37,0.0,178.09,0.0,31.0,2.0,ML,,,,2.6,0.2,4
2639449,2006-10-15T19:34:56Z,-38.29,0.0,178.25,0.0,12.0,0.0,ML,,,,2.9,0.2,4
2639474,2006-10-15T20:49:46Z,-43.17,0.0,170.98,0.0,5.0,0.0,ML,,,,2.4,0.1,5
2639481,2006-10-15T21:11:19Z,-38.35,0.0,176.8,0.0,5.0,0.0,ML,,,,2.5,0.2,2
2639495,2006-10-15T21:51:52Z,-43.15,0.0,171.02,0.1,5.0,0.0,ML,,,,2.1,0.1,5
2639507,2006-10-15T22:20:09Z,-45.19,0.0,167.26,0.0,5.0,0.0,ML,,,,2.4,0.2,4
2639552,2006-10-16T00:43:47Z,-36.87,0.0,178.58,0.1,12.0,0.0,ML,,,,3.1,0.1,4
2639576,2006-10-16T00:44:07Z,-41.8,0.0,173.78,0.0,15.0,2.0,ML,,,,2.3,0.1,5
2639557,2006-10-16T00:49:36Z,-37.96,0.1,176.0,0.1,192.0,8.0,ML,,,,3.2,0.1,3
2639574,2006-10-16T01:44:52Z,-42.24,0.0,172.8,0.0,5.0,0.0,ML,,,,2.6,0.3,9
2639599,2006-10-16T03:07:39Z,-45.12,0.0,167.38,0.0,104.0,5.0,ML,,,,2.6,0.1,5
2639639,2006-10-16T05:38:25Z,-44.74,0.0,167.84,0.0,74.0,3.0,ML,,,,2.6,0.2,9
2639655,2006-10-16T06:34:46Z,-38.1,0.0,176.46,0.0,5.0,0.0,ML,,,,2.5,0.1,1
2639658,2006-10-16T06:45:56Z,-41.19,0.0,172.58,0.0,5.0,0.0,ML,,,,2.0,0.2,3
2897531,2006-10-16T06:56:07Z,-38.11,0.0,176.45,0.0,2.0,0.0,ML,,,,2.4,0.1,1
2639675,2006-10-16T07:50:24Z,-41.28,0.0,172.6,0.0,190.0,4.0,ML,,,,3.0,0.3,4
2639679,2006-10-16T08:01:29Z,-38.12,0.0,176.44,0.0,2.0,0.0,ML,,,,2.3,0.1,1
2639702,2006-10-16T09:06:44Z,-40.92,0.0,175.14,0.0,26.0,1.0,ML,,,,2.0,0.2,5
2639704,2006-10-16T09:16:45Z,-37.91,0.0,176.41,0.1,140.0,4.0,ML,,,,3.1,0.3,5
2639733,2006-10-16T10:53:18Z,-41.81,0.0,171.92,0.0,5.0,0.0,ML,,,,2.3,0.3,4
2639740,2006-10-16T11:22:29Z,-41.18,0.0,172.57,0.0,5.0,0.0,ML,,,,3.0,0.3,9
2639756,2006-10-16T12:10:34Z,-38.2,0.0,176.47,0.0,97.0,2.0,ML,,,,2.2,0.0,3
2639764,2006-10-16T12:39:28Z,-47.6,0.0,165.59,0.1,33.0,0.0,ML,,,,3.4,0.2,8
2639767,2006-10-16T12:54:28Z,-37.68,0.0,176.93,0.0,12.0,0.0,ML,,,,2.9,0.2,4
2639777,2006-10-16T13:29:08Z,-37.59,0.0,177.28,0.0,127.0,3.0,ML,,,,3.9,0.2,13
2639792,2006-10-16T14:23:31Z,-42.26,0.0,172.81,0.0,5.0,0.0,ML,,,,1.8,0.2,3
2639814,2006-10-16T15:40:04Z,-39.81,0.0,174.27,0.0,122.0,4.0,ML,,,,3.0,0.2,11
2639818,2006-10-16T15:49:37Z,-41.4,0.0,175.0,0.0,24.0,1.0,ML,,,,2.0,0.1,4
2639819,2006-10-16T15:53:01Z,-41.4,0.0,175.0,0.0,23.0,1.0,ML,,,,2.5,0.2,11
2639823,2006-10-16T16:05:09Z,-37.08,0.0,177.7,0.0,123.0,3.0,ML,,,,3.4,0.2,9
2639824,2006-10-16T16:08:11Z,-41.42,0.0,174.99,0.0,25.0,1.0,ML,,,,2.0,0.1,5
2898513,2006-10-16T16:08:45Z,-41.42,0.0,174.99,0.0,26.0,1.0,ML,,,,2.1,0.1,5
2639839,2006-10-16T17:13:42Z,-45.05,0.0,167.07,0.0,12.0,0.0,ML,,,,2.3,0.2,8
2639844,2006-10-16T17:30:58Z,-41.41,0.0,175.0,0.0,24.0,0.0,ML,,,,2.8,0.2,15
2898520,2006-10-16T17:31:13Z,-41.4,0.0,174.99,0.0,23.0,1.0,ML,,,,2.8,0.2,13
2639849,2006-10-16T17:47:11Z,-38.5,0.0,178.3,0.0,33.0,0.0,ML,,,,2.5,0.2,3
2639872,2006-10-16T18:48:04Z,-41.41,0.0,174.99,0.0,22.0,1.0,ML,,,,2.1,0.1,5
2639874,2006-10-16T18:54:43Z,-39.45,0.0,175.75,0.0,11.0,1.0,ML,,,,2.2,0.1,10
2639887,2006-10-16T19:32:59Z,-38.22,0.0,176.24,0.0,136.0,5.0,ML,,,,3.6,0.2,9
2639894,2006-10-16T19:44:23Z,-44.42,0.0,169.47,0.0,5.0,0.0,ML,,,,1.9,0.1,5
2639901,2006-10-16T20:08:37Z,-42.12,0.0,173.88,0.0,27.0,2.0,ML,,,,2.5,0.3,6
2639917,2006-10-16T20:52:19Z,-35.1,0.0,177.51,0.1,33.0,0.0,ML,,,,4.7,0.3,4
2639918,2006-10-16T20:56:09Z,-45.01,0.0,167.08,0.0,12.0,0.0,ML,,,,2.4,0.2,6
2898527,2006-10-16T20:58:03Z,-38.81,0.0,177.86,0.0,35.0,4.0,ML,,,,2.7,0.3,4
2898530,2006-10-16T21:03:32Z,-41.81,0.0,175.59,0.0,33.0,0.0,ML,,,,2.9,0.3,6
2639920,2006-10-16T21:04:06Z,-37.61,0.0,178.34,0.0,49.0,1.0,ML,,,,3.2,0.2,4
2639940,2006-10-16T22:01:14Z,-37.15,0.0,177.69,0.0,98.0,5.0,ML,,,,3.5,0.3,5
2639984,2006-10-17T00:01:33Z,-40.98,0.0,175.18,0.0,30.0,1.0,ML,,,,2.7,0.2,11
2640004,2006-10-17T01:11:27Z,-41.87,0.0,174.25,0.0,30.0,2.0,ML,,,,2.8,0.2,10
2640020,2006-10-17T02:00:28Z,-45.12,0.0,171.14,0.0,5.0,0.0,ML,,,,2.2,0.2,4
2640035,2006-10-17T02:46:12Z,-40.65,0.0,174.02,0.0,73.0,4.0,ML,,,,2.8,0.1,5
2640040,2006-10-17T03:01:33Z,-40.97,0.0,172.87,0.0,191.0,5.0,ML,,,,3.1,0.2,7
2640063,2006-10-17T04:09:05Z,-45.12,0.0,167.36,0.0,117.0,4.0,ML,,,,2.7,0.2,4
2897881,2006-10-17T04:11:18Z,-41.22,0.0,172.34,0.0,12.0,0.0,ML,,,,2.2,0.1,3
2640083,2006-10-17T05:10:26Z,-38.4,0.0,176.63,0.0,80.0,2.0,ML,,,,3.2,0.2,4
2640094,2006-10-17T05:39:56Z,-43.08,0.0,171.46,0.0,5.0,0.0,ML,,,,2.5,0.2,8
2640095,2006-10-17T05:42:09Z,-45.17,0.0,167.37,0.0,12.0,0.0,ML,,,,2.3,0.2,6
2640097,2006-10-17T05:56:07Z,-40.6,0.0,175.98,0.0,31.0,1.0,ML,,,,2.4,0.2,5
2640100,2006-10-17T06:05:16Z,-38.93,0.0,175.47,0.0,118.0,5.0,ML,,,,3.2,0.2,11
2640102,2006-10-17T06:09:33Z,-38.65,0.0,176.54,0.0,74.0,2.0,ML,,,,3.1,0.1,4
2640108,2006-10-17T06:29:54Z,-39.16,0.0,175.37,0.0,15.0,2.0,ML,,,,1.9,0.2,12
2640113,2006-10-17T06:43:50Z,-41.4,0.0,175.09,0.0,22.0,1.0,ML,,,,2.5,0.1,11
2640142,2006-10-17T08:12:36Z,-40.99,0.0,175.18,0.0,29.0,0.0,ML,,,,2.1,0.2,8
2640148,2006-10-17T08:34:38Z,-45.16,0.0,167.19,0.0,12.0,0.0,ML,,,,2.8,0.1,4
2640152,2006-10-17T08:54:00Z,-38.78,0.0,177.58,0.0,52.0,1.0,ML,,,,2.1,0.3,4
2640154,2006-10-17T08:58:56Z,-41.29,0.0,175.27,0.0,26.0,1.0,ML,,,,2.0,0.2,9
2640156,2006-10-17T09:08:14Z,-43.04,0.0,172.83,0.0,12.0,0.0,ML,,,,2.4,0.2,5
2640163,2006-10-17T09:31:16Z,-44.98,0.0,167.55,0.0,5.0,0.0,ML,,,,2.2,0.2,5
2640170,2006-10-17T10:07:15Z,-39.19,0.0,177.39,0.0,49.0,2.0,ML,,,,2.6,0.2,4
2640174,2006-10-17T10:26:38Z,-39.16,0.0,175.38,0.0,15.0,1.0,ML,,,,1.5,0.1,8
2898502,2006-10-17T11:11:47Z,-41.01,0.0,173.3,0.0,90.0,1.0,ML,,,,2.3,0.0,2
2640197,2006-10-17T11:59:02Z,-39.49,0.0,175.71,0.0,17.0,1.0,ML,,,,1.6,0.2,9
2640199,2006-10-17T12:04:56Z,-39.96,0.0,176.78,0.0,46.0,3.0,ML,,,,2.7,0.2,7
2640203,2006-10-17T12:31:59Z,-39.85,0.0,176.24,0.0,61.0,2.0,ML,,,,3.0,0.1,4
2640205,2006-10-17T12:42:09Z,-38.3,0.0,178.26,0.0,12.0,0.0,ML,,,,2.6,0.2,4
2640209,2006-10-17T12:57:59Z,-39.34,0.0,174.65,0.0,210.0,4.0,ML,,,,3.4,0.2,17
2640222,2006-10-17T13:37:28Z,-41.42,0.0,172.33,0.0,5.0,0.0,ML,,,,2.3,0.2,5
2640237,2006-10-17T14:17:55Z,-38.4,0.0,178.76,0.0,33.0,0.0,ML,,,,2.7,0.2,6
2640241,2006-10-17T14:24:35Z,-40.42,0.0,174.26,0.0,78.0,4.0,ML,,,,2.4,0.2,11
2640302,2006-10-17T18:26:51Z,-38.13,0.1,176.73,0.1,75.0,6.0,ML,,,,2.6,0.1,3
2640304,2006-10-17T18:35:53Z,-40.57,0.0,176.15,0.0,37.0,4.0,ML,,,,2.0,0.1,3
2640305,2006-10-17T18:38:03Z,-39.56,0.0,176.65,0.0,54.0,4.0,ML,,,,2.5,0.2,5
2640316,2006-10-17T19:12:20Z,-36.68,0.1,177.37,0.1,170.0,8.0,ML,,,,3.3,0.2,10
2640326,2006-10-17T19:53:03Z,-41.46,0.0,173.2,0.0,73.0,2.0,ML,,,,2.0,nan,1
2901152,2006-10-17T22:34:30Z,-39.17,0.0,175.63,0.0,1.0,0.0,ML,,,,1.2,0.1,2
2640369,2006-10-17T22:35:11Z,-41.08,0.0,175.08,0.0,30.0,1.0,ML,,,,1.9,0.1,5
2640375,2006-10-17T22:46:42Z,-38.89,0.0,175.89,0.0,5.0,0.0,ML,,,,1.6,0.1,9
2640379,2006-10-17T22:55:48Z,-38.88,0.0,175.89,0.0,5.0,0.0,ML,,,,1.4,0.1,6
2640392,2006-10-17T23:43:27Z,-39.28,0.0,175.56,0.0,0.0,0.0,ML,,,,1.1,0.2,2
2640396,2006-10-17T23:56:02Z,-41.76,0.0,173.78,0.0,12.0,2.0,ML,,,,2.2,0.1,9
2640400,2006-10-18T00:18:05Z,-45.24,0.0,166.97,0.0,24.0,2.0,ML,,,,2.5,0.1,7
2640406,2006-10-18T00:41:53Z,-40.62,0.0,174.86,0.0,33.0,1.0,ML,,,,2.0,0.2,6
2897477,2006-10-18T02:03:40Z,-39.43,0.0,175.83,0.0,59.0,2.0,ML,,,,2.8,0.0,2
2640431,2006-10-18T02:07:38Z,-38.36,0.0,178.29,0.0,5.0,0.0,ML,,,,2.3,0.2,4
2640432,2006-10-18T02:12:24Z,-37.52,0.0,179.34,0.0,12.0,0.0,ML,,,,3.0,0.2,4
2640441,2006-10-18T02:39:28Z,-40.16,0.0,174.93,0.0,24.0,2.0,ML,,,,2.3,0.1,10
2640462,2006-10-18T03:56:07Z,-45.15,0.0,167.16,0.0,12.0,0.0,ML,,,,2.3,0.1,6
2640467,2006-10-18T04:13:33Z,-45.28,0.0,167.35,0.0,118.0,4.0,ML,,,,3.2,0.2,9
2640485,2006-10-18T05:02:41Z,-45.14,0.0,167.31,0.0,5.0,0.0,ML,,,,3.3,0.2,8
2640487,2006-10-18T05:07:54Z,-45.19,0.0,167.3,0.0,12.0,0.0,ML,,,,2.2,0.2,6
2640489,2006-10-18T05:14:58Z,-37.78,0.1,175.88,0.1,234.0,5.0,ML,,,,3.7,0.2,15
2640490,2006-10-18T05:19:10Z,-41.23,0.0,172.54,0.0,215.0,3.0,ML,,,,3.3,0.1,5
2640498,2006-10-18T05:48:45Z,-41.41,0.0,175.0,0.0,24.0,1.0,ML,,,,3.1,0.2,14
2640501,2006-10-18T05:58:53Z,-41.4,0.0,175.0,0.0,24.0,1.0,ML,,,,2.0,0.2,9
2640506,2006-10-18T06:13:00Z,-38.31,0.0,176.32,0.1,164.0,4.0,ML,,,,3.2,0.1,8
2640507,2006-10-18T06:16:46Z,-41.4,0.0,175.0,0.0,23.0,1.0,ML,,,,2.4,0.2,12
2640523,2006-10-18T07:08:22Z,-45.15,0.0,167.42,0.0,115.0,3.0,ML,,,,2.9,0.2,8
2640525,2006-10-18T07:13:07Z,-39.98,0.0,174.42,0.0,92.0,4.0,ML,,,,2.4,nan,1
2640526,2006-10-18T07:17:47Z,-41.37,0.0,174.98,0.0,33.0,0.0,ML,,,,2.0,0.2,4
2640535,2006-10-18T07:51:14Z,-39.67,0.0,176.0,0.0,5.0,0.0,ML,,,,1.9,0.3,5
2640546,2006-10-18T08:23:02Z,-41.42,0.0,174.99,0.0,24.0,1.0,ML,,,,1.8,0.1,7
2640581,2006-10-18T10:16:08Z,-41.27,0.0,175.23,0.0,23.0,5.0,ML,,,,2.1,0.1,3
2640613,2006-10-18T11:56:02Z,-40.74,0.0,174.05,0.0,65.0,3.0,ML,,,,2.9,0.1,10
2640627,2006-10-18T12:39:40Z,-39.17,0.0,175.7,0.0,87.0,1.0,ML,,,,3.4,0.2,11
2640682,2006-10-18T15:19:14Z,-37.79,0.0,176.81,0.0,5.0,0.0,ML,,,,2.2,0.2,4
2640720,2006-10-18T17:34:49Z,-41.34,0.0,172.39,0.0,5.0,0.0,ML,,,,2.8,0.1,5
2640732,2006-10-18T18:09:51Z,-38.18,0.0,176.27,0.1,152.0,5.0,ML,,,,3.3,0.1,3
2640736,2006-10-18T18:26:21Z,-41.93,0.1,174.09,0.0,97.0,8.0,ML,,,,2.6,0.3,3
2898400,2006-10-18T18:27:39Z,-38.41,0.0,177.76,0.0,49.0,3.0,ML,,,,2.4,0.1,4
2640739,2006-10-18T18:36:45Z,-38.36,0.1,177.78,0.0,49.0,5.0,ML,,,,2.0,0.1,3
2898403,2006-10-18T18:37:20Z,-39.54,0.0,175.7,0.0,18.0,3.0,ML,,,,1.8,0.3,6
2640756,2006-10-18T19:33:39Z,-44.76,0.0,167.73,0.0,12.0,0.0,ML,,,,2.2,0.0,2
2640765,2006-10-18T20:01:16Z,-39.4,0.0,176.2,0.0,72.0,2.0,ML,,,,3.1,0.2,8
2640791,2006-10-18T21:09:25Z,-39.24,0.0,174.84,0.0,30.0,2.0,ML,,,,2.2,0.2,8
2640794,2006-10-18T21:17:01Z,-37.97,0.0,178.56,0.1,22.0,4.0,ML,,,,2.7,0.1,3
2640811,2006-10-18T21:59:18Z,-40.11,0.0,174.93,0.0,12.0,0.0,ML,,,,2.6,0.2,6
2640828,2006-10-18T22:36:21Z,-38.42,0.1,177.19,0.0,34.0,3.0,ML,,,,2.7,0.2,3
2640853,2006-10-18T23:52:10Z,-38.4,0.0,177.22,0.0,33.0,0.0,ML,,,,2.7,0.2,4
2640868,2006-10-19T00:32:29Z,-40.05,0.0,173.93,0.0,126.0,3.0,ML,,,,3.4,0.2,6
2640899,2006-10-19T02:12:23Z,-42.34,0.0,172.85,0.0,5.0,0.0,ML,,,,2.6,0.2,5
2640911,2006-10-19T02:55:30Z,-37.86,0.0,179.01,0.1,33.0,0.0,ML,,,,2.8,0.2,3
2640928,2006-10-19T03:43:54Z,-37.31,0.0,176.69,0.0,202.0,4.0,ML,,,,3.6,0.3,11
2640940,2006-10-19T04:17:04Z,-41.19,0.0,172.59,0.0,5.0,0.0,ML,,,,2.0,0.3,3
2640958,2006-10-19T05:14:46Z,-40.86,0.0,175.04,0.0,30.0,0.0,ML,,,,2.1,0.1,3
2897878,2006-10-19T05:14:56Z,-38.36,0.0,175.99,0.0,151.0,3.0,ML,,,,3.3,0.1,6
2640986,2006-10-19T06:38:11Z,-39.06,0.0,174.9,0.0,207.0,4.0,ML,,,,3.5,0.2,9
2641003,2006-10-19T07:28:52Z,-40.8,0.0,174.4,0.0,73.0,3.0,ML,,,,2.8,0.2,7
2641008,2006-10-19T07:45:32Z,-38.44,0.0,177.76,0.0,45.0,2.0,ML,,,,2.5,0.0,3
2641010,2006-10-19T07:51:58Z,-40.16,0.0,173.48,0.0,168.0,4.0,ML,,,,3.4,0.3,10
2641038,2006-10-19T09:42:37Z,-45.17,0.0,167.36,0.0,97.0,3.0,ML,,,,3.0,0.3,6
2641045,2006-10-19T10:00:27Z,-38.38,0.0,178.75,0.0,33.0,0.0,ML,,,,2.8,0.2,5
2641054,2006-10-19T10:20:52Z,-38.9,0.0,175.88,0.0,5.0,0.0,ML,,,,1.8,0.1,7
2641058,2006-10-19T10:29:37Z,-38.13,0.0,176.49,0.0,5.0,0.0,ML,,,,2.1,0.1,2
2641059,2006-10-19T10:35:56Z,-38.39,0.0,178.76,0.0,33.0,0.0,ML,,,,2.7,0.1,4
2641062,2006-10-19T10:44:32Z,-41.04,0.0,173.64,0.0,71.0,2.0,ML,,,,2.6,0.1,5
2897957,2006-10-19T10:44:47Z,-41.19,0.0,172.75,0.0,152.0,3.0,ML,,,,2.9,0.2,5
2641063,2006-10-19T10:47:00Z,-38.14,0.0,176.48,0.0,5.0,0.0,ML,,,,2.7,0.3,4
2641064,2006-10-19T10:49:12Z,-41.26,0.0,175.23,0.0,25.0,1.0,ML,,,,2.3,0.2,10
2641069,2006-10-19T11:05:05Z,-38.35,0.0,176.8,0.0,5.0,0.0,ML,,,,3.2,0.1,8
2641070,2006-10-19T11:06:41Z,-38.35,0.0,176.8,0.0,5.0,0.0,ML,,,,2.5,0.2,2
2641098,2006-10-19T12:19:39Z,-41.18,0.0,172.79,0.0,178.0,2.0,ML,,,,3.7,0.2,13
2641136,2006-10-19T14:10:17Z,-37.28,0.1,177.71,0.1,96.0,7.0,ML,,,,2.7,0.2,3
2641137,2006-10-19T14:14:06Z,-39.53,0.0,177.11,0.0,33.0,0.0,ML,,,,2.4,0.2,4
2641170,2006-10-19T15:45:42Z,-39.22,0.0,176.86,0.0,25.0,3.0,ML,,,,2.4,0.2,3
2641179,2006-10-19T16:07:09Z,-38.19,0.0,178.85,0.0,28.0,1.0,ML,,,,2.7,0.2,3
2641193,2006-10-19T16:40:48Z,-41.23,0.0,172.53,0.0,219.0,3.0,ML,,,,3.4,0.3,8
2641233,2006-10-19T18:52:27Z,-43.01,0.0,173.3,0.0,33.0,0.0,ML,,,,2.4,0.2,4
2641237,2006-10-19T19:07:48Z,-37.6,0.0,178.44,0.1,50.0,5.0,ML,,,,3.7,0.2,4
2898375,2006-10-19T19:07:51Z,-40.52,0.0,173.7,0.0,91.0,3.0,ML,,,,2.2,0.2,2
2641251,2006-10-19T19:49:14Z,-47.67,0.1,165.77,0.1,33.0,0.0,ML,,,,3.1,0.2,3
2641253,2006-10-19T19:57:24Z,-37.6,0.0,178.38,0.1,43.0,5.0,ML,,,,3.1,0.2,4
2641279,2006-10-19T21:18:11Z,-44.05,0.0,169.29,0.0,33.0,0.0,ML,,,,2.2,0.1,3
2641288,2006-10-19T21:51:27Z,-44.53,0.0,168.38,0.0,5.0,0.0,ML,,,,2.4,0.3,7
2641301,2006-10-19T22:41:06Z,-41.07,0.0,175.09,0.0,28.0,1.0,ML,,,,1.9,0.0,2
2641303,2006-10-19T22:42:54Z,-41.12,0.0,175.87,0.0,30.0,1.0,ML,,,,2.2,0.1,5
2641327,2006-10-20T00:08:54Z,-37.21,0.0,176.58,0.0,243.0,3.0,ML,,,,3.9,0.2,10
2641331,2006-10-20T00:21:52Z,-39.16,0.0,175.39,0.0,16.0,2.0,ML,,,,1.8,0.1,8
2641346,2006-10-20T01:00:10Z,-41.31,0.0,173.83,0.0,54.0,2.0,ML,,,,2.6,0.2,8
2641365,2006-10-20T01:59:07Z,-37.64,0.0,179.35,0.1,33.0,0.0,ML,,,,2.8,0.3,3
2641394,2006-10-20T03:18:53Z,-40.83,0.0,174.88,0.0,10.0,1.0,ML,,,,2.3,0.1,7
2641414,2006-10-20T04:25:52Z,-36.22,0.0,177.85,0.1,182.0,6.0,ML,,,,3.4,0.0,4
2641420,2006-10-20T04:49:40Z,-40.73,0.0,174.58,0.0,46.0,2.0,ML,,,,3.8,0.2,18
2641439,2006-10-20T05:49:49Z,-44.81,0.0,167.37,0.0,5.0,0.0,ML,,,,2.3,0.3,4
2641444,2006-10-20T06:08:43Z,-40.99,0.0,175.16,0.0,32.0,1.0,ML,,,,2.2,0.3,6
2641451,2006-10-20T06:28:55Z,-44.91,0.0,167.57,0.0,83.0,2.0,ML,,,,2.8,0.1,8
2641458,2006-10-20T06:56:12Z,-41.26,0.0,173.06,0.0,92.0,3.0,ML,,,,2.4,0.3,2
2641459,2006-10-20T06:59:26Z,-40.64,0.0,176.85,0.0,33.0,0.0,ML,,,,3.1,0.2,7
2641519,2006-10-20T10:00:19Z,-39.32,0.0,175.47,0.0,15.0,1.0,ML,,,,1.5,0.2,10
2641530,2006-10-20T10:36:24Z,-41.26,0.0,172.63,0.0,179.0,2.0,ML,,,,2.9,0.2,4
2641532,2006-10-20T10:41:33Z,-44.1,0.0,168.7,0.0,5.0,0.0,ML,,,,2.5,0.3,5
2641533,2006-10-20T10:48:23Z,-39.63,0.0,174.33,0.0,187.0,4.0,ML,,,,4.2,0.2,23
2641540,2006-10-20T11:11:51Z,-39.89,0.0,173.57,0.0,12.0,0.0,ML,,,,2.9,0.2,7
2641551,2006-10-20T11:55:42Z,-38.31,0.0,176.97,0.0,62.0,0.0,ML,,,,1.8,0.4,3
2898401,2006-10-20T11:57:21Z,-39.26,0.0,175.13,0.0,30.0,1.0,ML,,,,1.5,0.2,3
2641559,2006-10-20T12:24:45Z,-44.92,0.0,170.35,0.0,5.0,0.0,ML,,,,2.0,0.2,3
2641560,2006-10-20T12:27:04Z,-45.11,0.1,167.25,0.0,77.0,4.0,ML,,,,2.6,0.3,6
2641564,2006-10-20T12:40:23Z,-39.89,0.0,176.51,0.0,29.0,2.0,ML,,,,2.8,0.2,13
2898409,2006-10-20T12:41:28Z,-39.87,0.0,176.5,0.0,30.0,3.0,ML,,,,2.2,0.1,5
2641573,2006-10-20T13:05:59Z,-39.86,0.0,175.28,0.0,65.0,3.0,ML,,,,2.7,0.2,10
2641575,2006-10-20T13:12:19Z,-38.34,0.0,179.51,0.0,12.0,0.0,ML,,,,2.5,0.3,2
2641590,2006-10-20T14:01:06Z,-38.43,0.0,176.01,0.0,96.0,3.0,ML,,,,2.4,0.1,4
2641616,2006-10-20T15:20:48Z,-38.52,0.0,178.22,0.0,5.0,0.0,ML,,,,1.8,0.0,2
2641643,2006-10-20T16:48:52Z,-41.44,0.0,172.35,0.0,12.0,0.0,ML,,,,2.3,0.1,3
2898490,2006-10-20T16:49:16Z,-39.68,0.0,176.61,0.0,5.0,0.0,ML,,,,1.9,0.3,3
2641647,2006-10-20T17:06:17Z,-40.47,0.0,173.41,0.0,119.0,4.0,ML,,,,2.3,0.2,3
2641676,2006-10-20T18:46:55Z,-44.18,0.0,168.7,0.1,5.0,0.0,ML,,,,1.9,0.2,3
2641687,2006-10-20T19:26:37Z,-39.52,0.0,175.72,0.0,15.0,0.0,ML,,,,1.8,0.3,7
2641763,2006-10-20T23:36:32Z,-37.73,0.1,-179.62,0.0,33.0,0.0,ML,,,,3.2,0.2,3
2641767,2006-10-20T23:47:20Z,-42.49,0.0,173.65,0.0,21.0,1.0,ML,,,,2.1,0.3,3
2641788,2006-10-21T01:03:49Z,-39.7,0.0,177.01,0.0,51.0,3.0,ML,,,,3.1,0.2,7
2641791,2006-10-21T01:10:45Z,-41.28,0.0,174.87,0.0,5.0,0.0,ML,,,,1.9,0.2,5
2641809,2006-10-21T02:00:47Z,-36.15,0.1,177.88,0.1,198.0,6.0,ML,,,,4.1,0.1,7
2641835,2006-10-21T03:06:21Z,-40.23,0.0,176.77,0.0,37.0,6.0,ML,,,,2.3,0.3,4
2641973,2006-10-21T08:58:53Z,-40.27,0.0,176.28,0.0,53.0,3.0,ML,,,,2.6,0.2,4
2641983,2006-10-21T09:17:58Z,-39.35,0.0,176.7,0.0,5.0,0.0,ML,,,,2.8,0.4,3
2641985,2006-10-21T09:21:11Z,-38.35,0.0,177.55,0.0,64.0,1.0,ML,,,,4.4,0.2,22
2641988,2006-10-21T09:31:02Z,-40.62,0.0,173.42,0.0,167.0,4.0,ML,,,,3.0,0.4,6
2642011,2006-10-21T10:37:35Z,-47.79,0.0,165.77,0.0,33.0,0.0,ML,,,,3.3,0.4,4
2642032,2006-10-21T11:23:34Z,-38.46,0.0,178.8,0.0,12.0,0.0,ML,,,,3.9,0.3,25
2642036,2006-10-21T11:38:31Z,-41.25,0.0,172.64,0.0,214.0,3.0,ML,,,,3.1,0.4,4
2642040,2006-10-21T11:46:10Z,-36.88,0.1,177.4,0.1,110.0,11.0,ML,,,,2.9,0.1,4
2898430,2006-10-21T11:46:47Z,-41.28,0.0,174.8,0.0,52.0,2.0,ML,,,,2.0,0.1,3
2642052,2006-10-21T12:21:42Z,-43.4,0.0,169.99,0.0,5.0,0.0,ML,,,,2.2,0.2,3
2642075,2006-10-21T13:25:04Z,-38.61,0.0,175.64,0.0,161.0,2.0,ML,,,,3.6,0.2,6
2642084,2006-10-21T13:47:17Z,-40.83,0.0,174.9,0.0,12.0,0.0,ML,,,,2.2,0.3,9
2642114,2006-10-21T14:50:42Z,-39.24,0.0,174.77,0.0,27.0,1.0,ML,,,,2.8,0.5,6
2642115,2006-10-21T14:53:23Z,-45.85,0.0,166.44,0.0,5.0,0.0,ML,,,,3.9,0.2,14
2642121,2006-10-21T15:13:58Z,-37.41,0.0,176.72,0.0,177.0,2.0,ML,,,,3.8,0.3,13
2642126,2006-10-21T15:32:14Z,-36.82,0.0,177.36,0.0,192.0,2.0,ML,,,,3.3,0.3,6
2642131,2006-10-21T15:50:02Z,-38.72,0.0,177.65,0.0,27.0,2.0,ML,,,,2.7,0.2,7
2642132,2006-10-21T15:53:40Z,-38.73,0.0,177.62,0.0,28.0,4.0,ML,,,,2.2,0.2,3
2642133,2006-10-21T15:58:18Z,-39.91,0.0,175.03,0.0,33.0,0.0,ML,,,,2.3,0.1,4
2642149,2006-10-21T16:39:53Z,-44.26,0.0,167.84,0.0,5.0,0.0,ML,,,,3.1,0.4,6
2642153,2006-10-21T17:01:14Z,-40.74,0.0,176.68,0.0,28.0,3.0,ML,,,,3.1,0.1,4
2642160,2006-10-21T17:19:42Z,-41.92,0.0,173.95,0.0,19.0,2.0,ML,,,,2.4,0.1,12
2642162,2006-10-21T17:25:09Z,-35.85,0.1,178.43,0.1,205.0,8.0,ML,,,,3.6,0.2,8
2642166,2006-10-21T17:37:12Z,-41.91,0.0,173.96,0.0,12.0,0.0,ML,,,,2.5,0.2,6
2642171,2006-10-21T17:52:20Z,-41.39,0.0,172.36,0.0,12.0,0.0,ML,,,,2.3,0.1,5
2642191,2006-10-21T18:47:35Z,-40.47,0.0,174.78,0.0,34.0,3.0,ML,,,,2.1,0.2,5
2642192,2006-10-21T18:50:35Z,-41.49,0.0,175.61,0.0,21.0,1.0,ML,,,,2.0,0.1,5
2642206,2006-10-21T19:35:30Z,-42.45,0.0,172.68,0.0,5.0,0.0,ML,,,,2.4,0.2,6
2642238,2006-10-21T21:04:23Z,-35.48,0.1,179.26,0.2,33.0,0.0,ML,,,,3.1,0.1,2
2642240,2006-10-21T21:14:52Z,-44.86,0.0,167.67,0.0,80.0,2.0,ML,,,,2.6,0.2,9
2642257,2006-10-21T22:10:25Z,-41.97,0.0,173.3,0.0,42.0,5.0,ML,,,,2.4,0.2,2
2642261,2006-10-21T22:19:56Z,-38.48,0.0,178.79,0.0,12.0,0.0,ML,,,,2.5,0.1,3
2642265,2006-10-21T22:32:58Z,-41.14,0.0,178.45,0.1,33.0,0.0,ML,,,,3.4,0.4,13
2898459,2006-10-22T00:05:26Z,-43.08,0.0,172.73,0.0,28.0,3.0,ML,,,,2.2,0.0,3
2642292,2006-10-22T00:06:13Z,-38.46,0.1,176.12,0.1,152.0,5.0,ML,,,,3.2,0.2,8
2642298,2006-10-22T00:29:15Z,-44.87,0.0,167.3,0.0,12.0,0.0,ML,,,,3.0,0.2,7
2642300,2006-10-22T00:36:50Z,-40.21,0.0,175.11,0.0,12.0,0.0,ML,,,,2.8,0.3,6
2642316,2006-10-22T01:25:01Z,-41.54,0.0,174.3,0.0,24.0,1.0,ML,,,,2.5,0.2,14
2642332,2006-10-22T02:06:41Z,-40.07,0.0,174.98,0.0,28.0,3.0,ML,,,,2.6,0.2,7
2642345,2006-10-22T02:47:47Z,-41.6,0.0,174.09,0.0,37.0,2.0,ML,,,,1.9,0.2,4
2642357,2006-10-22T03:30:20Z,-38.37,0.0,177.57,0.0,59.0,2.0,ML,,,,2.5,0.1,4
2642368,2006-10-22T04:01:27Z,-38.45,0.0,178.79,0.1,12.0,0.0,ML,,,,2.6,0.2,4
2898472,2006-10-22T04:02:01Z,-38.44,0.0,179.26,0.1,5.0,0.0,ML,,,,3.7,0.3,4
2642369,2006-10-22T04:04:32Z,-38.51,0.1,179.18,0.1,33.0,0.0,ML,,,,2.7,0.1,3
2642370,2006-10-22T04:08:10Z,-38.47,0.0,178.57,0.0,12.0,0.0,ML,,,,3.1,0.2,7
2642374,2006-10-22T04:23:45Z,-41.0,0.0,174.7,0.0,60.0,2.0,ML,,,,2.3,0.1,5
2642390,2006-10-22T05:17:39Z,-39.16,0.0,175.63,0.0,1.0,0.0,ML,,,,1.3,0.1,2
2898483,2006-10-22T05:18:58Z,-41.72,0.0,174.29,0.0,5.0,0.0,ML,,,,1.9,0.2,6
2642391,2006-10-22T05:21:28Z,-39.83,0.0,174.9,0.0,90.0,2.0,ML,,,,2.8,0.2,5
2642393,2006-10-22T05:30:28Z,-44.39,0.0,169.34,0.0,5.0,0.0,ML,,,,3.0,0.2,10
2642401,2006-10-22T05:52:34Z,-38.48,0.1,176.09,0.1,172.0,4.0,ML,,,,3.2,0.2,10
2642423,2006-10-22T07:09:00Z,-45.12,0.0,167.39,0.0,94.0,1.0,ML,,,,2.9,0.2,10
2642439,2006-10-22T07:48:56Z,-39.07,0.0,175.46,0.0,146.0,3.0,ML,,,,3.2,0.2,13
2642458,2006-10-22T09:10:56Z,-38.99,0.0,177.9,0.0,33.0,0.0,ML,,,,2.5,0.3,3
2642465,2006-10-22T09:30:39Z,-40.42,0.0,174.42,0.0,12.0,0.0,ML,,,,2.9,0.2,19
2642469,2006-10-22T09:50:38Z,-39.25,0.0,173.89,0.0,20.0,0.0,ML,,,,1.9,0.1,2
2642479,2006-10-22T10:22:40Z,-45.14,0.0,167.17,0.0,23.0,3.0,ML,,,,2.5,0.2,8
2642480,2006-10-22T10:28:42Z,-40.67,0.0,176.87,0.1,42.0,6.0,ML,,,,2.7,0.2,3
2642481,2006-10-22T10:32:24Z,-38.71,0.0,177.75,0.1,33.0,7.0,ML,,,,2.4,0.1,2
2642495,2006-10-22T11:29:18Z,-44.61,0.0,168.18,0.0,80.0,4.0,ML,,,,2.2,0.2,5
2642505,2006-10-22T11:56:12Z,-42.44,0.0,172.66,0.0,12.0,0.0,ML,,,,2.1,0.2,3
2898895,2006-10-22T11:56:29Z,-37.92,0.0,177.6,0.0,64.0,7.0,ML,,,,1.8,0.4,2
2642510,2006-10-22T12:09:36Z,-41.35,0.0,174.74,0.0,30.0,1.0,ML,,,,1.8,0.1,6
2642529,2006-10-22T13:36:18Z,-38.71,0.0,177.78,0.0,39.0,3.0,ML,,,,2.3,0.1,2
2642532,2006-10-22T13:48:33Z,-41.97,0.0,174.11,0.0,27.0,2.0,ML,,,,2.8,0.2,10
2642533,2006-10-22T13:57:16Z,-45.23,0.0,167.28,0.0,83.0,2.0,ML,,,,2.9,0.2,10
2642540,2006-10-22T14:31:33Z,-39.55,0.0,174.44,0.0,222.0,5.0,ML,,,,3.2,0.3,8
2642559,2006-10-22T15:41:52Z,-45.01,0.0,167.52,0.0,77.0,2.0,ML,,,,3.1,0.2,7
2642563,2006-10-22T16:00:15Z,-37.98,0.0,176.04,0.1,182.0,5.0,ML,,,,3.4,0.2,13
2642565,2006-10-22T16:05:46Z,-40.62,0.0,176.5,0.1,30.0,4.0,ML,,,,2.2,0.2,4
2642585,2006-10-22T17:31:43Z,-40.38,0.0,175.78,0.0,34.0,3.0,ML,,,,2.0,0.1,3
2642587,2006-10-22T17:37:59Z,-40.28,0.0,175.9,0.0,64.0,2.0,ML,,,,2.7,0.1,6
2642589,2006-10-22T17:45:00Z,-39.22,0.0,175.12,0.0,28.0,1.0,ML,,,,2.2,0.1,11
2642595,2006-10-22T17:55:53Z,-40.28,0.0,175.04,0.0,31.0,4.0,ML,,,,2.6,0.4,7
2642596,2006-10-22T17:59:34Z,-41.2,0.0,172.75,0.0,167.0,4.0,ML,,,,3.2,0.3,6
2642610,2006-10-22T18:46:55Z,-40.61,0.0,176.78,0.0,32.0,4.0,ML,,,,2.7,0.1,4
2642637,2006-10-22T20:30:13Z,-44.99,0.0,167.69,0.0,63.0,8.0,ML,,,,2.0,0.0,3
2642650,2006-10-22T21:11:27Z,-39.24,0.0,177.32,0.0,24.0,3.0,ML,,,,2.8,0.2,4
2642686,2006-10-22T23:07:32Z,-38.46,0.0,177.89,0.0,21.0,5.0,ML,,,,2.8,0.1,3
2642688,2006-10-22T23:12:02Z,-47.4,0.0,164.87,0.0,33.0,0.0,ML,,,,3.1,0.3,3
2642701,2006-10-22T23:50:36Z,-38.13,0.0,176.7,0.0,5.0,0.0,ML,,,,2.1,0.1,3
2642704,2006-10-23T00:03:10Z,-38.38,0.0,177.85,0.0,30.0,3.0,ML,,,,2.7,0.1,4
2642722,2006-10-23T00:48:55Z,-38.33,0.0,177.86,0.1,24.0,6.0,ML,,,,2.6,0.2,2
2900634,2006-10-23T00:49:18Z,-38.55,0.0,176.79,0.0,53.0,2.0,ML,,,,3.2,0.2,9
2642772,2006-10-23T03:14:38Z,-41.79,0.0,174.24,0.0,14.0,1.0,ML,,,,1.7,0.1,5
2642780,2006-10-23T03:39:22Z,-47.42,0.1,165.32,0.1,33.0,0.0,ML,,,,3.4,0.2,6
2642800,2006-10-23T04:35:13Z,-41.1,0.0,175.05,0.0,28.0,1.0,ML,,,,2.1,0.1,7
2642816,2006-10-23T05:16:47Z,-44.7,0.0,167.88,0.0,98.0,3.0,ML,,,,2.6,0.3,9
2642817,2006-10-23T05:18:48Z,-41.01,0.0,173.18,0.0,126.0,1.0,ML,,,,2.4,nan,1
2642848,2006-10-23T06:57:17Z,-40.65,0.0,174.89,0.0,16.0,3.0,ML,,,,2.3,0.3,8
2642867,2006-10-23T07:56:32Z,-38.45,0.0,177.73,0.0,32.0,3.0,ML,,,,2.2,0.2,4
2642869,2006-10-23T08:00:38Z,-38.95,0.0,177.29,0.0,55.0,4.0,ML,,,,2.2,0.2,3
2642870,2006-10-23T08:04:31Z,-38.37,0.0,177.16,0.0,44.0,4.0,ML,,,,2.2,0.3,3
2642875,2006-10-23T08:20:37Z,-38.54,0.0,178.1,0.0,33.0,0.0,ML,,,,2.7,0.1,3
2642880,2006-10-23T08:35:07Z,-38.98,0.0,174.54,0.0,12.0,0.0,ML,,,,2.2,0.2,9
2642882,2006-10-23T08:40:14Z,-40.9,0.0,175.95,0.0,25.0,1.0,ML,,,,2.1,0.1,5
2642904,2006-10-23T09:51:50Z,-42.33,0.0,172.86,0.0,12.0,0.0,ML,,,,2.1,0.2,4
2642906,2006-10-23T09:59:26Z,-44.02,0.0,169.51,0.0,5.0,0.0,ML,,,,2.1,0.2,7
2642918,2006-10-23T10:46:01Z,-41.28,0.0,173.38,0.0,83.0,4.0,ML,,,,2.8,0.2,12
2642920,2006-10-23T10:49:51Z,-41.68,0.0,175.12,0.0,29.0,1.0,ML,,,,2.2,0.2,7
2900651,2006-10-23T10:49:58Z,-43.07,0.0,171.39,0.0,12.0,0.0,ML,,,,2.6,0.3,7
2642943,2006-10-23T12:17:47Z,-45.15,0.0,167.05,0.0,12.0,0.0,ML,,,,3.0,0.2,7
2642983,2006-10-23T14:47:53Z,-40.24,0.0,176.26,0.0,33.0,0.0,ML,,,,2.1,0.2,4
2643005,2006-10-23T16:15:44Z,-39.22,0.0,175.11,0.0,30.0,1.0,ML,,,,2.1,0.1,9
2643011,2006-10-23T16:36:18Z,-38.35,0.0,176.27,0.0,5.0,0.0,ML,,,,2.2,0.1,3
2643021,2006-10-23T17:02:42Z,-38.28,0.0,176.18,0.1,155.0,6.0,ML,,,,3.0,0.2,5
2643028,2006-10-23T17:29:07Z,-40.36,0.0,175.86,0.0,33.0,0.0,ML,,,,2.6,0.1,8
2643037,2006-10-23T17:57:17Z,-39.09,0.0,176.09,0.0,12.0,0.0,ML,,,,2.1,0.1,6
2643045,2006-10-23T18:20:45Z,-38.08,0.0,176.72,0.0,5.0,0.0,ML,,,,1.6,nan,1
2643053,2006-10-23T18:48:58Z,-38.75,0.0,178.08,0.1,30.0,5.0,ML,,,,2.7,0.2,2
2900733,2006-10-23T18:49:29Z,-38.74,0.0,178.05,0.0,30.0,3.0,ML,,,,2.4,0.3,2
2643059,2006-10-23T19:00:53Z,-38.76,0.0,178.03,0.0,31.0,3.0,ML,,,,2.5,0.2,2
2643108,2006-10-23T21:39:22Z,-41.32,0.0,172.89,0.0,103.0,3.0,ML,,,,3.0,0.3,3
2643130,2006-10-23T22:49:45Z,-42.42,0.0,173.17,0.0,51.0,4.0,ML,,,,2.5,0.2,1
2643158,2006-10-24T00:07:11Z,-38.86,0.0,177.72,0.0,33.0,0.0,ML,,,,2.5,0.1,3
2643166,2006-10-24T00:31:31Z,-39.28,0.0,175.56,0.0,0.0,0.0,ML,,,,2.4,0.1,5
2643168,2006-10-24T00:38:39Z,-39.13,0.0,177.75,0.0,49.0,2.0,ML,,,,2.5,0.3,3
2643182,2006-10-24T01:25:10Z,-40.97,0.0,177.01,0.0,33.0,0.0,ML,,,,3.7,0.2,18
2643200,2006-10-24T02:07:46Z,-45.22,0.0,166.76,0.0,12.0,0.0,ML,,,,2.1,0.3,3
2643247,2006-10-24T03:58:34Z,-38.75,0.0,178.09,0.0,30.0,3.0,ML,,,,2.3,0.2,2
2643267,2006-10-24T04:44:56Z,-45.15,0.0,167.04,0.0,12.0,0.0,ML,,,,2.8,0.2,10
2643268,2006-10-24T04:47:02Z,-46.02,0.0,170.74,0.0,11.0,1.0,ML,,,,1.9,0.1,2
2643281,2006-10-24T05:38:38Z,-40.89,0.0,178.15,0.1,33.0,0.0,ML,,,,3.1,0.2,3
2643285,2006-10-24T05:51:53Z,-43.94,0.0,168.85,0.0,5.0,0.0,ML,,,,3.1,0.2,10
2643338,2006-10-24T08:43:04Z,-37.23,0.0,176.64,0.0,223.0,4.0,ML,,,,3.6,0.2,4
2643342,2006-10-24T09:00:38Z,-38.86,0.0,175.81,0.0,98.0,3.0,ML,,,,2.8,0.1,3
2643363,2006-10-24T10:15:54Z,-39.07,0.0,176.96,0.0,27.0,1.0,ML,,,,2.5,0.2,10
2643366,2006-10-24T10:26:04Z,-39.36,0.0,174.8,0.0,33.0,0.0,ML,,,,1.8,0.1,5
2900757,2006-10-24T10:26:51Z,-45.72,0.0,166.93,0.0,5.0,0.0,ML,,,,2.0,0.1,3
2643382,2006-10-24T11:42:49Z,-42.14,0.0,172.94,0.0,12.0,0.0,ML,,,,2.7,0.1,6
2900762,2006-10-24T11:44:14Z,-39.0,0.1,175.23,0.1,221.0,8.0,ML,,,,3.1,0.1,5
2643396,2006-10-24T12:23:51Z,-40.05,0.0,175.08,0.0,12.0,0.0,ML,,,,2.4,0.2,6
2643405,2006-10-24T12:46:32Z,-44.25,0.0,168.65,0.0,5.0,0.0,ML,,,,2.2,0.2,7
2643413,2006-10-24T13:22:42Z,-41.65,0.0,174.2,0.0,28.0,2.0,ML,,,,2.3,0.2,6
2643414,2006-10-24T13:25:55Z,-39.28,0.0,175.56,0.0,0.0,0.0,ML,,,,2.0,0.1,1
2643441,2006-10-24T15:04:16Z,-39.57,0.0,177.02,0.0,21.0,3.0,ML,,,,3.4,0.2,23
2643446,2006-10-24T15:28:21Z,-45.66,0.0,167.46,0.0,18.0,4.0,ML,,,,2.1,0.2,3
2643447,2006-10-24T15:31:50Z,-44.21,0.0,168.96,0.0,63.0,5.0,ML,,,,2.7,0.2,11
2901129,2006-10-24T16:04:25Z,-45.1,0.0,166.81,0.0,12.0,0.0,ML,,,,2.1,0.2,3
2643462,2006-10-24T16:11:56Z,-42.14,0.0,172.94,0.0,12.0,0.0,ML,,,,2.6,0.2,10
2643491,2006-10-24T17:51:44Z,-39.98,0.0,174.91,0.0,101.0,3.0,ML,,,,2.8,0.1,4
2643501,2006-10-24T18:26:55Z,-45.62,0.0,167.18,0.0,33.0,0.0,ML,,,,2.2,0.1,3
2643517,2006-10-24T19:29:12Z,-38.06,0.0,178.1,0.0,54.0,4.0,ML,,,,2.7,0.2,4
2643522,2006-10-24T19:50:33Z,-41.03,0.0,174.42,0.0,46.0,2.0,ML,,,,2.1,0.1,3
2643539,2006-10-24T20:41:19Z,-41.9,0.0,173.94,0.0,12.0,0.0,ML,,,,2.0,0.1,4
2643564,2006-10-24T21:51:25Z,-41.66,0.0,174.27,0.0,5.0,0.0,ML,,,,1.8,0.0,2
2643569,2006-10-24T22:06:44Z,-40.25,0.1,173.59,0.0,171.0,5.0,ML,,,,3.1,0.2,4
2643577,2006-10-24T22:34:07Z,-45.19,0.0,167.0,0.0,5.0,0.0,ML,,,,2.7,0.2,8
2643586,2006-10-24T22:51:33Z,-45.34,0.0,167.16,0.0,97.0,2.0,ML,,,,4.2,0.2,14
2643691,2006-10-24T22:51:39Z,-39.25,0.0,175.28,0.0,19.0,1.0,ML,,,,1.9,0.1,6
2643597,2006-10-24T23:21:47Z,-43.17,0.0,170.93,0.0,12.0,0.0,ML,,,,2.4,0.4,5
2643599,2006-10-24T23:26:37Z,-39.04,0.0,175.81,0.0,10.0,2.0,ML,,,,1.7,0.2,5
2643605,2006-10-24T23:44:39Z,-42.83,0.0,170.77,0.0,5.0,0.0,ML,,,,2.2,0.2,2
2643638,2006-10-25T01:23:49Z,-35.17,0.1,178.86,0.1,172.0,13.0,ML,,,,3.7,0.2,4
2643640,2006-10-25T01:34:56Z,-39.26,0.0,175.27,0.0,22.0,1.0,ML,,,,1.9,0.2,9
2643643,2006-10-25T01:41:07Z,-45.91,0.0,166.51,0.1,12.0,0.0,ML,,,,3.2,0.2,8
2643660,2006-10-25T02:31:44Z,-40.5,0.0,175.08,0.0,33.0,0.0,ML,,,,2.6,0.2,7
2643674,2006-10-25T03:04:52Z,-40.52,0.0,176.23,0.0,33.0,0.0,ML,,,,1.9,0.4,2
2643678,2006-10-25T03:21:57Z,-37.76,0.0,177.62,0.0,81.0,0.0,ML,,,,3.0,0.1,3
2643688,2006-10-25T03:49:30Z,-45.45,0.0,166.69,0.0,12.0,0.0,ML,,,,2.8,0.1,8
2643689,2006-10-25T03:53:08Z,-39.28,0.0,175.56,0.0,0.0,0.0,ML,,,,1.6,0.3,2
2643690,2006-10-25T03:55:47Z,-45.49,0.0,166.67,0.0,12.0,0.0,ML,,,,2.9,0.1,8
2643716,2006-10-25T05:21:02Z,-41.87,0.0,174.05,0.0,16.0,1.0,ML,,,,1.7,0.3,3
2898926,2006-10-25T05:21:05Z,-40.11,0.0,176.43,0.0,33.0,0.0,ML,,,,2.5,0.1,4
2643730,2006-10-25T06:16:48Z,-38.69,0.0,178.64,0.0,12.0,0.0,ML,,,,3.2,0.3,8
2643734,2006-10-25T06:28:40Z,-45.05,0.0,166.95,0.0,27.0,1.0,ML,,,,2.6,0.3,8
2643738,2006-10-25T06:39:45Z,-45.3,0.0,167.4,0.0,75.0,3.0,ML,,,,2.0,0.2,3
2643746,2006-10-25T07:13:07Z,-42.93,0.0,171.41,0.0,12.0,0.0,ML,,,,2.4,0.3,3
2643755,2006-10-25T07:40:54Z,-44.56,0.0,168.11,0.0,5.0,0.0,ML,,,,2.3,0.2,6
2643763,2006-10-25T08:03:42Z,-40.3,0.0,176.68,0.0,28.0,2.0,ML,,,,3.4,0.2,28
2643788,2006-10-25T09:29:51Z,-39.26,0.0,175.29,0.0,20.0,1.0,ML,,,,2.0,0.1,9
2643795,2006-10-25T09:53:04Z,-40.58,0.0,174.17,0.0,81.0,3.0,ML,,,,2.4,0.2,3
2643796,2006-10-25T09:58:05Z,-40.1,0.0,174.88,0.0,12.0,0.0,ML,,,,2.3,0.2,3
2643807,2006-10-25T10:34:01Z,-41.19,0.0,173.97,0.0,49.0,2.0,ML,,,,2.5,0.1,6
2643809,2006-10-25T10:39:34Z,-39.21,0.0,175.04,0.0,26.0,2.0,ML,,,,2.0,0.2,7
2643837,2006-10-25T12:30:46Z,-42.2,0.0,173.55,0.0,25.0,2.0,ML,,,,2.4,0.3,8
2643852,2006-10-25T13:26:27Z,-45.13,0.0,166.82,0.0,5.0,0.0,ML,,,,2.9,0.2,10
2643872,2006-10-25T14:33:22Z,-37.92,0.0,177.8,0.0,68.0,3.0,ML,,,,2.1,0.1,3
2643881,2006-10-25T15:00:55Z,-35.97,0.0,177.72,0.1,5.0,0.0,ML,,,,3.1,0.2,3
2643889,2006-10-25T15:28:47Z,-39.43,0.0,177.42,0.0,33.0,0.0,ML,,,,2.1,0.1,2
2643897,2006-10-25T15:51:46Z,-44.99,0.0,167.5,0.0,52.0,1.0,ML,,,,2.7,0.1,4
2901090,2006-10-25T18:03:35Z,-45.18,0.0,167.39,0.0,72.0,4.0,ML,,,,2.4,0.1,4
2643937,2006-10-25T18:04:10Z,-41.06,0.0,174.55,0.0,5.0,0.0,ML,,,,2.1,0.3,4
2643945,2006-10-25T18:32:45Z,-35.73,0.1,177.96,0.1,250.0,6.0,ML,,,,3.5,0.1,3
2643958,2006-10-25T19:22:41Z,-38.85,0.0,178.01,0.0,29.0,3.0,ML,,,,2.7,0.2,3
2643967,2006-10-25T19:54:56Z,-39.63,0.0,176.57,0.0,12.0,0.0,ML,,,,2.3,0.2,8
2643993,2006-10-25T21:27:15Z,-45.14,0.0,166.87,0.0,12.0,0.0,ML,,,,2.3,0.2,4
2644013,2006-10-25T22:40:15Z,-40.58,0.0,175.08,0.0,33.0,0.0,ML,,,,2.7,0.1,7
2644084,2006-10-26T02:30:33Z,-36.37,0.2,179.19,0.2,232.0,13.0,ML,,,,3.8,0.1,3
2644109,2006-10-26T03:38:43Z,-41.09,0.0,175.06,0.0,28.0,1.0,ML,,,,2.2,0.1,6
2644129,2006-10-26T04:51:21Z,-40.92,0.0,176.96,0.0,51.0,9.0,ML,,,,3.2,0.2,5
2644156,2006-10-26T06:26:50Z,-40.37,0.0,176.28,0.0,12.0,0.0,ML,,,,2.8,0.1,12
2644163,2006-10-26T06:55:31Z,-40.2,0.0,177.93,0.1,12.0,0.0,ML,,,,3.2,0.2,21
2644173,2006-10-26T07:30:42Z,-37.96,0.1,176.01,0.1,257.0,4.0,ML,,,,4.3,0.2,19
2644186,2006-10-26T08:13:27Z,-44.17,0.0,168.65,0.0,5.0,0.0,ML,,,,2.0,0.2,5
2644194,2006-10-26T08:36:23Z,-40.41,0.0,174.06,0.0,73.0,7.0,ML,,,,2.5,nan,1
2644206,2006-10-26T09:16:14Z,-39.3,0.0,177.62,0.0,30.0,1.0,ML,,,,1.8,0.1,2
2644207,2006-10-26T09:17:37Z,-39.46,0.0,175.75,0.0,15.0,1.0,ML,,,,1.7,0.1,8
2644210,2006-10-26T09:26:13Z,-39.9,0.0,174.74,0.0,86.0,4.0,ML,,,,2.7,0.2,9
2644212,2006-10-26T09:30:10Z,-43.25,0.0,171.55,0.0,5.0,0.0,ML,,,,2.7,0.3,11
2644213,2006-10-26T09:33:03Z,-37.95,0.0,176.42,0.1,130.0,4.0,ML,,,,2.4,0.2,3
2644214,2006-10-26T09:34:54Z,-36.57,0.1,177.83,0.1,252.0,8.0,ML,,,,3.0,0.3,4
2900636,2006-10-26T09:38:20Z,-42.33,0.0,174.16,0.0,12.0,0.0,ML,,,,2.0,0.2,4
2900661,2006-10-26T10:37:06Z,-41.79,0.0,172.69,0.0,76.0,1.0,ML,,,,2.1,nan,1
2644230,2006-10-26T10:37:13Z,-39.15,0.0,175.02,0.0,27.0,2.0,ML,,,,1.8,0.2,9
2644231,2006-10-26T10:41:00Z,-37.75,0.0,179.48,0.0,12.0,0.0,ML,,,,2.3,0.2,2
2644261,2006-10-26T12:02:11Z,-40.41,0.0,173.51,0.0,137.0,6.0,ML,,,,2.9,0.3,4
2644292,2006-10-26T13:49:37Z,-41.67,0.0,174.35,0.0,12.0,0.0,ML,,,,2.4,0.2,12
2644305,2006-10-26T14:43:41Z,-37.94,0.0,176.49,0.0,5.0,0.0,ML,,,,2.4,0.1,5
2644307,2006-10-26T14:48:52Z,-40.4,0.0,173.81,0.0,119.0,3.0,ML,,,,2.6,nan,1
2644308,2006-10-26T14:52:16Z,-38.27,0.0,176.5,0.0,125.0,2.0,ML,,,,2.6,0.2,3
2644310,2006-10-26T14:55:10Z,-37.94,0.0,176.49,0.0,5.0,0.0,ML,,,,1.4,0.1,2
2644316,2006-10-26T15:20:10Z,-45.12,0.0,166.97,0.1,5.0,0.0,ML,,,,2.2,0.3,4
2644319,2006-10-26T15:31:23Z,-37.48,0.0,-179.89,0.0,33.0,0.0,ML,,,,2.3,nan,1
2644326,2006-10-26T16:00:50Z,-38.97,0.0,175.93,0.0,119.0,3.0,ML,,,,3.1,0.2,11
2644330,2006-10-26T16:12:02Z,-42.84,0.0,172.93,0.0,33.0,0.0,ML,,,,2.0,0.2,4
2644340,2006-10-26T16:48:01Z,-41.87,0.0,174.27,0.0,12.0,0.0,ML,,,,2.2,0.2,7
2644377,2006-10-26T18:51:23Z,-38.44,0.0,177.19,0.0,31.0,1.0,ML,,,,2.7,0.2,2
2644381,2006-10-26T18:59:03Z,-40.65,0.0,176.8,0.0,32.0,4.0,ML,,,,2.9,0.2,4
2644386,2006-10-26T19:09:58Z,-40.6,0.0,173.45,0.0,141.0,3.0,ML,,,,3.1,0.2,7
2644404,2006-10-26T20:22:08Z,-37.22,0.0,177.4,0.1,97.0,8.0,ML,,,,2.7,0.1,3
2644410,2006-10-26T20:42:11Z,-42.04,0.0,173.02,0.0,77.0,2.0,ML,,,,3.0,0.2,7
2644442,2006-10-26T22:09:19Z,-46.63,0.1,165.75,0.2,33.0,0.0,ML,,,,2.8,0.3,2
2644461,2006-10-26T23:13:45Z,-46.9,0.1,165.64,0.1,33.0,0.0,ML,,,,2.7,nan,1
2644478,2006-10-27T00:06:12Z,-46.83,0.1,165.66,0.1,33.0,0.0,ML,,,,2.7,0.3,2
2644480,2006-10-27T00:15:22Z,-45.21,0.0,167.0,0.0,24.0,1.0,ML,,,,2.3,0.2,3
2644522,2006-10-27T01:12:20Z,-41.02,0.0,177.09,0.0,33.0,0.0,ML,,,,3.3,0.2,9
2644504,2006-10-27T01:37:46Z,-36.86,0.0,178.64,0.1,5.0,0.0,ML,,,,2.8,0.3,3
2644508,2006-10-27T01:54:46Z,-41.18,0.0,174.46,0.0,33.0,1.0,ML,,,,2.4,0.1,6
2644510,2006-10-27T02:03:36Z,-38.94,0.0,175.9,0.0,12.0,0.0,ML,,,,1.7,0.3,5
2644547,2006-10-27T03:49:47Z,-38.94,0.0,175.86,0.0,10.0,1.0,ML,,,,1.9,0.2,4
2644567,2006-10-27T05:06:26Z,-41.48,0.0,172.12,0.0,5.0,0.0,ML,,,,2.8,0.3,13
2644571,2006-10-27T05:21:58Z,-45.34,0.0,167.22,0.0,60.0,2.0,ML,,,,3.0,0.1,5
2644572,2006-10-27T05:24:03Z,-37.2,0.0,177.37,0.0,5.0,0.0,ML,,,,3.0,0.3,4
2644603,2006-10-27T07:13:25Z,-38.91,0.0,175.84,0.0,5.0,0.0,ML,,,,1.7,0.2,3
2644611,2006-10-27T07:30:55Z,-41.09,0.0,175.07,0.0,29.0,1.0,ML,,,,2.6,0.1,8
2644615,2006-10-27T07:45:14Z,-38.93,0.0,175.85,0.0,8.0,2.0,ML,,,,1.7,0.2,7
2644623,2006-10-27T08:14:19Z,-37.94,0.0,176.19,0.1,183.0,5.0,ML,,,,3.2,0.2,10
2644629,2006-10-27T08:35:48Z,-38.93,0.0,175.84,0.0,5.0,0.0,ML,,,,2.4,0.2,15
2644646,2006-10-27T09:23:28Z,-39.02,0.0,176.24,0.0,58.0,2.0,ML,,,,2.5,0.2,5
2644651,2006-10-27T09:42:27Z,-38.77,0.0,176.15,0.0,94.0,2.0,ML,,,,2.5,0.1,4
2644664,2006-10-27T10:25:17Z,-39.85,0.0,174.0,0.0,141.0,5.0,ML,,,,2.7,0.3,3
2644693,2006-10-27T12:04:33Z,-41.73,0.0,171.9,0.0,5.0,0.0,ML,,,,2.2,0.3,6
2901765,2006-10-27T12:06:02Z,-38.95,0.0,175.82,0.0,10.0,2.0,ML,,,,1.3,0.2,5
2644711,2006-10-27T12:40:47Z,-43.48,0.0,172.75,0.1,29.0,4.0,ML,,,,2.3,0.4,6
2644719,2006-10-27T13:08:16Z,-41.27,0.0,173.28,0.0,108.0,3.0,ML,,,,2.4,0.3,3
2644741,2006-10-27T14:03:23Z,-38.94,0.0,175.84,0.0,5.0,0.0,ML,,,,2.6,0.2,19
2644763,2006-10-27T15:03:20Z,-42.68,0.0,171.32,0.0,12.0,0.0,ML,,,,1.9,0.2,4
2644765,2006-10-27T15:10:18Z,-40.91,0.0,173.22,0.0,122.0,3.0,ML,,,,2.3,0.1,2
2644770,2006-10-27T15:31:35Z,-43.11,0.0,171.46,0.0,5.0,0.0,ML,,,,2.2,0.3,4
2644773,2006-10-27T15:47:47Z,-39.64,0.0,174.18,0.0,148.0,4.0,ML,,,,3.1,0.2,10
2902127,2006-10-27T16:04:22Z,-39.85,0.1,173.63,0.1,186.0,7.0,ML,,,,2.6,nan,1
2644782,2006-10-27T16:05:30Z,-44.96,0.0,167.5,0.0,82.0,1.0,ML,,,,2.8,0.3,10
2644784,2006-10-27T16:13:06Z,-38.46,0.0,175.84,0.0,168.0,3.0,ML,,,,3.2,0.2,11
2644789,2006-10-27T16:20:36Z,-40.29,0.0,176.1,0.0,52.0,4.0,ML,,,,2.3,0.3,7
2644792,2006-10-27T16:26:50Z,-38.38,0.0,176.26,0.1,118.0,5.0,ML,,,,2.6,0.1,4
2644811,2006-10-27T17:29:52Z,-45.72,0.0,167.07,0.0,5.0,0.0,ML,,,,2.5,0.2,6
2644816,2006-10-27T17:39:31Z,-45.55,0.0,167.2,0.0,26.0,2.0,ML,,,,2.1,0.2,2
2644819,2006-10-27T17:51:59Z,-42.12,0.0,173.69,0.0,24.0,3.0,ML,,,,2.5,0.3,6
2644822,2006-10-27T18:00:06Z,-37.66,0.1,176.1,0.1,204.0,7.0,ML,,,,3.1,0.3,4
2644838,2006-10-27T18:46:41Z,-45.19,0.0,166.97,0.0,12.0,0.0,ML,,,,2.5,0.2,8
2644840,2006-10-27T18:55:39Z,-41.49,0.0,173.26,0.0,73.0,2.0,ML,,,,2.4,0.3,5
2644852,2006-10-27T19:35:36Z,-39.04,0.0,175.8,0.0,8.0,1.0,ML,,,,2.0,0.2,14
2644859,2006-10-27T19:54:38Z,-36.29,0.0,176.94,0.0,251.0,5.0,ML,,,,3.2,0.1,3
2644877,2006-10-27T20:57:27Z,-40.27,0.0,174.46,0.0,76.0,7.0,ML,,,,2.4,0.2,2
2644890,2006-10-27T21:41:05Z,-45.22,0.0,166.83,0.0,5.0,0.0,ML,,,,2.5,0.3,5
2644913,2006-10-27T22:59:57Z,-45.15,0.0,166.93,0.0,22.0,2.0,ML,,,,2.3,0.1,3
2644944,2006-10-28T00:40:10Z,-46.12,0.0,166.26,0.1,12.0,0.0,ML,,,,2.6,0.3,3
2644949,2006-10-28T00:56:56Z,-46.0,0.0,170.36,0.0,5.0,0.0,ML,,,,2.4,0.3,6
2644954,2006-10-28T01:10:29Z,-36.84,0.0,177.63,0.1,176.0,3.0,ML,,,,3.1,0.2,3
2644955,2006-10-28T01:18:09Z,-40.64,0.0,176.83,0.0,35.0,3.0,ML,,,,3.0,0.2,5
2644971,2006-10-28T02:08:45Z,-38.94,0.0,177.68,0.0,41.0,1.0,ML,,,,2.7,0.2,2
2644990,2006-10-28T03:05:39Z,-40.65,0.0,176.86,0.0,33.0,0.0,ML,,,,3.0,0.2,3
2644991,2006-10-28T03:08:14Z,-36.34,0.1,177.96,0.1,199.0,6.0,ML,,,,3.3,0.3,3
2645000,2006-10-28T03:36:19Z,-39.84,0.0,176.92,0.0,42.0,5.0,ML,,,,3.0,0.2,3
2645006,2006-10-28T03:57:20Z,-39.36,0.0,178.83,0.1,33.0,0.0,ML,,,,3.2,0.3,10
2645013,2006-10-28T04:26:24Z,-41.11,0.0,175.15,0.0,16.0,1.0,ML,,,,2.2,0.1,6
2645063,2006-10-28T07:23:39Z,-37.13,0.1,178.92,0.1,12.0,0.0,ML,,,,2.9,0.1,4
2645073,2006-10-28T07:53:44Z,-40.63,0.0,174.89,0.0,12.0,0.0,ML,,,,2.4,0.2,11
2645097,2006-10-28T08:55:48Z,-35.99,0.1,178.55,0.1,197.0,14.0,ML,,,,3.3,0.1,6
2645117,2006-10-28T09:50:31Z,-40.85,0.0,178.17,0.1,33.0,0.0,ML,,,,2.8,0.2,5
2645152,2006-10-28T11:21:18Z,-40.01,0.0,174.95,0.0,64.0,3.0,ML,,,,2.8,0.2,9
2645154,2006-10-28T11:28:54Z,-46.02,0.0,170.42,0.0,5.0,0.0,ML,,,,1.9,0.1,3
2645163,2006-10-28T12:02:21Z,-45.25,0.0,166.79,0.1,12.0,0.0,ML,,,,2.5,0.3,5
2645179,2006-10-28T12:43:28Z,-39.3,0.0,175.09,0.0,31.0,1.0,ML,,,,2.1,0.1,5
2645183,2006-10-28T12:54:11Z,-38.17,0.0,178.35,0.0,23.0,2.0,ML,,,,2.7,0.1,4
2645202,2006-10-28T13:38:57Z,-40.64,0.0,176.81,0.0,32.0,2.0,ML,,,,2.8,0.2,4
2645275,2006-10-28T16:27:23Z,-41.59,0.0,174.23,0.0,32.0,1.0,ML,,,,2.0,0.2,6
2645294,2006-10-28T17:24:37Z,-41.0,0.0,174.66,0.0,41.0,1.0,ML,,,,2.2,0.1,8
2645308,2006-10-28T18:13:21Z,-37.18,0.1,177.99,0.0,32.0,3.0,ML,,,,2.6,0.2,4
2645315,2006-10-28T18:35:46Z,-38.56,0.0,176.62,0.0,5.0,0.0,ML,,,,2.5,0.0,2
2645338,2006-10-28T19:56:55Z,-41.57,0.0,174.68,0.0,27.0,1.0,ML,,,,2.2,0.2,6
2645346,2006-10-28T20:20:49Z,-38.54,0.1,175.51,0.1,246.0,9.0,ML,,,,3.1,0.2,9
2645367,2006-10-28T21:13:40Z,-38.86,0.0,175.97,0.0,5.0,0.0,ML,,,,1.9,0.1,6
2645387,2006-10-28T22:22:10Z,-38.06,0.0,176.72,0.0,5.0,0.0,ML,,,,3.0,0.1,3
2645390,2006-10-28T22:34:51Z,-38.07,0.0,176.74,0.0,5.0,0.0,ML,,,,2.3,nan,1
2645391,2006-10-28T22:38:36Z,-39.14,0.0,175.42,0.0,5.0,0.0,ML,,,,1.8,0.2,11
2645412,2006-10-28T23:37:24Z,-41.07,0.0,175.09,0.0,30.0,1.0,ML,,,,2.6,0.1,8
2645432,2006-10-29T00:21:04Z,-37.06,0.1,176.83,0.1,235.0,8.0,ML,,,,3.0,0.0,2
2645446,2006-10-29T00:50:30Z,-41.1,0.0,173.98,0.0,52.0,3.0,ML,,,,2.6,0.1,5
2645469,2006-10-29T01:49:03Z,-37.8,0.0,178.08,0.0,69.0,3.0,ML,,,,2.5,0.1,3
2645498,2006-10-29T03:19:21Z,-38.08,0.1,176.73,0.0,5.0,0.0,ML,,,,2.1,nan,1
2645503,2006-10-29T03:34:46Z,-35.78,0.1,178.83,0.1,282.0,7.0,ML,,,,3.9,0.2,8
2645510,2006-10-29T03:52:55Z,-36.21,0.3,177.12,0.4,449.0,14.0,ML,,,,3.8,0.1,2
2645533,2006-10-29T04:44:24Z,-41.67,0.0,171.88,0.0,5.0,0.0,ML,,,,2.3,0.2,4
2645562,2006-10-29T06:10:17Z,-45.47,0.0,167.02,0.1,73.0,6.0,ML,,,,2.5,0.1,3
2645620,2006-10-29T08:14:06Z,-38.15,0.0,175.83,0.0,187.0,4.0,ML,,,,3.3,0.2,7
2645624,2006-10-29T08:26:08Z,-40.88,0.0,175.49,0.0,24.0,0.0,ML,,,,2.2,0.2,5
2645637,2006-10-29T08:59:40Z,-42.05,0.0,174.27,0.0,33.0,0.0,ML,,,,2.2,0.2,4
2645659,2006-10-29T10:03:35Z,-38.92,0.0,179.55,0.1,33.0,0.0,ML,,,,3.4,0.2,9
2645668,2006-10-29T10:29:20Z,-38.09,0.1,176.74,0.0,5.0,0.0,ML,,,,2.0,nan,1
2645675,2006-10-29T10:42:50Z,-40.71,0.0,176.93,0.0,33.0,0.0,ML,,,,2.7,0.2,4
2645683,2006-10-29T11:01:58Z,-45.5,0.0,167.17,0.0,109.0,3.0,ML,,,,3.4,0.4,10
2645693,2006-10-29T11:35:13Z,-38.06,0.0,176.74,0.0,5.0,0.0,ML,,,,1.9,0.0,1
2645707,2006-10-29T12:03:28Z,-39.81,0.0,176.93,0.0,47.0,3.0,ML,,,,2.9,0.3,10
2903963,2006-10-29T12:03:53Z,-37.77,0.0,177.08,0.0,120.0,2.0,ML,,,,3.0,0.2,8
2645709,2006-10-29T12:09:35Z,-38.68,0.0,177.82,0.0,37.0,5.0,ML,,,,2.5,0.1,2
2903967,2006-10-29T12:11:22Z,-44.39,0.0,168.05,0.0,5.0,0.0,ML,,,,2.0,0.1,3
2645711,2006-10-29T12:15:54Z,-38.65,0.0,178.04,0.0,33.0,0.0,ML,,,,2.4,0.1,2
2645727,2006-10-29T13:02:29Z,-37.3,0.1,176.99,0.1,179.0,8.0,ML,,,,3.2,0.3,4
2645789,2006-10-29T15:23:56Z,-38.86,0.0,177.58,0.0,56.0,2.0,ML,,,,2.2,0.2,2
2645830,2006-10-29T17:07:32Z,-38.93,0.0,175.69,0.0,107.0,2.0,ML,,,,3.3,0.2,12
2645832,2006-10-29T17:11:47Z,-40.66,0.0,176.84,0.0,30.0,2.0,ML,,,,2.7,0.1,4
2645834,2006-10-29T17:16:42Z,-40.39,0.0,175.75,0.0,30.0,2.0,ML,,,,2.2,0.1,3
2645835,2006-10-29T17:18:52Z,-45.05,0.0,167.01,0.0,12.0,0.0,ML,,,,2.8,0.1,7
2645851,2006-10-29T17:58:26Z,-44.65,0.0,167.55,0.1,5.0,0.0,ML,,,,2.5,0.2,5
2645878,2006-10-29T19:20:31Z,-40.19,0.0,175.25,0.0,31.0,3.0,ML,,,,2.8,0.4,6
2645929,2006-10-29T22:03:09Z,-40.58,0.0,175.06,0.0,5.0,0.0,ML,,,,2.2,0.2,5
2645941,2006-10-29T22:33:42Z,-41.58,0.0,172.1,0.0,5.0,0.0,ML,,,,2.3,0.2,3
2645988,2006-10-30T01:03:05Z,-45.15,0.0,167.26,0.0,53.0,4.0,ML,,,,2.4,0.2,5
2645998,2006-10-30T01:36:12Z,-45.05,0.0,167.41,0.0,58.0,0.0,ML,,,,2.3,0.1,4
2646010,2006-10-30T02:15:43Z,-40.42,0.0,176.22,0.0,29.0,2.0,ML,,,,2.4,0.1,3
2646031,2006-10-30T03:34:45Z,-40.7,0.0,176.89,0.0,32.0,2.0,ML,,,,2.8,0.1,4
2646032,2006-10-30T03:36:17Z,-40.14,0.0,176.39,0.0,51.0,2.0,ML,,,,2.3,0.1,4
2646061,2006-10-30T05:33:36Z,-42.04,0.0,173.81,0.0,12.0,0.0,ML,,,,2.4,0.1,5
2646066,2006-10-30T05:58:50Z,-40.29,0.0,176.66,0.0,22.0,4.0,ML,,,,2.4,0.1,5
2646070,2006-10-30T06:07:49Z,-43.53,0.0,170.6,0.0,5.0,0.0,ML,,,,2.5,0.4,7
2646075,2006-10-30T06:25:15Z,-41.53,0.0,172.95,0.0,85.0,2.0,ML,,,,2.4,nan,1
2646082,2006-10-30T06:53:02Z,-40.51,0.0,175.01,0.0,35.0,2.0,ML,,,,2.5,0.1,6
2646093,2006-10-30T07:37:05Z,-41.79,0.0,172.11,0.0,105.0,4.0,ML,,,,2.5,0.3,2
2646098,2006-10-30T08:01:29Z,-45.07,0.0,167.35,0.0,86.0,2.0,ML,,,,2.8,0.2,9
2646122,2006-10-30T09:12:18Z,-44.94,0.0,167.45,0.0,69.0,2.0,ML,,,,2.2,0.2,4
2646129,2006-10-30T09:48:19Z,-40.31,0.0,174.16,0.0,93.0,6.0,ML,,,,2.4,0.1,2
2646149,2006-10-30T10:53:16Z,-44.72,0.0,170.0,0.0,5.0,0.0,ML,,,,2.7,0.2,7
2646294,2006-10-30T10:53:26Z,-40.23,0.0,176.44,0.0,27.0,1.0,ML,,,,2.2,0.1,4
2646151,2006-10-30T11:07:30Z,-40.02,0.0,176.7,0.0,45.0,4.0,ML,,,,2.6,0.1,4
2646152,2006-10-30T11:09:47Z,-37.31,0.0,177.83,0.0,102.0,5.0,ML,,,,3.8,0.2,11
2646154,2006-10-30T11:19:08Z,-38.53,0.0,175.92,0.0,149.0,3.0,ML,,,,3.6,0.2,15
2646168,2006-10-30T12:20:07Z,-38.24,0.0,177.23,0.0,52.0,1.0,ML,,,,2.5,0.2,4
2646204,2006-10-30T14:23:05Z,-39.28,0.0,175.56,0.0,0.0,0.0,ML,,,,1.0,0.2,4
2646208,2006-10-30T14:32:22Z,-39.61,0.0,174.4,0.1,193.0,6.0,ML,,,,3.0,0.2,7
2646225,2006-10-30T15:36:20Z,-39.07,0.0,176.99,0.0,31.0,2.0,ML,,,,2.8,0.1,6
2646228,2006-10-30T15:48:00Z,-38.17,0.0,177.58,0.0,64.0,3.0,ML,,,,2.0,0.0,3
2646232,2006-10-30T15:57:43Z,-37.92,0.1,176.98,0.0,72.0,4.0,ML,,,,2.7,0.2,4
2901256,2006-10-30T16:56:50Z,-45.48,0.0,167.05,0.0,65.0,1.0,ML,,,,2.2,0.1,3
2646248,2006-10-30T16:57:28Z,-40.61,0.0,173.14,0.0,167.0,4.0,ML,,,,3.0,0.4,6
2646270,2006-10-30T18:09:28Z,-38.55,0.0,177.05,0.0,25.0,2.0,ML,,,,2.3,0.1,3
2646273,2006-10-30T18:19:26Z,-40.69,0.0,176.89,0.0,40.0,4.0,ML,,,,2.7,0.3,4
2646280,2006-10-30T18:39:23Z,-40.17,0.0,176.66,0.0,41.0,4.0,ML,,,,2.4,0.2,4
2646284,2006-10-30T18:54:59Z,-41.69,0.0,172.49,0.0,5.0,0.0,ML,,,,2.4,0.1,9
2646291,2006-10-30T19:20:18Z,-40.2,0.0,176.08,0.0,57.0,2.0,ML,,,,2.6,0.2,5
2646319,2006-10-30T20:55:50Z,-44.97,0.0,167.13,0.0,12.0,0.0,ML,,,,2.0,0.2,3
2646322,2006-10-30T21:07:11Z,-45.09,0.0,167.52,0.0,104.0,5.0,ML,,,,2.9,0.2,8
2646339,2006-10-30T22:11:42Z,-40.12,0.0,176.38,0.0,54.0,2.0,ML,,,,3.3,0.2,10
2646341,2006-10-30T22:20:32Z,-41.22,0.0,174.66,0.0,32.0,1.0,ML,,,,2.1,0.1,6
2646343,2006-10-30T22:22:46Z,-40.52,0.0,174.08,0.0,80.0,3.0,ML,,,,2.5,0.1,5
2646355,2006-10-30T23:11:24Z,-40.63,0.0,176.83,0.0,33.0,0.0,ML,,,,2.7,0.1,4
2646362,2006-10-30T23:38:04Z,-40.69,0.0,174.39,0.0,51.0,4.0,ML,,,,2.3,0.1,4
2646373,2006-10-31T00:18:50Z,-38.17,0.0,179.02,0.1,33.0,0.0,ML,,,,3.0,0.1,3
2646409,2006-10-31T02:21:39Z,-38.2,0.0,177.94,0.0,29.0,2.0,ML,,,,3.3,0.2,4
2646434,2006-10-31T03:58:29Z,-44.26,0.0,169.63,0.0,12.0,0.0,ML,,,,2.2,0.4,4
2646435,2006-10-31T04:00:23Z,-41.17,0.0,172.62,0.0,5.0,0.0,ML,,,,2.0,0.2,4
2646439,2006-10-31T04:14:13Z,-39.52,0.0,175.72,0.0,15.0,0.0,ML,,,,1.9,0.2,7
2646456,2006-10-31T05:07:38Z,-37.32,0.0,177.8,0.0,56.0,5.0,ML,,,,2.7,0.2,3
2646468,2006-10-31T05:48:12Z,-45.31,0.0,166.98,0.1,12.0,0.0,ML,,,,2.8,0.2,9
2646495,2006-10-31T07:35:24Z,-39.01,0.0,175.66,0.0,88.0,6.0,ML,,,,2.5,0.1,3
2646504,2006-10-31T08:07:43Z,-38.89,0.0,175.79,0.0,18.0,4.0,ML,,,,1.7,0.1,3
2646525,2006-10-31T09:39:49Z,-41.31,0.0,175.12,0.0,36.0,1.0,ML,,,,2.0,0.2,7
2646539,2006-10-31T10:26:30Z,-40.55,0.0,175.46,0.0,30.0,3.0,ML,,,,2.3,0.2,12
2646542,2006-10-31T10:35:22Z,-41.7,0.0,172.5,0.0,5.0,0.0,ML,,,,2.8,0.2,11
2646547,2006-10-31T10:51:19Z,-38.69,0.0,175.83,0.1,141.0,4.0,ML,,,,3.0,0.2,7
2646563,2006-10-31T11:43:22Z,-39.1,0.0,174.75,0.0,210.0,5.0,ML,,,,2.9,0.4,4
2646571,2006-10-31T12:09:21Z,-40.69,0.0,176.89,0.0,29.0,2.0,ML,,,,3.4,0.2,23
2646574,2006-10-31T12:25:11Z,-40.67,0.0,176.86,0.0,39.0,6.0,ML,,,,2.6,0.2,6
2646575,2006-10-31T12:27:20Z,-40.2,0.0,175.0,0.0,12.0,0.0,ML,,,,2.1,0.1,9
2646582,2006-10-31T12:49:52Z,-37.38,0.0,178.48,0.0,36.0,1.0,ML,,,,2.5,0.2,3
2646608,2006-10-31T14:18:15Z,-40.69,0.0,176.89,0.0,41.0,6.0,ML,,,,2.9,0.2,4
2646613,2006-10-31T14:31:33Z,-40.66,0.0,174.92,0.0,20.0,2.0,ML,,,,2.0,0.2,3
2646617,2006-10-31T14:44:59Z,-40.28,0.0,173.53,0.0,171.0,5.0,ML,,,,2.9,0.5,6
2646641,2006-10-31T15:55:02Z,-42.57,0.0,170.94,0.0,108.0,3.0,ML,,,,2.6,0.2,8
2646645,2006-10-31T16:10:01Z,-38.55,0.0,178.68,0.1,33.0,0.0,ML,,,,2.5,0.3,3
2646662,2006-10-31T16:52:14Z,-38.43,0.1,176.14,0.1,204.0,5.0,ML,,,,3.2,0.1,11
2646682,2006-10-31T17:57:29Z,-39.27,0.0,173.89,0.0,24.0,1.0,ML,,,,2.1,0.1,2
2646701,2006-10-31T19:09:08Z,-40.29,0.0,176.72,0.0,12.0,0.0,ML,,,,2.4,0.1,2
2646713,2006-10-31T19:51:37Z,-39.38,0.0,174.97,0.0,33.0,0.0,ML,,,,2.1,0.1,13
2646740,2006-10-31T21:25:26Z,-41.01,0.0,172.02,0.0,5.0,0.0,ML,,,,2.7,0.2,5
2646749,2006-10-31T21:58:01Z,-40.36,0.0,176.44,0.0,52.0,3.0,ML,,,,2.9,0.3,11
2646767,2006-10-31T22:55:37Z,-43.46,0.0,172.23,0.0,12.0,0.0,ML,,,,2.5,0.2,7
2646770,2006-10-31T23:02:40Z,-38.3,0.0,175.9,0.0,187.0,3.0,ML,,,,3.5,0.2,14
2646779,2006-10-31T23:29:11Z,-44.64,0.0,168.69,0.0,5.0,0.0,ML,,,,2.2,0.2,7
2646780,2006-10-31T23:33:23Z,-35.51,0.1,178.71,0.1,221.0,11.0,ML,,,,3.4,0.1,4
2646789,2006-11-01T00:07:14Z,-45.35,0.0,167.24,0.0,108.0,4.0,ML,,,,2.4,0.3,4
2646796,2006-11-01T00:32:29Z,-44.72,0.0,167.96,0.0,94.0,3.0,ML,,,,2.9,0.2,9
2646807,2006-11-01T01:02:33Z,-38.31,0.0,176.26,0.0,141.0,3.0,ML,,,,3.6,0.3,17
2646820,2006-11-01T01:35:39Z,-40.5,0.0,173.38,0.0,152.0,6.0,ML,,,,2.5,0.3,2
2646823,2006-11-01T01:44:04Z,-39.28,0.0,173.9,0.0,22.0,0.0,ML,,,,2.0,0.1,3
2646825,2006-11-01T01:51:47Z,-40.19,0.0,176.18,0.0,64.0,3.0,ML,,,,3.0,0.2,8
2646851,2006-11-01T03:11:00Z,-42.29,0.0,172.84,0.0,65.0,5.0,ML,,,,2.6,0.2,2
2646855,2006-11-01T03:17:54Z,-38.43,0.0,178.64,0.0,29.0,2.0,ML,,,,2.5,0.1,3
2646880,2006-11-01T04:37:53Z,-39.76,0.0,176.85,0.0,42.0,4.0,ML,,,,2.4,0.2,3
2646882,2006-11-01T04:46:29Z,-45.04,0.0,167.37,0.0,68.0,6.0,ML,,,,2.0,0.3,4
2646911,2006-11-01T06:22:28Z,-41.39,0.0,172.66,0.0,112.0,3.0,ML,,,,2.7,0.2,4
2646922,2006-11-01T06:56:17Z,-40.37,0.0,173.69,0.0,100.0,4.0,ML,,,,2.4,0.2,2
2646927,2006-11-01T07:12:15Z,-39.52,0.0,175.72,0.0,15.0,1.0,ML,,,,1.8,0.2,9
2646936,2006-11-01T07:45:24Z,-37.79,0.0,176.59,0.0,154.0,3.0,ML,,,,3.2,0.3,9
2646938,2006-11-01T07:52:16Z,-38.09,0.1,176.17,0.1,150.0,6.0,ML,,,,2.9,0.1,3
2646966,2006-11-01T09:29:40Z,-40.45,0.0,175.67,0.0,31.0,1.0,ML,,,,2.7,0.1,13
2646969,2006-11-01T09:35:13Z,-39.99,0.0,176.86,0.0,36.0,3.0,ML,,,,2.6,0.2,5
2646972,2006-11-01T09:40:26Z,-39.17,0.0,176.04,0.0,152.0,4.0,ML,,,,2.8,0.1,4
2646974,2006-11-01T09:43:29Z,-39.2,0.0,173.87,0.0,19.0,1.0,ML,,,,2.0,0.1,4
2646982,2006-11-01T10:02:53Z,-38.74,0.0,177.88,0.1,27.0,2.0,ML,,,,2.4,0.1,3
2646989,2006-11-01T10:33:14Z,-40.85,0.0,172.45,0.0,13.0,2.0,ML,,,,1.7,0.3,4
2647014,2006-11-01T11:38:30Z,-41.31,0.0,173.76,0.0,49.0,4.0,ML,,,,2.6,0.2,8
2647015,2006-11-01T11:42:34Z,-41.06,0.0,176.89,0.0,12.0,0.0,ML,,,,2.9,0.1,8
2647074,2006-11-01T15:02:19Z,-41.57,0.0,174.17,0.0,13.0,3.0,ML,,,,1.9,0.1,5
2647076,2006-11-01T15:08:07Z,-41.56,0.0,174.16,0.0,13.0,2.0,ML,,,,2.6,0.2,8
2647077,2006-11-01T15:12:59Z,-41.57,0.0,174.17,0.0,14.0,1.0,ML,,,,2.0,0.1,6
2647092,2006-11-01T15:55:22Z,-40.63,0.0,174.86,0.0,15.0,1.0,ML,,,,1.9,0.2,4
2647111,2006-11-01T16:59:35Z,-40.46,0.0,174.62,0.0,45.0,5.0,ML,,,,2.9,0.1,10
2647119,2006-11-01T17:18:51Z,-39.69,0.0,175.75,0.0,12.0,0.0,ML,,,,2.2,0.2,12
2647153,2006-11-01T19:04:55Z,-40.98,0.0,175.39,0.0,12.0,2.0,ML,,,,2.1,0.2,7
2647215,2006-11-01T22:20:19Z,-40.67,0.0,175.41,0.0,27.0,1.0,ML,,,,2.0,0.1,4
2647229,2006-11-01T23:16:02Z,-38.02,0.0,178.49,0.1,33.0,0.0,ML,,,,3.0,0.3,4
2647257,2006-11-02T00:36:15Z,-40.65,0.0,175.46,0.0,30.0,2.0,ML,,,,2.0,0.2,2
2647313,2006-11-02T03:59:08Z,-43.76,0.0,170.53,0.0,5.0,0.0,ML,,,,1.8,0.2,4
2647316,2006-11-02T04:09:49Z,-44.86,0.0,168.74,0.0,12.0,0.0,ML,,,,2.1,0.2,6
2647319,2006-11-02T04:18:29Z,-40.66,0.0,176.81,0.0,30.0,2.0,ML,,,,3.0,0.2,4
2647349,2006-11-02T06:04:14Z,-40.6,0.0,176.21,0.0,25.0,1.0,ML,,,,2.1,0.1,5
2647361,2006-11-02T06:39:49Z,-42.36,0.0,174.02,0.1,5.0,0.0,ML,,,,2.1,0.2,4
2647380,2006-11-02T07:51:09Z,-44.24,0.0,168.74,0.0,5.0,0.0,ML,,,,1.9,0.2,5
2647394,2006-11-02T08:33:53Z,-39.7,0.0,176.51,0.0,23.0,1.0,ML,,,,2.5,0.2,8
2647398,2006-11-02T08:42:15Z,-37.32,0.0,177.2,0.0,149.0,2.0,ML,,,,3.8,0.3,18
2647412,2006-11-02T09:33:35Z,-40.02,0.0,176.79,0.0,49.0,2.0,ML,,,,2.0,0.1,4
2647413,2006-11-02T09:37:06Z,-41.0,0.0,176.14,0.0,12.0,0.0,ML,,,,1.7,0.0,2
2647421,2006-11-02T10:10:29Z,-39.4,0.0,177.0,0.0,56.0,9.0,ML,,,,2.6,0.3,3
2647439,2006-11-02T11:07:00Z,-45.65,0.0,167.03,0.0,81.0,1.0,ML,,,,1.9,0.0,2
2647460,2006-11-02T12:12:13Z,-41.54,0.0,173.91,0.0,12.0,0.0,ML,,,,2.2,0.1,8
2647462,2006-11-02T12:20:45Z,-45.23,0.0,167.29,0.0,77.0,3.0,ML,,,,2.3,0.2,6
2647471,2006-11-02T12:52:17Z,-38.53,0.0,175.81,0.0,187.0,2.0,ML,,,,4.1,0.2,23
2647473,2006-11-02T12:57:30Z,-37.67,0.0,176.43,0.1,155.0,2.0,ML,,,,2.9,0.2,5
2647502,2006-11-02T14:27:03Z,-36.8,0.1,177.45,0.1,178.0,5.0,ML,,,,3.1,0.3,6
2647505,2006-11-02T14:37:30Z,-40.5,0.0,173.79,0.0,91.0,2.0,ML,,,,2.3,0.2,3
2901677,2006-11-02T15:12:20Z,-36.71,0.0,177.84,0.0,86.0,7.0,ML,,,,3.1,0.2,4
2647518,2006-11-02T15:13:31Z,-39.7,0.0,176.51,0.0,26.0,1.0,Mw,4.0,nan,0,4.4,0.2,56
2647528,2006-11-02T15:46:03Z,-40.34,0.0,173.42,0.0,164.0,3.0,ML,,,,3.0,0.1,9
2647535,2006-11-02T16:10:27Z,-38.11,0.0,176.17,0.1,136.0,6.0,ML,,,,3.1,0.1,4
2647558,2006-11-02T17:25:41Z,-39.71,0.0,177.38,0.1,12.0,0.0,ML,,,,2.6,0.1,6
2647564,2006-11-02T17:40:34Z,-40.42,0.0,174.44,0.0,33.0,0.0,ML,,,,2.3,0.1,3
2647565,2006-11-02T17:46:33Z,-36.18,0.0,178.24,0.1,33.0,0.0,ML,,,,2.9,0.0,2
2647572,2006-11-02T18:08:07Z,-39.76,0.0,177.24,0.1,33.0,0.0,ML,,,,3.1,0.2,9
2647590,2006-11-02T19:03:13Z,-37.87,0.0,176.56,0.0,168.0,3.0,ML,,,,3.4,0.1,10
2647606,2006-11-02T19:55:56Z,-45.69,0.0,166.91,0.1,12.0,0.0,ML,,,,2.5,0.2,3
2647621,2006-11-02T20:43:45Z,-39.27,0.0,175.51,0.1,5.0,0.0,ML,,,,0.8,0.4,3
2647624,2006-11-02T20:48:01Z,-39.53,0.0,175.63,0.0,14.0,2.0,ML,,,,1.6,0.1,8
2647635,2006-11-02T21:13:03Z,-38.8,0.0,176.01,0.0,105.0,4.0,ML,,,,3.1,0.4,4
2647637,2006-11-02T21:19:52Z,-39.7,0.0,173.55,0.1,5.0,0.0,ML,,,,2.6,0.1,7
2647655,2006-11-02T22:08:07Z,-42.09,0.0,173.11,0.0,33.0,1.0,ML,,,,2.2,0.2,4
2647678,2006-11-02T23:20:31Z,-39.24,0.0,174.79,0.0,12.0,0.0,ML,,,,1.9,0.1,7
2647690,2006-11-02T23:59:55Z,-39.68,0.0,176.89,0.1,33.0,0.0,ML,,,,2.8,0.3,10
2647693,2006-11-03T00:12:10Z,-39.1,0.0,175.26,0.0,15.0,1.0,ML,,,,1.5,0.2,8
2647704,2006-11-03T00:53:36Z,-38.04,0.0,176.95,0.0,80.0,1.0,ML,,,,2.7,0.2,3
2647705,2006-11-03T00:56:56Z,-42.63,0.0,173.23,0.0,12.0,0.0,ML,,,,2.4,0.3,2
2647712,2006-11-03T01:19:04Z,-40.93,0.0,173.74,0.0,76.0,2.0,ML,,,,2.9,0.2,7
2647719,2006-11-03T01:46:30Z,-38.89,0.0,178.04,0.0,30.0,2.0,ML,,,,2.8,0.2,3
2647778,2006-11-03T04:28:19Z,-39.52,0.1,174.14,0.0,5.0,0.0,ML,,,,1.7,0.3,2
2647788,2006-11-03T04:58:08Z,-37.89,0.0,179.08,0.1,33.0,0.0,ML,,,,2.7,0.2,3
2648083,2006-11-03T05:28:01Z,-39.16,0.0,175.63,0.0,1.0,0.0,ML,,,,1.2,0.1,2
2647796,2006-11-03T05:29:09Z,-41.72,0.0,172.59,0.0,80.0,2.0,ML,,,,2.4,0.3,3
2647799,2006-11-03T05:34:05Z,-41.08,0.0,175.07,0.0,29.0,1.0,ML,,,,2.0,0.2,3
2647811,2006-11-03T06:17:04Z,-45.73,0.0,166.88,0.0,5.0,0.0,ML,,,,2.3,0.1,2
2647824,2006-11-03T06:58:22Z,-38.53,0.0,175.96,0.0,156.0,2.0,ML,,,,3.5,0.1,7
2647828,2006-11-03T07:10:50Z,-40.17,0.0,176.3,0.0,55.0,2.0,ML,,,,2.5,0.2,3
2647859,2006-11-03T08:52:32Z,-35.55,0.1,178.21,0.1,204.0,10.0,ML,,,,2.9,0.2,3
2902102,2006-11-03T09:21:44Z,-38.21,0.0,179.09,0.0,12.0,0.0,ML,,,,2.9,0.1,4
2647867,2006-11-03T09:21:50Z,-37.51,0.0,177.24,0.0,139.0,3.0,ML,,,,3.2,0.2,8
2647868,2006-11-03T09:24:19Z,-39.75,0.0,176.91,0.0,48.0,1.0,ML,,,,2.4,0.1,2
2902106,2006-11-03T10:14:25Z,-37.66,0.0,177.86,0.0,82.0,3.0,ML,,,,3.0,0.2,6
2647886,2006-11-03T10:14:55Z,-39.23,0.1,175.41,0.1,5.0,0.0,ML,,,,1.1,0.1,2
2647901,2006-11-03T11:09:19Z,-44.6,0.0,168.71,0.0,5.0,0.0,ML,,,,1.9,0.1,6
2647907,2006-11-03T11:24:26Z,-39.24,0.0,174.75,0.0,220.0,3.0,ML,,,,3.6,0.2,6
2647942,2006-11-03T13:12:37Z,-40.94,0.0,175.15,0.0,28.0,1.0,ML,,,,2.3,0.2,6
2647949,2006-11-03T13:37:22Z,-39.24,0.0,173.75,0.0,12.0,0.0,ML,,,,1.6,0.2,2
2647954,2006-11-03T13:54:17Z,-45.65,0.0,166.92,0.0,55.0,1.0,ML,,,,2.8,0.3,11
2647960,2006-11-03T14:09:48Z,-41.4,0.0,172.23,0.0,12.0,0.0,ML,,,,1.5,0.2,3
2647966,2006-11-03T14:24:00Z,-39.49,0.0,175.7,0.0,5.0,0.0,ML,,,,1.6,0.2,11
2647968,2006-11-03T14:29:08Z,-41.3,0.0,172.93,0.0,121.0,2.0,ML,,,,2.5,0.4,2
2902129,2006-11-03T14:29:35Z,-45.46,0.0,167.04,0.0,56.0,2.0,ML,,,,2.3,0.2,5
2647979,2006-11-03T14:58:25Z,-45.73,0.0,166.9,0.0,65.0,1.0,ML,,,,2.2,0.5,3
2647980,2006-11-03T15:02:15Z,-43.65,0.0,169.7,0.0,5.0,0.0,ML,,,,3.9,0.2,19
2648012,2006-11-03T16:46:20Z,-38.32,0.0,177.18,0.0,44.0,3.0,ML,,,,2.2,0.0,3
2648015,2006-11-03T16:57:44Z,-40.17,0.0,174.14,0.0,104.0,9.0,ML,,,,2.4,nan,1
2648020,2006-11-03T17:07:34Z,-41.39,0.0,172.36,0.0,5.0,0.0,ML,,,,2.5,0.1,8
2648026,2006-11-03T17:27:31Z,-44.2,0.0,168.59,0.0,5.0,0.0,ML,,,,2.2,0.2,8
2648063,2006-11-03T19:51:31Z,-40.14,0.0,174.93,0.0,23.0,2.0,ML,,,,2.2,0.1,10
2648075,2006-11-03T20:36:16Z,-37.85,0.0,178.98,0.0,33.0,0.0,ML,,,,3.2,0.2,6
2648076,2006-11-03T20:39:43Z,-41.72,0.0,171.92,0.0,12.0,0.0,ML,,,,1.8,0.2,2
2648087,2006-11-03T21:09:37Z,-41.29,0.0,175.3,0.0,26.0,1.0,ML,,,,2.2,0.1,5
2648097,2006-11-03T21:47:16Z,-38.95,0.0,175.56,0.0,117.0,5.0,ML,,,,2.9,0.2,3
2648098,2006-11-03T21:48:09Z,-39.37,0.0,175.08,0.1,194.0,3.0,ML,,,,3.4,0.2,11
2648108,2006-11-03T22:35:10Z,-38.64,0.0,177.48,0.0,48.0,1.0,ML,,,,2.6,0.1,2
2648112,2006-11-03T22:49:48Z,-39.48,0.0,175.36,0.0,30.0,3.0,ML,,,,1.7,0.1,5
2648120,2006-11-03T23:14:23Z,-39.51,0.0,175.72,0.0,15.0,0.0,ML,,,,1.8,0.2,9
2648126,2006-11-03T23:26:05Z,-39.34,0.0,174.97,0.0,30.0,1.0,ML,,,,2.3,0.1,11
2648143,2006-11-04T00:10:47Z,-40.79,0.0,174.95,0.0,53.0,1.0,ML,,,,2.3,0.1,4
2648147,2006-11-04T00:27:05Z,-39.24,0.0,175.07,0.0,32.0,1.0,ML,,,,2.0,0.2,8
2648163,2006-11-04T01:11:06Z,-38.05,0.0,176.47,0.0,96.0,2.0,ML,,,,2.6,0.0,3
2648185,2006-11-04T02:32:55Z,-38.82,0.1,176.04,0.0,112.0,6.0,ML,,,,3.2,nan,1
2648198,2006-11-04T03:09:31Z,-39.5,0.0,175.67,0.0,14.0,1.0,ML,,,,1.7,0.1,7
2648210,2006-11-04T03:40:57Z,-45.5,0.0,166.85,0.1,12.0,0.0,ML,,,,2.7,0.1,8
2648211,2006-11-04T03:46:25Z,-39.29,0.0,174.88,0.0,32.0,1.0,ML,,,,4.0,0.3,47
2648220,2006-11-04T04:10:19Z,-46.39,0.0,169.19,0.0,16.0,3.0,ML,,,,3.5,0.2,8
2648226,2006-11-04T04:34:22Z,-39.26,0.0,175.07,0.0,31.0,1.0,ML,,,,2.1,0.2,11
2648252,2006-11-04T06:00:05Z,-38.65,0.0,176.48,0.0,65.0,1.0,ML,,,,2.6,0.0,3
2648259,2006-11-04T06:16:17Z,-41.56,0.0,172.09,0.0,5.0,0.0,ML,,,,2.9,0.2,10
2902236,2006-11-04T06:16:43Z,-37.25,0.0,176.69,0.1,208.0,4.0,ML,,,,3.1,0.2,3
2648265,2006-11-04T06:40:14Z,-39.13,0.0,176.06,0.0,69.0,2.0,ML,,,,2.7,0.2,2
2902240,2006-11-04T06:41:54Z,-45.57,0.0,167.32,0.0,14.0,3.0,ML,,,,2.0,0.1,3
2648268,2006-11-04T06:49:28Z,-41.57,0.0,173.96,0.0,5.0,0.0,ML,,,,1.8,0.2,5
2648269,2006-11-04T06:52:30Z,-45.25,0.0,167.3,0.0,113.0,3.0,ML,,,,2.8,0.2,9
2648270,2006-11-04T06:57:00Z,-37.48,0.0,178.83,0.0,25.0,2.0,ML,,,,2.8,0.1,4
2648302,2006-11-04T08:50:36Z,-38.22,0.0,176.04,0.0,153.0,3.0,ML,,,,3.7,0.2,15
2648335,2006-11-04T09:01:04Z,-41.7,0.0,172.49,0.0,5.0,0.0,ML,,,,2.3,0.2,8
2902251,2006-11-04T09:02:08Z,-41.71,0.0,172.49,0.0,11.0,2.0,ML,,,,3.6,0.2,25
2648307,2006-11-04T09:05:32Z,-39.16,0.0,174.67,0.0,32.0,1.0,ML,,,,2.1,0.1,12
2648310,2006-11-04T09:16:47Z,-39.23,0.0,175.35,0.0,18.0,2.0,ML,,,,1.6,0.2,9
2648318,2006-11-04T09:41:31Z,-34.85,0.1,178.2,0.2,33.0,0.0,ML,,,,3.6,0.1,2
2648329,2006-11-04T10:14:10Z,-41.79,0.0,174.35,0.0,49.0,3.0,ML,,,,2.3,0.2,3
2648353,2006-11-04T11:29:36Z,-37.66,0.0,178.99,0.0,33.0,0.0,ML,,,,2.6,0.2,3
2648383,2006-11-04T13:08:23Z,-40.43,0.0,176.22,0.0,26.0,3.0,ML,,,,2.5,0.2,13
2648394,2006-11-04T13:31:52Z,-42.35,0.0,174.05,0.0,23.0,1.0,ML,,,,2.4,0.3,6
2648396,2006-11-04T13:35:54Z,-38.78,0.0,175.41,0.0,203.0,4.0,ML,,,,3.6,0.2,13
2648425,2006-11-04T14:55:31Z,-41.76,0.0,172.51,0.0,12.0,0.0,ML,,,,1.8,0.0,2
2648427,2006-11-04T15:07:03Z,-42.3,0.0,171.56,0.0,5.0,0.0,ML,,,,3.2,0.1,6
2648447,2006-11-04T16:24:10Z,-40.19,0.0,174.61,0.0,31.0,2.0,ML,,,,2.0,0.1,3
2648451,2006-11-04T16:38:38Z,-38.87,0.0,175.13,0.0,217.0,3.0,ML,,,,3.7,0.2,15
2648453,2006-11-04T16:41:46Z,-41.23,0.0,173.11,0.0,111.0,2.0,ML,,,,2.3,0.2,2
2648468,2006-11-04T17:27:04Z,-45.19,0.0,167.03,0.1,27.0,3.0,ML,,,,2.4,0.3,5
2648482,2006-11-04T18:16:54Z,-39.69,0.0,176.54,0.0,12.0,0.0,ML,,,,2.9,0.1,16
2648484,2006-11-04T18:23:10Z,-41.09,0.0,175.06,0.0,28.0,1.0,ML,,,,2.4,0.1,7
2648490,2006-11-04T18:37:22Z,-38.69,0.0,175.88,0.0,149.0,2.0,ML,,,,3.3,0.2,8
2648510,2006-11-04T19:40:39Z,-41.77,0.0,172.52,0.0,12.0,0.0,ML,,,,1.9,0.1,2
2648536,2006-11-04T21:02:34Z,-38.52,0.0,177.85,0.0,30.0,2.0,ML,,,,2.8,0.2,4
2648539,2006-11-04T21:13:53Z,-45.36,0.0,167.24,0.0,109.0,2.0,ML,,,,3.0,0.2,9
2902623,2006-11-04T22:38:40Z,-45.16,0.1,167.5,0.1,93.0,6.0,ML,,,,2.5,0.1,3
2648565,2006-11-04T22:39:52Z,-39.11,0.0,176.34,0.0,79.0,2.0,ML,,,,3.0,0.1,8
2648569,2006-11-04T22:53:04Z,-38.83,0.0,176.79,0.0,12.0,0.0,ML,,,,2.2,0.1,3
2648582,2006-11-04T23:27:51Z,-42.92,0.0,171.82,0.0,5.0,0.0,ML,,,,2.5,0.3,9
2648586,2006-11-04T23:40:02Z,-39.28,0.0,175.05,0.0,30.0,1.0,ML,,,,2.3,0.1,11
2648592,2006-11-04T23:51:44Z,-40.4,0.0,174.79,0.0,33.0,0.0,ML,,,,2.2,0.1,5
2648593,2006-11-04T23:57:00Z,-38.37,0.0,175.92,0.0,150.0,3.0,ML,,,,3.6,0.3,10
2648604,2006-11-05T00:32:34Z,-45.22,0.0,166.73,0.1,12.0,0.0,ML,,,,2.5,0.3,5
2648611,2006-11-05T00:53:20Z,-41.31,0.0,172.84,0.0,131.0,3.0,ML,,,,2.6,0.0,2
2648618,2006-11-05T01:16:48Z,-39.12,0.0,176.77,0.0,18.0,2.0,ML,,,,2.5,0.2,11
2902732,2006-11-05T01:17:01Z,-39.24,0.0,175.22,0.0,146.0,2.0,ML,,,,3.3,0.2,10
2648626,2006-11-05T01:38:23Z,-38.36,0.0,176.81,0.0,68.0,3.0,ML,,,,3.0,0.2,4
2648708,2006-11-05T06:06:09Z,-42.0,0.0,174.14,0.0,20.0,2.0,ML,,,,2.7,0.1,6
2648725,2006-11-05T06:56:46Z,-41.0,0.0,175.62,0.0,26.0,1.0,ML,,,,2.2,0.1,7
2648748,2006-11-05T08:01:20Z,-38.1,0.0,176.33,0.1,151.0,4.0,ML,,,,3.0,0.2,6
2648753,2006-11-05T08:20:22Z,-47.03,0.0,166.21,0.0,33.0,0.0,ML,,,,3.5,0.1,4
2648754,2006-11-05T08:24:32Z,-45.46,0.0,166.65,0.0,12.0,0.0,ML,,,,2.2,0.1,3
2648767,2006-11-05T09:11:29Z,-41.14,0.0,176.11,0.0,33.0,0.0,ML,,,,2.3,0.1,4
2648783,2006-11-05T09:58:50Z,-39.17,0.0,177.44,0.0,40.0,3.0,ML,,,,3.2,0.2,5
2648786,2006-11-05T10:05:38Z,-44.41,0.0,168.28,0.0,5.0,0.0,ML,,,,2.8,0.1,10
2648793,2006-11-05T10:25:52Z,-45.77,0.0,170.23,0.0,5.0,0.0,ML,,,,2.6,0.2,7
2648810,2006-11-05T11:21:36Z,-36.97,0.0,178.64,0.0,12.0,0.0,ML,,,,2.5,0.3,3
2648827,2006-11-05T12:09:54Z,-37.16,0.0,177.72,0.0,97.0,6.0,ML,,,,3.0,0.2,5
2648850,2006-11-05T13:08:20Z,-41.18,0.0,172.82,0.0,161.0,3.0,ML,,,,3.4,0.2,5
2648870,2006-11-05T14:19:14Z,-38.1,0.0,176.15,0.0,164.0,3.0,ML,,,,3.8,0.3,14
2648878,2006-11-05T14:46:07Z,-37.46,0.1,177.51,0.1,137.0,6.0,ML,,,,3.1,0.1,4
2648904,2006-11-05T16:26:59Z,-45.27,0.0,167.32,0.0,82.0,2.0,ML,,,,2.5,0.1,4
2648905,2006-11-05T16:29:58Z,-44.27,0.0,169.85,0.0,12.0,0.0,ML,,,,2.9,0.3,6
2904111,2006-11-05T16:32:09Z,-38.6,0.0,175.97,0.1,148.0,5.0,ML,,,,3.0,0.5,4
2648931,2006-11-05T17:53:18Z,-40.06,0.1,173.96,0.0,108.0,8.0,ML,,,,2.6,0.2,2
2648982,2006-11-05T20:59:44Z,-43.17,0.0,171.03,0.0,5.0,0.0,ML,,,,2.1,0.2,6
2649003,2006-11-05T21:56:56Z,-39.5,0.0,175.71,0.0,14.0,1.0,ML,,,,1.8,0.1,6
2649016,2006-11-05T22:25:25Z,-41.64,0.0,174.27,0.0,20.0,3.0,ML,,,,2.1,0.2,6
2649022,2006-11-05T22:44:28Z,-39.97,0.0,176.74,0.0,42.0,4.0,ML,,,,2.7,0.1,4
2649037,2006-11-05T23:37:25Z,-41.31,0.0,172.75,0.0,137.0,4.0,ML,,,,2.6,0.5,2
2649079,2006-11-06T01:44:16Z,-38.39,0.0,176.07,0.0,136.0,4.0,ML,,,,3.5,0.2,14
2904520,2006-11-06T01:44:49Z,-38.75,0.0,176.88,0.0,64.0,14.0,ML,,,,2.9,0.4,3
2649115,2006-11-06T03:17:36Z,-38.2,0.1,175.88,0.1,192.0,8.0,ML,,,,3.4,0.2,11
2649129,2006-11-06T03:53:44Z,-40.49,0.0,175.67,0.0,32.0,1.0,ML,,,,2.3,0.2,8
2649150,2006-11-06T05:02:43Z,-44.63,0.0,168.1,0.0,89.0,3.0,ML,,,,2.9,0.3,9
2649162,2006-11-06T05:35:20Z,-41.19,0.0,173.66,0.0,79.0,2.0,ML,,,,2.3,0.3,3
2904534,2006-11-06T05:37:42Z,-45.07,0.0,167.5,0.0,81.0,2.0,ML,,,,2.4,0.2,6
2649170,2006-11-06T06:00:55Z,-45.0,0.0,167.59,0.0,82.0,2.0,ML,,,,2.9,0.2,11
2649185,2006-11-06T06:47:07Z,-40.16,0.0,174.3,0.0,69.0,9.0,ML,,,,2.4,0.1,5
2649196,2006-11-06T07:23:47Z,-45.14,0.0,167.44,0.0,119.0,4.0,ML,,,,2.6,0.2,4
2649206,2006-11-06T08:01:28Z,-38.6,0.0,175.91,0.0,153.0,3.0,ML,,,,3.6,0.3,20
2649217,2006-11-06T08:45:44Z,-42.42,0.0,172.94,0.0,5.0,0.0,ML,,,,1.4,0.1,3
2649218,2006-11-06T08:50:14Z,-40.54,0.0,175.68,0.0,33.0,0.0,ML,,,,2.5,0.3,9
2649220,2006-11-06T08:56:32Z,-40.74,0.0,175.87,0.0,29.0,1.0,ML,,,,2.2,0.3,8
2649255,2006-11-06T10:37:36Z,-37.88,0.0,178.62,0.0,23.0,1.0,ML,,,,2.2,0.2,3
2649275,2006-11-06T11:40:38Z,-45.86,0.0,166.41,0.1,12.0,0.0,ML,,,,2.7,0.2,8
2649276,2006-11-06T11:44:15Z,-36.75,0.0,178.53,0.1,80.0,4.0,ML,,,,4.0,0.2,5
2649288,2006-11-06T12:16:05Z,-39.27,0.1,173.87,0.0,21.0,3.0,ML,,,,1.9,0.1,3
2904550,2006-11-06T12:16:27Z,-41.98,0.0,173.61,0.0,12.0,0.0,ML,,,,2.0,0.3,5
2649289,2006-11-06T12:23:11Z,-45.89,0.0,166.39,0.1,12.0,0.0,ML,,,,2.9,0.2,9
2649295,2006-11-06T12:42:50Z,-40.92,0.0,175.76,0.0,29.0,3.0,ML,,,,1.9,0.0,2
2649299,2006-11-06T12:53:25Z,-45.86,0.0,166.44,0.0,12.0,0.0,ML,,,,2.7,0.2,8
2907419,2006-11-06T14:03:13Z,-40.6,0.0,174.28,0.0,79.0,4.0,ML,,,,2.3,0.2,3
2649318,2006-11-06T14:04:45Z,-39.2,0.0,176.27,0.0,58.0,1.0,ML,,,,2.8,0.2,10
2649319,2006-11-06T14:07:44Z,-39.93,0.0,176.56,0.0,24.0,3.0,ML,,,,2.4,0.1,10
2907424,2006-11-06T14:07:48Z,-39.45,0.0,175.54,0.0,18.0,2.0,ML,,,,1.5,0.0,4
2649341,2006-11-06T15:25:23Z,-39.28,0.0,177.48,0.0,42.0,4.0,ML,,,,1.7,0.2,2
2649344,2006-11-06T15:31:45Z,-39.24,0.0,174.85,0.0,221.0,4.0,ML,,,,2.9,0.1,5
2649345,2006-11-06T15:34:50Z,-39.23,0.0,177.45,0.0,41.0,4.0,ML,,,,2.1,0.2,3
2649355,2006-11-06T16:07:20Z,-37.78,0.0,177.15,0.0,121.0,2.0,ML,,,,2.5,0.3,6
2649365,2006-11-06T16:39:34Z,-45.07,0.0,167.37,0.0,73.0,2.0,ML,,,,2.1,0.1,3
2649366,2006-11-06T16:41:54Z,-45.15,0.0,167.26,0.0,53.0,1.0,ML,,,,1.9,0.1,3
2649367,2006-11-06T16:46:56Z,-41.6,0.0,174.66,0.0,31.0,1.0,ML,,,,2.2,0.2,11
2907438,2006-11-06T16:48:27Z,-40.9,0.0,174.88,0.0,51.0,1.0,ML,,,,2.9,0.1,11
2649380,2006-11-06T17:29:58Z,-40.7,0.0,175.33,0.0,30.0,1.0,ML,,,,2.2,0.1,8
2649381,2006-11-06T17:34:17Z,-39.05,0.0,177.18,0.0,59.0,3.0,ML,,,,2.3,0.1,3
2649391,2006-11-06T18:09:52Z,-40.58,0.0,173.25,0.0,161.0,4.0,ML,,,,3.0,0.2,6
2649396,2006-11-06T18:25:01Z,-39.94,0.0,176.56,0.0,30.0,1.0,ML,,,,2.7,0.1,8
2649400,2006-11-06T18:43:14Z,-40.98,0.0,177.02,0.0,33.0,0.0,ML,,,,3.1,0.2,4
2649401,2006-11-06T18:48:57Z,-39.45,0.0,175.72,0.0,12.0,1.0,ML,,,,2.4,0.1,18
2649407,2006-11-06T19:08:52Z,-40.24,0.0,175.97,0.0,21.0,2.0,ML,,,,2.2,0.2,7
2649412,2006-11-06T19:24:16Z,-38.53,0.0,178.28,0.0,12.0,0.0,ML,,,,2.4,0.1,3
2649417,2006-11-06T19:38:33Z,-42.01,0.0,174.11,0.0,12.0,0.0,ML,,,,2.1,0.2,5
2649427,2006-11-06T20:18:40Z,-38.78,0.0,176.06,0.0,91.0,3.0,ML,,,,3.1,0.3,7
2649448,2006-11-06T21:28:33Z,-38.94,0.0,175.1,0.1,216.0,3.0,ML,,,,3.7,0.3,14
2649450,2006-11-06T21:33:48Z,-45.72,0.0,166.99,0.0,80.0,2.0,ML,,,,2.2,0.2,2
2649479,2006-11-06T23:10:48Z,-39.45,0.0,175.74,0.0,12.0,0.0,ML,,,,1.7,0.2,6
2649521,2006-11-07T01:33:33Z,-40.52,0.1,173.3,0.0,133.0,6.0,ML,,,,2.8,nan,1
2649532,2006-11-07T02:09:10Z,-40.54,0.0,174.69,0.0,29.0,2.0,ML,,,,2.4,0.1,6
2649560,2006-11-07T03:40:41Z,-40.96,0.0,174.9,0.0,33.0,1.0,ML,,,,2.2,0.2,6
2649579,2006-11-07T04:39:40Z,-39.93,0.0,176.69,0.0,49.0,3.0,ML,,,,2.6,0.2,4
2649583,2006-11-07T04:52:49Z,-44.15,0.0,168.62,0.0,5.0,0.0,ML,,,,3.6,0.1,13
2649600,2006-11-07T05:58:26Z,-39.46,0.0,175.72,0.0,11.0,1.0,ML,,,,2.2,0.1,11
2649614,2006-11-07T06:42:44Z,-38.28,0.0,175.82,0.1,169.0,6.0,ML,,,,3.3,0.2,5
2649668,2006-11-07T09:20:31Z,-45.24,0.0,167.22,0.0,59.0,1.0,ML,,,,2.5,0.2,3
2649699,2006-11-07T10:56:27Z,-45.2,0.0,167.01,0.0,5.0,0.0,ML,,,,3.3,0.1,9
2649741,2006-11-07T12:57:34Z,-45.08,0.0,167.6,0.1,119.0,5.0,ML,,,,2.7,0.4,6
2649769,2006-11-07T14:04:10Z,-39.22,0.0,177.58,0.1,20.0,4.0,ML,,,,2.7,0.1,4
2649770,2006-11-07T14:07:00Z,-41.7,0.0,172.5,0.0,5.0,0.0,ML,,,,2.1,0.2,7
2902198,2006-11-07T14:08:02Z,-44.98,0.0,167.56,0.0,83.0,4.0,ML,,,,2.2,0.1,7
2649773,2006-11-07T14:14:33Z,-45.18,0.0,166.88,0.0,12.0,0.0,ML,,,,2.0,0.2,3
2649778,2006-11-07T14:30:51Z,-38.64,0.0,177.68,0.0,31.0,3.0,ML,,,,2.8,0.1,4
2649810,2006-11-07T15:51:00Z,-37.68,0.0,177.0,0.0,136.0,2.0,ML,,,,2.9,0.1,2
2649823,2006-11-07T16:23:27Z,-40.05,0.0,176.9,0.0,42.0,3.0,ML,,,,3.6,0.3,17
2649824,2006-11-07T16:26:05Z,-39.31,0.0,177.63,0.0,48.0,4.0,ML,,,,3.4,0.2,7
2649861,2006-11-07T18:23:39Z,-45.2,0.0,166.95,0.1,5.0,0.0,ML,,,,2.6,0.3,7
2649874,2006-11-07T19:03:28Z,-44.22,0.0,168.66,0.0,5.0,0.0,ML,,,,2.0,0.4,5
2649877,2006-11-07T19:13:20Z,-45.12,0.0,167.27,0.0,23.0,3.0,ML,,,,2.4,0.3,4
2649926,2006-11-07T21:19:03Z,-45.14,0.0,167.01,0.0,5.0,0.0,ML,,,,2.8,0.2,8
2649958,2006-11-07T22:42:09Z,-41.76,0.0,174.29,0.0,16.0,1.0,ML,,,,2.1,0.1,3
2649967,2006-11-07T23:04:38Z,-39.16,0.0,175.63,0.0,1.0,0.0,ML,,,,1.4,0.1,1
2649969,2006-11-07T23:09:33Z,-40.71,0.0,173.09,0.1,185.0,6.0,ML,,,,2.9,nan,1
2649971,2006-11-07T23:16:59Z,-40.14,0.0,176.61,0.0,52.0,4.0,ML,,,,3.0,0.2,5
2649983,2006-11-07T23:49:49Z,-45.46,0.0,166.76,0.0,18.0,2.0,ML,,,,2.1,0.1,3
2650018,2006-11-08T01:24:52Z,-44.86,0.0,167.52,0.0,5.0,0.0,ML,,,,1.8,0.2,3
2650049,2006-11-08T02:42:41Z,-35.51,0.1,177.99,0.3,33.0,0.0,ML,,,,4.1,0.2,3
2650127,2006-11-08T05:57:19Z,-40.03,0.0,176.76,0.0,46.0,2.0,ML,,,,3.8,0.3,20
2650129,2006-11-08T06:03:54Z,-39.84,0.0,178.16,0.1,33.0,0.0,ML,,,,3.1,0.2,3
2650135,2006-11-08T06:26:04Z,-41.66,0.0,172.43,0.0,5.0,0.0,ML,,,,2.1,0.1,3
2650173,2006-11-08T08:16:58Z,-44.14,0.0,168.71,0.0,5.0,0.0,ML,,,,2.1,0.2,7
2650203,2006-11-08T09:44:56Z,-41.27,0.0,175.24,0.0,26.0,1.0,ML,,,,1.9,0.1,6
2650240,2006-11-08T11:26:25Z,-44.22,0.0,169.0,0.0,5.0,0.0,ML,,,,1.7,0.2,4
2650245,2006-11-08T11:36:54Z,-39.28,0.0,175.56,0.0,0.0,0.0,ML,,,,1.6,0.3,4
2650252,2006-11-08T11:56:28Z,-42.64,0.0,173.18,0.0,33.0,0.0,ML,,,,3.1,0.1,9
2650309,2006-11-08T14:51:29Z,-41.39,0.0,172.35,0.0,5.0,0.0,ML,,,,2.1,0.1,3
2650313,2006-11-08T15:05:34Z,-41.2,0.0,172.81,0.0,138.0,3.0,ML,,,,2.1,0.1,2
2650329,2006-11-08T15:58:21Z,-38.53,0.0,177.87,0.0,32.0,2.0,ML,,,,2.9,0.4,4
2650339,2006-11-08T16:28:31Z,-39.56,0.1,178.31,0.1,33.0,0.0,ML,,,,3.1,0.3,4
2650344,2006-11-08T16:48:23Z,-41.08,0.0,175.53,0.0,5.0,0.0,ML,,,,2.3,0.1,7
2650349,2006-11-08T17:11:07Z,-37.88,0.1,176.04,0.0,203.0,4.0,ML,,,,3.8,0.1,9
2650360,2006-11-08T18:04:05Z,-39.22,0.0,175.86,0.0,68.0,2.0,ML,,,,2.8,0.2,3
2650376,2006-11-08T18:58:12Z,-40.97,0.0,177.02,0.0,33.0,0.0,ML,,,,3.0,0.2,5
2650427,2006-11-08T22:06:50Z,-42.0,0.0,174.27,0.0,12.0,0.0,ML,,,,3.7,0.2,31
2650449,2006-11-08T23:11:24Z,-42.28,0.0,173.01,0.0,5.0,0.0,ML,,,,2.6,0.3,5
2650463,2006-11-09T00:00:17Z,-41.94,0.0,174.32,0.0,19.0,3.0,ML,,,,3.3,0.2,21
2650506,2006-11-09T02:06:32Z,-40.21,0.0,174.55,0.0,33.0,0.0,ML,,,,3.0,0.2,22
2650527,2006-11-09T03:08:57Z,-41.64,0.0,172.42,0.0,5.0,0.0,ML,,,,2.6,0.2,8
2650543,2006-11-09T04:02:29Z,-44.1,0.0,171.13,0.0,5.0,0.0,ML,,,,3.0,0.3,8
2650591,2006-11-09T07:03:35Z,-37.85,0.0,177.81,0.0,71.0,3.0,ML,,,,3.9,0.3,11
2650626,2006-11-09T09:28:37Z,-40.28,0.0,176.44,0.0,40.0,5.0,ML,,,,2.2,0.2,3
2650635,2006-11-09T10:00:55Z,-40.87,0.0,175.75,0.0,30.0,1.0,ML,,,,3.0,0.2,22
2650639,2006-11-09T10:13:56Z,-44.66,0.0,168.65,0.0,5.0,0.0,ML,,,,2.3,0.1,9
2902645,2006-11-09T12:04:46Z,-37.6,0.0,177.19,0.0,14.0,1.0,ML,,,,2.0,0.0,2
2650668,2006-11-09T12:05:13Z,-38.85,0.0,174.76,0.0,209.0,6.0,ML,,,,3.0,0.5,2
2650671,2006-11-09T12:08:10Z,-44.53,0.0,168.59,0.0,5.0,0.0,ML,,,,2.0,0.2,7
2902648,2006-11-09T12:08:20Z,-40.41,0.1,175.78,0.0,51.0,8.0,ML,,,,2.1,0.1,2
2650673,2006-11-09T12:21:44Z,-38.85,0.0,177.78,0.0,39.0,3.0,ML,,,,2.9,0.3,4
2650688,2006-11-09T13:05:39Z,-42.75,0.0,172.95,0.0,33.0,2.0,ML,,,,2.7,0.3,8
2650694,2006-11-09T13:22:34Z,-40.64,0.0,174.88,0.0,12.0,0.0,ML,,,,2.2,0.2,11
2650706,2006-11-09T13:59:49Z,-38.83,0.0,177.74,0.0,34.0,3.0,ML,,,,2.7,0.3,4
2650713,2006-11-09T14:22:11Z,-41.35,0.0,173.37,0.0,79.0,2.0,ML,,,,2.3,0.3,3
2650743,2006-11-09T15:56:51Z,-41.09,0.0,174.67,0.0,32.0,1.0,ML,,,,2.3,0.2,7
2650756,2006-11-09T16:44:59Z,-41.28,0.0,172.9,0.0,112.0,4.0,ML,,,,2.3,0.3,2
2650758,2006-11-09T16:49:15Z,-39.43,0.0,175.33,0.0,5.0,0.0,ML,,,,1.6,0.2,7
2650761,2006-11-09T16:56:35Z,-40.65,0.0,174.56,0.0,48.0,3.0,ML,,,,2.2,0.2,8
2650796,2006-11-09T19:11:06Z,-39.26,0.0,175.96,0.0,61.0,3.0,ML,,,,2.6,0.2,4
2650810,2006-11-09T19:56:18Z,-41.48,0.0,172.51,0.0,105.0,3.0,ML,,,,2.9,0.1,3
2650830,2006-11-09T21:05:36Z,-33.89,0.1,176.1,0.2,33.0,0.0,ML,,,,4.3,0.5,12
2650845,2006-11-09T21:44:51Z,-39.37,0.0,175.21,0.0,32.0,1.0,ML,,,,2.2,0.1,7
2650875,2006-11-09T23:05:02Z,-39.2,0.0,175.09,0.0,5.0,0.0,ML,,,,2.1,0.2,11
2650904,2006-11-10T00:24:16Z,-41.28,0.0,172.95,0.0,116.0,4.0,ML,,,,2.9,0.2,5
2650920,2006-11-10T01:09:16Z,-46.14,0.0,167.33,0.0,5.0,0.0,ML,,,,2.4,0.3,5
2650922,2006-11-10T01:20:07Z,-45.08,0.0,167.47,0.0,83.0,2.0,ML,,,,3.2,0.1,8
2650930,2006-11-10T01:48:51Z,-40.36,0.0,176.0,0.0,53.0,2.0,ML,,,,2.2,0.0,3
2650991,2006-11-10T05:10:58Z,-41.28,0.0,175.16,0.0,8.0,2.0,ML,,,,1.6,0.1,6
2651001,2006-11-10T05:52:08Z,-39.19,0.0,175.56,0.0,92.0,2.0,ML,,,,3.1,0.2,13
2651033,2006-11-10T07:35:37Z,-37.98,0.1,177.57,0.0,76.0,8.0,ML,,,,2.3,0.2,3
2904093,2006-11-10T07:35:52Z,-41.88,0.0,174.01,0.0,21.0,3.0,ML,,,,2.1,0.2,3
2651045,2006-11-10T08:22:13Z,-38.25,0.0,177.6,0.0,5.0,0.0,ML,,,,3.0,0.2,5
2651049,2006-11-10T08:36:00Z,-39.57,0.0,175.65,0.0,20.0,2.0,ML,,,,1.8,0.1,8
2651067,2006-11-10T09:40:39Z,-45.2,0.0,167.35,0.0,64.0,2.0,ML,,,,2.6,0.2,9
2651069,2006-11-10T09:51:05Z,-41.21,0.0,172.36,0.0,12.0,0.0,ML,,,,1.9,0.2,4
2651076,2006-11-10T10:14:54Z,-37.83,0.0,176.17,0.0,244.0,3.0,ML,,,,3.8,0.2,6
2651096,2006-11-10T11:31:32Z,-45.67,0.0,166.55,0.0,5.0,0.0,ML,,,,2.5,0.2,8
2651103,2006-11-10T12:01:06Z,-44.13,0.0,168.71,0.1,5.0,0.0,ML,,,,1.9,0.2,5
2651117,2006-11-10T12:46:30Z,-35.38,0.1,179.07,0.1,232.0,12.0,ML,,,,3.6,0.3,4
2651121,2006-11-10T13:03:46Z,-39.26,0.0,176.44,0.0,42.0,2.0,ML,,,,2.5,0.3,5
2651128,2006-11-10T13:28:07Z,-38.28,0.1,178.28,0.0,47.0,4.0,ML,,,,2.3,0.1,3
2651133,2006-11-10T13:47:49Z,-44.63,0.0,168.61,0.0,5.0,0.0,ML,,,,1.9,0.2,7
2651141,2006-11-10T14:15:22Z,-39.25,0.0,177.67,0.0,35.0,2.0,ML,,,,2.0,0.4,2
2651147,2006-11-10T14:38:45Z,-41.55,0.0,173.95,0.0,39.0,3.0,ML,,,,2.0,0.3,4
2651149,2006-11-10T14:48:12Z,-45.27,0.0,167.39,0.0,97.0,2.0,ML,,,,3.0,0.1,6
2651160,2006-11-10T15:31:11Z,-45.15,0.0,167.14,0.0,5.0,0.0,ML,,,,2.0,0.1,5
2651170,2006-11-10T15:58:07Z,-35.38,0.1,173.45,0.1,33.0,0.0,ML,,,,2.7,0.3,3
2905387,2006-11-10T15:59:59Z,-41.35,0.0,175.62,0.0,17.0,1.0,ML,,,,2.0,0.1,6
2651189,2006-11-10T16:39:01Z,-38.69,0.0,178.55,0.0,12.0,0.0,ML,,,,2.7,0.3,4
2651215,2006-11-10T18:03:04Z,-39.39,0.0,177.32,0.0,44.0,5.0,ML,,,,2.2,0.3,2
2651225,2006-11-10T18:33:45Z,-39.51,0.0,177.05,0.0,12.0,0.0,ML,,,,2.8,0.2,6
2651247,2006-11-10T19:41:43Z,-40.4,0.0,176.67,0.0,12.0,0.0,ML,,,,2.5,0.1,4
2651251,2006-11-10T19:56:07Z,-39.8,0.0,176.61,0.0,21.0,6.0,ML,,,,2.2,0.1,2
2651253,2006-11-10T20:03:56Z,-37.51,0.1,176.11,0.1,281.0,4.0,ML,,,,3.7,0.2,12
2651263,2006-11-10T20:34:24Z,-38.53,0.0,178.79,0.0,12.0,0.0,ML,,,,2.6,0.1,3
2651274,2006-11-10T21:25:56Z,-41.14,0.0,173.61,0.0,70.0,2.0,ML,,,,2.5,0.2,5
2651428,2006-11-10T23:21:47Z,-39.99,0.0,175.12,0.0,41.0,4.0,ML,,,,2.8,0.2,5
2651352,2006-11-11T00:52:18Z,-40.17,0.0,175.15,0.0,30.0,3.0,ML,,,,2.9,0.1,14
2651318,2006-11-11T01:05:26Z,-39.32,0.0,175.01,0.1,191.0,3.0,ML,,,,3.5,0.1,6
2651368,2006-11-11T01:54:32Z,-40.18,0.1,173.14,0.0,5.0,0.0,ML,,,,2.8,0.2,5
2651357,2006-11-11T02:28:55Z,-44.14,0.0,168.59,0.0,5.0,0.0,ML,,,,3.1,0.2,6
2651373,2006-11-11T03:24:44Z,-39.55,0.0,175.63,0.0,17.0,4.0,ML,,,,1.9,0.2,6
2651425,2006-11-11T04:27:22Z,-37.09,0.0,177.52,0.0,5.0,0.0,ML,,,,3.5,0.1,4
2651323,2006-11-11T04:38:31Z,-38.6,0.0,175.86,0.0,143.0,3.0,ML,,,,3.6,0.2,8
2904006,2006-11-11T04:39:24Z,-40.45,0.0,173.99,0.0,84.0,4.0,ML,,,,3.1,0.2,5
2651361,2006-11-11T05:14:51Z,-41.67,0.0,174.55,0.0,27.0,2.0,ML,,,,2.4,0.1,5
2651454,2006-11-11T06:18:29Z,-39.6,0.0,174.42,0.0,141.0,6.0,ML,,,,3.2,0.1,2
2651311,2006-11-11T07:38:21Z,-39.28,0.0,175.05,0.0,29.0,1.0,ML,,,,2.2,0.1,8
2904481,2006-11-11T07:38:38Z,-39.28,0.0,175.08,0.1,27.0,9.0,ML,,,,1.7,0.1,7
2651385,2006-11-11T08:00:04Z,-46.66,0.1,165.66,0.2,33.0,0.0,ML,,,,3.1,0.1,4
2651488,2006-11-11T08:54:26Z,-41.34,0.0,173.35,0.0,105.0,2.0,ML,,,,3.0,0.1,6
2651490,2006-11-11T08:57:01Z,-40.58,0.0,176.19,0.0,33.0,1.0,ML,,,,2.8,0.2,5
2651505,2006-11-11T10:01:33Z,-40.29,0.0,174.4,0.0,33.0,0.0,ML,,,,2.3,0.2,7
2651510,2006-11-11T10:06:50Z,-45.13,0.0,167.49,0.0,123.0,1.0,ML,,,,3.2,0.2,5
2651586,2006-11-11T11:34:07Z,-39.11,0.0,176.21,0.0,54.0,3.0,ML,,,,2.5,0.2,2
2651653,2006-11-11T13:40:47Z,-43.38,0.0,170.56,0.0,5.0,0.0,ML,,,,2.2,0.1,4
2651669,2006-11-11T14:17:44Z,-47.34,0.0,166.01,0.1,5.0,0.0,ML,,,,3.0,0.3,5
2651675,2006-11-11T14:34:45Z,-38.25,0.0,178.48,0.0,24.0,2.0,ML,,,,2.8,0.2,4
2651753,2006-11-11T17:33:22Z,-45.05,0.0,167.41,0.0,92.0,3.0,ML,,,,2.8,0.1,4
2651754,2006-11-11T17:35:56Z,-45.31,0.0,166.79,0.0,24.0,1.0,ML,,,,2.7,0.2,7
2651786,2006-11-11T18:49:18Z,-40.56,0.0,176.75,0.0,33.0,0.0,ML,,,,2.9,0.1,4
2651809,2006-11-11T19:40:04Z,-45.19,0.0,166.79,0.0,12.0,0.0,ML,,,,2.5,0.3,5
2651824,2006-11-11T20:16:33Z,-38.47,0.0,178.09,0.0,12.0,0.0,ML,,,,2.4,0.1,2
2651867,2006-11-11T20:40:15Z,-35.55,0.1,178.0,0.1,33.0,0.0,ML,,,,3.4,0.0,2
2651874,2006-11-11T21:00:21Z,-36.32,0.1,178.91,0.2,33.0,0.0,ML,,,,3.1,0.2,3
2651875,2006-11-11T21:04:11Z,-45.57,0.0,167.33,0.0,11.0,1.0,ML,,,,2.4,0.1,5
2651890,2006-11-11T21:44:52Z,-44.2,0.0,168.64,0.1,5.0,0.0,ML,,,,2.3,0.3,5
2651926,2006-11-11T23:19:49Z,-40.22,0.1,174.47,0.0,94.0,8.0,ML,,,,2.4,0.0,2
2651929,2006-11-11T23:30:00Z,-41.19,0.0,174.78,0.0,31.0,1.0,ML,,,,2.1,0.1,5
2651933,2006-11-11T23:40:19Z,-38.46,0.1,178.22,0.1,12.0,0.0,ML,,,,2.4,0.2,2
2651950,2006-11-12T00:30:22Z,-41.21,0.0,174.38,0.0,14.0,0.0,ML,,,,2.1,0.2,5
2651952,2006-11-12T00:39:00Z,-39.31,0.0,175.98,0.0,61.0,2.0,ML,,,,3.2,0.1,9
2651953,2006-11-12T00:41:39Z,-45.55,0.0,166.84,0.1,12.0,0.0,ML,,,,3.0,0.1,8
2651962,2006-11-12T01:07:11Z,-45.02,0.0,167.67,0.0,82.0,5.0,ML,,,,2.5,0.1,6
2651994,2006-11-12T01:23:46Z,-45.68,0.0,166.95,0.1,5.0,0.0,ML,,,,2.5,0.1,4
2652202,2006-11-12T03:53:50Z,-37.78,0.1,177.68,0.0,72.0,8.0,ML,,,,2.5,0.1,3
2904032,2006-11-12T05:35:32Z,-45.54,0.0,166.01,0.0,5.0,0.0,ML,,,,2.6,0.0,2
2652236,2006-11-12T05:36:52Z,-40.54,0.0,174.08,0.0,87.0,2.0,ML,,,,2.6,nan,1
2652241,2006-11-12T05:50:52Z,-40.81,0.0,174.69,0.0,34.0,1.0,ML,,,,2.3,0.2,6
2652249,2006-11-12T06:11:39Z,-40.56,0.0,176.16,0.0,42.0,2.0,ML,,,,3.2,0.2,15
2652267,2006-11-12T06:54:14Z,-45.97,0.0,170.3,0.0,5.0,0.0,ML,,,,2.1,0.1,3
2652278,2006-11-12T07:21:47Z,-45.08,0.0,167.45,0.0,98.0,2.0,ML,,,,3.3,0.2,9
2652298,2006-11-12T08:09:37Z,-45.11,0.0,167.2,0.0,28.0,2.0,ML,,,,2.4,0.1,7
2652302,2006-11-12T08:19:18Z,-40.28,0.0,176.58,0.0,17.0,3.0,ML,,,,2.6,0.2,6
2904042,2006-11-12T09:58:40Z,-43.11,0.1,171.49,0.0,5.0,0.0,ML,,,,2.0,0.2,3
2652339,2006-11-12T09:58:47Z,-45.57,0.0,167.38,0.0,5.0,0.0,ML,,,,2.3,0.1,6
2652363,2006-11-12T11:00:57Z,-44.99,0.0,167.49,0.0,96.0,4.0,ML,,,,2.7,0.2,9
2652371,2006-11-12T11:16:07Z,-45.11,0.0,167.36,0.0,86.0,2.0,ML,,,,2.6,0.1,9
2652374,2006-11-12T11:34:19Z,-41.25,0.0,175.32,0.0,26.0,1.0,ML,,,,2.1,0.1,6
2652375,2006-11-12T11:35:24Z,-41.68,0.0,174.37,0.0,12.0,0.0,ML,,,,2.0,0.4,6
2652383,2006-11-12T12:05:04Z,-41.26,0.0,174.83,0.0,26.0,1.0,ML,,,,2.0,0.1,10
2652387,2006-11-12T12:15:29Z,-41.7,0.0,172.52,0.0,5.0,0.0,ML,,,,2.7,0.2,14
2652395,2006-11-12T12:36:30Z,-39.71,0.0,174.58,0.0,118.0,4.0,ML,,,,3.0,0.2,8
2652403,2006-11-12T12:55:35Z,-38.28,0.1,176.14,0.1,154.0,7.0,ML,,,,3.4,0.2,8
2652424,2006-11-12T14:10:37Z,-45.27,0.0,166.77,0.0,12.0,0.0,ML,,,,2.0,0.3,4
2652436,2006-11-12T14:52:54Z,-40.83,0.0,175.17,0.0,33.0,1.0,ML,,,,2.1,0.2,5
2652441,2006-11-12T15:13:51Z,-45.16,0.0,167.4,0.0,76.0,1.0,ML,,,,2.7,0.1,10
2652444,2006-11-12T15:25:19Z,-39.35,0.0,175.5,0.0,10.0,1.0,ML,,,,2.6,0.2,21
2652448,2006-11-12T15:47:37Z,-44.96,0.0,167.5,0.0,71.0,2.0,ML,,,,2.8,0.1,10
2904057,2006-11-12T15:47:40Z,-39.11,0.0,177.53,0.0,33.0,0.0,ML,,,,2.2,0.1,3
2652463,2006-11-12T16:30:33Z,-36.74,0.2,177.57,0.2,231.0,12.0,ML,,,,3.2,0.0,3
2652466,2006-11-12T16:45:57Z,-37.17,0.0,177.41,0.0,5.0,0.0,ML,,,,2.8,0.2,5
2652480,2006-11-12T17:41:47Z,-45.04,0.0,167.94,0.0,22.0,2.0,ML,,,,2.0,0.2,3
2652511,2006-11-12T19:25:53Z,-37.82,0.0,177.71,0.0,85.0,5.0,ML,,,,2.8,0.1,4
2652512,2006-11-12T19:29:31Z,-38.13,0.0,176.64,0.0,92.0,4.0,ML,,,,2.8,0.1,3
2652514,2006-11-12T19:39:50Z,-41.27,0.0,175.24,0.0,27.0,1.0,ML,,,,2.0,0.1,8
2652529,2006-11-12T20:20:54Z,-39.11,0.0,177.53,0.0,33.0,0.0,ML,,,,2.6,0.1,4
2652550,2006-11-12T21:33:32Z,-35.55,0.0,178.78,0.1,33.0,0.0,ML,,,,3.6,0.2,7
2652563,2006-11-12T22:08:09Z,-43.93,0.0,169.05,0.0,5.0,0.0,ML,,,,1.8,0.2,3
2652566,2006-11-12T22:15:57Z,-42.09,0.0,171.53,0.0,5.0,0.0,ML,,,,2.5,0.1,4
2652576,2006-11-12T22:43:40Z,-40.56,0.0,173.41,0.0,146.0,4.0,ML,,,,3.0,0.2,5
2652581,2006-11-12T22:55:26Z,-44.16,0.0,168.58,0.0,5.0,0.0,ML,,,,3.2,0.2,9
2652584,2006-11-12T23:00:39Z,-44.86,0.0,167.65,0.1,81.0,9.0,ML,,,,2.2,0.1,4
2652590,2006-11-12T23:16:02Z,-45.15,0.0,167.42,0.0,79.0,2.0,ML,,,,2.8,0.1,5
2652644,2006-11-13T01:54:16Z,-40.15,0.0,174.46,0.0,71.0,7.0,ML,,,,2.3,0.1,3
2652668,2006-11-13T02:56:05Z,-40.3,0.0,174.6,0.0,55.0,5.0,ML,,,,2.4,0.1,3
2652681,2006-11-13T03:32:45Z,-39.21,0.0,174.7,0.0,25.0,2.0,ML,,,,2.4,0.2,6
2652684,2006-11-13T03:45:18Z,-40.13,0.0,174.4,0.0,91.0,7.0,ML,,,,2.9,0.1,2
2652712,2006-11-13T05:13:53Z,-38.65,0.0,176.55,0.0,60.0,2.0,ML,,,,2.8,0.2,3
2652742,2006-11-13T06:52:50Z,-39.32,0.0,175.1,0.0,32.0,1.0,ML,,,,2.6,0.1,14
2652777,2006-11-13T08:42:28Z,-45.18,0.0,166.22,0.1,12.0,0.0,ML,,,,2.6,0.2,5
2652787,2006-11-13T09:20:36Z,-38.09,0.1,176.75,0.0,5.0,0.0,ML,,,,1.9,0.0,2
2652799,2006-11-13T09:59:43Z,-42.06,0.0,172.83,0.0,62.0,2.0,ML,,,,1.7,nan,1
2652809,2006-11-13T10:25:53Z,-41.4,0.0,174.83,0.0,12.0,1.0,ML,,,,2.7,0.2,13
2652826,2006-11-13T11:22:00Z,-42.15,0.0,173.63,0.0,56.0,7.0,ML,,,,1.7,0.2,2
2652830,2006-11-13T11:33:21Z,-40.69,0.0,174.37,0.0,50.0,3.0,ML,,,,2.8,0.1,8
2652898,2006-11-13T15:09:42Z,-45.64,0.0,167.05,0.0,79.0,2.0,ML,,,,3.5,0.2,8
2652907,2006-11-13T15:38:33Z,-41.7,0.0,174.22,0.0,31.0,1.0,ML,,,,2.6,0.1,7
2652917,2006-11-13T16:01:09Z,-38.7,0.0,175.27,0.0,216.0,3.0,ML,,,,4.1,0.2,20
2652929,2006-11-13T16:29:00Z,-38.61,0.0,176.09,0.0,5.0,0.0,ML,,,,1.5,0.1,3
2652961,2006-11-13T18:03:55Z,-38.8,0.0,178.17,0.1,25.0,5.0,ML,,,,2.4,0.2,2
2652975,2006-11-13T18:41:39Z,-38.25,0.0,178.88,0.0,30.0,1.0,ML,,,,2.5,0.1,3
2653066,2006-11-13T20:44:02Z,-44.52,0.0,168.36,0.0,5.0,0.0,ML,,,,2.7,0.2,5
2653020,2006-11-13T20:48:21Z,-44.51,0.0,168.37,0.0,5.0,0.0,ML,,,,2.5,0.2,7
2653030,2006-11-13T21:12:51Z,-36.12,0.1,177.89,0.1,191.0,7.0,ML,,,,3.3,0.1,3
2653082,2006-11-13T23:11:28Z,-40.02,0.0,176.74,0.0,44.0,2.0,ML,,,,2.8,0.1,4
2904405,2006-11-14T00:19:17Z,-40.32,0.0,174.23,0.0,12.0,0.0,ML,,,,2.4,0.0,3
2653121,2006-11-14T00:51:25Z,-39.21,0.0,175.01,0.0,5.0,0.0,ML,,,,2.2,0.1,6
2653127,2006-11-14T01:03:58Z,-45.12,0.0,167.41,0.0,118.0,4.0,ML,,,,3.0,0.2,6
2653152,2006-11-14T02:09:31Z,-38.12,0.0,176.41,0.0,5.0,0.0,ML,,,,1.8,0.1,1
2653183,2006-11-14T03:12:17Z,-41.18,0.0,174.79,0.0,32.0,0.0,ML,,,,3.5,0.2,23
2653229,2006-11-14T05:34:59Z,-41.21,0.0,174.8,0.0,30.0,1.0,ML,,,,2.5,0.2,10
2653299,2006-11-14T08:42:18Z,-41.89,0.0,171.69,0.0,5.0,0.0,ML,,,,2.8,0.3,6
2653305,2006-11-14T08:56:48Z,-41.57,0.0,174.18,0.0,14.0,2.0,ML,,,,2.3,0.2,6
2653376,2006-11-14T11:58:39Z,-44.69,0.0,168.15,0.0,85.0,4.0,ML,,,,2.6,0.2,8
2653398,2006-11-14T12:51:42Z,-41.61,0.0,174.69,0.0,31.0,1.0,ML,,,,2.9,0.2,15
2653402,2006-11-14T13:02:54Z,-45.36,0.0,167.26,0.0,81.0,2.0,ML,,,,2.9,0.2,10
2653681,2006-11-14T14:24:58Z,-39.16,0.0,175.63,0.0,1.0,0.0,ML,,,,1.3,0.1,2
2653433,2006-11-14T14:25:21Z,-46.9,0.1,165.74,0.1,10.0,0.0,ML,,,,2.9,0.3,3
2653451,2006-11-14T15:17:52Z,-45.15,0.0,167.14,0.0,54.0,3.0,ML,,,,2.6,0.3,10
2653452,2006-11-14T15:21:21Z,-38.11,0.0,176.44,0.0,144.0,3.0,ML,,,,3.5,0.2,6
2653472,2006-11-14T16:11:55Z,-38.09,0.0,176.51,0.0,5.0,0.0,ML,,,,2.7,0.2,4
2653488,2006-11-14T16:58:24Z,-37.68,0.0,176.97,0.1,126.0,5.0,ML,,,,3.1,0.0,4
2653507,2006-11-14T17:55:13Z,-38.59,0.0,175.8,0.0,149.0,3.0,ML,,,,3.7,0.2,13
2653552,2006-11-14T19:57:11Z,-38.36,0.0,177.94,0.0,58.0,3.0,ML,,,,2.7,0.1,2
2653553,2006-11-14T19:58:10Z,-37.46,0.0,178.91,0.0,24.0,2.0,Mw,4.7,nan,0,4.8,0.2,56
2653639,2006-11-15T00:25:53Z,-38.79,0.0,178.24,0.1,33.0,0.0,ML,,,,2.5,0.2,2
2653652,2006-11-15T00:56:32Z,-41.04,0.0,174.54,0.0,12.0,0.0,ML,,,,2.1,0.3,4
2653703,2006-11-15T03:22:29Z,-44.81,0.0,166.97,0.0,5.0,0.0,ML,,,,2.8,0.3,9
2653717,2006-11-15T04:22:12Z,-40.24,0.0,174.05,0.0,111.0,3.0,ML,,,,2.8,0.1,4
2653718,2006-11-15T04:27:22Z,-41.37,0.0,173.77,0.0,50.0,1.0,ML,,,,2.3,0.3,4
2653763,2006-11-15T07:04:41Z,-41.81,0.0,172.35,0.0,83.0,3.0,ML,,,,1.7,nan,1
2653997,2006-11-15T07:32:50Z,-37.08,0.0,177.48,0.0,105.0,5.0,ML,,,,3.1,0.1,4
2653772,2006-11-15T07:33:25Z,-39.5,0.0,175.71,0.0,17.0,1.0,ML,,,,2.2,0.1,10
2653779,2006-11-15T07:55:27Z,-37.42,0.0,178.85,0.0,12.0,0.0,ML,,,,2.9,0.1,4
2653782,2006-11-15T08:03:41Z,-41.04,0.0,174.73,0.0,31.0,1.0,ML,,,,2.1,0.1,6
2653794,2006-11-15T08:55:26Z,-44.86,0.0,167.84,0.0,77.0,6.0,ML,,,,2.2,0.1,2
2653835,2006-11-15T11:05:29Z,-35.9,0.1,178.48,0.2,213.0,8.0,ML,,,,4.2,0.2,5
2653841,2006-11-15T11:27:42Z,-45.1,0.0,167.34,0.0,84.0,1.0,ML,,,,4.3,0.2,17
2653870,2006-11-15T13:16:35Z,-41.89,0.0,172.53,0.0,5.0,0.0,ML,,,,2.4,0.2,5
2653885,2006-11-15T14:04:06Z,-38.52,0.0,176.03,0.0,5.0,0.0,ML,,,,1.6,0.3,2
2653886,2006-11-15T14:08:30Z,-38.54,0.0,176.05,0.0,5.0,0.0,ML,,,,1.4,nan,1
2653891,2006-11-15T14:25:44Z,-38.09,0.0,178.96,0.1,33.0,0.0,ML,,,,2.7,0.2,3
2653986,2006-11-15T14:26:03Z,-38.57,0.0,176.01,0.0,5.0,0.0,ML,,,,1.9,0.2,4
2653904,2006-11-15T15:05:30Z,-37.42,0.0,176.92,0.0,165.0,2.0,ML,,,,4.1,0.2,17
2653931,2006-11-15T16:32:11Z,-39.12,0.0,177.59,0.0,41.0,2.0,ML,,,,2.8,0.1,4
2653938,2006-11-15T16:56:16Z,-47.4,0.1,165.41,0.1,33.0,0.0,ML,,,,3.0,0.3,2
2653945,2006-11-15T17:25:34Z,-38.11,0.0,176.66,0.0,5.0,0.0,ML,,,,1.5,0.0,1
2653952,2006-11-15T17:49:54Z,-45.19,0.0,166.98,0.0,23.0,0.0,ML,,,,2.0,0.1,2
2653967,2006-11-15T18:41:28Z,-39.51,0.0,174.98,0.0,109.0,4.0,ML,,,,2.9,0.1,3
2904498,2006-11-15T21:09:12Z,-45.96,0.0,170.38,0.0,5.0,0.0,ML,,,,2.0,0.1,2
2654010,2006-11-15T21:10:00Z,-37.97,0.0,176.6,0.0,126.0,1.0,ML,,,,3.5,0.1,8
2654018,2006-11-15T21:42:48Z,-38.34,0.0,177.68,0.0,59.0,1.0,ML,,,,2.5,0.1,2
2654040,2006-11-15T22:56:14Z,-38.1,0.0,176.31,0.0,160.0,2.0,ML,,,,4.9,0.2,23
2654051,2006-11-15T23:34:40Z,-42.04,0.0,172.0,0.0,84.0,5.0,ML,,,,2.4,0.3,2
2904506,2006-11-15T23:35:22Z,-41.2,0.0,173.35,0.0,95.0,3.0,ML,,,,2.1,0.1,2
2654052,2006-11-15T23:42:42Z,-41.28,0.0,175.24,0.0,25.0,1.0,ML,,,,2.2,0.1,4
2654058,2006-11-16T00:04:38Z,-39.25,0.0,177.52,0.0,36.0,3.0,ML,,,,2.6,0.0,2
2654068,2006-11-16T00:41:58Z,-40.69,0.0,176.44,0.0,27.0,1.0,ML,,,,2.6,0.1,4
2654085,2006-11-16T01:31:55Z,-41.91,0.0,171.7,0.0,5.0,0.0,ML,,,,2.7,0.1,5
2654099,2006-11-16T02:19:55Z,-41.22,0.0,172.69,0.0,203.0,4.0,ML,,,,3.6,0.2,8
2654101,2006-11-16T02:27:36Z,-40.27,0.0,175.51,0.0,32.0,2.0,ML,,,,2.4,0.1,8
2654140,2006-11-16T04:20:20Z,-41.35,0.0,174.36,0.0,61.0,3.0,ML,,,,2.4,0.1,3
2654171,2006-11-16T05:51:35Z,-37.23,0.1,177.09,0.1,154.0,6.0,ML,,,,3.6,0.2,7
2654174,2006-11-16T05:57:49Z,-41.71,0.0,172.28,0.0,94.0,2.0,ML,,,,2.5,0.3,2
2654201,2006-11-16T07:22:40Z,-43.86,0.0,167.28,0.0,5.0,0.0,ML,,,,3.0,0.2,8
2654205,2006-11-16T07:40:06Z,-44.05,0.1,167.43,0.1,5.0,0.0,ML,,,,2.7,0.2,5
2654268,2006-11-16T10:45:24Z,-40.85,0.0,174.6,0.0,51.0,1.0,ML,,,,2.5,0.2,5
2908321,2006-11-16T10:46:42Z,-43.56,0.0,172.7,0.1,17.0,1.0,ML,,,,1.9,0.2,3
2654272,2006-11-16T10:58:22Z,-41.57,0.0,173.48,0.0,64.0,2.0,ML,,,,2.2,0.0,2
2654290,2006-11-16T11:40:08Z,-40.04,0.0,176.53,0.0,35.0,2.0,ML,,,,2.8,0.1,4
2654292,2006-11-16T11:47:04Z,-38.11,0.0,177.92,0.0,57.0,3.0,ML,,,,2.6,0.0,3
2654353,2006-11-16T14:13:26Z,-41.68,0.0,172.12,0.0,12.0,0.0,ML,,,,1.9,0.3,3
2654413,2006-11-16T16:59:22Z,-38.61,0.0,175.74,0.0,160.0,2.0,ML,,,,4.5,0.2,22
2654416,2006-11-16T17:18:48Z,-41.17,0.0,173.86,0.0,58.0,2.0,ML,,,,2.6,0.2,6
2654468,2006-11-16T19:54:50Z,-41.59,0.0,173.92,0.0,11.0,2.0,ML,,,,2.7,0.3,7
2654485,2006-11-16T20:42:07Z,-41.25,0.0,174.39,0.0,14.0,2.0,ML,,,,2.3,0.2,8
2654503,2006-11-16T21:27:50Z,-44.13,0.0,169.75,0.0,12.0,0.0,ML,,,,2.4,0.1,7
2654520,2006-11-16T22:18:51Z,-38.16,0.0,176.38,0.0,130.0,3.0,ML,,,,3.4,0.3,5
2654523,2006-11-16T22:22:35Z,-36.24,0.0,177.84,0.0,208.0,3.0,ML,,,,3.4,0.1,3
2654530,2006-11-16T22:42:08Z,-41.04,0.0,174.17,0.0,58.0,1.0,Mw,4.1,nan,0,4.6,0.2,23
2654532,2006-11-16T22:49:20Z,-41.07,0.0,174.14,0.0,55.0,1.0,ML,,,,2.5,0.1,5
2654537,2006-11-16T23:01:51Z,-44.92,0.0,166.98,0.1,12.0,0.0,ML,,,,2.6,0.3,7
2654547,2006-11-16T23:39:56Z,-42.8,0.0,172.78,0.0,33.0,0.0,ML,,,,2.6,0.2,5
2654601,2006-11-17T01:56:31Z,-41.33,0.0,172.63,0.0,151.0,5.0,ML,,,,2.9,0.1,2
2908352,2006-11-17T02:55:06Z,-40.29,0.0,173.8,0.0,137.0,6.0,ML,,,,3.0,0.1,6
2654624,2006-11-17T02:57:00Z,-39.23,0.0,177.89,0.0,54.0,2.0,ML,,,,3.8,0.2,16
2654636,2006-11-17T03:30:24Z,-45.01,0.0,167.49,0.0,72.0,2.0,ML,,,,2.9,0.2,10
2654644,2006-11-17T03:54:27Z,-43.91,0.0,170.92,0.0,5.0,0.0,ML,,,,2.3,0.3,4
2654669,2006-11-17T05:10:06Z,-45.85,0.0,166.44,0.0,5.0,0.0,ML,,,,3.5,0.2,10
2654728,2006-11-17T08:23:46Z,-40.12,0.0,176.36,0.0,53.0,3.0,ML,,,,2.6,0.2,5
2654749,2006-11-17T09:32:05Z,-41.3,0.0,172.39,0.0,5.0,0.0,ML,,,,2.6,0.2,7
2654777,2006-11-17T11:12:22Z,-40.56,0.0,173.77,0.0,118.0,3.0,ML,,,,3.3,0.2,14
2654785,2006-11-17T11:31:13Z,-44.26,0.0,168.67,0.1,5.0,0.0,ML,,,,1.7,0.1,3
2654809,2006-11-17T12:40:44Z,-39.88,0.0,176.71,0.0,44.0,2.0,ML,,,,2.4,0.3,3
2654828,2006-11-17T13:48:40Z,-40.0,0.0,176.09,0.0,33.0,0.0,ML,,,,2.4,0.2,3
2654831,2006-11-17T13:55:23Z,-41.04,0.0,174.19,0.0,57.0,2.0,ML,,,,3.1,0.2,12
2654843,2006-11-17T14:27:29Z,-39.09,0.0,175.29,0.0,13.0,1.0,ML,,,,1.9,0.1,4
2654849,2006-11-17T14:38:04Z,-41.06,0.0,174.33,0.0,72.0,1.0,Mw,4.7,nan,0,5.5,0.3,24
2654868,2006-11-17T15:43:02Z,-40.09,0.0,176.04,0.0,30.0,1.0,ML,,,,2.7,0.2,12
2654880,2006-11-17T16:06:47Z,-36.93,0.1,176.99,0.2,256.0,7.0,ML,,,,3.2,0.1,5
2654997,2006-11-17T16:55:53Z,-41.2,0.0,174.78,0.0,45.0,1.0,ML,,,,2.2,0.1,7
2655002,2006-11-17T17:08:53Z,-37.96,0.0,177.2,0.0,72.0,3.0,ML,,,,3.0,0.1,5
2654904,2006-11-17T17:10:05Z,-41.45,0.0,175.32,0.0,42.0,1.0,ML,,,,3.2,0.1,14
2654910,2006-11-17T17:29:08Z,-41.15,0.0,173.54,0.0,97.0,2.0,ML,,,,2.7,0.1,6
2908702,2006-11-17T17:31:39Z,-39.41,0.0,175.01,0.0,229.0,2.0,ML,,,,3.0,0.2,3
2654912,2006-11-17T17:33:40Z,-39.87,0.0,175.39,0.0,67.0,2.0,ML,,,,3.2,0.1,7
2654914,2006-11-17T17:37:10Z,-38.42,0.0,176.19,0.0,5.0,0.0,ML,,,,2.5,0.3,2
2654922,2006-11-17T17:59:25Z,-38.0,0.0,176.38,0.0,147.0,2.0,ML,,,,3.5,0.2,11
2654952,2006-11-17T19:10:48Z,-40.89,0.0,176.03,0.0,27.0,1.0,ML,,,,2.2,0.1,5
2654960,2006-11-17T19:33:45Z,-40.55,0.0,176.52,0.0,26.0,3.0,ML,,,,2.4,0.1,3
2654974,2006-11-17T20:02:24Z,-38.13,0.0,176.48,0.0,134.0,2.0,ML,,,,3.5,0.2,13
2654978,2006-11-17T20:10:33Z,-38.27,0.0,176.41,0.0,5.0,0.0,ML,,,,2.2,0.1,1
2654979,2006-11-17T20:12:14Z,-38.26,0.0,176.41,0.0,5.0,0.0,ML,,,,2.4,0.2,2
2654980,2006-11-17T20:17:43Z,-45.25,0.0,167.14,0.0,32.0,2.0,ML,,,,2.6,0.2,7
2654996,2006-11-17T21:05:00Z,-45.09,0.1,167.67,0.1,106.0,5.0,ML,,,,2.6,0.3,6
2655039,2006-11-17T22:57:36Z,-38.47,0.0,175.7,0.0,172.0,5.0,ML,,,,3.5,0.3,10
2655059,2006-11-17T23:54:55Z,-39.97,0.0,176.74,0.0,48.0,2.0,ML,,,,2.7,0.1,4
2655082,2006-11-18T01:13:54Z,-38.41,0.0,176.82,0.0,68.0,4.0,ML,,,,3.7,0.2,11
2655095,2006-11-18T02:01:03Z,-41.36,0.0,172.79,0.0,131.0,4.0,ML,,,,3.6,0.2,10
2655113,2006-11-18T02:58:13Z,-44.85,0.0,167.46,0.0,29.0,2.0,ML,,,,2.4,0.3,7
2655122,2006-11-18T03:27:46Z,-44.97,0.0,167.61,0.0,85.0,3.0,ML,,,,2.5,0.1,6
2655163,2006-11-18T05:38:12Z,-45.35,0.0,166.92,0.0,12.0,0.0,ML,,,,2.6,0.1,7
2655174,2006-11-18T06:16:47Z,-40.28,0.0,176.63,0.0,20.0,3.0,ML,,,,2.8,0.1,5
2655189,2006-11-18T07:06:07Z,-43.32,0.0,172.52,0.0,35.0,4.0,ML,,,,3.2,0.3,14
2655234,2006-11-18T09:05:06Z,-38.08,0.0,176.37,0.0,143.0,1.0,ML,,,,3.4,0.4,5
2655449,2006-11-18T11:35:58Z,-37.9,0.0,179.12,0.1,56.0,7.0,ML,,,,3.0,0.1,4
2655460,2006-11-18T12:11:22Z,-40.31,0.0,175.55,0.0,40.0,3.0,ML,,,,3.0,0.1,14
2655486,2006-11-18T13:20:11Z,-41.08,0.0,175.04,0.0,26.0,2.0,ML,,,,2.0,0.2,4
2655520,2006-11-18T14:47:33Z,-42.99,0.0,172.1,0.0,5.0,0.0,Mw,4.0,nan,0,4.2,0.2,34
2655526,2006-11-18T15:15:21Z,-41.6,0.0,174.31,0.0,12.0,1.0,ML,,,,2.6,0.2,14
2655542,2006-11-18T16:09:22Z,-41.02,0.0,173.72,0.0,67.0,3.0,ML,,,,2.4,0.2,3
2655544,2006-11-18T16:15:17Z,-44.76,0.0,167.94,0.0,96.0,3.0,ML,,,,2.4,0.2,9
2655547,2006-11-18T16:23:42Z,-39.93,0.0,176.67,0.0,45.0,3.0,ML,,,,2.7,0.1,6
2655551,2006-11-18T16:36:10Z,-38.97,0.0,177.94,0.0,28.0,2.0,ML,,,,2.3,0.3,2
2909221,2006-11-18T16:37:39Z,-44.15,0.0,168.69,0.1,5.0,0.0,ML,,,,2.0,0.4,4
2655561,2006-11-18T17:07:33Z,-41.29,0.0,172.6,0.0,180.0,3.0,ML,,,,2.7,0.4,3
2655564,2006-11-18T17:23:16Z,-36.97,0.0,177.82,0.0,90.0,6.0,ML,,,,3.3,0.1,5
2655596,2006-11-18T19:02:21Z,-37.16,0.0,178.7,0.1,12.0,0.0,ML,,,,2.9,0.2,4
2655638,2006-11-18T21:07:18Z,-41.18,0.0,174.49,0.0,35.0,1.0,ML,,,,2.2,0.1,6
2655681,2006-11-19T00:04:57Z,-39.89,0.0,174.94,0.0,43.0,2.0,ML,,,,2.4,0.2,4
2655684,2006-11-19T00:08:58Z,-36.94,0.1,177.36,0.3,169.0,13.0,ML,,,,3.2,0.1,2
2655689,2006-11-19T00:26:16Z,-41.69,0.0,174.25,0.0,12.0,1.0,ML,,,,2.1,0.1,4
2655699,2006-11-19T00:53:53Z,-38.37,0.0,177.23,0.0,41.0,2.0,ML,,,,3.4,0.3,5
2655713,2006-11-19T01:46:53Z,-40.26,0.0,176.05,0.0,55.0,1.0,ML,,,,2.6,0.3,2
2655716,2006-11-19T02:02:04Z,-38.35,0.0,177.22,0.0,42.0,2.0,ML,,,,3.4,0.3,6
2655747,2006-11-19T03:53:07Z,-37.93,0.0,177.33,0.0,5.0,0.0,ML,,,,2.5,0.2,2
2655761,2006-11-19T04:36:39Z,-41.21,0.0,172.97,0.0,99.0,0.0,ML,,,,2.4,nan,1
2655767,2006-11-19T05:05:06Z,-45.37,0.0,170.05,0.0,5.0,0.0,ML,,,,2.1,0.2,7
2655791,2006-11-19T06:32:30Z,-39.93,0.0,176.74,0.0,43.0,2.0,ML,,,,2.8,0.1,10
2655798,2006-11-19T06:56:17Z,-38.39,0.0,177.21,0.0,35.0,2.0,ML,,,,3.0,0.3,4
2655811,2006-11-19T07:45:00Z,-40.02,0.0,176.58,0.0,47.0,3.0,ML,,,,2.4,0.2,3
2655819,2006-11-19T08:06:48Z,-39.5,0.0,175.72,0.0,15.0,1.0,ML,,,,1.7,0.1,5
2655820,2006-11-19T08:14:10Z,-41.58,0.0,172.23,0.0,5.0,0.0,ML,,,,2.0,0.1,3
2655834,2006-11-19T08:54:57Z,-41.28,0.0,175.28,0.0,25.0,1.0,ML,,,,2.0,0.1,9
2904852,2006-11-19T08:55:16Z,-40.0,0.0,176.58,0.0,35.0,3.0,ML,,,,2.1,0.1,3
2655845,2006-11-19T09:31:48Z,-38.0,0.0,176.03,0.0,182.0,2.0,ML,,,,3.0,0.2,9
2904854,2006-11-19T09:57:58Z,-37.85,0.0,176.79,0.0,5.0,0.0,ML,,,,1.6,0.1,3
2655854,2006-11-19T10:00:50Z,-38.53,0.0,177.88,0.0,12.0,0.0,ML,,,,2.0,0.1,3
2655859,2006-11-19T10:15:07Z,-38.82,0.0,178.05,0.0,33.0,0.0,ML,,,,2.3,0.2,2
2655860,2006-11-19T10:19:26Z,-38.56,0.0,177.9,0.0,12.0,0.0,ML,,,,2.9,0.1,5
2655864,2006-11-19T10:28:10Z,-39.57,0.0,174.51,0.1,212.0,5.0,ML,,,,3.0,0.1,8
2655869,2006-11-19T10:44:07Z,-38.53,0.0,177.9,0.0,12.0,0.0,ML,,,,2.1,0.1,3
2655873,2006-11-19T10:57:49Z,-36.73,0.0,177.2,0.1,251.0,5.0,ML,,,,2.8,0.2,4
2655882,2006-11-19T11:40:17Z,-39.26,0.0,174.92,0.0,5.0,0.0,ML,,,,2.0,0.2,20
2655898,2006-11-19T12:36:52Z,-36.84,0.0,-179.28,0.0,33.0,0.0,ML,,,,3.3,0.1,3
2655919,2006-11-19T13:53:13Z,-38.31,0.0,177.22,0.0,46.0,1.0,ML,,,,2.1,0.2,3
2655922,2006-11-19T13:59:09Z,-39.11,0.0,175.27,0.0,14.0,1.0,ML,,,,1.8,0.1,15
2655927,2006-11-19T14:21:42Z,-38.59,0.0,177.05,0.0,37.0,4.0,ML,,,,1.9,0.1,3
2655941,2006-11-19T15:20:51Z,-38.56,0.0,177.88,0.0,12.0,0.0,ML,,,,2.0,0.1,3
2655943,2006-11-19T15:29:51Z,-41.47,0.0,172.24,0.0,5.0,0.0,ML,,,,2.1,0.2,4
2655949,2006-11-19T15:53:29Z,-37.91,0.0,176.53,0.1,96.0,7.0,ML,,,,2.5,0.1,3
2655950,2006-11-19T15:56:48Z,-40.03,0.0,176.57,0.0,37.0,2.0,ML,,,,2.2,0.2,5
2655954,2006-11-19T16:09:27Z,-39.35,0.0,175.02,0.0,27.0,2.0,ML,,,,1.7,0.1,4
2655988,2006-11-19T17:53:32Z,-41.01,0.0,174.9,0.0,29.0,1.0,ML,,,,3.0,0.1,18
2655990,2006-11-19T17:57:04Z,-39.31,0.0,174.85,0.0,32.0,1.0,ML,,,,2.1,0.1,11
2656016,2006-11-19T19:17:50Z,-40.74,0.0,176.34,0.0,23.0,2.0,ML,,,,2.5,0.2,5
2656058,2006-11-19T21:35:59Z,-36.56,0.0,177.67,0.1,180.0,3.0,ML,,,,3.2,0.1,6
2656076,2006-11-19T22:35:03Z,-41.21,0.0,172.86,0.0,156.0,3.0,ML,,,,2.7,0.2,2
2656092,2006-11-19T23:14:49Z,-37.19,0.0,178.79,0.1,5.0,0.0,ML,,,,2.7,0.1,3
2656098,2006-11-19T23:34:47Z,-37.83,0.0,176.81,0.0,5.0,0.0,ML,,,,2.4,0.1,2
2656118,2006-11-20T00:32:21Z,-44.18,0.0,168.68,0.0,5.0,0.0,ML,,,,2.2,0.2,5
2656129,2006-11-20T01:07:03Z,-38.5,0.0,177.99,0.0,55.0,5.0,ML,,,,2.5,0.2,2
2904522,2006-11-20T01:08:37Z,-40.97,0.0,172.85,0.0,192.0,3.0,ML,,,,3.5,0.1,8
2656162,2006-11-20T02:37:21Z,-39.34,0.0,174.98,0.0,30.0,1.0,ML,,,,2.5,0.1,16
2656189,2006-11-20T04:03:56Z,-45.52,0.1,167.01,0.0,89.0,4.0,ML,,,,2.6,0.2,7
2656196,2006-11-20T04:24:34Z,-39.89,0.0,175.12,0.0,33.0,2.0,ML,,,,2.3,0.2,7
2656220,2006-11-20T05:41:27Z,-37.3,0.0,177.73,0.0,113.0,2.0,ML,,,,3.9,0.2,7
2656238,2006-11-20T06:43:24Z,-43.69,0.0,171.16,0.0,9.0,1.0,ML,,,,2.3,0.2,5
2656258,2006-11-20T07:44:23Z,-39.27,0.0,174.86,0.0,33.0,0.0,ML,,,,2.2,0.2,10
2656260,2006-11-20T07:51:02Z,-41.78,0.0,173.75,0.0,15.0,1.0,ML,,,,1.8,0.2,3
2656278,2006-11-20T09:02:28Z,-39.31,0.0,175.0,0.0,29.0,2.0,ML,,,,1.8,0.1,7
2656284,2006-11-20T09:30:21Z,-38.29,0.1,176.17,0.2,166.0,10.0,ML,,,,2.7,0.3,4
2656285,2006-11-20T09:33:17Z,-45.18,0.0,167.32,0.1,138.0,4.0,ML,,,,3.0,0.3,8
2656297,2006-11-20T10:19:51Z,-38.25,0.0,178.39,0.0,24.0,1.0,ML,,,,2.7,0.2,4
2656304,2006-11-20T10:46:00Z,-41.99,0.0,173.61,0.0,21.0,2.0,ML,,,,2.2,0.3,4
2656325,2006-11-20T11:44:52Z,-38.46,0.0,177.21,0.0,33.0,0.0,ML,,,,2.0,0.2,3
2656348,2006-11-20T12:57:01Z,-40.26,0.0,174.96,0.0,29.0,2.0,ML,,,,2.0,0.1,7
2656356,2006-11-20T13:27:21Z,-38.33,0.1,176.05,0.3,103.0,19.0,ML,,,,2.4,0.1,3
2656359,2006-11-20T13:40:59Z,-43.35,0.0,170.83,0.0,5.0,0.0,ML,,,,2.3,0.2,3
2656365,2006-11-20T14:03:02Z,-40.31,0.0,174.44,0.0,89.0,3.0,ML,,,,2.6,0.3,7
2656366,2006-11-20T14:09:53Z,-40.75,0.0,173.59,0.0,12.0,0.0,ML,,,,2.3,0.2,7
2656373,2006-11-20T14:40:26Z,-40.05,0.0,174.87,0.0,66.0,4.0,ML,,,,2.4,0.2,8
2904894,2006-11-20T14:41:16Z,-39.55,0.0,175.78,0.0,49.0,2.0,ML,,,,2.1,0.1,3
2656374,2006-11-20T14:45:17Z,-38.33,0.0,177.65,0.0,68.0,1.0,ML,,,,2.9,0.1,9
2656410,2006-11-20T16:45:52Z,-38.21,0.1,176.3,0.1,165.0,11.0,ML,,,,3.0,0.4,4
2656433,2006-11-20T18:07:22Z,-40.37,0.0,173.43,0.0,187.0,3.0,ML,,,,3.3,0.2,5
2656449,2006-11-20T18:59:52Z,-38.01,0.0,177.49,0.0,57.0,4.0,ML,,,,3.3,0.2,5
2656451,2006-11-20T19:08:24Z,-38.38,0.0,178.65,0.0,12.0,0.0,ML,,,,2.4,0.1,3
2656463,2006-11-20T19:52:57Z,-41.14,0.0,173.43,0.0,82.0,2.0,ML,,,,2.2,nan,1
2656470,2006-11-20T20:20:34Z,-45.01,0.0,167.3,0.0,5.0,0.0,ML,,,,2.5,0.2,6
2656481,2006-11-20T20:58:23Z,-41.06,0.0,173.76,0.0,67.0,3.0,ML,,,,3.0,0.1,9
2905393,2006-11-20T21:05:55Z,-44.47,0.0,168.23,0.0,12.0,0.0,ML,,,,2.0,0.1,6
2656483,2006-11-20T21:06:14Z,-41.09,0.0,175.08,0.0,25.0,1.0,ML,,,,2.1,0.2,7
2656486,2006-11-20T21:13:36Z,-38.65,0.0,177.59,0.0,51.0,2.0,ML,,,,2.2,0.2,2
2656510,2006-11-20T22:16:10Z,-40.09,0.0,176.09,0.0,32.0,1.0,ML,,,,2.3,0.2,8
2905403,2006-11-20T22:42:47Z,-40.11,0.0,173.52,0.0,144.0,5.0,ML,,,,2.7,0.3,3
2656518,2006-11-20T22:43:08Z,-43.36,0.0,170.81,0.0,5.0,0.0,ML,,,,2.3,0.2,6
2656533,2006-11-20T23:20:39Z,-40.24,0.0,174.44,0.0,86.0,3.0,ML,,,,2.7,0.4,7
2905410,2006-11-20T23:22:21Z,-38.6,0.0,178.08,0.0,29.0,2.0,ML,,,,2.8,0.2,4
2656545,2006-11-20T23:51:48Z,-37.59,0.0,178.38,0.0,45.0,2.0,ML,,,,2.7,0.2,4
2656572,2006-11-21T01:01:50Z,-39.12,0.0,177.59,0.1,32.0,3.0,ML,,,,2.8,0.1,3
2656585,2006-11-21T01:25:50Z,-39.25,0.0,174.83,0.0,30.0,1.0,ML,,,,2.1,0.2,13
2656589,2006-11-21T01:38:44Z,-41.08,0.0,175.05,0.0,28.0,1.0,ML,,,,2.2,0.2,9
2656599,2006-11-21T02:09:01Z,-37.98,0.0,177.29,0.0,71.0,1.0,ML,,,,3.7,0.1,8
2656615,2006-11-21T02:48:46Z,-38.29,0.0,177.34,0.0,28.0,1.0,ML,,,,2.9,0.2,5
2656627,2006-11-21T03:16:01Z,-43.37,0.0,170.8,0.0,5.0,0.0,ML,,,,2.4,0.2,4
2656629,2006-11-21T03:21:53Z,-41.14,0.0,175.86,0.0,12.0,0.0,ML,,,,2.2,0.1,5
2656631,2006-11-21T03:30:51Z,-39.15,0.1,175.63,0.0,1.0,0.0,ML,,,,1.1,0.1,2
2656637,2006-11-21T03:50:54Z,-36.54,0.1,177.21,0.1,219.0,6.0,ML,,,,3.8,0.3,10
2656639,2006-11-21T03:57:08Z,-41.21,0.0,174.87,0.0,15.0,2.0,ML,,,,2.2,0.1,7
2656655,2006-11-21T04:49:17Z,-40.32,0.0,174.93,0.0,5.0,0.0,ML,,,,2.8,0.1,17
2656657,2006-11-21T04:58:40Z,-44.19,0.0,168.48,0.0,5.0,0.0,ML,,,,2.5,0.3,8
2656661,2006-11-21T05:14:07Z,-39.15,0.0,175.11,0.0,28.0,1.0,ML,,,,2.9,0.2,19
2656664,2006-11-21T05:19:12Z,-41.09,0.0,175.05,0.0,25.0,2.0,ML,,,,2.1,0.2,9
2656680,2006-11-21T06:08:32Z,-43.37,0.0,170.79,0.0,5.0,0.0,ML,,,,2.3,0.1,4
2904953,2006-11-21T06:09:03Z,-43.36,0.0,170.8,0.0,5.0,0.0,ML,,,,2.6,0.2,6
2656694,2006-11-21T06:48:15Z,-41.79,0.0,172.51,0.0,82.0,2.0,ML,,,,2.6,0.3,4
2904958,2006-11-21T07:24:24Z,-44.99,0.0,169.23,0.0,5.0,0.0,ML,,,,2.0,0.3,5
2656704,2006-11-21T07:24:48Z,-39.16,0.0,175.63,0.0,1.0,0.0,ML,,,,1.1,0.1,1
2656707,2006-11-21T07:35:21Z,-41.24,0.0,172.58,0.0,214.0,3.0,ML,,,,3.3,0.2,6
2656719,2006-11-21T08:10:23Z,-38.69,0.0,178.56,0.0,12.0,0.0,ML,,,,2.5,0.3,4
2656728,2006-11-21T08:51:01Z,-45.08,0.0,167.45,0.0,108.0,3.0,ML,,,,2.6,0.2,9
2904967,2006-11-21T09:56:09Z,-39.28,0.0,175.56,0.0,0.0,0.0,ML,,,,0.7,0.3,2
2656751,2006-11-21T10:02:16Z,-40.17,0.0,173.91,0.0,111.0,5.0,ML,,,,2.6,0.2,5
2656758,2006-11-21T10:21:36Z,-44.06,0.0,168.97,0.0,5.0,0.0,ML,,,,2.2,0.1,7
2656763,2006-11-21T10:43:05Z,-43.37,0.0,170.8,0.0,5.0,0.0,ML,,,,2.7,0.3,11
2656827,2006-11-21T13:44:59Z,-40.97,0.0,175.56,0.0,28.0,1.0,ML,,,,2.5,0.2,9
2656835,2006-11-21T14:17:20Z,-45.24,0.0,167.01,0.0,24.0,0.0,ML,,,,1.9,0.2,3
2656844,2006-11-21T14:57:59Z,-44.9,0.0,167.67,0.0,72.0,1.0,ML,,,,2.1,0.1,5
2656863,2006-11-21T16:11:23Z,-40.06,0.0,175.31,0.1,62.0,3.0,ML,,,,2.1,nan,1
2656867,2006-11-21T16:22:23Z,-44.87,0.0,171.09,0.0,12.0,0.0,ML,,,,2.6,0.3,9
2656873,2006-11-21T16:42:11Z,-43.56,0.0,171.53,0.0,12.0,0.0,ML,,,,3.9,0.2,25
2656874,2006-11-21T16:45:26Z,-42.04,0.0,172.91,0.0,80.0,3.0,ML,,,,2.8,0.2,4
2656881,2006-11-21T17:05:59Z,-37.41,0.0,176.88,0.0,176.0,3.0,ML,,,,3.1,0.2,5
2656902,2006-11-21T18:15:27Z,-38.32,0.0,177.22,0.0,44.0,2.0,ML,,,,2.6,0.2,3
2656927,2006-11-21T19:37:53Z,-41.3,0.0,173.77,0.0,52.0,2.0,ML,,,,2.4,0.1,4
2656943,2006-11-21T20:18:48Z,-45.31,0.0,166.63,0.0,5.0,0.0,ML,,,,2.3,0.1,4
2656945,2006-11-21T20:24:37Z,-40.36,0.0,176.35,0.0,34.0,1.0,ML,,,,2.9,0.2,4
2656951,2006-11-21T20:42:07Z,-38.79,0.0,179.31,0.0,12.0,0.0,ML,,,,3.1,0.3,6
2656958,2006-11-21T21:09:19Z,-39.36,0.0,175.84,0.0,59.0,2.0,ML,,,,2.7,nan,1
2907316,2006-11-21T21:09:34Z,-41.38,0.0,174.96,0.0,25.0,1.0,ML,,,,2.1,0.1,10
2656961,2006-11-21T21:19:48Z,-41.01,0.0,175.41,0.0,27.0,1.0,ML,,,,2.3,0.1,6
2656983,2006-11-21T22:35:37Z,-37.88,0.0,178.52,0.0,30.0,1.0,ML,,,,3.0,0.3,4
2656996,2006-11-21T23:05:43Z,-37.91,0.0,176.17,0.0,178.0,3.0,ML,,,,3.2,0.1,4
2657002,2006-11-21T23:22:09Z,-38.84,0.0,175.85,0.0,6.0,1.0,ML,,,,2.1,0.1,8
2657016,2006-11-22T00:05:21Z,-39.11,0.0,175.28,0.0,14.0,1.0,ML,,,,2.0,0.2,10
2657052,2006-11-22T01:43:58Z,-42.49,0.0,172.69,0.0,7.0,2.0,ML,,,,3.3,0.3,7
2657059,2006-11-22T02:06:04Z,-42.48,0.0,172.68,0.0,5.0,0.0,Mw,3.8,nan,0,4.1,0.2,32
2657064,2006-11-22T02:23:34Z,-42.44,0.0,172.7,0.0,5.0,0.0,ML,,,,2.2,0.2,4
2657065,2006-11-22T02:28:51Z,-37.57,0.0,178.41,0.0,51.0,2.0,ML,,,,2.7,0.2,2
2657068,2006-11-22T02:41:38Z,-42.44,0.0,172.7,0.0,5.0,0.0,ML,,,,2.4,0.3,4
2657088,2006-11-22T03:34:20Z,-39.19,0.0,177.72,0.1,16.0,5.0,ML,,,,2.6,0.2,4
2657106,2006-11-22T04:18:35Z,-39.08,0.0,175.25,0.0,14.0,1.0,ML,,,,1.6,0.2,2
2905357,2006-11-22T04:19:20Z,-42.46,0.0,172.7,0.0,12.0,0.0,ML,,,,2.6,0.3,8
2657146,2006-11-22T06:11:26Z,-45.13,0.0,167.18,0.0,53.0,3.0,ML,,,,2.2,0.2,3
2657154,2006-11-22T06:32:58Z,-39.57,0.0,174.85,0.0,106.0,2.0,ML,,,,2.7,0.2,4
2657187,2006-11-22T08:02:09Z,-44.98,0.0,167.75,0.0,119.0,5.0,ML,,,,2.6,0.3,5
2657198,2006-11-22T08:49:44Z,-39.96,0.0,176.89,0.0,49.0,2.0,ML,,,,3.5,0.2,16
2657203,2006-11-22T09:10:48Z,-41.52,0.0,174.23,0.0,17.0,2.0,ML,,,,1.9,0.2,9
2657208,2006-11-22T09:29:32Z,-38.29,0.0,178.66,0.0,24.0,1.0,ML,,,,2.2,0.1,3
2657210,2006-11-22T09:37:48Z,-42.48,0.0,172.68,0.0,12.0,0.0,ML,,,,2.6,0.3,8
2657216,2006-11-22T09:57:06Z,-41.71,0.0,172.59,0.0,82.0,1.0,ML,,,,2.2,0.3,2
2905417,2006-11-22T10:32:13Z,-41.58,0.0,172.1,0.0,5.0,0.0,ML,,,,2.1,0.3,3
2657226,2006-11-22T10:33:43Z,-38.85,0.0,175.84,0.0,7.0,1.0,ML,,,,2.3,0.1,9
2657255,2006-11-22T11:45:13Z,-35.34,0.1,178.56,0.1,165.0,23.0,ML,,,,3.5,0.1,4
2657260,2006-11-22T12:00:24Z,-40.15,0.0,174.89,0.0,12.0,0.0,ML,,,,3.5,0.2,43
2657268,2006-11-22T12:28:42Z,-41.3,0.0,173.37,0.0,74.0,3.0,ML,,,,2.0,0.2,2
2657305,2006-11-22T14:31:56Z,-39.84,0.0,-178.8,0.0,33.0,0.0,ML,,,,4.1,0.2,11
2657314,2006-11-22T14:55:12Z,-39.32,0.0,173.98,0.0,19.0,2.0,ML,,,,1.9,0.1,5
2657315,2006-11-22T14:57:41Z,-39.43,0.0,177.38,0.0,48.0,1.0,ML,,,,2.3,0.2,3
2657330,2006-11-22T15:35:14Z,-38.35,0.0,178.86,0.0,33.0,0.0,ML,,,,2.4,0.3,3
2657335,2006-11-22T15:52:33Z,-42.48,0.0,172.7,0.0,5.0,0.0,ML,,,,2.7,0.2,8
2657341,2006-11-22T16:09:30Z,-37.67,0.0,177.21,0.0,95.0,0.0,ML,,,,3.2,0.4,4
2657344,2006-11-22T16:18:42Z,-40.49,0.0,174.59,0.0,50.0,6.0,ML,,,,2.4,0.2,2
2657346,2006-11-22T16:25:28Z,-38.25,0.0,177.23,0.0,45.0,0.0,ML,,,,2.4,0.2,3
2907298,2006-11-22T16:46:03Z,-41.8,0.0,174.2,0.0,14.0,2.0,ML,,,,1.9,0.3,5
2657353,2006-11-22T16:47:04Z,-40.54,0.0,174.21,0.0,71.0,5.0,ML,,,,2.6,0.1,3
2657354,2006-11-22T16:51:07Z,-42.36,0.0,173.39,0.0,5.0,0.0,ML,,,,2.3,0.4,4
2657377,2006-11-22T17:52:58Z,-43.86,0.0,169.27,0.0,12.0,0.0,ML,,,,2.1,0.2,5
2657384,2006-11-22T18:14:33Z,-38.08,0.1,176.33,0.1,145.0,4.0,ML,,,,3.2,0.3,5
2657388,2006-11-22T18:33:39Z,-45.15,0.0,167.47,0.0,108.0,5.0,ML,,,,2.6,0.2,6
2657406,2006-11-22T19:26:33Z,-37.66,0.0,177.24,0.0,125.0,5.0,ML,,,,3.1,0.1,3
2657407,2006-11-22T19:31:22Z,-40.08,0.0,176.6,0.0,43.0,4.0,ML,,,,2.9,0.2,4
2657408,2006-11-22T19:34:50Z,-38.84,0.0,175.84,0.0,7.0,1.0,ML,,,,2.5,0.2,15
2657422,2006-11-22T20:02:28Z,-38.85,0.0,175.84,0.0,5.0,0.0,ML,,,,1.8,0.2,5
2657440,2006-11-22T20:58:40Z,-38.14,0.0,176.05,0.0,209.0,3.0,ML,,,,4.5,0.2,22
2657475,2006-11-22T22:22:45Z,-37.83,0.1,176.53,0.1,154.0,7.0,ML,,,,3.3,0.3,8
2657507,2006-11-22T23:52:49Z,-41.39,0.0,172.4,0.0,150.0,2.0,ML,,,,2.7,nan,1
2657532,2006-11-23T00:52:11Z,-38.97,0.0,177.29,0.0,47.0,3.0,ML,,,,3.5,0.3,8
2657551,2006-11-23T01:34:03Z,-38.44,0.0,178.62,0.0,12.0,0.0,ML,,,,2.6,0.2,3
2657561,2006-11-23T01:58:01Z,-39.31,0.0,174.86,0.0,29.0,1.0,ML,,,,2.9,0.2,19
2657562,2006-11-23T02:03:18Z,-42.45,0.0,172.7,0.0,5.0,0.0,ML,,,,2.2,0.2,3
2657565,2006-11-23T02:09:25Z,-37.18,0.0,177.43,0.0,5.0,0.0,ML,,,,3.3,0.0,4
2657580,2006-11-23T02:50:04Z,-40.25,0.0,173.39,0.0,198.0,3.0,ML,,,,3.5,0.3,8
2657586,2006-11-23T03:10:40Z,-42.27,0.0,173.59,0.0,54.0,4.0,ML,,,,2.7,0.1,3
2657596,2006-11-23T03:41:33Z,-40.55,0.0,176.54,0.0,34.0,2.0,ML,,,,3.0,0.2,5
2657654,2006-11-23T06:07:20Z,-36.79,0.0,177.24,0.1,208.0,4.0,ML,,,,3.7,0.3,7
2657677,2006-11-23T07:16:42Z,-41.17,0.0,173.41,0.0,85.0,3.0,ML,,,,2.3,nan,1
2657695,2006-11-23T08:09:05Z,-40.44,0.0,174.78,0.0,27.0,2.0,ML,,,,2.6,0.2,17
2657713,2006-11-23T09:08:00Z,-38.59,0.0,178.12,0.0,12.0,0.0,ML,,,,2.6,0.1,4
2657719,2006-11-23T09:22:16Z,-39.18,0.0,177.81,0.0,15.0,2.0,ML,,,,2.4,0.2,4
2657728,2006-11-23T09:40:21Z,-38.87,0.0,175.46,0.0,123.0,2.0,ML,,,,3.6,0.2,13
2657731,2006-11-23T09:49:48Z,-39.8,0.0,173.23,0.0,12.0,0.0,ML,,,,2.7,0.3,10
2657738,2006-11-23T10:17:40Z,-38.99,0.0,177.26,0.0,57.0,3.0,ML,,,,1.9,0.1,2
2657753,2006-11-23T10:57:57Z,-41.6,0.0,173.04,0.0,96.0,2.0,ML,,,,2.8,0.1,2
2907389,2006-11-23T11:00:00Z,-38.48,0.0,178.13,0.0,12.0,0.0,ML,,,,2.2,0.2,2
2657756,2006-11-23T11:11:36Z,-38.09,0.0,178.47,0.1,16.0,4.0,ML,,,,2.4,0.1,2
2657771,2006-11-23T11:56:30Z,-42.45,0.0,172.7,0.0,5.0,0.0,ML,,,,2.6,0.3,4
2657780,2006-11-23T12:19:14Z,-38.62,0.0,178.66,0.0,54.0,7.0,ML,,,,2.3,0.1,2
2657784,2006-11-23T12:27:39Z,-38.97,0.0,175.76,0.0,5.0,0.0,ML,,,,2.0,0.2,5
2907405,2006-11-23T12:28:19Z,-36.69,0.0,177.15,0.0,33.0,0.0,ML,,,,3.7,0.1,6
2657786,2006-11-23T12:32:30Z,-38.97,0.0,175.77,0.0,6.0,1.0,ML,,,,2.3,0.2,11
2657791,2006-11-23T12:51:52Z,-38.97,0.0,175.76,0.0,5.0,0.0,ML,,,,1.6,0.3,5
2657819,2006-11-23T14:07:29Z,-36.59,0.0,177.12,0.0,12.0,0.0,ML,,,,3.2,0.2,3
2657825,2006-11-23T14:28:42Z,-37.54,0.1,176.28,0.1,253.0,8.0,ML,,,,3.1,0.1,3
2657896,2006-11-23T17:50:53Z,-39.17,0.0,175.4,0.0,13.0,1.0,ML,,,,3.0,0.2,24
2657913,2006-11-23T18:31:40Z,-42.46,0.0,172.71,0.0,5.0,0.0,ML,,,,2.6,0.3,7
2657924,2006-11-23T19:09:42Z,-41.28,0.0,172.93,0.0,99.0,2.0,ML,,,,2.4,nan,1
2657940,2006-11-23T19:59:20Z,-40.26,0.1,173.47,0.0,199.0,5.0,ML,,,,3.3,0.1,2
2658006,2006-11-23T22:56:21Z,-41.74,0.0,174.47,0.0,31.0,2.0,ML,,,,2.4,0.1,12
2658044,2006-11-24T00:27:35Z,-41.77,0.0,172.49,0.0,74.0,3.0,ML,,,,2.5,0.4,2
2658049,2006-11-24T00:43:28Z,-40.95,0.0,174.79,0.0,57.0,1.0,ML,,,,2.5,0.1,4
2658073,2006-11-24T02:04:49Z,-37.96,0.0,176.17,0.0,188.0,3.0,ML,,,,3.8,0.1,7
2658093,2006-11-24T02:57:26Z,-40.18,0.0,174.16,0.0,91.0,3.0,ML,,,,2.8,0.1,2
2658119,2006-11-24T04:08:12Z,-38.39,0.0,177.2,0.0,37.0,2.0,ML,,,,3.1,0.2,5
2658219,2006-11-24T08:48:01Z,-42.44,0.0,173.21,0.0,33.0,0.0,ML,,,,2.2,0.2,3
2658230,2006-11-24T09:24:40Z,-39.14,0.0,177.48,0.1,28.0,7.0,ML,,,,2.2,0.0,2
2658245,2006-11-24T10:09:05Z,-45.12,0.0,167.35,0.0,55.0,3.0,ML,,,,2.5,0.2,8
2658257,2006-11-24T10:45:54Z,-39.71,0.0,174.63,0.0,134.0,2.0,ML,,,,3.5,0.2,15
2658273,2006-11-24T11:38:40Z,-40.37,0.0,174.18,0.0,80.0,4.0,ML,,,,2.7,0.2,10
2658285,2006-11-24T12:25:20Z,-38.43,0.0,178.2,0.0,28.0,1.0,ML,,,,2.5,0.1,3
2658298,2006-11-24T13:12:03Z,-37.84,0.0,176.78,0.0,5.0,0.0,ML,,,,2.5,0.1,3
2658299,2006-11-24T13:14:33Z,-38.37,0.0,176.64,0.0,67.0,2.0,ML,,,,2.6,0.1,3
2658331,2006-11-24T14:45:51Z,-37.96,0.0,176.68,0.0,109.0,5.0,ML,,,,2.6,0.2,3
2658365,2006-11-24T16:26:54Z,-37.77,0.0,177.19,0.0,117.0,1.0,ML,,,,2.9,0.2,4
2658372,2006-11-24T16:46:04Z,-40.99,0.0,174.03,0.0,54.0,4.0,ML,,,,2.3,0.1,4
2905839,2006-11-24T16:46:37Z,-39.28,0.0,175.56,0.0,0.0,0.0,ML,,,,0.9,0.2,2
2658373,2006-11-24T16:49:46Z,-40.73,0.0,174.72,0.0,41.0,2.0,ML,,,,2.2,0.1,4
2658377,2006-11-24T16:57:56Z,-38.87,0.0,177.2,0.0,55.0,6.0,ML,,,,3.0,0.1,4
2658387,2006-11-24T17:27:27Z,-42.44,0.0,172.69,0.0,5.0,0.0,ML,,,,2.7,0.3,8
2658407,2006-11-24T18:51:07Z,-41.58,0.0,173.27,0.0,71.0,3.0,ML,,,,2.9,0.1,5
2658428,2006-11-24T19:54:25Z,-39.16,0.0,177.57,0.1,32.0,3.0,ML,,,,2.6,0.1,4
2658430,2006-11-24T20:00:16Z,-40.64,0.0,173.72,0.0,100.0,3.0,ML,,,,3.1,0.1,8
2658456,2006-11-24T21:24:13Z,-39.35,0.0,175.1,0.0,32.0,1.0,ML,,,,2.4,0.1,9
2658471,2006-11-24T22:04:36Z,-40.44,0.0,175.83,0.0,27.0,3.0,ML,,,,2.7,0.1,6
2658479,2006-11-24T22:27:57Z,-45.33,0.0,167.33,0.0,73.0,1.0,ML,,,,2.7,0.3,8
2658480,2006-11-24T22:32:56Z,-38.65,0.0,176.23,0.0,80.0,6.0,ML,,,,3.1,0.2,4
2658482,2006-11-24T22:39:43Z,-41.24,0.0,172.86,0.0,124.0,3.0,ML,,,,2.9,0.2,3
2658504,2006-11-24T23:39:28Z,-39.17,0.0,176.07,0.0,70.0,1.0,ML,,,,3.3,0.2,6
2658527,2006-11-25T00:46:34Z,-40.75,0.0,175.52,0.0,17.0,1.0,ML,,,,2.6,0.2,7
2658544,2006-11-25T01:32:06Z,-40.16,0.0,175.0,0.1,25.0,5.0,ML,,,,2.7,0.2,11
2658589,2006-11-25T03:53:39Z,-38.4,0.0,177.21,0.0,38.0,1.0,ML,,,,3.1,0.3,4
2658597,2006-11-25T04:11:23Z,-35.93,0.1,178.49,0.2,211.0,11.0,ML,,,,3.3,0.1,3
2658604,2006-11-25T04:30:27Z,-39.14,0.0,175.03,0.0,12.0,0.0,ML,,,,2.2,0.1,5
2658612,2006-11-25T04:56:32Z,-40.5,0.0,173.83,0.0,96.0,3.0,ML,,,,2.6,nan,1
2658644,2006-11-25T06:39:01Z,-41.31,0.0,172.74,0.0,103.0,1.0,ML,,,,2.6,nan,1
2658658,2006-11-25T07:26:58Z,-38.16,0.0,178.25,0.0,12.0,0.0,ML,,,,2.5,0.2,4
2658679,2006-11-25T08:36:17Z,-42.46,0.0,172.7,0.0,5.0,0.0,ML,,,,3.2,0.2,8
2658682,2006-11-25T08:43:24Z,-42.46,0.0,172.69,0.0,12.0,0.0,ML,,,,2.5,0.3,5
2658702,2006-11-25T09:39:58Z,-41.45,0.0,173.25,0.0,92.0,2.0,ML,,,,2.2,0.2,2
2658711,2006-11-25T10:09:46Z,-44.16,0.0,168.67,0.1,5.0,0.0,ML,,,,2.1,0.5,4
2658745,2006-11-25T11:49:25Z,-38.03,0.0,176.24,0.0,153.0,2.0,ML,,,,3.1,0.2,3
2658762,2006-11-25T12:40:47Z,-40.15,0.0,174.95,0.0,12.0,0.0,ML,,,,2.6,0.2,6
2658768,2006-11-25T12:51:22Z,-38.39,0.0,177.21,0.0,38.0,1.0,ML,,,,2.8,0.3,4
2658773,2006-11-25T13:10:24Z,-37.77,0.1,176.3,0.1,202.0,7.0,ML,,,,3.1,0.3,5
2658777,2006-11-25T13:22:48Z,-37.48,0.0,177.59,0.0,104.0,2.0,ML,,,,3.0,0.1,4
2658783,2006-11-25T13:43:45Z,-37.83,0.0,176.78,0.0,5.0,0.0,ML,,,,2.4,0.1,4
2658790,2006-11-25T14:01:59Z,-42.38,0.0,173.91,0.0,5.0,0.0,ML,,,,2.7,0.2,6
2658792,2006-11-25T14:05:39Z,-38.12,0.0,176.34,0.1,100.0,7.0,ML,,,,1.9,0.2,3
2658796,2006-11-25T14:15:36Z,-38.08,0.1,176.43,0.1,164.0,5.0,ML,,,,3.3,0.4,9
2658801,2006-11-25T14:37:37Z,-44.65,0.0,168.37,0.1,83.0,7.0,ML,,,,2.4,0.5,3
2658805,2006-11-25T14:48:26Z,-40.6,0.0,175.75,0.0,28.0,1.0,ML,,,,2.4,0.2,6
2658814,2006-11-25T15:14:56Z,-39.86,0.0,176.74,0.0,50.0,4.0,ML,,,,2.7,0.2,3
2908717,2006-11-25T15:15:28Z,-41.68,0.0,173.81,0.1,23.0,4.0,ML,,,,1.7,0.2,4
2658880,2006-11-25T18:24:40Z,-40.96,0.0,177.01,0.0,33.0,0.0,ML,,,,3.0,0.3,9
2658893,2006-11-25T19:08:30Z,-38.44,0.0,178.06,0.0,27.0,2.0,ML,,,,2.4,0.2,4
2658918,2006-11-25T20:21:59Z,-41.75,0.0,173.77,0.0,12.0,2.0,ML,,,,2.5,0.1,8
2658936,2006-11-25T21:21:59Z,-41.1,0.0,174.66,0.0,30.0,2.0,ML,,,,2.1,0.2,4
2908730,2006-11-25T21:23:07Z,-39.16,0.0,175.63,0.0,1.0,0.0,ML,,,,1.3,0.1,1
2658949,2006-11-25T21:57:08Z,-44.89,0.0,167.27,0.0,5.0,0.0,ML,,,,2.2,0.2,6
2658972,2006-11-25T23:08:00Z,-38.41,0.0,178.65,0.0,12.0,0.0,ML,,,,3.1,0.2,4
2658975,2006-11-25T23:20:09Z,-39.2,0.0,177.58,0.0,39.0,2.0,ML,,,,3.6,0.1,4
2659007,2006-11-26T00:54:51Z,-40.91,0.0,175.47,0.0,25.0,1.0,ML,,,,2.3,0.2,5
2659037,2006-11-26T02:11:07Z,-38.07,0.0,178.15,0.0,54.0,4.0,ML,,,,2.8,0.1,4
2659057,2006-11-26T02:52:46Z,-40.47,0.0,174.55,0.0,47.0,4.0,ML,,,,2.7,0.2,4
2659082,2006-11-26T03:59:06Z,-44.86,0.0,167.51,0.0,5.0,0.0,ML,,,,2.0,0.2,3
2659121,2006-11-26T05:59:01Z,-44.51,0.0,168.36,0.0,5.0,0.0,ML,,,,2.4,0.2,8
2659137,2006-11-26T06:44:54Z,-38.74,0.0,178.06,0.0,32.0,2.0,ML,,,,2.9,0.2,2
2659154,2006-11-26T07:35:03Z,-39.22,0.0,174.73,0.0,32.0,1.0,ML,,,,2.5,0.1,7
2659169,2006-11-26T08:26:48Z,-43.07,0.0,172.95,0.0,33.0,0.0,ML,,,,2.6,0.2,6
2659218,2006-11-26T10:41:36Z,-40.91,0.0,175.24,0.0,29.0,1.0,ML,,,,2.2,0.2,6
2659222,2006-11-26T10:57:09Z,-45.23,0.0,167.01,0.1,12.0,0.0,ML,,,,2.3,0.2,4
2659258,2006-11-26T12:26:23Z,-41.36,0.0,174.96,0.0,27.0,1.0,ML,,,,2.1,0.1,7
2659261,2006-11-26T12:36:08Z,-45.35,0.0,167.33,0.0,26.0,2.0,ML,,,,1.5,0.2,3
2907397,2006-11-26T12:38:41Z,-45.36,0.0,167.36,0.0,22.0,3.0,ML,,,,1.6,0.2,3
2659267,2006-11-26T12:57:08Z,-39.46,0.0,175.71,0.0,14.0,1.0,ML,,,,2.1,0.1,10
2659270,2006-11-26T13:07:12Z,-38.37,0.0,177.22,0.0,38.0,2.0,ML,,,,3.0,0.2,5
2659281,2006-11-26T13:45:44Z,-37.36,0.0,177.32,0.0,148.0,3.0,ML,,,,4.3,0.2,20
2659293,2006-11-26T14:42:02Z,-38.87,0.0,177.91,0.0,42.0,6.0,ML,,,,2.9,0.2,4
2659309,2006-11-26T15:34:15Z,-41.73,0.0,173.76,0.0,36.0,1.0,ML,,,,2.5,0.1,4
2659311,2006-11-26T15:39:31Z,-39.14,0.0,176.9,0.0,59.0,8.0,ML,,,,2.5,0.2,3
2659315,2006-11-26T15:54:45Z,-37.83,0.0,176.78,0.0,5.0,0.0,ML,,,,2.6,0.1,4
2659323,2006-11-26T16:12:40Z,-41.26,0.0,175.24,0.0,26.0,1.0,ML,,,,2.5,0.2,12
2659361,2006-11-26T17:58:22Z,-45.07,0.0,167.39,0.0,5.0,0.0,ML,,,,2.4,0.2,8
2659372,2006-11-26T18:32:16Z,-36.75,0.0,177.68,0.0,167.0,3.0,ML,,,,3.8,0.2,7
2659442,2006-11-26T22:24:31Z,-41.27,0.0,175.23,0.0,26.0,2.0,ML,,,,1.7,0.1,4
2659443,2006-11-26T22:27:16Z,-37.85,0.0,176.78,0.0,5.0,0.0,ML,,,,2.4,0.2,4
2659485,2006-11-27T00:11:03Z,-40.47,0.0,174.69,0.0,28.0,2.0,ML,,,,2.7,0.2,11
2659488,2006-11-27T00:19:37Z,-46.69,0.0,165.87,0.1,33.0,0.0,ML,,,,3.0,0.2,7
2659490,2006-11-27T00:23:42Z,-37.26,0.0,177.82,0.0,71.0,3.0,ML,,,,3.8,0.2,5
2659495,2006-11-27T00:39:23Z,-40.61,0.0,174.43,0.0,53.0,5.0,ML,,,,2.5,0.1,4
2659502,2006-11-27T00:52:23Z,-39.23,0.0,177.2,0.0,49.0,3.0,ML,,,,2.8,0.2,3
2659513,2006-11-27T01:23:16Z,-43.62,0.0,168.46,0.0,5.0,0.0,ML,,,,2.9,0.2,4
2659522,2006-11-27T01:48:51Z,-45.69,0.1,167.44,0.1,116.0,5.0,ML,,,,2.7,0.2,2
2659529,2006-11-27T02:03:05Z,-37.84,0.0,176.78,0.0,5.0,0.0,ML,,,,2.3,0.1,3
2659568,2006-11-27T03:46:57Z,-38.08,0.1,175.74,0.2,246.0,12.0,ML,,,,3.1,0.3,5
2659590,2006-11-27T04:38:23Z,-41.07,0.0,173.59,0.0,73.0,2.0,ML,,,,2.5,0.0,2
2659616,2006-11-27T05:56:28Z,-43.81,0.0,170.65,0.0,5.0,0.0,ML,,,,1.8,0.2,4
2907809,2006-11-27T05:58:15Z,-41.32,0.0,172.37,0.0,5.0,0.0,ML,,,,2.1,0.3,2
2659622,2006-11-27T06:12:25Z,-40.4,0.0,173.52,0.0,139.0,7.0,ML,,,,2.9,0.2,5
2659646,2006-11-27T07:39:27Z,-45.24,0.0,166.95,0.0,12.0,0.0,ML,,,,2.2,0.2,6
2659649,2006-11-27T07:48:40Z,-40.13,0.0,174.96,0.0,12.0,0.0,ML,,,,2.8,0.2,18
2659674,2006-11-27T09:02:19Z,-40.58,0.0,173.25,0.0,148.0,2.0,ML,,,,3.3,0.3,10
2659680,2006-11-27T09:27:17Z,-38.43,0.1,175.83,0.1,158.0,10.0,ML,,,,2.9,0.3,7
2659685,2006-11-27T09:39:49Z,-43.73,0.0,170.05,0.0,5.0,0.0,ML,,,,2.0,0.2,7
2659686,2006-11-27T09:47:02Z,-45.72,0.0,167.05,0.0,5.0,0.0,ML,,,,1.8,0.3,3
2659692,2006-11-27T10:03:34Z,-44.74,0.0,167.9,0.0,100.0,3.0,ML,,,,3.1,0.3,11
2659696,2006-11-27T10:14:47Z,-36.28,0.1,178.48,0.1,213.0,7.0,ML,,,,3.1,0.2,5
2659721,2006-11-27T11:38:34Z,-40.78,0.0,175.32,0.0,25.0,1.0,ML,,,,1.7,0.2,4
2659728,2006-11-27T12:01:59Z,-40.28,0.0,174.65,0.0,62.0,4.0,ML,,,,3.0,0.2,12
2659737,2006-11-27T12:25:44Z,-40.64,0.0,179.32,0.1,33.0,0.0,ML,,,,3.1,0.2,8
2907835,2006-11-27T12:26:38Z,-38.47,0.1,177.2,0.0,33.0,6.0,ML,,,,2.6,0.3,4
2659740,2006-11-27T12:36:56Z,-45.18,0.0,167.51,0.1,126.0,6.0,ML,,,,2.6,0.2,6
2659743,2006-11-27T12:45:30Z,-41.57,0.0,172.1,0.0,5.0,0.0,ML,,,,2.0,0.2,3
2659745,2006-11-27T12:50:13Z,-41.55,0.0,174.91,0.0,41.0,1.0,ML,,,,2.8,0.2,10
2659755,2006-11-27T13:17:54Z,-42.11,0.0,172.98,0.0,67.0,3.0,ML,,,,2.6,0.3,7
2659758,2006-11-27T13:34:32Z,-37.98,0.0,176.43,0.0,150.0,3.0,ML,,,,3.1,0.2,9
2659766,2006-11-27T14:01:59Z,-44.0,0.0,169.63,0.0,5.0,0.0,ML,,,,2.0,0.2,6
2659771,2006-11-27T14:20:48Z,-41.98,0.0,173.92,0.0,5.0,0.0,ML,,,,1.7,0.1,7
2659797,2006-11-27T15:48:24Z,-45.07,0.0,166.77,0.0,12.0,0.0,Mw,3.9,nan,0,4.3,0.2,17
2907846,2006-11-27T15:50:37Z,-37.84,0.0,176.78,0.0,5.0,0.0,ML,,,,1.6,0.1,3
2659799,2006-11-27T15:55:05Z,-45.06,0.0,166.82,0.0,5.0,0.0,ML,,,,2.3,0.1,2
2659808,2006-11-27T16:23:34Z,-40.97,0.0,175.13,0.0,31.0,1.0,ML,,,,1.9,0.2,5
2659809,2006-11-27T16:26:02Z,-43.28,0.0,172.35,0.0,27.0,2.0,ML,,,,2.8,0.2,11
2659810,2006-11-27T16:32:09Z,-45.07,0.0,166.85,0.0,5.0,0.0,ML,,,,2.5,0.2,8
2908187,2006-11-27T16:33:03Z,-37.99,0.0,176.5,0.0,5.0,0.0,ML,,,,1.6,nan,1
2659844,2006-11-27T18:52:40Z,-40.83,0.0,175.3,0.0,27.0,0.0,ML,,,,1.9,0.1,4
2659853,2006-11-27T19:21:15Z,-41.58,0.0,175.14,0.0,16.0,2.0,ML,,,,2.2,0.1,12
2908191,2006-11-27T19:24:16Z,-45.02,0.0,167.58,0.0,109.0,3.0,ML,,,,2.8,0.2,5
2659860,2006-11-27T19:38:17Z,-41.56,0.0,175.14,0.0,14.0,1.0,ML,,,,2.0,0.1,9
2659936,2006-11-27T22:47:40Z,-44.83,0.0,167.28,0.0,5.0,0.0,ML,,,,2.8,0.2,9
2659941,2006-11-27T22:59:16Z,-40.74,0.1,172.99,0.0,205.0,4.0,ML,,,,3.1,0.2,3
2659995,2006-11-28T01:28:14Z,-45.2,0.0,166.92,0.0,24.0,1.0,ML,,,,2.6,0.3,5
2660041,2006-11-28T03:26:39Z,-41.22,0.0,173.8,0.0,61.0,2.0,ML,,,,2.5,0.1,6
2660105,2006-11-28T06:58:38Z,-40.94,0.0,175.54,0.0,25.0,1.0,ML,,,,2.1,0.2,6
2660116,2006-11-28T07:31:24Z,-37.89,0.0,178.68,0.0,12.0,0.0,ML,,,,3.1,0.3,4
2660128,2006-11-28T08:05:38Z,-38.01,0.0,176.41,0.0,134.0,2.0,ML,,,,3.0,0.1,4
2660159,2006-11-28T09:45:57Z,-38.9,0.0,175.49,0.0,117.0,2.0,ML,,,,3.2,0.3,15
2660160,2006-11-28T09:47:43Z,-37.84,0.0,176.77,0.0,5.0,0.0,ML,,,,2.5,0.1,4
2660170,2006-11-28T10:22:59Z,-37.89,0.0,176.73,0.0,5.0,0.0,ML,,,,1.7,0.1,3
2660177,2006-11-28T10:47:31Z,-38.58,0.0,178.28,0.0,12.0,0.0,ML,,,,2.2,0.2,4
2660178,2006-11-28T10:50:16Z,-37.88,0.0,178.64,0.0,5.0,0.0,ML,,,,2.5,0.2,3
2660201,2006-11-28T11:54:34Z,-38.61,0.0,178.65,0.1,33.0,0.0,ML,,,,2.6,0.3,5
2660207,2006-11-28T12:09:24Z,-37.75,0.0,177.22,0.0,71.0,0.0,ML,,,,2.4,0.3,4
2660209,2006-11-28T12:16:00Z,-45.07,0.0,167.49,0.1,81.0,3.0,ML,,,,2.5,0.2,7
2660228,2006-11-28T13:14:27Z,-38.05,0.1,176.16,0.1,205.0,4.0,ML,,,,3.4,0.2,12
2660236,2006-11-28T13:42:24Z,-39.3,0.0,174.72,0.0,29.0,2.0,ML,,,,2.2,0.1,10
2660237,2006-11-28T13:44:29Z,-38.46,0.0,176.15,0.0,140.0,2.0,ML,,,,3.6,0.1,12
2660244,2006-11-28T14:04:49Z,-38.49,0.0,178.25,0.0,6.0,2.0,ML,,,,2.2,0.1,4
2660245,2006-11-28T14:07:39Z,-39.93,0.0,176.71,0.0,44.0,4.0,ML,,,,2.7,0.2,4
2660246,2006-11-28T14:10:56Z,-44.76,0.0,167.3,0.1,45.0,4.0,ML,,,,2.2,0.3,5
2908770,2006-11-28T14:33:00Z,-38.41,0.0,178.19,0.0,12.0,0.0,ML,,,,2.6,0.1,4
2660250,2006-11-28T14:34:45Z,-40.02,0.0,176.87,0.0,44.0,3.0,ML,,,,3.0,0.3,7
2660266,2006-11-28T15:16:31Z,-38.9,0.0,177.91,0.0,30.0,2.0,ML,,,,2.7,0.2,8
2660269,2006-11-28T15:28:21Z,-38.43,0.0,178.2,0.0,28.0,1.0,ML,,,,2.1,0.2,3
2660294,2006-11-28T16:41:56Z,-38.78,0.0,175.92,0.0,5.0,0.0,ML,,,,1.7,0.1,5
2660303,2006-11-28T17:13:11Z,-41.39,0.0,172.16,0.0,12.0,0.0,ML,,,,1.7,0.2,4
2660334,2006-11-28T18:42:50Z,-44.24,0.0,168.69,0.0,5.0,0.0,ML,,,,2.8,0.2,11
2660335,2006-11-28T18:44:46Z,-41.16,0.0,175.12,0.0,12.0,0.0,ML,,,,1.9,0.1,6
2660338,2006-11-28T18:54:51Z,-38.16,0.0,176.86,0.0,84.0,1.0,Mw,4.9,nan,0,5.5,0.2,24
2660350,2006-11-28T19:39:10Z,-47.59,0.0,165.44,0.1,33.0,0.0,ML,,,,3.5,0.3,5
2660377,2006-11-28T21:03:14Z,-45.15,0.0,166.96,0.0,12.0,0.0,ML,,,,3.4,0.2,8
2660409,2006-11-28T22:34:48Z,-39.11,0.0,175.28,0.0,15.0,0.0,ML,,,,1.6,0.1,9
2660410,2006-11-28T22:36:24Z,-40.28,0.0,177.05,0.0,5.0,0.0,ML,,,,3.6,0.2,23
2660419,2006-11-28T23:06:16Z,-37.9,0.0,178.69,0.0,12.0,0.0,ML,,,,3.3,0.3,4
2660428,2006-11-28T23:31:32Z,-37.88,0.0,178.59,0.0,12.0,0.0,ML,,,,3.1,0.3,4
2660442,2006-11-29T00:16:22Z,-43.47,0.0,170.2,0.0,5.0,0.0,ML,,,,2.4,0.3,5
2660444,2006-11-29T00:22:37Z,-38.88,0.0,177.92,0.1,30.0,4.0,ML,,,,2.4,0.1,3
2660446,2006-11-29T00:30:18Z,-36.41,0.1,177.81,0.2,92.0,16.0,ML,,,,3.3,0.2,4
2660450,2006-11-29T00:38:37Z,-37.89,0.0,178.69,0.0,12.0,0.0,ML,,,,3.2,0.3,4
2660452,2006-11-29T00:47:32Z,-41.5,0.0,173.47,0.0,54.0,3.0,ML,,,,2.8,0.1,6
2660453,2006-11-29T00:49:07Z,-37.91,0.0,178.69,0.0,12.0,0.0,ML,,,,3.9,0.3,6
2911346,2006-11-29T00:50:54Z,-37.87,0.0,178.66,0.0,9.0,1.0,ML,,,,3.0,0.3,4
2660455,2006-11-29T00:56:00Z,-37.88,0.0,178.61,0.0,12.0,0.0,ML,,,,3.1,0.3,3
2660493,2006-11-29T02:45:45Z,-39.39,0.0,177.29,0.0,5.0,0.0,ML,,,,2.4,0.1,2
2660497,2006-11-29T02:59:25Z,-41.22,0.0,172.85,0.0,136.0,3.0,ML,,,,2.8,nan,1
2660514,2006-11-29T03:50:06Z,-40.37,0.0,176.36,0.0,33.0,0.0,ML,,,,2.7,0.1,4
2660519,2006-11-29T03:57:42Z,-39.19,0.0,177.57,0.0,32.0,2.0,ML,,,,2.5,0.1,3
2660537,2006-11-29T04:50:06Z,-37.09,0.1,177.51,0.1,192.0,5.0,ML,,,,3.3,0.4,6
2660544,2006-11-29T05:10:51Z,-40.71,0.0,175.14,0.0,31.0,2.0,ML,,,,2.3,0.2,5
2660562,2006-11-29T05:55:34Z,-40.33,0.0,176.17,0.0,41.0,2.0,ML,,,,3.0,0.3,7
2660570,2006-11-29T06:10:58Z,-45.72,0.0,166.96,0.0,5.0,0.0,ML,,,,2.8,0.2,3
2660580,2006-11-29T06:46:45Z,-38.87,0.0,175.97,0.0,5.0,0.0,ML,,,,2.2,0.2,10
2660582,2006-11-29T06:54:30Z,-37.89,0.0,178.69,0.0,12.0,0.0,ML,,,,3.3,0.3,4
2660612,2006-11-29T08:14:37Z,-41.0,0.0,174.87,0.0,30.0,1.0,ML,,,,2.2,0.1,5
2660616,2006-11-29T08:26:28Z,-41.35,0.0,174.88,0.0,31.0,3.0,ML,,,,1.9,0.1,4
2660634,2006-11-29T09:12:51Z,-41.42,0.0,173.66,0.0,54.0,1.0,ML,,,,2.6,0.2,5
2660636,2006-11-29T09:19:40Z,-38.38,0.0,178.72,0.0,12.0,0.0,ML,,,,3.5,0.2,4
2660637,2006-11-29T09:21:32Z,-38.37,0.0,178.69,0.0,5.0,0.0,ML,,,,2.8,0.3,3
2660700,2006-11-29T12:04:17Z,-37.87,0.0,178.59,0.0,12.0,0.0,ML,,,,3.0,0.2,4
2660706,2006-11-29T12:25:35Z,-38.52,0.0,179.26,0.0,33.0,0.0,ML,,,,3.2,0.2,3
2908719,2006-11-29T13:31:10Z,-42.45,0.0,172.67,0.0,25.0,6.0,ML,,,,2.1,0.2,3
2660730,2006-11-29T13:32:19Z,-37.19,0.0,177.42,0.0,12.0,0.0,ML,,,,3.1,0.1,5
2660731,2006-11-29T13:34:32Z,-47.37,0.1,165.87,0.1,33.0,0.0,ML,,,,3.1,0.4,3
2660737,2006-11-29T13:52:29Z,-37.96,0.0,176.52,0.0,5.0,0.0,ML,,,,2.4,0.1,3
2660809,2006-11-29T16:52:07Z,-41.54,0.0,174.0,0.0,13.0,2.0,ML,,,,3.0,0.2,15
2660838,2006-11-29T17:58:16Z,-38.12,0.0,176.07,0.1,145.0,5.0,ML,,,,3.4,0.2,6
2660933,2006-11-29T21:37:23Z,-37.84,0.0,176.78,0.0,5.0,0.0,ML,,,,2.9,0.2,4
2660944,2006-11-29T22:05:20Z,-45.1,0.0,167.35,0.0,57.0,3.0,ML,,,,2.6,0.2,6
2660946,2006-11-29T22:10:35Z,-37.87,0.0,178.76,0.0,12.0,0.0,ML,,,,3.3,0.3,4
2660947,2006-11-29T22:14:44Z,-42.68,0.0,171.93,0.1,12.0,0.0,ML,,,,2.8,0.3,4
2660992,2006-11-30T00:01:25Z,-37.88,0.0,178.65,0.0,12.0,0.0,ML,,,,3.3,0.3,4
2661035,2006-11-30T01:51:03Z,-38.21,0.0,177.0,0.0,62.0,1.0,ML,,,,3.0,0.2,2
2661061,2006-11-30T02:46:33Z,-41.29,0.0,173.42,0.0,81.0,2.0,ML,,,,2.6,0.2,5
2661107,2006-11-30T04:25:02Z,-37.77,0.0,-179.91,0.0,12.0,0.0,ML,,,,3.3,0.2,2
2661124,2006-11-30T05:10:50Z,-37.23,0.0,176.76,0.0,223.0,2.0,ML,,,,3.2,0.3,2
2661127,2006-11-30T05:24:43Z,-40.46,0.0,176.45,0.0,41.0,7.0,ML,,,,2.9,0.1,4
2661144,2006-11-30T06:15:17Z,-45.15,0.0,166.93,0.1,12.0,0.0,ML,,,,2.4,0.2,4
2661163,2006-11-30T07:08:25Z,-39.28,0.0,176.56,0.0,67.0,1.0,ML,,,,2.7,0.1,3
2661189,2006-11-30T08:29:13Z,-37.88,0.0,178.6,0.0,12.0,0.0,ML,,,,2.7,0.2,3
2908264,2006-11-30T08:32:06Z,-47.4,0.2,165.61,0.1,33.0,0.0,ML,,,,3.0,nan,1
2661193,2006-11-30T08:42:01Z,-40.98,0.0,174.52,0.0,5.0,0.0,ML,,,,2.1,0.2,7
2661198,2006-11-30T08:55:38Z,-40.12,0.0,174.94,0.0,12.0,0.0,ML,,,,3.1,0.2,35
2908267,2006-11-30T08:57:08Z,-40.12,0.0,174.93,0.0,12.0,0.0,ML,,,,2.9,0.2,19
2661212,2006-11-30T09:41:22Z,-42.26,0.0,172.99,0.0,59.0,6.0,ML,,,,2.3,0.1,3
2661215,2006-11-30T09:45:59Z,-37.85,0.0,176.78,0.0,5.0,0.0,ML,,,,2.2,0.1,3
2661243,2006-11-30T11:27:30Z,-38.53,0.0,175.84,0.0,165.0,3.0,ML,,,,3.6,0.2,12
2661255,2006-11-30T12:06:04Z,-37.64,0.0,176.57,0.0,85.0,5.0,ML,,,,2.8,0.3,3
2661262,2006-11-30T12:30:49Z,-37.88,0.0,178.67,0.0,12.0,0.0,ML,,,,3.1,0.3,5
2661268,2006-11-30T12:48:06Z,-40.32,0.0,176.68,0.0,23.0,3.0,ML,,,,2.3,0.4,4
2661282,2006-11-30T13:41:32Z,-40.49,0.0,174.48,0.0,84.0,3.0,ML,,,,2.8,0.2,12
2661318,2006-11-30T15:42:24Z,-45.31,0.0,166.96,0.0,24.0,1.0,ML,,,,2.3,0.1,3
2661321,2006-11-30T15:57:44Z,-39.92,0.0,176.6,0.0,49.0,2.0,ML,,,,3.3,0.2,13
2661329,2006-11-30T16:22:22Z,-41.63,0.0,173.59,0.0,49.0,2.0,ML,,,,2.5,0.2,9
2908282,2006-11-30T16:23:16Z,-37.83,0.0,176.79,0.0,5.0,0.0,ML,,,,2.2,0.1,2
2661337,2006-11-30T16:44:12Z,-40.98,0.0,175.56,0.0,25.0,1.0,ML,,,,2.6,0.2,11
2661341,2006-11-30T16:53:55Z,-41.12,0.0,174.99,0.0,19.0,1.0,ML,,,,2.1,0.2,9
2661346,2006-11-30T17:13:19Z,-41.26,0.0,174.5,0.0,20.0,1.0,ML,,,,1.9,0.2,4
2661355,2006-11-30T17:43:51Z,-37.87,0.0,178.61,0.0,5.0,0.0,ML,,,,2.5,0.2,3
2661378,2006-11-30T18:53:57Z,-37.87,0.0,178.64,0.0,12.0,0.0,ML,,,,2.9,0.2,4
2661382,2006-11-30T18:58:48Z,-39.14,0.0,173.69,0.0,17.0,2.0,ML,,,,3.1,0.1,11
2661401,2006-11-30T19:53:59Z,-39.0,0.0,173.93,0.0,5.0,0.0,ML,,,,2.6,0.3,5
2661409,2006-11-30T20:18:57Z,-40.3,0.0,175.76,0.0,33.0,1.0,ML,,,,2.4,0.3,17
2661429,2006-11-30T21:21:04Z,-44.1,0.0,171.14,0.0,5.0,0.0,ML,,,,2.4,0.3,6
2661453,2006-11-30T22:27:21Z,-36.98,0.1,-179.4,0.1,33.0,0.0,ML,,,,3.7,0.1,4
2661460,2006-11-30T22:50:13Z,-37.6,0.0,178.32,0.0,49.0,1.0,ML,,,,2.8,0.2,3
2661463,2006-11-30T22:57:34Z,-38.33,0.0,177.3,0.0,45.0,2.0,ML,,,,3.3,0.3,7
2661487,2006-11-30T23:47:21Z,-39.29,0.0,175.12,0.0,32.0,1.0,ML,,,,2.6,0.2,18
2661506,2006-12-01T00:44:42Z,-45.33,0.0,166.84,0.0,22.0,1.0,ML,,,,2.3,0.2,3
2661508,2006-12-01T00:53:39Z,-44.78,0.0,170.5,0.0,5.0,0.0,ML,,,,2.5,0.3,6
2661526,2006-12-01T01:47:33Z,-41.97,0.0,171.82,0.0,12.0,0.0,ML,,,,2.2,0.3,4
2661529,2006-12-01T01:55:16Z,-39.16,0.0,175.38,0.0,15.0,0.0,ML,,,,1.6,0.2,8
2661544,2006-12-01T02:51:55Z,-40.54,0.0,175.63,0.0,32.0,2.0,ML,,,,2.6,0.2,8
2661560,2006-12-01T03:49:32Z,-40.28,0.0,173.89,0.0,92.0,1.0,ML,,,,2.4,0.2,2
2661588,2006-12-01T05:10:14Z,-38.99,0.0,175.82,0.0,5.0,0.0,ML,,,,2.2,0.2,15
2661607,2006-12-01T05:11:27Z,-37.87,0.0,178.62,0.0,12.0,0.0,ML,,,,3.0,0.2,4
2661604,2006-12-01T05:56:47Z,-37.87,0.0,178.65,0.0,12.0,0.0,ML,,,,3.0,0.2,3
2661609,2006-12-01T06:11:10Z,-38.98,0.0,175.82,0.0,5.0,0.0,ML,,,,1.6,0.2,3
2661610,2006-12-01T06:15:53Z,-39.11,0.0,173.76,0.0,12.0,0.0,ML,,,,2.7,0.2,9
2661621,2006-12-01T06:39:18Z,-38.11,0.0,176.76,0.0,80.0,2.0,ML,,,,2.6,0.3,3
2661665,2006-12-01T08:21:35Z,-37.04,0.0,177.39,0.0,180.0,2.0,ML,,,,4.3,0.2,23
2661667,2006-12-01T08:31:08Z,-38.76,0.0,176.93,0.0,51.0,7.0,ML,,,,2.7,0.1,4
2661685,2006-12-01T09:06:36Z,-40.93,0.0,175.94,0.0,20.0,2.0,ML,,,,1.9,0.2,2
2661698,2006-12-01T09:32:20Z,-38.72,0.0,176.24,0.0,90.0,2.0,ML,,,,2.4,0.0,2
2661702,2006-12-01T09:46:40Z,-40.33,0.0,174.17,0.0,84.0,6.0,ML,,,,2.2,0.3,4
2661705,2006-12-01T09:51:51Z,-38.99,0.0,175.81,0.0,5.0,0.0,ML,,,,2.8,0.2,24
2661745,2006-12-01T11:37:24Z,-44.69,0.0,167.64,0.0,5.0,0.0,ML,,,,2.5,0.2,9
2661748,2006-12-01T11:48:39Z,-38.98,0.0,175.81,0.0,8.0,1.0,ML,,,,1.8,0.3,5
2661754,2006-12-01T11:57:33Z,-37.77,0.0,177.32,0.0,79.0,1.0,ML,,,,3.7,0.2,10
2661760,2006-12-01T12:07:23Z,-38.5,0.0,176.4,0.1,122.0,4.0,ML,,,,2.4,0.1,2
2661770,2006-12-01T12:41:38Z,-40.92,0.0,175.47,0.0,26.0,1.0,ML,,,,2.9,0.2,20
2661779,2006-12-01T13:01:01Z,-38.98,0.0,175.81,0.0,6.0,1.0,ML,,,,2.0,0.2,12
2661807,2006-12-01T14:18:08Z,-44.81,0.0,167.38,0.0,12.0,0.0,ML,,,,2.3,0.2,7
2661810,2006-12-01T14:34:46Z,-41.44,0.0,173.77,0.0,47.0,2.0,ML,,,,2.7,0.2,5
2661850,2006-12-01T16:38:08Z,-38.99,0.0,175.81,0.0,7.0,1.0,ML,,,,1.7,0.2,7
2661851,2006-12-01T16:40:05Z,-40.95,0.0,174.81,0.0,32.0,1.0,ML,,,,2.0,0.2,8
2661878,2006-12-01T17:42:00Z,-41.58,0.0,172.23,0.0,5.0,0.0,ML,,,,2.8,0.3,5
2661880,2006-12-01T17:51:07Z,-44.78,0.0,169.72,0.0,12.0,0.0,ML,,,,1.7,0.1,3
2661902,2006-12-01T18:52:45Z,-42.89,0.0,172.9,0.0,33.0,2.0,ML,,,,2.3,0.3,4
2661914,2006-12-01T19:28:36Z,-42.12,0.0,172.96,0.0,12.0,0.0,ML,,,,2.4,0.1,6
2661924,2006-12-01T19:59:08Z,-42.25,0.0,172.82,0.0,71.0,5.0,ML,,,,2.0,nan,1
2661925,2006-12-01T20:02:59Z,-39.11,0.0,175.27,0.0,14.0,0.0,ML,,,,1.8,0.2,7
2661930,2006-12-01T20:12:10Z,-37.88,0.0,178.68,0.0,12.0,0.0,ML,,,,3.5,0.2,5
2661948,2006-12-01T20:59:50Z,-39.25,0.0,175.43,0.0,103.0,2.0,ML,,,,2.8,0.2,3
2661954,2006-12-01T21:07:59Z,-40.97,0.0,177.0,0.0,33.0,0.0,ML,,,,3.0,0.2,12
2661955,2006-12-01T21:11:45Z,-45.12,0.0,168.4,0.0,5.0,0.0,ML,,,,2.2,0.1,5
2661957,2006-12-01T21:18:26Z,-45.12,0.0,168.38,0.0,5.0,0.0,ML,,,,2.3,0.2,8
2661982,2006-12-01T22:25:38Z,-40.23,0.0,174.76,0.0,12.0,0.0,ML,,,,2.4,0.2,12
2662023,2006-12-02T00:21:45Z,-42.25,0.0,174.58,0.0,33.0,0.0,ML,,,,2.2,0.2,5
2909178,2006-12-02T00:22:19Z,-37.83,0.0,176.79,0.0,5.0,0.0,ML,,,,1.8,0.0,2
2662024,2006-12-02T00:26:19Z,-45.35,0.0,166.91,0.0,47.0,2.0,ML,,,,2.6,0.2,8
2662040,2006-12-02T01:07:48Z,-38.99,0.0,175.82,0.0,7.0,1.0,ML,,,,2.1,0.2,11
2662045,2006-12-02T01:16:37Z,-38.16,0.0,176.28,0.0,5.0,0.0,ML,,,,1.8,0.1,2
2662046,2006-12-02T01:20:11Z,-43.1,0.0,171.47,0.0,5.0,0.0,ML,,,,2.7,0.3,10
2662080,2006-12-02T03:04:06Z,-37.96,0.0,176.51,0.0,5.0,0.0,Mw,3.7,nan,0,4.0,0.2,13
2662083,2006-12-02T03:11:27Z,-37.96,0.0,176.51,0.0,5.0,0.0,ML,,,,2.6,0.1,3
2662201,2006-12-02T03:12:01Z,-37.96,0.0,176.51,0.0,5.0,0.0,ML,,,,1.7,0.1,2
2662087,2006-12-02T03:21:16Z,-37.96,0.0,176.51,0.0,5.0,0.0,ML,,,,1.9,0.0,2
2662093,2006-12-02T03:44:43Z,-37.94,0.0,176.51,0.0,5.0,0.0,ML,,,,1.6,0.1,2
2662095,2006-12-02T03:51:33Z,-37.96,0.0,176.51,0.0,5.0,0.0,ML,,,,1.8,nan,1
2662096,2006-12-02T03:52:46Z,-37.01,0.0,176.88,0.1,243.0,5.0,ML,,,,4.4,0.2,22
2662105,2006-12-02T04:19:27Z,-37.95,0.0,176.52,0.0,5.0,0.0,ML,,,,2.2,0.1,3
2662108,2006-12-02T04:26:22Z,-37.96,0.0,176.51,0.0,5.0,0.0,ML,,,,2.0,0.0,2
2662109,2006-12-02T04:31:02Z,-37.95,0.0,176.51,0.0,5.0,0.0,ML,,,,1.6,nan,1
2662110,2006-12-02T04:33:59Z,-37.94,0.0,176.51,0.0,5.0,0.0,ML,,,,1.6,nan,1
2662111,2006-12-02T04:35:00Z,-37.83,0.0,176.8,0.0,5.0,0.0,ML,,,,3.3,0.2,8
2662112,2006-12-02T04:39:08Z,-37.95,0.0,176.51,0.0,5.0,0.0,ML,,,,2.4,0.1,3
2662131,2006-12-02T05:34:37Z,-37.97,0.0,176.51,0.0,5.0,0.0,ML,,,,1.9,0.1,1
2662133,2006-12-02T05:37:10Z,-37.92,0.0,176.5,0.0,5.0,0.0,ML,,,,2.3,0.3,3
2662145,2006-12-02T06:05:57Z,-41.09,0.0,175.05,0.0,27.0,1.0,ML,,,,2.0,0.2,9
2662146,2006-12-02T06:07:56Z,-37.97,0.0,176.51,0.0,5.0,0.0,ML,,,,2.0,0.1,2
2662183,2006-12-02T07:56:49Z,-38.71,0.0,176.95,0.0,47.0,5.0,ML,,,,2.7,0.1,3
2662207,2006-12-02T09:12:18Z,-44.13,0.0,169.29,0.0,12.0,0.0,ML,,,,1.9,0.2,4
2662209,2006-12-02T09:18:03Z,-37.96,0.0,176.51,0.0,5.0,0.0,ML,,,,1.8,0.0,2
2662217,2006-12-02T09:40:25Z,-42.91,0.0,172.47,0.0,5.0,0.0,ML,,,,1.9,0.2,3
2662219,2006-12-02T09:42:10Z,-43.06,0.0,171.44,0.0,5.0,0.0,ML,,,,3.1,0.2,7
2662227,2006-12-02T10:09:45Z,-44.72,0.0,167.95,0.0,95.0,3.0,ML,,,,2.5,0.1,6
2662239,2006-12-02T10:40:43Z,-39.9,0.0,176.86,0.0,55.0,3.0,ML,,,,3.4,0.2,11
2662243,2006-12-02T10:48:59Z,-37.41,0.0,176.98,0.1,5.0,0.0,ML,,,,2.4,0.4,3
2662269,2006-12-02T12:13:33Z,-38.29,0.0,174.33,0.0,12.0,0.0,ML,,,,2.5,0.4,3
2662290,2006-12-02T13:04:57Z,-36.64,0.0,177.12,0.0,5.0,0.0,Mw,4.4,nan,0,4.7,0.3,13
2662295,2006-12-02T13:20:07Z,-40.42,0.0,173.43,0.0,154.0,5.0,ML,,,,2.7,0.3,6
2662305,2006-12-02T13:48:36Z,-44.21,0.0,168.73,0.0,5.0,0.0,ML,,,,2.3,0.3,7
2662326,2006-12-02T14:49:26Z,-38.12,0.0,176.48,0.0,5.0,0.0,ML,,,,2.5,0.4,2
2662339,2006-12-02T15:15:00Z,-37.85,0.0,178.71,0.1,33.0,0.0,ML,,,,2.5,0.2,3
2662342,2006-12-02T15:28:44Z,-39.84,0.0,176.73,0.0,48.0,2.0,ML,,,,2.3,0.1,4
2662345,2006-12-02T15:33:20Z,-40.15,0.0,173.89,0.0,104.0,2.0,ML,,,,2.4,0.1,6
2662353,2006-12-02T15:50:40Z,-38.25,0.0,177.22,0.0,45.0,0.0,ML,,,,1.9,0.1,3
2662375,2006-12-02T17:11:07Z,-41.0,0.0,177.04,0.0,33.0,0.0,ML,,,,3.1,0.2,7
2662393,2006-12-02T18:02:26Z,-36.71,0.0,177.14,0.0,33.0,0.0,ML,,,,3.8,0.1,5
2662432,2006-12-02T19:59:36Z,-39.29,0.0,173.79,0.1,12.0,2.0,ML,,,,1.7,0.1,2
2662446,2006-12-02T20:45:42Z,-38.84,0.0,176.28,0.0,75.0,2.0,ML,,,,3.2,0.1,7
2662452,2006-12-02T21:02:40Z,-41.27,0.0,175.25,0.0,27.0,3.0,ML,,,,1.4,0.1,4
2911482,2006-12-02T21:03:40Z,-38.39,0.1,176.16,0.1,146.0,9.0,ML,,,,2.8,0.2,4
2662485,2006-12-02T22:47:17Z,-40.23,0.0,174.76,0.0,33.0,0.0,ML,,,,2.0,0.2,4
2662506,2006-12-02T23:53:56Z,-41.37,0.0,172.23,0.0,5.0,0.0,ML,,,,1.8,0.2,3
2662528,2006-12-03T00:55:15Z,-43.02,0.0,171.46,0.0,5.0,0.0,ML,,,,2.5,0.4,6
2662568,2006-12-03T03:02:30Z,-39.58,0.0,177.3,0.0,62.0,3.0,ML,,,,3.8,0.2,20
2662569,2006-12-03T03:05:55Z,-45.48,0.0,167.06,0.0,62.0,2.0,ML,,,,3.0,0.2,7
2662570,2006-12-03T03:09:45Z,-44.26,0.0,168.75,0.0,5.0,0.0,ML,,,,2.8,0.2,9
2662585,2006-12-03T03:57:30Z,-40.35,0.0,173.73,0.0,93.0,3.0,ML,,,,2.8,0.1,5
2662586,2006-12-03T03:59:17Z,-40.32,0.0,173.32,0.0,182.0,4.0,ML,,,,3.0,0.2,5
2662595,2006-12-03T04:17:51Z,-40.62,0.0,175.89,0.0,28.0,1.0,ML,,,,2.2,0.2,5
2662625,2006-12-03T05:46:44Z,-39.18,0.0,174.84,0.0,215.0,3.0,ML,,,,4.1,0.2,18
2662658,2006-12-03T07:30:28Z,-39.06,0.0,175.16,0.0,12.0,0.0,ML,,,,1.8,0.2,10
2662683,2006-12-03T08:41:06Z,-38.12,0.0,176.18,0.1,146.0,5.0,ML,,,,2.7,0.3,3
2662709,2006-12-03T10:05:05Z,-41.55,0.0,174.0,0.0,18.0,1.0,ML,,,,2.0,0.2,8
2662711,2006-12-03T10:13:27Z,-41.07,0.0,175.21,0.0,24.0,1.0,ML,,,,2.3,0.1,6
2662715,2006-12-03T10:20:55Z,-38.81,0.0,176.01,0.0,5.0,0.0,ML,,,,2.9,0.2,22
2662728,2006-12-03T10:47:37Z,-38.73,0.0,176.88,0.0,50.0,6.0,ML,,,,2.5,0.1,4
2662745,2006-12-03T11:25:54Z,-39.04,0.0,177.92,0.0,32.0,2.0,ML,,,,2.2,0.2,2
2662768,2006-12-03T12:21:42Z,-39.31,0.0,177.15,0.0,33.0,0.0,ML,,,,2.7,0.2,12
2662772,2006-12-03T12:33:43Z,-43.37,0.0,174.05,0.0,12.0,0.0,ML,,,,2.5,0.1,10
2662779,2006-12-03T12:50:31Z,-40.52,0.0,174.34,0.0,82.0,8.0,ML,,,,2.3,0.0,2
2662796,2006-12-03T13:56:28Z,-36.72,0.1,179.85,0.1,33.0,0.0,ML,,,,3.7,0.1,4
2662802,2006-12-03T14:19:27Z,-37.96,0.0,176.51,0.0,5.0,0.0,ML,,,,1.8,0.0,2
2662805,2006-12-03T14:26:23Z,-38.01,0.0,176.53,0.0,14.0,2.0,ML,,,,1.7,nan,1
2662814,2006-12-03T14:56:18Z,-37.59,0.0,178.38,0.0,46.0,2.0,ML,,,,2.6,0.2,4
2662841,2006-12-03T16:09:28Z,-38.86,0.0,175.4,0.0,160.0,2.0,ML,,,,3.5,0.2,13
2662871,2006-12-03T17:29:36Z,-41.36,0.0,172.96,0.0,124.0,3.0,ML,,,,3.2,0.1,10
2662888,2006-12-03T18:20:53Z,-38.96,0.0,173.92,0.0,5.0,0.0,ML,,,,3.0,0.2,9
2662908,2006-12-03T19:30:22Z,-39.09,0.0,177.6,0.0,31.0,2.0,ML,,,,3.2,0.2,5
2662914,2006-12-03T19:54:45Z,-41.04,0.0,174.55,0.0,31.0,1.0,ML,,,,1.9,0.1,6
2662917,2006-12-03T20:03:36Z,-42.23,0.0,173.15,0.0,5.0,0.0,ML,,,,2.4,0.2,5
2662918,2006-12-03T20:06:21Z,-39.29,0.0,174.88,0.0,33.0,0.0,ML,,,,2.2,0.1,11
2662931,2006-12-03T20:52:14Z,-39.28,0.1,175.58,0.1,0.0,0.0,ML,,,,1.6,0.3,2
2662934,2006-12-03T21:00:39Z,-45.19,0.0,167.18,0.0,5.0,0.0,ML,,,,2.2,0.2,5
2662952,2006-12-03T21:59:21Z,-39.15,0.0,175.42,0.0,9.0,1.0,ML,,,,2.1,0.2,12
2662985,2006-12-03T23:34:35Z,-37.84,0.0,177.58,0.0,53.0,3.0,ML,,,,3.2,0.2,4
2662986,2006-12-03T23:40:21Z,-38.34,0.0,177.43,0.0,42.0,2.0,ML,,,,2.5,0.1,4
2663012,2006-12-04T00:50:07Z,-37.13,0.0,176.97,0.1,231.0,6.0,ML,,,,3.4,0.3,6
2663036,2006-12-04T01:50:35Z,-41.07,0.0,175.2,0.0,24.0,1.0,ML,,,,2.2,0.2,8
2663037,2006-12-04T01:53:43Z,-35.65,0.1,178.3,0.2,205.0,12.0,ML,,,,3.8,0.2,10
2663078,2006-12-04T03:39:32Z,-37.85,0.0,176.16,0.0,189.0,3.0,ML,,,,3.5,0.2,8
2663093,2006-12-04T04:31:20Z,-41.05,0.0,172.78,0.0,171.0,4.0,ML,,,,3.0,0.3,3
2663206,2006-12-04T04:32:25Z,-39.55,0.0,175.76,0.0,22.0,2.0,ML,,,,1.8,0.2,2
2663102,2006-12-04T05:03:04Z,-44.77,0.0,167.95,0.0,108.0,4.0,ML,,,,2.6,0.2,5
2663107,2006-12-04T05:13:02Z,-39.98,0.1,174.0,0.0,135.0,9.0,ML,,,,2.7,0.3,6
2663124,2006-12-04T06:02:42Z,-44.4,0.0,168.24,0.0,5.0,0.0,ML,,,,2.7,0.2,10
2663131,2006-12-04T06:31:29Z,-45.14,0.0,167.11,0.0,59.0,1.0,ML,,,,2.1,0.2,3
2663165,2006-12-04T08:39:54Z,-38.21,0.0,177.77,0.0,66.0,2.0,ML,,,,3.0,0.1,7
2663173,2006-12-04T09:02:49Z,-46.49,0.0,166.52,0.0,12.0,0.0,ML,,,,2.9,0.7,2
2663181,2006-12-04T09:36:12Z,-44.27,0.0,168.73,0.0,5.0,0.0,ML,,,,2.0,0.2,6
2663209,2006-12-04T11:13:11Z,-43.84,0.0,169.07,0.0,5.0,0.0,ML,,,,3.2,0.3,11
2663214,2006-12-04T11:32:05Z,-41.43,0.0,172.91,0.0,107.0,3.0,ML,,,,2.7,0.1,4
2663222,2006-12-04T12:04:15Z,-36.76,0.1,177.07,0.1,247.0,10.0,ML,,,,3.1,0.1,2
2663225,2006-12-04T12:16:11Z,-40.9,0.0,174.64,0.0,68.0,2.0,ML,,,,2.2,0.1,6
2663250,2006-12-04T13:40:45Z,-37.97,0.0,176.51,0.0,5.0,0.0,ML,,,,2.0,0.1,2
2663265,2006-12-04T14:45:04Z,-38.61,0.0,177.95,0.1,33.0,0.0,ML,,,,2.4,0.1,3
2663271,2006-12-04T15:01:33Z,-38.95,0.0,177.97,0.0,20.0,4.0,ML,,,,2.4,0.1,3
2663284,2006-12-04T15:37:34Z,-40.98,0.0,174.75,0.0,43.0,1.0,ML,,,,2.5,0.1,8
2663287,2006-12-04T15:44:01Z,-37.95,0.0,176.51,0.0,5.0,0.0,ML,,,,2.3,0.2,5
2663290,2006-12-04T15:51:15Z,-41.98,0.0,173.61,0.0,12.0,0.0,ML,,,,2.3,0.3,6
2663293,2006-12-04T16:02:54Z,-41.79,0.0,173.56,0.0,47.0,3.0,ML,,,,2.6,0.1,10
2663310,2006-12-04T16:59:13Z,-40.57,0.0,174.08,0.0,87.0,5.0,ML,,,,2.5,0.1,3
2663312,2006-12-04T17:07:33Z,-45.97,0.0,167.8,0.0,20.0,1.0,ML,,,,2.4,0.2,7
2663324,2006-12-04T17:44:40Z,-37.15,0.0,178.29,0.1,37.0,6.0,ML,,,,3.3,0.3,4
2663332,2006-12-04T18:08:15Z,-40.33,0.0,176.36,0.0,49.0,3.0,ML,,,,2.5,0.2,3
2663334,2006-12-04T18:13:30Z,-39.55,0.0,175.7,0.0,23.0,1.0,ML,,,,1.8,0.1,11
2663345,2006-12-04T18:50:14Z,-44.61,0.0,168.19,0.0,81.0,3.0,ML,,,,2.7,0.2,9
2663349,2006-12-04T18:59:33Z,-38.22,0.0,177.49,0.0,43.0,1.0,Mw,4.7,nan,0,4.9,0.3,23
2663351,2006-12-04T19:09:25Z,-41.56,0.0,172.1,0.0,21.0,1.0,ML,,,,2.0,0.2,3
2663353,2006-12-04T19:18:43Z,-43.82,0.0,169.3,0.0,5.0,0.0,ML,,,,1.5,0.1,3
2663361,2006-12-04T19:36:08Z,-38.94,0.0,175.98,0.0,5.0,0.0,ML,,,,2.0,0.2,9
2663368,2006-12-04T19:49:32Z,-39.28,0.0,175.56,0.0,0.0,0.0,ML,,,,1.8,0.3,5
2663369,2006-12-04T19:53:39Z,-39.28,0.0,175.56,0.0,0.0,0.0,ML,,,,1.2,0.1,4
2663540,2006-12-04T19:54:24Z,-39.28,0.0,175.56,0.0,0.0,0.0,ML,,,,1.3,0.1,3
2663375,2006-12-04T20:14:37Z,-45.1,0.0,167.6,0.1,109.0,3.0,ML,,,,2.5,0.3,2
2663386,2006-12-04T20:46:00Z,-40.13,0.0,176.61,0.0,48.0,1.0,ML,,,,2.3,0.0,2
2663391,2006-12-04T20:59:19Z,-41.02,0.0,174.47,0.0,42.0,2.0,ML,,,,1.9,0.1,4
2663430,2006-12-04T23:09:13Z,-41.39,0.0,175.07,0.0,38.0,1.0,ML,,,,2.6,0.2,11
2663438,2006-12-04T23:24:25Z,-38.48,0.0,178.57,0.1,33.0,0.0,ML,,,,2.5,0.1,3
2663447,2006-12-04T23:53:15Z,-45.46,0.0,166.71,0.0,12.0,0.0,ML,,,,2.9,0.2,6
2663448,2006-12-04T23:55:57Z,-37.29,0.0,177.59,0.0,127.0,3.0,ML,,,,3.6,0.2,8
2663480,2006-12-05T01:18:56Z,-39.43,0.0,176.46,0.0,76.0,3.0,ML,,,,3.0,0.2,9
2663526,2006-12-05T03:06:41Z,-37.25,0.0,176.78,0.0,245.0,3.0,ML,,,,3.9,0.2,18
2663548,2006-12-05T04:12:26Z,-45.17,0.1,166.78,0.1,19.0,6.0,ML,,,,2.3,0.1,4
2663549,2006-12-05T04:14:15Z,-43.4,0.0,170.76,0.0,5.0,0.0,ML,,,,2.6,0.3,6
2663557,2006-12-05T04:37:46Z,-39.28,0.0,175.56,0.0,0.0,0.0,ML,,,,1.1,0.4,3
2663560,2006-12-05T04:48:15Z,-41.66,0.0,171.86,0.0,5.0,0.0,ML,,,,2.4,0.1,4
2663575,2006-12-05T05:35:03Z,-41.4,0.0,172.33,0.0,5.0,0.0,ML,,,,2.3,0.1,3
2911505,2006-12-05T05:35:58Z,-41.07,0.0,173.09,0.0,146.0,3.0,ML,,,,3.2,0.4,11
2663585,2006-12-05T05:58:30Z,-45.12,0.0,167.28,0.0,52.0,3.0,ML,,,,2.5,0.2,8
2663591,2006-12-05T06:15:22Z,-37.28,0.1,176.16,0.1,175.0,9.0,ML,,,,3.1,0.4,5
2663604,2006-12-05T07:01:49Z,-41.42,0.0,174.99,0.0,24.0,1.0,ML,,,,1.7,0.1,5
2663607,2006-12-05T07:13:14Z,-45.13,0.0,167.2,0.1,67.0,6.0,ML,,,,2.4,0.3,6
2663620,2006-12-05T07:42:40Z,-40.81,0.0,176.49,0.0,12.0,0.0,ML,,,,2.7,0.3,9
2663631,2006-12-05T08:07:16Z,-40.22,0.0,173.76,0.0,147.0,3.0,ML,,,,4.3,0.2,22
2663634,2006-12-05T08:16:35Z,-37.71,0.0,177.04,0.0,131.0,2.0,ML,,,,2.6,0.2,3
2663639,2006-12-05T08:34:36Z,-42.11,0.0,172.92,0.0,52.0,3.0,ML,,,,1.7,nan,1
2663662,2006-12-05T09:30:11Z,-39.28,0.0,175.56,0.0,0.0,0.0,ML,,,,1.9,0.1,1
2663666,2006-12-05T09:43:23Z,-38.18,0.0,176.95,0.0,66.0,0.0,ML,,,,2.4,0.1,3
2663668,2006-12-05T09:46:02Z,-41.45,0.0,173.38,0.0,90.0,3.0,ML,,,,2.6,0.1,7
2663670,2006-12-05T09:52:51Z,-40.74,0.0,176.32,0.0,30.0,1.0,ML,,,,2.9,0.3,8
2663671,2006-12-05T09:58:32Z,-40.18,0.0,176.56,0.0,47.0,7.0,ML,,,,2.4,0.1,5
2663686,2006-12-05T10:22:04Z,-38.54,0.0,178.01,0.0,12.0,0.0,ML,,,,2.3,0.1,4
2663687,2006-12-05T10:24:42Z,-41.51,0.0,172.94,0.0,88.0,2.0,ML,,,,2.4,0.4,2
2663705,2006-12-05T11:07:58Z,-35.52,0.1,179.34,0.1,268.0,6.0,ML,,,,3.6,0.2,6
2663708,2006-12-05T11:16:49Z,-42.19,0.0,172.9,0.0,60.0,4.0,ML,,,,2.8,0.2,8
2663725,2006-12-05T11:55:31Z,-42.4,0.0,173.08,0.0,33.0,0.0,ML,,,,2.2,0.4,4
2663727,2006-12-05T12:02:55Z,-42.45,0.0,173.05,0.0,33.0,0.0,ML,,,,1.4,0.1,3
2663741,2006-12-05T12:37:02Z,-39.73,0.0,177.38,0.0,51.0,3.0,ML,,,,2.4,0.2,5
2663742,2006-12-05T12:39:43Z,-40.44,0.0,176.06,0.0,33.0,0.0,ML,,,,2.8,0.2,15
2663745,2006-12-05T12:58:46Z,-38.14,0.0,176.91,0.0,64.0,3.0,ML,,,,2.5,0.2,4
2911962,2006-12-05T13:41:30Z,-41.19,0.0,173.36,0.0,99.0,3.0,ML,,,,2.2,0.1,2
2663758,2006-12-05T13:41:42Z,-39.1,0.0,175.28,0.0,14.0,4.0,ML,,,,1.5,0.1,4
2663760,2006-12-05T13:44:34Z,-35.39,0.2,178.72,0.4,287.0,7.0,ML,,,,3.5,0.1,5
2663769,2006-12-05T14:12:51Z,-41.91,0.0,173.37,0.0,35.0,8.0,ML,,,,2.3,0.2,6
2663770,2006-12-05T14:16:34Z,-38.48,0.0,176.07,0.0,137.0,4.0,ML,,,,3.3,0.3,15
2663785,2006-12-05T14:58:58Z,-37.56,0.0,177.05,0.0,148.0,3.0,ML,,,,2.6,0.2,3
2663788,2006-12-05T15:11:56Z,-38.29,0.0,178.81,0.0,30.0,3.0,ML,,,,2.1,0.1,3
2663793,2006-12-05T15:22:53Z,-36.96,0.0,178.37,0.0,33.0,0.0,ML,,,,2.7,0.2,5
2663795,2006-12-05T15:27:33Z,-35.64,0.1,179.26,0.1,33.0,0.0,ML,,,,3.1,0.2,4
2663802,2006-12-05T15:46:22Z,-40.62,0.0,176.35,0.0,25.0,2.0,ML,,,,2.7,0.2,5
2912352,2006-12-05T15:47:49Z,-37.87,0.0,178.64,0.0,12.0,0.0,ML,,,,2.6,0.2,3
2663803,2006-12-05T15:48:47Z,-39.47,0.0,175.7,0.0,13.0,1.0,ML,,,,1.7,0.1,5
2663805,2006-12-05T15:53:25Z,-41.18,0.0,173.77,0.0,57.0,2.0,ML,,,,2.3,0.2,10
2912355,2006-12-05T15:55:18Z,-38.08,0.0,176.75,0.0,5.0,0.0,ML,,,,2.2,0.0,2
2663807,2006-12-05T16:01:41Z,-44.9,0.0,167.56,0.0,114.0,4.0,ML,,,,2.6,0.2,6
2663832,2006-12-05T17:13:19Z,-41.2,0.0,173.51,0.0,88.0,2.0,ML,,,,2.5,0.1,3
2663854,2006-12-05T18:22:19Z,-38.5,0.0,178.16,0.0,38.0,6.0,ML,,,,3.1,0.2,5
2663862,2006-12-05T18:41:04Z,-37.84,0.0,176.78,0.0,5.0,0.0,ML,,,,2.3,0.1,3
2663885,2006-12-05T19:45:27Z,-41.48,0.0,172.67,0.0,99.0,3.0,ML,,,,2.6,0.2,4
2663892,2006-12-05T20:05:45Z,-39.16,0.0,175.63,0.0,1.0,0.0,ML,,,,1.0,0.1,1
2663893,2006-12-05T20:09:36Z,-40.61,0.0,176.32,0.0,23.0,2.0,ML,,,,2.8,0.2,8
2663902,2006-12-05T20:33:30Z,-38.01,0.0,176.77,0.0,108.0,1.0,ML,,,,4.4,0.2,25
2663912,2006-12-05T21:00:25Z,-40.42,0.0,175.99,0.0,33.0,0.0,ML,,,,2.3,0.1,2
2663924,2006-12-05T21:26:19Z,-41.41,0.0,175.0,0.0,24.0,1.0,ML,,,,1.7,0.1,2
2663952,2006-12-05T22:46:15Z,-42.11,0.0,173.31,0.0,64.0,4.0,ML,,,,2.0,nan,1
2663968,2006-12-05T23:27:45Z,-39.28,0.0,175.56,0.0,0.0,0.0,ML,,,,1.2,0.2,2
2663973,2006-12-05T23:43:28Z,-45.79,0.0,167.02,0.0,99.0,4.0,ML,,,,2.7,0.2,5
2664004,2006-12-06T01:06:19Z,-39.16,0.0,175.63,0.0,1.0,0.0,ML,,,,1.3,0.1,2
2664003,2006-12-06T01:07:42Z,-38.86,0.1,174.83,0.0,205.0,11.0,ML,,,,3.5,0.2,6
2664007,2006-12-06T01:13:35Z,-39.49,0.0,175.72,0.0,14.0,1.0,ML,,,,1.9,0.1,3
2664030,2006-12-06T02:14:13Z,-38.64,0.0,177.72,0.0,29.0,1.0,ML,,,,3.4,0.2,12
2664033,2006-12-06T02:23:37Z,-35.8,0.1,178.43,0.3,163.0,14.0,ML,,,,4.4,0.1,14
2664037,2006-12-06T02:34:04Z,-38.65,0.0,177.69,0.0,26.0,3.0,ML,,,,2.9,0.1,5
2664052,2006-12-06T03:17:15Z,-39.28,0.0,175.56,0.0,0.0,0.0,ML,,,,0.8,0.4,2
2664054,2006-12-06T03:19:38Z,-39.35,0.0,177.64,0.0,33.0,0.0,ML,,,,2.6,0.1,3
2913874,2006-12-06T03:19:57Z,-39.28,0.0,175.56,0.0,0.0,0.0,ML,,,,1.0,0.1,3
2664055,2006-12-06T03:21:40Z,-38.66,0.0,177.64,0.0,33.0,0.0,ML,,,,2.6,0.1,3
2664072,2006-12-06T04:09:47Z,-43.36,0.0,170.9,0.0,5.0,0.0,ML,,,,2.2,0.3,6
2664078,2006-12-06T04:30:18Z,-41.57,0.0,172.1,0.0,5.0,0.0,ML,,,,2.2,0.2,3
2664081,2006-12-06T04:42:16Z,-45.7,0.0,166.89,0.1,78.0,5.0,ML,,,,2.4,0.3,4
2664085,2006-12-06T04:57:40Z,-41.43,0.0,172.26,0.0,5.0,0.0,ML,,,,2.5,0.2,7
2664087,2006-12-06T05:02:02Z,-37.67,0.0,177.29,0.0,122.0,1.0,ML,,,,3.4,0.2,6
2664097,2006-12-06T05:30:26Z,-40.09,0.0,174.86,0.0,67.0,2.0,ML,,,,2.7,0.2,8
2664114,2006-12-06T06:20:49Z,-37.84,0.0,176.79,0.0,5.0,0.0,ML,,,,2.1,0.2,4
2664117,2006-12-06T06:27:14Z,-41.39,0.0,172.21,0.0,5.0,0.0,ML,,,,2.4,0.2,4
2664122,2006-12-06T06:47:11Z,-45.29,0.0,167.19,0.0,63.0,3.0,ML,,,,2.9,0.1,7
2664128,2006-12-06T07:04:54Z,-40.01,0.0,178.12,0.0,33.0,0.0,ML,,,,3.2,0.2,6
2664144,2006-12-06T08:00:57Z,-38.63,0.0,177.73,0.0,33.0,0.0,ML,,,,2.4,0.1,3
2664146,2006-12-06T08:05:36Z,-41.44,0.0,172.27,0.0,5.0,0.0,ML,,,,2.1,0.1,4
2664149,2006-12-06T08:12:05Z,-36.56,0.1,178.1,0.2,158.0,10.0,ML,,,,3.6,0.2,6
2664184,2006-12-06T09:43:27Z,-41.4,0.0,175.0,0.0,24.0,1.0,ML,,,,2.0,0.1,7
2664200,2006-12-06T10:22:38Z,-40.95,0.0,175.4,0.0,22.0,2.0,ML,,,,1.6,0.2,4
2914251,2006-12-06T10:22:43Z,-40.9,0.1,172.86,0.2,232.0,6.0,ML,,,,2.3,nan,1
2664208,2006-12-06T10:45:12Z,-37.81,0.0,179.91,0.0,33.0,0.0,ML,,,,3.1,0.2,6
2664212,2006-12-06T10:55:18Z,-44.41,0.0,168.03,0.0,29.0,1.0,ML,,,,2.1,0.2,3
2664215,2006-12-06T11:07:20Z,-40.47,0.0,176.06,0.0,56.0,2.0,ML,,,,3.2,0.3,18
2664349,2006-12-06T11:36:24Z,-37.85,0.0,176.77,0.0,5.0,0.0,ML,,,,1.8,0.1,3
2664226,2006-12-06T11:37:51Z,-39.22,0.0,174.78,0.0,30.0,2.0,ML,,,,2.1,0.1,10
2664232,2006-12-06T11:55:34Z,-41.05,0.0,174.3,0.0,76.0,4.0,ML,,,,2.2,0.1,5
2664258,2006-12-06T13:35:55Z,-39.46,0.0,174.37,0.0,139.0,3.0,ML,,,,2.9,0.1,7
2664261,2006-12-06T13:42:37Z,-37.05,0.0,177.55,0.0,147.0,4.0,ML,,,,3.3,0.1,11
2664271,2006-12-06T14:30:19Z,-37.84,0.1,-179.97,0.0,33.0,0.0,ML,,,,2.6,0.2,2
2664280,2006-12-06T15:15:32Z,-38.59,0.0,178.39,0.1,33.0,0.0,ML,,,,2.3,0.2,4
2664281,2006-12-06T15:17:04Z,-38.54,0.0,176.47,0.0,101.0,2.0,ML,,,,2.5,0.4,2
2664290,2006-12-06T15:43:35Z,-42.54,0.0,174.05,0.0,5.0,0.0,ML,,,,2.2,0.2,4
2664320,2006-12-06T17:23:49Z,-36.78,0.0,178.41,0.1,12.0,0.0,ML,,,,3.3,0.2,7
2664330,2006-12-06T17:54:47Z,-39.16,0.0,175.62,0.0,1.0,0.0,ML,,,,1.1,0.1,2
2664351,2006-12-06T18:49:29Z,-39.74,0.0,174.09,0.0,190.0,4.0,ML,,,,3.5,0.1,11
2664384,2006-12-06T20:18:01Z,-41.4,0.0,175.41,0.0,14.0,1.0,ML,,,,1.8,0.1,4
2664395,2006-12-06T20:58:38Z,-37.92,0.0,176.51,0.0,5.0,0.0,ML,,,,1.7,0.0,1
2664414,2006-12-06T21:45:38Z,-38.26,0.0,175.86,0.0,181.0,4.0,ML,,,,3.8,0.2,14
2664456,2006-12-06T23:33:09Z,-44.18,0.0,168.6,0.1,5.0,0.0,ML,,,,2.4,0.2,7
2664495,2006-12-07T01:27:22Z,-45.18,0.0,166.93,0.0,23.0,1.0,ML,,,,2.1,0.2,3
2664511,2006-12-07T02:08:43Z,-38.94,0.0,175.82,0.0,5.0,0.0,ML,,,,1.8,0.3,5
2664512,2006-12-07T02:10:21Z,-38.94,0.0,175.84,0.0,6.0,1.0,ML,,,,2.1,0.2,12
2664535,2006-12-07T03:18:06Z,-41.38,0.0,173.51,0.0,68.0,3.0,ML,,,,2.7,0.2,5
2911375,2006-12-07T03:18:29Z,-44.59,0.0,167.61,0.0,5.0,0.0,ML,,,,2.2,0.2,5
2664562,2006-12-07T04:31:15Z,-40.04,0.0,173.13,0.0,5.0,0.0,ML,,,,2.9,0.2,12
2664570,2006-12-07T04:51:21Z,-39.08,0.0,177.88,0.0,49.0,6.0,ML,,,,3.2,0.3,6
2664599,2006-12-07T06:20:35Z,-45.31,0.0,166.82,0.0,21.0,2.0,ML,,,,2.1,0.2,3
2664648,2006-12-07T08:55:23Z,-37.88,0.0,178.66,0.0,12.0,0.0,ML,,,,3.0,0.3,4
2664660,2006-12-07T09:44:22Z,-37.17,0.0,177.26,0.0,148.0,2.0,ML,,,,4.9,0.2,23
2664670,2006-12-07T10:31:29Z,-44.41,0.0,168.26,0.0,5.0,0.0,Mw,3.8,nan,0,4.4,0.1,23
2664682,2006-12-07T11:13:03Z,-38.73,0.0,176.29,0.1,55.0,4.0,ML,,,,2.2,0.0,3
2664688,2006-12-07T11:26:26Z,-44.4,0.0,168.27,0.0,5.0,0.0,ML,,,,2.4,0.2,10
2911801,2006-12-07T11:27:44Z,-38.26,0.1,179.27,0.1,33.0,0.0,ML,,,,3.2,0.3,3
2664690,2006-12-07T11:34:03Z,-39.15,0.0,174.9,0.0,5.0,0.0,ML,,,,1.9,0.2,5
2911803,2006-12-07T11:34:29Z,-38.03,0.0,177.83,0.0,69.0,2.0,ML,,,,3.1,0.2,4
2911808,2006-12-07T11:34:31Z,-44.4,0.0,168.25,0.0,5.0,0.0,ML,,,,1.9,0.1,6
2664697,2006-12-07T12:01:11Z,-39.14,0.1,175.14,0.1,223.0,9.0,ML,,,,2.9,0.3,6
2664708,2006-12-07T12:38:25Z,-44.2,0.0,168.79,0.3,5.0,0.0,ML,,,,1.8,0.1,3
2664712,2006-12-07T12:57:30Z,-41.55,0.0,175.43,0.0,21.0,1.0,ML,,,,2.4,0.2,8
2911815,2006-12-07T12:58:59Z,-45.18,0.0,166.92,0.0,26.0,2.0,ML,,,,2.6,0.2,4
2664713,2006-12-07T13:01:10Z,-44.41,0.0,168.26,0.0,5.0,0.0,ML,,,,2.0,0.1,5
2911825,2006-12-07T13:26:18Z,-40.07,0.0,176.91,0.0,27.0,2.0,ML,,,,2.6,0.2,3
2664721,2006-12-07T13:35:37Z,-40.02,0.0,176.89,0.0,25.0,1.0,ML,,,,2.9,0.2,6
2664731,2006-12-07T14:25:13Z,-43.27,0.0,173.67,0.0,12.0,0.0,ML,,,,2.9,0.2,6
2664733,2006-12-07T14:31:33Z,-37.73,0.0,176.35,0.0,200.0,3.0,ML,,,,3.9,0.1,15
2664736,2006-12-07T14:44:33Z,-37.97,0.0,176.51,0.0,5.0,0.0,ML,,,,2.0,0.0,3
2664740,2006-12-07T14:51:51Z,-43.32,0.0,173.65,0.0,33.0,0.0,ML,,,,2.5,0.1,6
2664741,2006-12-07T14:54:22Z,-43.26,0.0,173.6,0.0,12.0,0.0,ML,,,,3.0,0.1,6
2664744,2006-12-07T15:00:02Z,-41.7,0.0,172.23,0.0,97.0,2.0,ML,,,,2.0,nan,1
2664753,2006-12-07T15:33:17Z,-41.09,0.0,175.07,0.0,29.0,0.0,ML,,,,2.1,0.2,6
2664784,2006-12-07T17:05:39Z,-39.32,0.0,177.49,0.0,41.0,2.0,ML,,,,2.6,0.2,3
2664786,2006-12-07T17:12:58Z,-41.06,0.0,172.74,0.0,5.0,0.0,ML,,,,3.8,0.2,35
2664791,2006-12-07T17:35:54Z,-37.65,0.0,179.2,0.1,33.0,0.0,ML,,,,3.2,0.1,5
2664806,2006-12-07T18:26:13Z,-41.08,0.0,175.19,0.0,24.0,1.0,ML,,,,2.4,0.1,8
2664814,2006-12-07T18:49:19Z,-46.08,0.0,166.29,0.1,12.0,0.0,ML,,,,2.8,0.2,6
2664821,2006-12-07T19:15:02Z,-39.38,0.0,177.53,0.0,29.0,1.0,ML,,,,2.8,0.1,6
2664828,2006-12-07T19:44:20Z,-39.16,0.0,175.63,0.0,1.0,0.0,ML,,,,1.2,0.0,1
2913732,2006-12-07T20:18:00Z,-45.04,0.0,167.67,0.1,71.0,7.0,ML,,,,2.1,0.2,6
2664838,2006-12-07T20:18:11Z,-44.66,0.0,167.62,0.0,26.0,1.0,ML,,,,3.3,0.2,7
2913733,2006-12-07T20:18:19Z,-40.84,0.0,175.84,0.0,27.0,2.0,ML,,,,2.3,0.2,2
2664857,2006-12-07T21:19:52Z,-45.31,0.0,166.71,0.0,20.0,0.0,ML,,,,2.3,0.3,3
2664869,2006-12-07T21:56:10Z,-42.39,0.0,173.88,0.0,12.0,0.0,ML,,,,3.0,0.2,4
2664947,2006-12-08T02:07:12Z,-46.11,0.0,166.85,0.0,5.0,0.0,ML,,,,1.8,0.1,2
2664952,2006-12-08T02:28:09Z,-41.53,0.0,175.41,0.0,18.0,1.0,ML,,,,2.0,0.2,6
2664954,2006-12-08T02:34:59Z,-46.1,0.0,166.88,0.0,5.0,0.0,ML,,,,2.5,0.3,4
2664955,2006-12-08T02:37:57Z,-39.93,0.0,173.93,0.1,214.0,4.0,ML,,,,3.1,nan,1
2664957,2006-12-08T02:46:36Z,-40.85,0.0,174.67,0.0,51.0,1.0,ML,,,,2.1,0.1,3
2664959,2006-12-08T02:55:41Z,-38.5,0.0,177.69,0.0,55.0,3.0,ML,,,,3.2,0.1,2
2664979,2006-12-08T03:43:55Z,-40.93,0.0,174.74,0.0,54.0,1.0,ML,,,,2.1,0.1,5
2664993,2006-12-08T04:28:29Z,-45.79,0.0,166.89,0.0,5.0,0.0,ML,,,,2.2,0.3,3
2665000,2006-12-08T04:49:51Z,-36.71,0.0,177.15,0.0,33.0,0.0,ML,,,,3.7,0.3,2
2665013,2006-12-08T05:21:33Z,-41.18,0.0,173.4,0.0,89.0,1.0,ML,,,,2.6,0.0,2
2665027,2006-12-08T06:08:07Z,-41.63,0.0,173.86,0.0,43.0,2.0,ML,,,,1.9,0.1,3
2665062,2006-12-08T07:57:09Z,-41.49,0.0,172.13,0.0,5.0,0.0,ML,,,,1.9,0.1,4
2665071,2006-12-08T08:25:33Z,-41.2,0.0,174.8,0.0,29.0,1.0,ML,,,,2.1,0.1,5
2665079,2006-12-08T08:49:35Z,-44.77,0.0,167.84,0.0,80.0,3.0,ML,,,,2.4,0.1,7
2665089,2006-12-08T09:21:05Z,-43.88,0.0,171.45,0.0,24.0,3.0,ML,,,,2.5,0.3,9
2665098,2006-12-08T09:44:14Z,-45.04,0.0,167.96,0.0,26.0,2.0,ML,,,,2.1,0.1,4
2665106,2006-12-08T10:13:05Z,-39.38,0.0,174.65,0.1,176.0,6.0,ML,,,,3.0,0.3,4
2665149,2006-12-08T12:31:04Z,-38.42,0.0,178.15,0.0,54.0,2.0,ML,,,,2.5,0.1,2
2665153,2006-12-08T12:45:34Z,-45.04,0.0,166.97,0.0,12.0,0.0,ML,,,,3.0,0.1,6
2665159,2006-12-08T13:12:55Z,-39.76,0.0,175.07,0.0,28.0,2.0,ML,,,,2.3,0.2,10
2665183,2006-12-08T14:25:03Z,-42.71,0.0,173.96,0.1,33.0,0.0,ML,,,,1.9,0.2,3
2911437,2006-12-08T14:41:51Z,-41.09,0.0,175.05,0.0,28.0,1.0,ML,,,,2.0,0.1,7
2911434,2006-12-08T14:42:11Z,-38.53,0.0,177.8,0.0,33.0,0.0,ML,,,,2.1,0.2,3
2665201,2006-12-08T15:10:02Z,-38.59,0.0,178.66,0.0,33.0,0.0,ML,,,,2.5,0.3,2
2665203,2006-12-08T15:15:36Z,-38.91,0.0,177.6,0.0,39.0,2.0,ML,,,,2.0,0.1,2
2665211,2006-12-08T15:33:57Z,-38.12,0.0,176.32,0.0,143.0,3.0,ML,,,,3.1,0.2,11
2665228,2006-12-08T16:30:50Z,-38.96,0.0,173.93,0.0,5.0,0.0,ML,,,,2.9,0.2,7
2665303,2006-12-08T16:31:40Z,-38.96,0.0,173.93,0.0,5.0,0.0,ML,,,,3.1,0.2,11
2665236,2006-12-08T16:49:49Z,-40.17,0.0,174.62,0.0,33.0,0.0,ML,,,,2.8,0.2,18
2665245,2006-12-08T17:22:47Z,-38.37,0.0,176.36,0.0,5.0,0.0,ML,,,,1.7,0.1,1
2665266,2006-12-08T18:28:27Z,-38.04,0.1,178.46,0.0,12.0,0.0,ML,,,,2.5,0.2,3
2665272,2006-12-08T18:48:47Z,-37.93,0.0,176.5,0.0,5.0,0.0,ML,,,,1.7,0.0,1
2665285,2006-12-08T19:20:40Z,-39.28,0.0,175.56,0.0,0.0,0.0,ML,,,,0.9,0.5,2
2665295,2006-12-08T19:49:24Z,-36.94,0.0,177.68,0.0,141.0,3.0,ML,,,,4.1,0.2,19
2665298,2006-12-08T19:58:16Z,-40.14,0.0,174.9,0.0,12.0,0.0,ML,,,,2.1,0.1,6
2665306,2006-12-08T20:17:40Z,-41.95,0.0,171.96,0.0,5.0,0.0,ML,,,,2.4,0.3,3
2665309,2006-12-08T20:28:01Z,-40.49,0.0,173.4,0.0,163.0,4.0,ML,,,,2.9,0.1,3
2665322,2006-12-08T21:11:52Z,-38.8,0.0,177.46,0.0,58.0,2.0,ML,,,,2.4,0.1,2
2665324,2006-12-08T21:17:32Z,-38.58,0.0,178.15,0.0,33.0,0.0,ML,,,,2.9,0.2,4
2665334,2006-12-08T21:54:27Z,-37.21,0.1,-179.39,0.1,33.0,0.0,ML,,,,3.6,0.2,4
2665353,2006-12-08T22:50:51Z,-45.78,0.0,166.5,0.0,12.0,0.0,ML,,,,2.3,0.3,3
2665409,2006-12-09T01:50:05Z,-37.85,0.0,176.78,0.0,5.0,0.0,ML,,,,2.3,0.1,3
2665415,2006-12-09T02:10:21Z,-41.24,0.0,174.12,0.0,58.0,3.0,ML,,,,2.3,0.2,3
2665421,2006-12-09T02:31:22Z,-45.28,0.0,166.88,0.1,12.0,0.0,ML,,,,2.8,0.1,6
2665433,2006-12-09T03:07:18Z,-41.89,0.0,174.47,0.0,31.0,1.0,ML,,,,2.7,0.2,8
2665494,2006-12-09T06:48:42Z,-41.41,0.0,174.09,0.0,14.0,2.0,ML,,,,2.6,0.2,10
2665534,2006-12-09T08:49:29Z,-41.44,0.0,172.26,0.0,5.0,0.0,ML,,,,2.2,0.2,4
2665556,2006-12-09T10:03:47Z,-39.89,0.0,176.82,0.0,45.0,3.0,ML,,,,3.0,0.2,12
2665560,2006-12-09T10:17:15Z,-40.13,0.0,174.43,0.0,12.0,0.0,ML,,,,2.1,0.2,4
2665584,2006-12-09T11:32:06Z,-40.49,0.0,174.45,0.0,33.0,0.0,ML,,,,2.3,0.4,7
2665589,2006-12-09T11:53:19Z,-41.85,0.0,174.06,0.0,12.0,0.0,ML,,,,2.0,0.2,8
2665592,2006-12-09T12:10:01Z,-45.65,0.0,167.2,0.0,89.0,2.0,ML,,,,2.4,0.2,7
2665613,2006-12-09T13:13:38Z,-39.98,0.0,173.31,0.0,5.0,0.0,ML,,,,2.3,0.3,3
2665614,2006-12-09T13:18:07Z,-41.0,0.0,177.05,0.0,33.0,0.0,ML,,,,2.6,0.1,3
2665615,2006-12-09T13:24:54Z,-41.31,0.0,173.12,0.0,102.0,2.0,ML,,,,2.6,0.2,2
2665628,2006-12-09T14:17:11Z,-41.48,0.0,174.38,0.0,17.0,4.0,ML,,,,1.9,0.2,7
2665630,2006-12-09T14:25:44Z,-40.79,0.0,176.14,0.0,29.0,1.0,ML,,,,2.0,0.2,4
2665634,2006-12-09T14:43:04Z,-40.27,0.0,176.69,0.0,55.0,7.0,ML,,,,2.4,0.2,3
2665636,2006-12-09T14:49:41Z,-40.56,0.0,173.44,0.0,179.0,3.0,ML,,,,3.2,0.2,10
2911836,2006-12-09T14:49:56Z,-38.23,0.0,177.47,0.0,57.0,2.0,ML,,,,2.6,0.2,5
2665642,2006-12-09T15:16:08Z,-45.12,0.0,167.32,0.0,118.0,2.0,ML,,,,3.2,0.2,10
2665664,2006-12-09T16:34:20Z,-43.48,0.0,171.53,0.0,12.0,0.0,ML,,,,2.7,0.3,10
2911905,2006-12-09T16:47:14Z,-40.95,0.0,173.32,0.0,112.0,3.0,ML,,,,2.6,nan,1
2911909,2006-12-09T16:50:19Z,-41.04,0.0,172.42,0.0,5.0,0.0,ML,,,,2.4,0.2,4
2665672,2006-12-09T16:57:19Z,-43.66,0.0,171.5,0.0,12.0,0.0,ML,,,,2.4,0.4,8
2665689,2006-12-09T17:52:10Z,-40.67,0.0,174.47,0.0,53.0,3.0,ML,,,,2.5,0.1,5
2665690,2006-12-09T17:56:15Z,-40.06,0.0,176.28,0.0,25.0,1.0,ML,,,,2.2,0.2,5
2665705,2006-12-09T18:40:16Z,-45.48,0.0,167.03,0.0,74.0,3.0,ML,,,,2.6,0.2,5
2665711,2006-12-09T18:57:26Z,-45.18,0.0,167.0,0.0,22.0,1.0,ML,,,,2.1,0.2,3
2665713,2006-12-09T19:07:28Z,-36.71,0.0,177.13,0.0,33.0,0.0,ML,,,,3.6,0.1,4
2665733,2006-12-09T20:05:32Z,-41.6,0.0,172.12,0.0,12.0,0.0,ML,,,,2.0,0.2,3
2665743,2006-12-09T20:33:15Z,-44.39,0.0,167.34,0.0,5.0,0.0,ML,,,,2.2,0.2,8
2665765,2006-12-09T21:43:00Z,-40.89,0.0,176.08,0.0,26.0,1.0,ML,,,,2.5,0.2,7
2911921,2006-12-09T21:45:08Z,-40.89,0.0,176.08,0.0,24.0,3.0,ML,,,,2.5,0.1,5
2665767,2006-12-09T21:48:05Z,-38.0,0.1,176.36,0.1,144.0,5.0,ML,,,,3.1,0.1,8
2665804,2006-12-09T23:51:52Z,-45.07,0.0,167.45,0.1,92.0,4.0,ML,,,,2.2,0.1,5
2665811,2006-12-10T00:15:26Z,-41.72,0.0,174.63,0.0,5.0,0.0,ML,,,,2.1,0.1,3
2665844,2006-12-10T01:42:52Z,-39.35,0.0,177.93,0.0,29.0,2.0,ML,,,,3.2,0.2,10
2665887,2006-12-10T03:45:53Z,-42.12,0.0,174.24,0.0,29.0,1.0,ML,,,,2.2,0.3,6
2665899,2006-12-10T04:19:28Z,-44.2,0.0,168.74,0.2,5.0,0.0,ML,,,,1.8,0.2,4
2665906,2006-12-10T04:48:30Z,-41.94,0.0,172.61,0.0,98.0,2.0,ML,,,,2.0,nan,1
2665916,2006-12-10T05:24:52Z,-38.04,0.0,176.49,0.0,5.0,0.0,ML,,,,1.8,0.1,1
2665938,2006-12-10T06:36:14Z,-38.4,0.0,178.31,0.0,22.0,1.0,ML,,,,2.0,0.2,2
2665950,2006-12-10T07:03:48Z,-40.02,0.1,173.91,0.0,154.0,6.0,ML,,,,2.8,0.2,7
2665967,2006-12-10T07:32:14Z,-44.44,0.0,169.41,0.0,5.0,0.0,ML,,,,2.0,0.1,5
2665968,2006-12-10T07:34:51Z,-38.37,0.0,177.56,0.0,63.0,2.0,ML,,,,2.8,0.2,3
2665975,2006-12-10T07:58:46Z,-36.52,0.0,177.16,0.0,12.0,0.0,ML,,,,3.4,0.1,4
2665980,2006-12-10T08:18:38Z,-38.58,0.0,175.74,0.0,157.0,2.0,ML,,,,4.1,0.2,22
2665987,2006-12-10T08:49:23Z,-37.31,0.0,177.81,0.0,108.0,2.0,ML,,,,3.3,0.2,7
2666002,2006-12-10T09:24:34Z,-40.88,0.0,176.09,0.0,27.0,1.0,ML,,,,2.0,0.2,5
2666013,2006-12-10T10:00:47Z,-42.36,0.0,172.45,0.0,5.0,0.0,ML,,,,2.2,0.2,6
2666021,2006-12-10T10:27:24Z,-44.81,0.0,167.28,0.0,5.0,0.0,ML,,,,2.3,0.2,6
2912215,2006-12-10T10:52:53Z,-40.05,0.0,174.89,0.0,33.0,0.0,ML,,,,2.0,0.2,3
2666027,2006-12-10T10:53:02Z,-38.13,0.0,178.38,0.0,30.0,0.0,ML,,,,2.4,0.2,3
2666034,2006-12-10T11:15:34Z,-46.23,0.0,169.04,0.0,22.0,1.0,ML,,,,2.1,0.2,4
2666052,2006-12-10T12:15:32Z,-40.98,0.0,177.04,0.0,33.0,0.0,ML,,,,2.9,0.2,14
2666054,2006-12-10T12:22:45Z,-38.1,0.0,176.53,0.0,5.0,0.0,ML,,,,1.5,0.2,2
2666060,2006-12-10T12:40:17Z,-41.22,0.0,172.88,0.0,108.0,3.0,ML,,,,2.5,0.2,5
2666064,2006-12-10T12:53:17Z,-45.22,0.0,167.08,0.0,64.0,4.0,ML,,,,2.0,0.1,5
2666076,2006-12-10T13:31:08Z,-45.03,0.0,167.51,0.0,73.0,2.0,ML,,,,3.5,0.3,12
2666086,2006-12-10T14:05:02Z,-41.01,0.0,175.42,0.0,22.0,1.0,ML,,,,2.1,0.2,7
2666103,2006-12-10T15:06:11Z,-35.94,0.0,178.16,0.0,33.0,0.0,ML,,,,2.9,0.2,3
2666104,2006-12-10T15:10:28Z,-37.84,0.0,176.78,0.0,5.0,0.0,ML,,,,2.2,0.1,4
2912244,2006-12-10T15:20:30Z,-38.1,0.0,176.53,0.0,5.0,0.0,ML,,,,1.5,0.1,2
2666107,2006-12-10T15:21:55Z,-37.1,0.0,178.14,0.0,33.0,0.0,ML,,,,2.3,0.2,3
2666119,2006-12-10T15:44:15Z,-39.67,0.0,176.82,0.0,51.0,3.0,ML,,,,2.9,0.3,7
2666128,2006-12-10T16:07:59Z,-45.95,0.0,166.92,0.1,73.0,7.0,ML,,,,2.4,0.5,3
2666134,2006-12-10T16:21:42Z,-45.1,0.0,167.02,0.0,23.0,1.0,ML,,,,2.0,0.2,5
2666142,2006-12-10T16:42:23Z,-45.95,0.0,166.87,0.1,5.0,0.0,ML,,,,1.9,0.4,3
2666144,2006-12-10T16:48:42Z,-41.71,0.0,172.05,0.0,12.0,0.0,ML,,,,2.2,0.2,3
2666145,2006-12-10T16:53:03Z,-40.48,0.0,176.31,0.0,33.0,0.0,ML,,,,2.8,0.3,9
2912271,2006-12-10T16:53:40Z,-41.67,0.0,172.08,0.0,5.0,0.0,ML,,,,2.5,0.2,6
2666156,2006-12-10T17:27:09Z,-38.54,0.0,178.63,0.0,12.0,0.0,ML,,,,2.8,0.2,3
2666171,2006-12-10T18:18:48Z,-45.05,0.0,167.39,0.0,99.0,2.0,ML,,,,2.7,0.2,9
2666196,2006-12-10T19:34:17Z,-37.85,0.0,176.78,0.0,5.0,0.0,ML,,,,2.3,0.1,3
2666198,2006-12-10T19:38:48Z,-38.2,0.0,176.34,0.0,155.0,3.0,ML,,,,4.2,0.2,22
2666225,2006-12-10T21:08:52Z,-41.96,0.0,173.89,0.0,34.0,1.0,ML,,,,2.2,0.2,4
2666228,2006-12-10T21:16:33Z,-40.73,0.0,174.48,0.0,100.0,2.0,ML,,,,2.1,nan,1
2913747,2006-12-10T22:12:48Z,-39.36,0.0,177.33,0.0,33.0,0.0,ML,,,,2.5,0.1,3
2666246,2006-12-10T22:12:48Z,-40.55,0.0,175.33,0.0,33.0,0.0,ML,,,,2.1,0.2,4
2666303,2006-12-11T00:46:35Z,-38.71,0.0,175.33,0.0,196.0,4.0,ML,,,,3.4,0.3,9
2666345,2006-12-11T03:09:31Z,-39.3,0.1,177.43,0.0,30.0,3.0,ML,,,,2.4,0.0,3
2666354,2006-12-11T03:38:57Z,-45.01,0.0,167.66,0.0,91.0,4.0,ML,,,,2.2,0.1,6
2666355,2006-12-11T03:44:19Z,-45.03,0.0,167.51,0.0,118.0,4.0,ML,,,,2.5,0.2,5
2666373,2006-12-11T04:43:48Z,-47.12,0.0,165.66,0.1,33.0,0.0,ML,,,,4.2,0.2,9
2666383,2006-12-11T05:28:57Z,-36.05,0.1,177.75,0.1,33.0,0.0,ML,,,,3.2,0.2,3
2666388,2006-12-11T05:42:19Z,-41.89,0.0,172.21,0.0,90.0,4.0,ML,,,,2.2,nan,1
2666393,2006-12-11T06:05:06Z,-41.36,0.0,174.59,0.0,30.0,0.0,ML,,,,1.9,0.2,7
2666399,2006-12-11T06:19:41Z,-40.57,0.0,174.43,0.0,71.0,2.0,ML,,,,3.1,0.2,13
2666405,2006-12-11T06:36:58Z,-47.12,0.0,165.73,0.1,33.0,0.0,ML,,,,2.9,0.3,7
2666421,2006-12-11T07:34:56Z,-40.08,0.0,175.65,0.0,40.0,3.0,ML,,,,2.3,0.1,7
2666425,2006-12-11T07:48:38Z,-46.31,0.0,166.41,0.1,5.0,0.0,ML,,,,3.0,0.4,7
2666450,2006-12-11T08:51:57Z,-40.0,0.0,174.31,0.0,100.0,4.0,ML,,,,2.5,0.4,6
2666451,2006-12-11T08:53:58Z,-38.93,0.0,176.08,0.1,155.0,7.0,ML,,,,2.8,0.3,3
2666455,2006-12-11T09:08:56Z,-45.19,0.0,166.95,0.1,22.0,3.0,ML,,,,1.9,0.2,3
2666457,2006-12-11T09:15:28Z,-36.7,0.1,178.24,0.1,95.0,4.0,ML,,,,2.7,0.1,5
2666462,2006-12-11T09:33:52Z,-39.92,0.0,176.71,0.0,47.0,5.0,ML,,,,2.7,0.2,10
2666477,2006-12-11T10:20:47Z,-40.69,0.0,175.89,0.0,30.0,2.0,ML,,,,1.8,0.3,2
2666479,2006-12-11T10:28:44Z,-45.68,0.0,168.15,0.0,30.0,1.0,ML,,,,2.3,0.2,9
2666482,2006-12-11T10:41:51Z,-40.99,0.0,174.52,0.0,12.0,0.0,ML,,,,1.8,0.1,11
2666490,2006-12-11T11:07:22Z,-41.4,0.0,172.2,0.0,12.0,0.0,ML,,,,2.0,0.2,4
2666496,2006-12-11T11:22:45Z,-37.61,0.0,179.4,0.1,33.0,0.0,ML,,,,3.2,0.3,5
2666502,2006-12-11T11:44:07Z,-41.08,0.0,175.51,0.0,24.0,1.0,ML,,,,2.6,0.1,12
2666505,2006-12-11T11:56:59Z,-44.19,0.0,168.63,0.0,5.0,0.0,ML,,,,2.0,0.2,8
2666513,2006-12-11T12:26:01Z,-37.29,0.0,177.33,0.0,174.0,3.0,ML,,,,2.8,0.3,4
2666514,2006-12-11T12:28:08Z,-37.84,0.0,176.79,0.0,5.0,0.0,ML,,,,1.7,0.2,2
2666525,2006-12-11T12:56:01Z,-40.48,0.0,174.07,0.0,33.0,0.0,ML,,,,2.0,0.2,3
2666526,2006-12-11T12:57:48Z,-43.19,0.0,171.36,0.0,5.0,0.0,ML,,,,2.3,0.2,10
2666530,2006-12-11T13:26:24Z,-39.88,0.0,176.76,0.0,44.0,5.0,ML,,,,2.4,0.1,4
2666531,2006-12-11T13:29:56Z,-45.12,0.0,167.46,0.0,86.0,3.0,ML,,,,2.4,0.2,8
2666740,2006-12-11T13:33:47Z,-41.33,0.0,172.39,0.0,5.0,0.0,ML,,,,1.7,0.2,4
2666532,2006-12-11T13:35:06Z,-43.4,0.0,170.89,0.0,5.0,0.0,ML,,,,2.3,0.2,6
2666552,2006-12-11T14:46:14Z,-37.83,0.0,176.79,0.0,5.0,0.0,ML,,,,2.3,0.2,4
2917462,2006-12-11T14:46:31Z,-38.89,0.0,178.01,0.0,27.0,2.0,ML,,,,2.7,0.2,6
2666554,2006-12-11T14:50:56Z,-38.88,0.0,178.08,0.0,27.0,2.0,ML,,,,2.0,0.2,2
2666566,2006-12-11T15:30:52Z,-37.79,0.0,176.5,0.1,159.0,4.0,ML,,,,2.3,0.2,4
2666573,2006-12-11T15:52:30Z,-42.92,0.0,172.35,0.1,15.0,5.0,ML,,,,2.0,0.2,5
2666574,2006-12-11T15:55:21Z,-37.84,0.0,176.79,0.0,5.0,0.0,ML,,,,2.6,0.2,4
2666579,2006-12-11T16:12:54Z,-42.05,0.0,172.11,0.0,5.0,0.0,ML,,,,1.5,0.2,2
2666583,2006-12-11T16:22:57Z,-40.06,0.0,174.99,0.0,20.0,4.0,ML,,,,3.0,0.2,25
2666585,2006-12-11T16:30:20Z,-38.12,0.0,176.52,0.0,5.0,0.0,ML,,,,1.8,0.1,2
2666621,2006-12-11T18:36:24Z,-45.05,0.0,167.08,0.0,5.0,0.0,ML,,,,2.4,0.1,6
2666646,2006-12-11T20:04:55Z,-39.36,0.0,175.32,0.0,29.0,1.0,ML,,,,2.3,0.1,12
2666676,2006-12-11T21:42:35Z,-38.63,0.0,176.62,0.0,52.0,1.0,ML,,,,2.1,0.0,3
2666685,2006-12-11T22:13:06Z,-40.46,0.0,174.07,0.0,90.0,6.0,ML,,,,2.8,0.2,4
2666688,2006-12-11T22:17:56Z,-39.21,0.0,177.54,0.0,15.0,3.0,ML,,,,2.4,0.1,2
2666703,2006-12-11T23:11:36Z,-43.74,0.0,170.52,0.0,54.0,2.0,ML,,,,2.5,0.2,8
2666709,2006-12-11T23:32:53Z,-43.6,0.0,171.12,0.0,5.0,0.0,ML,,,,2.1,0.2,5
2666714,2006-12-11T23:49:00Z,-36.93,0.1,176.89,0.1,283.0,7.0,ML,,,,3.5,0.2,7
2666729,2006-12-12T00:40:30Z,-41.08,0.0,175.2,0.0,25.0,1.0,ML,,,,2.1,0.1,5
2666751,2006-12-12T01:39:20Z,-38.6,0.0,175.81,0.0,144.0,3.0,ML,,,,3.6,0.2,17
2666758,2006-12-12T01:54:30Z,-39.84,0.0,176.75,0.0,57.0,3.0,ML,,,,3.1,0.2,4
2666770,2006-12-12T02:35:58Z,-41.47,0.0,173.55,0.0,81.0,3.0,ML,,,,3.0,0.1,5
2666811,2006-12-12T04:22:34Z,-38.12,0.0,177.78,0.0,71.0,2.0,ML,,,,2.9,0.1,4
2666812,2006-12-12T04:27:11Z,-44.73,0.0,167.93,0.0,97.0,4.0,ML,,,,2.6,0.2,7
2666816,2006-12-12T04:39:56Z,-40.07,0.0,174.94,0.0,64.0,2.0,ML,,,,3.7,0.2,18
2666817,2006-12-12T04:44:53Z,-38.15,0.0,176.79,0.0,82.0,2.0,ML,,,,2.8,0.2,3
2666824,2006-12-12T05:06:52Z,-45.15,0.0,167.38,0.0,125.0,2.0,ML,,,,4.1,0.2,12
2666841,2006-12-12T05:58:22Z,-42.8,0.0,171.9,0.1,5.0,0.0,ML,,,,2.4,0.1,3
2666859,2006-12-12T06:40:12Z,-39.55,0.0,175.66,0.0,19.0,2.0,ML,,,,1.8,0.1,8
2666867,2006-12-12T07:07:17Z,-43.66,0.0,170.14,0.1,5.0,0.0,ML,,,,2.1,0.3,5
2666884,2006-12-12T08:13:32Z,-37.63,0.0,179.11,0.1,33.0,0.0,ML,,,,3.0,0.1,4
2666921,2006-12-12T10:00:18Z,-38.41,0.1,176.5,0.1,129.0,7.0,ML,,,,3.2,0.1,3
2666926,2006-12-12T10:17:27Z,-37.84,0.0,176.8,0.0,5.0,0.0,ML,,,,3.2,0.2,6
2666928,2006-12-12T10:20:50Z,-40.17,0.0,174.53,0.0,104.0,4.0,ML,,,,2.7,0.1,4
2666945,2006-12-12T11:14:27Z,-42.07,0.0,173.82,0.0,12.0,0.0,ML,,,,2.0,0.2,4
2914246,2006-12-12T11:14:47Z,-39.16,0.0,175.63,0.0,1.0,0.0,ML,,,,1.1,0.1,1
2666952,2006-12-12T11:50:34Z,-39.3,0.0,175.44,0.0,16.0,1.0,ML,,,,1.6,0.2,5
2666960,2006-12-12T12:12:54Z,-35.59,0.0,178.23,0.0,251.0,3.0,ML,,,,4.1,0.2,6
2666966,2006-12-12T12:29:04Z,-38.33,0.0,178.09,0.0,33.0,0.0,ML,,,,2.7,0.2,4
2666978,2006-12-12T12:59:45Z,-37.67,0.0,176.53,0.0,213.0,3.0,ML,,,,4.0,0.2,21
2666985,2006-12-12T13:25:47Z,-45.05,0.0,167.48,0.0,80.0,2.0,ML,,,,2.3,0.1,7
2666986,2006-12-12T13:29:31Z,-41.71,0.0,172.02,0.0,17.0,3.0,ML,,,,2.3,0.4,4
2667016,2006-12-12T15:12:23Z,-44.71,0.0,168.04,0.0,83.0,2.0,ML,,,,3.3,0.3,13
2667033,2006-12-12T15:55:23Z,-37.98,0.1,176.29,0.2,145.0,7.0,ML,,,,2.7,0.1,3
2914716,2006-12-12T15:55:24Z,-39.16,0.0,175.63,0.0,1.0,0.0,ML,,,,1.2,0.1,1
2667052,2006-12-12T17:04:25Z,-41.53,0.0,173.47,0.0,63.0,2.0,ML,,,,2.3,0.1,2
2667053,2006-12-12T17:07:41Z,-41.78,0.0,174.2,0.0,14.0,1.0,ML,,,,2.3,0.2,7
2667064,2006-12-12T17:42:01Z,-38.45,0.1,176.08,0.2,199.0,10.0,ML,,,,3.4,0.2,7
2667066,2006-12-12T17:46:38Z,-40.1,0.0,174.75,0.0,12.0,0.0,ML,,,,2.3,0.2,4
2667067,2006-12-12T17:50:04Z,-41.73,0.0,172.26,0.0,12.0,0.0,ML,,,,2.3,0.3,3
2667069,2006-12-12T18:00:10Z,-41.44,0.0,172.77,0.0,149.0,4.0,ML,,,,2.7,nan,1
2667077,2006-12-12T18:22:26Z,-41.99,0.0,173.16,0.0,5.0,0.0,ML,,,,2.1,0.1,4
2667099,2006-12-12T19:27:28Z,-44.18,0.0,168.61,0.0,5.0,0.0,ML,,,,2.3,0.2,6
2667123,2006-12-12T20:57:29Z,-44.25,0.0,167.72,0.0,5.0,0.0,ML,,,,2.5,0.1,7
2667125,2006-12-12T21:01:26Z,-37.17,0.0,177.38,0.0,136.0,2.0,ML,,,,3.5,0.2,5
2667145,2006-12-12T21:57:43Z,-39.87,0.0,176.79,0.0,43.0,4.0,ML,,,,3.3,0.2,5
2667204,2006-12-12T21:58:53Z,-39.88,0.0,176.8,0.0,43.0,3.0,ML,,,,2.8,0.2,4
2667172,2006-12-12T23:12:25Z,-40.12,0.0,176.66,0.0,50.0,2.0,ML,,,,3.1,0.2,5
2667180,2006-12-12T23:44:39Z,-44.97,0.0,167.43,0.0,51.0,2.0,ML,,,,1.8,0.2,3
2667184,2006-12-12T23:58:26Z,-40.57,0.0,175.76,0.0,31.0,1.0,ML,,,,2.2,0.2,4
2667191,2006-12-13T00:15:20Z,-38.12,0.0,176.29,0.0,145.0,3.0,ML,,,,3.6,0.3,17
2667194,2006-12-13T00:24:22Z,-36.69,0.0,177.19,0.0,33.0,0.0,ML,,,,3.6,0.2,3
2667237,2006-12-13T02:39:45Z,-37.5,0.0,177.58,0.0,70.0,4.0,ML,,,,2.5,0.0,3
2667243,2006-12-13T03:01:05Z,-45.32,0.0,166.75,0.0,5.0,0.0,ML,,,,2.5,0.1,4
2667253,2006-12-13T03:29:28Z,-39.28,0.0,175.56,0.0,0.0,0.0,ML,,,,1.3,0.2,3
2914346,2006-12-13T03:30:18Z,-37.91,0.0,178.28,0.0,55.0,2.0,ML,,,,2.9,0.2,3
2667273,2006-12-13T04:30:09Z,-39.28,0.0,175.56,0.0,0.0,0.0,ML,,,,0.7,0.2,3
2667275,2006-12-13T04:35:37Z,-41.35,0.0,172.91,0.0,89.0,2.0,ML,,,,2.4,0.0,2
2667302,2006-12-13T06:20:59Z,-41.22,0.0,173.34,0.0,98.0,2.0,ML,,,,2.4,0.3,3
2667303,2006-12-13T06:23:30Z,-39.87,0.0,175.13,0.1,30.0,4.0,ML,,,,2.2,0.2,7
2667316,2006-12-13T07:02:29Z,-39.39,0.0,175.5,0.0,18.0,1.0,ML,,,,1.6,0.2,8
2667324,2006-12-13T07:23:36Z,-38.97,0.0,175.77,0.0,5.0,0.0,ML,,,,1.6,0.2,11
2667327,2006-12-13T07:32:23Z,-45.59,0.0,167.35,0.0,5.0,0.0,ML,,,,1.9,0.2,3
2667370,2006-12-13T10:11:29Z,-38.27,0.0,178.8,0.0,33.0,0.0,ML,,,,2.2,0.1,3
2667371,2006-12-13T10:13:32Z,-40.98,0.0,172.93,0.0,191.0,3.0,ML,,,,3.3,0.2,16
2667375,2006-12-13T10:28:01Z,-39.24,0.0,175.14,0.0,26.0,1.0,ML,,,,1.9,0.2,12
2667392,2006-12-13T11:16:38Z,-41.44,0.0,172.22,0.0,5.0,0.0,ML,,,,1.9,0.3,4
2667423,2006-12-13T13:10:15Z,-39.24,0.0,175.04,0.0,27.0,1.0,ML,,,,2.0,0.1,18
2667428,2006-12-13T13:31:04Z,-39.87,0.0,173.81,0.0,145.0,7.0,ML,,,,2.7,0.3,5
2667437,2006-12-13T14:06:14Z,-45.24,0.0,166.83,0.0,23.0,1.0,ML,,,,2.1,0.3,3
2667438,2006-12-13T14:08:45Z,-37.77,0.0,175.92,0.0,281.0,2.0,ML,,,,3.7,0.3,17
2667443,2006-12-13T14:25:12Z,-46.41,0.0,167.07,0.0,12.0,0.0,ML,,,,2.3,0.2,5
2667449,2006-12-13T14:51:39Z,-37.85,0.0,176.77,0.0,5.0,0.0,ML,,,,1.9,nan,1
2667455,2006-12-13T15:09:15Z,-43.62,0.0,171.06,0.0,5.0,0.0,ML,,,,2.1,0.2,5
2667471,2006-12-13T15:57:29Z,-38.39,0.0,177.68,0.0,39.0,2.0,ML,,,,2.2,0.1,3
2914688,2006-12-13T16:37:23Z,-41.08,0.0,175.08,0.0,28.0,1.0,ML,,,,1.9,0.2,7
2667481,2006-12-13T16:41:43Z,-44.12,0.0,171.13,0.0,5.0,0.0,ML,,,,2.4,0.3,11
2914693,2006-12-13T16:43:17Z,-39.16,0.0,175.63,0.0,1.0,0.0,ML,,,,1.1,0.1,2
2667488,2006-12-13T17:01:30Z,-42.61,0.0,172.85,0.0,5.0,0.0,ML,,,,2.6,0.2,14
2667490,2006-12-13T17:07:10Z,-44.83,0.0,167.54,0.0,35.0,4.0,ML,,,,2.3,0.2,8
2667499,2006-12-13T17:35:19Z,-40.01,0.0,176.54,0.0,30.0,2.0,ML,,,,2.5,0.3,13
2667512,2006-12-13T18:18:42Z,-37.44,0.1,176.9,0.1,139.0,7.0,ML,,,,3.1,0.2,5
2667514,2006-12-13T18:24:20Z,-37.84,0.0,176.79,0.0,5.0,0.0,ML,,,,2.3,0.1,2
2667548,2006-12-13T20:10:01Z,-45.19,0.0,166.92,0.0,22.0,2.0,ML,,,,2.1,0.2,3
2667550,2006-12-13T20:19:47Z,-40.81,0.0,174.93,0.0,34.0,0.0,ML,,,,2.0,0.3,4
2667555,2006-12-13T20:37:42Z,-39.06,0.0,176.39,0.0,83.0,3.0,ML,,,,2.4,0.1,3
2667584,2006-12-13T21:55:31Z,-36.63,0.0,177.45,0.0,203.0,3.0,ML,,,,3.0,0.1,3
2667587,2006-12-13T22:06:51Z,-44.23,0.0,168.43,0.0,5.0,0.0,ML,,,,2.4,0.3,4
2667609,2006-12-13T23:21:13Z,-39.5,0.0,175.06,0.0,32.0,1.0,ML,,,,2.0,0.1,17
2667628,2006-12-14T00:36:03Z,-41.24,0.0,173.53,0.0,85.0,1.0,ML,,,,2.6,0.2,2
2914334,2006-12-14T00:36:30Z,-37.87,0.0,176.73,0.0,12.0,0.0,ML,,,,2.0,nan,1
2667650,2006-12-14T01:49:19Z,-39.63,0.0,176.91,0.0,33.0,0.0,ML,,,,2.8,0.2,9
2667653,2006-12-14T02:01:58Z,-41.06,0.0,173.06,0.0,119.0,2.0,ML,,,,2.9,nan,1
2667657,2006-12-14T02:10:03Z,-43.1,0.0,170.99,0.0,5.0,0.0,ML,,,,2.3,0.3,6
2667667,2006-12-14T02:41:40Z,-40.18,0.1,174.13,0.0,111.0,7.0,ML,,,,2.7,0.0,3
2667686,2006-12-14T03:24:31Z,-38.94,0.0,178.35,0.0,33.0,0.0,ML,,,,3.4,0.1,5
2667688,2006-12-14T03:29:06Z,-41.07,0.0,175.07,0.0,28.0,1.0,ML,,,,2.3,0.1,10
2667692,2006-12-14T03:39:34Z,-38.17,0.0,176.82,0.0,5.0,0.0,ML,,,,2.4,0.1,4
2667699,2006-12-14T04:05:31Z,-44.63,0.0,168.45,0.0,12.0,0.0,ML,,,,2.3,0.2,6
2667700,2006-12-14T04:08:11Z,-40.3,0.0,176.43,0.0,33.0,1.0,ML,,,,2.2,0.0,2
2667718,2006-12-14T05:04:05Z,-39.8,0.0,175.51,0.0,57.0,3.0,ML,,,,2.5,0.3,6
2667720,2006-12-14T05:07:22Z,-37.79,0.0,177.54,0.0,33.0,0.0,ML,,,,2.7,0.2,6
2667752,2006-12-14T07:04:32Z,-38.76,0.0,178.35,0.0,5.0,0.0,ML,,,,2.5,0.3,3
2667759,2006-12-14T07:35:15Z,-41.27,0.0,173.65,0.0,64.0,2.0,ML,,,,2.5,0.2,5
2667762,2006-12-14T07:46:26Z,-40.48,0.0,174.02,0.0,88.0,4.0,ML,,,,2.7,0.2,7
2667766,2006-12-14T08:01:08Z,-45.14,0.0,168.39,0.0,12.0,0.0,ML,,,,2.0,0.2,6
2667776,2006-12-14T08:29:36Z,-45.18,0.0,166.76,0.0,12.0,0.0,ML,,,,2.5,0.2,9
2667798,2006-12-14T09:50:57Z,-45.27,0.0,167.33,0.0,74.0,0.0,ML,,,,1.8,0.3,3
2667821,2006-12-14T11:13:08Z,-36.67,0.0,177.39,0.0,205.0,3.0,ML,,,,3.7,0.2,18
2667825,2006-12-14T11:25:03Z,-37.25,0.0,177.53,0.1,146.0,4.0,ML,,,,2.6,0.2,6
2667826,2006-12-14T11:28:16Z,-40.06,0.0,174.96,0.0,29.0,2.0,ML,,,,2.3,0.2,23
2667833,2006-12-14T11:44:08Z,-40.69,0.0,176.36,0.0,33.0,2.0,ML,,,,2.2,0.1,3
2667834,2006-12-14T11:48:17Z,-45.06,0.0,167.53,0.0,84.0,2.0,ML,,,,2.5,0.3,9
2914707,2006-12-14T11:49:11Z,-40.3,0.0,174.9,0.0,48.0,5.0,ML,,,,2.1,0.3,6
2914714,2006-12-14T11:51:33Z,-35.92,0.0,178.01,0.1,157.0,6.0,ML,,,,3.4,0.2,13
2667844,2006-12-14T12:24:14Z,-39.06,0.0,174.93,0.0,32.0,1.0,ML,,,,2.6,0.1,17
2667847,2006-12-14T12:31:06Z,-37.84,0.0,176.79,0.0,5.0,0.0,ML,,,,1.8,0.2,4
2667848,2006-12-14T12:34:07Z,-41.08,0.0,175.09,0.0,27.0,1.0,ML,,,,2.3,0.1,9
2667849,2006-12-14T12:35:12Z,-38.39,0.0,175.89,0.1,177.0,4.0,ML,,,,3.0,0.3,7
2667850,2006-12-14T12:38:08Z,-42.3,0.0,174.13,0.0,12.0,0.0,ML,,,,2.3,0.3,10
2914787,2006-12-14T13:02:41Z,-39.98,0.0,175.75,0.0,26.0,3.0,ML,,,,1.6,0.2,5
2667858,2006-12-14T13:04:33Z,-45.96,0.0,165.93,0.1,5.0,0.0,ML,,,,2.4,0.2,3
2667860,2006-12-14T13:14:19Z,-38.29,0.0,178.87,0.0,33.0,0.0,ML,,,,2.3,0.1,3
2667863,2006-12-14T13:24:31Z,-44.25,0.0,168.49,0.0,5.0,0.0,ML,,,,2.8,0.1,4
2667869,2006-12-14T13:48:10Z,-40.32,0.0,174.32,0.0,12.0,0.0,ML,,,,1.9,0.1,8
2667873,2006-12-14T14:04:35Z,-38.56,0.0,178.55,0.0,5.0,0.0,ML,,,,2.4,0.4,4
2667880,2006-12-14T14:29:55Z,-37.38,0.0,176.68,0.0,187.0,3.0,ML,,,,3.2,0.2,14
2667881,2006-12-14T14:33:26Z,-45.1,0.0,167.3,0.0,53.0,4.0,ML,,,,1.9,0.3,4
2667904,2006-12-14T15:40:07Z,-44.93,0.0,167.5,0.0,75.0,3.0,ML,,,,2.5,0.2,7
2667906,2006-12-14T15:44:11Z,-40.63,0.0,176.12,0.0,30.0,2.0,ML,,,,1.3,0.1,3
2667913,2006-12-14T16:04:19Z,-41.6,0.0,172.15,0.0,5.0,0.0,ML,,,,2.2,0.2,6
2667920,2006-12-14T16:22:56Z,-39.23,0.0,175.08,0.0,130.0,1.0,ML,,,,3.6,0.2,16
2667952,2006-12-14T18:04:04Z,-40.3,0.0,174.88,0.0,47.0,6.0,ML,,,,2.8,0.1,8
2667955,2006-12-14T18:15:36Z,-40.52,0.0,175.83,0.0,54.0,2.0,ML,,,,2.3,0.2,6
2667977,2006-12-14T19:34:30Z,-45.48,0.0,167.02,0.0,60.0,1.0,ML,,,,2.2,0.1,3
2667982,2006-12-14T19:45:54Z,-37.34,0.1,176.4,0.1,222.0,6.0,ML,,,,3.8,0.2,19
2668001,2006-12-14T20:53:32Z,-44.98,0.0,167.63,0.0,88.0,3.0,ML,,,,2.3,0.1,6
2914795,2006-12-14T20:54:45Z,-38.12,0.0,176.7,0.0,9.0,1.0,ML,,,,1.4,0.1,2
2668006,2006-12-14T21:04:48Z,-38.29,0.0,178.02,0.0,56.0,4.0,ML,,,,2.8,0.1,4
2668032,2006-12-14T22:31:40Z,-38.79,0.0,177.77,0.0,46.0,3.0,ML,,,,2.4,0.0,2
2668036,2006-12-14T22:39:45Z,-38.3,0.0,176.06,0.0,5.0,0.0,ML,,,,2.3,0.2,9
2668052,2006-12-14T23:22:01Z,-46.01,0.0,170.41,0.0,5.0,0.0,ML,,,,2.4,0.1,4
2668097,2006-12-15T01:37:23Z,-38.11,0.0,176.53,0.0,5.0,0.0,ML,,,,1.8,0.2,2
2668148,2006-12-15T04:24:21Z,-37.51,0.1,176.4,0.1,194.0,5.0,ML,,,,3.7,0.2,16
2668150,2006-12-15T04:28:43Z,-39.22,0.0,175.21,0.0,135.0,3.0,ML,,,,3.4,0.3,14
2668157,2006-12-15T04:51:26Z,-44.33,0.0,170.0,0.0,12.0,0.0,ML,,,,2.0,0.2,4
2668159,2006-12-15T04:55:41Z,-39.22,0.0,178.05,0.0,24.0,2.0,ML,,,,2.9,0.2,5
2668178,2006-12-15T06:06:43Z,-41.1,0.0,175.07,0.0,27.0,1.0,ML,,,,2.6,0.1,11
2668181,2006-12-15T06:20:26Z,-37.7,0.0,179.23,0.0,33.0,0.0,ML,,,,3.0,0.2,5
2668211,2006-12-15T08:05:28Z,-37.18,0.1,179.95,0.1,33.0,0.0,ML,,,,3.8,0.1,5
2668219,2006-12-15T08:27:55Z,-39.51,0.0,177.0,0.0,12.0,0.0,ML,,,,2.5,0.2,7
2668227,2006-12-15T08:58:43Z,-37.24,0.0,177.34,0.0,126.0,1.0,ML,,,,3.2,0.3,10
2914374,2006-12-15T09:45:12Z,-45.12,0.0,167.48,0.0,118.0,3.0,ML,,,,2.6,0.3,7
2668254,2006-12-15T10:22:00Z,-45.06,0.0,167.43,0.0,112.0,3.0,ML,,,,2.7,0.2,6
2914689,2006-12-15T10:23:09Z,-40.32,0.1,174.25,0.0,78.0,9.0,ML,,,,2.4,nan,1
2914692,2006-12-15T10:24:11Z,-41.41,0.0,172.95,0.0,115.0,3.0,ML,,,,3.6,0.2,12
2668257,2006-12-15T10:36:23Z,-37.55,0.0,179.42,0.1,12.0,0.0,ML,,,,3.4,0.3,8
2914798,2006-12-15T10:50:53Z,-39.25,0.0,177.74,0.0,12.0,0.0,ML,,,,2.0,nan,1
2914804,2006-12-15T10:51:17Z,-39.19,0.0,177.74,0.0,25.0,1.0,ML,,,,2.2,0.0,2
2914806,2006-12-15T11:03:18Z,-41.89,0.0,171.69,0.0,10.0,1.0,ML,,,,1.9,0.1,3
2668264,2006-12-15T11:03:34Z,-38.18,0.0,176.18,0.0,135.0,3.0,ML,,,,3.1,0.2,7
2668271,2006-12-15T11:36:55Z,-40.12,0.0,174.91,0.0,12.0,0.0,ML,,,,2.5,0.1,22
2668274,2006-12-15T11:49:08Z,-38.63,0.0,176.18,0.0,2.0,0.0,ML,,,,1.8,0.3,3
2668296,2006-12-15T13:05:27Z,-45.27,0.0,169.68,0.0,12.0,0.0,ML,,,,1.7,0.2,3
2914812,2006-12-15T13:06:09Z,-45.04,0.0,167.09,0.0,5.0,0.0,ML,,,,1.7,0.4,3
2668303,2006-12-15T13:35:46Z,-45.41,0.0,167.3,0.0,101.0,3.0,ML,,,,2.7,0.2,8
2668308,2006-12-15T13:53:41Z,-43.17,0.0,173.38,0.0,33.0,0.0,ML,,,,2.7,0.3,8
2668311,2006-12-15T14:04:42Z,-35.43,0.1,179.32,0.2,248.0,11.0,ML,,,,4.1,0.2,12
2914818,2006-12-15T14:07:44Z,-40.88,0.0,176.07,0.0,29.0,1.0,ML,,,,2.5,0.2,10
2668314,2006-12-15T14:13:34Z,-41.18,0.0,173.49,0.0,85.0,3.0,ML,,,,2.2,0.0,2
2668323,2006-12-15T14:45:11Z,-41.31,0.0,174.86,0.0,26.0,0.0,ML,,,,1.8,0.1,5
2668326,2006-12-15T14:50:02Z,-39.1,0.0,177.86,0.0,24.0,1.0,ML,,,,2.4,0.3,4
2668332,2006-12-15T15:08:14Z,-39.27,0.0,175.2,0.0,31.0,1.0,ML,,,,1.9,0.2,16
2914828,2006-12-15T15:08:51Z,-41.32,0.0,175.15,0.0,25.0,1.0,ML,,,,2.5,0.2,12
2668335,2006-12-15T15:16:00Z,-37.49,0.0,177.22,0.0,129.0,2.0,ML,,,,2.8,0.3,6
2668342,2006-12-15T15:45:23Z,-41.73,0.0,172.19,0.0,5.0,0.0,ML,,,,1.5,0.2,2
2668406,2006-12-15T19:23:49Z,-39.75,0.0,174.26,0.0,170.0,7.0,ML,,,,3.4,0.3,9
2668424,2006-12-15T20:34:49Z,-38.54,0.0,176.24,0.1,160.0,7.0,ML,,,,3.3,0.3,6
2668440,2006-12-15T21:24:49Z,-40.05,0.0,174.54,0.0,120.0,2.0,ML,,,,3.4,0.1,12
2668442,2006-12-15T21:34:25Z,-39.9,0.0,175.12,0.0,32.0,2.0,ML,,,,2.1,0.1,4
2668457,2006-12-15T22:18:14Z,-39.96,0.0,176.51,0.0,12.0,0.0,ML,,,,2.3,0.2,6
2668484,2006-12-15T23:50:21Z,-42.28,0.0,172.98,0.0,5.0,0.0,ML,,,,2.3,0.1,4
2668488,2006-12-16T00:05:13Z,-38.37,0.0,177.66,0.0,60.0,1.0,ML,,,,2.8,0.1,3
2668496,2006-12-16T00:30:00Z,-44.93,0.0,167.72,0.0,78.0,2.0,ML,,,,2.8,0.2,10
2668500,2006-12-16T00:43:20Z,-39.21,0.0,175.06,0.0,12.0,0.0,ML,,,,1.8,0.2,8
2668526,2006-12-16T02:10:07Z,-38.05,0.0,176.41,0.0,148.0,3.0,ML,,,,3.5,0.3,12
2668531,2006-12-16T02:32:18Z,-44.02,0.0,168.59,0.0,5.0,0.0,ML,,,,2.0,0.3,4
2668537,2006-12-16T02:52:56Z,-36.04,0.0,179.83,0.1,33.0,0.0,ML,,,,3.5,0.2,2
2668552,2006-12-16T03:41:45Z,-41.11,0.0,175.86,0.0,28.0,1.0,ML,,,,2.5,0.2,5
2668630,2006-12-16T07:52:10Z,-36.77,0.1,177.49,0.1,194.0,5.0,ML,,,,3.7,0.2,12
2668677,2006-12-16T10:19:07Z,-44.19,0.0,168.76,0.0,5.0,0.0,ML,,,,2.6,0.2,9
2668685,2006-12-16T10:42:43Z,-38.29,0.0,177.53,0.0,50.0,4.0,ML,,,,2.6,0.3,4
2668700,2006-12-16T11:40:46Z,-39.41,0.0,177.6,0.0,29.0,2.0,ML,,,,2.2,0.2,4
2668701,2006-12-16T11:48:35Z,-37.65,0.1,178.98,0.1,33.0,0.0,ML,,,,2.5,0.1,5
2668708,2006-12-16T12:16:47Z,-37.84,0.0,176.76,0.0,5.0,0.0,ML,,,,2.1,0.1,4
2668718,2006-12-16T12:41:59Z,-41.27,0.0,174.22,0.0,42.0,2.0,ML,,,,2.3,0.2,3
2668720,2006-12-16T12:51:26Z,-41.7,0.0,174.17,0.0,33.0,0.0,ML,,,,1.9,0.2,3
2668727,2006-12-16T13:23:32Z,-45.22,0.0,167.12,0.0,25.0,3.0,ML,,,,2.2,0.2,7
2668751,2006-12-16T14:50:32Z,-38.3,0.0,176.06,0.0,5.0,0.0,ML,,,,1.9,0.0,2
2668752,2006-12-16T14:53:03Z,-39.24,0.0,176.67,0.1,48.0,6.0,ML,,,,2.1,0.2,3
2668755,2006-12-16T15:06:18Z,-38.46,0.0,176.29,0.0,89.0,4.0,ML,,,,2.2,0.2,5
2668765,2006-12-16T15:43:12Z,-45.11,0.0,167.51,0.0,115.0,2.0,ML,,,,2.8,0.3,8
2668770,2006-12-16T16:07:06Z,-46.2,0.0,167.31,0.0,12.0,0.0,ML,,,,1.9,0.4,2
2668772,2006-12-16T16:15:13Z,-45.22,0.0,167.02,0.0,25.0,1.0,ML,,,,2.0,0.1,2
2668775,2006-12-16T16:25:55Z,-43.32,0.0,170.8,0.0,5.0,0.0,ML,,,,2.3,0.2,5
2668781,2006-12-16T16:37:15Z,-44.55,0.0,168.4,0.0,5.0,0.0,ML,,,,2.0,0.1,6
2668782,2006-12-16T16:40:05Z,-40.09,0.0,173.2,0.0,5.0,0.0,ML,,,,3.0,0.2,11
2668789,2006-12-16T17:03:48Z,-40.83,0.0,175.08,0.0,29.0,1.0,ML,,,,2.7,0.1,12
2668791,2006-12-16T17:10:28Z,-42.0,0.0,173.12,0.0,41.0,3.0,ML,,,,1.9,0.1,2
2668803,2006-12-16T17:52:09Z,-37.69,0.0,177.25,0.0,66.0,5.0,ML,,,,2.6,0.3,4
2668824,2006-12-16T18:52:49Z,-42.12,0.0,172.22,0.0,5.0,0.0,ML,,,,2.3,0.2,5
2915162,2006-12-16T18:55:19Z,-38.32,0.0,176.4,0.0,5.0,0.0,ML,,,,2.0,0.0,2
2668825,2006-12-16T18:56:55Z,-37.85,0.0,176.77,0.0,12.0,0.0,ML,,,,2.1,0.1,2
2668828,2006-12-16T19:04:52Z,-38.56,0.0,177.93,0.0,42.0,4.0,ML,,,,2.2,0.3,2
2668842,2006-12-16T19:52:23Z,-38.36,0.0,176.36,0.0,92.0,3.0,ML,,,,2.6,0.1,3
2668847,2006-12-16T20:08:59Z,-41.09,0.0,174.54,0.0,58.0,1.0,ML,,,,2.3,0.0,2
2668873,2006-12-16T21:35:47Z,-41.15,0.0,173.21,0.0,110.0,4.0,ML,,,,2.9,0.1,9
2668881,2006-12-16T22:11:52Z,-45.48,0.0,167.13,0.0,65.0,2.0,ML,,,,2.6,0.2,7
2915172,2006-12-16T22:12:03Z,-45.06,0.0,167.24,0.0,5.0,0.0,ML,,,,2.8,0.2,5
2668884,2006-12-16T22:21:19Z,-41.9,0.0,172.08,0.0,81.0,4.0,ML,,,,2.4,0.0,2
2668931,2006-12-17T01:11:24Z,-38.89,0.0,177.9,0.0,33.0,1.0,ML,,,,2.4,0.2,2
2668935,2006-12-17T01:20:36Z,-37.97,0.0,176.54,0.0,5.0,0.0,ML,,,,2.0,nan,1
2668943,2006-12-17T01:55:29Z,-38.09,0.0,176.68,0.0,5.0,0.0,ML,,,,1.7,0.1,2
2668948,2006-12-17T02:12:33Z,-39.31,0.0,174.64,0.0,27.0,3.0,ML,,,,2.2,0.1,5
2668963,2006-12-17T03:13:21Z,-44.5,0.0,169.98,0.0,5.0,0.0,ML,,,,2.2,0.2,5
2668967,2006-12-17T03:30:58Z,-36.89,0.1,177.86,0.1,124.0,9.0,ML,,,,3.3,0.1,3
2668996,2006-12-17T05:10:47Z,-38.46,0.1,175.84,0.1,176.0,9.0,ML,,,,3.3,0.2,8
2668998,2006-12-17T05:17:23Z,-39.89,0.0,175.06,0.0,40.0,1.0,ML,,,,2.1,0.2,2
2669002,2006-12-17T05:28:35Z,-39.27,0.0,175.56,0.0,5.0,0.0,ML,,,,1.8,0.2,9
2669003,2006-12-17T05:32:03Z,-45.5,0.0,167.1,0.0,69.0,1.0,ML,,,,2.3,0.2,3
2669020,2006-12-17T06:35:21Z,-38.48,0.1,176.15,0.1,79.0,10.0,ML,,,,2.8,0.4,4
2669025,2006-12-17T06:53:46Z,-42.45,0.0,172.67,0.0,12.0,0.0,ML,,,,2.6,0.1,7
2669047,2006-12-17T08:07:02Z,-38.06,0.0,178.4,0.0,54.0,1.0,ML,,,,3.4,0.1,4
2669050,2006-12-17T08:18:56Z,-41.1,0.0,173.48,0.0,87.0,1.0,ML,,,,2.4,nan,1
2669051,2006-12-17T08:21:41Z,-39.31,0.0,174.87,0.0,31.0,1.0,ML,,,,2.5,0.1,14
2669052,2006-12-17T08:26:12Z,-38.97,0.0,176.06,0.0,5.0,0.0,ML,,,,2.2,0.1,13
2669069,2006-12-17T09:10:15Z,-38.24,0.0,178.09,0.0,44.0,3.0,ML,,,,2.4,0.2,3
2669075,2006-12-17T09:37:15Z,-37.96,0.0,176.52,0.0,5.0,0.0,ML,,,,2.0,0.1,2
2669079,2006-12-17T09:51:13Z,-39.59,0.0,174.28,0.0,148.0,2.0,ML,,,,3.0,0.2,12
2669082,2006-12-17T10:01:59Z,-40.36,0.0,175.84,0.0,30.0,2.0,ML,,,,2.3,0.2,14
2669087,2006-12-17T10:23:54Z,-40.36,0.0,176.32,0.0,25.0,3.0,ML,,,,2.2,0.1,7
2669090,2006-12-17T10:30:57Z,-38.0,0.0,178.54,0.0,28.0,0.0,ML,,,,2.6,0.2,3
2669099,2006-12-17T11:04:56Z,-39.21,0.0,176.93,0.0,26.0,2.0,ML,,,,3.7,0.2,41
2669109,2006-12-17T11:39:52Z,-45.18,0.0,167.13,0.0,25.0,0.0,ML,,,,1.8,0.2,3
2669121,2006-12-17T12:22:40Z,-37.84,0.0,176.79,0.0,5.0,0.0,ML,,,,1.8,0.1,3
2669127,2006-12-17T12:46:56Z,-39.93,0.0,175.25,0.0,27.0,2.0,ML,,,,2.4,0.1,7
2669128,2006-12-17T12:52:22Z,-40.92,0.0,174.19,0.0,44.0,3.0,ML,,,,2.0,0.1,4
2915281,2006-12-17T12:53:27Z,-41.48,0.0,174.1,0.0,41.0,1.0,ML,,,,2.8,0.1,10
2669145,2006-12-17T13:52:12Z,-37.04,0.1,177.66,0.0,146.0,6.0,ML,,,,2.7,0.1,3
2669148,2006-12-17T14:06:57Z,-40.27,0.0,175.98,0.0,42.0,3.0,ML,,,,2.0,0.1,3
2669153,2006-12-17T14:20:40Z,-35.49,0.1,179.45,0.2,319.0,18.0,ML,,,,3.7,0.2,8
2915294,2006-12-17T15:18:18Z,-45.15,0.0,166.97,0.0,23.0,1.0,ML,,,,1.9,0.2,2
2669173,2006-12-17T15:36:10Z,-45.19,0.0,166.96,0.0,23.0,1.0,ML,,,,1.8,0.2,2
2669192,2006-12-17T16:45:37Z,-40.58,0.0,174.57,0.0,38.0,7.0,ML,,,,2.2,0.2,6
2669207,2006-12-17T17:41:56Z,-39.16,0.0,175.63,0.0,1.0,0.0,ML,,,,1.2,0.1,2
2669214,2006-12-17T17:56:28Z,-37.78,0.0,175.79,0.0,280.0,3.0,ML,,,,3.6,0.3,4
2669216,2006-12-17T18:04:34Z,-40.26,0.0,174.32,0.0,88.0,4.0,ML,,,,2.4,0.2,3
2669217,2006-12-17T18:07:07Z,-44.29,0.0,169.1,0.1,5.0,0.0,ML,,,,1.7,0.1,3
2669218,2006-12-17T18:11:22Z,-39.66,0.0,176.32,0.0,27.0,2.0,ML,,,,2.6,0.1,16
2669246,2006-12-17T19:45:56Z,-38.22,0.0,179.67,0.0,33.0,0.0,ML,,,,3.7,0.2,7
2669270,2006-12-17T21:05:23Z,-40.82,0.0,175.09,0.0,31.0,1.0,ML,,,,2.4,0.2,8
2669281,2006-12-17T21:35:17Z,-40.56,0.0,174.5,0.0,42.0,4.0,ML,,,,2.0,0.2,3
2669283,2006-12-17T21:37:50Z,-38.05,0.0,178.16,0.0,62.0,1.0,ML,,,,2.8,0.1,4
2669315,2006-12-17T22:41:19Z,-38.98,0.0,177.98,0.0,29.0,3.0,ML,,,,2.4,0.0,2
2669378,2006-12-18T00:09:58Z,-39.16,0.0,175.63,0.0,1.0,0.0,ML,,,,1.3,0.1,2
2669383,2006-12-18T00:18:23Z,-39.46,0.0,177.68,0.0,33.0,0.0,ML,,,,2.4,0.2,3
2669416,2006-12-18T01:14:48Z,-37.16,0.0,177.47,0.1,90.0,8.0,ML,,,,3.2,0.1,7
2669417,2006-12-18T01:18:03Z,-38.05,0.0,178.17,0.0,62.0,2.0,ML,,,,2.8,0.1,4
2669441,2006-12-18T01:50:53Z,-41.48,0.0,174.12,0.0,36.0,2.0,ML,,,,2.0,0.2,5
2669452,2006-12-18T02:07:48Z,-38.34,0.0,175.74,0.0,233.0,2.0,ML,,,,4.0,0.2,15
2669455,2006-12-18T02:15:45Z,-41.02,0.0,175.22,0.0,23.0,1.0,ML,,,,2.0,0.1,8
2669482,2006-12-18T02:44:59Z,-37.82,0.0,176.78,0.0,5.0,0.0,ML,,,,2.6,0.3,5
2669506,2006-12-18T03:20:18Z,-43.24,0.0,172.59,0.0,12.0,0.0,ML,,,,2.2,0.1,5
2669509,2006-12-18T03:28:55Z,-41.58,0.0,174.32,0.0,26.0,1.0,ML,,,,2.7,0.1,17
2669538,2006-12-18T04:19:25Z,-41.79,0.0,173.08,0.0,91.0,3.0,ML,,,,2.6,0.1,2
2669590,2006-12-18T05:52:00Z,-40.57,0.0,174.06,0.0,80.0,4.0,ML,,,,2.2,0.2,3
2669605,2006-12-18T06:22:30Z,-44.14,0.0,170.01,0.0,12.0,0.0,ML,,,,2.3,0.3,7
2914755,2006-12-18T06:24:12Z,-38.76,0.0,175.39,0.0,204.0,5.0,ML,,,,3.2,0.2,11
2669609,2006-12-18T06:32:43Z,-37.14,0.0,177.04,0.1,196.0,4.0,ML,,,,2.9,0.3,4
2669614,2006-12-18T06:33:46Z,-38.3,0.1,176.68,0.1,206.0,6.0,ML,,,,3.2,0.2,7
2669615,2006-12-18T06:39:42Z,-38.89,0.0,174.73,0.1,210.0,6.0,ML,,,,3.0,0.2,5
2669626,2006-12-18T07:04:13Z,-45.16,0.0,167.34,0.0,68.0,2.0,ML,,,,2.3,0.1,7
2669691,2006-12-18T09:22:00Z,-42.05,0.0,172.97,0.0,5.0,0.0,ML,,,,1.9,0.3,5
2669698,2006-12-18T09:33:40Z,-38.79,0.0,177.59,0.0,58.0,1.0,ML,,,,1.9,0.0,2
2669710,2006-12-18T10:05:12Z,-44.76,0.0,169.19,0.0,12.0,0.0,ML,,,,1.8,0.1,4
2669713,2006-12-18T10:09:57Z,-44.32,0.0,169.3,0.0,5.0,0.0,ML,,,,2.3,0.1,9
2669716,2006-12-18T10:14:02Z,-45.28,0.0,166.79,0.0,12.0,0.0,ML,,,,2.5,0.2,4
2669724,2006-12-18T10:33:09Z,-35.55,0.1,178.18,0.2,156.0,19.0,ML,,,,3.4,0.3,7
2669726,2006-12-18T10:35:28Z,-38.56,0.0,174.83,0.0,24.0,1.0,ML,,,,1.8,0.1,4
2914770,2006-12-18T10:52:05Z,-37.84,0.0,176.78,0.0,5.0,0.0,ML,,,,1.7,0.2,3
2669750,2006-12-18T11:00:34Z,-41.09,0.0,175.05,0.0,31.0,1.0,ML,,,,2.1,0.2,9
2669751,2006-12-18T11:03:45Z,-41.1,0.0,173.37,0.0,103.0,2.0,ML,,,,2.7,0.2,12
2669773,2006-12-18T11:39:13Z,-35.3,0.1,179.08,0.4,276.0,9.0,ML,,,,3.3,0.1,6
2669778,2006-12-18T11:41:25Z,-39.58,0.0,174.23,0.0,199.0,5.0,ML,,,,2.8,0.2,6
2669784,2006-12-18T11:53:12Z,-41.68,0.0,174.24,0.0,13.0,1.0,ML,,,,2.1,0.2,15
2669806,2006-12-18T12:30:48Z,-40.22,0.0,174.28,0.0,72.0,3.0,ML,,,,2.6,0.2,13
2669811,2006-12-18T12:37:22Z,-39.17,0.0,175.39,0.0,14.0,1.0,ML,,,,1.7,0.1,14
2669815,2006-12-18T12:45:19Z,-42.15,0.0,174.18,0.0,12.0,0.0,ML,,,,2.3,0.3,14
2669847,2006-12-18T13:31:11Z,-37.85,0.0,176.77,0.0,5.0,0.0,ML,,,,1.7,0.2,4
2669863,2006-12-18T13:59:09Z,-45.09,0.0,167.49,0.0,79.0,1.0,ML,,,,2.1,0.2,8
2669865,2006-12-18T14:00:44Z,-44.97,0.0,168.53,0.0,5.0,0.0,ML,,,,1.9,0.1,8
2669899,2006-12-18T14:49:37Z,-45.56,0.0,166.98,0.0,61.0,1.0,ML,,,,1.8,0.2,3
2669914,2006-12-18T15:12:28Z,-37.5,0.0,177.25,0.0,141.0,2.0,ML,,,,3.3,0.2,12
2917426,2006-12-18T15:24:47Z,-38.61,0.0,178.27,0.1,33.0,0.0,ML,,,,2.4,0.1,4
2917427,2006-12-18T15:26:08Z,-40.62,0.0,175.47,0.0,31.0,1.0,ML,,,,1.9,0.2,4
2669936,2006-12-18T15:53:03Z,-38.4,0.1,175.92,0.1,165.0,8.0,ML,,,,2.7,0.1,6
2670003,2006-12-18T17:06:17Z,-38.26,0.0,175.91,0.0,193.0,4.0,ML,,,,3.7,0.3,20
2670063,2006-12-18T18:24:22Z,-41.66,0.0,174.2,0.0,12.0,0.0,ML,,,,2.2,0.2,14
2670081,2006-12-18T18:40:04Z,-42.45,0.0,172.93,0.0,12.0,0.0,ML,,,,2.6,0.2,13
2670100,2006-12-18T19:22:09Z,-39.28,0.0,174.78,0.0,29.0,1.0,ML,,,,2.0,0.1,13
2670107,2006-12-18T19:39:02Z,-40.73,0.0,174.43,0.0,69.0,2.0,ML,,,,2.5,0.1,5
2670112,2006-12-18T19:48:01Z,-40.06,0.0,173.83,0.0,111.0,2.0,ML,,,,2.6,0.3,4
2670150,2006-12-18T20:55:30Z,-41.1,0.0,174.84,0.0,54.0,1.0,ML,,,,2.4,0.2,7
2670156,2006-12-18T21:03:56Z,-39.78,0.0,174.47,0.0,120.0,5.0,ML,,,,2.7,0.1,4
2917450,2006-12-18T21:04:26Z,-37.85,0.0,176.79,0.0,5.0,0.0,ML,,,,2.3,0.2,4
2670182,2006-12-18T21:44:37Z,-41.17,0.0,172.95,0.0,123.0,3.0,ML,,,,2.5,0.3,2
2670188,2006-12-18T21:58:41Z,-45.7,0.0,167.1,0.0,98.0,3.0,ML,,,,2.7,0.3,6
2670189,2006-12-18T22:02:46Z,-38.6,0.0,178.22,0.1,33.0,0.0,ML,,,,2.5,0.1,3
2670191,2006-12-18T22:09:26Z,-39.57,0.0,174.39,0.0,200.0,4.0,ML,,,,3.4,0.3,13
2670229,2006-12-18T23:14:06Z,-47.38,0.1,165.65,0.1,33.0,0.0,ML,,,,3.0,nan,1
2670233,2006-12-18T23:22:55Z,-45.18,0.0,167.13,0.0,12.0,0.0,ML,,,,2.2,0.3,3
2670252,2006-12-19T00:05:01Z,-40.41,0.0,174.44,0.0,98.0,3.0,ML,,,,3.0,0.1,8
2670772,2006-12-19T00:05:55Z,-40.41,0.0,174.81,0.0,33.0,0.0,ML,,,,2.8,0.1,11
2670257,2006-12-19T00:17:48Z,-38.63,0.0,176.1,0.0,5.0,0.0,ML,,,,1.9,0.2,4
2670268,2006-12-19T00:28:45Z,-39.11,0.0,174.86,0.0,5.0,0.0,ML,,,,2.0,0.3,7
2670298,2006-12-19T01:26:48Z,-44.64,0.0,168.44,0.0,12.0,0.0,ML,,,,2.8,0.1,5
2670301,2006-12-19T01:35:13Z,-37.98,0.0,176.51,0.0,5.0,0.0,ML,,,,2.8,0.2,5
2670304,2006-12-19T01:41:52Z,-36.18,0.1,-179.37,0.1,33.0,0.0,ML,,,,4.2,0.2,6
2670306,2006-12-19T01:45:11Z,-40.28,0.0,174.68,0.0,33.0,0.0,ML,,,,2.4,0.2,6
2670666,2006-12-19T01:52:12Z,-41.37,0.0,174.11,0.0,44.0,1.0,ML,,,,2.2,0.2,5
2670763,2006-12-19T02:06:49Z,-41.29,0.0,172.75,0.0,145.0,5.0,ML,,,,2.5,0.5,2
2670807,2006-12-19T03:54:39Z,-45.12,0.0,168.35,0.0,5.0,0.0,ML,,,,2.6,0.1,5
2670835,2006-12-19T05:23:06Z,-41.08,0.0,175.07,0.0,28.0,2.0,ML,,,,1.8,0.2,4
2670848,2006-12-19T06:01:33Z,-41.23,0.0,175.24,0.0,26.0,1.0,ML,,,,2.2,0.1,8
2670856,2006-12-19T06:27:05Z,-41.47,0.0,173.05,0.0,79.0,3.0,ML,,,,2.2,0.2,4
2670866,2006-12-19T07:00:25Z,-36.84,0.1,177.17,0.1,255.0,4.0,ML,,,,3.4,0.1,10
2670870,2006-12-19T07:16:40Z,-38.61,0.0,177.26,0.0,56.0,4.0,ML,,,,2.4,0.2,3
2670899,2006-12-19T08:50:39Z,-41.12,0.0,175.88,0.0,30.0,2.0,ML,,,,1.8,0.1,2
2670907,2006-12-19T09:17:12Z,-45.5,0.0,167.11,0.0,74.0,3.0,ML,,,,2.6,0.2,8
2670909,2006-12-19T09:21:23Z,-38.28,0.0,179.04,0.1,33.0,0.0,ML,,,,2.6,0.1,3
2670918,2006-12-19T09:55:22Z,-39.64,0.0,177.07,0.0,33.0,0.0,ML,,,,2.6,0.3,7
2915178,2006-12-19T09:58:33Z,-37.84,0.0,176.78,0.0,5.0,0.0,ML,,,,2.2,0.2,3
2670919,2006-12-19T09:58:40Z,-41.19,0.0,174.63,0.0,34.0,1.0,ML,,,,2.3,0.1,10
2670927,2006-12-19T10:23:03Z,-35.2,0.1,179.1,0.1,300.0,3.0,ML,,,,3.5,0.2,5
2670928,2006-12-19T10:26:18Z,-37.83,0.0,176.79,0.0,5.0,0.0,ML,,,,2.2,0.2,3
2670940,2006-12-19T11:03:00Z,-36.73,0.0,177.36,0.0,250.0,3.0,ML,,,,4.4,0.2,23
2670942,2006-12-19T11:10:34Z,-45.52,0.0,166.88,0.0,52.0,2.0,ML,,,,3.1,0.2,8
2670963,2006-12-19T12:14:42Z,-41.1,0.0,175.05,0.0,27.0,1.0,ML,,,,2.0,0.2,6
2670994,2006-12-19T13:32:08Z,-40.33,0.0,173.49,0.0,176.0,2.0,ML,,,,3.6,0.1,14
2670998,2006-12-19T13:42:26Z,-37.82,0.0,176.8,0.0,5.0,0.0,ML,,,,2.2,0.2,3
2671005,2006-12-19T14:01:57Z,-38.91,0.0,175.9,0.0,5.0,0.0,ML,,,,1.6,0.1,5
2671008,2006-12-19T14:10:51Z,-43.27,0.0,170.82,0.0,5.0,0.0,ML,,,,2.5,0.3,11
2671026,2006-12-19T15:09:32Z,-43.59,0.0,170.61,0.0,5.0,0.0,ML,,,,2.2,0.2,5
2917559,2006-12-19T15:29:22Z,-45.14,0.0,167.56,0.1,126.0,3.0,ML,,,,2.7,0.3,6
2671034,2006-12-19T15:29:25Z,-39.14,0.0,174.92,0.0,27.0,2.0,ML,,,,2.1,0.1,9
2671035,2006-12-19T15:32:27Z,-38.86,0.0,179.66,0.1,33.0,0.0,ML,,,,2.8,0.3,4
2671052,2006-12-19T16:27:24Z,-38.12,0.0,176.49,0.0,12.0,0.0,ML,,,,2.0,0.1,3
2671060,2006-12-19T16:45:11Z,-40.27,0.0,176.78,0.0,58.0,5.0,ML,,,,2.9,0.1,4
2671063,2006-12-19T16:55:05Z,-40.28,0.0,173.99,0.0,97.0,3.0,ML,,,,2.5,0.2,5
2671077,2006-12-19T17:32:07Z,-45.12,0.0,167.56,0.0,115.0,3.0,ML,,,,2.6,0.1,6
2671197,2006-12-19T23:43:40Z,-45.05,0.0,167.61,0.1,64.0,6.0,ML,,,,2.2,0.2,5
2671199,2006-12-19T23:47:27Z,-41.35,0.0,172.89,0.0,103.0,3.0,ML,,,,2.9,0.2,9
2917976,2006-12-19T23:48:38Z,-41.31,0.0,173.7,0.0,54.0,2.0,ML,,,,2.5,0.2,9
2671203,2006-12-19T23:57:36Z,-43.05,0.0,172.87,0.0,33.0,0.0,ML,,,,2.8,0.3,7
2671219,2006-12-20T00:44:01Z,-37.82,0.0,176.3,0.0,192.0,2.0,ML,,,,4.2,0.2,21
2671226,2006-12-20T01:05:46Z,-41.27,0.0,175.24,0.0,27.0,1.0,ML,,,,2.0,0.1,7
2671276,2006-12-20T03:10:56Z,-38.95,0.0,173.94,0.0,5.0,0.0,ML,,,,3.8,0.2,31
2671279,2006-12-20T03:18:05Z,-40.79,0.0,175.33,0.0,26.0,1.0,ML,,,,2.2,0.1,6
2915732,2006-12-20T04:51:00Z,-43.61,0.0,171.1,0.1,8.0,2.0,ML,,,,2.3,0.4,4
2671309,2006-12-20T04:52:48Z,-42.91,0.0,171.95,0.0,12.0,0.0,ML,,,,2.3,0.5,4
2671324,2006-12-20T05:38:29Z,-45.14,0.0,167.26,0.0,98.0,2.0,ML,,,,3.4,0.2,9
2671364,2006-12-20T08:00:17Z,-45.16,0.0,166.7,0.0,5.0,0.0,ML,,,,3.2,0.2,7
2671376,2006-12-20T08:43:33Z,-41.54,0.0,173.99,0.0,17.0,2.0,ML,,,,2.5,0.1,5
2671394,2006-12-20T09:38:16Z,-45.0,0.0,168.63,0.0,5.0,0.0,ML,,,,2.2,0.3,5
2671395,2006-12-20T09:41:55Z,-40.87,0.0,175.84,0.0,27.0,1.0,ML,,,,2.7,0.2,6
2671429,2006-12-20T11:15:23Z,-44.95,0.0,166.45,0.0,12.0,0.0,ML,,,,2.5,0.3,3
2671435,2006-12-20T11:30:05Z,-38.54,0.0,176.71,0.1,59.0,6.0,ML,,,,1.9,0.1,3
2671441,2006-12-20T11:44:25Z,-39.35,0.0,175.5,0.0,13.0,1.0,ML,,,,2.0,0.2,11
2671466,2006-12-20T12:59:28Z,-39.62,0.0,176.62,0.0,33.0,0.0,ML,,,,2.7,0.3,8
2671467,2006-12-20T13:01:35Z,-40.57,0.0,174.14,0.0,74.0,4.0,ML,,,,3.0,0.2,7
2671472,2006-12-20T13:21:32Z,-42.01,0.0,172.97,0.0,79.0,2.0,ML,,,,2.6,0.2,3
2671483,2006-12-20T13:53:55Z,-37.71,0.0,176.48,0.0,300.0,3.0,ML,,,,4.8,0.2,25
2671529,2006-12-20T16:02:47Z,-45.53,0.0,166.37,0.0,5.0,0.0,ML,,,,2.4,0.2,4
2671530,2006-12-20T16:05:33Z,-46.38,0.0,168.21,0.0,12.0,0.0,ML,,,,1.7,nan,1
2671540,2006-12-20T16:40:29Z,-45.01,0.0,167.52,0.0,121.0,3.0,ML,,,,3.1,0.2,10
2671549,2006-12-20T17:11:02Z,-45.19,0.0,166.97,0.0,23.0,1.0,ML,,,,1.8,0.2,3
2671553,2006-12-20T17:23:48Z,-36.98,0.0,177.47,0.0,196.0,2.0,ML,,,,3.6,0.2,4
2671567,2006-12-20T18:04:20Z,-39.51,0.0,175.73,0.0,23.0,1.0,ML,,,,2.0,0.2,9
2671583,2006-12-20T18:59:11Z,-45.02,0.0,170.4,0.0,5.0,0.0,ML,,,,2.7,0.3,6
2671608,2006-12-20T20:24:36Z,-40.77,0.0,172.79,0.0,12.0,0.0,ML,,,,2.4,0.3,3
2671613,2006-12-20T20:42:19Z,-45.15,0.0,168.42,0.0,5.0,0.0,ML,,,,2.0,0.2,4
2671618,2006-12-20T20:57:09Z,-38.4,0.0,178.76,0.0,12.0,0.0,ML,,,,2.9,0.2,5
2671632,2006-12-20T21:41:18Z,-40.42,0.0,176.05,0.0,33.0,0.0,ML,,,,1.9,0.3,2
2671654,2006-12-20T22:43:13Z,-45.74,0.0,167.02,0.0,88.0,3.0,ML,,,,2.1,0.3,3
2671685,2006-12-21T00:30:29Z,-37.84,0.1,176.33,0.1,159.0,6.0,ML,,,,2.8,0.3,4
2671721,2006-12-21T02:32:33Z,-45.11,0.0,167.08,0.0,30.0,1.0,ML,,,,2.4,0.1,4
2671737,2006-12-21T03:25:03Z,-37.83,0.0,176.8,0.0,5.0,0.0,ML,,,,2.0,0.2,4
2671746,2006-12-21T03:46:23Z,-45.16,0.0,166.61,0.1,5.0,0.0,ML,,,,3.1,0.2,7
2671762,2006-12-21T04:41:30Z,-41.6,0.0,173.98,0.0,12.0,0.0,ML,,,,2.5,0.2,7
2671776,2006-12-21T05:19:14Z,-41.29,0.0,175.17,0.0,21.0,2.0,ML,,,,1.9,0.2,4
2671780,2006-12-21T05:32:15Z,-39.7,0.0,176.97,0.0,53.0,5.0,ML,,,,2.8,0.2,6
2671811,2006-12-21T07:05:42Z,-40.98,0.0,177.03,0.0,33.0,0.0,ML,,,,3.3,0.3,9
2671814,2006-12-21T07:09:54Z,-40.72,0.0,176.28,0.0,29.0,2.0,ML,,,,2.9,0.3,10
2671824,2006-12-21T07:35:19Z,-44.72,0.0,167.85,0.0,101.0,4.0,ML,,,,3.1,0.2,6
2917565,2006-12-21T07:36:43Z,-40.24,0.0,175.95,0.0,33.0,0.0,ML,,,,2.2,0.3,4
2671836,2006-12-21T08:16:12Z,-40.34,0.0,173.98,0.0,12.0,0.0,ML,,,,2.8,0.3,5
2671837,2006-12-21T08:20:59Z,-39.62,0.0,174.79,0.1,119.0,7.0,ML,,,,2.5,0.1,2
2671838,2006-12-21T08:25:07Z,-39.73,0.0,176.98,0.0,52.0,5.0,ML,,,,2.8,0.3,6
2671839,2006-12-21T08:26:19Z,-39.2,0.0,173.78,0.0,5.0,0.0,ML,,,,2.3,0.4,3
2671863,2006-12-21T09:32:02Z,-39.41,0.0,177.02,0.0,12.0,0.0,ML,,,,2.4,0.2,3
2671876,2006-12-21T10:12:47Z,-43.31,0.0,170.79,0.0,12.0,0.0,ML,,,,2.6,0.3,6
2671895,2006-12-21T11:27:19Z,-40.06,0.0,177.43,0.0,33.0,0.0,ML,,,,3.3,0.4,8
2917575,2006-12-21T12:23:59Z,-40.47,0.0,173.26,0.0,165.0,3.0,ML,,,,2.7,nan,1
2671916,2006-12-21T12:25:01Z,-45.13,0.0,167.46,0.0,71.0,2.0,ML,,,,2.6,0.2,8
2671929,2006-12-21T13:12:32Z,-39.25,0.0,175.13,0.0,31.0,1.0,ML,,,,2.0,0.1,10
2671941,2006-12-21T13:53:26Z,-45.18,0.0,167.04,0.0,12.0,0.0,ML,,,,2.4,0.2,8
2671945,2006-12-21T14:08:32Z,-45.19,0.0,166.96,0.0,23.0,1.0,ML,,,,1.8,0.2,3
2671959,2006-12-21T14:53:42Z,-45.19,0.0,167.39,0.0,71.0,4.0,ML,,,,2.3,0.2,5
2671967,2006-12-21T15:25:04Z,-45.4,0.0,166.89,0.0,25.0,1.0,ML,,,,2.0,0.1,3
2671976,2006-12-21T15:58:55Z,-37.85,0.0,176.77,0.0,5.0,0.0,ML,,,,2.0,0.1,3
2671985,2006-12-21T16:23:17Z,-39.22,0.0,174.67,0.1,143.0,11.0,ML,,,,3.0,0.3,4
2671992,2006-12-21T16:44:53Z,-44.96,0.0,166.41,0.0,12.0,0.0,ML,,,,2.4,0.4,4
2671994,2006-12-21T16:53:25Z,-45.18,0.0,166.93,0.1,12.0,0.0,ML,,,,2.8,0.2,9
2671999,2006-12-21T17:10:23Z,-44.63,0.0,168.45,0.0,12.0,0.0,ML,,,,2.6,0.1,4
2672002,2006-12-21T17:18:01Z,-38.23,0.0,176.89,0.0,77.0,2.0,ML,,,,3.2,0.1,5
2917587,2006-12-21T17:19:07Z,-39.16,0.0,175.63,0.0,1.0,0.0,ML,,,,1.0,0.2,5
2672066,2006-12-21T17:20:01Z,-45.26,0.0,166.77,0.1,12.0,0.0,ML,,,,3.1,0.2,7
2672005,2006-12-21T17:30:49Z,-44.98,0.0,167.5,0.0,61.0,3.0,ML,,,,1.9,0.2,4
2672034,2006-12-21T19:08:19Z,-38.67,0.0,175.8,0.0,143.0,3.0,ML,,,,3.7,0.3,15
2672038,2006-12-21T19:22:04Z,-46.33,0.0,167.05,0.0,12.0,0.0,ML,,,,2.3,0.2,3
2917590,2006-12-21T19:24:31Z,-40.71,0.0,175.4,0.0,24.0,2.0,ML,,,,2.2,0.3,3
2672058,2006-12-21T20:37:22Z,-45.01,0.0,167.27,0.0,12.0,0.0,ML,,,,2.3,0.2,3
2917593,2006-12-21T20:38:00Z,-42.43,0.0,172.92,0.0,5.0,0.0,ML,,,,1.6,0.2,3
2672079,2006-12-21T21:47:39Z,-45.03,0.0,167.5,0.0,115.0,3.0,ML,,,,2.9,0.3,7
2672100,2006-12-21T23:02:28Z,-38.16,0.0,178.38,0.0,30.0,1.0,ML,,,,3.0,0.2,4
2672111,2006-12-21T23:37:13Z,-37.79,0.0,177.4,0.0,57.0,5.0,ML,,,,2.7,0.1,4
2672135,2006-12-22T01:13:47Z,-39.84,0.0,176.95,0.0,46.0,4.0,ML,,,,2.8,0.2,5
2672147,2006-12-22T01:49:23Z,-39.08,0.0,176.82,0.0,61.0,4.0,ML,,,,2.5,0.2,3
2917597,2006-12-22T02:29:19Z,-37.05,0.0,177.43,0.0,145.0,3.0,ML,,,,3.1,0.1,3
2672168,2006-12-22T03:04:11Z,-41.41,0.0,175.0,0.0,24.0,0.0,ML,,,,2.0,0.1,5
2672171,2006-12-22T03:13:06Z,-40.97,0.0,175.29,0.0,25.0,2.0,ML,,,,2.1,0.3,4
2672203,2006-12-22T05:08:21Z,-44.17,0.0,168.7,0.0,5.0,0.0,ML,,,,2.3,0.4,4
2672224,2006-12-22T06:22:43Z,-41.2,0.0,174.63,0.0,33.0,0.0,ML,,,,1.8,0.1,4
2672245,2006-12-22T07:29:55Z,-37.84,0.0,176.8,0.0,5.0,0.0,ML,,,,2.1,0.1,3
2672264,2006-12-22T08:25:46Z,-37.83,0.0,176.79,0.0,5.0,0.0,ML,,,,2.6,0.1,4
2672265,2006-12-22T08:31:54Z,-44.15,0.0,168.63,0.0,5.0,0.0,ML,,,,2.7,0.1,5
2672266,2006-12-22T08:35:43Z,-45.52,0.0,167.5,0.0,17.0,3.0,ML,,,,3.0,0.2,7
2672295,2006-12-22T10:07:38Z,-45.32,0.0,166.74,0.0,22.0,1.0,ML,,,,2.1,0.2,3
2672305,2006-12-22T10:42:45Z,-40.25,0.0,174.73,0.0,33.0,0.0,ML,,,,2.3,0.2,12
2672312,2006-12-22T11:05:16Z,-39.82,0.0,177.02,0.0,55.0,4.0,ML,,,,3.0,0.2,4
2917609,2006-12-22T11:19:47Z,-35.46,0.1,177.75,0.1,33.0,0.0,ML,,,,3.8,0.3,3
2672317,2006-12-22T11:20:50Z,-39.28,0.0,175.51,0.1,5.0,0.0,ML,,,,1.1,0.1,3
2672322,2006-12-22T11:31:05Z,-37.97,0.0,176.51,0.0,5.0,0.0,ML,,,,1.4,nan,1
2672340,2006-12-22T12:23:10Z,-41.87,0.0,171.68,0.0,12.0,0.0,ML,,,,2.6,0.2,7
2672342,2006-12-22T12:33:43Z,-38.24,0.0,176.19,0.0,152.0,4.0,ML,,,,3.3,0.2,8
2672353,2006-12-22T13:21:07Z,-39.81,0.0,175.5,0.0,27.0,1.0,ML,,,,2.2,0.1,16
2672360,2006-12-22T13:46:38Z,-37.61,0.0,177.18,0.0,125.0,3.0,ML,,,,2.9,0.1,4
2672430,2006-12-22T17:08:04Z,-38.52,0.0,177.72,0.0,50.0,4.0,ML,,,,2.3,0.1,2
2672457,2006-12-22T18:41:45Z,-38.53,0.1,177.27,0.0,26.0,4.0,ML,,,,2.8,0.2,3
2918115,2006-12-22T18:52:07Z,-42.44,0.0,172.32,0.0,12.0,0.0,ML,,,,2.3,0.2,4
2672461,2006-12-22T18:53:48Z,-40.19,0.0,175.86,0.0,29.0,2.0,ML,,,,2.5,0.1,11
2672465,2006-12-22T19:04:19Z,-34.93,0.0,178.34,0.1,33.0,0.0,ML,,,,3.6,0.1,3
2918117,2006-12-22T19:07:06Z,-41.12,0.0,173.67,0.0,66.0,1.0,ML,,,,1.9,nan,1
2672468,2006-12-22T19:12:46Z,-37.67,0.1,177.08,0.1,127.0,6.0,ML,,,,3.0,0.3,5
2672469,2006-12-22T19:16:17Z,-41.23,0.0,172.63,0.0,196.0,4.0,ML,,,,2.8,nan,1
2672479,2006-12-22T19:52:45Z,-41.45,0.0,172.13,0.0,5.0,0.0,ML,,,,2.0,0.2,3
2672500,2006-12-22T21:14:05Z,-37.85,0.0,176.8,0.0,5.0,0.0,ML,,,,2.0,0.2,4
2672513,2006-12-22T21:59:59Z,-43.88,0.0,169.04,0.0,5.0,0.0,ML,,,,2.1,0.2,5
2672514,2006-12-22T22:06:01Z,-37.84,0.0,176.79,0.0,5.0,0.0,ML,,,,2.2,0.2,4
2918532,2006-12-22T22:43:23Z,-45.55,0.0,167.5,0.0,21.0,2.0,ML,,,,1.6,0.1,3
2918534,2006-12-22T22:43:42Z,-39.32,0.0,175.29,0.1,103.0,5.0,ML,,,,2.8,nan,1
2672523,2006-12-22T22:44:21Z,-44.58,0.0,168.15,0.0,84.0,3.0,ML,,,,3.2,0.1,10
2672525,2006-12-22T22:48:54Z,-39.84,0.0,176.98,0.0,48.0,3.0,ML,,,,3.2,0.2,5
2672529,2006-12-22T23:06:25Z,-45.53,0.0,167.52,0.0,12.0,0.0,ML,,,,2.9,0.1,5
2672547,2006-12-23T00:07:15Z,-39.29,0.0,175.88,0.0,62.0,2.0,ML,,,,2.2,nan,1
2672553,2006-12-23T00:31:24Z,-45.29,0.0,167.28,0.0,75.0,1.0,ML,,,,2.0,0.0,2
2672554,2006-12-23T00:36:53Z,-37.84,0.0,176.79,0.0,5.0,0.0,ML,,,,2.2,0.2,4
2672555,2006-12-23T00:39:31Z,-37.65,0.1,176.9,0.2,277.0,11.0,ML,,,,3.5,0.1,8
2672589,2006-12-23T02:29:45Z,-41.71,0.0,172.11,0.0,5.0,0.0,ML,,,,1.9,0.2,4
2672591,2006-12-23T02:35:32Z,-44.39,0.0,168.23,0.0,12.0,0.0,ML,,,,2.3,0.2,8
2672595,2006-12-23T02:54:28Z,-37.84,0.0,176.79,0.0,5.0,0.0,ML,,,,2.0,0.3,3
2672596,2006-12-23T02:57:01Z,-38.72,0.0,176.25,0.0,85.0,5.0,ML,,,,2.7,0.1,3
2672598,2006-12-23T03:03:28Z,-39.24,0.0,175.31,0.0,18.0,1.0,ML,,,,1.6,0.2,9
2672602,2006-12-23T03:17:28Z,-37.83,0.0,176.82,0.0,5.0,0.0,ML,,,,2.4,0.1,4
2672611,2006-12-23T03:56:25Z,-41.41,0.0,173.89,0.0,44.0,3.0,ML,,,,2.0,0.3,3
2672616,2006-12-23T04:15:57Z,-44.73,0.0,169.36,0.0,12.0,0.0,ML,,,,1.5,0.1,3
2672630,2006-12-23T05:08:16Z,-40.06,0.0,174.93,0.0,30.0,2.0,ML,,,,2.3,0.2,16
2672652,2006-12-23T06:25:02Z,-37.86,0.0,176.74,0.0,12.0,0.0,ML,,,,1.5,nan,1
2672663,2006-12-23T07:04:28Z,-39.05,0.0,175.73,0.0,9.0,1.0,ML,,,,2.1,0.2,14
2672673,2006-12-23T07:35:31Z,-44.82,0.0,167.64,0.0,83.0,1.0,ML,,,,3.7,0.2,12
2672677,2006-12-23T07:52:03Z,-37.99,0.1,176.6,0.1,237.0,8.0,ML,,,,3.4,0.1,5
2672707,2006-12-23T09:13:25Z,-45.11,0.0,167.42,0.0,122.0,2.0,ML,,,,3.1,0.2,6
2672713,2006-12-23T09:28:39Z,-44.99,0.0,167.44,0.0,47.0,4.0,ML,,,,2.3,0.3,9
2672728,2006-12-23T10:12:55Z,-38.13,0.0,176.53,0.0,10.0,1.0,ML,,,,1.6,0.2,2
2672740,2006-12-23T11:06:44Z,-37.45,0.0,177.26,0.0,160.0,1.0,ML,,,,2.9,0.3,3
2672743,2006-12-23T11:15:00Z,-45.11,0.0,167.4,0.0,62.0,2.0,ML,,,,2.3,0.2,7
2672772,2006-12-23T12:53:19Z,-37.68,0.0,178.59,0.0,37.0,1.0,ML,,,,2.6,0.3,5
2917470,2006-12-23T12:53:57Z,-38.55,0.1,175.98,0.2,151.0,9.0,ML,,,,3.0,0.2,3
2672783,2006-12-23T13:30:46Z,-45.49,0.0,166.71,0.0,12.0,0.0,ML,,,,2.2,0.1,4
2917468,2006-12-23T13:33:03Z,-45.48,0.0,166.71,0.0,21.0,1.0,ML,,,,2.1,0.1,3
2672805,2006-12-23T14:49:47Z,-38.94,0.0,175.84,0.0,8.0,1.0,ML,,,,1.8,0.3,10
2672808,2006-12-23T15:04:14Z,-41.98,0.0,173.58,0.0,5.0,0.0,ML,,,,2.0,0.2,3
2672817,2006-12-23T15:37:54Z,-42.96,0.0,171.47,0.0,5.0,0.0,ML,,,,2.4,0.3,8
2672821,2006-12-23T15:48:17Z,-45.01,0.0,167.04,0.0,12.0,0.0,ML,,,,1.8,0.2,4
2672833,2006-12-23T16:16:29Z,-36.91,0.0,177.52,0.0,33.0,0.0,ML,,,,2.7,0.2,3
2672848,2006-12-23T16:51:06Z,-45.0,0.0,167.39,0.0,67.0,3.0,ML,,,,2.2,0.2,6
2672850,2006-12-23T16:53:36Z,-38.66,0.0,176.66,0.0,49.0,5.0,ML,,,,2.3,0.3,3
2672851,2006-12-23T16:56:07Z,-41.08,0.0,173.57,0.0,87.0,2.0,ML,,,,2.3,0.1,2
2672856,2006-12-23T17:18:48Z,-45.55,0.0,167.51,0.0,21.0,2.0,ML,,,,2.1,0.1,3
2672866,2006-12-23T17:49:24Z,-44.25,0.0,167.71,0.0,5.0,0.0,ML,,,,2.5,0.2,9
2672881,2006-12-23T18:34:04Z,-37.25,0.0,177.01,0.1,236.0,3.0,ML,,,,3.1,0.1,4
2672885,2006-12-23T18:46:27Z,-40.41,0.0,174.09,0.0,75.0,5.0,ML,,,,2.2,0.1,3
2672892,2006-12-23T19:07:07Z,-44.63,0.0,166.88,0.1,12.0,0.0,ML,,,,3.8,0.2,12
2672897,2006-12-23T19:25:29Z,-45.12,0.0,167.14,0.0,5.0,0.0,ML,,,,1.8,0.1,3
2672908,2006-12-23T20:11:09Z,-41.7,0.0,172.2,0.0,5.0,0.0,ML,,,,2.8,0.2,15
2672932,2006-12-23T21:34:40Z,-45.86,0.0,166.52,0.1,5.0,0.0,ML,,,,2.8,0.2,7
2672938,2006-12-23T21:53:16Z,-39.19,0.0,174.44,0.0,24.0,1.0,ML,,,,2.1,0.2,8
2672942,2006-12-23T22:07:41Z,-38.79,0.0,178.77,0.1,33.0,0.0,ML,,,,3.3,0.3,3
2917919,2006-12-23T22:08:01Z,-38.74,0.0,176.7,0.0,59.0,3.0,ML,,,,3.0,0.1,2
2672945,2006-12-23T22:20:56Z,-37.41,0.1,177.59,0.1,88.0,9.0,ML,,,,2.5,0.3,3
2672957,2006-12-23T23:05:56Z,-45.08,0.0,167.51,0.0,58.0,3.0,ML,,,,2.2,0.2,5
2672971,2006-12-23T23:53:35Z,-42.69,0.0,171.85,0.0,5.0,0.0,ML,,,,2.2,0.2,4
2672974,2006-12-24T00:04:54Z,-42.55,0.0,172.87,0.0,12.0,0.0,ML,,,,2.4,0.2,4
2672978,2006-12-24T00:16:58Z,-38.92,0.0,175.89,0.0,8.0,1.0,ML,,,,1.7,0.2,5
2672979,2006-12-24T00:19:35Z,-38.93,0.0,175.88,0.0,7.0,1.0,ML,,,,2.3,0.2,15
2672982,2006-12-24T00:24:14Z,-40.65,0.0,176.21,0.0,24.0,1.0,ML,,,,3.5,0.2,34
2673012,2006-12-24T01:45:58Z,-45.21,0.0,166.88,0.1,12.0,0.0,ML,,,,2.4,0.1,6
2673014,2006-12-24T01:51:13Z,-45.4,0.0,166.71,0.0,12.0,0.0,ML,,,,2.4,0.1,3
2673018,2006-12-24T02:04:52Z,-37.31,0.0,178.69,0.1,12.0,0.0,ML,,,,2.6,0.2,3
2673039,2006-12-24T03:01:26Z,-45.86,0.0,166.27,0.0,5.0,0.0,ML,,,,2.3,0.2,3
2673040,2006-12-24T03:05:36Z,-40.03,0.0,174.43,0.0,96.0,3.0,ML,,,,2.5,0.2,8
2673057,2006-12-24T04:24:09Z,-43.13,0.0,171.37,0.0,5.0,0.0,ML,,,,2.8,0.2,12
2673093,2006-12-24T06:45:35Z,-39.9,0.0,173.98,0.0,153.0,4.0,ML,,,,3.3,0.1,5
2673117,2006-12-24T08:09:31Z,-39.22,0.0,174.98,0.0,32.0,1.0,ML,,,,2.2,0.1,11
2673118,2006-12-24T08:10:50Z,-44.27,0.0,167.7,0.0,5.0,0.0,ML,,,,2.7,0.2,11
2673124,2006-12-24T08:25:55Z,-37.76,0.0,176.54,0.1,151.0,3.0,ML,,,,2.6,0.1,4
2917534,2006-12-24T10:51:52Z,-41.81,0.0,172.01,0.0,5.0,0.0,ML,,,,1.9,0.4,4
2673178,2006-12-24T10:52:46Z,-40.55,0.0,173.71,0.0,110.0,2.0,ML,,,,3.0,0.1,10
2673187,2006-12-24T11:16:45Z,-36.85,0.0,177.76,0.0,118.0,4.0,ML,,,,2.7,0.1,5
2673202,2006-12-24T12:08:03Z,-39.92,0.0,176.88,0.0,53.0,3.0,ML,,,,3.4,0.3,13
2673211,2006-12-24T12:36:47Z,-37.97,0.0,178.36,0.0,52.0,1.0,ML,,,,2.4,0.2,3
2673232,2006-12-24T13:28:42Z,-40.83,0.0,172.49,0.0,10.0,1.0,ML,,,,2.1,0.5,4
2673236,2006-12-24T13:40:11Z,-37.02,0.0,177.4,0.0,12.0,0.0,ML,,,,2.5,0.1,3
2673240,2006-12-24T13:47:57Z,-41.8,0.0,174.53,0.0,33.0,0.0,ML,,,,2.1,0.3,9
2673245,2006-12-24T14:05:43Z,-38.63,0.0,178.02,0.1,33.0,0.0,ML,,,,1.8,0.1,2
2917543,2006-12-24T14:05:57Z,-37.92,0.0,176.42,0.1,143.0,5.0,ML,,,,2.9,0.3,4
2917544,2006-12-24T14:08:13Z,-37.18,0.0,177.78,0.0,33.0,0.0,ML,,,,2.0,0.1,4
2673250,2006-12-24T14:21:52Z,-45.36,0.0,166.84,0.0,12.0,0.0,ML,,,,3.7,0.2,12
2673268,2006-12-24T15:25:54Z,-41.42,0.0,175.01,0.0,24.0,0.0,ML,,,,1.8,0.1,9
2917550,2006-12-24T15:26:27Z,-38.11,0.0,176.31,0.1,150.0,4.0,ML,,,,3.1,0.4,12
2673269,2006-12-24T15:28:21Z,-38.6,0.0,175.99,0.0,5.0,0.0,ML,,,,1.4,0.1,2
2673278,2006-12-24T15:49:00Z,-38.84,0.0,175.97,0.0,0.0,0.0,ML,,,,1.3,0.2,4
2673285,2006-12-24T16:12:43Z,-37.77,0.1,-179.25,0.0,33.0,0.0,ML,,,,2.9,0.2,3
2673296,2006-12-24T16:43:48Z,-34.68,0.0,177.5,0.1,33.0,0.0,ML,,,,4.4,0.2,4
2673305,2006-12-24T17:20:29Z,-38.93,0.0,175.7,0.0,6.0,1.0,ML,,,,1.9,0.1,5
2673307,2006-12-24T17:27:34Z,-38.93,0.0,175.7,0.0,6.0,1.0,ML,,,,1.3,0.2,5
2673309,2006-12-24T17:35:41Z,-38.68,0.0,178.14,0.0,29.0,2.0,ML,,,,2.3,0.4,2
2673310,2006-12-24T17:39:10Z,-38.93,0.0,175.71,0.0,5.0,1.0,ML,,,,2.0,0.1,7
2673312,2006-12-24T17:45:23Z,-44.68,0.0,168.18,0.0,86.0,4.0,ML,,,,2.3,0.2,6
2673314,2006-12-24T17:52:20Z,-41.43,0.0,172.33,0.0,5.0,0.0,ML,,,,2.1,0.2,4
2673318,2006-12-24T18:07:19Z,-41.72,0.0,174.24,0.0,12.0,0.0,ML,,,,1.6,0.2,8
2673325,2006-12-24T18:35:30Z,-45.08,0.0,167.5,0.0,113.0,3.0,ML,,,,2.4,0.3,5
2673336,2006-12-24T19:19:43Z,-45.03,0.0,167.26,0.0,12.0,0.0,ML,,,,2.3,0.3,6
2673341,2006-12-24T19:38:03Z,-38.93,0.0,175.71,0.0,5.0,1.0,ML,,,,2.3,0.2,16
2917938,2006-12-24T19:53:23Z,-38.54,0.0,178.02,0.1,12.0,0.0,ML,,,,2.3,0.1,2
2673345,2006-12-24T19:55:11Z,-38.55,0.0,177.93,0.0,12.0,0.0,ML,,,,2.4,0.1,3
2673350,2006-12-24T20:09:02Z,-38.46,0.0,176.87,0.0,58.0,2.0,ML,,,,2.3,0.0,3
2673354,2006-12-24T20:23:56Z,-38.56,0.0,177.94,0.0,12.0,0.0,ML,,,,2.2,0.1,3
2673358,2006-12-24T20:32:56Z,-40.11,0.0,176.13,0.0,30.0,2.0,ML,,,,2.4,0.2,14
2673359,2006-12-24T20:37:24Z,-44.98,0.0,166.9,0.1,12.0,0.0,ML,,,,3.6,0.2,9
2673367,2006-12-24T21:00:16Z,-40.96,0.0,172.86,0.0,213.0,3.0,ML,,,,3.5,0.2,8
2673381,2006-12-24T21:44:36Z,-45.08,0.0,167.73,0.0,83.0,1.0,ML,,,,2.0,0.0,2
2673384,2006-12-24T21:52:37Z,-38.93,0.0,175.7,0.0,5.0,0.0,ML,,,,2.0,0.1,4
2673387,2006-12-24T22:07:56Z,-45.77,0.0,166.81,0.0,5.0,0.0,ML,,,,2.2,0.2,3
2673388,2006-12-24T22:10:22Z,-38.58,0.0,177.91,0.0,12.0,0.0,ML,,,,2.1,0.1,3
2673396,2006-12-24T22:34:18Z,-41.07,0.0,174.2,0.0,43.0,2.0,ML,,,,2.1,0.1,6
2673397,2006-12-24T22:45:55Z,-37.11,0.0,177.53,0.1,93.0,8.0,ML,,,,2.7,0.3,4
2673406,2006-12-24T23:11:26Z,-40.11,0.0,174.98,0.0,60.0,2.0,ML,,,,2.9,0.2,10
2673408,2006-12-24T23:19:53Z,-41.92,0.0,174.55,0.0,12.0,0.0,ML,,,,2.1,0.2,7
2673410,2006-12-24T23:25:29Z,-35.96,0.1,178.61,0.1,195.0,7.0,ML,,,,3.3,0.2,4
2673415,2006-12-24T23:40:39Z,-46.96,0.1,165.81,0.1,33.0,0.0,ML,,,,2.6,0.4,2
2673464,2006-12-25T02:46:06Z,-41.77,0.0,172.51,0.0,12.0,0.0,ML,,,,1.8,0.1,3
2673465,2006-12-25T02:48:41Z,-41.78,0.0,172.51,0.0,17.0,4.0,ML,,,,2.0,0.1,3
2673477,2006-12-25T03:25:59Z,-42.89,0.0,173.06,0.0,12.0,0.0,ML,,,,2.1,0.1,3
2673485,2006-12-25T03:55:32Z,-38.34,0.0,176.03,0.1,150.0,5.0,ML,,,,3.3,0.2,9
2673486,2006-12-25T03:59:34Z,-39.24,0.0,175.32,0.0,17.0,1.0,ML,,,,2.0,0.1,10
2673493,2006-12-25T04:28:27Z,-38.31,0.0,178.51,0.0,5.0,0.0,ML,,,,3.5,0.2,4
2673496,2006-12-25T04:39:32Z,-44.11,0.0,168.57,0.1,5.0,0.0,ML,,,,2.3,0.3,7
2673498,2006-12-25T04:45:04Z,-38.93,0.0,175.72,0.0,5.0,0.0,ML,,,,2.0,0.2,7
2673528,2006-12-25T06:03:01Z,-41.32,0.0,174.25,0.0,62.0,1.0,ML,,,,2.3,0.1,5
2673533,2006-12-25T06:23:03Z,-39.64,0.0,178.15,0.1,33.0,0.0,ML,,,,2.5,0.2,2
2673544,2006-12-25T07:04:09Z,-41.36,0.0,173.03,0.0,91.0,3.0,ML,,,,2.4,0.2,7
2673583,2006-12-25T08:53:00Z,-43.01,0.0,172.07,0.0,5.0,0.0,ML,,,,2.1,0.3,4
2673584,2006-12-25T09:00:03Z,-41.27,0.0,175.25,0.0,27.0,0.0,ML,,,,1.9,0.1,8
2673590,2006-12-25T09:16:48Z,-35.53,0.1,179.53,0.2,270.0,8.0,ML,,,,3.5,0.3,6
2673602,2006-12-25T09:50:06Z,-45.12,0.0,167.1,0.0,27.0,2.0,ML,,,,1.6,0.0,2
2673614,2006-12-25T10:19:43Z,-39.07,0.0,173.98,0.0,12.0,0.0,ML,,,,1.4,0.2,4
2673621,2006-12-25T10:42:52Z,-38.66,0.0,178.57,0.0,12.0,0.0,ML,,,,1.9,0.2,2
2673633,2006-12-25T11:23:40Z,-39.16,0.0,175.38,0.0,14.0,1.0,ML,,,,1.4,0.2,9
2673647,2006-12-25T12:05:27Z,-40.97,0.0,175.6,0.0,29.0,1.0,ML,,,,2.4,0.1,6
2673653,2006-12-25T12:17:06Z,-38.58,0.0,176.49,0.0,84.0,4.0,ML,,,,2.6,0.2,4
2673658,2006-12-25T12:31:53Z,-40.87,0.0,174.68,0.0,62.0,2.0,ML,,,,2.3,0.2,6
2673661,2006-12-25T12:41:10Z,-39.48,0.1,177.48,0.0,12.0,0.0,ML,,,,2.1,0.2,2
2673662,2006-12-25T12:45:59Z,-40.89,0.0,172.68,0.0,5.0,0.0,ML,,,,1.8,0.5,3
2673671,2006-12-25T13:13:01Z,-37.86,0.0,176.79,0.0,5.0,0.0,ML,,,,1.7,0.2,2
2673679,2006-12-25T13:34:07Z,-37.84,0.0,176.79,0.0,5.0,0.0,ML,,,,2.6,0.2,7
2673689,2006-12-25T14:01:11Z,-40.11,0.0,174.93,0.0,12.0,0.0,ML,,,,1.7,0.2,3
2673702,2006-12-25T14:40:25Z,-39.22,0.0,177.76,0.0,28.0,1.0,ML,,,,2.7,0.2,6
2673713,2006-12-25T15:13:28Z,-39.66,0.0,176.8,0.0,54.0,4.0,ML,,,,2.8,0.3,7
2673726,2006-12-25T15:45:26Z,-45.01,0.0,168.81,0.0,5.0,0.0,ML,,,,1.8,0.2,3
2673732,2006-12-25T16:09:48Z,-45.24,0.0,167.42,0.0,86.0,4.0,ML,,,,2.0,0.0,3
2673744,2006-12-25T16:48:15Z,-36.67,0.1,177.76,0.1,247.0,7.0,ML,,,,3.4,0.1,4
2673759,2006-12-25T17:40:46Z,-40.54,0.0,175.93,0.0,17.0,2.0,ML,,,,2.3,0.2,8
2673765,2006-12-25T17:55:38Z,-41.47,0.0,174.3,0.0,31.0,1.0,ML,,,,2.7,0.2,13
2673771,2006-12-25T18:15:00Z,-37.15,0.0,177.36,0.1,133.0,5.0,ML,,,,2.7,0.1,4
2673776,2006-12-25T18:31:15Z,-45.2,0.0,166.96,0.0,24.0,1.0,ML,,,,2.3,0.3,3
2673783,2006-12-25T18:52:12Z,-38.61,0.0,175.78,0.0,144.0,3.0,ML,,,,3.7,0.2,16
2673785,2006-12-25T18:58:02Z,-42.44,0.0,172.68,0.0,5.0,0.0,ML,,,,2.5,0.2,9
2673797,2006-12-25T19:31:47Z,-40.66,0.0,175.76,0.0,27.0,2.0,ML,,,,2.7,0.2,6
2673801,2006-12-25T19:42:15Z,-43.08,0.0,171.07,0.0,5.0,0.0,ML,,,,2.3,0.3,8
2673818,2006-12-25T20:40:43Z,-38.44,0.0,178.14,0.0,27.0,2.0,ML,,,,2.3,0.1,3
2673831,2006-12-25T21:19:03Z,-40.95,0.0,176.85,0.0,12.0,0.0,ML,,,,2.9,0.2,9
2673833,2006-12-25T21:24:28Z,-41.54,0.0,174.0,0.0,15.0,2.0,ML,,,,2.6,0.2,9
2673835,2006-12-25T21:29:34Z,-38.44,0.0,178.59,0.0,27.0,4.0,ML,,,,2.7,0.3,4
2673851,2006-12-25T22:09:02Z,-41.26,0.0,175.04,0.0,13.0,1.0,ML,,,,1.7,0.1,6
2673945,2006-12-26T02:42:23Z,-40.67,0.0,173.72,0.0,93.0,4.0,ML,,,,2.7,0.1,7
2673946,2006-12-26T02:46:39Z,-37.83,0.0,176.8,0.0,5.0,0.0,ML,,,,1.8,0.3,3
2673947,2006-12-26T02:49:44Z,-37.84,0.0,176.78,0.0,5.0,0.0,ML,,,,1.8,0.1,2
2673953,2006-12-26T03:07:00Z,-45.21,0.0,167.46,0.1,90.0,4.0,ML,,,,2.6,0.2,4
2673958,2006-12-26T03:13:29Z,-37.85,0.0,176.78,0.0,5.0,0.0,ML,,,,2.2,0.2,4
2673961,2006-12-26T03:22:17Z,-41.75,0.0,173.74,0.0,12.0,0.0,ML,,,,1.7,0.1,3
2918069,2006-12-26T03:23:24Z,-37.84,0.0,176.79,0.0,5.0,0.0,ML,,,,1.9,0.2,3
2673967,2006-12-26T03:34:36Z,-37.85,0.0,176.78,0.0,5.0,0.0,ML,,,,2.3,0.1,4
2673977,2006-12-26T04:05:26Z,-40.18,0.1,173.49,0.1,210.0,6.0,ML,,,,2.8,0.3,3
2673987,2006-12-26T04:36:33Z,-40.6,0.0,175.5,0.0,33.0,0.0,ML,,,,2.0,0.2,3
2674016,2006-12-26T06:07:24Z,-44.68,0.0,168.18,0.0,18.0,2.0,ML,,,,2.5,0.3,7
2674028,2006-12-26T06:37:55Z,-38.74,0.0,175.76,0.0,125.0,3.0,ML,,,,3.2,0.2,10
2674030,2006-12-26T06:44:29Z,-40.64,0.0,174.9,0.0,12.0,0.0,ML,,,,2.4,0.2,13
2674031,2006-12-26T06:49:06Z,-37.85,0.0,176.78,0.0,5.0,0.0,ML,,,,2.3,0.1,4
2674039,2006-12-26T07:11:47Z,-45.06,0.0,167.01,0.0,12.0,0.0,ML,,,,2.9,0.2,5
2674046,2006-12-26T07:36:17Z,-39.37,0.0,176.48,0.0,63.0,2.0,ML,,,,2.9,0.1,7
2674047,2006-12-26T07:38:32Z,-37.32,0.1,-179.29,0.1,33.0,0.0,ML,,,,3.5,0.2,4
2674049,2006-12-26T07:46:18Z,-45.18,0.0,166.9,0.1,12.0,0.0,ML,,,,2.4,0.3,5
2674051,2006-12-26T07:49:08Z,-38.51,0.0,177.95,0.0,12.0,0.0,ML,,,,2.3,0.2,3
2674054,2006-12-26T07:58:26Z,-38.2,0.0,178.42,0.0,30.0,1.0,ML,,,,2.6,0.2,4
2674055,2006-12-26T07:59:44Z,-38.43,0.0,177.91,0.0,24.0,3.0,ML,,,,2.8,0.2,4
2674057,2006-12-26T08:04:25Z,-38.42,0.0,177.93,0.0,25.0,1.0,ML,,,,3.4,0.3,7
2674313,2006-12-26T08:05:53Z,-38.42,0.0,177.92,0.0,23.0,2.0,ML,,,,3.2,0.2,5
2674062,2006-12-26T08:13:01Z,-38.41,0.0,177.89,0.0,29.0,2.0,ML,,,,3.8,0.3,14
2674064,2006-12-26T08:21:52Z,-38.42,0.0,177.91,0.0,22.0,3.0,ML,,,,2.7,0.2,4
2674088,2006-12-26T09:12:17Z,-38.43,0.0,177.91,0.0,23.0,3.0,ML,,,,2.6,0.2,5
2674093,2006-12-26T09:18:37Z,-38.54,0.0,177.95,0.0,12.0,0.0,ML,,,,2.1,0.3,3
2674096,2006-12-26T09:25:41Z,-38.43,0.0,177.89,0.0,23.0,3.0,ML,,,,2.6,0.2,4
2674125,2006-12-26T10:55:04Z,-40.07,0.0,175.01,0.0,23.0,4.0,ML,,,,2.1,0.1,7
2674129,2006-12-26T11:13:05Z,-38.36,0.0,177.89,0.0,22.0,7.0,ML,,,,2.2,0.2,3
2918518,2006-12-26T11:13:20Z,-38.3,0.1,176.83,0.0,30.0,6.0,ML,,,,2.1,0.1,2
2918520,2006-12-26T11:13:40Z,-39.14,0.0,177.76,0.0,25.0,1.0,ML,,,,2.5,0.1,4
2674132,2006-12-26T11:23:28Z,-38.55,0.0,177.96,0.0,12.0,0.0,ML,,,,2.0,0.3,3
2674135,2006-12-26T11:33:12Z,-38.2,0.1,177.63,0.0,64.0,5.0,ML,,,,1.8,0.1,3
2674141,2006-12-26T11:46:12Z,-37.83,0.0,176.77,0.0,5.0,0.0,ML,,,,2.5,0.2,4
2674142,2006-12-26T11:48:22Z,-37.88,0.0,176.71,0.0,12.0,0.0,ML,,,,2.0,0.2,3
2674147,2006-12-26T11:58:59Z,-37.83,0.0,176.78,0.0,5.0,0.0,ML,,,,2.3,0.2,5
2918527,2006-12-26T12:00:37Z,-40.91,0.0,176.01,0.0,26.0,1.0,ML,,,,2.1,0.1,6
2674161,2006-12-26T12:34:55Z,-39.32,0.0,176.75,0.0,47.0,7.0,ML,,,,2.4,0.2,2
2674165,2006-12-26T12:52:55Z,-37.62,0.1,176.93,0.1,122.0,6.0,ML,,,,2.9,0.1,6
2674169,2006-12-26T13:04:19Z,-41.61,0.0,173.8,0.0,42.0,2.0,ML,,,,2.4,0.2,6
2674178,2006-12-26T13:36:36Z,-41.42,0.0,172.29,0.0,5.0,0.0,ML,,,,2.2,0.1,3
2674181,2006-12-26T13:45:13Z,-39.14,0.0,177.76,0.1,26.0,2.0,ML,,,,2.4,0.1,3
2674189,2006-12-26T14:05:55Z,-41.41,0.0,172.34,0.0,5.0,0.0,ML,,,,2.0,0.3,4
2674194,2006-12-26T14:20:17Z,-40.28,0.0,174.23,0.0,78.0,4.0,ML,,,,2.8,0.1,4
2674195,2006-12-26T14:22:46Z,-39.92,0.0,176.77,0.0,40.0,3.0,ML,,,,2.6,0.2,4
2674207,2006-12-26T15:01:34Z,-39.6,0.0,174.41,0.0,141.0,3.0,ML,,,,3.3,0.2,15
2674213,2006-12-26T15:20:32Z,-38.42,0.0,177.9,0.0,24.0,2.0,ML,,,,2.8,0.2,5
2674222,2006-12-26T15:52:29Z,-42.33,0.0,172.91,0.0,5.0,0.0,ML,,,,2.4,0.4,4
2674244,2006-12-26T16:51:41Z,-37.67,0.0,176.38,0.0,290.0,3.0,ML,,,,4.6,0.2,24
2674255,2006-12-26T17:20:54Z,-41.0,0.0,175.43,0.0,26.0,1.0,ML,,,,2.2,0.2,5
2674270,2006-12-26T18:08:42Z,-37.86,0.0,176.78,0.0,5.0,0.0,ML,,,,2.4,0.2,3
2674277,2006-12-26T18:34:28Z,-39.34,0.0,173.64,0.0,14.0,2.0,ML,,,,3.4,0.2,25
2674278,2006-12-26T18:39:08Z,-37.14,0.1,177.68,0.0,124.0,4.0,ML,,,,3.1,0.2,5
2674287,2006-12-26T19:05:04Z,-39.46,0.0,175.74,0.0,13.0,1.0,ML,,,,1.9,0.1,7
2674292,2006-12-26T19:23:01Z,-39.46,0.0,175.73,0.0,14.0,1.0,ML,,,,1.7,0.1,6
2674297,2006-12-26T19:33:54Z,-38.76,0.0,178.64,0.0,33.0,0.0,ML,,,,2.3,0.0,2
2674322,2006-12-26T20:37:06Z,-36.88,0.0,176.88,0.1,244.0,6.0,ML,,,,3.4,0.3,9
2674323,2006-12-26T20:41:13Z,-38.62,0.0,176.14,0.0,5.0,0.0,ML,,,,1.7,0.1,2
2674343,2006-12-26T21:09:39Z,-45.71,0.0,167.11,0.0,12.0,0.0,ML,,,,4.0,0.2,9
2674338,2006-12-26T21:38:48Z,-45.75,0.0,167.13,0.0,5.0,0.0,ML,,,,3.4,0.2,6
2674352,2006-12-26T22:25:17Z,-38.43,0.0,177.9,0.0,25.0,3.0,ML,,,,2.8,0.2,4
2918947,2006-12-26T22:28:07Z,-45.72,0.0,167.09,0.0,12.0,0.0,ML,,,,2.2,0.2,3
2674358,2006-12-26T22:45:13Z,-45.75,0.0,167.13,0.0,5.0,0.0,ML,,,,2.8,0.2,6
2674365,2006-12-26T23:17:08Z,-45.73,0.0,167.08,0.0,12.0,0.0,ML,,,,2.2,0.2,2
2674371,2006-12-26T23:32:44Z,-39.95,0.0,174.4,0.0,111.0,2.0,ML,,,,2.9,0.3,8
2674382,2006-12-27T00:03:50Z,-40.99,0.0,173.83,0.0,78.0,2.0,ML,,,,3.2,0.2,14
2674386,2006-12-27T00:16:15Z,-41.74,0.0,174.19,0.0,12.0,0.0,ML,,,,2.2,0.2,9
2674395,2006-12-27T00:46:40Z,-45.31,0.0,167.48,0.0,120.0,1.0,ML,,,,2.6,nan,1
2674399,2006-12-27T00:55:07Z,-37.83,0.0,176.79,0.0,12.0,0.0,ML,,,,2.0,0.2,2
2674404,2006-12-27T01:10:58Z,-40.13,0.0,174.97,0.0,12.0,0.0,ML,,,,2.6,0.2,15
2674420,2006-12-27T02:04:06Z,-45.74,0.0,167.14,0.0,5.0,0.0,ML,,,,2.5,0.3,4
2674427,2006-12-27T02:25:42Z,-38.33,0.0,178.04,0.0,5.0,0.0,ML,,,,2.4,0.2,2
2674440,2006-12-27T03:00:59Z,-37.84,0.0,176.78,0.0,5.0,0.0,ML,,,,2.4,0.1,3
2674444,2006-12-27T03:17:38Z,-40.35,0.0,176.44,0.0,26.0,5.0,ML,,,,2.5,0.2,4
2674464,2006-12-27T04:18:28Z,-38.61,0.0,177.85,0.0,31.0,4.0,ML,,,,2.7,0.3,3
2674472,2006-12-27T04:42:45Z,-38.48,0.0,176.06,0.0,161.0,3.0,ML,,,,4.5,0.2,24
2674511,2006-12-27T06:18:08Z,-43.27,0.0,172.57,0.0,12.0,0.0,ML,,,,2.2,0.2,5
2674527,2006-12-27T07:06:31Z,-40.63,0.0,175.48,0.0,30.0,2.0,ML,,,,2.4,0.2,6
2674529,2006-12-27T07:11:55Z,-35.78,0.1,177.88,0.1,169.0,16.0,ML,,,,3.2,0.3,4
2674538,2006-12-27T07:37:17Z,-45.18,0.0,167.32,0.0,115.0,2.0,ML,,,,3.5,0.2,9
2674543,2006-12-27T07:57:52Z,-45.28,0.0,167.05,0.0,12.0,0.0,ML,,,,2.6,0.1,8
2674545,2006-12-27T08:06:17Z,-38.43,0.0,177.91,0.0,24.0,3.0,ML,,,,2.5,0.2,3
2674547,2006-12-27T08:09:31Z,-37.54,0.0,176.37,0.0,195.0,3.0,ML,,,,3.1,0.2,6
2674552,2006-12-27T08:21:13Z,-38.13,0.1,176.92,0.0,23.0,4.0,ML,,,,2.2,0.4,3
2674568,2006-12-27T09:09:37Z,-37.76,0.0,179.2,0.0,33.0,0.0,ML,,,,2.7,0.2,3
2674610,2006-12-27T10:55:25Z,-39.37,0.0,177.58,0.0,30.0,2.0,ML,,,,2.3,0.1,3
2674612,2006-12-27T11:00:19Z,-40.48,0.0,176.45,0.0,31.0,1.0,ML,,,,2.7,0.3,11
2674625,2006-12-27T11:27:52Z,-41.5,0.0,174.57,0.0,17.0,3.0,ML,,,,2.1,0.2,9
2674626,2006-12-27T11:29:58Z,-37.84,0.0,176.77,0.0,5.0,0.0,ML,,,,1.7,nan,1
2674629,2006-12-27T11:41:51Z,-37.79,0.0,176.81,0.0,5.0,0.0,ML,,,,2.4,0.2,4
2674633,2006-12-27T11:55:02Z,-37.72,0.2,176.55,0.1,149.0,10.0,ML,,,,2.5,0.3,3
2674637,2006-12-27T12:07:10Z,-37.72,0.0,176.21,0.1,213.0,4.0,ML,,,,3.1,0.2,5
2674640,2006-12-27T12:14:22Z,-39.15,0.0,175.41,0.0,7.0,1.0,ML,,,,1.8,0.2,9
2674660,2006-12-27T12:53:24Z,-40.44,0.0,174.09,0.0,67.0,6.0,ML,,,,2.4,0.1,3
2674666,2006-12-27T13:04:54Z,-46.41,0.0,168.21,0.0,12.0,0.0,ML,,,,2.4,0.2,7
2674668,2006-12-27T13:12:20Z,-41.93,0.0,174.42,0.0,27.0,2.0,ML,,,,3.0,0.2,17
2674718,2006-12-27T15:18:04Z,-45.21,0.0,166.9,0.0,24.0,1.0,ML,,,,2.1,0.3,3
2674734,2006-12-27T15:58:55Z,-39.26,0.0,173.85,0.0,18.0,2.0,ML,,,,2.3,0.4,6
2674750,2006-12-27T16:37:03Z,-39.34,0.0,173.73,0.0,17.0,2.0,ML,,,,2.0,0.1,3
2674800,2006-12-27T19:02:36Z,-45.58,0.0,167.31,0.0,13.0,2.0,ML,,,,1.7,0.2,3
2674801,2006-12-27T19:05:46Z,-38.43,0.0,176.64,0.0,78.0,3.0,ML,,,,3.6,0.2,13
2674813,2006-12-27T19:41:36Z,-40.48,0.0,174.94,0.0,37.0,4.0,ML,,,,2.5,0.2,6
2674825,2006-12-27T20:12:18Z,-39.3,0.0,174.96,0.0,31.0,1.0,ML,,,,2.1,0.1,8
2674853,2006-12-27T21:43:10Z,-38.04,0.1,176.23,0.1,152.0,7.0,ML,,,,3.0,0.3,2
2674913,2006-12-28T00:52:58Z,-40.58,0.0,176.48,0.0,31.0,1.0,ML,,,,2.5,0.2,9
2674933,2006-12-28T02:01:22Z,-37.26,0.1,177.61,0.0,93.0,5.0,ML,,,,3.3,0.1,4
2674935,2006-12-28T02:10:25Z,-42.03,0.0,172.31,0.0,5.0,0.0,ML,,,,2.2,0.1,3
2674942,2006-12-28T02:31:13Z,-37.37,0.1,176.66,0.1,194.0,5.0,ML,,,,3.7,0.2,17
2674943,2006-12-28T02:37:39Z,-41.74,0.0,174.51,0.0,34.0,2.0,ML,,,,2.4,0.3,6
2674982,2006-12-28T05:03:27Z,-39.86,0.0,174.54,0.0,89.0,4.0,ML,,,,2.7,0.3,5
2674989,2006-12-28T05:24:23Z,-42.32,0.0,172.34,0.0,69.0,6.0,ML,,,,1.8,nan,1
2674998,2006-12-28T05:54:51Z,-39.42,0.0,176.21,0.0,72.0,1.0,ML,,,,2.8,0.2,2
2674999,2006-12-28T06:00:53Z,-37.13,0.0,176.67,0.1,255.0,5.0,ML,,,,3.7,0.2,10
2918039,2006-12-28T06:01:28Z,-42.14,0.0,172.85,0.0,61.0,5.0,ML,,,,2.6,0.2,3
2675000,2006-12-28T06:03:51Z,-40.19,0.0,176.5,0.0,12.0,0.0,ML,,,,2.4,0.1,3
2675006,2006-12-28T06:20:49Z,-36.8,0.1,177.61,0.1,108.0,11.0,ML,,,,3.7,0.2,4
2675016,2006-12-28T06:45:20Z,-37.95,0.0,176.51,0.0,5.0,0.0,ML,,,,1.6,0.1,2
2675067,2006-12-28T09:33:57Z,-42.06,0.0,173.19,0.0,12.0,0.0,ML,,,,2.4,0.2,10
2675068,2006-12-28T09:37:58Z,-37.84,0.0,176.77,0.0,5.0,0.0,ML,,,,2.1,0.1,4
2675077,2006-12-28T10:10:13Z,-40.76,0.0,175.36,0.0,24.0,1.0,ML,,,,2.2,0.1,9
2675080,2006-12-28T10:23:05Z,-37.18,0.1,177.38,0.1,154.0,5.0,ML,,,,2.9,0.2,5
2675094,2006-12-28T11:12:26Z,-37.83,0.0,176.79,0.0,5.0,0.0,ML,,,,2.8,0.2,5
2675095,2006-12-28T11:13:51Z,-37.84,0.0,176.79,0.0,5.0,0.0,ML,,,,1.9,0.1,3
2675096,2006-12-28T11:17:18Z,-38.93,0.0,175.7,0.0,6.0,1.0,ML,,,,1.5,0.1,6
2675097,2006-12-28T11:19:15Z,-37.84,0.0,176.79,0.0,5.0,0.0,ML,,,,2.2,0.1,4
2675103,2006-12-28T11:35:54Z,-39.24,0.0,173.76,0.0,5.0,0.0,ML,,,,2.1,0.2,4
2675114,2006-12-28T12:02:44Z,-38.96,0.0,177.99,0.0,25.0,1.0,ML,,,,2.7,0.3,4
2675118,2006-12-28T12:14:59Z,-37.9,0.0,176.54,0.0,145.0,2.0,ML,,,,3.0,0.3,6
2675120,2006-12-28T12:19:55Z,-42.25,0.0,173.89,0.0,29.0,1.0,ML,,,,2.6,0.3,11
2675126,2006-12-28T12:46:48Z,-35.96,0.0,178.28,0.1,33.0,0.0,ML,,,,3.4,0.1,5
2675130,2006-12-28T13:07:12Z,-41.05,0.0,175.49,0.0,17.0,1.0,ML,,,,1.9,0.2,6
2675140,2006-12-28T13:34:44Z,-37.83,0.0,176.8,0.0,5.0,0.0,ML,,,,2.5,0.3,6
2675149,2006-12-28T14:10:43Z,-41.05,0.0,174.67,0.0,62.0,2.0,ML,,,,2.2,0.2,7
2675155,2006-12-28T14:25:50Z,-41.66,0.0,174.33,0.0,12.0,0.0,ML,,,,2.1,0.4,6
2675157,2006-12-28T14:33:29Z,-37.84,0.0,176.8,0.0,5.0,0.0,ML,,,,2.5,0.2,3
2918064,2006-12-28T14:41:22Z,-38.72,0.0,175.58,0.0,166.0,3.0,ML,,,,2.9,0.3,9
2675159,2006-12-28T14:42:40Z,-37.26,0.0,177.46,0.0,5.0,0.0,ML,,,,3.3,0.1,5
2675161,2006-12-28T14:52:09Z,-39.16,0.0,175.63,0.0,1.0,0.0,ML,,,,1.2,0.1,2
2918068,2006-12-28T14:53:03Z,-41.39,0.0,172.34,0.0,5.0,0.0,ML,,,,1.9,0.2,4
2675164,2006-12-28T15:09:53Z,-35.91,0.1,178.37,0.2,198.0,11.0,ML,,,,3.1,0.3,4
2675176,2006-12-28T15:52:42Z,-37.85,0.0,176.8,0.0,5.0,0.0,ML,,,,1.9,0.2,3
2675180,2006-12-28T16:06:37Z,-39.02,0.0,175.03,0.0,217.0,4.0,ML,,,,3.4,0.2,15
2675192,2006-12-28T16:50:06Z,-40.34,0.0,173.39,0.0,169.0,2.0,ML,,,,3.2,0.1,8
2675194,2006-12-28T16:54:02Z,-39.36,0.0,175.99,0.0,56.0,2.0,ML,,,,1.8,nan,1
2675195,2006-12-28T16:57:56Z,-44.75,0.0,167.89,0.1,41.0,3.0,ML,,,,2.0,0.3,3
2675201,2006-12-28T17:19:31Z,-38.42,0.0,177.96,0.0,12.0,0.0,ML,,,,2.4,0.1,3
2675202,2006-12-28T17:26:34Z,-38.92,0.0,178.06,0.1,33.0,0.0,ML,,,,2.4,0.1,2
2675205,2006-12-28T17:38:20Z,-38.97,0.0,175.37,0.0,163.0,2.0,ML,,,,3.6,0.3,18
2918081,2006-12-28T17:42:07Z,-37.85,0.0,176.78,0.0,5.0,0.0,ML,,,,2.3,0.1,3
2675212,2006-12-28T18:02:30Z,-45.73,0.0,167.08,0.0,12.0,0.0,ML,,,,2.4,0.2,3
2675224,2006-12-28T18:41:54Z,-41.39,0.0,172.35,0.0,5.0,0.0,ML,,,,1.9,0.1,4
2675234,2006-12-28T19:20:12Z,-37.81,0.0,177.69,0.0,85.0,4.0,ML,,,,2.9,0.1,4
2675242,2006-12-28T19:52:48Z,-39.66,0.0,175.66,0.0,12.0,0.0,ML,,,,1.8,0.3,6
2675249,2006-12-28T20:14:18Z,-40.73,0.0,174.44,0.0,47.0,2.0,ML,,,,2.4,0.1,4
2675255,2006-12-28T20:25:19Z,-41.22,0.0,174.88,0.0,19.0,1.0,ML,,,,2.2,0.1,6
2675264,2006-12-28T20:53:20Z,-45.74,0.0,167.13,0.0,5.0,0.0,ML,,,,2.4,0.1,3
2675273,2006-12-28T21:27:36Z,-38.5,0.0,177.6,0.0,60.0,1.0,ML,,,,2.7,0.1,3
2675277,2006-12-28T21:37:32Z,-41.24,0.0,172.69,0.1,145.0,5.0,ML,,,,2.2,nan,1
2675280,2006-12-28T21:48:50Z,-45.73,0.0,167.16,0.0,5.0,0.0,ML,,,,2.2,0.2,3
2675286,2006-12-28T22:08:58Z,-37.3,0.0,176.78,0.0,197.0,3.0,ML,,,,3.6,0.2,11
2675299,2006-12-28T22:49:32Z,-41.2,0.0,174.76,0.0,30.0,1.0,ML,,,,2.1,0.1,5
2918091,2006-12-28T22:50:05Z,-39.28,0.0,175.56,0.0,0.0,0.0,ML,,,,1.1,0.5,2
2675304,2006-12-28T23:04:10Z,-40.86,0.0,174.79,0.0,37.0,1.0,ML,,,,2.2,0.1,5
2675317,2006-12-28T23:51:21Z,-40.02,0.0,176.2,0.0,27.0,2.0,ML,,,,2.1,0.1,5
2918093,2006-12-28T23:51:44Z,-40.06,0.0,174.88,0.0,43.0,4.0,ML,,,,2.5,0.2,7
2675320,2006-12-29T00:05:37Z,-43.5,0.0,170.27,0.0,5.0,0.0,ML,,,,2.2,0.3,4
2675325,2006-12-29T00:18:03Z,-37.84,0.0,176.78,0.0,5.0,0.0,ML,,,,2.5,0.2,3
2675329,2006-12-29T00:34:43Z,-46.15,0.0,167.54,0.0,12.0,0.0,ML,,,,2.5,0.2,6
2675332,2006-12-29T00:41:10Z,-37.57,0.0,178.43,0.0,42.0,1.0,ML,,,,2.6,0.2,4
2675343,2006-12-29T01:19:41Z,-39.22,0.0,175.44,0.0,8.0,1.0,ML,,,,2.3,0.2,15
2675355,2006-12-29T01:55:01Z,-41.6,0.0,173.54,0.0,51.0,3.0,ML,,,,2.2,0.3,4
2675357,2006-12-29T02:01:22Z,-40.08,0.0,174.94,0.0,46.0,4.0,ML,,,,2.7,0.1,7
2918517,2006-12-29T02:29:01Z,-40.4,0.0,174.6,0.0,53.0,3.0,ML,,,,2.1,0.1,2
2675368,2006-12-29T02:29:09Z,-44.01,0.0,169.52,0.0,61.0,3.0,ML,,,,2.8,0.2,5
2675371,2006-12-29T02:39:08Z,-41.72,0.0,172.22,0.0,99.0,2.0,ML,,,,2.5,0.3,2
2675381,2006-12-29T03:09:19Z,-37.12,0.0,177.42,0.0,141.0,3.0,ML,,,,3.4,0.1,5
2675388,2006-12-29T03:29:20Z,-39.49,0.0,175.31,0.0,103.0,2.0,ML,,,,2.6,0.2,3
2675401,2006-12-29T04:13:10Z,-40.39,0.0,173.88,0.0,98.0,3.0,ML,,,,2.9,0.1,7
2675413,2006-12-29T04:49:14Z,-43.33,0.0,172.02,0.0,33.0,0.0,ML,,,,2.3,0.0,4
2918525,2006-12-29T04:49:46Z,-38.8,0.0,175.82,0.0,156.0,3.0,ML,,,,3.1,0.3,4
2675418,2006-12-29T05:02:25Z,-40.07,0.0,174.87,0.0,37.0,3.0,ML,,,,2.2,0.2,3
2675429,2006-12-29T05:32:48Z,-41.75,0.0,174.48,0.0,29.0,2.0,ML,,,,2.3,0.2,10
2675463,2006-12-29T07:08:46Z,-41.62,0.0,173.65,0.0,34.0,7.0,ML,,,,2.4,nan,1
2675477,2006-12-29T07:47:38Z,-45.08,0.0,168.75,0.0,5.0,0.0,ML,,,,2.5,0.2,10
2675480,2006-12-29T07:58:12Z,-41.1,0.0,174.14,0.0,47.0,2.0,ML,,,,2.6,0.1,7
2675500,2006-12-29T08:52:25Z,-44.02,0.0,168.83,0.0,9.0,2.0,ML,,,,2.5,0.2,9
2675527,2006-12-29T10:35:40Z,-40.03,0.0,176.44,0.0,25.0,2.0,ML,,,,3.4,0.2,28
2675536,2006-12-29T11:06:41Z,-40.57,0.1,173.11,0.1,226.0,5.0,ML,,,,2.1,nan,1
2675544,2006-12-29T11:33:06Z,-40.71,0.0,175.23,0.0,26.0,2.0,ML,,,,2.3,0.2,6
2675559,2006-12-29T12:25:26Z,-37.13,0.0,177.07,0.1,193.0,3.0,ML,,,,3.1,0.4,5
2675565,2006-12-29T12:45:51Z,-38.97,0.0,178.13,0.0,40.0,5.0,ML,,,,3.0,0.2,7
2918831,2006-12-29T12:46:42Z,-40.87,0.0,175.77,0.0,27.0,1.0,ML,,,,2.3,0.3,4
2675575,2006-12-29T13:18:52Z,-39.2,0.0,175.35,0.0,5.0,0.0,ML,,,,1.3,0.2,4
2675578,2006-12-29T13:28:20Z,-39.17,0.0,177.85,0.0,23.0,1.0,ML,,,,1.7,0.3,2
2675580,2006-12-29T13:34:08Z,-43.07,0.0,171.46,0.0,5.0,0.0,ML,,,,3.2,0.2,8
2675581,2006-12-29T13:41:17Z,-44.89,0.0,167.46,0.1,5.0,0.0,ML,,,,2.0,0.1,4
2675588,2006-12-29T14:01:18Z,-37.61,0.0,179.45,0.0,33.0,0.0,ML,,,,3.3,0.3,9
2675601,2006-12-29T14:45:19Z,-41.7,0.0,172.27,0.0,5.0,0.0,ML,,,,2.2,0.3,3
2675605,2006-12-29T15:01:07Z,-39.84,0.0,176.79,0.0,55.0,3.0,ML,,,,2.7,0.2,5
2675606,2006-12-29T15:05:02Z,-44.24,0.0,168.48,0.0,5.0,0.0,ML,,,,2.0,0.3,5
2675607,2006-12-29T15:11:40Z,-38.71,0.0,177.94,0.0,41.0,3.0,ML,,,,2.5,0.1,4
2675618,2006-12-29T15:52:51Z,-45.18,0.0,167.01,0.0,12.0,0.0,ML,,,,2.6,0.3,6
2675624,2006-12-29T16:10:21Z,-41.12,0.0,173.28,0.0,103.0,2.0,ML,,,,3.2,0.2,8
2675632,2006-12-29T16:33:30Z,-47.34,0.0,165.9,0.1,5.0,0.0,ML,,,,2.8,nan,1
2675635,2006-12-29T16:43:46Z,-39.8,0.0,176.54,0.0,49.0,4.0,ML,,,,2.8,0.2,7
2675649,2006-12-29T17:31:22Z,-37.83,0.0,176.8,0.0,5.0,0.0,ML,,,,2.3,0.1,3
2675661,2006-12-29T18:16:05Z,-45.12,0.0,167.38,0.0,124.0,2.0,ML,,,,3.1,0.1,6
2675670,2006-12-29T18:17:44Z,-37.85,0.0,176.77,0.0,10.0,2.0,ML,,,,2.3,0.1,3
2675706,2006-12-29T20:53:19Z,-41.68,0.0,174.26,0.0,10.0,2.0,ML,,,,2.3,0.1,5
2675710,2006-12-29T21:13:30Z,-45.72,0.0,167.08,0.0,12.0,0.0,ML,,,,3.6,0.2,10
2675715,2006-12-29T21:30:55Z,-45.74,0.0,167.14,0.0,5.0,0.0,ML,,,,2.2,0.2,3
2675717,2006-12-29T21:36:46Z,-40.29,0.0,176.11,0.0,26.0,2.0,ML,,,,2.3,0.1,8
2675725,2006-12-29T21:58:26Z,-38.9,0.0,177.56,0.0,56.0,1.0,ML,,,,2.4,0.1,3
2675758,2006-12-29T23:51:02Z,-45.74,0.0,167.13,0.0,5.0,0.0,ML,,,,2.3,0.1,3
2675759,2006-12-29T23:55:18Z,-38.42,0.0,178.68,0.0,5.0,0.0,ML,,,,2.7,0.3,3
2675770,2006-12-30T00:25:59Z,-44.17,0.0,169.75,0.0,12.0,0.0,ML,,,,2.7,0.3,10
2675777,2006-12-30T00:51:45Z,-46.19,0.0,167.75,0.0,24.0,4.0,ML,,,,2.5,0.4,2
2675779,2006-12-30T01:01:14Z,-38.5,0.1,177.76,0.0,44.0,4.0,ML,,,,2.3,0.1,3
2675798,2006-12-30T01:51:26Z,-37.79,0.1,176.34,0.1,162.0,6.0,ML,,,,3.2,0.2,5
2675829,2006-12-30T03:34:37Z,-39.1,0.0,177.8,0.0,24.0,1.0,ML,,,,2.4,0.2,4
2675830,2006-12-30T03:35:48Z,-37.28,0.0,178.73,0.1,12.0,0.0,ML,,,,3.2,0.2,4
2675870,2006-12-30T05:47:22Z,-45.16,0.0,167.32,0.0,117.0,2.0,ML,,,,2.7,0.1,6
2675876,2006-12-30T06:08:42Z,-40.51,0.0,174.52,0.0,65.0,3.0,ML,,,,2.5,0.1,5
2675912,2006-12-30T08:07:29Z,-37.37,0.0,177.62,0.0,117.0,2.0,ML,,,,3.2,0.2,7
2918995,2006-12-30T09:17:58Z,-39.17,0.0,175.63,0.0,1.0,0.0,ML,,,,1.2,0.1,1
2675935,2006-12-30T09:18:24Z,-38.44,0.0,179.41,0.1,12.0,0.0,ML,,,,3.4,0.3,6
2675939,2006-12-30T09:27:52Z,-36.02,0.1,179.75,0.1,33.0,0.0,ML,,,,3.7,0.2,6
2675954,2006-12-30T10:20:15Z,-36.77,0.1,179.65,0.1,33.0,0.0,ML,,,,3.5,0.2,7
2675957,2006-12-30T10:24:27Z,-36.99,0.1,179.47,0.2,33.0,0.0,ML,,,,2.8,0.1,4
2675960,2006-12-30T10:37:22Z,-47.54,0.1,165.63,0.1,33.0,0.0,ML,,,,3.2,0.1,2
2675975,2006-12-30T11:37:12Z,-41.56,0.0,172.09,0.0,5.0,0.0,ML,,,,2.5,0.2,6
2675979,2006-12-30T11:45:17Z,-39.4,0.0,177.08,0.0,41.0,2.0,ML,,,,3.5,0.2,16
2675980,2006-12-30T11:51:00Z,-45.74,0.0,167.13,0.0,5.0,0.0,ML,,,,2.0,0.1,3
2675988,2006-12-30T12:22:45Z,-41.43,0.0,172.27,0.0,5.0,0.0,ML,,,,1.7,0.2,3
2676009,2006-12-30T13:26:16Z,-38.49,0.0,176.87,0.0,53.0,2.0,ML,,,,1.7,0.1,3
2676011,2006-12-30T13:29:41Z,-40.93,0.0,174.26,0.0,46.0,1.0,ML,,,,2.6,0.1,8
2676015,2006-12-30T13:40:15Z,-38.53,0.0,178.22,0.0,28.0,3.0,ML,,,,2.9,0.2,5
2676027,2006-12-30T14:12:52Z,-44.56,0.0,167.7,0.0,5.0,0.0,ML,,,,2.1,0.3,6
2920416,2006-12-30T14:15:07Z,-39.79,0.0,176.68,0.0,46.0,5.0,ML,,,,1.6,0.0,3
2676041,2006-12-30T14:59:41Z,-39.52,0.0,175.66,0.0,18.0,1.0,ML,,,,1.9,0.1,8
2676043,2006-12-30T15:05:39Z,-39.14,0.0,173.87,0.0,12.0,0.0,ML,,,,1.6,0.2,2
2676044,2006-12-30T15:08:13Z,-39.36,0.1,177.03,0.0,33.0,0.0,ML,,,,2.3,0.5,2
2676049,2006-12-30T15:26:54Z,-45.48,0.0,167.1,0.0,43.0,2.0,ML,,,,2.5,0.1,9
2676050,2006-12-30T15:34:20Z,-38.13,0.0,177.97,0.0,45.0,2.0,ML,,,,2.5,0.2,4
2676061,2006-12-30T16:19:21Z,-39.35,0.0,175.46,0.0,87.0,1.0,ML,,,,2.9,0.2,7
2676068,2006-12-30T16:31:11Z,-40.64,0.0,174.91,0.0,15.0,4.0,ML,,,,2.1,0.2,10
2676069,2006-12-30T16:39:43Z,-45.13,0.0,167.04,0.1,12.0,0.0,ML,,,,2.2,0.2,5
2676072,2006-12-30T16:49:50Z,-37.89,0.0,176.5,0.0,141.0,3.0,ML,,,,3.7,0.1,12
2676074,2006-12-30T16:59:11Z,-38.07,0.0,176.17,0.1,144.0,6.0,ML,,,,3.3,0.3,5
2676109,2006-12-30T19:05:34Z,-37.84,0.0,176.8,0.0,5.0,0.0,ML,,,,2.2,0.3,4
2676113,2006-12-30T19:16:41Z,-39.38,0.0,175.62,0.0,8.0,1.0,ML,,,,2.0,0.2,11
2676137,2006-12-30T20:27:09Z,-43.39,0.0,172.55,0.0,22.0,1.0,ML,,,,3.0,0.1,6
2676149,2006-12-30T21:00:50Z,-45.04,0.0,167.3,0.0,33.0,0.0,ML,,,,2.6,0.2,8
2676159,2006-12-30T21:34:37Z,-39.07,0.0,176.98,0.0,30.0,1.0,ML,,,,2.6,0.2,11
2676169,2006-12-30T22:09:11Z,-44.6,0.0,168.14,0.0,81.0,3.0,ML,,,,3.6,0.2,15
2676171,2006-12-30T22:15:11Z,-39.14,0.0,174.96,0.0,33.0,0.0,ML,,,,2.3,0.1,4
2676176,2006-12-30T22:33:10Z,-44.68,0.0,168.27,0.0,67.0,5.0,ML,,,,2.3,0.2,4
2676177,2006-12-30T22:42:59Z,-37.89,0.0,177.98,0.0,71.0,2.0,ML,,,,3.1,0.2,4
2676179,2006-12-30T22:51:18Z,-45.56,0.0,167.51,0.0,22.0,2.0,ML,,,,1.7,0.2,3
2676189,2006-12-30T23:28:06Z,-37.85,0.0,176.8,0.0,5.0,0.0,ML,,,,2.1,0.2,3
2676228,2006-12-31T01:22:50Z,-37.78,0.0,176.82,0.0,5.0,0.0,ML,,,,2.3,0.2,4
2676243,2006-12-31T02:13:02Z,-37.81,0.0,177.58,0.0,61.0,3.0,ML,,,,2.8,0.2,4
2676309,2006-12-31T02:13:11Z,-40.2,0.0,174.31,0.0,78.0,4.0,ML,,,,3.0,0.2,6
2676265,2006-12-31T03:22:21Z,-39.25,0.0,177.48,0.0,29.0,2.0,ML,,,,2.2,0.2,3
2676273,2006-12-31T03:42:49Z,-41.67,0.0,173.01,0.0,69.0,2.0,ML,,,,2.8,0.2,6
2676291,2006-12-31T04:35:42Z,-40.3,0.0,174.25,0.0,98.0,5.0,ML,,,,2.6,0.0,2
2918849,2006-12-31T05:01:59Z,-42.97,0.0,171.37,0.0,5.0,0.0,ML,,,,2.5,0.3,5
2676298,2006-12-31T05:02:14Z,-37.77,0.0,177.57,0.1,60.0,7.0,ML,,,,2.7,0.1,4
2676315,2006-12-31T06:00:39Z,-36.71,0.0,177.14,0.0,33.0,0.0,Mw,3.5,nan,0,4.1,0.2,8
2676318,2006-12-31T06:06:11Z,-36.71,0.0,176.94,0.1,5.0,0.0,ML,,,,3.2,0.2,4
2676320,2006-12-31T06:11:17Z,-40.61,0.0,174.03,0.0,73.0,2.0,ML,,,,2.7,0.3,8
2676327,2006-12-31T06:30:28Z,-38.83,0.0,175.87,0.0,10.0,1.0,ML,,,,1.5,0.1,4
2676363,2006-12-31T09:01:19Z,-41.72,0.0,174.27,0.0,5.0,0.0,ML,,,,1.9,0.2,8
2676375,2006-12-31T09:34:30Z,-37.93,0.0,176.58,0.0,152.0,2.0,ML,,,,3.5,0.2,15
2676376,2006-12-31T09:39:14Z,-42.27,0.0,174.5,0.0,33.0,0.0,ML,,,,2.5,0.2,11
2676380,2006-12-31T09:50:25Z,-40.3,0.0,176.4,0.0,41.0,3.0,ML,,,,2.8,0.2,4
2676387,2006-12-31T10:16:22Z,-35.59,0.1,178.9,0.1,212.0,15.0,ML,,,,3.6,0.2,9
2676389,2006-12-31T10:23:02Z,-39.14,0.0,176.03,0.0,76.0,2.0,ML,,,,2.8,0.2,7
2676390,2006-12-31T10:28:52Z,-39.54,0.0,175.67,0.0,15.0,2.0,ML,,,,1.9,0.2,5
2676404,2006-12-31T11:16:11Z,-40.28,0.0,176.78,0.0,50.0,3.0,ML,,,,1.9,0.2,4
2676421,2006-12-31T12:08:45Z,-38.97,0.0,175.83,0.0,7.0,1.0,ML,,,,2.0,0.2,5
2676423,2006-12-31T12:19:08Z,-38.98,0.0,175.84,0.0,9.0,1.0,ML,,,,1.9,0.2,6
2676431,2006-12-31T12:43:16Z,-38.98,0.0,175.81,0.0,7.0,2.0,ML,,,,1.4,0.1,4
2676449,2006-12-31T13:47:35Z,-43.45,0.0,172.34,0.0,12.0,0.0,ML,,,,1.8,0.1,3
2918925,2006-12-31T13:48:38Z,-40.1,0.0,175.13,0.0,29.0,1.0,ML,,,,2.4,0.1,5
2676453,2006-12-31T13:57:26Z,-37.39,0.1,176.68,0.2,296.0,8.0,ML,,,,3.2,0.3,6
2676457,2006-12-31T14:11:00Z,-39.31,0.0,177.62,0.1,25.0,3.0,ML,,,,1.9,0.2,2
2676489,2006-12-31T15:57:19Z,-38.97,0.0,175.83,0.0,7.0,1.0,ML,,,,2.0,0.2,7
2676503,2006-12-31T16:54:49Z,-40.06,0.0,174.93,0.0,43.0,5.0,ML,,,,2.5,0.2,9
2676540,2006-12-31T18:50:09Z,-37.84,0.0,176.81,0.0,5.0,0.0,ML,,,,2.2,0.3,2
2676547,2006-12-31T19:02:51Z,-39.97,0.0,174.43,0.0,108.0,3.0,ML,,,,2.7,0.2,9
2676558,2006-12-31T19:37:37Z,-45.14,0.0,167.37,0.0,85.0,2.0,ML,,,,2.1,0.1,4
2676559,2006-12-31T19:41:57Z,-45.82,0.0,167.21,0.0,5.0,0.0,ML,,,,2.3,0.2,6
2676566,2006-12-31T20:00:23Z,-41.42,0.0,172.86,0.0,88.0,3.0,ML,,,,2.2,0.5,3
2676577,2006-12-31T20:28:04Z,-39.9,0.0,174.85,0.0,75.0,3.0,ML,,,,2.4,0.2,6
2676578,2006-12-31T20:33:00Z,-40.58,0.0,175.88,0.0,33.0,0.0,ML,,,,2.4,0.2,5
2676579,2006-12-31T20:34:21Z,-38.29,0.0,176.54,0.0,12.0,0.0,ML,,,,2.6,0.4,5
2676588,2006-12-31T20:58:59Z,-41.65,0.0,172.6,0.0,86.0,3.0,ML,,,,1.7,nan,1
2918934,2006-12-31T20:59:30Z,-38.97,0.0,175.83,0.0,9.0,2.0,ML,,,,1.4,0.3,5
2676598,2006-12-31T21:34:29Z,-42.42,0.0,173.01,0.0,5.0,0.0,ML,,,,2.1,0.2,4
2676600,2006-12-31T21:44:25Z,-40.99,0.0,175.6,0.0,25.0,1.0,ML,,,,1.9,0.2,4
2676605,2006-12-31T21:59:25Z,-40.65,0.0,173.46,0.0,132.0,2.0,ML,,,,2.7,0.2,7
2676609,2006-12-31T22:19:07Z,-38.49,0.0,176.41,0.0,95.0,4.0,ML,,,,2.7,0.1,5
2676615,2006-12-31T22:41:30Z,-39.14,0.0,175.17,0.0,33.0,0.0,ML,,,,2.1,0.6,4
2676618,2006-12-31T22:53:46Z,-46.54,0.0,166.39,0.1,5.0,0.0,ML,,,,2.6,0.3,3
2676623,2006-12-31T23:08:42Z,-38.96,0.0,175.83,0.0,8.0,1.0,ML,,,,2.4,0.2,11
2676633,2006-12-31T23:35:15Z,-37.82,0.0,176.79,0.0,5.0,0.0,ML,,,,2.4,0.2,4
2676639,2006-12-31T23:52:41Z,-38.97,0.0,175.83,0.0,8.0,1.0,ML,,,,1.7,0.2,13
